#	Id	ClassId		CharaceterPresetId	Level		Exp	ScaleAbility	MaxHP	MaxMP			RestoreHP	RestoreMP	Attack	Defence	Strength	Dexterity	Constitution	Intelligence	CriticalPower	CriticalHitRate	LuckyValue	GuardianValue	GroundHarm	WaterHarm	FireHarm	WindHarm	Unground	Unwater	Unfire	Unwind	MaxRushCount	DeBufferDefenceRate	ReflectionAttackRate	AbsoluteDamage	AbsoluteDefence	AbsoluteDamageRate	AbsoluteDefenceRate					
# 參數列：角色基本數值					← 刪了會死人！平時編輯時可以隱藏此列 →						2	3	18	19	4	5	6	7	8	9	10	11	12	13	14	14	14	14	16	16	16	16										0.01	0.01	
# 參數列：角色素質比重				16	← 刪了會死人！平時編輯時可以隱藏此列 →						× 50	× 50	8	9	4	5	6	7	8	9	10	11	12	13	14	14	14	14	15	15	15	15												
# 參數列：角色元素屬性					← 刪了會死人！平時編輯時可以隱藏此列 →																				地	水	火	風	地	水	火	風												
#	編號	Class編號	使用角色	使用角色	等級	元素屬性	升至下一級所需經驗值	放大縮小	最大HP	最大MP	PC 總 HP 估算	PC 總 MP 估算	HP回復點數	MP回復點數	攻擊力	防禦力	力量	敏捷	體能	智慧	爆發力	爆擊率	幸運值	守護值	地屬性傷害	水屬性傷害	火屬性傷害	風屬性傷害	地屬性防護	水屬性防護	火屬性防護	風屬性防護	基本衝刺次數	DeBuffer抗性	攻擊反彈率	絕對傷害值	絕對防禦值	絕對傷害倍率	絕對防禦倍率	最大HP備分	最大MP備分	舊HP回復點數	舊MP回復點數	升級EXP備份 10/01/12
	1001	2100	1.林沖	1	1	風	69	1.0 	0	0	"1,000 "	900 	22 	18 	21	20	21	22	20	18	10	0	20	0	0 	0 	0 	13 	2 	2 	2 	8 	16 	0 	0 	0 	0 	100 	0 	250	238	0 	0 	60 
	1002	2100	1.林沖	1	2	風	193	1.0 	0	0	"1,100 "	"1,000 "	22 	18 	23	22	23	24	22	20	11	0	22	0	0 	0 	0 	15 	2	2	2	9	16	0	0	0	0	100	0	275	261	0 	0 	207 
	1003	2100	1.林沖	1	3	風	471	1.0 	0	0	"1,200 "	"1,100 "	22 	18 	25	24	25	26	24	22	11	0	24	0	0 	0 	0 	16 	2	2	2	10	16	0	0	0	0	100	0	300	285	0 	0 	613 
	1004	2100	1.林沖	1	4	風	950	1.0 	0	0	"1,300 "	"1,150 "	22 	18 	27	26	27	29	26	23	12	0	26	0	0 	0 	0 	17 	3	3	3	10	16	0	0	0	0	100	0	325	309	0 	0 	1384 
	1005	2100	1.林沖	1	5	風	1616	1.0 	0	0	"1,400 "	"1,250 "	22 	18 	29	28	29	31	28	25	12	0	28	0	0 	0 	0 	18 	3	3	3	11	16	0	0	0	0	100	0	350	333	0 	0 	2651 
	1006	2100	1.林沖	1	6	風	2571	1.0 	0	0	"1,500 "	"1,350 "	22 	18 	31	30	31	33	30	27	13	0	30	0	0 	0 	0 	19 	3	3	3	12	16	0	0	0	0	100	0	375	356	0 	0 	4343 
	1007	2100	1.林沖	1	7	風	3934	1.0 	0	0	"1,600 "	"1,450 "	22 	18 	33	32	33	35	32	29	13	0	32	0	0 	0 	0 	20 	3	3	3	13	16	0	0	0	0	100	0	400	380	0 	0 	6789 
	1008	2100	1.林沖	1	8	風	5800	1.0 	0	0	"1,700 "	"1,550 "	22 	18 	35	34	35	37	34	31	14	0	34	0	0 	0 	0 	22 	3	3	3	14	16	0	0	0	0	100	0	425	404	0 	0 	9700 
	1009	2100	1.林沖	1	9	風	8297	1.0 	0	0	"1,800 "	"1,600 "	22 	18 	37	36	37	40	36	32	14	0	36	0	0 	0 	0 	23 	4	4	4	14	16	0	0	0	0	100	0	450	428	0 	0 	12697 
	1010	2100	1.林沖	1	10	風	16929	1.0 	0	0	"1,900 "	"1,700 "	22 	18 	40	38	40	42	38	34	15	0	38	0	0 	0 	0 	24 	4	4	4	15	16	0	0	0	0	100	0	475	451	0 	0 	23023 
	1011	2100	1.林沖	1	11	風	21979	1.0 	0	0	"2,000 "	"1,800 "	22 	18 	42	40	42	44	40	36	15	0	40	0	0 	0 	0 	25 	4	4	4	16	16	0	0	0	0	100	0	500	475	0 	0 	26633 
	1012	2100	1.林沖	1	12	風	28114	1.0 	0	0	"2,100 "	"1,900 "	22 	18 	44	42	44	46	42	38	16	0	42	0	0 	0 	0 	27 	4	4	4	17	16	0	0	0	0	100	0	525	499	0 	0 	30457 
	1013	2100	1.林沖	1	13	風	35970	1.0 	0	0	"2,200 "	"2,000 "	22 	18 	46	44	46	48	44	40	16	0	44	0	0 	0 	0 	28 	4	4	4	18	16	0	0	0	0	100	0	550	523	0 	0 	34980 
	1014	2100	1.林沖	1	14	風	45880	1.0 	0	0	"2,300 "	"2,050 "	22 	18 	48	46	48	51	46	41	17	0	46	0	0 	0 	0 	29 	5	5	5	18	16	0	0	0	0	100	0	575	546	0 	0 	39590 
	1015	2100	1.林沖	1	15	風	68486	1.0 	0	0	"2,400 "	"2,150 "	22 	18 	50	48	50	53	48	43	17	0	48	0	0 	0 	0 	31 	5	5	5	19	16	0	0	0	0	100	0	600	570	0 	0 	62171 
	1016	2100	1.林沖	1	16	風	85560	1.0 	0	0	"2,500 "	"2,250 "	22 	18 	52	50	52	55	50	45	18	0	50	0	0 	0 	0 	32 	5	5	5	20	16	0	0	0	0	100	0	625	594	0 	0 	81309 
	1017	2100	1.林沖	1	17	風	112797	1.0 	0	0	"2,600 "	"2,350 "	22 	18 	54	52	54	57	52	47	18	0	52	0	0 	0 	0 	33 	5	5	5	21	16	0	0	0	0	100	0	650	618	0 	0 	106983 
	1018	2100	1.林沖	1	18	風	147456	1.0 	0	0	"2,700 "	"2,450 "	22 	18 	56	54	56	59	54	49	19	0	54	0	0 	0 	0 	35 	5	5	5	22	16	0	0	0	0	100	0	675	641	0 	0 	139861 
	1019	2100	1.林沖	1	19	風	193489	1.0 	0	0	"2,800 "	"2,500 "	22 	18 	58	56	58	62	56	50	19	0	56	0	0 	0 	0 	36 	6	6	6	22	16	0	0	0	0	100	0	700	665	0 	0 	182471 
	1020	2100	1.林沖	1	20	風	277496	1.0 	0	0	"2,900 "	"2,600 "	22 	18 	60	58	60	64	58	52	20	0	58	0	0 	0 	0 	37 	6	6	6	23	16	0	0	0	0	100	0	725	689	0 	0 	260306 
	1021	2100	1.林沖	1	21	風	326480	1.0 	0	0	"3,000 "	"2,700 "	22 	18 	62	60	62	66	60	54	20	0	60	0	0 	0 	0 	38 	6	6	6	24	16	0	0	0	0	100	0	750	713	0 	0 	336160 
	1022	2100	1.林沖	1	22	風	382436	1.0 	0	0	"3,100 "	"2,800 "	22 	18 	64	62	64	68	62	56	21	0	62	0	0 	0 	0 	40 	6	6	6	25	16	0	0	0	0	100	0	775	736	0 	0 	432483 
	1023	2100	1.林沖	1	23	風	460560	1.0 	0	0	"3,200 "	"2,900 "	22 	18 	67	64	67	70	64	58	21	0	64	0	0 	0 	0 	41 	6	6	6	26	16	0	0	0	0	100	0	800	760	0 	0 	555500 
	1024	2100	1.林沖	1	24	風	550800	1.0 	0	0	"3,300 "	"2,950 "	22 	18 	69	66	69	73	66	59	22	0	66	0	0 	0 	0 	44 	7	7	7	26	16	0	0	0	0	100	0	825	784	0 	0 	712800 
	1025	2100	1.林沖	1	25	風	693754	1.0 	0	0	"3,400 "	"3,050 "	22 	18 	71	68	71	75	68	61	22	0	68	0	0 	0 	0 	45 	7	7	7	27	16	0	0	0	0	100	0	850	808	0 	0 	970766 
	1026	2100	1.林沖	1	26	風	813393	1.0 	0	0	"3,500 "	"3,150 "	22 	18 	73	70	73	77	70	63	23	0	70	0	0 	0 	0 	45 	7	7	7	28	16	0	0	0	0	100	0	875	831	0 	0 	1236357 
	1027	2100	1.林沖	1	27	風	943920	1.0 	0	0	"3,600 "	"3,250 "	22 	18 	75	72	75	79	72	65	23	0	72	0	0 	0 	0 	48 	7	7	7	29	16	0	0	0	0	100	0	900	855	0 	0 	1573200 
	1028	2100	1.林沖	1	28	風	1084380	1.0 	0	0	"3,700 "	"3,350 "	22 	18 	77	74	77	81	74	67	24	0	74	0	0 	0 	0 	49 	7	7	7	30	16	0	0	0	0	100	0	925	879	0 	0 	1999234 
	1029	2100	1.林沖	1	29	風	1236167	1.0 	0	0	"3,800 "	"3,400 "	22 	18 	79	76	79	84	76	68	24	0	76	0	0 	0 	0 	51 	8	8	8	30	16	0	0	0	0	100	0	950	903	0 	0 	2540409 
	1030	2100	1.林沖	1	30	風	1456193	1.0 	0	0	"3,900 "	"3,500 "	22 	18 	81	78	81	86	78	70	25	0	78	0	0 	0 	0 	52 	8	8	8	31	16	0	0	0	0	100	0	975	926	0 	0 	3139436 
	1031	2100	1.林沖	1	31	風	1703247	1.0 	0	0	"4,000 "	"3,600 "	22 	18 	83	80	83	88	80	72	25	0	80	0	0 	0 	0 	54 	8	8	8	32	16	0	0	0	0	100	0	1000	950	0 	0 	3705057 
	1032	2100	1.林沖	1	32	風	1921691	1.0 	0	0	"4,100 "	"3,700 "	22 	18 	85	82	85	90	82	74	26	0	82	0	0 	0 	0 	55 	8	8	8	33	16	0	0	0	0	100	0	1025	974	0 	0 	4363526 
	1033	2100	1.林沖	1	33	風	2173509	1.0 	0	0	"4,200 "	"3,800 "	22 	18 	87	84	87	92	84	76	26	0	84	0	0 	0 	0 	57 	8	8	8	34	16	0	0	0	0	100	0	1050	998	0 	0 	5138469 
	1034	2100	1.林沖	1	34	風	2444044	1.0 	0	0	"4,300 "	"3,850 "	22 	18 	89	86	89	95	86	77	27	0	86	0	0 	0 	0 	58 	9	9	9	34	16	0	0	0	0	100	0	1075	1021	0 	0 	6040191 
	1035	2100	1.林沖	1	35	風	2832621	1.0 	0	0	"4,400 "	"3,950 "	22 	18 	92	88	92	97	88	79	27	0	88	0	0 	0 	0 	60 	9	9	9	35	16	0	0	0	0	100	0	1100	1045	0 	0 	7338550 
	1036	2100	1.林沖	1	36	風	3162043	1.0 	0	0	"4,500 "	"4,050 "	22 	18 	94	90	94	99	90	81	28	0	90	0	0 	0 	0 	62 	9	9	9	36	16	0	0	0	0	100	0	1125	1069	0 	0 	8443957 
	1037	2100	1.林沖	1	37	風	3515066	1.0 	0	0	"4,600 "	"4,150 "	22 	18 	96	92	96	101	92	83	28	0	92	0	0 	0 	0 	63 	9	9	9	37	16	0	0	0	0	100	0	1150	1093	0 	0 	9715354 
	1038	2100	1.林沖	1	38	風	3900977	1.0 	0	0	"4,700 "	"4,250 "	22 	18 	98	94	98	103	94	85	29	0	94	0	0 	0 	0 	65 	9	9	9	38	16	0	0	0	0	100	0	1175	1116	0 	0 	10659737 
	1039	2100	1.林沖	1	39	風	4319166	1.0 	0	0	"4,800 "	"4,300 "	22 	18 	100	96	100	106	96	86	29	0	96	0	0 	0 	0 	67 	10	10	10	38	16	0	0	0	0	100	0	1200	1140	0 	0 	11687154 
	1040	2100	1.林沖	1	40	風	4897131	1.0 	0	0	"4,900 "	"4,400 "	22 	18 	102	98	102	108	98	88	30	0	98	0	0 	0 	0 	69 	10	10	10	39	16	0	0	0	0	100	0	1225	1164	0 	0 	12526469 
	1041	2100	1.林沖	1	41	風	5386529	1.0 	0	0	"5,000 "	"4,500 "	22 	18 	104	100	104	110	100	90	30	0	100	0	0 	0 	0 	71 	10	10	10	40	16	0	0	0	0	100	0	1250	1188	0 	0 	13057886 
	1042	2100	1.林沖	1	42	風	5913069	1.0 	0	0	"5,100 "	"4,600 "	22 	18 	106	102	106	112	102	92	31	0	102	0	0 	0 	0 	72 	10	10	10	41	16	0	0	0	0	100	0	1275	1211	0 	0 	13611984 
	1043	2100	1.林沖	1	43	風	6469814	1.0 	0	0	"5,200 "	"4,700 "	22 	18 	108	104	108	114	104	94	31	0	104	0	0 	0 	0 	74 	10	10	10	42	16	0	0	0	0	100	0	1300	1235	0 	0 	14170264 
	1044	2100	1.林沖	1	44	風	7074107	1.0 	0	0	"5,300 "	"4,750 "	22 	18 	110	106	110	117	106	95	32	0	106	0	0 	0 	0 	76 	11	11	11	42	16	0	0	0	0	100	0	1325	1259	0 	0 	14741964 
	1045	2100	1.林沖	1	45	風	7890730	1.0 	0	0	"5,400 "	"4,850 "	22 	18 	112	108	112	119	108	97	32	0	108	0	0 	0 	0 	78 	11	11	11	43	16	0	0	0	0	100	0	1350	1283	0 	0 	15666214 
	1046	2100	1.林沖	1	46	風	8584671	1.0 	0	0	"5,500 "	"4,950 "	22 	18 	114	110	114	121	110	99	33	0	110	0	0 	0 	0 	80 	11	11	11	44	16	0	0	0	0	100	0	1375	1306	0 	0 	16265300 
	1047	2100	1.林沖	1	47	風	9329280	1.0 	0	0	"5,600 "	"5,050 "	22 	18 	116	112	116	123	112	101	33	0	112	0	0 	0 	0 	82 	11	11	11	45	16	0	0	0	0	100	0	1400	1330	0 	0 	16884137 
	1048	2100	1.林沖	1	48	風	10116000	1.0 	0	0	"5,700 "	"5,150 "	22 	18 	119	114	119	125	114	103	34	0	114	0	0 	0 	0 	83 	11	11	11	46	16	0	0	0	0	100	0	1425	1354	0 	0 	17514329 
	1049	2100	1.林沖	1	49	風	10949519	1.0 	0	0	"5,800 "	"5,200 "	22 	18 	121	116	121	128	116	104	34	0	116	0	0 	0 	0 	85 	12	12	12	46	16	0	0	0	0	100	0	1450	1378	0 	0 	18160481 
	1050	2100	1.林沖	1	50	風	12057240	1.0 	0	0	"5,900 "	"5,300 "	22 	18 	123	118	123	130	118	106	35	0	118	0	0 	0 	0 	88 	12	12	12	47	16	0	0	0	0	100	0	1475	1401	0 	0 	19714091 
	1051	2100	1.林沖	1	51	風	13009300	1.0 	0	0	"6,000 "	"5,400 "	22 	18 	125	120	125	132	120	108	35	0	120	0	0 	0 	0 	90 	12	12	12	48	16	0	0	0	0	100	0	1500	1425	0 	0 	21000727 
	1052	2100	1.林沖	1	52	風	14014971	1.0 	0	0	"6,100 "	"5,500 "	22 	18 	127	122	127	134	122	110	36	0	122	0	0 	0 	0 	92 	12	12	12	49	16	0	0	0	0	100	0	1525	1449	0 	0 	22360229 
	1053	2100	1.林沖	1	53	風	15085891	1.0 	0	0	"6,200 "	"5,600 "	22 	18 	129	124	129	136	124	112	36	0	124	0	0 	0 	0 	94 	12	12	12	50	16	0	0	0	0	100	0	1550	1473	0 	0 	23795621 
	1054	2100	1.林沖	1	54	風	16205000	1.0 	0	0	"6,300 "	"5,650 "	22 	18 	131	126	131	139	126	113	37	0	126	0	0 	0 	0 	96 	13	13	13	50	16	0	0	0	0	100	0	1575	1496	0 	0 	25315000 
	1055	2100	1.林沖	1	55	風	17648320	1.0 	0	0	"6,400 "	"5,750 "	22 	18 	133	128	133	141	128	115	37	0	128	0	0 	0 	0 	98 	13	13	13	51	16	0	0	0	0	100	0	1600	1520	0 	0 	27321360 
	1056	2100	1.林沖	1	56	風	18903783	1.0 	0	0	"6,500 "	"5,850 "	22 	18 	135	130	135	143	130	117	38	0	130	0	0 	0 	0 	100 	13	13	13	52	16	0	0	0	0	100	0	1625	1544	0 	0 	29034091 
	1057	2100	1.林沖	1	57	風	20212753	1.0 	0	0	"6,600 "	"5,950 "	22 	18 	137	132	137	145	132	119	38	0	132	0	0 	0 	0 	102 	13	13	13	53	16	0	0	0	0	100	0	1650	1568	0 	0 	30829046 
	1058	2100	1.林沖	1	58	風	21598514	1.0 	0	0	"6,700 "	"6,050 "	22 	18 	139	134	139	147	134	121	39	0	134	0	0 	0 	0 	104 	13	13	13	54	16	0	0	0	0	100	0	1675	1591	0 	0 	32730940 
	1059	2100	1.林沖	1	59	風	23053189	1.0 	0	0	"6,800 "	"6,100 "	22 	18 	141	136	141	150	136	122	39	0	136	0	0 	0 	0 	106 	14	14	14	54	16	0	0	0	0	100	0	1700	1615	0 	0 	34727711 
	1060	2100	1.林沖	1	60	風	24919417	1.0 	0	0	"6,900 "	"6,200 "	22 	18 	144	138	144	152	138	124	40	0	138	0	0 	0 	0 	110 	14	14	14	55	16	0	0	0	0	100	0	1725	1639	0 	0 	36601166 
#	1061	2100	1.林沖	1	61	風	26554560	1.0 	0	0	"7,000 "	"6,300 "	22 	18 	146	140	146	154	140	126	40	0	140	0	0 	0 	0 	112 	14	14	14	56	16	0	0	0	0	100	0	1750	1663	0 	0 	38043109 
	1062	2100	1.林沖	1	62	風	28299291	1.0 	0	0	"7,100 "	"6,400 "	22 	18 	148	142	148	156	142	128	41	0	142	0	0 	0 	0 	114 	14	14	14	57	16	0	0	0	0	100	0	1775	1686	0 	0 	39530103 
	1063	2100	1.林沖	1	63	風	30138569	1.0 	0	0	"7,200 "	"6,500 "	22 	18 	150	144	150	158	144	130	41	0	144	0	0 	0 	0 	116 	14	14	14	58	16	0	0	0	0	100	0	1800	1710	0 	0 	41056489 
	1064	2100	1.林沖	1	64	風	32082851	1.0 	0	0	"7,300 "	"6,550 "	22 	18 	152	146	152	161	146	131	42	0	146	0	0 	0 	0 	118 	15	15	15	58	16	0	0	0	0	100	0	1825	1734	0 	0 	42629691 
	1065	2100	1.林沖	1	65	風	34527677	1.0 	0	0	"7,400 "	"6,650 "	22 	18 	154	148	154	163	148	133	42	0	148	0	0 	0 	0 	122 	15	15	15	59	16	0	0	0	0	100	0	1850	1758	0 	0 	44758100 
	1066	2100	1.林沖	1	66	風	36722880	1.0 	0	0	"7,500 "	"6,750 "	22 	18 	156	150	156	165	150	135	43	0	150	0	0 	0 	0 	124 	15	15	15	60	16	0	0	0	0	100	0	1875	1781	0 	0 	46434960 
	1067	2100	1.林沖	1	67	風	39029863	1.0 	0	0	"7,600 "	"6,850 "	22 	18 	158	152	158	167	152	137	43	0	152	0	0 	0 	0 	126 	15	15	15	61	16	0	0	0	0	100	0	1900	1805	0 	0 	48152743 
	1068	2100	1.林沖	1	68	風	41475343	1.0 	0	0	"7,700 "	"6,950 "	22 	18 	160	154	160	169	154	139	44	0	154	0	0 	0 	0 	128 	15	15	15	62	16	0	0	0	0	100	0	1925	1829	0 	0 	49930650 
	1069	2100	1.林沖	1	69	風	44065371	1.0 	0	0	"7,800 "	"7,000 "	22 	18 	162	156	162	172	156	140	44	0	156	0	0 	0 	0 	131 	16	16	16	62	16	0	0	0	0	100	0	1950	1853	0 	0 	51752863 
	1070	2100	1.林沖	1	70	風	9999999999	1.0 	0	0	"7,900 "	"7,100 "	22 	18 	164	158	164	174	158	142	45	0	158	0	0 	0 	0 	135 	16	16	16	63	16	0	0	0	0	100	0	1975	1876	0 	0 	9999999999 
	1071	2100	1.林沖	1	71	風	9999999999	1.0 	0	0	"8,000 "	"7,200 "	22 	18 	166	160	166	176	160	144	45	0	160	0	0 	0 	0 	137 	16	16	16	64	16	0	0	0	0	100	0	2000	1900	0 	0 	9999999999 
	1072	2100	1.林沖	1	72	風	9999999999	1.0 	0	0	"8,100 "	"7,300 "	22 	18 	168	162	168	178	162	146	46	0	162	0	0 	0 	0 	139 	16	16	16	65	16	0	0	0	0	100	0	2025	1924	0 	0 	9999999999 
	1073	2100	1.林沖	1	73	風	9999999999	1.0 	0	0	"8,200 "	"7,400 "	22 	18 	171	164	171	180	164	148	46	0	164	0	0 	0 	0 	142 	16	16	16	66	16	0	0	0	0	100	0	2050	1948	0 	0 	9999999999 
	1074	2100	1.林沖	1	74	風	9999999999	1.0 	0	0	"8,300 "	"7,450 "	22 	18 	173	166	173	183	166	149	47	0	166	0	0 	0 	0 	144 	17	17	17	66	16	0	0	0	0	100	0	2075	1971	0 	0 	9999999999 
	1075	2100	1.林沖	1	75	風	9999999999	1.0 	0	0	"8,400 "	"7,550 "	22 	18 	175	168	175	185	168	151	47	0	168	0	0 	0 	0 	148 	17	17	17	67	16	0	0	0	0	100	0	2100	1995	0 	0 	9999999999 
	1076	2100	1.林沖	1	76	風	9999999999	1.0 	0	0	"8,500 "	"7,650 "	22 	18 	177	170	177	187	170	153	48	0	170	0	0 	0 	0 	151 	17	17	17	68	16	0	0	0	0	100	0	2125	2019	0 	0 	9999999999 
	1077	2100	1.林沖	1	77	風	9999999999	1.0 	0	0	"8,600 "	"7,750 "	22 	18 	179	172	179	189	172	155	48	0	172	0	0 	0 	0 	153 	17	17	17	69	16	0	0	0	0	100	0	2150	2043	0 	0 	9999999999 
	1078	2100	1.林沖	1	78	風	9999999999	1.0 	0	0	"8,700 "	"7,850 "	22 	18 	181	174	181	191	174	157	49	0	174	0	0 	0 	0 	156 	17	17	17	70	16	0	0	0	0	100	0	2175	2066	0 	0 	9999999999 
	1079	2100	1.林沖	1	79	風	9999999999	1.0 	0	0	"8,800 "	"7,900 "	22 	18 	183	176	183	194	176	158	49	0	176	0	0 	0 	0 	158 	18	18	18	70	16	0	0	0	0	100	0	2200	2090	0 	0 	9999999999 
	1080	2100	1.林沖	1	80	風	9999999999	1.0 	0	0	"8,900 "	"8,000 "	22 	18 	185	178	185	196	178	160	50	0	178	0	0 	0 	0 	163 	18	18	18	71	16	0	0	0	0	100	0	2225	2114	0 	0 	9999999999 
	1081	2100	1.林沖	1	81	風	9999999999	1.0 	0	0	"9,000 "	"8,100 "	22 	18 	187	180	187	198	180	162	50	0	180	0	0 	0 	0 	166 	18	18	18	72	16	0	0	0	0	100	0	2250	2138	0 	0 	9999999999 
	1082	2100	1.林沖	1	82	風	9999999999	1.0 	0	0	"9,100 "	"8,200 "	22 	18 	189	182	189	200	182	164	51	0	182	0	0 	0 	0 	168 	18	18	18	73	16	0	0	0	0	100	0	2275	2161	0 	0 	9999999999 
	1083	2100	1.林沖	1	83	風	9999999999	1.0 	0	0	"9,200 "	"8,300 "	22 	18 	191	184	191	202	184	166	51	0	184	0	0 	0 	0 	171 	18	18	18	74	16	0	0	0	0	100	0	2300	2185	0 	0 	9999999999 
	1084	2100	1.林沖	1	84	風	9999999999	1.0 	0	0	"9,300 "	"8,350 "	22 	18 	193	186	193	205	186	167	52	0	186	0	0 	0 	0 	174 	19	19	19	74	16	0	0	0	0	100	0	2325	2209	0 	0 	9999999999 
	1085	2100	1.林沖	1	85	風	9999999999	1.0 	0	0	"9,400 "	"8,450 "	22 	18 	196	188	196	207	188	169	52	0	188	0	0 	0 	0 	179 	19	19	19	75	16	0	0	0	0	100	0	2350	2233	0 	0 	9999999999 
	1086	2100	1.林沖	1	86	風	9999999999	1.0 	0	0	"9,500 "	"8,550 "	22 	18 	198	190	198	209	190	171	53	0	190	0	0 	0 	0 	182 	19	19	19	76	16	0	0	0	0	100	0	2375	2256	0 	0 	9999999999 
	1087	2100	1.林沖	1	87	風	9999999999	1.0 	0	0	"9,600 "	"8,650 "	22 	18 	200	192	200	211	192	173	53	0	192	0	0 	0 	0 	185 	19	19	19	77	16	0	0	0	0	100	0	2400	2280	0 	0 	9999999999 
	1088	2100	1.林沖	1	88	風	9999999999	1.0 	0	0	"9,700 "	"8,750 "	22 	18 	202	194	202	213	194	175	54	0	194	0	0 	0 	0 	187 	19	19	19	78	16	0	0	0	0	100	0	2425	2304	0 	0 	9999999999 
	1089	2100	1.林沖	1	89	風	9999999999	1.0 	0	0	"9,800 "	"8,800 "	22 	18 	204	196	204	216	196	176	54	0	196	0	0 	0 	0 	190 	20	20	20	78	16	0	0	0	0	100	0	2450	2328	0 	0 	9999999999 
	1090	2100	1.林沖	1	90	風	9999999999	1.0 	0	0	"9,900 "	"8,900 "	22 	18 	206	198	206	218	198	178	55	0	198	0	0 	0 	0 	196 	20	20	20	79	16	0	0	0	0	100	0	2475	2351	0 	0 	9999999999 
	1091	2100	1.林沖	1	91	風	9999999999	1.0 	0	0	"10,000 "	"9,000 "	22 	18 	208	200	208	220	200	180	55	0	200	0	0 	0 	0 	199 	20	20	20	80	16	0	0	0	0	100	0	2500	2375	0 	0 	9999999999 
	1092	2100	1.林沖	1	92	風	9999999999	1.0 	0	0	"10,100 "	"9,100 "	22 	18 	210	202	210	222	202	182	56	0	202	0	0 	0 	0 	202 	20	20	20	81	16	0	0	0	0	100	0	2525	2399	0 	0 	9999999999 
	1093	2100	1.林沖	1	93	風	9999999999	1.0 	0	0	"10,200 "	"9,200 "	22 	18 	212	204	212	224	204	184	56	0	204	0	0 	0 	0 	205 	20	20	20	82	16	0	0	0	0	100	0	2550	2423	0 	0 	9999999999 
	1094	2100	1.林沖	1	94	風	9999999999	1.0 	0	0	"10,300 "	"9,250 "	22 	18 	214	206	214	227	206	185	57	0	206	0	0 	0 	0 	208 	21	21	21	82	16	0	0	0	0	100	0	2575	2446	0 	0 	9999999999 
	1095	2100	1.林沖	1	95	風	9999999999	1.0 	0	0	"10,400 "	"9,350 "	22 	18 	216	208	216	229	208	187	57	0	208	0	0 	0 	0 	215 	21	21	21	83	16	0	0	0	0	100	0	2600	2470	0 	0 	9999999999 
	1096	2100	1.林沖	1	96	風	9999999999	1.0 	0	0	"10,500 "	"9,450 "	22 	18 	218	210	218	231	210	189	58	0	210	0	0 	0 	0 	218 	21	21	21	84	16	0	0	0	0	100	0	2625	2494	0 	0 	9999999999 
	1097	2100	1.林沖	1	97	風	9999999999	1.0 	0	0	"10,600 "	"9,550 "	22 	18 	220	212	220	233	212	191	58	0	212	0	0 	0 	0 	221 	21	21	21	85	16	0	0	0	0	100	0	2650	2518	0 	0 	9999999999 
	1098	2100	1.林沖	1	98	風	9999999999	1.0 	0	0	"10,700 "	"9,650 "	22 	18 	223	214	223	235	214	193	59	0	214	0	0 	0 	0 	224 	21	21	21	86	16	0	0	0	0	100	0	2675	2541	0 	0 	9999999999 
	1099	2100	1.林沖	1	99	風	9999999999	1.0 	0	0	"10,800 "	"9,700 "	22 	18 	225	216	225	238	216	194	59	0	216	0	0 	0 	0 	227 	22	22	22	86	16	0	0	0	0	100	0	2700	2565	0 	0 	9999999999 
	2001	2100	2.雷橫	2	1	火	69	1.0 	0	0	"1,200 "	900 	19 	22 	21	21	21	19	24	18	10	0	20	0	0 	0 	13 	0 	2	2	8	2	16	0	0	0	0	100	0	275	238	0 	0 	60 
	2002	2100	2.雷橫	2	2	火	193	1.0 	0	0	"1,300 "	950 	19 	22 	23	23	23	21	26	19	11	0	22	0	0 	0 	14 	0 	2	2	8	2	16	0	0	0	0	100	0	303	261	0 	0 	207 
	2003	2100	2.雷橫	2	3	火	471	1.0 	0	0	"1,450 "	"1,050 "	19 	22 	25	25	25	23	29	21	11	0	24	0	0 	0 	15 	0 	2	2	9	2	16	0	0	0	0	100	0	330	285	0 	0 	613 
	2004	2100	2.雷橫	2	4	火	950	1.0 	0	0	"1,550 "	"1,150 "	19 	22 	28	27	28	25	31	23	12	0	26	0	0 	0 	17 	0 	3	3	10	3	16	0	0	0	0	100	0	358	309	0 	0 	1384 
	2005	2100	2.雷橫	2	5	火	1616	1.0 	0	0	"1,700 "	"1,250 "	19 	22 	30	29	30	27	34	25	12	0	28	0	0 	0 	18 	0 	3	3	11	3	16	0	0	0	0	100	0	385	333	0 	0 	2651 
	2006	2100	2.雷橫	2	6	火	2571	1.0 	0	0	"1,800 "	"1,300 "	19 	22 	32	31	32	29	36	26	13	0	30	0	0 	0 	19 	0 	3	3	12	3	16	0	0	0	0	100	0	413	356	0 	0 	4343 
	2007	2100	2.雷橫	2	7	火	3934	1.0 	0	0	"1,900 "	"1,400 "	19 	22 	34	33	34	30	38	28	13	0	32	0	0 	0 	20 	0 	3	3	12	3	16	0	0	0	0	100	0	440	380	0 	0 	6789 
	2008	2100	2.雷橫	2	8	火	5800	1.0 	0	0	"2,050 "	"1,500 "	19 	22 	36	35	36	32	41	30	14	0	34	0	0 	0 	21 	0 	3	3	13	3	16	0	0	0	0	100	0	468	404	0 	0 	9700 
	2009	2100	2.雷橫	2	9	火	8297	1.0 	0	0	"2,150 "	"1,600 "	19 	22 	38	37	38	34	43	32	14	0	36	0	0 	0 	22 	0 	3	3	14	3	16	0	0	0	0	100	0	495	428	0 	0 	12697 
	2010	2100	2.雷橫	2	10	火	16929	1.0 	0	0	"2,300 "	"1,650 "	19 	22 	40	40	40	36	46	33	15	0	38	0	0 	0 	24 	0 	4	4	15	4	16	0	0	0	0	100	0	523	451	0 	0 	23023 
	2011	2100	2.雷橫	2	11	火	21979	1.0 	0	0	"2,400 "	"1,750 "	19 	22 	42	42	42	38	48	35	15	0	40	0	0 	0 	25 	0 	4	4	15	4	16	0	0	0	0	100	0	550	475	0 	0 	26633 
	2012	2100	2.雷橫	2	12	火	28114	1.0 	0	0	"2,500 "	"1,850 "	19 	22 	45	44	45	40	50	37	16	0	42	0	0 	0 	26 	0 	4	4	16	4	16	0	0	0	0	100	0	578	499	0 	0 	30457 
	2013	2100	2.雷橫	2	13	火	35970	1.0 	0	0	"2,650 "	"1,950 "	19 	22 	47	46	47	42	53	39	16	0	44	0	0 	0 	27 	0 	4	4	17	4	16	0	0	0	0	100	0	605	523	0 	0 	34980 
	2014	2100	2.雷橫	2	14	火	45880	1.0 	0	0	"2,750 "	"2,000 "	19 	22 	49	48	49	44	55	40	17	0	46	0	0 	0 	29 	0 	4	4	18	4	16	0	0	0	0	100	0	633	546	0 	0 	39590 
	2015	2100	2.雷橫	2	15	火	68486	1.0 	0	0	"2,900 "	"2,100 "	19 	22 	51	50	51	46	58	42	17	0	48	0	0 	0 	30 	0 	5	5	18	5	16	0	0	0	0	100	0	660	570	0 	0 	62171 
	2016	2100	2.雷橫	2	16	火	85560	1.0 	0	0	"3,000 "	"2,200 "	19 	22 	53	52	53	48	60	44	18	0	50	0	0 	0 	31 	0 	5	5	19	5	16	0	0	0	0	100	0	688	594	0 	0 	81309 
	2017	2100	2.雷橫	2	17	火	112797	1.0 	0	0	"3,100 "	"2,300 "	19 	22 	55	54	55	49	62	46	18	0	52	0	0 	0 	33 	0 	5	5	20	5	16	0	0	0	0	100	0	715	618	0 	0 	106983 
	2018	2100	2.雷橫	2	18	火	147456	1.0 	0	0	"3,250 "	"2,400 "	19 	22 	57	56	57	51	65	48	19	0	54	0	0 	0 	34 	0 	5	5	21	5	16	0	0	0	0	100	0	743	641	0 	0 	139861 
	2019	2100	2.雷橫	2	19	火	193489	1.0 	0	0	"3,350 "	"2,450 "	19 	22 	59	58	59	53	67	49	19	0	56	0	0 	0 	35 	0 	5	5	22	5	16	0	0	0	0	100	0	770	665	0 	0 	182471 
	2020	2100	2.雷橫	2	20	火	277496	1.0 	0	0	"3,500 "	"2,550 "	19 	22 	61	60	61	55	70	51	20	0	58	0	0 	0 	37 	0 	6	6	22	6	16	0	0	0	0	100	0	798	689	0 	0 	260306 
	2021	2100	2.雷橫	2	21	火	326480	1.0 	0	0	"3,600 "	"2,650 "	19 	22 	64	62	64	57	72	53	20	0	60	0	0 	0 	37 	0 	6	6	23	6	16	0	0	0	0	100	0	825	713	0 	0 	336160 
	2022	2100	2.雷橫	2	22	火	382436	1.0 	0	0	"3,700 "	"2,750 "	19 	22 	66	64	66	59	74	55	21	0	62	0	0 	0 	40 	0 	6	6	24	6	16	0	0	0	0	100	0	853	736	0 	0 	432483 
	2023	2100	2.雷橫	2	23	火	460560	1.0 	0	0	"3,850 "	"2,800 "	19 	22 	68	67	68	61	77	56	21	0	64	0	0 	0 	40 	0 	6	6	25	6	16	0	0	0	0	100	0	880	760	0 	0 	555500 
	2024	2100	2.雷橫	2	24	火	550800	1.0 	0	0	"3,950 "	"2,900 "	19 	22 	70	69	70	63	79	58	22	0	66	0	0 	0 	43 	0 	6	6	25	6	16	0	0	0	0	100	0	908	784	0 	0 	712800 
	2025	2100	2.雷橫	2	25	火	693754	1.0 	0	0	"4,100 "	"3,000 "	19 	22 	72	71	72	65	82	60	22	0	68	0	0 	0 	44 	0 	7	7	26	7	16	0	0	0	0	100	0	935	808	0 	0 	970766 
	2026	2100	2.雷橫	2	26	火	813393	1.0 	0	0	"4,200 "	"3,100 "	19 	22 	74	73	74	67	84	62	23	0	70	0	0 	0 	44 	0 	7	7	27	7	16	0	0	0	0	100	0	963	831	0 	0 	1236357 
	2027	2100	2.雷橫	2	27	火	943920	1.0 	0	0	"4,300 "	"3,150 "	19 	22 	76	75	76	68	86	63	23	0	72	0	0 	0 	47 	0 	7	7	28	7	16	0	0	0	0	100	0	990	855	0 	0 	1573200 
	2028	2100	2.雷橫	2	28	火	1084380	1.0 	0	0	"4,450 "	"3,250 "	19 	22 	78	77	78	70	89	65	24	0	74	0	0 	0 	48 	0 	7	7	28	7	16	0	0	0	0	100	0	1018	879	0 	0 	1999234 
	2029	2100	2.雷橫	2	29	火	1236167	1.0 	0	0	"4,550 "	"3,350 "	19 	22 	81	79	81	72	91	67	24	0	76	0	0 	0 	50 	0 	7	7	29	7	16	0	0	0	0	100	0	1045	903	0 	0 	2540409 
	2030	2100	2.雷橫	2	30	火	1456193	1.0 	0	0	"4,700 "	"3,450 "	19 	22 	83	81	83	74	94	69	25	0	78	0	0 	0 	51 	0 	8	8	30	8	16	0	0	0	0	100	0	1073	926	0 	0 	3139436 
	2031	2100	2.雷橫	2	31	火	1703247	1.0 	0	0	"4,800 "	"3,500 "	19 	22 	85	83	85	76	96	70	25	0	80	0	0 	0 	53 	0 	8	8	31	8	16	0	0	0	0	100	0	1100	950	0 	0 	3705057 
	2032	2100	2.雷橫	2	32	火	1921691	1.0 	0	0	"4,900 "	"3,600 "	19 	22 	87	85	87	78	98	72	26	0	82	0	0 	0 	54 	0 	8	8	32	8	16	0	0	0	0	100	0	1128	974	0 	0 	4363526 
	2033	2100	2.雷橫	2	33	火	2173509	1.0 	0	0	"5,050 "	"3,700 "	19 	22 	89	87	89	80	101	74	26	0	84	0	0 	0 	56 	0 	8	8	32	8	16	0	0	0	0	100	0	1155	998	0 	0 	5138469 
	2034	2100	2.雷橫	2	34	火	2444044	1.0 	0	0	"5,150 "	"3,800 "	19 	22 	91	89	91	82	103	76	27	0	86	0	0 	0 	57 	0 	8	8	33	8	16	0	0	0	0	100	0	1183	1021	0 	0 	6040191 
	2035	2100	2.雷橫	2	35	火	2832621	1.0 	0	0	"5,300 "	"3,850 "	19 	22 	93	92	93	84	106	77	27	0	88	0	0 	0 	59 	0 	8	8	34	8	16	0	0	0	0	100	0	1210	1045	0 	0 	7338550 
	2036	2100	2.雷橫	2	36	火	3162043	1.0 	0	0	"5,400 "	"3,950 "	19 	22 	95	94	95	86	108	79	28	0	90	0	0 	0 	61 	0 	9	9	35	9	16	0	0	0	0	100	0	1238	1069	0 	0 	8443957 
	2037	2100	2.雷橫	2	37	火	3515066	1.0 	0	0	"5,500 "	"4,050 "	19 	22 	98	96	98	87	110	81	28	0	92	0	0 	0 	62 	0 	9	9	35	9	16	0	0	0	0	100	0	1265	1093	0 	0 	9715354 
	2038	2100	2.雷橫	2	38	火	3900977	1.0 	0	0	"5,650 "	"4,150 "	19 	22 	100	98	100	89	113	83	29	0	94	0	0 	0 	64 	0 	9	9	36	9	16	0	0	0	0	100	0	1293	1116	0 	0 	10659737 
	2039	2100	2.雷橫	2	39	火	4319166	1.0 	0	0	"5,750 "	"4,200 "	19 	22 	102	100	102	91	115	84	29	0	96	0	0 	0 	65 	0 	9	9	37	9	16	0	0	0	0	100	0	1320	1140	0 	0 	11687154 
	2040	2100	2.雷橫	2	40	火	4897131	1.0 	0	0	"5,900 "	"4,300 "	19 	22 	104	102	104	93	118	86	30	0	98	0	0 	0 	68 	0 	9	9	38	9	16	0	0	0	0	100	0	1348	1164	0 	0 	12526469 
	2041	2100	2.雷橫	2	41	火	5386529	1.0 	0	0	"6,000 "	"4,400 "	19 	22 	106	104	106	95	120	88	30	0	100	0	0 	0 	69 	0 	10	10	38	10	16	0	0	0	0	100	0	1375	1188	0 	0 	13057886 
	2042	2100	2.雷橫	2	42	火	5913069	1.0 	0	0	"6,100 "	"4,500 "	19 	22 	108	106	108	97	122	90	31	0	102	0	0 	0 	71 	0 	10	10	39	10	16	0	0	0	0	100	0	1403	1211	0 	0 	13611984 
	2043	2100	2.雷橫	2	43	火	6469814	1.0 	0	0	"6,250 "	"4,600 "	19 	22 	110	108	110	99	125	92	31	0	104	0	0 	0 	73 	0 	10	10	40	10	16	0	0	0	0	100	0	1430	1235	0 	0 	14170264 
	2044	2100	2.雷橫	2	44	火	7074107	1.0 	0	0	"6,350 "	"4,650 "	19 	22 	112	110	112	101	127	93	32	0	106	0	0 	0 	74 	0 	10	10	41	10	16	0	0	0	0	100	0	1458	1259	0 	0 	14741964 
	2045	2100	2.雷橫	2	45	火	7890730	1.0 	0	0	"6,500 "	"4,750 "	19 	22 	114	112	114	103	130	95	32	0	108	0	0 	0 	77 	0 	10	10	42	10	16	0	0	0	0	100	0	1485	1283	0 	0 	15666214 
	2046	2100	2.雷橫	2	46	火	8584671	1.0 	0	0	"6,600 "	"4,850 "	19 	22 	117	114	117	105	132	97	33	0	110	0	0 	0 	78 	0 	11	11	42	11	16	0	0	0	0	100	0	1513	1306	0 	0 	16265300 
	2047	2100	2.雷橫	2	47	火	9329280	1.0 	0	0	"6,700 "	"4,950 "	19 	22 	119	116	119	106	134	99	33	0	112	0	0 	0 	80 	0 	11	11	43	11	16	0	0	0	0	100	0	1540	1330	0 	0 	16884137 
	2048	2100	2.雷橫	2	48	火	10116000	1.0 	0	0	"6,850 "	"5,000 "	19 	22 	121	119	121	108	137	100	34	0	114	0	0 	0 	82 	0 	11	11	44	11	16	0	0	0	0	100	0	1568	1354	0 	0 	17514329 
	2049	2100	2.雷橫	2	49	火	10949519	1.0 	0	0	"6,950 "	"5,100 "	19 	22 	123	121	123	110	139	102	34	0	116	0	0 	0 	84 	0 	11	11	45	11	16	0	0	0	0	100	0	1595	1378	0 	0 	18160481 
	2050	2100	2.雷橫	2	50	火	12057240	1.0 	0	0	"7,100 "	"5,200 "	19 	22 	125	123	125	112	142	104	35	0	118	0	0 	0 	86 	0 	11	11	45	11	16	0	0	0	0	100	0	1623	1401	0 	0 	19714091 
	2051	2100	2.雷橫	2	51	火	13009300	1.0 	0	0	"7,200 "	"5,300 "	19 	22 	127	125	127	114	144	106	35	0	120	0	0 	0 	88 	0 	12	12	46	12	16	0	0	0	0	100	0	1650	1425	0 	0 	21000727 
	2052	2100	2.雷橫	2	52	火	14014971	1.0 	0	0	"7,300 "	"5,350 "	19 	22 	129	127	129	116	146	107	36	0	122	0	0 	0 	90 	0 	12	12	47	12	16	0	0	0	0	100	0	1678	1449	0 	0 	22360229 
	2053	2100	2.雷橫	2	53	火	15085891	1.0 	0	0	"7,450 "	"5,450 "	19 	22 	131	129	131	118	149	109	36	0	124	0	0 	0 	92 	0 	12	12	48	12	16	0	0	0	0	100	0	1705	1473	0 	0 	23795621 
	2054	2100	2.雷橫	2	54	火	16205000	1.0 	0	0	"7,550 "	"5,550 "	19 	22 	134	131	134	120	151	111	37	0	126	0	0 	0 	94 	0 	12	12	48	12	16	0	0	0	0	100	0	1733	1496	0 	0 	25315000 
	2055	2100	2.雷橫	2	55	火	17648320	1.0 	0	0	"7,700 "	"5,650 "	19 	22 	136	133	136	122	154	113	37	0	128	0	0 	0 	97 	0 	12	12	49	12	16	0	0	0	0	100	0	1760	1520	0 	0 	27321360 
	2056	2100	2.雷橫	2	56	火	18903783	1.0 	0	0	"7,800 "	"5,700 "	19 	22 	138	135	138	124	156	114	38	0	130	0	0 	0 	99 	0 	13	13	50	13	16	0	0	0	0	100	0	1788	1544	0 	0 	29034091 
	2057	2100	2.雷橫	2	57	火	20212753	1.0 	0	0	"7,900 "	"5,800 "	19 	22 	140	137	140	125	158	116	38	0	132	0	0 	0 	100 	0 	13	13	51	13	16	0	0	0	0	100	0	1815	1568	0 	0 	30829046 
	2058	2100	2.雷橫	2	58	火	21598514	1.0 	0	0	"8,050 "	"5,900 "	19 	22 	142	139	142	127	161	118	39	0	134	0	0 	0 	102 	0 	13	13	52	13	16	0	0	0	0	100	0	1843	1591	0 	0 	32730940 
	2059	2100	2.雷橫	2	59	火	23053189	1.0 	0	0	"8,150 "	"6,000 "	19 	22 	144	141	144	129	163	120	39	0	136	0	0 	0 	104 	0 	13	13	52	13	16	0	0	0	0	100	0	1870	1615	0 	0 	34727711 
	2060	2100	2.雷橫	2	60	火	24919417	1.0 	0	0	"8,300 "	"6,050 "	19 	22 	146	144	146	131	166	121	40	0	138	0	0 	0 	108 	0 	13	13	53	13	16	0	0	0	0	100	0	1898	1639	0 	0 	36601166 
#	2061	2100	2.雷橫	2	61	火	26554560	1.0 	0	0	"8,400 "	"6,150 "	19 	22 	148	146	148	133	168	123	40	0	140	0	0 	0 	110 	0 	13	13	54	13	16	0	0	0	0	100	0	1925	1663	0 	0 	38043109 
	2062	2100	2.雷橫	2	62	火	28299291	1.0 	0	0	"8,500 "	"6,250 "	19 	22 	151	148	151	135	170	125	41	0	142	0	0 	0 	112 	0 	14	14	55	14	16	0	0	0	0	100	0	1953	1686	0 	0 	39530103 
	2063	2100	2.雷橫	2	63	火	30138569	1.0 	0	0	"8,650 "	"6,350 "	19 	22 	153	150	153	137	173	127	41	0	144	0	0 	0 	114 	0 	14	14	55	14	16	0	0	0	0	100	0	1980	1710	0 	0 	41056489 
	2064	2100	2.雷橫	2	64	火	32082851	1.0 	0	0	"8,750 "	"6,400 "	19 	22 	155	152	155	139	175	128	42	0	146	0	0 	0 	116 	0 	14	14	56	14	16	0	0	0	0	100	0	2008	1734	0 	0 	42629691 
	2065	2100	2.雷橫	2	65	火	34527677	1.0 	0	0	"8,900 "	"6,500 "	19 	22 	157	154	157	141	178	130	42	0	148	0	0 	0 	119 	0 	14	14	57	14	16	0	0	0	0	100	0	2035	1758	0 	0 	44758100 
	2066	2100	2.雷橫	2	66	火	36722880	1.0 	0	0	"9,000 "	"6,600 "	19 	22 	159	156	159	143	180	132	43	0	150	0	0 	0 	122 	0 	14	14	58	14	16	0	0	0	0	100	0	2063	1781	0 	0 	46434960 
	2067	2100	2.雷橫	2	67	火	39029863	1.0 	0	0	"9,100 "	"6,700 "	19 	22 	161	158	161	144	182	134	43	0	152	0	0 	0 	124 	0 	15	15	58	15	16	0	0	0	0	100	0	2090	1805	0 	0 	48152743 
	2068	2100	2.雷橫	2	68	火	41475343	1.0 	0	0	"9,250 "	"6,800 "	19 	22 	163	160	163	146	185	136	44	0	154	0	0 	0 	126 	0 	15	15	59	15	16	0	0	0	0	100	0	2118	1829	0 	0 	49930650 
	2069	2100	2.雷橫	2	69	火	44065371	1.0 	0	0	"9,350 "	"6,850 "	19 	22 	165	162	165	148	187	137	44	0	156	0	0 	0 	128 	0 	15	15	60	15	16	0	0	0	0	100	0	2145	1853	0 	0 	51752863 
	2070	2100	2.雷橫	2	70	火	9999999999	1.0 	0	0	"9,500 "	"6,950 "	19 	22 	167	164	167	150	190	139	45	0	158	0	0 	0 	132 	0 	15	15	61	15	16	0	0	0	0	100	0	2173	1876	0 	0 	9999999999 
	2071	2100	2.雷橫	2	71	火	9999999999	1.0 	0	0	"9,600 "	"7,050 "	19 	22 	170	166	170	152	192	141	45	0	160	0	0 	0 	134 	0 	15	15	62	15	16	0	0	0	0	100	0	2200	1900	0 	0 	9999999999 
	2072	2100	2.雷橫	2	72	火	9999999999	1.0 	0	0	"9,700 "	"7,150 "	19 	22 	172	168	172	154	194	143	46	0	162	0	0 	0 	137 	0 	16	16	62	16	16	0	0	0	0	100	0	2228	1924	0 	0 	9999999999 
	2073	2100	2.雷橫	2	73	火	9999999999	1.0 	0	0	"9,850 "	"7,200 "	19 	22 	174	171	174	156	197	144	46	0	164	0	0 	0 	139 	0 	16	16	63	16	16	0	0	0	0	100	0	2255	1948	0 	0 	9999999999 
	2074	2100	2.雷橫	2	74	火	9999999999	1.0 	0	0	"9,950 "	"7,300 "	19 	22 	176	173	176	158	199	146	47	0	166	0	0 	0 	141 	0 	16	16	64	16	16	0	0	0	0	100	0	2283	1971	0 	0 	9999999999 
	2075	2100	2.雷橫	2	75	火	9999999999	1.0 	0	0	"10,100 "	"7,400 "	19 	22 	178	175	178	160	202	148	47	0	168	0	0 	0 	146 	0 	16	16	65	16	16	0	0	0	0	100	0	2310	1995	0 	0 	9999999999 
	2076	2100	2.雷橫	2	76	火	9999999999	1.0 	0	0	"10,200 "	"7,500 "	19 	22 	180	177	180	162	204	150	48	0	170	0	0 	0 	148 	0 	16	16	65	16	16	0	0	0	0	100	0	2338	2019	0 	0 	9999999999 
	2077	2100	2.雷橫	2	77	火	9999999999	1.0 	0	0	"10,300 "	"7,550 "	19 	22 	182	179	182	163	206	151	48	0	172	0	0 	0 	150 	0 	17	17	66	17	16	0	0	0	0	100	0	2365	2043	0 	0 	9999999999 
	2078	2100	2.雷橫	2	78	火	9999999999	1.0 	0	0	"10,450 "	"7,650 "	19 	22 	184	181	184	165	209	153	49	0	174	0	0 	0 	153 	0 	17	17	67	17	16	0	0	0	0	100	0	2393	2066	0 	0 	9999999999 
	2079	2100	2.雷橫	2	79	火	9999999999	1.0 	0	0	"10,550 "	"7,750 "	19 	22 	187	183	187	167	211	155	49	0	176	0	0 	0 	155 	0 	17	17	68	17	16	0	0	0	0	100	0	2420	2090	0 	0 	9999999999 
	2080	2100	2.雷橫	2	80	火	9999999999	1.0 	0	0	"10,700 "	"7,850 "	19 	22 	189	185	189	169	214	157	50	0	178	0	0 	0 	160 	0 	17	17	68	17	16	0	0	0	0	100	0	2448	2114	0 	0 	9999999999 
	2081	2100	2.雷橫	2	81	火	9999999999	1.0 	0	0	"10,800 "	"7,900 "	19 	22 	191	187	191	171	216	158	50	0	180	0	0 	0 	163 	0 	17	17	69	17	16	0	0	0	0	100	0	2475	2138	0 	0 	9999999999 
	2082	2100	2.雷橫	2	82	火	9999999999	1.0 	0	0	"10,900 "	"8,000 "	19 	22 	193	189	193	173	218	160	51	0	182	0	0 	0 	165 	0 	18	18	70	18	16	0	0	0	0	100	0	2503	2161	0 	0 	9999999999 
	2083	2100	2.雷橫	2	83	火	9999999999	1.0 	0	0	"11,050 "	"8,100 "	19 	22 	195	191	195	175	221	162	51	0	184	0	0 	0 	168 	0 	18	18	71	18	16	0	0	0	0	100	0	2530	2185	0 	0 	9999999999 
	2084	2100	2.雷橫	2	84	火	9999999999	1.0 	0	0	"11,150 "	"8,200 "	19 	22 	197	193	197	177	223	164	52	0	186	0	0 	0 	170 	0 	18	18	72	18	16	0	0	0	0	100	0	2558	2209	0 	0 	9999999999 
	2085	2100	2.雷橫	2	85	火	9999999999	1.0 	0	0	"11,300 "	"8,250 "	19 	22 	199	196	199	179	226	165	52	0	188	0	0 	0 	176 	0 	18	18	72	18	16	0	0	0	0	100	0	2585	2233	0 	0 	9999999999 
	2086	2100	2.雷橫	2	86	火	9999999999	1.0 	0	0	"11,400 "	"8,350 "	19 	22 	201	198	201	181	228	167	53	0	190	0	0 	0 	178 	0 	18	18	73	18	16	0	0	0	0	100	0	2613	2256	0 	0 	9999999999 
	2087	2100	2.雷橫	2	87	火	9999999999	1.0 	0	0	"11,500 "	"8,450 "	19 	22 	204	200	204	182	230	169	53	0	192	0	0 	0 	181 	0 	18	18	74	18	16	0	0	0	0	100	0	2640	2280	0 	0 	9999999999 
	2088	2100	2.雷橫	2	88	火	9999999999	1.0 	0	0	"11,650 "	"8,550 "	19 	22 	206	202	206	184	233	171	54	0	194	0	0 	0 	184 	0 	19	19	75	19	16	0	0	0	0	100	0	2668	2304	0 	0 	9999999999 
	2089	2100	2.雷橫	2	89	火	9999999999	1.0 	0	0	"11,750 "	"8,600 "	19 	22 	208	204	208	186	235	172	54	0	196	0	0 	0 	187 	0 	19	19	75	19	16	0	0	0	0	100	0	2695	2328	0 	0 	9999999999 
	2090	2100	2.雷橫	2	90	火	9999999999	1.0 	0	0	"11,900 "	"8,700 "	19 	22 	210	206	210	188	238	174	55	0	198	0	0 	0 	193 	0 	19	19	76	19	16	0	0	0	0	100	0	2723	2351	0 	0 	9999999999 
	2091	2100	2.雷橫	2	91	火	9999999999	1.0 	0	0	"12,000 "	"8,800 "	19 	22 	212	208	212	190	240	176	55	0	200	0	0 	0 	195 	0 	19	19	77	19	16	0	0	0	0	100	0	2750	2375	0 	0 	9999999999 
	2092	2100	2.雷橫	2	92	火	9999999999	1.0 	0	0	"12,100 "	"8,900 "	19 	22 	214	210	214	192	242	178	56	0	202	0	0 	0 	198 	0 	19	19	78	19	16	0	0	0	0	100	0	2778	2399	0 	0 	9999999999 
	2093	2100	2.雷橫	2	93	火	9999999999	1.0 	0	0	"12,250 "	"9,000 "	19 	22 	216	212	216	194	245	180	56	0	204	0	0 	0 	201 	0 	20	20	78	20	16	0	0	0	0	100	0	2805	2423	0 	0 	9999999999 
	2094	2100	2.雷橫	2	94	火	9999999999	1.0 	0	0	"12,350 "	"9,050 "	19 	22 	218	214	218	196	247	181	57	0	206	0	0 	0 	204 	0 	20	20	79	20	16	0	0	0	0	100	0	2833	2446	0 	0 	9999999999 
	2095	2100	2.雷橫	2	95	火	9999999999	1.0 	0	0	"12,500 "	"9,150 "	19 	22 	220	216	220	198	250	183	57	0	208	0	0 	0 	211 	0 	20	20	80	20	16	0	0	0	0	100	0	2860	2470	0 	0 	9999999999 
	2096	2100	2.雷橫	2	96	火	9999999999	1.0 	0	0	"12,600 "	"9,250 "	19 	22 	223	218	223	200	252	185	58	0	210	0	0 	0 	214 	0 	20	20	81	20	16	0	0	0	0	100	0	2888	2494	0 	0 	9999999999 
	2097	2100	2.雷橫	2	97	火	9999999999	1.0 	0	0	"12,700 "	"9,350 "	19 	22 	225	220	225	201	254	187	58	0	212	0	0 	0 	217 	0 	20	20	82	20	16	0	0	0	0	100	0	2915	2518	0 	0 	9999999999 
	2098	2100	2.雷橫	2	98	火	9999999999	1.0 	0	0	"12,850 "	"9,400 "	19 	22 	227	223	227	203	257	188	59	0	214	0	0 	0 	220 	0 	21	21	82	21	16	0	0	0	0	100	0	2943	2541	0 	0 	9999999999 
	2099	2100	2.雷橫	2	99	火	9999999999	1.0 	0	0	"12,950 "	"9,500 "	19 	22 	229	225	229	205	259	190	59	0	216	0	0 	0 	223 	0 	21	21	83	21	16	0	0	0	0	100	0	2970	2565	0 	0 	9999999999 
	3001	2100	3.孫二娘	3	1	水	69	1.0 	0 	0 	800 	"1,150 "	19 	15 	20 	17 	20 	19 	16 	23 	10 	0 	20 	0 	0 	14 	0 	0 	2 	10 	2 	2 	16 	0 	0 	0 	0 	100 	0 	225 	238 	0 	0 	60 
	3002	2100	3.孫二娘	3	2	水	193	1.0 	0 	0 	900 	"1,250 "	19 	15 	22 	18 	22 	21 	18 	25 	11 	0 	22 	0 	0 	15 	0 	0 	3 	10 	3 	3 	16 	0 	0 	0 	0 	100 	0 	248 	261 	0 	0 	207 
	3003	2100	3.孫二娘	3	3	水	471	1.0 	0 	0 	"1,000 "	"1,400 "	19 	15 	24 	20 	24 	23 	20 	28 	11 	0 	24 	0 	0 	16 	0 	0 	3 	11 	3 	3 	16 	0 	0 	0 	0 	100 	0 	270 	285 	0 	0 	613 
	3004	2100	3.孫二娘	3	4	水	950	1.0 	0 	0 	"1,050 "	"1,500 "	19 	15 	26 	22 	26 	25 	21 	30 	12 	0 	26 	0 	0 	18 	0 	0 	3 	12 	3 	3 	16 	0 	0 	0 	0 	100 	0 	293 	309 	0 	0 	1384 
	3005	2100	3.孫二娘	3	5	水	1616	1.0 	0 	0 	"1,150 "	"1,600 "	19 	15 	28 	24 	28 	27 	23 	32 	12 	0 	28 	0 	0 	19 	0 	0 	3 	13 	3 	3 	16 	0 	0 	0 	0 	100 	0 	315 	333 	0 	0 	2651 
	3006	2100	3.孫二娘	3	6	水	2571	1.0 	0 	0 	"1,250 "	"1,750 "	19 	15 	30 	25 	30 	29 	25 	35 	13 	0 	30 	0 	0 	20 	0 	0 	4 	14 	4 	4 	16 	0 	0 	0 	0 	100 	0 	338 	356 	0 	0 	4343 
	3007	2100	3.孫二娘	3	7	水	3934	1.0 	0 	0 	"1,300 "	"1,850 "	19 	15 	32 	27 	32 	30 	26 	37 	13 	0 	32 	0 	0 	21 	0 	0 	4 	15 	4 	4 	16 	0 	0 	0 	0 	100 	0 	360 	380 	0 	0 	6789 
	3008	2100	3.孫二娘	3	8	水	5800	1.0 	0 	0 	"1,400 "	"1,950 "	19 	15 	34 	29 	34 	32 	28 	39 	14 	0 	34 	0 	0 	23 	0 	0 	4 	16 	4 	4 	16 	0 	0 	0 	0 	100 	0 	383 	404 	0 	0 	9700 
	3009	2100	3.孫二娘	3	9	水	8297	1.0 	0 	0 	"1,500 "	"2,050 "	19 	15 	36 	30 	36 	34 	30 	41 	14 	0 	36 	0 	0 	24 	0 	0 	4 	17 	4 	4 	16 	0 	0 	0 	0 	100 	0 	405 	428 	0 	0 	12697 
	3010	2100	3.孫二娘	3	10	水	16929	1.0 	0 	0 	"1,550 "	"2,200 "	19 	15 	38 	32 	38 	36 	31 	44 	15 	0 	38 	0 	0 	25 	0 	0 	5 	18 	5 	5 	16 	0 	0 	0 	0 	100 	0 	428 	451 	0 	0 	23023 
	3011	2100	3.孫二娘	3	11	水	21979	1.0 	0 	0 	"1,650 "	"2,300 "	19 	15 	40 	34 	40 	38 	33 	46 	15 	0 	40 	0 	0 	26 	0 	0 	5 	19 	5 	5 	16 	0 	0 	0 	0 	100 	0 	450 	475 	0 	0 	26633 
	3012	2100	3.孫二娘	3	12	水	28114	1.0 	0 	0 	"1,700 "	"2,400 "	19 	15 	42 	35 	42 	40 	34 	48 	16 	0 	42 	0 	0 	28 	0 	0 	5 	20 	5 	5 	16 	0 	0 	0 	0 	100 	0 	473 	499 	0 	0 	30457 
	3013	2100	3.孫二娘	3	13	水	35970	1.0 	0 	0 	"1,800 "	"2,550 "	19 	15 	44 	37 	44 	42 	36 	51 	16 	0 	44 	0 	0 	29 	0 	0 	5 	21 	5 	5 	16 	0 	0 	0 	0 	100 	0 	495 	523 	0 	0 	34980 
	3014	2100	3.孫二娘	3	14	水	45880	1.0 	0 	0 	"1,900 "	"2,650 "	19 	15 	46 	39 	46 	44 	38 	53 	17 	0 	46 	0 	0 	30 	0 	0 	5 	22 	5 	5 	16 	0 	0 	0 	0 	100 	0 	518 	546 	0 	0 	39590 
	3015	2100	3.孫二娘	3	15	水	68486	1.0 	0 	0 	"1,950 "	"2,750 "	19 	15 	48 	40 	48 	46 	39 	55 	17 	0 	48 	0 	0 	32 	0 	0 	6 	23 	6 	6 	16 	0 	0 	0 	0 	100 	0 	540 	570 	0 	0 	62171 
	3016	2100	3.孫二娘	3	16	水	85560	1.0 	0 	0 	"2,050 "	"2,900 "	19 	15 	50 	42 	50 	48 	41 	58 	18 	0 	50 	0 	0 	33 	0 	0 	6 	24 	6 	6 	16 	0 	0 	0 	0 	100 	0 	563 	594 	0 	0 	81309 
	3017	2100	3.孫二娘	3	17	水	112797	1.0 	0 	0 	"2,150 "	"3,000 "	19 	15 	52 	44 	52 	49 	43 	60 	18 	0 	52 	0 	0 	35 	0 	0 	6 	25 	6 	6 	16 	0 	0 	0 	0 	100 	0 	585 	618 	0 	0 	106983 
	3018	2100	3.孫二娘	3	18	水	147456	1.0 	0 	0 	"2,200 "	"3,100 "	19 	15 	54 	45 	54 	51 	44 	62 	19 	0 	54 	0 	0 	36 	0 	0 	6 	26 	6 	6 	16 	0 	0 	0 	0 	100 	0 	608 	641 	0 	0 	139861 
	3019	2100	3.孫二娘	3	19	水	193489	1.0 	0 	0 	"2,300 "	"3,200 "	19 	15 	56 	47 	56 	53 	46 	64 	19 	0 	56 	0 	0 	37 	0 	0 	7 	27 	7 	7 	16 	0 	0 	0 	0 	100 	0 	630 	665 	0 	0 	182471 
	3020	2100	3.孫二娘	3	20	水	277496	1.0 	0 	0 	"2,400 "	"3,350 "	19 	15 	58 	49 	58 	55 	48 	67 	20 	0 	58 	0 	0 	39 	0 	0 	7 	28 	7 	7 	16 	0 	0 	0 	0 	100 	0 	653 	689 	0 	0 	260306 
	3021	2100	3.孫二娘	3	21	水	326480	1.0 	0 	0 	"2,450 "	"3,450 "	19 	15 	60 	50 	60 	57 	49 	69 	20 	0 	60 	0 	0 	39 	0 	0 	7 	29 	7 	7 	16 	0 	0 	0 	0 	100 	0 	675 	713 	0 	0 	336160 
	3022	2100	3.孫二娘	3	22	水	382436	1.0 	0 	0 	"2,550 "	"3,550 "	19 	15 	62 	52 	62 	59 	51 	71 	21 	0 	62 	0 	0 	42 	0 	0 	7 	30 	7 	7 	16 	0 	0 	0 	0 	100 	0 	698 	736 	0 	0 	432483 
	3023	2100	3.孫二娘	3	23	水	460560	1.0 	0 	0 	"2,600 "	"3,700 "	19 	15 	64 	54 	64 	61 	52 	74 	21 	0 	64 	0 	0 	43 	0 	0 	8 	30 	8 	8 	16 	0 	0 	0 	0 	100 	0 	720 	760 	0 	0 	555500 
	3024	2100	3.孫二娘	3	24	水	550800	1.0 	0 	0 	"2,700 "	"3,800 "	19 	15 	66 	55 	66 	63 	54 	76 	22 	0 	66 	0 	0 	45 	0 	0 	8 	31 	8 	8 	16 	0 	0 	0 	0 	100 	0 	743 	784 	0 	0 	712800 
	3025	2100	3.孫二娘	3	25	水	693754	1.0 	0 	0 	"2,800 "	"3,900 "	19 	15 	68 	57 	68 	65 	56 	78 	22 	0 	68 	0 	0 	46 	0 	0 	8 	32 	8 	8 	16 	0 	0 	0 	0 	100 	0 	765 	808 	0 	0 	970766 
	3026	2100	3.孫二娘	3	26	水	813393	1.0 	0 	0 	"2,850 "	"4,050 "	19 	15 	70 	59 	70 	67 	57 	81 	23 	0 	70 	0 	0 	47 	0 	0 	8 	33 	8 	8 	16 	0 	0 	0 	0 	100 	0 	788 	831 	0 	0 	1236357 
	3027	2100	3.孫二娘	3	27	水	943920	1.0 	0 	0 	"2,950 "	"4,150 "	19 	15 	72 	60 	72 	68 	59 	83 	23 	0 	72 	0 	0 	50 	0 	0 	9 	34 	9 	9 	16 	0 	0 	0 	0 	100 	0 	810 	855 	0 	0 	1573200 
	3028	2100	3.孫二娘	3	28	水	1084380	1.0 	0 	0 	"3,050 "	"4,250 "	19 	15 	74 	62 	74 	70 	61 	85 	24 	0 	74 	0 	0 	51 	0 	0 	9 	35 	9 	9 	16 	0 	0 	0 	0 	100 	0 	833 	879 	0 	0 	1999234 
	3029	2100	3.孫二娘	3	29	水	1236167	1.0 	0 	0 	"3,100 "	"4,350 "	19 	15 	76 	64 	76 	72 	62 	87 	24 	0 	76 	0 	0 	53 	0 	0 	9 	36 	9 	9 	16 	0 	0 	0 	0 	100 	0 	855 	903 	0 	0 	2540409 
	3030	2100	3.孫二娘	3	30	水	1456193	1.0 	0 	0 	"3,200 "	"4,500 "	19 	15 	78 	66 	78 	74 	64 	90 	25 	0 	78 	0 	0 	54 	0 	0 	9 	37 	9 	9 	16 	0 	0 	0 	0 	100 	0 	878 	926 	0 	0 	3139436 
	3031	2100	3.孫二娘	3	31	水	1703247	1.0 	0 	0 	"3,300 "	"4,600 "	19 	15 	80 	67 	80 	76 	66 	92 	25 	0 	80 	0 	0 	56 	0 	0 	10 	38 	10 	10 	16 	0 	0 	0 	0 	100 	0 	900 	950 	0 	0 	3705057 
	3032	2100	3.孫二娘	3	32	水	1921691	1.0 	0 	0 	"3,350 "	"4,700 "	19 	15 	82 	69 	82 	78 	67 	94 	26 	0 	82 	0 	0 	57 	0 	0 	10 	39 	10 	10 	16 	0 	0 	0 	0 	100 	0 	923 	974 	0 	0 	4363526 
	3033	2100	3.孫二娘	3	33	水	2173509	1.0 	0 	0 	"3,450 "	"4,850 "	19 	15 	84 	71 	84 	80 	69 	97 	26 	0 	84 	0 	0 	59 	0 	0 	10 	40 	10 	10 	16 	0 	0 	0 	0 	100 	0 	945 	998 	0 	0 	5138469 
	3034	2100	3.孫二娘	3	34	水	2444044	1.0 	0 	0 	"3,550 "	"4,950 "	19 	15 	86 	72 	86 	82 	71 	99 	27 	0 	86 	0 	0 	61 	0 	0 	10 	41 	10 	10 	16 	0 	0 	0 	0 	100 	0 	968 	1021 	0 	0 	6040191 
	3035	2100	3.孫二娘	3	35	水	2832621	1.0 	0 	0 	"3,600 "	"5,050 "	19 	15 	88 	74 	88 	84 	72 	101 	27 	0 	88 	0 	0 	63 	0 	0 	10 	42 	10 	10 	16 	0 	0 	0 	0 	100 	0 	990 	1045 	0 	0 	7338550 
	3036	2100	3.孫二娘	3	36	水	3162043	1.0 	0 	0 	"3,700 "	"5,200 "	19 	15 	90 	76 	90 	86 	74 	104 	28 	0 	90 	0 	0 	64 	0 	0 	11 	43 	11 	11 	16 	0 	0 	0 	0 	100 	0 	1013 	1069 	0 	0 	8443957 
	3037	2100	3.孫二娘	3	37	水	3515066	1.0 	0 	0 	"3,750 "	"5,300 "	19 	15 	92 	77 	92 	87 	75 	106 	28 	0 	92 	0 	0 	66 	0 	0 	11 	44 	11 	11 	16 	0 	0 	0 	0 	100 	0 	1035 	1093 	0 	0 	9715354 
	3038	2100	3.孫二娘	3	38	水	3900977	1.0 	0 	0 	"3,850 "	"5,400 "	19 	15 	94 	79 	94 	89 	77 	108 	29 	0 	94 	0 	0 	68 	0 	0 	11 	45 	11 	11 	16 	0 	0 	0 	0 	100 	0 	1058 	1116 	0 	0 	10659737 
	3039	2100	3.孫二娘	3	39	水	4319166	1.0 	0 	0 	"3,950 "	"5,500 "	19 	15 	96 	81 	96 	91 	79 	110 	29 	0 	96 	0 	0 	69 	0 	0 	11 	46 	11 	11 	16 	0 	0 	0 	0 	100 	0 	1080 	1140 	0 	0 	11687154 
	3040	2100	3.孫二娘	3	40	水	4897131	1.0 	0 	0 	"4,000 "	"5,650 "	19 	15 	98 	82 	98 	93 	80 	113 	30 	0 	98 	0 	0 	72 	0 	0 	12 	47 	12 	12 	16 	0 	0 	0 	0 	100 	0 	1103 	1164 	0 	0 	12526469 
	3041	2100	3.孫二娘	3	41	水	5386529	1.0 	0 	0 	"4,100 "	"5,750 "	19 	15 	100 	84 	100 	95 	82 	115 	30 	0 	100 	0 	0 	73 	0 	0 	12 	48 	12 	12 	16 	0 	0 	0 	0 	100 	0 	1125 	1188 	0 	0 	13057886 
	3042	2100	3.孫二娘	3	42	水	5913069	1.0 	0 	0 	"4,200 "	"5,850 "	19 	15 	102 	86 	102 	97 	84 	117 	31 	0 	102 	0 	0 	75 	0 	0 	12 	49 	12 	12 	16 	0 	0 	0 	0 	100 	0 	1148 	1211 	0 	0 	13611984 
	3043	2100	3.孫二娘	3	43	水	6469814	1.0 	0 	0 	"4,250 "	"6,000 "	19 	15 	104 	87 	104 	99 	85 	120 	31 	0 	104 	0 	0 	77 	0 	0 	12 	50 	12 	12 	16 	0 	0 	0 	0 	100 	0 	1170 	1235 	0 	0 	14170264 
	3044	2100	3.孫二娘	3	44	水	7074107	1.0 	0 	0 	"4,350 "	"6,100 "	19 	15 	106 	89 	106 	101 	87 	122 	32 	0 	106 	0 	0 	79 	0 	0 	13 	50 	13 	13 	16 	0 	0 	0 	0 	100 	0 	1193 	1259 	0 	0 	14741964 
	3045	2100	3.孫二娘	3	45	水	7890730	1.0 	0 	0 	"4,450 "	"6,200 "	19 	15 	108 	91 	108 	103 	89 	124 	32 	0 	108 	0 	0 	81 	0 	0 	13 	51 	13 	13 	16 	0 	0 	0 	0 	100 	0 	1215 	1283 	0 	0 	15666214 
	3046	2100	3.孫二娘	3	46	水	8584671	1.0 	0 	0 	"4,500 "	"6,350 "	19 	15 	110 	92 	110 	105 	90 	127 	33 	0 	110 	0 	0 	83 	0 	0 	13 	52 	13 	13 	16 	0 	0 	0 	0 	100 	0 	1238 	1306 	0 	0 	16265300 
	3047	2100	3.孫二娘	3	47	水	9329280	1.0 	0 	0 	"4,600 "	"6,450 "	19 	15 	112 	94 	112 	106 	92 	129 	33 	0 	112 	0 	0 	85 	0 	0 	13 	53 	13 	13 	16 	0 	0 	0 	0 	100 	0 	1260 	1330 	0 	0 	16884137 
	3048	2100	3.孫二娘	3	48	水	10116000	1.0 	0 	0 	"4,650 "	"6,550 "	19 	15 	114 	96 	114 	108 	93 	131 	34 	0 	114 	0 	0 	87 	0 	0 	14 	54 	14 	14 	16 	0 	0 	0 	0 	100 	0 	1283 	1354 	0 	0 	17514329 
	3049	2100	3.孫二娘	3	49	水	10949519	1.0 	0 	0 	"4,750 "	"6,650 "	19 	15 	116 	97 	116 	110 	95 	133 	34 	0 	116 	0 	0 	89 	0 	0 	14 	55 	14 	14 	16 	0 	0 	0 	0 	100 	0 	1305 	1378 	0 	0 	18160481 
	3050	2100	3.孫二娘	3	50	水	12057240	1.0 	0 	0 	"4,850 "	"6,800 "	19 	15 	118 	99 	118 	112 	97 	136 	35 	0 	118 	0 	0 	91 	0 	0 	14 	56 	14 	14 	16 	0 	0 	0 	0 	100 	0 	1328 	1401 	0 	0 	19714091 
	3051	2100	3.孫二娘	3	51	水	13009300	1.0 	0 	0 	"4,900 "	"6,900 "	19 	15 	120 	101 	120 	114 	98 	138 	35 	0 	120 	0 	0 	93 	0 	0 	14 	57 	14 	14 	16 	0 	0 	0 	0 	100 	0 	1350 	1425 	0 	0 	21000727 
	3052	2100	3.孫二娘	3	52	水	14014971	1.0 	0 	0 	"5,000 "	"7,000 "	19 	15 	122 	102 	122 	116 	100 	140 	36 	0 	122 	0 	0 	95 	0 	0 	15 	58 	15 	15 	16 	0 	0 	0 	0 	100 	0 	1373 	1449 	0 	0 	22360229 
	3053	2100	3.孫二娘	3	53	水	15085891	1.0 	0 	0 	"5,100 "	"7,150 "	19 	15 	124 	104 	124 	118 	102 	143 	36 	0 	124 	0 	0 	97 	0 	0 	15 	59 	15 	15 	16 	0 	0 	0 	0 	100 	0 	1395 	1473 	0 	0 	23795621 
	3054	2100	3.孫二娘	3	54	水	16205000	1.0 	0 	0 	"5,150 "	"7,250 "	19 	15 	126 	106 	126 	120 	103 	145 	37 	0 	126 	0 	0 	99 	0 	0 	15 	60 	15 	15 	16 	0 	0 	0 	0 	100 	0 	1418 	1496 	0 	0 	25315000 
	3055	2100	3.孫二娘	3	55	水	17648320	1.0 	0 	0 	"5,250 "	"7,350 "	19 	15 	128 	108 	128 	122 	105 	147 	37 	0 	128 	0 	0 	102 	0 	0 	15 	61 	15 	15 	16 	0 	0 	0 	0 	100 	0 	1440 	1520 	0 	0 	27321360 
	3056	2100	3.孫二娘	3	56	水	18903783	1.0 	0 	0 	"5,350 "	"7,500 "	19 	15 	130 	109 	130 	124 	107 	150 	38 	0 	130 	0 	0 	104 	0 	0 	15 	62 	15 	15 	16 	0 	0 	0 	0 	100 	0 	1463 	1544 	0 	0 	29034091 
	3057	2100	3.孫二娘	3	57	水	20212753	1.0 	0 	0 	"5,400 "	"7,600 "	19 	15 	132 	111 	132 	125 	108 	152 	38 	0 	132 	0 	0 	106 	0 	0 	16 	63 	16 	16 	16 	0 	0 	0 	0 	100 	0 	1485 	1568 	0 	0 	30829046 
	3058	2100	3.孫二娘	3	58	水	21598514	1.0 	0 	0 	"5,500 "	"7,700 "	19 	15 	134 	113 	134 	127 	110 	154 	39 	0 	134 	0 	0 	109 	0 	0 	16 	64 	16 	16 	16 	0 	0 	0 	0 	100 	0 	1508 	1591 	0 	0 	32730940 
	3059	2100	3.孫二娘	3	59	水	23053189	1.0 	0 	0 	"5,600 "	"7,800 "	19 	15 	136 	114 	136 	129 	112 	156 	39 	0 	136 	0 	0 	111 	0 	0 	16 	65 	16 	16 	16 	0 	0 	0 	0 	100 	0 	1530 	1615 	0 	0 	34727711 
	3060	2100	3.孫二娘	3	60	水	24919417	1.0 	0 	0 	"5,650 "	"7,950 "	19 	15 	138 	116 	138 	131 	113 	159 	40 	0 	138 	0 	0 	114 	0 	0 	16 	66 	16 	16 	16 	0 	0 	0 	0 	100 	0 	1553 	1639 	0 	0 	36601166 
#	3061	2100	3.孫二娘	3	61	水	26554560	1.0 	0 	0 	"5,750 "	"8,050 "	19 	15 	140 	118 	140 	133 	115 	161 	40 	0 	140 	0 	0 	116 	0 	0 	17 	67 	17 	17 	16 	0 	0 	0 	0 	100 	0 	1575 	1663 	0 	0 	38043109 
	3062	2100	3.孫二娘	3	62	水	28299291	1.0 	0 	0 	"5,800 "	"8,150 "	19 	15 	142 	119 	142 	135 	116 	163 	41 	0 	142 	0 	0 	118 	0 	0 	17 	68 	17 	17 	16 	0 	0 	0 	0 	100 	0 	1598 	1686 	0 	0 	39530103 
	3063	2100	3.孫二娘	3	63	水	30138569	1.0 	0 	0 	"5,900 "	"8,300 "	19 	15 	144 	121 	144 	137 	118 	166 	41 	0 	144 	0 	0 	121 	0 	0 	17 	69 	17 	17 	16 	0 	0 	0 	0 	100 	0 	1620 	1710 	0 	0 	41056489 
	3064	2100	3.孫二娘	3	64	水	32082851	1.0 	0 	0 	"6,000 "	"8,400 "	19 	15 	146 	123 	146 	139 	120 	168 	42 	0 	146 	0 	0 	123 	0 	0 	17 	70 	17 	17 	16 	0 	0 	0 	0 	100 	0 	1643 	1734 	0 	0 	42629691 
	3065	2100	3.孫二娘	3	65	水	34527677	1.0 	0 	0 	"6,050 "	"8,500 "	19 	15 	148 	124 	148 	141 	121 	170 	42 	0 	148 	0 	0 	127 	0 	0 	18 	70 	18 	18 	16 	0 	0 	0 	0 	100 	0 	1665 	1758 	0 	0 	44758100 
	3066	2100	3.孫二娘	3	66	水	36722880	1.0 	0 	0 	"6,150 "	"8,650 "	19 	15 	150 	126 	150 	143 	123 	173 	43 	0 	150 	0 	0 	129 	0 	0 	18 	71 	18 	18 	16 	0 	0 	0 	0 	100 	0 	1688 	1781 	0 	0 	46434960 
	3067	2100	3.孫二娘	3	67	水	39029863	1.0 	0 	0 	"6,250 "	"8,750 "	19 	15 	152 	128 	152 	144 	125 	175 	43 	0 	152 	0 	0 	131 	0 	0 	18 	72 	18 	18 	16 	0 	0 	0 	0 	100 	0 	1710 	1805 	0 	0 	48152743 
	3068	2100	3.孫二娘	3	68	水	41475343	1.0 	0 	0 	"6,300 "	"8,850 "	19 	15 	154 	129 	154 	146 	126 	177 	44 	0 	154 	0 	0 	133 	0 	0 	18 	73 	18 	18 	16 	0 	0 	0 	0 	100 	0 	1733 	1829 	0 	0 	49930650 
	3069	2100	3.孫二娘	3	69	水	44065371	1.0 	0 	0 	"6,400 "	"8,950 "	19 	15 	156 	131 	156 	148 	128 	179 	44 	0 	156 	0 	0 	136 	0 	0 	19 	74 	19 	19 	16 	0 	0 	0 	0 	100 	0 	1755 	1853 	0 	0 	51752863 
	3070	2100	3.孫二娘	3	70	水	9999999999	1.0 	0 	0 	"6,500 "	"9,100 "	19 	15 	158 	133 	158 	150 	130 	182 	45 	0 	158 	0 	0 	140 	0 	0 	19 	75 	19 	19 	16 	0 	0 	0 	0 	100 	0 	1778 	1876 	0 	0 	9999999999 
	3071	2100	3.孫二娘	3	71	水	9999999999	1.0 	0 	0 	"6,550 "	"9,200 "	19 	15 	160 	134 	160 	152 	131 	184 	45 	0 	160 	0 	0 	142 	0 	0 	19 	76 	19 	19 	16 	0 	0 	0 	0 	100 	0 	1800 	1900 	0 	0 	9999999999 
	3072	2100	3.孫二娘	3	72	水	9999999999	1.0 	0 	0 	"6,650 "	"9,300 "	19 	15 	162 	136 	162 	154 	133 	186 	46 	0 	162 	0 	0 	145 	0 	0 	19 	77 	19 	19 	16 	0 	0 	0 	0 	100 	0 	1823 	1924 	0 	0 	9999999999 
	3073	2100	3.孫二娘	3	73	水	9999999999	1.0 	0 	0 	"6,700 "	"9,450 "	19 	15 	164 	138 	164 	156 	134 	189 	46 	0 	164 	0 	0 	147 	0 	0 	20 	78 	20 	20 	16 	0 	0 	0 	0 	100 	0 	1845 	1948 	0 	0 	9999999999 
	3074	2100	3.孫二娘	3	74	水	9999999999	1.0 	0 	0 	"6,800 "	"9,550 "	19 	15 	166 	139 	166 	158 	136 	191 	47 	0 	166 	0 	0 	150 	0 	0 	20 	79 	20 	20 	16 	0 	0 	0 	0 	100 	0 	1868 	1971 	0 	0 	9999999999 
	3075	2100	3.孫二娘	3	75	水	9999999999	1.0 	0 	0 	"6,900 "	"9,650 "	19 	15 	168 	141 	168 	160 	138 	193 	47 	0 	168 	0 	0 	154 	0 	0 	20 	80 	20 	20 	16 	0 	0 	0 	0 	100 	0 	1890 	1995 	0 	0 	9999999999 
	3076	2100	3.孫二娘	3	76	水	9999999999	1.0 	0 	0 	"6,950 "	"9,800 "	19 	15 	170 	143 	170 	162 	139 	196 	48 	0 	170 	0 	0 	157 	0 	0 	20 	81 	20 	20 	16 	0 	0 	0 	0 	100 	0 	1913 	2019 	0 	0 	9999999999 
	3077	2100	3.孫二娘	3	77	水	9999999999	1.0 	0 	0 	"7,050 "	"9,900 "	19 	15 	172 	144 	172 	163 	141 	198 	48 	0 	172 	0 	0 	159 	0 	0 	20 	82 	20 	20 	16 	0 	0 	0 	0 	100 	0 	1935 	2043 	0 	0 	9999999999 
	3078	2100	3.孫二娘	3	78	水	9999999999	1.0 	0 	0 	"7,150 "	"10,000 "	19 	15 	174 	146 	174 	165 	143 	200 	49 	0 	174 	0 	0 	162 	0 	0 	21 	83 	21 	21 	16 	0 	0 	0 	0 	100 	0 	1958 	2066 	0 	0 	9999999999 
	3079	2100	3.孫二娘	3	79	水	9999999999	1.0 	0 	0 	"7,200 "	"10,100 "	19 	15 	176 	148 	176 	167 	144 	202 	49 	0 	176 	0 	0 	165 	0 	0 	21 	84 	21 	21 	16 	0 	0 	0 	0 	100 	0 	1980 	2090 	0 	0 	9999999999 
	3080	2100	3.孫二娘	3	80	水	9999999999	1.0 	0 	0 	"7,300 "	"10,250 "	19 	15 	178 	150 	178 	169 	146 	205 	50 	0 	178 	0 	0 	170 	0 	0 	21 	85 	21 	21 	16 	0 	0 	0 	0 	100 	0 	2003 	2114 	0 	0 	9999999999 
	3081	2100	3.孫二娘	3	81	水	9999999999	1.0 	0 	0 	"7,400 "	"10,350 "	19 	15 	180 	151 	180 	171 	148 	207 	50 	0 	180 	0 	0 	172 	0 	0 	21 	86 	21 	21 	16 	0 	0 	0 	0 	100 	0 	2025 	2138 	0 	0 	9999999999 
	3082	2100	3.孫二娘	3	82	水	9999999999	1.0 	0 	0 	"7,450 "	"10,450 "	19 	15 	182 	153 	182 	173 	149 	209 	51 	0 	182 	0 	0 	175 	0 	0 	22 	87 	22 	22 	16 	0 	0 	0 	0 	100 	0 	2048 	2161 	0 	0 	9999999999 
	3083	2100	3.孫二娘	3	83	水	9999999999	1.0 	0 	0 	"7,550 "	"10,600 "	19 	15 	184 	155 	184 	175 	151 	212 	51 	0 	184 	0 	0 	178 	0 	0 	22 	88 	22 	22 	16 	0 	0 	0 	0 	100 	0 	2070 	2185 	0 	0 	9999999999 
	3084	2100	3.孫二娘	3	84	水	9999999999	1.0 	0 	0 	"7,650 "	"10,700 "	19 	15 	186 	156 	186 	177 	153 	214 	52 	0 	186 	0 	0 	181 	0 	0 	22 	89 	22 	22 	16 	0 	0 	0 	0 	100 	0 	2093 	2209 	0 	0 	9999999999 
	3085	2100	3.孫二娘	3	85	水	9999999999	1.0 	0 	0 	"7,700 "	"10,800 "	19 	15 	188 	158 	188 	179 	154 	216 	52 	0 	188 	0 	0 	186 	0 	0 	22 	90 	22 	22 	16 	0 	0 	0 	0 	100 	0 	2115 	2233 	0 	0 	9999999999 
	3086	2100	3.孫二娘	3	86	水	9999999999	1.0 	0 	0 	"7,800 "	"10,950 "	19 	15 	190 	160 	190 	181 	156 	219 	53 	0 	190 	0 	0 	189 	0 	0 	23 	90 	23 	23 	16 	0 	0 	0 	0 	100 	0 	2138 	2256 	0 	0 	9999999999 
	3087	2100	3.孫二娘	3	87	水	9999999999	1.0 	0 	0 	"7,850 "	"11,050 "	19 	15 	192 	161 	192 	182 	157 	221 	53 	0 	192 	0 	0 	192 	0 	0 	23 	91 	23 	23 	16 	0 	0 	0 	0 	100 	0 	2160 	2280 	0 	0 	9999999999 
	3088	2100	3.孫二娘	3	88	水	9999999999	1.0 	0 	0 	"7,950 "	"11,150 "	19 	15 	194 	163 	194 	184 	159 	223 	54 	0 	194 	0 	0 	195 	0 	0 	23 	92 	23 	23 	16 	0 	0 	0 	0 	100 	0 	2183 	2304 	0 	0 	9999999999 
	3089	2100	3.孫二娘	3	89	水	9999999999	1.0 	0 	0 	"8,050 "	"11,250 "	19 	15 	196 	165 	196 	186 	161 	225 	54 	0 	196 	0 	0 	198 	0 	0 	23 	93 	23 	23 	16 	0 	0 	0 	0 	100 	0 	2205 	2328 	0 	0 	9999999999 
	3090	2100	3.孫二娘	3	90	水	9999999999	1.0 	0 	0 	"8,100 "	"11,400 "	19 	15 	198 	166 	198 	188 	162 	228 	55 	0 	198 	0 	0 	204 	0 	0 	24 	94 	24 	24 	16 	0 	0 	0 	0 	100 	0 	2228 	2351 	0 	0 	9999999999 
	3091	2100	3.孫二娘	3	91	水	9999999999	1.0 	0 	0 	"8,200 "	"11,500 "	19 	15 	200 	168 	200 	190 	164 	230 	55 	0 	200 	0 	0 	207 	0 	0 	24 	95 	24 	24 	16 	0 	0 	0 	0 	100 	0 	2250 	2375 	0 	0 	9999999999 
	3092	2100	3.孫二娘	3	92	水	9999999999	1.0 	0 	0 	"8,300 "	"11,600 "	19 	15 	202 	170 	202 	192 	166 	232 	56 	0 	202 	0 	0 	210 	0 	0 	24 	96 	24 	24 	16 	0 	0 	0 	0 	100 	0 	2273 	2399 	0 	0 	9999999999 
	3093	2100	3.孫二娘	3	93	水	9999999999	1.0 	0 	0 	"8,350 "	"11,750 "	19 	15 	204 	171 	204 	194 	167 	235 	56 	0 	204 	0 	0 	213 	0 	0 	24 	97 	24 	24 	16 	0 	0 	0 	0 	100 	0 	2295 	2423 	0 	0 	9999999999 
	3094	2100	3.孫二娘	3	94	水	9999999999	1.0 	0 	0 	"8,450 "	"11,850 "	19 	15 	206 	173 	206 	196 	169 	237 	57 	0 	206 	0 	0 	216 	0 	0 	25 	98 	25 	25 	16 	0 	0 	0 	0 	100 	0 	2318 	2446 	0 	0 	9999999999 
	3095	2100	3.孫二娘	3	95	水	9999999999	1.0 	0 	0 	"8,550 "	"11,950 "	19 	15 	208 	175 	208 	198 	171 	239 	57 	0 	208 	0 	0 	223 	0 	0 	25 	99 	25 	25 	16 	0 	0 	0 	0 	100 	0 	2340 	2470 	0 	0 	9999999999 
	3096	2100	3.孫二娘	3	96	水	9999999999	1.0 	0 	0 	"8,600 "	"12,100 "	19 	15 	210 	176 	210 	200 	172 	242 	58 	0 	210 	0 	0 	227 	0 	0 	25 	100 	25 	25 	16 	0 	0 	0 	0 	100 	0 	2363 	2494 	0 	0 	9999999999 
	3097	2100	3.孫二娘	3	97	水	9999999999	1.0 	0 	0 	"8,700 "	"12,200 "	19 	15 	212 	178 	212 	201 	174 	244 	58 	0 	212 	0 	0 	230 	0 	0 	25 	101 	25 	25 	16 	0 	0 	0 	0 	100 	0 	2385 	2518 	0 	0 	9999999999 
	3098	2100	3.孫二娘	3	98	水	9999999999	1.0 	0 	0 	"8,750 "	"12,300 "	19 	15 	214 	180 	214 	203 	175 	246 	59 	0 	214 	0 	0 	233 	0 	0 	25 	102 	25 	25 	16 	0 	0 	0 	0 	100 	0 	2408 	2541 	0 	0 	9999999999 
	3099	2100	3.孫二娘	3	99	水	9999999999	1.0 	0 	0 	"8,850 "	"12,400 "	19 	15 	216 	181 	216 	205 	177 	248 	59 	0 	216 	0 	0 	236 	0 	0 	26 	103 	26 	26 	16 	0 	0 	0 	0 	100 	0 	2430 	2565 	0 	0 	9999999999 
	4001	2100	4.戴宗	4	1	地	69	1.0 	0	0	800 	"1,050 "	22 	14 	19	17	19	22	16	21	10	0	20	0	15 	0 	0 	0 	9	2	2	2	21	0	0	0	0	100	0	250	238	0 	0 	60 
	4002	2100	4.戴宗	4	2	地	193	1.0 	0	0	850 	"1,150 "	22 	14 	21	19	21	24	17	23	11	0	22	0	16 	0 	0 	0 	10	3	3	3	21	0	0	0	0	100	0	275	261	0 	0 	207 
	4003	2100	4.戴宗	4	3	地	471	1.0 	0	0	950 	"1,250 "	22 	14 	23	20	23	26	19	25	11	0	24	0	17 	0 	0 	0 	11	3	3	3	21	0	0	0	0	100	0	300	285	0 	0 	613 
	4004	2100	4.戴宗	4	4	地	950	1.0 	0	0	"1,000 "	"1,350 "	22 	14 	25	22	25	29	20	27	12	0	26	0	18 	0 	0 	0 	12	3	3	3	21	0	0	0	0	100	0	325	309	0 	0 	1384 
	4005	2100	4.戴宗	4	5	地	1616	1.0 	0	0	"1,100 "	"1,450 "	22 	14 	27	24	27	31	22	29	12	0	28	0	20 	0 	0 	0 	13	3	3	3	21	0	0	0	0	100	0	350	333	0 	0 	2651 
	4006	2100	4.戴宗	4	6	地	2571	1.0 	0	0	"1,150 "	"1,600 "	22 	14 	29	26	29	33	23	32	13	0	30	0	21 	0 	0 	0 	14	4	4	4	21	0	0	0	0	100	0	375	356	0 	0 	4343 
	4007	2100	4.戴宗	4	7	地	3934	1.0 	0	0	"1,250 "	"1,700 "	22 	14 	31	27	31	35	25	34	13	0	32	0	22 	0 	0 	0 	15	4	4	4	21	0	0	0	0	100	0	400	380	0 	0 	6789 
	4008	2100	4.戴宗	4	8	地	5800	1.0 	0	0	"1,350 "	"1,800 "	22 	14 	33	29	33	37	27	36	14	0	34	0	23 	0 	0 	0 	16	4	4	4	21	0	0	0	0	100	0	425	404	0 	0 	9700 
	4009	2100	4.戴宗	4	9	地	8297	1.0 	0	0	"1,400 "	"1,900 "	22 	14 	35	31	35	40	28	38	14	0	36	0	25 	0 	0 	0 	17	4	4	4	21	0	0	0	0	100	0	450	428	0 	0 	12697 
	4010	2100	4.戴宗	4	10	地	16929	1.0 	0	0	"1,500 "	"2,000 "	22 	14 	36	32	36	42	30	40	15	0	38	0	26 	0 	0 	0 	18	4	4	4	21	0	0	0	0	100	0	475	451	0 	0 	23023 
	4011	2100	4.戴宗	4	11	地	21979	1.0 	0	0	"1,550 "	"2,100 "	22 	14 	38	34	38	44	31	42	15	0	40	0	28 	0 	0 	0 	19	5	5	5	21	0	0	0	0	100	0	500	475	0 	0 	26633 
	4012	2100	4.戴宗	4	12	地	28114	1.0 	0	0	"1,650 "	"2,200 "	22 	14 	40	36	40	46	33	44	16	0	42	0	29 	0 	0 	0 	20	5	5	5	21	0	0	0	0	100	0	525	499	0 	0 	30457 
	4013	2100	4.戴宗	4	13	地	35970	1.0 	0	0	"1,700 "	"2,300 "	22 	14 	42	37	42	48	34	46	16	0	44	0	30 	0 	0 	0 	21	5	5	5	21	0	0	0	0	100	0	550	523	0 	0 	34980 
	4014	2100	4.戴宗	4	14	地	45880	1.0 	0	0	"1,800 "	"2,400 "	22 	14 	44	39	44	51	36	48	17	0	46	0	32 	0 	0 	0 	22	5	5	5	21	0	0	0	0	100	0	575	546	0 	0 	39590 
	4015	2100	4.戴宗	4	15	地	68486	1.0 	0	0	"1,850 "	"2,500 "	22 	14 	46	41	46	53	37	50	17	0	48	0	33 	0 	0 	0 	23	6	6	6	21	0	0	0	0	100	0	600	570	0 	0 	62171 
	4016	2100	4.戴宗	4	16	地	85560	1.0 	0	0	"1,950 "	"2,650 "	22 	14 	48	43	48	55	39	53	18	0	50	0	35 	0 	0 	0 	24	6	6	6	21	0	0	0	0	100	0	625	594	0 	0 	81309 
	4017	2100	4.戴宗	4	17	地	112797	1.0 	0	0	"2,050 "	"2,750 "	22 	14 	50	44	50	57	41	55	18	0	52	0	36 	0 	0 	0 	24	6	6	6	21	0	0	0	0	100	0	650	618	0 	0 	106983 
	4018	2100	4.戴宗	4	18	地	147456	1.0 	0	0	"2,100 "	"2,850 "	22 	14 	52	46	52	59	42	57	19	0	54	0	37 	0 	0 	0 	25	6	6	6	21	0	0	0	0	100	0	675	641	0 	0 	139861 
	4019	2100	4.戴宗	4	19	地	193489	1.0 	0	0	"2,200 "	"2,950 "	22 	14 	54	48	54	62	44	59	19	0	56	0	39 	0 	0 	0 	26	7	7	7	21	0	0	0	0	100	0	700	665	0 	0 	182471 
	4020	2100	4.戴宗	4	20	地	277496	1.0 	0	0	"2,250 "	"3,050 "	22 	14 	56	49	56	64	45	61	20	0	58	0	40 	0 	0 	0 	27	7	7	7	21	0	0	0	0	100	0	725	689	0 	0 	260306 
	4021	2100	4.戴宗	4	21	地	326480	1.0 	0	0	"2,350 "	"3,150 "	22 	14 	58	51	58	66	47	63	20	0	60	0	41 	0 	0 	0 	28	7	7	7	21	0	0	0	0	100	0	750	713	0 	0 	336160 
	4022	2100	4.戴宗	4	22	地	382436	1.0 	0	0	"2,400 "	"3,250 "	22 	14 	60	53	60	68	48	65	21	0	62	0	44 	0 	0 	0 	29	7	7	7	21	0	0	0	0	100	0	775	736	0 	0 	432483 
	4023	2100	4.戴宗	4	23	地	460560	1.0 	0	0	"2,500 "	"3,350 "	22 	14 	61	54	61	70	50	67	21	0	64	0	45 	0 	0 	0 	30	8	8	8	21	0	0	0	0	100	0	800	760	0 	0 	555500 
	4024	2100	4.戴宗	4	24	地	550800	1.0 	0	0	"2,550 "	"3,450 "	22 	14 	63	56	63	73	51	69	22	0	66	0	47 	0 	0 	0 	31	8	8	8	21	0	0	0	0	100	0	825	784	0 	0 	712800 
	4025	2100	4.戴宗	4	25	地	693754	1.0 	0	0	"2,650 "	"3,550 "	22 	14 	65	58	65	75	53	71	22	0	68	0	48 	0 	0 	0 	32	8	8	8	21	0	0	0	0	100	0	850	808	0 	0 	970766 
	4026	2100	4.戴宗	4	26	地	813393	1.0 	0	0	"2,750 "	"3,700 "	22 	14 	67	60	67	77	55	74	23	0	70	0	49 	0 	0 	0 	33	8	8	8	21	0	0	0	0	100	0	875	831	0 	0 	1236357 
	4027	2100	4.戴宗	4	27	地	943920	1.0 	0	0	"2,800 "	"3,800 "	22 	14 	69	61	69	79	56	76	23	0	72	0	52 	0 	0 	0 	34	8	8	8	21	0	0	0	0	100	0	900	855	0 	0 	1573200 
	4028	2100	4.戴宗	4	28	地	1084380	1.0 	0	0	"2,900 "	"3,900 "	22 	14 	71	63	71	81	58	78	24	0	74	0	53 	0 	0 	0 	35	9	9	9	21	0	0	0	0	100	0	925	879	0 	0 	1999234 
	4029	2100	4.戴宗	4	29	地	1236167	1.0 	0	0	"2,950 "	"4,000 "	22 	14 	73	65	73	84	59	80	24	0	76	0	55 	0 	0 	0 	36	9	9	9	21	0	0	0	0	100	0	950	903	0 	0 	2540409 
	4030	2100	4.戴宗	4	30	地	1456193	1.0 	0	0	"3,050 "	"4,100 "	22 	14 	75	66	75	86	61	82	25	0	78	0	57 	0 	0 	0 	37	9	9	9	21	0	0	0	0	100	0	975	926	0 	0 	3139436 
	4031	2100	4.戴宗	4	31	地	1703247	1.0 	0	0	"3,100 "	"4,200 "	22 	14 	77	68	77	88	62	84	25	0	80	0	58 	0 	0 	0 	38	9	9	9	21	0	0	0	0	100	0	1000	950	0 	0 	3705057 
	4032	2100	4.戴宗	4	32	地	1921691	1.0 	0	0	"3,200 "	"4,300 "	22 	14 	79	70	79	90	64	86	26	0	82	0	60 	0 	0 	0 	39	10	10	10	21	0	0	0	0	100	0	1025	974	0 	0 	4363526 
	4033	2100	4.戴宗	4	33	地	2173509	1.0 	0	0	"3,300 "	"4,400 "	22 	14 	81	71	81	92	66	88	26	0	84	0	61 	0 	0 	0 	40	10	10	10	21	0	0	0	0	100	0	1050	998	0 	0 	5138469 
	4034	2100	4.戴宗	4	34	地	2444044	1.0 	0	0	"3,350 "	"4,500 "	22 	14 	83	73	83	95	67	90	27	0	86	0	63 	0 	0 	0 	40	10	10	10	21	0	0	0	0	100	0	1075	1021	0 	0 	6040191 
	4035	2100	4.戴宗	4	35	地	2832621	1.0 	0	0	"3,450 "	"4,600 "	22 	14 	84	75	84	97	69	92	27	0	88	0	65 	0 	0 	0 	41	10	10	10	21	0	0	0	0	100	0	1100	1045	0 	0 	7338550 
	4036	2100	4.戴宗	4	36	地	3162043	1.0 	0	0	"3,500 "	"4,750 "	22 	14 	86	77	86	99	70	95	28	0	90	0	67 	0 	0 	0 	42	11	11	11	21	0	0	0	0	100	0	1125	1069	0 	0 	8443957 
	4037	2100	4.戴宗	4	37	地	3515066	1.0 	0	0	"3,600 "	"4,850 "	22 	14 	88	78	88	101	72	97	28	0	92	0	69 	0 	0 	0 	43	11	11	11	21	0	0	0	0	100	0	1150	1093	0 	0 	9715354 
	4038	2100	4.戴宗	4	38	地	3900977	1.0 	0	0	"3,650 "	"4,950 "	22 	14 	90	80	90	103	73	99	29	0	94	0	71 	0 	0 	0 	44	11	11	11	21	0	0	0	0	100	0	1175	1116	0 	0 	10659737 
	4039	2100	4.戴宗	4	39	地	4319166	1.0 	0	0	"3,750 "	"5,050 "	22 	14 	92	82	92	106	75	101	29	0	96	0	72 	0 	0 	0 	45	11	11	11	21	0	0	0	0	100	0	1200	1140	0 	0 	11687154 
	4040	2100	4.戴宗	4	40	地	4897131	1.0 	0	0	"3,800 "	"5,150 "	22 	14 	94	83	94	108	76	103	30	0	98	0	75 	0 	0 	0 	46	12	12	12	21	0	0	0	0	100	0	1225	1164	0 	0 	12526469 
	4041	2100	4.戴宗	4	41	地	5386529	1.0 	0	0	"3,900 "	"5,250 "	22 	14 	96	85	96	110	78	105	30	0	100	0	76 	0 	0 	0 	47	12	12	12	21	0	0	0	0	100	0	1250	1188	0 	0 	13057886 
	4042	2100	4.戴宗	4	42	地	5913069	1.0 	0	0	"4,000 "	"5,350 "	22 	14 	98	87	98	112	80	107	31	0	102	0	78 	0 	0 	0 	48	12	12	12	21	0	0	0	0	100	0	1275	1211	0 	0 	13611984 
	4043	2100	4.戴宗	4	43	地	6469814	1.0 	0	0	"4,050 "	"5,450 "	22 	14 	100	88	100	114	81	109	31	0	104	0	80 	0 	0 	0 	49	12	12	12	21	0	0	0	0	100	0	1300	1235	0 	0 	14170264 
	4044	2100	4.戴宗	4	44	地	7074107	1.0 	0	0	"4,150 "	"5,550 "	22 	14 	102	90	102	117	83	111	32	0	106	0	82 	0 	0 	0 	50	12	12	12	21	0	0	0	0	100	0	1325	1259	0 	0 	14741964 
	4045	2100	4.戴宗	4	45	地	7890730	1.0 	0	0	"4,200 "	"5,650 "	22 	14 	104	92	104	119	84	113	32	0	108	0	85 	0 	0 	0 	51	13	13	13	21	0	0	0	0	100	0	1350	1283	0 	0 	15666214 
	4046	2100	4.戴宗	4	46	地	8584671	1.0 	0	0	"4,300 "	"5,800 "	22 	14 	106	94	106	121	86	116	33	0	110	0	87 	0 	0 	0 	52	13	13	13	21	0	0	0	0	100	0	1375	1306	0 	0 	16265300 
	4047	2100	4.戴宗	4	47	地	9329280	1.0 	0	0	"4,350 "	"5,900 "	22 	14 	108	95	108	123	87	118	33	0	112	0	88 	0 	0 	0 	53	13	13	13	21	0	0	0	0	100	0	1400	1330	0 	0 	16884137 
	4048	2100	4.戴宗	4	48	地	10116000	1.0 	0	0	"4,450 "	"6,000 "	22 	14 	109	97	109	125	89	120	34	0	114	0	90 	0 	0 	0 	54	13	13	13	21	0	0	0	0	100	0	1425	1354	0 	0 	17514329 
	4049	2100	4.戴宗	4	49	地	10949519	1.0 	0	0	"4,500 "	"6,100 "	22 	14 	111	99	111	128	90	122	34	0	116	0	92 	0 	0 	0 	55	14	14	14	21	0	0	0	0	100	0	1450	1378	0 	0 	18160481 
	4050	2100	4.戴宗	4	50	地	12057240	1.0 	0	0	"4,600 "	"6,200 "	22 	14 	113	100	113	130	92	124	35	0	118	0	95 	0 	0 	0 	56	14	14	14	21	0	0	0	0	100	0	1475	1401	0 	0 	19714091 
	4051	2100	4.戴宗	4	51	地	13009300	1.0 	0	0	"4,700 "	"6,300 "	22 	14 	115	102	115	132	94	126	35	0	120	0	97 	0 	0 	0 	56	14	14	14	21	0	0	0	0	100	0	1500	1425	0 	0 	21000727 
	4052	2100	4.戴宗	4	52	地	14014971	1.0 	0	0	"4,750 "	"6,400 "	22 	14 	117	104	117	134	95	128	36	0	122	0	99 	0 	0 	0 	57	14	14	14	21	0	0	0	0	100	0	1525	1449	0 	0 	22360229 
	4053	2100	4.戴宗	4	53	地	15085891	1.0 	0	0	"4,850 "	"6,500 "	22 	14 	119	105	119	136	97	130	36	0	124	0	101 	0 	0 	0 	58	15	15	15	21	0	0	0	0	100	0	1550	1473	0 	0 	23795621 
	4054	2100	4.戴宗	4	54	地	16205000	1.0 	0	0	"4,900 "	"6,600 "	22 	14 	121	107	121	139	98	132	37	0	126	0	103 	0 	0 	0 	59	15	15	15	21	0	0	0	0	100	0	1575	1496	0 	0 	25315000 
	4055	2100	4.戴宗	4	55	地	17648320	1.0 	0	0	"5,000 "	"6,700 "	22 	14 	123	109	123	141	100	134	37	0	128	0	107 	0 	0 	0 	60	15	15	15	21	0	0	0	0	100	0	1600	1520	0 	0 	27321360 
	4056	2100	4.戴宗	4	56	地	18903783	1.0 	0	0	"5,050 "	"6,850 "	22 	14 	125	111	125	143	101	137	38	0	130	0	109 	0 	0 	0 	61	15	15	15	21	0	0	0	0	100	0	1625	1544	0 	0 	29034091 
	4057	2100	4.戴宗	4	57	地	20212753	1.0 	0	0	"5,150 "	"6,950 "	22 	14 	127	112	127	145	103	139	38	0	132	0	111 	0 	0 	0 	62	16	16	16	21	0	0	0	0	100	0	1650	1568	0 	0 	30829046 
	4058	2100	4.戴宗	4	58	地	21598514	1.0 	0	0	"5,250 "	"7,050 "	22 	14 	129	114	129	147	105	141	39	0	134	0	113 	0 	0 	0 	63	16	16	16	21	0	0	0	0	100	0	1675	1591	0 	0 	32730940 
	4059	2100	4.戴宗	4	59	地	23053189	1.0 	0	0	"5,300 "	"7,150 "	22 	14 	131	116	131	150	106	143	39	0	136	0	115 	0 	0 	0 	64	16	16	16	21	0	0	0	0	100	0	1700	1615	0 	0 	34727711 
	4060	2100	4.戴宗	4	60	地	24919417	1.0 	0	0	"5,400 "	"7,250 "	22 	14 	132	117	132	152	108	145	40	0	138	0	119 	0 	0 	0 	65	16	16	16	21	0	0	0	0	100	0	1725	1639	0 	0 	36601166 
#	4061	2100	4.戴宗	4	61	地	26554560	1.0 	0	0	"5,450 "	"7,350 "	22 	14 	134	119	134	154	109	147	40	0	140	0	121 	0 	0 	0 	66	16	16	16	21	0	0	0	0	100	0	1750	1663	0 	0 	38043109 
	4062	2100	4.戴宗	4	62	地	28299291	1.0 	0	0	"5,550 "	"7,450 "	22 	14 	136	121	136	156	111	149	41	0	142	0	123 	0 	0 	0 	67	17	17	17	21	0	0	0	0	100	0	1775	1686	0 	0 	39530103 
	4063	2100	4.戴宗	4	63	地	30138569	1.0 	0	0	"5,600 "	"7,550 "	22 	14 	138	122	138	158	112	151	41	0	144	0	126 	0 	0 	0 	68	17	17	17	21	0	0	0	0	100	0	1800	1710	0 	0 	41056489 
	4064	2100	4.戴宗	4	64	地	32082851	1.0 	0	0	"5,700 "	"7,650 "	22 	14 	140	124	140	161	114	153	42	0	146	0	128 	0 	0 	0 	69	17	17	17	21	0	0	0	0	100	0	1825	1734	0 	0 	42629691 
	4065	2100	4.戴宗	4	65	地	34527677	1.0 	0	0	"5,750 "	"7,750 "	22 	14 	142	126	142	163	115	155	42	0	148	0	132 	0 	0 	0 	70	17	17	17	21	0	0	0	0	100	0	1850	1758	0 	0 	44758100 
	4066	2100	4.戴宗	4	66	地	36722880	1.0 	0	0	"5,850 "	"7,900 "	22 	14 	144	128	144	165	117	158	43	0	150	0	134 	0 	0 	0 	71	18	18	18	21	0	0	0	0	100	0	1875	1781	0 	0 	46434960 
	4067	2100	4.戴宗	4	67	地	39029863	1.0 	0	0	"5,950 "	"8,000 "	22 	14 	146	129	146	167	119	160	43	0	152	0	137 	0 	0 	0 	72	18	18	18	21	0	0	0	0	100	0	1900	1805	0 	0 	48152743 
	4068	2100	4.戴宗	4	68	地	41475343	1.0 	0	0	"6,000 "	"8,100 "	22 	14 	148	131	148	169	120	162	44	0	154	0	139 	0 	0 	0 	72	18	18	18	21	0	0	0	0	100	0	1925	1829	0 	0 	49930650 
	4069	2100	4.戴宗	4	69	地	44065371	1.0 	0	0	"6,100 "	"8,200 "	22 	14 	150	133	150	172	122	164	44	0	156	0	141 	0 	0 	0 	73	18	18	18	21	0	0	0	0	100	0	1950	1853	0 	0 	51752863 
	4070	2100	4.戴宗	4	70	地	9999999999	1.0 	0	0	"6,150 "	"8,300 "	22 	14 	152	134	152	174	123	166	45	0	158	0	146 	0 	0 	0 	74	19	19	19	21	0	0	0	0	100	0	1975	1876	0 	0 	9999999999 
	4071	2100	4.戴宗	4	71	地	9999999999	1.0 	0	0	"6,250 "	"8,400 "	22 	14 	154	136	154	176	125	168	45	0	160	0	148 	0 	0 	0 	75	19	19	19	21	0	0	0	0	100	0	2000	1900	0 	0 	9999999999 
	4072	2100	4.戴宗	4	72	地	9999999999	1.0 	0	0	"6,300 "	"8,500 "	22 	14 	156	138	156	178	126	170	46	0	162	0	151 	0 	0 	0 	76	19	19	19	21	0	0	0	0	100	0	2025	1924	0 	0 	9999999999 
	4073	2100	4.戴宗	4	73	地	9999999999	1.0 	0	0	"6,400 "	"8,600 "	22 	14 	157	139	157	180	128	172	46	0	164	0	153 	0 	0 	0 	77	19	19	19	21	0	0	0	0	100	0	2050	1948	0 	0 	9999999999 
	4074	2100	4.戴宗	4	74	地	9999999999	1.0 	0	0	"6,450 "	"8,700 "	22 	14 	159	141	159	183	129	174	47	0	166	0	156 	0 	0 	0 	78	20	20	20	21	0	0	0	0	100	0	2075	1971	0 	0 	9999999999 
	4075	2100	4.戴宗	4	75	地	9999999999	1.0 	0	0	"6,550 "	"8,800 "	22 	14 	161	143	161	185	131	176	47	0	168	0	161 	0 	0 	0 	79	20	20	20	21	0	0	0	0	100	0	2100	1995	0 	0 	9999999999 
	4076	2100	4.戴宗	4	76	地	9999999999	1.0 	0	0	"6,650 "	"8,950 "	22 	14 	163	145	163	187	133	179	48	0	170	0	163 	0 	0 	0 	80	20	20	20	21	0	0	0	0	100	0	2125	2019	0 	0 	9999999999 
	4077	2100	4.戴宗	4	77	地	9999999999	1.0 	0	0	"6,700 "	"9,050 "	22 	14 	165	146	165	189	134	181	48	0	172	0	166 	0 	0 	0 	81	20	20	20	21	0	0	0	0	100	0	2150	2043	0 	0 	9999999999 
	4078	2100	4.戴宗	4	78	地	9999999999	1.0 	0	0	"6,800 "	"9,150 "	22 	14 	167	148	167	191	136	183	49	0	174	0	169 	0 	0 	0 	82	20	20	20	21	0	0	0	0	100	0	2175	2066	0 	0 	9999999999 
	4079	2100	4.戴宗	4	79	地	9999999999	1.0 	0	0	"6,850 "	"9,250 "	22 	14 	169	150	169	194	137	185	49	0	176	0	172 	0 	0 	0 	83	21	21	21	21	0	0	0	0	100	0	2200	2090	0 	0 	9999999999 
	4080	2100	4.戴宗	4	80	地	9999999999	1.0 	0	0	"6,950 "	"9,350 "	22 	14 	171	151	171	196	139	187	50	0	178	0	177 	0 	0 	0 	84	21	21	21	21	0	0	0	0	100	0	2225	2114	0 	0 	9999999999 
	4081	2100	4.戴宗	4	81	地	9999999999	1.0 	0	0	"7,000 "	"9,450 "	22 	14 	173	153	173	198	140	189	50	0	180	0	180 	0 	0 	0 	85	21	21	21	21	0	0	0	0	100	0	2250	2138	0 	0 	9999999999 
	4082	2100	4.戴宗	4	82	地	9999999999	1.0 	0	0	"7,100 "	"9,550 "	22 	14 	175	155	175	200	142	191	51	0	182	0	182 	0 	0 	0 	86	21	21	21	21	0	0	0	0	100	0	2275	2161	0 	0 	9999999999 
	4083	2100	4.戴宗	4	83	地	9999999999	1.0 	0	0	"7,200 "	"9,650 "	22 	14 	177	156	177	202	144	193	51	0	184	0	185 	0 	0 	0 	87	22	22	22	21	0	0	0	0	100	0	2300	2185	0 	0 	9999999999 
	4084	2100	4.戴宗	4	84	地	9999999999	1.0 	0	0	"7,250 "	"9,750 "	22 	14 	179	158	179	205	145	195	52	0	186	0	188 	0 	0 	0 	88	22	22	22	21	0	0	0	0	100	0	2325	2209	0 	0 	9999999999 
	4085	2100	4.戴宗	4	85	地	9999999999	1.0 	0	0	"7,350 "	"9,850 "	22 	14 	180	160	180	207	147	197	52	0	188	0	194 	0 	0 	0 	88	22	22	22	21	0	0	0	0	100	0	2350	2233	0 	0 	9999999999 
	4086	2100	4.戴宗	4	86	地	9999999999	1.0 	0	0	"7,400 "	"10,000 "	22 	14 	182	162	182	209	148	200	53	0	190	0	197 	0 	0 	0 	89	22	22	22	21	0	0	0	0	100	0	2375	2256	0 	0 	9999999999 
	4087	2100	4.戴宗	4	87	地	9999999999	1.0 	0	0	"7,500 "	"10,100 "	22 	14 	184	163	184	211	150	202	53	0	192	0	200 	0 	0 	0 	90	23	23	23	21	0	0	0	0	100	0	2400	2280	0 	0 	9999999999 
	4088	2100	4.戴宗	4	88	地	9999999999	1.0 	0	0	"7,550 "	"10,200 "	22 	14 	186	165	186	213	151	204	54	0	194	0	203 	0 	0 	0 	91	23	23	23	21	0	0	0	0	100	0	2425	2304	0 	0 	9999999999 
	4089	2100	4.戴宗	4	89	地	9999999999	1.0 	0	0	"7,650 "	"10,300 "	22 	14 	188	167	188	216	153	206	54	0	196	0	206 	0 	0 	0 	92	23	23	23	21	0	0	0	0	100	0	2450	2328	0 	0 	9999999999 
	4090	2100	4.戴宗	4	90	地	9999999999	1.0 	0	0	"7,700 "	"10,400 "	22 	14 	190	168	190	218	154	208	55	0	198	0	213 	0 	0 	0 	93	23	23	23	21	0	0	0	0	100	0	2475	2351	0 	0 	9999999999 
	4091	2100	4.戴宗	4	91	地	9999999999	1.0 	0	0	"7,800 "	"10,500 "	22 	14 	192	170	192	220	156	210	55	0	200	0	216 	0 	0 	0 	94	24	24	24	21	0	0	0	0	100	0	2500	2375	0 	0 	9999999999 
	4092	2100	4.戴宗	4	92	地	9999999999	1.0 	0	0	"7,900 "	"10,600 "	22 	14 	194	172	194	222	158	212	56	0	202	0	219 	0 	0 	0 	95	24	24	24	21	0	0	0	0	100	0	2525	2399	0 	0 	9999999999 
	4093	2100	4.戴宗	4	93	地	9999999999	1.0 	0	0	"7,950 "	"10,700 "	22 	14 	196	173	196	224	159	214	56	0	204	0	222 	0 	0 	0 	96	24	24	24	21	0	0	0	0	100	0	2550	2423	0 	0 	9999999999 
	4094	2100	4.戴宗	4	94	地	9999999999	1.0 	0	0	"8,050 "	"10,800 "	22 	14 	198	175	198	227	161	216	57	0	206	0	225 	0 	0 	0 	97	24	24	24	21	0	0	0	0	100	0	2575	2446	0 	0 	9999999999 
	4095	2100	4.戴宗	4	95	地	9999999999	1.0 	0	0	"8,100 "	"10,900 "	22 	14 	200	177	200	229	162	218	57	0	208	0	233 	0 	0 	0 	98	24	24	24	21	0	0	0	0	100	0	2600	2470	0 	0 	9999999999 
	4096	2100	4.戴宗	4	96	地	9999999999	1.0 	0	0	"8,200 "	"11,050 "	22 	14 	202	179	202	231	164	221	58	0	210	0	236 	0 	0 	0 	99	25	25	25	21	0	0	0	0	100	0	2625	2494	0 	0 	9999999999 
	4097	2100	4.戴宗	4	97	地	9999999999	1.0 	0	0	"8,250 "	"11,150 "	22 	14 	204	180	204	233	165	223	58	0	212	0	239 	0 	0 	0 	100	25	25	25	21	0	0	0	0	100	0	2650	2518	0 	0 	9999999999 
	4098	2100	4.戴宗	4	98	地	9999999999	1.0 	0	0	"8,350 "	"11,250 "	22 	14 	205	182	205	235	167	225	59	0	214	0	243 	0 	0 	0 	101	25	25	25	21	0	0	0	0	100	0	2675	2541	0 	0 	9999999999 
	4099	2100	4.戴宗	4	99	地	9999999999	1.0 	0	0	"8,400 "	"11,350 "	22 	14 	207	184	207	238	168	227	59	0	216	0	246 	0 	0 	0 	102	25	25	25	21	0	0	0	0	100	0	2700	2565	0 	0 	9999999999 
	5001	2100	5.史進	5	1	風	69	1.0 	0	0	"1,000 "	950 	21 	18 	21	20	21	21	20	19	10	0	20	0	0 	0 	0 	13 	2 	2 	2 	8 	16 	0 	0 	0 	0 	100 	0 	250	238	0 	0 	60 
	5002	2100	5.史進	5	2	風	193	1.0 	0	0	"1,100 "	"1,050 "	21 	18 	23	22	23	23	22	21	11	0	22	0	0 	0 	0 	14 	2	2	2	9	16	0	0	0	0	100	0	275	261	0 	0 	207 
	5003	2100	5.史進	5	3	風	471	1.0 	0	0	"1,200 "	"1,150 "	21 	18 	25	24	25	25	24	23	11	0	24	0	0 	0 	0 	16 	2	2	2	9	16	0	0	0	0	100	0	300	285	0 	0 	613 
	5004	2100	5.史進	5	4	風	950	1.0 	0	0	"1,300 "	"1,250 "	21 	18 	27	27	27	27	26	25	12	0	26	0	0 	0 	0 	17 	3	3	3	10	16	0	0	0	0	100	0	325	309	0 	0 	1384 
	5005	2100	5.史進	5	5	風	1616	1.0 	0	0	"1,400 "	"1,350 "	21 	18 	29	29	29	29	28	27	12	0	28	0	0 	0 	0 	18 	3	3	3	11	16	0	0	0	0	100	0	350	333	0 	0 	2651 
	5006	2100	5.史進	5	6	風	2571	1.0 	0	0	"1,500 "	"1,450 "	21 	18 	32	31	32	32	30	29	13	0	30	0	0 	0 	0 	19 	3	3	3	12	16	0	0	0	0	100	0	375	356	0 	0 	4343 
	5007	2100	5.史進	5	7	風	3934	1.0 	0	0	"1,600 "	"1,500 "	21 	18 	34	33	34	34	32	30	13	0	32	0	0 	0 	0 	20 	3	3	3	13	16	0	0	0	0	100	0	400	380	0 	0 	6789 
	5008	2100	5.史進	5	8	風	5800	1.0 	0	0	"1,700 "	"1,600 "	21 	18 	36	35	36	36	34	32	14	0	34	0	0 	0 	0 	21 	3	3	3	13	16	0	0	0	0	100	0	425	404	0 	0 	9700 
	5009	2100	5.史進	5	9	風	8297	1.0 	0	0	"1,800 "	"1,700 "	21 	18 	38	37	38	38	36	34	14	0	36	0	0 	0 	0 	23 	4	4	4	14	16	0	0	0	0	100	0	450	428	0 	0 	12697 
	5010	2100	5.史進	5	10	風	16929	1.0 	0	0	"1,900 "	"1,800 "	21 	18 	40	39	40	40	38	36	15	0	38	0	0 	0 	0 	24 	4	4	4	15	16	0	0	0	0	100	0	475	451	0 	0 	23023 
	5011	2100	5.史進	5	11	風	21979	1.0 	0	0	"2,000 "	"1,900 "	21 	18 	42	41	42	42	40	38	15	0	40	0	0 	0 	0 	25 	4	4	4	16	16	0	0	0	0	100	0	500	475	0 	0 	26633 
	5012	2100	5.史進	5	12	風	28114	1.0 	0	0	"2,100 "	"2,000 "	21 	18 	44	43	44	44	42	40	16	0	42	0	0 	0 	0 	26 	4	4	4	16	16	0	0	0	0	100	0	525	499	0 	0 	30457 
	5013	2100	5.史進	5	13	風	35970	1.0 	0	0	"2,200 "	"2,100 "	21 	18 	46	45	46	46	44	42	16	0	44	0	0 	0 	0 	28 	4	4	4	17	16	0	0	0	0	100	0	550	523	0 	0 	34980 
	5014	2100	5.史進	5	14	風	45880	1.0 	0	0	"2,300 "	"2,200 "	21 	18 	48	47	48	48	46	44	17	0	46	0	0 	0 	0 	29 	5	5	5	18	16	0	0	0	0	100	0	575	546	0 	0 	39590 
	5015	2100	5.史進	5	15	風	68486	1.0 	0	0	"2,400 "	"2,300 "	21 	18 	50	49	50	50	48	46	17	0	48	0	0 	0 	0 	30 	5	5	5	19	16	0	0	0	0	100	0	600	570	0 	0 	62171 
	5016	2100	5.史進	5	16	風	85560	1.0 	0	0	"2,500 "	"2,400 "	21 	18 	53	51	53	53	50	48	18	0	50	0	0 	0 	0 	32 	5	5	5	20	16	0	0	0	0	100	0	625	594	0 	0 	81309 
	5017	2100	5.史進	5	17	風	112797	1.0 	0	0	"2,600 "	"2,450 "	21 	18 	55	53	55	55	52	49	18	0	52	0	0 	0 	0 	33 	5	5	5	20	16	0	0	0	0	100	0	650	618	0 	0 	106983 
	5018	2100	5.史進	5	18	風	147456	1.0 	0	0	"2,700 "	"2,550 "	21 	18 	57	55	57	57	54	51	19	0	54	0	0 	0 	0 	34 	5	5	5	21	16	0	0	0	0	100	0	675	641	0 	0 	139861 
	5019	2100	5.史進	5	19	風	193489	1.0 	0	0	"2,800 "	"2,650 "	21 	18 	59	57	59	59	56	53	19	0	56	0	0 	0 	0 	36 	5	5	5	22	16	0	0	0	0	100	0	700	665	0 	0 	182471 
	5020	2100	5.史進	5	20	風	277496	1.0 	0	0	"2,900 "	"2,750 "	21 	18 	61	59	61	61	58	55	20	0	58	0	0 	0 	0 	37 	6	6	6	23	16	0	0	0	0	100	0	725	689	0 	0 	260306 
	5021	2100	5.史進	5	21	風	326480	1.0 	0	0	"3,000 "	"2,850 "	21 	18 	63	61	63	63	60	57	20	0	60	0	0 	0 	0 	37 	6	6	6	24	16	0	0	0	0	100	0	750	713	0 	0 	336160 
	5022	2100	5.史進	5	22	風	382436	1.0 	0	0	"3,100 "	"2,950 "	21 	18 	65	63	65	65	62	59	21	0	62	0	0 	0 	0 	40 	6	6	6	24	16	0	0	0	0	100	0	775	736	0 	0 	432483 
	5023	2100	5.史進	5	23	風	460560	1.0 	0	0	"3,200 "	"3,050 "	21 	18 	67	65	67	67	64	61	21	0	64	0	0 	0 	0 	41 	6	6	6	25	16	0	0	0	0	100	0	800	760	0 	0 	555500 
	5024	2100	5.史進	5	24	風	550800	1.0 	0	0	"3,300 "	"3,150 "	21 	18 	69	67	69	69	66	63	22	0	66	0	0 	0 	0 	43 	6	6	6	26	16	0	0	0	0	100	0	825	784	0 	0 	712800 
	5025	2100	5.史進	5	25	風	693754	1.0 	0	0	"3,400 "	"3,250 "	21 	18 	71	69	71	71	68	65	22	0	68	0	0 	0 	0 	44 	7	7	7	27	16	0	0	0	0	100	0	850	808	0 	0 	970766 
	5026	2100	5.史進	5	26	風	813393	1.0 	0	0	"3,500 "	"3,350 "	21 	18 	74	71	74	74	70	67	23	0	70	0	0 	0 	0 	45 	7	7	7	27	16	0	0	0	0	100	0	875	831	0 	0 	1236357 
	5027	2100	5.史進	5	27	風	943920	1.0 	0	0	"3,600 "	"3,400 "	21 	18 	76	73	76	76	72	68	23	0	72	0	0 	0 	0 	47 	7	7	7	28	16	0	0	0	0	100	0	900	855	0 	0 	1573200 
	5028	2100	5.史進	5	28	風	1084380	1.0 	0	0	"3,700 "	"3,500 "	21 	18 	78	75	78	78	74	70	24	0	74	0	0 	0 	0 	48 	7	7	7	29	16	0	0	0	0	100	0	925	879	0 	0 	1999234 
	5029	2100	5.史進	5	29	風	1236167	1.0 	0	0	"3,800 "	"3,600 "	21 	18 	80	78	80	80	76	72	24	0	76	0	0 	0 	0 	50 	7	7	7	30	16	0	0	0	0	100	0	950	903	0 	0 	2540409 
	5030	2100	5.史進	5	30	風	1456193	1.0 	0	0	"3,900 "	"3,700 "	21 	18 	82	80	82	82	78	74	25	0	78	0	0 	0 	0 	52 	8	8	8	31	16	0	0	0	0	100	0	975	926	0 	0 	3139436 
	5031	2100	5.史進	5	31	風	1703247	1.0 	0	0	"4,000 "	"3,800 "	21 	18 	84	82	84	84	80	76	25	0	80	0	0 	0 	0 	53 	8	8	8	31	16	0	0	0	0	100	0	1000	950	0 	0 	3705057 
	5032	2100	5.史進	5	32	風	1921691	1.0 	0	0	"4,100 "	"3,900 "	21 	18 	86	84	86	86	82	78	26	0	82	0	0 	0 	0 	55 	8	8	8	32	16	0	0	0	0	100	0	1025	974	0 	0 	4363526 
	5033	2100	5.史進	5	33	風	2173509	1.0 	0	0	"4,200 "	"4,000 "	21 	18 	88	86	88	88	84	80	26	0	84	0	0 	0 	0 	56 	8	8	8	33	16	0	0	0	0	100	0	1050	998	0 	0 	5138469 
	5034	2100	5.史進	5	34	風	2444044	1.0 	0	0	"4,300 "	"4,100 "	21 	18 	90	88	90	90	86	82	27	0	86	0	0 	0 	0 	58 	8	8	8	34	16	0	0	0	0	100	0	1075	1021	0 	0 	6040191 
	5035	2100	5.史進	5	35	風	2832621	1.0 	0	0	"4,400 "	"4,200 "	21 	18 	92	90	92	92	88	84	27	0	88	0	0 	0 	0 	60 	9	9	9	35	16	0	0	0	0	100	0	1100	1045	0 	0 	7338550 
	5036	2100	5.史進	5	36	風	3162043	1.0 	0	0	"4,500 "	"4,300 "	21 	18 	95	92	95	95	90	86	28	0	90	0	0 	0 	0 	61 	9	9	9	35	16	0	0	0	0	100	0	1125	1069	0 	0 	8443957 
	5037	2100	5.史進	5	37	風	3515066	1.0 	0	0	"4,600 "	"4,350 "	21 	18 	97	94	97	97	92	87	28	0	92	0	0 	0 	0 	63 	9	9	9	36	16	0	0	0	0	100	0	1150	1093	0 	0 	9715354 
	5038	2100	5.史進	5	38	風	3900977	1.0 	0	0	"4,700 "	"4,450 "	21 	18 	99	96	99	99	94	89	29	0	94	0	0 	0 	0 	64 	9	9	9	37	16	0	0	0	0	100	0	1175	1116	0 	0 	10659737 
	5039	2100	5.史進	5	39	風	4319166	1.0 	0	0	"4,800 "	"4,550 "	21 	18 	101	98	101	101	96	91	29	0	96	0	0 	0 	0 	66 	9	9	9	38	16	0	0	0	0	100	0	1200	1140	0 	0 	11687154 
	5040	2100	5.史進	5	40	風	4897131	1.0 	0	0	"4,900 "	"4,650 "	21 	18 	103	100	103	103	98	93	30	0	98	0	0 	0 	0 	68 	10	10	10	38	16	0	0	0	0	100	0	1225	1164	0 	0 	12526469 
	5041	2100	5.史進	5	41	風	5386529	1.0 	0	0	"5,000 "	"4,750 "	21 	18 	105	102	105	105	100	95	30	0	100	0	0 	0 	0 	70 	10	10	10	39	16	0	0	0	0	100	0	1250	1188	0 	0 	13057886 
	5042	2100	5.史進	5	42	風	5913069	1.0 	0	0	"5,100 "	"4,850 "	21 	18 	107	104	107	107	102	97	31	0	102	0	0 	0 	0 	72 	10	10	10	40	16	0	0	0	0	100	0	1275	1211	0 	0 	13611984 
	5043	2100	5.史進	5	43	風	6469814	1.0 	0	0	"5,200 "	"4,950 "	21 	18 	109	106	109	109	104	99	31	0	104	0	0 	0 	0 	73 	10	10	10	41	16	0	0	0	0	100	0	1300	1235	0 	0 	14170264 
	5044	2100	5.史進	5	44	風	7074107	1.0 	0	0	"5,300 "	"5,050 "	21 	18 	111	108	111	111	106	101	32	0	106	0	0 	0 	0 	75 	10	10	10	42	16	0	0	0	0	100	0	1325	1259	0 	0 	14741964 
	5045	2100	5.史進	5	45	風	7890730	1.0 	0	0	"5,400 "	"5,150 "	21 	18 	113	110	113	113	108	103	32	0	108	0	0 	0 	0 	77 	11	11	11	42	16	0	0	0	0	100	0	1350	1283	0 	0 	15666214 
	5046	2100	5.史進	5	46	風	8584671	1.0 	0	0	"5,500 "	"5,250 "	21 	18 	116	112	116	116	110	105	33	0	110	0	0 	0 	0 	79 	11	11	11	43	16	0	0	0	0	100	0	1375	1306	0 	0 	16265300 
	5047	2100	5.史進	5	47	風	9329280	1.0 	0	0	"5,600 "	"5,300 "	21 	18 	118	114	118	118	112	106	33	0	112	0	0 	0 	0 	81 	11	11	11	44	16	0	0	0	0	100	0	1400	1330	0 	0 	16884137 
	5048	2100	5.史進	5	48	風	10116000	1.0 	0	0	"5,700 "	"5,400 "	21 	18 	120	116	120	120	114	108	34	0	114	0	0 	0 	0 	83 	11	11	11	45	16	0	0	0	0	100	0	1425	1354	0 	0 	17514329 
	5049	2100	5.史進	5	49	風	10949519	1.0 	0	0	"5,800 "	"5,500 "	21 	18 	122	118	122	122	116	110	34	0	116	0	0 	0 	0 	84 	11	11	11	45	16	0	0	0	0	100	0	1450	1378	0 	0 	18160481 
	5050	2100	5.史進	5	50	風	12057240	1.0 	0	0	"5,900 "	"5,600 "	21 	18 	124	120	124	124	118	112	35	0	118	0	0 	0 	0 	87 	12	12	12	46	16	0	0	0	0	100	0	1475	1401	0 	0 	19714091 
	5051	2100	5.史進	5	51	風	13009300	1.0 	0	0	"6,000 "	"5,700 "	21 	18 	126	122	126	126	120	114	35	0	120	0	0 	0 	0 	89 	12	12	12	47	16	0	0	0	0	100	0	1500	1425	0 	0 	21000727 
	5052	2100	5.史進	5	52	風	14014971	1.0 	0	0	"6,100 "	"5,800 "	21 	18 	128	124	128	128	122	116	36	0	122	0	0 	0 	0 	91 	12	12	12	48	16	0	0	0	0	100	0	1525	1449	0 	0 	22360229 
	5053	2100	5.史進	5	53	風	15085891	1.0 	0	0	"6,200 "	"5,900 "	21 	18 	130	126	130	130	124	118	36	0	124	0	0 	0 	0 	93 	12	12	12	49	16	0	0	0	0	100	0	1550	1473	0 	0 	23795621 
	5054	2100	5.史進	5	54	風	16205000	1.0 	0	0	"6,300 "	"6,000 "	21 	18 	132	129	132	132	126	120	37	0	126	0	0 	0 	0 	95 	12	12	12	49	16	0	0	0	0	100	0	1575	1496	0 	0 	25315000 
	5055	2100	5.史進	5	55	風	17648320	1.0 	0	0	"6,400 "	"6,100 "	21 	18 	134	131	134	134	128	122	37	0	128	0	0 	0 	0 	98 	13	13	13	50	16	0	0	0	0	100	0	1600	1520	0 	0 	27321360 
	5056	2100	5.史進	5	56	風	18903783	1.0 	0	0	"6,500 "	"6,200 "	21 	18 	137	133	137	137	130	124	38	0	130	0	0 	0 	0 	99 	13	13	13	51	16	0	0	0	0	100	0	1625	1544	0 	0 	29034091 
	5057	2100	5.史進	5	57	風	20212753	1.0 	0	0	"6,600 "	"6,250 "	21 	18 	139	135	139	139	132	125	38	0	132	0	0 	0 	0 	101 	13	13	13	52	16	0	0	0	0	100	0	1650	1568	0 	0 	30829046 
	5058	2100	5.史進	5	58	風	21598514	1.0 	0	0	"6,700 "	"6,350 "	21 	18 	141	137	141	141	134	127	39	0	134	0	0 	0 	0 	103 	13	13	13	53	16	0	0	0	0	100	0	1675	1591	0 	0 	32730940 
	5059	2100	5.史進	5	59	風	23053189	1.0 	0	0	"6,800 "	"6,450 "	21 	18 	143	139	143	143	136	129	39	0	136	0	0 	0 	0 	105 	13	13	13	53	16	0	0	0	0	100	0	1700	1615	0 	0 	34727711 
	5060	2100	5.史進	5	60	風	24919417	1.0 	0	0	"6,900 "	"6,550 "	21 	18 	145	141	145	145	138	131	40	0	138	0	0 	0 	0 	109 	14	14	14	54	16	0	0	0	0	100	0	1725	1639	0 	0 	36601166 
#	5061	2100	5.史進	5	61	風	26554560	1.0 	0	0	"7,000 "	"6,650 "	21 	18 	147	143	147	147	140	133	40	0	140	0	0 	0 	0 	111 	14	14	14	55	16	0	0	0	0	100	0	1750	1663	0 	0 	38043109 
	5062	2100	5.史進	5	62	風	28299291	1.0 	0	0	"7,100 "	"6,750 "	21 	18 	149	145	149	149	142	135	41	0	142	0	0 	0 	0 	113 	14	14	14	56	16	0	0	0	0	100	0	1775	1686	0 	0 	39530103 
	5063	2100	5.史進	5	63	風	30138569	1.0 	0	0	"7,200 "	"6,850 "	21 	18 	151	147	151	151	144	137	41	0	144	0	0 	0 	0 	115 	14	14	14	56	16	0	0	0	0	100	0	1800	1710	0 	0 	41056489 
	5064	2100	5.史進	5	64	風	32082851	1.0 	0	0	"7,300 "	"6,950 "	21 	18 	153	149	153	153	146	139	42	0	146	0	0 	0 	0 	117 	14	14	14	57	16	0	0	0	0	100	0	1825	1734	0 	0 	42629691 
	5065	2100	5.史進	5	65	風	34527677	1.0 	0	0	"7,400 "	"7,050 "	21 	18 	155	151	155	155	148	141	42	0	148	0	0 	0 	0 	121 	15	15	15	58	16	0	0	0	0	100	0	1850	1758	0 	0 	44758100 
	5066	2100	5.史進	5	66	風	36722880	1.0 	0	0	"7,500 "	"7,150 "	21 	18 	158	153	158	158	150	143	43	0	150	0	0 	0 	0 	123 	15	15	15	59	16	0	0	0	0	100	0	1875	1781	0 	0 	46434960 
	5067	2100	5.史進	5	67	風	39029863	1.0 	0	0	"7,600 "	"7,200 "	21 	18 	160	155	160	160	152	144	43	0	152	0	0 	0 	0 	125 	15	15	15	60	16	0	0	0	0	100	0	1900	1805	0 	0 	48152743 
	5068	2100	5.史進	5	68	風	41475343	1.0 	0	0	"7,700 "	"7,300 "	21 	18 	162	157	162	162	154	146	44	0	154	0	0 	0 	0 	127 	15	15	15	60	16	0	0	0	0	100	0	1925	1829	0 	0 	49930650 
	5069	2100	5.史進	5	69	風	44065371	1.0 	0	0	"7,800 "	"7,400 "	21 	18 	164	159	164	164	156	148	44	0	156	0	0 	0 	0 	129 	15	15	15	61	16	0	0	0	0	100	0	1950	1853	0 	0 	51752863 
	5070	2100	5.史進	5	70	風	9999999999	1.0 	0	0	"7,900 "	"7,500 "	21 	18 	166	161	166	166	158	150	45	0	158	0	0 	0 	0 	133 	15	15	15	62	16	0	0	0	0	100	0	1975	1876	0 	0 	9999999999 
	5071	2100	5.史進	5	71	風	9999999999	1.0 	0	0	"8,000 "	"7,600 "	21 	18 	168	163	168	168	160	152	45	0	160	0	0 	0 	0 	136 	16	16	16	63	16	0	0	0	0	100	0	2000	1900	0 	0 	9999999999 
	5072	2100	5.史進	5	72	風	9999999999	1.0 	0	0	"8,100 "	"7,700 "	21 	18 	170	165	170	170	162	154	46	0	162	0	0 	0 	0 	138 	16	16	16	64	16	0	0	0	0	100	0	2025	1924	0 	0 	9999999999 
	5073	2100	5.史進	5	73	風	9999999999	1.0 	0	0	"8,200 "	"7,800 "	21 	18 	172	167	172	172	164	156	46	0	164	0	0 	0 	0 	140 	16	16	16	64	16	0	0	0	0	100	0	2050	1948	0 	0 	9999999999 
	5074	2100	5.史進	5	74	風	9999999999	1.0 	0	0	"8,300 "	"7,900 "	21 	18 	174	169	174	174	166	158	47	0	166	0	0 	0 	0 	143 	16	16	16	65	16	0	0	0	0	100	0	2075	1971	0 	0 	9999999999 
	5075	2100	5.史進	5	75	風	9999999999	1.0 	0	0	"8,400 "	"8,000 "	21 	18 	176	171	176	176	168	160	47	0	168	0	0 	0 	0 	147 	16	16	16	66	16	0	0	0	0	100	0	2100	1995	0 	0 	9999999999 
	5076	2100	5.史進	5	76	風	9999999999	1.0 	0	0	"8,500 "	"8,100 "	21 	18 	179	173	179	179	170	162	48	0	170	0	0 	0 	0 	149 	17	17	17	67	16	0	0	0	0	100	0	2125	2019	0 	0 	9999999999 
	5077	2100	5.史進	5	77	風	9999999999	1.0 	0	0	"8,600 "	"8,150 "	21 	18 	181	175	181	181	172	163	48	0	172	0	0 	0 	0 	152 	17	17	17	67	16	0	0	0	0	100	0	2150	2043	0 	0 	9999999999 
	5078	2100	5.史進	5	78	風	9999999999	1.0 	0	0	"8,700 "	"8,250 "	21 	18 	183	177	183	183	174	165	49	0	174	0	0 	0 	0 	154 	17	17	17	68	16	0	0	0	0	100	0	2175	2066	0 	0 	9999999999 
	5079	2100	5.史進	5	79	風	9999999999	1.0 	0	0	"8,800 "	"8,350 "	21 	18 	185	180	185	185	176	167	49	0	176	0	0 	0 	0 	157 	17	17	17	69	16	0	0	0	0	100	0	2200	2090	0 	0 	9999999999 
	5080	2100	5.史進	5	80	風	9999999999	1.0 	0	0	"8,900 "	"8,450 "	21 	18 	187	182	187	187	178	169	50	0	178	0	0 	0 	0 	162 	17	17	17	70	16	0	0	0	0	100	0	2225	2114	0 	0 	9999999999 
	5081	2100	5.史進	5	81	風	9999999999	1.0 	0	0	"9,000 "	"8,550 "	21 	18 	189	184	189	189	180	171	50	0	180	0	0 	0 	0 	164 	18	18	18	71	16	0	0	0	0	100	0	2250	2138	0 	0 	9999999999 
	5082	2100	5.史進	5	82	風	9999999999	1.0 	0	0	"9,100 "	"8,650 "	21 	18 	191	186	191	191	182	173	51	0	182	0	0 	0 	0 	167 	18	18	18	71	16	0	0	0	0	100	0	2275	2161	0 	0 	9999999999 
	5083	2100	5.史進	5	83	風	9999999999	1.0 	0	0	"9,200 "	"8,750 "	21 	18 	193	188	193	193	184	175	51	0	184	0	0 	0 	0 	169 	18	18	18	72	16	0	0	0	0	100	0	2300	2185	0 	0 	9999999999 
	5084	2100	5.史進	5	84	風	9999999999	1.0 	0	0	"9,300 "	"8,850 "	21 	18 	195	190	195	195	186	177	52	0	186	0	0 	0 	0 	172 	18	18	18	73	16	0	0	0	0	100	0	2325	2209	0 	0 	9999999999 
	5085	2100	5.史進	5	85	風	9999999999	1.0 	0	0	"9,400 "	"8,950 "	21 	18 	197	192	197	197	188	179	52	0	188	0	0 	0 	0 	177 	18	18	18	74	16	0	0	0	0	100	0	2350	2233	0 	0 	9999999999 
	5086	2100	5.史進	5	86	風	9999999999	1.0 	0	0	"9,500 "	"9,050 "	21 	18 	200	194	200	200	190	181	53	0	190	0	0 	0 	0 	180 	19	19	19	75	16	0	0	0	0	100	0	2375	2256	0 	0 	9999999999 
	5087	2100	5.史進	5	87	風	9999999999	1.0 	0	0	"9,600 "	"9,100 "	21 	18 	202	196	202	202	192	182	53	0	192	0	0 	0 	0 	183 	19	19	19	75	16	0	0	0	0	100	0	2400	2280	0 	0 	9999999999 
	5088	2100	5.史進	5	88	風	9999999999	1.0 	0	0	"9,700 "	"9,200 "	21 	18 	204	198	204	204	194	184	54	0	194	0	0 	0 	0 	186 	19	19	19	76	16	0	0	0	0	100	0	2425	2304	0 	0 	9999999999 
	5089	2100	5.史進	5	89	風	9999999999	1.0 	0	0	"9,800 "	"9,300 "	21 	18 	206	200	206	206	196	186	54	0	196	0	0 	0 	0 	188 	19	19	19	77	16	0	0	0	0	100	0	2450	2328	0 	0 	9999999999 
	5090	2100	5.史進	5	90	風	9999999999	1.0 	0	0	"9,900 "	"9,400 "	21 	18 	208	202	208	208	198	188	55	0	198	0	0 	0 	0 	194 	19	19	19	78	16	0	0	0	0	100	0	2475	2351	0 	0 	9999999999 
	5091	2100	5.史進	5	91	風	9999999999	1.0 	0	0	"10,000 "	"9,500 "	21 	18 	210	204	210	210	200	190	55	0	200	0	0 	0 	0 	197 	20	20	20	78	16	0	0	0	0	100	0	2500	2375	0 	0 	9999999999 
	5092	2100	5.史進	5	92	風	9999999999	1.0 	0	0	"10,100 "	"9,600 "	21 	18 	212	206	212	212	202	192	56	0	202	0	0 	0 	0 	200 	20	20	20	79	16	0	0	0	0	100	0	2525	2399	0 	0 	9999999999 
	5093	2100	5.史進	5	93	風	9999999999	1.0 	0	0	"10,200 "	"9,700 "	21 	18 	214	208	214	214	204	194	56	0	204	0	0 	0 	0 	203 	20	20	20	80	16	0	0	0	0	100	0	2550	2423	0 	0 	9999999999 
	5094	2100	5.史進	5	94	風	9999999999	1.0 	0	0	"10,300 "	"9,800 "	21 	18 	216	210	216	216	206	196	57	0	206	0	0 	0 	0 	206 	20	20	20	81	16	0	0	0	0	100	0	2575	2446	0 	0 	9999999999 
	5095	2100	5.史進	5	95	風	9999999999	1.0 	0	0	"10,400 "	"9,900 "	21 	18 	218	212	218	218	208	198	57	0	208	0	0 	0 	0 	213 	20	20	20	82	16	0	0	0	0	100	0	2600	2470	0 	0 	9999999999 
	5096	2100	5.史進	5	96	風	9999999999	1.0 	0	0	"10,500 "	"10,000 "	21 	18 	221	214	221	221	210	200	58	0	210	0	0 	0 	0 	216 	21	21	21	82	16	0	0	0	0	100	0	2625	2494	0 	0 	9999999999 
	5097	2100	5.史進	5	97	風	9999999999	1.0 	0	0	"10,600 "	"10,050 "	21 	18 	223	216	223	223	212	201	58	0	212	0	0 	0 	0 	219 	21	21	21	83	16	0	0	0	0	100	0	2650	2518	0 	0 	9999999999 
	5098	2100	5.史進	5	98	風	9999999999	1.0 	0	0	"10,700 "	"10,150 "	21 	18 	225	218	225	225	214	203	59	0	214	0	0 	0 	0 	222 	21	21	21	84	16	0	0	0	0	100	0	2675	2541	0 	0 	9999999999 
	5099	2100	5.史進	5	99	風	9999999999	1.0 	0	0	"10,800 "	"10,250 "	21 	18 	227	220	227	227	216	205	59	0	216	0	0 	0 	0 	225 	21	21	21	85	16	0	0	0	0	100	0	2700	2565	0 	0 	9999999999 
	6001	2100	6.李逵	6	1	火	69	1.0 	0	0	"1,400 "	850 	19 	25 	20	21	20	19	28	17	10	0	20	0	0 	0 	14 	0 	2	2	8	2	16	0	0	0	0	100	0	275	238	0 	0 	60 
	6002	2100	6.李逵	6	2	火	193	1.0 	0	0	"1,550 "	900 	19 	25 	22	23	22	21	31	18	11	0	22	0	0 	0 	15 	0 	2	2	8	2	16	0	0	0	0	100	0	303	261	0 	0 	207 
	6003	2100	6.李逵	6	3	火	471	1.0 	0	0	"1,700 "	"1,000 "	19 	25 	24	25	24	23	34	20	11	0	24	0	0 	0 	17 	0 	2	2	9	2	16	0	0	0	0	100	0	330	285	0 	0 	613 
	6004	2100	6.李逵	6	4	火	950	1.0 	0	0	"1,800 "	"1,100 "	19 	25 	25	28	25	25	36	22	12	0	26	0	0 	0 	18 	0 	2	2	10	2	16	0	0	0	0	100	0	358	309	0 	0 	1384 
	6005	2100	6.李逵	6	5	火	1616	1.0 	0	0	"1,950 "	"1,200 "	19 	25 	27	30	27	27	39	24	12	0	28	0	0 	0 	19 	0 	3	3	11	3	16	0	0	0	0	100	0	385	333	0 	0 	2651 
	6006	2100	6.李逵	6	6	火	2571	1.0 	0	0	"2,100 "	"1,250 "	19 	25 	29	32	29	29	42	25	13	0	30	0	0 	0 	20 	0 	3	3	11	3	16	0	0	0	0	100	0	413	356	0 	0 	4343 
	6007	2100	6.李逵	6	7	火	3934	1.0 	0	0	"2,250 "	"1,350 "	19 	25 	31	34	31	30	45	27	13	0	32	0	0 	0 	22 	0 	3	3	12	3	16	0	0	0	0	100	0	440	380	0 	0 	6789 
	6008	2100	6.李逵	6	8	火	5800	1.0 	0	0	"2,400 "	"1,450 "	19 	25 	33	36	33	32	48	29	14	0	34	0	0 	0 	23 	0 	3	3	13	3	16	0	0	0	0	100	0	468	404	0 	0 	9700 
	6009	2100	6.李逵	6	9	火	8297	1.0 	0	0	"2,500 "	"1,500 "	19 	25 	35	38	35	34	50	30	14	0	36	0	0 	0 	24 	0 	3	3	14	3	16	0	0	0	0	100	0	495	428	0 	0 	12697 
	6010	2100	6.李逵	6	10	火	16929	1.0 	0	0	"2,650 "	"1,600 "	19 	25 	37	40	37	36	53	32	15	0	38	0	0 	0 	26 	0 	4	4	14	4	16	0	0	0	0	100	0	523	451	0 	0 	23023 
	6011	2100	6.李逵	6	11	火	21979	1.0 	0	0	"2,800 "	"1,700 "	19 	25 	39	42	39	38	56	34	15	0	40	0	0 	0 	27 	0 	4	4	15	4	16	0	0	0	0	100	0	550	475	0 	0 	26633 
	6012	2100	6.李逵	6	12	火	28114	1.0 	0	0	"2,950 "	"1,750 "	19 	25 	41	45	41	40	59	35	16	0	42	0	0 	0 	28 	0 	4	4	16	4	16	0	0	0	0	100	0	578	499	0 	0 	30457 
	6013	2100	6.李逵	6	13	火	35970	1.0 	0	0	"3,100 "	"1,850 "	19 	25 	43	47	43	42	62	37	16	0	44	0	0 	0 	30 	0 	4	4	17	4	16	0	0	0	0	100	0	605	523	0 	0 	34980 
	6014	2100	6.李逵	6	14	火	45880	1.0 	0	0	"3,200 "	"1,950 "	19 	25 	45	49	45	44	64	39	17	0	46	0	0 	0 	31 	0 	4	4	17	4	16	0	0	0	0	100	0	633	546	0 	0 	39590 
	6015	2100	6.李逵	6	15	火	68486	1.0 	0	0	"3,350 "	"2,000 "	19 	25 	47	51	47	46	67	40	17	0	48	0	0 	0 	32 	0 	5	5	18	5	16	0	0	0	0	100	0	660	570	0 	0 	62171 
	6016	2100	6.李逵	6	16	火	85560	1.0 	0	0	"3,500 "	"2,100 "	19 	25 	49	53	49	48	70	42	18	0	50	0	0 	0 	34 	0 	5	5	19	5	16	0	0	0	0	100	0	688	594	0 	0 	81309 
	6017	2100	6.李逵	6	17	火	112797	1.0 	0	0	"3,650 "	"2,200 "	19 	25 	51	55	51	49	73	44	18	0	52	0	0 	0 	35 	0 	5	5	20	5	16	0	0	0	0	100	0	715	618	0 	0 	106983 
	6018	2100	6.李逵	6	18	火	147456	1.0 	0	0	"3,800 "	"2,250 "	19 	25 	53	57	53	51	76	45	19	0	54	0	0 	0 	37 	0 	5	5	20	5	16	0	0	0	0	100	0	743	641	0 	0 	139861 
	6019	2100	6.李逵	6	19	火	193489	1.0 	0	0	"3,900 "	"2,350 "	19 	25 	55	59	55	53	78	47	19	0	56	0	0 	0 	38 	0 	5	5	21	5	16	0	0	0	0	100	0	770	665	0 	0 	182471 
	6020	2100	6.李逵	6	20	火	277496	1.0 	0	0	"4,050 "	"2,450 "	19 	25 	57	61	57	55	81	49	20	0	58	0	0 	0 	40 	0 	5	5	22	5	16	0	0	0	0	100	0	798	689	0 	0 	260306 
	6021	2100	6.李逵	6	21	火	326480	1.0 	0	0	"4,200 "	"2,500 "	19 	25 	59	64	59	57	84	50	20	0	60	0	0 	0 	40 	0 	6	6	23	6	16	0	0	0	0	100	0	825	713	0 	0 	336160 
	6022	2100	6.李逵	6	22	火	382436	1.0 	0	0	"4,350 "	"2,600 "	19 	25 	61	66	61	59	87	52	21	0	62	0	0 	0 	43 	0 	6	6	23	6	16	0	0	0	0	100	0	853	736	0 	0 	432483 
	6023	2100	6.李逵	6	23	火	460560	1.0 	0	0	"4,500 "	"2,700 "	19 	25 	63	68	63	61	90	54	21	0	64	0	0 	0 	44 	0 	6	6	24	6	16	0	0	0	0	100	0	880	760	0 	0 	555500 
	6024	2100	6.李逵	6	24	火	550800	1.0 	0	0	"4,600 "	"2,750 "	19 	25 	65	70	65	63	92	55	22	0	66	0	0 	0 	46 	0 	6	6	25	6	16	0	0	0	0	100	0	908	784	0 	0 	712800 
	6025	2100	6.李逵	6	25	火	693754	1.0 	0	0	"4,750 "	"2,850 "	19 	25 	67	72	67	65	95	57	22	0	68	0	0 	0 	47 	0 	6	6	26	6	16	0	0	0	0	100	0	935	808	0 	0 	970766 
	6026	2100	6.李逵	6	26	火	813393	1.0 	0	0	"4,900 "	"2,950 "	19 	25 	69	74	69	67	98	59	23	0	70	0	0 	0 	48 	0 	7	7	26	7	16	0	0	0	0	100	0	963	831	0 	0 	1236357 
	6027	2100	6.李逵	6	27	火	943920	1.0 	0	0	"5,050 "	"3,000 "	19 	25 	71	76	71	68	101	60	23	0	72	0	0 	0 	51 	0 	7	7	27	7	16	0	0	0	0	100	0	990	855	0 	0 	1573200 
	6028	2100	6.李逵	6	28	火	1084380	1.0 	0	0	"5,200 "	"3,100 "	19 	25 	73	78	73	70	104	62	24	0	74	0	0 	0 	52 	0 	7	7	28	7	16	0	0	0	0	100	0	1018	879	0 	0 	1999234 
	6029	2100	6.李逵	6	29	火	1236167	1.0 	0	0	"5,300 "	"3,200 "	19 	25 	74	81	74	72	106	64	24	0	76	0	0 	0 	54 	0 	7	7	29	7	16	0	0	0	0	100	0	1045	903	0 	0 	2540409 
	6030	2100	6.李逵	6	30	火	1456193	1.0 	0	0	"5,450 "	"3,300 "	19 	25 	76	83	76	74	109	66	25	0	78	0	0 	0 	55 	0 	7	7	29	7	16	0	0	0	0	100	0	1073	926	0 	0 	3139436 
	6031	2100	6.李逵	6	31	火	1703247	1.0 	0	0	"5,600 "	"3,350 "	19 	25 	78	85	78	76	112	67	25	0	80	0	0 	0 	57 	0 	8	8	30	8	16	0	0	0	0	100	0	1100	950	0 	0 	3705057 
	6032	2100	6.李逵	6	32	火	1921691	1.0 	0	0	"5,750 "	"3,450 "	19 	25 	80	87	80	78	115	69	26	0	82	0	0 	0 	59 	0 	8	8	31	8	16	0	0	0	0	100	0	1128	974	0 	0 	4363526 
	6033	2100	6.李逵	6	33	火	2173509	1.0 	0	0	"5,900 "	"3,550 "	19 	25 	82	89	82	80	118	71	26	0	84	0	0 	0 	60 	0 	8	8	32	8	16	0	0	0	0	100	0	1155	998	0 	0 	5138469 
	6034	2100	6.李逵	6	34	火	2444044	1.0 	0	0	"6,000 "	"3,600 "	19 	25 	84	91	84	82	120	72	27	0	86	0	0 	0 	62 	0 	8	8	32	8	16	0	0	0	0	100	0	1183	1021	0 	0 	6040191 
	6035	2100	6.李逵	6	35	火	2832621	1.0 	0	0	"6,150 "	"3,700 "	19 	25 	86	93	86	84	123	74	27	0	88	0	0 	0 	64 	0 	8	8	33	8	16	0	0	0	0	100	0	1210	1045	0 	0 	7338550 
	6036	2100	6.李逵	6	36	火	3162043	1.0 	0	0	"6,300 "	"3,800 "	19 	25 	88	95	88	86	126	76	28	0	90	0	0 	0 	66 	0 	8	8	34	8	16	0	0	0	0	100	0	1238	1069	0 	0 	8443957 
	6037	2100	6.李逵	6	37	火	3515066	1.0 	0	0	"6,450 "	"3,850 "	19 	25 	90	98	90	87	129	77	28	0	92	0	0 	0 	67 	0 	9	9	35	9	16	0	0	0	0	100	0	1265	1093	0 	0 	9715354 
	6038	2100	6.李逵	6	38	火	3900977	1.0 	0	0	"6,600 "	"3,950 "	19 	25 	92	100	92	89	132	79	29	0	94	0	0 	0 	69 	0 	9	9	35	9	16	0	0	0	0	100	0	1293	1116	0 	0 	10659737 
	6039	2100	6.李逵	6	39	火	4319166	1.0 	0	0	"6,700 "	"4,050 "	19 	25 	94	102	94	91	134	81	29	0	96	0	0 	0 	71 	0 	9	9	36	9	16	0	0	0	0	100	0	1320	1140	0 	0 	11687154 
	6040	2100	6.李逵	6	40	火	4897131	1.0 	0	0	"6,850 "	"4,100 "	19 	25 	96	104	96	93	137	82	30	0	98	0	0 	0 	73 	0 	9	9	37	9	16	0	0	0	0	100	0	1348	1164	0 	0 	12526469 
	6041	2100	6.李逵	6	41	火	5386529	1.0 	0	0	"7,000 "	"4,200 "	19 	25 	98	106	98	95	140	84	30	0	100	0	0 	0 	75 	0 	9	9	38	9	16	0	0	0	0	100	0	1375	1188	0 	0 	13057886 
	6042	2100	6.李逵	6	42	火	5913069	1.0 	0	0	"7,150 "	"4,300 "	19 	25 	100	108	100	97	143	86	31	0	102	0	0 	0 	77 	0 	10	10	38	10	16	0	0	0	0	100	0	1403	1211	0 	0 	13611984 
	6043	2100	6.李逵	6	43	火	6469814	1.0 	0	0	"7,300 "	"4,350 "	19 	25 	102	110	102	99	146	87	31	0	104	0	0 	0 	79 	0 	10	10	39	10	16	0	0	0	0	100	0	1430	1235	0 	0 	14170264 
	6044	2100	6.李逵	6	44	火	7074107	1.0 	0	0	"7,400 "	"4,450 "	19 	25 	104	112	104	101	148	89	32	0	106	0	0 	0 	80 	0 	10	10	40	10	16	0	0	0	0	100	0	1458	1259	0 	0 	14741964 
	6045	2100	6.李逵	6	45	火	7890730	1.0 	0	0	"7,550 "	"4,550 "	19 	25 	106	114	106	103	151	91	32	0	108	0	0 	0 	83 	0 	10	10	41	10	16	0	0	0	0	100	0	1485	1283	0 	0 	15666214 
	6046	2100	6.李逵	6	46	火	8584671	1.0 	0	0	"7,700 "	"4,600 "	19 	25 	108	117	108	105	154	92	33	0	110	0	0 	0 	85 	0 	10	10	42	10	16	0	0	0	0	100	0	1513	1306	0 	0 	16265300 
	6047	2100	6.李逵	6	47	火	9329280	1.0 	0	0	"7,850 "	"4,700 "	19 	25 	110	119	110	106	157	94	33	0	112	0	0 	0 	87 	0 	11	11	42	11	16	0	0	0	0	100	0	1540	1330	0 	0 	16884137 
	6048	2100	6.李逵	6	48	火	10116000	1.0 	0	0	"8,000 "	"4,800 "	19 	25 	112	121	112	108	160	96	34	0	114	0	0 	0 	89 	0 	11	11	43	11	16	0	0	0	0	100	0	1568	1354	0 	0 	17514329 
	6049	2100	6.李逵	6	49	火	10949519	1.0 	0	0	"8,100 "	"4,850 "	19 	25 	114	123	114	110	162	97	34	0	116	0	0 	0 	91 	0 	11	11	44	11	16	0	0	0	0	100	0	1595	1378	0 	0 	18160481 
	6050	2100	6.李逵	6	50	火	12057240	1.0 	0	0	"8,250 "	"4,950 "	19 	25 	116	125	116	112	165	99	35	0	118	0	0 	0 	93 	0 	11	11	45	11	16	0	0	0	0	100	0	1623	1401	0 	0 	19714091 
	6051	2100	6.李逵	6	51	火	13009300	1.0 	0	0	"8,400 "	"5,050 "	19 	25 	118	127	118	114	168	101	35	0	120	0	0 	0 	95 	0 	11	11	45	11	16	0	0	0	0	100	0	1650	1425	0 	0 	21000727 
	6052	2100	6.李逵	6	52	火	14014971	1.0 	0	0	"8,550 "	"5,100 "	19 	25 	120	129	120	116	171	102	36	0	122	0	0 	0 	97 	0 	12	12	46	12	16	0	0	0	0	100	0	1678	1449	0 	0 	22360229 
	6053	2100	6.李逵	6	53	火	15085891	1.0 	0	0	"8,700 "	"5,200 "	19 	25 	122	131	122	118	174	104	36	0	124	0	0 	0 	99 	0 	12	12	47	12	16	0	0	0	0	100	0	1705	1473	0 	0 	23795621 
	6054	2100	6.李逵	6	54	火	16205000	1.0 	0	0	"8,800 "	"5,300 "	19 	25 	123	134	123	120	176	106	37	0	126	0	0 	0 	101 	0 	12	12	48	12	16	0	0	0	0	100	0	1733	1496	0 	0 	25315000 
	6055	2100	6.李逵	6	55	火	17648320	1.0 	0	0	"8,950 "	"5,400 "	19 	25 	125	136	125	122	179	108	37	0	128	0	0 	0 	104 	0 	12	12	48	12	16	0	0	0	0	100	0	1760	1520	0 	0 	27321360 
	6056	2100	6.李逵	6	56	火	18903783	1.0 	0	0	"9,100 "	"5,450 "	19 	25 	127	138	127	124	182	109	38	0	130	0	0 	0 	107 	0 	12	12	49	12	16	0	0	0	0	100	0	1788	1544	0 	0 	29034091 
	6057	2100	6.李逵	6	57	火	20212753	1.0 	0	0	"9,250 "	"5,550 "	19 	25 	129	140	129	125	185	111	38	0	132	0	0 	0 	109 	0 	12	12	50	12	16	0	0	0	0	100	0	1815	1568	0 	0 	30829046 
	6058	2100	6.李逵	6	58	火	21598514	1.0 	0	0	"9,400 "	"5,650 "	19 	25 	131	142	131	127	188	113	39	0	134	0	0 	0 	111 	0 	13	13	51	13	16	0	0	0	0	100	0	1843	1591	0 	0 	32730940 
	6059	2100	6.李逵	6	59	火	23053189	1.0 	0	0	"9,500 "	"5,700 "	19 	25 	133	144	133	129	190	114	39	0	136	0	0 	0 	113 	0 	13	13	51	13	16	0	0	0	0	100	0	1870	1615	0 	0 	34727711 
	6060	2100	6.李逵	6	60	火	24919417	1.0 	0	0	"9,650 "	"5,800 "	19 	25 	135	146	135	131	193	116	40	0	138	0	0 	0 	116 	0 	13	13	52	13	16	0	0	0	0	100	0	1898	1639	0 	0 	36601166 
#	6061	2100	6.李逵	6	61	火	26554560	1.0 	0	0	"9,800 "	"5,900 "	19 	25 	137	148	137	133	196	118	40	0	140	0	0 	0 	119 	0 	13	13	53	13	16	0	0	0	0	100	0	1925	1663	0 	0 	38043109 
	6062	2100	6.李逵	6	62	火	28299291	1.0 	0	0	"9,950 "	"5,950 "	19 	25 	139	151	139	135	199	119	41	0	142	0	0 	0 	121 	0 	13	13	54	13	16	0	0	0	0	100	0	1953	1686	0 	0 	39530103 
	6063	2100	6.李逵	6	63	火	30138569	1.0 	0	0	"10,100 "	"6,050 "	19 	25 	141	153	141	137	202	121	41	0	144	0	0 	0 	123 	0 	14	14	54	14	16	0	0	0	0	100	0	1980	1710	0 	0 	41056489 
	6064	2100	6.李逵	6	64	火	32082851	1.0 	0	0	"10,200 "	"6,150 "	19 	25 	143	155	143	139	204	123	42	0	146	0	0 	0 	125 	0 	14	14	55	14	16	0	0	0	0	100	0	2008	1734	0 	0 	42629691 
	6065	2100	6.李逵	6	65	火	34527677	1.0 	0	0	"10,350 "	"6,200 "	19 	25 	145	157	145	141	207	124	42	0	148	0	0 	0 	129 	0 	14	14	56	14	16	0	0	0	0	100	0	2035	1758	0 	0 	44758100 
	6066	2100	6.李逵	6	66	火	36722880	1.0 	0	0	"10,500 "	"6,300 "	19 	25 	147	159	147	143	210	126	43	0	150	0	0 	0 	131 	0 	14	14	57	14	16	0	0	0	0	100	0	2063	1781	0 	0 	46434960 
	6067	2100	6.李逵	6	67	火	39029863	1.0 	0	0	"10,650 "	"6,400 "	19 	25 	149	161	149	144	213	128	43	0	152	0	0 	0 	134 	0 	14	14	57	14	16	0	0	0	0	100	0	2090	1805	0 	0 	48152743 
	6068	2100	6.李逵	6	68	火	41475343	1.0 	0	0	"10,800 "	"6,450 "	19 	25 	151	163	151	146	216	129	44	0	154	0	0 	0 	136 	0 	15	15	58	15	16	0	0	0	0	100	0	2118	1829	0 	0 	49930650 
	6069	2100	6.李逵	6	69	火	44065371	1.0 	0	0	"10,900 "	"6,550 "	19 	25 	153	165	153	148	218	131	44	0	156	0	0 	0 	139 	0 	15	15	59	15	16	0	0	0	0	100	0	2145	1853	0 	0 	51752863 
	6070	2100	6.李逵	6	70	火	9999999999	1.0 	0	0	"11,050 "	"6,650 "	19 	25 	155	167	155	150	221	133	45	0	158	0	0 	0 	143 	0 	15	15	60	15	16	0	0	0	0	100	0	2173	1876	0 	0 	9999999999 
	6071	2100	6.李逵	6	71	火	9999999999	1.0 	0	0	"11,200 "	"6,700 "	19 	25 	157	170	157	152	224	134	45	0	160	0	0 	0 	145 	0 	15	15	60	15	16	0	0	0	0	100	0	2200	1900	0 	0 	9999999999 
	6072	2100	6.李逵	6	72	火	9999999999	1.0 	0	0	"11,350 "	"6,800 "	19 	25 	159	172	159	154	227	136	46	0	162	0	0 	0 	148 	0 	15	15	61	15	16	0	0	0	0	100	0	2228	1924	0 	0 	9999999999 
	6073	2100	6.李逵	6	73	火	9999999999	1.0 	0	0	"11,500 "	"6,900 "	19 	25 	161	174	161	156	230	138	46	0	164	0	0 	0 	150 	0 	15	15	62	15	16	0	0	0	0	100	0	2255	1948	0 	0 	9999999999 
	6074	2100	6.李逵	6	74	火	9999999999	1.0 	0	0	"11,600 "	"6,950 "	19 	25 	163	176	163	158	232	139	47	0	166	0	0 	0 	153 	0 	16	16	63	16	16	0	0	0	0	100	0	2283	1971	0 	0 	9999999999 
	6075	2100	6.李逵	6	75	火	9999999999	1.0 	0	0	"11,750 "	"7,050 "	19 	25 	165	178	165	160	235	141	47	0	168	0	0 	0 	158 	0 	16	16	63	16	16	0	0	0	0	100	0	2310	1995	0 	0 	9999999999 
	6076	2100	6.李逵	6	76	火	9999999999	1.0 	0	0	"11,900 "	"7,150 "	19 	25 	167	180	167	162	238	143	48	0	170	0	0 	0 	160 	0 	16	16	64	16	16	0	0	0	0	100	0	2338	2019	0 	0 	9999999999 
	6077	2100	6.李逵	6	77	火	9999999999	1.0 	0	0	"12,050 "	"7,200 "	19 	25 	169	182	169	163	241	144	48	0	172	0	0 	0 	163 	0 	16	16	65	16	16	0	0	0	0	100	0	2365	2043	0 	0 	9999999999 
	6078	2100	6.李逵	6	78	火	9999999999	1.0 	0	0	"12,200 "	"7,300 "	19 	25 	171	184	171	165	244	146	49	0	174	0	0 	0 	165 	0 	16	16	66	16	16	0	0	0	0	100	0	2393	2066	0 	0 	9999999999 
	6079	2100	6.李逵	6	79	火	9999999999	1.0 	0	0	"12,300 "	"7,400 "	19 	25 	172	187	172	167	246	148	49	0	176	0	0 	0 	168 	0 	17	17	66	17	16	0	0	0	0	100	0	2420	2090	0 	0 	9999999999 
	6080	2100	6.李逵	6	80	火	9999999999	1.0 	0	0	"12,450 "	"7,500 "	19 	25 	174	189	174	169	249	150	50	0	178	0	0 	0 	173 	0 	17	17	67	17	16	0	0	0	0	100	0	2448	2114	0 	0 	9999999999 
	6081	2100	6.李逵	6	81	火	9999999999	1.0 	0	0	"12,600 "	"7,550 "	19 	25 	176	191	176	171	252	151	50	0	180	0	0 	0 	176 	0 	17	17	68	17	16	0	0	0	0	100	0	2475	2138	0 	0 	9999999999 
	6082	2100	6.李逵	6	82	火	9999999999	1.0 	0	0	"12,750 "	"7,650 "	19 	25 	178	193	178	173	255	153	51	0	182	0	0 	0 	179 	0 	17	17	69	17	16	0	0	0	0	100	0	2503	2161	0 	0 	9999999999 
	6083	2100	6.李逵	6	83	火	9999999999	1.0 	0	0	"12,900 "	"7,750 "	19 	25 	180	195	180	175	258	155	51	0	184	0	0 	0 	182 	0 	17	17	69	17	16	0	0	0	0	100	0	2530	2185	0 	0 	9999999999 
	6084	2100	6.李逵	6	84	火	9999999999	1.0 	0	0	"13,000 "	"7,800 "	19 	25 	182	197	182	177	260	156	52	0	186	0	0 	0 	184 	0 	18	18	70	18	16	0	0	0	0	100	0	2558	2209	0 	0 	9999999999 
	6085	2100	6.李逵	6	85	火	9999999999	1.0 	0	0	"13,150 "	"7,900 "	19 	25 	184	199	184	179	263	158	52	0	188	0	0 	0 	190 	0 	18	18	71	18	16	0	0	0	0	100	0	2585	2233	0 	0 	9999999999 
	6086	2100	6.李逵	6	86	火	9999999999	1.0 	0	0	"13,300 "	"8,000 "	19 	25 	186	201	186	181	266	160	53	0	190	0	0 	0 	193 	0 	18	18	72	18	16	0	0	0	0	100	0	2613	2256	0 	0 	9999999999 
	6087	2100	6.李逵	6	87	火	9999999999	1.0 	0	0	"13,450 "	"8,050 "	19 	25 	188	204	188	182	269	161	53	0	192	0	0 	0 	196 	0 	18	18	72	18	16	0	0	0	0	100	0	2640	2280	0 	0 	9999999999 
	6088	2100	6.李逵	6	88	火	9999999999	1.0 	0	0	"13,600 "	"8,150 "	19 	25 	190	206	190	184	272	163	54	0	194	0	0 	0 	199 	0 	18	18	73	18	16	0	0	0	0	100	0	2668	2304	0 	0 	9999999999 
	6089	2100	6.李逵	6	89	火	9999999999	1.0 	0	0	"13,700 "	"8,250 "	19 	25 	192	208	192	186	274	165	54	0	196	0	0 	0 	202 	0 	18	18	74	18	16	0	0	0	0	100	0	2695	2328	0 	0 	9999999999 
	6090	2100	6.李逵	6	90	火	9999999999	1.0 	0	0	"13,850 "	"8,300 "	19 	25 	194	210	194	188	277	166	55	0	198	0	0 	0 	208 	0 	19	19	75	19	16	0	0	0	0	100	0	2723	2351	0 	0 	9999999999 
	6091	2100	6.李逵	6	91	火	9999999999	1.0 	0	0	"14,000 "	"8,400 "	19 	25 	196	212	196	190	280	168	55	0	200	0	0 	0 	211 	0 	19	19	75	19	16	0	0	0	0	100	0	2750	2375	0 	0 	9999999999 
	6092	2100	6.李逵	6	92	火	9999999999	1.0 	0	0	"14,150 "	"8,500 "	19 	25 	198	214	198	192	283	170	56	0	202	0	0 	0 	215 	0 	19	19	76	19	16	0	0	0	0	100	0	2778	2399	0 	0 	9999999999 
	6093	2100	6.李逵	6	93	火	9999999999	1.0 	0	0	"14,300 "	"8,550 "	19 	25 	200	216	200	194	286	171	56	0	204	0	0 	0 	218 	0 	19	19	77	19	16	0	0	0	0	100	0	2805	2423	0 	0 	9999999999 
	6094	2100	6.李逵	6	94	火	9999999999	1.0 	0	0	"14,400 "	"8,650 "	19 	25 	202	218	202	196	288	173	57	0	206	0	0 	0 	221 	0 	19	19	78	19	16	0	0	0	0	100	0	2833	2446	0 	0 	9999999999 
	6095	2100	6.李逵	6	95	火	9999999999	1.0 	0	0	"14,550 "	"8,750 "	19 	25 	204	220	204	198	291	175	57	0	208	0	0 	0 	228 	0 	20	20	78	20	16	0	0	0	0	100	0	2860	2470	0 	0 	9999999999 
	6096	2100	6.李逵	6	96	火	9999999999	1.0 	0	0	"14,700 "	"8,800 "	19 	25 	206	223	206	200	294	176	58	0	210	0	0 	0 	231 	0 	20	20	79	20	16	0	0	0	0	100	0	2888	2494	0 	0 	9999999999 
	6097	2100	6.李逵	6	97	火	9999999999	1.0 	0	0	"14,850 "	"8,900 "	19 	25 	208	225	208	201	297	178	58	0	212	0	0 	0 	235 	0 	20	20	80	20	16	0	0	0	0	100	0	2915	2518	0 	0 	9999999999 
	6098	2100	6.李逵	6	98	火	9999999999	1.0 	0	0	"15,000 "	"9,000 "	19 	25 	210	227	210	203	300	180	59	0	214	0	0 	0 	238 	0 	20	20	81	20	16	0	0	0	0	100	0	2943	2541	0 	0 	9999999999 
	6099	2100	6.李逵	6	99	火	9999999999	1.0 	0	0	"15,100 "	"9,050 "	19 	25 	212	229	212	205	302	181	59	0	216	0	0 	0 	241 	0 	20	20	82	20	16	0	0	0	0	100	0	2970	2565	0 	0 	9999999999 
	7001	2100	7.顧大嫂	7	1	水	69	1.0 	0 	0 	850 	950 	20 	15 	21 	18 	21 	20 	17 	19 	10 	0 	20 	0 	0 	13 	0 	0 	2 	9 	2 	2 	16 	0 	0 	0 	0 	100 	0 	225 	238 	0 	0 	60 
	7002	2100	7.顧大嫂	7	2	水	193	1.0 	0 	0 	950 	"1,050 "	20 	15 	23 	20 	23 	22 	19 	21 	11 	0 	22 	0 	0 	15 	0 	0 	2 	10 	2 	2 	16 	0 	0 	0 	0 	100 	0 	248 	261 	0 	0 	207 
	7003	2100	7.顧大嫂	7	3	水	471	1.0 	0 	0 	"1,050 "	"1,150 "	20 	15 	25 	22 	25 	24 	21 	23 	11 	0 	24 	0 	0 	16 	0 	0 	3 	10 	3 	3 	16 	0 	0 	0 	0 	100 	0 	270 	285 	0 	0 	613 
	7004	2100	7.顧大嫂	7	4	水	950	1.0 	0 	0 	"1,100 "	"1,250 "	20 	15 	27 	24 	27 	26 	22 	25 	12 	0 	26 	0 	0 	17 	0 	0 	3 	11 	3 	3 	16 	0 	0 	0 	0 	100 	0 	293 	309 	0 	0 	1384 
	7005	2100	7.顧大嫂	7	5	水	1616	1.0 	0 	0 	"1,200 "	"1,350 "	20 	15 	29 	26 	29 	28 	24 	27 	12 	0 	28 	0 	0 	18 	0 	0 	3 	12 	3 	3 	16 	0 	0 	0 	0 	100 	0 	315 	333 	0 	0 	2651 
	7006	2100	7.顧大嫂	7	6	水	2571	1.0 	0 	0 	"1,300 "	"1,450 "	20 	15 	31 	28 	31 	30 	26 	29 	13 	0 	30 	0 	0 	19 	0 	0 	3 	13 	3 	3 	16 	0 	0 	0 	0 	100 	0 	338 	356 	0 	0 	4343 
	7007	2100	7.顧大嫂	7	7	水	3934	1.0 	0 	0 	"1,400 "	"1,550 "	20 	15 	33 	29 	33 	32 	28 	31 	13 	0 	32 	0 	0 	20 	0 	0 	3 	14 	3 	3 	16 	0 	0 	0 	0 	100 	0 	360 	380 	0 	0 	6789 
	7008	2100	7.顧大嫂	7	8	水	5800	1.0 	0 	0 	"1,450 "	"1,650 "	20 	15 	35 	31 	35 	34 	29 	33 	14 	0 	34 	0 	0 	22 	0 	0 	4 	15 	4 	4 	16 	0 	0 	0 	0 	100 	0 	383 	404 	0 	0 	9700 
	7009	2100	7.顧大嫂	7	9	水	8297	1.0 	0 	0 	"1,550 "	"1,750 "	20 	15 	37 	33 	37 	36 	31 	35 	14 	0 	36 	0 	0 	23 	0 	0 	4 	16 	4 	4 	16 	0 	0 	0 	0 	100 	0 	405 	428 	0 	0 	12697 
	7010	2100	7.顧大嫂	7	10	水	16929	1.0 	0 	0 	"1,650 "	"1,800 "	20 	15 	40 	35 	40 	38 	33 	36 	15 	0 	38 	0 	0 	24 	0 	0 	4 	17 	4 	4 	16 	0 	0 	0 	0 	100 	0 	428 	451 	0 	0 	23023 
	7011	2100	7.顧大嫂	7	11	水	21979	1.0 	0 	0 	"1,700 "	"1,900 "	20 	15 	42 	37 	42 	40 	34 	38 	15 	0 	40 	0 	0 	25 	0 	0 	4 	17 	4 	4 	16 	0 	0 	0 	0 	100 	0 	450 	475 	0 	0 	26633 
	7012	2100	7.顧大嫂	7	12	水	28114	1.0 	0 	0 	"1,800 "	"2,000 "	20 	15 	44 	39 	44 	42 	36 	40 	16 	0 	42 	0 	0 	27 	0 	0 	5 	18 	5 	5 	16 	0 	0 	0 	0 	100 	0 	473 	499 	0 	0 	30457 
	7013	2100	7.顧大嫂	7	13	水	35970	1.0 	0 	0 	"1,900 "	"2,100 "	20 	15 	46 	40 	46 	44 	38 	42 	16 	0 	44 	0 	0 	28 	0 	0 	5 	19 	5 	5 	16 	0 	0 	0 	0 	100 	0 	495 	523 	0 	0 	34980 
	7014	2100	7.顧大嫂	7	14	水	45880	1.0 	0 	0 	"2,000 "	"2,200 "	20 	15 	48 	42 	48 	46 	40 	44 	17 	0 	46 	0 	0 	29 	0 	0 	5 	20 	5 	5 	16 	0 	0 	0 	0 	100 	0 	518 	546 	0 	0 	39590 
	7015	2100	7.顧大嫂	7	15	水	68486	1.0 	0 	0 	"2,050 "	"2,300 "	20 	15 	50 	44 	50 	48 	41 	46 	17 	0 	48 	0 	0 	31 	0 	0 	5 	21 	5 	5 	16 	0 	0 	0 	0 	100 	0 	540 	570 	0 	0 	62171 
	7016	2100	7.顧大嫂	7	16	水	85560	1.0 	0 	0 	"2,150 "	"2,400 "	20 	15 	52 	46 	52 	50 	43 	48 	18 	0 	50 	0 	0 	32 	0 	0 	5 	22 	5 	5 	16 	0 	0 	0 	0 	100 	0 	563 	594 	0 	0 	81309 
	7017	2100	7.顧大嫂	7	17	水	112797	1.0 	0 	0 	"2,250 "	"2,500 "	20 	15 	54 	48 	54 	52 	45 	50 	18 	0 	52 	0 	0 	33 	0 	0 	6 	23 	6 	6 	16 	0 	0 	0 	0 	100 	0 	585 	618 	0 	0 	106983 
	7018	2100	7.顧大嫂	7	18	水	147456	1.0 	0 	0 	"2,300 "	"2,600 "	20 	15 	56 	50 	56 	54 	46 	52 	19 	0 	54 	0 	0 	35 	0 	0 	6 	23 	6 	6 	16 	0 	0 	0 	0 	100 	0 	608 	641 	0 	0 	139861 
	7019	2100	7.顧大嫂	7	19	水	193489	1.0 	0 	0 	"2,400 "	"2,700 "	20 	15 	58 	52 	58 	56 	48 	54 	19 	0 	56 	0 	0 	36 	0 	0 	6 	24 	6 	6 	16 	0 	0 	0 	0 	100 	0 	630 	665 	0 	0 	182471 
	7020	2100	7.顧大嫂	7	20	水	277496	1.0 	0 	0 	"2,500 "	"2,800 "	20 	15 	60 	53 	60 	58 	50 	56 	20 	0 	58 	0 	0 	37 	0 	0 	6 	25 	6 	6 	16 	0 	0 	0 	0 	100 	0 	653 	689 	0 	0 	260306 
	7021	2100	7.顧大嫂	7	21	水	326480	1.0 	0 	0 	"2,600 "	"2,900 "	20 	15 	62 	55 	62 	60 	52 	58 	20 	0 	60 	0 	0 	38 	0 	0 	7 	26 	7 	7 	16 	0 	0 	0 	0 	100 	0 	675 	713 	0 	0 	336160 
	7022	2100	7.顧大嫂	7	22	水	382436	1.0 	0 	0 	"2,650 "	"3,000 "	20 	15 	64 	57 	64 	62 	53 	60 	21 	0 	62 	0 	0 	40 	0 	0 	7 	27 	7 	7 	16 	0 	0 	0 	0 	100 	0 	698 	736 	0 	0 	432483 
	7023	2100	7.顧大嫂	7	23	水	460560	1.0 	0 	0 	"2,750 "	"3,050 "	20 	15 	67 	59 	67 	64 	55 	61 	21 	0 	64 	0 	0 	41 	0 	0 	7 	28 	7 	7 	16 	0 	0 	0 	0 	100 	0 	720 	760 	0 	0 	555500 
	7024	2100	7.顧大嫂	7	24	水	550800	1.0 	0 	0 	"2,850 "	"3,150 "	20 	15 	69 	61 	69 	66 	57 	63 	22 	0 	66 	0 	0 	44 	0 	0 	7 	29 	7 	7 	16 	0 	0 	0 	0 	100 	0 	743 	784 	0 	0 	712800 
	7025	2100	7.顧大嫂	7	25	水	693754	1.0 	0 	0 	"2,900 "	"3,250 "	20 	15 	71 	63 	71 	68 	58 	65 	22 	0 	68 	0 	0 	45 	0 	0 	7 	30 	7 	7 	16 	0 	0 	0 	0 	100 	0 	765 	808 	0 	0 	970766 
	7026	2100	7.顧大嫂	7	26	水	813393	1.0 	0 	0 	"3,000 "	"3,350 "	20 	15 	73 	64 	73 	70 	60 	67 	23 	0 	70 	0 	0 	45 	0 	0 	8 	30 	8 	8 	16 	0 	0 	0 	0 	100 	0 	788 	831 	0 	0 	1236357 
	7027	2100	7.顧大嫂	7	27	水	943920	1.0 	0 	0 	"3,100 "	"3,450 "	20 	15 	75 	66 	75 	72 	62 	69 	23 	0 	72 	0 	0 	48 	0 	0 	8 	31 	8 	8 	16 	0 	0 	0 	0 	100 	0 	810 	855 	0 	0 	1573200 
	7028	2100	7.顧大嫂	7	28	水	1084380	1.0 	0 	0 	"3,200 "	"3,550 "	20 	15 	77 	68 	77 	74 	64 	71 	24 	0 	74 	0 	0 	49 	0 	0 	8 	32 	8 	8 	16 	0 	0 	0 	0 	100 	0 	833 	879 	0 	0 	1999234 
	7029	2100	7.顧大嫂	7	29	水	1236167	1.0 	0 	0 	"3,250 "	"3,650 "	20 	15 	79 	70 	79 	76 	65 	73 	24 	0 	76 	0 	0 	51 	0 	0 	8 	33 	8 	8 	16 	0 	0 	0 	0 	100 	0 	855 	903 	0 	0 	2540409 
	7030	2100	7.顧大嫂	7	30	水	1456193	1.0 	0 	0 	"3,350 "	"3,750 "	20 	15 	81 	72 	81 	78 	67 	75 	25 	0 	78 	0 	0 	52 	0 	0 	8 	34 	8 	8 	16 	0 	0 	0 	0 	100 	0 	878 	926 	0 	0 	3139436 
	7031	2100	7.顧大嫂	7	31	水	1703247	1.0 	0 	0 	"3,450 "	"3,850 "	20 	15 	83 	74 	83 	80 	69 	77 	25 	0 	80 	0 	0 	54 	0 	0 	9 	35 	9 	9 	16 	0 	0 	0 	0 	100 	0 	900 	950 	0 	0 	3705057 
	7032	2100	7.顧大嫂	7	32	水	1921691	1.0 	0 	0 	"3,550 "	"3,950 "	20 	15 	85 	75 	85 	82 	71 	79 	26 	0 	82 	0 	0 	55 	0 	0 	9 	36 	9 	9 	16 	0 	0 	0 	0 	100 	0 	923 	974 	0 	0 	4363526 
	7033	2100	7.顧大嫂	7	33	水	2173509	1.0 	0 	0 	"3,600 "	"4,050 "	20 	15 	87 	77 	87 	84 	72 	81 	26 	0 	84 	0 	0 	57 	0 	0 	9 	37 	9 	9 	16 	0 	0 	0 	0 	100 	0 	945 	998 	0 	0 	5138469 
	7034	2100	7.顧大嫂	7	34	水	2444044	1.0 	0 	0 	"3,700 "	"4,150 "	20 	15 	89 	79 	89 	86 	74 	83 	27 	0 	86 	0 	0 	58 	0 	0 	9 	37 	9 	9 	16 	0 	0 	0 	0 	100 	0 	968 	1021 	0 	0 	6040191 
	7035	2100	7.顧大嫂	7	35	水	2832621	1.0 	0 	0 	"3,800 "	"4,200 "	20 	15 	92 	81 	92 	88 	76 	84 	27 	0 	88 	0 	0 	60 	0 	0 	10 	38 	10 	10 	16 	0 	0 	0 	0 	100 	0 	990 	1045 	0 	0 	7338550 
	7036	2100	7.顧大嫂	7	36	水	3162043	1.0 	0 	0 	"3,850 "	"4,300 "	20 	15 	94 	83 	94 	90 	77 	86 	28 	0 	90 	0 	0 	62 	0 	0 	10 	39 	10 	10 	16 	0 	0 	0 	0 	100 	0 	1013 	1069 	0 	0 	8443957 
	7037	2100	7.顧大嫂	7	37	水	3515066	1.0 	0 	0 	"3,950 "	"4,400 "	20 	15 	96 	85 	96 	92 	79 	88 	28 	0 	92 	0 	0 	63 	0 	0 	10 	40 	10 	10 	16 	0 	0 	0 	0 	100 	0 	1035 	1093 	0 	0 	9715354 
	7038	2100	7.顧大嫂	7	38	水	3900977	1.0 	0 	0 	"4,050 "	"4,500 "	20 	15 	98 	86 	98 	94 	81 	90 	29 	0 	94 	0 	0 	65 	0 	0 	10 	41 	10 	10 	16 	0 	0 	0 	0 	100 	0 	1058 	1116 	0 	0 	10659737 
	7039	2100	7.顧大嫂	7	39	水	4319166	1.0 	0 	0 	"4,150 "	"4,600 "	20 	15 	100 	88 	100 	96 	83 	92 	29 	0 	96 	0 	0 	67 	0 	0 	10 	42 	10 	10 	16 	0 	0 	0 	0 	100 	0 	1080 	1140 	0 	0 	11687154 
	7040	2100	7.顧大嫂	7	40	水	4897131	1.0 	0 	0 	"4,200 "	"4,700 "	20 	15 	102 	90 	102 	98 	84 	94 	30 	0 	98 	0 	0 	69 	0 	0 	11 	43 	11 	11 	16 	0 	0 	0 	0 	100 	0 	1103 	1164 	0 	0 	12526469 
	7041	2100	7.顧大嫂	7	41	水	5386529	1.0 	0 	0 	"4,300 "	"4,800 "	20 	15 	104 	92 	104 	100 	86 	96 	30 	0 	100 	0 	0 	71 	0 	0 	11 	43 	11 	11 	16 	0 	0 	0 	0 	100 	0 	1125 	1188 	0 	0 	13057886 
	7042	2100	7.顧大嫂	7	42	水	5913069	1.0 	0 	0 	"4,400 "	"4,900 "	20 	15 	106 	94 	106 	102 	88 	98 	31 	0 	102 	0 	0 	72 	0 	0 	11 	44 	11 	11 	16 	0 	0 	0 	0 	100 	0 	1148 	1211 	0 	0 	13611984 
	7043	2100	7.顧大嫂	7	43	水	6469814	1.0 	0 	0 	"4,450 "	"5,000 "	20 	15 	108 	96 	108 	104 	89 	100 	31 	0 	104 	0 	0 	74 	0 	0 	11 	45 	11 	11 	16 	0 	0 	0 	0 	100 	0 	1170 	1235 	0 	0 	14170264 
	7044	2100	7.顧大嫂	7	44	水	7074107	1.0 	0 	0 	"4,550 "	"5,100 "	20 	15 	110 	98 	110 	106 	91 	102 	32 	0 	106 	0 	0 	76 	0 	0 	12 	46 	12 	12 	16 	0 	0 	0 	0 	100 	0 	1193 	1259 	0 	0 	14741964 
	7045	2100	7.顧大嫂	7	45	水	7890730	1.0 	0 	0 	"4,650 "	"5,200 "	20 	15 	112 	99 	112 	108 	93 	104 	32 	0 	108 	0 	0 	78 	0 	0 	12 	47 	12 	12 	16 	0 	0 	0 	0 	100 	0 	1215 	1283 	0 	0 	15666214 
	7046	2100	7.顧大嫂	7	46	水	8584671	1.0 	0 	0 	"4,750 "	"5,300 "	20 	15 	114 	101 	114 	110 	95 	106 	33 	0 	110 	0 	0 	80 	0 	0 	12 	48 	12 	12 	16 	0 	0 	0 	0 	100 	0 	1238 	1306 	0 	0 	16265300 
	7047	2100	7.顧大嫂	7	47	水	9329280	1.0 	0 	0 	"4,800 "	"5,400 "	20 	15 	116 	103 	116 	112 	96 	108 	33 	0 	112 	0 	0 	82 	0 	0 	12 	49 	12 	12 	16 	0 	0 	0 	0 	100 	0 	1260 	1330 	0 	0 	16884137 
	7048	2100	7.顧大嫂	7	48	水	10116000	1.0 	0 	0 	"4,900 "	"5,450 "	20 	15 	119 	105 	119 	114 	98 	109 	34 	0 	114 	0 	0 	83 	0 	0 	12 	50 	12 	12 	16 	0 	0 	0 	0 	100 	0 	1283 	1354 	0 	0 	17514329 
	7049	2100	7.顧大嫂	7	49	水	10949519	1.0 	0 	0 	"5,000 "	"5,550 "	20 	15 	121 	107 	121 	116 	100 	111 	34 	0 	116 	0 	0 	85 	0 	0 	13 	50 	13 	13 	16 	0 	0 	0 	0 	100 	0 	1305 	1378 	0 	0 	18160481 
	7050	2100	7.顧大嫂	7	50	水	12057240	1.0 	0 	0 	"5,050 "	"5,650 "	20 	15 	123 	109 	123 	118 	101 	113 	35 	0 	118 	0 	0 	88 	0 	0 	13 	51 	13 	13 	16 	0 	0 	0 	0 	100 	0 	1328 	1401 	0 	0 	19714091 
	7051	2100	7.顧大嫂	7	51	水	13009300	1.0 	0 	0 	"5,150 "	"5,750 "	20 	15 	125 	110 	125 	120 	103 	115 	35 	0 	120 	0 	0 	90 	0 	0 	13 	52 	13 	13 	16 	0 	0 	0 	0 	100 	0 	1350 	1425 	0 	0 	21000727 
	7052	2100	7.顧大嫂	7	52	水	14014971	1.0 	0 	0 	"5,250 "	"5,850 "	20 	15 	127 	112 	127 	122 	105 	117 	36 	0 	122 	0 	0 	92 	0 	0 	13 	53 	13 	13 	16 	0 	0 	0 	0 	100 	0 	1373 	1449 	0 	0 	22360229 
	7053	2100	7.顧大嫂	7	53	水	15085891	1.0 	0 	0 	"5,350 "	"5,950 "	20 	15 	129 	114 	129 	124 	107 	119 	36 	0 	124 	0 	0 	94 	0 	0 	13 	54 	13 	13 	16 	0 	0 	0 	0 	100 	0 	1395 	1473 	0 	0 	23795621 
	7054	2100	7.顧大嫂	7	54	水	16205000	1.0 	0 	0 	"5,400 "	"6,050 "	20 	15 	131 	116 	131 	126 	108 	121 	37 	0 	126 	0 	0 	96 	0 	0 	14 	55 	14 	14 	16 	0 	0 	0 	0 	100 	0 	1418 	1496 	0 	0 	25315000 
	7055	2100	7.顧大嫂	7	55	水	17648320	1.0 	0 	0 	"5,500 "	"6,150 "	20 	15 	133 	118 	133 	128 	110 	123 	37 	0 	128 	0 	0 	98 	0 	0 	14 	56 	14 	14 	16 	0 	0 	0 	0 	100 	0 	1440 	1520 	0 	0 	27321360 
	7056	2100	7.顧大嫂	7	56	水	18903783	1.0 	0 	0 	"5,600 "	"6,250 "	20 	15 	135 	120 	135 	130 	112 	125 	38 	0 	130 	0 	0 	100 	0 	0 	14 	57 	14 	14 	16 	0 	0 	0 	0 	100 	0 	1463 	1544 	0 	0 	29034091 
	7057	2100	7.顧大嫂	7	57	水	20212753	1.0 	0 	0 	"5,700 "	"6,350 "	20 	15 	137 	121 	137 	132 	114 	127 	38 	0 	132 	0 	0 	102 	0 	0 	14 	57 	14 	14 	16 	0 	0 	0 	0 	100 	0 	1485 	1568 	0 	0 	30829046 
	7058	2100	7.顧大嫂	7	58	水	21598514	1.0 	0 	0 	"5,750 "	"6,450 "	20 	15 	139 	123 	139 	134 	115 	129 	39 	0 	134 	0 	0 	104 	0 	0 	15 	58 	15 	15 	16 	0 	0 	0 	0 	100 	0 	1508 	1591 	0 	0 	32730940 
	7059	2100	7.顧大嫂	7	59	水	23053189	1.0 	0 	0 	"5,850 "	"6,550 "	20 	15 	141 	125 	141 	136 	117 	131 	39 	0 	136 	0 	0 	106 	0 	0 	15 	59 	15 	15 	16 	0 	0 	0 	0 	100 	0 	1530 	1615 	0 	0 	34727711 
	7060	2100	7.顧大嫂	7	60	水	24919417	1.0 	0 	0 	"5,950 "	"6,600 "	20 	15 	144 	127 	144 	138 	119 	132 	40 	0 	138 	0 	0 	110 	0 	0 	15 	60 	15 	15 	16 	0 	0 	0 	0 	100 	0 	1553 	1639 	0 	0 	36601166 
#	7061	2100	7.顧大嫂	7	61	水	26554560	1.0 	0 	0 	"6,000 "	"6,700 "	20 	15 	146 	129 	146 	140 	120 	134 	40 	0 	140 	0 	0 	112 	0 	0 	15 	61 	15 	15 	16 	0 	0 	0 	0 	100 	0 	1575 	1663 	0 	0 	38043109 
	7062	2100	7.顧大嫂	7	62	水	28299291	1.0 	0 	0 	"6,100 "	"6,800 "	20 	15 	148 	131 	148 	142 	122 	136 	41 	0 	142 	0 	0 	114 	0 	0 	15 	62 	15 	15 	16 	0 	0 	0 	0 	100 	0 	1598 	1686 	0 	0 	39530103 
	7063	2100	7.顧大嫂	7	63	水	30138569	1.0 	0 	0 	"6,200 "	"6,900 "	20 	15 	150 	132 	150 	144 	124 	138 	41 	0 	144 	0 	0 	116 	0 	0 	16 	63 	16 	16 	16 	0 	0 	0 	0 	100 	0 	1620 	1710 	0 	0 	41056489 
	7064	2100	7.顧大嫂	7	64	水	32082851	1.0 	0 	0 	"6,300 "	"7,000 "	20 	15 	152 	134 	152 	146 	126 	140 	42 	0 	146 	0 	0 	118 	0 	0 	16 	63 	16 	16 	16 	0 	0 	0 	0 	100 	0 	1643 	1734 	0 	0 	42629691 
	7065	2100	7.顧大嫂	7	65	水	34527677	1.0 	0 	0 	"6,350 "	"7,100 "	20 	15 	154 	136 	154 	148 	127 	142 	42 	0 	148 	0 	0 	122 	0 	0 	16 	64 	16 	16 	16 	0 	0 	0 	0 	100 	0 	1665 	1758 	0 	0 	44758100 
	7066	2100	7.顧大嫂	7	66	水	36722880	1.0 	0 	0 	"6,450 "	"7,200 "	20 	15 	156 	138 	156 	150 	129 	144 	43 	0 	150 	0 	0 	124 	0 	0 	16 	65 	16 	16 	16 	0 	0 	0 	0 	100 	0 	1688 	1781 	0 	0 	46434960 
	7067	2100	7.顧大嫂	7	67	水	39029863	1.0 	0 	0 	"6,550 "	"7,300 "	20 	15 	158 	140 	158 	152 	131 	146 	43 	0 	152 	0 	0 	126 	0 	0 	17 	66 	17 	17 	16 	0 	0 	0 	0 	100 	0 	1710 	1805 	0 	0 	48152743 
	7068	2100	7.顧大嫂	7	68	水	41475343	1.0 	0 	0 	"6,600 "	"7,400 "	20 	15 	160 	142 	160 	154 	132 	148 	44 	0 	154 	0 	0 	128 	0 	0 	17 	67 	17 	17 	16 	0 	0 	0 	0 	100 	0 	1733 	1829 	0 	0 	49930650 
	7069	2100	7.顧大嫂	7	69	水	44065371	1.0 	0 	0 	"6,700 "	"7,500 "	20 	15 	162 	144 	162 	156 	134 	150 	44 	0 	156 	0 	0 	131 	0 	0 	17 	68 	17 	17 	16 	0 	0 	0 	0 	100 	0 	1755 	1853 	0 	0 	51752863 
	7070	2100	7.顧大嫂	7	70	水	9999999999	1.0 	0 	0 	"6,800 "	"7,600 "	20 	15 	164 	145 	164 	158 	136 	152 	45 	0 	158 	0 	0 	135 	0 	0 	17 	69 	17 	17 	16 	0 	0 	0 	0 	100 	0 	1778 	1876 	0 	0 	9999999999 
	7071	2100	7.顧大嫂	7	71	水	9999999999	1.0 	0 	0 	"6,900 "	"7,700 "	20 	15 	166 	147 	166 	160 	138 	154 	45 	0 	160 	0 	0 	137 	0 	0 	17 	70 	17 	17 	16 	0 	0 	0 	0 	100 	0 	1800 	1900 	0 	0 	9999999999 
	7072	2100	7.顧大嫂	7	72	水	9999999999	1.0 	0 	0 	"6,950 "	"7,800 "	20 	15 	168 	149 	168 	162 	139 	156 	46 	0 	162 	0 	0 	139 	0 	0 	18 	70 	18 	18 	16 	0 	0 	0 	0 	100 	0 	1823 	1924 	0 	0 	9999999999 
	7073	2100	7.顧大嫂	7	73	水	9999999999	1.0 	0 	0 	"7,050 "	"7,850 "	20 	15 	171 	151 	171 	164 	141 	157 	46 	0 	164 	0 	0 	142 	0 	0 	18 	71 	18 	18 	16 	0 	0 	0 	0 	100 	0 	1845 	1948 	0 	0 	9999999999 
	7074	2100	7.顧大嫂	7	74	水	9999999999	1.0 	0 	0 	"7,150 "	"7,950 "	20 	15 	173 	153 	173 	166 	143 	159 	47 	0 	166 	0 	0 	144 	0 	0 	18 	72 	18 	18 	16 	0 	0 	0 	0 	100 	0 	1868 	1971 	0 	0 	9999999999 
	7075	2100	7.顧大嫂	7	75	水	9999999999	1.0 	0 	0 	"7,200 "	"8,050 "	20 	15 	175 	155 	175 	168 	144 	161 	47 	0 	168 	0 	0 	148 	0 	0 	18 	73 	18 	18 	16 	0 	0 	0 	0 	100 	0 	1890 	1995 	0 	0 	9999999999 
	7076	2100	7.顧大嫂	7	76	水	9999999999	1.0 	0 	0 	"7,300 "	"8,150 "	20 	15 	177 	156 	177 	170 	146 	163 	48 	0 	170 	0 	0 	151 	0 	0 	18 	74 	18 	18 	16 	0 	0 	0 	0 	100 	0 	1913 	2019 	0 	0 	9999999999 
	7077	2100	7.顧大嫂	7	77	水	9999999999	1.0 	0 	0 	"7,400 "	"8,250 "	20 	15 	179 	158 	179 	172 	148 	165 	48 	0 	172 	0 	0 	153 	0 	0 	19 	75 	19 	19 	16 	0 	0 	0 	0 	100 	0 	1935 	2043 	0 	0 	9999999999 
	7078	2100	7.顧大嫂	7	78	水	9999999999	1.0 	0 	0 	"7,500 "	"8,350 "	20 	15 	181 	160 	181 	174 	150 	167 	49 	0 	174 	0 	0 	156 	0 	0 	19 	76 	19 	19 	16 	0 	0 	0 	0 	100 	0 	1958 	2066 	0 	0 	9999999999 
	7079	2100	7.顧大嫂	7	79	水	9999999999	1.0 	0 	0 	"7,550 "	"8,450 "	20 	15 	183 	162 	183 	176 	151 	169 	49 	0 	176 	0 	0 	158 	0 	0 	19 	77 	19 	19 	16 	0 	0 	0 	0 	100 	0 	1980 	2090 	0 	0 	9999999999 
	7080	2100	7.顧大嫂	7	80	水	9999999999	1.0 	0 	0 	"7,650 "	"8,550 "	20 	15 	185 	164 	185 	178 	153 	171 	50 	0 	178 	0 	0 	163 	0 	0 	19 	77 	19 	19 	16 	0 	0 	0 	0 	100 	0 	2003 	2114 	0 	0 	9999999999 
	7081	2100	7.顧大嫂	7	81	水	9999999999	1.0 	0 	0 	"7,750 "	"8,650 "	20 	15 	187 	166 	187 	180 	155 	173 	50 	0 	180 	0 	0 	166 	0 	0 	20 	78 	20 	20 	16 	0 	0 	0 	0 	100 	0 	2025 	2138 	0 	0 	9999999999 
	7082	2100	7.顧大嫂	7	82	水	9999999999	1.0 	0 	0 	"7,850 "	"8,750 "	20 	15 	189 	167 	189 	182 	157 	175 	51 	0 	182 	0 	0 	168 	0 	0 	20 	79 	20 	20 	16 	0 	0 	0 	0 	100 	0 	2048 	2161 	0 	0 	9999999999 
	7083	2100	7.顧大嫂	7	83	水	9999999999	1.0 	0 	0 	"7,900 "	"8,850 "	20 	15 	191 	169 	191 	184 	158 	177 	51 	0 	184 	0 	0 	171 	0 	0 	20 	80 	20 	20 	16 	0 	0 	0 	0 	100 	0 	2070 	2185 	0 	0 	9999999999 
	7084	2100	7.顧大嫂	7	84	水	9999999999	1.0 	0 	0 	"8,000 "	"8,950 "	20 	15 	193 	171 	193 	186 	160 	179 	52 	0 	186 	0 	0 	174 	0 	0 	20 	81 	20 	20 	16 	0 	0 	0 	0 	100 	0 	2093 	2209 	0 	0 	9999999999 
	7085	2100	7.顧大嫂	7	85	水	9999999999	1.0 	0 	0 	"8,100 "	"9,000 "	20 	15 	196 	173 	196 	188 	162 	180 	52 	0 	188 	0 	0 	179 	0 	0 	20 	82 	20 	20 	16 	0 	0 	0 	0 	100 	0 	2115 	2233 	0 	0 	9999999999 
	7086	2100	7.顧大嫂	7	86	水	9999999999	1.0 	0 	0 	"8,150 "	"9,100 "	20 	15 	198 	175 	198 	190 	163 	182 	53 	0 	190 	0 	0 	182 	0 	0 	21 	83 	21 	21 	16 	0 	0 	0 	0 	100 	0 	2138 	2256 	0 	0 	9999999999 
	7087	2100	7.顧大嫂	7	87	水	9999999999	1.0 	0 	0 	"8,250 "	"9,200 "	20 	15 	200 	177 	200 	192 	165 	184 	53 	0 	192 	0 	0 	185 	0 	0 	21 	83 	21 	21 	16 	0 	0 	0 	0 	100 	0 	2160 	2280 	0 	0 	9999999999 
	7088	2100	7.顧大嫂	7	88	水	9999999999	1.0 	0 	0 	"8,350 "	"9,300 "	20 	15 	202 	178 	202 	194 	167 	186 	54 	0 	194 	0 	0 	187 	0 	0 	21 	84 	21 	21 	16 	0 	0 	0 	0 	100 	0 	2183 	2304 	0 	0 	9999999999 
	7089	2100	7.顧大嫂	7	89	水	9999999999	1.0 	0 	0 	"8,450 "	"9,400 "	20 	15 	204 	180 	204 	196 	169 	188 	54 	0 	196 	0 	0 	190 	0 	0 	21 	85 	21 	21 	16 	0 	0 	0 	0 	100 	0 	2205 	2328 	0 	0 	9999999999 
	7090	2100	7.顧大嫂	7	90	水	9999999999	1.0 	0 	0 	"8,500 "	"9,500 "	20 	15 	206 	182 	206 	198 	170 	190 	55 	0 	198 	0 	0 	196 	0 	0 	22 	86 	22 	22 	16 	0 	0 	0 	0 	100 	0 	2228 	2351 	0 	0 	9999999999 
	7091	2100	7.顧大嫂	7	91	水	9999999999	1.0 	0 	0 	"8,600 "	"9,600 "	20 	15 	208 	184 	208 	200 	172 	192 	55 	0 	200 	0 	0 	199 	0 	0 	22 	87 	22 	22 	16 	0 	0 	0 	0 	100 	0 	2250 	2375 	0 	0 	9999999999 
	7092	2100	7.顧大嫂	7	92	水	9999999999	1.0 	0 	0 	"8,700 "	"9,700 "	20 	15 	210 	186 	210 	202 	174 	194 	56 	0 	202 	0 	0 	202 	0 	0 	22 	88 	22 	22 	16 	0 	0 	0 	0 	100 	0 	2273 	2399 	0 	0 	9999999999 
	7093	2100	7.顧大嫂	7	93	水	9999999999	1.0 	0 	0 	"8,750 "	"9,800 "	20 	15 	212 	188 	212 	204 	175 	196 	56 	0 	204 	0 	0 	205 	0 	0 	22 	89 	22 	22 	16 	0 	0 	0 	0 	100 	0 	2295 	2423 	0 	0 	9999999999 
	7094	2100	7.顧大嫂	7	94	水	9999999999	1.0 	0 	0 	"8,850 "	"9,900 "	20 	15 	214 	190 	214 	206 	177 	198 	57 	0 	206 	0 	0 	208 	0 	0 	22 	90 	22 	22 	16 	0 	0 	0 	0 	100 	0 	2318 	2446 	0 	0 	9999999999 
	7095	2100	7.顧大嫂	7	95	水	9999999999	1.0 	0 	0 	"8,950 "	"10,000 "	20 	15 	216 	191 	216 	208 	179 	200 	57 	0 	208 	0 	0 	215 	0 	0 	23 	90 	23 	23 	16 	0 	0 	0 	0 	100 	0 	2340 	2470 	0 	0 	9999999999 
	7096	2100	7.顧大嫂	7	96	水	9999999999	1.0 	0 	0 	"9,050 "	"10,100 "	20 	15 	218 	193 	218 	210 	181 	202 	58 	0 	210 	0 	0 	218 	0 	0 	23 	91 	23 	23 	16 	0 	0 	0 	0 	100 	0 	2363 	2494 	0 	0 	9999999999 
	7097	2100	7.顧大嫂	7	97	水	9999999999	1.0 	0 	0 	"9,100 "	"10,200 "	20 	15 	220 	195 	220 	212 	182 	204 	58 	0 	212 	0 	0 	221 	0 	0 	23 	92 	23 	23 	16 	0 	0 	0 	0 	100 	0 	2385 	2518 	0 	0 	9999999999 
	7098	2100	7.顧大嫂	7	98	水	9999999999	1.0 	0 	0 	"9,200 "	"10,250 "	20 	15 	223 	197 	223 	214 	184 	205 	59 	0 	214 	0 	0 	224 	0 	0 	23 	93 	23 	23 	16 	0 	0 	0 	0 	100 	0 	2408 	2541 	0 	0 	9999999999 
	7099	2100	7.顧大嫂	7	99	水	9999999999	1.0 	0 	0 	"9,300 "	"10,350 "	20 	15 	225 	199 	225 	216 	186 	207 	59 	0 	216 	0 	0 	227 	0 	0 	23 	94 	23 	23 	16 	0 	0 	0 	0 	100 	0 	2430 	2565 	0 	0 	9999999999 
	8001	2100	8.花榮	8	1	地	69	1.0 	0	0	850 	"1,050 "	23 	15 	19	18	19	23	17	21	10	0	20	0	15 	0 	0 	0 	9	2	2	2	16	0	0	0	0	100	0	250	238	0 	0 	60 
	8002	2100	8.花榮	8	2	地	193	1.0 	0	0	900 	"1,150 "	23 	15 	21	19	21	25	18	23	11	0	22	0	16 	0 	0 	0 	10	3	3	3	16	0	0	0	0	100	0	275	261	0 	0 	207 
	8003	2100	8.花榮	8	3	地	471	1.0 	0	0	"1,000 "	"1,250 "	23 	15 	23	21	23	28	20	25	11	0	24	0	17 	0 	0 	0 	11	3	3	3	16	0	0	0	0	100	0	300	285	0 	0 	613 
	8004	2100	8.花榮	8	4	地	950	1.0 	0	0	"1,100 "	"1,350 "	23 	15 	25	23	25	30	22	27	12	0	26	0	18 	0 	0 	0 	12	3	3	3	16	0	0	0	0	100	0	325	309	0 	0 	1384 
	8005	2100	8.花榮	8	5	地	1616	1.0 	0	0	"1,200 "	"1,450 "	23 	15 	27	25	27	32	24	29	12	0	28	0	20 	0 	0 	0 	13	3	3	3	16	0	0	0	0	100	0	350	333	0 	0 	2651 
	8006	2100	8.花榮	8	6	地	2571	1.0 	0	0	"1,250 "	"1,600 "	23 	15 	29	26	29	35	25	32	13	0	30	0	21 	0 	0 	0 	14	3	3	3	16	0	0	0	0	100	0	375	356	0 	0 	4343 
	8007	2100	8.花榮	8	7	地	3934	1.0 	0	0	"1,350 "	"1,700 "	23 	15 	31	28	31	37	27	34	13	0	32	0	22 	0 	0 	0 	15	4	4	4	16	0	0	0	0	100	0	400	380	0 	0 	6789 
	8008	2100	8.花榮	8	8	地	5800	1.0 	0	0	"1,450 "	"1,800 "	23 	15 	33	30	33	39	29	36	14	0	34	0	23 	0 	0 	0 	15	4	4	4	16	0	0	0	0	100	0	425	404	0 	0 	9700 
	8009	2100	8.花榮	8	9	地	8297	1.0 	0	0	"1,500 "	"1,900 "	23 	15 	35	32	35	41	30	38	14	0	36	0	25 	0 	0 	0 	16	4	4	4	16	0	0	0	0	100	0	450	428	0 	0 	12697 
	8010	2100	8.花榮	8	10	地	16929	1.0 	0	0	"1,600 "	"2,000 "	23 	15 	36	33	36	44	32	40	15	0	38	0	26 	0 	0 	0 	17	4	4	4	16	0	0	0	0	100	0	475	451	0 	0 	23023 
	8011	2100	8.花榮	8	11	地	21979	1.0 	0	0	"1,700 "	"2,100 "	23 	15 	38	35	38	46	34	42	15	0	40	0	28 	0 	0 	0 	18	5	5	5	16	0	0	0	0	100	0	500	475	0 	0 	26633 
	8012	2100	8.花榮	8	12	地	28114	1.0 	0	0	"1,750 "	"2,200 "	23 	15 	40	37	40	48	35	44	16	0	42	0	29 	0 	0 	0 	19	5	5	5	16	0	0	0	0	100	0	525	499	0 	0 	30457 
	8013	2100	8.花榮	8	13	地	35970	1.0 	0	0	"1,850 "	"2,300 "	23 	15 	42	39	42	51	37	46	16	0	44	0	30 	0 	0 	0 	20	5	5	5	16	0	0	0	0	100	0	550	523	0 	0 	34980 
	8014	2100	8.花榮	8	14	地	45880	1.0 	0	0	"1,950 "	"2,400 "	23 	15 	44	40	44	53	39	48	17	0	46	0	32 	0 	0 	0 	21	5	5	5	16	0	0	0	0	100	0	575	546	0 	0 	39590 
	8015	2100	8.花榮	8	15	地	68486	1.0 	0	0	"2,000 "	"2,500 "	23 	15 	46	42	46	55	40	50	17	0	48	0	33 	0 	0 	0 	22	5	5	5	16	0	0	0	0	100	0	600	570	0 	0 	62171 
	8016	2100	8.花榮	8	16	地	85560	1.0 	0	0	"2,100 "	"2,650 "	23 	15 	48	44	48	58	42	53	18	0	50	0	35 	0 	0 	0 	23	6	6	6	16	0	0	0	0	100	0	625	594	0 	0 	81309 
	8017	2100	8.花榮	8	17	地	112797	1.0 	0	0	"2,200 "	"2,750 "	23 	15 	50	46	50	60	44	55	18	0	52	0	36 	0 	0 	0 	24	6	6	6	16	0	0	0	0	100	0	650	618	0 	0 	106983 
	8018	2100	8.花榮	8	18	地	147456	1.0 	0	0	"2,250 "	"2,850 "	23 	15 	52	48	52	62	45	57	19	0	54	0	37 	0 	0 	0 	25	6	6	6	16	0	0	0	0	100	0	675	641	0 	0 	139861 
	8019	2100	8.花榮	8	19	地	193489	1.0 	0	0	"2,350 "	"2,950 "	23 	15 	54	49	54	64	47	59	19	0	56	0	39 	0 	0 	0 	25	6	6	6	16	0	0	0	0	100	0	700	665	0 	0 	182471 
	8020	2100	8.花榮	8	20	地	277496	1.0 	0	0	"2,450 "	"3,050 "	23 	15 	56	51	56	67	49	61	20	0	58	0	40 	0 	0 	0 	26	7	7	7	16	0	0	0	0	100	0	725	689	0 	0 	260306 
	8021	2100	8.花榮	8	21	地	326480	1.0 	0	0	"2,500 "	"3,150 "	23 	15 	58	53	58	69	50	63	20	0	60	0	41 	0 	0 	0 	27	7	7	7	16	0	0	0	0	100	0	750	713	0 	0 	336160 
	8022	2100	8.花榮	8	22	地	382436	1.0 	0	0	"2,600 "	"3,250 "	23 	15 	60	55	60	71	52	65	21	0	62	0	44 	0 	0 	0 	28	7	7	7	16	0	0	0	0	100	0	775	736	0 	0 	432483 
	8023	2100	8.花榮	8	23	地	460560	1.0 	0	0	"2,700 "	"3,350 "	23 	15 	61	56	61	74	54	67	21	0	64	0	45 	0 	0 	0 	29	7	7	7	16	0	0	0	0	100	0	800	760	0 	0 	555500 
	8024	2100	8.花榮	8	24	地	550800	1.0 	0	0	"2,750 "	"3,450 "	23 	15 	63	58	63	76	55	69	22	0	66	0	47 	0 	0 	0 	30	8	8	8	16	0	0	0	0	100	0	825	784	0 	0 	712800 
	8025	2100	8.花榮	8	25	地	693754	1.0 	0	0	"2,850 "	"3,550 "	23 	15 	65	60	65	78	57	71	22	0	68	0	48 	0 	0 	0 	31	8	8	8	16	0	0	0	0	100	0	850	808	0 	0 	970766 
	8026	2100	8.花榮	8	26	地	813393	1.0 	0	0	"2,950 "	"3,700 "	23 	15 	67	62	67	81	59	74	23	0	70	0	49 	0 	0 	0 	32	8	8	8	16	0	0	0	0	100	0	875	831	0 	0 	1236357 
	8027	2100	8.花榮	8	27	地	943920	1.0 	0	0	"3,000 "	"3,800 "	23 	15 	69	63	69	83	60	76	23	0	72	0	52 	0 	0 	0 	33	8	8	8	16	0	0	0	0	100	0	900	855	0 	0 	1573200 
	8028	2100	8.花榮	8	28	地	1084380	1.0 	0	0	"3,100 "	"3,900 "	23 	15 	71	65	71	85	62	78	24	0	74	0	53 	0 	0 	0 	34	8	8	8	16	0	0	0	0	100	0	925	879	0 	0 	1999234 
	8029	2100	8.花榮	8	29	地	1236167	1.0 	0	0	"3,200 "	"4,000 "	23 	15 	73	67	73	87	64	80	24	0	76	0	55 	0 	0 	0 	35	9	9	9	16	0	0	0	0	100	0	950	903	0 	0 	2540409 
	8030	2100	8.花榮	8	30	地	1456193	1.0 	0	0	"3,300 "	"4,100 "	23 	15 	75	69	75	90	66	82	25	0	78	0	57 	0 	0 	0 	35	9	9	9	16	0	0	0	0	100	0	975	926	0 	0 	3139436 
	8031	2100	8.花榮	8	31	地	1703247	1.0 	0	0	"3,350 "	"4,200 "	23 	15 	77	70	77	92	67	84	25	0	80	0	58 	0 	0 	0 	36	9	9	9	16	0	0	0	0	100	0	1000	950	0 	0 	3705057 
	8032	2100	8.花榮	8	32	地	1921691	1.0 	0	0	"3,450 "	"4,300 "	23 	15 	79	72	79	94	69	86	26	0	82	0	60 	0 	0 	0 	37	9	9	9	16	0	0	0	0	100	0	1025	974	0 	0 	4363526 
	8033	2100	8.花榮	8	33	地	2173509	1.0 	0	0	"3,550 "	"4,400 "	23 	15 	81	74	81	97	71	88	26	0	84	0	61 	0 	0 	0 	38	10	10	10	16	0	0	0	0	100	0	1050	998	0 	0 	5138469 
	8034	2100	8.花榮	8	34	地	2444044	1.0 	0	0	"3,600 "	"4,500 "	23 	15 	83	76	83	99	72	90	27	0	86	0	63 	0 	0 	0 	39	10	10	10	16	0	0	0	0	100	0	1075	1021	0 	0 	6040191 
	8035	2100	8.花榮	8	35	地	2832621	1.0 	0	0	"3,700 "	"4,600 "	23 	15 	84	77	84	101	74	92	27	0	88	0	65 	0 	0 	0 	40	10	10	10	16	0	0	0	0	100	0	1100	1045	0 	0 	7338550 
	8036	2100	8.花榮	8	36	地	3162043	1.0 	0	0	"3,800 "	"4,750 "	23 	15 	86	79	86	104	76	95	28	0	90	0	67 	0 	0 	0 	41	10	10	10	16	0	0	0	0	100	0	1125	1069	0 	0 	8443957 
	8037	2100	8.花榮	8	37	地	3515066	1.0 	0	0	"3,850 "	"4,850 "	23 	15 	88	81	88	106	77	97	28	0	92	0	69 	0 	0 	0 	42	10	10	10	16	0	0	0	0	100	0	1150	1093	0 	0 	9715354 
	8038	2100	8.花榮	8	38	地	3900977	1.0 	0	0	"3,950 "	"4,950 "	23 	15 	90	83	90	108	79	99	29	0	94	0	71 	0 	0 	0 	43	11	11	11	16	0	0	0	0	100	0	1175	1116	0 	0 	10659737 
	8039	2100	8.花榮	8	39	地	4319166	1.0 	0	0	"4,050 "	"5,050 "	23 	15 	92	84	92	110	81	101	29	0	96	0	72 	0 	0 	0 	44	11	11	11	16	0	0	0	0	100	0	1200	1140	0 	0 	11687154 
	8040	2100	8.花榮	8	40	地	4897131	1.0 	0	0	"4,100 "	"5,150 "	23 	15 	94	86	94	113	82	103	30	0	98	0	75 	0 	0 	0 	45	11	11	11	16	0	0	0	0	100	0	1225	1164	0 	0 	12526469 
	8041	2100	8.花榮	8	41	地	5386529	1.0 	0	0	"4,200 "	"5,250 "	23 	15 	96	88	96	115	84	105	30	0	100	0	76 	0 	0 	0 	45	11	11	11	16	0	0	0	0	100	0	1250	1188	0 	0 	13057886 
	8042	2100	8.花榮	8	42	地	5913069	1.0 	0	0	"4,300 "	"5,350 "	23 	15 	98	90	98	117	86	107	31	0	102	0	78 	0 	0 	0 	46	12	12	12	16	0	0	0	0	100	0	1275	1211	0 	0 	13611984 
	8043	2100	8.花榮	8	43	地	6469814	1.0 	0	0	"4,350 "	"5,450 "	23 	15 	100	92	100	120	87	109	31	0	104	0	80 	0 	0 	0 	47	12	12	12	16	0	0	0	0	100	0	1300	1235	0 	0 	14170264 
	8044	2100	8.花榮	8	44	地	7074107	1.0 	0	0	"4,450 "	"5,550 "	23 	15 	102	93	102	122	89	111	32	0	106	0	82 	0 	0 	0 	48	12	12	12	16	0	0	0	0	100	0	1325	1259	0 	0 	14741964 
	8045	2100	8.花榮	8	45	地	7890730	1.0 	0	0	"4,550 "	"5,650 "	23 	15 	104	95	104	124	91	113	32	0	108	0	85 	0 	0 	0 	49	12	12	12	16	0	0	0	0	100	0	1350	1283	0 	0 	15666214 
	8046	2100	8.花榮	8	46	地	8584671	1.0 	0	0	"4,600 "	"5,800 "	23 	15 	106	97	106	127	92	116	33	0	110	0	87 	0 	0 	0 	50	13	13	13	16	0	0	0	0	100	0	1375	1306	0 	0 	16265300 
	8047	2100	8.花榮	8	47	地	9329280	1.0 	0	0	"4,700 "	"5,900 "	23 	15 	108	99	108	129	94	118	33	0	112	0	88 	0 	0 	0 	51	13	13	13	16	0	0	0	0	100	0	1400	1330	0 	0 	16884137 
	8048	2100	8.花榮	8	48	地	10116000	1.0 	0	0	"4,800 "	"6,000 "	23 	15 	109	100	109	131	96	120	34	0	114	0	90 	0 	0 	0 	52	13	13	13	16	0	0	0	0	100	0	1425	1354	0 	0 	17514329 
	8049	2100	8.花榮	8	49	地	10949519	1.0 	0	0	"4,850 "	"6,100 "	23 	15 	111	102	111	133	97	122	34	0	116	0	92 	0 	0 	0 	53	13	13	13	16	0	0	0	0	100	0	1450	1378	0 	0 	18160481 
	8050	2100	8.花榮	8	50	地	12057240	1.0 	0	0	"4,950 "	"6,200 "	23 	15 	113	104	113	136	99	124	35	0	118	0	95 	0 	0 	0 	54	13	13	13	16	0	0	0	0	100	0	1475	1401	0 	0 	19714091 
	8051	2100	8.花榮	8	51	地	13009300	1.0 	0	0	"5,050 "	"6,300 "	23 	15 	115	106	115	138	101	126	35	0	120	0	97 	0 	0 	0 	55	14	14	14	16	0	0	0	0	100	0	1500	1425	0 	0 	21000727 
	8052	2100	8.花榮	8	52	地	14014971	1.0 	0	0	"5,100 "	"6,400 "	23 	15 	117	107	117	140	102	128	36	0	122	0	99 	0 	0 	0 	55	14	14	14	16	0	0	0	0	100	0	1525	1449	0 	0 	22360229 
	8053	2100	8.花榮	8	53	地	15085891	1.0 	0	0	"5,200 "	"6,500 "	23 	15 	119	109	119	143	104	130	36	0	124	0	101 	0 	0 	0 	56	14	14	14	16	0	0	0	0	100	0	1550	1473	0 	0 	23795621 
	8054	2100	8.花榮	8	54	地	16205000	1.0 	0	0	"5,300 "	"6,600 "	23 	15 	121	111	121	145	106	132	37	0	126	0	103 	0 	0 	0 	57	14	14	14	16	0	0	0	0	100	0	1575	1496	0 	0 	25315000 
	8055	2100	8.花榮	8	55	地	17648320	1.0 	0	0	"5,400 "	"6,700 "	23 	15 	123	113	123	147	108	134	37	0	128	0	107 	0 	0 	0 	58	15	15	15	16	0	0	0	0	100	0	1600	1520	0 	0 	27321360 
	8056	2100	8.花榮	8	56	地	18903783	1.0 	0	0	"5,450 "	"6,850 "	23 	15 	125	114	125	150	109	137	38	0	130	0	109 	0 	0 	0 	59	15	15	15	16	0	0	0	0	100	0	1625	1544	0 	0 	29034091 
	8057	2100	8.花榮	8	57	地	20212753	1.0 	0	0	"5,550 "	"6,950 "	23 	15 	127	116	127	152	111	139	38	0	132	0	111 	0 	0 	0 	60	15	15	15	16	0	0	0	0	100	0	1650	1568	0 	0 	30829046 
	8058	2100	8.花榮	8	58	地	21598514	1.0 	0	0	"5,650 "	"7,050 "	23 	15 	129	118	129	154	113	141	39	0	134	0	113 	0 	0 	0 	61	15	15	15	16	0	0	0	0	100	0	1675	1591	0 	0 	32730940 
	8059	2100	8.花榮	8	59	地	23053189	1.0 	0	0	"5,700 "	"7,150 "	23 	15 	131	120	131	156	114	143	39	0	136	0	115 	0 	0 	0 	62	15	15	15	16	0	0	0	0	100	0	1700	1615	0 	0 	34727711 
	8060	2100	8.花榮	8	60	地	24919417	1.0 	0	0	"5,800 "	"7,250 "	23 	15 	132	121	132	159	116	145	40	0	138	0	119 	0 	0 	0 	63	16	16	16	16	0	0	0	0	100	0	1725	1639	0 	0 	36601166 
#	8061	2100	8.花榮	8	61	地	26554560	1.0 	0	0	"5,900 "	"7,350 "	23 	15 	134	123	134	161	118	147	40	0	140	0	121 	0 	0 	0 	64	16	16	16	16	0	0	0	0	100	0	1750	1663	0 	0 	38043109 
	8062	2100	8.花榮	8	62	地	28299291	1.0 	0	0	"5,950 "	"7,450 "	23 	15 	136	125	136	163	119	149	41	0	142	0	123 	0 	0 	0 	65	16	16	16	16	0	0	0	0	100	0	1775	1686	0 	0 	39530103 
	8063	2100	8.花榮	8	63	地	30138569	1.0 	0	0	"6,050 "	"7,550 "	23 	15 	138	127	138	166	121	151	41	0	144	0	126 	0 	0 	0 	65	16	16	16	16	0	0	0	0	100	0	1800	1710	0 	0 	41056489 
	8064	2100	8.花榮	8	64	地	32082851	1.0 	0	0	"6,150 "	"7,650 "	23 	15 	140	128	140	168	123	153	42	0	146	0	128 	0 	0 	0 	66	17	17	17	16	0	0	0	0	100	0	1825	1734	0 	0 	42629691 
	8065	2100	8.花榮	8	65	地	34527677	1.0 	0	0	"6,200 "	"7,750 "	23 	15 	142	130	142	170	124	155	42	0	148	0	132 	0 	0 	0 	67	17	17	17	16	0	0	0	0	100	0	1850	1758	0 	0 	44758100 
	8066	2100	8.花榮	8	66	地	36722880	1.0 	0	0	"6,300 "	"7,900 "	23 	15 	144	132	144	173	126	158	43	0	150	0	134 	0 	0 	0 	68	17	17	17	16	0	0	0	0	100	0	1875	1781	0 	0 	46434960 
	8067	2100	8.花榮	8	67	地	39029863	1.0 	0	0	"6,400 "	"8,000 "	23 	15 	146	134	146	175	128	160	43	0	152	0	137 	0 	0 	0 	69	17	17	17	16	0	0	0	0	100	0	1900	1805	0 	0 	48152743 
	8068	2100	8.花榮	8	68	地	41475343	1.0 	0	0	"6,450 "	"8,100 "	23 	15 	148	136	148	177	129	162	44	0	154	0	139 	0 	0 	0 	70	18	18	18	16	0	0	0	0	100	0	1925	1829	0 	0 	49930650 
	8069	2100	8.花榮	8	69	地	44065371	1.0 	0	0	"6,550 "	"8,200 "	23 	15 	150	137	150	179	131	164	44	0	156	0	141 	0 	0 	0 	71	18	18	18	16	0	0	0	0	100	0	1950	1853	0 	0 	51752863 
	8070	2100	8.花榮	8	70	地	9999999999	1.0 	0	0	"6,650 "	"8,300 "	23 	15 	152	139	152	182	133	166	45	0	158	0	146 	0 	0 	0 	72	18	18	18	16	0	0	0	0	100	0	1975	1876	0 	0 	9999999999 
	8071	2100	8.花榮	8	71	地	9999999999	1.0 	0	0	"6,700 "	"8,400 "	23 	15 	154	141	154	184	134	168	45	0	160	0	148 	0 	0 	0 	73	18	18	18	16	0	0	0	0	100	0	2000	1900	0 	0 	9999999999 
	8072	2100	8.花榮	8	72	地	9999999999	1.0 	0	0	"6,800 "	"8,500 "	23 	15 	156	143	156	186	136	170	46	0	162	0	151 	0 	0 	0 	74	18	18	18	16	0	0	0	0	100	0	2025	1924	0 	0 	9999999999 
	8073	2100	8.花榮	8	73	地	9999999999	1.0 	0	0	"6,900 "	"8,600 "	23 	15 	157	144	157	189	138	172	46	0	164	0	153 	0 	0 	0 	75	19	19	19	16	0	0	0	0	100	0	2050	1948	0 	0 	9999999999 
	8074	2100	8.花榮	8	74	地	9999999999	1.0 	0	0	"6,950 "	"8,700 "	23 	15 	159	146	159	191	139	174	47	0	166	0	156 	0 	0 	0 	75	19	19	19	16	0	0	0	0	100	0	2075	1971	0 	0 	9999999999 
	8075	2100	8.花榮	8	75	地	9999999999	1.0 	0	0	"7,050 "	"8,800 "	23 	15 	161	148	161	193	141	176	47	0	168	0	161 	0 	0 	0 	76	19	19	19	16	0	0	0	0	100	0	2100	1995	0 	0 	9999999999 
	8076	2100	8.花榮	8	76	地	9999999999	1.0 	0	0	"7,150 "	"8,950 "	23 	15 	163	150	163	196	143	179	48	0	170	0	163 	0 	0 	0 	77	19	19	19	16	0	0	0	0	100	0	2125	2019	0 	0 	9999999999 
	8077	2100	8.花榮	8	77	地	9999999999	1.0 	0	0	"7,200 "	"9,050 "	23 	15 	165	151	165	198	144	181	48	0	172	0	166 	0 	0 	0 	78	20	20	20	16	0	0	0	0	100	0	2150	2043	0 	0 	9999999999 
	8078	2100	8.花榮	8	78	地	9999999999	1.0 	0	0	"7,300 "	"9,150 "	23 	15 	167	153	167	200	146	183	49	0	174	0	169 	0 	0 	0 	79	20	20	20	16	0	0	0	0	100	0	2175	2066	0 	0 	9999999999 
	8079	2100	8.花榮	8	79	地	9999999999	1.0 	0	0	"7,400 "	"9,250 "	23 	15 	169	155	169	202	148	185	49	0	176	0	172 	0 	0 	0 	80	20	20	20	16	0	0	0	0	100	0	2200	2090	0 	0 	9999999999 
	8080	2100	8.花榮	8	80	地	9999999999	1.0 	0	0	"7,500 "	"9,350 "	23 	15 	171	157	171	205	150	187	50	0	178	0	177 	0 	0 	0 	81	20	20	20	16	0	0	0	0	100	0	2225	2114	0 	0 	9999999999 
	8081	2100	8.花榮	8	81	地	9999999999	1.0 	0	0	"7,550 "	"9,450 "	23 	15 	173	158	173	207	151	189	50	0	180	0	180 	0 	0 	0 	82	20	20	20	16	0	0	0	0	100	0	2250	2138	0 	0 	9999999999 
	8082	2100	8.花榮	8	82	地	9999999999	1.0 	0	0	"7,650 "	"9,550 "	23 	15 	175	160	175	209	153	191	51	0	182	0	182 	0 	0 	0 	83	21	21	21	16	0	0	0	0	100	0	2275	2161	0 	0 	9999999999 
	8083	2100	8.花榮	8	83	地	9999999999	1.0 	0	0	"7,750 "	"9,650 "	23 	15 	177	162	177	212	155	193	51	0	184	0	185 	0 	0 	0 	84	21	21	21	16	0	0	0	0	100	0	2300	2185	0 	0 	9999999999 
	8084	2100	8.花榮	8	84	地	9999999999	1.0 	0	0	"7,800 "	"9,750 "	23 	15 	179	164	179	214	156	195	52	0	186	0	188 	0 	0 	0 	85	21	21	21	16	0	0	0	0	100	0	2325	2209	0 	0 	9999999999 
	8085	2100	8.花榮	8	85	地	9999999999	1.0 	0	0	"7,900 "	"9,850 "	23 	15 	180	165	180	216	158	197	52	0	188	0	194 	0 	0 	0 	85	21	21	21	16	0	0	0	0	100	0	2350	2233	0 	0 	9999999999 
	8086	2100	8.花榮	8	86	地	9999999999	1.0 	0	0	"8,000 "	"10,000 "	23 	15 	182	167	182	219	160	200	53	0	190	0	197 	0 	0 	0 	86	22	22	22	16	0	0	0	0	100	0	2375	2256	0 	0 	9999999999 
	8087	2100	8.花榮	8	87	地	9999999999	1.0 	0	0	"8,050 "	"10,100 "	23 	15 	184	169	184	221	161	202	53	0	192	0	200 	0 	0 	0 	87	22	22	22	16	0	0	0	0	100	0	2400	2280	0 	0 	9999999999 
	8088	2100	8.花榮	8	88	地	9999999999	1.0 	0	0	"8,150 "	"10,200 "	23 	15 	186	171	186	223	163	204	54	0	194	0	203 	0 	0 	0 	88	22	22	22	16	0	0	0	0	100	0	2425	2304	0 	0 	9999999999 
	8089	2100	8.花榮	8	89	地	9999999999	1.0 	0	0	"8,250 "	"10,300 "	23 	15 	188	172	188	225	165	206	54	0	196	0	206 	0 	0 	0 	89	22	22	22	16	0	0	0	0	100	0	2450	2328	0 	0 	9999999999 
	8090	2100	8.花榮	8	90	地	9999999999	1.0 	0	0	"8,300 "	"10,400 "	23 	15 	190	174	190	228	166	208	55	0	198	0	213 	0 	0 	0 	90	23	23	23	16	0	0	0	0	100	0	2475	2351	0 	0 	9999999999 
	8091	2100	8.花榮	8	91	地	9999999999	1.0 	0	0	"8,400 "	"10,500 "	23 	15 	192	176	192	230	168	210	55	0	200	0	216 	0 	0 	0 	91	23	23	23	16	0	0	0	0	100	0	2500	2375	0 	0 	9999999999 
	8092	2100	8.花榮	8	92	地	9999999999	1.0 	0	0	"8,500 "	"10,600 "	23 	15 	194	178	194	232	170	212	56	0	202	0	219 	0 	0 	0 	92	23	23	23	16	0	0	0	0	100	0	2525	2399	0 	0 	9999999999 
	8093	2100	8.花榮	8	93	地	9999999999	1.0 	0	0	"8,550 "	"10,700 "	23 	15 	196	180	196	235	171	214	56	0	204	0	222 	0 	0 	0 	93	23	23	23	16	0	0	0	0	100	0	2550	2423	0 	0 	9999999999 
	8094	2100	8.花榮	8	94	地	9999999999	1.0 	0	0	"8,650 "	"10,800 "	23 	15 	198	181	198	237	173	216	57	0	206	0	225 	0 	0 	0 	94	23	23	23	16	0	0	0	0	100	0	2575	2446	0 	0 	9999999999 
	8095	2100	8.花榮	8	95	地	9999999999	1.0 	0	0	"8,750 "	"10,900 "	23 	15 	200	183	200	239	175	218	57	0	208	0	233 	0 	0 	0 	95	24	24	24	16	0	0	0	0	100	0	2600	2470	0 	0 	9999999999 
	8096	2100	8.花榮	8	96	地	9999999999	1.0 	0	0	"8,800 "	"11,050 "	23 	15 	202	185	202	242	176	221	58	0	210	0	236 	0 	0 	0 	95	24	24	24	16	0	0	0	0	100	0	2625	2494	0 	0 	9999999999 
	8097	2100	8.花榮	8	97	地	9999999999	1.0 	0	0	"8,900 "	"11,150 "	23 	15 	204	187	204	244	178	223	58	0	212	0	239 	0 	0 	0 	96	24	24	24	16	0	0	0	0	100	0	2650	2518	0 	0 	9999999999 
	8098	2100	8.花榮	8	98	地	9999999999	1.0 	0	0	"9,000 "	"11,250 "	23 	15 	205	188	205	246	180	225	59	0	214	0	243 	0 	0 	0 	97	24	24	24	16	0	0	0	0	100	0	2675	2541	0 	0 	9999999999 
	8099	2100	8.花榮	8	99	地	9999999999	1.0 	0	0	"9,050 "	"11,350 "	23 	15 	207	190	207	248	181	227	59	0	216	0	246 	0 	0 	0 	98	25	25	25	16	0	0	0	0	100	0	2700	2565	0 	0 	9999999999 
