#	Id	ClassId	Level	GroupId			MaxHP	MaxMP	RestoreHP	RestoreMP	Strength	Dexterity	Constitution	Intelligence	CriticalPower	CriticalHitRate	LuckyValue	Attack	Defence	GroundHarm	WaterHarm	FireHarm	WindHarm	Unground	Unwater	Unfire	Unwind	
# 屬性位址參照							2	3	4	5	6	7	8	9	10	11	12	13	14	15	16	17	18	19	20	21	22	
# 等級強度參照							2	3										3	7	3	3	3	3	3	3	3	3	
# 等級強度每級分算比例							108	108										108	108	108	108	108	108	108	108	108	108	
# 取值比例							100%	100%										100%	100%	100%	100%	100%	100%	50%	50%	50%	50%	
#	編號	Class編號	強化等級	強化群組	裝備類型層級	對應參考等級	最高 HP	最高 MP	HP 回復	MP 回復	力量	敏捷	體質	智力	爆發力	爆擊率	幸運值	攻擊力	防禦力	地攻	水攻	火攻	風攻	地防	水防	火防	風防	
# 20級強化屬性數值表 01-1-1-001：對應等級限制 - 類型 (1:武器;2:防具;3:飾品) - 層級 (1:灰;2:白;3:綠;4:藍;5:紫) - 裝備等級																												
# 武器強化屬性數值表																												
# 武器 - 灰裝																												
	2011001	5002	1	2011001	 武器 - 灰裝	20	16	16	0	0	1	1	1	1	1	0	1	2	0	0	0	0	0	0	0	0	0	
	2011002	5002	2	2011001	 武器 - 灰裝	20	32	32	0	0	2	2	2	2	2	0	2	4	0	0	0	0	0	0	0	0	0	
	2011003	5002	3	2011001	 武器 - 灰裝	20	48	48	0	0	3	3	3	3	3	0	3	6	0	0	0	0	0	0	0	0	0	
	2011004	5002	4	2011001	 武器 - 灰裝	20	64	64	0	0	4	4	4	4	4	0	4	8	0	0	0	0	0	0	0	0	0	
	2011005	5002	5	2011001	 武器 - 灰裝	20	80	80	0	0	5	5	5	5	5	0	5	10	0	0	0	0	0	0	0	0	0	
	2011006	5002	6	2011001	 武器 - 灰裝	20	96	96	0	0	6	6	6	6	6	0	6	12	0	0	0	0	0	0	0	0	0	
	2011007	5002	7	2011001	 武器 - 灰裝	20	112	112	0	0	7	7	7	7	7	0	7	14	0	0	0	0	0	0	0	0	0	
	2011008	5002	8	2011001	 武器 - 灰裝	20	128	128	0	0	8	8	8	8	8	0	8	16	0	0	0	0	0	0	0	0	0	
	2011009	5002	9	2011001	 武器 - 灰裝	20	144	144	0	0	9	9	9	9	9	0	9	18	0	0	0	0	0	0	0	0	0	
	2011010	5002	10	2011001	 武器 - 灰裝	20	160	160	0	0	10	10	10	10	10	0	10	20	0	0	0	0	0	0	0	0	0	
	2011011	5002	11	2011001	 武器 - 灰裝	20	176	176	0	0	11	11	11	11	11	0	11	22	0	0	0	0	0	0	0	0	0	
	2011012	5002	12	2011001	 武器 - 灰裝	20	192	192	0	0	12	12	12	12	12	0	12	24	0	0	0	0	0	0	0	0	0	
	2011013	5002	13	2011001	 武器 - 灰裝	20	208	208	0	0	13	13	13	13	13	0	13	26	0	0	0	0	0	0	0	0	0	
	2011014	5002	14	2011001	 武器 - 灰裝	20	224	224	0	0	14	14	14	14	14	0	14	28	0	0	0	0	0	0	0	0	0	
	2011015	5002	15	2011001	 武器 - 灰裝	20	240	240	0	0	15	15	15	15	15	0	15	30	0	0	0	0	0	0	0	0	0	
	2011016	5002	16	2011001	 武器 - 灰裝	20	256	256	0	0	16	16	16	16	16	0	16	32	0	0	0	0	0	0	0	0	0	
	2011017	5002	17	2011001	 武器 - 灰裝	20	272	272	0	0	17	17	17	17	17	0	17	34	0	0	0	0	0	0	0	0	0	
	2011018	5002	18	2011001	 武器 - 灰裝	20	288	288	0	0	18	18	18	18	18	0	18	36	0	0	0	0	0	0	0	0	0	
	2011019	5002	19	2011001	 武器 - 灰裝	20	304	304	0	0	19	19	19	19	19	0	19	38	0	0	0	0	0	0	0	0	0	
	2011020	5002	20	2011001	 武器 - 灰裝	20	320	320	0	0	20	20	20	20	20	0	20	40	0	0	0	0	0	0	0	0	0	
	2011021	5002	21	2011001	 武器 - 灰裝	20	336	336	0	0	21	21	21	21	21	0	21	42	0	0	0	0	0	0	0	0	0	
	2011022	5002	22	2011001	 武器 - 灰裝	20	352	352	0	0	22	22	22	22	22	0	22	44	0	0	0	0	0	0	0	0	0	
	2011023	5002	23	2011001	 武器 - 灰裝	20	368	368	0	0	23	23	23	23	23	0	23	46	0	0	0	0	0	0	0	0	0	
	2011024	5002	24	2011001	 武器 - 灰裝	20	384	384	0	0	24	24	24	24	24	0	24	48	0	0	0	0	0	0	0	0	0	
	2011025	5002	25	2011001	 武器 - 灰裝	20	400	400	0	0	25	25	25	25	25	0	25	50	0	0	0	0	0	0	0	0	0	
	2011026	5002	26	2011001	 武器 - 灰裝	20	416	416	0	0	26	26	26	26	26	0	26	52	0	0	0	0	0	0	0	0	0	
	2011027	5002	27	2011001	 武器 - 灰裝	20	432	432	0	0	27	27	27	27	27	0	27	54	0	0	0	0	0	0	0	0	0	
	2011028	5002	28	2011001	 武器 - 灰裝	20	448	448	0	0	28	28	28	28	28	0	28	56	0	0	0	0	0	0	0	0	0	
	2011029	5002	29	2011001	 武器 - 灰裝	20	464	464	0	0	29	29	29	29	29	0	29	58	0	0	0	0	0	0	0	0	0	
	2011030	5002	30	2011001	 武器 - 灰裝	20	480	480	0	0	30	30	30	30	30	0	30	60	0	0	0	0	0	0	0	0	0	
	2011031	5002	31	2011001	 武器 - 灰裝	20	496	496	0	0	31	31	31	31	31	0	31	62	0	0	0	0	0	0	0	0	0	
	2011032	5002	32	2011001	 武器 - 灰裝	20	512	512	0	0	32	32	32	32	32	0	32	64	0	0	0	0	0	0	0	0	0	
	2011033	5002	33	2011001	 武器 - 灰裝	20	528	528	0	0	33	33	33	33	33	0	33	66	0	0	0	0	0	0	0	0	0	
	2011034	5002	34	2011001	 武器 - 灰裝	20	544	544	0	0	34	34	34	34	34	0	34	68	0	0	0	0	0	0	0	0	0	
	2011035	5002	35	2011001	 武器 - 灰裝	20	560	560	0	0	35	35	35	35	35	0	35	70	0	0	0	0	0	0	0	0	0	
	2011036	5002	36	2011001	 武器 - 灰裝	20	576	576	0	0	36	36	36	36	36	0	36	72	0	0	0	0	0	0	0	0	0	
	2011037	5002	37	2011001	 武器 - 灰裝	20	592	592	0	0	37	37	37	37	37	0	37	74	0	0	0	0	0	0	0	0	0	
	2011038	5002	38	2011001	 武器 - 灰裝	20	608	608	0	0	38	38	38	38	38	0	38	76	0	0	0	0	0	0	0	0	0	
	2011039	5002	39	2011001	 武器 - 灰裝	20	624	624	0	0	39	39	39	39	39	0	39	78	0	0	0	0	0	0	0	0	0	
	2011040	5002	40	2011001	 武器 - 灰裝	20	640	640	0	0	40	40	40	40	40	0	40	80	0	0	0	0	0	0	0	0	0	
	2011041	5002	41	2011001	 武器 - 灰裝	20	656	656	0	0	41	41	41	41	41	0	41	82	0	0	0	0	0	0	0	0	0	
	2011042	5002	42	2011001	 武器 - 灰裝	20	672	672	0	0	42	42	42	42	42	0	42	84	0	0	0	0	0	0	0	0	0	
	2011043	5002	43	2011001	 武器 - 灰裝	20	688	688	0	0	43	43	43	43	43	0	43	86	0	0	0	0	0	0	0	0	0	
	2011044	5002	44	2011001	 武器 - 灰裝	20	704	704	0	0	44	44	44	44	44	0	44	88	0	0	0	0	0	0	0	0	0	
	2011045	5002	45	2011001	 武器 - 灰裝	20	720	720	0	0	45	45	45	45	45	0	45	90	0	0	0	0	0	0	0	0	0	
	2011046	5002	46	2011001	 武器 - 灰裝	20	736	736	0	0	46	46	46	46	46	0	46	92	0	0	0	0	0	0	0	0	0	
	2011047	5002	47	2011001	 武器 - 灰裝	20	752	752	0	0	47	47	47	47	47	0	47	94	0	0	0	0	0	0	0	0	0	
	2011048	5002	48	2011001	 武器 - 灰裝	20	768	768	0	0	48	48	48	48	48	0	48	96	0	0	0	0	0	0	0	0	0	
	2011049	5002	49	2011001	 武器 - 灰裝	20	784	784	0	0	49	49	49	49	49	0	49	98	0	0	0	0	0	0	0	0	0	
	2011050	5002	50	2011001	 武器 - 灰裝	20	800	800	0	0	50	50	50	50	50	0	50	100	0	0	0	0	0	0	0	0	0	
	2011051	5002	51	2011001	 武器 - 灰裝	20	816	816	0	0	51	51	51	51	51	0	51	102	0	0	0	0	0	0	0	0	0	
	2011052	5002	52	2011001	 武器 - 灰裝	20	832	832	0	0	52	52	52	52	52	0	52	104	0	0	0	0	0	0	0	0	0	
	2011053	5002	53	2011001	 武器 - 灰裝	20	848	848	0	0	53	53	53	53	53	0	53	106	0	0	0	0	0	0	0	0	0	
	2011054	5002	54	2011001	 武器 - 灰裝	20	864	864	0	0	54	54	54	54	54	0	54	108	0	0	0	0	0	0	0	0	0	
	2011055	5002	55	2011001	 武器 - 灰裝	20	880	880	0	0	55	55	55	55	55	0	55	110	0	0	0	0	0	0	0	0	0	
	2011056	5002	56	2011001	 武器 - 灰裝	20	896	896	0	0	56	56	56	56	56	0	56	112	0	0	0	0	0	0	0	0	0	
	2011057	5002	57	2011001	 武器 - 灰裝	20	912	912	0	0	57	57	57	57	57	0	57	114	0	0	0	0	0	0	0	0	0	
	2011058	5002	58	2011001	 武器 - 灰裝	20	928	928	0	0	58	58	58	58	58	0	58	116	0	0	0	0	0	0	0	0	0	
	2011059	5002	59	2011001	 武器 - 灰裝	20	944	944	0	0	59	59	59	59	59	0	59	118	0	0	0	0	0	0	0	0	0	
	2011060	5002	60	2011001	 武器 - 灰裝	20	960	960	0	0	60	60	60	60	60	0	60	120	0	0	0	0	0	0	0	0	0	
	2011061	5002	61	2011001	 武器 - 灰裝	20	976	976	0	0	61	61	61	61	61	0	61	122	0	0	0	0	0	0	0	0	0	
	2011062	5002	62	2011001	 武器 - 灰裝	20	992	992	0	0	62	62	62	62	62	0	62	124	0	0	0	0	0	0	0	0	0	
	2011063	5002	63	2011001	 武器 - 灰裝	20	1008	1008	0	0	63	63	63	63	63	0	63	126	0	0	0	0	0	0	0	0	0	
	2011064	5002	64	2011001	 武器 - 灰裝	20	1024	1024	0	0	64	64	64	64	64	0	64	128	0	0	0	0	0	0	0	0	0	
	2011065	5002	65	2011001	 武器 - 灰裝	20	1040	1040	0	0	65	65	65	65	65	0	65	130	0	0	0	0	0	0	0	0	0	
	2011066	5002	66	2011001	 武器 - 灰裝	20	1056	1056	0	0	66	66	66	66	66	0	66	132	0	0	0	0	0	0	0	0	0	
	2011067	5002	67	2011001	 武器 - 灰裝	20	1072	1072	0	0	67	67	67	67	67	0	67	134	0	0	0	0	0	0	0	0	0	
	2011068	5002	68	2011001	 武器 - 灰裝	20	1088	1088	0	0	68	68	68	68	68	0	68	136	0	0	0	0	0	0	0	0	0	
	2011069	5002	69	2011001	 武器 - 灰裝	20	1104	1104	0	0	69	69	69	69	69	0	69	138	0	0	0	0	0	0	0	0	0	
	2011070	5002	70	2011001	 武器 - 灰裝	20	1120	1120	0	0	70	70	70	70	70	0	70	140	0	0	0	0	0	0	0	0	0	
	2011071	5002	71	2011001	 武器 - 灰裝	20	1136	1136	0	0	71	71	71	71	71	0	71	142	0	0	0	0	0	0	0	0	0	
	2011072	5002	72	2011001	 武器 - 灰裝	20	1152	1152	0	0	72	72	72	72	72	0	72	144	0	0	0	0	0	0	0	0	0	
	2011073	5002	73	2011001	 武器 - 灰裝	20	1168	1168	0	0	73	73	73	73	73	0	73	146	0	0	0	0	0	0	0	0	0	
	2011074	5002	74	2011001	 武器 - 灰裝	20	1184	1184	0	0	74	74	74	74	74	0	74	148	0	0	0	0	0	0	0	0	0	
	2011075	5002	75	2011001	 武器 - 灰裝	20	1200	1200	0	0	75	75	75	75	75	0	75	150	0	0	0	0	0	0	0	0	0	
	2011076	5002	76	2011001	 武器 - 灰裝	20	1216	1216	0	0	76	76	76	76	76	0	76	152	0	0	0	0	0	0	0	0	0	
	2011077	5002	77	2011001	 武器 - 灰裝	20	1232	1232	0	0	77	77	77	77	77	0	77	154	0	0	0	0	0	0	0	0	0	
	2011078	5002	78	2011001	 武器 - 灰裝	20	1248	1248	0	0	78	78	78	78	78	0	78	156	0	0	0	0	0	0	0	0	0	
	2011079	5002	79	2011001	 武器 - 灰裝	20	1264	1264	0	0	79	79	79	79	79	0	79	158	0	0	0	0	0	0	0	0	0	
	2011080	5002	80	2011001	 武器 - 灰裝	20	1280	1280	0	0	80	80	80	80	80	0	80	160	0	0	0	0	0	0	0	0	0	
	2011081	5002	81	2011001	 武器 - 灰裝	20	1296	1296	0	0	81	81	81	81	81	0	81	162	0	0	0	0	0	0	0	0	0	
	2011082	5002	82	2011001	 武器 - 灰裝	20	1312	1312	0	0	82	82	82	82	82	0	82	164	0	0	0	0	0	0	0	0	0	
	2011083	5002	83	2011001	 武器 - 灰裝	20	1328	1328	0	0	83	83	83	83	83	0	83	166	0	0	0	0	0	0	0	0	0	
	2011084	5002	84	2011001	 武器 - 灰裝	20	1344	1344	0	0	84	84	84	84	84	0	84	168	0	0	0	0	0	0	0	0	0	
	2011085	5002	85	2011001	 武器 - 灰裝	20	1360	1360	0	0	85	85	85	85	85	0	85	170	0	0	0	0	0	0	0	0	0	
	2011086	5002	86	2011001	 武器 - 灰裝	20	1376	1376	0	0	86	86	86	86	86	0	86	172	0	0	0	0	0	0	0	0	0	
	2011087	5002	87	2011001	 武器 - 灰裝	20	1392	1392	0	0	87	87	87	87	87	0	87	174	0	0	0	0	0	0	0	0	0	
	2011088	5002	88	2011001	 武器 - 灰裝	20	1408	1408	0	0	88	88	88	88	88	0	88	176	0	0	0	0	0	0	0	0	0	
	2011089	5002	89	2011001	 武器 - 灰裝	20	1424	1424	0	0	89	89	89	89	89	0	89	178	0	0	0	0	0	0	0	0	0	
	2011090	5002	90	2011001	 武器 - 灰裝	20	1440	1440	0	0	90	90	90	90	90	0	90	180	0	0	0	0	0	0	0	0	0	
	2011091	5002	91	2011001	 武器 - 灰裝	20	1456	1456	0	0	91	91	91	91	91	0	91	182	0	0	0	0	0	0	0	0	0	
	2011092	5002	92	2011001	 武器 - 灰裝	20	1472	1472	0	0	92	92	92	92	92	0	92	184	0	0	0	0	0	0	0	0	0	
	2011093	5002	93	2011001	 武器 - 灰裝	20	1488	1488	0	0	93	93	93	93	93	0	93	186	0	0	0	0	0	0	0	0	0	
	2011094	5002	94	2011001	 武器 - 灰裝	20	1504	1504	0	0	94	94	94	94	94	0	94	188	0	0	0	0	0	0	0	0	0	
	2011095	5002	95	2011001	 武器 - 灰裝	20	1520	1520	0	0	95	95	95	95	95	0	95	190	0	0	0	0	0	0	0	0	0	
	2011096	5002	96	2011001	 武器 - 灰裝	20	1536	1536	0	0	96	96	96	96	96	0	96	192	0	0	0	0	0	0	0	0	0	
	2011097	5002	97	2011001	 武器 - 灰裝	20	1552	1552	0	0	97	97	97	97	97	0	97	194	0	0	0	0	0	0	0	0	0	
	2011098	5002	98	2011001	 武器 - 灰裝	20	1568	1568	0	0	98	98	98	98	98	0	98	196	0	0	0	0	0	0	0	0	0	
	2011099	5002	99	2011001	 武器 - 灰裝	20	1584	1584	0	0	99	99	99	99	99	0	99	198	0	0	0	0	0	0	0	0	0	
	2011100	5002	100	2011001	 武器 - 灰裝	20	1600	1600	0	0	100	100	100	100	100	0	100	200	0	0	0	0	0	0	0	0	0	
	2011101	5002	101	2011001	 武器 - 灰裝	20	1616	1616	0	0	101	101	101	101	101	0	101	202	0	0	0	0	0	0	0	0	0	
	2011102	5002	102	2011001	 武器 - 灰裝	20	1632	1632	0	0	102	102	102	102	102	0	102	204	0	0	0	0	0	0	0	0	0	
	2011103	5002	103	2011001	 武器 - 灰裝	20	1648	1648	0	0	103	103	103	103	103	0	103	206	0	0	0	0	0	0	0	0	0	
	2011104	5002	104	2011001	 武器 - 灰裝	20	1664	1664	0	0	104	104	104	104	104	0	104	208	0	0	0	0	0	0	0	0	0	
	2011105	5002	105	2011001	 武器 - 灰裝	20	1680	1680	0	0	105	105	105	105	105	0	105	210	0	0	0	0	0	0	0	0	0	
	2011106	5002	106	2011001	 武器 - 灰裝	20	1696	1696	0	0	106	106	106	106	106	0	106	212	0	0	0	0	0	0	0	0	0	
	2011107	5002	107	2011001	 武器 - 灰裝	20	1712	1712	0	0	107	107	107	107	107	0	107	214	0	0	0	0	0	0	0	0	0	
	2011108	5002	108	2011001	 武器 - 灰裝	20	1728	1728	0	0	108	108	108	108	108	0	108	216	0	0	0	0	0	0	0	0	0	
# 武器 - 白裝（非商店貨）																												
	2012001	5002	1	2012001	 武器 - 白裝	20	19	19	0	0	1	1	1	1	1	0	1	2	0	0	0	0	0	0	0	0	0	
	2012002	5002	2	2012001	 武器 - 白裝	20	38	38	0	0	2	2	2	2	2	0	2	4	0	0	0	0	0	0	0	0	0	
	2012003	5002	3	2012001	 武器 - 白裝	20	57	57	0	0	3	3	3	3	3	0	3	6	0	0	0	0	0	0	0	0	0	
	2012004	5002	4	2012001	 武器 - 白裝	20	76	76	0	0	4	4	4	4	4	0	4	8	0	0	0	0	0	0	0	0	0	
	2012005	5002	5	2012001	 武器 - 白裝	20	95	95	0	0	5	5	5	5	5	0	5	10	0	0	0	0	0	0	0	0	0	
	2012006	5002	6	2012001	 武器 - 白裝	20	114	114	0	0	6	6	6	6	6	0	6	12	0	0	0	0	0	0	0	0	0	
	2012007	5002	7	2012001	 武器 - 白裝	20	133	133	0	0	7	7	7	7	7	0	7	14	0	0	0	0	0	0	0	0	0	
	2012008	5002	8	2012001	 武器 - 白裝	20	152	152	0	0	8	8	8	8	8	0	8	16	0	0	0	0	0	0	0	0	0	
	2012009	5002	9	2012001	 武器 - 白裝	20	171	171	0	0	9	9	9	9	9	0	9	18	0	0	0	0	0	0	0	0	0	
	2012010	5002	10	2012001	 武器 - 白裝	20	190	190	0	0	10	10	10	10	10	0	10	20	0	0	0	0	0	0	0	0	0	
	2012011	5002	11	2012001	 武器 - 白裝	20	209	209	0	0	11	11	11	11	11	0	11	22	0	0	0	0	0	0	0	0	0	
	2012012	5002	12	2012001	 武器 - 白裝	20	228	228	0	0	12	12	12	12	12	0	12	24	0	0	0	0	0	0	0	0	0	
	2012013	5002	13	2012001	 武器 - 白裝	20	247	247	0	0	13	13	13	13	13	0	13	26	0	0	0	0	0	0	0	0	0	
	2012014	5002	14	2012001	 武器 - 白裝	20	266	266	0	0	14	14	14	14	14	0	14	28	0	0	0	0	0	0	0	0	0	
	2012015	5002	15	2012001	 武器 - 白裝	20	285	285	0	0	15	15	15	15	15	0	15	30	0	0	0	0	0	0	0	0	0	
	2012016	5002	16	2012001	 武器 - 白裝	20	304	304	0	0	16	16	16	16	16	0	16	32	0	0	0	0	0	0	0	0	0	
	2012017	5002	17	2012001	 武器 - 白裝	20	323	323	0	0	17	17	17	17	17	0	17	34	0	0	0	0	0	0	0	0	0	
	2012018	5002	18	2012001	 武器 - 白裝	20	342	342	0	0	18	18	18	18	18	0	18	36	0	0	0	0	0	0	0	0	0	
	2012019	5002	19	2012001	 武器 - 白裝	20	361	361	0	0	19	19	19	19	19	0	19	38	0	0	0	0	0	0	0	0	0	
	2012020	5002	20	2012001	 武器 - 白裝	20	380	380	0	0	20	20	20	20	20	0	20	40	0	0	0	0	0	0	0	0	0	
	2012021	5002	21	2012001	 武器 - 白裝	20	399	399	0	0	21	21	21	21	21	0	21	42	0	0	0	0	0	0	0	0	0	
	2012022	5002	22	2012001	 武器 - 白裝	20	418	418	0	0	22	22	22	22	22	0	22	44	0	0	0	0	0	0	0	0	0	
	2012023	5002	23	2012001	 武器 - 白裝	20	437	437	0	0	23	23	23	23	23	0	23	46	0	0	0	0	0	0	0	0	0	
	2012024	5002	24	2012001	 武器 - 白裝	20	456	456	0	0	24	24	24	24	24	0	24	48	0	0	0	0	0	0	0	0	0	
	2012025	5002	25	2012001	 武器 - 白裝	20	475	475	0	0	25	25	25	25	25	0	25	50	0	0	0	0	0	0	0	0	0	
	2012026	5002	26	2012001	 武器 - 白裝	20	494	494	0	0	26	26	26	26	26	0	26	52	0	0	0	0	0	0	0	0	0	
	2012027	5002	27	2012001	 武器 - 白裝	20	513	513	0	0	27	27	27	27	27	0	27	54	0	0	0	0	0	0	0	0	0	
	2012028	5002	28	2012001	 武器 - 白裝	20	532	532	0	0	28	28	28	28	28	0	28	56	0	0	0	0	0	0	0	0	0	
	2012029	5002	29	2012001	 武器 - 白裝	20	551	551	0	0	29	29	29	29	29	0	29	58	0	0	0	0	0	0	0	0	0	
	2012030	5002	30	2012001	 武器 - 白裝	20	570	570	0	0	30	30	30	30	30	0	30	60	0	0	0	0	0	0	0	0	0	
	2012031	5002	31	2012001	 武器 - 白裝	20	589	589	0	0	31	31	31	31	31	0	31	62	0	0	0	0	0	0	0	0	0	
	2012032	5002	32	2012001	 武器 - 白裝	20	608	608	0	0	32	32	32	32	32	0	32	64	0	0	0	0	0	0	0	0	0	
	2012033	5002	33	2012001	 武器 - 白裝	20	627	627	0	0	33	33	33	33	33	0	33	66	0	0	0	0	0	0	0	0	0	
	2012034	5002	34	2012001	 武器 - 白裝	20	646	646	0	0	34	34	34	34	34	0	34	68	0	0	0	0	0	0	0	0	0	
	2012035	5002	35	2012001	 武器 - 白裝	20	665	665	0	0	35	35	35	35	35	0	35	70	0	0	0	0	0	0	0	0	0	
	2012036	5002	36	2012001	 武器 - 白裝	20	684	684	0	0	36	36	36	36	36	0	36	72	0	0	0	0	0	0	0	0	0	
	2012037	5002	37	2012001	 武器 - 白裝	20	703	703	0	0	37	37	37	37	37	0	37	74	0	0	0	0	0	0	0	0	0	
	2012038	5002	38	2012001	 武器 - 白裝	20	722	722	0	0	38	38	38	38	38	0	38	76	0	0	0	0	0	0	0	0	0	
	2012039	5002	39	2012001	 武器 - 白裝	20	741	741	0	0	39	39	39	39	39	0	39	78	0	0	0	0	0	0	0	0	0	
	2012040	5002	40	2012001	 武器 - 白裝	20	760	760	0	0	40	40	40	40	40	0	40	80	0	0	0	0	0	0	0	0	0	
	2012041	5002	41	2012001	 武器 - 白裝	20	779	779	0	0	41	41	41	41	41	0	41	82	0	0	0	0	0	0	0	0	0	
	2012042	5002	42	2012001	 武器 - 白裝	20	798	798	0	0	42	42	42	42	42	0	42	84	0	0	0	0	0	0	0	0	0	
	2012043	5002	43	2012001	 武器 - 白裝	20	817	817	0	0	43	43	43	43	43	0	43	86	0	0	0	0	0	0	0	0	0	
	2012044	5002	44	2012001	 武器 - 白裝	20	836	836	0	0	44	44	44	44	44	0	44	88	0	0	0	0	0	0	0	0	0	
	2012045	5002	45	2012001	 武器 - 白裝	20	855	855	0	0	45	45	45	45	45	0	45	90	0	0	0	0	0	0	0	0	0	
	2012046	5002	46	2012001	 武器 - 白裝	20	874	874	0	0	46	46	46	46	46	0	46	92	0	0	0	0	0	0	0	0	0	
	2012047	5002	47	2012001	 武器 - 白裝	20	893	893	0	0	47	47	47	47	47	0	47	94	0	0	0	0	0	0	0	0	0	
	2012048	5002	48	2012001	 武器 - 白裝	20	912	912	0	0	48	48	48	48	48	0	48	96	0	0	0	0	0	0	0	0	0	
	2012049	5002	49	2012001	 武器 - 白裝	20	931	931	0	0	49	49	49	49	49	0	49	98	0	0	0	0	0	0	0	0	0	
	2012050	5002	50	2012001	 武器 - 白裝	20	950	950	0	0	50	50	50	50	50	0	50	100	0	0	0	0	0	0	0	0	0	
	2012051	5002	51	2012001	 武器 - 白裝	20	969	969	0	0	51	51	51	51	51	0	51	102	0	0	0	0	0	0	0	0	0	
	2012052	5002	52	2012001	 武器 - 白裝	20	988	988	0	0	52	52	52	52	52	0	52	104	0	0	0	0	0	0	0	0	0	
	2012053	5002	53	2012001	 武器 - 白裝	20	1007	1007	0	0	53	53	53	53	53	0	53	106	0	0	0	0	0	0	0	0	0	
	2012054	5002	54	2012001	 武器 - 白裝	20	1026	1026	0	0	54	54	54	54	54	0	54	108	0	0	0	0	0	0	0	0	0	
	2012055	5002	55	2012001	 武器 - 白裝	20	1045	1045	0	0	55	55	55	55	55	0	55	110	0	0	0	0	0	0	0	0	0	
	2012056	5002	56	2012001	 武器 - 白裝	20	1064	1064	0	0	56	56	56	56	56	0	56	112	0	0	0	0	0	0	0	0	0	
	2012057	5002	57	2012001	 武器 - 白裝	20	1083	1083	0	0	57	57	57	57	57	0	57	114	0	0	0	0	0	0	0	0	0	
	2012058	5002	58	2012001	 武器 - 白裝	20	1102	1102	0	0	58	58	58	58	58	0	58	116	0	0	0	0	0	0	0	0	0	
	2012059	5002	59	2012001	 武器 - 白裝	20	1121	1121	0	0	59	59	59	59	59	0	59	118	0	0	0	0	0	0	0	0	0	
	2012060	5002	60	2012001	 武器 - 白裝	20	1140	1140	0	0	60	60	60	60	60	0	60	120	0	0	0	0	0	0	0	0	0	
	2012061	5002	61	2012001	 武器 - 白裝	20	1159	1159	0	0	61	61	61	61	61	0	61	122	0	0	0	0	0	0	0	0	0	
	2012062	5002	62	2012001	 武器 - 白裝	20	1178	1178	0	0	62	62	62	62	62	0	62	124	0	0	0	0	0	0	0	0	0	
	2012063	5002	63	2012001	 武器 - 白裝	20	1197	1197	0	0	63	63	63	63	63	0	63	126	0	0	0	0	0	0	0	0	0	
	2012064	5002	64	2012001	 武器 - 白裝	20	1216	1216	0	0	64	64	64	64	64	0	64	128	0	0	0	0	0	0	0	0	0	
	2012065	5002	65	2012001	 武器 - 白裝	20	1235	1235	0	0	65	65	65	65	65	0	65	130	0	0	0	0	0	0	0	0	0	
	2012066	5002	66	2012001	 武器 - 白裝	20	1254	1254	0	0	66	66	66	66	66	0	66	132	0	0	0	0	0	0	0	0	0	
	2012067	5002	67	2012001	 武器 - 白裝	20	1273	1273	0	0	67	67	67	67	67	0	67	134	0	0	0	0	0	0	0	0	0	
	2012068	5002	68	2012001	 武器 - 白裝	20	1292	1292	0	0	68	68	68	68	68	0	68	136	0	0	0	0	0	0	0	0	0	
	2012069	5002	69	2012001	 武器 - 白裝	20	1311	1311	0	0	69	69	69	69	69	0	69	138	0	0	0	0	0	0	0	0	0	
	2012070	5002	70	2012001	 武器 - 白裝	20	1330	1330	0	0	70	70	70	70	70	0	70	140	0	0	0	0	0	0	0	0	0	
	2012071	5002	71	2012001	 武器 - 白裝	20	1349	1349	0	0	71	71	71	71	71	0	71	142	0	0	0	0	0	0	0	0	0	
	2012072	5002	72	2012001	 武器 - 白裝	20	1368	1368	0	0	72	72	72	72	72	0	72	144	0	0	0	0	0	0	0	0	0	
	2012073	5002	73	2012001	 武器 - 白裝	20	1387	1387	0	0	73	73	73	73	73	0	73	146	0	0	0	0	0	0	0	0	0	
	2012074	5002	74	2012001	 武器 - 白裝	20	1406	1406	0	0	74	74	74	74	74	0	74	148	0	0	0	0	0	0	0	0	0	
	2012075	5002	75	2012001	 武器 - 白裝	20	1425	1425	0	0	75	75	75	75	75	0	75	150	0	0	0	0	0	0	0	0	0	
	2012076	5002	76	2012001	 武器 - 白裝	20	1444	1444	0	0	76	76	76	76	76	0	76	152	0	0	0	0	0	0	0	0	0	
	2012077	5002	77	2012001	 武器 - 白裝	20	1463	1463	0	0	77	77	77	77	77	0	77	154	0	0	0	0	0	0	0	0	0	
	2012078	5002	78	2012001	 武器 - 白裝	20	1482	1482	0	0	78	78	78	78	78	0	78	156	0	0	0	0	0	0	0	0	0	
	2012079	5002	79	2012001	 武器 - 白裝	20	1501	1501	0	0	79	79	79	79	79	0	79	158	0	0	0	0	0	0	0	0	0	
	2012080	5002	80	2012001	 武器 - 白裝	20	1520	1520	0	0	80	80	80	80	80	0	80	160	0	0	0	0	0	0	0	0	0	
	2012081	5002	81	2012001	 武器 - 白裝	20	1539	1539	0	0	81	81	81	81	81	0	81	162	0	0	0	0	0	0	0	0	0	
	2012082	5002	82	2012001	 武器 - 白裝	20	1558	1558	0	0	82	82	82	82	82	0	82	164	0	0	0	0	0	0	0	0	0	
	2012083	5002	83	2012001	 武器 - 白裝	20	1577	1577	0	0	83	83	83	83	83	0	83	166	0	0	0	0	0	0	0	0	0	
	2012084	5002	84	2012001	 武器 - 白裝	20	1596	1596	0	0	84	84	84	84	84	0	84	168	0	0	0	0	0	0	0	0	0	
	2012085	5002	85	2012001	 武器 - 白裝	20	1615	1615	0	0	85	85	85	85	85	0	85	170	0	0	0	0	0	0	0	0	0	
	2012086	5002	86	2012001	 武器 - 白裝	20	1634	1634	0	0	86	86	86	86	86	0	86	172	0	0	0	0	0	0	0	0	0	
	2012087	5002	87	2012001	 武器 - 白裝	20	1653	1653	0	0	87	87	87	87	87	0	87	174	0	0	0	0	0	0	0	0	0	
	2012088	5002	88	2012001	 武器 - 白裝	20	1672	1672	0	0	88	88	88	88	88	0	88	176	0	0	0	0	0	0	0	0	0	
	2012089	5002	89	2012001	 武器 - 白裝	20	1691	1691	0	0	89	89	89	89	89	0	89	178	0	0	0	0	0	0	0	0	0	
	2012090	5002	90	2012001	 武器 - 白裝	20	1710	1710	0	0	90	90	90	90	90	0	90	180	0	0	0	0	0	0	0	0	0	
	2012091	5002	91	2012001	 武器 - 白裝	20	1729	1729	0	0	91	91	91	91	91	0	91	182	0	0	0	0	0	0	0	0	0	
	2012092	5002	92	2012001	 武器 - 白裝	20	1748	1748	0	0	92	92	92	92	92	0	92	184	0	0	0	0	0	0	0	0	0	
	2012093	5002	93	2012001	 武器 - 白裝	20	1767	1767	0	0	93	93	93	93	93	0	93	186	0	0	0	0	0	0	0	0	0	
	2012094	5002	94	2012001	 武器 - 白裝	20	1786	1786	0	0	94	94	94	94	94	0	94	188	0	0	0	0	0	0	0	0	0	
	2012095	5002	95	2012001	 武器 - 白裝	20	1805	1805	0	0	95	95	95	95	95	0	95	190	0	0	0	0	0	0	0	0	0	
	2012096	5002	96	2012001	 武器 - 白裝	20	1824	1824	0	0	96	96	96	96	96	0	96	192	0	0	0	0	0	0	0	0	0	
	2012097	5002	97	2012001	 武器 - 白裝	20	1843	1843	0	0	97	97	97	97	97	0	97	194	0	0	0	0	0	0	0	0	0	
	2012098	5002	98	2012001	 武器 - 白裝	20	1862	1862	0	0	98	98	98	98	98	0	98	196	0	0	0	0	0	0	0	0	0	
	2012099	5002	99	2012001	 武器 - 白裝	20	1881	1881	0	0	99	99	99	99	99	0	99	198	0	0	0	0	0	0	0	0	0	
	2012100	5002	100	2012001	 武器 - 白裝	20	1900	1900	0	0	100	100	100	100	100	0	100	200	0	0	0	0	0	0	0	0	0	
	2012101	5002	101	2012001	 武器 - 白裝	20	1919	1919	0	0	101	101	101	101	101	0	101	202	0	0	0	0	0	0	0	0	0	
	2012102	5002	102	2012001	 武器 - 白裝	20	1938	1938	0	0	102	102	102	102	102	0	102	204	0	0	0	0	0	0	0	0	0	
	2012103	5002	103	2012001	 武器 - 白裝	20	1957	1957	0	0	103	103	103	103	103	0	103	206	0	0	0	0	0	0	0	0	0	
	2012104	5002	104	2012001	 武器 - 白裝	20	1976	1976	0	0	104	104	104	104	104	0	104	208	0	0	0	0	0	0	0	0	0	
	2012105	5002	105	2012001	 武器 - 白裝	20	1995	1995	0	0	105	105	105	105	105	0	105	210	0	0	0	0	0	0	0	0	0	
	2012106	5002	106	2012001	 武器 - 白裝	20	2014	2014	0	0	106	106	106	106	106	0	106	212	0	0	0	0	0	0	0	0	0	
	2012107	5002	107	2012001	 武器 - 白裝	20	2033	2033	0	0	107	107	107	107	107	0	107	214	0	0	0	0	0	0	0	0	0	
	2012108	5002	108	2012001	 武器 - 白裝	20	2052	2052	0	0	108	108	108	108	108	0	108	216	0	0	0	0	0	0	0	0	0	
# 武器 - 綠裝																												
	2013001	5002	1	2013001	 武器 - 綠裝	20	21	21	1	1	1	1	1	1	1	0	1	2	0	0	0	0	0	0	0	0	0	
	2013002	5002	2	2013001	 武器 - 綠裝	20	42	42	2	2	2	2	2	2	2	0	2	4	0	0	0	0	0	0	0	0	0	
	2013003	5002	3	2013001	 武器 - 綠裝	20	63	63	3	3	3	3	3	3	3	0	3	6	0	0	0	0	0	0	0	0	0	
	2013004	5002	4	2013001	 武器 - 綠裝	20	84	84	4	4	4	4	4	4	4	0	4	8	0	0	0	0	0	0	0	0	0	
	2013005	5002	5	2013001	 武器 - 綠裝	20	105	105	5	5	5	5	5	5	5	0	5	10	0	0	0	0	0	0	0	0	0	
	2013006	5002	6	2013001	 武器 - 綠裝	20	126	126	6	6	6	6	6	6	6	0	6	12	0	0	0	0	0	0	0	0	0	
	2013007	5002	7	2013001	 武器 - 綠裝	20	147	147	7	7	7	7	7	7	7	0	7	14	0	0	0	0	0	0	0	0	0	
	2013008	5002	8	2013001	 武器 - 綠裝	20	168	168	8	8	8	8	8	8	8	0	8	16	0	0	0	0	0	0	0	0	0	
	2013009	5002	9	2013001	 武器 - 綠裝	20	189	189	9	9	9	9	9	9	9	0	9	18	0	0	0	0	0	0	0	0	0	
	2013010	5002	10	2013001	 武器 - 綠裝	20	210	210	10	10	10	10	10	10	10	0	10	20	0	0	0	0	0	0	0	0	0	
	2013011	5002	11	2013001	 武器 - 綠裝	20	231	231	11	11	11	11	11	11	11	0	11	22	0	0	0	0	0	0	0	0	0	
	2013012	5002	12	2013001	 武器 - 綠裝	20	252	252	12	12	12	12	12	12	12	0	12	24	0	0	0	0	0	0	0	0	0	
	2013013	5002	13	2013001	 武器 - 綠裝	20	273	273	13	13	13	13	13	13	13	0	13	26	0	0	0	0	0	0	0	0	0	
	2013014	5002	14	2013001	 武器 - 綠裝	20	294	294	14	14	14	14	14	14	14	0	14	28	0	0	0	0	0	0	0	0	0	
	2013015	5002	15	2013001	 武器 - 綠裝	20	315	315	15	15	15	15	15	15	15	0	15	30	0	0	0	0	0	0	0	0	0	
	2013016	5002	16	2013001	 武器 - 綠裝	20	336	336	16	16	16	16	16	16	16	0	16	32	0	0	0	0	0	0	0	0	0	
	2013017	5002	17	2013001	 武器 - 綠裝	20	357	357	17	17	17	17	17	17	17	0	17	34	0	0	0	0	0	0	0	0	0	
	2013018	5002	18	2013001	 武器 - 綠裝	20	378	378	18	18	18	18	18	18	18	0	18	36	0	0	0	0	0	0	0	0	0	
	2013019	5002	19	2013001	 武器 - 綠裝	20	399	399	19	19	19	19	19	19	19	0	19	38	0	0	0	0	0	0	0	0	0	
	2013020	5002	20	2013001	 武器 - 綠裝	20	420	420	20	20	20	20	20	20	20	0	20	40	0	0	0	0	0	0	0	0	0	
	2013021	5002	21	2013001	 武器 - 綠裝	20	441	441	21	21	21	21	21	21	21	0	21	42	0	0	0	0	0	0	0	0	0	
	2013022	5002	22	2013001	 武器 - 綠裝	20	462	462	22	22	22	22	22	22	22	0	22	44	0	0	0	0	0	0	0	0	0	
	2013023	5002	23	2013001	 武器 - 綠裝	20	483	483	23	23	23	23	23	23	23	0	23	46	0	0	0	0	0	0	0	0	0	
	2013024	5002	24	2013001	 武器 - 綠裝	20	504	504	24	24	24	24	24	24	24	0	24	48	0	0	0	0	0	0	0	0	0	
	2013025	5002	25	2013001	 武器 - 綠裝	20	525	525	25	25	25	25	25	25	25	0	25	50	0	0	0	0	0	0	0	0	0	
	2013026	5002	26	2013001	 武器 - 綠裝	20	546	546	26	26	26	26	26	26	26	0	26	52	0	0	0	0	0	0	0	0	0	
	2013027	5002	27	2013001	 武器 - 綠裝	20	567	567	27	27	27	27	27	27	27	0	27	54	0	0	0	0	0	0	0	0	0	
	2013028	5002	28	2013001	 武器 - 綠裝	20	588	588	28	28	28	28	28	28	28	0	28	56	0	0	0	0	0	0	0	0	0	
	2013029	5002	29	2013001	 武器 - 綠裝	20	609	609	29	29	29	29	29	29	29	0	29	58	0	0	0	0	0	0	0	0	0	
	2013030	5002	30	2013001	 武器 - 綠裝	20	630	630	30	30	30	30	30	30	30	0	30	60	0	0	0	0	0	0	0	0	0	
	2013031	5002	31	2013001	 武器 - 綠裝	20	651	651	31	31	31	31	31	31	31	0	31	62	0	0	0	0	0	0	0	0	0	
	2013032	5002	32	2013001	 武器 - 綠裝	20	672	672	32	32	32	32	32	32	32	0	32	64	0	0	0	0	0	0	0	0	0	
	2013033	5002	33	2013001	 武器 - 綠裝	20	693	693	33	33	33	33	33	33	33	0	33	66	0	0	0	0	0	0	0	0	0	
	2013034	5002	34	2013001	 武器 - 綠裝	20	714	714	34	34	34	34	34	34	34	0	34	68	0	0	0	0	0	0	0	0	0	
	2013035	5002	35	2013001	 武器 - 綠裝	20	735	735	35	35	35	35	35	35	35	0	35	70	0	0	0	0	0	0	0	0	0	
	2013036	5002	36	2013001	 武器 - 綠裝	20	756	756	36	36	36	36	36	36	36	0	36	72	0	0	0	0	0	0	0	0	0	
	2013037	5002	37	2013001	 武器 - 綠裝	20	777	777	37	37	37	37	37	37	37	0	37	74	0	0	0	0	0	0	0	0	0	
	2013038	5002	38	2013001	 武器 - 綠裝	20	798	798	38	38	38	38	38	38	38	0	38	76	0	0	0	0	0	0	0	0	0	
	2013039	5002	39	2013001	 武器 - 綠裝	20	819	819	39	39	39	39	39	39	39	0	39	78	0	0	0	0	0	0	0	0	0	
	2013040	5002	40	2013001	 武器 - 綠裝	20	840	840	40	40	40	40	40	40	40	0	40	80	0	0	0	0	0	0	0	0	0	
	2013041	5002	41	2013001	 武器 - 綠裝	20	861	861	41	41	41	41	41	41	41	0	41	82	0	0	0	0	0	0	0	0	0	
	2013042	5002	42	2013001	 武器 - 綠裝	20	882	882	42	42	42	42	42	42	42	0	42	84	0	0	0	0	0	0	0	0	0	
	2013043	5002	43	2013001	 武器 - 綠裝	20	903	903	43	43	43	43	43	43	43	0	43	86	0	0	0	0	0	0	0	0	0	
	2013044	5002	44	2013001	 武器 - 綠裝	20	924	924	44	44	44	44	44	44	44	0	44	88	0	0	0	0	0	0	0	0	0	
	2013045	5002	45	2013001	 武器 - 綠裝	20	945	945	45	45	45	45	45	45	45	0	45	90	0	0	0	0	0	0	0	0	0	
	2013046	5002	46	2013001	 武器 - 綠裝	20	966	966	46	46	46	46	46	46	46	0	46	92	0	0	0	0	0	0	0	0	0	
	2013047	5002	47	2013001	 武器 - 綠裝	20	987	987	47	47	47	47	47	47	47	0	47	94	0	0	0	0	0	0	0	0	0	
	2013048	5002	48	2013001	 武器 - 綠裝	20	1008	1008	48	48	48	48	48	48	48	0	48	96	0	0	0	0	0	0	0	0	0	
	2013049	5002	49	2013001	 武器 - 綠裝	20	1029	1029	49	49	49	49	49	49	49	0	49	98	0	0	0	0	0	0	0	0	0	
	2013050	5002	50	2013001	 武器 - 綠裝	20	1050	1050	50	50	50	50	50	50	50	0	50	100	0	0	0	0	0	0	0	0	0	
	2013051	5002	51	2013001	 武器 - 綠裝	20	1071	1071	51	51	51	51	51	51	51	0	51	102	0	0	0	0	0	0	0	0	0	
	2013052	5002	52	2013001	 武器 - 綠裝	20	1092	1092	52	52	52	52	52	52	52	0	52	104	0	0	0	0	0	0	0	0	0	
	2013053	5002	53	2013001	 武器 - 綠裝	20	1113	1113	53	53	53	53	53	53	53	0	53	106	0	0	0	0	0	0	0	0	0	
	2013054	5002	54	2013001	 武器 - 綠裝	20	1134	1134	54	54	54	54	54	54	54	0	54	108	0	0	0	0	0	0	0	0	0	
	2013055	5002	55	2013001	 武器 - 綠裝	20	1155	1155	55	55	55	55	55	55	55	0	55	110	0	0	0	0	0	0	0	0	0	
	2013056	5002	56	2013001	 武器 - 綠裝	20	1176	1176	56	56	56	56	56	56	56	0	56	112	0	0	0	0	0	0	0	0	0	
	2013057	5002	57	2013001	 武器 - 綠裝	20	1197	1197	57	57	57	57	57	57	57	0	57	114	0	0	0	0	0	0	0	0	0	
	2013058	5002	58	2013001	 武器 - 綠裝	20	1218	1218	58	58	58	58	58	58	58	0	58	116	0	0	0	0	0	0	0	0	0	
	2013059	5002	59	2013001	 武器 - 綠裝	20	1239	1239	59	59	59	59	59	59	59	0	59	118	0	0	0	0	0	0	0	0	0	
	2013060	5002	60	2013001	 武器 - 綠裝	20	1260	1260	60	60	60	60	60	60	60	0	60	120	0	0	0	0	0	0	0	0	0	
	2013061	5002	61	2013001	 武器 - 綠裝	20	1281	1281	61	61	61	61	61	61	61	0	61	122	0	0	0	0	0	0	0	0	0	
	2013062	5002	62	2013001	 武器 - 綠裝	20	1302	1302	62	62	62	62	62	62	62	0	62	124	0	0	0	0	0	0	0	0	0	
	2013063	5002	63	2013001	 武器 - 綠裝	20	1323	1323	63	63	63	63	63	63	63	0	63	126	0	0	0	0	0	0	0	0	0	
	2013064	5002	64	2013001	 武器 - 綠裝	20	1344	1344	64	64	64	64	64	64	64	0	64	128	0	0	0	0	0	0	0	0	0	
	2013065	5002	65	2013001	 武器 - 綠裝	20	1365	1365	65	65	65	65	65	65	65	0	65	130	0	0	0	0	0	0	0	0	0	
	2013066	5002	66	2013001	 武器 - 綠裝	20	1386	1386	66	66	66	66	66	66	66	0	66	132	0	0	0	0	0	0	0	0	0	
	2013067	5002	67	2013001	 武器 - 綠裝	20	1407	1407	67	67	67	67	67	67	67	0	67	134	0	0	0	0	0	0	0	0	0	
	2013068	5002	68	2013001	 武器 - 綠裝	20	1428	1428	68	68	68	68	68	68	68	0	68	136	0	0	0	0	0	0	0	0	0	
	2013069	5002	69	2013001	 武器 - 綠裝	20	1449	1449	69	69	69	69	69	69	69	0	69	138	0	0	0	0	0	0	0	0	0	
	2013070	5002	70	2013001	 武器 - 綠裝	20	1470	1470	70	70	70	70	70	70	70	0	70	140	0	0	0	0	0	0	0	0	0	
	2013071	5002	71	2013001	 武器 - 綠裝	20	1491	1491	71	71	71	71	71	71	71	0	71	142	0	0	0	0	0	0	0	0	0	
	2013072	5002	72	2013001	 武器 - 綠裝	20	1512	1512	72	72	72	72	72	72	72	0	72	144	0	0	0	0	0	0	0	0	0	
	2013073	5002	73	2013001	 武器 - 綠裝	20	1533	1533	73	73	73	73	73	73	73	0	73	146	0	0	0	0	0	0	0	0	0	
	2013074	5002	74	2013001	 武器 - 綠裝	20	1554	1554	74	74	74	74	74	74	74	0	74	148	0	0	0	0	0	0	0	0	0	
	2013075	5002	75	2013001	 武器 - 綠裝	20	1575	1575	75	75	75	75	75	75	75	0	75	150	0	0	0	0	0	0	0	0	0	
	2013076	5002	76	2013001	 武器 - 綠裝	20	1596	1596	76	76	76	76	76	76	76	0	76	152	0	0	0	0	0	0	0	0	0	
	2013077	5002	77	2013001	 武器 - 綠裝	20	1617	1617	77	77	77	77	77	77	77	0	77	154	0	0	0	0	0	0	0	0	0	
	2013078	5002	78	2013001	 武器 - 綠裝	20	1638	1638	78	78	78	78	78	78	78	0	78	156	0	0	0	0	0	0	0	0	0	
	2013079	5002	79	2013001	 武器 - 綠裝	20	1659	1659	79	79	79	79	79	79	79	0	79	158	0	0	0	0	0	0	0	0	0	
	2013080	5002	80	2013001	 武器 - 綠裝	20	1680	1680	80	80	80	80	80	80	80	0	80	160	0	0	0	0	0	0	0	0	0	
	2013081	5002	81	2013001	 武器 - 綠裝	20	1701	1701	81	81	81	81	81	81	81	0	81	162	0	0	0	0	0	0	0	0	0	
	2013082	5002	82	2013001	 武器 - 綠裝	20	1722	1722	82	82	82	82	82	82	82	0	82	164	0	0	0	0	0	0	0	0	0	
	2013083	5002	83	2013001	 武器 - 綠裝	20	1743	1743	83	83	83	83	83	83	83	0	83	166	0	0	0	0	0	0	0	0	0	
	2013084	5002	84	2013001	 武器 - 綠裝	20	1764	1764	84	84	84	84	84	84	84	0	84	168	0	0	0	0	0	0	0	0	0	
	2013085	5002	85	2013001	 武器 - 綠裝	20	1785	1785	85	85	85	85	85	85	85	0	85	170	0	0	0	0	0	0	0	0	0	
	2013086	5002	86	2013001	 武器 - 綠裝	20	1806	1806	86	86	86	86	86	86	86	0	86	172	0	0	0	0	0	0	0	0	0	
	2013087	5002	87	2013001	 武器 - 綠裝	20	1827	1827	87	87	87	87	87	87	87	0	87	174	0	0	0	0	0	0	0	0	0	
	2013088	5002	88	2013001	 武器 - 綠裝	20	1848	1848	88	88	88	88	88	88	88	0	88	176	0	0	0	0	0	0	0	0	0	
	2013089	5002	89	2013001	 武器 - 綠裝	20	1869	1869	89	89	89	89	89	89	89	0	89	178	0	0	0	0	0	0	0	0	0	
	2013090	5002	90	2013001	 武器 - 綠裝	20	1890	1890	90	90	90	90	90	90	90	0	90	180	0	0	0	0	0	0	0	0	0	
	2013091	5002	91	2013001	 武器 - 綠裝	20	1911	1911	91	91	91	91	91	91	91	0	91	182	0	0	0	0	0	0	0	0	0	
	2013092	5002	92	2013001	 武器 - 綠裝	20	1932	1932	92	92	92	92	92	92	92	0	92	184	0	0	0	0	0	0	0	0	0	
	2013093	5002	93	2013001	 武器 - 綠裝	20	1953	1953	93	93	93	93	93	93	93	0	93	186	0	0	0	0	0	0	0	0	0	
	2013094	5002	94	2013001	 武器 - 綠裝	20	1974	1974	94	94	94	94	94	94	94	0	94	188	0	0	0	0	0	0	0	0	0	
	2013095	5002	95	2013001	 武器 - 綠裝	20	1995	1995	95	95	95	95	95	95	95	0	95	190	0	0	0	0	0	0	0	0	0	
	2013096	5002	96	2013001	 武器 - 綠裝	20	2016	2016	96	96	96	96	96	96	96	0	96	192	0	0	0	0	0	0	0	0	0	
	2013097	5002	97	2013001	 武器 - 綠裝	20	2037	2037	97	97	97	97	97	97	97	0	97	194	0	0	0	0	0	0	0	0	0	
	2013098	5002	98	2013001	 武器 - 綠裝	20	2058	2058	98	98	98	98	98	98	98	0	98	196	0	0	0	0	0	0	0	0	0	
	2013099	5002	99	2013001	 武器 - 綠裝	20	2079	2079	99	99	99	99	99	99	99	0	99	198	0	0	0	0	0	0	0	0	0	
	2013100	5002	100	2013001	 武器 - 綠裝	20	2100	2100	100	100	100	100	100	100	100	0	100	200	0	0	0	0	0	0	0	0	0	
	2013101	5002	101	2013001	 武器 - 綠裝	20	2121	2121	101	101	101	101	101	101	101	0	101	202	0	0	0	0	0	0	0	0	0	
	2013102	5002	102	2013001	 武器 - 綠裝	20	2142	2142	102	102	102	102	102	102	102	0	102	204	0	0	0	0	0	0	0	0	0	
	2013103	5002	103	2013001	 武器 - 綠裝	20	2163	2163	103	103	103	103	103	103	103	0	103	206	0	0	0	0	0	0	0	0	0	
	2013104	5002	104	2013001	 武器 - 綠裝	20	2184	2184	104	104	104	104	104	104	104	0	104	208	0	0	0	0	0	0	0	0	0	
	2013105	5002	105	2013001	 武器 - 綠裝	20	2205	2205	105	105	105	105	105	105	105	0	105	210	0	0	0	0	0	0	0	0	0	
	2013106	5002	106	2013001	 武器 - 綠裝	20	2226	2226	106	106	106	106	106	106	106	0	106	212	0	0	0	0	0	0	0	0	0	
	2013107	5002	107	2013001	 武器 - 綠裝	20	2247	2247	107	107	107	107	107	107	107	0	107	214	0	0	0	0	0	0	0	0	0	
	2013108	5002	108	2013001	 武器 - 綠裝	20	2268	2268	108	108	108	108	108	108	108	0	108	216	0	0	0	0	0	0	0	0	0	
# 武器 - 藍裝																												
	2014001	5002	1	2014001	 武器 - 藍裝	20	24	24	1	1	2	2	2	2	2	0	2	4	0	0	0	0	0	0	0	0	0	
	2014002	5002	2	2014001	 武器 - 藍裝	20	48	48	2	2	4	4	4	4	4	0	4	8	0	0	0	0	0	0	0	0	0	
	2014003	5002	3	2014001	 武器 - 藍裝	20	72	72	3	3	6	6	6	6	6	0	6	12	0	0	0	0	0	0	0	0	0	
	2014004	5002	4	2014001	 武器 - 藍裝	20	96	96	4	4	8	8	8	8	8	0	8	16	0	0	0	0	0	0	0	0	0	
	2014005	5002	5	2014001	 武器 - 藍裝	20	120	120	5	5	10	10	10	10	10	0	10	20	0	0	0	0	0	0	0	0	0	
	2014006	5002	6	2014001	 武器 - 藍裝	20	144	144	6	6	12	12	12	12	12	0	12	24	0	0	0	0	0	0	0	0	0	
	2014007	5002	7	2014001	 武器 - 藍裝	20	168	168	7	7	14	14	14	14	14	0	14	28	0	0	0	0	0	0	0	0	0	
	2014008	5002	8	2014001	 武器 - 藍裝	20	192	192	8	8	16	16	16	16	16	0	16	32	0	0	0	0	0	0	0	0	0	
	2014009	5002	9	2014001	 武器 - 藍裝	20	216	216	9	9	18	18	18	18	18	0	18	36	0	0	0	0	0	0	0	0	0	
	2014010	5002	10	2014001	 武器 - 藍裝	20	240	240	10	10	20	20	20	20	20	0	20	40	0	0	0	0	0	0	0	0	0	
	2014011	5002	11	2014001	 武器 - 藍裝	20	264	264	11	11	22	22	22	22	22	0	22	44	0	0	0	0	0	0	0	0	0	
	2014012	5002	12	2014001	 武器 - 藍裝	20	288	288	12	12	24	24	24	24	24	0	24	48	0	0	0	0	0	0	0	0	0	
	2014013	5002	13	2014001	 武器 - 藍裝	20	312	312	13	13	26	26	26	26	26	0	26	52	0	0	0	0	0	0	0	0	0	
	2014014	5002	14	2014001	 武器 - 藍裝	20	336	336	14	14	28	28	28	28	28	0	28	56	0	0	0	0	0	0	0	0	0	
	2014015	5002	15	2014001	 武器 - 藍裝	20	360	360	15	15	30	30	30	30	30	0	30	60	0	0	0	0	0	0	0	0	0	
	2014016	5002	16	2014001	 武器 - 藍裝	20	384	384	16	16	32	32	32	32	32	0	32	64	0	0	0	0	0	0	0	0	0	
	2014017	5002	17	2014001	 武器 - 藍裝	20	408	408	17	17	34	34	34	34	34	0	34	68	0	0	0	0	0	0	0	0	0	
	2014018	5002	18	2014001	 武器 - 藍裝	20	432	432	18	18	36	36	36	36	36	0	36	72	0	0	0	0	0	0	0	0	0	
	2014019	5002	19	2014001	 武器 - 藍裝	20	456	456	19	19	38	38	38	38	38	0	38	76	0	0	0	0	0	0	0	0	0	
	2014020	5002	20	2014001	 武器 - 藍裝	20	480	480	20	20	40	40	40	40	40	0	40	80	0	0	0	0	0	0	0	0	0	
	2014021	5002	21	2014001	 武器 - 藍裝	20	504	504	21	21	42	42	42	42	42	0	42	84	0	0	0	0	0	0	0	0	0	
	2014022	5002	22	2014001	 武器 - 藍裝	20	528	528	22	22	44	44	44	44	44	0	44	88	0	0	0	0	0	0	0	0	0	
	2014023	5002	23	2014001	 武器 - 藍裝	20	552	552	23	23	46	46	46	46	46	0	46	92	0	0	0	0	0	0	0	0	0	
	2014024	5002	24	2014001	 武器 - 藍裝	20	576	576	24	24	48	48	48	48	48	0	48	96	0	0	0	0	0	0	0	0	0	
	2014025	5002	25	2014001	 武器 - 藍裝	20	600	600	25	25	50	50	50	50	50	0	50	100	0	0	0	0	0	0	0	0	0	
	2014026	5002	26	2014001	 武器 - 藍裝	20	624	624	26	26	52	52	52	52	52	0	52	104	0	0	0	0	0	0	0	0	0	
	2014027	5002	27	2014001	 武器 - 藍裝	20	648	648	27	27	54	54	54	54	54	0	54	108	0	0	0	0	0	0	0	0	0	
	2014028	5002	28	2014001	 武器 - 藍裝	20	672	672	28	28	56	56	56	56	56	0	56	112	0	0	0	0	0	0	0	0	0	
	2014029	5002	29	2014001	 武器 - 藍裝	20	696	696	29	29	58	58	58	58	58	0	58	116	0	0	0	0	0	0	0	0	0	
	2014030	5002	30	2014001	 武器 - 藍裝	20	720	720	30	30	60	60	60	60	60	0	60	120	0	0	0	0	0	0	0	0	0	
	2014031	5002	31	2014001	 武器 - 藍裝	20	744	744	31	31	62	62	62	62	62	0	62	124	0	0	0	0	0	0	0	0	0	
	2014032	5002	32	2014001	 武器 - 藍裝	20	768	768	32	32	64	64	64	64	64	0	64	128	0	0	0	0	0	0	0	0	0	
	2014033	5002	33	2014001	 武器 - 藍裝	20	792	792	33	33	66	66	66	66	66	0	66	132	0	0	0	0	0	0	0	0	0	
	2014034	5002	34	2014001	 武器 - 藍裝	20	816	816	34	34	68	68	68	68	68	0	68	136	0	0	0	0	0	0	0	0	0	
	2014035	5002	35	2014001	 武器 - 藍裝	20	840	840	35	35	70	70	70	70	70	0	70	140	0	0	0	0	0	0	0	0	0	
	2014036	5002	36	2014001	 武器 - 藍裝	20	864	864	36	36	72	72	72	72	72	0	72	144	0	0	0	0	0	0	0	0	0	
	2014037	5002	37	2014001	 武器 - 藍裝	20	888	888	37	37	74	74	74	74	74	0	74	148	0	0	0	0	0	0	0	0	0	
	2014038	5002	38	2014001	 武器 - 藍裝	20	912	912	38	38	76	76	76	76	76	0	76	152	0	0	0	0	0	0	0	0	0	
	2014039	5002	39	2014001	 武器 - 藍裝	20	936	936	39	39	78	78	78	78	78	0	78	156	0	0	0	0	0	0	0	0	0	
	2014040	5002	40	2014001	 武器 - 藍裝	20	960	960	40	40	80	80	80	80	80	0	80	160	0	0	0	0	0	0	0	0	0	
	2014041	5002	41	2014001	 武器 - 藍裝	20	984	984	41	41	82	82	82	82	82	0	82	164	0	0	0	0	0	0	0	0	0	
	2014042	5002	42	2014001	 武器 - 藍裝	20	1008	1008	42	42	84	84	84	84	84	0	84	168	0	0	0	0	0	0	0	0	0	
	2014043	5002	43	2014001	 武器 - 藍裝	20	1032	1032	43	43	86	86	86	86	86	0	86	172	0	0	0	0	0	0	0	0	0	
	2014044	5002	44	2014001	 武器 - 藍裝	20	1056	1056	44	44	88	88	88	88	88	0	88	176	0	0	0	0	0	0	0	0	0	
	2014045	5002	45	2014001	 武器 - 藍裝	20	1080	1080	45	45	90	90	90	90	90	0	90	180	0	0	0	0	0	0	0	0	0	
	2014046	5002	46	2014001	 武器 - 藍裝	20	1104	1104	46	46	92	92	92	92	92	0	92	184	0	0	0	0	0	0	0	0	0	
	2014047	5002	47	2014001	 武器 - 藍裝	20	1128	1128	47	47	94	94	94	94	94	0	94	188	0	0	0	0	0	0	0	0	0	
	2014048	5002	48	2014001	 武器 - 藍裝	20	1152	1152	48	48	96	96	96	96	96	0	96	192	0	0	0	0	0	0	0	0	0	
	2014049	5002	49	2014001	 武器 - 藍裝	20	1176	1176	49	49	98	98	98	98	98	0	98	196	0	0	0	0	0	0	0	0	0	
	2014050	5002	50	2014001	 武器 - 藍裝	20	1200	1200	50	50	100	100	100	100	100	0	100	200	0	0	0	0	0	0	0	0	0	
	2014051	5002	51	2014001	 武器 - 藍裝	20	1224	1224	51	51	102	102	102	102	102	0	102	204	0	0	0	0	0	0	0	0	0	
	2014052	5002	52	2014001	 武器 - 藍裝	20	1248	1248	52	52	104	104	104	104	104	0	104	208	0	0	0	0	0	0	0	0	0	
	2014053	5002	53	2014001	 武器 - 藍裝	20	1272	1272	53	53	106	106	106	106	106	0	106	212	0	0	0	0	0	0	0	0	0	
	2014054	5002	54	2014001	 武器 - 藍裝	20	1296	1296	54	54	108	108	108	108	108	0	108	216	0	0	0	0	0	0	0	0	0	
	2014055	5002	55	2014001	 武器 - 藍裝	20	1320	1320	55	55	110	110	110	110	110	0	110	220	0	0	0	0	0	0	0	0	0	
	2014056	5002	56	2014001	 武器 - 藍裝	20	1344	1344	56	56	112	112	112	112	112	0	112	224	0	0	0	0	0	0	0	0	0	
	2014057	5002	57	2014001	 武器 - 藍裝	20	1368	1368	57	57	114	114	114	114	114	0	114	228	0	0	0	0	0	0	0	0	0	
	2014058	5002	58	2014001	 武器 - 藍裝	20	1392	1392	58	58	116	116	116	116	116	0	116	232	0	0	0	0	0	0	0	0	0	
	2014059	5002	59	2014001	 武器 - 藍裝	20	1416	1416	59	59	118	118	118	118	118	0	118	236	0	0	0	0	0	0	0	0	0	
	2014060	5002	60	2014001	 武器 - 藍裝	20	1440	1440	60	60	120	120	120	120	120	0	120	240	0	0	0	0	0	0	0	0	0	
	2014061	5002	61	2014001	 武器 - 藍裝	20	1464	1464	61	61	122	122	122	122	122	0	122	244	0	0	0	0	0	0	0	0	0	
	2014062	5002	62	2014001	 武器 - 藍裝	20	1488	1488	62	62	124	124	124	124	124	0	124	248	0	0	0	0	0	0	0	0	0	
	2014063	5002	63	2014001	 武器 - 藍裝	20	1512	1512	63	63	126	126	126	126	126	0	126	252	0	0	0	0	0	0	0	0	0	
	2014064	5002	64	2014001	 武器 - 藍裝	20	1536	1536	64	64	128	128	128	128	128	0	128	256	0	0	0	0	0	0	0	0	0	
	2014065	5002	65	2014001	 武器 - 藍裝	20	1560	1560	65	65	130	130	130	130	130	0	130	260	0	0	0	0	0	0	0	0	0	
	2014066	5002	66	2014001	 武器 - 藍裝	20	1584	1584	66	66	132	132	132	132	132	0	132	264	0	0	0	0	0	0	0	0	0	
	2014067	5002	67	2014001	 武器 - 藍裝	20	1608	1608	67	67	134	134	134	134	134	0	134	268	0	0	0	0	0	0	0	0	0	
	2014068	5002	68	2014001	 武器 - 藍裝	20	1632	1632	68	68	136	136	136	136	136	0	136	272	0	0	0	0	0	0	0	0	0	
	2014069	5002	69	2014001	 武器 - 藍裝	20	1656	1656	69	69	138	138	138	138	138	0	138	276	0	0	0	0	0	0	0	0	0	
	2014070	5002	70	2014001	 武器 - 藍裝	20	1680	1680	70	70	140	140	140	140	140	0	140	280	0	0	0	0	0	0	0	0	0	
	2014071	5002	71	2014001	 武器 - 藍裝	20	1704	1704	71	71	142	142	142	142	142	0	142	284	0	0	0	0	0	0	0	0	0	
	2014072	5002	72	2014001	 武器 - 藍裝	20	1728	1728	72	72	144	144	144	144	144	0	144	288	0	0	0	0	0	0	0	0	0	
	2014073	5002	73	2014001	 武器 - 藍裝	20	1752	1752	73	73	146	146	146	146	146	0	146	292	0	0	0	0	0	0	0	0	0	
	2014074	5002	74	2014001	 武器 - 藍裝	20	1776	1776	74	74	148	148	148	148	148	0	148	296	0	0	0	0	0	0	0	0	0	
	2014075	5002	75	2014001	 武器 - 藍裝	20	1800	1800	75	75	150	150	150	150	150	0	150	300	0	0	0	0	0	0	0	0	0	
	2014076	5002	76	2014001	 武器 - 藍裝	20	1824	1824	76	76	152	152	152	152	152	0	152	304	0	0	0	0	0	0	0	0	0	
	2014077	5002	77	2014001	 武器 - 藍裝	20	1848	1848	77	77	154	154	154	154	154	0	154	308	0	0	0	0	0	0	0	0	0	
	2014078	5002	78	2014001	 武器 - 藍裝	20	1872	1872	78	78	156	156	156	156	156	0	156	312	0	0	0	0	0	0	0	0	0	
	2014079	5002	79	2014001	 武器 - 藍裝	20	1896	1896	79	79	158	158	158	158	158	0	158	316	0	0	0	0	0	0	0	0	0	
	2014080	5002	80	2014001	 武器 - 藍裝	20	1920	1920	80	80	160	160	160	160	160	0	160	320	0	0	0	0	0	0	0	0	0	
	2014081	5002	81	2014001	 武器 - 藍裝	20	1944	1944	81	81	162	162	162	162	162	0	162	324	0	0	0	0	0	0	0	0	0	
	2014082	5002	82	2014001	 武器 - 藍裝	20	1968	1968	82	82	164	164	164	164	164	0	164	328	0	0	0	0	0	0	0	0	0	
	2014083	5002	83	2014001	 武器 - 藍裝	20	1992	1992	83	83	166	166	166	166	166	0	166	332	0	0	0	0	0	0	0	0	0	
	2014084	5002	84	2014001	 武器 - 藍裝	20	2016	2016	84	84	168	168	168	168	168	0	168	336	0	0	0	0	0	0	0	0	0	
	2014085	5002	85	2014001	 武器 - 藍裝	20	2040	2040	85	85	170	170	170	170	170	0	170	340	0	0	0	0	0	0	0	0	0	
	2014086	5002	86	2014001	 武器 - 藍裝	20	2064	2064	86	86	172	172	172	172	172	0	172	344	0	0	0	0	0	0	0	0	0	
	2014087	5002	87	2014001	 武器 - 藍裝	20	2088	2088	87	87	174	174	174	174	174	0	174	348	0	0	0	0	0	0	0	0	0	
	2014088	5002	88	2014001	 武器 - 藍裝	20	2112	2112	88	88	176	176	176	176	176	0	176	352	0	0	0	0	0	0	0	0	0	
	2014089	5002	89	2014001	 武器 - 藍裝	20	2136	2136	89	89	178	178	178	178	178	0	178	356	0	0	0	0	0	0	0	0	0	
	2014090	5002	90	2014001	 武器 - 藍裝	20	2160	2160	90	90	180	180	180	180	180	0	180	360	0	0	0	0	0	0	0	0	0	
	2014091	5002	91	2014001	 武器 - 藍裝	20	2184	2184	91	91	182	182	182	182	182	0	182	364	0	0	0	0	0	0	0	0	0	
	2014092	5002	92	2014001	 武器 - 藍裝	20	2208	2208	92	92	184	184	184	184	184	0	184	368	0	0	0	0	0	0	0	0	0	
	2014093	5002	93	2014001	 武器 - 藍裝	20	2232	2232	93	93	186	186	186	186	186	0	186	372	0	0	0	0	0	0	0	0	0	
	2014094	5002	94	2014001	 武器 - 藍裝	20	2256	2256	94	94	188	188	188	188	188	0	188	376	0	0	0	0	0	0	0	0	0	
	2014095	5002	95	2014001	 武器 - 藍裝	20	2280	2280	95	95	190	190	190	190	190	0	190	380	0	0	0	0	0	0	0	0	0	
	2014096	5002	96	2014001	 武器 - 藍裝	20	2304	2304	96	96	192	192	192	192	192	0	192	384	0	0	0	0	0	0	0	0	0	
	2014097	5002	97	2014001	 武器 - 藍裝	20	2328	2328	97	97	194	194	194	194	194	0	194	388	0	0	0	0	0	0	0	0	0	
	2014098	5002	98	2014001	 武器 - 藍裝	20	2352	2352	98	98	196	196	196	196	196	0	196	392	0	0	0	0	0	0	0	0	0	
	2014099	5002	99	2014001	 武器 - 藍裝	20	2376	2376	99	99	198	198	198	198	198	0	198	396	0	0	0	0	0	0	0	0	0	
	2014100	5002	100	2014001	 武器 - 藍裝	20	2400	2400	100	100	200	200	200	200	200	0	200	400	0	0	0	0	0	0	0	0	0	
	2014101	5002	101	2014001	 武器 - 藍裝	20	2424	2424	101	101	202	202	202	202	202	0	202	404	0	0	0	0	0	0	0	0	0	
	2014102	5002	102	2014001	 武器 - 藍裝	20	2448	2448	102	102	204	204	204	204	204	0	204	408	0	0	0	0	0	0	0	0	0	
	2014103	5002	103	2014001	 武器 - 藍裝	20	2472	2472	103	103	206	206	206	206	206	0	206	412	0	0	0	0	0	0	0	0	0	
	2014104	5002	104	2014001	 武器 - 藍裝	20	2496	2496	104	104	208	208	208	208	208	0	208	416	0	0	0	0	0	0	0	0	0	
	2014105	5002	105	2014001	 武器 - 藍裝	20	2520	2520	105	105	210	210	210	210	210	0	210	420	0	0	0	0	0	0	0	0	0	
	2014106	5002	106	2014001	 武器 - 藍裝	20	2544	2544	106	106	212	212	212	212	212	0	212	424	0	0	0	0	0	0	0	0	0	
	2014107	5002	107	2014001	 武器 - 藍裝	20	2568	2568	107	107	214	214	214	214	214	0	214	428	0	0	0	0	0	0	0	0	0	
	2014108	5002	108	2014001	 武器 - 藍裝	20	2592	2592	108	108	216	216	216	216	216	0	216	432	0	0	0	0	0	0	0	0	0	
# 武器 - 紫裝																												
	2015001	5002	1	2015001	 武器 - 紫裝	20	27	27	1	1	2	2	2	2	2	0	2	4	0	0	0	0	0	0	0	0	0	
	2015002	5002	2	2015001	 武器 - 紫裝	20	54	54	2	2	4	4	4	4	4	0	4	8	0	0	0	0	0	0	0	0	0	
	2015003	5002	3	2015001	 武器 - 紫裝	20	81	81	3	3	6	6	6	6	6	0	6	12	0	0	0	0	0	0	0	0	0	
	2015004	5002	4	2015001	 武器 - 紫裝	20	108	108	4	4	8	8	8	8	8	0	8	16	0	0	0	0	0	0	0	0	0	
	2015005	5002	5	2015001	 武器 - 紫裝	20	135	135	5	5	10	10	10	10	10	0	10	20	0	0	0	0	0	0	0	0	0	
	2015006	5002	6	2015001	 武器 - 紫裝	20	162	162	6	6	12	12	12	12	12	0	12	24	0	0	0	0	0	0	0	0	0	
	2015007	5002	7	2015001	 武器 - 紫裝	20	189	189	7	7	14	14	14	14	14	0	14	28	0	0	0	0	0	0	0	0	0	
	2015008	5002	8	2015001	 武器 - 紫裝	20	216	216	8	8	16	16	16	16	16	0	16	32	0	0	0	0	0	0	0	0	0	
	2015009	5002	9	2015001	 武器 - 紫裝	20	243	243	9	9	18	18	18	18	18	0	18	36	0	0	0	0	0	0	0	0	0	
	2015010	5002	10	2015001	 武器 - 紫裝	20	270	270	10	10	20	20	20	20	20	0	20	40	0	0	0	0	0	0	0	0	0	
	2015011	5002	11	2015001	 武器 - 紫裝	20	297	297	11	11	22	22	22	22	22	0	22	44	0	0	0	0	0	0	0	0	0	
	2015012	5002	12	2015001	 武器 - 紫裝	20	324	324	12	12	24	24	24	24	24	0	24	48	0	0	0	0	0	0	0	0	0	
	2015013	5002	13	2015001	 武器 - 紫裝	20	351	351	13	13	26	26	26	26	26	0	26	52	0	0	0	0	0	0	0	0	0	
	2015014	5002	14	2015001	 武器 - 紫裝	20	378	378	14	14	28	28	28	28	28	0	28	56	0	0	0	0	0	0	0	0	0	
	2015015	5002	15	2015001	 武器 - 紫裝	20	405	405	15	15	30	30	30	30	30	0	30	60	0	0	0	0	0	0	0	0	0	
	2015016	5002	16	2015001	 武器 - 紫裝	20	432	432	16	16	32	32	32	32	32	0	32	64	0	0	0	0	0	0	0	0	0	
	2015017	5002	17	2015001	 武器 - 紫裝	20	459	459	17	17	34	34	34	34	34	0	34	68	0	0	0	0	0	0	0	0	0	
	2015018	5002	18	2015001	 武器 - 紫裝	20	486	486	18	18	36	36	36	36	36	0	36	72	0	0	0	0	0	0	0	0	0	
	2015019	5002	19	2015001	 武器 - 紫裝	20	513	513	19	19	38	38	38	38	38	0	38	76	0	0	0	0	0	0	0	0	0	
	2015020	5002	20	2015001	 武器 - 紫裝	20	540	540	20	20	40	40	40	40	40	0	40	80	0	0	0	0	0	0	0	0	0	
	2015021	5002	21	2015001	 武器 - 紫裝	20	567	567	21	21	42	42	42	42	42	0	42	84	0	0	0	0	0	0	0	0	0	
	2015022	5002	22	2015001	 武器 - 紫裝	20	594	594	22	22	44	44	44	44	44	0	44	88	0	0	0	0	0	0	0	0	0	
	2015023	5002	23	2015001	 武器 - 紫裝	20	621	621	23	23	46	46	46	46	46	0	46	92	0	0	0	0	0	0	0	0	0	
	2015024	5002	24	2015001	 武器 - 紫裝	20	648	648	24	24	48	48	48	48	48	0	48	96	0	0	0	0	0	0	0	0	0	
	2015025	5002	25	2015001	 武器 - 紫裝	20	675	675	25	25	50	50	50	50	50	0	50	100	0	0	0	0	0	0	0	0	0	
	2015026	5002	26	2015001	 武器 - 紫裝	20	702	702	26	26	52	52	52	52	52	0	52	104	0	0	0	0	0	0	0	0	0	
	2015027	5002	27	2015001	 武器 - 紫裝	20	729	729	27	27	54	54	54	54	54	0	54	108	0	0	0	0	0	0	0	0	0	
	2015028	5002	28	2015001	 武器 - 紫裝	20	756	756	28	28	56	56	56	56	56	0	56	112	0	0	0	0	0	0	0	0	0	
	2015029	5002	29	2015001	 武器 - 紫裝	20	783	783	29	29	58	58	58	58	58	0	58	116	0	0	0	0	0	0	0	0	0	
	2015030	5002	30	2015001	 武器 - 紫裝	20	810	810	30	30	60	60	60	60	60	0	60	120	0	0	0	0	0	0	0	0	0	
	2015031	5002	31	2015001	 武器 - 紫裝	20	837	837	31	31	62	62	62	62	62	0	62	124	0	0	0	0	0	0	0	0	0	
	2015032	5002	32	2015001	 武器 - 紫裝	20	864	864	32	32	64	64	64	64	64	0	64	128	0	0	0	0	0	0	0	0	0	
	2015033	5002	33	2015001	 武器 - 紫裝	20	891	891	33	33	66	66	66	66	66	0	66	132	0	0	0	0	0	0	0	0	0	
	2015034	5002	34	2015001	 武器 - 紫裝	20	918	918	34	34	68	68	68	68	68	0	68	136	0	0	0	0	0	0	0	0	0	
	2015035	5002	35	2015001	 武器 - 紫裝	20	945	945	35	35	70	70	70	70	70	0	70	140	0	0	0	0	0	0	0	0	0	
	2015036	5002	36	2015001	 武器 - 紫裝	20	972	972	36	36	72	72	72	72	72	0	72	144	0	0	0	0	0	0	0	0	0	
	2015037	5002	37	2015001	 武器 - 紫裝	20	999	999	37	37	74	74	74	74	74	0	74	148	0	0	0	0	0	0	0	0	0	
	2015038	5002	38	2015001	 武器 - 紫裝	20	1026	1026	38	38	76	76	76	76	76	0	76	152	0	0	0	0	0	0	0	0	0	
	2015039	5002	39	2015001	 武器 - 紫裝	20	1053	1053	39	39	78	78	78	78	78	0	78	156	0	0	0	0	0	0	0	0	0	
	2015040	5002	40	2015001	 武器 - 紫裝	20	1080	1080	40	40	80	80	80	80	80	0	80	160	0	0	0	0	0	0	0	0	0	
	2015041	5002	41	2015001	 武器 - 紫裝	20	1107	1107	41	41	82	82	82	82	82	0	82	164	0	0	0	0	0	0	0	0	0	
	2015042	5002	42	2015001	 武器 - 紫裝	20	1134	1134	42	42	84	84	84	84	84	0	84	168	0	0	0	0	0	0	0	0	0	
	2015043	5002	43	2015001	 武器 - 紫裝	20	1161	1161	43	43	86	86	86	86	86	0	86	172	0	0	0	0	0	0	0	0	0	
	2015044	5002	44	2015001	 武器 - 紫裝	20	1188	1188	44	44	88	88	88	88	88	0	88	176	0	0	0	0	0	0	0	0	0	
	2015045	5002	45	2015001	 武器 - 紫裝	20	1215	1215	45	45	90	90	90	90	90	0	90	180	0	0	0	0	0	0	0	0	0	
	2015046	5002	46	2015001	 武器 - 紫裝	20	1242	1242	46	46	92	92	92	92	92	0	92	184	0	0	0	0	0	0	0	0	0	
	2015047	5002	47	2015001	 武器 - 紫裝	20	1269	1269	47	47	94	94	94	94	94	0	94	188	0	0	0	0	0	0	0	0	0	
	2015048	5002	48	2015001	 武器 - 紫裝	20	1296	1296	48	48	96	96	96	96	96	0	96	192	0	0	0	0	0	0	0	0	0	
	2015049	5002	49	2015001	 武器 - 紫裝	20	1323	1323	49	49	98	98	98	98	98	0	98	196	0	0	0	0	0	0	0	0	0	
	2015050	5002	50	2015001	 武器 - 紫裝	20	1350	1350	50	50	100	100	100	100	100	0	100	200	0	0	0	0	0	0	0	0	0	
	2015051	5002	51	2015001	 武器 - 紫裝	20	1377	1377	51	51	102	102	102	102	102	0	102	204	0	0	0	0	0	0	0	0	0	
	2015052	5002	52	2015001	 武器 - 紫裝	20	1404	1404	52	52	104	104	104	104	104	0	104	208	0	0	0	0	0	0	0	0	0	
	2015053	5002	53	2015001	 武器 - 紫裝	20	1431	1431	53	53	106	106	106	106	106	0	106	212	0	0	0	0	0	0	0	0	0	
	2015054	5002	54	2015001	 武器 - 紫裝	20	1458	1458	54	54	108	108	108	108	108	0	108	216	0	0	0	0	0	0	0	0	0	
	2015055	5002	55	2015001	 武器 - 紫裝	20	1485	1485	55	55	110	110	110	110	110	0	110	220	0	0	0	0	0	0	0	0	0	
	2015056	5002	56	2015001	 武器 - 紫裝	20	1512	1512	56	56	112	112	112	112	112	0	112	224	0	0	0	0	0	0	0	0	0	
	2015057	5002	57	2015001	 武器 - 紫裝	20	1539	1539	57	57	114	114	114	114	114	0	114	228	0	0	0	0	0	0	0	0	0	
	2015058	5002	58	2015001	 武器 - 紫裝	20	1566	1566	58	58	116	116	116	116	116	0	116	232	0	0	0	0	0	0	0	0	0	
	2015059	5002	59	2015001	 武器 - 紫裝	20	1593	1593	59	59	118	118	118	118	118	0	118	236	0	0	0	0	0	0	0	0	0	
	2015060	5002	60	2015001	 武器 - 紫裝	20	1620	1620	60	60	120	120	120	120	120	0	120	240	0	0	0	0	0	0	0	0	0	
	2015061	5002	61	2015001	 武器 - 紫裝	20	1647	1647	61	61	122	122	122	122	122	0	122	244	0	0	0	0	0	0	0	0	0	
	2015062	5002	62	2015001	 武器 - 紫裝	20	1674	1674	62	62	124	124	124	124	124	0	124	248	0	0	0	0	0	0	0	0	0	
	2015063	5002	63	2015001	 武器 - 紫裝	20	1701	1701	63	63	126	126	126	126	126	0	126	252	0	0	0	0	0	0	0	0	0	
	2015064	5002	64	2015001	 武器 - 紫裝	20	1728	1728	64	64	128	128	128	128	128	0	128	256	0	0	0	0	0	0	0	0	0	
	2015065	5002	65	2015001	 武器 - 紫裝	20	1755	1755	65	65	130	130	130	130	130	0	130	260	0	0	0	0	0	0	0	0	0	
	2015066	5002	66	2015001	 武器 - 紫裝	20	1782	1782	66	66	132	132	132	132	132	0	132	264	0	0	0	0	0	0	0	0	0	
	2015067	5002	67	2015001	 武器 - 紫裝	20	1809	1809	67	67	134	134	134	134	134	0	134	268	0	0	0	0	0	0	0	0	0	
	2015068	5002	68	2015001	 武器 - 紫裝	20	1836	1836	68	68	136	136	136	136	136	0	136	272	0	0	0	0	0	0	0	0	0	
	2015069	5002	69	2015001	 武器 - 紫裝	20	1863	1863	69	69	138	138	138	138	138	0	138	276	0	0	0	0	0	0	0	0	0	
	2015070	5002	70	2015001	 武器 - 紫裝	20	1890	1890	70	70	140	140	140	140	140	0	140	280	0	0	0	0	0	0	0	0	0	
	2015071	5002	71	2015001	 武器 - 紫裝	20	1917	1917	71	71	142	142	142	142	142	0	142	284	0	0	0	0	0	0	0	0	0	
	2015072	5002	72	2015001	 武器 - 紫裝	20	1944	1944	72	72	144	144	144	144	144	0	144	288	0	0	0	0	0	0	0	0	0	
	2015073	5002	73	2015001	 武器 - 紫裝	20	1971	1971	73	73	146	146	146	146	146	0	146	292	0	0	0	0	0	0	0	0	0	
	2015074	5002	74	2015001	 武器 - 紫裝	20	1998	1998	74	74	148	148	148	148	148	0	148	296	0	0	0	0	0	0	0	0	0	
	2015075	5002	75	2015001	 武器 - 紫裝	20	2025	2025	75	75	150	150	150	150	150	0	150	300	0	0	0	0	0	0	0	0	0	
	2015076	5002	76	2015001	 武器 - 紫裝	20	2052	2052	76	76	152	152	152	152	152	0	152	304	0	0	0	0	0	0	0	0	0	
	2015077	5002	77	2015001	 武器 - 紫裝	20	2079	2079	77	77	154	154	154	154	154	0	154	308	0	0	0	0	0	0	0	0	0	
	2015078	5002	78	2015001	 武器 - 紫裝	20	2106	2106	78	78	156	156	156	156	156	0	156	312	0	0	0	0	0	0	0	0	0	
	2015079	5002	79	2015001	 武器 - 紫裝	20	2133	2133	79	79	158	158	158	158	158	0	158	316	0	0	0	0	0	0	0	0	0	
	2015080	5002	80	2015001	 武器 - 紫裝	20	2160	2160	80	80	160	160	160	160	160	0	160	320	0	0	0	0	0	0	0	0	0	
	2015081	5002	81	2015001	 武器 - 紫裝	20	2187	2187	81	81	162	162	162	162	162	0	162	324	0	0	0	0	0	0	0	0	0	
	2015082	5002	82	2015001	 武器 - 紫裝	20	2214	2214	82	82	164	164	164	164	164	0	164	328	0	0	0	0	0	0	0	0	0	
	2015083	5002	83	2015001	 武器 - 紫裝	20	2241	2241	83	83	166	166	166	166	166	0	166	332	0	0	0	0	0	0	0	0	0	
	2015084	5002	84	2015001	 武器 - 紫裝	20	2268	2268	84	84	168	168	168	168	168	0	168	336	0	0	0	0	0	0	0	0	0	
	2015085	5002	85	2015001	 武器 - 紫裝	20	2295	2295	85	85	170	170	170	170	170	0	170	340	0	0	0	0	0	0	0	0	0	
	2015086	5002	86	2015001	 武器 - 紫裝	20	2322	2322	86	86	172	172	172	172	172	0	172	344	0	0	0	0	0	0	0	0	0	
	2015087	5002	87	2015001	 武器 - 紫裝	20	2349	2349	87	87	174	174	174	174	174	0	174	348	0	0	0	0	0	0	0	0	0	
	2015088	5002	88	2015001	 武器 - 紫裝	20	2376	2376	88	88	176	176	176	176	176	0	176	352	0	0	0	0	0	0	0	0	0	
	2015089	5002	89	2015001	 武器 - 紫裝	20	2403	2403	89	89	178	178	178	178	178	0	178	356	0	0	0	0	0	0	0	0	0	
	2015090	5002	90	2015001	 武器 - 紫裝	20	2430	2430	90	90	180	180	180	180	180	0	180	360	0	0	0	0	0	0	0	0	0	
	2015091	5002	91	2015001	 武器 - 紫裝	20	2457	2457	91	91	182	182	182	182	182	0	182	364	0	0	0	0	0	0	0	0	0	
	2015092	5002	92	2015001	 武器 - 紫裝	20	2484	2484	92	92	184	184	184	184	184	0	184	368	0	0	0	0	0	0	0	0	0	
	2015093	5002	93	2015001	 武器 - 紫裝	20	2511	2511	93	93	186	186	186	186	186	0	186	372	0	0	0	0	0	0	0	0	0	
	2015094	5002	94	2015001	 武器 - 紫裝	20	2538	2538	94	94	188	188	188	188	188	0	188	376	0	0	0	0	0	0	0	0	0	
	2015095	5002	95	2015001	 武器 - 紫裝	20	2565	2565	95	95	190	190	190	190	190	0	190	380	0	0	0	0	0	0	0	0	0	
	2015096	5002	96	2015001	 武器 - 紫裝	20	2592	2592	96	96	192	192	192	192	192	0	192	384	0	0	0	0	0	0	0	0	0	
	2015097	5002	97	2015001	 武器 - 紫裝	20	2619	2619	97	97	194	194	194	194	194	0	194	388	0	0	0	0	0	0	0	0	0	
	2015098	5002	98	2015001	 武器 - 紫裝	20	2646	2646	98	98	196	196	196	196	196	0	196	392	0	0	0	0	0	0	0	0	0	
	2015099	5002	99	2015001	 武器 - 紫裝	20	2673	2673	99	99	198	198	198	198	198	0	198	396	0	0	0	0	0	0	0	0	0	
	2015100	5002	100	2015001	 武器 - 紫裝	20	2700	2700	100	100	200	200	200	200	200	0	200	400	0	0	0	0	0	0	0	0	0	
	2015101	5002	101	2015001	 武器 - 紫裝	20	2727	2727	101	101	202	202	202	202	202	0	202	404	0	0	0	0	0	0	0	0	0	
	2015102	5002	102	2015001	 武器 - 紫裝	20	2754	2754	102	102	204	204	204	204	204	0	204	408	0	0	0	0	0	0	0	0	0	
	2015103	5002	103	2015001	 武器 - 紫裝	20	2781	2781	103	103	206	206	206	206	206	0	206	412	0	0	0	0	0	0	0	0	0	
	2015104	5002	104	2015001	 武器 - 紫裝	20	2808	2808	104	104	208	208	208	208	208	0	208	416	0	0	0	0	0	0	0	0	0	
	2015105	5002	105	2015001	 武器 - 紫裝	20	2835	2835	105	105	210	210	210	210	210	0	210	420	0	0	0	0	0	0	0	0	0	
	2015106	5002	106	2015001	 武器 - 紫裝	20	2862	2862	106	106	212	212	212	212	212	0	212	424	0	0	0	0	0	0	0	0	0	
	2015107	5002	107	2015001	 武器 - 紫裝	20	2889	2889	107	107	214	214	214	214	214	0	214	428	0	0	0	0	0	0	0	0	0	
	2015108	5002	108	2015001	 武器 - 紫裝	20	2916	2916	108	108	216	216	216	216	216	0	216	432	0	0	0	0	0	0	0	0	0	
# 防具強化屬性數值表																												
# 防具 - 灰裝																												
	2021001	5002	1	2021001	 防具 - 灰裝	20	5	5	0	0	1	1	1	1	1	0	1	0	1	0	0	0	0	0	0	0	0	
	2021002	5002	2	2021001	 防具 - 灰裝	20	10	10	0	0	2	2	2	2	2	0	2	0	2	0	0	0	0	0	0	0	0	
	2021003	5002	3	2021001	 防具 - 灰裝	20	15	15	0	0	3	3	3	3	3	0	3	0	3	0	0	0	0	0	0	0	0	
	2021004	5002	4	2021001	 防具 - 灰裝	20	20	20	0	0	4	4	4	4	4	0	4	0	4	0	0	0	0	0	0	0	0	
	2021005	5002	5	2021001	 防具 - 灰裝	20	25	25	0	0	5	5	5	5	5	0	5	0	5	0	0	0	0	0	0	0	0	
	2021006	5002	6	2021001	 防具 - 灰裝	20	30	30	0	0	6	6	6	6	6	0	6	0	6	0	0	0	0	0	0	0	0	
	2021007	5002	7	2021001	 防具 - 灰裝	20	35	35	0	0	7	7	7	7	7	0	7	0	7	0	0	0	0	0	0	0	0	
	2021008	5002	8	2021001	 防具 - 灰裝	20	40	40	0	0	8	8	8	8	8	0	8	0	8	0	0	0	0	0	0	0	0	
	2021009	5002	9	2021001	 防具 - 灰裝	20	45	45	0	0	9	9	9	9	9	0	9	0	9	0	0	0	0	0	0	0	0	
	2021010	5002	10	2021001	 防具 - 灰裝	20	50	50	0	0	10	10	10	10	10	0	10	0	10	0	0	0	0	0	0	0	0	
	2021011	5002	11	2021001	 防具 - 灰裝	20	55	55	0	0	11	11	11	11	11	0	11	0	11	0	0	0	0	0	0	0	0	
	2021012	5002	12	2021001	 防具 - 灰裝	20	60	60	0	0	12	12	12	12	12	0	12	0	12	0	0	0	0	0	0	0	0	
	2021013	5002	13	2021001	 防具 - 灰裝	20	65	65	0	0	13	13	13	13	13	0	13	0	13	0	0	0	0	0	0	0	0	
	2021014	5002	14	2021001	 防具 - 灰裝	20	70	70	0	0	14	14	14	14	14	0	14	0	14	0	0	0	0	0	0	0	0	
	2021015	5002	15	2021001	 防具 - 灰裝	20	75	75	0	0	15	15	15	15	15	0	15	0	15	0	0	0	0	0	0	0	0	
	2021016	5002	16	2021001	 防具 - 灰裝	20	80	80	0	0	16	16	16	16	16	0	16	0	16	0	0	0	0	0	0	0	0	
	2021017	5002	17	2021001	 防具 - 灰裝	20	85	85	0	0	17	17	17	17	17	0	17	0	17	0	0	0	0	0	0	0	0	
	2021018	5002	18	2021001	 防具 - 灰裝	20	90	90	0	0	18	18	18	18	18	0	18	0	18	0	0	0	0	0	0	0	0	
	2021019	5002	19	2021001	 防具 - 灰裝	20	95	95	0	0	19	19	19	19	19	0	19	0	19	0	0	0	0	0	0	0	0	
	2021020	5002	20	2021001	 防具 - 灰裝	20	100	100	0	0	20	20	20	20	20	0	20	0	20	0	0	0	0	0	0	0	0	
	2021021	5002	21	2021001	 防具 - 灰裝	20	105	105	0	0	21	21	21	21	21	0	21	0	21	0	0	0	0	0	0	0	0	
	2021022	5002	22	2021001	 防具 - 灰裝	20	110	110	0	0	22	22	22	22	22	0	22	0	22	0	0	0	0	0	0	0	0	
	2021023	5002	23	2021001	 防具 - 灰裝	20	115	115	0	0	23	23	23	23	23	0	23	0	23	0	0	0	0	0	0	0	0	
	2021024	5002	24	2021001	 防具 - 灰裝	20	120	120	0	0	24	24	24	24	24	0	24	0	24	0	0	0	0	0	0	0	0	
	2021025	5002	25	2021001	 防具 - 灰裝	20	125	125	0	0	25	25	25	25	25	0	25	0	25	0	0	0	0	0	0	0	0	
	2021026	5002	26	2021001	 防具 - 灰裝	20	130	130	0	0	26	26	26	26	26	0	26	0	26	0	0	0	0	0	0	0	0	
	2021027	5002	27	2021001	 防具 - 灰裝	20	135	135	0	0	27	27	27	27	27	0	27	0	27	0	0	0	0	0	0	0	0	
	2021028	5002	28	2021001	 防具 - 灰裝	20	140	140	0	0	28	28	28	28	28	0	28	0	28	0	0	0	0	0	0	0	0	
	2021029	5002	29	2021001	 防具 - 灰裝	20	145	145	0	0	29	29	29	29	29	0	29	0	29	0	0	0	0	0	0	0	0	
	2021030	5002	30	2021001	 防具 - 灰裝	20	150	150	0	0	30	30	30	30	30	0	30	0	30	0	0	0	0	0	0	0	0	
	2021031	5002	31	2021001	 防具 - 灰裝	20	155	155	0	0	31	31	31	31	31	0	31	0	31	0	0	0	0	0	0	0	0	
	2021032	5002	32	2021001	 防具 - 灰裝	20	160	160	0	0	32	32	32	32	32	0	32	0	32	0	0	0	0	0	0	0	0	
	2021033	5002	33	2021001	 防具 - 灰裝	20	165	165	0	0	33	33	33	33	33	0	33	0	33	0	0	0	0	0	0	0	0	
	2021034	5002	34	2021001	 防具 - 灰裝	20	170	170	0	0	34	34	34	34	34	0	34	0	34	0	0	0	0	0	0	0	0	
	2021035	5002	35	2021001	 防具 - 灰裝	20	175	175	0	0	35	35	35	35	35	0	35	0	35	0	0	0	0	0	0	0	0	
	2021036	5002	36	2021001	 防具 - 灰裝	20	180	180	0	0	36	36	36	36	36	0	36	0	36	0	0	0	0	0	0	0	0	
	2021037	5002	37	2021001	 防具 - 灰裝	20	185	185	0	0	37	37	37	37	37	0	37	0	37	0	0	0	0	0	0	0	0	
	2021038	5002	38	2021001	 防具 - 灰裝	20	190	190	0	0	38	38	38	38	38	0	38	0	38	0	0	0	0	0	0	0	0	
	2021039	5002	39	2021001	 防具 - 灰裝	20	195	195	0	0	39	39	39	39	39	0	39	0	39	0	0	0	0	0	0	0	0	
	2021040	5002	40	2021001	 防具 - 灰裝	20	200	200	0	0	40	40	40	40	40	0	40	0	40	0	0	0	0	0	0	0	0	
	2021041	5002	41	2021001	 防具 - 灰裝	20	205	205	0	0	41	41	41	41	41	0	41	0	41	0	0	0	0	0	0	0	0	
	2021042	5002	42	2021001	 防具 - 灰裝	20	210	210	0	0	42	42	42	42	42	0	42	0	42	0	0	0	0	0	0	0	0	
	2021043	5002	43	2021001	 防具 - 灰裝	20	215	215	0	0	43	43	43	43	43	0	43	0	43	0	0	0	0	0	0	0	0	
	2021044	5002	44	2021001	 防具 - 灰裝	20	220	220	0	0	44	44	44	44	44	0	44	0	44	0	0	0	0	0	0	0	0	
	2021045	5002	45	2021001	 防具 - 灰裝	20	225	225	0	0	45	45	45	45	45	0	45	0	45	0	0	0	0	0	0	0	0	
	2021046	5002	46	2021001	 防具 - 灰裝	20	230	230	0	0	46	46	46	46	46	0	46	0	46	0	0	0	0	0	0	0	0	
	2021047	5002	47	2021001	 防具 - 灰裝	20	235	235	0	0	47	47	47	47	47	0	47	0	47	0	0	0	0	0	0	0	0	
	2021048	5002	48	2021001	 防具 - 灰裝	20	240	240	0	0	48	48	48	48	48	0	48	0	48	0	0	0	0	0	0	0	0	
	2021049	5002	49	2021001	 防具 - 灰裝	20	245	245	0	0	49	49	49	49	49	0	49	0	49	0	0	0	0	0	0	0	0	
	2021050	5002	50	2021001	 防具 - 灰裝	20	250	250	0	0	50	50	50	50	50	0	50	0	50	0	0	0	0	0	0	0	0	
	2021051	5002	51	2021001	 防具 - 灰裝	20	255	255	0	0	51	51	51	51	51	0	51	0	51	0	0	0	0	0	0	0	0	
	2021052	5002	52	2021001	 防具 - 灰裝	20	260	260	0	0	52	52	52	52	52	0	52	0	52	0	0	0	0	0	0	0	0	
	2021053	5002	53	2021001	 防具 - 灰裝	20	265	265	0	0	53	53	53	53	53	0	53	0	53	0	0	0	0	0	0	0	0	
	2021054	5002	54	2021001	 防具 - 灰裝	20	270	270	0	0	54	54	54	54	54	0	54	0	54	0	0	0	0	0	0	0	0	
	2021055	5002	55	2021001	 防具 - 灰裝	20	275	275	0	0	55	55	55	55	55	0	55	0	55	0	0	0	0	0	0	0	0	
	2021056	5002	56	2021001	 防具 - 灰裝	20	280	280	0	0	56	56	56	56	56	0	56	0	56	0	0	0	0	0	0	0	0	
	2021057	5002	57	2021001	 防具 - 灰裝	20	285	285	0	0	57	57	57	57	57	0	57	0	57	0	0	0	0	0	0	0	0	
	2021058	5002	58	2021001	 防具 - 灰裝	20	290	290	0	0	58	58	58	58	58	0	58	0	58	0	0	0	0	0	0	0	0	
	2021059	5002	59	2021001	 防具 - 灰裝	20	295	295	0	0	59	59	59	59	59	0	59	0	59	0	0	0	0	0	0	0	0	
	2021060	5002	60	2021001	 防具 - 灰裝	20	300	300	0	0	60	60	60	60	60	0	60	0	60	0	0	0	0	0	0	0	0	
	2021061	5002	61	2021001	 防具 - 灰裝	20	305	305	0	0	61	61	61	61	61	0	61	0	61	0	0	0	0	0	0	0	0	
	2021062	5002	62	2021001	 防具 - 灰裝	20	310	310	0	0	62	62	62	62	62	0	62	0	62	0	0	0	0	0	0	0	0	
	2021063	5002	63	2021001	 防具 - 灰裝	20	315	315	0	0	63	63	63	63	63	0	63	0	63	0	0	0	0	0	0	0	0	
	2021064	5002	64	2021001	 防具 - 灰裝	20	320	320	0	0	64	64	64	64	64	0	64	0	64	0	0	0	0	0	0	0	0	
	2021065	5002	65	2021001	 防具 - 灰裝	20	325	325	0	0	65	65	65	65	65	0	65	0	65	0	0	0	0	0	0	0	0	
	2021066	5002	66	2021001	 防具 - 灰裝	20	330	330	0	0	66	66	66	66	66	0	66	0	66	0	0	0	0	0	0	0	0	
	2021067	5002	67	2021001	 防具 - 灰裝	20	335	335	0	0	67	67	67	67	67	0	67	0	67	0	0	0	0	0	0	0	0	
	2021068	5002	68	2021001	 防具 - 灰裝	20	340	340	0	0	68	68	68	68	68	0	68	0	68	0	0	0	0	0	0	0	0	
	2021069	5002	69	2021001	 防具 - 灰裝	20	345	345	0	0	69	69	69	69	69	0	69	0	69	0	0	0	0	0	0	0	0	
	2021070	5002	70	2021001	 防具 - 灰裝	20	350	350	0	0	70	70	70	70	70	0	70	0	70	0	0	0	0	0	0	0	0	
	2021071	5002	71	2021001	 防具 - 灰裝	20	355	355	0	0	71	71	71	71	71	0	71	0	71	0	0	0	0	0	0	0	0	
	2021072	5002	72	2021001	 防具 - 灰裝	20	360	360	0	0	72	72	72	72	72	0	72	0	72	0	0	0	0	0	0	0	0	
	2021073	5002	73	2021001	 防具 - 灰裝	20	365	365	0	0	73	73	73	73	73	0	73	0	73	0	0	0	0	0	0	0	0	
	2021074	5002	74	2021001	 防具 - 灰裝	20	370	370	0	0	74	74	74	74	74	0	74	0	74	0	0	0	0	0	0	0	0	
	2021075	5002	75	2021001	 防具 - 灰裝	20	375	375	0	0	75	75	75	75	75	0	75	0	75	0	0	0	0	0	0	0	0	
	2021076	5002	76	2021001	 防具 - 灰裝	20	380	380	0	0	76	76	76	76	76	0	76	0	76	0	0	0	0	0	0	0	0	
	2021077	5002	77	2021001	 防具 - 灰裝	20	385	385	0	0	77	77	77	77	77	0	77	0	77	0	0	0	0	0	0	0	0	
	2021078	5002	78	2021001	 防具 - 灰裝	20	390	390	0	0	78	78	78	78	78	0	78	0	78	0	0	0	0	0	0	0	0	
	2021079	5002	79	2021001	 防具 - 灰裝	20	395	395	0	0	79	79	79	79	79	0	79	0	79	0	0	0	0	0	0	0	0	
	2021080	5002	80	2021001	 防具 - 灰裝	20	400	400	0	0	80	80	80	80	80	0	80	0	80	0	0	0	0	0	0	0	0	
	2021081	5002	81	2021001	 防具 - 灰裝	20	405	405	0	0	81	81	81	81	81	0	81	0	81	0	0	0	0	0	0	0	0	
	2021082	5002	82	2021001	 防具 - 灰裝	20	410	410	0	0	82	82	82	82	82	0	82	0	82	0	0	0	0	0	0	0	0	
	2021083	5002	83	2021001	 防具 - 灰裝	20	415	415	0	0	83	83	83	83	83	0	83	0	83	0	0	0	0	0	0	0	0	
	2021084	5002	84	2021001	 防具 - 灰裝	20	420	420	0	0	84	84	84	84	84	0	84	0	84	0	0	0	0	0	0	0	0	
	2021085	5002	85	2021001	 防具 - 灰裝	20	425	425	0	0	85	85	85	85	85	0	85	0	85	0	0	0	0	0	0	0	0	
	2021086	5002	86	2021001	 防具 - 灰裝	20	430	430	0	0	86	86	86	86	86	0	86	0	86	0	0	0	0	0	0	0	0	
	2021087	5002	87	2021001	 防具 - 灰裝	20	435	435	0	0	87	87	87	87	87	0	87	0	87	0	0	0	0	0	0	0	0	
	2021088	5002	88	2021001	 防具 - 灰裝	20	440	440	0	0	88	88	88	88	88	0	88	0	88	0	0	0	0	0	0	0	0	
	2021089	5002	89	2021001	 防具 - 灰裝	20	445	445	0	0	89	89	89	89	89	0	89	0	89	0	0	0	0	0	0	0	0	
	2021090	5002	90	2021001	 防具 - 灰裝	20	450	450	0	0	90	90	90	90	90	0	90	0	90	0	0	0	0	0	0	0	0	
	2021091	5002	91	2021001	 防具 - 灰裝	20	455	455	0	0	91	91	91	91	91	0	91	0	91	0	0	0	0	0	0	0	0	
	2021092	5002	92	2021001	 防具 - 灰裝	20	460	460	0	0	92	92	92	92	92	0	92	0	92	0	0	0	0	0	0	0	0	
	2021093	5002	93	2021001	 防具 - 灰裝	20	465	465	0	0	93	93	93	93	93	0	93	0	93	0	0	0	0	0	0	0	0	
	2021094	5002	94	2021001	 防具 - 灰裝	20	470	470	0	0	94	94	94	94	94	0	94	0	94	0	0	0	0	0	0	0	0	
	2021095	5002	95	2021001	 防具 - 灰裝	20	475	475	0	0	95	95	95	95	95	0	95	0	95	0	0	0	0	0	0	0	0	
	2021096	5002	96	2021001	 防具 - 灰裝	20	480	480	0	0	96	96	96	96	96	0	96	0	96	0	0	0	0	0	0	0	0	
	2021097	5002	97	2021001	 防具 - 灰裝	20	485	485	0	0	97	97	97	97	97	0	97	0	97	0	0	0	0	0	0	0	0	
	2021098	5002	98	2021001	 防具 - 灰裝	20	490	490	0	0	98	98	98	98	98	0	98	0	98	0	0	0	0	0	0	0	0	
	2021099	5002	99	2021001	 防具 - 灰裝	20	495	495	0	0	99	99	99	99	99	0	99	0	99	0	0	0	0	0	0	0	0	
	2021100	5002	100	2021001	 防具 - 灰裝	20	500	500	0	0	100	100	100	100	100	0	100	0	100	0	0	0	0	0	0	0	0	
	2021101	5002	101	2021001	 防具 - 灰裝	20	505	505	0	0	101	101	101	101	101	0	101	0	101	0	0	0	0	0	0	0	0	
	2021102	5002	102	2021001	 防具 - 灰裝	20	510	510	0	0	102	102	102	102	102	0	102	0	102	0	0	0	0	0	0	0	0	
	2021103	5002	103	2021001	 防具 - 灰裝	20	515	515	0	0	103	103	103	103	103	0	103	0	103	0	0	0	0	0	0	0	0	
	2021104	5002	104	2021001	 防具 - 灰裝	20	520	520	0	0	104	104	104	104	104	0	104	0	104	0	0	0	0	0	0	0	0	
	2021105	5002	105	2021001	 防具 - 灰裝	20	525	525	0	0	105	105	105	105	105	0	105	0	105	0	0	0	0	0	0	0	0	
	2021106	5002	106	2021001	 防具 - 灰裝	20	530	530	0	0	106	106	106	106	106	0	106	0	106	0	0	0	0	0	0	0	0	
	2021107	5002	107	2021001	 防具 - 灰裝	20	535	535	0	0	107	107	107	107	107	0	107	0	107	0	0	0	0	0	0	0	0	
	2021108	5002	108	2021001	 防具 - 灰裝	20	540	540	0	0	108	108	108	108	108	0	108	0	108	0	0	0	0	0	0	0	0	
# 防具 - 白裝（非商店貨）																												
	2022001	5002	1	2022001	 防具 - 白裝	20	6	6	0	0	1	1	1	1	1	0	1	0	1	0	0	0	0	0	0	0	0	
	2022002	5002	2	2022001	 防具 - 白裝	20	12	12	0	0	2	2	2	2	2	0	2	0	2	0	0	0	0	0	0	0	0	
	2022003	5002	3	2022001	 防具 - 白裝	20	18	18	0	0	3	3	3	3	3	0	3	0	3	0	0	0	0	0	0	0	0	
	2022004	5002	4	2022001	 防具 - 白裝	20	24	24	0	0	4	4	4	4	4	0	4	0	4	0	0	0	0	0	0	0	0	
	2022005	5002	5	2022001	 防具 - 白裝	20	30	30	0	0	5	5	5	5	5	0	5	0	5	0	0	0	0	0	0	0	0	
	2022006	5002	6	2022001	 防具 - 白裝	20	36	36	0	0	6	6	6	6	6	0	6	0	6	0	0	0	0	0	0	0	0	
	2022007	5002	7	2022001	 防具 - 白裝	20	42	42	0	0	7	7	7	7	7	0	7	0	7	0	0	0	0	0	0	0	0	
	2022008	5002	8	2022001	 防具 - 白裝	20	48	48	0	0	8	8	8	8	8	0	8	0	8	0	0	0	0	0	0	0	0	
	2022009	5002	9	2022001	 防具 - 白裝	20	54	54	0	0	9	9	9	9	9	0	9	0	9	0	0	0	0	0	0	0	0	
	2022010	5002	10	2022001	 防具 - 白裝	20	60	60	0	0	10	10	10	10	10	0	10	0	10	0	0	0	0	0	0	0	0	
	2022011	5002	11	2022001	 防具 - 白裝	20	66	66	0	0	11	11	11	11	11	0	11	0	11	0	0	0	0	0	0	0	0	
	2022012	5002	12	2022001	 防具 - 白裝	20	72	72	0	0	12	12	12	12	12	0	12	0	12	0	0	0	0	0	0	0	0	
	2022013	5002	13	2022001	 防具 - 白裝	20	78	78	0	0	13	13	13	13	13	0	13	0	13	0	0	0	0	0	0	0	0	
	2022014	5002	14	2022001	 防具 - 白裝	20	84	84	0	0	14	14	14	14	14	0	14	0	14	0	0	0	0	0	0	0	0	
	2022015	5002	15	2022001	 防具 - 白裝	20	90	90	0	0	15	15	15	15	15	0	15	0	15	0	0	0	0	0	0	0	0	
	2022016	5002	16	2022001	 防具 - 白裝	20	96	96	0	0	16	16	16	16	16	0	16	0	16	0	0	0	0	0	0	0	0	
	2022017	5002	17	2022001	 防具 - 白裝	20	102	102	0	0	17	17	17	17	17	0	17	0	17	0	0	0	0	0	0	0	0	
	2022018	5002	18	2022001	 防具 - 白裝	20	108	108	0	0	18	18	18	18	18	0	18	0	18	0	0	0	0	0	0	0	0	
	2022019	5002	19	2022001	 防具 - 白裝	20	114	114	0	0	19	19	19	19	19	0	19	0	19	0	0	0	0	0	0	0	0	
	2022020	5002	20	2022001	 防具 - 白裝	20	120	120	0	0	20	20	20	20	20	0	20	0	20	0	0	0	0	0	0	0	0	
	2022021	5002	21	2022001	 防具 - 白裝	20	126	126	0	0	21	21	21	21	21	0	21	0	21	0	0	0	0	0	0	0	0	
	2022022	5002	22	2022001	 防具 - 白裝	20	132	132	0	0	22	22	22	22	22	0	22	0	22	0	0	0	0	0	0	0	0	
	2022023	5002	23	2022001	 防具 - 白裝	20	138	138	0	0	23	23	23	23	23	0	23	0	23	0	0	0	0	0	0	0	0	
	2022024	5002	24	2022001	 防具 - 白裝	20	144	144	0	0	24	24	24	24	24	0	24	0	24	0	0	0	0	0	0	0	0	
	2022025	5002	25	2022001	 防具 - 白裝	20	150	150	0	0	25	25	25	25	25	0	25	0	25	0	0	0	0	0	0	0	0	
	2022026	5002	26	2022001	 防具 - 白裝	20	156	156	0	0	26	26	26	26	26	0	26	0	26	0	0	0	0	0	0	0	0	
	2022027	5002	27	2022001	 防具 - 白裝	20	162	162	0	0	27	27	27	27	27	0	27	0	27	0	0	0	0	0	0	0	0	
	2022028	5002	28	2022001	 防具 - 白裝	20	168	168	0	0	28	28	28	28	28	0	28	0	28	0	0	0	0	0	0	0	0	
	2022029	5002	29	2022001	 防具 - 白裝	20	174	174	0	0	29	29	29	29	29	0	29	0	29	0	0	0	0	0	0	0	0	
	2022030	5002	30	2022001	 防具 - 白裝	20	180	180	0	0	30	30	30	30	30	0	30	0	30	0	0	0	0	0	0	0	0	
	2022031	5002	31	2022001	 防具 - 白裝	20	186	186	0	0	31	31	31	31	31	0	31	0	31	0	0	0	0	0	0	0	0	
	2022032	5002	32	2022001	 防具 - 白裝	20	192	192	0	0	32	32	32	32	32	0	32	0	32	0	0	0	0	0	0	0	0	
	2022033	5002	33	2022001	 防具 - 白裝	20	198	198	0	0	33	33	33	33	33	0	33	0	33	0	0	0	0	0	0	0	0	
	2022034	5002	34	2022001	 防具 - 白裝	20	204	204	0	0	34	34	34	34	34	0	34	0	34	0	0	0	0	0	0	0	0	
	2022035	5002	35	2022001	 防具 - 白裝	20	210	210	0	0	35	35	35	35	35	0	35	0	35	0	0	0	0	0	0	0	0	
	2022036	5002	36	2022001	 防具 - 白裝	20	216	216	0	0	36	36	36	36	36	0	36	0	36	0	0	0	0	0	0	0	0	
	2022037	5002	37	2022001	 防具 - 白裝	20	222	222	0	0	37	37	37	37	37	0	37	0	37	0	0	0	0	0	0	0	0	
	2022038	5002	38	2022001	 防具 - 白裝	20	228	228	0	0	38	38	38	38	38	0	38	0	38	0	0	0	0	0	0	0	0	
	2022039	5002	39	2022001	 防具 - 白裝	20	234	234	0	0	39	39	39	39	39	0	39	0	39	0	0	0	0	0	0	0	0	
	2022040	5002	40	2022001	 防具 - 白裝	20	240	240	0	0	40	40	40	40	40	0	40	0	40	0	0	0	0	0	0	0	0	
	2022041	5002	41	2022001	 防具 - 白裝	20	246	246	0	0	41	41	41	41	41	0	41	0	41	0	0	0	0	0	0	0	0	
	2022042	5002	42	2022001	 防具 - 白裝	20	252	252	0	0	42	42	42	42	42	0	42	0	42	0	0	0	0	0	0	0	0	
	2022043	5002	43	2022001	 防具 - 白裝	20	258	258	0	0	43	43	43	43	43	0	43	0	43	0	0	0	0	0	0	0	0	
	2022044	5002	44	2022001	 防具 - 白裝	20	264	264	0	0	44	44	44	44	44	0	44	0	44	0	0	0	0	0	0	0	0	
	2022045	5002	45	2022001	 防具 - 白裝	20	270	270	0	0	45	45	45	45	45	0	45	0	45	0	0	0	0	0	0	0	0	
	2022046	5002	46	2022001	 防具 - 白裝	20	276	276	0	0	46	46	46	46	46	0	46	0	46	0	0	0	0	0	0	0	0	
	2022047	5002	47	2022001	 防具 - 白裝	20	282	282	0	0	47	47	47	47	47	0	47	0	47	0	0	0	0	0	0	0	0	
	2022048	5002	48	2022001	 防具 - 白裝	20	288	288	0	0	48	48	48	48	48	0	48	0	48	0	0	0	0	0	0	0	0	
	2022049	5002	49	2022001	 防具 - 白裝	20	294	294	0	0	49	49	49	49	49	0	49	0	49	0	0	0	0	0	0	0	0	
	2022050	5002	50	2022001	 防具 - 白裝	20	300	300	0	0	50	50	50	50	50	0	50	0	50	0	0	0	0	0	0	0	0	
	2022051	5002	51	2022001	 防具 - 白裝	20	306	306	0	0	51	51	51	51	51	0	51	0	51	0	0	0	0	0	0	0	0	
	2022052	5002	52	2022001	 防具 - 白裝	20	312	312	0	0	52	52	52	52	52	0	52	0	52	0	0	0	0	0	0	0	0	
	2022053	5002	53	2022001	 防具 - 白裝	20	318	318	0	0	53	53	53	53	53	0	53	0	53	0	0	0	0	0	0	0	0	
	2022054	5002	54	2022001	 防具 - 白裝	20	324	324	0	0	54	54	54	54	54	0	54	0	54	0	0	0	0	0	0	0	0	
	2022055	5002	55	2022001	 防具 - 白裝	20	330	330	0	0	55	55	55	55	55	0	55	0	55	0	0	0	0	0	0	0	0	
	2022056	5002	56	2022001	 防具 - 白裝	20	336	336	0	0	56	56	56	56	56	0	56	0	56	0	0	0	0	0	0	0	0	
	2022057	5002	57	2022001	 防具 - 白裝	20	342	342	0	0	57	57	57	57	57	0	57	0	57	0	0	0	0	0	0	0	0	
	2022058	5002	58	2022001	 防具 - 白裝	20	348	348	0	0	58	58	58	58	58	0	58	0	58	0	0	0	0	0	0	0	0	
	2022059	5002	59	2022001	 防具 - 白裝	20	354	354	0	0	59	59	59	59	59	0	59	0	59	0	0	0	0	0	0	0	0	
	2022060	5002	60	2022001	 防具 - 白裝	20	360	360	0	0	60	60	60	60	60	0	60	0	60	0	0	0	0	0	0	0	0	
	2022061	5002	61	2022001	 防具 - 白裝	20	366	366	0	0	61	61	61	61	61	0	61	0	61	0	0	0	0	0	0	0	0	
	2022062	5002	62	2022001	 防具 - 白裝	20	372	372	0	0	62	62	62	62	62	0	62	0	62	0	0	0	0	0	0	0	0	
	2022063	5002	63	2022001	 防具 - 白裝	20	378	378	0	0	63	63	63	63	63	0	63	0	63	0	0	0	0	0	0	0	0	
	2022064	5002	64	2022001	 防具 - 白裝	20	384	384	0	0	64	64	64	64	64	0	64	0	64	0	0	0	0	0	0	0	0	
	2022065	5002	65	2022001	 防具 - 白裝	20	390	390	0	0	65	65	65	65	65	0	65	0	65	0	0	0	0	0	0	0	0	
	2022066	5002	66	2022001	 防具 - 白裝	20	396	396	0	0	66	66	66	66	66	0	66	0	66	0	0	0	0	0	0	0	0	
	2022067	5002	67	2022001	 防具 - 白裝	20	402	402	0	0	67	67	67	67	67	0	67	0	67	0	0	0	0	0	0	0	0	
	2022068	5002	68	2022001	 防具 - 白裝	20	408	408	0	0	68	68	68	68	68	0	68	0	68	0	0	0	0	0	0	0	0	
	2022069	5002	69	2022001	 防具 - 白裝	20	414	414	0	0	69	69	69	69	69	0	69	0	69	0	0	0	0	0	0	0	0	
	2022070	5002	70	2022001	 防具 - 白裝	20	420	420	0	0	70	70	70	70	70	0	70	0	70	0	0	0	0	0	0	0	0	
	2022071	5002	71	2022001	 防具 - 白裝	20	426	426	0	0	71	71	71	71	71	0	71	0	71	0	0	0	0	0	0	0	0	
	2022072	5002	72	2022001	 防具 - 白裝	20	432	432	0	0	72	72	72	72	72	0	72	0	72	0	0	0	0	0	0	0	0	
	2022073	5002	73	2022001	 防具 - 白裝	20	438	438	0	0	73	73	73	73	73	0	73	0	73	0	0	0	0	0	0	0	0	
	2022074	5002	74	2022001	 防具 - 白裝	20	444	444	0	0	74	74	74	74	74	0	74	0	74	0	0	0	0	0	0	0	0	
	2022075	5002	75	2022001	 防具 - 白裝	20	450	450	0	0	75	75	75	75	75	0	75	0	75	0	0	0	0	0	0	0	0	
	2022076	5002	76	2022001	 防具 - 白裝	20	456	456	0	0	76	76	76	76	76	0	76	0	76	0	0	0	0	0	0	0	0	
	2022077	5002	77	2022001	 防具 - 白裝	20	462	462	0	0	77	77	77	77	77	0	77	0	77	0	0	0	0	0	0	0	0	
	2022078	5002	78	2022001	 防具 - 白裝	20	468	468	0	0	78	78	78	78	78	0	78	0	78	0	0	0	0	0	0	0	0	
	2022079	5002	79	2022001	 防具 - 白裝	20	474	474	0	0	79	79	79	79	79	0	79	0	79	0	0	0	0	0	0	0	0	
	2022080	5002	80	2022001	 防具 - 白裝	20	480	480	0	0	80	80	80	80	80	0	80	0	80	0	0	0	0	0	0	0	0	
	2022081	5002	81	2022001	 防具 - 白裝	20	486	486	0	0	81	81	81	81	81	0	81	0	81	0	0	0	0	0	0	0	0	
	2022082	5002	82	2022001	 防具 - 白裝	20	492	492	0	0	82	82	82	82	82	0	82	0	82	0	0	0	0	0	0	0	0	
	2022083	5002	83	2022001	 防具 - 白裝	20	498	498	0	0	83	83	83	83	83	0	83	0	83	0	0	0	0	0	0	0	0	
	2022084	5002	84	2022001	 防具 - 白裝	20	504	504	0	0	84	84	84	84	84	0	84	0	84	0	0	0	0	0	0	0	0	
	2022085	5002	85	2022001	 防具 - 白裝	20	510	510	0	0	85	85	85	85	85	0	85	0	85	0	0	0	0	0	0	0	0	
	2022086	5002	86	2022001	 防具 - 白裝	20	516	516	0	0	86	86	86	86	86	0	86	0	86	0	0	0	0	0	0	0	0	
	2022087	5002	87	2022001	 防具 - 白裝	20	522	522	0	0	87	87	87	87	87	0	87	0	87	0	0	0	0	0	0	0	0	
	2022088	5002	88	2022001	 防具 - 白裝	20	528	528	0	0	88	88	88	88	88	0	88	0	88	0	0	0	0	0	0	0	0	
	2022089	5002	89	2022001	 防具 - 白裝	20	534	534	0	0	89	89	89	89	89	0	89	0	89	0	0	0	0	0	0	0	0	
	2022090	5002	90	2022001	 防具 - 白裝	20	540	540	0	0	90	90	90	90	90	0	90	0	90	0	0	0	0	0	0	0	0	
	2022091	5002	91	2022001	 防具 - 白裝	20	546	546	0	0	91	91	91	91	91	0	91	0	91	0	0	0	0	0	0	0	0	
	2022092	5002	92	2022001	 防具 - 白裝	20	552	552	0	0	92	92	92	92	92	0	92	0	92	0	0	0	0	0	0	0	0	
	2022093	5002	93	2022001	 防具 - 白裝	20	558	558	0	0	93	93	93	93	93	0	93	0	93	0	0	0	0	0	0	0	0	
	2022094	5002	94	2022001	 防具 - 白裝	20	564	564	0	0	94	94	94	94	94	0	94	0	94	0	0	0	0	0	0	0	0	
	2022095	5002	95	2022001	 防具 - 白裝	20	570	570	0	0	95	95	95	95	95	0	95	0	95	0	0	0	0	0	0	0	0	
	2022096	5002	96	2022001	 防具 - 白裝	20	576	576	0	0	96	96	96	96	96	0	96	0	96	0	0	0	0	0	0	0	0	
	2022097	5002	97	2022001	 防具 - 白裝	20	582	582	0	0	97	97	97	97	97	0	97	0	97	0	0	0	0	0	0	0	0	
	2022098	5002	98	2022001	 防具 - 白裝	20	588	588	0	0	98	98	98	98	98	0	98	0	98	0	0	0	0	0	0	0	0	
	2022099	5002	99	2022001	 防具 - 白裝	20	594	594	0	0	99	99	99	99	99	0	99	0	99	0	0	0	0	0	0	0	0	
	2022100	5002	100	2022001	 防具 - 白裝	20	600	600	0	0	100	100	100	100	100	0	100	0	100	0	0	0	0	0	0	0	0	
	2022101	5002	101	2022001	 防具 - 白裝	20	606	606	0	0	101	101	101	101	101	0	101	0	101	0	0	0	0	0	0	0	0	
	2022102	5002	102	2022001	 防具 - 白裝	20	612	612	0	0	102	102	102	102	102	0	102	0	102	0	0	0	0	0	0	0	0	
	2022103	5002	103	2022001	 防具 - 白裝	20	618	618	0	0	103	103	103	103	103	0	103	0	103	0	0	0	0	0	0	0	0	
	2022104	5002	104	2022001	 防具 - 白裝	20	624	624	0	0	104	104	104	104	104	0	104	0	104	0	0	0	0	0	0	0	0	
	2022105	5002	105	2022001	 防具 - 白裝	20	630	630	0	0	105	105	105	105	105	0	105	0	105	0	0	0	0	0	0	0	0	
	2022106	5002	106	2022001	 防具 - 白裝	20	636	636	0	0	106	106	106	106	106	0	106	0	106	0	0	0	0	0	0	0	0	
	2022107	5002	107	2022001	 防具 - 白裝	20	642	642	0	0	107	107	107	107	107	0	107	0	107	0	0	0	0	0	0	0	0	
	2022108	5002	108	2022001	 防具 - 白裝	20	648	648	0	0	108	108	108	108	108	0	108	0	108	0	0	0	0	0	0	0	0	
# 防具 - 綠裝																												
	2023001	5002	1	2023001	 防具 - 綠裝	20	7	7	0	0	1	1	1	1	1	0	1	0	1	0	0	0	0	0	0	0	0	
	2023002	5002	2	2023001	 防具 - 綠裝	20	14	14	0	0	2	2	2	2	2	0	2	0	2	0	0	0	0	0	0	0	0	
	2023003	5002	3	2023001	 防具 - 綠裝	20	21	21	0	0	3	3	3	3	3	0	3	0	3	0	0	0	0	0	0	0	0	
	2023004	5002	4	2023001	 防具 - 綠裝	20	28	28	0	0	4	4	4	4	4	0	4	0	4	0	0	0	0	0	0	0	0	
	2023005	5002	5	2023001	 防具 - 綠裝	20	35	35	0	0	5	5	5	5	5	0	5	0	5	0	0	0	0	0	0	0	0	
	2023006	5002	6	2023001	 防具 - 綠裝	20	42	42	0	0	6	6	6	6	6	0	6	0	6	0	0	0	0	0	0	0	0	
	2023007	5002	7	2023001	 防具 - 綠裝	20	49	49	0	0	7	7	7	7	7	0	7	0	7	0	0	0	0	0	0	0	0	
	2023008	5002	8	2023001	 防具 - 綠裝	20	56	56	0	0	8	8	8	8	8	0	8	0	8	0	0	0	0	0	0	0	0	
	2023009	5002	9	2023001	 防具 - 綠裝	20	63	63	0	0	9	9	9	9	9	0	9	0	9	0	0	0	0	0	0	0	0	
	2023010	5002	10	2023001	 防具 - 綠裝	20	70	70	0	0	10	10	10	10	10	0	10	0	10	0	0	0	0	0	0	0	0	
	2023011	5002	11	2023001	 防具 - 綠裝	20	77	77	0	0	11	11	11	11	11	0	11	0	11	0	0	0	0	0	0	0	0	
	2023012	5002	12	2023001	 防具 - 綠裝	20	84	84	0	0	12	12	12	12	12	0	12	0	12	0	0	0	0	0	0	0	0	
	2023013	5002	13	2023001	 防具 - 綠裝	20	91	91	0	0	13	13	13	13	13	0	13	0	13	0	0	0	0	0	0	0	0	
	2023014	5002	14	2023001	 防具 - 綠裝	20	98	98	0	0	14	14	14	14	14	0	14	0	14	0	0	0	0	0	0	0	0	
	2023015	5002	15	2023001	 防具 - 綠裝	20	105	105	0	0	15	15	15	15	15	0	15	0	15	0	0	0	0	0	0	0	0	
	2023016	5002	16	2023001	 防具 - 綠裝	20	112	112	0	0	16	16	16	16	16	0	16	0	16	0	0	0	0	0	0	0	0	
	2023017	5002	17	2023001	 防具 - 綠裝	20	119	119	0	0	17	17	17	17	17	0	17	0	17	0	0	0	0	0	0	0	0	
	2023018	5002	18	2023001	 防具 - 綠裝	20	126	126	0	0	18	18	18	18	18	0	18	0	18	0	0	0	0	0	0	0	0	
	2023019	5002	19	2023001	 防具 - 綠裝	20	133	133	0	0	19	19	19	19	19	0	19	0	19	0	0	0	0	0	0	0	0	
	2023020	5002	20	2023001	 防具 - 綠裝	20	140	140	0	0	20	20	20	20	20	0	20	0	20	0	0	0	0	0	0	0	0	
	2023021	5002	21	2023001	 防具 - 綠裝	20	147	147	0	0	21	21	21	21	21	0	21	0	21	0	0	0	0	0	0	0	0	
	2023022	5002	22	2023001	 防具 - 綠裝	20	154	154	0	0	22	22	22	22	22	0	22	0	22	0	0	0	0	0	0	0	0	
	2023023	5002	23	2023001	 防具 - 綠裝	20	161	161	0	0	23	23	23	23	23	0	23	0	23	0	0	0	0	0	0	0	0	
	2023024	5002	24	2023001	 防具 - 綠裝	20	168	168	0	0	24	24	24	24	24	0	24	0	24	0	0	0	0	0	0	0	0	
	2023025	5002	25	2023001	 防具 - 綠裝	20	175	175	0	0	25	25	25	25	25	0	25	0	25	0	0	0	0	0	0	0	0	
	2023026	5002	26	2023001	 防具 - 綠裝	20	182	182	0	0	26	26	26	26	26	0	26	0	26	0	0	0	0	0	0	0	0	
	2023027	5002	27	2023001	 防具 - 綠裝	20	189	189	0	0	27	27	27	27	27	0	27	0	27	0	0	0	0	0	0	0	0	
	2023028	5002	28	2023001	 防具 - 綠裝	20	196	196	0	0	28	28	28	28	28	0	28	0	28	0	0	0	0	0	0	0	0	
	2023029	5002	29	2023001	 防具 - 綠裝	20	203	203	0	0	29	29	29	29	29	0	29	0	29	0	0	0	0	0	0	0	0	
	2023030	5002	30	2023001	 防具 - 綠裝	20	210	210	0	0	30	30	30	30	30	0	30	0	30	0	0	0	0	0	0	0	0	
	2023031	5002	31	2023001	 防具 - 綠裝	20	217	217	0	0	31	31	31	31	31	0	31	0	31	0	0	0	0	0	0	0	0	
	2023032	5002	32	2023001	 防具 - 綠裝	20	224	224	0	0	32	32	32	32	32	0	32	0	32	0	0	0	0	0	0	0	0	
	2023033	5002	33	2023001	 防具 - 綠裝	20	231	231	0	0	33	33	33	33	33	0	33	0	33	0	0	0	0	0	0	0	0	
	2023034	5002	34	2023001	 防具 - 綠裝	20	238	238	0	0	34	34	34	34	34	0	34	0	34	0	0	0	0	0	0	0	0	
	2023035	5002	35	2023001	 防具 - 綠裝	20	245	245	0	0	35	35	35	35	35	0	35	0	35	0	0	0	0	0	0	0	0	
	2023036	5002	36	2023001	 防具 - 綠裝	20	252	252	0	0	36	36	36	36	36	0	36	0	36	0	0	0	0	0	0	0	0	
	2023037	5002	37	2023001	 防具 - 綠裝	20	259	259	0	0	37	37	37	37	37	0	37	0	37	0	0	0	0	0	0	0	0	
	2023038	5002	38	2023001	 防具 - 綠裝	20	266	266	0	0	38	38	38	38	38	0	38	0	38	0	0	0	0	0	0	0	0	
	2023039	5002	39	2023001	 防具 - 綠裝	20	273	273	0	0	39	39	39	39	39	0	39	0	39	0	0	0	0	0	0	0	0	
	2023040	5002	40	2023001	 防具 - 綠裝	20	280	280	0	0	40	40	40	40	40	0	40	0	40	0	0	0	0	0	0	0	0	
	2023041	5002	41	2023001	 防具 - 綠裝	20	287	287	0	0	41	41	41	41	41	0	41	0	41	0	0	0	0	0	0	0	0	
	2023042	5002	42	2023001	 防具 - 綠裝	20	294	294	0	0	42	42	42	42	42	0	42	0	42	0	0	0	0	0	0	0	0	
	2023043	5002	43	2023001	 防具 - 綠裝	20	301	301	0	0	43	43	43	43	43	0	43	0	43	0	0	0	0	0	0	0	0	
	2023044	5002	44	2023001	 防具 - 綠裝	20	308	308	0	0	44	44	44	44	44	0	44	0	44	0	0	0	0	0	0	0	0	
	2023045	5002	45	2023001	 防具 - 綠裝	20	315	315	0	0	45	45	45	45	45	0	45	0	45	0	0	0	0	0	0	0	0	
	2023046	5002	46	2023001	 防具 - 綠裝	20	322	322	0	0	46	46	46	46	46	0	46	0	46	0	0	0	0	0	0	0	0	
	2023047	5002	47	2023001	 防具 - 綠裝	20	329	329	0	0	47	47	47	47	47	0	47	0	47	0	0	0	0	0	0	0	0	
	2023048	5002	48	2023001	 防具 - 綠裝	20	336	336	0	0	48	48	48	48	48	0	48	0	48	0	0	0	0	0	0	0	0	
	2023049	5002	49	2023001	 防具 - 綠裝	20	343	343	0	0	49	49	49	49	49	0	49	0	49	0	0	0	0	0	0	0	0	
	2023050	5002	50	2023001	 防具 - 綠裝	20	350	350	0	0	50	50	50	50	50	0	50	0	50	0	0	0	0	0	0	0	0	
	2023051	5002	51	2023001	 防具 - 綠裝	20	357	357	0	0	51	51	51	51	51	0	51	0	51	0	0	0	0	0	0	0	0	
	2023052	5002	52	2023001	 防具 - 綠裝	20	364	364	0	0	52	52	52	52	52	0	52	0	52	0	0	0	0	0	0	0	0	
	2023053	5002	53	2023001	 防具 - 綠裝	20	371	371	0	0	53	53	53	53	53	0	53	0	53	0	0	0	0	0	0	0	0	
	2023054	5002	54	2023001	 防具 - 綠裝	20	378	378	0	0	54	54	54	54	54	0	54	0	54	0	0	0	0	0	0	0	0	
	2023055	5002	55	2023001	 防具 - 綠裝	20	385	385	0	0	55	55	55	55	55	0	55	0	55	0	0	0	0	0	0	0	0	
	2023056	5002	56	2023001	 防具 - 綠裝	20	392	392	0	0	56	56	56	56	56	0	56	0	56	0	0	0	0	0	0	0	0	
	2023057	5002	57	2023001	 防具 - 綠裝	20	399	399	0	0	57	57	57	57	57	0	57	0	57	0	0	0	0	0	0	0	0	
	2023058	5002	58	2023001	 防具 - 綠裝	20	406	406	0	0	58	58	58	58	58	0	58	0	58	0	0	0	0	0	0	0	0	
	2023059	5002	59	2023001	 防具 - 綠裝	20	413	413	0	0	59	59	59	59	59	0	59	0	59	0	0	0	0	0	0	0	0	
	2023060	5002	60	2023001	 防具 - 綠裝	20	420	420	0	0	60	60	60	60	60	0	60	0	60	0	0	0	0	0	0	0	0	
	2023061	5002	61	2023001	 防具 - 綠裝	20	427	427	0	0	61	61	61	61	61	0	61	0	61	0	0	0	0	0	0	0	0	
	2023062	5002	62	2023001	 防具 - 綠裝	20	434	434	0	0	62	62	62	62	62	0	62	0	62	0	0	0	0	0	0	0	0	
	2023063	5002	63	2023001	 防具 - 綠裝	20	441	441	0	0	63	63	63	63	63	0	63	0	63	0	0	0	0	0	0	0	0	
	2023064	5002	64	2023001	 防具 - 綠裝	20	448	448	0	0	64	64	64	64	64	0	64	0	64	0	0	0	0	0	0	0	0	
	2023065	5002	65	2023001	 防具 - 綠裝	20	455	455	0	0	65	65	65	65	65	0	65	0	65	0	0	0	0	0	0	0	0	
	2023066	5002	66	2023001	 防具 - 綠裝	20	462	462	0	0	66	66	66	66	66	0	66	0	66	0	0	0	0	0	0	0	0	
	2023067	5002	67	2023001	 防具 - 綠裝	20	469	469	0	0	67	67	67	67	67	0	67	0	67	0	0	0	0	0	0	0	0	
	2023068	5002	68	2023001	 防具 - 綠裝	20	476	476	0	0	68	68	68	68	68	0	68	0	68	0	0	0	0	0	0	0	0	
	2023069	5002	69	2023001	 防具 - 綠裝	20	483	483	0	0	69	69	69	69	69	0	69	0	69	0	0	0	0	0	0	0	0	
	2023070	5002	70	2023001	 防具 - 綠裝	20	490	490	0	0	70	70	70	70	70	0	70	0	70	0	0	0	0	0	0	0	0	
	2023071	5002	71	2023001	 防具 - 綠裝	20	497	497	0	0	71	71	71	71	71	0	71	0	71	0	0	0	0	0	0	0	0	
	2023072	5002	72	2023001	 防具 - 綠裝	20	504	504	0	0	72	72	72	72	72	0	72	0	72	0	0	0	0	0	0	0	0	
	2023073	5002	73	2023001	 防具 - 綠裝	20	511	511	0	0	73	73	73	73	73	0	73	0	73	0	0	0	0	0	0	0	0	
	2023074	5002	74	2023001	 防具 - 綠裝	20	518	518	0	0	74	74	74	74	74	0	74	0	74	0	0	0	0	0	0	0	0	
	2023075	5002	75	2023001	 防具 - 綠裝	20	525	525	0	0	75	75	75	75	75	0	75	0	75	0	0	0	0	0	0	0	0	
	2023076	5002	76	2023001	 防具 - 綠裝	20	532	532	0	0	76	76	76	76	76	0	76	0	76	0	0	0	0	0	0	0	0	
	2023077	5002	77	2023001	 防具 - 綠裝	20	539	539	0	0	77	77	77	77	77	0	77	0	77	0	0	0	0	0	0	0	0	
	2023078	5002	78	2023001	 防具 - 綠裝	20	546	546	0	0	78	78	78	78	78	0	78	0	78	0	0	0	0	0	0	0	0	
	2023079	5002	79	2023001	 防具 - 綠裝	20	553	553	0	0	79	79	79	79	79	0	79	0	79	0	0	0	0	0	0	0	0	
	2023080	5002	80	2023001	 防具 - 綠裝	20	560	560	0	0	80	80	80	80	80	0	80	0	80	0	0	0	0	0	0	0	0	
	2023081	5002	81	2023001	 防具 - 綠裝	20	567	567	0	0	81	81	81	81	81	0	81	0	81	0	0	0	0	0	0	0	0	
	2023082	5002	82	2023001	 防具 - 綠裝	20	574	574	0	0	82	82	82	82	82	0	82	0	82	0	0	0	0	0	0	0	0	
	2023083	5002	83	2023001	 防具 - 綠裝	20	581	581	0	0	83	83	83	83	83	0	83	0	83	0	0	0	0	0	0	0	0	
	2023084	5002	84	2023001	 防具 - 綠裝	20	588	588	0	0	84	84	84	84	84	0	84	0	84	0	0	0	0	0	0	0	0	
	2023085	5002	85	2023001	 防具 - 綠裝	20	595	595	0	0	85	85	85	85	85	0	85	0	85	0	0	0	0	0	0	0	0	
	2023086	5002	86	2023001	 防具 - 綠裝	20	602	602	0	0	86	86	86	86	86	0	86	0	86	0	0	0	0	0	0	0	0	
	2023087	5002	87	2023001	 防具 - 綠裝	20	609	609	0	0	87	87	87	87	87	0	87	0	87	0	0	0	0	0	0	0	0	
	2023088	5002	88	2023001	 防具 - 綠裝	20	616	616	0	0	88	88	88	88	88	0	88	0	88	0	0	0	0	0	0	0	0	
	2023089	5002	89	2023001	 防具 - 綠裝	20	623	623	0	0	89	89	89	89	89	0	89	0	89	0	0	0	0	0	0	0	0	
	2023090	5002	90	2023001	 防具 - 綠裝	20	630	630	0	0	90	90	90	90	90	0	90	0	90	0	0	0	0	0	0	0	0	
	2023091	5002	91	2023001	 防具 - 綠裝	20	637	637	0	0	91	91	91	91	91	0	91	0	91	0	0	0	0	0	0	0	0	
	2023092	5002	92	2023001	 防具 - 綠裝	20	644	644	0	0	92	92	92	92	92	0	92	0	92	0	0	0	0	0	0	0	0	
	2023093	5002	93	2023001	 防具 - 綠裝	20	651	651	0	0	93	93	93	93	93	0	93	0	93	0	0	0	0	0	0	0	0	
	2023094	5002	94	2023001	 防具 - 綠裝	20	658	658	0	0	94	94	94	94	94	0	94	0	94	0	0	0	0	0	0	0	0	
	2023095	5002	95	2023001	 防具 - 綠裝	20	665	665	0	0	95	95	95	95	95	0	95	0	95	0	0	0	0	0	0	0	0	
	2023096	5002	96	2023001	 防具 - 綠裝	20	672	672	0	0	96	96	96	96	96	0	96	0	96	0	0	0	0	0	0	0	0	
	2023097	5002	97	2023001	 防具 - 綠裝	20	679	679	0	0	97	97	97	97	97	0	97	0	97	0	0	0	0	0	0	0	0	
	2023098	5002	98	2023001	 防具 - 綠裝	20	686	686	0	0	98	98	98	98	98	0	98	0	98	0	0	0	0	0	0	0	0	
	2023099	5002	99	2023001	 防具 - 綠裝	20	693	693	0	0	99	99	99	99	99	0	99	0	99	0	0	0	0	0	0	0	0	
	2023100	5002	100	2023001	 防具 - 綠裝	20	700	700	0	0	100	100	100	100	100	0	100	0	100	0	0	0	0	0	0	0	0	
	2023101	5002	101	2023001	 防具 - 綠裝	20	707	707	0	0	101	101	101	101	101	0	101	0	101	0	0	0	0	0	0	0	0	
	2023102	5002	102	2023001	 防具 - 綠裝	20	714	714	0	0	102	102	102	102	102	0	102	0	102	0	0	0	0	0	0	0	0	
	2023103	5002	103	2023001	 防具 - 綠裝	20	721	721	0	0	103	103	103	103	103	0	103	0	103	0	0	0	0	0	0	0	0	
	2023104	5002	104	2023001	 防具 - 綠裝	20	728	728	0	0	104	104	104	104	104	0	104	0	104	0	0	0	0	0	0	0	0	
	2023105	5002	105	2023001	 防具 - 綠裝	20	735	735	0	0	105	105	105	105	105	0	105	0	105	0	0	0	0	0	0	0	0	
	2023106	5002	106	2023001	 防具 - 綠裝	20	742	742	0	0	106	106	106	106	106	0	106	0	106	0	0	0	0	0	0	0	0	
	2023107	5002	107	2023001	 防具 - 綠裝	20	749	749	0	0	107	107	107	107	107	0	107	0	107	0	0	0	0	0	0	0	0	
	2023108	5002	108	2023001	 防具 - 綠裝	20	756	756	0	0	108	108	108	108	108	0	108	0	108	0	0	0	0	0	0	0	0	
# 防具 - 藍裝																												
	2024001	5002	1	2024001	 防具 - 藍裝	20	8	8	0	0	2	2	2	2	2	0	2	0	2	0	0	0	0	0	0	0	0	
	2024002	5002	2	2024001	 防具 - 藍裝	20	16	16	0	0	4	4	4	4	4	0	4	0	4	0	0	0	0	0	0	0	0	
	2024003	5002	3	2024001	 防具 - 藍裝	20	24	24	0	0	6	6	6	6	6	0	6	0	6	0	0	0	0	0	0	0	0	
	2024004	5002	4	2024001	 防具 - 藍裝	20	32	32	0	0	8	8	8	8	8	0	8	0	8	0	0	0	0	0	0	0	0	
	2024005	5002	5	2024001	 防具 - 藍裝	20	40	40	0	0	10	10	10	10	10	0	10	0	10	0	0	0	0	0	0	0	0	
	2024006	5002	6	2024001	 防具 - 藍裝	20	48	48	0	0	12	12	12	12	12	0	12	0	12	0	0	0	0	0	0	0	0	
	2024007	5002	7	2024001	 防具 - 藍裝	20	56	56	0	0	14	14	14	14	14	0	14	0	14	0	0	0	0	0	0	0	0	
	2024008	5002	8	2024001	 防具 - 藍裝	20	64	64	0	0	16	16	16	16	16	0	16	0	16	0	0	0	0	0	0	0	0	
	2024009	5002	9	2024001	 防具 - 藍裝	20	72	72	0	0	18	18	18	18	18	0	18	0	18	0	0	0	0	0	0	0	0	
	2024010	5002	10	2024001	 防具 - 藍裝	20	80	80	0	0	20	20	20	20	20	0	20	0	20	0	0	0	0	0	0	0	0	
	2024011	5002	11	2024001	 防具 - 藍裝	20	88	88	0	0	22	22	22	22	22	0	22	0	22	0	0	0	0	0	0	0	0	
	2024012	5002	12	2024001	 防具 - 藍裝	20	96	96	0	0	24	24	24	24	24	0	24	0	24	0	0	0	0	0	0	0	0	
	2024013	5002	13	2024001	 防具 - 藍裝	20	104	104	0	0	26	26	26	26	26	0	26	0	26	0	0	0	0	0	0	0	0	
	2024014	5002	14	2024001	 防具 - 藍裝	20	112	112	0	0	28	28	28	28	28	0	28	0	28	0	0	0	0	0	0	0	0	
	2024015	5002	15	2024001	 防具 - 藍裝	20	120	120	0	0	30	30	30	30	30	0	30	0	30	0	0	0	0	0	0	0	0	
	2024016	5002	16	2024001	 防具 - 藍裝	20	128	128	0	0	32	32	32	32	32	0	32	0	32	0	0	0	0	0	0	0	0	
	2024017	5002	17	2024001	 防具 - 藍裝	20	136	136	0	0	34	34	34	34	34	0	34	0	34	0	0	0	0	0	0	0	0	
	2024018	5002	18	2024001	 防具 - 藍裝	20	144	144	0	0	36	36	36	36	36	0	36	0	36	0	0	0	0	0	0	0	0	
	2024019	5002	19	2024001	 防具 - 藍裝	20	152	152	0	0	38	38	38	38	38	0	38	0	38	0	0	0	0	0	0	0	0	
	2024020	5002	20	2024001	 防具 - 藍裝	20	160	160	0	0	40	40	40	40	40	0	40	0	40	0	0	0	0	0	0	0	0	
	2024021	5002	21	2024001	 防具 - 藍裝	20	168	168	0	0	42	42	42	42	42	0	42	0	42	0	0	0	0	0	0	0	0	
	2024022	5002	22	2024001	 防具 - 藍裝	20	176	176	0	0	44	44	44	44	44	0	44	0	44	0	0	0	0	0	0	0	0	
	2024023	5002	23	2024001	 防具 - 藍裝	20	184	184	0	0	46	46	46	46	46	0	46	0	46	0	0	0	0	0	0	0	0	
	2024024	5002	24	2024001	 防具 - 藍裝	20	192	192	0	0	48	48	48	48	48	0	48	0	48	0	0	0	0	0	0	0	0	
	2024025	5002	25	2024001	 防具 - 藍裝	20	200	200	0	0	50	50	50	50	50	0	50	0	50	0	0	0	0	0	0	0	0	
	2024026	5002	26	2024001	 防具 - 藍裝	20	208	208	0	0	52	52	52	52	52	0	52	0	52	0	0	0	0	0	0	0	0	
	2024027	5002	27	2024001	 防具 - 藍裝	20	216	216	0	0	54	54	54	54	54	0	54	0	54	0	0	0	0	0	0	0	0	
	2024028	5002	28	2024001	 防具 - 藍裝	20	224	224	0	0	56	56	56	56	56	0	56	0	56	0	0	0	0	0	0	0	0	
	2024029	5002	29	2024001	 防具 - 藍裝	20	232	232	0	0	58	58	58	58	58	0	58	0	58	0	0	0	0	0	0	0	0	
	2024030	5002	30	2024001	 防具 - 藍裝	20	240	240	0	0	60	60	60	60	60	0	60	0	60	0	0	0	0	0	0	0	0	
	2024031	5002	31	2024001	 防具 - 藍裝	20	248	248	0	0	62	62	62	62	62	0	62	0	62	0	0	0	0	0	0	0	0	
	2024032	5002	32	2024001	 防具 - 藍裝	20	256	256	0	0	64	64	64	64	64	0	64	0	64	0	0	0	0	0	0	0	0	
	2024033	5002	33	2024001	 防具 - 藍裝	20	264	264	0	0	66	66	66	66	66	0	66	0	66	0	0	0	0	0	0	0	0	
	2024034	5002	34	2024001	 防具 - 藍裝	20	272	272	0	0	68	68	68	68	68	0	68	0	68	0	0	0	0	0	0	0	0	
	2024035	5002	35	2024001	 防具 - 藍裝	20	280	280	0	0	70	70	70	70	70	0	70	0	70	0	0	0	0	0	0	0	0	
	2024036	5002	36	2024001	 防具 - 藍裝	20	288	288	0	0	72	72	72	72	72	0	72	0	72	0	0	0	0	0	0	0	0	
	2024037	5002	37	2024001	 防具 - 藍裝	20	296	296	0	0	74	74	74	74	74	0	74	0	74	0	0	0	0	0	0	0	0	
	2024038	5002	38	2024001	 防具 - 藍裝	20	304	304	0	0	76	76	76	76	76	0	76	0	76	0	0	0	0	0	0	0	0	
	2024039	5002	39	2024001	 防具 - 藍裝	20	312	312	0	0	78	78	78	78	78	0	78	0	78	0	0	0	0	0	0	0	0	
	2024040	5002	40	2024001	 防具 - 藍裝	20	320	320	0	0	80	80	80	80	80	0	80	0	80	0	0	0	0	0	0	0	0	
	2024041	5002	41	2024001	 防具 - 藍裝	20	328	328	0	0	82	82	82	82	82	0	82	0	82	0	0	0	0	0	0	0	0	
	2024042	5002	42	2024001	 防具 - 藍裝	20	336	336	0	0	84	84	84	84	84	0	84	0	84	0	0	0	0	0	0	0	0	
	2024043	5002	43	2024001	 防具 - 藍裝	20	344	344	0	0	86	86	86	86	86	0	86	0	86	0	0	0	0	0	0	0	0	
	2024044	5002	44	2024001	 防具 - 藍裝	20	352	352	0	0	88	88	88	88	88	0	88	0	88	0	0	0	0	0	0	0	0	
	2024045	5002	45	2024001	 防具 - 藍裝	20	360	360	0	0	90	90	90	90	90	0	90	0	90	0	0	0	0	0	0	0	0	
	2024046	5002	46	2024001	 防具 - 藍裝	20	368	368	0	0	92	92	92	92	92	0	92	0	92	0	0	0	0	0	0	0	0	
	2024047	5002	47	2024001	 防具 - 藍裝	20	376	376	0	0	94	94	94	94	94	0	94	0	94	0	0	0	0	0	0	0	0	
	2024048	5002	48	2024001	 防具 - 藍裝	20	384	384	0	0	96	96	96	96	96	0	96	0	96	0	0	0	0	0	0	0	0	
	2024049	5002	49	2024001	 防具 - 藍裝	20	392	392	0	0	98	98	98	98	98	0	98	0	98	0	0	0	0	0	0	0	0	
	2024050	5002	50	2024001	 防具 - 藍裝	20	400	400	0	0	100	100	100	100	100	0	100	0	100	0	0	0	0	0	0	0	0	
	2024051	5002	51	2024001	 防具 - 藍裝	20	408	408	0	0	102	102	102	102	102	0	102	0	102	0	0	0	0	0	0	0	0	
	2024052	5002	52	2024001	 防具 - 藍裝	20	416	416	0	0	104	104	104	104	104	0	104	0	104	0	0	0	0	0	0	0	0	
	2024053	5002	53	2024001	 防具 - 藍裝	20	424	424	0	0	106	106	106	106	106	0	106	0	106	0	0	0	0	0	0	0	0	
	2024054	5002	54	2024001	 防具 - 藍裝	20	432	432	0	0	108	108	108	108	108	0	108	0	108	0	0	0	0	0	0	0	0	
	2024055	5002	55	2024001	 防具 - 藍裝	20	440	440	0	0	110	110	110	110	110	0	110	0	110	0	0	0	0	0	0	0	0	
	2024056	5002	56	2024001	 防具 - 藍裝	20	448	448	0	0	112	112	112	112	112	0	112	0	112	0	0	0	0	0	0	0	0	
	2024057	5002	57	2024001	 防具 - 藍裝	20	456	456	0	0	114	114	114	114	114	0	114	0	114	0	0	0	0	0	0	0	0	
	2024058	5002	58	2024001	 防具 - 藍裝	20	464	464	0	0	116	116	116	116	116	0	116	0	116	0	0	0	0	0	0	0	0	
	2024059	5002	59	2024001	 防具 - 藍裝	20	472	472	0	0	118	118	118	118	118	0	118	0	118	0	0	0	0	0	0	0	0	
	2024060	5002	60	2024001	 防具 - 藍裝	20	480	480	0	0	120	120	120	120	120	0	120	0	120	0	0	0	0	0	0	0	0	
	2024061	5002	61	2024001	 防具 - 藍裝	20	488	488	0	0	122	122	122	122	122	0	122	0	122	0	0	0	0	0	0	0	0	
	2024062	5002	62	2024001	 防具 - 藍裝	20	496	496	0	0	124	124	124	124	124	0	124	0	124	0	0	0	0	0	0	0	0	
	2024063	5002	63	2024001	 防具 - 藍裝	20	504	504	0	0	126	126	126	126	126	0	126	0	126	0	0	0	0	0	0	0	0	
	2024064	5002	64	2024001	 防具 - 藍裝	20	512	512	0	0	128	128	128	128	128	0	128	0	128	0	0	0	0	0	0	0	0	
	2024065	5002	65	2024001	 防具 - 藍裝	20	520	520	0	0	130	130	130	130	130	0	130	0	130	0	0	0	0	0	0	0	0	
	2024066	5002	66	2024001	 防具 - 藍裝	20	528	528	0	0	132	132	132	132	132	0	132	0	132	0	0	0	0	0	0	0	0	
	2024067	5002	67	2024001	 防具 - 藍裝	20	536	536	0	0	134	134	134	134	134	0	134	0	134	0	0	0	0	0	0	0	0	
	2024068	5002	68	2024001	 防具 - 藍裝	20	544	544	0	0	136	136	136	136	136	0	136	0	136	0	0	0	0	0	0	0	0	
	2024069	5002	69	2024001	 防具 - 藍裝	20	552	552	0	0	138	138	138	138	138	0	138	0	138	0	0	0	0	0	0	0	0	
	2024070	5002	70	2024001	 防具 - 藍裝	20	560	560	0	0	140	140	140	140	140	0	140	0	140	0	0	0	0	0	0	0	0	
	2024071	5002	71	2024001	 防具 - 藍裝	20	568	568	0	0	142	142	142	142	142	0	142	0	142	0	0	0	0	0	0	0	0	
	2024072	5002	72	2024001	 防具 - 藍裝	20	576	576	0	0	144	144	144	144	144	0	144	0	144	0	0	0	0	0	0	0	0	
	2024073	5002	73	2024001	 防具 - 藍裝	20	584	584	0	0	146	146	146	146	146	0	146	0	146	0	0	0	0	0	0	0	0	
	2024074	5002	74	2024001	 防具 - 藍裝	20	592	592	0	0	148	148	148	148	148	0	148	0	148	0	0	0	0	0	0	0	0	
	2024075	5002	75	2024001	 防具 - 藍裝	20	600	600	0	0	150	150	150	150	150	0	150	0	150	0	0	0	0	0	0	0	0	
	2024076	5002	76	2024001	 防具 - 藍裝	20	608	608	0	0	152	152	152	152	152	0	152	0	152	0	0	0	0	0	0	0	0	
	2024077	5002	77	2024001	 防具 - 藍裝	20	616	616	0	0	154	154	154	154	154	0	154	0	154	0	0	0	0	0	0	0	0	
	2024078	5002	78	2024001	 防具 - 藍裝	20	624	624	0	0	156	156	156	156	156	0	156	0	156	0	0	0	0	0	0	0	0	
	2024079	5002	79	2024001	 防具 - 藍裝	20	632	632	0	0	158	158	158	158	158	0	158	0	158	0	0	0	0	0	0	0	0	
	2024080	5002	80	2024001	 防具 - 藍裝	20	640	640	0	0	160	160	160	160	160	0	160	0	160	0	0	0	0	0	0	0	0	
	2024081	5002	81	2024001	 防具 - 藍裝	20	648	648	0	0	162	162	162	162	162	0	162	0	162	0	0	0	0	0	0	0	0	
	2024082	5002	82	2024001	 防具 - 藍裝	20	656	656	0	0	164	164	164	164	164	0	164	0	164	0	0	0	0	0	0	0	0	
	2024083	5002	83	2024001	 防具 - 藍裝	20	664	664	0	0	166	166	166	166	166	0	166	0	166	0	0	0	0	0	0	0	0	
	2024084	5002	84	2024001	 防具 - 藍裝	20	672	672	0	0	168	168	168	168	168	0	168	0	168	0	0	0	0	0	0	0	0	
	2024085	5002	85	2024001	 防具 - 藍裝	20	680	680	0	0	170	170	170	170	170	0	170	0	170	0	0	0	0	0	0	0	0	
	2024086	5002	86	2024001	 防具 - 藍裝	20	688	688	0	0	172	172	172	172	172	0	172	0	172	0	0	0	0	0	0	0	0	
	2024087	5002	87	2024001	 防具 - 藍裝	20	696	696	0	0	174	174	174	174	174	0	174	0	174	0	0	0	0	0	0	0	0	
	2024088	5002	88	2024001	 防具 - 藍裝	20	704	704	0	0	176	176	176	176	176	0	176	0	176	0	0	0	0	0	0	0	0	
	2024089	5002	89	2024001	 防具 - 藍裝	20	712	712	0	0	178	178	178	178	178	0	178	0	178	0	0	0	0	0	0	0	0	
	2024090	5002	90	2024001	 防具 - 藍裝	20	720	720	0	0	180	180	180	180	180	0	180	0	180	0	0	0	0	0	0	0	0	
	2024091	5002	91	2024001	 防具 - 藍裝	20	728	728	0	0	182	182	182	182	182	0	182	0	182	0	0	0	0	0	0	0	0	
	2024092	5002	92	2024001	 防具 - 藍裝	20	736	736	0	0	184	184	184	184	184	0	184	0	184	0	0	0	0	0	0	0	0	
	2024093	5002	93	2024001	 防具 - 藍裝	20	744	744	0	0	186	186	186	186	186	0	186	0	186	0	0	0	0	0	0	0	0	
	2024094	5002	94	2024001	 防具 - 藍裝	20	752	752	0	0	188	188	188	188	188	0	188	0	188	0	0	0	0	0	0	0	0	
	2024095	5002	95	2024001	 防具 - 藍裝	20	760	760	0	0	190	190	190	190	190	0	190	0	190	0	0	0	0	0	0	0	0	
	2024096	5002	96	2024001	 防具 - 藍裝	20	768	768	0	0	192	192	192	192	192	0	192	0	192	0	0	0	0	0	0	0	0	
	2024097	5002	97	2024001	 防具 - 藍裝	20	776	776	0	0	194	194	194	194	194	0	194	0	194	0	0	0	0	0	0	0	0	
	2024098	5002	98	2024001	 防具 - 藍裝	20	784	784	0	0	196	196	196	196	196	0	196	0	196	0	0	0	0	0	0	0	0	
	2024099	5002	99	2024001	 防具 - 藍裝	20	792	792	0	0	198	198	198	198	198	0	198	0	198	0	0	0	0	0	0	0	0	
	2024100	5002	100	2024001	 防具 - 藍裝	20	800	800	0	0	200	200	200	200	200	0	200	0	200	0	0	0	0	0	0	0	0	
	2024101	5002	101	2024001	 防具 - 藍裝	20	808	808	0	0	202	202	202	202	202	0	202	0	202	0	0	0	0	0	0	0	0	
	2024102	5002	102	2024001	 防具 - 藍裝	20	816	816	0	0	204	204	204	204	204	0	204	0	204	0	0	0	0	0	0	0	0	
	2024103	5002	103	2024001	 防具 - 藍裝	20	824	824	0	0	206	206	206	206	206	0	206	0	206	0	0	0	0	0	0	0	0	
	2024104	5002	104	2024001	 防具 - 藍裝	20	832	832	0	0	208	208	208	208	208	0	208	0	208	0	0	0	0	0	0	0	0	
	2024105	5002	105	2024001	 防具 - 藍裝	20	840	840	0	0	210	210	210	210	210	0	210	0	210	0	0	0	0	0	0	0	0	
	2024106	5002	106	2024001	 防具 - 藍裝	20	848	848	0	0	212	212	212	212	212	0	212	0	212	0	0	0	0	0	0	0	0	
	2024107	5002	107	2024001	 防具 - 藍裝	20	856	856	0	0	214	214	214	214	214	0	214	0	214	0	0	0	0	0	0	0	0	
	2024108	5002	108	2024001	 防具 - 藍裝	20	864	864	0	0	216	216	216	216	216	0	216	0	216	0	0	0	0	0	0	0	0	
# 防具 - 紫裝																												
	2025001	5002	1	2025001	 防具 - 紫裝	20	9	9	0	0	2	2	2	2	2	0	2	0	2	0	0	0	0	0	0	0	0	
	2025002	5002	2	2025001	 防具 - 紫裝	20	18	18	0	0	4	4	4	4	4	0	4	0	4	0	0	0	0	0	0	0	0	
	2025003	5002	3	2025001	 防具 - 紫裝	20	27	27	0	0	6	6	6	6	6	0	6	0	6	0	0	0	0	0	0	0	0	
	2025004	5002	4	2025001	 防具 - 紫裝	20	36	36	0	0	8	8	8	8	8	0	8	0	8	0	0	0	0	0	0	0	0	
	2025005	5002	5	2025001	 防具 - 紫裝	20	45	45	0	0	10	10	10	10	10	0	10	0	10	0	0	0	0	0	0	0	0	
	2025006	5002	6	2025001	 防具 - 紫裝	20	54	54	0	0	12	12	12	12	12	0	12	0	12	0	0	0	0	0	0	0	0	
	2025007	5002	7	2025001	 防具 - 紫裝	20	63	63	0	0	14	14	14	14	14	0	14	0	14	0	0	0	0	0	0	0	0	
	2025008	5002	8	2025001	 防具 - 紫裝	20	72	72	0	0	16	16	16	16	16	0	16	0	16	0	0	0	0	0	0	0	0	
	2025009	5002	9	2025001	 防具 - 紫裝	20	81	81	0	0	18	18	18	18	18	0	18	0	18	0	0	0	0	0	0	0	0	
	2025010	5002	10	2025001	 防具 - 紫裝	20	90	90	0	0	20	20	20	20	20	0	20	0	20	0	0	0	0	0	0	0	0	
	2025011	5002	11	2025001	 防具 - 紫裝	20	99	99	0	0	22	22	22	22	22	0	22	0	22	0	0	0	0	0	0	0	0	
	2025012	5002	12	2025001	 防具 - 紫裝	20	108	108	0	0	24	24	24	24	24	0	24	0	24	0	0	0	0	0	0	0	0	
	2025013	5002	13	2025001	 防具 - 紫裝	20	117	117	0	0	26	26	26	26	26	0	26	0	26	0	0	0	0	0	0	0	0	
	2025014	5002	14	2025001	 防具 - 紫裝	20	126	126	0	0	28	28	28	28	28	0	28	0	28	0	0	0	0	0	0	0	0	
	2025015	5002	15	2025001	 防具 - 紫裝	20	135	135	0	0	30	30	30	30	30	0	30	0	30	0	0	0	0	0	0	0	0	
	2025016	5002	16	2025001	 防具 - 紫裝	20	144	144	0	0	32	32	32	32	32	0	32	0	32	0	0	0	0	0	0	0	0	
	2025017	5002	17	2025001	 防具 - 紫裝	20	153	153	0	0	34	34	34	34	34	0	34	0	34	0	0	0	0	0	0	0	0	
	2025018	5002	18	2025001	 防具 - 紫裝	20	162	162	0	0	36	36	36	36	36	0	36	0	36	0	0	0	0	0	0	0	0	
	2025019	5002	19	2025001	 防具 - 紫裝	20	171	171	0	0	38	38	38	38	38	0	38	0	38	0	0	0	0	0	0	0	0	
	2025020	5002	20	2025001	 防具 - 紫裝	20	180	180	0	0	40	40	40	40	40	0	40	0	40	0	0	0	0	0	0	0	0	
	2025021	5002	21	2025001	 防具 - 紫裝	20	189	189	0	0	42	42	42	42	42	0	42	0	42	0	0	0	0	0	0	0	0	
	2025022	5002	22	2025001	 防具 - 紫裝	20	198	198	0	0	44	44	44	44	44	0	44	0	44	0	0	0	0	0	0	0	0	
	2025023	5002	23	2025001	 防具 - 紫裝	20	207	207	0	0	46	46	46	46	46	0	46	0	46	0	0	0	0	0	0	0	0	
	2025024	5002	24	2025001	 防具 - 紫裝	20	216	216	0	0	48	48	48	48	48	0	48	0	48	0	0	0	0	0	0	0	0	
	2025025	5002	25	2025001	 防具 - 紫裝	20	225	225	0	0	50	50	50	50	50	0	50	0	50	0	0	0	0	0	0	0	0	
	2025026	5002	26	2025001	 防具 - 紫裝	20	234	234	0	0	52	52	52	52	52	0	52	0	52	0	0	0	0	0	0	0	0	
	2025027	5002	27	2025001	 防具 - 紫裝	20	243	243	0	0	54	54	54	54	54	0	54	0	54	0	0	0	0	0	0	0	0	
	2025028	5002	28	2025001	 防具 - 紫裝	20	252	252	0	0	56	56	56	56	56	0	56	0	56	0	0	0	0	0	0	0	0	
	2025029	5002	29	2025001	 防具 - 紫裝	20	261	261	0	0	58	58	58	58	58	0	58	0	58	0	0	0	0	0	0	0	0	
	2025030	5002	30	2025001	 防具 - 紫裝	20	270	270	0	0	60	60	60	60	60	0	60	0	60	0	0	0	0	0	0	0	0	
	2025031	5002	31	2025001	 防具 - 紫裝	20	279	279	0	0	62	62	62	62	62	0	62	0	62	0	0	0	0	0	0	0	0	
	2025032	5002	32	2025001	 防具 - 紫裝	20	288	288	0	0	64	64	64	64	64	0	64	0	64	0	0	0	0	0	0	0	0	
	2025033	5002	33	2025001	 防具 - 紫裝	20	297	297	0	0	66	66	66	66	66	0	66	0	66	0	0	0	0	0	0	0	0	
	2025034	5002	34	2025001	 防具 - 紫裝	20	306	306	0	0	68	68	68	68	68	0	68	0	68	0	0	0	0	0	0	0	0	
	2025035	5002	35	2025001	 防具 - 紫裝	20	315	315	0	0	70	70	70	70	70	0	70	0	70	0	0	0	0	0	0	0	0	
	2025036	5002	36	2025001	 防具 - 紫裝	20	324	324	0	0	72	72	72	72	72	0	72	0	72	0	0	0	0	0	0	0	0	
	2025037	5002	37	2025001	 防具 - 紫裝	20	333	333	0	0	74	74	74	74	74	0	74	0	74	0	0	0	0	0	0	0	0	
	2025038	5002	38	2025001	 防具 - 紫裝	20	342	342	0	0	76	76	76	76	76	0	76	0	76	0	0	0	0	0	0	0	0	
	2025039	5002	39	2025001	 防具 - 紫裝	20	351	351	0	0	78	78	78	78	78	0	78	0	78	0	0	0	0	0	0	0	0	
	2025040	5002	40	2025001	 防具 - 紫裝	20	360	360	0	0	80	80	80	80	80	0	80	0	80	0	0	0	0	0	0	0	0	
	2025041	5002	41	2025001	 防具 - 紫裝	20	369	369	0	0	82	82	82	82	82	0	82	0	82	0	0	0	0	0	0	0	0	
	2025042	5002	42	2025001	 防具 - 紫裝	20	378	378	0	0	84	84	84	84	84	0	84	0	84	0	0	0	0	0	0	0	0	
	2025043	5002	43	2025001	 防具 - 紫裝	20	387	387	0	0	86	86	86	86	86	0	86	0	86	0	0	0	0	0	0	0	0	
	2025044	5002	44	2025001	 防具 - 紫裝	20	396	396	0	0	88	88	88	88	88	0	88	0	88	0	0	0	0	0	0	0	0	
	2025045	5002	45	2025001	 防具 - 紫裝	20	405	405	0	0	90	90	90	90	90	0	90	0	90	0	0	0	0	0	0	0	0	
	2025046	5002	46	2025001	 防具 - 紫裝	20	414	414	0	0	92	92	92	92	92	0	92	0	92	0	0	0	0	0	0	0	0	
	2025047	5002	47	2025001	 防具 - 紫裝	20	423	423	0	0	94	94	94	94	94	0	94	0	94	0	0	0	0	0	0	0	0	
	2025048	5002	48	2025001	 防具 - 紫裝	20	432	432	0	0	96	96	96	96	96	0	96	0	96	0	0	0	0	0	0	0	0	
	2025049	5002	49	2025001	 防具 - 紫裝	20	441	441	0	0	98	98	98	98	98	0	98	0	98	0	0	0	0	0	0	0	0	
	2025050	5002	50	2025001	 防具 - 紫裝	20	450	450	0	0	100	100	100	100	100	0	100	0	100	0	0	0	0	0	0	0	0	
	2025051	5002	51	2025001	 防具 - 紫裝	20	459	459	0	0	102	102	102	102	102	0	102	0	102	0	0	0	0	0	0	0	0	
	2025052	5002	52	2025001	 防具 - 紫裝	20	468	468	0	0	104	104	104	104	104	0	104	0	104	0	0	0	0	0	0	0	0	
	2025053	5002	53	2025001	 防具 - 紫裝	20	477	477	0	0	106	106	106	106	106	0	106	0	106	0	0	0	0	0	0	0	0	
	2025054	5002	54	2025001	 防具 - 紫裝	20	486	486	0	0	108	108	108	108	108	0	108	0	108	0	0	0	0	0	0	0	0	
	2025055	5002	55	2025001	 防具 - 紫裝	20	495	495	0	0	110	110	110	110	110	0	110	0	110	0	0	0	0	0	0	0	0	
	2025056	5002	56	2025001	 防具 - 紫裝	20	504	504	0	0	112	112	112	112	112	0	112	0	112	0	0	0	0	0	0	0	0	
	2025057	5002	57	2025001	 防具 - 紫裝	20	513	513	0	0	114	114	114	114	114	0	114	0	114	0	0	0	0	0	0	0	0	
	2025058	5002	58	2025001	 防具 - 紫裝	20	522	522	0	0	116	116	116	116	116	0	116	0	116	0	0	0	0	0	0	0	0	
	2025059	5002	59	2025001	 防具 - 紫裝	20	531	531	0	0	118	118	118	118	118	0	118	0	118	0	0	0	0	0	0	0	0	
	2025060	5002	60	2025001	 防具 - 紫裝	20	540	540	0	0	120	120	120	120	120	0	120	0	120	0	0	0	0	0	0	0	0	
	2025061	5002	61	2025001	 防具 - 紫裝	20	549	549	0	0	122	122	122	122	122	0	122	0	122	0	0	0	0	0	0	0	0	
	2025062	5002	62	2025001	 防具 - 紫裝	20	558	558	0	0	124	124	124	124	124	0	124	0	124	0	0	0	0	0	0	0	0	
	2025063	5002	63	2025001	 防具 - 紫裝	20	567	567	0	0	126	126	126	126	126	0	126	0	126	0	0	0	0	0	0	0	0	
	2025064	5002	64	2025001	 防具 - 紫裝	20	576	576	0	0	128	128	128	128	128	0	128	0	128	0	0	0	0	0	0	0	0	
	2025065	5002	65	2025001	 防具 - 紫裝	20	585	585	0	0	130	130	130	130	130	0	130	0	130	0	0	0	0	0	0	0	0	
	2025066	5002	66	2025001	 防具 - 紫裝	20	594	594	0	0	132	132	132	132	132	0	132	0	132	0	0	0	0	0	0	0	0	
	2025067	5002	67	2025001	 防具 - 紫裝	20	603	603	0	0	134	134	134	134	134	0	134	0	134	0	0	0	0	0	0	0	0	
	2025068	5002	68	2025001	 防具 - 紫裝	20	612	612	0	0	136	136	136	136	136	0	136	0	136	0	0	0	0	0	0	0	0	
	2025069	5002	69	2025001	 防具 - 紫裝	20	621	621	0	0	138	138	138	138	138	0	138	0	138	0	0	0	0	0	0	0	0	
	2025070	5002	70	2025001	 防具 - 紫裝	20	630	630	0	0	140	140	140	140	140	0	140	0	140	0	0	0	0	0	0	0	0	
	2025071	5002	71	2025001	 防具 - 紫裝	20	639	639	0	0	142	142	142	142	142	0	142	0	142	0	0	0	0	0	0	0	0	
	2025072	5002	72	2025001	 防具 - 紫裝	20	648	648	0	0	144	144	144	144	144	0	144	0	144	0	0	0	0	0	0	0	0	
	2025073	5002	73	2025001	 防具 - 紫裝	20	657	657	0	0	146	146	146	146	146	0	146	0	146	0	0	0	0	0	0	0	0	
	2025074	5002	74	2025001	 防具 - 紫裝	20	666	666	0	0	148	148	148	148	148	0	148	0	148	0	0	0	0	0	0	0	0	
	2025075	5002	75	2025001	 防具 - 紫裝	20	675	675	0	0	150	150	150	150	150	0	150	0	150	0	0	0	0	0	0	0	0	
	2025076	5002	76	2025001	 防具 - 紫裝	20	684	684	0	0	152	152	152	152	152	0	152	0	152	0	0	0	0	0	0	0	0	
	2025077	5002	77	2025001	 防具 - 紫裝	20	693	693	0	0	154	154	154	154	154	0	154	0	154	0	0	0	0	0	0	0	0	
	2025078	5002	78	2025001	 防具 - 紫裝	20	702	702	0	0	156	156	156	156	156	0	156	0	156	0	0	0	0	0	0	0	0	
	2025079	5002	79	2025001	 防具 - 紫裝	20	711	711	0	0	158	158	158	158	158	0	158	0	158	0	0	0	0	0	0	0	0	
	2025080	5002	80	2025001	 防具 - 紫裝	20	720	720	0	0	160	160	160	160	160	0	160	0	160	0	0	0	0	0	0	0	0	
	2025081	5002	81	2025001	 防具 - 紫裝	20	729	729	0	0	162	162	162	162	162	0	162	0	162	0	0	0	0	0	0	0	0	
	2025082	5002	82	2025001	 防具 - 紫裝	20	738	738	0	0	164	164	164	164	164	0	164	0	164	0	0	0	0	0	0	0	0	
	2025083	5002	83	2025001	 防具 - 紫裝	20	747	747	0	0	166	166	166	166	166	0	166	0	166	0	0	0	0	0	0	0	0	
	2025084	5002	84	2025001	 防具 - 紫裝	20	756	756	0	0	168	168	168	168	168	0	168	0	168	0	0	0	0	0	0	0	0	
	2025085	5002	85	2025001	 防具 - 紫裝	20	765	765	0	0	170	170	170	170	170	0	170	0	170	0	0	0	0	0	0	0	0	
	2025086	5002	86	2025001	 防具 - 紫裝	20	774	774	0	0	172	172	172	172	172	0	172	0	172	0	0	0	0	0	0	0	0	
	2025087	5002	87	2025001	 防具 - 紫裝	20	783	783	0	0	174	174	174	174	174	0	174	0	174	0	0	0	0	0	0	0	0	
	2025088	5002	88	2025001	 防具 - 紫裝	20	792	792	0	0	176	176	176	176	176	0	176	0	176	0	0	0	0	0	0	0	0	
	2025089	5002	89	2025001	 防具 - 紫裝	20	801	801	0	0	178	178	178	178	178	0	178	0	178	0	0	0	0	0	0	0	0	
	2025090	5002	90	2025001	 防具 - 紫裝	20	810	810	0	0	180	180	180	180	180	0	180	0	180	0	0	0	0	0	0	0	0	
	2025091	5002	91	2025001	 防具 - 紫裝	20	819	819	0	0	182	182	182	182	182	0	182	0	182	0	0	0	0	0	0	0	0	
	2025092	5002	92	2025001	 防具 - 紫裝	20	828	828	0	0	184	184	184	184	184	0	184	0	184	0	0	0	0	0	0	0	0	
	2025093	5002	93	2025001	 防具 - 紫裝	20	837	837	0	0	186	186	186	186	186	0	186	0	186	0	0	0	0	0	0	0	0	
	2025094	5002	94	2025001	 防具 - 紫裝	20	846	846	0	0	188	188	188	188	188	0	188	0	188	0	0	0	0	0	0	0	0	
	2025095	5002	95	2025001	 防具 - 紫裝	20	855	855	0	0	190	190	190	190	190	0	190	0	190	0	0	0	0	0	0	0	0	
	2025096	5002	96	2025001	 防具 - 紫裝	20	864	864	0	0	192	192	192	192	192	0	192	0	192	0	0	0	0	0	0	0	0	
	2025097	5002	97	2025001	 防具 - 紫裝	20	873	873	0	0	194	194	194	194	194	0	194	0	194	0	0	0	0	0	0	0	0	
	2025098	5002	98	2025001	 防具 - 紫裝	20	882	882	0	0	196	196	196	196	196	0	196	0	196	0	0	0	0	0	0	0	0	
	2025099	5002	99	2025001	 防具 - 紫裝	20	891	891	0	0	198	198	198	198	198	0	198	0	198	0	0	0	0	0	0	0	0	
	2025100	5002	100	2025001	 防具 - 紫裝	20	900	900	0	0	200	200	200	200	200	0	200	0	200	0	0	0	0	0	0	0	0	
	2025101	5002	101	2025001	 防具 - 紫裝	20	909	909	0	0	202	202	202	202	202	0	202	0	202	0	0	0	0	0	0	0	0	
	2025102	5002	102	2025001	 防具 - 紫裝	20	918	918	0	0	204	204	204	204	204	0	204	0	204	0	0	0	0	0	0	0	0	
	2025103	5002	103	2025001	 防具 - 紫裝	20	927	927	0	0	206	206	206	206	206	0	206	0	206	0	0	0	0	0	0	0	0	
	2025104	5002	104	2025001	 防具 - 紫裝	20	936	936	0	0	208	208	208	208	208	0	208	0	208	0	0	0	0	0	0	0	0	
	2025105	5002	105	2025001	 防具 - 紫裝	20	945	945	0	0	210	210	210	210	210	0	210	0	210	0	0	0	0	0	0	0	0	
	2025106	5002	106	2025001	 防具 - 紫裝	20	954	954	0	0	212	212	212	212	212	0	212	0	212	0	0	0	0	0	0	0	0	
	2025107	5002	107	2025001	 防具 - 紫裝	20	963	963	0	0	214	214	214	214	214	0	214	0	214	0	0	0	0	0	0	0	0	
	2025108	5002	108	2025001	 防具 - 紫裝	20	972	972	0	0	216	216	216	216	216	0	216	0	216	0	0	0	0	0	0	0	0	
# 飾品強化屬性數值表																												
# 飾品 - 灰裝																												
	2031001	5002	1	2031001	 飾品 - 灰裝	20	5	5	0	0	1	1	1	1	1	0	1	0	0	2	2	2	2	1	1	1	1	
	2031002	5002	2	2031001	 飾品 - 灰裝	20	10	10	0	0	2	2	2	2	2	0	2	0	0	4	4	4	4	2	2	2	2	
	2031003	5002	3	2031001	 飾品 - 灰裝	20	15	15	0	0	3	3	3	3	3	0	3	0	0	6	6	6	6	3	3	3	3	
	2031004	5002	4	2031001	 飾品 - 灰裝	20	20	20	0	0	4	4	4	4	4	0	4	0	0	8	8	8	8	4	4	4	4	
	2031005	5002	5	2031001	 飾品 - 灰裝	20	25	25	0	0	5	5	5	5	5	0	5	0	0	10	10	10	10	5	5	5	5	
	2031006	5002	6	2031001	 飾品 - 灰裝	20	30	30	0	0	6	6	6	6	6	0	6	0	0	12	12	12	12	6	6	6	6	
	2031007	5002	7	2031001	 飾品 - 灰裝	20	35	35	0	0	7	7	7	7	7	0	7	0	0	14	14	14	14	7	7	7	7	
	2031008	5002	8	2031001	 飾品 - 灰裝	20	40	40	0	0	8	8	8	8	8	0	8	0	0	16	16	16	16	8	8	8	8	
	2031009	5002	9	2031001	 飾品 - 灰裝	20	45	45	0	0	9	9	9	9	9	0	9	0	0	18	18	18	18	9	9	9	9	
	2031010	5002	10	2031001	 飾品 - 灰裝	20	50	50	0	0	10	10	10	10	10	0	10	0	0	20	20	20	20	10	10	10	10	
	2031011	5002	11	2031001	 飾品 - 灰裝	20	55	55	0	0	11	11	11	11	11	0	11	0	0	22	22	22	22	11	11	11	11	
	2031012	5002	12	2031001	 飾品 - 灰裝	20	60	60	0	0	12	12	12	12	12	0	12	0	0	24	24	24	24	12	12	12	12	
	2031013	5002	13	2031001	 飾品 - 灰裝	20	65	65	0	0	13	13	13	13	13	0	13	0	0	26	26	26	26	13	13	13	13	
	2031014	5002	14	2031001	 飾品 - 灰裝	20	70	70	0	0	14	14	14	14	14	0	14	0	0	28	28	28	28	14	14	14	14	
	2031015	5002	15	2031001	 飾品 - 灰裝	20	75	75	0	0	15	15	15	15	15	0	15	0	0	30	30	30	30	15	15	15	15	
	2031016	5002	16	2031001	 飾品 - 灰裝	20	80	80	0	0	16	16	16	16	16	0	16	0	0	32	32	32	32	16	16	16	16	
	2031017	5002	17	2031001	 飾品 - 灰裝	20	85	85	0	0	17	17	17	17	17	0	17	0	0	34	34	34	34	17	17	17	17	
	2031018	5002	18	2031001	 飾品 - 灰裝	20	90	90	0	0	18	18	18	18	18	0	18	0	0	36	36	36	36	18	18	18	18	
	2031019	5002	19	2031001	 飾品 - 灰裝	20	95	95	0	0	19	19	19	19	19	0	19	0	0	38	38	38	38	19	19	19	19	
	2031020	5002	20	2031001	 飾品 - 灰裝	20	100	100	0	0	20	20	20	20	20	0	20	0	0	40	40	40	40	20	20	20	20	
	2031021	5002	21	2031001	 飾品 - 灰裝	20	105	105	0	0	21	21	21	21	21	0	21	0	0	42	42	42	42	21	21	21	21	
	2031022	5002	22	2031001	 飾品 - 灰裝	20	110	110	0	0	22	22	22	22	22	0	22	0	0	44	44	44	44	22	22	22	22	
	2031023	5002	23	2031001	 飾品 - 灰裝	20	115	115	0	0	23	23	23	23	23	0	23	0	0	46	46	46	46	23	23	23	23	
	2031024	5002	24	2031001	 飾品 - 灰裝	20	120	120	0	0	24	24	24	24	24	0	24	0	0	48	48	48	48	24	24	24	24	
	2031025	5002	25	2031001	 飾品 - 灰裝	20	125	125	0	0	25	25	25	25	25	0	25	0	0	50	50	50	50	25	25	25	25	
	2031026	5002	26	2031001	 飾品 - 灰裝	20	130	130	0	0	26	26	26	26	26	0	26	0	0	52	52	52	52	26	26	26	26	
	2031027	5002	27	2031001	 飾品 - 灰裝	20	135	135	0	0	27	27	27	27	27	0	27	0	0	54	54	54	54	27	27	27	27	
	2031028	5002	28	2031001	 飾品 - 灰裝	20	140	140	0	0	28	28	28	28	28	0	28	0	0	56	56	56	56	28	28	28	28	
	2031029	5002	29	2031001	 飾品 - 灰裝	20	145	145	0	0	29	29	29	29	29	0	29	0	0	58	58	58	58	29	29	29	29	
	2031030	5002	30	2031001	 飾品 - 灰裝	20	150	150	0	0	30	30	30	30	30	0	30	0	0	60	60	60	60	30	30	30	30	
	2031031	5002	31	2031001	 飾品 - 灰裝	20	155	155	0	0	31	31	31	31	31	0	31	0	0	62	62	62	62	31	31	31	31	
	2031032	5002	32	2031001	 飾品 - 灰裝	20	160	160	0	0	32	32	32	32	32	0	32	0	0	64	64	64	64	32	32	32	32	
	2031033	5002	33	2031001	 飾品 - 灰裝	20	165	165	0	0	33	33	33	33	33	0	33	0	0	66	66	66	66	33	33	33	33	
	2031034	5002	34	2031001	 飾品 - 灰裝	20	170	170	0	0	34	34	34	34	34	0	34	0	0	68	68	68	68	34	34	34	34	
	2031035	5002	35	2031001	 飾品 - 灰裝	20	175	175	0	0	35	35	35	35	35	0	35	0	0	70	70	70	70	35	35	35	35	
	2031036	5002	36	2031001	 飾品 - 灰裝	20	180	180	0	0	36	36	36	36	36	0	36	0	0	72	72	72	72	36	36	36	36	
	2031037	5002	37	2031001	 飾品 - 灰裝	20	185	185	0	0	37	37	37	37	37	0	37	0	0	74	74	74	74	37	37	37	37	
	2031038	5002	38	2031001	 飾品 - 灰裝	20	190	190	0	0	38	38	38	38	38	0	38	0	0	76	76	76	76	38	38	38	38	
	2031039	5002	39	2031001	 飾品 - 灰裝	20	195	195	0	0	39	39	39	39	39	0	39	0	0	78	78	78	78	39	39	39	39	
	2031040	5002	40	2031001	 飾品 - 灰裝	20	200	200	0	0	40	40	40	40	40	0	40	0	0	80	80	80	80	40	40	40	40	
	2031041	5002	41	2031001	 飾品 - 灰裝	20	205	205	0	0	41	41	41	41	41	0	41	0	0	82	82	82	82	41	41	41	41	
	2031042	5002	42	2031001	 飾品 - 灰裝	20	210	210	0	0	42	42	42	42	42	0	42	0	0	84	84	84	84	42	42	42	42	
	2031043	5002	43	2031001	 飾品 - 灰裝	20	215	215	0	0	43	43	43	43	43	0	43	0	0	86	86	86	86	43	43	43	43	
	2031044	5002	44	2031001	 飾品 - 灰裝	20	220	220	0	0	44	44	44	44	44	0	44	0	0	88	88	88	88	44	44	44	44	
	2031045	5002	45	2031001	 飾品 - 灰裝	20	225	225	0	0	45	45	45	45	45	0	45	0	0	90	90	90	90	45	45	45	45	
	2031046	5002	46	2031001	 飾品 - 灰裝	20	230	230	0	0	46	46	46	46	46	0	46	0	0	92	92	92	92	46	46	46	46	
	2031047	5002	47	2031001	 飾品 - 灰裝	20	235	235	0	0	47	47	47	47	47	0	47	0	0	94	94	94	94	47	47	47	47	
	2031048	5002	48	2031001	 飾品 - 灰裝	20	240	240	0	0	48	48	48	48	48	0	48	0	0	96	96	96	96	48	48	48	48	
	2031049	5002	49	2031001	 飾品 - 灰裝	20	245	245	0	0	49	49	49	49	49	0	49	0	0	98	98	98	98	49	49	49	49	
	2031050	5002	50	2031001	 飾品 - 灰裝	20	250	250	0	0	50	50	50	50	50	0	50	0	0	100	100	100	100	50	50	50	50	
	2031051	5002	51	2031001	 飾品 - 灰裝	20	255	255	0	0	51	51	51	51	51	0	51	0	0	102	102	102	102	51	51	51	51	
	2031052	5002	52	2031001	 飾品 - 灰裝	20	260	260	0	0	52	52	52	52	52	0	52	0	0	104	104	104	104	52	52	52	52	
	2031053	5002	53	2031001	 飾品 - 灰裝	20	265	265	0	0	53	53	53	53	53	0	53	0	0	106	106	106	106	53	53	53	53	
	2031054	5002	54	2031001	 飾品 - 灰裝	20	270	270	0	0	54	54	54	54	54	0	54	0	0	108	108	108	108	54	54	54	54	
	2031055	5002	55	2031001	 飾品 - 灰裝	20	275	275	0	0	55	55	55	55	55	0	55	0	0	110	110	110	110	55	55	55	55	
	2031056	5002	56	2031001	 飾品 - 灰裝	20	280	280	0	0	56	56	56	56	56	0	56	0	0	112	112	112	112	56	56	56	56	
	2031057	5002	57	2031001	 飾品 - 灰裝	20	285	285	0	0	57	57	57	57	57	0	57	0	0	114	114	114	114	57	57	57	57	
	2031058	5002	58	2031001	 飾品 - 灰裝	20	290	290	0	0	58	58	58	58	58	0	58	0	0	116	116	116	116	58	58	58	58	
	2031059	5002	59	2031001	 飾品 - 灰裝	20	295	295	0	0	59	59	59	59	59	0	59	0	0	118	118	118	118	59	59	59	59	
	2031060	5002	60	2031001	 飾品 - 灰裝	20	300	300	0	0	60	60	60	60	60	0	60	0	0	120	120	120	120	60	60	60	60	
	2031061	5002	61	2031001	 飾品 - 灰裝	20	305	305	0	0	61	61	61	61	61	0	61	0	0	122	122	122	122	61	61	61	61	
	2031062	5002	62	2031001	 飾品 - 灰裝	20	310	310	0	0	62	62	62	62	62	0	62	0	0	124	124	124	124	62	62	62	62	
	2031063	5002	63	2031001	 飾品 - 灰裝	20	315	315	0	0	63	63	63	63	63	0	63	0	0	126	126	126	126	63	63	63	63	
	2031064	5002	64	2031001	 飾品 - 灰裝	20	320	320	0	0	64	64	64	64	64	0	64	0	0	128	128	128	128	64	64	64	64	
	2031065	5002	65	2031001	 飾品 - 灰裝	20	325	325	0	0	65	65	65	65	65	0	65	0	0	130	130	130	130	65	65	65	65	
	2031066	5002	66	2031001	 飾品 - 灰裝	20	330	330	0	0	66	66	66	66	66	0	66	0	0	132	132	132	132	66	66	66	66	
	2031067	5002	67	2031001	 飾品 - 灰裝	20	335	335	0	0	67	67	67	67	67	0	67	0	0	134	134	134	134	67	67	67	67	
	2031068	5002	68	2031001	 飾品 - 灰裝	20	340	340	0	0	68	68	68	68	68	0	68	0	0	136	136	136	136	68	68	68	68	
	2031069	5002	69	2031001	 飾品 - 灰裝	20	345	345	0	0	69	69	69	69	69	0	69	0	0	138	138	138	138	69	69	69	69	
	2031070	5002	70	2031001	 飾品 - 灰裝	20	350	350	0	0	70	70	70	70	70	0	70	0	0	140	140	140	140	70	70	70	70	
	2031071	5002	71	2031001	 飾品 - 灰裝	20	355	355	0	0	71	71	71	71	71	0	71	0	0	142	142	142	142	71	71	71	71	
	2031072	5002	72	2031001	 飾品 - 灰裝	20	360	360	0	0	72	72	72	72	72	0	72	0	0	144	144	144	144	72	72	72	72	
	2031073	5002	73	2031001	 飾品 - 灰裝	20	365	365	0	0	73	73	73	73	73	0	73	0	0	146	146	146	146	73	73	73	73	
	2031074	5002	74	2031001	 飾品 - 灰裝	20	370	370	0	0	74	74	74	74	74	0	74	0	0	148	148	148	148	74	74	74	74	
	2031075	5002	75	2031001	 飾品 - 灰裝	20	375	375	0	0	75	75	75	75	75	0	75	0	0	150	150	150	150	75	75	75	75	
	2031076	5002	76	2031001	 飾品 - 灰裝	20	380	380	0	0	76	76	76	76	76	0	76	0	0	152	152	152	152	76	76	76	76	
	2031077	5002	77	2031001	 飾品 - 灰裝	20	385	385	0	0	77	77	77	77	77	0	77	0	0	154	154	154	154	77	77	77	77	
	2031078	5002	78	2031001	 飾品 - 灰裝	20	390	390	0	0	78	78	78	78	78	0	78	0	0	156	156	156	156	78	78	78	78	
	2031079	5002	79	2031001	 飾品 - 灰裝	20	395	395	0	0	79	79	79	79	79	0	79	0	0	158	158	158	158	79	79	79	79	
	2031080	5002	80	2031001	 飾品 - 灰裝	20	400	400	0	0	80	80	80	80	80	0	80	0	0	160	160	160	160	80	80	80	80	
	2031081	5002	81	2031001	 飾品 - 灰裝	20	405	405	0	0	81	81	81	81	81	0	81	0	0	162	162	162	162	81	81	81	81	
	2031082	5002	82	2031001	 飾品 - 灰裝	20	410	410	0	0	82	82	82	82	82	0	82	0	0	164	164	164	164	82	82	82	82	
	2031083	5002	83	2031001	 飾品 - 灰裝	20	415	415	0	0	83	83	83	83	83	0	83	0	0	166	166	166	166	83	83	83	83	
	2031084	5002	84	2031001	 飾品 - 灰裝	20	420	420	0	0	84	84	84	84	84	0	84	0	0	168	168	168	168	84	84	84	84	
	2031085	5002	85	2031001	 飾品 - 灰裝	20	425	425	0	0	85	85	85	85	85	0	85	0	0	170	170	170	170	85	85	85	85	
	2031086	5002	86	2031001	 飾品 - 灰裝	20	430	430	0	0	86	86	86	86	86	0	86	0	0	172	172	172	172	86	86	86	86	
	2031087	5002	87	2031001	 飾品 - 灰裝	20	435	435	0	0	87	87	87	87	87	0	87	0	0	174	174	174	174	87	87	87	87	
	2031088	5002	88	2031001	 飾品 - 灰裝	20	440	440	0	0	88	88	88	88	88	0	88	0	0	176	176	176	176	88	88	88	88	
	2031089	5002	89	2031001	 飾品 - 灰裝	20	445	445	0	0	89	89	89	89	89	0	89	0	0	178	178	178	178	89	89	89	89	
	2031090	5002	90	2031001	 飾品 - 灰裝	20	450	450	0	0	90	90	90	90	90	0	90	0	0	180	180	180	180	90	90	90	90	
	2031091	5002	91	2031001	 飾品 - 灰裝	20	455	455	0	0	91	91	91	91	91	0	91	0	0	182	182	182	182	91	91	91	91	
	2031092	5002	92	2031001	 飾品 - 灰裝	20	460	460	0	0	92	92	92	92	92	0	92	0	0	184	184	184	184	92	92	92	92	
	2031093	5002	93	2031001	 飾品 - 灰裝	20	465	465	0	0	93	93	93	93	93	0	93	0	0	186	186	186	186	93	93	93	93	
	2031094	5002	94	2031001	 飾品 - 灰裝	20	470	470	0	0	94	94	94	94	94	0	94	0	0	188	188	188	188	94	94	94	94	
	2031095	5002	95	2031001	 飾品 - 灰裝	20	475	475	0	0	95	95	95	95	95	0	95	0	0	190	190	190	190	95	95	95	95	
	2031096	5002	96	2031001	 飾品 - 灰裝	20	480	480	0	0	96	96	96	96	96	0	96	0	0	192	192	192	192	96	96	96	96	
	2031097	5002	97	2031001	 飾品 - 灰裝	20	485	485	0	0	97	97	97	97	97	0	97	0	0	194	194	194	194	97	97	97	97	
	2031098	5002	98	2031001	 飾品 - 灰裝	20	490	490	0	0	98	98	98	98	98	0	98	0	0	196	196	196	196	98	98	98	98	
	2031099	5002	99	2031001	 飾品 - 灰裝	20	495	495	0	0	99	99	99	99	99	0	99	0	0	198	198	198	198	99	99	99	99	
	2031100	5002	100	2031001	 飾品 - 灰裝	20	500	500	0	0	100	100	100	100	100	0	100	0	0	200	200	200	200	100	100	100	100	
	2031101	5002	101	2031001	 飾品 - 灰裝	20	505	505	0	0	101	101	101	101	101	0	101	0	0	202	202	202	202	101	101	101	101	
	2031102	5002	102	2031001	 飾品 - 灰裝	20	510	510	0	0	102	102	102	102	102	0	102	0	0	204	204	204	204	102	102	102	102	
	2031103	5002	103	2031001	 飾品 - 灰裝	20	515	515	0	0	103	103	103	103	103	0	103	0	0	206	206	206	206	103	103	103	103	
	2031104	5002	104	2031001	 飾品 - 灰裝	20	520	520	0	0	104	104	104	104	104	0	104	0	0	208	208	208	208	104	104	104	104	
	2031105	5002	105	2031001	 飾品 - 灰裝	20	525	525	0	0	105	105	105	105	105	0	105	0	0	210	210	210	210	105	105	105	105	
	2031106	5002	106	2031001	 飾品 - 灰裝	20	530	530	0	0	106	106	106	106	106	0	106	0	0	212	212	212	212	106	106	106	106	
	2031107	5002	107	2031001	 飾品 - 灰裝	20	535	535	0	0	107	107	107	107	107	0	107	0	0	214	214	214	214	107	107	107	107	
	2031108	5002	108	2031001	 飾品 - 灰裝	20	540	540	0	0	108	108	108	108	108	0	108	0	0	216	216	216	216	108	108	108	108	
# 飾品 - 白裝（非商店貨）																												
	2032001	5002	1	2032001	 飾品 - 白裝	20	6	6	0	0	1	1	1	1	1	0	1	0	0	1	1	1	1	0	0	0	0	
	2032002	5002	2	2032001	 飾品 - 白裝	20	12	12	0	0	2	2	2	2	2	0	2	0	0	2	2	2	2	0	0	0	0	
	2032003	5002	3	2032001	 飾品 - 白裝	20	18	18	0	0	3	3	3	3	3	0	3	0	0	3	3	3	3	0	0	0	0	
	2032004	5002	4	2032001	 飾品 - 白裝	20	24	24	0	0	4	4	4	4	4	0	4	0	0	4	4	4	4	0	0	0	0	
	2032005	5002	5	2032001	 飾品 - 白裝	20	30	30	0	0	5	5	5	5	5	0	5	0	0	5	5	5	5	0	0	0	0	
	2032006	5002	6	2032001	 飾品 - 白裝	20	36	36	0	0	6	6	6	6	6	0	6	0	0	6	6	6	6	0	0	0	0	
	2032007	5002	7	2032001	 飾品 - 白裝	20	42	42	0	0	7	7	7	7	7	0	7	0	0	7	7	7	7	0	0	0	0	
	2032008	5002	8	2032001	 飾品 - 白裝	20	48	48	0	0	8	8	8	8	8	0	8	0	0	8	8	8	8	0	0	0	0	
	2032009	5002	9	2032001	 飾品 - 白裝	20	54	54	0	0	9	9	9	9	9	0	9	0	0	9	9	9	9	0	0	0	0	
	2032010	5002	10	2032001	 飾品 - 白裝	20	60	60	0	0	10	10	10	10	10	0	10	0	0	10	10	10	10	0	0	0	0	
	2032011	5002	11	2032001	 飾品 - 白裝	20	66	66	0	0	11	11	11	11	11	0	11	0	0	11	11	11	11	0	0	0	0	
	2032012	5002	12	2032001	 飾品 - 白裝	20	72	72	0	0	12	12	12	12	12	0	12	0	0	12	12	12	12	0	0	0	0	
	2032013	5002	13	2032001	 飾品 - 白裝	20	78	78	0	0	13	13	13	13	13	0	13	0	0	13	13	13	13	0	0	0	0	
	2032014	5002	14	2032001	 飾品 - 白裝	20	84	84	0	0	14	14	14	14	14	0	14	0	0	14	14	14	14	0	0	0	0	
	2032015	5002	15	2032001	 飾品 - 白裝	20	90	90	0	0	15	15	15	15	15	0	15	0	0	15	15	15	15	0	0	0	0	
	2032016	5002	16	2032001	 飾品 - 白裝	20	96	96	0	0	16	16	16	16	16	0	16	0	0	16	16	16	16	0	0	0	0	
	2032017	5002	17	2032001	 飾品 - 白裝	20	102	102	0	0	17	17	17	17	17	0	17	0	0	17	17	17	17	0	0	0	0	
	2032018	5002	18	2032001	 飾品 - 白裝	20	108	108	0	0	18	18	18	18	18	0	18	0	0	18	18	18	18	0	0	0	0	
	2032019	5002	19	2032001	 飾品 - 白裝	20	114	114	0	0	19	19	19	19	19	0	19	0	0	19	19	19	19	0	0	0	0	
	2032020	5002	20	2032001	 飾品 - 白裝	20	120	120	0	0	20	20	20	20	20	0	20	0	0	20	20	20	20	0	0	0	0	
	2032021	5002	21	2032001	 飾品 - 白裝	20	126	126	0	0	21	21	21	21	21	0	21	0	0	21	21	21	21	0	0	0	0	
	2032022	5002	22	2032001	 飾品 - 白裝	20	132	132	0	0	22	22	22	22	22	0	22	0	0	22	22	22	22	0	0	0	0	
	2032023	5002	23	2032001	 飾品 - 白裝	20	138	138	0	0	23	23	23	23	23	0	23	0	0	23	23	23	23	0	0	0	0	
	2032024	5002	24	2032001	 飾品 - 白裝	20	144	144	0	0	24	24	24	24	24	0	24	0	0	24	24	24	24	0	0	0	0	
	2032025	5002	25	2032001	 飾品 - 白裝	20	150	150	0	0	25	25	25	25	25	0	25	0	0	25	25	25	25	0	0	0	0	
	2032026	5002	26	2032001	 飾品 - 白裝	20	156	156	0	0	26	26	26	26	26	0	26	0	0	26	26	26	26	0	0	0	0	
	2032027	5002	27	2032001	 飾品 - 白裝	20	162	162	0	0	27	27	27	27	27	0	27	0	0	27	27	27	27	0	0	0	0	
	2032028	5002	28	2032001	 飾品 - 白裝	20	168	168	0	0	28	28	28	28	28	0	28	0	0	28	28	28	28	0	0	0	0	
	2032029	5002	29	2032001	 飾品 - 白裝	20	174	174	0	0	29	29	29	29	29	0	29	0	0	29	29	29	29	0	0	0	0	
	2032030	5002	30	2032001	 飾品 - 白裝	20	180	180	0	0	30	30	30	30	30	0	30	0	0	30	30	30	30	0	0	0	0	
	2032031	5002	31	2032001	 飾品 - 白裝	20	186	186	0	0	31	31	31	31	31	0	31	0	0	31	31	31	31	0	0	0	0	
	2032032	5002	32	2032001	 飾品 - 白裝	20	192	192	0	0	32	32	32	32	32	0	32	0	0	32	32	32	32	0	0	0	0	
	2032033	5002	33	2032001	 飾品 - 白裝	20	198	198	0	0	33	33	33	33	33	0	33	0	0	33	33	33	33	0	0	0	0	
	2032034	5002	34	2032001	 飾品 - 白裝	20	204	204	0	0	34	34	34	34	34	0	34	0	0	34	34	34	34	0	0	0	0	
	2032035	5002	35	2032001	 飾品 - 白裝	20	210	210	0	0	35	35	35	35	35	0	35	0	0	35	35	35	35	0	0	0	0	
	2032036	5002	36	2032001	 飾品 - 白裝	20	216	216	0	0	36	36	36	36	36	0	36	0	0	36	36	36	36	0	0	0	0	
	2032037	5002	37	2032001	 飾品 - 白裝	20	222	222	0	0	37	37	37	37	37	0	37	0	0	37	37	37	37	0	0	0	0	
	2032038	5002	38	2032001	 飾品 - 白裝	20	228	228	0	0	38	38	38	38	38	0	38	0	0	38	38	38	38	0	0	0	0	
	2032039	5002	39	2032001	 飾品 - 白裝	20	234	234	0	0	39	39	39	39	39	0	39	0	0	39	39	39	39	0	0	0	0	
	2032040	5002	40	2032001	 飾品 - 白裝	20	240	240	0	0	40	40	40	40	40	0	40	0	0	40	40	40	40	0	0	0	0	
	2032041	5002	41	2032001	 飾品 - 白裝	20	246	246	0	0	41	41	41	41	41	0	41	0	0	41	41	41	41	0	0	0	0	
	2032042	5002	42	2032001	 飾品 - 白裝	20	252	252	0	0	42	42	42	42	42	0	42	0	0	42	42	42	42	0	0	0	0	
	2032043	5002	43	2032001	 飾品 - 白裝	20	258	258	0	0	43	43	43	43	43	0	43	0	0	43	43	43	43	0	0	0	0	
	2032044	5002	44	2032001	 飾品 - 白裝	20	264	264	0	0	44	44	44	44	44	0	44	0	0	44	44	44	44	0	0	0	0	
	2032045	5002	45	2032001	 飾品 - 白裝	20	270	270	0	0	45	45	45	45	45	0	45	0	0	45	45	45	45	0	0	0	0	
	2032046	5002	46	2032001	 飾品 - 白裝	20	276	276	0	0	46	46	46	46	46	0	46	0	0	46	46	46	46	0	0	0	0	
	2032047	5002	47	2032001	 飾品 - 白裝	20	282	282	0	0	47	47	47	47	47	0	47	0	0	47	47	47	47	0	0	0	0	
	2032048	5002	48	2032001	 飾品 - 白裝	20	288	288	0	0	48	48	48	48	48	0	48	0	0	48	48	48	48	0	0	0	0	
	2032049	5002	49	2032001	 飾品 - 白裝	20	294	294	0	0	49	49	49	49	49	0	49	0	0	49	49	49	49	0	0	0	0	
	2032050	5002	50	2032001	 飾品 - 白裝	20	300	300	0	0	50	50	50	50	50	0	50	0	0	50	50	50	50	0	0	0	0	
	2032051	5002	51	2032001	 飾品 - 白裝	20	306	306	0	0	51	51	51	51	51	0	51	0	0	51	51	51	51	0	0	0	0	
	2032052	5002	52	2032001	 飾品 - 白裝	20	312	312	0	0	52	52	52	52	52	0	52	0	0	52	52	52	52	0	0	0	0	
	2032053	5002	53	2032001	 飾品 - 白裝	20	318	318	0	0	53	53	53	53	53	0	53	0	0	53	53	53	53	0	0	0	0	
	2032054	5002	54	2032001	 飾品 - 白裝	20	324	324	0	0	54	54	54	54	54	0	54	0	0	54	54	54	54	0	0	0	0	
	2032055	5002	55	2032001	 飾品 - 白裝	20	330	330	0	0	55	55	55	55	55	0	55	0	0	55	55	55	55	0	0	0	0	
	2032056	5002	56	2032001	 飾品 - 白裝	20	336	336	0	0	56	56	56	56	56	0	56	0	0	56	56	56	56	0	0	0	0	
	2032057	5002	57	2032001	 飾品 - 白裝	20	342	342	0	0	57	57	57	57	57	0	57	0	0	57	57	57	57	0	0	0	0	
	2032058	5002	58	2032001	 飾品 - 白裝	20	348	348	0	0	58	58	58	58	58	0	58	0	0	58	58	58	58	0	0	0	0	
	2032059	5002	59	2032001	 飾品 - 白裝	20	354	354	0	0	59	59	59	59	59	0	59	0	0	59	59	59	59	0	0	0	0	
	2032060	5002	60	2032001	 飾品 - 白裝	20	360	360	0	0	60	60	60	60	60	0	60	0	0	60	60	60	60	0	0	0	0	
	2032061	5002	61	2032001	 飾品 - 白裝	20	366	366	0	0	61	61	61	61	61	0	61	0	0	61	61	61	61	0	0	0	0	
	2032062	5002	62	2032001	 飾品 - 白裝	20	372	372	0	0	62	62	62	62	62	0	62	0	0	62	62	62	62	0	0	0	0	
	2032063	5002	63	2032001	 飾品 - 白裝	20	378	378	0	0	63	63	63	63	63	0	63	0	0	63	63	63	63	0	0	0	0	
	2032064	5002	64	2032001	 飾品 - 白裝	20	384	384	0	0	64	64	64	64	64	0	64	0	0	64	64	64	64	0	0	0	0	
	2032065	5002	65	2032001	 飾品 - 白裝	20	390	390	0	0	65	65	65	65	65	0	65	0	0	65	65	65	65	0	0	0	0	
	2032066	5002	66	2032001	 飾品 - 白裝	20	396	396	0	0	66	66	66	66	66	0	66	0	0	66	66	66	66	0	0	0	0	
	2032067	5002	67	2032001	 飾品 - 白裝	20	402	402	0	0	67	67	67	67	67	0	67	0	0	67	67	67	67	0	0	0	0	
	2032068	5002	68	2032001	 飾品 - 白裝	20	408	408	0	0	68	68	68	68	68	0	68	0	0	68	68	68	68	0	0	0	0	
	2032069	5002	69	2032001	 飾品 - 白裝	20	414	414	0	0	69	69	69	69	69	0	69	0	0	69	69	69	69	0	0	0	0	
	2032070	5002	70	2032001	 飾品 - 白裝	20	420	420	0	0	70	70	70	70	70	0	70	0	0	70	70	70	70	0	0	0	0	
	2032071	5002	71	2032001	 飾品 - 白裝	20	426	426	0	0	71	71	71	71	71	0	71	0	0	71	71	71	71	0	0	0	0	
	2032072	5002	72	2032001	 飾品 - 白裝	20	432	432	0	0	72	72	72	72	72	0	72	0	0	72	72	72	72	0	0	0	0	
	2032073	5002	73	2032001	 飾品 - 白裝	20	438	438	0	0	73	73	73	73	73	0	73	0	0	73	73	73	73	0	0	0	0	
	2032074	5002	74	2032001	 飾品 - 白裝	20	444	444	0	0	74	74	74	74	74	0	74	0	0	74	74	74	74	0	0	0	0	
	2032075	5002	75	2032001	 飾品 - 白裝	20	450	450	0	0	75	75	75	75	75	0	75	0	0	75	75	75	75	0	0	0	0	
	2032076	5002	76	2032001	 飾品 - 白裝	20	456	456	0	0	76	76	76	76	76	0	76	0	0	76	76	76	76	0	0	0	0	
	2032077	5002	77	2032001	 飾品 - 白裝	20	462	462	0	0	77	77	77	77	77	0	77	0	0	77	77	77	77	0	0	0	0	
	2032078	5002	78	2032001	 飾品 - 白裝	20	468	468	0	0	78	78	78	78	78	0	78	0	0	78	78	78	78	0	0	0	0	
	2032079	5002	79	2032001	 飾品 - 白裝	20	474	474	0	0	79	79	79	79	79	0	79	0	0	79	79	79	79	0	0	0	0	
	2032080	5002	80	2032001	 飾品 - 白裝	20	480	480	0	0	80	80	80	80	80	0	80	0	0	80	80	80	80	0	0	0	0	
	2032081	5002	81	2032001	 飾品 - 白裝	20	486	486	0	0	81	81	81	81	81	0	81	0	0	81	81	81	81	0	0	0	0	
	2032082	5002	82	2032001	 飾品 - 白裝	20	492	492	0	0	82	82	82	82	82	0	82	0	0	82	82	82	82	0	0	0	0	
	2032083	5002	83	2032001	 飾品 - 白裝	20	498	498	0	0	83	83	83	83	83	0	83	0	0	83	83	83	83	0	0	0	0	
	2032084	5002	84	2032001	 飾品 - 白裝	20	504	504	0	0	84	84	84	84	84	0	84	0	0	84	84	84	84	0	0	0	0	
	2032085	5002	85	2032001	 飾品 - 白裝	20	510	510	0	0	85	85	85	85	85	0	85	0	0	85	85	85	85	0	0	0	0	
	2032086	5002	86	2032001	 飾品 - 白裝	20	516	516	0	0	86	86	86	86	86	0	86	0	0	86	86	86	86	0	0	0	0	
	2032087	5002	87	2032001	 飾品 - 白裝	20	522	522	0	0	87	87	87	87	87	0	87	0	0	87	87	87	87	0	0	0	0	
	2032088	5002	88	2032001	 飾品 - 白裝	20	528	528	0	0	88	88	88	88	88	0	88	0	0	88	88	88	88	0	0	0	0	
	2032089	5002	89	2032001	 飾品 - 白裝	20	534	534	0	0	89	89	89	89	89	0	89	0	0	89	89	89	89	0	0	0	0	
	2032090	5002	90	2032001	 飾品 - 白裝	20	540	540	0	0	90	90	90	90	90	0	90	0	0	90	90	90	90	0	0	0	0	
	2032091	5002	91	2032001	 飾品 - 白裝	20	546	546	0	0	91	91	91	91	91	0	91	0	0	91	91	91	91	0	0	0	0	
	2032092	5002	92	2032001	 飾品 - 白裝	20	552	552	0	0	92	92	92	92	92	0	92	0	0	92	92	92	92	0	0	0	0	
	2032093	5002	93	2032001	 飾品 - 白裝	20	558	558	0	0	93	93	93	93	93	0	93	0	0	93	93	93	93	0	0	0	0	
	2032094	5002	94	2032001	 飾品 - 白裝	20	564	564	0	0	94	94	94	94	94	0	94	0	0	94	94	94	94	0	0	0	0	
	2032095	5002	95	2032001	 飾品 - 白裝	20	570	570	0	0	95	95	95	95	95	0	95	0	0	95	95	95	95	0	0	0	0	
	2032096	5002	96	2032001	 飾品 - 白裝	20	576	576	0	0	96	96	96	96	96	0	96	0	0	96	96	96	96	0	0	0	0	
	2032097	5002	97	2032001	 飾品 - 白裝	20	582	582	0	0	97	97	97	97	97	0	97	0	0	97	97	97	97	0	0	0	0	
	2032098	5002	98	2032001	 飾品 - 白裝	20	588	588	0	0	98	98	98	98	98	0	98	0	0	98	98	98	98	0	0	0	0	
	2032099	5002	99	2032001	 飾品 - 白裝	20	594	594	0	0	99	99	99	99	99	0	99	0	0	99	99	99	99	0	0	0	0	
	2032100	5002	100	2032001	 飾品 - 白裝	20	600	600	0	0	100	100	100	100	100	0	100	0	0	100	100	100	100	0	0	0	0	
	2032101	5002	101	2032001	 飾品 - 白裝	20	606	606	0	0	101	101	101	101	101	0	101	0	0	101	101	101	101	0	0	0	0	
	2032102	5002	102	2032001	 飾品 - 白裝	20	612	612	0	0	102	102	102	102	102	0	102	0	0	102	102	102	102	0	0	0	0	
	2032103	5002	103	2032001	 飾品 - 白裝	20	618	618	0	0	103	103	103	103	103	0	103	0	0	103	103	103	103	0	0	0	0	
	2032104	5002	104	2032001	 飾品 - 白裝	20	624	624	0	0	104	104	104	104	104	0	104	0	0	104	104	104	104	0	0	0	0	
	2032105	5002	105	2032001	 飾品 - 白裝	20	630	630	0	0	105	105	105	105	105	0	105	0	0	105	105	105	105	0	0	0	0	
	2032106	5002	106	2032001	 飾品 - 白裝	20	636	636	0	0	106	106	106	106	106	0	106	0	0	106	106	106	106	0	0	0	0	
	2032107	5002	107	2032001	 飾品 - 白裝	20	642	642	0	0	107	107	107	107	107	0	107	0	0	107	107	107	107	0	0	0	0	
	2032108	5002	108	2032001	 飾品 - 白裝	20	648	648	0	0	108	108	108	108	108	0	108	0	0	108	108	108	108	0	0	0	0	
# 飾品 - 綠裝																												
	2033001	5002	1	2033001	 飾品 - 綠裝	20	7	7	0	0	1	1	1	1	1	0	1	0	0	2	2	2	2	1	1	1	1	
	2033002	5002	2	2033001	 飾品 - 綠裝	20	14	14	0	0	2	2	2	2	2	0	2	0	0	4	4	4	4	2	2	2	2	
	2033003	5002	3	2033001	 飾品 - 綠裝	20	21	21	0	0	3	3	3	3	3	0	3	0	0	6	6	6	6	3	3	3	3	
	2033004	5002	4	2033001	 飾品 - 綠裝	20	28	28	0	0	4	4	4	4	4	0	4	0	0	8	8	8	8	4	4	4	4	
	2033005	5002	5	2033001	 飾品 - 綠裝	20	35	35	0	0	5	5	5	5	5	0	5	0	0	10	10	10	10	5	5	5	5	
	2033006	5002	6	2033001	 飾品 - 綠裝	20	42	42	0	0	6	6	6	6	6	0	6	0	0	12	12	12	12	6	6	6	6	
	2033007	5002	7	2033001	 飾品 - 綠裝	20	49	49	0	0	7	7	7	7	7	0	7	0	0	14	14	14	14	7	7	7	7	
	2033008	5002	8	2033001	 飾品 - 綠裝	20	56	56	0	0	8	8	8	8	8	0	8	0	0	16	16	16	16	8	8	8	8	
	2033009	5002	9	2033001	 飾品 - 綠裝	20	63	63	0	0	9	9	9	9	9	0	9	0	0	18	18	18	18	9	9	9	9	
	2033010	5002	10	2033001	 飾品 - 綠裝	20	70	70	0	0	10	10	10	10	10	0	10	0	0	20	20	20	20	10	10	10	10	
	2033011	5002	11	2033001	 飾品 - 綠裝	20	77	77	0	0	11	11	11	11	11	0	11	0	0	22	22	22	22	11	11	11	11	
	2033012	5002	12	2033001	 飾品 - 綠裝	20	84	84	0	0	12	12	12	12	12	0	12	0	0	24	24	24	24	12	12	12	12	
	2033013	5002	13	2033001	 飾品 - 綠裝	20	91	91	0	0	13	13	13	13	13	0	13	0	0	26	26	26	26	13	13	13	13	
	2033014	5002	14	2033001	 飾品 - 綠裝	20	98	98	0	0	14	14	14	14	14	0	14	0	0	28	28	28	28	14	14	14	14	
	2033015	5002	15	2033001	 飾品 - 綠裝	20	105	105	0	0	15	15	15	15	15	0	15	0	0	30	30	30	30	15	15	15	15	
	2033016	5002	16	2033001	 飾品 - 綠裝	20	112	112	0	0	16	16	16	16	16	0	16	0	0	32	32	32	32	16	16	16	16	
	2033017	5002	17	2033001	 飾品 - 綠裝	20	119	119	0	0	17	17	17	17	17	0	17	0	0	34	34	34	34	17	17	17	17	
	2033018	5002	18	2033001	 飾品 - 綠裝	20	126	126	0	0	18	18	18	18	18	0	18	0	0	36	36	36	36	18	18	18	18	
	2033019	5002	19	2033001	 飾品 - 綠裝	20	133	133	0	0	19	19	19	19	19	0	19	0	0	38	38	38	38	19	19	19	19	
	2033020	5002	20	2033001	 飾品 - 綠裝	20	140	140	0	0	20	20	20	20	20	0	20	0	0	40	40	40	40	20	20	20	20	
	2033021	5002	21	2033001	 飾品 - 綠裝	20	147	147	0	0	21	21	21	21	21	0	21	0	0	42	42	42	42	21	21	21	21	
	2033022	5002	22	2033001	 飾品 - 綠裝	20	154	154	0	0	22	22	22	22	22	0	22	0	0	44	44	44	44	22	22	22	22	
	2033023	5002	23	2033001	 飾品 - 綠裝	20	161	161	0	0	23	23	23	23	23	0	23	0	0	46	46	46	46	23	23	23	23	
	2033024	5002	24	2033001	 飾品 - 綠裝	20	168	168	0	0	24	24	24	24	24	0	24	0	0	48	48	48	48	24	24	24	24	
	2033025	5002	25	2033001	 飾品 - 綠裝	20	175	175	0	0	25	25	25	25	25	0	25	0	0	50	50	50	50	25	25	25	25	
	2033026	5002	26	2033001	 飾品 - 綠裝	20	182	182	0	0	26	26	26	26	26	0	26	0	0	52	52	52	52	26	26	26	26	
	2033027	5002	27	2033001	 飾品 - 綠裝	20	189	189	0	0	27	27	27	27	27	0	27	0	0	54	54	54	54	27	27	27	27	
	2033028	5002	28	2033001	 飾品 - 綠裝	20	196	196	0	0	28	28	28	28	28	0	28	0	0	56	56	56	56	28	28	28	28	
	2033029	5002	29	2033001	 飾品 - 綠裝	20	203	203	0	0	29	29	29	29	29	0	29	0	0	58	58	58	58	29	29	29	29	
	2033030	5002	30	2033001	 飾品 - 綠裝	20	210	210	0	0	30	30	30	30	30	0	30	0	0	60	60	60	60	30	30	30	30	
	2033031	5002	31	2033001	 飾品 - 綠裝	20	217	217	0	0	31	31	31	31	31	0	31	0	0	62	62	62	62	31	31	31	31	
	2033032	5002	32	2033001	 飾品 - 綠裝	20	224	224	0	0	32	32	32	32	32	0	32	0	0	64	64	64	64	32	32	32	32	
	2033033	5002	33	2033001	 飾品 - 綠裝	20	231	231	0	0	33	33	33	33	33	0	33	0	0	66	66	66	66	33	33	33	33	
	2033034	5002	34	2033001	 飾品 - 綠裝	20	238	238	0	0	34	34	34	34	34	0	34	0	0	68	68	68	68	34	34	34	34	
	2033035	5002	35	2033001	 飾品 - 綠裝	20	245	245	0	0	35	35	35	35	35	0	35	0	0	70	70	70	70	35	35	35	35	
	2033036	5002	36	2033001	 飾品 - 綠裝	20	252	252	0	0	36	36	36	36	36	0	36	0	0	72	72	72	72	36	36	36	36	
	2033037	5002	37	2033001	 飾品 - 綠裝	20	259	259	0	0	37	37	37	37	37	0	37	0	0	74	74	74	74	37	37	37	37	
	2033038	5002	38	2033001	 飾品 - 綠裝	20	266	266	0	0	38	38	38	38	38	0	38	0	0	76	76	76	76	38	38	38	38	
	2033039	5002	39	2033001	 飾品 - 綠裝	20	273	273	0	0	39	39	39	39	39	0	39	0	0	78	78	78	78	39	39	39	39	
	2033040	5002	40	2033001	 飾品 - 綠裝	20	280	280	0	0	40	40	40	40	40	0	40	0	0	80	80	80	80	40	40	40	40	
	2033041	5002	41	2033001	 飾品 - 綠裝	20	287	287	0	0	41	41	41	41	41	0	41	0	0	82	82	82	82	41	41	41	41	
	2033042	5002	42	2033001	 飾品 - 綠裝	20	294	294	0	0	42	42	42	42	42	0	42	0	0	84	84	84	84	42	42	42	42	
	2033043	5002	43	2033001	 飾品 - 綠裝	20	301	301	0	0	43	43	43	43	43	0	43	0	0	86	86	86	86	43	43	43	43	
	2033044	5002	44	2033001	 飾品 - 綠裝	20	308	308	0	0	44	44	44	44	44	0	44	0	0	88	88	88	88	44	44	44	44	
	2033045	5002	45	2033001	 飾品 - 綠裝	20	315	315	0	0	45	45	45	45	45	0	45	0	0	90	90	90	90	45	45	45	45	
	2033046	5002	46	2033001	 飾品 - 綠裝	20	322	322	0	0	46	46	46	46	46	0	46	0	0	92	92	92	92	46	46	46	46	
	2033047	5002	47	2033001	 飾品 - 綠裝	20	329	329	0	0	47	47	47	47	47	0	47	0	0	94	94	94	94	47	47	47	47	
	2033048	5002	48	2033001	 飾品 - 綠裝	20	336	336	0	0	48	48	48	48	48	0	48	0	0	96	96	96	96	48	48	48	48	
	2033049	5002	49	2033001	 飾品 - 綠裝	20	343	343	0	0	49	49	49	49	49	0	49	0	0	98	98	98	98	49	49	49	49	
	2033050	5002	50	2033001	 飾品 - 綠裝	20	350	350	0	0	50	50	50	50	50	0	50	0	0	100	100	100	100	50	50	50	50	
	2033051	5002	51	2033001	 飾品 - 綠裝	20	357	357	0	0	51	51	51	51	51	0	51	0	0	102	102	102	102	51	51	51	51	
	2033052	5002	52	2033001	 飾品 - 綠裝	20	364	364	0	0	52	52	52	52	52	0	52	0	0	104	104	104	104	52	52	52	52	
	2033053	5002	53	2033001	 飾品 - 綠裝	20	371	371	0	0	53	53	53	53	53	0	53	0	0	106	106	106	106	53	53	53	53	
	2033054	5002	54	2033001	 飾品 - 綠裝	20	378	378	0	0	54	54	54	54	54	0	54	0	0	108	108	108	108	54	54	54	54	
	2033055	5002	55	2033001	 飾品 - 綠裝	20	385	385	0	0	55	55	55	55	55	0	55	0	0	110	110	110	110	55	55	55	55	
	2033056	5002	56	2033001	 飾品 - 綠裝	20	392	392	0	0	56	56	56	56	56	0	56	0	0	112	112	112	112	56	56	56	56	
	2033057	5002	57	2033001	 飾品 - 綠裝	20	399	399	0	0	57	57	57	57	57	0	57	0	0	114	114	114	114	57	57	57	57	
	2033058	5002	58	2033001	 飾品 - 綠裝	20	406	406	0	0	58	58	58	58	58	0	58	0	0	116	116	116	116	58	58	58	58	
	2033059	5002	59	2033001	 飾品 - 綠裝	20	413	413	0	0	59	59	59	59	59	0	59	0	0	118	118	118	118	59	59	59	59	
	2033060	5002	60	2033001	 飾品 - 綠裝	20	420	420	0	0	60	60	60	60	60	0	60	0	0	120	120	120	120	60	60	60	60	
	2033061	5002	61	2033001	 飾品 - 綠裝	20	427	427	0	0	61	61	61	61	61	0	61	0	0	122	122	122	122	61	61	61	61	
	2033062	5002	62	2033001	 飾品 - 綠裝	20	434	434	0	0	62	62	62	62	62	0	62	0	0	124	124	124	124	62	62	62	62	
	2033063	5002	63	2033001	 飾品 - 綠裝	20	441	441	0	0	63	63	63	63	63	0	63	0	0	126	126	126	126	63	63	63	63	
	2033064	5002	64	2033001	 飾品 - 綠裝	20	448	448	0	0	64	64	64	64	64	0	64	0	0	128	128	128	128	64	64	64	64	
	2033065	5002	65	2033001	 飾品 - 綠裝	20	455	455	0	0	65	65	65	65	65	0	65	0	0	130	130	130	130	65	65	65	65	
	2033066	5002	66	2033001	 飾品 - 綠裝	20	462	462	0	0	66	66	66	66	66	0	66	0	0	132	132	132	132	66	66	66	66	
	2033067	5002	67	2033001	 飾品 - 綠裝	20	469	469	0	0	67	67	67	67	67	0	67	0	0	134	134	134	134	67	67	67	67	
	2033068	5002	68	2033001	 飾品 - 綠裝	20	476	476	0	0	68	68	68	68	68	0	68	0	0	136	136	136	136	68	68	68	68	
	2033069	5002	69	2033001	 飾品 - 綠裝	20	483	483	0	0	69	69	69	69	69	0	69	0	0	138	138	138	138	69	69	69	69	
	2033070	5002	70	2033001	 飾品 - 綠裝	20	490	490	0	0	70	70	70	70	70	0	70	0	0	140	140	140	140	70	70	70	70	
	2033071	5002	71	2033001	 飾品 - 綠裝	20	497	497	0	0	71	71	71	71	71	0	71	0	0	142	142	142	142	71	71	71	71	
	2033072	5002	72	2033001	 飾品 - 綠裝	20	504	504	0	0	72	72	72	72	72	0	72	0	0	144	144	144	144	72	72	72	72	
	2033073	5002	73	2033001	 飾品 - 綠裝	20	511	511	0	0	73	73	73	73	73	0	73	0	0	146	146	146	146	73	73	73	73	
	2033074	5002	74	2033001	 飾品 - 綠裝	20	518	518	0	0	74	74	74	74	74	0	74	0	0	148	148	148	148	74	74	74	74	
	2033075	5002	75	2033001	 飾品 - 綠裝	20	525	525	0	0	75	75	75	75	75	0	75	0	0	150	150	150	150	75	75	75	75	
	2033076	5002	76	2033001	 飾品 - 綠裝	20	532	532	0	0	76	76	76	76	76	0	76	0	0	152	152	152	152	76	76	76	76	
	2033077	5002	77	2033001	 飾品 - 綠裝	20	539	539	0	0	77	77	77	77	77	0	77	0	0	154	154	154	154	77	77	77	77	
	2033078	5002	78	2033001	 飾品 - 綠裝	20	546	546	0	0	78	78	78	78	78	0	78	0	0	156	156	156	156	78	78	78	78	
	2033079	5002	79	2033001	 飾品 - 綠裝	20	553	553	0	0	79	79	79	79	79	0	79	0	0	158	158	158	158	79	79	79	79	
	2033080	5002	80	2033001	 飾品 - 綠裝	20	560	560	0	0	80	80	80	80	80	0	80	0	0	160	160	160	160	80	80	80	80	
	2033081	5002	81	2033001	 飾品 - 綠裝	20	567	567	0	0	81	81	81	81	81	0	81	0	0	162	162	162	162	81	81	81	81	
	2033082	5002	82	2033001	 飾品 - 綠裝	20	574	574	0	0	82	82	82	82	82	0	82	0	0	164	164	164	164	82	82	82	82	
	2033083	5002	83	2033001	 飾品 - 綠裝	20	581	581	0	0	83	83	83	83	83	0	83	0	0	166	166	166	166	83	83	83	83	
	2033084	5002	84	2033001	 飾品 - 綠裝	20	588	588	0	0	84	84	84	84	84	0	84	0	0	168	168	168	168	84	84	84	84	
	2033085	5002	85	2033001	 飾品 - 綠裝	20	595	595	0	0	85	85	85	85	85	0	85	0	0	170	170	170	170	85	85	85	85	
	2033086	5002	86	2033001	 飾品 - 綠裝	20	602	602	0	0	86	86	86	86	86	0	86	0	0	172	172	172	172	86	86	86	86	
	2033087	5002	87	2033001	 飾品 - 綠裝	20	609	609	0	0	87	87	87	87	87	0	87	0	0	174	174	174	174	87	87	87	87	
	2033088	5002	88	2033001	 飾品 - 綠裝	20	616	616	0	0	88	88	88	88	88	0	88	0	0	176	176	176	176	88	88	88	88	
	2033089	5002	89	2033001	 飾品 - 綠裝	20	623	623	0	0	89	89	89	89	89	0	89	0	0	178	178	178	178	89	89	89	89	
	2033090	5002	90	2033001	 飾品 - 綠裝	20	630	630	0	0	90	90	90	90	90	0	90	0	0	180	180	180	180	90	90	90	90	
	2033091	5002	91	2033001	 飾品 - 綠裝	20	637	637	0	0	91	91	91	91	91	0	91	0	0	182	182	182	182	91	91	91	91	
	2033092	5002	92	2033001	 飾品 - 綠裝	20	644	644	0	0	92	92	92	92	92	0	92	0	0	184	184	184	184	92	92	92	92	
	2033093	5002	93	2033001	 飾品 - 綠裝	20	651	651	0	0	93	93	93	93	93	0	93	0	0	186	186	186	186	93	93	93	93	
	2033094	5002	94	2033001	 飾品 - 綠裝	20	658	658	0	0	94	94	94	94	94	0	94	0	0	188	188	188	188	94	94	94	94	
	2033095	5002	95	2033001	 飾品 - 綠裝	20	665	665	0	0	95	95	95	95	95	0	95	0	0	190	190	190	190	95	95	95	95	
	2033096	5002	96	2033001	 飾品 - 綠裝	20	672	672	0	0	96	96	96	96	96	0	96	0	0	192	192	192	192	96	96	96	96	
	2033097	5002	97	2033001	 飾品 - 綠裝	20	679	679	0	0	97	97	97	97	97	0	97	0	0	194	194	194	194	97	97	97	97	
	2033098	5002	98	2033001	 飾品 - 綠裝	20	686	686	0	0	98	98	98	98	98	0	98	0	0	196	196	196	196	98	98	98	98	
	2033099	5002	99	2033001	 飾品 - 綠裝	20	693	693	0	0	99	99	99	99	99	0	99	0	0	198	198	198	198	99	99	99	99	
	2033100	5002	100	2033001	 飾品 - 綠裝	20	700	700	0	0	100	100	100	100	100	0	100	0	0	200	200	200	200	100	100	100	100	
	2033101	5002	101	2033001	 飾品 - 綠裝	20	707	707	0	0	101	101	101	101	101	0	101	0	0	202	202	202	202	101	101	101	101	
	2033102	5002	102	2033001	 飾品 - 綠裝	20	714	714	0	0	102	102	102	102	102	0	102	0	0	204	204	204	204	102	102	102	102	
	2033103	5002	103	2033001	 飾品 - 綠裝	20	721	721	0	0	103	103	103	103	103	0	103	0	0	206	206	206	206	103	103	103	103	
	2033104	5002	104	2033001	 飾品 - 綠裝	20	728	728	0	0	104	104	104	104	104	0	104	0	0	208	208	208	208	104	104	104	104	
	2033105	5002	105	2033001	 飾品 - 綠裝	20	735	735	0	0	105	105	105	105	105	0	105	0	0	210	210	210	210	105	105	105	105	
	2033106	5002	106	2033001	 飾品 - 綠裝	20	742	742	0	0	106	106	106	106	106	0	106	0	0	212	212	212	212	106	106	106	106	
	2033107	5002	107	2033001	 飾品 - 綠裝	20	749	749	0	0	107	107	107	107	107	0	107	0	0	214	214	214	214	107	107	107	107	
	2033108	5002	108	2033001	 飾品 - 綠裝	20	756	756	0	0	108	108	108	108	108	0	108	0	0	216	216	216	216	108	108	108	108	
# 飾品 - 藍裝																												
	2034001	5002	1	2034001	 飾品 - 藍裝	20	8	8	0	0	2	2	2	2	2	0	2	0	0	4	4	4	4	2	2	2	2	
	2034002	5002	2	2034001	 飾品 - 藍裝	20	16	16	0	0	4	4	4	4	4	0	4	0	0	8	8	8	8	4	4	4	4	
	2034003	5002	3	2034001	 飾品 - 藍裝	20	24	24	0	0	6	6	6	6	6	0	6	0	0	12	12	12	12	6	6	6	6	
	2034004	5002	4	2034001	 飾品 - 藍裝	20	32	32	0	0	8	8	8	8	8	0	8	0	0	16	16	16	16	8	8	8	8	
	2034005	5002	5	2034001	 飾品 - 藍裝	20	40	40	0	0	10	10	10	10	10	0	10	0	0	20	20	20	20	10	10	10	10	
	2034006	5002	6	2034001	 飾品 - 藍裝	20	48	48	0	0	12	12	12	12	12	0	12	0	0	24	24	24	24	12	12	12	12	
	2034007	5002	7	2034001	 飾品 - 藍裝	20	56	56	0	0	14	14	14	14	14	0	14	0	0	28	28	28	28	14	14	14	14	
	2034008	5002	8	2034001	 飾品 - 藍裝	20	64	64	0	0	16	16	16	16	16	0	16	0	0	32	32	32	32	16	16	16	16	
	2034009	5002	9	2034001	 飾品 - 藍裝	20	72	72	0	0	18	18	18	18	18	0	18	0	0	36	36	36	36	18	18	18	18	
	2034010	5002	10	2034001	 飾品 - 藍裝	20	80	80	0	0	20	20	20	20	20	0	20	0	0	40	40	40	40	20	20	20	20	
	2034011	5002	11	2034001	 飾品 - 藍裝	20	88	88	0	0	22	22	22	22	22	0	22	0	0	44	44	44	44	22	22	22	22	
	2034012	5002	12	2034001	 飾品 - 藍裝	20	96	96	0	0	24	24	24	24	24	0	24	0	0	48	48	48	48	24	24	24	24	
	2034013	5002	13	2034001	 飾品 - 藍裝	20	104	104	0	0	26	26	26	26	26	0	26	0	0	52	52	52	52	26	26	26	26	
	2034014	5002	14	2034001	 飾品 - 藍裝	20	112	112	0	0	28	28	28	28	28	0	28	0	0	56	56	56	56	28	28	28	28	
	2034015	5002	15	2034001	 飾品 - 藍裝	20	120	120	0	0	30	30	30	30	30	0	30	0	0	60	60	60	60	30	30	30	30	
	2034016	5002	16	2034001	 飾品 - 藍裝	20	128	128	0	0	32	32	32	32	32	0	32	0	0	64	64	64	64	32	32	32	32	
	2034017	5002	17	2034001	 飾品 - 藍裝	20	136	136	0	0	34	34	34	34	34	0	34	0	0	68	68	68	68	34	34	34	34	
	2034018	5002	18	2034001	 飾品 - 藍裝	20	144	144	0	0	36	36	36	36	36	0	36	0	0	72	72	72	72	36	36	36	36	
	2034019	5002	19	2034001	 飾品 - 藍裝	20	152	152	0	0	38	38	38	38	38	0	38	0	0	76	76	76	76	38	38	38	38	
	2034020	5002	20	2034001	 飾品 - 藍裝	20	160	160	0	0	40	40	40	40	40	0	40	0	0	80	80	80	80	40	40	40	40	
	2034021	5002	21	2034001	 飾品 - 藍裝	20	168	168	0	0	42	42	42	42	42	0	42	0	0	84	84	84	84	42	42	42	42	
	2034022	5002	22	2034001	 飾品 - 藍裝	20	176	176	0	0	44	44	44	44	44	0	44	0	0	88	88	88	88	44	44	44	44	
	2034023	5002	23	2034001	 飾品 - 藍裝	20	184	184	0	0	46	46	46	46	46	0	46	0	0	92	92	92	92	46	46	46	46	
	2034024	5002	24	2034001	 飾品 - 藍裝	20	192	192	0	0	48	48	48	48	48	0	48	0	0	96	96	96	96	48	48	48	48	
	2034025	5002	25	2034001	 飾品 - 藍裝	20	200	200	0	0	50	50	50	50	50	0	50	0	0	100	100	100	100	50	50	50	50	
	2034026	5002	26	2034001	 飾品 - 藍裝	20	208	208	0	0	52	52	52	52	52	0	52	0	0	104	104	104	104	52	52	52	52	
	2034027	5002	27	2034001	 飾品 - 藍裝	20	216	216	0	0	54	54	54	54	54	0	54	0	0	108	108	108	108	54	54	54	54	
	2034028	5002	28	2034001	 飾品 - 藍裝	20	224	224	0	0	56	56	56	56	56	0	56	0	0	112	112	112	112	56	56	56	56	
	2034029	5002	29	2034001	 飾品 - 藍裝	20	232	232	0	0	58	58	58	58	58	0	58	0	0	116	116	116	116	58	58	58	58	
	2034030	5002	30	2034001	 飾品 - 藍裝	20	240	240	0	0	60	60	60	60	60	0	60	0	0	120	120	120	120	60	60	60	60	
	2034031	5002	31	2034001	 飾品 - 藍裝	20	248	248	0	0	62	62	62	62	62	0	62	0	0	124	124	124	124	62	62	62	62	
	2034032	5002	32	2034001	 飾品 - 藍裝	20	256	256	0	0	64	64	64	64	64	0	64	0	0	128	128	128	128	64	64	64	64	
	2034033	5002	33	2034001	 飾品 - 藍裝	20	264	264	0	0	66	66	66	66	66	0	66	0	0	132	132	132	132	66	66	66	66	
	2034034	5002	34	2034001	 飾品 - 藍裝	20	272	272	0	0	68	68	68	68	68	0	68	0	0	136	136	136	136	68	68	68	68	
	2034035	5002	35	2034001	 飾品 - 藍裝	20	280	280	0	0	70	70	70	70	70	0	70	0	0	140	140	140	140	70	70	70	70	
	2034036	5002	36	2034001	 飾品 - 藍裝	20	288	288	0	0	72	72	72	72	72	0	72	0	0	144	144	144	144	72	72	72	72	
	2034037	5002	37	2034001	 飾品 - 藍裝	20	296	296	0	0	74	74	74	74	74	0	74	0	0	148	148	148	148	74	74	74	74	
	2034038	5002	38	2034001	 飾品 - 藍裝	20	304	304	0	0	76	76	76	76	76	0	76	0	0	152	152	152	152	76	76	76	76	
	2034039	5002	39	2034001	 飾品 - 藍裝	20	312	312	0	0	78	78	78	78	78	0	78	0	0	156	156	156	156	78	78	78	78	
	2034040	5002	40	2034001	 飾品 - 藍裝	20	320	320	0	0	80	80	80	80	80	0	80	0	0	160	160	160	160	80	80	80	80	
	2034041	5002	41	2034001	 飾品 - 藍裝	20	328	328	0	0	82	82	82	82	82	0	82	0	0	164	164	164	164	82	82	82	82	
	2034042	5002	42	2034001	 飾品 - 藍裝	20	336	336	0	0	84	84	84	84	84	0	84	0	0	168	168	168	168	84	84	84	84	
	2034043	5002	43	2034001	 飾品 - 藍裝	20	344	344	0	0	86	86	86	86	86	0	86	0	0	172	172	172	172	86	86	86	86	
	2034044	5002	44	2034001	 飾品 - 藍裝	20	352	352	0	0	88	88	88	88	88	0	88	0	0	176	176	176	176	88	88	88	88	
	2034045	5002	45	2034001	 飾品 - 藍裝	20	360	360	0	0	90	90	90	90	90	0	90	0	0	180	180	180	180	90	90	90	90	
	2034046	5002	46	2034001	 飾品 - 藍裝	20	368	368	0	0	92	92	92	92	92	0	92	0	0	184	184	184	184	92	92	92	92	
	2034047	5002	47	2034001	 飾品 - 藍裝	20	376	376	0	0	94	94	94	94	94	0	94	0	0	188	188	188	188	94	94	94	94	
	2034048	5002	48	2034001	 飾品 - 藍裝	20	384	384	0	0	96	96	96	96	96	0	96	0	0	192	192	192	192	96	96	96	96	
	2034049	5002	49	2034001	 飾品 - 藍裝	20	392	392	0	0	98	98	98	98	98	0	98	0	0	196	196	196	196	98	98	98	98	
	2034050	5002	50	2034001	 飾品 - 藍裝	20	400	400	0	0	100	100	100	100	100	0	100	0	0	200	200	200	200	100	100	100	100	
	2034051	5002	51	2034001	 飾品 - 藍裝	20	408	408	0	0	102	102	102	102	102	0	102	0	0	204	204	204	204	102	102	102	102	
	2034052	5002	52	2034001	 飾品 - 藍裝	20	416	416	0	0	104	104	104	104	104	0	104	0	0	208	208	208	208	104	104	104	104	
	2034053	5002	53	2034001	 飾品 - 藍裝	20	424	424	0	0	106	106	106	106	106	0	106	0	0	212	212	212	212	106	106	106	106	
	2034054	5002	54	2034001	 飾品 - 藍裝	20	432	432	0	0	108	108	108	108	108	0	108	0	0	216	216	216	216	108	108	108	108	
	2034055	5002	55	2034001	 飾品 - 藍裝	20	440	440	0	0	110	110	110	110	110	0	110	0	0	220	220	220	220	110	110	110	110	
	2034056	5002	56	2034001	 飾品 - 藍裝	20	448	448	0	0	112	112	112	112	112	0	112	0	0	224	224	224	224	112	112	112	112	
	2034057	5002	57	2034001	 飾品 - 藍裝	20	456	456	0	0	114	114	114	114	114	0	114	0	0	228	228	228	228	114	114	114	114	
	2034058	5002	58	2034001	 飾品 - 藍裝	20	464	464	0	0	116	116	116	116	116	0	116	0	0	232	232	232	232	116	116	116	116	
	2034059	5002	59	2034001	 飾品 - 藍裝	20	472	472	0	0	118	118	118	118	118	0	118	0	0	236	236	236	236	118	118	118	118	
	2034060	5002	60	2034001	 飾品 - 藍裝	20	480	480	0	0	120	120	120	120	120	0	120	0	0	240	240	240	240	120	120	120	120	
	2034061	5002	61	2034001	 飾品 - 藍裝	20	488	488	0	0	122	122	122	122	122	0	122	0	0	244	244	244	244	122	122	122	122	
	2034062	5002	62	2034001	 飾品 - 藍裝	20	496	496	0	0	124	124	124	124	124	0	124	0	0	248	248	248	248	124	124	124	124	
	2034063	5002	63	2034001	 飾品 - 藍裝	20	504	504	0	0	126	126	126	126	126	0	126	0	0	252	252	252	252	126	126	126	126	
	2034064	5002	64	2034001	 飾品 - 藍裝	20	512	512	0	0	128	128	128	128	128	0	128	0	0	256	256	256	256	128	128	128	128	
	2034065	5002	65	2034001	 飾品 - 藍裝	20	520	520	0	0	130	130	130	130	130	0	130	0	0	260	260	260	260	130	130	130	130	
	2034066	5002	66	2034001	 飾品 - 藍裝	20	528	528	0	0	132	132	132	132	132	0	132	0	0	264	264	264	264	132	132	132	132	
	2034067	5002	67	2034001	 飾品 - 藍裝	20	536	536	0	0	134	134	134	134	134	0	134	0	0	268	268	268	268	134	134	134	134	
	2034068	5002	68	2034001	 飾品 - 藍裝	20	544	544	0	0	136	136	136	136	136	0	136	0	0	272	272	272	272	136	136	136	136	
	2034069	5002	69	2034001	 飾品 - 藍裝	20	552	552	0	0	138	138	138	138	138	0	138	0	0	276	276	276	276	138	138	138	138	
	2034070	5002	70	2034001	 飾品 - 藍裝	20	560	560	0	0	140	140	140	140	140	0	140	0	0	280	280	280	280	140	140	140	140	
	2034071	5002	71	2034001	 飾品 - 藍裝	20	568	568	0	0	142	142	142	142	142	0	142	0	0	284	284	284	284	142	142	142	142	
	2034072	5002	72	2034001	 飾品 - 藍裝	20	576	576	0	0	144	144	144	144	144	0	144	0	0	288	288	288	288	144	144	144	144	
	2034073	5002	73	2034001	 飾品 - 藍裝	20	584	584	0	0	146	146	146	146	146	0	146	0	0	292	292	292	292	146	146	146	146	
	2034074	5002	74	2034001	 飾品 - 藍裝	20	592	592	0	0	148	148	148	148	148	0	148	0	0	296	296	296	296	148	148	148	148	
	2034075	5002	75	2034001	 飾品 - 藍裝	20	600	600	0	0	150	150	150	150	150	0	150	0	0	300	300	300	300	150	150	150	150	
	2034076	5002	76	2034001	 飾品 - 藍裝	20	608	608	0	0	152	152	152	152	152	0	152	0	0	304	304	304	304	152	152	152	152	
	2034077	5002	77	2034001	 飾品 - 藍裝	20	616	616	0	0	154	154	154	154	154	0	154	0	0	308	308	308	308	154	154	154	154	
	2034078	5002	78	2034001	 飾品 - 藍裝	20	624	624	0	0	156	156	156	156	156	0	156	0	0	312	312	312	312	156	156	156	156	
	2034079	5002	79	2034001	 飾品 - 藍裝	20	632	632	0	0	158	158	158	158	158	0	158	0	0	316	316	316	316	158	158	158	158	
	2034080	5002	80	2034001	 飾品 - 藍裝	20	640	640	0	0	160	160	160	160	160	0	160	0	0	320	320	320	320	160	160	160	160	
	2034081	5002	81	2034001	 飾品 - 藍裝	20	648	648	0	0	162	162	162	162	162	0	162	0	0	324	324	324	324	162	162	162	162	
	2034082	5002	82	2034001	 飾品 - 藍裝	20	656	656	0	0	164	164	164	164	164	0	164	0	0	328	328	328	328	164	164	164	164	
	2034083	5002	83	2034001	 飾品 - 藍裝	20	664	664	0	0	166	166	166	166	166	0	166	0	0	332	332	332	332	166	166	166	166	
	2034084	5002	84	2034001	 飾品 - 藍裝	20	672	672	0	0	168	168	168	168	168	0	168	0	0	336	336	336	336	168	168	168	168	
	2034085	5002	85	2034001	 飾品 - 藍裝	20	680	680	0	0	170	170	170	170	170	0	170	0	0	340	340	340	340	170	170	170	170	
	2034086	5002	86	2034001	 飾品 - 藍裝	20	688	688	0	0	172	172	172	172	172	0	172	0	0	344	344	344	344	172	172	172	172	
	2034087	5002	87	2034001	 飾品 - 藍裝	20	696	696	0	0	174	174	174	174	174	0	174	0	0	348	348	348	348	174	174	174	174	
	2034088	5002	88	2034001	 飾品 - 藍裝	20	704	704	0	0	176	176	176	176	176	0	176	0	0	352	352	352	352	176	176	176	176	
	2034089	5002	89	2034001	 飾品 - 藍裝	20	712	712	0	0	178	178	178	178	178	0	178	0	0	356	356	356	356	178	178	178	178	
	2034090	5002	90	2034001	 飾品 - 藍裝	20	720	720	0	0	180	180	180	180	180	0	180	0	0	360	360	360	360	180	180	180	180	
	2034091	5002	91	2034001	 飾品 - 藍裝	20	728	728	0	0	182	182	182	182	182	0	182	0	0	364	364	364	364	182	182	182	182	
	2034092	5002	92	2034001	 飾品 - 藍裝	20	736	736	0	0	184	184	184	184	184	0	184	0	0	368	368	368	368	184	184	184	184	
	2034093	5002	93	2034001	 飾品 - 藍裝	20	744	744	0	0	186	186	186	186	186	0	186	0	0	372	372	372	372	186	186	186	186	
	2034094	5002	94	2034001	 飾品 - 藍裝	20	752	752	0	0	188	188	188	188	188	0	188	0	0	376	376	376	376	188	188	188	188	
	2034095	5002	95	2034001	 飾品 - 藍裝	20	760	760	0	0	190	190	190	190	190	0	190	0	0	380	380	380	380	190	190	190	190	
	2034096	5002	96	2034001	 飾品 - 藍裝	20	768	768	0	0	192	192	192	192	192	0	192	0	0	384	384	384	384	192	192	192	192	
	2034097	5002	97	2034001	 飾品 - 藍裝	20	776	776	0	0	194	194	194	194	194	0	194	0	0	388	388	388	388	194	194	194	194	
	2034098	5002	98	2034001	 飾品 - 藍裝	20	784	784	0	0	196	196	196	196	196	0	196	0	0	392	392	392	392	196	196	196	196	
	2034099	5002	99	2034001	 飾品 - 藍裝	20	792	792	0	0	198	198	198	198	198	0	198	0	0	396	396	396	396	198	198	198	198	
	2034100	5002	100	2034001	 飾品 - 藍裝	20	800	800	0	0	200	200	200	200	200	0	200	0	0	400	400	400	400	200	200	200	200	
	2034101	5002	101	2034001	 飾品 - 藍裝	20	808	808	0	0	202	202	202	202	202	0	202	0	0	404	404	404	404	202	202	202	202	
	2034102	5002	102	2034001	 飾品 - 藍裝	20	816	816	0	0	204	204	204	204	204	0	204	0	0	408	408	408	408	204	204	204	204	
	2034103	5002	103	2034001	 飾品 - 藍裝	20	824	824	0	0	206	206	206	206	206	0	206	0	0	412	412	412	412	206	206	206	206	
	2034104	5002	104	2034001	 飾品 - 藍裝	20	832	832	0	0	208	208	208	208	208	0	208	0	0	416	416	416	416	208	208	208	208	
	2034105	5002	105	2034001	 飾品 - 藍裝	20	840	840	0	0	210	210	210	210	210	0	210	0	0	420	420	420	420	210	210	210	210	
	2034106	5002	106	2034001	 飾品 - 藍裝	20	848	848	0	0	212	212	212	212	212	0	212	0	0	424	424	424	424	212	212	212	212	
	2034107	5002	107	2034001	 飾品 - 藍裝	20	856	856	0	0	214	214	214	214	214	0	214	0	0	428	428	428	428	214	214	214	214	
	2034108	5002	108	2034001	 飾品 - 藍裝	20	864	864	0	0	216	216	216	216	216	0	216	0	0	432	432	432	432	216	216	216	216	
# 飾品 - 紫裝																												
	2035001	5002	1	2035001	 飾品 - 紫裝	20	9	9	0	0	2	2	2	2	2	0	2	0	0	4	4	4	4	2	2	2	2	
	2035002	5002	2	2035001	 飾品 - 紫裝	20	18	18	0	0	4	4	4	4	4	0	4	0	0	8	8	8	8	4	4	4	4	
	2035003	5002	3	2035001	 飾品 - 紫裝	20	27	27	0	0	6	6	6	6	6	0	6	0	0	12	12	12	12	6	6	6	6	
	2035004	5002	4	2035001	 飾品 - 紫裝	20	36	36	0	0	8	8	8	8	8	0	8	0	0	16	16	16	16	8	8	8	8	
	2035005	5002	5	2035001	 飾品 - 紫裝	20	45	45	0	0	10	10	10	10	10	0	10	0	0	20	20	20	20	10	10	10	10	
	2035006	5002	6	2035001	 飾品 - 紫裝	20	54	54	0	0	12	12	12	12	12	0	12	0	0	24	24	24	24	12	12	12	12	
	2035007	5002	7	2035001	 飾品 - 紫裝	20	63	63	0	0	14	14	14	14	14	0	14	0	0	28	28	28	28	14	14	14	14	
	2035008	5002	8	2035001	 飾品 - 紫裝	20	72	72	0	0	16	16	16	16	16	0	16	0	0	32	32	32	32	16	16	16	16	
	2035009	5002	9	2035001	 飾品 - 紫裝	20	81	81	0	0	18	18	18	18	18	0	18	0	0	36	36	36	36	18	18	18	18	
	2035010	5002	10	2035001	 飾品 - 紫裝	20	90	90	0	0	20	20	20	20	20	0	20	0	0	40	40	40	40	20	20	20	20	
	2035011	5002	11	2035001	 飾品 - 紫裝	20	99	99	0	0	22	22	22	22	22	0	22	0	0	44	44	44	44	22	22	22	22	
	2035012	5002	12	2035001	 飾品 - 紫裝	20	108	108	0	0	24	24	24	24	24	0	24	0	0	48	48	48	48	24	24	24	24	
	2035013	5002	13	2035001	 飾品 - 紫裝	20	117	117	0	0	26	26	26	26	26	0	26	0	0	52	52	52	52	26	26	26	26	
	2035014	5002	14	2035001	 飾品 - 紫裝	20	126	126	0	0	28	28	28	28	28	0	28	0	0	56	56	56	56	28	28	28	28	
	2035015	5002	15	2035001	 飾品 - 紫裝	20	135	135	0	0	30	30	30	30	30	0	30	0	0	60	60	60	60	30	30	30	30	
	2035016	5002	16	2035001	 飾品 - 紫裝	20	144	144	0	0	32	32	32	32	32	0	32	0	0	64	64	64	64	32	32	32	32	
	2035017	5002	17	2035001	 飾品 - 紫裝	20	153	153	0	0	34	34	34	34	34	0	34	0	0	68	68	68	68	34	34	34	34	
	2035018	5002	18	2035001	 飾品 - 紫裝	20	162	162	0	0	36	36	36	36	36	0	36	0	0	72	72	72	72	36	36	36	36	
	2035019	5002	19	2035001	 飾品 - 紫裝	20	171	171	0	0	38	38	38	38	38	0	38	0	0	76	76	76	76	38	38	38	38	
	2035020	5002	20	2035001	 飾品 - 紫裝	20	180	180	0	0	40	40	40	40	40	0	40	0	0	80	80	80	80	40	40	40	40	
	2035021	5002	21	2035001	 飾品 - 紫裝	20	189	189	0	0	42	42	42	42	42	0	42	0	0	84	84	84	84	42	42	42	42	
	2035022	5002	22	2035001	 飾品 - 紫裝	20	198	198	0	0	44	44	44	44	44	0	44	0	0	88	88	88	88	44	44	44	44	
	2035023	5002	23	2035001	 飾品 - 紫裝	20	207	207	0	0	46	46	46	46	46	0	46	0	0	92	92	92	92	46	46	46	46	
	2035024	5002	24	2035001	 飾品 - 紫裝	20	216	216	0	0	48	48	48	48	48	0	48	0	0	96	96	96	96	48	48	48	48	
	2035025	5002	25	2035001	 飾品 - 紫裝	20	225	225	0	0	50	50	50	50	50	0	50	0	0	100	100	100	100	50	50	50	50	
	2035026	5002	26	2035001	 飾品 - 紫裝	20	234	234	0	0	52	52	52	52	52	0	52	0	0	104	104	104	104	52	52	52	52	
	2035027	5002	27	2035001	 飾品 - 紫裝	20	243	243	0	0	54	54	54	54	54	0	54	0	0	108	108	108	108	54	54	54	54	
	2035028	5002	28	2035001	 飾品 - 紫裝	20	252	252	0	0	56	56	56	56	56	0	56	0	0	112	112	112	112	56	56	56	56	
	2035029	5002	29	2035001	 飾品 - 紫裝	20	261	261	0	0	58	58	58	58	58	0	58	0	0	116	116	116	116	58	58	58	58	
	2035030	5002	30	2035001	 飾品 - 紫裝	20	270	270	0	0	60	60	60	60	60	0	60	0	0	120	120	120	120	60	60	60	60	
	2035031	5002	31	2035001	 飾品 - 紫裝	20	279	279	0	0	62	62	62	62	62	0	62	0	0	124	124	124	124	62	62	62	62	
	2035032	5002	32	2035001	 飾品 - 紫裝	20	288	288	0	0	64	64	64	64	64	0	64	0	0	128	128	128	128	64	64	64	64	
	2035033	5002	33	2035001	 飾品 - 紫裝	20	297	297	0	0	66	66	66	66	66	0	66	0	0	132	132	132	132	66	66	66	66	
	2035034	5002	34	2035001	 飾品 - 紫裝	20	306	306	0	0	68	68	68	68	68	0	68	0	0	136	136	136	136	68	68	68	68	
	2035035	5002	35	2035001	 飾品 - 紫裝	20	315	315	0	0	70	70	70	70	70	0	70	0	0	140	140	140	140	70	70	70	70	
	2035036	5002	36	2035001	 飾品 - 紫裝	20	324	324	0	0	72	72	72	72	72	0	72	0	0	144	144	144	144	72	72	72	72	
	2035037	5002	37	2035001	 飾品 - 紫裝	20	333	333	0	0	74	74	74	74	74	0	74	0	0	148	148	148	148	74	74	74	74	
	2035038	5002	38	2035001	 飾品 - 紫裝	20	342	342	0	0	76	76	76	76	76	0	76	0	0	152	152	152	152	76	76	76	76	
	2035039	5002	39	2035001	 飾品 - 紫裝	20	351	351	0	0	78	78	78	78	78	0	78	0	0	156	156	156	156	78	78	78	78	
	2035040	5002	40	2035001	 飾品 - 紫裝	20	360	360	0	0	80	80	80	80	80	0	80	0	0	160	160	160	160	80	80	80	80	
	2035041	5002	41	2035001	 飾品 - 紫裝	20	369	369	0	0	82	82	82	82	82	0	82	0	0	164	164	164	164	82	82	82	82	
	2035042	5002	42	2035001	 飾品 - 紫裝	20	378	378	0	0	84	84	84	84	84	0	84	0	0	168	168	168	168	84	84	84	84	
	2035043	5002	43	2035001	 飾品 - 紫裝	20	387	387	0	0	86	86	86	86	86	0	86	0	0	172	172	172	172	86	86	86	86	
	2035044	5002	44	2035001	 飾品 - 紫裝	20	396	396	0	0	88	88	88	88	88	0	88	0	0	176	176	176	176	88	88	88	88	
	2035045	5002	45	2035001	 飾品 - 紫裝	20	405	405	0	0	90	90	90	90	90	0	90	0	0	180	180	180	180	90	90	90	90	
	2035046	5002	46	2035001	 飾品 - 紫裝	20	414	414	0	0	92	92	92	92	92	0	92	0	0	184	184	184	184	92	92	92	92	
	2035047	5002	47	2035001	 飾品 - 紫裝	20	423	423	0	0	94	94	94	94	94	0	94	0	0	188	188	188	188	94	94	94	94	
	2035048	5002	48	2035001	 飾品 - 紫裝	20	432	432	0	0	96	96	96	96	96	0	96	0	0	192	192	192	192	96	96	96	96	
	2035049	5002	49	2035001	 飾品 - 紫裝	20	441	441	0	0	98	98	98	98	98	0	98	0	0	196	196	196	196	98	98	98	98	
	2035050	5002	50	2035001	 飾品 - 紫裝	20	450	450	0	0	100	100	100	100	100	0	100	0	0	200	200	200	200	100	100	100	100	
	2035051	5002	51	2035001	 飾品 - 紫裝	20	459	459	0	0	102	102	102	102	102	0	102	0	0	204	204	204	204	102	102	102	102	
	2035052	5002	52	2035001	 飾品 - 紫裝	20	468	468	0	0	104	104	104	104	104	0	104	0	0	208	208	208	208	104	104	104	104	
	2035053	5002	53	2035001	 飾品 - 紫裝	20	477	477	0	0	106	106	106	106	106	0	106	0	0	212	212	212	212	106	106	106	106	
	2035054	5002	54	2035001	 飾品 - 紫裝	20	486	486	0	0	108	108	108	108	108	0	108	0	0	216	216	216	216	108	108	108	108	
	2035055	5002	55	2035001	 飾品 - 紫裝	20	495	495	0	0	110	110	110	110	110	0	110	0	0	220	220	220	220	110	110	110	110	
	2035056	5002	56	2035001	 飾品 - 紫裝	20	504	504	0	0	112	112	112	112	112	0	112	0	0	224	224	224	224	112	112	112	112	
	2035057	5002	57	2035001	 飾品 - 紫裝	20	513	513	0	0	114	114	114	114	114	0	114	0	0	228	228	228	228	114	114	114	114	
	2035058	5002	58	2035001	 飾品 - 紫裝	20	522	522	0	0	116	116	116	116	116	0	116	0	0	232	232	232	232	116	116	116	116	
	2035059	5002	59	2035001	 飾品 - 紫裝	20	531	531	0	0	118	118	118	118	118	0	118	0	0	236	236	236	236	118	118	118	118	
	2035060	5002	60	2035001	 飾品 - 紫裝	20	540	540	0	0	120	120	120	120	120	0	120	0	0	240	240	240	240	120	120	120	120	
	2035061	5002	61	2035001	 飾品 - 紫裝	20	549	549	0	0	122	122	122	122	122	0	122	0	0	244	244	244	244	122	122	122	122	
	2035062	5002	62	2035001	 飾品 - 紫裝	20	558	558	0	0	124	124	124	124	124	0	124	0	0	248	248	248	248	124	124	124	124	
	2035063	5002	63	2035001	 飾品 - 紫裝	20	567	567	0	0	126	126	126	126	126	0	126	0	0	252	252	252	252	126	126	126	126	
	2035064	5002	64	2035001	 飾品 - 紫裝	20	576	576	0	0	128	128	128	128	128	0	128	0	0	256	256	256	256	128	128	128	128	
	2035065	5002	65	2035001	 飾品 - 紫裝	20	585	585	0	0	130	130	130	130	130	0	130	0	0	260	260	260	260	130	130	130	130	
	2035066	5002	66	2035001	 飾品 - 紫裝	20	594	594	0	0	132	132	132	132	132	0	132	0	0	264	264	264	264	132	132	132	132	
	2035067	5002	67	2035001	 飾品 - 紫裝	20	603	603	0	0	134	134	134	134	134	0	134	0	0	268	268	268	268	134	134	134	134	
	2035068	5002	68	2035001	 飾品 - 紫裝	20	612	612	0	0	136	136	136	136	136	0	136	0	0	272	272	272	272	136	136	136	136	
	2035069	5002	69	2035001	 飾品 - 紫裝	20	621	621	0	0	138	138	138	138	138	0	138	0	0	276	276	276	276	138	138	138	138	
	2035070	5002	70	2035001	 飾品 - 紫裝	20	630	630	0	0	140	140	140	140	140	0	140	0	0	280	280	280	280	140	140	140	140	
	2035071	5002	71	2035001	 飾品 - 紫裝	20	639	639	0	0	142	142	142	142	142	0	142	0	0	284	284	284	284	142	142	142	142	
	2035072	5002	72	2035001	 飾品 - 紫裝	20	648	648	0	0	144	144	144	144	144	0	144	0	0	288	288	288	288	144	144	144	144	
	2035073	5002	73	2035001	 飾品 - 紫裝	20	657	657	0	0	146	146	146	146	146	0	146	0	0	292	292	292	292	146	146	146	146	
	2035074	5002	74	2035001	 飾品 - 紫裝	20	666	666	0	0	148	148	148	148	148	0	148	0	0	296	296	296	296	148	148	148	148	
	2035075	5002	75	2035001	 飾品 - 紫裝	20	675	675	0	0	150	150	150	150	150	0	150	0	0	300	300	300	300	150	150	150	150	
	2035076	5002	76	2035001	 飾品 - 紫裝	20	684	684	0	0	152	152	152	152	152	0	152	0	0	304	304	304	304	152	152	152	152	
	2035077	5002	77	2035001	 飾品 - 紫裝	20	693	693	0	0	154	154	154	154	154	0	154	0	0	308	308	308	308	154	154	154	154	
	2035078	5002	78	2035001	 飾品 - 紫裝	20	702	702	0	0	156	156	156	156	156	0	156	0	0	312	312	312	312	156	156	156	156	
	2035079	5002	79	2035001	 飾品 - 紫裝	20	711	711	0	0	158	158	158	158	158	0	158	0	0	316	316	316	316	158	158	158	158	
	2035080	5002	80	2035001	 飾品 - 紫裝	20	720	720	0	0	160	160	160	160	160	0	160	0	0	320	320	320	320	160	160	160	160	
	2035081	5002	81	2035001	 飾品 - 紫裝	20	729	729	0	0	162	162	162	162	162	0	162	0	0	324	324	324	324	162	162	162	162	
	2035082	5002	82	2035001	 飾品 - 紫裝	20	738	738	0	0	164	164	164	164	164	0	164	0	0	328	328	328	328	164	164	164	164	
	2035083	5002	83	2035001	 飾品 - 紫裝	20	747	747	0	0	166	166	166	166	166	0	166	0	0	332	332	332	332	166	166	166	166	
	2035084	5002	84	2035001	 飾品 - 紫裝	20	756	756	0	0	168	168	168	168	168	0	168	0	0	336	336	336	336	168	168	168	168	
	2035085	5002	85	2035001	 飾品 - 紫裝	20	765	765	0	0	170	170	170	170	170	0	170	0	0	340	340	340	340	170	170	170	170	
	2035086	5002	86	2035001	 飾品 - 紫裝	20	774	774	0	0	172	172	172	172	172	0	172	0	0	344	344	344	344	172	172	172	172	
	2035087	5002	87	2035001	 飾品 - 紫裝	20	783	783	0	0	174	174	174	174	174	0	174	0	0	348	348	348	348	174	174	174	174	
	2035088	5002	88	2035001	 飾品 - 紫裝	20	792	792	0	0	176	176	176	176	176	0	176	0	0	352	352	352	352	176	176	176	176	
	2035089	5002	89	2035001	 飾品 - 紫裝	20	801	801	0	0	178	178	178	178	178	0	178	0	0	356	356	356	356	178	178	178	178	
	2035090	5002	90	2035001	 飾品 - 紫裝	20	810	810	0	0	180	180	180	180	180	0	180	0	0	360	360	360	360	180	180	180	180	
	2035091	5002	91	2035001	 飾品 - 紫裝	20	819	819	0	0	182	182	182	182	182	0	182	0	0	364	364	364	364	182	182	182	182	
	2035092	5002	92	2035001	 飾品 - 紫裝	20	828	828	0	0	184	184	184	184	184	0	184	0	0	368	368	368	368	184	184	184	184	
	2035093	5002	93	2035001	 飾品 - 紫裝	20	837	837	0	0	186	186	186	186	186	0	186	0	0	372	372	372	372	186	186	186	186	
	2035094	5002	94	2035001	 飾品 - 紫裝	20	846	846	0	0	188	188	188	188	188	0	188	0	0	376	376	376	376	188	188	188	188	
	2035095	5002	95	2035001	 飾品 - 紫裝	20	855	855	0	0	190	190	190	190	190	0	190	0	0	380	380	380	380	190	190	190	190	
	2035096	5002	96	2035001	 飾品 - 紫裝	20	864	864	0	0	192	192	192	192	192	0	192	0	0	384	384	384	384	192	192	192	192	
	2035097	5002	97	2035001	 飾品 - 紫裝	20	873	873	0	0	194	194	194	194	194	0	194	0	0	388	388	388	388	194	194	194	194	
	2035098	5002	98	2035001	 飾品 - 紫裝	20	882	882	0	0	196	196	196	196	196	0	196	0	0	392	392	392	392	196	196	196	196	
	2035099	5002	99	2035001	 飾品 - 紫裝	20	891	891	0	0	198	198	198	198	198	0	198	0	0	396	396	396	396	198	198	198	198	
	2035100	5002	100	2035001	 飾品 - 紫裝	20	900	900	0	0	200	200	200	200	200	0	200	0	0	400	400	400	400	200	200	200	200	
	2035101	5002	101	2035001	 飾品 - 紫裝	20	909	909	0	0	202	202	202	202	202	0	202	0	0	404	404	404	404	202	202	202	202	
	2035102	5002	102	2035001	 飾品 - 紫裝	20	918	918	0	0	204	204	204	204	204	0	204	0	0	408	408	408	408	204	204	204	204	
	2035103	5002	103	2035001	 飾品 - 紫裝	20	927	927	0	0	206	206	206	206	206	0	206	0	0	412	412	412	412	206	206	206	206	
	2035104	5002	104	2035001	 飾品 - 紫裝	20	936	936	0	0	208	208	208	208	208	0	208	0	0	416	416	416	416	208	208	208	208	
	2035105	5002	105	2035001	 飾品 - 紫裝	20	945	945	0	0	210	210	210	210	210	0	210	0	0	420	420	420	420	210	210	210	210	
	2035106	5002	106	2035001	 飾品 - 紫裝	20	954	954	0	0	212	212	212	212	212	0	212	0	0	424	424	424	424	212	212	212	212	
	2035107	5002	107	2035001	 飾品 - 紫裝	20	963	963	0	0	214	214	214	214	214	0	214	0	0	428	428	428	428	214	214	214	214	
	2035108	5002	108	2035001	 飾品 - 紫裝	20	972	972	0	0	216	216	216	216	216	0	216	0	0	432	432	432	432	216	216	216	216	
# 40級強化屬性數值表 01-1-1-001：對應等級限制 - 類型 (1:武器;2:防具;3:飾品) - 層級 (1:灰;2:白;3:綠;4:藍;5:紫) - 裝備等級																												
# 武器強化屬性數值表																												
# 武器 - 灰裝																												
	4011001	5002	1	4011001	 武器 - 灰裝	40	27	27	0	0	1	1	1	1	1	0	1	5	0	0	0	0	0	0	0	0	0	
	4011002	5002	2	4011001	 武器 - 灰裝	40	54	54	0	0	2	2	2	2	2	0	2	10	0	0	0	0	0	0	0	0	0	
	4011003	5002	3	4011001	 武器 - 灰裝	40	81	81	0	0	3	3	3	3	3	0	3	15	0	0	0	0	0	0	0	0	0	
	4011004	5002	4	4011001	 武器 - 灰裝	40	108	108	0	0	4	4	4	4	4	0	4	20	0	0	0	0	0	0	0	0	0	
	4011005	5002	5	4011001	 武器 - 灰裝	40	135	135	0	0	5	5	5	5	5	0	5	25	0	0	0	0	0	0	0	0	0	
	4011006	5002	6	4011001	 武器 - 灰裝	40	162	162	0	0	6	6	6	6	6	0	6	30	0	0	0	0	0	0	0	0	0	
	4011007	5002	7	4011001	 武器 - 灰裝	40	189	189	0	0	7	7	7	7	7	0	7	35	0	0	0	0	0	0	0	0	0	
	4011008	5002	8	4011001	 武器 - 灰裝	40	216	216	0	0	8	8	8	8	8	0	8	40	0	0	0	0	0	0	0	0	0	
	4011009	5002	9	4011001	 武器 - 灰裝	40	243	243	0	0	9	9	9	9	9	0	9	45	0	0	0	0	0	0	0	0	0	
	4011010	5002	10	4011001	 武器 - 灰裝	40	270	270	0	0	10	10	10	10	10	0	10	50	0	0	0	0	0	0	0	0	0	
	4011011	5002	11	4011001	 武器 - 灰裝	40	297	297	0	0	11	11	11	11	11	0	11	55	0	0	0	0	0	0	0	0	0	
	4011012	5002	12	4011001	 武器 - 灰裝	40	324	324	0	0	12	12	12	12	12	0	12	60	0	0	0	0	0	0	0	0	0	
	4011013	5002	13	4011001	 武器 - 灰裝	40	351	351	0	0	13	13	13	13	13	0	13	65	0	0	0	0	0	0	0	0	0	
	4011014	5002	14	4011001	 武器 - 灰裝	40	378	378	0	0	14	14	14	14	14	0	14	70	0	0	0	0	0	0	0	0	0	
	4011015	5002	15	4011001	 武器 - 灰裝	40	405	405	0	0	15	15	15	15	15	0	15	75	0	0	0	0	0	0	0	0	0	
	4011016	5002	16	4011001	 武器 - 灰裝	40	432	432	0	0	16	16	16	16	16	0	16	80	0	0	0	0	0	0	0	0	0	
	4011017	5002	17	4011001	 武器 - 灰裝	40	459	459	0	0	17	17	17	17	17	0	17	85	0	0	0	0	0	0	0	0	0	
	4011018	5002	18	4011001	 武器 - 灰裝	40	486	486	0	0	18	18	18	18	18	0	18	90	0	0	0	0	0	0	0	0	0	
	4011019	5002	19	4011001	 武器 - 灰裝	40	513	513	0	0	19	19	19	19	19	0	19	95	0	0	0	0	0	0	0	0	0	
	4011020	5002	20	4011001	 武器 - 灰裝	40	540	540	0	0	20	20	20	20	20	0	20	100	0	0	0	0	0	0	0	0	0	
	4011021	5002	21	4011001	 武器 - 灰裝	40	567	567	0	0	21	21	21	21	21	0	21	105	0	0	0	0	0	0	0	0	0	
	4011022	5002	22	4011001	 武器 - 灰裝	40	594	594	0	0	22	22	22	22	22	0	22	110	0	0	0	0	0	0	0	0	0	
	4011023	5002	23	4011001	 武器 - 灰裝	40	621	621	0	0	23	23	23	23	23	0	23	115	0	0	0	0	0	0	0	0	0	
	4011024	5002	24	4011001	 武器 - 灰裝	40	648	648	0	0	24	24	24	24	24	0	24	120	0	0	0	0	0	0	0	0	0	
	4011025	5002	25	4011001	 武器 - 灰裝	40	675	675	0	0	25	25	25	25	25	0	25	125	0	0	0	0	0	0	0	0	0	
	4011026	5002	26	4011001	 武器 - 灰裝	40	702	702	0	0	26	26	26	26	26	0	26	130	0	0	0	0	0	0	0	0	0	
	4011027	5002	27	4011001	 武器 - 灰裝	40	729	729	0	0	27	27	27	27	27	0	27	135	0	0	0	0	0	0	0	0	0	
	4011028	5002	28	4011001	 武器 - 灰裝	40	756	756	0	0	28	28	28	28	28	0	28	140	0	0	0	0	0	0	0	0	0	
	4011029	5002	29	4011001	 武器 - 灰裝	40	783	783	0	0	29	29	29	29	29	0	29	145	0	0	0	0	0	0	0	0	0	
	4011030	5002	30	4011001	 武器 - 灰裝	40	810	810	0	0	30	30	30	30	30	0	30	150	0	0	0	0	0	0	0	0	0	
	4011031	5002	31	4011001	 武器 - 灰裝	40	837	837	0	0	31	31	31	31	31	0	31	155	0	0	0	0	0	0	0	0	0	
	4011032	5002	32	4011001	 武器 - 灰裝	40	864	864	0	0	32	32	32	32	32	0	32	160	0	0	0	0	0	0	0	0	0	
	4011033	5002	33	4011001	 武器 - 灰裝	40	891	891	0	0	33	33	33	33	33	0	33	165	0	0	0	0	0	0	0	0	0	
	4011034	5002	34	4011001	 武器 - 灰裝	40	918	918	0	0	34	34	34	34	34	0	34	170	0	0	0	0	0	0	0	0	0	
	4011035	5002	35	4011001	 武器 - 灰裝	40	945	945	0	0	35	35	35	35	35	0	35	175	0	0	0	0	0	0	0	0	0	
	4011036	5002	36	4011001	 武器 - 灰裝	40	972	972	0	0	36	36	36	36	36	0	36	180	0	0	0	0	0	0	0	0	0	
	4011037	5002	37	4011001	 武器 - 灰裝	40	999	999	0	0	37	37	37	37	37	0	37	185	0	0	0	0	0	0	0	0	0	
	4011038	5002	38	4011001	 武器 - 灰裝	40	1026	1026	0	0	38	38	38	38	38	0	38	190	0	0	0	0	0	0	0	0	0	
	4011039	5002	39	4011001	 武器 - 灰裝	40	1053	1053	0	0	39	39	39	39	39	0	39	195	0	0	0	0	0	0	0	0	0	
	4011040	5002	40	4011001	 武器 - 灰裝	40	1080	1080	0	0	40	40	40	40	40	0	40	200	0	0	0	0	0	0	0	0	0	
	4011041	5002	41	4011001	 武器 - 灰裝	40	1107	1107	0	0	41	41	41	41	41	0	41	205	0	0	0	0	0	0	0	0	0	
	4011042	5002	42	4011001	 武器 - 灰裝	40	1134	1134	0	0	42	42	42	42	42	0	42	210	0	0	0	0	0	0	0	0	0	
	4011043	5002	43	4011001	 武器 - 灰裝	40	1161	1161	0	0	43	43	43	43	43	0	43	215	0	0	0	0	0	0	0	0	0	
	4011044	5002	44	4011001	 武器 - 灰裝	40	1188	1188	0	0	44	44	44	44	44	0	44	220	0	0	0	0	0	0	0	0	0	
	4011045	5002	45	4011001	 武器 - 灰裝	40	1215	1215	0	0	45	45	45	45	45	0	45	225	0	0	0	0	0	0	0	0	0	
	4011046	5002	46	4011001	 武器 - 灰裝	40	1242	1242	0	0	46	46	46	46	46	0	46	230	0	0	0	0	0	0	0	0	0	
	4011047	5002	47	4011001	 武器 - 灰裝	40	1269	1269	0	0	47	47	47	47	47	0	47	235	0	0	0	0	0	0	0	0	0	
	4011048	5002	48	4011001	 武器 - 灰裝	40	1296	1296	0	0	48	48	48	48	48	0	48	240	0	0	0	0	0	0	0	0	0	
	4011049	5002	49	4011001	 武器 - 灰裝	40	1323	1323	0	0	49	49	49	49	49	0	49	245	0	0	0	0	0	0	0	0	0	
	4011050	5002	50	4011001	 武器 - 灰裝	40	1350	1350	0	0	50	50	50	50	50	0	50	250	0	0	0	0	0	0	0	0	0	
	4011051	5002	51	4011001	 武器 - 灰裝	40	1377	1377	0	0	51	51	51	51	51	0	51	255	0	0	0	0	0	0	0	0	0	
	4011052	5002	52	4011001	 武器 - 灰裝	40	1404	1404	0	0	52	52	52	52	52	0	52	260	0	0	0	0	0	0	0	0	0	
	4011053	5002	53	4011001	 武器 - 灰裝	40	1431	1431	0	0	53	53	53	53	53	0	53	265	0	0	0	0	0	0	0	0	0	
	4011054	5002	54	4011001	 武器 - 灰裝	40	1458	1458	0	0	54	54	54	54	54	0	54	270	0	0	0	0	0	0	0	0	0	
	4011055	5002	55	4011001	 武器 - 灰裝	40	1485	1485	0	0	55	55	55	55	55	0	55	275	0	0	0	0	0	0	0	0	0	
	4011056	5002	56	4011001	 武器 - 灰裝	40	1512	1512	0	0	56	56	56	56	56	0	56	280	0	0	0	0	0	0	0	0	0	
	4011057	5002	57	4011001	 武器 - 灰裝	40	1539	1539	0	0	57	57	57	57	57	0	57	285	0	0	0	0	0	0	0	0	0	
	4011058	5002	58	4011001	 武器 - 灰裝	40	1566	1566	0	0	58	58	58	58	58	0	58	290	0	0	0	0	0	0	0	0	0	
	4011059	5002	59	4011001	 武器 - 灰裝	40	1593	1593	0	0	59	59	59	59	59	0	59	295	0	0	0	0	0	0	0	0	0	
	4011060	5002	60	4011001	 武器 - 灰裝	40	1620	1620	0	0	60	60	60	60	60	0	60	300	0	0	0	0	0	0	0	0	0	
	4011061	5002	61	4011001	 武器 - 灰裝	40	1647	1647	0	0	61	61	61	61	61	0	61	305	0	0	0	0	0	0	0	0	0	
	4011062	5002	62	4011001	 武器 - 灰裝	40	1674	1674	0	0	62	62	62	62	62	0	62	310	0	0	0	0	0	0	0	0	0	
	4011063	5002	63	4011001	 武器 - 灰裝	40	1701	1701	0	0	63	63	63	63	63	0	63	315	0	0	0	0	0	0	0	0	0	
	4011064	5002	64	4011001	 武器 - 灰裝	40	1728	1728	0	0	64	64	64	64	64	0	64	320	0	0	0	0	0	0	0	0	0	
	4011065	5002	65	4011001	 武器 - 灰裝	40	1755	1755	0	0	65	65	65	65	65	0	65	325	0	0	0	0	0	0	0	0	0	
	4011066	5002	66	4011001	 武器 - 灰裝	40	1782	1782	0	0	66	66	66	66	66	0	66	330	0	0	0	0	0	0	0	0	0	
	4011067	5002	67	4011001	 武器 - 灰裝	40	1809	1809	0	0	67	67	67	67	67	0	67	335	0	0	0	0	0	0	0	0	0	
	4011068	5002	68	4011001	 武器 - 灰裝	40	1836	1836	0	0	68	68	68	68	68	0	68	340	0	0	0	0	0	0	0	0	0	
	4011069	5002	69	4011001	 武器 - 灰裝	40	1863	1863	0	0	69	69	69	69	69	0	69	345	0	0	0	0	0	0	0	0	0	
	4011070	5002	70	4011001	 武器 - 灰裝	40	1890	1890	0	0	70	70	70	70	70	0	70	350	0	0	0	0	0	0	0	0	0	
	4011071	5002	71	4011001	 武器 - 灰裝	40	1917	1917	0	0	71	71	71	71	71	0	71	355	0	0	0	0	0	0	0	0	0	
	4011072	5002	72	4011001	 武器 - 灰裝	40	1944	1944	0	0	72	72	72	72	72	0	72	360	0	0	0	0	0	0	0	0	0	
	4011073	5002	73	4011001	 武器 - 灰裝	40	1971	1971	0	0	73	73	73	73	73	0	73	365	0	0	0	0	0	0	0	0	0	
	4011074	5002	74	4011001	 武器 - 灰裝	40	1998	1998	0	0	74	74	74	74	74	0	74	370	0	0	0	0	0	0	0	0	0	
	4011075	5002	75	4011001	 武器 - 灰裝	40	2025	2025	0	0	75	75	75	75	75	0	75	375	0	0	0	0	0	0	0	0	0	
	4011076	5002	76	4011001	 武器 - 灰裝	40	2052	2052	0	0	76	76	76	76	76	0	76	380	0	0	0	0	0	0	0	0	0	
	4011077	5002	77	4011001	 武器 - 灰裝	40	2079	2079	0	0	77	77	77	77	77	0	77	385	0	0	0	0	0	0	0	0	0	
	4011078	5002	78	4011001	 武器 - 灰裝	40	2106	2106	0	0	78	78	78	78	78	0	78	390	0	0	0	0	0	0	0	0	0	
	4011079	5002	79	4011001	 武器 - 灰裝	40	2133	2133	0	0	79	79	79	79	79	0	79	395	0	0	0	0	0	0	0	0	0	
	4011080	5002	80	4011001	 武器 - 灰裝	40	2160	2160	0	0	80	80	80	80	80	0	80	400	0	0	0	0	0	0	0	0	0	
	4011081	5002	81	4011001	 武器 - 灰裝	40	2187	2187	0	0	81	81	81	81	81	0	81	405	0	0	0	0	0	0	0	0	0	
	4011082	5002	82	4011001	 武器 - 灰裝	40	2214	2214	0	0	82	82	82	82	82	0	82	410	0	0	0	0	0	0	0	0	0	
	4011083	5002	83	4011001	 武器 - 灰裝	40	2241	2241	0	0	83	83	83	83	83	0	83	415	0	0	0	0	0	0	0	0	0	
	4011084	5002	84	4011001	 武器 - 灰裝	40	2268	2268	0	0	84	84	84	84	84	0	84	420	0	0	0	0	0	0	0	0	0	
	4011085	5002	85	4011001	 武器 - 灰裝	40	2295	2295	0	0	85	85	85	85	85	0	85	425	0	0	0	0	0	0	0	0	0	
	4011086	5002	86	4011001	 武器 - 灰裝	40	2322	2322	0	0	86	86	86	86	86	0	86	430	0	0	0	0	0	0	0	0	0	
	4011087	5002	87	4011001	 武器 - 灰裝	40	2349	2349	0	0	87	87	87	87	87	0	87	435	0	0	0	0	0	0	0	0	0	
	4011088	5002	88	4011001	 武器 - 灰裝	40	2376	2376	0	0	88	88	88	88	88	0	88	440	0	0	0	0	0	0	0	0	0	
	4011089	5002	89	4011001	 武器 - 灰裝	40	2403	2403	0	0	89	89	89	89	89	0	89	445	0	0	0	0	0	0	0	0	0	
	4011090	5002	90	4011001	 武器 - 灰裝	40	2430	2430	0	0	90	90	90	90	90	0	90	450	0	0	0	0	0	0	0	0	0	
	4011091	5002	91	4011001	 武器 - 灰裝	40	2457	2457	0	0	91	91	91	91	91	0	91	455	0	0	0	0	0	0	0	0	0	
	4011092	5002	92	4011001	 武器 - 灰裝	40	2484	2484	0	0	92	92	92	92	92	0	92	460	0	0	0	0	0	0	0	0	0	
	4011093	5002	93	4011001	 武器 - 灰裝	40	2511	2511	0	0	93	93	93	93	93	0	93	465	0	0	0	0	0	0	0	0	0	
	4011094	5002	94	4011001	 武器 - 灰裝	40	2538	2538	0	0	94	94	94	94	94	0	94	470	0	0	0	0	0	0	0	0	0	
	4011095	5002	95	4011001	 武器 - 灰裝	40	2565	2565	0	0	95	95	95	95	95	0	95	475	0	0	0	0	0	0	0	0	0	
	4011096	5002	96	4011001	 武器 - 灰裝	40	2592	2592	0	0	96	96	96	96	96	0	96	480	0	0	0	0	0	0	0	0	0	
	4011097	5002	97	4011001	 武器 - 灰裝	40	2619	2619	0	0	97	97	97	97	97	0	97	485	0	0	0	0	0	0	0	0	0	
	4011098	5002	98	4011001	 武器 - 灰裝	40	2646	2646	0	0	98	98	98	98	98	0	98	490	0	0	0	0	0	0	0	0	0	
	4011099	5002	99	4011001	 武器 - 灰裝	40	2673	2673	0	0	99	99	99	99	99	0	99	495	0	0	0	0	0	0	0	0	0	
	4011100	5002	100	4011001	 武器 - 灰裝	40	2700	2700	0	0	100	100	100	100	100	0	100	500	0	0	0	0	0	0	0	0	0	
	4011101	5002	101	4011001	 武器 - 灰裝	40	2727	2727	0	0	101	101	101	101	101	0	101	505	0	0	0	0	0	0	0	0	0	
	4011102	5002	102	4011001	 武器 - 灰裝	40	2754	2754	0	0	102	102	102	102	102	0	102	510	0	0	0	0	0	0	0	0	0	
	4011103	5002	103	4011001	 武器 - 灰裝	40	2781	2781	0	0	103	103	103	103	103	0	103	515	0	0	0	0	0	0	0	0	0	
	4011104	5002	104	4011001	 武器 - 灰裝	40	2808	2808	0	0	104	104	104	104	104	0	104	520	0	0	0	0	0	0	0	0	0	
	4011105	5002	105	4011001	 武器 - 灰裝	40	2835	2835	0	0	105	105	105	105	105	0	105	525	0	0	0	0	0	0	0	0	0	
	4011106	5002	106	4011001	 武器 - 灰裝	40	2862	2862	0	0	106	106	106	106	106	0	106	530	0	0	0	0	0	0	0	0	0	
	4011107	5002	107	4011001	 武器 - 灰裝	40	2889	2889	0	0	107	107	107	107	107	0	107	535	0	0	0	0	0	0	0	0	0	
	4011108	5002	108	4011001	 武器 - 灰裝	40	2916	2916	0	0	108	108	108	108	108	0	108	540	0	0	0	0	0	0	0	0	0	
# 武器 - 白裝（非商店貨）																												
	4012001	5002	1	4012001	 武器 - 白裝	40	32	32	0	0	1	1	1	1	1	0	1	5	0	0	0	0	0	0	0	0	0	
	4012002	5002	2	4012001	 武器 - 白裝	40	64	64	0	0	2	2	2	2	2	0	2	10	0	0	0	0	0	0	0	0	0	
	4012003	5002	3	4012001	 武器 - 白裝	40	96	96	0	0	3	3	3	3	3	0	3	15	0	0	0	0	0	0	0	0	0	
	4012004	5002	4	4012001	 武器 - 白裝	40	128	128	0	0	4	4	4	4	4	0	4	20	0	0	0	0	0	0	0	0	0	
	4012005	5002	5	4012001	 武器 - 白裝	40	160	160	0	0	5	5	5	5	5	0	5	25	0	0	0	0	0	0	0	0	0	
	4012006	5002	6	4012001	 武器 - 白裝	40	192	192	0	0	6	6	6	6	6	0	6	30	0	0	0	0	0	0	0	0	0	
	4012007	5002	7	4012001	 武器 - 白裝	40	224	224	0	0	7	7	7	7	7	0	7	35	0	0	0	0	0	0	0	0	0	
	4012008	5002	8	4012001	 武器 - 白裝	40	256	256	0	0	8	8	8	8	8	0	8	40	0	0	0	0	0	0	0	0	0	
	4012009	5002	9	4012001	 武器 - 白裝	40	288	288	0	0	9	9	9	9	9	0	9	45	0	0	0	0	0	0	0	0	0	
	4012010	5002	10	4012001	 武器 - 白裝	40	320	320	0	0	10	10	10	10	10	0	10	50	0	0	0	0	0	0	0	0	0	
	4012011	5002	11	4012001	 武器 - 白裝	40	352	352	0	0	11	11	11	11	11	0	11	55	0	0	0	0	0	0	0	0	0	
	4012012	5002	12	4012001	 武器 - 白裝	40	384	384	0	0	12	12	12	12	12	0	12	60	0	0	0	0	0	0	0	0	0	
	4012013	5002	13	4012001	 武器 - 白裝	40	416	416	0	0	13	13	13	13	13	0	13	65	0	0	0	0	0	0	0	0	0	
	4012014	5002	14	4012001	 武器 - 白裝	40	448	448	0	0	14	14	14	14	14	0	14	70	0	0	0	0	0	0	0	0	0	
	4012015	5002	15	4012001	 武器 - 白裝	40	480	480	0	0	15	15	15	15	15	0	15	75	0	0	0	0	0	0	0	0	0	
	4012016	5002	16	4012001	 武器 - 白裝	40	512	512	0	0	16	16	16	16	16	0	16	80	0	0	0	0	0	0	0	0	0	
	4012017	5002	17	4012001	 武器 - 白裝	40	544	544	0	0	17	17	17	17	17	0	17	85	0	0	0	0	0	0	0	0	0	
	4012018	5002	18	4012001	 武器 - 白裝	40	576	576	0	0	18	18	18	18	18	0	18	90	0	0	0	0	0	0	0	0	0	
	4012019	5002	19	4012001	 武器 - 白裝	40	608	608	0	0	19	19	19	19	19	0	19	95	0	0	0	0	0	0	0	0	0	
	4012020	5002	20	4012001	 武器 - 白裝	40	640	640	0	0	20	20	20	20	20	0	20	100	0	0	0	0	0	0	0	0	0	
	4012021	5002	21	4012001	 武器 - 白裝	40	672	672	0	0	21	21	21	21	21	0	21	105	0	0	0	0	0	0	0	0	0	
	4012022	5002	22	4012001	 武器 - 白裝	40	704	704	0	0	22	22	22	22	22	0	22	110	0	0	0	0	0	0	0	0	0	
	4012023	5002	23	4012001	 武器 - 白裝	40	736	736	0	0	23	23	23	23	23	0	23	115	0	0	0	0	0	0	0	0	0	
	4012024	5002	24	4012001	 武器 - 白裝	40	768	768	0	0	24	24	24	24	24	0	24	120	0	0	0	0	0	0	0	0	0	
	4012025	5002	25	4012001	 武器 - 白裝	40	800	800	0	0	25	25	25	25	25	0	25	125	0	0	0	0	0	0	0	0	0	
	4012026	5002	26	4012001	 武器 - 白裝	40	832	832	0	0	26	26	26	26	26	0	26	130	0	0	0	0	0	0	0	0	0	
	4012027	5002	27	4012001	 武器 - 白裝	40	864	864	0	0	27	27	27	27	27	0	27	135	0	0	0	0	0	0	0	0	0	
	4012028	5002	28	4012001	 武器 - 白裝	40	896	896	0	0	28	28	28	28	28	0	28	140	0	0	0	0	0	0	0	0	0	
	4012029	5002	29	4012001	 武器 - 白裝	40	928	928	0	0	29	29	29	29	29	0	29	145	0	0	0	0	0	0	0	0	0	
	4012030	5002	30	4012001	 武器 - 白裝	40	960	960	0	0	30	30	30	30	30	0	30	150	0	0	0	0	0	0	0	0	0	
	4012031	5002	31	4012001	 武器 - 白裝	40	992	992	0	0	31	31	31	31	31	0	31	155	0	0	0	0	0	0	0	0	0	
	4012032	5002	32	4012001	 武器 - 白裝	40	1024	1024	0	0	32	32	32	32	32	0	32	160	0	0	0	0	0	0	0	0	0	
	4012033	5002	33	4012001	 武器 - 白裝	40	1056	1056	0	0	33	33	33	33	33	0	33	165	0	0	0	0	0	0	0	0	0	
	4012034	5002	34	4012001	 武器 - 白裝	40	1088	1088	0	0	34	34	34	34	34	0	34	170	0	0	0	0	0	0	0	0	0	
	4012035	5002	35	4012001	 武器 - 白裝	40	1120	1120	0	0	35	35	35	35	35	0	35	175	0	0	0	0	0	0	0	0	0	
	4012036	5002	36	4012001	 武器 - 白裝	40	1152	1152	0	0	36	36	36	36	36	0	36	180	0	0	0	0	0	0	0	0	0	
	4012037	5002	37	4012001	 武器 - 白裝	40	1184	1184	0	0	37	37	37	37	37	0	37	185	0	0	0	0	0	0	0	0	0	
	4012038	5002	38	4012001	 武器 - 白裝	40	1216	1216	0	0	38	38	38	38	38	0	38	190	0	0	0	0	0	0	0	0	0	
	4012039	5002	39	4012001	 武器 - 白裝	40	1248	1248	0	0	39	39	39	39	39	0	39	195	0	0	0	0	0	0	0	0	0	
	4012040	5002	40	4012001	 武器 - 白裝	40	1280	1280	0	0	40	40	40	40	40	0	40	200	0	0	0	0	0	0	0	0	0	
	4012041	5002	41	4012001	 武器 - 白裝	40	1312	1312	0	0	41	41	41	41	41	0	41	205	0	0	0	0	0	0	0	0	0	
	4012042	5002	42	4012001	 武器 - 白裝	40	1344	1344	0	0	42	42	42	42	42	0	42	210	0	0	0	0	0	0	0	0	0	
	4012043	5002	43	4012001	 武器 - 白裝	40	1376	1376	0	0	43	43	43	43	43	0	43	215	0	0	0	0	0	0	0	0	0	
	4012044	5002	44	4012001	 武器 - 白裝	40	1408	1408	0	0	44	44	44	44	44	0	44	220	0	0	0	0	0	0	0	0	0	
	4012045	5002	45	4012001	 武器 - 白裝	40	1440	1440	0	0	45	45	45	45	45	0	45	225	0	0	0	0	0	0	0	0	0	
	4012046	5002	46	4012001	 武器 - 白裝	40	1472	1472	0	0	46	46	46	46	46	0	46	230	0	0	0	0	0	0	0	0	0	
	4012047	5002	47	4012001	 武器 - 白裝	40	1504	1504	0	0	47	47	47	47	47	0	47	235	0	0	0	0	0	0	0	0	0	
	4012048	5002	48	4012001	 武器 - 白裝	40	1536	1536	0	0	48	48	48	48	48	0	48	240	0	0	0	0	0	0	0	0	0	
	4012049	5002	49	4012001	 武器 - 白裝	40	1568	1568	0	0	49	49	49	49	49	0	49	245	0	0	0	0	0	0	0	0	0	
	4012050	5002	50	4012001	 武器 - 白裝	40	1600	1600	0	0	50	50	50	50	50	0	50	250	0	0	0	0	0	0	0	0	0	
	4012051	5002	51	4012001	 武器 - 白裝	40	1632	1632	0	0	51	51	51	51	51	0	51	255	0	0	0	0	0	0	0	0	0	
	4012052	5002	52	4012001	 武器 - 白裝	40	1664	1664	0	0	52	52	52	52	52	0	52	260	0	0	0	0	0	0	0	0	0	
	4012053	5002	53	4012001	 武器 - 白裝	40	1696	1696	0	0	53	53	53	53	53	0	53	265	0	0	0	0	0	0	0	0	0	
	4012054	5002	54	4012001	 武器 - 白裝	40	1728	1728	0	0	54	54	54	54	54	0	54	270	0	0	0	0	0	0	0	0	0	
	4012055	5002	55	4012001	 武器 - 白裝	40	1760	1760	0	0	55	55	55	55	55	0	55	275	0	0	0	0	0	0	0	0	0	
	4012056	5002	56	4012001	 武器 - 白裝	40	1792	1792	0	0	56	56	56	56	56	0	56	280	0	0	0	0	0	0	0	0	0	
	4012057	5002	57	4012001	 武器 - 白裝	40	1824	1824	0	0	57	57	57	57	57	0	57	285	0	0	0	0	0	0	0	0	0	
	4012058	5002	58	4012001	 武器 - 白裝	40	1856	1856	0	0	58	58	58	58	58	0	58	290	0	0	0	0	0	0	0	0	0	
	4012059	5002	59	4012001	 武器 - 白裝	40	1888	1888	0	0	59	59	59	59	59	0	59	295	0	0	0	0	0	0	0	0	0	
	4012060	5002	60	4012001	 武器 - 白裝	40	1920	1920	0	0	60	60	60	60	60	0	60	300	0	0	0	0	0	0	0	0	0	
	4012061	5002	61	4012001	 武器 - 白裝	40	1952	1952	0	0	61	61	61	61	61	0	61	305	0	0	0	0	0	0	0	0	0	
	4012062	5002	62	4012001	 武器 - 白裝	40	1984	1984	0	0	62	62	62	62	62	0	62	310	0	0	0	0	0	0	0	0	0	
	4012063	5002	63	4012001	 武器 - 白裝	40	2016	2016	0	0	63	63	63	63	63	0	63	315	0	0	0	0	0	0	0	0	0	
	4012064	5002	64	4012001	 武器 - 白裝	40	2048	2048	0	0	64	64	64	64	64	0	64	320	0	0	0	0	0	0	0	0	0	
	4012065	5002	65	4012001	 武器 - 白裝	40	2080	2080	0	0	65	65	65	65	65	0	65	325	0	0	0	0	0	0	0	0	0	
	4012066	5002	66	4012001	 武器 - 白裝	40	2112	2112	0	0	66	66	66	66	66	0	66	330	0	0	0	0	0	0	0	0	0	
	4012067	5002	67	4012001	 武器 - 白裝	40	2144	2144	0	0	67	67	67	67	67	0	67	335	0	0	0	0	0	0	0	0	0	
	4012068	5002	68	4012001	 武器 - 白裝	40	2176	2176	0	0	68	68	68	68	68	0	68	340	0	0	0	0	0	0	0	0	0	
	4012069	5002	69	4012001	 武器 - 白裝	40	2208	2208	0	0	69	69	69	69	69	0	69	345	0	0	0	0	0	0	0	0	0	
	4012070	5002	70	4012001	 武器 - 白裝	40	2240	2240	0	0	70	70	70	70	70	0	70	350	0	0	0	0	0	0	0	0	0	
	4012071	5002	71	4012001	 武器 - 白裝	40	2272	2272	0	0	71	71	71	71	71	0	71	355	0	0	0	0	0	0	0	0	0	
	4012072	5002	72	4012001	 武器 - 白裝	40	2304	2304	0	0	72	72	72	72	72	0	72	360	0	0	0	0	0	0	0	0	0	
	4012073	5002	73	4012001	 武器 - 白裝	40	2336	2336	0	0	73	73	73	73	73	0	73	365	0	0	0	0	0	0	0	0	0	
	4012074	5002	74	4012001	 武器 - 白裝	40	2368	2368	0	0	74	74	74	74	74	0	74	370	0	0	0	0	0	0	0	0	0	
	4012075	5002	75	4012001	 武器 - 白裝	40	2400	2400	0	0	75	75	75	75	75	0	75	375	0	0	0	0	0	0	0	0	0	
	4012076	5002	76	4012001	 武器 - 白裝	40	2432	2432	0	0	76	76	76	76	76	0	76	380	0	0	0	0	0	0	0	0	0	
	4012077	5002	77	4012001	 武器 - 白裝	40	2464	2464	0	0	77	77	77	77	77	0	77	385	0	0	0	0	0	0	0	0	0	
	4012078	5002	78	4012001	 武器 - 白裝	40	2496	2496	0	0	78	78	78	78	78	0	78	390	0	0	0	0	0	0	0	0	0	
	4012079	5002	79	4012001	 武器 - 白裝	40	2528	2528	0	0	79	79	79	79	79	0	79	395	0	0	0	0	0	0	0	0	0	
	4012080	5002	80	4012001	 武器 - 白裝	40	2560	2560	0	0	80	80	80	80	80	0	80	400	0	0	0	0	0	0	0	0	0	
	4012081	5002	81	4012001	 武器 - 白裝	40	2592	2592	0	0	81	81	81	81	81	0	81	405	0	0	0	0	0	0	0	0	0	
	4012082	5002	82	4012001	 武器 - 白裝	40	2624	2624	0	0	82	82	82	82	82	0	82	410	0	0	0	0	0	0	0	0	0	
	4012083	5002	83	4012001	 武器 - 白裝	40	2656	2656	0	0	83	83	83	83	83	0	83	415	0	0	0	0	0	0	0	0	0	
	4012084	5002	84	4012001	 武器 - 白裝	40	2688	2688	0	0	84	84	84	84	84	0	84	420	0	0	0	0	0	0	0	0	0	
	4012085	5002	85	4012001	 武器 - 白裝	40	2720	2720	0	0	85	85	85	85	85	0	85	425	0	0	0	0	0	0	0	0	0	
	4012086	5002	86	4012001	 武器 - 白裝	40	2752	2752	0	0	86	86	86	86	86	0	86	430	0	0	0	0	0	0	0	0	0	
	4012087	5002	87	4012001	 武器 - 白裝	40	2784	2784	0	0	87	87	87	87	87	0	87	435	0	0	0	0	0	0	0	0	0	
	4012088	5002	88	4012001	 武器 - 白裝	40	2816	2816	0	0	88	88	88	88	88	0	88	440	0	0	0	0	0	0	0	0	0	
	4012089	5002	89	4012001	 武器 - 白裝	40	2848	2848	0	0	89	89	89	89	89	0	89	445	0	0	0	0	0	0	0	0	0	
	4012090	5002	90	4012001	 武器 - 白裝	40	2880	2880	0	0	90	90	90	90	90	0	90	450	0	0	0	0	0	0	0	0	0	
	4012091	5002	91	4012001	 武器 - 白裝	40	2912	2912	0	0	91	91	91	91	91	0	91	455	0	0	0	0	0	0	0	0	0	
	4012092	5002	92	4012001	 武器 - 白裝	40	2944	2944	0	0	92	92	92	92	92	0	92	460	0	0	0	0	0	0	0	0	0	
	4012093	5002	93	4012001	 武器 - 白裝	40	2976	2976	0	0	93	93	93	93	93	0	93	465	0	0	0	0	0	0	0	0	0	
	4012094	5002	94	4012001	 武器 - 白裝	40	3008	3008	0	0	94	94	94	94	94	0	94	470	0	0	0	0	0	0	0	0	0	
	4012095	5002	95	4012001	 武器 - 白裝	40	3040	3040	0	0	95	95	95	95	95	0	95	475	0	0	0	0	0	0	0	0	0	
	4012096	5002	96	4012001	 武器 - 白裝	40	3072	3072	0	0	96	96	96	96	96	0	96	480	0	0	0	0	0	0	0	0	0	
	4012097	5002	97	4012001	 武器 - 白裝	40	3104	3104	0	0	97	97	97	97	97	0	97	485	0	0	0	0	0	0	0	0	0	
	4012098	5002	98	4012001	 武器 - 白裝	40	3136	3136	0	0	98	98	98	98	98	0	98	490	0	0	0	0	0	0	0	0	0	
	4012099	5002	99	4012001	 武器 - 白裝	40	3168	3168	0	0	99	99	99	99	99	0	99	495	0	0	0	0	0	0	0	0	0	
	4012100	5002	100	4012001	 武器 - 白裝	40	3200	3200	0	0	100	100	100	100	100	0	100	500	0	0	0	0	0	0	0	0	0	
	4012101	5002	101	4012001	 武器 - 白裝	40	3232	3232	0	0	101	101	101	101	101	0	101	505	0	0	0	0	0	0	0	0	0	
	4012102	5002	102	4012001	 武器 - 白裝	40	3264	3264	0	0	102	102	102	102	102	0	102	510	0	0	0	0	0	0	0	0	0	
	4012103	5002	103	4012001	 武器 - 白裝	40	3296	3296	0	0	103	103	103	103	103	0	103	515	0	0	0	0	0	0	0	0	0	
	4012104	5002	104	4012001	 武器 - 白裝	40	3328	3328	0	0	104	104	104	104	104	0	104	520	0	0	0	0	0	0	0	0	0	
	4012105	5002	105	4012001	 武器 - 白裝	40	3360	3360	0	0	105	105	105	105	105	0	105	525	0	0	0	0	0	0	0	0	0	
	4012106	5002	106	4012001	 武器 - 白裝	40	3392	3392	0	0	106	106	106	106	106	0	106	530	0	0	0	0	0	0	0	0	0	
	4012107	5002	107	4012001	 武器 - 白裝	40	3424	3424	0	0	107	107	107	107	107	0	107	535	0	0	0	0	0	0	0	0	0	
	4012108	5002	108	4012001	 武器 - 白裝	40	3456	3456	0	0	108	108	108	108	108	0	108	540	0	0	0	0	0	0	0	0	0	
# 武器 - 綠裝																												
	4013001	5002	1	4013001	 武器 - 綠裝	40	36	36	1	1	1	1	1	1	1	0	1	5	0	0	0	0	0	0	0	0	0	
	4013002	5002	2	4013001	 武器 - 綠裝	40	72	72	2	2	2	2	2	2	2	0	2	10	0	0	0	0	0	0	0	0	0	
	4013003	5002	3	4013001	 武器 - 綠裝	40	108	108	3	3	3	3	3	3	3	0	3	15	0	0	0	0	0	0	0	0	0	
	4013004	5002	4	4013001	 武器 - 綠裝	40	144	144	4	4	4	4	4	4	4	0	4	20	0	0	0	0	0	0	0	0	0	
	4013005	5002	5	4013001	 武器 - 綠裝	40	180	180	5	5	5	5	5	5	5	0	5	25	0	0	0	0	0	0	0	0	0	
	4013006	5002	6	4013001	 武器 - 綠裝	40	216	216	6	6	6	6	6	6	6	0	6	30	0	0	0	0	0	0	0	0	0	
	4013007	5002	7	4013001	 武器 - 綠裝	40	252	252	7	7	7	7	7	7	7	0	7	35	0	0	0	0	0	0	0	0	0	
	4013008	5002	8	4013001	 武器 - 綠裝	40	288	288	8	8	8	8	8	8	8	0	8	40	0	0	0	0	0	0	0	0	0	
	4013009	5002	9	4013001	 武器 - 綠裝	40	324	324	9	9	9	9	9	9	9	0	9	45	0	0	0	0	0	0	0	0	0	
	4013010	5002	10	4013001	 武器 - 綠裝	40	360	360	10	10	10	10	10	10	10	0	10	50	0	0	0	0	0	0	0	0	0	
	4013011	5002	11	4013001	 武器 - 綠裝	40	396	396	11	11	11	11	11	11	11	0	11	55	0	0	0	0	0	0	0	0	0	
	4013012	5002	12	4013001	 武器 - 綠裝	40	432	432	12	12	12	12	12	12	12	0	12	60	0	0	0	0	0	0	0	0	0	
	4013013	5002	13	4013001	 武器 - 綠裝	40	468	468	13	13	13	13	13	13	13	0	13	65	0	0	0	0	0	0	0	0	0	
	4013014	5002	14	4013001	 武器 - 綠裝	40	504	504	14	14	14	14	14	14	14	0	14	70	0	0	0	0	0	0	0	0	0	
	4013015	5002	15	4013001	 武器 - 綠裝	40	540	540	15	15	15	15	15	15	15	0	15	75	0	0	0	0	0	0	0	0	0	
	4013016	5002	16	4013001	 武器 - 綠裝	40	576	576	16	16	16	16	16	16	16	0	16	80	0	0	0	0	0	0	0	0	0	
	4013017	5002	17	4013001	 武器 - 綠裝	40	612	612	17	17	17	17	17	17	17	0	17	85	0	0	0	0	0	0	0	0	0	
	4013018	5002	18	4013001	 武器 - 綠裝	40	648	648	18	18	18	18	18	18	18	0	18	90	0	0	0	0	0	0	0	0	0	
	4013019	5002	19	4013001	 武器 - 綠裝	40	684	684	19	19	19	19	19	19	19	0	19	95	0	0	0	0	0	0	0	0	0	
	4013020	5002	20	4013001	 武器 - 綠裝	40	720	720	20	20	20	20	20	20	20	0	20	100	0	0	0	0	0	0	0	0	0	
	4013021	5002	21	4013001	 武器 - 綠裝	40	756	756	21	21	21	21	21	21	21	0	21	105	0	0	0	0	0	0	0	0	0	
	4013022	5002	22	4013001	 武器 - 綠裝	40	792	792	22	22	22	22	22	22	22	0	22	110	0	0	0	0	0	0	0	0	0	
	4013023	5002	23	4013001	 武器 - 綠裝	40	828	828	23	23	23	23	23	23	23	0	23	115	0	0	0	0	0	0	0	0	0	
	4013024	5002	24	4013001	 武器 - 綠裝	40	864	864	24	24	24	24	24	24	24	0	24	120	0	0	0	0	0	0	0	0	0	
	4013025	5002	25	4013001	 武器 - 綠裝	40	900	900	25	25	25	25	25	25	25	0	25	125	0	0	0	0	0	0	0	0	0	
	4013026	5002	26	4013001	 武器 - 綠裝	40	936	936	26	26	26	26	26	26	26	0	26	130	0	0	0	0	0	0	0	0	0	
	4013027	5002	27	4013001	 武器 - 綠裝	40	972	972	27	27	27	27	27	27	27	0	27	135	0	0	0	0	0	0	0	0	0	
	4013028	5002	28	4013001	 武器 - 綠裝	40	1008	1008	28	28	28	28	28	28	28	0	28	140	0	0	0	0	0	0	0	0	0	
	4013029	5002	29	4013001	 武器 - 綠裝	40	1044	1044	29	29	29	29	29	29	29	0	29	145	0	0	0	0	0	0	0	0	0	
	4013030	5002	30	4013001	 武器 - 綠裝	40	1080	1080	30	30	30	30	30	30	30	0	30	150	0	0	0	0	0	0	0	0	0	
	4013031	5002	31	4013001	 武器 - 綠裝	40	1116	1116	31	31	31	31	31	31	31	0	31	155	0	0	0	0	0	0	0	0	0	
	4013032	5002	32	4013001	 武器 - 綠裝	40	1152	1152	32	32	32	32	32	32	32	0	32	160	0	0	0	0	0	0	0	0	0	
	4013033	5002	33	4013001	 武器 - 綠裝	40	1188	1188	33	33	33	33	33	33	33	0	33	165	0	0	0	0	0	0	0	0	0	
	4013034	5002	34	4013001	 武器 - 綠裝	40	1224	1224	34	34	34	34	34	34	34	0	34	170	0	0	0	0	0	0	0	0	0	
	4013035	5002	35	4013001	 武器 - 綠裝	40	1260	1260	35	35	35	35	35	35	35	0	35	175	0	0	0	0	0	0	0	0	0	
	4013036	5002	36	4013001	 武器 - 綠裝	40	1296	1296	36	36	36	36	36	36	36	0	36	180	0	0	0	0	0	0	0	0	0	
	4013037	5002	37	4013001	 武器 - 綠裝	40	1332	1332	37	37	37	37	37	37	37	0	37	185	0	0	0	0	0	0	0	0	0	
	4013038	5002	38	4013001	 武器 - 綠裝	40	1368	1368	38	38	38	38	38	38	38	0	38	190	0	0	0	0	0	0	0	0	0	
	4013039	5002	39	4013001	 武器 - 綠裝	40	1404	1404	39	39	39	39	39	39	39	0	39	195	0	0	0	0	0	0	0	0	0	
	4013040	5002	40	4013001	 武器 - 綠裝	40	1440	1440	40	40	40	40	40	40	40	0	40	200	0	0	0	0	0	0	0	0	0	
	4013041	5002	41	4013001	 武器 - 綠裝	40	1476	1476	41	41	41	41	41	41	41	0	41	205	0	0	0	0	0	0	0	0	0	
	4013042	5002	42	4013001	 武器 - 綠裝	40	1512	1512	42	42	42	42	42	42	42	0	42	210	0	0	0	0	0	0	0	0	0	
	4013043	5002	43	4013001	 武器 - 綠裝	40	1548	1548	43	43	43	43	43	43	43	0	43	215	0	0	0	0	0	0	0	0	0	
	4013044	5002	44	4013001	 武器 - 綠裝	40	1584	1584	44	44	44	44	44	44	44	0	44	220	0	0	0	0	0	0	0	0	0	
	4013045	5002	45	4013001	 武器 - 綠裝	40	1620	1620	45	45	45	45	45	45	45	0	45	225	0	0	0	0	0	0	0	0	0	
	4013046	5002	46	4013001	 武器 - 綠裝	40	1656	1656	46	46	46	46	46	46	46	0	46	230	0	0	0	0	0	0	0	0	0	
	4013047	5002	47	4013001	 武器 - 綠裝	40	1692	1692	47	47	47	47	47	47	47	0	47	235	0	0	0	0	0	0	0	0	0	
	4013048	5002	48	4013001	 武器 - 綠裝	40	1728	1728	48	48	48	48	48	48	48	0	48	240	0	0	0	0	0	0	0	0	0	
	4013049	5002	49	4013001	 武器 - 綠裝	40	1764	1764	49	49	49	49	49	49	49	0	49	245	0	0	0	0	0	0	0	0	0	
	4013050	5002	50	4013001	 武器 - 綠裝	40	1800	1800	50	50	50	50	50	50	50	0	50	250	0	0	0	0	0	0	0	0	0	
	4013051	5002	51	4013001	 武器 - 綠裝	40	1836	1836	51	51	51	51	51	51	51	0	51	255	0	0	0	0	0	0	0	0	0	
	4013052	5002	52	4013001	 武器 - 綠裝	40	1872	1872	52	52	52	52	52	52	52	0	52	260	0	0	0	0	0	0	0	0	0	
	4013053	5002	53	4013001	 武器 - 綠裝	40	1908	1908	53	53	53	53	53	53	53	0	53	265	0	0	0	0	0	0	0	0	0	
	4013054	5002	54	4013001	 武器 - 綠裝	40	1944	1944	54	54	54	54	54	54	54	0	54	270	0	0	0	0	0	0	0	0	0	
	4013055	5002	55	4013001	 武器 - 綠裝	40	1980	1980	55	55	55	55	55	55	55	0	55	275	0	0	0	0	0	0	0	0	0	
	4013056	5002	56	4013001	 武器 - 綠裝	40	2016	2016	56	56	56	56	56	56	56	0	56	280	0	0	0	0	0	0	0	0	0	
	4013057	5002	57	4013001	 武器 - 綠裝	40	2052	2052	57	57	57	57	57	57	57	0	57	285	0	0	0	0	0	0	0	0	0	
	4013058	5002	58	4013001	 武器 - 綠裝	40	2088	2088	58	58	58	58	58	58	58	0	58	290	0	0	0	0	0	0	0	0	0	
	4013059	5002	59	4013001	 武器 - 綠裝	40	2124	2124	59	59	59	59	59	59	59	0	59	295	0	0	0	0	0	0	0	0	0	
	4013060	5002	60	4013001	 武器 - 綠裝	40	2160	2160	60	60	60	60	60	60	60	0	60	300	0	0	0	0	0	0	0	0	0	
	4013061	5002	61	4013001	 武器 - 綠裝	40	2196	2196	61	61	61	61	61	61	61	0	61	305	0	0	0	0	0	0	0	0	0	
	4013062	5002	62	4013001	 武器 - 綠裝	40	2232	2232	62	62	62	62	62	62	62	0	62	310	0	0	0	0	0	0	0	0	0	
	4013063	5002	63	4013001	 武器 - 綠裝	40	2268	2268	63	63	63	63	63	63	63	0	63	315	0	0	0	0	0	0	0	0	0	
	4013064	5002	64	4013001	 武器 - 綠裝	40	2304	2304	64	64	64	64	64	64	64	0	64	320	0	0	0	0	0	0	0	0	0	
	4013065	5002	65	4013001	 武器 - 綠裝	40	2340	2340	65	65	65	65	65	65	65	0	65	325	0	0	0	0	0	0	0	0	0	
	4013066	5002	66	4013001	 武器 - 綠裝	40	2376	2376	66	66	66	66	66	66	66	0	66	330	0	0	0	0	0	0	0	0	0	
	4013067	5002	67	4013001	 武器 - 綠裝	40	2412	2412	67	67	67	67	67	67	67	0	67	335	0	0	0	0	0	0	0	0	0	
	4013068	5002	68	4013001	 武器 - 綠裝	40	2448	2448	68	68	68	68	68	68	68	0	68	340	0	0	0	0	0	0	0	0	0	
	4013069	5002	69	4013001	 武器 - 綠裝	40	2484	2484	69	69	69	69	69	69	69	0	69	345	0	0	0	0	0	0	0	0	0	
	4013070	5002	70	4013001	 武器 - 綠裝	40	2520	2520	70	70	70	70	70	70	70	0	70	350	0	0	0	0	0	0	0	0	0	
	4013071	5002	71	4013001	 武器 - 綠裝	40	2556	2556	71	71	71	71	71	71	71	0	71	355	0	0	0	0	0	0	0	0	0	
	4013072	5002	72	4013001	 武器 - 綠裝	40	2592	2592	72	72	72	72	72	72	72	0	72	360	0	0	0	0	0	0	0	0	0	
	4013073	5002	73	4013001	 武器 - 綠裝	40	2628	2628	73	73	73	73	73	73	73	0	73	365	0	0	0	0	0	0	0	0	0	
	4013074	5002	74	4013001	 武器 - 綠裝	40	2664	2664	74	74	74	74	74	74	74	0	74	370	0	0	0	0	0	0	0	0	0	
	4013075	5002	75	4013001	 武器 - 綠裝	40	2700	2700	75	75	75	75	75	75	75	0	75	375	0	0	0	0	0	0	0	0	0	
	4013076	5002	76	4013001	 武器 - 綠裝	40	2736	2736	76	76	76	76	76	76	76	0	76	380	0	0	0	0	0	0	0	0	0	
	4013077	5002	77	4013001	 武器 - 綠裝	40	2772	2772	77	77	77	77	77	77	77	0	77	385	0	0	0	0	0	0	0	0	0	
	4013078	5002	78	4013001	 武器 - 綠裝	40	2808	2808	78	78	78	78	78	78	78	0	78	390	0	0	0	0	0	0	0	0	0	
	4013079	5002	79	4013001	 武器 - 綠裝	40	2844	2844	79	79	79	79	79	79	79	0	79	395	0	0	0	0	0	0	0	0	0	
	4013080	5002	80	4013001	 武器 - 綠裝	40	2880	2880	80	80	80	80	80	80	80	0	80	400	0	0	0	0	0	0	0	0	0	
	4013081	5002	81	4013001	 武器 - 綠裝	40	2916	2916	81	81	81	81	81	81	81	0	81	405	0	0	0	0	0	0	0	0	0	
	4013082	5002	82	4013001	 武器 - 綠裝	40	2952	2952	82	82	82	82	82	82	82	0	82	410	0	0	0	0	0	0	0	0	0	
	4013083	5002	83	4013001	 武器 - 綠裝	40	2988	2988	83	83	83	83	83	83	83	0	83	415	0	0	0	0	0	0	0	0	0	
	4013084	5002	84	4013001	 武器 - 綠裝	40	3024	3024	84	84	84	84	84	84	84	0	84	420	0	0	0	0	0	0	0	0	0	
	4013085	5002	85	4013001	 武器 - 綠裝	40	3060	3060	85	85	85	85	85	85	85	0	85	425	0	0	0	0	0	0	0	0	0	
	4013086	5002	86	4013001	 武器 - 綠裝	40	3096	3096	86	86	86	86	86	86	86	0	86	430	0	0	0	0	0	0	0	0	0	
	4013087	5002	87	4013001	 武器 - 綠裝	40	3132	3132	87	87	87	87	87	87	87	0	87	435	0	0	0	0	0	0	0	0	0	
	4013088	5002	88	4013001	 武器 - 綠裝	40	3168	3168	88	88	88	88	88	88	88	0	88	440	0	0	0	0	0	0	0	0	0	
	4013089	5002	89	4013001	 武器 - 綠裝	40	3204	3204	89	89	89	89	89	89	89	0	89	445	0	0	0	0	0	0	0	0	0	
	4013090	5002	90	4013001	 武器 - 綠裝	40	3240	3240	90	90	90	90	90	90	90	0	90	450	0	0	0	0	0	0	0	0	0	
	4013091	5002	91	4013001	 武器 - 綠裝	40	3276	3276	91	91	91	91	91	91	91	0	91	455	0	0	0	0	0	0	0	0	0	
	4013092	5002	92	4013001	 武器 - 綠裝	40	3312	3312	92	92	92	92	92	92	92	0	92	460	0	0	0	0	0	0	0	0	0	
	4013093	5002	93	4013001	 武器 - 綠裝	40	3348	3348	93	93	93	93	93	93	93	0	93	465	0	0	0	0	0	0	0	0	0	
	4013094	5002	94	4013001	 武器 - 綠裝	40	3384	3384	94	94	94	94	94	94	94	0	94	470	0	0	0	0	0	0	0	0	0	
	4013095	5002	95	4013001	 武器 - 綠裝	40	3420	3420	95	95	95	95	95	95	95	0	95	475	0	0	0	0	0	0	0	0	0	
	4013096	5002	96	4013001	 武器 - 綠裝	40	3456	3456	96	96	96	96	96	96	96	0	96	480	0	0	0	0	0	0	0	0	0	
	4013097	5002	97	4013001	 武器 - 綠裝	40	3492	3492	97	97	97	97	97	97	97	0	97	485	0	0	0	0	0	0	0	0	0	
	4013098	5002	98	4013001	 武器 - 綠裝	40	3528	3528	98	98	98	98	98	98	98	0	98	490	0	0	0	0	0	0	0	0	0	
	4013099	5002	99	4013001	 武器 - 綠裝	40	3564	3564	99	99	99	99	99	99	99	0	99	495	0	0	0	0	0	0	0	0	0	
	4013100	5002	100	4013001	 武器 - 綠裝	40	3600	3600	100	100	100	100	100	100	100	0	100	500	0	0	0	0	0	0	0	0	0	
	4013101	5002	101	4013001	 武器 - 綠裝	40	3636	3636	101	101	101	101	101	101	101	0	101	505	0	0	0	0	0	0	0	0	0	
	4013102	5002	102	4013001	 武器 - 綠裝	40	3672	3672	102	102	102	102	102	102	102	0	102	510	0	0	0	0	0	0	0	0	0	
	4013103	5002	103	4013001	 武器 - 綠裝	40	3708	3708	103	103	103	103	103	103	103	0	103	515	0	0	0	0	0	0	0	0	0	
	4013104	5002	104	4013001	 武器 - 綠裝	40	3744	3744	104	104	104	104	104	104	104	0	104	520	0	0	0	0	0	0	0	0	0	
	4013105	5002	105	4013001	 武器 - 綠裝	40	3780	3780	105	105	105	105	105	105	105	0	105	525	0	0	0	0	0	0	0	0	0	
	4013106	5002	106	4013001	 武器 - 綠裝	40	3816	3816	106	106	106	106	106	106	106	0	106	530	0	0	0	0	0	0	0	0	0	
	4013107	5002	107	4013001	 武器 - 綠裝	40	3852	3852	107	107	107	107	107	107	107	0	107	535	0	0	0	0	0	0	0	0	0	
	4013108	5002	108	4013001	 武器 - 綠裝	40	3888	3888	108	108	108	108	108	108	108	0	108	540	0	0	0	0	0	0	0	0	0	
# 武器 - 藍裝																												
	4014001	5002	1	4014001	 武器 - 藍裝	40	41	41	1	1	2	2	2	2	2	0	2	11	0	0	0	0	0	0	0	0	0	
	4014002	5002	2	4014001	 武器 - 藍裝	40	82	82	2	2	4	4	4	4	4	0	4	22	0	0	0	0	0	0	0	0	0	
	4014003	5002	3	4014001	 武器 - 藍裝	40	123	123	3	3	6	6	6	6	6	0	6	33	0	0	0	0	0	0	0	0	0	
	4014004	5002	4	4014001	 武器 - 藍裝	40	164	164	4	4	8	8	8	8	8	0	8	44	0	0	0	0	0	0	0	0	0	
	4014005	5002	5	4014001	 武器 - 藍裝	40	205	205	5	5	10	10	10	10	10	0	10	55	0	0	0	0	0	0	0	0	0	
	4014006	5002	6	4014001	 武器 - 藍裝	40	246	246	6	6	12	12	12	12	12	0	12	66	0	0	0	0	0	0	0	0	0	
	4014007	5002	7	4014001	 武器 - 藍裝	40	287	287	7	7	14	14	14	14	14	0	14	77	0	0	0	0	0	0	0	0	0	
	4014008	5002	8	4014001	 武器 - 藍裝	40	328	328	8	8	16	16	16	16	16	0	16	88	0	0	0	0	0	0	0	0	0	
	4014009	5002	9	4014001	 武器 - 藍裝	40	369	369	9	9	18	18	18	18	18	0	18	99	0	0	0	0	0	0	0	0	0	
	4014010	5002	10	4014001	 武器 - 藍裝	40	410	410	10	10	20	20	20	20	20	0	20	110	0	0	0	0	0	0	0	0	0	
	4014011	5002	11	4014001	 武器 - 藍裝	40	451	451	11	11	22	22	22	22	22	0	22	121	0	0	0	0	0	0	0	0	0	
	4014012	5002	12	4014001	 武器 - 藍裝	40	492	492	12	12	24	24	24	24	24	0	24	132	0	0	0	0	0	0	0	0	0	
	4014013	5002	13	4014001	 武器 - 藍裝	40	533	533	13	13	26	26	26	26	26	0	26	143	0	0	0	0	0	0	0	0	0	
	4014014	5002	14	4014001	 武器 - 藍裝	40	574	574	14	14	28	28	28	28	28	0	28	154	0	0	0	0	0	0	0	0	0	
	4014015	5002	15	4014001	 武器 - 藍裝	40	615	615	15	15	30	30	30	30	30	0	30	165	0	0	0	0	0	0	0	0	0	
	4014016	5002	16	4014001	 武器 - 藍裝	40	656	656	16	16	32	32	32	32	32	0	32	176	0	0	0	0	0	0	0	0	0	
	4014017	5002	17	4014001	 武器 - 藍裝	40	697	697	17	17	34	34	34	34	34	0	34	187	0	0	0	0	0	0	0	0	0	
	4014018	5002	18	4014001	 武器 - 藍裝	40	738	738	18	18	36	36	36	36	36	0	36	198	0	0	0	0	0	0	0	0	0	
	4014019	5002	19	4014001	 武器 - 藍裝	40	779	779	19	19	38	38	38	38	38	0	38	209	0	0	0	0	0	0	0	0	0	
	4014020	5002	20	4014001	 武器 - 藍裝	40	820	820	20	20	40	40	40	40	40	0	40	220	0	0	0	0	0	0	0	0	0	
	4014021	5002	21	4014001	 武器 - 藍裝	40	861	861	21	21	42	42	42	42	42	0	42	231	0	0	0	0	0	0	0	0	0	
	4014022	5002	22	4014001	 武器 - 藍裝	40	902	902	22	22	44	44	44	44	44	0	44	242	0	0	0	0	0	0	0	0	0	
	4014023	5002	23	4014001	 武器 - 藍裝	40	943	943	23	23	46	46	46	46	46	0	46	253	0	0	0	0	0	0	0	0	0	
	4014024	5002	24	4014001	 武器 - 藍裝	40	984	984	24	24	48	48	48	48	48	0	48	264	0	0	0	0	0	0	0	0	0	
	4014025	5002	25	4014001	 武器 - 藍裝	40	1025	1025	25	25	50	50	50	50	50	0	50	275	0	0	0	0	0	0	0	0	0	
	4014026	5002	26	4014001	 武器 - 藍裝	40	1066	1066	26	26	52	52	52	52	52	0	52	286	0	0	0	0	0	0	0	0	0	
	4014027	5002	27	4014001	 武器 - 藍裝	40	1107	1107	27	27	54	54	54	54	54	0	54	297	0	0	0	0	0	0	0	0	0	
	4014028	5002	28	4014001	 武器 - 藍裝	40	1148	1148	28	28	56	56	56	56	56	0	56	308	0	0	0	0	0	0	0	0	0	
	4014029	5002	29	4014001	 武器 - 藍裝	40	1189	1189	29	29	58	58	58	58	58	0	58	319	0	0	0	0	0	0	0	0	0	
	4014030	5002	30	4014001	 武器 - 藍裝	40	1230	1230	30	30	60	60	60	60	60	0	60	330	0	0	0	0	0	0	0	0	0	
	4014031	5002	31	4014001	 武器 - 藍裝	40	1271	1271	31	31	62	62	62	62	62	0	62	341	0	0	0	0	0	0	0	0	0	
	4014032	5002	32	4014001	 武器 - 藍裝	40	1312	1312	32	32	64	64	64	64	64	0	64	352	0	0	0	0	0	0	0	0	0	
	4014033	5002	33	4014001	 武器 - 藍裝	40	1353	1353	33	33	66	66	66	66	66	0	66	363	0	0	0	0	0	0	0	0	0	
	4014034	5002	34	4014001	 武器 - 藍裝	40	1394	1394	34	34	68	68	68	68	68	0	68	374	0	0	0	0	0	0	0	0	0	
	4014035	5002	35	4014001	 武器 - 藍裝	40	1435	1435	35	35	70	70	70	70	70	0	70	385	0	0	0	0	0	0	0	0	0	
	4014036	5002	36	4014001	 武器 - 藍裝	40	1476	1476	36	36	72	72	72	72	72	0	72	396	0	0	0	0	0	0	0	0	0	
	4014037	5002	37	4014001	 武器 - 藍裝	40	1517	1517	37	37	74	74	74	74	74	0	74	407	0	0	0	0	0	0	0	0	0	
	4014038	5002	38	4014001	 武器 - 藍裝	40	1558	1558	38	38	76	76	76	76	76	0	76	418	0	0	0	0	0	0	0	0	0	
	4014039	5002	39	4014001	 武器 - 藍裝	40	1599	1599	39	39	78	78	78	78	78	0	78	429	0	0	0	0	0	0	0	0	0	
	4014040	5002	40	4014001	 武器 - 藍裝	40	1640	1640	40	40	80	80	80	80	80	0	80	440	0	0	0	0	0	0	0	0	0	
	4014041	5002	41	4014001	 武器 - 藍裝	40	1681	1681	41	41	82	82	82	82	82	0	82	451	0	0	0	0	0	0	0	0	0	
	4014042	5002	42	4014001	 武器 - 藍裝	40	1722	1722	42	42	84	84	84	84	84	0	84	462	0	0	0	0	0	0	0	0	0	
	4014043	5002	43	4014001	 武器 - 藍裝	40	1763	1763	43	43	86	86	86	86	86	0	86	473	0	0	0	0	0	0	0	0	0	
	4014044	5002	44	4014001	 武器 - 藍裝	40	1804	1804	44	44	88	88	88	88	88	0	88	484	0	0	0	0	0	0	0	0	0	
	4014045	5002	45	4014001	 武器 - 藍裝	40	1845	1845	45	45	90	90	90	90	90	0	90	495	0	0	0	0	0	0	0	0	0	
	4014046	5002	46	4014001	 武器 - 藍裝	40	1886	1886	46	46	92	92	92	92	92	0	92	506	0	0	0	0	0	0	0	0	0	
	4014047	5002	47	4014001	 武器 - 藍裝	40	1927	1927	47	47	94	94	94	94	94	0	94	517	0	0	0	0	0	0	0	0	0	
	4014048	5002	48	4014001	 武器 - 藍裝	40	1968	1968	48	48	96	96	96	96	96	0	96	528	0	0	0	0	0	0	0	0	0	
	4014049	5002	49	4014001	 武器 - 藍裝	40	2009	2009	49	49	98	98	98	98	98	0	98	539	0	0	0	0	0	0	0	0	0	
	4014050	5002	50	4014001	 武器 - 藍裝	40	2050	2050	50	50	100	100	100	100	100	0	100	550	0	0	0	0	0	0	0	0	0	
	4014051	5002	51	4014001	 武器 - 藍裝	40	2091	2091	51	51	102	102	102	102	102	0	102	561	0	0	0	0	0	0	0	0	0	
	4014052	5002	52	4014001	 武器 - 藍裝	40	2132	2132	52	52	104	104	104	104	104	0	104	572	0	0	0	0	0	0	0	0	0	
	4014053	5002	53	4014001	 武器 - 藍裝	40	2173	2173	53	53	106	106	106	106	106	0	106	583	0	0	0	0	0	0	0	0	0	
	4014054	5002	54	4014001	 武器 - 藍裝	40	2214	2214	54	54	108	108	108	108	108	0	108	594	0	0	0	0	0	0	0	0	0	
	4014055	5002	55	4014001	 武器 - 藍裝	40	2255	2255	55	55	110	110	110	110	110	0	110	605	0	0	0	0	0	0	0	0	0	
	4014056	5002	56	4014001	 武器 - 藍裝	40	2296	2296	56	56	112	112	112	112	112	0	112	616	0	0	0	0	0	0	0	0	0	
	4014057	5002	57	4014001	 武器 - 藍裝	40	2337	2337	57	57	114	114	114	114	114	0	114	627	0	0	0	0	0	0	0	0	0	
	4014058	5002	58	4014001	 武器 - 藍裝	40	2378	2378	58	58	116	116	116	116	116	0	116	638	0	0	0	0	0	0	0	0	0	
	4014059	5002	59	4014001	 武器 - 藍裝	40	2419	2419	59	59	118	118	118	118	118	0	118	649	0	0	0	0	0	0	0	0	0	
	4014060	5002	60	4014001	 武器 - 藍裝	40	2460	2460	60	60	120	120	120	120	120	0	120	660	0	0	0	0	0	0	0	0	0	
	4014061	5002	61	4014001	 武器 - 藍裝	40	2501	2501	61	61	122	122	122	122	122	0	122	671	0	0	0	0	0	0	0	0	0	
	4014062	5002	62	4014001	 武器 - 藍裝	40	2542	2542	62	62	124	124	124	124	124	0	124	682	0	0	0	0	0	0	0	0	0	
	4014063	5002	63	4014001	 武器 - 藍裝	40	2583	2583	63	63	126	126	126	126	126	0	126	693	0	0	0	0	0	0	0	0	0	
	4014064	5002	64	4014001	 武器 - 藍裝	40	2624	2624	64	64	128	128	128	128	128	0	128	704	0	0	0	0	0	0	0	0	0	
	4014065	5002	65	4014001	 武器 - 藍裝	40	2665	2665	65	65	130	130	130	130	130	0	130	715	0	0	0	0	0	0	0	0	0	
	4014066	5002	66	4014001	 武器 - 藍裝	40	2706	2706	66	66	132	132	132	132	132	0	132	726	0	0	0	0	0	0	0	0	0	
	4014067	5002	67	4014001	 武器 - 藍裝	40	2747	2747	67	67	134	134	134	134	134	0	134	737	0	0	0	0	0	0	0	0	0	
	4014068	5002	68	4014001	 武器 - 藍裝	40	2788	2788	68	68	136	136	136	136	136	0	136	748	0	0	0	0	0	0	0	0	0	
	4014069	5002	69	4014001	 武器 - 藍裝	40	2829	2829	69	69	138	138	138	138	138	0	138	759	0	0	0	0	0	0	0	0	0	
	4014070	5002	70	4014001	 武器 - 藍裝	40	2870	2870	70	70	140	140	140	140	140	0	140	770	0	0	0	0	0	0	0	0	0	
	4014071	5002	71	4014001	 武器 - 藍裝	40	2911	2911	71	71	142	142	142	142	142	0	142	781	0	0	0	0	0	0	0	0	0	
	4014072	5002	72	4014001	 武器 - 藍裝	40	2952	2952	72	72	144	144	144	144	144	0	144	792	0	0	0	0	0	0	0	0	0	
	4014073	5002	73	4014001	 武器 - 藍裝	40	2993	2993	73	73	146	146	146	146	146	0	146	803	0	0	0	0	0	0	0	0	0	
	4014074	5002	74	4014001	 武器 - 藍裝	40	3034	3034	74	74	148	148	148	148	148	0	148	814	0	0	0	0	0	0	0	0	0	
	4014075	5002	75	4014001	 武器 - 藍裝	40	3075	3075	75	75	150	150	150	150	150	0	150	825	0	0	0	0	0	0	0	0	0	
	4014076	5002	76	4014001	 武器 - 藍裝	40	3116	3116	76	76	152	152	152	152	152	0	152	836	0	0	0	0	0	0	0	0	0	
	4014077	5002	77	4014001	 武器 - 藍裝	40	3157	3157	77	77	154	154	154	154	154	0	154	847	0	0	0	0	0	0	0	0	0	
	4014078	5002	78	4014001	 武器 - 藍裝	40	3198	3198	78	78	156	156	156	156	156	0	156	858	0	0	0	0	0	0	0	0	0	
	4014079	5002	79	4014001	 武器 - 藍裝	40	3239	3239	79	79	158	158	158	158	158	0	158	869	0	0	0	0	0	0	0	0	0	
	4014080	5002	80	4014001	 武器 - 藍裝	40	3280	3280	80	80	160	160	160	160	160	0	160	880	0	0	0	0	0	0	0	0	0	
	4014081	5002	81	4014001	 武器 - 藍裝	40	3321	3321	81	81	162	162	162	162	162	0	162	891	0	0	0	0	0	0	0	0	0	
	4014082	5002	82	4014001	 武器 - 藍裝	40	3362	3362	82	82	164	164	164	164	164	0	164	902	0	0	0	0	0	0	0	0	0	
	4014083	5002	83	4014001	 武器 - 藍裝	40	3403	3403	83	83	166	166	166	166	166	0	166	913	0	0	0	0	0	0	0	0	0	
	4014084	5002	84	4014001	 武器 - 藍裝	40	3444	3444	84	84	168	168	168	168	168	0	168	924	0	0	0	0	0	0	0	0	0	
	4014085	5002	85	4014001	 武器 - 藍裝	40	3485	3485	85	85	170	170	170	170	170	0	170	935	0	0	0	0	0	0	0	0	0	
	4014086	5002	86	4014001	 武器 - 藍裝	40	3526	3526	86	86	172	172	172	172	172	0	172	946	0	0	0	0	0	0	0	0	0	
	4014087	5002	87	4014001	 武器 - 藍裝	40	3567	3567	87	87	174	174	174	174	174	0	174	957	0	0	0	0	0	0	0	0	0	
	4014088	5002	88	4014001	 武器 - 藍裝	40	3608	3608	88	88	176	176	176	176	176	0	176	968	0	0	0	0	0	0	0	0	0	
	4014089	5002	89	4014001	 武器 - 藍裝	40	3649	3649	89	89	178	178	178	178	178	0	178	979	0	0	0	0	0	0	0	0	0	
	4014090	5002	90	4014001	 武器 - 藍裝	40	3690	3690	90	90	180	180	180	180	180	0	180	990	0	0	0	0	0	0	0	0	0	
	4014091	5002	91	4014001	 武器 - 藍裝	40	3731	3731	91	91	182	182	182	182	182	0	182	1001	0	0	0	0	0	0	0	0	0	
	4014092	5002	92	4014001	 武器 - 藍裝	40	3772	3772	92	92	184	184	184	184	184	0	184	1012	0	0	0	0	0	0	0	0	0	
	4014093	5002	93	4014001	 武器 - 藍裝	40	3813	3813	93	93	186	186	186	186	186	0	186	1023	0	0	0	0	0	0	0	0	0	
	4014094	5002	94	4014001	 武器 - 藍裝	40	3854	3854	94	94	188	188	188	188	188	0	188	1034	0	0	0	0	0	0	0	0	0	
	4014095	5002	95	4014001	 武器 - 藍裝	40	3895	3895	95	95	190	190	190	190	190	0	190	1045	0	0	0	0	0	0	0	0	0	
	4014096	5002	96	4014001	 武器 - 藍裝	40	3936	3936	96	96	192	192	192	192	192	0	192	1056	0	0	0	0	0	0	0	0	0	
	4014097	5002	97	4014001	 武器 - 藍裝	40	3977	3977	97	97	194	194	194	194	194	0	194	1067	0	0	0	0	0	0	0	0	0	
	4014098	5002	98	4014001	 武器 - 藍裝	40	4018	4018	98	98	196	196	196	196	196	0	196	1078	0	0	0	0	0	0	0	0	0	
	4014099	5002	99	4014001	 武器 - 藍裝	40	4059	4059	99	99	198	198	198	198	198	0	198	1089	0	0	0	0	0	0	0	0	0	
	4014100	5002	100	4014001	 武器 - 藍裝	40	4100	4100	100	100	200	200	200	200	200	0	200	1100	0	0	0	0	0	0	0	0	0	
	4014101	5002	101	4014001	 武器 - 藍裝	40	4141	4141	101	101	202	202	202	202	202	0	202	1111	0	0	0	0	0	0	0	0	0	
	4014102	5002	102	4014001	 武器 - 藍裝	40	4182	4182	102	102	204	204	204	204	204	0	204	1122	0	0	0	0	0	0	0	0	0	
	4014103	5002	103	4014001	 武器 - 藍裝	40	4223	4223	103	103	206	206	206	206	206	0	206	1133	0	0	0	0	0	0	0	0	0	
	4014104	5002	104	4014001	 武器 - 藍裝	40	4264	4264	104	104	208	208	208	208	208	0	208	1144	0	0	0	0	0	0	0	0	0	
	4014105	5002	105	4014001	 武器 - 藍裝	40	4305	4305	105	105	210	210	210	210	210	0	210	1155	0	0	0	0	0	0	0	0	0	
	4014106	5002	106	4014001	 武器 - 藍裝	40	4346	4346	106	106	212	212	212	212	212	0	212	1166	0	0	0	0	0	0	0	0	0	
	4014107	5002	107	4014001	 武器 - 藍裝	40	4387	4387	107	107	214	214	214	214	214	0	214	1177	0	0	0	0	0	0	0	0	0	
	4014108	5002	108	4014001	 武器 - 藍裝	40	4428	4428	108	108	216	216	216	216	216	0	216	1188	0	0	0	0	0	0	0	0	0	
# 武器 - 紫裝																												
	4015001	5002	1	4015001	 武器 - 紫裝	40	45	45	1	1	2	2	2	2	2	0	2	11	0	0	0	0	0	0	0	0	0	
	4015002	5002	2	4015001	 武器 - 紫裝	40	90	90	2	2	4	4	4	4	4	0	4	22	0	0	0	0	0	0	0	0	0	
	4015003	5002	3	4015001	 武器 - 紫裝	40	135	135	3	3	6	6	6	6	6	0	6	33	0	0	0	0	0	0	0	0	0	
	4015004	5002	4	4015001	 武器 - 紫裝	40	180	180	4	4	8	8	8	8	8	0	8	44	0	0	0	0	0	0	0	0	0	
	4015005	5002	5	4015001	 武器 - 紫裝	40	225	225	5	5	10	10	10	10	10	0	10	55	0	0	0	0	0	0	0	0	0	
	4015006	5002	6	4015001	 武器 - 紫裝	40	270	270	6	6	12	12	12	12	12	0	12	66	0	0	0	0	0	0	0	0	0	
	4015007	5002	7	4015001	 武器 - 紫裝	40	315	315	7	7	14	14	14	14	14	0	14	77	0	0	0	0	0	0	0	0	0	
	4015008	5002	8	4015001	 武器 - 紫裝	40	360	360	8	8	16	16	16	16	16	0	16	88	0	0	0	0	0	0	0	0	0	
	4015009	5002	9	4015001	 武器 - 紫裝	40	405	405	9	9	18	18	18	18	18	0	18	99	0	0	0	0	0	0	0	0	0	
	4015010	5002	10	4015001	 武器 - 紫裝	40	450	450	10	10	20	20	20	20	20	0	20	110	0	0	0	0	0	0	0	0	0	
	4015011	5002	11	4015001	 武器 - 紫裝	40	495	495	11	11	22	22	22	22	22	0	22	121	0	0	0	0	0	0	0	0	0	
	4015012	5002	12	4015001	 武器 - 紫裝	40	540	540	12	12	24	24	24	24	24	0	24	132	0	0	0	0	0	0	0	0	0	
	4015013	5002	13	4015001	 武器 - 紫裝	40	585	585	13	13	26	26	26	26	26	0	26	143	0	0	0	0	0	0	0	0	0	
	4015014	5002	14	4015001	 武器 - 紫裝	40	630	630	14	14	28	28	28	28	28	0	28	154	0	0	0	0	0	0	0	0	0	
	4015015	5002	15	4015001	 武器 - 紫裝	40	675	675	15	15	30	30	30	30	30	0	30	165	0	0	0	0	0	0	0	0	0	
	4015016	5002	16	4015001	 武器 - 紫裝	40	720	720	16	16	32	32	32	32	32	0	32	176	0	0	0	0	0	0	0	0	0	
	4015017	5002	17	4015001	 武器 - 紫裝	40	765	765	17	17	34	34	34	34	34	0	34	187	0	0	0	0	0	0	0	0	0	
	4015018	5002	18	4015001	 武器 - 紫裝	40	810	810	18	18	36	36	36	36	36	0	36	198	0	0	0	0	0	0	0	0	0	
	4015019	5002	19	4015001	 武器 - 紫裝	40	855	855	19	19	38	38	38	38	38	0	38	209	0	0	0	0	0	0	0	0	0	
	4015020	5002	20	4015001	 武器 - 紫裝	40	900	900	20	20	40	40	40	40	40	0	40	220	0	0	0	0	0	0	0	0	0	
	4015021	5002	21	4015001	 武器 - 紫裝	40	945	945	21	21	42	42	42	42	42	0	42	231	0	0	0	0	0	0	0	0	0	
	4015022	5002	22	4015001	 武器 - 紫裝	40	990	990	22	22	44	44	44	44	44	0	44	242	0	0	0	0	0	0	0	0	0	
	4015023	5002	23	4015001	 武器 - 紫裝	40	1035	1035	23	23	46	46	46	46	46	0	46	253	0	0	0	0	0	0	0	0	0	
	4015024	5002	24	4015001	 武器 - 紫裝	40	1080	1080	24	24	48	48	48	48	48	0	48	264	0	0	0	0	0	0	0	0	0	
	4015025	5002	25	4015001	 武器 - 紫裝	40	1125	1125	25	25	50	50	50	50	50	0	50	275	0	0	0	0	0	0	0	0	0	
	4015026	5002	26	4015001	 武器 - 紫裝	40	1170	1170	26	26	52	52	52	52	52	0	52	286	0	0	0	0	0	0	0	0	0	
	4015027	5002	27	4015001	 武器 - 紫裝	40	1215	1215	27	27	54	54	54	54	54	0	54	297	0	0	0	0	0	0	0	0	0	
	4015028	5002	28	4015001	 武器 - 紫裝	40	1260	1260	28	28	56	56	56	56	56	0	56	308	0	0	0	0	0	0	0	0	0	
	4015029	5002	29	4015001	 武器 - 紫裝	40	1305	1305	29	29	58	58	58	58	58	0	58	319	0	0	0	0	0	0	0	0	0	
	4015030	5002	30	4015001	 武器 - 紫裝	40	1350	1350	30	30	60	60	60	60	60	0	60	330	0	0	0	0	0	0	0	0	0	
	4015031	5002	31	4015001	 武器 - 紫裝	40	1395	1395	31	31	62	62	62	62	62	0	62	341	0	0	0	0	0	0	0	0	0	
	4015032	5002	32	4015001	 武器 - 紫裝	40	1440	1440	32	32	64	64	64	64	64	0	64	352	0	0	0	0	0	0	0	0	0	
	4015033	5002	33	4015001	 武器 - 紫裝	40	1485	1485	33	33	66	66	66	66	66	0	66	363	0	0	0	0	0	0	0	0	0	
	4015034	5002	34	4015001	 武器 - 紫裝	40	1530	1530	34	34	68	68	68	68	68	0	68	374	0	0	0	0	0	0	0	0	0	
	4015035	5002	35	4015001	 武器 - 紫裝	40	1575	1575	35	35	70	70	70	70	70	0	70	385	0	0	0	0	0	0	0	0	0	
	4015036	5002	36	4015001	 武器 - 紫裝	40	1620	1620	36	36	72	72	72	72	72	0	72	396	0	0	0	0	0	0	0	0	0	
	4015037	5002	37	4015001	 武器 - 紫裝	40	1665	1665	37	37	74	74	74	74	74	0	74	407	0	0	0	0	0	0	0	0	0	
	4015038	5002	38	4015001	 武器 - 紫裝	40	1710	1710	38	38	76	76	76	76	76	0	76	418	0	0	0	0	0	0	0	0	0	
	4015039	5002	39	4015001	 武器 - 紫裝	40	1755	1755	39	39	78	78	78	78	78	0	78	429	0	0	0	0	0	0	0	0	0	
	4015040	5002	40	4015001	 武器 - 紫裝	40	1800	1800	40	40	80	80	80	80	80	0	80	440	0	0	0	0	0	0	0	0	0	
	4015041	5002	41	4015001	 武器 - 紫裝	40	1845	1845	41	41	82	82	82	82	82	0	82	451	0	0	0	0	0	0	0	0	0	
	4015042	5002	42	4015001	 武器 - 紫裝	40	1890	1890	42	42	84	84	84	84	84	0	84	462	0	0	0	0	0	0	0	0	0	
	4015043	5002	43	4015001	 武器 - 紫裝	40	1935	1935	43	43	86	86	86	86	86	0	86	473	0	0	0	0	0	0	0	0	0	
	4015044	5002	44	4015001	 武器 - 紫裝	40	1980	1980	44	44	88	88	88	88	88	0	88	484	0	0	0	0	0	0	0	0	0	
	4015045	5002	45	4015001	 武器 - 紫裝	40	2025	2025	45	45	90	90	90	90	90	0	90	495	0	0	0	0	0	0	0	0	0	
	4015046	5002	46	4015001	 武器 - 紫裝	40	2070	2070	46	46	92	92	92	92	92	0	92	506	0	0	0	0	0	0	0	0	0	
	4015047	5002	47	4015001	 武器 - 紫裝	40	2115	2115	47	47	94	94	94	94	94	0	94	517	0	0	0	0	0	0	0	0	0	
	4015048	5002	48	4015001	 武器 - 紫裝	40	2160	2160	48	48	96	96	96	96	96	0	96	528	0	0	0	0	0	0	0	0	0	
	4015049	5002	49	4015001	 武器 - 紫裝	40	2205	2205	49	49	98	98	98	98	98	0	98	539	0	0	0	0	0	0	0	0	0	
	4015050	5002	50	4015001	 武器 - 紫裝	40	2250	2250	50	50	100	100	100	100	100	0	100	550	0	0	0	0	0	0	0	0	0	
	4015051	5002	51	4015001	 武器 - 紫裝	40	2295	2295	51	51	102	102	102	102	102	0	102	561	0	0	0	0	0	0	0	0	0	
	4015052	5002	52	4015001	 武器 - 紫裝	40	2340	2340	52	52	104	104	104	104	104	0	104	572	0	0	0	0	0	0	0	0	0	
	4015053	5002	53	4015001	 武器 - 紫裝	40	2385	2385	53	53	106	106	106	106	106	0	106	583	0	0	0	0	0	0	0	0	0	
	4015054	5002	54	4015001	 武器 - 紫裝	40	2430	2430	54	54	108	108	108	108	108	0	108	594	0	0	0	0	0	0	0	0	0	
	4015055	5002	55	4015001	 武器 - 紫裝	40	2475	2475	55	55	110	110	110	110	110	0	110	605	0	0	0	0	0	0	0	0	0	
	4015056	5002	56	4015001	 武器 - 紫裝	40	2520	2520	56	56	112	112	112	112	112	0	112	616	0	0	0	0	0	0	0	0	0	
	4015057	5002	57	4015001	 武器 - 紫裝	40	2565	2565	57	57	114	114	114	114	114	0	114	627	0	0	0	0	0	0	0	0	0	
	4015058	5002	58	4015001	 武器 - 紫裝	40	2610	2610	58	58	116	116	116	116	116	0	116	638	0	0	0	0	0	0	0	0	0	
	4015059	5002	59	4015001	 武器 - 紫裝	40	2655	2655	59	59	118	118	118	118	118	0	118	649	0	0	0	0	0	0	0	0	0	
	4015060	5002	60	4015001	 武器 - 紫裝	40	2700	2700	60	60	120	120	120	120	120	0	120	660	0	0	0	0	0	0	0	0	0	
	4015061	5002	61	4015001	 武器 - 紫裝	40	2745	2745	61	61	122	122	122	122	122	0	122	671	0	0	0	0	0	0	0	0	0	
	4015062	5002	62	4015001	 武器 - 紫裝	40	2790	2790	62	62	124	124	124	124	124	0	124	682	0	0	0	0	0	0	0	0	0	
	4015063	5002	63	4015001	 武器 - 紫裝	40	2835	2835	63	63	126	126	126	126	126	0	126	693	0	0	0	0	0	0	0	0	0	
	4015064	5002	64	4015001	 武器 - 紫裝	40	2880	2880	64	64	128	128	128	128	128	0	128	704	0	0	0	0	0	0	0	0	0	
	4015065	5002	65	4015001	 武器 - 紫裝	40	2925	2925	65	65	130	130	130	130	130	0	130	715	0	0	0	0	0	0	0	0	0	
	4015066	5002	66	4015001	 武器 - 紫裝	40	2970	2970	66	66	132	132	132	132	132	0	132	726	0	0	0	0	0	0	0	0	0	
	4015067	5002	67	4015001	 武器 - 紫裝	40	3015	3015	67	67	134	134	134	134	134	0	134	737	0	0	0	0	0	0	0	0	0	
	4015068	5002	68	4015001	 武器 - 紫裝	40	3060	3060	68	68	136	136	136	136	136	0	136	748	0	0	0	0	0	0	0	0	0	
	4015069	5002	69	4015001	 武器 - 紫裝	40	3105	3105	69	69	138	138	138	138	138	0	138	759	0	0	0	0	0	0	0	0	0	
	4015070	5002	70	4015001	 武器 - 紫裝	40	3150	3150	70	70	140	140	140	140	140	0	140	770	0	0	0	0	0	0	0	0	0	
	4015071	5002	71	4015001	 武器 - 紫裝	40	3195	3195	71	71	142	142	142	142	142	0	142	781	0	0	0	0	0	0	0	0	0	
	4015072	5002	72	4015001	 武器 - 紫裝	40	3240	3240	72	72	144	144	144	144	144	0	144	792	0	0	0	0	0	0	0	0	0	
	4015073	5002	73	4015001	 武器 - 紫裝	40	3285	3285	73	73	146	146	146	146	146	0	146	803	0	0	0	0	0	0	0	0	0	
	4015074	5002	74	4015001	 武器 - 紫裝	40	3330	3330	74	74	148	148	148	148	148	0	148	814	0	0	0	0	0	0	0	0	0	
	4015075	5002	75	4015001	 武器 - 紫裝	40	3375	3375	75	75	150	150	150	150	150	0	150	825	0	0	0	0	0	0	0	0	0	
	4015076	5002	76	4015001	 武器 - 紫裝	40	3420	3420	76	76	152	152	152	152	152	0	152	836	0	0	0	0	0	0	0	0	0	
	4015077	5002	77	4015001	 武器 - 紫裝	40	3465	3465	77	77	154	154	154	154	154	0	154	847	0	0	0	0	0	0	0	0	0	
	4015078	5002	78	4015001	 武器 - 紫裝	40	3510	3510	78	78	156	156	156	156	156	0	156	858	0	0	0	0	0	0	0	0	0	
	4015079	5002	79	4015001	 武器 - 紫裝	40	3555	3555	79	79	158	158	158	158	158	0	158	869	0	0	0	0	0	0	0	0	0	
	4015080	5002	80	4015001	 武器 - 紫裝	40	3600	3600	80	80	160	160	160	160	160	0	160	880	0	0	0	0	0	0	0	0	0	
	4015081	5002	81	4015001	 武器 - 紫裝	40	3645	3645	81	81	162	162	162	162	162	0	162	891	0	0	0	0	0	0	0	0	0	
	4015082	5002	82	4015001	 武器 - 紫裝	40	3690	3690	82	82	164	164	164	164	164	0	164	902	0	0	0	0	0	0	0	0	0	
	4015083	5002	83	4015001	 武器 - 紫裝	40	3735	3735	83	83	166	166	166	166	166	0	166	913	0	0	0	0	0	0	0	0	0	
	4015084	5002	84	4015001	 武器 - 紫裝	40	3780	3780	84	84	168	168	168	168	168	0	168	924	0	0	0	0	0	0	0	0	0	
	4015085	5002	85	4015001	 武器 - 紫裝	40	3825	3825	85	85	170	170	170	170	170	0	170	935	0	0	0	0	0	0	0	0	0	
	4015086	5002	86	4015001	 武器 - 紫裝	40	3870	3870	86	86	172	172	172	172	172	0	172	946	0	0	0	0	0	0	0	0	0	
	4015087	5002	87	4015001	 武器 - 紫裝	40	3915	3915	87	87	174	174	174	174	174	0	174	957	0	0	0	0	0	0	0	0	0	
	4015088	5002	88	4015001	 武器 - 紫裝	40	3960	3960	88	88	176	176	176	176	176	0	176	968	0	0	0	0	0	0	0	0	0	
	4015089	5002	89	4015001	 武器 - 紫裝	40	4005	4005	89	89	178	178	178	178	178	0	178	979	0	0	0	0	0	0	0	0	0	
	4015090	5002	90	4015001	 武器 - 紫裝	40	4050	4050	90	90	180	180	180	180	180	0	180	990	0	0	0	0	0	0	0	0	0	
	4015091	5002	91	4015001	 武器 - 紫裝	40	4095	4095	91	91	182	182	182	182	182	0	182	1001	0	0	0	0	0	0	0	0	0	
	4015092	5002	92	4015001	 武器 - 紫裝	40	4140	4140	92	92	184	184	184	184	184	0	184	1012	0	0	0	0	0	0	0	0	0	
	4015093	5002	93	4015001	 武器 - 紫裝	40	4185	4185	93	93	186	186	186	186	186	0	186	1023	0	0	0	0	0	0	0	0	0	
	4015094	5002	94	4015001	 武器 - 紫裝	40	4230	4230	94	94	188	188	188	188	188	0	188	1034	0	0	0	0	0	0	0	0	0	
	4015095	5002	95	4015001	 武器 - 紫裝	40	4275	4275	95	95	190	190	190	190	190	0	190	1045	0	0	0	0	0	0	0	0	0	
	4015096	5002	96	4015001	 武器 - 紫裝	40	4320	4320	96	96	192	192	192	192	192	0	192	1056	0	0	0	0	0	0	0	0	0	
	4015097	5002	97	4015001	 武器 - 紫裝	40	4365	4365	97	97	194	194	194	194	194	0	194	1067	0	0	0	0	0	0	0	0	0	
	4015098	5002	98	4015001	 武器 - 紫裝	40	4410	4410	98	98	196	196	196	196	196	0	196	1078	0	0	0	0	0	0	0	0	0	
	4015099	5002	99	4015001	 武器 - 紫裝	40	4455	4455	99	99	198	198	198	198	198	0	198	1089	0	0	0	0	0	0	0	0	0	
	4015100	5002	100	4015001	 武器 - 紫裝	40	4500	4500	100	100	200	200	200	200	200	0	200	1100	0	0	0	0	0	0	0	0	0	
	4015101	5002	101	4015001	 武器 - 紫裝	40	4545	4545	101	101	202	202	202	202	202	0	202	1111	0	0	0	0	0	0	0	0	0	
	4015102	5002	102	4015001	 武器 - 紫裝	40	4590	4590	102	102	204	204	204	204	204	0	204	1122	0	0	0	0	0	0	0	0	0	
	4015103	5002	103	4015001	 武器 - 紫裝	40	4635	4635	103	103	206	206	206	206	206	0	206	1133	0	0	0	0	0	0	0	0	0	
	4015104	5002	104	4015001	 武器 - 紫裝	40	4680	4680	104	104	208	208	208	208	208	0	208	1144	0	0	0	0	0	0	0	0	0	
	4015105	5002	105	4015001	 武器 - 紫裝	40	4725	4725	105	105	210	210	210	210	210	0	210	1155	0	0	0	0	0	0	0	0	0	
	4015106	5002	106	4015001	 武器 - 紫裝	40	4770	4770	106	106	212	212	212	212	212	0	212	1166	0	0	0	0	0	0	0	0	0	
	4015107	5002	107	4015001	 武器 - 紫裝	40	4815	4815	107	107	214	214	214	214	214	0	214	1177	0	0	0	0	0	0	0	0	0	
	4015108	5002	108	4015001	 武器 - 紫裝	40	4860	4860	108	108	216	216	216	216	216	0	216	1188	0	0	0	0	0	0	0	0	0	
# 防具強化屬性數值表																												
# 防具 - 灰裝																												
	4021001	5002	1	4021001	 防具 - 灰裝	40	9	9	0	0	1	1	1	1	1	0	1	0	3	0	0	0	0	0	0	0	0	
	4021002	5002	2	4021001	 防具 - 灰裝	40	18	18	0	0	2	2	2	2	2	0	2	0	6	0	0	0	0	0	0	0	0	
	4021003	5002	3	4021001	 防具 - 灰裝	40	27	27	0	0	3	3	3	3	3	0	3	0	9	0	0	0	0	0	0	0	0	
	4021004	5002	4	4021001	 防具 - 灰裝	40	36	36	0	0	4	4	4	4	4	0	4	0	12	0	0	0	0	0	0	0	0	
	4021005	5002	5	4021001	 防具 - 灰裝	40	45	45	0	0	5	5	5	5	5	0	5	0	15	0	0	0	0	0	0	0	0	
	4021006	5002	6	4021001	 防具 - 灰裝	40	54	54	0	0	6	6	6	6	6	0	6	0	18	0	0	0	0	0	0	0	0	
	4021007	5002	7	4021001	 防具 - 灰裝	40	63	63	0	0	7	7	7	7	7	0	7	0	21	0	0	0	0	0	0	0	0	
	4021008	5002	8	4021001	 防具 - 灰裝	40	72	72	0	0	8	8	8	8	8	0	8	0	24	0	0	0	0	0	0	0	0	
	4021009	5002	9	4021001	 防具 - 灰裝	40	81	81	0	0	9	9	9	9	9	0	9	0	27	0	0	0	0	0	0	0	0	
	4021010	5002	10	4021001	 防具 - 灰裝	40	90	90	0	0	10	10	10	10	10	0	10	0	30	0	0	0	0	0	0	0	0	
	4021011	5002	11	4021001	 防具 - 灰裝	40	99	99	0	0	11	11	11	11	11	0	11	0	33	0	0	0	0	0	0	0	0	
	4021012	5002	12	4021001	 防具 - 灰裝	40	108	108	0	0	12	12	12	12	12	0	12	0	36	0	0	0	0	0	0	0	0	
	4021013	5002	13	4021001	 防具 - 灰裝	40	117	117	0	0	13	13	13	13	13	0	13	0	39	0	0	0	0	0	0	0	0	
	4021014	5002	14	4021001	 防具 - 灰裝	40	126	126	0	0	14	14	14	14	14	0	14	0	42	0	0	0	0	0	0	0	0	
	4021015	5002	15	4021001	 防具 - 灰裝	40	135	135	0	0	15	15	15	15	15	0	15	0	45	0	0	0	0	0	0	0	0	
	4021016	5002	16	4021001	 防具 - 灰裝	40	144	144	0	0	16	16	16	16	16	0	16	0	48	0	0	0	0	0	0	0	0	
	4021017	5002	17	4021001	 防具 - 灰裝	40	153	153	0	0	17	17	17	17	17	0	17	0	51	0	0	0	0	0	0	0	0	
	4021018	5002	18	4021001	 防具 - 灰裝	40	162	162	0	0	18	18	18	18	18	0	18	0	54	0	0	0	0	0	0	0	0	
	4021019	5002	19	4021001	 防具 - 灰裝	40	171	171	0	0	19	19	19	19	19	0	19	0	57	0	0	0	0	0	0	0	0	
	4021020	5002	20	4021001	 防具 - 灰裝	40	180	180	0	0	20	20	20	20	20	0	20	0	60	0	0	0	0	0	0	0	0	
	4021021	5002	21	4021001	 防具 - 灰裝	40	189	189	0	0	21	21	21	21	21	0	21	0	63	0	0	0	0	0	0	0	0	
	4021022	5002	22	4021001	 防具 - 灰裝	40	198	198	0	0	22	22	22	22	22	0	22	0	66	0	0	0	0	0	0	0	0	
	4021023	5002	23	4021001	 防具 - 灰裝	40	207	207	0	0	23	23	23	23	23	0	23	0	69	0	0	0	0	0	0	0	0	
	4021024	5002	24	4021001	 防具 - 灰裝	40	216	216	0	0	24	24	24	24	24	0	24	0	72	0	0	0	0	0	0	0	0	
	4021025	5002	25	4021001	 防具 - 灰裝	40	225	225	0	0	25	25	25	25	25	0	25	0	75	0	0	0	0	0	0	0	0	
	4021026	5002	26	4021001	 防具 - 灰裝	40	234	234	0	0	26	26	26	26	26	0	26	0	78	0	0	0	0	0	0	0	0	
	4021027	5002	27	4021001	 防具 - 灰裝	40	243	243	0	0	27	27	27	27	27	0	27	0	81	0	0	0	0	0	0	0	0	
	4021028	5002	28	4021001	 防具 - 灰裝	40	252	252	0	0	28	28	28	28	28	0	28	0	84	0	0	0	0	0	0	0	0	
	4021029	5002	29	4021001	 防具 - 灰裝	40	261	261	0	0	29	29	29	29	29	0	29	0	87	0	0	0	0	0	0	0	0	
	4021030	5002	30	4021001	 防具 - 灰裝	40	270	270	0	0	30	30	30	30	30	0	30	0	90	0	0	0	0	0	0	0	0	
	4021031	5002	31	4021001	 防具 - 灰裝	40	279	279	0	0	31	31	31	31	31	0	31	0	93	0	0	0	0	0	0	0	0	
	4021032	5002	32	4021001	 防具 - 灰裝	40	288	288	0	0	32	32	32	32	32	0	32	0	96	0	0	0	0	0	0	0	0	
	4021033	5002	33	4021001	 防具 - 灰裝	40	297	297	0	0	33	33	33	33	33	0	33	0	99	0	0	0	0	0	0	0	0	
	4021034	5002	34	4021001	 防具 - 灰裝	40	306	306	0	0	34	34	34	34	34	0	34	0	102	0	0	0	0	0	0	0	0	
	4021035	5002	35	4021001	 防具 - 灰裝	40	315	315	0	0	35	35	35	35	35	0	35	0	105	0	0	0	0	0	0	0	0	
	4021036	5002	36	4021001	 防具 - 灰裝	40	324	324	0	0	36	36	36	36	36	0	36	0	108	0	0	0	0	0	0	0	0	
	4021037	5002	37	4021001	 防具 - 灰裝	40	333	333	0	0	37	37	37	37	37	0	37	0	111	0	0	0	0	0	0	0	0	
	4021038	5002	38	4021001	 防具 - 灰裝	40	342	342	0	0	38	38	38	38	38	0	38	0	114	0	0	0	0	0	0	0	0	
	4021039	5002	39	4021001	 防具 - 灰裝	40	351	351	0	0	39	39	39	39	39	0	39	0	117	0	0	0	0	0	0	0	0	
	4021040	5002	40	4021001	 防具 - 灰裝	40	360	360	0	0	40	40	40	40	40	0	40	0	120	0	0	0	0	0	0	0	0	
	4021041	5002	41	4021001	 防具 - 灰裝	40	369	369	0	0	41	41	41	41	41	0	41	0	123	0	0	0	0	0	0	0	0	
	4021042	5002	42	4021001	 防具 - 灰裝	40	378	378	0	0	42	42	42	42	42	0	42	0	126	0	0	0	0	0	0	0	0	
	4021043	5002	43	4021001	 防具 - 灰裝	40	387	387	0	0	43	43	43	43	43	0	43	0	129	0	0	0	0	0	0	0	0	
	4021044	5002	44	4021001	 防具 - 灰裝	40	396	396	0	0	44	44	44	44	44	0	44	0	132	0	0	0	0	0	0	0	0	
	4021045	5002	45	4021001	 防具 - 灰裝	40	405	405	0	0	45	45	45	45	45	0	45	0	135	0	0	0	0	0	0	0	0	
	4021046	5002	46	4021001	 防具 - 灰裝	40	414	414	0	0	46	46	46	46	46	0	46	0	138	0	0	0	0	0	0	0	0	
	4021047	5002	47	4021001	 防具 - 灰裝	40	423	423	0	0	47	47	47	47	47	0	47	0	141	0	0	0	0	0	0	0	0	
	4021048	5002	48	4021001	 防具 - 灰裝	40	432	432	0	0	48	48	48	48	48	0	48	0	144	0	0	0	0	0	0	0	0	
	4021049	5002	49	4021001	 防具 - 灰裝	40	441	441	0	0	49	49	49	49	49	0	49	0	147	0	0	0	0	0	0	0	0	
	4021050	5002	50	4021001	 防具 - 灰裝	40	450	450	0	0	50	50	50	50	50	0	50	0	150	0	0	0	0	0	0	0	0	
	4021051	5002	51	4021001	 防具 - 灰裝	40	459	459	0	0	51	51	51	51	51	0	51	0	153	0	0	0	0	0	0	0	0	
	4021052	5002	52	4021001	 防具 - 灰裝	40	468	468	0	0	52	52	52	52	52	0	52	0	156	0	0	0	0	0	0	0	0	
	4021053	5002	53	4021001	 防具 - 灰裝	40	477	477	0	0	53	53	53	53	53	0	53	0	159	0	0	0	0	0	0	0	0	
	4021054	5002	54	4021001	 防具 - 灰裝	40	486	486	0	0	54	54	54	54	54	0	54	0	162	0	0	0	0	0	0	0	0	
	4021055	5002	55	4021001	 防具 - 灰裝	40	495	495	0	0	55	55	55	55	55	0	55	0	165	0	0	0	0	0	0	0	0	
	4021056	5002	56	4021001	 防具 - 灰裝	40	504	504	0	0	56	56	56	56	56	0	56	0	168	0	0	0	0	0	0	0	0	
	4021057	5002	57	4021001	 防具 - 灰裝	40	513	513	0	0	57	57	57	57	57	0	57	0	171	0	0	0	0	0	0	0	0	
	4021058	5002	58	4021001	 防具 - 灰裝	40	522	522	0	0	58	58	58	58	58	0	58	0	174	0	0	0	0	0	0	0	0	
	4021059	5002	59	4021001	 防具 - 灰裝	40	531	531	0	0	59	59	59	59	59	0	59	0	177	0	0	0	0	0	0	0	0	
	4021060	5002	60	4021001	 防具 - 灰裝	40	540	540	0	0	60	60	60	60	60	0	60	0	180	0	0	0	0	0	0	0	0	
	4021061	5002	61	4021001	 防具 - 灰裝	40	549	549	0	0	61	61	61	61	61	0	61	0	183	0	0	0	0	0	0	0	0	
	4021062	5002	62	4021001	 防具 - 灰裝	40	558	558	0	0	62	62	62	62	62	0	62	0	186	0	0	0	0	0	0	0	0	
	4021063	5002	63	4021001	 防具 - 灰裝	40	567	567	0	0	63	63	63	63	63	0	63	0	189	0	0	0	0	0	0	0	0	
	4021064	5002	64	4021001	 防具 - 灰裝	40	576	576	0	0	64	64	64	64	64	0	64	0	192	0	0	0	0	0	0	0	0	
	4021065	5002	65	4021001	 防具 - 灰裝	40	585	585	0	0	65	65	65	65	65	0	65	0	195	0	0	0	0	0	0	0	0	
	4021066	5002	66	4021001	 防具 - 灰裝	40	594	594	0	0	66	66	66	66	66	0	66	0	198	0	0	0	0	0	0	0	0	
	4021067	5002	67	4021001	 防具 - 灰裝	40	603	603	0	0	67	67	67	67	67	0	67	0	201	0	0	0	0	0	0	0	0	
	4021068	5002	68	4021001	 防具 - 灰裝	40	612	612	0	0	68	68	68	68	68	0	68	0	204	0	0	0	0	0	0	0	0	
	4021069	5002	69	4021001	 防具 - 灰裝	40	621	621	0	0	69	69	69	69	69	0	69	0	207	0	0	0	0	0	0	0	0	
	4021070	5002	70	4021001	 防具 - 灰裝	40	630	630	0	0	70	70	70	70	70	0	70	0	210	0	0	0	0	0	0	0	0	
	4021071	5002	71	4021001	 防具 - 灰裝	40	639	639	0	0	71	71	71	71	71	0	71	0	213	0	0	0	0	0	0	0	0	
	4021072	5002	72	4021001	 防具 - 灰裝	40	648	648	0	0	72	72	72	72	72	0	72	0	216	0	0	0	0	0	0	0	0	
	4021073	5002	73	4021001	 防具 - 灰裝	40	657	657	0	0	73	73	73	73	73	0	73	0	219	0	0	0	0	0	0	0	0	
	4021074	5002	74	4021001	 防具 - 灰裝	40	666	666	0	0	74	74	74	74	74	0	74	0	222	0	0	0	0	0	0	0	0	
	4021075	5002	75	4021001	 防具 - 灰裝	40	675	675	0	0	75	75	75	75	75	0	75	0	225	0	0	0	0	0	0	0	0	
	4021076	5002	76	4021001	 防具 - 灰裝	40	684	684	0	0	76	76	76	76	76	0	76	0	228	0	0	0	0	0	0	0	0	
	4021077	5002	77	4021001	 防具 - 灰裝	40	693	693	0	0	77	77	77	77	77	0	77	0	231	0	0	0	0	0	0	0	0	
	4021078	5002	78	4021001	 防具 - 灰裝	40	702	702	0	0	78	78	78	78	78	0	78	0	234	0	0	0	0	0	0	0	0	
	4021079	5002	79	4021001	 防具 - 灰裝	40	711	711	0	0	79	79	79	79	79	0	79	0	237	0	0	0	0	0	0	0	0	
	4021080	5002	80	4021001	 防具 - 灰裝	40	720	720	0	0	80	80	80	80	80	0	80	0	240	0	0	0	0	0	0	0	0	
	4021081	5002	81	4021001	 防具 - 灰裝	40	729	729	0	0	81	81	81	81	81	0	81	0	243	0	0	0	0	0	0	0	0	
	4021082	5002	82	4021001	 防具 - 灰裝	40	738	738	0	0	82	82	82	82	82	0	82	0	246	0	0	0	0	0	0	0	0	
	4021083	5002	83	4021001	 防具 - 灰裝	40	747	747	0	0	83	83	83	83	83	0	83	0	249	0	0	0	0	0	0	0	0	
	4021084	5002	84	4021001	 防具 - 灰裝	40	756	756	0	0	84	84	84	84	84	0	84	0	252	0	0	0	0	0	0	0	0	
	4021085	5002	85	4021001	 防具 - 灰裝	40	765	765	0	0	85	85	85	85	85	0	85	0	255	0	0	0	0	0	0	0	0	
	4021086	5002	86	4021001	 防具 - 灰裝	40	774	774	0	0	86	86	86	86	86	0	86	0	258	0	0	0	0	0	0	0	0	
	4021087	5002	87	4021001	 防具 - 灰裝	40	783	783	0	0	87	87	87	87	87	0	87	0	261	0	0	0	0	0	0	0	0	
	4021088	5002	88	4021001	 防具 - 灰裝	40	792	792	0	0	88	88	88	88	88	0	88	0	264	0	0	0	0	0	0	0	0	
	4021089	5002	89	4021001	 防具 - 灰裝	40	801	801	0	0	89	89	89	89	89	0	89	0	267	0	0	0	0	0	0	0	0	
	4021090	5002	90	4021001	 防具 - 灰裝	40	810	810	0	0	90	90	90	90	90	0	90	0	270	0	0	0	0	0	0	0	0	
	4021091	5002	91	4021001	 防具 - 灰裝	40	819	819	0	0	91	91	91	91	91	0	91	0	273	0	0	0	0	0	0	0	0	
	4021092	5002	92	4021001	 防具 - 灰裝	40	828	828	0	0	92	92	92	92	92	0	92	0	276	0	0	0	0	0	0	0	0	
	4021093	5002	93	4021001	 防具 - 灰裝	40	837	837	0	0	93	93	93	93	93	0	93	0	279	0	0	0	0	0	0	0	0	
	4021094	5002	94	4021001	 防具 - 灰裝	40	846	846	0	0	94	94	94	94	94	0	94	0	282	0	0	0	0	0	0	0	0	
	4021095	5002	95	4021001	 防具 - 灰裝	40	855	855	0	0	95	95	95	95	95	0	95	0	285	0	0	0	0	0	0	0	0	
	4021096	5002	96	4021001	 防具 - 灰裝	40	864	864	0	0	96	96	96	96	96	0	96	0	288	0	0	0	0	0	0	0	0	
	4021097	5002	97	4021001	 防具 - 灰裝	40	873	873	0	0	97	97	97	97	97	0	97	0	291	0	0	0	0	0	0	0	0	
	4021098	5002	98	4021001	 防具 - 灰裝	40	882	882	0	0	98	98	98	98	98	0	98	0	294	0	0	0	0	0	0	0	0	
	4021099	5002	99	4021001	 防具 - 灰裝	40	891	891	0	0	99	99	99	99	99	0	99	0	297	0	0	0	0	0	0	0	0	
	4021100	5002	100	4021001	 防具 - 灰裝	40	900	900	0	0	100	100	100	100	100	0	100	0	300	0	0	0	0	0	0	0	0	
	4021101	5002	101	4021001	 防具 - 灰裝	40	909	909	0	0	101	101	101	101	101	0	101	0	303	0	0	0	0	0	0	0	0	
	4021102	5002	102	4021001	 防具 - 灰裝	40	918	918	0	0	102	102	102	102	102	0	102	0	306	0	0	0	0	0	0	0	0	
	4021103	5002	103	4021001	 防具 - 灰裝	40	927	927	0	0	103	103	103	103	103	0	103	0	309	0	0	0	0	0	0	0	0	
	4021104	5002	104	4021001	 防具 - 灰裝	40	936	936	0	0	104	104	104	104	104	0	104	0	312	0	0	0	0	0	0	0	0	
	4021105	5002	105	4021001	 防具 - 灰裝	40	945	945	0	0	105	105	105	105	105	0	105	0	315	0	0	0	0	0	0	0	0	
	4021106	5002	106	4021001	 防具 - 灰裝	40	954	954	0	0	106	106	106	106	106	0	106	0	318	0	0	0	0	0	0	0	0	
	4021107	5002	107	4021001	 防具 - 灰裝	40	963	963	0	0	107	107	107	107	107	0	107	0	321	0	0	0	0	0	0	0	0	
	4021108	5002	108	4021001	 防具 - 灰裝	40	972	972	0	0	108	108	108	108	108	0	108	0	324	0	0	0	0	0	0	0	0	
# 防具 - 白裝（非商店貨）																												
	4022001	5002	1	4022001	 防具 - 白裝	40	11	11	0	0	1	1	1	1	1	0	1	0	3	0	0	0	0	0	0	0	0	
	4022002	5002	2	4022001	 防具 - 白裝	40	22	22	0	0	2	2	2	2	2	0	2	0	6	0	0	0	0	0	0	0	0	
	4022003	5002	3	4022001	 防具 - 白裝	40	33	33	0	0	3	3	3	3	3	0	3	0	9	0	0	0	0	0	0	0	0	
	4022004	5002	4	4022001	 防具 - 白裝	40	44	44	0	0	4	4	4	4	4	0	4	0	12	0	0	0	0	0	0	0	0	
	4022005	5002	5	4022001	 防具 - 白裝	40	55	55	0	0	5	5	5	5	5	0	5	0	15	0	0	0	0	0	0	0	0	
	4022006	5002	6	4022001	 防具 - 白裝	40	66	66	0	0	6	6	6	6	6	0	6	0	18	0	0	0	0	0	0	0	0	
	4022007	5002	7	4022001	 防具 - 白裝	40	77	77	0	0	7	7	7	7	7	0	7	0	21	0	0	0	0	0	0	0	0	
	4022008	5002	8	4022001	 防具 - 白裝	40	88	88	0	0	8	8	8	8	8	0	8	0	24	0	0	0	0	0	0	0	0	
	4022009	5002	9	4022001	 防具 - 白裝	40	99	99	0	0	9	9	9	9	9	0	9	0	27	0	0	0	0	0	0	0	0	
	4022010	5002	10	4022001	 防具 - 白裝	40	110	110	0	0	10	10	10	10	10	0	10	0	30	0	0	0	0	0	0	0	0	
	4022011	5002	11	4022001	 防具 - 白裝	40	121	121	0	0	11	11	11	11	11	0	11	0	33	0	0	0	0	0	0	0	0	
	4022012	5002	12	4022001	 防具 - 白裝	40	132	132	0	0	12	12	12	12	12	0	12	0	36	0	0	0	0	0	0	0	0	
	4022013	5002	13	4022001	 防具 - 白裝	40	143	143	0	0	13	13	13	13	13	0	13	0	39	0	0	0	0	0	0	0	0	
	4022014	5002	14	4022001	 防具 - 白裝	40	154	154	0	0	14	14	14	14	14	0	14	0	42	0	0	0	0	0	0	0	0	
	4022015	5002	15	4022001	 防具 - 白裝	40	165	165	0	0	15	15	15	15	15	0	15	0	45	0	0	0	0	0	0	0	0	
	4022016	5002	16	4022001	 防具 - 白裝	40	176	176	0	0	16	16	16	16	16	0	16	0	48	0	0	0	0	0	0	0	0	
	4022017	5002	17	4022001	 防具 - 白裝	40	187	187	0	0	17	17	17	17	17	0	17	0	51	0	0	0	0	0	0	0	0	
	4022018	5002	18	4022001	 防具 - 白裝	40	198	198	0	0	18	18	18	18	18	0	18	0	54	0	0	0	0	0	0	0	0	
	4022019	5002	19	4022001	 防具 - 白裝	40	209	209	0	0	19	19	19	19	19	0	19	0	57	0	0	0	0	0	0	0	0	
	4022020	5002	20	4022001	 防具 - 白裝	40	220	220	0	0	20	20	20	20	20	0	20	0	60	0	0	0	0	0	0	0	0	
	4022021	5002	21	4022001	 防具 - 白裝	40	231	231	0	0	21	21	21	21	21	0	21	0	63	0	0	0	0	0	0	0	0	
	4022022	5002	22	4022001	 防具 - 白裝	40	242	242	0	0	22	22	22	22	22	0	22	0	66	0	0	0	0	0	0	0	0	
	4022023	5002	23	4022001	 防具 - 白裝	40	253	253	0	0	23	23	23	23	23	0	23	0	69	0	0	0	0	0	0	0	0	
	4022024	5002	24	4022001	 防具 - 白裝	40	264	264	0	0	24	24	24	24	24	0	24	0	72	0	0	0	0	0	0	0	0	
	4022025	5002	25	4022001	 防具 - 白裝	40	275	275	0	0	25	25	25	25	25	0	25	0	75	0	0	0	0	0	0	0	0	
	4022026	5002	26	4022001	 防具 - 白裝	40	286	286	0	0	26	26	26	26	26	0	26	0	78	0	0	0	0	0	0	0	0	
	4022027	5002	27	4022001	 防具 - 白裝	40	297	297	0	0	27	27	27	27	27	0	27	0	81	0	0	0	0	0	0	0	0	
	4022028	5002	28	4022001	 防具 - 白裝	40	308	308	0	0	28	28	28	28	28	0	28	0	84	0	0	0	0	0	0	0	0	
	4022029	5002	29	4022001	 防具 - 白裝	40	319	319	0	0	29	29	29	29	29	0	29	0	87	0	0	0	0	0	0	0	0	
	4022030	5002	30	4022001	 防具 - 白裝	40	330	330	0	0	30	30	30	30	30	0	30	0	90	0	0	0	0	0	0	0	0	
	4022031	5002	31	4022001	 防具 - 白裝	40	341	341	0	0	31	31	31	31	31	0	31	0	93	0	0	0	0	0	0	0	0	
	4022032	5002	32	4022001	 防具 - 白裝	40	352	352	0	0	32	32	32	32	32	0	32	0	96	0	0	0	0	0	0	0	0	
	4022033	5002	33	4022001	 防具 - 白裝	40	363	363	0	0	33	33	33	33	33	0	33	0	99	0	0	0	0	0	0	0	0	
	4022034	5002	34	4022001	 防具 - 白裝	40	374	374	0	0	34	34	34	34	34	0	34	0	102	0	0	0	0	0	0	0	0	
	4022035	5002	35	4022001	 防具 - 白裝	40	385	385	0	0	35	35	35	35	35	0	35	0	105	0	0	0	0	0	0	0	0	
	4022036	5002	36	4022001	 防具 - 白裝	40	396	396	0	0	36	36	36	36	36	0	36	0	108	0	0	0	0	0	0	0	0	
	4022037	5002	37	4022001	 防具 - 白裝	40	407	407	0	0	37	37	37	37	37	0	37	0	111	0	0	0	0	0	0	0	0	
	4022038	5002	38	4022001	 防具 - 白裝	40	418	418	0	0	38	38	38	38	38	0	38	0	114	0	0	0	0	0	0	0	0	
	4022039	5002	39	4022001	 防具 - 白裝	40	429	429	0	0	39	39	39	39	39	0	39	0	117	0	0	0	0	0	0	0	0	
	4022040	5002	40	4022001	 防具 - 白裝	40	440	440	0	0	40	40	40	40	40	0	40	0	120	0	0	0	0	0	0	0	0	
	4022041	5002	41	4022001	 防具 - 白裝	40	451	451	0	0	41	41	41	41	41	0	41	0	123	0	0	0	0	0	0	0	0	
	4022042	5002	42	4022001	 防具 - 白裝	40	462	462	0	0	42	42	42	42	42	0	42	0	126	0	0	0	0	0	0	0	0	
	4022043	5002	43	4022001	 防具 - 白裝	40	473	473	0	0	43	43	43	43	43	0	43	0	129	0	0	0	0	0	0	0	0	
	4022044	5002	44	4022001	 防具 - 白裝	40	484	484	0	0	44	44	44	44	44	0	44	0	132	0	0	0	0	0	0	0	0	
	4022045	5002	45	4022001	 防具 - 白裝	40	495	495	0	0	45	45	45	45	45	0	45	0	135	0	0	0	0	0	0	0	0	
	4022046	5002	46	4022001	 防具 - 白裝	40	506	506	0	0	46	46	46	46	46	0	46	0	138	0	0	0	0	0	0	0	0	
	4022047	5002	47	4022001	 防具 - 白裝	40	517	517	0	0	47	47	47	47	47	0	47	0	141	0	0	0	0	0	0	0	0	
	4022048	5002	48	4022001	 防具 - 白裝	40	528	528	0	0	48	48	48	48	48	0	48	0	144	0	0	0	0	0	0	0	0	
	4022049	5002	49	4022001	 防具 - 白裝	40	539	539	0	0	49	49	49	49	49	0	49	0	147	0	0	0	0	0	0	0	0	
	4022050	5002	50	4022001	 防具 - 白裝	40	550	550	0	0	50	50	50	50	50	0	50	0	150	0	0	0	0	0	0	0	0	
	4022051	5002	51	4022001	 防具 - 白裝	40	561	561	0	0	51	51	51	51	51	0	51	0	153	0	0	0	0	0	0	0	0	
	4022052	5002	52	4022001	 防具 - 白裝	40	572	572	0	0	52	52	52	52	52	0	52	0	156	0	0	0	0	0	0	0	0	
	4022053	5002	53	4022001	 防具 - 白裝	40	583	583	0	0	53	53	53	53	53	0	53	0	159	0	0	0	0	0	0	0	0	
	4022054	5002	54	4022001	 防具 - 白裝	40	594	594	0	0	54	54	54	54	54	0	54	0	162	0	0	0	0	0	0	0	0	
	4022055	5002	55	4022001	 防具 - 白裝	40	605	605	0	0	55	55	55	55	55	0	55	0	165	0	0	0	0	0	0	0	0	
	4022056	5002	56	4022001	 防具 - 白裝	40	616	616	0	0	56	56	56	56	56	0	56	0	168	0	0	0	0	0	0	0	0	
	4022057	5002	57	4022001	 防具 - 白裝	40	627	627	0	0	57	57	57	57	57	0	57	0	171	0	0	0	0	0	0	0	0	
	4022058	5002	58	4022001	 防具 - 白裝	40	638	638	0	0	58	58	58	58	58	0	58	0	174	0	0	0	0	0	0	0	0	
	4022059	5002	59	4022001	 防具 - 白裝	40	649	649	0	0	59	59	59	59	59	0	59	0	177	0	0	0	0	0	0	0	0	
	4022060	5002	60	4022001	 防具 - 白裝	40	660	660	0	0	60	60	60	60	60	0	60	0	180	0	0	0	0	0	0	0	0	
	4022061	5002	61	4022001	 防具 - 白裝	40	671	671	0	0	61	61	61	61	61	0	61	0	183	0	0	0	0	0	0	0	0	
	4022062	5002	62	4022001	 防具 - 白裝	40	682	682	0	0	62	62	62	62	62	0	62	0	186	0	0	0	0	0	0	0	0	
	4022063	5002	63	4022001	 防具 - 白裝	40	693	693	0	0	63	63	63	63	63	0	63	0	189	0	0	0	0	0	0	0	0	
	4022064	5002	64	4022001	 防具 - 白裝	40	704	704	0	0	64	64	64	64	64	0	64	0	192	0	0	0	0	0	0	0	0	
	4022065	5002	65	4022001	 防具 - 白裝	40	715	715	0	0	65	65	65	65	65	0	65	0	195	0	0	0	0	0	0	0	0	
	4022066	5002	66	4022001	 防具 - 白裝	40	726	726	0	0	66	66	66	66	66	0	66	0	198	0	0	0	0	0	0	0	0	
	4022067	5002	67	4022001	 防具 - 白裝	40	737	737	0	0	67	67	67	67	67	0	67	0	201	0	0	0	0	0	0	0	0	
	4022068	5002	68	4022001	 防具 - 白裝	40	748	748	0	0	68	68	68	68	68	0	68	0	204	0	0	0	0	0	0	0	0	
	4022069	5002	69	4022001	 防具 - 白裝	40	759	759	0	0	69	69	69	69	69	0	69	0	207	0	0	0	0	0	0	0	0	
	4022070	5002	70	4022001	 防具 - 白裝	40	770	770	0	0	70	70	70	70	70	0	70	0	210	0	0	0	0	0	0	0	0	
	4022071	5002	71	4022001	 防具 - 白裝	40	781	781	0	0	71	71	71	71	71	0	71	0	213	0	0	0	0	0	0	0	0	
	4022072	5002	72	4022001	 防具 - 白裝	40	792	792	0	0	72	72	72	72	72	0	72	0	216	0	0	0	0	0	0	0	0	
	4022073	5002	73	4022001	 防具 - 白裝	40	803	803	0	0	73	73	73	73	73	0	73	0	219	0	0	0	0	0	0	0	0	
	4022074	5002	74	4022001	 防具 - 白裝	40	814	814	0	0	74	74	74	74	74	0	74	0	222	0	0	0	0	0	0	0	0	
	4022075	5002	75	4022001	 防具 - 白裝	40	825	825	0	0	75	75	75	75	75	0	75	0	225	0	0	0	0	0	0	0	0	
	4022076	5002	76	4022001	 防具 - 白裝	40	836	836	0	0	76	76	76	76	76	0	76	0	228	0	0	0	0	0	0	0	0	
	4022077	5002	77	4022001	 防具 - 白裝	40	847	847	0	0	77	77	77	77	77	0	77	0	231	0	0	0	0	0	0	0	0	
	4022078	5002	78	4022001	 防具 - 白裝	40	858	858	0	0	78	78	78	78	78	0	78	0	234	0	0	0	0	0	0	0	0	
	4022079	5002	79	4022001	 防具 - 白裝	40	869	869	0	0	79	79	79	79	79	0	79	0	237	0	0	0	0	0	0	0	0	
	4022080	5002	80	4022001	 防具 - 白裝	40	880	880	0	0	80	80	80	80	80	0	80	0	240	0	0	0	0	0	0	0	0	
	4022081	5002	81	4022001	 防具 - 白裝	40	891	891	0	0	81	81	81	81	81	0	81	0	243	0	0	0	0	0	0	0	0	
	4022082	5002	82	4022001	 防具 - 白裝	40	902	902	0	0	82	82	82	82	82	0	82	0	246	0	0	0	0	0	0	0	0	
	4022083	5002	83	4022001	 防具 - 白裝	40	913	913	0	0	83	83	83	83	83	0	83	0	249	0	0	0	0	0	0	0	0	
	4022084	5002	84	4022001	 防具 - 白裝	40	924	924	0	0	84	84	84	84	84	0	84	0	252	0	0	0	0	0	0	0	0	
	4022085	5002	85	4022001	 防具 - 白裝	40	935	935	0	0	85	85	85	85	85	0	85	0	255	0	0	0	0	0	0	0	0	
	4022086	5002	86	4022001	 防具 - 白裝	40	946	946	0	0	86	86	86	86	86	0	86	0	258	0	0	0	0	0	0	0	0	
	4022087	5002	87	4022001	 防具 - 白裝	40	957	957	0	0	87	87	87	87	87	0	87	0	261	0	0	0	0	0	0	0	0	
	4022088	5002	88	4022001	 防具 - 白裝	40	968	968	0	0	88	88	88	88	88	0	88	0	264	0	0	0	0	0	0	0	0	
	4022089	5002	89	4022001	 防具 - 白裝	40	979	979	0	0	89	89	89	89	89	0	89	0	267	0	0	0	0	0	0	0	0	
	4022090	5002	90	4022001	 防具 - 白裝	40	990	990	0	0	90	90	90	90	90	0	90	0	270	0	0	0	0	0	0	0	0	
	4022091	5002	91	4022001	 防具 - 白裝	40	1001	1001	0	0	91	91	91	91	91	0	91	0	273	0	0	0	0	0	0	0	0	
	4022092	5002	92	4022001	 防具 - 白裝	40	1012	1012	0	0	92	92	92	92	92	0	92	0	276	0	0	0	0	0	0	0	0	
	4022093	5002	93	4022001	 防具 - 白裝	40	1023	1023	0	0	93	93	93	93	93	0	93	0	279	0	0	0	0	0	0	0	0	
	4022094	5002	94	4022001	 防具 - 白裝	40	1034	1034	0	0	94	94	94	94	94	0	94	0	282	0	0	0	0	0	0	0	0	
	4022095	5002	95	4022001	 防具 - 白裝	40	1045	1045	0	0	95	95	95	95	95	0	95	0	285	0	0	0	0	0	0	0	0	
	4022096	5002	96	4022001	 防具 - 白裝	40	1056	1056	0	0	96	96	96	96	96	0	96	0	288	0	0	0	0	0	0	0	0	
	4022097	5002	97	4022001	 防具 - 白裝	40	1067	1067	0	0	97	97	97	97	97	0	97	0	291	0	0	0	0	0	0	0	0	
	4022098	5002	98	4022001	 防具 - 白裝	40	1078	1078	0	0	98	98	98	98	98	0	98	0	294	0	0	0	0	0	0	0	0	
	4022099	5002	99	4022001	 防具 - 白裝	40	1089	1089	0	0	99	99	99	99	99	0	99	0	297	0	0	0	0	0	0	0	0	
	4022100	5002	100	4022001	 防具 - 白裝	40	1100	1100	0	0	100	100	100	100	100	0	100	0	300	0	0	0	0	0	0	0	0	
	4022101	5002	101	4022001	 防具 - 白裝	40	1111	1111	0	0	101	101	101	101	101	0	101	0	303	0	0	0	0	0	0	0	0	
	4022102	5002	102	4022001	 防具 - 白裝	40	1122	1122	0	0	102	102	102	102	102	0	102	0	306	0	0	0	0	0	0	0	0	
	4022103	5002	103	4022001	 防具 - 白裝	40	1133	1133	0	0	103	103	103	103	103	0	103	0	309	0	0	0	0	0	0	0	0	
	4022104	5002	104	4022001	 防具 - 白裝	40	1144	1144	0	0	104	104	104	104	104	0	104	0	312	0	0	0	0	0	0	0	0	
	4022105	5002	105	4022001	 防具 - 白裝	40	1155	1155	0	0	105	105	105	105	105	0	105	0	315	0	0	0	0	0	0	0	0	
	4022106	5002	106	4022001	 防具 - 白裝	40	1166	1166	0	0	106	106	106	106	106	0	106	0	318	0	0	0	0	0	0	0	0	
	4022107	5002	107	4022001	 防具 - 白裝	40	1177	1177	0	0	107	107	107	107	107	0	107	0	321	0	0	0	0	0	0	0	0	
	4022108	5002	108	4022001	 防具 - 白裝	40	1188	1188	0	0	108	108	108	108	108	0	108	0	324	0	0	0	0	0	0	0	0	
# 防具 - 綠裝																												
	4023001	5002	1	4023001	 防具 - 綠裝	40	12	12	0	0	1	1	1	1	1	0	1	0	3	0	0	0	0	0	0	0	0	
	4023002	5002	2	4023001	 防具 - 綠裝	40	24	24	0	0	2	2	2	2	2	0	2	0	6	0	0	0	0	0	0	0	0	
	4023003	5002	3	4023001	 防具 - 綠裝	40	36	36	0	0	3	3	3	3	3	0	3	0	9	0	0	0	0	0	0	0	0	
	4023004	5002	4	4023001	 防具 - 綠裝	40	48	48	0	0	4	4	4	4	4	0	4	0	12	0	0	0	0	0	0	0	0	
	4023005	5002	5	4023001	 防具 - 綠裝	40	60	60	0	0	5	5	5	5	5	0	5	0	15	0	0	0	0	0	0	0	0	
	4023006	5002	6	4023001	 防具 - 綠裝	40	72	72	0	0	6	6	6	6	6	0	6	0	18	0	0	0	0	0	0	0	0	
	4023007	5002	7	4023001	 防具 - 綠裝	40	84	84	0	0	7	7	7	7	7	0	7	0	21	0	0	0	0	0	0	0	0	
	4023008	5002	8	4023001	 防具 - 綠裝	40	96	96	0	0	8	8	8	8	8	0	8	0	24	0	0	0	0	0	0	0	0	
	4023009	5002	9	4023001	 防具 - 綠裝	40	108	108	0	0	9	9	9	9	9	0	9	0	27	0	0	0	0	0	0	0	0	
	4023010	5002	10	4023001	 防具 - 綠裝	40	120	120	0	0	10	10	10	10	10	0	10	0	30	0	0	0	0	0	0	0	0	
	4023011	5002	11	4023001	 防具 - 綠裝	40	132	132	0	0	11	11	11	11	11	0	11	0	33	0	0	0	0	0	0	0	0	
	4023012	5002	12	4023001	 防具 - 綠裝	40	144	144	0	0	12	12	12	12	12	0	12	0	36	0	0	0	0	0	0	0	0	
	4023013	5002	13	4023001	 防具 - 綠裝	40	156	156	0	0	13	13	13	13	13	0	13	0	39	0	0	0	0	0	0	0	0	
	4023014	5002	14	4023001	 防具 - 綠裝	40	168	168	0	0	14	14	14	14	14	0	14	0	42	0	0	0	0	0	0	0	0	
	4023015	5002	15	4023001	 防具 - 綠裝	40	180	180	0	0	15	15	15	15	15	0	15	0	45	0	0	0	0	0	0	0	0	
	4023016	5002	16	4023001	 防具 - 綠裝	40	192	192	0	0	16	16	16	16	16	0	16	0	48	0	0	0	0	0	0	0	0	
	4023017	5002	17	4023001	 防具 - 綠裝	40	204	204	0	0	17	17	17	17	17	0	17	0	51	0	0	0	0	0	0	0	0	
	4023018	5002	18	4023001	 防具 - 綠裝	40	216	216	0	0	18	18	18	18	18	0	18	0	54	0	0	0	0	0	0	0	0	
	4023019	5002	19	4023001	 防具 - 綠裝	40	228	228	0	0	19	19	19	19	19	0	19	0	57	0	0	0	0	0	0	0	0	
	4023020	5002	20	4023001	 防具 - 綠裝	40	240	240	0	0	20	20	20	20	20	0	20	0	60	0	0	0	0	0	0	0	0	
	4023021	5002	21	4023001	 防具 - 綠裝	40	252	252	0	0	21	21	21	21	21	0	21	0	63	0	0	0	0	0	0	0	0	
	4023022	5002	22	4023001	 防具 - 綠裝	40	264	264	0	0	22	22	22	22	22	0	22	0	66	0	0	0	0	0	0	0	0	
	4023023	5002	23	4023001	 防具 - 綠裝	40	276	276	0	0	23	23	23	23	23	0	23	0	69	0	0	0	0	0	0	0	0	
	4023024	5002	24	4023001	 防具 - 綠裝	40	288	288	0	0	24	24	24	24	24	0	24	0	72	0	0	0	0	0	0	0	0	
	4023025	5002	25	4023001	 防具 - 綠裝	40	300	300	0	0	25	25	25	25	25	0	25	0	75	0	0	0	0	0	0	0	0	
	4023026	5002	26	4023001	 防具 - 綠裝	40	312	312	0	0	26	26	26	26	26	0	26	0	78	0	0	0	0	0	0	0	0	
	4023027	5002	27	4023001	 防具 - 綠裝	40	324	324	0	0	27	27	27	27	27	0	27	0	81	0	0	0	0	0	0	0	0	
	4023028	5002	28	4023001	 防具 - 綠裝	40	336	336	0	0	28	28	28	28	28	0	28	0	84	0	0	0	0	0	0	0	0	
	4023029	5002	29	4023001	 防具 - 綠裝	40	348	348	0	0	29	29	29	29	29	0	29	0	87	0	0	0	0	0	0	0	0	
	4023030	5002	30	4023001	 防具 - 綠裝	40	360	360	0	0	30	30	30	30	30	0	30	0	90	0	0	0	0	0	0	0	0	
	4023031	5002	31	4023001	 防具 - 綠裝	40	372	372	0	0	31	31	31	31	31	0	31	0	93	0	0	0	0	0	0	0	0	
	4023032	5002	32	4023001	 防具 - 綠裝	40	384	384	0	0	32	32	32	32	32	0	32	0	96	0	0	0	0	0	0	0	0	
	4023033	5002	33	4023001	 防具 - 綠裝	40	396	396	0	0	33	33	33	33	33	0	33	0	99	0	0	0	0	0	0	0	0	
	4023034	5002	34	4023001	 防具 - 綠裝	40	408	408	0	0	34	34	34	34	34	0	34	0	102	0	0	0	0	0	0	0	0	
	4023035	5002	35	4023001	 防具 - 綠裝	40	420	420	0	0	35	35	35	35	35	0	35	0	105	0	0	0	0	0	0	0	0	
	4023036	5002	36	4023001	 防具 - 綠裝	40	432	432	0	0	36	36	36	36	36	0	36	0	108	0	0	0	0	0	0	0	0	
	4023037	5002	37	4023001	 防具 - 綠裝	40	444	444	0	0	37	37	37	37	37	0	37	0	111	0	0	0	0	0	0	0	0	
	4023038	5002	38	4023001	 防具 - 綠裝	40	456	456	0	0	38	38	38	38	38	0	38	0	114	0	0	0	0	0	0	0	0	
	4023039	5002	39	4023001	 防具 - 綠裝	40	468	468	0	0	39	39	39	39	39	0	39	0	117	0	0	0	0	0	0	0	0	
	4023040	5002	40	4023001	 防具 - 綠裝	40	480	480	0	0	40	40	40	40	40	0	40	0	120	0	0	0	0	0	0	0	0	
	4023041	5002	41	4023001	 防具 - 綠裝	40	492	492	0	0	41	41	41	41	41	0	41	0	123	0	0	0	0	0	0	0	0	
	4023042	5002	42	4023001	 防具 - 綠裝	40	504	504	0	0	42	42	42	42	42	0	42	0	126	0	0	0	0	0	0	0	0	
	4023043	5002	43	4023001	 防具 - 綠裝	40	516	516	0	0	43	43	43	43	43	0	43	0	129	0	0	0	0	0	0	0	0	
	4023044	5002	44	4023001	 防具 - 綠裝	40	528	528	0	0	44	44	44	44	44	0	44	0	132	0	0	0	0	0	0	0	0	
	4023045	5002	45	4023001	 防具 - 綠裝	40	540	540	0	0	45	45	45	45	45	0	45	0	135	0	0	0	0	0	0	0	0	
	4023046	5002	46	4023001	 防具 - 綠裝	40	552	552	0	0	46	46	46	46	46	0	46	0	138	0	0	0	0	0	0	0	0	
	4023047	5002	47	4023001	 防具 - 綠裝	40	564	564	0	0	47	47	47	47	47	0	47	0	141	0	0	0	0	0	0	0	0	
	4023048	5002	48	4023001	 防具 - 綠裝	40	576	576	0	0	48	48	48	48	48	0	48	0	144	0	0	0	0	0	0	0	0	
	4023049	5002	49	4023001	 防具 - 綠裝	40	588	588	0	0	49	49	49	49	49	0	49	0	147	0	0	0	0	0	0	0	0	
	4023050	5002	50	4023001	 防具 - 綠裝	40	600	600	0	0	50	50	50	50	50	0	50	0	150	0	0	0	0	0	0	0	0	
	4023051	5002	51	4023001	 防具 - 綠裝	40	612	612	0	0	51	51	51	51	51	0	51	0	153	0	0	0	0	0	0	0	0	
	4023052	5002	52	4023001	 防具 - 綠裝	40	624	624	0	0	52	52	52	52	52	0	52	0	156	0	0	0	0	0	0	0	0	
	4023053	5002	53	4023001	 防具 - 綠裝	40	636	636	0	0	53	53	53	53	53	0	53	0	159	0	0	0	0	0	0	0	0	
	4023054	5002	54	4023001	 防具 - 綠裝	40	648	648	0	0	54	54	54	54	54	0	54	0	162	0	0	0	0	0	0	0	0	
	4023055	5002	55	4023001	 防具 - 綠裝	40	660	660	0	0	55	55	55	55	55	0	55	0	165	0	0	0	0	0	0	0	0	
	4023056	5002	56	4023001	 防具 - 綠裝	40	672	672	0	0	56	56	56	56	56	0	56	0	168	0	0	0	0	0	0	0	0	
	4023057	5002	57	4023001	 防具 - 綠裝	40	684	684	0	0	57	57	57	57	57	0	57	0	171	0	0	0	0	0	0	0	0	
	4023058	5002	58	4023001	 防具 - 綠裝	40	696	696	0	0	58	58	58	58	58	0	58	0	174	0	0	0	0	0	0	0	0	
	4023059	5002	59	4023001	 防具 - 綠裝	40	708	708	0	0	59	59	59	59	59	0	59	0	177	0	0	0	0	0	0	0	0	
	4023060	5002	60	4023001	 防具 - 綠裝	40	720	720	0	0	60	60	60	60	60	0	60	0	180	0	0	0	0	0	0	0	0	
	4023061	5002	61	4023001	 防具 - 綠裝	40	732	732	0	0	61	61	61	61	61	0	61	0	183	0	0	0	0	0	0	0	0	
	4023062	5002	62	4023001	 防具 - 綠裝	40	744	744	0	0	62	62	62	62	62	0	62	0	186	0	0	0	0	0	0	0	0	
	4023063	5002	63	4023001	 防具 - 綠裝	40	756	756	0	0	63	63	63	63	63	0	63	0	189	0	0	0	0	0	0	0	0	
	4023064	5002	64	4023001	 防具 - 綠裝	40	768	768	0	0	64	64	64	64	64	0	64	0	192	0	0	0	0	0	0	0	0	
	4023065	5002	65	4023001	 防具 - 綠裝	40	780	780	0	0	65	65	65	65	65	0	65	0	195	0	0	0	0	0	0	0	0	
	4023066	5002	66	4023001	 防具 - 綠裝	40	792	792	0	0	66	66	66	66	66	0	66	0	198	0	0	0	0	0	0	0	0	
	4023067	5002	67	4023001	 防具 - 綠裝	40	804	804	0	0	67	67	67	67	67	0	67	0	201	0	0	0	0	0	0	0	0	
	4023068	5002	68	4023001	 防具 - 綠裝	40	816	816	0	0	68	68	68	68	68	0	68	0	204	0	0	0	0	0	0	0	0	
	4023069	5002	69	4023001	 防具 - 綠裝	40	828	828	0	0	69	69	69	69	69	0	69	0	207	0	0	0	0	0	0	0	0	
	4023070	5002	70	4023001	 防具 - 綠裝	40	840	840	0	0	70	70	70	70	70	0	70	0	210	0	0	0	0	0	0	0	0	
	4023071	5002	71	4023001	 防具 - 綠裝	40	852	852	0	0	71	71	71	71	71	0	71	0	213	0	0	0	0	0	0	0	0	
	4023072	5002	72	4023001	 防具 - 綠裝	40	864	864	0	0	72	72	72	72	72	0	72	0	216	0	0	0	0	0	0	0	0	
	4023073	5002	73	4023001	 防具 - 綠裝	40	876	876	0	0	73	73	73	73	73	0	73	0	219	0	0	0	0	0	0	0	0	
	4023074	5002	74	4023001	 防具 - 綠裝	40	888	888	0	0	74	74	74	74	74	0	74	0	222	0	0	0	0	0	0	0	0	
	4023075	5002	75	4023001	 防具 - 綠裝	40	900	900	0	0	75	75	75	75	75	0	75	0	225	0	0	0	0	0	0	0	0	
	4023076	5002	76	4023001	 防具 - 綠裝	40	912	912	0	0	76	76	76	76	76	0	76	0	228	0	0	0	0	0	0	0	0	
	4023077	5002	77	4023001	 防具 - 綠裝	40	924	924	0	0	77	77	77	77	77	0	77	0	231	0	0	0	0	0	0	0	0	
	4023078	5002	78	4023001	 防具 - 綠裝	40	936	936	0	0	78	78	78	78	78	0	78	0	234	0	0	0	0	0	0	0	0	
	4023079	5002	79	4023001	 防具 - 綠裝	40	948	948	0	0	79	79	79	79	79	0	79	0	237	0	0	0	0	0	0	0	0	
	4023080	5002	80	4023001	 防具 - 綠裝	40	960	960	0	0	80	80	80	80	80	0	80	0	240	0	0	0	0	0	0	0	0	
	4023081	5002	81	4023001	 防具 - 綠裝	40	972	972	0	0	81	81	81	81	81	0	81	0	243	0	0	0	0	0	0	0	0	
	4023082	5002	82	4023001	 防具 - 綠裝	40	984	984	0	0	82	82	82	82	82	0	82	0	246	0	0	0	0	0	0	0	0	
	4023083	5002	83	4023001	 防具 - 綠裝	40	996	996	0	0	83	83	83	83	83	0	83	0	249	0	0	0	0	0	0	0	0	
	4023084	5002	84	4023001	 防具 - 綠裝	40	1008	1008	0	0	84	84	84	84	84	0	84	0	252	0	0	0	0	0	0	0	0	
	4023085	5002	85	4023001	 防具 - 綠裝	40	1020	1020	0	0	85	85	85	85	85	0	85	0	255	0	0	0	0	0	0	0	0	
	4023086	5002	86	4023001	 防具 - 綠裝	40	1032	1032	0	0	86	86	86	86	86	0	86	0	258	0	0	0	0	0	0	0	0	
	4023087	5002	87	4023001	 防具 - 綠裝	40	1044	1044	0	0	87	87	87	87	87	0	87	0	261	0	0	0	0	0	0	0	0	
	4023088	5002	88	4023001	 防具 - 綠裝	40	1056	1056	0	0	88	88	88	88	88	0	88	0	264	0	0	0	0	0	0	0	0	
	4023089	5002	89	4023001	 防具 - 綠裝	40	1068	1068	0	0	89	89	89	89	89	0	89	0	267	0	0	0	0	0	0	0	0	
	4023090	5002	90	4023001	 防具 - 綠裝	40	1080	1080	0	0	90	90	90	90	90	0	90	0	270	0	0	0	0	0	0	0	0	
	4023091	5002	91	4023001	 防具 - 綠裝	40	1092	1092	0	0	91	91	91	91	91	0	91	0	273	0	0	0	0	0	0	0	0	
	4023092	5002	92	4023001	 防具 - 綠裝	40	1104	1104	0	0	92	92	92	92	92	0	92	0	276	0	0	0	0	0	0	0	0	
	4023093	5002	93	4023001	 防具 - 綠裝	40	1116	1116	0	0	93	93	93	93	93	0	93	0	279	0	0	0	0	0	0	0	0	
	4023094	5002	94	4023001	 防具 - 綠裝	40	1128	1128	0	0	94	94	94	94	94	0	94	0	282	0	0	0	0	0	0	0	0	
	4023095	5002	95	4023001	 防具 - 綠裝	40	1140	1140	0	0	95	95	95	95	95	0	95	0	285	0	0	0	0	0	0	0	0	
	4023096	5002	96	4023001	 防具 - 綠裝	40	1152	1152	0	0	96	96	96	96	96	0	96	0	288	0	0	0	0	0	0	0	0	
	4023097	5002	97	4023001	 防具 - 綠裝	40	1164	1164	0	0	97	97	97	97	97	0	97	0	291	0	0	0	0	0	0	0	0	
	4023098	5002	98	4023001	 防具 - 綠裝	40	1176	1176	0	0	98	98	98	98	98	0	98	0	294	0	0	0	0	0	0	0	0	
	4023099	5002	99	4023001	 防具 - 綠裝	40	1188	1188	0	0	99	99	99	99	99	0	99	0	297	0	0	0	0	0	0	0	0	
	4023100	5002	100	4023001	 防具 - 綠裝	40	1200	1200	0	0	100	100	100	100	100	0	100	0	300	0	0	0	0	0	0	0	0	
	4023101	5002	101	4023001	 防具 - 綠裝	40	1212	1212	0	0	101	101	101	101	101	0	101	0	303	0	0	0	0	0	0	0	0	
	4023102	5002	102	4023001	 防具 - 綠裝	40	1224	1224	0	0	102	102	102	102	102	0	102	0	306	0	0	0	0	0	0	0	0	
	4023103	5002	103	4023001	 防具 - 綠裝	40	1236	1236	0	0	103	103	103	103	103	0	103	0	309	0	0	0	0	0	0	0	0	
	4023104	5002	104	4023001	 防具 - 綠裝	40	1248	1248	0	0	104	104	104	104	104	0	104	0	312	0	0	0	0	0	0	0	0	
	4023105	5002	105	4023001	 防具 - 綠裝	40	1260	1260	0	0	105	105	105	105	105	0	105	0	315	0	0	0	0	0	0	0	0	
	4023106	5002	106	4023001	 防具 - 綠裝	40	1272	1272	0	0	106	106	106	106	106	0	106	0	318	0	0	0	0	0	0	0	0	
	4023107	5002	107	4023001	 防具 - 綠裝	40	1284	1284	0	0	107	107	107	107	107	0	107	0	321	0	0	0	0	0	0	0	0	
	4023108	5002	108	4023001	 防具 - 綠裝	40	1296	1296	0	0	108	108	108	108	108	0	108	0	324	0	0	0	0	0	0	0	0	
# 防具 - 藍裝																												
	4024001	5002	1	4024001	 防具 - 藍裝	40	14	14	0	0	2	2	2	2	2	0	2	0	5	0	0	0	0	0	0	0	0	
	4024002	5002	2	4024001	 防具 - 藍裝	40	28	28	0	0	4	4	4	4	4	0	4	0	10	0	0	0	0	0	0	0	0	
	4024003	5002	3	4024001	 防具 - 藍裝	40	42	42	0	0	6	6	6	6	6	0	6	0	15	0	0	0	0	0	0	0	0	
	4024004	5002	4	4024001	 防具 - 藍裝	40	56	56	0	0	8	8	8	8	8	0	8	0	20	0	0	0	0	0	0	0	0	
	4024005	5002	5	4024001	 防具 - 藍裝	40	70	70	0	0	10	10	10	10	10	0	10	0	25	0	0	0	0	0	0	0	0	
	4024006	5002	6	4024001	 防具 - 藍裝	40	84	84	0	0	12	12	12	12	12	0	12	0	30	0	0	0	0	0	0	0	0	
	4024007	5002	7	4024001	 防具 - 藍裝	40	98	98	0	0	14	14	14	14	14	0	14	0	35	0	0	0	0	0	0	0	0	
	4024008	5002	8	4024001	 防具 - 藍裝	40	112	112	0	0	16	16	16	16	16	0	16	0	40	0	0	0	0	0	0	0	0	
	4024009	5002	9	4024001	 防具 - 藍裝	40	126	126	0	0	18	18	18	18	18	0	18	0	45	0	0	0	0	0	0	0	0	
	4024010	5002	10	4024001	 防具 - 藍裝	40	140	140	0	0	20	20	20	20	20	0	20	0	50	0	0	0	0	0	0	0	0	
	4024011	5002	11	4024001	 防具 - 藍裝	40	154	154	0	0	22	22	22	22	22	0	22	0	55	0	0	0	0	0	0	0	0	
	4024012	5002	12	4024001	 防具 - 藍裝	40	168	168	0	0	24	24	24	24	24	0	24	0	60	0	0	0	0	0	0	0	0	
	4024013	5002	13	4024001	 防具 - 藍裝	40	182	182	0	0	26	26	26	26	26	0	26	0	65	0	0	0	0	0	0	0	0	
	4024014	5002	14	4024001	 防具 - 藍裝	40	196	196	0	0	28	28	28	28	28	0	28	0	70	0	0	0	0	0	0	0	0	
	4024015	5002	15	4024001	 防具 - 藍裝	40	210	210	0	0	30	30	30	30	30	0	30	0	75	0	0	0	0	0	0	0	0	
	4024016	5002	16	4024001	 防具 - 藍裝	40	224	224	0	0	32	32	32	32	32	0	32	0	80	0	0	0	0	0	0	0	0	
	4024017	5002	17	4024001	 防具 - 藍裝	40	238	238	0	0	34	34	34	34	34	0	34	0	85	0	0	0	0	0	0	0	0	
	4024018	5002	18	4024001	 防具 - 藍裝	40	252	252	0	0	36	36	36	36	36	0	36	0	90	0	0	0	0	0	0	0	0	
	4024019	5002	19	4024001	 防具 - 藍裝	40	266	266	0	0	38	38	38	38	38	0	38	0	95	0	0	0	0	0	0	0	0	
	4024020	5002	20	4024001	 防具 - 藍裝	40	280	280	0	0	40	40	40	40	40	0	40	0	100	0	0	0	0	0	0	0	0	
	4024021	5002	21	4024001	 防具 - 藍裝	40	294	294	0	0	42	42	42	42	42	0	42	0	105	0	0	0	0	0	0	0	0	
	4024022	5002	22	4024001	 防具 - 藍裝	40	308	308	0	0	44	44	44	44	44	0	44	0	110	0	0	0	0	0	0	0	0	
	4024023	5002	23	4024001	 防具 - 藍裝	40	322	322	0	0	46	46	46	46	46	0	46	0	115	0	0	0	0	0	0	0	0	
	4024024	5002	24	4024001	 防具 - 藍裝	40	336	336	0	0	48	48	48	48	48	0	48	0	120	0	0	0	0	0	0	0	0	
	4024025	5002	25	4024001	 防具 - 藍裝	40	350	350	0	0	50	50	50	50	50	0	50	0	125	0	0	0	0	0	0	0	0	
	4024026	5002	26	4024001	 防具 - 藍裝	40	364	364	0	0	52	52	52	52	52	0	52	0	130	0	0	0	0	0	0	0	0	
	4024027	5002	27	4024001	 防具 - 藍裝	40	378	378	0	0	54	54	54	54	54	0	54	0	135	0	0	0	0	0	0	0	0	
	4024028	5002	28	4024001	 防具 - 藍裝	40	392	392	0	0	56	56	56	56	56	0	56	0	140	0	0	0	0	0	0	0	0	
	4024029	5002	29	4024001	 防具 - 藍裝	40	406	406	0	0	58	58	58	58	58	0	58	0	145	0	0	0	0	0	0	0	0	
	4024030	5002	30	4024001	 防具 - 藍裝	40	420	420	0	0	60	60	60	60	60	0	60	0	150	0	0	0	0	0	0	0	0	
	4024031	5002	31	4024001	 防具 - 藍裝	40	434	434	0	0	62	62	62	62	62	0	62	0	155	0	0	0	0	0	0	0	0	
	4024032	5002	32	4024001	 防具 - 藍裝	40	448	448	0	0	64	64	64	64	64	0	64	0	160	0	0	0	0	0	0	0	0	
	4024033	5002	33	4024001	 防具 - 藍裝	40	462	462	0	0	66	66	66	66	66	0	66	0	165	0	0	0	0	0	0	0	0	
	4024034	5002	34	4024001	 防具 - 藍裝	40	476	476	0	0	68	68	68	68	68	0	68	0	170	0	0	0	0	0	0	0	0	
	4024035	5002	35	4024001	 防具 - 藍裝	40	490	490	0	0	70	70	70	70	70	0	70	0	175	0	0	0	0	0	0	0	0	
	4024036	5002	36	4024001	 防具 - 藍裝	40	504	504	0	0	72	72	72	72	72	0	72	0	180	0	0	0	0	0	0	0	0	
	4024037	5002	37	4024001	 防具 - 藍裝	40	518	518	0	0	74	74	74	74	74	0	74	0	185	0	0	0	0	0	0	0	0	
	4024038	5002	38	4024001	 防具 - 藍裝	40	532	532	0	0	76	76	76	76	76	0	76	0	190	0	0	0	0	0	0	0	0	
	4024039	5002	39	4024001	 防具 - 藍裝	40	546	546	0	0	78	78	78	78	78	0	78	0	195	0	0	0	0	0	0	0	0	
	4024040	5002	40	4024001	 防具 - 藍裝	40	560	560	0	0	80	80	80	80	80	0	80	0	200	0	0	0	0	0	0	0	0	
	4024041	5002	41	4024001	 防具 - 藍裝	40	574	574	0	0	82	82	82	82	82	0	82	0	205	0	0	0	0	0	0	0	0	
	4024042	5002	42	4024001	 防具 - 藍裝	40	588	588	0	0	84	84	84	84	84	0	84	0	210	0	0	0	0	0	0	0	0	
	4024043	5002	43	4024001	 防具 - 藍裝	40	602	602	0	0	86	86	86	86	86	0	86	0	215	0	0	0	0	0	0	0	0	
	4024044	5002	44	4024001	 防具 - 藍裝	40	616	616	0	0	88	88	88	88	88	0	88	0	220	0	0	0	0	0	0	0	0	
	4024045	5002	45	4024001	 防具 - 藍裝	40	630	630	0	0	90	90	90	90	90	0	90	0	225	0	0	0	0	0	0	0	0	
	4024046	5002	46	4024001	 防具 - 藍裝	40	644	644	0	0	92	92	92	92	92	0	92	0	230	0	0	0	0	0	0	0	0	
	4024047	5002	47	4024001	 防具 - 藍裝	40	658	658	0	0	94	94	94	94	94	0	94	0	235	0	0	0	0	0	0	0	0	
	4024048	5002	48	4024001	 防具 - 藍裝	40	672	672	0	0	96	96	96	96	96	0	96	0	240	0	0	0	0	0	0	0	0	
	4024049	5002	49	4024001	 防具 - 藍裝	40	686	686	0	0	98	98	98	98	98	0	98	0	245	0	0	0	0	0	0	0	0	
	4024050	5002	50	4024001	 防具 - 藍裝	40	700	700	0	0	100	100	100	100	100	0	100	0	250	0	0	0	0	0	0	0	0	
	4024051	5002	51	4024001	 防具 - 藍裝	40	714	714	0	0	102	102	102	102	102	0	102	0	255	0	0	0	0	0	0	0	0	
	4024052	5002	52	4024001	 防具 - 藍裝	40	728	728	0	0	104	104	104	104	104	0	104	0	260	0	0	0	0	0	0	0	0	
	4024053	5002	53	4024001	 防具 - 藍裝	40	742	742	0	0	106	106	106	106	106	0	106	0	265	0	0	0	0	0	0	0	0	
	4024054	5002	54	4024001	 防具 - 藍裝	40	756	756	0	0	108	108	108	108	108	0	108	0	270	0	0	0	0	0	0	0	0	
	4024055	5002	55	4024001	 防具 - 藍裝	40	770	770	0	0	110	110	110	110	110	0	110	0	275	0	0	0	0	0	0	0	0	
	4024056	5002	56	4024001	 防具 - 藍裝	40	784	784	0	0	112	112	112	112	112	0	112	0	280	0	0	0	0	0	0	0	0	
	4024057	5002	57	4024001	 防具 - 藍裝	40	798	798	0	0	114	114	114	114	114	0	114	0	285	0	0	0	0	0	0	0	0	
	4024058	5002	58	4024001	 防具 - 藍裝	40	812	812	0	0	116	116	116	116	116	0	116	0	290	0	0	0	0	0	0	0	0	
	4024059	5002	59	4024001	 防具 - 藍裝	40	826	826	0	0	118	118	118	118	118	0	118	0	295	0	0	0	0	0	0	0	0	
	4024060	5002	60	4024001	 防具 - 藍裝	40	840	840	0	0	120	120	120	120	120	0	120	0	300	0	0	0	0	0	0	0	0	
	4024061	5002	61	4024001	 防具 - 藍裝	40	854	854	0	0	122	122	122	122	122	0	122	0	305	0	0	0	0	0	0	0	0	
	4024062	5002	62	4024001	 防具 - 藍裝	40	868	868	0	0	124	124	124	124	124	0	124	0	310	0	0	0	0	0	0	0	0	
	4024063	5002	63	4024001	 防具 - 藍裝	40	882	882	0	0	126	126	126	126	126	0	126	0	315	0	0	0	0	0	0	0	0	
	4024064	5002	64	4024001	 防具 - 藍裝	40	896	896	0	0	128	128	128	128	128	0	128	0	320	0	0	0	0	0	0	0	0	
	4024065	5002	65	4024001	 防具 - 藍裝	40	910	910	0	0	130	130	130	130	130	0	130	0	325	0	0	0	0	0	0	0	0	
	4024066	5002	66	4024001	 防具 - 藍裝	40	924	924	0	0	132	132	132	132	132	0	132	0	330	0	0	0	0	0	0	0	0	
	4024067	5002	67	4024001	 防具 - 藍裝	40	938	938	0	0	134	134	134	134	134	0	134	0	335	0	0	0	0	0	0	0	0	
	4024068	5002	68	4024001	 防具 - 藍裝	40	952	952	0	0	136	136	136	136	136	0	136	0	340	0	0	0	0	0	0	0	0	
	4024069	5002	69	4024001	 防具 - 藍裝	40	966	966	0	0	138	138	138	138	138	0	138	0	345	0	0	0	0	0	0	0	0	
	4024070	5002	70	4024001	 防具 - 藍裝	40	980	980	0	0	140	140	140	140	140	0	140	0	350	0	0	0	0	0	0	0	0	
	4024071	5002	71	4024001	 防具 - 藍裝	40	994	994	0	0	142	142	142	142	142	0	142	0	355	0	0	0	0	0	0	0	0	
	4024072	5002	72	4024001	 防具 - 藍裝	40	1008	1008	0	0	144	144	144	144	144	0	144	0	360	0	0	0	0	0	0	0	0	
	4024073	5002	73	4024001	 防具 - 藍裝	40	1022	1022	0	0	146	146	146	146	146	0	146	0	365	0	0	0	0	0	0	0	0	
	4024074	5002	74	4024001	 防具 - 藍裝	40	1036	1036	0	0	148	148	148	148	148	0	148	0	370	0	0	0	0	0	0	0	0	
	4024075	5002	75	4024001	 防具 - 藍裝	40	1050	1050	0	0	150	150	150	150	150	0	150	0	375	0	0	0	0	0	0	0	0	
	4024076	5002	76	4024001	 防具 - 藍裝	40	1064	1064	0	0	152	152	152	152	152	0	152	0	380	0	0	0	0	0	0	0	0	
	4024077	5002	77	4024001	 防具 - 藍裝	40	1078	1078	0	0	154	154	154	154	154	0	154	0	385	0	0	0	0	0	0	0	0	
	4024078	5002	78	4024001	 防具 - 藍裝	40	1092	1092	0	0	156	156	156	156	156	0	156	0	390	0	0	0	0	0	0	0	0	
	4024079	5002	79	4024001	 防具 - 藍裝	40	1106	1106	0	0	158	158	158	158	158	0	158	0	395	0	0	0	0	0	0	0	0	
	4024080	5002	80	4024001	 防具 - 藍裝	40	1120	1120	0	0	160	160	160	160	160	0	160	0	400	0	0	0	0	0	0	0	0	
	4024081	5002	81	4024001	 防具 - 藍裝	40	1134	1134	0	0	162	162	162	162	162	0	162	0	405	0	0	0	0	0	0	0	0	
	4024082	5002	82	4024001	 防具 - 藍裝	40	1148	1148	0	0	164	164	164	164	164	0	164	0	410	0	0	0	0	0	0	0	0	
	4024083	5002	83	4024001	 防具 - 藍裝	40	1162	1162	0	0	166	166	166	166	166	0	166	0	415	0	0	0	0	0	0	0	0	
	4024084	5002	84	4024001	 防具 - 藍裝	40	1176	1176	0	0	168	168	168	168	168	0	168	0	420	0	0	0	0	0	0	0	0	
	4024085	5002	85	4024001	 防具 - 藍裝	40	1190	1190	0	0	170	170	170	170	170	0	170	0	425	0	0	0	0	0	0	0	0	
	4024086	5002	86	4024001	 防具 - 藍裝	40	1204	1204	0	0	172	172	172	172	172	0	172	0	430	0	0	0	0	0	0	0	0	
	4024087	5002	87	4024001	 防具 - 藍裝	40	1218	1218	0	0	174	174	174	174	174	0	174	0	435	0	0	0	0	0	0	0	0	
	4024088	5002	88	4024001	 防具 - 藍裝	40	1232	1232	0	0	176	176	176	176	176	0	176	0	440	0	0	0	0	0	0	0	0	
	4024089	5002	89	4024001	 防具 - 藍裝	40	1246	1246	0	0	178	178	178	178	178	0	178	0	445	0	0	0	0	0	0	0	0	
	4024090	5002	90	4024001	 防具 - 藍裝	40	1260	1260	0	0	180	180	180	180	180	0	180	0	450	0	0	0	0	0	0	0	0	
	4024091	5002	91	4024001	 防具 - 藍裝	40	1274	1274	0	0	182	182	182	182	182	0	182	0	455	0	0	0	0	0	0	0	0	
	4024092	5002	92	4024001	 防具 - 藍裝	40	1288	1288	0	0	184	184	184	184	184	0	184	0	460	0	0	0	0	0	0	0	0	
	4024093	5002	93	4024001	 防具 - 藍裝	40	1302	1302	0	0	186	186	186	186	186	0	186	0	465	0	0	0	0	0	0	0	0	
	4024094	5002	94	4024001	 防具 - 藍裝	40	1316	1316	0	0	188	188	188	188	188	0	188	0	470	0	0	0	0	0	0	0	0	
	4024095	5002	95	4024001	 防具 - 藍裝	40	1330	1330	0	0	190	190	190	190	190	0	190	0	475	0	0	0	0	0	0	0	0	
	4024096	5002	96	4024001	 防具 - 藍裝	40	1344	1344	0	0	192	192	192	192	192	0	192	0	480	0	0	0	0	0	0	0	0	
	4024097	5002	97	4024001	 防具 - 藍裝	40	1358	1358	0	0	194	194	194	194	194	0	194	0	485	0	0	0	0	0	0	0	0	
	4024098	5002	98	4024001	 防具 - 藍裝	40	1372	1372	0	0	196	196	196	196	196	0	196	0	490	0	0	0	0	0	0	0	0	
	4024099	5002	99	4024001	 防具 - 藍裝	40	1386	1386	0	0	198	198	198	198	198	0	198	0	495	0	0	0	0	0	0	0	0	
	4024100	5002	100	4024001	 防具 - 藍裝	40	1400	1400	0	0	200	200	200	200	200	0	200	0	500	0	0	0	0	0	0	0	0	
	4024101	5002	101	4024001	 防具 - 藍裝	40	1414	1414	0	0	202	202	202	202	202	0	202	0	505	0	0	0	0	0	0	0	0	
	4024102	5002	102	4024001	 防具 - 藍裝	40	1428	1428	0	0	204	204	204	204	204	0	204	0	510	0	0	0	0	0	0	0	0	
	4024103	5002	103	4024001	 防具 - 藍裝	40	1442	1442	0	0	206	206	206	206	206	0	206	0	515	0	0	0	0	0	0	0	0	
	4024104	5002	104	4024001	 防具 - 藍裝	40	1456	1456	0	0	208	208	208	208	208	0	208	0	520	0	0	0	0	0	0	0	0	
	4024105	5002	105	4024001	 防具 - 藍裝	40	1470	1470	0	0	210	210	210	210	210	0	210	0	525	0	0	0	0	0	0	0	0	
	4024106	5002	106	4024001	 防具 - 藍裝	40	1484	1484	0	0	212	212	212	212	212	0	212	0	530	0	0	0	0	0	0	0	0	
	4024107	5002	107	4024001	 防具 - 藍裝	40	1498	1498	0	0	214	214	214	214	214	0	214	0	535	0	0	0	0	0	0	0	0	
	4024108	5002	108	4024001	 防具 - 藍裝	40	1512	1512	0	0	216	216	216	216	216	0	216	0	540	0	0	0	0	0	0	0	0	
# 防具 - 紫裝																												
	4025001	5002	1	4025001	 防具 - 紫裝	40	15	15	0	0	2	2	2	2	2	0	2	0	5	0	0	0	0	0	0	0	0	
	4025002	5002	2	4025001	 防具 - 紫裝	40	30	30	0	0	4	4	4	4	4	0	4	0	10	0	0	0	0	0	0	0	0	
	4025003	5002	3	4025001	 防具 - 紫裝	40	45	45	0	0	6	6	6	6	6	0	6	0	15	0	0	0	0	0	0	0	0	
	4025004	5002	4	4025001	 防具 - 紫裝	40	60	60	0	0	8	8	8	8	8	0	8	0	20	0	0	0	0	0	0	0	0	
	4025005	5002	5	4025001	 防具 - 紫裝	40	75	75	0	0	10	10	10	10	10	0	10	0	25	0	0	0	0	0	0	0	0	
	4025006	5002	6	4025001	 防具 - 紫裝	40	90	90	0	0	12	12	12	12	12	0	12	0	30	0	0	0	0	0	0	0	0	
	4025007	5002	7	4025001	 防具 - 紫裝	40	105	105	0	0	14	14	14	14	14	0	14	0	35	0	0	0	0	0	0	0	0	
	4025008	5002	8	4025001	 防具 - 紫裝	40	120	120	0	0	16	16	16	16	16	0	16	0	40	0	0	0	0	0	0	0	0	
	4025009	5002	9	4025001	 防具 - 紫裝	40	135	135	0	0	18	18	18	18	18	0	18	0	45	0	0	0	0	0	0	0	0	
	4025010	5002	10	4025001	 防具 - 紫裝	40	150	150	0	0	20	20	20	20	20	0	20	0	50	0	0	0	0	0	0	0	0	
	4025011	5002	11	4025001	 防具 - 紫裝	40	165	165	0	0	22	22	22	22	22	0	22	0	55	0	0	0	0	0	0	0	0	
	4025012	5002	12	4025001	 防具 - 紫裝	40	180	180	0	0	24	24	24	24	24	0	24	0	60	0	0	0	0	0	0	0	0	
	4025013	5002	13	4025001	 防具 - 紫裝	40	195	195	0	0	26	26	26	26	26	0	26	0	65	0	0	0	0	0	0	0	0	
	4025014	5002	14	4025001	 防具 - 紫裝	40	210	210	0	0	28	28	28	28	28	0	28	0	70	0	0	0	0	0	0	0	0	
	4025015	5002	15	4025001	 防具 - 紫裝	40	225	225	0	0	30	30	30	30	30	0	30	0	75	0	0	0	0	0	0	0	0	
	4025016	5002	16	4025001	 防具 - 紫裝	40	240	240	0	0	32	32	32	32	32	0	32	0	80	0	0	0	0	0	0	0	0	
	4025017	5002	17	4025001	 防具 - 紫裝	40	255	255	0	0	34	34	34	34	34	0	34	0	85	0	0	0	0	0	0	0	0	
	4025018	5002	18	4025001	 防具 - 紫裝	40	270	270	0	0	36	36	36	36	36	0	36	0	90	0	0	0	0	0	0	0	0	
	4025019	5002	19	4025001	 防具 - 紫裝	40	285	285	0	0	38	38	38	38	38	0	38	0	95	0	0	0	0	0	0	0	0	
	4025020	5002	20	4025001	 防具 - 紫裝	40	300	300	0	0	40	40	40	40	40	0	40	0	100	0	0	0	0	0	0	0	0	
	4025021	5002	21	4025001	 防具 - 紫裝	40	315	315	0	0	42	42	42	42	42	0	42	0	105	0	0	0	0	0	0	0	0	
	4025022	5002	22	4025001	 防具 - 紫裝	40	330	330	0	0	44	44	44	44	44	0	44	0	110	0	0	0	0	0	0	0	0	
	4025023	5002	23	4025001	 防具 - 紫裝	40	345	345	0	0	46	46	46	46	46	0	46	0	115	0	0	0	0	0	0	0	0	
	4025024	5002	24	4025001	 防具 - 紫裝	40	360	360	0	0	48	48	48	48	48	0	48	0	120	0	0	0	0	0	0	0	0	
	4025025	5002	25	4025001	 防具 - 紫裝	40	375	375	0	0	50	50	50	50	50	0	50	0	125	0	0	0	0	0	0	0	0	
	4025026	5002	26	4025001	 防具 - 紫裝	40	390	390	0	0	52	52	52	52	52	0	52	0	130	0	0	0	0	0	0	0	0	
	4025027	5002	27	4025001	 防具 - 紫裝	40	405	405	0	0	54	54	54	54	54	0	54	0	135	0	0	0	0	0	0	0	0	
	4025028	5002	28	4025001	 防具 - 紫裝	40	420	420	0	0	56	56	56	56	56	0	56	0	140	0	0	0	0	0	0	0	0	
	4025029	5002	29	4025001	 防具 - 紫裝	40	435	435	0	0	58	58	58	58	58	0	58	0	145	0	0	0	0	0	0	0	0	
	4025030	5002	30	4025001	 防具 - 紫裝	40	450	450	0	0	60	60	60	60	60	0	60	0	150	0	0	0	0	0	0	0	0	
	4025031	5002	31	4025001	 防具 - 紫裝	40	465	465	0	0	62	62	62	62	62	0	62	0	155	0	0	0	0	0	0	0	0	
	4025032	5002	32	4025001	 防具 - 紫裝	40	480	480	0	0	64	64	64	64	64	0	64	0	160	0	0	0	0	0	0	0	0	
	4025033	5002	33	4025001	 防具 - 紫裝	40	495	495	0	0	66	66	66	66	66	0	66	0	165	0	0	0	0	0	0	0	0	
	4025034	5002	34	4025001	 防具 - 紫裝	40	510	510	0	0	68	68	68	68	68	0	68	0	170	0	0	0	0	0	0	0	0	
	4025035	5002	35	4025001	 防具 - 紫裝	40	525	525	0	0	70	70	70	70	70	0	70	0	175	0	0	0	0	0	0	0	0	
	4025036	5002	36	4025001	 防具 - 紫裝	40	540	540	0	0	72	72	72	72	72	0	72	0	180	0	0	0	0	0	0	0	0	
	4025037	5002	37	4025001	 防具 - 紫裝	40	555	555	0	0	74	74	74	74	74	0	74	0	185	0	0	0	0	0	0	0	0	
	4025038	5002	38	4025001	 防具 - 紫裝	40	570	570	0	0	76	76	76	76	76	0	76	0	190	0	0	0	0	0	0	0	0	
	4025039	5002	39	4025001	 防具 - 紫裝	40	585	585	0	0	78	78	78	78	78	0	78	0	195	0	0	0	0	0	0	0	0	
	4025040	5002	40	4025001	 防具 - 紫裝	40	600	600	0	0	80	80	80	80	80	0	80	0	200	0	0	0	0	0	0	0	0	
	4025041	5002	41	4025001	 防具 - 紫裝	40	615	615	0	0	82	82	82	82	82	0	82	0	205	0	0	0	0	0	0	0	0	
	4025042	5002	42	4025001	 防具 - 紫裝	40	630	630	0	0	84	84	84	84	84	0	84	0	210	0	0	0	0	0	0	0	0	
	4025043	5002	43	4025001	 防具 - 紫裝	40	645	645	0	0	86	86	86	86	86	0	86	0	215	0	0	0	0	0	0	0	0	
	4025044	5002	44	4025001	 防具 - 紫裝	40	660	660	0	0	88	88	88	88	88	0	88	0	220	0	0	0	0	0	0	0	0	
	4025045	5002	45	4025001	 防具 - 紫裝	40	675	675	0	0	90	90	90	90	90	0	90	0	225	0	0	0	0	0	0	0	0	
	4025046	5002	46	4025001	 防具 - 紫裝	40	690	690	0	0	92	92	92	92	92	0	92	0	230	0	0	0	0	0	0	0	0	
	4025047	5002	47	4025001	 防具 - 紫裝	40	705	705	0	0	94	94	94	94	94	0	94	0	235	0	0	0	0	0	0	0	0	
	4025048	5002	48	4025001	 防具 - 紫裝	40	720	720	0	0	96	96	96	96	96	0	96	0	240	0	0	0	0	0	0	0	0	
	4025049	5002	49	4025001	 防具 - 紫裝	40	735	735	0	0	98	98	98	98	98	0	98	0	245	0	0	0	0	0	0	0	0	
	4025050	5002	50	4025001	 防具 - 紫裝	40	750	750	0	0	100	100	100	100	100	0	100	0	250	0	0	0	0	0	0	0	0	
	4025051	5002	51	4025001	 防具 - 紫裝	40	765	765	0	0	102	102	102	102	102	0	102	0	255	0	0	0	0	0	0	0	0	
	4025052	5002	52	4025001	 防具 - 紫裝	40	780	780	0	0	104	104	104	104	104	0	104	0	260	0	0	0	0	0	0	0	0	
	4025053	5002	53	4025001	 防具 - 紫裝	40	795	795	0	0	106	106	106	106	106	0	106	0	265	0	0	0	0	0	0	0	0	
	4025054	5002	54	4025001	 防具 - 紫裝	40	810	810	0	0	108	108	108	108	108	0	108	0	270	0	0	0	0	0	0	0	0	
	4025055	5002	55	4025001	 防具 - 紫裝	40	825	825	0	0	110	110	110	110	110	0	110	0	275	0	0	0	0	0	0	0	0	
	4025056	5002	56	4025001	 防具 - 紫裝	40	840	840	0	0	112	112	112	112	112	0	112	0	280	0	0	0	0	0	0	0	0	
	4025057	5002	57	4025001	 防具 - 紫裝	40	855	855	0	0	114	114	114	114	114	0	114	0	285	0	0	0	0	0	0	0	0	
	4025058	5002	58	4025001	 防具 - 紫裝	40	870	870	0	0	116	116	116	116	116	0	116	0	290	0	0	0	0	0	0	0	0	
	4025059	5002	59	4025001	 防具 - 紫裝	40	885	885	0	0	118	118	118	118	118	0	118	0	295	0	0	0	0	0	0	0	0	
	4025060	5002	60	4025001	 防具 - 紫裝	40	900	900	0	0	120	120	120	120	120	0	120	0	300	0	0	0	0	0	0	0	0	
	4025061	5002	61	4025001	 防具 - 紫裝	40	915	915	0	0	122	122	122	122	122	0	122	0	305	0	0	0	0	0	0	0	0	
	4025062	5002	62	4025001	 防具 - 紫裝	40	930	930	0	0	124	124	124	124	124	0	124	0	310	0	0	0	0	0	0	0	0	
	4025063	5002	63	4025001	 防具 - 紫裝	40	945	945	0	0	126	126	126	126	126	0	126	0	315	0	0	0	0	0	0	0	0	
	4025064	5002	64	4025001	 防具 - 紫裝	40	960	960	0	0	128	128	128	128	128	0	128	0	320	0	0	0	0	0	0	0	0	
	4025065	5002	65	4025001	 防具 - 紫裝	40	975	975	0	0	130	130	130	130	130	0	130	0	325	0	0	0	0	0	0	0	0	
	4025066	5002	66	4025001	 防具 - 紫裝	40	990	990	0	0	132	132	132	132	132	0	132	0	330	0	0	0	0	0	0	0	0	
	4025067	5002	67	4025001	 防具 - 紫裝	40	1005	1005	0	0	134	134	134	134	134	0	134	0	335	0	0	0	0	0	0	0	0	
	4025068	5002	68	4025001	 防具 - 紫裝	40	1020	1020	0	0	136	136	136	136	136	0	136	0	340	0	0	0	0	0	0	0	0	
	4025069	5002	69	4025001	 防具 - 紫裝	40	1035	1035	0	0	138	138	138	138	138	0	138	0	345	0	0	0	0	0	0	0	0	
	4025070	5002	70	4025001	 防具 - 紫裝	40	1050	1050	0	0	140	140	140	140	140	0	140	0	350	0	0	0	0	0	0	0	0	
	4025071	5002	71	4025001	 防具 - 紫裝	40	1065	1065	0	0	142	142	142	142	142	0	142	0	355	0	0	0	0	0	0	0	0	
	4025072	5002	72	4025001	 防具 - 紫裝	40	1080	1080	0	0	144	144	144	144	144	0	144	0	360	0	0	0	0	0	0	0	0	
	4025073	5002	73	4025001	 防具 - 紫裝	40	1095	1095	0	0	146	146	146	146	146	0	146	0	365	0	0	0	0	0	0	0	0	
	4025074	5002	74	4025001	 防具 - 紫裝	40	1110	1110	0	0	148	148	148	148	148	0	148	0	370	0	0	0	0	0	0	0	0	
	4025075	5002	75	4025001	 防具 - 紫裝	40	1125	1125	0	0	150	150	150	150	150	0	150	0	375	0	0	0	0	0	0	0	0	
	4025076	5002	76	4025001	 防具 - 紫裝	40	1140	1140	0	0	152	152	152	152	152	0	152	0	380	0	0	0	0	0	0	0	0	
	4025077	5002	77	4025001	 防具 - 紫裝	40	1155	1155	0	0	154	154	154	154	154	0	154	0	385	0	0	0	0	0	0	0	0	
	4025078	5002	78	4025001	 防具 - 紫裝	40	1170	1170	0	0	156	156	156	156	156	0	156	0	390	0	0	0	0	0	0	0	0	
	4025079	5002	79	4025001	 防具 - 紫裝	40	1185	1185	0	0	158	158	158	158	158	0	158	0	395	0	0	0	0	0	0	0	0	
	4025080	5002	80	4025001	 防具 - 紫裝	40	1200	1200	0	0	160	160	160	160	160	0	160	0	400	0	0	0	0	0	0	0	0	
	4025081	5002	81	4025001	 防具 - 紫裝	40	1215	1215	0	0	162	162	162	162	162	0	162	0	405	0	0	0	0	0	0	0	0	
	4025082	5002	82	4025001	 防具 - 紫裝	40	1230	1230	0	0	164	164	164	164	164	0	164	0	410	0	0	0	0	0	0	0	0	
	4025083	5002	83	4025001	 防具 - 紫裝	40	1245	1245	0	0	166	166	166	166	166	0	166	0	415	0	0	0	0	0	0	0	0	
	4025084	5002	84	4025001	 防具 - 紫裝	40	1260	1260	0	0	168	168	168	168	168	0	168	0	420	0	0	0	0	0	0	0	0	
	4025085	5002	85	4025001	 防具 - 紫裝	40	1275	1275	0	0	170	170	170	170	170	0	170	0	425	0	0	0	0	0	0	0	0	
	4025086	5002	86	4025001	 防具 - 紫裝	40	1290	1290	0	0	172	172	172	172	172	0	172	0	430	0	0	0	0	0	0	0	0	
	4025087	5002	87	4025001	 防具 - 紫裝	40	1305	1305	0	0	174	174	174	174	174	0	174	0	435	0	0	0	0	0	0	0	0	
	4025088	5002	88	4025001	 防具 - 紫裝	40	1320	1320	0	0	176	176	176	176	176	0	176	0	440	0	0	0	0	0	0	0	0	
	4025089	5002	89	4025001	 防具 - 紫裝	40	1335	1335	0	0	178	178	178	178	178	0	178	0	445	0	0	0	0	0	0	0	0	
	4025090	5002	90	4025001	 防具 - 紫裝	40	1350	1350	0	0	180	180	180	180	180	0	180	0	450	0	0	0	0	0	0	0	0	
	4025091	5002	91	4025001	 防具 - 紫裝	40	1365	1365	0	0	182	182	182	182	182	0	182	0	455	0	0	0	0	0	0	0	0	
	4025092	5002	92	4025001	 防具 - 紫裝	40	1380	1380	0	0	184	184	184	184	184	0	184	0	460	0	0	0	0	0	0	0	0	
	4025093	5002	93	4025001	 防具 - 紫裝	40	1395	1395	0	0	186	186	186	186	186	0	186	0	465	0	0	0	0	0	0	0	0	
	4025094	5002	94	4025001	 防具 - 紫裝	40	1410	1410	0	0	188	188	188	188	188	0	188	0	470	0	0	0	0	0	0	0	0	
	4025095	5002	95	4025001	 防具 - 紫裝	40	1425	1425	0	0	190	190	190	190	190	0	190	0	475	0	0	0	0	0	0	0	0	
	4025096	5002	96	4025001	 防具 - 紫裝	40	1440	1440	0	0	192	192	192	192	192	0	192	0	480	0	0	0	0	0	0	0	0	
	4025097	5002	97	4025001	 防具 - 紫裝	40	1455	1455	0	0	194	194	194	194	194	0	194	0	485	0	0	0	0	0	0	0	0	
	4025098	5002	98	4025001	 防具 - 紫裝	40	1470	1470	0	0	196	196	196	196	196	0	196	0	490	0	0	0	0	0	0	0	0	
	4025099	5002	99	4025001	 防具 - 紫裝	40	1485	1485	0	0	198	198	198	198	198	0	198	0	495	0	0	0	0	0	0	0	0	
	4025100	5002	100	4025001	 防具 - 紫裝	40	1500	1500	0	0	200	200	200	200	200	0	200	0	500	0	0	0	0	0	0	0	0	
	4025101	5002	101	4025001	 防具 - 紫裝	40	1515	1515	0	0	202	202	202	202	202	0	202	0	505	0	0	0	0	0	0	0	0	
	4025102	5002	102	4025001	 防具 - 紫裝	40	1530	1530	0	0	204	204	204	204	204	0	204	0	510	0	0	0	0	0	0	0	0	
	4025103	5002	103	4025001	 防具 - 紫裝	40	1545	1545	0	0	206	206	206	206	206	0	206	0	515	0	0	0	0	0	0	0	0	
	4025104	5002	104	4025001	 防具 - 紫裝	40	1560	1560	0	0	208	208	208	208	208	0	208	0	520	0	0	0	0	0	0	0	0	
	4025105	5002	105	4025001	 防具 - 紫裝	40	1575	1575	0	0	210	210	210	210	210	0	210	0	525	0	0	0	0	0	0	0	0	
	4025106	5002	106	4025001	 防具 - 紫裝	40	1590	1590	0	0	212	212	212	212	212	0	212	0	530	0	0	0	0	0	0	0	0	
	4025107	5002	107	4025001	 防具 - 紫裝	40	1605	1605	0	0	214	214	214	214	214	0	214	0	535	0	0	0	0	0	0	0	0	
	4025108	5002	108	4025001	 防具 - 紫裝	40	1620	1620	0	0	216	216	216	216	216	0	216	0	540	0	0	0	0	0	0	0	0	
# 飾品強化屬性數值表																												
# 飾品 - 灰裝																												
	4031001	5002	1	4031001	 飾品 - 灰裝	40	9	9	0	0	1	1	1	1	1	0	1	0	0	5	5	5	5	3	3	3	3	
	4031002	5002	2	4031001	 飾品 - 灰裝	40	18	18	0	0	2	2	2	2	2	0	2	0	0	10	10	10	10	6	6	6	6	
	4031003	5002	3	4031001	 飾品 - 灰裝	40	27	27	0	0	3	3	3	3	3	0	3	0	0	15	15	15	15	9	9	9	9	
	4031004	5002	4	4031001	 飾品 - 灰裝	40	36	36	0	0	4	4	4	4	4	0	4	0	0	20	20	20	20	12	12	12	12	
	4031005	5002	5	4031001	 飾品 - 灰裝	40	45	45	0	0	5	5	5	5	5	0	5	0	0	25	25	25	25	15	15	15	15	
	4031006	5002	6	4031001	 飾品 - 灰裝	40	54	54	0	0	6	6	6	6	6	0	6	0	0	30	30	30	30	18	18	18	18	
	4031007	5002	7	4031001	 飾品 - 灰裝	40	63	63	0	0	7	7	7	7	7	0	7	0	0	35	35	35	35	21	21	21	21	
	4031008	5002	8	4031001	 飾品 - 灰裝	40	72	72	0	0	8	8	8	8	8	0	8	0	0	40	40	40	40	24	24	24	24	
	4031009	5002	9	4031001	 飾品 - 灰裝	40	81	81	0	0	9	9	9	9	9	0	9	0	0	45	45	45	45	27	27	27	27	
	4031010	5002	10	4031001	 飾品 - 灰裝	40	90	90	0	0	10	10	10	10	10	0	10	0	0	50	50	50	50	30	30	30	30	
	4031011	5002	11	4031001	 飾品 - 灰裝	40	99	99	0	0	11	11	11	11	11	0	11	0	0	55	55	55	55	33	33	33	33	
	4031012	5002	12	4031001	 飾品 - 灰裝	40	108	108	0	0	12	12	12	12	12	0	12	0	0	60	60	60	60	36	36	36	36	
	4031013	5002	13	4031001	 飾品 - 灰裝	40	117	117	0	0	13	13	13	13	13	0	13	0	0	65	65	65	65	39	39	39	39	
	4031014	5002	14	4031001	 飾品 - 灰裝	40	126	126	0	0	14	14	14	14	14	0	14	0	0	70	70	70	70	42	42	42	42	
	4031015	5002	15	4031001	 飾品 - 灰裝	40	135	135	0	0	15	15	15	15	15	0	15	0	0	75	75	75	75	45	45	45	45	
	4031016	5002	16	4031001	 飾品 - 灰裝	40	144	144	0	0	16	16	16	16	16	0	16	0	0	80	80	80	80	48	48	48	48	
	4031017	5002	17	4031001	 飾品 - 灰裝	40	153	153	0	0	17	17	17	17	17	0	17	0	0	85	85	85	85	51	51	51	51	
	4031018	5002	18	4031001	 飾品 - 灰裝	40	162	162	0	0	18	18	18	18	18	0	18	0	0	90	90	90	90	54	54	54	54	
	4031019	5002	19	4031001	 飾品 - 灰裝	40	171	171	0	0	19	19	19	19	19	0	19	0	0	95	95	95	95	57	57	57	57	
	4031020	5002	20	4031001	 飾品 - 灰裝	40	180	180	0	0	20	20	20	20	20	0	20	0	0	100	100	100	100	60	60	60	60	
	4031021	5002	21	4031001	 飾品 - 灰裝	40	189	189	0	0	21	21	21	21	21	0	21	0	0	105	105	105	105	63	63	63	63	
	4031022	5002	22	4031001	 飾品 - 灰裝	40	198	198	0	0	22	22	22	22	22	0	22	0	0	110	110	110	110	66	66	66	66	
	4031023	5002	23	4031001	 飾品 - 灰裝	40	207	207	0	0	23	23	23	23	23	0	23	0	0	115	115	115	115	69	69	69	69	
	4031024	5002	24	4031001	 飾品 - 灰裝	40	216	216	0	0	24	24	24	24	24	0	24	0	0	120	120	120	120	72	72	72	72	
	4031025	5002	25	4031001	 飾品 - 灰裝	40	225	225	0	0	25	25	25	25	25	0	25	0	0	125	125	125	125	75	75	75	75	
	4031026	5002	26	4031001	 飾品 - 灰裝	40	234	234	0	0	26	26	26	26	26	0	26	0	0	130	130	130	130	78	78	78	78	
	4031027	5002	27	4031001	 飾品 - 灰裝	40	243	243	0	0	27	27	27	27	27	0	27	0	0	135	135	135	135	81	81	81	81	
	4031028	5002	28	4031001	 飾品 - 灰裝	40	252	252	0	0	28	28	28	28	28	0	28	0	0	140	140	140	140	84	84	84	84	
	4031029	5002	29	4031001	 飾品 - 灰裝	40	261	261	0	0	29	29	29	29	29	0	29	0	0	145	145	145	145	87	87	87	87	
	4031030	5002	30	4031001	 飾品 - 灰裝	40	270	270	0	0	30	30	30	30	30	0	30	0	0	150	150	150	150	90	90	90	90	
	4031031	5002	31	4031001	 飾品 - 灰裝	40	279	279	0	0	31	31	31	31	31	0	31	0	0	155	155	155	155	93	93	93	93	
	4031032	5002	32	4031001	 飾品 - 灰裝	40	288	288	0	0	32	32	32	32	32	0	32	0	0	160	160	160	160	96	96	96	96	
	4031033	5002	33	4031001	 飾品 - 灰裝	40	297	297	0	0	33	33	33	33	33	0	33	0	0	165	165	165	165	99	99	99	99	
	4031034	5002	34	4031001	 飾品 - 灰裝	40	306	306	0	0	34	34	34	34	34	0	34	0	0	170	170	170	170	102	102	102	102	
	4031035	5002	35	4031001	 飾品 - 灰裝	40	315	315	0	0	35	35	35	35	35	0	35	0	0	175	175	175	175	105	105	105	105	
	4031036	5002	36	4031001	 飾品 - 灰裝	40	324	324	0	0	36	36	36	36	36	0	36	0	0	180	180	180	180	108	108	108	108	
	4031037	5002	37	4031001	 飾品 - 灰裝	40	333	333	0	0	37	37	37	37	37	0	37	0	0	185	185	185	185	111	111	111	111	
	4031038	5002	38	4031001	 飾品 - 灰裝	40	342	342	0	0	38	38	38	38	38	0	38	0	0	190	190	190	190	114	114	114	114	
	4031039	5002	39	4031001	 飾品 - 灰裝	40	351	351	0	0	39	39	39	39	39	0	39	0	0	195	195	195	195	117	117	117	117	
	4031040	5002	40	4031001	 飾品 - 灰裝	40	360	360	0	0	40	40	40	40	40	0	40	0	0	200	200	200	200	120	120	120	120	
	4031041	5002	41	4031001	 飾品 - 灰裝	40	369	369	0	0	41	41	41	41	41	0	41	0	0	205	205	205	205	123	123	123	123	
	4031042	5002	42	4031001	 飾品 - 灰裝	40	378	378	0	0	42	42	42	42	42	0	42	0	0	210	210	210	210	126	126	126	126	
	4031043	5002	43	4031001	 飾品 - 灰裝	40	387	387	0	0	43	43	43	43	43	0	43	0	0	215	215	215	215	129	129	129	129	
	4031044	5002	44	4031001	 飾品 - 灰裝	40	396	396	0	0	44	44	44	44	44	0	44	0	0	220	220	220	220	132	132	132	132	
	4031045	5002	45	4031001	 飾品 - 灰裝	40	405	405	0	0	45	45	45	45	45	0	45	0	0	225	225	225	225	135	135	135	135	
	4031046	5002	46	4031001	 飾品 - 灰裝	40	414	414	0	0	46	46	46	46	46	0	46	0	0	230	230	230	230	138	138	138	138	
	4031047	5002	47	4031001	 飾品 - 灰裝	40	423	423	0	0	47	47	47	47	47	0	47	0	0	235	235	235	235	141	141	141	141	
	4031048	5002	48	4031001	 飾品 - 灰裝	40	432	432	0	0	48	48	48	48	48	0	48	0	0	240	240	240	240	144	144	144	144	
	4031049	5002	49	4031001	 飾品 - 灰裝	40	441	441	0	0	49	49	49	49	49	0	49	0	0	245	245	245	245	147	147	147	147	
	4031050	5002	50	4031001	 飾品 - 灰裝	40	450	450	0	0	50	50	50	50	50	0	50	0	0	250	250	250	250	150	150	150	150	
	4031051	5002	51	4031001	 飾品 - 灰裝	40	459	459	0	0	51	51	51	51	51	0	51	0	0	255	255	255	255	153	153	153	153	
	4031052	5002	52	4031001	 飾品 - 灰裝	40	468	468	0	0	52	52	52	52	52	0	52	0	0	260	260	260	260	156	156	156	156	
	4031053	5002	53	4031001	 飾品 - 灰裝	40	477	477	0	0	53	53	53	53	53	0	53	0	0	265	265	265	265	159	159	159	159	
	4031054	5002	54	4031001	 飾品 - 灰裝	40	486	486	0	0	54	54	54	54	54	0	54	0	0	270	270	270	270	162	162	162	162	
	4031055	5002	55	4031001	 飾品 - 灰裝	40	495	495	0	0	55	55	55	55	55	0	55	0	0	275	275	275	275	165	165	165	165	
	4031056	5002	56	4031001	 飾品 - 灰裝	40	504	504	0	0	56	56	56	56	56	0	56	0	0	280	280	280	280	168	168	168	168	
	4031057	5002	57	4031001	 飾品 - 灰裝	40	513	513	0	0	57	57	57	57	57	0	57	0	0	285	285	285	285	171	171	171	171	
	4031058	5002	58	4031001	 飾品 - 灰裝	40	522	522	0	0	58	58	58	58	58	0	58	0	0	290	290	290	290	174	174	174	174	
	4031059	5002	59	4031001	 飾品 - 灰裝	40	531	531	0	0	59	59	59	59	59	0	59	0	0	295	295	295	295	177	177	177	177	
	4031060	5002	60	4031001	 飾品 - 灰裝	40	540	540	0	0	60	60	60	60	60	0	60	0	0	300	300	300	300	180	180	180	180	
	4031061	5002	61	4031001	 飾品 - 灰裝	40	549	549	0	0	61	61	61	61	61	0	61	0	0	305	305	305	305	183	183	183	183	
	4031062	5002	62	4031001	 飾品 - 灰裝	40	558	558	0	0	62	62	62	62	62	0	62	0	0	310	310	310	310	186	186	186	186	
	4031063	5002	63	4031001	 飾品 - 灰裝	40	567	567	0	0	63	63	63	63	63	0	63	0	0	315	315	315	315	189	189	189	189	
	4031064	5002	64	4031001	 飾品 - 灰裝	40	576	576	0	0	64	64	64	64	64	0	64	0	0	320	320	320	320	192	192	192	192	
	4031065	5002	65	4031001	 飾品 - 灰裝	40	585	585	0	0	65	65	65	65	65	0	65	0	0	325	325	325	325	195	195	195	195	
	4031066	5002	66	4031001	 飾品 - 灰裝	40	594	594	0	0	66	66	66	66	66	0	66	0	0	330	330	330	330	198	198	198	198	
	4031067	5002	67	4031001	 飾品 - 灰裝	40	603	603	0	0	67	67	67	67	67	0	67	0	0	335	335	335	335	201	201	201	201	
	4031068	5002	68	4031001	 飾品 - 灰裝	40	612	612	0	0	68	68	68	68	68	0	68	0	0	340	340	340	340	204	204	204	204	
	4031069	5002	69	4031001	 飾品 - 灰裝	40	621	621	0	0	69	69	69	69	69	0	69	0	0	345	345	345	345	207	207	207	207	
	4031070	5002	70	4031001	 飾品 - 灰裝	40	630	630	0	0	70	70	70	70	70	0	70	0	0	350	350	350	350	210	210	210	210	
	4031071	5002	71	4031001	 飾品 - 灰裝	40	639	639	0	0	71	71	71	71	71	0	71	0	0	355	355	355	355	213	213	213	213	
	4031072	5002	72	4031001	 飾品 - 灰裝	40	648	648	0	0	72	72	72	72	72	0	72	0	0	360	360	360	360	216	216	216	216	
	4031073	5002	73	4031001	 飾品 - 灰裝	40	657	657	0	0	73	73	73	73	73	0	73	0	0	365	365	365	365	219	219	219	219	
	4031074	5002	74	4031001	 飾品 - 灰裝	40	666	666	0	0	74	74	74	74	74	0	74	0	0	370	370	370	370	222	222	222	222	
	4031075	5002	75	4031001	 飾品 - 灰裝	40	675	675	0	0	75	75	75	75	75	0	75	0	0	375	375	375	375	225	225	225	225	
	4031076	5002	76	4031001	 飾品 - 灰裝	40	684	684	0	0	76	76	76	76	76	0	76	0	0	380	380	380	380	228	228	228	228	
	4031077	5002	77	4031001	 飾品 - 灰裝	40	693	693	0	0	77	77	77	77	77	0	77	0	0	385	385	385	385	231	231	231	231	
	4031078	5002	78	4031001	 飾品 - 灰裝	40	702	702	0	0	78	78	78	78	78	0	78	0	0	390	390	390	390	234	234	234	234	
	4031079	5002	79	4031001	 飾品 - 灰裝	40	711	711	0	0	79	79	79	79	79	0	79	0	0	395	395	395	395	237	237	237	237	
	4031080	5002	80	4031001	 飾品 - 灰裝	40	720	720	0	0	80	80	80	80	80	0	80	0	0	400	400	400	400	240	240	240	240	
	4031081	5002	81	4031001	 飾品 - 灰裝	40	729	729	0	0	81	81	81	81	81	0	81	0	0	405	405	405	405	243	243	243	243	
	4031082	5002	82	4031001	 飾品 - 灰裝	40	738	738	0	0	82	82	82	82	82	0	82	0	0	410	410	410	410	246	246	246	246	
	4031083	5002	83	4031001	 飾品 - 灰裝	40	747	747	0	0	83	83	83	83	83	0	83	0	0	415	415	415	415	249	249	249	249	
	4031084	5002	84	4031001	 飾品 - 灰裝	40	756	756	0	0	84	84	84	84	84	0	84	0	0	420	420	420	420	252	252	252	252	
	4031085	5002	85	4031001	 飾品 - 灰裝	40	765	765	0	0	85	85	85	85	85	0	85	0	0	425	425	425	425	255	255	255	255	
	4031086	5002	86	4031001	 飾品 - 灰裝	40	774	774	0	0	86	86	86	86	86	0	86	0	0	430	430	430	430	258	258	258	258	
	4031087	5002	87	4031001	 飾品 - 灰裝	40	783	783	0	0	87	87	87	87	87	0	87	0	0	435	435	435	435	261	261	261	261	
	4031088	5002	88	4031001	 飾品 - 灰裝	40	792	792	0	0	88	88	88	88	88	0	88	0	0	440	440	440	440	264	264	264	264	
	4031089	5002	89	4031001	 飾品 - 灰裝	40	801	801	0	0	89	89	89	89	89	0	89	0	0	445	445	445	445	267	267	267	267	
	4031090	5002	90	4031001	 飾品 - 灰裝	40	810	810	0	0	90	90	90	90	90	0	90	0	0	450	450	450	450	270	270	270	270	
	4031091	5002	91	4031001	 飾品 - 灰裝	40	819	819	0	0	91	91	91	91	91	0	91	0	0	455	455	455	455	273	273	273	273	
	4031092	5002	92	4031001	 飾品 - 灰裝	40	828	828	0	0	92	92	92	92	92	0	92	0	0	460	460	460	460	276	276	276	276	
	4031093	5002	93	4031001	 飾品 - 灰裝	40	837	837	0	0	93	93	93	93	93	0	93	0	0	465	465	465	465	279	279	279	279	
	4031094	5002	94	4031001	 飾品 - 灰裝	40	846	846	0	0	94	94	94	94	94	0	94	0	0	470	470	470	470	282	282	282	282	
	4031095	5002	95	4031001	 飾品 - 灰裝	40	855	855	0	0	95	95	95	95	95	0	95	0	0	475	475	475	475	285	285	285	285	
	4031096	5002	96	4031001	 飾品 - 灰裝	40	864	864	0	0	96	96	96	96	96	0	96	0	0	480	480	480	480	288	288	288	288	
	4031097	5002	97	4031001	 飾品 - 灰裝	40	873	873	0	0	97	97	97	97	97	0	97	0	0	485	485	485	485	291	291	291	291	
	4031098	5002	98	4031001	 飾品 - 灰裝	40	882	882	0	0	98	98	98	98	98	0	98	0	0	490	490	490	490	294	294	294	294	
	4031099	5002	99	4031001	 飾品 - 灰裝	40	891	891	0	0	99	99	99	99	99	0	99	0	0	495	495	495	495	297	297	297	297	
	4031100	5002	100	4031001	 飾品 - 灰裝	40	900	900	0	0	100	100	100	100	100	0	100	0	0	500	500	500	500	300	300	300	300	
	4031101	5002	101	4031001	 飾品 - 灰裝	40	909	909	0	0	101	101	101	101	101	0	101	0	0	505	505	505	505	303	303	303	303	
	4031102	5002	102	4031001	 飾品 - 灰裝	40	918	918	0	0	102	102	102	102	102	0	102	0	0	510	510	510	510	306	306	306	306	
	4031103	5002	103	4031001	 飾品 - 灰裝	40	927	927	0	0	103	103	103	103	103	0	103	0	0	515	515	515	515	309	309	309	309	
	4031104	5002	104	4031001	 飾品 - 灰裝	40	936	936	0	0	104	104	104	104	104	0	104	0	0	520	520	520	520	312	312	312	312	
	4031105	5002	105	4031001	 飾品 - 灰裝	40	945	945	0	0	105	105	105	105	105	0	105	0	0	525	525	525	525	315	315	315	315	
	4031106	5002	106	4031001	 飾品 - 灰裝	40	954	954	0	0	106	106	106	106	106	0	106	0	0	530	530	530	530	318	318	318	318	
	4031107	5002	107	4031001	 飾品 - 灰裝	40	963	963	0	0	107	107	107	107	107	0	107	0	0	535	535	535	535	321	321	321	321	
	4031108	5002	108	4031001	 飾品 - 灰裝	40	972	972	0	0	108	108	108	108	108	0	108	0	0	540	540	540	540	324	324	324	324	
# 飾品 - 白裝（非商店貨）																												
	4032001	5002	1	4032001	 飾品 - 白裝	40	11	11	0	0	1	1	1	1	1	0	1	0	0	1	1	1	1	1	1	1	1	
	4032002	5002	2	4032001	 飾品 - 白裝	40	22	22	0	0	2	2	2	2	2	0	2	0	0	2	2	2	2	2	2	2	2	
	4032003	5002	3	4032001	 飾品 - 白裝	40	33	33	0	0	3	3	3	3	3	0	3	0	0	3	3	3	3	3	3	3	3	
	4032004	5002	4	4032001	 飾品 - 白裝	40	44	44	0	0	4	4	4	4	4	0	4	0	0	4	4	4	4	4	4	4	4	
	4032005	5002	5	4032001	 飾品 - 白裝	40	55	55	0	0	5	5	5	5	5	0	5	0	0	5	5	5	5	5	5	5	5	
	4032006	5002	6	4032001	 飾品 - 白裝	40	66	66	0	0	6	6	6	6	6	0	6	0	0	6	6	6	6	6	6	6	6	
	4032007	5002	7	4032001	 飾品 - 白裝	40	77	77	0	0	7	7	7	7	7	0	7	0	0	7	7	7	7	7	7	7	7	
	4032008	5002	8	4032001	 飾品 - 白裝	40	88	88	0	0	8	8	8	8	8	0	8	0	0	8	8	8	8	8	8	8	8	
	4032009	5002	9	4032001	 飾品 - 白裝	40	99	99	0	0	9	9	9	9	9	0	9	0	0	9	9	9	9	9	9	9	9	
	4032010	5002	10	4032001	 飾品 - 白裝	40	110	110	0	0	10	10	10	10	10	0	10	0	0	10	10	10	10	10	10	10	10	
	4032011	5002	11	4032001	 飾品 - 白裝	40	121	121	0	0	11	11	11	11	11	0	11	0	0	11	11	11	11	11	11	11	11	
	4032012	5002	12	4032001	 飾品 - 白裝	40	132	132	0	0	12	12	12	12	12	0	12	0	0	12	12	12	12	12	12	12	12	
	4032013	5002	13	4032001	 飾品 - 白裝	40	143	143	0	0	13	13	13	13	13	0	13	0	0	13	13	13	13	13	13	13	13	
	4032014	5002	14	4032001	 飾品 - 白裝	40	154	154	0	0	14	14	14	14	14	0	14	0	0	14	14	14	14	14	14	14	14	
	4032015	5002	15	4032001	 飾品 - 白裝	40	165	165	0	0	15	15	15	15	15	0	15	0	0	15	15	15	15	15	15	15	15	
	4032016	5002	16	4032001	 飾品 - 白裝	40	176	176	0	0	16	16	16	16	16	0	16	0	0	16	16	16	16	16	16	16	16	
	4032017	5002	17	4032001	 飾品 - 白裝	40	187	187	0	0	17	17	17	17	17	0	17	0	0	17	17	17	17	17	17	17	17	
	4032018	5002	18	4032001	 飾品 - 白裝	40	198	198	0	0	18	18	18	18	18	0	18	0	0	18	18	18	18	18	18	18	18	
	4032019	5002	19	4032001	 飾品 - 白裝	40	209	209	0	0	19	19	19	19	19	0	19	0	0	19	19	19	19	19	19	19	19	
	4032020	5002	20	4032001	 飾品 - 白裝	40	220	220	0	0	20	20	20	20	20	0	20	0	0	20	20	20	20	20	20	20	20	
	4032021	5002	21	4032001	 飾品 - 白裝	40	231	231	0	0	21	21	21	21	21	0	21	0	0	21	21	21	21	21	21	21	21	
	4032022	5002	22	4032001	 飾品 - 白裝	40	242	242	0	0	22	22	22	22	22	0	22	0	0	22	22	22	22	22	22	22	22	
	4032023	5002	23	4032001	 飾品 - 白裝	40	253	253	0	0	23	23	23	23	23	0	23	0	0	23	23	23	23	23	23	23	23	
	4032024	5002	24	4032001	 飾品 - 白裝	40	264	264	0	0	24	24	24	24	24	0	24	0	0	24	24	24	24	24	24	24	24	
	4032025	5002	25	4032001	 飾品 - 白裝	40	275	275	0	0	25	25	25	25	25	0	25	0	0	25	25	25	25	25	25	25	25	
	4032026	5002	26	4032001	 飾品 - 白裝	40	286	286	0	0	26	26	26	26	26	0	26	0	0	26	26	26	26	26	26	26	26	
	4032027	5002	27	4032001	 飾品 - 白裝	40	297	297	0	0	27	27	27	27	27	0	27	0	0	27	27	27	27	27	27	27	27	
	4032028	5002	28	4032001	 飾品 - 白裝	40	308	308	0	0	28	28	28	28	28	0	28	0	0	28	28	28	28	28	28	28	28	
	4032029	5002	29	4032001	 飾品 - 白裝	40	319	319	0	0	29	29	29	29	29	0	29	0	0	29	29	29	29	29	29	29	29	
	4032030	5002	30	4032001	 飾品 - 白裝	40	330	330	0	0	30	30	30	30	30	0	30	0	0	30	30	30	30	30	30	30	30	
	4032031	5002	31	4032001	 飾品 - 白裝	40	341	341	0	0	31	31	31	31	31	0	31	0	0	31	31	31	31	31	31	31	31	
	4032032	5002	32	4032001	 飾品 - 白裝	40	352	352	0	0	32	32	32	32	32	0	32	0	0	32	32	32	32	32	32	32	32	
	4032033	5002	33	4032001	 飾品 - 白裝	40	363	363	0	0	33	33	33	33	33	0	33	0	0	33	33	33	33	33	33	33	33	
	4032034	5002	34	4032001	 飾品 - 白裝	40	374	374	0	0	34	34	34	34	34	0	34	0	0	34	34	34	34	34	34	34	34	
	4032035	5002	35	4032001	 飾品 - 白裝	40	385	385	0	0	35	35	35	35	35	0	35	0	0	35	35	35	35	35	35	35	35	
	4032036	5002	36	4032001	 飾品 - 白裝	40	396	396	0	0	36	36	36	36	36	0	36	0	0	36	36	36	36	36	36	36	36	
	4032037	5002	37	4032001	 飾品 - 白裝	40	407	407	0	0	37	37	37	37	37	0	37	0	0	37	37	37	37	37	37	37	37	
	4032038	5002	38	4032001	 飾品 - 白裝	40	418	418	0	0	38	38	38	38	38	0	38	0	0	38	38	38	38	38	38	38	38	
	4032039	5002	39	4032001	 飾品 - 白裝	40	429	429	0	0	39	39	39	39	39	0	39	0	0	39	39	39	39	39	39	39	39	
	4032040	5002	40	4032001	 飾品 - 白裝	40	440	440	0	0	40	40	40	40	40	0	40	0	0	40	40	40	40	40	40	40	40	
	4032041	5002	41	4032001	 飾品 - 白裝	40	451	451	0	0	41	41	41	41	41	0	41	0	0	41	41	41	41	41	41	41	41	
	4032042	5002	42	4032001	 飾品 - 白裝	40	462	462	0	0	42	42	42	42	42	0	42	0	0	42	42	42	42	42	42	42	42	
	4032043	5002	43	4032001	 飾品 - 白裝	40	473	473	0	0	43	43	43	43	43	0	43	0	0	43	43	43	43	43	43	43	43	
	4032044	5002	44	4032001	 飾品 - 白裝	40	484	484	0	0	44	44	44	44	44	0	44	0	0	44	44	44	44	44	44	44	44	
	4032045	5002	45	4032001	 飾品 - 白裝	40	495	495	0	0	45	45	45	45	45	0	45	0	0	45	45	45	45	45	45	45	45	
	4032046	5002	46	4032001	 飾品 - 白裝	40	506	506	0	0	46	46	46	46	46	0	46	0	0	46	46	46	46	46	46	46	46	
	4032047	5002	47	4032001	 飾品 - 白裝	40	517	517	0	0	47	47	47	47	47	0	47	0	0	47	47	47	47	47	47	47	47	
	4032048	5002	48	4032001	 飾品 - 白裝	40	528	528	0	0	48	48	48	48	48	0	48	0	0	48	48	48	48	48	48	48	48	
	4032049	5002	49	4032001	 飾品 - 白裝	40	539	539	0	0	49	49	49	49	49	0	49	0	0	49	49	49	49	49	49	49	49	
	4032050	5002	50	4032001	 飾品 - 白裝	40	550	550	0	0	50	50	50	50	50	0	50	0	0	50	50	50	50	50	50	50	50	
	4032051	5002	51	4032001	 飾品 - 白裝	40	561	561	0	0	51	51	51	51	51	0	51	0	0	51	51	51	51	51	51	51	51	
	4032052	5002	52	4032001	 飾品 - 白裝	40	572	572	0	0	52	52	52	52	52	0	52	0	0	52	52	52	52	52	52	52	52	
	4032053	5002	53	4032001	 飾品 - 白裝	40	583	583	0	0	53	53	53	53	53	0	53	0	0	53	53	53	53	53	53	53	53	
	4032054	5002	54	4032001	 飾品 - 白裝	40	594	594	0	0	54	54	54	54	54	0	54	0	0	54	54	54	54	54	54	54	54	
	4032055	5002	55	4032001	 飾品 - 白裝	40	605	605	0	0	55	55	55	55	55	0	55	0	0	55	55	55	55	55	55	55	55	
	4032056	5002	56	4032001	 飾品 - 白裝	40	616	616	0	0	56	56	56	56	56	0	56	0	0	56	56	56	56	56	56	56	56	
	4032057	5002	57	4032001	 飾品 - 白裝	40	627	627	0	0	57	57	57	57	57	0	57	0	0	57	57	57	57	57	57	57	57	
	4032058	5002	58	4032001	 飾品 - 白裝	40	638	638	0	0	58	58	58	58	58	0	58	0	0	58	58	58	58	58	58	58	58	
	4032059	5002	59	4032001	 飾品 - 白裝	40	649	649	0	0	59	59	59	59	59	0	59	0	0	59	59	59	59	59	59	59	59	
	4032060	5002	60	4032001	 飾品 - 白裝	40	660	660	0	0	60	60	60	60	60	0	60	0	0	60	60	60	60	60	60	60	60	
	4032061	5002	61	4032001	 飾品 - 白裝	40	671	671	0	0	61	61	61	61	61	0	61	0	0	61	61	61	61	61	61	61	61	
	4032062	5002	62	4032001	 飾品 - 白裝	40	682	682	0	0	62	62	62	62	62	0	62	0	0	62	62	62	62	62	62	62	62	
	4032063	5002	63	4032001	 飾品 - 白裝	40	693	693	0	0	63	63	63	63	63	0	63	0	0	63	63	63	63	63	63	63	63	
	4032064	5002	64	4032001	 飾品 - 白裝	40	704	704	0	0	64	64	64	64	64	0	64	0	0	64	64	64	64	64	64	64	64	
	4032065	5002	65	4032001	 飾品 - 白裝	40	715	715	0	0	65	65	65	65	65	0	65	0	0	65	65	65	65	65	65	65	65	
	4032066	5002	66	4032001	 飾品 - 白裝	40	726	726	0	0	66	66	66	66	66	0	66	0	0	66	66	66	66	66	66	66	66	
	4032067	5002	67	4032001	 飾品 - 白裝	40	737	737	0	0	67	67	67	67	67	0	67	0	0	67	67	67	67	67	67	67	67	
	4032068	5002	68	4032001	 飾品 - 白裝	40	748	748	0	0	68	68	68	68	68	0	68	0	0	68	68	68	68	68	68	68	68	
	4032069	5002	69	4032001	 飾品 - 白裝	40	759	759	0	0	69	69	69	69	69	0	69	0	0	69	69	69	69	69	69	69	69	
	4032070	5002	70	4032001	 飾品 - 白裝	40	770	770	0	0	70	70	70	70	70	0	70	0	0	70	70	70	70	70	70	70	70	
	4032071	5002	71	4032001	 飾品 - 白裝	40	781	781	0	0	71	71	71	71	71	0	71	0	0	71	71	71	71	71	71	71	71	
	4032072	5002	72	4032001	 飾品 - 白裝	40	792	792	0	0	72	72	72	72	72	0	72	0	0	72	72	72	72	72	72	72	72	
	4032073	5002	73	4032001	 飾品 - 白裝	40	803	803	0	0	73	73	73	73	73	0	73	0	0	73	73	73	73	73	73	73	73	
	4032074	5002	74	4032001	 飾品 - 白裝	40	814	814	0	0	74	74	74	74	74	0	74	0	0	74	74	74	74	74	74	74	74	
	4032075	5002	75	4032001	 飾品 - 白裝	40	825	825	0	0	75	75	75	75	75	0	75	0	0	75	75	75	75	75	75	75	75	
	4032076	5002	76	4032001	 飾品 - 白裝	40	836	836	0	0	76	76	76	76	76	0	76	0	0	76	76	76	76	76	76	76	76	
	4032077	5002	77	4032001	 飾品 - 白裝	40	847	847	0	0	77	77	77	77	77	0	77	0	0	77	77	77	77	77	77	77	77	
	4032078	5002	78	4032001	 飾品 - 白裝	40	858	858	0	0	78	78	78	78	78	0	78	0	0	78	78	78	78	78	78	78	78	
	4032079	5002	79	4032001	 飾品 - 白裝	40	869	869	0	0	79	79	79	79	79	0	79	0	0	79	79	79	79	79	79	79	79	
	4032080	5002	80	4032001	 飾品 - 白裝	40	880	880	0	0	80	80	80	80	80	0	80	0	0	80	80	80	80	80	80	80	80	
	4032081	5002	81	4032001	 飾品 - 白裝	40	891	891	0	0	81	81	81	81	81	0	81	0	0	81	81	81	81	81	81	81	81	
	4032082	5002	82	4032001	 飾品 - 白裝	40	902	902	0	0	82	82	82	82	82	0	82	0	0	82	82	82	82	82	82	82	82	
	4032083	5002	83	4032001	 飾品 - 白裝	40	913	913	0	0	83	83	83	83	83	0	83	0	0	83	83	83	83	83	83	83	83	
	4032084	5002	84	4032001	 飾品 - 白裝	40	924	924	0	0	84	84	84	84	84	0	84	0	0	84	84	84	84	84	84	84	84	
	4032085	5002	85	4032001	 飾品 - 白裝	40	935	935	0	0	85	85	85	85	85	0	85	0	0	85	85	85	85	85	85	85	85	
	4032086	5002	86	4032001	 飾品 - 白裝	40	946	946	0	0	86	86	86	86	86	0	86	0	0	86	86	86	86	86	86	86	86	
	4032087	5002	87	4032001	 飾品 - 白裝	40	957	957	0	0	87	87	87	87	87	0	87	0	0	87	87	87	87	87	87	87	87	
	4032088	5002	88	4032001	 飾品 - 白裝	40	968	968	0	0	88	88	88	88	88	0	88	0	0	88	88	88	88	88	88	88	88	
	4032089	5002	89	4032001	 飾品 - 白裝	40	979	979	0	0	89	89	89	89	89	0	89	0	0	89	89	89	89	89	89	89	89	
	4032090	5002	90	4032001	 飾品 - 白裝	40	990	990	0	0	90	90	90	90	90	0	90	0	0	90	90	90	90	90	90	90	90	
	4032091	5002	91	4032001	 飾品 - 白裝	40	1001	1001	0	0	91	91	91	91	91	0	91	0	0	91	91	91	91	91	91	91	91	
	4032092	5002	92	4032001	 飾品 - 白裝	40	1012	1012	0	0	92	92	92	92	92	0	92	0	0	92	92	92	92	92	92	92	92	
	4032093	5002	93	4032001	 飾品 - 白裝	40	1023	1023	0	0	93	93	93	93	93	0	93	0	0	93	93	93	93	93	93	93	93	
	4032094	5002	94	4032001	 飾品 - 白裝	40	1034	1034	0	0	94	94	94	94	94	0	94	0	0	94	94	94	94	94	94	94	94	
	4032095	5002	95	4032001	 飾品 - 白裝	40	1045	1045	0	0	95	95	95	95	95	0	95	0	0	95	95	95	95	95	95	95	95	
	4032096	5002	96	4032001	 飾品 - 白裝	40	1056	1056	0	0	96	96	96	96	96	0	96	0	0	96	96	96	96	96	96	96	96	
	4032097	5002	97	4032001	 飾品 - 白裝	40	1067	1067	0	0	97	97	97	97	97	0	97	0	0	97	97	97	97	97	97	97	97	
	4032098	5002	98	4032001	 飾品 - 白裝	40	1078	1078	0	0	98	98	98	98	98	0	98	0	0	98	98	98	98	98	98	98	98	
	4032099	5002	99	4032001	 飾品 - 白裝	40	1089	1089	0	0	99	99	99	99	99	0	99	0	0	99	99	99	99	99	99	99	99	
	4032100	5002	100	4032001	 飾品 - 白裝	40	1100	1100	0	0	100	100	100	100	100	0	100	0	0	100	100	100	100	100	100	100	100	
	4032101	5002	101	4032001	 飾品 - 白裝	40	1111	1111	0	0	101	101	101	101	101	0	101	0	0	101	101	101	101	101	101	101	101	
	4032102	5002	102	4032001	 飾品 - 白裝	40	1122	1122	0	0	102	102	102	102	102	0	102	0	0	102	102	102	102	102	102	102	102	
	4032103	5002	103	4032001	 飾品 - 白裝	40	1133	1133	0	0	103	103	103	103	103	0	103	0	0	103	103	103	103	103	103	103	103	
	4032104	5002	104	4032001	 飾品 - 白裝	40	1144	1144	0	0	104	104	104	104	104	0	104	0	0	104	104	104	104	104	104	104	104	
	4032105	5002	105	4032001	 飾品 - 白裝	40	1155	1155	0	0	105	105	105	105	105	0	105	0	0	105	105	105	105	105	105	105	105	
	4032106	5002	106	4032001	 飾品 - 白裝	40	1166	1166	0	0	106	106	106	106	106	0	106	0	0	106	106	106	106	106	106	106	106	
	4032107	5002	107	4032001	 飾品 - 白裝	40	1177	1177	0	0	107	107	107	107	107	0	107	0	0	107	107	107	107	107	107	107	107	
	4032108	5002	108	4032001	 飾品 - 白裝	40	1188	1188	0	0	108	108	108	108	108	0	108	0	0	108	108	108	108	108	108	108	108	
# 飾品 - 綠裝																												
	4033001	5002	1	4033001	 飾品 - 綠裝	40	12	12	0	0	1	1	1	1	1	0	1	0	0	5	5	5	5	3	3	3	3	
	4033002	5002	2	4033001	 飾品 - 綠裝	40	24	24	0	0	2	2	2	2	2	0	2	0	0	10	10	10	10	6	6	6	6	
	4033003	5002	3	4033001	 飾品 - 綠裝	40	36	36	0	0	3	3	3	3	3	0	3	0	0	15	15	15	15	9	9	9	9	
	4033004	5002	4	4033001	 飾品 - 綠裝	40	48	48	0	0	4	4	4	4	4	0	4	0	0	20	20	20	20	12	12	12	12	
	4033005	5002	5	4033001	 飾品 - 綠裝	40	60	60	0	0	5	5	5	5	5	0	5	0	0	25	25	25	25	15	15	15	15	
	4033006	5002	6	4033001	 飾品 - 綠裝	40	72	72	0	0	6	6	6	6	6	0	6	0	0	30	30	30	30	18	18	18	18	
	4033007	5002	7	4033001	 飾品 - 綠裝	40	84	84	0	0	7	7	7	7	7	0	7	0	0	35	35	35	35	21	21	21	21	
	4033008	5002	8	4033001	 飾品 - 綠裝	40	96	96	0	0	8	8	8	8	8	0	8	0	0	40	40	40	40	24	24	24	24	
	4033009	5002	9	4033001	 飾品 - 綠裝	40	108	108	0	0	9	9	9	9	9	0	9	0	0	45	45	45	45	27	27	27	27	
	4033010	5002	10	4033001	 飾品 - 綠裝	40	120	120	0	0	10	10	10	10	10	0	10	0	0	50	50	50	50	30	30	30	30	
	4033011	5002	11	4033001	 飾品 - 綠裝	40	132	132	0	0	11	11	11	11	11	0	11	0	0	55	55	55	55	33	33	33	33	
	4033012	5002	12	4033001	 飾品 - 綠裝	40	144	144	0	0	12	12	12	12	12	0	12	0	0	60	60	60	60	36	36	36	36	
	4033013	5002	13	4033001	 飾品 - 綠裝	40	156	156	0	0	13	13	13	13	13	0	13	0	0	65	65	65	65	39	39	39	39	
	4033014	5002	14	4033001	 飾品 - 綠裝	40	168	168	0	0	14	14	14	14	14	0	14	0	0	70	70	70	70	42	42	42	42	
	4033015	5002	15	4033001	 飾品 - 綠裝	40	180	180	0	0	15	15	15	15	15	0	15	0	0	75	75	75	75	45	45	45	45	
	4033016	5002	16	4033001	 飾品 - 綠裝	40	192	192	0	0	16	16	16	16	16	0	16	0	0	80	80	80	80	48	48	48	48	
	4033017	5002	17	4033001	 飾品 - 綠裝	40	204	204	0	0	17	17	17	17	17	0	17	0	0	85	85	85	85	51	51	51	51	
	4033018	5002	18	4033001	 飾品 - 綠裝	40	216	216	0	0	18	18	18	18	18	0	18	0	0	90	90	90	90	54	54	54	54	
	4033019	5002	19	4033001	 飾品 - 綠裝	40	228	228	0	0	19	19	19	19	19	0	19	0	0	95	95	95	95	57	57	57	57	
	4033020	5002	20	4033001	 飾品 - 綠裝	40	240	240	0	0	20	20	20	20	20	0	20	0	0	100	100	100	100	60	60	60	60	
	4033021	5002	21	4033001	 飾品 - 綠裝	40	252	252	0	0	21	21	21	21	21	0	21	0	0	105	105	105	105	63	63	63	63	
	4033022	5002	22	4033001	 飾品 - 綠裝	40	264	264	0	0	22	22	22	22	22	0	22	0	0	110	110	110	110	66	66	66	66	
	4033023	5002	23	4033001	 飾品 - 綠裝	40	276	276	0	0	23	23	23	23	23	0	23	0	0	115	115	115	115	69	69	69	69	
	4033024	5002	24	4033001	 飾品 - 綠裝	40	288	288	0	0	24	24	24	24	24	0	24	0	0	120	120	120	120	72	72	72	72	
	4033025	5002	25	4033001	 飾品 - 綠裝	40	300	300	0	0	25	25	25	25	25	0	25	0	0	125	125	125	125	75	75	75	75	
	4033026	5002	26	4033001	 飾品 - 綠裝	40	312	312	0	0	26	26	26	26	26	0	26	0	0	130	130	130	130	78	78	78	78	
	4033027	5002	27	4033001	 飾品 - 綠裝	40	324	324	0	0	27	27	27	27	27	0	27	0	0	135	135	135	135	81	81	81	81	
	4033028	5002	28	4033001	 飾品 - 綠裝	40	336	336	0	0	28	28	28	28	28	0	28	0	0	140	140	140	140	84	84	84	84	
	4033029	5002	29	4033001	 飾品 - 綠裝	40	348	348	0	0	29	29	29	29	29	0	29	0	0	145	145	145	145	87	87	87	87	
	4033030	5002	30	4033001	 飾品 - 綠裝	40	360	360	0	0	30	30	30	30	30	0	30	0	0	150	150	150	150	90	90	90	90	
	4033031	5002	31	4033001	 飾品 - 綠裝	40	372	372	0	0	31	31	31	31	31	0	31	0	0	155	155	155	155	93	93	93	93	
	4033032	5002	32	4033001	 飾品 - 綠裝	40	384	384	0	0	32	32	32	32	32	0	32	0	0	160	160	160	160	96	96	96	96	
	4033033	5002	33	4033001	 飾品 - 綠裝	40	396	396	0	0	33	33	33	33	33	0	33	0	0	165	165	165	165	99	99	99	99	
	4033034	5002	34	4033001	 飾品 - 綠裝	40	408	408	0	0	34	34	34	34	34	0	34	0	0	170	170	170	170	102	102	102	102	
	4033035	5002	35	4033001	 飾品 - 綠裝	40	420	420	0	0	35	35	35	35	35	0	35	0	0	175	175	175	175	105	105	105	105	
	4033036	5002	36	4033001	 飾品 - 綠裝	40	432	432	0	0	36	36	36	36	36	0	36	0	0	180	180	180	180	108	108	108	108	
	4033037	5002	37	4033001	 飾品 - 綠裝	40	444	444	0	0	37	37	37	37	37	0	37	0	0	185	185	185	185	111	111	111	111	
	4033038	5002	38	4033001	 飾品 - 綠裝	40	456	456	0	0	38	38	38	38	38	0	38	0	0	190	190	190	190	114	114	114	114	
	4033039	5002	39	4033001	 飾品 - 綠裝	40	468	468	0	0	39	39	39	39	39	0	39	0	0	195	195	195	195	117	117	117	117	
	4033040	5002	40	4033001	 飾品 - 綠裝	40	480	480	0	0	40	40	40	40	40	0	40	0	0	200	200	200	200	120	120	120	120	
	4033041	5002	41	4033001	 飾品 - 綠裝	40	492	492	0	0	41	41	41	41	41	0	41	0	0	205	205	205	205	123	123	123	123	
	4033042	5002	42	4033001	 飾品 - 綠裝	40	504	504	0	0	42	42	42	42	42	0	42	0	0	210	210	210	210	126	126	126	126	
	4033043	5002	43	4033001	 飾品 - 綠裝	40	516	516	0	0	43	43	43	43	43	0	43	0	0	215	215	215	215	129	129	129	129	
	4033044	5002	44	4033001	 飾品 - 綠裝	40	528	528	0	0	44	44	44	44	44	0	44	0	0	220	220	220	220	132	132	132	132	
	4033045	5002	45	4033001	 飾品 - 綠裝	40	540	540	0	0	45	45	45	45	45	0	45	0	0	225	225	225	225	135	135	135	135	
	4033046	5002	46	4033001	 飾品 - 綠裝	40	552	552	0	0	46	46	46	46	46	0	46	0	0	230	230	230	230	138	138	138	138	
	4033047	5002	47	4033001	 飾品 - 綠裝	40	564	564	0	0	47	47	47	47	47	0	47	0	0	235	235	235	235	141	141	141	141	
	4033048	5002	48	4033001	 飾品 - 綠裝	40	576	576	0	0	48	48	48	48	48	0	48	0	0	240	240	240	240	144	144	144	144	
	4033049	5002	49	4033001	 飾品 - 綠裝	40	588	588	0	0	49	49	49	49	49	0	49	0	0	245	245	245	245	147	147	147	147	
	4033050	5002	50	4033001	 飾品 - 綠裝	40	600	600	0	0	50	50	50	50	50	0	50	0	0	250	250	250	250	150	150	150	150	
	4033051	5002	51	4033001	 飾品 - 綠裝	40	612	612	0	0	51	51	51	51	51	0	51	0	0	255	255	255	255	153	153	153	153	
	4033052	5002	52	4033001	 飾品 - 綠裝	40	624	624	0	0	52	52	52	52	52	0	52	0	0	260	260	260	260	156	156	156	156	
	4033053	5002	53	4033001	 飾品 - 綠裝	40	636	636	0	0	53	53	53	53	53	0	53	0	0	265	265	265	265	159	159	159	159	
	4033054	5002	54	4033001	 飾品 - 綠裝	40	648	648	0	0	54	54	54	54	54	0	54	0	0	270	270	270	270	162	162	162	162	
	4033055	5002	55	4033001	 飾品 - 綠裝	40	660	660	0	0	55	55	55	55	55	0	55	0	0	275	275	275	275	165	165	165	165	
	4033056	5002	56	4033001	 飾品 - 綠裝	40	672	672	0	0	56	56	56	56	56	0	56	0	0	280	280	280	280	168	168	168	168	
	4033057	5002	57	4033001	 飾品 - 綠裝	40	684	684	0	0	57	57	57	57	57	0	57	0	0	285	285	285	285	171	171	171	171	
	4033058	5002	58	4033001	 飾品 - 綠裝	40	696	696	0	0	58	58	58	58	58	0	58	0	0	290	290	290	290	174	174	174	174	
	4033059	5002	59	4033001	 飾品 - 綠裝	40	708	708	0	0	59	59	59	59	59	0	59	0	0	295	295	295	295	177	177	177	177	
	4033060	5002	60	4033001	 飾品 - 綠裝	40	720	720	0	0	60	60	60	60	60	0	60	0	0	300	300	300	300	180	180	180	180	
	4033061	5002	61	4033001	 飾品 - 綠裝	40	732	732	0	0	61	61	61	61	61	0	61	0	0	305	305	305	305	183	183	183	183	
	4033062	5002	62	4033001	 飾品 - 綠裝	40	744	744	0	0	62	62	62	62	62	0	62	0	0	310	310	310	310	186	186	186	186	
	4033063	5002	63	4033001	 飾品 - 綠裝	40	756	756	0	0	63	63	63	63	63	0	63	0	0	315	315	315	315	189	189	189	189	
	4033064	5002	64	4033001	 飾品 - 綠裝	40	768	768	0	0	64	64	64	64	64	0	64	0	0	320	320	320	320	192	192	192	192	
	4033065	5002	65	4033001	 飾品 - 綠裝	40	780	780	0	0	65	65	65	65	65	0	65	0	0	325	325	325	325	195	195	195	195	
	4033066	5002	66	4033001	 飾品 - 綠裝	40	792	792	0	0	66	66	66	66	66	0	66	0	0	330	330	330	330	198	198	198	198	
	4033067	5002	67	4033001	 飾品 - 綠裝	40	804	804	0	0	67	67	67	67	67	0	67	0	0	335	335	335	335	201	201	201	201	
	4033068	5002	68	4033001	 飾品 - 綠裝	40	816	816	0	0	68	68	68	68	68	0	68	0	0	340	340	340	340	204	204	204	204	
	4033069	5002	69	4033001	 飾品 - 綠裝	40	828	828	0	0	69	69	69	69	69	0	69	0	0	345	345	345	345	207	207	207	207	
	4033070	5002	70	4033001	 飾品 - 綠裝	40	840	840	0	0	70	70	70	70	70	0	70	0	0	350	350	350	350	210	210	210	210	
	4033071	5002	71	4033001	 飾品 - 綠裝	40	852	852	0	0	71	71	71	71	71	0	71	0	0	355	355	355	355	213	213	213	213	
	4033072	5002	72	4033001	 飾品 - 綠裝	40	864	864	0	0	72	72	72	72	72	0	72	0	0	360	360	360	360	216	216	216	216	
	4033073	5002	73	4033001	 飾品 - 綠裝	40	876	876	0	0	73	73	73	73	73	0	73	0	0	365	365	365	365	219	219	219	219	
	4033074	5002	74	4033001	 飾品 - 綠裝	40	888	888	0	0	74	74	74	74	74	0	74	0	0	370	370	370	370	222	222	222	222	
	4033075	5002	75	4033001	 飾品 - 綠裝	40	900	900	0	0	75	75	75	75	75	0	75	0	0	375	375	375	375	225	225	225	225	
	4033076	5002	76	4033001	 飾品 - 綠裝	40	912	912	0	0	76	76	76	76	76	0	76	0	0	380	380	380	380	228	228	228	228	
	4033077	5002	77	4033001	 飾品 - 綠裝	40	924	924	0	0	77	77	77	77	77	0	77	0	0	385	385	385	385	231	231	231	231	
	4033078	5002	78	4033001	 飾品 - 綠裝	40	936	936	0	0	78	78	78	78	78	0	78	0	0	390	390	390	390	234	234	234	234	
	4033079	5002	79	4033001	 飾品 - 綠裝	40	948	948	0	0	79	79	79	79	79	0	79	0	0	395	395	395	395	237	237	237	237	
	4033080	5002	80	4033001	 飾品 - 綠裝	40	960	960	0	0	80	80	80	80	80	0	80	0	0	400	400	400	400	240	240	240	240	
	4033081	5002	81	4033001	 飾品 - 綠裝	40	972	972	0	0	81	81	81	81	81	0	81	0	0	405	405	405	405	243	243	243	243	
	4033082	5002	82	4033001	 飾品 - 綠裝	40	984	984	0	0	82	82	82	82	82	0	82	0	0	410	410	410	410	246	246	246	246	
	4033083	5002	83	4033001	 飾品 - 綠裝	40	996	996	0	0	83	83	83	83	83	0	83	0	0	415	415	415	415	249	249	249	249	
	4033084	5002	84	4033001	 飾品 - 綠裝	40	1008	1008	0	0	84	84	84	84	84	0	84	0	0	420	420	420	420	252	252	252	252	
	4033085	5002	85	4033001	 飾品 - 綠裝	40	1020	1020	0	0	85	85	85	85	85	0	85	0	0	425	425	425	425	255	255	255	255	
	4033086	5002	86	4033001	 飾品 - 綠裝	40	1032	1032	0	0	86	86	86	86	86	0	86	0	0	430	430	430	430	258	258	258	258	
	4033087	5002	87	4033001	 飾品 - 綠裝	40	1044	1044	0	0	87	87	87	87	87	0	87	0	0	435	435	435	435	261	261	261	261	
	4033088	5002	88	4033001	 飾品 - 綠裝	40	1056	1056	0	0	88	88	88	88	88	0	88	0	0	440	440	440	440	264	264	264	264	
	4033089	5002	89	4033001	 飾品 - 綠裝	40	1068	1068	0	0	89	89	89	89	89	0	89	0	0	445	445	445	445	267	267	267	267	
	4033090	5002	90	4033001	 飾品 - 綠裝	40	1080	1080	0	0	90	90	90	90	90	0	90	0	0	450	450	450	450	270	270	270	270	
	4033091	5002	91	4033001	 飾品 - 綠裝	40	1092	1092	0	0	91	91	91	91	91	0	91	0	0	455	455	455	455	273	273	273	273	
	4033092	5002	92	4033001	 飾品 - 綠裝	40	1104	1104	0	0	92	92	92	92	92	0	92	0	0	460	460	460	460	276	276	276	276	
	4033093	5002	93	4033001	 飾品 - 綠裝	40	1116	1116	0	0	93	93	93	93	93	0	93	0	0	465	465	465	465	279	279	279	279	
	4033094	5002	94	4033001	 飾品 - 綠裝	40	1128	1128	0	0	94	94	94	94	94	0	94	0	0	470	470	470	470	282	282	282	282	
	4033095	5002	95	4033001	 飾品 - 綠裝	40	1140	1140	0	0	95	95	95	95	95	0	95	0	0	475	475	475	475	285	285	285	285	
	4033096	5002	96	4033001	 飾品 - 綠裝	40	1152	1152	0	0	96	96	96	96	96	0	96	0	0	480	480	480	480	288	288	288	288	
	4033097	5002	97	4033001	 飾品 - 綠裝	40	1164	1164	0	0	97	97	97	97	97	0	97	0	0	485	485	485	485	291	291	291	291	
	4033098	5002	98	4033001	 飾品 - 綠裝	40	1176	1176	0	0	98	98	98	98	98	0	98	0	0	490	490	490	490	294	294	294	294	
	4033099	5002	99	4033001	 飾品 - 綠裝	40	1188	1188	0	0	99	99	99	99	99	0	99	0	0	495	495	495	495	297	297	297	297	
	4033100	5002	100	4033001	 飾品 - 綠裝	40	1200	1200	0	0	100	100	100	100	100	0	100	0	0	500	500	500	500	300	300	300	300	
	4033101	5002	101	4033001	 飾品 - 綠裝	40	1212	1212	0	0	101	101	101	101	101	0	101	0	0	505	505	505	505	303	303	303	303	
	4033102	5002	102	4033001	 飾品 - 綠裝	40	1224	1224	0	0	102	102	102	102	102	0	102	0	0	510	510	510	510	306	306	306	306	
	4033103	5002	103	4033001	 飾品 - 綠裝	40	1236	1236	0	0	103	103	103	103	103	0	103	0	0	515	515	515	515	309	309	309	309	
	4033104	5002	104	4033001	 飾品 - 綠裝	40	1248	1248	0	0	104	104	104	104	104	0	104	0	0	520	520	520	520	312	312	312	312	
	4033105	5002	105	4033001	 飾品 - 綠裝	40	1260	1260	0	0	105	105	105	105	105	0	105	0	0	525	525	525	525	315	315	315	315	
	4033106	5002	106	4033001	 飾品 - 綠裝	40	1272	1272	0	0	106	106	106	106	106	0	106	0	0	530	530	530	530	318	318	318	318	
	4033107	5002	107	4033001	 飾品 - 綠裝	40	1284	1284	0	0	107	107	107	107	107	0	107	0	0	535	535	535	535	321	321	321	321	
	4033108	5002	108	4033001	 飾品 - 綠裝	40	1296	1296	0	0	108	108	108	108	108	0	108	0	0	540	540	540	540	324	324	324	324	
# 飾品 - 藍裝																												
	4034001	5002	1	4034001	 飾品 - 藍裝	40	14	14	0	0	2	2	2	2	2	0	2	0	0	11	11	11	11	5	5	5	5	
	4034002	5002	2	4034001	 飾品 - 藍裝	40	28	28	0	0	4	4	4	4	4	0	4	0	0	22	22	22	22	10	10	10	10	
	4034003	5002	3	4034001	 飾品 - 藍裝	40	42	42	0	0	6	6	6	6	6	0	6	0	0	33	33	33	33	15	15	15	15	
	4034004	5002	4	4034001	 飾品 - 藍裝	40	56	56	0	0	8	8	8	8	8	0	8	0	0	44	44	44	44	20	20	20	20	
	4034005	5002	5	4034001	 飾品 - 藍裝	40	70	70	0	0	10	10	10	10	10	0	10	0	0	55	55	55	55	25	25	25	25	
	4034006	5002	6	4034001	 飾品 - 藍裝	40	84	84	0	0	12	12	12	12	12	0	12	0	0	66	66	66	66	30	30	30	30	
	4034007	5002	7	4034001	 飾品 - 藍裝	40	98	98	0	0	14	14	14	14	14	0	14	0	0	77	77	77	77	35	35	35	35	
	4034008	5002	8	4034001	 飾品 - 藍裝	40	112	112	0	0	16	16	16	16	16	0	16	0	0	88	88	88	88	40	40	40	40	
	4034009	5002	9	4034001	 飾品 - 藍裝	40	126	126	0	0	18	18	18	18	18	0	18	0	0	99	99	99	99	45	45	45	45	
	4034010	5002	10	4034001	 飾品 - 藍裝	40	140	140	0	0	20	20	20	20	20	0	20	0	0	110	110	110	110	50	50	50	50	
	4034011	5002	11	4034001	 飾品 - 藍裝	40	154	154	0	0	22	22	22	22	22	0	22	0	0	121	121	121	121	55	55	55	55	
	4034012	5002	12	4034001	 飾品 - 藍裝	40	168	168	0	0	24	24	24	24	24	0	24	0	0	132	132	132	132	60	60	60	60	
	4034013	5002	13	4034001	 飾品 - 藍裝	40	182	182	0	0	26	26	26	26	26	0	26	0	0	143	143	143	143	65	65	65	65	
	4034014	5002	14	4034001	 飾品 - 藍裝	40	196	196	0	0	28	28	28	28	28	0	28	0	0	154	154	154	154	70	70	70	70	
	4034015	5002	15	4034001	 飾品 - 藍裝	40	210	210	0	0	30	30	30	30	30	0	30	0	0	165	165	165	165	75	75	75	75	
	4034016	5002	16	4034001	 飾品 - 藍裝	40	224	224	0	0	32	32	32	32	32	0	32	0	0	176	176	176	176	80	80	80	80	
	4034017	5002	17	4034001	 飾品 - 藍裝	40	238	238	0	0	34	34	34	34	34	0	34	0	0	187	187	187	187	85	85	85	85	
	4034018	5002	18	4034001	 飾品 - 藍裝	40	252	252	0	0	36	36	36	36	36	0	36	0	0	198	198	198	198	90	90	90	90	
	4034019	5002	19	4034001	 飾品 - 藍裝	40	266	266	0	0	38	38	38	38	38	0	38	0	0	209	209	209	209	95	95	95	95	
	4034020	5002	20	4034001	 飾品 - 藍裝	40	280	280	0	0	40	40	40	40	40	0	40	0	0	220	220	220	220	100	100	100	100	
	4034021	5002	21	4034001	 飾品 - 藍裝	40	294	294	0	0	42	42	42	42	42	0	42	0	0	231	231	231	231	105	105	105	105	
	4034022	5002	22	4034001	 飾品 - 藍裝	40	308	308	0	0	44	44	44	44	44	0	44	0	0	242	242	242	242	110	110	110	110	
	4034023	5002	23	4034001	 飾品 - 藍裝	40	322	322	0	0	46	46	46	46	46	0	46	0	0	253	253	253	253	115	115	115	115	
	4034024	5002	24	4034001	 飾品 - 藍裝	40	336	336	0	0	48	48	48	48	48	0	48	0	0	264	264	264	264	120	120	120	120	
	4034025	5002	25	4034001	 飾品 - 藍裝	40	350	350	0	0	50	50	50	50	50	0	50	0	0	275	275	275	275	125	125	125	125	
	4034026	5002	26	4034001	 飾品 - 藍裝	40	364	364	0	0	52	52	52	52	52	0	52	0	0	286	286	286	286	130	130	130	130	
	4034027	5002	27	4034001	 飾品 - 藍裝	40	378	378	0	0	54	54	54	54	54	0	54	0	0	297	297	297	297	135	135	135	135	
	4034028	5002	28	4034001	 飾品 - 藍裝	40	392	392	0	0	56	56	56	56	56	0	56	0	0	308	308	308	308	140	140	140	140	
	4034029	5002	29	4034001	 飾品 - 藍裝	40	406	406	0	0	58	58	58	58	58	0	58	0	0	319	319	319	319	145	145	145	145	
	4034030	5002	30	4034001	 飾品 - 藍裝	40	420	420	0	0	60	60	60	60	60	0	60	0	0	330	330	330	330	150	150	150	150	
	4034031	5002	31	4034001	 飾品 - 藍裝	40	434	434	0	0	62	62	62	62	62	0	62	0	0	341	341	341	341	155	155	155	155	
	4034032	5002	32	4034001	 飾品 - 藍裝	40	448	448	0	0	64	64	64	64	64	0	64	0	0	352	352	352	352	160	160	160	160	
	4034033	5002	33	4034001	 飾品 - 藍裝	40	462	462	0	0	66	66	66	66	66	0	66	0	0	363	363	363	363	165	165	165	165	
	4034034	5002	34	4034001	 飾品 - 藍裝	40	476	476	0	0	68	68	68	68	68	0	68	0	0	374	374	374	374	170	170	170	170	
	4034035	5002	35	4034001	 飾品 - 藍裝	40	490	490	0	0	70	70	70	70	70	0	70	0	0	385	385	385	385	175	175	175	175	
	4034036	5002	36	4034001	 飾品 - 藍裝	40	504	504	0	0	72	72	72	72	72	0	72	0	0	396	396	396	396	180	180	180	180	
	4034037	5002	37	4034001	 飾品 - 藍裝	40	518	518	0	0	74	74	74	74	74	0	74	0	0	407	407	407	407	185	185	185	185	
	4034038	5002	38	4034001	 飾品 - 藍裝	40	532	532	0	0	76	76	76	76	76	0	76	0	0	418	418	418	418	190	190	190	190	
	4034039	5002	39	4034001	 飾品 - 藍裝	40	546	546	0	0	78	78	78	78	78	0	78	0	0	429	429	429	429	195	195	195	195	
	4034040	5002	40	4034001	 飾品 - 藍裝	40	560	560	0	0	80	80	80	80	80	0	80	0	0	440	440	440	440	200	200	200	200	
	4034041	5002	41	4034001	 飾品 - 藍裝	40	574	574	0	0	82	82	82	82	82	0	82	0	0	451	451	451	451	205	205	205	205	
	4034042	5002	42	4034001	 飾品 - 藍裝	40	588	588	0	0	84	84	84	84	84	0	84	0	0	462	462	462	462	210	210	210	210	
	4034043	5002	43	4034001	 飾品 - 藍裝	40	602	602	0	0	86	86	86	86	86	0	86	0	0	473	473	473	473	215	215	215	215	
	4034044	5002	44	4034001	 飾品 - 藍裝	40	616	616	0	0	88	88	88	88	88	0	88	0	0	484	484	484	484	220	220	220	220	
	4034045	5002	45	4034001	 飾品 - 藍裝	40	630	630	0	0	90	90	90	90	90	0	90	0	0	495	495	495	495	225	225	225	225	
	4034046	5002	46	4034001	 飾品 - 藍裝	40	644	644	0	0	92	92	92	92	92	0	92	0	0	506	506	506	506	230	230	230	230	
	4034047	5002	47	4034001	 飾品 - 藍裝	40	658	658	0	0	94	94	94	94	94	0	94	0	0	517	517	517	517	235	235	235	235	
	4034048	5002	48	4034001	 飾品 - 藍裝	40	672	672	0	0	96	96	96	96	96	0	96	0	0	528	528	528	528	240	240	240	240	
	4034049	5002	49	4034001	 飾品 - 藍裝	40	686	686	0	0	98	98	98	98	98	0	98	0	0	539	539	539	539	245	245	245	245	
	4034050	5002	50	4034001	 飾品 - 藍裝	40	700	700	0	0	100	100	100	100	100	0	100	0	0	550	550	550	550	250	250	250	250	
	4034051	5002	51	4034001	 飾品 - 藍裝	40	714	714	0	0	102	102	102	102	102	0	102	0	0	561	561	561	561	255	255	255	255	
	4034052	5002	52	4034001	 飾品 - 藍裝	40	728	728	0	0	104	104	104	104	104	0	104	0	0	572	572	572	572	260	260	260	260	
	4034053	5002	53	4034001	 飾品 - 藍裝	40	742	742	0	0	106	106	106	106	106	0	106	0	0	583	583	583	583	265	265	265	265	
	4034054	5002	54	4034001	 飾品 - 藍裝	40	756	756	0	0	108	108	108	108	108	0	108	0	0	594	594	594	594	270	270	270	270	
	4034055	5002	55	4034001	 飾品 - 藍裝	40	770	770	0	0	110	110	110	110	110	0	110	0	0	605	605	605	605	275	275	275	275	
	4034056	5002	56	4034001	 飾品 - 藍裝	40	784	784	0	0	112	112	112	112	112	0	112	0	0	616	616	616	616	280	280	280	280	
	4034057	5002	57	4034001	 飾品 - 藍裝	40	798	798	0	0	114	114	114	114	114	0	114	0	0	627	627	627	627	285	285	285	285	
	4034058	5002	58	4034001	 飾品 - 藍裝	40	812	812	0	0	116	116	116	116	116	0	116	0	0	638	638	638	638	290	290	290	290	
	4034059	5002	59	4034001	 飾品 - 藍裝	40	826	826	0	0	118	118	118	118	118	0	118	0	0	649	649	649	649	295	295	295	295	
	4034060	5002	60	4034001	 飾品 - 藍裝	40	840	840	0	0	120	120	120	120	120	0	120	0	0	660	660	660	660	300	300	300	300	
	4034061	5002	61	4034001	 飾品 - 藍裝	40	854	854	0	0	122	122	122	122	122	0	122	0	0	671	671	671	671	305	305	305	305	
	4034062	5002	62	4034001	 飾品 - 藍裝	40	868	868	0	0	124	124	124	124	124	0	124	0	0	682	682	682	682	310	310	310	310	
	4034063	5002	63	4034001	 飾品 - 藍裝	40	882	882	0	0	126	126	126	126	126	0	126	0	0	693	693	693	693	315	315	315	315	
	4034064	5002	64	4034001	 飾品 - 藍裝	40	896	896	0	0	128	128	128	128	128	0	128	0	0	704	704	704	704	320	320	320	320	
	4034065	5002	65	4034001	 飾品 - 藍裝	40	910	910	0	0	130	130	130	130	130	0	130	0	0	715	715	715	715	325	325	325	325	
	4034066	5002	66	4034001	 飾品 - 藍裝	40	924	924	0	0	132	132	132	132	132	0	132	0	0	726	726	726	726	330	330	330	330	
	4034067	5002	67	4034001	 飾品 - 藍裝	40	938	938	0	0	134	134	134	134	134	0	134	0	0	737	737	737	737	335	335	335	335	
	4034068	5002	68	4034001	 飾品 - 藍裝	40	952	952	0	0	136	136	136	136	136	0	136	0	0	748	748	748	748	340	340	340	340	
	4034069	5002	69	4034001	 飾品 - 藍裝	40	966	966	0	0	138	138	138	138	138	0	138	0	0	759	759	759	759	345	345	345	345	
	4034070	5002	70	4034001	 飾品 - 藍裝	40	980	980	0	0	140	140	140	140	140	0	140	0	0	770	770	770	770	350	350	350	350	
	4034071	5002	71	4034001	 飾品 - 藍裝	40	994	994	0	0	142	142	142	142	142	0	142	0	0	781	781	781	781	355	355	355	355	
	4034072	5002	72	4034001	 飾品 - 藍裝	40	1008	1008	0	0	144	144	144	144	144	0	144	0	0	792	792	792	792	360	360	360	360	
	4034073	5002	73	4034001	 飾品 - 藍裝	40	1022	1022	0	0	146	146	146	146	146	0	146	0	0	803	803	803	803	365	365	365	365	
	4034074	5002	74	4034001	 飾品 - 藍裝	40	1036	1036	0	0	148	148	148	148	148	0	148	0	0	814	814	814	814	370	370	370	370	
	4034075	5002	75	4034001	 飾品 - 藍裝	40	1050	1050	0	0	150	150	150	150	150	0	150	0	0	825	825	825	825	375	375	375	375	
	4034076	5002	76	4034001	 飾品 - 藍裝	40	1064	1064	0	0	152	152	152	152	152	0	152	0	0	836	836	836	836	380	380	380	380	
	4034077	5002	77	4034001	 飾品 - 藍裝	40	1078	1078	0	0	154	154	154	154	154	0	154	0	0	847	847	847	847	385	385	385	385	
	4034078	5002	78	4034001	 飾品 - 藍裝	40	1092	1092	0	0	156	156	156	156	156	0	156	0	0	858	858	858	858	390	390	390	390	
	4034079	5002	79	4034001	 飾品 - 藍裝	40	1106	1106	0	0	158	158	158	158	158	0	158	0	0	869	869	869	869	395	395	395	395	
	4034080	5002	80	4034001	 飾品 - 藍裝	40	1120	1120	0	0	160	160	160	160	160	0	160	0	0	880	880	880	880	400	400	400	400	
	4034081	5002	81	4034001	 飾品 - 藍裝	40	1134	1134	0	0	162	162	162	162	162	0	162	0	0	891	891	891	891	405	405	405	405	
	4034082	5002	82	4034001	 飾品 - 藍裝	40	1148	1148	0	0	164	164	164	164	164	0	164	0	0	902	902	902	902	410	410	410	410	
	4034083	5002	83	4034001	 飾品 - 藍裝	40	1162	1162	0	0	166	166	166	166	166	0	166	0	0	913	913	913	913	415	415	415	415	
	4034084	5002	84	4034001	 飾品 - 藍裝	40	1176	1176	0	0	168	168	168	168	168	0	168	0	0	924	924	924	924	420	420	420	420	
	4034085	5002	85	4034001	 飾品 - 藍裝	40	1190	1190	0	0	170	170	170	170	170	0	170	0	0	935	935	935	935	425	425	425	425	
	4034086	5002	86	4034001	 飾品 - 藍裝	40	1204	1204	0	0	172	172	172	172	172	0	172	0	0	946	946	946	946	430	430	430	430	
	4034087	5002	87	4034001	 飾品 - 藍裝	40	1218	1218	0	0	174	174	174	174	174	0	174	0	0	957	957	957	957	435	435	435	435	
	4034088	5002	88	4034001	 飾品 - 藍裝	40	1232	1232	0	0	176	176	176	176	176	0	176	0	0	968	968	968	968	440	440	440	440	
	4034089	5002	89	4034001	 飾品 - 藍裝	40	1246	1246	0	0	178	178	178	178	178	0	178	0	0	979	979	979	979	445	445	445	445	
	4034090	5002	90	4034001	 飾品 - 藍裝	40	1260	1260	0	0	180	180	180	180	180	0	180	0	0	990	990	990	990	450	450	450	450	
	4034091	5002	91	4034001	 飾品 - 藍裝	40	1274	1274	0	0	182	182	182	182	182	0	182	0	0	1001	1001	1001	1001	455	455	455	455	
	4034092	5002	92	4034001	 飾品 - 藍裝	40	1288	1288	0	0	184	184	184	184	184	0	184	0	0	1012	1012	1012	1012	460	460	460	460	
	4034093	5002	93	4034001	 飾品 - 藍裝	40	1302	1302	0	0	186	186	186	186	186	0	186	0	0	1023	1023	1023	1023	465	465	465	465	
	4034094	5002	94	4034001	 飾品 - 藍裝	40	1316	1316	0	0	188	188	188	188	188	0	188	0	0	1034	1034	1034	1034	470	470	470	470	
	4034095	5002	95	4034001	 飾品 - 藍裝	40	1330	1330	0	0	190	190	190	190	190	0	190	0	0	1045	1045	1045	1045	475	475	475	475	
	4034096	5002	96	4034001	 飾品 - 藍裝	40	1344	1344	0	0	192	192	192	192	192	0	192	0	0	1056	1056	1056	1056	480	480	480	480	
	4034097	5002	97	4034001	 飾品 - 藍裝	40	1358	1358	0	0	194	194	194	194	194	0	194	0	0	1067	1067	1067	1067	485	485	485	485	
	4034098	5002	98	4034001	 飾品 - 藍裝	40	1372	1372	0	0	196	196	196	196	196	0	196	0	0	1078	1078	1078	1078	490	490	490	490	
	4034099	5002	99	4034001	 飾品 - 藍裝	40	1386	1386	0	0	198	198	198	198	198	0	198	0	0	1089	1089	1089	1089	495	495	495	495	
	4034100	5002	100	4034001	 飾品 - 藍裝	40	1400	1400	0	0	200	200	200	200	200	0	200	0	0	1100	1100	1100	1100	500	500	500	500	
	4034101	5002	101	4034001	 飾品 - 藍裝	40	1414	1414	0	0	202	202	202	202	202	0	202	0	0	1111	1111	1111	1111	505	505	505	505	
	4034102	5002	102	4034001	 飾品 - 藍裝	40	1428	1428	0	0	204	204	204	204	204	0	204	0	0	1122	1122	1122	1122	510	510	510	510	
	4034103	5002	103	4034001	 飾品 - 藍裝	40	1442	1442	0	0	206	206	206	206	206	0	206	0	0	1133	1133	1133	1133	515	515	515	515	
	4034104	5002	104	4034001	 飾品 - 藍裝	40	1456	1456	0	0	208	208	208	208	208	0	208	0	0	1144	1144	1144	1144	520	520	520	520	
	4034105	5002	105	4034001	 飾品 - 藍裝	40	1470	1470	0	0	210	210	210	210	210	0	210	0	0	1155	1155	1155	1155	525	525	525	525	
	4034106	5002	106	4034001	 飾品 - 藍裝	40	1484	1484	0	0	212	212	212	212	212	0	212	0	0	1166	1166	1166	1166	530	530	530	530	
	4034107	5002	107	4034001	 飾品 - 藍裝	40	1498	1498	0	0	214	214	214	214	214	0	214	0	0	1177	1177	1177	1177	535	535	535	535	
	4034108	5002	108	4034001	 飾品 - 藍裝	40	1512	1512	0	0	216	216	216	216	216	0	216	0	0	1188	1188	1188	1188	540	540	540	540	
# 飾品 - 紫裝																												
	4035001	5002	1	4035001	 飾品 - 紫裝	40	15	15	0	0	2	2	2	2	2	0	2	0	0	11	11	11	11	5	5	5	5	
	4035002	5002	2	4035001	 飾品 - 紫裝	40	30	30	0	0	4	4	4	4	4	0	4	0	0	22	22	22	22	10	10	10	10	
	4035003	5002	3	4035001	 飾品 - 紫裝	40	45	45	0	0	6	6	6	6	6	0	6	0	0	33	33	33	33	15	15	15	15	
	4035004	5002	4	4035001	 飾品 - 紫裝	40	60	60	0	0	8	8	8	8	8	0	8	0	0	44	44	44	44	20	20	20	20	
	4035005	5002	5	4035001	 飾品 - 紫裝	40	75	75	0	0	10	10	10	10	10	0	10	0	0	55	55	55	55	25	25	25	25	
	4035006	5002	6	4035001	 飾品 - 紫裝	40	90	90	0	0	12	12	12	12	12	0	12	0	0	66	66	66	66	30	30	30	30	
	4035007	5002	7	4035001	 飾品 - 紫裝	40	105	105	0	0	14	14	14	14	14	0	14	0	0	77	77	77	77	35	35	35	35	
	4035008	5002	8	4035001	 飾品 - 紫裝	40	120	120	0	0	16	16	16	16	16	0	16	0	0	88	88	88	88	40	40	40	40	
	4035009	5002	9	4035001	 飾品 - 紫裝	40	135	135	0	0	18	18	18	18	18	0	18	0	0	99	99	99	99	45	45	45	45	
	4035010	5002	10	4035001	 飾品 - 紫裝	40	150	150	0	0	20	20	20	20	20	0	20	0	0	110	110	110	110	50	50	50	50	
	4035011	5002	11	4035001	 飾品 - 紫裝	40	165	165	0	0	22	22	22	22	22	0	22	0	0	121	121	121	121	55	55	55	55	
	4035012	5002	12	4035001	 飾品 - 紫裝	40	180	180	0	0	24	24	24	24	24	0	24	0	0	132	132	132	132	60	60	60	60	
	4035013	5002	13	4035001	 飾品 - 紫裝	40	195	195	0	0	26	26	26	26	26	0	26	0	0	143	143	143	143	65	65	65	65	
	4035014	5002	14	4035001	 飾品 - 紫裝	40	210	210	0	0	28	28	28	28	28	0	28	0	0	154	154	154	154	70	70	70	70	
	4035015	5002	15	4035001	 飾品 - 紫裝	40	225	225	0	0	30	30	30	30	30	0	30	0	0	165	165	165	165	75	75	75	75	
	4035016	5002	16	4035001	 飾品 - 紫裝	40	240	240	0	0	32	32	32	32	32	0	32	0	0	176	176	176	176	80	80	80	80	
	4035017	5002	17	4035001	 飾品 - 紫裝	40	255	255	0	0	34	34	34	34	34	0	34	0	0	187	187	187	187	85	85	85	85	
	4035018	5002	18	4035001	 飾品 - 紫裝	40	270	270	0	0	36	36	36	36	36	0	36	0	0	198	198	198	198	90	90	90	90	
	4035019	5002	19	4035001	 飾品 - 紫裝	40	285	285	0	0	38	38	38	38	38	0	38	0	0	209	209	209	209	95	95	95	95	
	4035020	5002	20	4035001	 飾品 - 紫裝	40	300	300	0	0	40	40	40	40	40	0	40	0	0	220	220	220	220	100	100	100	100	
	4035021	5002	21	4035001	 飾品 - 紫裝	40	315	315	0	0	42	42	42	42	42	0	42	0	0	231	231	231	231	105	105	105	105	
	4035022	5002	22	4035001	 飾品 - 紫裝	40	330	330	0	0	44	44	44	44	44	0	44	0	0	242	242	242	242	110	110	110	110	
	4035023	5002	23	4035001	 飾品 - 紫裝	40	345	345	0	0	46	46	46	46	46	0	46	0	0	253	253	253	253	115	115	115	115	
	4035024	5002	24	4035001	 飾品 - 紫裝	40	360	360	0	0	48	48	48	48	48	0	48	0	0	264	264	264	264	120	120	120	120	
	4035025	5002	25	4035001	 飾品 - 紫裝	40	375	375	0	0	50	50	50	50	50	0	50	0	0	275	275	275	275	125	125	125	125	
	4035026	5002	26	4035001	 飾品 - 紫裝	40	390	390	0	0	52	52	52	52	52	0	52	0	0	286	286	286	286	130	130	130	130	
	4035027	5002	27	4035001	 飾品 - 紫裝	40	405	405	0	0	54	54	54	54	54	0	54	0	0	297	297	297	297	135	135	135	135	
	4035028	5002	28	4035001	 飾品 - 紫裝	40	420	420	0	0	56	56	56	56	56	0	56	0	0	308	308	308	308	140	140	140	140	
	4035029	5002	29	4035001	 飾品 - 紫裝	40	435	435	0	0	58	58	58	58	58	0	58	0	0	319	319	319	319	145	145	145	145	
	4035030	5002	30	4035001	 飾品 - 紫裝	40	450	450	0	0	60	60	60	60	60	0	60	0	0	330	330	330	330	150	150	150	150	
	4035031	5002	31	4035001	 飾品 - 紫裝	40	465	465	0	0	62	62	62	62	62	0	62	0	0	341	341	341	341	155	155	155	155	
	4035032	5002	32	4035001	 飾品 - 紫裝	40	480	480	0	0	64	64	64	64	64	0	64	0	0	352	352	352	352	160	160	160	160	
	4035033	5002	33	4035001	 飾品 - 紫裝	40	495	495	0	0	66	66	66	66	66	0	66	0	0	363	363	363	363	165	165	165	165	
	4035034	5002	34	4035001	 飾品 - 紫裝	40	510	510	0	0	68	68	68	68	68	0	68	0	0	374	374	374	374	170	170	170	170	
	4035035	5002	35	4035001	 飾品 - 紫裝	40	525	525	0	0	70	70	70	70	70	0	70	0	0	385	385	385	385	175	175	175	175	
	4035036	5002	36	4035001	 飾品 - 紫裝	40	540	540	0	0	72	72	72	72	72	0	72	0	0	396	396	396	396	180	180	180	180	
	4035037	5002	37	4035001	 飾品 - 紫裝	40	555	555	0	0	74	74	74	74	74	0	74	0	0	407	407	407	407	185	185	185	185	
	4035038	5002	38	4035001	 飾品 - 紫裝	40	570	570	0	0	76	76	76	76	76	0	76	0	0	418	418	418	418	190	190	190	190	
	4035039	5002	39	4035001	 飾品 - 紫裝	40	585	585	0	0	78	78	78	78	78	0	78	0	0	429	429	429	429	195	195	195	195	
	4035040	5002	40	4035001	 飾品 - 紫裝	40	600	600	0	0	80	80	80	80	80	0	80	0	0	440	440	440	440	200	200	200	200	
	4035041	5002	41	4035001	 飾品 - 紫裝	40	615	615	0	0	82	82	82	82	82	0	82	0	0	451	451	451	451	205	205	205	205	
	4035042	5002	42	4035001	 飾品 - 紫裝	40	630	630	0	0	84	84	84	84	84	0	84	0	0	462	462	462	462	210	210	210	210	
	4035043	5002	43	4035001	 飾品 - 紫裝	40	645	645	0	0	86	86	86	86	86	0	86	0	0	473	473	473	473	215	215	215	215	
	4035044	5002	44	4035001	 飾品 - 紫裝	40	660	660	0	0	88	88	88	88	88	0	88	0	0	484	484	484	484	220	220	220	220	
	4035045	5002	45	4035001	 飾品 - 紫裝	40	675	675	0	0	90	90	90	90	90	0	90	0	0	495	495	495	495	225	225	225	225	
	4035046	5002	46	4035001	 飾品 - 紫裝	40	690	690	0	0	92	92	92	92	92	0	92	0	0	506	506	506	506	230	230	230	230	
	4035047	5002	47	4035001	 飾品 - 紫裝	40	705	705	0	0	94	94	94	94	94	0	94	0	0	517	517	517	517	235	235	235	235	
	4035048	5002	48	4035001	 飾品 - 紫裝	40	720	720	0	0	96	96	96	96	96	0	96	0	0	528	528	528	528	240	240	240	240	
	4035049	5002	49	4035001	 飾品 - 紫裝	40	735	735	0	0	98	98	98	98	98	0	98	0	0	539	539	539	539	245	245	245	245	
	4035050	5002	50	4035001	 飾品 - 紫裝	40	750	750	0	0	100	100	100	100	100	0	100	0	0	550	550	550	550	250	250	250	250	
	4035051	5002	51	4035001	 飾品 - 紫裝	40	765	765	0	0	102	102	102	102	102	0	102	0	0	561	561	561	561	255	255	255	255	
	4035052	5002	52	4035001	 飾品 - 紫裝	40	780	780	0	0	104	104	104	104	104	0	104	0	0	572	572	572	572	260	260	260	260	
	4035053	5002	53	4035001	 飾品 - 紫裝	40	795	795	0	0	106	106	106	106	106	0	106	0	0	583	583	583	583	265	265	265	265	
	4035054	5002	54	4035001	 飾品 - 紫裝	40	810	810	0	0	108	108	108	108	108	0	108	0	0	594	594	594	594	270	270	270	270	
	4035055	5002	55	4035001	 飾品 - 紫裝	40	825	825	0	0	110	110	110	110	110	0	110	0	0	605	605	605	605	275	275	275	275	
	4035056	5002	56	4035001	 飾品 - 紫裝	40	840	840	0	0	112	112	112	112	112	0	112	0	0	616	616	616	616	280	280	280	280	
	4035057	5002	57	4035001	 飾品 - 紫裝	40	855	855	0	0	114	114	114	114	114	0	114	0	0	627	627	627	627	285	285	285	285	
	4035058	5002	58	4035001	 飾品 - 紫裝	40	870	870	0	0	116	116	116	116	116	0	116	0	0	638	638	638	638	290	290	290	290	
	4035059	5002	59	4035001	 飾品 - 紫裝	40	885	885	0	0	118	118	118	118	118	0	118	0	0	649	649	649	649	295	295	295	295	
	4035060	5002	60	4035001	 飾品 - 紫裝	40	900	900	0	0	120	120	120	120	120	0	120	0	0	660	660	660	660	300	300	300	300	
	4035061	5002	61	4035001	 飾品 - 紫裝	40	915	915	0	0	122	122	122	122	122	0	122	0	0	671	671	671	671	305	305	305	305	
	4035062	5002	62	4035001	 飾品 - 紫裝	40	930	930	0	0	124	124	124	124	124	0	124	0	0	682	682	682	682	310	310	310	310	
	4035063	5002	63	4035001	 飾品 - 紫裝	40	945	945	0	0	126	126	126	126	126	0	126	0	0	693	693	693	693	315	315	315	315	
	4035064	5002	64	4035001	 飾品 - 紫裝	40	960	960	0	0	128	128	128	128	128	0	128	0	0	704	704	704	704	320	320	320	320	
	4035065	5002	65	4035001	 飾品 - 紫裝	40	975	975	0	0	130	130	130	130	130	0	130	0	0	715	715	715	715	325	325	325	325	
	4035066	5002	66	4035001	 飾品 - 紫裝	40	990	990	0	0	132	132	132	132	132	0	132	0	0	726	726	726	726	330	330	330	330	
	4035067	5002	67	4035001	 飾品 - 紫裝	40	1005	1005	0	0	134	134	134	134	134	0	134	0	0	737	737	737	737	335	335	335	335	
	4035068	5002	68	4035001	 飾品 - 紫裝	40	1020	1020	0	0	136	136	136	136	136	0	136	0	0	748	748	748	748	340	340	340	340	
	4035069	5002	69	4035001	 飾品 - 紫裝	40	1035	1035	0	0	138	138	138	138	138	0	138	0	0	759	759	759	759	345	345	345	345	
	4035070	5002	70	4035001	 飾品 - 紫裝	40	1050	1050	0	0	140	140	140	140	140	0	140	0	0	770	770	770	770	350	350	350	350	
	4035071	5002	71	4035001	 飾品 - 紫裝	40	1065	1065	0	0	142	142	142	142	142	0	142	0	0	781	781	781	781	355	355	355	355	
	4035072	5002	72	4035001	 飾品 - 紫裝	40	1080	1080	0	0	144	144	144	144	144	0	144	0	0	792	792	792	792	360	360	360	360	
	4035073	5002	73	4035001	 飾品 - 紫裝	40	1095	1095	0	0	146	146	146	146	146	0	146	0	0	803	803	803	803	365	365	365	365	
	4035074	5002	74	4035001	 飾品 - 紫裝	40	1110	1110	0	0	148	148	148	148	148	0	148	0	0	814	814	814	814	370	370	370	370	
	4035075	5002	75	4035001	 飾品 - 紫裝	40	1125	1125	0	0	150	150	150	150	150	0	150	0	0	825	825	825	825	375	375	375	375	
	4035076	5002	76	4035001	 飾品 - 紫裝	40	1140	1140	0	0	152	152	152	152	152	0	152	0	0	836	836	836	836	380	380	380	380	
	4035077	5002	77	4035001	 飾品 - 紫裝	40	1155	1155	0	0	154	154	154	154	154	0	154	0	0	847	847	847	847	385	385	385	385	
	4035078	5002	78	4035001	 飾品 - 紫裝	40	1170	1170	0	0	156	156	156	156	156	0	156	0	0	858	858	858	858	390	390	390	390	
	4035079	5002	79	4035001	 飾品 - 紫裝	40	1185	1185	0	0	158	158	158	158	158	0	158	0	0	869	869	869	869	395	395	395	395	
	4035080	5002	80	4035001	 飾品 - 紫裝	40	1200	1200	0	0	160	160	160	160	160	0	160	0	0	880	880	880	880	400	400	400	400	
	4035081	5002	81	4035001	 飾品 - 紫裝	40	1215	1215	0	0	162	162	162	162	162	0	162	0	0	891	891	891	891	405	405	405	405	
	4035082	5002	82	4035001	 飾品 - 紫裝	40	1230	1230	0	0	164	164	164	164	164	0	164	0	0	902	902	902	902	410	410	410	410	
	4035083	5002	83	4035001	 飾品 - 紫裝	40	1245	1245	0	0	166	166	166	166	166	0	166	0	0	913	913	913	913	415	415	415	415	
	4035084	5002	84	4035001	 飾品 - 紫裝	40	1260	1260	0	0	168	168	168	168	168	0	168	0	0	924	924	924	924	420	420	420	420	
	4035085	5002	85	4035001	 飾品 - 紫裝	40	1275	1275	0	0	170	170	170	170	170	0	170	0	0	935	935	935	935	425	425	425	425	
	4035086	5002	86	4035001	 飾品 - 紫裝	40	1290	1290	0	0	172	172	172	172	172	0	172	0	0	946	946	946	946	430	430	430	430	
	4035087	5002	87	4035001	 飾品 - 紫裝	40	1305	1305	0	0	174	174	174	174	174	0	174	0	0	957	957	957	957	435	435	435	435	
	4035088	5002	88	4035001	 飾品 - 紫裝	40	1320	1320	0	0	176	176	176	176	176	0	176	0	0	968	968	968	968	440	440	440	440	
	4035089	5002	89	4035001	 飾品 - 紫裝	40	1335	1335	0	0	178	178	178	178	178	0	178	0	0	979	979	979	979	445	445	445	445	
	4035090	5002	90	4035001	 飾品 - 紫裝	40	1350	1350	0	0	180	180	180	180	180	0	180	0	0	990	990	990	990	450	450	450	450	
	4035091	5002	91	4035001	 飾品 - 紫裝	40	1365	1365	0	0	182	182	182	182	182	0	182	0	0	1001	1001	1001	1001	455	455	455	455	
	4035092	5002	92	4035001	 飾品 - 紫裝	40	1380	1380	0	0	184	184	184	184	184	0	184	0	0	1012	1012	1012	1012	460	460	460	460	
	4035093	5002	93	4035001	 飾品 - 紫裝	40	1395	1395	0	0	186	186	186	186	186	0	186	0	0	1023	1023	1023	1023	465	465	465	465	
	4035094	5002	94	4035001	 飾品 - 紫裝	40	1410	1410	0	0	188	188	188	188	188	0	188	0	0	1034	1034	1034	1034	470	470	470	470	
	4035095	5002	95	4035001	 飾品 - 紫裝	40	1425	1425	0	0	190	190	190	190	190	0	190	0	0	1045	1045	1045	1045	475	475	475	475	
	4035096	5002	96	4035001	 飾品 - 紫裝	40	1440	1440	0	0	192	192	192	192	192	0	192	0	0	1056	1056	1056	1056	480	480	480	480	
	4035097	5002	97	4035001	 飾品 - 紫裝	40	1455	1455	0	0	194	194	194	194	194	0	194	0	0	1067	1067	1067	1067	485	485	485	485	
	4035098	5002	98	4035001	 飾品 - 紫裝	40	1470	1470	0	0	196	196	196	196	196	0	196	0	0	1078	1078	1078	1078	490	490	490	490	
	4035099	5002	99	4035001	 飾品 - 紫裝	40	1485	1485	0	0	198	198	198	198	198	0	198	0	0	1089	1089	1089	1089	495	495	495	495	
	4035100	5002	100	4035001	 飾品 - 紫裝	40	1500	1500	0	0	200	200	200	200	200	0	200	0	0	1100	1100	1100	1100	500	500	500	500	
	4035101	5002	101	4035001	 飾品 - 紫裝	40	1515	1515	0	0	202	202	202	202	202	0	202	0	0	1111	1111	1111	1111	505	505	505	505	
	4035102	5002	102	4035001	 飾品 - 紫裝	40	1530	1530	0	0	204	204	204	204	204	0	204	0	0	1122	1122	1122	1122	510	510	510	510	
	4035103	5002	103	4035001	 飾品 - 紫裝	40	1545	1545	0	0	206	206	206	206	206	0	206	0	0	1133	1133	1133	1133	515	515	515	515	
	4035104	5002	104	4035001	 飾品 - 紫裝	40	1560	1560	0	0	208	208	208	208	208	0	208	0	0	1144	1144	1144	1144	520	520	520	520	
	4035105	5002	105	4035001	 飾品 - 紫裝	40	1575	1575	0	0	210	210	210	210	210	0	210	0	0	1155	1155	1155	1155	525	525	525	525	
	4035106	5002	106	4035001	 飾品 - 紫裝	40	1590	1590	0	0	212	212	212	212	212	0	212	0	0	1166	1166	1166	1166	530	530	530	530	
	4035107	5002	107	4035001	 飾品 - 紫裝	40	1605	1605	0	0	214	214	214	214	214	0	214	0	0	1177	1177	1177	1177	535	535	535	535	
	4035108	5002	108	4035001	 飾品 - 紫裝	40	1620	1620	0	0	216	216	216	216	216	0	216	0	0	1188	1188	1188	1188	540	540	540	540	
# 60級強化屬性數值表 01-1-1-001：對應等級限制 - 類型 (1:武器;2:防具;3:飾品) - 層級 (1:灰;2:白;3:綠;4:藍;5:紫) - 裝備等級																												
# 武器強化屬性數值表																												
# 武器 - 灰裝																												
	6011001	5002	1	6011001	 武器 - 灰裝	60	38	38	0	0	1	1	1	1	1	0	1	11	0	0	0	0	0	0	0	0	0	
	6011002	5002	2	6011001	 武器 - 灰裝	60	76	76	0	0	2	2	2	2	2	0	2	22	0	0	0	0	0	0	0	0	0	
	6011003	5002	3	6011001	 武器 - 灰裝	60	114	114	0	0	3	3	3	3	3	0	3	33	0	0	0	0	0	0	0	0	0	
	6011004	5002	4	6011001	 武器 - 灰裝	60	152	152	0	0	4	4	4	4	4	0	4	44	0	0	0	0	0	0	0	0	0	
	6011005	5002	5	6011001	 武器 - 灰裝	60	190	190	0	0	5	5	5	5	5	0	5	55	0	0	0	0	0	0	0	0	0	
	6011006	5002	6	6011001	 武器 - 灰裝	60	228	228	0	0	6	6	6	6	6	0	6	66	0	0	0	0	0	0	0	0	0	
	6011007	5002	7	6011001	 武器 - 灰裝	60	266	266	0	0	7	7	7	7	7	0	7	77	0	0	0	0	0	0	0	0	0	
	6011008	5002	8	6011001	 武器 - 灰裝	60	304	304	0	0	8	8	8	8	8	0	8	88	0	0	0	0	0	0	0	0	0	
	6011009	5002	9	6011001	 武器 - 灰裝	60	342	342	0	0	9	9	9	9	9	0	9	99	0	0	0	0	0	0	0	0	0	
	6011010	5002	10	6011001	 武器 - 灰裝	60	380	380	0	0	10	10	10	10	10	0	10	110	0	0	0	0	0	0	0	0	0	
	6011011	5002	11	6011001	 武器 - 灰裝	60	418	418	0	0	11	11	11	11	11	0	11	121	0	0	0	0	0	0	0	0	0	
	6011012	5002	12	6011001	 武器 - 灰裝	60	456	456	0	0	12	12	12	12	12	0	12	132	0	0	0	0	0	0	0	0	0	
	6011013	5002	13	6011001	 武器 - 灰裝	60	494	494	0	0	13	13	13	13	13	0	13	143	0	0	0	0	0	0	0	0	0	
	6011014	5002	14	6011001	 武器 - 灰裝	60	532	532	0	0	14	14	14	14	14	0	14	154	0	0	0	0	0	0	0	0	0	
	6011015	5002	15	6011001	 武器 - 灰裝	60	570	570	0	0	15	15	15	15	15	0	15	165	0	0	0	0	0	0	0	0	0	
	6011016	5002	16	6011001	 武器 - 灰裝	60	608	608	0	0	16	16	16	16	16	0	16	176	0	0	0	0	0	0	0	0	0	
	6011017	5002	17	6011001	 武器 - 灰裝	60	646	646	0	0	17	17	17	17	17	0	17	187	0	0	0	0	0	0	0	0	0	
	6011018	5002	18	6011001	 武器 - 灰裝	60	684	684	0	0	18	18	18	18	18	0	18	198	0	0	0	0	0	0	0	0	0	
	6011019	5002	19	6011001	 武器 - 灰裝	60	722	722	0	0	19	19	19	19	19	0	19	209	0	0	0	0	0	0	0	0	0	
	6011020	5002	20	6011001	 武器 - 灰裝	60	760	760	0	0	20	20	20	20	20	0	20	220	0	0	0	0	0	0	0	0	0	
	6011021	5002	21	6011001	 武器 - 灰裝	60	798	798	0	0	21	21	21	21	21	0	21	231	0	0	0	0	0	0	0	0	0	
	6011022	5002	22	6011001	 武器 - 灰裝	60	836	836	0	0	22	22	22	22	22	0	22	242	0	0	0	0	0	0	0	0	0	
	6011023	5002	23	6011001	 武器 - 灰裝	60	874	874	0	0	23	23	23	23	23	0	23	253	0	0	0	0	0	0	0	0	0	
	6011024	5002	24	6011001	 武器 - 灰裝	60	912	912	0	0	24	24	24	24	24	0	24	264	0	0	0	0	0	0	0	0	0	
	6011025	5002	25	6011001	 武器 - 灰裝	60	950	950	0	0	25	25	25	25	25	0	25	275	0	0	0	0	0	0	0	0	0	
	6011026	5002	26	6011001	 武器 - 灰裝	60	988	988	0	0	26	26	26	26	26	0	26	286	0	0	0	0	0	0	0	0	0	
	6011027	5002	27	6011001	 武器 - 灰裝	60	1026	1026	0	0	27	27	27	27	27	0	27	297	0	0	0	0	0	0	0	0	0	
	6011028	5002	28	6011001	 武器 - 灰裝	60	1064	1064	0	0	28	28	28	28	28	0	28	308	0	0	0	0	0	0	0	0	0	
	6011029	5002	29	6011001	 武器 - 灰裝	60	1102	1102	0	0	29	29	29	29	29	0	29	319	0	0	0	0	0	0	0	0	0	
	6011030	5002	30	6011001	 武器 - 灰裝	60	1140	1140	0	0	30	30	30	30	30	0	30	330	0	0	0	0	0	0	0	0	0	
	6011031	5002	31	6011001	 武器 - 灰裝	60	1178	1178	0	0	31	31	31	31	31	0	31	341	0	0	0	0	0	0	0	0	0	
	6011032	5002	32	6011001	 武器 - 灰裝	60	1216	1216	0	0	32	32	32	32	32	0	32	352	0	0	0	0	0	0	0	0	0	
	6011033	5002	33	6011001	 武器 - 灰裝	60	1254	1254	0	0	33	33	33	33	33	0	33	363	0	0	0	0	0	0	0	0	0	
	6011034	5002	34	6011001	 武器 - 灰裝	60	1292	1292	0	0	34	34	34	34	34	0	34	374	0	0	0	0	0	0	0	0	0	
	6011035	5002	35	6011001	 武器 - 灰裝	60	1330	1330	0	0	35	35	35	35	35	0	35	385	0	0	0	0	0	0	0	0	0	
	6011036	5002	36	6011001	 武器 - 灰裝	60	1368	1368	0	0	36	36	36	36	36	0	36	396	0	0	0	0	0	0	0	0	0	
	6011037	5002	37	6011001	 武器 - 灰裝	60	1406	1406	0	0	37	37	37	37	37	0	37	407	0	0	0	0	0	0	0	0	0	
	6011038	5002	38	6011001	 武器 - 灰裝	60	1444	1444	0	0	38	38	38	38	38	0	38	418	0	0	0	0	0	0	0	0	0	
	6011039	5002	39	6011001	 武器 - 灰裝	60	1482	1482	0	0	39	39	39	39	39	0	39	429	0	0	0	0	0	0	0	0	0	
	6011040	5002	40	6011001	 武器 - 灰裝	60	1520	1520	0	0	40	40	40	40	40	0	40	440	0	0	0	0	0	0	0	0	0	
	6011041	5002	41	6011001	 武器 - 灰裝	60	1558	1558	0	0	41	41	41	41	41	0	41	451	0	0	0	0	0	0	0	0	0	
	6011042	5002	42	6011001	 武器 - 灰裝	60	1596	1596	0	0	42	42	42	42	42	0	42	462	0	0	0	0	0	0	0	0	0	
	6011043	5002	43	6011001	 武器 - 灰裝	60	1634	1634	0	0	43	43	43	43	43	0	43	473	0	0	0	0	0	0	0	0	0	
	6011044	5002	44	6011001	 武器 - 灰裝	60	1672	1672	0	0	44	44	44	44	44	0	44	484	0	0	0	0	0	0	0	0	0	
	6011045	5002	45	6011001	 武器 - 灰裝	60	1710	1710	0	0	45	45	45	45	45	0	45	495	0	0	0	0	0	0	0	0	0	
	6011046	5002	46	6011001	 武器 - 灰裝	60	1748	1748	0	0	46	46	46	46	46	0	46	506	0	0	0	0	0	0	0	0	0	
	6011047	5002	47	6011001	 武器 - 灰裝	60	1786	1786	0	0	47	47	47	47	47	0	47	517	0	0	0	0	0	0	0	0	0	
	6011048	5002	48	6011001	 武器 - 灰裝	60	1824	1824	0	0	48	48	48	48	48	0	48	528	0	0	0	0	0	0	0	0	0	
	6011049	5002	49	6011001	 武器 - 灰裝	60	1862	1862	0	0	49	49	49	49	49	0	49	539	0	0	0	0	0	0	0	0	0	
	6011050	5002	50	6011001	 武器 - 灰裝	60	1900	1900	0	0	50	50	50	50	50	0	50	550	0	0	0	0	0	0	0	0	0	
	6011051	5002	51	6011001	 武器 - 灰裝	60	1938	1938	0	0	51	51	51	51	51	0	51	561	0	0	0	0	0	0	0	0	0	
	6011052	5002	52	6011001	 武器 - 灰裝	60	1976	1976	0	0	52	52	52	52	52	0	52	572	0	0	0	0	0	0	0	0	0	
	6011053	5002	53	6011001	 武器 - 灰裝	60	2014	2014	0	0	53	53	53	53	53	0	53	583	0	0	0	0	0	0	0	0	0	
	6011054	5002	54	6011001	 武器 - 灰裝	60	2052	2052	0	0	54	54	54	54	54	0	54	594	0	0	0	0	0	0	0	0	0	
	6011055	5002	55	6011001	 武器 - 灰裝	60	2090	2090	0	0	55	55	55	55	55	0	55	605	0	0	0	0	0	0	0	0	0	
	6011056	5002	56	6011001	 武器 - 灰裝	60	2128	2128	0	0	56	56	56	56	56	0	56	616	0	0	0	0	0	0	0	0	0	
	6011057	5002	57	6011001	 武器 - 灰裝	60	2166	2166	0	0	57	57	57	57	57	0	57	627	0	0	0	0	0	0	0	0	0	
	6011058	5002	58	6011001	 武器 - 灰裝	60	2204	2204	0	0	58	58	58	58	58	0	58	638	0	0	0	0	0	0	0	0	0	
	6011059	5002	59	6011001	 武器 - 灰裝	60	2242	2242	0	0	59	59	59	59	59	0	59	649	0	0	0	0	0	0	0	0	0	
	6011060	5002	60	6011001	 武器 - 灰裝	60	2280	2280	0	0	60	60	60	60	60	0	60	660	0	0	0	0	0	0	0	0	0	
	6011061	5002	61	6011001	 武器 - 灰裝	60	2318	2318	0	0	61	61	61	61	61	0	61	671	0	0	0	0	0	0	0	0	0	
	6011062	5002	62	6011001	 武器 - 灰裝	60	2356	2356	0	0	62	62	62	62	62	0	62	682	0	0	0	0	0	0	0	0	0	
	6011063	5002	63	6011001	 武器 - 灰裝	60	2394	2394	0	0	63	63	63	63	63	0	63	693	0	0	0	0	0	0	0	0	0	
	6011064	5002	64	6011001	 武器 - 灰裝	60	2432	2432	0	0	64	64	64	64	64	0	64	704	0	0	0	0	0	0	0	0	0	
	6011065	5002	65	6011001	 武器 - 灰裝	60	2470	2470	0	0	65	65	65	65	65	0	65	715	0	0	0	0	0	0	0	0	0	
	6011066	5002	66	6011001	 武器 - 灰裝	60	2508	2508	0	0	66	66	66	66	66	0	66	726	0	0	0	0	0	0	0	0	0	
	6011067	5002	67	6011001	 武器 - 灰裝	60	2546	2546	0	0	67	67	67	67	67	0	67	737	0	0	0	0	0	0	0	0	0	
	6011068	5002	68	6011001	 武器 - 灰裝	60	2584	2584	0	0	68	68	68	68	68	0	68	748	0	0	0	0	0	0	0	0	0	
	6011069	5002	69	6011001	 武器 - 灰裝	60	2622	2622	0	0	69	69	69	69	69	0	69	759	0	0	0	0	0	0	0	0	0	
	6011070	5002	70	6011001	 武器 - 灰裝	60	2660	2660	0	0	70	70	70	70	70	0	70	770	0	0	0	0	0	0	0	0	0	
	6011071	5002	71	6011001	 武器 - 灰裝	60	2698	2698	0	0	71	71	71	71	71	0	71	781	0	0	0	0	0	0	0	0	0	
	6011072	5002	72	6011001	 武器 - 灰裝	60	2736	2736	0	0	72	72	72	72	72	0	72	792	0	0	0	0	0	0	0	0	0	
	6011073	5002	73	6011001	 武器 - 灰裝	60	2774	2774	0	0	73	73	73	73	73	0	73	803	0	0	0	0	0	0	0	0	0	
	6011074	5002	74	6011001	 武器 - 灰裝	60	2812	2812	0	0	74	74	74	74	74	0	74	814	0	0	0	0	0	0	0	0	0	
	6011075	5002	75	6011001	 武器 - 灰裝	60	2850	2850	0	0	75	75	75	75	75	0	75	825	0	0	0	0	0	0	0	0	0	
	6011076	5002	76	6011001	 武器 - 灰裝	60	2888	2888	0	0	76	76	76	76	76	0	76	836	0	0	0	0	0	0	0	0	0	
	6011077	5002	77	6011001	 武器 - 灰裝	60	2926	2926	0	0	77	77	77	77	77	0	77	847	0	0	0	0	0	0	0	0	0	
	6011078	5002	78	6011001	 武器 - 灰裝	60	2964	2964	0	0	78	78	78	78	78	0	78	858	0	0	0	0	0	0	0	0	0	
	6011079	5002	79	6011001	 武器 - 灰裝	60	3002	3002	0	0	79	79	79	79	79	0	79	869	0	0	0	0	0	0	0	0	0	
	6011080	5002	80	6011001	 武器 - 灰裝	60	3040	3040	0	0	80	80	80	80	80	0	80	880	0	0	0	0	0	0	0	0	0	
	6011081	5002	81	6011001	 武器 - 灰裝	60	3078	3078	0	0	81	81	81	81	81	0	81	891	0	0	0	0	0	0	0	0	0	
	6011082	5002	82	6011001	 武器 - 灰裝	60	3116	3116	0	0	82	82	82	82	82	0	82	902	0	0	0	0	0	0	0	0	0	
	6011083	5002	83	6011001	 武器 - 灰裝	60	3154	3154	0	0	83	83	83	83	83	0	83	913	0	0	0	0	0	0	0	0	0	
	6011084	5002	84	6011001	 武器 - 灰裝	60	3192	3192	0	0	84	84	84	84	84	0	84	924	0	0	0	0	0	0	0	0	0	
	6011085	5002	85	6011001	 武器 - 灰裝	60	3230	3230	0	0	85	85	85	85	85	0	85	935	0	0	0	0	0	0	0	0	0	
	6011086	5002	86	6011001	 武器 - 灰裝	60	3268	3268	0	0	86	86	86	86	86	0	86	946	0	0	0	0	0	0	0	0	0	
	6011087	5002	87	6011001	 武器 - 灰裝	60	3306	3306	0	0	87	87	87	87	87	0	87	957	0	0	0	0	0	0	0	0	0	
	6011088	5002	88	6011001	 武器 - 灰裝	60	3344	3344	0	0	88	88	88	88	88	0	88	968	0	0	0	0	0	0	0	0	0	
	6011089	5002	89	6011001	 武器 - 灰裝	60	3382	3382	0	0	89	89	89	89	89	0	89	979	0	0	0	0	0	0	0	0	0	
	6011090	5002	90	6011001	 武器 - 灰裝	60	3420	3420	0	0	90	90	90	90	90	0	90	990	0	0	0	0	0	0	0	0	0	
	6011091	5002	91	6011001	 武器 - 灰裝	60	3458	3458	0	0	91	91	91	91	91	0	91	1001	0	0	0	0	0	0	0	0	0	
	6011092	5002	92	6011001	 武器 - 灰裝	60	3496	3496	0	0	92	92	92	92	92	0	92	1012	0	0	0	0	0	0	0	0	0	
	6011093	5002	93	6011001	 武器 - 灰裝	60	3534	3534	0	0	93	93	93	93	93	0	93	1023	0	0	0	0	0	0	0	0	0	
	6011094	5002	94	6011001	 武器 - 灰裝	60	3572	3572	0	0	94	94	94	94	94	0	94	1034	0	0	0	0	0	0	0	0	0	
	6011095	5002	95	6011001	 武器 - 灰裝	60	3610	3610	0	0	95	95	95	95	95	0	95	1045	0	0	0	0	0	0	0	0	0	
	6011096	5002	96	6011001	 武器 - 灰裝	60	3648	3648	0	0	96	96	96	96	96	0	96	1056	0	0	0	0	0	0	0	0	0	
	6011097	5002	97	6011001	 武器 - 灰裝	60	3686	3686	0	0	97	97	97	97	97	0	97	1067	0	0	0	0	0	0	0	0	0	
	6011098	5002	98	6011001	 武器 - 灰裝	60	3724	3724	0	0	98	98	98	98	98	0	98	1078	0	0	0	0	0	0	0	0	0	
	6011099	5002	99	6011001	 武器 - 灰裝	60	3762	3762	0	0	99	99	99	99	99	0	99	1089	0	0	0	0	0	0	0	0	0	
	6011100	5002	100	6011001	 武器 - 灰裝	60	3800	3800	0	0	100	100	100	100	100	0	100	1100	0	0	0	0	0	0	0	0	0	
	6011101	5002	101	6011001	 武器 - 灰裝	60	3838	3838	0	0	101	101	101	101	101	0	101	1111	0	0	0	0	0	0	0	0	0	
	6011102	5002	102	6011001	 武器 - 灰裝	60	3876	3876	0	0	102	102	102	102	102	0	102	1122	0	0	0	0	0	0	0	0	0	
	6011103	5002	103	6011001	 武器 - 灰裝	60	3914	3914	0	0	103	103	103	103	103	0	103	1133	0	0	0	0	0	0	0	0	0	
	6011104	5002	104	6011001	 武器 - 灰裝	60	3952	3952	0	0	104	104	104	104	104	0	104	1144	0	0	0	0	0	0	0	0	0	
	6011105	5002	105	6011001	 武器 - 灰裝	60	3990	3990	0	0	105	105	105	105	105	0	105	1155	0	0	0	0	0	0	0	0	0	
	6011106	5002	106	6011001	 武器 - 灰裝	60	4028	4028	0	0	106	106	106	106	106	0	106	1166	0	0	0	0	0	0	0	0	0	
	6011107	5002	107	6011001	 武器 - 灰裝	60	4066	4066	0	0	107	107	107	107	107	0	107	1177	0	0	0	0	0	0	0	0	0	
	6011108	5002	108	6011001	 武器 - 灰裝	60	4104	4104	0	0	108	108	108	108	108	0	108	1188	0	0	0	0	0	0	0	0	0	
# 武器 - 白裝（非商店貨）																												
	6012001	5002	1	6012001	 武器 - 白裝	60	45	45	0	0	1	1	1	1	1	0	1	11	0	0	0	0	0	0	0	0	0	
	6012002	5002	2	6012001	 武器 - 白裝	60	90	90	0	0	2	2	2	2	2	0	2	22	0	0	0	0	0	0	0	0	0	
	6012003	5002	3	6012001	 武器 - 白裝	60	135	135	0	0	3	3	3	3	3	0	3	33	0	0	0	0	0	0	0	0	0	
	6012004	5002	4	6012001	 武器 - 白裝	60	180	180	0	0	4	4	4	4	4	0	4	44	0	0	0	0	0	0	0	0	0	
	6012005	5002	5	6012001	 武器 - 白裝	60	225	225	0	0	5	5	5	5	5	0	5	55	0	0	0	0	0	0	0	0	0	
	6012006	5002	6	6012001	 武器 - 白裝	60	270	270	0	0	6	6	6	6	6	0	6	66	0	0	0	0	0	0	0	0	0	
	6012007	5002	7	6012001	 武器 - 白裝	60	315	315	0	0	7	7	7	7	7	0	7	77	0	0	0	0	0	0	0	0	0	
	6012008	5002	8	6012001	 武器 - 白裝	60	360	360	0	0	8	8	8	8	8	0	8	88	0	0	0	0	0	0	0	0	0	
	6012009	5002	9	6012001	 武器 - 白裝	60	405	405	0	0	9	9	9	9	9	0	9	99	0	0	0	0	0	0	0	0	0	
	6012010	5002	10	6012001	 武器 - 白裝	60	450	450	0	0	10	10	10	10	10	0	10	110	0	0	0	0	0	0	0	0	0	
	6012011	5002	11	6012001	 武器 - 白裝	60	495	495	0	0	11	11	11	11	11	0	11	121	0	0	0	0	0	0	0	0	0	
	6012012	5002	12	6012001	 武器 - 白裝	60	540	540	0	0	12	12	12	12	12	0	12	132	0	0	0	0	0	0	0	0	0	
	6012013	5002	13	6012001	 武器 - 白裝	60	585	585	0	0	13	13	13	13	13	0	13	143	0	0	0	0	0	0	0	0	0	
	6012014	5002	14	6012001	 武器 - 白裝	60	630	630	0	0	14	14	14	14	14	0	14	154	0	0	0	0	0	0	0	0	0	
	6012015	5002	15	6012001	 武器 - 白裝	60	675	675	0	0	15	15	15	15	15	0	15	165	0	0	0	0	0	0	0	0	0	
	6012016	5002	16	6012001	 武器 - 白裝	60	720	720	0	0	16	16	16	16	16	0	16	176	0	0	0	0	0	0	0	0	0	
	6012017	5002	17	6012001	 武器 - 白裝	60	765	765	0	0	17	17	17	17	17	0	17	187	0	0	0	0	0	0	0	0	0	
	6012018	5002	18	6012001	 武器 - 白裝	60	810	810	0	0	18	18	18	18	18	0	18	198	0	0	0	0	0	0	0	0	0	
	6012019	5002	19	6012001	 武器 - 白裝	60	855	855	0	0	19	19	19	19	19	0	19	209	0	0	0	0	0	0	0	0	0	
	6012020	5002	20	6012001	 武器 - 白裝	60	900	900	0	0	20	20	20	20	20	0	20	220	0	0	0	0	0	0	0	0	0	
	6012021	5002	21	6012001	 武器 - 白裝	60	945	945	0	0	21	21	21	21	21	0	21	231	0	0	0	0	0	0	0	0	0	
	6012022	5002	22	6012001	 武器 - 白裝	60	990	990	0	0	22	22	22	22	22	0	22	242	0	0	0	0	0	0	0	0	0	
	6012023	5002	23	6012001	 武器 - 白裝	60	1035	1035	0	0	23	23	23	23	23	0	23	253	0	0	0	0	0	0	0	0	0	
	6012024	5002	24	6012001	 武器 - 白裝	60	1080	1080	0	0	24	24	24	24	24	0	24	264	0	0	0	0	0	0	0	0	0	
	6012025	5002	25	6012001	 武器 - 白裝	60	1125	1125	0	0	25	25	25	25	25	0	25	275	0	0	0	0	0	0	0	0	0	
	6012026	5002	26	6012001	 武器 - 白裝	60	1170	1170	0	0	26	26	26	26	26	0	26	286	0	0	0	0	0	0	0	0	0	
	6012027	5002	27	6012001	 武器 - 白裝	60	1215	1215	0	0	27	27	27	27	27	0	27	297	0	0	0	0	0	0	0	0	0	
	6012028	5002	28	6012001	 武器 - 白裝	60	1260	1260	0	0	28	28	28	28	28	0	28	308	0	0	0	0	0	0	0	0	0	
	6012029	5002	29	6012001	 武器 - 白裝	60	1305	1305	0	0	29	29	29	29	29	0	29	319	0	0	0	0	0	0	0	0	0	
	6012030	5002	30	6012001	 武器 - 白裝	60	1350	1350	0	0	30	30	30	30	30	0	30	330	0	0	0	0	0	0	0	0	0	
	6012031	5002	31	6012001	 武器 - 白裝	60	1395	1395	0	0	31	31	31	31	31	0	31	341	0	0	0	0	0	0	0	0	0	
	6012032	5002	32	6012001	 武器 - 白裝	60	1440	1440	0	0	32	32	32	32	32	0	32	352	0	0	0	0	0	0	0	0	0	
	6012033	5002	33	6012001	 武器 - 白裝	60	1485	1485	0	0	33	33	33	33	33	0	33	363	0	0	0	0	0	0	0	0	0	
	6012034	5002	34	6012001	 武器 - 白裝	60	1530	1530	0	0	34	34	34	34	34	0	34	374	0	0	0	0	0	0	0	0	0	
	6012035	5002	35	6012001	 武器 - 白裝	60	1575	1575	0	0	35	35	35	35	35	0	35	385	0	0	0	0	0	0	0	0	0	
	6012036	5002	36	6012001	 武器 - 白裝	60	1620	1620	0	0	36	36	36	36	36	0	36	396	0	0	0	0	0	0	0	0	0	
	6012037	5002	37	6012001	 武器 - 白裝	60	1665	1665	0	0	37	37	37	37	37	0	37	407	0	0	0	0	0	0	0	0	0	
	6012038	5002	38	6012001	 武器 - 白裝	60	1710	1710	0	0	38	38	38	38	38	0	38	418	0	0	0	0	0	0	0	0	0	
	6012039	5002	39	6012001	 武器 - 白裝	60	1755	1755	0	0	39	39	39	39	39	0	39	429	0	0	0	0	0	0	0	0	0	
	6012040	5002	40	6012001	 武器 - 白裝	60	1800	1800	0	0	40	40	40	40	40	0	40	440	0	0	0	0	0	0	0	0	0	
	6012041	5002	41	6012001	 武器 - 白裝	60	1845	1845	0	0	41	41	41	41	41	0	41	451	0	0	0	0	0	0	0	0	0	
	6012042	5002	42	6012001	 武器 - 白裝	60	1890	1890	0	0	42	42	42	42	42	0	42	462	0	0	0	0	0	0	0	0	0	
	6012043	5002	43	6012001	 武器 - 白裝	60	1935	1935	0	0	43	43	43	43	43	0	43	473	0	0	0	0	0	0	0	0	0	
	6012044	5002	44	6012001	 武器 - 白裝	60	1980	1980	0	0	44	44	44	44	44	0	44	484	0	0	0	0	0	0	0	0	0	
	6012045	5002	45	6012001	 武器 - 白裝	60	2025	2025	0	0	45	45	45	45	45	0	45	495	0	0	0	0	0	0	0	0	0	
	6012046	5002	46	6012001	 武器 - 白裝	60	2070	2070	0	0	46	46	46	46	46	0	46	506	0	0	0	0	0	0	0	0	0	
	6012047	5002	47	6012001	 武器 - 白裝	60	2115	2115	0	0	47	47	47	47	47	0	47	517	0	0	0	0	0	0	0	0	0	
	6012048	5002	48	6012001	 武器 - 白裝	60	2160	2160	0	0	48	48	48	48	48	0	48	528	0	0	0	0	0	0	0	0	0	
	6012049	5002	49	6012001	 武器 - 白裝	60	2205	2205	0	0	49	49	49	49	49	0	49	539	0	0	0	0	0	0	0	0	0	
	6012050	5002	50	6012001	 武器 - 白裝	60	2250	2250	0	0	50	50	50	50	50	0	50	550	0	0	0	0	0	0	0	0	0	
	6012051	5002	51	6012001	 武器 - 白裝	60	2295	2295	0	0	51	51	51	51	51	0	51	561	0	0	0	0	0	0	0	0	0	
	6012052	5002	52	6012001	 武器 - 白裝	60	2340	2340	0	0	52	52	52	52	52	0	52	572	0	0	0	0	0	0	0	0	0	
	6012053	5002	53	6012001	 武器 - 白裝	60	2385	2385	0	0	53	53	53	53	53	0	53	583	0	0	0	0	0	0	0	0	0	
	6012054	5002	54	6012001	 武器 - 白裝	60	2430	2430	0	0	54	54	54	54	54	0	54	594	0	0	0	0	0	0	0	0	0	
	6012055	5002	55	6012001	 武器 - 白裝	60	2475	2475	0	0	55	55	55	55	55	0	55	605	0	0	0	0	0	0	0	0	0	
	6012056	5002	56	6012001	 武器 - 白裝	60	2520	2520	0	0	56	56	56	56	56	0	56	616	0	0	0	0	0	0	0	0	0	
	6012057	5002	57	6012001	 武器 - 白裝	60	2565	2565	0	0	57	57	57	57	57	0	57	627	0	0	0	0	0	0	0	0	0	
	6012058	5002	58	6012001	 武器 - 白裝	60	2610	2610	0	0	58	58	58	58	58	0	58	638	0	0	0	0	0	0	0	0	0	
	6012059	5002	59	6012001	 武器 - 白裝	60	2655	2655	0	0	59	59	59	59	59	0	59	649	0	0	0	0	0	0	0	0	0	
	6012060	5002	60	6012001	 武器 - 白裝	60	2700	2700	0	0	60	60	60	60	60	0	60	660	0	0	0	0	0	0	0	0	0	
	6012061	5002	61	6012001	 武器 - 白裝	60	2745	2745	0	0	61	61	61	61	61	0	61	671	0	0	0	0	0	0	0	0	0	
	6012062	5002	62	6012001	 武器 - 白裝	60	2790	2790	0	0	62	62	62	62	62	0	62	682	0	0	0	0	0	0	0	0	0	
	6012063	5002	63	6012001	 武器 - 白裝	60	2835	2835	0	0	63	63	63	63	63	0	63	693	0	0	0	0	0	0	0	0	0	
	6012064	5002	64	6012001	 武器 - 白裝	60	2880	2880	0	0	64	64	64	64	64	0	64	704	0	0	0	0	0	0	0	0	0	
	6012065	5002	65	6012001	 武器 - 白裝	60	2925	2925	0	0	65	65	65	65	65	0	65	715	0	0	0	0	0	0	0	0	0	
	6012066	5002	66	6012001	 武器 - 白裝	60	2970	2970	0	0	66	66	66	66	66	0	66	726	0	0	0	0	0	0	0	0	0	
	6012067	5002	67	6012001	 武器 - 白裝	60	3015	3015	0	0	67	67	67	67	67	0	67	737	0	0	0	0	0	0	0	0	0	
	6012068	5002	68	6012001	 武器 - 白裝	60	3060	3060	0	0	68	68	68	68	68	0	68	748	0	0	0	0	0	0	0	0	0	
	6012069	5002	69	6012001	 武器 - 白裝	60	3105	3105	0	0	69	69	69	69	69	0	69	759	0	0	0	0	0	0	0	0	0	
	6012070	5002	70	6012001	 武器 - 白裝	60	3150	3150	0	0	70	70	70	70	70	0	70	770	0	0	0	0	0	0	0	0	0	
	6012071	5002	71	6012001	 武器 - 白裝	60	3195	3195	0	0	71	71	71	71	71	0	71	781	0	0	0	0	0	0	0	0	0	
	6012072	5002	72	6012001	 武器 - 白裝	60	3240	3240	0	0	72	72	72	72	72	0	72	792	0	0	0	0	0	0	0	0	0	
	6012073	5002	73	6012001	 武器 - 白裝	60	3285	3285	0	0	73	73	73	73	73	0	73	803	0	0	0	0	0	0	0	0	0	
	6012074	5002	74	6012001	 武器 - 白裝	60	3330	3330	0	0	74	74	74	74	74	0	74	814	0	0	0	0	0	0	0	0	0	
	6012075	5002	75	6012001	 武器 - 白裝	60	3375	3375	0	0	75	75	75	75	75	0	75	825	0	0	0	0	0	0	0	0	0	
	6012076	5002	76	6012001	 武器 - 白裝	60	3420	3420	0	0	76	76	76	76	76	0	76	836	0	0	0	0	0	0	0	0	0	
	6012077	5002	77	6012001	 武器 - 白裝	60	3465	3465	0	0	77	77	77	77	77	0	77	847	0	0	0	0	0	0	0	0	0	
	6012078	5002	78	6012001	 武器 - 白裝	60	3510	3510	0	0	78	78	78	78	78	0	78	858	0	0	0	0	0	0	0	0	0	
	6012079	5002	79	6012001	 武器 - 白裝	60	3555	3555	0	0	79	79	79	79	79	0	79	869	0	0	0	0	0	0	0	0	0	
	6012080	5002	80	6012001	 武器 - 白裝	60	3600	3600	0	0	80	80	80	80	80	0	80	880	0	0	0	0	0	0	0	0	0	
	6012081	5002	81	6012001	 武器 - 白裝	60	3645	3645	0	0	81	81	81	81	81	0	81	891	0	0	0	0	0	0	0	0	0	
	6012082	5002	82	6012001	 武器 - 白裝	60	3690	3690	0	0	82	82	82	82	82	0	82	902	0	0	0	0	0	0	0	0	0	
	6012083	5002	83	6012001	 武器 - 白裝	60	3735	3735	0	0	83	83	83	83	83	0	83	913	0	0	0	0	0	0	0	0	0	
	6012084	5002	84	6012001	 武器 - 白裝	60	3780	3780	0	0	84	84	84	84	84	0	84	924	0	0	0	0	0	0	0	0	0	
	6012085	5002	85	6012001	 武器 - 白裝	60	3825	3825	0	0	85	85	85	85	85	0	85	935	0	0	0	0	0	0	0	0	0	
	6012086	5002	86	6012001	 武器 - 白裝	60	3870	3870	0	0	86	86	86	86	86	0	86	946	0	0	0	0	0	0	0	0	0	
	6012087	5002	87	6012001	 武器 - 白裝	60	3915	3915	0	0	87	87	87	87	87	0	87	957	0	0	0	0	0	0	0	0	0	
	6012088	5002	88	6012001	 武器 - 白裝	60	3960	3960	0	0	88	88	88	88	88	0	88	968	0	0	0	0	0	0	0	0	0	
	6012089	5002	89	6012001	 武器 - 白裝	60	4005	4005	0	0	89	89	89	89	89	0	89	979	0	0	0	0	0	0	0	0	0	
	6012090	5002	90	6012001	 武器 - 白裝	60	4050	4050	0	0	90	90	90	90	90	0	90	990	0	0	0	0	0	0	0	0	0	
	6012091	5002	91	6012001	 武器 - 白裝	60	4095	4095	0	0	91	91	91	91	91	0	91	1001	0	0	0	0	0	0	0	0	0	
	6012092	5002	92	6012001	 武器 - 白裝	60	4140	4140	0	0	92	92	92	92	92	0	92	1012	0	0	0	0	0	0	0	0	0	
	6012093	5002	93	6012001	 武器 - 白裝	60	4185	4185	0	0	93	93	93	93	93	0	93	1023	0	0	0	0	0	0	0	0	0	
	6012094	5002	94	6012001	 武器 - 白裝	60	4230	4230	0	0	94	94	94	94	94	0	94	1034	0	0	0	0	0	0	0	0	0	
	6012095	5002	95	6012001	 武器 - 白裝	60	4275	4275	0	0	95	95	95	95	95	0	95	1045	0	0	0	0	0	0	0	0	0	
	6012096	5002	96	6012001	 武器 - 白裝	60	4320	4320	0	0	96	96	96	96	96	0	96	1056	0	0	0	0	0	0	0	0	0	
	6012097	5002	97	6012001	 武器 - 白裝	60	4365	4365	0	0	97	97	97	97	97	0	97	1067	0	0	0	0	0	0	0	0	0	
	6012098	5002	98	6012001	 武器 - 白裝	60	4410	4410	0	0	98	98	98	98	98	0	98	1078	0	0	0	0	0	0	0	0	0	
	6012099	5002	99	6012001	 武器 - 白裝	60	4455	4455	0	0	99	99	99	99	99	0	99	1089	0	0	0	0	0	0	0	0	0	
	6012100	5002	100	6012001	 武器 - 白裝	60	4500	4500	0	0	100	100	100	100	100	0	100	1100	0	0	0	0	0	0	0	0	0	
	6012101	5002	101	6012001	 武器 - 白裝	60	4545	4545	0	0	101	101	101	101	101	0	101	1111	0	0	0	0	0	0	0	0	0	
	6012102	5002	102	6012001	 武器 - 白裝	60	4590	4590	0	0	102	102	102	102	102	0	102	1122	0	0	0	0	0	0	0	0	0	
	6012103	5002	103	6012001	 武器 - 白裝	60	4635	4635	0	0	103	103	103	103	103	0	103	1133	0	0	0	0	0	0	0	0	0	
	6012104	5002	104	6012001	 武器 - 白裝	60	4680	4680	0	0	104	104	104	104	104	0	104	1144	0	0	0	0	0	0	0	0	0	
	6012105	5002	105	6012001	 武器 - 白裝	60	4725	4725	0	0	105	105	105	105	105	0	105	1155	0	0	0	0	0	0	0	0	0	
	6012106	5002	106	6012001	 武器 - 白裝	60	4770	4770	0	0	106	106	106	106	106	0	106	1166	0	0	0	0	0	0	0	0	0	
	6012107	5002	107	6012001	 武器 - 白裝	60	4815	4815	0	0	107	107	107	107	107	0	107	1177	0	0	0	0	0	0	0	0	0	
	6012108	5002	108	6012001	 武器 - 白裝	60	4860	4860	0	0	108	108	108	108	108	0	108	1188	0	0	0	0	0	0	0	0	0	
# 武器 - 綠裝																												
	6013001	5002	1	6013001	 武器 - 綠裝	60	51	51	1	1	1	1	1	1	1	0	1	11	0	0	0	0	0	0	0	0	0	
	6013002	5002	2	6013001	 武器 - 綠裝	60	102	102	2	2	2	2	2	2	2	0	2	22	0	0	0	0	0	0	0	0	0	
	6013003	5002	3	6013001	 武器 - 綠裝	60	153	153	3	3	3	3	3	3	3	0	3	33	0	0	0	0	0	0	0	0	0	
	6013004	5002	4	6013001	 武器 - 綠裝	60	204	204	4	4	4	4	4	4	4	0	4	44	0	0	0	0	0	0	0	0	0	
	6013005	5002	5	6013001	 武器 - 綠裝	60	255	255	5	5	5	5	5	5	5	0	5	55	0	0	0	0	0	0	0	0	0	
	6013006	5002	6	6013001	 武器 - 綠裝	60	306	306	6	6	6	6	6	6	6	0	6	66	0	0	0	0	0	0	0	0	0	
	6013007	5002	7	6013001	 武器 - 綠裝	60	357	357	7	7	7	7	7	7	7	0	7	77	0	0	0	0	0	0	0	0	0	
	6013008	5002	8	6013001	 武器 - 綠裝	60	408	408	8	8	8	8	8	8	8	0	8	88	0	0	0	0	0	0	0	0	0	
	6013009	5002	9	6013001	 武器 - 綠裝	60	459	459	9	9	9	9	9	9	9	0	9	99	0	0	0	0	0	0	0	0	0	
	6013010	5002	10	6013001	 武器 - 綠裝	60	510	510	10	10	10	10	10	10	10	0	10	110	0	0	0	0	0	0	0	0	0	
	6013011	5002	11	6013001	 武器 - 綠裝	60	561	561	11	11	11	11	11	11	11	0	11	121	0	0	0	0	0	0	0	0	0	
	6013012	5002	12	6013001	 武器 - 綠裝	60	612	612	12	12	12	12	12	12	12	0	12	132	0	0	0	0	0	0	0	0	0	
	6013013	5002	13	6013001	 武器 - 綠裝	60	663	663	13	13	13	13	13	13	13	0	13	143	0	0	0	0	0	0	0	0	0	
	6013014	5002	14	6013001	 武器 - 綠裝	60	714	714	14	14	14	14	14	14	14	0	14	154	0	0	0	0	0	0	0	0	0	
	6013015	5002	15	6013001	 武器 - 綠裝	60	765	765	15	15	15	15	15	15	15	0	15	165	0	0	0	0	0	0	0	0	0	
	6013016	5002	16	6013001	 武器 - 綠裝	60	816	816	16	16	16	16	16	16	16	0	16	176	0	0	0	0	0	0	0	0	0	
	6013017	5002	17	6013001	 武器 - 綠裝	60	867	867	17	17	17	17	17	17	17	0	17	187	0	0	0	0	0	0	0	0	0	
	6013018	5002	18	6013001	 武器 - 綠裝	60	918	918	18	18	18	18	18	18	18	0	18	198	0	0	0	0	0	0	0	0	0	
	6013019	5002	19	6013001	 武器 - 綠裝	60	969	969	19	19	19	19	19	19	19	0	19	209	0	0	0	0	0	0	0	0	0	
	6013020	5002	20	6013001	 武器 - 綠裝	60	1020	1020	20	20	20	20	20	20	20	0	20	220	0	0	0	0	0	0	0	0	0	
	6013021	5002	21	6013001	 武器 - 綠裝	60	1071	1071	21	21	21	21	21	21	21	0	21	231	0	0	0	0	0	0	0	0	0	
	6013022	5002	22	6013001	 武器 - 綠裝	60	1122	1122	22	22	22	22	22	22	22	0	22	242	0	0	0	0	0	0	0	0	0	
	6013023	5002	23	6013001	 武器 - 綠裝	60	1173	1173	23	23	23	23	23	23	23	0	23	253	0	0	0	0	0	0	0	0	0	
	6013024	5002	24	6013001	 武器 - 綠裝	60	1224	1224	24	24	24	24	24	24	24	0	24	264	0	0	0	0	0	0	0	0	0	
	6013025	5002	25	6013001	 武器 - 綠裝	60	1275	1275	25	25	25	25	25	25	25	0	25	275	0	0	0	0	0	0	0	0	0	
	6013026	5002	26	6013001	 武器 - 綠裝	60	1326	1326	26	26	26	26	26	26	26	0	26	286	0	0	0	0	0	0	0	0	0	
	6013027	5002	27	6013001	 武器 - 綠裝	60	1377	1377	27	27	27	27	27	27	27	0	27	297	0	0	0	0	0	0	0	0	0	
	6013028	5002	28	6013001	 武器 - 綠裝	60	1428	1428	28	28	28	28	28	28	28	0	28	308	0	0	0	0	0	0	0	0	0	
	6013029	5002	29	6013001	 武器 - 綠裝	60	1479	1479	29	29	29	29	29	29	29	0	29	319	0	0	0	0	0	0	0	0	0	
	6013030	5002	30	6013001	 武器 - 綠裝	60	1530	1530	30	30	30	30	30	30	30	0	30	330	0	0	0	0	0	0	0	0	0	
	6013031	5002	31	6013001	 武器 - 綠裝	60	1581	1581	31	31	31	31	31	31	31	0	31	341	0	0	0	0	0	0	0	0	0	
	6013032	5002	32	6013001	 武器 - 綠裝	60	1632	1632	32	32	32	32	32	32	32	0	32	352	0	0	0	0	0	0	0	0	0	
	6013033	5002	33	6013001	 武器 - 綠裝	60	1683	1683	33	33	33	33	33	33	33	0	33	363	0	0	0	0	0	0	0	0	0	
	6013034	5002	34	6013001	 武器 - 綠裝	60	1734	1734	34	34	34	34	34	34	34	0	34	374	0	0	0	0	0	0	0	0	0	
	6013035	5002	35	6013001	 武器 - 綠裝	60	1785	1785	35	35	35	35	35	35	35	0	35	385	0	0	0	0	0	0	0	0	0	
	6013036	5002	36	6013001	 武器 - 綠裝	60	1836	1836	36	36	36	36	36	36	36	0	36	396	0	0	0	0	0	0	0	0	0	
	6013037	5002	37	6013001	 武器 - 綠裝	60	1887	1887	37	37	37	37	37	37	37	0	37	407	0	0	0	0	0	0	0	0	0	
	6013038	5002	38	6013001	 武器 - 綠裝	60	1938	1938	38	38	38	38	38	38	38	0	38	418	0	0	0	0	0	0	0	0	0	
	6013039	5002	39	6013001	 武器 - 綠裝	60	1989	1989	39	39	39	39	39	39	39	0	39	429	0	0	0	0	0	0	0	0	0	
	6013040	5002	40	6013001	 武器 - 綠裝	60	2040	2040	40	40	40	40	40	40	40	0	40	440	0	0	0	0	0	0	0	0	0	
	6013041	5002	41	6013001	 武器 - 綠裝	60	2091	2091	41	41	41	41	41	41	41	0	41	451	0	0	0	0	0	0	0	0	0	
	6013042	5002	42	6013001	 武器 - 綠裝	60	2142	2142	42	42	42	42	42	42	42	0	42	462	0	0	0	0	0	0	0	0	0	
	6013043	5002	43	6013001	 武器 - 綠裝	60	2193	2193	43	43	43	43	43	43	43	0	43	473	0	0	0	0	0	0	0	0	0	
	6013044	5002	44	6013001	 武器 - 綠裝	60	2244	2244	44	44	44	44	44	44	44	0	44	484	0	0	0	0	0	0	0	0	0	
	6013045	5002	45	6013001	 武器 - 綠裝	60	2295	2295	45	45	45	45	45	45	45	0	45	495	0	0	0	0	0	0	0	0	0	
	6013046	5002	46	6013001	 武器 - 綠裝	60	2346	2346	46	46	46	46	46	46	46	0	46	506	0	0	0	0	0	0	0	0	0	
	6013047	5002	47	6013001	 武器 - 綠裝	60	2397	2397	47	47	47	47	47	47	47	0	47	517	0	0	0	0	0	0	0	0	0	
	6013048	5002	48	6013001	 武器 - 綠裝	60	2448	2448	48	48	48	48	48	48	48	0	48	528	0	0	0	0	0	0	0	0	0	
	6013049	5002	49	6013001	 武器 - 綠裝	60	2499	2499	49	49	49	49	49	49	49	0	49	539	0	0	0	0	0	0	0	0	0	
	6013050	5002	50	6013001	 武器 - 綠裝	60	2550	2550	50	50	50	50	50	50	50	0	50	550	0	0	0	0	0	0	0	0	0	
	6013051	5002	51	6013001	 武器 - 綠裝	60	2601	2601	51	51	51	51	51	51	51	0	51	561	0	0	0	0	0	0	0	0	0	
	6013052	5002	52	6013001	 武器 - 綠裝	60	2652	2652	52	52	52	52	52	52	52	0	52	572	0	0	0	0	0	0	0	0	0	
	6013053	5002	53	6013001	 武器 - 綠裝	60	2703	2703	53	53	53	53	53	53	53	0	53	583	0	0	0	0	0	0	0	0	0	
	6013054	5002	54	6013001	 武器 - 綠裝	60	2754	2754	54	54	54	54	54	54	54	0	54	594	0	0	0	0	0	0	0	0	0	
	6013055	5002	55	6013001	 武器 - 綠裝	60	2805	2805	55	55	55	55	55	55	55	0	55	605	0	0	0	0	0	0	0	0	0	
	6013056	5002	56	6013001	 武器 - 綠裝	60	2856	2856	56	56	56	56	56	56	56	0	56	616	0	0	0	0	0	0	0	0	0	
	6013057	5002	57	6013001	 武器 - 綠裝	60	2907	2907	57	57	57	57	57	57	57	0	57	627	0	0	0	0	0	0	0	0	0	
	6013058	5002	58	6013001	 武器 - 綠裝	60	2958	2958	58	58	58	58	58	58	58	0	58	638	0	0	0	0	0	0	0	0	0	
	6013059	5002	59	6013001	 武器 - 綠裝	60	3009	3009	59	59	59	59	59	59	59	0	59	649	0	0	0	0	0	0	0	0	0	
	6013060	5002	60	6013001	 武器 - 綠裝	60	3060	3060	60	60	60	60	60	60	60	0	60	660	0	0	0	0	0	0	0	0	0	
	6013061	5002	61	6013001	 武器 - 綠裝	60	3111	3111	61	61	61	61	61	61	61	0	61	671	0	0	0	0	0	0	0	0	0	
	6013062	5002	62	6013001	 武器 - 綠裝	60	3162	3162	62	62	62	62	62	62	62	0	62	682	0	0	0	0	0	0	0	0	0	
	6013063	5002	63	6013001	 武器 - 綠裝	60	3213	3213	63	63	63	63	63	63	63	0	63	693	0	0	0	0	0	0	0	0	0	
	6013064	5002	64	6013001	 武器 - 綠裝	60	3264	3264	64	64	64	64	64	64	64	0	64	704	0	0	0	0	0	0	0	0	0	
	6013065	5002	65	6013001	 武器 - 綠裝	60	3315	3315	65	65	65	65	65	65	65	0	65	715	0	0	0	0	0	0	0	0	0	
	6013066	5002	66	6013001	 武器 - 綠裝	60	3366	3366	66	66	66	66	66	66	66	0	66	726	0	0	0	0	0	0	0	0	0	
	6013067	5002	67	6013001	 武器 - 綠裝	60	3417	3417	67	67	67	67	67	67	67	0	67	737	0	0	0	0	0	0	0	0	0	
	6013068	5002	68	6013001	 武器 - 綠裝	60	3468	3468	68	68	68	68	68	68	68	0	68	748	0	0	0	0	0	0	0	0	0	
	6013069	5002	69	6013001	 武器 - 綠裝	60	3519	3519	69	69	69	69	69	69	69	0	69	759	0	0	0	0	0	0	0	0	0	
	6013070	5002	70	6013001	 武器 - 綠裝	60	3570	3570	70	70	70	70	70	70	70	0	70	770	0	0	0	0	0	0	0	0	0	
	6013071	5002	71	6013001	 武器 - 綠裝	60	3621	3621	71	71	71	71	71	71	71	0	71	781	0	0	0	0	0	0	0	0	0	
	6013072	5002	72	6013001	 武器 - 綠裝	60	3672	3672	72	72	72	72	72	72	72	0	72	792	0	0	0	0	0	0	0	0	0	
	6013073	5002	73	6013001	 武器 - 綠裝	60	3723	3723	73	73	73	73	73	73	73	0	73	803	0	0	0	0	0	0	0	0	0	
	6013074	5002	74	6013001	 武器 - 綠裝	60	3774	3774	74	74	74	74	74	74	74	0	74	814	0	0	0	0	0	0	0	0	0	
	6013075	5002	75	6013001	 武器 - 綠裝	60	3825	3825	75	75	75	75	75	75	75	0	75	825	0	0	0	0	0	0	0	0	0	
	6013076	5002	76	6013001	 武器 - 綠裝	60	3876	3876	76	76	76	76	76	76	76	0	76	836	0	0	0	0	0	0	0	0	0	
	6013077	5002	77	6013001	 武器 - 綠裝	60	3927	3927	77	77	77	77	77	77	77	0	77	847	0	0	0	0	0	0	0	0	0	
	6013078	5002	78	6013001	 武器 - 綠裝	60	3978	3978	78	78	78	78	78	78	78	0	78	858	0	0	0	0	0	0	0	0	0	
	6013079	5002	79	6013001	 武器 - 綠裝	60	4029	4029	79	79	79	79	79	79	79	0	79	869	0	0	0	0	0	0	0	0	0	
	6013080	5002	80	6013001	 武器 - 綠裝	60	4080	4080	80	80	80	80	80	80	80	0	80	880	0	0	0	0	0	0	0	0	0	
	6013081	5002	81	6013001	 武器 - 綠裝	60	4131	4131	81	81	81	81	81	81	81	0	81	891	0	0	0	0	0	0	0	0	0	
	6013082	5002	82	6013001	 武器 - 綠裝	60	4182	4182	82	82	82	82	82	82	82	0	82	902	0	0	0	0	0	0	0	0	0	
	6013083	5002	83	6013001	 武器 - 綠裝	60	4233	4233	83	83	83	83	83	83	83	0	83	913	0	0	0	0	0	0	0	0	0	
	6013084	5002	84	6013001	 武器 - 綠裝	60	4284	4284	84	84	84	84	84	84	84	0	84	924	0	0	0	0	0	0	0	0	0	
	6013085	5002	85	6013001	 武器 - 綠裝	60	4335	4335	85	85	85	85	85	85	85	0	85	935	0	0	0	0	0	0	0	0	0	
	6013086	5002	86	6013001	 武器 - 綠裝	60	4386	4386	86	86	86	86	86	86	86	0	86	946	0	0	0	0	0	0	0	0	0	
	6013087	5002	87	6013001	 武器 - 綠裝	60	4437	4437	87	87	87	87	87	87	87	0	87	957	0	0	0	0	0	0	0	0	0	
	6013088	5002	88	6013001	 武器 - 綠裝	60	4488	4488	88	88	88	88	88	88	88	0	88	968	0	0	0	0	0	0	0	0	0	
	6013089	5002	89	6013001	 武器 - 綠裝	60	4539	4539	89	89	89	89	89	89	89	0	89	979	0	0	0	0	0	0	0	0	0	
	6013090	5002	90	6013001	 武器 - 綠裝	60	4590	4590	90	90	90	90	90	90	90	0	90	990	0	0	0	0	0	0	0	0	0	
	6013091	5002	91	6013001	 武器 - 綠裝	60	4641	4641	91	91	91	91	91	91	91	0	91	1001	0	0	0	0	0	0	0	0	0	
	6013092	5002	92	6013001	 武器 - 綠裝	60	4692	4692	92	92	92	92	92	92	92	0	92	1012	0	0	0	0	0	0	0	0	0	
	6013093	5002	93	6013001	 武器 - 綠裝	60	4743	4743	93	93	93	93	93	93	93	0	93	1023	0	0	0	0	0	0	0	0	0	
	6013094	5002	94	6013001	 武器 - 綠裝	60	4794	4794	94	94	94	94	94	94	94	0	94	1034	0	0	0	0	0	0	0	0	0	
	6013095	5002	95	6013001	 武器 - 綠裝	60	4845	4845	95	95	95	95	95	95	95	0	95	1045	0	0	0	0	0	0	0	0	0	
	6013096	5002	96	6013001	 武器 - 綠裝	60	4896	4896	96	96	96	96	96	96	96	0	96	1056	0	0	0	0	0	0	0	0	0	
	6013097	5002	97	6013001	 武器 - 綠裝	60	4947	4947	97	97	97	97	97	97	97	0	97	1067	0	0	0	0	0	0	0	0	0	
	6013098	5002	98	6013001	 武器 - 綠裝	60	4998	4998	98	98	98	98	98	98	98	0	98	1078	0	0	0	0	0	0	0	0	0	
	6013099	5002	99	6013001	 武器 - 綠裝	60	5049	5049	99	99	99	99	99	99	99	0	99	1089	0	0	0	0	0	0	0	0	0	
	6013100	5002	100	6013001	 武器 - 綠裝	60	5100	5100	100	100	100	100	100	100	100	0	100	1100	0	0	0	0	0	0	0	0	0	
	6013101	5002	101	6013001	 武器 - 綠裝	60	5151	5151	101	101	101	101	101	101	101	0	101	1111	0	0	0	0	0	0	0	0	0	
	6013102	5002	102	6013001	 武器 - 綠裝	60	5202	5202	102	102	102	102	102	102	102	0	102	1122	0	0	0	0	0	0	0	0	0	
	6013103	5002	103	6013001	 武器 - 綠裝	60	5253	5253	103	103	103	103	103	103	103	0	103	1133	0	0	0	0	0	0	0	0	0	
	6013104	5002	104	6013001	 武器 - 綠裝	60	5304	5304	104	104	104	104	104	104	104	0	104	1144	0	0	0	0	0	0	0	0	0	
	6013105	5002	105	6013001	 武器 - 綠裝	60	5355	5355	105	105	105	105	105	105	105	0	105	1155	0	0	0	0	0	0	0	0	0	
	6013106	5002	106	6013001	 武器 - 綠裝	60	5406	5406	106	106	106	106	106	106	106	0	106	1166	0	0	0	0	0	0	0	0	0	
	6013107	5002	107	6013001	 武器 - 綠裝	60	5457	5457	107	107	107	107	107	107	107	0	107	1177	0	0	0	0	0	0	0	0	0	
	6013108	5002	108	6013001	 武器 - 綠裝	60	5508	5508	108	108	108	108	108	108	108	0	108	1188	0	0	0	0	0	0	0	0	0	
# 武器 - 藍裝																												
	6014001	5002	1	6014001	 武器 - 藍裝	60	58	58	1	1	2	2	2	2	2	0	2	23	0	0	0	0	0	0	0	0	0	
	6014002	5002	2	6014001	 武器 - 藍裝	60	116	116	2	2	4	4	4	4	4	0	4	46	0	0	0	0	0	0	0	0	0	
	6014003	5002	3	6014001	 武器 - 藍裝	60	174	174	3	3	6	6	6	6	6	0	6	69	0	0	0	0	0	0	0	0	0	
	6014004	5002	4	6014001	 武器 - 藍裝	60	232	232	4	4	8	8	8	8	8	0	8	92	0	0	0	0	0	0	0	0	0	
	6014005	5002	5	6014001	 武器 - 藍裝	60	290	290	5	5	10	10	10	10	10	0	10	115	0	0	0	0	0	0	0	0	0	
	6014006	5002	6	6014001	 武器 - 藍裝	60	348	348	6	6	12	12	12	12	12	0	12	138	0	0	0	0	0	0	0	0	0	
	6014007	5002	7	6014001	 武器 - 藍裝	60	406	406	7	7	14	14	14	14	14	0	14	161	0	0	0	0	0	0	0	0	0	
	6014008	5002	8	6014001	 武器 - 藍裝	60	464	464	8	8	16	16	16	16	16	0	16	184	0	0	0	0	0	0	0	0	0	
	6014009	5002	9	6014001	 武器 - 藍裝	60	522	522	9	9	18	18	18	18	18	0	18	207	0	0	0	0	0	0	0	0	0	
	6014010	5002	10	6014001	 武器 - 藍裝	60	580	580	10	10	20	20	20	20	20	0	20	230	0	0	0	0	0	0	0	0	0	
	6014011	5002	11	6014001	 武器 - 藍裝	60	638	638	11	11	22	22	22	22	22	0	22	253	0	0	0	0	0	0	0	0	0	
	6014012	5002	12	6014001	 武器 - 藍裝	60	696	696	12	12	24	24	24	24	24	0	24	276	0	0	0	0	0	0	0	0	0	
	6014013	5002	13	6014001	 武器 - 藍裝	60	754	754	13	13	26	26	26	26	26	0	26	299	0	0	0	0	0	0	0	0	0	
	6014014	5002	14	6014001	 武器 - 藍裝	60	812	812	14	14	28	28	28	28	28	0	28	322	0	0	0	0	0	0	0	0	0	
	6014015	5002	15	6014001	 武器 - 藍裝	60	870	870	15	15	30	30	30	30	30	0	30	345	0	0	0	0	0	0	0	0	0	
	6014016	5002	16	6014001	 武器 - 藍裝	60	928	928	16	16	32	32	32	32	32	0	32	368	0	0	0	0	0	0	0	0	0	
	6014017	5002	17	6014001	 武器 - 藍裝	60	986	986	17	17	34	34	34	34	34	0	34	391	0	0	0	0	0	0	0	0	0	
	6014018	5002	18	6014001	 武器 - 藍裝	60	1044	1044	18	18	36	36	36	36	36	0	36	414	0	0	0	0	0	0	0	0	0	
	6014019	5002	19	6014001	 武器 - 藍裝	60	1102	1102	19	19	38	38	38	38	38	0	38	437	0	0	0	0	0	0	0	0	0	
	6014020	5002	20	6014001	 武器 - 藍裝	60	1160	1160	20	20	40	40	40	40	40	0	40	460	0	0	0	0	0	0	0	0	0	
	6014021	5002	21	6014001	 武器 - 藍裝	60	1218	1218	21	21	42	42	42	42	42	0	42	483	0	0	0	0	0	0	0	0	0	
	6014022	5002	22	6014001	 武器 - 藍裝	60	1276	1276	22	22	44	44	44	44	44	0	44	506	0	0	0	0	0	0	0	0	0	
	6014023	5002	23	6014001	 武器 - 藍裝	60	1334	1334	23	23	46	46	46	46	46	0	46	529	0	0	0	0	0	0	0	0	0	
	6014024	5002	24	6014001	 武器 - 藍裝	60	1392	1392	24	24	48	48	48	48	48	0	48	552	0	0	0	0	0	0	0	0	0	
	6014025	5002	25	6014001	 武器 - 藍裝	60	1450	1450	25	25	50	50	50	50	50	0	50	575	0	0	0	0	0	0	0	0	0	
	6014026	5002	26	6014001	 武器 - 藍裝	60	1508	1508	26	26	52	52	52	52	52	0	52	598	0	0	0	0	0	0	0	0	0	
	6014027	5002	27	6014001	 武器 - 藍裝	60	1566	1566	27	27	54	54	54	54	54	0	54	621	0	0	0	0	0	0	0	0	0	
	6014028	5002	28	6014001	 武器 - 藍裝	60	1624	1624	28	28	56	56	56	56	56	0	56	644	0	0	0	0	0	0	0	0	0	
	6014029	5002	29	6014001	 武器 - 藍裝	60	1682	1682	29	29	58	58	58	58	58	0	58	667	0	0	0	0	0	0	0	0	0	
	6014030	5002	30	6014001	 武器 - 藍裝	60	1740	1740	30	30	60	60	60	60	60	0	60	690	0	0	0	0	0	0	0	0	0	
	6014031	5002	31	6014001	 武器 - 藍裝	60	1798	1798	31	31	62	62	62	62	62	0	62	713	0	0	0	0	0	0	0	0	0	
	6014032	5002	32	6014001	 武器 - 藍裝	60	1856	1856	32	32	64	64	64	64	64	0	64	736	0	0	0	0	0	0	0	0	0	
	6014033	5002	33	6014001	 武器 - 藍裝	60	1914	1914	33	33	66	66	66	66	66	0	66	759	0	0	0	0	0	0	0	0	0	
	6014034	5002	34	6014001	 武器 - 藍裝	60	1972	1972	34	34	68	68	68	68	68	0	68	782	0	0	0	0	0	0	0	0	0	
	6014035	5002	35	6014001	 武器 - 藍裝	60	2030	2030	35	35	70	70	70	70	70	0	70	805	0	0	0	0	0	0	0	0	0	
	6014036	5002	36	6014001	 武器 - 藍裝	60	2088	2088	36	36	72	72	72	72	72	0	72	828	0	0	0	0	0	0	0	0	0	
	6014037	5002	37	6014001	 武器 - 藍裝	60	2146	2146	37	37	74	74	74	74	74	0	74	851	0	0	0	0	0	0	0	0	0	
	6014038	5002	38	6014001	 武器 - 藍裝	60	2204	2204	38	38	76	76	76	76	76	0	76	874	0	0	0	0	0	0	0	0	0	
	6014039	5002	39	6014001	 武器 - 藍裝	60	2262	2262	39	39	78	78	78	78	78	0	78	897	0	0	0	0	0	0	0	0	0	
	6014040	5002	40	6014001	 武器 - 藍裝	60	2320	2320	40	40	80	80	80	80	80	0	80	920	0	0	0	0	0	0	0	0	0	
	6014041	5002	41	6014001	 武器 - 藍裝	60	2378	2378	41	41	82	82	82	82	82	0	82	943	0	0	0	0	0	0	0	0	0	
	6014042	5002	42	6014001	 武器 - 藍裝	60	2436	2436	42	42	84	84	84	84	84	0	84	966	0	0	0	0	0	0	0	0	0	
	6014043	5002	43	6014001	 武器 - 藍裝	60	2494	2494	43	43	86	86	86	86	86	0	86	989	0	0	0	0	0	0	0	0	0	
	6014044	5002	44	6014001	 武器 - 藍裝	60	2552	2552	44	44	88	88	88	88	88	0	88	1012	0	0	0	0	0	0	0	0	0	
	6014045	5002	45	6014001	 武器 - 藍裝	60	2610	2610	45	45	90	90	90	90	90	0	90	1035	0	0	0	0	0	0	0	0	0	
	6014046	5002	46	6014001	 武器 - 藍裝	60	2668	2668	46	46	92	92	92	92	92	0	92	1058	0	0	0	0	0	0	0	0	0	
	6014047	5002	47	6014001	 武器 - 藍裝	60	2726	2726	47	47	94	94	94	94	94	0	94	1081	0	0	0	0	0	0	0	0	0	
	6014048	5002	48	6014001	 武器 - 藍裝	60	2784	2784	48	48	96	96	96	96	96	0	96	1104	0	0	0	0	0	0	0	0	0	
	6014049	5002	49	6014001	 武器 - 藍裝	60	2842	2842	49	49	98	98	98	98	98	0	98	1127	0	0	0	0	0	0	0	0	0	
	6014050	5002	50	6014001	 武器 - 藍裝	60	2900	2900	50	50	100	100	100	100	100	0	100	1150	0	0	0	0	0	0	0	0	0	
	6014051	5002	51	6014001	 武器 - 藍裝	60	2958	2958	51	51	102	102	102	102	102	0	102	1173	0	0	0	0	0	0	0	0	0	
	6014052	5002	52	6014001	 武器 - 藍裝	60	3016	3016	52	52	104	104	104	104	104	0	104	1196	0	0	0	0	0	0	0	0	0	
	6014053	5002	53	6014001	 武器 - 藍裝	60	3074	3074	53	53	106	106	106	106	106	0	106	1219	0	0	0	0	0	0	0	0	0	
	6014054	5002	54	6014001	 武器 - 藍裝	60	3132	3132	54	54	108	108	108	108	108	0	108	1242	0	0	0	0	0	0	0	0	0	
	6014055	5002	55	6014001	 武器 - 藍裝	60	3190	3190	55	55	110	110	110	110	110	0	110	1265	0	0	0	0	0	0	0	0	0	
	6014056	5002	56	6014001	 武器 - 藍裝	60	3248	3248	56	56	112	112	112	112	112	0	112	1288	0	0	0	0	0	0	0	0	0	
	6014057	5002	57	6014001	 武器 - 藍裝	60	3306	3306	57	57	114	114	114	114	114	0	114	1311	0	0	0	0	0	0	0	0	0	
	6014058	5002	58	6014001	 武器 - 藍裝	60	3364	3364	58	58	116	116	116	116	116	0	116	1334	0	0	0	0	0	0	0	0	0	
	6014059	5002	59	6014001	 武器 - 藍裝	60	3422	3422	59	59	118	118	118	118	118	0	118	1357	0	0	0	0	0	0	0	0	0	
	6014060	5002	60	6014001	 武器 - 藍裝	60	3480	3480	60	60	120	120	120	120	120	0	120	1380	0	0	0	0	0	0	0	0	0	
	6014061	5002	61	6014001	 武器 - 藍裝	60	3538	3538	61	61	122	122	122	122	122	0	122	1403	0	0	0	0	0	0	0	0	0	
	6014062	5002	62	6014001	 武器 - 藍裝	60	3596	3596	62	62	124	124	124	124	124	0	124	1426	0	0	0	0	0	0	0	0	0	
	6014063	5002	63	6014001	 武器 - 藍裝	60	3654	3654	63	63	126	126	126	126	126	0	126	1449	0	0	0	0	0	0	0	0	0	
	6014064	5002	64	6014001	 武器 - 藍裝	60	3712	3712	64	64	128	128	128	128	128	0	128	1472	0	0	0	0	0	0	0	0	0	
	6014065	5002	65	6014001	 武器 - 藍裝	60	3770	3770	65	65	130	130	130	130	130	0	130	1495	0	0	0	0	0	0	0	0	0	
	6014066	5002	66	6014001	 武器 - 藍裝	60	3828	3828	66	66	132	132	132	132	132	0	132	1518	0	0	0	0	0	0	0	0	0	
	6014067	5002	67	6014001	 武器 - 藍裝	60	3886	3886	67	67	134	134	134	134	134	0	134	1541	0	0	0	0	0	0	0	0	0	
	6014068	5002	68	6014001	 武器 - 藍裝	60	3944	3944	68	68	136	136	136	136	136	0	136	1564	0	0	0	0	0	0	0	0	0	
	6014069	5002	69	6014001	 武器 - 藍裝	60	4002	4002	69	69	138	138	138	138	138	0	138	1587	0	0	0	0	0	0	0	0	0	
	6014070	5002	70	6014001	 武器 - 藍裝	60	4060	4060	70	70	140	140	140	140	140	0	140	1610	0	0	0	0	0	0	0	0	0	
	6014071	5002	71	6014001	 武器 - 藍裝	60	4118	4118	71	71	142	142	142	142	142	0	142	1633	0	0	0	0	0	0	0	0	0	
	6014072	5002	72	6014001	 武器 - 藍裝	60	4176	4176	72	72	144	144	144	144	144	0	144	1656	0	0	0	0	0	0	0	0	0	
	6014073	5002	73	6014001	 武器 - 藍裝	60	4234	4234	73	73	146	146	146	146	146	0	146	1679	0	0	0	0	0	0	0	0	0	
	6014074	5002	74	6014001	 武器 - 藍裝	60	4292	4292	74	74	148	148	148	148	148	0	148	1702	0	0	0	0	0	0	0	0	0	
	6014075	5002	75	6014001	 武器 - 藍裝	60	4350	4350	75	75	150	150	150	150	150	0	150	1725	0	0	0	0	0	0	0	0	0	
	6014076	5002	76	6014001	 武器 - 藍裝	60	4408	4408	76	76	152	152	152	152	152	0	152	1748	0	0	0	0	0	0	0	0	0	
	6014077	5002	77	6014001	 武器 - 藍裝	60	4466	4466	77	77	154	154	154	154	154	0	154	1771	0	0	0	0	0	0	0	0	0	
	6014078	5002	78	6014001	 武器 - 藍裝	60	4524	4524	78	78	156	156	156	156	156	0	156	1794	0	0	0	0	0	0	0	0	0	
	6014079	5002	79	6014001	 武器 - 藍裝	60	4582	4582	79	79	158	158	158	158	158	0	158	1817	0	0	0	0	0	0	0	0	0	
	6014080	5002	80	6014001	 武器 - 藍裝	60	4640	4640	80	80	160	160	160	160	160	0	160	1840	0	0	0	0	0	0	0	0	0	
	6014081	5002	81	6014001	 武器 - 藍裝	60	4698	4698	81	81	162	162	162	162	162	0	162	1863	0	0	0	0	0	0	0	0	0	
	6014082	5002	82	6014001	 武器 - 藍裝	60	4756	4756	82	82	164	164	164	164	164	0	164	1886	0	0	0	0	0	0	0	0	0	
	6014083	5002	83	6014001	 武器 - 藍裝	60	4814	4814	83	83	166	166	166	166	166	0	166	1909	0	0	0	0	0	0	0	0	0	
	6014084	5002	84	6014001	 武器 - 藍裝	60	4872	4872	84	84	168	168	168	168	168	0	168	1932	0	0	0	0	0	0	0	0	0	
	6014085	5002	85	6014001	 武器 - 藍裝	60	4930	4930	85	85	170	170	170	170	170	0	170	1955	0	0	0	0	0	0	0	0	0	
	6014086	5002	86	6014001	 武器 - 藍裝	60	4988	4988	86	86	172	172	172	172	172	0	172	1978	0	0	0	0	0	0	0	0	0	
	6014087	5002	87	6014001	 武器 - 藍裝	60	5046	5046	87	87	174	174	174	174	174	0	174	2001	0	0	0	0	0	0	0	0	0	
	6014088	5002	88	6014001	 武器 - 藍裝	60	5104	5104	88	88	176	176	176	176	176	0	176	2024	0	0	0	0	0	0	0	0	0	
	6014089	5002	89	6014001	 武器 - 藍裝	60	5162	5162	89	89	178	178	178	178	178	0	178	2047	0	0	0	0	0	0	0	0	0	
	6014090	5002	90	6014001	 武器 - 藍裝	60	5220	5220	90	90	180	180	180	180	180	0	180	2070	0	0	0	0	0	0	0	0	0	
	6014091	5002	91	6014001	 武器 - 藍裝	60	5278	5278	91	91	182	182	182	182	182	0	182	2093	0	0	0	0	0	0	0	0	0	
	6014092	5002	92	6014001	 武器 - 藍裝	60	5336	5336	92	92	184	184	184	184	184	0	184	2116	0	0	0	0	0	0	0	0	0	
	6014093	5002	93	6014001	 武器 - 藍裝	60	5394	5394	93	93	186	186	186	186	186	0	186	2139	0	0	0	0	0	0	0	0	0	
	6014094	5002	94	6014001	 武器 - 藍裝	60	5452	5452	94	94	188	188	188	188	188	0	188	2162	0	0	0	0	0	0	0	0	0	
	6014095	5002	95	6014001	 武器 - 藍裝	60	5510	5510	95	95	190	190	190	190	190	0	190	2185	0	0	0	0	0	0	0	0	0	
	6014096	5002	96	6014001	 武器 - 藍裝	60	5568	5568	96	96	192	192	192	192	192	0	192	2208	0	0	0	0	0	0	0	0	0	
	6014097	5002	97	6014001	 武器 - 藍裝	60	5626	5626	97	97	194	194	194	194	194	0	194	2231	0	0	0	0	0	0	0	0	0	
	6014098	5002	98	6014001	 武器 - 藍裝	60	5684	5684	98	98	196	196	196	196	196	0	196	2254	0	0	0	0	0	0	0	0	0	
	6014099	5002	99	6014001	 武器 - 藍裝	60	5742	5742	99	99	198	198	198	198	198	0	198	2277	0	0	0	0	0	0	0	0	0	
	6014100	5002	100	6014001	 武器 - 藍裝	60	5800	5800	100	100	200	200	200	200	200	0	200	2300	0	0	0	0	0	0	0	0	0	
	6014101	5002	101	6014001	 武器 - 藍裝	60	5858	5858	101	101	202	202	202	202	202	0	202	2323	0	0	0	0	0	0	0	0	0	
	6014102	5002	102	6014001	 武器 - 藍裝	60	5916	5916	102	102	204	204	204	204	204	0	204	2346	0	0	0	0	0	0	0	0	0	
	6014103	5002	103	6014001	 武器 - 藍裝	60	5974	5974	103	103	206	206	206	206	206	0	206	2369	0	0	0	0	0	0	0	0	0	
	6014104	5002	104	6014001	 武器 - 藍裝	60	6032	6032	104	104	208	208	208	208	208	0	208	2392	0	0	0	0	0	0	0	0	0	
	6014105	5002	105	6014001	 武器 - 藍裝	60	6090	6090	105	105	210	210	210	210	210	0	210	2415	0	0	0	0	0	0	0	0	0	
	6014106	5002	106	6014001	 武器 - 藍裝	60	6148	6148	106	106	212	212	212	212	212	0	212	2438	0	0	0	0	0	0	0	0	0	
	6014107	5002	107	6014001	 武器 - 藍裝	60	6206	6206	107	107	214	214	214	214	214	0	214	2461	0	0	0	0	0	0	0	0	0	
	6014108	5002	108	6014001	 武器 - 藍裝	60	6264	6264	108	108	216	216	216	216	216	0	216	2484	0	0	0	0	0	0	0	0	0	
# 武器 - 紫裝																												
	6015001	5002	1	6015001	 武器 - 紫裝	60	64	64	1	1	2	2	2	2	2	0	2	23	0	0	0	0	0	0	0	0	0	
	6015002	5002	2	6015001	 武器 - 紫裝	60	128	128	2	2	4	4	4	4	4	0	4	46	0	0	0	0	0	0	0	0	0	
	6015003	5002	3	6015001	 武器 - 紫裝	60	192	192	3	3	6	6	6	6	6	0	6	69	0	0	0	0	0	0	0	0	0	
	6015004	5002	4	6015001	 武器 - 紫裝	60	256	256	4	4	8	8	8	8	8	0	8	92	0	0	0	0	0	0	0	0	0	
	6015005	5002	5	6015001	 武器 - 紫裝	60	320	320	5	5	10	10	10	10	10	0	10	115	0	0	0	0	0	0	0	0	0	
	6015006	5002	6	6015001	 武器 - 紫裝	60	384	384	6	6	12	12	12	12	12	0	12	138	0	0	0	0	0	0	0	0	0	
	6015007	5002	7	6015001	 武器 - 紫裝	60	448	448	7	7	14	14	14	14	14	0	14	161	0	0	0	0	0	0	0	0	0	
	6015008	5002	8	6015001	 武器 - 紫裝	60	512	512	8	8	16	16	16	16	16	0	16	184	0	0	0	0	0	0	0	0	0	
	6015009	5002	9	6015001	 武器 - 紫裝	60	576	576	9	9	18	18	18	18	18	0	18	207	0	0	0	0	0	0	0	0	0	
	6015010	5002	10	6015001	 武器 - 紫裝	60	640	640	10	10	20	20	20	20	20	0	20	230	0	0	0	0	0	0	0	0	0	
	6015011	5002	11	6015001	 武器 - 紫裝	60	704	704	11	11	22	22	22	22	22	0	22	253	0	0	0	0	0	0	0	0	0	
	6015012	5002	12	6015001	 武器 - 紫裝	60	768	768	12	12	24	24	24	24	24	0	24	276	0	0	0	0	0	0	0	0	0	
	6015013	5002	13	6015001	 武器 - 紫裝	60	832	832	13	13	26	26	26	26	26	0	26	299	0	0	0	0	0	0	0	0	0	
	6015014	5002	14	6015001	 武器 - 紫裝	60	896	896	14	14	28	28	28	28	28	0	28	322	0	0	0	0	0	0	0	0	0	
	6015015	5002	15	6015001	 武器 - 紫裝	60	960	960	15	15	30	30	30	30	30	0	30	345	0	0	0	0	0	0	0	0	0	
	6015016	5002	16	6015001	 武器 - 紫裝	60	1024	1024	16	16	32	32	32	32	32	0	32	368	0	0	0	0	0	0	0	0	0	
	6015017	5002	17	6015001	 武器 - 紫裝	60	1088	1088	17	17	34	34	34	34	34	0	34	391	0	0	0	0	0	0	0	0	0	
	6015018	5002	18	6015001	 武器 - 紫裝	60	1152	1152	18	18	36	36	36	36	36	0	36	414	0	0	0	0	0	0	0	0	0	
	6015019	5002	19	6015001	 武器 - 紫裝	60	1216	1216	19	19	38	38	38	38	38	0	38	437	0	0	0	0	0	0	0	0	0	
	6015020	5002	20	6015001	 武器 - 紫裝	60	1280	1280	20	20	40	40	40	40	40	0	40	460	0	0	0	0	0	0	0	0	0	
	6015021	5002	21	6015001	 武器 - 紫裝	60	1344	1344	21	21	42	42	42	42	42	0	42	483	0	0	0	0	0	0	0	0	0	
	6015022	5002	22	6015001	 武器 - 紫裝	60	1408	1408	22	22	44	44	44	44	44	0	44	506	0	0	0	0	0	0	0	0	0	
	6015023	5002	23	6015001	 武器 - 紫裝	60	1472	1472	23	23	46	46	46	46	46	0	46	529	0	0	0	0	0	0	0	0	0	
	6015024	5002	24	6015001	 武器 - 紫裝	60	1536	1536	24	24	48	48	48	48	48	0	48	552	0	0	0	0	0	0	0	0	0	
	6015025	5002	25	6015001	 武器 - 紫裝	60	1600	1600	25	25	50	50	50	50	50	0	50	575	0	0	0	0	0	0	0	0	0	
	6015026	5002	26	6015001	 武器 - 紫裝	60	1664	1664	26	26	52	52	52	52	52	0	52	598	0	0	0	0	0	0	0	0	0	
	6015027	5002	27	6015001	 武器 - 紫裝	60	1728	1728	27	27	54	54	54	54	54	0	54	621	0	0	0	0	0	0	0	0	0	
	6015028	5002	28	6015001	 武器 - 紫裝	60	1792	1792	28	28	56	56	56	56	56	0	56	644	0	0	0	0	0	0	0	0	0	
	6015029	5002	29	6015001	 武器 - 紫裝	60	1856	1856	29	29	58	58	58	58	58	0	58	667	0	0	0	0	0	0	0	0	0	
	6015030	5002	30	6015001	 武器 - 紫裝	60	1920	1920	30	30	60	60	60	60	60	0	60	690	0	0	0	0	0	0	0	0	0	
	6015031	5002	31	6015001	 武器 - 紫裝	60	1984	1984	31	31	62	62	62	62	62	0	62	713	0	0	0	0	0	0	0	0	0	
	6015032	5002	32	6015001	 武器 - 紫裝	60	2048	2048	32	32	64	64	64	64	64	0	64	736	0	0	0	0	0	0	0	0	0	
	6015033	5002	33	6015001	 武器 - 紫裝	60	2112	2112	33	33	66	66	66	66	66	0	66	759	0	0	0	0	0	0	0	0	0	
	6015034	5002	34	6015001	 武器 - 紫裝	60	2176	2176	34	34	68	68	68	68	68	0	68	782	0	0	0	0	0	0	0	0	0	
	6015035	5002	35	6015001	 武器 - 紫裝	60	2240	2240	35	35	70	70	70	70	70	0	70	805	0	0	0	0	0	0	0	0	0	
	6015036	5002	36	6015001	 武器 - 紫裝	60	2304	2304	36	36	72	72	72	72	72	0	72	828	0	0	0	0	0	0	0	0	0	
	6015037	5002	37	6015001	 武器 - 紫裝	60	2368	2368	37	37	74	74	74	74	74	0	74	851	0	0	0	0	0	0	0	0	0	
	6015038	5002	38	6015001	 武器 - 紫裝	60	2432	2432	38	38	76	76	76	76	76	0	76	874	0	0	0	0	0	0	0	0	0	
	6015039	5002	39	6015001	 武器 - 紫裝	60	2496	2496	39	39	78	78	78	78	78	0	78	897	0	0	0	0	0	0	0	0	0	
	6015040	5002	40	6015001	 武器 - 紫裝	60	2560	2560	40	40	80	80	80	80	80	0	80	920	0	0	0	0	0	0	0	0	0	
	6015041	5002	41	6015001	 武器 - 紫裝	60	2624	2624	41	41	82	82	82	82	82	0	82	943	0	0	0	0	0	0	0	0	0	
	6015042	5002	42	6015001	 武器 - 紫裝	60	2688	2688	42	42	84	84	84	84	84	0	84	966	0	0	0	0	0	0	0	0	0	
	6015043	5002	43	6015001	 武器 - 紫裝	60	2752	2752	43	43	86	86	86	86	86	0	86	989	0	0	0	0	0	0	0	0	0	
	6015044	5002	44	6015001	 武器 - 紫裝	60	2816	2816	44	44	88	88	88	88	88	0	88	1012	0	0	0	0	0	0	0	0	0	
	6015045	5002	45	6015001	 武器 - 紫裝	60	2880	2880	45	45	90	90	90	90	90	0	90	1035	0	0	0	0	0	0	0	0	0	
	6015046	5002	46	6015001	 武器 - 紫裝	60	2944	2944	46	46	92	92	92	92	92	0	92	1058	0	0	0	0	0	0	0	0	0	
	6015047	5002	47	6015001	 武器 - 紫裝	60	3008	3008	47	47	94	94	94	94	94	0	94	1081	0	0	0	0	0	0	0	0	0	
	6015048	5002	48	6015001	 武器 - 紫裝	60	3072	3072	48	48	96	96	96	96	96	0	96	1104	0	0	0	0	0	0	0	0	0	
	6015049	5002	49	6015001	 武器 - 紫裝	60	3136	3136	49	49	98	98	98	98	98	0	98	1127	0	0	0	0	0	0	0	0	0	
	6015050	5002	50	6015001	 武器 - 紫裝	60	3200	3200	50	50	100	100	100	100	100	0	100	1150	0	0	0	0	0	0	0	0	0	
	6015051	5002	51	6015001	 武器 - 紫裝	60	3264	3264	51	51	102	102	102	102	102	0	102	1173	0	0	0	0	0	0	0	0	0	
	6015052	5002	52	6015001	 武器 - 紫裝	60	3328	3328	52	52	104	104	104	104	104	0	104	1196	0	0	0	0	0	0	0	0	0	
	6015053	5002	53	6015001	 武器 - 紫裝	60	3392	3392	53	53	106	106	106	106	106	0	106	1219	0	0	0	0	0	0	0	0	0	
	6015054	5002	54	6015001	 武器 - 紫裝	60	3456	3456	54	54	108	108	108	108	108	0	108	1242	0	0	0	0	0	0	0	0	0	
	6015055	5002	55	6015001	 武器 - 紫裝	60	3520	3520	55	55	110	110	110	110	110	0	110	1265	0	0	0	0	0	0	0	0	0	
	6015056	5002	56	6015001	 武器 - 紫裝	60	3584	3584	56	56	112	112	112	112	112	0	112	1288	0	0	0	0	0	0	0	0	0	
	6015057	5002	57	6015001	 武器 - 紫裝	60	3648	3648	57	57	114	114	114	114	114	0	114	1311	0	0	0	0	0	0	0	0	0	
	6015058	5002	58	6015001	 武器 - 紫裝	60	3712	3712	58	58	116	116	116	116	116	0	116	1334	0	0	0	0	0	0	0	0	0	
	6015059	5002	59	6015001	 武器 - 紫裝	60	3776	3776	59	59	118	118	118	118	118	0	118	1357	0	0	0	0	0	0	0	0	0	
	6015060	5002	60	6015001	 武器 - 紫裝	60	3840	3840	60	60	120	120	120	120	120	0	120	1380	0	0	0	0	0	0	0	0	0	
	6015061	5002	61	6015001	 武器 - 紫裝	60	3904	3904	61	61	122	122	122	122	122	0	122	1403	0	0	0	0	0	0	0	0	0	
	6015062	5002	62	6015001	 武器 - 紫裝	60	3968	3968	62	62	124	124	124	124	124	0	124	1426	0	0	0	0	0	0	0	0	0	
	6015063	5002	63	6015001	 武器 - 紫裝	60	4032	4032	63	63	126	126	126	126	126	0	126	1449	0	0	0	0	0	0	0	0	0	
	6015064	5002	64	6015001	 武器 - 紫裝	60	4096	4096	64	64	128	128	128	128	128	0	128	1472	0	0	0	0	0	0	0	0	0	
	6015065	5002	65	6015001	 武器 - 紫裝	60	4160	4160	65	65	130	130	130	130	130	0	130	1495	0	0	0	0	0	0	0	0	0	
	6015066	5002	66	6015001	 武器 - 紫裝	60	4224	4224	66	66	132	132	132	132	132	0	132	1518	0	0	0	0	0	0	0	0	0	
	6015067	5002	67	6015001	 武器 - 紫裝	60	4288	4288	67	67	134	134	134	134	134	0	134	1541	0	0	0	0	0	0	0	0	0	
	6015068	5002	68	6015001	 武器 - 紫裝	60	4352	4352	68	68	136	136	136	136	136	0	136	1564	0	0	0	0	0	0	0	0	0	
	6015069	5002	69	6015001	 武器 - 紫裝	60	4416	4416	69	69	138	138	138	138	138	0	138	1587	0	0	0	0	0	0	0	0	0	
	6015070	5002	70	6015001	 武器 - 紫裝	60	4480	4480	70	70	140	140	140	140	140	0	140	1610	0	0	0	0	0	0	0	0	0	
	6015071	5002	71	6015001	 武器 - 紫裝	60	4544	4544	71	71	142	142	142	142	142	0	142	1633	0	0	0	0	0	0	0	0	0	
	6015072	5002	72	6015001	 武器 - 紫裝	60	4608	4608	72	72	144	144	144	144	144	0	144	1656	0	0	0	0	0	0	0	0	0	
	6015073	5002	73	6015001	 武器 - 紫裝	60	4672	4672	73	73	146	146	146	146	146	0	146	1679	0	0	0	0	0	0	0	0	0	
	6015074	5002	74	6015001	 武器 - 紫裝	60	4736	4736	74	74	148	148	148	148	148	0	148	1702	0	0	0	0	0	0	0	0	0	
	6015075	5002	75	6015001	 武器 - 紫裝	60	4800	4800	75	75	150	150	150	150	150	0	150	1725	0	0	0	0	0	0	0	0	0	
	6015076	5002	76	6015001	 武器 - 紫裝	60	4864	4864	76	76	152	152	152	152	152	0	152	1748	0	0	0	0	0	0	0	0	0	
	6015077	5002	77	6015001	 武器 - 紫裝	60	4928	4928	77	77	154	154	154	154	154	0	154	1771	0	0	0	0	0	0	0	0	0	
	6015078	5002	78	6015001	 武器 - 紫裝	60	4992	4992	78	78	156	156	156	156	156	0	156	1794	0	0	0	0	0	0	0	0	0	
	6015079	5002	79	6015001	 武器 - 紫裝	60	5056	5056	79	79	158	158	158	158	158	0	158	1817	0	0	0	0	0	0	0	0	0	
	6015080	5002	80	6015001	 武器 - 紫裝	60	5120	5120	80	80	160	160	160	160	160	0	160	1840	0	0	0	0	0	0	0	0	0	
	6015081	5002	81	6015001	 武器 - 紫裝	60	5184	5184	81	81	162	162	162	162	162	0	162	1863	0	0	0	0	0	0	0	0	0	
	6015082	5002	82	6015001	 武器 - 紫裝	60	5248	5248	82	82	164	164	164	164	164	0	164	1886	0	0	0	0	0	0	0	0	0	
	6015083	5002	83	6015001	 武器 - 紫裝	60	5312	5312	83	83	166	166	166	166	166	0	166	1909	0	0	0	0	0	0	0	0	0	
	6015084	5002	84	6015001	 武器 - 紫裝	60	5376	5376	84	84	168	168	168	168	168	0	168	1932	0	0	0	0	0	0	0	0	0	
	6015085	5002	85	6015001	 武器 - 紫裝	60	5440	5440	85	85	170	170	170	170	170	0	170	1955	0	0	0	0	0	0	0	0	0	
	6015086	5002	86	6015001	 武器 - 紫裝	60	5504	5504	86	86	172	172	172	172	172	0	172	1978	0	0	0	0	0	0	0	0	0	
	6015087	5002	87	6015001	 武器 - 紫裝	60	5568	5568	87	87	174	174	174	174	174	0	174	2001	0	0	0	0	0	0	0	0	0	
	6015088	5002	88	6015001	 武器 - 紫裝	60	5632	5632	88	88	176	176	176	176	176	0	176	2024	0	0	0	0	0	0	0	0	0	
	6015089	5002	89	6015001	 武器 - 紫裝	60	5696	5696	89	89	178	178	178	178	178	0	178	2047	0	0	0	0	0	0	0	0	0	
	6015090	5002	90	6015001	 武器 - 紫裝	60	5760	5760	90	90	180	180	180	180	180	0	180	2070	0	0	0	0	0	0	0	0	0	
	6015091	5002	91	6015001	 武器 - 紫裝	60	5824	5824	91	91	182	182	182	182	182	0	182	2093	0	0	0	0	0	0	0	0	0	
	6015092	5002	92	6015001	 武器 - 紫裝	60	5888	5888	92	92	184	184	184	184	184	0	184	2116	0	0	0	0	0	0	0	0	0	
	6015093	5002	93	6015001	 武器 - 紫裝	60	5952	5952	93	93	186	186	186	186	186	0	186	2139	0	0	0	0	0	0	0	0	0	
	6015094	5002	94	6015001	 武器 - 紫裝	60	6016	6016	94	94	188	188	188	188	188	0	188	2162	0	0	0	0	0	0	0	0	0	
	6015095	5002	95	6015001	 武器 - 紫裝	60	6080	6080	95	95	190	190	190	190	190	0	190	2185	0	0	0	0	0	0	0	0	0	
	6015096	5002	96	6015001	 武器 - 紫裝	60	6144	6144	96	96	192	192	192	192	192	0	192	2208	0	0	0	0	0	0	0	0	0	
	6015097	5002	97	6015001	 武器 - 紫裝	60	6208	6208	97	97	194	194	194	194	194	0	194	2231	0	0	0	0	0	0	0	0	0	
	6015098	5002	98	6015001	 武器 - 紫裝	60	6272	6272	98	98	196	196	196	196	196	0	196	2254	0	0	0	0	0	0	0	0	0	
	6015099	5002	99	6015001	 武器 - 紫裝	60	6336	6336	99	99	198	198	198	198	198	0	198	2277	0	0	0	0	0	0	0	0	0	
	6015100	5002	100	6015001	 武器 - 紫裝	60	6400	6400	100	100	200	200	200	200	200	0	200	2300	0	0	0	0	0	0	0	0	0	
	6015101	5002	101	6015001	 武器 - 紫裝	60	6464	6464	101	101	202	202	202	202	202	0	202	2323	0	0	0	0	0	0	0	0	0	
	6015102	5002	102	6015001	 武器 - 紫裝	60	6528	6528	102	102	204	204	204	204	204	0	204	2346	0	0	0	0	0	0	0	0	0	
	6015103	5002	103	6015001	 武器 - 紫裝	60	6592	6592	103	103	206	206	206	206	206	0	206	2369	0	0	0	0	0	0	0	0	0	
	6015104	5002	104	6015001	 武器 - 紫裝	60	6656	6656	104	104	208	208	208	208	208	0	208	2392	0	0	0	0	0	0	0	0	0	
	6015105	5002	105	6015001	 武器 - 紫裝	60	6720	6720	105	105	210	210	210	210	210	0	210	2415	0	0	0	0	0	0	0	0	0	
	6015106	5002	106	6015001	 武器 - 紫裝	60	6784	6784	106	106	212	212	212	212	212	0	212	2438	0	0	0	0	0	0	0	0	0	
	6015107	5002	107	6015001	 武器 - 紫裝	60	6848	6848	107	107	214	214	214	214	214	0	214	2461	0	0	0	0	0	0	0	0	0	
	6015108	5002	108	6015001	 武器 - 紫裝	60	6912	6912	108	108	216	216	216	216	216	0	216	2484	0	0	0	0	0	0	0	0	0	
# 防具強化屬性數值表																												
# 防具 - 灰裝																												
	6021001	5002	1	6021001	 防具 - 灰裝	60	13	13	0	0	1	1	1	1	1	0	1	0	4	0	0	0	0	0	0	0	0	
	6021002	5002	2	6021001	 防具 - 灰裝	60	26	26	0	0	2	2	2	2	2	0	2	0	8	0	0	0	0	0	0	0	0	
	6021003	5002	3	6021001	 防具 - 灰裝	60	39	39	0	0	3	3	3	3	3	0	3	0	12	0	0	0	0	0	0	0	0	
	6021004	5002	4	6021001	 防具 - 灰裝	60	52	52	0	0	4	4	4	4	4	0	4	0	16	0	0	0	0	0	0	0	0	
	6021005	5002	5	6021001	 防具 - 灰裝	60	65	65	0	0	5	5	5	5	5	0	5	0	20	0	0	0	0	0	0	0	0	
	6021006	5002	6	6021001	 防具 - 灰裝	60	78	78	0	0	6	6	6	6	6	0	6	0	24	0	0	0	0	0	0	0	0	
	6021007	5002	7	6021001	 防具 - 灰裝	60	91	91	0	0	7	7	7	7	7	0	7	0	28	0	0	0	0	0	0	0	0	
	6021008	5002	8	6021001	 防具 - 灰裝	60	104	104	0	0	8	8	8	8	8	0	8	0	32	0	0	0	0	0	0	0	0	
	6021009	5002	9	6021001	 防具 - 灰裝	60	117	117	0	0	9	9	9	9	9	0	9	0	36	0	0	0	0	0	0	0	0	
	6021010	5002	10	6021001	 防具 - 灰裝	60	130	130	0	0	10	10	10	10	10	0	10	0	40	0	0	0	0	0	0	0	0	
	6021011	5002	11	6021001	 防具 - 灰裝	60	143	143	0	0	11	11	11	11	11	0	11	0	44	0	0	0	0	0	0	0	0	
	6021012	5002	12	6021001	 防具 - 灰裝	60	156	156	0	0	12	12	12	12	12	0	12	0	48	0	0	0	0	0	0	0	0	
	6021013	5002	13	6021001	 防具 - 灰裝	60	169	169	0	0	13	13	13	13	13	0	13	0	52	0	0	0	0	0	0	0	0	
	6021014	5002	14	6021001	 防具 - 灰裝	60	182	182	0	0	14	14	14	14	14	0	14	0	56	0	0	0	0	0	0	0	0	
	6021015	5002	15	6021001	 防具 - 灰裝	60	195	195	0	0	15	15	15	15	15	0	15	0	60	0	0	0	0	0	0	0	0	
	6021016	5002	16	6021001	 防具 - 灰裝	60	208	208	0	0	16	16	16	16	16	0	16	0	64	0	0	0	0	0	0	0	0	
	6021017	5002	17	6021001	 防具 - 灰裝	60	221	221	0	0	17	17	17	17	17	0	17	0	68	0	0	0	0	0	0	0	0	
	6021018	5002	18	6021001	 防具 - 灰裝	60	234	234	0	0	18	18	18	18	18	0	18	0	72	0	0	0	0	0	0	0	0	
	6021019	5002	19	6021001	 防具 - 灰裝	60	247	247	0	0	19	19	19	19	19	0	19	0	76	0	0	0	0	0	0	0	0	
	6021020	5002	20	6021001	 防具 - 灰裝	60	260	260	0	0	20	20	20	20	20	0	20	0	80	0	0	0	0	0	0	0	0	
	6021021	5002	21	6021001	 防具 - 灰裝	60	273	273	0	0	21	21	21	21	21	0	21	0	84	0	0	0	0	0	0	0	0	
	6021022	5002	22	6021001	 防具 - 灰裝	60	286	286	0	0	22	22	22	22	22	0	22	0	88	0	0	0	0	0	0	0	0	
	6021023	5002	23	6021001	 防具 - 灰裝	60	299	299	0	0	23	23	23	23	23	0	23	0	92	0	0	0	0	0	0	0	0	
	6021024	5002	24	6021001	 防具 - 灰裝	60	312	312	0	0	24	24	24	24	24	0	24	0	96	0	0	0	0	0	0	0	0	
	6021025	5002	25	6021001	 防具 - 灰裝	60	325	325	0	0	25	25	25	25	25	0	25	0	100	0	0	0	0	0	0	0	0	
	6021026	5002	26	6021001	 防具 - 灰裝	60	338	338	0	0	26	26	26	26	26	0	26	0	104	0	0	0	0	0	0	0	0	
	6021027	5002	27	6021001	 防具 - 灰裝	60	351	351	0	0	27	27	27	27	27	0	27	0	108	0	0	0	0	0	0	0	0	
	6021028	5002	28	6021001	 防具 - 灰裝	60	364	364	0	0	28	28	28	28	28	0	28	0	112	0	0	0	0	0	0	0	0	
	6021029	5002	29	6021001	 防具 - 灰裝	60	377	377	0	0	29	29	29	29	29	0	29	0	116	0	0	0	0	0	0	0	0	
	6021030	5002	30	6021001	 防具 - 灰裝	60	390	390	0	0	30	30	30	30	30	0	30	0	120	0	0	0	0	0	0	0	0	
	6021031	5002	31	6021001	 防具 - 灰裝	60	403	403	0	0	31	31	31	31	31	0	31	0	124	0	0	0	0	0	0	0	0	
	6021032	5002	32	6021001	 防具 - 灰裝	60	416	416	0	0	32	32	32	32	32	0	32	0	128	0	0	0	0	0	0	0	0	
	6021033	5002	33	6021001	 防具 - 灰裝	60	429	429	0	0	33	33	33	33	33	0	33	0	132	0	0	0	0	0	0	0	0	
	6021034	5002	34	6021001	 防具 - 灰裝	60	442	442	0	0	34	34	34	34	34	0	34	0	136	0	0	0	0	0	0	0	0	
	6021035	5002	35	6021001	 防具 - 灰裝	60	455	455	0	0	35	35	35	35	35	0	35	0	140	0	0	0	0	0	0	0	0	
	6021036	5002	36	6021001	 防具 - 灰裝	60	468	468	0	0	36	36	36	36	36	0	36	0	144	0	0	0	0	0	0	0	0	
	6021037	5002	37	6021001	 防具 - 灰裝	60	481	481	0	0	37	37	37	37	37	0	37	0	148	0	0	0	0	0	0	0	0	
	6021038	5002	38	6021001	 防具 - 灰裝	60	494	494	0	0	38	38	38	38	38	0	38	0	152	0	0	0	0	0	0	0	0	
	6021039	5002	39	6021001	 防具 - 灰裝	60	507	507	0	0	39	39	39	39	39	0	39	0	156	0	0	0	0	0	0	0	0	
	6021040	5002	40	6021001	 防具 - 灰裝	60	520	520	0	0	40	40	40	40	40	0	40	0	160	0	0	0	0	0	0	0	0	
	6021041	5002	41	6021001	 防具 - 灰裝	60	533	533	0	0	41	41	41	41	41	0	41	0	164	0	0	0	0	0	0	0	0	
	6021042	5002	42	6021001	 防具 - 灰裝	60	546	546	0	0	42	42	42	42	42	0	42	0	168	0	0	0	0	0	0	0	0	
	6021043	5002	43	6021001	 防具 - 灰裝	60	559	559	0	0	43	43	43	43	43	0	43	0	172	0	0	0	0	0	0	0	0	
	6021044	5002	44	6021001	 防具 - 灰裝	60	572	572	0	0	44	44	44	44	44	0	44	0	176	0	0	0	0	0	0	0	0	
	6021045	5002	45	6021001	 防具 - 灰裝	60	585	585	0	0	45	45	45	45	45	0	45	0	180	0	0	0	0	0	0	0	0	
	6021046	5002	46	6021001	 防具 - 灰裝	60	598	598	0	0	46	46	46	46	46	0	46	0	184	0	0	0	0	0	0	0	0	
	6021047	5002	47	6021001	 防具 - 灰裝	60	611	611	0	0	47	47	47	47	47	0	47	0	188	0	0	0	0	0	0	0	0	
	6021048	5002	48	6021001	 防具 - 灰裝	60	624	624	0	0	48	48	48	48	48	0	48	0	192	0	0	0	0	0	0	0	0	
	6021049	5002	49	6021001	 防具 - 灰裝	60	637	637	0	0	49	49	49	49	49	0	49	0	196	0	0	0	0	0	0	0	0	
	6021050	5002	50	6021001	 防具 - 灰裝	60	650	650	0	0	50	50	50	50	50	0	50	0	200	0	0	0	0	0	0	0	0	
	6021051	5002	51	6021001	 防具 - 灰裝	60	663	663	0	0	51	51	51	51	51	0	51	0	204	0	0	0	0	0	0	0	0	
	6021052	5002	52	6021001	 防具 - 灰裝	60	676	676	0	0	52	52	52	52	52	0	52	0	208	0	0	0	0	0	0	0	0	
	6021053	5002	53	6021001	 防具 - 灰裝	60	689	689	0	0	53	53	53	53	53	0	53	0	212	0	0	0	0	0	0	0	0	
	6021054	5002	54	6021001	 防具 - 灰裝	60	702	702	0	0	54	54	54	54	54	0	54	0	216	0	0	0	0	0	0	0	0	
	6021055	5002	55	6021001	 防具 - 灰裝	60	715	715	0	0	55	55	55	55	55	0	55	0	220	0	0	0	0	0	0	0	0	
	6021056	5002	56	6021001	 防具 - 灰裝	60	728	728	0	0	56	56	56	56	56	0	56	0	224	0	0	0	0	0	0	0	0	
	6021057	5002	57	6021001	 防具 - 灰裝	60	741	741	0	0	57	57	57	57	57	0	57	0	228	0	0	0	0	0	0	0	0	
	6021058	5002	58	6021001	 防具 - 灰裝	60	754	754	0	0	58	58	58	58	58	0	58	0	232	0	0	0	0	0	0	0	0	
	6021059	5002	59	6021001	 防具 - 灰裝	60	767	767	0	0	59	59	59	59	59	0	59	0	236	0	0	0	0	0	0	0	0	
	6021060	5002	60	6021001	 防具 - 灰裝	60	780	780	0	0	60	60	60	60	60	0	60	0	240	0	0	0	0	0	0	0	0	
	6021061	5002	61	6021001	 防具 - 灰裝	60	793	793	0	0	61	61	61	61	61	0	61	0	244	0	0	0	0	0	0	0	0	
	6021062	5002	62	6021001	 防具 - 灰裝	60	806	806	0	0	62	62	62	62	62	0	62	0	248	0	0	0	0	0	0	0	0	
	6021063	5002	63	6021001	 防具 - 灰裝	60	819	819	0	0	63	63	63	63	63	0	63	0	252	0	0	0	0	0	0	0	0	
	6021064	5002	64	6021001	 防具 - 灰裝	60	832	832	0	0	64	64	64	64	64	0	64	0	256	0	0	0	0	0	0	0	0	
	6021065	5002	65	6021001	 防具 - 灰裝	60	845	845	0	0	65	65	65	65	65	0	65	0	260	0	0	0	0	0	0	0	0	
	6021066	5002	66	6021001	 防具 - 灰裝	60	858	858	0	0	66	66	66	66	66	0	66	0	264	0	0	0	0	0	0	0	0	
	6021067	5002	67	6021001	 防具 - 灰裝	60	871	871	0	0	67	67	67	67	67	0	67	0	268	0	0	0	0	0	0	0	0	
	6021068	5002	68	6021001	 防具 - 灰裝	60	884	884	0	0	68	68	68	68	68	0	68	0	272	0	0	0	0	0	0	0	0	
	6021069	5002	69	6021001	 防具 - 灰裝	60	897	897	0	0	69	69	69	69	69	0	69	0	276	0	0	0	0	0	0	0	0	
	6021070	5002	70	6021001	 防具 - 灰裝	60	910	910	0	0	70	70	70	70	70	0	70	0	280	0	0	0	0	0	0	0	0	
	6021071	5002	71	6021001	 防具 - 灰裝	60	923	923	0	0	71	71	71	71	71	0	71	0	284	0	0	0	0	0	0	0	0	
	6021072	5002	72	6021001	 防具 - 灰裝	60	936	936	0	0	72	72	72	72	72	0	72	0	288	0	0	0	0	0	0	0	0	
	6021073	5002	73	6021001	 防具 - 灰裝	60	949	949	0	0	73	73	73	73	73	0	73	0	292	0	0	0	0	0	0	0	0	
	6021074	5002	74	6021001	 防具 - 灰裝	60	962	962	0	0	74	74	74	74	74	0	74	0	296	0	0	0	0	0	0	0	0	
	6021075	5002	75	6021001	 防具 - 灰裝	60	975	975	0	0	75	75	75	75	75	0	75	0	300	0	0	0	0	0	0	0	0	
	6021076	5002	76	6021001	 防具 - 灰裝	60	988	988	0	0	76	76	76	76	76	0	76	0	304	0	0	0	0	0	0	0	0	
	6021077	5002	77	6021001	 防具 - 灰裝	60	1001	1001	0	0	77	77	77	77	77	0	77	0	308	0	0	0	0	0	0	0	0	
	6021078	5002	78	6021001	 防具 - 灰裝	60	1014	1014	0	0	78	78	78	78	78	0	78	0	312	0	0	0	0	0	0	0	0	
	6021079	5002	79	6021001	 防具 - 灰裝	60	1027	1027	0	0	79	79	79	79	79	0	79	0	316	0	0	0	0	0	0	0	0	
	6021080	5002	80	6021001	 防具 - 灰裝	60	1040	1040	0	0	80	80	80	80	80	0	80	0	320	0	0	0	0	0	0	0	0	
	6021081	5002	81	6021001	 防具 - 灰裝	60	1053	1053	0	0	81	81	81	81	81	0	81	0	324	0	0	0	0	0	0	0	0	
	6021082	5002	82	6021001	 防具 - 灰裝	60	1066	1066	0	0	82	82	82	82	82	0	82	0	328	0	0	0	0	0	0	0	0	
	6021083	5002	83	6021001	 防具 - 灰裝	60	1079	1079	0	0	83	83	83	83	83	0	83	0	332	0	0	0	0	0	0	0	0	
	6021084	5002	84	6021001	 防具 - 灰裝	60	1092	1092	0	0	84	84	84	84	84	0	84	0	336	0	0	0	0	0	0	0	0	
	6021085	5002	85	6021001	 防具 - 灰裝	60	1105	1105	0	0	85	85	85	85	85	0	85	0	340	0	0	0	0	0	0	0	0	
	6021086	5002	86	6021001	 防具 - 灰裝	60	1118	1118	0	0	86	86	86	86	86	0	86	0	344	0	0	0	0	0	0	0	0	
	6021087	5002	87	6021001	 防具 - 灰裝	60	1131	1131	0	0	87	87	87	87	87	0	87	0	348	0	0	0	0	0	0	0	0	
	6021088	5002	88	6021001	 防具 - 灰裝	60	1144	1144	0	0	88	88	88	88	88	0	88	0	352	0	0	0	0	0	0	0	0	
	6021089	5002	89	6021001	 防具 - 灰裝	60	1157	1157	0	0	89	89	89	89	89	0	89	0	356	0	0	0	0	0	0	0	0	
	6021090	5002	90	6021001	 防具 - 灰裝	60	1170	1170	0	0	90	90	90	90	90	0	90	0	360	0	0	0	0	0	0	0	0	
	6021091	5002	91	6021001	 防具 - 灰裝	60	1183	1183	0	0	91	91	91	91	91	0	91	0	364	0	0	0	0	0	0	0	0	
	6021092	5002	92	6021001	 防具 - 灰裝	60	1196	1196	0	0	92	92	92	92	92	0	92	0	368	0	0	0	0	0	0	0	0	
	6021093	5002	93	6021001	 防具 - 灰裝	60	1209	1209	0	0	93	93	93	93	93	0	93	0	372	0	0	0	0	0	0	0	0	
	6021094	5002	94	6021001	 防具 - 灰裝	60	1222	1222	0	0	94	94	94	94	94	0	94	0	376	0	0	0	0	0	0	0	0	
	6021095	5002	95	6021001	 防具 - 灰裝	60	1235	1235	0	0	95	95	95	95	95	0	95	0	380	0	0	0	0	0	0	0	0	
	6021096	5002	96	6021001	 防具 - 灰裝	60	1248	1248	0	0	96	96	96	96	96	0	96	0	384	0	0	0	0	0	0	0	0	
	6021097	5002	97	6021001	 防具 - 灰裝	60	1261	1261	0	0	97	97	97	97	97	0	97	0	388	0	0	0	0	0	0	0	0	
	6021098	5002	98	6021001	 防具 - 灰裝	60	1274	1274	0	0	98	98	98	98	98	0	98	0	392	0	0	0	0	0	0	0	0	
	6021099	5002	99	6021001	 防具 - 灰裝	60	1287	1287	0	0	99	99	99	99	99	0	99	0	396	0	0	0	0	0	0	0	0	
	6021100	5002	100	6021001	 防具 - 灰裝	60	1300	1300	0	0	100	100	100	100	100	0	100	0	400	0	0	0	0	0	0	0	0	
	6021101	5002	101	6021001	 防具 - 灰裝	60	1313	1313	0	0	101	101	101	101	101	0	101	0	404	0	0	0	0	0	0	0	0	
	6021102	5002	102	6021001	 防具 - 灰裝	60	1326	1326	0	0	102	102	102	102	102	0	102	0	408	0	0	0	0	0	0	0	0	
	6021103	5002	103	6021001	 防具 - 灰裝	60	1339	1339	0	0	103	103	103	103	103	0	103	0	412	0	0	0	0	0	0	0	0	
	6021104	5002	104	6021001	 防具 - 灰裝	60	1352	1352	0	0	104	104	104	104	104	0	104	0	416	0	0	0	0	0	0	0	0	
	6021105	5002	105	6021001	 防具 - 灰裝	60	1365	1365	0	0	105	105	105	105	105	0	105	0	420	0	0	0	0	0	0	0	0	
	6021106	5002	106	6021001	 防具 - 灰裝	60	1378	1378	0	0	106	106	106	106	106	0	106	0	424	0	0	0	0	0	0	0	0	
	6021107	5002	107	6021001	 防具 - 灰裝	60	1391	1391	0	0	107	107	107	107	107	0	107	0	428	0	0	0	0	0	0	0	0	
	6021108	5002	108	6021001	 防具 - 灰裝	60	1404	1404	0	0	108	108	108	108	108	0	108	0	432	0	0	0	0	0	0	0	0	
# 防具 - 白裝（非商店貨）																												
	6022001	5002	1	6022001	 防具 - 白裝	60	15	15	0	0	1	1	1	1	1	0	1	0	4	0	0	0	0	0	0	0	0	
	6022002	5002	2	6022001	 防具 - 白裝	60	30	30	0	0	2	2	2	2	2	0	2	0	8	0	0	0	0	0	0	0	0	
	6022003	5002	3	6022001	 防具 - 白裝	60	45	45	0	0	3	3	3	3	3	0	3	0	12	0	0	0	0	0	0	0	0	
	6022004	5002	4	6022001	 防具 - 白裝	60	60	60	0	0	4	4	4	4	4	0	4	0	16	0	0	0	0	0	0	0	0	
	6022005	5002	5	6022001	 防具 - 白裝	60	75	75	0	0	5	5	5	5	5	0	5	0	20	0	0	0	0	0	0	0	0	
	6022006	5002	6	6022001	 防具 - 白裝	60	90	90	0	0	6	6	6	6	6	0	6	0	24	0	0	0	0	0	0	0	0	
	6022007	5002	7	6022001	 防具 - 白裝	60	105	105	0	0	7	7	7	7	7	0	7	0	28	0	0	0	0	0	0	0	0	
	6022008	5002	8	6022001	 防具 - 白裝	60	120	120	0	0	8	8	8	8	8	0	8	0	32	0	0	0	0	0	0	0	0	
	6022009	5002	9	6022001	 防具 - 白裝	60	135	135	0	0	9	9	9	9	9	0	9	0	36	0	0	0	0	0	0	0	0	
	6022010	5002	10	6022001	 防具 - 白裝	60	150	150	0	0	10	10	10	10	10	0	10	0	40	0	0	0	0	0	0	0	0	
	6022011	5002	11	6022001	 防具 - 白裝	60	165	165	0	0	11	11	11	11	11	0	11	0	44	0	0	0	0	0	0	0	0	
	6022012	5002	12	6022001	 防具 - 白裝	60	180	180	0	0	12	12	12	12	12	0	12	0	48	0	0	0	0	0	0	0	0	
	6022013	5002	13	6022001	 防具 - 白裝	60	195	195	0	0	13	13	13	13	13	0	13	0	52	0	0	0	0	0	0	0	0	
	6022014	5002	14	6022001	 防具 - 白裝	60	210	210	0	0	14	14	14	14	14	0	14	0	56	0	0	0	0	0	0	0	0	
	6022015	5002	15	6022001	 防具 - 白裝	60	225	225	0	0	15	15	15	15	15	0	15	0	60	0	0	0	0	0	0	0	0	
	6022016	5002	16	6022001	 防具 - 白裝	60	240	240	0	0	16	16	16	16	16	0	16	0	64	0	0	0	0	0	0	0	0	
	6022017	5002	17	6022001	 防具 - 白裝	60	255	255	0	0	17	17	17	17	17	0	17	0	68	0	0	0	0	0	0	0	0	
	6022018	5002	18	6022001	 防具 - 白裝	60	270	270	0	0	18	18	18	18	18	0	18	0	72	0	0	0	0	0	0	0	0	
	6022019	5002	19	6022001	 防具 - 白裝	60	285	285	0	0	19	19	19	19	19	0	19	0	76	0	0	0	0	0	0	0	0	
	6022020	5002	20	6022001	 防具 - 白裝	60	300	300	0	0	20	20	20	20	20	0	20	0	80	0	0	0	0	0	0	0	0	
	6022021	5002	21	6022001	 防具 - 白裝	60	315	315	0	0	21	21	21	21	21	0	21	0	84	0	0	0	0	0	0	0	0	
	6022022	5002	22	6022001	 防具 - 白裝	60	330	330	0	0	22	22	22	22	22	0	22	0	88	0	0	0	0	0	0	0	0	
	6022023	5002	23	6022001	 防具 - 白裝	60	345	345	0	0	23	23	23	23	23	0	23	0	92	0	0	0	0	0	0	0	0	
	6022024	5002	24	6022001	 防具 - 白裝	60	360	360	0	0	24	24	24	24	24	0	24	0	96	0	0	0	0	0	0	0	0	
	6022025	5002	25	6022001	 防具 - 白裝	60	375	375	0	0	25	25	25	25	25	0	25	0	100	0	0	0	0	0	0	0	0	
	6022026	5002	26	6022001	 防具 - 白裝	60	390	390	0	0	26	26	26	26	26	0	26	0	104	0	0	0	0	0	0	0	0	
	6022027	5002	27	6022001	 防具 - 白裝	60	405	405	0	0	27	27	27	27	27	0	27	0	108	0	0	0	0	0	0	0	0	
	6022028	5002	28	6022001	 防具 - 白裝	60	420	420	0	0	28	28	28	28	28	0	28	0	112	0	0	0	0	0	0	0	0	
	6022029	5002	29	6022001	 防具 - 白裝	60	435	435	0	0	29	29	29	29	29	0	29	0	116	0	0	0	0	0	0	0	0	
	6022030	5002	30	6022001	 防具 - 白裝	60	450	450	0	0	30	30	30	30	30	0	30	0	120	0	0	0	0	0	0	0	0	
	6022031	5002	31	6022001	 防具 - 白裝	60	465	465	0	0	31	31	31	31	31	0	31	0	124	0	0	0	0	0	0	0	0	
	6022032	5002	32	6022001	 防具 - 白裝	60	480	480	0	0	32	32	32	32	32	0	32	0	128	0	0	0	0	0	0	0	0	
	6022033	5002	33	6022001	 防具 - 白裝	60	495	495	0	0	33	33	33	33	33	0	33	0	132	0	0	0	0	0	0	0	0	
	6022034	5002	34	6022001	 防具 - 白裝	60	510	510	0	0	34	34	34	34	34	0	34	0	136	0	0	0	0	0	0	0	0	
	6022035	5002	35	6022001	 防具 - 白裝	60	525	525	0	0	35	35	35	35	35	0	35	0	140	0	0	0	0	0	0	0	0	
	6022036	5002	36	6022001	 防具 - 白裝	60	540	540	0	0	36	36	36	36	36	0	36	0	144	0	0	0	0	0	0	0	0	
	6022037	5002	37	6022001	 防具 - 白裝	60	555	555	0	0	37	37	37	37	37	0	37	0	148	0	0	0	0	0	0	0	0	
	6022038	5002	38	6022001	 防具 - 白裝	60	570	570	0	0	38	38	38	38	38	0	38	0	152	0	0	0	0	0	0	0	0	
	6022039	5002	39	6022001	 防具 - 白裝	60	585	585	0	0	39	39	39	39	39	0	39	0	156	0	0	0	0	0	0	0	0	
	6022040	5002	40	6022001	 防具 - 白裝	60	600	600	0	0	40	40	40	40	40	0	40	0	160	0	0	0	0	0	0	0	0	
	6022041	5002	41	6022001	 防具 - 白裝	60	615	615	0	0	41	41	41	41	41	0	41	0	164	0	0	0	0	0	0	0	0	
	6022042	5002	42	6022001	 防具 - 白裝	60	630	630	0	0	42	42	42	42	42	0	42	0	168	0	0	0	0	0	0	0	0	
	6022043	5002	43	6022001	 防具 - 白裝	60	645	645	0	0	43	43	43	43	43	0	43	0	172	0	0	0	0	0	0	0	0	
	6022044	5002	44	6022001	 防具 - 白裝	60	660	660	0	0	44	44	44	44	44	0	44	0	176	0	0	0	0	0	0	0	0	
	6022045	5002	45	6022001	 防具 - 白裝	60	675	675	0	0	45	45	45	45	45	0	45	0	180	0	0	0	0	0	0	0	0	
	6022046	5002	46	6022001	 防具 - 白裝	60	690	690	0	0	46	46	46	46	46	0	46	0	184	0	0	0	0	0	0	0	0	
	6022047	5002	47	6022001	 防具 - 白裝	60	705	705	0	0	47	47	47	47	47	0	47	0	188	0	0	0	0	0	0	0	0	
	6022048	5002	48	6022001	 防具 - 白裝	60	720	720	0	0	48	48	48	48	48	0	48	0	192	0	0	0	0	0	0	0	0	
	6022049	5002	49	6022001	 防具 - 白裝	60	735	735	0	0	49	49	49	49	49	0	49	0	196	0	0	0	0	0	0	0	0	
	6022050	5002	50	6022001	 防具 - 白裝	60	750	750	0	0	50	50	50	50	50	0	50	0	200	0	0	0	0	0	0	0	0	
	6022051	5002	51	6022001	 防具 - 白裝	60	765	765	0	0	51	51	51	51	51	0	51	0	204	0	0	0	0	0	0	0	0	
	6022052	5002	52	6022001	 防具 - 白裝	60	780	780	0	0	52	52	52	52	52	0	52	0	208	0	0	0	0	0	0	0	0	
	6022053	5002	53	6022001	 防具 - 白裝	60	795	795	0	0	53	53	53	53	53	0	53	0	212	0	0	0	0	0	0	0	0	
	6022054	5002	54	6022001	 防具 - 白裝	60	810	810	0	0	54	54	54	54	54	0	54	0	216	0	0	0	0	0	0	0	0	
	6022055	5002	55	6022001	 防具 - 白裝	60	825	825	0	0	55	55	55	55	55	0	55	0	220	0	0	0	0	0	0	0	0	
	6022056	5002	56	6022001	 防具 - 白裝	60	840	840	0	0	56	56	56	56	56	0	56	0	224	0	0	0	0	0	0	0	0	
	6022057	5002	57	6022001	 防具 - 白裝	60	855	855	0	0	57	57	57	57	57	0	57	0	228	0	0	0	0	0	0	0	0	
	6022058	5002	58	6022001	 防具 - 白裝	60	870	870	0	0	58	58	58	58	58	0	58	0	232	0	0	0	0	0	0	0	0	
	6022059	5002	59	6022001	 防具 - 白裝	60	885	885	0	0	59	59	59	59	59	0	59	0	236	0	0	0	0	0	0	0	0	
	6022060	5002	60	6022001	 防具 - 白裝	60	900	900	0	0	60	60	60	60	60	0	60	0	240	0	0	0	0	0	0	0	0	
	6022061	5002	61	6022001	 防具 - 白裝	60	915	915	0	0	61	61	61	61	61	0	61	0	244	0	0	0	0	0	0	0	0	
	6022062	5002	62	6022001	 防具 - 白裝	60	930	930	0	0	62	62	62	62	62	0	62	0	248	0	0	0	0	0	0	0	0	
	6022063	5002	63	6022001	 防具 - 白裝	60	945	945	0	0	63	63	63	63	63	0	63	0	252	0	0	0	0	0	0	0	0	
	6022064	5002	64	6022001	 防具 - 白裝	60	960	960	0	0	64	64	64	64	64	0	64	0	256	0	0	0	0	0	0	0	0	
	6022065	5002	65	6022001	 防具 - 白裝	60	975	975	0	0	65	65	65	65	65	0	65	0	260	0	0	0	0	0	0	0	0	
	6022066	5002	66	6022001	 防具 - 白裝	60	990	990	0	0	66	66	66	66	66	0	66	0	264	0	0	0	0	0	0	0	0	
	6022067	5002	67	6022001	 防具 - 白裝	60	1005	1005	0	0	67	67	67	67	67	0	67	0	268	0	0	0	0	0	0	0	0	
	6022068	5002	68	6022001	 防具 - 白裝	60	1020	1020	0	0	68	68	68	68	68	0	68	0	272	0	0	0	0	0	0	0	0	
	6022069	5002	69	6022001	 防具 - 白裝	60	1035	1035	0	0	69	69	69	69	69	0	69	0	276	0	0	0	0	0	0	0	0	
	6022070	5002	70	6022001	 防具 - 白裝	60	1050	1050	0	0	70	70	70	70	70	0	70	0	280	0	0	0	0	0	0	0	0	
	6022071	5002	71	6022001	 防具 - 白裝	60	1065	1065	0	0	71	71	71	71	71	0	71	0	284	0	0	0	0	0	0	0	0	
	6022072	5002	72	6022001	 防具 - 白裝	60	1080	1080	0	0	72	72	72	72	72	0	72	0	288	0	0	0	0	0	0	0	0	
	6022073	5002	73	6022001	 防具 - 白裝	60	1095	1095	0	0	73	73	73	73	73	0	73	0	292	0	0	0	0	0	0	0	0	
	6022074	5002	74	6022001	 防具 - 白裝	60	1110	1110	0	0	74	74	74	74	74	0	74	0	296	0	0	0	0	0	0	0	0	
	6022075	5002	75	6022001	 防具 - 白裝	60	1125	1125	0	0	75	75	75	75	75	0	75	0	300	0	0	0	0	0	0	0	0	
	6022076	5002	76	6022001	 防具 - 白裝	60	1140	1140	0	0	76	76	76	76	76	0	76	0	304	0	0	0	0	0	0	0	0	
	6022077	5002	77	6022001	 防具 - 白裝	60	1155	1155	0	0	77	77	77	77	77	0	77	0	308	0	0	0	0	0	0	0	0	
	6022078	5002	78	6022001	 防具 - 白裝	60	1170	1170	0	0	78	78	78	78	78	0	78	0	312	0	0	0	0	0	0	0	0	
	6022079	5002	79	6022001	 防具 - 白裝	60	1185	1185	0	0	79	79	79	79	79	0	79	0	316	0	0	0	0	0	0	0	0	
	6022080	5002	80	6022001	 防具 - 白裝	60	1200	1200	0	0	80	80	80	80	80	0	80	0	320	0	0	0	0	0	0	0	0	
	6022081	5002	81	6022001	 防具 - 白裝	60	1215	1215	0	0	81	81	81	81	81	0	81	0	324	0	0	0	0	0	0	0	0	
	6022082	5002	82	6022001	 防具 - 白裝	60	1230	1230	0	0	82	82	82	82	82	0	82	0	328	0	0	0	0	0	0	0	0	
	6022083	5002	83	6022001	 防具 - 白裝	60	1245	1245	0	0	83	83	83	83	83	0	83	0	332	0	0	0	0	0	0	0	0	
	6022084	5002	84	6022001	 防具 - 白裝	60	1260	1260	0	0	84	84	84	84	84	0	84	0	336	0	0	0	0	0	0	0	0	
	6022085	5002	85	6022001	 防具 - 白裝	60	1275	1275	0	0	85	85	85	85	85	0	85	0	340	0	0	0	0	0	0	0	0	
	6022086	5002	86	6022001	 防具 - 白裝	60	1290	1290	0	0	86	86	86	86	86	0	86	0	344	0	0	0	0	0	0	0	0	
	6022087	5002	87	6022001	 防具 - 白裝	60	1305	1305	0	0	87	87	87	87	87	0	87	0	348	0	0	0	0	0	0	0	0	
	6022088	5002	88	6022001	 防具 - 白裝	60	1320	1320	0	0	88	88	88	88	88	0	88	0	352	0	0	0	0	0	0	0	0	
	6022089	5002	89	6022001	 防具 - 白裝	60	1335	1335	0	0	89	89	89	89	89	0	89	0	356	0	0	0	0	0	0	0	0	
	6022090	5002	90	6022001	 防具 - 白裝	60	1350	1350	0	0	90	90	90	90	90	0	90	0	360	0	0	0	0	0	0	0	0	
	6022091	5002	91	6022001	 防具 - 白裝	60	1365	1365	0	0	91	91	91	91	91	0	91	0	364	0	0	0	0	0	0	0	0	
	6022092	5002	92	6022001	 防具 - 白裝	60	1380	1380	0	0	92	92	92	92	92	0	92	0	368	0	0	0	0	0	0	0	0	
	6022093	5002	93	6022001	 防具 - 白裝	60	1395	1395	0	0	93	93	93	93	93	0	93	0	372	0	0	0	0	0	0	0	0	
	6022094	5002	94	6022001	 防具 - 白裝	60	1410	1410	0	0	94	94	94	94	94	0	94	0	376	0	0	0	0	0	0	0	0	
	6022095	5002	95	6022001	 防具 - 白裝	60	1425	1425	0	0	95	95	95	95	95	0	95	0	380	0	0	0	0	0	0	0	0	
	6022096	5002	96	6022001	 防具 - 白裝	60	1440	1440	0	0	96	96	96	96	96	0	96	0	384	0	0	0	0	0	0	0	0	
	6022097	5002	97	6022001	 防具 - 白裝	60	1455	1455	0	0	97	97	97	97	97	0	97	0	388	0	0	0	0	0	0	0	0	
	6022098	5002	98	6022001	 防具 - 白裝	60	1470	1470	0	0	98	98	98	98	98	0	98	0	392	0	0	0	0	0	0	0	0	
	6022099	5002	99	6022001	 防具 - 白裝	60	1485	1485	0	0	99	99	99	99	99	0	99	0	396	0	0	0	0	0	0	0	0	
	6022100	5002	100	6022001	 防具 - 白裝	60	1500	1500	0	0	100	100	100	100	100	0	100	0	400	0	0	0	0	0	0	0	0	
	6022101	5002	101	6022001	 防具 - 白裝	60	1515	1515	0	0	101	101	101	101	101	0	101	0	404	0	0	0	0	0	0	0	0	
	6022102	5002	102	6022001	 防具 - 白裝	60	1530	1530	0	0	102	102	102	102	102	0	102	0	408	0	0	0	0	0	0	0	0	
	6022103	5002	103	6022001	 防具 - 白裝	60	1545	1545	0	0	103	103	103	103	103	0	103	0	412	0	0	0	0	0	0	0	0	
	6022104	5002	104	6022001	 防具 - 白裝	60	1560	1560	0	0	104	104	104	104	104	0	104	0	416	0	0	0	0	0	0	0	0	
	6022105	5002	105	6022001	 防具 - 白裝	60	1575	1575	0	0	105	105	105	105	105	0	105	0	420	0	0	0	0	0	0	0	0	
	6022106	5002	106	6022001	 防具 - 白裝	60	1590	1590	0	0	106	106	106	106	106	0	106	0	424	0	0	0	0	0	0	0	0	
	6022107	5002	107	6022001	 防具 - 白裝	60	1605	1605	0	0	107	107	107	107	107	0	107	0	428	0	0	0	0	0	0	0	0	
	6022108	5002	108	6022001	 防具 - 白裝	60	1620	1620	0	0	108	108	108	108	108	0	108	0	432	0	0	0	0	0	0	0	0	
# 防具 - 綠裝																												
	6023001	5002	1	6023001	 防具 - 綠裝	60	17	17	0	0	1	1	1	1	1	0	1	0	4	0	0	0	0	0	0	0	0	
	6023002	5002	2	6023001	 防具 - 綠裝	60	34	34	0	0	2	2	2	2	2	0	2	0	8	0	0	0	0	0	0	0	0	
	6023003	5002	3	6023001	 防具 - 綠裝	60	51	51	0	0	3	3	3	3	3	0	3	0	12	0	0	0	0	0	0	0	0	
	6023004	5002	4	6023001	 防具 - 綠裝	60	68	68	0	0	4	4	4	4	4	0	4	0	16	0	0	0	0	0	0	0	0	
	6023005	5002	5	6023001	 防具 - 綠裝	60	85	85	0	0	5	5	5	5	5	0	5	0	20	0	0	0	0	0	0	0	0	
	6023006	5002	6	6023001	 防具 - 綠裝	60	102	102	0	0	6	6	6	6	6	0	6	0	24	0	0	0	0	0	0	0	0	
	6023007	5002	7	6023001	 防具 - 綠裝	60	119	119	0	0	7	7	7	7	7	0	7	0	28	0	0	0	0	0	0	0	0	
	6023008	5002	8	6023001	 防具 - 綠裝	60	136	136	0	0	8	8	8	8	8	0	8	0	32	0	0	0	0	0	0	0	0	
	6023009	5002	9	6023001	 防具 - 綠裝	60	153	153	0	0	9	9	9	9	9	0	9	0	36	0	0	0	0	0	0	0	0	
	6023010	5002	10	6023001	 防具 - 綠裝	60	170	170	0	0	10	10	10	10	10	0	10	0	40	0	0	0	0	0	0	0	0	
	6023011	5002	11	6023001	 防具 - 綠裝	60	187	187	0	0	11	11	11	11	11	0	11	0	44	0	0	0	0	0	0	0	0	
	6023012	5002	12	6023001	 防具 - 綠裝	60	204	204	0	0	12	12	12	12	12	0	12	0	48	0	0	0	0	0	0	0	0	
	6023013	5002	13	6023001	 防具 - 綠裝	60	221	221	0	0	13	13	13	13	13	0	13	0	52	0	0	0	0	0	0	0	0	
	6023014	5002	14	6023001	 防具 - 綠裝	60	238	238	0	0	14	14	14	14	14	0	14	0	56	0	0	0	0	0	0	0	0	
	6023015	5002	15	6023001	 防具 - 綠裝	60	255	255	0	0	15	15	15	15	15	0	15	0	60	0	0	0	0	0	0	0	0	
	6023016	5002	16	6023001	 防具 - 綠裝	60	272	272	0	0	16	16	16	16	16	0	16	0	64	0	0	0	0	0	0	0	0	
	6023017	5002	17	6023001	 防具 - 綠裝	60	289	289	0	0	17	17	17	17	17	0	17	0	68	0	0	0	0	0	0	0	0	
	6023018	5002	18	6023001	 防具 - 綠裝	60	306	306	0	0	18	18	18	18	18	0	18	0	72	0	0	0	0	0	0	0	0	
	6023019	5002	19	6023001	 防具 - 綠裝	60	323	323	0	0	19	19	19	19	19	0	19	0	76	0	0	0	0	0	0	0	0	
	6023020	5002	20	6023001	 防具 - 綠裝	60	340	340	0	0	20	20	20	20	20	0	20	0	80	0	0	0	0	0	0	0	0	
	6023021	5002	21	6023001	 防具 - 綠裝	60	357	357	0	0	21	21	21	21	21	0	21	0	84	0	0	0	0	0	0	0	0	
	6023022	5002	22	6023001	 防具 - 綠裝	60	374	374	0	0	22	22	22	22	22	0	22	0	88	0	0	0	0	0	0	0	0	
	6023023	5002	23	6023001	 防具 - 綠裝	60	391	391	0	0	23	23	23	23	23	0	23	0	92	0	0	0	0	0	0	0	0	
	6023024	5002	24	6023001	 防具 - 綠裝	60	408	408	0	0	24	24	24	24	24	0	24	0	96	0	0	0	0	0	0	0	0	
	6023025	5002	25	6023001	 防具 - 綠裝	60	425	425	0	0	25	25	25	25	25	0	25	0	100	0	0	0	0	0	0	0	0	
	6023026	5002	26	6023001	 防具 - 綠裝	60	442	442	0	0	26	26	26	26	26	0	26	0	104	0	0	0	0	0	0	0	0	
	6023027	5002	27	6023001	 防具 - 綠裝	60	459	459	0	0	27	27	27	27	27	0	27	0	108	0	0	0	0	0	0	0	0	
	6023028	5002	28	6023001	 防具 - 綠裝	60	476	476	0	0	28	28	28	28	28	0	28	0	112	0	0	0	0	0	0	0	0	
	6023029	5002	29	6023001	 防具 - 綠裝	60	493	493	0	0	29	29	29	29	29	0	29	0	116	0	0	0	0	0	0	0	0	
	6023030	5002	30	6023001	 防具 - 綠裝	60	510	510	0	0	30	30	30	30	30	0	30	0	120	0	0	0	0	0	0	0	0	
	6023031	5002	31	6023001	 防具 - 綠裝	60	527	527	0	0	31	31	31	31	31	0	31	0	124	0	0	0	0	0	0	0	0	
	6023032	5002	32	6023001	 防具 - 綠裝	60	544	544	0	0	32	32	32	32	32	0	32	0	128	0	0	0	0	0	0	0	0	
	6023033	5002	33	6023001	 防具 - 綠裝	60	561	561	0	0	33	33	33	33	33	0	33	0	132	0	0	0	0	0	0	0	0	
	6023034	5002	34	6023001	 防具 - 綠裝	60	578	578	0	0	34	34	34	34	34	0	34	0	136	0	0	0	0	0	0	0	0	
	6023035	5002	35	6023001	 防具 - 綠裝	60	595	595	0	0	35	35	35	35	35	0	35	0	140	0	0	0	0	0	0	0	0	
	6023036	5002	36	6023001	 防具 - 綠裝	60	612	612	0	0	36	36	36	36	36	0	36	0	144	0	0	0	0	0	0	0	0	
	6023037	5002	37	6023001	 防具 - 綠裝	60	629	629	0	0	37	37	37	37	37	0	37	0	148	0	0	0	0	0	0	0	0	
	6023038	5002	38	6023001	 防具 - 綠裝	60	646	646	0	0	38	38	38	38	38	0	38	0	152	0	0	0	0	0	0	0	0	
	6023039	5002	39	6023001	 防具 - 綠裝	60	663	663	0	0	39	39	39	39	39	0	39	0	156	0	0	0	0	0	0	0	0	
	6023040	5002	40	6023001	 防具 - 綠裝	60	680	680	0	0	40	40	40	40	40	0	40	0	160	0	0	0	0	0	0	0	0	
	6023041	5002	41	6023001	 防具 - 綠裝	60	697	697	0	0	41	41	41	41	41	0	41	0	164	0	0	0	0	0	0	0	0	
	6023042	5002	42	6023001	 防具 - 綠裝	60	714	714	0	0	42	42	42	42	42	0	42	0	168	0	0	0	0	0	0	0	0	
	6023043	5002	43	6023001	 防具 - 綠裝	60	731	731	0	0	43	43	43	43	43	0	43	0	172	0	0	0	0	0	0	0	0	
	6023044	5002	44	6023001	 防具 - 綠裝	60	748	748	0	0	44	44	44	44	44	0	44	0	176	0	0	0	0	0	0	0	0	
	6023045	5002	45	6023001	 防具 - 綠裝	60	765	765	0	0	45	45	45	45	45	0	45	0	180	0	0	0	0	0	0	0	0	
	6023046	5002	46	6023001	 防具 - 綠裝	60	782	782	0	0	46	46	46	46	46	0	46	0	184	0	0	0	0	0	0	0	0	
	6023047	5002	47	6023001	 防具 - 綠裝	60	799	799	0	0	47	47	47	47	47	0	47	0	188	0	0	0	0	0	0	0	0	
	6023048	5002	48	6023001	 防具 - 綠裝	60	816	816	0	0	48	48	48	48	48	0	48	0	192	0	0	0	0	0	0	0	0	
	6023049	5002	49	6023001	 防具 - 綠裝	60	833	833	0	0	49	49	49	49	49	0	49	0	196	0	0	0	0	0	0	0	0	
	6023050	5002	50	6023001	 防具 - 綠裝	60	850	850	0	0	50	50	50	50	50	0	50	0	200	0	0	0	0	0	0	0	0	
	6023051	5002	51	6023001	 防具 - 綠裝	60	867	867	0	0	51	51	51	51	51	0	51	0	204	0	0	0	0	0	0	0	0	
	6023052	5002	52	6023001	 防具 - 綠裝	60	884	884	0	0	52	52	52	52	52	0	52	0	208	0	0	0	0	0	0	0	0	
	6023053	5002	53	6023001	 防具 - 綠裝	60	901	901	0	0	53	53	53	53	53	0	53	0	212	0	0	0	0	0	0	0	0	
	6023054	5002	54	6023001	 防具 - 綠裝	60	918	918	0	0	54	54	54	54	54	0	54	0	216	0	0	0	0	0	0	0	0	
	6023055	5002	55	6023001	 防具 - 綠裝	60	935	935	0	0	55	55	55	55	55	0	55	0	220	0	0	0	0	0	0	0	0	
	6023056	5002	56	6023001	 防具 - 綠裝	60	952	952	0	0	56	56	56	56	56	0	56	0	224	0	0	0	0	0	0	0	0	
	6023057	5002	57	6023001	 防具 - 綠裝	60	969	969	0	0	57	57	57	57	57	0	57	0	228	0	0	0	0	0	0	0	0	
	6023058	5002	58	6023001	 防具 - 綠裝	60	986	986	0	0	58	58	58	58	58	0	58	0	232	0	0	0	0	0	0	0	0	
	6023059	5002	59	6023001	 防具 - 綠裝	60	1003	1003	0	0	59	59	59	59	59	0	59	0	236	0	0	0	0	0	0	0	0	
	6023060	5002	60	6023001	 防具 - 綠裝	60	1020	1020	0	0	60	60	60	60	60	0	60	0	240	0	0	0	0	0	0	0	0	
	6023061	5002	61	6023001	 防具 - 綠裝	60	1037	1037	0	0	61	61	61	61	61	0	61	0	244	0	0	0	0	0	0	0	0	
	6023062	5002	62	6023001	 防具 - 綠裝	60	1054	1054	0	0	62	62	62	62	62	0	62	0	248	0	0	0	0	0	0	0	0	
	6023063	5002	63	6023001	 防具 - 綠裝	60	1071	1071	0	0	63	63	63	63	63	0	63	0	252	0	0	0	0	0	0	0	0	
	6023064	5002	64	6023001	 防具 - 綠裝	60	1088	1088	0	0	64	64	64	64	64	0	64	0	256	0	0	0	0	0	0	0	0	
	6023065	5002	65	6023001	 防具 - 綠裝	60	1105	1105	0	0	65	65	65	65	65	0	65	0	260	0	0	0	0	0	0	0	0	
	6023066	5002	66	6023001	 防具 - 綠裝	60	1122	1122	0	0	66	66	66	66	66	0	66	0	264	0	0	0	0	0	0	0	0	
	6023067	5002	67	6023001	 防具 - 綠裝	60	1139	1139	0	0	67	67	67	67	67	0	67	0	268	0	0	0	0	0	0	0	0	
	6023068	5002	68	6023001	 防具 - 綠裝	60	1156	1156	0	0	68	68	68	68	68	0	68	0	272	0	0	0	0	0	0	0	0	
	6023069	5002	69	6023001	 防具 - 綠裝	60	1173	1173	0	0	69	69	69	69	69	0	69	0	276	0	0	0	0	0	0	0	0	
	6023070	5002	70	6023001	 防具 - 綠裝	60	1190	1190	0	0	70	70	70	70	70	0	70	0	280	0	0	0	0	0	0	0	0	
	6023071	5002	71	6023001	 防具 - 綠裝	60	1207	1207	0	0	71	71	71	71	71	0	71	0	284	0	0	0	0	0	0	0	0	
	6023072	5002	72	6023001	 防具 - 綠裝	60	1224	1224	0	0	72	72	72	72	72	0	72	0	288	0	0	0	0	0	0	0	0	
	6023073	5002	73	6023001	 防具 - 綠裝	60	1241	1241	0	0	73	73	73	73	73	0	73	0	292	0	0	0	0	0	0	0	0	
	6023074	5002	74	6023001	 防具 - 綠裝	60	1258	1258	0	0	74	74	74	74	74	0	74	0	296	0	0	0	0	0	0	0	0	
	6023075	5002	75	6023001	 防具 - 綠裝	60	1275	1275	0	0	75	75	75	75	75	0	75	0	300	0	0	0	0	0	0	0	0	
	6023076	5002	76	6023001	 防具 - 綠裝	60	1292	1292	0	0	76	76	76	76	76	0	76	0	304	0	0	0	0	0	0	0	0	
	6023077	5002	77	6023001	 防具 - 綠裝	60	1309	1309	0	0	77	77	77	77	77	0	77	0	308	0	0	0	0	0	0	0	0	
	6023078	5002	78	6023001	 防具 - 綠裝	60	1326	1326	0	0	78	78	78	78	78	0	78	0	312	0	0	0	0	0	0	0	0	
	6023079	5002	79	6023001	 防具 - 綠裝	60	1343	1343	0	0	79	79	79	79	79	0	79	0	316	0	0	0	0	0	0	0	0	
	6023080	5002	80	6023001	 防具 - 綠裝	60	1360	1360	0	0	80	80	80	80	80	0	80	0	320	0	0	0	0	0	0	0	0	
	6023081	5002	81	6023001	 防具 - 綠裝	60	1377	1377	0	0	81	81	81	81	81	0	81	0	324	0	0	0	0	0	0	0	0	
	6023082	5002	82	6023001	 防具 - 綠裝	60	1394	1394	0	0	82	82	82	82	82	0	82	0	328	0	0	0	0	0	0	0	0	
	6023083	5002	83	6023001	 防具 - 綠裝	60	1411	1411	0	0	83	83	83	83	83	0	83	0	332	0	0	0	0	0	0	0	0	
	6023084	5002	84	6023001	 防具 - 綠裝	60	1428	1428	0	0	84	84	84	84	84	0	84	0	336	0	0	0	0	0	0	0	0	
	6023085	5002	85	6023001	 防具 - 綠裝	60	1445	1445	0	0	85	85	85	85	85	0	85	0	340	0	0	0	0	0	0	0	0	
	6023086	5002	86	6023001	 防具 - 綠裝	60	1462	1462	0	0	86	86	86	86	86	0	86	0	344	0	0	0	0	0	0	0	0	
	6023087	5002	87	6023001	 防具 - 綠裝	60	1479	1479	0	0	87	87	87	87	87	0	87	0	348	0	0	0	0	0	0	0	0	
	6023088	5002	88	6023001	 防具 - 綠裝	60	1496	1496	0	0	88	88	88	88	88	0	88	0	352	0	0	0	0	0	0	0	0	
	6023089	5002	89	6023001	 防具 - 綠裝	60	1513	1513	0	0	89	89	89	89	89	0	89	0	356	0	0	0	0	0	0	0	0	
	6023090	5002	90	6023001	 防具 - 綠裝	60	1530	1530	0	0	90	90	90	90	90	0	90	0	360	0	0	0	0	0	0	0	0	
	6023091	5002	91	6023001	 防具 - 綠裝	60	1547	1547	0	0	91	91	91	91	91	0	91	0	364	0	0	0	0	0	0	0	0	
	6023092	5002	92	6023001	 防具 - 綠裝	60	1564	1564	0	0	92	92	92	92	92	0	92	0	368	0	0	0	0	0	0	0	0	
	6023093	5002	93	6023001	 防具 - 綠裝	60	1581	1581	0	0	93	93	93	93	93	0	93	0	372	0	0	0	0	0	0	0	0	
	6023094	5002	94	6023001	 防具 - 綠裝	60	1598	1598	0	0	94	94	94	94	94	0	94	0	376	0	0	0	0	0	0	0	0	
	6023095	5002	95	6023001	 防具 - 綠裝	60	1615	1615	0	0	95	95	95	95	95	0	95	0	380	0	0	0	0	0	0	0	0	
	6023096	5002	96	6023001	 防具 - 綠裝	60	1632	1632	0	0	96	96	96	96	96	0	96	0	384	0	0	0	0	0	0	0	0	
	6023097	5002	97	6023001	 防具 - 綠裝	60	1649	1649	0	0	97	97	97	97	97	0	97	0	388	0	0	0	0	0	0	0	0	
	6023098	5002	98	6023001	 防具 - 綠裝	60	1666	1666	0	0	98	98	98	98	98	0	98	0	392	0	0	0	0	0	0	0	0	
	6023099	5002	99	6023001	 防具 - 綠裝	60	1683	1683	0	0	99	99	99	99	99	0	99	0	396	0	0	0	0	0	0	0	0	
	6023100	5002	100	6023001	 防具 - 綠裝	60	1700	1700	0	0	100	100	100	100	100	0	100	0	400	0	0	0	0	0	0	0	0	
	6023101	5002	101	6023001	 防具 - 綠裝	60	1717	1717	0	0	101	101	101	101	101	0	101	0	404	0	0	0	0	0	0	0	0	
	6023102	5002	102	6023001	 防具 - 綠裝	60	1734	1734	0	0	102	102	102	102	102	0	102	0	408	0	0	0	0	0	0	0	0	
	6023103	5002	103	6023001	 防具 - 綠裝	60	1751	1751	0	0	103	103	103	103	103	0	103	0	412	0	0	0	0	0	0	0	0	
	6023104	5002	104	6023001	 防具 - 綠裝	60	1768	1768	0	0	104	104	104	104	104	0	104	0	416	0	0	0	0	0	0	0	0	
	6023105	5002	105	6023001	 防具 - 綠裝	60	1785	1785	0	0	105	105	105	105	105	0	105	0	420	0	0	0	0	0	0	0	0	
	6023106	5002	106	6023001	 防具 - 綠裝	60	1802	1802	0	0	106	106	106	106	106	0	106	0	424	0	0	0	0	0	0	0	0	
	6023107	5002	107	6023001	 防具 - 綠裝	60	1819	1819	0	0	107	107	107	107	107	0	107	0	428	0	0	0	0	0	0	0	0	
	6023108	5002	108	6023001	 防具 - 綠裝	60	1836	1836	0	0	108	108	108	108	108	0	108	0	432	0	0	0	0	0	0	0	0	
# 防具 - 藍裝																												
	6024001	5002	1	6024001	 防具 - 藍裝	60	19	19	0	0	2	2	2	2	2	0	2	0	8	0	0	0	0	0	0	0	0	
	6024002	5002	2	6024001	 防具 - 藍裝	60	38	38	0	0	4	4	4	4	4	0	4	0	16	0	0	0	0	0	0	0	0	
	6024003	5002	3	6024001	 防具 - 藍裝	60	57	57	0	0	6	6	6	6	6	0	6	0	24	0	0	0	0	0	0	0	0	
	6024004	5002	4	6024001	 防具 - 藍裝	60	76	76	0	0	8	8	8	8	8	0	8	0	32	0	0	0	0	0	0	0	0	
	6024005	5002	5	6024001	 防具 - 藍裝	60	95	95	0	0	10	10	10	10	10	0	10	0	40	0	0	0	0	0	0	0	0	
	6024006	5002	6	6024001	 防具 - 藍裝	60	114	114	0	0	12	12	12	12	12	0	12	0	48	0	0	0	0	0	0	0	0	
	6024007	5002	7	6024001	 防具 - 藍裝	60	133	133	0	0	14	14	14	14	14	0	14	0	56	0	0	0	0	0	0	0	0	
	6024008	5002	8	6024001	 防具 - 藍裝	60	152	152	0	0	16	16	16	16	16	0	16	0	64	0	0	0	0	0	0	0	0	
	6024009	5002	9	6024001	 防具 - 藍裝	60	171	171	0	0	18	18	18	18	18	0	18	0	72	0	0	0	0	0	0	0	0	
	6024010	5002	10	6024001	 防具 - 藍裝	60	190	190	0	0	20	20	20	20	20	0	20	0	80	0	0	0	0	0	0	0	0	
	6024011	5002	11	6024001	 防具 - 藍裝	60	209	209	0	0	22	22	22	22	22	0	22	0	88	0	0	0	0	0	0	0	0	
	6024012	5002	12	6024001	 防具 - 藍裝	60	228	228	0	0	24	24	24	24	24	0	24	0	96	0	0	0	0	0	0	0	0	
	6024013	5002	13	6024001	 防具 - 藍裝	60	247	247	0	0	26	26	26	26	26	0	26	0	104	0	0	0	0	0	0	0	0	
	6024014	5002	14	6024001	 防具 - 藍裝	60	266	266	0	0	28	28	28	28	28	0	28	0	112	0	0	0	0	0	0	0	0	
	6024015	5002	15	6024001	 防具 - 藍裝	60	285	285	0	0	30	30	30	30	30	0	30	0	120	0	0	0	0	0	0	0	0	
	6024016	5002	16	6024001	 防具 - 藍裝	60	304	304	0	0	32	32	32	32	32	0	32	0	128	0	0	0	0	0	0	0	0	
	6024017	5002	17	6024001	 防具 - 藍裝	60	323	323	0	0	34	34	34	34	34	0	34	0	136	0	0	0	0	0	0	0	0	
	6024018	5002	18	6024001	 防具 - 藍裝	60	342	342	0	0	36	36	36	36	36	0	36	0	144	0	0	0	0	0	0	0	0	
	6024019	5002	19	6024001	 防具 - 藍裝	60	361	361	0	0	38	38	38	38	38	0	38	0	152	0	0	0	0	0	0	0	0	
	6024020	5002	20	6024001	 防具 - 藍裝	60	380	380	0	0	40	40	40	40	40	0	40	0	160	0	0	0	0	0	0	0	0	
	6024021	5002	21	6024001	 防具 - 藍裝	60	399	399	0	0	42	42	42	42	42	0	42	0	168	0	0	0	0	0	0	0	0	
	6024022	5002	22	6024001	 防具 - 藍裝	60	418	418	0	0	44	44	44	44	44	0	44	0	176	0	0	0	0	0	0	0	0	
	6024023	5002	23	6024001	 防具 - 藍裝	60	437	437	0	0	46	46	46	46	46	0	46	0	184	0	0	0	0	0	0	0	0	
	6024024	5002	24	6024001	 防具 - 藍裝	60	456	456	0	0	48	48	48	48	48	0	48	0	192	0	0	0	0	0	0	0	0	
	6024025	5002	25	6024001	 防具 - 藍裝	60	475	475	0	0	50	50	50	50	50	0	50	0	200	0	0	0	0	0	0	0	0	
	6024026	5002	26	6024001	 防具 - 藍裝	60	494	494	0	0	52	52	52	52	52	0	52	0	208	0	0	0	0	0	0	0	0	
	6024027	5002	27	6024001	 防具 - 藍裝	60	513	513	0	0	54	54	54	54	54	0	54	0	216	0	0	0	0	0	0	0	0	
	6024028	5002	28	6024001	 防具 - 藍裝	60	532	532	0	0	56	56	56	56	56	0	56	0	224	0	0	0	0	0	0	0	0	
	6024029	5002	29	6024001	 防具 - 藍裝	60	551	551	0	0	58	58	58	58	58	0	58	0	232	0	0	0	0	0	0	0	0	
	6024030	5002	30	6024001	 防具 - 藍裝	60	570	570	0	0	60	60	60	60	60	0	60	0	240	0	0	0	0	0	0	0	0	
	6024031	5002	31	6024001	 防具 - 藍裝	60	589	589	0	0	62	62	62	62	62	0	62	0	248	0	0	0	0	0	0	0	0	
	6024032	5002	32	6024001	 防具 - 藍裝	60	608	608	0	0	64	64	64	64	64	0	64	0	256	0	0	0	0	0	0	0	0	
	6024033	5002	33	6024001	 防具 - 藍裝	60	627	627	0	0	66	66	66	66	66	0	66	0	264	0	0	0	0	0	0	0	0	
	6024034	5002	34	6024001	 防具 - 藍裝	60	646	646	0	0	68	68	68	68	68	0	68	0	272	0	0	0	0	0	0	0	0	
	6024035	5002	35	6024001	 防具 - 藍裝	60	665	665	0	0	70	70	70	70	70	0	70	0	280	0	0	0	0	0	0	0	0	
	6024036	5002	36	6024001	 防具 - 藍裝	60	684	684	0	0	72	72	72	72	72	0	72	0	288	0	0	0	0	0	0	0	0	
	6024037	5002	37	6024001	 防具 - 藍裝	60	703	703	0	0	74	74	74	74	74	0	74	0	296	0	0	0	0	0	0	0	0	
	6024038	5002	38	6024001	 防具 - 藍裝	60	722	722	0	0	76	76	76	76	76	0	76	0	304	0	0	0	0	0	0	0	0	
	6024039	5002	39	6024001	 防具 - 藍裝	60	741	741	0	0	78	78	78	78	78	0	78	0	312	0	0	0	0	0	0	0	0	
	6024040	5002	40	6024001	 防具 - 藍裝	60	760	760	0	0	80	80	80	80	80	0	80	0	320	0	0	0	0	0	0	0	0	
	6024041	5002	41	6024001	 防具 - 藍裝	60	779	779	0	0	82	82	82	82	82	0	82	0	328	0	0	0	0	0	0	0	0	
	6024042	5002	42	6024001	 防具 - 藍裝	60	798	798	0	0	84	84	84	84	84	0	84	0	336	0	0	0	0	0	0	0	0	
	6024043	5002	43	6024001	 防具 - 藍裝	60	817	817	0	0	86	86	86	86	86	0	86	0	344	0	0	0	0	0	0	0	0	
	6024044	5002	44	6024001	 防具 - 藍裝	60	836	836	0	0	88	88	88	88	88	0	88	0	352	0	0	0	0	0	0	0	0	
	6024045	5002	45	6024001	 防具 - 藍裝	60	855	855	0	0	90	90	90	90	90	0	90	0	360	0	0	0	0	0	0	0	0	
	6024046	5002	46	6024001	 防具 - 藍裝	60	874	874	0	0	92	92	92	92	92	0	92	0	368	0	0	0	0	0	0	0	0	
	6024047	5002	47	6024001	 防具 - 藍裝	60	893	893	0	0	94	94	94	94	94	0	94	0	376	0	0	0	0	0	0	0	0	
	6024048	5002	48	6024001	 防具 - 藍裝	60	912	912	0	0	96	96	96	96	96	0	96	0	384	0	0	0	0	0	0	0	0	
	6024049	5002	49	6024001	 防具 - 藍裝	60	931	931	0	0	98	98	98	98	98	0	98	0	392	0	0	0	0	0	0	0	0	
	6024050	5002	50	6024001	 防具 - 藍裝	60	950	950	0	0	100	100	100	100	100	0	100	0	400	0	0	0	0	0	0	0	0	
	6024051	5002	51	6024001	 防具 - 藍裝	60	969	969	0	0	102	102	102	102	102	0	102	0	408	0	0	0	0	0	0	0	0	
	6024052	5002	52	6024001	 防具 - 藍裝	60	988	988	0	0	104	104	104	104	104	0	104	0	416	0	0	0	0	0	0	0	0	
	6024053	5002	53	6024001	 防具 - 藍裝	60	1007	1007	0	0	106	106	106	106	106	0	106	0	424	0	0	0	0	0	0	0	0	
	6024054	5002	54	6024001	 防具 - 藍裝	60	1026	1026	0	0	108	108	108	108	108	0	108	0	432	0	0	0	0	0	0	0	0	
	6024055	5002	55	6024001	 防具 - 藍裝	60	1045	1045	0	0	110	110	110	110	110	0	110	0	440	0	0	0	0	0	0	0	0	
	6024056	5002	56	6024001	 防具 - 藍裝	60	1064	1064	0	0	112	112	112	112	112	0	112	0	448	0	0	0	0	0	0	0	0	
	6024057	5002	57	6024001	 防具 - 藍裝	60	1083	1083	0	0	114	114	114	114	114	0	114	0	456	0	0	0	0	0	0	0	0	
	6024058	5002	58	6024001	 防具 - 藍裝	60	1102	1102	0	0	116	116	116	116	116	0	116	0	464	0	0	0	0	0	0	0	0	
	6024059	5002	59	6024001	 防具 - 藍裝	60	1121	1121	0	0	118	118	118	118	118	0	118	0	472	0	0	0	0	0	0	0	0	
	6024060	5002	60	6024001	 防具 - 藍裝	60	1140	1140	0	0	120	120	120	120	120	0	120	0	480	0	0	0	0	0	0	0	0	
	6024061	5002	61	6024001	 防具 - 藍裝	60	1159	1159	0	0	122	122	122	122	122	0	122	0	488	0	0	0	0	0	0	0	0	
	6024062	5002	62	6024001	 防具 - 藍裝	60	1178	1178	0	0	124	124	124	124	124	0	124	0	496	0	0	0	0	0	0	0	0	
	6024063	5002	63	6024001	 防具 - 藍裝	60	1197	1197	0	0	126	126	126	126	126	0	126	0	504	0	0	0	0	0	0	0	0	
	6024064	5002	64	6024001	 防具 - 藍裝	60	1216	1216	0	0	128	128	128	128	128	0	128	0	512	0	0	0	0	0	0	0	0	
	6024065	5002	65	6024001	 防具 - 藍裝	60	1235	1235	0	0	130	130	130	130	130	0	130	0	520	0	0	0	0	0	0	0	0	
	6024066	5002	66	6024001	 防具 - 藍裝	60	1254	1254	0	0	132	132	132	132	132	0	132	0	528	0	0	0	0	0	0	0	0	
	6024067	5002	67	6024001	 防具 - 藍裝	60	1273	1273	0	0	134	134	134	134	134	0	134	0	536	0	0	0	0	0	0	0	0	
	6024068	5002	68	6024001	 防具 - 藍裝	60	1292	1292	0	0	136	136	136	136	136	0	136	0	544	0	0	0	0	0	0	0	0	
	6024069	5002	69	6024001	 防具 - 藍裝	60	1311	1311	0	0	138	138	138	138	138	0	138	0	552	0	0	0	0	0	0	0	0	
	6024070	5002	70	6024001	 防具 - 藍裝	60	1330	1330	0	0	140	140	140	140	140	0	140	0	560	0	0	0	0	0	0	0	0	
	6024071	5002	71	6024001	 防具 - 藍裝	60	1349	1349	0	0	142	142	142	142	142	0	142	0	568	0	0	0	0	0	0	0	0	
	6024072	5002	72	6024001	 防具 - 藍裝	60	1368	1368	0	0	144	144	144	144	144	0	144	0	576	0	0	0	0	0	0	0	0	
	6024073	5002	73	6024001	 防具 - 藍裝	60	1387	1387	0	0	146	146	146	146	146	0	146	0	584	0	0	0	0	0	0	0	0	
	6024074	5002	74	6024001	 防具 - 藍裝	60	1406	1406	0	0	148	148	148	148	148	0	148	0	592	0	0	0	0	0	0	0	0	
	6024075	5002	75	6024001	 防具 - 藍裝	60	1425	1425	0	0	150	150	150	150	150	0	150	0	600	0	0	0	0	0	0	0	0	
	6024076	5002	76	6024001	 防具 - 藍裝	60	1444	1444	0	0	152	152	152	152	152	0	152	0	608	0	0	0	0	0	0	0	0	
	6024077	5002	77	6024001	 防具 - 藍裝	60	1463	1463	0	0	154	154	154	154	154	0	154	0	616	0	0	0	0	0	0	0	0	
	6024078	5002	78	6024001	 防具 - 藍裝	60	1482	1482	0	0	156	156	156	156	156	0	156	0	624	0	0	0	0	0	0	0	0	
	6024079	5002	79	6024001	 防具 - 藍裝	60	1501	1501	0	0	158	158	158	158	158	0	158	0	632	0	0	0	0	0	0	0	0	
	6024080	5002	80	6024001	 防具 - 藍裝	60	1520	1520	0	0	160	160	160	160	160	0	160	0	640	0	0	0	0	0	0	0	0	
	6024081	5002	81	6024001	 防具 - 藍裝	60	1539	1539	0	0	162	162	162	162	162	0	162	0	648	0	0	0	0	0	0	0	0	
	6024082	5002	82	6024001	 防具 - 藍裝	60	1558	1558	0	0	164	164	164	164	164	0	164	0	656	0	0	0	0	0	0	0	0	
	6024083	5002	83	6024001	 防具 - 藍裝	60	1577	1577	0	0	166	166	166	166	166	0	166	0	664	0	0	0	0	0	0	0	0	
	6024084	5002	84	6024001	 防具 - 藍裝	60	1596	1596	0	0	168	168	168	168	168	0	168	0	672	0	0	0	0	0	0	0	0	
	6024085	5002	85	6024001	 防具 - 藍裝	60	1615	1615	0	0	170	170	170	170	170	0	170	0	680	0	0	0	0	0	0	0	0	
	6024086	5002	86	6024001	 防具 - 藍裝	60	1634	1634	0	0	172	172	172	172	172	0	172	0	688	0	0	0	0	0	0	0	0	
	6024087	5002	87	6024001	 防具 - 藍裝	60	1653	1653	0	0	174	174	174	174	174	0	174	0	696	0	0	0	0	0	0	0	0	
	6024088	5002	88	6024001	 防具 - 藍裝	60	1672	1672	0	0	176	176	176	176	176	0	176	0	704	0	0	0	0	0	0	0	0	
	6024089	5002	89	6024001	 防具 - 藍裝	60	1691	1691	0	0	178	178	178	178	178	0	178	0	712	0	0	0	0	0	0	0	0	
	6024090	5002	90	6024001	 防具 - 藍裝	60	1710	1710	0	0	180	180	180	180	180	0	180	0	720	0	0	0	0	0	0	0	0	
	6024091	5002	91	6024001	 防具 - 藍裝	60	1729	1729	0	0	182	182	182	182	182	0	182	0	728	0	0	0	0	0	0	0	0	
	6024092	5002	92	6024001	 防具 - 藍裝	60	1748	1748	0	0	184	184	184	184	184	0	184	0	736	0	0	0	0	0	0	0	0	
	6024093	5002	93	6024001	 防具 - 藍裝	60	1767	1767	0	0	186	186	186	186	186	0	186	0	744	0	0	0	0	0	0	0	0	
	6024094	5002	94	6024001	 防具 - 藍裝	60	1786	1786	0	0	188	188	188	188	188	0	188	0	752	0	0	0	0	0	0	0	0	
	6024095	5002	95	6024001	 防具 - 藍裝	60	1805	1805	0	0	190	190	190	190	190	0	190	0	760	0	0	0	0	0	0	0	0	
	6024096	5002	96	6024001	 防具 - 藍裝	60	1824	1824	0	0	192	192	192	192	192	0	192	0	768	0	0	0	0	0	0	0	0	
	6024097	5002	97	6024001	 防具 - 藍裝	60	1843	1843	0	0	194	194	194	194	194	0	194	0	776	0	0	0	0	0	0	0	0	
	6024098	5002	98	6024001	 防具 - 藍裝	60	1862	1862	0	0	196	196	196	196	196	0	196	0	784	0	0	0	0	0	0	0	0	
	6024099	5002	99	6024001	 防具 - 藍裝	60	1881	1881	0	0	198	198	198	198	198	0	198	0	792	0	0	0	0	0	0	0	0	
	6024100	5002	100	6024001	 防具 - 藍裝	60	1900	1900	0	0	200	200	200	200	200	0	200	0	800	0	0	0	0	0	0	0	0	
	6024101	5002	101	6024001	 防具 - 藍裝	60	1919	1919	0	0	202	202	202	202	202	0	202	0	808	0	0	0	0	0	0	0	0	
	6024102	5002	102	6024001	 防具 - 藍裝	60	1938	1938	0	0	204	204	204	204	204	0	204	0	816	0	0	0	0	0	0	0	0	
	6024103	5002	103	6024001	 防具 - 藍裝	60	1957	1957	0	0	206	206	206	206	206	0	206	0	824	0	0	0	0	0	0	0	0	
	6024104	5002	104	6024001	 防具 - 藍裝	60	1976	1976	0	0	208	208	208	208	208	0	208	0	832	0	0	0	0	0	0	0	0	
	6024105	5002	105	6024001	 防具 - 藍裝	60	1995	1995	0	0	210	210	210	210	210	0	210	0	840	0	0	0	0	0	0	0	0	
	6024106	5002	106	6024001	 防具 - 藍裝	60	2014	2014	0	0	212	212	212	212	212	0	212	0	848	0	0	0	0	0	0	0	0	
	6024107	5002	107	6024001	 防具 - 藍裝	60	2033	2033	0	0	214	214	214	214	214	0	214	0	856	0	0	0	0	0	0	0	0	
	6024108	5002	108	6024001	 防具 - 藍裝	60	2052	2052	0	0	216	216	216	216	216	0	216	0	864	0	0	0	0	0	0	0	0	
# 防具 - 紫裝																												
	6025001	5002	1	6025001	 防具 - 紫裝	60	21	21	0	0	2	2	2	2	2	0	2	0	8	0	0	0	0	0	0	0	0	
	6025002	5002	2	6025001	 防具 - 紫裝	60	42	42	0	0	4	4	4	4	4	0	4	0	16	0	0	0	0	0	0	0	0	
	6025003	5002	3	6025001	 防具 - 紫裝	60	63	63	0	0	6	6	6	6	6	0	6	0	24	0	0	0	0	0	0	0	0	
	6025004	5002	4	6025001	 防具 - 紫裝	60	84	84	0	0	8	8	8	8	8	0	8	0	32	0	0	0	0	0	0	0	0	
	6025005	5002	5	6025001	 防具 - 紫裝	60	105	105	0	0	10	10	10	10	10	0	10	0	40	0	0	0	0	0	0	0	0	
	6025006	5002	6	6025001	 防具 - 紫裝	60	126	126	0	0	12	12	12	12	12	0	12	0	48	0	0	0	0	0	0	0	0	
	6025007	5002	7	6025001	 防具 - 紫裝	60	147	147	0	0	14	14	14	14	14	0	14	0	56	0	0	0	0	0	0	0	0	
	6025008	5002	8	6025001	 防具 - 紫裝	60	168	168	0	0	16	16	16	16	16	0	16	0	64	0	0	0	0	0	0	0	0	
	6025009	5002	9	6025001	 防具 - 紫裝	60	189	189	0	0	18	18	18	18	18	0	18	0	72	0	0	0	0	0	0	0	0	
	6025010	5002	10	6025001	 防具 - 紫裝	60	210	210	0	0	20	20	20	20	20	0	20	0	80	0	0	0	0	0	0	0	0	
	6025011	5002	11	6025001	 防具 - 紫裝	60	231	231	0	0	22	22	22	22	22	0	22	0	88	0	0	0	0	0	0	0	0	
	6025012	5002	12	6025001	 防具 - 紫裝	60	252	252	0	0	24	24	24	24	24	0	24	0	96	0	0	0	0	0	0	0	0	
	6025013	5002	13	6025001	 防具 - 紫裝	60	273	273	0	0	26	26	26	26	26	0	26	0	104	0	0	0	0	0	0	0	0	
	6025014	5002	14	6025001	 防具 - 紫裝	60	294	294	0	0	28	28	28	28	28	0	28	0	112	0	0	0	0	0	0	0	0	
	6025015	5002	15	6025001	 防具 - 紫裝	60	315	315	0	0	30	30	30	30	30	0	30	0	120	0	0	0	0	0	0	0	0	
	6025016	5002	16	6025001	 防具 - 紫裝	60	336	336	0	0	32	32	32	32	32	0	32	0	128	0	0	0	0	0	0	0	0	
	6025017	5002	17	6025001	 防具 - 紫裝	60	357	357	0	0	34	34	34	34	34	0	34	0	136	0	0	0	0	0	0	0	0	
	6025018	5002	18	6025001	 防具 - 紫裝	60	378	378	0	0	36	36	36	36	36	0	36	0	144	0	0	0	0	0	0	0	0	
	6025019	5002	19	6025001	 防具 - 紫裝	60	399	399	0	0	38	38	38	38	38	0	38	0	152	0	0	0	0	0	0	0	0	
	6025020	5002	20	6025001	 防具 - 紫裝	60	420	420	0	0	40	40	40	40	40	0	40	0	160	0	0	0	0	0	0	0	0	
	6025021	5002	21	6025001	 防具 - 紫裝	60	441	441	0	0	42	42	42	42	42	0	42	0	168	0	0	0	0	0	0	0	0	
	6025022	5002	22	6025001	 防具 - 紫裝	60	462	462	0	0	44	44	44	44	44	0	44	0	176	0	0	0	0	0	0	0	0	
	6025023	5002	23	6025001	 防具 - 紫裝	60	483	483	0	0	46	46	46	46	46	0	46	0	184	0	0	0	0	0	0	0	0	
	6025024	5002	24	6025001	 防具 - 紫裝	60	504	504	0	0	48	48	48	48	48	0	48	0	192	0	0	0	0	0	0	0	0	
	6025025	5002	25	6025001	 防具 - 紫裝	60	525	525	0	0	50	50	50	50	50	0	50	0	200	0	0	0	0	0	0	0	0	
	6025026	5002	26	6025001	 防具 - 紫裝	60	546	546	0	0	52	52	52	52	52	0	52	0	208	0	0	0	0	0	0	0	0	
	6025027	5002	27	6025001	 防具 - 紫裝	60	567	567	0	0	54	54	54	54	54	0	54	0	216	0	0	0	0	0	0	0	0	
	6025028	5002	28	6025001	 防具 - 紫裝	60	588	588	0	0	56	56	56	56	56	0	56	0	224	0	0	0	0	0	0	0	0	
	6025029	5002	29	6025001	 防具 - 紫裝	60	609	609	0	0	58	58	58	58	58	0	58	0	232	0	0	0	0	0	0	0	0	
	6025030	5002	30	6025001	 防具 - 紫裝	60	630	630	0	0	60	60	60	60	60	0	60	0	240	0	0	0	0	0	0	0	0	
	6025031	5002	31	6025001	 防具 - 紫裝	60	651	651	0	0	62	62	62	62	62	0	62	0	248	0	0	0	0	0	0	0	0	
	6025032	5002	32	6025001	 防具 - 紫裝	60	672	672	0	0	64	64	64	64	64	0	64	0	256	0	0	0	0	0	0	0	0	
	6025033	5002	33	6025001	 防具 - 紫裝	60	693	693	0	0	66	66	66	66	66	0	66	0	264	0	0	0	0	0	0	0	0	
	6025034	5002	34	6025001	 防具 - 紫裝	60	714	714	0	0	68	68	68	68	68	0	68	0	272	0	0	0	0	0	0	0	0	
	6025035	5002	35	6025001	 防具 - 紫裝	60	735	735	0	0	70	70	70	70	70	0	70	0	280	0	0	0	0	0	0	0	0	
	6025036	5002	36	6025001	 防具 - 紫裝	60	756	756	0	0	72	72	72	72	72	0	72	0	288	0	0	0	0	0	0	0	0	
	6025037	5002	37	6025001	 防具 - 紫裝	60	777	777	0	0	74	74	74	74	74	0	74	0	296	0	0	0	0	0	0	0	0	
	6025038	5002	38	6025001	 防具 - 紫裝	60	798	798	0	0	76	76	76	76	76	0	76	0	304	0	0	0	0	0	0	0	0	
	6025039	5002	39	6025001	 防具 - 紫裝	60	819	819	0	0	78	78	78	78	78	0	78	0	312	0	0	0	0	0	0	0	0	
	6025040	5002	40	6025001	 防具 - 紫裝	60	840	840	0	0	80	80	80	80	80	0	80	0	320	0	0	0	0	0	0	0	0	
	6025041	5002	41	6025001	 防具 - 紫裝	60	861	861	0	0	82	82	82	82	82	0	82	0	328	0	0	0	0	0	0	0	0	
	6025042	5002	42	6025001	 防具 - 紫裝	60	882	882	0	0	84	84	84	84	84	0	84	0	336	0	0	0	0	0	0	0	0	
	6025043	5002	43	6025001	 防具 - 紫裝	60	903	903	0	0	86	86	86	86	86	0	86	0	344	0	0	0	0	0	0	0	0	
	6025044	5002	44	6025001	 防具 - 紫裝	60	924	924	0	0	88	88	88	88	88	0	88	0	352	0	0	0	0	0	0	0	0	
	6025045	5002	45	6025001	 防具 - 紫裝	60	945	945	0	0	90	90	90	90	90	0	90	0	360	0	0	0	0	0	0	0	0	
	6025046	5002	46	6025001	 防具 - 紫裝	60	966	966	0	0	92	92	92	92	92	0	92	0	368	0	0	0	0	0	0	0	0	
	6025047	5002	47	6025001	 防具 - 紫裝	60	987	987	0	0	94	94	94	94	94	0	94	0	376	0	0	0	0	0	0	0	0	
	6025048	5002	48	6025001	 防具 - 紫裝	60	1008	1008	0	0	96	96	96	96	96	0	96	0	384	0	0	0	0	0	0	0	0	
	6025049	5002	49	6025001	 防具 - 紫裝	60	1029	1029	0	0	98	98	98	98	98	0	98	0	392	0	0	0	0	0	0	0	0	
	6025050	5002	50	6025001	 防具 - 紫裝	60	1050	1050	0	0	100	100	100	100	100	0	100	0	400	0	0	0	0	0	0	0	0	
	6025051	5002	51	6025001	 防具 - 紫裝	60	1071	1071	0	0	102	102	102	102	102	0	102	0	408	0	0	0	0	0	0	0	0	
	6025052	5002	52	6025001	 防具 - 紫裝	60	1092	1092	0	0	104	104	104	104	104	0	104	0	416	0	0	0	0	0	0	0	0	
	6025053	5002	53	6025001	 防具 - 紫裝	60	1113	1113	0	0	106	106	106	106	106	0	106	0	424	0	0	0	0	0	0	0	0	
	6025054	5002	54	6025001	 防具 - 紫裝	60	1134	1134	0	0	108	108	108	108	108	0	108	0	432	0	0	0	0	0	0	0	0	
	6025055	5002	55	6025001	 防具 - 紫裝	60	1155	1155	0	0	110	110	110	110	110	0	110	0	440	0	0	0	0	0	0	0	0	
	6025056	5002	56	6025001	 防具 - 紫裝	60	1176	1176	0	0	112	112	112	112	112	0	112	0	448	0	0	0	0	0	0	0	0	
	6025057	5002	57	6025001	 防具 - 紫裝	60	1197	1197	0	0	114	114	114	114	114	0	114	0	456	0	0	0	0	0	0	0	0	
	6025058	5002	58	6025001	 防具 - 紫裝	60	1218	1218	0	0	116	116	116	116	116	0	116	0	464	0	0	0	0	0	0	0	0	
	6025059	5002	59	6025001	 防具 - 紫裝	60	1239	1239	0	0	118	118	118	118	118	0	118	0	472	0	0	0	0	0	0	0	0	
	6025060	5002	60	6025001	 防具 - 紫裝	60	1260	1260	0	0	120	120	120	120	120	0	120	0	480	0	0	0	0	0	0	0	0	
	6025061	5002	61	6025001	 防具 - 紫裝	60	1281	1281	0	0	122	122	122	122	122	0	122	0	488	0	0	0	0	0	0	0	0	
	6025062	5002	62	6025001	 防具 - 紫裝	60	1302	1302	0	0	124	124	124	124	124	0	124	0	496	0	0	0	0	0	0	0	0	
	6025063	5002	63	6025001	 防具 - 紫裝	60	1323	1323	0	0	126	126	126	126	126	0	126	0	504	0	0	0	0	0	0	0	0	
	6025064	5002	64	6025001	 防具 - 紫裝	60	1344	1344	0	0	128	128	128	128	128	0	128	0	512	0	0	0	0	0	0	0	0	
	6025065	5002	65	6025001	 防具 - 紫裝	60	1365	1365	0	0	130	130	130	130	130	0	130	0	520	0	0	0	0	0	0	0	0	
	6025066	5002	66	6025001	 防具 - 紫裝	60	1386	1386	0	0	132	132	132	132	132	0	132	0	528	0	0	0	0	0	0	0	0	
	6025067	5002	67	6025001	 防具 - 紫裝	60	1407	1407	0	0	134	134	134	134	134	0	134	0	536	0	0	0	0	0	0	0	0	
	6025068	5002	68	6025001	 防具 - 紫裝	60	1428	1428	0	0	136	136	136	136	136	0	136	0	544	0	0	0	0	0	0	0	0	
	6025069	5002	69	6025001	 防具 - 紫裝	60	1449	1449	0	0	138	138	138	138	138	0	138	0	552	0	0	0	0	0	0	0	0	
	6025070	5002	70	6025001	 防具 - 紫裝	60	1470	1470	0	0	140	140	140	140	140	0	140	0	560	0	0	0	0	0	0	0	0	
	6025071	5002	71	6025001	 防具 - 紫裝	60	1491	1491	0	0	142	142	142	142	142	0	142	0	568	0	0	0	0	0	0	0	0	
	6025072	5002	72	6025001	 防具 - 紫裝	60	1512	1512	0	0	144	144	144	144	144	0	144	0	576	0	0	0	0	0	0	0	0	
	6025073	5002	73	6025001	 防具 - 紫裝	60	1533	1533	0	0	146	146	146	146	146	0	146	0	584	0	0	0	0	0	0	0	0	
	6025074	5002	74	6025001	 防具 - 紫裝	60	1554	1554	0	0	148	148	148	148	148	0	148	0	592	0	0	0	0	0	0	0	0	
	6025075	5002	75	6025001	 防具 - 紫裝	60	1575	1575	0	0	150	150	150	150	150	0	150	0	600	0	0	0	0	0	0	0	0	
	6025076	5002	76	6025001	 防具 - 紫裝	60	1596	1596	0	0	152	152	152	152	152	0	152	0	608	0	0	0	0	0	0	0	0	
	6025077	5002	77	6025001	 防具 - 紫裝	60	1617	1617	0	0	154	154	154	154	154	0	154	0	616	0	0	0	0	0	0	0	0	
	6025078	5002	78	6025001	 防具 - 紫裝	60	1638	1638	0	0	156	156	156	156	156	0	156	0	624	0	0	0	0	0	0	0	0	
	6025079	5002	79	6025001	 防具 - 紫裝	60	1659	1659	0	0	158	158	158	158	158	0	158	0	632	0	0	0	0	0	0	0	0	
	6025080	5002	80	6025001	 防具 - 紫裝	60	1680	1680	0	0	160	160	160	160	160	0	160	0	640	0	0	0	0	0	0	0	0	
	6025081	5002	81	6025001	 防具 - 紫裝	60	1701	1701	0	0	162	162	162	162	162	0	162	0	648	0	0	0	0	0	0	0	0	
	6025082	5002	82	6025001	 防具 - 紫裝	60	1722	1722	0	0	164	164	164	164	164	0	164	0	656	0	0	0	0	0	0	0	0	
	6025083	5002	83	6025001	 防具 - 紫裝	60	1743	1743	0	0	166	166	166	166	166	0	166	0	664	0	0	0	0	0	0	0	0	
	6025084	5002	84	6025001	 防具 - 紫裝	60	1764	1764	0	0	168	168	168	168	168	0	168	0	672	0	0	0	0	0	0	0	0	
	6025085	5002	85	6025001	 防具 - 紫裝	60	1785	1785	0	0	170	170	170	170	170	0	170	0	680	0	0	0	0	0	0	0	0	
	6025086	5002	86	6025001	 防具 - 紫裝	60	1806	1806	0	0	172	172	172	172	172	0	172	0	688	0	0	0	0	0	0	0	0	
	6025087	5002	87	6025001	 防具 - 紫裝	60	1827	1827	0	0	174	174	174	174	174	0	174	0	696	0	0	0	0	0	0	0	0	
	6025088	5002	88	6025001	 防具 - 紫裝	60	1848	1848	0	0	176	176	176	176	176	0	176	0	704	0	0	0	0	0	0	0	0	
	6025089	5002	89	6025001	 防具 - 紫裝	60	1869	1869	0	0	178	178	178	178	178	0	178	0	712	0	0	0	0	0	0	0	0	
	6025090	5002	90	6025001	 防具 - 紫裝	60	1890	1890	0	0	180	180	180	180	180	0	180	0	720	0	0	0	0	0	0	0	0	
	6025091	5002	91	6025001	 防具 - 紫裝	60	1911	1911	0	0	182	182	182	182	182	0	182	0	728	0	0	0	0	0	0	0	0	
	6025092	5002	92	6025001	 防具 - 紫裝	60	1932	1932	0	0	184	184	184	184	184	0	184	0	736	0	0	0	0	0	0	0	0	
	6025093	5002	93	6025001	 防具 - 紫裝	60	1953	1953	0	0	186	186	186	186	186	0	186	0	744	0	0	0	0	0	0	0	0	
	6025094	5002	94	6025001	 防具 - 紫裝	60	1974	1974	0	0	188	188	188	188	188	0	188	0	752	0	0	0	0	0	0	0	0	
	6025095	5002	95	6025001	 防具 - 紫裝	60	1995	1995	0	0	190	190	190	190	190	0	190	0	760	0	0	0	0	0	0	0	0	
	6025096	5002	96	6025001	 防具 - 紫裝	60	2016	2016	0	0	192	192	192	192	192	0	192	0	768	0	0	0	0	0	0	0	0	
	6025097	5002	97	6025001	 防具 - 紫裝	60	2037	2037	0	0	194	194	194	194	194	0	194	0	776	0	0	0	0	0	0	0	0	
	6025098	5002	98	6025001	 防具 - 紫裝	60	2058	2058	0	0	196	196	196	196	196	0	196	0	784	0	0	0	0	0	0	0	0	
	6025099	5002	99	6025001	 防具 - 紫裝	60	2079	2079	0	0	198	198	198	198	198	0	198	0	792	0	0	0	0	0	0	0	0	
	6025100	5002	100	6025001	 防具 - 紫裝	60	2100	2100	0	0	200	200	200	200	200	0	200	0	800	0	0	0	0	0	0	0	0	
	6025101	5002	101	6025001	 防具 - 紫裝	60	2121	2121	0	0	202	202	202	202	202	0	202	0	808	0	0	0	0	0	0	0	0	
	6025102	5002	102	6025001	 防具 - 紫裝	60	2142	2142	0	0	204	204	204	204	204	0	204	0	816	0	0	0	0	0	0	0	0	
	6025103	5002	103	6025001	 防具 - 紫裝	60	2163	2163	0	0	206	206	206	206	206	0	206	0	824	0	0	0	0	0	0	0	0	
	6025104	5002	104	6025001	 防具 - 紫裝	60	2184	2184	0	0	208	208	208	208	208	0	208	0	832	0	0	0	0	0	0	0	0	
	6025105	5002	105	6025001	 防具 - 紫裝	60	2205	2205	0	0	210	210	210	210	210	0	210	0	840	0	0	0	0	0	0	0	0	
	6025106	5002	106	6025001	 防具 - 紫裝	60	2226	2226	0	0	212	212	212	212	212	0	212	0	848	0	0	0	0	0	0	0	0	
	6025107	5002	107	6025001	 防具 - 紫裝	60	2247	2247	0	0	214	214	214	214	214	0	214	0	856	0	0	0	0	0	0	0	0	
	6025108	5002	108	6025001	 防具 - 紫裝	60	2268	2268	0	0	216	216	216	216	216	0	216	0	864	0	0	0	0	0	0	0	0	
# 飾品強化屬性數值表																												
# 飾品 - 灰裝																												
	6031001	5002	1	6031001	 飾品 - 灰裝	60	13	13	0	0	1	1	1	1	1	0	1	0	0	11	11	11	11	6	6	6	6	
	6031002	5002	2	6031001	 飾品 - 灰裝	60	26	26	0	0	2	2	2	2	2	0	2	0	0	22	22	22	22	12	12	12	12	
	6031003	5002	3	6031001	 飾品 - 灰裝	60	39	39	0	0	3	3	3	3	3	0	3	0	0	33	33	33	33	18	18	18	18	
	6031004	5002	4	6031001	 飾品 - 灰裝	60	52	52	0	0	4	4	4	4	4	0	4	0	0	44	44	44	44	24	24	24	24	
	6031005	5002	5	6031001	 飾品 - 灰裝	60	65	65	0	0	5	5	5	5	5	0	5	0	0	55	55	55	55	30	30	30	30	
	6031006	5002	6	6031001	 飾品 - 灰裝	60	78	78	0	0	6	6	6	6	6	0	6	0	0	66	66	66	66	36	36	36	36	
	6031007	5002	7	6031001	 飾品 - 灰裝	60	91	91	0	0	7	7	7	7	7	0	7	0	0	77	77	77	77	42	42	42	42	
	6031008	5002	8	6031001	 飾品 - 灰裝	60	104	104	0	0	8	8	8	8	8	0	8	0	0	88	88	88	88	48	48	48	48	
	6031009	5002	9	6031001	 飾品 - 灰裝	60	117	117	0	0	9	9	9	9	9	0	9	0	0	99	99	99	99	54	54	54	54	
	6031010	5002	10	6031001	 飾品 - 灰裝	60	130	130	0	0	10	10	10	10	10	0	10	0	0	110	110	110	110	60	60	60	60	
	6031011	5002	11	6031001	 飾品 - 灰裝	60	143	143	0	0	11	11	11	11	11	0	11	0	0	121	121	121	121	66	66	66	66	
	6031012	5002	12	6031001	 飾品 - 灰裝	60	156	156	0	0	12	12	12	12	12	0	12	0	0	132	132	132	132	72	72	72	72	
	6031013	5002	13	6031001	 飾品 - 灰裝	60	169	169	0	0	13	13	13	13	13	0	13	0	0	143	143	143	143	78	78	78	78	
	6031014	5002	14	6031001	 飾品 - 灰裝	60	182	182	0	0	14	14	14	14	14	0	14	0	0	154	154	154	154	84	84	84	84	
	6031015	5002	15	6031001	 飾品 - 灰裝	60	195	195	0	0	15	15	15	15	15	0	15	0	0	165	165	165	165	90	90	90	90	
	6031016	5002	16	6031001	 飾品 - 灰裝	60	208	208	0	0	16	16	16	16	16	0	16	0	0	176	176	176	176	96	96	96	96	
	6031017	5002	17	6031001	 飾品 - 灰裝	60	221	221	0	0	17	17	17	17	17	0	17	0	0	187	187	187	187	102	102	102	102	
	6031018	5002	18	6031001	 飾品 - 灰裝	60	234	234	0	0	18	18	18	18	18	0	18	0	0	198	198	198	198	108	108	108	108	
	6031019	5002	19	6031001	 飾品 - 灰裝	60	247	247	0	0	19	19	19	19	19	0	19	0	0	209	209	209	209	114	114	114	114	
	6031020	5002	20	6031001	 飾品 - 灰裝	60	260	260	0	0	20	20	20	20	20	0	20	0	0	220	220	220	220	120	120	120	120	
	6031021	5002	21	6031001	 飾品 - 灰裝	60	273	273	0	0	21	21	21	21	21	0	21	0	0	231	231	231	231	126	126	126	126	
	6031022	5002	22	6031001	 飾品 - 灰裝	60	286	286	0	0	22	22	22	22	22	0	22	0	0	242	242	242	242	132	132	132	132	
	6031023	5002	23	6031001	 飾品 - 灰裝	60	299	299	0	0	23	23	23	23	23	0	23	0	0	253	253	253	253	138	138	138	138	
	6031024	5002	24	6031001	 飾品 - 灰裝	60	312	312	0	0	24	24	24	24	24	0	24	0	0	264	264	264	264	144	144	144	144	
	6031025	5002	25	6031001	 飾品 - 灰裝	60	325	325	0	0	25	25	25	25	25	0	25	0	0	275	275	275	275	150	150	150	150	
	6031026	5002	26	6031001	 飾品 - 灰裝	60	338	338	0	0	26	26	26	26	26	0	26	0	0	286	286	286	286	156	156	156	156	
	6031027	5002	27	6031001	 飾品 - 灰裝	60	351	351	0	0	27	27	27	27	27	0	27	0	0	297	297	297	297	162	162	162	162	
	6031028	5002	28	6031001	 飾品 - 灰裝	60	364	364	0	0	28	28	28	28	28	0	28	0	0	308	308	308	308	168	168	168	168	
	6031029	5002	29	6031001	 飾品 - 灰裝	60	377	377	0	0	29	29	29	29	29	0	29	0	0	319	319	319	319	174	174	174	174	
	6031030	5002	30	6031001	 飾品 - 灰裝	60	390	390	0	0	30	30	30	30	30	0	30	0	0	330	330	330	330	180	180	180	180	
	6031031	5002	31	6031001	 飾品 - 灰裝	60	403	403	0	0	31	31	31	31	31	0	31	0	0	341	341	341	341	186	186	186	186	
	6031032	5002	32	6031001	 飾品 - 灰裝	60	416	416	0	0	32	32	32	32	32	0	32	0	0	352	352	352	352	192	192	192	192	
	6031033	5002	33	6031001	 飾品 - 灰裝	60	429	429	0	0	33	33	33	33	33	0	33	0	0	363	363	363	363	198	198	198	198	
	6031034	5002	34	6031001	 飾品 - 灰裝	60	442	442	0	0	34	34	34	34	34	0	34	0	0	374	374	374	374	204	204	204	204	
	6031035	5002	35	6031001	 飾品 - 灰裝	60	455	455	0	0	35	35	35	35	35	0	35	0	0	385	385	385	385	210	210	210	210	
	6031036	5002	36	6031001	 飾品 - 灰裝	60	468	468	0	0	36	36	36	36	36	0	36	0	0	396	396	396	396	216	216	216	216	
	6031037	5002	37	6031001	 飾品 - 灰裝	60	481	481	0	0	37	37	37	37	37	0	37	0	0	407	407	407	407	222	222	222	222	
	6031038	5002	38	6031001	 飾品 - 灰裝	60	494	494	0	0	38	38	38	38	38	0	38	0	0	418	418	418	418	228	228	228	228	
	6031039	5002	39	6031001	 飾品 - 灰裝	60	507	507	0	0	39	39	39	39	39	0	39	0	0	429	429	429	429	234	234	234	234	
	6031040	5002	40	6031001	 飾品 - 灰裝	60	520	520	0	0	40	40	40	40	40	0	40	0	0	440	440	440	440	240	240	240	240	
	6031041	5002	41	6031001	 飾品 - 灰裝	60	533	533	0	0	41	41	41	41	41	0	41	0	0	451	451	451	451	246	246	246	246	
	6031042	5002	42	6031001	 飾品 - 灰裝	60	546	546	0	0	42	42	42	42	42	0	42	0	0	462	462	462	462	252	252	252	252	
	6031043	5002	43	6031001	 飾品 - 灰裝	60	559	559	0	0	43	43	43	43	43	0	43	0	0	473	473	473	473	258	258	258	258	
	6031044	5002	44	6031001	 飾品 - 灰裝	60	572	572	0	0	44	44	44	44	44	0	44	0	0	484	484	484	484	264	264	264	264	
	6031045	5002	45	6031001	 飾品 - 灰裝	60	585	585	0	0	45	45	45	45	45	0	45	0	0	495	495	495	495	270	270	270	270	
	6031046	5002	46	6031001	 飾品 - 灰裝	60	598	598	0	0	46	46	46	46	46	0	46	0	0	506	506	506	506	276	276	276	276	
	6031047	5002	47	6031001	 飾品 - 灰裝	60	611	611	0	0	47	47	47	47	47	0	47	0	0	517	517	517	517	282	282	282	282	
	6031048	5002	48	6031001	 飾品 - 灰裝	60	624	624	0	0	48	48	48	48	48	0	48	0	0	528	528	528	528	288	288	288	288	
	6031049	5002	49	6031001	 飾品 - 灰裝	60	637	637	0	0	49	49	49	49	49	0	49	0	0	539	539	539	539	294	294	294	294	
	6031050	5002	50	6031001	 飾品 - 灰裝	60	650	650	0	0	50	50	50	50	50	0	50	0	0	550	550	550	550	300	300	300	300	
	6031051	5002	51	6031001	 飾品 - 灰裝	60	663	663	0	0	51	51	51	51	51	0	51	0	0	561	561	561	561	306	306	306	306	
	6031052	5002	52	6031001	 飾品 - 灰裝	60	676	676	0	0	52	52	52	52	52	0	52	0	0	572	572	572	572	312	312	312	312	
	6031053	5002	53	6031001	 飾品 - 灰裝	60	689	689	0	0	53	53	53	53	53	0	53	0	0	583	583	583	583	318	318	318	318	
	6031054	5002	54	6031001	 飾品 - 灰裝	60	702	702	0	0	54	54	54	54	54	0	54	0	0	594	594	594	594	324	324	324	324	
	6031055	5002	55	6031001	 飾品 - 灰裝	60	715	715	0	0	55	55	55	55	55	0	55	0	0	605	605	605	605	330	330	330	330	
	6031056	5002	56	6031001	 飾品 - 灰裝	60	728	728	0	0	56	56	56	56	56	0	56	0	0	616	616	616	616	336	336	336	336	
	6031057	5002	57	6031001	 飾品 - 灰裝	60	741	741	0	0	57	57	57	57	57	0	57	0	0	627	627	627	627	342	342	342	342	
	6031058	5002	58	6031001	 飾品 - 灰裝	60	754	754	0	0	58	58	58	58	58	0	58	0	0	638	638	638	638	348	348	348	348	
	6031059	5002	59	6031001	 飾品 - 灰裝	60	767	767	0	0	59	59	59	59	59	0	59	0	0	649	649	649	649	354	354	354	354	
	6031060	5002	60	6031001	 飾品 - 灰裝	60	780	780	0	0	60	60	60	60	60	0	60	0	0	660	660	660	660	360	360	360	360	
	6031061	5002	61	6031001	 飾品 - 灰裝	60	793	793	0	0	61	61	61	61	61	0	61	0	0	671	671	671	671	366	366	366	366	
	6031062	5002	62	6031001	 飾品 - 灰裝	60	806	806	0	0	62	62	62	62	62	0	62	0	0	682	682	682	682	372	372	372	372	
	6031063	5002	63	6031001	 飾品 - 灰裝	60	819	819	0	0	63	63	63	63	63	0	63	0	0	693	693	693	693	378	378	378	378	
	6031064	5002	64	6031001	 飾品 - 灰裝	60	832	832	0	0	64	64	64	64	64	0	64	0	0	704	704	704	704	384	384	384	384	
	6031065	5002	65	6031001	 飾品 - 灰裝	60	845	845	0	0	65	65	65	65	65	0	65	0	0	715	715	715	715	390	390	390	390	
	6031066	5002	66	6031001	 飾品 - 灰裝	60	858	858	0	0	66	66	66	66	66	0	66	0	0	726	726	726	726	396	396	396	396	
	6031067	5002	67	6031001	 飾品 - 灰裝	60	871	871	0	0	67	67	67	67	67	0	67	0	0	737	737	737	737	402	402	402	402	
	6031068	5002	68	6031001	 飾品 - 灰裝	60	884	884	0	0	68	68	68	68	68	0	68	0	0	748	748	748	748	408	408	408	408	
	6031069	5002	69	6031001	 飾品 - 灰裝	60	897	897	0	0	69	69	69	69	69	0	69	0	0	759	759	759	759	414	414	414	414	
	6031070	5002	70	6031001	 飾品 - 灰裝	60	910	910	0	0	70	70	70	70	70	0	70	0	0	770	770	770	770	420	420	420	420	
	6031071	5002	71	6031001	 飾品 - 灰裝	60	923	923	0	0	71	71	71	71	71	0	71	0	0	781	781	781	781	426	426	426	426	
	6031072	5002	72	6031001	 飾品 - 灰裝	60	936	936	0	0	72	72	72	72	72	0	72	0	0	792	792	792	792	432	432	432	432	
	6031073	5002	73	6031001	 飾品 - 灰裝	60	949	949	0	0	73	73	73	73	73	0	73	0	0	803	803	803	803	438	438	438	438	
	6031074	5002	74	6031001	 飾品 - 灰裝	60	962	962	0	0	74	74	74	74	74	0	74	0	0	814	814	814	814	444	444	444	444	
	6031075	5002	75	6031001	 飾品 - 灰裝	60	975	975	0	0	75	75	75	75	75	0	75	0	0	825	825	825	825	450	450	450	450	
	6031076	5002	76	6031001	 飾品 - 灰裝	60	988	988	0	0	76	76	76	76	76	0	76	0	0	836	836	836	836	456	456	456	456	
	6031077	5002	77	6031001	 飾品 - 灰裝	60	1001	1001	0	0	77	77	77	77	77	0	77	0	0	847	847	847	847	462	462	462	462	
	6031078	5002	78	6031001	 飾品 - 灰裝	60	1014	1014	0	0	78	78	78	78	78	0	78	0	0	858	858	858	858	468	468	468	468	
	6031079	5002	79	6031001	 飾品 - 灰裝	60	1027	1027	0	0	79	79	79	79	79	0	79	0	0	869	869	869	869	474	474	474	474	
	6031080	5002	80	6031001	 飾品 - 灰裝	60	1040	1040	0	0	80	80	80	80	80	0	80	0	0	880	880	880	880	480	480	480	480	
	6031081	5002	81	6031001	 飾品 - 灰裝	60	1053	1053	0	0	81	81	81	81	81	0	81	0	0	891	891	891	891	486	486	486	486	
	6031082	5002	82	6031001	 飾品 - 灰裝	60	1066	1066	0	0	82	82	82	82	82	0	82	0	0	902	902	902	902	492	492	492	492	
	6031083	5002	83	6031001	 飾品 - 灰裝	60	1079	1079	0	0	83	83	83	83	83	0	83	0	0	913	913	913	913	498	498	498	498	
	6031084	5002	84	6031001	 飾品 - 灰裝	60	1092	1092	0	0	84	84	84	84	84	0	84	0	0	924	924	924	924	504	504	504	504	
	6031085	5002	85	6031001	 飾品 - 灰裝	60	1105	1105	0	0	85	85	85	85	85	0	85	0	0	935	935	935	935	510	510	510	510	
	6031086	5002	86	6031001	 飾品 - 灰裝	60	1118	1118	0	0	86	86	86	86	86	0	86	0	0	946	946	946	946	516	516	516	516	
	6031087	5002	87	6031001	 飾品 - 灰裝	60	1131	1131	0	0	87	87	87	87	87	0	87	0	0	957	957	957	957	522	522	522	522	
	6031088	5002	88	6031001	 飾品 - 灰裝	60	1144	1144	0	0	88	88	88	88	88	0	88	0	0	968	968	968	968	528	528	528	528	
	6031089	5002	89	6031001	 飾品 - 灰裝	60	1157	1157	0	0	89	89	89	89	89	0	89	0	0	979	979	979	979	534	534	534	534	
	6031090	5002	90	6031001	 飾品 - 灰裝	60	1170	1170	0	0	90	90	90	90	90	0	90	0	0	990	990	990	990	540	540	540	540	
	6031091	5002	91	6031001	 飾品 - 灰裝	60	1183	1183	0	0	91	91	91	91	91	0	91	0	0	1001	1001	1001	1001	546	546	546	546	
	6031092	5002	92	6031001	 飾品 - 灰裝	60	1196	1196	0	0	92	92	92	92	92	0	92	0	0	1012	1012	1012	1012	552	552	552	552	
	6031093	5002	93	6031001	 飾品 - 灰裝	60	1209	1209	0	0	93	93	93	93	93	0	93	0	0	1023	1023	1023	1023	558	558	558	558	
	6031094	5002	94	6031001	 飾品 - 灰裝	60	1222	1222	0	0	94	94	94	94	94	0	94	0	0	1034	1034	1034	1034	564	564	564	564	
	6031095	5002	95	6031001	 飾品 - 灰裝	60	1235	1235	0	0	95	95	95	95	95	0	95	0	0	1045	1045	1045	1045	570	570	570	570	
	6031096	5002	96	6031001	 飾品 - 灰裝	60	1248	1248	0	0	96	96	96	96	96	0	96	0	0	1056	1056	1056	1056	576	576	576	576	
	6031097	5002	97	6031001	 飾品 - 灰裝	60	1261	1261	0	0	97	97	97	97	97	0	97	0	0	1067	1067	1067	1067	582	582	582	582	
	6031098	5002	98	6031001	 飾品 - 灰裝	60	1274	1274	0	0	98	98	98	98	98	0	98	0	0	1078	1078	1078	1078	588	588	588	588	
	6031099	5002	99	6031001	 飾品 - 灰裝	60	1287	1287	0	0	99	99	99	99	99	0	99	0	0	1089	1089	1089	1089	594	594	594	594	
	6031100	5002	100	6031001	 飾品 - 灰裝	60	1300	1300	0	0	100	100	100	100	100	0	100	0	0	1100	1100	1100	1100	600	600	600	600	
	6031101	5002	101	6031001	 飾品 - 灰裝	60	1313	1313	0	0	101	101	101	101	101	0	101	0	0	1111	1111	1111	1111	606	606	606	606	
	6031102	5002	102	6031001	 飾品 - 灰裝	60	1326	1326	0	0	102	102	102	102	102	0	102	0	0	1122	1122	1122	1122	612	612	612	612	
	6031103	5002	103	6031001	 飾品 - 灰裝	60	1339	1339	0	0	103	103	103	103	103	0	103	0	0	1133	1133	1133	1133	618	618	618	618	
	6031104	5002	104	6031001	 飾品 - 灰裝	60	1352	1352	0	0	104	104	104	104	104	0	104	0	0	1144	1144	1144	1144	624	624	624	624	
	6031105	5002	105	6031001	 飾品 - 灰裝	60	1365	1365	0	0	105	105	105	105	105	0	105	0	0	1155	1155	1155	1155	630	630	630	630	
	6031106	5002	106	6031001	 飾品 - 灰裝	60	1378	1378	0	0	106	106	106	106	106	0	106	0	0	1166	1166	1166	1166	636	636	636	636	
	6031107	5002	107	6031001	 飾品 - 灰裝	60	1391	1391	0	0	107	107	107	107	107	0	107	0	0	1177	1177	1177	1177	642	642	642	642	
	6031108	5002	108	6031001	 飾品 - 灰裝	60	1404	1404	0	0	108	108	108	108	108	0	108	0	0	1188	1188	1188	1188	648	648	648	648	
# 飾品 - 白裝（非商店貨）																												
	6032001	5002	1	6032001	 飾品 - 白裝	60	15	15	0	0	1	1	1	1	1	0	1	0	0	3	3	3	3	1	1	1	1	
	6032002	5002	2	6032001	 飾品 - 白裝	60	30	30	0	0	2	2	2	2	2	0	2	0	0	6	6	6	6	2	2	2	2	
	6032003	5002	3	6032001	 飾品 - 白裝	60	45	45	0	0	3	3	3	3	3	0	3	0	0	9	9	9	9	3	3	3	3	
	6032004	5002	4	6032001	 飾品 - 白裝	60	60	60	0	0	4	4	4	4	4	0	4	0	0	12	12	12	12	4	4	4	4	
	6032005	5002	5	6032001	 飾品 - 白裝	60	75	75	0	0	5	5	5	5	5	0	5	0	0	15	15	15	15	5	5	5	5	
	6032006	5002	6	6032001	 飾品 - 白裝	60	90	90	0	0	6	6	6	6	6	0	6	0	0	18	18	18	18	6	6	6	6	
	6032007	5002	7	6032001	 飾品 - 白裝	60	105	105	0	0	7	7	7	7	7	0	7	0	0	21	21	21	21	7	7	7	7	
	6032008	5002	8	6032001	 飾品 - 白裝	60	120	120	0	0	8	8	8	8	8	0	8	0	0	24	24	24	24	8	8	8	8	
	6032009	5002	9	6032001	 飾品 - 白裝	60	135	135	0	0	9	9	9	9	9	0	9	0	0	27	27	27	27	9	9	9	9	
	6032010	5002	10	6032001	 飾品 - 白裝	60	150	150	0	0	10	10	10	10	10	0	10	0	0	30	30	30	30	10	10	10	10	
	6032011	5002	11	6032001	 飾品 - 白裝	60	165	165	0	0	11	11	11	11	11	0	11	0	0	33	33	33	33	11	11	11	11	
	6032012	5002	12	6032001	 飾品 - 白裝	60	180	180	0	0	12	12	12	12	12	0	12	0	0	36	36	36	36	12	12	12	12	
	6032013	5002	13	6032001	 飾品 - 白裝	60	195	195	0	0	13	13	13	13	13	0	13	0	0	39	39	39	39	13	13	13	13	
	6032014	5002	14	6032001	 飾品 - 白裝	60	210	210	0	0	14	14	14	14	14	0	14	0	0	42	42	42	42	14	14	14	14	
	6032015	5002	15	6032001	 飾品 - 白裝	60	225	225	0	0	15	15	15	15	15	0	15	0	0	45	45	45	45	15	15	15	15	
	6032016	5002	16	6032001	 飾品 - 白裝	60	240	240	0	0	16	16	16	16	16	0	16	0	0	48	48	48	48	16	16	16	16	
	6032017	5002	17	6032001	 飾品 - 白裝	60	255	255	0	0	17	17	17	17	17	0	17	0	0	51	51	51	51	17	17	17	17	
	6032018	5002	18	6032001	 飾品 - 白裝	60	270	270	0	0	18	18	18	18	18	0	18	0	0	54	54	54	54	18	18	18	18	
	6032019	5002	19	6032001	 飾品 - 白裝	60	285	285	0	0	19	19	19	19	19	0	19	0	0	57	57	57	57	19	19	19	19	
	6032020	5002	20	6032001	 飾品 - 白裝	60	300	300	0	0	20	20	20	20	20	0	20	0	0	60	60	60	60	20	20	20	20	
	6032021	5002	21	6032001	 飾品 - 白裝	60	315	315	0	0	21	21	21	21	21	0	21	0	0	63	63	63	63	21	21	21	21	
	6032022	5002	22	6032001	 飾品 - 白裝	60	330	330	0	0	22	22	22	22	22	0	22	0	0	66	66	66	66	22	22	22	22	
	6032023	5002	23	6032001	 飾品 - 白裝	60	345	345	0	0	23	23	23	23	23	0	23	0	0	69	69	69	69	23	23	23	23	
	6032024	5002	24	6032001	 飾品 - 白裝	60	360	360	0	0	24	24	24	24	24	0	24	0	0	72	72	72	72	24	24	24	24	
	6032025	5002	25	6032001	 飾品 - 白裝	60	375	375	0	0	25	25	25	25	25	0	25	0	0	75	75	75	75	25	25	25	25	
	6032026	5002	26	6032001	 飾品 - 白裝	60	390	390	0	0	26	26	26	26	26	0	26	0	0	78	78	78	78	26	26	26	26	
	6032027	5002	27	6032001	 飾品 - 白裝	60	405	405	0	0	27	27	27	27	27	0	27	0	0	81	81	81	81	27	27	27	27	
	6032028	5002	28	6032001	 飾品 - 白裝	60	420	420	0	0	28	28	28	28	28	0	28	0	0	84	84	84	84	28	28	28	28	
	6032029	5002	29	6032001	 飾品 - 白裝	60	435	435	0	0	29	29	29	29	29	0	29	0	0	87	87	87	87	29	29	29	29	
	6032030	5002	30	6032001	 飾品 - 白裝	60	450	450	0	0	30	30	30	30	30	0	30	0	0	90	90	90	90	30	30	30	30	
	6032031	5002	31	6032001	 飾品 - 白裝	60	465	465	0	0	31	31	31	31	31	0	31	0	0	93	93	93	93	31	31	31	31	
	6032032	5002	32	6032001	 飾品 - 白裝	60	480	480	0	0	32	32	32	32	32	0	32	0	0	96	96	96	96	32	32	32	32	
	6032033	5002	33	6032001	 飾品 - 白裝	60	495	495	0	0	33	33	33	33	33	0	33	0	0	99	99	99	99	33	33	33	33	
	6032034	5002	34	6032001	 飾品 - 白裝	60	510	510	0	0	34	34	34	34	34	0	34	0	0	102	102	102	102	34	34	34	34	
	6032035	5002	35	6032001	 飾品 - 白裝	60	525	525	0	0	35	35	35	35	35	0	35	0	0	105	105	105	105	35	35	35	35	
	6032036	5002	36	6032001	 飾品 - 白裝	60	540	540	0	0	36	36	36	36	36	0	36	0	0	108	108	108	108	36	36	36	36	
	6032037	5002	37	6032001	 飾品 - 白裝	60	555	555	0	0	37	37	37	37	37	0	37	0	0	111	111	111	111	37	37	37	37	
	6032038	5002	38	6032001	 飾品 - 白裝	60	570	570	0	0	38	38	38	38	38	0	38	0	0	114	114	114	114	38	38	38	38	
	6032039	5002	39	6032001	 飾品 - 白裝	60	585	585	0	0	39	39	39	39	39	0	39	0	0	117	117	117	117	39	39	39	39	
	6032040	5002	40	6032001	 飾品 - 白裝	60	600	600	0	0	40	40	40	40	40	0	40	0	0	120	120	120	120	40	40	40	40	
	6032041	5002	41	6032001	 飾品 - 白裝	60	615	615	0	0	41	41	41	41	41	0	41	0	0	123	123	123	123	41	41	41	41	
	6032042	5002	42	6032001	 飾品 - 白裝	60	630	630	0	0	42	42	42	42	42	0	42	0	0	126	126	126	126	42	42	42	42	
	6032043	5002	43	6032001	 飾品 - 白裝	60	645	645	0	0	43	43	43	43	43	0	43	0	0	129	129	129	129	43	43	43	43	
	6032044	5002	44	6032001	 飾品 - 白裝	60	660	660	0	0	44	44	44	44	44	0	44	0	0	132	132	132	132	44	44	44	44	
	6032045	5002	45	6032001	 飾品 - 白裝	60	675	675	0	0	45	45	45	45	45	0	45	0	0	135	135	135	135	45	45	45	45	
	6032046	5002	46	6032001	 飾品 - 白裝	60	690	690	0	0	46	46	46	46	46	0	46	0	0	138	138	138	138	46	46	46	46	
	6032047	5002	47	6032001	 飾品 - 白裝	60	705	705	0	0	47	47	47	47	47	0	47	0	0	141	141	141	141	47	47	47	47	
	6032048	5002	48	6032001	 飾品 - 白裝	60	720	720	0	0	48	48	48	48	48	0	48	0	0	144	144	144	144	48	48	48	48	
	6032049	5002	49	6032001	 飾品 - 白裝	60	735	735	0	0	49	49	49	49	49	0	49	0	0	147	147	147	147	49	49	49	49	
	6032050	5002	50	6032001	 飾品 - 白裝	60	750	750	0	0	50	50	50	50	50	0	50	0	0	150	150	150	150	50	50	50	50	
	6032051	5002	51	6032001	 飾品 - 白裝	60	765	765	0	0	51	51	51	51	51	0	51	0	0	153	153	153	153	51	51	51	51	
	6032052	5002	52	6032001	 飾品 - 白裝	60	780	780	0	0	52	52	52	52	52	0	52	0	0	156	156	156	156	52	52	52	52	
	6032053	5002	53	6032001	 飾品 - 白裝	60	795	795	0	0	53	53	53	53	53	0	53	0	0	159	159	159	159	53	53	53	53	
	6032054	5002	54	6032001	 飾品 - 白裝	60	810	810	0	0	54	54	54	54	54	0	54	0	0	162	162	162	162	54	54	54	54	
	6032055	5002	55	6032001	 飾品 - 白裝	60	825	825	0	0	55	55	55	55	55	0	55	0	0	165	165	165	165	55	55	55	55	
	6032056	5002	56	6032001	 飾品 - 白裝	60	840	840	0	0	56	56	56	56	56	0	56	0	0	168	168	168	168	56	56	56	56	
	6032057	5002	57	6032001	 飾品 - 白裝	60	855	855	0	0	57	57	57	57	57	0	57	0	0	171	171	171	171	57	57	57	57	
	6032058	5002	58	6032001	 飾品 - 白裝	60	870	870	0	0	58	58	58	58	58	0	58	0	0	174	174	174	174	58	58	58	58	
	6032059	5002	59	6032001	 飾品 - 白裝	60	885	885	0	0	59	59	59	59	59	0	59	0	0	177	177	177	177	59	59	59	59	
	6032060	5002	60	6032001	 飾品 - 白裝	60	900	900	0	0	60	60	60	60	60	0	60	0	0	180	180	180	180	60	60	60	60	
	6032061	5002	61	6032001	 飾品 - 白裝	60	915	915	0	0	61	61	61	61	61	0	61	0	0	183	183	183	183	61	61	61	61	
	6032062	5002	62	6032001	 飾品 - 白裝	60	930	930	0	0	62	62	62	62	62	0	62	0	0	186	186	186	186	62	62	62	62	
	6032063	5002	63	6032001	 飾品 - 白裝	60	945	945	0	0	63	63	63	63	63	0	63	0	0	189	189	189	189	63	63	63	63	
	6032064	5002	64	6032001	 飾品 - 白裝	60	960	960	0	0	64	64	64	64	64	0	64	0	0	192	192	192	192	64	64	64	64	
	6032065	5002	65	6032001	 飾品 - 白裝	60	975	975	0	0	65	65	65	65	65	0	65	0	0	195	195	195	195	65	65	65	65	
	6032066	5002	66	6032001	 飾品 - 白裝	60	990	990	0	0	66	66	66	66	66	0	66	0	0	198	198	198	198	66	66	66	66	
	6032067	5002	67	6032001	 飾品 - 白裝	60	1005	1005	0	0	67	67	67	67	67	0	67	0	0	201	201	201	201	67	67	67	67	
	6032068	5002	68	6032001	 飾品 - 白裝	60	1020	1020	0	0	68	68	68	68	68	0	68	0	0	204	204	204	204	68	68	68	68	
	6032069	5002	69	6032001	 飾品 - 白裝	60	1035	1035	0	0	69	69	69	69	69	0	69	0	0	207	207	207	207	69	69	69	69	
	6032070	5002	70	6032001	 飾品 - 白裝	60	1050	1050	0	0	70	70	70	70	70	0	70	0	0	210	210	210	210	70	70	70	70	
	6032071	5002	71	6032001	 飾品 - 白裝	60	1065	1065	0	0	71	71	71	71	71	0	71	0	0	213	213	213	213	71	71	71	71	
	6032072	5002	72	6032001	 飾品 - 白裝	60	1080	1080	0	0	72	72	72	72	72	0	72	0	0	216	216	216	216	72	72	72	72	
	6032073	5002	73	6032001	 飾品 - 白裝	60	1095	1095	0	0	73	73	73	73	73	0	73	0	0	219	219	219	219	73	73	73	73	
	6032074	5002	74	6032001	 飾品 - 白裝	60	1110	1110	0	0	74	74	74	74	74	0	74	0	0	222	222	222	222	74	74	74	74	
	6032075	5002	75	6032001	 飾品 - 白裝	60	1125	1125	0	0	75	75	75	75	75	0	75	0	0	225	225	225	225	75	75	75	75	
	6032076	5002	76	6032001	 飾品 - 白裝	60	1140	1140	0	0	76	76	76	76	76	0	76	0	0	228	228	228	228	76	76	76	76	
	6032077	5002	77	6032001	 飾品 - 白裝	60	1155	1155	0	0	77	77	77	77	77	0	77	0	0	231	231	231	231	77	77	77	77	
	6032078	5002	78	6032001	 飾品 - 白裝	60	1170	1170	0	0	78	78	78	78	78	0	78	0	0	234	234	234	234	78	78	78	78	
	6032079	5002	79	6032001	 飾品 - 白裝	60	1185	1185	0	0	79	79	79	79	79	0	79	0	0	237	237	237	237	79	79	79	79	
	6032080	5002	80	6032001	 飾品 - 白裝	60	1200	1200	0	0	80	80	80	80	80	0	80	0	0	240	240	240	240	80	80	80	80	
	6032081	5002	81	6032001	 飾品 - 白裝	60	1215	1215	0	0	81	81	81	81	81	0	81	0	0	243	243	243	243	81	81	81	81	
	6032082	5002	82	6032001	 飾品 - 白裝	60	1230	1230	0	0	82	82	82	82	82	0	82	0	0	246	246	246	246	82	82	82	82	
	6032083	5002	83	6032001	 飾品 - 白裝	60	1245	1245	0	0	83	83	83	83	83	0	83	0	0	249	249	249	249	83	83	83	83	
	6032084	5002	84	6032001	 飾品 - 白裝	60	1260	1260	0	0	84	84	84	84	84	0	84	0	0	252	252	252	252	84	84	84	84	
	6032085	5002	85	6032001	 飾品 - 白裝	60	1275	1275	0	0	85	85	85	85	85	0	85	0	0	255	255	255	255	85	85	85	85	
	6032086	5002	86	6032001	 飾品 - 白裝	60	1290	1290	0	0	86	86	86	86	86	0	86	0	0	258	258	258	258	86	86	86	86	
	6032087	5002	87	6032001	 飾品 - 白裝	60	1305	1305	0	0	87	87	87	87	87	0	87	0	0	261	261	261	261	87	87	87	87	
	6032088	5002	88	6032001	 飾品 - 白裝	60	1320	1320	0	0	88	88	88	88	88	0	88	0	0	264	264	264	264	88	88	88	88	
	6032089	5002	89	6032001	 飾品 - 白裝	60	1335	1335	0	0	89	89	89	89	89	0	89	0	0	267	267	267	267	89	89	89	89	
	6032090	5002	90	6032001	 飾品 - 白裝	60	1350	1350	0	0	90	90	90	90	90	0	90	0	0	270	270	270	270	90	90	90	90	
	6032091	5002	91	6032001	 飾品 - 白裝	60	1365	1365	0	0	91	91	91	91	91	0	91	0	0	273	273	273	273	91	91	91	91	
	6032092	5002	92	6032001	 飾品 - 白裝	60	1380	1380	0	0	92	92	92	92	92	0	92	0	0	276	276	276	276	92	92	92	92	
	6032093	5002	93	6032001	 飾品 - 白裝	60	1395	1395	0	0	93	93	93	93	93	0	93	0	0	279	279	279	279	93	93	93	93	
	6032094	5002	94	6032001	 飾品 - 白裝	60	1410	1410	0	0	94	94	94	94	94	0	94	0	0	282	282	282	282	94	94	94	94	
	6032095	5002	95	6032001	 飾品 - 白裝	60	1425	1425	0	0	95	95	95	95	95	0	95	0	0	285	285	285	285	95	95	95	95	
	6032096	5002	96	6032001	 飾品 - 白裝	60	1440	1440	0	0	96	96	96	96	96	0	96	0	0	288	288	288	288	96	96	96	96	
	6032097	5002	97	6032001	 飾品 - 白裝	60	1455	1455	0	0	97	97	97	97	97	0	97	0	0	291	291	291	291	97	97	97	97	
	6032098	5002	98	6032001	 飾品 - 白裝	60	1470	1470	0	0	98	98	98	98	98	0	98	0	0	294	294	294	294	98	98	98	98	
	6032099	5002	99	6032001	 飾品 - 白裝	60	1485	1485	0	0	99	99	99	99	99	0	99	0	0	297	297	297	297	99	99	99	99	
	6032100	5002	100	6032001	 飾品 - 白裝	60	1500	1500	0	0	100	100	100	100	100	0	100	0	0	300	300	300	300	100	100	100	100	
	6032101	5002	101	6032001	 飾品 - 白裝	60	1515	1515	0	0	101	101	101	101	101	0	101	0	0	303	303	303	303	101	101	101	101	
	6032102	5002	102	6032001	 飾品 - 白裝	60	1530	1530	0	0	102	102	102	102	102	0	102	0	0	306	306	306	306	102	102	102	102	
	6032103	5002	103	6032001	 飾品 - 白裝	60	1545	1545	0	0	103	103	103	103	103	0	103	0	0	309	309	309	309	103	103	103	103	
	6032104	5002	104	6032001	 飾品 - 白裝	60	1560	1560	0	0	104	104	104	104	104	0	104	0	0	312	312	312	312	104	104	104	104	
	6032105	5002	105	6032001	 飾品 - 白裝	60	1575	1575	0	0	105	105	105	105	105	0	105	0	0	315	315	315	315	105	105	105	105	
	6032106	5002	106	6032001	 飾品 - 白裝	60	1590	1590	0	0	106	106	106	106	106	0	106	0	0	318	318	318	318	106	106	106	106	
	6032107	5002	107	6032001	 飾品 - 白裝	60	1605	1605	0	0	107	107	107	107	107	0	107	0	0	321	321	321	321	107	107	107	107	
	6032108	5002	108	6032001	 飾品 - 白裝	60	1620	1620	0	0	108	108	108	108	108	0	108	0	0	324	324	324	324	108	108	108	108	
# 飾品 - 綠裝																												
	6033001	5002	1	6033001	 飾品 - 綠裝	60	17	17	0	0	1	1	1	1	1	0	1	0	0	11	11	11	11	6	6	6	6	
	6033002	5002	2	6033001	 飾品 - 綠裝	60	34	34	0	0	2	2	2	2	2	0	2	0	0	22	22	22	22	12	12	12	12	
	6033003	5002	3	6033001	 飾品 - 綠裝	60	51	51	0	0	3	3	3	3	3	0	3	0	0	33	33	33	33	18	18	18	18	
	6033004	5002	4	6033001	 飾品 - 綠裝	60	68	68	0	0	4	4	4	4	4	0	4	0	0	44	44	44	44	24	24	24	24	
	6033005	5002	5	6033001	 飾品 - 綠裝	60	85	85	0	0	5	5	5	5	5	0	5	0	0	55	55	55	55	30	30	30	30	
	6033006	5002	6	6033001	 飾品 - 綠裝	60	102	102	0	0	6	6	6	6	6	0	6	0	0	66	66	66	66	36	36	36	36	
	6033007	5002	7	6033001	 飾品 - 綠裝	60	119	119	0	0	7	7	7	7	7	0	7	0	0	77	77	77	77	42	42	42	42	
	6033008	5002	8	6033001	 飾品 - 綠裝	60	136	136	0	0	8	8	8	8	8	0	8	0	0	88	88	88	88	48	48	48	48	
	6033009	5002	9	6033001	 飾品 - 綠裝	60	153	153	0	0	9	9	9	9	9	0	9	0	0	99	99	99	99	54	54	54	54	
	6033010	5002	10	6033001	 飾品 - 綠裝	60	170	170	0	0	10	10	10	10	10	0	10	0	0	110	110	110	110	60	60	60	60	
	6033011	5002	11	6033001	 飾品 - 綠裝	60	187	187	0	0	11	11	11	11	11	0	11	0	0	121	121	121	121	66	66	66	66	
	6033012	5002	12	6033001	 飾品 - 綠裝	60	204	204	0	0	12	12	12	12	12	0	12	0	0	132	132	132	132	72	72	72	72	
	6033013	5002	13	6033001	 飾品 - 綠裝	60	221	221	0	0	13	13	13	13	13	0	13	0	0	143	143	143	143	78	78	78	78	
	6033014	5002	14	6033001	 飾品 - 綠裝	60	238	238	0	0	14	14	14	14	14	0	14	0	0	154	154	154	154	84	84	84	84	
	6033015	5002	15	6033001	 飾品 - 綠裝	60	255	255	0	0	15	15	15	15	15	0	15	0	0	165	165	165	165	90	90	90	90	
	6033016	5002	16	6033001	 飾品 - 綠裝	60	272	272	0	0	16	16	16	16	16	0	16	0	0	176	176	176	176	96	96	96	96	
	6033017	5002	17	6033001	 飾品 - 綠裝	60	289	289	0	0	17	17	17	17	17	0	17	0	0	187	187	187	187	102	102	102	102	
	6033018	5002	18	6033001	 飾品 - 綠裝	60	306	306	0	0	18	18	18	18	18	0	18	0	0	198	198	198	198	108	108	108	108	
	6033019	5002	19	6033001	 飾品 - 綠裝	60	323	323	0	0	19	19	19	19	19	0	19	0	0	209	209	209	209	114	114	114	114	
	6033020	5002	20	6033001	 飾品 - 綠裝	60	340	340	0	0	20	20	20	20	20	0	20	0	0	220	220	220	220	120	120	120	120	
	6033021	5002	21	6033001	 飾品 - 綠裝	60	357	357	0	0	21	21	21	21	21	0	21	0	0	231	231	231	231	126	126	126	126	
	6033022	5002	22	6033001	 飾品 - 綠裝	60	374	374	0	0	22	22	22	22	22	0	22	0	0	242	242	242	242	132	132	132	132	
	6033023	5002	23	6033001	 飾品 - 綠裝	60	391	391	0	0	23	23	23	23	23	0	23	0	0	253	253	253	253	138	138	138	138	
	6033024	5002	24	6033001	 飾品 - 綠裝	60	408	408	0	0	24	24	24	24	24	0	24	0	0	264	264	264	264	144	144	144	144	
	6033025	5002	25	6033001	 飾品 - 綠裝	60	425	425	0	0	25	25	25	25	25	0	25	0	0	275	275	275	275	150	150	150	150	
	6033026	5002	26	6033001	 飾品 - 綠裝	60	442	442	0	0	26	26	26	26	26	0	26	0	0	286	286	286	286	156	156	156	156	
	6033027	5002	27	6033001	 飾品 - 綠裝	60	459	459	0	0	27	27	27	27	27	0	27	0	0	297	297	297	297	162	162	162	162	
	6033028	5002	28	6033001	 飾品 - 綠裝	60	476	476	0	0	28	28	28	28	28	0	28	0	0	308	308	308	308	168	168	168	168	
	6033029	5002	29	6033001	 飾品 - 綠裝	60	493	493	0	0	29	29	29	29	29	0	29	0	0	319	319	319	319	174	174	174	174	
	6033030	5002	30	6033001	 飾品 - 綠裝	60	510	510	0	0	30	30	30	30	30	0	30	0	0	330	330	330	330	180	180	180	180	
	6033031	5002	31	6033001	 飾品 - 綠裝	60	527	527	0	0	31	31	31	31	31	0	31	0	0	341	341	341	341	186	186	186	186	
	6033032	5002	32	6033001	 飾品 - 綠裝	60	544	544	0	0	32	32	32	32	32	0	32	0	0	352	352	352	352	192	192	192	192	
	6033033	5002	33	6033001	 飾品 - 綠裝	60	561	561	0	0	33	33	33	33	33	0	33	0	0	363	363	363	363	198	198	198	198	
	6033034	5002	34	6033001	 飾品 - 綠裝	60	578	578	0	0	34	34	34	34	34	0	34	0	0	374	374	374	374	204	204	204	204	
	6033035	5002	35	6033001	 飾品 - 綠裝	60	595	595	0	0	35	35	35	35	35	0	35	0	0	385	385	385	385	210	210	210	210	
	6033036	5002	36	6033001	 飾品 - 綠裝	60	612	612	0	0	36	36	36	36	36	0	36	0	0	396	396	396	396	216	216	216	216	
	6033037	5002	37	6033001	 飾品 - 綠裝	60	629	629	0	0	37	37	37	37	37	0	37	0	0	407	407	407	407	222	222	222	222	
	6033038	5002	38	6033001	 飾品 - 綠裝	60	646	646	0	0	38	38	38	38	38	0	38	0	0	418	418	418	418	228	228	228	228	
	6033039	5002	39	6033001	 飾品 - 綠裝	60	663	663	0	0	39	39	39	39	39	0	39	0	0	429	429	429	429	234	234	234	234	
	6033040	5002	40	6033001	 飾品 - 綠裝	60	680	680	0	0	40	40	40	40	40	0	40	0	0	440	440	440	440	240	240	240	240	
	6033041	5002	41	6033001	 飾品 - 綠裝	60	697	697	0	0	41	41	41	41	41	0	41	0	0	451	451	451	451	246	246	246	246	
	6033042	5002	42	6033001	 飾品 - 綠裝	60	714	714	0	0	42	42	42	42	42	0	42	0	0	462	462	462	462	252	252	252	252	
	6033043	5002	43	6033001	 飾品 - 綠裝	60	731	731	0	0	43	43	43	43	43	0	43	0	0	473	473	473	473	258	258	258	258	
	6033044	5002	44	6033001	 飾品 - 綠裝	60	748	748	0	0	44	44	44	44	44	0	44	0	0	484	484	484	484	264	264	264	264	
	6033045	5002	45	6033001	 飾品 - 綠裝	60	765	765	0	0	45	45	45	45	45	0	45	0	0	495	495	495	495	270	270	270	270	
	6033046	5002	46	6033001	 飾品 - 綠裝	60	782	782	0	0	46	46	46	46	46	0	46	0	0	506	506	506	506	276	276	276	276	
	6033047	5002	47	6033001	 飾品 - 綠裝	60	799	799	0	0	47	47	47	47	47	0	47	0	0	517	517	517	517	282	282	282	282	
	6033048	5002	48	6033001	 飾品 - 綠裝	60	816	816	0	0	48	48	48	48	48	0	48	0	0	528	528	528	528	288	288	288	288	
	6033049	5002	49	6033001	 飾品 - 綠裝	60	833	833	0	0	49	49	49	49	49	0	49	0	0	539	539	539	539	294	294	294	294	
	6033050	5002	50	6033001	 飾品 - 綠裝	60	850	850	0	0	50	50	50	50	50	0	50	0	0	550	550	550	550	300	300	300	300	
	6033051	5002	51	6033001	 飾品 - 綠裝	60	867	867	0	0	51	51	51	51	51	0	51	0	0	561	561	561	561	306	306	306	306	
	6033052	5002	52	6033001	 飾品 - 綠裝	60	884	884	0	0	52	52	52	52	52	0	52	0	0	572	572	572	572	312	312	312	312	
	6033053	5002	53	6033001	 飾品 - 綠裝	60	901	901	0	0	53	53	53	53	53	0	53	0	0	583	583	583	583	318	318	318	318	
	6033054	5002	54	6033001	 飾品 - 綠裝	60	918	918	0	0	54	54	54	54	54	0	54	0	0	594	594	594	594	324	324	324	324	
	6033055	5002	55	6033001	 飾品 - 綠裝	60	935	935	0	0	55	55	55	55	55	0	55	0	0	605	605	605	605	330	330	330	330	
	6033056	5002	56	6033001	 飾品 - 綠裝	60	952	952	0	0	56	56	56	56	56	0	56	0	0	616	616	616	616	336	336	336	336	
	6033057	5002	57	6033001	 飾品 - 綠裝	60	969	969	0	0	57	57	57	57	57	0	57	0	0	627	627	627	627	342	342	342	342	
	6033058	5002	58	6033001	 飾品 - 綠裝	60	986	986	0	0	58	58	58	58	58	0	58	0	0	638	638	638	638	348	348	348	348	
	6033059	5002	59	6033001	 飾品 - 綠裝	60	1003	1003	0	0	59	59	59	59	59	0	59	0	0	649	649	649	649	354	354	354	354	
	6033060	5002	60	6033001	 飾品 - 綠裝	60	1020	1020	0	0	60	60	60	60	60	0	60	0	0	660	660	660	660	360	360	360	360	
	6033061	5002	61	6033001	 飾品 - 綠裝	60	1037	1037	0	0	61	61	61	61	61	0	61	0	0	671	671	671	671	366	366	366	366	
	6033062	5002	62	6033001	 飾品 - 綠裝	60	1054	1054	0	0	62	62	62	62	62	0	62	0	0	682	682	682	682	372	372	372	372	
	6033063	5002	63	6033001	 飾品 - 綠裝	60	1071	1071	0	0	63	63	63	63	63	0	63	0	0	693	693	693	693	378	378	378	378	
	6033064	5002	64	6033001	 飾品 - 綠裝	60	1088	1088	0	0	64	64	64	64	64	0	64	0	0	704	704	704	704	384	384	384	384	
	6033065	5002	65	6033001	 飾品 - 綠裝	60	1105	1105	0	0	65	65	65	65	65	0	65	0	0	715	715	715	715	390	390	390	390	
	6033066	5002	66	6033001	 飾品 - 綠裝	60	1122	1122	0	0	66	66	66	66	66	0	66	0	0	726	726	726	726	396	396	396	396	
	6033067	5002	67	6033001	 飾品 - 綠裝	60	1139	1139	0	0	67	67	67	67	67	0	67	0	0	737	737	737	737	402	402	402	402	
	6033068	5002	68	6033001	 飾品 - 綠裝	60	1156	1156	0	0	68	68	68	68	68	0	68	0	0	748	748	748	748	408	408	408	408	
	6033069	5002	69	6033001	 飾品 - 綠裝	60	1173	1173	0	0	69	69	69	69	69	0	69	0	0	759	759	759	759	414	414	414	414	
	6033070	5002	70	6033001	 飾品 - 綠裝	60	1190	1190	0	0	70	70	70	70	70	0	70	0	0	770	770	770	770	420	420	420	420	
	6033071	5002	71	6033001	 飾品 - 綠裝	60	1207	1207	0	0	71	71	71	71	71	0	71	0	0	781	781	781	781	426	426	426	426	
	6033072	5002	72	6033001	 飾品 - 綠裝	60	1224	1224	0	0	72	72	72	72	72	0	72	0	0	792	792	792	792	432	432	432	432	
	6033073	5002	73	6033001	 飾品 - 綠裝	60	1241	1241	0	0	73	73	73	73	73	0	73	0	0	803	803	803	803	438	438	438	438	
	6033074	5002	74	6033001	 飾品 - 綠裝	60	1258	1258	0	0	74	74	74	74	74	0	74	0	0	814	814	814	814	444	444	444	444	
	6033075	5002	75	6033001	 飾品 - 綠裝	60	1275	1275	0	0	75	75	75	75	75	0	75	0	0	825	825	825	825	450	450	450	450	
	6033076	5002	76	6033001	 飾品 - 綠裝	60	1292	1292	0	0	76	76	76	76	76	0	76	0	0	836	836	836	836	456	456	456	456	
	6033077	5002	77	6033001	 飾品 - 綠裝	60	1309	1309	0	0	77	77	77	77	77	0	77	0	0	847	847	847	847	462	462	462	462	
	6033078	5002	78	6033001	 飾品 - 綠裝	60	1326	1326	0	0	78	78	78	78	78	0	78	0	0	858	858	858	858	468	468	468	468	
	6033079	5002	79	6033001	 飾品 - 綠裝	60	1343	1343	0	0	79	79	79	79	79	0	79	0	0	869	869	869	869	474	474	474	474	
	6033080	5002	80	6033001	 飾品 - 綠裝	60	1360	1360	0	0	80	80	80	80	80	0	80	0	0	880	880	880	880	480	480	480	480	
	6033081	5002	81	6033001	 飾品 - 綠裝	60	1377	1377	0	0	81	81	81	81	81	0	81	0	0	891	891	891	891	486	486	486	486	
	6033082	5002	82	6033001	 飾品 - 綠裝	60	1394	1394	0	0	82	82	82	82	82	0	82	0	0	902	902	902	902	492	492	492	492	
	6033083	5002	83	6033001	 飾品 - 綠裝	60	1411	1411	0	0	83	83	83	83	83	0	83	0	0	913	913	913	913	498	498	498	498	
	6033084	5002	84	6033001	 飾品 - 綠裝	60	1428	1428	0	0	84	84	84	84	84	0	84	0	0	924	924	924	924	504	504	504	504	
	6033085	5002	85	6033001	 飾品 - 綠裝	60	1445	1445	0	0	85	85	85	85	85	0	85	0	0	935	935	935	935	510	510	510	510	
	6033086	5002	86	6033001	 飾品 - 綠裝	60	1462	1462	0	0	86	86	86	86	86	0	86	0	0	946	946	946	946	516	516	516	516	
	6033087	5002	87	6033001	 飾品 - 綠裝	60	1479	1479	0	0	87	87	87	87	87	0	87	0	0	957	957	957	957	522	522	522	522	
	6033088	5002	88	6033001	 飾品 - 綠裝	60	1496	1496	0	0	88	88	88	88	88	0	88	0	0	968	968	968	968	528	528	528	528	
	6033089	5002	89	6033001	 飾品 - 綠裝	60	1513	1513	0	0	89	89	89	89	89	0	89	0	0	979	979	979	979	534	534	534	534	
	6033090	5002	90	6033001	 飾品 - 綠裝	60	1530	1530	0	0	90	90	90	90	90	0	90	0	0	990	990	990	990	540	540	540	540	
	6033091	5002	91	6033001	 飾品 - 綠裝	60	1547	1547	0	0	91	91	91	91	91	0	91	0	0	1001	1001	1001	1001	546	546	546	546	
	6033092	5002	92	6033001	 飾品 - 綠裝	60	1564	1564	0	0	92	92	92	92	92	0	92	0	0	1012	1012	1012	1012	552	552	552	552	
	6033093	5002	93	6033001	 飾品 - 綠裝	60	1581	1581	0	0	93	93	93	93	93	0	93	0	0	1023	1023	1023	1023	558	558	558	558	
	6033094	5002	94	6033001	 飾品 - 綠裝	60	1598	1598	0	0	94	94	94	94	94	0	94	0	0	1034	1034	1034	1034	564	564	564	564	
	6033095	5002	95	6033001	 飾品 - 綠裝	60	1615	1615	0	0	95	95	95	95	95	0	95	0	0	1045	1045	1045	1045	570	570	570	570	
	6033096	5002	96	6033001	 飾品 - 綠裝	60	1632	1632	0	0	96	96	96	96	96	0	96	0	0	1056	1056	1056	1056	576	576	576	576	
	6033097	5002	97	6033001	 飾品 - 綠裝	60	1649	1649	0	0	97	97	97	97	97	0	97	0	0	1067	1067	1067	1067	582	582	582	582	
	6033098	5002	98	6033001	 飾品 - 綠裝	60	1666	1666	0	0	98	98	98	98	98	0	98	0	0	1078	1078	1078	1078	588	588	588	588	
	6033099	5002	99	6033001	 飾品 - 綠裝	60	1683	1683	0	0	99	99	99	99	99	0	99	0	0	1089	1089	1089	1089	594	594	594	594	
	6033100	5002	100	6033001	 飾品 - 綠裝	60	1700	1700	0	0	100	100	100	100	100	0	100	0	0	1100	1100	1100	1100	600	600	600	600	
	6033101	5002	101	6033001	 飾品 - 綠裝	60	1717	1717	0	0	101	101	101	101	101	0	101	0	0	1111	1111	1111	1111	606	606	606	606	
	6033102	5002	102	6033001	 飾品 - 綠裝	60	1734	1734	0	0	102	102	102	102	102	0	102	0	0	1122	1122	1122	1122	612	612	612	612	
	6033103	5002	103	6033001	 飾品 - 綠裝	60	1751	1751	0	0	103	103	103	103	103	0	103	0	0	1133	1133	1133	1133	618	618	618	618	
	6033104	5002	104	6033001	 飾品 - 綠裝	60	1768	1768	0	0	104	104	104	104	104	0	104	0	0	1144	1144	1144	1144	624	624	624	624	
	6033105	5002	105	6033001	 飾品 - 綠裝	60	1785	1785	0	0	105	105	105	105	105	0	105	0	0	1155	1155	1155	1155	630	630	630	630	
	6033106	5002	106	6033001	 飾品 - 綠裝	60	1802	1802	0	0	106	106	106	106	106	0	106	0	0	1166	1166	1166	1166	636	636	636	636	
	6033107	5002	107	6033001	 飾品 - 綠裝	60	1819	1819	0	0	107	107	107	107	107	0	107	0	0	1177	1177	1177	1177	642	642	642	642	
	6033108	5002	108	6033001	 飾品 - 綠裝	60	1836	1836	0	0	108	108	108	108	108	0	108	0	0	1188	1188	1188	1188	648	648	648	648	
# 飾品 - 藍裝																												
	6034001	5002	1	6034001	 飾品 - 藍裝	60	19	19	0	0	2	2	2	2	2	0	2	0	0	23	23	23	23	11	11	11	11	
	6034002	5002	2	6034001	 飾品 - 藍裝	60	38	38	0	0	4	4	4	4	4	0	4	0	0	46	46	46	46	22	22	22	22	
	6034003	5002	3	6034001	 飾品 - 藍裝	60	57	57	0	0	6	6	6	6	6	0	6	0	0	69	69	69	69	33	33	33	33	
	6034004	5002	4	6034001	 飾品 - 藍裝	60	76	76	0	0	8	8	8	8	8	0	8	0	0	92	92	92	92	44	44	44	44	
	6034005	5002	5	6034001	 飾品 - 藍裝	60	95	95	0	0	10	10	10	10	10	0	10	0	0	115	115	115	115	55	55	55	55	
	6034006	5002	6	6034001	 飾品 - 藍裝	60	114	114	0	0	12	12	12	12	12	0	12	0	0	138	138	138	138	66	66	66	66	
	6034007	5002	7	6034001	 飾品 - 藍裝	60	133	133	0	0	14	14	14	14	14	0	14	0	0	161	161	161	161	77	77	77	77	
	6034008	5002	8	6034001	 飾品 - 藍裝	60	152	152	0	0	16	16	16	16	16	0	16	0	0	184	184	184	184	88	88	88	88	
	6034009	5002	9	6034001	 飾品 - 藍裝	60	171	171	0	0	18	18	18	18	18	0	18	0	0	207	207	207	207	99	99	99	99	
	6034010	5002	10	6034001	 飾品 - 藍裝	60	190	190	0	0	20	20	20	20	20	0	20	0	0	230	230	230	230	110	110	110	110	
	6034011	5002	11	6034001	 飾品 - 藍裝	60	209	209	0	0	22	22	22	22	22	0	22	0	0	253	253	253	253	121	121	121	121	
	6034012	5002	12	6034001	 飾品 - 藍裝	60	228	228	0	0	24	24	24	24	24	0	24	0	0	276	276	276	276	132	132	132	132	
	6034013	5002	13	6034001	 飾品 - 藍裝	60	247	247	0	0	26	26	26	26	26	0	26	0	0	299	299	299	299	143	143	143	143	
	6034014	5002	14	6034001	 飾品 - 藍裝	60	266	266	0	0	28	28	28	28	28	0	28	0	0	322	322	322	322	154	154	154	154	
	6034015	5002	15	6034001	 飾品 - 藍裝	60	285	285	0	0	30	30	30	30	30	0	30	0	0	345	345	345	345	165	165	165	165	
	6034016	5002	16	6034001	 飾品 - 藍裝	60	304	304	0	0	32	32	32	32	32	0	32	0	0	368	368	368	368	176	176	176	176	
	6034017	5002	17	6034001	 飾品 - 藍裝	60	323	323	0	0	34	34	34	34	34	0	34	0	0	391	391	391	391	187	187	187	187	
	6034018	5002	18	6034001	 飾品 - 藍裝	60	342	342	0	0	36	36	36	36	36	0	36	0	0	414	414	414	414	198	198	198	198	
	6034019	5002	19	6034001	 飾品 - 藍裝	60	361	361	0	0	38	38	38	38	38	0	38	0	0	437	437	437	437	209	209	209	209	
	6034020	5002	20	6034001	 飾品 - 藍裝	60	380	380	0	0	40	40	40	40	40	0	40	0	0	460	460	460	460	220	220	220	220	
	6034021	5002	21	6034001	 飾品 - 藍裝	60	399	399	0	0	42	42	42	42	42	0	42	0	0	483	483	483	483	231	231	231	231	
	6034022	5002	22	6034001	 飾品 - 藍裝	60	418	418	0	0	44	44	44	44	44	0	44	0	0	506	506	506	506	242	242	242	242	
	6034023	5002	23	6034001	 飾品 - 藍裝	60	437	437	0	0	46	46	46	46	46	0	46	0	0	529	529	529	529	253	253	253	253	
	6034024	5002	24	6034001	 飾品 - 藍裝	60	456	456	0	0	48	48	48	48	48	0	48	0	0	552	552	552	552	264	264	264	264	
	6034025	5002	25	6034001	 飾品 - 藍裝	60	475	475	0	0	50	50	50	50	50	0	50	0	0	575	575	575	575	275	275	275	275	
	6034026	5002	26	6034001	 飾品 - 藍裝	60	494	494	0	0	52	52	52	52	52	0	52	0	0	598	598	598	598	286	286	286	286	
	6034027	5002	27	6034001	 飾品 - 藍裝	60	513	513	0	0	54	54	54	54	54	0	54	0	0	621	621	621	621	297	297	297	297	
	6034028	5002	28	6034001	 飾品 - 藍裝	60	532	532	0	0	56	56	56	56	56	0	56	0	0	644	644	644	644	308	308	308	308	
	6034029	5002	29	6034001	 飾品 - 藍裝	60	551	551	0	0	58	58	58	58	58	0	58	0	0	667	667	667	667	319	319	319	319	
	6034030	5002	30	6034001	 飾品 - 藍裝	60	570	570	0	0	60	60	60	60	60	0	60	0	0	690	690	690	690	330	330	330	330	
	6034031	5002	31	6034001	 飾品 - 藍裝	60	589	589	0	0	62	62	62	62	62	0	62	0	0	713	713	713	713	341	341	341	341	
	6034032	5002	32	6034001	 飾品 - 藍裝	60	608	608	0	0	64	64	64	64	64	0	64	0	0	736	736	736	736	352	352	352	352	
	6034033	5002	33	6034001	 飾品 - 藍裝	60	627	627	0	0	66	66	66	66	66	0	66	0	0	759	759	759	759	363	363	363	363	
	6034034	5002	34	6034001	 飾品 - 藍裝	60	646	646	0	0	68	68	68	68	68	0	68	0	0	782	782	782	782	374	374	374	374	
	6034035	5002	35	6034001	 飾品 - 藍裝	60	665	665	0	0	70	70	70	70	70	0	70	0	0	805	805	805	805	385	385	385	385	
	6034036	5002	36	6034001	 飾品 - 藍裝	60	684	684	0	0	72	72	72	72	72	0	72	0	0	828	828	828	828	396	396	396	396	
	6034037	5002	37	6034001	 飾品 - 藍裝	60	703	703	0	0	74	74	74	74	74	0	74	0	0	851	851	851	851	407	407	407	407	
	6034038	5002	38	6034001	 飾品 - 藍裝	60	722	722	0	0	76	76	76	76	76	0	76	0	0	874	874	874	874	418	418	418	418	
	6034039	5002	39	6034001	 飾品 - 藍裝	60	741	741	0	0	78	78	78	78	78	0	78	0	0	897	897	897	897	429	429	429	429	
	6034040	5002	40	6034001	 飾品 - 藍裝	60	760	760	0	0	80	80	80	80	80	0	80	0	0	920	920	920	920	440	440	440	440	
	6034041	5002	41	6034001	 飾品 - 藍裝	60	779	779	0	0	82	82	82	82	82	0	82	0	0	943	943	943	943	451	451	451	451	
	6034042	5002	42	6034001	 飾品 - 藍裝	60	798	798	0	0	84	84	84	84	84	0	84	0	0	966	966	966	966	462	462	462	462	
	6034043	5002	43	6034001	 飾品 - 藍裝	60	817	817	0	0	86	86	86	86	86	0	86	0	0	989	989	989	989	473	473	473	473	
	6034044	5002	44	6034001	 飾品 - 藍裝	60	836	836	0	0	88	88	88	88	88	0	88	0	0	1012	1012	1012	1012	484	484	484	484	
	6034045	5002	45	6034001	 飾品 - 藍裝	60	855	855	0	0	90	90	90	90	90	0	90	0	0	1035	1035	1035	1035	495	495	495	495	
	6034046	5002	46	6034001	 飾品 - 藍裝	60	874	874	0	0	92	92	92	92	92	0	92	0	0	1058	1058	1058	1058	506	506	506	506	
	6034047	5002	47	6034001	 飾品 - 藍裝	60	893	893	0	0	94	94	94	94	94	0	94	0	0	1081	1081	1081	1081	517	517	517	517	
	6034048	5002	48	6034001	 飾品 - 藍裝	60	912	912	0	0	96	96	96	96	96	0	96	0	0	1104	1104	1104	1104	528	528	528	528	
	6034049	5002	49	6034001	 飾品 - 藍裝	60	931	931	0	0	98	98	98	98	98	0	98	0	0	1127	1127	1127	1127	539	539	539	539	
	6034050	5002	50	6034001	 飾品 - 藍裝	60	950	950	0	0	100	100	100	100	100	0	100	0	0	1150	1150	1150	1150	550	550	550	550	
	6034051	5002	51	6034001	 飾品 - 藍裝	60	969	969	0	0	102	102	102	102	102	0	102	0	0	1173	1173	1173	1173	561	561	561	561	
	6034052	5002	52	6034001	 飾品 - 藍裝	60	988	988	0	0	104	104	104	104	104	0	104	0	0	1196	1196	1196	1196	572	572	572	572	
	6034053	5002	53	6034001	 飾品 - 藍裝	60	1007	1007	0	0	106	106	106	106	106	0	106	0	0	1219	1219	1219	1219	583	583	583	583	
	6034054	5002	54	6034001	 飾品 - 藍裝	60	1026	1026	0	0	108	108	108	108	108	0	108	0	0	1242	1242	1242	1242	594	594	594	594	
	6034055	5002	55	6034001	 飾品 - 藍裝	60	1045	1045	0	0	110	110	110	110	110	0	110	0	0	1265	1265	1265	1265	605	605	605	605	
	6034056	5002	56	6034001	 飾品 - 藍裝	60	1064	1064	0	0	112	112	112	112	112	0	112	0	0	1288	1288	1288	1288	616	616	616	616	
	6034057	5002	57	6034001	 飾品 - 藍裝	60	1083	1083	0	0	114	114	114	114	114	0	114	0	0	1311	1311	1311	1311	627	627	627	627	
	6034058	5002	58	6034001	 飾品 - 藍裝	60	1102	1102	0	0	116	116	116	116	116	0	116	0	0	1334	1334	1334	1334	638	638	638	638	
	6034059	5002	59	6034001	 飾品 - 藍裝	60	1121	1121	0	0	118	118	118	118	118	0	118	0	0	1357	1357	1357	1357	649	649	649	649	
	6034060	5002	60	6034001	 飾品 - 藍裝	60	1140	1140	0	0	120	120	120	120	120	0	120	0	0	1380	1380	1380	1380	660	660	660	660	
	6034061	5002	61	6034001	 飾品 - 藍裝	60	1159	1159	0	0	122	122	122	122	122	0	122	0	0	1403	1403	1403	1403	671	671	671	671	
	6034062	5002	62	6034001	 飾品 - 藍裝	60	1178	1178	0	0	124	124	124	124	124	0	124	0	0	1426	1426	1426	1426	682	682	682	682	
	6034063	5002	63	6034001	 飾品 - 藍裝	60	1197	1197	0	0	126	126	126	126	126	0	126	0	0	1449	1449	1449	1449	693	693	693	693	
	6034064	5002	64	6034001	 飾品 - 藍裝	60	1216	1216	0	0	128	128	128	128	128	0	128	0	0	1472	1472	1472	1472	704	704	704	704	
	6034065	5002	65	6034001	 飾品 - 藍裝	60	1235	1235	0	0	130	130	130	130	130	0	130	0	0	1495	1495	1495	1495	715	715	715	715	
	6034066	5002	66	6034001	 飾品 - 藍裝	60	1254	1254	0	0	132	132	132	132	132	0	132	0	0	1518	1518	1518	1518	726	726	726	726	
	6034067	5002	67	6034001	 飾品 - 藍裝	60	1273	1273	0	0	134	134	134	134	134	0	134	0	0	1541	1541	1541	1541	737	737	737	737	
	6034068	5002	68	6034001	 飾品 - 藍裝	60	1292	1292	0	0	136	136	136	136	136	0	136	0	0	1564	1564	1564	1564	748	748	748	748	
	6034069	5002	69	6034001	 飾品 - 藍裝	60	1311	1311	0	0	138	138	138	138	138	0	138	0	0	1587	1587	1587	1587	759	759	759	759	
	6034070	5002	70	6034001	 飾品 - 藍裝	60	1330	1330	0	0	140	140	140	140	140	0	140	0	0	1610	1610	1610	1610	770	770	770	770	
	6034071	5002	71	6034001	 飾品 - 藍裝	60	1349	1349	0	0	142	142	142	142	142	0	142	0	0	1633	1633	1633	1633	781	781	781	781	
	6034072	5002	72	6034001	 飾品 - 藍裝	60	1368	1368	0	0	144	144	144	144	144	0	144	0	0	1656	1656	1656	1656	792	792	792	792	
	6034073	5002	73	6034001	 飾品 - 藍裝	60	1387	1387	0	0	146	146	146	146	146	0	146	0	0	1679	1679	1679	1679	803	803	803	803	
	6034074	5002	74	6034001	 飾品 - 藍裝	60	1406	1406	0	0	148	148	148	148	148	0	148	0	0	1702	1702	1702	1702	814	814	814	814	
	6034075	5002	75	6034001	 飾品 - 藍裝	60	1425	1425	0	0	150	150	150	150	150	0	150	0	0	1725	1725	1725	1725	825	825	825	825	
	6034076	5002	76	6034001	 飾品 - 藍裝	60	1444	1444	0	0	152	152	152	152	152	0	152	0	0	1748	1748	1748	1748	836	836	836	836	
	6034077	5002	77	6034001	 飾品 - 藍裝	60	1463	1463	0	0	154	154	154	154	154	0	154	0	0	1771	1771	1771	1771	847	847	847	847	
	6034078	5002	78	6034001	 飾品 - 藍裝	60	1482	1482	0	0	156	156	156	156	156	0	156	0	0	1794	1794	1794	1794	858	858	858	858	
	6034079	5002	79	6034001	 飾品 - 藍裝	60	1501	1501	0	0	158	158	158	158	158	0	158	0	0	1817	1817	1817	1817	869	869	869	869	
	6034080	5002	80	6034001	 飾品 - 藍裝	60	1520	1520	0	0	160	160	160	160	160	0	160	0	0	1840	1840	1840	1840	880	880	880	880	
	6034081	5002	81	6034001	 飾品 - 藍裝	60	1539	1539	0	0	162	162	162	162	162	0	162	0	0	1863	1863	1863	1863	891	891	891	891	
	6034082	5002	82	6034001	 飾品 - 藍裝	60	1558	1558	0	0	164	164	164	164	164	0	164	0	0	1886	1886	1886	1886	902	902	902	902	
	6034083	5002	83	6034001	 飾品 - 藍裝	60	1577	1577	0	0	166	166	166	166	166	0	166	0	0	1909	1909	1909	1909	913	913	913	913	
	6034084	5002	84	6034001	 飾品 - 藍裝	60	1596	1596	0	0	168	168	168	168	168	0	168	0	0	1932	1932	1932	1932	924	924	924	924	
	6034085	5002	85	6034001	 飾品 - 藍裝	60	1615	1615	0	0	170	170	170	170	170	0	170	0	0	1955	1955	1955	1955	935	935	935	935	
	6034086	5002	86	6034001	 飾品 - 藍裝	60	1634	1634	0	0	172	172	172	172	172	0	172	0	0	1978	1978	1978	1978	946	946	946	946	
	6034087	5002	87	6034001	 飾品 - 藍裝	60	1653	1653	0	0	174	174	174	174	174	0	174	0	0	2001	2001	2001	2001	957	957	957	957	
	6034088	5002	88	6034001	 飾品 - 藍裝	60	1672	1672	0	0	176	176	176	176	176	0	176	0	0	2024	2024	2024	2024	968	968	968	968	
	6034089	5002	89	6034001	 飾品 - 藍裝	60	1691	1691	0	0	178	178	178	178	178	0	178	0	0	2047	2047	2047	2047	979	979	979	979	
	6034090	5002	90	6034001	 飾品 - 藍裝	60	1710	1710	0	0	180	180	180	180	180	0	180	0	0	2070	2070	2070	2070	990	990	990	990	
	6034091	5002	91	6034001	 飾品 - 藍裝	60	1729	1729	0	0	182	182	182	182	182	0	182	0	0	2093	2093	2093	2093	1001	1001	1001	1001	
	6034092	5002	92	6034001	 飾品 - 藍裝	60	1748	1748	0	0	184	184	184	184	184	0	184	0	0	2116	2116	2116	2116	1012	1012	1012	1012	
	6034093	5002	93	6034001	 飾品 - 藍裝	60	1767	1767	0	0	186	186	186	186	186	0	186	0	0	2139	2139	2139	2139	1023	1023	1023	1023	
	6034094	5002	94	6034001	 飾品 - 藍裝	60	1786	1786	0	0	188	188	188	188	188	0	188	0	0	2162	2162	2162	2162	1034	1034	1034	1034	
	6034095	5002	95	6034001	 飾品 - 藍裝	60	1805	1805	0	0	190	190	190	190	190	0	190	0	0	2185	2185	2185	2185	1045	1045	1045	1045	
	6034096	5002	96	6034001	 飾品 - 藍裝	60	1824	1824	0	0	192	192	192	192	192	0	192	0	0	2208	2208	2208	2208	1056	1056	1056	1056	
	6034097	5002	97	6034001	 飾品 - 藍裝	60	1843	1843	0	0	194	194	194	194	194	0	194	0	0	2231	2231	2231	2231	1067	1067	1067	1067	
	6034098	5002	98	6034001	 飾品 - 藍裝	60	1862	1862	0	0	196	196	196	196	196	0	196	0	0	2254	2254	2254	2254	1078	1078	1078	1078	
	6034099	5002	99	6034001	 飾品 - 藍裝	60	1881	1881	0	0	198	198	198	198	198	0	198	0	0	2277	2277	2277	2277	1089	1089	1089	1089	
	6034100	5002	100	6034001	 飾品 - 藍裝	60	1900	1900	0	0	200	200	200	200	200	0	200	0	0	2300	2300	2300	2300	1100	1100	1100	1100	
	6034101	5002	101	6034001	 飾品 - 藍裝	60	1919	1919	0	0	202	202	202	202	202	0	202	0	0	2323	2323	2323	2323	1111	1111	1111	1111	
	6034102	5002	102	6034001	 飾品 - 藍裝	60	1938	1938	0	0	204	204	204	204	204	0	204	0	0	2346	2346	2346	2346	1122	1122	1122	1122	
	6034103	5002	103	6034001	 飾品 - 藍裝	60	1957	1957	0	0	206	206	206	206	206	0	206	0	0	2369	2369	2369	2369	1133	1133	1133	1133	
	6034104	5002	104	6034001	 飾品 - 藍裝	60	1976	1976	0	0	208	208	208	208	208	0	208	0	0	2392	2392	2392	2392	1144	1144	1144	1144	
	6034105	5002	105	6034001	 飾品 - 藍裝	60	1995	1995	0	0	210	210	210	210	210	0	210	0	0	2415	2415	2415	2415	1155	1155	1155	1155	
	6034106	5002	106	6034001	 飾品 - 藍裝	60	2014	2014	0	0	212	212	212	212	212	0	212	0	0	2438	2438	2438	2438	1166	1166	1166	1166	
	6034107	5002	107	6034001	 飾品 - 藍裝	60	2033	2033	0	0	214	214	214	214	214	0	214	0	0	2461	2461	2461	2461	1177	1177	1177	1177	
	6034108	5002	108	6034001	 飾品 - 藍裝	60	2052	2052	0	0	216	216	216	216	216	0	216	0	0	2484	2484	2484	2484	1188	1188	1188	1188	
# 飾品 - 紫裝																												
	6035001	5002	1	6035001	 飾品 - 紫裝	60	21	21	0	0	2	2	2	2	2	0	2	0	0	23	23	23	23	11	11	11	11	
	6035002	5002	2	6035001	 飾品 - 紫裝	60	42	42	0	0	4	4	4	4	4	0	4	0	0	46	46	46	46	22	22	22	22	
	6035003	5002	3	6035001	 飾品 - 紫裝	60	63	63	0	0	6	6	6	6	6	0	6	0	0	69	69	69	69	33	33	33	33	
	6035004	5002	4	6035001	 飾品 - 紫裝	60	84	84	0	0	8	8	8	8	8	0	8	0	0	92	92	92	92	44	44	44	44	
	6035005	5002	5	6035001	 飾品 - 紫裝	60	105	105	0	0	10	10	10	10	10	0	10	0	0	115	115	115	115	55	55	55	55	
	6035006	5002	6	6035001	 飾品 - 紫裝	60	126	126	0	0	12	12	12	12	12	0	12	0	0	138	138	138	138	66	66	66	66	
	6035007	5002	7	6035001	 飾品 - 紫裝	60	147	147	0	0	14	14	14	14	14	0	14	0	0	161	161	161	161	77	77	77	77	
	6035008	5002	8	6035001	 飾品 - 紫裝	60	168	168	0	0	16	16	16	16	16	0	16	0	0	184	184	184	184	88	88	88	88	
	6035009	5002	9	6035001	 飾品 - 紫裝	60	189	189	0	0	18	18	18	18	18	0	18	0	0	207	207	207	207	99	99	99	99	
	6035010	5002	10	6035001	 飾品 - 紫裝	60	210	210	0	0	20	20	20	20	20	0	20	0	0	230	230	230	230	110	110	110	110	
	6035011	5002	11	6035001	 飾品 - 紫裝	60	231	231	0	0	22	22	22	22	22	0	22	0	0	253	253	253	253	121	121	121	121	
	6035012	5002	12	6035001	 飾品 - 紫裝	60	252	252	0	0	24	24	24	24	24	0	24	0	0	276	276	276	276	132	132	132	132	
	6035013	5002	13	6035001	 飾品 - 紫裝	60	273	273	0	0	26	26	26	26	26	0	26	0	0	299	299	299	299	143	143	143	143	
	6035014	5002	14	6035001	 飾品 - 紫裝	60	294	294	0	0	28	28	28	28	28	0	28	0	0	322	322	322	322	154	154	154	154	
	6035015	5002	15	6035001	 飾品 - 紫裝	60	315	315	0	0	30	30	30	30	30	0	30	0	0	345	345	345	345	165	165	165	165	
	6035016	5002	16	6035001	 飾品 - 紫裝	60	336	336	0	0	32	32	32	32	32	0	32	0	0	368	368	368	368	176	176	176	176	
	6035017	5002	17	6035001	 飾品 - 紫裝	60	357	357	0	0	34	34	34	34	34	0	34	0	0	391	391	391	391	187	187	187	187	
	6035018	5002	18	6035001	 飾品 - 紫裝	60	378	378	0	0	36	36	36	36	36	0	36	0	0	414	414	414	414	198	198	198	198	
	6035019	5002	19	6035001	 飾品 - 紫裝	60	399	399	0	0	38	38	38	38	38	0	38	0	0	437	437	437	437	209	209	209	209	
	6035020	5002	20	6035001	 飾品 - 紫裝	60	420	420	0	0	40	40	40	40	40	0	40	0	0	460	460	460	460	220	220	220	220	
	6035021	5002	21	6035001	 飾品 - 紫裝	60	441	441	0	0	42	42	42	42	42	0	42	0	0	483	483	483	483	231	231	231	231	
	6035022	5002	22	6035001	 飾品 - 紫裝	60	462	462	0	0	44	44	44	44	44	0	44	0	0	506	506	506	506	242	242	242	242	
	6035023	5002	23	6035001	 飾品 - 紫裝	60	483	483	0	0	46	46	46	46	46	0	46	0	0	529	529	529	529	253	253	253	253	
	6035024	5002	24	6035001	 飾品 - 紫裝	60	504	504	0	0	48	48	48	48	48	0	48	0	0	552	552	552	552	264	264	264	264	
	6035025	5002	25	6035001	 飾品 - 紫裝	60	525	525	0	0	50	50	50	50	50	0	50	0	0	575	575	575	575	275	275	275	275	
	6035026	5002	26	6035001	 飾品 - 紫裝	60	546	546	0	0	52	52	52	52	52	0	52	0	0	598	598	598	598	286	286	286	286	
	6035027	5002	27	6035001	 飾品 - 紫裝	60	567	567	0	0	54	54	54	54	54	0	54	0	0	621	621	621	621	297	297	297	297	
	6035028	5002	28	6035001	 飾品 - 紫裝	60	588	588	0	0	56	56	56	56	56	0	56	0	0	644	644	644	644	308	308	308	308	
	6035029	5002	29	6035001	 飾品 - 紫裝	60	609	609	0	0	58	58	58	58	58	0	58	0	0	667	667	667	667	319	319	319	319	
	6035030	5002	30	6035001	 飾品 - 紫裝	60	630	630	0	0	60	60	60	60	60	0	60	0	0	690	690	690	690	330	330	330	330	
	6035031	5002	31	6035001	 飾品 - 紫裝	60	651	651	0	0	62	62	62	62	62	0	62	0	0	713	713	713	713	341	341	341	341	
	6035032	5002	32	6035001	 飾品 - 紫裝	60	672	672	0	0	64	64	64	64	64	0	64	0	0	736	736	736	736	352	352	352	352	
	6035033	5002	33	6035001	 飾品 - 紫裝	60	693	693	0	0	66	66	66	66	66	0	66	0	0	759	759	759	759	363	363	363	363	
	6035034	5002	34	6035001	 飾品 - 紫裝	60	714	714	0	0	68	68	68	68	68	0	68	0	0	782	782	782	782	374	374	374	374	
	6035035	5002	35	6035001	 飾品 - 紫裝	60	735	735	0	0	70	70	70	70	70	0	70	0	0	805	805	805	805	385	385	385	385	
	6035036	5002	36	6035001	 飾品 - 紫裝	60	756	756	0	0	72	72	72	72	72	0	72	0	0	828	828	828	828	396	396	396	396	
	6035037	5002	37	6035001	 飾品 - 紫裝	60	777	777	0	0	74	74	74	74	74	0	74	0	0	851	851	851	851	407	407	407	407	
	6035038	5002	38	6035001	 飾品 - 紫裝	60	798	798	0	0	76	76	76	76	76	0	76	0	0	874	874	874	874	418	418	418	418	
	6035039	5002	39	6035001	 飾品 - 紫裝	60	819	819	0	0	78	78	78	78	78	0	78	0	0	897	897	897	897	429	429	429	429	
	6035040	5002	40	6035001	 飾品 - 紫裝	60	840	840	0	0	80	80	80	80	80	0	80	0	0	920	920	920	920	440	440	440	440	
	6035041	5002	41	6035001	 飾品 - 紫裝	60	861	861	0	0	82	82	82	82	82	0	82	0	0	943	943	943	943	451	451	451	451	
	6035042	5002	42	6035001	 飾品 - 紫裝	60	882	882	0	0	84	84	84	84	84	0	84	0	0	966	966	966	966	462	462	462	462	
	6035043	5002	43	6035001	 飾品 - 紫裝	60	903	903	0	0	86	86	86	86	86	0	86	0	0	989	989	989	989	473	473	473	473	
	6035044	5002	44	6035001	 飾品 - 紫裝	60	924	924	0	0	88	88	88	88	88	0	88	0	0	1012	1012	1012	1012	484	484	484	484	
	6035045	5002	45	6035001	 飾品 - 紫裝	60	945	945	0	0	90	90	90	90	90	0	90	0	0	1035	1035	1035	1035	495	495	495	495	
	6035046	5002	46	6035001	 飾品 - 紫裝	60	966	966	0	0	92	92	92	92	92	0	92	0	0	1058	1058	1058	1058	506	506	506	506	
	6035047	5002	47	6035001	 飾品 - 紫裝	60	987	987	0	0	94	94	94	94	94	0	94	0	0	1081	1081	1081	1081	517	517	517	517	
	6035048	5002	48	6035001	 飾品 - 紫裝	60	1008	1008	0	0	96	96	96	96	96	0	96	0	0	1104	1104	1104	1104	528	528	528	528	
	6035049	5002	49	6035001	 飾品 - 紫裝	60	1029	1029	0	0	98	98	98	98	98	0	98	0	0	1127	1127	1127	1127	539	539	539	539	
	6035050	5002	50	6035001	 飾品 - 紫裝	60	1050	1050	0	0	100	100	100	100	100	0	100	0	0	1150	1150	1150	1150	550	550	550	550	
	6035051	5002	51	6035001	 飾品 - 紫裝	60	1071	1071	0	0	102	102	102	102	102	0	102	0	0	1173	1173	1173	1173	561	561	561	561	
	6035052	5002	52	6035001	 飾品 - 紫裝	60	1092	1092	0	0	104	104	104	104	104	0	104	0	0	1196	1196	1196	1196	572	572	572	572	
	6035053	5002	53	6035001	 飾品 - 紫裝	60	1113	1113	0	0	106	106	106	106	106	0	106	0	0	1219	1219	1219	1219	583	583	583	583	
	6035054	5002	54	6035001	 飾品 - 紫裝	60	1134	1134	0	0	108	108	108	108	108	0	108	0	0	1242	1242	1242	1242	594	594	594	594	
	6035055	5002	55	6035001	 飾品 - 紫裝	60	1155	1155	0	0	110	110	110	110	110	0	110	0	0	1265	1265	1265	1265	605	605	605	605	
	6035056	5002	56	6035001	 飾品 - 紫裝	60	1176	1176	0	0	112	112	112	112	112	0	112	0	0	1288	1288	1288	1288	616	616	616	616	
	6035057	5002	57	6035001	 飾品 - 紫裝	60	1197	1197	0	0	114	114	114	114	114	0	114	0	0	1311	1311	1311	1311	627	627	627	627	
	6035058	5002	58	6035001	 飾品 - 紫裝	60	1218	1218	0	0	116	116	116	116	116	0	116	0	0	1334	1334	1334	1334	638	638	638	638	
	6035059	5002	59	6035001	 飾品 - 紫裝	60	1239	1239	0	0	118	118	118	118	118	0	118	0	0	1357	1357	1357	1357	649	649	649	649	
	6035060	5002	60	6035001	 飾品 - 紫裝	60	1260	1260	0	0	120	120	120	120	120	0	120	0	0	1380	1380	1380	1380	660	660	660	660	
	6035061	5002	61	6035001	 飾品 - 紫裝	60	1281	1281	0	0	122	122	122	122	122	0	122	0	0	1403	1403	1403	1403	671	671	671	671	
	6035062	5002	62	6035001	 飾品 - 紫裝	60	1302	1302	0	0	124	124	124	124	124	0	124	0	0	1426	1426	1426	1426	682	682	682	682	
	6035063	5002	63	6035001	 飾品 - 紫裝	60	1323	1323	0	0	126	126	126	126	126	0	126	0	0	1449	1449	1449	1449	693	693	693	693	
	6035064	5002	64	6035001	 飾品 - 紫裝	60	1344	1344	0	0	128	128	128	128	128	0	128	0	0	1472	1472	1472	1472	704	704	704	704	
	6035065	5002	65	6035001	 飾品 - 紫裝	60	1365	1365	0	0	130	130	130	130	130	0	130	0	0	1495	1495	1495	1495	715	715	715	715	
	6035066	5002	66	6035001	 飾品 - 紫裝	60	1386	1386	0	0	132	132	132	132	132	0	132	0	0	1518	1518	1518	1518	726	726	726	726	
	6035067	5002	67	6035001	 飾品 - 紫裝	60	1407	1407	0	0	134	134	134	134	134	0	134	0	0	1541	1541	1541	1541	737	737	737	737	
	6035068	5002	68	6035001	 飾品 - 紫裝	60	1428	1428	0	0	136	136	136	136	136	0	136	0	0	1564	1564	1564	1564	748	748	748	748	
	6035069	5002	69	6035001	 飾品 - 紫裝	60	1449	1449	0	0	138	138	138	138	138	0	138	0	0	1587	1587	1587	1587	759	759	759	759	
	6035070	5002	70	6035001	 飾品 - 紫裝	60	1470	1470	0	0	140	140	140	140	140	0	140	0	0	1610	1610	1610	1610	770	770	770	770	
	6035071	5002	71	6035001	 飾品 - 紫裝	60	1491	1491	0	0	142	142	142	142	142	0	142	0	0	1633	1633	1633	1633	781	781	781	781	
	6035072	5002	72	6035001	 飾品 - 紫裝	60	1512	1512	0	0	144	144	144	144	144	0	144	0	0	1656	1656	1656	1656	792	792	792	792	
	6035073	5002	73	6035001	 飾品 - 紫裝	60	1533	1533	0	0	146	146	146	146	146	0	146	0	0	1679	1679	1679	1679	803	803	803	803	
	6035074	5002	74	6035001	 飾品 - 紫裝	60	1554	1554	0	0	148	148	148	148	148	0	148	0	0	1702	1702	1702	1702	814	814	814	814	
	6035075	5002	75	6035001	 飾品 - 紫裝	60	1575	1575	0	0	150	150	150	150	150	0	150	0	0	1725	1725	1725	1725	825	825	825	825	
	6035076	5002	76	6035001	 飾品 - 紫裝	60	1596	1596	0	0	152	152	152	152	152	0	152	0	0	1748	1748	1748	1748	836	836	836	836	
	6035077	5002	77	6035001	 飾品 - 紫裝	60	1617	1617	0	0	154	154	154	154	154	0	154	0	0	1771	1771	1771	1771	847	847	847	847	
	6035078	5002	78	6035001	 飾品 - 紫裝	60	1638	1638	0	0	156	156	156	156	156	0	156	0	0	1794	1794	1794	1794	858	858	858	858	
	6035079	5002	79	6035001	 飾品 - 紫裝	60	1659	1659	0	0	158	158	158	158	158	0	158	0	0	1817	1817	1817	1817	869	869	869	869	
	6035080	5002	80	6035001	 飾品 - 紫裝	60	1680	1680	0	0	160	160	160	160	160	0	160	0	0	1840	1840	1840	1840	880	880	880	880	
	6035081	5002	81	6035001	 飾品 - 紫裝	60	1701	1701	0	0	162	162	162	162	162	0	162	0	0	1863	1863	1863	1863	891	891	891	891	
	6035082	5002	82	6035001	 飾品 - 紫裝	60	1722	1722	0	0	164	164	164	164	164	0	164	0	0	1886	1886	1886	1886	902	902	902	902	
	6035083	5002	83	6035001	 飾品 - 紫裝	60	1743	1743	0	0	166	166	166	166	166	0	166	0	0	1909	1909	1909	1909	913	913	913	913	
	6035084	5002	84	6035001	 飾品 - 紫裝	60	1764	1764	0	0	168	168	168	168	168	0	168	0	0	1932	1932	1932	1932	924	924	924	924	
	6035085	5002	85	6035001	 飾品 - 紫裝	60	1785	1785	0	0	170	170	170	170	170	0	170	0	0	1955	1955	1955	1955	935	935	935	935	
	6035086	5002	86	6035001	 飾品 - 紫裝	60	1806	1806	0	0	172	172	172	172	172	0	172	0	0	1978	1978	1978	1978	946	946	946	946	
	6035087	5002	87	6035001	 飾品 - 紫裝	60	1827	1827	0	0	174	174	174	174	174	0	174	0	0	2001	2001	2001	2001	957	957	957	957	
	6035088	5002	88	6035001	 飾品 - 紫裝	60	1848	1848	0	0	176	176	176	176	176	0	176	0	0	2024	2024	2024	2024	968	968	968	968	
	6035089	5002	89	6035001	 飾品 - 紫裝	60	1869	1869	0	0	178	178	178	178	178	0	178	0	0	2047	2047	2047	2047	979	979	979	979	
	6035090	5002	90	6035001	 飾品 - 紫裝	60	1890	1890	0	0	180	180	180	180	180	0	180	0	0	2070	2070	2070	2070	990	990	990	990	
	6035091	5002	91	6035001	 飾品 - 紫裝	60	1911	1911	0	0	182	182	182	182	182	0	182	0	0	2093	2093	2093	2093	1001	1001	1001	1001	
	6035092	5002	92	6035001	 飾品 - 紫裝	60	1932	1932	0	0	184	184	184	184	184	0	184	0	0	2116	2116	2116	2116	1012	1012	1012	1012	
	6035093	5002	93	6035001	 飾品 - 紫裝	60	1953	1953	0	0	186	186	186	186	186	0	186	0	0	2139	2139	2139	2139	1023	1023	1023	1023	
	6035094	5002	94	6035001	 飾品 - 紫裝	60	1974	1974	0	0	188	188	188	188	188	0	188	0	0	2162	2162	2162	2162	1034	1034	1034	1034	
	6035095	5002	95	6035001	 飾品 - 紫裝	60	1995	1995	0	0	190	190	190	190	190	0	190	0	0	2185	2185	2185	2185	1045	1045	1045	1045	
	6035096	5002	96	6035001	 飾品 - 紫裝	60	2016	2016	0	0	192	192	192	192	192	0	192	0	0	2208	2208	2208	2208	1056	1056	1056	1056	
	6035097	5002	97	6035001	 飾品 - 紫裝	60	2037	2037	0	0	194	194	194	194	194	0	194	0	0	2231	2231	2231	2231	1067	1067	1067	1067	
	6035098	5002	98	6035001	 飾品 - 紫裝	60	2058	2058	0	0	196	196	196	196	196	0	196	0	0	2254	2254	2254	2254	1078	1078	1078	1078	
	6035099	5002	99	6035001	 飾品 - 紫裝	60	2079	2079	0	0	198	198	198	198	198	0	198	0	0	2277	2277	2277	2277	1089	1089	1089	1089	
	6035100	5002	100	6035001	 飾品 - 紫裝	60	2100	2100	0	0	200	200	200	200	200	0	200	0	0	2300	2300	2300	2300	1100	1100	1100	1100	
	6035101	5002	101	6035001	 飾品 - 紫裝	60	2121	2121	0	0	202	202	202	202	202	0	202	0	0	2323	2323	2323	2323	1111	1111	1111	1111	
	6035102	5002	102	6035001	 飾品 - 紫裝	60	2142	2142	0	0	204	204	204	204	204	0	204	0	0	2346	2346	2346	2346	1122	1122	1122	1122	
	6035103	5002	103	6035001	 飾品 - 紫裝	60	2163	2163	0	0	206	206	206	206	206	0	206	0	0	2369	2369	2369	2369	1133	1133	1133	1133	
	6035104	5002	104	6035001	 飾品 - 紫裝	60	2184	2184	0	0	208	208	208	208	208	0	208	0	0	2392	2392	2392	2392	1144	1144	1144	1144	
	6035105	5002	105	6035001	 飾品 - 紫裝	60	2205	2205	0	0	210	210	210	210	210	0	210	0	0	2415	2415	2415	2415	1155	1155	1155	1155	
	6035106	5002	106	6035001	 飾品 - 紫裝	60	2226	2226	0	0	212	212	212	212	212	0	212	0	0	2438	2438	2438	2438	1166	1166	1166	1166	
	6035107	5002	107	6035001	 飾品 - 紫裝	60	2247	2247	0	0	214	214	214	214	214	0	214	0	0	2461	2461	2461	2461	1177	1177	1177	1177	
	6035108	5002	108	6035001	 飾品 - 紫裝	60	2268	2268	0	0	216	216	216	216	216	0	216	0	0	2484	2484	2484	2484	1188	1188	1188	1188	
# 80級強化屬性數值表 01-1-1-001：對應等級限制 - 類型 (1:武器;2:防具;3:飾品) - 層級 (1:灰;2:白;3:綠;4:藍;5:紫) - 裝備等級																												
# 武器強化屬性數值表																												
# 武器 - 灰裝																												
	8011001	5002	1	8011001	 武器 - 灰裝	80	49	49	0	0	1	1	1	1	1	0	1	22	0	0	0	0	0	0	0	0	0	
	8011002	5002	2	8011001	 武器 - 灰裝	80	98	98	0	0	2	2	2	2	2	0	2	44	0	0	0	0	0	0	0	0	0	
	8011003	5002	3	8011001	 武器 - 灰裝	80	147	147	0	0	3	3	3	3	3	0	3	66	0	0	0	0	0	0	0	0	0	
	8011004	5002	4	8011001	 武器 - 灰裝	80	196	196	0	0	4	4	4	4	4	0	4	88	0	0	0	0	0	0	0	0	0	
	8011005	5002	5	8011001	 武器 - 灰裝	80	245	245	0	0	5	5	5	5	5	0	5	110	0	0	0	0	0	0	0	0	0	
	8011006	5002	6	8011001	 武器 - 灰裝	80	294	294	0	0	6	6	6	6	6	0	6	132	0	0	0	0	0	0	0	0	0	
	8011007	5002	7	8011001	 武器 - 灰裝	80	343	343	0	0	7	7	7	7	7	0	7	154	0	0	0	0	0	0	0	0	0	
	8011008	5002	8	8011001	 武器 - 灰裝	80	392	392	0	0	8	8	8	8	8	0	8	176	0	0	0	0	0	0	0	0	0	
	8011009	5002	9	8011001	 武器 - 灰裝	80	441	441	0	0	9	9	9	9	9	0	9	198	0	0	0	0	0	0	0	0	0	
	8011010	5002	10	8011001	 武器 - 灰裝	80	490	490	0	0	10	10	10	10	10	0	10	220	0	0	0	0	0	0	0	0	0	
	8011011	5002	11	8011001	 武器 - 灰裝	80	539	539	0	0	11	11	11	11	11	0	11	242	0	0	0	0	0	0	0	0	0	
	8011012	5002	12	8011001	 武器 - 灰裝	80	588	588	0	0	12	12	12	12	12	0	12	264	0	0	0	0	0	0	0	0	0	
	8011013	5002	13	8011001	 武器 - 灰裝	80	637	637	0	0	13	13	13	13	13	0	13	286	0	0	0	0	0	0	0	0	0	
	8011014	5002	14	8011001	 武器 - 灰裝	80	686	686	0	0	14	14	14	14	14	0	14	308	0	0	0	0	0	0	0	0	0	
	8011015	5002	15	8011001	 武器 - 灰裝	80	735	735	0	0	15	15	15	15	15	0	15	330	0	0	0	0	0	0	0	0	0	
	8011016	5002	16	8011001	 武器 - 灰裝	80	784	784	0	0	16	16	16	16	16	0	16	352	0	0	0	0	0	0	0	0	0	
	8011017	5002	17	8011001	 武器 - 灰裝	80	833	833	0	0	17	17	17	17	17	0	17	374	0	0	0	0	0	0	0	0	0	
	8011018	5002	18	8011001	 武器 - 灰裝	80	882	882	0	0	18	18	18	18	18	0	18	396	0	0	0	0	0	0	0	0	0	
	8011019	5002	19	8011001	 武器 - 灰裝	80	931	931	0	0	19	19	19	19	19	0	19	418	0	0	0	0	0	0	0	0	0	
	8011020	5002	20	8011001	 武器 - 灰裝	80	980	980	0	0	20	20	20	20	20	0	20	440	0	0	0	0	0	0	0	0	0	
	8011021	5002	21	8011001	 武器 - 灰裝	80	1029	1029	0	0	21	21	21	21	21	0	21	462	0	0	0	0	0	0	0	0	0	
	8011022	5002	22	8011001	 武器 - 灰裝	80	1078	1078	0	0	22	22	22	22	22	0	22	484	0	0	0	0	0	0	0	0	0	
	8011023	5002	23	8011001	 武器 - 灰裝	80	1127	1127	0	0	23	23	23	23	23	0	23	506	0	0	0	0	0	0	0	0	0	
	8011024	5002	24	8011001	 武器 - 灰裝	80	1176	1176	0	0	24	24	24	24	24	0	24	528	0	0	0	0	0	0	0	0	0	
	8011025	5002	25	8011001	 武器 - 灰裝	80	1225	1225	0	0	25	25	25	25	25	0	25	550	0	0	0	0	0	0	0	0	0	
	8011026	5002	26	8011001	 武器 - 灰裝	80	1274	1274	0	0	26	26	26	26	26	0	26	572	0	0	0	0	0	0	0	0	0	
	8011027	5002	27	8011001	 武器 - 灰裝	80	1323	1323	0	0	27	27	27	27	27	0	27	594	0	0	0	0	0	0	0	0	0	
	8011028	5002	28	8011001	 武器 - 灰裝	80	1372	1372	0	0	28	28	28	28	28	0	28	616	0	0	0	0	0	0	0	0	0	
	8011029	5002	29	8011001	 武器 - 灰裝	80	1421	1421	0	0	29	29	29	29	29	0	29	638	0	0	0	0	0	0	0	0	0	
	8011030	5002	30	8011001	 武器 - 灰裝	80	1470	1470	0	0	30	30	30	30	30	0	30	660	0	0	0	0	0	0	0	0	0	
	8011031	5002	31	8011001	 武器 - 灰裝	80	1519	1519	0	0	31	31	31	31	31	0	31	682	0	0	0	0	0	0	0	0	0	
	8011032	5002	32	8011001	 武器 - 灰裝	80	1568	1568	0	0	32	32	32	32	32	0	32	704	0	0	0	0	0	0	0	0	0	
	8011033	5002	33	8011001	 武器 - 灰裝	80	1617	1617	0	0	33	33	33	33	33	0	33	726	0	0	0	0	0	0	0	0	0	
	8011034	5002	34	8011001	 武器 - 灰裝	80	1666	1666	0	0	34	34	34	34	34	0	34	748	0	0	0	0	0	0	0	0	0	
	8011035	5002	35	8011001	 武器 - 灰裝	80	1715	1715	0	0	35	35	35	35	35	0	35	770	0	0	0	0	0	0	0	0	0	
	8011036	5002	36	8011001	 武器 - 灰裝	80	1764	1764	0	0	36	36	36	36	36	0	36	792	0	0	0	0	0	0	0	0	0	
	8011037	5002	37	8011001	 武器 - 灰裝	80	1813	1813	0	0	37	37	37	37	37	0	37	814	0	0	0	0	0	0	0	0	0	
	8011038	5002	38	8011001	 武器 - 灰裝	80	1862	1862	0	0	38	38	38	38	38	0	38	836	0	0	0	0	0	0	0	0	0	
	8011039	5002	39	8011001	 武器 - 灰裝	80	1911	1911	0	0	39	39	39	39	39	0	39	858	0	0	0	0	0	0	0	0	0	
	8011040	5002	40	8011001	 武器 - 灰裝	80	1960	1960	0	0	40	40	40	40	40	0	40	880	0	0	0	0	0	0	0	0	0	
	8011041	5002	41	8011001	 武器 - 灰裝	80	2009	2009	0	0	41	41	41	41	41	0	41	902	0	0	0	0	0	0	0	0	0	
	8011042	5002	42	8011001	 武器 - 灰裝	80	2058	2058	0	0	42	42	42	42	42	0	42	924	0	0	0	0	0	0	0	0	0	
	8011043	5002	43	8011001	 武器 - 灰裝	80	2107	2107	0	0	43	43	43	43	43	0	43	946	0	0	0	0	0	0	0	0	0	
	8011044	5002	44	8011001	 武器 - 灰裝	80	2156	2156	0	0	44	44	44	44	44	0	44	968	0	0	0	0	0	0	0	0	0	
	8011045	5002	45	8011001	 武器 - 灰裝	80	2205	2205	0	0	45	45	45	45	45	0	45	990	0	0	0	0	0	0	0	0	0	
	8011046	5002	46	8011001	 武器 - 灰裝	80	2254	2254	0	0	46	46	46	46	46	0	46	1012	0	0	0	0	0	0	0	0	0	
	8011047	5002	47	8011001	 武器 - 灰裝	80	2303	2303	0	0	47	47	47	47	47	0	47	1034	0	0	0	0	0	0	0	0	0	
	8011048	5002	48	8011001	 武器 - 灰裝	80	2352	2352	0	0	48	48	48	48	48	0	48	1056	0	0	0	0	0	0	0	0	0	
	8011049	5002	49	8011001	 武器 - 灰裝	80	2401	2401	0	0	49	49	49	49	49	0	49	1078	0	0	0	0	0	0	0	0	0	
	8011050	5002	50	8011001	 武器 - 灰裝	80	2450	2450	0	0	50	50	50	50	50	0	50	1100	0	0	0	0	0	0	0	0	0	
	8011051	5002	51	8011001	 武器 - 灰裝	80	2499	2499	0	0	51	51	51	51	51	0	51	1122	0	0	0	0	0	0	0	0	0	
	8011052	5002	52	8011001	 武器 - 灰裝	80	2548	2548	0	0	52	52	52	52	52	0	52	1144	0	0	0	0	0	0	0	0	0	
	8011053	5002	53	8011001	 武器 - 灰裝	80	2597	2597	0	0	53	53	53	53	53	0	53	1166	0	0	0	0	0	0	0	0	0	
	8011054	5002	54	8011001	 武器 - 灰裝	80	2646	2646	0	0	54	54	54	54	54	0	54	1188	0	0	0	0	0	0	0	0	0	
	8011055	5002	55	8011001	 武器 - 灰裝	80	2695	2695	0	0	55	55	55	55	55	0	55	1210	0	0	0	0	0	0	0	0	0	
	8011056	5002	56	8011001	 武器 - 灰裝	80	2744	2744	0	0	56	56	56	56	56	0	56	1232	0	0	0	0	0	0	0	0	0	
	8011057	5002	57	8011001	 武器 - 灰裝	80	2793	2793	0	0	57	57	57	57	57	0	57	1254	0	0	0	0	0	0	0	0	0	
	8011058	5002	58	8011001	 武器 - 灰裝	80	2842	2842	0	0	58	58	58	58	58	0	58	1276	0	0	0	0	0	0	0	0	0	
	8011059	5002	59	8011001	 武器 - 灰裝	80	2891	2891	0	0	59	59	59	59	59	0	59	1298	0	0	0	0	0	0	0	0	0	
	8011060	5002	60	8011001	 武器 - 灰裝	80	2940	2940	0	0	60	60	60	60	60	0	60	1320	0	0	0	0	0	0	0	0	0	
	8011061	5002	61	8011001	 武器 - 灰裝	80	2989	2989	0	0	61	61	61	61	61	0	61	1342	0	0	0	0	0	0	0	0	0	
	8011062	5002	62	8011001	 武器 - 灰裝	80	3038	3038	0	0	62	62	62	62	62	0	62	1364	0	0	0	0	0	0	0	0	0	
	8011063	5002	63	8011001	 武器 - 灰裝	80	3087	3087	0	0	63	63	63	63	63	0	63	1386	0	0	0	0	0	0	0	0	0	
	8011064	5002	64	8011001	 武器 - 灰裝	80	3136	3136	0	0	64	64	64	64	64	0	64	1408	0	0	0	0	0	0	0	0	0	
	8011065	5002	65	8011001	 武器 - 灰裝	80	3185	3185	0	0	65	65	65	65	65	0	65	1430	0	0	0	0	0	0	0	0	0	
	8011066	5002	66	8011001	 武器 - 灰裝	80	3234	3234	0	0	66	66	66	66	66	0	66	1452	0	0	0	0	0	0	0	0	0	
	8011067	5002	67	8011001	 武器 - 灰裝	80	3283	3283	0	0	67	67	67	67	67	0	67	1474	0	0	0	0	0	0	0	0	0	
	8011068	5002	68	8011001	 武器 - 灰裝	80	3332	3332	0	0	68	68	68	68	68	0	68	1496	0	0	0	0	0	0	0	0	0	
	8011069	5002	69	8011001	 武器 - 灰裝	80	3381	3381	0	0	69	69	69	69	69	0	69	1518	0	0	0	0	0	0	0	0	0	
	8011070	5002	70	8011001	 武器 - 灰裝	80	3430	3430	0	0	70	70	70	70	70	0	70	1540	0	0	0	0	0	0	0	0	0	
	8011071	5002	71	8011001	 武器 - 灰裝	80	3479	3479	0	0	71	71	71	71	71	0	71	1562	0	0	0	0	0	0	0	0	0	
	8011072	5002	72	8011001	 武器 - 灰裝	80	3528	3528	0	0	72	72	72	72	72	0	72	1584	0	0	0	0	0	0	0	0	0	
	8011073	5002	73	8011001	 武器 - 灰裝	80	3577	3577	0	0	73	73	73	73	73	0	73	1606	0	0	0	0	0	0	0	0	0	
	8011074	5002	74	8011001	 武器 - 灰裝	80	3626	3626	0	0	74	74	74	74	74	0	74	1628	0	0	0	0	0	0	0	0	0	
	8011075	5002	75	8011001	 武器 - 灰裝	80	3675	3675	0	0	75	75	75	75	75	0	75	1650	0	0	0	0	0	0	0	0	0	
	8011076	5002	76	8011001	 武器 - 灰裝	80	3724	3724	0	0	76	76	76	76	76	0	76	1672	0	0	0	0	0	0	0	0	0	
	8011077	5002	77	8011001	 武器 - 灰裝	80	3773	3773	0	0	77	77	77	77	77	0	77	1694	0	0	0	0	0	0	0	0	0	
	8011078	5002	78	8011001	 武器 - 灰裝	80	3822	3822	0	0	78	78	78	78	78	0	78	1716	0	0	0	0	0	0	0	0	0	
	8011079	5002	79	8011001	 武器 - 灰裝	80	3871	3871	0	0	79	79	79	79	79	0	79	1738	0	0	0	0	0	0	0	0	0	
	8011080	5002	80	8011001	 武器 - 灰裝	80	3920	3920	0	0	80	80	80	80	80	0	80	1760	0	0	0	0	0	0	0	0	0	
	8011081	5002	81	8011001	 武器 - 灰裝	80	3969	3969	0	0	81	81	81	81	81	0	81	1782	0	0	0	0	0	0	0	0	0	
	8011082	5002	82	8011001	 武器 - 灰裝	80	4018	4018	0	0	82	82	82	82	82	0	82	1804	0	0	0	0	0	0	0	0	0	
	8011083	5002	83	8011001	 武器 - 灰裝	80	4067	4067	0	0	83	83	83	83	83	0	83	1826	0	0	0	0	0	0	0	0	0	
	8011084	5002	84	8011001	 武器 - 灰裝	80	4116	4116	0	0	84	84	84	84	84	0	84	1848	0	0	0	0	0	0	0	0	0	
	8011085	5002	85	8011001	 武器 - 灰裝	80	4165	4165	0	0	85	85	85	85	85	0	85	1870	0	0	0	0	0	0	0	0	0	
	8011086	5002	86	8011001	 武器 - 灰裝	80	4214	4214	0	0	86	86	86	86	86	0	86	1892	0	0	0	0	0	0	0	0	0	
	8011087	5002	87	8011001	 武器 - 灰裝	80	4263	4263	0	0	87	87	87	87	87	0	87	1914	0	0	0	0	0	0	0	0	0	
	8011088	5002	88	8011001	 武器 - 灰裝	80	4312	4312	0	0	88	88	88	88	88	0	88	1936	0	0	0	0	0	0	0	0	0	
	8011089	5002	89	8011001	 武器 - 灰裝	80	4361	4361	0	0	89	89	89	89	89	0	89	1958	0	0	0	0	0	0	0	0	0	
	8011090	5002	90	8011001	 武器 - 灰裝	80	4410	4410	0	0	90	90	90	90	90	0	90	1980	0	0	0	0	0	0	0	0	0	
	8011091	5002	91	8011001	 武器 - 灰裝	80	4459	4459	0	0	91	91	91	91	91	0	91	2002	0	0	0	0	0	0	0	0	0	
	8011092	5002	92	8011001	 武器 - 灰裝	80	4508	4508	0	0	92	92	92	92	92	0	92	2024	0	0	0	0	0	0	0	0	0	
	8011093	5002	93	8011001	 武器 - 灰裝	80	4557	4557	0	0	93	93	93	93	93	0	93	2046	0	0	0	0	0	0	0	0	0	
	8011094	5002	94	8011001	 武器 - 灰裝	80	4606	4606	0	0	94	94	94	94	94	0	94	2068	0	0	0	0	0	0	0	0	0	
	8011095	5002	95	8011001	 武器 - 灰裝	80	4655	4655	0	0	95	95	95	95	95	0	95	2090	0	0	0	0	0	0	0	0	0	
	8011096	5002	96	8011001	 武器 - 灰裝	80	4704	4704	0	0	96	96	96	96	96	0	96	2112	0	0	0	0	0	0	0	0	0	
	8011097	5002	97	8011001	 武器 - 灰裝	80	4753	4753	0	0	97	97	97	97	97	0	97	2134	0	0	0	0	0	0	0	0	0	
	8011098	5002	98	8011001	 武器 - 灰裝	80	4802	4802	0	0	98	98	98	98	98	0	98	2156	0	0	0	0	0	0	0	0	0	
	8011099	5002	99	8011001	 武器 - 灰裝	80	4851	4851	0	0	99	99	99	99	99	0	99	2178	0	0	0	0	0	0	0	0	0	
	8011100	5002	100	8011001	 武器 - 灰裝	80	4900	4900	0	0	100	100	100	100	100	0	100	2200	0	0	0	0	0	0	0	0	0	
	8011101	5002	101	8011001	 武器 - 灰裝	80	4949	4949	0	0	101	101	101	101	101	0	101	2222	0	0	0	0	0	0	0	0	0	
	8011102	5002	102	8011001	 武器 - 灰裝	80	4998	4998	0	0	102	102	102	102	102	0	102	2244	0	0	0	0	0	0	0	0	0	
	8011103	5002	103	8011001	 武器 - 灰裝	80	5047	5047	0	0	103	103	103	103	103	0	103	2266	0	0	0	0	0	0	0	0	0	
	8011104	5002	104	8011001	 武器 - 灰裝	80	5096	5096	0	0	104	104	104	104	104	0	104	2288	0	0	0	0	0	0	0	0	0	
	8011105	5002	105	8011001	 武器 - 灰裝	80	5145	5145	0	0	105	105	105	105	105	0	105	2310	0	0	0	0	0	0	0	0	0	
	8011106	5002	106	8011001	 武器 - 灰裝	80	5194	5194	0	0	106	106	106	106	106	0	106	2332	0	0	0	0	0	0	0	0	0	
	8011107	5002	107	8011001	 武器 - 灰裝	80	5243	5243	0	0	107	107	107	107	107	0	107	2354	0	0	0	0	0	0	0	0	0	
	8011108	5002	108	8011001	 武器 - 灰裝	80	5292	5292	0	0	108	108	108	108	108	0	108	2376	0	0	0	0	0	0	0	0	0	
# 武器 - 白裝（非商店貨）																												
	8012001	5002	1	8012001	 武器 - 白裝	80	58	58	0	0	1	1	1	1	1	0	1	22	0	0	0	0	0	0	0	0	0	
	8012002	5002	2	8012001	 武器 - 白裝	80	116	116	0	0	2	2	2	2	2	0	2	44	0	0	0	0	0	0	0	0	0	
	8012003	5002	3	8012001	 武器 - 白裝	80	174	174	0	0	3	3	3	3	3	0	3	66	0	0	0	0	0	0	0	0	0	
	8012004	5002	4	8012001	 武器 - 白裝	80	232	232	0	0	4	4	4	4	4	0	4	88	0	0	0	0	0	0	0	0	0	
	8012005	5002	5	8012001	 武器 - 白裝	80	290	290	0	0	5	5	5	5	5	0	5	110	0	0	0	0	0	0	0	0	0	
	8012006	5002	6	8012001	 武器 - 白裝	80	348	348	0	0	6	6	6	6	6	0	6	132	0	0	0	0	0	0	0	0	0	
	8012007	5002	7	8012001	 武器 - 白裝	80	406	406	0	0	7	7	7	7	7	0	7	154	0	0	0	0	0	0	0	0	0	
	8012008	5002	8	8012001	 武器 - 白裝	80	464	464	0	0	8	8	8	8	8	0	8	176	0	0	0	0	0	0	0	0	0	
	8012009	5002	9	8012001	 武器 - 白裝	80	522	522	0	0	9	9	9	9	9	0	9	198	0	0	0	0	0	0	0	0	0	
	8012010	5002	10	8012001	 武器 - 白裝	80	580	580	0	0	10	10	10	10	10	0	10	220	0	0	0	0	0	0	0	0	0	
	8012011	5002	11	8012001	 武器 - 白裝	80	638	638	0	0	11	11	11	11	11	0	11	242	0	0	0	0	0	0	0	0	0	
	8012012	5002	12	8012001	 武器 - 白裝	80	696	696	0	0	12	12	12	12	12	0	12	264	0	0	0	0	0	0	0	0	0	
	8012013	5002	13	8012001	 武器 - 白裝	80	754	754	0	0	13	13	13	13	13	0	13	286	0	0	0	0	0	0	0	0	0	
	8012014	5002	14	8012001	 武器 - 白裝	80	812	812	0	0	14	14	14	14	14	0	14	308	0	0	0	0	0	0	0	0	0	
	8012015	5002	15	8012001	 武器 - 白裝	80	870	870	0	0	15	15	15	15	15	0	15	330	0	0	0	0	0	0	0	0	0	
	8012016	5002	16	8012001	 武器 - 白裝	80	928	928	0	0	16	16	16	16	16	0	16	352	0	0	0	0	0	0	0	0	0	
	8012017	5002	17	8012001	 武器 - 白裝	80	986	986	0	0	17	17	17	17	17	0	17	374	0	0	0	0	0	0	0	0	0	
	8012018	5002	18	8012001	 武器 - 白裝	80	1044	1044	0	0	18	18	18	18	18	0	18	396	0	0	0	0	0	0	0	0	0	
	8012019	5002	19	8012001	 武器 - 白裝	80	1102	1102	0	0	19	19	19	19	19	0	19	418	0	0	0	0	0	0	0	0	0	
	8012020	5002	20	8012001	 武器 - 白裝	80	1160	1160	0	0	20	20	20	20	20	0	20	440	0	0	0	0	0	0	0	0	0	
	8012021	5002	21	8012001	 武器 - 白裝	80	1218	1218	0	0	21	21	21	21	21	0	21	462	0	0	0	0	0	0	0	0	0	
	8012022	5002	22	8012001	 武器 - 白裝	80	1276	1276	0	0	22	22	22	22	22	0	22	484	0	0	0	0	0	0	0	0	0	
	8012023	5002	23	8012001	 武器 - 白裝	80	1334	1334	0	0	23	23	23	23	23	0	23	506	0	0	0	0	0	0	0	0	0	
	8012024	5002	24	8012001	 武器 - 白裝	80	1392	1392	0	0	24	24	24	24	24	0	24	528	0	0	0	0	0	0	0	0	0	
	8012025	5002	25	8012001	 武器 - 白裝	80	1450	1450	0	0	25	25	25	25	25	0	25	550	0	0	0	0	0	0	0	0	0	
	8012026	5002	26	8012001	 武器 - 白裝	80	1508	1508	0	0	26	26	26	26	26	0	26	572	0	0	0	0	0	0	0	0	0	
	8012027	5002	27	8012001	 武器 - 白裝	80	1566	1566	0	0	27	27	27	27	27	0	27	594	0	0	0	0	0	0	0	0	0	
	8012028	5002	28	8012001	 武器 - 白裝	80	1624	1624	0	0	28	28	28	28	28	0	28	616	0	0	0	0	0	0	0	0	0	
	8012029	5002	29	8012001	 武器 - 白裝	80	1682	1682	0	0	29	29	29	29	29	0	29	638	0	0	0	0	0	0	0	0	0	
	8012030	5002	30	8012001	 武器 - 白裝	80	1740	1740	0	0	30	30	30	30	30	0	30	660	0	0	0	0	0	0	0	0	0	
	8012031	5002	31	8012001	 武器 - 白裝	80	1798	1798	0	0	31	31	31	31	31	0	31	682	0	0	0	0	0	0	0	0	0	
	8012032	5002	32	8012001	 武器 - 白裝	80	1856	1856	0	0	32	32	32	32	32	0	32	704	0	0	0	0	0	0	0	0	0	
	8012033	5002	33	8012001	 武器 - 白裝	80	1914	1914	0	0	33	33	33	33	33	0	33	726	0	0	0	0	0	0	0	0	0	
	8012034	5002	34	8012001	 武器 - 白裝	80	1972	1972	0	0	34	34	34	34	34	0	34	748	0	0	0	0	0	0	0	0	0	
	8012035	5002	35	8012001	 武器 - 白裝	80	2030	2030	0	0	35	35	35	35	35	0	35	770	0	0	0	0	0	0	0	0	0	
	8012036	5002	36	8012001	 武器 - 白裝	80	2088	2088	0	0	36	36	36	36	36	0	36	792	0	0	0	0	0	0	0	0	0	
	8012037	5002	37	8012001	 武器 - 白裝	80	2146	2146	0	0	37	37	37	37	37	0	37	814	0	0	0	0	0	0	0	0	0	
	8012038	5002	38	8012001	 武器 - 白裝	80	2204	2204	0	0	38	38	38	38	38	0	38	836	0	0	0	0	0	0	0	0	0	
	8012039	5002	39	8012001	 武器 - 白裝	80	2262	2262	0	0	39	39	39	39	39	0	39	858	0	0	0	0	0	0	0	0	0	
	8012040	5002	40	8012001	 武器 - 白裝	80	2320	2320	0	0	40	40	40	40	40	0	40	880	0	0	0	0	0	0	0	0	0	
	8012041	5002	41	8012001	 武器 - 白裝	80	2378	2378	0	0	41	41	41	41	41	0	41	902	0	0	0	0	0	0	0	0	0	
	8012042	5002	42	8012001	 武器 - 白裝	80	2436	2436	0	0	42	42	42	42	42	0	42	924	0	0	0	0	0	0	0	0	0	
	8012043	5002	43	8012001	 武器 - 白裝	80	2494	2494	0	0	43	43	43	43	43	0	43	946	0	0	0	0	0	0	0	0	0	
	8012044	5002	44	8012001	 武器 - 白裝	80	2552	2552	0	0	44	44	44	44	44	0	44	968	0	0	0	0	0	0	0	0	0	
	8012045	5002	45	8012001	 武器 - 白裝	80	2610	2610	0	0	45	45	45	45	45	0	45	990	0	0	0	0	0	0	0	0	0	
	8012046	5002	46	8012001	 武器 - 白裝	80	2668	2668	0	0	46	46	46	46	46	0	46	1012	0	0	0	0	0	0	0	0	0	
	8012047	5002	47	8012001	 武器 - 白裝	80	2726	2726	0	0	47	47	47	47	47	0	47	1034	0	0	0	0	0	0	0	0	0	
	8012048	5002	48	8012001	 武器 - 白裝	80	2784	2784	0	0	48	48	48	48	48	0	48	1056	0	0	0	0	0	0	0	0	0	
	8012049	5002	49	8012001	 武器 - 白裝	80	2842	2842	0	0	49	49	49	49	49	0	49	1078	0	0	0	0	0	0	0	0	0	
	8012050	5002	50	8012001	 武器 - 白裝	80	2900	2900	0	0	50	50	50	50	50	0	50	1100	0	0	0	0	0	0	0	0	0	
	8012051	5002	51	8012001	 武器 - 白裝	80	2958	2958	0	0	51	51	51	51	51	0	51	1122	0	0	0	0	0	0	0	0	0	
	8012052	5002	52	8012001	 武器 - 白裝	80	3016	3016	0	0	52	52	52	52	52	0	52	1144	0	0	0	0	0	0	0	0	0	
	8012053	5002	53	8012001	 武器 - 白裝	80	3074	3074	0	0	53	53	53	53	53	0	53	1166	0	0	0	0	0	0	0	0	0	
	8012054	5002	54	8012001	 武器 - 白裝	80	3132	3132	0	0	54	54	54	54	54	0	54	1188	0	0	0	0	0	0	0	0	0	
	8012055	5002	55	8012001	 武器 - 白裝	80	3190	3190	0	0	55	55	55	55	55	0	55	1210	0	0	0	0	0	0	0	0	0	
	8012056	5002	56	8012001	 武器 - 白裝	80	3248	3248	0	0	56	56	56	56	56	0	56	1232	0	0	0	0	0	0	0	0	0	
	8012057	5002	57	8012001	 武器 - 白裝	80	3306	3306	0	0	57	57	57	57	57	0	57	1254	0	0	0	0	0	0	0	0	0	
	8012058	5002	58	8012001	 武器 - 白裝	80	3364	3364	0	0	58	58	58	58	58	0	58	1276	0	0	0	0	0	0	0	0	0	
	8012059	5002	59	8012001	 武器 - 白裝	80	3422	3422	0	0	59	59	59	59	59	0	59	1298	0	0	0	0	0	0	0	0	0	
	8012060	5002	60	8012001	 武器 - 白裝	80	3480	3480	0	0	60	60	60	60	60	0	60	1320	0	0	0	0	0	0	0	0	0	
	8012061	5002	61	8012001	 武器 - 白裝	80	3538	3538	0	0	61	61	61	61	61	0	61	1342	0	0	0	0	0	0	0	0	0	
	8012062	5002	62	8012001	 武器 - 白裝	80	3596	3596	0	0	62	62	62	62	62	0	62	1364	0	0	0	0	0	0	0	0	0	
	8012063	5002	63	8012001	 武器 - 白裝	80	3654	3654	0	0	63	63	63	63	63	0	63	1386	0	0	0	0	0	0	0	0	0	
	8012064	5002	64	8012001	 武器 - 白裝	80	3712	3712	0	0	64	64	64	64	64	0	64	1408	0	0	0	0	0	0	0	0	0	
	8012065	5002	65	8012001	 武器 - 白裝	80	3770	3770	0	0	65	65	65	65	65	0	65	1430	0	0	0	0	0	0	0	0	0	
	8012066	5002	66	8012001	 武器 - 白裝	80	3828	3828	0	0	66	66	66	66	66	0	66	1452	0	0	0	0	0	0	0	0	0	
	8012067	5002	67	8012001	 武器 - 白裝	80	3886	3886	0	0	67	67	67	67	67	0	67	1474	0	0	0	0	0	0	0	0	0	
	8012068	5002	68	8012001	 武器 - 白裝	80	3944	3944	0	0	68	68	68	68	68	0	68	1496	0	0	0	0	0	0	0	0	0	
	8012069	5002	69	8012001	 武器 - 白裝	80	4002	4002	0	0	69	69	69	69	69	0	69	1518	0	0	0	0	0	0	0	0	0	
	8012070	5002	70	8012001	 武器 - 白裝	80	4060	4060	0	0	70	70	70	70	70	0	70	1540	0	0	0	0	0	0	0	0	0	
	8012071	5002	71	8012001	 武器 - 白裝	80	4118	4118	0	0	71	71	71	71	71	0	71	1562	0	0	0	0	0	0	0	0	0	
	8012072	5002	72	8012001	 武器 - 白裝	80	4176	4176	0	0	72	72	72	72	72	0	72	1584	0	0	0	0	0	0	0	0	0	
	8012073	5002	73	8012001	 武器 - 白裝	80	4234	4234	0	0	73	73	73	73	73	0	73	1606	0	0	0	0	0	0	0	0	0	
	8012074	5002	74	8012001	 武器 - 白裝	80	4292	4292	0	0	74	74	74	74	74	0	74	1628	0	0	0	0	0	0	0	0	0	
	8012075	5002	75	8012001	 武器 - 白裝	80	4350	4350	0	0	75	75	75	75	75	0	75	1650	0	0	0	0	0	0	0	0	0	
	8012076	5002	76	8012001	 武器 - 白裝	80	4408	4408	0	0	76	76	76	76	76	0	76	1672	0	0	0	0	0	0	0	0	0	
	8012077	5002	77	8012001	 武器 - 白裝	80	4466	4466	0	0	77	77	77	77	77	0	77	1694	0	0	0	0	0	0	0	0	0	
	8012078	5002	78	8012001	 武器 - 白裝	80	4524	4524	0	0	78	78	78	78	78	0	78	1716	0	0	0	0	0	0	0	0	0	
	8012079	5002	79	8012001	 武器 - 白裝	80	4582	4582	0	0	79	79	79	79	79	0	79	1738	0	0	0	0	0	0	0	0	0	
	8012080	5002	80	8012001	 武器 - 白裝	80	4640	4640	0	0	80	80	80	80	80	0	80	1760	0	0	0	0	0	0	0	0	0	
	8012081	5002	81	8012001	 武器 - 白裝	80	4698	4698	0	0	81	81	81	81	81	0	81	1782	0	0	0	0	0	0	0	0	0	
	8012082	5002	82	8012001	 武器 - 白裝	80	4756	4756	0	0	82	82	82	82	82	0	82	1804	0	0	0	0	0	0	0	0	0	
	8012083	5002	83	8012001	 武器 - 白裝	80	4814	4814	0	0	83	83	83	83	83	0	83	1826	0	0	0	0	0	0	0	0	0	
	8012084	5002	84	8012001	 武器 - 白裝	80	4872	4872	0	0	84	84	84	84	84	0	84	1848	0	0	0	0	0	0	0	0	0	
	8012085	5002	85	8012001	 武器 - 白裝	80	4930	4930	0	0	85	85	85	85	85	0	85	1870	0	0	0	0	0	0	0	0	0	
	8012086	5002	86	8012001	 武器 - 白裝	80	4988	4988	0	0	86	86	86	86	86	0	86	1892	0	0	0	0	0	0	0	0	0	
	8012087	5002	87	8012001	 武器 - 白裝	80	5046	5046	0	0	87	87	87	87	87	0	87	1914	0	0	0	0	0	0	0	0	0	
	8012088	5002	88	8012001	 武器 - 白裝	80	5104	5104	0	0	88	88	88	88	88	0	88	1936	0	0	0	0	0	0	0	0	0	
	8012089	5002	89	8012001	 武器 - 白裝	80	5162	5162	0	0	89	89	89	89	89	0	89	1958	0	0	0	0	0	0	0	0	0	
	8012090	5002	90	8012001	 武器 - 白裝	80	5220	5220	0	0	90	90	90	90	90	0	90	1980	0	0	0	0	0	0	0	0	0	
	8012091	5002	91	8012001	 武器 - 白裝	80	5278	5278	0	0	91	91	91	91	91	0	91	2002	0	0	0	0	0	0	0	0	0	
	8012092	5002	92	8012001	 武器 - 白裝	80	5336	5336	0	0	92	92	92	92	92	0	92	2024	0	0	0	0	0	0	0	0	0	
	8012093	5002	93	8012001	 武器 - 白裝	80	5394	5394	0	0	93	93	93	93	93	0	93	2046	0	0	0	0	0	0	0	0	0	
	8012094	5002	94	8012001	 武器 - 白裝	80	5452	5452	0	0	94	94	94	94	94	0	94	2068	0	0	0	0	0	0	0	0	0	
	8012095	5002	95	8012001	 武器 - 白裝	80	5510	5510	0	0	95	95	95	95	95	0	95	2090	0	0	0	0	0	0	0	0	0	
	8012096	5002	96	8012001	 武器 - 白裝	80	5568	5568	0	0	96	96	96	96	96	0	96	2112	0	0	0	0	0	0	0	0	0	
	8012097	5002	97	8012001	 武器 - 白裝	80	5626	5626	0	0	97	97	97	97	97	0	97	2134	0	0	0	0	0	0	0	0	0	
	8012098	5002	98	8012001	 武器 - 白裝	80	5684	5684	0	0	98	98	98	98	98	0	98	2156	0	0	0	0	0	0	0	0	0	
	8012099	5002	99	8012001	 武器 - 白裝	80	5742	5742	0	0	99	99	99	99	99	0	99	2178	0	0	0	0	0	0	0	0	0	
	8012100	5002	100	8012001	 武器 - 白裝	80	5800	5800	0	0	100	100	100	100	100	0	100	2200	0	0	0	0	0	0	0	0	0	
	8012101	5002	101	8012001	 武器 - 白裝	80	5858	5858	0	0	101	101	101	101	101	0	101	2222	0	0	0	0	0	0	0	0	0	
	8012102	5002	102	8012001	 武器 - 白裝	80	5916	5916	0	0	102	102	102	102	102	0	102	2244	0	0	0	0	0	0	0	0	0	
	8012103	5002	103	8012001	 武器 - 白裝	80	5974	5974	0	0	103	103	103	103	103	0	103	2266	0	0	0	0	0	0	0	0	0	
	8012104	5002	104	8012001	 武器 - 白裝	80	6032	6032	0	0	104	104	104	104	104	0	104	2288	0	0	0	0	0	0	0	0	0	
	8012105	5002	105	8012001	 武器 - 白裝	80	6090	6090	0	0	105	105	105	105	105	0	105	2310	0	0	0	0	0	0	0	0	0	
	8012106	5002	106	8012001	 武器 - 白裝	80	6148	6148	0	0	106	106	106	106	106	0	106	2332	0	0	0	0	0	0	0	0	0	
	8012107	5002	107	8012001	 武器 - 白裝	80	6206	6206	0	0	107	107	107	107	107	0	107	2354	0	0	0	0	0	0	0	0	0	
	8012108	5002	108	8012001	 武器 - 白裝	80	6264	6264	0	0	108	108	108	108	108	0	108	2376	0	0	0	0	0	0	0	0	0	
# 武器 - 綠裝																												
	8013001	5002	1	8013001	 武器 - 綠裝	80	66	66	1	1	1	1	1	1	1	0	1	22	0	0	0	0	0	0	0	0	0	
	8013002	5002	2	8013001	 武器 - 綠裝	80	132	132	2	2	2	2	2	2	2	0	2	44	0	0	0	0	0	0	0	0	0	
	8013003	5002	3	8013001	 武器 - 綠裝	80	198	198	3	3	3	3	3	3	3	0	3	66	0	0	0	0	0	0	0	0	0	
	8013004	5002	4	8013001	 武器 - 綠裝	80	264	264	4	4	4	4	4	4	4	0	4	88	0	0	0	0	0	0	0	0	0	
	8013005	5002	5	8013001	 武器 - 綠裝	80	330	330	5	5	5	5	5	5	5	0	5	110	0	0	0	0	0	0	0	0	0	
	8013006	5002	6	8013001	 武器 - 綠裝	80	396	396	6	6	6	6	6	6	6	0	6	132	0	0	0	0	0	0	0	0	0	
	8013007	5002	7	8013001	 武器 - 綠裝	80	462	462	7	7	7	7	7	7	7	0	7	154	0	0	0	0	0	0	0	0	0	
	8013008	5002	8	8013001	 武器 - 綠裝	80	528	528	8	8	8	8	8	8	8	0	8	176	0	0	0	0	0	0	0	0	0	
	8013009	5002	9	8013001	 武器 - 綠裝	80	594	594	9	9	9	9	9	9	9	0	9	198	0	0	0	0	0	0	0	0	0	
	8013010	5002	10	8013001	 武器 - 綠裝	80	660	660	10	10	10	10	10	10	10	0	10	220	0	0	0	0	0	0	0	0	0	
	8013011	5002	11	8013001	 武器 - 綠裝	80	726	726	11	11	11	11	11	11	11	0	11	242	0	0	0	0	0	0	0	0	0	
	8013012	5002	12	8013001	 武器 - 綠裝	80	792	792	12	12	12	12	12	12	12	0	12	264	0	0	0	0	0	0	0	0	0	
	8013013	5002	13	8013001	 武器 - 綠裝	80	858	858	13	13	13	13	13	13	13	0	13	286	0	0	0	0	0	0	0	0	0	
	8013014	5002	14	8013001	 武器 - 綠裝	80	924	924	14	14	14	14	14	14	14	0	14	308	0	0	0	0	0	0	0	0	0	
	8013015	5002	15	8013001	 武器 - 綠裝	80	990	990	15	15	15	15	15	15	15	0	15	330	0	0	0	0	0	0	0	0	0	
	8013016	5002	16	8013001	 武器 - 綠裝	80	1056	1056	16	16	16	16	16	16	16	0	16	352	0	0	0	0	0	0	0	0	0	
	8013017	5002	17	8013001	 武器 - 綠裝	80	1122	1122	17	17	17	17	17	17	17	0	17	374	0	0	0	0	0	0	0	0	0	
	8013018	5002	18	8013001	 武器 - 綠裝	80	1188	1188	18	18	18	18	18	18	18	0	18	396	0	0	0	0	0	0	0	0	0	
	8013019	5002	19	8013001	 武器 - 綠裝	80	1254	1254	19	19	19	19	19	19	19	0	19	418	0	0	0	0	0	0	0	0	0	
	8013020	5002	20	8013001	 武器 - 綠裝	80	1320	1320	20	20	20	20	20	20	20	0	20	440	0	0	0	0	0	0	0	0	0	
	8013021	5002	21	8013001	 武器 - 綠裝	80	1386	1386	21	21	21	21	21	21	21	0	21	462	0	0	0	0	0	0	0	0	0	
	8013022	5002	22	8013001	 武器 - 綠裝	80	1452	1452	22	22	22	22	22	22	22	0	22	484	0	0	0	0	0	0	0	0	0	
	8013023	5002	23	8013001	 武器 - 綠裝	80	1518	1518	23	23	23	23	23	23	23	0	23	506	0	0	0	0	0	0	0	0	0	
	8013024	5002	24	8013001	 武器 - 綠裝	80	1584	1584	24	24	24	24	24	24	24	0	24	528	0	0	0	0	0	0	0	0	0	
	8013025	5002	25	8013001	 武器 - 綠裝	80	1650	1650	25	25	25	25	25	25	25	0	25	550	0	0	0	0	0	0	0	0	0	
	8013026	5002	26	8013001	 武器 - 綠裝	80	1716	1716	26	26	26	26	26	26	26	0	26	572	0	0	0	0	0	0	0	0	0	
	8013027	5002	27	8013001	 武器 - 綠裝	80	1782	1782	27	27	27	27	27	27	27	0	27	594	0	0	0	0	0	0	0	0	0	
	8013028	5002	28	8013001	 武器 - 綠裝	80	1848	1848	28	28	28	28	28	28	28	0	28	616	0	0	0	0	0	0	0	0	0	
	8013029	5002	29	8013001	 武器 - 綠裝	80	1914	1914	29	29	29	29	29	29	29	0	29	638	0	0	0	0	0	0	0	0	0	
	8013030	5002	30	8013001	 武器 - 綠裝	80	1980	1980	30	30	30	30	30	30	30	0	30	660	0	0	0	0	0	0	0	0	0	
	8013031	5002	31	8013001	 武器 - 綠裝	80	2046	2046	31	31	31	31	31	31	31	0	31	682	0	0	0	0	0	0	0	0	0	
	8013032	5002	32	8013001	 武器 - 綠裝	80	2112	2112	32	32	32	32	32	32	32	0	32	704	0	0	0	0	0	0	0	0	0	
	8013033	5002	33	8013001	 武器 - 綠裝	80	2178	2178	33	33	33	33	33	33	33	0	33	726	0	0	0	0	0	0	0	0	0	
	8013034	5002	34	8013001	 武器 - 綠裝	80	2244	2244	34	34	34	34	34	34	34	0	34	748	0	0	0	0	0	0	0	0	0	
	8013035	5002	35	8013001	 武器 - 綠裝	80	2310	2310	35	35	35	35	35	35	35	0	35	770	0	0	0	0	0	0	0	0	0	
	8013036	5002	36	8013001	 武器 - 綠裝	80	2376	2376	36	36	36	36	36	36	36	0	36	792	0	0	0	0	0	0	0	0	0	
	8013037	5002	37	8013001	 武器 - 綠裝	80	2442	2442	37	37	37	37	37	37	37	0	37	814	0	0	0	0	0	0	0	0	0	
	8013038	5002	38	8013001	 武器 - 綠裝	80	2508	2508	38	38	38	38	38	38	38	0	38	836	0	0	0	0	0	0	0	0	0	
	8013039	5002	39	8013001	 武器 - 綠裝	80	2574	2574	39	39	39	39	39	39	39	0	39	858	0	0	0	0	0	0	0	0	0	
	8013040	5002	40	8013001	 武器 - 綠裝	80	2640	2640	40	40	40	40	40	40	40	0	40	880	0	0	0	0	0	0	0	0	0	
	8013041	5002	41	8013001	 武器 - 綠裝	80	2706	2706	41	41	41	41	41	41	41	0	41	902	0	0	0	0	0	0	0	0	0	
	8013042	5002	42	8013001	 武器 - 綠裝	80	2772	2772	42	42	42	42	42	42	42	0	42	924	0	0	0	0	0	0	0	0	0	
	8013043	5002	43	8013001	 武器 - 綠裝	80	2838	2838	43	43	43	43	43	43	43	0	43	946	0	0	0	0	0	0	0	0	0	
	8013044	5002	44	8013001	 武器 - 綠裝	80	2904	2904	44	44	44	44	44	44	44	0	44	968	0	0	0	0	0	0	0	0	0	
	8013045	5002	45	8013001	 武器 - 綠裝	80	2970	2970	45	45	45	45	45	45	45	0	45	990	0	0	0	0	0	0	0	0	0	
	8013046	5002	46	8013001	 武器 - 綠裝	80	3036	3036	46	46	46	46	46	46	46	0	46	1012	0	0	0	0	0	0	0	0	0	
	8013047	5002	47	8013001	 武器 - 綠裝	80	3102	3102	47	47	47	47	47	47	47	0	47	1034	0	0	0	0	0	0	0	0	0	
	8013048	5002	48	8013001	 武器 - 綠裝	80	3168	3168	48	48	48	48	48	48	48	0	48	1056	0	0	0	0	0	0	0	0	0	
	8013049	5002	49	8013001	 武器 - 綠裝	80	3234	3234	49	49	49	49	49	49	49	0	49	1078	0	0	0	0	0	0	0	0	0	
	8013050	5002	50	8013001	 武器 - 綠裝	80	3300	3300	50	50	50	50	50	50	50	0	50	1100	0	0	0	0	0	0	0	0	0	
	8013051	5002	51	8013001	 武器 - 綠裝	80	3366	3366	51	51	51	51	51	51	51	0	51	1122	0	0	0	0	0	0	0	0	0	
	8013052	5002	52	8013001	 武器 - 綠裝	80	3432	3432	52	52	52	52	52	52	52	0	52	1144	0	0	0	0	0	0	0	0	0	
	8013053	5002	53	8013001	 武器 - 綠裝	80	3498	3498	53	53	53	53	53	53	53	0	53	1166	0	0	0	0	0	0	0	0	0	
	8013054	5002	54	8013001	 武器 - 綠裝	80	3564	3564	54	54	54	54	54	54	54	0	54	1188	0	0	0	0	0	0	0	0	0	
	8013055	5002	55	8013001	 武器 - 綠裝	80	3630	3630	55	55	55	55	55	55	55	0	55	1210	0	0	0	0	0	0	0	0	0	
	8013056	5002	56	8013001	 武器 - 綠裝	80	3696	3696	56	56	56	56	56	56	56	0	56	1232	0	0	0	0	0	0	0	0	0	
	8013057	5002	57	8013001	 武器 - 綠裝	80	3762	3762	57	57	57	57	57	57	57	0	57	1254	0	0	0	0	0	0	0	0	0	
	8013058	5002	58	8013001	 武器 - 綠裝	80	3828	3828	58	58	58	58	58	58	58	0	58	1276	0	0	0	0	0	0	0	0	0	
	8013059	5002	59	8013001	 武器 - 綠裝	80	3894	3894	59	59	59	59	59	59	59	0	59	1298	0	0	0	0	0	0	0	0	0	
	8013060	5002	60	8013001	 武器 - 綠裝	80	3960	3960	60	60	60	60	60	60	60	0	60	1320	0	0	0	0	0	0	0	0	0	
	8013061	5002	61	8013001	 武器 - 綠裝	80	4026	4026	61	61	61	61	61	61	61	0	61	1342	0	0	0	0	0	0	0	0	0	
	8013062	5002	62	8013001	 武器 - 綠裝	80	4092	4092	62	62	62	62	62	62	62	0	62	1364	0	0	0	0	0	0	0	0	0	
	8013063	5002	63	8013001	 武器 - 綠裝	80	4158	4158	63	63	63	63	63	63	63	0	63	1386	0	0	0	0	0	0	0	0	0	
	8013064	5002	64	8013001	 武器 - 綠裝	80	4224	4224	64	64	64	64	64	64	64	0	64	1408	0	0	0	0	0	0	0	0	0	
	8013065	5002	65	8013001	 武器 - 綠裝	80	4290	4290	65	65	65	65	65	65	65	0	65	1430	0	0	0	0	0	0	0	0	0	
	8013066	5002	66	8013001	 武器 - 綠裝	80	4356	4356	66	66	66	66	66	66	66	0	66	1452	0	0	0	0	0	0	0	0	0	
	8013067	5002	67	8013001	 武器 - 綠裝	80	4422	4422	67	67	67	67	67	67	67	0	67	1474	0	0	0	0	0	0	0	0	0	
	8013068	5002	68	8013001	 武器 - 綠裝	80	4488	4488	68	68	68	68	68	68	68	0	68	1496	0	0	0	0	0	0	0	0	0	
	8013069	5002	69	8013001	 武器 - 綠裝	80	4554	4554	69	69	69	69	69	69	69	0	69	1518	0	0	0	0	0	0	0	0	0	
	8013070	5002	70	8013001	 武器 - 綠裝	80	4620	4620	70	70	70	70	70	70	70	0	70	1540	0	0	0	0	0	0	0	0	0	
	8013071	5002	71	8013001	 武器 - 綠裝	80	4686	4686	71	71	71	71	71	71	71	0	71	1562	0	0	0	0	0	0	0	0	0	
	8013072	5002	72	8013001	 武器 - 綠裝	80	4752	4752	72	72	72	72	72	72	72	0	72	1584	0	0	0	0	0	0	0	0	0	
	8013073	5002	73	8013001	 武器 - 綠裝	80	4818	4818	73	73	73	73	73	73	73	0	73	1606	0	0	0	0	0	0	0	0	0	
	8013074	5002	74	8013001	 武器 - 綠裝	80	4884	4884	74	74	74	74	74	74	74	0	74	1628	0	0	0	0	0	0	0	0	0	
	8013075	5002	75	8013001	 武器 - 綠裝	80	4950	4950	75	75	75	75	75	75	75	0	75	1650	0	0	0	0	0	0	0	0	0	
	8013076	5002	76	8013001	 武器 - 綠裝	80	5016	5016	76	76	76	76	76	76	76	0	76	1672	0	0	0	0	0	0	0	0	0	
	8013077	5002	77	8013001	 武器 - 綠裝	80	5082	5082	77	77	77	77	77	77	77	0	77	1694	0	0	0	0	0	0	0	0	0	
	8013078	5002	78	8013001	 武器 - 綠裝	80	5148	5148	78	78	78	78	78	78	78	0	78	1716	0	0	0	0	0	0	0	0	0	
	8013079	5002	79	8013001	 武器 - 綠裝	80	5214	5214	79	79	79	79	79	79	79	0	79	1738	0	0	0	0	0	0	0	0	0	
	8013080	5002	80	8013001	 武器 - 綠裝	80	5280	5280	80	80	80	80	80	80	80	0	80	1760	0	0	0	0	0	0	0	0	0	
	8013081	5002	81	8013001	 武器 - 綠裝	80	5346	5346	81	81	81	81	81	81	81	0	81	1782	0	0	0	0	0	0	0	0	0	
	8013082	5002	82	8013001	 武器 - 綠裝	80	5412	5412	82	82	82	82	82	82	82	0	82	1804	0	0	0	0	0	0	0	0	0	
	8013083	5002	83	8013001	 武器 - 綠裝	80	5478	5478	83	83	83	83	83	83	83	0	83	1826	0	0	0	0	0	0	0	0	0	
	8013084	5002	84	8013001	 武器 - 綠裝	80	5544	5544	84	84	84	84	84	84	84	0	84	1848	0	0	0	0	0	0	0	0	0	
	8013085	5002	85	8013001	 武器 - 綠裝	80	5610	5610	85	85	85	85	85	85	85	0	85	1870	0	0	0	0	0	0	0	0	0	
	8013086	5002	86	8013001	 武器 - 綠裝	80	5676	5676	86	86	86	86	86	86	86	0	86	1892	0	0	0	0	0	0	0	0	0	
	8013087	5002	87	8013001	 武器 - 綠裝	80	5742	5742	87	87	87	87	87	87	87	0	87	1914	0	0	0	0	0	0	0	0	0	
	8013088	5002	88	8013001	 武器 - 綠裝	80	5808	5808	88	88	88	88	88	88	88	0	88	1936	0	0	0	0	0	0	0	0	0	
	8013089	5002	89	8013001	 武器 - 綠裝	80	5874	5874	89	89	89	89	89	89	89	0	89	1958	0	0	0	0	0	0	0	0	0	
	8013090	5002	90	8013001	 武器 - 綠裝	80	5940	5940	90	90	90	90	90	90	90	0	90	1980	0	0	0	0	0	0	0	0	0	
	8013091	5002	91	8013001	 武器 - 綠裝	80	6006	6006	91	91	91	91	91	91	91	0	91	2002	0	0	0	0	0	0	0	0	0	
	8013092	5002	92	8013001	 武器 - 綠裝	80	6072	6072	92	92	92	92	92	92	92	0	92	2024	0	0	0	0	0	0	0	0	0	
	8013093	5002	93	8013001	 武器 - 綠裝	80	6138	6138	93	93	93	93	93	93	93	0	93	2046	0	0	0	0	0	0	0	0	0	
	8013094	5002	94	8013001	 武器 - 綠裝	80	6204	6204	94	94	94	94	94	94	94	0	94	2068	0	0	0	0	0	0	0	0	0	
	8013095	5002	95	8013001	 武器 - 綠裝	80	6270	6270	95	95	95	95	95	95	95	0	95	2090	0	0	0	0	0	0	0	0	0	
	8013096	5002	96	8013001	 武器 - 綠裝	80	6336	6336	96	96	96	96	96	96	96	0	96	2112	0	0	0	0	0	0	0	0	0	
	8013097	5002	97	8013001	 武器 - 綠裝	80	6402	6402	97	97	97	97	97	97	97	0	97	2134	0	0	0	0	0	0	0	0	0	
	8013098	5002	98	8013001	 武器 - 綠裝	80	6468	6468	98	98	98	98	98	98	98	0	98	2156	0	0	0	0	0	0	0	0	0	
	8013099	5002	99	8013001	 武器 - 綠裝	80	6534	6534	99	99	99	99	99	99	99	0	99	2178	0	0	0	0	0	0	0	0	0	
	8013100	5002	100	8013001	 武器 - 綠裝	80	6600	6600	100	100	100	100	100	100	100	0	100	2200	0	0	0	0	0	0	0	0	0	
	8013101	5002	101	8013001	 武器 - 綠裝	80	6666	6666	101	101	101	101	101	101	101	0	101	2222	0	0	0	0	0	0	0	0	0	
	8013102	5002	102	8013001	 武器 - 綠裝	80	6732	6732	102	102	102	102	102	102	102	0	102	2244	0	0	0	0	0	0	0	0	0	
	8013103	5002	103	8013001	 武器 - 綠裝	80	6798	6798	103	103	103	103	103	103	103	0	103	2266	0	0	0	0	0	0	0	0	0	
	8013104	5002	104	8013001	 武器 - 綠裝	80	6864	6864	104	104	104	104	104	104	104	0	104	2288	0	0	0	0	0	0	0	0	0	
	8013105	5002	105	8013001	 武器 - 綠裝	80	6930	6930	105	105	105	105	105	105	105	0	105	2310	0	0	0	0	0	0	0	0	0	
	8013106	5002	106	8013001	 武器 - 綠裝	80	6996	6996	106	106	106	106	106	106	106	0	106	2332	0	0	0	0	0	0	0	0	0	
	8013107	5002	107	8013001	 武器 - 綠裝	80	7062	7062	107	107	107	107	107	107	107	0	107	2354	0	0	0	0	0	0	0	0	0	
	8013108	5002	108	8013001	 武器 - 綠裝	80	7128	7128	108	108	108	108	108	108	108	0	108	2376	0	0	0	0	0	0	0	0	0	
# 武器 - 藍裝																												
	8014001	5002	1	8014001	 武器 - 藍裝	80	74	74	1	1	2	2	2	2	2	0	2	44	0	0	0	0	0	0	0	0	0	
	8014002	5002	2	8014001	 武器 - 藍裝	80	148	148	2	2	4	4	4	4	4	0	4	88	0	0	0	0	0	0	0	0	0	
	8014003	5002	3	8014001	 武器 - 藍裝	80	222	222	3	3	6	6	6	6	6	0	6	132	0	0	0	0	0	0	0	0	0	
	8014004	5002	4	8014001	 武器 - 藍裝	80	296	296	4	4	8	8	8	8	8	0	8	176	0	0	0	0	0	0	0	0	0	
	8014005	5002	5	8014001	 武器 - 藍裝	80	370	370	5	5	10	10	10	10	10	0	10	220	0	0	0	0	0	0	0	0	0	
	8014006	5002	6	8014001	 武器 - 藍裝	80	444	444	6	6	12	12	12	12	12	0	12	264	0	0	0	0	0	0	0	0	0	
	8014007	5002	7	8014001	 武器 - 藍裝	80	518	518	7	7	14	14	14	14	14	0	14	308	0	0	0	0	0	0	0	0	0	
	8014008	5002	8	8014001	 武器 - 藍裝	80	592	592	8	8	16	16	16	16	16	0	16	352	0	0	0	0	0	0	0	0	0	
	8014009	5002	9	8014001	 武器 - 藍裝	80	666	666	9	9	18	18	18	18	18	0	18	396	0	0	0	0	0	0	0	0	0	
	8014010	5002	10	8014001	 武器 - 藍裝	80	740	740	10	10	20	20	20	20	20	0	20	440	0	0	0	0	0	0	0	0	0	
	8014011	5002	11	8014001	 武器 - 藍裝	80	814	814	11	11	22	22	22	22	22	0	22	484	0	0	0	0	0	0	0	0	0	
	8014012	5002	12	8014001	 武器 - 藍裝	80	888	888	12	12	24	24	24	24	24	0	24	528	0	0	0	0	0	0	0	0	0	
	8014013	5002	13	8014001	 武器 - 藍裝	80	962	962	13	13	26	26	26	26	26	0	26	572	0	0	0	0	0	0	0	0	0	
	8014014	5002	14	8014001	 武器 - 藍裝	80	1036	1036	14	14	28	28	28	28	28	0	28	616	0	0	0	0	0	0	0	0	0	
	8014015	5002	15	8014001	 武器 - 藍裝	80	1110	1110	15	15	30	30	30	30	30	0	30	660	0	0	0	0	0	0	0	0	0	
	8014016	5002	16	8014001	 武器 - 藍裝	80	1184	1184	16	16	32	32	32	32	32	0	32	704	0	0	0	0	0	0	0	0	0	
	8014017	5002	17	8014001	 武器 - 藍裝	80	1258	1258	17	17	34	34	34	34	34	0	34	748	0	0	0	0	0	0	0	0	0	
	8014018	5002	18	8014001	 武器 - 藍裝	80	1332	1332	18	18	36	36	36	36	36	0	36	792	0	0	0	0	0	0	0	0	0	
	8014019	5002	19	8014001	 武器 - 藍裝	80	1406	1406	19	19	38	38	38	38	38	0	38	836	0	0	0	0	0	0	0	0	0	
	8014020	5002	20	8014001	 武器 - 藍裝	80	1480	1480	20	20	40	40	40	40	40	0	40	880	0	0	0	0	0	0	0	0	0	
	8014021	5002	21	8014001	 武器 - 藍裝	80	1554	1554	21	21	42	42	42	42	42	0	42	924	0	0	0	0	0	0	0	0	0	
	8014022	5002	22	8014001	 武器 - 藍裝	80	1628	1628	22	22	44	44	44	44	44	0	44	968	0	0	0	0	0	0	0	0	0	
	8014023	5002	23	8014001	 武器 - 藍裝	80	1702	1702	23	23	46	46	46	46	46	0	46	1012	0	0	0	0	0	0	0	0	0	
	8014024	5002	24	8014001	 武器 - 藍裝	80	1776	1776	24	24	48	48	48	48	48	0	48	1056	0	0	0	0	0	0	0	0	0	
	8014025	5002	25	8014001	 武器 - 藍裝	80	1850	1850	25	25	50	50	50	50	50	0	50	1100	0	0	0	0	0	0	0	0	0	
	8014026	5002	26	8014001	 武器 - 藍裝	80	1924	1924	26	26	52	52	52	52	52	0	52	1144	0	0	0	0	0	0	0	0	0	
	8014027	5002	27	8014001	 武器 - 藍裝	80	1998	1998	27	27	54	54	54	54	54	0	54	1188	0	0	0	0	0	0	0	0	0	
	8014028	5002	28	8014001	 武器 - 藍裝	80	2072	2072	28	28	56	56	56	56	56	0	56	1232	0	0	0	0	0	0	0	0	0	
	8014029	5002	29	8014001	 武器 - 藍裝	80	2146	2146	29	29	58	58	58	58	58	0	58	1276	0	0	0	0	0	0	0	0	0	
	8014030	5002	30	8014001	 武器 - 藍裝	80	2220	2220	30	30	60	60	60	60	60	0	60	1320	0	0	0	0	0	0	0	0	0	
	8014031	5002	31	8014001	 武器 - 藍裝	80	2294	2294	31	31	62	62	62	62	62	0	62	1364	0	0	0	0	0	0	0	0	0	
	8014032	5002	32	8014001	 武器 - 藍裝	80	2368	2368	32	32	64	64	64	64	64	0	64	1408	0	0	0	0	0	0	0	0	0	
	8014033	5002	33	8014001	 武器 - 藍裝	80	2442	2442	33	33	66	66	66	66	66	0	66	1452	0	0	0	0	0	0	0	0	0	
	8014034	5002	34	8014001	 武器 - 藍裝	80	2516	2516	34	34	68	68	68	68	68	0	68	1496	0	0	0	0	0	0	0	0	0	
	8014035	5002	35	8014001	 武器 - 藍裝	80	2590	2590	35	35	70	70	70	70	70	0	70	1540	0	0	0	0	0	0	0	0	0	
	8014036	5002	36	8014001	 武器 - 藍裝	80	2664	2664	36	36	72	72	72	72	72	0	72	1584	0	0	0	0	0	0	0	0	0	
	8014037	5002	37	8014001	 武器 - 藍裝	80	2738	2738	37	37	74	74	74	74	74	0	74	1628	0	0	0	0	0	0	0	0	0	
	8014038	5002	38	8014001	 武器 - 藍裝	80	2812	2812	38	38	76	76	76	76	76	0	76	1672	0	0	0	0	0	0	0	0	0	
	8014039	5002	39	8014001	 武器 - 藍裝	80	2886	2886	39	39	78	78	78	78	78	0	78	1716	0	0	0	0	0	0	0	0	0	
	8014040	5002	40	8014001	 武器 - 藍裝	80	2960	2960	40	40	80	80	80	80	80	0	80	1760	0	0	0	0	0	0	0	0	0	
	8014041	5002	41	8014001	 武器 - 藍裝	80	3034	3034	41	41	82	82	82	82	82	0	82	1804	0	0	0	0	0	0	0	0	0	
	8014042	5002	42	8014001	 武器 - 藍裝	80	3108	3108	42	42	84	84	84	84	84	0	84	1848	0	0	0	0	0	0	0	0	0	
	8014043	5002	43	8014001	 武器 - 藍裝	80	3182	3182	43	43	86	86	86	86	86	0	86	1892	0	0	0	0	0	0	0	0	0	
	8014044	5002	44	8014001	 武器 - 藍裝	80	3256	3256	44	44	88	88	88	88	88	0	88	1936	0	0	0	0	0	0	0	0	0	
	8014045	5002	45	8014001	 武器 - 藍裝	80	3330	3330	45	45	90	90	90	90	90	0	90	1980	0	0	0	0	0	0	0	0	0	
	8014046	5002	46	8014001	 武器 - 藍裝	80	3404	3404	46	46	92	92	92	92	92	0	92	2024	0	0	0	0	0	0	0	0	0	
	8014047	5002	47	8014001	 武器 - 藍裝	80	3478	3478	47	47	94	94	94	94	94	0	94	2068	0	0	0	0	0	0	0	0	0	
	8014048	5002	48	8014001	 武器 - 藍裝	80	3552	3552	48	48	96	96	96	96	96	0	96	2112	0	0	0	0	0	0	0	0	0	
	8014049	5002	49	8014001	 武器 - 藍裝	80	3626	3626	49	49	98	98	98	98	98	0	98	2156	0	0	0	0	0	0	0	0	0	
	8014050	5002	50	8014001	 武器 - 藍裝	80	3700	3700	50	50	100	100	100	100	100	0	100	2200	0	0	0	0	0	0	0	0	0	
	8014051	5002	51	8014001	 武器 - 藍裝	80	3774	3774	51	51	102	102	102	102	102	0	102	2244	0	0	0	0	0	0	0	0	0	
	8014052	5002	52	8014001	 武器 - 藍裝	80	3848	3848	52	52	104	104	104	104	104	0	104	2288	0	0	0	0	0	0	0	0	0	
	8014053	5002	53	8014001	 武器 - 藍裝	80	3922	3922	53	53	106	106	106	106	106	0	106	2332	0	0	0	0	0	0	0	0	0	
	8014054	5002	54	8014001	 武器 - 藍裝	80	3996	3996	54	54	108	108	108	108	108	0	108	2376	0	0	0	0	0	0	0	0	0	
	8014055	5002	55	8014001	 武器 - 藍裝	80	4070	4070	55	55	110	110	110	110	110	0	110	2420	0	0	0	0	0	0	0	0	0	
	8014056	5002	56	8014001	 武器 - 藍裝	80	4144	4144	56	56	112	112	112	112	112	0	112	2464	0	0	0	0	0	0	0	0	0	
	8014057	5002	57	8014001	 武器 - 藍裝	80	4218	4218	57	57	114	114	114	114	114	0	114	2508	0	0	0	0	0	0	0	0	0	
	8014058	5002	58	8014001	 武器 - 藍裝	80	4292	4292	58	58	116	116	116	116	116	0	116	2552	0	0	0	0	0	0	0	0	0	
	8014059	5002	59	8014001	 武器 - 藍裝	80	4366	4366	59	59	118	118	118	118	118	0	118	2596	0	0	0	0	0	0	0	0	0	
	8014060	5002	60	8014001	 武器 - 藍裝	80	4440	4440	60	60	120	120	120	120	120	0	120	2640	0	0	0	0	0	0	0	0	0	
	8014061	5002	61	8014001	 武器 - 藍裝	80	4514	4514	61	61	122	122	122	122	122	0	122	2684	0	0	0	0	0	0	0	0	0	
	8014062	5002	62	8014001	 武器 - 藍裝	80	4588	4588	62	62	124	124	124	124	124	0	124	2728	0	0	0	0	0	0	0	0	0	
	8014063	5002	63	8014001	 武器 - 藍裝	80	4662	4662	63	63	126	126	126	126	126	0	126	2772	0	0	0	0	0	0	0	0	0	
	8014064	5002	64	8014001	 武器 - 藍裝	80	4736	4736	64	64	128	128	128	128	128	0	128	2816	0	0	0	0	0	0	0	0	0	
	8014065	5002	65	8014001	 武器 - 藍裝	80	4810	4810	65	65	130	130	130	130	130	0	130	2860	0	0	0	0	0	0	0	0	0	
	8014066	5002	66	8014001	 武器 - 藍裝	80	4884	4884	66	66	132	132	132	132	132	0	132	2904	0	0	0	0	0	0	0	0	0	
	8014067	5002	67	8014001	 武器 - 藍裝	80	4958	4958	67	67	134	134	134	134	134	0	134	2948	0	0	0	0	0	0	0	0	0	
	8014068	5002	68	8014001	 武器 - 藍裝	80	5032	5032	68	68	136	136	136	136	136	0	136	2992	0	0	0	0	0	0	0	0	0	
	8014069	5002	69	8014001	 武器 - 藍裝	80	5106	5106	69	69	138	138	138	138	138	0	138	3036	0	0	0	0	0	0	0	0	0	
	8014070	5002	70	8014001	 武器 - 藍裝	80	5180	5180	70	70	140	140	140	140	140	0	140	3080	0	0	0	0	0	0	0	0	0	
	8014071	5002	71	8014001	 武器 - 藍裝	80	5254	5254	71	71	142	142	142	142	142	0	142	3124	0	0	0	0	0	0	0	0	0	
	8014072	5002	72	8014001	 武器 - 藍裝	80	5328	5328	72	72	144	144	144	144	144	0	144	3168	0	0	0	0	0	0	0	0	0	
	8014073	5002	73	8014001	 武器 - 藍裝	80	5402	5402	73	73	146	146	146	146	146	0	146	3212	0	0	0	0	0	0	0	0	0	
	8014074	5002	74	8014001	 武器 - 藍裝	80	5476	5476	74	74	148	148	148	148	148	0	148	3256	0	0	0	0	0	0	0	0	0	
	8014075	5002	75	8014001	 武器 - 藍裝	80	5550	5550	75	75	150	150	150	150	150	0	150	3300	0	0	0	0	0	0	0	0	0	
	8014076	5002	76	8014001	 武器 - 藍裝	80	5624	5624	76	76	152	152	152	152	152	0	152	3344	0	0	0	0	0	0	0	0	0	
	8014077	5002	77	8014001	 武器 - 藍裝	80	5698	5698	77	77	154	154	154	154	154	0	154	3388	0	0	0	0	0	0	0	0	0	
	8014078	5002	78	8014001	 武器 - 藍裝	80	5772	5772	78	78	156	156	156	156	156	0	156	3432	0	0	0	0	0	0	0	0	0	
	8014079	5002	79	8014001	 武器 - 藍裝	80	5846	5846	79	79	158	158	158	158	158	0	158	3476	0	0	0	0	0	0	0	0	0	
	8014080	5002	80	8014001	 武器 - 藍裝	80	5920	5920	80	80	160	160	160	160	160	0	160	3520	0	0	0	0	0	0	0	0	0	
	8014081	5002	81	8014001	 武器 - 藍裝	80	5994	5994	81	81	162	162	162	162	162	0	162	3564	0	0	0	0	0	0	0	0	0	
	8014082	5002	82	8014001	 武器 - 藍裝	80	6068	6068	82	82	164	164	164	164	164	0	164	3608	0	0	0	0	0	0	0	0	0	
	8014083	5002	83	8014001	 武器 - 藍裝	80	6142	6142	83	83	166	166	166	166	166	0	166	3652	0	0	0	0	0	0	0	0	0	
	8014084	5002	84	8014001	 武器 - 藍裝	80	6216	6216	84	84	168	168	168	168	168	0	168	3696	0	0	0	0	0	0	0	0	0	
	8014085	5002	85	8014001	 武器 - 藍裝	80	6290	6290	85	85	170	170	170	170	170	0	170	3740	0	0	0	0	0	0	0	0	0	
	8014086	5002	86	8014001	 武器 - 藍裝	80	6364	6364	86	86	172	172	172	172	172	0	172	3784	0	0	0	0	0	0	0	0	0	
	8014087	5002	87	8014001	 武器 - 藍裝	80	6438	6438	87	87	174	174	174	174	174	0	174	3828	0	0	0	0	0	0	0	0	0	
	8014088	5002	88	8014001	 武器 - 藍裝	80	6512	6512	88	88	176	176	176	176	176	0	176	3872	0	0	0	0	0	0	0	0	0	
	8014089	5002	89	8014001	 武器 - 藍裝	80	6586	6586	89	89	178	178	178	178	178	0	178	3916	0	0	0	0	0	0	0	0	0	
	8014090	5002	90	8014001	 武器 - 藍裝	80	6660	6660	90	90	180	180	180	180	180	0	180	3960	0	0	0	0	0	0	0	0	0	
	8014091	5002	91	8014001	 武器 - 藍裝	80	6734	6734	91	91	182	182	182	182	182	0	182	4004	0	0	0	0	0	0	0	0	0	
	8014092	5002	92	8014001	 武器 - 藍裝	80	6808	6808	92	92	184	184	184	184	184	0	184	4048	0	0	0	0	0	0	0	0	0	
	8014093	5002	93	8014001	 武器 - 藍裝	80	6882	6882	93	93	186	186	186	186	186	0	186	4092	0	0	0	0	0	0	0	0	0	
	8014094	5002	94	8014001	 武器 - 藍裝	80	6956	6956	94	94	188	188	188	188	188	0	188	4136	0	0	0	0	0	0	0	0	0	
	8014095	5002	95	8014001	 武器 - 藍裝	80	7030	7030	95	95	190	190	190	190	190	0	190	4180	0	0	0	0	0	0	0	0	0	
	8014096	5002	96	8014001	 武器 - 藍裝	80	7104	7104	96	96	192	192	192	192	192	0	192	4224	0	0	0	0	0	0	0	0	0	
	8014097	5002	97	8014001	 武器 - 藍裝	80	7178	7178	97	97	194	194	194	194	194	0	194	4268	0	0	0	0	0	0	0	0	0	
	8014098	5002	98	8014001	 武器 - 藍裝	80	7252	7252	98	98	196	196	196	196	196	0	196	4312	0	0	0	0	0	0	0	0	0	
	8014099	5002	99	8014001	 武器 - 藍裝	80	7326	7326	99	99	198	198	198	198	198	0	198	4356	0	0	0	0	0	0	0	0	0	
	8014100	5002	100	8014001	 武器 - 藍裝	80	7400	7400	100	100	200	200	200	200	200	0	200	4400	0	0	0	0	0	0	0	0	0	
	8014101	5002	101	8014001	 武器 - 藍裝	80	7474	7474	101	101	202	202	202	202	202	0	202	4444	0	0	0	0	0	0	0	0	0	
	8014102	5002	102	8014001	 武器 - 藍裝	80	7548	7548	102	102	204	204	204	204	204	0	204	4488	0	0	0	0	0	0	0	0	0	
	8014103	5002	103	8014001	 武器 - 藍裝	80	7622	7622	103	103	206	206	206	206	206	0	206	4532	0	0	0	0	0	0	0	0	0	
	8014104	5002	104	8014001	 武器 - 藍裝	80	7696	7696	104	104	208	208	208	208	208	0	208	4576	0	0	0	0	0	0	0	0	0	
	8014105	5002	105	8014001	 武器 - 藍裝	80	7770	7770	105	105	210	210	210	210	210	0	210	4620	0	0	0	0	0	0	0	0	0	
	8014106	5002	106	8014001	 武器 - 藍裝	80	7844	7844	106	106	212	212	212	212	212	0	212	4664	0	0	0	0	0	0	0	0	0	
	8014107	5002	107	8014001	 武器 - 藍裝	80	7918	7918	107	107	214	214	214	214	214	0	214	4708	0	0	0	0	0	0	0	0	0	
	8014108	5002	108	8014001	 武器 - 藍裝	80	7992	7992	108	108	216	216	216	216	216	0	216	4752	0	0	0	0	0	0	0	0	0	
# 武器 - 紫裝																												
	8015001	5002	1	8015001	 武器 - 紫裝	80	82	82	1	1	2	2	2	2	2	0	2	44	0	0	0	0	0	0	0	0	0	
	8015002	5002	2	8015001	 武器 - 紫裝	80	164	164	2	2	4	4	4	4	4	0	4	88	0	0	0	0	0	0	0	0	0	
	8015003	5002	3	8015001	 武器 - 紫裝	80	246	246	3	3	6	6	6	6	6	0	6	132	0	0	0	0	0	0	0	0	0	
	8015004	5002	4	8015001	 武器 - 紫裝	80	328	328	4	4	8	8	8	8	8	0	8	176	0	0	0	0	0	0	0	0	0	
	8015005	5002	5	8015001	 武器 - 紫裝	80	410	410	5	5	10	10	10	10	10	0	10	220	0	0	0	0	0	0	0	0	0	
	8015006	5002	6	8015001	 武器 - 紫裝	80	492	492	6	6	12	12	12	12	12	0	12	264	0	0	0	0	0	0	0	0	0	
	8015007	5002	7	8015001	 武器 - 紫裝	80	574	574	7	7	14	14	14	14	14	0	14	308	0	0	0	0	0	0	0	0	0	
	8015008	5002	8	8015001	 武器 - 紫裝	80	656	656	8	8	16	16	16	16	16	0	16	352	0	0	0	0	0	0	0	0	0	
	8015009	5002	9	8015001	 武器 - 紫裝	80	738	738	9	9	18	18	18	18	18	0	18	396	0	0	0	0	0	0	0	0	0	
	8015010	5002	10	8015001	 武器 - 紫裝	80	820	820	10	10	20	20	20	20	20	0	20	440	0	0	0	0	0	0	0	0	0	
	8015011	5002	11	8015001	 武器 - 紫裝	80	902	902	11	11	22	22	22	22	22	0	22	484	0	0	0	0	0	0	0	0	0	
	8015012	5002	12	8015001	 武器 - 紫裝	80	984	984	12	12	24	24	24	24	24	0	24	528	0	0	0	0	0	0	0	0	0	
	8015013	5002	13	8015001	 武器 - 紫裝	80	1066	1066	13	13	26	26	26	26	26	0	26	572	0	0	0	0	0	0	0	0	0	
	8015014	5002	14	8015001	 武器 - 紫裝	80	1148	1148	14	14	28	28	28	28	28	0	28	616	0	0	0	0	0	0	0	0	0	
	8015015	5002	15	8015001	 武器 - 紫裝	80	1230	1230	15	15	30	30	30	30	30	0	30	660	0	0	0	0	0	0	0	0	0	
	8015016	5002	16	8015001	 武器 - 紫裝	80	1312	1312	16	16	32	32	32	32	32	0	32	704	0	0	0	0	0	0	0	0	0	
	8015017	5002	17	8015001	 武器 - 紫裝	80	1394	1394	17	17	34	34	34	34	34	0	34	748	0	0	0	0	0	0	0	0	0	
	8015018	5002	18	8015001	 武器 - 紫裝	80	1476	1476	18	18	36	36	36	36	36	0	36	792	0	0	0	0	0	0	0	0	0	
	8015019	5002	19	8015001	 武器 - 紫裝	80	1558	1558	19	19	38	38	38	38	38	0	38	836	0	0	0	0	0	0	0	0	0	
	8015020	5002	20	8015001	 武器 - 紫裝	80	1640	1640	20	20	40	40	40	40	40	0	40	880	0	0	0	0	0	0	0	0	0	
	8015021	5002	21	8015001	 武器 - 紫裝	80	1722	1722	21	21	42	42	42	42	42	0	42	924	0	0	0	0	0	0	0	0	0	
	8015022	5002	22	8015001	 武器 - 紫裝	80	1804	1804	22	22	44	44	44	44	44	0	44	968	0	0	0	0	0	0	0	0	0	
	8015023	5002	23	8015001	 武器 - 紫裝	80	1886	1886	23	23	46	46	46	46	46	0	46	1012	0	0	0	0	0	0	0	0	0	
	8015024	5002	24	8015001	 武器 - 紫裝	80	1968	1968	24	24	48	48	48	48	48	0	48	1056	0	0	0	0	0	0	0	0	0	
	8015025	5002	25	8015001	 武器 - 紫裝	80	2050	2050	25	25	50	50	50	50	50	0	50	1100	0	0	0	0	0	0	0	0	0	
	8015026	5002	26	8015001	 武器 - 紫裝	80	2132	2132	26	26	52	52	52	52	52	0	52	1144	0	0	0	0	0	0	0	0	0	
	8015027	5002	27	8015001	 武器 - 紫裝	80	2214	2214	27	27	54	54	54	54	54	0	54	1188	0	0	0	0	0	0	0	0	0	
	8015028	5002	28	8015001	 武器 - 紫裝	80	2296	2296	28	28	56	56	56	56	56	0	56	1232	0	0	0	0	0	0	0	0	0	
	8015029	5002	29	8015001	 武器 - 紫裝	80	2378	2378	29	29	58	58	58	58	58	0	58	1276	0	0	0	0	0	0	0	0	0	
	8015030	5002	30	8015001	 武器 - 紫裝	80	2460	2460	30	30	60	60	60	60	60	0	60	1320	0	0	0	0	0	0	0	0	0	
	8015031	5002	31	8015001	 武器 - 紫裝	80	2542	2542	31	31	62	62	62	62	62	0	62	1364	0	0	0	0	0	0	0	0	0	
	8015032	5002	32	8015001	 武器 - 紫裝	80	2624	2624	32	32	64	64	64	64	64	0	64	1408	0	0	0	0	0	0	0	0	0	
	8015033	5002	33	8015001	 武器 - 紫裝	80	2706	2706	33	33	66	66	66	66	66	0	66	1452	0	0	0	0	0	0	0	0	0	
	8015034	5002	34	8015001	 武器 - 紫裝	80	2788	2788	34	34	68	68	68	68	68	0	68	1496	0	0	0	0	0	0	0	0	0	
	8015035	5002	35	8015001	 武器 - 紫裝	80	2870	2870	35	35	70	70	70	70	70	0	70	1540	0	0	0	0	0	0	0	0	0	
	8015036	5002	36	8015001	 武器 - 紫裝	80	2952	2952	36	36	72	72	72	72	72	0	72	1584	0	0	0	0	0	0	0	0	0	
	8015037	5002	37	8015001	 武器 - 紫裝	80	3034	3034	37	37	74	74	74	74	74	0	74	1628	0	0	0	0	0	0	0	0	0	
	8015038	5002	38	8015001	 武器 - 紫裝	80	3116	3116	38	38	76	76	76	76	76	0	76	1672	0	0	0	0	0	0	0	0	0	
	8015039	5002	39	8015001	 武器 - 紫裝	80	3198	3198	39	39	78	78	78	78	78	0	78	1716	0	0	0	0	0	0	0	0	0	
	8015040	5002	40	8015001	 武器 - 紫裝	80	3280	3280	40	40	80	80	80	80	80	0	80	1760	0	0	0	0	0	0	0	0	0	
	8015041	5002	41	8015001	 武器 - 紫裝	80	3362	3362	41	41	82	82	82	82	82	0	82	1804	0	0	0	0	0	0	0	0	0	
	8015042	5002	42	8015001	 武器 - 紫裝	80	3444	3444	42	42	84	84	84	84	84	0	84	1848	0	0	0	0	0	0	0	0	0	
	8015043	5002	43	8015001	 武器 - 紫裝	80	3526	3526	43	43	86	86	86	86	86	0	86	1892	0	0	0	0	0	0	0	0	0	
	8015044	5002	44	8015001	 武器 - 紫裝	80	3608	3608	44	44	88	88	88	88	88	0	88	1936	0	0	0	0	0	0	0	0	0	
	8015045	5002	45	8015001	 武器 - 紫裝	80	3690	3690	45	45	90	90	90	90	90	0	90	1980	0	0	0	0	0	0	0	0	0	
	8015046	5002	46	8015001	 武器 - 紫裝	80	3772	3772	46	46	92	92	92	92	92	0	92	2024	0	0	0	0	0	0	0	0	0	
	8015047	5002	47	8015001	 武器 - 紫裝	80	3854	3854	47	47	94	94	94	94	94	0	94	2068	0	0	0	0	0	0	0	0	0	
	8015048	5002	48	8015001	 武器 - 紫裝	80	3936	3936	48	48	96	96	96	96	96	0	96	2112	0	0	0	0	0	0	0	0	0	
	8015049	5002	49	8015001	 武器 - 紫裝	80	4018	4018	49	49	98	98	98	98	98	0	98	2156	0	0	0	0	0	0	0	0	0	
	8015050	5002	50	8015001	 武器 - 紫裝	80	4100	4100	50	50	100	100	100	100	100	0	100	2200	0	0	0	0	0	0	0	0	0	
	8015051	5002	51	8015001	 武器 - 紫裝	80	4182	4182	51	51	102	102	102	102	102	0	102	2244	0	0	0	0	0	0	0	0	0	
	8015052	5002	52	8015001	 武器 - 紫裝	80	4264	4264	52	52	104	104	104	104	104	0	104	2288	0	0	0	0	0	0	0	0	0	
	8015053	5002	53	8015001	 武器 - 紫裝	80	4346	4346	53	53	106	106	106	106	106	0	106	2332	0	0	0	0	0	0	0	0	0	
	8015054	5002	54	8015001	 武器 - 紫裝	80	4428	4428	54	54	108	108	108	108	108	0	108	2376	0	0	0	0	0	0	0	0	0	
	8015055	5002	55	8015001	 武器 - 紫裝	80	4510	4510	55	55	110	110	110	110	110	0	110	2420	0	0	0	0	0	0	0	0	0	
	8015056	5002	56	8015001	 武器 - 紫裝	80	4592	4592	56	56	112	112	112	112	112	0	112	2464	0	0	0	0	0	0	0	0	0	
	8015057	5002	57	8015001	 武器 - 紫裝	80	4674	4674	57	57	114	114	114	114	114	0	114	2508	0	0	0	0	0	0	0	0	0	
	8015058	5002	58	8015001	 武器 - 紫裝	80	4756	4756	58	58	116	116	116	116	116	0	116	2552	0	0	0	0	0	0	0	0	0	
	8015059	5002	59	8015001	 武器 - 紫裝	80	4838	4838	59	59	118	118	118	118	118	0	118	2596	0	0	0	0	0	0	0	0	0	
	8015060	5002	60	8015001	 武器 - 紫裝	80	4920	4920	60	60	120	120	120	120	120	0	120	2640	0	0	0	0	0	0	0	0	0	
	8015061	5002	61	8015001	 武器 - 紫裝	80	5002	5002	61	61	122	122	122	122	122	0	122	2684	0	0	0	0	0	0	0	0	0	
	8015062	5002	62	8015001	 武器 - 紫裝	80	5084	5084	62	62	124	124	124	124	124	0	124	2728	0	0	0	0	0	0	0	0	0	
	8015063	5002	63	8015001	 武器 - 紫裝	80	5166	5166	63	63	126	126	126	126	126	0	126	2772	0	0	0	0	0	0	0	0	0	
	8015064	5002	64	8015001	 武器 - 紫裝	80	5248	5248	64	64	128	128	128	128	128	0	128	2816	0	0	0	0	0	0	0	0	0	
	8015065	5002	65	8015001	 武器 - 紫裝	80	5330	5330	65	65	130	130	130	130	130	0	130	2860	0	0	0	0	0	0	0	0	0	
	8015066	5002	66	8015001	 武器 - 紫裝	80	5412	5412	66	66	132	132	132	132	132	0	132	2904	0	0	0	0	0	0	0	0	0	
	8015067	5002	67	8015001	 武器 - 紫裝	80	5494	5494	67	67	134	134	134	134	134	0	134	2948	0	0	0	0	0	0	0	0	0	
	8015068	5002	68	8015001	 武器 - 紫裝	80	5576	5576	68	68	136	136	136	136	136	0	136	2992	0	0	0	0	0	0	0	0	0	
	8015069	5002	69	8015001	 武器 - 紫裝	80	5658	5658	69	69	138	138	138	138	138	0	138	3036	0	0	0	0	0	0	0	0	0	
	8015070	5002	70	8015001	 武器 - 紫裝	80	5740	5740	70	70	140	140	140	140	140	0	140	3080	0	0	0	0	0	0	0	0	0	
	8015071	5002	71	8015001	 武器 - 紫裝	80	5822	5822	71	71	142	142	142	142	142	0	142	3124	0	0	0	0	0	0	0	0	0	
	8015072	5002	72	8015001	 武器 - 紫裝	80	5904	5904	72	72	144	144	144	144	144	0	144	3168	0	0	0	0	0	0	0	0	0	
	8015073	5002	73	8015001	 武器 - 紫裝	80	5986	5986	73	73	146	146	146	146	146	0	146	3212	0	0	0	0	0	0	0	0	0	
	8015074	5002	74	8015001	 武器 - 紫裝	80	6068	6068	74	74	148	148	148	148	148	0	148	3256	0	0	0	0	0	0	0	0	0	
	8015075	5002	75	8015001	 武器 - 紫裝	80	6150	6150	75	75	150	150	150	150	150	0	150	3300	0	0	0	0	0	0	0	0	0	
	8015076	5002	76	8015001	 武器 - 紫裝	80	6232	6232	76	76	152	152	152	152	152	0	152	3344	0	0	0	0	0	0	0	0	0	
	8015077	5002	77	8015001	 武器 - 紫裝	80	6314	6314	77	77	154	154	154	154	154	0	154	3388	0	0	0	0	0	0	0	0	0	
	8015078	5002	78	8015001	 武器 - 紫裝	80	6396	6396	78	78	156	156	156	156	156	0	156	3432	0	0	0	0	0	0	0	0	0	
	8015079	5002	79	8015001	 武器 - 紫裝	80	6478	6478	79	79	158	158	158	158	158	0	158	3476	0	0	0	0	0	0	0	0	0	
	8015080	5002	80	8015001	 武器 - 紫裝	80	6560	6560	80	80	160	160	160	160	160	0	160	3520	0	0	0	0	0	0	0	0	0	
	8015081	5002	81	8015001	 武器 - 紫裝	80	6642	6642	81	81	162	162	162	162	162	0	162	3564	0	0	0	0	0	0	0	0	0	
	8015082	5002	82	8015001	 武器 - 紫裝	80	6724	6724	82	82	164	164	164	164	164	0	164	3608	0	0	0	0	0	0	0	0	0	
	8015083	5002	83	8015001	 武器 - 紫裝	80	6806	6806	83	83	166	166	166	166	166	0	166	3652	0	0	0	0	0	0	0	0	0	
	8015084	5002	84	8015001	 武器 - 紫裝	80	6888	6888	84	84	168	168	168	168	168	0	168	3696	0	0	0	0	0	0	0	0	0	
	8015085	5002	85	8015001	 武器 - 紫裝	80	6970	6970	85	85	170	170	170	170	170	0	170	3740	0	0	0	0	0	0	0	0	0	
	8015086	5002	86	8015001	 武器 - 紫裝	80	7052	7052	86	86	172	172	172	172	172	0	172	3784	0	0	0	0	0	0	0	0	0	
	8015087	5002	87	8015001	 武器 - 紫裝	80	7134	7134	87	87	174	174	174	174	174	0	174	3828	0	0	0	0	0	0	0	0	0	
	8015088	5002	88	8015001	 武器 - 紫裝	80	7216	7216	88	88	176	176	176	176	176	0	176	3872	0	0	0	0	0	0	0	0	0	
	8015089	5002	89	8015001	 武器 - 紫裝	80	7298	7298	89	89	178	178	178	178	178	0	178	3916	0	0	0	0	0	0	0	0	0	
	8015090	5002	90	8015001	 武器 - 紫裝	80	7380	7380	90	90	180	180	180	180	180	0	180	3960	0	0	0	0	0	0	0	0	0	
	8015091	5002	91	8015001	 武器 - 紫裝	80	7462	7462	91	91	182	182	182	182	182	0	182	4004	0	0	0	0	0	0	0	0	0	
	8015092	5002	92	8015001	 武器 - 紫裝	80	7544	7544	92	92	184	184	184	184	184	0	184	4048	0	0	0	0	0	0	0	0	0	
	8015093	5002	93	8015001	 武器 - 紫裝	80	7626	7626	93	93	186	186	186	186	186	0	186	4092	0	0	0	0	0	0	0	0	0	
	8015094	5002	94	8015001	 武器 - 紫裝	80	7708	7708	94	94	188	188	188	188	188	0	188	4136	0	0	0	0	0	0	0	0	0	
	8015095	5002	95	8015001	 武器 - 紫裝	80	7790	7790	95	95	190	190	190	190	190	0	190	4180	0	0	0	0	0	0	0	0	0	
	8015096	5002	96	8015001	 武器 - 紫裝	80	7872	7872	96	96	192	192	192	192	192	0	192	4224	0	0	0	0	0	0	0	0	0	
	8015097	5002	97	8015001	 武器 - 紫裝	80	7954	7954	97	97	194	194	194	194	194	0	194	4268	0	0	0	0	0	0	0	0	0	
	8015098	5002	98	8015001	 武器 - 紫裝	80	8036	8036	98	98	196	196	196	196	196	0	196	4312	0	0	0	0	0	0	0	0	0	
	8015099	5002	99	8015001	 武器 - 紫裝	80	8118	8118	99	99	198	198	198	198	198	0	198	4356	0	0	0	0	0	0	0	0	0	
	8015100	5002	100	8015001	 武器 - 紫裝	80	8200	8200	100	100	200	200	200	200	200	0	200	4400	0	0	0	0	0	0	0	0	0	
	8015101	5002	101	8015001	 武器 - 紫裝	80	8282	8282	101	101	202	202	202	202	202	0	202	4444	0	0	0	0	0	0	0	0	0	
	8015102	5002	102	8015001	 武器 - 紫裝	80	8364	8364	102	102	204	204	204	204	204	0	204	4488	0	0	0	0	0	0	0	0	0	
	8015103	5002	103	8015001	 武器 - 紫裝	80	8446	8446	103	103	206	206	206	206	206	0	206	4532	0	0	0	0	0	0	0	0	0	
	8015104	5002	104	8015001	 武器 - 紫裝	80	8528	8528	104	104	208	208	208	208	208	0	208	4576	0	0	0	0	0	0	0	0	0	
	8015105	5002	105	8015001	 武器 - 紫裝	80	8610	8610	105	105	210	210	210	210	210	0	210	4620	0	0	0	0	0	0	0	0	0	
	8015106	5002	106	8015001	 武器 - 紫裝	80	8692	8692	106	106	212	212	212	212	212	0	212	4664	0	0	0	0	0	0	0	0	0	
	8015107	5002	107	8015001	 武器 - 紫裝	80	8774	8774	107	107	214	214	214	214	214	0	214	4708	0	0	0	0	0	0	0	0	0	
	8015108	5002	108	8015001	 武器 - 紫裝	80	8856	8856	108	108	216	216	216	216	216	0	216	4752	0	0	0	0	0	0	0	0	0	
# 防具強化屬性數值表																												
# 防具 - 灰裝																												
	8021001	5002	1	8021001	 防具 - 灰裝	80	16	16	0	0	1	1	1	1	1	0	1	0	6	0	0	0	0	0	0	0	0	
	8021002	5002	2	8021001	 防具 - 灰裝	80	32	32	0	0	2	2	2	2	2	0	2	0	12	0	0	0	0	0	0	0	0	
	8021003	5002	3	8021001	 防具 - 灰裝	80	48	48	0	0	3	3	3	3	3	0	3	0	18	0	0	0	0	0	0	0	0	
	8021004	5002	4	8021001	 防具 - 灰裝	80	64	64	0	0	4	4	4	4	4	0	4	0	24	0	0	0	0	0	0	0	0	
	8021005	5002	5	8021001	 防具 - 灰裝	80	80	80	0	0	5	5	5	5	5	0	5	0	30	0	0	0	0	0	0	0	0	
	8021006	5002	6	8021001	 防具 - 灰裝	80	96	96	0	0	6	6	6	6	6	0	6	0	36	0	0	0	0	0	0	0	0	
	8021007	5002	7	8021001	 防具 - 灰裝	80	112	112	0	0	7	7	7	7	7	0	7	0	42	0	0	0	0	0	0	0	0	
	8021008	5002	8	8021001	 防具 - 灰裝	80	128	128	0	0	8	8	8	8	8	0	8	0	48	0	0	0	0	0	0	0	0	
	8021009	5002	9	8021001	 防具 - 灰裝	80	144	144	0	0	9	9	9	9	9	0	9	0	54	0	0	0	0	0	0	0	0	
	8021010	5002	10	8021001	 防具 - 灰裝	80	160	160	0	0	10	10	10	10	10	0	10	0	60	0	0	0	0	0	0	0	0	
	8021011	5002	11	8021001	 防具 - 灰裝	80	176	176	0	0	11	11	11	11	11	0	11	0	66	0	0	0	0	0	0	0	0	
	8021012	5002	12	8021001	 防具 - 灰裝	80	192	192	0	0	12	12	12	12	12	0	12	0	72	0	0	0	0	0	0	0	0	
	8021013	5002	13	8021001	 防具 - 灰裝	80	208	208	0	0	13	13	13	13	13	0	13	0	78	0	0	0	0	0	0	0	0	
	8021014	5002	14	8021001	 防具 - 灰裝	80	224	224	0	0	14	14	14	14	14	0	14	0	84	0	0	0	0	0	0	0	0	
	8021015	5002	15	8021001	 防具 - 灰裝	80	240	240	0	0	15	15	15	15	15	0	15	0	90	0	0	0	0	0	0	0	0	
	8021016	5002	16	8021001	 防具 - 灰裝	80	256	256	0	0	16	16	16	16	16	0	16	0	96	0	0	0	0	0	0	0	0	
	8021017	5002	17	8021001	 防具 - 灰裝	80	272	272	0	0	17	17	17	17	17	0	17	0	102	0	0	0	0	0	0	0	0	
	8021018	5002	18	8021001	 防具 - 灰裝	80	288	288	0	0	18	18	18	18	18	0	18	0	108	0	0	0	0	0	0	0	0	
	8021019	5002	19	8021001	 防具 - 灰裝	80	304	304	0	0	19	19	19	19	19	0	19	0	114	0	0	0	0	0	0	0	0	
	8021020	5002	20	8021001	 防具 - 灰裝	80	320	320	0	0	20	20	20	20	20	0	20	0	120	0	0	0	0	0	0	0	0	
	8021021	5002	21	8021001	 防具 - 灰裝	80	336	336	0	0	21	21	21	21	21	0	21	0	126	0	0	0	0	0	0	0	0	
	8021022	5002	22	8021001	 防具 - 灰裝	80	352	352	0	0	22	22	22	22	22	0	22	0	132	0	0	0	0	0	0	0	0	
	8021023	5002	23	8021001	 防具 - 灰裝	80	368	368	0	0	23	23	23	23	23	0	23	0	138	0	0	0	0	0	0	0	0	
	8021024	5002	24	8021001	 防具 - 灰裝	80	384	384	0	0	24	24	24	24	24	0	24	0	144	0	0	0	0	0	0	0	0	
	8021025	5002	25	8021001	 防具 - 灰裝	80	400	400	0	0	25	25	25	25	25	0	25	0	150	0	0	0	0	0	0	0	0	
	8021026	5002	26	8021001	 防具 - 灰裝	80	416	416	0	0	26	26	26	26	26	0	26	0	156	0	0	0	0	0	0	0	0	
	8021027	5002	27	8021001	 防具 - 灰裝	80	432	432	0	0	27	27	27	27	27	0	27	0	162	0	0	0	0	0	0	0	0	
	8021028	5002	28	8021001	 防具 - 灰裝	80	448	448	0	0	28	28	28	28	28	0	28	0	168	0	0	0	0	0	0	0	0	
	8021029	5002	29	8021001	 防具 - 灰裝	80	464	464	0	0	29	29	29	29	29	0	29	0	174	0	0	0	0	0	0	0	0	
	8021030	5002	30	8021001	 防具 - 灰裝	80	480	480	0	0	30	30	30	30	30	0	30	0	180	0	0	0	0	0	0	0	0	
	8021031	5002	31	8021001	 防具 - 灰裝	80	496	496	0	0	31	31	31	31	31	0	31	0	186	0	0	0	0	0	0	0	0	
	8021032	5002	32	8021001	 防具 - 灰裝	80	512	512	0	0	32	32	32	32	32	0	32	0	192	0	0	0	0	0	0	0	0	
	8021033	5002	33	8021001	 防具 - 灰裝	80	528	528	0	0	33	33	33	33	33	0	33	0	198	0	0	0	0	0	0	0	0	
	8021034	5002	34	8021001	 防具 - 灰裝	80	544	544	0	0	34	34	34	34	34	0	34	0	204	0	0	0	0	0	0	0	0	
	8021035	5002	35	8021001	 防具 - 灰裝	80	560	560	0	0	35	35	35	35	35	0	35	0	210	0	0	0	0	0	0	0	0	
	8021036	5002	36	8021001	 防具 - 灰裝	80	576	576	0	0	36	36	36	36	36	0	36	0	216	0	0	0	0	0	0	0	0	
	8021037	5002	37	8021001	 防具 - 灰裝	80	592	592	0	0	37	37	37	37	37	0	37	0	222	0	0	0	0	0	0	0	0	
	8021038	5002	38	8021001	 防具 - 灰裝	80	608	608	0	0	38	38	38	38	38	0	38	0	228	0	0	0	0	0	0	0	0	
	8021039	5002	39	8021001	 防具 - 灰裝	80	624	624	0	0	39	39	39	39	39	0	39	0	234	0	0	0	0	0	0	0	0	
	8021040	5002	40	8021001	 防具 - 灰裝	80	640	640	0	0	40	40	40	40	40	0	40	0	240	0	0	0	0	0	0	0	0	
	8021041	5002	41	8021001	 防具 - 灰裝	80	656	656	0	0	41	41	41	41	41	0	41	0	246	0	0	0	0	0	0	0	0	
	8021042	5002	42	8021001	 防具 - 灰裝	80	672	672	0	0	42	42	42	42	42	0	42	0	252	0	0	0	0	0	0	0	0	
	8021043	5002	43	8021001	 防具 - 灰裝	80	688	688	0	0	43	43	43	43	43	0	43	0	258	0	0	0	0	0	0	0	0	
	8021044	5002	44	8021001	 防具 - 灰裝	80	704	704	0	0	44	44	44	44	44	0	44	0	264	0	0	0	0	0	0	0	0	
	8021045	5002	45	8021001	 防具 - 灰裝	80	720	720	0	0	45	45	45	45	45	0	45	0	270	0	0	0	0	0	0	0	0	
	8021046	5002	46	8021001	 防具 - 灰裝	80	736	736	0	0	46	46	46	46	46	0	46	0	276	0	0	0	0	0	0	0	0	
	8021047	5002	47	8021001	 防具 - 灰裝	80	752	752	0	0	47	47	47	47	47	0	47	0	282	0	0	0	0	0	0	0	0	
	8021048	5002	48	8021001	 防具 - 灰裝	80	768	768	0	0	48	48	48	48	48	0	48	0	288	0	0	0	0	0	0	0	0	
	8021049	5002	49	8021001	 防具 - 灰裝	80	784	784	0	0	49	49	49	49	49	0	49	0	294	0	0	0	0	0	0	0	0	
	8021050	5002	50	8021001	 防具 - 灰裝	80	800	800	0	0	50	50	50	50	50	0	50	0	300	0	0	0	0	0	0	0	0	
	8021051	5002	51	8021001	 防具 - 灰裝	80	816	816	0	0	51	51	51	51	51	0	51	0	306	0	0	0	0	0	0	0	0	
	8021052	5002	52	8021001	 防具 - 灰裝	80	832	832	0	0	52	52	52	52	52	0	52	0	312	0	0	0	0	0	0	0	0	
	8021053	5002	53	8021001	 防具 - 灰裝	80	848	848	0	0	53	53	53	53	53	0	53	0	318	0	0	0	0	0	0	0	0	
	8021054	5002	54	8021001	 防具 - 灰裝	80	864	864	0	0	54	54	54	54	54	0	54	0	324	0	0	0	0	0	0	0	0	
	8021055	5002	55	8021001	 防具 - 灰裝	80	880	880	0	0	55	55	55	55	55	0	55	0	330	0	0	0	0	0	0	0	0	
	8021056	5002	56	8021001	 防具 - 灰裝	80	896	896	0	0	56	56	56	56	56	0	56	0	336	0	0	0	0	0	0	0	0	
	8021057	5002	57	8021001	 防具 - 灰裝	80	912	912	0	0	57	57	57	57	57	0	57	0	342	0	0	0	0	0	0	0	0	
	8021058	5002	58	8021001	 防具 - 灰裝	80	928	928	0	0	58	58	58	58	58	0	58	0	348	0	0	0	0	0	0	0	0	
	8021059	5002	59	8021001	 防具 - 灰裝	80	944	944	0	0	59	59	59	59	59	0	59	0	354	0	0	0	0	0	0	0	0	
	8021060	5002	60	8021001	 防具 - 灰裝	80	960	960	0	0	60	60	60	60	60	0	60	0	360	0	0	0	0	0	0	0	0	
	8021061	5002	61	8021001	 防具 - 灰裝	80	976	976	0	0	61	61	61	61	61	0	61	0	366	0	0	0	0	0	0	0	0	
	8021062	5002	62	8021001	 防具 - 灰裝	80	992	992	0	0	62	62	62	62	62	0	62	0	372	0	0	0	0	0	0	0	0	
	8021063	5002	63	8021001	 防具 - 灰裝	80	1008	1008	0	0	63	63	63	63	63	0	63	0	378	0	0	0	0	0	0	0	0	
	8021064	5002	64	8021001	 防具 - 灰裝	80	1024	1024	0	0	64	64	64	64	64	0	64	0	384	0	0	0	0	0	0	0	0	
	8021065	5002	65	8021001	 防具 - 灰裝	80	1040	1040	0	0	65	65	65	65	65	0	65	0	390	0	0	0	0	0	0	0	0	
	8021066	5002	66	8021001	 防具 - 灰裝	80	1056	1056	0	0	66	66	66	66	66	0	66	0	396	0	0	0	0	0	0	0	0	
	8021067	5002	67	8021001	 防具 - 灰裝	80	1072	1072	0	0	67	67	67	67	67	0	67	0	402	0	0	0	0	0	0	0	0	
	8021068	5002	68	8021001	 防具 - 灰裝	80	1088	1088	0	0	68	68	68	68	68	0	68	0	408	0	0	0	0	0	0	0	0	
	8021069	5002	69	8021001	 防具 - 灰裝	80	1104	1104	0	0	69	69	69	69	69	0	69	0	414	0	0	0	0	0	0	0	0	
	8021070	5002	70	8021001	 防具 - 灰裝	80	1120	1120	0	0	70	70	70	70	70	0	70	0	420	0	0	0	0	0	0	0	0	
	8021071	5002	71	8021001	 防具 - 灰裝	80	1136	1136	0	0	71	71	71	71	71	0	71	0	426	0	0	0	0	0	0	0	0	
	8021072	5002	72	8021001	 防具 - 灰裝	80	1152	1152	0	0	72	72	72	72	72	0	72	0	432	0	0	0	0	0	0	0	0	
	8021073	5002	73	8021001	 防具 - 灰裝	80	1168	1168	0	0	73	73	73	73	73	0	73	0	438	0	0	0	0	0	0	0	0	
	8021074	5002	74	8021001	 防具 - 灰裝	80	1184	1184	0	0	74	74	74	74	74	0	74	0	444	0	0	0	0	0	0	0	0	
	8021075	5002	75	8021001	 防具 - 灰裝	80	1200	1200	0	0	75	75	75	75	75	0	75	0	450	0	0	0	0	0	0	0	0	
	8021076	5002	76	8021001	 防具 - 灰裝	80	1216	1216	0	0	76	76	76	76	76	0	76	0	456	0	0	0	0	0	0	0	0	
	8021077	5002	77	8021001	 防具 - 灰裝	80	1232	1232	0	0	77	77	77	77	77	0	77	0	462	0	0	0	0	0	0	0	0	
	8021078	5002	78	8021001	 防具 - 灰裝	80	1248	1248	0	0	78	78	78	78	78	0	78	0	468	0	0	0	0	0	0	0	0	
	8021079	5002	79	8021001	 防具 - 灰裝	80	1264	1264	0	0	79	79	79	79	79	0	79	0	474	0	0	0	0	0	0	0	0	
	8021080	5002	80	8021001	 防具 - 灰裝	80	1280	1280	0	0	80	80	80	80	80	0	80	0	480	0	0	0	0	0	0	0	0	
	8021081	5002	81	8021001	 防具 - 灰裝	80	1296	1296	0	0	81	81	81	81	81	0	81	0	486	0	0	0	0	0	0	0	0	
	8021082	5002	82	8021001	 防具 - 灰裝	80	1312	1312	0	0	82	82	82	82	82	0	82	0	492	0	0	0	0	0	0	0	0	
	8021083	5002	83	8021001	 防具 - 灰裝	80	1328	1328	0	0	83	83	83	83	83	0	83	0	498	0	0	0	0	0	0	0	0	
	8021084	5002	84	8021001	 防具 - 灰裝	80	1344	1344	0	0	84	84	84	84	84	0	84	0	504	0	0	0	0	0	0	0	0	
	8021085	5002	85	8021001	 防具 - 灰裝	80	1360	1360	0	0	85	85	85	85	85	0	85	0	510	0	0	0	0	0	0	0	0	
	8021086	5002	86	8021001	 防具 - 灰裝	80	1376	1376	0	0	86	86	86	86	86	0	86	0	516	0	0	0	0	0	0	0	0	
	8021087	5002	87	8021001	 防具 - 灰裝	80	1392	1392	0	0	87	87	87	87	87	0	87	0	522	0	0	0	0	0	0	0	0	
	8021088	5002	88	8021001	 防具 - 灰裝	80	1408	1408	0	0	88	88	88	88	88	0	88	0	528	0	0	0	0	0	0	0	0	
	8021089	5002	89	8021001	 防具 - 灰裝	80	1424	1424	0	0	89	89	89	89	89	0	89	0	534	0	0	0	0	0	0	0	0	
	8021090	5002	90	8021001	 防具 - 灰裝	80	1440	1440	0	0	90	90	90	90	90	0	90	0	540	0	0	0	0	0	0	0	0	
	8021091	5002	91	8021001	 防具 - 灰裝	80	1456	1456	0	0	91	91	91	91	91	0	91	0	546	0	0	0	0	0	0	0	0	
	8021092	5002	92	8021001	 防具 - 灰裝	80	1472	1472	0	0	92	92	92	92	92	0	92	0	552	0	0	0	0	0	0	0	0	
	8021093	5002	93	8021001	 防具 - 灰裝	80	1488	1488	0	0	93	93	93	93	93	0	93	0	558	0	0	0	0	0	0	0	0	
	8021094	5002	94	8021001	 防具 - 灰裝	80	1504	1504	0	0	94	94	94	94	94	0	94	0	564	0	0	0	0	0	0	0	0	
	8021095	5002	95	8021001	 防具 - 灰裝	80	1520	1520	0	0	95	95	95	95	95	0	95	0	570	0	0	0	0	0	0	0	0	
	8021096	5002	96	8021001	 防具 - 灰裝	80	1536	1536	0	0	96	96	96	96	96	0	96	0	576	0	0	0	0	0	0	0	0	
	8021097	5002	97	8021001	 防具 - 灰裝	80	1552	1552	0	0	97	97	97	97	97	0	97	0	582	0	0	0	0	0	0	0	0	
	8021098	5002	98	8021001	 防具 - 灰裝	80	1568	1568	0	0	98	98	98	98	98	0	98	0	588	0	0	0	0	0	0	0	0	
	8021099	5002	99	8021001	 防具 - 灰裝	80	1584	1584	0	0	99	99	99	99	99	0	99	0	594	0	0	0	0	0	0	0	0	
	8021100	5002	100	8021001	 防具 - 灰裝	80	1600	1600	0	0	100	100	100	100	100	0	100	0	600	0	0	0	0	0	0	0	0	
	8021101	5002	101	8021001	 防具 - 灰裝	80	1616	1616	0	0	101	101	101	101	101	0	101	0	606	0	0	0	0	0	0	0	0	
	8021102	5002	102	8021001	 防具 - 灰裝	80	1632	1632	0	0	102	102	102	102	102	0	102	0	612	0	0	0	0	0	0	0	0	
	8021103	5002	103	8021001	 防具 - 灰裝	80	1648	1648	0	0	103	103	103	103	103	0	103	0	618	0	0	0	0	0	0	0	0	
	8021104	5002	104	8021001	 防具 - 灰裝	80	1664	1664	0	0	104	104	104	104	104	0	104	0	624	0	0	0	0	0	0	0	0	
	8021105	5002	105	8021001	 防具 - 灰裝	80	1680	1680	0	0	105	105	105	105	105	0	105	0	630	0	0	0	0	0	0	0	0	
	8021106	5002	106	8021001	 防具 - 灰裝	80	1696	1696	0	0	106	106	106	106	106	0	106	0	636	0	0	0	0	0	0	0	0	
	8021107	5002	107	8021001	 防具 - 灰裝	80	1712	1712	0	0	107	107	107	107	107	0	107	0	642	0	0	0	0	0	0	0	0	
	8021108	5002	108	8021001	 防具 - 灰裝	80	1728	1728	0	0	108	108	108	108	108	0	108	0	648	0	0	0	0	0	0	0	0	
# 防具 - 白裝（非商店貨）																												
	8022001	5002	1	8022001	 防具 - 白裝	80	19	19	0	0	1	1	1	1	1	0	1	0	6	0	0	0	0	0	0	0	0	
	8022002	5002	2	8022001	 防具 - 白裝	80	38	38	0	0	2	2	2	2	2	0	2	0	12	0	0	0	0	0	0	0	0	
	8022003	5002	3	8022001	 防具 - 白裝	80	57	57	0	0	3	3	3	3	3	0	3	0	18	0	0	0	0	0	0	0	0	
	8022004	5002	4	8022001	 防具 - 白裝	80	76	76	0	0	4	4	4	4	4	0	4	0	24	0	0	0	0	0	0	0	0	
	8022005	5002	5	8022001	 防具 - 白裝	80	95	95	0	0	5	5	5	5	5	0	5	0	30	0	0	0	0	0	0	0	0	
	8022006	5002	6	8022001	 防具 - 白裝	80	114	114	0	0	6	6	6	6	6	0	6	0	36	0	0	0	0	0	0	0	0	
	8022007	5002	7	8022001	 防具 - 白裝	80	133	133	0	0	7	7	7	7	7	0	7	0	42	0	0	0	0	0	0	0	0	
	8022008	5002	8	8022001	 防具 - 白裝	80	152	152	0	0	8	8	8	8	8	0	8	0	48	0	0	0	0	0	0	0	0	
	8022009	5002	9	8022001	 防具 - 白裝	80	171	171	0	0	9	9	9	9	9	0	9	0	54	0	0	0	0	0	0	0	0	
	8022010	5002	10	8022001	 防具 - 白裝	80	190	190	0	0	10	10	10	10	10	0	10	0	60	0	0	0	0	0	0	0	0	
	8022011	5002	11	8022001	 防具 - 白裝	80	209	209	0	0	11	11	11	11	11	0	11	0	66	0	0	0	0	0	0	0	0	
	8022012	5002	12	8022001	 防具 - 白裝	80	228	228	0	0	12	12	12	12	12	0	12	0	72	0	0	0	0	0	0	0	0	
	8022013	5002	13	8022001	 防具 - 白裝	80	247	247	0	0	13	13	13	13	13	0	13	0	78	0	0	0	0	0	0	0	0	
	8022014	5002	14	8022001	 防具 - 白裝	80	266	266	0	0	14	14	14	14	14	0	14	0	84	0	0	0	0	0	0	0	0	
	8022015	5002	15	8022001	 防具 - 白裝	80	285	285	0	0	15	15	15	15	15	0	15	0	90	0	0	0	0	0	0	0	0	
	8022016	5002	16	8022001	 防具 - 白裝	80	304	304	0	0	16	16	16	16	16	0	16	0	96	0	0	0	0	0	0	0	0	
	8022017	5002	17	8022001	 防具 - 白裝	80	323	323	0	0	17	17	17	17	17	0	17	0	102	0	0	0	0	0	0	0	0	
	8022018	5002	18	8022001	 防具 - 白裝	80	342	342	0	0	18	18	18	18	18	0	18	0	108	0	0	0	0	0	0	0	0	
	8022019	5002	19	8022001	 防具 - 白裝	80	361	361	0	0	19	19	19	19	19	0	19	0	114	0	0	0	0	0	0	0	0	
	8022020	5002	20	8022001	 防具 - 白裝	80	380	380	0	0	20	20	20	20	20	0	20	0	120	0	0	0	0	0	0	0	0	
	8022021	5002	21	8022001	 防具 - 白裝	80	399	399	0	0	21	21	21	21	21	0	21	0	126	0	0	0	0	0	0	0	0	
	8022022	5002	22	8022001	 防具 - 白裝	80	418	418	0	0	22	22	22	22	22	0	22	0	132	0	0	0	0	0	0	0	0	
	8022023	5002	23	8022001	 防具 - 白裝	80	437	437	0	0	23	23	23	23	23	0	23	0	138	0	0	0	0	0	0	0	0	
	8022024	5002	24	8022001	 防具 - 白裝	80	456	456	0	0	24	24	24	24	24	0	24	0	144	0	0	0	0	0	0	0	0	
	8022025	5002	25	8022001	 防具 - 白裝	80	475	475	0	0	25	25	25	25	25	0	25	0	150	0	0	0	0	0	0	0	0	
	8022026	5002	26	8022001	 防具 - 白裝	80	494	494	0	0	26	26	26	26	26	0	26	0	156	0	0	0	0	0	0	0	0	
	8022027	5002	27	8022001	 防具 - 白裝	80	513	513	0	0	27	27	27	27	27	0	27	0	162	0	0	0	0	0	0	0	0	
	8022028	5002	28	8022001	 防具 - 白裝	80	532	532	0	0	28	28	28	28	28	0	28	0	168	0	0	0	0	0	0	0	0	
	8022029	5002	29	8022001	 防具 - 白裝	80	551	551	0	0	29	29	29	29	29	0	29	0	174	0	0	0	0	0	0	0	0	
	8022030	5002	30	8022001	 防具 - 白裝	80	570	570	0	0	30	30	30	30	30	0	30	0	180	0	0	0	0	0	0	0	0	
	8022031	5002	31	8022001	 防具 - 白裝	80	589	589	0	0	31	31	31	31	31	0	31	0	186	0	0	0	0	0	0	0	0	
	8022032	5002	32	8022001	 防具 - 白裝	80	608	608	0	0	32	32	32	32	32	0	32	0	192	0	0	0	0	0	0	0	0	
	8022033	5002	33	8022001	 防具 - 白裝	80	627	627	0	0	33	33	33	33	33	0	33	0	198	0	0	0	0	0	0	0	0	
	8022034	5002	34	8022001	 防具 - 白裝	80	646	646	0	0	34	34	34	34	34	0	34	0	204	0	0	0	0	0	0	0	0	
	8022035	5002	35	8022001	 防具 - 白裝	80	665	665	0	0	35	35	35	35	35	0	35	0	210	0	0	0	0	0	0	0	0	
	8022036	5002	36	8022001	 防具 - 白裝	80	684	684	0	0	36	36	36	36	36	0	36	0	216	0	0	0	0	0	0	0	0	
	8022037	5002	37	8022001	 防具 - 白裝	80	703	703	0	0	37	37	37	37	37	0	37	0	222	0	0	0	0	0	0	0	0	
	8022038	5002	38	8022001	 防具 - 白裝	80	722	722	0	0	38	38	38	38	38	0	38	0	228	0	0	0	0	0	0	0	0	
	8022039	5002	39	8022001	 防具 - 白裝	80	741	741	0	0	39	39	39	39	39	0	39	0	234	0	0	0	0	0	0	0	0	
	8022040	5002	40	8022001	 防具 - 白裝	80	760	760	0	0	40	40	40	40	40	0	40	0	240	0	0	0	0	0	0	0	0	
	8022041	5002	41	8022001	 防具 - 白裝	80	779	779	0	0	41	41	41	41	41	0	41	0	246	0	0	0	0	0	0	0	0	
	8022042	5002	42	8022001	 防具 - 白裝	80	798	798	0	0	42	42	42	42	42	0	42	0	252	0	0	0	0	0	0	0	0	
	8022043	5002	43	8022001	 防具 - 白裝	80	817	817	0	0	43	43	43	43	43	0	43	0	258	0	0	0	0	0	0	0	0	
	8022044	5002	44	8022001	 防具 - 白裝	80	836	836	0	0	44	44	44	44	44	0	44	0	264	0	0	0	0	0	0	0	0	
	8022045	5002	45	8022001	 防具 - 白裝	80	855	855	0	0	45	45	45	45	45	0	45	0	270	0	0	0	0	0	0	0	0	
	8022046	5002	46	8022001	 防具 - 白裝	80	874	874	0	0	46	46	46	46	46	0	46	0	276	0	0	0	0	0	0	0	0	
	8022047	5002	47	8022001	 防具 - 白裝	80	893	893	0	0	47	47	47	47	47	0	47	0	282	0	0	0	0	0	0	0	0	
	8022048	5002	48	8022001	 防具 - 白裝	80	912	912	0	0	48	48	48	48	48	0	48	0	288	0	0	0	0	0	0	0	0	
	8022049	5002	49	8022001	 防具 - 白裝	80	931	931	0	0	49	49	49	49	49	0	49	0	294	0	0	0	0	0	0	0	0	
	8022050	5002	50	8022001	 防具 - 白裝	80	950	950	0	0	50	50	50	50	50	0	50	0	300	0	0	0	0	0	0	0	0	
	8022051	5002	51	8022001	 防具 - 白裝	80	969	969	0	0	51	51	51	51	51	0	51	0	306	0	0	0	0	0	0	0	0	
	8022052	5002	52	8022001	 防具 - 白裝	80	988	988	0	0	52	52	52	52	52	0	52	0	312	0	0	0	0	0	0	0	0	
	8022053	5002	53	8022001	 防具 - 白裝	80	1007	1007	0	0	53	53	53	53	53	0	53	0	318	0	0	0	0	0	0	0	0	
	8022054	5002	54	8022001	 防具 - 白裝	80	1026	1026	0	0	54	54	54	54	54	0	54	0	324	0	0	0	0	0	0	0	0	
	8022055	5002	55	8022001	 防具 - 白裝	80	1045	1045	0	0	55	55	55	55	55	0	55	0	330	0	0	0	0	0	0	0	0	
	8022056	5002	56	8022001	 防具 - 白裝	80	1064	1064	0	0	56	56	56	56	56	0	56	0	336	0	0	0	0	0	0	0	0	
	8022057	5002	57	8022001	 防具 - 白裝	80	1083	1083	0	0	57	57	57	57	57	0	57	0	342	0	0	0	0	0	0	0	0	
	8022058	5002	58	8022001	 防具 - 白裝	80	1102	1102	0	0	58	58	58	58	58	0	58	0	348	0	0	0	0	0	0	0	0	
	8022059	5002	59	8022001	 防具 - 白裝	80	1121	1121	0	0	59	59	59	59	59	0	59	0	354	0	0	0	0	0	0	0	0	
	8022060	5002	60	8022001	 防具 - 白裝	80	1140	1140	0	0	60	60	60	60	60	0	60	0	360	0	0	0	0	0	0	0	0	
	8022061	5002	61	8022001	 防具 - 白裝	80	1159	1159	0	0	61	61	61	61	61	0	61	0	366	0	0	0	0	0	0	0	0	
	8022062	5002	62	8022001	 防具 - 白裝	80	1178	1178	0	0	62	62	62	62	62	0	62	0	372	0	0	0	0	0	0	0	0	
	8022063	5002	63	8022001	 防具 - 白裝	80	1197	1197	0	0	63	63	63	63	63	0	63	0	378	0	0	0	0	0	0	0	0	
	8022064	5002	64	8022001	 防具 - 白裝	80	1216	1216	0	0	64	64	64	64	64	0	64	0	384	0	0	0	0	0	0	0	0	
	8022065	5002	65	8022001	 防具 - 白裝	80	1235	1235	0	0	65	65	65	65	65	0	65	0	390	0	0	0	0	0	0	0	0	
	8022066	5002	66	8022001	 防具 - 白裝	80	1254	1254	0	0	66	66	66	66	66	0	66	0	396	0	0	0	0	0	0	0	0	
	8022067	5002	67	8022001	 防具 - 白裝	80	1273	1273	0	0	67	67	67	67	67	0	67	0	402	0	0	0	0	0	0	0	0	
	8022068	5002	68	8022001	 防具 - 白裝	80	1292	1292	0	0	68	68	68	68	68	0	68	0	408	0	0	0	0	0	0	0	0	
	8022069	5002	69	8022001	 防具 - 白裝	80	1311	1311	0	0	69	69	69	69	69	0	69	0	414	0	0	0	0	0	0	0	0	
	8022070	5002	70	8022001	 防具 - 白裝	80	1330	1330	0	0	70	70	70	70	70	0	70	0	420	0	0	0	0	0	0	0	0	
	8022071	5002	71	8022001	 防具 - 白裝	80	1349	1349	0	0	71	71	71	71	71	0	71	0	426	0	0	0	0	0	0	0	0	
	8022072	5002	72	8022001	 防具 - 白裝	80	1368	1368	0	0	72	72	72	72	72	0	72	0	432	0	0	0	0	0	0	0	0	
	8022073	5002	73	8022001	 防具 - 白裝	80	1387	1387	0	0	73	73	73	73	73	0	73	0	438	0	0	0	0	0	0	0	0	
	8022074	5002	74	8022001	 防具 - 白裝	80	1406	1406	0	0	74	74	74	74	74	0	74	0	444	0	0	0	0	0	0	0	0	
	8022075	5002	75	8022001	 防具 - 白裝	80	1425	1425	0	0	75	75	75	75	75	0	75	0	450	0	0	0	0	0	0	0	0	
	8022076	5002	76	8022001	 防具 - 白裝	80	1444	1444	0	0	76	76	76	76	76	0	76	0	456	0	0	0	0	0	0	0	0	
	8022077	5002	77	8022001	 防具 - 白裝	80	1463	1463	0	0	77	77	77	77	77	0	77	0	462	0	0	0	0	0	0	0	0	
	8022078	5002	78	8022001	 防具 - 白裝	80	1482	1482	0	0	78	78	78	78	78	0	78	0	468	0	0	0	0	0	0	0	0	
	8022079	5002	79	8022001	 防具 - 白裝	80	1501	1501	0	0	79	79	79	79	79	0	79	0	474	0	0	0	0	0	0	0	0	
	8022080	5002	80	8022001	 防具 - 白裝	80	1520	1520	0	0	80	80	80	80	80	0	80	0	480	0	0	0	0	0	0	0	0	
	8022081	5002	81	8022001	 防具 - 白裝	80	1539	1539	0	0	81	81	81	81	81	0	81	0	486	0	0	0	0	0	0	0	0	
	8022082	5002	82	8022001	 防具 - 白裝	80	1558	1558	0	0	82	82	82	82	82	0	82	0	492	0	0	0	0	0	0	0	0	
	8022083	5002	83	8022001	 防具 - 白裝	80	1577	1577	0	0	83	83	83	83	83	0	83	0	498	0	0	0	0	0	0	0	0	
	8022084	5002	84	8022001	 防具 - 白裝	80	1596	1596	0	0	84	84	84	84	84	0	84	0	504	0	0	0	0	0	0	0	0	
	8022085	5002	85	8022001	 防具 - 白裝	80	1615	1615	0	0	85	85	85	85	85	0	85	0	510	0	0	0	0	0	0	0	0	
	8022086	5002	86	8022001	 防具 - 白裝	80	1634	1634	0	0	86	86	86	86	86	0	86	0	516	0	0	0	0	0	0	0	0	
	8022087	5002	87	8022001	 防具 - 白裝	80	1653	1653	0	0	87	87	87	87	87	0	87	0	522	0	0	0	0	0	0	0	0	
	8022088	5002	88	8022001	 防具 - 白裝	80	1672	1672	0	0	88	88	88	88	88	0	88	0	528	0	0	0	0	0	0	0	0	
	8022089	5002	89	8022001	 防具 - 白裝	80	1691	1691	0	0	89	89	89	89	89	0	89	0	534	0	0	0	0	0	0	0	0	
	8022090	5002	90	8022001	 防具 - 白裝	80	1710	1710	0	0	90	90	90	90	90	0	90	0	540	0	0	0	0	0	0	0	0	
	8022091	5002	91	8022001	 防具 - 白裝	80	1729	1729	0	0	91	91	91	91	91	0	91	0	546	0	0	0	0	0	0	0	0	
	8022092	5002	92	8022001	 防具 - 白裝	80	1748	1748	0	0	92	92	92	92	92	0	92	0	552	0	0	0	0	0	0	0	0	
	8022093	5002	93	8022001	 防具 - 白裝	80	1767	1767	0	0	93	93	93	93	93	0	93	0	558	0	0	0	0	0	0	0	0	
	8022094	5002	94	8022001	 防具 - 白裝	80	1786	1786	0	0	94	94	94	94	94	0	94	0	564	0	0	0	0	0	0	0	0	
	8022095	5002	95	8022001	 防具 - 白裝	80	1805	1805	0	0	95	95	95	95	95	0	95	0	570	0	0	0	0	0	0	0	0	
	8022096	5002	96	8022001	 防具 - 白裝	80	1824	1824	0	0	96	96	96	96	96	0	96	0	576	0	0	0	0	0	0	0	0	
	8022097	5002	97	8022001	 防具 - 白裝	80	1843	1843	0	0	97	97	97	97	97	0	97	0	582	0	0	0	0	0	0	0	0	
	8022098	5002	98	8022001	 防具 - 白裝	80	1862	1862	0	0	98	98	98	98	98	0	98	0	588	0	0	0	0	0	0	0	0	
	8022099	5002	99	8022001	 防具 - 白裝	80	1881	1881	0	0	99	99	99	99	99	0	99	0	594	0	0	0	0	0	0	0	0	
	8022100	5002	100	8022001	 防具 - 白裝	80	1900	1900	0	0	100	100	100	100	100	0	100	0	600	0	0	0	0	0	0	0	0	
	8022101	5002	101	8022001	 防具 - 白裝	80	1919	1919	0	0	101	101	101	101	101	0	101	0	606	0	0	0	0	0	0	0	0	
	8022102	5002	102	8022001	 防具 - 白裝	80	1938	1938	0	0	102	102	102	102	102	0	102	0	612	0	0	0	0	0	0	0	0	
	8022103	5002	103	8022001	 防具 - 白裝	80	1957	1957	0	0	103	103	103	103	103	0	103	0	618	0	0	0	0	0	0	0	0	
	8022104	5002	104	8022001	 防具 - 白裝	80	1976	1976	0	0	104	104	104	104	104	0	104	0	624	0	0	0	0	0	0	0	0	
	8022105	5002	105	8022001	 防具 - 白裝	80	1995	1995	0	0	105	105	105	105	105	0	105	0	630	0	0	0	0	0	0	0	0	
	8022106	5002	106	8022001	 防具 - 白裝	80	2014	2014	0	0	106	106	106	106	106	0	106	0	636	0	0	0	0	0	0	0	0	
	8022107	5002	107	8022001	 防具 - 白裝	80	2033	2033	0	0	107	107	107	107	107	0	107	0	642	0	0	0	0	0	0	0	0	
	8022108	5002	108	8022001	 防具 - 白裝	80	2052	2052	0	0	108	108	108	108	108	0	108	0	648	0	0	0	0	0	0	0	0	
# 防具 - 綠裝																												
	8023001	5002	1	8023001	 防具 - 綠裝	80	22	22	0	0	1	1	1	1	1	0	1	0	6	0	0	0	0	0	0	0	0	
	8023002	5002	2	8023001	 防具 - 綠裝	80	44	44	0	0	2	2	2	2	2	0	2	0	12	0	0	0	0	0	0	0	0	
	8023003	5002	3	8023001	 防具 - 綠裝	80	66	66	0	0	3	3	3	3	3	0	3	0	18	0	0	0	0	0	0	0	0	
	8023004	5002	4	8023001	 防具 - 綠裝	80	88	88	0	0	4	4	4	4	4	0	4	0	24	0	0	0	0	0	0	0	0	
	8023005	5002	5	8023001	 防具 - 綠裝	80	110	110	0	0	5	5	5	5	5	0	5	0	30	0	0	0	0	0	0	0	0	
	8023006	5002	6	8023001	 防具 - 綠裝	80	132	132	0	0	6	6	6	6	6	0	6	0	36	0	0	0	0	0	0	0	0	
	8023007	5002	7	8023001	 防具 - 綠裝	80	154	154	0	0	7	7	7	7	7	0	7	0	42	0	0	0	0	0	0	0	0	
	8023008	5002	8	8023001	 防具 - 綠裝	80	176	176	0	0	8	8	8	8	8	0	8	0	48	0	0	0	0	0	0	0	0	
	8023009	5002	9	8023001	 防具 - 綠裝	80	198	198	0	0	9	9	9	9	9	0	9	0	54	0	0	0	0	0	0	0	0	
	8023010	5002	10	8023001	 防具 - 綠裝	80	220	220	0	0	10	10	10	10	10	0	10	0	60	0	0	0	0	0	0	0	0	
	8023011	5002	11	8023001	 防具 - 綠裝	80	242	242	0	0	11	11	11	11	11	0	11	0	66	0	0	0	0	0	0	0	0	
	8023012	5002	12	8023001	 防具 - 綠裝	80	264	264	0	0	12	12	12	12	12	0	12	0	72	0	0	0	0	0	0	0	0	
	8023013	5002	13	8023001	 防具 - 綠裝	80	286	286	0	0	13	13	13	13	13	0	13	0	78	0	0	0	0	0	0	0	0	
	8023014	5002	14	8023001	 防具 - 綠裝	80	308	308	0	0	14	14	14	14	14	0	14	0	84	0	0	0	0	0	0	0	0	
	8023015	5002	15	8023001	 防具 - 綠裝	80	330	330	0	0	15	15	15	15	15	0	15	0	90	0	0	0	0	0	0	0	0	
	8023016	5002	16	8023001	 防具 - 綠裝	80	352	352	0	0	16	16	16	16	16	0	16	0	96	0	0	0	0	0	0	0	0	
	8023017	5002	17	8023001	 防具 - 綠裝	80	374	374	0	0	17	17	17	17	17	0	17	0	102	0	0	0	0	0	0	0	0	
	8023018	5002	18	8023001	 防具 - 綠裝	80	396	396	0	0	18	18	18	18	18	0	18	0	108	0	0	0	0	0	0	0	0	
	8023019	5002	19	8023001	 防具 - 綠裝	80	418	418	0	0	19	19	19	19	19	0	19	0	114	0	0	0	0	0	0	0	0	
	8023020	5002	20	8023001	 防具 - 綠裝	80	440	440	0	0	20	20	20	20	20	0	20	0	120	0	0	0	0	0	0	0	0	
	8023021	5002	21	8023001	 防具 - 綠裝	80	462	462	0	0	21	21	21	21	21	0	21	0	126	0	0	0	0	0	0	0	0	
	8023022	5002	22	8023001	 防具 - 綠裝	80	484	484	0	0	22	22	22	22	22	0	22	0	132	0	0	0	0	0	0	0	0	
	8023023	5002	23	8023001	 防具 - 綠裝	80	506	506	0	0	23	23	23	23	23	0	23	0	138	0	0	0	0	0	0	0	0	
	8023024	5002	24	8023001	 防具 - 綠裝	80	528	528	0	0	24	24	24	24	24	0	24	0	144	0	0	0	0	0	0	0	0	
	8023025	5002	25	8023001	 防具 - 綠裝	80	550	550	0	0	25	25	25	25	25	0	25	0	150	0	0	0	0	0	0	0	0	
	8023026	5002	26	8023001	 防具 - 綠裝	80	572	572	0	0	26	26	26	26	26	0	26	0	156	0	0	0	0	0	0	0	0	
	8023027	5002	27	8023001	 防具 - 綠裝	80	594	594	0	0	27	27	27	27	27	0	27	0	162	0	0	0	0	0	0	0	0	
	8023028	5002	28	8023001	 防具 - 綠裝	80	616	616	0	0	28	28	28	28	28	0	28	0	168	0	0	0	0	0	0	0	0	
	8023029	5002	29	8023001	 防具 - 綠裝	80	638	638	0	0	29	29	29	29	29	0	29	0	174	0	0	0	0	0	0	0	0	
	8023030	5002	30	8023001	 防具 - 綠裝	80	660	660	0	0	30	30	30	30	30	0	30	0	180	0	0	0	0	0	0	0	0	
	8023031	5002	31	8023001	 防具 - 綠裝	80	682	682	0	0	31	31	31	31	31	0	31	0	186	0	0	0	0	0	0	0	0	
	8023032	5002	32	8023001	 防具 - 綠裝	80	704	704	0	0	32	32	32	32	32	0	32	0	192	0	0	0	0	0	0	0	0	
	8023033	5002	33	8023001	 防具 - 綠裝	80	726	726	0	0	33	33	33	33	33	0	33	0	198	0	0	0	0	0	0	0	0	
	8023034	5002	34	8023001	 防具 - 綠裝	80	748	748	0	0	34	34	34	34	34	0	34	0	204	0	0	0	0	0	0	0	0	
	8023035	5002	35	8023001	 防具 - 綠裝	80	770	770	0	0	35	35	35	35	35	0	35	0	210	0	0	0	0	0	0	0	0	
	8023036	5002	36	8023001	 防具 - 綠裝	80	792	792	0	0	36	36	36	36	36	0	36	0	216	0	0	0	0	0	0	0	0	
	8023037	5002	37	8023001	 防具 - 綠裝	80	814	814	0	0	37	37	37	37	37	0	37	0	222	0	0	0	0	0	0	0	0	
	8023038	5002	38	8023001	 防具 - 綠裝	80	836	836	0	0	38	38	38	38	38	0	38	0	228	0	0	0	0	0	0	0	0	
	8023039	5002	39	8023001	 防具 - 綠裝	80	858	858	0	0	39	39	39	39	39	0	39	0	234	0	0	0	0	0	0	0	0	
	8023040	5002	40	8023001	 防具 - 綠裝	80	880	880	0	0	40	40	40	40	40	0	40	0	240	0	0	0	0	0	0	0	0	
	8023041	5002	41	8023001	 防具 - 綠裝	80	902	902	0	0	41	41	41	41	41	0	41	0	246	0	0	0	0	0	0	0	0	
	8023042	5002	42	8023001	 防具 - 綠裝	80	924	924	0	0	42	42	42	42	42	0	42	0	252	0	0	0	0	0	0	0	0	
	8023043	5002	43	8023001	 防具 - 綠裝	80	946	946	0	0	43	43	43	43	43	0	43	0	258	0	0	0	0	0	0	0	0	
	8023044	5002	44	8023001	 防具 - 綠裝	80	968	968	0	0	44	44	44	44	44	0	44	0	264	0	0	0	0	0	0	0	0	
	8023045	5002	45	8023001	 防具 - 綠裝	80	990	990	0	0	45	45	45	45	45	0	45	0	270	0	0	0	0	0	0	0	0	
	8023046	5002	46	8023001	 防具 - 綠裝	80	1012	1012	0	0	46	46	46	46	46	0	46	0	276	0	0	0	0	0	0	0	0	
	8023047	5002	47	8023001	 防具 - 綠裝	80	1034	1034	0	0	47	47	47	47	47	0	47	0	282	0	0	0	0	0	0	0	0	
	8023048	5002	48	8023001	 防具 - 綠裝	80	1056	1056	0	0	48	48	48	48	48	0	48	0	288	0	0	0	0	0	0	0	0	
	8023049	5002	49	8023001	 防具 - 綠裝	80	1078	1078	0	0	49	49	49	49	49	0	49	0	294	0	0	0	0	0	0	0	0	
	8023050	5002	50	8023001	 防具 - 綠裝	80	1100	1100	0	0	50	50	50	50	50	0	50	0	300	0	0	0	0	0	0	0	0	
	8023051	5002	51	8023001	 防具 - 綠裝	80	1122	1122	0	0	51	51	51	51	51	0	51	0	306	0	0	0	0	0	0	0	0	
	8023052	5002	52	8023001	 防具 - 綠裝	80	1144	1144	0	0	52	52	52	52	52	0	52	0	312	0	0	0	0	0	0	0	0	
	8023053	5002	53	8023001	 防具 - 綠裝	80	1166	1166	0	0	53	53	53	53	53	0	53	0	318	0	0	0	0	0	0	0	0	
	8023054	5002	54	8023001	 防具 - 綠裝	80	1188	1188	0	0	54	54	54	54	54	0	54	0	324	0	0	0	0	0	0	0	0	
	8023055	5002	55	8023001	 防具 - 綠裝	80	1210	1210	0	0	55	55	55	55	55	0	55	0	330	0	0	0	0	0	0	0	0	
	8023056	5002	56	8023001	 防具 - 綠裝	80	1232	1232	0	0	56	56	56	56	56	0	56	0	336	0	0	0	0	0	0	0	0	
	8023057	5002	57	8023001	 防具 - 綠裝	80	1254	1254	0	0	57	57	57	57	57	0	57	0	342	0	0	0	0	0	0	0	0	
	8023058	5002	58	8023001	 防具 - 綠裝	80	1276	1276	0	0	58	58	58	58	58	0	58	0	348	0	0	0	0	0	0	0	0	
	8023059	5002	59	8023001	 防具 - 綠裝	80	1298	1298	0	0	59	59	59	59	59	0	59	0	354	0	0	0	0	0	0	0	0	
	8023060	5002	60	8023001	 防具 - 綠裝	80	1320	1320	0	0	60	60	60	60	60	0	60	0	360	0	0	0	0	0	0	0	0	
	8023061	5002	61	8023001	 防具 - 綠裝	80	1342	1342	0	0	61	61	61	61	61	0	61	0	366	0	0	0	0	0	0	0	0	
	8023062	5002	62	8023001	 防具 - 綠裝	80	1364	1364	0	0	62	62	62	62	62	0	62	0	372	0	0	0	0	0	0	0	0	
	8023063	5002	63	8023001	 防具 - 綠裝	80	1386	1386	0	0	63	63	63	63	63	0	63	0	378	0	0	0	0	0	0	0	0	
	8023064	5002	64	8023001	 防具 - 綠裝	80	1408	1408	0	0	64	64	64	64	64	0	64	0	384	0	0	0	0	0	0	0	0	
	8023065	5002	65	8023001	 防具 - 綠裝	80	1430	1430	0	0	65	65	65	65	65	0	65	0	390	0	0	0	0	0	0	0	0	
	8023066	5002	66	8023001	 防具 - 綠裝	80	1452	1452	0	0	66	66	66	66	66	0	66	0	396	0	0	0	0	0	0	0	0	
	8023067	5002	67	8023001	 防具 - 綠裝	80	1474	1474	0	0	67	67	67	67	67	0	67	0	402	0	0	0	0	0	0	0	0	
	8023068	5002	68	8023001	 防具 - 綠裝	80	1496	1496	0	0	68	68	68	68	68	0	68	0	408	0	0	0	0	0	0	0	0	
	8023069	5002	69	8023001	 防具 - 綠裝	80	1518	1518	0	0	69	69	69	69	69	0	69	0	414	0	0	0	0	0	0	0	0	
	8023070	5002	70	8023001	 防具 - 綠裝	80	1540	1540	0	0	70	70	70	70	70	0	70	0	420	0	0	0	0	0	0	0	0	
	8023071	5002	71	8023001	 防具 - 綠裝	80	1562	1562	0	0	71	71	71	71	71	0	71	0	426	0	0	0	0	0	0	0	0	
	8023072	5002	72	8023001	 防具 - 綠裝	80	1584	1584	0	0	72	72	72	72	72	0	72	0	432	0	0	0	0	0	0	0	0	
	8023073	5002	73	8023001	 防具 - 綠裝	80	1606	1606	0	0	73	73	73	73	73	0	73	0	438	0	0	0	0	0	0	0	0	
	8023074	5002	74	8023001	 防具 - 綠裝	80	1628	1628	0	0	74	74	74	74	74	0	74	0	444	0	0	0	0	0	0	0	0	
	8023075	5002	75	8023001	 防具 - 綠裝	80	1650	1650	0	0	75	75	75	75	75	0	75	0	450	0	0	0	0	0	0	0	0	
	8023076	5002	76	8023001	 防具 - 綠裝	80	1672	1672	0	0	76	76	76	76	76	0	76	0	456	0	0	0	0	0	0	0	0	
	8023077	5002	77	8023001	 防具 - 綠裝	80	1694	1694	0	0	77	77	77	77	77	0	77	0	462	0	0	0	0	0	0	0	0	
	8023078	5002	78	8023001	 防具 - 綠裝	80	1716	1716	0	0	78	78	78	78	78	0	78	0	468	0	0	0	0	0	0	0	0	
	8023079	5002	79	8023001	 防具 - 綠裝	80	1738	1738	0	0	79	79	79	79	79	0	79	0	474	0	0	0	0	0	0	0	0	
	8023080	5002	80	8023001	 防具 - 綠裝	80	1760	1760	0	0	80	80	80	80	80	0	80	0	480	0	0	0	0	0	0	0	0	
	8023081	5002	81	8023001	 防具 - 綠裝	80	1782	1782	0	0	81	81	81	81	81	0	81	0	486	0	0	0	0	0	0	0	0	
	8023082	5002	82	8023001	 防具 - 綠裝	80	1804	1804	0	0	82	82	82	82	82	0	82	0	492	0	0	0	0	0	0	0	0	
	8023083	5002	83	8023001	 防具 - 綠裝	80	1826	1826	0	0	83	83	83	83	83	0	83	0	498	0	0	0	0	0	0	0	0	
	8023084	5002	84	8023001	 防具 - 綠裝	80	1848	1848	0	0	84	84	84	84	84	0	84	0	504	0	0	0	0	0	0	0	0	
	8023085	5002	85	8023001	 防具 - 綠裝	80	1870	1870	0	0	85	85	85	85	85	0	85	0	510	0	0	0	0	0	0	0	0	
	8023086	5002	86	8023001	 防具 - 綠裝	80	1892	1892	0	0	86	86	86	86	86	0	86	0	516	0	0	0	0	0	0	0	0	
	8023087	5002	87	8023001	 防具 - 綠裝	80	1914	1914	0	0	87	87	87	87	87	0	87	0	522	0	0	0	0	0	0	0	0	
	8023088	5002	88	8023001	 防具 - 綠裝	80	1936	1936	0	0	88	88	88	88	88	0	88	0	528	0	0	0	0	0	0	0	0	
	8023089	5002	89	8023001	 防具 - 綠裝	80	1958	1958	0	0	89	89	89	89	89	0	89	0	534	0	0	0	0	0	0	0	0	
	8023090	5002	90	8023001	 防具 - 綠裝	80	1980	1980	0	0	90	90	90	90	90	0	90	0	540	0	0	0	0	0	0	0	0	
	8023091	5002	91	8023001	 防具 - 綠裝	80	2002	2002	0	0	91	91	91	91	91	0	91	0	546	0	0	0	0	0	0	0	0	
	8023092	5002	92	8023001	 防具 - 綠裝	80	2024	2024	0	0	92	92	92	92	92	0	92	0	552	0	0	0	0	0	0	0	0	
	8023093	5002	93	8023001	 防具 - 綠裝	80	2046	2046	0	0	93	93	93	93	93	0	93	0	558	0	0	0	0	0	0	0	0	
	8023094	5002	94	8023001	 防具 - 綠裝	80	2068	2068	0	0	94	94	94	94	94	0	94	0	564	0	0	0	0	0	0	0	0	
	8023095	5002	95	8023001	 防具 - 綠裝	80	2090	2090	0	0	95	95	95	95	95	0	95	0	570	0	0	0	0	0	0	0	0	
	8023096	5002	96	8023001	 防具 - 綠裝	80	2112	2112	0	0	96	96	96	96	96	0	96	0	576	0	0	0	0	0	0	0	0	
	8023097	5002	97	8023001	 防具 - 綠裝	80	2134	2134	0	0	97	97	97	97	97	0	97	0	582	0	0	0	0	0	0	0	0	
	8023098	5002	98	8023001	 防具 - 綠裝	80	2156	2156	0	0	98	98	98	98	98	0	98	0	588	0	0	0	0	0	0	0	0	
	8023099	5002	99	8023001	 防具 - 綠裝	80	2178	2178	0	0	99	99	99	99	99	0	99	0	594	0	0	0	0	0	0	0	0	
	8023100	5002	100	8023001	 防具 - 綠裝	80	2200	2200	0	0	100	100	100	100	100	0	100	0	600	0	0	0	0	0	0	0	0	
	8023101	5002	101	8023001	 防具 - 綠裝	80	2222	2222	0	0	101	101	101	101	101	0	101	0	606	0	0	0	0	0	0	0	0	
	8023102	5002	102	8023001	 防具 - 綠裝	80	2244	2244	0	0	102	102	102	102	102	0	102	0	612	0	0	0	0	0	0	0	0	
	8023103	5002	103	8023001	 防具 - 綠裝	80	2266	2266	0	0	103	103	103	103	103	0	103	0	618	0	0	0	0	0	0	0	0	
	8023104	5002	104	8023001	 防具 - 綠裝	80	2288	2288	0	0	104	104	104	104	104	0	104	0	624	0	0	0	0	0	0	0	0	
	8023105	5002	105	8023001	 防具 - 綠裝	80	2310	2310	0	0	105	105	105	105	105	0	105	0	630	0	0	0	0	0	0	0	0	
	8023106	5002	106	8023001	 防具 - 綠裝	80	2332	2332	0	0	106	106	106	106	106	0	106	0	636	0	0	0	0	0	0	0	0	
	8023107	5002	107	8023001	 防具 - 綠裝	80	2354	2354	0	0	107	107	107	107	107	0	107	0	642	0	0	0	0	0	0	0	0	
	8023108	5002	108	8023001	 防具 - 綠裝	80	2376	2376	0	0	108	108	108	108	108	0	108	0	648	0	0	0	0	0	0	0	0	
# 防具 - 藍裝																												
	8024001	5002	1	8024001	 防具 - 藍裝	80	25	25	0	0	2	2	2	2	2	0	2	0	12	0	0	0	0	0	0	0	0	
	8024002	5002	2	8024001	 防具 - 藍裝	80	50	50	0	0	4	4	4	4	4	0	4	0	24	0	0	0	0	0	0	0	0	
	8024003	5002	3	8024001	 防具 - 藍裝	80	75	75	0	0	6	6	6	6	6	0	6	0	36	0	0	0	0	0	0	0	0	
	8024004	5002	4	8024001	 防具 - 藍裝	80	100	100	0	0	8	8	8	8	8	0	8	0	48	0	0	0	0	0	0	0	0	
	8024005	5002	5	8024001	 防具 - 藍裝	80	125	125	0	0	10	10	10	10	10	0	10	0	60	0	0	0	0	0	0	0	0	
	8024006	5002	6	8024001	 防具 - 藍裝	80	150	150	0	0	12	12	12	12	12	0	12	0	72	0	0	0	0	0	0	0	0	
	8024007	5002	7	8024001	 防具 - 藍裝	80	175	175	0	0	14	14	14	14	14	0	14	0	84	0	0	0	0	0	0	0	0	
	8024008	5002	8	8024001	 防具 - 藍裝	80	200	200	0	0	16	16	16	16	16	0	16	0	96	0	0	0	0	0	0	0	0	
	8024009	5002	9	8024001	 防具 - 藍裝	80	225	225	0	0	18	18	18	18	18	0	18	0	108	0	0	0	0	0	0	0	0	
	8024010	5002	10	8024001	 防具 - 藍裝	80	250	250	0	0	20	20	20	20	20	0	20	0	120	0	0	0	0	0	0	0	0	
	8024011	5002	11	8024001	 防具 - 藍裝	80	275	275	0	0	22	22	22	22	22	0	22	0	132	0	0	0	0	0	0	0	0	
	8024012	5002	12	8024001	 防具 - 藍裝	80	300	300	0	0	24	24	24	24	24	0	24	0	144	0	0	0	0	0	0	0	0	
	8024013	5002	13	8024001	 防具 - 藍裝	80	325	325	0	0	26	26	26	26	26	0	26	0	156	0	0	0	0	0	0	0	0	
	8024014	5002	14	8024001	 防具 - 藍裝	80	350	350	0	0	28	28	28	28	28	0	28	0	168	0	0	0	0	0	0	0	0	
	8024015	5002	15	8024001	 防具 - 藍裝	80	375	375	0	0	30	30	30	30	30	0	30	0	180	0	0	0	0	0	0	0	0	
	8024016	5002	16	8024001	 防具 - 藍裝	80	400	400	0	0	32	32	32	32	32	0	32	0	192	0	0	0	0	0	0	0	0	
	8024017	5002	17	8024001	 防具 - 藍裝	80	425	425	0	0	34	34	34	34	34	0	34	0	204	0	0	0	0	0	0	0	0	
	8024018	5002	18	8024001	 防具 - 藍裝	80	450	450	0	0	36	36	36	36	36	0	36	0	216	0	0	0	0	0	0	0	0	
	8024019	5002	19	8024001	 防具 - 藍裝	80	475	475	0	0	38	38	38	38	38	0	38	0	228	0	0	0	0	0	0	0	0	
	8024020	5002	20	8024001	 防具 - 藍裝	80	500	500	0	0	40	40	40	40	40	0	40	0	240	0	0	0	0	0	0	0	0	
	8024021	5002	21	8024001	 防具 - 藍裝	80	525	525	0	0	42	42	42	42	42	0	42	0	252	0	0	0	0	0	0	0	0	
	8024022	5002	22	8024001	 防具 - 藍裝	80	550	550	0	0	44	44	44	44	44	0	44	0	264	0	0	0	0	0	0	0	0	
	8024023	5002	23	8024001	 防具 - 藍裝	80	575	575	0	0	46	46	46	46	46	0	46	0	276	0	0	0	0	0	0	0	0	
	8024024	5002	24	8024001	 防具 - 藍裝	80	600	600	0	0	48	48	48	48	48	0	48	0	288	0	0	0	0	0	0	0	0	
	8024025	5002	25	8024001	 防具 - 藍裝	80	625	625	0	0	50	50	50	50	50	0	50	0	300	0	0	0	0	0	0	0	0	
	8024026	5002	26	8024001	 防具 - 藍裝	80	650	650	0	0	52	52	52	52	52	0	52	0	312	0	0	0	0	0	0	0	0	
	8024027	5002	27	8024001	 防具 - 藍裝	80	675	675	0	0	54	54	54	54	54	0	54	0	324	0	0	0	0	0	0	0	0	
	8024028	5002	28	8024001	 防具 - 藍裝	80	700	700	0	0	56	56	56	56	56	0	56	0	336	0	0	0	0	0	0	0	0	
	8024029	5002	29	8024001	 防具 - 藍裝	80	725	725	0	0	58	58	58	58	58	0	58	0	348	0	0	0	0	0	0	0	0	
	8024030	5002	30	8024001	 防具 - 藍裝	80	750	750	0	0	60	60	60	60	60	0	60	0	360	0	0	0	0	0	0	0	0	
	8024031	5002	31	8024001	 防具 - 藍裝	80	775	775	0	0	62	62	62	62	62	0	62	0	372	0	0	0	0	0	0	0	0	
	8024032	5002	32	8024001	 防具 - 藍裝	80	800	800	0	0	64	64	64	64	64	0	64	0	384	0	0	0	0	0	0	0	0	
	8024033	5002	33	8024001	 防具 - 藍裝	80	825	825	0	0	66	66	66	66	66	0	66	0	396	0	0	0	0	0	0	0	0	
	8024034	5002	34	8024001	 防具 - 藍裝	80	850	850	0	0	68	68	68	68	68	0	68	0	408	0	0	0	0	0	0	0	0	
	8024035	5002	35	8024001	 防具 - 藍裝	80	875	875	0	0	70	70	70	70	70	0	70	0	420	0	0	0	0	0	0	0	0	
	8024036	5002	36	8024001	 防具 - 藍裝	80	900	900	0	0	72	72	72	72	72	0	72	0	432	0	0	0	0	0	0	0	0	
	8024037	5002	37	8024001	 防具 - 藍裝	80	925	925	0	0	74	74	74	74	74	0	74	0	444	0	0	0	0	0	0	0	0	
	8024038	5002	38	8024001	 防具 - 藍裝	80	950	950	0	0	76	76	76	76	76	0	76	0	456	0	0	0	0	0	0	0	0	
	8024039	5002	39	8024001	 防具 - 藍裝	80	975	975	0	0	78	78	78	78	78	0	78	0	468	0	0	0	0	0	0	0	0	
	8024040	5002	40	8024001	 防具 - 藍裝	80	1000	1000	0	0	80	80	80	80	80	0	80	0	480	0	0	0	0	0	0	0	0	
	8024041	5002	41	8024001	 防具 - 藍裝	80	1025	1025	0	0	82	82	82	82	82	0	82	0	492	0	0	0	0	0	0	0	0	
	8024042	5002	42	8024001	 防具 - 藍裝	80	1050	1050	0	0	84	84	84	84	84	0	84	0	504	0	0	0	0	0	0	0	0	
	8024043	5002	43	8024001	 防具 - 藍裝	80	1075	1075	0	0	86	86	86	86	86	0	86	0	516	0	0	0	0	0	0	0	0	
	8024044	5002	44	8024001	 防具 - 藍裝	80	1100	1100	0	0	88	88	88	88	88	0	88	0	528	0	0	0	0	0	0	0	0	
	8024045	5002	45	8024001	 防具 - 藍裝	80	1125	1125	0	0	90	90	90	90	90	0	90	0	540	0	0	0	0	0	0	0	0	
	8024046	5002	46	8024001	 防具 - 藍裝	80	1150	1150	0	0	92	92	92	92	92	0	92	0	552	0	0	0	0	0	0	0	0	
	8024047	5002	47	8024001	 防具 - 藍裝	80	1175	1175	0	0	94	94	94	94	94	0	94	0	564	0	0	0	0	0	0	0	0	
	8024048	5002	48	8024001	 防具 - 藍裝	80	1200	1200	0	0	96	96	96	96	96	0	96	0	576	0	0	0	0	0	0	0	0	
	8024049	5002	49	8024001	 防具 - 藍裝	80	1225	1225	0	0	98	98	98	98	98	0	98	0	588	0	0	0	0	0	0	0	0	
	8024050	5002	50	8024001	 防具 - 藍裝	80	1250	1250	0	0	100	100	100	100	100	0	100	0	600	0	0	0	0	0	0	0	0	
	8024051	5002	51	8024001	 防具 - 藍裝	80	1275	1275	0	0	102	102	102	102	102	0	102	0	612	0	0	0	0	0	0	0	0	
	8024052	5002	52	8024001	 防具 - 藍裝	80	1300	1300	0	0	104	104	104	104	104	0	104	0	624	0	0	0	0	0	0	0	0	
	8024053	5002	53	8024001	 防具 - 藍裝	80	1325	1325	0	0	106	106	106	106	106	0	106	0	636	0	0	0	0	0	0	0	0	
	8024054	5002	54	8024001	 防具 - 藍裝	80	1350	1350	0	0	108	108	108	108	108	0	108	0	648	0	0	0	0	0	0	0	0	
	8024055	5002	55	8024001	 防具 - 藍裝	80	1375	1375	0	0	110	110	110	110	110	0	110	0	660	0	0	0	0	0	0	0	0	
	8024056	5002	56	8024001	 防具 - 藍裝	80	1400	1400	0	0	112	112	112	112	112	0	112	0	672	0	0	0	0	0	0	0	0	
	8024057	5002	57	8024001	 防具 - 藍裝	80	1425	1425	0	0	114	114	114	114	114	0	114	0	684	0	0	0	0	0	0	0	0	
	8024058	5002	58	8024001	 防具 - 藍裝	80	1450	1450	0	0	116	116	116	116	116	0	116	0	696	0	0	0	0	0	0	0	0	
	8024059	5002	59	8024001	 防具 - 藍裝	80	1475	1475	0	0	118	118	118	118	118	0	118	0	708	0	0	0	0	0	0	0	0	
	8024060	5002	60	8024001	 防具 - 藍裝	80	1500	1500	0	0	120	120	120	120	120	0	120	0	720	0	0	0	0	0	0	0	0	
	8024061	5002	61	8024001	 防具 - 藍裝	80	1525	1525	0	0	122	122	122	122	122	0	122	0	732	0	0	0	0	0	0	0	0	
	8024062	5002	62	8024001	 防具 - 藍裝	80	1550	1550	0	0	124	124	124	124	124	0	124	0	744	0	0	0	0	0	0	0	0	
	8024063	5002	63	8024001	 防具 - 藍裝	80	1575	1575	0	0	126	126	126	126	126	0	126	0	756	0	0	0	0	0	0	0	0	
	8024064	5002	64	8024001	 防具 - 藍裝	80	1600	1600	0	0	128	128	128	128	128	0	128	0	768	0	0	0	0	0	0	0	0	
	8024065	5002	65	8024001	 防具 - 藍裝	80	1625	1625	0	0	130	130	130	130	130	0	130	0	780	0	0	0	0	0	0	0	0	
	8024066	5002	66	8024001	 防具 - 藍裝	80	1650	1650	0	0	132	132	132	132	132	0	132	0	792	0	0	0	0	0	0	0	0	
	8024067	5002	67	8024001	 防具 - 藍裝	80	1675	1675	0	0	134	134	134	134	134	0	134	0	804	0	0	0	0	0	0	0	0	
	8024068	5002	68	8024001	 防具 - 藍裝	80	1700	1700	0	0	136	136	136	136	136	0	136	0	816	0	0	0	0	0	0	0	0	
	8024069	5002	69	8024001	 防具 - 藍裝	80	1725	1725	0	0	138	138	138	138	138	0	138	0	828	0	0	0	0	0	0	0	0	
	8024070	5002	70	8024001	 防具 - 藍裝	80	1750	1750	0	0	140	140	140	140	140	0	140	0	840	0	0	0	0	0	0	0	0	
	8024071	5002	71	8024001	 防具 - 藍裝	80	1775	1775	0	0	142	142	142	142	142	0	142	0	852	0	0	0	0	0	0	0	0	
	8024072	5002	72	8024001	 防具 - 藍裝	80	1800	1800	0	0	144	144	144	144	144	0	144	0	864	0	0	0	0	0	0	0	0	
	8024073	5002	73	8024001	 防具 - 藍裝	80	1825	1825	0	0	146	146	146	146	146	0	146	0	876	0	0	0	0	0	0	0	0	
	8024074	5002	74	8024001	 防具 - 藍裝	80	1850	1850	0	0	148	148	148	148	148	0	148	0	888	0	0	0	0	0	0	0	0	
	8024075	5002	75	8024001	 防具 - 藍裝	80	1875	1875	0	0	150	150	150	150	150	0	150	0	900	0	0	0	0	0	0	0	0	
	8024076	5002	76	8024001	 防具 - 藍裝	80	1900	1900	0	0	152	152	152	152	152	0	152	0	912	0	0	0	0	0	0	0	0	
	8024077	5002	77	8024001	 防具 - 藍裝	80	1925	1925	0	0	154	154	154	154	154	0	154	0	924	0	0	0	0	0	0	0	0	
	8024078	5002	78	8024001	 防具 - 藍裝	80	1950	1950	0	0	156	156	156	156	156	0	156	0	936	0	0	0	0	0	0	0	0	
	8024079	5002	79	8024001	 防具 - 藍裝	80	1975	1975	0	0	158	158	158	158	158	0	158	0	948	0	0	0	0	0	0	0	0	
	8024080	5002	80	8024001	 防具 - 藍裝	80	2000	2000	0	0	160	160	160	160	160	0	160	0	960	0	0	0	0	0	0	0	0	
	8024081	5002	81	8024001	 防具 - 藍裝	80	2025	2025	0	0	162	162	162	162	162	0	162	0	972	0	0	0	0	0	0	0	0	
	8024082	5002	82	8024001	 防具 - 藍裝	80	2050	2050	0	0	164	164	164	164	164	0	164	0	984	0	0	0	0	0	0	0	0	
	8024083	5002	83	8024001	 防具 - 藍裝	80	2075	2075	0	0	166	166	166	166	166	0	166	0	996	0	0	0	0	0	0	0	0	
	8024084	5002	84	8024001	 防具 - 藍裝	80	2100	2100	0	0	168	168	168	168	168	0	168	0	1008	0	0	0	0	0	0	0	0	
	8024085	5002	85	8024001	 防具 - 藍裝	80	2125	2125	0	0	170	170	170	170	170	0	170	0	1020	0	0	0	0	0	0	0	0	
	8024086	5002	86	8024001	 防具 - 藍裝	80	2150	2150	0	0	172	172	172	172	172	0	172	0	1032	0	0	0	0	0	0	0	0	
	8024087	5002	87	8024001	 防具 - 藍裝	80	2175	2175	0	0	174	174	174	174	174	0	174	0	1044	0	0	0	0	0	0	0	0	
	8024088	5002	88	8024001	 防具 - 藍裝	80	2200	2200	0	0	176	176	176	176	176	0	176	0	1056	0	0	0	0	0	0	0	0	
	8024089	5002	89	8024001	 防具 - 藍裝	80	2225	2225	0	0	178	178	178	178	178	0	178	0	1068	0	0	0	0	0	0	0	0	
	8024090	5002	90	8024001	 防具 - 藍裝	80	2250	2250	0	0	180	180	180	180	180	0	180	0	1080	0	0	0	0	0	0	0	0	
	8024091	5002	91	8024001	 防具 - 藍裝	80	2275	2275	0	0	182	182	182	182	182	0	182	0	1092	0	0	0	0	0	0	0	0	
	8024092	5002	92	8024001	 防具 - 藍裝	80	2300	2300	0	0	184	184	184	184	184	0	184	0	1104	0	0	0	0	0	0	0	0	
	8024093	5002	93	8024001	 防具 - 藍裝	80	2325	2325	0	0	186	186	186	186	186	0	186	0	1116	0	0	0	0	0	0	0	0	
	8024094	5002	94	8024001	 防具 - 藍裝	80	2350	2350	0	0	188	188	188	188	188	0	188	0	1128	0	0	0	0	0	0	0	0	
	8024095	5002	95	8024001	 防具 - 藍裝	80	2375	2375	0	0	190	190	190	190	190	0	190	0	1140	0	0	0	0	0	0	0	0	
	8024096	5002	96	8024001	 防具 - 藍裝	80	2400	2400	0	0	192	192	192	192	192	0	192	0	1152	0	0	0	0	0	0	0	0	
	8024097	5002	97	8024001	 防具 - 藍裝	80	2425	2425	0	0	194	194	194	194	194	0	194	0	1164	0	0	0	0	0	0	0	0	
	8024098	5002	98	8024001	 防具 - 藍裝	80	2450	2450	0	0	196	196	196	196	196	0	196	0	1176	0	0	0	0	0	0	0	0	
	8024099	5002	99	8024001	 防具 - 藍裝	80	2475	2475	0	0	198	198	198	198	198	0	198	0	1188	0	0	0	0	0	0	0	0	
	8024100	5002	100	8024001	 防具 - 藍裝	80	2500	2500	0	0	200	200	200	200	200	0	200	0	1200	0	0	0	0	0	0	0	0	
	8024101	5002	101	8024001	 防具 - 藍裝	80	2525	2525	0	0	202	202	202	202	202	0	202	0	1212	0	0	0	0	0	0	0	0	
	8024102	5002	102	8024001	 防具 - 藍裝	80	2550	2550	0	0	204	204	204	204	204	0	204	0	1224	0	0	0	0	0	0	0	0	
	8024103	5002	103	8024001	 防具 - 藍裝	80	2575	2575	0	0	206	206	206	206	206	0	206	0	1236	0	0	0	0	0	0	0	0	
	8024104	5002	104	8024001	 防具 - 藍裝	80	2600	2600	0	0	208	208	208	208	208	0	208	0	1248	0	0	0	0	0	0	0	0	
	8024105	5002	105	8024001	 防具 - 藍裝	80	2625	2625	0	0	210	210	210	210	210	0	210	0	1260	0	0	0	0	0	0	0	0	
	8024106	5002	106	8024001	 防具 - 藍裝	80	2650	2650	0	0	212	212	212	212	212	0	212	0	1272	0	0	0	0	0	0	0	0	
	8024107	5002	107	8024001	 防具 - 藍裝	80	2675	2675	0	0	214	214	214	214	214	0	214	0	1284	0	0	0	0	0	0	0	0	
	8024108	5002	108	8024001	 防具 - 藍裝	80	2700	2700	0	0	216	216	216	216	216	0	216	0	1296	0	0	0	0	0	0	0	0	
# 防具 - 紫裝																												
	8025001	5002	1	8025001	 防具 - 紫裝	80	27	27	0	0	2	2	2	2	2	0	2	0	12	0	0	0	0	0	0	0	0	
	8025002	5002	2	8025001	 防具 - 紫裝	80	54	54	0	0	4	4	4	4	4	0	4	0	24	0	0	0	0	0	0	0	0	
	8025003	5002	3	8025001	 防具 - 紫裝	80	81	81	0	0	6	6	6	6	6	0	6	0	36	0	0	0	0	0	0	0	0	
	8025004	5002	4	8025001	 防具 - 紫裝	80	108	108	0	0	8	8	8	8	8	0	8	0	48	0	0	0	0	0	0	0	0	
	8025005	5002	5	8025001	 防具 - 紫裝	80	135	135	0	0	10	10	10	10	10	0	10	0	60	0	0	0	0	0	0	0	0	
	8025006	5002	6	8025001	 防具 - 紫裝	80	162	162	0	0	12	12	12	12	12	0	12	0	72	0	0	0	0	0	0	0	0	
	8025007	5002	7	8025001	 防具 - 紫裝	80	189	189	0	0	14	14	14	14	14	0	14	0	84	0	0	0	0	0	0	0	0	
	8025008	5002	8	8025001	 防具 - 紫裝	80	216	216	0	0	16	16	16	16	16	0	16	0	96	0	0	0	0	0	0	0	0	
	8025009	5002	9	8025001	 防具 - 紫裝	80	243	243	0	0	18	18	18	18	18	0	18	0	108	0	0	0	0	0	0	0	0	
	8025010	5002	10	8025001	 防具 - 紫裝	80	270	270	0	0	20	20	20	20	20	0	20	0	120	0	0	0	0	0	0	0	0	
	8025011	5002	11	8025001	 防具 - 紫裝	80	297	297	0	0	22	22	22	22	22	0	22	0	132	0	0	0	0	0	0	0	0	
	8025012	5002	12	8025001	 防具 - 紫裝	80	324	324	0	0	24	24	24	24	24	0	24	0	144	0	0	0	0	0	0	0	0	
	8025013	5002	13	8025001	 防具 - 紫裝	80	351	351	0	0	26	26	26	26	26	0	26	0	156	0	0	0	0	0	0	0	0	
	8025014	5002	14	8025001	 防具 - 紫裝	80	378	378	0	0	28	28	28	28	28	0	28	0	168	0	0	0	0	0	0	0	0	
	8025015	5002	15	8025001	 防具 - 紫裝	80	405	405	0	0	30	30	30	30	30	0	30	0	180	0	0	0	0	0	0	0	0	
	8025016	5002	16	8025001	 防具 - 紫裝	80	432	432	0	0	32	32	32	32	32	0	32	0	192	0	0	0	0	0	0	0	0	
	8025017	5002	17	8025001	 防具 - 紫裝	80	459	459	0	0	34	34	34	34	34	0	34	0	204	0	0	0	0	0	0	0	0	
	8025018	5002	18	8025001	 防具 - 紫裝	80	486	486	0	0	36	36	36	36	36	0	36	0	216	0	0	0	0	0	0	0	0	
	8025019	5002	19	8025001	 防具 - 紫裝	80	513	513	0	0	38	38	38	38	38	0	38	0	228	0	0	0	0	0	0	0	0	
	8025020	5002	20	8025001	 防具 - 紫裝	80	540	540	0	0	40	40	40	40	40	0	40	0	240	0	0	0	0	0	0	0	0	
	8025021	5002	21	8025001	 防具 - 紫裝	80	567	567	0	0	42	42	42	42	42	0	42	0	252	0	0	0	0	0	0	0	0	
	8025022	5002	22	8025001	 防具 - 紫裝	80	594	594	0	0	44	44	44	44	44	0	44	0	264	0	0	0	0	0	0	0	0	
	8025023	5002	23	8025001	 防具 - 紫裝	80	621	621	0	0	46	46	46	46	46	0	46	0	276	0	0	0	0	0	0	0	0	
	8025024	5002	24	8025001	 防具 - 紫裝	80	648	648	0	0	48	48	48	48	48	0	48	0	288	0	0	0	0	0	0	0	0	
	8025025	5002	25	8025001	 防具 - 紫裝	80	675	675	0	0	50	50	50	50	50	0	50	0	300	0	0	0	0	0	0	0	0	
	8025026	5002	26	8025001	 防具 - 紫裝	80	702	702	0	0	52	52	52	52	52	0	52	0	312	0	0	0	0	0	0	0	0	
	8025027	5002	27	8025001	 防具 - 紫裝	80	729	729	0	0	54	54	54	54	54	0	54	0	324	0	0	0	0	0	0	0	0	
	8025028	5002	28	8025001	 防具 - 紫裝	80	756	756	0	0	56	56	56	56	56	0	56	0	336	0	0	0	0	0	0	0	0	
	8025029	5002	29	8025001	 防具 - 紫裝	80	783	783	0	0	58	58	58	58	58	0	58	0	348	0	0	0	0	0	0	0	0	
	8025030	5002	30	8025001	 防具 - 紫裝	80	810	810	0	0	60	60	60	60	60	0	60	0	360	0	0	0	0	0	0	0	0	
	8025031	5002	31	8025001	 防具 - 紫裝	80	837	837	0	0	62	62	62	62	62	0	62	0	372	0	0	0	0	0	0	0	0	
	8025032	5002	32	8025001	 防具 - 紫裝	80	864	864	0	0	64	64	64	64	64	0	64	0	384	0	0	0	0	0	0	0	0	
	8025033	5002	33	8025001	 防具 - 紫裝	80	891	891	0	0	66	66	66	66	66	0	66	0	396	0	0	0	0	0	0	0	0	
	8025034	5002	34	8025001	 防具 - 紫裝	80	918	918	0	0	68	68	68	68	68	0	68	0	408	0	0	0	0	0	0	0	0	
	8025035	5002	35	8025001	 防具 - 紫裝	80	945	945	0	0	70	70	70	70	70	0	70	0	420	0	0	0	0	0	0	0	0	
	8025036	5002	36	8025001	 防具 - 紫裝	80	972	972	0	0	72	72	72	72	72	0	72	0	432	0	0	0	0	0	0	0	0	
	8025037	5002	37	8025001	 防具 - 紫裝	80	999	999	0	0	74	74	74	74	74	0	74	0	444	0	0	0	0	0	0	0	0	
	8025038	5002	38	8025001	 防具 - 紫裝	80	1026	1026	0	0	76	76	76	76	76	0	76	0	456	0	0	0	0	0	0	0	0	
	8025039	5002	39	8025001	 防具 - 紫裝	80	1053	1053	0	0	78	78	78	78	78	0	78	0	468	0	0	0	0	0	0	0	0	
	8025040	5002	40	8025001	 防具 - 紫裝	80	1080	1080	0	0	80	80	80	80	80	0	80	0	480	0	0	0	0	0	0	0	0	
	8025041	5002	41	8025001	 防具 - 紫裝	80	1107	1107	0	0	82	82	82	82	82	0	82	0	492	0	0	0	0	0	0	0	0	
	8025042	5002	42	8025001	 防具 - 紫裝	80	1134	1134	0	0	84	84	84	84	84	0	84	0	504	0	0	0	0	0	0	0	0	
	8025043	5002	43	8025001	 防具 - 紫裝	80	1161	1161	0	0	86	86	86	86	86	0	86	0	516	0	0	0	0	0	0	0	0	
	8025044	5002	44	8025001	 防具 - 紫裝	80	1188	1188	0	0	88	88	88	88	88	0	88	0	528	0	0	0	0	0	0	0	0	
	8025045	5002	45	8025001	 防具 - 紫裝	80	1215	1215	0	0	90	90	90	90	90	0	90	0	540	0	0	0	0	0	0	0	0	
	8025046	5002	46	8025001	 防具 - 紫裝	80	1242	1242	0	0	92	92	92	92	92	0	92	0	552	0	0	0	0	0	0	0	0	
	8025047	5002	47	8025001	 防具 - 紫裝	80	1269	1269	0	0	94	94	94	94	94	0	94	0	564	0	0	0	0	0	0	0	0	
	8025048	5002	48	8025001	 防具 - 紫裝	80	1296	1296	0	0	96	96	96	96	96	0	96	0	576	0	0	0	0	0	0	0	0	
	8025049	5002	49	8025001	 防具 - 紫裝	80	1323	1323	0	0	98	98	98	98	98	0	98	0	588	0	0	0	0	0	0	0	0	
	8025050	5002	50	8025001	 防具 - 紫裝	80	1350	1350	0	0	100	100	100	100	100	0	100	0	600	0	0	0	0	0	0	0	0	
	8025051	5002	51	8025001	 防具 - 紫裝	80	1377	1377	0	0	102	102	102	102	102	0	102	0	612	0	0	0	0	0	0	0	0	
	8025052	5002	52	8025001	 防具 - 紫裝	80	1404	1404	0	0	104	104	104	104	104	0	104	0	624	0	0	0	0	0	0	0	0	
	8025053	5002	53	8025001	 防具 - 紫裝	80	1431	1431	0	0	106	106	106	106	106	0	106	0	636	0	0	0	0	0	0	0	0	
	8025054	5002	54	8025001	 防具 - 紫裝	80	1458	1458	0	0	108	108	108	108	108	0	108	0	648	0	0	0	0	0	0	0	0	
	8025055	5002	55	8025001	 防具 - 紫裝	80	1485	1485	0	0	110	110	110	110	110	0	110	0	660	0	0	0	0	0	0	0	0	
	8025056	5002	56	8025001	 防具 - 紫裝	80	1512	1512	0	0	112	112	112	112	112	0	112	0	672	0	0	0	0	0	0	0	0	
	8025057	5002	57	8025001	 防具 - 紫裝	80	1539	1539	0	0	114	114	114	114	114	0	114	0	684	0	0	0	0	0	0	0	0	
	8025058	5002	58	8025001	 防具 - 紫裝	80	1566	1566	0	0	116	116	116	116	116	0	116	0	696	0	0	0	0	0	0	0	0	
	8025059	5002	59	8025001	 防具 - 紫裝	80	1593	1593	0	0	118	118	118	118	118	0	118	0	708	0	0	0	0	0	0	0	0	
	8025060	5002	60	8025001	 防具 - 紫裝	80	1620	1620	0	0	120	120	120	120	120	0	120	0	720	0	0	0	0	0	0	0	0	
	8025061	5002	61	8025001	 防具 - 紫裝	80	1647	1647	0	0	122	122	122	122	122	0	122	0	732	0	0	0	0	0	0	0	0	
	8025062	5002	62	8025001	 防具 - 紫裝	80	1674	1674	0	0	124	124	124	124	124	0	124	0	744	0	0	0	0	0	0	0	0	
	8025063	5002	63	8025001	 防具 - 紫裝	80	1701	1701	0	0	126	126	126	126	126	0	126	0	756	0	0	0	0	0	0	0	0	
	8025064	5002	64	8025001	 防具 - 紫裝	80	1728	1728	0	0	128	128	128	128	128	0	128	0	768	0	0	0	0	0	0	0	0	
	8025065	5002	65	8025001	 防具 - 紫裝	80	1755	1755	0	0	130	130	130	130	130	0	130	0	780	0	0	0	0	0	0	0	0	
	8025066	5002	66	8025001	 防具 - 紫裝	80	1782	1782	0	0	132	132	132	132	132	0	132	0	792	0	0	0	0	0	0	0	0	
	8025067	5002	67	8025001	 防具 - 紫裝	80	1809	1809	0	0	134	134	134	134	134	0	134	0	804	0	0	0	0	0	0	0	0	
	8025068	5002	68	8025001	 防具 - 紫裝	80	1836	1836	0	0	136	136	136	136	136	0	136	0	816	0	0	0	0	0	0	0	0	
	8025069	5002	69	8025001	 防具 - 紫裝	80	1863	1863	0	0	138	138	138	138	138	0	138	0	828	0	0	0	0	0	0	0	0	
	8025070	5002	70	8025001	 防具 - 紫裝	80	1890	1890	0	0	140	140	140	140	140	0	140	0	840	0	0	0	0	0	0	0	0	
	8025071	5002	71	8025001	 防具 - 紫裝	80	1917	1917	0	0	142	142	142	142	142	0	142	0	852	0	0	0	0	0	0	0	0	
	8025072	5002	72	8025001	 防具 - 紫裝	80	1944	1944	0	0	144	144	144	144	144	0	144	0	864	0	0	0	0	0	0	0	0	
	8025073	5002	73	8025001	 防具 - 紫裝	80	1971	1971	0	0	146	146	146	146	146	0	146	0	876	0	0	0	0	0	0	0	0	
	8025074	5002	74	8025001	 防具 - 紫裝	80	1998	1998	0	0	148	148	148	148	148	0	148	0	888	0	0	0	0	0	0	0	0	
	8025075	5002	75	8025001	 防具 - 紫裝	80	2025	2025	0	0	150	150	150	150	150	0	150	0	900	0	0	0	0	0	0	0	0	
	8025076	5002	76	8025001	 防具 - 紫裝	80	2052	2052	0	0	152	152	152	152	152	0	152	0	912	0	0	0	0	0	0	0	0	
	8025077	5002	77	8025001	 防具 - 紫裝	80	2079	2079	0	0	154	154	154	154	154	0	154	0	924	0	0	0	0	0	0	0	0	
	8025078	5002	78	8025001	 防具 - 紫裝	80	2106	2106	0	0	156	156	156	156	156	0	156	0	936	0	0	0	0	0	0	0	0	
	8025079	5002	79	8025001	 防具 - 紫裝	80	2133	2133	0	0	158	158	158	158	158	0	158	0	948	0	0	0	0	0	0	0	0	
	8025080	5002	80	8025001	 防具 - 紫裝	80	2160	2160	0	0	160	160	160	160	160	0	160	0	960	0	0	0	0	0	0	0	0	
	8025081	5002	81	8025001	 防具 - 紫裝	80	2187	2187	0	0	162	162	162	162	162	0	162	0	972	0	0	0	0	0	0	0	0	
	8025082	5002	82	8025001	 防具 - 紫裝	80	2214	2214	0	0	164	164	164	164	164	0	164	0	984	0	0	0	0	0	0	0	0	
	8025083	5002	83	8025001	 防具 - 紫裝	80	2241	2241	0	0	166	166	166	166	166	0	166	0	996	0	0	0	0	0	0	0	0	
	8025084	5002	84	8025001	 防具 - 紫裝	80	2268	2268	0	0	168	168	168	168	168	0	168	0	1008	0	0	0	0	0	0	0	0	
	8025085	5002	85	8025001	 防具 - 紫裝	80	2295	2295	0	0	170	170	170	170	170	0	170	0	1020	0	0	0	0	0	0	0	0	
	8025086	5002	86	8025001	 防具 - 紫裝	80	2322	2322	0	0	172	172	172	172	172	0	172	0	1032	0	0	0	0	0	0	0	0	
	8025087	5002	87	8025001	 防具 - 紫裝	80	2349	2349	0	0	174	174	174	174	174	0	174	0	1044	0	0	0	0	0	0	0	0	
	8025088	5002	88	8025001	 防具 - 紫裝	80	2376	2376	0	0	176	176	176	176	176	0	176	0	1056	0	0	0	0	0	0	0	0	
	8025089	5002	89	8025001	 防具 - 紫裝	80	2403	2403	0	0	178	178	178	178	178	0	178	0	1068	0	0	0	0	0	0	0	0	
	8025090	5002	90	8025001	 防具 - 紫裝	80	2430	2430	0	0	180	180	180	180	180	0	180	0	1080	0	0	0	0	0	0	0	0	
	8025091	5002	91	8025001	 防具 - 紫裝	80	2457	2457	0	0	182	182	182	182	182	0	182	0	1092	0	0	0	0	0	0	0	0	
	8025092	5002	92	8025001	 防具 - 紫裝	80	2484	2484	0	0	184	184	184	184	184	0	184	0	1104	0	0	0	0	0	0	0	0	
	8025093	5002	93	8025001	 防具 - 紫裝	80	2511	2511	0	0	186	186	186	186	186	0	186	0	1116	0	0	0	0	0	0	0	0	
	8025094	5002	94	8025001	 防具 - 紫裝	80	2538	2538	0	0	188	188	188	188	188	0	188	0	1128	0	0	0	0	0	0	0	0	
	8025095	5002	95	8025001	 防具 - 紫裝	80	2565	2565	0	0	190	190	190	190	190	0	190	0	1140	0	0	0	0	0	0	0	0	
	8025096	5002	96	8025001	 防具 - 紫裝	80	2592	2592	0	0	192	192	192	192	192	0	192	0	1152	0	0	0	0	0	0	0	0	
	8025097	5002	97	8025001	 防具 - 紫裝	80	2619	2619	0	0	194	194	194	194	194	0	194	0	1164	0	0	0	0	0	0	0	0	
	8025098	5002	98	8025001	 防具 - 紫裝	80	2646	2646	0	0	196	196	196	196	196	0	196	0	1176	0	0	0	0	0	0	0	0	
	8025099	5002	99	8025001	 防具 - 紫裝	80	2673	2673	0	0	198	198	198	198	198	0	198	0	1188	0	0	0	0	0	0	0	0	
	8025100	5002	100	8025001	 防具 - 紫裝	80	2700	2700	0	0	200	200	200	200	200	0	200	0	1200	0	0	0	0	0	0	0	0	
	8025101	5002	101	8025001	 防具 - 紫裝	80	2727	2727	0	0	202	202	202	202	202	0	202	0	1212	0	0	0	0	0	0	0	0	
	8025102	5002	102	8025001	 防具 - 紫裝	80	2754	2754	0	0	204	204	204	204	204	0	204	0	1224	0	0	0	0	0	0	0	0	
	8025103	5002	103	8025001	 防具 - 紫裝	80	2781	2781	0	0	206	206	206	206	206	0	206	0	1236	0	0	0	0	0	0	0	0	
	8025104	5002	104	8025001	 防具 - 紫裝	80	2808	2808	0	0	208	208	208	208	208	0	208	0	1248	0	0	0	0	0	0	0	0	
	8025105	5002	105	8025001	 防具 - 紫裝	80	2835	2835	0	0	210	210	210	210	210	0	210	0	1260	0	0	0	0	0	0	0	0	
	8025106	5002	106	8025001	 防具 - 紫裝	80	2862	2862	0	0	212	212	212	212	212	0	212	0	1272	0	0	0	0	0	0	0	0	
	8025107	5002	107	8025001	 防具 - 紫裝	80	2889	2889	0	0	214	214	214	214	214	0	214	0	1284	0	0	0	0	0	0	0	0	
	8025108	5002	108	8025001	 防具 - 紫裝	80	2916	2916	0	0	216	216	216	216	216	0	216	0	1296	0	0	0	0	0	0	0	0	
# 飾品強化屬性數值表																												
# 飾品 - 灰裝																												
	8031001	5002	1	8031001	 飾品 - 灰裝	80	16	16	0	0	1	1	1	1	1	0	1	0	0	22	22	22	22	11	11	11	11	
	8031002	5002	2	8031001	 飾品 - 灰裝	80	32	32	0	0	2	2	2	2	2	0	2	0	0	44	44	44	44	22	22	22	22	
	8031003	5002	3	8031001	 飾品 - 灰裝	80	48	48	0	0	3	3	3	3	3	0	3	0	0	66	66	66	66	33	33	33	33	
	8031004	5002	4	8031001	 飾品 - 灰裝	80	64	64	0	0	4	4	4	4	4	0	4	0	0	88	88	88	88	44	44	44	44	
	8031005	5002	5	8031001	 飾品 - 灰裝	80	80	80	0	0	5	5	5	5	5	0	5	0	0	110	110	110	110	55	55	55	55	
	8031006	5002	6	8031001	 飾品 - 灰裝	80	96	96	0	0	6	6	6	6	6	0	6	0	0	132	132	132	132	66	66	66	66	
	8031007	5002	7	8031001	 飾品 - 灰裝	80	112	112	0	0	7	7	7	7	7	0	7	0	0	154	154	154	154	77	77	77	77	
	8031008	5002	8	8031001	 飾品 - 灰裝	80	128	128	0	0	8	8	8	8	8	0	8	0	0	176	176	176	176	88	88	88	88	
	8031009	5002	9	8031001	 飾品 - 灰裝	80	144	144	0	0	9	9	9	9	9	0	9	0	0	198	198	198	198	99	99	99	99	
	8031010	5002	10	8031001	 飾品 - 灰裝	80	160	160	0	0	10	10	10	10	10	0	10	0	0	220	220	220	220	110	110	110	110	
	8031011	5002	11	8031001	 飾品 - 灰裝	80	176	176	0	0	11	11	11	11	11	0	11	0	0	242	242	242	242	121	121	121	121	
	8031012	5002	12	8031001	 飾品 - 灰裝	80	192	192	0	0	12	12	12	12	12	0	12	0	0	264	264	264	264	132	132	132	132	
	8031013	5002	13	8031001	 飾品 - 灰裝	80	208	208	0	0	13	13	13	13	13	0	13	0	0	286	286	286	286	143	143	143	143	
	8031014	5002	14	8031001	 飾品 - 灰裝	80	224	224	0	0	14	14	14	14	14	0	14	0	0	308	308	308	308	154	154	154	154	
	8031015	5002	15	8031001	 飾品 - 灰裝	80	240	240	0	0	15	15	15	15	15	0	15	0	0	330	330	330	330	165	165	165	165	
	8031016	5002	16	8031001	 飾品 - 灰裝	80	256	256	0	0	16	16	16	16	16	0	16	0	0	352	352	352	352	176	176	176	176	
	8031017	5002	17	8031001	 飾品 - 灰裝	80	272	272	0	0	17	17	17	17	17	0	17	0	0	374	374	374	374	187	187	187	187	
	8031018	5002	18	8031001	 飾品 - 灰裝	80	288	288	0	0	18	18	18	18	18	0	18	0	0	396	396	396	396	198	198	198	198	
	8031019	5002	19	8031001	 飾品 - 灰裝	80	304	304	0	0	19	19	19	19	19	0	19	0	0	418	418	418	418	209	209	209	209	
	8031020	5002	20	8031001	 飾品 - 灰裝	80	320	320	0	0	20	20	20	20	20	0	20	0	0	440	440	440	440	220	220	220	220	
	8031021	5002	21	8031001	 飾品 - 灰裝	80	336	336	0	0	21	21	21	21	21	0	21	0	0	462	462	462	462	231	231	231	231	
	8031022	5002	22	8031001	 飾品 - 灰裝	80	352	352	0	0	22	22	22	22	22	0	22	0	0	484	484	484	484	242	242	242	242	
	8031023	5002	23	8031001	 飾品 - 灰裝	80	368	368	0	0	23	23	23	23	23	0	23	0	0	506	506	506	506	253	253	253	253	
	8031024	5002	24	8031001	 飾品 - 灰裝	80	384	384	0	0	24	24	24	24	24	0	24	0	0	528	528	528	528	264	264	264	264	
	8031025	5002	25	8031001	 飾品 - 灰裝	80	400	400	0	0	25	25	25	25	25	0	25	0	0	550	550	550	550	275	275	275	275	
	8031026	5002	26	8031001	 飾品 - 灰裝	80	416	416	0	0	26	26	26	26	26	0	26	0	0	572	572	572	572	286	286	286	286	
	8031027	5002	27	8031001	 飾品 - 灰裝	80	432	432	0	0	27	27	27	27	27	0	27	0	0	594	594	594	594	297	297	297	297	
	8031028	5002	28	8031001	 飾品 - 灰裝	80	448	448	0	0	28	28	28	28	28	0	28	0	0	616	616	616	616	308	308	308	308	
	8031029	5002	29	8031001	 飾品 - 灰裝	80	464	464	0	0	29	29	29	29	29	0	29	0	0	638	638	638	638	319	319	319	319	
	8031030	5002	30	8031001	 飾品 - 灰裝	80	480	480	0	0	30	30	30	30	30	0	30	0	0	660	660	660	660	330	330	330	330	
	8031031	5002	31	8031001	 飾品 - 灰裝	80	496	496	0	0	31	31	31	31	31	0	31	0	0	682	682	682	682	341	341	341	341	
	8031032	5002	32	8031001	 飾品 - 灰裝	80	512	512	0	0	32	32	32	32	32	0	32	0	0	704	704	704	704	352	352	352	352	
	8031033	5002	33	8031001	 飾品 - 灰裝	80	528	528	0	0	33	33	33	33	33	0	33	0	0	726	726	726	726	363	363	363	363	
	8031034	5002	34	8031001	 飾品 - 灰裝	80	544	544	0	0	34	34	34	34	34	0	34	0	0	748	748	748	748	374	374	374	374	
	8031035	5002	35	8031001	 飾品 - 灰裝	80	560	560	0	0	35	35	35	35	35	0	35	0	0	770	770	770	770	385	385	385	385	
	8031036	5002	36	8031001	 飾品 - 灰裝	80	576	576	0	0	36	36	36	36	36	0	36	0	0	792	792	792	792	396	396	396	396	
	8031037	5002	37	8031001	 飾品 - 灰裝	80	592	592	0	0	37	37	37	37	37	0	37	0	0	814	814	814	814	407	407	407	407	
	8031038	5002	38	8031001	 飾品 - 灰裝	80	608	608	0	0	38	38	38	38	38	0	38	0	0	836	836	836	836	418	418	418	418	
	8031039	5002	39	8031001	 飾品 - 灰裝	80	624	624	0	0	39	39	39	39	39	0	39	0	0	858	858	858	858	429	429	429	429	
	8031040	5002	40	8031001	 飾品 - 灰裝	80	640	640	0	0	40	40	40	40	40	0	40	0	0	880	880	880	880	440	440	440	440	
	8031041	5002	41	8031001	 飾品 - 灰裝	80	656	656	0	0	41	41	41	41	41	0	41	0	0	902	902	902	902	451	451	451	451	
	8031042	5002	42	8031001	 飾品 - 灰裝	80	672	672	0	0	42	42	42	42	42	0	42	0	0	924	924	924	924	462	462	462	462	
	8031043	5002	43	8031001	 飾品 - 灰裝	80	688	688	0	0	43	43	43	43	43	0	43	0	0	946	946	946	946	473	473	473	473	
	8031044	5002	44	8031001	 飾品 - 灰裝	80	704	704	0	0	44	44	44	44	44	0	44	0	0	968	968	968	968	484	484	484	484	
	8031045	5002	45	8031001	 飾品 - 灰裝	80	720	720	0	0	45	45	45	45	45	0	45	0	0	990	990	990	990	495	495	495	495	
	8031046	5002	46	8031001	 飾品 - 灰裝	80	736	736	0	0	46	46	46	46	46	0	46	0	0	1012	1012	1012	1012	506	506	506	506	
	8031047	5002	47	8031001	 飾品 - 灰裝	80	752	752	0	0	47	47	47	47	47	0	47	0	0	1034	1034	1034	1034	517	517	517	517	
	8031048	5002	48	8031001	 飾品 - 灰裝	80	768	768	0	0	48	48	48	48	48	0	48	0	0	1056	1056	1056	1056	528	528	528	528	
	8031049	5002	49	8031001	 飾品 - 灰裝	80	784	784	0	0	49	49	49	49	49	0	49	0	0	1078	1078	1078	1078	539	539	539	539	
	8031050	5002	50	8031001	 飾品 - 灰裝	80	800	800	0	0	50	50	50	50	50	0	50	0	0	1100	1100	1100	1100	550	550	550	550	
	8031051	5002	51	8031001	 飾品 - 灰裝	80	816	816	0	0	51	51	51	51	51	0	51	0	0	1122	1122	1122	1122	561	561	561	561	
	8031052	5002	52	8031001	 飾品 - 灰裝	80	832	832	0	0	52	52	52	52	52	0	52	0	0	1144	1144	1144	1144	572	572	572	572	
	8031053	5002	53	8031001	 飾品 - 灰裝	80	848	848	0	0	53	53	53	53	53	0	53	0	0	1166	1166	1166	1166	583	583	583	583	
	8031054	5002	54	8031001	 飾品 - 灰裝	80	864	864	0	0	54	54	54	54	54	0	54	0	0	1188	1188	1188	1188	594	594	594	594	
	8031055	5002	55	8031001	 飾品 - 灰裝	80	880	880	0	0	55	55	55	55	55	0	55	0	0	1210	1210	1210	1210	605	605	605	605	
	8031056	5002	56	8031001	 飾品 - 灰裝	80	896	896	0	0	56	56	56	56	56	0	56	0	0	1232	1232	1232	1232	616	616	616	616	
	8031057	5002	57	8031001	 飾品 - 灰裝	80	912	912	0	0	57	57	57	57	57	0	57	0	0	1254	1254	1254	1254	627	627	627	627	
	8031058	5002	58	8031001	 飾品 - 灰裝	80	928	928	0	0	58	58	58	58	58	0	58	0	0	1276	1276	1276	1276	638	638	638	638	
	8031059	5002	59	8031001	 飾品 - 灰裝	80	944	944	0	0	59	59	59	59	59	0	59	0	0	1298	1298	1298	1298	649	649	649	649	
	8031060	5002	60	8031001	 飾品 - 灰裝	80	960	960	0	0	60	60	60	60	60	0	60	0	0	1320	1320	1320	1320	660	660	660	660	
	8031061	5002	61	8031001	 飾品 - 灰裝	80	976	976	0	0	61	61	61	61	61	0	61	0	0	1342	1342	1342	1342	671	671	671	671	
	8031062	5002	62	8031001	 飾品 - 灰裝	80	992	992	0	0	62	62	62	62	62	0	62	0	0	1364	1364	1364	1364	682	682	682	682	
	8031063	5002	63	8031001	 飾品 - 灰裝	80	1008	1008	0	0	63	63	63	63	63	0	63	0	0	1386	1386	1386	1386	693	693	693	693	
	8031064	5002	64	8031001	 飾品 - 灰裝	80	1024	1024	0	0	64	64	64	64	64	0	64	0	0	1408	1408	1408	1408	704	704	704	704	
	8031065	5002	65	8031001	 飾品 - 灰裝	80	1040	1040	0	0	65	65	65	65	65	0	65	0	0	1430	1430	1430	1430	715	715	715	715	
	8031066	5002	66	8031001	 飾品 - 灰裝	80	1056	1056	0	0	66	66	66	66	66	0	66	0	0	1452	1452	1452	1452	726	726	726	726	
	8031067	5002	67	8031001	 飾品 - 灰裝	80	1072	1072	0	0	67	67	67	67	67	0	67	0	0	1474	1474	1474	1474	737	737	737	737	
	8031068	5002	68	8031001	 飾品 - 灰裝	80	1088	1088	0	0	68	68	68	68	68	0	68	0	0	1496	1496	1496	1496	748	748	748	748	
	8031069	5002	69	8031001	 飾品 - 灰裝	80	1104	1104	0	0	69	69	69	69	69	0	69	0	0	1518	1518	1518	1518	759	759	759	759	
	8031070	5002	70	8031001	 飾品 - 灰裝	80	1120	1120	0	0	70	70	70	70	70	0	70	0	0	1540	1540	1540	1540	770	770	770	770	
	8031071	5002	71	8031001	 飾品 - 灰裝	80	1136	1136	0	0	71	71	71	71	71	0	71	0	0	1562	1562	1562	1562	781	781	781	781	
	8031072	5002	72	8031001	 飾品 - 灰裝	80	1152	1152	0	0	72	72	72	72	72	0	72	0	0	1584	1584	1584	1584	792	792	792	792	
	8031073	5002	73	8031001	 飾品 - 灰裝	80	1168	1168	0	0	73	73	73	73	73	0	73	0	0	1606	1606	1606	1606	803	803	803	803	
	8031074	5002	74	8031001	 飾品 - 灰裝	80	1184	1184	0	0	74	74	74	74	74	0	74	0	0	1628	1628	1628	1628	814	814	814	814	
	8031075	5002	75	8031001	 飾品 - 灰裝	80	1200	1200	0	0	75	75	75	75	75	0	75	0	0	1650	1650	1650	1650	825	825	825	825	
	8031076	5002	76	8031001	 飾品 - 灰裝	80	1216	1216	0	0	76	76	76	76	76	0	76	0	0	1672	1672	1672	1672	836	836	836	836	
	8031077	5002	77	8031001	 飾品 - 灰裝	80	1232	1232	0	0	77	77	77	77	77	0	77	0	0	1694	1694	1694	1694	847	847	847	847	
	8031078	5002	78	8031001	 飾品 - 灰裝	80	1248	1248	0	0	78	78	78	78	78	0	78	0	0	1716	1716	1716	1716	858	858	858	858	
	8031079	5002	79	8031001	 飾品 - 灰裝	80	1264	1264	0	0	79	79	79	79	79	0	79	0	0	1738	1738	1738	1738	869	869	869	869	
	8031080	5002	80	8031001	 飾品 - 灰裝	80	1280	1280	0	0	80	80	80	80	80	0	80	0	0	1760	1760	1760	1760	880	880	880	880	
	8031081	5002	81	8031001	 飾品 - 灰裝	80	1296	1296	0	0	81	81	81	81	81	0	81	0	0	1782	1782	1782	1782	891	891	891	891	
	8031082	5002	82	8031001	 飾品 - 灰裝	80	1312	1312	0	0	82	82	82	82	82	0	82	0	0	1804	1804	1804	1804	902	902	902	902	
	8031083	5002	83	8031001	 飾品 - 灰裝	80	1328	1328	0	0	83	83	83	83	83	0	83	0	0	1826	1826	1826	1826	913	913	913	913	
	8031084	5002	84	8031001	 飾品 - 灰裝	80	1344	1344	0	0	84	84	84	84	84	0	84	0	0	1848	1848	1848	1848	924	924	924	924	
	8031085	5002	85	8031001	 飾品 - 灰裝	80	1360	1360	0	0	85	85	85	85	85	0	85	0	0	1870	1870	1870	1870	935	935	935	935	
	8031086	5002	86	8031001	 飾品 - 灰裝	80	1376	1376	0	0	86	86	86	86	86	0	86	0	0	1892	1892	1892	1892	946	946	946	946	
	8031087	5002	87	8031001	 飾品 - 灰裝	80	1392	1392	0	0	87	87	87	87	87	0	87	0	0	1914	1914	1914	1914	957	957	957	957	
	8031088	5002	88	8031001	 飾品 - 灰裝	80	1408	1408	0	0	88	88	88	88	88	0	88	0	0	1936	1936	1936	1936	968	968	968	968	
	8031089	5002	89	8031001	 飾品 - 灰裝	80	1424	1424	0	0	89	89	89	89	89	0	89	0	0	1958	1958	1958	1958	979	979	979	979	
	8031090	5002	90	8031001	 飾品 - 灰裝	80	1440	1440	0	0	90	90	90	90	90	0	90	0	0	1980	1980	1980	1980	990	990	990	990	
	8031091	5002	91	8031001	 飾品 - 灰裝	80	1456	1456	0	0	91	91	91	91	91	0	91	0	0	2002	2002	2002	2002	1001	1001	1001	1001	
	8031092	5002	92	8031001	 飾品 - 灰裝	80	1472	1472	0	0	92	92	92	92	92	0	92	0	0	2024	2024	2024	2024	1012	1012	1012	1012	
	8031093	5002	93	8031001	 飾品 - 灰裝	80	1488	1488	0	0	93	93	93	93	93	0	93	0	0	2046	2046	2046	2046	1023	1023	1023	1023	
	8031094	5002	94	8031001	 飾品 - 灰裝	80	1504	1504	0	0	94	94	94	94	94	0	94	0	0	2068	2068	2068	2068	1034	1034	1034	1034	
	8031095	5002	95	8031001	 飾品 - 灰裝	80	1520	1520	0	0	95	95	95	95	95	0	95	0	0	2090	2090	2090	2090	1045	1045	1045	1045	
	8031096	5002	96	8031001	 飾品 - 灰裝	80	1536	1536	0	0	96	96	96	96	96	0	96	0	0	2112	2112	2112	2112	1056	1056	1056	1056	
	8031097	5002	97	8031001	 飾品 - 灰裝	80	1552	1552	0	0	97	97	97	97	97	0	97	0	0	2134	2134	2134	2134	1067	1067	1067	1067	
	8031098	5002	98	8031001	 飾品 - 灰裝	80	1568	1568	0	0	98	98	98	98	98	0	98	0	0	2156	2156	2156	2156	1078	1078	1078	1078	
	8031099	5002	99	8031001	 飾品 - 灰裝	80	1584	1584	0	0	99	99	99	99	99	0	99	0	0	2178	2178	2178	2178	1089	1089	1089	1089	
	8031100	5002	100	8031001	 飾品 - 灰裝	80	1600	1600	0	0	100	100	100	100	100	0	100	0	0	2200	2200	2200	2200	1100	1100	1100	1100	
	8031101	5002	101	8031001	 飾品 - 灰裝	80	1616	1616	0	0	101	101	101	101	101	0	101	0	0	2222	2222	2222	2222	1111	1111	1111	1111	
	8031102	5002	102	8031001	 飾品 - 灰裝	80	1632	1632	0	0	102	102	102	102	102	0	102	0	0	2244	2244	2244	2244	1122	1122	1122	1122	
	8031103	5002	103	8031001	 飾品 - 灰裝	80	1648	1648	0	0	103	103	103	103	103	0	103	0	0	2266	2266	2266	2266	1133	1133	1133	1133	
	8031104	5002	104	8031001	 飾品 - 灰裝	80	1664	1664	0	0	104	104	104	104	104	0	104	0	0	2288	2288	2288	2288	1144	1144	1144	1144	
	8031105	5002	105	8031001	 飾品 - 灰裝	80	1680	1680	0	0	105	105	105	105	105	0	105	0	0	2310	2310	2310	2310	1155	1155	1155	1155	
	8031106	5002	106	8031001	 飾品 - 灰裝	80	1696	1696	0	0	106	106	106	106	106	0	106	0	0	2332	2332	2332	2332	1166	1166	1166	1166	
	8031107	5002	107	8031001	 飾品 - 灰裝	80	1712	1712	0	0	107	107	107	107	107	0	107	0	0	2354	2354	2354	2354	1177	1177	1177	1177	
	8031108	5002	108	8031001	 飾品 - 灰裝	80	1728	1728	0	0	108	108	108	108	108	0	108	0	0	2376	2376	2376	2376	1188	1188	1188	1188	
# 飾品 - 白裝（非商店貨）																												
	8032001	5002	1	8032001	 飾品 - 白裝	80	19	19	0	0	1	1	1	1	1	0	1	0	0	5	5	5	5	3	3	3	3	
	8032002	5002	2	8032001	 飾品 - 白裝	80	38	38	0	0	2	2	2	2	2	0	2	0	0	10	10	10	10	6	6	6	6	
	8032003	5002	3	8032001	 飾品 - 白裝	80	57	57	0	0	3	3	3	3	3	0	3	0	0	15	15	15	15	9	9	9	9	
	8032004	5002	4	8032001	 飾品 - 白裝	80	76	76	0	0	4	4	4	4	4	0	4	0	0	20	20	20	20	12	12	12	12	
	8032005	5002	5	8032001	 飾品 - 白裝	80	95	95	0	0	5	5	5	5	5	0	5	0	0	25	25	25	25	15	15	15	15	
	8032006	5002	6	8032001	 飾品 - 白裝	80	114	114	0	0	6	6	6	6	6	0	6	0	0	30	30	30	30	18	18	18	18	
	8032007	5002	7	8032001	 飾品 - 白裝	80	133	133	0	0	7	7	7	7	7	0	7	0	0	35	35	35	35	21	21	21	21	
	8032008	5002	8	8032001	 飾品 - 白裝	80	152	152	0	0	8	8	8	8	8	0	8	0	0	40	40	40	40	24	24	24	24	
	8032009	5002	9	8032001	 飾品 - 白裝	80	171	171	0	0	9	9	9	9	9	0	9	0	0	45	45	45	45	27	27	27	27	
	8032010	5002	10	8032001	 飾品 - 白裝	80	190	190	0	0	10	10	10	10	10	0	10	0	0	50	50	50	50	30	30	30	30	
	8032011	5002	11	8032001	 飾品 - 白裝	80	209	209	0	0	11	11	11	11	11	0	11	0	0	55	55	55	55	33	33	33	33	
	8032012	5002	12	8032001	 飾品 - 白裝	80	228	228	0	0	12	12	12	12	12	0	12	0	0	60	60	60	60	36	36	36	36	
	8032013	5002	13	8032001	 飾品 - 白裝	80	247	247	0	0	13	13	13	13	13	0	13	0	0	65	65	65	65	39	39	39	39	
	8032014	5002	14	8032001	 飾品 - 白裝	80	266	266	0	0	14	14	14	14	14	0	14	0	0	70	70	70	70	42	42	42	42	
	8032015	5002	15	8032001	 飾品 - 白裝	80	285	285	0	0	15	15	15	15	15	0	15	0	0	75	75	75	75	45	45	45	45	
	8032016	5002	16	8032001	 飾品 - 白裝	80	304	304	0	0	16	16	16	16	16	0	16	0	0	80	80	80	80	48	48	48	48	
	8032017	5002	17	8032001	 飾品 - 白裝	80	323	323	0	0	17	17	17	17	17	0	17	0	0	85	85	85	85	51	51	51	51	
	8032018	5002	18	8032001	 飾品 - 白裝	80	342	342	0	0	18	18	18	18	18	0	18	0	0	90	90	90	90	54	54	54	54	
	8032019	5002	19	8032001	 飾品 - 白裝	80	361	361	0	0	19	19	19	19	19	0	19	0	0	95	95	95	95	57	57	57	57	
	8032020	5002	20	8032001	 飾品 - 白裝	80	380	380	0	0	20	20	20	20	20	0	20	0	0	100	100	100	100	60	60	60	60	
	8032021	5002	21	8032001	 飾品 - 白裝	80	399	399	0	0	21	21	21	21	21	0	21	0	0	105	105	105	105	63	63	63	63	
	8032022	5002	22	8032001	 飾品 - 白裝	80	418	418	0	0	22	22	22	22	22	0	22	0	0	110	110	110	110	66	66	66	66	
	8032023	5002	23	8032001	 飾品 - 白裝	80	437	437	0	0	23	23	23	23	23	0	23	0	0	115	115	115	115	69	69	69	69	
	8032024	5002	24	8032001	 飾品 - 白裝	80	456	456	0	0	24	24	24	24	24	0	24	0	0	120	120	120	120	72	72	72	72	
	8032025	5002	25	8032001	 飾品 - 白裝	80	475	475	0	0	25	25	25	25	25	0	25	0	0	125	125	125	125	75	75	75	75	
	8032026	5002	26	8032001	 飾品 - 白裝	80	494	494	0	0	26	26	26	26	26	0	26	0	0	130	130	130	130	78	78	78	78	
	8032027	5002	27	8032001	 飾品 - 白裝	80	513	513	0	0	27	27	27	27	27	0	27	0	0	135	135	135	135	81	81	81	81	
	8032028	5002	28	8032001	 飾品 - 白裝	80	532	532	0	0	28	28	28	28	28	0	28	0	0	140	140	140	140	84	84	84	84	
	8032029	5002	29	8032001	 飾品 - 白裝	80	551	551	0	0	29	29	29	29	29	0	29	0	0	145	145	145	145	87	87	87	87	
	8032030	5002	30	8032001	 飾品 - 白裝	80	570	570	0	0	30	30	30	30	30	0	30	0	0	150	150	150	150	90	90	90	90	
	8032031	5002	31	8032001	 飾品 - 白裝	80	589	589	0	0	31	31	31	31	31	0	31	0	0	155	155	155	155	93	93	93	93	
	8032032	5002	32	8032001	 飾品 - 白裝	80	608	608	0	0	32	32	32	32	32	0	32	0	0	160	160	160	160	96	96	96	96	
	8032033	5002	33	8032001	 飾品 - 白裝	80	627	627	0	0	33	33	33	33	33	0	33	0	0	165	165	165	165	99	99	99	99	
	8032034	5002	34	8032001	 飾品 - 白裝	80	646	646	0	0	34	34	34	34	34	0	34	0	0	170	170	170	170	102	102	102	102	
	8032035	5002	35	8032001	 飾品 - 白裝	80	665	665	0	0	35	35	35	35	35	0	35	0	0	175	175	175	175	105	105	105	105	
	8032036	5002	36	8032001	 飾品 - 白裝	80	684	684	0	0	36	36	36	36	36	0	36	0	0	180	180	180	180	108	108	108	108	
	8032037	5002	37	8032001	 飾品 - 白裝	80	703	703	0	0	37	37	37	37	37	0	37	0	0	185	185	185	185	111	111	111	111	
	8032038	5002	38	8032001	 飾品 - 白裝	80	722	722	0	0	38	38	38	38	38	0	38	0	0	190	190	190	190	114	114	114	114	
	8032039	5002	39	8032001	 飾品 - 白裝	80	741	741	0	0	39	39	39	39	39	0	39	0	0	195	195	195	195	117	117	117	117	
	8032040	5002	40	8032001	 飾品 - 白裝	80	760	760	0	0	40	40	40	40	40	0	40	0	0	200	200	200	200	120	120	120	120	
	8032041	5002	41	8032001	 飾品 - 白裝	80	779	779	0	0	41	41	41	41	41	0	41	0	0	205	205	205	205	123	123	123	123	
	8032042	5002	42	8032001	 飾品 - 白裝	80	798	798	0	0	42	42	42	42	42	0	42	0	0	210	210	210	210	126	126	126	126	
	8032043	5002	43	8032001	 飾品 - 白裝	80	817	817	0	0	43	43	43	43	43	0	43	0	0	215	215	215	215	129	129	129	129	
	8032044	5002	44	8032001	 飾品 - 白裝	80	836	836	0	0	44	44	44	44	44	0	44	0	0	220	220	220	220	132	132	132	132	
	8032045	5002	45	8032001	 飾品 - 白裝	80	855	855	0	0	45	45	45	45	45	0	45	0	0	225	225	225	225	135	135	135	135	
	8032046	5002	46	8032001	 飾品 - 白裝	80	874	874	0	0	46	46	46	46	46	0	46	0	0	230	230	230	230	138	138	138	138	
	8032047	5002	47	8032001	 飾品 - 白裝	80	893	893	0	0	47	47	47	47	47	0	47	0	0	235	235	235	235	141	141	141	141	
	8032048	5002	48	8032001	 飾品 - 白裝	80	912	912	0	0	48	48	48	48	48	0	48	0	0	240	240	240	240	144	144	144	144	
	8032049	5002	49	8032001	 飾品 - 白裝	80	931	931	0	0	49	49	49	49	49	0	49	0	0	245	245	245	245	147	147	147	147	
	8032050	5002	50	8032001	 飾品 - 白裝	80	950	950	0	0	50	50	50	50	50	0	50	0	0	250	250	250	250	150	150	150	150	
	8032051	5002	51	8032001	 飾品 - 白裝	80	969	969	0	0	51	51	51	51	51	0	51	0	0	255	255	255	255	153	153	153	153	
	8032052	5002	52	8032001	 飾品 - 白裝	80	988	988	0	0	52	52	52	52	52	0	52	0	0	260	260	260	260	156	156	156	156	
	8032053	5002	53	8032001	 飾品 - 白裝	80	1007	1007	0	0	53	53	53	53	53	0	53	0	0	265	265	265	265	159	159	159	159	
	8032054	5002	54	8032001	 飾品 - 白裝	80	1026	1026	0	0	54	54	54	54	54	0	54	0	0	270	270	270	270	162	162	162	162	
	8032055	5002	55	8032001	 飾品 - 白裝	80	1045	1045	0	0	55	55	55	55	55	0	55	0	0	275	275	275	275	165	165	165	165	
	8032056	5002	56	8032001	 飾品 - 白裝	80	1064	1064	0	0	56	56	56	56	56	0	56	0	0	280	280	280	280	168	168	168	168	
	8032057	5002	57	8032001	 飾品 - 白裝	80	1083	1083	0	0	57	57	57	57	57	0	57	0	0	285	285	285	285	171	171	171	171	
	8032058	5002	58	8032001	 飾品 - 白裝	80	1102	1102	0	0	58	58	58	58	58	0	58	0	0	290	290	290	290	174	174	174	174	
	8032059	5002	59	8032001	 飾品 - 白裝	80	1121	1121	0	0	59	59	59	59	59	0	59	0	0	295	295	295	295	177	177	177	177	
	8032060	5002	60	8032001	 飾品 - 白裝	80	1140	1140	0	0	60	60	60	60	60	0	60	0	0	300	300	300	300	180	180	180	180	
	8032061	5002	61	8032001	 飾品 - 白裝	80	1159	1159	0	0	61	61	61	61	61	0	61	0	0	305	305	305	305	183	183	183	183	
	8032062	5002	62	8032001	 飾品 - 白裝	80	1178	1178	0	0	62	62	62	62	62	0	62	0	0	310	310	310	310	186	186	186	186	
	8032063	5002	63	8032001	 飾品 - 白裝	80	1197	1197	0	0	63	63	63	63	63	0	63	0	0	315	315	315	315	189	189	189	189	
	8032064	5002	64	8032001	 飾品 - 白裝	80	1216	1216	0	0	64	64	64	64	64	0	64	0	0	320	320	320	320	192	192	192	192	
	8032065	5002	65	8032001	 飾品 - 白裝	80	1235	1235	0	0	65	65	65	65	65	0	65	0	0	325	325	325	325	195	195	195	195	
	8032066	5002	66	8032001	 飾品 - 白裝	80	1254	1254	0	0	66	66	66	66	66	0	66	0	0	330	330	330	330	198	198	198	198	
	8032067	5002	67	8032001	 飾品 - 白裝	80	1273	1273	0	0	67	67	67	67	67	0	67	0	0	335	335	335	335	201	201	201	201	
	8032068	5002	68	8032001	 飾品 - 白裝	80	1292	1292	0	0	68	68	68	68	68	0	68	0	0	340	340	340	340	204	204	204	204	
	8032069	5002	69	8032001	 飾品 - 白裝	80	1311	1311	0	0	69	69	69	69	69	0	69	0	0	345	345	345	345	207	207	207	207	
	8032070	5002	70	8032001	 飾品 - 白裝	80	1330	1330	0	0	70	70	70	70	70	0	70	0	0	350	350	350	350	210	210	210	210	
	8032071	5002	71	8032001	 飾品 - 白裝	80	1349	1349	0	0	71	71	71	71	71	0	71	0	0	355	355	355	355	213	213	213	213	
	8032072	5002	72	8032001	 飾品 - 白裝	80	1368	1368	0	0	72	72	72	72	72	0	72	0	0	360	360	360	360	216	216	216	216	
	8032073	5002	73	8032001	 飾品 - 白裝	80	1387	1387	0	0	73	73	73	73	73	0	73	0	0	365	365	365	365	219	219	219	219	
	8032074	5002	74	8032001	 飾品 - 白裝	80	1406	1406	0	0	74	74	74	74	74	0	74	0	0	370	370	370	370	222	222	222	222	
	8032075	5002	75	8032001	 飾品 - 白裝	80	1425	1425	0	0	75	75	75	75	75	0	75	0	0	375	375	375	375	225	225	225	225	
	8032076	5002	76	8032001	 飾品 - 白裝	80	1444	1444	0	0	76	76	76	76	76	0	76	0	0	380	380	380	380	228	228	228	228	
	8032077	5002	77	8032001	 飾品 - 白裝	80	1463	1463	0	0	77	77	77	77	77	0	77	0	0	385	385	385	385	231	231	231	231	
	8032078	5002	78	8032001	 飾品 - 白裝	80	1482	1482	0	0	78	78	78	78	78	0	78	0	0	390	390	390	390	234	234	234	234	
	8032079	5002	79	8032001	 飾品 - 白裝	80	1501	1501	0	0	79	79	79	79	79	0	79	0	0	395	395	395	395	237	237	237	237	
	8032080	5002	80	8032001	 飾品 - 白裝	80	1520	1520	0	0	80	80	80	80	80	0	80	0	0	400	400	400	400	240	240	240	240	
	8032081	5002	81	8032001	 飾品 - 白裝	80	1539	1539	0	0	81	81	81	81	81	0	81	0	0	405	405	405	405	243	243	243	243	
	8032082	5002	82	8032001	 飾品 - 白裝	80	1558	1558	0	0	82	82	82	82	82	0	82	0	0	410	410	410	410	246	246	246	246	
	8032083	5002	83	8032001	 飾品 - 白裝	80	1577	1577	0	0	83	83	83	83	83	0	83	0	0	415	415	415	415	249	249	249	249	
	8032084	5002	84	8032001	 飾品 - 白裝	80	1596	1596	0	0	84	84	84	84	84	0	84	0	0	420	420	420	420	252	252	252	252	
	8032085	5002	85	8032001	 飾品 - 白裝	80	1615	1615	0	0	85	85	85	85	85	0	85	0	0	425	425	425	425	255	255	255	255	
	8032086	5002	86	8032001	 飾品 - 白裝	80	1634	1634	0	0	86	86	86	86	86	0	86	0	0	430	430	430	430	258	258	258	258	
	8032087	5002	87	8032001	 飾品 - 白裝	80	1653	1653	0	0	87	87	87	87	87	0	87	0	0	435	435	435	435	261	261	261	261	
	8032088	5002	88	8032001	 飾品 - 白裝	80	1672	1672	0	0	88	88	88	88	88	0	88	0	0	440	440	440	440	264	264	264	264	
	8032089	5002	89	8032001	 飾品 - 白裝	80	1691	1691	0	0	89	89	89	89	89	0	89	0	0	445	445	445	445	267	267	267	267	
	8032090	5002	90	8032001	 飾品 - 白裝	80	1710	1710	0	0	90	90	90	90	90	0	90	0	0	450	450	450	450	270	270	270	270	
	8032091	5002	91	8032001	 飾品 - 白裝	80	1729	1729	0	0	91	91	91	91	91	0	91	0	0	455	455	455	455	273	273	273	273	
	8032092	5002	92	8032001	 飾品 - 白裝	80	1748	1748	0	0	92	92	92	92	92	0	92	0	0	460	460	460	460	276	276	276	276	
	8032093	5002	93	8032001	 飾品 - 白裝	80	1767	1767	0	0	93	93	93	93	93	0	93	0	0	465	465	465	465	279	279	279	279	
	8032094	5002	94	8032001	 飾品 - 白裝	80	1786	1786	0	0	94	94	94	94	94	0	94	0	0	470	470	470	470	282	282	282	282	
	8032095	5002	95	8032001	 飾品 - 白裝	80	1805	1805	0	0	95	95	95	95	95	0	95	0	0	475	475	475	475	285	285	285	285	
	8032096	5002	96	8032001	 飾品 - 白裝	80	1824	1824	0	0	96	96	96	96	96	0	96	0	0	480	480	480	480	288	288	288	288	
	8032097	5002	97	8032001	 飾品 - 白裝	80	1843	1843	0	0	97	97	97	97	97	0	97	0	0	485	485	485	485	291	291	291	291	
	8032098	5002	98	8032001	 飾品 - 白裝	80	1862	1862	0	0	98	98	98	98	98	0	98	0	0	490	490	490	490	294	294	294	294	
	8032099	5002	99	8032001	 飾品 - 白裝	80	1881	1881	0	0	99	99	99	99	99	0	99	0	0	495	495	495	495	297	297	297	297	
	8032100	5002	100	8032001	 飾品 - 白裝	80	1900	1900	0	0	100	100	100	100	100	0	100	0	0	500	500	500	500	300	300	300	300	
	8032101	5002	101	8032001	 飾品 - 白裝	80	1919	1919	0	0	101	101	101	101	101	0	101	0	0	505	505	505	505	303	303	303	303	
	8032102	5002	102	8032001	 飾品 - 白裝	80	1938	1938	0	0	102	102	102	102	102	0	102	0	0	510	510	510	510	306	306	306	306	
	8032103	5002	103	8032001	 飾品 - 白裝	80	1957	1957	0	0	103	103	103	103	103	0	103	0	0	515	515	515	515	309	309	309	309	
	8032104	5002	104	8032001	 飾品 - 白裝	80	1976	1976	0	0	104	104	104	104	104	0	104	0	0	520	520	520	520	312	312	312	312	
	8032105	5002	105	8032001	 飾品 - 白裝	80	1995	1995	0	0	105	105	105	105	105	0	105	0	0	525	525	525	525	315	315	315	315	
	8032106	5002	106	8032001	 飾品 - 白裝	80	2014	2014	0	0	106	106	106	106	106	0	106	0	0	530	530	530	530	318	318	318	318	
	8032107	5002	107	8032001	 飾品 - 白裝	80	2033	2033	0	0	107	107	107	107	107	0	107	0	0	535	535	535	535	321	321	321	321	
	8032108	5002	108	8032001	 飾品 - 白裝	80	2052	2052	0	0	108	108	108	108	108	0	108	0	0	540	540	540	540	324	324	324	324	
# 飾品 - 綠裝																												
	8033001	5002	1	8033001	 飾品 - 綠裝	80	22	22	0	0	1	1	1	1	1	0	1	0	0	22	22	22	22	11	11	11	11	
	8033002	5002	2	8033001	 飾品 - 綠裝	80	44	44	0	0	2	2	2	2	2	0	2	0	0	44	44	44	44	22	22	22	22	
	8033003	5002	3	8033001	 飾品 - 綠裝	80	66	66	0	0	3	3	3	3	3	0	3	0	0	66	66	66	66	33	33	33	33	
	8033004	5002	4	8033001	 飾品 - 綠裝	80	88	88	0	0	4	4	4	4	4	0	4	0	0	88	88	88	88	44	44	44	44	
	8033005	5002	5	8033001	 飾品 - 綠裝	80	110	110	0	0	5	5	5	5	5	0	5	0	0	110	110	110	110	55	55	55	55	
	8033006	5002	6	8033001	 飾品 - 綠裝	80	132	132	0	0	6	6	6	6	6	0	6	0	0	132	132	132	132	66	66	66	66	
	8033007	5002	7	8033001	 飾品 - 綠裝	80	154	154	0	0	7	7	7	7	7	0	7	0	0	154	154	154	154	77	77	77	77	
	8033008	5002	8	8033001	 飾品 - 綠裝	80	176	176	0	0	8	8	8	8	8	0	8	0	0	176	176	176	176	88	88	88	88	
	8033009	5002	9	8033001	 飾品 - 綠裝	80	198	198	0	0	9	9	9	9	9	0	9	0	0	198	198	198	198	99	99	99	99	
	8033010	5002	10	8033001	 飾品 - 綠裝	80	220	220	0	0	10	10	10	10	10	0	10	0	0	220	220	220	220	110	110	110	110	
	8033011	5002	11	8033001	 飾品 - 綠裝	80	242	242	0	0	11	11	11	11	11	0	11	0	0	242	242	242	242	121	121	121	121	
	8033012	5002	12	8033001	 飾品 - 綠裝	80	264	264	0	0	12	12	12	12	12	0	12	0	0	264	264	264	264	132	132	132	132	
	8033013	5002	13	8033001	 飾品 - 綠裝	80	286	286	0	0	13	13	13	13	13	0	13	0	0	286	286	286	286	143	143	143	143	
	8033014	5002	14	8033001	 飾品 - 綠裝	80	308	308	0	0	14	14	14	14	14	0	14	0	0	308	308	308	308	154	154	154	154	
	8033015	5002	15	8033001	 飾品 - 綠裝	80	330	330	0	0	15	15	15	15	15	0	15	0	0	330	330	330	330	165	165	165	165	
	8033016	5002	16	8033001	 飾品 - 綠裝	80	352	352	0	0	16	16	16	16	16	0	16	0	0	352	352	352	352	176	176	176	176	
	8033017	5002	17	8033001	 飾品 - 綠裝	80	374	374	0	0	17	17	17	17	17	0	17	0	0	374	374	374	374	187	187	187	187	
	8033018	5002	18	8033001	 飾品 - 綠裝	80	396	396	0	0	18	18	18	18	18	0	18	0	0	396	396	396	396	198	198	198	198	
	8033019	5002	19	8033001	 飾品 - 綠裝	80	418	418	0	0	19	19	19	19	19	0	19	0	0	418	418	418	418	209	209	209	209	
	8033020	5002	20	8033001	 飾品 - 綠裝	80	440	440	0	0	20	20	20	20	20	0	20	0	0	440	440	440	440	220	220	220	220	
	8033021	5002	21	8033001	 飾品 - 綠裝	80	462	462	0	0	21	21	21	21	21	0	21	0	0	462	462	462	462	231	231	231	231	
	8033022	5002	22	8033001	 飾品 - 綠裝	80	484	484	0	0	22	22	22	22	22	0	22	0	0	484	484	484	484	242	242	242	242	
	8033023	5002	23	8033001	 飾品 - 綠裝	80	506	506	0	0	23	23	23	23	23	0	23	0	0	506	506	506	506	253	253	253	253	
	8033024	5002	24	8033001	 飾品 - 綠裝	80	528	528	0	0	24	24	24	24	24	0	24	0	0	528	528	528	528	264	264	264	264	
	8033025	5002	25	8033001	 飾品 - 綠裝	80	550	550	0	0	25	25	25	25	25	0	25	0	0	550	550	550	550	275	275	275	275	
	8033026	5002	26	8033001	 飾品 - 綠裝	80	572	572	0	0	26	26	26	26	26	0	26	0	0	572	572	572	572	286	286	286	286	
	8033027	5002	27	8033001	 飾品 - 綠裝	80	594	594	0	0	27	27	27	27	27	0	27	0	0	594	594	594	594	297	297	297	297	
	8033028	5002	28	8033001	 飾品 - 綠裝	80	616	616	0	0	28	28	28	28	28	0	28	0	0	616	616	616	616	308	308	308	308	
	8033029	5002	29	8033001	 飾品 - 綠裝	80	638	638	0	0	29	29	29	29	29	0	29	0	0	638	638	638	638	319	319	319	319	
	8033030	5002	30	8033001	 飾品 - 綠裝	80	660	660	0	0	30	30	30	30	30	0	30	0	0	660	660	660	660	330	330	330	330	
	8033031	5002	31	8033001	 飾品 - 綠裝	80	682	682	0	0	31	31	31	31	31	0	31	0	0	682	682	682	682	341	341	341	341	
	8033032	5002	32	8033001	 飾品 - 綠裝	80	704	704	0	0	32	32	32	32	32	0	32	0	0	704	704	704	704	352	352	352	352	
	8033033	5002	33	8033001	 飾品 - 綠裝	80	726	726	0	0	33	33	33	33	33	0	33	0	0	726	726	726	726	363	363	363	363	
	8033034	5002	34	8033001	 飾品 - 綠裝	80	748	748	0	0	34	34	34	34	34	0	34	0	0	748	748	748	748	374	374	374	374	
	8033035	5002	35	8033001	 飾品 - 綠裝	80	770	770	0	0	35	35	35	35	35	0	35	0	0	770	770	770	770	385	385	385	385	
	8033036	5002	36	8033001	 飾品 - 綠裝	80	792	792	0	0	36	36	36	36	36	0	36	0	0	792	792	792	792	396	396	396	396	
	8033037	5002	37	8033001	 飾品 - 綠裝	80	814	814	0	0	37	37	37	37	37	0	37	0	0	814	814	814	814	407	407	407	407	
	8033038	5002	38	8033001	 飾品 - 綠裝	80	836	836	0	0	38	38	38	38	38	0	38	0	0	836	836	836	836	418	418	418	418	
	8033039	5002	39	8033001	 飾品 - 綠裝	80	858	858	0	0	39	39	39	39	39	0	39	0	0	858	858	858	858	429	429	429	429	
	8033040	5002	40	8033001	 飾品 - 綠裝	80	880	880	0	0	40	40	40	40	40	0	40	0	0	880	880	880	880	440	440	440	440	
	8033041	5002	41	8033001	 飾品 - 綠裝	80	902	902	0	0	41	41	41	41	41	0	41	0	0	902	902	902	902	451	451	451	451	
	8033042	5002	42	8033001	 飾品 - 綠裝	80	924	924	0	0	42	42	42	42	42	0	42	0	0	924	924	924	924	462	462	462	462	
	8033043	5002	43	8033001	 飾品 - 綠裝	80	946	946	0	0	43	43	43	43	43	0	43	0	0	946	946	946	946	473	473	473	473	
	8033044	5002	44	8033001	 飾品 - 綠裝	80	968	968	0	0	44	44	44	44	44	0	44	0	0	968	968	968	968	484	484	484	484	
	8033045	5002	45	8033001	 飾品 - 綠裝	80	990	990	0	0	45	45	45	45	45	0	45	0	0	990	990	990	990	495	495	495	495	
	8033046	5002	46	8033001	 飾品 - 綠裝	80	1012	1012	0	0	46	46	46	46	46	0	46	0	0	1012	1012	1012	1012	506	506	506	506	
	8033047	5002	47	8033001	 飾品 - 綠裝	80	1034	1034	0	0	47	47	47	47	47	0	47	0	0	1034	1034	1034	1034	517	517	517	517	
	8033048	5002	48	8033001	 飾品 - 綠裝	80	1056	1056	0	0	48	48	48	48	48	0	48	0	0	1056	1056	1056	1056	528	528	528	528	
	8033049	5002	49	8033001	 飾品 - 綠裝	80	1078	1078	0	0	49	49	49	49	49	0	49	0	0	1078	1078	1078	1078	539	539	539	539	
	8033050	5002	50	8033001	 飾品 - 綠裝	80	1100	1100	0	0	50	50	50	50	50	0	50	0	0	1100	1100	1100	1100	550	550	550	550	
	8033051	5002	51	8033001	 飾品 - 綠裝	80	1122	1122	0	0	51	51	51	51	51	0	51	0	0	1122	1122	1122	1122	561	561	561	561	
	8033052	5002	52	8033001	 飾品 - 綠裝	80	1144	1144	0	0	52	52	52	52	52	0	52	0	0	1144	1144	1144	1144	572	572	572	572	
	8033053	5002	53	8033001	 飾品 - 綠裝	80	1166	1166	0	0	53	53	53	53	53	0	53	0	0	1166	1166	1166	1166	583	583	583	583	
	8033054	5002	54	8033001	 飾品 - 綠裝	80	1188	1188	0	0	54	54	54	54	54	0	54	0	0	1188	1188	1188	1188	594	594	594	594	
	8033055	5002	55	8033001	 飾品 - 綠裝	80	1210	1210	0	0	55	55	55	55	55	0	55	0	0	1210	1210	1210	1210	605	605	605	605	
	8033056	5002	56	8033001	 飾品 - 綠裝	80	1232	1232	0	0	56	56	56	56	56	0	56	0	0	1232	1232	1232	1232	616	616	616	616	
	8033057	5002	57	8033001	 飾品 - 綠裝	80	1254	1254	0	0	57	57	57	57	57	0	57	0	0	1254	1254	1254	1254	627	627	627	627	
	8033058	5002	58	8033001	 飾品 - 綠裝	80	1276	1276	0	0	58	58	58	58	58	0	58	0	0	1276	1276	1276	1276	638	638	638	638	
	8033059	5002	59	8033001	 飾品 - 綠裝	80	1298	1298	0	0	59	59	59	59	59	0	59	0	0	1298	1298	1298	1298	649	649	649	649	
	8033060	5002	60	8033001	 飾品 - 綠裝	80	1320	1320	0	0	60	60	60	60	60	0	60	0	0	1320	1320	1320	1320	660	660	660	660	
	8033061	5002	61	8033001	 飾品 - 綠裝	80	1342	1342	0	0	61	61	61	61	61	0	61	0	0	1342	1342	1342	1342	671	671	671	671	
	8033062	5002	62	8033001	 飾品 - 綠裝	80	1364	1364	0	0	62	62	62	62	62	0	62	0	0	1364	1364	1364	1364	682	682	682	682	
	8033063	5002	63	8033001	 飾品 - 綠裝	80	1386	1386	0	0	63	63	63	63	63	0	63	0	0	1386	1386	1386	1386	693	693	693	693	
	8033064	5002	64	8033001	 飾品 - 綠裝	80	1408	1408	0	0	64	64	64	64	64	0	64	0	0	1408	1408	1408	1408	704	704	704	704	
	8033065	5002	65	8033001	 飾品 - 綠裝	80	1430	1430	0	0	65	65	65	65	65	0	65	0	0	1430	1430	1430	1430	715	715	715	715	
	8033066	5002	66	8033001	 飾品 - 綠裝	80	1452	1452	0	0	66	66	66	66	66	0	66	0	0	1452	1452	1452	1452	726	726	726	726	
	8033067	5002	67	8033001	 飾品 - 綠裝	80	1474	1474	0	0	67	67	67	67	67	0	67	0	0	1474	1474	1474	1474	737	737	737	737	
	8033068	5002	68	8033001	 飾品 - 綠裝	80	1496	1496	0	0	68	68	68	68	68	0	68	0	0	1496	1496	1496	1496	748	748	748	748	
	8033069	5002	69	8033001	 飾品 - 綠裝	80	1518	1518	0	0	69	69	69	69	69	0	69	0	0	1518	1518	1518	1518	759	759	759	759	
	8033070	5002	70	8033001	 飾品 - 綠裝	80	1540	1540	0	0	70	70	70	70	70	0	70	0	0	1540	1540	1540	1540	770	770	770	770	
	8033071	5002	71	8033001	 飾品 - 綠裝	80	1562	1562	0	0	71	71	71	71	71	0	71	0	0	1562	1562	1562	1562	781	781	781	781	
	8033072	5002	72	8033001	 飾品 - 綠裝	80	1584	1584	0	0	72	72	72	72	72	0	72	0	0	1584	1584	1584	1584	792	792	792	792	
	8033073	5002	73	8033001	 飾品 - 綠裝	80	1606	1606	0	0	73	73	73	73	73	0	73	0	0	1606	1606	1606	1606	803	803	803	803	
	8033074	5002	74	8033001	 飾品 - 綠裝	80	1628	1628	0	0	74	74	74	74	74	0	74	0	0	1628	1628	1628	1628	814	814	814	814	
	8033075	5002	75	8033001	 飾品 - 綠裝	80	1650	1650	0	0	75	75	75	75	75	0	75	0	0	1650	1650	1650	1650	825	825	825	825	
	8033076	5002	76	8033001	 飾品 - 綠裝	80	1672	1672	0	0	76	76	76	76	76	0	76	0	0	1672	1672	1672	1672	836	836	836	836	
	8033077	5002	77	8033001	 飾品 - 綠裝	80	1694	1694	0	0	77	77	77	77	77	0	77	0	0	1694	1694	1694	1694	847	847	847	847	
	8033078	5002	78	8033001	 飾品 - 綠裝	80	1716	1716	0	0	78	78	78	78	78	0	78	0	0	1716	1716	1716	1716	858	858	858	858	
	8033079	5002	79	8033001	 飾品 - 綠裝	80	1738	1738	0	0	79	79	79	79	79	0	79	0	0	1738	1738	1738	1738	869	869	869	869	
	8033080	5002	80	8033001	 飾品 - 綠裝	80	1760	1760	0	0	80	80	80	80	80	0	80	0	0	1760	1760	1760	1760	880	880	880	880	
	8033081	5002	81	8033001	 飾品 - 綠裝	80	1782	1782	0	0	81	81	81	81	81	0	81	0	0	1782	1782	1782	1782	891	891	891	891	
	8033082	5002	82	8033001	 飾品 - 綠裝	80	1804	1804	0	0	82	82	82	82	82	0	82	0	0	1804	1804	1804	1804	902	902	902	902	
	8033083	5002	83	8033001	 飾品 - 綠裝	80	1826	1826	0	0	83	83	83	83	83	0	83	0	0	1826	1826	1826	1826	913	913	913	913	
	8033084	5002	84	8033001	 飾品 - 綠裝	80	1848	1848	0	0	84	84	84	84	84	0	84	0	0	1848	1848	1848	1848	924	924	924	924	
	8033085	5002	85	8033001	 飾品 - 綠裝	80	1870	1870	0	0	85	85	85	85	85	0	85	0	0	1870	1870	1870	1870	935	935	935	935	
	8033086	5002	86	8033001	 飾品 - 綠裝	80	1892	1892	0	0	86	86	86	86	86	0	86	0	0	1892	1892	1892	1892	946	946	946	946	
	8033087	5002	87	8033001	 飾品 - 綠裝	80	1914	1914	0	0	87	87	87	87	87	0	87	0	0	1914	1914	1914	1914	957	957	957	957	
	8033088	5002	88	8033001	 飾品 - 綠裝	80	1936	1936	0	0	88	88	88	88	88	0	88	0	0	1936	1936	1936	1936	968	968	968	968	
	8033089	5002	89	8033001	 飾品 - 綠裝	80	1958	1958	0	0	89	89	89	89	89	0	89	0	0	1958	1958	1958	1958	979	979	979	979	
	8033090	5002	90	8033001	 飾品 - 綠裝	80	1980	1980	0	0	90	90	90	90	90	0	90	0	0	1980	1980	1980	1980	990	990	990	990	
	8033091	5002	91	8033001	 飾品 - 綠裝	80	2002	2002	0	0	91	91	91	91	91	0	91	0	0	2002	2002	2002	2002	1001	1001	1001	1001	
	8033092	5002	92	8033001	 飾品 - 綠裝	80	2024	2024	0	0	92	92	92	92	92	0	92	0	0	2024	2024	2024	2024	1012	1012	1012	1012	
	8033093	5002	93	8033001	 飾品 - 綠裝	80	2046	2046	0	0	93	93	93	93	93	0	93	0	0	2046	2046	2046	2046	1023	1023	1023	1023	
	8033094	5002	94	8033001	 飾品 - 綠裝	80	2068	2068	0	0	94	94	94	94	94	0	94	0	0	2068	2068	2068	2068	1034	1034	1034	1034	
	8033095	5002	95	8033001	 飾品 - 綠裝	80	2090	2090	0	0	95	95	95	95	95	0	95	0	0	2090	2090	2090	2090	1045	1045	1045	1045	
	8033096	5002	96	8033001	 飾品 - 綠裝	80	2112	2112	0	0	96	96	96	96	96	0	96	0	0	2112	2112	2112	2112	1056	1056	1056	1056	
	8033097	5002	97	8033001	 飾品 - 綠裝	80	2134	2134	0	0	97	97	97	97	97	0	97	0	0	2134	2134	2134	2134	1067	1067	1067	1067	
	8033098	5002	98	8033001	 飾品 - 綠裝	80	2156	2156	0	0	98	98	98	98	98	0	98	0	0	2156	2156	2156	2156	1078	1078	1078	1078	
	8033099	5002	99	8033001	 飾品 - 綠裝	80	2178	2178	0	0	99	99	99	99	99	0	99	0	0	2178	2178	2178	2178	1089	1089	1089	1089	
	8033100	5002	100	8033001	 飾品 - 綠裝	80	2200	2200	0	0	100	100	100	100	100	0	100	0	0	2200	2200	2200	2200	1100	1100	1100	1100	
	8033101	5002	101	8033001	 飾品 - 綠裝	80	2222	2222	0	0	101	101	101	101	101	0	101	0	0	2222	2222	2222	2222	1111	1111	1111	1111	
	8033102	5002	102	8033001	 飾品 - 綠裝	80	2244	2244	0	0	102	102	102	102	102	0	102	0	0	2244	2244	2244	2244	1122	1122	1122	1122	
	8033103	5002	103	8033001	 飾品 - 綠裝	80	2266	2266	0	0	103	103	103	103	103	0	103	0	0	2266	2266	2266	2266	1133	1133	1133	1133	
	8033104	5002	104	8033001	 飾品 - 綠裝	80	2288	2288	0	0	104	104	104	104	104	0	104	0	0	2288	2288	2288	2288	1144	1144	1144	1144	
	8033105	5002	105	8033001	 飾品 - 綠裝	80	2310	2310	0	0	105	105	105	105	105	0	105	0	0	2310	2310	2310	2310	1155	1155	1155	1155	
	8033106	5002	106	8033001	 飾品 - 綠裝	80	2332	2332	0	0	106	106	106	106	106	0	106	0	0	2332	2332	2332	2332	1166	1166	1166	1166	
	8033107	5002	107	8033001	 飾品 - 綠裝	80	2354	2354	0	0	107	107	107	107	107	0	107	0	0	2354	2354	2354	2354	1177	1177	1177	1177	
	8033108	5002	108	8033001	 飾品 - 綠裝	80	2376	2376	0	0	108	108	108	108	108	0	108	0	0	2376	2376	2376	2376	1188	1188	1188	1188	
# 飾品 - 藍裝																												
	8034001	5002	1	8034001	 飾品 - 藍裝	80	25	25	0	0	2	2	2	2	2	0	2	0	0	44	44	44	44	22	22	22	22	
	8034002	5002	2	8034001	 飾品 - 藍裝	80	50	50	0	0	4	4	4	4	4	0	4	0	0	88	88	88	88	44	44	44	44	
	8034003	5002	3	8034001	 飾品 - 藍裝	80	75	75	0	0	6	6	6	6	6	0	6	0	0	132	132	132	132	66	66	66	66	
	8034004	5002	4	8034001	 飾品 - 藍裝	80	100	100	0	0	8	8	8	8	8	0	8	0	0	176	176	176	176	88	88	88	88	
	8034005	5002	5	8034001	 飾品 - 藍裝	80	125	125	0	0	10	10	10	10	10	0	10	0	0	220	220	220	220	110	110	110	110	
	8034006	5002	6	8034001	 飾品 - 藍裝	80	150	150	0	0	12	12	12	12	12	0	12	0	0	264	264	264	264	132	132	132	132	
	8034007	5002	7	8034001	 飾品 - 藍裝	80	175	175	0	0	14	14	14	14	14	0	14	0	0	308	308	308	308	154	154	154	154	
	8034008	5002	8	8034001	 飾品 - 藍裝	80	200	200	0	0	16	16	16	16	16	0	16	0	0	352	352	352	352	176	176	176	176	
	8034009	5002	9	8034001	 飾品 - 藍裝	80	225	225	0	0	18	18	18	18	18	0	18	0	0	396	396	396	396	198	198	198	198	
	8034010	5002	10	8034001	 飾品 - 藍裝	80	250	250	0	0	20	20	20	20	20	0	20	0	0	440	440	440	440	220	220	220	220	
	8034011	5002	11	8034001	 飾品 - 藍裝	80	275	275	0	0	22	22	22	22	22	0	22	0	0	484	484	484	484	242	242	242	242	
	8034012	5002	12	8034001	 飾品 - 藍裝	80	300	300	0	0	24	24	24	24	24	0	24	0	0	528	528	528	528	264	264	264	264	
	8034013	5002	13	8034001	 飾品 - 藍裝	80	325	325	0	0	26	26	26	26	26	0	26	0	0	572	572	572	572	286	286	286	286	
	8034014	5002	14	8034001	 飾品 - 藍裝	80	350	350	0	0	28	28	28	28	28	0	28	0	0	616	616	616	616	308	308	308	308	
	8034015	5002	15	8034001	 飾品 - 藍裝	80	375	375	0	0	30	30	30	30	30	0	30	0	0	660	660	660	660	330	330	330	330	
	8034016	5002	16	8034001	 飾品 - 藍裝	80	400	400	0	0	32	32	32	32	32	0	32	0	0	704	704	704	704	352	352	352	352	
	8034017	5002	17	8034001	 飾品 - 藍裝	80	425	425	0	0	34	34	34	34	34	0	34	0	0	748	748	748	748	374	374	374	374	
	8034018	5002	18	8034001	 飾品 - 藍裝	80	450	450	0	0	36	36	36	36	36	0	36	0	0	792	792	792	792	396	396	396	396	
	8034019	5002	19	8034001	 飾品 - 藍裝	80	475	475	0	0	38	38	38	38	38	0	38	0	0	836	836	836	836	418	418	418	418	
	8034020	5002	20	8034001	 飾品 - 藍裝	80	500	500	0	0	40	40	40	40	40	0	40	0	0	880	880	880	880	440	440	440	440	
	8034021	5002	21	8034001	 飾品 - 藍裝	80	525	525	0	0	42	42	42	42	42	0	42	0	0	924	924	924	924	462	462	462	462	
	8034022	5002	22	8034001	 飾品 - 藍裝	80	550	550	0	0	44	44	44	44	44	0	44	0	0	968	968	968	968	484	484	484	484	
	8034023	5002	23	8034001	 飾品 - 藍裝	80	575	575	0	0	46	46	46	46	46	0	46	0	0	1012	1012	1012	1012	506	506	506	506	
	8034024	5002	24	8034001	 飾品 - 藍裝	80	600	600	0	0	48	48	48	48	48	0	48	0	0	1056	1056	1056	1056	528	528	528	528	
	8034025	5002	25	8034001	 飾品 - 藍裝	80	625	625	0	0	50	50	50	50	50	0	50	0	0	1100	1100	1100	1100	550	550	550	550	
	8034026	5002	26	8034001	 飾品 - 藍裝	80	650	650	0	0	52	52	52	52	52	0	52	0	0	1144	1144	1144	1144	572	572	572	572	
	8034027	5002	27	8034001	 飾品 - 藍裝	80	675	675	0	0	54	54	54	54	54	0	54	0	0	1188	1188	1188	1188	594	594	594	594	
	8034028	5002	28	8034001	 飾品 - 藍裝	80	700	700	0	0	56	56	56	56	56	0	56	0	0	1232	1232	1232	1232	616	616	616	616	
	8034029	5002	29	8034001	 飾品 - 藍裝	80	725	725	0	0	58	58	58	58	58	0	58	0	0	1276	1276	1276	1276	638	638	638	638	
	8034030	5002	30	8034001	 飾品 - 藍裝	80	750	750	0	0	60	60	60	60	60	0	60	0	0	1320	1320	1320	1320	660	660	660	660	
	8034031	5002	31	8034001	 飾品 - 藍裝	80	775	775	0	0	62	62	62	62	62	0	62	0	0	1364	1364	1364	1364	682	682	682	682	
	8034032	5002	32	8034001	 飾品 - 藍裝	80	800	800	0	0	64	64	64	64	64	0	64	0	0	1408	1408	1408	1408	704	704	704	704	
	8034033	5002	33	8034001	 飾品 - 藍裝	80	825	825	0	0	66	66	66	66	66	0	66	0	0	1452	1452	1452	1452	726	726	726	726	
	8034034	5002	34	8034001	 飾品 - 藍裝	80	850	850	0	0	68	68	68	68	68	0	68	0	0	1496	1496	1496	1496	748	748	748	748	
	8034035	5002	35	8034001	 飾品 - 藍裝	80	875	875	0	0	70	70	70	70	70	0	70	0	0	1540	1540	1540	1540	770	770	770	770	
	8034036	5002	36	8034001	 飾品 - 藍裝	80	900	900	0	0	72	72	72	72	72	0	72	0	0	1584	1584	1584	1584	792	792	792	792	
	8034037	5002	37	8034001	 飾品 - 藍裝	80	925	925	0	0	74	74	74	74	74	0	74	0	0	1628	1628	1628	1628	814	814	814	814	
	8034038	5002	38	8034001	 飾品 - 藍裝	80	950	950	0	0	76	76	76	76	76	0	76	0	0	1672	1672	1672	1672	836	836	836	836	
	8034039	5002	39	8034001	 飾品 - 藍裝	80	975	975	0	0	78	78	78	78	78	0	78	0	0	1716	1716	1716	1716	858	858	858	858	
	8034040	5002	40	8034001	 飾品 - 藍裝	80	1000	1000	0	0	80	80	80	80	80	0	80	0	0	1760	1760	1760	1760	880	880	880	880	
	8034041	5002	41	8034001	 飾品 - 藍裝	80	1025	1025	0	0	82	82	82	82	82	0	82	0	0	1804	1804	1804	1804	902	902	902	902	
	8034042	5002	42	8034001	 飾品 - 藍裝	80	1050	1050	0	0	84	84	84	84	84	0	84	0	0	1848	1848	1848	1848	924	924	924	924	
	8034043	5002	43	8034001	 飾品 - 藍裝	80	1075	1075	0	0	86	86	86	86	86	0	86	0	0	1892	1892	1892	1892	946	946	946	946	
	8034044	5002	44	8034001	 飾品 - 藍裝	80	1100	1100	0	0	88	88	88	88	88	0	88	0	0	1936	1936	1936	1936	968	968	968	968	
	8034045	5002	45	8034001	 飾品 - 藍裝	80	1125	1125	0	0	90	90	90	90	90	0	90	0	0	1980	1980	1980	1980	990	990	990	990	
	8034046	5002	46	8034001	 飾品 - 藍裝	80	1150	1150	0	0	92	92	92	92	92	0	92	0	0	2024	2024	2024	2024	1012	1012	1012	1012	
	8034047	5002	47	8034001	 飾品 - 藍裝	80	1175	1175	0	0	94	94	94	94	94	0	94	0	0	2068	2068	2068	2068	1034	1034	1034	1034	
	8034048	5002	48	8034001	 飾品 - 藍裝	80	1200	1200	0	0	96	96	96	96	96	0	96	0	0	2112	2112	2112	2112	1056	1056	1056	1056	
	8034049	5002	49	8034001	 飾品 - 藍裝	80	1225	1225	0	0	98	98	98	98	98	0	98	0	0	2156	2156	2156	2156	1078	1078	1078	1078	
	8034050	5002	50	8034001	 飾品 - 藍裝	80	1250	1250	0	0	100	100	100	100	100	0	100	0	0	2200	2200	2200	2200	1100	1100	1100	1100	
	8034051	5002	51	8034001	 飾品 - 藍裝	80	1275	1275	0	0	102	102	102	102	102	0	102	0	0	2244	2244	2244	2244	1122	1122	1122	1122	
	8034052	5002	52	8034001	 飾品 - 藍裝	80	1300	1300	0	0	104	104	104	104	104	0	104	0	0	2288	2288	2288	2288	1144	1144	1144	1144	
	8034053	5002	53	8034001	 飾品 - 藍裝	80	1325	1325	0	0	106	106	106	106	106	0	106	0	0	2332	2332	2332	2332	1166	1166	1166	1166	
	8034054	5002	54	8034001	 飾品 - 藍裝	80	1350	1350	0	0	108	108	108	108	108	0	108	0	0	2376	2376	2376	2376	1188	1188	1188	1188	
	8034055	5002	55	8034001	 飾品 - 藍裝	80	1375	1375	0	0	110	110	110	110	110	0	110	0	0	2420	2420	2420	2420	1210	1210	1210	1210	
	8034056	5002	56	8034001	 飾品 - 藍裝	80	1400	1400	0	0	112	112	112	112	112	0	112	0	0	2464	2464	2464	2464	1232	1232	1232	1232	
	8034057	5002	57	8034001	 飾品 - 藍裝	80	1425	1425	0	0	114	114	114	114	114	0	114	0	0	2508	2508	2508	2508	1254	1254	1254	1254	
	8034058	5002	58	8034001	 飾品 - 藍裝	80	1450	1450	0	0	116	116	116	116	116	0	116	0	0	2552	2552	2552	2552	1276	1276	1276	1276	
	8034059	5002	59	8034001	 飾品 - 藍裝	80	1475	1475	0	0	118	118	118	118	118	0	118	0	0	2596	2596	2596	2596	1298	1298	1298	1298	
	8034060	5002	60	8034001	 飾品 - 藍裝	80	1500	1500	0	0	120	120	120	120	120	0	120	0	0	2640	2640	2640	2640	1320	1320	1320	1320	
	8034061	5002	61	8034001	 飾品 - 藍裝	80	1525	1525	0	0	122	122	122	122	122	0	122	0	0	2684	2684	2684	2684	1342	1342	1342	1342	
	8034062	5002	62	8034001	 飾品 - 藍裝	80	1550	1550	0	0	124	124	124	124	124	0	124	0	0	2728	2728	2728	2728	1364	1364	1364	1364	
	8034063	5002	63	8034001	 飾品 - 藍裝	80	1575	1575	0	0	126	126	126	126	126	0	126	0	0	2772	2772	2772	2772	1386	1386	1386	1386	
	8034064	5002	64	8034001	 飾品 - 藍裝	80	1600	1600	0	0	128	128	128	128	128	0	128	0	0	2816	2816	2816	2816	1408	1408	1408	1408	
	8034065	5002	65	8034001	 飾品 - 藍裝	80	1625	1625	0	0	130	130	130	130	130	0	130	0	0	2860	2860	2860	2860	1430	1430	1430	1430	
	8034066	5002	66	8034001	 飾品 - 藍裝	80	1650	1650	0	0	132	132	132	132	132	0	132	0	0	2904	2904	2904	2904	1452	1452	1452	1452	
	8034067	5002	67	8034001	 飾品 - 藍裝	80	1675	1675	0	0	134	134	134	134	134	0	134	0	0	2948	2948	2948	2948	1474	1474	1474	1474	
	8034068	5002	68	8034001	 飾品 - 藍裝	80	1700	1700	0	0	136	136	136	136	136	0	136	0	0	2992	2992	2992	2992	1496	1496	1496	1496	
	8034069	5002	69	8034001	 飾品 - 藍裝	80	1725	1725	0	0	138	138	138	138	138	0	138	0	0	3036	3036	3036	3036	1518	1518	1518	1518	
	8034070	5002	70	8034001	 飾品 - 藍裝	80	1750	1750	0	0	140	140	140	140	140	0	140	0	0	3080	3080	3080	3080	1540	1540	1540	1540	
	8034071	5002	71	8034001	 飾品 - 藍裝	80	1775	1775	0	0	142	142	142	142	142	0	142	0	0	3124	3124	3124	3124	1562	1562	1562	1562	
	8034072	5002	72	8034001	 飾品 - 藍裝	80	1800	1800	0	0	144	144	144	144	144	0	144	0	0	3168	3168	3168	3168	1584	1584	1584	1584	
	8034073	5002	73	8034001	 飾品 - 藍裝	80	1825	1825	0	0	146	146	146	146	146	0	146	0	0	3212	3212	3212	3212	1606	1606	1606	1606	
	8034074	5002	74	8034001	 飾品 - 藍裝	80	1850	1850	0	0	148	148	148	148	148	0	148	0	0	3256	3256	3256	3256	1628	1628	1628	1628	
	8034075	5002	75	8034001	 飾品 - 藍裝	80	1875	1875	0	0	150	150	150	150	150	0	150	0	0	3300	3300	3300	3300	1650	1650	1650	1650	
	8034076	5002	76	8034001	 飾品 - 藍裝	80	1900	1900	0	0	152	152	152	152	152	0	152	0	0	3344	3344	3344	3344	1672	1672	1672	1672	
	8034077	5002	77	8034001	 飾品 - 藍裝	80	1925	1925	0	0	154	154	154	154	154	0	154	0	0	3388	3388	3388	3388	1694	1694	1694	1694	
	8034078	5002	78	8034001	 飾品 - 藍裝	80	1950	1950	0	0	156	156	156	156	156	0	156	0	0	3432	3432	3432	3432	1716	1716	1716	1716	
	8034079	5002	79	8034001	 飾品 - 藍裝	80	1975	1975	0	0	158	158	158	158	158	0	158	0	0	3476	3476	3476	3476	1738	1738	1738	1738	
	8034080	5002	80	8034001	 飾品 - 藍裝	80	2000	2000	0	0	160	160	160	160	160	0	160	0	0	3520	3520	3520	3520	1760	1760	1760	1760	
	8034081	5002	81	8034001	 飾品 - 藍裝	80	2025	2025	0	0	162	162	162	162	162	0	162	0	0	3564	3564	3564	3564	1782	1782	1782	1782	
	8034082	5002	82	8034001	 飾品 - 藍裝	80	2050	2050	0	0	164	164	164	164	164	0	164	0	0	3608	3608	3608	3608	1804	1804	1804	1804	
	8034083	5002	83	8034001	 飾品 - 藍裝	80	2075	2075	0	0	166	166	166	166	166	0	166	0	0	3652	3652	3652	3652	1826	1826	1826	1826	
	8034084	5002	84	8034001	 飾品 - 藍裝	80	2100	2100	0	0	168	168	168	168	168	0	168	0	0	3696	3696	3696	3696	1848	1848	1848	1848	
	8034085	5002	85	8034001	 飾品 - 藍裝	80	2125	2125	0	0	170	170	170	170	170	0	170	0	0	3740	3740	3740	3740	1870	1870	1870	1870	
	8034086	5002	86	8034001	 飾品 - 藍裝	80	2150	2150	0	0	172	172	172	172	172	0	172	0	0	3784	3784	3784	3784	1892	1892	1892	1892	
	8034087	5002	87	8034001	 飾品 - 藍裝	80	2175	2175	0	0	174	174	174	174	174	0	174	0	0	3828	3828	3828	3828	1914	1914	1914	1914	
	8034088	5002	88	8034001	 飾品 - 藍裝	80	2200	2200	0	0	176	176	176	176	176	0	176	0	0	3872	3872	3872	3872	1936	1936	1936	1936	
	8034089	5002	89	8034001	 飾品 - 藍裝	80	2225	2225	0	0	178	178	178	178	178	0	178	0	0	3916	3916	3916	3916	1958	1958	1958	1958	
	8034090	5002	90	8034001	 飾品 - 藍裝	80	2250	2250	0	0	180	180	180	180	180	0	180	0	0	3960	3960	3960	3960	1980	1980	1980	1980	
	8034091	5002	91	8034001	 飾品 - 藍裝	80	2275	2275	0	0	182	182	182	182	182	0	182	0	0	4004	4004	4004	4004	2002	2002	2002	2002	
	8034092	5002	92	8034001	 飾品 - 藍裝	80	2300	2300	0	0	184	184	184	184	184	0	184	0	0	4048	4048	4048	4048	2024	2024	2024	2024	
	8034093	5002	93	8034001	 飾品 - 藍裝	80	2325	2325	0	0	186	186	186	186	186	0	186	0	0	4092	4092	4092	4092	2046	2046	2046	2046	
	8034094	5002	94	8034001	 飾品 - 藍裝	80	2350	2350	0	0	188	188	188	188	188	0	188	0	0	4136	4136	4136	4136	2068	2068	2068	2068	
	8034095	5002	95	8034001	 飾品 - 藍裝	80	2375	2375	0	0	190	190	190	190	190	0	190	0	0	4180	4180	4180	4180	2090	2090	2090	2090	
	8034096	5002	96	8034001	 飾品 - 藍裝	80	2400	2400	0	0	192	192	192	192	192	0	192	0	0	4224	4224	4224	4224	2112	2112	2112	2112	
	8034097	5002	97	8034001	 飾品 - 藍裝	80	2425	2425	0	0	194	194	194	194	194	0	194	0	0	4268	4268	4268	4268	2134	2134	2134	2134	
	8034098	5002	98	8034001	 飾品 - 藍裝	80	2450	2450	0	0	196	196	196	196	196	0	196	0	0	4312	4312	4312	4312	2156	2156	2156	2156	
	8034099	5002	99	8034001	 飾品 - 藍裝	80	2475	2475	0	0	198	198	198	198	198	0	198	0	0	4356	4356	4356	4356	2178	2178	2178	2178	
	8034100	5002	100	8034001	 飾品 - 藍裝	80	2500	2500	0	0	200	200	200	200	200	0	200	0	0	4400	4400	4400	4400	2200	2200	2200	2200	
	8034101	5002	101	8034001	 飾品 - 藍裝	80	2525	2525	0	0	202	202	202	202	202	0	202	0	0	4444	4444	4444	4444	2222	2222	2222	2222	
	8034102	5002	102	8034001	 飾品 - 藍裝	80	2550	2550	0	0	204	204	204	204	204	0	204	0	0	4488	4488	4488	4488	2244	2244	2244	2244	
	8034103	5002	103	8034001	 飾品 - 藍裝	80	2575	2575	0	0	206	206	206	206	206	0	206	0	0	4532	4532	4532	4532	2266	2266	2266	2266	
	8034104	5002	104	8034001	 飾品 - 藍裝	80	2600	2600	0	0	208	208	208	208	208	0	208	0	0	4576	4576	4576	4576	2288	2288	2288	2288	
	8034105	5002	105	8034001	 飾品 - 藍裝	80	2625	2625	0	0	210	210	210	210	210	0	210	0	0	4620	4620	4620	4620	2310	2310	2310	2310	
	8034106	5002	106	8034001	 飾品 - 藍裝	80	2650	2650	0	0	212	212	212	212	212	0	212	0	0	4664	4664	4664	4664	2332	2332	2332	2332	
	8034107	5002	107	8034001	 飾品 - 藍裝	80	2675	2675	0	0	214	214	214	214	214	0	214	0	0	4708	4708	4708	4708	2354	2354	2354	2354	
	8034108	5002	108	8034001	 飾品 - 藍裝	80	2700	2700	0	0	216	216	216	216	216	0	216	0	0	4752	4752	4752	4752	2376	2376	2376	2376	
# 飾品 - 紫裝																												
	8035001	5002	1	8035001	 飾品 - 紫裝	80	27	27	0	0	2	2	2	2	2	0	2	0	0	44	44	44	44	22	22	22	22	
	8035002	5002	2	8035001	 飾品 - 紫裝	80	54	54	0	0	4	4	4	4	4	0	4	0	0	88	88	88	88	44	44	44	44	
	8035003	5002	3	8035001	 飾品 - 紫裝	80	81	81	0	0	6	6	6	6	6	0	6	0	0	132	132	132	132	66	66	66	66	
	8035004	5002	4	8035001	 飾品 - 紫裝	80	108	108	0	0	8	8	8	8	8	0	8	0	0	176	176	176	176	88	88	88	88	
	8035005	5002	5	8035001	 飾品 - 紫裝	80	135	135	0	0	10	10	10	10	10	0	10	0	0	220	220	220	220	110	110	110	110	
	8035006	5002	6	8035001	 飾品 - 紫裝	80	162	162	0	0	12	12	12	12	12	0	12	0	0	264	264	264	264	132	132	132	132	
	8035007	5002	7	8035001	 飾品 - 紫裝	80	189	189	0	0	14	14	14	14	14	0	14	0	0	308	308	308	308	154	154	154	154	
	8035008	5002	8	8035001	 飾品 - 紫裝	80	216	216	0	0	16	16	16	16	16	0	16	0	0	352	352	352	352	176	176	176	176	
	8035009	5002	9	8035001	 飾品 - 紫裝	80	243	243	0	0	18	18	18	18	18	0	18	0	0	396	396	396	396	198	198	198	198	
	8035010	5002	10	8035001	 飾品 - 紫裝	80	270	270	0	0	20	20	20	20	20	0	20	0	0	440	440	440	440	220	220	220	220	
	8035011	5002	11	8035001	 飾品 - 紫裝	80	297	297	0	0	22	22	22	22	22	0	22	0	0	484	484	484	484	242	242	242	242	
	8035012	5002	12	8035001	 飾品 - 紫裝	80	324	324	0	0	24	24	24	24	24	0	24	0	0	528	528	528	528	264	264	264	264	
	8035013	5002	13	8035001	 飾品 - 紫裝	80	351	351	0	0	26	26	26	26	26	0	26	0	0	572	572	572	572	286	286	286	286	
	8035014	5002	14	8035001	 飾品 - 紫裝	80	378	378	0	0	28	28	28	28	28	0	28	0	0	616	616	616	616	308	308	308	308	
	8035015	5002	15	8035001	 飾品 - 紫裝	80	405	405	0	0	30	30	30	30	30	0	30	0	0	660	660	660	660	330	330	330	330	
	8035016	5002	16	8035001	 飾品 - 紫裝	80	432	432	0	0	32	32	32	32	32	0	32	0	0	704	704	704	704	352	352	352	352	
	8035017	5002	17	8035001	 飾品 - 紫裝	80	459	459	0	0	34	34	34	34	34	0	34	0	0	748	748	748	748	374	374	374	374	
	8035018	5002	18	8035001	 飾品 - 紫裝	80	486	486	0	0	36	36	36	36	36	0	36	0	0	792	792	792	792	396	396	396	396	
	8035019	5002	19	8035001	 飾品 - 紫裝	80	513	513	0	0	38	38	38	38	38	0	38	0	0	836	836	836	836	418	418	418	418	
	8035020	5002	20	8035001	 飾品 - 紫裝	80	540	540	0	0	40	40	40	40	40	0	40	0	0	880	880	880	880	440	440	440	440	
	8035021	5002	21	8035001	 飾品 - 紫裝	80	567	567	0	0	42	42	42	42	42	0	42	0	0	924	924	924	924	462	462	462	462	
	8035022	5002	22	8035001	 飾品 - 紫裝	80	594	594	0	0	44	44	44	44	44	0	44	0	0	968	968	968	968	484	484	484	484	
	8035023	5002	23	8035001	 飾品 - 紫裝	80	621	621	0	0	46	46	46	46	46	0	46	0	0	1012	1012	1012	1012	506	506	506	506	
	8035024	5002	24	8035001	 飾品 - 紫裝	80	648	648	0	0	48	48	48	48	48	0	48	0	0	1056	1056	1056	1056	528	528	528	528	
	8035025	5002	25	8035001	 飾品 - 紫裝	80	675	675	0	0	50	50	50	50	50	0	50	0	0	1100	1100	1100	1100	550	550	550	550	
	8035026	5002	26	8035001	 飾品 - 紫裝	80	702	702	0	0	52	52	52	52	52	0	52	0	0	1144	1144	1144	1144	572	572	572	572	
	8035027	5002	27	8035001	 飾品 - 紫裝	80	729	729	0	0	54	54	54	54	54	0	54	0	0	1188	1188	1188	1188	594	594	594	594	
	8035028	5002	28	8035001	 飾品 - 紫裝	80	756	756	0	0	56	56	56	56	56	0	56	0	0	1232	1232	1232	1232	616	616	616	616	
	8035029	5002	29	8035001	 飾品 - 紫裝	80	783	783	0	0	58	58	58	58	58	0	58	0	0	1276	1276	1276	1276	638	638	638	638	
	8035030	5002	30	8035001	 飾品 - 紫裝	80	810	810	0	0	60	60	60	60	60	0	60	0	0	1320	1320	1320	1320	660	660	660	660	
	8035031	5002	31	8035001	 飾品 - 紫裝	80	837	837	0	0	62	62	62	62	62	0	62	0	0	1364	1364	1364	1364	682	682	682	682	
	8035032	5002	32	8035001	 飾品 - 紫裝	80	864	864	0	0	64	64	64	64	64	0	64	0	0	1408	1408	1408	1408	704	704	704	704	
	8035033	5002	33	8035001	 飾品 - 紫裝	80	891	891	0	0	66	66	66	66	66	0	66	0	0	1452	1452	1452	1452	726	726	726	726	
	8035034	5002	34	8035001	 飾品 - 紫裝	80	918	918	0	0	68	68	68	68	68	0	68	0	0	1496	1496	1496	1496	748	748	748	748	
	8035035	5002	35	8035001	 飾品 - 紫裝	80	945	945	0	0	70	70	70	70	70	0	70	0	0	1540	1540	1540	1540	770	770	770	770	
	8035036	5002	36	8035001	 飾品 - 紫裝	80	972	972	0	0	72	72	72	72	72	0	72	0	0	1584	1584	1584	1584	792	792	792	792	
	8035037	5002	37	8035001	 飾品 - 紫裝	80	999	999	0	0	74	74	74	74	74	0	74	0	0	1628	1628	1628	1628	814	814	814	814	
	8035038	5002	38	8035001	 飾品 - 紫裝	80	1026	1026	0	0	76	76	76	76	76	0	76	0	0	1672	1672	1672	1672	836	836	836	836	
	8035039	5002	39	8035001	 飾品 - 紫裝	80	1053	1053	0	0	78	78	78	78	78	0	78	0	0	1716	1716	1716	1716	858	858	858	858	
	8035040	5002	40	8035001	 飾品 - 紫裝	80	1080	1080	0	0	80	80	80	80	80	0	80	0	0	1760	1760	1760	1760	880	880	880	880	
	8035041	5002	41	8035001	 飾品 - 紫裝	80	1107	1107	0	0	82	82	82	82	82	0	82	0	0	1804	1804	1804	1804	902	902	902	902	
	8035042	5002	42	8035001	 飾品 - 紫裝	80	1134	1134	0	0	84	84	84	84	84	0	84	0	0	1848	1848	1848	1848	924	924	924	924	
	8035043	5002	43	8035001	 飾品 - 紫裝	80	1161	1161	0	0	86	86	86	86	86	0	86	0	0	1892	1892	1892	1892	946	946	946	946	
	8035044	5002	44	8035001	 飾品 - 紫裝	80	1188	1188	0	0	88	88	88	88	88	0	88	0	0	1936	1936	1936	1936	968	968	968	968	
	8035045	5002	45	8035001	 飾品 - 紫裝	80	1215	1215	0	0	90	90	90	90	90	0	90	0	0	1980	1980	1980	1980	990	990	990	990	
	8035046	5002	46	8035001	 飾品 - 紫裝	80	1242	1242	0	0	92	92	92	92	92	0	92	0	0	2024	2024	2024	2024	1012	1012	1012	1012	
	8035047	5002	47	8035001	 飾品 - 紫裝	80	1269	1269	0	0	94	94	94	94	94	0	94	0	0	2068	2068	2068	2068	1034	1034	1034	1034	
	8035048	5002	48	8035001	 飾品 - 紫裝	80	1296	1296	0	0	96	96	96	96	96	0	96	0	0	2112	2112	2112	2112	1056	1056	1056	1056	
	8035049	5002	49	8035001	 飾品 - 紫裝	80	1323	1323	0	0	98	98	98	98	98	0	98	0	0	2156	2156	2156	2156	1078	1078	1078	1078	
	8035050	5002	50	8035001	 飾品 - 紫裝	80	1350	1350	0	0	100	100	100	100	100	0	100	0	0	2200	2200	2200	2200	1100	1100	1100	1100	
	8035051	5002	51	8035001	 飾品 - 紫裝	80	1377	1377	0	0	102	102	102	102	102	0	102	0	0	2244	2244	2244	2244	1122	1122	1122	1122	
	8035052	5002	52	8035001	 飾品 - 紫裝	80	1404	1404	0	0	104	104	104	104	104	0	104	0	0	2288	2288	2288	2288	1144	1144	1144	1144	
	8035053	5002	53	8035001	 飾品 - 紫裝	80	1431	1431	0	0	106	106	106	106	106	0	106	0	0	2332	2332	2332	2332	1166	1166	1166	1166	
	8035054	5002	54	8035001	 飾品 - 紫裝	80	1458	1458	0	0	108	108	108	108	108	0	108	0	0	2376	2376	2376	2376	1188	1188	1188	1188	
	8035055	5002	55	8035001	 飾品 - 紫裝	80	1485	1485	0	0	110	110	110	110	110	0	110	0	0	2420	2420	2420	2420	1210	1210	1210	1210	
	8035056	5002	56	8035001	 飾品 - 紫裝	80	1512	1512	0	0	112	112	112	112	112	0	112	0	0	2464	2464	2464	2464	1232	1232	1232	1232	
	8035057	5002	57	8035001	 飾品 - 紫裝	80	1539	1539	0	0	114	114	114	114	114	0	114	0	0	2508	2508	2508	2508	1254	1254	1254	1254	
	8035058	5002	58	8035001	 飾品 - 紫裝	80	1566	1566	0	0	116	116	116	116	116	0	116	0	0	2552	2552	2552	2552	1276	1276	1276	1276	
	8035059	5002	59	8035001	 飾品 - 紫裝	80	1593	1593	0	0	118	118	118	118	118	0	118	0	0	2596	2596	2596	2596	1298	1298	1298	1298	
	8035060	5002	60	8035001	 飾品 - 紫裝	80	1620	1620	0	0	120	120	120	120	120	0	120	0	0	2640	2640	2640	2640	1320	1320	1320	1320	
	8035061	5002	61	8035001	 飾品 - 紫裝	80	1647	1647	0	0	122	122	122	122	122	0	122	0	0	2684	2684	2684	2684	1342	1342	1342	1342	
	8035062	5002	62	8035001	 飾品 - 紫裝	80	1674	1674	0	0	124	124	124	124	124	0	124	0	0	2728	2728	2728	2728	1364	1364	1364	1364	
	8035063	5002	63	8035001	 飾品 - 紫裝	80	1701	1701	0	0	126	126	126	126	126	0	126	0	0	2772	2772	2772	2772	1386	1386	1386	1386	
	8035064	5002	64	8035001	 飾品 - 紫裝	80	1728	1728	0	0	128	128	128	128	128	0	128	0	0	2816	2816	2816	2816	1408	1408	1408	1408	
	8035065	5002	65	8035001	 飾品 - 紫裝	80	1755	1755	0	0	130	130	130	130	130	0	130	0	0	2860	2860	2860	2860	1430	1430	1430	1430	
	8035066	5002	66	8035001	 飾品 - 紫裝	80	1782	1782	0	0	132	132	132	132	132	0	132	0	0	2904	2904	2904	2904	1452	1452	1452	1452	
	8035067	5002	67	8035001	 飾品 - 紫裝	80	1809	1809	0	0	134	134	134	134	134	0	134	0	0	2948	2948	2948	2948	1474	1474	1474	1474	
	8035068	5002	68	8035001	 飾品 - 紫裝	80	1836	1836	0	0	136	136	136	136	136	0	136	0	0	2992	2992	2992	2992	1496	1496	1496	1496	
	8035069	5002	69	8035001	 飾品 - 紫裝	80	1863	1863	0	0	138	138	138	138	138	0	138	0	0	3036	3036	3036	3036	1518	1518	1518	1518	
	8035070	5002	70	8035001	 飾品 - 紫裝	80	1890	1890	0	0	140	140	140	140	140	0	140	0	0	3080	3080	3080	3080	1540	1540	1540	1540	
	8035071	5002	71	8035001	 飾品 - 紫裝	80	1917	1917	0	0	142	142	142	142	142	0	142	0	0	3124	3124	3124	3124	1562	1562	1562	1562	
	8035072	5002	72	8035001	 飾品 - 紫裝	80	1944	1944	0	0	144	144	144	144	144	0	144	0	0	3168	3168	3168	3168	1584	1584	1584	1584	
	8035073	5002	73	8035001	 飾品 - 紫裝	80	1971	1971	0	0	146	146	146	146	146	0	146	0	0	3212	3212	3212	3212	1606	1606	1606	1606	
	8035074	5002	74	8035001	 飾品 - 紫裝	80	1998	1998	0	0	148	148	148	148	148	0	148	0	0	3256	3256	3256	3256	1628	1628	1628	1628	
	8035075	5002	75	8035001	 飾品 - 紫裝	80	2025	2025	0	0	150	150	150	150	150	0	150	0	0	3300	3300	3300	3300	1650	1650	1650	1650	
	8035076	5002	76	8035001	 飾品 - 紫裝	80	2052	2052	0	0	152	152	152	152	152	0	152	0	0	3344	3344	3344	3344	1672	1672	1672	1672	
	8035077	5002	77	8035001	 飾品 - 紫裝	80	2079	2079	0	0	154	154	154	154	154	0	154	0	0	3388	3388	3388	3388	1694	1694	1694	1694	
	8035078	5002	78	8035001	 飾品 - 紫裝	80	2106	2106	0	0	156	156	156	156	156	0	156	0	0	3432	3432	3432	3432	1716	1716	1716	1716	
	8035079	5002	79	8035001	 飾品 - 紫裝	80	2133	2133	0	0	158	158	158	158	158	0	158	0	0	3476	3476	3476	3476	1738	1738	1738	1738	
	8035080	5002	80	8035001	 飾品 - 紫裝	80	2160	2160	0	0	160	160	160	160	160	0	160	0	0	3520	3520	3520	3520	1760	1760	1760	1760	
	8035081	5002	81	8035001	 飾品 - 紫裝	80	2187	2187	0	0	162	162	162	162	162	0	162	0	0	3564	3564	3564	3564	1782	1782	1782	1782	
	8035082	5002	82	8035001	 飾品 - 紫裝	80	2214	2214	0	0	164	164	164	164	164	0	164	0	0	3608	3608	3608	3608	1804	1804	1804	1804	
	8035083	5002	83	8035001	 飾品 - 紫裝	80	2241	2241	0	0	166	166	166	166	166	0	166	0	0	3652	3652	3652	3652	1826	1826	1826	1826	
	8035084	5002	84	8035001	 飾品 - 紫裝	80	2268	2268	0	0	168	168	168	168	168	0	168	0	0	3696	3696	3696	3696	1848	1848	1848	1848	
	8035085	5002	85	8035001	 飾品 - 紫裝	80	2295	2295	0	0	170	170	170	170	170	0	170	0	0	3740	3740	3740	3740	1870	1870	1870	1870	
	8035086	5002	86	8035001	 飾品 - 紫裝	80	2322	2322	0	0	172	172	172	172	172	0	172	0	0	3784	3784	3784	3784	1892	1892	1892	1892	
	8035087	5002	87	8035001	 飾品 - 紫裝	80	2349	2349	0	0	174	174	174	174	174	0	174	0	0	3828	3828	3828	3828	1914	1914	1914	1914	
	8035088	5002	88	8035001	 飾品 - 紫裝	80	2376	2376	0	0	176	176	176	176	176	0	176	0	0	3872	3872	3872	3872	1936	1936	1936	1936	
	8035089	5002	89	8035001	 飾品 - 紫裝	80	2403	2403	0	0	178	178	178	178	178	0	178	0	0	3916	3916	3916	3916	1958	1958	1958	1958	
	8035090	5002	90	8035001	 飾品 - 紫裝	80	2430	2430	0	0	180	180	180	180	180	0	180	0	0	3960	3960	3960	3960	1980	1980	1980	1980	
	8035091	5002	91	8035001	 飾品 - 紫裝	80	2457	2457	0	0	182	182	182	182	182	0	182	0	0	4004	4004	4004	4004	2002	2002	2002	2002	
	8035092	5002	92	8035001	 飾品 - 紫裝	80	2484	2484	0	0	184	184	184	184	184	0	184	0	0	4048	4048	4048	4048	2024	2024	2024	2024	
	8035093	5002	93	8035001	 飾品 - 紫裝	80	2511	2511	0	0	186	186	186	186	186	0	186	0	0	4092	4092	4092	4092	2046	2046	2046	2046	
	8035094	5002	94	8035001	 飾品 - 紫裝	80	2538	2538	0	0	188	188	188	188	188	0	188	0	0	4136	4136	4136	4136	2068	2068	2068	2068	
	8035095	5002	95	8035001	 飾品 - 紫裝	80	2565	2565	0	0	190	190	190	190	190	0	190	0	0	4180	4180	4180	4180	2090	2090	2090	2090	
	8035096	5002	96	8035001	 飾品 - 紫裝	80	2592	2592	0	0	192	192	192	192	192	0	192	0	0	4224	4224	4224	4224	2112	2112	2112	2112	
	8035097	5002	97	8035001	 飾品 - 紫裝	80	2619	2619	0	0	194	194	194	194	194	0	194	0	0	4268	4268	4268	4268	2134	2134	2134	2134	
	8035098	5002	98	8035001	 飾品 - 紫裝	80	2646	2646	0	0	196	196	196	196	196	0	196	0	0	4312	4312	4312	4312	2156	2156	2156	2156	
	8035099	5002	99	8035001	 飾品 - 紫裝	80	2673	2673	0	0	198	198	198	198	198	0	198	0	0	4356	4356	4356	4356	2178	2178	2178	2178	
	8035100	5002	100	8035001	 飾品 - 紫裝	80	2700	2700	0	0	200	200	200	200	200	0	200	0	0	4400	4400	4400	4400	2200	2200	2200	2200	
	8035101	5002	101	8035001	 飾品 - 紫裝	80	2727	2727	0	0	202	202	202	202	202	0	202	0	0	4444	4444	4444	4444	2222	2222	2222	2222	
	8035102	5002	102	8035001	 飾品 - 紫裝	80	2754	2754	0	0	204	204	204	204	204	0	204	0	0	4488	4488	4488	4488	2244	2244	2244	2244	
	8035103	5002	103	8035001	 飾品 - 紫裝	80	2781	2781	0	0	206	206	206	206	206	0	206	0	0	4532	4532	4532	4532	2266	2266	2266	2266	
	8035104	5002	104	8035001	 飾品 - 紫裝	80	2808	2808	0	0	208	208	208	208	208	0	208	0	0	4576	4576	4576	4576	2288	2288	2288	2288	
	8035105	5002	105	8035001	 飾品 - 紫裝	80	2835	2835	0	0	210	210	210	210	210	0	210	0	0	4620	4620	4620	4620	2310	2310	2310	2310	
	8035106	5002	106	8035001	 飾品 - 紫裝	80	2862	2862	0	0	212	212	212	212	212	0	212	0	0	4664	4664	4664	4664	2332	2332	2332	2332	
	8035107	5002	107	8035001	 飾品 - 紫裝	80	2889	2889	0	0	214	214	214	214	214	0	214	0	0	4708	4708	4708	4708	2354	2354	2354	2354	
	8035108	5002	108	8035001	 飾品 - 紫裝	80	2916	2916	0	0	216	216	216	216	216	0	216	0	0	4752	4752	4752	4752	2376	2376	2376	2376	
# 100級強化屬性數值表 01-1-1-001：對應等級限制 - 類型 (1:武器;2:防具;3:飾品) - 層級 (1:灰;2:白;3:綠;4:藍;5:紫) - 裝備等級																												
# 武器強化屬性數值表																												
# 武器 - 灰裝																												
	10011001	5002	1	10011001	 武器 - 灰裝	100	61	61	0	0	1	1	1	1	1	0	1	40	0	0	0	0	0	0	0	0	0	
	10011002	5002	2	10011001	 武器 - 灰裝	100	122	122	0	0	2	2	2	2	2	0	2	80	0	0	0	0	0	0	0	0	0	
	10011003	5002	3	10011001	 武器 - 灰裝	100	183	183	0	0	3	3	3	3	3	0	3	120	0	0	0	0	0	0	0	0	0	
	10011004	5002	4	10011001	 武器 - 灰裝	100	244	244	0	0	4	4	4	4	4	0	4	160	0	0	0	0	0	0	0	0	0	
	10011005	5002	5	10011001	 武器 - 灰裝	100	305	305	0	0	5	5	5	5	5	0	5	200	0	0	0	0	0	0	0	0	0	
	10011006	5002	6	10011001	 武器 - 灰裝	100	366	366	0	0	6	6	6	6	6	0	6	240	0	0	0	0	0	0	0	0	0	
	10011007	5002	7	10011001	 武器 - 灰裝	100	427	427	0	0	7	7	7	7	7	0	7	280	0	0	0	0	0	0	0	0	0	
	10011008	5002	8	10011001	 武器 - 灰裝	100	488	488	0	0	8	8	8	8	8	0	8	320	0	0	0	0	0	0	0	0	0	
	10011009	5002	9	10011001	 武器 - 灰裝	100	549	549	0	0	9	9	9	9	9	0	9	360	0	0	0	0	0	0	0	0	0	
	10011010	5002	10	10011001	 武器 - 灰裝	100	610	610	0	0	10	10	10	10	10	0	10	400	0	0	0	0	0	0	0	0	0	
	10011011	5002	11	10011001	 武器 - 灰裝	100	671	671	0	0	11	11	11	11	11	0	11	440	0	0	0	0	0	0	0	0	0	
	10011012	5002	12	10011001	 武器 - 灰裝	100	732	732	0	0	12	12	12	12	12	0	12	480	0	0	0	0	0	0	0	0	0	
	10011013	5002	13	10011001	 武器 - 灰裝	100	793	793	0	0	13	13	13	13	13	0	13	520	0	0	0	0	0	0	0	0	0	
	10011014	5002	14	10011001	 武器 - 灰裝	100	854	854	0	0	14	14	14	14	14	0	14	560	0	0	0	0	0	0	0	0	0	
	10011015	5002	15	10011001	 武器 - 灰裝	100	915	915	0	0	15	15	15	15	15	0	15	600	0	0	0	0	0	0	0	0	0	
	10011016	5002	16	10011001	 武器 - 灰裝	100	976	976	0	0	16	16	16	16	16	0	16	640	0	0	0	0	0	0	0	0	0	
	10011017	5002	17	10011001	 武器 - 灰裝	100	1037	1037	0	0	17	17	17	17	17	0	17	680	0	0	0	0	0	0	0	0	0	
	10011018	5002	18	10011001	 武器 - 灰裝	100	1098	1098	0	0	18	18	18	18	18	0	18	720	0	0	0	0	0	0	0	0	0	
	10011019	5002	19	10011001	 武器 - 灰裝	100	1159	1159	0	0	19	19	19	19	19	0	19	760	0	0	0	0	0	0	0	0	0	
	10011020	5002	20	10011001	 武器 - 灰裝	100	1220	1220	0	0	20	20	20	20	20	0	20	800	0	0	0	0	0	0	0	0	0	
	10011021	5002	21	10011001	 武器 - 灰裝	100	1281	1281	0	0	21	21	21	21	21	0	21	840	0	0	0	0	0	0	0	0	0	
	10011022	5002	22	10011001	 武器 - 灰裝	100	1342	1342	0	0	22	22	22	22	22	0	22	880	0	0	0	0	0	0	0	0	0	
	10011023	5002	23	10011001	 武器 - 灰裝	100	1403	1403	0	0	23	23	23	23	23	0	23	920	0	0	0	0	0	0	0	0	0	
	10011024	5002	24	10011001	 武器 - 灰裝	100	1464	1464	0	0	24	24	24	24	24	0	24	960	0	0	0	0	0	0	0	0	0	
	10011025	5002	25	10011001	 武器 - 灰裝	100	1525	1525	0	0	25	25	25	25	25	0	25	1000	0	0	0	0	0	0	0	0	0	
	10011026	5002	26	10011001	 武器 - 灰裝	100	1586	1586	0	0	26	26	26	26	26	0	26	1040	0	0	0	0	0	0	0	0	0	
	10011027	5002	27	10011001	 武器 - 灰裝	100	1647	1647	0	0	27	27	27	27	27	0	27	1080	0	0	0	0	0	0	0	0	0	
	10011028	5002	28	10011001	 武器 - 灰裝	100	1708	1708	0	0	28	28	28	28	28	0	28	1120	0	0	0	0	0	0	0	0	0	
	10011029	5002	29	10011001	 武器 - 灰裝	100	1769	1769	0	0	29	29	29	29	29	0	29	1160	0	0	0	0	0	0	0	0	0	
	10011030	5002	30	10011001	 武器 - 灰裝	100	1830	1830	0	0	30	30	30	30	30	0	30	1200	0	0	0	0	0	0	0	0	0	
	10011031	5002	31	10011001	 武器 - 灰裝	100	1891	1891	0	0	31	31	31	31	31	0	31	1240	0	0	0	0	0	0	0	0	0	
	10011032	5002	32	10011001	 武器 - 灰裝	100	1952	1952	0	0	32	32	32	32	32	0	32	1280	0	0	0	0	0	0	0	0	0	
	10011033	5002	33	10011001	 武器 - 灰裝	100	2013	2013	0	0	33	33	33	33	33	0	33	1320	0	0	0	0	0	0	0	0	0	
	10011034	5002	34	10011001	 武器 - 灰裝	100	2074	2074	0	0	34	34	34	34	34	0	34	1360	0	0	0	0	0	0	0	0	0	
	10011035	5002	35	10011001	 武器 - 灰裝	100	2135	2135	0	0	35	35	35	35	35	0	35	1400	0	0	0	0	0	0	0	0	0	
	10011036	5002	36	10011001	 武器 - 灰裝	100	2196	2196	0	0	36	36	36	36	36	0	36	1440	0	0	0	0	0	0	0	0	0	
	10011037	5002	37	10011001	 武器 - 灰裝	100	2257	2257	0	0	37	37	37	37	37	0	37	1480	0	0	0	0	0	0	0	0	0	
	10011038	5002	38	10011001	 武器 - 灰裝	100	2318	2318	0	0	38	38	38	38	38	0	38	1520	0	0	0	0	0	0	0	0	0	
	10011039	5002	39	10011001	 武器 - 灰裝	100	2379	2379	0	0	39	39	39	39	39	0	39	1560	0	0	0	0	0	0	0	0	0	
	10011040	5002	40	10011001	 武器 - 灰裝	100	2440	2440	0	0	40	40	40	40	40	0	40	1600	0	0	0	0	0	0	0	0	0	
	10011041	5002	41	10011001	 武器 - 灰裝	100	2501	2501	0	0	41	41	41	41	41	0	41	1640	0	0	0	0	0	0	0	0	0	
	10011042	5002	42	10011001	 武器 - 灰裝	100	2562	2562	0	0	42	42	42	42	42	0	42	1680	0	0	0	0	0	0	0	0	0	
	10011043	5002	43	10011001	 武器 - 灰裝	100	2623	2623	0	0	43	43	43	43	43	0	43	1720	0	0	0	0	0	0	0	0	0	
	10011044	5002	44	10011001	 武器 - 灰裝	100	2684	2684	0	0	44	44	44	44	44	0	44	1760	0	0	0	0	0	0	0	0	0	
	10011045	5002	45	10011001	 武器 - 灰裝	100	2745	2745	0	0	45	45	45	45	45	0	45	1800	0	0	0	0	0	0	0	0	0	
	10011046	5002	46	10011001	 武器 - 灰裝	100	2806	2806	0	0	46	46	46	46	46	0	46	1840	0	0	0	0	0	0	0	0	0	
	10011047	5002	47	10011001	 武器 - 灰裝	100	2867	2867	0	0	47	47	47	47	47	0	47	1880	0	0	0	0	0	0	0	0	0	
	10011048	5002	48	10011001	 武器 - 灰裝	100	2928	2928	0	0	48	48	48	48	48	0	48	1920	0	0	0	0	0	0	0	0	0	
	10011049	5002	49	10011001	 武器 - 灰裝	100	2989	2989	0	0	49	49	49	49	49	0	49	1960	0	0	0	0	0	0	0	0	0	
	10011050	5002	50	10011001	 武器 - 灰裝	100	3050	3050	0	0	50	50	50	50	50	0	50	2000	0	0	0	0	0	0	0	0	0	
	10011051	5002	51	10011001	 武器 - 灰裝	100	3111	3111	0	0	51	51	51	51	51	0	51	2040	0	0	0	0	0	0	0	0	0	
	10011052	5002	52	10011001	 武器 - 灰裝	100	3172	3172	0	0	52	52	52	52	52	0	52	2080	0	0	0	0	0	0	0	0	0	
	10011053	5002	53	10011001	 武器 - 灰裝	100	3233	3233	0	0	53	53	53	53	53	0	53	2120	0	0	0	0	0	0	0	0	0	
	10011054	5002	54	10011001	 武器 - 灰裝	100	3294	3294	0	0	54	54	54	54	54	0	54	2160	0	0	0	0	0	0	0	0	0	
	10011055	5002	55	10011001	 武器 - 灰裝	100	3355	3355	0	0	55	55	55	55	55	0	55	2200	0	0	0	0	0	0	0	0	0	
	10011056	5002	56	10011001	 武器 - 灰裝	100	3416	3416	0	0	56	56	56	56	56	0	56	2240	0	0	0	0	0	0	0	0	0	
	10011057	5002	57	10011001	 武器 - 灰裝	100	3477	3477	0	0	57	57	57	57	57	0	57	2280	0	0	0	0	0	0	0	0	0	
	10011058	5002	58	10011001	 武器 - 灰裝	100	3538	3538	0	0	58	58	58	58	58	0	58	2320	0	0	0	0	0	0	0	0	0	
	10011059	5002	59	10011001	 武器 - 灰裝	100	3599	3599	0	0	59	59	59	59	59	0	59	2360	0	0	0	0	0	0	0	0	0	
	10011060	5002	60	10011001	 武器 - 灰裝	100	3660	3660	0	0	60	60	60	60	60	0	60	2400	0	0	0	0	0	0	0	0	0	
	10011061	5002	61	10011001	 武器 - 灰裝	100	3721	3721	0	0	61	61	61	61	61	0	61	2440	0	0	0	0	0	0	0	0	0	
	10011062	5002	62	10011001	 武器 - 灰裝	100	3782	3782	0	0	62	62	62	62	62	0	62	2480	0	0	0	0	0	0	0	0	0	
	10011063	5002	63	10011001	 武器 - 灰裝	100	3843	3843	0	0	63	63	63	63	63	0	63	2520	0	0	0	0	0	0	0	0	0	
	10011064	5002	64	10011001	 武器 - 灰裝	100	3904	3904	0	0	64	64	64	64	64	0	64	2560	0	0	0	0	0	0	0	0	0	
	10011065	5002	65	10011001	 武器 - 灰裝	100	3965	3965	0	0	65	65	65	65	65	0	65	2600	0	0	0	0	0	0	0	0	0	
	10011066	5002	66	10011001	 武器 - 灰裝	100	4026	4026	0	0	66	66	66	66	66	0	66	2640	0	0	0	0	0	0	0	0	0	
	10011067	5002	67	10011001	 武器 - 灰裝	100	4087	4087	0	0	67	67	67	67	67	0	67	2680	0	0	0	0	0	0	0	0	0	
	10011068	5002	68	10011001	 武器 - 灰裝	100	4148	4148	0	0	68	68	68	68	68	0	68	2720	0	0	0	0	0	0	0	0	0	
	10011069	5002	69	10011001	 武器 - 灰裝	100	4209	4209	0	0	69	69	69	69	69	0	69	2760	0	0	0	0	0	0	0	0	0	
	10011070	5002	70	10011001	 武器 - 灰裝	100	4270	4270	0	0	70	70	70	70	70	0	70	2800	0	0	0	0	0	0	0	0	0	
	10011071	5002	71	10011001	 武器 - 灰裝	100	4331	4331	0	0	71	71	71	71	71	0	71	2840	0	0	0	0	0	0	0	0	0	
	10011072	5002	72	10011001	 武器 - 灰裝	100	4392	4392	0	0	72	72	72	72	72	0	72	2880	0	0	0	0	0	0	0	0	0	
	10011073	5002	73	10011001	 武器 - 灰裝	100	4453	4453	0	0	73	73	73	73	73	0	73	2920	0	0	0	0	0	0	0	0	0	
	10011074	5002	74	10011001	 武器 - 灰裝	100	4514	4514	0	0	74	74	74	74	74	0	74	2960	0	0	0	0	0	0	0	0	0	
	10011075	5002	75	10011001	 武器 - 灰裝	100	4575	4575	0	0	75	75	75	75	75	0	75	3000	0	0	0	0	0	0	0	0	0	
	10011076	5002	76	10011001	 武器 - 灰裝	100	4636	4636	0	0	76	76	76	76	76	0	76	3040	0	0	0	0	0	0	0	0	0	
	10011077	5002	77	10011001	 武器 - 灰裝	100	4697	4697	0	0	77	77	77	77	77	0	77	3080	0	0	0	0	0	0	0	0	0	
	10011078	5002	78	10011001	 武器 - 灰裝	100	4758	4758	0	0	78	78	78	78	78	0	78	3120	0	0	0	0	0	0	0	0	0	
	10011079	5002	79	10011001	 武器 - 灰裝	100	4819	4819	0	0	79	79	79	79	79	0	79	3160	0	0	0	0	0	0	0	0	0	
	10011080	5002	80	10011001	 武器 - 灰裝	100	4880	4880	0	0	80	80	80	80	80	0	80	3200	0	0	0	0	0	0	0	0	0	
	10011081	5002	81	10011001	 武器 - 灰裝	100	4941	4941	0	0	81	81	81	81	81	0	81	3240	0	0	0	0	0	0	0	0	0	
	10011082	5002	82	10011001	 武器 - 灰裝	100	5002	5002	0	0	82	82	82	82	82	0	82	3280	0	0	0	0	0	0	0	0	0	
	10011083	5002	83	10011001	 武器 - 灰裝	100	5063	5063	0	0	83	83	83	83	83	0	83	3320	0	0	0	0	0	0	0	0	0	
	10011084	5002	84	10011001	 武器 - 灰裝	100	5124	5124	0	0	84	84	84	84	84	0	84	3360	0	0	0	0	0	0	0	0	0	
	10011085	5002	85	10011001	 武器 - 灰裝	100	5185	5185	0	0	85	85	85	85	85	0	85	3400	0	0	0	0	0	0	0	0	0	
	10011086	5002	86	10011001	 武器 - 灰裝	100	5246	5246	0	0	86	86	86	86	86	0	86	3440	0	0	0	0	0	0	0	0	0	
	10011087	5002	87	10011001	 武器 - 灰裝	100	5307	5307	0	0	87	87	87	87	87	0	87	3480	0	0	0	0	0	0	0	0	0	
	10011088	5002	88	10011001	 武器 - 灰裝	100	5368	5368	0	0	88	88	88	88	88	0	88	3520	0	0	0	0	0	0	0	0	0	
	10011089	5002	89	10011001	 武器 - 灰裝	100	5429	5429	0	0	89	89	89	89	89	0	89	3560	0	0	0	0	0	0	0	0	0	
	10011090	5002	90	10011001	 武器 - 灰裝	100	5490	5490	0	0	90	90	90	90	90	0	90	3600	0	0	0	0	0	0	0	0	0	
	10011091	5002	91	10011001	 武器 - 灰裝	100	5551	5551	0	0	91	91	91	91	91	0	91	3640	0	0	0	0	0	0	0	0	0	
	10011092	5002	92	10011001	 武器 - 灰裝	100	5612	5612	0	0	92	92	92	92	92	0	92	3680	0	0	0	0	0	0	0	0	0	
	10011093	5002	93	10011001	 武器 - 灰裝	100	5673	5673	0	0	93	93	93	93	93	0	93	3720	0	0	0	0	0	0	0	0	0	
	10011094	5002	94	10011001	 武器 - 灰裝	100	5734	5734	0	0	94	94	94	94	94	0	94	3760	0	0	0	0	0	0	0	0	0	
	10011095	5002	95	10011001	 武器 - 灰裝	100	5795	5795	0	0	95	95	95	95	95	0	95	3800	0	0	0	0	0	0	0	0	0	
	10011096	5002	96	10011001	 武器 - 灰裝	100	5856	5856	0	0	96	96	96	96	96	0	96	3840	0	0	0	0	0	0	0	0	0	
	10011097	5002	97	10011001	 武器 - 灰裝	100	5917	5917	0	0	97	97	97	97	97	0	97	3880	0	0	0	0	0	0	0	0	0	
	10011098	5002	98	10011001	 武器 - 灰裝	100	5978	5978	0	0	98	98	98	98	98	0	98	3920	0	0	0	0	0	0	0	0	0	
	10011099	5002	99	10011001	 武器 - 灰裝	100	6039	6039	0	0	99	99	99	99	99	0	99	3960	0	0	0	0	0	0	0	0	0	
	10011100	5002	100	10011001	 武器 - 灰裝	100	6100	6100	0	0	100	100	100	100	100	0	100	4000	0	0	0	0	0	0	0	0	0	
	10011101	5002	101	10011001	 武器 - 灰裝	100	6161	6161	0	0	101	101	101	101	101	0	101	4040	0	0	0	0	0	0	0	0	0	
	10011102	5002	102	10011001	 武器 - 灰裝	100	6222	6222	0	0	102	102	102	102	102	0	102	4080	0	0	0	0	0	0	0	0	0	
	10011103	5002	103	10011001	 武器 - 灰裝	100	6283	6283	0	0	103	103	103	103	103	0	103	4120	0	0	0	0	0	0	0	0	0	
	10011104	5002	104	10011001	 武器 - 灰裝	100	6344	6344	0	0	104	104	104	104	104	0	104	4160	0	0	0	0	0	0	0	0	0	
	10011105	5002	105	10011001	 武器 - 灰裝	100	6405	6405	0	0	105	105	105	105	105	0	105	4200	0	0	0	0	0	0	0	0	0	
	10011106	5002	106	10011001	 武器 - 灰裝	100	6466	6466	0	0	106	106	106	106	106	0	106	4240	0	0	0	0	0	0	0	0	0	
	10011107	5002	107	10011001	 武器 - 灰裝	100	6527	6527	0	0	107	107	107	107	107	0	107	4280	0	0	0	0	0	0	0	0	0	
	10011108	5002	108	10011001	 武器 - 灰裝	100	6588	6588	0	0	108	108	108	108	108	0	108	4320	0	0	0	0	0	0	0	0	0	
# 武器 - 白裝（非商店貨）																												
	10012001	5002	1	10012001	 武器 - 白裝	100	71	71	0	0	1	1	1	1	1	0	1	40	0	0	0	0	0	0	0	0	0	
	10012002	5002	2	10012001	 武器 - 白裝	100	142	142	0	0	2	2	2	2	2	0	2	80	0	0	0	0	0	0	0	0	0	
	10012003	5002	3	10012001	 武器 - 白裝	100	213	213	0	0	3	3	3	3	3	0	3	120	0	0	0	0	0	0	0	0	0	
	10012004	5002	4	10012001	 武器 - 白裝	100	284	284	0	0	4	4	4	4	4	0	4	160	0	0	0	0	0	0	0	0	0	
	10012005	5002	5	10012001	 武器 - 白裝	100	355	355	0	0	5	5	5	5	5	0	5	200	0	0	0	0	0	0	0	0	0	
	10012006	5002	6	10012001	 武器 - 白裝	100	426	426	0	0	6	6	6	6	6	0	6	240	0	0	0	0	0	0	0	0	0	
	10012007	5002	7	10012001	 武器 - 白裝	100	497	497	0	0	7	7	7	7	7	0	7	280	0	0	0	0	0	0	0	0	0	
	10012008	5002	8	10012001	 武器 - 白裝	100	568	568	0	0	8	8	8	8	8	0	8	320	0	0	0	0	0	0	0	0	0	
	10012009	5002	9	10012001	 武器 - 白裝	100	639	639	0	0	9	9	9	9	9	0	9	360	0	0	0	0	0	0	0	0	0	
	10012010	5002	10	10012001	 武器 - 白裝	100	710	710	0	0	10	10	10	10	10	0	10	400	0	0	0	0	0	0	0	0	0	
	10012011	5002	11	10012001	 武器 - 白裝	100	781	781	0	0	11	11	11	11	11	0	11	440	0	0	0	0	0	0	0	0	0	
	10012012	5002	12	10012001	 武器 - 白裝	100	852	852	0	0	12	12	12	12	12	0	12	480	0	0	0	0	0	0	0	0	0	
	10012013	5002	13	10012001	 武器 - 白裝	100	923	923	0	0	13	13	13	13	13	0	13	520	0	0	0	0	0	0	0	0	0	
	10012014	5002	14	10012001	 武器 - 白裝	100	994	994	0	0	14	14	14	14	14	0	14	560	0	0	0	0	0	0	0	0	0	
	10012015	5002	15	10012001	 武器 - 白裝	100	1065	1065	0	0	15	15	15	15	15	0	15	600	0	0	0	0	0	0	0	0	0	
	10012016	5002	16	10012001	 武器 - 白裝	100	1136	1136	0	0	16	16	16	16	16	0	16	640	0	0	0	0	0	0	0	0	0	
	10012017	5002	17	10012001	 武器 - 白裝	100	1207	1207	0	0	17	17	17	17	17	0	17	680	0	0	0	0	0	0	0	0	0	
	10012018	5002	18	10012001	 武器 - 白裝	100	1278	1278	0	0	18	18	18	18	18	0	18	720	0	0	0	0	0	0	0	0	0	
	10012019	5002	19	10012001	 武器 - 白裝	100	1349	1349	0	0	19	19	19	19	19	0	19	760	0	0	0	0	0	0	0	0	0	
	10012020	5002	20	10012001	 武器 - 白裝	100	1420	1420	0	0	20	20	20	20	20	0	20	800	0	0	0	0	0	0	0	0	0	
	10012021	5002	21	10012001	 武器 - 白裝	100	1491	1491	0	0	21	21	21	21	21	0	21	840	0	0	0	0	0	0	0	0	0	
	10012022	5002	22	10012001	 武器 - 白裝	100	1562	1562	0	0	22	22	22	22	22	0	22	880	0	0	0	0	0	0	0	0	0	
	10012023	5002	23	10012001	 武器 - 白裝	100	1633	1633	0	0	23	23	23	23	23	0	23	920	0	0	0	0	0	0	0	0	0	
	10012024	5002	24	10012001	 武器 - 白裝	100	1704	1704	0	0	24	24	24	24	24	0	24	960	0	0	0	0	0	0	0	0	0	
	10012025	5002	25	10012001	 武器 - 白裝	100	1775	1775	0	0	25	25	25	25	25	0	25	1000	0	0	0	0	0	0	0	0	0	
	10012026	5002	26	10012001	 武器 - 白裝	100	1846	1846	0	0	26	26	26	26	26	0	26	1040	0	0	0	0	0	0	0	0	0	
	10012027	5002	27	10012001	 武器 - 白裝	100	1917	1917	0	0	27	27	27	27	27	0	27	1080	0	0	0	0	0	0	0	0	0	
	10012028	5002	28	10012001	 武器 - 白裝	100	1988	1988	0	0	28	28	28	28	28	0	28	1120	0	0	0	0	0	0	0	0	0	
	10012029	5002	29	10012001	 武器 - 白裝	100	2059	2059	0	0	29	29	29	29	29	0	29	1160	0	0	0	0	0	0	0	0	0	
	10012030	5002	30	10012001	 武器 - 白裝	100	2130	2130	0	0	30	30	30	30	30	0	30	1200	0	0	0	0	0	0	0	0	0	
	10012031	5002	31	10012001	 武器 - 白裝	100	2201	2201	0	0	31	31	31	31	31	0	31	1240	0	0	0	0	0	0	0	0	0	
	10012032	5002	32	10012001	 武器 - 白裝	100	2272	2272	0	0	32	32	32	32	32	0	32	1280	0	0	0	0	0	0	0	0	0	
	10012033	5002	33	10012001	 武器 - 白裝	100	2343	2343	0	0	33	33	33	33	33	0	33	1320	0	0	0	0	0	0	0	0	0	
	10012034	5002	34	10012001	 武器 - 白裝	100	2414	2414	0	0	34	34	34	34	34	0	34	1360	0	0	0	0	0	0	0	0	0	
	10012035	5002	35	10012001	 武器 - 白裝	100	2485	2485	0	0	35	35	35	35	35	0	35	1400	0	0	0	0	0	0	0	0	0	
	10012036	5002	36	10012001	 武器 - 白裝	100	2556	2556	0	0	36	36	36	36	36	0	36	1440	0	0	0	0	0	0	0	0	0	
	10012037	5002	37	10012001	 武器 - 白裝	100	2627	2627	0	0	37	37	37	37	37	0	37	1480	0	0	0	0	0	0	0	0	0	
	10012038	5002	38	10012001	 武器 - 白裝	100	2698	2698	0	0	38	38	38	38	38	0	38	1520	0	0	0	0	0	0	0	0	0	
	10012039	5002	39	10012001	 武器 - 白裝	100	2769	2769	0	0	39	39	39	39	39	0	39	1560	0	0	0	0	0	0	0	0	0	
	10012040	5002	40	10012001	 武器 - 白裝	100	2840	2840	0	0	40	40	40	40	40	0	40	1600	0	0	0	0	0	0	0	0	0	
	10012041	5002	41	10012001	 武器 - 白裝	100	2911	2911	0	0	41	41	41	41	41	0	41	1640	0	0	0	0	0	0	0	0	0	
	10012042	5002	42	10012001	 武器 - 白裝	100	2982	2982	0	0	42	42	42	42	42	0	42	1680	0	0	0	0	0	0	0	0	0	
	10012043	5002	43	10012001	 武器 - 白裝	100	3053	3053	0	0	43	43	43	43	43	0	43	1720	0	0	0	0	0	0	0	0	0	
	10012044	5002	44	10012001	 武器 - 白裝	100	3124	3124	0	0	44	44	44	44	44	0	44	1760	0	0	0	0	0	0	0	0	0	
	10012045	5002	45	10012001	 武器 - 白裝	100	3195	3195	0	0	45	45	45	45	45	0	45	1800	0	0	0	0	0	0	0	0	0	
	10012046	5002	46	10012001	 武器 - 白裝	100	3266	3266	0	0	46	46	46	46	46	0	46	1840	0	0	0	0	0	0	0	0	0	
	10012047	5002	47	10012001	 武器 - 白裝	100	3337	3337	0	0	47	47	47	47	47	0	47	1880	0	0	0	0	0	0	0	0	0	
	10012048	5002	48	10012001	 武器 - 白裝	100	3408	3408	0	0	48	48	48	48	48	0	48	1920	0	0	0	0	0	0	0	0	0	
	10012049	5002	49	10012001	 武器 - 白裝	100	3479	3479	0	0	49	49	49	49	49	0	49	1960	0	0	0	0	0	0	0	0	0	
	10012050	5002	50	10012001	 武器 - 白裝	100	3550	3550	0	0	50	50	50	50	50	0	50	2000	0	0	0	0	0	0	0	0	0	
	10012051	5002	51	10012001	 武器 - 白裝	100	3621	3621	0	0	51	51	51	51	51	0	51	2040	0	0	0	0	0	0	0	0	0	
	10012052	5002	52	10012001	 武器 - 白裝	100	3692	3692	0	0	52	52	52	52	52	0	52	2080	0	0	0	0	0	0	0	0	0	
	10012053	5002	53	10012001	 武器 - 白裝	100	3763	3763	0	0	53	53	53	53	53	0	53	2120	0	0	0	0	0	0	0	0	0	
	10012054	5002	54	10012001	 武器 - 白裝	100	3834	3834	0	0	54	54	54	54	54	0	54	2160	0	0	0	0	0	0	0	0	0	
	10012055	5002	55	10012001	 武器 - 白裝	100	3905	3905	0	0	55	55	55	55	55	0	55	2200	0	0	0	0	0	0	0	0	0	
	10012056	5002	56	10012001	 武器 - 白裝	100	3976	3976	0	0	56	56	56	56	56	0	56	2240	0	0	0	0	0	0	0	0	0	
	10012057	5002	57	10012001	 武器 - 白裝	100	4047	4047	0	0	57	57	57	57	57	0	57	2280	0	0	0	0	0	0	0	0	0	
	10012058	5002	58	10012001	 武器 - 白裝	100	4118	4118	0	0	58	58	58	58	58	0	58	2320	0	0	0	0	0	0	0	0	0	
	10012059	5002	59	10012001	 武器 - 白裝	100	4189	4189	0	0	59	59	59	59	59	0	59	2360	0	0	0	0	0	0	0	0	0	
	10012060	5002	60	10012001	 武器 - 白裝	100	4260	4260	0	0	60	60	60	60	60	0	60	2400	0	0	0	0	0	0	0	0	0	
	10012061	5002	61	10012001	 武器 - 白裝	100	4331	4331	0	0	61	61	61	61	61	0	61	2440	0	0	0	0	0	0	0	0	0	
	10012062	5002	62	10012001	 武器 - 白裝	100	4402	4402	0	0	62	62	62	62	62	0	62	2480	0	0	0	0	0	0	0	0	0	
	10012063	5002	63	10012001	 武器 - 白裝	100	4473	4473	0	0	63	63	63	63	63	0	63	2520	0	0	0	0	0	0	0	0	0	
	10012064	5002	64	10012001	 武器 - 白裝	100	4544	4544	0	0	64	64	64	64	64	0	64	2560	0	0	0	0	0	0	0	0	0	
	10012065	5002	65	10012001	 武器 - 白裝	100	4615	4615	0	0	65	65	65	65	65	0	65	2600	0	0	0	0	0	0	0	0	0	
	10012066	5002	66	10012001	 武器 - 白裝	100	4686	4686	0	0	66	66	66	66	66	0	66	2640	0	0	0	0	0	0	0	0	0	
	10012067	5002	67	10012001	 武器 - 白裝	100	4757	4757	0	0	67	67	67	67	67	0	67	2680	0	0	0	0	0	0	0	0	0	
	10012068	5002	68	10012001	 武器 - 白裝	100	4828	4828	0	0	68	68	68	68	68	0	68	2720	0	0	0	0	0	0	0	0	0	
	10012069	5002	69	10012001	 武器 - 白裝	100	4899	4899	0	0	69	69	69	69	69	0	69	2760	0	0	0	0	0	0	0	0	0	
	10012070	5002	70	10012001	 武器 - 白裝	100	4970	4970	0	0	70	70	70	70	70	0	70	2800	0	0	0	0	0	0	0	0	0	
	10012071	5002	71	10012001	 武器 - 白裝	100	5041	5041	0	0	71	71	71	71	71	0	71	2840	0	0	0	0	0	0	0	0	0	
	10012072	5002	72	10012001	 武器 - 白裝	100	5112	5112	0	0	72	72	72	72	72	0	72	2880	0	0	0	0	0	0	0	0	0	
	10012073	5002	73	10012001	 武器 - 白裝	100	5183	5183	0	0	73	73	73	73	73	0	73	2920	0	0	0	0	0	0	0	0	0	
	10012074	5002	74	10012001	 武器 - 白裝	100	5254	5254	0	0	74	74	74	74	74	0	74	2960	0	0	0	0	0	0	0	0	0	
	10012075	5002	75	10012001	 武器 - 白裝	100	5325	5325	0	0	75	75	75	75	75	0	75	3000	0	0	0	0	0	0	0	0	0	
	10012076	5002	76	10012001	 武器 - 白裝	100	5396	5396	0	0	76	76	76	76	76	0	76	3040	0	0	0	0	0	0	0	0	0	
	10012077	5002	77	10012001	 武器 - 白裝	100	5467	5467	0	0	77	77	77	77	77	0	77	3080	0	0	0	0	0	0	0	0	0	
	10012078	5002	78	10012001	 武器 - 白裝	100	5538	5538	0	0	78	78	78	78	78	0	78	3120	0	0	0	0	0	0	0	0	0	
	10012079	5002	79	10012001	 武器 - 白裝	100	5609	5609	0	0	79	79	79	79	79	0	79	3160	0	0	0	0	0	0	0	0	0	
	10012080	5002	80	10012001	 武器 - 白裝	100	5680	5680	0	0	80	80	80	80	80	0	80	3200	0	0	0	0	0	0	0	0	0	
	10012081	5002	81	10012001	 武器 - 白裝	100	5751	5751	0	0	81	81	81	81	81	0	81	3240	0	0	0	0	0	0	0	0	0	
	10012082	5002	82	10012001	 武器 - 白裝	100	5822	5822	0	0	82	82	82	82	82	0	82	3280	0	0	0	0	0	0	0	0	0	
	10012083	5002	83	10012001	 武器 - 白裝	100	5893	5893	0	0	83	83	83	83	83	0	83	3320	0	0	0	0	0	0	0	0	0	
	10012084	5002	84	10012001	 武器 - 白裝	100	5964	5964	0	0	84	84	84	84	84	0	84	3360	0	0	0	0	0	0	0	0	0	
	10012085	5002	85	10012001	 武器 - 白裝	100	6035	6035	0	0	85	85	85	85	85	0	85	3400	0	0	0	0	0	0	0	0	0	
	10012086	5002	86	10012001	 武器 - 白裝	100	6106	6106	0	0	86	86	86	86	86	0	86	3440	0	0	0	0	0	0	0	0	0	
	10012087	5002	87	10012001	 武器 - 白裝	100	6177	6177	0	0	87	87	87	87	87	0	87	3480	0	0	0	0	0	0	0	0	0	
	10012088	5002	88	10012001	 武器 - 白裝	100	6248	6248	0	0	88	88	88	88	88	0	88	3520	0	0	0	0	0	0	0	0	0	
	10012089	5002	89	10012001	 武器 - 白裝	100	6319	6319	0	0	89	89	89	89	89	0	89	3560	0	0	0	0	0	0	0	0	0	
	10012090	5002	90	10012001	 武器 - 白裝	100	6390	6390	0	0	90	90	90	90	90	0	90	3600	0	0	0	0	0	0	0	0	0	
	10012091	5002	91	10012001	 武器 - 白裝	100	6461	6461	0	0	91	91	91	91	91	0	91	3640	0	0	0	0	0	0	0	0	0	
	10012092	5002	92	10012001	 武器 - 白裝	100	6532	6532	0	0	92	92	92	92	92	0	92	3680	0	0	0	0	0	0	0	0	0	
	10012093	5002	93	10012001	 武器 - 白裝	100	6603	6603	0	0	93	93	93	93	93	0	93	3720	0	0	0	0	0	0	0	0	0	
	10012094	5002	94	10012001	 武器 - 白裝	100	6674	6674	0	0	94	94	94	94	94	0	94	3760	0	0	0	0	0	0	0	0	0	
	10012095	5002	95	10012001	 武器 - 白裝	100	6745	6745	0	0	95	95	95	95	95	0	95	3800	0	0	0	0	0	0	0	0	0	
	10012096	5002	96	10012001	 武器 - 白裝	100	6816	6816	0	0	96	96	96	96	96	0	96	3840	0	0	0	0	0	0	0	0	0	
	10012097	5002	97	10012001	 武器 - 白裝	100	6887	6887	0	0	97	97	97	97	97	0	97	3880	0	0	0	0	0	0	0	0	0	
	10012098	5002	98	10012001	 武器 - 白裝	100	6958	6958	0	0	98	98	98	98	98	0	98	3920	0	0	0	0	0	0	0	0	0	
	10012099	5002	99	10012001	 武器 - 白裝	100	7029	7029	0	0	99	99	99	99	99	0	99	3960	0	0	0	0	0	0	0	0	0	
	10012100	5002	100	10012001	 武器 - 白裝	100	7100	7100	0	0	100	100	100	100	100	0	100	4000	0	0	0	0	0	0	0	0	0	
	10012101	5002	101	10012001	 武器 - 白裝	100	7171	7171	0	0	101	101	101	101	101	0	101	4040	0	0	0	0	0	0	0	0	0	
	10012102	5002	102	10012001	 武器 - 白裝	100	7242	7242	0	0	102	102	102	102	102	0	102	4080	0	0	0	0	0	0	0	0	0	
	10012103	5002	103	10012001	 武器 - 白裝	100	7313	7313	0	0	103	103	103	103	103	0	103	4120	0	0	0	0	0	0	0	0	0	
	10012104	5002	104	10012001	 武器 - 白裝	100	7384	7384	0	0	104	104	104	104	104	0	104	4160	0	0	0	0	0	0	0	0	0	
	10012105	5002	105	10012001	 武器 - 白裝	100	7455	7455	0	0	105	105	105	105	105	0	105	4200	0	0	0	0	0	0	0	0	0	
	10012106	5002	106	10012001	 武器 - 白裝	100	7526	7526	0	0	106	106	106	106	106	0	106	4240	0	0	0	0	0	0	0	0	0	
	10012107	5002	107	10012001	 武器 - 白裝	100	7597	7597	0	0	107	107	107	107	107	0	107	4280	0	0	0	0	0	0	0	0	0	
	10012108	5002	108	10012001	 武器 - 白裝	100	7668	7668	0	0	108	108	108	108	108	0	108	4320	0	0	0	0	0	0	0	0	0	
# 武器 - 綠裝																												
	10013001	5002	1	10013001	 武器 - 綠裝	100	81	81	1	1	1	1	1	1	1	0	1	40	0	0	0	0	0	0	0	0	0	
	10013002	5002	2	10013001	 武器 - 綠裝	100	162	162	2	2	2	2	2	2	2	0	2	80	0	0	0	0	0	0	0	0	0	
	10013003	5002	3	10013001	 武器 - 綠裝	100	243	243	3	3	3	3	3	3	3	0	3	120	0	0	0	0	0	0	0	0	0	
	10013004	5002	4	10013001	 武器 - 綠裝	100	324	324	4	4	4	4	4	4	4	0	4	160	0	0	0	0	0	0	0	0	0	
	10013005	5002	5	10013001	 武器 - 綠裝	100	405	405	5	5	5	5	5	5	5	0	5	200	0	0	0	0	0	0	0	0	0	
	10013006	5002	6	10013001	 武器 - 綠裝	100	486	486	6	6	6	6	6	6	6	0	6	240	0	0	0	0	0	0	0	0	0	
	10013007	5002	7	10013001	 武器 - 綠裝	100	567	567	7	7	7	7	7	7	7	0	7	280	0	0	0	0	0	0	0	0	0	
	10013008	5002	8	10013001	 武器 - 綠裝	100	648	648	8	8	8	8	8	8	8	0	8	320	0	0	0	0	0	0	0	0	0	
	10013009	5002	9	10013001	 武器 - 綠裝	100	729	729	9	9	9	9	9	9	9	0	9	360	0	0	0	0	0	0	0	0	0	
	10013010	5002	10	10013001	 武器 - 綠裝	100	810	810	10	10	10	10	10	10	10	0	10	400	0	0	0	0	0	0	0	0	0	
	10013011	5002	11	10013001	 武器 - 綠裝	100	891	891	11	11	11	11	11	11	11	0	11	440	0	0	0	0	0	0	0	0	0	
	10013012	5002	12	10013001	 武器 - 綠裝	100	972	972	12	12	12	12	12	12	12	0	12	480	0	0	0	0	0	0	0	0	0	
	10013013	5002	13	10013001	 武器 - 綠裝	100	1053	1053	13	13	13	13	13	13	13	0	13	520	0	0	0	0	0	0	0	0	0	
	10013014	5002	14	10013001	 武器 - 綠裝	100	1134	1134	14	14	14	14	14	14	14	0	14	560	0	0	0	0	0	0	0	0	0	
	10013015	5002	15	10013001	 武器 - 綠裝	100	1215	1215	15	15	15	15	15	15	15	0	15	600	0	0	0	0	0	0	0	0	0	
	10013016	5002	16	10013001	 武器 - 綠裝	100	1296	1296	16	16	16	16	16	16	16	0	16	640	0	0	0	0	0	0	0	0	0	
	10013017	5002	17	10013001	 武器 - 綠裝	100	1377	1377	17	17	17	17	17	17	17	0	17	680	0	0	0	0	0	0	0	0	0	
	10013018	5002	18	10013001	 武器 - 綠裝	100	1458	1458	18	18	18	18	18	18	18	0	18	720	0	0	0	0	0	0	0	0	0	
	10013019	5002	19	10013001	 武器 - 綠裝	100	1539	1539	19	19	19	19	19	19	19	0	19	760	0	0	0	0	0	0	0	0	0	
	10013020	5002	20	10013001	 武器 - 綠裝	100	1620	1620	20	20	20	20	20	20	20	0	20	800	0	0	0	0	0	0	0	0	0	
	10013021	5002	21	10013001	 武器 - 綠裝	100	1701	1701	21	21	21	21	21	21	21	0	21	840	0	0	0	0	0	0	0	0	0	
	10013022	5002	22	10013001	 武器 - 綠裝	100	1782	1782	22	22	22	22	22	22	22	0	22	880	0	0	0	0	0	0	0	0	0	
	10013023	5002	23	10013001	 武器 - 綠裝	100	1863	1863	23	23	23	23	23	23	23	0	23	920	0	0	0	0	0	0	0	0	0	
	10013024	5002	24	10013001	 武器 - 綠裝	100	1944	1944	24	24	24	24	24	24	24	0	24	960	0	0	0	0	0	0	0	0	0	
	10013025	5002	25	10013001	 武器 - 綠裝	100	2025	2025	25	25	25	25	25	25	25	0	25	1000	0	0	0	0	0	0	0	0	0	
	10013026	5002	26	10013001	 武器 - 綠裝	100	2106	2106	26	26	26	26	26	26	26	0	26	1040	0	0	0	0	0	0	0	0	0	
	10013027	5002	27	10013001	 武器 - 綠裝	100	2187	2187	27	27	27	27	27	27	27	0	27	1080	0	0	0	0	0	0	0	0	0	
	10013028	5002	28	10013001	 武器 - 綠裝	100	2268	2268	28	28	28	28	28	28	28	0	28	1120	0	0	0	0	0	0	0	0	0	
	10013029	5002	29	10013001	 武器 - 綠裝	100	2349	2349	29	29	29	29	29	29	29	0	29	1160	0	0	0	0	0	0	0	0	0	
	10013030	5002	30	10013001	 武器 - 綠裝	100	2430	2430	30	30	30	30	30	30	30	0	30	1200	0	0	0	0	0	0	0	0	0	
	10013031	5002	31	10013001	 武器 - 綠裝	100	2511	2511	31	31	31	31	31	31	31	0	31	1240	0	0	0	0	0	0	0	0	0	
	10013032	5002	32	10013001	 武器 - 綠裝	100	2592	2592	32	32	32	32	32	32	32	0	32	1280	0	0	0	0	0	0	0	0	0	
	10013033	5002	33	10013001	 武器 - 綠裝	100	2673	2673	33	33	33	33	33	33	33	0	33	1320	0	0	0	0	0	0	0	0	0	
	10013034	5002	34	10013001	 武器 - 綠裝	100	2754	2754	34	34	34	34	34	34	34	0	34	1360	0	0	0	0	0	0	0	0	0	
	10013035	5002	35	10013001	 武器 - 綠裝	100	2835	2835	35	35	35	35	35	35	35	0	35	1400	0	0	0	0	0	0	0	0	0	
	10013036	5002	36	10013001	 武器 - 綠裝	100	2916	2916	36	36	36	36	36	36	36	0	36	1440	0	0	0	0	0	0	0	0	0	
	10013037	5002	37	10013001	 武器 - 綠裝	100	2997	2997	37	37	37	37	37	37	37	0	37	1480	0	0	0	0	0	0	0	0	0	
	10013038	5002	38	10013001	 武器 - 綠裝	100	3078	3078	38	38	38	38	38	38	38	0	38	1520	0	0	0	0	0	0	0	0	0	
	10013039	5002	39	10013001	 武器 - 綠裝	100	3159	3159	39	39	39	39	39	39	39	0	39	1560	0	0	0	0	0	0	0	0	0	
	10013040	5002	40	10013001	 武器 - 綠裝	100	3240	3240	40	40	40	40	40	40	40	0	40	1600	0	0	0	0	0	0	0	0	0	
	10013041	5002	41	10013001	 武器 - 綠裝	100	3321	3321	41	41	41	41	41	41	41	0	41	1640	0	0	0	0	0	0	0	0	0	
	10013042	5002	42	10013001	 武器 - 綠裝	100	3402	3402	42	42	42	42	42	42	42	0	42	1680	0	0	0	0	0	0	0	0	0	
	10013043	5002	43	10013001	 武器 - 綠裝	100	3483	3483	43	43	43	43	43	43	43	0	43	1720	0	0	0	0	0	0	0	0	0	
	10013044	5002	44	10013001	 武器 - 綠裝	100	3564	3564	44	44	44	44	44	44	44	0	44	1760	0	0	0	0	0	0	0	0	0	
	10013045	5002	45	10013001	 武器 - 綠裝	100	3645	3645	45	45	45	45	45	45	45	0	45	1800	0	0	0	0	0	0	0	0	0	
	10013046	5002	46	10013001	 武器 - 綠裝	100	3726	3726	46	46	46	46	46	46	46	0	46	1840	0	0	0	0	0	0	0	0	0	
	10013047	5002	47	10013001	 武器 - 綠裝	100	3807	3807	47	47	47	47	47	47	47	0	47	1880	0	0	0	0	0	0	0	0	0	
	10013048	5002	48	10013001	 武器 - 綠裝	100	3888	3888	48	48	48	48	48	48	48	0	48	1920	0	0	0	0	0	0	0	0	0	
	10013049	5002	49	10013001	 武器 - 綠裝	100	3969	3969	49	49	49	49	49	49	49	0	49	1960	0	0	0	0	0	0	0	0	0	
	10013050	5002	50	10013001	 武器 - 綠裝	100	4050	4050	50	50	50	50	50	50	50	0	50	2000	0	0	0	0	0	0	0	0	0	
	10013051	5002	51	10013001	 武器 - 綠裝	100	4131	4131	51	51	51	51	51	51	51	0	51	2040	0	0	0	0	0	0	0	0	0	
	10013052	5002	52	10013001	 武器 - 綠裝	100	4212	4212	52	52	52	52	52	52	52	0	52	2080	0	0	0	0	0	0	0	0	0	
	10013053	5002	53	10013001	 武器 - 綠裝	100	4293	4293	53	53	53	53	53	53	53	0	53	2120	0	0	0	0	0	0	0	0	0	
	10013054	5002	54	10013001	 武器 - 綠裝	100	4374	4374	54	54	54	54	54	54	54	0	54	2160	0	0	0	0	0	0	0	0	0	
	10013055	5002	55	10013001	 武器 - 綠裝	100	4455	4455	55	55	55	55	55	55	55	0	55	2200	0	0	0	0	0	0	0	0	0	
	10013056	5002	56	10013001	 武器 - 綠裝	100	4536	4536	56	56	56	56	56	56	56	0	56	2240	0	0	0	0	0	0	0	0	0	
	10013057	5002	57	10013001	 武器 - 綠裝	100	4617	4617	57	57	57	57	57	57	57	0	57	2280	0	0	0	0	0	0	0	0	0	
	10013058	5002	58	10013001	 武器 - 綠裝	100	4698	4698	58	58	58	58	58	58	58	0	58	2320	0	0	0	0	0	0	0	0	0	
	10013059	5002	59	10013001	 武器 - 綠裝	100	4779	4779	59	59	59	59	59	59	59	0	59	2360	0	0	0	0	0	0	0	0	0	
	10013060	5002	60	10013001	 武器 - 綠裝	100	4860	4860	60	60	60	60	60	60	60	0	60	2400	0	0	0	0	0	0	0	0	0	
	10013061	5002	61	10013001	 武器 - 綠裝	100	4941	4941	61	61	61	61	61	61	61	0	61	2440	0	0	0	0	0	0	0	0	0	
	10013062	5002	62	10013001	 武器 - 綠裝	100	5022	5022	62	62	62	62	62	62	62	0	62	2480	0	0	0	0	0	0	0	0	0	
	10013063	5002	63	10013001	 武器 - 綠裝	100	5103	5103	63	63	63	63	63	63	63	0	63	2520	0	0	0	0	0	0	0	0	0	
	10013064	5002	64	10013001	 武器 - 綠裝	100	5184	5184	64	64	64	64	64	64	64	0	64	2560	0	0	0	0	0	0	0	0	0	
	10013065	5002	65	10013001	 武器 - 綠裝	100	5265	5265	65	65	65	65	65	65	65	0	65	2600	0	0	0	0	0	0	0	0	0	
	10013066	5002	66	10013001	 武器 - 綠裝	100	5346	5346	66	66	66	66	66	66	66	0	66	2640	0	0	0	0	0	0	0	0	0	
	10013067	5002	67	10013001	 武器 - 綠裝	100	5427	5427	67	67	67	67	67	67	67	0	67	2680	0	0	0	0	0	0	0	0	0	
	10013068	5002	68	10013001	 武器 - 綠裝	100	5508	5508	68	68	68	68	68	68	68	0	68	2720	0	0	0	0	0	0	0	0	0	
	10013069	5002	69	10013001	 武器 - 綠裝	100	5589	5589	69	69	69	69	69	69	69	0	69	2760	0	0	0	0	0	0	0	0	0	
	10013070	5002	70	10013001	 武器 - 綠裝	100	5670	5670	70	70	70	70	70	70	70	0	70	2800	0	0	0	0	0	0	0	0	0	
	10013071	5002	71	10013001	 武器 - 綠裝	100	5751	5751	71	71	71	71	71	71	71	0	71	2840	0	0	0	0	0	0	0	0	0	
	10013072	5002	72	10013001	 武器 - 綠裝	100	5832	5832	72	72	72	72	72	72	72	0	72	2880	0	0	0	0	0	0	0	0	0	
	10013073	5002	73	10013001	 武器 - 綠裝	100	5913	5913	73	73	73	73	73	73	73	0	73	2920	0	0	0	0	0	0	0	0	0	
	10013074	5002	74	10013001	 武器 - 綠裝	100	5994	5994	74	74	74	74	74	74	74	0	74	2960	0	0	0	0	0	0	0	0	0	
	10013075	5002	75	10013001	 武器 - 綠裝	100	6075	6075	75	75	75	75	75	75	75	0	75	3000	0	0	0	0	0	0	0	0	0	
	10013076	5002	76	10013001	 武器 - 綠裝	100	6156	6156	76	76	76	76	76	76	76	0	76	3040	0	0	0	0	0	0	0	0	0	
	10013077	5002	77	10013001	 武器 - 綠裝	100	6237	6237	77	77	77	77	77	77	77	0	77	3080	0	0	0	0	0	0	0	0	0	
	10013078	5002	78	10013001	 武器 - 綠裝	100	6318	6318	78	78	78	78	78	78	78	0	78	3120	0	0	0	0	0	0	0	0	0	
	10013079	5002	79	10013001	 武器 - 綠裝	100	6399	6399	79	79	79	79	79	79	79	0	79	3160	0	0	0	0	0	0	0	0	0	
	10013080	5002	80	10013001	 武器 - 綠裝	100	6480	6480	80	80	80	80	80	80	80	0	80	3200	0	0	0	0	0	0	0	0	0	
	10013081	5002	81	10013001	 武器 - 綠裝	100	6561	6561	81	81	81	81	81	81	81	0	81	3240	0	0	0	0	0	0	0	0	0	
	10013082	5002	82	10013001	 武器 - 綠裝	100	6642	6642	82	82	82	82	82	82	82	0	82	3280	0	0	0	0	0	0	0	0	0	
	10013083	5002	83	10013001	 武器 - 綠裝	100	6723	6723	83	83	83	83	83	83	83	0	83	3320	0	0	0	0	0	0	0	0	0	
	10013084	5002	84	10013001	 武器 - 綠裝	100	6804	6804	84	84	84	84	84	84	84	0	84	3360	0	0	0	0	0	0	0	0	0	
	10013085	5002	85	10013001	 武器 - 綠裝	100	6885	6885	85	85	85	85	85	85	85	0	85	3400	0	0	0	0	0	0	0	0	0	
	10013086	5002	86	10013001	 武器 - 綠裝	100	6966	6966	86	86	86	86	86	86	86	0	86	3440	0	0	0	0	0	0	0	0	0	
	10013087	5002	87	10013001	 武器 - 綠裝	100	7047	7047	87	87	87	87	87	87	87	0	87	3480	0	0	0	0	0	0	0	0	0	
	10013088	5002	88	10013001	 武器 - 綠裝	100	7128	7128	88	88	88	88	88	88	88	0	88	3520	0	0	0	0	0	0	0	0	0	
	10013089	5002	89	10013001	 武器 - 綠裝	100	7209	7209	89	89	89	89	89	89	89	0	89	3560	0	0	0	0	0	0	0	0	0	
	10013090	5002	90	10013001	 武器 - 綠裝	100	7290	7290	90	90	90	90	90	90	90	0	90	3600	0	0	0	0	0	0	0	0	0	
	10013091	5002	91	10013001	 武器 - 綠裝	100	7371	7371	91	91	91	91	91	91	91	0	91	3640	0	0	0	0	0	0	0	0	0	
	10013092	5002	92	10013001	 武器 - 綠裝	100	7452	7452	92	92	92	92	92	92	92	0	92	3680	0	0	0	0	0	0	0	0	0	
	10013093	5002	93	10013001	 武器 - 綠裝	100	7533	7533	93	93	93	93	93	93	93	0	93	3720	0	0	0	0	0	0	0	0	0	
	10013094	5002	94	10013001	 武器 - 綠裝	100	7614	7614	94	94	94	94	94	94	94	0	94	3760	0	0	0	0	0	0	0	0	0	
	10013095	5002	95	10013001	 武器 - 綠裝	100	7695	7695	95	95	95	95	95	95	95	0	95	3800	0	0	0	0	0	0	0	0	0	
	10013096	5002	96	10013001	 武器 - 綠裝	100	7776	7776	96	96	96	96	96	96	96	0	96	3840	0	0	0	0	0	0	0	0	0	
	10013097	5002	97	10013001	 武器 - 綠裝	100	7857	7857	97	97	97	97	97	97	97	0	97	3880	0	0	0	0	0	0	0	0	0	
	10013098	5002	98	10013001	 武器 - 綠裝	100	7938	7938	98	98	98	98	98	98	98	0	98	3920	0	0	0	0	0	0	0	0	0	
	10013099	5002	99	10013001	 武器 - 綠裝	100	8019	8019	99	99	99	99	99	99	99	0	99	3960	0	0	0	0	0	0	0	0	0	
	10013100	5002	100	10013001	 武器 - 綠裝	100	8100	8100	100	100	100	100	100	100	100	0	100	4000	0	0	0	0	0	0	0	0	0	
	10013101	5002	101	10013001	 武器 - 綠裝	100	8181	8181	101	101	101	101	101	101	101	0	101	4040	0	0	0	0	0	0	0	0	0	
	10013102	5002	102	10013001	 武器 - 綠裝	100	8262	8262	102	102	102	102	102	102	102	0	102	4080	0	0	0	0	0	0	0	0	0	
	10013103	5002	103	10013001	 武器 - 綠裝	100	8343	8343	103	103	103	103	103	103	103	0	103	4120	0	0	0	0	0	0	0	0	0	
	10013104	5002	104	10013001	 武器 - 綠裝	100	8424	8424	104	104	104	104	104	104	104	0	104	4160	0	0	0	0	0	0	0	0	0	
	10013105	5002	105	10013001	 武器 - 綠裝	100	8505	8505	105	105	105	105	105	105	105	0	105	4200	0	0	0	0	0	0	0	0	0	
	10013106	5002	106	10013001	 武器 - 綠裝	100	8586	8586	106	106	106	106	106	106	106	0	106	4240	0	0	0	0	0	0	0	0	0	
	10013107	5002	107	10013001	 武器 - 綠裝	100	8667	8667	107	107	107	107	107	107	107	0	107	4280	0	0	0	0	0	0	0	0	0	
	10013108	5002	108	10013001	 武器 - 綠裝	100	8748	8748	108	108	108	108	108	108	108	0	108	4320	0	0	0	0	0	0	0	0	0	
# 武器 - 藍裝																												
	10014001	5002	1	10014001	 武器 - 藍裝	100	91	91	1	1	2	2	2	2	2	0	2	80	0	0	0	0	0	0	0	0	0	
	10014002	5002	2	10014001	 武器 - 藍裝	100	182	182	2	2	4	4	4	4	4	0	4	160	0	0	0	0	0	0	0	0	0	
	10014003	5002	3	10014001	 武器 - 藍裝	100	273	273	3	3	6	6	6	6	6	0	6	240	0	0	0	0	0	0	0	0	0	
	10014004	5002	4	10014001	 武器 - 藍裝	100	364	364	4	4	8	8	8	8	8	0	8	320	0	0	0	0	0	0	0	0	0	
	10014005	5002	5	10014001	 武器 - 藍裝	100	455	455	5	5	10	10	10	10	10	0	10	400	0	0	0	0	0	0	0	0	0	
	10014006	5002	6	10014001	 武器 - 藍裝	100	546	546	6	6	12	12	12	12	12	0	12	480	0	0	0	0	0	0	0	0	0	
	10014007	5002	7	10014001	 武器 - 藍裝	100	637	637	7	7	14	14	14	14	14	0	14	560	0	0	0	0	0	0	0	0	0	
	10014008	5002	8	10014001	 武器 - 藍裝	100	728	728	8	8	16	16	16	16	16	0	16	640	0	0	0	0	0	0	0	0	0	
	10014009	5002	9	10014001	 武器 - 藍裝	100	819	819	9	9	18	18	18	18	18	0	18	720	0	0	0	0	0	0	0	0	0	
	10014010	5002	10	10014001	 武器 - 藍裝	100	910	910	10	10	20	20	20	20	20	0	20	800	0	0	0	0	0	0	0	0	0	
	10014011	5002	11	10014001	 武器 - 藍裝	100	1001	1001	11	11	22	22	22	22	22	0	22	880	0	0	0	0	0	0	0	0	0	
	10014012	5002	12	10014001	 武器 - 藍裝	100	1092	1092	12	12	24	24	24	24	24	0	24	960	0	0	0	0	0	0	0	0	0	
	10014013	5002	13	10014001	 武器 - 藍裝	100	1183	1183	13	13	26	26	26	26	26	0	26	1040	0	0	0	0	0	0	0	0	0	
	10014014	5002	14	10014001	 武器 - 藍裝	100	1274	1274	14	14	28	28	28	28	28	0	28	1120	0	0	0	0	0	0	0	0	0	
	10014015	5002	15	10014001	 武器 - 藍裝	100	1365	1365	15	15	30	30	30	30	30	0	30	1200	0	0	0	0	0	0	0	0	0	
	10014016	5002	16	10014001	 武器 - 藍裝	100	1456	1456	16	16	32	32	32	32	32	0	32	1280	0	0	0	0	0	0	0	0	0	
	10014017	5002	17	10014001	 武器 - 藍裝	100	1547	1547	17	17	34	34	34	34	34	0	34	1360	0	0	0	0	0	0	0	0	0	
	10014018	5002	18	10014001	 武器 - 藍裝	100	1638	1638	18	18	36	36	36	36	36	0	36	1440	0	0	0	0	0	0	0	0	0	
	10014019	5002	19	10014001	 武器 - 藍裝	100	1729	1729	19	19	38	38	38	38	38	0	38	1520	0	0	0	0	0	0	0	0	0	
	10014020	5002	20	10014001	 武器 - 藍裝	100	1820	1820	20	20	40	40	40	40	40	0	40	1600	0	0	0	0	0	0	0	0	0	
	10014021	5002	21	10014001	 武器 - 藍裝	100	1911	1911	21	21	42	42	42	42	42	0	42	1680	0	0	0	0	0	0	0	0	0	
	10014022	5002	22	10014001	 武器 - 藍裝	100	2002	2002	22	22	44	44	44	44	44	0	44	1760	0	0	0	0	0	0	0	0	0	
	10014023	5002	23	10014001	 武器 - 藍裝	100	2093	2093	23	23	46	46	46	46	46	0	46	1840	0	0	0	0	0	0	0	0	0	
	10014024	5002	24	10014001	 武器 - 藍裝	100	2184	2184	24	24	48	48	48	48	48	0	48	1920	0	0	0	0	0	0	0	0	0	
	10014025	5002	25	10014001	 武器 - 藍裝	100	2275	2275	25	25	50	50	50	50	50	0	50	2000	0	0	0	0	0	0	0	0	0	
	10014026	5002	26	10014001	 武器 - 藍裝	100	2366	2366	26	26	52	52	52	52	52	0	52	2080	0	0	0	0	0	0	0	0	0	
	10014027	5002	27	10014001	 武器 - 藍裝	100	2457	2457	27	27	54	54	54	54	54	0	54	2160	0	0	0	0	0	0	0	0	0	
	10014028	5002	28	10014001	 武器 - 藍裝	100	2548	2548	28	28	56	56	56	56	56	0	56	2240	0	0	0	0	0	0	0	0	0	
	10014029	5002	29	10014001	 武器 - 藍裝	100	2639	2639	29	29	58	58	58	58	58	0	58	2320	0	0	0	0	0	0	0	0	0	
	10014030	5002	30	10014001	 武器 - 藍裝	100	2730	2730	30	30	60	60	60	60	60	0	60	2400	0	0	0	0	0	0	0	0	0	
	10014031	5002	31	10014001	 武器 - 藍裝	100	2821	2821	31	31	62	62	62	62	62	0	62	2480	0	0	0	0	0	0	0	0	0	
	10014032	5002	32	10014001	 武器 - 藍裝	100	2912	2912	32	32	64	64	64	64	64	0	64	2560	0	0	0	0	0	0	0	0	0	
	10014033	5002	33	10014001	 武器 - 藍裝	100	3003	3003	33	33	66	66	66	66	66	0	66	2640	0	0	0	0	0	0	0	0	0	
	10014034	5002	34	10014001	 武器 - 藍裝	100	3094	3094	34	34	68	68	68	68	68	0	68	2720	0	0	0	0	0	0	0	0	0	
	10014035	5002	35	10014001	 武器 - 藍裝	100	3185	3185	35	35	70	70	70	70	70	0	70	2800	0	0	0	0	0	0	0	0	0	
	10014036	5002	36	10014001	 武器 - 藍裝	100	3276	3276	36	36	72	72	72	72	72	0	72	2880	0	0	0	0	0	0	0	0	0	
	10014037	5002	37	10014001	 武器 - 藍裝	100	3367	3367	37	37	74	74	74	74	74	0	74	2960	0	0	0	0	0	0	0	0	0	
	10014038	5002	38	10014001	 武器 - 藍裝	100	3458	3458	38	38	76	76	76	76	76	0	76	3040	0	0	0	0	0	0	0	0	0	
	10014039	5002	39	10014001	 武器 - 藍裝	100	3549	3549	39	39	78	78	78	78	78	0	78	3120	0	0	0	0	0	0	0	0	0	
	10014040	5002	40	10014001	 武器 - 藍裝	100	3640	3640	40	40	80	80	80	80	80	0	80	3200	0	0	0	0	0	0	0	0	0	
	10014041	5002	41	10014001	 武器 - 藍裝	100	3731	3731	41	41	82	82	82	82	82	0	82	3280	0	0	0	0	0	0	0	0	0	
	10014042	5002	42	10014001	 武器 - 藍裝	100	3822	3822	42	42	84	84	84	84	84	0	84	3360	0	0	0	0	0	0	0	0	0	
	10014043	5002	43	10014001	 武器 - 藍裝	100	3913	3913	43	43	86	86	86	86	86	0	86	3440	0	0	0	0	0	0	0	0	0	
	10014044	5002	44	10014001	 武器 - 藍裝	100	4004	4004	44	44	88	88	88	88	88	0	88	3520	0	0	0	0	0	0	0	0	0	
	10014045	5002	45	10014001	 武器 - 藍裝	100	4095	4095	45	45	90	90	90	90	90	0	90	3600	0	0	0	0	0	0	0	0	0	
	10014046	5002	46	10014001	 武器 - 藍裝	100	4186	4186	46	46	92	92	92	92	92	0	92	3680	0	0	0	0	0	0	0	0	0	
	10014047	5002	47	10014001	 武器 - 藍裝	100	4277	4277	47	47	94	94	94	94	94	0	94	3760	0	0	0	0	0	0	0	0	0	
	10014048	5002	48	10014001	 武器 - 藍裝	100	4368	4368	48	48	96	96	96	96	96	0	96	3840	0	0	0	0	0	0	0	0	0	
	10014049	5002	49	10014001	 武器 - 藍裝	100	4459	4459	49	49	98	98	98	98	98	0	98	3920	0	0	0	0	0	0	0	0	0	
	10014050	5002	50	10014001	 武器 - 藍裝	100	4550	4550	50	50	100	100	100	100	100	0	100	4000	0	0	0	0	0	0	0	0	0	
	10014051	5002	51	10014001	 武器 - 藍裝	100	4641	4641	51	51	102	102	102	102	102	0	102	4080	0	0	0	0	0	0	0	0	0	
	10014052	5002	52	10014001	 武器 - 藍裝	100	4732	4732	52	52	104	104	104	104	104	0	104	4160	0	0	0	0	0	0	0	0	0	
	10014053	5002	53	10014001	 武器 - 藍裝	100	4823	4823	53	53	106	106	106	106	106	0	106	4240	0	0	0	0	0	0	0	0	0	
	10014054	5002	54	10014001	 武器 - 藍裝	100	4914	4914	54	54	108	108	108	108	108	0	108	4320	0	0	0	0	0	0	0	0	0	
	10014055	5002	55	10014001	 武器 - 藍裝	100	5005	5005	55	55	110	110	110	110	110	0	110	4400	0	0	0	0	0	0	0	0	0	
	10014056	5002	56	10014001	 武器 - 藍裝	100	5096	5096	56	56	112	112	112	112	112	0	112	4480	0	0	0	0	0	0	0	0	0	
	10014057	5002	57	10014001	 武器 - 藍裝	100	5187	5187	57	57	114	114	114	114	114	0	114	4560	0	0	0	0	0	0	0	0	0	
	10014058	5002	58	10014001	 武器 - 藍裝	100	5278	5278	58	58	116	116	116	116	116	0	116	4640	0	0	0	0	0	0	0	0	0	
	10014059	5002	59	10014001	 武器 - 藍裝	100	5369	5369	59	59	118	118	118	118	118	0	118	4720	0	0	0	0	0	0	0	0	0	
	10014060	5002	60	10014001	 武器 - 藍裝	100	5460	5460	60	60	120	120	120	120	120	0	120	4800	0	0	0	0	0	0	0	0	0	
	10014061	5002	61	10014001	 武器 - 藍裝	100	5551	5551	61	61	122	122	122	122	122	0	122	4880	0	0	0	0	0	0	0	0	0	
	10014062	5002	62	10014001	 武器 - 藍裝	100	5642	5642	62	62	124	124	124	124	124	0	124	4960	0	0	0	0	0	0	0	0	0	
	10014063	5002	63	10014001	 武器 - 藍裝	100	5733	5733	63	63	126	126	126	126	126	0	126	5040	0	0	0	0	0	0	0	0	0	
	10014064	5002	64	10014001	 武器 - 藍裝	100	5824	5824	64	64	128	128	128	128	128	0	128	5120	0	0	0	0	0	0	0	0	0	
	10014065	5002	65	10014001	 武器 - 藍裝	100	5915	5915	65	65	130	130	130	130	130	0	130	5200	0	0	0	0	0	0	0	0	0	
	10014066	5002	66	10014001	 武器 - 藍裝	100	6006	6006	66	66	132	132	132	132	132	0	132	5280	0	0	0	0	0	0	0	0	0	
	10014067	5002	67	10014001	 武器 - 藍裝	100	6097	6097	67	67	134	134	134	134	134	0	134	5360	0	0	0	0	0	0	0	0	0	
	10014068	5002	68	10014001	 武器 - 藍裝	100	6188	6188	68	68	136	136	136	136	136	0	136	5440	0	0	0	0	0	0	0	0	0	
	10014069	5002	69	10014001	 武器 - 藍裝	100	6279	6279	69	69	138	138	138	138	138	0	138	5520	0	0	0	0	0	0	0	0	0	
	10014070	5002	70	10014001	 武器 - 藍裝	100	6370	6370	70	70	140	140	140	140	140	0	140	5600	0	0	0	0	0	0	0	0	0	
	10014071	5002	71	10014001	 武器 - 藍裝	100	6461	6461	71	71	142	142	142	142	142	0	142	5680	0	0	0	0	0	0	0	0	0	
	10014072	5002	72	10014001	 武器 - 藍裝	100	6552	6552	72	72	144	144	144	144	144	0	144	5760	0	0	0	0	0	0	0	0	0	
	10014073	5002	73	10014001	 武器 - 藍裝	100	6643	6643	73	73	146	146	146	146	146	0	146	5840	0	0	0	0	0	0	0	0	0	
	10014074	5002	74	10014001	 武器 - 藍裝	100	6734	6734	74	74	148	148	148	148	148	0	148	5920	0	0	0	0	0	0	0	0	0	
	10014075	5002	75	10014001	 武器 - 藍裝	100	6825	6825	75	75	150	150	150	150	150	0	150	6000	0	0	0	0	0	0	0	0	0	
	10014076	5002	76	10014001	 武器 - 藍裝	100	6916	6916	76	76	152	152	152	152	152	0	152	6080	0	0	0	0	0	0	0	0	0	
	10014077	5002	77	10014001	 武器 - 藍裝	100	7007	7007	77	77	154	154	154	154	154	0	154	6160	0	0	0	0	0	0	0	0	0	
	10014078	5002	78	10014001	 武器 - 藍裝	100	7098	7098	78	78	156	156	156	156	156	0	156	6240	0	0	0	0	0	0	0	0	0	
	10014079	5002	79	10014001	 武器 - 藍裝	100	7189	7189	79	79	158	158	158	158	158	0	158	6320	0	0	0	0	0	0	0	0	0	
	10014080	5002	80	10014001	 武器 - 藍裝	100	7280	7280	80	80	160	160	160	160	160	0	160	6400	0	0	0	0	0	0	0	0	0	
	10014081	5002	81	10014001	 武器 - 藍裝	100	7371	7371	81	81	162	162	162	162	162	0	162	6480	0	0	0	0	0	0	0	0	0	
	10014082	5002	82	10014001	 武器 - 藍裝	100	7462	7462	82	82	164	164	164	164	164	0	164	6560	0	0	0	0	0	0	0	0	0	
	10014083	5002	83	10014001	 武器 - 藍裝	100	7553	7553	83	83	166	166	166	166	166	0	166	6640	0	0	0	0	0	0	0	0	0	
	10014084	5002	84	10014001	 武器 - 藍裝	100	7644	7644	84	84	168	168	168	168	168	0	168	6720	0	0	0	0	0	0	0	0	0	
	10014085	5002	85	10014001	 武器 - 藍裝	100	7735	7735	85	85	170	170	170	170	170	0	170	6800	0	0	0	0	0	0	0	0	0	
	10014086	5002	86	10014001	 武器 - 藍裝	100	7826	7826	86	86	172	172	172	172	172	0	172	6880	0	0	0	0	0	0	0	0	0	
	10014087	5002	87	10014001	 武器 - 藍裝	100	7917	7917	87	87	174	174	174	174	174	0	174	6960	0	0	0	0	0	0	0	0	0	
	10014088	5002	88	10014001	 武器 - 藍裝	100	8008	8008	88	88	176	176	176	176	176	0	176	7040	0	0	0	0	0	0	0	0	0	
	10014089	5002	89	10014001	 武器 - 藍裝	100	8099	8099	89	89	178	178	178	178	178	0	178	7120	0	0	0	0	0	0	0	0	0	
	10014090	5002	90	10014001	 武器 - 藍裝	100	8190	8190	90	90	180	180	180	180	180	0	180	7200	0	0	0	0	0	0	0	0	0	
	10014091	5002	91	10014001	 武器 - 藍裝	100	8281	8281	91	91	182	182	182	182	182	0	182	7280	0	0	0	0	0	0	0	0	0	
	10014092	5002	92	10014001	 武器 - 藍裝	100	8372	8372	92	92	184	184	184	184	184	0	184	7360	0	0	0	0	0	0	0	0	0	
	10014093	5002	93	10014001	 武器 - 藍裝	100	8463	8463	93	93	186	186	186	186	186	0	186	7440	0	0	0	0	0	0	0	0	0	
	10014094	5002	94	10014001	 武器 - 藍裝	100	8554	8554	94	94	188	188	188	188	188	0	188	7520	0	0	0	0	0	0	0	0	0	
	10014095	5002	95	10014001	 武器 - 藍裝	100	8645	8645	95	95	190	190	190	190	190	0	190	7600	0	0	0	0	0	0	0	0	0	
	10014096	5002	96	10014001	 武器 - 藍裝	100	8736	8736	96	96	192	192	192	192	192	0	192	7680	0	0	0	0	0	0	0	0	0	
	10014097	5002	97	10014001	 武器 - 藍裝	100	8827	8827	97	97	194	194	194	194	194	0	194	7760	0	0	0	0	0	0	0	0	0	
	10014098	5002	98	10014001	 武器 - 藍裝	100	8918	8918	98	98	196	196	196	196	196	0	196	7840	0	0	0	0	0	0	0	0	0	
	10014099	5002	99	10014001	 武器 - 藍裝	100	9009	9009	99	99	198	198	198	198	198	0	198	7920	0	0	0	0	0	0	0	0	0	
	10014100	5002	100	10014001	 武器 - 藍裝	100	9100	9100	100	100	200	200	200	200	200	0	200	8000	0	0	0	0	0	0	0	0	0	
	10014101	5002	101	10014001	 武器 - 藍裝	100	9191	9191	101	101	202	202	202	202	202	0	202	8080	0	0	0	0	0	0	0	0	0	
	10014102	5002	102	10014001	 武器 - 藍裝	100	9282	9282	102	102	204	204	204	204	204	0	204	8160	0	0	0	0	0	0	0	0	0	
	10014103	5002	103	10014001	 武器 - 藍裝	100	9373	9373	103	103	206	206	206	206	206	0	206	8240	0	0	0	0	0	0	0	0	0	
	10014104	5002	104	10014001	 武器 - 藍裝	100	9464	9464	104	104	208	208	208	208	208	0	208	8320	0	0	0	0	0	0	0	0	0	
	10014105	5002	105	10014001	 武器 - 藍裝	100	9555	9555	105	105	210	210	210	210	210	0	210	8400	0	0	0	0	0	0	0	0	0	
	10014106	5002	106	10014001	 武器 - 藍裝	100	9646	9646	106	106	212	212	212	212	212	0	212	8480	0	0	0	0	0	0	0	0	0	
	10014107	5002	107	10014001	 武器 - 藍裝	100	9737	9737	107	107	214	214	214	214	214	0	214	8560	0	0	0	0	0	0	0	0	0	
	10014108	5002	108	10014001	 武器 - 藍裝	100	9828	9828	108	108	216	216	216	216	216	0	216	8640	0	0	0	0	0	0	0	0	0	
# 武器 - 紫裝																												
	10015001	5002	1	10015001	 武器 - 紫裝	100	101	101	1	1	2	2	2	2	2	0	2	80	0	0	0	0	0	0	0	0	0	
	10015002	5002	2	10015001	 武器 - 紫裝	100	202	202	2	2	4	4	4	4	4	0	4	160	0	0	0	0	0	0	0	0	0	
	10015003	5002	3	10015001	 武器 - 紫裝	100	303	303	3	3	6	6	6	6	6	0	6	240	0	0	0	0	0	0	0	0	0	
	10015004	5002	4	10015001	 武器 - 紫裝	100	404	404	4	4	8	8	8	8	8	0	8	320	0	0	0	0	0	0	0	0	0	
	10015005	5002	5	10015001	 武器 - 紫裝	100	505	505	5	5	10	10	10	10	10	0	10	400	0	0	0	0	0	0	0	0	0	
	10015006	5002	6	10015001	 武器 - 紫裝	100	606	606	6	6	12	12	12	12	12	0	12	480	0	0	0	0	0	0	0	0	0	
	10015007	5002	7	10015001	 武器 - 紫裝	100	707	707	7	7	14	14	14	14	14	0	14	560	0	0	0	0	0	0	0	0	0	
	10015008	5002	8	10015001	 武器 - 紫裝	100	808	808	8	8	16	16	16	16	16	0	16	640	0	0	0	0	0	0	0	0	0	
	10015009	5002	9	10015001	 武器 - 紫裝	100	909	909	9	9	18	18	18	18	18	0	18	720	0	0	0	0	0	0	0	0	0	
	10015010	5002	10	10015001	 武器 - 紫裝	100	1010	1010	10	10	20	20	20	20	20	0	20	800	0	0	0	0	0	0	0	0	0	
	10015011	5002	11	10015001	 武器 - 紫裝	100	1111	1111	11	11	22	22	22	22	22	0	22	880	0	0	0	0	0	0	0	0	0	
	10015012	5002	12	10015001	 武器 - 紫裝	100	1212	1212	12	12	24	24	24	24	24	0	24	960	0	0	0	0	0	0	0	0	0	
	10015013	5002	13	10015001	 武器 - 紫裝	100	1313	1313	13	13	26	26	26	26	26	0	26	1040	0	0	0	0	0	0	0	0	0	
	10015014	5002	14	10015001	 武器 - 紫裝	100	1414	1414	14	14	28	28	28	28	28	0	28	1120	0	0	0	0	0	0	0	0	0	
	10015015	5002	15	10015001	 武器 - 紫裝	100	1515	1515	15	15	30	30	30	30	30	0	30	1200	0	0	0	0	0	0	0	0	0	
	10015016	5002	16	10015001	 武器 - 紫裝	100	1616	1616	16	16	32	32	32	32	32	0	32	1280	0	0	0	0	0	0	0	0	0	
	10015017	5002	17	10015001	 武器 - 紫裝	100	1717	1717	17	17	34	34	34	34	34	0	34	1360	0	0	0	0	0	0	0	0	0	
	10015018	5002	18	10015001	 武器 - 紫裝	100	1818	1818	18	18	36	36	36	36	36	0	36	1440	0	0	0	0	0	0	0	0	0	
	10015019	5002	19	10015001	 武器 - 紫裝	100	1919	1919	19	19	38	38	38	38	38	0	38	1520	0	0	0	0	0	0	0	0	0	
	10015020	5002	20	10015001	 武器 - 紫裝	100	2020	2020	20	20	40	40	40	40	40	0	40	1600	0	0	0	0	0	0	0	0	0	
	10015021	5002	21	10015001	 武器 - 紫裝	100	2121	2121	21	21	42	42	42	42	42	0	42	1680	0	0	0	0	0	0	0	0	0	
	10015022	5002	22	10015001	 武器 - 紫裝	100	2222	2222	22	22	44	44	44	44	44	0	44	1760	0	0	0	0	0	0	0	0	0	
	10015023	5002	23	10015001	 武器 - 紫裝	100	2323	2323	23	23	46	46	46	46	46	0	46	1840	0	0	0	0	0	0	0	0	0	
	10015024	5002	24	10015001	 武器 - 紫裝	100	2424	2424	24	24	48	48	48	48	48	0	48	1920	0	0	0	0	0	0	0	0	0	
	10015025	5002	25	10015001	 武器 - 紫裝	100	2525	2525	25	25	50	50	50	50	50	0	50	2000	0	0	0	0	0	0	0	0	0	
	10015026	5002	26	10015001	 武器 - 紫裝	100	2626	2626	26	26	52	52	52	52	52	0	52	2080	0	0	0	0	0	0	0	0	0	
	10015027	5002	27	10015001	 武器 - 紫裝	100	2727	2727	27	27	54	54	54	54	54	0	54	2160	0	0	0	0	0	0	0	0	0	
	10015028	5002	28	10015001	 武器 - 紫裝	100	2828	2828	28	28	56	56	56	56	56	0	56	2240	0	0	0	0	0	0	0	0	0	
	10015029	5002	29	10015001	 武器 - 紫裝	100	2929	2929	29	29	58	58	58	58	58	0	58	2320	0	0	0	0	0	0	0	0	0	
	10015030	5002	30	10015001	 武器 - 紫裝	100	3030	3030	30	30	60	60	60	60	60	0	60	2400	0	0	0	0	0	0	0	0	0	
	10015031	5002	31	10015001	 武器 - 紫裝	100	3131	3131	31	31	62	62	62	62	62	0	62	2480	0	0	0	0	0	0	0	0	0	
	10015032	5002	32	10015001	 武器 - 紫裝	100	3232	3232	32	32	64	64	64	64	64	0	64	2560	0	0	0	0	0	0	0	0	0	
	10015033	5002	33	10015001	 武器 - 紫裝	100	3333	3333	33	33	66	66	66	66	66	0	66	2640	0	0	0	0	0	0	0	0	0	
	10015034	5002	34	10015001	 武器 - 紫裝	100	3434	3434	34	34	68	68	68	68	68	0	68	2720	0	0	0	0	0	0	0	0	0	
	10015035	5002	35	10015001	 武器 - 紫裝	100	3535	3535	35	35	70	70	70	70	70	0	70	2800	0	0	0	0	0	0	0	0	0	
	10015036	5002	36	10015001	 武器 - 紫裝	100	3636	3636	36	36	72	72	72	72	72	0	72	2880	0	0	0	0	0	0	0	0	0	
	10015037	5002	37	10015001	 武器 - 紫裝	100	3737	3737	37	37	74	74	74	74	74	0	74	2960	0	0	0	0	0	0	0	0	0	
	10015038	5002	38	10015001	 武器 - 紫裝	100	3838	3838	38	38	76	76	76	76	76	0	76	3040	0	0	0	0	0	0	0	0	0	
	10015039	5002	39	10015001	 武器 - 紫裝	100	3939	3939	39	39	78	78	78	78	78	0	78	3120	0	0	0	0	0	0	0	0	0	
	10015040	5002	40	10015001	 武器 - 紫裝	100	4040	4040	40	40	80	80	80	80	80	0	80	3200	0	0	0	0	0	0	0	0	0	
	10015041	5002	41	10015001	 武器 - 紫裝	100	4141	4141	41	41	82	82	82	82	82	0	82	3280	0	0	0	0	0	0	0	0	0	
	10015042	5002	42	10015001	 武器 - 紫裝	100	4242	4242	42	42	84	84	84	84	84	0	84	3360	0	0	0	0	0	0	0	0	0	
	10015043	5002	43	10015001	 武器 - 紫裝	100	4343	4343	43	43	86	86	86	86	86	0	86	3440	0	0	0	0	0	0	0	0	0	
	10015044	5002	44	10015001	 武器 - 紫裝	100	4444	4444	44	44	88	88	88	88	88	0	88	3520	0	0	0	0	0	0	0	0	0	
	10015045	5002	45	10015001	 武器 - 紫裝	100	4545	4545	45	45	90	90	90	90	90	0	90	3600	0	0	0	0	0	0	0	0	0	
	10015046	5002	46	10015001	 武器 - 紫裝	100	4646	4646	46	46	92	92	92	92	92	0	92	3680	0	0	0	0	0	0	0	0	0	
	10015047	5002	47	10015001	 武器 - 紫裝	100	4747	4747	47	47	94	94	94	94	94	0	94	3760	0	0	0	0	0	0	0	0	0	
	10015048	5002	48	10015001	 武器 - 紫裝	100	4848	4848	48	48	96	96	96	96	96	0	96	3840	0	0	0	0	0	0	0	0	0	
	10015049	5002	49	10015001	 武器 - 紫裝	100	4949	4949	49	49	98	98	98	98	98	0	98	3920	0	0	0	0	0	0	0	0	0	
	10015050	5002	50	10015001	 武器 - 紫裝	100	5050	5050	50	50	100	100	100	100	100	0	100	4000	0	0	0	0	0	0	0	0	0	
	10015051	5002	51	10015001	 武器 - 紫裝	100	5151	5151	51	51	102	102	102	102	102	0	102	4080	0	0	0	0	0	0	0	0	0	
	10015052	5002	52	10015001	 武器 - 紫裝	100	5252	5252	52	52	104	104	104	104	104	0	104	4160	0	0	0	0	0	0	0	0	0	
	10015053	5002	53	10015001	 武器 - 紫裝	100	5353	5353	53	53	106	106	106	106	106	0	106	4240	0	0	0	0	0	0	0	0	0	
	10015054	5002	54	10015001	 武器 - 紫裝	100	5454	5454	54	54	108	108	108	108	108	0	108	4320	0	0	0	0	0	0	0	0	0	
	10015055	5002	55	10015001	 武器 - 紫裝	100	5555	5555	55	55	110	110	110	110	110	0	110	4400	0	0	0	0	0	0	0	0	0	
	10015056	5002	56	10015001	 武器 - 紫裝	100	5656	5656	56	56	112	112	112	112	112	0	112	4480	0	0	0	0	0	0	0	0	0	
	10015057	5002	57	10015001	 武器 - 紫裝	100	5757	5757	57	57	114	114	114	114	114	0	114	4560	0	0	0	0	0	0	0	0	0	
	10015058	5002	58	10015001	 武器 - 紫裝	100	5858	5858	58	58	116	116	116	116	116	0	116	4640	0	0	0	0	0	0	0	0	0	
	10015059	5002	59	10015001	 武器 - 紫裝	100	5959	5959	59	59	118	118	118	118	118	0	118	4720	0	0	0	0	0	0	0	0	0	
	10015060	5002	60	10015001	 武器 - 紫裝	100	6060	6060	60	60	120	120	120	120	120	0	120	4800	0	0	0	0	0	0	0	0	0	
	10015061	5002	61	10015001	 武器 - 紫裝	100	6161	6161	61	61	122	122	122	122	122	0	122	4880	0	0	0	0	0	0	0	0	0	
	10015062	5002	62	10015001	 武器 - 紫裝	100	6262	6262	62	62	124	124	124	124	124	0	124	4960	0	0	0	0	0	0	0	0	0	
	10015063	5002	63	10015001	 武器 - 紫裝	100	6363	6363	63	63	126	126	126	126	126	0	126	5040	0	0	0	0	0	0	0	0	0	
	10015064	5002	64	10015001	 武器 - 紫裝	100	6464	6464	64	64	128	128	128	128	128	0	128	5120	0	0	0	0	0	0	0	0	0	
	10015065	5002	65	10015001	 武器 - 紫裝	100	6565	6565	65	65	130	130	130	130	130	0	130	5200	0	0	0	0	0	0	0	0	0	
	10015066	5002	66	10015001	 武器 - 紫裝	100	6666	6666	66	66	132	132	132	132	132	0	132	5280	0	0	0	0	0	0	0	0	0	
	10015067	5002	67	10015001	 武器 - 紫裝	100	6767	6767	67	67	134	134	134	134	134	0	134	5360	0	0	0	0	0	0	0	0	0	
	10015068	5002	68	10015001	 武器 - 紫裝	100	6868	6868	68	68	136	136	136	136	136	0	136	5440	0	0	0	0	0	0	0	0	0	
	10015069	5002	69	10015001	 武器 - 紫裝	100	6969	6969	69	69	138	138	138	138	138	0	138	5520	0	0	0	0	0	0	0	0	0	
	10015070	5002	70	10015001	 武器 - 紫裝	100	7070	7070	70	70	140	140	140	140	140	0	140	5600	0	0	0	0	0	0	0	0	0	
	10015071	5002	71	10015001	 武器 - 紫裝	100	7171	7171	71	71	142	142	142	142	142	0	142	5680	0	0	0	0	0	0	0	0	0	
	10015072	5002	72	10015001	 武器 - 紫裝	100	7272	7272	72	72	144	144	144	144	144	0	144	5760	0	0	0	0	0	0	0	0	0	
	10015073	5002	73	10015001	 武器 - 紫裝	100	7373	7373	73	73	146	146	146	146	146	0	146	5840	0	0	0	0	0	0	0	0	0	
	10015074	5002	74	10015001	 武器 - 紫裝	100	7474	7474	74	74	148	148	148	148	148	0	148	5920	0	0	0	0	0	0	0	0	0	
	10015075	5002	75	10015001	 武器 - 紫裝	100	7575	7575	75	75	150	150	150	150	150	0	150	6000	0	0	0	0	0	0	0	0	0	
	10015076	5002	76	10015001	 武器 - 紫裝	100	7676	7676	76	76	152	152	152	152	152	0	152	6080	0	0	0	0	0	0	0	0	0	
	10015077	5002	77	10015001	 武器 - 紫裝	100	7777	7777	77	77	154	154	154	154	154	0	154	6160	0	0	0	0	0	0	0	0	0	
	10015078	5002	78	10015001	 武器 - 紫裝	100	7878	7878	78	78	156	156	156	156	156	0	156	6240	0	0	0	0	0	0	0	0	0	
	10015079	5002	79	10015001	 武器 - 紫裝	100	7979	7979	79	79	158	158	158	158	158	0	158	6320	0	0	0	0	0	0	0	0	0	
	10015080	5002	80	10015001	 武器 - 紫裝	100	8080	8080	80	80	160	160	160	160	160	0	160	6400	0	0	0	0	0	0	0	0	0	
	10015081	5002	81	10015001	 武器 - 紫裝	100	8181	8181	81	81	162	162	162	162	162	0	162	6480	0	0	0	0	0	0	0	0	0	
	10015082	5002	82	10015001	 武器 - 紫裝	100	8282	8282	82	82	164	164	164	164	164	0	164	6560	0	0	0	0	0	0	0	0	0	
	10015083	5002	83	10015001	 武器 - 紫裝	100	8383	8383	83	83	166	166	166	166	166	0	166	6640	0	0	0	0	0	0	0	0	0	
	10015084	5002	84	10015001	 武器 - 紫裝	100	8484	8484	84	84	168	168	168	168	168	0	168	6720	0	0	0	0	0	0	0	0	0	
	10015085	5002	85	10015001	 武器 - 紫裝	100	8585	8585	85	85	170	170	170	170	170	0	170	6800	0	0	0	0	0	0	0	0	0	
	10015086	5002	86	10015001	 武器 - 紫裝	100	8686	8686	86	86	172	172	172	172	172	0	172	6880	0	0	0	0	0	0	0	0	0	
	10015087	5002	87	10015001	 武器 - 紫裝	100	8787	8787	87	87	174	174	174	174	174	0	174	6960	0	0	0	0	0	0	0	0	0	
	10015088	5002	88	10015001	 武器 - 紫裝	100	8888	8888	88	88	176	176	176	176	176	0	176	7040	0	0	0	0	0	0	0	0	0	
	10015089	5002	89	10015001	 武器 - 紫裝	100	8989	8989	89	89	178	178	178	178	178	0	178	7120	0	0	0	0	0	0	0	0	0	
	10015090	5002	90	10015001	 武器 - 紫裝	100	9090	9090	90	90	180	180	180	180	180	0	180	7200	0	0	0	0	0	0	0	0	0	
	10015091	5002	91	10015001	 武器 - 紫裝	100	9191	9191	91	91	182	182	182	182	182	0	182	7280	0	0	0	0	0	0	0	0	0	
	10015092	5002	92	10015001	 武器 - 紫裝	100	9292	9292	92	92	184	184	184	184	184	0	184	7360	0	0	0	0	0	0	0	0	0	
	10015093	5002	93	10015001	 武器 - 紫裝	100	9393	9393	93	93	186	186	186	186	186	0	186	7440	0	0	0	0	0	0	0	0	0	
	10015094	5002	94	10015001	 武器 - 紫裝	100	9494	9494	94	94	188	188	188	188	188	0	188	7520	0	0	0	0	0	0	0	0	0	
	10015095	5002	95	10015001	 武器 - 紫裝	100	9595	9595	95	95	190	190	190	190	190	0	190	7600	0	0	0	0	0	0	0	0	0	
	10015096	5002	96	10015001	 武器 - 紫裝	100	9696	9696	96	96	192	192	192	192	192	0	192	7680	0	0	0	0	0	0	0	0	0	
	10015097	5002	97	10015001	 武器 - 紫裝	100	9797	9797	97	97	194	194	194	194	194	0	194	7760	0	0	0	0	0	0	0	0	0	
	10015098	5002	98	10015001	 武器 - 紫裝	100	9898	9898	98	98	196	196	196	196	196	0	196	7840	0	0	0	0	0	0	0	0	0	
	10015099	5002	99	10015001	 武器 - 紫裝	100	9999	9999	99	99	198	198	198	198	198	0	198	7920	0	0	0	0	0	0	0	0	0	
	10015100	5002	100	10015001	 武器 - 紫裝	100	10100	10100	100	100	200	200	200	200	200	0	200	8000	0	0	0	0	0	0	0	0	0	
	10015101	5002	101	10015001	 武器 - 紫裝	100	10201	10201	101	101	202	202	202	202	202	0	202	8080	0	0	0	0	0	0	0	0	0	
	10015102	5002	102	10015001	 武器 - 紫裝	100	10302	10302	102	102	204	204	204	204	204	0	204	8160	0	0	0	0	0	0	0	0	0	
	10015103	5002	103	10015001	 武器 - 紫裝	100	10403	10403	103	103	206	206	206	206	206	0	206	8240	0	0	0	0	0	0	0	0	0	
	10015104	5002	104	10015001	 武器 - 紫裝	100	10504	10504	104	104	208	208	208	208	208	0	208	8320	0	0	0	0	0	0	0	0	0	
	10015105	5002	105	10015001	 武器 - 紫裝	100	10605	10605	105	105	210	210	210	210	210	0	210	8400	0	0	0	0	0	0	0	0	0	
	10015106	5002	106	10015001	 武器 - 紫裝	100	10706	10706	106	106	212	212	212	212	212	0	212	8480	0	0	0	0	0	0	0	0	0	
	10015107	5002	107	10015001	 武器 - 紫裝	100	10807	10807	107	107	214	214	214	214	214	0	214	8560	0	0	0	0	0	0	0	0	0	
	10015108	5002	108	10015001	 武器 - 紫裝	100	10908	10908	108	108	216	216	216	216	216	0	216	8640	0	0	0	0	0	0	0	0	0	
# 防具強化屬性數值表																												
# 防具 - 灰裝																												
	10021001	5002	1	10021001	 防具 - 灰裝	100	20	20	0	0	1	1	1	1	1	0	1	0	11	0	0	0	0	0	0	0	0	
	10021002	5002	2	10021001	 防具 - 灰裝	100	40	40	0	0	2	2	2	2	2	0	2	0	22	0	0	0	0	0	0	0	0	
	10021003	5002	3	10021001	 防具 - 灰裝	100	60	60	0	0	3	3	3	3	3	0	3	0	33	0	0	0	0	0	0	0	0	
	10021004	5002	4	10021001	 防具 - 灰裝	100	80	80	0	0	4	4	4	4	4	0	4	0	44	0	0	0	0	0	0	0	0	
	10021005	5002	5	10021001	 防具 - 灰裝	100	100	100	0	0	5	5	5	5	5	0	5	0	55	0	0	0	0	0	0	0	0	
	10021006	5002	6	10021001	 防具 - 灰裝	100	120	120	0	0	6	6	6	6	6	0	6	0	66	0	0	0	0	0	0	0	0	
	10021007	5002	7	10021001	 防具 - 灰裝	100	140	140	0	0	7	7	7	7	7	0	7	0	77	0	0	0	0	0	0	0	0	
	10021008	5002	8	10021001	 防具 - 灰裝	100	160	160	0	0	8	8	8	8	8	0	8	0	88	0	0	0	0	0	0	0	0	
	10021009	5002	9	10021001	 防具 - 灰裝	100	180	180	0	0	9	9	9	9	9	0	9	0	99	0	0	0	0	0	0	0	0	
	10021010	5002	10	10021001	 防具 - 灰裝	100	200	200	0	0	10	10	10	10	10	0	10	0	110	0	0	0	0	0	0	0	0	
	10021011	5002	11	10021001	 防具 - 灰裝	100	220	220	0	0	11	11	11	11	11	0	11	0	121	0	0	0	0	0	0	0	0	
	10021012	5002	12	10021001	 防具 - 灰裝	100	240	240	0	0	12	12	12	12	12	0	12	0	132	0	0	0	0	0	0	0	0	
	10021013	5002	13	10021001	 防具 - 灰裝	100	260	260	0	0	13	13	13	13	13	0	13	0	143	0	0	0	0	0	0	0	0	
	10021014	5002	14	10021001	 防具 - 灰裝	100	280	280	0	0	14	14	14	14	14	0	14	0	154	0	0	0	0	0	0	0	0	
	10021015	5002	15	10021001	 防具 - 灰裝	100	300	300	0	0	15	15	15	15	15	0	15	0	165	0	0	0	0	0	0	0	0	
	10021016	5002	16	10021001	 防具 - 灰裝	100	320	320	0	0	16	16	16	16	16	0	16	0	176	0	0	0	0	0	0	0	0	
	10021017	5002	17	10021001	 防具 - 灰裝	100	340	340	0	0	17	17	17	17	17	0	17	0	187	0	0	0	0	0	0	0	0	
	10021018	5002	18	10021001	 防具 - 灰裝	100	360	360	0	0	18	18	18	18	18	0	18	0	198	0	0	0	0	0	0	0	0	
	10021019	5002	19	10021001	 防具 - 灰裝	100	380	380	0	0	19	19	19	19	19	0	19	0	209	0	0	0	0	0	0	0	0	
	10021020	5002	20	10021001	 防具 - 灰裝	100	400	400	0	0	20	20	20	20	20	0	20	0	220	0	0	0	0	0	0	0	0	
	10021021	5002	21	10021001	 防具 - 灰裝	100	420	420	0	0	21	21	21	21	21	0	21	0	231	0	0	0	0	0	0	0	0	
	10021022	5002	22	10021001	 防具 - 灰裝	100	440	440	0	0	22	22	22	22	22	0	22	0	242	0	0	0	0	0	0	0	0	
	10021023	5002	23	10021001	 防具 - 灰裝	100	460	460	0	0	23	23	23	23	23	0	23	0	253	0	0	0	0	0	0	0	0	
	10021024	5002	24	10021001	 防具 - 灰裝	100	480	480	0	0	24	24	24	24	24	0	24	0	264	0	0	0	0	0	0	0	0	
	10021025	5002	25	10021001	 防具 - 灰裝	100	500	500	0	0	25	25	25	25	25	0	25	0	275	0	0	0	0	0	0	0	0	
	10021026	5002	26	10021001	 防具 - 灰裝	100	520	520	0	0	26	26	26	26	26	0	26	0	286	0	0	0	0	0	0	0	0	
	10021027	5002	27	10021001	 防具 - 灰裝	100	540	540	0	0	27	27	27	27	27	0	27	0	297	0	0	0	0	0	0	0	0	
	10021028	5002	28	10021001	 防具 - 灰裝	100	560	560	0	0	28	28	28	28	28	0	28	0	308	0	0	0	0	0	0	0	0	
	10021029	5002	29	10021001	 防具 - 灰裝	100	580	580	0	0	29	29	29	29	29	0	29	0	319	0	0	0	0	0	0	0	0	
	10021030	5002	30	10021001	 防具 - 灰裝	100	600	600	0	0	30	30	30	30	30	0	30	0	330	0	0	0	0	0	0	0	0	
	10021031	5002	31	10021001	 防具 - 灰裝	100	620	620	0	0	31	31	31	31	31	0	31	0	341	0	0	0	0	0	0	0	0	
	10021032	5002	32	10021001	 防具 - 灰裝	100	640	640	0	0	32	32	32	32	32	0	32	0	352	0	0	0	0	0	0	0	0	
	10021033	5002	33	10021001	 防具 - 灰裝	100	660	660	0	0	33	33	33	33	33	0	33	0	363	0	0	0	0	0	0	0	0	
	10021034	5002	34	10021001	 防具 - 灰裝	100	680	680	0	0	34	34	34	34	34	0	34	0	374	0	0	0	0	0	0	0	0	
	10021035	5002	35	10021001	 防具 - 灰裝	100	700	700	0	0	35	35	35	35	35	0	35	0	385	0	0	0	0	0	0	0	0	
	10021036	5002	36	10021001	 防具 - 灰裝	100	720	720	0	0	36	36	36	36	36	0	36	0	396	0	0	0	0	0	0	0	0	
	10021037	5002	37	10021001	 防具 - 灰裝	100	740	740	0	0	37	37	37	37	37	0	37	0	407	0	0	0	0	0	0	0	0	
	10021038	5002	38	10021001	 防具 - 灰裝	100	760	760	0	0	38	38	38	38	38	0	38	0	418	0	0	0	0	0	0	0	0	
	10021039	5002	39	10021001	 防具 - 灰裝	100	780	780	0	0	39	39	39	39	39	0	39	0	429	0	0	0	0	0	0	0	0	
	10021040	5002	40	10021001	 防具 - 灰裝	100	800	800	0	0	40	40	40	40	40	0	40	0	440	0	0	0	0	0	0	0	0	
	10021041	5002	41	10021001	 防具 - 灰裝	100	820	820	0	0	41	41	41	41	41	0	41	0	451	0	0	0	0	0	0	0	0	
	10021042	5002	42	10021001	 防具 - 灰裝	100	840	840	0	0	42	42	42	42	42	0	42	0	462	0	0	0	0	0	0	0	0	
	10021043	5002	43	10021001	 防具 - 灰裝	100	860	860	0	0	43	43	43	43	43	0	43	0	473	0	0	0	0	0	0	0	0	
	10021044	5002	44	10021001	 防具 - 灰裝	100	880	880	0	0	44	44	44	44	44	0	44	0	484	0	0	0	0	0	0	0	0	
	10021045	5002	45	10021001	 防具 - 灰裝	100	900	900	0	0	45	45	45	45	45	0	45	0	495	0	0	0	0	0	0	0	0	
	10021046	5002	46	10021001	 防具 - 灰裝	100	920	920	0	0	46	46	46	46	46	0	46	0	506	0	0	0	0	0	0	0	0	
	10021047	5002	47	10021001	 防具 - 灰裝	100	940	940	0	0	47	47	47	47	47	0	47	0	517	0	0	0	0	0	0	0	0	
	10021048	5002	48	10021001	 防具 - 灰裝	100	960	960	0	0	48	48	48	48	48	0	48	0	528	0	0	0	0	0	0	0	0	
	10021049	5002	49	10021001	 防具 - 灰裝	100	980	980	0	0	49	49	49	49	49	0	49	0	539	0	0	0	0	0	0	0	0	
	10021050	5002	50	10021001	 防具 - 灰裝	100	1000	1000	0	0	50	50	50	50	50	0	50	0	550	0	0	0	0	0	0	0	0	
	10021051	5002	51	10021001	 防具 - 灰裝	100	1020	1020	0	0	51	51	51	51	51	0	51	0	561	0	0	0	0	0	0	0	0	
	10021052	5002	52	10021001	 防具 - 灰裝	100	1040	1040	0	0	52	52	52	52	52	0	52	0	572	0	0	0	0	0	0	0	0	
	10021053	5002	53	10021001	 防具 - 灰裝	100	1060	1060	0	0	53	53	53	53	53	0	53	0	583	0	0	0	0	0	0	0	0	
	10021054	5002	54	10021001	 防具 - 灰裝	100	1080	1080	0	0	54	54	54	54	54	0	54	0	594	0	0	0	0	0	0	0	0	
	10021055	5002	55	10021001	 防具 - 灰裝	100	1100	1100	0	0	55	55	55	55	55	0	55	0	605	0	0	0	0	0	0	0	0	
	10021056	5002	56	10021001	 防具 - 灰裝	100	1120	1120	0	0	56	56	56	56	56	0	56	0	616	0	0	0	0	0	0	0	0	
	10021057	5002	57	10021001	 防具 - 灰裝	100	1140	1140	0	0	57	57	57	57	57	0	57	0	627	0	0	0	0	0	0	0	0	
	10021058	5002	58	10021001	 防具 - 灰裝	100	1160	1160	0	0	58	58	58	58	58	0	58	0	638	0	0	0	0	0	0	0	0	
	10021059	5002	59	10021001	 防具 - 灰裝	100	1180	1180	0	0	59	59	59	59	59	0	59	0	649	0	0	0	0	0	0	0	0	
	10021060	5002	60	10021001	 防具 - 灰裝	100	1200	1200	0	0	60	60	60	60	60	0	60	0	660	0	0	0	0	0	0	0	0	
	10021061	5002	61	10021001	 防具 - 灰裝	100	1220	1220	0	0	61	61	61	61	61	0	61	0	671	0	0	0	0	0	0	0	0	
	10021062	5002	62	10021001	 防具 - 灰裝	100	1240	1240	0	0	62	62	62	62	62	0	62	0	682	0	0	0	0	0	0	0	0	
	10021063	5002	63	10021001	 防具 - 灰裝	100	1260	1260	0	0	63	63	63	63	63	0	63	0	693	0	0	0	0	0	0	0	0	
	10021064	5002	64	10021001	 防具 - 灰裝	100	1280	1280	0	0	64	64	64	64	64	0	64	0	704	0	0	0	0	0	0	0	0	
	10021065	5002	65	10021001	 防具 - 灰裝	100	1300	1300	0	0	65	65	65	65	65	0	65	0	715	0	0	0	0	0	0	0	0	
	10021066	5002	66	10021001	 防具 - 灰裝	100	1320	1320	0	0	66	66	66	66	66	0	66	0	726	0	0	0	0	0	0	0	0	
	10021067	5002	67	10021001	 防具 - 灰裝	100	1340	1340	0	0	67	67	67	67	67	0	67	0	737	0	0	0	0	0	0	0	0	
	10021068	5002	68	10021001	 防具 - 灰裝	100	1360	1360	0	0	68	68	68	68	68	0	68	0	748	0	0	0	0	0	0	0	0	
	10021069	5002	69	10021001	 防具 - 灰裝	100	1380	1380	0	0	69	69	69	69	69	0	69	0	759	0	0	0	0	0	0	0	0	
	10021070	5002	70	10021001	 防具 - 灰裝	100	1400	1400	0	0	70	70	70	70	70	0	70	0	770	0	0	0	0	0	0	0	0	
	10021071	5002	71	10021001	 防具 - 灰裝	100	1420	1420	0	0	71	71	71	71	71	0	71	0	781	0	0	0	0	0	0	0	0	
	10021072	5002	72	10021001	 防具 - 灰裝	100	1440	1440	0	0	72	72	72	72	72	0	72	0	792	0	0	0	0	0	0	0	0	
	10021073	5002	73	10021001	 防具 - 灰裝	100	1460	1460	0	0	73	73	73	73	73	0	73	0	803	0	0	0	0	0	0	0	0	
	10021074	5002	74	10021001	 防具 - 灰裝	100	1480	1480	0	0	74	74	74	74	74	0	74	0	814	0	0	0	0	0	0	0	0	
	10021075	5002	75	10021001	 防具 - 灰裝	100	1500	1500	0	0	75	75	75	75	75	0	75	0	825	0	0	0	0	0	0	0	0	
	10021076	5002	76	10021001	 防具 - 灰裝	100	1520	1520	0	0	76	76	76	76	76	0	76	0	836	0	0	0	0	0	0	0	0	
	10021077	5002	77	10021001	 防具 - 灰裝	100	1540	1540	0	0	77	77	77	77	77	0	77	0	847	0	0	0	0	0	0	0	0	
	10021078	5002	78	10021001	 防具 - 灰裝	100	1560	1560	0	0	78	78	78	78	78	0	78	0	858	0	0	0	0	0	0	0	0	
	10021079	5002	79	10021001	 防具 - 灰裝	100	1580	1580	0	0	79	79	79	79	79	0	79	0	869	0	0	0	0	0	0	0	0	
	10021080	5002	80	10021001	 防具 - 灰裝	100	1600	1600	0	0	80	80	80	80	80	0	80	0	880	0	0	0	0	0	0	0	0	
	10021081	5002	81	10021001	 防具 - 灰裝	100	1620	1620	0	0	81	81	81	81	81	0	81	0	891	0	0	0	0	0	0	0	0	
	10021082	5002	82	10021001	 防具 - 灰裝	100	1640	1640	0	0	82	82	82	82	82	0	82	0	902	0	0	0	0	0	0	0	0	
	10021083	5002	83	10021001	 防具 - 灰裝	100	1660	1660	0	0	83	83	83	83	83	0	83	0	913	0	0	0	0	0	0	0	0	
	10021084	5002	84	10021001	 防具 - 灰裝	100	1680	1680	0	0	84	84	84	84	84	0	84	0	924	0	0	0	0	0	0	0	0	
	10021085	5002	85	10021001	 防具 - 灰裝	100	1700	1700	0	0	85	85	85	85	85	0	85	0	935	0	0	0	0	0	0	0	0	
	10021086	5002	86	10021001	 防具 - 灰裝	100	1720	1720	0	0	86	86	86	86	86	0	86	0	946	0	0	0	0	0	0	0	0	
	10021087	5002	87	10021001	 防具 - 灰裝	100	1740	1740	0	0	87	87	87	87	87	0	87	0	957	0	0	0	0	0	0	0	0	
	10021088	5002	88	10021001	 防具 - 灰裝	100	1760	1760	0	0	88	88	88	88	88	0	88	0	968	0	0	0	0	0	0	0	0	
	10021089	5002	89	10021001	 防具 - 灰裝	100	1780	1780	0	0	89	89	89	89	89	0	89	0	979	0	0	0	0	0	0	0	0	
	10021090	5002	90	10021001	 防具 - 灰裝	100	1800	1800	0	0	90	90	90	90	90	0	90	0	990	0	0	0	0	0	0	0	0	
	10021091	5002	91	10021001	 防具 - 灰裝	100	1820	1820	0	0	91	91	91	91	91	0	91	0	1001	0	0	0	0	0	0	0	0	
	10021092	5002	92	10021001	 防具 - 灰裝	100	1840	1840	0	0	92	92	92	92	92	0	92	0	1012	0	0	0	0	0	0	0	0	
	10021093	5002	93	10021001	 防具 - 灰裝	100	1860	1860	0	0	93	93	93	93	93	0	93	0	1023	0	0	0	0	0	0	0	0	
	10021094	5002	94	10021001	 防具 - 灰裝	100	1880	1880	0	0	94	94	94	94	94	0	94	0	1034	0	0	0	0	0	0	0	0	
	10021095	5002	95	10021001	 防具 - 灰裝	100	1900	1900	0	0	95	95	95	95	95	0	95	0	1045	0	0	0	0	0	0	0	0	
	10021096	5002	96	10021001	 防具 - 灰裝	100	1920	1920	0	0	96	96	96	96	96	0	96	0	1056	0	0	0	0	0	0	0	0	
	10021097	5002	97	10021001	 防具 - 灰裝	100	1940	1940	0	0	97	97	97	97	97	0	97	0	1067	0	0	0	0	0	0	0	0	
	10021098	5002	98	10021001	 防具 - 灰裝	100	1960	1960	0	0	98	98	98	98	98	0	98	0	1078	0	0	0	0	0	0	0	0	
	10021099	5002	99	10021001	 防具 - 灰裝	100	1980	1980	0	0	99	99	99	99	99	0	99	0	1089	0	0	0	0	0	0	0	0	
	10021100	5002	100	10021001	 防具 - 灰裝	100	2000	2000	0	0	100	100	100	100	100	0	100	0	1100	0	0	0	0	0	0	0	0	
	10021101	5002	101	10021001	 防具 - 灰裝	100	2020	2020	0	0	101	101	101	101	101	0	101	0	1111	0	0	0	0	0	0	0	0	
	10021102	5002	102	10021001	 防具 - 灰裝	100	2040	2040	0	0	102	102	102	102	102	0	102	0	1122	0	0	0	0	0	0	0	0	
	10021103	5002	103	10021001	 防具 - 灰裝	100	2060	2060	0	0	103	103	103	103	103	0	103	0	1133	0	0	0	0	0	0	0	0	
	10021104	5002	104	10021001	 防具 - 灰裝	100	2080	2080	0	0	104	104	104	104	104	0	104	0	1144	0	0	0	0	0	0	0	0	
	10021105	5002	105	10021001	 防具 - 灰裝	100	2100	2100	0	0	105	105	105	105	105	0	105	0	1155	0	0	0	0	0	0	0	0	
	10021106	5002	106	10021001	 防具 - 灰裝	100	2120	2120	0	0	106	106	106	106	106	0	106	0	1166	0	0	0	0	0	0	0	0	
	10021107	5002	107	10021001	 防具 - 灰裝	100	2140	2140	0	0	107	107	107	107	107	0	107	0	1177	0	0	0	0	0	0	0	0	
	10021108	5002	108	10021001	 防具 - 灰裝	100	2160	2160	0	0	108	108	108	108	108	0	108	0	1188	0	0	0	0	0	0	0	0	
# 防具 - 白裝（非商店貨）																												
	10022001	5002	1	10022001	 防具 - 白裝	100	24	24	0	0	1	1	1	1	1	0	1	0	11	0	0	0	0	0	0	0	0	
	10022002	5002	2	10022001	 防具 - 白裝	100	48	48	0	0	2	2	2	2	2	0	2	0	22	0	0	0	0	0	0	0	0	
	10022003	5002	3	10022001	 防具 - 白裝	100	72	72	0	0	3	3	3	3	3	0	3	0	33	0	0	0	0	0	0	0	0	
	10022004	5002	4	10022001	 防具 - 白裝	100	96	96	0	0	4	4	4	4	4	0	4	0	44	0	0	0	0	0	0	0	0	
	10022005	5002	5	10022001	 防具 - 白裝	100	120	120	0	0	5	5	5	5	5	0	5	0	55	0	0	0	0	0	0	0	0	
	10022006	5002	6	10022001	 防具 - 白裝	100	144	144	0	0	6	6	6	6	6	0	6	0	66	0	0	0	0	0	0	0	0	
	10022007	5002	7	10022001	 防具 - 白裝	100	168	168	0	0	7	7	7	7	7	0	7	0	77	0	0	0	0	0	0	0	0	
	10022008	5002	8	10022001	 防具 - 白裝	100	192	192	0	0	8	8	8	8	8	0	8	0	88	0	0	0	0	0	0	0	0	
	10022009	5002	9	10022001	 防具 - 白裝	100	216	216	0	0	9	9	9	9	9	0	9	0	99	0	0	0	0	0	0	0	0	
	10022010	5002	10	10022001	 防具 - 白裝	100	240	240	0	0	10	10	10	10	10	0	10	0	110	0	0	0	0	0	0	0	0	
	10022011	5002	11	10022001	 防具 - 白裝	100	264	264	0	0	11	11	11	11	11	0	11	0	121	0	0	0	0	0	0	0	0	
	10022012	5002	12	10022001	 防具 - 白裝	100	288	288	0	0	12	12	12	12	12	0	12	0	132	0	0	0	0	0	0	0	0	
	10022013	5002	13	10022001	 防具 - 白裝	100	312	312	0	0	13	13	13	13	13	0	13	0	143	0	0	0	0	0	0	0	0	
	10022014	5002	14	10022001	 防具 - 白裝	100	336	336	0	0	14	14	14	14	14	0	14	0	154	0	0	0	0	0	0	0	0	
	10022015	5002	15	10022001	 防具 - 白裝	100	360	360	0	0	15	15	15	15	15	0	15	0	165	0	0	0	0	0	0	0	0	
	10022016	5002	16	10022001	 防具 - 白裝	100	384	384	0	0	16	16	16	16	16	0	16	0	176	0	0	0	0	0	0	0	0	
	10022017	5002	17	10022001	 防具 - 白裝	100	408	408	0	0	17	17	17	17	17	0	17	0	187	0	0	0	0	0	0	0	0	
	10022018	5002	18	10022001	 防具 - 白裝	100	432	432	0	0	18	18	18	18	18	0	18	0	198	0	0	0	0	0	0	0	0	
	10022019	5002	19	10022001	 防具 - 白裝	100	456	456	0	0	19	19	19	19	19	0	19	0	209	0	0	0	0	0	0	0	0	
	10022020	5002	20	10022001	 防具 - 白裝	100	480	480	0	0	20	20	20	20	20	0	20	0	220	0	0	0	0	0	0	0	0	
	10022021	5002	21	10022001	 防具 - 白裝	100	504	504	0	0	21	21	21	21	21	0	21	0	231	0	0	0	0	0	0	0	0	
	10022022	5002	22	10022001	 防具 - 白裝	100	528	528	0	0	22	22	22	22	22	0	22	0	242	0	0	0	0	0	0	0	0	
	10022023	5002	23	10022001	 防具 - 白裝	100	552	552	0	0	23	23	23	23	23	0	23	0	253	0	0	0	0	0	0	0	0	
	10022024	5002	24	10022001	 防具 - 白裝	100	576	576	0	0	24	24	24	24	24	0	24	0	264	0	0	0	0	0	0	0	0	
	10022025	5002	25	10022001	 防具 - 白裝	100	600	600	0	0	25	25	25	25	25	0	25	0	275	0	0	0	0	0	0	0	0	
	10022026	5002	26	10022001	 防具 - 白裝	100	624	624	0	0	26	26	26	26	26	0	26	0	286	0	0	0	0	0	0	0	0	
	10022027	5002	27	10022001	 防具 - 白裝	100	648	648	0	0	27	27	27	27	27	0	27	0	297	0	0	0	0	0	0	0	0	
	10022028	5002	28	10022001	 防具 - 白裝	100	672	672	0	0	28	28	28	28	28	0	28	0	308	0	0	0	0	0	0	0	0	
	10022029	5002	29	10022001	 防具 - 白裝	100	696	696	0	0	29	29	29	29	29	0	29	0	319	0	0	0	0	0	0	0	0	
	10022030	5002	30	10022001	 防具 - 白裝	100	720	720	0	0	30	30	30	30	30	0	30	0	330	0	0	0	0	0	0	0	0	
	10022031	5002	31	10022001	 防具 - 白裝	100	744	744	0	0	31	31	31	31	31	0	31	0	341	0	0	0	0	0	0	0	0	
	10022032	5002	32	10022001	 防具 - 白裝	100	768	768	0	0	32	32	32	32	32	0	32	0	352	0	0	0	0	0	0	0	0	
	10022033	5002	33	10022001	 防具 - 白裝	100	792	792	0	0	33	33	33	33	33	0	33	0	363	0	0	0	0	0	0	0	0	
	10022034	5002	34	10022001	 防具 - 白裝	100	816	816	0	0	34	34	34	34	34	0	34	0	374	0	0	0	0	0	0	0	0	
	10022035	5002	35	10022001	 防具 - 白裝	100	840	840	0	0	35	35	35	35	35	0	35	0	385	0	0	0	0	0	0	0	0	
	10022036	5002	36	10022001	 防具 - 白裝	100	864	864	0	0	36	36	36	36	36	0	36	0	396	0	0	0	0	0	0	0	0	
	10022037	5002	37	10022001	 防具 - 白裝	100	888	888	0	0	37	37	37	37	37	0	37	0	407	0	0	0	0	0	0	0	0	
	10022038	5002	38	10022001	 防具 - 白裝	100	912	912	0	0	38	38	38	38	38	0	38	0	418	0	0	0	0	0	0	0	0	
	10022039	5002	39	10022001	 防具 - 白裝	100	936	936	0	0	39	39	39	39	39	0	39	0	429	0	0	0	0	0	0	0	0	
	10022040	5002	40	10022001	 防具 - 白裝	100	960	960	0	0	40	40	40	40	40	0	40	0	440	0	0	0	0	0	0	0	0	
	10022041	5002	41	10022001	 防具 - 白裝	100	984	984	0	0	41	41	41	41	41	0	41	0	451	0	0	0	0	0	0	0	0	
	10022042	5002	42	10022001	 防具 - 白裝	100	1008	1008	0	0	42	42	42	42	42	0	42	0	462	0	0	0	0	0	0	0	0	
	10022043	5002	43	10022001	 防具 - 白裝	100	1032	1032	0	0	43	43	43	43	43	0	43	0	473	0	0	0	0	0	0	0	0	
	10022044	5002	44	10022001	 防具 - 白裝	100	1056	1056	0	0	44	44	44	44	44	0	44	0	484	0	0	0	0	0	0	0	0	
	10022045	5002	45	10022001	 防具 - 白裝	100	1080	1080	0	0	45	45	45	45	45	0	45	0	495	0	0	0	0	0	0	0	0	
	10022046	5002	46	10022001	 防具 - 白裝	100	1104	1104	0	0	46	46	46	46	46	0	46	0	506	0	0	0	0	0	0	0	0	
	10022047	5002	47	10022001	 防具 - 白裝	100	1128	1128	0	0	47	47	47	47	47	0	47	0	517	0	0	0	0	0	0	0	0	
	10022048	5002	48	10022001	 防具 - 白裝	100	1152	1152	0	0	48	48	48	48	48	0	48	0	528	0	0	0	0	0	0	0	0	
	10022049	5002	49	10022001	 防具 - 白裝	100	1176	1176	0	0	49	49	49	49	49	0	49	0	539	0	0	0	0	0	0	0	0	
	10022050	5002	50	10022001	 防具 - 白裝	100	1200	1200	0	0	50	50	50	50	50	0	50	0	550	0	0	0	0	0	0	0	0	
	10022051	5002	51	10022001	 防具 - 白裝	100	1224	1224	0	0	51	51	51	51	51	0	51	0	561	0	0	0	0	0	0	0	0	
	10022052	5002	52	10022001	 防具 - 白裝	100	1248	1248	0	0	52	52	52	52	52	0	52	0	572	0	0	0	0	0	0	0	0	
	10022053	5002	53	10022001	 防具 - 白裝	100	1272	1272	0	0	53	53	53	53	53	0	53	0	583	0	0	0	0	0	0	0	0	
	10022054	5002	54	10022001	 防具 - 白裝	100	1296	1296	0	0	54	54	54	54	54	0	54	0	594	0	0	0	0	0	0	0	0	
	10022055	5002	55	10022001	 防具 - 白裝	100	1320	1320	0	0	55	55	55	55	55	0	55	0	605	0	0	0	0	0	0	0	0	
	10022056	5002	56	10022001	 防具 - 白裝	100	1344	1344	0	0	56	56	56	56	56	0	56	0	616	0	0	0	0	0	0	0	0	
	10022057	5002	57	10022001	 防具 - 白裝	100	1368	1368	0	0	57	57	57	57	57	0	57	0	627	0	0	0	0	0	0	0	0	
	10022058	5002	58	10022001	 防具 - 白裝	100	1392	1392	0	0	58	58	58	58	58	0	58	0	638	0	0	0	0	0	0	0	0	
	10022059	5002	59	10022001	 防具 - 白裝	100	1416	1416	0	0	59	59	59	59	59	0	59	0	649	0	0	0	0	0	0	0	0	
	10022060	5002	60	10022001	 防具 - 白裝	100	1440	1440	0	0	60	60	60	60	60	0	60	0	660	0	0	0	0	0	0	0	0	
	10022061	5002	61	10022001	 防具 - 白裝	100	1464	1464	0	0	61	61	61	61	61	0	61	0	671	0	0	0	0	0	0	0	0	
	10022062	5002	62	10022001	 防具 - 白裝	100	1488	1488	0	0	62	62	62	62	62	0	62	0	682	0	0	0	0	0	0	0	0	
	10022063	5002	63	10022001	 防具 - 白裝	100	1512	1512	0	0	63	63	63	63	63	0	63	0	693	0	0	0	0	0	0	0	0	
	10022064	5002	64	10022001	 防具 - 白裝	100	1536	1536	0	0	64	64	64	64	64	0	64	0	704	0	0	0	0	0	0	0	0	
	10022065	5002	65	10022001	 防具 - 白裝	100	1560	1560	0	0	65	65	65	65	65	0	65	0	715	0	0	0	0	0	0	0	0	
	10022066	5002	66	10022001	 防具 - 白裝	100	1584	1584	0	0	66	66	66	66	66	0	66	0	726	0	0	0	0	0	0	0	0	
	10022067	5002	67	10022001	 防具 - 白裝	100	1608	1608	0	0	67	67	67	67	67	0	67	0	737	0	0	0	0	0	0	0	0	
	10022068	5002	68	10022001	 防具 - 白裝	100	1632	1632	0	0	68	68	68	68	68	0	68	0	748	0	0	0	0	0	0	0	0	
	10022069	5002	69	10022001	 防具 - 白裝	100	1656	1656	0	0	69	69	69	69	69	0	69	0	759	0	0	0	0	0	0	0	0	
	10022070	5002	70	10022001	 防具 - 白裝	100	1680	1680	0	0	70	70	70	70	70	0	70	0	770	0	0	0	0	0	0	0	0	
	10022071	5002	71	10022001	 防具 - 白裝	100	1704	1704	0	0	71	71	71	71	71	0	71	0	781	0	0	0	0	0	0	0	0	
	10022072	5002	72	10022001	 防具 - 白裝	100	1728	1728	0	0	72	72	72	72	72	0	72	0	792	0	0	0	0	0	0	0	0	
	10022073	5002	73	10022001	 防具 - 白裝	100	1752	1752	0	0	73	73	73	73	73	0	73	0	803	0	0	0	0	0	0	0	0	
	10022074	5002	74	10022001	 防具 - 白裝	100	1776	1776	0	0	74	74	74	74	74	0	74	0	814	0	0	0	0	0	0	0	0	
	10022075	5002	75	10022001	 防具 - 白裝	100	1800	1800	0	0	75	75	75	75	75	0	75	0	825	0	0	0	0	0	0	0	0	
	10022076	5002	76	10022001	 防具 - 白裝	100	1824	1824	0	0	76	76	76	76	76	0	76	0	836	0	0	0	0	0	0	0	0	
	10022077	5002	77	10022001	 防具 - 白裝	100	1848	1848	0	0	77	77	77	77	77	0	77	0	847	0	0	0	0	0	0	0	0	
	10022078	5002	78	10022001	 防具 - 白裝	100	1872	1872	0	0	78	78	78	78	78	0	78	0	858	0	0	0	0	0	0	0	0	
	10022079	5002	79	10022001	 防具 - 白裝	100	1896	1896	0	0	79	79	79	79	79	0	79	0	869	0	0	0	0	0	0	0	0	
	10022080	5002	80	10022001	 防具 - 白裝	100	1920	1920	0	0	80	80	80	80	80	0	80	0	880	0	0	0	0	0	0	0	0	
	10022081	5002	81	10022001	 防具 - 白裝	100	1944	1944	0	0	81	81	81	81	81	0	81	0	891	0	0	0	0	0	0	0	0	
	10022082	5002	82	10022001	 防具 - 白裝	100	1968	1968	0	0	82	82	82	82	82	0	82	0	902	0	0	0	0	0	0	0	0	
	10022083	5002	83	10022001	 防具 - 白裝	100	1992	1992	0	0	83	83	83	83	83	0	83	0	913	0	0	0	0	0	0	0	0	
	10022084	5002	84	10022001	 防具 - 白裝	100	2016	2016	0	0	84	84	84	84	84	0	84	0	924	0	0	0	0	0	0	0	0	
	10022085	5002	85	10022001	 防具 - 白裝	100	2040	2040	0	0	85	85	85	85	85	0	85	0	935	0	0	0	0	0	0	0	0	
	10022086	5002	86	10022001	 防具 - 白裝	100	2064	2064	0	0	86	86	86	86	86	0	86	0	946	0	0	0	0	0	0	0	0	
	10022087	5002	87	10022001	 防具 - 白裝	100	2088	2088	0	0	87	87	87	87	87	0	87	0	957	0	0	0	0	0	0	0	0	
	10022088	5002	88	10022001	 防具 - 白裝	100	2112	2112	0	0	88	88	88	88	88	0	88	0	968	0	0	0	0	0	0	0	0	
	10022089	5002	89	10022001	 防具 - 白裝	100	2136	2136	0	0	89	89	89	89	89	0	89	0	979	0	0	0	0	0	0	0	0	
	10022090	5002	90	10022001	 防具 - 白裝	100	2160	2160	0	0	90	90	90	90	90	0	90	0	990	0	0	0	0	0	0	0	0	
	10022091	5002	91	10022001	 防具 - 白裝	100	2184	2184	0	0	91	91	91	91	91	0	91	0	1001	0	0	0	0	0	0	0	0	
	10022092	5002	92	10022001	 防具 - 白裝	100	2208	2208	0	0	92	92	92	92	92	0	92	0	1012	0	0	0	0	0	0	0	0	
	10022093	5002	93	10022001	 防具 - 白裝	100	2232	2232	0	0	93	93	93	93	93	0	93	0	1023	0	0	0	0	0	0	0	0	
	10022094	5002	94	10022001	 防具 - 白裝	100	2256	2256	0	0	94	94	94	94	94	0	94	0	1034	0	0	0	0	0	0	0	0	
	10022095	5002	95	10022001	 防具 - 白裝	100	2280	2280	0	0	95	95	95	95	95	0	95	0	1045	0	0	0	0	0	0	0	0	
	10022096	5002	96	10022001	 防具 - 白裝	100	2304	2304	0	0	96	96	96	96	96	0	96	0	1056	0	0	0	0	0	0	0	0	
	10022097	5002	97	10022001	 防具 - 白裝	100	2328	2328	0	0	97	97	97	97	97	0	97	0	1067	0	0	0	0	0	0	0	0	
	10022098	5002	98	10022001	 防具 - 白裝	100	2352	2352	0	0	98	98	98	98	98	0	98	0	1078	0	0	0	0	0	0	0	0	
	10022099	5002	99	10022001	 防具 - 白裝	100	2376	2376	0	0	99	99	99	99	99	0	99	0	1089	0	0	0	0	0	0	0	0	
	10022100	5002	100	10022001	 防具 - 白裝	100	2400	2400	0	0	100	100	100	100	100	0	100	0	1100	0	0	0	0	0	0	0	0	
	10022101	5002	101	10022001	 防具 - 白裝	100	2424	2424	0	0	101	101	101	101	101	0	101	0	1111	0	0	0	0	0	0	0	0	
	10022102	5002	102	10022001	 防具 - 白裝	100	2448	2448	0	0	102	102	102	102	102	0	102	0	1122	0	0	0	0	0	0	0	0	
	10022103	5002	103	10022001	 防具 - 白裝	100	2472	2472	0	0	103	103	103	103	103	0	103	0	1133	0	0	0	0	0	0	0	0	
	10022104	5002	104	10022001	 防具 - 白裝	100	2496	2496	0	0	104	104	104	104	104	0	104	0	1144	0	0	0	0	0	0	0	0	
	10022105	5002	105	10022001	 防具 - 白裝	100	2520	2520	0	0	105	105	105	105	105	0	105	0	1155	0	0	0	0	0	0	0	0	
	10022106	5002	106	10022001	 防具 - 白裝	100	2544	2544	0	0	106	106	106	106	106	0	106	0	1166	0	0	0	0	0	0	0	0	
	10022107	5002	107	10022001	 防具 - 白裝	100	2568	2568	0	0	107	107	107	107	107	0	107	0	1177	0	0	0	0	0	0	0	0	
	10022108	5002	108	10022001	 防具 - 白裝	100	2592	2592	0	0	108	108	108	108	108	0	108	0	1188	0	0	0	0	0	0	0	0	
# 防具 - 綠裝																												
	10023001	5002	1	10023001	 防具 - 綠裝	100	27	27	0	0	1	1	1	1	1	0	1	0	11	0	0	0	0	0	0	0	0	
	10023002	5002	2	10023001	 防具 - 綠裝	100	54	54	0	0	2	2	2	2	2	0	2	0	22	0	0	0	0	0	0	0	0	
	10023003	5002	3	10023001	 防具 - 綠裝	100	81	81	0	0	3	3	3	3	3	0	3	0	33	0	0	0	0	0	0	0	0	
	10023004	5002	4	10023001	 防具 - 綠裝	100	108	108	0	0	4	4	4	4	4	0	4	0	44	0	0	0	0	0	0	0	0	
	10023005	5002	5	10023001	 防具 - 綠裝	100	135	135	0	0	5	5	5	5	5	0	5	0	55	0	0	0	0	0	0	0	0	
	10023006	5002	6	10023001	 防具 - 綠裝	100	162	162	0	0	6	6	6	6	6	0	6	0	66	0	0	0	0	0	0	0	0	
	10023007	5002	7	10023001	 防具 - 綠裝	100	189	189	0	0	7	7	7	7	7	0	7	0	77	0	0	0	0	0	0	0	0	
	10023008	5002	8	10023001	 防具 - 綠裝	100	216	216	0	0	8	8	8	8	8	0	8	0	88	0	0	0	0	0	0	0	0	
	10023009	5002	9	10023001	 防具 - 綠裝	100	243	243	0	0	9	9	9	9	9	0	9	0	99	0	0	0	0	0	0	0	0	
	10023010	5002	10	10023001	 防具 - 綠裝	100	270	270	0	0	10	10	10	10	10	0	10	0	110	0	0	0	0	0	0	0	0	
	10023011	5002	11	10023001	 防具 - 綠裝	100	297	297	0	0	11	11	11	11	11	0	11	0	121	0	0	0	0	0	0	0	0	
	10023012	5002	12	10023001	 防具 - 綠裝	100	324	324	0	0	12	12	12	12	12	0	12	0	132	0	0	0	0	0	0	0	0	
	10023013	5002	13	10023001	 防具 - 綠裝	100	351	351	0	0	13	13	13	13	13	0	13	0	143	0	0	0	0	0	0	0	0	
	10023014	5002	14	10023001	 防具 - 綠裝	100	378	378	0	0	14	14	14	14	14	0	14	0	154	0	0	0	0	0	0	0	0	
	10023015	5002	15	10023001	 防具 - 綠裝	100	405	405	0	0	15	15	15	15	15	0	15	0	165	0	0	0	0	0	0	0	0	
	10023016	5002	16	10023001	 防具 - 綠裝	100	432	432	0	0	16	16	16	16	16	0	16	0	176	0	0	0	0	0	0	0	0	
	10023017	5002	17	10023001	 防具 - 綠裝	100	459	459	0	0	17	17	17	17	17	0	17	0	187	0	0	0	0	0	0	0	0	
	10023018	5002	18	10023001	 防具 - 綠裝	100	486	486	0	0	18	18	18	18	18	0	18	0	198	0	0	0	0	0	0	0	0	
	10023019	5002	19	10023001	 防具 - 綠裝	100	513	513	0	0	19	19	19	19	19	0	19	0	209	0	0	0	0	0	0	0	0	
	10023020	5002	20	10023001	 防具 - 綠裝	100	540	540	0	0	20	20	20	20	20	0	20	0	220	0	0	0	0	0	0	0	0	
	10023021	5002	21	10023001	 防具 - 綠裝	100	567	567	0	0	21	21	21	21	21	0	21	0	231	0	0	0	0	0	0	0	0	
	10023022	5002	22	10023001	 防具 - 綠裝	100	594	594	0	0	22	22	22	22	22	0	22	0	242	0	0	0	0	0	0	0	0	
	10023023	5002	23	10023001	 防具 - 綠裝	100	621	621	0	0	23	23	23	23	23	0	23	0	253	0	0	0	0	0	0	0	0	
	10023024	5002	24	10023001	 防具 - 綠裝	100	648	648	0	0	24	24	24	24	24	0	24	0	264	0	0	0	0	0	0	0	0	
	10023025	5002	25	10023001	 防具 - 綠裝	100	675	675	0	0	25	25	25	25	25	0	25	0	275	0	0	0	0	0	0	0	0	
	10023026	5002	26	10023001	 防具 - 綠裝	100	702	702	0	0	26	26	26	26	26	0	26	0	286	0	0	0	0	0	0	0	0	
	10023027	5002	27	10023001	 防具 - 綠裝	100	729	729	0	0	27	27	27	27	27	0	27	0	297	0	0	0	0	0	0	0	0	
	10023028	5002	28	10023001	 防具 - 綠裝	100	756	756	0	0	28	28	28	28	28	0	28	0	308	0	0	0	0	0	0	0	0	
	10023029	5002	29	10023001	 防具 - 綠裝	100	783	783	0	0	29	29	29	29	29	0	29	0	319	0	0	0	0	0	0	0	0	
	10023030	5002	30	10023001	 防具 - 綠裝	100	810	810	0	0	30	30	30	30	30	0	30	0	330	0	0	0	0	0	0	0	0	
	10023031	5002	31	10023001	 防具 - 綠裝	100	837	837	0	0	31	31	31	31	31	0	31	0	341	0	0	0	0	0	0	0	0	
	10023032	5002	32	10023001	 防具 - 綠裝	100	864	864	0	0	32	32	32	32	32	0	32	0	352	0	0	0	0	0	0	0	0	
	10023033	5002	33	10023001	 防具 - 綠裝	100	891	891	0	0	33	33	33	33	33	0	33	0	363	0	0	0	0	0	0	0	0	
	10023034	5002	34	10023001	 防具 - 綠裝	100	918	918	0	0	34	34	34	34	34	0	34	0	374	0	0	0	0	0	0	0	0	
	10023035	5002	35	10023001	 防具 - 綠裝	100	945	945	0	0	35	35	35	35	35	0	35	0	385	0	0	0	0	0	0	0	0	
	10023036	5002	36	10023001	 防具 - 綠裝	100	972	972	0	0	36	36	36	36	36	0	36	0	396	0	0	0	0	0	0	0	0	
	10023037	5002	37	10023001	 防具 - 綠裝	100	999	999	0	0	37	37	37	37	37	0	37	0	407	0	0	0	0	0	0	0	0	
	10023038	5002	38	10023001	 防具 - 綠裝	100	1026	1026	0	0	38	38	38	38	38	0	38	0	418	0	0	0	0	0	0	0	0	
	10023039	5002	39	10023001	 防具 - 綠裝	100	1053	1053	0	0	39	39	39	39	39	0	39	0	429	0	0	0	0	0	0	0	0	
	10023040	5002	40	10023001	 防具 - 綠裝	100	1080	1080	0	0	40	40	40	40	40	0	40	0	440	0	0	0	0	0	0	0	0	
	10023041	5002	41	10023001	 防具 - 綠裝	100	1107	1107	0	0	41	41	41	41	41	0	41	0	451	0	0	0	0	0	0	0	0	
	10023042	5002	42	10023001	 防具 - 綠裝	100	1134	1134	0	0	42	42	42	42	42	0	42	0	462	0	0	0	0	0	0	0	0	
	10023043	5002	43	10023001	 防具 - 綠裝	100	1161	1161	0	0	43	43	43	43	43	0	43	0	473	0	0	0	0	0	0	0	0	
	10023044	5002	44	10023001	 防具 - 綠裝	100	1188	1188	0	0	44	44	44	44	44	0	44	0	484	0	0	0	0	0	0	0	0	
	10023045	5002	45	10023001	 防具 - 綠裝	100	1215	1215	0	0	45	45	45	45	45	0	45	0	495	0	0	0	0	0	0	0	0	
	10023046	5002	46	10023001	 防具 - 綠裝	100	1242	1242	0	0	46	46	46	46	46	0	46	0	506	0	0	0	0	0	0	0	0	
	10023047	5002	47	10023001	 防具 - 綠裝	100	1269	1269	0	0	47	47	47	47	47	0	47	0	517	0	0	0	0	0	0	0	0	
	10023048	5002	48	10023001	 防具 - 綠裝	100	1296	1296	0	0	48	48	48	48	48	0	48	0	528	0	0	0	0	0	0	0	0	
	10023049	5002	49	10023001	 防具 - 綠裝	100	1323	1323	0	0	49	49	49	49	49	0	49	0	539	0	0	0	0	0	0	0	0	
	10023050	5002	50	10023001	 防具 - 綠裝	100	1350	1350	0	0	50	50	50	50	50	0	50	0	550	0	0	0	0	0	0	0	0	
	10023051	5002	51	10023001	 防具 - 綠裝	100	1377	1377	0	0	51	51	51	51	51	0	51	0	561	0	0	0	0	0	0	0	0	
	10023052	5002	52	10023001	 防具 - 綠裝	100	1404	1404	0	0	52	52	52	52	52	0	52	0	572	0	0	0	0	0	0	0	0	
	10023053	5002	53	10023001	 防具 - 綠裝	100	1431	1431	0	0	53	53	53	53	53	0	53	0	583	0	0	0	0	0	0	0	0	
	10023054	5002	54	10023001	 防具 - 綠裝	100	1458	1458	0	0	54	54	54	54	54	0	54	0	594	0	0	0	0	0	0	0	0	
	10023055	5002	55	10023001	 防具 - 綠裝	100	1485	1485	0	0	55	55	55	55	55	0	55	0	605	0	0	0	0	0	0	0	0	
	10023056	5002	56	10023001	 防具 - 綠裝	100	1512	1512	0	0	56	56	56	56	56	0	56	0	616	0	0	0	0	0	0	0	0	
	10023057	5002	57	10023001	 防具 - 綠裝	100	1539	1539	0	0	57	57	57	57	57	0	57	0	627	0	0	0	0	0	0	0	0	
	10023058	5002	58	10023001	 防具 - 綠裝	100	1566	1566	0	0	58	58	58	58	58	0	58	0	638	0	0	0	0	0	0	0	0	
	10023059	5002	59	10023001	 防具 - 綠裝	100	1593	1593	0	0	59	59	59	59	59	0	59	0	649	0	0	0	0	0	0	0	0	
	10023060	5002	60	10023001	 防具 - 綠裝	100	1620	1620	0	0	60	60	60	60	60	0	60	0	660	0	0	0	0	0	0	0	0	
	10023061	5002	61	10023001	 防具 - 綠裝	100	1647	1647	0	0	61	61	61	61	61	0	61	0	671	0	0	0	0	0	0	0	0	
	10023062	5002	62	10023001	 防具 - 綠裝	100	1674	1674	0	0	62	62	62	62	62	0	62	0	682	0	0	0	0	0	0	0	0	
	10023063	5002	63	10023001	 防具 - 綠裝	100	1701	1701	0	0	63	63	63	63	63	0	63	0	693	0	0	0	0	0	0	0	0	
	10023064	5002	64	10023001	 防具 - 綠裝	100	1728	1728	0	0	64	64	64	64	64	0	64	0	704	0	0	0	0	0	0	0	0	
	10023065	5002	65	10023001	 防具 - 綠裝	100	1755	1755	0	0	65	65	65	65	65	0	65	0	715	0	0	0	0	0	0	0	0	
	10023066	5002	66	10023001	 防具 - 綠裝	100	1782	1782	0	0	66	66	66	66	66	0	66	0	726	0	0	0	0	0	0	0	0	
	10023067	5002	67	10023001	 防具 - 綠裝	100	1809	1809	0	0	67	67	67	67	67	0	67	0	737	0	0	0	0	0	0	0	0	
	10023068	5002	68	10023001	 防具 - 綠裝	100	1836	1836	0	0	68	68	68	68	68	0	68	0	748	0	0	0	0	0	0	0	0	
	10023069	5002	69	10023001	 防具 - 綠裝	100	1863	1863	0	0	69	69	69	69	69	0	69	0	759	0	0	0	0	0	0	0	0	
	10023070	5002	70	10023001	 防具 - 綠裝	100	1890	1890	0	0	70	70	70	70	70	0	70	0	770	0	0	0	0	0	0	0	0	
	10023071	5002	71	10023001	 防具 - 綠裝	100	1917	1917	0	0	71	71	71	71	71	0	71	0	781	0	0	0	0	0	0	0	0	
	10023072	5002	72	10023001	 防具 - 綠裝	100	1944	1944	0	0	72	72	72	72	72	0	72	0	792	0	0	0	0	0	0	0	0	
	10023073	5002	73	10023001	 防具 - 綠裝	100	1971	1971	0	0	73	73	73	73	73	0	73	0	803	0	0	0	0	0	0	0	0	
	10023074	5002	74	10023001	 防具 - 綠裝	100	1998	1998	0	0	74	74	74	74	74	0	74	0	814	0	0	0	0	0	0	0	0	
	10023075	5002	75	10023001	 防具 - 綠裝	100	2025	2025	0	0	75	75	75	75	75	0	75	0	825	0	0	0	0	0	0	0	0	
	10023076	5002	76	10023001	 防具 - 綠裝	100	2052	2052	0	0	76	76	76	76	76	0	76	0	836	0	0	0	0	0	0	0	0	
	10023077	5002	77	10023001	 防具 - 綠裝	100	2079	2079	0	0	77	77	77	77	77	0	77	0	847	0	0	0	0	0	0	0	0	
	10023078	5002	78	10023001	 防具 - 綠裝	100	2106	2106	0	0	78	78	78	78	78	0	78	0	858	0	0	0	0	0	0	0	0	
	10023079	5002	79	10023001	 防具 - 綠裝	100	2133	2133	0	0	79	79	79	79	79	0	79	0	869	0	0	0	0	0	0	0	0	
	10023080	5002	80	10023001	 防具 - 綠裝	100	2160	2160	0	0	80	80	80	80	80	0	80	0	880	0	0	0	0	0	0	0	0	
	10023081	5002	81	10023001	 防具 - 綠裝	100	2187	2187	0	0	81	81	81	81	81	0	81	0	891	0	0	0	0	0	0	0	0	
	10023082	5002	82	10023001	 防具 - 綠裝	100	2214	2214	0	0	82	82	82	82	82	0	82	0	902	0	0	0	0	0	0	0	0	
	10023083	5002	83	10023001	 防具 - 綠裝	100	2241	2241	0	0	83	83	83	83	83	0	83	0	913	0	0	0	0	0	0	0	0	
	10023084	5002	84	10023001	 防具 - 綠裝	100	2268	2268	0	0	84	84	84	84	84	0	84	0	924	0	0	0	0	0	0	0	0	
	10023085	5002	85	10023001	 防具 - 綠裝	100	2295	2295	0	0	85	85	85	85	85	0	85	0	935	0	0	0	0	0	0	0	0	
	10023086	5002	86	10023001	 防具 - 綠裝	100	2322	2322	0	0	86	86	86	86	86	0	86	0	946	0	0	0	0	0	0	0	0	
	10023087	5002	87	10023001	 防具 - 綠裝	100	2349	2349	0	0	87	87	87	87	87	0	87	0	957	0	0	0	0	0	0	0	0	
	10023088	5002	88	10023001	 防具 - 綠裝	100	2376	2376	0	0	88	88	88	88	88	0	88	0	968	0	0	0	0	0	0	0	0	
	10023089	5002	89	10023001	 防具 - 綠裝	100	2403	2403	0	0	89	89	89	89	89	0	89	0	979	0	0	0	0	0	0	0	0	
	10023090	5002	90	10023001	 防具 - 綠裝	100	2430	2430	0	0	90	90	90	90	90	0	90	0	990	0	0	0	0	0	0	0	0	
	10023091	5002	91	10023001	 防具 - 綠裝	100	2457	2457	0	0	91	91	91	91	91	0	91	0	1001	0	0	0	0	0	0	0	0	
	10023092	5002	92	10023001	 防具 - 綠裝	100	2484	2484	0	0	92	92	92	92	92	0	92	0	1012	0	0	0	0	0	0	0	0	
	10023093	5002	93	10023001	 防具 - 綠裝	100	2511	2511	0	0	93	93	93	93	93	0	93	0	1023	0	0	0	0	0	0	0	0	
	10023094	5002	94	10023001	 防具 - 綠裝	100	2538	2538	0	0	94	94	94	94	94	0	94	0	1034	0	0	0	0	0	0	0	0	
	10023095	5002	95	10023001	 防具 - 綠裝	100	2565	2565	0	0	95	95	95	95	95	0	95	0	1045	0	0	0	0	0	0	0	0	
	10023096	5002	96	10023001	 防具 - 綠裝	100	2592	2592	0	0	96	96	96	96	96	0	96	0	1056	0	0	0	0	0	0	0	0	
	10023097	5002	97	10023001	 防具 - 綠裝	100	2619	2619	0	0	97	97	97	97	97	0	97	0	1067	0	0	0	0	0	0	0	0	
	10023098	5002	98	10023001	 防具 - 綠裝	100	2646	2646	0	0	98	98	98	98	98	0	98	0	1078	0	0	0	0	0	0	0	0	
	10023099	5002	99	10023001	 防具 - 綠裝	100	2673	2673	0	0	99	99	99	99	99	0	99	0	1089	0	0	0	0	0	0	0	0	
	10023100	5002	100	10023001	 防具 - 綠裝	100	2700	2700	0	0	100	100	100	100	100	0	100	0	1100	0	0	0	0	0	0	0	0	
	10023101	5002	101	10023001	 防具 - 綠裝	100	2727	2727	0	0	101	101	101	101	101	0	101	0	1111	0	0	0	0	0	0	0	0	
	10023102	5002	102	10023001	 防具 - 綠裝	100	2754	2754	0	0	102	102	102	102	102	0	102	0	1122	0	0	0	0	0	0	0	0	
	10023103	5002	103	10023001	 防具 - 綠裝	100	2781	2781	0	0	103	103	103	103	103	0	103	0	1133	0	0	0	0	0	0	0	0	
	10023104	5002	104	10023001	 防具 - 綠裝	100	2808	2808	0	0	104	104	104	104	104	0	104	0	1144	0	0	0	0	0	0	0	0	
	10023105	5002	105	10023001	 防具 - 綠裝	100	2835	2835	0	0	105	105	105	105	105	0	105	0	1155	0	0	0	0	0	0	0	0	
	10023106	5002	106	10023001	 防具 - 綠裝	100	2862	2862	0	0	106	106	106	106	106	0	106	0	1166	0	0	0	0	0	0	0	0	
	10023107	5002	107	10023001	 防具 - 綠裝	100	2889	2889	0	0	107	107	107	107	107	0	107	0	1177	0	0	0	0	0	0	0	0	
	10023108	5002	108	10023001	 防具 - 綠裝	100	2916	2916	0	0	108	108	108	108	108	0	108	0	1188	0	0	0	0	0	0	0	0	
# 防具 - 藍裝																												
	10024001	5002	1	10024001	 防具 - 藍裝	100	30	30	0	0	2	2	2	2	2	0	2	0	22	0	0	0	0	0	0	0	0	
	10024002	5002	2	10024001	 防具 - 藍裝	100	60	60	0	0	4	4	4	4	4	0	4	0	44	0	0	0	0	0	0	0	0	
	10024003	5002	3	10024001	 防具 - 藍裝	100	90	90	0	0	6	6	6	6	6	0	6	0	66	0	0	0	0	0	0	0	0	
	10024004	5002	4	10024001	 防具 - 藍裝	100	120	120	0	0	8	8	8	8	8	0	8	0	88	0	0	0	0	0	0	0	0	
	10024005	5002	5	10024001	 防具 - 藍裝	100	150	150	0	0	10	10	10	10	10	0	10	0	110	0	0	0	0	0	0	0	0	
	10024006	5002	6	10024001	 防具 - 藍裝	100	180	180	0	0	12	12	12	12	12	0	12	0	132	0	0	0	0	0	0	0	0	
	10024007	5002	7	10024001	 防具 - 藍裝	100	210	210	0	0	14	14	14	14	14	0	14	0	154	0	0	0	0	0	0	0	0	
	10024008	5002	8	10024001	 防具 - 藍裝	100	240	240	0	0	16	16	16	16	16	0	16	0	176	0	0	0	0	0	0	0	0	
	10024009	5002	9	10024001	 防具 - 藍裝	100	270	270	0	0	18	18	18	18	18	0	18	0	198	0	0	0	0	0	0	0	0	
	10024010	5002	10	10024001	 防具 - 藍裝	100	300	300	0	0	20	20	20	20	20	0	20	0	220	0	0	0	0	0	0	0	0	
	10024011	5002	11	10024001	 防具 - 藍裝	100	330	330	0	0	22	22	22	22	22	0	22	0	242	0	0	0	0	0	0	0	0	
	10024012	5002	12	10024001	 防具 - 藍裝	100	360	360	0	0	24	24	24	24	24	0	24	0	264	0	0	0	0	0	0	0	0	
	10024013	5002	13	10024001	 防具 - 藍裝	100	390	390	0	0	26	26	26	26	26	0	26	0	286	0	0	0	0	0	0	0	0	
	10024014	5002	14	10024001	 防具 - 藍裝	100	420	420	0	0	28	28	28	28	28	0	28	0	308	0	0	0	0	0	0	0	0	
	10024015	5002	15	10024001	 防具 - 藍裝	100	450	450	0	0	30	30	30	30	30	0	30	0	330	0	0	0	0	0	0	0	0	
	10024016	5002	16	10024001	 防具 - 藍裝	100	480	480	0	0	32	32	32	32	32	0	32	0	352	0	0	0	0	0	0	0	0	
	10024017	5002	17	10024001	 防具 - 藍裝	100	510	510	0	0	34	34	34	34	34	0	34	0	374	0	0	0	0	0	0	0	0	
	10024018	5002	18	10024001	 防具 - 藍裝	100	540	540	0	0	36	36	36	36	36	0	36	0	396	0	0	0	0	0	0	0	0	
	10024019	5002	19	10024001	 防具 - 藍裝	100	570	570	0	0	38	38	38	38	38	0	38	0	418	0	0	0	0	0	0	0	0	
	10024020	5002	20	10024001	 防具 - 藍裝	100	600	600	0	0	40	40	40	40	40	0	40	0	440	0	0	0	0	0	0	0	0	
	10024021	5002	21	10024001	 防具 - 藍裝	100	630	630	0	0	42	42	42	42	42	0	42	0	462	0	0	0	0	0	0	0	0	
	10024022	5002	22	10024001	 防具 - 藍裝	100	660	660	0	0	44	44	44	44	44	0	44	0	484	0	0	0	0	0	0	0	0	
	10024023	5002	23	10024001	 防具 - 藍裝	100	690	690	0	0	46	46	46	46	46	0	46	0	506	0	0	0	0	0	0	0	0	
	10024024	5002	24	10024001	 防具 - 藍裝	100	720	720	0	0	48	48	48	48	48	0	48	0	528	0	0	0	0	0	0	0	0	
	10024025	5002	25	10024001	 防具 - 藍裝	100	750	750	0	0	50	50	50	50	50	0	50	0	550	0	0	0	0	0	0	0	0	
	10024026	5002	26	10024001	 防具 - 藍裝	100	780	780	0	0	52	52	52	52	52	0	52	0	572	0	0	0	0	0	0	0	0	
	10024027	5002	27	10024001	 防具 - 藍裝	100	810	810	0	0	54	54	54	54	54	0	54	0	594	0	0	0	0	0	0	0	0	
	10024028	5002	28	10024001	 防具 - 藍裝	100	840	840	0	0	56	56	56	56	56	0	56	0	616	0	0	0	0	0	0	0	0	
	10024029	5002	29	10024001	 防具 - 藍裝	100	870	870	0	0	58	58	58	58	58	0	58	0	638	0	0	0	0	0	0	0	0	
	10024030	5002	30	10024001	 防具 - 藍裝	100	900	900	0	0	60	60	60	60	60	0	60	0	660	0	0	0	0	0	0	0	0	
	10024031	5002	31	10024001	 防具 - 藍裝	100	930	930	0	0	62	62	62	62	62	0	62	0	682	0	0	0	0	0	0	0	0	
	10024032	5002	32	10024001	 防具 - 藍裝	100	960	960	0	0	64	64	64	64	64	0	64	0	704	0	0	0	0	0	0	0	0	
	10024033	5002	33	10024001	 防具 - 藍裝	100	990	990	0	0	66	66	66	66	66	0	66	0	726	0	0	0	0	0	0	0	0	
	10024034	5002	34	10024001	 防具 - 藍裝	100	1020	1020	0	0	68	68	68	68	68	0	68	0	748	0	0	0	0	0	0	0	0	
	10024035	5002	35	10024001	 防具 - 藍裝	100	1050	1050	0	0	70	70	70	70	70	0	70	0	770	0	0	0	0	0	0	0	0	
	10024036	5002	36	10024001	 防具 - 藍裝	100	1080	1080	0	0	72	72	72	72	72	0	72	0	792	0	0	0	0	0	0	0	0	
	10024037	5002	37	10024001	 防具 - 藍裝	100	1110	1110	0	0	74	74	74	74	74	0	74	0	814	0	0	0	0	0	0	0	0	
	10024038	5002	38	10024001	 防具 - 藍裝	100	1140	1140	0	0	76	76	76	76	76	0	76	0	836	0	0	0	0	0	0	0	0	
	10024039	5002	39	10024001	 防具 - 藍裝	100	1170	1170	0	0	78	78	78	78	78	0	78	0	858	0	0	0	0	0	0	0	0	
	10024040	5002	40	10024001	 防具 - 藍裝	100	1200	1200	0	0	80	80	80	80	80	0	80	0	880	0	0	0	0	0	0	0	0	
	10024041	5002	41	10024001	 防具 - 藍裝	100	1230	1230	0	0	82	82	82	82	82	0	82	0	902	0	0	0	0	0	0	0	0	
	10024042	5002	42	10024001	 防具 - 藍裝	100	1260	1260	0	0	84	84	84	84	84	0	84	0	924	0	0	0	0	0	0	0	0	
	10024043	5002	43	10024001	 防具 - 藍裝	100	1290	1290	0	0	86	86	86	86	86	0	86	0	946	0	0	0	0	0	0	0	0	
	10024044	5002	44	10024001	 防具 - 藍裝	100	1320	1320	0	0	88	88	88	88	88	0	88	0	968	0	0	0	0	0	0	0	0	
	10024045	5002	45	10024001	 防具 - 藍裝	100	1350	1350	0	0	90	90	90	90	90	0	90	0	990	0	0	0	0	0	0	0	0	
	10024046	5002	46	10024001	 防具 - 藍裝	100	1380	1380	0	0	92	92	92	92	92	0	92	0	1012	0	0	0	0	0	0	0	0	
	10024047	5002	47	10024001	 防具 - 藍裝	100	1410	1410	0	0	94	94	94	94	94	0	94	0	1034	0	0	0	0	0	0	0	0	
	10024048	5002	48	10024001	 防具 - 藍裝	100	1440	1440	0	0	96	96	96	96	96	0	96	0	1056	0	0	0	0	0	0	0	0	
	10024049	5002	49	10024001	 防具 - 藍裝	100	1470	1470	0	0	98	98	98	98	98	0	98	0	1078	0	0	0	0	0	0	0	0	
	10024050	5002	50	10024001	 防具 - 藍裝	100	1500	1500	0	0	100	100	100	100	100	0	100	0	1100	0	0	0	0	0	0	0	0	
	10024051	5002	51	10024001	 防具 - 藍裝	100	1530	1530	0	0	102	102	102	102	102	0	102	0	1122	0	0	0	0	0	0	0	0	
	10024052	5002	52	10024001	 防具 - 藍裝	100	1560	1560	0	0	104	104	104	104	104	0	104	0	1144	0	0	0	0	0	0	0	0	
	10024053	5002	53	10024001	 防具 - 藍裝	100	1590	1590	0	0	106	106	106	106	106	0	106	0	1166	0	0	0	0	0	0	0	0	
	10024054	5002	54	10024001	 防具 - 藍裝	100	1620	1620	0	0	108	108	108	108	108	0	108	0	1188	0	0	0	0	0	0	0	0	
	10024055	5002	55	10024001	 防具 - 藍裝	100	1650	1650	0	0	110	110	110	110	110	0	110	0	1210	0	0	0	0	0	0	0	0	
	10024056	5002	56	10024001	 防具 - 藍裝	100	1680	1680	0	0	112	112	112	112	112	0	112	0	1232	0	0	0	0	0	0	0	0	
	10024057	5002	57	10024001	 防具 - 藍裝	100	1710	1710	0	0	114	114	114	114	114	0	114	0	1254	0	0	0	0	0	0	0	0	
	10024058	5002	58	10024001	 防具 - 藍裝	100	1740	1740	0	0	116	116	116	116	116	0	116	0	1276	0	0	0	0	0	0	0	0	
	10024059	5002	59	10024001	 防具 - 藍裝	100	1770	1770	0	0	118	118	118	118	118	0	118	0	1298	0	0	0	0	0	0	0	0	
	10024060	5002	60	10024001	 防具 - 藍裝	100	1800	1800	0	0	120	120	120	120	120	0	120	0	1320	0	0	0	0	0	0	0	0	
	10024061	5002	61	10024001	 防具 - 藍裝	100	1830	1830	0	0	122	122	122	122	122	0	122	0	1342	0	0	0	0	0	0	0	0	
	10024062	5002	62	10024001	 防具 - 藍裝	100	1860	1860	0	0	124	124	124	124	124	0	124	0	1364	0	0	0	0	0	0	0	0	
	10024063	5002	63	10024001	 防具 - 藍裝	100	1890	1890	0	0	126	126	126	126	126	0	126	0	1386	0	0	0	0	0	0	0	0	
	10024064	5002	64	10024001	 防具 - 藍裝	100	1920	1920	0	0	128	128	128	128	128	0	128	0	1408	0	0	0	0	0	0	0	0	
	10024065	5002	65	10024001	 防具 - 藍裝	100	1950	1950	0	0	130	130	130	130	130	0	130	0	1430	0	0	0	0	0	0	0	0	
	10024066	5002	66	10024001	 防具 - 藍裝	100	1980	1980	0	0	132	132	132	132	132	0	132	0	1452	0	0	0	0	0	0	0	0	
	10024067	5002	67	10024001	 防具 - 藍裝	100	2010	2010	0	0	134	134	134	134	134	0	134	0	1474	0	0	0	0	0	0	0	0	
	10024068	5002	68	10024001	 防具 - 藍裝	100	2040	2040	0	0	136	136	136	136	136	0	136	0	1496	0	0	0	0	0	0	0	0	
	10024069	5002	69	10024001	 防具 - 藍裝	100	2070	2070	0	0	138	138	138	138	138	0	138	0	1518	0	0	0	0	0	0	0	0	
	10024070	5002	70	10024001	 防具 - 藍裝	100	2100	2100	0	0	140	140	140	140	140	0	140	0	1540	0	0	0	0	0	0	0	0	
	10024071	5002	71	10024001	 防具 - 藍裝	100	2130	2130	0	0	142	142	142	142	142	0	142	0	1562	0	0	0	0	0	0	0	0	
	10024072	5002	72	10024001	 防具 - 藍裝	100	2160	2160	0	0	144	144	144	144	144	0	144	0	1584	0	0	0	0	0	0	0	0	
	10024073	5002	73	10024001	 防具 - 藍裝	100	2190	2190	0	0	146	146	146	146	146	0	146	0	1606	0	0	0	0	0	0	0	0	
	10024074	5002	74	10024001	 防具 - 藍裝	100	2220	2220	0	0	148	148	148	148	148	0	148	0	1628	0	0	0	0	0	0	0	0	
	10024075	5002	75	10024001	 防具 - 藍裝	100	2250	2250	0	0	150	150	150	150	150	0	150	0	1650	0	0	0	0	0	0	0	0	
	10024076	5002	76	10024001	 防具 - 藍裝	100	2280	2280	0	0	152	152	152	152	152	0	152	0	1672	0	0	0	0	0	0	0	0	
	10024077	5002	77	10024001	 防具 - 藍裝	100	2310	2310	0	0	154	154	154	154	154	0	154	0	1694	0	0	0	0	0	0	0	0	
	10024078	5002	78	10024001	 防具 - 藍裝	100	2340	2340	0	0	156	156	156	156	156	0	156	0	1716	0	0	0	0	0	0	0	0	
	10024079	5002	79	10024001	 防具 - 藍裝	100	2370	2370	0	0	158	158	158	158	158	0	158	0	1738	0	0	0	0	0	0	0	0	
	10024080	5002	80	10024001	 防具 - 藍裝	100	2400	2400	0	0	160	160	160	160	160	0	160	0	1760	0	0	0	0	0	0	0	0	
	10024081	5002	81	10024001	 防具 - 藍裝	100	2430	2430	0	0	162	162	162	162	162	0	162	0	1782	0	0	0	0	0	0	0	0	
	10024082	5002	82	10024001	 防具 - 藍裝	100	2460	2460	0	0	164	164	164	164	164	0	164	0	1804	0	0	0	0	0	0	0	0	
	10024083	5002	83	10024001	 防具 - 藍裝	100	2490	2490	0	0	166	166	166	166	166	0	166	0	1826	0	0	0	0	0	0	0	0	
	10024084	5002	84	10024001	 防具 - 藍裝	100	2520	2520	0	0	168	168	168	168	168	0	168	0	1848	0	0	0	0	0	0	0	0	
	10024085	5002	85	10024001	 防具 - 藍裝	100	2550	2550	0	0	170	170	170	170	170	0	170	0	1870	0	0	0	0	0	0	0	0	
	10024086	5002	86	10024001	 防具 - 藍裝	100	2580	2580	0	0	172	172	172	172	172	0	172	0	1892	0	0	0	0	0	0	0	0	
	10024087	5002	87	10024001	 防具 - 藍裝	100	2610	2610	0	0	174	174	174	174	174	0	174	0	1914	0	0	0	0	0	0	0	0	
	10024088	5002	88	10024001	 防具 - 藍裝	100	2640	2640	0	0	176	176	176	176	176	0	176	0	1936	0	0	0	0	0	0	0	0	
	10024089	5002	89	10024001	 防具 - 藍裝	100	2670	2670	0	0	178	178	178	178	178	0	178	0	1958	0	0	0	0	0	0	0	0	
	10024090	5002	90	10024001	 防具 - 藍裝	100	2700	2700	0	0	180	180	180	180	180	0	180	0	1980	0	0	0	0	0	0	0	0	
	10024091	5002	91	10024001	 防具 - 藍裝	100	2730	2730	0	0	182	182	182	182	182	0	182	0	2002	0	0	0	0	0	0	0	0	
	10024092	5002	92	10024001	 防具 - 藍裝	100	2760	2760	0	0	184	184	184	184	184	0	184	0	2024	0	0	0	0	0	0	0	0	
	10024093	5002	93	10024001	 防具 - 藍裝	100	2790	2790	0	0	186	186	186	186	186	0	186	0	2046	0	0	0	0	0	0	0	0	
	10024094	5002	94	10024001	 防具 - 藍裝	100	2820	2820	0	0	188	188	188	188	188	0	188	0	2068	0	0	0	0	0	0	0	0	
	10024095	5002	95	10024001	 防具 - 藍裝	100	2850	2850	0	0	190	190	190	190	190	0	190	0	2090	0	0	0	0	0	0	0	0	
	10024096	5002	96	10024001	 防具 - 藍裝	100	2880	2880	0	0	192	192	192	192	192	0	192	0	2112	0	0	0	0	0	0	0	0	
	10024097	5002	97	10024001	 防具 - 藍裝	100	2910	2910	0	0	194	194	194	194	194	0	194	0	2134	0	0	0	0	0	0	0	0	
	10024098	5002	98	10024001	 防具 - 藍裝	100	2940	2940	0	0	196	196	196	196	196	0	196	0	2156	0	0	0	0	0	0	0	0	
	10024099	5002	99	10024001	 防具 - 藍裝	100	2970	2970	0	0	198	198	198	198	198	0	198	0	2178	0	0	0	0	0	0	0	0	
	10024100	5002	100	10024001	 防具 - 藍裝	100	3000	3000	0	0	200	200	200	200	200	0	200	0	2200	0	0	0	0	0	0	0	0	
	10024101	5002	101	10024001	 防具 - 藍裝	100	3030	3030	0	0	202	202	202	202	202	0	202	0	2222	0	0	0	0	0	0	0	0	
	10024102	5002	102	10024001	 防具 - 藍裝	100	3060	3060	0	0	204	204	204	204	204	0	204	0	2244	0	0	0	0	0	0	0	0	
	10024103	5002	103	10024001	 防具 - 藍裝	100	3090	3090	0	0	206	206	206	206	206	0	206	0	2266	0	0	0	0	0	0	0	0	
	10024104	5002	104	10024001	 防具 - 藍裝	100	3120	3120	0	0	208	208	208	208	208	0	208	0	2288	0	0	0	0	0	0	0	0	
	10024105	5002	105	10024001	 防具 - 藍裝	100	3150	3150	0	0	210	210	210	210	210	0	210	0	2310	0	0	0	0	0	0	0	0	
	10024106	5002	106	10024001	 防具 - 藍裝	100	3180	3180	0	0	212	212	212	212	212	0	212	0	2332	0	0	0	0	0	0	0	0	
	10024107	5002	107	10024001	 防具 - 藍裝	100	3210	3210	0	0	214	214	214	214	214	0	214	0	2354	0	0	0	0	0	0	0	0	
	10024108	5002	108	10024001	 防具 - 藍裝	100	3240	3240	0	0	216	216	216	216	216	0	216	0	2376	0	0	0	0	0	0	0	0	
# 防具 - 紫裝																												
	10025001	5002	1	10025001	 防具 - 紫裝	100	34	34	0	0	2	2	2	2	2	0	2	0	22	0	0	0	0	0	0	0	0	
	10025002	5002	2	10025001	 防具 - 紫裝	100	68	68	0	0	4	4	4	4	4	0	4	0	44	0	0	0	0	0	0	0	0	
	10025003	5002	3	10025001	 防具 - 紫裝	100	102	102	0	0	6	6	6	6	6	0	6	0	66	0	0	0	0	0	0	0	0	
	10025004	5002	4	10025001	 防具 - 紫裝	100	136	136	0	0	8	8	8	8	8	0	8	0	88	0	0	0	0	0	0	0	0	
	10025005	5002	5	10025001	 防具 - 紫裝	100	170	170	0	0	10	10	10	10	10	0	10	0	110	0	0	0	0	0	0	0	0	
	10025006	5002	6	10025001	 防具 - 紫裝	100	204	204	0	0	12	12	12	12	12	0	12	0	132	0	0	0	0	0	0	0	0	
	10025007	5002	7	10025001	 防具 - 紫裝	100	238	238	0	0	14	14	14	14	14	0	14	0	154	0	0	0	0	0	0	0	0	
	10025008	5002	8	10025001	 防具 - 紫裝	100	272	272	0	0	16	16	16	16	16	0	16	0	176	0	0	0	0	0	0	0	0	
	10025009	5002	9	10025001	 防具 - 紫裝	100	306	306	0	0	18	18	18	18	18	0	18	0	198	0	0	0	0	0	0	0	0	
	10025010	5002	10	10025001	 防具 - 紫裝	100	340	340	0	0	20	20	20	20	20	0	20	0	220	0	0	0	0	0	0	0	0	
	10025011	5002	11	10025001	 防具 - 紫裝	100	374	374	0	0	22	22	22	22	22	0	22	0	242	0	0	0	0	0	0	0	0	
	10025012	5002	12	10025001	 防具 - 紫裝	100	408	408	0	0	24	24	24	24	24	0	24	0	264	0	0	0	0	0	0	0	0	
	10025013	5002	13	10025001	 防具 - 紫裝	100	442	442	0	0	26	26	26	26	26	0	26	0	286	0	0	0	0	0	0	0	0	
	10025014	5002	14	10025001	 防具 - 紫裝	100	476	476	0	0	28	28	28	28	28	0	28	0	308	0	0	0	0	0	0	0	0	
	10025015	5002	15	10025001	 防具 - 紫裝	100	510	510	0	0	30	30	30	30	30	0	30	0	330	0	0	0	0	0	0	0	0	
	10025016	5002	16	10025001	 防具 - 紫裝	100	544	544	0	0	32	32	32	32	32	0	32	0	352	0	0	0	0	0	0	0	0	
	10025017	5002	17	10025001	 防具 - 紫裝	100	578	578	0	0	34	34	34	34	34	0	34	0	374	0	0	0	0	0	0	0	0	
	10025018	5002	18	10025001	 防具 - 紫裝	100	612	612	0	0	36	36	36	36	36	0	36	0	396	0	0	0	0	0	0	0	0	
	10025019	5002	19	10025001	 防具 - 紫裝	100	646	646	0	0	38	38	38	38	38	0	38	0	418	0	0	0	0	0	0	0	0	
	10025020	5002	20	10025001	 防具 - 紫裝	100	680	680	0	0	40	40	40	40	40	0	40	0	440	0	0	0	0	0	0	0	0	
	10025021	5002	21	10025001	 防具 - 紫裝	100	714	714	0	0	42	42	42	42	42	0	42	0	462	0	0	0	0	0	0	0	0	
	10025022	5002	22	10025001	 防具 - 紫裝	100	748	748	0	0	44	44	44	44	44	0	44	0	484	0	0	0	0	0	0	0	0	
	10025023	5002	23	10025001	 防具 - 紫裝	100	782	782	0	0	46	46	46	46	46	0	46	0	506	0	0	0	0	0	0	0	0	
	10025024	5002	24	10025001	 防具 - 紫裝	100	816	816	0	0	48	48	48	48	48	0	48	0	528	0	0	0	0	0	0	0	0	
	10025025	5002	25	10025001	 防具 - 紫裝	100	850	850	0	0	50	50	50	50	50	0	50	0	550	0	0	0	0	0	0	0	0	
	10025026	5002	26	10025001	 防具 - 紫裝	100	884	884	0	0	52	52	52	52	52	0	52	0	572	0	0	0	0	0	0	0	0	
	10025027	5002	27	10025001	 防具 - 紫裝	100	918	918	0	0	54	54	54	54	54	0	54	0	594	0	0	0	0	0	0	0	0	
	10025028	5002	28	10025001	 防具 - 紫裝	100	952	952	0	0	56	56	56	56	56	0	56	0	616	0	0	0	0	0	0	0	0	
	10025029	5002	29	10025001	 防具 - 紫裝	100	986	986	0	0	58	58	58	58	58	0	58	0	638	0	0	0	0	0	0	0	0	
	10025030	5002	30	10025001	 防具 - 紫裝	100	1020	1020	0	0	60	60	60	60	60	0	60	0	660	0	0	0	0	0	0	0	0	
	10025031	5002	31	10025001	 防具 - 紫裝	100	1054	1054	0	0	62	62	62	62	62	0	62	0	682	0	0	0	0	0	0	0	0	
	10025032	5002	32	10025001	 防具 - 紫裝	100	1088	1088	0	0	64	64	64	64	64	0	64	0	704	0	0	0	0	0	0	0	0	
	10025033	5002	33	10025001	 防具 - 紫裝	100	1122	1122	0	0	66	66	66	66	66	0	66	0	726	0	0	0	0	0	0	0	0	
	10025034	5002	34	10025001	 防具 - 紫裝	100	1156	1156	0	0	68	68	68	68	68	0	68	0	748	0	0	0	0	0	0	0	0	
	10025035	5002	35	10025001	 防具 - 紫裝	100	1190	1190	0	0	70	70	70	70	70	0	70	0	770	0	0	0	0	0	0	0	0	
	10025036	5002	36	10025001	 防具 - 紫裝	100	1224	1224	0	0	72	72	72	72	72	0	72	0	792	0	0	0	0	0	0	0	0	
	10025037	5002	37	10025001	 防具 - 紫裝	100	1258	1258	0	0	74	74	74	74	74	0	74	0	814	0	0	0	0	0	0	0	0	
	10025038	5002	38	10025001	 防具 - 紫裝	100	1292	1292	0	0	76	76	76	76	76	0	76	0	836	0	0	0	0	0	0	0	0	
	10025039	5002	39	10025001	 防具 - 紫裝	100	1326	1326	0	0	78	78	78	78	78	0	78	0	858	0	0	0	0	0	0	0	0	
	10025040	5002	40	10025001	 防具 - 紫裝	100	1360	1360	0	0	80	80	80	80	80	0	80	0	880	0	0	0	0	0	0	0	0	
	10025041	5002	41	10025001	 防具 - 紫裝	100	1394	1394	0	0	82	82	82	82	82	0	82	0	902	0	0	0	0	0	0	0	0	
	10025042	5002	42	10025001	 防具 - 紫裝	100	1428	1428	0	0	84	84	84	84	84	0	84	0	924	0	0	0	0	0	0	0	0	
	10025043	5002	43	10025001	 防具 - 紫裝	100	1462	1462	0	0	86	86	86	86	86	0	86	0	946	0	0	0	0	0	0	0	0	
	10025044	5002	44	10025001	 防具 - 紫裝	100	1496	1496	0	0	88	88	88	88	88	0	88	0	968	0	0	0	0	0	0	0	0	
	10025045	5002	45	10025001	 防具 - 紫裝	100	1530	1530	0	0	90	90	90	90	90	0	90	0	990	0	0	0	0	0	0	0	0	
	10025046	5002	46	10025001	 防具 - 紫裝	100	1564	1564	0	0	92	92	92	92	92	0	92	0	1012	0	0	0	0	0	0	0	0	
	10025047	5002	47	10025001	 防具 - 紫裝	100	1598	1598	0	0	94	94	94	94	94	0	94	0	1034	0	0	0	0	0	0	0	0	
	10025048	5002	48	10025001	 防具 - 紫裝	100	1632	1632	0	0	96	96	96	96	96	0	96	0	1056	0	0	0	0	0	0	0	0	
	10025049	5002	49	10025001	 防具 - 紫裝	100	1666	1666	0	0	98	98	98	98	98	0	98	0	1078	0	0	0	0	0	0	0	0	
	10025050	5002	50	10025001	 防具 - 紫裝	100	1700	1700	0	0	100	100	100	100	100	0	100	0	1100	0	0	0	0	0	0	0	0	
	10025051	5002	51	10025001	 防具 - 紫裝	100	1734	1734	0	0	102	102	102	102	102	0	102	0	1122	0	0	0	0	0	0	0	0	
	10025052	5002	52	10025001	 防具 - 紫裝	100	1768	1768	0	0	104	104	104	104	104	0	104	0	1144	0	0	0	0	0	0	0	0	
	10025053	5002	53	10025001	 防具 - 紫裝	100	1802	1802	0	0	106	106	106	106	106	0	106	0	1166	0	0	0	0	0	0	0	0	
	10025054	5002	54	10025001	 防具 - 紫裝	100	1836	1836	0	0	108	108	108	108	108	0	108	0	1188	0	0	0	0	0	0	0	0	
	10025055	5002	55	10025001	 防具 - 紫裝	100	1870	1870	0	0	110	110	110	110	110	0	110	0	1210	0	0	0	0	0	0	0	0	
	10025056	5002	56	10025001	 防具 - 紫裝	100	1904	1904	0	0	112	112	112	112	112	0	112	0	1232	0	0	0	0	0	0	0	0	
	10025057	5002	57	10025001	 防具 - 紫裝	100	1938	1938	0	0	114	114	114	114	114	0	114	0	1254	0	0	0	0	0	0	0	0	
	10025058	5002	58	10025001	 防具 - 紫裝	100	1972	1972	0	0	116	116	116	116	116	0	116	0	1276	0	0	0	0	0	0	0	0	
	10025059	5002	59	10025001	 防具 - 紫裝	100	2006	2006	0	0	118	118	118	118	118	0	118	0	1298	0	0	0	0	0	0	0	0	
	10025060	5002	60	10025001	 防具 - 紫裝	100	2040	2040	0	0	120	120	120	120	120	0	120	0	1320	0	0	0	0	0	0	0	0	
	10025061	5002	61	10025001	 防具 - 紫裝	100	2074	2074	0	0	122	122	122	122	122	0	122	0	1342	0	0	0	0	0	0	0	0	
	10025062	5002	62	10025001	 防具 - 紫裝	100	2108	2108	0	0	124	124	124	124	124	0	124	0	1364	0	0	0	0	0	0	0	0	
	10025063	5002	63	10025001	 防具 - 紫裝	100	2142	2142	0	0	126	126	126	126	126	0	126	0	1386	0	0	0	0	0	0	0	0	
	10025064	5002	64	10025001	 防具 - 紫裝	100	2176	2176	0	0	128	128	128	128	128	0	128	0	1408	0	0	0	0	0	0	0	0	
	10025065	5002	65	10025001	 防具 - 紫裝	100	2210	2210	0	0	130	130	130	130	130	0	130	0	1430	0	0	0	0	0	0	0	0	
	10025066	5002	66	10025001	 防具 - 紫裝	100	2244	2244	0	0	132	132	132	132	132	0	132	0	1452	0	0	0	0	0	0	0	0	
	10025067	5002	67	10025001	 防具 - 紫裝	100	2278	2278	0	0	134	134	134	134	134	0	134	0	1474	0	0	0	0	0	0	0	0	
	10025068	5002	68	10025001	 防具 - 紫裝	100	2312	2312	0	0	136	136	136	136	136	0	136	0	1496	0	0	0	0	0	0	0	0	
	10025069	5002	69	10025001	 防具 - 紫裝	100	2346	2346	0	0	138	138	138	138	138	0	138	0	1518	0	0	0	0	0	0	0	0	
	10025070	5002	70	10025001	 防具 - 紫裝	100	2380	2380	0	0	140	140	140	140	140	0	140	0	1540	0	0	0	0	0	0	0	0	
	10025071	5002	71	10025001	 防具 - 紫裝	100	2414	2414	0	0	142	142	142	142	142	0	142	0	1562	0	0	0	0	0	0	0	0	
	10025072	5002	72	10025001	 防具 - 紫裝	100	2448	2448	0	0	144	144	144	144	144	0	144	0	1584	0	0	0	0	0	0	0	0	
	10025073	5002	73	10025001	 防具 - 紫裝	100	2482	2482	0	0	146	146	146	146	146	0	146	0	1606	0	0	0	0	0	0	0	0	
	10025074	5002	74	10025001	 防具 - 紫裝	100	2516	2516	0	0	148	148	148	148	148	0	148	0	1628	0	0	0	0	0	0	0	0	
	10025075	5002	75	10025001	 防具 - 紫裝	100	2550	2550	0	0	150	150	150	150	150	0	150	0	1650	0	0	0	0	0	0	0	0	
	10025076	5002	76	10025001	 防具 - 紫裝	100	2584	2584	0	0	152	152	152	152	152	0	152	0	1672	0	0	0	0	0	0	0	0	
	10025077	5002	77	10025001	 防具 - 紫裝	100	2618	2618	0	0	154	154	154	154	154	0	154	0	1694	0	0	0	0	0	0	0	0	
	10025078	5002	78	10025001	 防具 - 紫裝	100	2652	2652	0	0	156	156	156	156	156	0	156	0	1716	0	0	0	0	0	0	0	0	
	10025079	5002	79	10025001	 防具 - 紫裝	100	2686	2686	0	0	158	158	158	158	158	0	158	0	1738	0	0	0	0	0	0	0	0	
	10025080	5002	80	10025001	 防具 - 紫裝	100	2720	2720	0	0	160	160	160	160	160	0	160	0	1760	0	0	0	0	0	0	0	0	
	10025081	5002	81	10025001	 防具 - 紫裝	100	2754	2754	0	0	162	162	162	162	162	0	162	0	1782	0	0	0	0	0	0	0	0	
	10025082	5002	82	10025001	 防具 - 紫裝	100	2788	2788	0	0	164	164	164	164	164	0	164	0	1804	0	0	0	0	0	0	0	0	
	10025083	5002	83	10025001	 防具 - 紫裝	100	2822	2822	0	0	166	166	166	166	166	0	166	0	1826	0	0	0	0	0	0	0	0	
	10025084	5002	84	10025001	 防具 - 紫裝	100	2856	2856	0	0	168	168	168	168	168	0	168	0	1848	0	0	0	0	0	0	0	0	
	10025085	5002	85	10025001	 防具 - 紫裝	100	2890	2890	0	0	170	170	170	170	170	0	170	0	1870	0	0	0	0	0	0	0	0	
	10025086	5002	86	10025001	 防具 - 紫裝	100	2924	2924	0	0	172	172	172	172	172	0	172	0	1892	0	0	0	0	0	0	0	0	
	10025087	5002	87	10025001	 防具 - 紫裝	100	2958	2958	0	0	174	174	174	174	174	0	174	0	1914	0	0	0	0	0	0	0	0	
	10025088	5002	88	10025001	 防具 - 紫裝	100	2992	2992	0	0	176	176	176	176	176	0	176	0	1936	0	0	0	0	0	0	0	0	
	10025089	5002	89	10025001	 防具 - 紫裝	100	3026	3026	0	0	178	178	178	178	178	0	178	0	1958	0	0	0	0	0	0	0	0	
	10025090	5002	90	10025001	 防具 - 紫裝	100	3060	3060	0	0	180	180	180	180	180	0	180	0	1980	0	0	0	0	0	0	0	0	
	10025091	5002	91	10025001	 防具 - 紫裝	100	3094	3094	0	0	182	182	182	182	182	0	182	0	2002	0	0	0	0	0	0	0	0	
	10025092	5002	92	10025001	 防具 - 紫裝	100	3128	3128	0	0	184	184	184	184	184	0	184	0	2024	0	0	0	0	0	0	0	0	
	10025093	5002	93	10025001	 防具 - 紫裝	100	3162	3162	0	0	186	186	186	186	186	0	186	0	2046	0	0	0	0	0	0	0	0	
	10025094	5002	94	10025001	 防具 - 紫裝	100	3196	3196	0	0	188	188	188	188	188	0	188	0	2068	0	0	0	0	0	0	0	0	
	10025095	5002	95	10025001	 防具 - 紫裝	100	3230	3230	0	0	190	190	190	190	190	0	190	0	2090	0	0	0	0	0	0	0	0	
	10025096	5002	96	10025001	 防具 - 紫裝	100	3264	3264	0	0	192	192	192	192	192	0	192	0	2112	0	0	0	0	0	0	0	0	
	10025097	5002	97	10025001	 防具 - 紫裝	100	3298	3298	0	0	194	194	194	194	194	0	194	0	2134	0	0	0	0	0	0	0	0	
	10025098	5002	98	10025001	 防具 - 紫裝	100	3332	3332	0	0	196	196	196	196	196	0	196	0	2156	0	0	0	0	0	0	0	0	
	10025099	5002	99	10025001	 防具 - 紫裝	100	3366	3366	0	0	198	198	198	198	198	0	198	0	2178	0	0	0	0	0	0	0	0	
	10025100	5002	100	10025001	 防具 - 紫裝	100	3400	3400	0	0	200	200	200	200	200	0	200	0	2200	0	0	0	0	0	0	0	0	
	10025101	5002	101	10025001	 防具 - 紫裝	100	3434	3434	0	0	202	202	202	202	202	0	202	0	2222	0	0	0	0	0	0	0	0	
	10025102	5002	102	10025001	 防具 - 紫裝	100	3468	3468	0	0	204	204	204	204	204	0	204	0	2244	0	0	0	0	0	0	0	0	
	10025103	5002	103	10025001	 防具 - 紫裝	100	3502	3502	0	0	206	206	206	206	206	0	206	0	2266	0	0	0	0	0	0	0	0	
	10025104	5002	104	10025001	 防具 - 紫裝	100	3536	3536	0	0	208	208	208	208	208	0	208	0	2288	0	0	0	0	0	0	0	0	
	10025105	5002	105	10025001	 防具 - 紫裝	100	3570	3570	0	0	210	210	210	210	210	0	210	0	2310	0	0	0	0	0	0	0	0	
	10025106	5002	106	10025001	 防具 - 紫裝	100	3604	3604	0	0	212	212	212	212	212	0	212	0	2332	0	0	0	0	0	0	0	0	
	10025107	5002	107	10025001	 防具 - 紫裝	100	3638	3638	0	0	214	214	214	214	214	0	214	0	2354	0	0	0	0	0	0	0	0	
	10025108	5002	108	10025001	 防具 - 紫裝	100	3672	3672	0	0	216	216	216	216	216	0	216	0	2376	0	0	0	0	0	0	0	0	
# 飾品強化屬性數值表																												
# 飾品 - 灰裝																												
	10031001	5002	1	10031001	 飾品 - 灰裝	100	20	20	0	0	1	1	1	1	1	0	1	0	0	40	40	40	40	20	20	20	20	
	10031002	5002	2	10031001	 飾品 - 灰裝	100	40	40	0	0	2	2	2	2	2	0	2	0	0	80	80	80	80	40	40	40	40	
	10031003	5002	3	10031001	 飾品 - 灰裝	100	60	60	0	0	3	3	3	3	3	0	3	0	0	120	120	120	120	60	60	60	60	
	10031004	5002	4	10031001	 飾品 - 灰裝	100	80	80	0	0	4	4	4	4	4	0	4	0	0	160	160	160	160	80	80	80	80	
	10031005	5002	5	10031001	 飾品 - 灰裝	100	100	100	0	0	5	5	5	5	5	0	5	0	0	200	200	200	200	100	100	100	100	
	10031006	5002	6	10031001	 飾品 - 灰裝	100	120	120	0	0	6	6	6	6	6	0	6	0	0	240	240	240	240	120	120	120	120	
	10031007	5002	7	10031001	 飾品 - 灰裝	100	140	140	0	0	7	7	7	7	7	0	7	0	0	280	280	280	280	140	140	140	140	
	10031008	5002	8	10031001	 飾品 - 灰裝	100	160	160	0	0	8	8	8	8	8	0	8	0	0	320	320	320	320	160	160	160	160	
	10031009	5002	9	10031001	 飾品 - 灰裝	100	180	180	0	0	9	9	9	9	9	0	9	0	0	360	360	360	360	180	180	180	180	
	10031010	5002	10	10031001	 飾品 - 灰裝	100	200	200	0	0	10	10	10	10	10	0	10	0	0	400	400	400	400	200	200	200	200	
	10031011	5002	11	10031001	 飾品 - 灰裝	100	220	220	0	0	11	11	11	11	11	0	11	0	0	440	440	440	440	220	220	220	220	
	10031012	5002	12	10031001	 飾品 - 灰裝	100	240	240	0	0	12	12	12	12	12	0	12	0	0	480	480	480	480	240	240	240	240	
	10031013	5002	13	10031001	 飾品 - 灰裝	100	260	260	0	0	13	13	13	13	13	0	13	0	0	520	520	520	520	260	260	260	260	
	10031014	5002	14	10031001	 飾品 - 灰裝	100	280	280	0	0	14	14	14	14	14	0	14	0	0	560	560	560	560	280	280	280	280	
	10031015	5002	15	10031001	 飾品 - 灰裝	100	300	300	0	0	15	15	15	15	15	0	15	0	0	600	600	600	600	300	300	300	300	
	10031016	5002	16	10031001	 飾品 - 灰裝	100	320	320	0	0	16	16	16	16	16	0	16	0	0	640	640	640	640	320	320	320	320	
	10031017	5002	17	10031001	 飾品 - 灰裝	100	340	340	0	0	17	17	17	17	17	0	17	0	0	680	680	680	680	340	340	340	340	
	10031018	5002	18	10031001	 飾品 - 灰裝	100	360	360	0	0	18	18	18	18	18	0	18	0	0	720	720	720	720	360	360	360	360	
	10031019	5002	19	10031001	 飾品 - 灰裝	100	380	380	0	0	19	19	19	19	19	0	19	0	0	760	760	760	760	380	380	380	380	
	10031020	5002	20	10031001	 飾品 - 灰裝	100	400	400	0	0	20	20	20	20	20	0	20	0	0	800	800	800	800	400	400	400	400	
	10031021	5002	21	10031001	 飾品 - 灰裝	100	420	420	0	0	21	21	21	21	21	0	21	0	0	840	840	840	840	420	420	420	420	
	10031022	5002	22	10031001	 飾品 - 灰裝	100	440	440	0	0	22	22	22	22	22	0	22	0	0	880	880	880	880	440	440	440	440	
	10031023	5002	23	10031001	 飾品 - 灰裝	100	460	460	0	0	23	23	23	23	23	0	23	0	0	920	920	920	920	460	460	460	460	
	10031024	5002	24	10031001	 飾品 - 灰裝	100	480	480	0	0	24	24	24	24	24	0	24	0	0	960	960	960	960	480	480	480	480	
	10031025	5002	25	10031001	 飾品 - 灰裝	100	500	500	0	0	25	25	25	25	25	0	25	0	0	1000	1000	1000	1000	500	500	500	500	
	10031026	5002	26	10031001	 飾品 - 灰裝	100	520	520	0	0	26	26	26	26	26	0	26	0	0	1040	1040	1040	1040	520	520	520	520	
	10031027	5002	27	10031001	 飾品 - 灰裝	100	540	540	0	0	27	27	27	27	27	0	27	0	0	1080	1080	1080	1080	540	540	540	540	
	10031028	5002	28	10031001	 飾品 - 灰裝	100	560	560	0	0	28	28	28	28	28	0	28	0	0	1120	1120	1120	1120	560	560	560	560	
	10031029	5002	29	10031001	 飾品 - 灰裝	100	580	580	0	0	29	29	29	29	29	0	29	0	0	1160	1160	1160	1160	580	580	580	580	
	10031030	5002	30	10031001	 飾品 - 灰裝	100	600	600	0	0	30	30	30	30	30	0	30	0	0	1200	1200	1200	1200	600	600	600	600	
	10031031	5002	31	10031001	 飾品 - 灰裝	100	620	620	0	0	31	31	31	31	31	0	31	0	0	1240	1240	1240	1240	620	620	620	620	
	10031032	5002	32	10031001	 飾品 - 灰裝	100	640	640	0	0	32	32	32	32	32	0	32	0	0	1280	1280	1280	1280	640	640	640	640	
	10031033	5002	33	10031001	 飾品 - 灰裝	100	660	660	0	0	33	33	33	33	33	0	33	0	0	1320	1320	1320	1320	660	660	660	660	
	10031034	5002	34	10031001	 飾品 - 灰裝	100	680	680	0	0	34	34	34	34	34	0	34	0	0	1360	1360	1360	1360	680	680	680	680	
	10031035	5002	35	10031001	 飾品 - 灰裝	100	700	700	0	0	35	35	35	35	35	0	35	0	0	1400	1400	1400	1400	700	700	700	700	
	10031036	5002	36	10031001	 飾品 - 灰裝	100	720	720	0	0	36	36	36	36	36	0	36	0	0	1440	1440	1440	1440	720	720	720	720	
	10031037	5002	37	10031001	 飾品 - 灰裝	100	740	740	0	0	37	37	37	37	37	0	37	0	0	1480	1480	1480	1480	740	740	740	740	
	10031038	5002	38	10031001	 飾品 - 灰裝	100	760	760	0	0	38	38	38	38	38	0	38	0	0	1520	1520	1520	1520	760	760	760	760	
	10031039	5002	39	10031001	 飾品 - 灰裝	100	780	780	0	0	39	39	39	39	39	0	39	0	0	1560	1560	1560	1560	780	780	780	780	
	10031040	5002	40	10031001	 飾品 - 灰裝	100	800	800	0	0	40	40	40	40	40	0	40	0	0	1600	1600	1600	1600	800	800	800	800	
	10031041	5002	41	10031001	 飾品 - 灰裝	100	820	820	0	0	41	41	41	41	41	0	41	0	0	1640	1640	1640	1640	820	820	820	820	
	10031042	5002	42	10031001	 飾品 - 灰裝	100	840	840	0	0	42	42	42	42	42	0	42	0	0	1680	1680	1680	1680	840	840	840	840	
	10031043	5002	43	10031001	 飾品 - 灰裝	100	860	860	0	0	43	43	43	43	43	0	43	0	0	1720	1720	1720	1720	860	860	860	860	
	10031044	5002	44	10031001	 飾品 - 灰裝	100	880	880	0	0	44	44	44	44	44	0	44	0	0	1760	1760	1760	1760	880	880	880	880	
	10031045	5002	45	10031001	 飾品 - 灰裝	100	900	900	0	0	45	45	45	45	45	0	45	0	0	1800	1800	1800	1800	900	900	900	900	
	10031046	5002	46	10031001	 飾品 - 灰裝	100	920	920	0	0	46	46	46	46	46	0	46	0	0	1840	1840	1840	1840	920	920	920	920	
	10031047	5002	47	10031001	 飾品 - 灰裝	100	940	940	0	0	47	47	47	47	47	0	47	0	0	1880	1880	1880	1880	940	940	940	940	
	10031048	5002	48	10031001	 飾品 - 灰裝	100	960	960	0	0	48	48	48	48	48	0	48	0	0	1920	1920	1920	1920	960	960	960	960	
	10031049	5002	49	10031001	 飾品 - 灰裝	100	980	980	0	0	49	49	49	49	49	0	49	0	0	1960	1960	1960	1960	980	980	980	980	
	10031050	5002	50	10031001	 飾品 - 灰裝	100	1000	1000	0	0	50	50	50	50	50	0	50	0	0	2000	2000	2000	2000	1000	1000	1000	1000	
	10031051	5002	51	10031001	 飾品 - 灰裝	100	1020	1020	0	0	51	51	51	51	51	0	51	0	0	2040	2040	2040	2040	1020	1020	1020	1020	
	10031052	5002	52	10031001	 飾品 - 灰裝	100	1040	1040	0	0	52	52	52	52	52	0	52	0	0	2080	2080	2080	2080	1040	1040	1040	1040	
	10031053	5002	53	10031001	 飾品 - 灰裝	100	1060	1060	0	0	53	53	53	53	53	0	53	0	0	2120	2120	2120	2120	1060	1060	1060	1060	
	10031054	5002	54	10031001	 飾品 - 灰裝	100	1080	1080	0	0	54	54	54	54	54	0	54	0	0	2160	2160	2160	2160	1080	1080	1080	1080	
	10031055	5002	55	10031001	 飾品 - 灰裝	100	1100	1100	0	0	55	55	55	55	55	0	55	0	0	2200	2200	2200	2200	1100	1100	1100	1100	
	10031056	5002	56	10031001	 飾品 - 灰裝	100	1120	1120	0	0	56	56	56	56	56	0	56	0	0	2240	2240	2240	2240	1120	1120	1120	1120	
	10031057	5002	57	10031001	 飾品 - 灰裝	100	1140	1140	0	0	57	57	57	57	57	0	57	0	0	2280	2280	2280	2280	1140	1140	1140	1140	
	10031058	5002	58	10031001	 飾品 - 灰裝	100	1160	1160	0	0	58	58	58	58	58	0	58	0	0	2320	2320	2320	2320	1160	1160	1160	1160	
	10031059	5002	59	10031001	 飾品 - 灰裝	100	1180	1180	0	0	59	59	59	59	59	0	59	0	0	2360	2360	2360	2360	1180	1180	1180	1180	
	10031060	5002	60	10031001	 飾品 - 灰裝	100	1200	1200	0	0	60	60	60	60	60	0	60	0	0	2400	2400	2400	2400	1200	1200	1200	1200	
	10031061	5002	61	10031001	 飾品 - 灰裝	100	1220	1220	0	0	61	61	61	61	61	0	61	0	0	2440	2440	2440	2440	1220	1220	1220	1220	
	10031062	5002	62	10031001	 飾品 - 灰裝	100	1240	1240	0	0	62	62	62	62	62	0	62	0	0	2480	2480	2480	2480	1240	1240	1240	1240	
	10031063	5002	63	10031001	 飾品 - 灰裝	100	1260	1260	0	0	63	63	63	63	63	0	63	0	0	2520	2520	2520	2520	1260	1260	1260	1260	
	10031064	5002	64	10031001	 飾品 - 灰裝	100	1280	1280	0	0	64	64	64	64	64	0	64	0	0	2560	2560	2560	2560	1280	1280	1280	1280	
	10031065	5002	65	10031001	 飾品 - 灰裝	100	1300	1300	0	0	65	65	65	65	65	0	65	0	0	2600	2600	2600	2600	1300	1300	1300	1300	
	10031066	5002	66	10031001	 飾品 - 灰裝	100	1320	1320	0	0	66	66	66	66	66	0	66	0	0	2640	2640	2640	2640	1320	1320	1320	1320	
	10031067	5002	67	10031001	 飾品 - 灰裝	100	1340	1340	0	0	67	67	67	67	67	0	67	0	0	2680	2680	2680	2680	1340	1340	1340	1340	
	10031068	5002	68	10031001	 飾品 - 灰裝	100	1360	1360	0	0	68	68	68	68	68	0	68	0	0	2720	2720	2720	2720	1360	1360	1360	1360	
	10031069	5002	69	10031001	 飾品 - 灰裝	100	1380	1380	0	0	69	69	69	69	69	0	69	0	0	2760	2760	2760	2760	1380	1380	1380	1380	
	10031070	5002	70	10031001	 飾品 - 灰裝	100	1400	1400	0	0	70	70	70	70	70	0	70	0	0	2800	2800	2800	2800	1400	1400	1400	1400	
	10031071	5002	71	10031001	 飾品 - 灰裝	100	1420	1420	0	0	71	71	71	71	71	0	71	0	0	2840	2840	2840	2840	1420	1420	1420	1420	
	10031072	5002	72	10031001	 飾品 - 灰裝	100	1440	1440	0	0	72	72	72	72	72	0	72	0	0	2880	2880	2880	2880	1440	1440	1440	1440	
	10031073	5002	73	10031001	 飾品 - 灰裝	100	1460	1460	0	0	73	73	73	73	73	0	73	0	0	2920	2920	2920	2920	1460	1460	1460	1460	
	10031074	5002	74	10031001	 飾品 - 灰裝	100	1480	1480	0	0	74	74	74	74	74	0	74	0	0	2960	2960	2960	2960	1480	1480	1480	1480	
	10031075	5002	75	10031001	 飾品 - 灰裝	100	1500	1500	0	0	75	75	75	75	75	0	75	0	0	3000	3000	3000	3000	1500	1500	1500	1500	
	10031076	5002	76	10031001	 飾品 - 灰裝	100	1520	1520	0	0	76	76	76	76	76	0	76	0	0	3040	3040	3040	3040	1520	1520	1520	1520	
	10031077	5002	77	10031001	 飾品 - 灰裝	100	1540	1540	0	0	77	77	77	77	77	0	77	0	0	3080	3080	3080	3080	1540	1540	1540	1540	
	10031078	5002	78	10031001	 飾品 - 灰裝	100	1560	1560	0	0	78	78	78	78	78	0	78	0	0	3120	3120	3120	3120	1560	1560	1560	1560	
	10031079	5002	79	10031001	 飾品 - 灰裝	100	1580	1580	0	0	79	79	79	79	79	0	79	0	0	3160	3160	3160	3160	1580	1580	1580	1580	
	10031080	5002	80	10031001	 飾品 - 灰裝	100	1600	1600	0	0	80	80	80	80	80	0	80	0	0	3200	3200	3200	3200	1600	1600	1600	1600	
	10031081	5002	81	10031001	 飾品 - 灰裝	100	1620	1620	0	0	81	81	81	81	81	0	81	0	0	3240	3240	3240	3240	1620	1620	1620	1620	
	10031082	5002	82	10031001	 飾品 - 灰裝	100	1640	1640	0	0	82	82	82	82	82	0	82	0	0	3280	3280	3280	3280	1640	1640	1640	1640	
	10031083	5002	83	10031001	 飾品 - 灰裝	100	1660	1660	0	0	83	83	83	83	83	0	83	0	0	3320	3320	3320	3320	1660	1660	1660	1660	
	10031084	5002	84	10031001	 飾品 - 灰裝	100	1680	1680	0	0	84	84	84	84	84	0	84	0	0	3360	3360	3360	3360	1680	1680	1680	1680	
	10031085	5002	85	10031001	 飾品 - 灰裝	100	1700	1700	0	0	85	85	85	85	85	0	85	0	0	3400	3400	3400	3400	1700	1700	1700	1700	
	10031086	5002	86	10031001	 飾品 - 灰裝	100	1720	1720	0	0	86	86	86	86	86	0	86	0	0	3440	3440	3440	3440	1720	1720	1720	1720	
	10031087	5002	87	10031001	 飾品 - 灰裝	100	1740	1740	0	0	87	87	87	87	87	0	87	0	0	3480	3480	3480	3480	1740	1740	1740	1740	
	10031088	5002	88	10031001	 飾品 - 灰裝	100	1760	1760	0	0	88	88	88	88	88	0	88	0	0	3520	3520	3520	3520	1760	1760	1760	1760	
	10031089	5002	89	10031001	 飾品 - 灰裝	100	1780	1780	0	0	89	89	89	89	89	0	89	0	0	3560	3560	3560	3560	1780	1780	1780	1780	
	10031090	5002	90	10031001	 飾品 - 灰裝	100	1800	1800	0	0	90	90	90	90	90	0	90	0	0	3600	3600	3600	3600	1800	1800	1800	1800	
	10031091	5002	91	10031001	 飾品 - 灰裝	100	1820	1820	0	0	91	91	91	91	91	0	91	0	0	3640	3640	3640	3640	1820	1820	1820	1820	
	10031092	5002	92	10031001	 飾品 - 灰裝	100	1840	1840	0	0	92	92	92	92	92	0	92	0	0	3680	3680	3680	3680	1840	1840	1840	1840	
	10031093	5002	93	10031001	 飾品 - 灰裝	100	1860	1860	0	0	93	93	93	93	93	0	93	0	0	3720	3720	3720	3720	1860	1860	1860	1860	
	10031094	5002	94	10031001	 飾品 - 灰裝	100	1880	1880	0	0	94	94	94	94	94	0	94	0	0	3760	3760	3760	3760	1880	1880	1880	1880	
	10031095	5002	95	10031001	 飾品 - 灰裝	100	1900	1900	0	0	95	95	95	95	95	0	95	0	0	3800	3800	3800	3800	1900	1900	1900	1900	
	10031096	5002	96	10031001	 飾品 - 灰裝	100	1920	1920	0	0	96	96	96	96	96	0	96	0	0	3840	3840	3840	3840	1920	1920	1920	1920	
	10031097	5002	97	10031001	 飾品 - 灰裝	100	1940	1940	0	0	97	97	97	97	97	0	97	0	0	3880	3880	3880	3880	1940	1940	1940	1940	
	10031098	5002	98	10031001	 飾品 - 灰裝	100	1960	1960	0	0	98	98	98	98	98	0	98	0	0	3920	3920	3920	3920	1960	1960	1960	1960	
	10031099	5002	99	10031001	 飾品 - 灰裝	100	1980	1980	0	0	99	99	99	99	99	0	99	0	0	3960	3960	3960	3960	1980	1980	1980	1980	
	10031100	5002	100	10031001	 飾品 - 灰裝	100	2000	2000	0	0	100	100	100	100	100	0	100	0	0	4000	4000	4000	4000	2000	2000	2000	2000	
	10031101	5002	101	10031001	 飾品 - 灰裝	100	2020	2020	0	0	101	101	101	101	101	0	101	0	0	4040	4040	4040	4040	2020	2020	2020	2020	
	10031102	5002	102	10031001	 飾品 - 灰裝	100	2040	2040	0	0	102	102	102	102	102	0	102	0	0	4080	4080	4080	4080	2040	2040	2040	2040	
	10031103	5002	103	10031001	 飾品 - 灰裝	100	2060	2060	0	0	103	103	103	103	103	0	103	0	0	4120	4120	4120	4120	2060	2060	2060	2060	
	10031104	5002	104	10031001	 飾品 - 灰裝	100	2080	2080	0	0	104	104	104	104	104	0	104	0	0	4160	4160	4160	4160	2080	2080	2080	2080	
	10031105	5002	105	10031001	 飾品 - 灰裝	100	2100	2100	0	0	105	105	105	105	105	0	105	0	0	4200	4200	4200	4200	2100	2100	2100	2100	
	10031106	5002	106	10031001	 飾品 - 灰裝	100	2120	2120	0	0	106	106	106	106	106	0	106	0	0	4240	4240	4240	4240	2120	2120	2120	2120	
	10031107	5002	107	10031001	 飾品 - 灰裝	100	2140	2140	0	0	107	107	107	107	107	0	107	0	0	4280	4280	4280	4280	2140	2140	2140	2140	
	10031108	5002	108	10031001	 飾品 - 灰裝	100	2160	2160	0	0	108	108	108	108	108	0	108	0	0	4320	4320	4320	4320	2160	2160	2160	2160	
# 飾品 - 白裝（非商店貨）																												
	10032001	5002	1	10032001	 飾品 - 白裝	100	24	24	0	0	1	1	1	1	1	0	1	0	0	10	10	10	10	5	5	5	5	
	10032002	5002	2	10032001	 飾品 - 白裝	100	48	48	0	0	2	2	2	2	2	0	2	0	0	20	20	20	20	10	10	10	10	
	10032003	5002	3	10032001	 飾品 - 白裝	100	72	72	0	0	3	3	3	3	3	0	3	0	0	30	30	30	30	15	15	15	15	
	10032004	5002	4	10032001	 飾品 - 白裝	100	96	96	0	0	4	4	4	4	4	0	4	0	0	40	40	40	40	20	20	20	20	
	10032005	5002	5	10032001	 飾品 - 白裝	100	120	120	0	0	5	5	5	5	5	0	5	0	0	50	50	50	50	25	25	25	25	
	10032006	5002	6	10032001	 飾品 - 白裝	100	144	144	0	0	6	6	6	6	6	0	6	0	0	60	60	60	60	30	30	30	30	
	10032007	5002	7	10032001	 飾品 - 白裝	100	168	168	0	0	7	7	7	7	7	0	7	0	0	70	70	70	70	35	35	35	35	
	10032008	5002	8	10032001	 飾品 - 白裝	100	192	192	0	0	8	8	8	8	8	0	8	0	0	80	80	80	80	40	40	40	40	
	10032009	5002	9	10032001	 飾品 - 白裝	100	216	216	0	0	9	9	9	9	9	0	9	0	0	90	90	90	90	45	45	45	45	
	10032010	5002	10	10032001	 飾品 - 白裝	100	240	240	0	0	10	10	10	10	10	0	10	0	0	100	100	100	100	50	50	50	50	
	10032011	5002	11	10032001	 飾品 - 白裝	100	264	264	0	0	11	11	11	11	11	0	11	0	0	110	110	110	110	55	55	55	55	
	10032012	5002	12	10032001	 飾品 - 白裝	100	288	288	0	0	12	12	12	12	12	0	12	0	0	120	120	120	120	60	60	60	60	
	10032013	5002	13	10032001	 飾品 - 白裝	100	312	312	0	0	13	13	13	13	13	0	13	0	0	130	130	130	130	65	65	65	65	
	10032014	5002	14	10032001	 飾品 - 白裝	100	336	336	0	0	14	14	14	14	14	0	14	0	0	140	140	140	140	70	70	70	70	
	10032015	5002	15	10032001	 飾品 - 白裝	100	360	360	0	0	15	15	15	15	15	0	15	0	0	150	150	150	150	75	75	75	75	
	10032016	5002	16	10032001	 飾品 - 白裝	100	384	384	0	0	16	16	16	16	16	0	16	0	0	160	160	160	160	80	80	80	80	
	10032017	5002	17	10032001	 飾品 - 白裝	100	408	408	0	0	17	17	17	17	17	0	17	0	0	170	170	170	170	85	85	85	85	
	10032018	5002	18	10032001	 飾品 - 白裝	100	432	432	0	0	18	18	18	18	18	0	18	0	0	180	180	180	180	90	90	90	90	
	10032019	5002	19	10032001	 飾品 - 白裝	100	456	456	0	0	19	19	19	19	19	0	19	0	0	190	190	190	190	95	95	95	95	
	10032020	5002	20	10032001	 飾品 - 白裝	100	480	480	0	0	20	20	20	20	20	0	20	0	0	200	200	200	200	100	100	100	100	
	10032021	5002	21	10032001	 飾品 - 白裝	100	504	504	0	0	21	21	21	21	21	0	21	0	0	210	210	210	210	105	105	105	105	
	10032022	5002	22	10032001	 飾品 - 白裝	100	528	528	0	0	22	22	22	22	22	0	22	0	0	220	220	220	220	110	110	110	110	
	10032023	5002	23	10032001	 飾品 - 白裝	100	552	552	0	0	23	23	23	23	23	0	23	0	0	230	230	230	230	115	115	115	115	
	10032024	5002	24	10032001	 飾品 - 白裝	100	576	576	0	0	24	24	24	24	24	0	24	0	0	240	240	240	240	120	120	120	120	
	10032025	5002	25	10032001	 飾品 - 白裝	100	600	600	0	0	25	25	25	25	25	0	25	0	0	250	250	250	250	125	125	125	125	
	10032026	5002	26	10032001	 飾品 - 白裝	100	624	624	0	0	26	26	26	26	26	0	26	0	0	260	260	260	260	130	130	130	130	
	10032027	5002	27	10032001	 飾品 - 白裝	100	648	648	0	0	27	27	27	27	27	0	27	0	0	270	270	270	270	135	135	135	135	
	10032028	5002	28	10032001	 飾品 - 白裝	100	672	672	0	0	28	28	28	28	28	0	28	0	0	280	280	280	280	140	140	140	140	
	10032029	5002	29	10032001	 飾品 - 白裝	100	696	696	0	0	29	29	29	29	29	0	29	0	0	290	290	290	290	145	145	145	145	
	10032030	5002	30	10032001	 飾品 - 白裝	100	720	720	0	0	30	30	30	30	30	0	30	0	0	300	300	300	300	150	150	150	150	
	10032031	5002	31	10032001	 飾品 - 白裝	100	744	744	0	0	31	31	31	31	31	0	31	0	0	310	310	310	310	155	155	155	155	
	10032032	5002	32	10032001	 飾品 - 白裝	100	768	768	0	0	32	32	32	32	32	0	32	0	0	320	320	320	320	160	160	160	160	
	10032033	5002	33	10032001	 飾品 - 白裝	100	792	792	0	0	33	33	33	33	33	0	33	0	0	330	330	330	330	165	165	165	165	
	10032034	5002	34	10032001	 飾品 - 白裝	100	816	816	0	0	34	34	34	34	34	0	34	0	0	340	340	340	340	170	170	170	170	
	10032035	5002	35	10032001	 飾品 - 白裝	100	840	840	0	0	35	35	35	35	35	0	35	0	0	350	350	350	350	175	175	175	175	
	10032036	5002	36	10032001	 飾品 - 白裝	100	864	864	0	0	36	36	36	36	36	0	36	0	0	360	360	360	360	180	180	180	180	
	10032037	5002	37	10032001	 飾品 - 白裝	100	888	888	0	0	37	37	37	37	37	0	37	0	0	370	370	370	370	185	185	185	185	
	10032038	5002	38	10032001	 飾品 - 白裝	100	912	912	0	0	38	38	38	38	38	0	38	0	0	380	380	380	380	190	190	190	190	
	10032039	5002	39	10032001	 飾品 - 白裝	100	936	936	0	0	39	39	39	39	39	0	39	0	0	390	390	390	390	195	195	195	195	
	10032040	5002	40	10032001	 飾品 - 白裝	100	960	960	0	0	40	40	40	40	40	0	40	0	0	400	400	400	400	200	200	200	200	
	10032041	5002	41	10032001	 飾品 - 白裝	100	984	984	0	0	41	41	41	41	41	0	41	0	0	410	410	410	410	205	205	205	205	
	10032042	5002	42	10032001	 飾品 - 白裝	100	1008	1008	0	0	42	42	42	42	42	0	42	0	0	420	420	420	420	210	210	210	210	
	10032043	5002	43	10032001	 飾品 - 白裝	100	1032	1032	0	0	43	43	43	43	43	0	43	0	0	430	430	430	430	215	215	215	215	
	10032044	5002	44	10032001	 飾品 - 白裝	100	1056	1056	0	0	44	44	44	44	44	0	44	0	0	440	440	440	440	220	220	220	220	
	10032045	5002	45	10032001	 飾品 - 白裝	100	1080	1080	0	0	45	45	45	45	45	0	45	0	0	450	450	450	450	225	225	225	225	
	10032046	5002	46	10032001	 飾品 - 白裝	100	1104	1104	0	0	46	46	46	46	46	0	46	0	0	460	460	460	460	230	230	230	230	
	10032047	5002	47	10032001	 飾品 - 白裝	100	1128	1128	0	0	47	47	47	47	47	0	47	0	0	470	470	470	470	235	235	235	235	
	10032048	5002	48	10032001	 飾品 - 白裝	100	1152	1152	0	0	48	48	48	48	48	0	48	0	0	480	480	480	480	240	240	240	240	
	10032049	5002	49	10032001	 飾品 - 白裝	100	1176	1176	0	0	49	49	49	49	49	0	49	0	0	490	490	490	490	245	245	245	245	
	10032050	5002	50	10032001	 飾品 - 白裝	100	1200	1200	0	0	50	50	50	50	50	0	50	0	0	500	500	500	500	250	250	250	250	
	10032051	5002	51	10032001	 飾品 - 白裝	100	1224	1224	0	0	51	51	51	51	51	0	51	0	0	510	510	510	510	255	255	255	255	
	10032052	5002	52	10032001	 飾品 - 白裝	100	1248	1248	0	0	52	52	52	52	52	0	52	0	0	520	520	520	520	260	260	260	260	
	10032053	5002	53	10032001	 飾品 - 白裝	100	1272	1272	0	0	53	53	53	53	53	0	53	0	0	530	530	530	530	265	265	265	265	
	10032054	5002	54	10032001	 飾品 - 白裝	100	1296	1296	0	0	54	54	54	54	54	0	54	0	0	540	540	540	540	270	270	270	270	
	10032055	5002	55	10032001	 飾品 - 白裝	100	1320	1320	0	0	55	55	55	55	55	0	55	0	0	550	550	550	550	275	275	275	275	
	10032056	5002	56	10032001	 飾品 - 白裝	100	1344	1344	0	0	56	56	56	56	56	0	56	0	0	560	560	560	560	280	280	280	280	
	10032057	5002	57	10032001	 飾品 - 白裝	100	1368	1368	0	0	57	57	57	57	57	0	57	0	0	570	570	570	570	285	285	285	285	
	10032058	5002	58	10032001	 飾品 - 白裝	100	1392	1392	0	0	58	58	58	58	58	0	58	0	0	580	580	580	580	290	290	290	290	
	10032059	5002	59	10032001	 飾品 - 白裝	100	1416	1416	0	0	59	59	59	59	59	0	59	0	0	590	590	590	590	295	295	295	295	
	10032060	5002	60	10032001	 飾品 - 白裝	100	1440	1440	0	0	60	60	60	60	60	0	60	0	0	600	600	600	600	300	300	300	300	
	10032061	5002	61	10032001	 飾品 - 白裝	100	1464	1464	0	0	61	61	61	61	61	0	61	0	0	610	610	610	610	305	305	305	305	
	10032062	5002	62	10032001	 飾品 - 白裝	100	1488	1488	0	0	62	62	62	62	62	0	62	0	0	620	620	620	620	310	310	310	310	
	10032063	5002	63	10032001	 飾品 - 白裝	100	1512	1512	0	0	63	63	63	63	63	0	63	0	0	630	630	630	630	315	315	315	315	
	10032064	5002	64	10032001	 飾品 - 白裝	100	1536	1536	0	0	64	64	64	64	64	0	64	0	0	640	640	640	640	320	320	320	320	
	10032065	5002	65	10032001	 飾品 - 白裝	100	1560	1560	0	0	65	65	65	65	65	0	65	0	0	650	650	650	650	325	325	325	325	
	10032066	5002	66	10032001	 飾品 - 白裝	100	1584	1584	0	0	66	66	66	66	66	0	66	0	0	660	660	660	660	330	330	330	330	
	10032067	5002	67	10032001	 飾品 - 白裝	100	1608	1608	0	0	67	67	67	67	67	0	67	0	0	670	670	670	670	335	335	335	335	
	10032068	5002	68	10032001	 飾品 - 白裝	100	1632	1632	0	0	68	68	68	68	68	0	68	0	0	680	680	680	680	340	340	340	340	
	10032069	5002	69	10032001	 飾品 - 白裝	100	1656	1656	0	0	69	69	69	69	69	0	69	0	0	690	690	690	690	345	345	345	345	
	10032070	5002	70	10032001	 飾品 - 白裝	100	1680	1680	0	0	70	70	70	70	70	0	70	0	0	700	700	700	700	350	350	350	350	
	10032071	5002	71	10032001	 飾品 - 白裝	100	1704	1704	0	0	71	71	71	71	71	0	71	0	0	710	710	710	710	355	355	355	355	
	10032072	5002	72	10032001	 飾品 - 白裝	100	1728	1728	0	0	72	72	72	72	72	0	72	0	0	720	720	720	720	360	360	360	360	
	10032073	5002	73	10032001	 飾品 - 白裝	100	1752	1752	0	0	73	73	73	73	73	0	73	0	0	730	730	730	730	365	365	365	365	
	10032074	5002	74	10032001	 飾品 - 白裝	100	1776	1776	0	0	74	74	74	74	74	0	74	0	0	740	740	740	740	370	370	370	370	
	10032075	5002	75	10032001	 飾品 - 白裝	100	1800	1800	0	0	75	75	75	75	75	0	75	0	0	750	750	750	750	375	375	375	375	
	10032076	5002	76	10032001	 飾品 - 白裝	100	1824	1824	0	0	76	76	76	76	76	0	76	0	0	760	760	760	760	380	380	380	380	
	10032077	5002	77	10032001	 飾品 - 白裝	100	1848	1848	0	0	77	77	77	77	77	0	77	0	0	770	770	770	770	385	385	385	385	
	10032078	5002	78	10032001	 飾品 - 白裝	100	1872	1872	0	0	78	78	78	78	78	0	78	0	0	780	780	780	780	390	390	390	390	
	10032079	5002	79	10032001	 飾品 - 白裝	100	1896	1896	0	0	79	79	79	79	79	0	79	0	0	790	790	790	790	395	395	395	395	
	10032080	5002	80	10032001	 飾品 - 白裝	100	1920	1920	0	0	80	80	80	80	80	0	80	0	0	800	800	800	800	400	400	400	400	
	10032081	5002	81	10032001	 飾品 - 白裝	100	1944	1944	0	0	81	81	81	81	81	0	81	0	0	810	810	810	810	405	405	405	405	
	10032082	5002	82	10032001	 飾品 - 白裝	100	1968	1968	0	0	82	82	82	82	82	0	82	0	0	820	820	820	820	410	410	410	410	
	10032083	5002	83	10032001	 飾品 - 白裝	100	1992	1992	0	0	83	83	83	83	83	0	83	0	0	830	830	830	830	415	415	415	415	
	10032084	5002	84	10032001	 飾品 - 白裝	100	2016	2016	0	0	84	84	84	84	84	0	84	0	0	840	840	840	840	420	420	420	420	
	10032085	5002	85	10032001	 飾品 - 白裝	100	2040	2040	0	0	85	85	85	85	85	0	85	0	0	850	850	850	850	425	425	425	425	
	10032086	5002	86	10032001	 飾品 - 白裝	100	2064	2064	0	0	86	86	86	86	86	0	86	0	0	860	860	860	860	430	430	430	430	
	10032087	5002	87	10032001	 飾品 - 白裝	100	2088	2088	0	0	87	87	87	87	87	0	87	0	0	870	870	870	870	435	435	435	435	
	10032088	5002	88	10032001	 飾品 - 白裝	100	2112	2112	0	0	88	88	88	88	88	0	88	0	0	880	880	880	880	440	440	440	440	
	10032089	5002	89	10032001	 飾品 - 白裝	100	2136	2136	0	0	89	89	89	89	89	0	89	0	0	890	890	890	890	445	445	445	445	
	10032090	5002	90	10032001	 飾品 - 白裝	100	2160	2160	0	0	90	90	90	90	90	0	90	0	0	900	900	900	900	450	450	450	450	
	10032091	5002	91	10032001	 飾品 - 白裝	100	2184	2184	0	0	91	91	91	91	91	0	91	0	0	910	910	910	910	455	455	455	455	
	10032092	5002	92	10032001	 飾品 - 白裝	100	2208	2208	0	0	92	92	92	92	92	0	92	0	0	920	920	920	920	460	460	460	460	
	10032093	5002	93	10032001	 飾品 - 白裝	100	2232	2232	0	0	93	93	93	93	93	0	93	0	0	930	930	930	930	465	465	465	465	
	10032094	5002	94	10032001	 飾品 - 白裝	100	2256	2256	0	0	94	94	94	94	94	0	94	0	0	940	940	940	940	470	470	470	470	
	10032095	5002	95	10032001	 飾品 - 白裝	100	2280	2280	0	0	95	95	95	95	95	0	95	0	0	950	950	950	950	475	475	475	475	
	10032096	5002	96	10032001	 飾品 - 白裝	100	2304	2304	0	0	96	96	96	96	96	0	96	0	0	960	960	960	960	480	480	480	480	
	10032097	5002	97	10032001	 飾品 - 白裝	100	2328	2328	0	0	97	97	97	97	97	0	97	0	0	970	970	970	970	485	485	485	485	
	10032098	5002	98	10032001	 飾品 - 白裝	100	2352	2352	0	0	98	98	98	98	98	0	98	0	0	980	980	980	980	490	490	490	490	
	10032099	5002	99	10032001	 飾品 - 白裝	100	2376	2376	0	0	99	99	99	99	99	0	99	0	0	990	990	990	990	495	495	495	495	
	10032100	5002	100	10032001	 飾品 - 白裝	100	2400	2400	0	0	100	100	100	100	100	0	100	0	0	1000	1000	1000	1000	500	500	500	500	
	10032101	5002	101	10032001	 飾品 - 白裝	100	2424	2424	0	0	101	101	101	101	101	0	101	0	0	1010	1010	1010	1010	505	505	505	505	
	10032102	5002	102	10032001	 飾品 - 白裝	100	2448	2448	0	0	102	102	102	102	102	0	102	0	0	1020	1020	1020	1020	510	510	510	510	
	10032103	5002	103	10032001	 飾品 - 白裝	100	2472	2472	0	0	103	103	103	103	103	0	103	0	0	1030	1030	1030	1030	515	515	515	515	
	10032104	5002	104	10032001	 飾品 - 白裝	100	2496	2496	0	0	104	104	104	104	104	0	104	0	0	1040	1040	1040	1040	520	520	520	520	
	10032105	5002	105	10032001	 飾品 - 白裝	100	2520	2520	0	0	105	105	105	105	105	0	105	0	0	1050	1050	1050	1050	525	525	525	525	
	10032106	5002	106	10032001	 飾品 - 白裝	100	2544	2544	0	0	106	106	106	106	106	0	106	0	0	1060	1060	1060	1060	530	530	530	530	
	10032107	5002	107	10032001	 飾品 - 白裝	100	2568	2568	0	0	107	107	107	107	107	0	107	0	0	1070	1070	1070	1070	535	535	535	535	
	10032108	5002	108	10032001	 飾品 - 白裝	100	2592	2592	0	0	108	108	108	108	108	0	108	0	0	1080	1080	1080	1080	540	540	540	540	
# 飾品 - 綠裝																												
	10033001	5002	1	10033001	 飾品 - 綠裝	100	27	27	0	0	1	1	1	1	1	0	1	0	0	40	40	40	40	20	20	20	20	
	10033002	5002	2	10033001	 飾品 - 綠裝	100	54	54	0	0	2	2	2	2	2	0	2	0	0	80	80	80	80	40	40	40	40	
	10033003	5002	3	10033001	 飾品 - 綠裝	100	81	81	0	0	3	3	3	3	3	0	3	0	0	120	120	120	120	60	60	60	60	
	10033004	5002	4	10033001	 飾品 - 綠裝	100	108	108	0	0	4	4	4	4	4	0	4	0	0	160	160	160	160	80	80	80	80	
	10033005	5002	5	10033001	 飾品 - 綠裝	100	135	135	0	0	5	5	5	5	5	0	5	0	0	200	200	200	200	100	100	100	100	
	10033006	5002	6	10033001	 飾品 - 綠裝	100	162	162	0	0	6	6	6	6	6	0	6	0	0	240	240	240	240	120	120	120	120	
	10033007	5002	7	10033001	 飾品 - 綠裝	100	189	189	0	0	7	7	7	7	7	0	7	0	0	280	280	280	280	140	140	140	140	
	10033008	5002	8	10033001	 飾品 - 綠裝	100	216	216	0	0	8	8	8	8	8	0	8	0	0	320	320	320	320	160	160	160	160	
	10033009	5002	9	10033001	 飾品 - 綠裝	100	243	243	0	0	9	9	9	9	9	0	9	0	0	360	360	360	360	180	180	180	180	
	10033010	5002	10	10033001	 飾品 - 綠裝	100	270	270	0	0	10	10	10	10	10	0	10	0	0	400	400	400	400	200	200	200	200	
	10033011	5002	11	10033001	 飾品 - 綠裝	100	297	297	0	0	11	11	11	11	11	0	11	0	0	440	440	440	440	220	220	220	220	
	10033012	5002	12	10033001	 飾品 - 綠裝	100	324	324	0	0	12	12	12	12	12	0	12	0	0	480	480	480	480	240	240	240	240	
	10033013	5002	13	10033001	 飾品 - 綠裝	100	351	351	0	0	13	13	13	13	13	0	13	0	0	520	520	520	520	260	260	260	260	
	10033014	5002	14	10033001	 飾品 - 綠裝	100	378	378	0	0	14	14	14	14	14	0	14	0	0	560	560	560	560	280	280	280	280	
	10033015	5002	15	10033001	 飾品 - 綠裝	100	405	405	0	0	15	15	15	15	15	0	15	0	0	600	600	600	600	300	300	300	300	
	10033016	5002	16	10033001	 飾品 - 綠裝	100	432	432	0	0	16	16	16	16	16	0	16	0	0	640	640	640	640	320	320	320	320	
	10033017	5002	17	10033001	 飾品 - 綠裝	100	459	459	0	0	17	17	17	17	17	0	17	0	0	680	680	680	680	340	340	340	340	
	10033018	5002	18	10033001	 飾品 - 綠裝	100	486	486	0	0	18	18	18	18	18	0	18	0	0	720	720	720	720	360	360	360	360	
	10033019	5002	19	10033001	 飾品 - 綠裝	100	513	513	0	0	19	19	19	19	19	0	19	0	0	760	760	760	760	380	380	380	380	
	10033020	5002	20	10033001	 飾品 - 綠裝	100	540	540	0	0	20	20	20	20	20	0	20	0	0	800	800	800	800	400	400	400	400	
	10033021	5002	21	10033001	 飾品 - 綠裝	100	567	567	0	0	21	21	21	21	21	0	21	0	0	840	840	840	840	420	420	420	420	
	10033022	5002	22	10033001	 飾品 - 綠裝	100	594	594	0	0	22	22	22	22	22	0	22	0	0	880	880	880	880	440	440	440	440	
	10033023	5002	23	10033001	 飾品 - 綠裝	100	621	621	0	0	23	23	23	23	23	0	23	0	0	920	920	920	920	460	460	460	460	
	10033024	5002	24	10033001	 飾品 - 綠裝	100	648	648	0	0	24	24	24	24	24	0	24	0	0	960	960	960	960	480	480	480	480	
	10033025	5002	25	10033001	 飾品 - 綠裝	100	675	675	0	0	25	25	25	25	25	0	25	0	0	1000	1000	1000	1000	500	500	500	500	
	10033026	5002	26	10033001	 飾品 - 綠裝	100	702	702	0	0	26	26	26	26	26	0	26	0	0	1040	1040	1040	1040	520	520	520	520	
	10033027	5002	27	10033001	 飾品 - 綠裝	100	729	729	0	0	27	27	27	27	27	0	27	0	0	1080	1080	1080	1080	540	540	540	540	
	10033028	5002	28	10033001	 飾品 - 綠裝	100	756	756	0	0	28	28	28	28	28	0	28	0	0	1120	1120	1120	1120	560	560	560	560	
	10033029	5002	29	10033001	 飾品 - 綠裝	100	783	783	0	0	29	29	29	29	29	0	29	0	0	1160	1160	1160	1160	580	580	580	580	
	10033030	5002	30	10033001	 飾品 - 綠裝	100	810	810	0	0	30	30	30	30	30	0	30	0	0	1200	1200	1200	1200	600	600	600	600	
	10033031	5002	31	10033001	 飾品 - 綠裝	100	837	837	0	0	31	31	31	31	31	0	31	0	0	1240	1240	1240	1240	620	620	620	620	
	10033032	5002	32	10033001	 飾品 - 綠裝	100	864	864	0	0	32	32	32	32	32	0	32	0	0	1280	1280	1280	1280	640	640	640	640	
	10033033	5002	33	10033001	 飾品 - 綠裝	100	891	891	0	0	33	33	33	33	33	0	33	0	0	1320	1320	1320	1320	660	660	660	660	
	10033034	5002	34	10033001	 飾品 - 綠裝	100	918	918	0	0	34	34	34	34	34	0	34	0	0	1360	1360	1360	1360	680	680	680	680	
	10033035	5002	35	10033001	 飾品 - 綠裝	100	945	945	0	0	35	35	35	35	35	0	35	0	0	1400	1400	1400	1400	700	700	700	700	
	10033036	5002	36	10033001	 飾品 - 綠裝	100	972	972	0	0	36	36	36	36	36	0	36	0	0	1440	1440	1440	1440	720	720	720	720	
	10033037	5002	37	10033001	 飾品 - 綠裝	100	999	999	0	0	37	37	37	37	37	0	37	0	0	1480	1480	1480	1480	740	740	740	740	
	10033038	5002	38	10033001	 飾品 - 綠裝	100	1026	1026	0	0	38	38	38	38	38	0	38	0	0	1520	1520	1520	1520	760	760	760	760	
	10033039	5002	39	10033001	 飾品 - 綠裝	100	1053	1053	0	0	39	39	39	39	39	0	39	0	0	1560	1560	1560	1560	780	780	780	780	
	10033040	5002	40	10033001	 飾品 - 綠裝	100	1080	1080	0	0	40	40	40	40	40	0	40	0	0	1600	1600	1600	1600	800	800	800	800	
	10033041	5002	41	10033001	 飾品 - 綠裝	100	1107	1107	0	0	41	41	41	41	41	0	41	0	0	1640	1640	1640	1640	820	820	820	820	
	10033042	5002	42	10033001	 飾品 - 綠裝	100	1134	1134	0	0	42	42	42	42	42	0	42	0	0	1680	1680	1680	1680	840	840	840	840	
	10033043	5002	43	10033001	 飾品 - 綠裝	100	1161	1161	0	0	43	43	43	43	43	0	43	0	0	1720	1720	1720	1720	860	860	860	860	
	10033044	5002	44	10033001	 飾品 - 綠裝	100	1188	1188	0	0	44	44	44	44	44	0	44	0	0	1760	1760	1760	1760	880	880	880	880	
	10033045	5002	45	10033001	 飾品 - 綠裝	100	1215	1215	0	0	45	45	45	45	45	0	45	0	0	1800	1800	1800	1800	900	900	900	900	
	10033046	5002	46	10033001	 飾品 - 綠裝	100	1242	1242	0	0	46	46	46	46	46	0	46	0	0	1840	1840	1840	1840	920	920	920	920	
	10033047	5002	47	10033001	 飾品 - 綠裝	100	1269	1269	0	0	47	47	47	47	47	0	47	0	0	1880	1880	1880	1880	940	940	940	940	
	10033048	5002	48	10033001	 飾品 - 綠裝	100	1296	1296	0	0	48	48	48	48	48	0	48	0	0	1920	1920	1920	1920	960	960	960	960	
	10033049	5002	49	10033001	 飾品 - 綠裝	100	1323	1323	0	0	49	49	49	49	49	0	49	0	0	1960	1960	1960	1960	980	980	980	980	
	10033050	5002	50	10033001	 飾品 - 綠裝	100	1350	1350	0	0	50	50	50	50	50	0	50	0	0	2000	2000	2000	2000	1000	1000	1000	1000	
	10033051	5002	51	10033001	 飾品 - 綠裝	100	1377	1377	0	0	51	51	51	51	51	0	51	0	0	2040	2040	2040	2040	1020	1020	1020	1020	
	10033052	5002	52	10033001	 飾品 - 綠裝	100	1404	1404	0	0	52	52	52	52	52	0	52	0	0	2080	2080	2080	2080	1040	1040	1040	1040	
	10033053	5002	53	10033001	 飾品 - 綠裝	100	1431	1431	0	0	53	53	53	53	53	0	53	0	0	2120	2120	2120	2120	1060	1060	1060	1060	
	10033054	5002	54	10033001	 飾品 - 綠裝	100	1458	1458	0	0	54	54	54	54	54	0	54	0	0	2160	2160	2160	2160	1080	1080	1080	1080	
	10033055	5002	55	10033001	 飾品 - 綠裝	100	1485	1485	0	0	55	55	55	55	55	0	55	0	0	2200	2200	2200	2200	1100	1100	1100	1100	
	10033056	5002	56	10033001	 飾品 - 綠裝	100	1512	1512	0	0	56	56	56	56	56	0	56	0	0	2240	2240	2240	2240	1120	1120	1120	1120	
	10033057	5002	57	10033001	 飾品 - 綠裝	100	1539	1539	0	0	57	57	57	57	57	0	57	0	0	2280	2280	2280	2280	1140	1140	1140	1140	
	10033058	5002	58	10033001	 飾品 - 綠裝	100	1566	1566	0	0	58	58	58	58	58	0	58	0	0	2320	2320	2320	2320	1160	1160	1160	1160	
	10033059	5002	59	10033001	 飾品 - 綠裝	100	1593	1593	0	0	59	59	59	59	59	0	59	0	0	2360	2360	2360	2360	1180	1180	1180	1180	
	10033060	5002	60	10033001	 飾品 - 綠裝	100	1620	1620	0	0	60	60	60	60	60	0	60	0	0	2400	2400	2400	2400	1200	1200	1200	1200	
	10033061	5002	61	10033001	 飾品 - 綠裝	100	1647	1647	0	0	61	61	61	61	61	0	61	0	0	2440	2440	2440	2440	1220	1220	1220	1220	
	10033062	5002	62	10033001	 飾品 - 綠裝	100	1674	1674	0	0	62	62	62	62	62	0	62	0	0	2480	2480	2480	2480	1240	1240	1240	1240	
	10033063	5002	63	10033001	 飾品 - 綠裝	100	1701	1701	0	0	63	63	63	63	63	0	63	0	0	2520	2520	2520	2520	1260	1260	1260	1260	
	10033064	5002	64	10033001	 飾品 - 綠裝	100	1728	1728	0	0	64	64	64	64	64	0	64	0	0	2560	2560	2560	2560	1280	1280	1280	1280	
	10033065	5002	65	10033001	 飾品 - 綠裝	100	1755	1755	0	0	65	65	65	65	65	0	65	0	0	2600	2600	2600	2600	1300	1300	1300	1300	
	10033066	5002	66	10033001	 飾品 - 綠裝	100	1782	1782	0	0	66	66	66	66	66	0	66	0	0	2640	2640	2640	2640	1320	1320	1320	1320	
	10033067	5002	67	10033001	 飾品 - 綠裝	100	1809	1809	0	0	67	67	67	67	67	0	67	0	0	2680	2680	2680	2680	1340	1340	1340	1340	
	10033068	5002	68	10033001	 飾品 - 綠裝	100	1836	1836	0	0	68	68	68	68	68	0	68	0	0	2720	2720	2720	2720	1360	1360	1360	1360	
	10033069	5002	69	10033001	 飾品 - 綠裝	100	1863	1863	0	0	69	69	69	69	69	0	69	0	0	2760	2760	2760	2760	1380	1380	1380	1380	
	10033070	5002	70	10033001	 飾品 - 綠裝	100	1890	1890	0	0	70	70	70	70	70	0	70	0	0	2800	2800	2800	2800	1400	1400	1400	1400	
	10033071	5002	71	10033001	 飾品 - 綠裝	100	1917	1917	0	0	71	71	71	71	71	0	71	0	0	2840	2840	2840	2840	1420	1420	1420	1420	
	10033072	5002	72	10033001	 飾品 - 綠裝	100	1944	1944	0	0	72	72	72	72	72	0	72	0	0	2880	2880	2880	2880	1440	1440	1440	1440	
	10033073	5002	73	10033001	 飾品 - 綠裝	100	1971	1971	0	0	73	73	73	73	73	0	73	0	0	2920	2920	2920	2920	1460	1460	1460	1460	
	10033074	5002	74	10033001	 飾品 - 綠裝	100	1998	1998	0	0	74	74	74	74	74	0	74	0	0	2960	2960	2960	2960	1480	1480	1480	1480	
	10033075	5002	75	10033001	 飾品 - 綠裝	100	2025	2025	0	0	75	75	75	75	75	0	75	0	0	3000	3000	3000	3000	1500	1500	1500	1500	
	10033076	5002	76	10033001	 飾品 - 綠裝	100	2052	2052	0	0	76	76	76	76	76	0	76	0	0	3040	3040	3040	3040	1520	1520	1520	1520	
	10033077	5002	77	10033001	 飾品 - 綠裝	100	2079	2079	0	0	77	77	77	77	77	0	77	0	0	3080	3080	3080	3080	1540	1540	1540	1540	
	10033078	5002	78	10033001	 飾品 - 綠裝	100	2106	2106	0	0	78	78	78	78	78	0	78	0	0	3120	3120	3120	3120	1560	1560	1560	1560	
	10033079	5002	79	10033001	 飾品 - 綠裝	100	2133	2133	0	0	79	79	79	79	79	0	79	0	0	3160	3160	3160	3160	1580	1580	1580	1580	
	10033080	5002	80	10033001	 飾品 - 綠裝	100	2160	2160	0	0	80	80	80	80	80	0	80	0	0	3200	3200	3200	3200	1600	1600	1600	1600	
	10033081	5002	81	10033001	 飾品 - 綠裝	100	2187	2187	0	0	81	81	81	81	81	0	81	0	0	3240	3240	3240	3240	1620	1620	1620	1620	
	10033082	5002	82	10033001	 飾品 - 綠裝	100	2214	2214	0	0	82	82	82	82	82	0	82	0	0	3280	3280	3280	3280	1640	1640	1640	1640	
	10033083	5002	83	10033001	 飾品 - 綠裝	100	2241	2241	0	0	83	83	83	83	83	0	83	0	0	3320	3320	3320	3320	1660	1660	1660	1660	
	10033084	5002	84	10033001	 飾品 - 綠裝	100	2268	2268	0	0	84	84	84	84	84	0	84	0	0	3360	3360	3360	3360	1680	1680	1680	1680	
	10033085	5002	85	10033001	 飾品 - 綠裝	100	2295	2295	0	0	85	85	85	85	85	0	85	0	0	3400	3400	3400	3400	1700	1700	1700	1700	
	10033086	5002	86	10033001	 飾品 - 綠裝	100	2322	2322	0	0	86	86	86	86	86	0	86	0	0	3440	3440	3440	3440	1720	1720	1720	1720	
	10033087	5002	87	10033001	 飾品 - 綠裝	100	2349	2349	0	0	87	87	87	87	87	0	87	0	0	3480	3480	3480	3480	1740	1740	1740	1740	
	10033088	5002	88	10033001	 飾品 - 綠裝	100	2376	2376	0	0	88	88	88	88	88	0	88	0	0	3520	3520	3520	3520	1760	1760	1760	1760	
	10033089	5002	89	10033001	 飾品 - 綠裝	100	2403	2403	0	0	89	89	89	89	89	0	89	0	0	3560	3560	3560	3560	1780	1780	1780	1780	
	10033090	5002	90	10033001	 飾品 - 綠裝	100	2430	2430	0	0	90	90	90	90	90	0	90	0	0	3600	3600	3600	3600	1800	1800	1800	1800	
	10033091	5002	91	10033001	 飾品 - 綠裝	100	2457	2457	0	0	91	91	91	91	91	0	91	0	0	3640	3640	3640	3640	1820	1820	1820	1820	
	10033092	5002	92	10033001	 飾品 - 綠裝	100	2484	2484	0	0	92	92	92	92	92	0	92	0	0	3680	3680	3680	3680	1840	1840	1840	1840	
	10033093	5002	93	10033001	 飾品 - 綠裝	100	2511	2511	0	0	93	93	93	93	93	0	93	0	0	3720	3720	3720	3720	1860	1860	1860	1860	
	10033094	5002	94	10033001	 飾品 - 綠裝	100	2538	2538	0	0	94	94	94	94	94	0	94	0	0	3760	3760	3760	3760	1880	1880	1880	1880	
	10033095	5002	95	10033001	 飾品 - 綠裝	100	2565	2565	0	0	95	95	95	95	95	0	95	0	0	3800	3800	3800	3800	1900	1900	1900	1900	
	10033096	5002	96	10033001	 飾品 - 綠裝	100	2592	2592	0	0	96	96	96	96	96	0	96	0	0	3840	3840	3840	3840	1920	1920	1920	1920	
	10033097	5002	97	10033001	 飾品 - 綠裝	100	2619	2619	0	0	97	97	97	97	97	0	97	0	0	3880	3880	3880	3880	1940	1940	1940	1940	
	10033098	5002	98	10033001	 飾品 - 綠裝	100	2646	2646	0	0	98	98	98	98	98	0	98	0	0	3920	3920	3920	3920	1960	1960	1960	1960	
	10033099	5002	99	10033001	 飾品 - 綠裝	100	2673	2673	0	0	99	99	99	99	99	0	99	0	0	3960	3960	3960	3960	1980	1980	1980	1980	
	10033100	5002	100	10033001	 飾品 - 綠裝	100	2700	2700	0	0	100	100	100	100	100	0	100	0	0	4000	4000	4000	4000	2000	2000	2000	2000	
	10033101	5002	101	10033001	 飾品 - 綠裝	100	2727	2727	0	0	101	101	101	101	101	0	101	0	0	4040	4040	4040	4040	2020	2020	2020	2020	
	10033102	5002	102	10033001	 飾品 - 綠裝	100	2754	2754	0	0	102	102	102	102	102	0	102	0	0	4080	4080	4080	4080	2040	2040	2040	2040	
	10033103	5002	103	10033001	 飾品 - 綠裝	100	2781	2781	0	0	103	103	103	103	103	0	103	0	0	4120	4120	4120	4120	2060	2060	2060	2060	
	10033104	5002	104	10033001	 飾品 - 綠裝	100	2808	2808	0	0	104	104	104	104	104	0	104	0	0	4160	4160	4160	4160	2080	2080	2080	2080	
	10033105	5002	105	10033001	 飾品 - 綠裝	100	2835	2835	0	0	105	105	105	105	105	0	105	0	0	4200	4200	4200	4200	2100	2100	2100	2100	
	10033106	5002	106	10033001	 飾品 - 綠裝	100	2862	2862	0	0	106	106	106	106	106	0	106	0	0	4240	4240	4240	4240	2120	2120	2120	2120	
	10033107	5002	107	10033001	 飾品 - 綠裝	100	2889	2889	0	0	107	107	107	107	107	0	107	0	0	4280	4280	4280	4280	2140	2140	2140	2140	
	10033108	5002	108	10033001	 飾品 - 綠裝	100	2916	2916	0	0	108	108	108	108	108	0	108	0	0	4320	4320	4320	4320	2160	2160	2160	2160	
# 飾品 - 藍裝																												
	10034001	5002	1	10034001	 飾品 - 藍裝	100	30	30	0	0	2	2	2	2	2	0	2	0	0	80	80	80	80	40	40	40	40	
	10034002	5002	2	10034001	 飾品 - 藍裝	100	60	60	0	0	4	4	4	4	4	0	4	0	0	160	160	160	160	80	80	80	80	
	10034003	5002	3	10034001	 飾品 - 藍裝	100	90	90	0	0	6	6	6	6	6	0	6	0	0	240	240	240	240	120	120	120	120	
	10034004	5002	4	10034001	 飾品 - 藍裝	100	120	120	0	0	8	8	8	8	8	0	8	0	0	320	320	320	320	160	160	160	160	
	10034005	5002	5	10034001	 飾品 - 藍裝	100	150	150	0	0	10	10	10	10	10	0	10	0	0	400	400	400	400	200	200	200	200	
	10034006	5002	6	10034001	 飾品 - 藍裝	100	180	180	0	0	12	12	12	12	12	0	12	0	0	480	480	480	480	240	240	240	240	
	10034007	5002	7	10034001	 飾品 - 藍裝	100	210	210	0	0	14	14	14	14	14	0	14	0	0	560	560	560	560	280	280	280	280	
	10034008	5002	8	10034001	 飾品 - 藍裝	100	240	240	0	0	16	16	16	16	16	0	16	0	0	640	640	640	640	320	320	320	320	
	10034009	5002	9	10034001	 飾品 - 藍裝	100	270	270	0	0	18	18	18	18	18	0	18	0	0	720	720	720	720	360	360	360	360	
	10034010	5002	10	10034001	 飾品 - 藍裝	100	300	300	0	0	20	20	20	20	20	0	20	0	0	800	800	800	800	400	400	400	400	
	10034011	5002	11	10034001	 飾品 - 藍裝	100	330	330	0	0	22	22	22	22	22	0	22	0	0	880	880	880	880	440	440	440	440	
	10034012	5002	12	10034001	 飾品 - 藍裝	100	360	360	0	0	24	24	24	24	24	0	24	0	0	960	960	960	960	480	480	480	480	
	10034013	5002	13	10034001	 飾品 - 藍裝	100	390	390	0	0	26	26	26	26	26	0	26	0	0	1040	1040	1040	1040	520	520	520	520	
	10034014	5002	14	10034001	 飾品 - 藍裝	100	420	420	0	0	28	28	28	28	28	0	28	0	0	1120	1120	1120	1120	560	560	560	560	
	10034015	5002	15	10034001	 飾品 - 藍裝	100	450	450	0	0	30	30	30	30	30	0	30	0	0	1200	1200	1200	1200	600	600	600	600	
	10034016	5002	16	10034001	 飾品 - 藍裝	100	480	480	0	0	32	32	32	32	32	0	32	0	0	1280	1280	1280	1280	640	640	640	640	
	10034017	5002	17	10034001	 飾品 - 藍裝	100	510	510	0	0	34	34	34	34	34	0	34	0	0	1360	1360	1360	1360	680	680	680	680	
	10034018	5002	18	10034001	 飾品 - 藍裝	100	540	540	0	0	36	36	36	36	36	0	36	0	0	1440	1440	1440	1440	720	720	720	720	
	10034019	5002	19	10034001	 飾品 - 藍裝	100	570	570	0	0	38	38	38	38	38	0	38	0	0	1520	1520	1520	1520	760	760	760	760	
	10034020	5002	20	10034001	 飾品 - 藍裝	100	600	600	0	0	40	40	40	40	40	0	40	0	0	1600	1600	1600	1600	800	800	800	800	
	10034021	5002	21	10034001	 飾品 - 藍裝	100	630	630	0	0	42	42	42	42	42	0	42	0	0	1680	1680	1680	1680	840	840	840	840	
	10034022	5002	22	10034001	 飾品 - 藍裝	100	660	660	0	0	44	44	44	44	44	0	44	0	0	1760	1760	1760	1760	880	880	880	880	
	10034023	5002	23	10034001	 飾品 - 藍裝	100	690	690	0	0	46	46	46	46	46	0	46	0	0	1840	1840	1840	1840	920	920	920	920	
	10034024	5002	24	10034001	 飾品 - 藍裝	100	720	720	0	0	48	48	48	48	48	0	48	0	0	1920	1920	1920	1920	960	960	960	960	
	10034025	5002	25	10034001	 飾品 - 藍裝	100	750	750	0	0	50	50	50	50	50	0	50	0	0	2000	2000	2000	2000	1000	1000	1000	1000	
	10034026	5002	26	10034001	 飾品 - 藍裝	100	780	780	0	0	52	52	52	52	52	0	52	0	0	2080	2080	2080	2080	1040	1040	1040	1040	
	10034027	5002	27	10034001	 飾品 - 藍裝	100	810	810	0	0	54	54	54	54	54	0	54	0	0	2160	2160	2160	2160	1080	1080	1080	1080	
	10034028	5002	28	10034001	 飾品 - 藍裝	100	840	840	0	0	56	56	56	56	56	0	56	0	0	2240	2240	2240	2240	1120	1120	1120	1120	
	10034029	5002	29	10034001	 飾品 - 藍裝	100	870	870	0	0	58	58	58	58	58	0	58	0	0	2320	2320	2320	2320	1160	1160	1160	1160	
	10034030	5002	30	10034001	 飾品 - 藍裝	100	900	900	0	0	60	60	60	60	60	0	60	0	0	2400	2400	2400	2400	1200	1200	1200	1200	
	10034031	5002	31	10034001	 飾品 - 藍裝	100	930	930	0	0	62	62	62	62	62	0	62	0	0	2480	2480	2480	2480	1240	1240	1240	1240	
	10034032	5002	32	10034001	 飾品 - 藍裝	100	960	960	0	0	64	64	64	64	64	0	64	0	0	2560	2560	2560	2560	1280	1280	1280	1280	
	10034033	5002	33	10034001	 飾品 - 藍裝	100	990	990	0	0	66	66	66	66	66	0	66	0	0	2640	2640	2640	2640	1320	1320	1320	1320	
	10034034	5002	34	10034001	 飾品 - 藍裝	100	1020	1020	0	0	68	68	68	68	68	0	68	0	0	2720	2720	2720	2720	1360	1360	1360	1360	
	10034035	5002	35	10034001	 飾品 - 藍裝	100	1050	1050	0	0	70	70	70	70	70	0	70	0	0	2800	2800	2800	2800	1400	1400	1400	1400	
	10034036	5002	36	10034001	 飾品 - 藍裝	100	1080	1080	0	0	72	72	72	72	72	0	72	0	0	2880	2880	2880	2880	1440	1440	1440	1440	
	10034037	5002	37	10034001	 飾品 - 藍裝	100	1110	1110	0	0	74	74	74	74	74	0	74	0	0	2960	2960	2960	2960	1480	1480	1480	1480	
	10034038	5002	38	10034001	 飾品 - 藍裝	100	1140	1140	0	0	76	76	76	76	76	0	76	0	0	3040	3040	3040	3040	1520	1520	1520	1520	
	10034039	5002	39	10034001	 飾品 - 藍裝	100	1170	1170	0	0	78	78	78	78	78	0	78	0	0	3120	3120	3120	3120	1560	1560	1560	1560	
	10034040	5002	40	10034001	 飾品 - 藍裝	100	1200	1200	0	0	80	80	80	80	80	0	80	0	0	3200	3200	3200	3200	1600	1600	1600	1600	
	10034041	5002	41	10034001	 飾品 - 藍裝	100	1230	1230	0	0	82	82	82	82	82	0	82	0	0	3280	3280	3280	3280	1640	1640	1640	1640	
	10034042	5002	42	10034001	 飾品 - 藍裝	100	1260	1260	0	0	84	84	84	84	84	0	84	0	0	3360	3360	3360	3360	1680	1680	1680	1680	
	10034043	5002	43	10034001	 飾品 - 藍裝	100	1290	1290	0	0	86	86	86	86	86	0	86	0	0	3440	3440	3440	3440	1720	1720	1720	1720	
	10034044	5002	44	10034001	 飾品 - 藍裝	100	1320	1320	0	0	88	88	88	88	88	0	88	0	0	3520	3520	3520	3520	1760	1760	1760	1760	
	10034045	5002	45	10034001	 飾品 - 藍裝	100	1350	1350	0	0	90	90	90	90	90	0	90	0	0	3600	3600	3600	3600	1800	1800	1800	1800	
	10034046	5002	46	10034001	 飾品 - 藍裝	100	1380	1380	0	0	92	92	92	92	92	0	92	0	0	3680	3680	3680	3680	1840	1840	1840	1840	
	10034047	5002	47	10034001	 飾品 - 藍裝	100	1410	1410	0	0	94	94	94	94	94	0	94	0	0	3760	3760	3760	3760	1880	1880	1880	1880	
	10034048	5002	48	10034001	 飾品 - 藍裝	100	1440	1440	0	0	96	96	96	96	96	0	96	0	0	3840	3840	3840	3840	1920	1920	1920	1920	
	10034049	5002	49	10034001	 飾品 - 藍裝	100	1470	1470	0	0	98	98	98	98	98	0	98	0	0	3920	3920	3920	3920	1960	1960	1960	1960	
	10034050	5002	50	10034001	 飾品 - 藍裝	100	1500	1500	0	0	100	100	100	100	100	0	100	0	0	4000	4000	4000	4000	2000	2000	2000	2000	
	10034051	5002	51	10034001	 飾品 - 藍裝	100	1530	1530	0	0	102	102	102	102	102	0	102	0	0	4080	4080	4080	4080	2040	2040	2040	2040	
	10034052	5002	52	10034001	 飾品 - 藍裝	100	1560	1560	0	0	104	104	104	104	104	0	104	0	0	4160	4160	4160	4160	2080	2080	2080	2080	
	10034053	5002	53	10034001	 飾品 - 藍裝	100	1590	1590	0	0	106	106	106	106	106	0	106	0	0	4240	4240	4240	4240	2120	2120	2120	2120	
	10034054	5002	54	10034001	 飾品 - 藍裝	100	1620	1620	0	0	108	108	108	108	108	0	108	0	0	4320	4320	4320	4320	2160	2160	2160	2160	
	10034055	5002	55	10034001	 飾品 - 藍裝	100	1650	1650	0	0	110	110	110	110	110	0	110	0	0	4400	4400	4400	4400	2200	2200	2200	2200	
	10034056	5002	56	10034001	 飾品 - 藍裝	100	1680	1680	0	0	112	112	112	112	112	0	112	0	0	4480	4480	4480	4480	2240	2240	2240	2240	
	10034057	5002	57	10034001	 飾品 - 藍裝	100	1710	1710	0	0	114	114	114	114	114	0	114	0	0	4560	4560	4560	4560	2280	2280	2280	2280	
	10034058	5002	58	10034001	 飾品 - 藍裝	100	1740	1740	0	0	116	116	116	116	116	0	116	0	0	4640	4640	4640	4640	2320	2320	2320	2320	
	10034059	5002	59	10034001	 飾品 - 藍裝	100	1770	1770	0	0	118	118	118	118	118	0	118	0	0	4720	4720	4720	4720	2360	2360	2360	2360	
	10034060	5002	60	10034001	 飾品 - 藍裝	100	1800	1800	0	0	120	120	120	120	120	0	120	0	0	4800	4800	4800	4800	2400	2400	2400	2400	
	10034061	5002	61	10034001	 飾品 - 藍裝	100	1830	1830	0	0	122	122	122	122	122	0	122	0	0	4880	4880	4880	4880	2440	2440	2440	2440	
	10034062	5002	62	10034001	 飾品 - 藍裝	100	1860	1860	0	0	124	124	124	124	124	0	124	0	0	4960	4960	4960	4960	2480	2480	2480	2480	
	10034063	5002	63	10034001	 飾品 - 藍裝	100	1890	1890	0	0	126	126	126	126	126	0	126	0	0	5040	5040	5040	5040	2520	2520	2520	2520	
	10034064	5002	64	10034001	 飾品 - 藍裝	100	1920	1920	0	0	128	128	128	128	128	0	128	0	0	5120	5120	5120	5120	2560	2560	2560	2560	
	10034065	5002	65	10034001	 飾品 - 藍裝	100	1950	1950	0	0	130	130	130	130	130	0	130	0	0	5200	5200	5200	5200	2600	2600	2600	2600	
	10034066	5002	66	10034001	 飾品 - 藍裝	100	1980	1980	0	0	132	132	132	132	132	0	132	0	0	5280	5280	5280	5280	2640	2640	2640	2640	
	10034067	5002	67	10034001	 飾品 - 藍裝	100	2010	2010	0	0	134	134	134	134	134	0	134	0	0	5360	5360	5360	5360	2680	2680	2680	2680	
	10034068	5002	68	10034001	 飾品 - 藍裝	100	2040	2040	0	0	136	136	136	136	136	0	136	0	0	5440	5440	5440	5440	2720	2720	2720	2720	
	10034069	5002	69	10034001	 飾品 - 藍裝	100	2070	2070	0	0	138	138	138	138	138	0	138	0	0	5520	5520	5520	5520	2760	2760	2760	2760	
	10034070	5002	70	10034001	 飾品 - 藍裝	100	2100	2100	0	0	140	140	140	140	140	0	140	0	0	5600	5600	5600	5600	2800	2800	2800	2800	
	10034071	5002	71	10034001	 飾品 - 藍裝	100	2130	2130	0	0	142	142	142	142	142	0	142	0	0	5680	5680	5680	5680	2840	2840	2840	2840	
	10034072	5002	72	10034001	 飾品 - 藍裝	100	2160	2160	0	0	144	144	144	144	144	0	144	0	0	5760	5760	5760	5760	2880	2880	2880	2880	
	10034073	5002	73	10034001	 飾品 - 藍裝	100	2190	2190	0	0	146	146	146	146	146	0	146	0	0	5840	5840	5840	5840	2920	2920	2920	2920	
	10034074	5002	74	10034001	 飾品 - 藍裝	100	2220	2220	0	0	148	148	148	148	148	0	148	0	0	5920	5920	5920	5920	2960	2960	2960	2960	
	10034075	5002	75	10034001	 飾品 - 藍裝	100	2250	2250	0	0	150	150	150	150	150	0	150	0	0	6000	6000	6000	6000	3000	3000	3000	3000	
	10034076	5002	76	10034001	 飾品 - 藍裝	100	2280	2280	0	0	152	152	152	152	152	0	152	0	0	6080	6080	6080	6080	3040	3040	3040	3040	
	10034077	5002	77	10034001	 飾品 - 藍裝	100	2310	2310	0	0	154	154	154	154	154	0	154	0	0	6160	6160	6160	6160	3080	3080	3080	3080	
	10034078	5002	78	10034001	 飾品 - 藍裝	100	2340	2340	0	0	156	156	156	156	156	0	156	0	0	6240	6240	6240	6240	3120	3120	3120	3120	
	10034079	5002	79	10034001	 飾品 - 藍裝	100	2370	2370	0	0	158	158	158	158	158	0	158	0	0	6320	6320	6320	6320	3160	3160	3160	3160	
	10034080	5002	80	10034001	 飾品 - 藍裝	100	2400	2400	0	0	160	160	160	160	160	0	160	0	0	6400	6400	6400	6400	3200	3200	3200	3200	
	10034081	5002	81	10034001	 飾品 - 藍裝	100	2430	2430	0	0	162	162	162	162	162	0	162	0	0	6480	6480	6480	6480	3240	3240	3240	3240	
	10034082	5002	82	10034001	 飾品 - 藍裝	100	2460	2460	0	0	164	164	164	164	164	0	164	0	0	6560	6560	6560	6560	3280	3280	3280	3280	
	10034083	5002	83	10034001	 飾品 - 藍裝	100	2490	2490	0	0	166	166	166	166	166	0	166	0	0	6640	6640	6640	6640	3320	3320	3320	3320	
	10034084	5002	84	10034001	 飾品 - 藍裝	100	2520	2520	0	0	168	168	168	168	168	0	168	0	0	6720	6720	6720	6720	3360	3360	3360	3360	
	10034085	5002	85	10034001	 飾品 - 藍裝	100	2550	2550	0	0	170	170	170	170	170	0	170	0	0	6800	6800	6800	6800	3400	3400	3400	3400	
	10034086	5002	86	10034001	 飾品 - 藍裝	100	2580	2580	0	0	172	172	172	172	172	0	172	0	0	6880	6880	6880	6880	3440	3440	3440	3440	
	10034087	5002	87	10034001	 飾品 - 藍裝	100	2610	2610	0	0	174	174	174	174	174	0	174	0	0	6960	6960	6960	6960	3480	3480	3480	3480	
	10034088	5002	88	10034001	 飾品 - 藍裝	100	2640	2640	0	0	176	176	176	176	176	0	176	0	0	7040	7040	7040	7040	3520	3520	3520	3520	
	10034089	5002	89	10034001	 飾品 - 藍裝	100	2670	2670	0	0	178	178	178	178	178	0	178	0	0	7120	7120	7120	7120	3560	3560	3560	3560	
	10034090	5002	90	10034001	 飾品 - 藍裝	100	2700	2700	0	0	180	180	180	180	180	0	180	0	0	7200	7200	7200	7200	3600	3600	3600	3600	
	10034091	5002	91	10034001	 飾品 - 藍裝	100	2730	2730	0	0	182	182	182	182	182	0	182	0	0	7280	7280	7280	7280	3640	3640	3640	3640	
	10034092	5002	92	10034001	 飾品 - 藍裝	100	2760	2760	0	0	184	184	184	184	184	0	184	0	0	7360	7360	7360	7360	3680	3680	3680	3680	
	10034093	5002	93	10034001	 飾品 - 藍裝	100	2790	2790	0	0	186	186	186	186	186	0	186	0	0	7440	7440	7440	7440	3720	3720	3720	3720	
	10034094	5002	94	10034001	 飾品 - 藍裝	100	2820	2820	0	0	188	188	188	188	188	0	188	0	0	7520	7520	7520	7520	3760	3760	3760	3760	
	10034095	5002	95	10034001	 飾品 - 藍裝	100	2850	2850	0	0	190	190	190	190	190	0	190	0	0	7600	7600	7600	7600	3800	3800	3800	3800	
	10034096	5002	96	10034001	 飾品 - 藍裝	100	2880	2880	0	0	192	192	192	192	192	0	192	0	0	7680	7680	7680	7680	3840	3840	3840	3840	
	10034097	5002	97	10034001	 飾品 - 藍裝	100	2910	2910	0	0	194	194	194	194	194	0	194	0	0	7760	7760	7760	7760	3880	3880	3880	3880	
	10034098	5002	98	10034001	 飾品 - 藍裝	100	2940	2940	0	0	196	196	196	196	196	0	196	0	0	7840	7840	7840	7840	3920	3920	3920	3920	
	10034099	5002	99	10034001	 飾品 - 藍裝	100	2970	2970	0	0	198	198	198	198	198	0	198	0	0	7920	7920	7920	7920	3960	3960	3960	3960	
	10034100	5002	100	10034001	 飾品 - 藍裝	100	3000	3000	0	0	200	200	200	200	200	0	200	0	0	8000	8000	8000	8000	4000	4000	4000	4000	
	10034101	5002	101	10034001	 飾品 - 藍裝	100	3030	3030	0	0	202	202	202	202	202	0	202	0	0	8080	8080	8080	8080	4040	4040	4040	4040	
	10034102	5002	102	10034001	 飾品 - 藍裝	100	3060	3060	0	0	204	204	204	204	204	0	204	0	0	8160	8160	8160	8160	4080	4080	4080	4080	
	10034103	5002	103	10034001	 飾品 - 藍裝	100	3090	3090	0	0	206	206	206	206	206	0	206	0	0	8240	8240	8240	8240	4120	4120	4120	4120	
	10034104	5002	104	10034001	 飾品 - 藍裝	100	3120	3120	0	0	208	208	208	208	208	0	208	0	0	8320	8320	8320	8320	4160	4160	4160	4160	
	10034105	5002	105	10034001	 飾品 - 藍裝	100	3150	3150	0	0	210	210	210	210	210	0	210	0	0	8400	8400	8400	8400	4200	4200	4200	4200	
	10034106	5002	106	10034001	 飾品 - 藍裝	100	3180	3180	0	0	212	212	212	212	212	0	212	0	0	8480	8480	8480	8480	4240	4240	4240	4240	
	10034107	5002	107	10034001	 飾品 - 藍裝	100	3210	3210	0	0	214	214	214	214	214	0	214	0	0	8560	8560	8560	8560	4280	4280	4280	4280	
	10034108	5002	108	10034001	 飾品 - 藍裝	100	3240	3240	0	0	216	216	216	216	216	0	216	0	0	8640	8640	8640	8640	4320	4320	4320	4320	
# 飾品 - 紫裝																												
	10035001	5002	1	10035001	 飾品 - 紫裝	100	34	34	0	0	2	2	2	2	2	0	2	0	0	80	80	80	80	40	40	40	40	
	10035002	5002	2	10035001	 飾品 - 紫裝	100	68	68	0	0	4	4	4	4	4	0	4	0	0	160	160	160	160	80	80	80	80	
	10035003	5002	3	10035001	 飾品 - 紫裝	100	102	102	0	0	6	6	6	6	6	0	6	0	0	240	240	240	240	120	120	120	120	
	10035004	5002	4	10035001	 飾品 - 紫裝	100	136	136	0	0	8	8	8	8	8	0	8	0	0	320	320	320	320	160	160	160	160	
	10035005	5002	5	10035001	 飾品 - 紫裝	100	170	170	0	0	10	10	10	10	10	0	10	0	0	400	400	400	400	200	200	200	200	
	10035006	5002	6	10035001	 飾品 - 紫裝	100	204	204	0	0	12	12	12	12	12	0	12	0	0	480	480	480	480	240	240	240	240	
	10035007	5002	7	10035001	 飾品 - 紫裝	100	238	238	0	0	14	14	14	14	14	0	14	0	0	560	560	560	560	280	280	280	280	
	10035008	5002	8	10035001	 飾品 - 紫裝	100	272	272	0	0	16	16	16	16	16	0	16	0	0	640	640	640	640	320	320	320	320	
	10035009	5002	9	10035001	 飾品 - 紫裝	100	306	306	0	0	18	18	18	18	18	0	18	0	0	720	720	720	720	360	360	360	360	
	10035010	5002	10	10035001	 飾品 - 紫裝	100	340	340	0	0	20	20	20	20	20	0	20	0	0	800	800	800	800	400	400	400	400	
	10035011	5002	11	10035001	 飾品 - 紫裝	100	374	374	0	0	22	22	22	22	22	0	22	0	0	880	880	880	880	440	440	440	440	
	10035012	5002	12	10035001	 飾品 - 紫裝	100	408	408	0	0	24	24	24	24	24	0	24	0	0	960	960	960	960	480	480	480	480	
	10035013	5002	13	10035001	 飾品 - 紫裝	100	442	442	0	0	26	26	26	26	26	0	26	0	0	1040	1040	1040	1040	520	520	520	520	
	10035014	5002	14	10035001	 飾品 - 紫裝	100	476	476	0	0	28	28	28	28	28	0	28	0	0	1120	1120	1120	1120	560	560	560	560	
	10035015	5002	15	10035001	 飾品 - 紫裝	100	510	510	0	0	30	30	30	30	30	0	30	0	0	1200	1200	1200	1200	600	600	600	600	
	10035016	5002	16	10035001	 飾品 - 紫裝	100	544	544	0	0	32	32	32	32	32	0	32	0	0	1280	1280	1280	1280	640	640	640	640	
	10035017	5002	17	10035001	 飾品 - 紫裝	100	578	578	0	0	34	34	34	34	34	0	34	0	0	1360	1360	1360	1360	680	680	680	680	
	10035018	5002	18	10035001	 飾品 - 紫裝	100	612	612	0	0	36	36	36	36	36	0	36	0	0	1440	1440	1440	1440	720	720	720	720	
	10035019	5002	19	10035001	 飾品 - 紫裝	100	646	646	0	0	38	38	38	38	38	0	38	0	0	1520	1520	1520	1520	760	760	760	760	
	10035020	5002	20	10035001	 飾品 - 紫裝	100	680	680	0	0	40	40	40	40	40	0	40	0	0	1600	1600	1600	1600	800	800	800	800	
	10035021	5002	21	10035001	 飾品 - 紫裝	100	714	714	0	0	42	42	42	42	42	0	42	0	0	1680	1680	1680	1680	840	840	840	840	
	10035022	5002	22	10035001	 飾品 - 紫裝	100	748	748	0	0	44	44	44	44	44	0	44	0	0	1760	1760	1760	1760	880	880	880	880	
	10035023	5002	23	10035001	 飾品 - 紫裝	100	782	782	0	0	46	46	46	46	46	0	46	0	0	1840	1840	1840	1840	920	920	920	920	
	10035024	5002	24	10035001	 飾品 - 紫裝	100	816	816	0	0	48	48	48	48	48	0	48	0	0	1920	1920	1920	1920	960	960	960	960	
	10035025	5002	25	10035001	 飾品 - 紫裝	100	850	850	0	0	50	50	50	50	50	0	50	0	0	2000	2000	2000	2000	1000	1000	1000	1000	
	10035026	5002	26	10035001	 飾品 - 紫裝	100	884	884	0	0	52	52	52	52	52	0	52	0	0	2080	2080	2080	2080	1040	1040	1040	1040	
	10035027	5002	27	10035001	 飾品 - 紫裝	100	918	918	0	0	54	54	54	54	54	0	54	0	0	2160	2160	2160	2160	1080	1080	1080	1080	
	10035028	5002	28	10035001	 飾品 - 紫裝	100	952	952	0	0	56	56	56	56	56	0	56	0	0	2240	2240	2240	2240	1120	1120	1120	1120	
	10035029	5002	29	10035001	 飾品 - 紫裝	100	986	986	0	0	58	58	58	58	58	0	58	0	0	2320	2320	2320	2320	1160	1160	1160	1160	
	10035030	5002	30	10035001	 飾品 - 紫裝	100	1020	1020	0	0	60	60	60	60	60	0	60	0	0	2400	2400	2400	2400	1200	1200	1200	1200	
	10035031	5002	31	10035001	 飾品 - 紫裝	100	1054	1054	0	0	62	62	62	62	62	0	62	0	0	2480	2480	2480	2480	1240	1240	1240	1240	
	10035032	5002	32	10035001	 飾品 - 紫裝	100	1088	1088	0	0	64	64	64	64	64	0	64	0	0	2560	2560	2560	2560	1280	1280	1280	1280	
	10035033	5002	33	10035001	 飾品 - 紫裝	100	1122	1122	0	0	66	66	66	66	66	0	66	0	0	2640	2640	2640	2640	1320	1320	1320	1320	
	10035034	5002	34	10035001	 飾品 - 紫裝	100	1156	1156	0	0	68	68	68	68	68	0	68	0	0	2720	2720	2720	2720	1360	1360	1360	1360	
	10035035	5002	35	10035001	 飾品 - 紫裝	100	1190	1190	0	0	70	70	70	70	70	0	70	0	0	2800	2800	2800	2800	1400	1400	1400	1400	
	10035036	5002	36	10035001	 飾品 - 紫裝	100	1224	1224	0	0	72	72	72	72	72	0	72	0	0	2880	2880	2880	2880	1440	1440	1440	1440	
	10035037	5002	37	10035001	 飾品 - 紫裝	100	1258	1258	0	0	74	74	74	74	74	0	74	0	0	2960	2960	2960	2960	1480	1480	1480	1480	
	10035038	5002	38	10035001	 飾品 - 紫裝	100	1292	1292	0	0	76	76	76	76	76	0	76	0	0	3040	3040	3040	3040	1520	1520	1520	1520	
	10035039	5002	39	10035001	 飾品 - 紫裝	100	1326	1326	0	0	78	78	78	78	78	0	78	0	0	3120	3120	3120	3120	1560	1560	1560	1560	
	10035040	5002	40	10035001	 飾品 - 紫裝	100	1360	1360	0	0	80	80	80	80	80	0	80	0	0	3200	3200	3200	3200	1600	1600	1600	1600	
	10035041	5002	41	10035001	 飾品 - 紫裝	100	1394	1394	0	0	82	82	82	82	82	0	82	0	0	3280	3280	3280	3280	1640	1640	1640	1640	
	10035042	5002	42	10035001	 飾品 - 紫裝	100	1428	1428	0	0	84	84	84	84	84	0	84	0	0	3360	3360	3360	3360	1680	1680	1680	1680	
	10035043	5002	43	10035001	 飾品 - 紫裝	100	1462	1462	0	0	86	86	86	86	86	0	86	0	0	3440	3440	3440	3440	1720	1720	1720	1720	
	10035044	5002	44	10035001	 飾品 - 紫裝	100	1496	1496	0	0	88	88	88	88	88	0	88	0	0	3520	3520	3520	3520	1760	1760	1760	1760	
	10035045	5002	45	10035001	 飾品 - 紫裝	100	1530	1530	0	0	90	90	90	90	90	0	90	0	0	3600	3600	3600	3600	1800	1800	1800	1800	
	10035046	5002	46	10035001	 飾品 - 紫裝	100	1564	1564	0	0	92	92	92	92	92	0	92	0	0	3680	3680	3680	3680	1840	1840	1840	1840	
	10035047	5002	47	10035001	 飾品 - 紫裝	100	1598	1598	0	0	94	94	94	94	94	0	94	0	0	3760	3760	3760	3760	1880	1880	1880	1880	
	10035048	5002	48	10035001	 飾品 - 紫裝	100	1632	1632	0	0	96	96	96	96	96	0	96	0	0	3840	3840	3840	3840	1920	1920	1920	1920	
	10035049	5002	49	10035001	 飾品 - 紫裝	100	1666	1666	0	0	98	98	98	98	98	0	98	0	0	3920	3920	3920	3920	1960	1960	1960	1960	
	10035050	5002	50	10035001	 飾品 - 紫裝	100	1700	1700	0	0	100	100	100	100	100	0	100	0	0	4000	4000	4000	4000	2000	2000	2000	2000	
	10035051	5002	51	10035001	 飾品 - 紫裝	100	1734	1734	0	0	102	102	102	102	102	0	102	0	0	4080	4080	4080	4080	2040	2040	2040	2040	
	10035052	5002	52	10035001	 飾品 - 紫裝	100	1768	1768	0	0	104	104	104	104	104	0	104	0	0	4160	4160	4160	4160	2080	2080	2080	2080	
	10035053	5002	53	10035001	 飾品 - 紫裝	100	1802	1802	0	0	106	106	106	106	106	0	106	0	0	4240	4240	4240	4240	2120	2120	2120	2120	
	10035054	5002	54	10035001	 飾品 - 紫裝	100	1836	1836	0	0	108	108	108	108	108	0	108	0	0	4320	4320	4320	4320	2160	2160	2160	2160	
	10035055	5002	55	10035001	 飾品 - 紫裝	100	1870	1870	0	0	110	110	110	110	110	0	110	0	0	4400	4400	4400	4400	2200	2200	2200	2200	
	10035056	5002	56	10035001	 飾品 - 紫裝	100	1904	1904	0	0	112	112	112	112	112	0	112	0	0	4480	4480	4480	4480	2240	2240	2240	2240	
	10035057	5002	57	10035001	 飾品 - 紫裝	100	1938	1938	0	0	114	114	114	114	114	0	114	0	0	4560	4560	4560	4560	2280	2280	2280	2280	
	10035058	5002	58	10035001	 飾品 - 紫裝	100	1972	1972	0	0	116	116	116	116	116	0	116	0	0	4640	4640	4640	4640	2320	2320	2320	2320	
	10035059	5002	59	10035001	 飾品 - 紫裝	100	2006	2006	0	0	118	118	118	118	118	0	118	0	0	4720	4720	4720	4720	2360	2360	2360	2360	
	10035060	5002	60	10035001	 飾品 - 紫裝	100	2040	2040	0	0	120	120	120	120	120	0	120	0	0	4800	4800	4800	4800	2400	2400	2400	2400	
	10035061	5002	61	10035001	 飾品 - 紫裝	100	2074	2074	0	0	122	122	122	122	122	0	122	0	0	4880	4880	4880	4880	2440	2440	2440	2440	
	10035062	5002	62	10035001	 飾品 - 紫裝	100	2108	2108	0	0	124	124	124	124	124	0	124	0	0	4960	4960	4960	4960	2480	2480	2480	2480	
	10035063	5002	63	10035001	 飾品 - 紫裝	100	2142	2142	0	0	126	126	126	126	126	0	126	0	0	5040	5040	5040	5040	2520	2520	2520	2520	
	10035064	5002	64	10035001	 飾品 - 紫裝	100	2176	2176	0	0	128	128	128	128	128	0	128	0	0	5120	5120	5120	5120	2560	2560	2560	2560	
	10035065	5002	65	10035001	 飾品 - 紫裝	100	2210	2210	0	0	130	130	130	130	130	0	130	0	0	5200	5200	5200	5200	2600	2600	2600	2600	
	10035066	5002	66	10035001	 飾品 - 紫裝	100	2244	2244	0	0	132	132	132	132	132	0	132	0	0	5280	5280	5280	5280	2640	2640	2640	2640	
	10035067	5002	67	10035001	 飾品 - 紫裝	100	2278	2278	0	0	134	134	134	134	134	0	134	0	0	5360	5360	5360	5360	2680	2680	2680	2680	
	10035068	5002	68	10035001	 飾品 - 紫裝	100	2312	2312	0	0	136	136	136	136	136	0	136	0	0	5440	5440	5440	5440	2720	2720	2720	2720	
	10035069	5002	69	10035001	 飾品 - 紫裝	100	2346	2346	0	0	138	138	138	138	138	0	138	0	0	5520	5520	5520	5520	2760	2760	2760	2760	
	10035070	5002	70	10035001	 飾品 - 紫裝	100	2380	2380	0	0	140	140	140	140	140	0	140	0	0	5600	5600	5600	5600	2800	2800	2800	2800	
	10035071	5002	71	10035001	 飾品 - 紫裝	100	2414	2414	0	0	142	142	142	142	142	0	142	0	0	5680	5680	5680	5680	2840	2840	2840	2840	
	10035072	5002	72	10035001	 飾品 - 紫裝	100	2448	2448	0	0	144	144	144	144	144	0	144	0	0	5760	5760	5760	5760	2880	2880	2880	2880	
	10035073	5002	73	10035001	 飾品 - 紫裝	100	2482	2482	0	0	146	146	146	146	146	0	146	0	0	5840	5840	5840	5840	2920	2920	2920	2920	
	10035074	5002	74	10035001	 飾品 - 紫裝	100	2516	2516	0	0	148	148	148	148	148	0	148	0	0	5920	5920	5920	5920	2960	2960	2960	2960	
	10035075	5002	75	10035001	 飾品 - 紫裝	100	2550	2550	0	0	150	150	150	150	150	0	150	0	0	6000	6000	6000	6000	3000	3000	3000	3000	
	10035076	5002	76	10035001	 飾品 - 紫裝	100	2584	2584	0	0	152	152	152	152	152	0	152	0	0	6080	6080	6080	6080	3040	3040	3040	3040	
	10035077	5002	77	10035001	 飾品 - 紫裝	100	2618	2618	0	0	154	154	154	154	154	0	154	0	0	6160	6160	6160	6160	3080	3080	3080	3080	
	10035078	5002	78	10035001	 飾品 - 紫裝	100	2652	2652	0	0	156	156	156	156	156	0	156	0	0	6240	6240	6240	6240	3120	3120	3120	3120	
	10035079	5002	79	10035001	 飾品 - 紫裝	100	2686	2686	0	0	158	158	158	158	158	0	158	0	0	6320	6320	6320	6320	3160	3160	3160	3160	
	10035080	5002	80	10035001	 飾品 - 紫裝	100	2720	2720	0	0	160	160	160	160	160	0	160	0	0	6400	6400	6400	6400	3200	3200	3200	3200	
	10035081	5002	81	10035001	 飾品 - 紫裝	100	2754	2754	0	0	162	162	162	162	162	0	162	0	0	6480	6480	6480	6480	3240	3240	3240	3240	
	10035082	5002	82	10035001	 飾品 - 紫裝	100	2788	2788	0	0	164	164	164	164	164	0	164	0	0	6560	6560	6560	6560	3280	3280	3280	3280	
	10035083	5002	83	10035001	 飾品 - 紫裝	100	2822	2822	0	0	166	166	166	166	166	0	166	0	0	6640	6640	6640	6640	3320	3320	3320	3320	
	10035084	5002	84	10035001	 飾品 - 紫裝	100	2856	2856	0	0	168	168	168	168	168	0	168	0	0	6720	6720	6720	6720	3360	3360	3360	3360	
	10035085	5002	85	10035001	 飾品 - 紫裝	100	2890	2890	0	0	170	170	170	170	170	0	170	0	0	6800	6800	6800	6800	3400	3400	3400	3400	
	10035086	5002	86	10035001	 飾品 - 紫裝	100	2924	2924	0	0	172	172	172	172	172	0	172	0	0	6880	6880	6880	6880	3440	3440	3440	3440	
	10035087	5002	87	10035001	 飾品 - 紫裝	100	2958	2958	0	0	174	174	174	174	174	0	174	0	0	6960	6960	6960	6960	3480	3480	3480	3480	
	10035088	5002	88	10035001	 飾品 - 紫裝	100	2992	2992	0	0	176	176	176	176	176	0	176	0	0	7040	7040	7040	7040	3520	3520	3520	3520	
	10035089	5002	89	10035001	 飾品 - 紫裝	100	3026	3026	0	0	178	178	178	178	178	0	178	0	0	7120	7120	7120	7120	3560	3560	3560	3560	
	10035090	5002	90	10035001	 飾品 - 紫裝	100	3060	3060	0	0	180	180	180	180	180	0	180	0	0	7200	7200	7200	7200	3600	3600	3600	3600	
	10035091	5002	91	10035001	 飾品 - 紫裝	100	3094	3094	0	0	182	182	182	182	182	0	182	0	0	7280	7280	7280	7280	3640	3640	3640	3640	
	10035092	5002	92	10035001	 飾品 - 紫裝	100	3128	3128	0	0	184	184	184	184	184	0	184	0	0	7360	7360	7360	7360	3680	3680	3680	3680	
	10035093	5002	93	10035001	 飾品 - 紫裝	100	3162	3162	0	0	186	186	186	186	186	0	186	0	0	7440	7440	7440	7440	3720	3720	3720	3720	
	10035094	5002	94	10035001	 飾品 - 紫裝	100	3196	3196	0	0	188	188	188	188	188	0	188	0	0	7520	7520	7520	7520	3760	3760	3760	3760	
	10035095	5002	95	10035001	 飾品 - 紫裝	100	3230	3230	0	0	190	190	190	190	190	0	190	0	0	7600	7600	7600	7600	3800	3800	3800	3800	
	10035096	5002	96	10035001	 飾品 - 紫裝	100	3264	3264	0	0	192	192	192	192	192	0	192	0	0	7680	7680	7680	7680	3840	3840	3840	3840	
	10035097	5002	97	10035001	 飾品 - 紫裝	100	3298	3298	0	0	194	194	194	194	194	0	194	0	0	7760	7760	7760	7760	3880	3880	3880	3880	
	10035098	5002	98	10035001	 飾品 - 紫裝	100	3332	3332	0	0	196	196	196	196	196	0	196	0	0	7840	7840	7840	7840	3920	3920	3920	3920	
	10035099	5002	99	10035001	 飾品 - 紫裝	100	3366	3366	0	0	198	198	198	198	198	0	198	0	0	7920	7920	7920	7920	3960	3960	3960	3960	
	10035100	5002	100	10035001	 飾品 - 紫裝	100	3400	3400	0	0	200	200	200	200	200	0	200	0	0	8000	8000	8000	8000	4000	4000	4000	4000	
	10035101	5002	101	10035001	 飾品 - 紫裝	100	3434	3434	0	0	202	202	202	202	202	0	202	0	0	8080	8080	8080	8080	4040	4040	4040	4040	
	10035102	5002	102	10035001	 飾品 - 紫裝	100	3468	3468	0	0	204	204	204	204	204	0	204	0	0	8160	8160	8160	8160	4080	4080	4080	4080	
	10035103	5002	103	10035001	 飾品 - 紫裝	100	3502	3502	0	0	206	206	206	206	206	0	206	0	0	8240	8240	8240	8240	4120	4120	4120	4120	
	10035104	5002	104	10035001	 飾品 - 紫裝	100	3536	3536	0	0	208	208	208	208	208	0	208	0	0	8320	8320	8320	8320	4160	4160	4160	4160	
	10035105	5002	105	10035001	 飾品 - 紫裝	100	3570	3570	0	0	210	210	210	210	210	0	210	0	0	8400	8400	8400	8400	4200	4200	4200	4200	
	10035106	5002	106	10035001	 飾品 - 紫裝	100	3604	3604	0	0	212	212	212	212	212	0	212	0	0	8480	8480	8480	8480	4240	4240	4240	4240	
	10035107	5002	107	10035001	 飾品 - 紫裝	100	3638	3638	0	0	214	214	214	214	214	0	214	0	0	8560	8560	8560	8560	4280	4280	4280	4280	
	10035108	5002	108	10035001	 飾品 - 紫裝	100	3672	3672	0	0	216	216	216	216	216	0	216	0	0	8640	8640	8640	8640	4320	4320	4320	4320	
