#	Id	ClassId											Position	DollShapeNPCPresetId	DollPartName	DeformNPCPresetId	ScaleAbility	MoveRate	Attack	Defence	Strength	Dexterity	Constitution	Intelligence	CriticalPower	CriticalHitRate	LuckyValue	Guardian	GroundHarm	WaterHarm	FireHarm	WindHarm	Unground	Unwater	Unfire	Unwind	MaxHP	MaxMP	RestoreHP	RestoreMP	DeBufferDefenceRate	ReflectionAttackRate	AbsoluteDamage	AbsoluteDefence	AbsoluteDamageRate	AbsoluteDefenceRate		EnchantAbilityBits	EnchantAbilityRandomPresetId	EnchantAbilityLimit	EnchantValueGroupId	MaxDurability	FixDurableCost		
#	物價參照			← 刪了會死人！平時編輯時可以隱藏此列 →																																																	2		2
#	來源參數			← 刪了會死人！平時編輯時可以隱藏此列 →								2																											18	19															
#	0.取得裝備數值			← 刪了會死人！平時編輯時可以隱藏此列 →															2	3	21	22	23	24	25	26	27	28	4	4	4	4	6	6	6	6	17	18	29	30												9	每階段修裝費佔原價%		
#	1.計算角色層級參數			← 刪了會死人！平時編輯時可以隱藏此列 →															4	5	8	9	10	11	12	13	14	15	18	18	18	18	19	19	19	19	2	3															25%		
#	2.計算部位比重參數			← 刪了會死人！平時編輯時可以隱藏此列 →															3	4	8	8	8	8	8	8	8	8	5	5	5	5	6	6	6	6	7	7	5%	5%										11		10			
#	3.計算裝備層級參數			← 刪了會死人！平時編輯時可以隱藏此列 →															3	3	3	3	3	3	3	3	3	3	3	3	3	3	3	3	3	3	3	3	3	3		8								7		6			
#	3.計算裝備層級微調			← 刪了會死人！平時編輯時可以隱藏此列 →															4	4	5	5	5	5	5	5	5	5	4	4	4	4	4	4	4	4	5	5																	
#	4.計算元素參數			← 刪了會死人！平時編輯時可以隱藏此列 →																									2	3	4	5	6	7	8	9																最低值			
#	5.計算加成素質參數			← 刪了會死人！平時編輯時可以隱藏此列 →																	2	3	4	5	6	7	8	9									10	11	50%	50%												0			
#			名稱	參考強度等級	角色限制	位置	稀有層級	元素	裝備附加素質	物品參考來源	裝備基本預設價	商店NPC回收價格	裝備位置	守護神和坐騎的3D造型	紙娃娃零件	變身成NPC的ID	使用者大小變化率	移動速度%	攻擊	防禦	力量	敏捷	體能	智慧	爆發力	爆擊率	幸運值	守護值	地攻	水攻	火攻	風攻	地防	水防	火防	風防	最大HP	最大MP	HP回復點數	MP回復點數	DeBuffer閃避比例	攻擊反彈率	絕對傷害值	絕對防禦值	傷害強化倍率	傷害減免倍率	特定強化屬性	特定強化屬性代碼	可強化屬性機率ID	可強化屬性數量	衝裝強化成長模組	裝備最大耐久度	修理裝備單點費用	修滿費用	升級修裝次數
# 戰鬥型																																																							
# 第一小隊裝備																																																							
	1	5000	林沖帽	1	1.林沖	01.帽子	02.初始	00.無	(0) 無	02.初始	130	13	0		pc01_hat_0000			100	0	9	0	0	0	0	0	0	0	0	0	0	0	0	0	0	0	0	0	0	0	0	0	0	0	0	0	0	13.防禦力 - Defence	4096	21001	1	2021001	270	1.05	284	0.023
	2	5000	林沖服	1	1.林沖	02.上衣	02.初始	00.無	(0) 無	02.初始	170	17	1		pc01_torso_0000			100	0	20	0	0	0	0	0	0	0	0	0	0	0	0	0	0	0	0	0	0	0	0	0	0	0	0	0	0	13.防禦力 - Defence	4096	21001	1	2021001	270	1.37	370	0.023
	3	5000	林沖鞋	1	1.林沖	03.褲子	02.初始	00.無	(0) 無	02.初始	150	15	2		pc01_pelvis_0000			100	0	12	0	0	0	0	0	0	0	0	0	0	0	0	0	0	0	0	0	0	0	0	0	0	0	0	0	0	13.防禦力 - Defence	4096	21001	1	2021001	270	1.21	327	0.023
	4	5000	林沖槍	1	1.林沖	04.武器	02.初始	00.無	(0) 無	02.初始	280	28	3		pc01_weapon_0000			100	37	0	0	0	0	0	0	0	0	0	0	0	0	0	0	0	0	0	0	0	0	0	0	0	0	0	0	0	12.攻擊力 - Attack	2048	11001	1	2011001	580	1.05	609	0.023
	5	5000	劣質布帽	10	1.林沖	01.帽子	03.灰	00.無	(0) 無	07.怪物掉寶	630	32	0		pc01_hat_0001			100	0	17	0	0	0	0	0	0	0	0	0	0	0	0	0	0	0	0	0	0	0	0	0	0	0	0	0	0	13.防禦力 - Defence	4096	21001	1	2021001	200	2.17	434	0.073
	6	5000	劣質布衣	10	1.林沖	02.上衣	03.灰	00.無	(0) 無	07.怪物掉寶	820	41	1		pc01_torso_0001			100	0	37	0	0	0	0	0	0	0	0	0	0	0	0	0	0	0	0	0	0	0	0	0	0	0	0	0	0	13.防禦力 - Defence	4096	21001	1	2021001	200	2.83	566	0.073
	7	5000	劣質草鞋	10	1.林沖	03.褲子	03.灰	00.無	(0) 無	07.怪物掉寶	720	36	2		pc01_pelvis_0001			100	0	22	0	0	0	0	0	0	0	0	0	0	0	0	0	0	0	0	0	0	0	0	0	0	0	0	0	0	13.防禦力 - Defence	4096	21001	1	2021001	200	2.48	496	0.073
	8	5000	木槍	10	1.林沖	04.武器	03.灰	00.無	(0) 無	07.怪物掉寶	"1,360"	68	3		pc01_weapon_0001			100	82	0	0	0	0	0	0	0	0	0	0	0	0	0	0	0	0	0	0	0	0	0	0	0	0	0	0	0	12.攻擊力 - Attack	2048	11001	1	2011001	420	2.23	937	0.073
	9	5000	平民布帽	10	1.林沖	01.帽子	04.白	00.無	(0) 無	03.商店購買	630	63	0		pc01_hat_0001			100	0	22	0	0	0	0	0	0	0	0	0	0	0	0	0	0	0	0	0	0	0	0	0	0	0	0	0	0	13.防禦力 - Defence	4096	21001	1	2021001	180	2.41	434	0.073
	10	5000	平民布衣	10	1.林沖	02.上衣	04.白	00.無	(0) 無	03.商店購買	820	82	1		pc01_torso_0001			100	0	47	0	0	0	0	0	0	0	0	0	0	0	0	0	0	0	0	0	0	0	0	0	0	0	0	0	0	13.防禦力 - Defence	4096	21001	1	2021001	180	3.14	566	0.073
	11	5000	平民草鞋	10	1.林沖	03.褲子	04.白	00.無	(0) 無	03.商店購買	720	72	2		pc01_pelvis_0001			100	0	27	0	0	0	0	0	0	0	0	0	0	0	0	0	0	0	0	0	0	0	0	0	0	0	0	0	0	13.防禦力 - Defence	4096	21001	1	2021001	180	2.76	497	0.073
	12	5000	鐵槍	10	1.林沖	04.武器	04.白	00.無	(0) 無	03.商店購買	"1,360"	136	3		pc01_weapon_0001			100	102	0	0	0	0	0	0	0	0	0	0	0	0	0	0	0	0	0	0	0	0	0	0	0	0	0	0	0	12.攻擊力 - Attack	2048	11001	1	2011001	380	2.47	939	0.073
	13	5000	傳統布帽	10	1.林沖	01.帽子	05.綠	00.無	(1) 智慧	07.怪物掉寶	630	32	0		pc01_hat_0001			100	0	26	0	0	0	4	0	0	0	0	0	0	0	0	0	0	0	0	0	0	0	0	0	0	0	0	0	0	13.防禦力 - Defence	4096	21001	2	2021001	190	2.29	436	0.073
	14	5000	傳統布衣	10	1.林沖	02.上衣	05.綠	00.無	(1) 最大 HP	07.怪物掉寶	820	41	1		pc01_torso_0001			100	0	55	0	0	0	0	0	0	0	0	0	0	0	0	0	0	0	0	90	0	0	0	0	0	0	0	0	0	13.防禦力 - Defence	4096	21001	2	2021001	190	2.97	565	0.073
	15	5000	傳統草鞋	10	1.林沖	03.褲子	05.綠	00.無	(1) 敏捷	07.怪物掉寶	720	36	2		pc01_pelvis_0001			100	0	32	0	5	0	0	0	0	0	0	0	0	0	0	0	0	0	0	0	0	0	0	0	0	0	0	0	0	13.防禦力 - Defence	4096	21001	2	2021001	190	2.61	496	0.073
	16	5000	銅槍	10	1.林沖	04.武器	05.綠	00.無	(1) 體能	07.怪物掉寶	"1,360"	68	3		pc01_weapon_0001			100	126	0	0	0	4	0	0	0	0	0	0	0	0	0	0	0	0	0	0	0	0	0	0	0	0	0	0	0	12.攻擊力 - Attack	2048	11001	2	2011001	400	2.34	936	0.073
	17	5000	高級布帽	10	1.林沖	01.帽子	06.藍	00.無	(2) 敏 / 智 平均	12.收集品交換	630	32	0		pc01_hat_0001			100	0	32	0	4	0	4	0	0	0	0	0	0	0	0	0	0	0	0	0	0	0	0	0	0	0	0	0	0	13.防禦力 - Defence	4096	21001	2	2021001	190	2.29	436	0.073
	18	5000	高級布衣	10	1.林沖	02.上衣	06.藍	00.無	(2) HP / 敏	12.收集品交換	820	41	1		pc01_torso_0001			100	0	70	0	4	0	0	0	0	0	0	0	0	0	0	0	0	0	0	80	0	0	0	0	0	0	0	0	0	13.防禦力 - Defence	4096	21001	2	2021001	190	2.97	565	0.073
	19	5000	高級草鞋	10	1.林沖	03.褲子	06.藍	00.無	(2) 敏 / 體 平均	12.收集品交換	720	36	2		pc01_pelvis_0001			100	0	40	0	4	4	0	0	0	0	0	0	0	0	0	0	0	0	0	0	0	0	0	0	0	0	0	0	0	13.防禦力 - Defence	4096	21001	2	2021001	190	2.61	496	0.073
	20	5000	銀槍	10	1.林沖	04.武器	06.藍	00.無	(2) 體 / 智 平均	12.收集品交換	"1,360"	68	3		pc01_weapon_0001			100	155	0	0	0	4	4	0	0	0	0	0	0	0	0	0	0	0	0	0	0	0	0	0	0	0	0	0	0	12.攻擊力 - Attack	2048	11001	2	2011001	410	2.29	939	0.073
	21	5000	禪灰帽	15	1.林沖	01.帽子	03.灰	00.無	(0) 無	07.怪物掉寶	"2,330"	117	0		pc01_hat_0010			100	0	25	0	0	0	0	0	0	0	0	0	0	0	0	0	0	0	0	0	0	0	0	0	0	0	0	0	0	13.防禦力 - Defence	4096	21001	1	2021001	200	4.24	848	0.138
	22	5000	禪灰衣	15	1.林沖	02.上衣	03.灰	00.無	(0) 無	07.怪物掉寶	"3,000"	150	1		pc01_torso_0010			100	0	53	0	0	0	0	0	0	0	0	0	0	0	0	0	0	0	0	0	0	0	0	0	0	0	0	0	0	13.防禦力 - Defence	4096	21001	1	2021001	200	5.46	"1,092"	0.138
	23	5000	禪灰鞋	15	1.林沖	03.褲子	03.灰	00.無	(0) 無	07.怪物掉寶	"2,660"	133	2		pc01_pelvis_0010			100	0	31	0	0	0	0	0	0	0	0	0	0	0	0	0	0	0	0	0	0	0	0	0	0	0	0	0	0	13.防禦力 - Defence	4096	21001	1	2021001	200	4.84	968	0.138
	24	5000	禪灰木槍	15	1.林沖	04.武器	03.灰	00.無	(0) 無	07.怪物掉寶	"4,990"	250	3		pc01_weapon_0010			100	118	0	0	0	0	0	0	0	0	0	0	0	0	0	0	0	0	0	0	0	0	0	0	0	0	0	0	0	12.攻擊力 - Attack	2048	11001	1	2011001	420	4.32	"1,815"	0.138
	25	5000	青蓮帽	15	1.林沖	01.帽子	04.白	00.無	(0) 無	03.商店購買	"2,330"	233	0		pc01_hat_0010			100	0	31	0	0	0	0	0	0	0	0	0	0	0	0	0	0	0	0	0	0	0	0	0	0	0	0	0	0	13.防禦力 - Defence	4096	21001	1	2021001	180	4.71	848	0.138
	26	5000	青蓮衣	15	1.林沖	02.上衣	04.白	00.無	(0) 無	03.商店購買	"3,000"	300	1		pc01_torso_0010			100	0	66	0	0	0	0	0	0	0	0	0	0	0	0	0	0	0	0	0	0	0	0	0	0	0	0	0	0	13.防禦力 - Defence	4096	21001	1	2021001	180	6.06	"1,091"	0.138
	27	5000	青蓮鞋	15	1.林沖	03.褲子	04.白	00.無	(0) 無	03.商店購買	"2,660"	266	2		pc01_pelvis_0010			100	0	39	0	0	0	0	0	0	0	0	0	0	0	0	0	0	0	0	0	0	0	0	0	0	0	0	0	0	13.防禦力 - Defence	4096	21001	1	2021001	180	5.37	967	0.138
	28	5000	青蓮鐵槍	15	1.林沖	04.武器	04.白	00.無	(0) 無	03.商店購買	"4,990"	499	3		pc01_weapon_0010			100	148	0	0	0	0	0	0	0	0	0	0	0	0	0	0	0	0	0	0	0	0	0	0	0	0	0	0	0	12.攻擊力 - Attack	2048	11001	1	2011001	380	4.78	"1,817"	0.138
	29	5000	紺碧帽	15	1.林沖	01.帽子	05.綠	00.無	(1) 智慧	07.怪物掉寶	"2,330"	117	0		pc01_hat_0010			100	0	35	0	0	0	5	0	0	0	0	0	0	0	0	0	0	0	0	0	0	0	0	0	0	0	0	0	0	13.防禦力 - Defence	4096	21001	2	2021001	190	4.46	848	0.138
	30	5000	紺碧衣	15	1.林沖	02.上衣	05.綠	00.無	(1) 最大 HP	07.怪物掉寶	"3,000"	150	1		pc01_torso_0010			100	0	75	0	0	0	0	0	0	0	0	0	0	0	0	0	0	0	0	100	0	0	0	0	0	0	0	0	0	13.防禦力 - Defence	4096	21001	2	2021001	190	5.74	"1,091"	0.138
	31	5000	紺碧鞋	15	1.林沖	03.褲子	05.綠	00.無	(1) 敏捷	07.怪物掉寶	"2,660"	133	2		pc01_pelvis_0010			100	0	44	0	6	0	0	0	0	0	0	0	0	0	0	0	0	0	0	0	0	0	0	0	0	0	0	0	0	13.防禦力 - Defence	4096	21001	2	2021001	190	5.09	968	0.138
	32	5000	紺碧銅槍	15	1.林沖	04.武器	05.綠	00.無	(1) 體能	07.怪物掉寶	"4,990"	250	3		pc01_weapon_0010			100	176	0	0	0	5	0	0	0	0	0	0	0	0	0	0	0	0	0	0	0	0	0	0	0	0	0	0	0	12.攻擊力 - Attack	2048	11001	2	2011001	400	4.54	"1,816"	0.138
	33	5000	彌剎帽	15	1.林沖	01.帽子	06.藍	00.無	(2) 敏 / 智 平均	12.收集品交換	"2,330"	117	0		pc01_hat_0010			100	0	43	0	5	0	4	0	0	0	0	0	0	0	0	0	0	0	0	0	0	0	0	0	0	0	0	0	0	13.防禦力 - Defence	4096	21001	2	2021001	190	4.46	848	0.138
	34	5000	彌剎衣	15	1.林沖	02.上衣	06.藍	00.無	(2) HP / 敏	12.收集品交換	"3,000"	150	1		pc01_torso_0010			100	0	93	0	5	0	0	0	0	0	0	0	0	0	0	0	0	0	0	100	0	0	0	0	0	0	0	0	0	13.防禦力 - Defence	4096	21001	2	2021001	190	5.74	"1,091"	0.138
	35	5000	彌剎鞋	15	1.林沖	03.褲子	06.藍	00.無	(2) 敏 / 體 平均	12.收集品交換	"2,660"	133	2		pc01_pelvis_0010			100	0	54	0	5	5	0	0	0	0	0	0	0	0	0	0	0	0	0	0	0	0	0	0	0	0	0	0	0	13.防禦力 - Defence	4096	21001	2	2021001	190	5.09	968	0.138
	36	5000	彌剎銀槍	15	1.林沖	04.武器	06.藍	00.無	(2) 體 / 智 平均	12.收集品交換	"4,990"	250	3		pc01_weapon_0010			100	212	0	0	0	5	4	0	0	0	0	0	0	0	0	0	0	0	0	0	0	0	0	0	0	0	0	0	0	12.攻擊力 - Attack	2048	11001	2	2011001	410	4.43	"1,817"	0.138
	37	5000	赤炎帽	20	1.林沖	01.帽子	03.灰	00.無	(0) 無	07.怪物掉寶	"8,540"	427	0		pc01_hat_0011			100	0	33	0	0	0	0	0	0	0	0	0	0	0	0	0	0	0	0	0	0	0	0	0	0	0	0	0	0	13.防禦力 - Defence	4096	21001	1	2021001	200	6.49	"1,298"	0.33
	38	5000	赤炎衣	20	1.林沖	02.上衣	03.灰	00.無	(0) 無	07.怪物掉寶	"10,980"	549	1		pc01_torso_0011			100	0	71	0	0	0	0	0	0	0	0	0	0	0	0	0	0	0	0	0	0	0	0	0	0	0	0	0	0	13.防禦力 - Defence	4096	21001	1	2021001	200	8.34	"1,668"	0.33
	39	5000	赤炎鞋	20	1.林沖	03.褲子	03.灰	00.無	(0) 無	07.怪物掉寶	"9,760"	488	2		pc01_pelvis_0011			100	0	41	0	0	0	0	0	0	0	0	0	0	0	0	0	0	0	0	0	0	0	0	0	0	0	0	0	0	13.防禦力 - Defence	4096	21001	1	2021001	200	7.41	"1,482"	0.33
	40	5000	赤炎木槍	20	1.林沖	04.武器	03.灰	00.無	(0) 無	07.怪物掉寶	"18,300"	915	3		pc01_weapon_0011			100	162	0	0	0	0	0	0	0	0	0	0	0	0	0	0	0	0	0	0	0	0	0	0	0	0	0	0	0	12.攻擊力 - Attack	2048	11001	1	2011001	420	6.62	"2,781"	0.33
	41	5000	氣返帽	20	1.林沖	01.帽子	04.白	00.無	(0) 無	03.商店購買	"8,540"	854	0		pc01_hat_0011			100	0	41	0	0	0	0	0	0	0	0	0	0	0	0	0	0	0	0	0	0	0	0	0	0	0	0	0	0	13.防禦力 - Defence	4096	21001	1	2021001	180	7.21	"1,298"	0.33
	42	5000	氣返衣	20	1.林沖	02.上衣	04.白	00.無	(0) 無	03.商店購買	"10,980"	"1,098"	1		pc01_torso_0011			100	0	88	0	0	0	0	0	0	0	0	0	0	0	0	0	0	0	0	0	0	0	0	0	0	0	0	0	0	13.防禦力 - Defence	4096	21001	1	2021001	180	9.27	"1,669"	0.33
	43	5000	氣返鞋	20	1.林沖	03.褲子	04.白	00.無	(0) 無	03.商店購買	"9,760"	976	2		pc01_pelvis_0011			100	0	51	0	0	0	0	0	0	0	0	0	0	0	0	0	0	0	0	0	0	0	0	0	0	0	0	0	0	13.防禦力 - Defence	4096	21001	1	2021001	180	8.24	"1,484"	0.33
	44	5000	氣返鐵槍	20	1.林沖	04.武器	04.白	00.無	(0) 無	03.商店購買	"18,300"	"1,830"	3		pc01_weapon_0011			100	202	0	0	0	0	0	0	0	0	0	0	0	0	0	0	0	0	0	0	0	0	0	0	0	0	0	0	0	12.攻擊力 - Attack	2048	11001	1	2011001	380	7.32	"2,782"	0.33
	45	5000	靈妙帽	20	1.林沖	01.帽子	05.綠	00.無	(1) 智慧	07.怪物掉寶	"8,540"	427	0		pc01_hat_0011			100	0	45	0	0	0	6	0	0	0	0	0	0	0	0	0	0	0	0	0	0	0	0	0	0	0	0	0	0	13.防禦力 - Defence	4096	21001	2	2021001	190	6.83	"1,298"	0.33
	46	5000	靈妙衣	20	1.林沖	02.上衣	05.綠	00.無	(1) 最大 HP	07.怪物掉寶	"10,980"	549	1		pc01_torso_0011			100	0	98	0	0	0	0	0	0	0	0	0	0	0	0	0	0	0	0	120	0	0	0	0	0	0	0	0	0	13.防禦力 - Defence	4096	21001	2	2021001	190	8.78	"1,669"	0.33
	47	5000	靈妙鞋	20	1.林沖	03.褲子	05.綠	00.無	(1) 敏捷	07.怪物掉寶	"9,760"	488	2		pc01_pelvis_0011			100	0	57	0	7	0	0	0	0	0	0	0	0	0	0	0	0	0	0	0	0	0	0	0	0	0	0	0	0	13.防禦力 - Defence	4096	21001	2	2021001	190	7.8	"1,482"	0.33
	48	5000	靈妙銅槍	20	1.林沖	04.武器	05.綠	00.無	(1) 體能	07.怪物掉寶	"18,300"	915	3		pc01_weapon_0011			100	236	0	0	0	6	0	0	0	0	0	0	0	0	0	0	0	0	0	0	0	0	0	0	0	0	0	0	0	12.攻擊力 - Attack	2048	11001	2	2011001	400	6.95	"2,780"	0.33
	49	5000	佛陀帽	20	1.林沖	01.帽子	06.藍	00.無	(2) 敏 / 智 平均	12.收集品交換	"8,540"	427	0		pc01_hat_0011			100	0	55	0	6	0	5	0	0	0	0	0	0	0	0	0	0	0	0	0	0	0	0	0	0	0	0	0	0	13.防禦力 - Defence	4096	21001	2	2021001	190	6.83	"1,298"	0.33
	50	5000	佛陀衣	20	1.林沖	02.上衣	06.藍	00.無	(2) HP / 敏	12.收集品交換	"10,980"	549	1		pc01_torso_0011			100	0	117	0	6	0	0	0	0	0	0	0	0	0	0	0	0	0	0	110	0	0	0	0	0	0	0	0	0	13.防禦力 - Defence	4096	21001	2	2021001	190	8.78	"1,669"	0.33
	51	5000	佛陀鞋	20	1.林沖	03.褲子	06.藍	00.無	(2) 敏 / 體 平均	12.收集品交換	"9,760"	488	2		pc01_pelvis_0011			100	0	68	0	6	5	0	0	0	0	0	0	0	0	0	0	0	0	0	0	0	0	0	0	0	0	0	0	0	13.防禦力 - Defence	4096	21001	2	2021001	190	7.8	"1,482"	0.33
	52	5000	佛陀銀槍	20	1.林沖	04.武器	06.藍	00.無	(2) 體 / 智 平均	12.收集品交換	"18,300"	915	3		pc01_weapon_0011			100	281	0	0	0	5	5	0	0	0	0	0	0	0	0	0	0	0	0	0	0	0	0	0	0	0	0	0	0	12.攻擊力 - Attack	2048	11001	2	2011001	410	6.78	"2,780"	0.33
	53	5000	豹子帽	35	1.林沖	01.帽子	07.紫	00.無	(3) MP / 敏 / 智	07.怪物掉寶	"114,700"	"5,735"	0		pc01_hat_0012			100	0	111	0	8	0	7	0	0	0	0	0	0	0	0	0	0	0	0	0	340	0	0	0	0	0	0	0	0	13.防禦力 - Defence	4096	21001	3	4021001	200	11.78	"2,356"	2.434
	54	5000	豹子衣	35	1.林沖	02.上衣	07.紫	00.無	(3) HP / 敏 / 智	07.怪物掉寶	"147,400"	"7,370"	1		pc01_torso_0012			100	0	239	0	8	0	7	0	0	0	0	0	0	0	0	0	0	0	0	140	0	0	0	0	0	0	0	0	0	13.防禦力 - Defence	4096	21001	3	4021001	200	15.14	"3,028"	2.434
	55	5000	豹子鞋	35	1.林沖	03.褲子	07.紫	00.無	(3) MP / 敏 / 體	07.怪物掉寶	"131,000"	"6,550"	2		pc01_pelvis_0012			100	0	139	0	8	7	0	0	0	0	0	0	0	0	0	0	0	0	0	0	170	0	0	0	0	0	0	0	0	13.防禦力 - Defence	4096	21001	3	4021001	200	13.46	"2,692"	2.434
	56	5000	豹子金槍	35	1.林沖	04.武器	07.紫	00.無	(3) HP / 體 / 智	07.怪物掉寶	"245,700"	"12,285"	3		pc01_weapon_0012			100	692	0	0	0	7	7	0	0	0	0	0	0	0	0	0	0	0	0	70	0	0	0	0	0	0	0	0	0	12.攻擊力 - Attack	2048	11001	3	4011001	420	12.02	"5,049"	2.434
	57	5000	隱士帽	25	1.林沖	01.帽子	03.灰	00.無	(0) 無	07.怪物掉寶	"24,600"	"1,230"	0		pc01_hat_0020			100	0	42	0	0	0	0	0	0	0	0	0	0	0	0	0	0	0	0	0	0	0	0	0	0	0	0	0	0	13.防禦力 - Defence	4096	21001	1	4021001	200	7.45	"1,490"	0.826
	58	5000	隱士袍	25	1.林沖	02.上衣	03.灰	00.無	(0) 無	07.怪物掉寶	"31,600"	"1,580"	1		pc01_torso_0020			100	0	89	0	0	0	0	0	0	0	0	0	0	0	0	0	0	0	0	0	0	0	0	0	0	0	0	0	0	13.防禦力 - Defence	4096	21001	1	4021001	200	9.57	"1,914"	0.826
	59	5000	隱士鞋	25	1.林沖	03.褲子	03.灰	00.無	(0) 無	07.怪物掉寶	"28,100"	"1,405"	2		pc01_pelvis_0020			100	0	52	0	0	0	0	0	0	0	0	0	0	0	0	0	0	0	0	0	0	0	0	0	0	0	0	0	0	13.防禦力 - Defence	4096	21001	1	4021001	200	8.51	"1,702"	0.826
	60	5000	隱士木槍	25	1.林沖	04.武器	03.灰	00.無	(0) 無	07.怪物掉寶	"52,600"	"2,630"	3		pc01_weapon_0020			100	214	0	0	0	0	0	0	0	0	0	0	0	0	0	0	0	0	0	0	0	0	0	0	0	0	0	0	0	12.攻擊力 - Attack	2048	11001	1	4011001	420	7.58	"3,184"	0.826
	61	5000	居士帽	25	1.林沖	01.帽子	04.白	00.無	(0) 無	03.商店購買	"24,600"	"2,460"	0		pc01_hat_0020			100	0	52	0	0	0	0	0	0	0	0	0	0	0	0	0	0	0	0	0	0	0	0	0	0	0	0	0	0	13.防禦力 - Defence	4096	21001	1	4021001	180	8.27	"1,489"	0.826
	62	5000	居士袍	25	1.林沖	02.上衣	04.白	00.無	(0) 無	03.商店購買	"31,600"	"3,160"	1		pc01_torso_0020			100	0	112	0	0	0	0	0	0	0	0	0	0	0	0	0	0	0	0	0	0	0	0	0	0	0	0	0	0	13.防禦力 - Defence	4096	21001	1	4021001	180	10.63	"1,914"	0.826
	63	5000	居士鞋	25	1.林沖	03.褲子	04.白	00.無	(0) 無	03.商店購買	"28,100"	"2,810"	2		pc01_pelvis_0020			100	0	65	0	0	0	0	0	0	0	0	0	0	0	0	0	0	0	0	0	0	0	0	0	0	0	0	0	0	13.防禦力 - Defence	4096	21001	1	4021001	180	9.45	"1,701"	0.826
	64	5000	居士鐵槍	25	1.林沖	04.武器	04.白	00.無	(0) 無	03.商店購買	"52,600"	"5,260"	3		pc01_weapon_0020			100	268	0	0	0	0	0	0	0	0	0	0	0	0	0	0	0	0	0	0	0	0	0	0	0	0	0	0	0	12.攻擊力 - Attack	2048	11001	1	4011001	380	8.38	"3,185"	0.826
	65	5000	雅士帽	25	1.林沖	01.帽子	05.綠	00.無	(1) 智慧	07.怪物掉寶	"24,600"	"1,230"	0		pc01_hat_0020			100	0	56	0	0	0	7	0	0	0	0	0	0	0	0	0	0	0	0	0	0	0	0	0	0	0	0	0	0	13.防禦力 - Defence	4096	21001	2	4021001	190	7.84	"1,490"	0.826
	66	5000	雅士帽	25	1.林沖	02.上衣	05.綠	00.無	(1) 最大 HP	07.怪物掉寶	"31,600"	"1,580"	1		pc01_torso_0020			100	0	121	0	0	0	0	0	0	0	0	0	0	0	0	0	0	0	0	140	0	0	0	0	0	0	0	0	0	13.防禦力 - Defence	4096	21001	2	4021001	190	10.07	"1,914"	0.826
	67	5000	雅士帽	25	1.林沖	03.褲子	05.綠	00.無	(1) 敏捷	07.怪物掉寶	"28,100"	"1,405"	2		pc01_pelvis_0020			100	0	71	0	8	0	0	0	0	0	0	0	0	0	0	0	0	0	0	0	0	0	0	0	0	0	0	0	0	13.防禦力 - Defence	4096	21001	2	4021001	190	8.95	"1,701"	0.826
	68	5000	雅士銅槍	25	1.林沖	04.武器	05.綠	00.無	(1) 體能	07.怪物掉寶	"52,600"	"2,630"	3		pc01_weapon_0020			100	306	0	0	0	7	0	0	0	0	0	0	0	0	0	0	0	0	0	0	0	0	0	0	0	0	0	0	0	12.攻擊力 - Attack	2048	11001	2	4011001	400	7.96	"3,184"	0.826
	69	5000	賢士帽	25	1.林沖	01.帽子	06.藍	00.無	(2) 敏 / 智 平均	12.收集品交換	"24,600"	"1,230"	0		pc01_hat_0020			100	0	67	0	7	0	6	0	0	0	0	0	0	0	0	0	0	0	0	0	0	0	0	0	0	0	0	0	0	13.防禦力 - Defence	4096	21001	2	4021001	190	7.84	"1,490"	0.826
	70	5000	賢士袍	25	1.林沖	02.上衣	06.藍	00.無	(2) HP / 敏	12.收集品交換	"31,600"	"1,580"	1		pc01_torso_0020			100	0	145	0	7	0	0	0	0	0	0	0	0	0	0	0	0	0	0	130	0	0	0	0	0	0	0	0	0	13.防禦力 - Defence	4096	21001	2	4021001	190	10.07	"1,914"	0.826
	71	5000	賢士鞋	25	1.林沖	03.褲子	06.藍	00.無	(2) 敏 / 體 平均	12.收集品交換	"28,100"	"1,405"	2		pc01_pelvis_0020			100	0	84	0	7	6	0	0	0	0	0	0	0	0	0	0	0	0	0	0	0	0	0	0	0	0	0	0	0	13.防禦力 - Defence	4096	21001	2	4021001	190	8.95	"1,701"	0.826
	72	5000	賢士銀槍	25	1.林沖	04.武器	06.藍	00.無	(2) 體 / 智 平均	12.收集品交換	"52,600"	"2,630"	3		pc01_weapon_0020			100	362	0	0	0	6	6	0	0	0	0	0	0	0	0	0	0	0	0	0	0	0	0	0	0	0	0	0	0	12.攻擊力 - Attack	2048	11001	2	4011001	410	7.77	"3,186"	0.826
	73	5000	勇士帽	30	1.林沖	01.帽子	03.灰	00.無	(0) 無	07.怪物掉寶	"56,300"	"2,815"	0		pc01_hat_0021			100	0	51	0	0	0	0	0	0	0	0	0	0	0	0	0	0	0	0	0	0	0	0	0	0	0	0	0	0	13.防禦力 - Defence	4096	21001	1	4021001	200	8.49	"1,698"	1.658
	74	5000	勇士袍	30	1.林沖	02.上衣	03.灰	00.無	(0) 無	07.怪物掉寶	"72,400"	"3,620"	1		pc01_torso_0021			100	0	110	0	0	0	0	0	0	0	0	0	0	0	0	0	0	0	0	0	0	0	0	0	0	0	0	0	0	13.防禦力 - Defence	4096	21001	1	4021001	200	10.92	"2,184"	1.658
	75	5000	勇士鞋	30	1.林沖	03.褲子	03.灰	00.無	(0) 無	07.怪物掉寶	"64,400"	"3,220"	2		pc01_pelvis_0021			100	0	64	0	0	0	0	0	0	0	0	0	0	0	0	0	0	0	0	0	0	0	0	0	0	0	0	0	0	13.防禦力 - Defence	4096	21001	1	4021001	200	9.71	"1,942"	1.658
	76	5000	勇士木槍	30	1.林沖	04.武器	03.灰	00.無	(0) 無	07.怪物掉寶	"120,700"	"6,035"	3		pc01_weapon_0021			100	276	0	0	0	0	0	0	0	0	0	0	0	0	0	0	0	0	0	0	0	0	0	0	0	0	0	0	0	12.攻擊力 - Attack	2048	11001	1	4011001	420	8.67	"3,642"	1.658
	77	5000	鍛鍊帽	30	1.林沖	01.帽子	04.白	00.無	(0) 無	03.商店購買	"56,300"	"5,630"	0		pc01_hat_0021			100	0	64	0	0	0	0	0	0	0	0	0	0	0	0	0	0	0	0	0	0	0	0	0	0	0	0	0	0	13.防禦力 - Defence	4096	21001	1	4021001	180	9.43	"1,698"	1.658
	78	5000	鍛鍊袍	30	1.林沖	02.上衣	04.白	00.無	(0) 無	03.商店購買	"72,400"	"7,240"	1		pc01_torso_0021			100	0	138	0	0	0	0	0	0	0	0	0	0	0	0	0	0	0	0	0	0	0	0	0	0	0	0	0	0	13.防禦力 - Defence	4096	21001	1	4021001	180	12.13	"2,184"	1.658
	79	5000	鍛鍊鞋	30	1.林沖	03.褲子	04.白	00.無	(0) 無	03.商店購買	"64,400"	"6,440"	2		pc01_pelvis_0021			100	0	80	0	0	0	0	0	0	0	0	0	0	0	0	0	0	0	0	0	0	0	0	0	0	0	0	0	0	13.防禦力 - Defence	4096	21001	1	4021001	180	10.79	"1,943"	1.658
	80	5000	鍛鍊鐵槍	30	1.林沖	04.武器	04.白	00.無	(0) 無	03.商店購買	"120,700"	"12,070"	3		pc01_weapon_0021			100	344	0	0	0	0	0	0	0	0	0	0	0	0	0	0	0	0	0	0	0	0	0	0	0	0	0	0	0	12.攻擊力 - Attack	2048	11001	1	4011001	380	9.58	"3,641"	1.658
	81	5000	鋼體帽	30	1.林沖	01.帽子	05.綠	00.無	(1) 智慧	07.怪物掉寶	"56,300"	"2,815"	0		pc01_hat_0021			100	0	68	0	0	0	7	0	0	0	0	0	0	0	0	0	0	0	0	0	0	0	0	0	0	0	0	0	0	13.防禦力 - Defence	4096	21001	2	4021001	190	8.94	"1,699"	1.658
	82	5000	鋼體袍	30	1.林沖	02.上衣	05.綠	00.無	(1) 最大 HP	07.怪物掉寶	"72,400"	"3,620"	1		pc01_torso_0021			100	0	147	0	0	0	0	0	0	0	0	0	0	0	0	0	0	0	0	160	0	0	0	0	0	0	0	0	0	13.防禦力 - Defence	4096	21001	2	4021001	190	11.49	"2,184"	1.658
	83	5000	鋼體鞋	30	1.林沖	03.褲子	05.綠	00.無	(1) 敏捷	07.怪物掉寶	"64,400"	"3,220"	2		pc01_pelvis_0021			100	0	86	0	9	0	0	0	0	0	0	0	0	0	0	0	0	0	0	0	0	0	0	0	0	0	0	0	0	13.防禦力 - Defence	4096	21001	2	4021001	190	10.22	"1,942"	1.658
	84	5000	鋼體銅槍	30	1.林沖	04.武器	05.綠	00.無	(1) 體能	07.怪物掉寶	"120,700"	"6,035"	3		pc01_weapon_0021			100	389	0	0	0	8	0	0	0	0	0	0	0	0	0	0	0	0	0	0	0	0	0	0	0	0	0	0	0	12.攻擊力 - Attack	2048	11001	2	4011001	400	9.1	"3,640"	1.658
	85	5000	精武帽	30	1.林沖	01.帽子	06.藍	00.無	(2) 敏 / 智 平均	12.收集品交換	"56,300"	"2,815"	0		pc01_hat_0021			100	0	81	0	8	0	7	0	0	0	0	0	0	0	0	0	0	0	0	0	0	0	0	0	0	0	0	0	0	13.防禦力 - Defence	4096	21001	2	4021001	190	8.94	"1,699"	1.658
	86	5000	精武袍	30	1.林沖	02.上衣	06.藍	00.無	(2) HP / 敏	12.收集品交換	"72,400"	"3,620"	1		pc01_torso_0021			100	0	175	0	8	0	0	0	0	0	0	0	0	0	0	0	0	0	0	140	0	0	0	0	0	0	0	0	0	13.防禦力 - Defence	4096	21001	2	4021001	190	11.49	"2,184"	1.658
	87	5000	精武鞋	30	1.林沖	03.褲子	06.藍	00.無	(2) 敏 / 體 平均	12.收集品交換	"64,400"	"3,220"	2		pc01_pelvis_0021			100	0	102	0	8	7	0	0	0	0	0	0	0	0	0	0	0	0	0	0	0	0	0	0	0	0	0	0	0	13.防禦力 - Defence	4096	21001	2	4021001	190	10.22	"1,942"	1.658
	88	5000	精武銀槍	30	1.林沖	04.武器	06.藍	00.無	(2) 體 / 智 平均	12.收集品交換	"120,700"	"6,035"	3		pc01_weapon_0021			100	456	0	0	0	7	7	0	0	0	0	0	0	0	0	0	0	0	0	0	0	0	0	0	0	0	0	0	0	12.攻擊力 - Attack	2048	11001	2	4011001	410	8.88	"3,641"	1.658
	89	5000	蒙古帽	35	1.林沖	01.帽子	03.灰	00.無	(0) 無	07.怪物掉寶	"114,700"	"5,735"	0		pc01_hat_0030			100	0	62	0	0	0	0	0	0	0	0	0	0	0	0	0	0	0	0	0	0	0	0	0	0	0	0	0	0	13.防禦力 - Defence	4096	21001	1	4021001	200	11.78	"2,356"	2.434
	90	5000	蒙古服	35	1.林沖	02.上衣	03.灰	00.無	(0) 無	07.怪物掉寶	"147,400"	"7,370"	1		pc01_torso_0030			100	0	133	0	0	0	0	0	0	0	0	0	0	0	0	0	0	0	0	0	0	0	0	0	0	0	0	0	0	13.防禦力 - Defence	4096	21001	1	4021001	200	15.14	"3,028"	2.434
	91	5000	蒙古袍	35	1.林沖	03.褲子	03.灰	00.無	(0) 無	07.怪物掉寶	"131,000"	"6,550"	2		pc01_pelvis_0030			100	0	77	0	0	0	0	0	0	0	0	0	0	0	0	0	0	0	0	0	0	0	0	0	0	0	0	0	0	13.防禦力 - Defence	4096	21001	1	4021001	200	13.46	"2,692"	2.434
	92	5000	蒙古木槍	35	1.林沖	04.武器	03.灰	00.無	(0) 無	07.怪物掉寶	"245,700"	"12,285"	3		pc01_weapon_0030			100	347	0	0	0	0	0	0	0	0	0	0	0	0	0	0	0	0	0	0	0	0	0	0	0	0	0	0	0	12.攻擊力 - Attack	2048	11001	1	4011001	420	12.02	"5,049"	2.434
	93	5000	荒野帽	35	1.林沖	01.帽子	04.白	00.無	(0) 無	03.商店購買	"114,700"	"11,470"	0		pc01_hat_0030			100	0	77	0	0	0	0	0	0	0	0	0	0	0	0	0	0	0	0	0	0	0	0	0	0	0	0	0	0	13.防禦力 - Defence	4096	21001	1	4021001	180	13.09	"2,357"	2.434
	94	5000	荒野袍	35	1.林沖	02.上衣	04.白	00.無	(0) 無	03.商店購買	"147,400"	"14,740"	1		pc01_torso_0030			100	0	166	0	0	0	0	0	0	0	0	0	0	0	0	0	0	0	0	0	0	0	0	0	0	0	0	0	0	13.防禦力 - Defence	4096	21001	1	4021001	180	16.83	"3,030"	2.434
	95	5000	荒野鞋	35	1.林沖	03.褲子	04.白	00.無	(0) 無	03.商店購買	"131,000"	"13,100"	2		pc01_pelvis_0030			100	0	97	0	0	0	0	0	0	0	0	0	0	0	0	0	0	0	0	0	0	0	0	0	0	0	0	0	0	13.防禦力 - Defence	4096	21001	1	4021001	180	14.95	"2,691"	2.434
	96	5000	荒野鐵槍	35	1.林沖	04.武器	04.白	00.無	(0) 無	03.商店購買	"245,700"	"24,570"	3		pc01_weapon_0030			100	434	0	0	0	0	0	0	0	0	0	0	0	0	0	0	0	0	0	0	0	0	0	0	0	0	0	0	0	12.攻擊力 - Attack	2048	11001	1	4011001	380	13.29	"5,051"	2.434
	97	5000	豪氣帽	35	1.林沖	01.帽子	05.綠	00.無	(1) 智慧	07.怪物掉寶	"114,700"	"5,735"	0		pc01_hat_0030			100	0	81	0	0	0	8	0	0	0	0	0	0	0	0	0	0	0	0	0	0	0	0	0	0	0	0	0	0	13.防禦力 - Defence	4096	21001	2	4021001	190	12.4	"2,356"	2.434
	98	5000	豪氣袍	35	1.林沖	02.上衣	05.綠	00.無	(1) 最大 HP	07.怪物掉寶	"147,400"	"7,370"	1		pc01_torso_0030			100	0	175	0	0	0	0	0	0	0	0	0	0	0	0	0	0	0	0	180	0	0	0	0	0	0	0	0	0	13.防禦力 - Defence	4096	21001	2	4021001	190	15.94	"3,029"	2.434
	99	5000	豪氣鞋	35	1.林沖	03.褲子	05.綠	00.無	(1) 敏捷	07.怪物掉寶	"131,000"	"6,550"	2		pc01_pelvis_0030			100	0	102	0	10	0	0	0	0	0	0	0	0	0	0	0	0	0	0	0	0	0	0	0	0	0	0	0	0	13.防禦力 - Defence	4096	21001	2	4021001	190	14.17	"2,693"	2.434
	100	5000	豪氣銅槍	35	1.林沖	04.武器	05.綠	00.無	(1) 體能	07.怪物掉寶	"245,700"	"12,285"	3		pc01_weapon_0030			100	487	0	0	0	9	0	0	0	0	0	0	0	0	0	0	0	0	0	0	0	0	0	0	0	0	0	0	0	12.攻擊力 - Attack	2048	11001	2	4011001	400	12.62	"5,048"	2.434
	101	5000	無牙帽	35	1.林沖	01.帽子	06.藍	00.無	(2) 敏 / 智 平均	12.收集品交換	"114,700"	"5,735"	0		pc01_hat_0030			100	0	96	0	9	0	7	0	0	0	0	0	0	0	0	0	0	0	0	0	0	0	0	0	0	0	0	0	0	13.防禦力 - Defence	4096	21001	2	4021001	190	12.4	"2,356"	2.434
	102	5000	無牙袍	35	1.林沖	02.上衣	06.藍	00.無	(2) HP / 敏	12.收集品交換	"147,400"	"7,370"	1		pc01_torso_0030			100	0	206	0	9	0	0	0	0	0	0	0	0	0	0	0	0	0	0	160	0	0	0	0	0	0	0	0	0	13.防禦力 - Defence	4096	21001	2	4021001	190	15.94	"3,029"	2.434
	103	5000	無牙鞋	35	1.林沖	03.褲子	06.藍	00.無	(2) 敏 / 體 平均	12.收集品交換	"131,000"	"6,550"	2		pc01_pelvis_0030			100	0	120	0	9	8	0	0	0	0	0	0	0	0	0	0	0	0	0	0	0	0	0	0	0	0	0	0	0	13.防禦力 - Defence	4096	21001	2	4021001	190	14.17	"2,693"	2.434
	104	5000	無牙銀槍	35	1.林沖	04.武器	06.藍	00.無	(2) 體 / 智 平均	12.收集品交換	"245,700"	"12,285"	3		pc01_weapon_0030			100	565	0	0	0	8	7	0	0	0	0	0	0	0	0	0	0	0	0	0	0	0	0	0	0	0	0	0	0	12.攻擊力 - Attack	2048	11001	2	4011001	410	12.31	"5,048"	2.434
	105	5000	浪人帽	40	1.林沖	01.帽子	03.灰	00.無	(0) 無	07.怪物掉寶	"211,200"	"10,560"	0		pc01_hat_0031			100	0	73	0	0	0	0	0	0	0	0	0	0	0	0	0	0	0	0	0	0	0	0	0	0	0	0	0	0	13.防禦力 - Defence	4096	21001	1	4021001	200	16.05	"3,210"	3.29
	106	5000	浪人袍	40	1.林沖	02.上衣	03.灰	00.無	(0) 無	07.怪物掉寶	"271,500"	"13,575"	1		pc01_torso_0031			100	0	157	0	0	0	0	0	0	0	0	0	0	0	0	0	0	0	0	0	0	0	0	0	0	0	0	0	0	13.防禦力 - Defence	4096	21001	1	4021001	200	20.64	"4,128"	3.29
	107	5000	浪人鞋	40	1.林沖	03.褲子	03.灰	00.無	(0) 無	07.怪物掉寶	"241,300"	"12,065"	2		pc01_pelvis_0031			100	0	91	0	0	0	0	0	0	0	0	0	0	0	0	0	0	0	0	0	0	0	0	0	0	0	0	0	0	13.防禦力 - Defence	4096	21001	1	4021001	200	18.34	"3,668"	3.29
	108	5000	浪人木槍	40	1.林沖	04.武器	03.灰	00.無	(0) 無	07.怪物掉寶	"452,500"	"22,625"	3		pc01_weapon_0031			100	431	0	0	0	0	0	0	0	0	0	0	0	0	0	0	0	0	0	0	0	0	0	0	0	0	0	0	0	12.攻擊力 - Attack	2048	11001	1	4011001	420	16.38	"6,880"	3.29
	109	5000	俠客帽	40	1.林沖	01.帽子	04.白	00.無	(0) 無	03.商店購買	"211,200"	"21,120"	0		pc01_hat_0031			100	0	91	0	0	0	0	0	0	0	0	0	0	0	0	0	0	0	0	0	0	0	0	0	0	0	0	0	0	13.防禦力 - Defence	4096	21001	1	4021001	180	17.84	"3,212"	3.29
	110	5000	俠客袍	40	1.林沖	02.上衣	04.白	00.無	(0) 無	03.商店購買	"271,500"	"27,150"	1		pc01_torso_0031			100	0	196	0	0	0	0	0	0	0	0	0	0	0	0	0	0	0	0	0	0	0	0	0	0	0	0	0	0	13.防禦力 - Defence	4096	21001	1	4021001	180	22.93	"4,128"	3.29
	111	5000	俠客鞋	40	1.林沖	03.褲子	04.白	00.無	(0) 無	03.商店購買	"241,300"	"24,130"	2		pc01_pelvis_0031			100	0	114	0	0	0	0	0	0	0	0	0	0	0	0	0	0	0	0	0	0	0	0	0	0	0	0	0	0	13.防禦力 - Defence	4096	21001	1	4021001	180	20.38	"3,669"	3.29
	112	5000	俠客鐵槍	40	1.林沖	04.武器	04.白	00.無	(0) 無	03.商店購買	"452,500"	"45,250"	3		pc01_weapon_0031			100	538	0	0	0	0	0	0	0	0	0	0	0	0	0	0	0	0	0	0	0	0	0	0	0	0	0	0	0	12.攻擊力 - Attack	2048	11001	1	4011001	380	18.1	"6,878"	3.29
	113	5000	千履帽	40	1.林沖	01.帽子	05.綠	00.無	(1) 智慧	07.怪物掉寶	"211,200"	"10,560"	0		pc01_hat_0031			100	0	95	0	0	0	9	0	0	0	0	0	0	0	0	0	0	0	0	0	0	0	0	0	0	0	0	0	0	13.防禦力 - Defence	4096	21001	2	4021001	190	16.9	"3,211"	3.29
	114	5000	千履袍	40	1.林沖	02.上衣	05.綠	00.無	(1) 最大 HP	07.怪物掉寶	"271,500"	"13,575"	1		pc01_torso_0031			100	0	203	0	0	0	0	0	0	0	0	0	0	0	0	0	0	0	0	200	0	0	0	0	0	0	0	0	0	13.防禦力 - Defence	4096	21001	2	4021001	190	21.72	"4,127"	3.29
	115	5000	千履鞋	40	1.林沖	03.褲子	05.綠	00.無	(1) 敏捷	07.怪物掉寶	"241,300"	"12,065"	2		pc01_pelvis_0031			100	0	118	0	11	0	0	0	0	0	0	0	0	0	0	0	0	0	0	0	0	0	0	0	0	0	0	0	0	13.防禦力 - Defence	4096	21001	2	4021001	190	19.31	"3,669"	3.29
	116	5000	千履銅槍	40	1.林沖	04.武器	05.綠	00.無	(1) 體能	07.怪物掉寶	"452,500"	"22,625"	3		pc01_weapon_0031			100	598	0	0	0	10	0	0	0	0	0	0	0	0	0	0	0	0	0	0	0	0	0	0	0	0	0	0	0	12.攻擊力 - Attack	2048	11001	2	4011001	400	17.2	"6,880"	3.29
	117	5000	密宗帽	40	1.林沖	01.帽子	06.藍	00.無	(2) 敏 / 智 平均	12.收集品交換	"211,200"	"10,560"	0		pc01_hat_0031			100	0	111	0	10	0	8	0	0	0	0	0	0	0	0	0	0	0	0	0	0	0	0	0	0	0	0	0	0	13.防禦力 - Defence	4096	21001	2	4021001	190	16.9	"3,211"	3.29
	118	5000	密宗袍	40	1.林沖	02.上衣	06.藍	00.無	(2) HP / 敏	12.收集品交換	"271,500"	"13,575"	1		pc01_torso_0031			100	0	239	0	10	0	0	0	0	0	0	0	0	0	0	0	0	0	0	180	0	0	0	0	0	0	0	0	0	13.防禦力 - Defence	4096	21001	2	4021001	190	21.72	"4,127"	3.29
	119	5000	密宗鞋	40	1.林沖	03.褲子	06.藍	00.無	(2) 敏 / 體 平均	12.收集品交換	"241,300"	"12,065"	2		pc01_pelvis_0031			100	0	139	0	10	9	0	0	0	0	0	0	0	0	0	0	0	0	0	0	0	0	0	0	0	0	0	0	0	13.防禦力 - Defence	4096	21001	2	4021001	190	19.31	"3,669"	3.29
	120	5000	密宗銀槍	40	1.林沖	04.武器	06.藍	00.無	(2) 體 / 智 平均	12.收集品交換	"452,500"	"22,625"	3		pc01_weapon_0031			100	692	0	0	0	9	8	0	0	0	0	0	0	0	0	0	0	0	0	0	0	0	0	0	0	0	0	0	0	12.攻擊力 - Attack	2048	11001	2	4011001	410	16.78	"6,880"	3.29
	121	5000	忍者帽	45	1.林沖	01.帽子	07.紫	00.無	(3) MP / 敏 / 智	07.怪物掉寶	"363,000"	"18,150"	0		pc01_hat_0032			100	0	143	0	10	0	8	0	0	0	0	0	0	0	0	0	0	0	0	0	400	0	0	0	0	0	0	0	0	13.防禦力 - Defence	4096	21001	3	6021001	200	21.3	"4,260"	4.261
	122	5000	忍者袍	45	1.林沖	02.上衣	07.紫	00.無	(3) HP / 敏 / 智	07.怪物掉寶	"467,000"	"23,350"	1		pc01_torso_0032			100	0	307	0	10	0	8	0	0	0	0	0	0	0	0	0	0	0	0	170	0	0	0	0	0	0	0	0	0	13.防禦力 - Defence	4096	21001	3	6021001	200	27.4	"5,480"	4.261
	123	5000	忍者鞋	45	1.林沖	03.褲子	07.紫	00.無	(3) MP / 敏 / 體	07.怪物掉寶	"415,000"	"20,750"	2		pc01_pelvis_0032			100	0	179	0	10	8	0	0	0	0	0	0	0	0	0	0	0	0	0	0	200	0	0	0	0	0	0	0	0	13.防禦力 - Defence	4096	21001	3	6021001	200	24.35	"4,870"	4.261
	124	5000	忍者金槍	45	1.林沖	04.武器	07.紫	00.無	(3) HP / 體 / 智	07.怪物掉寶	"778,000"	"38,900"	3		pc01_weapon_0032			100	1008	0	0	0	8	8	0	0	0	0	0	0	0	0	0	0	0	0	90	0	0	0	0	0	0	0	0	0	12.攻擊力 - Attack	2048	11001	3	6011001	420	21.74	"9,131"	4.261
	125	5000	高原帽	45	1.林沖	01.帽子	03.灰	00.無	(0) 無	07.怪物掉寶	"363,000"	"18,150"	0		pc01_hat_0040			100	0	85	0	0	0	0	0	0	0	0	0	0	0	0	0	0	0	0	0	0	0	0	0	0	0	0	0	0	13.防禦力 - Defence	4096	21001	1	6021001	200	21.3	"4,260"	4.261
	126	5000	高原袍	45	1.林沖	02.上衣	03.灰	00.無	(0) 無	07.怪物掉寶	"467,000"	"23,350"	1		pc01_torso_0040			100	0	182	0	0	0	0	0	0	0	0	0	0	0	0	0	0	0	0	0	0	0	0	0	0	0	0	0	0	13.防禦力 - Defence	4096	21001	1	6021001	200	27.4	"5,480"	4.261
	127	5000	高原鞋	45	1.林沖	03.褲子	03.灰	00.無	(0) 無	07.怪物掉寶	"415,000"	"20,750"	2		pc01_pelvis_0040			100	0	106	0	0	0	0	0	0	0	0	0	0	0	0	0	0	0	0	0	0	0	0	0	0	0	0	0	0	13.防禦力 - Defence	4096	21001	1	6021001	200	24.35	"4,870"	4.261
	128	5000	高原木槍	45	1.林沖	04.武器	03.灰	00.無	(0) 無	07.怪物掉寶	"778,000"	"38,900"	3		pc01_weapon_0040			100	527	0	0	0	0	0	0	0	0	0	0	0	0	0	0	0	0	0	0	0	0	0	0	0	0	0	0	0	12.攻擊力 - Attack	2048	11001	1	6011001	420	21.74	"9,131"	4.261
	129	5000	狩獵帽	45	1.林沖	01.帽子	04.白	00.無	(0) 無	03.商店購買	"363,000"	"36,300"	0		pc01_hat_0040			100	0	106	0	0	0	0	0	0	0	0	0	0	0	0	0	0	0	0	0	0	0	0	0	0	0	0	0	0	13.防禦力 - Defence	4096	21001	1	6021001	180	23.66	"4,259"	4.261
	130	5000	狩獵袍	45	1.林沖	02.上衣	04.白	00.無	(0) 無	03.商店購買	"467,000"	"46,700"	1		pc01_torso_0040			100	0	227	0	0	0	0	0	0	0	0	0	0	0	0	0	0	0	0	0	0	0	0	0	0	0	0	0	0	13.防禦力 - Defence	4096	21001	1	6021001	180	30.44	"5,480"	4.261
	131	5000	狩獵鞋	45	1.林沖	03.褲子	04.白	00.無	(0) 無	03.商店購買	"415,000"	"41,500"	2		pc01_pelvis_0040			100	0	132	0	0	0	0	0	0	0	0	0	0	0	0	0	0	0	0	0	0	0	0	0	0	0	0	0	0	13.防禦力 - Defence	4096	21001	1	6021001	180	27.05	"4,869"	4.261
	132	5000	狩獵鐵槍	45	1.林沖	04.武器	04.白	00.無	(0) 無	03.商店購買	"778,000"	"77,800"	3		pc01_weapon_0040			100	659	0	0	0	0	0	0	0	0	0	0	0	0	0	0	0	0	0	0	0	0	0	0	0	0	0	0	0	12.攻擊力 - Attack	2048	11001	1	6011001	380	24.02	"9,128"	4.261
	133	5000	伏獸帽	45	1.林沖	01.帽子	05.綠	00.無	(1) 智慧	07.怪物掉寶	"363,000"	"18,150"	0		pc01_hat_0040			100	0	109	0	0	0	10	0	0	0	0	0	0	0	0	0	0	0	0	0	0	0	0	0	0	0	0	0	0	13.防禦力 - Defence	4096	21001	2	6021001	190	22.42	"4,260"	4.261
	134	5000	伏獸袍	45	1.林沖	02.上衣	05.綠	00.無	(1) 最大 HP	07.怪物掉寶	"467,000"	"23,350"	1		pc01_torso_0040			100	0	234	0	0	0	0	0	0	0	0	0	0	0	0	0	0	0	0	220	0	0	0	0	0	0	0	0	0	13.防禦力 - Defence	4096	21001	2	6021001	190	28.84	"5,480"	4.261
	135	5000	伏獸鞋	45	1.林沖	03.褲子	05.綠	00.無	(1) 敏捷	07.怪物掉寶	"415,000"	"20,750"	2		pc01_pelvis_0040			100	0	136	0	13	0	0	0	0	0	0	0	0	0	0	0	0	0	0	0	0	0	0	0	0	0	0	0	0	13.防禦力 - Defence	4096	21001	2	6021001	190	25.63	"4,870"	4.261
	136	5000	伏獸銅槍	45	1.林沖	04.武器	05.綠	00.無	(1) 體能	07.怪物掉寶	"778,000"	"38,900"	3		pc01_weapon_0040			100	727	0	0	0	11	0	0	0	0	0	0	0	0	0	0	0	0	0	0	0	0	0	0	0	0	0	0	0	12.攻擊力 - Attack	2048	11001	2	6011001	400	22.82	"9,128"	4.261
	137	5000	悍體帽	45	1.林沖	01.帽子	06.藍	00.無	(2) 敏 / 智 平均	12.收集品交換	"363,000"	"18,150"	0		pc01_hat_0040			100	0	127	0	11	0	9	0	0	0	0	0	0	0	0	0	0	0	0	0	0	0	0	0	0	0	0	0	0	13.防禦力 - Defence	4096	21001	2	6021001	190	22.42	"4,260"	4.261
	138	5000	悍體袍	45	1.林沖	02.上衣	06.藍	00.無	(2) HP / 敏	12.收集品交換	"467,000"	"23,350"	1		pc01_torso_0040			100	0	273	0	10	0	0	0	0	0	0	0	0	0	0	0	0	0	0	190	0	0	0	0	0	0	0	0	0	13.防禦力 - Defence	4096	21001	2	6021001	190	28.84	"5,480"	4.261
	139	5000	悍體鞋	45	1.林沖	03.褲子	06.藍	00.無	(2) 敏 / 體 平均	12.收集品交換	"415,000"	"20,750"	2		pc01_pelvis_0040			100	0	159	0	11	9	0	0	0	0	0	0	0	0	0	0	0	0	0	0	0	0	0	0	0	0	0	0	0	13.防禦力 - Defence	4096	21001	2	6021001	190	25.63	"4,870"	4.261
	140	5000	悍體銀槍	45	1.林沖	04.武器	06.藍	00.無	(2) 體 / 智 平均	12.收集品交換	"778,000"	"38,900"	3		pc01_weapon_0040			100	839	0	0	0	9	9	0	0	0	0	0	0	0	0	0	0	0	0	0	0	0	0	0	0	0	0	0	0	12.攻擊力 - Attack	2048	11001	2	6011001	410	22.27	"9,131"	4.261
	141	5000	宮城帽	50	1.林沖	01.帽子	03.灰	00.無	(0) 無	07.怪物掉寶	"592,000"	"29,600"	0		pc01_hat_0041			100	0	97	0	0	0	0	0	0	0	0	0	0	0	0	0	0	0	0	0	0	0	0	0	0	0	0	0	0	13.防禦力 - Defence	4096	21001	1	6021001	200	27.67	"5,534"	5.349
	142	5000	宮城袍	50	1.林沖	02.上衣	03.灰	00.無	(0) 無	07.怪物掉寶	"762,000"	"38,100"	1		pc01_torso_0041			100	0	208	0	0	0	0	0	0	0	0	0	0	0	0	0	0	0	0	0	0	0	0	0	0	0	0	0	0	13.防禦力 - Defence	4096	21001	1	6021001	200	35.62	"7,124"	5.349
	143	5000	宮城鞋	50	1.林沖	03.褲子	03.灰	00.無	(0) 無	07.怪物掉寶	"677,000"	"33,850"	2		pc01_pelvis_0041			100	0	121	0	0	0	0	0	0	0	0	0	0	0	0	0	0	0	0	0	0	0	0	0	0	0	0	0	0	13.防禦力 - Defence	4096	21001	1	6021001	200	31.64	"6,328"	5.349
	144	5000	宮城木槍	50	1.林沖	04.武器	03.灰	00.無	(0) 無	07.怪物掉寶	"1,269,000"	"63,450"	3		pc01_weapon_0041			100	639	0	0	0	0	0	0	0	0	0	0	0	0	0	0	0	0	0	0	0	0	0	0	0	0	0	0	0	12.攻擊力 - Attack	2048	11001	1	6011001	420	28.24	"11,861"	5.349
	145	5000	銳眼帽	50	1.林沖	01.帽子	04.白	00.無	(0) 無	03.商店購買	"592,000"	"59,200"	0		pc01_hat_0041			100	0	121	0	0	0	0	0	0	0	0	0	0	0	0	0	0	0	0	0	0	0	0	0	0	0	0	0	0	13.防禦力 - Defence	4096	21001	1	6021001	180	30.74	"5,534"	5.349
	146	5000	銳眼袍	50	1.林沖	02.上衣	04.白	00.無	(0) 無	03.商店購買	"762,000"	"76,200"	1		pc01_torso_0041			100	0	260	0	0	0	0	0	0	0	0	0	0	0	0	0	0	0	0	0	0	0	0	0	0	0	0	0	0	13.防禦力 - Defence	4096	21001	1	6021001	180	39.57	"7,123"	5.349
	147	5000	銳眼鞋	50	1.林沖	03.褲子	04.白	00.無	(0) 無	03.商店購買	"677,000"	"67,700"	2		pc01_pelvis_0041			100	0	151	0	0	0	0	0	0	0	0	0	0	0	0	0	0	0	0	0	0	0	0	0	0	0	0	0	0	13.防禦力 - Defence	4096	21001	1	6021001	180	35.16	"6,329"	5.349
	148	5000	銳眼鐵槍	50	1.林沖	04.武器	04.白	00.無	(0) 無	03.商店購買	"1,269,000"	"126,900"	3		pc01_weapon_0041			100	799	0	0	0	0	0	0	0	0	0	0	0	0	0	0	0	0	0	0	0	0	0	0	0	0	0	0	0	12.攻擊力 - Attack	2048	11001	1	6011001	380	31.22	"11,864"	5.349
	149	5000	猛略帽	50	1.林沖	01.帽子	05.綠	00.無	(1) 智慧	07.怪物掉寶	"592,000"	"29,600"	0		pc01_hat_0041			100	0	123	0	0	0	11	0	0	0	0	0	0	0	0	0	0	0	0	0	0	0	0	0	0	0	0	0	0	13.防禦力 - Defence	4096	21001	2	6021001	190	29.13	"5,535"	5.349
	150	5000	猛略袍	50	1.林沖	02.上衣	05.綠	00.無	(1) 最大 HP	07.怪物掉寶	"762,000"	"38,100"	1		pc01_torso_0041			100	0	264	0	0	0	0	0	0	0	0	0	0	0	0	0	0	0	0	240	0	0	0	0	0	0	0	0	0	13.防禦力 - Defence	4096	21001	2	6021001	190	37.49	"7,124"	5.349
	151	5000	猛略鞋	50	1.林沖	03.褲子	05.綠	00.無	(1) 敏捷	07.怪物掉寶	"677,000"	"33,850"	2		pc01_pelvis_0041			100	0	154	0	14	0	0	0	0	0	0	0	0	0	0	0	0	0	0	0	0	0	0	0	0	0	0	0	0	13.防禦力 - Defence	4096	21001	2	6021001	190	33.31	"6,329"	5.349
	152	5000	猛略銅槍	50	1.林沖	04.武器	05.綠	00.無	(1) 體能	07.怪物掉寶	"1,269,000"	"63,450"	3		pc01_weapon_0041			100	878	0	0	0	12	0	0	0	0	0	0	0	0	0	0	0	0	0	0	0	0	0	0	0	0	0	0	0	12.攻擊力 - Attack	2048	11001	2	6011001	400	29.66	"11,864"	5.349
	153	5000	歷練帽	50	1.林沖	01.帽子	06.藍	00.無	(2) 敏 / 智 平均	12.收集品交換	"592,000"	"29,600"	0		pc01_hat_0041			100	0	143	0	12	0	10	0	0	0	0	0	0	0	0	0	0	0	0	0	0	0	0	0	0	0	0	0	0	13.防禦力 - Defence	4096	21001	2	6021001	190	29.13	"5,535"	5.349
	154	5000	歷練袍	50	1.林沖	02.上衣	06.藍	00.無	(2) HP / 敏	12.收集品交換	"762,000"	"38,100"	1		pc01_torso_0041			100	0	307	0	11	0	0	0	0	0	0	0	0	0	0	0	0	0	0	210	0	0	0	0	0	0	0	0	0	13.防禦力 - Defence	4096	21001	2	6021001	190	37.49	"7,124"	5.349
	155	5000	歷練鞋	50	1.林沖	03.褲子	06.藍	00.無	(2) 敏 / 體 平均	12.收集品交換	"677,000"	"33,850"	2		pc01_pelvis_0041			100	0	179	0	12	10	0	0	0	0	0	0	0	0	0	0	0	0	0	0	0	0	0	0	0	0	0	0	0	13.防禦力 - Defence	4096	21001	2	6021001	190	33.31	"6,329"	5.349
	156	5000	歷練銀槍	50	1.林沖	04.武器	06.藍	00.無	(2) 體 / 智 平均	12.收集品交換	"1,269,000"	"63,450"	3		pc01_weapon_0041			100	1008	0	0	0	10	10	0	0	0	0	0	0	0	0	0	0	0	0	0	0	0	0	0	0	0	0	0	0	12.攻擊力 - Attack	2048	11001	2	6011001	410	28.93	"11,862"	5.349
	157	5000	豺狼帽	55	1.林沖	01.帽子	03.灰	00.無	(0) 無	07.怪物掉寶	"929,000"	"46,450"	0		pc01_hat_0050			100	0	109	0	0	0	0	0	0	0	0	0	0	0	0	0	0	0	0	0	0	0	0	0	0	0	0	0	0	13.防禦力 - Defence	4096	21001	1	6021001	200	35.46	"7,092"	6.55
	158	5000	豺狼袍	55	1.林沖	02.上衣	03.灰	00.無	(0) 無	07.怪物掉寶	"1,194,000"	"59,700"	1		pc01_torso_0050			100	0	234	0	0	0	0	0	0	0	0	0	0	0	0	0	0	0	0	0	0	0	0	0	0	0	0	0	0	13.防禦力 - Defence	4096	21001	1	6021001	200	45.58	"9,116"	6.55
	159	5000	豺狼鞋	55	1.林沖	03.褲子	03.灰	00.無	(0) 無	07.怪物掉寶	"1,061,000"	"53,050"	2		pc01_pelvis_0050			100	0	136	0	0	0	0	0	0	0	0	0	0	0	0	0	0	0	0	0	0	0	0	0	0	0	0	0	0	13.防禦力 - Defence	4096	21001	1	6021001	200	40.5	"8,100"	6.55
	160	5000	豺狼木槍	55	1.林沖	04.武器	03.灰	00.無	(0) 無	07.怪物掉寶	"1,990,000"	"99,500"	3		pc01_weapon_0050			100	768	0	0	0	0	0	0	0	0	0	0	0	0	0	0	0	0	0	0	0	0	0	0	0	0	0	0	0	12.攻擊力 - Attack	2048	11001	1	6011001	420	36.17	"15,192"	6.55
	161	5000	孤狼帽	55	1.林沖	01.帽子	04.白	00.無	(0) 無	03.商店購買	"929,000"	"92,900"	0		pc01_hat_0050			100	0	136	0	0	0	0	0	0	0	0	0	0	0	0	0	0	0	0	0	0	0	0	0	0	0	0	0	0	13.防禦力 - Defence	4096	21001	1	6021001	180	39.4	"7,092"	6.55
	162	5000	孤狼袍	55	1.林沖	02.上衣	04.白	00.無	(0) 無	03.商店購買	"1,194,000"	"119,400"	1		pc01_torso_0050			100	0	293	0	0	0	0	0	0	0	0	0	0	0	0	0	0	0	0	0	0	0	0	0	0	0	0	0	0	13.防禦力 - Defence	4096	21001	1	6021001	180	50.64	"9,116"	6.55
	163	5000	孤狼鞋	55	1.林沖	03.褲子	04.白	00.無	(0) 無	03.商店購買	"1,061,000"	"106,100"	2		pc01_pelvis_0050			100	0	170	0	0	0	0	0	0	0	0	0	0	0	0	0	0	0	0	0	0	0	0	0	0	0	0	0	0	13.防禦力 - Defence	4096	21001	1	6021001	180	45	"8,100"	6.55
	164	5000	孤狼鐵槍	55	1.林沖	04.武器	04.白	00.無	(0) 無	03.商店購買	"1,990,000"	"199,000"	3		pc01_weapon_0050			100	960	0	0	0	0	0	0	0	0	0	0	0	0	0	0	0	0	0	0	0	0	0	0	0	0	0	0	0	12.攻擊力 - Attack	2048	11001	1	6011001	380	39.98	"15,193"	6.55
	165	5000	銀狐帽	55	1.林沖	01.帽子	05.綠	00.無	(1) 智慧	07.怪物掉寶	"929,000"	"46,450"	0		pc01_hat_0050			100	0	137	0	0	0	12	0	0	0	0	0	0	0	0	0	0	0	0	0	0	0	0	0	0	0	0	0	0	13.防禦力 - Defence	4096	21001	2	6021001	190	37.33	"7,093"	6.55
	166	5000	銀狐袍	55	1.林沖	02.上衣	05.綠	00.無	(1) 最大 HP	07.怪物掉寶	"1,194,000"	"59,700"	1		pc01_torso_0050			100	0	295	0	0	0	0	0	0	0	0	0	0	0	0	0	0	0	0	260	0	0	0	0	0	0	0	0	0	13.防禦力 - Defence	4096	21001	2	6021001	190	47.98	"9,117"	6.55
	167	5000	銀狐鞋	55	1.林沖	03.褲子	05.綠	00.無	(1) 敏捷	07.怪物掉寶	"1,061,000"	"53,050"	2		pc01_pelvis_0050			100	0	172	0	15	0	0	0	0	0	0	0	0	0	0	0	0	0	0	0	0	0	0	0	0	0	0	0	0	13.防禦力 - Defence	4096	21001	2	6021001	190	42.63	"8,100"	6.55
	168	5000	銀狐銅槍	55	1.林沖	04.武器	05.綠	00.無	(1) 體能	07.怪物掉寶	"1,990,000"	"99,500"	3		pc01_weapon_0050			100	1050	0	0	0	13	0	0	0	0	0	0	0	0	0	0	0	0	0	0	0	0	0	0	0	0	0	0	0	12.攻擊力 - Attack	2048	11001	2	6011001	400	37.98	"15,192"	6.55
	169	5000	犬嘯帽	55	1.林沖	01.帽子	06.藍	00.無	(2) 敏 / 智 平均	12.收集品交換	"929,000"	"46,450"	0		pc01_hat_0050			100	0	159	0	13	0	10	0	0	0	0	0	0	0	0	0	0	0	0	0	0	0	0	0	0	0	0	0	0	13.防禦力 - Defence	4096	21001	2	6021001	190	37.33	"7,093"	6.55
	170	5000	犬嘯帽	55	1.林沖	02.上衣	06.藍	00.無	(2) HP / 敏	12.收集品交換	"1,194,000"	"59,700"	1		pc01_torso_0050			100	0	343	0	12	0	0	0	0	0	0	0	0	0	0	0	0	0	0	230	0	0	0	0	0	0	0	0	0	13.防禦力 - Defence	4096	21001	2	6021001	190	47.98	"9,117"	6.55
	171	5000	犬嘯帽	55	1.林沖	03.褲子	06.藍	00.無	(2) 敏 / 體 平均	12.收集品交換	"1,061,000"	"53,050"	2		pc01_pelvis_0050			100	0	199	0	13	11	0	0	0	0	0	0	0	0	0	0	0	0	0	0	0	0	0	0	0	0	0	0	0	13.防禦力 - Defence	4096	21001	2	6021001	190	42.63	"8,100"	6.55
	172	5000	犬嘯銀槍	55	1.林沖	04.武器	06.藍	00.無	(2) 體 / 智 平均	12.收集品交換	"1,990,000"	"99,500"	3		pc01_weapon_0050			100	1204	0	0	0	11	10	0	0	0	0	0	0	0	0	0	0	0	0	0	0	0	0	0	0	0	0	0	0	12.攻擊力 - Attack	2048	11001	2	6011001	410	37.06	"15,195"	6.55
	173	5000	碎石帽	60	1.林沖	01.帽子	03.灰	00.無	(0) 無	07.怪物掉寶	"1,407,000"	"70,350"	0		pc01_hat_0051			100	0	121	0	0	0	0	0	0	0	0	0	0	0	0	0	0	0	0	0	0	0	0	0	0	0	0	0	0	13.防禦力 - Defence	4096	21001	1	6021001	200	44.82	"8,964"	7.848
	174	5000	碎石袍	60	1.林沖	02.上衣	03.灰	00.無	(0) 無	07.怪物掉寶	"1,809,000"	"90,450"	1		pc01_torso_0051			100	0	261	0	0	0	0	0	0	0	0	0	0	0	0	0	0	0	0	0	0	0	0	0	0	0	0	0	0	13.防禦力 - Defence	4096	21001	1	6021001	200	57.63	"11,526"	7.848
	175	5000	碎石鞋	60	1.林沖	03.褲子	03.灰	00.無	(0) 無	07.怪物掉寶	"1,608,000"	"80,400"	2		pc01_pelvis_0051			100	0	152	0	0	0	0	0	0	0	0	0	0	0	0	0	0	0	0	0	0	0	0	0	0	0	0	0	0	13.防禦力 - Defence	4096	21001	1	6021001	200	51.23	"10,246"	7.848
	176	5000	碎石木槍	60	1.林沖	04.武器	03.灰	00.無	(0) 無	07.怪物掉寶	"3,015,000"	"150,750"	3		pc01_weapon_0051			100	917	0	0	0	0	0	0	0	0	0	0	0	0	0	0	0	0	0	0	0	0	0	0	0	0	0	0	0	12.攻擊力 - Attack	2048	11001	1	6011001	420	45.74	"19,211"	7.848
	177	5000	青石帽	60	1.林沖	01.帽子	04.白	00.無	(0) 無	03.商店購買	"1,407,000"	"140,700"	0		pc01_hat_0051			100	0	152	0	0	0	0	0	0	0	0	0	0	0	0	0	0	0	0	0	0	0	0	0	0	0	0	0	0	13.防禦力 - Defence	4096	21001	1	6021001	180	49.8	"8,964"	7.848
	178	5000	青石袍	60	1.林沖	02.上衣	04.白	00.無	(0) 無	03.商店購買	"1,809,000"	"180,900"	1		pc01_torso_0051			100	0	326	0	0	0	0	0	0	0	0	0	0	0	0	0	0	0	0	0	0	0	0	0	0	0	0	0	0	13.防禦力 - Defence	4096	21001	1	6021001	180	64.03	"11,526"	7.848
	179	5000	青石鞋	60	1.林沖	03.褲子	04.白	00.無	(0) 無	03.商店購買	"1,608,000"	"160,800"	2		pc01_pelvis_0051			100	0	190	0	0	0	0	0	0	0	0	0	0	0	0	0	0	0	0	0	0	0	0	0	0	0	0	0	0	13.防禦力 - Defence	4096	21001	1	6021001	180	56.92	"10,246"	7.848
	180	5000	青石鐵槍	60	1.林沖	04.武器	04.白	00.無	(0) 無	03.商店購買	"3,015,000"	"301,500"	3		pc01_weapon_0051			100	1147	0	0	0	0	0	0	0	0	0	0	0	0	0	0	0	0	0	0	0	0	0	0	0	0	0	0	0	12.攻擊力 - Attack	2048	11001	1	6011001	380	50.55	"19,209"	7.848
	181	5000	巨石帽	60	1.林沖	01.帽子	05.綠	00.無	(1) 智慧	07.怪物掉寶	"1,407,000"	"70,350"	0		pc01_hat_0051			100	0	152	0	0	0	13	0	0	0	0	0	0	0	0	0	0	0	0	0	0	0	0	0	0	0	0	0	0	13.防禦力 - Defence	4096	21001	2	6021001	190	47.18	"8,965"	7.848
	182	5000	巨石袍	60	1.林沖	02.上衣	05.綠	00.無	(1) 最大 HP	07.怪物掉寶	"1,809,000"	"90,450"	1		pc01_torso_0051			100	0	327	0	0	0	0	0	0	0	0	0	0	0	0	0	0	0	0	280	0	0	0	0	0	0	0	0	0	13.防禦力 - Defence	4096	21001	2	6021001	190	60.66	"11,526"	7.848
	183	5000	巨石鞋	60	1.林沖	03.褲子	05.綠	00.無	(1) 敏捷	07.怪物掉寶	"1,608,000"	"80,400"	2		pc01_pelvis_0051			100	0	190	0	16	0	0	0	0	0	0	0	0	0	0	0	0	0	0	0	0	0	0	0	0	0	0	0	0	13.防禦力 - Defence	4096	21001	2	6021001	190	53.92	"10,245"	7.848
	184	5000	巨石銅槍	60	1.林沖	04.武器	05.綠	00.無	(1) 體能	07.怪物掉寶	"3,015,000"	"150,750"	3		pc01_weapon_0051			100	1250	0	0	0	14	0	0	0	0	0	0	0	0	0	0	0	0	0	0	0	0	0	0	0	0	0	0	0	12.攻擊力 - Attack	2048	11001	2	6011001	400	48.03	"19,212"	7.848
	185	5000	隕石帽	60	1.林沖	01.帽子	06.藍	00.無	(2) 敏 / 智 平均	12.收集品交換	"1,407,000"	"70,350"	0		pc01_hat_0051			100	0	176	0	14	0	11	0	0	0	0	0	0	0	0	0	0	0	0	0	0	0	0	0	0	0	0	0	0	13.防禦力 - Defence	4096	21001	2	6021001	190	47.18	"8,965"	7.848
	186	5000	隕石袍	60	1.林沖	02.上衣	06.藍	00.無	(2) HP / 敏	12.收集品交換	"1,809,000"	"90,450"	1		pc01_torso_0051			100	0	377	0	13	0	0	0	0	0	0	0	0	0	0	0	0	0	0	240	0	0	0	0	0	0	0	0	0	13.防禦力 - Defence	4096	21001	2	6021001	190	60.66	"11,526"	7.848
	187	5000	隕石鞋	60	1.林沖	03.褲子	06.藍	00.無	(2) 敏 / 體 平均	12.收集品交換	"1,608,000"	"80,400"	2		pc01_pelvis_0051			100	0	219	0	14	12	0	0	0	0	0	0	0	0	0	0	0	0	0	0	0	0	0	0	0	0	0	0	0	13.防禦力 - Defence	4096	21001	2	6021001	190	53.92	"10,245"	7.848
	188	5000	隕石銀槍	60	1.林沖	04.武器	06.藍	00.無	(2) 體 / 智 平均	12.收集品交換	"3,015,000"	"150,750"	3		pc01_weapon_0051			100	1429	0	0	0	12	11	0	0	0	0	0	0	0	0	0	0	0	0	0	0	0	0	0	0	0	0	0	0	12.攻擊力 - Attack	2048	11001	2	6011001	410	46.85	"19,209"	7.848
	189	5000	骷髏帽	55	1.林沖	01.帽子	07.紫	00.無	(3) MP / 敏 / 智	07.怪物掉寶	"929,000"	"46,450"	0		pc01_hat_0052			100	0	176	0	11	0	9	0	0	0	0	0	0	0	0	0	0	0	0	0	470	0	0	0	0	0	0	0	0	13.防禦力 - Defence	4096	21001	3	6021001	200	35.46	"7,092"	6.55
	190	5000	骷髏袍	55	1.林沖	02.上衣	07.紫	00.無	(3) HP / 敏 / 智	07.怪物掉寶	"1,194,000"	"59,700"	1		pc01_torso_0052			100	0	377	0	11	0	9	0	0	0	0	0	0	0	0	0	0	0	0	200	0	0	0	0	0	0	0	0	0	13.防禦力 - Defence	4096	21001	3	6021001	200	45.58	"9,116"	6.55
	191	5000	骷髏鞋	55	1.林沖	03.褲子	07.紫	00.無	(3) MP / 敏 / 體	07.怪物掉寶	"1,061,000"	"53,050"	2		pc01_pelvis_0052			100	0	219	0	11	10	0	0	0	0	0	0	0	0	0	0	0	0	0	0	230	0	0	0	0	0	0	0	0	13.防禦力 - Defence	4096	21001	3	6021001	200	40.5	"8,100"	6.55
	192	5000	骷髏金槍	55	1.林沖	04.武器	07.紫	00.無	(3) HP / 體 / 智	07.怪物掉寶	"1,990,000"	"99,500"	3		pc01_weapon_0052			100	1429	0	0	0	10	9	0	0	0	0	0	0	0	0	0	0	0	0	100	0	0	0	0	0	0	0	0	0	12.攻擊力 - Attack	2048	11001	3	6011001	420	36.17	"15,192"	6.55
	193	5000	邊塞帽	65	1.林沖	01.帽子	03.灰	00.無	(0) 無	07.怪物掉寶	"2,090,000"	"104,500"	0		pc01_hat_0060			100	0	134	0	0	0	0	0	0	0	0	0	0	0	0	0	0	0	0	0	0	0	0	0	0	0	0	0	0	13.防禦力 - Defence	4096	21001	1	8021001	200	55.91	"11,182"	9.346
	194	5000	邊塞袍	65	1.林沖	02.上衣	03.灰	00.無	(0) 無	07.怪物掉寶	"2,680,000"	"134,000"	1		pc01_torso_0060			100	0	288	0	0	0	0	0	0	0	0	0	0	0	0	0	0	0	0	0	0	0	0	0	0	0	0	0	0	13.防禦力 - Defence	4096	21001	1	8021001	200	71.7	"14,340"	9.346
	195	5000	邊塞鞋	65	1.林沖	03.褲子	03.灰	00.無	(0) 無	07.怪物掉寶	"2,390,000"	"119,500"	2		pc01_pelvis_0060			100	0	167	0	0	0	0	0	0	0	0	0	0	0	0	0	0	0	0	0	0	0	0	0	0	0	0	0	0	13.防禦力 - Defence	4096	21001	1	8021001	200	63.94	"12,788"	9.346
	196	5000	邊塞木槍	65	1.林沖	04.武器	03.灰	00.無	(0) 無	07.怪物掉寶	"4,470,000"	"223,500"	3		pc01_weapon_0060			100	1089	0	0	0	0	0	0	0	0	0	0	0	0	0	0	0	0	0	0	0	0	0	0	0	0	0	0	0	12.攻擊力 - Attack	2048	11001	1	8011001	420	56.94	"23,915"	9.346
	197	5000	民族鞋	65	1.林沖	01.帽子	04.白	00.無	(0) 無	03.商店購買	"2,090,000"	"209,000"	0		pc01_hat_0060			100	0	167	0	0	0	0	0	0	0	0	0	0	0	0	0	0	0	0	0	0	0	0	0	0	0	0	0	0	13.防禦力 - Defence	4096	21001	1	8021001	180	62.12	"11,182"	9.346
	198	5000	民族袍	65	1.林沖	02.上衣	04.白	00.無	(0) 無	03.商店購買	"2,680,000"	"268,000"	1		pc01_torso_0060			100	0	359	0	0	0	0	0	0	0	0	0	0	0	0	0	0	0	0	0	0	0	0	0	0	0	0	0	0	13.防禦力 - Defence	4096	21001	1	8021001	180	79.66	"14,339"	9.346
	199	5000	民族鞋	65	1.林沖	03.褲子	04.白	00.無	(0) 無	03.商店購買	"2,390,000"	"239,000"	2		pc01_pelvis_0060			100	0	209	0	0	0	0	0	0	0	0	0	0	0	0	0	0	0	0	0	0	0	0	0	0	0	0	0	0	13.防禦力 - Defence	4096	21001	1	8021001	180	71.04	"12,788"	9.346
	200	5000	民族鐵槍	65	1.林沖	04.武器	04.白	00.無	(0) 無	03.商店購買	"4,470,000"	"447,000"	3		pc01_weapon_0060			100	1361	0	0	0	0	0	0	0	0	0	0	0	0	0	0	0	0	0	0	0	0	0	0	0	0	0	0	0	12.攻擊力 - Attack	2048	11001	1	8011001	380	62.94	"23,918"	9.346
	201	5000	潛行帽	65	1.林沖	01.帽子	05.綠	00.無	(1) 智慧	07.怪物掉寶	"2,090,000"	"104,500"	0		pc01_hat_0060			100	0	166	0	0	0	14	0	0	0	0	0	0	0	0	0	0	0	0	0	0	0	0	0	0	0	0	0	0	13.防禦力 - Defence	4096	21001	2	8021001	190	58.85	"11,182"	9.346
	202	5000	潛行袍	65	1.林沖	02.上衣	05.綠	00.無	(1) 最大 HP	07.怪物掉寶	"2,680,000"	"134,000"	1		pc01_torso_0060			100	0	357	0	0	0	0	0	0	0	0	0	0	0	0	0	0	0	0	300	0	0	0	0	0	0	0	0	0	13.防禦力 - Defence	4096	21001	2	8021001	190	75.47	"14,340"	9.346
	203	5000	潛行鞋	65	1.林沖	03.褲子	05.綠	00.無	(1) 敏捷	07.怪物掉寶	"2,390,000"	"119,500"	2		pc01_pelvis_0060			100	0	208	0	17	0	0	0	0	0	0	0	0	0	0	0	0	0	0	0	0	0	0	0	0	0	0	0	0	13.防禦力 - Defence	4096	21001	2	8021001	190	67.3	"12,787"	9.346
	204	5000	潛行鐵槍	65	1.林沖	04.武器	05.綠	00.無	(1) 體能	07.怪物掉寶	"4,470,000"	"223,500"	3		pc01_weapon_0060			100	1479	0	0	0	15	0	0	0	0	0	0	0	0	0	0	0	0	0	0	0	0	0	0	0	0	0	0	0	12.攻擊力 - Attack	2048	11001	2	8011001	400	59.79	"23,916"	9.346
	205	5000	月夜隱帽	65	1.林沖	01.帽子	06.藍	00.無	(2) 敏 / 智 平均	12.收集品交換	"2,090,000"	"104,500"	0		pc01_hat_0060			100	0	191	0	15	0	12	0	0	0	0	0	0	0	0	0	0	0	0	0	0	0	0	0	0	0	0	0	0	13.防禦力 - Defence	4096	21001	2	8021001	190	58.85	"11,182"	9.346
	206	5000	月夜隱袍	65	1.林沖	02.上衣	06.藍	00.無	(2) HP / 敏	12.收集品交換	"2,680,000"	"134,000"	1		pc01_torso_0060			100	0	411	0	14	0	0	0	0	0	0	0	0	0	0	0	0	0	0	260	0	0	0	0	0	0	0	0	0	13.防禦力 - Defence	4096	21001	2	8021001	190	75.47	"14,340"	9.346
	207	5000	月夜隱鞋	65	1.林沖	03.褲子	06.藍	00.無	(2) 敏 / 體 平均	12.收集品交換	"2,390,000"	"119,500"	2		pc01_pelvis_0060			100	0	239	0	15	13	0	0	0	0	0	0	0	0	0	0	0	0	0	0	0	0	0	0	0	0	0	0	0	13.防禦力 - Defence	4096	21001	2	8021001	190	67.3	"12,787"	9.346
	208	5000	月夜銀槍	65	1.林沖	04.武器	06.藍	00.無	(2) 體 / 智 平均	12.收集品交換	"4,470,000"	"223,500"	3		pc01_weapon_0060			100	1688	0	0	0	13	12	0	0	0	0	0	0	0	0	0	0	0	0	0	0	0	0	0	0	0	0	0	0	12.攻擊力 - Attack	2048	11001	2	8011001	410	58.33	"23,916"	9.346
	209	5000	功夫帽	70	1.林沖	01.帽子	03.灰	00.無	(0) 無	07.怪物掉寶	"2,380,000"	"119,000"	0		pc01_hat_0061			100	0	146	0	0	0	0	0	0	0	0	0	0	0	0	0	0	0	0	0	0	0	0	0	0	0	0	0	0	13.防禦力 - Defence	4096	21001	1	8021001	200	53.54	"10,708"	11.114
	210	5000	功夫袍	70	1.林沖	02.上衣	03.灰	00.無	(0) 無	07.怪物掉寶	"3,060,000"	"153,000"	1		pc01_torso_0061			100	0	313	0	0	0	0	0	0	0	0	0	0	0	0	0	0	0	0	0	0	0	0	0	0	0	0	0	0	13.防禦力 - Defence	4096	21001	1	8021001	200	68.84	"13,768"	11.114
	211	5000	功夫鞋	70	1.林沖	03.褲子	03.灰	00.無	(0) 無	07.怪物掉寶	"2,720,000"	"136,000"	2		pc01_pelvis_0061			100	0	182	0	0	0	0	0	0	0	0	0	0	0	0	0	0	0	0	0	0	0	0	0	0	0	0	0	0	13.防禦力 - Defence	4096	21001	1	8021001	200	61.19	"12,238"	11.114
	212	5000	功夫木槍	70	1.林沖	04.武器	03.灰	00.無	(0) 無	07.怪物掉寶	"5,090,000"	"254,500"	3		pc01_weapon_0061			100	1286	0	0	0	0	0	0	0	0	0	0	0	0	0	0	0	0	0	0	0	0	0	0	0	0	0	0	0	12.攻擊力 - Attack	2048	11001	1	8011001	420	54.53	"22,903"	11.114
	213	5000	正氣帽	70	1.林沖	01.帽子	04.白	00.無	(0) 無	03.商店購買	"2,380,000"	"238,000"	0		pc01_hat_0061			100	0	182	0	0	0	0	0	0	0	0	0	0	0	0	0	0	0	0	0	0	0	0	0	0	0	0	0	0	13.防禦力 - Defence	4096	21001	1	8021001	180	59.49	"10,709"	11.114
	214	5000	正氣袍	70	1.林沖	02.上衣	04.白	00.無	(0) 無	03.商店購買	"3,060,000"	"306,000"	1		pc01_torso_0061			100	0	392	0	0	0	0	0	0	0	0	0	0	0	0	0	0	0	0	0	0	0	0	0	0	0	0	0	0	13.防禦力 - Defence	4096	21001	1	8021001	180	76.49	"13,769"	11.114
	215	5000	正氣鞋	70	1.林沖	03.褲子	04.白	00.無	(0) 無	03.商店購買	"2,720,000"	"272,000"	2		pc01_pelvis_0061			100	0	228	0	0	0	0	0	0	0	0	0	0	0	0	0	0	0	0	0	0	0	0	0	0	0	0	0	0	13.防禦力 - Defence	4096	21001	1	8021001	180	67.99	"12,239"	11.114
	216	5000	正氣鐵槍	70	1.林沖	04.武器	04.白	00.無	(0) 無	03.商店購買	"5,090,000"	"509,000"	3		pc01_weapon_0061			100	1608	0	0	0	0	0	0	0	0	0	0	0	0	0	0	0	0	0	0	0	0	0	0	0	0	0	0	0	12.攻擊力 - Attack	2048	11001	1	8011001	380	60.27	"22,903"	11.114
	217	5000	江南帽	70	1.林沖	01.帽子	05.綠	00.無	(1) 智慧	07.怪物掉寶	"2,380,000"	"119,000"	0		pc01_hat_0061			100	0	179	0	0	0	14	0	0	0	0	0	0	0	0	0	0	0	0	0	0	0	0	0	0	0	0	0	0	13.防禦力 - Defence	4096	21001	2	8021001	190	56.36	"10,709"	11.114
	218	5000	江南袍	70	1.林沖	02.上衣	05.綠	00.無	(1) 最大 HP	07.怪物掉寶	"3,060,000"	"153,000"	1		pc01_torso_0061			100	0	385	0	0	0	0	0	0	0	0	0	0	0	0	0	0	0	0	320	0	0	0	0	0	0	0	0	0	13.防禦力 - Defence	4096	21001	2	8021001	190	72.46	"13,768"	11.114
	219	5000	江南鞋	70	1.林沖	03.褲子	05.綠	00.無	(1) 敏捷	07.怪物掉寶	"2,720,000"	"136,000"	2		pc01_pelvis_0061			100	0	224	0	18	0	0	0	0	0	0	0	0	0	0	0	0	0	0	0	0	0	0	0	0	0	0	0	0	13.防禦力 - Defence	4096	21001	2	8021001	190	64.41	"12,238"	11.114
	220	5000	江南銅槍	70	1.林沖	04.武器	05.綠	00.無	(1) 體能	07.怪物掉寶	"5,090,000"	"254,500"	3		pc01_weapon_0061			100	1743	0	0	0	16	0	0	0	0	0	0	0	0	0	0	0	0	0	0	0	0	0	0	0	0	0	0	0	12.攻擊力 - Attack	2048	11001	2	8011001	400	57.25	"22,900"	11.114
	221	5000	波紋帽	70	1.林沖	01.帽子	06.藍	00.無	(2) 敏 / 智 平均	12.收集品交換	"2,380,000"	"119,000"	0		pc01_hat_0061			100	0	206	0	16	0	13	0	0	0	0	0	0	0	0	0	0	0	0	0	0	0	0	0	0	0	0	0	0	13.防禦力 - Defence	4096	21001	2	8021001	190	56.36	"10,709"	11.114
	222	5000	波紋袍	70	1.林沖	02.上衣	06.藍	00.無	(2) HP / 敏	12.收集品交換	"3,060,000"	"153,000"	1		pc01_torso_0061			100	0	443	0	15	0	0	0	0	0	0	0	0	0	0	0	0	0	0	280	0	0	0	0	0	0	0	0	0	13.防禦力 - Defence	4096	21001	2	8021001	190	72.46	"13,768"	11.114
	223	5000	波紋鞋	70	1.林沖	03.褲子	06.藍	00.無	(2) 敏 / 體 平均	12.收集品交換	"2,720,000"	"136,000"	2		pc01_pelvis_0061			100	0	258	0	16	13	0	0	0	0	0	0	0	0	0	0	0	0	0	0	0	0	0	0	0	0	0	0	0	13.防禦力 - Defence	4096	21001	2	8021001	190	64.41	"12,238"	11.114
	224	5000	波紋銀槍	70	1.林沖	04.武器	06.藍	00.無	(2) 體 / 智 平均	12.收集品交換	"5,090,000"	"254,500"	3		pc01_weapon_0061			100	1986	0	0	0	13	13	0	0	0	0	0	0	0	0	0	0	0	0	0	0	0	0	0	0	0	0	0	0	12.攻擊力 - Attack	2048	11001	2	8011001	410	55.86	"22,903"	11.114
	225	5000	戰功帽	75	1.林沖	01.帽子	03.灰	00.無	(0) 無	07.怪物掉寶	0	0	0		pc01_hat_0070			100	0	157	0	0	0	0	0	0	0	0	0	0	0	0	0	0	0	0	0	0	0	0	0	0	0	0	0	0	13.防禦力 - Defence	4096	21001	1	8021001	200	0	0	0
	226	5000	戰功袍	75	1.林沖	02.上衣	03.灰	00.無	(0) 無	07.怪物掉寶	0	0	1		pc01_torso_0070			100	0	338	0	0	0	0	0	0	0	0	0	0	0	0	0	0	0	0	0	0	0	0	0	0	0	0	0	0	13.防禦力 - Defence	4096	21001	1	8021001	200	0	0	0
	227	5000	戰功鞋	75	1.林沖	03.褲子	03.灰	00.無	(0) 無	07.怪物掉寶	0	0	2		pc01_pelvis_0070			100	0	196	0	0	0	0	0	0	0	0	0	0	0	0	0	0	0	0	0	0	0	0	0	0	0	0	0	0	13.防禦力 - Defence	4096	21001	1	8021001	200	0	0	0
	228	5000	戰功木槍	75	1.林沖	04.武器	03.灰	00.無	(0) 無	07.怪物掉寶	0	0	3		pc01_weapon_0070			100	1513	0	0	0	0	0	0	0	0	0	0	0	0	0	0	0	0	0	0	0	0	0	0	0	0	0	0	0	12.攻擊力 - Attack	2048	11001	1	8011001	420	0	0	0
	229	5000	奔騰帽	75	1.林沖	01.帽子	04.白	00.無	(0) 無	03.商店購買	0	0	0		pc01_hat_0070			100	0	196	0	0	0	0	0	0	0	0	0	0	0	0	0	0	0	0	0	0	0	0	0	0	0	0	0	0	13.防禦力 - Defence	4096	21001	1	8021001	180	0	0	0
	230	5000	奔騰袍	75	1.林沖	02.上衣	04.白	00.無	(0) 無	03.商店購買	0	0	1		pc01_torso_0070			100	0	422	0	0	0	0	0	0	0	0	0	0	0	0	0	0	0	0	0	0	0	0	0	0	0	0	0	0	13.防禦力 - Defence	4096	21001	1	8021001	180	0	0	0
	231	5000	奔騰鞋	75	1.林沖	03.褲子	04.白	00.無	(0) 無	03.商店購買	0	0	2		pc01_pelvis_0070			100	0	246	0	0	0	0	0	0	0	0	0	0	0	0	0	0	0	0	0	0	0	0	0	0	0	0	0	0	13.防禦力 - Defence	4096	21001	1	8021001	180	0	0	0
	232	5000	奔騰銅槍	75	1.林沖	04.武器	04.白	00.無	(0) 無	03.商店購買	0	0	3		pc01_weapon_0070			100	1892	0	0	0	0	0	0	0	0	0	0	0	0	0	0	0	0	0	0	0	0	0	0	0	0	0	0	0	12.攻擊力 - Attack	2048	11001	1	8011001	380	0	0	0
	233	5000	鐵騎帽	75	1.林沖	01.帽子	05.綠	00.無	(1) 智慧	07.怪物掉寶	0	0	0		pc01_hat_0070			100	0	212	0	0	0	15	0	0	0	0	0	0	0	0	0	0	0	0	0	0	0	0	0	0	0	0	0	0	13.防禦力 - Defence	4096	21001	2	8021001	190	0	0	0
	234	5000	鐵騎袍	75	1.林沖	02.上衣	05.綠	00.無	(1) 最大 HP	07.怪物掉寶	0	0	1		pc01_torso_0070			100	0	456	0	0	0	0	0	0	0	0	0	0	0	0	0	0	0	0	340	0	0	0	0	0	0	0	0	0	13.防禦力 - Defence	4096	21001	2	8021001	190	0	0	0
	235	5000	鐵騎鞋	75	1.林沖	03.褲子	05.綠	00.無	(1) 敏捷	07.怪物掉寶	0	0	2		pc01_pelvis_0070			100	0	265	0	19	0	0	0	0	0	0	0	0	0	0	0	0	0	0	0	0	0	0	0	0	0	0	0	0	13.防禦力 - Defence	4096	21001	2	8021001	190	0	0	0
	236	5000	鐵騎銅槍	75	1.林沖	04.武器	05.綠	00.無	(1) 體能	07.怪物掉寶	0	0	3		pc01_weapon_0070			100	2044	0	0	0	17	0	0	0	0	0	0	0	0	0	0	0	0	0	0	0	0	0	0	0	0	0	0	0	12.攻擊力 - Attack	2048	11001	2	8011001	400	0	0	0
	237	5000	霸王帽	75	1.林沖	01.帽子	06.藍	00.無	(2) 敏 / 智 平均	12.收集品交換	0	0	0		pc01_hat_0070			100	0	244	0	17	0	13	0	0	0	0	0	0	0	0	0	0	0	0	0	0	0	0	0	0	0	0	0	0	13.防禦力 - Defence	4096	21001	2	8021001	190	0	0	0
	238	5000	霸王袍	75	1.林沖	02.上衣	06.藍	00.無	(2) HP / 敏	12.收集品交換	0	0	1		pc01_torso_0070			100	0	524	0	16	0	0	0	0	0	0	0	0	0	0	0	0	0	0	290	0	0	0	0	0	0	0	0	0	13.防禦力 - Defence	4096	21001	2	8021001	190	0	0	0
	239	5000	霸王鞋	75	1.林沖	03.褲子	06.藍	00.無	(2) 敏 / 體 平均	12.收集品交換	0	0	2		pc01_pelvis_0070			100	0	305	0	17	14	0	0	0	0	0	0	0	0	0	0	0	0	0	0	0	0	0	0	0	0	0	0	0	13.防禦力 - Defence	4096	21001	2	8021001	190	0	0	0
	240	5000	霸王銀槍	75	1.林沖	04.武器	06.藍	00.無	(2) 體 / 智 平均	12.收集品交換	0	0	3		pc01_weapon_0070			100	2326	0	0	0	14	13	0	0	0	0	0	0	0	0	0	0	0	0	0	0	0	0	0	0	0	0	0	0	12.攻擊力 - Attack	2048	11001	2	8011001	410	0	0	0
	241	5000	西藏帽	80	1.林沖	01.帽子	03.灰	00.無	(0) 無	07.怪物掉寶	0	0	0		pc01_hat_0071			100	0	186	0	0	0	0	0	0	0	0	0	0	0	0	0	0	0	0	0	0	0	0	0	0	0	0	0	0	13.防禦力 - Defence	4096	21001	1	8021001	200	0	0	0
	242	5000	西藏袍	80	1.林沖	02.上衣	03.灰	00.無	(0) 無	07.怪物掉寶	0	0	1		pc01_torso_0071			100	0	399	0	0	0	0	0	0	0	0	0	0	0	0	0	0	0	0	0	0	0	0	0	0	0	0	0	0	13.防禦力 - Defence	4096	21001	1	8021001	200	0	0	0
	243	5000	西藏鞋	80	1.林沖	03.褲子	03.灰	00.無	(0) 無	07.怪物掉寶	0	0	2		pc01_pelvis_0071			100	0	232	0	0	0	0	0	0	0	0	0	0	0	0	0	0	0	0	0	0	0	0	0	0	0	0	0	0	13.防禦力 - Defence	4096	21001	1	8021001	200	0	0	0
	244	5000	西藏木槍	80	1.林沖	04.武器	03.灰	00.無	(0) 無	07.怪物掉寶	0	0	3		pc01_weapon_0071			100	1772	0	0	0	0	0	0	0	0	0	0	0	0	0	0	0	0	0	0	0	0	0	0	0	0	0	0	0	12.攻擊力 - Attack	2048	11001	1	8011001	420	0	0	0
	245	5000	誘敵帽	80	1.林沖	01.帽子	04.白	00.無	(0) 無	03.商店購買	0	0	0		pc01_hat_0071			100	0	232	0	0	0	0	0	0	0	0	0	0	0	0	0	0	0	0	0	0	0	0	0	0	0	0	0	0	13.防禦力 - Defence	4096	21001	1	8021001	180	0	0	0
	246	5000	誘敵袍	80	1.林沖	02.上衣	04.白	00.無	(0) 無	03.商店購買	0	0	1		pc01_torso_0071			100	0	499	0	0	0	0	0	0	0	0	0	0	0	0	0	0	0	0	0	0	0	0	0	0	0	0	0	0	13.防禦力 - Defence	4096	21001	1	8021001	180	0	0	0
	247	5000	誘敵鞋	80	1.林沖	03.褲子	04.白	00.無	(0) 無	03.商店購買	0	0	2		pc01_pelvis_0071			100	0	290	0	0	0	0	0	0	0	0	0	0	0	0	0	0	0	0	0	0	0	0	0	0	0	0	0	0	13.防禦力 - Defence	4096	21001	1	8021001	180	0	0	0
	248	5000	誘敵鐵槍	80	1.林沖	04.武器	04.白	00.無	(0) 無	03.商店購買	0	0	3		pc01_weapon_0071			100	2216	0	0	0	0	0	0	0	0	0	0	0	0	0	0	0	0	0	0	0	0	0	0	0	0	0	0	0	12.攻擊力 - Attack	2048	11001	1	8011001	380	0	0	0
	249	5000	武裝帽	80	1.林沖	01.帽子	05.綠	00.無	(1) 智慧	07.怪物掉寶	0	0	0		pc01_hat_0071			100	0	250	0	0	0	16	0	0	0	0	0	0	0	0	0	0	0	0	0	0	0	0	0	0	0	0	0	0	13.防禦力 - Defence	4096	21001	2	8021001	190	0	0	0
	250	5000	武裝袍	80	1.林沖	02.上衣	05.綠	00.無	(1) 最大 HP	07.怪物掉寶	0	0	1		pc01_torso_0071			100	0	537	0	0	0	0	0	0	0	0	0	0	0	0	0	0	0	0	360	0	0	0	0	0	0	0	0	0	13.防禦力 - Defence	4096	21001	2	8021001	190	0	0	0
	251	5000	武裝鞋	80	1.林沖	03.褲子	05.綠	00.無	(1) 敏捷	07.怪物掉寶	0	0	2		pc01_pelvis_0071			100	0	312	0	20	0	0	0	0	0	0	0	0	0	0	0	0	0	0	0	0	0	0	0	0	0	0	0	0	13.防禦力 - Defence	4096	21001	2	8021001	190	0	0	0
	252	5000	武裝銅槍	80	1.林沖	04.武器	05.綠	00.無	(1) 體能	07.怪物掉寶	0	0	3		pc01_weapon_0071			100	2390	0	0	0	17	0	0	0	0	0	0	0	0	0	0	0	0	0	0	0	0	0	0	0	0	0	0	0	12.攻擊力 - Attack	2048	11001	2	8011001	400	0	0	0
	253	5000	成吉思汗帽	80	1.林沖	01.帽子	06.藍	00.無	(2) 敏 / 智 平均	12.收集品交換	0	0	0		pc01_hat_0071			100	0	286	0	18	0	14	0	0	0	0	0	0	0	0	0	0	0	0	0	0	0	0	0	0	0	0	0	0	13.防禦力 - Defence	4096	21001	2	8021001	190	0	0	0
	254	5000	成吉思汗袍	80	1.林沖	02.上衣	06.藍	00.無	(2) HP / 敏	12.收集品交換	0	0	1		pc01_torso_0071			100	0	616	0	17	0	0	0	0	0	0	0	0	0	0	0	0	0	0	310	0	0	0	0	0	0	0	0	0	13.防禦力 - Defence	4096	21001	2	8021001	190	0	0	0
	255	5000	成吉思汗鞋	80	1.林沖	03.褲子	06.藍	00.無	(2) 敏 / 體 平均	12.收集品交換	0	0	2		pc01_pelvis_0071			100	0	358	0	18	15	0	0	0	0	0	0	0	0	0	0	0	0	0	0	0	0	0	0	0	0	0	0	0	13.防禦力 - Defence	4096	21001	2	8021001	190	0	0	0
	256	5000	成吉思汗槍	80	1.林沖	04.武器	06.藍	00.無	(2) 體 / 智 平均	12.收集品交換	0	0	3		pc01_weapon_0071			100	2715	0	0	0	15	14	0	0	0	0	0	0	0	0	0	0	0	0	0	0	0	0	0	0	0	0	0	0	12.攻擊力 - Attack	2048	11001	2	8011001	410	0	0	0
	257	5000	不動明王冠	80	1.林沖	01.帽子	07.紫	00.無	(3) MP / 敏 / 智	07.怪物掉寶	0	0	0		pc01_hat_0072			100	0	335	0	15	0	12	0	0	0	0	0	0	0	0	0	0	0	0	0	620	0	0	0	0	0	0	0	0	13.防禦力 - Defence	4096	21001	3	8021001	200	0	0	0
	258	5000	不動明王袍	80	1.林沖	02.上衣	07.紫	00.無	(3) HP / 敏 / 智	07.怪物掉寶	0	0	1		pc01_torso_0072			100	0	720	0	15	0	12	0	0	0	0	0	0	0	0	0	0	0	0	270	0	0	0	0	0	0	0	0	0	13.防禦力 - Defence	4096	21001	3	8021001	200	0	0	0
	259	5000	不動明王鞋	80	1.林沖	03.褲子	07.紫	00.無	(3) MP / 敏 / 體	07.怪物掉寶	0	0	2		pc01_pelvis_0072			100	0	419	0	15	13	0	0	0	0	0	0	0	0	0	0	0	0	0	0	310	0	0	0	0	0	0	0	0	13.防禦力 - Defence	4096	21001	3	8021001	200	0	0	0
	260	5000	不動明王金槍	80	1.林沖	04.武器	07.紫	00.無	(3) HP / 體 / 智	07.怪物掉寶	0	0	3		pc01_weapon_0072			100	3161	0	0	0	13	12	0	0	0	0	0	0	0	0	0	0	0	0	130	0	0	0	0	0	0	0	0	0	12.攻擊力 - Attack	2048	11001	3	8011001	420	0	0	0
	261	5000	輕裝御帽	85	1.林沖	01.帽子	03.灰	00.無	(0) 無	07.怪物掉寶	0	0	0		pc01_hat_0080			100	0	218	0	0	0	0	0	0	0	0	0	0	0	0	0	0	0	0	0	0	0	0	0	0	0	0	0	0	13.防禦力 - Defence	4096	21001	1	10021001	200	0	0	0
	262	5000	輕裝御袍	85	1.林沖	02.上衣	03.灰	00.無	(0) 無	07.怪物掉寶	0	0	1		pc01_torso_0080			100	0	469	0	0	0	0	0	0	0	0	0	0	0	0	0	0	0	0	0	0	0	0	0	0	0	0	0	0	13.防禦力 - Defence	4096	21001	1	10021001	200	0	0	0
	263	5000	輕裝御鞋	85	1.林沖	03.褲子	03.灰	00.無	(0) 無	07.怪物掉寶	0	0	2		pc01_pelvis_0080			100	0	273	0	0	0	0	0	0	0	0	0	0	0	0	0	0	0	0	0	0	0	0	0	0	0	0	0	0	13.防禦力 - Defence	4096	21001	1	10021001	200	0	0	0
	264	5000	輕裝木槍	85	1.林沖	04.武器	03.灰	00.無	(0) 無	07.怪物掉寶	0	0	3		pc01_weapon_0080			100	2069	0	0	0	0	0	0	0	0	0	0	0	0	0	0	0	0	0	0	0	0	0	0	0	0	0	0	0	12.攻擊力 - Attack	2048	11001	1	10011001	420	0	0	0
	265	5000	田秧御帽	85	1.林沖	01.帽子	04.白	00.無	(0) 無	03.商店購買	0	0	0		pc01_hat_0080			100	0	273	0	0	0	0	0	0	0	0	0	0	0	0	0	0	0	0	0	0	0	0	0	0	0	0	0	0	13.防禦力 - Defence	4096	21001	1	10021001	180	0	0	0
	266	5000	田秧御袍	85	1.林沖	02.上衣	04.白	00.無	(0) 無	03.商店購買	0	0	1		pc01_torso_0080			100	0	587	0	0	0	0	0	0	0	0	0	0	0	0	0	0	0	0	0	0	0	0	0	0	0	0	0	0	13.防禦力 - Defence	4096	21001	1	10021001	180	0	0	0
	267	5000	田秧御鞋	85	1.林沖	03.褲子	04.白	00.無	(0) 無	03.商店購買	0	0	2		pc01_pelvis_0080			100	0	341	0	0	0	0	0	0	0	0	0	0	0	0	0	0	0	0	0	0	0	0	0	0	0	0	0	0	13.防禦力 - Defence	4096	21001	1	10021001	180	0	0	0
	268	5000	田秧鐵槍	85	1.林沖	04.武器	04.白	00.無	(0) 無	03.商店購買	0	0	3		pc01_weapon_0080			100	2586	0	0	0	0	0	0	0	0	0	0	0	0	0	0	0	0	0	0	0	0	0	0	0	0	0	0	0	12.攻擊力 - Attack	2048	11001	1	10011001	380	0	0	0
	269	5000	林園御帽	85	1.林沖	01.帽子	05.綠	00.無	(1) 智慧	07.怪物掉寶	0	0	0		pc01_hat_0080			100	0	293	0	0	0	17	0	0	0	0	0	0	0	0	0	0	0	0	0	0	0	0	0	0	0	0	0	0	13.防禦力 - Defence	4096	21001	2	10021001	190	0	0	0
	270	5000	林園御袍	85	1.林沖	02.上衣	05.綠	00.無	(1) 最大 HP	07.怪物掉寶	0	0	1		pc01_torso_0080			100	0	630	0	0	0	0	0	0	0	0	0	0	0	0	0	0	0	0	380	0	0	0	0	0	0	0	0	0	13.防禦力 - Defence	4096	21001	2	10021001	190	0	0	0
	271	5000	林園御鞋	85	1.林沖	03.褲子	05.綠	00.無	(1) 敏捷	07.怪物掉寶	0	0	2		pc01_pelvis_0080			100	0	367	0	21	0	0	0	0	0	0	0	0	0	0	0	0	0	0	0	0	0	0	0	0	0	0	0	0	13.防禦力 - Defence	4096	21001	2	10021001	190	0	0	0
	272	5000	林園銅槍	85	1.林沖	04.武器	05.綠	00.無	(1) 體能	07.怪物掉寶	0	0	3		pc01_weapon_0080			100	2785	0	0	0	18	0	0	0	0	0	0	0	0	0	0	0	0	0	0	0	0	0	0	0	0	0	0	0	12.攻擊力 - Attack	2048	11001	2	10011001	400	0	0	0
	273	5000	護衛御帽	85	1.林沖	01.帽子	06.藍	00.無	(2) 敏 / 智 平均	12.收集品交換	0	0	0		pc01_hat_0080			100	0	335	0	19	0	15	0	0	0	0	0	0	0	0	0	0	0	0	0	0	0	0	0	0	0	0	0	0	13.防禦力 - Defence	4096	21001	2	10021001	190	0	0	0
	274	5000	護衛御袍	85	1.林沖	02.上衣	06.藍	00.無	(2) HP / 敏	12.收集品交換	0	0	1		pc01_torso_0080			100	0	720	0	17	0	0	0	0	0	0	0	0	0	0	0	0	0	0	320	0	0	0	0	0	0	0	0	0	13.防禦力 - Defence	4096	21001	2	10021001	190	0	0	0
	275	5000	護衛御鞋	85	1.林沖	03.褲子	06.藍	00.無	(2) 敏 / 體 平均	12.收集品交換	0	0	2		pc01_pelvis_0080			100	0	419	0	19	16	0	0	0	0	0	0	0	0	0	0	0	0	0	0	0	0	0	0	0	0	0	0	0	13.防禦力 - Defence	4096	21001	2	10021001	190	0	0	0
	276	5000	護衛銀槍	85	1.林沖	04.武器	06.藍	00.無	(2) 體 / 智 平均	12.收集品交換	0	0	3		pc01_weapon_0080			100	3161	0	0	0	16	15	0	0	0	0	0	0	0	0	0	0	0	0	0	0	0	0	0	0	0	0	0	0	12.攻擊力 - Attack	2048	11001	2	10011001	410	0	0	0
	277	5000	麥色戰帽	90	1.林沖	01.帽子	03.灰	00.無	(0) 無	07.怪物掉寶	0	0	0		pc01_hat_0081			100	0	255	0	0	0	0	0	0	0	0	0	0	0	0	0	0	0	0	0	0	0	0	0	0	0	0	0	0	13.防禦力 - Defence	4096	21001	1	10021001	200	0	0	0
	278	5000	麥色戰袍	90	1.林沖	02.上衣	03.灰	00.無	(0) 無	07.怪物掉寶	0	0	1		pc01_torso_0081			100	0	549	0	0	0	0	0	0	0	0	0	0	0	0	0	0	0	0	0	0	0	0	0	0	0	0	0	0	13.防禦力 - Defence	4096	21001	1	10021001	200	0	0	0
	279	5000	麥色戰鞋	90	1.林沖	03.褲子	03.灰	00.無	(0) 無	07.怪物掉寶	0	0	2		pc01_pelvis_0081			100	0	319	0	0	0	0	0	0	0	0	0	0	0	0	0	0	0	0	0	0	0	0	0	0	0	0	0	0	13.防禦力 - Defence	4096	21001	1	10021001	200	0	0	0
	280	5000	麥色木槍	90	1.林沖	04.武器	03.灰	00.無	(0) 無	07.怪物掉寶	0	0	3		pc01_weapon_0081			100	2408	0	0	0	0	0	0	0	0	0	0	0	0	0	0	0	0	0	0	0	0	0	0	0	0	0	0	0	12.攻擊力 - Attack	2048	11001	1	10011001	420	0	0	0
	281	5000	稻禾戰帽	90	1.林沖	01.帽子	04.白	00.無	(0) 無	03.商店購買	0	0	0		pc01_hat_0081			100	0	319	0	0	0	0	0	0	0	0	0	0	0	0	0	0	0	0	0	0	0	0	0	0	0	0	0	0	13.防禦力 - Defence	4096	21001	1	10021001	180	0	0	0
	282	5000	稻禾戰袍	90	1.林沖	02.上衣	04.白	00.無	(0) 無	03.商店購買	0	0	1		pc01_torso_0081			100	0	686	0	0	0	0	0	0	0	0	0	0	0	0	0	0	0	0	0	0	0	0	0	0	0	0	0	0	13.防禦力 - Defence	4096	21001	1	10021001	180	0	0	0
	283	5000	稻禾戰鞋	90	1.林沖	03.褲子	04.白	00.無	(0) 無	03.商店購買	0	0	2		pc01_pelvis_0081			100	0	399	0	0	0	0	0	0	0	0	0	0	0	0	0	0	0	0	0	0	0	0	0	0	0	0	0	0	13.防禦力 - Defence	4096	21001	1	10021001	180	0	0	0
	284	5000	稻禾鐵槍	90	1.林沖	04.武器	04.白	00.無	(0) 無	03.商店購買	0	0	3		pc01_weapon_0081			100	3010	0	0	0	0	0	0	0	0	0	0	0	0	0	0	0	0	0	0	0	0	0	0	0	0	0	0	0	12.攻擊力 - Attack	2048	11001	1	10011001	380	0	0	0
	285	5000	旭日戰帽	90	1.林沖	01.帽子	05.綠	00.無	(1) 智慧	07.怪物掉寶	0	0	0		pc01_hat_0081			100	0	342	0	0	0	18	0	0	0	0	0	0	0	0	0	0	0	0	0	0	0	0	0	0	0	0	0	0	13.防禦力 - Defence	4096	21001	2	10021001	190	0	0	0
	286	5000	旭日戰袍	90	1.林沖	02.上衣	05.綠	00.無	(1) 最大 HP	07.怪物掉寶	0	0	1		pc01_torso_0081			100	0	736	0	0	0	0	0	0	0	0	0	0	0	0	0	0	0	0	400	0	0	0	0	0	0	0	0	0	13.防禦力 - Defence	4096	21001	2	10021001	190	0	0	0
	287	5000	旭日戰鞋	90	1.林沖	03.褲子	05.綠	00.無	(1) 敏捷	07.怪物掉寶	0	0	2		pc01_pelvis_0081			100	0	428	0	22	0	0	0	0	0	0	0	0	0	0	0	0	0	0	0	0	0	0	0	0	0	0	0	0	13.防禦力 - Defence	4096	21001	2	10021001	190	0	0	0
	288	5000	旭日銅槍	90	1.林沖	04.武器	05.綠	00.無	(1) 體能	07.怪物掉寶	0	0	3		pc01_weapon_0081			100	3236	0	0	0	19	0	0	0	0	0	0	0	0	0	0	0	0	0	0	0	0	0	0	0	0	0	0	0	12.攻擊力 - Attack	2048	11001	2	10011001	400	0	0	0
	289	5000	夕陽戰帽	90	1.林沖	01.帽子	06.藍	00.無	(2) 敏 / 智 平均	12.收集品交換	0	0	0		pc01_hat_0081			100	0	390	0	19	0	16	0	0	0	0	0	0	0	0	0	0	0	0	0	0	0	0	0	0	0	0	0	0	13.防禦力 - Defence	4096	21001	2	10021001	190	0	0	0
	290	5000	夕陽戰袍	90	1.林沖	02.上衣	06.藍	00.無	(2) HP / 敏	12.收集品交換	0	0	1		pc01_torso_0081			100	0	839	0	18	0	0	0	0	0	0	0	0	0	0	0	0	0	0	340	0	0	0	0	0	0	0	0	0	13.防禦力 - Defence	4096	21001	2	10021001	190	0	0	0
	291	5000	夕陽戰鞋	90	1.林沖	03.褲子	06.藍	00.無	(2) 敏 / 體 平均	12.收集品交換	0	0	2		pc01_pelvis_0081			100	0	488	0	19	17	0	0	0	0	0	0	0	0	0	0	0	0	0	0	0	0	0	0	0	0	0	0	0	13.防禦力 - Defence	4096	21001	2	10021001	190	0	0	0
	292	5000	夕陽銀槍	90	1.林沖	04.武器	06.藍	00.無	(2) 體 / 智 平均	12.收集品交換	0	0	3		pc01_weapon_0081			100	3669	0	0	0	17	16	0	0	0	0	0	0	0	0	0	0	0	0	0	0	0	0	0	0	0	0	0	0	12.攻擊力 - Attack	2048	11001	2	10011001	410	0	0	0
	293	5000	出遊髮帶	95	1.林沖	01.帽子	03.灰	00.無	(0) 無	07.怪物掉寶	0	0	0		pc01_hat_0090			100	0	297	0	0	0	0	0	0	0	0	0	0	0	0	0	0	0	0	0	0	0	0	0	0	0	0	0	0	13.防禦力 - Defence	4096	21001	1	10021001	200	0	0	0
	294	5000	出遊袍	95	1.林沖	02.上衣	03.灰	00.無	(0) 無	07.怪物掉寶	0	0	1		pc01_torso_0090			100	0	639	0	0	0	0	0	0	0	0	0	0	0	0	0	0	0	0	0	0	0	0	0	0	0	0	0	0	13.防禦力 - Defence	4096	21001	1	10021001	200	0	0	0
	295	5000	出遊鞋	95	1.林沖	03.褲子	03.灰	00.無	(0) 無	07.怪物掉寶	0	0	2		pc01_pelvis_0090			100	0	372	0	0	0	0	0	0	0	0	0	0	0	0	0	0	0	0	0	0	0	0	0	0	0	0	0	0	13.防禦力 - Defence	4096	21001	1	10021001	200	0	0	0
	296	5000	出遊木槍	95	1.林沖	04.武器	03.灰	00.無	(0) 無	07.怪物掉寶	0	0	3		pc01_weapon_0090			100	2795	0	0	0	0	0	0	0	0	0	0	0	0	0	0	0	0	0	0	0	0	0	0	0	0	0	0	0	12.攻擊力 - Attack	2048	11001	1	10011001	420	0	0	0
	297	5000	校衛髮帶	95	1.林沖	01.帽子	04.白	00.無	(0) 無	03.商店購買	0	0	0		pc01_hat_0090			100	0	372	0	0	0	0	0	0	0	0	0	0	0	0	0	0	0	0	0	0	0	0	0	0	0	0	0	0	13.防禦力 - Defence	4096	21001	1	10021001	180	0	0	0
	298	5000	校衛御袍	95	1.林沖	02.上衣	04.白	00.無	(0) 無	03.商店購買	0	0	1		pc01_torso_0090			100	0	799	0	0	0	0	0	0	0	0	0	0	0	0	0	0	0	0	0	0	0	0	0	0	0	0	0	0	13.防禦力 - Defence	4096	21001	1	10021001	180	0	0	0
	299	5000	校衛御鞋	95	1.林沖	03.褲子	04.白	00.無	(0) 無	03.商店購買	0	0	2		pc01_pelvis_0090			100	0	465	0	0	0	0	0	0	0	0	0	0	0	0	0	0	0	0	0	0	0	0	0	0	0	0	0	0	13.防禦力 - Defence	4096	21001	1	10021001	180	0	0	0
	300	5000	校衛鐵槍	95	1.林沖	04.武器	04.白	00.無	(0) 無	03.商店購買	0	0	3		pc01_weapon_0090			100	3494	0	0	0	0	0	0	0	0	0	0	0	0	0	0	0	0	0	0	0	0	0	0	0	0	0	0	0	12.攻擊力 - Attack	2048	11001	1	10011001	380	0	0	0
	301	5000	錦衣髮帶	95	1.林沖	01.帽子	05.綠	00.無	(1) 智慧	07.怪物掉寶	0	0	0		pc01_hat_0090			100	0	398	0	0	0	19	0	0	0	0	0	0	0	0	0	0	0	0	0	0	0	0	0	0	0	0	0	0	13.防禦力 - Defence	4096	21001	2	10021001	190	0	0	0
	302	5000	錦衣御袍	95	1.林沖	02.上衣	05.綠	00.無	(1) 最大 HP	07.怪物掉寶	0	0	1		pc01_torso_0090			100	0	855	0	0	0	0	0	0	0	0	0	0	0	0	0	0	0	0	420	0	0	0	0	0	0	0	0	0	13.防禦力 - Defence	4096	21001	2	10021001	190	0	0	0
	303	5000	錦衣御鞋	95	1.林沖	03.褲子	05.綠	00.無	(1) 敏捷	07.怪物掉寶	0	0	2		pc01_pelvis_0090			100	0	497	0	24	0	0	0	0	0	0	0	0	0	0	0	0	0	0	0	0	0	0	0	0	0	0	0	0	13.防禦力 - Defence	4096	21001	2	10021001	190	0	0	0
	304	5000	錦衣銅槍	95	1.林沖	04.武器	05.綠	00.無	(1) 體能	07.怪物掉寶	0	0	3		pc01_weapon_0090			100	3751	0	0	0	20	0	0	0	0	0	0	0	0	0	0	0	0	0	0	0	0	0	0	0	0	0	0	0	12.攻擊力 - Attack	2048	11001	2	10011001	400	0	0	0
	305	5000	皇廷髮帶	95	1.林沖	01.帽子	06.藍	00.無	(2) 敏 / 智 平均	12.收集品交換	0	0	0		pc01_hat_0090			100	0	454	0	20	0	16	0	0	0	0	0	0	0	0	0	0	0	0	0	0	0	0	0	0	0	0	0	0	13.防禦力 - Defence	4096	21001	2	10021001	190	0	0	0
	306	5000	皇廷御袍	95	1.林沖	02.上衣	06.藍	00.無	(2) HP / 敏	12.收集品交換	0	0	1		pc01_torso_0090			100	0	975	0	19	0	0	0	0	0	0	0	0	0	0	0	0	0	0	360	0	0	0	0	0	0	0	0	0	13.防禦力 - Defence	4096	21001	2	10021001	190	0	0	0
	307	5000	皇廷御鞋	95	1.林沖	03.褲子	06.藍	00.無	(2) 敏 / 體 平均	12.收集品交換	0	0	2		pc01_pelvis_0090			100	0	567	0	20	17	0	0	0	0	0	0	0	0	0	0	0	0	0	0	0	0	0	0	0	0	0	0	0	13.防禦力 - Defence	4096	21001	2	10021001	190	0	0	0
	308	5000	皇廷銀槍	95	1.林沖	04.武器	06.藍	00.無	(2) 體 / 智 平均	12.收集品交換	0	0	3		pc01_weapon_0090			100	4249	0	0	0	17	16	0	0	0	0	0	0	0	0	0	0	0	0	0	0	0	0	0	0	0	0	0	0	12.攻擊力 - Attack	2048	11001	2	10011001	410	0	0	0
	309	5000	幻影髮帶	99	1.林沖	01.帽子	03.灰	00.無	(0) 無	07.怪物掉寶	0	0	0		pc01_hat_0091			100	0	326	0	0	0	0	0	0	0	0	0	0	0	0	0	0	0	0	0	0	0	0	0	0	0	0	0	0	13.防禦力 - Defence	4096	21001	1	10021001	200	0	0	0
	310	5000	幻影戰袍	99	1.林沖	02.上衣	03.灰	00.無	(0) 無	07.怪物掉寶	0	0	1		pc01_torso_0091			100	0	700	0	0	0	0	0	0	0	0	0	0	0	0	0	0	0	0	0	0	0	0	0	0	0	0	0	0	13.防禦力 - Defence	4096	21001	1	10021001	200	0	0	0
	311	5000	幻影戰鞋	99	1.林沖	03.褲子	03.灰	00.無	(0) 無	07.怪物掉寶	0	0	2		pc01_pelvis_0091			100	0	407	0	0	0	0	0	0	0	0	0	0	0	0	0	0	0	0	0	0	0	0	0	0	0	0	0	0	13.防禦力 - Defence	4096	21001	1	10021001	200	0	0	0
	312	5000	幻影木槍	99	1.林沖	04.武器	03.灰	00.無	(0) 無	07.怪物掉寶	0	0	3		pc01_weapon_0091			100	3072	0	0	0	0	0	0	0	0	0	0	0	0	0	0	0	0	0	0	0	0	0	0	0	0	0	0	0	12.攻擊力 - Attack	2048	11001	1	10011001	420	0	0	0
	313	5000	虛空髮帶	99	1.林沖	01.帽子	04.白	00.無	(0) 無	03.商店購買	0	0	0		pc01_hat_0091			100	0	407	0	0	0	0	0	0	0	0	0	0	0	0	0	0	0	0	0	0	0	0	0	0	0	0	0	0	13.防禦力 - Defence	4096	21001	1	10021001	180	0	0	0
	314	5000	虛空戰袍	99	1.林沖	02.上衣	04.白	00.無	(0) 無	03.商店購買	0	0	1		pc01_torso_0091			100	0	875	0	0	0	0	0	0	0	0	0	0	0	0	0	0	0	0	0	0	0	0	0	0	0	0	0	0	13.防禦力 - Defence	4096	21001	1	10021001	180	0	0	0
	315	5000	虛空戰鞋	99	1.林沖	03.褲子	04.白	00.無	(0) 無	03.商店購買	0	0	2		pc01_pelvis_0091			100	0	509	0	0	0	0	0	0	0	0	0	0	0	0	0	0	0	0	0	0	0	0	0	0	0	0	0	0	13.防禦力 - Defence	4096	21001	1	10021001	180	0	0	0
	316	5000	虛空鐵槍	99	1.林沖	04.武器	04.白	00.無	(0) 無	03.商店購買	0	0	3		pc01_weapon_0091			100	3839	0	0	0	0	0	0	0	0	0	0	0	0	0	0	0	0	0	0	0	0	0	0	0	0	0	0	0	12.攻擊力 - Attack	2048	11001	1	10011001	380	0	0	0
	317	5000	不惑髮帶	99	1.林沖	01.帽子	05.綠	00.無	(1) 智慧	07.怪物掉寶	0	0	0		pc01_hat_0091			100	0	0	0	0	0	20	0	0	0	0	0	0	0	0	0	0	0	0	0	0	0	0	0	0	0	0	0	0	13.防禦力 - Defence	4096	21001	2	10021001	190	0	0	0
	318	5000	不惑戰袍	99	1.林沖	02.上衣	05.綠	00.無	(1) 最大 HP	07.怪物掉寶	0	0	1		pc01_torso_0091			100	0	0	0	0	0	0	0	0	0	0	0	0	0	0	0	0	0	0	430	0	0	0	0	0	0	0	0	0	13.防禦力 - Defence	4096	21001	2	10021001	190	0	0	0
	319	5000	不惑戰鞋	99	1.林沖	03.褲子	05.綠	00.無	(1) 敏捷	07.怪物掉寶	0	0	2		pc01_pelvis_0091			100	0	0	0	24	0	0	0	0	0	0	0	0	0	0	0	0	0	0	0	0	0	0	0	0	0	0	0	0	13.防禦力 - Defence	4096	21001	2	10021001	190	0	0	0
	320	5000	不惑銅槍	99	1.林沖	04.武器	05.綠	00.無	(1) 體能	07.怪物掉寶	0	0	3		pc01_weapon_0091			100	0	0	0	0	21	0	0	0	0	0	0	0	0	0	0	0	0	0	0	0	0	0	0	0	0	0	0	0	12.攻擊力 - Attack	2048	11001	2	10011001	400	0	0	0
	321	5000	無懼髮帶	99	1.林沖	01.帽子	06.藍	00.無	(2) 敏 / 智 平均	12.收集品交換	0	0	0		pc01_hat_0091			100	0	0	0	21	0	17	0	0	0	0	0	0	0	0	0	0	0	0	0	0	0	0	0	0	0	0	0	0	13.防禦力 - Defence	4096	21001	2	10021001	190	0	0	0
	322	5000	無懼戰袍	99	1.林沖	02.上衣	06.藍	00.無	(2) HP / 敏	12.收集品交換	0	0	1		pc01_torso_0091			100	0	0	0	20	0	0	0	0	0	0	0	0	0	0	0	0	0	0	370	0	0	0	0	0	0	0	0	0	13.防禦力 - Defence	4096	21001	2	10021001	190	0	0	0
	323	5000	無懼戰鞋	99	1.林沖	03.褲子	06.藍	00.無	(2) 敏 / 體 平均	12.收集品交換	0	0	2		pc01_pelvis_0091			100	0	0	0	21	18	0	0	0	0	0	0	0	0	0	0	0	0	0	0	0	0	0	0	0	0	0	0	0	13.防禦力 - Defence	4096	21001	2	10021001	190	0	0	0
	324	5000	無懼銀槍	99	1.林沖	04.武器	06.藍	00.無	(2) 體 / 智 平均	12.收集品交換	0	0	3		pc01_weapon_0091			100	0	0	0	0	18	17	0	0	0	0	0	0	0	0	0	0	0	0	0	0	0	0	0	0	0	0	0	0	12.攻擊力 - Attack	2048	11001	2	10011001	410	0	0	0
	325	5000	菁英戰士帽	99	1.林沖	01.帽子	07.紫	00.無	(3) MP / 敏 / 智	07.怪物掉寶	0	0	0		pc01_hat_0092			100	0	0	0	18	0	14	0	0	0	0	0	0	0	0	0	0	0	0	0	740	0	0	0	0	0	0	0	0	13.防禦力 - Defence	4096	21001	3	10021001	200	0	0	0
	326	5000	菁英戰士袍	99	1.林沖	02.上衣	07.紫	00.無	(3) HP / 敏 / 智	07.怪物掉寶	0	0	1		pc01_torso_0092			100	0	0	0	18	0	14	0	0	0	0	0	0	0	0	0	0	0	0	320	0	0	0	0	0	0	0	0	0	13.防禦力 - Defence	4096	21001	3	10021001	200	0	0	0
	327	5000	菁英戰士鞋	99	1.林沖	03.褲子	07.紫	00.無	(3) MP / 敏 / 體	07.怪物掉寶	0	0	2		pc01_pelvis_0092			100	0	0	0	18	15	0	0	0	0	0	0	0	0	0	0	0	0	0	0	370	0	0	0	0	0	0	0	0	13.防禦力 - Defence	4096	21001	3	10021001	200	0	0	0
	328	5000	菁英戰士金槍	99	1.林沖	04.武器	07.紫	00.無	(3) HP / 體 / 智	07.怪物掉寶	0	0	3		pc01_weapon_0092			100	0	0	0	0	15	14	0	0	0	0	0	0	0	0	0	0	0	0	160	0	0	0	0	0	0	0	0	0	12.攻擊力 - Attack	2048	11001	3	10011001	420	0	0	0
	329	5000	雷橫頭巾	1	2.雷橫	01.帽子	02.初始	00.無	(0) 無	02.初始	130	13	0		pc02_hat_0000			100	0	10	0	0	0	0	0	0	0	0	0	0	0	0	0	0	0	0	0	0	0	0	0	0	0	0	0	0	13.防禦力 - Defence	4096	21001	1	2021001	270	1.05	284	0.023
	330	5000	雷橫背心	1	2.雷橫	02.上衣	02.初始	00.無	(0) 無	02.初始	170	17	1		pc02_torso_0000			100	0	21	0	0	0	0	0	0	0	0	0	0	0	0	0	0	0	0	0	0	0	0	0	0	0	0	0	0	13.防禦力 - Defence	4096	21001	1	2021001	270	1.37	370	0.023
	331	5000	雷橫鞋	1	2.雷橫	03.褲子	02.初始	00.無	(0) 無	02.初始	150	15	2		pc02_pelvis_0000			100	0	12	0	0	0	0	0	0	0	0	0	0	0	0	0	0	0	0	0	0	0	0	0	0	0	0	0	0	13.防禦力 - Defence	4096	21001	1	2021001	270	1.21	327	0.023
	332	5000	雷橫拳套	1	2.雷橫	04.武器	02.初始	00.無	(0) 無	02.初始	280	28	3		pc02_weapon_0000			100	38	0	0	0	0	0	0	0	0	0	0	0	0	0	0	0	0	0	0	0	0	0	0	0	0	0	0	0	12.攻擊力 - Attack	2048	11001	1	2011001	580	1.05	609	0.023
	333	5000	劣質布帽	10	2.雷橫	01.帽子	03.灰	00.無	(0) 無	07.怪物掉寶	630	32	0		pc02_hat_0001			100	0	18	0	0	0	0	0	0	0	0	0	0	0	0	0	0	0	0	0	0	0	0	0	0	0	0	0	0	13.防禦力 - Defence	4096	21001	1	2021001	200	2.17	434	0.073
	334	5000	劣質布衣	10	2.雷橫	02.上衣	03.灰	00.無	(0) 無	07.怪物掉寶	820	41	1		pc02_torso_0001			100	0	39	0	0	0	0	0	0	0	0	0	0	0	0	0	0	0	0	0	0	0	0	0	0	0	0	0	0	13.防禦力 - Defence	4096	21001	1	2021001	200	2.83	566	0.073
	335	5000	劣質草鞋	10	2.雷橫	03.褲子	03.灰	00.無	(0) 無	07.怪物掉寶	720	36	2		pc02_pelvis_0001			100	0	23	0	0	0	0	0	0	0	0	0	0	0	0	0	0	0	0	0	0	0	0	0	0	0	0	0	0	13.防禦力 - Defence	4096	21001	1	2021001	200	2.48	496	0.073
	336	5000	劣質拳套	10	2.雷橫	04.武器	03.灰	00.無	(0) 無	07.怪物掉寶	"1,360"	68	3		pc02_weapon_0001			100	83	0	0	0	0	0	0	0	0	0	0	0	0	0	0	0	0	0	0	0	0	0	0	0	0	0	0	0	12.攻擊力 - Attack	2048	11001	1	2011001	420	2.23	937	0.073
	337	5000	平民布帽	10	2.雷橫	01.帽子	04.白	00.無	(0) 無	03.商店購買	630	63	0		pc02_hat_0001			100	0	23	0	0	0	0	0	0	0	0	0	0	0	0	0	0	0	0	0	0	0	0	0	0	0	0	0	0	13.防禦力 - Defence	4096	21001	1	2021001	180	2.41	434	0.073
	338	5000	平民布衣	10	2.雷橫	02.上衣	04.白	00.無	(0) 無	03.商店購買	820	82	1		pc02_torso_0001			100	0	49	0	0	0	0	0	0	0	0	0	0	0	0	0	0	0	0	0	0	0	0	0	0	0	0	0	0	13.防禦力 - Defence	4096	21001	1	2021001	180	3.14	566	0.073
	339	5000	平民草鞋	10	2.雷橫	03.褲子	04.白	00.無	(0) 無	03.商店購買	720	72	2		pc02_pelvis_0001			100	0	28	0	0	0	0	0	0	0	0	0	0	0	0	0	0	0	0	0	0	0	0	0	0	0	0	0	0	13.防禦力 - Defence	4096	21001	1	2021001	180	2.76	497	0.073
	340	5000	鐵拳套	10	2.雷橫	04.武器	04.白	00.無	(0) 無	03.商店購買	"1,360"	136	3		pc02_weapon_0001			100	104	0	0	0	0	0	0	0	0	0	0	0	0	0	0	0	0	0	0	0	0	0	0	0	0	0	0	0	12.攻擊力 - Attack	2048	11001	1	2011001	380	2.47	939	0.073
	341	5000	傳統布帽	10	2.雷橫	01.帽子	05.綠	00.無	(1) 智慧	07.怪物掉寶	630	32	0		pc02_hat_0001			100	0	27	0	0	0	4	0	0	0	0	0	0	0	0	0	0	0	0	0	0	0	0	0	0	0	0	0	0	13.防禦力 - Defence	4096	21001	2	2021001	190	2.29	436	0.073
	342	5000	傳統布衣	10	2.雷橫	02.上衣	05.綠	00.無	(1) 最大 HP	07.怪物掉寶	820	41	1		pc02_torso_0001			100	0	57	0	0	0	0	0	0	0	0	0	0	0	0	0	0	0	0	100	0	0	0	0	0	0	0	0	0	13.防禦力 - Defence	4096	21001	2	2021001	190	2.97	565	0.073
	343	5000	傳統草鞋	10	2.雷橫	03.褲子	05.綠	00.無	(1) 敏捷	07.怪物掉寶	720	36	2		pc02_pelvis_0001			100	0	33	0	4	0	0	0	0	0	0	0	0	0	0	0	0	0	0	0	0	0	0	0	0	0	0	0	0	13.防禦力 - Defence	4096	21001	2	2021001	190	2.61	496	0.073
	344	5000	銅拳套	10	2.雷橫	04.武器	05.綠	00.無	(1) 體能	07.怪物掉寶	"1,360"	68	3		pc02_weapon_0001			100	129	0	0	0	5	0	0	0	0	0	0	0	0	0	0	0	0	0	0	0	0	0	0	0	0	0	0	0	12.攻擊力 - Attack	2048	11001	2	2011001	400	2.34	936	0.073
	345	5000	高級布帽	10	2.雷橫	01.帽子	06.藍	00.無	(2) 敏 / 智 平均	12.收集品交換	630	32	0		pc02_hat_0001			100	0	34	0	4	0	4	0	0	0	0	0	0	0	0	0	0	0	0	0	0	0	0	0	0	0	0	0	0	13.防禦力 - Defence	4096	21001	2	2021001	190	2.29	436	0.073
	346	5000	高級布衣	10	2.雷橫	02.上衣	06.藍	00.無	(2) HP / 敏	12.收集品交換	820	41	1		pc02_torso_0001			100	0	72	0	4	0	0	0	0	0	0	0	0	0	0	0	0	0	0	90	0	0	0	0	0	0	0	0	0	13.防禦力 - Defence	4096	21001	2	2021001	190	2.97	565	0.073
	347	5000	高級草鞋	10	2.雷橫	03.褲子	06.藍	00.無	(2) 敏 / 體 平均	12.收集品交換	720	36	2		pc02_pelvis_0001			100	0	42	0	4	5	0	0	0	0	0	0	0	0	0	0	0	0	0	0	0	0	0	0	0	0	0	0	0	13.防禦力 - Defence	4096	21001	2	2021001	190	2.61	496	0.073
	348	5000	銀拳套	10	2.雷橫	04.武器	06.藍	00.無	(2) 體 / 智 平均	12.收集品交換	"1,360"	68	3		pc02_weapon_0001			100	158	0	0	0	5	4	0	0	0	0	0	0	0	0	0	0	0	0	0	0	0	0	0	0	0	0	0	0	12.攻擊力 - Attack	2048	11001	2	2011001	410	2.29	939	0.073
	349	5000	迅雷帽	15	2.雷橫	01.帽子	03.灰	00.無	(0) 無	07.怪物掉寶	"2,330"	117	0		pc02_hat_0010			100	0	26	0	0	0	0	0	0	0	0	0	0	0	0	0	0	0	0	0	0	0	0	0	0	0	0	0	0	13.防禦力 - Defence	4096	21001	1	2021001	200	4.24	848	0.138
	350	5000	迅雷衣	15	2.雷橫	02.上衣	03.灰	00.無	(0) 無	07.怪物掉寶	"3,000"	150	1		pc02_torso_0010			100	0	55	0	0	0	0	0	0	0	0	0	0	0	0	0	0	0	0	0	0	0	0	0	0	0	0	0	0	13.防禦力 - Defence	4096	21001	1	2021001	200	5.46	"1,092"	0.138
	351	5000	迅雷鞋	15	2.雷橫	03.褲子	03.灰	00.無	(0) 無	07.怪物掉寶	"2,660"	133	2		pc02_pelvis_0010			100	0	32	0	0	0	0	0	0	0	0	0	0	0	0	0	0	0	0	0	0	0	0	0	0	0	0	0	0	13.防禦力 - Defence	4096	21001	1	2021001	200	4.84	968	0.138
	352	5000	迅雷拳套	15	2.雷橫	04.武器	03.灰	00.無	(0) 無	07.怪物掉寶	"4,990"	250	3		pc02_weapon_0010			100	121	0	0	0	0	0	0	0	0	0	0	0	0	0	0	0	0	0	0	0	0	0	0	0	0	0	0	0	12.攻擊力 - Attack	2048	11001	1	2011001	420	4.32	"1,815"	0.138
	353	5000	迅雷帽	15	2.雷橫	01.帽子	04.白	00.無	(0) 無	03.商店購買	"2,330"	233	0		pc02_hat_0010			100	0	32	0	0	0	0	0	0	0	0	0	0	0	0	0	0	0	0	0	0	0	0	0	0	0	0	0	0	13.防禦力 - Defence	4096	21001	1	2021001	180	4.71	848	0.138
	354	5000	疾雷衣	15	2.雷橫	02.上衣	04.白	00.無	(0) 無	03.商店購買	"3,000"	300	1		pc02_torso_0010			100	0	69	0	0	0	0	0	0	0	0	0	0	0	0	0	0	0	0	0	0	0	0	0	0	0	0	0	0	13.防禦力 - Defence	4096	21001	1	2021001	180	6.06	"1,091"	0.138
	355	5000	疾雷鞋	15	2.雷橫	03.褲子	04.白	00.無	(0) 無	03.商店購買	"2,660"	266	2		pc02_pelvis_0010			100	0	40	0	0	0	0	0	0	0	0	0	0	0	0	0	0	0	0	0	0	0	0	0	0	0	0	0	0	13.防禦力 - Defence	4096	21001	1	2021001	180	5.37	967	0.138
	356	5000	疾雷拳套	15	2.雷橫	04.武器	04.白	00.無	(0) 無	03.商店購買	"4,990"	499	3		pc02_weapon_0010			100	151	0	0	0	0	0	0	0	0	0	0	0	0	0	0	0	0	0	0	0	0	0	0	0	0	0	0	0	12.攻擊力 - Attack	2048	11001	1	2011001	380	4.78	"1,817"	0.138
	357	5000	雷鳴帽	15	2.雷橫	01.帽子	05.綠	00.無	(1) 智慧	07.怪物掉寶	"2,330"	117	0		pc02_hat_0010			100	0	36	0	0	0	5	0	0	0	0	0	0	0	0	0	0	0	0	0	0	0	0	0	0	0	0	0	0	13.防禦力 - Defence	4096	21001	2	2021001	190	4.46	848	0.138
	358	5000	雷鳴衣	15	2.雷橫	02.上衣	05.綠	00.無	(1) 最大 HP	07.怪物掉寶	"3,000"	150	1		pc02_torso_0010			100	0	78	0	0	0	0	0	0	0	0	0	0	0	0	0	0	0	0	130	0	0	0	0	0	0	0	0	0	13.防禦力 - Defence	4096	21001	2	2021001	190	5.74	"1,091"	0.138
	359	5000	雷鳴鞋	15	2.雷橫	03.褲子	05.綠	00.無	(1) 敏捷	07.怪物掉寶	"2,660"	133	2		pc02_pelvis_0010			100	0	46	0	5	0	0	0	0	0	0	0	0	0	0	0	0	0	0	0	0	0	0	0	0	0	0	0	0	13.防禦力 - Defence	4096	21001	2	2021001	190	5.09	968	0.138
	360	5000	雷鳴拳套	15	2.雷橫	04.武器	05.綠	00.無	(1) 體能	07.怪物掉寶	"4,990"	250	3		pc02_weapon_0010			100	179	0	0	0	6	0	0	0	0	0	0	0	0	0	0	0	0	0	0	0	0	0	0	0	0	0	0	0	12.攻擊力 - Attack	2048	11001	2	2011001	400	4.54	"1,816"	0.138
	361	5000	爆雷帽	15	2.雷橫	01.帽子	06.藍	00.無	(2) 敏 / 智 平均	12.收集品交換	"2,330"	117	0		pc02_hat_0010			100	0	45	0	5	0	4	0	0	0	0	0	0	0	0	0	0	0	0	0	0	0	0	0	0	0	0	0	0	13.防禦力 - Defence	4096	21001	2	2021001	190	4.46	848	0.138
	362	5000	爆雷衣	15	2.雷橫	02.上衣	06.藍	00.無	(2) HP / 敏	12.收集品交換	"3,000"	150	1		pc02_torso_0010			100	0	96	0	4	0	0	0	0	0	0	0	0	0	0	0	0	0	0	110	0	0	0	0	0	0	0	0	0	13.防禦力 - Defence	4096	21001	2	2021001	190	5.74	"1,091"	0.138
	363	5000	爆雷鞋	15	2.雷橫	03.褲子	06.藍	00.無	(2) 敏 / 體 平均	12.收集品交換	"2,660"	133	2		pc02_pelvis_0010			100	0	56	0	5	6	0	0	0	0	0	0	0	0	0	0	0	0	0	0	0	0	0	0	0	0	0	0	0	13.防禦力 - Defence	4096	21001	2	2021001	190	5.09	968	0.138
	364	5000	爆雷拳套	15	2.雷橫	04.武器	06.藍	00.無	(2) 體 / 智 平均	12.收集品交換	"4,990"	250	3		pc02_weapon_0010			100	216	0	0	0	6	4	0	0	0	0	0	0	0	0	0	0	0	0	0	0	0	0	0	0	0	0	0	0	12.攻擊力 - Attack	2048	11001	2	2011001	410	4.43	"1,817"	0.138
	365	5000	微電帽	20	2.雷橫	01.帽子	03.灰	00.無	(0) 無	07.怪物掉寶	"8,540"	427	0		pc02_hat_0011			100	0	34	0	0	0	0	0	0	0	0	0	0	0	0	0	0	0	0	0	0	0	0	0	0	0	0	0	0	13.防禦力 - Defence	4096	21001	1	2021001	200	6.49	"1,298"	0.33
	366	5000	微電衣	20	2.雷橫	02.上衣	03.灰	00.無	(0) 無	07.怪物掉寶	"10,980"	549	1		pc02_torso_0011			100	0	73	0	0	0	0	0	0	0	0	0	0	0	0	0	0	0	0	0	0	0	0	0	0	0	0	0	0	13.防禦力 - Defence	4096	21001	1	2021001	200	8.34	"1,668"	0.33
	367	5000	微電鞋	20	2.雷橫	03.褲子	03.灰	00.無	(0) 無	07.怪物掉寶	"9,760"	488	2		pc02_pelvis_0011			100	0	43	0	0	0	0	0	0	0	0	0	0	0	0	0	0	0	0	0	0	0	0	0	0	0	0	0	0	13.防禦力 - Defence	4096	21001	1	2021001	200	7.41	"1,482"	0.33
	368	5000	微電拳套	20	2.雷橫	04.武器	03.灰	00.無	(0) 無	07.怪物掉寶	"18,300"	915	3		pc02_weapon_0011			100	165	0	0	0	0	0	0	0	0	0	0	0	0	0	0	0	0	0	0	0	0	0	0	0	0	0	0	0	12.攻擊力 - Attack	2048	11001	1	2011001	420	6.62	"2,781"	0.33
	369	5000	閃電帽	20	2.雷橫	01.帽子	04.白	00.無	(0) 無	03.商店購買	"8,540"	854	0		pc02_hat_0011			100	0	43	0	0	0	0	0	0	0	0	0	0	0	0	0	0	0	0	0	0	0	0	0	0	0	0	0	0	13.防禦力 - Defence	4096	21001	1	2021001	180	7.21	"1,298"	0.33
	370	5000	閃電衣	20	2.雷橫	02.上衣	04.白	00.無	(0) 無	03.商店購買	"10,980"	"1,098"	1		pc02_torso_0011			100	0	92	0	0	0	0	0	0	0	0	0	0	0	0	0	0	0	0	0	0	0	0	0	0	0	0	0	0	13.防禦力 - Defence	4096	21001	1	2021001	180	9.27	"1,669"	0.33
	371	5000	閃電鞋	20	2.雷橫	03.褲子	04.白	00.無	(0) 無	03.商店購買	"9,760"	976	2		pc02_pelvis_0011			100	0	53	0	0	0	0	0	0	0	0	0	0	0	0	0	0	0	0	0	0	0	0	0	0	0	0	0	0	13.防禦力 - Defence	4096	21001	1	2021001	180	8.24	"1,484"	0.33
	372	5000	閃電拳套	20	2.雷橫	04.武器	04.白	00.無	(0) 無	03.商店購買	"18,300"	"1,830"	3		pc02_weapon_0011			100	206	0	0	0	0	0	0	0	0	0	0	0	0	0	0	0	0	0	0	0	0	0	0	0	0	0	0	0	12.攻擊力 - Attack	2048	11001	1	2011001	380	7.32	"2,782"	0.33
	373	5000	旭電帽	20	2.雷橫	01.帽子	05.綠	00.無	(1) 智慧	07.怪物掉寶	"8,540"	427	0		pc02_hat_0011			100	0	47	0	0	0	6	0	0	0	0	0	0	0	0	0	0	0	0	0	0	0	0	0	0	0	0	0	0	13.防禦力 - Defence	4096	21001	2	2021001	190	6.83	"1,298"	0.33
	374	5000	旭電衣	20	2.雷橫	02.上衣	05.綠	00.無	(1) 最大 HP	07.怪物掉寶	"10,980"	549	1		pc02_torso_0011			100	0	102	0	0	0	0	0	0	0	0	0	0	0	0	0	0	0	0	150	0	0	0	0	0	0	0	0	0	13.防禦力 - Defence	4096	21001	2	2021001	190	8.78	"1,669"	0.33
	375	5000	旭電鞋	20	2.雷橫	03.褲子	05.綠	00.無	(1) 敏捷	07.怪物掉寶	"9,760"	488	2		pc02_pelvis_0011			100	0	59	0	6	0	0	0	0	0	0	0	0	0	0	0	0	0	0	0	0	0	0	0	0	0	0	0	0	13.防禦力 - Defence	4096	21001	2	2021001	190	7.8	"1,482"	0.33
	376	5000	旭電拳套	20	2.雷橫	04.武器	05.綠	00.無	(1) 體能	07.怪物掉寶	"18,300"	915	3		pc02_weapon_0011			100	240	0	0	0	7	0	0	0	0	0	0	0	0	0	0	0	0	0	0	0	0	0	0	0	0	0	0	0	12.攻擊力 - Attack	2048	11001	2	2011001	400	6.95	"2,780"	0.33
	377	5000	電擊王帽	20	2.雷橫	01.帽子	06.藍	00.無	(2) 敏 / 智 平均	12.收集品交換	"8,540"	427	0		pc02_hat_0011			100	0	57	0	5	0	5	0	0	0	0	0	0	0	0	0	0	0	0	0	0	0	0	0	0	0	0	0	0	13.防禦力 - Defence	4096	21001	2	2021001	190	6.83	"1,298"	0.33
	378	5000	電擊王衣	20	2.雷橫	02.上衣	06.藍	00.無	(2) HP / 敏	12.收集品交換	"10,980"	549	1		pc02_torso_0011			100	0	122	0	5	0	0	0	0	0	0	0	0	0	0	0	0	0	0	130	0	0	0	0	0	0	0	0	0	13.防禦力 - Defence	4096	21001	2	2021001	190	8.78	"1,669"	0.33
	379	5000	電擊王鞋	20	2.雷橫	03.褲子	06.藍	00.無	(2) 敏 / 體 平均	12.收集品交換	"9,760"	488	2		pc02_pelvis_0011			100	0	71	0	5	7	0	0	0	0	0	0	0	0	0	0	0	0	0	0	0	0	0	0	0	0	0	0	0	13.防禦力 - Defence	4096	21001	2	2021001	190	7.8	"1,482"	0.33
	380	5000	電擊王拳套	20	2.雷橫	04.武器	06.藍	00.無	(2) 體 / 智 平均	12.收集品交換	"18,300"	915	3		pc02_weapon_0011			100	286	0	0	0	7	5	0	0	0	0	0	0	0	0	0	0	0	0	0	0	0	0	0	0	0	0	0	0	12.攻擊力 - Attack	2048	11001	2	2011001	410	6.78	"2,780"	0.33
	381	5000	風神帽	35	2.雷橫	01.帽子	07.紫	00.無	(3) MP / 敏 / 智	07.怪物掉寶	"114,700"	"5,735"	0		pc02_hat_0012			100	0	116	0	7	0	6	0	0	0	0	0	0	0	0	0	0	0	0	0	330	0	0	0	0	0	0	0	0	13.防禦力 - Defence	4096	21001	3	4021001	200	11.78	"2,356"	2.434
	382	5000	風神衣	35	2.雷橫	02.上衣	07.紫	00.無	(3) HP / 敏 / 智	07.怪物掉寶	"147,400"	"7,370"	1		pc02_torso_0012			100	0	248	0	7	0	6	0	0	0	0	0	0	0	0	0	0	0	0	170	0	0	0	0	0	0	0	0	0	13.防禦力 - Defence	4096	21001	3	4021001	200	15.14	"3,028"	2.434
	383	5000	風神鞋	35	2.雷橫	03.褲子	07.紫	00.無	(3) MP / 敏 / 體	07.怪物掉寶	"131,000"	"6,550"	2		pc02_pelvis_0012			100	0	144	0	7	8	0	0	0	0	0	0	0	0	0	0	0	0	0	0	170	0	0	0	0	0	0	0	0	13.防禦力 - Defence	4096	21001	3	4021001	200	13.46	"2,692"	2.434
	384	5000	風神拳套	35	2.雷橫	04.武器	07.紫	00.無	(3) HP / 體 / 智	07.怪物掉寶	"245,700"	"12,285"	3		pc02_weapon_0012			100	705	0	0	0	8	6	0	0	0	0	0	0	0	0	0	0	0	0	90	0	0	0	0	0	0	0	0	0	12.攻擊力 - Attack	2048	11001	3	4011001	420	12.02	"5,049"	2.434
	385	5000	黑牛帽	25	2.雷橫	01.帽子	03.灰	00.無	(0) 無	07.怪物掉寶	"24,600"	"1,230"	0		pc02_hat_0020			100	0	43	0	0	0	0	0	0	0	0	0	0	0	0	0	0	0	0	0	0	0	0	0	0	0	0	0	0	13.防禦力 - Defence	4096	21001	1	4021001	200	7.45	"1,490"	0.826
	386	5000	黑牛衣	25	2.雷橫	02.上衣	03.灰	00.無	(0) 無	07.怪物掉寶	"31,600"	"1,580"	1		pc02_torso_0020			100	0	93	0	0	0	0	0	0	0	0	0	0	0	0	0	0	0	0	0	0	0	0	0	0	0	0	0	0	13.防禦力 - Defence	4096	21001	1	4021001	200	9.57	"1,914"	0.826
	387	5000	黑牛鞋	25	2.雷橫	03.褲子	03.灰	00.無	(0) 無	07.怪物掉寶	"28,100"	"1,405"	2		pc02_pelvis_0020			100	0	54	0	0	0	0	0	0	0	0	0	0	0	0	0	0	0	0	0	0	0	0	0	0	0	0	0	0	13.防禦力 - Defence	4096	21001	1	4021001	200	8.51	"1,702"	0.826
	388	5000	黑牛拳套	25	2.雷橫	04.武器	03.灰	00.無	(0) 無	07.怪物掉寶	"52,600"	"2,630"	3		pc02_weapon_0020			100	218	0	0	0	0	0	0	0	0	0	0	0	0	0	0	0	0	0	0	0	0	0	0	0	0	0	0	0	12.攻擊力 - Attack	2048	11001	1	4011001	420	7.58	"3,184"	0.826
	389	5000	蠻牛帽	25	2.雷橫	01.帽子	04.白	00.無	(0) 無	03.商店購買	"24,600"	"2,460"	0		pc02_hat_0020			100	0	54	0	0	0	0	0	0	0	0	0	0	0	0	0	0	0	0	0	0	0	0	0	0	0	0	0	0	13.防禦力 - Defence	4096	21001	1	4021001	180	8.27	"1,489"	0.826
	390	5000	蠻牛衣	25	2.雷橫	02.上衣	04.白	00.無	(0) 無	03.商店購買	"31,600"	"3,160"	1		pc02_torso_0020			100	0	116	0	0	0	0	0	0	0	0	0	0	0	0	0	0	0	0	0	0	0	0	0	0	0	0	0	0	13.防禦力 - Defence	4096	21001	1	4021001	180	10.63	"1,914"	0.826
	391	5000	蠻牛鞋	25	2.雷橫	03.褲子	04.白	00.無	(0) 無	03.商店購買	"28,100"	"2,810"	2		pc02_pelvis_0020			100	0	68	0	0	0	0	0	0	0	0	0	0	0	0	0	0	0	0	0	0	0	0	0	0	0	0	0	0	13.防禦力 - Defence	4096	21001	1	4021001	180	9.45	"1,701"	0.826
	392	5000	蠻牛拳套	25	2.雷橫	04.武器	04.白	00.無	(0) 無	03.商店購買	"52,600"	"5,260"	3		pc02_weapon_0020			100	273	0	0	0	0	0	0	0	0	0	0	0	0	0	0	0	0	0	0	0	0	0	0	0	0	0	0	0	12.攻擊力 - Attack	2048	11001	1	4011001	380	8.38	"3,185"	0.826
	393	5000	猛牛帽	25	2.雷橫	01.帽子	05.綠	00.無	(1) 智慧	07.怪物掉寶	"24,600"	"1,230"	0		pc02_hat_0020			100	0	59	0	0	0	6	0	0	0	0	0	0	0	0	0	0	0	0	0	0	0	0	0	0	0	0	0	0	13.防禦力 - Defence	4096	21001	2	4021001	190	7.84	"1,490"	0.826
	394	5000	猛牛衣	25	2.雷橫	02.上衣	05.綠	00.無	(1) 最大 HP	07.怪物掉寶	"31,600"	"1,580"	1		pc02_torso_0020			100	0	126	0	0	0	0	0	0	0	0	0	0	0	0	0	0	0	0	170	0	0	0	0	0	0	0	0	0	13.防禦力 - Defence	4096	21001	2	4021001	190	10.07	"1,914"	0.826
	395	5000	猛牛鞋	25	2.雷橫	03.褲子	05.綠	00.無	(1) 敏捷	07.怪物掉寶	"28,100"	"1,405"	2		pc02_pelvis_0020			100	0	73	0	7	0	0	0	0	0	0	0	0	0	0	0	0	0	0	0	0	0	0	0	0	0	0	0	0	13.防禦力 - Defence	4096	21001	2	4021001	190	8.95	"1,701"	0.826
	396	5000	猛牛全套	25	2.雷橫	04.武器	05.綠	00.無	(1) 體能	07.怪物掉寶	"52,600"	"2,630"	3		pc02_weapon_0020			100	312	0	0	0	8	0	0	0	0	0	0	0	0	0	0	0	0	0	0	0	0	0	0	0	0	0	0	0	12.攻擊力 - Attack	2048	11001	2	4011001	400	7.96	"3,184"	0.826
	397	5000	狂牛帽	25	2.雷橫	01.帽子	06.藍	00.無	(2) 敏 / 智 平均	12.收集品交換	"24,600"	"1,230"	0		pc02_hat_0020			100	0	70	0	6	0	6	0	0	0	0	0	0	0	0	0	0	0	0	0	0	0	0	0	0	0	0	0	0	13.防禦力 - Defence	4096	21001	2	4021001	190	7.84	"1,490"	0.826
	398	5000	狂牛衣	25	2.雷橫	02.上衣	06.藍	00.無	(2) HP / 敏	12.收集品交換	"31,600"	"1,580"	1		pc02_torso_0020			100	0	151	0	6	0	0	0	0	0	0	0	0	0	0	0	0	0	0	150	0	0	0	0	0	0	0	0	0	13.防禦力 - Defence	4096	21001	2	4021001	190	10.07	"1,914"	0.826
	399	5000	狂牛鞋	25	2.雷橫	03.褲子	06.藍	00.無	(2) 敏 / 體 平均	12.收集品交換	"28,100"	"1,405"	2		pc02_pelvis_0020			100	0	88	0	6	7	0	0	0	0	0	0	0	0	0	0	0	0	0	0	0	0	0	0	0	0	0	0	0	13.防禦力 - Defence	4096	21001	2	4021001	190	8.95	"1,701"	0.826
	400	5000	狂牛拳套	25	2.雷橫	04.武器	06.藍	00.無	(2) 體 / 智 平均	12.收集品交換	"52,600"	"2,630"	3		pc02_weapon_0020			100	369	0	0	0	7	6	0	0	0	0	0	0	0	0	0	0	0	0	0	0	0	0	0	0	0	0	0	0	12.攻擊力 - Attack	2048	11001	2	4011001	410	7.77	"3,186"	0.826
	401	5000	尖角帽	30	2.雷橫	01.帽子	03.灰	00.無	(0) 無	07.怪物掉寶	"56,300"	"2,815"	0		pc02_hat_0021			100	0	53	0	0	0	0	0	0	0	0	0	0	0	0	0	0	0	0	0	0	0	0	0	0	0	0	0	0	13.防禦力 - Defence	4096	21001	1	4021001	200	8.49	"1,698"	1.658
	402	5000	尖角袍	30	2.雷橫	02.上衣	03.灰	00.無	(0) 無	07.怪物掉寶	"72,400"	"3,620"	1		pc02_torso_0021			100	0	115	0	0	0	0	0	0	0	0	0	0	0	0	0	0	0	0	0	0	0	0	0	0	0	0	0	0	13.防禦力 - Defence	4096	21001	1	4021001	200	10.92	"2,184"	1.658
	403	5000	尖角鞋	30	2.雷橫	03.褲子	03.灰	00.無	(0) 無	07.怪物掉寶	"64,400"	"3,220"	2		pc02_pelvis_0021			100	0	67	0	0	0	0	0	0	0	0	0	0	0	0	0	0	0	0	0	0	0	0	0	0	0	0	0	0	13.防禦力 - Defence	4096	21001	1	4021001	200	9.71	"1,942"	1.658
	404	5000	尖角拳套	30	2.雷橫	04.武器	03.灰	00.無	(0) 無	07.怪物掉寶	"120,700"	"6,035"	3		pc02_weapon_0021			100	281	0	0	0	0	0	0	0	0	0	0	0	0	0	0	0	0	0	0	0	0	0	0	0	0	0	0	0	12.攻擊力 - Attack	2048	11001	1	4011001	420	8.67	"3,642"	1.658
	405	5000	銳棘帽	30	2.雷橫	01.帽子	04.白	00.無	(0) 無	03.商店購買	"56,300"	"5,630"	0		pc02_hat_0021			100	0	67	0	0	0	0	0	0	0	0	0	0	0	0	0	0	0	0	0	0	0	0	0	0	0	0	0	0	13.防禦力 - Defence	4096	21001	1	4021001	180	9.43	"1,698"	1.658
	406	5000	銳棘衣	30	2.雷橫	02.上衣	04.白	00.無	(0) 無	03.商店購買	"72,400"	"7,240"	1		pc02_torso_0021			100	0	144	0	0	0	0	0	0	0	0	0	0	0	0	0	0	0	0	0	0	0	0	0	0	0	0	0	0	13.防禦力 - Defence	4096	21001	1	4021001	180	12.13	"2,184"	1.658
	407	5000	銳棘鞋	30	2.雷橫	03.褲子	04.白	00.無	(0) 無	03.商店購買	"64,400"	"6,440"	2		pc02_pelvis_0021			100	0	83	0	0	0	0	0	0	0	0	0	0	0	0	0	0	0	0	0	0	0	0	0	0	0	0	0	0	13.防禦力 - Defence	4096	21001	1	4021001	180	10.79	"1,943"	1.658
	408	5000	銳棘拳套	30	2.雷橫	04.武器	04.白	00.無	(0) 無	03.商店購買	"120,700"	"12,070"	3		pc02_weapon_0021			100	351	0	0	0	0	0	0	0	0	0	0	0	0	0	0	0	0	0	0	0	0	0	0	0	0	0	0	0	12.攻擊力 - Attack	2048	11001	1	4011001	380	9.58	"3,641"	1.658
	409	5000	斑混帽	30	2.雷橫	01.帽子	05.綠	00.無	(1) 智慧	07.怪物掉寶	"56,300"	"2,815"	0		pc02_hat_0021			100	0	71	0	0	0	7	0	0	0	0	0	0	0	0	0	0	0	0	0	0	0	0	0	0	0	0	0	0	13.防禦力 - Defence	4096	21001	2	4021001	190	8.94	"1,699"	1.658
	410	5000	斑混衣	30	2.雷橫	02.上衣	05.綠	00.無	(1) 最大 HP	07.怪物掉寶	"72,400"	"3,620"	1		pc02_torso_0021			100	0	153	0	0	0	0	0	0	0	0	0	0	0	0	0	0	0	0	200	0	0	0	0	0	0	0	0	0	13.防禦力 - Defence	4096	21001	2	4021001	190	11.49	"2,184"	1.658
	411	5000	斑混鞋	30	2.雷橫	03.褲子	05.綠	00.無	(1) 敏捷	07.怪物掉寶	"64,400"	"3,220"	2		pc02_pelvis_0021			100	0	89	0	8	0	0	0	0	0	0	0	0	0	0	0	0	0	0	0	0	0	0	0	0	0	0	0	0	13.防禦力 - Defence	4096	21001	2	4021001	190	10.22	"1,942"	1.658
	412	5000	斑混拳套	30	2.雷橫	04.武器	05.綠	00.無	(1) 體能	07.怪物掉寶	"120,700"	"6,035"	3		pc02_weapon_0021			100	397	0	0	0	10	0	0	0	0	0	0	0	0	0	0	0	0	0	0	0	0	0	0	0	0	0	0	0	12.攻擊力 - Attack	2048	11001	2	4011001	400	9.1	"3,640"	1.658
	413	5000	刺鋒帽	30	2.雷橫	01.帽子	06.藍	00.無	(2) 敏 / 智 平均	12.收集品交換	"56,300"	"2,815"	0		pc02_hat_0021			100	0	85	0	7	0	6	0	0	0	0	0	0	0	0	0	0	0	0	0	0	0	0	0	0	0	0	0	0	13.防禦力 - Defence	4096	21001	2	4021001	190	8.94	"1,699"	1.658
	414	5000	刺鋒衣	30	2.雷橫	02.上衣	06.藍	00.無	(2) HP / 敏	12.收集品交換	"72,400"	"3,620"	1		pc02_torso_0021			100	0	182	0	7	0	0	0	0	0	0	0	0	0	0	0	0	0	0	170	0	0	0	0	0	0	0	0	0	13.防禦力 - Defence	4096	21001	2	4021001	190	11.49	"2,184"	1.658
	415	5000	刺鋒鞋	30	2.雷橫	03.褲子	06.藍	00.無	(2) 敏 / 體 平均	12.收集品交換	"64,400"	"3,220"	2		pc02_pelvis_0021			100	0	106	0	7	8	0	0	0	0	0	0	0	0	0	0	0	0	0	0	0	0	0	0	0	0	0	0	0	13.防禦力 - Defence	4096	21001	2	4021001	190	10.22	"1,942"	1.658
	416	5000	刺鋒拳套	30	2.雷橫	04.武器	06.藍	00.無	(2) 體 / 智 平均	12.收集品交換	"120,700"	"6,035"	3		pc02_weapon_0021			100	465	0	0	0	8	6	0	0	0	0	0	0	0	0	0	0	0	0	0	0	0	0	0	0	0	0	0	0	12.攻擊力 - Attack	2048	11001	2	4011001	410	8.88	"3,641"	1.658
	417	5000	黃虎帽	35	2.雷橫	01.帽子	03.灰	00.無	(0) 無	07.怪物掉寶	"114,700"	"5,735"	0		pc02_hat_0030			100	0	64	0	0	0	0	0	0	0	0	0	0	0	0	0	0	0	0	0	0	0	0	0	0	0	0	0	0	13.防禦力 - Defence	4096	21001	1	4021001	200	11.78	"2,356"	2.434
	418	5000	黃虎衣	35	2.雷橫	02.上衣	03.灰	00.無	(0) 無	07.怪物掉寶	"147,400"	"7,370"	1		pc02_torso_0030			100	0	138	0	0	0	0	0	0	0	0	0	0	0	0	0	0	0	0	0	0	0	0	0	0	0	0	0	0	13.防禦力 - Defence	4096	21001	1	4021001	200	15.14	"3,028"	2.434
	419	5000	黃虎鞋	35	2.雷橫	03.褲子	03.灰	00.無	(0) 無	07.怪物掉寶	"131,000"	"6,550"	2		pc02_pelvis_0030			100	0	80	0	0	0	0	0	0	0	0	0	0	0	0	0	0	0	0	0	0	0	0	0	0	0	0	0	0	13.防禦力 - Defence	4096	21001	1	4021001	200	13.46	"2,692"	2.434
	420	5000	黃虎拳套	35	2.雷橫	04.武器	03.灰	00.無	(0) 無	07.怪物掉寶	"245,700"	"12,285"	3		pc02_weapon_0030			100	354	0	0	0	0	0	0	0	0	0	0	0	0	0	0	0	0	0	0	0	0	0	0	0	0	0	0	0	12.攻擊力 - Attack	2048	11001	1	4011001	420	12.02	"5,049"	2.434
	421	5000	猛虎帽	35	2.雷橫	01.帽子	04.白	00.無	(0) 無	03.商店購買	"114,700"	"11,470"	0		pc02_hat_0030			100	0	80	0	0	0	0	0	0	0	0	0	0	0	0	0	0	0	0	0	0	0	0	0	0	0	0	0	0	13.防禦力 - Defence	4096	21001	1	4021001	180	13.09	"2,357"	2.434
	422	5000	猛虎衣	35	2.雷橫	02.上衣	04.白	00.無	(0) 無	03.商店購買	"147,400"	"14,740"	1		pc02_torso_0030			100	0	173	0	0	0	0	0	0	0	0	0	0	0	0	0	0	0	0	0	0	0	0	0	0	0	0	0	0	13.防禦力 - Defence	4096	21001	1	4021001	180	16.83	"3,030"	2.434
	423	5000	猛虎鞋	35	2.雷橫	03.褲子	04.白	00.無	(0) 無	03.商店購買	"131,000"	"13,100"	2		pc02_pelvis_0030			100	0	101	0	0	0	0	0	0	0	0	0	0	0	0	0	0	0	0	0	0	0	0	0	0	0	0	0	0	13.防禦力 - Defence	4096	21001	1	4021001	180	14.95	"2,691"	2.434
	424	5000	猛虎拳套	35	2.雷橫	04.武器	04.白	00.無	(0) 無	03.商店購買	"245,700"	"24,570"	3		pc02_weapon_0030			100	443	0	0	0	0	0	0	0	0	0	0	0	0	0	0	0	0	0	0	0	0	0	0	0	0	0	0	0	12.攻擊力 - Attack	2048	11001	1	4011001	380	13.29	"5,051"	2.434
	425	5000	戰虎帽	35	2.雷橫	01.帽子	05.綠	00.無	(1) 智慧	07.怪物掉寶	"114,700"	"5,735"	0		pc02_hat_0030			100	0	85	0	0	0	8	0	0	0	0	0	0	0	0	0	0	0	0	0	0	0	0	0	0	0	0	0	0	13.防禦力 - Defence	4096	21001	2	4021001	190	12.4	"2,356"	2.434
	426	5000	戰虎衣	35	2.雷橫	02.上衣	05.綠	00.無	(1) 最大 HP	07.怪物掉寶	"147,400"	"7,370"	1		pc02_torso_0030			100	0	182	0	0	0	0	0	0	0	0	0	0	0	0	0	0	0	0	220	0	0	0	0	0	0	0	0	0	13.防禦力 - Defence	4096	21001	2	4021001	190	15.94	"3,029"	2.434
	427	5000	戰虎鞋	35	2.雷橫	03.褲子	05.綠	00.無	(1) 敏捷	07.怪物掉寶	"131,000"	"6,550"	2		pc02_pelvis_0030			100	0	106	0	9	0	0	0	0	0	0	0	0	0	0	0	0	0	0	0	0	0	0	0	0	0	0	0	0	13.防禦力 - Defence	4096	21001	2	4021001	190	14.17	"2,693"	2.434
	428	5000	戰虎拳套	35	2.雷橫	04.武器	05.綠	00.無	(1) 體能	07.怪物掉寶	"245,700"	"12,285"	3		pc02_weapon_0030			100	496	0	0	0	11	0	0	0	0	0	0	0	0	0	0	0	0	0	0	0	0	0	0	0	0	0	0	0	12.攻擊力 - Attack	2048	11001	2	4011001	400	12.62	"5,048"	2.434
	429	5000	虎王帽	35	2.雷橫	01.帽子	06.藍	00.無	(2) 敏 / 智 平均	12.收集品交換	"114,700"	"5,735"	0		pc02_hat_0030			100	0	100	0	8	0	7	0	0	0	0	0	0	0	0	0	0	0	0	0	0	0	0	0	0	0	0	0	0	13.防禦力 - Defence	4096	21001	2	4021001	190	12.4	"2,356"	2.434
	430	5000	虎王衣	35	2.雷橫	02.上衣	06.藍	00.無	(2) HP / 敏	12.收集品交換	"147,400"	"7,370"	1		pc02_torso_0030			100	0	214	0	7	0	0	0	0	0	0	0	0	0	0	0	0	0	0	190	0	0	0	0	0	0	0	0	0	13.防禦力 - Defence	4096	21001	2	4021001	190	15.94	"3,029"	2.434
	431	5000	虎王鞋	35	2.雷橫	03.褲子	06.藍	00.無	(2) 敏 / 體 平均	12.收集品交換	"131,000"	"6,550"	2		pc02_pelvis_0030			100	0	124	0	8	9	0	0	0	0	0	0	0	0	0	0	0	0	0	0	0	0	0	0	0	0	0	0	0	13.防禦力 - Defence	4096	21001	2	4021001	190	14.17	"2,693"	2.434
	432	5000	虎王拳套	35	2.雷橫	04.武器	06.藍	00.無	(2) 體 / 智 平均	12.收集品交換	"245,700"	"12,285"	3		pc02_weapon_0030			100	576	0	0	0	9	7	0	0	0	0	0	0	0	0	0	0	0	0	0	0	0	0	0	0	0	0	0	0	12.攻擊力 - Attack	2048	11001	2	4011001	410	12.31	"5,048"	2.434
	433	5000	飛虎帽	40	2.雷橫	01.帽子	03.灰	00.無	(0) 無	07.怪物掉寶	"211,200"	"10,560"	0		pc02_hat_0031			100	0	76	0	0	0	0	0	0	0	0	0	0	0	0	0	0	0	0	0	0	0	0	0	0	0	0	0	0	13.防禦力 - Defence	4096	21001	1	4021001	200	16.05	"3,210"	3.29
	434	5000	飛虎衣	40	2.雷橫	02.上衣	03.灰	00.無	(0) 無	07.怪物掉寶	"271,500"	"13,575"	1		pc02_torso_0031			100	0	163	0	0	0	0	0	0	0	0	0	0	0	0	0	0	0	0	0	0	0	0	0	0	0	0	0	0	13.防禦力 - Defence	4096	21001	1	4021001	200	20.64	"4,128"	3.29
	435	5000	飛虎鞋	40	2.雷橫	03.褲子	03.灰	00.無	(0) 無	07.怪物掉寶	"241,300"	"12,065"	2		pc02_pelvis_0031			100	0	95	0	0	0	0	0	0	0	0	0	0	0	0	0	0	0	0	0	0	0	0	0	0	0	0	0	0	13.防禦力 - Defence	4096	21001	1	4021001	200	18.34	"3,668"	3.29
	436	5000	飛虎拳套	40	2.雷橫	04.武器	03.灰	00.無	(0) 無	07.怪物掉寶	"452,500"	"22,625"	3		pc02_weapon_0031			100	439	0	0	0	0	0	0	0	0	0	0	0	0	0	0	0	0	0	0	0	0	0	0	0	0	0	0	0	12.攻擊力 - Attack	2048	11001	1	4011001	420	16.38	"6,880"	3.29
	437	5000	降虎帽	40	2.雷橫	01.帽子	04.白	00.無	(0) 無	03.商店購買	"211,200"	"21,120"	0		pc02_hat_0031			100	0	95	0	0	0	0	0	0	0	0	0	0	0	0	0	0	0	0	0	0	0	0	0	0	0	0	0	0	13.防禦力 - Defence	4096	21001	1	4021001	180	17.84	"3,212"	3.29
	438	5000	降虎衣	40	2.雷橫	02.上衣	04.白	00.無	(0) 無	03.商店購買	"271,500"	"27,150"	1		pc02_torso_0031			100	0	204	0	0	0	0	0	0	0	0	0	0	0	0	0	0	0	0	0	0	0	0	0	0	0	0	0	0	13.防禦力 - Defence	4096	21001	1	4021001	180	22.93	"4,128"	3.29
	439	5000	降虎鞋	40	2.雷橫	03.褲子	04.白	00.無	(0) 無	03.商店購買	"241,300"	"24,130"	2		pc02_pelvis_0031			100	0	119	0	0	0	0	0	0	0	0	0	0	0	0	0	0	0	0	0	0	0	0	0	0	0	0	0	0	13.防禦力 - Defence	4096	21001	1	4021001	180	20.38	"3,669"	3.29
	440	5000	降虎拳套	40	2.雷橫	04.武器	04.白	00.無	(0) 無	03.商店購買	"452,500"	"45,250"	3		pc02_weapon_0031			100	549	0	0	0	0	0	0	0	0	0	0	0	0	0	0	0	0	0	0	0	0	0	0	0	0	0	0	0	12.攻擊力 - Attack	2048	11001	1	4011001	380	18.1	"6,878"	3.29
	441	5000	霸虎帽	40	2.雷橫	01.帽子	05.綠	00.無	(1) 智慧	07.怪物掉寶	"211,200"	"10,560"	0		pc02_hat_0031			100	0	98	0	0	0	9	0	0	0	0	0	0	0	0	0	0	0	0	0	0	0	0	0	0	0	0	0	0	13.防禦力 - Defence	4096	21001	2	4021001	190	16.9	"3,211"	3.29
	442	5000	霸虎衣	40	2.雷橫	02.上衣	05.綠	00.無	(1) 最大 HP	07.怪物掉寶	"271,500"	"13,575"	1		pc02_torso_0031			100	0	212	0	0	0	0	0	0	0	0	0	0	0	0	0	0	0	0	240	0	0	0	0	0	0	0	0	0	13.防禦力 - Defence	4096	21001	2	4021001	190	21.72	"4,127"	3.29
	443	5000	霸虎鞋	40	2.雷橫	03.褲子	05.綠	00.無	(1) 敏捷	07.怪物掉寶	"241,300"	"12,065"	2		pc02_pelvis_0031			100	0	123	0	10	0	0	0	0	0	0	0	0	0	0	0	0	0	0	0	0	0	0	0	0	0	0	0	0	13.防禦力 - Defence	4096	21001	2	4021001	190	19.31	"3,669"	3.29
	444	5000	霸虎拳套	40	2.雷橫	04.武器	05.綠	00.無	(1) 體能	07.怪物掉寶	"452,500"	"22,625"	3		pc02_weapon_0031			100	610	0	0	0	12	0	0	0	0	0	0	0	0	0	0	0	0	0	0	0	0	0	0	0	0	0	0	0	12.攻擊力 - Attack	2048	11001	2	4011001	400	17.2	"6,880"	3.29
	445	5000	神寅帽	40	2.雷橫	01.帽子	06.藍	00.無	(2) 敏 / 智 平均	12.收集品交換	"211,200"	"10,560"	0		pc02_hat_0031			100	0	116	0	9	0	8	0	0	0	0	0	0	0	0	0	0	0	0	0	0	0	0	0	0	0	0	0	0	13.防禦力 - Defence	4096	21001	2	4021001	190	16.9	"3,211"	3.29
	446	5000	神寅衣	40	2.雷橫	02.上衣	06.藍	00.無	(2) HP / 敏	12.收集品交換	"271,500"	"13,575"	1		pc02_torso_0031			100	0	248	0	8	0	0	0	0	0	0	0	0	0	0	0	0	0	0	210	0	0	0	0	0	0	0	0	0	13.防禦力 - Defence	4096	21001	2	4021001	190	21.72	"4,127"	3.29
	447	5000	神寅鞋	40	2.雷橫	03.褲子	06.藍	00.無	(2) 敏 / 體 平均	12.收集品交換	"241,300"	"12,065"	2		pc02_pelvis_0031			100	0	144	0	9	10	0	0	0	0	0	0	0	0	0	0	0	0	0	0	0	0	0	0	0	0	0	0	0	13.防禦力 - Defence	4096	21001	2	4021001	190	19.31	"3,669"	3.29
	448	5000	神寅拳套	40	2.雷橫	04.武器	06.藍	00.無	(2) 體 / 智 平均	12.收集品交換	"452,500"	"22,625"	3		pc02_weapon_0031			100	705	0	0	0	10	8	0	0	0	0	0	0	0	0	0	0	0	0	0	0	0	0	0	0	0	0	0	0	12.攻擊力 - Attack	2048	11001	2	4011001	410	16.78	"6,880"	3.29
	449	5000	鐵戰士帽	45	2.雷橫	01.帽子	07.紫	00.無	(3) MP / 敏 / 智	07.怪物掉寶	"363,000"	"18,150"	0		pc02_hat_0032			100	0	149	0	9	0	8	0	0	0	0	0	0	0	0	0	0	0	0	0	390	0	0	0	0	0	0	0	0	13.防禦力 - Defence	4096	21001	3	6021001	200	21.3	"4,260"	4.261
	450	5000	鐵戰士衣	45	2.雷橫	02.上衣	07.紫	00.無	(3) HP / 敏 / 智	07.怪物掉寶	"467,000"	"23,350"	1		pc02_torso_0032			100	0	320	0	9	0	8	0	0	0	0	0	0	0	0	0	0	0	0	210	0	0	0	0	0	0	0	0	0	13.防禦力 - Defence	4096	21001	3	6021001	200	27.4	"5,480"	4.261
	451	5000	鐵戰士鞋	45	2.雷橫	03.褲子	07.紫	00.無	(3) MP / 敏 / 體	07.怪物掉寶	"415,000"	"20,750"	2		pc02_pelvis_0032			100	0	186	0	9	10	0	0	0	0	0	0	0	0	0	0	0	0	0	0	200	0	0	0	0	0	0	0	0	13.防禦力 - Defence	4096	21001	3	6021001	200	24.35	"4,870"	4.261
	452	5000	鐵戰士拳套	45	2.雷橫	04.武器	07.紫	00.無	(3) HP / 體 / 智	07.怪物掉寶	"778,000"	"38,900"	3		pc02_weapon_0032			100	1028	0	0	0	10	8	0	0	0	0	0	0	0	0	0	0	0	0	100	0	0	0	0	0	0	0	0	0	12.攻擊力 - Attack	2048	11001	3	6011001	420	21.74	"9,131"	4.261
	453	5000	霧隱帽	45	2.雷橫	01.帽子	03.灰	00.無	(0) 無	07.怪物掉寶	"363,000"	"18,150"	0		pc02_hat_0040			100	0	88	0	0	0	0	0	0	0	0	0	0	0	0	0	0	0	0	0	0	0	0	0	0	0	0	0	0	13.防禦力 - Defence	4096	21001	1	6021001	200	21.3	"4,260"	4.261
	454	5000	霧隱衣	45	2.雷橫	02.上衣	03.灰	00.無	(0) 無	07.怪物掉寶	"467,000"	"23,350"	1		pc02_torso_0040			100	0	189	0	0	0	0	0	0	0	0	0	0	0	0	0	0	0	0	0	0	0	0	0	0	0	0	0	0	13.防禦力 - Defence	4096	21001	1	6021001	200	27.4	"5,480"	4.261
	455	5000	霧隱鞋	45	2.雷橫	03.褲子	03.灰	00.無	(0) 無	07.怪物掉寶	"415,000"	"20,750"	2		pc02_pelvis_0040			100	0	110	0	0	0	0	0	0	0	0	0	0	0	0	0	0	0	0	0	0	0	0	0	0	0	0	0	0	13.防禦力 - Defence	4096	21001	1	6021001	200	24.35	"4,870"	4.261
	456	5000	霧隱拳套	45	2.雷橫	04.武器	03.灰	00.無	(0) 無	07.怪物掉寶	"778,000"	"38,900"	3		pc02_weapon_0040			100	537	0	0	0	0	0	0	0	0	0	0	0	0	0	0	0	0	0	0	0	0	0	0	0	0	0	0	0	12.攻擊力 - Attack	2048	11001	1	6011001	420	21.74	"9,131"	4.261
	457	5000	烈爪帽	45	2.雷橫	01.帽子	04.白	00.無	(0) 無	03.商店購買	"363,000"	"36,300"	0		pc02_hat_0040			100	0	110	0	0	0	0	0	0	0	0	0	0	0	0	0	0	0	0	0	0	0	0	0	0	0	0	0	0	13.防禦力 - Defence	4096	21001	1	6021001	180	23.66	"4,259"	4.261
	458	5000	烈爪衣	45	2.雷橫	02.上衣	04.白	00.無	(0) 無	03.商店購買	"467,000"	"46,700"	1		pc02_torso_0040			100	0	237	0	0	0	0	0	0	0	0	0	0	0	0	0	0	0	0	0	0	0	0	0	0	0	0	0	0	13.防禦力 - Defence	4096	21001	1	6021001	180	30.44	"5,480"	4.261
	459	5000	烈爪鞋	45	2.雷橫	03.褲子	04.白	00.無	(0) 無	03.商店購買	"415,000"	"41,500"	2		pc02_pelvis_0040			100	0	138	0	0	0	0	0	0	0	0	0	0	0	0	0	0	0	0	0	0	0	0	0	0	0	0	0	0	13.防禦力 - Defence	4096	21001	1	6021001	180	27.05	"4,869"	4.261
	460	5000	烈爪拳套	45	2.雷橫	04.武器	04.白	00.無	(0) 無	03.商店購買	"778,000"	"77,800"	3		pc02_weapon_0040			100	672	0	0	0	0	0	0	0	0	0	0	0	0	0	0	0	0	0	0	0	0	0	0	0	0	0	0	0	12.攻擊力 - Attack	2048	11001	1	6011001	380	24.02	"9,128"	4.261
	461	5000	形遁帽	45	2.雷橫	01.帽子	05.綠	00.無	(1) 智慧	07.怪物掉寶	"363,000"	"18,150"	0		pc02_hat_0040			100	0	113	0	0	0	10	0	0	0	0	0	0	0	0	0	0	0	0	0	0	0	0	0	0	0	0	0	0	13.防禦力 - Defence	4096	21001	2	6021001	190	22.42	"4,260"	4.261
	462	5000	形遁衣	45	2.雷橫	02.上衣	05.綠	00.無	(1) 最大 HP	07.怪物掉寶	"467,000"	"23,350"	1		pc02_torso_0040			100	0	243	0	0	0	0	0	0	0	0	0	0	0	0	0	0	0	0	270	0	0	0	0	0	0	0	0	0	13.防禦力 - Defence	4096	21001	2	6021001	190	28.84	"5,480"	4.261
	463	5000	形遁鞋	45	2.雷橫	03.褲子	05.綠	00.無	(1) 敏捷	07.怪物掉寶	"415,000"	"20,750"	2		pc02_pelvis_0040			100	0	141	0	11	0	0	0	0	0	0	0	0	0	0	0	0	0	0	0	0	0	0	0	0	0	0	0	0	13.防禦力 - Defence	4096	21001	2	6021001	190	25.63	"4,870"	4.261
	464	5000	形遁拳套	45	2.雷橫	04.武器	05.綠	00.無	(1) 體能	07.怪物掉寶	"778,000"	"38,900"	3		pc02_weapon_0040			100	741	0	0	0	13	0	0	0	0	0	0	0	0	0	0	0	0	0	0	0	0	0	0	0	0	0	0	0	12.攻擊力 - Attack	2048	11001	2	6011001	400	22.82	"9,128"	4.261
	465	5000	瞬隱帽	45	2.雷橫	01.帽子	06.藍	00.無	(2) 敏 / 智 平均	12.收集品交換	"363,000"	"18,150"	0		pc02_hat_0040			100	0	132	0	10	0	9	0	0	0	0	0	0	0	0	0	0	0	0	0	0	0	0	0	0	0	0	0	0	13.防禦力 - Defence	4096	21001	2	6021001	190	22.42	"4,260"	4.261
	466	5000	瞬隱衣	45	2.雷橫	02.上衣	06.藍	00.無	(2) HP / 敏	12.收集品交換	"467,000"	"23,350"	1		pc02_torso_0040			100	0	284	0	9	0	0	0	0	0	0	0	0	0	0	0	0	0	0	230	0	0	0	0	0	0	0	0	0	13.防禦力 - Defence	4096	21001	2	6021001	190	28.84	"5,480"	4.261
	467	5000	瞬隱鞋	45	2.雷橫	03.褲子	06.藍	00.無	(2) 敏 / 體 平均	12.收集品交換	"415,000"	"20,750"	2		pc02_pelvis_0040			100	0	165	0	10	11	0	0	0	0	0	0	0	0	0	0	0	0	0	0	0	0	0	0	0	0	0	0	0	13.防禦力 - Defence	4096	21001	2	6021001	190	25.63	"4,870"	4.261
	468	5000	瞬隱拳套	45	2.雷橫	04.武器	06.藍	00.無	(2) 體 / 智 平均	12.收集品交換	"778,000"	"38,900"	3		pc02_weapon_0040			100	855	0	0	0	11	9	0	0	0	0	0	0	0	0	0	0	0	0	0	0	0	0	0	0	0	0	0	0	12.攻擊力 - Attack	2048	11001	2	6011001	410	22.27	"9,131"	4.261
	469	5000	盜賊帽	50	2.雷橫	01.帽子	03.灰	00.無	(0) 無	07.怪物掉寶	"592,000"	"29,600"	0		pc02_hat_0041			100	0	101	0	0	0	0	0	0	0	0	0	0	0	0	0	0	0	0	0	0	0	0	0	0	0	0	0	0	13.防禦力 - Defence	4096	21001	1	6021001	200	27.67	"5,534"	5.349
	470	5000	盜賊衣	50	2.雷橫	02.上衣	03.灰	00.無	(0) 無	07.怪物掉寶	"762,000"	"38,100"	1		pc02_torso_0041			100	0	216	0	0	0	0	0	0	0	0	0	0	0	0	0	0	0	0	0	0	0	0	0	0	0	0	0	0	13.防禦力 - Defence	4096	21001	1	6021001	200	35.62	"7,124"	5.349
	471	5000	盜賊鞋	50	2.雷橫	03.褲子	03.灰	00.無	(0) 無	07.怪物掉寶	"677,000"	"33,850"	2		pc02_pelvis_0041			100	0	126	0	0	0	0	0	0	0	0	0	0	0	0	0	0	0	0	0	0	0	0	0	0	0	0	0	0	13.防禦力 - Defence	4096	21001	1	6021001	200	31.64	"6,328"	5.349
	472	5000	盜賊拳套	50	2.雷橫	04.武器	03.灰	00.無	(0) 無	07.怪物掉寶	"1,269,000"	"63,450"	3		pc02_weapon_0041			100	652	0	0	0	0	0	0	0	0	0	0	0	0	0	0	0	0	0	0	0	0	0	0	0	0	0	0	0	12.攻擊力 - Attack	2048	11001	1	6011001	420	28.24	"11,861"	5.349
	473	5000	遊俠帽	50	2.雷橫	01.帽子	04.白	00.無	(0) 無	03.商店購買	"592,000"	"59,200"	0		pc02_hat_0041			100	0	126	0	0	0	0	0	0	0	0	0	0	0	0	0	0	0	0	0	0	0	0	0	0	0	0	0	0	13.防禦力 - Defence	4096	21001	1	6021001	180	30.74	"5,534"	5.349
	474	5000	遊俠衣	50	2.雷橫	02.上衣	04.白	00.無	(0) 無	03.商店購買	"762,000"	"76,200"	1		pc02_torso_0041			100	0	271	0	0	0	0	0	0	0	0	0	0	0	0	0	0	0	0	0	0	0	0	0	0	0	0	0	0	13.防禦力 - Defence	4096	21001	1	6021001	180	39.57	"7,123"	5.349
	475	5000	遊俠鞋	50	2.雷橫	03.褲子	04.白	00.無	(0) 無	03.商店購買	"677,000"	"67,700"	2		pc02_pelvis_0041			100	0	157	0	0	0	0	0	0	0	0	0	0	0	0	0	0	0	0	0	0	0	0	0	0	0	0	0	0	13.防禦力 - Defence	4096	21001	1	6021001	180	35.16	"6,329"	5.349
	476	5000	遊俠拳套	50	2.雷橫	04.武器	04.白	00.無	(0) 無	03.商店購買	"1,269,000"	"126,900"	3		pc02_weapon_0041			100	815	0	0	0	0	0	0	0	0	0	0	0	0	0	0	0	0	0	0	0	0	0	0	0	0	0	0	0	12.攻擊力 - Attack	2048	11001	1	6011001	380	31.22	"11,864"	5.349
	477	5000	厄運帽	50	2.雷橫	01.帽子	05.綠	00.無	(1) 智慧	07.怪物掉寶	"592,000"	"29,600"	0		pc02_hat_0041			100	0	128	0	0	0	11	0	0	0	0	0	0	0	0	0	0	0	0	0	0	0	0	0	0	0	0	0	0	13.防禦力 - Defence	4096	21001	2	6021001	190	29.13	"5,535"	5.349
	478	5000	厄運衣	50	2.雷橫	02.上衣	05.綠	00.無	(1) 最大 HP	07.怪物掉寶	"762,000"	"38,100"	1		pc02_torso_0041			100	0	275	0	0	0	0	0	0	0	0	0	0	0	0	0	0	0	0	290	0	0	0	0	0	0	0	0	0	13.防禦力 - Defence	4096	21001	2	6021001	190	37.49	"7,124"	5.349
	479	5000	厄運鞋	50	2.雷橫	03.褲子	05.綠	00.無	(1) 敏捷	07.怪物掉寶	"677,000"	"33,850"	2		pc02_pelvis_0041			100	0	160	0	12	0	0	0	0	0	0	0	0	0	0	0	0	0	0	0	0	0	0	0	0	0	0	0	0	13.防禦力 - Defence	4096	21001	2	6021001	190	33.31	"6,329"	5.349
	480	5000	厄運拳套	50	2.雷橫	04.武器	05.綠	00.無	(1) 體能	07.怪物掉寶	"1,269,000"	"63,450"	3		pc02_weapon_0041			100	895	0	0	0	14	0	0	0	0	0	0	0	0	0	0	0	0	0	0	0	0	0	0	0	0	0	0	0	12.攻擊力 - Attack	2048	11001	2	6011001	400	29.66	"11,864"	5.349
	481	5000	威力帽	50	2.雷橫	01.帽子	06.藍	00.無	(2) 敏 / 智 平均	12.收集品交換	"592,000"	"29,600"	0		pc02_hat_0041			100	0	149	0	10	0	9	0	0	0	0	0	0	0	0	0	0	0	0	0	0	0	0	0	0	0	0	0	0	13.防禦力 - Defence	4096	21001	2	6021001	190	29.13	"5,535"	5.349
	482	5000	威力衣	50	2.雷橫	02.上衣	06.藍	00.無	(2) HP / 敏	12.收集品交換	"762,000"	"38,100"	1		pc02_torso_0041			100	0	320	0	10	0	0	0	0	0	0	0	0	0	0	0	0	0	0	250	0	0	0	0	0	0	0	0	0	13.防禦力 - Defence	4096	21001	2	6021001	190	37.49	"7,124"	5.349
	483	5000	威力鞋	50	2.雷橫	03.褲子	06.藍	00.無	(2) 敏 / 體 平均	12.收集品交換	"677,000"	"33,850"	2		pc02_pelvis_0041			100	0	186	0	10	12	0	0	0	0	0	0	0	0	0	0	0	0	0	0	0	0	0	0	0	0	0	0	0	13.防禦力 - Defence	4096	21001	2	6021001	190	33.31	"6,329"	5.349
	484	5000	威力拳套	50	2.雷橫	04.武器	06.藍	00.無	(2) 體 / 智 平均	12.收集品交換	"1,269,000"	"63,450"	3		pc02_weapon_0041			100	1028	0	0	0	12	9	0	0	0	0	0	0	0	0	0	0	0	0	0	0	0	0	0	0	0	0	0	0	12.攻擊力 - Attack	2048	11001	2	6011001	410	28.93	"11,862"	5.349
	485	5000	鋁甲帽	55	2.雷橫	01.帽子	03.灰	00.無	(0) 無	07.怪物掉寶	"929,000"	"46,450"	0		pc02_hat_0050			100	0	113	0	0	0	0	0	0	0	0	0	0	0	0	0	0	0	0	0	0	0	0	0	0	0	0	0	0	13.防禦力 - Defence	4096	21001	1	6021001	200	35.46	"7,092"	6.55
	486	5000	鋁甲衣	55	2.雷橫	02.上衣	03.灰	00.無	(0) 無	07.怪物掉寶	"1,194,000"	"59,700"	1		pc02_torso_0050			100	0	244	0	0	0	0	0	0	0	0	0	0	0	0	0	0	0	0	0	0	0	0	0	0	0	0	0	0	13.防禦力 - Defence	4096	21001	1	6021001	200	45.58	"9,116"	6.55
	487	5000	鋁甲鞋	55	2.雷橫	03.褲子	03.灰	00.無	(0) 無	07.怪物掉寶	"1,061,000"	"53,050"	2		pc02_pelvis_0050			100	0	142	0	0	0	0	0	0	0	0	0	0	0	0	0	0	0	0	0	0	0	0	0	0	0	0	0	0	13.防禦力 - Defence	4096	21001	1	6021001	200	40.5	"8,100"	6.55
	488	5000	鋁甲拳套	55	2.雷橫	04.武器	03.灰	00.無	(0) 無	07.怪物掉寶	"1,990,000"	"99,500"	3		pc02_weapon_0050			100	783	0	0	0	0	0	0	0	0	0	0	0	0	0	0	0	0	0	0	0	0	0	0	0	0	0	0	0	12.攻擊力 - Attack	2048	11001	1	6011001	420	36.17	"15,192"	6.55
	489	5000	鐵甲帽	55	2.雷橫	01.帽子	04.白	00.無	(0) 無	03.商店購買	"929,000"	"92,900"	0		pc02_hat_0050			100	0	142	0	0	0	0	0	0	0	0	0	0	0	0	0	0	0	0	0	0	0	0	0	0	0	0	0	0	13.防禦力 - Defence	4096	21001	1	6021001	180	39.4	"7,092"	6.55
	490	5000	鐵甲衣	55	2.雷橫	02.上衣	04.白	00.無	(0) 無	03.商店購買	"1,194,000"	"119,400"	1		pc02_torso_0050			100	0	305	0	0	0	0	0	0	0	0	0	0	0	0	0	0	0	0	0	0	0	0	0	0	0	0	0	0	13.防禦力 - Defence	4096	21001	1	6021001	180	50.64	"9,116"	6.55
	491	5000	鐵甲鞋	55	2.雷橫	03.褲子	04.白	00.無	(0) 無	03.商店購買	"1,061,000"	"106,100"	2		pc02_pelvis_0050			100	0	177	0	0	0	0	0	0	0	0	0	0	0	0	0	0	0	0	0	0	0	0	0	0	0	0	0	0	13.防禦力 - Defence	4096	21001	1	6021001	180	45	"8,100"	6.55
	492	5000	鐵甲拳套	55	2.雷橫	04.武器	04.白	00.無	(0) 無	03.商店購買	"1,990,000"	"199,000"	3		pc02_weapon_0050			100	979	0	0	0	0	0	0	0	0	0	0	0	0	0	0	0	0	0	0	0	0	0	0	0	0	0	0	0	12.攻擊力 - Attack	2048	11001	1	6011001	380	39.98	"15,193"	6.55
	493	5000	銅甲帽	55	2.雷橫	01.帽子	05.綠	00.無	(1) 智慧	07.怪物掉寶	"929,000"	"46,450"	0		pc02_hat_0050			100	0	143	0	0	0	12	0	0	0	0	0	0	0	0	0	0	0	0	0	0	0	0	0	0	0	0	0	0	13.防禦力 - Defence	4096	21001	2	6021001	190	37.33	"7,093"	6.55
	494	5000	銅甲衣	55	2.雷橫	02.上衣	05.綠	00.無	(1) 最大 HP	07.怪物掉寶	"1,194,000"	"59,700"	1		pc02_torso_0050			100	0	307	0	0	0	0	0	0	0	0	0	0	0	0	0	0	0	0	310	0	0	0	0	0	0	0	0	0	13.防禦力 - Defence	4096	21001	2	6021001	190	47.98	"9,117"	6.55
	495	5000	銅甲鞋	55	2.雷橫	03.褲子	05.綠	00.無	(1) 敏捷	07.怪物掉寶	"1,061,000"	"53,050"	2		pc02_pelvis_0050			100	0	179	0	13	0	0	0	0	0	0	0	0	0	0	0	0	0	0	0	0	0	0	0	0	0	0	0	0	13.防禦力 - Defence	4096	21001	2	6021001	190	42.63	"8,100"	6.55
	496	5000	銅甲拳套	55	2.雷橫	04.武器	05.綠	00.無	(1) 體能	07.怪物掉寶	"1,990,000"	"99,500"	3		pc02_weapon_0050			100	1070	0	0	0	15	0	0	0	0	0	0	0	0	0	0	0	0	0	0	0	0	0	0	0	0	0	0	0	12.攻擊力 - Attack	2048	11001	2	6011001	400	37.98	"15,192"	6.55
	497	5000	銀甲帽	55	2.雷橫	01.帽子	06.藍	00.無	(2) 敏 / 智 平均	12.收集品交換	"929,000"	"46,450"	0		pc02_hat_0050			100	0	166	0	11	0	10	0	0	0	0	0	0	0	0	0	0	0	0	0	0	0	0	0	0	0	0	0	0	13.防禦力 - Defence	4096	21001	2	6021001	190	37.33	"7,093"	6.55
	498	5000	銀甲衣	55	2.雷橫	02.上衣	06.藍	00.無	(2) HP / 敏	12.收集品交換	"1,194,000"	"59,700"	1		pc02_torso_0050			100	0	356	0	10	0	0	0	0	0	0	0	0	0	0	0	0	0	0	270	0	0	0	0	0	0	0	0	0	13.防禦力 - Defence	4096	21001	2	6021001	190	47.98	"9,117"	6.55
	499	5000	銀甲鞋	55	2.雷橫	03.褲子	06.藍	00.無	(2) 敏 / 體 平均	12.收集品交換	"1,061,000"	"53,050"	2		pc02_pelvis_0050			100	0	207	0	11	13	0	0	0	0	0	0	0	0	0	0	0	0	0	0	0	0	0	0	0	0	0	0	0	13.防禦力 - Defence	4096	21001	2	6021001	190	42.63	"8,100"	6.55
	500	5000	銀甲拳套	55	2.雷橫	04.武器	06.藍	00.無	(2) 體 / 智 平均	12.收集品交換	"1,990,000"	"99,500"	3		pc02_weapon_0050			100	1227	0	0	0	13	10	0	0	0	0	0	0	0	0	0	0	0	0	0	0	0	0	0	0	0	0	0	0	12.攻擊力 - Attack	2048	11001	2	6011001	410	37.06	"15,195"	6.55
	501	5000	紋甲帽	60	2.雷橫	01.帽子	03.灰	00.無	(0) 無	07.怪物掉寶	"1,407,000"	"70,350"	0		pc02_hat_0051			100	0	126	0	0	0	0	0	0	0	0	0	0	0	0	0	0	0	0	0	0	0	0	0	0	0	0	0	0	13.防禦力 - Defence	4096	21001	1	6021001	200	44.82	"8,964"	7.848
	502	5000	紋甲衣	60	2.雷橫	02.上衣	03.灰	00.無	(0) 無	07.怪物掉寶	"1,809,000"	"90,450"	1		pc02_torso_0051			100	0	272	0	0	0	0	0	0	0	0	0	0	0	0	0	0	0	0	0	0	0	0	0	0	0	0	0	0	13.防禦力 - Defence	4096	21001	1	6021001	200	57.63	"11,526"	7.848
	503	5000	紋甲鞋	60	2.雷橫	03.褲子	03.灰	00.無	(0) 無	07.怪物掉寶	"1,608,000"	"80,400"	2		pc02_pelvis_0051			100	0	158	0	0	0	0	0	0	0	0	0	0	0	0	0	0	0	0	0	0	0	0	0	0	0	0	0	0	13.防禦力 - Defence	4096	21001	1	6021001	200	51.23	"10,246"	7.848
	504	5000	紋甲拳套	60	2.雷橫	04.武器	03.灰	00.無	(0) 無	07.怪物掉寶	"3,015,000"	"150,750"	3		pc02_weapon_0051			100	935	0	0	0	0	0	0	0	0	0	0	0	0	0	0	0	0	0	0	0	0	0	0	0	0	0	0	0	12.攻擊力 - Attack	2048	11001	1	6011001	420	45.74	"19,211"	7.848
	505	5000	裝甲帽	60	2.雷橫	01.帽子	04.白	00.無	(0) 無	03.商店購買	"1,407,000"	"140,700"	0		pc02_hat_0051			100	0	158	0	0	0	0	0	0	0	0	0	0	0	0	0	0	0	0	0	0	0	0	0	0	0	0	0	0	13.防禦力 - Defence	4096	21001	1	6021001	180	49.8	"8,964"	7.848
	506	5000	裝甲衣	60	2.雷橫	02.上衣	04.白	00.無	(0) 無	03.商店購買	"1,809,000"	"180,900"	1		pc02_torso_0051			100	0	339	0	0	0	0	0	0	0	0	0	0	0	0	0	0	0	0	0	0	0	0	0	0	0	0	0	0	13.防禦力 - Defence	4096	21001	1	6021001	180	64.03	"11,526"	7.848
	507	5000	裝甲鞋	60	2.雷橫	03.褲子	04.白	00.無	(0) 無	03.商店購買	"1,608,000"	"160,800"	2		pc02_pelvis_0051			100	0	197	0	0	0	0	0	0	0	0	0	0	0	0	0	0	0	0	0	0	0	0	0	0	0	0	0	0	13.防禦力 - Defence	4096	21001	1	6021001	180	56.92	"10,246"	7.848
	508	5000	裝甲拳套	60	2.雷橫	04.武器	04.白	00.無	(0) 無	03.商店購買	"3,015,000"	"301,500"	3		pc02_weapon_0051			100	1169	0	0	0	0	0	0	0	0	0	0	0	0	0	0	0	0	0	0	0	0	0	0	0	0	0	0	0	12.攻擊力 - Attack	2048	11001	1	6011001	380	50.55	"19,209"	7.848
	509	5000	鋼甲帽	60	2.雷橫	01.帽子	05.綠	00.無	(1) 智慧	07.怪物掉寶	"1,407,000"	"70,350"	0		pc02_hat_0051			100	0	158	0	0	0	12	0	0	0	0	0	0	0	0	0	0	0	0	0	0	0	0	0	0	0	0	0	0	13.防禦力 - Defence	4096	21001	2	6021001	190	47.18	"8,965"	7.848
	510	5000	鋼甲衣	60	2.雷橫	02.上衣	05.綠	00.無	(1) 最大 HP	07.怪物掉寶	"1,809,000"	"90,450"	1		pc02_torso_0051			100	0	340	0	0	0	0	0	0	0	0	0	0	0	0	0	0	0	0	340	0	0	0	0	0	0	0	0	0	13.防禦力 - Defence	4096	21001	2	6021001	190	60.66	"11,526"	7.848
	511	5000	鋼甲鞋	60	2.雷橫	03.褲子	05.綠	00.無	(1) 敏捷	07.怪物掉寶	"1,608,000"	"80,400"	2		pc02_pelvis_0051			100	0	198	0	14	0	0	0	0	0	0	0	0	0	0	0	0	0	0	0	0	0	0	0	0	0	0	0	0	13.防禦力 - Defence	4096	21001	2	6021001	190	53.92	"10,245"	7.848
	512	5000	鋼甲拳套	60	2.雷橫	04.武器	05.綠	00.無	(1) 體能	07.怪物掉寶	"3,015,000"	"150,750"	3		pc02_weapon_0051			100	1274	0	0	0	16	0	0	0	0	0	0	0	0	0	0	0	0	0	0	0	0	0	0	0	0	0	0	0	12.攻擊力 - Attack	2048	11001	2	6011001	400	48.03	"19,212"	7.848
	513	5000	合金帽	60	2.雷橫	01.帽子	06.藍	00.無	(2) 敏 / 智 平均	12.收集品交換	"1,407,000"	"70,350"	0		pc02_hat_0051			100	0	183	0	12	0	11	0	0	0	0	0	0	0	0	0	0	0	0	0	0	0	0	0	0	0	0	0	0	13.防禦力 - Defence	4096	21001	2	6021001	190	47.18	"8,965"	7.848
	514	5000	合金衣	60	2.雷橫	02.上衣	06.藍	00.無	(2) HP / 敏	12.收集品交換	"1,809,000"	"90,450"	1		pc02_torso_0051			100	0	393	0	11	0	0	0	0	0	0	0	0	0	0	0	0	0	0	290	0	0	0	0	0	0	0	0	0	13.防禦力 - Defence	4096	21001	2	6021001	190	60.66	"11,526"	7.848
	515	5000	合金鞋	60	2.雷橫	03.褲子	06.藍	00.無	(2) 敏 / 體 平均	12.收集品交換	"1,608,000"	"80,400"	2		pc02_pelvis_0051			100	0	228	0	12	14	0	0	0	0	0	0	0	0	0	0	0	0	0	0	0	0	0	0	0	0	0	0	0	13.防禦力 - Defence	4096	21001	2	6021001	190	53.92	"10,245"	7.848
	516	5000	合金拳套	60	2.雷橫	04.武器	06.藍	00.無	(2) 體 / 智 平均	12.收集品交換	"3,015,000"	"150,750"	3		pc02_weapon_0051			100	1456	0	0	0	14	11	0	0	0	0	0	0	0	0	0	0	0	0	0	0	0	0	0	0	0	0	0	0	12.攻擊力 - Attack	2048	11001	2	6011001	410	46.85	"19,209"	7.848
	517	5000	電子帽	55	2.雷橫	01.帽子	07.紫	00.無	(3) MP / 敏 / 智	07.怪物掉寶	"929,000"	"46,450"	0		pc02_hat_0052			100	0	183	0	10	0	9	0	0	0	0	0	0	0	0	0	0	0	0	0	460	0	0	0	0	0	0	0	0	13.防禦力 - Defence	4096	21001	3	6021001	200	35.46	"7,092"	6.55
	518	5000	電子衣	55	2.雷橫	02.上衣	07.紫	00.無	(3) HP / 敏 / 智	07.怪物掉寶	"1,194,000"	"59,700"	1		pc02_torso_0052			100	0	393	0	10	0	9	0	0	0	0	0	0	0	0	0	0	0	0	240	0	0	0	0	0	0	0	0	0	13.防禦力 - Defence	4096	21001	3	6021001	200	45.58	"9,116"	6.55
	519	5000	電子鞋	55	2.雷橫	03.褲子	07.紫	00.無	(3) MP / 敏 / 體	07.怪物掉寶	"1,061,000"	"53,050"	2		pc02_pelvis_0052			100	0	228	0	10	12	0	0	0	0	0	0	0	0	0	0	0	0	0	0	230	0	0	0	0	0	0	0	0	13.防禦力 - Defence	4096	21001	3	6021001	200	40.5	"8,100"	6.55
	520	5000	電子拳套	55	2.雷橫	04.武器	07.紫	00.無	(3) HP / 體 / 智	07.怪物掉寶	"1,990,000"	"99,500"	3		pc02_weapon_0052			100	1456	0	0	0	12	9	0	0	0	0	0	0	0	0	0	0	0	0	120	0	0	0	0	0	0	0	0	0	12.攻擊力 - Attack	2048	11001	3	6011001	420	36.17	"15,192"	6.55
	521	5000	虎吼頭盔	65	2.雷橫	01.帽子	03.灰	00.無	(0) 無	07.怪物掉寶	"2,090,000"	"104,500"	0		pc02_hat_0060			100	0	139	0	0	0	0	0	0	0	0	0	0	0	0	0	0	0	0	0	0	0	0	0	0	0	0	0	0	13.防禦力 - Defence	4096	21001	1	8021001	200	55.91	"11,182"	9.346
	522	5000	虎吼戰衣	65	2.雷橫	02.上衣	03.灰	00.無	(0) 無	07.怪物掉寶	"2,680,000"	"134,000"	1		pc02_torso_0060			100	0	299	0	0	0	0	0	0	0	0	0	0	0	0	0	0	0	0	0	0	0	0	0	0	0	0	0	0	13.防禦力 - Defence	4096	21001	1	8021001	200	71.7	"14,340"	9.346
	523	5000	虎吼戰鞋	65	2.雷橫	03.褲子	03.灰	00.無	(0) 無	07.怪物掉寶	"2,390,000"	"119,500"	2		pc02_pelvis_0060			100	0	174	0	0	0	0	0	0	0	0	0	0	0	0	0	0	0	0	0	0	0	0	0	0	0	0	0	0	13.防禦力 - Defence	4096	21001	1	8021001	200	63.94	"12,788"	9.346
	524	5000	虎吼拳套	65	2.雷橫	04.武器	03.灰	00.無	(0) 無	07.怪物掉寶	"4,470,000"	"223,500"	3		pc02_weapon_0060			100	1110	0	0	0	0	0	0	0	0	0	0	0	0	0	0	0	0	0	0	0	0	0	0	0	0	0	0	0	12.攻擊力 - Attack	2048	11001	1	8011001	420	56.94	"23,915"	9.346
	525	5000	虎騎頭盔	65	2.雷橫	01.帽子	04.白	00.無	(0) 無	03.商店購買	"2,090,000"	"209,000"	0		pc02_hat_0060			100	0	174	0	0	0	0	0	0	0	0	0	0	0	0	0	0	0	0	0	0	0	0	0	0	0	0	0	0	13.防禦力 - Defence	4096	21001	1	8021001	180	62.12	"11,182"	9.346
	526	5000	虎騎戰衣	65	2.雷橫	02.上衣	04.白	00.無	(0) 無	03.商店購買	"2,680,000"	"268,000"	1		pc02_torso_0060			100	0	374	0	0	0	0	0	0	0	0	0	0	0	0	0	0	0	0	0	0	0	0	0	0	0	0	0	0	13.防禦力 - Defence	4096	21001	1	8021001	180	79.66	"14,339"	9.346
	527	5000	虎騎戰鞋	65	2.雷橫	03.褲子	04.白	00.無	(0) 無	03.商店購買	"2,390,000"	"239,000"	2		pc02_pelvis_0060			100	0	217	0	0	0	0	0	0	0	0	0	0	0	0	0	0	0	0	0	0	0	0	0	0	0	0	0	0	13.防禦力 - Defence	4096	21001	1	8021001	180	71.04	"12,788"	9.346
	528	5000	虎騎拳套	65	2.雷橫	04.武器	04.白	00.無	(0) 無	03.商店購買	"4,470,000"	"447,000"	3		pc02_weapon_0060			100	1387	0	0	0	0	0	0	0	0	0	0	0	0	0	0	0	0	0	0	0	0	0	0	0	0	0	0	0	12.攻擊力 - Attack	2048	11001	1	8011001	380	62.94	"23,918"	9.346
	529	5000	虎魂頭盔	65	2.雷橫	01.帽子	05.綠	00.無	(1) 智慧	07.怪物掉寶	"2,090,000"	"104,500"	0		pc02_hat_0060			100	0	173	0	0	0	13	0	0	0	0	0	0	0	0	0	0	0	0	0	0	0	0	0	0	0	0	0	0	13.防禦力 - Defence	4096	21001	2	8021001	190	58.85	"11,182"	9.346
	530	5000	虎魂戰衣	65	2.雷橫	02.上衣	05.綠	00.無	(1) 最大 HP	07.怪物掉寶	"2,680,000"	"134,000"	1		pc02_torso_0060			100	0	371	0	0	0	0	0	0	0	0	0	0	0	0	0	0	0	0	360	0	0	0	0	0	0	0	0	0	13.防禦力 - Defence	4096	21001	2	8021001	190	75.47	"14,340"	9.346
	531	5000	虎魂戰鞋	65	2.雷橫	03.褲子	05.綠	00.無	(1) 敏捷	07.怪物掉寶	"2,390,000"	"119,500"	2		pc02_pelvis_0060			100	0	216	0	15	0	0	0	0	0	0	0	0	0	0	0	0	0	0	0	0	0	0	0	0	0	0	0	0	13.防禦力 - Defence	4096	21001	2	8021001	190	67.3	"12,787"	9.346
	532	5000	虎魂拳套	65	2.雷橫	04.武器	05.綠	00.無	(1) 體能	07.怪物掉寶	"4,470,000"	"223,500"	3		pc02_weapon_0060			100	1507	0	0	0	18	0	0	0	0	0	0	0	0	0	0	0	0	0	0	0	0	0	0	0	0	0	0	0	12.攻擊力 - Attack	2048	11001	2	8011001	400	59.79	"23,916"	9.346
	533	5000	虎徽頭盔	65	2.雷橫	01.帽子	06.藍	00.無	(2) 敏 / 智 平均	12.收集品交換	"2,090,000"	"104,500"	0		pc02_hat_0060			100	0	199	0	13	0	12	0	0	0	0	0	0	0	0	0	0	0	0	0	0	0	0	0	0	0	0	0	0	13.防禦力 - Defence	4096	21001	2	8021001	190	58.85	"11,182"	9.346
	534	5000	虎徽戰衣	65	2.雷橫	02.上衣	06.藍	00.無	(2) HP / 敏	12.收集品交換	"2,680,000"	"134,000"	1		pc02_torso_0060			100	0	428	0	12	0	0	0	0	0	0	0	0	0	0	0	0	0	0	310	0	0	0	0	0	0	0	0	0	13.防禦力 - Defence	4096	21001	2	8021001	190	75.47	"14,340"	9.346
	535	5000	虎徽戰鞋	65	2.雷橫	03.褲子	06.藍	00.無	(2) 敏 / 體 平均	12.收集品交換	"2,390,000"	"119,500"	2		pc02_pelvis_0060			100	0	249	0	13	15	0	0	0	0	0	0	0	0	0	0	0	0	0	0	0	0	0	0	0	0	0	0	0	13.防禦力 - Defence	4096	21001	2	8021001	190	67.3	"12,787"	9.346
	536	5000	虎徽拳套	65	2.雷橫	04.武器	06.藍	00.無	(2) 體 / 智 平均	12.收集品交換	"4,470,000"	"223,500"	3		pc02_weapon_0060			100	1721	0	0	0	15	12	0	0	0	0	0	0	0	0	0	0	0	0	0	0	0	0	0	0	0	0	0	0	12.攻擊力 - Attack	2048	11001	2	8011001	410	58.33	"23,916"	9.346
	537	5000	胖虎頭盔	70	2.雷橫	01.帽子	03.灰	00.無	(0) 無	07.怪物掉寶	"2,380,000"	"119,000"	0		pc02_hat_0061			100	0	152	0	0	0	0	0	0	0	0	0	0	0	0	0	0	0	0	0	0	0	0	0	0	0	0	0	0	13.防禦力 - Defence	4096	21001	1	8021001	200	53.54	"10,708"	11.114
	538	5000	胖虎戰衣	70	2.雷橫	02.上衣	03.灰	00.無	(0) 無	07.怪物掉寶	"3,060,000"	"153,000"	1		pc02_torso_0061			100	0	326	0	0	0	0	0	0	0	0	0	0	0	0	0	0	0	0	0	0	0	0	0	0	0	0	0	0	13.防禦力 - Defence	4096	21001	1	8021001	200	68.84	"13,768"	11.114
	539	5000	胖虎戰鞋	70	2.雷橫	03.褲子	03.灰	00.無	(0) 無	07.怪物掉寶	"2,720,000"	"136,000"	2		pc02_pelvis_0061			100	0	189	0	0	0	0	0	0	0	0	0	0	0	0	0	0	0	0	0	0	0	0	0	0	0	0	0	0	13.防禦力 - Defence	4096	21001	1	8021001	200	61.19	"12,238"	11.114
	540	5000	胖虎拳套	70	2.雷橫	04.武器	03.灰	00.無	(0) 無	07.怪物掉寶	"5,090,000"	"254,500"	3		pc02_weapon_0061			100	1311	0	0	0	0	0	0	0	0	0	0	0	0	0	0	0	0	0	0	0	0	0	0	0	0	0	0	0	12.攻擊力 - Attack	2048	11001	1	8011001	420	54.53	"22,903"	11.114
	541	5000	鐵虎頭盔	70	2.雷橫	01.帽子	04.白	00.無	(0) 無	03.商店購買	"2,380,000"	"238,000"	0		pc02_hat_0061			100	0	189	0	0	0	0	0	0	0	0	0	0	0	0	0	0	0	0	0	0	0	0	0	0	0	0	0	0	13.防禦力 - Defence	4096	21001	1	8021001	180	59.49	"10,709"	11.114
	542	5000	鐵虎戰衣	70	2.雷橫	02.上衣	04.白	00.無	(0) 無	03.商店購買	"3,060,000"	"306,000"	1		pc02_torso_0061			100	0	407	0	0	0	0	0	0	0	0	0	0	0	0	0	0	0	0	0	0	0	0	0	0	0	0	0	0	13.防禦力 - Defence	4096	21001	1	8021001	180	76.49	"13,769"	11.114
	543	5000	鐵虎戰鞋	70	2.雷橫	03.褲子	04.白	00.無	(0) 無	03.商店購買	"2,720,000"	"272,000"	2		pc02_pelvis_0061			100	0	237	0	0	0	0	0	0	0	0	0	0	0	0	0	0	0	0	0	0	0	0	0	0	0	0	0	0	13.防禦力 - Defence	4096	21001	1	8021001	180	67.99	"12,239"	11.114
	544	5000	鐵虎拳套	70	2.雷橫	04.武器	04.白	00.無	(0) 無	03.商店購買	"5,090,000"	"509,000"	3		pc02_weapon_0061			100	1639	0	0	0	0	0	0	0	0	0	0	0	0	0	0	0	0	0	0	0	0	0	0	0	0	0	0	0	12.攻擊力 - Attack	2048	11001	1	8011001	380	60.27	"22,903"	11.114
	545	5000	銅虎頭盔	70	2.雷橫	01.帽子	05.綠	00.無	(1) 智慧	07.怪物掉寶	"2,380,000"	"119,000"	0		pc02_hat_0061			100	0	186	0	0	0	14	0	0	0	0	0	0	0	0	0	0	0	0	0	0	0	0	0	0	0	0	0	0	13.防禦力 - Defence	4096	21001	2	8021001	190	56.36	"10,709"	11.114
	546	5000	銅虎戰衣	70	2.雷橫	02.上衣	05.綠	00.無	(1) 最大 HP	07.怪物掉寶	"3,060,000"	"153,000"	1		pc02_torso_0061			100	0	401	0	0	0	0	0	0	0	0	0	0	0	0	0	0	0	0	380	0	0	0	0	0	0	0	0	0	13.防禦力 - Defence	4096	21001	2	8021001	190	72.46	"13,768"	11.114
	547	5000	銅虎戰鞋	70	2.雷橫	03.褲子	05.綠	00.無	(1) 敏捷	07.怪物掉寶	"2,720,000"	"136,000"	2		pc02_pelvis_0061			100	0	233	0	16	0	0	0	0	0	0	0	0	0	0	0	0	0	0	0	0	0	0	0	0	0	0	0	0	13.防禦力 - Defence	4096	21001	2	8021001	190	64.41	"12,238"	11.114
	548	5000	銅虎拳套	70	2.雷橫	04.武器	05.綠	00.無	(1) 體能	07.怪物掉寶	"5,090,000"	"254,500"	3		pc02_weapon_0061			100	1776	0	0	0	19	0	0	0	0	0	0	0	0	0	0	0	0	0	0	0	0	0	0	0	0	0	0	0	12.攻擊力 - Attack	2048	11001	2	8011001	400	57.25	"22,900"	11.114
	549	5000	鋼虎頭盔	70	2.雷橫	01.帽子	06.藍	00.無	(2) 敏 / 智 平均	12.收集品交換	"2,380,000"	"119,000"	0		pc02_hat_0061			100	0	214	0	14	0	12	0	0	0	0	0	0	0	0	0	0	0	0	0	0	0	0	0	0	0	0	0	0	13.防禦力 - Defence	4096	21001	2	8021001	190	56.36	"10,709"	11.114
	550	5000	鋼虎戰衣	70	2.雷橫	02.上衣	06.藍	00.無	(2) HP / 敏	12.收集品交換	"3,060,000"	"153,000"	1		pc02_torso_0061			100	0	461	0	13	0	0	0	0	0	0	0	0	0	0	0	0	0	0	330	0	0	0	0	0	0	0	0	0	13.防禦力 - Defence	4096	21001	2	8021001	190	72.46	"13,768"	11.114
	551	5000	鋼虎戰鞋	70	2.雷橫	03.褲子	06.藍	00.無	(2) 敏 / 體 平均	12.收集品交換	"2,720,000"	"136,000"	2		pc02_pelvis_0061			100	0	268	0	14	16	0	0	0	0	0	0	0	0	0	0	0	0	0	0	0	0	0	0	0	0	0	0	0	13.防禦力 - Defence	4096	21001	2	8021001	190	64.41	"12,238"	11.114
	552	5000	鋼虎拳套	70	2.雷橫	04.武器	06.藍	00.無	(2) 體 / 智 平均	12.收集品交換	"5,090,000"	"254,500"	3		pc02_weapon_0061			100	2024	0	0	0	16	12	0	0	0	0	0	0	0	0	0	0	0	0	0	0	0	0	0	0	0	0	0	0	12.攻擊力 - Attack	2048	11001	2	8011001	410	55.86	"22,903"	11.114
	553	5000	波斯頭盔	75	2.雷橫	01.帽子	03.灰	00.無	(0) 無	07.怪物掉寶	0	0	0		pc02_hat_0070			100	0	163	0	0	0	0	0	0	0	0	0	0	0	0	0	0	0	0	0	0	0	0	0	0	0	0	0	0	13.防禦力 - Defence	4096	21001	1	8021001	200	0	0	0
	554	5000	波斯戰衣	75	2.雷橫	02.上衣	03.灰	00.無	(0) 無	07.怪物掉寶	0	0	1		pc02_torso_0070			100	0	351	0	0	0	0	0	0	0	0	0	0	0	0	0	0	0	0	0	0	0	0	0	0	0	0	0	0	13.防禦力 - Defence	4096	21001	1	8021001	200	0	0	0
	555	5000	波斯戰鞋	75	2.雷橫	03.褲子	03.灰	00.無	(0) 無	07.怪物掉寶	0	0	2		pc02_pelvis_0070			100	0	204	0	0	0	0	0	0	0	0	0	0	0	0	0	0	0	0	0	0	0	0	0	0	0	0	0	0	13.防禦力 - Defence	4096	21001	1	8021001	200	0	0	0
	556	5000	波斯拳套	75	2.雷橫	04.武器	03.灰	00.無	(0) 無	07.怪物掉寶	0	0	3		pc02_weapon_0070			100	1542	0	0	0	0	0	0	0	0	0	0	0	0	0	0	0	0	0	0	0	0	0	0	0	0	0	0	0	12.攻擊力 - Attack	2048	11001	1	8011001	420	0	0	0
	557	5000	無雙頭盔	75	2.雷橫	01.帽子	04.白	00.無	(0) 無	03.商店購買	0	0	0		pc02_hat_0070			100	0	204	0	0	0	0	0	0	0	0	0	0	0	0	0	0	0	0	0	0	0	0	0	0	0	0	0	0	13.防禦力 - Defence	4096	21001	1	8021001	180	0	0	0
	558	5000	無雙戰衣	75	2.雷橫	02.上衣	04.白	00.無	(0) 無	03.商店購買	0	0	1		pc02_torso_0070			100	0	439	0	0	0	0	0	0	0	0	0	0	0	0	0	0	0	0	0	0	0	0	0	0	0	0	0	0	13.防禦力 - Defence	4096	21001	1	8021001	180	0	0	0
	559	5000	無雙戰鞋	75	2.雷橫	03.褲子	04.白	00.無	(0) 無	03.商店購買	0	0	2		pc02_pelvis_0070			100	0	255	0	0	0	0	0	0	0	0	0	0	0	0	0	0	0	0	0	0	0	0	0	0	0	0	0	0	13.防禦力 - Defence	4096	21001	1	8021001	180	0	0	0
	560	5000	無雙拳套	75	2.雷橫	04.武器	04.白	00.無	(0) 無	03.商店購買	0	0	3		pc02_weapon_0070			100	1928	0	0	0	0	0	0	0	0	0	0	0	0	0	0	0	0	0	0	0	0	0	0	0	0	0	0	0	12.攻擊力 - Attack	2048	11001	1	8011001	380	0	0	0
	561	5000	戰國頭盔	75	2.雷橫	01.帽子	05.綠	00.無	(1) 智慧	07.怪物掉寶	0	0	0		pc02_hat_0070			100	0	221	0	0	0	15	0	0	0	0	0	0	0	0	0	0	0	0	0	0	0	0	0	0	0	0	0	0	13.防禦力 - Defence	4096	21001	2	8021001	190	0	0	0
	562	5000	戰國戰衣	75	2.雷橫	02.上衣	05.綠	00.無	(1) 最大 HP	07.怪物掉寶	0	0	1		pc02_torso_0070			100	0	474	0	0	0	0	0	0	0	0	0	0	0	0	0	0	0	0	410	0	0	0	0	0	0	0	0	0	13.防禦力 - Defence	4096	21001	2	8021001	190	0	0	0
	563	5000	戰國戰鞋	75	2.雷橫	03.褲子	05.綠	00.無	(1) 敏捷	07.怪物掉寶	0	0	2		pc02_pelvis_0070			100	0	276	0	17	0	0	0	0	0	0	0	0	0	0	0	0	0	0	0	0	0	0	0	0	0	0	0	0	13.防禦力 - Defence	4096	21001	2	8021001	190	0	0	0
	564	5000	戰國拳套	75	2.雷橫	04.武器	05.綠	00.無	(1) 體能	07.怪物掉寶	0	0	3		pc02_weapon_0070			100	2084	0	0	0	20	0	0	0	0	0	0	0	0	0	0	0	0	0	0	0	0	0	0	0	0	0	0	0	12.攻擊力 - Attack	2048	11001	2	8011001	400	0	0	0
	565	5000	印加頭盔	75	2.雷橫	01.帽子	06.藍	00.無	(2) 敏 / 智 平均	12.收集品交換	0	0	0		pc02_hat_0070			100	0	253	0	14	0	13	0	0	0	0	0	0	0	0	0	0	0	0	0	0	0	0	0	0	0	0	0	0	13.防禦力 - Defence	4096	21001	2	8021001	190	0	0	0
	566	5000	印加戰衣	75	2.雷橫	02.上衣	06.藍	00.無	(2) HP / 敏	12.收集品交換	0	0	1		pc02_torso_0070			100	0	545	0	14	0	0	0	0	0	0	0	0	0	0	0	0	0	0	350	0	0	0	0	0	0	0	0	0	13.防禦力 - Defence	4096	21001	2	8021001	190	0	0	0
	567	5000	印加戰鞋	75	2.雷橫	03.褲子	06.藍	00.無	(2) 敏 / 體 平均	12.收集品交換	0	0	2		pc02_pelvis_0070			100	0	317	0	14	17	0	0	0	0	0	0	0	0	0	0	0	0	0	0	0	0	0	0	0	0	0	0	0	13.防禦力 - Defence	4096	21001	2	8021001	190	0	0	0
	568	5000	印加拳套	75	2.雷橫	04.武器	06.藍	00.無	(2) 體 / 智 平均	12.收集品交換	0	0	3		pc02_weapon_0070			100	2371	0	0	0	17	13	0	0	0	0	0	0	0	0	0	0	0	0	0	0	0	0	0	0	0	0	0	0	12.攻擊力 - Attack	2048	11001	2	8011001	410	0	0	0
	569	5000	使命頭盔	80	2.雷橫	01.帽子	03.灰	00.無	(0) 無	07.怪物掉寶	0	0	0		pc02_hat_0071			100	0	193	0	0	0	0	0	0	0	0	0	0	0	0	0	0	0	0	0	0	0	0	0	0	0	0	0	0	13.防禦力 - Defence	4096	21001	1	8021001	200	0	0	0
	570	5000	使命戰衣	80	2.雷橫	02.上衣	03.灰	00.無	(0) 無	07.怪物掉寶	0	0	1		pc02_torso_0071			100	0	415	0	0	0	0	0	0	0	0	0	0	0	0	0	0	0	0	0	0	0	0	0	0	0	0	0	0	13.防禦力 - Defence	4096	21001	1	8021001	200	0	0	0
	571	5000	使命戰鞋	80	2.雷橫	03.褲子	03.灰	00.無	(0) 無	07.怪物掉寶	0	0	2		pc02_pelvis_0071			100	0	241	0	0	0	0	0	0	0	0	0	0	0	0	0	0	0	0	0	0	0	0	0	0	0	0	0	0	13.防禦力 - Defence	4096	21001	1	8021001	200	0	0	0
	572	5000	使命拳套	80	2.雷橫	04.武器	03.灰	00.無	(0) 無	07.怪物掉寶	0	0	3		pc02_weapon_0071			100	1806	0	0	0	0	0	0	0	0	0	0	0	0	0	0	0	0	0	0	0	0	0	0	0	0	0	0	0	12.攻擊力 - Attack	2048	11001	1	8011001	420	0	0	0
	573	5000	和平頭盔	80	2.雷橫	01.帽子	04.白	00.無	(0) 無	03.商店購買	0	0	0		pc02_hat_0071			100	0	241	0	0	0	0	0	0	0	0	0	0	0	0	0	0	0	0	0	0	0	0	0	0	0	0	0	0	13.防禦力 - Defence	4096	21001	1	8021001	180	0	0	0
	574	5000	和平戰衣	80	2.雷橫	02.上衣	04.白	00.無	(0) 無	03.商店購買	0	0	1		pc02_torso_0071			100	0	519	0	0	0	0	0	0	0	0	0	0	0	0	0	0	0	0	0	0	0	0	0	0	0	0	0	0	13.防禦力 - Defence	4096	21001	1	8021001	180	0	0	0
	575	5000	和平戰鞋	80	2.雷橫	03.褲子	04.白	00.無	(0) 無	03.商店購買	0	0	2		pc02_pelvis_0071			100	0	302	0	0	0	0	0	0	0	0	0	0	0	0	0	0	0	0	0	0	0	0	0	0	0	0	0	0	13.防禦力 - Defence	4096	21001	1	8021001	180	0	0	0
	576	5000	和平拳套	80	2.雷橫	04.武器	04.白	00.無	(0) 無	03.商店購買	0	0	3		pc02_weapon_0071			100	2258	0	0	0	0	0	0	0	0	0	0	0	0	0	0	0	0	0	0	0	0	0	0	0	0	0	0	0	12.攻擊力 - Attack	2048	11001	1	8011001	380	0	0	0
	577	5000	恩典頭盔	80	2.雷橫	01.帽子	05.綠	00.無	(1) 智慧	07.怪物掉寶	0	0	0		pc02_hat_0071			100	0	260	0	0	0	16	0	0	0	0	0	0	0	0	0	0	0	0	0	0	0	0	0	0	0	0	0	0	13.防禦力 - Defence	4096	21001	2	8021001	190	0	0	0
	578	5000	恩典戰衣	80	2.雷橫	02.上衣	05.綠	00.無	(1) 最大 HP	07.怪物掉寶	0	0	1		pc02_torso_0071			100	0	559	0	0	0	0	0	0	0	0	0	0	0	0	0	0	0	0	430	0	0	0	0	0	0	0	0	0	13.防禦力 - Defence	4096	21001	2	8021001	190	0	0	0
	579	5000	恩典戰鞋	80	2.雷橫	03.褲子	05.綠	00.無	(1) 敏捷	07.怪物掉寶	0	0	2		pc02_pelvis_0071			100	0	325	0	17	0	0	0	0	0	0	0	0	0	0	0	0	0	0	0	0	0	0	0	0	0	0	0	0	13.防禦力 - Defence	4096	21001	2	8021001	190	0	0	0
	580	5000	恩典拳套	80	2.雷橫	04.武器	05.綠	00.無	(1) 體能	07.怪物掉寶	0	0	3		pc02_weapon_0071			100	2436	0	0	0	21	0	0	0	0	0	0	0	0	0	0	0	0	0	0	0	0	0	0	0	0	0	0	0	12.攻擊力 - Attack	2048	11001	2	8011001	400	0	0	0
	581	5000	聖光頭盔	80	2.雷橫	01.帽子	06.藍	00.無	(2) 敏 / 智 平均	12.收集品交換	0	0	0		pc02_hat_0071			100	0	298	0	15	0	14	0	0	0	0	0	0	0	0	0	0	0	0	0	0	0	0	0	0	0	0	0	0	13.防禦力 - Defence	4096	21001	2	8021001	190	0	0	0
	582	5000	聖光戰衣	80	2.雷橫	02.上衣	06.藍	00.無	(2) HP / 敏	12.收集品交換	0	0	1		pc02_torso_0071			100	0	640	0	14	0	0	0	0	0	0	0	0	0	0	0	0	0	0	370	0	0	0	0	0	0	0	0	0	13.防禦力 - Defence	4096	21001	2	8021001	190	0	0	0
	583	5000	聖光戰鞋	80	2.雷橫	03.褲子	06.藍	00.無	(2) 敏 / 體 平均	12.收集品交換	0	0	2		pc02_pelvis_0071			100	0	372	0	15	18	0	0	0	0	0	0	0	0	0	0	0	0	0	0	0	0	0	0	0	0	0	0	0	13.防禦力 - Defence	4096	21001	2	8021001	190	0	0	0
	584	5000	聖光拳套	80	2.雷橫	04.武器	06.藍	00.無	(2) 體 / 智 平均	12.收集品交換	0	0	3		pc02_weapon_0071			100	2768	0	0	0	18	14	0	0	0	0	0	0	0	0	0	0	0	0	0	0	0	0	0	0	0	0	0	0	12.攻擊力 - Attack	2048	11001	2	8011001	410	0	0	0
	585	5000	櫻花紋頭盔	80	2.雷橫	01.帽子	07.紫	00.無	(3) MP / 敏 / 智	07.怪物掉寶	0	0	0		pc02_hat_0072			100	0	348	0	13	0	12	0	0	0	0	0	0	0	0	0	0	0	0	0	610	0	0	0	0	0	0	0	0	13.防禦力 - Defence	4096	21001	3	8021001	200	0	0	0
	586	5000	櫻花紋衣	80	2.雷橫	02.上衣	07.紫	00.無	(3) HP / 敏 / 智	07.怪物掉寶	0	0	1		pc02_torso_0072			100	0	749	0	13	0	12	0	0	0	0	0	0	0	0	0	0	0	0	320	0	0	0	0	0	0	0	0	0	13.防禦力 - Defence	4096	21001	3	8021001	200	0	0	0
	587	5000	櫻花紋鞋	80	2.雷橫	03.褲子	07.紫	00.無	(3) MP / 敏 / 體	07.怪物掉寶	0	0	2		pc02_pelvis_0072			100	0	435	0	13	15	0	0	0	0	0	0	0	0	0	0	0	0	0	0	300	0	0	0	0	0	0	0	0	13.防禦力 - Defence	4096	21001	3	8021001	200	0	0	0
	588	5000	櫻花紋拳套	80	2.雷橫	04.武器	07.紫	00.無	(3) HP / 體 / 智	07.怪物掉寶	0	0	3		pc02_weapon_0072			100	3221	0	0	0	15	12	0	0	0	0	0	0	0	0	0	0	0	0	160	0	0	0	0	0	0	0	0	0	12.攻擊力 - Attack	2048	11001	3	8011001	420	0	0	0
	589	5000	龍吼頭盔	85	2.雷橫	01.帽子	03.灰	00.無	(0) 無	07.怪物掉寶	0	0	0		pc02_hat_0080			100	0	227	0	0	0	0	0	0	0	0	0	0	0	0	0	0	0	0	0	0	0	0	0	0	0	0	0	0	13.防禦力 - Defence	4096	21001	1	10021001	200	0	0	0
	590	5000	龍吼戰衣	85	2.雷橫	02.上衣	03.灰	00.無	(0) 無	07.怪物掉寶	0	0	1		pc02_torso_0080			100	0	488	0	0	0	0	0	0	0	0	0	0	0	0	0	0	0	0	0	0	0	0	0	0	0	0	0	0	13.防禦力 - Defence	4096	21001	1	10021001	200	0	0	0
	591	5000	龍吼戰鞋	85	2.雷橫	03.褲子	03.灰	00.無	(0) 無	07.怪物掉寶	0	0	2		pc02_pelvis_0080			100	0	284	0	0	0	0	0	0	0	0	0	0	0	0	0	0	0	0	0	0	0	0	0	0	0	0	0	0	13.防禦力 - Defence	4096	21001	1	10021001	200	0	0	0
	592	5000	龍吼拳套	85	2.雷橫	04.武器	03.灰	00.無	(0) 無	07.怪物掉寶	0	0	3		pc02_weapon_0080			100	2109	0	0	0	0	0	0	0	0	0	0	0	0	0	0	0	0	0	0	0	0	0	0	0	0	0	0	0	12.攻擊力 - Attack	2048	11001	1	10011001	420	0	0	0
	593	5000	龍騎頭盔	85	2.雷橫	01.帽子	04.白	00.無	(0) 無	03.商店購買	0	0	0		pc02_hat_0080			100	0	284	0	0	0	0	0	0	0	0	0	0	0	0	0	0	0	0	0	0	0	0	0	0	0	0	0	0	13.防禦力 - Defence	4096	21001	1	10021001	180	0	0	0
	594	5000	龍騎戰衣	85	2.雷橫	02.上衣	04.白	00.無	(0) 無	03.商店購買	0	0	1		pc02_torso_0080			100	0	610	0	0	0	0	0	0	0	0	0	0	0	0	0	0	0	0	0	0	0	0	0	0	0	0	0	0	13.防禦力 - Defence	4096	21001	1	10021001	180	0	0	0
	595	5000	龍騎戰鞋	85	2.雷橫	03.褲子	04.白	00.無	(0) 無	03.商店購買	0	0	2		pc02_pelvis_0080			100	0	355	0	0	0	0	0	0	0	0	0	0	0	0	0	0	0	0	0	0	0	0	0	0	0	0	0	0	13.防禦力 - Defence	4096	21001	1	10021001	180	0	0	0
	596	5000	龍騎拳套	85	2.雷橫	04.武器	04.白	00.無	(0) 無	03.商店購買	0	0	3		pc02_weapon_0080			100	2636	0	0	0	0	0	0	0	0	0	0	0	0	0	0	0	0	0	0	0	0	0	0	0	0	0	0	0	12.攻擊力 - Attack	2048	11001	1	10011001	380	0	0	0
	597	5000	龍魂頭盔	85	2.雷橫	01.帽子	05.綠	00.無	(1) 智慧	07.怪物掉寶	0	0	0		pc02_hat_0080			100	0	305	0	0	0	17	0	0	0	0	0	0	0	0	0	0	0	0	0	0	0	0	0	0	0	0	0	0	13.防禦力 - Defence	4096	21001	2	10021001	190	0	0	0
	598	5000	龍魂戰衣	85	2.雷橫	02.上衣	05.綠	00.無	(1) 最大 HP	07.怪物掉寶	0	0	1		pc02_torso_0080			100	0	656	0	0	0	0	0	0	0	0	0	0	0	0	0	0	0	0	450	0	0	0	0	0	0	0	0	0	13.防禦力 - Defence	4096	21001	2	10021001	190	0	0	0
	599	5000	龍魂戰鞋	85	2.雷橫	03.褲子	05.綠	00.無	(1) 敏捷	07.怪物掉寶	0	0	2		pc02_pelvis_0080			100	0	381	0	18	0	0	0	0	0	0	0	0	0	0	0	0	0	0	0	0	0	0	0	0	0	0	0	0	13.防禦力 - Defence	4096	21001	2	10021001	190	0	0	0
	600	5000	龍魂拳套	85	2.雷橫	04.武器	05.綠	00.無	(1) 體能	07.怪物掉寶	0	0	3		pc02_weapon_0080			100	2838	0	0	0	22	0	0	0	0	0	0	0	0	0	0	0	0	0	0	0	0	0	0	0	0	0	0	0	12.攻擊力 - Attack	2048	11001	2	10011001	400	0	0	0
	601	5000	龍徽頭盔	85	2.雷橫	01.帽子	06.藍	00.無	(2) 敏 / 智 平均	12.收集品交換	0	0	0		pc02_hat_0080			100	0	348	0	16	0	14	0	0	0	0	0	0	0	0	0	0	0	0	0	0	0	0	0	0	0	0	0	0	13.防禦力 - Defence	4096	21001	2	10021001	190	0	0	0
	602	5000	龍徽戰衣	85	2.雷橫	02.上衣	06.藍	00.無	(2) HP / 敏	12.收集品交換	0	0	1		pc02_torso_0080			100	0	749	0	15	0	0	0	0	0	0	0	0	0	0	0	0	0	0	390	0	0	0	0	0	0	0	0	0	13.防禦力 - Defence	4096	21001	2	10021001	190	0	0	0
	603	5000	龍徽戰鞋	85	2.雷橫	03.褲子	06.藍	00.無	(2) 敏 / 體 平均	12.收集品交換	0	0	2		pc02_pelvis_0080			100	0	435	0	16	19	0	0	0	0	0	0	0	0	0	0	0	0	0	0	0	0	0	0	0	0	0	0	0	13.防禦力 - Defence	4096	21001	2	10021001	190	0	0	0
	604	5000	龍徽拳套	85	2.雷橫	04.武器	06.藍	00.無	(2) 體 / 智 平均	12.收集品交換	0	0	3		pc02_weapon_0080			100	3221	0	0	0	19	14	0	0	0	0	0	0	0	0	0	0	0	0	0	0	0	0	0	0	0	0	0	0	12.攻擊力 - Attack	2048	11001	2	10011001	410	0	0	0
	605	5000	惡龍頭盔	90	2.雷橫	01.帽子	03.灰	00.無	(0) 無	07.怪物掉寶	0	0	0		pc02_hat_0081			100	0	265	0	0	0	0	0	0	0	0	0	0	0	0	0	0	0	0	0	0	0	0	0	0	0	0	0	0	13.防禦力 - Defence	4096	21001	1	10021001	200	0	0	0
	606	5000	惡龍戰衣	90	2.雷橫	02.上衣	03.灰	00.無	(0) 無	07.怪物掉寶	0	0	1		pc02_torso_0081			100	0	571	0	0	0	0	0	0	0	0	0	0	0	0	0	0	0	0	0	0	0	0	0	0	0	0	0	0	13.防禦力 - Defence	4096	21001	1	10021001	200	0	0	0
	607	5000	惡龍戰鞋	90	2.雷橫	03.褲子	03.灰	00.無	(0) 無	07.怪物掉寶	0	0	2		pc02_pelvis_0081			100	0	332	0	0	0	0	0	0	0	0	0	0	0	0	0	0	0	0	0	0	0	0	0	0	0	0	0	0	13.防禦力 - Defence	4096	21001	1	10021001	200	0	0	0
	608	5000	惡龍拳套	90	2.雷橫	04.武器	03.灰	00.無	(0) 無	07.怪物掉寶	0	0	3		pc02_weapon_0081			100	2454	0	0	0	0	0	0	0	0	0	0	0	0	0	0	0	0	0	0	0	0	0	0	0	0	0	0	0	12.攻擊力 - Attack	2048	11001	1	10011001	420	0	0	0
	609	5000	鐵龍頭盔	90	2.雷橫	01.帽子	04.白	00.無	(0) 無	03.商店購買	0	0	0		pc02_hat_0081			100	0	332	0	0	0	0	0	0	0	0	0	0	0	0	0	0	0	0	0	0	0	0	0	0	0	0	0	0	13.防禦力 - Defence	4096	21001	1	10021001	180	0	0	0
	610	5000	鐵龍戰衣	90	2.雷橫	02.上衣	04.白	00.無	(0) 無	03.商店購買	0	0	1		pc02_torso_0081			100	0	713	0	0	0	0	0	0	0	0	0	0	0	0	0	0	0	0	0	0	0	0	0	0	0	0	0	0	13.防禦力 - Defence	4096	21001	1	10021001	180	0	0	0
	611	5000	鐵龍戰鞋	90	2.雷橫	03.褲子	04.白	00.無	(0) 無	03.商店購買	0	0	2		pc02_pelvis_0081			100	0	415	0	0	0	0	0	0	0	0	0	0	0	0	0	0	0	0	0	0	0	0	0	0	0	0	0	0	13.防禦力 - Defence	4096	21001	1	10021001	180	0	0	0
	612	5000	鐵龍拳套	90	2.雷橫	04.武器	04.白	00.無	(0) 無	03.商店購買	0	0	3		pc02_weapon_0081			100	3068	0	0	0	0	0	0	0	0	0	0	0	0	0	0	0	0	0	0	0	0	0	0	0	0	0	0	0	12.攻擊力 - Attack	2048	11001	1	10011001	380	0	0	0
	613	5000	神龍頭盔	90	2.雷橫	01.帽子	05.綠	00.無	(1) 智慧	07.怪物掉寶	0	0	0		pc02_hat_0081			100	0	356	0	0	0	18	0	0	0	0	0	0	0	0	0	0	0	0	0	0	0	0	0	0	0	0	0	0	13.防禦力 - Defence	4096	21001	2	10021001	190	0	0	0
	614	5000	神龍戰衣	90	2.雷橫	02.上衣	05.綠	00.無	(1) 最大 HP	07.怪物掉寶	0	0	1		pc02_torso_0081			100	0	765	0	0	0	0	0	0	0	0	0	0	0	0	0	0	0	0	470	0	0	0	0	0	0	0	0	0	13.防禦力 - Defence	4096	21001	2	10021001	190	0	0	0
	615	5000	神龍戰鞋	90	2.雷橫	03.褲子	05.綠	00.無	(1) 敏捷	07.怪物掉寶	0	0	2		pc02_pelvis_0081			100	0	445	0	19	0	0	0	0	0	0	0	0	0	0	0	0	0	0	0	0	0	0	0	0	0	0	0	0	13.防禦力 - Defence	4096	21001	2	10021001	190	0	0	0
	616	5000	神龍拳套	90	2.雷橫	04.武器	05.綠	00.無	(1) 體能	07.怪物掉寶	0	0	3		pc02_weapon_0081			100	3298	0	0	0	23	0	0	0	0	0	0	0	0	0	0	0	0	0	0	0	0	0	0	0	0	0	0	0	12.攻擊力 - Attack	2048	11001	2	10011001	400	0	0	0
	617	5000	聖龍頭盔	90	2.雷橫	01.帽子	06.藍	00.無	(2) 敏 / 智 平均	12.收集品交換	0	0	0		pc02_hat_0081			100	0	406	0	17	0	15	0	0	0	0	0	0	0	0	0	0	0	0	0	0	0	0	0	0	0	0	0	0	13.防禦力 - Defence	4096	21001	2	10021001	190	0	0	0
	618	5000	聖龍戰衣	90	2.雷橫	02.上衣	06.藍	00.無	(2) HP / 敏	12.收集品交換	0	0	1		pc02_torso_0081			100	0	872	0	16	0	0	0	0	0	0	0	0	0	0	0	0	0	0	410	0	0	0	0	0	0	0	0	0	13.防禦力 - Defence	4096	21001	2	10021001	190	0	0	0
	619	5000	聖龍戰鞋	90	2.雷橫	03.褲子	06.藍	00.無	(2) 敏 / 體 平均	12.收集品交換	0	0	2		pc02_pelvis_0081			100	0	507	0	17	20	0	0	0	0	0	0	0	0	0	0	0	0	0	0	0	0	0	0	0	0	0	0	0	13.防禦力 - Defence	4096	21001	2	10021001	190	0	0	0
	620	5000	聖龍拳套	90	2.雷橫	04.武器	06.藍	00.無	(2) 體 / 智 平均	12.收集品交換	0	0	3		pc02_weapon_0081			100	3739	0	0	0	20	15	0	0	0	0	0	0	0	0	0	0	0	0	0	0	0	0	0	0	0	0	0	0	12.攻擊力 - Attack	2048	11001	2	10011001	410	0	0	0
	621	5000	王室頭盔	95	2.雷橫	01.帽子	03.灰	00.無	(0) 無	07.怪物掉寶	0	0	0		pc02_hat_0090			100	0	309	0	0	0	0	0	0	0	0	0	0	0	0	0	0	0	0	0	0	0	0	0	0	0	0	0	0	13.防禦力 - Defence	4096	21001	1	10021001	200	0	0	0
	622	5000	王室戰衣	95	2.雷橫	02.上衣	03.灰	00.無	(0) 無	07.怪物掉寶	0	0	1		pc02_torso_0090			100	0	665	0	0	0	0	0	0	0	0	0	0	0	0	0	0	0	0	0	0	0	0	0	0	0	0	0	0	13.防禦力 - Defence	4096	21001	1	10021001	200	0	0	0
	623	5000	王室戰鞋	95	2.雷橫	03.褲子	03.灰	00.無	(0) 無	07.怪物掉寶	0	0	2		pc02_pelvis_0090			100	0	386	0	0	0	0	0	0	0	0	0	0	0	0	0	0	0	0	0	0	0	0	0	0	0	0	0	0	13.防禦力 - Defence	4096	21001	1	10021001	200	0	0	0
	624	5000	王室拳套	95	2.雷橫	04.武器	03.灰	00.無	(0) 無	07.怪物掉寶	0	0	3		pc02_weapon_0090			100	2849	0	0	0	0	0	0	0	0	0	0	0	0	0	0	0	0	0	0	0	0	0	0	0	0	0	0	0	12.攻擊力 - Attack	2048	11001	1	10011001	420	0	0	0
	625	5000	敦煌頭盔	95	2.雷橫	01.帽子	04.白	00.無	(0) 無	03.商店購買	0	0	0		pc02_hat_0090			100	0	386	0	0	0	0	0	0	0	0	0	0	0	0	0	0	0	0	0	0	0	0	0	0	0	0	0	0	13.防禦力 - Defence	4096	21001	1	10021001	180	0	0	0
	626	5000	敦煌戰衣	95	2.雷橫	02.上衣	04.白	00.無	(0) 無	03.商店購買	0	0	1		pc02_torso_0090			100	0	831	0	0	0	0	0	0	0	0	0	0	0	0	0	0	0	0	0	0	0	0	0	0	0	0	0	0	13.防禦力 - Defence	4096	21001	1	10021001	180	0	0	0
	627	5000	敦煌戰鞋	95	2.雷橫	03.褲子	04.白	00.無	(0) 無	03.商店購買	0	0	2		pc02_pelvis_0090			100	0	483	0	0	0	0	0	0	0	0	0	0	0	0	0	0	0	0	0	0	0	0	0	0	0	0	0	0	13.防禦力 - Defence	4096	21001	1	10021001	180	0	0	0
	628	5000	敦煌拳套	95	2.雷橫	04.武器	04.白	00.無	(0) 無	03.商店購買	0	0	3		pc02_weapon_0090			100	3561	0	0	0	0	0	0	0	0	0	0	0	0	0	0	0	0	0	0	0	0	0	0	0	0	0	0	0	12.攻擊力 - Attack	2048	11001	1	10011001	380	0	0	0
	629	5000	金珀頭盔	95	2.雷橫	01.帽子	05.綠	00.無	(1) 智慧	07.怪物掉寶	0	0	0		pc02_hat_0090			100	0	414	0	0	0	18	0	0	0	0	0	0	0	0	0	0	0	0	0	0	0	0	0	0	0	0	0	0	13.防禦力 - Defence	4096	21001	2	10021001	190	0	0	0
	630	5000	金珀戰衣	95	2.雷橫	02.上衣	05.綠	00.無	(1) 最大 HP	07.怪物掉寶	0	0	1		pc02_torso_0090			100	0	889	0	0	0	0	0	0	0	0	0	0	0	0	0	0	0	0	500	0	0	0	0	0	0	0	0	0	13.防禦力 - Defence	4096	21001	2	10021001	190	0	0	0
	631	5000	金珀戰鞋	95	2.雷橫	03.褲子	05.綠	00.無	(1) 敏捷	07.怪物掉寶	0	0	2		pc02_pelvis_0090			100	0	517	0	20	0	0	0	0	0	0	0	0	0	0	0	0	0	0	0	0	0	0	0	0	0	0	0	0	13.防禦力 - Defence	4096	21001	2	10021001	190	0	0	0
	632	5000	金珀拳套	95	2.雷橫	04.武器	05.綠	00.無	(1) 體能	07.怪物掉寶	0	0	3		pc02_weapon_0090			100	3823	0	0	0	24	0	0	0	0	0	0	0	0	0	0	0	0	0	0	0	0	0	0	0	0	0	0	0	12.攻擊力 - Attack	2048	11001	2	10011001	400	0	0	0
	633	5000	佛光頭盔	95	2.雷橫	01.帽子	06.藍	00.無	(2) 敏 / 智 平均	12.收集品交換	0	0	0		pc02_hat_0090			100	0	472	0	18	0	16	0	0	0	0	0	0	0	0	0	0	0	0	0	0	0	0	0	0	0	0	0	0	13.防禦力 - Defence	4096	21001	2	10021001	190	0	0	0
	634	5000	佛光戰衣	95	2.雷橫	02.上衣	06.藍	00.無	(2) HP / 敏	12.收集品交換	0	0	1		pc02_torso_0090			100	0	1014	0	17	0	0	0	0	0	0	0	0	0	0	0	0	0	0	430	0	0	0	0	0	0	0	0	0	13.防禦力 - Defence	4096	21001	2	10021001	190	0	0	0
	635	5000	佛光戰鞋	95	2.雷橫	03.褲子	06.藍	00.無	(2) 敏 / 體 平均	12.收集品交換	0	0	2		pc02_pelvis_0090			100	0	590	0	18	21	0	0	0	0	0	0	0	0	0	0	0	0	0	0	0	0	0	0	0	0	0	0	0	13.防禦力 - Defence	4096	21001	2	10021001	190	0	0	0
	636	5000	佛光拳套	95	2.雷橫	04.武器	06.藍	00.無	(2) 體 / 智 平均	12.收集品交換	0	0	3		pc02_weapon_0090			100	4330	0	0	0	21	16	0	0	0	0	0	0	0	0	0	0	0	0	0	0	0	0	0	0	0	0	0	0	12.攻擊力 - Attack	2048	11001	2	10011001	410	0	0	0
	637	5000	天擎頭盔	99	2.雷橫	01.帽子	03.灰	00.無	(0) 無	07.怪物掉寶	0	0	0		pc02_hat_0091			100	0	339	0	0	0	0	0	0	0	0	0	0	0	0	0	0	0	0	0	0	0	0	0	0	0	0	0	0	13.防禦力 - Defence	4096	21001	1	10021001	200	0	0	0
	638	5000	天擎戰衣	99	2.雷橫	02.上衣	03.灰	00.無	(0) 無	07.怪物掉寶	0	0	1		pc02_torso_0091			100	0	728	0	0	0	0	0	0	0	0	0	0	0	0	0	0	0	0	0	0	0	0	0	0	0	0	0	0	13.防禦力 - Defence	4096	21001	1	10021001	200	0	0	0
	639	5000	天擎戰鞋	99	2.雷橫	03.褲子	03.灰	00.無	(0) 無	07.怪物掉寶	0	0	2		pc02_pelvis_0091			100	0	423	0	0	0	0	0	0	0	0	0	0	0	0	0	0	0	0	0	0	0	0	0	0	0	0	0	0	13.防禦力 - Defence	4096	21001	1	10021001	200	0	0	0
	640	5000	天擎拳套	99	2.雷橫	04.武器	03.灰	00.無	(0) 無	07.怪物掉寶	0	0	3		pc02_weapon_0091			100	3131	0	0	0	0	0	0	0	0	0	0	0	0	0	0	0	0	0	0	0	0	0	0	0	0	0	0	0	12.攻擊力 - Attack	2048	11001	1	10011001	420	0	0	0
	641	5000	金剛頭盔	99	2.雷橫	01.帽子	04.白	00.無	(0) 無	03.商店購買	0	0	0		pc02_hat_0091			100	0	423	0	0	0	0	0	0	0	0	0	0	0	0	0	0	0	0	0	0	0	0	0	0	0	0	0	0	13.防禦力 - Defence	4096	21001	1	10021001	180	0	0	0
	642	5000	金剛戰衣	99	2.雷橫	02.上衣	04.白	00.無	(0) 無	03.商店購買	0	0	1		pc02_torso_0091			100	0	910	0	0	0	0	0	0	0	0	0	0	0	0	0	0	0	0	0	0	0	0	0	0	0	0	0	0	13.防禦力 - Defence	4096	21001	1	10021001	180	0	0	0
	643	5000	金剛戰鞋	99	2.雷橫	03.褲子	04.白	00.無	(0) 無	03.商店購買	0	0	2		pc02_pelvis_0091			100	0	529	0	0	0	0	0	0	0	0	0	0	0	0	0	0	0	0	0	0	0	0	0	0	0	0	0	0	13.防禦力 - Defence	4096	21001	1	10021001	180	0	0	0
	644	5000	金剛拳套	99	2.雷橫	04.武器	04.白	00.無	(0) 無	03.商店購買	0	0	3		pc02_weapon_0091			100	3913	0	0	0	0	0	0	0	0	0	0	0	0	0	0	0	0	0	0	0	0	0	0	0	0	0	0	0	12.攻擊力 - Attack	2048	11001	1	10011001	380	0	0	0
	645	5000	神盾頭盔	99	2.雷橫	01.帽子	05.綠	00.無	(1) 智慧	07.怪物掉寶	0	0	0		pc02_hat_0091			100	0	0	0	0	0	19	0	0	0	0	0	0	0	0	0	0	0	0	0	0	0	0	0	0	0	0	0	0	13.防禦力 - Defence	4096	21001	2	10021001	190	0	0	0
	646	5000	神盾戰衣	99	2.雷橫	02.上衣	05.綠	00.無	(1) 最大 HP	07.怪物掉寶	0	0	1		pc02_torso_0091			100	0	0	0	0	0	0	0	0	0	0	0	0	0	0	0	0	0	0	520	0	0	0	0	0	0	0	0	0	13.防禦力 - Defence	4096	21001	2	10021001	190	0	0	0
	647	5000	神盾戰鞋	99	2.雷橫	03.褲子	05.綠	00.無	(1) 敏捷	07.怪物掉寶	0	0	2		pc02_pelvis_0091			100	0	0	0	21	0	0	0	0	0	0	0	0	0	0	0	0	0	0	0	0	0	0	0	0	0	0	0	0	13.防禦力 - Defence	4096	21001	2	10021001	190	0	0	0
	648	5000	神盾拳套	99	2.雷橫	04.武器	05.綠	00.無	(1) 體能	07.怪物掉寶	0	0	3		pc02_weapon_0091			100	0	0	0	0	25	0	0	0	0	0	0	0	0	0	0	0	0	0	0	0	0	0	0	0	0	0	0	0	12.攻擊力 - Attack	2048	11001	2	10011001	400	0	0	0
	649	5000	聖光頭盔	99	2.雷橫	01.帽子	06.藍	00.無	(2) 敏 / 智 平均	12.收集品交換	0	0	0		pc02_hat_0091			100	0	0	0	18	0	17	0	0	0	0	0	0	0	0	0	0	0	0	0	0	0	0	0	0	0	0	0	0	13.防禦力 - Defence	4096	21001	2	10021001	190	0	0	0
	650	5000	聖光戰衣	99	2.雷橫	02.上衣	06.藍	00.無	(2) HP / 敏	12.收集品交換	0	0	1		pc02_torso_0091			100	0	0	0	17	0	0	0	0	0	0	0	0	0	0	0	0	0	0	440	0	0	0	0	0	0	0	0	0	13.防禦力 - Defence	4096	21001	2	10021001	190	0	0	0
	651	5000	聖光戰鞋	99	2.雷橫	03.褲子	06.藍	00.無	(2) 敏 / 體 平均	12.收集品交換	0	0	2		pc02_pelvis_0091			100	0	0	0	18	22	0	0	0	0	0	0	0	0	0	0	0	0	0	0	0	0	0	0	0	0	0	0	0	13.防禦力 - Defence	4096	21001	2	10021001	190	0	0	0
	652	5000	聖光拳套	99	2.雷橫	04.武器	06.藍	00.無	(2) 體 / 智 平均	12.收集品交換	0	0	3		pc02_weapon_0091			100	0	0	0	0	22	17	0	0	0	0	0	0	0	0	0	0	0	0	0	0	0	0	0	0	0	0	0	0	12.攻擊力 - Attack	2048	11001	2	10011001	410	0	0	0
	653	5000	酋長帽	99	2.雷橫	01.帽子	07.紫	00.無	(3) MP / 敏 / 智	07.怪物掉寶	0	0	0		pc02_hat_0092			100	0	0	0	16	0	14	0	0	0	0	0	0	0	0	0	0	0	0	0	730	0	0	0	0	0	0	0	0	13.防禦力 - Defence	4096	21001	3	10021001	200	0	0	0
	654	5000	酋長衣	99	2.雷橫	02.上衣	07.紫	00.無	(3) HP / 敏 / 智	07.怪物掉寶	0	0	1		pc02_torso_0092			100	0	0	0	16	0	14	0	0	0	0	0	0	0	0	0	0	0	0	380	0	0	0	0	0	0	0	0	0	13.防禦力 - Defence	4096	21001	3	10021001	200	0	0	0
	655	5000	酋長鞋	99	2.雷橫	03.褲子	07.紫	00.無	(3) MP / 敏 / 體	07.怪物掉寶	0	0	2		pc02_pelvis_0092			100	0	0	0	16	18	0	0	0	0	0	0	0	0	0	0	0	0	0	0	360	0	0	0	0	0	0	0	0	13.防禦力 - Defence	4096	21001	3	10021001	200	0	0	0
	656	5000	酋長拳套	99	2.雷橫	04.武器	07.紫	00.無	(3) HP / 體 / 智	07.怪物掉寶	0	0	3		pc02_weapon_0092			100	0	0	0	0	18	14	0	0	0	0	0	0	0	0	0	0	0	0	190	0	0	0	0	0	0	0	0	0	12.攻擊力 - Attack	2048	11001	3	10011001	420	0	0	0
	657	5000	孫二娘帽	1	3.孫二娘	01.帽子	02.初始	00.無	(0) 無	02.初始	130	13	0		pc03_hat_0000			100	0	8	0	0	0	0	0	0	0	0	0	0	0	0	0	0	0	0	0	0	0	0	0	0	0	0	0	0	13.防禦力 - Defence	4096	21001	1	2021001	270	1.05	284	0.023
	658	5000	孫二娘服	1	3.孫二娘	02.上衣	02.初始	00.無	(0) 無	02.初始	170	17	1		pc03_torso_0000			100	0	17	0	0	0	0	0	0	0	0	0	0	0	0	0	0	0	0	0	0	0	0	0	0	0	0	0	0	13.防禦力 - Defence	4096	21001	1	2021001	270	1.37	370	0.023
	659	5000	孫二娘鞋	1	3.孫二娘	03.褲子	02.初始	00.無	(0) 無	02.初始	150	15	2		pc03_pelvis_0000			100	0	10	0	0	0	0	0	0	0	0	0	0	0	0	0	0	0	0	0	0	0	0	0	0	0	0	0	0	13.防禦力 - Defence	4096	21001	1	2021001	270	1.21	327	0.023
	660	5000	孫二娘法杖	1	3.孫二娘	04.武器	02.初始	00.無	(0) 無	02.初始	280	28	3		pc03_weapon_0000			100	36	0	0	0	0	0	0	0	0	0	0	0	0	0	0	0	0	0	0	0	0	0	0	0	0	0	0	0	12.攻擊力 - Attack	2048	11001	1	2011001	580	1.05	609	0.023
	661	5000	劣質布帽	10	3.孫二娘	01.帽子	03.灰	00.無	(0) 無	07.怪物掉寶	630	32	0		pc03_hat_0001			100	0	15	0	0	0	0	0	0	0	0	0	0	0	0	0	0	0	0	0	0	0	0	0	0	0	0	0	0	13.防禦力 - Defence	4096	21001	1	2021001	200	2.17	434	0.073
	662	5000	劣質布衣	10	3.孫二娘	02.上衣	03.灰	00.無	(0) 無	07.怪物掉寶	820	41	1		pc03_torso_0001			100	0	31	0	0	0	0	0	0	0	0	0	0	0	0	0	0	0	0	0	0	0	0	0	0	0	0	0	0	13.防禦力 - Defence	4096	21001	1	2021001	200	2.83	566	0.073
	663	5000	劣質草鞋	10	3.孫二娘	03.褲子	03.灰	00.無	(0) 無	07.怪物掉寶	720	36	2		pc03_pelvis_0001			100	0	18	0	0	0	0	0	0	0	0	0	0	0	0	0	0	0	0	0	0	0	0	0	0	0	0	0	0	13.防禦力 - Defence	4096	21001	1	2021001	200	2.48	496	0.073
	664	5000	木杖	10	3.孫二娘	04.武器	03.灰	00.無	(0) 無	07.怪物掉寶	"1,360"	68	3		pc03_weapon_0001			100	78	0	0	0	0	0	0	0	0	0	0	0	0	0	0	0	0	0	0	0	0	0	0	0	0	0	0	0	12.攻擊力 - Attack	2048	11001	1	2011001	420	2.23	937	0.073
	665	5000	平民布帽	10	3.孫二娘	01.帽子	04.白	00.無	(0) 無	03.商店購買	630	63	0		pc03_hat_0001			100	0	18	0	0	0	0	0	0	0	0	0	0	0	0	0	0	0	0	0	0	0	0	0	0	0	0	0	0	13.防禦力 - Defence	4096	21001	1	2021001	180	2.41	434	0.073
	666	5000	平民布衣	10	3.孫二娘	02.上衣	04.白	00.無	(0) 無	03.商店購買	820	82	1		pc03_torso_0001			100	0	39	0	0	0	0	0	0	0	0	0	0	0	0	0	0	0	0	0	0	0	0	0	0	0	0	0	0	13.防禦力 - Defence	4096	21001	1	2021001	180	3.14	566	0.073
	667	5000	平民草鞋	10	3.孫二娘	03.褲子	04.白	00.無	(0) 無	03.商店購買	720	72	2		pc03_pelvis_0001			100	0	23	0	0	0	0	0	0	0	0	0	0	0	0	0	0	0	0	0	0	0	0	0	0	0	0	0	0	13.防禦力 - Defence	4096	21001	1	2021001	180	2.76	497	0.073
	668	5000	鐵杖	10	3.孫二娘	04.武器	04.白	00.無	(0) 無	03.商店購買	"1,360"	136	3		pc03_weapon_0001			100	98	0	0	0	0	0	0	0	0	0	0	0	0	0	0	0	0	0	0	0	0	0	0	0	0	0	0	0	12.攻擊力 - Attack	2048	11001	1	2011001	380	2.47	939	0.073
	669	5000	傳統布帽	10	3.孫二娘	01.帽子	05.綠	00.無	(1) 智慧	07.怪物掉寶	630	32	0		pc03_hat_0001			100	0	22	0	0	0	5	0	0	0	0	0	0	0	0	0	0	0	0	0	0	0	0	0	0	0	0	0	0	13.防禦力 - Defence	4096	21001	2	2021001	190	2.29	436	0.073
	670	5000	傳統布衣	10	3.孫二娘	02.上衣	05.綠	00.無	(1) 最大 HP	07.怪物掉寶	820	41	1		pc03_torso_0001			100	0	46	0	0	0	0	0	0	0	0	0	0	0	0	0	0	0	0	70	0	0	0	0	0	0	0	0	0	13.防禦力 - Defence	4096	21001	2	2021001	190	2.97	565	0.073
	671	5000	傳統草鞋	10	3.孫二娘	03.褲子	05.綠	00.無	(1) 敏捷	07.怪物掉寶	720	36	2		pc03_pelvis_0001			100	0	27	0	4	0	0	0	0	0	0	0	0	0	0	0	0	0	0	0	0	0	0	0	0	0	0	0	0	13.防禦力 - Defence	4096	21001	2	2021001	190	2.61	496	0.073
	672	5000	銅杖	10	3.孫二娘	04.武器	05.綠	00.無	(1) 體能	07.怪物掉寶	"1,360"	68	3		pc03_weapon_0001			100	122	0	0	0	3	0	0	0	0	0	0	0	0	0	0	0	0	0	0	0	0	0	0	0	0	0	0	0	12.攻擊力 - Attack	2048	11001	2	2011001	400	2.34	936	0.073
	673	5000	高級布帽	10	3.孫二娘	01.帽子	06.藍	00.無	(2) 敏 / 智 平均	12.收集品交換	630	32	0		pc03_hat_0001			100	0	27	0	4	0	5	0	0	0	0	0	0	0	0	0	0	0	0	0	0	0	0	0	0	0	0	0	0	13.防禦力 - Defence	4096	21001	2	2021001	190	2.29	436	0.073
	674	5000	高級布衣	10	3.孫二娘	02.上衣	06.藍	00.無	(2) HP / 敏	12.收集品交換	820	41	1		pc03_torso_0001			100	0	58	0	4	0	0	0	0	0	0	0	0	0	0	0	0	0	0	60	0	0	0	0	0	0	0	0	0	13.防禦力 - Defence	4096	21001	2	2021001	190	2.97	565	0.073
	675	5000	高級草鞋	10	3.孫二娘	03.褲子	06.藍	00.無	(2) 敏 / 體 平均	12.收集品交換	720	36	2		pc03_pelvis_0001			100	0	34	0	4	3	0	0	0	0	0	0	0	0	0	0	0	0	0	0	0	0	0	0	0	0	0	0	0	13.防禦力 - Defence	4096	21001	2	2021001	190	2.61	496	0.073
	676	5000	銀杖	10	3.孫二娘	04.武器	06.藍	00.無	(2) 體 / 智 平均	12.收集品交換	"1,360"	68	3		pc03_weapon_0001			100	149	0	0	0	3	5	0	0	0	0	0	0	0	0	0	0	0	0	0	0	0	0	0	0	0	0	0	0	12.攻擊力 - Attack	2048	11001	2	2011001	410	2.29	939	0.073
	677	5000	八爪帽	15	3.孫二娘	01.帽子	03.灰	00.無	(0) 無	07.怪物掉寶	"2,330"	117	0		pc03_hat_0010			100	0	21	0	0	0	0	0	0	0	0	0	0	0	0	0	0	0	0	0	0	0	0	0	0	0	0	0	0	13.防禦力 - Defence	4096	21001	1	2021001	200	4.24	848	0.138
	678	5000	八爪衣	15	3.孫二娘	02.上衣	03.灰	00.無	(0) 無	07.怪物掉寶	"3,000"	150	1		pc03_torso_0010			100	0	44	0	0	0	0	0	0	0	0	0	0	0	0	0	0	0	0	0	0	0	0	0	0	0	0	0	0	13.防禦力 - Defence	4096	21001	1	2021001	200	5.46	"1,092"	0.138
	679	5000	八爪鞋	15	3.孫二娘	03.褲子	03.灰	00.無	(0) 無	07.怪物掉寶	"2,660"	133	2		pc03_pelvis_0010			100	0	26	0	0	0	0	0	0	0	0	0	0	0	0	0	0	0	0	0	0	0	0	0	0	0	0	0	0	13.防禦力 - Defence	4096	21001	1	2021001	200	4.84	968	0.138
	680	5000	八爪手杖	15	3.孫二娘	04.武器	03.灰	00.無	(0) 無	07.怪物掉寶	"4,990"	250	3		pc03_weapon_0010			100	114	0	0	0	0	0	0	0	0	0	0	0	0	0	0	0	0	0	0	0	0	0	0	0	0	0	0	0	12.攻擊力 - Attack	2048	11001	1	2011001	420	4.32	"1,815"	0.138
	681	5000	魷魚帽	15	3.孫二娘	01.帽子	04.白	00.無	(0) 無	03.商店購買	"2,330"	233	0		pc03_hat_0010			100	0	26	0	0	0	0	0	0	0	0	0	0	0	0	0	0	0	0	0	0	0	0	0	0	0	0	0	0	13.防禦力 - Defence	4096	21001	1	2021001	180	4.71	848	0.138
	682	5000	魷魚衣	15	3.孫二娘	02.上衣	04.白	00.無	(0) 無	03.商店購買	"3,000"	300	1		pc03_torso_0010			100	0	56	0	0	0	0	0	0	0	0	0	0	0	0	0	0	0	0	0	0	0	0	0	0	0	0	0	0	13.防禦力 - Defence	4096	21001	1	2021001	180	6.06	"1,091"	0.138
	683	5000	魷魚鞋	15	3.孫二娘	03.褲子	04.白	00.無	(0) 無	03.商店購買	"2,660"	266	2		pc03_pelvis_0010			100	0	32	0	0	0	0	0	0	0	0	0	0	0	0	0	0	0	0	0	0	0	0	0	0	0	0	0	0	13.防禦力 - Defence	4096	21001	1	2021001	180	5.37	967	0.138
	684	5000	魷魚手杖	15	3.孫二娘	04.武器	04.白	00.無	(0) 無	03.商店購買	"4,990"	499	3		pc03_weapon_0010			100	142	0	0	0	0	0	0	0	0	0	0	0	0	0	0	0	0	0	0	0	0	0	0	0	0	0	0	0	12.攻擊力 - Attack	2048	11001	1	2011001	380	4.78	"1,817"	0.138
	685	5000	章魚帽	15	3.孫二娘	01.帽子	05.綠	00.無	(1) 智慧	07.怪物掉寶	"2,330"	117	0		pc03_hat_0010			100	0	29	0	0	0	6	0	0	0	0	0	0	0	0	0	0	0	0	0	0	0	0	0	0	0	0	0	0	13.防禦力 - Defence	4096	21001	2	2021001	190	4.46	848	0.138
	686	5000	章魚衣	15	3.孫二娘	02.上衣	05.綠	00.無	(1) 最大 HP	07.怪物掉寶	"3,000"	150	1		pc03_torso_0010			100	0	63	0	0	0	0	0	0	0	0	0	0	0	0	0	0	0	0	90	0	0	0	0	0	0	0	0	0	13.防禦力 - Defence	4096	21001	2	2021001	190	5.74	"1,091"	0.138
	687	5000	章魚鞋	15	3.孫二娘	03.褲子	05.綠	00.無	(1) 敏捷	07.怪物掉寶	"2,660"	133	2		pc03_pelvis_0010			100	0	37	0	5	0	0	0	0	0	0	0	0	0	0	0	0	0	0	0	0	0	0	0	0	0	0	0	0	13.防禦力 - Defence	4096	21001	2	2021001	190	5.09	968	0.138
	688	5000	章魚手杖	15	3.孫二娘	04.武器	05.綠	00.無	(1) 體能	07.怪物掉寶	"4,990"	250	3		pc03_weapon_0010			100	169	0	0	0	4	0	0	0	0	0	0	0	0	0	0	0	0	0	0	0	0	0	0	0	0	0	0	0	12.攻擊力 - Attack	2048	11001	2	2011001	400	4.54	"1,816"	0.138
	689	5000	石居帽	15	3.孫二娘	01.帽子	06.藍	00.無	(2) 敏 / 智 平均	12.收集品交換	"2,330"	117	0		pc03_hat_0010			100	0	36	0	5	0	6	0	0	0	0	0	0	0	0	0	0	0	0	0	0	0	0	0	0	0	0	0	0	13.防禦力 - Defence	4096	21001	2	2021001	190	4.46	848	0.138
	690	5000	石居衣	15	3.孫二娘	02.上衣	06.藍	00.無	(2) HP / 敏	12.收集品交換	"3,000"	150	1		pc03_torso_0010			100	0	78	0	4	0	0	0	0	0	0	0	0	0	0	0	0	0	0	80	0	0	0	0	0	0	0	0	0	13.防禦力 - Defence	4096	21001	2	2021001	190	5.74	"1,091"	0.138
	691	5000	石居鞋	15	3.孫二娘	03.褲子	06.藍	00.無	(2) 敏 / 體 平均	12.收集品交換	"2,660"	133	2		pc03_pelvis_0010			100	0	45	0	5	4	0	0	0	0	0	0	0	0	0	0	0	0	0	0	0	0	0	0	0	0	0	0	0	13.防禦力 - Defence	4096	21001	2	2021001	190	5.09	968	0.138
	692	5000	石居手杖	15	3.孫二娘	04.武器	06.藍	00.無	(2) 體 / 智 平均	12.收集品交換	"4,990"	250	3		pc03_weapon_0010			100	204	0	0	0	4	6	0	0	0	0	0	0	0	0	0	0	0	0	0	0	0	0	0	0	0	0	0	0	12.攻擊力 - Attack	2048	11001	2	2011001	410	4.43	"1,817"	0.138
	693	5000	花枝帽	20	3.孫二娘	01.帽子	03.灰	00.無	(0) 無	07.怪物掉寶	"8,540"	427	0		pc03_hat_0011			100	0	28	0	0	0	0	0	0	0	0	0	0	0	0	0	0	0	0	0	0	0	0	0	0	0	0	0	0	13.防禦力 - Defence	4096	21001	1	2021001	200	6.49	"1,298"	0.33
	694	5000	花枝衣	20	3.孫二娘	02.上衣	03.灰	00.無	(0) 無	07.怪物掉寶	"10,980"	549	1		pc03_torso_0011			100	0	59	0	0	0	0	0	0	0	0	0	0	0	0	0	0	0	0	0	0	0	0	0	0	0	0	0	0	13.防禦力 - Defence	4096	21001	1	2021001	200	8.34	"1,668"	0.33
	695	5000	花枝鞋	20	3.孫二娘	03.褲子	03.灰	00.無	(0) 無	07.怪物掉寶	"9,760"	488	2		pc03_pelvis_0011			100	0	34	0	0	0	0	0	0	0	0	0	0	0	0	0	0	0	0	0	0	0	0	0	0	0	0	0	0	13.防禦力 - Defence	4096	21001	1	2021001	200	7.41	"1,482"	0.33
	696	5000	花枝手杖	20	3.孫二娘	04.武器	03.灰	00.無	(0) 無	07.怪物掉寶	"18,300"	915	3		pc03_weapon_0011			100	156	0	0	0	0	0	0	0	0	0	0	0	0	0	0	0	0	0	0	0	0	0	0	0	0	0	0	0	12.攻擊力 - Attack	2048	11001	1	2011001	420	6.62	"2,781"	0.33
	697	5000	烏賊帽	20	3.孫二娘	01.帽子	04.白	00.無	(0) 無	03.商店購買	"8,540"	854	0		pc03_hat_0011			100	0	34	0	0	0	0	0	0	0	0	0	0	0	0	0	0	0	0	0	0	0	0	0	0	0	0	0	0	13.防禦力 - Defence	4096	21001	1	2021001	180	7.21	"1,298"	0.33
	698	5000	烏賊衣	20	3.孫二娘	02.上衣	04.白	00.無	(0) 無	03.商店購買	"10,980"	"1,098"	1		pc03_torso_0011			100	0	74	0	0	0	0	0	0	0	0	0	0	0	0	0	0	0	0	0	0	0	0	0	0	0	0	0	0	13.防禦力 - Defence	4096	21001	1	2021001	180	9.27	"1,669"	0.33
	699	5000	烏賊鞋	20	3.孫二娘	03.褲子	04.白	00.無	(0) 無	03.商店購買	"9,760"	976	2		pc03_pelvis_0011			100	0	43	0	0	0	0	0	0	0	0	0	0	0	0	0	0	0	0	0	0	0	0	0	0	0	0	0	0	13.防禦力 - Defence	4096	21001	1	2021001	180	8.24	"1,484"	0.33
	700	5000	烏賊手杖	20	3.孫二娘	04.武器	04.白	00.無	(0) 無	03.商店購買	"18,300"	"1,830"	3		pc03_weapon_0011			100	194	0	0	0	0	0	0	0	0	0	0	0	0	0	0	0	0	0	0	0	0	0	0	0	0	0	0	0	12.攻擊力 - Attack	2048	11001	1	2011001	380	7.32	"2,782"	0.33
	701	5000	軟絲帽	20	3.孫二娘	01.帽子	05.綠	00.無	(1) 智慧	07.怪物掉寶	"8,540"	427	0		pc03_hat_0011			100	0	38	0	0	0	7	0	0	0	0	0	0	0	0	0	0	0	0	0	0	0	0	0	0	0	0	0	0	13.防禦力 - Defence	4096	21001	2	2021001	190	6.83	"1,298"	0.33
	702	5000	軟絲衣	20	3.孫二娘	02.上衣	05.綠	00.無	(1) 最大 HP	07.怪物掉寶	"10,980"	549	1		pc03_torso_0011			100	0	82	0	0	0	0	0	0	0	0	0	0	0	0	0	0	0	0	100	0	0	0	0	0	0	0	0	0	13.防禦力 - Defence	4096	21001	2	2021001	190	8.78	"1,669"	0.33
	703	5000	軟絲鞋	20	3.孫二娘	03.褲子	05.綠	00.無	(1) 敏捷	07.怪物掉寶	"9,760"	488	2		pc03_pelvis_0011			100	0	48	0	6	0	0	0	0	0	0	0	0	0	0	0	0	0	0	0	0	0	0	0	0	0	0	0	0	13.防禦力 - Defence	4096	21001	2	2021001	190	7.8	"1,482"	0.33
	704	5000	軟絲手杖	20	3.孫二娘	04.武器	05.綠	00.無	(1) 體能	07.怪物掉寶	"18,300"	915	3		pc03_weapon_0011			100	227	0	0	0	5	0	0	0	0	0	0	0	0	0	0	0	0	0	0	0	0	0	0	0	0	0	0	0	12.攻擊力 - Attack	2048	11001	2	2011001	400	6.95	"2,780"	0.33
	705	5000	墨魚帽	20	3.孫二娘	01.帽子	06.藍	00.無	(2) 敏 / 智 平均	12.收集品交換	"8,540"	427	0		pc03_hat_0011			100	0	46	0	5	0	6	0	0	0	0	0	0	0	0	0	0	0	0	0	0	0	0	0	0	0	0	0	0	13.防禦力 - Defence	4096	21001	2	2021001	190	6.83	"1,298"	0.33
	706	5000	墨魚衣	20	3.孫二娘	02.上衣	06.藍	00.無	(2) HP / 敏	12.收集品交換	"10,980"	549	1		pc03_torso_0011			100	0	99	0	5	0	0	0	0	0	0	0	0	0	0	0	0	0	0	90	0	0	0	0	0	0	0	0	0	13.防禦力 - Defence	4096	21001	2	2021001	190	8.78	"1,669"	0.33
	707	5000	墨魚鞋	20	3.孫二娘	03.褲子	06.藍	00.無	(2) 敏 / 體 平均	12.收集品交換	"9,760"	488	2		pc03_pelvis_0011			100	0	57	0	5	4	0	0	0	0	0	0	0	0	0	0	0	0	0	0	0	0	0	0	0	0	0	0	0	13.防禦力 - Defence	4096	21001	2	2021001	190	7.8	"1,482"	0.33
	708	5000	墨魚手杖	20	3.孫二娘	04.武器	06.藍	00.無	(2) 體 / 智 平均	12.收集品交換	"18,300"	915	3		pc03_weapon_0011			100	270	0	0	0	4	6	0	0	0	0	0	0	0	0	0	0	0	0	0	0	0	0	0	0	0	0	0	0	12.攻擊力 - Attack	2048	11001	2	2011001	410	6.78	"2,780"	0.33
	709	5000	河豚帽	35	3.孫二娘	01.帽子	07.紫	00.無	(3) MP / 敏 / 智	07.怪物掉寶	"114,700"	"5,735"	0		pc03_hat_0012			100	0	93	0	7	0	8	0	0	0	0	0	0	0	0	0	0	0	0	0	430	0	0	0	0	0	0	0	0	13.防禦力 - Defence	4096	21001	3	4021001	200	11.78	"2,356"	2.434
	710	5000	河豚衣	35	3.孫二娘	02.上衣	07.紫	00.無	(3) HP / 敏 / 智	07.怪物掉寶	"147,400"	"7,370"	1		pc03_torso_0012			100	0	201	0	7	0	8	0	0	0	0	0	0	0	0	0	0	0	0	120	0	0	0	0	0	0	0	0	0	13.防禦力 - Defence	4096	21001	3	4021001	200	15.14	"3,028"	2.434
	711	5000	河豚鞋	35	3.孫二娘	03.褲子	07.紫	00.無	(3) MP / 敏 / 體	07.怪物掉寶	"131,000"	"6,550"	2		pc03_pelvis_0012			100	0	117	0	7	6	0	0	0	0	0	0	0	0	0	0	0	0	0	0	220	0	0	0	0	0	0	0	0	13.防禦力 - Defence	4096	21001	3	4021001	200	13.46	"2,692"	2.434
	712	5000	河豚手杖	35	3.孫二娘	04.武器	07.紫	00.無	(3) HP / 體 / 智	07.怪物掉寶	"245,700"	"12,285"	3		pc03_weapon_0012			100	665	0	0	0	6	8	0	0	0	0	0	0	0	0	0	0	0	0	60	0	0	0	0	0	0	0	0	0	12.攻擊力 - Attack	2048	11001	3	4011001	420	12.02	"5,049"	2.434
	713	5000	海賊帽	25	3.孫二娘	01.帽子	03.灰	00.無	(0) 無	07.怪物掉寶	"24,600"	"1,230"	0		pc03_hat_0020			100	0	35	0	0	0	0	0	0	0	0	0	0	0	0	0	0	0	0	0	0	0	0	0	0	0	0	0	0	13.防禦力 - Defence	4096	21001	1	4021001	200	7.45	"1,490"	0.826
	714	5000	海賊帽	25	3.孫二娘	02.上衣	03.灰	00.無	(0) 無	07.怪物掉寶	"31,600"	"1,580"	1		pc03_torso_0020			100	0	75	0	0	0	0	0	0	0	0	0	0	0	0	0	0	0	0	0	0	0	0	0	0	0	0	0	0	13.防禦力 - Defence	4096	21001	1	4021001	200	9.57	"1,914"	0.826
	715	5000	海賊衣	25	3.孫二娘	03.褲子	03.灰	00.無	(0) 無	07.怪物掉寶	"28,100"	"1,405"	2		pc03_pelvis_0020			100	0	44	0	0	0	0	0	0	0	0	0	0	0	0	0	0	0	0	0	0	0	0	0	0	0	0	0	0	13.防禦力 - Defence	4096	21001	1	4021001	200	8.51	"1,702"	0.826
	716	5000	海賊手杖	25	3.孫二娘	04.武器	03.灰	00.無	(0) 無	07.怪物掉寶	"52,600"	"2,630"	3		pc03_weapon_0020			100	206	0	0	0	0	0	0	0	0	0	0	0	0	0	0	0	0	0	0	0	0	0	0	0	0	0	0	0	12.攻擊力 - Attack	2048	11001	1	4011001	420	7.58	"3,184"	0.826
	717	5000	水手帽	25	3.孫二娘	01.帽子	04.白	00.無	(0) 無	03.商店購買	"24,600"	"2,460"	0		pc03_hat_0020			100	0	44	0	0	0	0	0	0	0	0	0	0	0	0	0	0	0	0	0	0	0	0	0	0	0	0	0	0	13.防禦力 - Defence	4096	21001	1	4021001	180	8.27	"1,489"	0.826
	718	5000	水手衣	25	3.孫二娘	02.上衣	04.白	00.無	(0) 無	03.商店購買	"31,600"	"3,160"	1		pc03_torso_0020			100	0	94	0	0	0	0	0	0	0	0	0	0	0	0	0	0	0	0	0	0	0	0	0	0	0	0	0	0	13.防禦力 - Defence	4096	21001	1	4021001	180	10.63	"1,914"	0.826
	719	5000	水手鞋	25	3.孫二娘	03.褲子	04.白	00.無	(0) 無	03.商店購買	"28,100"	"2,810"	2		pc03_pelvis_0020			100	0	55	0	0	0	0	0	0	0	0	0	0	0	0	0	0	0	0	0	0	0	0	0	0	0	0	0	0	13.防禦力 - Defence	4096	21001	1	4021001	180	9.45	"1,701"	0.826
	720	5000	水手手杖	25	3.孫二娘	04.武器	04.白	00.無	(0) 無	03.商店購買	"52,600"	"5,260"	3		pc03_weapon_0020			100	257	0	0	0	0	0	0	0	0	0	0	0	0	0	0	0	0	0	0	0	0	0	0	0	0	0	0	0	12.攻擊力 - Attack	2048	11001	1	4011001	380	8.38	"3,185"	0.826
	721	5000	大副帽	25	3.孫二娘	01.帽子	05.綠	00.無	(1) 智慧	07.怪物掉寶	"24,600"	"1,230"	0		pc03_hat_0020			100	0	47	0	0	0	8	0	0	0	0	0	0	0	0	0	0	0	0	0	0	0	0	0	0	0	0	0	0	13.防禦力 - Defence	4096	21001	2	4021001	190	7.84	"1,490"	0.826
	722	5000	大副衣	25	3.孫二娘	02.上衣	05.綠	00.無	(1) 最大 HP	07.怪物掉寶	"31,600"	"1,580"	1		pc03_torso_0020			100	0	102	0	0	0	0	0	0	0	0	0	0	0	0	0	0	0	0	120	0	0	0	0	0	0	0	0	0	13.防禦力 - Defence	4096	21001	2	4021001	190	10.07	"1,914"	0.826
	723	5000	大副鞋	25	3.孫二娘	03.褲子	05.綠	00.無	(1) 敏捷	07.怪物掉寶	"28,100"	"1,405"	2		pc03_pelvis_0020			100	0	59	0	7	0	0	0	0	0	0	0	0	0	0	0	0	0	0	0	0	0	0	0	0	0	0	0	0	13.防禦力 - Defence	4096	21001	2	4021001	190	8.95	"1,701"	0.826
	724	5000	大副手杖	25	3.孫二娘	04.武器	05.綠	00.無	(1) 體能	07.怪物掉寶	"52,600"	"2,630"	3		pc03_weapon_0020			100	294	0	0	0	6	0	0	0	0	0	0	0	0	0	0	0	0	0	0	0	0	0	0	0	0	0	0	0	12.攻擊力 - Attack	2048	11001	2	4011001	400	7.96	"3,184"	0.826
	725	5000	航海王帽	25	3.孫二娘	01.帽子	06.藍	00.無	(2) 敏 / 智 平均	12.收集品交換	"24,600"	"1,230"	0		pc03_hat_0020			100	0	57	0	6	0	7	0	0	0	0	0	0	0	0	0	0	0	0	0	0	0	0	0	0	0	0	0	0	13.防禦力 - Defence	4096	21001	2	4021001	190	7.84	"1,490"	0.826
	726	5000	航海王衣	25	3.孫二娘	02.上衣	06.藍	00.無	(2) HP / 敏	12.收集品交換	"31,600"	"1,580"	1		pc03_torso_0020			100	0	122	0	6	0	0	0	0	0	0	0	0	0	0	0	0	0	0	100	0	0	0	0	0	0	0	0	0	13.防禦力 - Defence	4096	21001	2	4021001	190	10.07	"1,914"	0.826
	727	5000	航海王鞋	25	3.孫二娘	03.褲子	06.藍	00.無	(2) 敏 / 體 平均	12.收集品交換	"28,100"	"1,405"	2		pc03_pelvis_0020			100	0	71	0	6	5	0	0	0	0	0	0	0	0	0	0	0	0	0	0	0	0	0	0	0	0	0	0	0	13.防禦力 - Defence	4096	21001	2	4021001	190	8.95	"1,701"	0.826
	728	5000	航海王手杖	25	3.孫二娘	04.武器	06.藍	00.無	(2) 體 / 智 平均	12.收集品交換	"52,600"	"2,630"	3		pc03_weapon_0020			100	348	0	0	0	5	7	0	0	0	0	0	0	0	0	0	0	0	0	0	0	0	0	0	0	0	0	0	0	12.攻擊力 - Attack	2048	11001	2	4011001	410	7.77	"3,186"	0.826
	729	5000	渡海帽	30	3.孫二娘	01.帽子	03.灰	00.無	(0) 無	07.怪物掉寶	"56,300"	"2,815"	0		pc03_hat_0021			100	0	43	0	0	0	0	0	0	0	0	0	0	0	0	0	0	0	0	0	0	0	0	0	0	0	0	0	0	13.防禦力 - Defence	4096	21001	1	4021001	200	8.49	"1,698"	1.658
	730	5000	渡海衣	30	3.孫二娘	02.上衣	03.灰	00.無	(0) 無	07.怪物掉寶	"72,400"	"3,620"	1		pc03_torso_0021			100	0	93	0	0	0	0	0	0	0	0	0	0	0	0	0	0	0	0	0	0	0	0	0	0	0	0	0	0	13.防禦力 - Defence	4096	21001	1	4021001	200	10.92	"2,184"	1.658
	731	5000	渡海鞋	30	3.孫二娘	03.褲子	03.灰	00.無	(0) 無	07.怪物掉寶	"64,400"	"3,220"	2		pc03_pelvis_0021			100	0	54	0	0	0	0	0	0	0	0	0	0	0	0	0	0	0	0	0	0	0	0	0	0	0	0	0	0	13.防禦力 - Defence	4096	21001	1	4021001	200	9.71	"1,942"	1.658
	732	5000	渡海手杖	30	3.孫二娘	04.武器	03.灰	00.無	(0) 無	07.怪物掉寶	"120,700"	"6,035"	3		pc03_weapon_0021			100	265	0	0	0	0	0	0	0	0	0	0	0	0	0	0	0	0	0	0	0	0	0	0	0	0	0	0	0	12.攻擊力 - Attack	2048	11001	1	4011001	420	8.67	"3,642"	1.658
	733	5000	乘風帽	30	3.孫二娘	01.帽子	04.白	00.無	(0) 無	03.商店購買	"56,300"	"5,630"	0		pc03_hat_0021			100	0	54	0	0	0	0	0	0	0	0	0	0	0	0	0	0	0	0	0	0	0	0	0	0	0	0	0	0	13.防禦力 - Defence	4096	21001	1	4021001	180	9.43	"1,698"	1.658
	734	5000	乘風衣	30	3.孫二娘	02.上衣	04.白	00.無	(0) 無	03.商店購買	"72,400"	"7,240"	1		pc03_torso_0021			100	0	116	0	0	0	0	0	0	0	0	0	0	0	0	0	0	0	0	0	0	0	0	0	0	0	0	0	0	13.防禦力 - Defence	4096	21001	1	4021001	180	12.13	"2,184"	1.658
	735	5000	乘風鞋	30	3.孫二娘	03.褲子	04.白	00.無	(0) 無	03.商店購買	"64,400"	"6,440"	2		pc03_pelvis_0021			100	0	67	0	0	0	0	0	0	0	0	0	0	0	0	0	0	0	0	0	0	0	0	0	0	0	0	0	0	13.防禦力 - Defence	4096	21001	1	4021001	180	10.79	"1,943"	1.658
	736	5000	乘風手杖	30	3.孫二娘	04.武器	04.白	00.無	(0) 無	03.商店購買	"120,700"	"12,070"	3		pc03_weapon_0021			100	331	0	0	0	0	0	0	0	0	0	0	0	0	0	0	0	0	0	0	0	0	0	0	0	0	0	0	0	12.攻擊力 - Attack	2048	11001	1	4011001	380	9.58	"3,641"	1.658
	737	5000	浪濤帽	30	3.孫二娘	01.帽子	05.綠	00.無	(1) 智慧	07.怪物掉寶	"56,300"	"2,815"	0		pc03_hat_0021			100	0	57	0	0	0	9	0	0	0	0	0	0	0	0	0	0	0	0	0	0	0	0	0	0	0	0	0	0	13.防禦力 - Defence	4096	21001	2	4021001	190	8.94	"1,699"	1.658
	738	5000	浪濤衣	30	3.孫二娘	02.上衣	05.綠	00.無	(1) 最大 HP	07.怪物掉寶	"72,400"	"3,620"	1		pc03_torso_0021			100	0	124	0	0	0	0	0	0	0	0	0	0	0	0	0	0	0	0	130	0	0	0	0	0	0	0	0	0	13.防禦力 - Defence	4096	21001	2	4021001	190	11.49	"2,184"	1.658
	739	5000	浪濤鞋	30	3.孫二娘	03.褲子	05.綠	00.無	(1) 敏捷	07.怪物掉寶	"64,400"	"3,220"	2		pc03_pelvis_0021			100	0	72	0	8	0	0	0	0	0	0	0	0	0	0	0	0	0	0	0	0	0	0	0	0	0	0	0	0	13.防禦力 - Defence	4096	21001	2	4021001	190	10.22	"1,942"	1.658
	740	5000	浪濤手杖	30	3.孫二娘	04.武器	05.綠	00.無	(1) 體能	07.怪物掉寶	"120,700"	"6,035"	3		pc03_weapon_0021			100	374	0	0	0	7	0	0	0	0	0	0	0	0	0	0	0	0	0	0	0	0	0	0	0	0	0	0	0	12.攻擊力 - Attack	2048	11001	2	4011001	400	9.1	"3,640"	1.658
	741	5000	嘯風帽	30	3.孫二娘	01.帽子	06.藍	00.無	(2) 敏 / 智 平均	12.收集品交換	"56,300"	"2,815"	0		pc03_hat_0021			100	0	68	0	7	0	8	0	0	0	0	0	0	0	0	0	0	0	0	0	0	0	0	0	0	0	0	0	0	13.防禦力 - Defence	4096	21001	2	4021001	190	8.94	"1,699"	1.658
	742	5000	嘯風衣	30	3.孫二娘	02.上衣	06.藍	00.無	(2) HP / 敏	12.收集品交換	"72,400"	"3,620"	1		pc03_torso_0021			100	0	147	0	7	0	0	0	0	0	0	0	0	0	0	0	0	0	0	120	0	0	0	0	0	0	0	0	0	13.防禦力 - Defence	4096	21001	2	4021001	190	11.49	"2,184"	1.658
	743	5000	嘯風鞋	30	3.孫二娘	03.褲子	06.藍	00.無	(2) 敏 / 體 平均	12.收集品交換	"64,400"	"3,220"	2		pc03_pelvis_0021			100	0	85	0	7	6	0	0	0	0	0	0	0	0	0	0	0	0	0	0	0	0	0	0	0	0	0	0	0	13.防禦力 - Defence	4096	21001	2	4021001	190	10.22	"1,942"	1.658
	744	5000	嘯風手杖	30	3.孫二娘	04.武器	06.藍	00.無	(2) 體 / 智 平均	12.收集品交換	"120,700"	"6,035"	3		pc03_weapon_0021			100	438	0	0	0	6	8	0	0	0	0	0	0	0	0	0	0	0	0	0	0	0	0	0	0	0	0	0	0	12.攻擊力 - Attack	2048	11001	2	4011001	410	8.88	"3,641"	1.658
	745	5000	異族帽	35	3.孫二娘	01.帽子	03.灰	00.無	(0) 無	07.怪物掉寶	"114,700"	"5,735"	0		pc03_hat_0030			100	0	52	0	0	0	0	0	0	0	0	0	0	0	0	0	0	0	0	0	0	0	0	0	0	0	0	0	0	13.防禦力 - Defence	4096	21001	1	4021001	200	11.78	"2,356"	2.434
	746	5000	異族衣	35	3.孫二娘	02.上衣	03.灰	00.無	(0) 無	07.怪物掉寶	"147,400"	"7,370"	1		pc03_torso_0030			100	0	112	0	0	0	0	0	0	0	0	0	0	0	0	0	0	0	0	0	0	0	0	0	0	0	0	0	0	13.防禦力 - Defence	4096	21001	1	4021001	200	15.14	"3,028"	2.434
	747	5000	異族鞋	35	3.孫二娘	03.褲子	03.灰	00.無	(0) 無	07.怪物掉寶	"131,000"	"6,550"	2		pc03_pelvis_0030			100	0	65	0	0	0	0	0	0	0	0	0	0	0	0	0	0	0	0	0	0	0	0	0	0	0	0	0	0	13.防禦力 - Defence	4096	21001	1	4021001	200	13.46	"2,692"	2.434
	748	5000	異族手杖	35	3.孫二娘	04.武器	03.灰	00.無	(0) 無	07.怪物掉寶	"245,700"	"12,285"	3		pc03_weapon_0030			100	334	0	0	0	0	0	0	0	0	0	0	0	0	0	0	0	0	0	0	0	0	0	0	0	0	0	0	0	12.攻擊力 - Attack	2048	11001	1	4011001	420	12.02	"5,049"	2.434
	749	5000	炙夏帽	35	3.孫二娘	01.帽子	04.白	00.無	(0) 無	03.商店購買	"114,700"	"11,470"	0		pc03_hat_0030			100	0	65	0	0	0	0	0	0	0	0	0	0	0	0	0	0	0	0	0	0	0	0	0	0	0	0	0	0	13.防禦力 - Defence	4096	21001	1	4021001	180	13.09	"2,357"	2.434
	750	5000	炙夏衣	35	3.孫二娘	02.上衣	04.白	00.無	(0) 無	03.商店購買	"147,400"	"14,740"	1		pc03_torso_0030			100	0	140	0	0	0	0	0	0	0	0	0	0	0	0	0	0	0	0	0	0	0	0	0	0	0	0	0	0	13.防禦力 - Defence	4096	21001	1	4021001	180	16.83	"3,030"	2.434
	751	5000	炙夏鞋	35	3.孫二娘	03.褲子	04.白	00.無	(0) 無	03.商店購買	"131,000"	"13,100"	2		pc03_pelvis_0030			100	0	81	0	0	0	0	0	0	0	0	0	0	0	0	0	0	0	0	0	0	0	0	0	0	0	0	0	0	13.防禦力 - Defence	4096	21001	1	4021001	180	14.95	"2,691"	2.434
	752	5000	炙夏手杖	35	3.孫二娘	04.武器	04.白	00.無	(0) 無	03.商店購買	"245,700"	"24,570"	3		pc03_weapon_0030			100	418	0	0	0	0	0	0	0	0	0	0	0	0	0	0	0	0	0	0	0	0	0	0	0	0	0	0	0	12.攻擊力 - Attack	2048	11001	1	4011001	380	13.29	"5,051"	2.434
	753	5000	星月帽	35	3.孫二娘	01.帽子	05.綠	00.無	(1) 智慧	07.怪物掉寶	"114,700"	"5,735"	0		pc03_hat_0030			100	0	68	0	0	0	11	0	0	0	0	0	0	0	0	0	0	0	0	0	0	0	0	0	0	0	0	0	0	13.防禦力 - Defence	4096	21001	2	4021001	190	12.4	"2,356"	2.434
	754	5000	星月衣	35	3.孫二娘	02.上衣	05.綠	00.無	(1) 最大 HP	07.怪物掉寶	"147,400"	"7,370"	1		pc03_torso_0030			100	0	147	0	0	0	0	0	0	0	0	0	0	0	0	0	0	0	0	150	0	0	0	0	0	0	0	0	0	13.防禦力 - Defence	4096	21001	2	4021001	190	15.94	"3,029"	2.434
	755	5000	星月鞋	35	3.孫二娘	03.褲子	05.綠	00.無	(1) 敏捷	07.怪物掉寶	"131,000"	"6,550"	2		pc03_pelvis_0030			100	0	85	0	9	0	0	0	0	0	0	0	0	0	0	0	0	0	0	0	0	0	0	0	0	0	0	0	0	13.防禦力 - Defence	4096	21001	2	4021001	190	14.17	"2,693"	2.434
	756	5000	星月手杖	35	3.孫二娘	04.武器	05.綠	00.無	(1) 體能	07.怪物掉寶	"245,700"	"12,285"	3		pc03_weapon_0030			100	468	0	0	0	7	0	0	0	0	0	0	0	0	0	0	0	0	0	0	0	0	0	0	0	0	0	0	0	12.攻擊力 - Attack	2048	11001	2	4011001	400	12.62	"5,048"	2.434
	757	5000	馬雅帽	35	3.孫二娘	01.帽子	06.藍	00.無	(2) 敏 / 智 平均	12.收集品交換	"114,700"	"5,735"	0		pc03_hat_0030			100	0	80	0	8	0	9	0	0	0	0	0	0	0	0	0	0	0	0	0	0	0	0	0	0	0	0	0	0	13.防禦力 - Defence	4096	21001	2	4021001	190	12.4	"2,356"	2.434
	758	5000	馬雅衣	35	3.孫二娘	02.上衣	06.藍	00.無	(2) HP / 敏	12.收集品交換	"147,400"	"7,370"	1		pc03_torso_0030			100	0	173	0	7	0	0	0	0	0	0	0	0	0	0	0	0	0	0	130	0	0	0	0	0	0	0	0	0	13.防禦力 - Defence	4096	21001	2	4021001	190	15.94	"3,029"	2.434
	759	5000	馬雅鞋	35	3.孫二娘	03.褲子	06.藍	00.無	(2) 敏 / 體 平均	12.收集品交換	"131,000"	"6,550"	2		pc03_pelvis_0030			100	0	101	0	8	6	0	0	0	0	0	0	0	0	0	0	0	0	0	0	0	0	0	0	0	0	0	0	0	13.防禦力 - Defence	4096	21001	2	4021001	190	14.17	"2,693"	2.434
	760	5000	馬雅手杖	35	3.孫二娘	04.武器	06.藍	00.無	(2) 體 / 智 平均	12.收集品交換	"245,700"	"12,285"	3		pc03_weapon_0030			100	543	0	0	0	6	9	0	0	0	0	0	0	0	0	0	0	0	0	0	0	0	0	0	0	0	0	0	0	12.攻擊力 - Attack	2048	11001	2	4011001	410	12.31	"5,048"	2.434
	761	5000	帕夏帽	40	3.孫二娘	01.帽子	03.灰	00.無	(0) 無	07.怪物掉寶	"211,200"	"10,560"	0		pc03_hat_0031			100	0	61	0	0	0	0	0	0	0	0	0	0	0	0	0	0	0	0	0	0	0	0	0	0	0	0	0	0	13.防禦力 - Defence	4096	21001	1	4021001	200	16.05	"3,210"	3.29
	762	5000	帕夏衣	40	3.孫二娘	02.上衣	03.灰	00.無	(0) 無	07.怪物掉寶	"271,500"	"13,575"	1		pc03_torso_0031			100	0	132	0	0	0	0	0	0	0	0	0	0	0	0	0	0	0	0	0	0	0	0	0	0	0	0	0	0	13.防禦力 - Defence	4096	21001	1	4021001	200	20.64	"4,128"	3.29
	763	5000	帕夏鞋	40	3.孫二娘	03.褲子	03.灰	00.無	(0) 無	07.怪物掉寶	"241,300"	"12,065"	2		pc03_pelvis_0031			100	0	77	0	0	0	0	0	0	0	0	0	0	0	0	0	0	0	0	0	0	0	0	0	0	0	0	0	0	13.防禦力 - Defence	4096	21001	1	4021001	200	18.34	"3,668"	3.29
	764	5000	帕夏手杖	40	3.孫二娘	04.武器	03.灰	00.無	(0) 無	07.怪物掉寶	"452,500"	"22,625"	3		pc03_weapon_0031			100	414	0	0	0	0	0	0	0	0	0	0	0	0	0	0	0	0	0	0	0	0	0	0	0	0	0	0	0	12.攻擊力 - Attack	2048	11001	1	4011001	420	16.38	"6,880"	3.29
	765	5000	土魯帽	40	3.孫二娘	01.帽子	04.白	00.無	(0) 無	03.商店購買	"211,200"	"21,120"	0		pc03_hat_0031			100	0	77	0	0	0	0	0	0	0	0	0	0	0	0	0	0	0	0	0	0	0	0	0	0	0	0	0	0	13.防禦力 - Defence	4096	21001	1	4021001	180	17.84	"3,212"	3.29
	766	5000	土魯衣	40	3.孫二娘	02.上衣	04.白	00.無	(0) 無	03.商店購買	"271,500"	"27,150"	1		pc03_torso_0031			100	0	165	0	0	0	0	0	0	0	0	0	0	0	0	0	0	0	0	0	0	0	0	0	0	0	0	0	0	13.防禦力 - Defence	4096	21001	1	4021001	180	22.93	"4,128"	3.29
	767	5000	土魯鞋	40	3.孫二娘	03.褲子	04.白	00.無	(0) 無	03.商店購買	"241,300"	"24,130"	2		pc03_pelvis_0031			100	0	96	0	0	0	0	0	0	0	0	0	0	0	0	0	0	0	0	0	0	0	0	0	0	0	0	0	0	13.防禦力 - Defence	4096	21001	1	4021001	180	20.38	"3,669"	3.29
	768	5000	土魯手杖	40	3.孫二娘	04.武器	04.白	00.無	(0) 無	03.商店購買	"452,500"	"45,250"	3		pc03_weapon_0031			100	518	0	0	0	0	0	0	0	0	0	0	0	0	0	0	0	0	0	0	0	0	0	0	0	0	0	0	0	12.攻擊力 - Attack	2048	11001	1	4011001	380	18.1	"6,878"	3.29
	769	5000	坎農帽	40	3.孫二娘	01.帽子	05.綠	00.無	(1) 智慧	07.怪物掉寶	"211,200"	"10,560"	0		pc03_hat_0031			100	0	79	0	0	0	12	0	0	0	0	0	0	0	0	0	0	0	0	0	0	0	0	0	0	0	0	0	0	13.防禦力 - Defence	4096	21001	2	4021001	190	16.9	"3,211"	3.29
	770	5000	坎農衣	40	3.孫二娘	02.上衣	05.綠	00.無	(1) 最大 HP	07.怪物掉寶	"271,500"	"13,575"	1		pc03_torso_0031			100	0	171	0	0	0	0	0	0	0	0	0	0	0	0	0	0	0	0	170	0	0	0	0	0	0	0	0	0	13.防禦力 - Defence	4096	21001	2	4021001	190	21.72	"4,127"	3.29
	771	5000	坎農鞋	40	3.孫二娘	03.褲子	05.綠	00.無	(1) 敏捷	07.怪物掉寶	"241,300"	"12,065"	2		pc03_pelvis_0031			100	0	99	0	10	0	0	0	0	0	0	0	0	0	0	0	0	0	0	0	0	0	0	0	0	0	0	0	0	13.防禦力 - Defence	4096	21001	2	4021001	190	19.31	"3,669"	3.29
	772	5000	坎農手杖	40	3.孫二娘	04.武器	05.綠	00.無	(1) 體能	07.怪物掉寶	"452,500"	"22,625"	3		pc03_weapon_0031			100	575	0	0	0	8	0	0	0	0	0	0	0	0	0	0	0	0	0	0	0	0	0	0	0	0	0	0	0	12.攻擊力 - Attack	2048	11001	2	4011001	400	17.2	"6,880"	3.29
	773	5000	突厥帽	40	3.孫二娘	01.帽子	06.藍	00.無	(2) 敏 / 智 平均	12.收集品交換	"211,200"	"10,560"	0		pc03_hat_0031			100	0	93	0	9	0	10	0	0	0	0	0	0	0	0	0	0	0	0	0	0	0	0	0	0	0	0	0	0	13.防禦力 - Defence	4096	21001	2	4021001	190	16.9	"3,211"	3.29
	774	5000	突厥衣	40	3.孫二娘	02.上衣	06.藍	00.無	(2) HP / 敏	12.收集品交換	"271,500"	"13,575"	1		pc03_torso_0031			100	0	201	0	8	0	0	0	0	0	0	0	0	0	0	0	0	0	0	150	0	0	0	0	0	0	0	0	0	13.防禦力 - Defence	4096	21001	2	4021001	190	21.72	"4,127"	3.29
	775	5000	突厥鞋	40	3.孫二娘	03.褲子	06.藍	00.無	(2) 敏 / 體 平均	12.收集品交換	"241,300"	"12,065"	2		pc03_pelvis_0031			100	0	117	0	9	7	0	0	0	0	0	0	0	0	0	0	0	0	0	0	0	0	0	0	0	0	0	0	0	13.防禦力 - Defence	4096	21001	2	4021001	190	19.31	"3,669"	3.29
	776	5000	突厥手杖	40	3.孫二娘	04.武器	06.藍	00.無	(2) 體 / 智 平均	12.收集品交換	"452,500"	"22,625"	3		pc03_weapon_0031			100	665	0	0	0	7	10	0	0	0	0	0	0	0	0	0	0	0	0	0	0	0	0	0	0	0	0	0	0	12.攻擊力 - Attack	2048	11001	2	4011001	410	16.78	"6,880"	3.29
	777	5000	孔雀帽	45	3.孫二娘	01.帽子	07.紫	00.無	(3) MP / 敏 / 智	07.怪物掉寶	"363,000"	"18,150"	0		pc03_hat_0032			100	0	120	0	9	0	10	0	0	0	0	0	0	0	0	0	0	0	0	0	520	0	0	0	0	0	0	0	0	13.防禦力 - Defence	4096	21001	3	6021001	200	21.3	"4,260"	4.261
	778	5000	孔雀衣	45	3.孫二娘	02.上衣	07.紫	00.無	(3) HP / 敏 / 智	07.怪物掉寶	"467,000"	"23,350"	1		pc03_torso_0032			100	0	258	0	9	0	10	0	0	0	0	0	0	0	0	0	0	0	0	140	0	0	0	0	0	0	0	0	0	13.防禦力 - Defence	4096	21001	3	6021001	200	27.4	"5,480"	4.261
	779	5000	孔雀鞋	45	3.孫二娘	03.褲子	07.紫	00.無	(3) MP / 敏 / 體	07.怪物掉寶	"415,000"	"20,750"	2		pc03_pelvis_0032			100	0	150	0	9	7	0	0	0	0	0	0	0	0	0	0	0	0	0	0	260	0	0	0	0	0	0	0	0	13.防禦力 - Defence	4096	21001	3	6021001	200	24.35	"4,870"	4.261
	780	5000	孔雀手杖	45	3.孫二娘	04.武器	07.紫	00.無	(3) HP / 體 / 智	07.怪物掉寶	"778,000"	"38,900"	3		pc03_weapon_0032			100	970	0	0	0	7	10	0	0	0	0	0	0	0	0	0	0	0	0	70	0	0	0	0	0	0	0	0	0	12.攻擊力 - Attack	2048	11001	3	6011001	420	21.74	"9,131"	4.261
	781	5000	小丑帽	45	3.孫二娘	01.帽子	03.灰	00.無	(0) 無	07.怪物掉寶	"363,000"	"18,150"	0		pc03_hat_0040			100	0	71	0	0	0	0	0	0	0	0	0	0	0	0	0	0	0	0	0	0	0	0	0	0	0	0	0	0	13.防禦力 - Defence	4096	21001	1	6021001	200	21.3	"4,260"	4.261
	782	5000	小丑衣	45	3.孫二娘	02.上衣	03.灰	00.無	(0) 無	07.怪物掉寶	"467,000"	"23,350"	1		pc03_torso_0040			100	0	153	0	0	0	0	0	0	0	0	0	0	0	0	0	0	0	0	0	0	0	0	0	0	0	0	0	0	13.防禦力 - Defence	4096	21001	1	6021001	200	27.4	"5,480"	4.261
	783	5000	小丑鞋	45	3.孫二娘	03.褲子	03.灰	00.無	(0) 無	07.怪物掉寶	"415,000"	"20,750"	2		pc03_pelvis_0040			100	0	89	0	0	0	0	0	0	0	0	0	0	0	0	0	0	0	0	0	0	0	0	0	0	0	0	0	0	13.防禦力 - Defence	4096	21001	1	6021001	200	24.35	"4,870"	4.261
	784	5000	小丑手杖	45	3.孫二娘	04.武器	03.灰	00.無	(0) 無	07.怪物掉寶	"778,000"	"38,900"	3		pc03_weapon_0040			100	507	0	0	0	0	0	0	0	0	0	0	0	0	0	0	0	0	0	0	0	0	0	0	0	0	0	0	0	12.攻擊力 - Attack	2048	11001	1	6011001	420	21.74	"9,131"	4.261
	785	5000	雜耍帽	45	3.孫二娘	01.帽子	04.白	00.無	(0) 無	03.商店購買	"363,000"	"36,300"	0		pc03_hat_0040			100	0	89	0	0	0	0	0	0	0	0	0	0	0	0	0	0	0	0	0	0	0	0	0	0	0	0	0	0	13.防禦力 - Defence	4096	21001	1	6021001	180	23.66	"4,259"	4.261
	786	5000	雜耍衣	45	3.孫二娘	02.上衣	04.白	00.無	(0) 無	03.商店購買	"467,000"	"46,700"	1		pc03_torso_0040			100	0	191	0	0	0	0	0	0	0	0	0	0	0	0	0	0	0	0	0	0	0	0	0	0	0	0	0	0	13.防禦力 - Defence	4096	21001	1	6021001	180	30.44	"5,480"	4.261
	787	5000	雜耍鞋	45	3.孫二娘	03.褲子	04.白	00.無	(0) 無	03.商店購買	"415,000"	"41,500"	2		pc03_pelvis_0040			100	0	111	0	0	0	0	0	0	0	0	0	0	0	0	0	0	0	0	0	0	0	0	0	0	0	0	0	0	13.防禦力 - Defence	4096	21001	1	6021001	180	27.05	"4,869"	4.261
	788	5000	雜耍手杖	45	3.孫二娘	04.武器	04.白	00.無	(0) 無	03.商店購買	"778,000"	"77,800"	3		pc03_weapon_0040			100	634	0	0	0	0	0	0	0	0	0	0	0	0	0	0	0	0	0	0	0	0	0	0	0	0	0	0	0	12.攻擊力 - Attack	2048	11001	1	6011001	380	24.02	"9,128"	4.261
	789	5000	舞孃帽	45	3.孫二娘	01.帽子	05.綠	00.無	(1) 智慧	07.怪物掉寶	"363,000"	"18,150"	0		pc03_hat_0040			100	0	91	0	0	0	13	0	0	0	0	0	0	0	0	0	0	0	0	0	0	0	0	0	0	0	0	0	0	13.防禦力 - Defence	4096	21001	2	6021001	190	22.42	"4,260"	4.261
	790	5000	舞孃衣	45	3.孫二娘	02.上衣	05.綠	00.無	(1) 最大 HP	07.怪物掉寶	"467,000"	"23,350"	1		pc03_torso_0040			100	0	196	0	0	0	0	0	0	0	0	0	0	0	0	0	0	0	0	180	0	0	0	0	0	0	0	0	0	13.防禦力 - Defence	4096	21001	2	6021001	190	28.84	"5,480"	4.261
	791	5000	舞孃鞋	45	3.孫二娘	03.褲子	05.綠	00.無	(1) 敏捷	07.怪物掉寶	"415,000"	"20,750"	2		pc03_pelvis_0040			100	0	114	0	11	0	0	0	0	0	0	0	0	0	0	0	0	0	0	0	0	0	0	0	0	0	0	0	0	13.防禦力 - Defence	4096	21001	2	6021001	190	25.63	"4,870"	4.261
	792	5000	舞孃手杖	45	3.孫二娘	04.武器	05.綠	00.無	(1) 體能	07.怪物掉寶	"778,000"	"38,900"	3		pc03_weapon_0040			100	699	0	0	0	9	0	0	0	0	0	0	0	0	0	0	0	0	0	0	0	0	0	0	0	0	0	0	0	12.攻擊力 - Attack	2048	11001	2	6011001	400	22.82	"9,128"	4.261
	793	5000	魅影帽	45	3.孫二娘	01.帽子	06.藍	00.無	(2) 敏 / 智 平均	12.收集品交換	"363,000"	"18,150"	0		pc03_hat_0040			100	0	107	0	10	0	11	0	0	0	0	0	0	0	0	0	0	0	0	0	0	0	0	0	0	0	0	0	0	13.防禦力 - Defence	4096	21001	2	6021001	190	22.42	"4,260"	4.261
	794	5000	魅影衣	45	3.孫二娘	02.上衣	06.藍	00.無	(2) HP / 敏	12.收集品交換	"467,000"	"23,350"	1		pc03_torso_0040			100	0	229	0	9	0	0	0	0	0	0	0	0	0	0	0	0	0	0	160	0	0	0	0	0	0	0	0	0	13.防禦力 - Defence	4096	21001	2	6021001	190	28.84	"5,480"	4.261
	795	5000	魅影鞋	45	3.孫二娘	03.褲子	06.藍	00.無	(2) 敏 / 體 平均	12.收集品交換	"415,000"	"20,750"	2		pc03_pelvis_0040			100	0	133	0	10	8	0	0	0	0	0	0	0	0	0	0	0	0	0	0	0	0	0	0	0	0	0	0	0	13.防禦力 - Defence	4096	21001	2	6021001	190	25.63	"4,870"	4.261
	796	5000	魅影手杖	45	3.孫二娘	04.武器	06.藍	00.無	(2) 體 / 智 平均	12.收集品交換	"778,000"	"38,900"	3		pc03_weapon_0040			100	807	0	0	0	8	11	0	0	0	0	0	0	0	0	0	0	0	0	0	0	0	0	0	0	0	0	0	0	12.攻擊力 - Attack	2048	11001	2	6011001	410	22.27	"9,131"	4.261
	797	5000	貪婪帽	50	3.孫二娘	01.帽子	03.灰	00.無	(0) 無	07.怪物掉寶	"592,000"	"29,600"	0		pc03_hat_0041			100	0	81	0	0	0	0	0	0	0	0	0	0	0	0	0	0	0	0	0	0	0	0	0	0	0	0	0	0	13.防禦力 - Defence	4096	21001	1	6021001	200	27.67	"5,534"	5.349
	798	5000	貪婪衣	50	3.孫二娘	02.上衣	03.灰	00.無	(0) 無	07.怪物掉寶	"762,000"	"38,100"	1		pc03_torso_0041			100	0	175	0	0	0	0	0	0	0	0	0	0	0	0	0	0	0	0	0	0	0	0	0	0	0	0	0	0	13.防禦力 - Defence	4096	21001	1	6021001	200	35.62	"7,124"	5.349
	799	5000	貪婪鞋	50	3.孫二娘	03.褲子	03.灰	00.無	(0) 無	07.怪物掉寶	"677,000"	"33,850"	2		pc03_pelvis_0041			100	0	102	0	0	0	0	0	0	0	0	0	0	0	0	0	0	0	0	0	0	0	0	0	0	0	0	0	0	13.防禦力 - Defence	4096	21001	1	6021001	200	31.64	"6,328"	5.349
	800	5000	貪婪手杖	50	3.孫二娘	04.武器	03.灰	00.無	(0) 無	07.怪物掉寶	"1,269,000"	"63,450"	3		pc03_weapon_0041			100	615	0	0	0	0	0	0	0	0	0	0	0	0	0	0	0	0	0	0	0	0	0	0	0	0	0	0	0	12.攻擊力 - Attack	2048	11001	1	6011001	420	28.24	"11,861"	5.349
	801	5000	夢想帽	50	3.孫二娘	01.帽子	04.白	00.無	(0) 無	03.商店購買	"592,000"	"59,200"	0		pc03_hat_0041			100	0	102	0	0	0	0	0	0	0	0	0	0	0	0	0	0	0	0	0	0	0	0	0	0	0	0	0	0	13.防禦力 - Defence	4096	21001	1	6021001	180	30.74	"5,534"	5.349
	802	5000	夢想衣	50	3.孫二娘	02.上衣	04.白	00.無	(0) 無	03.商店購買	"762,000"	"76,200"	1		pc03_torso_0041			100	0	219	0	0	0	0	0	0	0	0	0	0	0	0	0	0	0	0	0	0	0	0	0	0	0	0	0	0	13.防禦力 - Defence	4096	21001	1	6021001	180	39.57	"7,123"	5.349
	803	5000	夢想鞋	50	3.孫二娘	03.褲子	04.白	00.無	(0) 無	03.商店購買	"677,000"	"67,700"	2		pc03_pelvis_0041			100	0	127	0	0	0	0	0	0	0	0	0	0	0	0	0	0	0	0	0	0	0	0	0	0	0	0	0	0	13.防禦力 - Defence	4096	21001	1	6021001	180	35.16	"6,329"	5.349
	804	5000	夢想手杖	50	3.孫二娘	04.武器	04.白	00.無	(0) 無	03.商店購買	"1,269,000"	"126,900"	3		pc03_weapon_0041			100	769	0	0	0	0	0	0	0	0	0	0	0	0	0	0	0	0	0	0	0	0	0	0	0	0	0	0	0	12.攻擊力 - Attack	2048	11001	1	6011001	380	31.22	"11,864"	5.349
	805	5000	虛幻帽	50	3.孫二娘	01.帽子	05.綠	00.無	(1) 智慧	07.怪物掉寶	"592,000"	"29,600"	0		pc03_hat_0041			100	0	103	0	0	0	14	0	0	0	0	0	0	0	0	0	0	0	0	0	0	0	0	0	0	0	0	0	0	13.防禦力 - Defence	4096	21001	2	6021001	190	29.13	"5,535"	5.349
	806	5000	虛幻衣	50	3.孫二娘	02.上衣	05.綠	00.無	(1) 最大 HP	07.怪物掉寶	"762,000"	"38,100"	1		pc03_torso_0041			100	0	222	0	0	0	0	0	0	0	0	0	0	0	0	0	0	0	0	200	0	0	0	0	0	0	0	0	0	13.防禦力 - Defence	4096	21001	2	6021001	190	37.49	"7,124"	5.349
	807	5000	虛幻鞋	50	3.孫二娘	03.褲子	05.綠	00.無	(1) 敏捷	07.怪物掉寶	"677,000"	"33,850"	2		pc03_pelvis_0041			100	0	129	0	12	0	0	0	0	0	0	0	0	0	0	0	0	0	0	0	0	0	0	0	0	0	0	0	0	13.防禦力 - Defence	4096	21001	2	6021001	190	33.31	"6,329"	5.349
	808	5000	虛幻手杖	50	3.孫二娘	04.武器	05.綠	00.無	(1) 體能	07.怪物掉寶	"1,269,000"	"63,450"	3		pc03_weapon_0041			100	844	0	0	0	10	0	0	0	0	0	0	0	0	0	0	0	0	0	0	0	0	0	0	0	0	0	0	0	12.攻擊力 - Attack	2048	11001	2	6011001	400	29.66	"11,864"	5.349
	809	5000	闇影帽	50	3.孫二娘	01.帽子	06.藍	00.無	(2) 敏 / 智 平均	12.收集品交換	"592,000"	"29,600"	0		pc03_hat_0041			100	0	120	0	10	0	12	0	0	0	0	0	0	0	0	0	0	0	0	0	0	0	0	0	0	0	0	0	0	13.防禦力 - Defence	4096	21001	2	6021001	190	29.13	"5,535"	5.349
	810	5000	闇影衣	50	3.孫二娘	02.上衣	06.藍	00.無	(2) HP / 敏	12.收集品交換	"762,000"	"38,100"	1		pc03_torso_0041			100	0	258	0	10	0	0	0	0	0	0	0	0	0	0	0	0	0	0	170	0	0	0	0	0	0	0	0	0	13.防禦力 - Defence	4096	21001	2	6021001	190	37.49	"7,124"	5.349
	811	5000	闇影鞋	50	3.孫二娘	03.褲子	06.藍	00.無	(2) 敏 / 體 平均	12.收集品交換	"677,000"	"33,850"	2		pc03_pelvis_0041			100	0	150	0	10	8	0	0	0	0	0	0	0	0	0	0	0	0	0	0	0	0	0	0	0	0	0	0	0	13.防禦力 - Defence	4096	21001	2	6021001	190	33.31	"6,329"	5.349
	812	5000	闇影手杖	50	3.孫二娘	04.武器	06.藍	00.無	(2) 體 / 智 平均	12.收集品交換	"1,269,000"	"63,450"	3		pc03_weapon_0041			100	970	0	0	0	8	12	0	0	0	0	0	0	0	0	0	0	0	0	0	0	0	0	0	0	0	0	0	0	12.攻擊力 - Attack	2048	11001	2	6011001	410	28.93	"11,862"	5.349
	813	5000	小鬼帽	55	3.孫二娘	01.帽子	03.灰	00.無	(0) 無	07.怪物掉寶	"929,000"	"46,450"	0		pc03_hat_0050			100	0	92	0	0	0	0	0	0	0	0	0	0	0	0	0	0	0	0	0	0	0	0	0	0	0	0	0	0	13.防禦力 - Defence	4096	21001	1	6021001	200	35.46	"7,092"	6.55
	814	5000	小鬼衣	55	3.孫二娘	02.上衣	03.灰	00.無	(0) 無	07.怪物掉寶	"1,194,000"	"59,700"	1		pc03_torso_0050			100	0	197	0	0	0	0	0	0	0	0	0	0	0	0	0	0	0	0	0	0	0	0	0	0	0	0	0	0	13.防禦力 - Defence	4096	21001	1	6021001	200	45.58	"9,116"	6.55
	815	5000	小鬼鞋	55	3.孫二娘	03.褲子	03.灰	00.無	(0) 無	07.怪物掉寶	"1,061,000"	"53,050"	2		pc03_pelvis_0050			100	0	114	0	0	0	0	0	0	0	0	0	0	0	0	0	0	0	0	0	0	0	0	0	0	0	0	0	0	13.防禦力 - Defence	4096	21001	1	6021001	200	40.5	"8,100"	6.55
	816	5000	小鬼手杖	55	3.孫二娘	04.武器	03.灰	00.無	(0) 無	07.怪物掉寶	"1,990,000"	"99,500"	3		pc03_weapon_0050			100	739	0	0	0	0	0	0	0	0	0	0	0	0	0	0	0	0	0	0	0	0	0	0	0	0	0	0	0	12.攻擊力 - Attack	2048	11001	1	6011001	420	36.17	"15,192"	6.55
	817	5000	童鬼帽	55	3.孫二娘	01.帽子	04.白	00.無	(0) 無	03.商店購買	"929,000"	"92,900"	0		pc03_hat_0050			100	0	114	0	0	0	0	0	0	0	0	0	0	0	0	0	0	0	0	0	0	0	0	0	0	0	0	0	0	13.防禦力 - Defence	4096	21001	1	6021001	180	39.4	"7,092"	6.55
	818	5000	童鬼衣	55	3.孫二娘	02.上衣	04.白	00.無	(0) 無	03.商店購買	"1,194,000"	"119,400"	1		pc03_torso_0050			100	0	246	0	0	0	0	0	0	0	0	0	0	0	0	0	0	0	0	0	0	0	0	0	0	0	0	0	0	13.防禦力 - Defence	4096	21001	1	6021001	180	50.64	"9,116"	6.55
	819	5000	童鬼鞋	55	3.孫二娘	03.褲子	04.白	00.無	(0) 無	03.商店購買	"1,061,000"	"106,100"	2		pc03_pelvis_0050			100	0	143	0	0	0	0	0	0	0	0	0	0	0	0	0	0	0	0	0	0	0	0	0	0	0	0	0	0	13.防禦力 - Defence	4096	21001	1	6021001	180	45	"8,100"	6.55
	820	5000	童鬼手杖	55	3.孫二娘	04.武器	04.白	00.無	(0) 無	03.商店購買	"1,990,000"	"199,000"	3		pc03_weapon_0050			100	923	0	0	0	0	0	0	0	0	0	0	0	0	0	0	0	0	0	0	0	0	0	0	0	0	0	0	0	12.攻擊力 - Attack	2048	11001	1	6011001	380	39.98	"15,193"	6.55
	821	5000	響鬼帽	55	3.孫二娘	01.帽子	05.綠	00.無	(1) 智慧	07.怪物掉寶	"929,000"	"46,450"	0		pc03_hat_0050			100	0	115	0	0	0	15	0	0	0	0	0	0	0	0	0	0	0	0	0	0	0	0	0	0	0	0	0	0	13.防禦力 - Defence	4096	21001	2	6021001	190	37.33	"7,093"	6.55
	822	5000	響鬼衣	55	3.孫二娘	02.上衣	05.綠	00.無	(1) 最大 HP	07.怪物掉寶	"1,194,000"	"59,700"	1		pc03_torso_0050			100	0	248	0	0	0	0	0	0	0	0	0	0	0	0	0	0	0	0	210	0	0	0	0	0	0	0	0	0	13.防禦力 - Defence	4096	21001	2	6021001	190	47.98	"9,117"	6.55
	823	5000	響鬼鞋	55	3.孫二娘	03.褲子	05.綠	00.無	(1) 敏捷	07.怪物掉寶	"1,061,000"	"53,050"	2		pc03_pelvis_0050			100	0	144	0	13	0	0	0	0	0	0	0	0	0	0	0	0	0	0	0	0	0	0	0	0	0	0	0	0	13.防禦力 - Defence	4096	21001	2	6021001	190	42.63	"8,100"	6.55
	824	5000	響鬼手杖	55	3.孫二娘	04.武器	05.綠	00.無	(1) 體能	07.怪物掉寶	"1,990,000"	"99,500"	3		pc03_weapon_0050			100	1010	0	0	0	10	0	0	0	0	0	0	0	0	0	0	0	0	0	0	0	0	0	0	0	0	0	0	0	12.攻擊力 - Attack	2048	11001	2	6011001	400	37.98	"15,192"	6.55
	825	5000	夜叉帽	55	3.孫二娘	01.帽子	06.藍	00.無	(2) 敏 / 智 平均	12.收集品交換	"929,000"	"46,450"	0		pc03_hat_0050			100	0	134	0	11	0	13	0	0	0	0	0	0	0	0	0	0	0	0	0	0	0	0	0	0	0	0	0	0	13.防禦力 - Defence	4096	21001	2	6021001	190	37.33	"7,093"	6.55
	826	5000	夜叉衣	55	3.孫二娘	02.上衣	06.藍	00.無	(2) HP / 敏	12.收集品交換	"1,194,000"	"59,700"	1		pc03_torso_0050			100	0	288	0	10	0	0	0	0	0	0	0	0	0	0	0	0	0	0	190	0	0	0	0	0	0	0	0	0	13.防禦力 - Defence	4096	21001	2	6021001	190	47.98	"9,117"	6.55
	827	5000	夜叉鞋	55	3.孫二娘	03.褲子	06.藍	00.無	(2) 敏 / 體 平均	12.收集品交換	"1,061,000"	"53,050"	2		pc03_pelvis_0050			100	0	167	0	11	9	0	0	0	0	0	0	0	0	0	0	0	0	0	0	0	0	0	0	0	0	0	0	0	13.防禦力 - Defence	4096	21001	2	6021001	190	42.63	"8,100"	6.55
	828	5000	夜叉手杖	55	3.孫二娘	04.武器	06.藍	00.無	(2) 體 / 智 平均	12.收集品交換	"1,990,000"	"99,500"	3		pc03_weapon_0050			100	1158	0	0	0	9	13	0	0	0	0	0	0	0	0	0	0	0	0	0	0	0	0	0	0	0	0	0	0	12.攻擊力 - Attack	2048	11001	2	6011001	410	37.06	"15,195"	6.55
	829	5000	幽魂帽	60	3.孫二娘	01.帽子	03.灰	00.無	(0) 無	07.怪物掉寶	"1,407,000"	"70,350"	0		pc03_hat_0051			100	0	102	0	0	0	0	0	0	0	0	0	0	0	0	0	0	0	0	0	0	0	0	0	0	0	0	0	0	13.防禦力 - Defence	4096	21001	1	6021001	200	44.82	"8,964"	7.848
	830	5000	幽魂衣	60	3.孫二娘	02.上衣	03.灰	00.無	(0) 無	07.怪物掉寶	"1,809,000"	"90,450"	1		pc03_torso_0051			100	0	219	0	0	0	0	0	0	0	0	0	0	0	0	0	0	0	0	0	0	0	0	0	0	0	0	0	0	13.防禦力 - Defence	4096	21001	1	6021001	200	57.63	"11,526"	7.848
	831	5000	幽魂鞋	60	3.孫二娘	03.褲子	03.灰	00.無	(0) 無	07.怪物掉寶	"1,608,000"	"80,400"	2		pc03_pelvis_0051			100	0	128	0	0	0	0	0	0	0	0	0	0	0	0	0	0	0	0	0	0	0	0	0	0	0	0	0	0	13.防禦力 - Defence	4096	21001	1	6021001	200	51.23	"10,246"	7.848
	832	5000	幽魂手杖	60	3.孫二娘	04.武器	03.灰	00.無	(0) 無	07.怪物掉寶	"3,015,000"	"150,750"	3		pc03_weapon_0051			100	882	0	0	0	0	0	0	0	0	0	0	0	0	0	0	0	0	0	0	0	0	0	0	0	0	0	0	0	12.攻擊力 - Attack	2048	11001	1	6011001	420	45.74	"19,211"	7.848
	833	5000	惡魔帽	60	3.孫二娘	01.帽子	04.白	00.無	(0) 無	03.商店購買	"1,407,000"	"140,700"	0		pc03_hat_0051			100	0	128	0	0	0	0	0	0	0	0	0	0	0	0	0	0	0	0	0	0	0	0	0	0	0	0	0	0	13.防禦力 - Defence	4096	21001	1	6021001	180	49.8	"8,964"	7.848
	834	5000	惡魔衣	60	3.孫二娘	02.上衣	04.白	00.無	(0) 無	03.商店購買	"1,809,000"	"180,900"	1		pc03_torso_0051			100	0	274	0	0	0	0	0	0	0	0	0	0	0	0	0	0	0	0	0	0	0	0	0	0	0	0	0	0	13.防禦力 - Defence	4096	21001	1	6021001	180	64.03	"11,526"	7.848
	835	5000	惡魔鞋	60	3.孫二娘	03.褲子	04.白	00.無	(0) 無	03.商店購買	"1,608,000"	"160,800"	2		pc03_pelvis_0051			100	0	159	0	0	0	0	0	0	0	0	0	0	0	0	0	0	0	0	0	0	0	0	0	0	0	0	0	0	13.防禦力 - Defence	4096	21001	1	6021001	180	56.92	"10,246"	7.848
	836	5000	惡魔手杖	60	3.孫二娘	04.武器	04.白	00.無	(0) 無	03.商店購買	"3,015,000"	"301,500"	3		pc03_weapon_0051			100	1103	0	0	0	0	0	0	0	0	0	0	0	0	0	0	0	0	0	0	0	0	0	0	0	0	0	0	0	12.攻擊力 - Attack	2048	11001	1	6011001	380	50.55	"19,209"	7.848
	837	5000	夢靨帽	60	3.孫二娘	01.帽子	05.綠	00.無	(1) 智慧	07.怪物掉寶	"1,407,000"	"70,350"	0		pc03_hat_0051			100	0	128	0	0	0	16	0	0	0	0	0	0	0	0	0	0	0	0	0	0	0	0	0	0	0	0	0	0	13.防禦力 - Defence	4096	21001	2	6021001	190	47.18	"8,965"	7.848
	838	5000	夢靨衣	60	3.孫二娘	02.上衣	05.綠	00.無	(1) 最大 HP	07.怪物掉寶	"1,809,000"	"90,450"	1		pc03_torso_0051			100	0	275	0	0	0	0	0	0	0	0	0	0	0	0	0	0	0	0	230	0	0	0	0	0	0	0	0	0	13.防禦力 - Defence	4096	21001	2	6021001	190	60.66	"11,526"	7.848
	839	5000	夢靨鞋	60	3.孫二娘	03.褲子	05.綠	00.無	(1) 敏捷	07.怪物掉寶	"1,608,000"	"80,400"	2		pc03_pelvis_0051			100	0	160	0	14	0	0	0	0	0	0	0	0	0	0	0	0	0	0	0	0	0	0	0	0	0	0	0	0	13.防禦力 - Defence	4096	21001	2	6021001	190	53.92	"10,245"	7.848
	840	5000	夢靨手杖	60	3.孫二娘	04.武器	05.綠	00.無	(1) 體能	07.怪物掉寶	"3,015,000"	"150,750"	3		pc03_weapon_0051			100	1202	0	0	0	11	0	0	0	0	0	0	0	0	0	0	0	0	0	0	0	0	0	0	0	0	0	0	0	12.攻擊力 - Attack	2048	11001	2	6011001	400	48.03	"19,212"	7.848
	841	5000	嗜血帽	60	3.孫二娘	01.帽子	06.藍	00.無	(2) 敏 / 智 平均	12.收集品交換	"1,407,000"	"70,350"	0		pc03_hat_0051			100	0	147	0	12	0	14	0	0	0	0	0	0	0	0	0	0	0	0	0	0	0	0	0	0	0	0	0	0	13.防禦力 - Defence	4096	21001	2	6021001	190	47.18	"8,965"	7.848
	842	5000	嗜血衣	60	3.孫二娘	02.上衣	06.藍	00.無	(2) HP / 敏	12.收集品交換	"1,809,000"	"90,450"	1		pc03_torso_0051			100	0	317	0	11	0	0	0	0	0	0	0	0	0	0	0	0	0	0	200	0	0	0	0	0	0	0	0	0	13.防禦力 - Defence	4096	21001	2	6021001	190	60.66	"11,526"	7.848
	843	5000	嗜血鞋	60	3.孫二娘	03.褲子	06.藍	00.無	(2) 敏 / 體 平均	12.收集品交換	"1,608,000"	"80,400"	2		pc03_pelvis_0051			100	0	184	0	12	10	0	0	0	0	0	0	0	0	0	0	0	0	0	0	0	0	0	0	0	0	0	0	0	13.防禦力 - Defence	4096	21001	2	6021001	190	53.92	"10,245"	7.848
	844	5000	嗜血手杖	60	3.孫二娘	04.武器	06.藍	00.無	(2) 體 / 智 平均	12.收集品交換	"3,015,000"	"150,750"	3		pc03_weapon_0051			100	1374	0	0	0	10	14	0	0	0	0	0	0	0	0	0	0	0	0	0	0	0	0	0	0	0	0	0	0	12.攻擊力 - Attack	2048	11001	2	6011001	410	46.85	"19,209"	7.848
	845	5000	鬱金香帽	55	3.孫二娘	01.帽子	07.紫	00.無	(3) MP / 敏 / 智	07.怪物掉寶	"929,000"	"46,450"	0		pc03_hat_0052			100	0	147	0	10	0	12	0	0	0	0	0	0	0	0	0	0	0	0	0	600	0	0	0	0	0	0	0	0	13.防禦力 - Defence	4096	21001	3	6021001	200	35.46	"7,092"	6.55
	846	5000	鬱金香帽	55	3.孫二娘	02.上衣	07.紫	00.無	(3) HP / 敏 / 智	07.怪物掉寶	"1,194,000"	"59,700"	1		pc03_torso_0052			100	0	317	0	10	0	12	0	0	0	0	0	0	0	0	0	0	0	0	160	0	0	0	0	0	0	0	0	0	13.防禦力 - Defence	4096	21001	3	6021001	200	45.58	"9,116"	6.55
	847	5000	鬱金香	55	3.孫二娘	03.褲子	07.紫	00.無	(3) MP / 敏 / 體	07.怪物掉寶	"1,061,000"	"53,050"	2		pc03_pelvis_0052			100	0	184	0	10	8	0	0	0	0	0	0	0	0	0	0	0	0	0	0	300	0	0	0	0	0	0	0	0	13.防禦力 - Defence	4096	21001	3	6021001	200	40.5	"8,100"	6.55
	848	5000	鬱金香帽	55	3.孫二娘	04.武器	07.紫	00.無	(3) HP / 體 / 智	07.怪物掉寶	"1,990,000"	"99,500"	3		pc03_weapon_0052			100	1374	0	0	0	8	12	0	0	0	0	0	0	0	0	0	0	0	0	80	0	0	0	0	0	0	0	0	0	12.攻擊力 - Attack	2048	11001	3	6011001	420	36.17	"15,192"	6.55
	849	5000	塵埃法帽	65	3.孫二娘	01.帽子	03.灰	00.無	(0) 無	07.怪物掉寶	"2,090,000"	"104,500"	0		pc03_hat_0060			100	0	112	0	0	0	0	0	0	0	0	0	0	0	0	0	0	0	0	0	0	0	0	0	0	0	0	0	0	13.防禦力 - Defence	4096	21001	1	8021001	200	55.91	"11,182"	9.346
	850	5000	塵埃法衣	65	3.孫二娘	02.上衣	03.灰	00.無	(0) 無	07.怪物掉寶	"2,680,000"	"134,000"	1		pc03_torso_0060			100	0	242	0	0	0	0	0	0	0	0	0	0	0	0	0	0	0	0	0	0	0	0	0	0	0	0	0	0	13.防禦力 - Defence	4096	21001	1	8021001	200	71.7	"14,340"	9.346
	851	5000	塵埃草鞋	65	3.孫二娘	03.褲子	03.灰	00.無	(0) 無	07.怪物掉寶	"2,390,000"	"119,500"	2		pc03_pelvis_0060			100	0	140	0	0	0	0	0	0	0	0	0	0	0	0	0	0	0	0	0	0	0	0	0	0	0	0	0	0	13.防禦力 - Defence	4096	21001	1	8021001	200	63.94	"12,788"	9.346
	852	5000	塵埃手杖	65	3.孫二娘	04.武器	03.灰	00.無	(0) 無	07.怪物掉寶	"4,470,000"	"223,500"	3		pc03_weapon_0060			100	1047	0	0	0	0	0	0	0	0	0	0	0	0	0	0	0	0	0	0	0	0	0	0	0	0	0	0	0	12.攻擊力 - Attack	2048	11001	1	8011001	420	56.94	"23,915"	9.346
	853	5000	草薙法帽	65	3.孫二娘	01.帽子	04.白	00.無	(0) 無	03.商店購買	"2,090,000"	"209,000"	0		pc03_hat_0060			100	0	140	0	0	0	0	0	0	0	0	0	0	0	0	0	0	0	0	0	0	0	0	0	0	0	0	0	0	13.防禦力 - Defence	4096	21001	1	8021001	180	62.12	"11,182"	9.346
	854	5000	草薙法衣	65	3.孫二娘	02.上衣	04.白	00.無	(0) 無	03.商店購買	"2,680,000"	"268,000"	1		pc03_torso_0060			100	0	302	0	0	0	0	0	0	0	0	0	0	0	0	0	0	0	0	0	0	0	0	0	0	0	0	0	0	13.防禦力 - Defence	4096	21001	1	8021001	180	79.66	"14,339"	9.346
	855	5000	草薙草鞋	65	3.孫二娘	03.褲子	04.白	00.無	(0) 無	03.商店購買	"2,390,000"	"239,000"	2		pc03_pelvis_0060			100	0	176	0	0	0	0	0	0	0	0	0	0	0	0	0	0	0	0	0	0	0	0	0	0	0	0	0	0	13.防禦力 - Defence	4096	21001	1	8021001	180	71.04	"12,788"	9.346
	856	5000	草薙手杖	65	3.孫二娘	04.武器	04.白	00.無	(0) 無	03.商店購買	"4,470,000"	"447,000"	3		pc03_weapon_0060			100	1309	0	0	0	0	0	0	0	0	0	0	0	0	0	0	0	0	0	0	0	0	0	0	0	0	0	0	0	12.攻擊力 - Attack	2048	11001	1	8011001	380	62.94	"23,918"	9.346
	857	5000	弦月法帽	65	3.孫二娘	01.帽子	05.綠	00.無	(1) 智慧	07.怪物掉寶	"2,090,000"	"104,500"	0		pc03_hat_0060			100	0	139	0	0	0	17	0	0	0	0	0	0	0	0	0	0	0	0	0	0	0	0	0	0	0	0	0	0	13.防禦力 - Defence	4096	21001	2	8021001	190	58.85	"11,182"	9.346
	858	5000	弦月法衣	65	3.孫二娘	02.上衣	05.綠	00.無	(1) 最大 HP	07.怪物掉寶	"2,680,000"	"134,000"	1		pc03_torso_0060			100	0	300	0	0	0	0	0	0	0	0	0	0	0	0	0	0	0	0	240	0	0	0	0	0	0	0	0	0	13.防禦力 - Defence	4096	21001	2	8021001	190	75.47	"14,340"	9.346
	859	5000	弦月草鞋	65	3.孫二娘	03.褲子	05.綠	00.無	(1) 敏捷	07.怪物掉寶	"2,390,000"	"119,500"	2		pc03_pelvis_0060			100	0	174	0	15	0	0	0	0	0	0	0	0	0	0	0	0	0	0	0	0	0	0	0	0	0	0	0	0	13.防禦力 - Defence	4096	21001	2	8021001	190	67.3	"12,787"	9.346
	860	5000	弦月手杖	65	3.孫二娘	04.武器	05.綠	00.無	(1) 體能	07.怪物掉寶	"4,470,000"	"223,500"	3		pc03_weapon_0060			100	1422	0	0	0	12	0	0	0	0	0	0	0	0	0	0	0	0	0	0	0	0	0	0	0	0	0	0	0	12.攻擊力 - Attack	2048	11001	2	8011001	400	59.79	"23,916"	9.346
	861	5000	蒼天法帽	65	3.孫二娘	01.帽子	06.藍	00.無	(2) 敏 / 智 平均	12.收集品交換	"2,090,000"	"104,500"	0		pc03_hat_0060			100	0	161	0	13	0	15	0	0	0	0	0	0	0	0	0	0	0	0	0	0	0	0	0	0	0	0	0	0	13.防禦力 - Defence	4096	21001	2	8021001	190	58.85	"11,182"	9.346
	862	5000	蒼天法衣	65	3.孫二娘	02.上衣	06.藍	00.無	(2) HP / 敏	12.收集品交換	"2,680,000"	"134,000"	1		pc03_torso_0060			100	0	346	0	12	0	0	0	0	0	0	0	0	0	0	0	0	0	0	210	0	0	0	0	0	0	0	0	0	13.防禦力 - Defence	4096	21001	2	8021001	190	75.47	"14,340"	9.346
	863	5000	蒼天草鞋	65	3.孫二娘	03.褲子	06.藍	00.無	(2) 敏 / 體 平均	12.收集品交換	"2,390,000"	"119,500"	2		pc03_pelvis_0060			100	0	201	0	13	10	0	0	0	0	0	0	0	0	0	0	0	0	0	0	0	0	0	0	0	0	0	0	0	13.防禦力 - Defence	4096	21001	2	8021001	190	67.3	"12,787"	9.346
	864	5000	蒼天手杖	65	3.孫二娘	04.武器	06.藍	00.無	(2) 體 / 智 平均	12.收集品交換	"4,470,000"	"223,500"	3		pc03_weapon_0060			100	1624	0	0	0	10	15	0	0	0	0	0	0	0	0	0	0	0	0	0	0	0	0	0	0	0	0	0	0	12.攻擊力 - Attack	2048	11001	2	8011001	410	58.33	"23,916"	9.346
	865	5000	斑狼法帽	70	3.孫二娘	01.帽子	03.灰	00.無	(0) 無	07.怪物掉寶	"2,380,000"	"119,000"	0		pc03_hat_0061			100	0	122	0	0	0	0	0	0	0	0	0	0	0	0	0	0	0	0	0	0	0	0	0	0	0	0	0	0	13.防禦力 - Defence	4096	21001	1	8021001	200	53.54	"10,708"	11.114
	866	5000	斑狼法衣	70	3.孫二娘	02.上衣	03.灰	00.無	(0) 無	07.怪物掉寶	"3,060,000"	"153,000"	1		pc03_torso_0061			100	0	263	0	0	0	0	0	0	0	0	0	0	0	0	0	0	0	0	0	0	0	0	0	0	0	0	0	0	13.防禦力 - Defence	4096	21001	1	8021001	200	68.84	"13,768"	11.114
	867	5000	斑狼草鞋	70	3.孫二娘	03.褲子	03.灰	00.無	(0) 無	07.怪物掉寶	"2,720,000"	"136,000"	2		pc03_pelvis_0061			100	0	153	0	0	0	0	0	0	0	0	0	0	0	0	0	0	0	0	0	0	0	0	0	0	0	0	0	0	13.防禦力 - Defence	4096	21001	1	8021001	200	61.19	"12,238"	11.114
	868	5000	斑狼手杖	70	3.孫二娘	04.武器	03.灰	00.無	(0) 無	07.怪物掉寶	"5,090,000"	"254,500"	3		pc03_weapon_0061			100	1237	0	0	0	0	0	0	0	0	0	0	0	0	0	0	0	0	0	0	0	0	0	0	0	0	0	0	0	12.攻擊力 - Attack	2048	11001	1	8011001	420	54.53	"22,903"	11.114
	869	5000	虎紋法帽	70	3.孫二娘	01.帽子	04.白	00.無	(0) 無	03.商店購買	"2,380,000"	"238,000"	0		pc03_hat_0061			100	0	153	0	0	0	0	0	0	0	0	0	0	0	0	0	0	0	0	0	0	0	0	0	0	0	0	0	0	13.防禦力 - Defence	4096	21001	1	8021001	180	59.49	"10,709"	11.114
	870	5000	虎紋法衣	70	3.孫二娘	02.上衣	04.白	00.無	(0) 無	03.商店購買	"3,060,000"	"306,000"	1		pc03_torso_0061			100	0	329	0	0	0	0	0	0	0	0	0	0	0	0	0	0	0	0	0	0	0	0	0	0	0	0	0	0	13.防禦力 - Defence	4096	21001	1	8021001	180	76.49	"13,769"	11.114
	871	5000	虎紋草鞋	70	3.孫二娘	03.褲子	04.白	00.無	(0) 無	03.商店購買	"2,720,000"	"272,000"	2		pc03_pelvis_0061			100	0	191	0	0	0	0	0	0	0	0	0	0	0	0	0	0	0	0	0	0	0	0	0	0	0	0	0	0	13.防禦力 - Defence	4096	21001	1	8021001	180	67.99	"12,239"	11.114
	872	5000	虎紋手杖	70	3.孫二娘	04.武器	04.白	00.無	(0) 無	03.商店購買	"5,090,000"	"509,000"	3		pc03_weapon_0061			100	1546	0	0	0	0	0	0	0	0	0	0	0	0	0	0	0	0	0	0	0	0	0	0	0	0	0	0	0	12.攻擊力 - Attack	2048	11001	1	8011001	380	60.27	"22,903"	11.114
	873	5000	迅豹法帽	70	3.孫二娘	01.帽子	05.綠	00.無	(1) 智慧	07.怪物掉寶	"2,380,000"	"119,000"	0		pc03_hat_0061			100	0	151	0	0	0	18	0	0	0	0	0	0	0	0	0	0	0	0	0	0	0	0	0	0	0	0	0	0	13.防禦力 - Defence	4096	21001	2	8021001	190	56.36	"10,709"	11.114
	874	5000	迅豹法衣	70	3.孫二娘	02.上衣	05.綠	00.無	(1) 最大 HP	07.怪物掉寶	"3,060,000"	"153,000"	1		pc03_torso_0061			100	0	324	0	0	0	0	0	0	0	0	0	0	0	0	0	0	0	0	260	0	0	0	0	0	0	0	0	0	13.防禦力 - Defence	4096	21001	2	8021001	190	72.46	"13,768"	11.114
	875	5000	迅豹草鞋	70	3.孫二娘	03.褲子	05.綠	00.無	(1) 敏捷	07.怪物掉寶	"2,720,000"	"136,000"	2		pc03_pelvis_0061			100	0	188	0	16	0	0	0	0	0	0	0	0	0	0	0	0	0	0	0	0	0	0	0	0	0	0	0	0	13.防禦力 - Defence	4096	21001	2	8021001	190	64.41	"12,238"	11.114
	876	5000	迅豹手杖	70	3.孫二娘	04.武器	05.綠	00.無	(1) 體能	07.怪物掉寶	"5,090,000"	"254,500"	3		pc03_weapon_0061			100	1676	0	0	0	13	0	0	0	0	0	0	0	0	0	0	0	0	0	0	0	0	0	0	0	0	0	0	0	12.攻擊力 - Attack	2048	11001	2	8011001	400	57.25	"22,900"	11.114
	877	5000	鬼紋斑法帽	70	3.孫二娘	01.帽子	06.藍	00.無	(2) 敏 / 智 平均	12.收集品交換	"2,380,000"	"119,000"	0		pc03_hat_0061			100	0	173	0	14	0	16	0	0	0	0	0	0	0	0	0	0	0	0	0	0	0	0	0	0	0	0	0	0	13.防禦力 - Defence	4096	21001	2	8021001	190	56.36	"10,709"	11.114
	878	5000	鬼紋斑法衣	70	3.孫二娘	02.上衣	06.藍	00.無	(2) HP / 敏	12.收集品交換	"3,060,000"	"153,000"	1		pc03_torso_0061			100	0	372	0	13	0	0	0	0	0	0	0	0	0	0	0	0	0	0	230	0	0	0	0	0	0	0	0	0	13.防禦力 - Defence	4096	21001	2	8021001	190	72.46	"13,768"	11.114
	879	5000	鬼紋斑草鞋	70	3.孫二娘	03.褲子	06.藍	00.無	(2) 敏 / 體 平均	12.收集品交換	"2,720,000"	"136,000"	2		pc03_pelvis_0061			100	0	217	0	14	11	0	0	0	0	0	0	0	0	0	0	0	0	0	0	0	0	0	0	0	0	0	0	0	13.防禦力 - Defence	4096	21001	2	8021001	190	64.41	"12,238"	11.114
	880	5000	鬼紋斑手杖	70	3.孫二娘	04.武器	06.藍	00.無	(2) 體 / 智 平均	12.收集品交換	"5,090,000"	"254,500"	3		pc03_weapon_0061			100	1910	0	0	0	11	16	0	0	0	0	0	0	0	0	0	0	0	0	0	0	0	0	0	0	0	0	0	0	12.攻擊力 - Attack	2048	11001	2	8011001	410	55.86	"22,903"	11.114
	881	5000	異國法帽	75	3.孫二娘	01.帽子	03.灰	00.無	(0) 無	07.怪物掉寶	0	0	0		pc03_hat_0070			100	0	132	0	0	0	0	0	0	0	0	0	0	0	0	0	0	0	0	0	0	0	0	0	0	0	0	0	0	13.防禦力 - Defence	4096	21001	1	8021001	200	0	0	0
	882	5000	異國法衣	75	3.孫二娘	02.上衣	03.灰	00.無	(0) 無	07.怪物掉寶	0	0	1		pc03_torso_0070			100	0	284	0	0	0	0	0	0	0	0	0	0	0	0	0	0	0	0	0	0	0	0	0	0	0	0	0	0	13.防禦力 - Defence	4096	21001	1	8021001	200	0	0	0
	883	5000	異國草鞋	75	3.孫二娘	03.褲子	03.灰	00.無	(0) 無	07.怪物掉寶	0	0	2		pc03_pelvis_0070			100	0	165	0	0	0	0	0	0	0	0	0	0	0	0	0	0	0	0	0	0	0	0	0	0	0	0	0	0	13.防禦力 - Defence	4096	21001	1	8021001	200	0	0	0
	884	5000	異國手杖	75	3.孫二娘	04.武器	03.灰	00.無	(0) 無	07.怪物掉寶	0	0	3		pc03_weapon_0070			100	1455	0	0	0	0	0	0	0	0	0	0	0	0	0	0	0	0	0	0	0	0	0	0	0	0	0	0	0	12.攻擊力 - Attack	2048	11001	1	8011001	420	0	0	0
	885	5000	煙雨法帽	75	3.孫二娘	01.帽子	04.白	00.無	(0) 無	03.商店購買	0	0	0		pc03_hat_0070			100	0	165	0	0	0	0	0	0	0	0	0	0	0	0	0	0	0	0	0	0	0	0	0	0	0	0	0	0	13.防禦力 - Defence	4096	21001	1	8021001	180	0	0	0
	886	5000	煙雨法衣	75	3.孫二娘	02.上衣	04.白	00.無	(0) 無	03.商店購買	0	0	1		pc03_torso_0070			100	0	355	0	0	0	0	0	0	0	0	0	0	0	0	0	0	0	0	0	0	0	0	0	0	0	0	0	0	13.防禦力 - Defence	4096	21001	1	8021001	180	0	0	0
	887	5000	煙雨草鞋	75	3.孫二娘	03.褲子	04.白	00.無	(0) 無	03.商店購買	0	0	2		pc03_pelvis_0070			100	0	206	0	0	0	0	0	0	0	0	0	0	0	0	0	0	0	0	0	0	0	0	0	0	0	0	0	0	13.防禦力 - Defence	4096	21001	1	8021001	180	0	0	0
	888	5000	煙雨手杖	75	3.孫二娘	04.武器	04.白	00.無	(0) 無	03.商店購買	0	0	3		pc03_weapon_0070			100	1819	0	0	0	0	0	0	0	0	0	0	0	0	0	0	0	0	0	0	0	0	0	0	0	0	0	0	0	12.攻擊力 - Attack	2048	11001	1	8011001	380	0	0	0
	889	5000	玉露法帽	75	3.孫二娘	01.帽子	05.綠	00.無	(1) 智慧	07.怪物掉寶	0	0	0		pc03_hat_0070			100	0	178	0	0	0	20	0	0	0	0	0	0	0	0	0	0	0	0	0	0	0	0	0	0	0	0	0	0	13.防禦力 - Defence	4096	21001	2	8021001	190	0	0	0
	890	5000	玉露法衣	75	3.孫二娘	02.上衣	05.綠	00.無	(1) 最大 HP	07.怪物掉寶	0	0	1		pc03_torso_0070			100	0	383	0	0	0	0	0	0	0	0	0	0	0	0	0	0	0	0	280	0	0	0	0	0	0	0	0	0	13.防禦力 - Defence	4096	21001	2	8021001	190	0	0	0
	891	5000	玉露草鞋	75	3.孫二娘	03.褲子	05.綠	00.無	(1) 敏捷	07.怪物掉寶	0	0	2		pc03_pelvis_0070			100	0	223	0	17	0	0	0	0	0	0	0	0	0	0	0	0	0	0	0	0	0	0	0	0	0	0	0	0	13.防禦力 - Defence	4096	21001	2	8021001	190	0	0	0
	892	5000	玉露手杖	75	3.孫二娘	04.武器	05.綠	00.無	(1) 體能	07.怪物掉寶	0	0	3		pc03_weapon_0070			100	1966	0	0	0	14	0	0	0	0	0	0	0	0	0	0	0	0	0	0	0	0	0	0	0	0	0	0	0	12.攻擊力 - Attack	2048	11001	2	8011001	400	0	0	0
	893	5000	水月法帽	75	3.孫二娘	01.帽子	06.藍	00.無	(2) 敏 / 智 平均	12.收集品交換	0	0	0		pc03_hat_0070			100	0	205	0	14	0	17	0	0	0	0	0	0	0	0	0	0	0	0	0	0	0	0	0	0	0	0	0	0	13.防禦力 - Defence	4096	21001	2	8021001	190	0	0	0
	894	5000	水月法衣	75	3.孫二娘	02.上衣	06.藍	00.無	(2) HP / 敏	12.收集品交換	0	0	1		pc03_torso_0070			100	0	440	0	14	0	0	0	0	0	0	0	0	0	0	0	0	0	0	240	0	0	0	0	0	0	0	0	0	13.防禦力 - Defence	4096	21001	2	8021001	190	0	0	0
	895	5000	水月草鞋	75	3.孫二娘	03.褲子	06.藍	00.無	(2) 敏 / 體 平均	12.收集品交換	0	0	2		pc03_pelvis_0070			100	0	256	0	14	12	0	0	0	0	0	0	0	0	0	0	0	0	0	0	0	0	0	0	0	0	0	0	0	13.防禦力 - Defence	4096	21001	2	8021001	190	0	0	0
	896	5000	水月手杖	75	3.孫二娘	04.武器	06.藍	00.無	(2) 體 / 智 平均	12.收集品交換	0	0	3		pc03_weapon_0070			100	2237	0	0	0	12	17	0	0	0	0	0	0	0	0	0	0	0	0	0	0	0	0	0	0	0	0	0	0	12.攻擊力 - Attack	2048	11001	2	8011001	410	0	0	0
	897	5000	召鬼法帽	80	3.孫二娘	01.帽子	03.灰	00.無	(0) 無	07.怪物掉寶	0	0	0		pc03_hat_0071			100	0	156	0	0	0	0	0	0	0	0	0	0	0	0	0	0	0	0	0	0	0	0	0	0	0	0	0	0	13.防禦力 - Defence	4096	21001	1	8021001	200	0	0	0
	898	5000	召鬼法衣	80	3.孫二娘	02.上衣	03.灰	00.無	(0) 無	07.怪物掉寶	0	0	1		pc03_torso_0071			100	0	335	0	0	0	0	0	0	0	0	0	0	0	0	0	0	0	0	0	0	0	0	0	0	0	0	0	0	13.防禦力 - Defence	4096	21001	1	8021001	200	0	0	0
	899	5000	召鬼草鞋	80	3.孫二娘	03.褲子	03.灰	00.無	(0) 無	07.怪物掉寶	0	0	2		pc03_pelvis_0071			100	0	195	0	0	0	0	0	0	0	0	0	0	0	0	0	0	0	0	0	0	0	0	0	0	0	0	0	0	13.防禦力 - Defence	4096	21001	1	8021001	200	0	0	0
	900	5000	召鬼手杖	80	3.孫二娘	04.武器	03.灰	00.無	(0) 無	07.怪物掉寶	0	0	3		pc03_weapon_0071			100	1704	0	0	0	0	0	0	0	0	0	0	0	0	0	0	0	0	0	0	0	0	0	0	0	0	0	0	0	12.攻擊力 - Attack	2048	11001	1	8011001	420	0	0	0
	901	5000	破邪法帽	80	3.孫二娘	01.帽子	04.白	00.無	(0) 無	03.商店購買	0	0	0		pc03_hat_0071			100	0	195	0	0	0	0	0	0	0	0	0	0	0	0	0	0	0	0	0	0	0	0	0	0	0	0	0	0	13.防禦力 - Defence	4096	21001	1	8021001	180	0	0	0
	902	5000	破邪法衣	80	3.孫二娘	02.上衣	04.白	00.無	(0) 無	03.商店購買	0	0	1		pc03_torso_0071			100	0	419	0	0	0	0	0	0	0	0	0	0	0	0	0	0	0	0	0	0	0	0	0	0	0	0	0	0	13.防禦力 - Defence	4096	21001	1	8021001	180	0	0	0
	903	5000	破邪草鞋	80	3.孫二娘	03.褲子	04.白	00.無	(0) 無	03.商店購買	0	0	2		pc03_pelvis_0071			100	0	244	0	0	0	0	0	0	0	0	0	0	0	0	0	0	0	0	0	0	0	0	0	0	0	0	0	0	13.防禦力 - Defence	4096	21001	1	8021001	180	0	0	0
	904	5000	破邪手杖	80	3.孫二娘	04.武器	04.白	00.無	(0) 無	03.商店購買	0	0	3		pc03_weapon_0071			100	2130	0	0	0	0	0	0	0	0	0	0	0	0	0	0	0	0	0	0	0	0	0	0	0	0	0	0	0	12.攻擊力 - Attack	2048	11001	1	8011001	380	0	0	0
	905	5000	除魔法帽	80	3.孫二娘	01.帽子	05.綠	00.無	(1) 智慧	07.怪物掉寶	0	0	0		pc03_hat_0071			100	0	210	0	0	0	21	0	0	0	0	0	0	0	0	0	0	0	0	0	0	0	0	0	0	0	0	0	0	13.防禦力 - Defence	4096	21001	2	8021001	190	0	0	0
	906	5000	除魔法衣	80	3.孫二娘	02.上衣	05.綠	00.無	(1) 最大 HP	07.怪物掉寶	0	0	1		pc03_torso_0071			100	0	451	0	0	0	0	0	0	0	0	0	0	0	0	0	0	0	0	290	0	0	0	0	0	0	0	0	0	13.防禦力 - Defence	4096	21001	2	8021001	190	0	0	0
	907	5000	除魔草鞋	80	3.孫二娘	03.褲子	05.綠	00.無	(1) 敏捷	07.怪物掉寶	0	0	2		pc03_pelvis_0071			100	0	262	0	17	0	0	0	0	0	0	0	0	0	0	0	0	0	0	0	0	0	0	0	0	0	0	0	0	13.防禦力 - Defence	4096	21001	2	8021001	190	0	0	0
	908	5000	除魔手杖	80	3.孫二娘	04.武器	05.綠	00.無	(1) 體能	07.怪物掉寶	0	0	3		pc03_weapon_0071			100	2298	0	0	0	14	0	0	0	0	0	0	0	0	0	0	0	0	0	0	0	0	0	0	0	0	0	0	0	12.攻擊力 - Attack	2048	11001	2	8011001	400	0	0	0
	909	5000	百鬼法帽	80	3.孫二娘	01.帽子	06.藍	00.無	(2) 敏 / 智 平均	12.收集品交換	0	0	0		pc03_hat_0071			100	0	241	0	15	0	18	0	0	0	0	0	0	0	0	0	0	0	0	0	0	0	0	0	0	0	0	0	0	13.防禦力 - Defence	4096	21001	2	8021001	190	0	0	0
	910	5000	百鬼法衣	80	3.孫二娘	02.上衣	06.藍	00.無	(2) HP / 敏	12.收集品交換	0	0	1		pc03_torso_0071			100	0	517	0	14	0	0	0	0	0	0	0	0	0	0	0	0	0	0	250	0	0	0	0	0	0	0	0	0	13.防禦力 - Defence	4096	21001	2	8021001	190	0	0	0
	911	5000	百鬼草鞋	80	3.孫二娘	03.褲子	06.藍	00.無	(2) 敏 / 體 平均	12.收集品交換	0	0	2		pc03_pelvis_0071			100	0	301	0	15	12	0	0	0	0	0	0	0	0	0	0	0	0	0	0	0	0	0	0	0	0	0	0	0	13.防禦力 - Defence	4096	21001	2	8021001	190	0	0	0
	912	5000	百鬼手杖	80	3.孫二娘	04.武器	06.藍	00.無	(2) 體 / 智 平均	12.收集品交換	0	0	3		pc03_weapon_0071			100	2611	0	0	0	12	18	0	0	0	0	0	0	0	0	0	0	0	0	0	0	0	0	0	0	0	0	0	0	12.攻擊力 - Attack	2048	11001	2	8011001	410	0	0	0
	913	5000	巫女帽	80	3.孫二娘	01.帽子	07.紫	00.無	(3) MP / 敏 / 智	07.怪物掉寶	0	0	0		pc03_hat_0072			100	0	281	0	13	0	15	0	0	0	0	0	0	0	0	0	0	0	0	0	800	0	0	0	0	0	0	0	0	13.防禦力 - Defence	4096	21001	3	8021001	200	0	0	0
	914	5000	巫女袍	80	3.孫二娘	02.上衣	07.紫	00.無	(3) HP / 敏 / 智	07.怪物掉寶	0	0	1		pc03_torso_0072			100	0	605	0	13	0	15	0	0	0	0	0	0	0	0	0	0	0	0	220	0	0	0	0	0	0	0	0	0	13.防禦力 - Defence	4096	21001	3	8021001	200	0	0	0
	915	5000	巫女草鞋	80	3.孫二娘	03.褲子	07.紫	00.無	(3) MP / 敏 / 體	07.怪物掉寶	0	0	2		pc03_pelvis_0072			100	0	352	0	13	11	0	0	0	0	0	0	0	0	0	0	0	0	0	0	400	0	0	0	0	0	0	0	0	13.防禦力 - Defence	4096	21001	3	8021001	200	0	0	0
	916	5000	巫女手杖	80	3.孫二娘	04.武器	07.紫	00.無	(3) HP / 體 / 智	07.怪物掉寶	0	0	3		pc03_weapon_0072			100	3039	0	0	0	11	15	0	0	0	0	0	0	0	0	0	0	0	0	110	0	0	0	0	0	0	0	0	0	12.攻擊力 - Attack	2048	11001	3	8011001	420	0	0	0
	917	5000	算命法帽	85	3.孫二娘	01.帽子	03.灰	00.無	(0) 無	07.怪物掉寶	0	0	0		pc03_hat_0080			100	0	183	0	0	0	0	0	0	0	0	0	0	0	0	0	0	0	0	0	0	0	0	0	0	0	0	0	0	13.防禦力 - Defence	4096	21001	1	10021001	200	0	0	0
	918	5000	算命法衣	85	3.孫二娘	02.上衣	03.灰	00.無	(0) 無	07.怪物掉寶	0	0	1		pc03_torso_0080			100	0	394	0	0	0	0	0	0	0	0	0	0	0	0	0	0	0	0	0	0	0	0	0	0	0	0	0	0	13.防禦力 - Defence	4096	21001	1	10021001	200	0	0	0
	919	5000	算命草鞋	85	3.孫二娘	03.褲子	03.灰	00.無	(0) 無	07.怪物掉寶	0	0	2		pc03_pelvis_0080			100	0	229	0	0	0	0	0	0	0	0	0	0	0	0	0	0	0	0	0	0	0	0	0	0	0	0	0	0	13.防禦力 - Defence	4096	21001	1	10021001	200	0	0	0
	920	5000	算命手杖	85	3.孫二娘	04.武器	03.灰	00.無	(0) 無	07.怪物掉寶	0	0	3		pc03_weapon_0080			100	1989	0	0	0	0	0	0	0	0	0	0	0	0	0	0	0	0	0	0	0	0	0	0	0	0	0	0	0	12.攻擊力 - Attack	2048	11001	1	10011001	420	0	0	0
	921	5000	招魂法帽	85	3.孫二娘	01.帽子	04.白	00.無	(0) 無	03.商店購買	0	0	0		pc03_hat_0080			100	0	229	0	0	0	0	0	0	0	0	0	0	0	0	0	0	0	0	0	0	0	0	0	0	0	0	0	0	13.防禦力 - Defence	4096	21001	1	10021001	180	0	0	0
	922	5000	招魂法衣	85	3.孫二娘	02.上衣	04.白	00.無	(0) 無	03.商店購買	0	0	1		pc03_torso_0080			100	0	493	0	0	0	0	0	0	0	0	0	0	0	0	0	0	0	0	0	0	0	0	0	0	0	0	0	0	13.防禦力 - Defence	4096	21001	1	10021001	180	0	0	0
	923	5000	招魂草鞋	85	3.孫二娘	03.褲子	04.白	00.無	(0) 無	03.商店購買	0	0	2		pc03_pelvis_0080			100	0	286	0	0	0	0	0	0	0	0	0	0	0	0	0	0	0	0	0	0	0	0	0	0	0	0	0	0	13.防禦力 - Defence	4096	21001	1	10021001	180	0	0	0
	924	5000	招魂手杖	85	3.孫二娘	04.武器	04.白	00.無	(0) 無	03.商店購買	0	0	3		pc03_weapon_0080			100	2487	0	0	0	0	0	0	0	0	0	0	0	0	0	0	0	0	0	0	0	0	0	0	0	0	0	0	0	12.攻擊力 - Attack	2048	11001	1	10011001	380	0	0	0
	925	5000	靈幻法帽	85	3.孫二娘	01.帽子	05.綠	00.無	(1) 智慧	07.怪物掉寶	0	0	0		pc03_hat_0080			100	0	246	0	0	0	22	0	0	0	0	0	0	0	0	0	0	0	0	0	0	0	0	0	0	0	0	0	0	13.防禦力 - Defence	4096	21001	2	10021001	190	0	0	0
	926	5000	靈幻法衣	85	3.孫二娘	02.上衣	05.綠	00.無	(1) 最大 HP	07.怪物掉寶	0	0	1		pc03_torso_0080			100	0	530	0	0	0	0	0	0	0	0	0	0	0	0	0	0	0	0	310	0	0	0	0	0	0	0	0	0	13.防禦力 - Defence	4096	21001	2	10021001	190	0	0	0
	927	5000	靈幻草鞋	85	3.孫二娘	03.褲子	05.綠	00.無	(1) 敏捷	07.怪物掉寶	0	0	2		pc03_pelvis_0080			100	0	308	0	18	0	0	0	0	0	0	0	0	0	0	0	0	0	0	0	0	0	0	0	0	0	0	0	0	13.防禦力 - Defence	4096	21001	2	10021001	190	0	0	0
	928	5000	靈幻手杖	85	3.孫二娘	04.武器	05.綠	00.無	(1) 體能	07.怪物掉寶	0	0	3		pc03_weapon_0080			100	2678	0	0	0	15	0	0	0	0	0	0	0	0	0	0	0	0	0	0	0	0	0	0	0	0	0	0	0	12.攻擊力 - Attack	2048	11001	2	10011001	400	0	0	0
	929	5000	御伽法帽	85	3.孫二娘	01.帽子	06.藍	00.無	(2) 敏 / 智 平均	12.收集品交換	0	0	0		pc03_hat_0080			100	0	281	0	16	0	19	0	0	0	0	0	0	0	0	0	0	0	0	0	0	0	0	0	0	0	0	0	0	13.防禦力 - Defence	4096	21001	2	10021001	190	0	0	0
	930	5000	御伽法衣	85	3.孫二娘	02.上衣	06.藍	00.無	(2) HP / 敏	12.收集品交換	0	0	1		pc03_torso_0080			100	0	605	0	15	0	0	0	0	0	0	0	0	0	0	0	0	0	0	270	0	0	0	0	0	0	0	0	0	13.防禦力 - Defence	4096	21001	2	10021001	190	0	0	0
	931	5000	御伽草鞋	85	3.孫二娘	03.褲子	06.藍	00.無	(2) 敏 / 體 平均	12.收集品交換	0	0	2		pc03_pelvis_0080			100	0	352	0	16	13	0	0	0	0	0	0	0	0	0	0	0	0	0	0	0	0	0	0	0	0	0	0	0	13.防禦力 - Defence	4096	21001	2	10021001	190	0	0	0
	932	5000	御伽手杖	85	3.孫二娘	04.武器	06.藍	00.無	(2) 體 / 智 平均	12.收集品交換	0	0	3		pc03_weapon_0080			100	3039	0	0	0	13	19	0	0	0	0	0	0	0	0	0	0	0	0	0	0	0	0	0	0	0	0	0	0	12.攻擊力 - Attack	2048	11001	2	10011001	410	0	0	0
	933	5000	幽夢法帽	90	3.孫二娘	01.帽子	03.灰	00.無	(0) 無	07.怪物掉寶	0	0	0		pc03_hat_0081			100	0	214	0	0	0	0	0	0	0	0	0	0	0	0	0	0	0	0	0	0	0	0	0	0	0	0	0	0	13.防禦力 - Defence	4096	21001	1	10021001	200	0	0	0
	934	5000	幽夢法衣	90	3.孫二娘	02.上衣	03.灰	00.無	(0) 無	07.怪物掉寶	0	0	1		pc03_torso_0081			100	0	461	0	0	0	0	0	0	0	0	0	0	0	0	0	0	0	0	0	0	0	0	0	0	0	0	0	0	13.防禦力 - Defence	4096	21001	1	10021001	200	0	0	0
	935	5000	幽夢草鞋	90	3.孫二娘	03.褲子	03.灰	00.無	(0) 無	07.怪物掉寶	0	0	2		pc03_pelvis_0081			100	0	268	0	0	0	0	0	0	0	0	0	0	0	0	0	0	0	0	0	0	0	0	0	0	0	0	0	0	13.防禦力 - Defence	4096	21001	1	10021001	200	0	0	0
	936	5000	幽夢手杖	90	3.孫二娘	04.武器	03.灰	00.無	(0) 無	07.怪物掉寶	0	0	3		pc03_weapon_0081			100	2316	0	0	0	0	0	0	0	0	0	0	0	0	0	0	0	0	0	0	0	0	0	0	0	0	0	0	0	12.攻擊力 - Attack	2048	11001	1	10011001	420	0	0	0
	937	5000	飄風法帽	90	3.孫二娘	01.帽子	04.白	00.無	(0) 無	03.商店購買	0	0	0		pc03_hat_0081			100	0	268	0	0	0	0	0	0	0	0	0	0	0	0	0	0	0	0	0	0	0	0	0	0	0	0	0	0	13.防禦力 - Defence	4096	21001	1	10021001	180	0	0	0
	938	5000	飄風法衣	90	3.孫二娘	02.上衣	04.白	00.無	(0) 無	03.商店購買	0	0	1		pc03_torso_0081			100	0	576	0	0	0	0	0	0	0	0	0	0	0	0	0	0	0	0	0	0	0	0	0	0	0	0	0	0	13.防禦力 - Defence	4096	21001	1	10021001	180	0	0	0
	939	5000	飄風草鞋	90	3.孫二娘	03.褲子	04.白	00.無	(0) 無	03.商店購買	0	0	2		pc03_pelvis_0081			100	0	335	0	0	0	0	0	0	0	0	0	0	0	0	0	0	0	0	0	0	0	0	0	0	0	0	0	0	13.防禦力 - Defence	4096	21001	1	10021001	180	0	0	0
	940	5000	飄風手杖	90	3.孫二娘	04.武器	04.白	00.無	(0) 無	03.商店購買	0	0	3		pc03_weapon_0081			100	2894	0	0	0	0	0	0	0	0	0	0	0	0	0	0	0	0	0	0	0	0	0	0	0	0	0	0	0	12.攻擊力 - Attack	2048	11001	1	10011001	380	0	0	0
	941	5000	青雲法帽	90	3.孫二娘	01.帽子	05.綠	00.無	(1) 智慧	07.怪物掉寶	0	0	0		pc03_hat_0081			100	0	287	0	0	0	23	0	0	0	0	0	0	0	0	0	0	0	0	0	0	0	0	0	0	0	0	0	0	13.防禦力 - Defence	4096	21001	2	10021001	190	0	0	0
	942	5000	青雲法衣	90	3.孫二娘	02.上衣	05.綠	00.無	(1) 最大 HP	07.怪物掉寶	0	0	1		pc03_torso_0081			100	0	618	0	0	0	0	0	0	0	0	0	0	0	0	0	0	0	0	320	0	0	0	0	0	0	0	0	0	13.防禦力 - Defence	4096	21001	2	10021001	190	0	0	0
	943	5000	青雲草鞋	90	3.孫二娘	03.褲子	05.綠	00.無	(1) 敏捷	07.怪物掉寶	0	0	2		pc03_pelvis_0081			100	0	359	0	19	0	0	0	0	0	0	0	0	0	0	0	0	0	0	0	0	0	0	0	0	0	0	0	0	13.防禦力 - Defence	4096	21001	2	10021001	190	0	0	0
	944	5000	青雲手杖	90	3.孫二娘	04.武器	05.綠	00.無	(1) 體能	07.怪物掉寶	0	0	3		pc03_weapon_0081			100	3111	0	0	0	16	0	0	0	0	0	0	0	0	0	0	0	0	0	0	0	0	0	0	0	0	0	0	0	12.攻擊力 - Attack	2048	11001	2	10011001	400	0	0	0
	945	5000	仙魔法帽	90	3.孫二娘	01.帽子	06.藍	00.無	(2) 敏 / 智 平均	12.收集品交換	0	0	0		pc03_hat_0081			100	0	328	0	17	0	20	0	0	0	0	0	0	0	0	0	0	0	0	0	0	0	0	0	0	0	0	0	0	13.防禦力 - Defence	4096	21001	2	10021001	190	0	0	0
	946	5000	仙魔法衣	90	3.孫二娘	02.上衣	06.藍	00.無	(2) HP / 敏	12.收集品交換	0	0	1		pc03_torso_0081			100	0	705	0	16	0	0	0	0	0	0	0	0	0	0	0	0	0	0	280	0	0	0	0	0	0	0	0	0	13.防禦力 - Defence	4096	21001	2	10021001	190	0	0	0
	947	5000	仙魔草鞋	90	3.孫二娘	03.褲子	06.藍	00.無	(2) 敏 / 體 平均	12.收集品交換	0	0	2		pc03_pelvis_0081			100	0	410	0	17	14	0	0	0	0	0	0	0	0	0	0	0	0	0	0	0	0	0	0	0	0	0	0	0	13.防禦力 - Defence	4096	21001	2	10021001	190	0	0	0
	948	5000	仙魔手杖	90	3.孫二娘	04.武器	06.藍	00.無	(2) 體 / 智 平均	12.收集品交換	0	0	3		pc03_weapon_0081			100	3528	0	0	0	14	20	0	0	0	0	0	0	0	0	0	0	0	0	0	0	0	0	0	0	0	0	0	0	12.攻擊力 - Attack	2048	11001	2	10011001	410	0	0	0
	949	5000	感應法帽	95	3.孫二娘	01.帽子	03.灰	00.無	(0) 無	07.怪物掉寶	0	0	0		pc03_hat_0090			100	0	250	0	0	0	0	0	0	0	0	0	0	0	0	0	0	0	0	0	0	0	0	0	0	0	0	0	0	13.防禦力 - Defence	4096	21001	1	10021001	200	0	0	0
	950	5000	感應法衣	95	3.孫二娘	02.上衣	03.灰	00.無	(0) 無	07.怪物掉寶	0	0	1		pc03_torso_0090			100	0	537	0	0	0	0	0	0	0	0	0	0	0	0	0	0	0	0	0	0	0	0	0	0	0	0	0	0	13.防禦力 - Defence	4096	21001	1	10021001	200	0	0	0
	951	5000	感應草鞋	95	3.孫二娘	03.褲子	03.灰	00.無	(0) 無	07.怪物掉寶	0	0	2		pc03_pelvis_0090			100	0	312	0	0	0	0	0	0	0	0	0	0	0	0	0	0	0	0	0	0	0	0	0	0	0	0	0	0	13.防禦力 - Defence	4096	21001	1	10021001	200	0	0	0
	952	5000	感應手杖	95	3.孫二娘	04.武器	03.灰	00.無	(0) 無	07.怪物掉寶	0	0	3		pc03_weapon_0090			100	2688	0	0	0	0	0	0	0	0	0	0	0	0	0	0	0	0	0	0	0	0	0	0	0	0	0	0	0	12.攻擊力 - Attack	2048	11001	1	10011001	420	0	0	0
	953	5000	神怪法帽	95	3.孫二娘	01.帽子	04.白	00.無	(0) 無	03.商店購買	0	0	0		pc03_hat_0090			100	0	312	0	0	0	0	0	0	0	0	0	0	0	0	0	0	0	0	0	0	0	0	0	0	0	0	0	0	13.防禦力 - Defence	4096	21001	1	10021001	180	0	0	0
	954	5000	神怪法衣	95	3.孫二娘	02.上衣	04.白	00.無	(0) 無	03.商店購買	0	0	1		pc03_torso_0090			100	0	671	0	0	0	0	0	0	0	0	0	0	0	0	0	0	0	0	0	0	0	0	0	0	0	0	0	0	13.防禦力 - Defence	4096	21001	1	10021001	180	0	0	0
	955	5000	神怪草鞋	95	3.孫二娘	03.褲子	04.白	00.無	(0) 無	03.商店購買	0	0	2		pc03_pelvis_0090			100	0	390	0	0	0	0	0	0	0	0	0	0	0	0	0	0	0	0	0	0	0	0	0	0	0	0	0	0	13.防禦力 - Defence	4096	21001	1	10021001	180	0	0	0
	956	5000	神怪手杖	95	3.孫二娘	04.武器	04.白	00.無	(0) 無	03.商店購買	0	0	3		pc03_weapon_0090			100	3360	0	0	0	0	0	0	0	0	0	0	0	0	0	0	0	0	0	0	0	0	0	0	0	0	0	0	0	12.攻擊力 - Attack	2048	11001	1	10011001	380	0	0	0
	957	5000	獸靈法帽	95	3.孫二娘	01.帽子	05.綠	00.無	(1) 智慧	07.怪物掉寶	0	0	0		pc03_hat_0090			100	0	334	0	0	0	24	0	0	0	0	0	0	0	0	0	0	0	0	0	0	0	0	0	0	0	0	0	0	13.防禦力 - Defence	4096	21001	2	10021001	190	0	0	0
	958	5000	獸靈法衣	95	3.孫二娘	02.上衣	05.綠	00.無	(1) 最大 HP	07.怪物掉寶	0	0	1		pc03_torso_0090			100	0	718	0	0	0	0	0	0	0	0	0	0	0	0	0	0	0	0	340	0	0	0	0	0	0	0	0	0	13.防禦力 - Defence	4096	21001	2	10021001	190	0	0	0
	959	5000	獸靈草鞋	95	3.孫二娘	03.褲子	05.綠	00.無	(1) 敏捷	07.怪物掉寶	0	0	2		pc03_pelvis_0090			100	0	418	0	20	0	0	0	0	0	0	0	0	0	0	0	0	0	0	0	0	0	0	0	0	0	0	0	0	13.防禦力 - Defence	4096	21001	2	10021001	190	0	0	0
	960	5000	獸靈手杖	95	3.孫二娘	04.武器	05.綠	00.無	(1) 體能	07.怪物掉寶	0	0	3		pc03_weapon_0090			100	3606	0	0	0	17	0	0	0	0	0	0	0	0	0	0	0	0	0	0	0	0	0	0	0	0	0	0	0	12.攻擊力 - Attack	2048	11001	2	10011001	400	0	0	0
	961	5000	鬼靈法帽	95	3.孫二娘	01.帽子	06.藍	00.無	(2) 敏 / 智 平均	12.收集品交換	0	0	0		pc03_hat_0090			100	0	381	0	18	0	21	0	0	0	0	0	0	0	0	0	0	0	0	0	0	0	0	0	0	0	0	0	0	13.防禦力 - Defence	4096	21001	2	10021001	190	0	0	0
	962	5000	鬼靈法衣	95	3.孫二娘	02.上衣	06.藍	00.無	(2) HP / 敏	12.收集品交換	0	0	1		pc03_torso_0090			100	0	819	0	17	0	0	0	0	0	0	0	0	0	0	0	0	0	0	290	0	0	0	0	0	0	0	0	0	13.防禦力 - Defence	4096	21001	2	10021001	190	0	0	0
	963	5000	鬼靈草鞋	95	3.孫二娘	03.褲子	06.藍	00.無	(2) 敏 / 體 平均	12.收集品交換	0	0	2		pc03_pelvis_0090			100	0	476	0	18	14	0	0	0	0	0	0	0	0	0	0	0	0	0	0	0	0	0	0	0	0	0	0	0	13.防禦力 - Defence	4096	21001	2	10021001	190	0	0	0
	964	5000	鬼靈手杖	95	3.孫二娘	04.武器	06.藍	00.無	(2) 體 / 智 平均	12.收集品交換	0	0	3		pc03_weapon_0090			100	4085	0	0	0	14	21	0	0	0	0	0	0	0	0	0	0	0	0	0	0	0	0	0	0	0	0	0	0	12.攻擊力 - Attack	2048	11001	2	10011001	410	0	0	0
	965	5000	羊骨法帽	99	3.孫二娘	01.帽子	03.灰	00.無	(0) 無	07.怪物掉寶	0	0	0		pc03_hat_0091			100	0	274	0	0	0	0	0	0	0	0	0	0	0	0	0	0	0	0	0	0	0	0	0	0	0	0	0	0	13.防禦力 - Defence	4096	21001	1	10021001	200	0	0	0
	966	5000	羊骨法衣	99	3.孫二娘	02.上衣	03.灰	00.無	(0) 無	07.怪物掉寶	0	0	1		pc03_torso_0091			100	0	588	0	0	0	0	0	0	0	0	0	0	0	0	0	0	0	0	0	0	0	0	0	0	0	0	0	0	13.防禦力 - Defence	4096	21001	1	10021001	200	0	0	0
	967	5000	羊骨草鞋	99	3.孫二娘	03.褲子	03.灰	00.無	(0) 無	07.怪物掉寶	0	0	2		pc03_pelvis_0091			100	0	342	0	0	0	0	0	0	0	0	0	0	0	0	0	0	0	0	0	0	0	0	0	0	0	0	0	0	13.防禦力 - Defence	4096	21001	1	10021001	200	0	0	0
	968	5000	羊骨手杖	99	3.孫二娘	04.武器	03.灰	00.無	(0) 無	07.怪物掉寶	0	0	3		pc03_weapon_0091			100	2953	0	0	0	0	0	0	0	0	0	0	0	0	0	0	0	0	0	0	0	0	0	0	0	0	0	0	0	12.攻擊力 - Attack	2048	11001	1	10011001	420	0	0	0
	969	5000	牛骨法帽	99	3.孫二娘	01.帽子	04.白	00.無	(0) 無	03.商店購買	0	0	0		pc03_hat_0091			100	0	342	0	0	0	0	0	0	0	0	0	0	0	0	0	0	0	0	0	0	0	0	0	0	0	0	0	0	13.防禦力 - Defence	4096	21001	1	10021001	180	0	0	0
	970	5000	牛骨法衣	99	3.孫二娘	02.上衣	04.白	00.無	(0) 無	03.商店購買	0	0	1		pc03_torso_0091			100	0	735	0	0	0	0	0	0	0	0	0	0	0	0	0	0	0	0	0	0	0	0	0	0	0	0	0	0	13.防禦力 - Defence	4096	21001	1	10021001	180	0	0	0
	971	5000	牛骨草鞋	99	3.孫二娘	03.褲子	04.白	00.無	(0) 無	03.商店購買	0	0	2		pc03_pelvis_0091			100	0	428	0	0	0	0	0	0	0	0	0	0	0	0	0	0	0	0	0	0	0	0	0	0	0	0	0	0	13.防禦力 - Defence	4096	21001	1	10021001	180	0	0	0
	972	5000	牛骨手杖	99	3.孫二娘	04.武器	04.白	00.無	(0) 無	03.商店購買	0	0	3		pc03_weapon_0091			100	3692	0	0	0	0	0	0	0	0	0	0	0	0	0	0	0	0	0	0	0	0	0	0	0	0	0	0	0	12.攻擊力 - Attack	2048	11001	1	10011001	380	0	0	0
	973	5000	龍骨法帽	99	3.孫二娘	01.帽子	05.綠	00.無	(1) 智慧	07.怪物掉寶	0	0	0		pc03_hat_0091			100	0	0	0	0	0	25	0	0	0	0	0	0	0	0	0	0	0	0	0	0	0	0	0	0	0	0	0	0	13.防禦力 - Defence	4096	21001	2	10021001	190	0	0	0
	974	5000	龍骨法衣	99	3.孫二娘	02.上衣	05.綠	00.無	(1) 最大 HP	07.怪物掉寶	0	0	1		pc03_torso_0091			100	0	0	0	0	0	0	0	0	0	0	0	0	0	0	0	0	0	0	350	0	0	0	0	0	0	0	0	0	13.防禦力 - Defence	4096	21001	2	10021001	190	0	0	0
	975	5000	龍骨草鞋	99	3.孫二娘	03.褲子	05.綠	00.無	(1) 敏捷	07.怪物掉寶	0	0	2		pc03_pelvis_0091			100	0	0	0	21	0	0	0	0	0	0	0	0	0	0	0	0	0	0	0	0	0	0	0	0	0	0	0	0	13.防禦力 - Defence	4096	21001	2	10021001	190	0	0	0
	976	5000	龍骨手杖	99	3.孫二娘	04.武器	05.綠	00.無	(1) 體能	07.怪物掉寶	0	0	3		pc03_weapon_0091			100	0	0	0	0	17	0	0	0	0	0	0	0	0	0	0	0	0	0	0	0	0	0	0	0	0	0	0	0	12.攻擊力 - Attack	2048	11001	2	10011001	400	0	0	0
	977	5000	鬼骨法帽	99	3.孫二娘	01.帽子	06.藍	00.無	(2) 敏 / 智 平均	12.收集品交換	0	0	0		pc03_hat_0091			100	0	0	0	18	0	22	0	0	0	0	0	0	0	0	0	0	0	0	0	0	0	0	0	0	0	0	0	0	13.防禦力 - Defence	4096	21001	2	10021001	190	0	0	0
	978	5000	鬼骨法衣	99	3.孫二娘	02.上衣	06.藍	00.無	(2) HP / 敏	12.收集品交換	0	0	1		pc03_torso_0091			100	0	0	0	17	0	0	0	0	0	0	0	0	0	0	0	0	0	0	300	0	0	0	0	0	0	0	0	0	13.防禦力 - Defence	4096	21001	2	10021001	190	0	0	0
	979	5000	鬼骨草鞋	99	3.孫二娘	03.褲子	06.藍	00.無	(2) 敏 / 體 平均	12.收集品交換	0	0	2		pc03_pelvis_0091			100	0	0	0	18	15	0	0	0	0	0	0	0	0	0	0	0	0	0	0	0	0	0	0	0	0	0	0	0	13.防禦力 - Defence	4096	21001	2	10021001	190	0	0	0
	980	5000	鬼骨手杖	99	3.孫二娘	04.武器	06.藍	00.無	(2) 體 / 智 平均	12.收集品交換	0	0	3		pc03_weapon_0091			100	0	0	0	0	15	22	0	0	0	0	0	0	0	0	0	0	0	0	0	0	0	0	0	0	0	0	0	0	12.攻擊力 - Attack	2048	11001	2	10011001	410	0	0	0
	981	5000	地獄使者帽	99	3.孫二娘	01.帽子	07.紫	00.無	(3) MP / 敏 / 智	07.怪物掉寶	0	0	0		pc03_hat_0092			100	0	0	0	16	0	18	0	0	0	0	0	0	0	0	0	0	0	0	0	950	0	0	0	0	0	0	0	0	13.防禦力 - Defence	4096	21001	3	10021001	200	0	0	0
	982	5000	地獄使者袍	99	3.孫二娘	02.上衣	07.紫	00.無	(3) HP / 敏 / 智	07.怪物掉寶	0	0	1		pc03_torso_0092			100	0	0	0	16	0	18	0	0	0	0	0	0	0	0	0	0	0	0	260	0	0	0	0	0	0	0	0	0	13.防禦力 - Defence	4096	21001	3	10021001	200	0	0	0
	983	5000	地獄使者鞋	99	3.孫二娘	03.褲子	07.紫	00.無	(3) MP / 敏 / 體	07.怪物掉寶	0	0	2		pc03_pelvis_0092			100	0	0	0	16	13	0	0	0	0	0	0	0	0	0	0	0	0	0	0	470	0	0	0	0	0	0	0	0	13.防禦力 - Defence	4096	21001	3	10021001	200	0	0	0
	984	5000	地獄使者手杖	99	3.孫二娘	04.武器	07.紫	00.無	(3) HP / 體 / 智	07.怪物掉寶	0	0	3		pc03_weapon_0092			100	0	0	0	0	13	18	0	0	0	0	0	0	0	0	0	0	0	0	130	0	0	0	0	0	0	0	0	0	12.攻擊力 - Attack	2048	11001	3	10011001	420	0	0	0
	985	5000	戴宗頭巾	1	4.戴宗	01.帽子	02.初始	00.無	(0) 無	02.初始	130	13	0		pc04_hat_0000			100	0	8	0	0	0	0	0	0	0	0	0	0	0	0	0	0	0	0	0	0	0	0	0	0	0	0	0	0	13.防禦力 - Defence	4096	21001	1	2021001	270	1.05	284	0.023
	986	5000	戴宗服	1	4.戴宗	02.上衣	02.初始	00.無	(0) 無	02.初始	170	17	1		pc04_torso_0000			100	0	18	0	0	0	0	0	0	0	0	0	0	0	0	0	0	0	0	0	0	0	0	0	0	0	0	0	0	13.防禦力 - Defence	4096	21001	1	2021001	270	1.37	370	0.023
	987	5000	戴宗鞋	1	4.戴宗	03.褲子	02.初始	00.無	(0) 無	02.初始	150	15	2		pc04_pelvis_0000			100	0	10	0	0	0	0	0	0	0	0	0	0	0	0	0	0	0	0	0	0	0	0	0	0	0	0	0	0	13.防禦力 - Defence	4096	21001	1	2021001	270	1.21	327	0.023
	988	5000	戴宗發射器	1	4.戴宗	04.武器	02.初始	00.無	(0) 無	02.初始	280	28	3		pc04_weapon_0000			100	35	0	0	0	0	0	0	0	0	0	0	0	0	0	0	0	0	0	0	0	0	0	0	0	0	0	0	0	12.攻擊力 - Attack	2048	11001	1	2011001	580	1.05	609	0.023
	989	5000	劣質布帽	10	4.戴宗	01.帽子	03.灰	00.無	(0) 無	07.怪物掉寶	630	32	0		pc04_hat_0001			100	0	15	0	0	0	0	0	0	0	0	0	0	0	0	0	0	0	0	0	0	0	0	0	0	0	0	0	0	13.防禦力 - Defence	4096	21001	1	2021001	200	2.17	434	0.073
	990	5000	劣質布衣	10	4.戴宗	02.上衣	03.灰	00.無	(0) 無	07.怪物掉寶	820	41	1		pc04_torso_0001			100	0	33	0	0	0	0	0	0	0	0	0	0	0	0	0	0	0	0	0	0	0	0	0	0	0	0	0	0	13.防禦力 - Defence	4096	21001	1	2021001	200	2.83	566	0.073
	991	5000	劣質草鞋	10	4.戴宗	03.褲子	03.灰	00.無	(0) 無	07.怪物掉寶	720	36	2		pc04_pelvis_0001			100	0	19	0	0	0	0	0	0	0	0	0	0	0	0	0	0	0	0	0	0	0	0	0	0	0	0	0	0	13.防禦力 - Defence	4096	21001	1	2021001	200	2.48	496	0.073
	992	5000	劣質發射器	10	4.戴宗	04.武器	03.灰	00.無	(0) 無	07.怪物掉寶	"1,360"	68	3		pc04_weapon_0001			100	75	0	0	0	0	0	0	0	0	0	0	0	0	0	0	0	0	0	0	0	0	0	0	0	0	0	0	0	12.攻擊力 - Attack	2048	11001	1	2011001	420	2.23	937	0.073
	993	5000	平民布帽	10	4.戴宗	01.帽子	04.白	00.無	(0) 無	03.商店購買	630	63	0		pc04_hat_0001			100	0	19	0	0	0	0	0	0	0	0	0	0	0	0	0	0	0	0	0	0	0	0	0	0	0	0	0	0	13.防禦力 - Defence	4096	21001	1	2021001	180	2.41	434	0.073
	994	5000	平民布衣	10	4.戴宗	02.上衣	04.白	00.無	(0) 無	03.商店購買	820	82	1		pc04_torso_0001			100	0	41	0	0	0	0	0	0	0	0	0	0	0	0	0	0	0	0	0	0	0	0	0	0	0	0	0	0	13.防禦力 - Defence	4096	21001	1	2021001	180	3.14	566	0.073
	995	5000	平民草鞋	10	4.戴宗	03.褲子	04.白	00.無	(0) 無	03.商店購買	720	72	2		pc04_pelvis_0001			100	0	24	0	0	0	0	0	0	0	0	0	0	0	0	0	0	0	0	0	0	0	0	0	0	0	0	0	0	13.防禦力 - Defence	4096	21001	1	2021001	180	2.76	497	0.073
	996	5000	鐵質發射器	10	4.戴宗	04.武器	04.白	00.無	(0) 無	03.商店購買	"1,360"	136	3		pc04_weapon_0001			100	94	0	0	0	0	0	0	0	0	0	0	0	0	0	0	0	0	0	0	0	0	0	0	0	0	0	0	0	12.攻擊力 - Attack	2048	11001	1	2011001	380	2.47	939	0.073
	997	5000	傳統布帽	10	4.戴宗	01.帽子	05.綠	00.無	(1) 智慧	07.怪物掉寶	630	32	0		pc04_hat_0001			100	0	23	0	0	0	5	0	0	0	0	0	0	0	0	0	0	0	0	0	0	0	0	0	0	0	0	0	0	13.防禦力 - Defence	4096	21001	2	2021001	190	2.29	436	0.073
	998	5000	傳統布衣	10	4.戴宗	02.上衣	05.綠	00.無	(1) 最大 HP	07.怪物掉寶	820	41	1		pc04_torso_0001			100	0	48	0	0	0	0	0	0	0	0	0	0	0	0	0	0	0	0	70	0	0	0	0	0	0	0	0	0	13.防禦力 - Defence	4096	21001	2	2021001	190	2.97	565	0.073
	999	5000	傳統草鞋	10	4.戴宗	03.褲子	05.綠	00.無	(1) 敏捷	07.怪物掉寶	720	36	2		pc04_pelvis_0001			100	0	28	0	5	0	0	0	0	0	0	0	0	0	0	0	0	0	0	0	0	0	0	0	0	0	0	0	0	13.防禦力 - Defence	4096	21001	2	2021001	190	2.61	496	0.073
	1000	5000	銅質發射器	10	4.戴宗	04.武器	05.綠	00.無	(1) 體能	07.怪物掉寶	"1,360"	68	3		pc04_weapon_0001			100	117	0	0	0	3	0	0	0	0	0	0	0	0	0	0	0	0	0	0	0	0	0	0	0	0	0	0	0	12.攻擊力 - Attack	2048	11001	2	2011001	400	2.34	936	0.073
	1001	5000	高級布帽	10	4.戴宗	01.帽子	06.藍	00.無	(2) 敏 / 智 平均	12.收集品交換	630	32	0		pc04_hat_0001			100	0	28	0	4	0	4	0	0	0	0	0	0	0	0	0	0	0	0	0	0	0	0	0	0	0	0	0	0	13.防禦力 - Defence	4096	21001	2	2021001	190	2.29	436	0.073
	1002	5000	高級布衣	10	4.戴宗	02.上衣	06.藍	00.無	(2) HP / 敏	12.收集品交換	820	41	1		pc04_torso_0001			100	0	61	0	4	0	0	0	0	0	0	0	0	0	0	0	0	0	0	60	0	0	0	0	0	0	0	0	0	13.防禦力 - Defence	4096	21001	2	2021001	190	2.97	565	0.073
	1003	5000	高級草鞋	10	4.戴宗	03.褲子	06.藍	00.無	(2) 敏 / 體 平均	12.收集品交換	720	36	2		pc04_pelvis_0001			100	0	36	0	4	3	0	0	0	0	0	0	0	0	0	0	0	0	0	0	0	0	0	0	0	0	0	0	0	13.防禦力 - Defence	4096	21001	2	2021001	190	2.61	496	0.073
	1004	5000	銀質發射器	10	4.戴宗	04.武器	06.藍	00.無	(2) 體 / 智 平均	12.收集品交換	"1,360"	68	3		pc04_weapon_0001			100	143	0	0	0	3	4	0	0	0	0	0	0	0	0	0	0	0	0	0	0	0	0	0	0	0	0	0	0	12.攻擊力 - Attack	2048	11001	2	2011001	410	2.29	939	0.073
	1005	5000	實習帽	15	4.戴宗	01.帽子	03.灰	00.無	(0) 無	07.怪物掉寶	"2,330"	117	0		pc04_hat_0010			100	0	22	0	0	0	0	0	0	0	0	0	0	0	0	0	0	0	0	0	0	0	0	0	0	0	0	0	0	13.防禦力 - Defence	4096	21001	1	2021001	200	4.24	848	0.138
	1006	5000	實習長袍	15	4.戴宗	02.上衣	03.灰	00.無	(0) 無	07.怪物掉寶	"3,000"	150	1		pc04_torso_0010			100	0	47	0	0	0	0	0	0	0	0	0	0	0	0	0	0	0	0	0	0	0	0	0	0	0	0	0	0	13.防禦力 - Defence	4096	21001	1	2021001	200	5.46	"1,092"	0.138
	1007	5000	實習鞋	15	4.戴宗	03.褲子	03.灰	00.無	(0) 無	07.怪物掉寶	"2,660"	133	2		pc04_pelvis_0010			100	0	27	0	0	0	0	0	0	0	0	0	0	0	0	0	0	0	0	0	0	0	0	0	0	0	0	0	0	13.防禦力 - Defence	4096	21001	1	2021001	200	4.84	968	0.138
	1008	5000	實習徽章	15	4.戴宗	04.武器	03.灰	00.無	(0) 無	07.怪物掉寶	"4,990"	250	3		pc04_weapon_0010			100	109	0	0	0	0	0	0	0	0	0	0	0	0	0	0	0	0	0	0	0	0	0	0	0	0	0	0	0	12.攻擊力 - Attack	2048	11001	1	2011001	420	4.32	"1,815"	0.138
	1009	5000	學生帽	15	4.戴宗	01.帽子	04.白	00.無	(0) 無	03.商店購買	"2,330"	233	0		pc04_hat_0010			100	0	27	0	0	0	0	0	0	0	0	0	0	0	0	0	0	0	0	0	0	0	0	0	0	0	0	0	0	13.防禦力 - Defence	4096	21001	1	2021001	180	4.71	848	0.138
	1010	5000	學生長袍	15	4.戴宗	02.上衣	04.白	00.無	(0) 無	03.商店購買	"3,000"	300	1		pc04_torso_0010			100	0	58	0	0	0	0	0	0	0	0	0	0	0	0	0	0	0	0	0	0	0	0	0	0	0	0	0	0	13.防禦力 - Defence	4096	21001	1	2021001	180	6.06	"1,091"	0.138
	1011	5000	學生鞋	15	4.戴宗	03.褲子	04.白	00.無	(0) 無	03.商店購買	"2,660"	266	2		pc04_pelvis_0010			100	0	34	0	0	0	0	0	0	0	0	0	0	0	0	0	0	0	0	0	0	0	0	0	0	0	0	0	0	13.防禦力 - Defence	4096	21001	1	2021001	180	5.37	967	0.138
	1012	5000	學生徽章	15	4.戴宗	04.武器	04.白	00.無	(0) 無	03.商店購買	"4,990"	499	3		pc04_weapon_0010			100	137	0	0	0	0	0	0	0	0	0	0	0	0	0	0	0	0	0	0	0	0	0	0	0	0	0	0	0	12.攻擊力 - Attack	2048	11001	1	2011001	380	4.78	"1,817"	0.138
	1013	5000	大學帽	15	4.戴宗	01.帽子	05.綠	00.無	(1) 智慧	07.怪物掉寶	"2,330"	117	0		pc04_hat_0010			100	0	31	0	0	0	6	0	0	0	0	0	0	0	0	0	0	0	0	0	0	0	0	0	0	0	0	0	0	13.防禦力 - Defence	4096	21001	2	2021001	190	4.46	848	0.138
	1014	5000	大學長袍	15	4.戴宗	02.上衣	05.綠	00.無	(1) 最大 HP	07.怪物掉寶	"3,000"	150	1		pc04_torso_0010			100	0	66	0	0	0	0	0	0	0	0	0	0	0	0	0	0	0	0	80	0	0	0	0	0	0	0	0	0	13.防禦力 - Defence	4096	21001	2	2021001	190	5.74	"1,091"	0.138
	1015	5000	大學鞋	15	4.戴宗	03.褲子	05.綠	00.無	(1) 敏捷	07.怪物掉寶	"2,660"	133	2		pc04_pelvis_0010			100	0	39	0	6	0	0	0	0	0	0	0	0	0	0	0	0	0	0	0	0	0	0	0	0	0	0	0	0	13.防禦力 - Defence	4096	21001	2	2021001	190	5.09	968	0.138
	1016	5000	大學徽章	15	4.戴宗	04.武器	05.綠	00.無	(1) 體能	07.怪物掉寶	"4,990"	250	3		pc04_weapon_0010			100	162	0	0	0	4	0	0	0	0	0	0	0	0	0	0	0	0	0	0	0	0	0	0	0	0	0	0	0	12.攻擊力 - Attack	2048	11001	2	2011001	400	4.54	"1,816"	0.138
	1017	5000	研究帽	15	4.戴宗	01.帽子	06.藍	00.無	(2) 敏 / 智 平均	12.收集品交換	"2,330"	117	0		pc04_hat_0010			100	0	38	0	5	0	5	0	0	0	0	0	0	0	0	0	0	0	0	0	0	0	0	0	0	0	0	0	0	13.防禦力 - Defence	4096	21001	2	2021001	190	4.46	848	0.138
	1018	5000	研究長袍	15	4.戴宗	02.上衣	06.藍	00.無	(2) HP / 敏	12.收集品交換	"3,000"	150	1		pc04_torso_0010			100	0	81	0	5	0	0	0	0	0	0	0	0	0	0	0	0	0	0	70	0	0	0	0	0	0	0	0	0	13.防禦力 - Defence	4096	21001	2	2021001	190	5.74	"1,091"	0.138
	1019	5000	研究鞋	15	4.戴宗	03.褲子	06.藍	00.無	(2) 敏 / 體 平均	12.收集品交換	"2,660"	133	2		pc04_pelvis_0010			100	0	47	0	5	4	0	0	0	0	0	0	0	0	0	0	0	0	0	0	0	0	0	0	0	0	0	0	0	13.防禦力 - Defence	4096	21001	2	2021001	190	5.09	968	0.138
	1020	5000	研究徽章	15	4.戴宗	04.武器	06.藍	00.無	(2) 體 / 智 平均	12.收集品交換	"4,990"	250	3		pc04_weapon_0010			100	196	0	0	0	4	5	0	0	0	0	0	0	0	0	0	0	0	0	0	0	0	0	0	0	0	0	0	0	12.攻擊力 - Attack	2048	11001	2	2011001	410	4.43	"1,817"	0.138
	1021	5000	博學帽	20	4.戴宗	01.帽子	03.灰	00.無	(0) 無	07.怪物掉寶	"8,540"	427	0		pc04_hat_0011			100	0	29	0	0	0	0	0	0	0	0	0	0	0	0	0	0	0	0	0	0	0	0	0	0	0	0	0	0	13.防禦力 - Defence	4096	21001	1	2021001	200	6.49	"1,298"	0.33
	1022	5000	博學長袍	20	4.戴宗	02.上衣	03.灰	00.無	(0) 無	07.怪物掉寶	"10,980"	549	1		pc04_torso_0011			100	0	62	0	0	0	0	0	0	0	0	0	0	0	0	0	0	0	0	0	0	0	0	0	0	0	0	0	0	13.防禦力 - Defence	4096	21001	1	2021001	200	8.34	"1,668"	0.33
	1023	5000	博學鞋	20	4.戴宗	03.褲子	03.灰	00.無	(0) 無	07.怪物掉寶	"9,760"	488	2		pc04_pelvis_0011			100	0	36	0	0	0	0	0	0	0	0	0	0	0	0	0	0	0	0	0	0	0	0	0	0	0	0	0	0	13.防禦力 - Defence	4096	21001	1	2021001	200	7.41	"1,482"	0.33
	1024	5000	博學徽章	20	4.戴宗	04.武器	03.灰	00.無	(0) 無	07.怪物掉寶	"18,300"	915	3		pc04_weapon_0011			100	149	0	0	0	0	0	0	0	0	0	0	0	0	0	0	0	0	0	0	0	0	0	0	0	0	0	0	0	12.攻擊力 - Attack	2048	11001	1	2011001	420	6.62	"2,781"	0.33
	1025	5000	天地帽	20	4.戴宗	01.帽子	04.白	00.無	(0) 無	03.商店購買	"8,540"	854	0		pc04_hat_0011			100	0	36	0	0	0	0	0	0	0	0	0	0	0	0	0	0	0	0	0	0	0	0	0	0	0	0	0	0	13.防禦力 - Defence	4096	21001	1	2021001	180	7.21	"1,298"	0.33
	1026	5000	天地長袍	20	4.戴宗	02.上衣	04.白	00.無	(0) 無	03.商店購買	"10,980"	"1,098"	1		pc04_torso_0011			100	0	78	0	0	0	0	0	0	0	0	0	0	0	0	0	0	0	0	0	0	0	0	0	0	0	0	0	0	13.防禦力 - Defence	4096	21001	1	2021001	180	9.27	"1,669"	0.33
	1027	5000	天地鞋	20	4.戴宗	03.褲子	04.白	00.無	(0) 無	03.商店購買	"9,760"	976	2		pc04_pelvis_0011			100	0	45	0	0	0	0	0	0	0	0	0	0	0	0	0	0	0	0	0	0	0	0	0	0	0	0	0	0	13.防禦力 - Defence	4096	21001	1	2021001	180	8.24	"1,484"	0.33
	1028	5000	天地徽章	20	4.戴宗	04.武器	04.白	00.無	(0) 無	03.商店購買	"18,300"	"1,830"	3		pc04_weapon_0011			100	187	0	0	0	0	0	0	0	0	0	0	0	0	0	0	0	0	0	0	0	0	0	0	0	0	0	0	0	12.攻擊力 - Attack	2048	11001	1	2011001	380	7.32	"2,782"	0.33
	1029	5000	藍海帽	20	4.戴宗	01.帽子	05.綠	00.無	(1) 智慧	07.怪物掉寶	"8,540"	427	0		pc04_hat_0011			100	0	40	0	0	0	7	0	0	0	0	0	0	0	0	0	0	0	0	0	0	0	0	0	0	0	0	0	0	13.防禦力 - Defence	4096	21001	2	2021001	190	6.83	"1,298"	0.33
	1030	5000	藍海長袍	20	4.戴宗	02.上衣	05.綠	00.無	(1) 最大 HP	07.怪物掉寶	"10,980"	549	1		pc04_torso_0011			100	0	86	0	0	0	0	0	0	0	0	0	0	0	0	0	0	0	0	100	0	0	0	0	0	0	0	0	0	13.防禦力 - Defence	4096	21001	2	2021001	190	8.78	"1,669"	0.33
	1031	5000	藍海鞋	20	4.戴宗	03.褲子	05.綠	00.無	(1) 敏捷	07.怪物掉寶	"9,760"	488	2		pc04_pelvis_0011			100	0	50	0	7	0	0	0	0	0	0	0	0	0	0	0	0	0	0	0	0	0	0	0	0	0	0	0	0	13.防禦力 - Defence	4096	21001	2	2021001	190	7.8	"1,482"	0.33
	1032	5000	藍海徽章	20	4.戴宗	04.武器	05.綠	00.無	(1) 體能	07.怪物掉寶	"18,300"	915	3		pc04_weapon_0011			100	218	0	0	0	5	0	0	0	0	0	0	0	0	0	0	0	0	0	0	0	0	0	0	0	0	0	0	0	12.攻擊力 - Attack	2048	11001	2	2011001	400	6.95	"2,780"	0.33
	1033	5000	聖皇帽	20	4.戴宗	01.帽子	06.藍	00.無	(2) 敏 / 智 平均	12.收集品交換	"8,540"	427	0		pc04_hat_0011			100	0	48	0	6	0	6	0	0	0	0	0	0	0	0	0	0	0	0	0	0	0	0	0	0	0	0	0	0	13.防禦力 - Defence	4096	21001	2	2021001	190	6.83	"1,298"	0.33
	1034	5000	聖皇長袍	20	4.戴宗	02.上衣	06.藍	00.無	(2) HP / 敏	12.收集品交換	"10,980"	549	1		pc04_torso_0011			100	0	103	0	6	0	0	0	0	0	0	0	0	0	0	0	0	0	0	90	0	0	0	0	0	0	0	0	0	13.防禦力 - Defence	4096	21001	2	2021001	190	8.78	"1,669"	0.33
	1035	5000	聖皇鞋	20	4.戴宗	03.褲子	06.藍	00.無	(2) 敏 / 體 平均	12.收集品交換	"9,760"	488	2		pc04_pelvis_0011			100	0	60	0	6	4	0	0	0	0	0	0	0	0	0	0	0	0	0	0	0	0	0	0	0	0	0	0	0	13.防禦力 - Defence	4096	21001	2	2021001	190	7.8	"1,482"	0.33
	1036	5000	聖皇徽章	20	4.戴宗	04.武器	06.藍	00.無	(2) 體 / 智 平均	12.收集品交換	"18,300"	915	3		pc04_weapon_0011			100	259	0	0	0	4	6	0	0	0	0	0	0	0	0	0	0	0	0	0	0	0	0	0	0	0	0	0	0	12.攻擊力 - Attack	2048	11001	2	2011001	410	6.78	"2,780"	0.33
	1037	5000	玄米帽	35	4.戴宗	01.帽子	07.紫	00.無	(3) MP / 敏 / 智	07.怪物掉寶	"114,700"	"5,735"	0		pc04_hat_0012			100	0	98	0	8	0	8	0	0	0	0	0	0	0	0	0	0	0	0	0	400	0	0	0	0	0	0	0	0	13.防禦力 - Defence	4096	21001	3	4021001	200	11.78	"2,356"	2.434
	1038	5000	玄米衣	35	4.戴宗	02.上衣	07.紫	00.無	(3) HP / 敏 / 智	07.怪物掉寶	"147,400"	"7,370"	1		pc04_torso_0012			100	0	210	0	8	0	8	0	0	0	0	0	0	0	0	0	0	0	0	110	0	0	0	0	0	0	0	0	0	13.防禦力 - Defence	4096	21001	3	4021001	200	15.14	"3,028"	2.434
	1039	5000	玄米鞋	35	4.戴宗	03.褲子	07.紫	00.無	(3) MP / 敏 / 體	07.怪物掉寶	"131,000"	"6,550"	2		pc04_pelvis_0012			100	0	122	0	8	5	0	0	0	0	0	0	0	0	0	0	0	0	0	0	200	0	0	0	0	0	0	0	0	13.防禦力 - Defence	4096	21001	3	4021001	200	13.46	"2,692"	2.434
	1040	5000	玄米徽章	35	4.戴宗	04.武器	07.紫	00.無	(3) HP / 體 / 智	07.怪物掉寶	"245,700"	"12,285"	3		pc04_weapon_0012			100	639	0	0	0	5	8	0	0	0	0	0	0	0	0	0	0	0	0	60	0	0	0	0	0	0	0	0	0	12.攻擊力 - Attack	2048	11001	3	4011001	420	12.02	"5,049"	2.434
	1041	5000	極地帽	25	4.戴宗	01.帽子	03.灰	00.無	(0) 無	07.怪物掉寶	"24,600"	"1,230"	0		pc04_hat_0020			100	0	37	0	0	0	0	0	0	0	0	0	0	0	0	0	0	0	0	0	0	0	0	0	0	0	0	0	0	13.防禦力 - Defence	4096	21001	1	4021001	200	7.45	"1,490"	0.826
	1042	5000	極地長袍	25	4.戴宗	02.上衣	03.灰	00.無	(0) 無	07.怪物掉寶	"31,600"	"1,580"	1		pc04_torso_0020			100	0	79	0	0	0	0	0	0	0	0	0	0	0	0	0	0	0	0	0	0	0	0	0	0	0	0	0	0	13.防禦力 - Defence	4096	21001	1	4021001	200	9.57	"1,914"	0.826
	1043	5000	極地鞋	25	4.戴宗	03.褲子	03.灰	00.無	(0) 無	07.怪物掉寶	"28,100"	"1,405"	2		pc04_pelvis_0020			100	0	46	0	0	0	0	0	0	0	0	0	0	0	0	0	0	0	0	0	0	0	0	0	0	0	0	0	0	13.防禦力 - Defence	4096	21001	1	4021001	200	8.51	"1,702"	0.826
	1044	5000	極地徽章	25	4.戴宗	04.武器	03.灰	00.無	(0) 無	07.怪物掉寶	"52,600"	"2,630"	3		pc04_weapon_0020			100	198	0	0	0	0	0	0	0	0	0	0	0	0	0	0	0	0	0	0	0	0	0	0	0	0	0	0	0	12.攻擊力 - Attack	2048	11001	1	4011001	420	7.58	"3,184"	0.826
	1045	5000	戰壕帽	25	4.戴宗	01.帽子	04.白	00.無	(0) 無	03.商店購買	"24,600"	"2,460"	0		pc04_hat_0020			100	0	46	0	0	0	0	0	0	0	0	0	0	0	0	0	0	0	0	0	0	0	0	0	0	0	0	0	0	13.防禦力 - Defence	4096	21001	1	4021001	180	8.27	"1,489"	0.826
	1046	5000	戰壕長袍	25	4.戴宗	02.上衣	04.白	00.無	(0) 無	03.商店購買	"31,600"	"3,160"	1		pc04_torso_0020			100	0	98	0	0	0	0	0	0	0	0	0	0	0	0	0	0	0	0	0	0	0	0	0	0	0	0	0	0	13.防禦力 - Defence	4096	21001	1	4021001	180	10.63	"1,914"	0.826
	1047	5000	戰壕鞋	25	4.戴宗	03.褲子	04.白	00.無	(0) 無	03.商店購買	"28,100"	"2,810"	2		pc04_pelvis_0020			100	0	57	0	0	0	0	0	0	0	0	0	0	0	0	0	0	0	0	0	0	0	0	0	0	0	0	0	0	13.防禦力 - Defence	4096	21001	1	4021001	180	9.45	"1,701"	0.826
	1048	5000	戰壕徽章	25	4.戴宗	04.武器	04.白	00.無	(0) 無	03.商店購買	"52,600"	"5,260"	3		pc04_weapon_0020			100	247	0	0	0	0	0	0	0	0	0	0	0	0	0	0	0	0	0	0	0	0	0	0	0	0	0	0	0	12.攻擊力 - Attack	2048	11001	1	4011001	380	8.38	"3,185"	0.826
	1049	5000	神鬼帽	25	4.戴宗	01.帽子	05.綠	00.無	(1) 智慧	07.怪物掉寶	"24,600"	"1,230"	0		pc04_hat_0020			100	0	50	0	0	0	8	0	0	0	0	0	0	0	0	0	0	0	0	0	0	0	0	0	0	0	0	0	0	13.防禦力 - Defence	4096	21001	2	4021001	190	7.84	"1,490"	0.826
	1050	5000	神鬼長袍	25	4.戴宗	02.上衣	05.綠	00.無	(1) 最大 HP	07.怪物掉寶	"31,600"	"1,580"	1		pc04_torso_0020			100	0	107	0	0	0	0	0	0	0	0	0	0	0	0	0	0	0	0	110	0	0	0	0	0	0	0	0	0	13.防禦力 - Defence	4096	21001	2	4021001	190	10.07	"1,914"	0.826
	1051	5000	神鬼鞋	25	4.戴宗	03.褲子	05.綠	00.無	(1) 敏捷	07.怪物掉寶	"28,100"	"1,405"	2		pc04_pelvis_0020			100	0	62	0	8	0	0	0	0	0	0	0	0	0	0	0	0	0	0	0	0	0	0	0	0	0	0	0	0	13.防禦力 - Defence	4096	21001	2	4021001	190	8.95	"1,701"	0.826
	1052	5000	神鬼徽章	25	4.戴宗	04.武器	05.綠	00.無	(1) 體能	07.怪物掉寶	"52,600"	"2,630"	3		pc04_weapon_0020			100	283	0	0	0	5	0	0	0	0	0	0	0	0	0	0	0	0	0	0	0	0	0	0	0	0	0	0	0	12.攻擊力 - Attack	2048	11001	2	4011001	400	7.96	"3,184"	0.826
	1053	5000	哭嚎帽	25	4.戴宗	01.帽子	06.藍	00.無	(2) 敏 / 智 平均	12.收集品交換	"24,600"	"1,230"	0		pc04_hat_0020			100	0	59	0	7	0	7	0	0	0	0	0	0	0	0	0	0	0	0	0	0	0	0	0	0	0	0	0	0	13.防禦力 - Defence	4096	21001	2	4021001	190	7.84	"1,490"	0.826
	1054	5000	哭嚎長袍	25	4.戴宗	02.上衣	06.藍	00.無	(2) HP / 敏	12.收集品交換	"31,600"	"1,580"	1		pc04_torso_0020			100	0	128	0	7	0	0	0	0	0	0	0	0	0	0	0	0	0	0	100	0	0	0	0	0	0	0	0	0	13.防禦力 - Defence	4096	21001	2	4021001	190	10.07	"1,914"	0.826
	1055	5000	哭嚎鞋	25	4.戴宗	03.褲子	06.藍	00.無	(2) 敏 / 體 平均	12.收集品交換	"28,100"	"1,405"	2		pc04_pelvis_0020			100	0	74	0	7	5	0	0	0	0	0	0	0	0	0	0	0	0	0	0	0	0	0	0	0	0	0	0	0	13.防禦力 - Defence	4096	21001	2	4021001	190	8.95	"1,701"	0.826
	1056	5000	哭嚎徽章	25	4.戴宗	04.武器	06.藍	00.無	(2) 體 / 智 平均	12.收集品交換	"52,600"	"2,630"	3		pc04_weapon_0020			100	334	0	0	0	5	7	0	0	0	0	0	0	0	0	0	0	0	0	0	0	0	0	0	0	0	0	0	0	12.攻擊力 - Attack	2048	11001	2	4011001	410	7.77	"3,186"	0.826
	1057	5000	冰寒帽	30	4.戴宗	01.帽子	03.灰	00.無	(0) 無	07.怪物掉寶	"56,300"	"2,815"	0		pc04_hat_0021			100	0	45	0	0	0	0	0	0	0	0	0	0	0	0	0	0	0	0	0	0	0	0	0	0	0	0	0	0	13.防禦力 - Defence	4096	21001	1	4021001	200	8.49	"1,698"	1.658
	1058	5000	冰寒長袍	30	4.戴宗	02.上衣	03.灰	00.無	(0) 無	07.怪物掉寶	"72,400"	"3,620"	1		pc04_torso_0021			100	0	97	0	0	0	0	0	0	0	0	0	0	0	0	0	0	0	0	0	0	0	0	0	0	0	0	0	0	13.防禦力 - Defence	4096	21001	1	4021001	200	10.92	"2,184"	1.658
	1059	5000	冰寒鞋	30	4.戴宗	03.褲子	03.灰	00.無	(0) 無	07.怪物掉寶	"64,400"	"3,220"	2		pc04_pelvis_0021			100	0	56	0	0	0	0	0	0	0	0	0	0	0	0	0	0	0	0	0	0	0	0	0	0	0	0	0	0	13.防禦力 - Defence	4096	21001	1	4021001	200	9.71	"1,942"	1.658
	1060	5000	冰寒徽章	30	4.戴宗	04.武器	03.灰	00.無	(0) 無	07.怪物掉寶	"120,700"	"6,035"	3		pc04_weapon_0021			100	254	0	0	0	0	0	0	0	0	0	0	0	0	0	0	0	0	0	0	0	0	0	0	0	0	0	0	0	12.攻擊力 - Attack	2048	11001	1	4011001	420	8.67	"3,642"	1.658
	1061	5000	攀岩帽	30	4.戴宗	01.帽子	04.白	00.無	(0) 無	03.商店購買	"56,300"	"5,630"	0		pc04_hat_0021			100	0	56	0	0	0	0	0	0	0	0	0	0	0	0	0	0	0	0	0	0	0	0	0	0	0	0	0	0	13.防禦力 - Defence	4096	21001	1	4021001	180	9.43	"1,698"	1.658
	1062	5000	攀岩長袍	30	4.戴宗	02.上衣	04.白	00.無	(0) 無	03.商店購買	"72,400"	"7,240"	1		pc04_torso_0021			100	0	121	0	0	0	0	0	0	0	0	0	0	0	0	0	0	0	0	0	0	0	0	0	0	0	0	0	0	13.防禦力 - Defence	4096	21001	1	4021001	180	12.13	"2,184"	1.658
	1063	5000	攀岩鞋	30	4.戴宗	03.褲子	04.白	00.無	(0) 無	03.商店購買	"64,400"	"6,440"	2		pc04_pelvis_0021			100	0	71	0	0	0	0	0	0	0	0	0	0	0	0	0	0	0	0	0	0	0	0	0	0	0	0	0	0	13.防禦力 - Defence	4096	21001	1	4021001	180	10.79	"1,943"	1.658
	1064	5000	攀岩徽章	30	4.戴宗	04.武器	04.白	00.無	(0) 無	03.商店購買	"120,700"	"12,070"	3		pc04_weapon_0021			100	318	0	0	0	0	0	0	0	0	0	0	0	0	0	0	0	0	0	0	0	0	0	0	0	0	0	0	0	12.攻擊力 - Attack	2048	11001	1	4011001	380	9.58	"3,641"	1.658
	1065	5000	高地帽	30	4.戴宗	01.帽子	05.綠	00.無	(1) 智慧	07.怪物掉寶	"56,300"	"2,815"	0		pc04_hat_0021			100	0	60	0	0	0	9	0	0	0	0	0	0	0	0	0	0	0	0	0	0	0	0	0	0	0	0	0	0	13.防禦力 - Defence	4096	21001	2	4021001	190	8.94	"1,699"	1.658
	1066	5000	高地長袍	30	4.戴宗	02.上衣	05.綠	00.無	(1) 最大 HP	07.怪物掉寶	"72,400"	"3,620"	1		pc04_torso_0021			100	0	129	0	0	0	0	0	0	0	0	0	0	0	0	0	0	0	0	130	0	0	0	0	0	0	0	0	0	13.防禦力 - Defence	4096	21001	2	4021001	190	11.49	"2,184"	1.658
	1067	5000	高地鞋	30	4.戴宗	03.褲子	05.綠	00.無	(1) 敏捷	07.怪物掉寶	"64,400"	"3,220"	2		pc04_pelvis_0021			100	0	75	0	9	0	0	0	0	0	0	0	0	0	0	0	0	0	0	0	0	0	0	0	0	0	0	0	0	13.防禦力 - Defence	4096	21001	2	4021001	190	10.22	"1,942"	1.658
	1068	5000	高地徽章	30	4.戴宗	04.武器	05.綠	00.無	(1) 體能	07.怪物掉寶	"120,700"	"6,035"	3		pc04_weapon_0021			100	359	0	0	0	6	0	0	0	0	0	0	0	0	0	0	0	0	0	0	0	0	0	0	0	0	0	0	0	12.攻擊力 - Attack	2048	11001	2	4011001	400	9.1	"3,640"	1.658
	1069	5000	雪山帽	30	4.戴宗	01.帽子	06.藍	00.無	(2) 敏 / 智 平均	12.收集品交換	"56,300"	"2,815"	0		pc04_hat_0021			100	0	72	0	8	0	8	0	0	0	0	0	0	0	0	0	0	0	0	0	0	0	0	0	0	0	0	0	0	13.防禦力 - Defence	4096	21001	2	4021001	190	8.94	"1,699"	1.658
	1070	5000	雪山長袍	30	4.戴宗	02.上衣	06.藍	00.無	(2) HP / 敏	12.收集品交換	"72,400"	"3,620"	1		pc04_torso_0021			100	0	154	0	8	0	0	0	0	0	0	0	0	0	0	0	0	0	0	110	0	0	0	0	0	0	0	0	0	13.防禦力 - Defence	4096	21001	2	4021001	190	11.49	"2,184"	1.658
	1071	5000	雪山鞋	30	4.戴宗	03.褲子	06.藍	00.無	(2) 敏 / 體 平均	12.收集品交換	"64,400"	"3,220"	2		pc04_pelvis_0021			100	0	89	0	8	5	0	0	0	0	0	0	0	0	0	0	0	0	0	0	0	0	0	0	0	0	0	0	0	13.防禦力 - Defence	4096	21001	2	4021001	190	10.22	"1,942"	1.658
	1072	5000	雪山徽章	30	4.戴宗	04.武器	06.藍	00.無	(2) 體 / 智 平均	12.收集品交換	"120,700"	"6,035"	3		pc04_weapon_0021			100	421	0	0	0	5	8	0	0	0	0	0	0	0	0	0	0	0	0	0	0	0	0	0	0	0	0	0	0	12.攻擊力 - Attack	2048	11001	2	4011001	410	8.88	"3,641"	1.658
	1073	5000	斑虎帽	35	4.戴宗	01.帽子	03.灰	00.無	(0) 無	07.怪物掉寶	"114,700"	"5,735"	0		pc04_hat_0030			100	0	54	0	0	0	0	0	0	0	0	0	0	0	0	0	0	0	0	0	0	0	0	0	0	0	0	0	0	13.防禦力 - Defence	4096	21001	1	4021001	200	11.78	"2,356"	2.434
	1074	5000	斑虎衣	35	4.戴宗	02.上衣	03.灰	00.無	(0) 無	07.怪物掉寶	"147,400"	"7,370"	1		pc04_torso_0030			100	0	117	0	0	0	0	0	0	0	0	0	0	0	0	0	0	0	0	0	0	0	0	0	0	0	0	0	0	13.防禦力 - Defence	4096	21001	1	4021001	200	15.14	"3,028"	2.434
	1075	5000	斑虎鞋	35	4.戴宗	03.褲子	03.灰	00.無	(0) 無	07.怪物掉寶	"131,000"	"6,550"	2		pc04_pelvis_0030			100	0	68	0	0	0	0	0	0	0	0	0	0	0	0	0	0	0	0	0	0	0	0	0	0	0	0	0	0	13.防禦力 - Defence	4096	21001	1	4021001	200	13.46	"2,692"	2.434
	1076	5000	斑虎徽章	35	4.戴宗	04.武器	03.灰	00.無	(0) 無	07.怪物掉寶	"245,700"	"12,285"	3		pc04_weapon_0030			100	321	0	0	0	0	0	0	0	0	0	0	0	0	0	0	0	0	0	0	0	0	0	0	0	0	0	0	0	12.攻擊力 - Attack	2048	11001	1	4011001	420	12.02	"5,049"	2.434
	1077	5000	鬥虎帽	35	4.戴宗	01.帽子	04.白	00.無	(0) 無	03.商店購買	"114,700"	"11,470"	0		pc04_hat_0030			100	0	68	0	0	0	0	0	0	0	0	0	0	0	0	0	0	0	0	0	0	0	0	0	0	0	0	0	0	13.防禦力 - Defence	4096	21001	1	4021001	180	13.09	"2,357"	2.434
	1078	5000	鬥虎衣	35	4.戴宗	02.上衣	04.白	00.無	(0) 無	03.商店購買	"147,400"	"14,740"	1		pc04_torso_0030			100	0	146	0	0	0	0	0	0	0	0	0	0	0	0	0	0	0	0	0	0	0	0	0	0	0	0	0	0	13.防禦力 - Defence	4096	21001	1	4021001	180	16.83	"3,030"	2.434
	1079	5000	鬥虎鞋	35	4.戴宗	03.褲子	04.白	00.無	(0) 無	03.商店購買	"131,000"	"13,100"	2		pc04_pelvis_0030			100	0	85	0	0	0	0	0	0	0	0	0	0	0	0	0	0	0	0	0	0	0	0	0	0	0	0	0	0	13.防禦力 - Defence	4096	21001	1	4021001	180	14.95	"2,691"	2.434
	1080	5000	鬥虎徽章	35	4.戴宗	04.武器	04.白	00.無	(0) 無	03.商店購買	"245,700"	"24,570"	3		pc04_weapon_0030			100	401	0	0	0	0	0	0	0	0	0	0	0	0	0	0	0	0	0	0	0	0	0	0	0	0	0	0	0	12.攻擊力 - Attack	2048	11001	1	4011001	380	13.29	"5,051"	2.434
	1081	5000	悍虎帽	35	4.戴宗	01.帽子	05.綠	00.無	(1) 智慧	07.怪物掉寶	"114,700"	"5,735"	0		pc04_hat_0030			100	0	72	0	0	0	10	0	0	0	0	0	0	0	0	0	0	0	0	0	0	0	0	0	0	0	0	0	0	13.防禦力 - Defence	4096	21001	2	4021001	190	12.4	"2,356"	2.434
	1082	5000	悍虎衣	35	4.戴宗	02.上衣	05.綠	00.無	(1) 最大 HP	07.怪物掉寶	"147,400"	"7,370"	1		pc04_torso_0030			100	0	154	0	0	0	0	0	0	0	0	0	0	0	0	0	0	0	0	140	0	0	0	0	0	0	0	0	0	13.防禦力 - Defence	4096	21001	2	4021001	190	15.94	"3,029"	2.434
	1083	5000	悍虎鞋	35	4.戴宗	03.褲子	05.綠	00.無	(1) 敏捷	07.怪物掉寶	"131,000"	"6,550"	2		pc04_pelvis_0030			100	0	90	0	10	0	0	0	0	0	0	0	0	0	0	0	0	0	0	0	0	0	0	0	0	0	0	0	0	13.防禦力 - Defence	4096	21001	2	4021001	190	14.17	"2,693"	2.434
	1084	5000	悍虎徽章	35	4.戴宗	04.武器	05.綠	00.無	(1) 體能	07.怪物掉寶	"245,700"	"12,285"	3		pc04_weapon_0030			100	449	0	0	0	7	0	0	0	0	0	0	0	0	0	0	0	0	0	0	0	0	0	0	0	0	0	0	0	12.攻擊力 - Attack	2048	11001	2	4011001	400	12.62	"5,048"	2.434
	1085	5000	烈虎帽	35	4.戴宗	01.帽子	06.藍	00.無	(2) 敏 / 智 平均	12.收集品交換	"114,700"	"5,735"	0		pc04_hat_0030			100	0	84	0	9	0	9	0	0	0	0	0	0	0	0	0	0	0	0	0	0	0	0	0	0	0	0	0	0	13.防禦力 - Defence	4096	21001	2	4021001	190	12.4	"2,356"	2.434
	1086	5000	烈虎衣	35	4.戴宗	02.上衣	06.藍	00.無	(2) HP / 敏	12.收集品交換	"147,400"	"7,370"	1		pc04_torso_0030			100	0	181	0	9	0	0	0	0	0	0	0	0	0	0	0	0	0	0	130	0	0	0	0	0	0	0	0	0	13.防禦力 - Defence	4096	21001	2	4021001	190	15.94	"3,029"	2.434
	1087	5000	烈虎鞋	35	4.戴宗	03.褲子	06.藍	00.無	(2) 敏 / 體 平均	12.收集品交換	"131,000"	"6,550"	2		pc04_pelvis_0030			100	0	105	0	9	6	0	0	0	0	0	0	0	0	0	0	0	0	0	0	0	0	0	0	0	0	0	0	0	13.防禦力 - Defence	4096	21001	2	4021001	190	14.17	"2,693"	2.434
	1088	5000	烈虎徽章	35	4.戴宗	04.武器	06.藍	00.無	(2) 體 / 智 平均	12.收集品交換	"245,700"	"12,285"	3		pc04_weapon_0030			100	522	0	0	0	6	9	0	0	0	0	0	0	0	0	0	0	0	0	0	0	0	0	0	0	0	0	0	0	12.攻擊力 - Attack	2048	11001	2	4011001	410	12.31	"5,048"	2.434
	1089	5000	紋虎帽	40	4.戴宗	01.帽子	03.灰	00.無	(0) 無	07.怪物掉寶	"211,200"	"10,560"	0		pc04_hat_0031			100	0	64	0	0	0	0	0	0	0	0	0	0	0	0	0	0	0	0	0	0	0	0	0	0	0	0	0	0	13.防禦力 - Defence	4096	21001	1	4021001	200	16.05	"3,210"	3.29
	1090	5000	紋虎長袍	40	4.戴宗	02.上衣	03.灰	00.無	(0) 無	07.怪物掉寶	"271,500"	"13,575"	1		pc04_torso_0031			100	0	138	0	0	0	0	0	0	0	0	0	0	0	0	0	0	0	0	0	0	0	0	0	0	0	0	0	0	13.防禦力 - Defence	4096	21001	1	4021001	200	20.64	"4,128"	3.29
	1091	5000	紋虎鞋	40	4.戴宗	03.褲子	03.灰	00.無	(0) 無	07.怪物掉寶	"241,300"	"12,065"	2		pc04_pelvis_0031			100	0	80	0	0	0	0	0	0	0	0	0	0	0	0	0	0	0	0	0	0	0	0	0	0	0	0	0	0	13.防禦力 - Defence	4096	21001	1	4021001	200	18.34	"3,668"	3.29
	1092	5000	紋虎徽章	40	4.戴宗	04.武器	03.灰	00.無	(0) 無	07.怪物掉寶	"452,500"	"22,625"	3		pc04_weapon_0031			100	397	0	0	0	0	0	0	0	0	0	0	0	0	0	0	0	0	0	0	0	0	0	0	0	0	0	0	0	12.攻擊力 - Attack	2048	11001	1	4011001	420	16.38	"6,880"	3.29
	1093	5000	幻虎帽	40	4.戴宗	01.帽子	04.白	00.無	(0) 無	03.商店購買	"211,200"	"21,120"	0		pc04_hat_0031			100	0	80	0	0	0	0	0	0	0	0	0	0	0	0	0	0	0	0	0	0	0	0	0	0	0	0	0	0	13.防禦力 - Defence	4096	21001	1	4021001	180	17.84	"3,212"	3.29
	1094	5000	幻虎長袍	40	4.戴宗	02.上衣	04.白	00.無	(0) 無	03.商店購買	"271,500"	"27,150"	1		pc04_torso_0031			100	0	173	0	0	0	0	0	0	0	0	0	0	0	0	0	0	0	0	0	0	0	0	0	0	0	0	0	0	13.防禦力 - Defence	4096	21001	1	4021001	180	22.93	"4,128"	3.29
	1095	5000	幻虎鞋	40	4.戴宗	03.褲子	04.白	00.無	(0) 無	03.商店購買	"241,300"	"24,130"	2		pc04_pelvis_0031			100	0	100	0	0	0	0	0	0	0	0	0	0	0	0	0	0	0	0	0	0	0	0	0	0	0	0	0	0	13.防禦力 - Defence	4096	21001	1	4021001	180	20.38	"3,669"	3.29
	1096	5000	幻虎徽章	40	4.戴宗	04.武器	04.白	00.無	(0) 無	03.商店購買	"452,500"	"45,250"	3		pc04_weapon_0031			100	497	0	0	0	0	0	0	0	0	0	0	0	0	0	0	0	0	0	0	0	0	0	0	0	0	0	0	0	12.攻擊力 - Attack	2048	11001	1	4011001	380	18.1	"6,878"	3.29
	1097	5000	冥虎帽	40	4.戴宗	01.帽子	05.綠	00.無	(1) 智慧	07.怪物掉寶	"211,200"	"10,560"	0		pc04_hat_0031			100	0	83	0	0	0	11	0	0	0	0	0	0	0	0	0	0	0	0	0	0	0	0	0	0	0	0	0	0	13.防禦力 - Defence	4096	21001	2	4021001	190	16.9	"3,211"	3.29
	1098	5000	冥虎長袍	40	4.戴宗	02.上衣	05.綠	00.無	(1) 最大 HP	07.怪物掉寶	"271,500"	"13,575"	1		pc04_torso_0031			100	0	179	0	0	0	0	0	0	0	0	0	0	0	0	0	0	0	0	160	0	0	0	0	0	0	0	0	0	13.防禦力 - Defence	4096	21001	2	4021001	190	21.72	"4,127"	3.29
	1099	5000	冥虎鞋	40	4.戴宗	03.褲子	05.綠	00.無	(1) 敏捷	07.怪物掉寶	"241,300"	"12,065"	2		pc04_pelvis_0031			100	0	104	0	11	0	0	0	0	0	0	0	0	0	0	0	0	0	0	0	0	0	0	0	0	0	0	0	0	13.防禦力 - Defence	4096	21001	2	4021001	190	19.31	"3,669"	3.29
	1100	5000	冥虎徽章	40	4.戴宗	04.武器	05.綠	00.無	(1) 體能	07.怪物掉寶	"452,500"	"22,625"	3		pc04_weapon_0031			100	552	0	0	0	8	0	0	0	0	0	0	0	0	0	0	0	0	0	0	0	0	0	0	0	0	0	0	0	12.攻擊力 - Attack	2048	11001	2	4011001	400	17.2	"6,880"	3.29
	1101	5000	靈虎帽	40	4.戴宗	01.帽子	06.藍	00.無	(2) 敏 / 智 平均	12.收集品交換	"211,200"	"10,560"	0		pc04_hat_0031			100	0	98	0	10	0	9	0	0	0	0	0	0	0	0	0	0	0	0	0	0	0	0	0	0	0	0	0	0	13.防禦力 - Defence	4096	21001	2	4021001	190	16.9	"3,211"	3.29
	1102	5000	靈虎長袍	40	4.戴宗	02.上衣	06.藍	00.無	(2) HP / 敏	12.收集品交換	"271,500"	"13,575"	1		pc04_torso_0031			100	0	210	0	10	0	0	0	0	0	0	0	0	0	0	0	0	0	0	140	0	0	0	0	0	0	0	0	0	13.防禦力 - Defence	4096	21001	2	4021001	190	21.72	"4,127"	3.29
	1103	5000	靈虎鞋	40	4.戴宗	03.褲子	06.藍	00.無	(2) 敏 / 體 平均	12.收集品交換	"241,300"	"12,065"	2		pc04_pelvis_0031			100	0	122	0	10	7	0	0	0	0	0	0	0	0	0	0	0	0	0	0	0	0	0	0	0	0	0	0	0	13.防禦力 - Defence	4096	21001	2	4021001	190	19.31	"3,669"	3.29
	1104	5000	靈虎徽章	40	4.戴宗	04.武器	06.藍	00.無	(2) 體 / 智 平均	12.收集品交換	"452,500"	"22,625"	3		pc04_weapon_0031			100	639	0	0	0	7	9	0	0	0	0	0	0	0	0	0	0	0	0	0	0	0	0	0	0	0	0	0	0	12.攻擊力 - Attack	2048	11001	2	4011001	410	16.78	"6,880"	3.29
	1105	5000	溫泉泡澡帽	45	4.戴宗	01.帽子	07.紫	00.無	(3) MP / 敏 / 智	07.怪物掉寶	"363,000"	"18,150"	0		pc04_hat_0032			100	0	126	0	10	0	9	0	0	0	0	0	0	0	0	0	0	0	0	0	470	0	0	0	0	0	0	0	0	13.防禦力 - Defence	4096	21001	3	6021001	200	21.3	"4,260"	4.261
	1106	5000	溫泉泡澡袍	45	4.戴宗	02.上衣	07.紫	00.無	(3) HP / 敏 / 智	07.怪物掉寶	"467,000"	"23,350"	1		pc04_torso_0032			100	0	271	0	10	0	9	0	0	0	0	0	0	0	0	0	0	0	0	130	0	0	0	0	0	0	0	0	0	13.防禦力 - Defence	4096	21001	3	6021001	200	27.4	"5,480"	4.261
	1107	5000	溫泉泡澡鞋	45	4.戴宗	03.褲子	07.紫	00.無	(3) MP / 敏 / 體	07.怪物掉寶	"415,000"	"20,750"	2		pc04_pelvis_0032			100	0	157	0	10	6	0	0	0	0	0	0	0	0	0	0	0	0	0	0	240	0	0	0	0	0	0	0	0	13.防禦力 - Defence	4096	21001	3	6021001	200	24.35	"4,870"	4.261
	1108	5000	溫泉泡澡徽章	45	4.戴宗	04.武器	07.紫	00.無	(3) HP / 體 / 智	07.怪物掉寶	"778,000"	"38,900"	3		pc04_weapon_0032			100	931	0	0	0	6	9	0	0	0	0	0	0	0	0	0	0	0	0	70	0	0	0	0	0	0	0	0	0	12.攻擊力 - Attack	2048	11001	3	6011001	420	21.74	"9,131"	4.261
	1109	5000	戰俘帽	45	4.戴宗	01.帽子	03.灰	00.無	(0) 無	07.怪物掉寶	"363,000"	"18,150"	0		pc04_hat_0040			100	0	74	0	0	0	0	0	0	0	0	0	0	0	0	0	0	0	0	0	0	0	0	0	0	0	0	0	0	13.防禦力 - Defence	4096	21001	1	6021001	200	21.3	"4,260"	4.261
	1110	5000	戰俘長袍	45	4.戴宗	02.上衣	03.灰	00.無	(0) 無	07.怪物掉寶	"467,000"	"23,350"	1		pc04_torso_0040			100	0	160	0	0	0	0	0	0	0	0	0	0	0	0	0	0	0	0	0	0	0	0	0	0	0	0	0	0	13.防禦力 - Defence	4096	21001	1	6021001	200	27.4	"5,480"	4.261
	1111	5000	戰俘鞋	45	4.戴宗	03.褲子	03.灰	00.無	(0) 無	07.怪物掉寶	"415,000"	"20,750"	2		pc04_pelvis_0040			100	0	93	0	0	0	0	0	0	0	0	0	0	0	0	0	0	0	0	0	0	0	0	0	0	0	0	0	0	13.防禦力 - Defence	4096	21001	1	6021001	200	24.35	"4,870"	4.261
	1112	5000	戰俘徽章	45	4.戴宗	04.武器	03.灰	00.無	(0) 無	07.怪物掉寶	"778,000"	"38,900"	3		pc04_weapon_0040			100	487	0	0	0	0	0	0	0	0	0	0	0	0	0	0	0	0	0	0	0	0	0	0	0	0	0	0	0	12.攻擊力 - Attack	2048	11001	1	6011001	420	21.74	"9,131"	4.261
	1113	5000	乞討帽	45	4.戴宗	01.帽子	04.白	00.無	(0) 無	03.商店購買	"363,000"	"36,300"	0		pc04_hat_0040			100	0	93	0	0	0	0	0	0	0	0	0	0	0	0	0	0	0	0	0	0	0	0	0	0	0	0	0	0	13.防禦力 - Defence	4096	21001	1	6021001	180	23.66	"4,259"	4.261
	1114	5000	乞討長袍	45	4.戴宗	02.上衣	04.白	00.無	(0) 無	03.商店購買	"467,000"	"46,700"	1		pc04_torso_0040			100	0	200	0	0	0	0	0	0	0	0	0	0	0	0	0	0	0	0	0	0	0	0	0	0	0	0	0	0	13.防禦力 - Defence	4096	21001	1	6021001	180	30.44	"5,480"	4.261
	1115	5000	乞討鞋	45	4.戴宗	03.褲子	04.白	00.無	(0) 無	03.商店購買	"415,000"	"41,500"	2		pc04_pelvis_0040			100	0	116	0	0	0	0	0	0	0	0	0	0	0	0	0	0	0	0	0	0	0	0	0	0	0	0	0	0	13.防禦力 - Defence	4096	21001	1	6021001	180	27.05	"4,869"	4.261
	1116	5000	乞討徽章	45	4.戴宗	04.武器	04.白	00.無	(0) 無	03.商店購買	"778,000"	"77,800"	3		pc04_weapon_0040			100	608	0	0	0	0	0	0	0	0	0	0	0	0	0	0	0	0	0	0	0	0	0	0	0	0	0	0	0	12.攻擊力 - Attack	2048	11001	1	6011001	380	24.02	"9,128"	4.261
	1117	5000	勸敗帽	45	4.戴宗	01.帽子	05.綠	00.無	(1) 智慧	07.怪物掉寶	"363,000"	"18,150"	0		pc04_hat_0040			100	0	96	0	0	0	12	0	0	0	0	0	0	0	0	0	0	0	0	0	0	0	0	0	0	0	0	0	0	13.防禦力 - Defence	4096	21001	2	6021001	190	22.42	"4,260"	4.261
	1118	5000	勸敗長袍	45	4.戴宗	02.上衣	05.綠	00.無	(1) 最大 HP	07.怪物掉寶	"467,000"	"23,350"	1		pc04_torso_0040			100	0	206	0	0	0	0	0	0	0	0	0	0	0	0	0	0	0	0	170	0	0	0	0	0	0	0	0	0	13.防禦力 - Defence	4096	21001	2	6021001	190	28.84	"5,480"	4.261
	1119	5000	勸敗討鞋	45	4.戴宗	03.褲子	05.綠	00.無	(1) 敏捷	07.怪物掉寶	"415,000"	"20,750"	2		pc04_pelvis_0040			100	0	120	0	13	0	0	0	0	0	0	0	0	0	0	0	0	0	0	0	0	0	0	0	0	0	0	0	0	13.防禦力 - Defence	4096	21001	2	6021001	190	25.63	"4,870"	4.261
	1120	5000	勸敗徽章	45	4.戴宗	04.武器	05.綠	00.無	(1) 體能	07.怪物掉寶	"778,000"	"38,900"	3		pc04_weapon_0040			100	671	0	0	0	8	0	0	0	0	0	0	0	0	0	0	0	0	0	0	0	0	0	0	0	0	0	0	0	12.攻擊力 - Attack	2048	11001	2	6011001	400	22.82	"9,128"	4.261
	1121	5000	返光帽	45	4.戴宗	01.帽子	06.藍	00.無	(2) 敏 / 智 平均	12.收集品交換	"363,000"	"18,150"	0		pc04_hat_0040			100	0	112	0	11	0	10	0	0	0	0	0	0	0	0	0	0	0	0	0	0	0	0	0	0	0	0	0	0	13.防禦力 - Defence	4096	21001	2	6021001	190	22.42	"4,260"	4.261
	1122	5000	返光長袍	45	4.戴宗	02.上衣	06.藍	00.無	(2) HP / 敏	12.收集品交換	"467,000"	"23,350"	1		pc04_torso_0040			100	0	240	0	10	0	0	0	0	0	0	0	0	0	0	0	0	0	0	150	0	0	0	0	0	0	0	0	0	13.防禦力 - Defence	4096	21001	2	6021001	190	28.84	"5,480"	4.261
	1123	5000	返光討鞋	45	4.戴宗	03.褲子	06.藍	00.無	(2) 敏 / 體 平均	12.收集品交換	"415,000"	"20,750"	2		pc04_pelvis_0040			100	0	140	0	11	7	0	0	0	0	0	0	0	0	0	0	0	0	0	0	0	0	0	0	0	0	0	0	0	13.防禦力 - Defence	4096	21001	2	6021001	190	25.63	"4,870"	4.261
	1124	5000	返光徽章	45	4.戴宗	04.武器	06.藍	00.無	(2) 體 / 智 平均	12.收集品交換	"778,000"	"38,900"	3		pc04_weapon_0040			100	775	0	0	0	7	10	0	0	0	0	0	0	0	0	0	0	0	0	0	0	0	0	0	0	0	0	0	0	12.攻擊力 - Attack	2048	11001	2	6011001	410	22.27	"9,131"	4.261
	1125	5000	虛無帽	50	4.戴宗	01.帽子	03.灰	00.無	(0) 無	07.怪物掉寶	"592,000"	"29,600"	0		pc04_hat_0041			100	0	85	0	0	0	0	0	0	0	0	0	0	0	0	0	0	0	0	0	0	0	0	0	0	0	0	0	0	13.防禦力 - Defence	4096	21001	1	6021001	200	27.67	"5,534"	5.349
	1126	5000	虛無長袍	50	4.戴宗	02.上衣	03.灰	00.無	(0) 無	07.怪物掉寶	"762,000"	"38,100"	1		pc04_torso_0041			100	0	183	0	0	0	0	0	0	0	0	0	0	0	0	0	0	0	0	0	0	0	0	0	0	0	0	0	0	13.防禦力 - Defence	4096	21001	1	6021001	200	35.62	"7,124"	5.349
	1127	5000	虛無鞋	50	4.戴宗	03.褲子	03.灰	00.無	(0) 無	07.怪物掉寶	"677,000"	"33,850"	2		pc04_pelvis_0041			100	0	106	0	0	0	0	0	0	0	0	0	0	0	0	0	0	0	0	0	0	0	0	0	0	0	0	0	0	13.防禦力 - Defence	4096	21001	1	6021001	200	31.64	"6,328"	5.349
	1128	5000	虛無徽章	50	4.戴宗	04.武器	03.灰	00.無	(0) 無	07.怪物掉寶	"1,269,000"	"63,450"	3		pc04_weapon_0041			100	590	0	0	0	0	0	0	0	0	0	0	0	0	0	0	0	0	0	0	0	0	0	0	0	0	0	0	0	12.攻擊力 - Attack	2048	11001	1	6011001	420	28.24	"11,861"	5.349
	1129	5000	靜默帽	50	4.戴宗	01.帽子	04.白	00.無	(0) 無	03.商店購買	"592,000"	"59,200"	0		pc04_hat_0041			100	0	106	0	0	0	0	0	0	0	0	0	0	0	0	0	0	0	0	0	0	0	0	0	0	0	0	0	0	13.防禦力 - Defence	4096	21001	1	6021001	180	30.74	"5,534"	5.349
	1130	5000	靜默長袍	50	4.戴宗	02.上衣	04.白	00.無	(0) 無	03.商店購買	"762,000"	"76,200"	1		pc04_torso_0041			100	0	229	0	0	0	0	0	0	0	0	0	0	0	0	0	0	0	0	0	0	0	0	0	0	0	0	0	0	13.防禦力 - Defence	4096	21001	1	6021001	180	39.57	"7,123"	5.349
	1131	5000	靜默鞋	50	4.戴宗	03.褲子	04.白	00.無	(0) 無	03.商店購買	"677,000"	"67,700"	2		pc04_pelvis_0041			100	0	133	0	0	0	0	0	0	0	0	0	0	0	0	0	0	0	0	0	0	0	0	0	0	0	0	0	0	13.防禦力 - Defence	4096	21001	1	6021001	180	35.16	"6,329"	5.349
	1132	5000	靜默徽章	50	4.戴宗	04.武器	04.白	00.無	(0) 無	03.商店購買	"1,269,000"	"126,900"	3		pc04_weapon_0041			100	738	0	0	0	0	0	0	0	0	0	0	0	0	0	0	0	0	0	0	0	0	0	0	0	0	0	0	0	12.攻擊力 - Attack	2048	11001	1	6011001	380	31.22	"11,864"	5.349
	1133	5000	災厄帽	50	4.戴宗	01.帽子	05.綠	00.無	(1) 智慧	07.怪物掉寶	"592,000"	"29,600"	0		pc04_hat_0041			100	0	108	0	0	0	13	0	0	0	0	0	0	0	0	0	0	0	0	0	0	0	0	0	0	0	0	0	0	13.防禦力 - Defence	4096	21001	2	6021001	190	29.13	"5,535"	5.349
	1134	5000	災厄長袍	50	4.戴宗	02.上衣	05.綠	00.無	(1) 最大 HP	07.怪物掉寶	"762,000"	"38,100"	1		pc04_torso_0041			100	0	232	0	0	0	0	0	0	0	0	0	0	0	0	0	0	0	0	190	0	0	0	0	0	0	0	0	0	13.防禦力 - Defence	4096	21001	2	6021001	190	37.49	"7,124"	5.349
	1135	5000	災厄鞋	50	4.戴宗	03.褲子	05.綠	00.無	(1) 敏捷	07.怪物掉寶	"677,000"	"33,850"	2		pc04_pelvis_0041			100	0	135	0	14	0	0	0	0	0	0	0	0	0	0	0	0	0	0	0	0	0	0	0	0	0	0	0	0	13.防禦力 - Defence	4096	21001	2	6021001	190	33.31	"6,329"	5.349
	1136	5000	災厄徽章	50	4.戴宗	04.武器	05.綠	00.無	(1) 體能	07.怪物掉寶	"1,269,000"	"63,450"	3		pc04_weapon_0041			100	810	0	0	0	9	0	0	0	0	0	0	0	0	0	0	0	0	0	0	0	0	0	0	0	0	0	0	0	12.攻擊力 - Attack	2048	11001	2	6011001	400	29.66	"11,864"	5.349
	1137	5000	?靈帽	50	4.戴宗	01.帽子	06.藍	00.無	(2) 敏 / 智 平均	12.收集品交換	"592,000"	"29,600"	0		pc04_hat_0041			100	0	126	0	12	0	11	0	0	0	0	0	0	0	0	0	0	0	0	0	0	0	0	0	0	0	0	0	0	13.防禦力 - Defence	4096	21001	2	6021001	190	29.13	"5,535"	5.349
	1138	5000	?靈長袍	50	4.戴宗	02.上衣	06.藍	00.無	(2) HP / 敏	12.收集品交換	"762,000"	"38,100"	1		pc04_torso_0041			100	0	271	0	11	0	0	0	0	0	0	0	0	0	0	0	0	0	0	160	0	0	0	0	0	0	0	0	0	13.防禦力 - Defence	4096	21001	2	6021001	190	37.49	"7,124"	5.349
	1139	5000	?靈鞋	50	4.戴宗	03.褲子	06.藍	00.無	(2) 敏 / 體 平均	12.收集品交換	"677,000"	"33,850"	2		pc04_pelvis_0041			100	0	157	0	12	8	0	0	0	0	0	0	0	0	0	0	0	0	0	0	0	0	0	0	0	0	0	0	0	13.防禦力 - Defence	4096	21001	2	6021001	190	33.31	"6,329"	5.349
	1140	5000	?靈徽章	50	4.戴宗	04.武器	06.藍	00.無	(2) 體 / 智 平均	12.收集品交換	"1,269,000"	"63,450"	3		pc04_weapon_0041			100	931	0	0	0	8	11	0	0	0	0	0	0	0	0	0	0	0	0	0	0	0	0	0	0	0	0	0	0	12.攻擊力 - Attack	2048	11001	2	6011001	410	28.93	"11,862"	5.349
	1141	5000	導引帽	55	4.戴宗	01.帽子	03.灰	00.無	(0) 無	07.怪物掉寶	"929,000"	"46,450"	0		pc04_hat_0050			100	0	96	0	0	0	0	0	0	0	0	0	0	0	0	0	0	0	0	0	0	0	0	0	0	0	0	0	0	13.防禦力 - Defence	4096	21001	1	6021001	200	35.46	"7,092"	6.55
	1142	5000	導引長袍	55	4.戴宗	02.上衣	03.灰	00.無	(0) 無	07.怪物掉寶	"1,194,000"	"59,700"	1		pc04_torso_0050			100	0	206	0	0	0	0	0	0	0	0	0	0	0	0	0	0	0	0	0	0	0	0	0	0	0	0	0	0	13.防禦力 - Defence	4096	21001	1	6021001	200	45.58	"9,116"	6.55
	1143	5000	導引鞋	55	4.戴宗	03.褲子	03.灰	00.無	(0) 無	07.怪物掉寶	"1,061,000"	"53,050"	2		pc04_pelvis_0050			100	0	120	0	0	0	0	0	0	0	0	0	0	0	0	0	0	0	0	0	0	0	0	0	0	0	0	0	0	13.防禦力 - Defence	4096	21001	1	6021001	200	40.5	"8,100"	6.55
	1144	5000	導引徽章	55	4.戴宗	04.武器	03.灰	00.無	(0) 無	07.怪物掉寶	"1,990,000"	"99,500"	3		pc04_weapon_0050			100	709	0	0	0	0	0	0	0	0	0	0	0	0	0	0	0	0	0	0	0	0	0	0	0	0	0	0	0	12.攻擊力 - Attack	2048	11001	1	6011001	420	36.17	"15,192"	6.55
	1145	5000	凝望帽	55	4.戴宗	01.帽子	04.白	00.無	(0) 無	03.商店購買	"929,000"	"92,900"	0		pc04_hat_0050			100	0	120	0	0	0	0	0	0	0	0	0	0	0	0	0	0	0	0	0	0	0	0	0	0	0	0	0	0	13.防禦力 - Defence	4096	21001	1	6021001	180	39.4	"7,092"	6.55
	1146	5000	凝望長袍	55	4.戴宗	02.上衣	04.白	00.無	(0) 無	03.商店購買	"1,194,000"	"119,400"	1		pc04_torso_0050			100	0	258	0	0	0	0	0	0	0	0	0	0	0	0	0	0	0	0	0	0	0	0	0	0	0	0	0	0	13.防禦力 - Defence	4096	21001	1	6021001	180	50.64	"9,116"	6.55
	1147	5000	凝望鞋	55	4.戴宗	03.褲子	04.白	00.無	(0) 無	03.商店購買	"1,061,000"	"106,100"	2		pc04_pelvis_0050			100	0	150	0	0	0	0	0	0	0	0	0	0	0	0	0	0	0	0	0	0	0	0	0	0	0	0	0	0	13.防禦力 - Defence	4096	21001	1	6021001	180	45	"8,100"	6.55
	1148	5000	凝望徽章	55	4.戴宗	04.武器	04.白	00.無	(0) 無	03.商店購買	"1,990,000"	"199,000"	3		pc04_weapon_0050			100	886	0	0	0	0	0	0	0	0	0	0	0	0	0	0	0	0	0	0	0	0	0	0	0	0	0	0	0	12.攻擊力 - Attack	2048	11001	1	6011001	380	39.98	"15,193"	6.55
	1149	5000	吟遊帽	55	4.戴宗	01.帽子	05.綠	00.無	(1) 智慧	07.怪物掉寶	"929,000"	"46,450"	0		pc04_hat_0050			100	0	121	0	0	0	14	0	0	0	0	0	0	0	0	0	0	0	0	0	0	0	0	0	0	0	0	0	0	13.防禦力 - Defence	4096	21001	2	6021001	190	37.33	"7,093"	6.55
	1150	5000	吟遊長袍	55	4.戴宗	02.上衣	05.綠	00.無	(1) 最大 HP	07.怪物掉寶	"1,194,000"	"59,700"	1		pc04_torso_0050			100	0	260	0	0	0	0	0	0	0	0	0	0	0	0	0	0	0	0	200	0	0	0	0	0	0	0	0	0	13.防禦力 - Defence	4096	21001	2	6021001	190	47.98	"9,117"	6.55
	1151	5000	吟遊鞋	55	4.戴宗	03.褲子	05.綠	00.無	(1) 敏捷	07.怪物掉寶	"1,061,000"	"53,050"	2		pc04_pelvis_0050			100	0	151	0	15	0	0	0	0	0	0	0	0	0	0	0	0	0	0	0	0	0	0	0	0	0	0	0	0	13.防禦力 - Defence	4096	21001	2	6021001	190	42.63	"8,100"	6.55
	1152	5000	吟遊徽章	55	4.戴宗	04.武器	05.綠	00.無	(1) 體能	07.怪物掉寶	"1,990,000"	"99,500"	3		pc04_weapon_0050			100	969	0	0	0	10	0	0	0	0	0	0	0	0	0	0	0	0	0	0	0	0	0	0	0	0	0	0	0	12.攻擊力 - Attack	2048	11001	2	6011001	400	37.98	"15,192"	6.55
	1153	5000	祈禱帽	55	4.戴宗	01.帽子	06.藍	00.無	(2) 敏 / 智 平均	12.收集品交換	"929,000"	"46,450"	0		pc04_hat_0050			100	0	140	0	13	0	12	0	0	0	0	0	0	0	0	0	0	0	0	0	0	0	0	0	0	0	0	0	0	13.防禦力 - Defence	4096	21001	2	6021001	190	37.33	"7,093"	6.55
	1154	5000	祈禱長袍	55	4.戴宗	02.上衣	06.藍	00.無	(2) HP / 敏	12.收集品交換	"1,194,000"	"59,700"	1		pc04_torso_0050			100	0	302	0	12	0	0	0	0	0	0	0	0	0	0	0	0	0	0	180	0	0	0	0	0	0	0	0	0	13.防禦力 - Defence	4096	21001	2	6021001	190	47.98	"9,117"	6.55
	1155	5000	祈禱鞋	55	4.戴宗	03.褲子	06.藍	00.無	(2) 敏 / 體 平均	12.收集品交換	"1,061,000"	"53,050"	2		pc04_pelvis_0050			100	0	175	0	13	9	0	0	0	0	0	0	0	0	0	0	0	0	0	0	0	0	0	0	0	0	0	0	0	13.防禦力 - Defence	4096	21001	2	6021001	190	42.63	"8,100"	6.55
	1156	5000	祈禱徽章	55	4.戴宗	04.武器	06.藍	00.無	(2) 體 / 智 平均	12.收集品交換	"1,990,000"	"99,500"	3		pc04_weapon_0050			100	1111	0	0	0	9	12	0	0	0	0	0	0	0	0	0	0	0	0	0	0	0	0	0	0	0	0	0	0	12.攻擊力 - Attack	2048	11001	2	6011001	410	37.06	"15,195"	6.55
	1157	5000	狂氣法帽	60	4.戴宗	01.帽子	03.灰	00.無	(0) 無	07.怪物掉寶	"1,407,000"	"70,350"	0		pc04_hat_0051			100	0	107	0	0	0	0	0	0	0	0	0	0	0	0	0	0	0	0	0	0	0	0	0	0	0	0	0	0	13.防禦力 - Defence	4096	21001	1	6021001	200	44.82	"8,964"	7.848
	1158	5000	狂氣法袍	60	4.戴宗	02.上衣	03.灰	00.無	(0) 無	07.怪物掉寶	"1,809,000"	"90,450"	1		pc04_torso_0051			100	0	230	0	0	0	0	0	0	0	0	0	0	0	0	0	0	0	0	0	0	0	0	0	0	0	0	0	0	13.防禦力 - Defence	4096	21001	1	6021001	200	57.63	"11,526"	7.848
	1159	5000	狂氣法鞋	60	4.戴宗	03.褲子	03.灰	00.無	(0) 無	07.怪物掉寶	"1,608,000"	"80,400"	2		pc04_pelvis_0051			100	0	134	0	0	0	0	0	0	0	0	0	0	0	0	0	0	0	0	0	0	0	0	0	0	0	0	0	0	13.防禦力 - Defence	4096	21001	1	6021001	200	51.23	"10,246"	7.848
	1160	5000	狂氣徽章	60	4.戴宗	04.武器	03.灰	00.無	(0) 無	07.怪物掉寶	"3,015,000"	"150,750"	3		pc04_weapon_0051			100	847	0	0	0	0	0	0	0	0	0	0	0	0	0	0	0	0	0	0	0	0	0	0	0	0	0	0	0	12.攻擊力 - Attack	2048	11001	1	6011001	420	45.74	"19,211"	7.848
	1161	5000	秘術法帽	60	4.戴宗	01.帽子	04.白	00.無	(0) 無	03.商店購買	"1,407,000"	"140,700"	0		pc04_hat_0051			100	0	134	0	0	0	0	0	0	0	0	0	0	0	0	0	0	0	0	0	0	0	0	0	0	0	0	0	0	13.防禦力 - Defence	4096	21001	1	6021001	180	49.8	"8,964"	7.848
	1162	5000	秘術法袍	60	4.戴宗	02.上衣	04.白	00.無	(0) 無	03.商店購買	"1,809,000"	"180,900"	1		pc04_torso_0051			100	0	287	0	0	0	0	0	0	0	0	0	0	0	0	0	0	0	0	0	0	0	0	0	0	0	0	0	0	13.防禦力 - Defence	4096	21001	1	6021001	180	64.03	"11,526"	7.848
	1163	5000	秘術法鞋	60	4.戴宗	03.褲子	04.白	00.無	(0) 無	03.商店購買	"1,608,000"	"160,800"	2		pc04_pelvis_0051			100	0	167	0	0	0	0	0	0	0	0	0	0	0	0	0	0	0	0	0	0	0	0	0	0	0	0	0	0	13.防禦力 - Defence	4096	21001	1	6021001	180	56.92	"10,246"	7.848
	1164	5000	秘術神徽章	60	4.戴宗	04.武器	04.白	00.無	(0) 無	03.商店購買	"3,015,000"	"301,500"	3		pc04_weapon_0051			100	1058	0	0	0	0	0	0	0	0	0	0	0	0	0	0	0	0	0	0	0	0	0	0	0	0	0	0	0	12.攻擊力 - Attack	2048	11001	1	6011001	380	50.55	"19,209"	7.848
	1165	5000	異象帽	60	4.戴宗	01.帽子	05.綠	00.無	(1) 智慧	07.怪物掉寶	"1,407,000"	"70,350"	0		pc04_hat_0051			100	0	134	0	0	0	15	0	0	0	0	0	0	0	0	0	0	0	0	0	0	0	0	0	0	0	0	0	0	13.防禦力 - Defence	4096	21001	2	6021001	190	47.18	"8,965"	7.848
	1166	5000	異象長袍	60	4.戴宗	02.上衣	05.綠	00.無	(1) 最大 HP	07.怪物掉寶	"1,809,000"	"90,450"	1		pc04_torso_0051			100	0	288	0	0	0	0	0	0	0	0	0	0	0	0	0	0	0	0	220	0	0	0	0	0	0	0	0	0	13.防禦力 - Defence	4096	21001	2	6021001	190	60.66	"11,526"	7.848
	1167	5000	異象鞋	60	4.戴宗	03.褲子	05.綠	00.無	(1) 敏捷	07.怪物掉寶	"1,608,000"	"80,400"	2		pc04_pelvis_0051			100	0	167	0	16	0	0	0	0	0	0	0	0	0	0	0	0	0	0	0	0	0	0	0	0	0	0	0	0	13.防禦力 - Defence	4096	21001	2	6021001	190	53.92	"10,245"	7.848
	1168	5000	異象徽章	60	4.戴宗	04.武器	05.綠	00.無	(1) 體能	07.怪物掉寶	"3,015,000"	"150,750"	3		pc04_weapon_0051			100	1153	0	0	0	11	0	0	0	0	0	0	0	0	0	0	0	0	0	0	0	0	0	0	0	0	0	0	0	12.攻擊力 - Attack	2048	11001	2	6011001	400	48.03	"19,212"	7.848
	1169	5000	聖戰帽	60	4.戴宗	01.帽子	06.藍	00.無	(2) 敏 / 智 平均	12.收集品交換	"1,407,000"	"70,350"	0		pc04_hat_0051			100	0	154	0	14	0	13	0	0	0	0	0	0	0	0	0	0	0	0	0	0	0	0	0	0	0	0	0	0	13.防禦力 - Defence	4096	21001	2	6021001	190	47.18	"8,965"	7.848
	1170	5000	聖戰長袍	60	4.戴宗	02.上衣	06.藍	00.無	(2) HP / 敏	12.收集品交換	"1,809,000"	"90,450"	1		pc04_torso_0051			100	0	332	0	13	0	0	0	0	0	0	0	0	0	0	0	0	0	0	190	0	0	0	0	0	0	0	0	0	13.防禦力 - Defence	4096	21001	2	6021001	190	60.66	"11,526"	7.848
	1171	5000	聖戰鞋	60	4.戴宗	03.褲子	06.藍	00.無	(2) 敏 / 體 平均	12.收集品交換	"1,608,000"	"80,400"	2		pc04_pelvis_0051			100	0	193	0	14	9	0	0	0	0	0	0	0	0	0	0	0	0	0	0	0	0	0	0	0	0	0	0	0	13.防禦力 - Defence	4096	21001	2	6021001	190	53.92	"10,245"	7.848
	1172	5000	聖戰徽章	60	4.戴宗	04.武器	06.藍	00.無	(2) 體 / 智 平均	12.收集品交換	"3,015,000"	"150,750"	3		pc04_weapon_0051			100	1319	0	0	0	9	13	0	0	0	0	0	0	0	0	0	0	0	0	0	0	0	0	0	0	0	0	0	0	12.攻擊力 - Attack	2048	11001	2	6011001	410	46.85	"19,209"	7.848
	1173	5000	燕子帽	55	4.戴宗	01.帽子	07.紫	00.無	(3) MP / 敏 / 智	07.怪物掉寶	"929,000"	"46,450"	0		pc04_hat_0052			100	0	154	0	11	0	11	0	0	0	0	0	0	0	0	0	0	0	0	0	540	0	0	0	0	0	0	0	0	13.防禦力 - Defence	4096	21001	3	6021001	200	35.46	"7,092"	6.55
	1174	5000	燕子長袍	55	4.戴宗	02.上衣	07.紫	00.無	(3) HP / 敏 / 智	07.怪物掉寶	"1,194,000"	"59,700"	1		pc04_torso_0052			100	0	332	0	11	0	11	0	0	0	0	0	0	0	0	0	0	0	0	150	0	0	0	0	0	0	0	0	0	13.防禦力 - Defence	4096	21001	3	6021001	200	45.58	"9,116"	6.55
	1175	5000	燕子鞋	55	4.戴宗	03.褲子	07.紫	00.無	(3) MP / 敏 / 體	07.怪物掉寶	"1,061,000"	"53,050"	2		pc04_pelvis_0052			100	0	193	0	11	8	0	0	0	0	0	0	0	0	0	0	0	0	0	0	270	0	0	0	0	0	0	0	0	13.防禦力 - Defence	4096	21001	3	6021001	200	40.5	"8,100"	6.55
	1176	5000	燕子徽章	55	4.戴宗	04.武器	07.紫	00.無	(3) HP / 體 / 智	07.怪物掉寶	"1,990,000"	"99,500"	3		pc04_weapon_0052			100	1319	0	0	0	8	11	0	0	0	0	0	0	0	0	0	0	0	0	80	0	0	0	0	0	0	0	0	0	12.攻擊力 - Attack	2048	11001	3	6011001	420	36.17	"15,192"	6.55
	1177	5000	褐紋帽	65	4.戴宗	01.帽子	03.灰	00.無	(0) 無	07.怪物掉寶	"2,090,000"	"104,500"	0		pc04_hat_0060			100	0	118	0	0	0	0	0	0	0	0	0	0	0	0	0	0	0	0	0	0	0	0	0	0	0	0	0	0	13.防禦力 - Defence	4096	21001	1	8021001	200	55.91	"11,182"	9.346
	1178	5000	褐紋長袍	65	4.戴宗	02.上衣	03.灰	00.無	(0) 無	07.怪物掉寶	"2,680,000"	"134,000"	1		pc04_torso_0060			100	0	253	0	0	0	0	0	0	0	0	0	0	0	0	0	0	0	0	0	0	0	0	0	0	0	0	0	0	13.防禦力 - Defence	4096	21001	1	8021001	200	71.7	"14,340"	9.346
	1179	5000	褐紋草鞋	65	4.戴宗	03.褲子	03.灰	00.無	(0) 無	07.怪物掉寶	"2,390,000"	"119,500"	2		pc04_pelvis_0060			100	0	147	0	0	0	0	0	0	0	0	0	0	0	0	0	0	0	0	0	0	0	0	0	0	0	0	0	0	13.防禦力 - Defence	4096	21001	1	8021001	200	63.94	"12,788"	9.346
	1180	5000	褐紋徽章	65	4.戴宗	04.武器	03.灰	00.無	(0) 無	07.怪物掉寶	"4,470,000"	"223,500"	3		pc04_weapon_0060			100	1005	0	0	0	0	0	0	0	0	0	0	0	0	0	0	0	0	0	0	0	0	0	0	0	0	0	0	0	12.攻擊力 - Attack	2048	11001	1	8011001	420	56.94	"23,915"	9.346
	1181	5000	亞麻皮帽	65	4.戴宗	01.帽子	04.白	00.無	(0) 無	03.商店購買	"2,090,000"	"209,000"	0		pc04_hat_0060			100	0	147	0	0	0	0	0	0	0	0	0	0	0	0	0	0	0	0	0	0	0	0	0	0	0	0	0	0	13.防禦力 - Defence	4096	21001	1	8021001	180	62.12	"11,182"	9.346
	1182	5000	亞麻長袍	65	4.戴宗	02.上衣	04.白	00.無	(0) 無	03.商店購買	"2,680,000"	"268,000"	1		pc04_torso_0060			100	0	316	0	0	0	0	0	0	0	0	0	0	0	0	0	0	0	0	0	0	0	0	0	0	0	0	0	0	13.防禦力 - Defence	4096	21001	1	8021001	180	79.66	"14,339"	9.346
	1183	5000	亞麻草鞋	65	4.戴宗	03.褲子	04.白	00.無	(0) 無	03.商店購買	"2,390,000"	"239,000"	2		pc04_pelvis_0060			100	0	184	0	0	0	0	0	0	0	0	0	0	0	0	0	0	0	0	0	0	0	0	0	0	0	0	0	0	13.防禦力 - Defence	4096	21001	1	8021001	180	71.04	"12,788"	9.346
	1184	5000	亞麻徽章	65	4.戴宗	04.武器	04.白	00.無	(0) 無	03.商店購買	"4,470,000"	"447,000"	3		pc04_weapon_0060			100	1256	0	0	0	0	0	0	0	0	0	0	0	0	0	0	0	0	0	0	0	0	0	0	0	0	0	0	0	12.攻擊力 - Attack	2048	11001	1	8011001	380	62.94	"23,918"	9.346
	1185	5000	捍衛皮帽	65	4.戴宗	01.帽子	05.綠	00.無	(1) 智慧	07.怪物掉寶	"2,090,000"	"104,500"	0		pc04_hat_0060			100	0	146	0	0	0	16	0	0	0	0	0	0	0	0	0	0	0	0	0	0	0	0	0	0	0	0	0	0	13.防禦力 - Defence	4096	21001	2	8021001	190	58.85	"11,182"	9.346
	1186	5000	捍衛長袍	65	4.戴宗	02.上衣	05.綠	00.無	(1) 最大 HP	07.怪物掉寶	"2,680,000"	"134,000"	1		pc04_torso_0060			100	0	314	0	0	0	0	0	0	0	0	0	0	0	0	0	0	0	0	230	0	0	0	0	0	0	0	0	0	13.防禦力 - Defence	4096	21001	2	8021001	190	75.47	"14,340"	9.346
	1187	5000	捍衛草鞋	65	4.戴宗	03.褲子	05.綠	00.無	(1) 敏捷	07.怪物掉寶	"2,390,000"	"119,500"	2		pc04_pelvis_0060			100	0	183	0	17	0	0	0	0	0	0	0	0	0	0	0	0	0	0	0	0	0	0	0	0	0	0	0	0	13.防禦力 - Defence	4096	21001	2	8021001	190	67.3	"12,787"	9.346
	1188	5000	捍衛徽章	65	4.戴宗	04.武器	05.綠	00.無	(1) 體能	07.怪物掉寶	"4,470,000"	"223,500"	3		pc04_weapon_0060			100	1365	0	0	0	11	0	0	0	0	0	0	0	0	0	0	0	0	0	0	0	0	0	0	0	0	0	0	0	12.攻擊力 - Attack	2048	11001	2	8011001	400	59.79	"23,916"	9.346
	1189	5000	戰國皮帽	65	4.戴宗	01.帽子	06.藍	00.無	(2) 敏 / 智 平均	12.收集品交換	"2,090,000"	"104,500"	0		pc04_hat_0060			100	0	168	0	15	0	14	0	0	0	0	0	0	0	0	0	0	0	0	0	0	0	0	0	0	0	0	0	0	13.防禦力 - Defence	4096	21001	2	8021001	190	58.85	"11,182"	9.346
	1190	5000	戰國長袍	65	4.戴宗	02.上衣	06.藍	00.無	(2) HP / 敏	12.收集品交換	"2,680,000"	"134,000"	1		pc04_torso_0060			100	0	362	0	14	0	0	0	0	0	0	0	0	0	0	0	0	0	0	200	0	0	0	0	0	0	0	0	0	13.防禦力 - Defence	4096	21001	2	8021001	190	75.47	"14,340"	9.346
	1191	5000	戰國草鞋	65	4.戴宗	03.褲子	06.藍	00.無	(2) 敏 / 體 平均	12.收集品交換	"2,390,000"	"119,500"	2		pc04_pelvis_0060			100	0	210	0	15	10	0	0	0	0	0	0	0	0	0	0	0	0	0	0	0	0	0	0	0	0	0	0	0	13.防禦力 - Defence	4096	21001	2	8021001	190	67.3	"12,787"	9.346
	1192	5000	戰國徽章	65	4.戴宗	04.武器	06.藍	00.無	(2) 體 / 智 平均	12.收集品交換	"4,470,000"	"223,500"	3		pc04_weapon_0060			100	1559	0	0	0	10	14	0	0	0	0	0	0	0	0	0	0	0	0	0	0	0	0	0	0	0	0	0	0	12.攻擊力 - Attack	2048	11001	2	8011001	410	58.33	"23,916"	9.346
	1193	5000	羈絆布帽	70	4.戴宗	01.帽子	03.灰	00.無	(0) 無	07.怪物掉寶	"2,380,000"	"119,000"	0		pc04_hat_0061			100	0	128	0	0	0	0	0	0	0	0	0	0	0	0	0	0	0	0	0	0	0	0	0	0	0	0	0	0	13.防禦力 - Defence	4096	21001	1	8021001	200	53.54	"10,708"	11.114
	1194	5000	羈絆長袍	70	4.戴宗	02.上衣	03.灰	00.無	(0) 無	07.怪物掉寶	"3,060,000"	"153,000"	1		pc04_torso_0061			100	0	276	0	0	0	0	0	0	0	0	0	0	0	0	0	0	0	0	0	0	0	0	0	0	0	0	0	0	13.防禦力 - Defence	4096	21001	1	8021001	200	68.84	"13,768"	11.114
	1195	5000	羈絆皮鞋	70	4.戴宗	03.褲子	03.灰	00.無	(0) 無	07.怪物掉寶	"2,720,000"	"136,000"	2		pc04_pelvis_0061			100	0	160	0	0	0	0	0	0	0	0	0	0	0	0	0	0	0	0	0	0	0	0	0	0	0	0	0	0	13.防禦力 - Defence	4096	21001	1	8021001	200	61.19	"12,238"	11.114
	1196	5000	羈絆徽章	70	4.戴宗	04.武器	03.灰	00.無	(0) 無	07.怪物掉寶	"5,090,000"	"254,500"	3		pc04_weapon_0061			100	1187	0	0	0	0	0	0	0	0	0	0	0	0	0	0	0	0	0	0	0	0	0	0	0	0	0	0	0	12.攻擊力 - Attack	2048	11001	1	8011001	420	54.53	"22,903"	11.114
	1197	5000	枷鎖布帽	70	4.戴宗	01.帽子	04.白	00.無	(0) 無	03.商店購買	"2,380,000"	"238,000"	0		pc04_hat_0061			100	0	160	0	0	0	0	0	0	0	0	0	0	0	0	0	0	0	0	0	0	0	0	0	0	0	0	0	0	13.防禦力 - Defence	4096	21001	1	8021001	180	59.49	"10,709"	11.114
	1198	5000	枷鎖長袍	70	4.戴宗	02.上衣	04.白	00.無	(0) 無	03.商店購買	"3,060,000"	"306,000"	1		pc04_torso_0061			100	0	345	0	0	0	0	0	0	0	0	0	0	0	0	0	0	0	0	0	0	0	0	0	0	0	0	0	0	13.防禦力 - Defence	4096	21001	1	8021001	180	76.49	"13,769"	11.114
	1199	5000	枷鎖皮鞋	70	4.戴宗	03.褲子	04.白	00.無	(0) 無	03.商店購買	"2,720,000"	"272,000"	2		pc04_pelvis_0061			100	0	200	0	0	0	0	0	0	0	0	0	0	0	0	0	0	0	0	0	0	0	0	0	0	0	0	0	0	13.防禦力 - Defence	4096	21001	1	8021001	180	67.99	"12,239"	11.114
	1200	5000	枷鎖徽章	70	4.戴宗	04.武器	04.白	00.無	(0) 無	03.商店購買	"5,090,000"	"509,000"	3		pc04_weapon_0061			100	1484	0	0	0	0	0	0	0	0	0	0	0	0	0	0	0	0	0	0	0	0	0	0	0	0	0	0	0	12.攻擊力 - Attack	2048	11001	1	8011001	380	60.27	"22,903"	11.114
	1201	5000	鐵血皮帽	70	4.戴宗	01.帽子	05.綠	00.無	(1) 智慧	07.怪物掉寶	"2,380,000"	"119,000"	0		pc04_hat_0061			100	0	158	0	0	0	17	0	0	0	0	0	0	0	0	0	0	0	0	0	0	0	0	0	0	0	0	0	0	13.防禦力 - Defence	4096	21001	2	8021001	190	56.36	"10,709"	11.114
	1202	5000	鐵血長袍	70	4.戴宗	02.上衣	05.綠	00.無	(1) 最大 HP	07.怪物掉寶	"3,060,000"	"153,000"	1		pc04_torso_0061			100	0	339	0	0	0	0	0	0	0	0	0	0	0	0	0	0	0	0	250	0	0	0	0	0	0	0	0	0	13.防禦力 - Defence	4096	21001	2	8021001	190	72.46	"13,768"	11.114
	1203	5000	鐵血皮鞋	70	4.戴宗	03.褲子	05.綠	00.無	(1) 敏捷	07.怪物掉寶	"2,720,000"	"136,000"	2		pc04_pelvis_0061			100	0	197	0	18	0	0	0	0	0	0	0	0	0	0	0	0	0	0	0	0	0	0	0	0	0	0	0	0	13.防禦力 - Defence	4096	21001	2	8021001	190	64.41	"12,238"	11.114
	1204	5000	鐵血徽章	70	4.戴宗	04.武器	05.綠	00.無	(1) 體能	07.怪物掉寶	"5,090,000"	"254,500"	3		pc04_weapon_0061			100	1609	0	0	0	12	0	0	0	0	0	0	0	0	0	0	0	0	0	0	0	0	0	0	0	0	0	0	0	12.攻擊力 - Attack	2048	11001	2	8011001	400	57.25	"22,900"	11.114
	1205	5000	破曉戰帽	70	4.戴宗	01.帽子	06.藍	00.無	(2) 敏 / 智 平均	12.收集品交換	"2,380,000"	"119,000"	0		pc04_hat_0061			100	0	181	0	16	0	15	0	0	0	0	0	0	0	0	0	0	0	0	0	0	0	0	0	0	0	0	0	0	13.防禦力 - Defence	4096	21001	2	8021001	190	56.36	"10,709"	11.114
	1206	5000	破曉戰袍	70	4.戴宗	02.上衣	06.藍	00.無	(2) HP / 敏	12.收集品交換	"3,060,000"	"153,000"	1		pc04_torso_0061			100	0	390	0	15	0	0	0	0	0	0	0	0	0	0	0	0	0	0	210	0	0	0	0	0	0	0	0	0	13.防禦力 - Defence	4096	21001	2	8021001	190	72.46	"13,768"	11.114
	1207	5000	破曉戰鞋	70	4.戴宗	03.褲子	06.藍	00.無	(2) 敏 / 體 平均	12.收集品交換	"2,720,000"	"136,000"	2		pc04_pelvis_0061			100	0	227	0	16	10	0	0	0	0	0	0	0	0	0	0	0	0	0	0	0	0	0	0	0	0	0	0	0	13.防禦力 - Defence	4096	21001	2	8021001	190	64.41	"12,238"	11.114
	1208	5000	破曉徽章	70	4.戴宗	04.武器	06.藍	00.無	(2) 體 / 智 平均	12.收集品交換	"5,090,000"	"254,500"	3		pc04_weapon_0061			100	1833	0	0	0	10	15	0	0	0	0	0	0	0	0	0	0	0	0	0	0	0	0	0	0	0	0	0	0	12.攻擊力 - Attack	2048	11001	2	8011001	410	55.86	"22,903"	11.114
	1209	5000	勇敢布帽	75	4.戴宗	01.帽子	03.灰	00.無	(0) 無	07.怪物掉寶	0	0	0		pc04_hat_0070			100	0	138	0	0	0	0	0	0	0	0	0	0	0	0	0	0	0	0	0	0	0	0	0	0	0	0	0	0	13.防禦力 - Defence	4096	21001	1	8021001	200	0	0	0
	1210	5000	勇敢長袍	75	4.戴宗	02.上衣	03.灰	00.無	(0) 無	07.怪物掉寶	0	0	1		pc04_torso_0070			100	0	297	0	0	0	0	0	0	0	0	0	0	0	0	0	0	0	0	0	0	0	0	0	0	0	0	0	0	13.防禦力 - Defence	4096	21001	1	8021001	200	0	0	0
	1211	5000	勇敢布鞋	75	4.戴宗	03.褲子	03.灰	00.無	(0) 無	07.怪物掉寶	0	0	2		pc04_pelvis_0070			100	0	173	0	0	0	0	0	0	0	0	0	0	0	0	0	0	0	0	0	0	0	0	0	0	0	0	0	0	13.防禦力 - Defence	4096	21001	1	8021001	200	0	0	0
	1212	5000	勇敢徽章	75	4.戴宗	04.武器	03.灰	00.無	(0) 無	07.怪物掉寶	0	0	3		pc04_weapon_0070			100	1397	0	0	0	0	0	0	0	0	0	0	0	0	0	0	0	0	0	0	0	0	0	0	0	0	0	0	0	12.攻擊力 - Attack	2048	11001	1	8011001	420	0	0	0
	1213	5000	鍊戰皮帽	75	4.戴宗	01.帽子	04.白	00.無	(0) 無	03.商店購買	0	0	0		pc04_hat_0070			100	0	173	0	0	0	0	0	0	0	0	0	0	0	0	0	0	0	0	0	0	0	0	0	0	0	0	0	0	13.防禦力 - Defence	4096	21001	1	8021001	180	0	0	0
	1214	5000	鍊戰長袍	75	4.戴宗	02.上衣	04.白	00.無	(0) 無	03.商店購買	0	0	1		pc04_torso_0070			100	0	372	0	0	0	0	0	0	0	0	0	0	0	0	0	0	0	0	0	0	0	0	0	0	0	0	0	0	13.防禦力 - Defence	4096	21001	1	8021001	180	0	0	0
	1215	5000	鍊戰皮鞋	75	4.戴宗	03.褲子	04.白	00.無	(0) 無	03.商店購買	0	0	2		pc04_pelvis_0070			100	0	216	0	0	0	0	0	0	0	0	0	0	0	0	0	0	0	0	0	0	0	0	0	0	0	0	0	0	13.防禦力 - Defence	4096	21001	1	8021001	180	0	0	0
	1216	5000	鍊戰徽章	75	4.戴宗	04.武器	04.白	00.無	(0) 無	03.商店購買	0	0	3		pc04_weapon_0070			100	1746	0	0	0	0	0	0	0	0	0	0	0	0	0	0	0	0	0	0	0	0	0	0	0	0	0	0	0	12.攻擊力 - Attack	2048	11001	1	8011001	380	0	0	0
	1217	5000	精武皮帽	75	4.戴宗	01.帽子	05.綠	00.無	(1) 智慧	07.怪物掉寶	0	0	0		pc04_hat_0070			100	0	187	0	0	0	18	0	0	0	0	0	0	0	0	0	0	0	0	0	0	0	0	0	0	0	0	0	0	13.防禦力 - Defence	4096	21001	2	8021001	190	0	0	0
	1218	5000	精武長袍	75	4.戴宗	02.上衣	05.綠	00.無	(1) 最大 HP	07.怪物掉寶	0	0	1		pc04_torso_0070			100	0	401	0	0	0	0	0	0	0	0	0	0	0	0	0	0	0	0	260	0	0	0	0	0	0	0	0	0	13.防禦力 - Defence	4096	21001	2	8021001	190	0	0	0
	1219	5000	精武皮鞋	75	4.戴宗	03.褲子	05.綠	00.無	(1) 敏捷	07.怪物掉寶	0	0	2		pc04_pelvis_0070			100	0	233	0	19	0	0	0	0	0	0	0	0	0	0	0	0	0	0	0	0	0	0	0	0	0	0	0	0	13.防禦力 - Defence	4096	21001	2	8021001	190	0	0	0
	1220	5000	精武徽章	75	4.戴宗	04.武器	05.綠	00.無	(1) 體能	07.怪物掉寶	0	0	3		pc04_weapon_0070			100	1887	0	0	0	13	0	0	0	0	0	0	0	0	0	0	0	0	0	0	0	0	0	0	0	0	0	0	0	12.攻擊力 - Attack	2048	11001	2	8011001	400	0	0	0
	1221	5000	梟雄皮帽	75	4.戴宗	01.帽子	06.藍	00.無	(2) 敏 / 智 平均	12.收集品交換	0	0	0		pc04_hat_0070			100	0	214	0	17	0	16	0	0	0	0	0	0	0	0	0	0	0	0	0	0	0	0	0	0	0	0	0	0	13.防禦力 - Defence	4096	21001	2	8021001	190	0	0	0
	1222	5000	梟雄長袍	75	4.戴宗	02.上衣	06.藍	00.無	(2) HP / 敏	12.收集品交換	0	0	1		pc04_torso_0070			100	0	461	0	16	0	0	0	0	0	0	0	0	0	0	0	0	0	0	230	0	0	0	0	0	0	0	0	0	13.防禦力 - Defence	4096	21001	2	8021001	190	0	0	0
	1223	5000	梟雄皮鞋	75	4.戴宗	03.褲子	06.藍	00.無	(2) 敏 / 體 平均	12.收集品交換	0	0	2		pc04_pelvis_0070			100	0	268	0	17	11	0	0	0	0	0	0	0	0	0	0	0	0	0	0	0	0	0	0	0	0	0	0	0	13.防禦力 - Defence	4096	21001	2	8021001	190	0	0	0
	1224	5000	梟雄徽章	75	4.戴宗	04.武器	06.藍	00.無	(2) 體 / 智 平均	12.收集品交換	0	0	3		pc04_weapon_0070			100	2147	0	0	0	11	16	0	0	0	0	0	0	0	0	0	0	0	0	0	0	0	0	0	0	0	0	0	0	12.攻擊力 - Attack	2048	11001	2	8011001	410	0	0	0
	1225	5000	湘南帽	80	4.戴宗	01.帽子	03.灰	00.無	(0) 無	07.怪物掉寶	0	0	0		pc04_hat_0071			100	0	163	0	0	0	0	0	0	0	0	0	0	0	0	0	0	0	0	0	0	0	0	0	0	0	0	0	0	13.防禦力 - Defence	4096	21001	1	8021001	200	0	0	0
	1226	5000	湘南長袍	80	4.戴宗	02.上衣	03.灰	00.無	(0) 無	07.怪物掉寶	0	0	1		pc04_torso_0071			100	0	351	0	0	0	0	0	0	0	0	0	0	0	0	0	0	0	0	0	0	0	0	0	0	0	0	0	0	13.防禦力 - Defence	4096	21001	1	8021001	200	0	0	0
	1227	5000	湘南草鞋	80	4.戴宗	03.褲子	03.灰	00.無	(0) 無	07.怪物掉寶	0	0	2		pc04_pelvis_0071			100	0	204	0	0	0	0	0	0	0	0	0	0	0	0	0	0	0	0	0	0	0	0	0	0	0	0	0	0	13.防禦力 - Defence	4096	21001	1	8021001	200	0	0	0
	1228	5000	湘南徽章	80	4.戴宗	04.武器	03.灰	00.無	(0) 無	07.怪物掉寶	0	0	3		pc04_weapon_0071			100	1636	0	0	0	0	0	0	0	0	0	0	0	0	0	0	0	0	0	0	0	0	0	0	0	0	0	0	0	12.攻擊力 - Attack	2048	11001	1	8011001	420	0	0	0
	1229	5000	弧月皮帽	80	4.戴宗	01.帽子	04.白	00.無	(0) 無	03.商店購買	0	0	0		pc04_hat_0071			100	0	204	0	0	0	0	0	0	0	0	0	0	0	0	0	0	0	0	0	0	0	0	0	0	0	0	0	0	13.防禦力 - Defence	4096	21001	1	8021001	180	0	0	0
	1230	5000	弧月長袍	80	4.戴宗	02.上衣	04.白	00.無	(0) 無	03.商店購買	0	0	1		pc04_torso_0071			100	0	439	0	0	0	0	0	0	0	0	0	0	0	0	0	0	0	0	0	0	0	0	0	0	0	0	0	0	13.防禦力 - Defence	4096	21001	1	8021001	180	0	0	0
	1231	5000	弧月皮鞋	80	4.戴宗	03.褲子	04.白	00.無	(0) 無	03.商店購買	0	0	2		pc04_pelvis_0071			100	0	255	0	0	0	0	0	0	0	0	0	0	0	0	0	0	0	0	0	0	0	0	0	0	0	0	0	0	13.防禦力 - Defence	4096	21001	1	8021001	180	0	0	0
	1232	5000	弧月徽章	80	4.戴宗	04.武器	04.白	00.無	(0) 無	03.商店購買	0	0	3		pc04_weapon_0071			100	2045	0	0	0	0	0	0	0	0	0	0	0	0	0	0	0	0	0	0	0	0	0	0	0	0	0	0	0	12.攻擊力 - Attack	2048	11001	1	8011001	380	0	0	0
	1233	5000	晝返皮帽	80	4.戴宗	01.帽子	05.綠	00.無	(1) 智慧	07.怪物掉寶	0	0	0		pc04_hat_0071			100	0	220	0	0	0	19	0	0	0	0	0	0	0	0	0	0	0	0	0	0	0	0	0	0	0	0	0	0	13.防禦力 - Defence	4096	21001	2	8021001	190	0	0	0
	1234	5000	晝返長袍	80	4.戴宗	02.上衣	05.綠	00.無	(1) 最大 HP	07.怪物掉寶	0	0	1		pc04_torso_0071			100	0	473	0	0	0	0	0	0	0	0	0	0	0	0	0	0	0	0	280	0	0	0	0	0	0	0	0	0	13.防禦力 - Defence	4096	21001	2	8021001	190	0	0	0
	1235	5000	晝返皮鞋	80	4.戴宗	03.褲子	05.綠	00.無	(1) 敏捷	07.怪物掉寶	0	0	2		pc04_pelvis_0071			100	0	275	0	20	0	0	0	0	0	0	0	0	0	0	0	0	0	0	0	0	0	0	0	0	0	0	0	0	13.防禦力 - Defence	4096	21001	2	8021001	190	0	0	0
	1236	5000	晝返徽章	80	4.戴宗	04.武器	05.綠	00.無	(1) 體能	07.怪物掉寶	0	0	3		pc04_weapon_0071			100	2206	0	0	0	14	0	0	0	0	0	0	0	0	0	0	0	0	0	0	0	0	0	0	0	0	0	0	0	12.攻擊力 - Attack	2048	11001	2	8011001	400	0	0	0
	1237	5000	飄渺皮帽	80	4.戴宗	01.帽子	06.藍	00.無	(2) 敏 / 智 平均	12.收集品交換	0	0	0		pc04_hat_0071			100	0	252	0	18	0	16	0	0	0	0	0	0	0	0	0	0	0	0	0	0	0	0	0	0	0	0	0	0	13.防禦力 - Defence	4096	21001	2	8021001	190	0	0	0
	1238	5000	飄渺長袍	80	4.戴宗	02.上衣	06.藍	00.無	(2) HP / 敏	12.收集品交換	0	0	1		pc04_torso_0071			100	0	542	0	17	0	0	0	0	0	0	0	0	0	0	0	0	0	0	240	0	0	0	0	0	0	0	0	0	13.防禦力 - Defence	4096	21001	2	8021001	190	0	0	0
	1239	5000	飄渺皮鞋	80	4.戴宗	03.褲子	06.藍	00.無	(2) 敏 / 體 平均	12.收集品交換	0	0	2		pc04_pelvis_0071			100	0	315	0	18	12	0	0	0	0	0	0	0	0	0	0	0	0	0	0	0	0	0	0	0	0	0	0	0	13.防禦力 - Defence	4096	21001	2	8021001	190	0	0	0
	1240	5000	飄渺徽章	80	4.戴宗	04.武器	06.藍	00.無	(2) 體 / 智 平均	12.收集品交換	0	0	3		pc04_weapon_0071			100	2507	0	0	0	12	16	0	0	0	0	0	0	0	0	0	0	0	0	0	0	0	0	0	0	0	0	0	0	12.攻擊力 - Attack	2048	11001	2	8011001	410	0	0	0
	1241	5000	歌舞伎帽	80	4.戴宗	01.帽子	07.紫	00.無	(3) MP / 敏 / 智	07.怪物掉寶	0	0	0		pc04_hat_0072			100	0	295	0	15	0	14	0	0	0	0	0	0	0	0	0	0	0	0	0	730	0	0	0	0	0	0	0	0	13.防禦力 - Defence	4096	21001	3	8021001	200	0	0	0
	1242	5000	歌舞伎長袍	80	4.戴宗	02.上衣	07.紫	00.無	(3) HP / 敏 / 智	07.怪物掉寶	0	0	1		pc04_torso_0072			100	0	634	0	15	0	14	0	0	0	0	0	0	0	0	0	0	0	0	210	0	0	0	0	0	0	0	0	0	13.防禦力 - Defence	4096	21001	3	8021001	200	0	0	0
	1243	5000	歌舞伎鞋	80	4.戴宗	03.褲子	07.紫	00.無	(3) MP / 敏 / 體	07.怪物掉寶	0	0	2		pc04_pelvis_0072			100	0	368	0	15	10	0	0	0	0	0	0	0	0	0	0	0	0	0	0	360	0	0	0	0	0	0	0	0	13.防禦力 - Defence	4096	21001	3	8021001	200	0	0	0
	1244	5000	歌舞伎徽章	80	4.戴宗	04.武器	07.紫	00.無	(3) HP / 體 / 智	07.怪物掉寶	0	0	3		pc04_weapon_0072			100	2918	0	0	0	10	14	0	0	0	0	0	0	0	0	0	0	0	0	100	0	0	0	0	0	0	0	0	0	12.攻擊力 - Attack	2048	11001	3	8011001	420	0	0	0
	1245	5000	浪花布帽	85	4.戴宗	01.帽子	03.灰	00.無	(0) 無	07.怪物掉寶	0	0	0		pc04_hat_0080			100	0	192	0	0	0	0	0	0	0	0	0	0	0	0	0	0	0	0	0	0	0	0	0	0	0	0	0	0	13.防禦力 - Defence	4096	21001	1	10021001	200	0	0	0
	1246	5000	浪花長袍	85	4.戴宗	02.上衣	03.灰	00.無	(0) 無	07.怪物掉寶	0	0	1		pc04_torso_0080			100	0	413	0	0	0	0	0	0	0	0	0	0	0	0	0	0	0	0	0	0	0	0	0	0	0	0	0	0	13.防禦力 - Defence	4096	21001	1	10021001	200	0	0	0
	1247	5000	浪花布鞋	85	4.戴宗	03.褲子	03.灰	00.無	(0) 無	07.怪物掉寶	0	0	2		pc04_pelvis_0080			100	0	240	0	0	0	0	0	0	0	0	0	0	0	0	0	0	0	0	0	0	0	0	0	0	0	0	0	0	13.防禦力 - Defence	4096	21001	1	10021001	200	0	0	0
	1248	5000	浪花徽章	85	4.戴宗	04.武器	03.灰	00.無	(0) 無	07.怪物掉寶	0	0	3		pc04_weapon_0080			100	1910	0	0	0	0	0	0	0	0	0	0	0	0	0	0	0	0	0	0	0	0	0	0	0	0	0	0	0	12.攻擊力 - Attack	2048	11001	1	10011001	420	0	0	0
	1249	5000	海潮皮帽	85	4.戴宗	01.帽子	04.白	00.無	(0) 無	03.商店購買	0	0	0		pc04_hat_0080			100	0	240	0	0	0	0	0	0	0	0	0	0	0	0	0	0	0	0	0	0	0	0	0	0	0	0	0	0	13.防禦力 - Defence	4096	21001	1	10021001	180	0	0	0
	1250	5000	海潮長袍	85	4.戴宗	02.上衣	04.白	00.無	(0) 無	03.商店購買	0	0	1		pc04_torso_0080			100	0	516	0	0	0	0	0	0	0	0	0	0	0	0	0	0	0	0	0	0	0	0	0	0	0	0	0	0	13.防禦力 - Defence	4096	21001	1	10021001	180	0	0	0
	1251	5000	海潮皮鞋	85	4.戴宗	03.褲子	04.白	00.無	(0) 無	03.商店購買	0	0	2		pc04_pelvis_0080			100	0	300	0	0	0	0	0	0	0	0	0	0	0	0	0	0	0	0	0	0	0	0	0	0	0	0	0	0	13.防禦力 - Defence	4096	21001	1	10021001	180	0	0	0
	1252	5000	海潮徽章	85	4.戴宗	04.武器	04.白	00.無	(0) 無	03.商店購買	0	0	3		pc04_weapon_0080			100	2387	0	0	0	0	0	0	0	0	0	0	0	0	0	0	0	0	0	0	0	0	0	0	0	0	0	0	0	12.攻擊力 - Attack	2048	11001	1	10011001	380	0	0	0
	1253	5000	霜雪皮帽	85	4.戴宗	01.帽子	05.綠	00.無	(1) 智慧	07.怪物掉寶	0	0	0		pc04_hat_0080			100	0	258	0	0	0	20	0	0	0	0	0	0	0	0	0	0	0	0	0	0	0	0	0	0	0	0	0	0	13.防禦力 - Defence	4096	21001	2	10021001	190	0	0	0
	1254	5000	霜雪長袍	85	4.戴宗	02.上衣	05.綠	00.無	(1) 最大 HP	07.怪物掉寶	0	0	1		pc04_torso_0080			100	0	555	0	0	0	0	0	0	0	0	0	0	0	0	0	0	0	0	290	0	0	0	0	0	0	0	0	0	13.防禦力 - Defence	4096	21001	2	10021001	190	0	0	0
	1255	5000	霜雪皮鞋	85	4.戴宗	03.褲子	05.綠	00.無	(1) 敏捷	07.怪物掉寶	0	0	2		pc04_pelvis_0080			100	0	323	0	21	0	0	0	0	0	0	0	0	0	0	0	0	0	0	0	0	0	0	0	0	0	0	0	0	13.防禦力 - Defence	4096	21001	2	10021001	190	0	0	0
	1256	5000	霜雪徽章	85	4.戴宗	04.武器	05.綠	00.無	(1) 體能	07.怪物掉寶	0	0	3		pc04_weapon_0080			100	2570	0	0	0	14	0	0	0	0	0	0	0	0	0	0	0	0	0	0	0	0	0	0	0	0	0	0	0	12.攻擊力 - Attack	2048	11001	2	10011001	400	0	0	0
	1257	5000	雲仙靈帽	85	4.戴宗	01.帽子	06.藍	00.無	(2) 敏 / 智 平均	12.收集品交換	0	0	0		pc04_hat_0080			100	0	295	0	19	0	17	0	0	0	0	0	0	0	0	0	0	0	0	0	0	0	0	0	0	0	0	0	0	13.防禦力 - Defence	4096	21001	2	10021001	190	0	0	0
	1258	5000	雲仙靈袍	85	4.戴宗	02.上衣	06.藍	00.無	(2) HP / 敏	12.收集品交換	0	0	1		pc04_torso_0080			100	0	634	0	17	0	0	0	0	0	0	0	0	0	0	0	0	0	0	250	0	0	0	0	0	0	0	0	0	13.防禦力 - Defence	4096	21001	2	10021001	190	0	0	0
	1259	5000	雲仙靈鞋	85	4.戴宗	03.褲子	06.藍	00.無	(2) 敏 / 體 平均	12.收集品交換	0	0	2		pc04_pelvis_0080			100	0	368	0	19	12	0	0	0	0	0	0	0	0	0	0	0	0	0	0	0	0	0	0	0	0	0	0	0	13.防禦力 - Defence	4096	21001	2	10021001	190	0	0	0
	1260	5000	雲仙徽章	85	4.戴宗	04.武器	06.藍	00.無	(2) 體 / 智 平均	12.收集品交換	0	0	3		pc04_weapon_0080			100	2918	0	0	0	12	17	0	0	0	0	0	0	0	0	0	0	0	0	0	0	0	0	0	0	0	0	0	0	12.攻擊力 - Attack	2048	11001	2	10011001	410	0	0	0
	1261	5000	回春布帽	90	4.戴宗	01.帽子	03.灰	00.無	(0) 無	07.怪物掉寶	0	0	0		pc04_hat_0081			100	0	225	0	0	0	0	0	0	0	0	0	0	0	0	0	0	0	0	0	0	0	0	0	0	0	0	0	0	13.防禦力 - Defence	4096	21001	1	10021001	200	0	0	0
	1262	5000	回春長袍	90	4.戴宗	02.上衣	03.灰	00.無	(0) 無	07.怪物掉寶	0	0	1		pc04_torso_0081			100	0	483	0	0	0	0	0	0	0	0	0	0	0	0	0	0	0	0	0	0	0	0	0	0	0	0	0	0	13.防禦力 - Defence	4096	21001	1	10021001	200	0	0	0
	1263	5000	回春布鞋	90	4.戴宗	03.褲子	03.灰	00.無	(0) 無	07.怪物掉寶	0	0	2		pc04_pelvis_0081			100	0	281	0	0	0	0	0	0	0	0	0	0	0	0	0	0	0	0	0	0	0	0	0	0	0	0	0	0	13.防禦力 - Defence	4096	21001	1	10021001	200	0	0	0
	1264	5000	回春徽章	90	4.戴宗	04.武器	03.灰	00.無	(0) 無	07.怪物掉寶	0	0	3		pc04_weapon_0081			100	2223	0	0	0	0	0	0	0	0	0	0	0	0	0	0	0	0	0	0	0	0	0	0	0	0	0	0	0	12.攻擊力 - Attack	2048	11001	1	10011001	420	0	0	0
	1265	5000	黃昏布帽	90	4.戴宗	01.帽子	04.白	00.無	(0) 無	03.商店購買	0	0	0		pc04_hat_0081			100	0	281	0	0	0	0	0	0	0	0	0	0	0	0	0	0	0	0	0	0	0	0	0	0	0	0	0	0	13.防禦力 - Defence	4096	21001	1	10021001	180	0	0	0
	1266	5000	黃昏長袍	90	4.戴宗	02.上衣	04.白	00.無	(0) 無	03.商店購買	0	0	1		pc04_torso_0081			100	0	604	0	0	0	0	0	0	0	0	0	0	0	0	0	0	0	0	0	0	0	0	0	0	0	0	0	0	13.防禦力 - Defence	4096	21001	1	10021001	180	0	0	0
	1267	5000	黃昏布鞋	90	4.戴宗	03.褲子	04.白	00.無	(0) 無	03.商店購買	0	0	2		pc04_pelvis_0081			100	0	351	0	0	0	0	0	0	0	0	0	0	0	0	0	0	0	0	0	0	0	0	0	0	0	0	0	0	13.防禦力 - Defence	4096	21001	1	10021001	180	0	0	0
	1268	5000	黃昏徽章	90	4.戴宗	04.武器	04.白	00.無	(0) 無	03.商店購買	0	0	3		pc04_weapon_0081			100	2779	0	0	0	0	0	0	0	0	0	0	0	0	0	0	0	0	0	0	0	0	0	0	0	0	0	0	0	12.攻擊力 - Attack	2048	11001	1	10011001	380	0	0	0
	1269	5000	黎明皮帽	90	4.戴宗	01.帽子	05.綠	00.無	(1) 智慧	07.怪物掉寶	0	0	0		pc04_hat_0081			100	0	301	0	0	0	21	0	0	0	0	0	0	0	0	0	0	0	0	0	0	0	0	0	0	0	0	0	0	13.防禦力 - Defence	4096	21001	2	10021001	190	0	0	0
	1270	5000	黎明長袍	90	4.戴宗	02.上衣	05.綠	00.無	(1) 最大 HP	07.怪物掉寶	0	0	1		pc04_torso_0081			100	0	647	0	0	0	0	0	0	0	0	0	0	0	0	0	0	0	0	310	0	0	0	0	0	0	0	0	0	13.防禦力 - Defence	4096	21001	2	10021001	190	0	0	0
	1271	5000	黎明皮鞋	90	4.戴宗	03.褲子	05.綠	00.無	(1) 敏捷	07.怪物掉寶	0	0	2		pc04_pelvis_0081			100	0	376	0	22	0	0	0	0	0	0	0	0	0	0	0	0	0	0	0	0	0	0	0	0	0	0	0	0	13.防禦力 - Defence	4096	21001	2	10021001	190	0	0	0
	1272	5000	黎明徽章	90	4.戴宗	04.武器	05.綠	00.無	(1) 體能	07.怪物掉寶	0	0	3		pc04_weapon_0081			100	2987	0	0	0	15	0	0	0	0	0	0	0	0	0	0	0	0	0	0	0	0	0	0	0	0	0	0	0	12.攻擊力 - Attack	2048	11001	2	10011001	400	0	0	0
	1273	5000	晚霞彩帽	90	4.戴宗	01.帽子	06.藍	00.無	(2) 敏 / 智 平均	12.收集品交換	0	0	0		pc04_hat_0081			100	0	343	0	19	0	18	0	0	0	0	0	0	0	0	0	0	0	0	0	0	0	0	0	0	0	0	0	0	13.防禦力 - Defence	4096	21001	2	10021001	190	0	0	0
	1274	5000	晚霞彩袍	90	4.戴宗	02.上衣	06.藍	00.無	(2) HP / 敏	12.收集品交換	0	0	1		pc04_torso_0081			100	0	738	0	18	0	0	0	0	0	0	0	0	0	0	0	0	0	0	270	0	0	0	0	0	0	0	0	0	13.防禦力 - Defence	4096	21001	2	10021001	190	0	0	0
	1275	5000	晚霞彩鞋	90	4.戴宗	03.褲子	06.藍	00.無	(2) 敏 / 體 平均	12.收集品交換	0	0	2		pc04_pelvis_0081			100	0	429	0	19	13	0	0	0	0	0	0	0	0	0	0	0	0	0	0	0	0	0	0	0	0	0	0	0	13.防禦力 - Defence	4096	21001	2	10021001	190	0	0	0
	1276	5000	晚霞徽章	90	4.戴宗	04.武器	06.藍	00.無	(2) 體 / 智 平均	12.收集品交換	0	0	3		pc04_weapon_0081			100	3387	0	0	0	13	18	0	0	0	0	0	0	0	0	0	0	0	0	0	0	0	0	0	0	0	0	0	0	12.攻擊力 - Attack	2048	11001	2	10011001	410	0	0	0
	1277	5000	古墓法帽	95	4.戴宗	01.帽子	03.灰	00.無	(0) 無	07.怪物掉寶	0	0	0		pc04_hat_0090			100	0	262	0	0	0	0	0	0	0	0	0	0	0	0	0	0	0	0	0	0	0	0	0	0	0	0	0	0	13.防禦力 - Defence	4096	21001	1	10021001	200	0	0	0
	1278	5000	古墓法袍	95	4.戴宗	02.上衣	03.灰	00.無	(0) 無	07.怪物掉寶	0	0	1		pc04_torso_0090			100	0	562	0	0	0	0	0	0	0	0	0	0	0	0	0	0	0	0	0	0	0	0	0	0	0	0	0	0	13.防禦力 - Defence	4096	21001	1	10021001	200	0	0	0
	1279	5000	古墓法鞋	95	4.戴宗	03.褲子	03.灰	00.無	(0) 無	07.怪物掉寶	0	0	2		pc04_pelvis_0090			100	0	327	0	0	0	0	0	0	0	0	0	0	0	0	0	0	0	0	0	0	0	0	0	0	0	0	0	0	13.防禦力 - Defence	4096	21001	1	10021001	200	0	0	0
	1280	5000	古墓徽章	95	4.戴宗	04.武器	03.灰	00.無	(0) 無	07.怪物掉寶	0	0	3		pc04_weapon_0090			100	2580	0	0	0	0	0	0	0	0	0	0	0	0	0	0	0	0	0	0	0	0	0	0	0	0	0	0	0	12.攻擊力 - Attack	2048	11001	1	10011001	420	0	0	0
	1281	5000	符文法帽	95	4.戴宗	01.帽子	04.白	00.無	(0) 無	03.商店購買	0	0	0		pc04_hat_0090			100	0	327	0	0	0	0	0	0	0	0	0	0	0	0	0	0	0	0	0	0	0	0	0	0	0	0	0	0	13.防禦力 - Defence	4096	21001	1	10021001	180	0	0	0
	1282	5000	符文法袍	95	4.戴宗	02.上衣	04.白	00.無	(0) 無	03.商店購買	0	0	1		pc04_torso_0090			100	0	703	0	0	0	0	0	0	0	0	0	0	0	0	0	0	0	0	0	0	0	0	0	0	0	0	0	0	13.防禦力 - Defence	4096	21001	1	10021001	180	0	0	0
	1283	5000	符文法鞋	95	4.戴宗	03.褲子	04.白	00.無	(0) 無	03.商店購買	0	0	2		pc04_pelvis_0090			100	0	409	0	0	0	0	0	0	0	0	0	0	0	0	0	0	0	0	0	0	0	0	0	0	0	0	0	0	13.防禦力 - Defence	4096	21001	1	10021001	180	0	0	0
	1284	5000	符文徽章	95	4.戴宗	04.武器	04.白	00.無	(0) 無	03.商店購買	0	0	3		pc04_weapon_0090			100	3225	0	0	0	0	0	0	0	0	0	0	0	0	0	0	0	0	0	0	0	0	0	0	0	0	0	0	0	12.攻擊力 - Attack	2048	11001	1	10011001	380	0	0	0
	1285	5000	靈界法帽	95	4.戴宗	01.帽子	05.綠	00.無	(1) 智慧	07.怪物掉寶	0	0	0		pc04_hat_0090			100	0	350	0	0	0	22	0	0	0	0	0	0	0	0	0	0	0	0	0	0	0	0	0	0	0	0	0	0	13.防禦力 - Defence	4096	21001	2	10021001	190	0	0	0
	1286	5000	靈界法袍	95	4.戴宗	02.上衣	05.綠	00.無	(1) 最大 HP	07.怪物掉寶	0	0	1		pc04_torso_0090			100	0	753	0	0	0	0	0	0	0	0	0	0	0	0	0	0	0	0	320	0	0	0	0	0	0	0	0	0	13.防禦力 - Defence	4096	21001	2	10021001	190	0	0	0
	1287	5000	靈界法鞋	95	4.戴宗	03.褲子	05.綠	00.無	(1) 敏捷	07.怪物掉寶	0	0	2		pc04_pelvis_0090			100	0	438	0	24	0	0	0	0	0	0	0	0	0	0	0	0	0	0	0	0	0	0	0	0	0	0	0	0	13.防禦力 - Defence	4096	21001	2	10021001	190	0	0	0
	1288	5000	靈界徽章	95	4.戴宗	04.武器	05.綠	00.無	(1) 體能	07.怪物掉寶	0	0	3		pc04_weapon_0090			100	3462	0	0	0	16	0	0	0	0	0	0	0	0	0	0	0	0	0	0	0	0	0	0	0	0	0	0	0	12.攻擊力 - Attack	2048	11001	2	10011001	400	0	0	0
	1289	5000	審判法帽	95	4.戴宗	01.帽子	06.藍	00.無	(2) 敏 / 智 平均	12.收集品交換	0	0	0		pc04_hat_0090			100	0	399	0	20	0	19	0	0	0	0	0	0	0	0	0	0	0	0	0	0	0	0	0	0	0	0	0	0	13.防禦力 - Defence	4096	21001	2	10021001	190	0	0	0
	1290	5000	審判法袍	95	4.戴宗	02.上衣	06.藍	00.無	(2) HP / 敏	12.收集品交換	0	0	1		pc04_torso_0090			100	0	858	0	19	0	0	0	0	0	0	0	0	0	0	0	0	0	0	280	0	0	0	0	0	0	0	0	0	13.防禦力 - Defence	4096	21001	2	10021001	190	0	0	0
	1291	5000	審判法鞋	95	4.戴宗	03.褲子	06.藍	00.無	(2) 敏 / 體 平均	12.收集品交換	0	0	2		pc04_pelvis_0090			100	0	499	0	20	14	0	0	0	0	0	0	0	0	0	0	0	0	0	0	0	0	0	0	0	0	0	0	0	13.防禦力 - Defence	4096	21001	2	10021001	190	0	0	0
	1292	5000	審判徽章	95	4.戴宗	04.武器	06.藍	00.無	(2) 體 / 智 平均	12.收集品交換	0	0	3		pc04_weapon_0090			100	3922	0	0	0	14	19	0	0	0	0	0	0	0	0	0	0	0	0	0	0	0	0	0	0	0	0	0	0	12.攻擊力 - Attack	2048	11001	2	10011001	410	0	0	0
	1293	5000	古鎧頭盔	99	4.戴宗	01.帽子	03.灰	00.無	(0) 無	07.怪物掉寶	0	0	0		pc04_hat_0091			100	0	287	0	0	0	0	0	0	0	0	0	0	0	0	0	0	0	0	0	0	0	0	0	0	0	0	0	0	13.防禦力 - Defence	4096	21001	1	10021001	200	0	0	0
	1294	5000	古鎧戰袍	99	4.戴宗	02.上衣	03.灰	00.無	(0) 無	07.怪物掉寶	0	0	1		pc04_torso_0091			100	0	616	0	0	0	0	0	0	0	0	0	0	0	0	0	0	0	0	0	0	0	0	0	0	0	0	0	0	13.防禦力 - Defence	4096	21001	1	10021001	200	0	0	0
	1295	5000	古鎧戰鞋	99	4.戴宗	03.褲子	03.灰	00.無	(0) 無	07.怪物掉寶	0	0	2		pc04_pelvis_0091			100	0	358	0	0	0	0	0	0	0	0	0	0	0	0	0	0	0	0	0	0	0	0	0	0	0	0	0	0	13.防禦力 - Defence	4096	21001	1	10021001	200	0	0	0
	1296	5000	古鎧徽章	99	4.戴宗	04.武器	03.灰	00.無	(0) 無	07.怪物掉寶	0	0	3		pc04_weapon_0091			100	2835	0	0	0	0	0	0	0	0	0	0	0	0	0	0	0	0	0	0	0	0	0	0	0	0	0	0	0	12.攻擊力 - Attack	2048	11001	1	10011001	420	0	0	0
	1297	5000	侍者頭盔	99	4.戴宗	01.帽子	04.白	00.無	(0) 無	03.商店購買	0	0	0		pc04_hat_0091			100	0	358	0	0	0	0	0	0	0	0	0	0	0	0	0	0	0	0	0	0	0	0	0	0	0	0	0	0	13.防禦力 - Defence	4096	21001	1	10021001	180	0	0	0
	1298	5000	侍者戰袍	99	4.戴宗	02.上衣	04.白	00.無	(0) 無	03.商店購買	0	0	1		pc04_torso_0091			100	0	770	0	0	0	0	0	0	0	0	0	0	0	0	0	0	0	0	0	0	0	0	0	0	0	0	0	0	13.防禦力 - Defence	4096	21001	1	10021001	180	0	0	0
	1299	5000	侍者戰鞋	99	4.戴宗	03.褲子	04.白	00.無	(0) 無	03.商店購買	0	0	2		pc04_pelvis_0091			100	0	448	0	0	0	0	0	0	0	0	0	0	0	0	0	0	0	0	0	0	0	0	0	0	0	0	0	0	13.防禦力 - Defence	4096	21001	1	10021001	180	0	0	0
	1300	5000	侍者徽章	99	4.戴宗	04.武器	04.白	00.無	(0) 無	03.商店購買	0	0	3		pc04_weapon_0091			100	3544	0	0	0	0	0	0	0	0	0	0	0	0	0	0	0	0	0	0	0	0	0	0	0	0	0	0	0	12.攻擊力 - Attack	2048	11001	1	10011001	380	0	0	0
	1301	5000	闇影頭盔	99	4.戴宗	01.帽子	05.綠	00.無	(1) 智慧	07.怪物掉寶	0	0	0		pc04_hat_0091			100	0	0	0	0	0	23	0	0	0	0	0	0	0	0	0	0	0	0	0	0	0	0	0	0	0	0	0	0	13.防禦力 - Defence	4096	21001	2	10021001	190	0	0	0
	1302	5000	闇影戰袍	99	4.戴宗	02.上衣	05.綠	00.無	(1) 最大 HP	07.怪物掉寶	0	0	1		pc04_torso_0091			100	0	0	0	0	0	0	0	0	0	0	0	0	0	0	0	0	0	0	340	0	0	0	0	0	0	0	0	0	13.防禦力 - Defence	4096	21001	2	10021001	190	0	0	0
	1303	5000	闇影戰鞋	99	4.戴宗	03.褲子	05.綠	00.無	(1) 敏捷	07.怪物掉寶	0	0	2		pc04_pelvis_0091			100	0	0	0	24	0	0	0	0	0	0	0	0	0	0	0	0	0	0	0	0	0	0	0	0	0	0	0	0	13.防禦力 - Defence	4096	21001	2	10021001	190	0	0	0
	1304	5000	闇影徽章	99	4.戴宗	04.武器	05.綠	00.無	(1) 體能	07.怪物掉寶	0	0	3		pc04_weapon_0091			100	0	0	0	0	16	0	0	0	0	0	0	0	0	0	0	0	0	0	0	0	0	0	0	0	0	0	0	0	12.攻擊力 - Attack	2048	11001	2	10011001	400	0	0	0
	1305	5000	幻魔戰帽	99	4.戴宗	01.帽子	06.藍	00.無	(2) 敏 / 智 平均	12.收集品交換	0	0	0		pc04_hat_0091			100	0	0	0	21	0	20	0	0	0	0	0	0	0	0	0	0	0	0	0	0	0	0	0	0	0	0	0	0	13.防禦力 - Defence	4096	21001	2	10021001	190	0	0	0
	1306	5000	幻魔戰袍	99	4.戴宗	02.上衣	06.藍	00.無	(2) HP / 敏	12.收集品交換	0	0	1		pc04_torso_0091			100	0	0	0	20	0	0	0	0	0	0	0	0	0	0	0	0	0	0	290	0	0	0	0	0	0	0	0	0	13.防禦力 - Defence	4096	21001	2	10021001	190	0	0	0
	1307	5000	幻魔戰鞋	99	4.戴宗	03.褲子	06.藍	00.無	(2) 敏 / 體 平均	12.收集品交換	0	0	2		pc04_pelvis_0091			100	0	0	0	21	14	0	0	0	0	0	0	0	0	0	0	0	0	0	0	0	0	0	0	0	0	0	0	0	13.防禦力 - Defence	4096	21001	2	10021001	190	0	0	0
	1308	5000	幻魔徽章	99	4.戴宗	04.武器	06.藍	00.無	(2) 體 / 智 平均	12.收集品交換	0	0	3		pc04_weapon_0091			100	0	0	0	0	14	20	0	0	0	0	0	0	0	0	0	0	0	0	0	0	0	0	0	0	0	0	0	0	12.攻擊力 - Attack	2048	11001	2	10011001	410	0	0	0
	1309	5000	華輪寶印帽	99	4.戴宗	01.帽子	07.紫	00.無	(3) MP / 敏 / 智	07.怪物掉寶	0	0	0		pc04_hat_0092			100	0	0	0	18	0	17	0	0	0	0	0	0	0	0	0	0	0	0	0	870	0	0	0	0	0	0	0	0	13.防禦力 - Defence	4096	21001	3	10021001	200	0	0	0
	1310	5000	華輪寶印袍	99	4.戴宗	02.上衣	07.紫	00.無	(3) HP / 敏 / 智	07.怪物掉寶	0	0	1		pc04_torso_0092			100	0	0	0	18	0	17	0	0	0	0	0	0	0	0	0	0	0	0	250	0	0	0	0	0	0	0	0	0	13.防禦力 - Defence	4096	21001	3	10021001	200	0	0	0
	1311	5000	華輪寶印鞋	99	4.戴宗	03.褲子	07.紫	00.無	(3) MP / 敏 / 體	07.怪物掉寶	0	0	2		pc04_pelvis_0092			100	0	0	0	18	12	0	0	0	0	0	0	0	0	0	0	0	0	0	0	430	0	0	0	0	0	0	0	0	13.防禦力 - Defence	4096	21001	3	10021001	200	0	0	0
	1312	5000	華輪寶印徽章	99	4.戴宗	04.武器	07.紫	00.無	(3) HP / 體 / 智	07.怪物掉寶	0	0	3		pc04_weapon_0092			100	0	0	0	0	12	17	0	0	0	0	0	0	0	0	0	0	0	0	120	0	0	0	0	0	0	0	0	0	12.攻擊力 - Attack	2048	11001	3	10011001	420	0	0	0
# 共用飾品（ID 接續）																																																							
	1313	5000	一般木刻項鍊	7	0.全角色	07.項鍊	04.白	00.無	(0) 無	03.商店購買	270	27	7					100	12	11	0	0	0	0	0	0	0	0	0	0	0	0	0	0	0	0	0	0	0	0	0	0	0	0	0	0	01.最高 HP - MaxHP	1	31001	1	2031001	60	4.55	273	0.05
	1314	5000	高級敏捷木刻項鍊	7	0.全角色	07.項鍊	05.綠	00.無	(1) 敏捷	07.怪物掉寶	270	14	7					100	16	15	0	4	0	0	0	0	0	0	0	0	0	0	0	0	0	0	0	0	0	0	0	0	0	0	0	0	06.敏捷 - Dexterity	32	31001	2	2031001	60	4.55	273	0.05
	1315	5000	高級體能木刻項鍊	7	0.全角色	07.項鍊	05.綠	00.無	(1) 體能	07.怪物掉寶	270	14	7					100	16	15	0	0	4	0	0	0	0	0	0	0	0	0	0	0	0	0	0	0	0	0	0	0	0	0	0	0	07.體質 - Constitution	64	31001	2	2031001	60	4.55	273	0.05
	1316	5000	高級智慧木刻項鍊	7	0.全角色	07.項鍊	05.綠	00.無	(1) 智慧	07.怪物掉寶	270	14	7					100	16	15	0	0	0	4	0	0	0	0	0	0	0	0	0	0	0	0	0	0	0	0	0	0	0	0	0	0	08.智力 - Intelligence	128	31001	2	2031001	60	4.55	273	0.05
	1317	5000	一般石雕項鍊	12	0.全角色	07.項鍊	04.白	00.無	(0) 無	03.商店購買	"1,000"	100	7					100	19	17	0	0	0	0	0	0	0	0	0	0	0	0	0	0	0	0	0	0	0	0	0	0	0	0	0	0	01.最高 HP - MaxHP	1	31001	1	2031001	60	8.9	534	0.094
	1318	5000	高級敏捷石雕項鍊	12	0.全角色	07.項鍊	05.綠	00.無	(1) 敏捷	07.怪物掉寶	"1,000"	50	7					100	24	22	0	5	0	0	0	0	0	0	0	0	0	0	0	0	0	0	0	0	0	0	0	0	0	0	0	0	06.敏捷 - Dexterity	32	31001	2	2031001	60	8.9	534	0.094
	1319	5000	高級體能石雕項鍊	12	0.全角色	07.項鍊	05.綠	00.無	(1) 體能	07.怪物掉寶	"1,000"	50	7					100	24	22	0	0	5	0	0	0	0	0	0	0	0	0	0	0	0	0	0	0	0	0	0	0	0	0	0	0	07.體質 - Constitution	64	31001	2	2031001	60	8.9	534	0.094
	1320	5000	高級智慧石雕項鍊	12	0.全角色	07.項鍊	05.綠	00.無	(1) 智慧	07.怪物掉寶	"1,000"	50	7					100	24	22	0	0	0	5	0	0	0	0	0	0	0	0	0	0	0	0	0	0	0	0	0	0	0	0	0	0	08.智力 - Intelligence	128	31001	2	2031001	60	8.9	534	0.094
	1321	5000	一般鐵製項鍊	17	0.全角色	07.項鍊	04.白	00.無	(0) 無	03.商店購買	"3,660"	366	7					100	27	23	0	0	0	0	0	0	0	0	0	0	0	0	0	0	0	0	0	0	0	0	0	0	0	0	0	0	01.最高 HP - MaxHP	1	31001	1	2031001	60	16.21	973	0.189
	1322	5000	高級敏捷鐵製項鍊	17	0.全角色	07.項鍊	05.綠	00.無	(1) 敏捷	07.怪物掉寶	"3,660"	183	7					100	32	29	0	6	0	0	0	0	0	0	0	0	0	0	0	0	0	0	0	0	0	0	0	0	0	0	0	0	06.敏捷 - Dexterity	32	31001	2	2031001	60	16.21	973	0.189
	1323	5000	高級體能鐵製項鍊	17	0.全角色	07.項鍊	05.綠	00.無	(1) 體能	07.怪物掉寶	"3,660"	183	7					100	32	29	0	0	6	0	0	0	0	0	0	0	0	0	0	0	0	0	0	0	0	0	0	0	0	0	0	0	07.體質 - Constitution	64	31001	2	2031001	60	16.21	973	0.189
	1324	5000	高級智慧鐵製項鍊	17	0.全角色	07.項鍊	05.綠	00.無	(1) 智慧	07.怪物掉寶	"3,660"	183	7					100	32	29	0	0	0	6	0	0	0	0	0	0	0	0	0	0	0	0	0	0	0	0	0	0	0	0	0	0	08.智力 - Intelligence	128	31001	2	2031001	60	16.21	973	0.189
	1325	5000	頂級敏捷鐵製項鍊	37	0.全角色	07.項鍊	07.紫	00.無	(2) 敏主 + 體	07.怪物掉寶	"90,500"	"4,525"	7					100	118	77	0	11	8	0	0	0	0	0	0	0	0	0	0	0	0	0	0	0	0	0	0	0	0	0	0	0	06.敏捷 - Dexterity	32	31001	3	4031001	70	23.42	"1,640"	2.76
	1326	5000	頂級體能鐵製項鍊	37	0.全角色	07.項鍊	07.紫	00.無	(2) 體主 + 智	07.怪物掉寶	"90,500"	"4,525"	7					100	118	77	0	0	11	8	0	0	0	0	0	0	0	0	0	0	0	0	0	0	0	0	0	0	0	0	0	0	07.體質 - Constitution	64	31001	3	4031001	70	23.42	"1,640"	2.76
	1327	5000	頂級智慧鐵製項鍊	37	0.全角色	07.項鍊	07.紫	00.無	(2) 智主 + 敏	07.怪物掉寶	"90,500"	"4,525"	7					100	118	77	0	8	0	11	0	0	0	0	0	0	0	0	0	0	0	0	0	0	0	0	0	0	0	0	0	0	08.智力 - Intelligence	128	31001	3	4031001	70	23.42	"1,640"	2.76
	1328	5000	一般銅鑄製項鍊	22	0.全角色	07.項鍊	04.白	00.無	(0) 無	03.商店購買	"10,500"	"1,050"	7					100	36	30	0	0	0	0	0	0	0	0	0	0	0	0	0	0	0	0	0	0	0	0	0	0	0	0	0	0	01.最高 HP - MaxHP	1	31001	1	4031001	60	18.53	"1,112"	0.473
	1329	5000	高級敏捷銅鑄項鍊	22	0.全角色	07.項鍊	05.綠	00.無	(1) 敏捷	07.怪物掉寶	"10,500"	525	7					100	43	36	0	7	0	0	0	0	0	0	0	0	0	0	0	0	0	0	0	0	0	0	0	0	0	0	0	0	06.敏捷 - Dexterity	32	31001	2	4031001	60	18.53	"1,112"	0.473
	1330	5000	高級體能銅鑄項鍊	22	0.全角色	07.項鍊	05.綠	00.無	(1) 體能	07.怪物掉寶	"10,500"	525	7					100	43	36	0	0	6	0	0	0	0	0	0	0	0	0	0	0	0	0	0	0	0	0	0	0	0	0	0	0	07.體質 - Constitution	64	31001	2	4031001	60	18.53	"1,112"	0.473
	1331	5000	高級智慧銅鑄項鍊	22	0.全角色	07.項鍊	05.綠	00.無	(1) 智慧	07.怪物掉寶	"10,500"	525	7					100	43	36	0	0	0	7	0	0	0	0	0	0	0	0	0	0	0	0	0	0	0	0	0	0	0	0	0	0	08.智力 - Intelligence	128	31001	2	4031001	60	18.53	"1,112"	0.473
	1332	5000	一般銀製項鍊	27	0.全角色	07.項鍊	04.白	00.無	(0) 無	03.商店購買	"24,100"	"2,410"	7					100	47	38	0	0	0	0	0	0	0	0	0	0	0	0	0	0	0	0	0	0	0	0	0	0	0	0	0	0	01.最高 HP - MaxHP	1	31001	1	4031001	60	17.78	"1,067"	1.13
	1333	5000	高級敏捷銀製項鍊	27	0.全角色	07.項鍊	05.綠	00.無	(1) 敏捷	07.怪物掉寶	"24,100"	"1,205"	7					100	55	45	0	8	0	0	0	0	0	0	0	0	0	0	0	0	0	0	0	0	0	0	0	0	0	0	0	0	06.敏捷 - Dexterity	32	31001	2	4031001	60	17.78	"1,067"	1.13
	1334	5000	高級體能銀製項鍊	27	0.全角色	07.項鍊	05.綠	00.無	(1) 體能	07.怪物掉寶	"24,100"	"1,205"	7					100	55	45	0	0	7	0	0	0	0	0	0	0	0	0	0	0	0	0	0	0	0	0	0	0	0	0	0	0	07.體質 - Constitution	64	31001	2	4031001	60	17.78	"1,067"	1.13
	1335	5000	高級智慧銀製項鍊	27	0.全角色	07.項鍊	05.綠	00.無	(1) 智慧	07.怪物掉寶	"24,100"	"1,205"	7					100	55	45	0	0	0	8	0	0	0	0	0	0	0	0	0	0	0	0	0	0	0	0	0	0	0	0	0	0	08.智力 - Intelligence	128	31001	2	4031001	60	17.78	"1,067"	1.13
	1336	5000	一般金製項鍊	32	0.全角色	07.項鍊	04.白	00.無	(0) 無	03.商店購買	"49,100"	"4,910"	7					100	60	46	0	0	0	0	0	0	0	0	0	0	0	0	0	0	0	0	0	0	0	0	0	0	0	0	0	0	01.最高 HP - MaxHP	1	31001	1	4031001	60	20.7	"1,242"	1.977
	1337	5000	高級敏捷金製項鍊	32	0.全角色	07.項鍊	05.綠	00.無	(1) 敏捷	07.怪物掉寶	"49,100"	"2,455"	7					100	70	54	0	9	0	0	0	0	0	0	0	0	0	0	0	0	0	0	0	0	0	0	0	0	0	0	0	0	06.敏捷 - Dexterity	32	31001	2	4031001	60	20.7	"1,242"	1.977
	1338	5000	高級體能金製項鍊	32	0.全角色	07.項鍊	05.綠	00.無	(1) 體能	07.怪物掉寶	"49,100"	"2,455"	7					100	70	54	0	0	8	0	0	0	0	0	0	0	0	0	0	0	0	0	0	0	0	0	0	0	0	0	0	0	07.體質 - Constitution	64	31001	2	4031001	60	20.7	"1,242"	1.977
	1339	5000	高級智慧金製項鍊	32	0.全角色	07.項鍊	05.綠	00.無	(1) 智慧	07.怪物掉寶	"49,100"	"2,455"	7					100	70	54	0	0	0	9	0	0	0	0	0	0	0	0	0	0	0	0	0	0	0	0	0	0	0	0	0	0	08.智力 - Intelligence	128	31001	2	4031001	60	20.7	"1,242"	1.977
	1340	5000	一般白金項鍊	37	0.全角色	07.項鍊	04.白	00.無	(0) 無	03.商店購買	"90,500"	"9,050"	7					100	75	55	0	0	0	0	0	0	0	0	0	0	0	0	0	0	0	0	0	0	0	0	0	0	0	0	0	0	01.最高 HP - MaxHP	1	31001	1	4031001	60	27.33	"1,640"	2.76
	1341	5000	高級敏捷白金項鍊	37	0.全角色	07.項鍊	05.綠	00.無	(1) 敏捷	07.怪物掉寶	"90,500"	"4,525"	7					100	86	64	0	10	0	0	0	0	0	0	0	0	0	0	0	0	0	0	0	0	0	0	0	0	0	0	0	0	06.敏捷 - Dexterity	32	31001	2	4031001	60	27.33	"1,640"	2.76
	1342	5000	高級體能白金項鍊	37	0.全角色	07.項鍊	05.綠	00.無	(1) 體能	07.怪物掉寶	"90,500"	"4,525"	7					100	86	64	0	0	9	0	0	0	0	0	0	0	0	0	0	0	0	0	0	0	0	0	0	0	0	0	0	0	07.體質 - Constitution	64	31001	2	4031001	60	27.33	"1,640"	2.76
	1343	5000	高級智慧白金項鍊	37	0.全角色	07.項鍊	05.綠	00.無	(1) 智慧	07.怪物掉寶	"90,500"	"4,525"	7					100	86	64	0	0	0	10	0	0	0	0	0	0	0	0	0	0	0	0	0	0	0	0	0	0	0	0	0	0	08.智力 - Intelligence	128	31001	2	4031001	60	27.33	"1,640"	2.76
	1344	5000	頂級敏捷白金項鍊	47	0.全角色	07.項鍊	07.紫	00.無	(2) 敏主 + 體	07.怪物掉寶	"254,000"	"12,700"	7					100	172	98	0	13	10	0	0	0	0	0	0	0	0	0	0	0	0	0	0	0	0	0	0	0	0	0	0	0	06.敏捷 - Dexterity	32	31001	3	6031001	70	38.75	"2,713"	4.682
	1345	5000	頂級體能白金項鍊	47	0.全角色	07.項鍊	07.紫	00.無	(2) 體主 + 智	07.怪物掉寶	"254,000"	"12,700"	7					100	172	98	0	0	13	10	0	0	0	0	0	0	0	0	0	0	0	0	0	0	0	0	0	0	0	0	0	0	07.體質 - Constitution	64	31001	3	6031001	70	38.75	"2,713"	4.682
	1346	5000	頂級智慧白金項鍊	47	0.全角色	07.項鍊	07.紫	00.無	(2) 智主 + 敏	07.怪物掉寶	"254,000"	"12,700"	7					100	172	98	0	10	0	13	0	0	0	0	0	0	0	0	0	0	0	0	0	0	0	0	0	0	0	0	0	0	08.智力 - Intelligence	128	31001	3	6031001	70	38.75	"2,713"	4.682
	1347	5000	一般珍珠項鍊	42	0.全角色	07.項鍊	04.白	00.無	(0) 無	03.商店購買	"156,000"	"15,600"	7					100	93	64	0	0	0	0	0	0	0	0	0	0	0	0	0	0	0	0	0	0	0	0	0	0	0	0	0	0	01.最高 HP - MaxHP	1	31001	1	6031001	60	35.49	"2,130"	3.663
	1348	5000	高級敏捷珍珠項鍊	42	0.全角色	07.項鍊	05.綠	00.無	(1) 敏捷	07.怪物掉寶	"156,000"	"7,800"	7					100	106	74	0	11	0	0	0	0	0	0	0	0	0	0	0	0	0	0	0	0	0	0	0	0	0	0	0	0	06.敏捷 - Dexterity	32	31001	2	6031001	60	35.49	"2,130"	3.663
	1349	5000	高級體能珍珠項鍊	42	0.全角色	07.項鍊	05.綠	00.無	(1) 體能	07.怪物掉寶	"156,000"	"7,800"	7					100	106	74	0	0	10	0	0	0	0	0	0	0	0	0	0	0	0	0	0	0	0	0	0	0	0	0	0	0	07.體質 - Constitution	64	31001	2	6031001	60	35.49	"2,130"	3.663
	1350	5000	高級智慧珍珠項鍊	42	0.全角色	07.項鍊	05.綠	00.無	(1) 智慧	07.怪物掉寶	"156,000"	"7,800"	7					100	106	74	0	0	0	11	0	0	0	0	0	0	0	0	0	0	0	0	0	0	0	0	0	0	0	0	0	0	08.智力 - Intelligence	128	31001	2	6031001	60	35.49	"2,130"	3.663
	1351	5000	一般瑪瑙項鍊	47	0.全角色	07.項鍊	04.白	00.無	(0) 無	03.商店購買	"254,000"	"25,400"	7					100	113	74	0	0	0	0	0	0	0	0	0	0	0	0	0	0	0	0	0	0	0	0	0	0	0	0	0	0	01.最高 HP - MaxHP	1	31001	1	6031001	60	45.21	"2,713"	4.682
	1352	5000	高級敏捷瑪瑙項鍊	47	0.全角色	07.項鍊	05.綠	00.無	(1) 敏捷	07.怪物掉寶	"254,000"	"12,700"	7					100	128	85	0	12	0	0	0	0	0	0	0	0	0	0	0	0	0	0	0	0	0	0	0	0	0	0	0	0	06.敏捷 - Dexterity	32	31001	2	6031001	60	45.21	"2,713"	4.682
	1353	5000	高級體能瑪瑙項鍊	47	0.全角色	07.項鍊	05.綠	00.無	(1) 體能	07.怪物掉寶	"254,000"	"12,700"	7					100	128	85	0	0	11	0	0	0	0	0	0	0	0	0	0	0	0	0	0	0	0	0	0	0	0	0	0	0	07.體質 - Constitution	64	31001	2	6031001	60	45.21	"2,713"	4.682
	1354	5000	高級智慧瑪瑙項鍊	47	0.全角色	07.項鍊	05.綠	00.無	(1) 智慧	07.怪物掉寶	"254,000"	"12,700"	7					100	128	85	0	0	0	12	0	0	0	0	0	0	0	0	0	0	0	0	0	0	0	0	0	0	0	0	0	0	08.智力 - Intelligence	128	31001	2	6031001	60	45.21	"2,713"	4.682
	1355	5000	一般琥珀項鍊	52	0.全角色	07.項鍊	04.白	00.無	(0) 無	03.商店購買	"398,000"	"39,800"	7					100	136	84	0	0	0	0	0	0	0	0	0	0	0	0	0	0	0	0	0	0	0	0	0	0	0	0	0	0	01.最高 HP - MaxHP	1	31001	1	6031001	60	57.02	"3,422"	5.817
	1356	5000	高級敏捷琥珀項鍊	52	0.全角色	07.項鍊	05.綠	00.無	(1) 敏捷	07.怪物掉寶	"398,000"	"19,900"	7					100	154	95	0	13	0	0	0	0	0	0	0	0	0	0	0	0	0	0	0	0	0	0	0	0	0	0	0	0	06.敏捷 - Dexterity	32	31001	2	6031001	60	57.02	"3,422"	5.817
	1357	5000	高級體能琥珀項鍊	52	0.全角色	07.項鍊	05.綠	00.無	(1) 體能	07.怪物掉寶	"398,000"	"19,900"	7					100	154	95	0	0	12	0	0	0	0	0	0	0	0	0	0	0	0	0	0	0	0	0	0	0	0	0	0	0	07.體質 - Constitution	64	31001	2	6031001	60	57.02	"3,422"	5.817
	1358	5000	高級智慧琥珀項鍊	52	0.全角色	07.項鍊	05.綠	00.無	(1) 智慧	07.怪物掉寶	"398,000"	"19,900"	7					100	154	95	0	0	0	13	0	0	0	0	0	0	0	0	0	0	0	0	0	0	0	0	0	0	0	0	0	0	08.智力 - Intelligence	128	31001	2	6031001	60	57.02	"3,422"	5.817
	1359	5000	一般鑽石項鍊	57	0.全角色	07.項鍊	04.白	00.無	(0) 無	03.商店購買	"603,000"	"60,300"	7					100	163	93	0	0	0	0	0	0	0	0	0	0	0	0	0	0	0	0	0	0	0	0	0	0	0	0	0	0	01.最高 HP - MaxHP	1	31001	1	6031001	60	71.24	"4,275"	7.054
	1360	5000	高級敏捷鑽石項鍊	57	0.全角色	07.項鍊	05.綠	00.無	(1) 敏捷	07.怪物掉寶	"603,000"	"30,150"	7					100	184	106	0	14	0	0	0	0	0	0	0	0	0	0	0	0	0	0	0	0	0	0	0	0	0	0	0	0	06.敏捷 - Dexterity	32	31001	2	6031001	60	71.24	"4,275"	7.054
	1361	5000	高級體能鑽石項鍊	57	0.全角色	07.項鍊	05.綠	00.無	(1) 體能	07.怪物掉寶	"603,000"	"30,150"	7					100	184	106	0	0	13	0	0	0	0	0	0	0	0	0	0	0	0	0	0	0	0	0	0	0	0	0	0	0	07.體質 - Constitution	64	31001	2	6031001	60	71.24	"4,275"	7.054
	1362	5000	高級智慧鑽石項鍊	57	0.全角色	07.項鍊	05.綠	00.無	(1) 智慧	07.怪物掉寶	"603,000"	"30,150"	7					100	184	106	0	0	0	14	0	0	0	0	0	0	0	0	0	0	0	0	0	0	0	0	0	0	0	0	0	0	08.智力 - Intelligence	128	31001	2	6031001	60	71.24	"4,275"	7.054
	1363	5000	頂級敏捷鑽石項鍊	57	0.全角色	07.項鍊	07.紫	00.無	(2) 敏主 + 體	07.怪物掉寶	"603,000"	"30,150"	7					100	242	119	0	15	11	0	0	0	0	0	0	0	0	0	0	0	0	0	0	0	0	0	0	0	0	0	0	0	06.敏捷 - Dexterity	32	31001	3	6031001	70	61.07	"4,275"	7.054
	1364	5000	頂級體能鑽石項鍊	57	0.全角色	07.項鍊	07.紫	00.無	(2) 體主 + 智	07.怪物掉寶	"603,000"	"30,150"	7					100	242	119	0	0	15	11	0	0	0	0	0	0	0	0	0	0	0	0	0	0	0	0	0	0	0	0	0	0	07.體質 - Constitution	64	31001	3	6031001	70	61.07	"4,275"	7.054
	1365	5000	頂級智慧鑽石項鍊	57	0.全角色	07.項鍊	07.紫	00.無	(2) 智主 + 敏	07.怪物掉寶	"603,000"	"30,150"	7					100	242	119	0	11	0	15	0	0	0	0	0	0	0	0	0	0	0	0	0	0	0	0	0	0	0	0	0	0	08.智力 - Intelligence	128	31001	3	6031001	70	61.07	"4,275"	7.054
	1366	5000	一般鳴嵐項鍊	62	0.全角色	07.項鍊	04.白	00.無	(0) 無	03.商店購買	"890,000"	89000	7					100	195	103	0	0	0	0	0	0	0	0	0	0	0	0	0	0	0	0	0	0	0	0	0	0	0	0	0	0	01.最高 HP - MaxHP	1	31001	1	8031001	60	88.12	"5,288"	8.417
	1367	5000	高級敏捷鳴嵐項鍊	62	0.全角色	07.項鍊	05.綠	00.無	(1) 敏捷	07.怪物掉寶	"890,000"	44500	7					100	218	117	0	15	0	0	0	0	0	0	0	0	0	0	0	0	0	0	0	0	0	0	0	0	0	0	0	0	06.敏捷 - Dexterity	32	31001	2	8031001	60	88.12	"5,288"	8.417
	1368	5000	高級體能鳴嵐項鍊	62	0.全角色	07.項鍊	05.綠	00.無	(1) 體能	07.怪物掉寶	"890,000"	44500	7					100	218	117	0	0	14	0	0	0	0	0	0	0	0	0	0	0	0	0	0	0	0	0	0	0	0	0	0	0	07.體質 - Constitution	64	31001	2	8031001	60	88.12	"5,288"	8.417
	1369	5000	高級智慧鳴嵐項鍊	62	0.全角色	07.項鍊	05.綠	00.無	(1) 智慧	07.怪物掉寶	"890,000"	44500	7					100	218	117	0	0	0	15	0	0	0	0	0	0	0	0	0	0	0	0	0	0	0	0	0	0	0	0	0	0	08.智力 - Intelligence	128	31001	2	8031001	60	88.12	"5,288"	8.417
	1370	5000	一般玄天項鍊	67	0.全角色	07.項鍊	04.白	00.無	(0) 無	03.商店購買	"1,020,000"	102000	7					100	231	113	0	0	0	0	0	0	0	0	0	0	0	0	0	0	0	0	0	0	0	0	0	0	0	0	0	0	01.最高 HP - MaxHP	1	31001	1	8031001	60	84.86	"5,092"	10.016
	1371	5000	高級敏捷玄天項鍊	67	0.全角色	07.項鍊	05.綠	00.無	(1) 敏捷	07.怪物掉寶	"1,020,000"	51000	7					100	258	128	0	16	0	0	0	0	0	0	0	0	0	0	0	0	0	0	0	0	0	0	0	0	0	0	0	0	06.敏捷 - Dexterity	32	31001	2	8031001	60	84.86	"5,092"	10.016
	1372	5000	高級體能玄天項鍊	67	0.全角色	07.項鍊	05.綠	00.無	(1) 體能	07.怪物掉寶	"1,020,000"	51000	7					100	258	128	0	0	15	0	0	0	0	0	0	0	0	0	0	0	0	0	0	0	0	0	0	0	0	0	0	0	07.體質 - Constitution	64	31001	2	8031001	60	84.86	"5,092"	10.016
	1373	5000	高級智慧玄天項鍊	67	0.全角色	07.項鍊	05.綠	00.無	(1) 智慧	07.怪物掉寶	"1,020,000"	51000	7					100	258	128	0	0	0	15	0	0	0	0	0	0	0	0	0	0	0	0	0	0	0	0	0	0	0	0	0	0	08.智力 - Intelligence	128	31001	2	8031001	60	84.86	"5,092"	10.016
	1374	5000	一般法皇項鍊	72	0.全角色	07.項鍊	04.白	00.無	(0) 無	03.商店購買	0	0	7					100	272	122	0	0	0	0	0	0	0	0	0	0	0	0	0	0	0	0	0	0	0	0	0	0	0	0	0	0	01.最高 HP - MaxHP	1	31001	1	8031001	60	0	0	0
	1375	5000	高級敏捷法皇項鍊	72	0.全角色	07.項鍊	05.綠	00.無	(1) 敏捷	07.怪物掉寶	0	0	7					100	303	137	0	17	0	0	0	0	0	0	0	0	0	0	0	0	0	0	0	0	0	0	0	0	0	0	0	0	06.敏捷 - Dexterity	32	31001	2	8031001	60	0	0	0
	1376	5000	高級體能法皇項鍊	72	0.全角色	07.項鍊	05.綠	00.無	(1) 體能	07.怪物掉寶	0	0	7					100	303	137	0	0	16	0	0	0	0	0	0	0	0	0	0	0	0	0	0	0	0	0	0	0	0	0	0	0	07.體質 - Constitution	64	31001	2	8031001	60	0	0	0
	1377	5000	高級智慧法皇項鍊	72	0.全角色	07.項鍊	05.綠	00.無	(1) 智慧	07.怪物掉寶	0	0	7					100	303	137	0	0	0	16	0	0	0	0	0	0	0	0	0	0	0	0	0	0	0	0	0	0	0	0	0	0	08.智力 - Intelligence	128	31001	2	8031001	60	0	0	0
	1378	5000	一般希亞項鍊	77	0.全角色	07.項鍊	04.白	00.無	(0) 無	03.商店購買	0	0	7					100	319	145	0	0	0	0	0	0	0	0	0	0	0	0	0	0	0	0	0	0	0	0	0	0	0	0	0	0	01.最高 HP - MaxHP	1	31001	1	8031001	60	0	0	0
	1379	5000	高級敏捷希亞項鍊	77	0.全角色	07.項鍊	05.綠	00.無	(1) 敏捷	07.怪物掉寶	0	0	7					100	355	162	0	18	0	0	0	0	0	0	0	0	0	0	0	0	0	0	0	0	0	0	0	0	0	0	0	0	06.敏捷 - Dexterity	32	31001	2	8031001	60	0	0	0
	1380	5000	高級體能希亞項鍊	77	0.全角色	07.項鍊	05.綠	00.無	(1) 體能	07.怪物掉寶	0	0	7					100	355	162	0	0	17	0	0	0	0	0	0	0	0	0	0	0	0	0	0	0	0	0	0	0	0	0	0	0	07.體質 - Constitution	64	31001	2	8031001	60	0	0	0
	1381	5000	高級智慧希亞項鍊	77	0.全角色	07.項鍊	05.綠	00.無	(1) 智慧	07.怪物掉寶	0	0	7					100	355	162	0	0	0	17	0	0	0	0	0	0	0	0	0	0	0	0	0	0	0	0	0	0	0	0	0	0	08.智力 - Intelligence	128	31001	2	8031001	60	0	0	0
	1382	5000	頂級敏捷希亞項鍊	77	0.全角色	07.項鍊	07.紫	00.無	(2) 敏主 + 體	07.怪物掉寶	0	0	7					100	457	210	0	19	14	0	0	0	0	0	0	0	0	0	0	0	0	0	0	0	0	0	0	0	0	0	0	0	06.敏捷 - Dexterity	32	31001	3	8031001	70	0	0	0
	1383	5000	頂級體能希亞項鍊	77	0.全角色	07.項鍊	07.紫	00.無	(2) 體主 + 力	07.怪物掉寶	0	0	7					100	457	210	14	0	19	0	0	0	0	0	0	0	0	0	0	0	0	0	0	0	0	0	0	0	0	0	0	0	07.體質 - Constitution	64	31001	3	8031001	70	0	0	0
	1384	5000	頂級智慧希亞項鍊	77	0.全角色	07.項鍊	07.紫	00.無	(2) 智主 + 敏	07.怪物掉寶	0	0	7					100	457	210	0	14	0	19	0	0	0	0	0	0	0	0	0	0	0	0	0	0	0	0	0	0	0	0	0	0	08.智力 - Intelligence	128	31001	3	8031001	70	0	0	0
	1385	5000	一般聖御項鍊	82	0.全角色	07.項鍊	04.白	00.無	(0) 無	03.商店購買	0	0	7					100	374	171	0	0	0	0	0	0	0	0	0	0	0	0	0	0	0	0	0	0	0	0	0	0	0	0	0	0	01.最高 HP - MaxHP	1	31001	1	10031001	60	0	0	0
	1386	5000	高級敏捷聖御項鍊	82	0.全角色	07.項鍊	05.綠	00.無	(1) 敏捷	07.怪物掉寶	0	0	7					100	414	191	0	19	0	0	0	0	0	0	0	0	0	0	0	0	0	0	0	0	0	0	0	0	0	0	0	0	06.敏捷 - Dexterity	32	31001	2	10031001	60	0	0	0
	1387	5000	高級體能聖御項鍊	82	0.全角色	07.項鍊	05.綠	00.無	(1) 體能	07.怪物掉寶	0	0	7					100	414	191	0	0	18	0	0	0	0	0	0	0	0	0	0	0	0	0	0	0	0	0	0	0	0	0	0	0	07.體質 - Constitution	64	31001	2	10031001	60	0	0	0
	1388	5000	高級智慧聖御項鍊	82	0.全角色	07.項鍊	05.綠	00.無	(1) 智慧	07.怪物掉寶	0	0	7					100	414	191	0	0	0	18	0	0	0	0	0	0	0	0	0	0	0	0	0	0	0	0	0	0	0	0	0	0	08.智力 - Intelligence	128	31001	2	10031001	60	0	0	0
	1389	5000	一般次元項鍊	87	0.全角色	07.項鍊	04.白	00.無	(0) 無	03.商店購買	0	0	7					100	435	200	0	0	0	0	0	0	0	0	0	0	0	0	0	0	0	0	0	0	0	0	0	0	0	0	0	0	01.最高 HP - MaxHP	1	31001	1	10031001	60	0	0	0
	1390	5000	高級敏捷次元項鍊	87	0.全角色	07.項鍊	05.綠	00.無	(1) 敏捷	07.怪物掉寶	0	0	7					100	482	223	0	20	0	0	0	0	0	0	0	0	0	0	0	0	0	0	0	0	0	0	0	0	0	0	0	0	06.敏捷 - Dexterity	32	31001	2	10031001	60	0	0	0
	1391	5000	高級體能次元項鍊	87	0.全角色	07.項鍊	05.綠	00.無	(1) 體能	07.怪物掉寶	0	0	7					100	482	223	0	0	19	0	0	0	0	0	0	0	0	0	0	0	0	0	0	0	0	0	0	0	0	0	0	0	07.體質 - Constitution	64	31001	2	10031001	60	0	0	0
	1392	5000	高級智慧次元項鍊	87	0.全角色	07.項鍊	05.綠	00.無	(1) 智慧	07.怪物掉寶	0	0	7					100	482	223	0	0	0	19	0	0	0	0	0	0	0	0	0	0	0	0	0	0	0	0	0	0	0	0	0	0	08.智力 - Intelligence	128	31001	2	10031001	60	0	0	0
	1393	5000	一般魔瞳項鍊	92	0.全角色	07.項鍊	04.白	00.無	(0) 無	03.商店購買	0	0	7					100	506	234	0	0	0	0	0	0	0	0	0	0	0	0	0	0	0	0	0	0	0	0	0	0	0	0	0	0	01.最高 HP - MaxHP	1	31001	1	10031001	60	0	0	0
	1394	5000	高級敏捷魔瞳項鍊	92	0.全角色	07.項鍊	05.綠	00.無	(1) 敏捷	07.怪物掉寶	0	0	7					100	560	260	0	21	0	0	0	0	0	0	0	0	0	0	0	0	0	0	0	0	0	0	0	0	0	0	0	0	06.敏捷 - Dexterity	32	31001	2	10031001	60	0	0	0
	1395	5000	高級體能魔瞳項鍊	92	0.全角色	07.項鍊	05.綠	00.無	(1) 體能	07.怪物掉寶	0	0	7					100	560	260	0	0	20	0	0	0	0	0	0	0	0	0	0	0	0	0	0	0	0	0	0	0	0	0	0	0	07.體質 - Constitution	64	31001	2	10031001	60	0	0	0
	1396	5000	高級智慧魔瞳項鍊	92	0.全角色	07.項鍊	05.綠	00.無	(1) 智慧	07.怪物掉寶	0	0	7					100	560	260	0	0	0	20	0	0	0	0	0	0	0	0	0	0	0	0	0	0	0	0	0	0	0	0	0	0	08.智力 - Intelligence	128	31001	2	10031001	60	0	0	0
	1397	5000	一般極樂項鍊	97	0.全角色	07.項鍊	04.白	00.無	(0) 無	03.商店購買	0	0	7					100	587	272	0	0	0	0	0	0	0	0	0	0	0	0	0	0	0	0	0	0	0	0	0	0	0	0	0	0	01.最高 HP - MaxHP	1	31001	1	10031001	60	0	0	0
	1398	5000	高級敏捷極樂項鍊	97	0.全角色	07.項鍊	05.綠	00.無	(1) 敏捷	07.怪物掉寶	0	0	7					100	648	302	0	22	0	0	0	0	0	0	0	0	0	0	0	0	0	0	0	0	0	0	0	0	0	0	0	0	06.敏捷 - Dexterity	32	31001	2	10031001	60	0	0	0
	1399	5000	高級體能極樂項鍊	97	0.全角色	07.項鍊	05.綠	00.無	(1) 體能	07.怪物掉寶	0	0	7					100	648	302	0	0	21	0	0	0	0	0	0	0	0	0	0	0	0	0	0	0	0	0	0	0	0	0	0	0	07.體質 - Constitution	64	31001	2	10031001	60	0	0	0
	1400	5000	高級智慧極樂項鍊	97	0.全角色	07.項鍊	05.綠	00.無	(1) 智慧	07.怪物掉寶	0	0	7					100	648	302	0	0	0	21	0	0	0	0	0	0	0	0	0	0	0	0	0	0	0	0	0	0	0	0	0	0	08.智力 - Intelligence	128	31001	2	10031001	60	0	0	0
	1401	5000	頂級敏捷極樂項鍊	97	0.全角色	07.項鍊	07.紫	00.無	(2) 敏主 + 體	07.怪物掉寶	0	0	7					100	0	0	0	23	17	0	0	0	0	0	0	0	0	0	0	0	0	0	0	0	0	0	0	0	0	0	0	0	06.敏捷 - Dexterity	32	31001	3	10031001	70	0	0	0
	1402	5000	頂級體能極樂項鍊	97	0.全角色	07.項鍊	07.紫	00.無	(2) 體主 + 力	07.怪物掉寶	0	0	7					100	0	0	17	0	23	0	0	0	0	0	0	0	0	0	0	0	0	0	0	0	0	0	0	0	0	0	0	0	07.體質 - Constitution	64	31001	3	10031001	70	0	0	0
	1403	5000	頂級智慧極樂項鍊	97	0.全角色	07.項鍊	07.紫	00.無	(2) 智主 + 敏	07.怪物掉寶	0	0	7					100	0	0	0	17	0	23	0	0	0	0	0	0	0	0	0	0	0	0	0	0	0	0	0	0	0	0	0	0	08.智力 - Intelligence	128	31001	3	10031001	70	0	0	0
	1404	5000	一般木刻手環	7	0.全角色	06.手環	04.白	00.雜	(0) 無	03.商店購買	360	36	6					100	0	0	0	0	0	0	0	0	0	0	0	0	0	0	16	16	16	16	0	0	0	0	0	0	0	0	0	0	102.雜防 - 4 UnElement	1966080	31001	1	2031001	60	6.07	365	0.05
	1405	5000	高級地防木刻手環	7	0.全角色	06.手環	05.綠	01.地	(1) 體能	05.任務獎賞	360	18	6					100	0	0	0	0	4	0	0	0	0	0	0	0	0	0	33	26	22	22	0	0	0	0	0	0	0	0	0	0	18.地防 - Unground	131072	31001	2	2031001	60	6.07	365	0.05
	1406	5000	高級水防木刻手環	7	0.全角色	06.手環	05.綠	02.水	(1) 體能	07.怪物掉寶	360	18	6					100	0	0	0	0	4	0	0	0	0	0	0	0	0	0	22	33	26	22	0	0	0	0	0	0	0	0	0	0	19.水防 - Unwater	262144	31001	2	2031001	60	6.07	365	0.05
	1407	5000	高級火防木刻手環	7	0.全角色	06.手環	05.綠	03.火	(1) 體能	07.怪物掉寶	360	18	6					100	0	0	0	0	4	0	0	0	0	0	0	0	0	0	22	22	33	26	0	0	0	0	0	0	0	0	0	0	20.火防 - Unfire	524288	31001	2	2031001	60	6.07	365	0.05
	1408	5000	高級風防木刻手環	7	0.全角色	06.手環	05.綠	04.風	(1) 體能	07.怪物掉寶	360	18	6					100	0	0	0	0	4	0	0	0	0	0	0	0	0	0	26	22	22	33	0	0	0	0	0	0	0	0	0	0	21.風防 - Unwind	1048576	31001	2	2031001	60	6.07	365	0.05
	1409	5000	一般石雕手環	12	0.全角色	06.手環	04.白	00.雜	(0) 無	03.商店購買	"1,330"	133	6					100	0	0	0	0	0	0	0	0	0	0	0	0	0	0	25	25	25	25	0	0	0	0	0	0	0	0	0	0	102.雜防 - 4 UnElement	1966080	31001	1	2031001	60	11.83	710	0.094
	1410	5000	高級地防石雕手環	12	0.全角色	06.手環	05.綠	01.地	(1) 體能	07.怪物掉寶	"1,330"	67	6					100	0	0	0	0	5	0	0	0	0	0	0	0	0	0	47	38	32	32	0	0	0	0	0	0	0	0	0	0	18.地防 - Unground	131072	31001	2	2031001	60	11.83	710	0.094
	1411	5000	高級水防石雕手環	12	0.全角色	06.手環	05.綠	02.水	(1) 體能	07.怪物掉寶	"1,330"	67	6					100	0	0	0	0	5	0	0	0	0	0	0	0	0	0	32	47	38	32	0	0	0	0	0	0	0	0	0	0	19.水防 - Unwater	262144	31001	2	2031001	60	11.83	710	0.094
	1412	5000	高級火防石雕手環	12	0.全角色	06.手環	05.綠	03.火	(1) 體能	05.任務獎賞	"1,330"	67	6					100	0	0	0	0	5	0	0	0	0	0	0	0	0	0	32	32	47	38	0	0	0	0	0	0	0	0	0	0	20.火防 - Unfire	524288	31001	2	2031001	60	11.83	710	0.094
	1413	5000	高級風防石雕手環	12	0.全角色	06.手環	05.綠	04.風	(1) 體能	07.怪物掉寶	"1,330"	67	6					100	0	0	0	0	5	0	0	0	0	0	0	0	0	0	38	32	32	47	0	0	0	0	0	0	0	0	0	0	21.風防 - Unwind	1048576	31001	2	2031001	60	11.83	710	0.094
	1414	5000	一般鐵製手環	17	0.全角色	06.手環	04.白	00.雜	(0) 無	03.商店購買	"4,880"	488	6					100	0	0	0	0	0	0	0	0	0	0	0	0	0	0	36	36	36	36	0	0	0	0	0	0	0	0	0	0	102.雜防 - 4 UnElement	1966080	31001	1	2031001	60	21.61	"1,297"	0.189
	1415	5000	高級地防鐵製手環	17	0.全角色	06.手環	05.綠	01.地	(1) 體能	05.任務獎賞	"4,880"	244	6					100	0	0	0	0	6	0	0	0	0	0	0	0	0	0	65	52	43	43	0	0	0	0	0	0	0	0	0	0	18.地防 - Unground	131072	31001	2	2031001	60	21.61	"1,297"	0.189
	1416	5000	高級水防鐵製手環	17	0.全角色	06.手環	05.綠	02.水	(1) 體能	07.怪物掉寶	"4,880"	244	6					100	0	0	0	0	6	0	0	0	0	0	0	0	0	0	43	65	52	43	0	0	0	0	0	0	0	0	0	0	19.水防 - Unwater	262144	31001	2	2031001	60	21.61	"1,297"	0.189
	1417	5000	高級火防鐵製手環	17	0.全角色	06.手環	05.綠	03.火	(1) 體能	07.怪物掉寶	"4,880"	244	6					100	0	0	0	0	6	0	0	0	0	0	0	0	0	0	43	43	65	52	0	0	0	0	0	0	0	0	0	0	20.火防 - Unfire	524288	31001	2	2031001	60	21.61	"1,297"	0.189
	1418	5000	高級風防鐵製手環	17	0.全角色	06.手環	05.綠	04.風	(1) 體能	07.怪物掉寶	"4,880"	244	6					100	0	0	0	0	6	0	0	0	0	0	0	0	0	0	52	43	43	65	0	0	0	0	0	0	0	0	0	0	21.風防 - Unwind	1048576	31001	2	2031001	60	21.61	"1,297"	0.189
	1419	5000	頂級地防鐵製手環	37	0.全角色	06.手環	07.紫	01.地	(2) 敏 / 體 平均	07.怪物掉寶	"120,700"	"6,035"	6					100	0	0	0	10	9	0	0	0	0	0	0	0	0	0	237	190	158	158	0	0	0	0	0	0	0	0	0	0	18.地防 - Unground	131072	31001	3	4031001	70	31.24	"2,187"	2.76
	1420	5000	頂級水防鐵製手環	37	0.全角色	06.手環	07.紫	02.水	(2) 敏 / 體 平均	07.怪物掉寶	"120,700"	"6,035"	6					100	0	0	0	10	9	0	0	0	0	0	0	0	0	0	158	237	190	158	0	0	0	0	0	0	0	0	0	0	19.水防 - Unwater	262144	31001	3	4031001	70	31.24	"2,187"	2.76
	1421	5000	頂級火防鐵製手環	37	0.全角色	06.手環	07.紫	03.火	(2) 敏 / 體 平均	07.怪物掉寶	"120,700"	"6,035"	6					100	0	0	0	10	9	0	0	0	0	0	0	0	0	0	158	158	237	190	0	0	0	0	0	0	0	0	0	0	20.火防 - Unfire	524288	31001	3	4031001	70	31.24	"2,187"	2.76
	1422	5000	頂級風防鐵製手環	37	0.全角色	06.手環	07.紫	04.風	(2) 敏 / 體 平均	07.怪物掉寶	"120,700"	"6,035"	6					100	0	0	0	10	9	0	0	0	0	0	0	0	0	0	190	158	158	237	0	0	0	0	0	0	0	0	0	0	21.風防 - Unwind	1048576	31001	3	4031001	70	31.24	"2,187"	2.76
	1423	5000	一般銅鑄手環	22	0.全角色	06.手環	04.白	00.雜	(0) 無	03.商店購買	"14,000"	"1,400"	6					100	0	0	0	0	0	0	0	0	0	0	0	0	0	0	48	48	48	48	0	0	0	0	0	0	0	0	0	0	102.雜防 - 4 UnElement	1966080	31001	1	4031001	60	24.71	"1,483"	0.473
	1424	5000	高級地防銅鑄手環	22	0.全角色	06.手環	05.綠	01.地	(1) 體能	07.怪物掉寶	"14,000"	700	6					100	0	0	0	0	6	0	0	0	0	0	0	0	0	0	86	69	57	57	0	0	0	0	0	0	0	0	0	0	18.地防 - Unground	131072	31001	2	4031001	60	24.71	"1,483"	0.473
	1425	5000	高級水防銅鑄手環	22	0.全角色	06.手環	05.綠	02.水	(1) 體能	07.怪物掉寶	"14,000"	700	6					100	0	0	0	0	6	0	0	0	0	0	0	0	0	0	57	86	69	57	0	0	0	0	0	0	0	0	0	0	19.水防 - Unwater	262144	31001	2	4031001	60	24.71	"1,483"	0.473
	1426	5000	高級火防銅鑄手環	22	0.全角色	06.手環	05.綠	03.火	(1) 體能	05.任務獎賞	"14,000"	700	6					100	0	0	0	0	6	0	0	0	0	0	0	0	0	0	57	57	86	69	0	0	0	0	0	0	0	0	0	0	20.火防 - Unfire	524288	31001	2	4031001	60	24.71	"1,483"	0.473
	1427	5000	高級風防銅鑄手環	22	0.全角色	06.手環	05.綠	04.風	(1) 體能	07.怪物掉寶	"14,000"	700	6					100	0	0	0	0	6	0	0	0	0	0	0	0	0	0	69	57	57	86	0	0	0	0	0	0	0	0	0	0	21.風防 - Unwind	1048576	31001	2	4031001	60	24.71	"1,483"	0.473
	1428	5000	一般銀製手環	27	0.全角色	06.手環	04.白	00.雜	(0) 無	03.商店購買	"32,200"	"3,220"	6					100	0	0	0	0	0	0	0	0	0	0	0	0	0	0	63	63	63	63	0	0	0	0	0	0	0	0	0	0	102.雜防 - 4 UnElement	1966080	31001	1	4031001	60	23.75	"1,425"	1.13
	1429	5000	高級地防銀製手環	27	0.全角色	06.手環	05.綠	01.地	(1) 體能	05.任務獎賞	"32,200"	"1,610"	6					100	0	0	0	0	7	0	0	0	0	0	0	0	0	0	110	88	74	74	0	0	0	0	0	0	0	0	0	0	18.地防 - Unground	131072	31001	2	4031001	60	23.75	"1,425"	1.13
	1430	5000	高級水防銀製手環	27	0.全角色	06.手環	05.綠	02.水	(1) 體能	07.怪物掉寶	"32,200"	"1,610"	6					100	0	0	0	0	7	0	0	0	0	0	0	0	0	0	74	110	88	74	0	0	0	0	0	0	0	0	0	0	19.水防 - Unwater	262144	31001	2	4031001	60	23.75	"1,425"	1.13
	1431	5000	高級火防銀製手環	27	0.全角色	06.手環	05.綠	03.火	(1) 體能	07.怪物掉寶	"32,200"	"1,610"	6					100	0	0	0	0	7	0	0	0	0	0	0	0	0	0	74	74	110	88	0	0	0	0	0	0	0	0	0	0	20.火防 - Unfire	524288	31001	2	4031001	60	23.75	"1,425"	1.13
	1432	5000	高級風防銀製手環	27	0.全角色	06.手環	05.綠	04.風	(1) 體能	07.怪物掉寶	"32,200"	"1,610"	6					100	0	0	0	0	7	0	0	0	0	0	0	0	0	0	88	74	74	110	0	0	0	0	0	0	0	0	0	0	21.風防 - Unwind	1048576	31001	2	4031001	60	23.75	"1,425"	1.13
	1433	5000	一般金製手環	32	0.全角色	06.手環	04.白	00.雜	(0) 無	03.商店購買	"65,500"	"6,550"	6					100	0	0	0	0	0	0	0	0	0	0	0	0	0	0	80	80	80	80	0	0	0	0	0	0	0	0	0	0	102.雜防 - 4 UnElement	1966080	31001	1	4031001	60	27.62	"1,658"	1.977
	1434	5000	高級地防金製手環	32	0.全角色	06.手環	05.綠	01.地	(1) 體能	07.怪物掉寶	"65,500"	"3,275"	6					100	0	0	0	0	8	0	0	0	0	0	0	0	0	0	139	111	93	93	0	0	0	0	0	0	0	0	0	0	18.地防 - Unground	131072	31001	2	4031001	60	27.62	"1,658"	1.977
	1435	5000	高級水防金製手環	32	0.全角色	06.手環	05.綠	02.水	(1) 體能	07.怪物掉寶	"65,500"	"3,275"	6					100	0	0	0	0	8	0	0	0	0	0	0	0	0	0	93	139	111	93	0	0	0	0	0	0	0	0	0	0	19.水防 - Unwater	262144	31001	2	4031001	60	27.62	"1,658"	1.977
	1436	5000	高級火防金製手環	32	0.全角色	06.手環	05.綠	03.火	(1) 體能	05.任務獎賞	"65,500"	"3,275"	6					100	0	0	0	0	8	0	0	0	0	0	0	0	0	0	93	93	139	111	0	0	0	0	0	0	0	0	0	0	20.火防 - Unfire	524288	31001	2	4031001	60	27.62	"1,658"	1.977
	1437	5000	高級風防金製手環	32	0.全角色	06.手環	05.綠	04.風	(1) 體能	07.怪物掉寶	"65,500"	"3,275"	6					100	0	0	0	0	8	0	0	0	0	0	0	0	0	0	111	93	93	139	0	0	0	0	0	0	0	0	0	0	21.風防 - Unwind	1048576	31001	2	4031001	60	27.62	"1,658"	1.977
	1438	5000	一般白金手環	37	0.全角色	06.手環	04.白	00.雜	(0) 無	03.商店購買	"120,700"	"12,070"	6					100	0	0	0	0	0	0	0	0	0	0	0	0	0	0	100	100	100	100	0	0	0	0	0	0	0	0	0	0	102.雜防 - 4 UnElement	1966080	31001	1	4031001	60	36.45	"2,187"	2.76
	1439	5000	高級地防白金手環	37	0.全角色	06.手環	05.綠	01.地	(1) 體能	05.任務獎賞	"120,700"	"6,035"	6					100	0	0	0	0	9	0	0	0	0	0	0	0	0	0	173	138	115	115	0	0	0	0	0	0	0	0	0	0	18.地防 - Unground	131072	31001	2	4031001	60	36.45	"2,187"	2.76
	1440	5000	高級水防白金手環	37	0.全角色	06.手環	05.綠	02.水	(1) 體能	07.怪物掉寶	"120,700"	"6,035"	6					100	0	0	0	0	9	0	0	0	0	0	0	0	0	0	115	173	138	115	0	0	0	0	0	0	0	0	0	0	19.水防 - Unwater	262144	31001	2	4031001	60	36.45	"2,187"	2.76
	1441	5000	高級火防白金手環	37	0.全角色	06.手環	05.綠	03.火	(1) 體能	07.怪物掉寶	"120,700"	"6,035"	6					100	0	0	0	0	9	0	0	0	0	0	0	0	0	0	115	115	173	138	0	0	0	0	0	0	0	0	0	0	20.火防 - Unfire	524288	31001	2	4031001	60	36.45	"2,187"	2.76
	1442	5000	高級風防白金手環	37	0.全角色	06.手環	05.綠	04.風	(1) 體能	07.怪物掉寶	"120,700"	"6,035"	6					100	0	0	0	0	9	0	0	0	0	0	0	0	0	0	138	115	115	173	0	0	0	0	0	0	0	0	0	0	21.風防 - Unwind	1048576	31001	2	4031001	60	36.45	"2,187"	2.76
	1443	5000	頂級地防白金手環	47	0.全角色	06.手環	07.紫	01.地	(2) 敏 / 體 平均	07.怪物掉寶	"339,000"	"16,950"	6					100	0	0	0	11	11	0	0	0	0	0	0	0	0	0	343	274	229	229	0	0	0	0	0	0	0	0	0	0	18.地防 - Unground	131072	31001	3	6031001	70	51.72	"3,621"	4.682
	1444	5000	頂級水防白金手環	47	0.全角色	06.手環	07.紫	02.水	(2) 敏 / 體 平均	07.怪物掉寶	"339,000"	"16,950"	6					100	0	0	0	11	11	0	0	0	0	0	0	0	0	0	229	343	274	229	0	0	0	0	0	0	0	0	0	0	19.水防 - Unwater	262144	31001	3	6031001	70	51.72	"3,621"	4.682
	1445	5000	頂級火防白金手環	47	0.全角色	06.手環	07.紫	03.火	(2) 敏 / 體 平均	07.怪物掉寶	"339,000"	"16,950"	6					100	0	0	0	11	11	0	0	0	0	0	0	0	0	0	229	229	343	274	0	0	0	0	0	0	0	0	0	0	20.火防 - Unfire	524288	31001	3	6031001	70	51.72	"3,621"	4.682
	1446	5000	頂級風防白金手環	47	0.全角色	06.手環	07.紫	04.風	(2) 敏 / 體 平均	07.怪物掉寶	"339,000"	"16,950"	6					100	0	0	0	11	11	0	0	0	0	0	0	0	0	0	274	229	229	343	0	0	0	0	0	0	0	0	0	0	21.風防 - Unwind	1048576	31001	3	6031001	70	51.72	"3,621"	4.682
	1447	5000	一般珍珠手環	42	0.全角色	06.手環	04.白	00.雜	(0) 無	03.商店購買	"207,000"	"20,700"	6					100	0	0	0	0	0	0	0	0	0	0	0	0	0	0	123	123	123	123	0	0	0	0	0	0	0	0	0	0	102.雜防 - 4 UnElement	1966080	31001	1	6031001	60	47.1	"2,826"	3.663
	1448	5000	高級地防珍珠手環	42	0.全角色	06.手環	05.綠	01.地	(1) 體能	07.怪物掉寶	"207,000"	"10,350"	6					100	0	0	0	0	10	0	0	0	0	0	0	0	0	0	211	169	141	141	0	0	0	0	0	0	0	0	0	0	18.地防 - Unground	131072	31001	2	6031001	60	47.1	"2,826"	3.663
	1449	5000	高級水防珍珠手環	42	0.全角色	06.手環	05.綠	02.水	(1) 體能	07.怪物掉寶	"207,000"	"10,350"	6					100	0	0	0	0	10	0	0	0	0	0	0	0	0	0	141	211	169	141	0	0	0	0	0	0	0	0	0	0	19.水防 - Unwater	262144	31001	2	6031001	60	47.1	"2,826"	3.663
	1450	5000	高級火防珍珠手環	42	0.全角色	06.手環	05.綠	03.火	(1) 體能	05.任務獎賞	"207,000"	"10,350"	6					100	0	0	0	0	10	0	0	0	0	0	0	0	0	0	141	141	211	169	0	0	0	0	0	0	0	0	0	0	20.火防 - Unfire	524288	31001	2	6031001	60	47.1	"2,826"	3.663
	1451	5000	高級風防珍珠手環	42	0.全角色	06.手環	05.綠	04.風	(1) 體能	07.怪物掉寶	"207,000"	"10,350"	6					100	0	0	0	0	10	0	0	0	0	0	0	0	0	0	169	141	141	211	0	0	0	0	0	0	0	0	0	0	21.風防 - Unwind	1048576	31001	2	6031001	60	47.1	"2,826"	3.663
	1452	5000	一般瑪瑙手環	47	0.全角色	06.手環	04.白	00.雜	(0) 無	03.商店購買	"339,000"	"33,900"	6					100	0	0	0	0	0	0	0	0	0	0	0	0	0	0	150	150	150	150	0	0	0	0	0	0	0	0	0	0	102.雜防 - 4 UnElement	1966080	31001	1	6031001	60	60.34	"3,621"	4.682
	1453	5000	高級地防瑪瑙手環	47	0.全角色	06.手環	05.綠	01.地	(1) 體能	05.任務獎賞	"339,000"	"16,950"	6					100	0	0	0	0	11	0	0	0	0	0	0	0	0	0	256	205	171	171	0	0	0	0	0	0	0	0	0	0	18.地防 - Unground	131072	31001	2	6031001	60	60.34	"3,621"	4.682
	1454	5000	高級水防瑪瑙手環	47	0.全角色	06.手環	05.綠	02.水	(1) 體能	07.怪物掉寶	"339,000"	"16,950"	6					100	0	0	0	0	11	0	0	0	0	0	0	0	0	0	171	256	205	171	0	0	0	0	0	0	0	0	0	0	19.水防 - Unwater	262144	31001	2	6031001	60	60.34	"3,621"	4.682
	1455	5000	高級火防瑪瑙手環	47	0.全角色	06.手環	05.綠	03.火	(1) 體能	07.怪物掉寶	"339,000"	"16,950"	6					100	0	0	0	0	11	0	0	0	0	0	0	0	0	0	171	171	256	205	0	0	0	0	0	0	0	0	0	0	20.火防 - Unfire	524288	31001	2	6031001	60	60.34	"3,621"	4.682
	1456	5000	高級風防瑪瑙手環	47	0.全角色	06.手環	05.綠	04.風	(1) 體能	07.怪物掉寶	"339,000"	"16,950"	6					100	0	0	0	0	11	0	0	0	0	0	0	0	0	0	205	171	171	256	0	0	0	0	0	0	0	0	0	0	21.風防 - Unwind	1048576	31001	2	6031001	60	60.34	"3,621"	4.682
	1457	5000	一般琥珀手環	52	0.全角色	06.手環	04.白	00.雜	(0) 無	03.商店購買	"531,000"	"53,100"	6					100	0	0	0	0	0	0	0	0	0	0	0	0	0	0	182	182	182	182	0	0	0	0	0	0	0	0	0	0	102.雜防 - 4 UnElement	1966080	31001	1	6031001	60	76.07	"4,565"	5.817
	1458	5000	高級地防琥珀手環	52	0.全角色	06.手環	05.綠	01.地	(1) 體能	07.怪物掉寶	"531,000"	"26,550"	6					100	0	0	0	0	12	0	0	0	0	0	0	0	0	0	308	246	205	205	0	0	0	0	0	0	0	0	0	0	18.地防 - Unground	131072	31001	2	6031001	60	76.07	"4,565"	5.817
	1459	5000	高級水防琥珀手環	52	0.全角色	06.手環	05.綠	02.水	(1) 體能	07.怪物掉寶	"531,000"	"26,550"	6					100	0	0	0	0	12	0	0	0	0	0	0	0	0	0	205	308	246	205	0	0	0	0	0	0	0	0	0	0	19.水防 - Unwater	262144	31001	2	6031001	60	76.07	"4,565"	5.817
	1460	5000	高級火防琥珀手環	52	0.全角色	06.手環	05.綠	03.火	(1) 體能	05.任務獎賞	"531,000"	"26,550"	6					100	0	0	0	0	12	0	0	0	0	0	0	0	0	0	205	205	308	246	0	0	0	0	0	0	0	0	0	0	20.火防 - Unfire	524288	31001	2	6031001	60	76.07	"4,565"	5.817
	1461	5000	高級風防琥珀手環	52	0.全角色	06.手環	05.綠	04.風	(1) 體能	07.怪物掉寶	"531,000"	"26,550"	6					100	0	0	0	0	12	0	0	0	0	0	0	0	0	0	246	205	205	308	0	0	0	0	0	0	0	0	0	0	21.風防 - Unwind	1048576	31001	2	6031001	60	76.07	"4,565"	5.817
	1462	5000	一般鑽石手環	57	0.全角色	06.手環	04.白	00.雜	(0) 無	03.商店購買	"804,000"	"80,400"	6					100	0	0	0	0	0	0	0	0	0	0	0	0	0	0	218	218	218	218	0	0	0	0	0	0	0	0	0	0	102.雜防 - 4 UnElement	1966080	31001	1	6031001	60	94.99	"5,700"	7.054
	1463	5000	高級地防鑽石手環	57	0.全角色	06.手環	05.綠	01.地	(1) 體能	05.任務獎賞	"804,000"	"40,200"	6					100	0	0	0	0	13	0	0	0	0	0	0	0	0	0	368	294	245	245	0	0	0	0	0	0	0	0	0	0	18.地防 - Unground	131072	31001	2	6031001	60	94.99	"5,700"	7.054
	1464	5000	高級水防鑽石手環	57	0.全角色	06.手環	05.綠	02.水	(1) 體能	07.怪物掉寶	"804,000"	"40,200"	6					100	0	0	0	0	13	0	0	0	0	0	0	0	0	0	245	368	294	245	0	0	0	0	0	0	0	0	0	0	19.水防 - Unwater	262144	31001	2	6031001	60	94.99	"5,700"	7.054
	1465	5000	高級火防鑽石手環	57	0.全角色	06.手環	05.綠	03.火	(1) 體能	07.怪物掉寶	"804,000"	"40,200"	6					100	0	0	0	0	13	0	0	0	0	0	0	0	0	0	245	245	368	294	0	0	0	0	0	0	0	0	0	0	20.火防 - Unfire	524288	31001	2	6031001	60	94.99	"5,700"	7.054
	1466	5000	高級風防鑽石手環	57	0.全角色	06.手環	05.綠	04.風	(1) 體能	07.怪物掉寶	"804,000"	"40,200"	6					100	0	0	0	0	13	0	0	0	0	0	0	0	0	0	294	245	245	368	0	0	0	0	0	0	0	0	0	0	21.風防 - Unwind	1048576	31001	2	6031001	60	94.99	"5,700"	7.054
	1467	5000	頂級地防鑽石手環	57	0.全角色	06.手環	07.紫	01.地	(2) 敏 / 體 平均	07.怪物掉寶	"804,000"	"40,200"	6					100	0	0	0	13	12	0	0	0	0	0	0	0	0	0	484	387	323	323	0	0	0	0	0	0	0	0	0	0	18.地防 - Unground	131072	31001	3	6031001	70	81.42	"5,700"	7.054
	1468	5000	頂級水防鑽石手環	57	0.全角色	06.手環	07.紫	02.水	(2) 敏 / 體 平均	07.怪物掉寶	"804,000"	"40,200"	6					100	0	0	0	13	12	0	0	0	0	0	0	0	0	0	323	484	387	323	0	0	0	0	0	0	0	0	0	0	19.水防 - Unwater	262144	31001	3	6031001	70	81.42	"5,700"	7.054
	1469	5000	頂級火防鑽石手環	57	0.全角色	06.手環	07.紫	03.火	(2) 敏 / 體 平均	07.怪物掉寶	"804,000"	"40,200"	6					100	0	0	0	13	12	0	0	0	0	0	0	0	0	0	323	323	484	387	0	0	0	0	0	0	0	0	0	0	20.火防 - Unfire	524288	31001	3	6031001	70	81.42	"5,700"	7.054
	1470	5000	頂級風防鑽石手環	57	0.全角色	06.手環	07.紫	04.風	(2) 敏 / 體 平均	07.怪物掉寶	"804,000"	"40,200"	6					100	0	0	0	13	12	0	0	0	0	0	0	0	0	0	387	323	323	484	0	0	0	0	0	0	0	0	0	0	21.風防 - Unwind	1048576	31001	3	6031001	70	81.42	"5,700"	7.054
	1471	5000	一般鳴嵐手環	62	0.全角色	06.手環	04.白	00.雜	(0) 無	03.商店購買	"1,190,000"	119000	6					100	0	0	0	0	0	0	0	0	0	0	0	0	0	0	260	260	260	260	0	0	0	0	0	0	0	0	0	0	102.雜防 - 4 UnElement	1966080	31001	1	8031001	60	117.82	"7,070"	8.417
	1472	5000	高級地防鳴嵐手環	62	0.全角色	06.手環	05.綠	01.地	(1) 體能	07.怪物掉寶	"1,190,000"	59500	6					100	0	0	0	0	14	0	0	0	0	0	0	0	0	0	436	349	291	291	0	0	0	0	0	0	0	0	0	0	18.地防 - Unground	131072	31001	2	8031001	60	117.82	"7,070"	8.417
	1473	5000	高級水防鳴嵐手環	62	0.全角色	06.手環	05.綠	02.水	(1) 體能	07.怪物掉寶	"1,190,000"	59500	6					100	0	0	0	0	14	0	0	0	0	0	0	0	0	0	291	436	349	291	0	0	0	0	0	0	0	0	0	0	19.水防 - Unwater	262144	31001	2	8031001	60	117.82	"7,070"	8.417
	1474	5000	高級火防鳴嵐手環	62	0.全角色	06.手環	05.綠	03.火	(1) 體能	05.任務獎賞	"1,190,000"	59500	6					100	0	0	0	0	14	0	0	0	0	0	0	0	0	0	291	291	436	349	0	0	0	0	0	0	0	0	0	0	20.火防 - Unfire	524288	31001	2	8031001	60	117.82	"7,070"	8.417
	1475	5000	高級風防鳴嵐手環	62	0.全角色	06.手環	05.綠	04.風	(1) 體能	07.怪物掉寶	"1,190,000"	59500	6					100	0	0	0	0	14	0	0	0	0	0	0	0	0	0	349	291	291	436	0	0	0	0	0	0	0	0	0	0	21.風防 - Unwind	1048576	31001	2	8031001	60	117.82	"7,070"	8.417
	1476	5000	一般玄天手環	67	0.全角色	06.手環	04.白	00.雜	(0) 無	03.商店購買	"1,360,000"	136000	6					100	0	0	0	0	0	0	0	0	0	0	0	0	0	0	307	307	307	307	0	0	0	0	0	0	0	0	0	0	102.雜防 - 4 UnElement	1966080	31001	1	8031001	60	113.15	"6,789"	10.016
	1477	5000	高級地防玄天手環	67	0.全角色	06.手環	05.綠	01.地	(1) 體能	05.任務獎賞	"1,360,000"	68000	6					100	0	0	0	0	15	0	0	0	0	0	0	0	0	0	515	412	344	344	0	0	0	0	0	0	0	0	0	0	18.地防 - Unground	131072	31001	2	8031001	60	113.15	"6,789"	10.016
	1478	5000	高級水防玄天手環	67	0.全角色	06.手環	05.綠	02.水	(1) 體能	07.怪物掉寶	"1,360,000"	68000	6					100	0	0	0	0	15	0	0	0	0	0	0	0	0	0	344	515	412	344	0	0	0	0	0	0	0	0	0	0	19.水防 - Unwater	262144	31001	2	8031001	60	113.15	"6,789"	10.016
	1479	5000	高級火防玄天手環	67	0.全角色	06.手環	05.綠	03.火	(1) 體能	07.怪物掉寶	"1,360,000"	68000	6					100	0	0	0	0	15	0	0	0	0	0	0	0	0	0	344	344	515	412	0	0	0	0	0	0	0	0	0	0	20.火防 - Unfire	524288	31001	2	8031001	60	113.15	"6,789"	10.016
	1480	5000	高級風防玄天手環	67	0.全角色	06.手環	05.綠	04.風	(1) 體能	07.怪物掉寶	"1,360,000"	68000	6					100	0	0	0	0	15	0	0	0	0	0	0	0	0	0	412	344	344	515	0	0	0	0	0	0	0	0	0	0	21.風防 - Unwind	1048576	31001	2	8031001	60	113.15	"6,789"	10.016
	1481	5000	一般法皇手環	72	0.全角色	06.手環	04.白	00.雜	(0) 無	03.商店購買	0	0	6					100	0	0	0	0	0	0	0	0	0	0	0	0	0	0	363	363	363	363	0	0	0	0	0	0	0	0	0	0	102.雜防 - 4 UnElement	1966080	31001	1	8031001	60	0	0	0
	1482	5000	高級地防法皇手環	72	0.全角色	06.手環	05.綠	01.地	(1) 體能	07.怪物掉寶	0	0	6					100	0	0	0	0	16	0	0	0	0	0	0	0	0	0	606	485	404	404	0	0	0	0	0	0	0	0	0	0	18.地防 - Unground	131072	31001	2	8031001	60	0	0	0
	1483	5000	高級水防法皇手環	72	0.全角色	06.手環	05.綠	02.水	(1) 體能	07.怪物掉寶	0	0	6					100	0	0	0	0	16	0	0	0	0	0	0	0	0	0	404	606	485	404	0	0	0	0	0	0	0	0	0	0	19.水防 - Unwater	262144	31001	2	8031001	60	0	0	0
	1484	5000	高級火防法皇手環	72	0.全角色	06.手環	05.綠	03.火	(1) 體能	07.怪物掉寶	0	0	6					100	0	0	0	0	16	0	0	0	0	0	0	0	0	0	404	404	606	485	0	0	0	0	0	0	0	0	0	0	20.火防 - Unfire	524288	31001	2	8031001	60	0	0	0
	1485	5000	高級風防法皇手環	72	0.全角色	06.手環	05.綠	04.風	(1) 體能	07.怪物掉寶	0	0	6					100	0	0	0	0	16	0	0	0	0	0	0	0	0	0	485	404	404	606	0	0	0	0	0	0	0	0	0	0	21.風防 - Unwind	1048576	31001	2	8031001	60	0	0	0
	1486	5000	一般希亞手環	77	0.全角色	06.手環	04.白	00.雜	(0) 無	03.商店購買	0	0	6					100	0	0	0	0	0	0	0	0	0	0	0	0	0	0	426	426	426	426	0	0	0	0	0	0	0	0	0	0	102.雜防 - 4 UnElement	1966080	31001	1	8031001	60	0	0	0
	1487	5000	高級地防希亞手環	77	0.全角色	06.手環	05.綠	01.地	(1) 體能	07.怪物掉寶	0	0	6					100	0	0	0	0	17	0	0	0	0	0	0	0	0	0	710	568	473	473	0	0	0	0	0	0	0	0	0	0	18.地防 - Unground	131072	31001	2	8031001	60	0	0	0
	1488	5000	高級水防希亞手環	77	0.全角色	06.手環	05.綠	02.水	(1) 體能	07.怪物掉寶	0	0	6					100	0	0	0	0	17	0	0	0	0	0	0	0	0	0	473	710	568	473	0	0	0	0	0	0	0	0	0	0	19.水防 - Unwater	262144	31001	2	8031001	60	0	0	0
	1489	5000	高級火防希亞手環	77	0.全角色	06.手環	05.綠	03.火	(1) 體能	07.怪物掉寶	0	0	6					100	0	0	0	0	17	0	0	0	0	0	0	0	0	0	473	473	710	568	0	0	0	0	0	0	0	0	0	0	20.火防 - Unfire	524288	31001	2	8031001	60	0	0	0
	1490	5000	高級風防希亞手環	77	0.全角色	06.手環	05.綠	04.風	(1) 體能	07.怪物掉寶	0	0	6					100	0	0	0	0	17	0	0	0	0	0	0	0	0	0	568	473	473	710	0	0	0	0	0	0	0	0	0	0	21.風防 - Unwind	1048576	31001	2	8031001	60	0	0	0
	1491	5000	頂級地防希亞手環	77	0.全角色	06.手環	07.紫	01.地	(2) 敏 / 體 平均	07.怪物掉寶	0	0	6					100	0	0	0	16	15	0	0	0	0	0	0	0	0	0	914	732	610	610	0	0	0	0	0	0	0	0	0	0	18.地防 - Unground	131072	31001	3	8031001	70	0	0	0
	1492	5000	頂級水防希亞手環	77	0.全角色	06.手環	07.紫	02.水	(2) 敏 / 體 平均	07.怪物掉寶	0	0	6					100	0	0	0	16	15	0	0	0	0	0	0	0	0	0	610	914	732	610	0	0	0	0	0	0	0	0	0	0	19.水防 - Unwater	262144	31001	3	8031001	70	0	0	0
	1493	5000	頂級火防希亞手環	77	0.全角色	06.手環	07.紫	03.火	(2) 敏 / 體 平均	07.怪物掉寶	0	0	6					100	0	0	0	16	15	0	0	0	0	0	0	0	0	0	610	610	914	732	0	0	0	0	0	0	0	0	0	0	20.火防 - Unfire	524288	31001	3	8031001	70	0	0	0
	1494	5000	頂級風防希亞手環	77	0.全角色	06.手環	07.紫	04.風	(2) 敏 / 體 平均	07.怪物掉寶	0	0	6					100	0	0	0	16	15	0	0	0	0	0	0	0	0	0	732	610	610	914	0	0	0	0	0	0	0	0	0	0	21.風防 - Unwind	1048576	31001	3	8031001	70	0	0	0
	1495	5000	一般聖御手環	82	0.全角色	06.手環	04.白	00.雜	(0) 無	03.商店購買	0	0	6					100	0	0	0	0	0	0	0	0	0	0	0	0	0	0	498	498	498	498	0	0	0	0	0	0	0	0	0	0	102.雜防 - 4 UnElement	1966080	31001	1	10031001	60	0	0	0
	1496	5000	高級地防聖御手環	82	0.全角色	06.手環	05.綠	01.地	(1) 體能	07.怪物掉寶	0	0	6					100	0	0	0	0	18	0	0	0	0	0	0	0	0	0	829	663	553	553	0	0	0	0	0	0	0	0	0	0	18.地防 - Unground	131072	31001	2	10031001	60	0	0	0
	1497	5000	高級水防聖御手環	82	0.全角色	06.手環	05.綠	02.水	(1) 體能	07.怪物掉寶	0	0	6					100	0	0	0	0	18	0	0	0	0	0	0	0	0	0	553	829	663	553	0	0	0	0	0	0	0	0	0	0	19.水防 - Unwater	262144	31001	2	10031001	60	0	0	0
	1498	5000	高級火防聖御手環	82	0.全角色	06.手環	05.綠	03.火	(1) 體能	07.怪物掉寶	0	0	6					100	0	0	0	0	18	0	0	0	0	0	0	0	0	0	553	553	829	663	0	0	0	0	0	0	0	0	0	0	20.火防 - Unfire	524288	31001	2	10031001	60	0	0	0
	1499	5000	高級風防聖御手環	82	0.全角色	06.手環	05.綠	04.風	(1) 體能	07.怪物掉寶	0	0	6					100	0	0	0	0	18	0	0	0	0	0	0	0	0	0	663	553	553	829	0	0	0	0	0	0	0	0	0	0	21.風防 - Unwind	1048576	31001	2	10031001	60	0	0	0
	1500	5000	一般次元手環	87	0.全角色	06.手環	04.白	00.雜	(0) 無	03.商店購買	0	0	6					100	0	0	0	0	0	0	0	0	0	0	0	0	0	0	581	581	581	581	0	0	0	0	0	0	0	0	0	0	102.雜防 - 4 UnElement	1966080	31001	1	10031001	60	0	0	0
	1501	5000	高級地防次元手環	87	0.全角色	06.手環	05.綠	01.地	(1) 體能	07.怪物掉寶	0	0	6					100	0	0	0	0	19	0	0	0	0	0	0	0	0	0	965	772	643	643	0	0	0	0	0	0	0	0	0	0	18.地防 - Unground	131072	31001	2	10031001	60	0	0	0
	1502	5000	高級水防次元手環	87	0.全角色	06.手環	05.綠	02.水	(1) 體能	07.怪物掉寶	0	0	6					100	0	0	0	0	19	0	0	0	0	0	0	0	0	0	643	965	772	643	0	0	0	0	0	0	0	0	0	0	19.水防 - Unwater	262144	31001	2	10031001	60	0	0	0
	1503	5000	高級火防次元手環	87	0.全角色	06.手環	05.綠	03.火	(1) 體能	07.怪物掉寶	0	0	6					100	0	0	0	0	19	0	0	0	0	0	0	0	0	0	643	643	965	772	0	0	0	0	0	0	0	0	0	0	20.火防 - Unfire	524288	31001	2	10031001	60	0	0	0
	1504	5000	高級風防次元手環	87	0.全角色	06.手環	05.綠	04.風	(1) 體能	07.怪物掉寶	0	0	6					100	0	0	0	0	19	0	0	0	0	0	0	0	0	0	772	643	643	965	0	0	0	0	0	0	0	0	0	0	21.風防 - Unwind	1048576	31001	2	10031001	60	0	0	0
	1505	5000	一般魔瞳手環	92	0.全角色	06.手環	04.白	00.雜	(0) 無	03.商店購買	0	0	6					100	0	0	0	0	0	0	0	0	0	0	0	0	0	0	675	675	675	675	0	0	0	0	0	0	0	0	0	0	102.雜防 - 4 UnElement	1966080	31001	1	10031001	60	0	0	0
	1506	5000	高級地防魔瞳手環	92	0.全角色	06.手環	05.綠	01.地	(1) 體能	07.怪物掉寶	0	0	6					100	0	0	0	0	20	0	0	0	0	0	0	0	0	0	1120	896	747	747	0	0	0	0	0	0	0	0	0	0	18.地防 - Unground	131072	31001	2	10031001	60	0	0	0
	1507	5000	高級水防魔瞳手環	92	0.全角色	06.手環	05.綠	02.水	(1) 體能	07.怪物掉寶	0	0	6					100	0	0	0	0	20	0	0	0	0	0	0	0	0	0	747	1120	896	747	0	0	0	0	0	0	0	0	0	0	19.水防 - Unwater	262144	31001	2	10031001	60	0	0	0
	1508	5000	高級火防魔瞳手環	92	0.全角色	06.手環	05.綠	03.火	(1) 體能	07.怪物掉寶	0	0	6					100	0	0	0	0	20	0	0	0	0	0	0	0	0	0	747	747	1120	896	0	0	0	0	0	0	0	0	0	0	20.火防 - Unfire	524288	31001	2	10031001	60	0	0	0
	1509	5000	高級風防魔瞳手環	92	0.全角色	06.手環	05.綠	04.風	(1) 體能	07.怪物掉寶	0	0	6					100	0	0	0	0	20	0	0	0	0	0	0	0	0	0	896	747	747	1120	0	0	0	0	0	0	0	0	0	0	21.風防 - Unwind	1048576	31001	2	10031001	60	0	0	0
	1510	5000	一般極樂手環	97	0.全角色	06.手環	04.白	00.雜	(0) 無	03.商店購買	0	0	6					100	0	0	0	0	0	0	0	0	0	0	0	0	0	0	783	783	783	783	0	0	0	0	0	0	0	0	0	0	102.雜防 - 4 UnElement	1966080	31001	1	10031001	60	0	0	0
	1511	5000	高級地防極樂手環	97	0.全角色	06.手環	05.綠	01.地	(1) 體能	07.怪物掉寶	0	0	6					100	0	0	0	0	21	0	0	0	0	0	0	0	0	0	1297	1038	865	865	0	0	0	0	0	0	0	0	0	0	18.地防 - Unground	131072	31001	2	10031001	60	0	0	0
	1512	5000	高級水防極樂手環	97	0.全角色	06.手環	05.綠	02.水	(1) 體能	07.怪物掉寶	0	0	6					100	0	0	0	0	21	0	0	0	0	0	0	0	0	0	865	1297	1038	865	0	0	0	0	0	0	0	0	0	0	19.水防 - Unwater	262144	31001	2	10031001	60	0	0	0
	1513	5000	高級火防極樂手環	97	0.全角色	06.手環	05.綠	03.火	(1) 體能	07.怪物掉寶	0	0	6					100	0	0	0	0	21	0	0	0	0	0	0	0	0	0	865	865	1297	1038	0	0	0	0	0	0	0	0	0	0	20.火防 - Unfire	524288	31001	2	10031001	60	0	0	0
	1514	5000	高級風防極樂手環	97	0.全角色	06.手環	05.綠	04.風	(1) 體能	07.怪物掉寶	0	0	6					100	0	0	0	0	21	0	0	0	0	0	0	0	0	0	1038	865	865	1297	0	0	0	0	0	0	0	0	0	0	21.風防 - Unwind	1048576	31001	2	10031001	60	0	0	0
	1515	5000	頂級地防極樂手環	97	0.全角色	06.手環	07.紫	01.地	(2) 敏 / 體 平均	07.怪物掉寶	0	0	6					100	0	0	0	20	19	0	0	0	0	0	0	0	0	0	0	0	0	0	0	0	0	0	0	0	0	0	0	0	18.地防 - Unground	131072	31001	3	10031001	70	0	0	0
	1516	5000	頂級水防極樂手環	97	0.全角色	06.手環	07.紫	02.水	(2) 敏 / 體 平均	07.怪物掉寶	0	0	6					100	0	0	0	20	19	0	0	0	0	0	0	0	0	0	0	0	0	0	0	0	0	0	0	0	0	0	0	0	19.水防 - Unwater	262144	31001	3	10031001	70	0	0	0
	1517	5000	頂級火防極樂手環	97	0.全角色	06.手環	07.紫	03.火	(2) 敏 / 體 平均	07.怪物掉寶	0	0	6					100	0	0	0	20	19	0	0	0	0	0	0	0	0	0	0	0	0	0	0	0	0	0	0	0	0	0	0	0	20.火防 - Unfire	524288	31001	3	10031001	70	0	0	0
	1518	5000	頂級風防極樂手環	97	0.全角色	06.手環	07.紫	04.風	(2) 敏 / 體 平均	07.怪物掉寶	0	0	6					100	0	0	0	20	19	0	0	0	0	0	0	0	0	0	0	0	0	0	0	0	0	0	0	0	0	0	0	0	21.風防 - Unwind	1048576	31001	3	10031001	70	0	0	0
	1519	5000	一般木刻戒指	7	0.全角色	05.戒指	04.白	00.雜	(0) 無	03.商店購買	450	45	5					100	0	0	0	0	0	0	0	0	0	0	25	25	25	25	0	0	0	0	0	0	0	0	0	0	0	0	0	0	101.雜攻 - 4 Harm	122880	31001	1	2031001	60	7.59	456	0.05
	1520	5000	高級地攻木刻戒指	7	0.全角色	05.戒指	05.綠	01.地	(1) 智慧	07.怪物掉寶	450	23	5					100	0	0	0	0	0	4	0	0	0	0	109	5	2	5	0	0	0	0	0	0	0	0	0	0	0	0	0	0	14.地攻 - GroundHarm	8192	31001	2	2031001	60	7.59	456	0.05
	1521	5000	高級水攻木刻戒指	7	0.全角色	05.戒指	05.綠	02.水	(1) 智慧	05.任務獎賞	450	23	5					100	0	0	0	0	0	4	0	0	0	0	5	109	2	5	0	0	0	0	0	0	0	0	0	0	0	0	0	0	15.水攻 - WaterHarm	16384	31001	2	2031001	60	7.59	456	0.05
	1522	5000	高級火攻木刻戒指	7	0.全角色	05.戒指	05.綠	03.火	(1) 智慧	07.怪物掉寶	450	23	5					100	0	0	0	0	0	4	0	0	0	0	2	5	109	5	0	0	0	0	0	0	0	0	0	0	0	0	0	0	16.火攻 - FireHarm	32768	31001	2	2031001	60	7.59	456	0.05
	1523	5000	高級風攻木刻戒指	7	0.全角色	05.戒指	05.綠	04.風	(1) 智慧	07.怪物掉寶	450	23	5					100	0	0	0	0	0	4	0	0	0	0	5	2	5	109	0	0	0	0	0	0	0	0	0	0	0	0	0	0	17.風攻 - WindHarm	65536	31001	2	2031001	60	7.59	456	0.05
	1524	5000	一般石雕戒指	12	0.全角色	05.戒指	04.白	00.雜	(0) 無	03.商店購買	"1,660"	166	5					100	0	0	0	0	0	0	0	0	0	0	38	38	38	38	0	0	0	0	0	0	0	0	0	0	0	0	0	0	101.雜攻 - 4 Harm	122880	31001	1	2031001	60	14.77	887	0.094
	1525	5000	高級地攻石雕戒指	12	0.全角色	05.戒指	05.綠	01.地	(1) 智慧	07.怪物掉寶	"1,660"	83	5					100	0	0	0	0	0	5	0	0	0	0	158	8	3	8	0	0	0	0	0	0	0	0	0	0	0	0	0	0	14.地攻 - GroundHarm	8192	31001	2	2031001	60	14.77	887	0.094
	1526	5000	高級水攻石雕戒指	12	0.全角色	05.戒指	05.綠	02.水	(1) 智慧	07.怪物掉寶	"1,660"	83	5					100	0	0	0	0	0	5	0	0	0	0	8	158	3	8	0	0	0	0	0	0	0	0	0	0	0	0	0	0	15.水攻 - WaterHarm	16384	31001	2	2031001	60	14.77	887	0.094
	1527	5000	高級火攻石雕戒指	12	0.全角色	05.戒指	05.綠	03.火	(1) 智慧	07.怪物掉寶	"1,660"	83	5					100	0	0	0	0	0	5	0	0	0	0	3	8	158	8	0	0	0	0	0	0	0	0	0	0	0	0	0	0	16.火攻 - FireHarm	32768	31001	2	2031001	60	14.77	887	0.094
	1528	5000	高級風攻石雕戒指	12	0.全角色	05.戒指	05.綠	04.風	(1) 智慧	05.任務獎賞	"1,660"	83	5					100	0	0	0	0	0	5	0	0	0	0	8	3	8	158	0	0	0	0	0	0	0	0	0	0	0	0	0	0	17.風攻 - WindHarm	65536	31001	2	2031001	60	14.77	887	0.094
	1529	5000	一般鐵製戒指	17	0.全角色	05.戒指	04.白	00.雜	(0) 無	03.商店購買	"6,100"	610	5					100	0	0	0	0	0	0	0	0	0	0	53	53	53	53	0	0	0	0	0	0	0	0	0	0	0	0	0	0	101.雜攻 - 4 Harm	122880	31001	1	2031001	60	27.01	"1,621"	0.189
	1530	5000	高級地攻鐵製戒指	17	0.全角色	05.戒指	05.綠	01.地	(1) 智慧	07.怪物掉寶	"6,100"	305	5					100	0	0	0	0	0	6	0	0	0	0	216	11	4	11	0	0	0	0	0	0	0	0	0	0	0	0	0	0	14.地攻 - GroundHarm	8192	31001	2	2031001	60	27.01	"1,621"	0.189
	1531	5000	高級水攻鐵製戒指	17	0.全角色	05.戒指	05.綠	02.水	(1) 智慧	05.任務獎賞	"6,100"	305	5					100	0	0	0	0	0	6	0	0	0	0	11	216	4	11	0	0	0	0	0	0	0	0	0	0	0	0	0	0	15.水攻 - WaterHarm	16384	31001	2	2031001	60	27.01	"1,621"	0.189
	1532	5000	高級火攻鐵製戒指	17	0.全角色	05.戒指	05.綠	03.火	(1) 智慧	07.怪物掉寶	"6,100"	305	5					100	0	0	0	0	0	6	0	0	0	0	4	11	216	11	0	0	0	0	0	0	0	0	0	0	0	0	0	0	16.火攻 - FireHarm	32768	31001	2	2031001	60	27.01	"1,621"	0.189
	1533	5000	高級風攻鐵製戒指	17	0.全角色	05.戒指	05.綠	04.風	(1) 智慧	07.怪物掉寶	"6,100"	305	5					100	0	0	0	0	0	6	0	0	0	0	11	4	11	216	0	0	0	0	0	0	0	0	0	0	0	0	0	0	17.風攻 - WindHarm	65536	31001	2	2031001	60	27.01	"1,621"	0.189
	1534	5000	頂級地攻鐵製戒指	37	0.全角色	05.戒指	07.紫	01.地	(2) 敏 / 智 平均	07.怪物掉寶	"150,800"	"7,540"	5					100	0	0	0	10	0	9	0	0	0	0	790	39	16	39	0	0	0	0	0	0	0	0	0	0	0	0	0	0	14.地攻 - GroundHarm	8192	31001	3	4031001	70	39.03	"2,733"	2.76
	1535	5000	頂級水攻鐵製戒指	37	0.全角色	05.戒指	07.紫	02.水	(2) 敏 / 智 平均	07.怪物掉寶	"150,800"	"7,540"	5					100	0	0	0	10	0	9	0	0	0	0	39	790	16	39	0	0	0	0	0	0	0	0	0	0	0	0	0	0	15.水攻 - WaterHarm	16384	31001	3	4031001	70	39.03	"2,733"	2.76
	1536	5000	頂級火攻鐵製戒指	37	0.全角色	05.戒指	07.紫	03.火	(2) 敏 / 智 平均	07.怪物掉寶	"150,800"	"7,540"	5					100	0	0	0	10	0	9	0	0	0	0	16	39	790	39	0	0	0	0	0	0	0	0	0	0	0	0	0	0	16.火攻 - FireHarm	32768	31001	3	4031001	70	39.03	"2,733"	2.76
	1537	5000	頂級風攻鐵製戒指	37	0.全角色	05.戒指	07.紫	04.風	(2) 敏 / 智 平均	07.怪物掉寶	"150,800"	"7,540"	5					100	0	0	0	10	0	9	0	0	0	0	39	16	39	790	0	0	0	0	0	0	0	0	0	0	0	0	0	0	17.風攻 - WindHarm	65536	31001	3	4031001	70	39.03	"2,733"	2.76
	1538	5000	一般銅鑄戒指	22	0.全角色	05.戒指	04.白	00.雜	(0) 無	03.商店購買	"17,500"	"1,750"	5					100	0	0	0	0	0	0	0	0	0	0	72	72	72	72	0	0	0	0	0	0	0	0	0	0	0	0	0	0	101.雜攻 - 4 Harm	122880	31001	1	4031001	60	30.89	"1,854"	0.473
	1539	5000	高級地攻銅鑄戒指	22	0.全角色	05.戒指	05.綠	01.地	(1) 智慧	07.怪物掉寶	"17,500"	875	5					100	0	0	0	0	0	7	0	0	0	0	286	14	6	14	0	0	0	0	0	0	0	0	0	0	0	0	0	0	14.地攻 - GroundHarm	8192	31001	2	4031001	60	30.89	"1,854"	0.473
	1540	5000	高級水攻銅鑄戒指	22	0.全角色	05.戒指	05.綠	02.水	(1) 智慧	07.怪物掉寶	"17,500"	875	5					100	0	0	0	0	0	7	0	0	0	0	14	286	6	14	0	0	0	0	0	0	0	0	0	0	0	0	0	0	15.水攻 - WaterHarm	16384	31001	2	4031001	60	30.89	"1,854"	0.473
	1541	5000	高級火攻銅鑄戒指	22	0.全角色	05.戒指	05.綠	03.火	(1) 智慧	07.怪物掉寶	"17,500"	875	5					100	0	0	0	0	0	7	0	0	0	0	6	14	286	14	0	0	0	0	0	0	0	0	0	0	0	0	0	0	16.火攻 - FireHarm	32768	31001	2	4031001	60	30.89	"1,854"	0.473
	1542	5000	高級風攻銅鑄戒指	22	0.全角色	05.戒指	05.綠	04.風	(1) 智慧	05.任務獎賞	"17,500"	875	5					100	0	0	0	0	0	7	0	0	0	0	14	6	14	286	0	0	0	0	0	0	0	0	0	0	0	0	0	0	17.風攻 - WindHarm	65536	31001	2	4031001	60	30.89	"1,854"	0.473
	1543	5000	一般銀製戒指	27	0.全角色	05.戒指	04.白	00.雜	(0) 無	03.商店購買	"40,200"	"4,020"	5					100	0	0	0	0	0	0	0	0	0	0	94	94	94	94	0	0	0	0	0	0	0	0	0	0	0	0	0	0	101.雜攻 - 4 Harm	122880	31001	1	4031001	60	29.65	"1,779"	1.13
	1544	5000	高級地攻銀製戒指	27	0.全角色	05.戒指	05.綠	01.地	(1) 智慧	07.怪物掉寶	"40,200"	"2,010"	5					100	0	0	0	0	0	8	0	0	0	0	368	18	7	18	0	0	0	0	0	0	0	0	0	0	0	0	0	0	14.地攻 - GroundHarm	8192	31001	2	4031001	60	29.65	"1,779"	1.13
	1545	5000	高級水攻銀製戒指	27	0.全角色	05.戒指	05.綠	02.水	(1) 智慧	05.任務獎賞	"40,200"	"2,010"	5					100	0	0	0	0	0	8	0	0	0	0	18	368	7	18	0	0	0	0	0	0	0	0	0	0	0	0	0	0	15.水攻 - WaterHarm	16384	31001	2	4031001	60	29.65	"1,779"	1.13
	1546	5000	高級火攻銀製戒指	27	0.全角色	05.戒指	05.綠	03.火	(1) 智慧	07.怪物掉寶	"40,200"	"2,010"	5					100	0	0	0	0	0	8	0	0	0	0	7	18	368	18	0	0	0	0	0	0	0	0	0	0	0	0	0	0	16.火攻 - FireHarm	32768	31001	2	4031001	60	29.65	"1,779"	1.13
	1547	5000	高級風攻銀製戒指	27	0.全角色	05.戒指	05.綠	04.風	(1) 智慧	07.怪物掉寶	"40,200"	"2,010"	5					100	0	0	0	0	0	8	0	0	0	0	18	7	18	368	0	0	0	0	0	0	0	0	0	0	0	0	0	0	17.風攻 - WindHarm	65536	31001	2	4031001	60	29.65	"1,779"	1.13
	1548	5000	一般金製戒指	32	0.全角色	05.戒指	04.白	00.雜	(0) 無	03.商店購買	"81,900"	"8,190"	5					100	0	0	0	0	0	0	0	0	0	0	120	120	120	120	0	0	0	0	0	0	0	0	0	0	0	0	0	0	101.雜攻 - 4 Harm	122880	31001	1	4031001	60	34.53	"2,072"	1.977
	1549	5000	高級地攻金製戒指	32	0.全角色	05.戒指	05.綠	01.地	(1) 智慧	07.怪物掉寶	"81,900"	"4,095"	5					100	0	0	0	0	0	9	0	0	0	0	464	23	9	23	0	0	0	0	0	0	0	0	0	0	0	0	0	0	14.地攻 - GroundHarm	8192	31001	2	4031001	60	34.53	"2,072"	1.977
	1550	5000	高級水攻金製戒指	32	0.全角色	05.戒指	05.綠	02.水	(1) 智慧	07.怪物掉寶	"81,900"	"4,095"	5					100	0	0	0	0	0	9	0	0	0	0	23	464	9	23	0	0	0	0	0	0	0	0	0	0	0	0	0	0	15.水攻 - WaterHarm	16384	31001	2	4031001	60	34.53	"2,072"	1.977
	1551	5000	高級火攻金製戒指	32	0.全角色	05.戒指	05.綠	03.火	(1) 智慧	07.怪物掉寶	"81,900"	"4,095"	5					100	0	0	0	0	0	9	0	0	0	0	9	23	464	23	0	0	0	0	0	0	0	0	0	0	0	0	0	0	16.火攻 - FireHarm	32768	31001	2	4031001	60	34.53	"2,072"	1.977
	1552	5000	高級風攻金製戒指	32	0.全角色	05.戒指	05.綠	04.風	(1) 智慧	05.任務獎賞	"81,900"	"4,095"	5					100	0	0	0	0	0	9	0	0	0	0	23	9	23	464	0	0	0	0	0	0	0	0	0	0	0	0	0	0	17.風攻 - WindHarm	65536	31001	2	4031001	60	34.53	"2,072"	1.977
	1553	5000	一般白金戒指	37	0.全角色	05.戒指	04.白	00.雜	(0) 無	03.商店購買	"150,800"	"15,080"	5					100	0	0	0	0	0	0	0	0	0	0	150	150	150	150	0	0	0	0	0	0	0	0	0	0	0	0	0	0	101.雜攻 - 4 Harm	122880	31001	1	4031001	60	45.54	"2,733"	2.76
	1554	5000	高級地攻白金戒指	37	0.全角色	05.戒指	05.綠	01.地	(1) 智慧	07.怪物掉寶	"150,800"	"7,540"	5					100	0	0	0	0	0	10	0	0	0	0	575	29	12	29	0	0	0	0	0	0	0	0	0	0	0	0	0	0	14.地攻 - GroundHarm	8192	31001	2	4031001	60	45.54	"2,733"	2.76
	1555	5000	高級水攻白金戒指	37	0.全角色	05.戒指	05.綠	02.水	(1) 智慧	05.任務獎賞	"150,800"	"7,540"	5					100	0	0	0	0	0	10	0	0	0	0	29	575	12	29	0	0	0	0	0	0	0	0	0	0	0	0	0	0	15.水攻 - WaterHarm	16384	31001	2	4031001	60	45.54	"2,733"	2.76
	1556	5000	高級火攻白金戒指	37	0.全角色	05.戒指	05.綠	03.火	(1) 智慧	07.怪物掉寶	"150,800"	"7,540"	5					100	0	0	0	0	0	10	0	0	0	0	12	29	575	29	0	0	0	0	0	0	0	0	0	0	0	0	0	0	16.火攻 - FireHarm	32768	31001	2	4031001	60	45.54	"2,733"	2.76
	1557	5000	高級風攻白金戒指	37	0.全角色	05.戒指	05.綠	04.風	(1) 智慧	07.怪物掉寶	"150,800"	"7,540"	5					100	0	0	0	0	0	10	0	0	0	0	29	12	29	575	0	0	0	0	0	0	0	0	0	0	0	0	0	0	17.風攻 - WindHarm	65536	31001	2	4031001	60	45.54	"2,733"	2.76
	1558	5000	頂級地攻白金戒指	47	0.全角色	05.戒指	07.紫	01.地	(2) 敏 / 智 平均	07.怪物掉寶	"423,000"	"21,150"	5					100	0	0	0	11	0	11	0	0	0	0	1143	57	23	57	0	0	0	0	0	0	0	0	0	0	0	0	0	0	14.地攻 - GroundHarm	8192	31001	3	6031001	70	64.54	"4,518"	4.682
	1559	5000	頂級水攻白金戒指	47	0.全角色	05.戒指	07.紫	02.水	(2) 敏 / 智 平均	07.怪物掉寶	"423,000"	"21,150"	5					100	0	0	0	11	0	11	0	0	0	0	57	1143	23	57	0	0	0	0	0	0	0	0	0	0	0	0	0	0	15.水攻 - WaterHarm	16384	31001	3	6031001	70	64.54	"4,518"	4.682
	1560	5000	頂級火攻白金戒指	47	0.全角色	05.戒指	07.紫	03.火	(2) 敏 / 智 平均	07.怪物掉寶	"423,000"	"21,150"	5					100	0	0	0	11	0	11	0	0	0	0	23	57	1143	57	0	0	0	0	0	0	0	0	0	0	0	0	0	0	16.火攻 - FireHarm	32768	31001	3	6031001	70	64.54	"4,518"	4.682
	1561	5000	頂級風攻白金戒指	47	0.全角色	05.戒指	07.紫	04.風	(2) 敏 / 智 平均	07.怪物掉寶	"423,000"	"21,150"	5					100	0	0	0	11	0	11	0	0	0	0	57	23	57	1143	0	0	0	0	0	0	0	0	0	0	0	0	0	0	17.風攻 - WindHarm	65536	31001	3	6031001	70	64.54	"4,518"	4.682
	1562	5000	一般珍珠戒指	42	0.全角色	05.戒指	04.白	00.雜	(0) 無	03.商店購買	"259,000"	"25,900"	5					100	0	0	0	0	0	0	0	0	0	0	185	185	185	185	0	0	0	0	0	0	0	0	0	0	0	0	0	0	101.雜攻 - 4 Harm	122880	31001	1	6031001	60	58.93	"3,536"	3.663
	1563	5000	高級地攻珍珠戒指	42	0.全角色	05.戒指	05.綠	01.地	(1) 智慧	07.怪物掉寶	"259,000"	"12,950"	5					100	0	0	0	0	0	11	0	0	0	0	704	35	14	35	0	0	0	0	0	0	0	0	0	0	0	0	0	0	14.地攻 - GroundHarm	8192	31001	2	6031001	60	58.93	"3,536"	3.663
	1564	5000	高級水攻珍珠戒指	42	0.全角色	05.戒指	05.綠	02.水	(1) 智慧	07.怪物掉寶	"259,000"	"12,950"	5					100	0	0	0	0	0	11	0	0	0	0	35	704	14	35	0	0	0	0	0	0	0	0	0	0	0	0	0	0	15.水攻 - WaterHarm	16384	31001	2	6031001	60	58.93	"3,536"	3.663
	1565	5000	高級火攻珍珠戒指	42	0.全角色	05.戒指	05.綠	03.火	(1) 智慧	07.怪物掉寶	"259,000"	"12,950"	5					100	0	0	0	0	0	11	0	0	0	0	14	35	704	35	0	0	0	0	0	0	0	0	0	0	0	0	0	0	16.火攻 - FireHarm	32768	31001	2	6031001	60	58.93	"3,536"	3.663
	1566	5000	高級風攻珍珠戒指	42	0.全角色	05.戒指	05.綠	04.風	(1) 智慧	05.任務獎賞	"259,000"	"12,950"	5					100	0	0	0	0	0	11	0	0	0	0	35	14	35	704	0	0	0	0	0	0	0	0	0	0	0	0	0	0	17.風攻 - WindHarm	65536	31001	2	6031001	60	58.93	"3,536"	3.663
	1567	5000	一般瑪瑙戒指	47	0.全角色	05.戒指	04.白	00.雜	(0) 無	03.商店購買	"423,000"	"42,300"	5					100	0	0	0	0	0	0	0	0	0	0	226	226	226	226	0	0	0	0	0	0	0	0	0	0	0	0	0	0	101.雜攻 - 4 Harm	122880	31001	1	6031001	60	75.29	"4,518"	4.682
	1568	5000	高級地攻瑪瑙戒指	47	0.全角色	05.戒指	05.綠	01.地	(1) 智慧	07.怪物掉寶	"423,000"	"21,150"	5					100	0	0	0	0	0	12	0	0	0	0	854	43	17	43	0	0	0	0	0	0	0	0	0	0	0	0	0	0	14.地攻 - GroundHarm	8192	31001	2	6031001	60	75.29	"4,518"	4.682
	1569	5000	高級水攻瑪瑙戒指	47	0.全角色	05.戒指	05.綠	02.水	(1) 智慧	05.任務獎賞	"423,000"	"21,150"	5					100	0	0	0	0	0	12	0	0	0	0	43	854	17	43	0	0	0	0	0	0	0	0	0	0	0	0	0	0	15.水攻 - WaterHarm	16384	31001	2	6031001	60	75.29	"4,518"	4.682
	1570	5000	高級火攻瑪瑙戒指	47	0.全角色	05.戒指	05.綠	03.火	(1) 智慧	07.怪物掉寶	"423,000"	"21,150"	5					100	0	0	0	0	0	12	0	0	0	0	17	43	854	43	0	0	0	0	0	0	0	0	0	0	0	0	0	0	16.火攻 - FireHarm	32768	31001	2	6031001	60	75.29	"4,518"	4.682
	1571	5000	高級風攻瑪瑙戒指	47	0.全角色	05.戒指	05.綠	04.風	(1) 智慧	07.怪物掉寶	"423,000"	"21,150"	5					100	0	0	0	0	0	12	0	0	0	0	43	17	43	854	0	0	0	0	0	0	0	0	0	0	0	0	0	0	17.風攻 - WindHarm	65536	31001	2	6031001	60	75.29	"4,518"	4.682
	1572	5000	一般琥珀戒指	52	0.全角色	05.戒指	04.白	00.雜	(0) 無	03.商店購買	"663,000"	"66,300"	5					100	0	0	0	0	0	0	0	0	0	0	273	273	273	273	0	0	0	0	0	0	0	0	0	0	0	0	0	0	101.雜攻 - 4 Harm	122880	31001	1	6031001	60	94.99	"5,700"	5.817
	1573	5000	高級地攻琥珀戒指	52	0.全角色	05.戒指	05.綠	01.地	(1) 智慧	07.怪物掉寶	"663,000"	"33,150"	5					100	0	0	0	0	0	13	0	0	0	0	1026	51	21	51	0	0	0	0	0	0	0	0	0	0	0	0	0	0	14.地攻 - GroundHarm	8192	31001	2	6031001	60	94.99	"5,700"	5.817
	1574	5000	高級水攻琥珀戒指	52	0.全角色	05.戒指	05.綠	02.水	(1) 智慧	07.怪物掉寶	"663,000"	"33,150"	5					100	0	0	0	0	0	13	0	0	0	0	51	1026	21	51	0	0	0	0	0	0	0	0	0	0	0	0	0	0	15.水攻 - WaterHarm	16384	31001	2	6031001	60	94.99	"5,700"	5.817
	1575	5000	高級火攻琥珀戒指	52	0.全角色	05.戒指	05.綠	03.火	(1) 智慧	07.怪物掉寶	"663,000"	"33,150"	5					100	0	0	0	0	0	13	0	0	0	0	21	51	1026	51	0	0	0	0	0	0	0	0	0	0	0	0	0	0	16.火攻 - FireHarm	32768	31001	2	6031001	60	94.99	"5,700"	5.817
	1576	5000	高級風攻琥珀戒指	52	0.全角色	05.戒指	05.綠	04.風	(1) 智慧	05.任務獎賞	"663,000"	"33,150"	5					100	0	0	0	0	0	13	0	0	0	0	51	21	51	1026	0	0	0	0	0	0	0	0	0	0	0	0	0	0	17.風攻 - WindHarm	65536	31001	2	6031001	60	94.99	"5,700"	5.817
	1577	5000	一般鑽石戒指	57	0.全角色	05.戒指	04.白	00.雜	(0) 無	03.商店購買	"1,005,000"	"100,500"	5					100	0	0	0	0	0	0	0	0	0	0	327	327	327	327	0	0	0	0	0	0	0	0	0	0	0	0	0	0	101.雜攻 - 4 Harm	122880	31001	1	6031001	60	118.74	"7,125"	7.054
	1578	5000	高級地攻鑽石戒指	57	0.全角色	05.戒指	05.綠	01.地	(1) 智慧	07.怪物掉寶	"1,005,000"	"50,250"	5					100	0	0	0	0	0	14	0	0	0	0	1225	61	25	61	0	0	0	0	0	0	0	0	0	0	0	0	0	0	14.地攻 - GroundHarm	8192	31001	2	6031001	60	118.74	"7,125"	7.054
	1579	5000	高級水攻鑽石戒指	57	0.全角色	05.戒指	05.綠	02.水	(1) 智慧	05.任務獎賞	"1,005,000"	"50,250"	5					100	0	0	0	0	0	14	0	0	0	0	61	1225	25	61	0	0	0	0	0	0	0	0	0	0	0	0	0	0	15.水攻 - WaterHarm	16384	31001	2	6031001	60	118.74	"7,125"	7.054
	1580	5000	高級火攻鑽石戒指	57	0.全角色	05.戒指	05.綠	03.火	(1) 智慧	07.怪物掉寶	"1,005,000"	"50,250"	5					100	0	0	0	0	0	14	0	0	0	0	25	61	1225	61	0	0	0	0	0	0	0	0	0	0	0	0	0	0	16.火攻 - FireHarm	32768	31001	2	6031001	60	118.74	"7,125"	7.054
	1581	5000	高級風攻鑽石戒指	57	0.全角色	05.戒指	05.綠	04.風	(1) 智慧	07.怪物掉寶	"1,005,000"	"50,250"	5					100	0	0	0	0	0	14	0	0	0	0	61	25	61	1225	0	0	0	0	0	0	0	0	0	0	0	0	0	0	17.風攻 - WindHarm	65536	31001	2	6031001	60	118.74	"7,125"	7.054
	1582	5000	頂級地攻鑽石戒指	57	0.全角色	05.戒指	07.紫	01.地	(2) 敏 / 智 平均	07.怪物掉寶	"1,005,000"	"50,250"	5					100	0	0	0	13	0	13	0	0	0	0	1614	81	32	81	0	0	0	0	0	0	0	0	0	0	0	0	0	0	14.地攻 - GroundHarm	8192	31001	3	6031001	70	101.78	"7,125"	7.054
	1583	5000	頂級水攻鑽石戒指	57	0.全角色	05.戒指	07.紫	02.水	(2) 敏 / 智 平均	07.怪物掉寶	"1,005,000"	"50,250"	5					100	0	0	0	13	0	13	0	0	0	0	81	1614	32	81	0	0	0	0	0	0	0	0	0	0	0	0	0	0	15.水攻 - WaterHarm	16384	31001	3	6031001	70	101.78	"7,125"	7.054
	1584	5000	頂級火攻鑽石戒指	57	0.全角色	05.戒指	07.紫	03.火	(2) 敏 / 智 平均	07.怪物掉寶	"1,005,000"	"50,250"	5					100	0	0	0	13	0	13	0	0	0	0	32	81	1614	81	0	0	0	0	0	0	0	0	0	0	0	0	0	0	16.火攻 - FireHarm	32768	31001	3	6031001	70	101.78	"7,125"	7.054
	1585	5000	頂級風攻鑽石戒指	57	0.全角色	05.戒指	07.紫	04.風	(2) 敏 / 智 平均	07.怪物掉寶	"1,005,000"	"50,250"	5					100	0	0	0	13	0	13	0	0	0	0	81	32	81	1614	0	0	0	0	0	0	0	0	0	0	0	0	0	0	17.風攻 - WindHarm	65536	31001	3	6031001	70	101.78	"7,125"	7.054
	1586	5000	一般鳴嵐戒指	62	0.全角色	05.戒指	04.白	00.雜	(0) 無	03.商店購買	"1,490,000"	149000	5					100	0	0	0	0	0	0	0	0	0	0	389	389	389	389	0	0	0	0	0	0	0	0	0	0	0	0	0	0	101.雜攻 - 4 Harm	122880	31001	1	8031001	60	147.52	"8,852"	8.417
	1587	5000	高級地攻鳴嵐戒指	62	0.全角色	05.戒指	05.綠	01.地	(1) 智慧	07.怪物掉寶	"1,490,000"	74500	5					100	0	0	0	0	0	15	0	0	0	0	1454	73	29	73	0	0	0	0	0	0	0	0	0	0	0	0	0	0	14.地攻 - GroundHarm	8192	31001	2	8031001	60	147.52	"8,852"	8.417
	1588	5000	高級水攻鳴嵐戒指	62	0.全角色	05.戒指	05.綠	02.水	(1) 智慧	07.怪物掉寶	"1,490,000"	74500	5					100	0	0	0	0	0	15	0	0	0	0	73	1454	29	73	0	0	0	0	0	0	0	0	0	0	0	0	0	0	15.水攻 - WaterHarm	16384	31001	2	8031001	60	147.52	"8,852"	8.417
	1589	5000	高級火攻鳴嵐戒指	62	0.全角色	05.戒指	05.綠	03.火	(1) 智慧	07.怪物掉寶	"1,490,000"	74500	5					100	0	0	0	0	0	15	0	0	0	0	29	73	1454	73	0	0	0	0	0	0	0	0	0	0	0	0	0	0	16.火攻 - FireHarm	32768	31001	2	8031001	60	147.52	"8,852"	8.417
	1590	5000	高級風攻鳴嵐戒指	62	0.全角色	05.戒指	05.綠	04.風	(1) 智慧	05.任務獎賞	"1,490,000"	74500	5					100	0	0	0	0	0	15	0	0	0	0	73	29	73	1454	0	0	0	0	0	0	0	0	0	0	0	0	0	0	17.風攻 - WindHarm	65536	31001	2	8031001	60	147.52	"8,852"	8.417
	1591	5000	一般玄天戒指	67	0.全角色	05.戒指	04.白	00.雜	(0) 無	03.商店購買	"1,700,000"	170000	5					100	0	0	0	0	0	0	0	0	0	0	461	461	461	461	0	0	0	0	0	0	0	0	0	0	0	0	0	0	101.雜攻 - 4 Harm	122880	31001	1	8031001	60	141.44	"8,487"	10.016
	1592	5000	高級地攻玄天戒指	67	0.全角色	05.戒指	05.綠	01.地	(1) 智慧	07.怪物掉寶	"1,700,000"	85000	5					100	0	0	0	0	0	15	0	0	0	0	1718	86	34	86	0	0	0	0	0	0	0	0	0	0	0	0	0	0	14.地攻 - GroundHarm	8192	31001	2	8031001	60	141.44	"8,487"	10.016
	1593	5000	高級水攻玄天戒指	67	0.全角色	05.戒指	05.綠	02.水	(1) 智慧	05.任務獎賞	"1,700,000"	85000	5					100	0	0	0	0	0	15	0	0	0	0	86	1718	34	86	0	0	0	0	0	0	0	0	0	0	0	0	0	0	15.水攻 - WaterHarm	16384	31001	2	8031001	60	141.44	"8,487"	10.016
	1594	5000	高級火攻玄天戒指	67	0.全角色	05.戒指	05.綠	03.火	(1) 智慧	07.怪物掉寶	"1,700,000"	85000	5					100	0	0	0	0	0	15	0	0	0	0	34	86	1718	86	0	0	0	0	0	0	0	0	0	0	0	0	0	0	16.火攻 - FireHarm	32768	31001	2	8031001	60	141.44	"8,487"	10.016
	1595	5000	高級風攻玄天戒指	67	0.全角色	05.戒指	05.綠	04.風	(1) 智慧	07.怪物掉寶	"1,700,000"	85000	5					100	0	0	0	0	0	15	0	0	0	0	86	34	86	1718	0	0	0	0	0	0	0	0	0	0	0	0	0	0	17.風攻 - WindHarm	65536	31001	2	8031001	60	141.44	"8,487"	10.016
	1596	5000	一般法皇戒指	72	0.全角色	05.戒指	04.白	00.雜	(0) 無	03.商店購買	0	0	5					100	0	0	0	0	0	0	0	0	0	0	544	544	544	544	0	0	0	0	0	0	0	0	0	0	0	0	0	0	101.雜攻 - 4 Harm	122880	31001	1	8031001	60	0	0	0
	1597	5000	高級地攻法皇戒指	72	0.全角色	05.戒指	05.綠	01.地	(1) 智慧	07.怪物掉寶	0	0	5					100	0	0	0	0	0	16	0	0	0	0	2021	101	40	101	0	0	0	0	0	0	0	0	0	0	0	0	0	0	14.地攻 - GroundHarm	8192	31001	2	8031001	60	0	0	0
	1598	5000	高級水攻法皇戒指	72	0.全角色	05.戒指	05.綠	02.水	(1) 智慧	07.怪物掉寶	0	0	5					100	0	0	0	0	0	16	0	0	0	0	101	2021	40	101	0	0	0	0	0	0	0	0	0	0	0	0	0	0	15.水攻 - WaterHarm	16384	31001	2	8031001	60	0	0	0
	1599	5000	高級火攻法皇戒指	72	0.全角色	05.戒指	05.綠	03.火	(1) 智慧	07.怪物掉寶	0	0	5					100	0	0	0	0	0	16	0	0	0	0	40	101	2021	101	0	0	0	0	0	0	0	0	0	0	0	0	0	0	16.火攻 - FireHarm	32768	31001	2	8031001	60	0	0	0
	1600	5000	高級風攻法皇戒指	72	0.全角色	05.戒指	05.綠	04.風	(1) 智慧	07.怪物掉寶	0	0	5					100	0	0	0	0	0	16	0	0	0	0	101	40	101	2021	0	0	0	0	0	0	0	0	0	0	0	0	0	0	17.風攻 - WindHarm	65536	31001	2	8031001	60	0	0	0
	1601	5000	一般希亞戒指	77	0.全角色	05.戒指	04.白	00.雜	(0) 無	03.商店購買	0	0	5					100	0	0	0	0	0	0	0	0	0	0	638	638	638	638	0	0	0	0	0	0	0	0	0	0	0	0	0	0	101.雜攻 - 4 Harm	122880	31001	1	8031001	60	0	0	0
	1602	5000	高級地攻希亞戒指	77	0.全角色	05.戒指	05.綠	01.地	(1) 智慧	07.怪物掉寶	0	0	5					100	0	0	0	0	0	17	0	0	0	0	2367	118	47	118	0	0	0	0	0	0	0	0	0	0	0	0	0	0	14.地攻 - GroundHarm	8192	31001	2	8031001	60	0	0	0
	1603	5000	高級水攻希亞戒指	77	0.全角色	05.戒指	05.綠	02.水	(1) 智慧	07.怪物掉寶	0	0	5					100	0	0	0	0	0	17	0	0	0	0	118	2367	47	118	0	0	0	0	0	0	0	0	0	0	0	0	0	0	15.水攻 - WaterHarm	16384	31001	2	8031001	60	0	0	0
	1604	5000	高級火攻希亞戒指	77	0.全角色	05.戒指	05.綠	03.火	(1) 智慧	07.怪物掉寶	0	0	5					100	0	0	0	0	0	17	0	0	0	0	47	118	2367	118	0	0	0	0	0	0	0	0	0	0	0	0	0	0	16.火攻 - FireHarm	32768	31001	2	8031001	60	0	0	0
	1605	5000	高級風攻希亞戒指	77	0.全角色	05.戒指	05.綠	04.風	(1) 智慧	07.怪物掉寶	0	0	5					100	0	0	0	0	0	17	0	0	0	0	118	47	118	2367	0	0	0	0	0	0	0	0	0	0	0	0	0	0	17.風攻 - WindHarm	65536	31001	2	8031001	60	0	0	0
	1606	5000	頂級地攻希亞戒指	77	0.全角色	05.戒指	07.紫	01.地	(2) 敏 / 智 平均	07.怪物掉寶	0	0	5					100	0	0	0	16	0	16	0	0	0	0	3048	152	61	152	0	0	0	0	0	0	0	0	0	0	0	0	0	0	14.地攻 - GroundHarm	8192	31001	3	8031001	70	0	0	0
	1607	5000	頂級水攻希亞戒指	77	0.全角色	05.戒指	07.紫	02.水	(2) 敏 / 智 平均	07.怪物掉寶	0	0	5					100	0	0	0	16	0	16	0	0	0	0	152	3048	61	152	0	0	0	0	0	0	0	0	0	0	0	0	0	0	15.水攻 - WaterHarm	16384	31001	3	8031001	70	0	0	0
	1608	5000	頂級火攻希亞戒指	77	0.全角色	05.戒指	07.紫	03.火	(2) 敏 / 智 平均	07.怪物掉寶	0	0	5					100	0	0	0	16	0	16	0	0	0	0	61	152	3048	152	0	0	0	0	0	0	0	0	0	0	0	0	0	0	16.火攻 - FireHarm	32768	31001	3	8031001	70	0	0	0
	1609	5000	頂級風攻希亞戒指	77	0.全角色	05.戒指	07.紫	04.風	(2) 敏 / 智 平均	07.怪物掉寶	0	0	5					100	0	0	0	16	0	16	0	0	0	0	152	61	152	3048	0	0	0	0	0	0	0	0	0	0	0	0	0	0	17.風攻 - WindHarm	65536	31001	3	8031001	70	0	0	0
	1610	5000	一般聖御戒指	82	0.全角色	05.戒指	04.白	00.雜	(0) 無	03.商店購買	0	0	5					100	0	0	0	0	0	0	0	0	0	0	747	747	747	747	0	0	0	0	0	0	0	0	0	0	0	0	0	0	101.雜攻 - 4 Harm	122880	31001	1	10031001	60	0	0	0
	1611	5000	高級地攻聖御戒指	82	0.全角色	05.戒指	05.綠	01.地	(1) 智慧	07.怪物掉寶	0	0	5					100	0	0	0	0	0	18	0	0	0	0	2763	138	55	138	0	0	0	0	0	0	0	0	0	0	0	0	0	0	14.地攻 - GroundHarm	8192	31001	2	10031001	60	0	0	0
	1612	5000	高級水攻聖御戒指	82	0.全角色	05.戒指	05.綠	02.水	(1) 智慧	07.怪物掉寶	0	0	5					100	0	0	0	0	0	18	0	0	0	0	138	2763	55	138	0	0	0	0	0	0	0	0	0	0	0	0	0	0	15.水攻 - WaterHarm	16384	31001	2	10031001	60	0	0	0
	1613	5000	高級火攻聖御戒指	82	0.全角色	05.戒指	05.綠	03.火	(1) 智慧	07.怪物掉寶	0	0	5					100	0	0	0	0	0	18	0	0	0	0	55	138	2763	138	0	0	0	0	0	0	0	0	0	0	0	0	0	0	16.火攻 - FireHarm	32768	31001	2	10031001	60	0	0	0
	1614	5000	高級風攻聖御戒指	82	0.全角色	05.戒指	05.綠	04.風	(1) 智慧	07.怪物掉寶	0	0	5					100	0	0	0	0	0	18	0	0	0	0	138	55	138	2763	0	0	0	0	0	0	0	0	0	0	0	0	0	0	17.風攻 - WindHarm	65536	31001	2	10031001	60	0	0	0
	1615	5000	一般次元戒指	87	0.全角色	05.戒指	04.白	00.雜	(0) 無	03.商店購買	0	0	5					100	0	0	0	0	0	0	0	0	0	0	871	871	871	871	0	0	0	0	0	0	0	0	0	0	0	0	0	0	101.雜攻 - 4 Harm	122880	31001	1	10031001	60	0	0	0
	1616	5000	高級地攻次元戒指	87	0.全角色	05.戒指	05.綠	01.地	(1) 智慧	07.怪物掉寶	0	0	5					100	0	0	0	0	0	19	0	0	0	0	3216	161	64	161	0	0	0	0	0	0	0	0	0	0	0	0	0	0	14.地攻 - GroundHarm	8192	31001	2	10031001	60	0	0	0
	1617	5000	高級水攻次元戒指	87	0.全角色	05.戒指	05.綠	02.水	(1) 智慧	07.怪物掉寶	0	0	5					100	0	0	0	0	0	19	0	0	0	0	161	3216	64	161	0	0	0	0	0	0	0	0	0	0	0	0	0	0	15.水攻 - WaterHarm	16384	31001	2	10031001	60	0	0	0
	1618	5000	高級火攻次元戒指	87	0.全角色	05.戒指	05.綠	03.火	(1) 智慧	07.怪物掉寶	0	0	5					100	0	0	0	0	0	19	0	0	0	0	64	161	3216	161	0	0	0	0	0	0	0	0	0	0	0	0	0	0	16.火攻 - FireHarm	32768	31001	2	10031001	60	0	0	0
	1619	5000	高級風攻次元戒指	87	0.全角色	05.戒指	05.綠	04.風	(1) 智慧	07.怪物掉寶	0	0	5					100	0	0	0	0	0	19	0	0	0	0	161	64	161	3216	0	0	0	0	0	0	0	0	0	0	0	0	0	0	17.風攻 - WindHarm	65536	31001	2	10031001	60	0	0	0
	1620	5000	一般魔瞳戒指	92	0.全角色	05.戒指	04.白	00.雜	(0) 無	03.商店購買	0	0	5					100	0	0	0	0	0	0	0	0	0	0	1013	1013	1013	1013	0	0	0	0	0	0	0	0	0	0	0	0	0	0	101.雜攻 - 4 Harm	122880	31001	1	10031001	60	0	0	0
	1621	5000	高級地攻魔瞳戒指	92	0.全角色	05.戒指	05.綠	01.地	(1) 智慧	07.怪物掉寶	0	0	5					100	0	0	0	0	0	20	0	0	0	0	3733	187	75	187	0	0	0	0	0	0	0	0	0	0	0	0	0	0	14.地攻 - GroundHarm	8192	31001	2	10031001	60	0	0	0
	1622	5000	高級水攻魔瞳戒指	92	0.全角色	05.戒指	05.綠	02.水	(1) 智慧	07.怪物掉寶	0	0	5					100	0	0	0	0	0	20	0	0	0	0	187	3733	75	187	0	0	0	0	0	0	0	0	0	0	0	0	0	0	15.水攻 - WaterHarm	16384	31001	2	10031001	60	0	0	0
	1623	5000	高級火攻魔瞳戒指	92	0.全角色	05.戒指	05.綠	03.火	(1) 智慧	07.怪物掉寶	0	0	5					100	0	0	0	0	0	20	0	0	0	0	75	187	3733	187	0	0	0	0	0	0	0	0	0	0	0	0	0	0	16.火攻 - FireHarm	32768	31001	2	10031001	60	0	0	0
	1624	5000	高級風攻魔瞳戒指	92	0.全角色	05.戒指	05.綠	04.風	(1) 智慧	07.怪物掉寶	0	0	5					100	0	0	0	0	0	20	0	0	0	0	187	75	187	3733	0	0	0	0	0	0	0	0	0	0	0	0	0	0	17.風攻 - WindHarm	65536	31001	2	10031001	60	0	0	0
	1625	5000	一般極樂戒指	97	0.全角色	05.戒指	04.白	00.雜	(0) 無	03.商店購買	0	0	5					100	0	0	0	0	0	0	0	0	0	0	1174	1174	1174	1174	0	0	0	0	0	0	0	0	0	0	0	0	0	0	101.雜攻 - 4 Harm	122880	31001	1	10031001	60	0	0	0
	1626	5000	高級地攻極樂戒指	97	0.全角色	05.戒指	05.綠	01.地	(1) 智慧	07.怪物掉寶	0	0	5					100	0	0	0	0	0	21	0	0	0	0	4323	216	86	216	0	0	0	0	0	0	0	0	0	0	0	0	0	0	14.地攻 - GroundHarm	8192	31001	2	10031001	60	0	0	0
	1627	5000	高級水攻極樂戒指	97	0.全角色	05.戒指	05.綠	02.水	(1) 智慧	07.怪物掉寶	0	0	5					100	0	0	0	0	0	21	0	0	0	0	216	4323	86	216	0	0	0	0	0	0	0	0	0	0	0	0	0	0	15.水攻 - WaterHarm	16384	31001	2	10031001	60	0	0	0
	1628	5000	高級火攻極樂戒指	97	0.全角色	05.戒指	05.綠	03.火	(1) 智慧	07.怪物掉寶	0	0	5					100	0	0	0	0	0	21	0	0	0	0	86	216	4323	216	0	0	0	0	0	0	0	0	0	0	0	0	0	0	16.火攻 - FireHarm	32768	31001	2	10031001	60	0	0	0
	1629	5000	高級風攻極樂戒指	97	0.全角色	05.戒指	05.綠	04.風	(1) 智慧	07.怪物掉寶	0	0	5					100	0	0	0	0	0	21	0	0	0	0	216	86	216	4323	0	0	0	0	0	0	0	0	0	0	0	0	0	0	17.風攻 - WindHarm	65536	31001	2	10031001	60	0	0	0
	1630	5000	頂級地攻極樂戒指	97	0.全角色	05.戒指	07.紫	01.地	(2) 敏 / 智 平均	07.怪物掉寶	0	0	5					100	0	0	0	20	0	19	0	0	0	0	0	0	0	0	0	0	0	0	0	0	0	0	0	0	0	0	0	0	14.地攻 - GroundHarm	8192	31001	3	10031001	70	0	0	0
	1631	5000	頂級水攻極樂戒指	97	0.全角色	05.戒指	07.紫	02.水	(2) 敏 / 智 平均	07.怪物掉寶	0	0	5					100	0	0	0	20	0	19	0	0	0	0	0	0	0	0	0	0	0	0	0	0	0	0	0	0	0	0	0	0	15.水攻 - WaterHarm	16384	31001	3	10031001	70	0	0	0
	1632	5000	頂級火攻極樂戒指	97	0.全角色	05.戒指	07.紫	03.火	(2) 敏 / 智 平均	07.怪物掉寶	0	0	5					100	0	0	0	20	0	19	0	0	0	0	0	0	0	0	0	0	0	0	0	0	0	0	0	0	0	0	0	0	16.火攻 - FireHarm	32768	31001	3	10031001	70	0	0	0
	1633	5000	頂級風攻極樂戒指	97	0.全角色	05.戒指	07.紫	04.風	(2) 敏 / 智 平均	07.怪物掉寶	0	0	5					100	0	0	0	20	0	19	0	0	0	0	0	0	0	0	0	0	0	0	0	0	0	0	0	0	0	0	0	0	17.風攻 - WindHarm	65536	31001	3	10031001	70	0	0	0
# 第一、二小隊創角顯示裝備（ID 接續）																																																							
	1634	5000	林沖帽	1	1.林沖	01.帽子	01.創角	00.無	(0) 無	01.創角	0	0	0		pc01_hat_9999			100	0	9	0	0	0	0	0	0	0	0	0	0	0	0	0	0	0	0	0	0	0	0	0	0	0	0	0	0			0	0	0	0	0	0	0.023
	1635	5000	林沖服	1	1.林沖	02.上衣	01.創角	00.無	(0) 無	01.創角	0	0	1		pc01_torso_9999			100	0	20	0	0	0	0	0	0	0	0	0	0	0	0	0	0	0	0	0	0	0	0	0	0	0	0	0	0			0	0	0	0	0	0	0.023
	1636	5000	林沖鞋	1	1.林沖	03.褲子	01.創角	00.無	(0) 無	01.創角	0	0	2		pc01_pelvis_9999			100	0	12	0	0	0	0	0	0	0	0	0	0	0	0	0	0	0	0	0	0	0	0	0	0	0	0	0	0			0	0	0	0	0	0	0.023
	1637	5000	林沖槍	1	1.林沖	04.武器	01.創角	00.無	(0) 無	01.創角	0	0	3		pc01_weapon_9999			100	37	0	0	0	0	0	0	0	0	0	0	0	0	0	0	0	0	0	0	0	0	0	0	0	0	0	0	0			0	0	0	0	0	0	0.023
	1638	5000	雷橫頭巾	1	2.雷橫	01.帽子	01.創角	00.無	(0) 無	01.創角	0	0	0		pc02_hat_9999			100	0	10	0	0	0	0	0	0	0	0	0	0	0	0	0	0	0	0	0	0	0	0	0	0	0	0	0	0			0	0	0	0	0	0	0.023
	1639	5000	雷橫背心	1	2.雷橫	02.上衣	01.創角	00.無	(0) 無	01.創角	0	0	1		pc02_torso_9999			100	0	21	0	0	0	0	0	0	0	0	0	0	0	0	0	0	0	0	0	0	0	0	0	0	0	0	0	0			0	0	0	0	0	0	0.023
	1640	5000	雷橫鞋	1	2.雷橫	03.褲子	01.創角	00.無	(0) 無	01.創角	0	0	2		pc02_pelvis_9999			100	0	12	0	0	0	0	0	0	0	0	0	0	0	0	0	0	0	0	0	0	0	0	0	0	0	0	0	0			0	0	0	0	0	0	0.023
	1641	5000	雷橫拳套	1	2.雷橫	04.武器	01.創角	00.無	(0) 無	01.創角	0	0	3		pc02_weapon_9999			100	38	0	0	0	0	0	0	0	0	0	0	0	0	0	0	0	0	0	0	0	0	0	0	0	0	0	0	0			0	0	0	0	0	0	0.023
	1642	5000	孫二娘帽	1	3.孫二娘	01.帽子	01.創角	00.無	(0) 無	01.創角	0	0	0		pc03_hat_9999			100	0	8	0	0	0	0	0	0	0	0	0	0	0	0	0	0	0	0	0	0	0	0	0	0	0	0	0	0			0	0	0	0	0	0	0.023
	1643	5000	孫二娘服	1	3.孫二娘	02.上衣	01.創角	00.無	(0) 無	01.創角	0	0	1		pc03_torso_9999			100	0	17	0	0	0	0	0	0	0	0	0	0	0	0	0	0	0	0	0	0	0	0	0	0	0	0	0	0			0	0	0	0	0	0	0.023
	1644	5000	孫二娘鞋	1	3.孫二娘	03.褲子	01.創角	00.無	(0) 無	01.創角	0	0	2		pc03_pelvis_9999			100	0	10	0	0	0	0	0	0	0	0	0	0	0	0	0	0	0	0	0	0	0	0	0	0	0	0	0	0			0	0	0	0	0	0	0.023
	1645	5000	孫二娘法杖	1	3.孫二娘	04.武器	01.創角	00.無	(0) 無	01.創角	0	0	3		pc03_weapon_9999			100	36	0	0	0	0	0	0	0	0	0	0	0	0	0	0	0	0	0	0	0	0	0	0	0	0	0	0	0			0	0	0	0	0	0	0.023
	1646	5000	戴宗頭巾	1	4.戴宗	01.帽子	01.創角	00.無	(0) 無	01.創角	0	0	0		pc04_hat_9999			100	0	8	0	0	0	0	0	0	0	0	0	0	0	0	0	0	0	0	0	0	0	0	0	0	0	0	0	0			0	0	0	0	0	0	0.023
	1647	5000	戴宗服	1	4.戴宗	02.上衣	01.創角	00.無	(0) 無	01.創角	0	0	1		pc04_torso_9999			100	0	18	0	0	0	0	0	0	0	0	0	0	0	0	0	0	0	0	0	0	0	0	0	0	0	0	0	0			0	0	0	0	0	0	0.023
	1648	5000	戴宗鞋	1	4.戴宗	03.褲子	01.創角	00.無	(0) 無	01.創角	0	0	2		pc04_pelvis_9999			100	0	10	0	0	0	0	0	0	0	0	0	0	0	0	0	0	0	0	0	0	0	0	0	0	0	0	0	0			0	0	0	0	0	0	0.023
	1649	5000	戴宗徽章	1	4.戴宗	04.武器	01.創角	00.無	(0) 無	01.創角	0	0	3		pc04_weapon_9999			100	35	0	0	0	0	0	0	0	0	0	0	0	0	0	0	0	0	0	0	0	0	0	0	0	0	0	0	0			0	0	0	0	0	0	0.023
	1650	5000	九紋龍帽	1	5.史進	01.帽子	01.創角	00.無	(0) 無	01.創角	0	0	0		pc05_hat_9999			100	0	10	0	0	0	0	0	0	0	0	0	0	0	0	0	0	0	0	0	0	0	0	0	0	0	0	0	0			0	0	0	0	0	0	0.023
	1651	5000	九紋龍服	1	5.史進	02.上衣	01.創角	00.無	(0) 無	01.創角	0	0	1		pc05_torso_9999			100	0	21	0	0	0	0	0	0	0	0	0	0	0	0	0	0	0	0	0	0	0	0	0	0	0	0	0	0			0	0	0	0	0	0	0.023
	1652	5000	九紋龍鞋	1	5.史進	03.褲子	01.創角	00.無	(0) 無	01.創角	0	0	2		pc05_pelvis_9999			100	0	12	0	0	0	0	0	0	0	0	0	0	0	0	0	0	0	0	0	0	0	0	0	0	0	0	0	0			0	0	0	0	0	0	0.023
	1653	5000	九紋龍長棍	1	5.史進	04.武器	01.創角	00.無	(0) 無	01.創角	0	0	3		pc05_weapon_9999			100	38	0	0	0	0	0	0	0	0	0	0	0	0	0	0	0	0	0	0	0	0	0	0	0	0	0	0	0			0	0	0	0	0	0	0.023
	1654	5000	黑炫風頭巾	1	6.李逵	01.帽子	01.創角	00.無	(0) 無	01.創角	0	0	0		pc06_hat_9999			100	0	10	0	0	0	0	0	0	0	0	0	0	0	0	0	0	0	0	0	0	0	0	0	0	0	0	0	0			0	0	0	0	0	0	0.023
	1655	5000	黑炫風鞋	1	6.李逵	02.上衣	01.創角	00.無	(0) 無	01.創角	0	0	1		pc06_torso_9999			100	0	21	0	0	0	0	0	0	0	0	0	0	0	0	0	0	0	0	0	0	0	0	0	0	0	0	0	0			0	0	0	0	0	0	0.023
	1656	5000	黑炫風背心	1	6.李逵	03.褲子	01.創角	00.無	(0) 無	01.創角	0	0	2		pc06_pelvis_9999			100	0	12	0	0	0	0	0	0	0	0	0	0	0	0	0	0	0	0	0	0	0	0	0	0	0	0	0	0			0	0	0	0	0	0	0.023
	1657	5000	黑炫風斧頭	1	6.李逵	04.武器	01.創角	00.無	(0) 無	01.創角	0	0	3		pc06_weapon_9999			100	35	0	0	0	0	0	0	0	0	0	0	0	0	0	0	0	0	0	0	0	0	0	0	0	0	0	0	0			0	0	0	0	0	0	0.023
	1658	5000	顧大嫂帽	1	7.顧大嫂	01.帽子	01.創角	00.無	(0) 無	01.創角	0	0	0		pc07_hat_9999			100	0	9	0	0	0	0	0	0	0	0	0	0	0	0	0	0	0	0	0	0	0	0	0	0	0	0	0	0			0	0	0	0	0	0	0.023
	1659	5000	顧大嫂鞋	1	7.顧大嫂	02.上衣	01.創角	00.無	(0) 無	01.創角	0	0	1		pc07_torso_9999			100	0	19	0	0	0	0	0	0	0	0	0	0	0	0	0	0	0	0	0	0	0	0	0	0	0	0	0	0			0	0	0	0	0	0	0.023
	1660	5000	顧大嫂服	1	7.顧大嫂	03.褲子	01.創角	00.無	(0) 無	01.創角	0	0	2		pc07_pelvis_9999			100	0	11	0	0	0	0	0	0	0	0	0	0	0	0	0	0	0	0	0	0	0	0	0	0	0	0	0	0			0	0	0	0	0	0	0.023
	1661	5000	顧大嫂狼牙棒	1	7.顧大嫂	04.武器	01.創角	00.無	(0) 無	01.創角	0	0	3		pc07_weapon_9999			100	37	0	0	0	0	0	0	0	0	0	0	0	0	0	0	0	0	0	0	0	0	0	0	0	0	0	0	0			0	0	0	0	0	0	0.023
	1662	5000	花榮頭巾	1	8.花榮	01.帽子	01.創角	00.無	(0) 無	01.創角	0	0	0		pc08_hat_9999			100	0	8	0	0	0	0	0	0	0	0	0	0	0	0	0	0	0	0	0	0	0	0	0	0	0	0	0	0			0	0	0	0	0	0	0.023
	1663	5000	花榮鞋	1	8.花榮	02.上衣	01.創角	00.無	(0) 無	01.創角	0	0	1		pc08_torso_9999			100	0	18	0	0	0	0	0	0	0	0	0	0	0	0	0	0	0	0	0	0	0	0	0	0	0	0	0	0			0	0	0	0	0	0	0.023
	1664	5000	花榮服	1	8.花榮	03.褲子	01.創角	00.無	(0) 無	01.創角	0	0	2		pc08_pelvis_9999			100	0	10	0	0	0	0	0	0	0	0	0	0	0	0	0	0	0	0	0	0	0	0	0	0	0	0	0	0			0	0	0	0	0	0	0.023
	1665	5000	花榮弓箭	1	8.花榮	04.武器	01.創角	00.無	(0) 無	01.創角	0	0	3		pc08_weapon_9999			100	35	0	0	0	0	0	0	0	0	0	0	0	0	0	0	0	0	0	0	0	0	0	0	0	0	0	0	0			0	0	0	0	0	0	0.023
# 第二小隊裝備（ID 接續）																																																							
	1666	5000	九紋龍帽	1	5.史進	01.帽子	02.初始	00.無	(0) 無	02.初始	130	13	0		pc05_hat_0000			100	0	10	0	0	0	0	0	0	0	0	0	0	0	0	0	0	0	0	0	0	0	0	0	0	0	0	0	0	13.防禦力 - Defence	4096	21001	1	2021001	270	1.05	284	0.023
	1667	5000	九紋龍服	1	5.史進	02.上衣	02.初始	00.無	(0) 無	02.初始	170	17	1		pc05_torso_0000			100	0	21	0	0	0	0	0	0	0	0	0	0	0	0	0	0	0	0	0	0	0	0	0	0	0	0	0	0	13.防禦力 - Defence	4096	21001	1	2021001	270	1.37	370	0.023
	1668	5000	九紋龍鞋	1	5.史進	03.褲子	02.初始	00.無	(0) 無	02.初始	150	15	2		pc05_pelvis_0000			100	0	12	0	0	0	0	0	0	0	0	0	0	0	0	0	0	0	0	0	0	0	0	0	0	0	0	0	0	13.防禦力 - Defence	4096	21001	1	2021001	270	1.21	327	0.023
	1669	5000	九紋龍長棍	1	5.史進	04.武器	02.初始	00.無	(0) 無	02.初始	280	28	3		pc05_weapon_0000			100	38	0	0	0	0	0	0	0	0	0	0	0	0	0	0	0	0	0	0	0	0	0	0	0	0	0	0	0	12.攻擊力 - Attack	2048	11001	1	2011001	580	1.05	609	0.023
	1670	5000	劣質布帽	10	5.史進	01.帽子	03.灰	00.無	(0) 無	07.怪物掉寶	630	32	0		pc05_hat_0001			100	0	18	0	0	0	0	0	0	0	0	0	0	0	0	0	0	0	0	0	0	0	0	0	0	0	0	0	0	13.防禦力 - Defence	4096	21001	1	2021001	200	2.17	434	0.073
	1671	5000	劣質布衣	10	5.史進	02.上衣	03.灰	00.無	(0) 無	07.怪物掉寶	820	41	1		pc05_torso_0001			100	0	38	0	0	0	0	0	0	0	0	0	0	0	0	0	0	0	0	0	0	0	0	0	0	0	0	0	0	13.防禦力 - Defence	4096	21001	1	2021001	200	2.83	566	0.073
	1672	5000	劣質草鞋	10	5.史進	03.褲子	03.灰	00.無	(0) 無	07.怪物掉寶	720	36	2		pc05_pelvis_0001			100	0	22	0	0	0	0	0	0	0	0	0	0	0	0	0	0	0	0	0	0	0	0	0	0	0	0	0	0	13.防禦力 - Defence	4096	21001	1	2021001	200	2.48	496	0.073
	1673	5000	木長棍	10	5.史進	04.武器	03.灰	00.無	(0) 無	07.怪物掉寶	"1,360"	68	3		pc05_weapon_0001			100	82	0	0	0	0	0	0	0	0	0	0	0	0	0	0	0	0	0	0	0	0	0	0	0	0	0	0	0	12.攻擊力 - Attack	2048	11001	1	2011001	420	2.23	937	0.073
	1674	5000	平民布帽	10	5.史進	01.帽子	04.白	00.無	(0) 無	03.商店購買	630	63	0		pc05_hat_0001			100	0	22	0	0	0	0	0	0	0	0	0	0	0	0	0	0	0	0	0	0	0	0	0	0	0	0	0	0	13.防禦力 - Defence	4096	21001	1	2021001	180	2.41	434	0.073
	1675	5000	平民布衣	10	5.史進	02.上衣	04.白	00.無	(0) 無	03.商店購買	820	82	1		pc05_torso_0001			100	0	48	0	0	0	0	0	0	0	0	0	0	0	0	0	0	0	0	0	0	0	0	0	0	0	0	0	0	13.防禦力 - Defence	4096	21001	1	2021001	180	3.14	566	0.073
	1676	5000	平民草鞋	10	5.史進	03.褲子	04.白	00.無	(0) 無	03.商店購買	720	72	2		pc05_pelvis_0001			100	0	28	0	0	0	0	0	0	0	0	0	0	0	0	0	0	0	0	0	0	0	0	0	0	0	0	0	0	13.防禦力 - Defence	4096	21001	1	2021001	180	2.76	497	0.073
	1677	5000	鐵長棍	10	5.史進	04.武器	04.白	00.無	(0) 無	03.商店購買	"1,360"	136	3		pc05_weapon_0001			100	103	0	0	0	0	0	0	0	0	0	0	0	0	0	0	0	0	0	0	0	0	0	0	0	0	0	0	0	12.攻擊力 - Attack	2048	11001	1	2011001	380	2.47	939	0.073
	1678	5000	傳統布帽	10	5.史進	01.帽子	05.綠	00.無	(1) 智慧	07.怪物掉寶	630	32	0		pc05_hat_0001			100	0	26	0	0	0	4	0	0	0	0	0	0	0	0	0	0	0	0	0	0	0	0	0	0	0	0	0	0	13.防禦力 - Defence	4096	21001	2	2021001	190	2.29	436	0.073
	1679	5000	傳統布衣	10	5.史進	02.上衣	05.綠	00.無	(1) 最大 HP	07.怪物掉寶	820	41	1		pc05_torso_0001			100	0	56	0	0	0	0	0	0	0	0	0	0	0	0	0	0	0	0	90	0	0	0	0	0	0	0	0	0	13.防禦力 - Defence	4096	21001	2	2021001	190	2.97	565	0.073
	1680	5000	傳統草鞋	10	5.史進	03.褲子	05.綠	00.無	(1) 敏捷	07.怪物掉寶	720	36	2		pc05_pelvis_0001			100	0	33	0	5	0	0	0	0	0	0	0	0	0	0	0	0	0	0	0	0	0	0	0	0	0	0	0	0	13.防禦力 - Defence	4096	21001	2	2021001	190	2.61	496	0.073
	1681	5000	銅長棍	10	5.史進	04.武器	05.綠	00.無	(1) 體能	07.怪物掉寶	"1,360"	68	3		pc05_weapon_0001			100	128	0	0	0	4	0	0	0	0	0	0	0	0	0	0	0	0	0	0	0	0	0	0	0	0	0	0	0	12.攻擊力 - Attack	2048	11001	2	2011001	400	2.34	936	0.073
	1682	5000	高級布帽	10	5.史進	01.帽子	06.藍	00.無	(2) 敏 / 智 平均	12.收集品交換	630	32	0		pc05_hat_0001			100	0	33	0	4	0	4	0	0	0	0	0	0	0	0	0	0	0	0	0	0	0	0	0	0	0	0	0	0	13.防禦力 - Defence	4096	21001	2	2021001	190	2.29	436	0.073
	1683	5000	高級布衣	10	5.史進	02.上衣	06.藍	00.無	(2) HP / 敏	12.收集品交換	820	41	1		pc05_torso_0001			100	0	71	0	4	0	0	0	0	0	0	0	0	0	0	0	0	0	0	80	0	0	0	0	0	0	0	0	0	13.防禦力 - Defence	4096	21001	2	2021001	190	2.97	565	0.073
	1684	5000	高級草鞋	10	5.史進	03.褲子	06.藍	00.無	(2) 敏 / 體 平均	12.收集品交換	720	36	2		pc05_pelvis_0001			100	0	41	0	4	4	0	0	0	0	0	0	0	0	0	0	0	0	0	0	0	0	0	0	0	0	0	0	0	13.防禦力 - Defence	4096	21001	2	2021001	190	2.61	496	0.073
	1685	5000	銀長棍	10	5.史進	04.武器	06.藍	00.無	(2) 體 / 智 平均	12.收集品交換	"1,360"	68	3		pc05_weapon_0001			100	157	0	0	0	4	4	0	0	0	0	0	0	0	0	0	0	0	0	0	0	0	0	0	0	0	0	0	0	12.攻擊力 - Attack	2048	11001	2	2011001	410	2.29	939	0.073
	1686	5000	禪灰帽	15	5.史進	01.帽子	03.灰	00.無	(0) 無	07.怪物掉寶	"2,330"	117	0		pc05_hat_0010			100	0	25	0	0	0	0	0	0	0	0	0	0	0	0	0	0	0	0	0	0	0	0	0	0	0	0	0	0	13.防禦力 - Defence	4096	21001	1	2021001	200	4.24	848	0.138
	1687	5000	禪灰衣	15	5.史進	02.上衣	03.灰	00.無	(0) 無	07.怪物掉寶	"3,000"	150	1		pc05_torso_0010			100	0	54	0	0	0	0	0	0	0	0	0	0	0	0	0	0	0	0	0	0	0	0	0	0	0	0	0	0	13.防禦力 - Defence	4096	21001	1	2021001	200	5.46	"1,092"	0.138
	1688	5000	禪灰鞋	15	5.史進	03.褲子	03.灰	00.無	(0) 無	07.怪物掉寶	"2,660"	133	2		pc05_pelvis_0010			100	0	31	0	0	0	0	0	0	0	0	0	0	0	0	0	0	0	0	0	0	0	0	0	0	0	0	0	0	13.防禦力 - Defence	4096	21001	1	2021001	200	4.84	968	0.138
	1689	5000	禪灰木長棍	15	5.史進	04.武器	03.灰	00.無	(0) 無	07.怪物掉寶	"4,990"	250	3		pc05_weapon_0010			100	119	0	0	0	0	0	0	0	0	0	0	0	0	0	0	0	0	0	0	0	0	0	0	0	0	0	0	0	12.攻擊力 - Attack	2048	11001	1	2011001	420	4.32	"1,815"	0.138
	1690	5000	青蓮帽	15	5.史進	01.帽子	04.白	00.無	(0) 無	03.商店購買	"2,330"	233	0		pc05_hat_0010			100	0	31	0	0	0	0	0	0	0	0	0	0	0	0	0	0	0	0	0	0	0	0	0	0	0	0	0	0	13.防禦力 - Defence	4096	21001	1	2021001	180	4.71	848	0.138
	1691	5000	青蓮衣	15	5.史進	02.上衣	04.白	00.無	(0) 無	03.商店購買	"3,000"	300	1		pc05_torso_0010			100	0	68	0	0	0	0	0	0	0	0	0	0	0	0	0	0	0	0	0	0	0	0	0	0	0	0	0	0	13.防禦力 - Defence	4096	21001	1	2021001	180	6.06	"1,091"	0.138
	1692	5000	青蓮鞋	15	5.史進	03.褲子	04.白	00.無	(0) 無	03.商店購買	"2,660"	266	2		pc05_pelvis_0010			100	0	39	0	0	0	0	0	0	0	0	0	0	0	0	0	0	0	0	0	0	0	0	0	0	0	0	0	0	13.防禦力 - Defence	4096	21001	1	2021001	180	5.37	967	0.138
	1693	5000	青蓮鐵長棍	15	5.史進	04.武器	04.白	00.無	(0) 無	03.商店購買	"4,990"	499	3		pc05_weapon_0010			100	149	0	0	0	0	0	0	0	0	0	0	0	0	0	0	0	0	0	0	0	0	0	0	0	0	0	0	0	12.攻擊力 - Attack	2048	11001	1	2011001	380	4.78	"1,817"	0.138
	1694	5000	紺碧帽	15	5.史進	01.帽子	05.綠	00.無	(1) 智慧	07.怪物掉寶	"2,330"	117	0		pc05_hat_0010			100	0	36	0	0	0	5	0	0	0	0	0	0	0	0	0	0	0	0	0	0	0	0	0	0	0	0	0	0	13.防禦力 - Defence	4096	21001	2	2021001	190	4.46	848	0.138
	1695	5000	紺碧衣	15	5.史進	02.上衣	05.綠	00.無	(1) 最大 HP	07.怪物掉寶	"3,000"	150	1		pc05_torso_0010			100	0	77	0	0	0	0	0	0	0	0	0	0	0	0	0	0	0	0	100	0	0	0	0	0	0	0	0	0	13.防禦力 - Defence	4096	21001	2	2021001	190	5.74	"1,091"	0.138
	1696	5000	紺碧鞋	15	5.史進	03.褲子	05.綠	00.無	(1) 敏捷	07.怪物掉寶	"2,660"	133	2		pc05_pelvis_0010			100	0	45	0	6	0	0	0	0	0	0	0	0	0	0	0	0	0	0	0	0	0	0	0	0	0	0	0	0	13.防禦力 - Defence	4096	21001	2	2021001	190	5.09	968	0.138
	1697	5000	紺碧銅長棍	15	5.史進	04.武器	05.綠	00.無	(1) 體能	07.怪物掉寶	"4,990"	250	3		pc05_weapon_0010			100	178	0	0	0	5	0	0	0	0	0	0	0	0	0	0	0	0	0	0	0	0	0	0	0	0	0	0	0	12.攻擊力 - Attack	2048	11001	2	2011001	400	4.54	"1,816"	0.138
	1698	5000	彌剎帽	15	5.史進	01.帽子	06.藍	00.無	(2) 敏 / 智 平均	12.收集品交換	"2,330"	117	0		pc05_hat_0010			100	0	44	0	5	0	5	0	0	0	0	0	0	0	0	0	0	0	0	0	0	0	0	0	0	0	0	0	0	13.防禦力 - Defence	4096	21001	2	2021001	190	4.46	848	0.138
	1699	5000	彌剎衣	15	5.史進	02.上衣	06.藍	00.無	(2) HP / 敏	12.收集品交換	"3,000"	150	1		pc05_torso_0010			100	0	94	0	5	0	0	0	0	0	0	0	0	0	0	0	0	0	0	100	0	0	0	0	0	0	0	0	0	13.防禦力 - Defence	4096	21001	2	2021001	190	5.74	"1,091"	0.138
	1700	5000	彌剎鞋	15	5.史進	03.褲子	06.藍	00.無	(2) 敏 / 體 平均	12.收集品交換	"2,660"	133	2		pc05_pelvis_0010			100	0	55	0	5	5	0	0	0	0	0	0	0	0	0	0	0	0	0	0	0	0	0	0	0	0	0	0	0	13.防禦力 - Defence	4096	21001	2	2021001	190	5.09	968	0.138
	1701	5000	彌剎銀長棍	15	5.史進	04.武器	06.藍	00.無	(2) 體 / 智 平均	12.收集品交換	"4,990"	250	3		pc05_weapon_0010			100	214	0	0	0	5	5	0	0	0	0	0	0	0	0	0	0	0	0	0	0	0	0	0	0	0	0	0	0	12.攻擊力 - Attack	2048	11001	2	2011001	410	4.43	"1,817"	0.138
	1702	5000	赤炎帽	20	5.史進	01.帽子	03.灰	00.無	(0) 無	07.怪物掉寶	"8,540"	427	0		pc05_hat_0011			100	0	33	0	0	0	0	0	0	0	0	0	0	0	0	0	0	0	0	0	0	0	0	0	0	0	0	0	0	13.防禦力 - Defence	4096	21001	1	2021001	200	6.49	"1,298"	0.33
	1703	5000	赤炎衣	20	5.史進	02.上衣	03.灰	00.無	(0) 無	07.怪物掉寶	"10,980"	549	1		pc05_torso_0011			100	0	72	0	0	0	0	0	0	0	0	0	0	0	0	0	0	0	0	0	0	0	0	0	0	0	0	0	0	13.防禦力 - Defence	4096	21001	1	2021001	200	8.34	"1,668"	0.33
	1704	5000	赤炎鞋	20	5.史進	03.褲子	03.灰	00.無	(0) 無	07.怪物掉寶	"9,760"	488	2		pc05_pelvis_0011			100	0	42	0	0	0	0	0	0	0	0	0	0	0	0	0	0	0	0	0	0	0	0	0	0	0	0	0	0	13.防禦力 - Defence	4096	21001	1	2021001	200	7.41	"1,482"	0.33
	1705	5000	赤炎木長棍	20	5.史進	04.武器	03.灰	00.無	(0) 無	07.怪物掉寶	"18,300"	915	3		pc05_weapon_0011			100	163	0	0	0	0	0	0	0	0	0	0	0	0	0	0	0	0	0	0	0	0	0	0	0	0	0	0	0	12.攻擊力 - Attack	2048	11001	1	2011001	420	6.62	"2,781"	0.33
	1706	5000	氣返帽	20	5.史進	01.帽子	04.白	00.無	(0) 無	03.商店購買	"8,540"	854	0		pc05_hat_0011			100	0	42	0	0	0	0	0	0	0	0	0	0	0	0	0	0	0	0	0	0	0	0	0	0	0	0	0	0	13.防禦力 - Defence	4096	21001	1	2021001	180	7.21	"1,298"	0.33
	1707	5000	氣返衣	20	5.史進	02.上衣	04.白	00.無	(0) 無	03.商店購買	"10,980"	"1,098"	1		pc05_torso_0011			100	0	90	0	0	0	0	0	0	0	0	0	0	0	0	0	0	0	0	0	0	0	0	0	0	0	0	0	0	13.防禦力 - Defence	4096	21001	1	2021001	180	9.27	"1,669"	0.33
	1708	5000	氣返鞋	20	5.史進	03.褲子	04.白	00.無	(0) 無	03.商店購買	"9,760"	976	2		pc05_pelvis_0011			100	0	52	0	0	0	0	0	0	0	0	0	0	0	0	0	0	0	0	0	0	0	0	0	0	0	0	0	0	13.防禦力 - Defence	4096	21001	1	2021001	180	8.24	"1,484"	0.33
	1709	5000	氣返鐵長棍	20	5.史進	04.武器	04.白	00.無	(0) 無	03.商店購買	"18,300"	"1,830"	3		pc05_weapon_0011			100	204	0	0	0	0	0	0	0	0	0	0	0	0	0	0	0	0	0	0	0	0	0	0	0	0	0	0	0	12.攻擊力 - Attack	2048	11001	1	2011001	380	7.32	"2,782"	0.33
	1710	5000	靈妙帽	20	5.史進	01.帽子	05.綠	00.無	(1) 智慧	07.怪物掉寶	"8,540"	427	0		pc05_hat_0011			100	0	46	0	0	0	6	0	0	0	0	0	0	0	0	0	0	0	0	0	0	0	0	0	0	0	0	0	0	13.防禦力 - Defence	4096	21001	2	2021001	190	6.83	"1,298"	0.33
	1711	5000	靈妙衣	20	5.史進	02.上衣	05.綠	00.無	(1) 最大 HP	07.怪物掉寶	"10,980"	549	1		pc05_torso_0011			100	0	100	0	0	0	0	0	0	0	0	0	0	0	0	0	0	0	0	120	0	0	0	0	0	0	0	0	0	13.防禦力 - Defence	4096	21001	2	2021001	190	8.78	"1,669"	0.33
	1712	5000	靈妙鞋	20	5.史進	03.褲子	05.綠	00.無	(1) 敏捷	07.怪物掉寶	"9,760"	488	2		pc05_pelvis_0011			100	0	58	0	7	0	0	0	0	0	0	0	0	0	0	0	0	0	0	0	0	0	0	0	0	0	0	0	0	13.防禦力 - Defence	4096	21001	2	2021001	190	7.8	"1,482"	0.33
	1713	5000	靈妙銅長棍	20	5.史進	04.武器	05.綠	00.無	(1) 體能	07.怪物掉寶	"18,300"	915	3		pc05_weapon_0011			100	238	0	0	0	6	0	0	0	0	0	0	0	0	0	0	0	0	0	0	0	0	0	0	0	0	0	0	0	12.攻擊力 - Attack	2048	11001	2	2011001	400	6.95	"2,780"	0.33
	1714	5000	佛陀帽	20	5.史進	01.帽子	06.藍	00.無	(2) 敏 / 智 平均	12.收集品交換	"8,540"	427	0		pc05_hat_0011			100	0	56	0	6	0	5	0	0	0	0	0	0	0	0	0	0	0	0	0	0	0	0	0	0	0	0	0	0	13.防禦力 - Defence	4096	21001	2	2021001	190	6.83	"1,298"	0.33
	1715	5000	佛陀衣	20	5.史進	02.上衣	06.藍	00.無	(2) HP / 敏	12.收集品交換	"10,980"	549	1		pc05_torso_0011			100	0	120	0	6	0	0	0	0	0	0	0	0	0	0	0	0	0	0	110	0	0	0	0	0	0	0	0	0	13.防禦力 - Defence	4096	21001	2	2021001	190	8.78	"1,669"	0.33
	1716	5000	佛陀鞋	20	5.史進	03.褲子	06.藍	00.無	(2) 敏 / 體 平均	12.收集品交換	"9,760"	488	2		pc05_pelvis_0011			100	0	70	0	6	5	0	0	0	0	0	0	0	0	0	0	0	0	0	0	0	0	0	0	0	0	0	0	0	13.防禦力 - Defence	4096	21001	2	2021001	190	7.8	"1,482"	0.33
	1717	5000	佛陀銀長棍	20	5.史進	04.武器	06.藍	00.無	(2) 體 / 智 平均	12.收集品交換	"18,300"	915	3		pc05_weapon_0011			100	284	0	0	0	5	5	0	0	0	0	0	0	0	0	0	0	0	0	0	0	0	0	0	0	0	0	0	0	12.攻擊力 - Attack	2048	11001	2	2011001	410	6.78	"2,780"	0.33
	1718	5000	牛皮帽	35	5.史進	01.帽子	07.紫	00.無	(3) MP / 敏 / 智	07.怪物掉寶	"114,700"	"5,735"	0		pc05_hat_0012			100	0	113	0	8	0	7	0	0	0	0	0	0	0	0	0	0	0	0	0	360	0	0	0	0	0	0	0	0	13.防禦力 - Defence	4096	21001	3	4021001	200	11.78	"2,356"	2.434
	1719	5000	牛皮布衣	35	5.史進	02.上衣	07.紫	00.無	(3) HP / 敏 / 智	07.怪物掉寶	"147,400"	"7,370"	1		pc05_torso_0012			100	0	244	0	8	0	7	0	0	0	0	0	0	0	0	0	0	0	0	140	0	0	0	0	0	0	0	0	0	13.防禦力 - Defence	4096	21001	3	4021001	200	15.14	"3,028"	2.434
	1720	5000	牛皮鞋	35	5.史進	03.褲子	07.紫	00.無	(3) MP / 敏 / 體	07.怪物掉寶	"131,000"	"6,550"	2		pc05_pelvis_0012			100	0	142	0	8	7	0	0	0	0	0	0	0	0	0	0	0	0	0	0	180	0	0	0	0	0	0	0	0	13.防禦力 - Defence	4096	21001	3	4021001	200	13.46	"2,692"	2.434
	1721	5000	金牛長棍	35	5.史進	04.武器	07.紫	00.無	(3) HP / 體 / 智	07.怪物掉寶	"245,700"	"12,285"	3		pc05_weapon_0012			100	699	0	0	0	7	7	0	0	0	0	0	0	0	0	0	0	0	0	70	0	0	0	0	0	0	0	0	0	12.攻擊力 - Attack	2048	11001	3	4011001	420	12.02	"5,049"	2.434
	1722	5000	隱士帽	25	5.史進	01.帽子	03.灰	00.無	(0) 無	07.怪物掉寶	"24,600"	"1,230"	0		pc05_hat_0020			100	0	42	0	0	0	0	0	0	0	0	0	0	0	0	0	0	0	0	0	0	0	0	0	0	0	0	0	0	13.防禦力 - Defence	4096	21001	1	4021001	200	7.45	"1,490"	0.826
	1723	5000	隱士袍	25	5.史進	02.上衣	03.灰	00.無	(0) 無	07.怪物掉寶	"31,600"	"1,580"	1		pc05_torso_0020			100	0	91	0	0	0	0	0	0	0	0	0	0	0	0	0	0	0	0	0	0	0	0	0	0	0	0	0	0	13.防禦力 - Defence	4096	21001	1	4021001	200	9.57	"1,914"	0.826
	1724	5000	隱士鞋	25	5.史進	03.褲子	03.灰	00.無	(0) 無	07.怪物掉寶	"28,100"	"1,405"	2		pc05_pelvis_0020			100	0	53	0	0	0	0	0	0	0	0	0	0	0	0	0	0	0	0	0	0	0	0	0	0	0	0	0	0	13.防禦力 - Defence	4096	21001	1	4021001	200	8.51	"1,702"	0.826
	1725	5000	隱士木長棍	25	5.史進	04.武器	03.灰	00.無	(0) 無	07.怪物掉寶	"52,600"	"2,630"	3		pc05_weapon_0020			100	216	0	0	0	0	0	0	0	0	0	0	0	0	0	0	0	0	0	0	0	0	0	0	0	0	0	0	0	12.攻擊力 - Attack	2048	11001	1	4011001	420	7.58	"3,184"	0.826
	1726	5000	居士帽	25	5.史進	01.帽子	04.白	00.無	(0) 無	03.商店購買	"24,600"	"2,460"	0		pc05_hat_0020			100	0	53	0	0	0	0	0	0	0	0	0	0	0	0	0	0	0	0	0	0	0	0	0	0	0	0	0	0	13.防禦力 - Defence	4096	21001	1	4021001	180	8.27	"1,489"	0.826
	1727	5000	居士袍	25	5.史進	02.上衣	04.白	00.無	(0) 無	03.商店購買	"31,600"	"3,160"	1		pc05_torso_0020			100	0	114	0	0	0	0	0	0	0	0	0	0	0	0	0	0	0	0	0	0	0	0	0	0	0	0	0	0	13.防禦力 - Defence	4096	21001	1	4021001	180	10.63	"1,914"	0.826
	1728	5000	居士鞋	25	5.史進	03.褲子	04.白	00.無	(0) 無	03.商店購買	"28,100"	"2,810"	2		pc05_pelvis_0020			100	0	66	0	0	0	0	0	0	0	0	0	0	0	0	0	0	0	0	0	0	0	0	0	0	0	0	0	0	13.防禦力 - Defence	4096	21001	1	4021001	180	9.45	"1,701"	0.826
	1729	5000	居士鐵長棍	25	5.史進	04.武器	04.白	00.無	(0) 無	03.商店購買	"52,600"	"5,260"	3		pc05_weapon_0020			100	270	0	0	0	0	0	0	0	0	0	0	0	0	0	0	0	0	0	0	0	0	0	0	0	0	0	0	0	12.攻擊力 - Attack	2048	11001	1	4011001	380	8.38	"3,185"	0.826
	1730	5000	雅士帽	25	5.史進	01.帽子	05.綠	00.無	(1) 智慧	07.怪物掉寶	"24,600"	"1,230"	0		pc05_hat_0020			100	0	58	0	0	0	7	0	0	0	0	0	0	0	0	0	0	0	0	0	0	0	0	0	0	0	0	0	0	13.防禦力 - Defence	4096	21001	2	4021001	190	7.84	"1,490"	0.826
	1731	5000	雅士帽	25	5.史進	02.上衣	05.綠	00.無	(1) 最大 HP	07.怪物掉寶	"31,600"	"1,580"	1		pc05_torso_0020			100	0	124	0	0	0	0	0	0	0	0	0	0	0	0	0	0	0	0	140	0	0	0	0	0	0	0	0	0	13.防禦力 - Defence	4096	21001	2	4021001	190	10.07	"1,914"	0.826
	1732	5000	雅士帽	25	5.史進	03.褲子	05.綠	00.無	(1) 敏捷	07.怪物掉寶	"28,100"	"1,405"	2		pc05_pelvis_0020			100	0	72	0	8	0	0	0	0	0	0	0	0	0	0	0	0	0	0	0	0	0	0	0	0	0	0	0	0	13.防禦力 - Defence	4096	21001	2	4021001	190	8.95	"1,701"	0.826
	1733	5000	雅士銅長棍	25	5.史進	04.武器	05.綠	00.無	(1) 體能	07.怪物掉寶	"52,600"	"2,630"	3		pc05_weapon_0020			100	309	0	0	0	7	0	0	0	0	0	0	0	0	0	0	0	0	0	0	0	0	0	0	0	0	0	0	0	12.攻擊力 - Attack	2048	11001	2	4011001	400	7.96	"3,184"	0.826
	1734	5000	賢士帽	25	5.史進	01.帽子	06.藍	00.無	(2) 敏 / 智 平均	12.收集品交換	"24,600"	"1,230"	0		pc05_hat_0020			100	0	69	0	7	0	6	0	0	0	0	0	0	0	0	0	0	0	0	0	0	0	0	0	0	0	0	0	0	13.防禦力 - Defence	4096	21001	2	4021001	190	7.84	"1,490"	0.826
	1735	5000	賢士袍	25	5.史進	02.上衣	06.藍	00.無	(2) HP / 敏	12.收集品交換	"31,600"	"1,580"	1		pc05_torso_0020			100	0	148	0	7	0	0	0	0	0	0	0	0	0	0	0	0	0	0	130	0	0	0	0	0	0	0	0	0	13.防禦力 - Defence	4096	21001	2	4021001	190	10.07	"1,914"	0.826
	1736	5000	賢士鞋	25	5.史進	03.褲子	06.藍	00.無	(2) 敏 / 體 平均	12.收集品交換	"28,100"	"1,405"	2		pc05_pelvis_0020			100	0	86	0	7	6	0	0	0	0	0	0	0	0	0	0	0	0	0	0	0	0	0	0	0	0	0	0	0	13.防禦力 - Defence	4096	21001	2	4021001	190	8.95	"1,701"	0.826
	1737	5000	賢士銀長棍	25	5.史進	04.武器	06.藍	00.無	(2) 體 / 智 平均	12.收集品交換	"52,600"	"2,630"	3		pc05_weapon_0020			100	365	0	0	0	6	6	0	0	0	0	0	0	0	0	0	0	0	0	0	0	0	0	0	0	0	0	0	0	12.攻擊力 - Attack	2048	11001	2	4011001	410	7.77	"3,186"	0.826
	1738	5000	勇士帽	30	5.史進	01.帽子	03.灰	00.無	(0) 無	07.怪物掉寶	"56,300"	"2,815"	0		pc05_hat_0021			100	0	52	0	0	0	0	0	0	0	0	0	0	0	0	0	0	0	0	0	0	0	0	0	0	0	0	0	0	13.防禦力 - Defence	4096	21001	1	4021001	200	8.49	"1,698"	1.658
	1739	5000	勇士袍	30	5.史進	02.上衣	03.灰	00.無	(0) 無	07.怪物掉寶	"72,400"	"3,620"	1		pc05_torso_0021			100	0	113	0	0	0	0	0	0	0	0	0	0	0	0	0	0	0	0	0	0	0	0	0	0	0	0	0	0	13.防禦力 - Defence	4096	21001	1	4021001	200	10.92	"2,184"	1.658
	1740	5000	勇士鞋	30	5.史進	03.褲子	03.灰	00.無	(0) 無	07.怪物掉寶	"64,400"	"3,220"	2		pc05_pelvis_0021			100	0	65	0	0	0	0	0	0	0	0	0	0	0	0	0	0	0	0	0	0	0	0	0	0	0	0	0	0	13.防禦力 - Defence	4096	21001	1	4021001	200	9.71	"1,942"	1.658
	1741	5000	勇士木長棍	30	5.史進	04.武器	03.灰	00.無	(0) 無	07.怪物掉寶	"120,700"	"6,035"	3		pc05_weapon_0021			100	278	0	0	0	0	0	0	0	0	0	0	0	0	0	0	0	0	0	0	0	0	0	0	0	0	0	0	0	12.攻擊力 - Attack	2048	11001	1	4011001	420	8.67	"3,642"	1.658
	1742	5000	鍛鍊帽	30	5.史進	01.帽子	04.白	00.無	(0) 無	03.商店購買	"56,300"	"5,630"	0		pc05_hat_0021			100	0	65	0	0	0	0	0	0	0	0	0	0	0	0	0	0	0	0	0	0	0	0	0	0	0	0	0	0	13.防禦力 - Defence	4096	21001	1	4021001	180	9.43	"1,698"	1.658
	1743	5000	鍛鍊袍	30	5.史進	02.上衣	04.白	00.無	(0) 無	03.商店購買	"72,400"	"7,240"	1		pc05_torso_0021			100	0	141	0	0	0	0	0	0	0	0	0	0	0	0	0	0	0	0	0	0	0	0	0	0	0	0	0	0	13.防禦力 - Defence	4096	21001	1	4021001	180	12.13	"2,184"	1.658
	1744	5000	鍛鍊鞋	30	5.史進	03.褲子	04.白	00.無	(0) 無	03.商店購買	"64,400"	"6,440"	2		pc05_pelvis_0021			100	0	82	0	0	0	0	0	0	0	0	0	0	0	0	0	0	0	0	0	0	0	0	0	0	0	0	0	0	13.防禦力 - Defence	4096	21001	1	4021001	180	10.79	"1,943"	1.658
	1745	5000	鍛鍊鐵長棍	30	5.史進	04.武器	04.白	00.無	(0) 無	03.商店購買	"120,700"	"12,070"	3		pc05_weapon_0021			100	348	0	0	0	0	0	0	0	0	0	0	0	0	0	0	0	0	0	0	0	0	0	0	0	0	0	0	0	12.攻擊力 - Attack	2048	11001	1	4011001	380	9.58	"3,641"	1.658
	1746	5000	鋼體帽	30	5.史進	01.帽子	05.綠	00.無	(1) 智慧	07.怪物掉寶	"56,300"	"2,815"	0		pc05_hat_0021			100	0	70	0	0	0	8	0	0	0	0	0	0	0	0	0	0	0	0	0	0	0	0	0	0	0	0	0	0	13.防禦力 - Defence	4096	21001	2	4021001	190	8.94	"1,699"	1.658
	1747	5000	鋼體袍	30	5.史進	02.上衣	05.綠	00.無	(1) 最大 HP	07.怪物掉寶	"72,400"	"3,620"	1		pc05_torso_0021			100	0	150	0	0	0	0	0	0	0	0	0	0	0	0	0	0	0	0	160	0	0	0	0	0	0	0	0	0	13.防禦力 - Defence	4096	21001	2	4021001	190	11.49	"2,184"	1.658
	1748	5000	鋼體鞋	30	5.史進	03.褲子	05.綠	00.無	(1) 敏捷	07.怪物掉寶	"64,400"	"3,220"	2		pc05_pelvis_0021			100	0	87	0	9	0	0	0	0	0	0	0	0	0	0	0	0	0	0	0	0	0	0	0	0	0	0	0	0	13.防禦力 - Defence	4096	21001	2	4021001	190	10.22	"1,942"	1.658
	1749	5000	鋼體銅長棍	30	5.史進	04.武器	05.綠	00.無	(1) 體能	07.怪物掉寶	"120,700"	"6,035"	3		pc05_weapon_0021			100	393	0	0	0	8	0	0	0	0	0	0	0	0	0	0	0	0	0	0	0	0	0	0	0	0	0	0	0	12.攻擊力 - Attack	2048	11001	2	4011001	400	9.1	"3,640"	1.658
	1750	5000	精武帽	30	5.史進	01.帽子	06.藍	00.無	(2) 敏 / 智 平均	12.收集品交換	"56,300"	"2,815"	0		pc05_hat_0021			100	0	83	0	8	0	7	0	0	0	0	0	0	0	0	0	0	0	0	0	0	0	0	0	0	0	0	0	0	13.防禦力 - Defence	4096	21001	2	4021001	190	8.94	"1,699"	1.658
	1751	5000	精武袍	30	5.史進	02.上衣	06.藍	00.無	(2) HP / 敏	12.收集品交換	"72,400"	"3,620"	1		pc05_torso_0021			100	0	178	0	7	0	0	0	0	0	0	0	0	0	0	0	0	0	0	140	0	0	0	0	0	0	0	0	0	13.防禦力 - Defence	4096	21001	2	4021001	190	11.49	"2,184"	1.658
	1752	5000	精武鞋	30	5.史進	03.褲子	06.藍	00.無	(2) 敏 / 體 平均	12.收集品交換	"64,400"	"3,220"	2		pc05_pelvis_0021			100	0	104	0	8	7	0	0	0	0	0	0	0	0	0	0	0	0	0	0	0	0	0	0	0	0	0	0	0	13.防禦力 - Defence	4096	21001	2	4021001	190	10.22	"1,942"	1.658
	1753	5000	精武銀長棍	30	5.史進	04.武器	06.藍	00.無	(2) 體 / 智 平均	12.收集品交換	"120,700"	"6,035"	3		pc05_weapon_0021			100	460	0	0	0	7	7	0	0	0	0	0	0	0	0	0	0	0	0	0	0	0	0	0	0	0	0	0	0	12.攻擊力 - Attack	2048	11001	2	4011001	410	8.88	"3,641"	1.658
	1754	5000	蒙古帽	35	5.史進	01.帽子	03.灰	00.無	(0) 無	07.怪物掉寶	"114,700"	"5,735"	0		pc05_hat_0030			100	0	63	0	0	0	0	0	0	0	0	0	0	0	0	0	0	0	0	0	0	0	0	0	0	0	0	0	0	13.防禦力 - Defence	4096	21001	1	4021001	200	11.78	"2,356"	2.434
	1755	5000	蒙古服	35	5.史進	02.上衣	03.灰	00.無	(0) 無	07.怪物掉寶	"147,400"	"7,370"	1		pc05_torso_0030			100	0	136	0	0	0	0	0	0	0	0	0	0	0	0	0	0	0	0	0	0	0	0	0	0	0	0	0	0	13.防禦力 - Defence	4096	21001	1	4021001	200	15.14	"3,028"	2.434
	1756	5000	蒙古袍	35	5.史進	03.褲子	03.灰	00.無	(0) 無	07.怪物掉寶	"131,000"	"6,550"	2		pc05_pelvis_0030			100	0	79	0	0	0	0	0	0	0	0	0	0	0	0	0	0	0	0	0	0	0	0	0	0	0	0	0	0	13.防禦力 - Defence	4096	21001	1	4021001	200	13.46	"2,692"	2.434
	1757	5000	蒙古木長棍	35	5.史進	04.武器	03.灰	00.無	(0) 無	07.怪物掉寶	"245,700"	"12,285"	3		pc05_weapon_0030			100	351	0	0	0	0	0	0	0	0	0	0	0	0	0	0	0	0	0	0	0	0	0	0	0	0	0	0	0	12.攻擊力 - Attack	2048	11001	1	4011001	420	12.02	"5,049"	2.434
	1758	5000	荒野帽	35	5.史進	01.帽子	04.白	00.無	(0) 無	03.商店購買	"114,700"	"11,470"	0		pc05_hat_0030			100	0	79	0	0	0	0	0	0	0	0	0	0	0	0	0	0	0	0	0	0	0	0	0	0	0	0	0	0	13.防禦力 - Defence	4096	21001	1	4021001	180	13.09	"2,357"	2.434
	1759	5000	荒野袍	35	5.史進	02.上衣	04.白	00.無	(0) 無	03.商店購買	"147,400"	"14,740"	1		pc05_torso_0030			100	0	170	0	0	0	0	0	0	0	0	0	0	0	0	0	0	0	0	0	0	0	0	0	0	0	0	0	0	13.防禦力 - Defence	4096	21001	1	4021001	180	16.83	"3,030"	2.434
	1760	5000	荒野鞋	35	5.史進	03.褲子	04.白	00.無	(0) 無	03.商店購買	"131,000"	"13,100"	2		pc05_pelvis_0030			100	0	99	0	0	0	0	0	0	0	0	0	0	0	0	0	0	0	0	0	0	0	0	0	0	0	0	0	0	13.防禦力 - Defence	4096	21001	1	4021001	180	14.95	"2,691"	2.434
	1761	5000	荒野鐵長棍	35	5.史進	04.武器	04.白	00.無	(0) 無	03.商店購買	"245,700"	"24,570"	3		pc05_weapon_0030			100	438	0	0	0	0	0	0	0	0	0	0	0	0	0	0	0	0	0	0	0	0	0	0	0	0	0	0	0	12.攻擊力 - Attack	2048	11001	1	4011001	380	13.29	"5,051"	2.434
	1762	5000	豪氣帽	35	5.史進	01.帽子	05.綠	00.無	(1) 智慧	07.怪物掉寶	"114,700"	"5,735"	0		pc05_hat_0030			100	0	83	0	0	0	9	0	0	0	0	0	0	0	0	0	0	0	0	0	0	0	0	0	0	0	0	0	0	13.防禦力 - Defence	4096	21001	2	4021001	190	12.4	"2,356"	2.434
	1763	5000	豪氣袍	35	5.史進	02.上衣	05.綠	00.無	(1) 最大 HP	07.怪物掉寶	"147,400"	"7,370"	1		pc05_torso_0030			100	0	179	0	0	0	0	0	0	0	0	0	0	0	0	0	0	0	0	180	0	0	0	0	0	0	0	0	0	13.防禦力 - Defence	4096	21001	2	4021001	190	15.94	"3,029"	2.434
	1764	5000	豪氣鞋	35	5.史進	03.褲子	05.綠	00.無	(1) 敏捷	07.怪物掉寶	"131,000"	"6,550"	2		pc05_pelvis_0030			100	0	104	0	10	0	0	0	0	0	0	0	0	0	0	0	0	0	0	0	0	0	0	0	0	0	0	0	0	13.防禦力 - Defence	4096	21001	2	4021001	190	14.17	"2,693"	2.434
	1765	5000	豪氣銅長棍	35	5.史進	04.武器	05.綠	00.無	(1) 體能	07.怪物掉寶	"245,700"	"12,285"	3		pc05_weapon_0030			100	491	0	0	0	9	0	0	0	0	0	0	0	0	0	0	0	0	0	0	0	0	0	0	0	0	0	0	0	12.攻擊力 - Attack	2048	11001	2	4011001	400	12.62	"5,048"	2.434
	1766	5000	無牙帽	35	5.史進	01.帽子	06.藍	00.無	(2) 敏 / 智 平均	12.收集品交換	"114,700"	"5,735"	0		pc05_hat_0030			100	0	98	0	9	0	8	0	0	0	0	0	0	0	0	0	0	0	0	0	0	0	0	0	0	0	0	0	0	13.防禦力 - Defence	4096	21001	2	4021001	190	12.4	"2,356"	2.434
	1767	5000	無牙袍	35	5.史進	02.上衣	06.藍	00.無	(2) HP / 敏	12.收集品交換	"147,400"	"7,370"	1		pc05_torso_0030			100	0	210	0	8	0	0	0	0	0	0	0	0	0	0	0	0	0	0	160	0	0	0	0	0	0	0	0	0	13.防禦力 - Defence	4096	21001	2	4021001	190	15.94	"3,029"	2.434
	1768	5000	無牙鞋	35	5.史進	03.褲子	06.藍	00.無	(2) 敏 / 體 平均	12.收集品交換	"131,000"	"6,550"	2		pc05_pelvis_0030			100	0	122	0	9	8	0	0	0	0	0	0	0	0	0	0	0	0	0	0	0	0	0	0	0	0	0	0	0	13.防禦力 - Defence	4096	21001	2	4021001	190	14.17	"2,693"	2.434
	1769	5000	無牙銀長棍	35	5.史進	04.武器	06.藍	00.無	(2) 體 / 智 平均	12.收集品交換	"245,700"	"12,285"	3		pc05_weapon_0030			100	571	0	0	0	8	8	0	0	0	0	0	0	0	0	0	0	0	0	0	0	0	0	0	0	0	0	0	0	12.攻擊力 - Attack	2048	11001	2	4011001	410	12.31	"5,048"	2.434
	1770	5000	浪人帽	40	5.史進	01.帽子	03.灰	00.無	(0) 無	07.怪物掉寶	"211,200"	"10,560"	0		pc05_hat_0031			100	0	74	0	0	0	0	0	0	0	0	0	0	0	0	0	0	0	0	0	0	0	0	0	0	0	0	0	0	13.防禦力 - Defence	4096	21001	1	4021001	200	16.05	"3,210"	3.29
	1771	5000	浪人袍	40	5.史進	02.上衣	03.灰	00.無	(0) 無	07.怪物掉寶	"271,500"	"13,575"	1		pc05_torso_0031			100	0	160	0	0	0	0	0	0	0	0	0	0	0	0	0	0	0	0	0	0	0	0	0	0	0	0	0	0	13.防禦力 - Defence	4096	21001	1	4021001	200	20.64	"4,128"	3.29
	1772	5000	浪人鞋	40	5.史進	03.褲子	03.灰	00.無	(0) 無	07.怪物掉寶	"241,300"	"12,065"	2		pc05_pelvis_0031			100	0	93	0	0	0	0	0	0	0	0	0	0	0	0	0	0	0	0	0	0	0	0	0	0	0	0	0	0	13.防禦力 - Defence	4096	21001	1	4021001	200	18.34	"3,668"	3.29
	1773	5000	浪人木長棍	40	5.史進	04.武器	03.灰	00.無	(0) 無	07.怪物掉寶	"452,500"	"22,625"	3		pc05_weapon_0031			100	435	0	0	0	0	0	0	0	0	0	0	0	0	0	0	0	0	0	0	0	0	0	0	0	0	0	0	0	12.攻擊力 - Attack	2048	11001	1	4011001	420	16.38	"6,880"	3.29
	1774	5000	俠客帽	40	5.史進	01.帽子	04.白	00.無	(0) 無	03.商店購買	"211,200"	"21,120"	0		pc05_hat_0031			100	0	93	0	0	0	0	0	0	0	0	0	0	0	0	0	0	0	0	0	0	0	0	0	0	0	0	0	0	13.防禦力 - Defence	4096	21001	1	4021001	180	17.84	"3,212"	3.29
	1775	5000	俠客袍	40	5.史進	02.上衣	04.白	00.無	(0) 無	03.商店購買	"271,500"	"27,150"	1		pc05_torso_0031			100	0	200	0	0	0	0	0	0	0	0	0	0	0	0	0	0	0	0	0	0	0	0	0	0	0	0	0	0	13.防禦力 - Defence	4096	21001	1	4021001	180	22.93	"4,128"	3.29
	1776	5000	俠客鞋	40	5.史進	03.褲子	04.白	00.無	(0) 無	03.商店購買	"241,300"	"24,130"	2		pc05_pelvis_0031			100	0	116	0	0	0	0	0	0	0	0	0	0	0	0	0	0	0	0	0	0	0	0	0	0	0	0	0	0	13.防禦力 - Defence	4096	21001	1	4021001	180	20.38	"3,669"	3.29
	1777	5000	俠客鐵長棍	40	5.史進	04.武器	04.白	00.無	(0) 無	03.商店購買	"452,500"	"45,250"	3		pc05_weapon_0031			100	543	0	0	0	0	0	0	0	0	0	0	0	0	0	0	0	0	0	0	0	0	0	0	0	0	0	0	0	12.攻擊力 - Attack	2048	11001	1	4011001	380	18.1	"6,878"	3.29
	1778	5000	千履帽	40	5.史進	01.帽子	05.綠	00.無	(1) 智慧	07.怪物掉寶	"211,200"	"10,560"	0		pc05_hat_0031			100	0	96	0	0	0	10	0	0	0	0	0	0	0	0	0	0	0	0	0	0	0	0	0	0	0	0	0	0	13.防禦力 - Defence	4096	21001	2	4021001	190	16.9	"3,211"	3.29
	1779	5000	千履袍	40	5.史進	02.上衣	05.綠	00.無	(1) 最大 HP	07.怪物掉寶	"271,500"	"13,575"	1		pc05_torso_0031			100	0	207	0	0	0	0	0	0	0	0	0	0	0	0	0	0	0	0	200	0	0	0	0	0	0	0	0	0	13.防禦力 - Defence	4096	21001	2	4021001	190	21.72	"4,127"	3.29
	1780	5000	千履鞋	40	5.史進	03.褲子	05.綠	00.無	(1) 敏捷	07.怪物掉寶	"241,300"	"12,065"	2		pc05_pelvis_0031			100	0	121	0	11	0	0	0	0	0	0	0	0	0	0	0	0	0	0	0	0	0	0	0	0	0	0	0	0	13.防禦力 - Defence	4096	21001	2	4021001	190	19.31	"3,669"	3.29
	1781	5000	千履銅長棍	40	5.史進	04.武器	05.綠	00.無	(1) 體能	07.怪物掉寶	"452,500"	"22,625"	3		pc05_weapon_0031			100	604	0	0	0	10	0	0	0	0	0	0	0	0	0	0	0	0	0	0	0	0	0	0	0	0	0	0	0	12.攻擊力 - Attack	2048	11001	2	4011001	400	17.2	"6,880"	3.29
	1782	5000	密宗帽	40	5.史進	01.帽子	06.藍	00.無	(2) 敏 / 智 平均	12.收集品交換	"211,200"	"10,560"	0		pc05_hat_0031			100	0	113	0	10	0	9	0	0	0	0	0	0	0	0	0	0	0	0	0	0	0	0	0	0	0	0	0	0	13.防禦力 - Defence	4096	21001	2	4021001	190	16.9	"3,211"	3.29
	1783	5000	密宗袍	40	5.史進	02.上衣	06.藍	00.無	(2) HP / 敏	12.收集品交換	"271,500"	"13,575"	1		pc05_torso_0031			100	0	244	0	9	0	0	0	0	0	0	0	0	0	0	0	0	0	0	180	0	0	0	0	0	0	0	0	0	13.防禦力 - Defence	4096	21001	2	4021001	190	21.72	"4,127"	3.29
	1784	5000	密宗鞋	40	5.史進	03.褲子	06.藍	00.無	(2) 敏 / 體 平均	12.收集品交換	"241,300"	"12,065"	2		pc05_pelvis_0031			100	0	142	0	10	9	0	0	0	0	0	0	0	0	0	0	0	0	0	0	0	0	0	0	0	0	0	0	0	13.防禦力 - Defence	4096	21001	2	4021001	190	19.31	"3,669"	3.29
	1785	5000	密宗銀長棍	40	5.史進	04.武器	06.藍	00.無	(2) 體 / 智 平均	12.收集品交換	"452,500"	"22,625"	3		pc05_weapon_0031			100	699	0	0	0	9	9	0	0	0	0	0	0	0	0	0	0	0	0	0	0	0	0	0	0	0	0	0	0	12.攻擊力 - Attack	2048	11001	2	4011001	410	16.78	"6,880"	3.29
	1786	5000	藥師帽	45	5.史進	01.帽子	07.紫	00.無	(3) MP / 敏 / 智	07.怪物掉寶	"363,000"	"18,150"	0		pc05_hat_0032			100	0	146	0	9	0	8	0	0	0	0	0	0	0	0	0	0	0	0	0	430	0	0	0	0	0	0	0	0	13.防禦力 - Defence	4096	21001	3	6021001	200	21.3	"4,260"	4.261
	1787	5000	藥師袍	45	5.史進	02.上衣	07.紫	00.無	(3) HP / 敏 / 智	07.怪物掉寶	"467,000"	"23,350"	1		pc05_torso_0032			100	0	314	0	9	0	8	0	0	0	0	0	0	0	0	0	0	0	0	170	0	0	0	0	0	0	0	0	0	13.防禦力 - Defence	4096	21001	3	6021001	200	27.4	"5,480"	4.261
	1788	5000	藥師鞋	45	5.史進	03.褲子	07.紫	00.無	(3) MP / 敏 / 體	07.怪物掉寶	"415,000"	"20,750"	2		pc05_pelvis_0032			100	0	182	0	9	8	0	0	0	0	0	0	0	0	0	0	0	0	0	0	210	0	0	0	0	0	0	0	0	13.防禦力 - Defence	4096	21001	3	6021001	200	24.35	"4,870"	4.261
	1789	5000	藥師金長棍	45	5.史進	04.武器	07.紫	00.無	(3) HP / 體 / 智	07.怪物掉寶	"778,000"	"38,900"	3		pc05_weapon_0032			100	1018	0	0	0	8	8	0	0	0	0	0	0	0	0	0	0	0	0	90	0	0	0	0	0	0	0	0	0	12.攻擊力 - Attack	2048	11001	3	6011001	420	21.74	"9,131"	4.261
	1790	5000	高原帽	45	5.史進	01.帽子	03.灰	00.無	(0) 無	07.怪物掉寶	"363,000"	"18,150"	0		pc05_hat_0040			100	0	86	0	0	0	0	0	0	0	0	0	0	0	0	0	0	0	0	0	0	0	0	0	0	0	0	0	0	13.防禦力 - Defence	4096	21001	1	6021001	200	21.3	"4,260"	4.261
	1791	5000	高原袍	45	5.史進	02.上衣	03.灰	00.無	(0) 無	07.怪物掉寶	"467,000"	"23,350"	1		pc05_torso_0040			100	0	186	0	0	0	0	0	0	0	0	0	0	0	0	0	0	0	0	0	0	0	0	0	0	0	0	0	0	13.防禦力 - Defence	4096	21001	1	6021001	200	27.4	"5,480"	4.261
	1792	5000	高原鞋	45	5.史進	03.褲子	03.灰	00.無	(0) 無	07.怪物掉寶	"415,000"	"20,750"	2		pc05_pelvis_0040			100	0	108	0	0	0	0	0	0	0	0	0	0	0	0	0	0	0	0	0	0	0	0	0	0	0	0	0	0	13.防禦力 - Defence	4096	21001	1	6021001	200	24.35	"4,870"	4.261
	1793	5000	高原木長棍	45	5.史進	04.武器	03.灰	00.無	(0) 無	07.怪物掉寶	"778,000"	"38,900"	3		pc05_weapon_0040			100	532	0	0	0	0	0	0	0	0	0	0	0	0	0	0	0	0	0	0	0	0	0	0	0	0	0	0	0	12.攻擊力 - Attack	2048	11001	1	6011001	420	21.74	"9,131"	4.261
	1794	5000	狩獵帽	45	5.史進	01.帽子	04.白	00.無	(0) 無	03.商店購買	"363,000"	"36,300"	0		pc05_hat_0040			100	0	108	0	0	0	0	0	0	0	0	0	0	0	0	0	0	0	0	0	0	0	0	0	0	0	0	0	0	13.防禦力 - Defence	4096	21001	1	6021001	180	23.66	"4,259"	4.261
	1795	5000	狩獵袍	45	5.史進	02.上衣	04.白	00.無	(0) 無	03.商店購買	"467,000"	"46,700"	1		pc05_torso_0040			100	0	232	0	0	0	0	0	0	0	0	0	0	0	0	0	0	0	0	0	0	0	0	0	0	0	0	0	0	13.防禦力 - Defence	4096	21001	1	6021001	180	30.44	"5,480"	4.261
	1796	5000	狩獵鞋	45	5.史進	03.褲子	04.白	00.無	(0) 無	03.商店購買	"415,000"	"41,500"	2		pc05_pelvis_0040			100	0	135	0	0	0	0	0	0	0	0	0	0	0	0	0	0	0	0	0	0	0	0	0	0	0	0	0	0	13.防禦力 - Defence	4096	21001	1	6021001	180	27.05	"4,869"	4.261
	1797	5000	狩獵鐵長棍	45	5.史進	04.武器	04.白	00.無	(0) 無	03.商店購買	"778,000"	"77,800"	3		pc05_weapon_0040			100	665	0	0	0	0	0	0	0	0	0	0	0	0	0	0	0	0	0	0	0	0	0	0	0	0	0	0	0	12.攻擊力 - Attack	2048	11001	1	6011001	380	24.02	"9,128"	4.261
	1798	5000	伏獸帽	45	5.史進	01.帽子	05.綠	00.無	(1) 智慧	07.怪物掉寶	"363,000"	"18,150"	0		pc05_hat_0040			100	0	111	0	0	0	11	0	0	0	0	0	0	0	0	0	0	0	0	0	0	0	0	0	0	0	0	0	0	13.防禦力 - Defence	4096	21001	2	6021001	190	22.42	"4,260"	4.261
	1799	5000	伏獸袍	45	5.史進	02.上衣	05.綠	00.無	(1) 最大 HP	07.怪物掉寶	"467,000"	"23,350"	1		pc05_torso_0040			100	0	239	0	0	0	0	0	0	0	0	0	0	0	0	0	0	0	0	220	0	0	0	0	0	0	0	0	0	13.防禦力 - Defence	4096	21001	2	6021001	190	28.84	"5,480"	4.261
	1800	5000	伏獸鞋	45	5.史進	03.褲子	05.綠	00.無	(1) 敏捷	07.怪物掉寶	"415,000"	"20,750"	2		pc05_pelvis_0040			100	0	139	0	12	0	0	0	0	0	0	0	0	0	0	0	0	0	0	0	0	0	0	0	0	0	0	0	0	13.防禦力 - Defence	4096	21001	2	6021001	190	25.63	"4,870"	4.261
	1801	5000	伏獸銅長棍	45	5.史進	04.武器	05.綠	00.無	(1) 體能	07.怪物掉寶	"778,000"	"38,900"	3		pc05_weapon_0040			100	734	0	0	0	11	0	0	0	0	0	0	0	0	0	0	0	0	0	0	0	0	0	0	0	0	0	0	0	12.攻擊力 - Attack	2048	11001	2	6011001	400	22.82	"9,128"	4.261
	1802	5000	悍體帽	45	5.史進	01.帽子	06.藍	00.無	(2) 敏 / 智 平均	12.收集品交換	"363,000"	"18,150"	0		pc05_hat_0040			100	0	130	0	11	0	9	0	0	0	0	0	0	0	0	0	0	0	0	0	0	0	0	0	0	0	0	0	0	13.防禦力 - Defence	4096	21001	2	6021001	190	22.42	"4,260"	4.261
	1803	5000	悍體袍	45	5.史進	02.上衣	06.藍	00.無	(2) HP / 敏	12.收集品交換	"467,000"	"23,350"	1		pc05_torso_0040			100	0	279	0	10	0	0	0	0	0	0	0	0	0	0	0	0	0	0	190	0	0	0	0	0	0	0	0	0	13.防禦力 - Defence	4096	21001	2	6021001	190	28.84	"5,480"	4.261
	1804	5000	悍體鞋	45	5.史進	03.褲子	06.藍	00.無	(2) 敏 / 體 平均	12.收集品交換	"415,000"	"20,750"	2		pc05_pelvis_0040			100	0	162	0	11	9	0	0	0	0	0	0	0	0	0	0	0	0	0	0	0	0	0	0	0	0	0	0	0	13.防禦力 - Defence	4096	21001	2	6021001	190	25.63	"4,870"	4.261
	1805	5000	悍體銀長棍	45	5.史進	04.武器	06.藍	00.無	(2) 體 / 智 平均	12.收集品交換	"778,000"	"38,900"	3		pc05_weapon_0040			100	847	0	0	0	9	9	0	0	0	0	0	0	0	0	0	0	0	0	0	0	0	0	0	0	0	0	0	0	12.攻擊力 - Attack	2048	11001	2	6011001	410	22.27	"9,131"	4.261
	1806	5000	宮城帽	50	5.史進	01.帽子	03.灰	00.無	(0) 無	07.怪物掉寶	"592,000"	"29,600"	0		pc05_hat_0041			100	0	99	0	0	0	0	0	0	0	0	0	0	0	0	0	0	0	0	0	0	0	0	0	0	0	0	0	0	13.防禦力 - Defence	4096	21001	1	6021001	200	27.67	"5,534"	5.349
	1807	5000	宮城袍	50	5.史進	02.上衣	03.灰	00.無	(0) 無	07.怪物掉寶	"762,000"	"38,100"	1		pc05_torso_0041			100	0	212	0	0	0	0	0	0	0	0	0	0	0	0	0	0	0	0	0	0	0	0	0	0	0	0	0	0	13.防禦力 - Defence	4096	21001	1	6021001	200	35.62	"7,124"	5.349
	1808	5000	宮城鞋	50	5.史進	03.褲子	03.灰	00.無	(0) 無	07.怪物掉寶	"677,000"	"33,850"	2		pc05_pelvis_0041			100	0	123	0	0	0	0	0	0	0	0	0	0	0	0	0	0	0	0	0	0	0	0	0	0	0	0	0	0	13.防禦力 - Defence	4096	21001	1	6021001	200	31.64	"6,328"	5.349
	1809	5000	宮城木長棍	50	5.史進	04.武器	03.灰	00.無	(0) 無	07.怪物掉寶	"1,269,000"	"63,450"	3		pc05_weapon_0041			100	646	0	0	0	0	0	0	0	0	0	0	0	0	0	0	0	0	0	0	0	0	0	0	0	0	0	0	0	12.攻擊力 - Attack	2048	11001	1	6011001	420	28.24	"11,861"	5.349
	1810	5000	銳眼帽	50	5.史進	01.帽子	04.白	00.無	(0) 無	03.商店購買	"592,000"	"59,200"	0		pc05_hat_0041			100	0	123	0	0	0	0	0	0	0	0	0	0	0	0	0	0	0	0	0	0	0	0	0	0	0	0	0	0	13.防禦力 - Defence	4096	21001	1	6021001	180	30.74	"5,534"	5.349
	1811	5000	銳眼袍	50	5.史進	02.上衣	04.白	00.無	(0) 無	03.商店購買	"762,000"	"76,200"	1		pc05_torso_0041			100	0	265	0	0	0	0	0	0	0	0	0	0	0	0	0	0	0	0	0	0	0	0	0	0	0	0	0	0	13.防禦力 - Defence	4096	21001	1	6021001	180	39.57	"7,123"	5.349
	1812	5000	銳眼鞋	50	5.史進	03.褲子	04.白	00.無	(0) 無	03.商店購買	"677,000"	"67,700"	2		pc05_pelvis_0041			100	0	154	0	0	0	0	0	0	0	0	0	0	0	0	0	0	0	0	0	0	0	0	0	0	0	0	0	0	13.防禦力 - Defence	4096	21001	1	6021001	180	35.16	"6,329"	5.349
	1813	5000	銳眼鐵長棍	50	5.史進	04.武器	04.白	00.無	(0) 無	03.商店購買	"1,269,000"	"126,900"	3		pc05_weapon_0041			100	807	0	0	0	0	0	0	0	0	0	0	0	0	0	0	0	0	0	0	0	0	0	0	0	0	0	0	0	12.攻擊力 - Attack	2048	11001	1	6011001	380	31.22	"11,864"	5.349
	1814	5000	猛略帽	50	5.史進	01.帽子	05.綠	00.無	(1) 智慧	07.怪物掉寶	"592,000"	"29,600"	0		pc05_hat_0041			100	0	125	0	0	0	12	0	0	0	0	0	0	0	0	0	0	0	0	0	0	0	0	0	0	0	0	0	0	13.防禦力 - Defence	4096	21001	2	6021001	190	29.13	"5,535"	5.349
	1815	5000	猛略袍	50	5.史進	02.上衣	05.綠	00.無	(1) 最大 HP	07.怪物掉寶	"762,000"	"38,100"	1		pc05_torso_0041			100	0	269	0	0	0	0	0	0	0	0	0	0	0	0	0	0	0	0	240	0	0	0	0	0	0	0	0	0	13.防禦力 - Defence	4096	21001	2	6021001	190	37.49	"7,124"	5.349
	1816	5000	猛略鞋	50	5.史進	03.褲子	05.綠	00.無	(1) 敏捷	07.怪物掉寶	"677,000"	"33,850"	2		pc05_pelvis_0041			100	0	157	0	13	0	0	0	0	0	0	0	0	0	0	0	0	0	0	0	0	0	0	0	0	0	0	0	0	13.防禦力 - Defence	4096	21001	2	6021001	190	33.31	"6,329"	5.349
	1817	5000	猛略銅長棍	50	5.史進	04.武器	05.綠	00.無	(1) 體能	07.怪物掉寶	"1,269,000"	"63,450"	3		pc05_weapon_0041			100	886	0	0	0	12	0	0	0	0	0	0	0	0	0	0	0	0	0	0	0	0	0	0	0	0	0	0	0	12.攻擊力 - Attack	2048	11001	2	6011001	400	29.66	"11,864"	5.349
	1818	5000	歷練帽	50	5.史進	01.帽子	06.藍	00.無	(2) 敏 / 智 平均	12.收集品交換	"592,000"	"29,600"	0		pc05_hat_0041			100	0	146	0	11	0	10	0	0	0	0	0	0	0	0	0	0	0	0	0	0	0	0	0	0	0	0	0	0	13.防禦力 - Defence	4096	21001	2	6021001	190	29.13	"5,535"	5.349
	1819	5000	歷練袍	50	5.史進	02.上衣	06.藍	00.無	(2) HP / 敏	12.收集品交換	"762,000"	"38,100"	1		pc05_torso_0041			100	0	314	0	11	0	0	0	0	0	0	0	0	0	0	0	0	0	0	210	0	0	0	0	0	0	0	0	0	13.防禦力 - Defence	4096	21001	2	6021001	190	37.49	"7,124"	5.349
	1820	5000	歷練鞋	50	5.史進	03.褲子	06.藍	00.無	(2) 敏 / 體 平均	12.收集品交換	"677,000"	"33,850"	2		pc05_pelvis_0041			100	0	182	0	11	10	0	0	0	0	0	0	0	0	0	0	0	0	0	0	0	0	0	0	0	0	0	0	0	13.防禦力 - Defence	4096	21001	2	6021001	190	33.31	"6,329"	5.349
	1821	5000	歷練銀長棍	50	5.史進	04.武器	06.藍	00.無	(2) 體 / 智 平均	12.收集品交換	"1,269,000"	"63,450"	3		pc05_weapon_0041			100	1018	0	0	0	10	10	0	0	0	0	0	0	0	0	0	0	0	0	0	0	0	0	0	0	0	0	0	0	12.攻擊力 - Attack	2048	11001	2	6011001	410	28.93	"11,862"	5.349
	1822	5000	豺狼帽	55	5.史進	01.帽子	03.灰	00.無	(0) 無	07.怪物掉寶	"929,000"	"46,450"	0		pc05_hat_0050			100	0	111	0	0	0	0	0	0	0	0	0	0	0	0	0	0	0	0	0	0	0	0	0	0	0	0	0	0	13.防禦力 - Defence	4096	21001	1	6021001	200	35.46	"7,092"	6.55
	1823	5000	豺狼袍	55	5.史進	02.上衣	03.灰	00.無	(0) 無	07.怪物掉寶	"1,194,000"	"59,700"	1		pc05_torso_0050			100	0	239	0	0	0	0	0	0	0	0	0	0	0	0	0	0	0	0	0	0	0	0	0	0	0	0	0	0	13.防禦力 - Defence	4096	21001	1	6021001	200	45.58	"9,116"	6.55
	1824	5000	豺狼鞋	55	5.史進	03.褲子	03.灰	00.無	(0) 無	07.怪物掉寶	"1,061,000"	"53,050"	2		pc05_pelvis_0050			100	0	139	0	0	0	0	0	0	0	0	0	0	0	0	0	0	0	0	0	0	0	0	0	0	0	0	0	0	13.防禦力 - Defence	4096	21001	1	6021001	200	40.5	"8,100"	6.55
	1825	5000	豺狼木長棍	55	5.史進	04.武器	03.灰	00.無	(0) 無	07.怪物掉寶	"1,990,000"	"99,500"	3		pc05_weapon_0050			100	776	0	0	0	0	0	0	0	0	0	0	0	0	0	0	0	0	0	0	0	0	0	0	0	0	0	0	0	12.攻擊力 - Attack	2048	11001	1	6011001	420	36.17	"15,192"	6.55
	1826	5000	孤狼帽	55	5.史進	01.帽子	04.白	00.無	(0) 無	03.商店購買	"929,000"	"92,900"	0		pc05_hat_0050			100	0	139	0	0	0	0	0	0	0	0	0	0	0	0	0	0	0	0	0	0	0	0	0	0	0	0	0	0	13.防禦力 - Defence	4096	21001	1	6021001	180	39.4	"7,092"	6.55
	1827	5000	孤狼袍	55	5.史進	02.上衣	04.白	00.無	(0) 無	03.商店購買	"1,194,000"	"119,400"	1		pc05_torso_0050			100	0	299	0	0	0	0	0	0	0	0	0	0	0	0	0	0	0	0	0	0	0	0	0	0	0	0	0	0	13.防禦力 - Defence	4096	21001	1	6021001	180	50.64	"9,116"	6.55
	1828	5000	孤狼鞋	55	5.史進	03.褲子	04.白	00.無	(0) 無	03.商店購買	"1,061,000"	"106,100"	2		pc05_pelvis_0050			100	0	174	0	0	0	0	0	0	0	0	0	0	0	0	0	0	0	0	0	0	0	0	0	0	0	0	0	0	13.防禦力 - Defence	4096	21001	1	6021001	180	45	"8,100"	6.55
	1829	5000	孤狼鐵長棍	55	5.史進	04.武器	04.白	00.無	(0) 無	03.商店購買	"1,990,000"	"199,000"	3		pc05_weapon_0050			100	970	0	0	0	0	0	0	0	0	0	0	0	0	0	0	0	0	0	0	0	0	0	0	0	0	0	0	0	12.攻擊力 - Attack	2048	11001	1	6011001	380	39.98	"15,193"	6.55
	1830	5000	銀狐帽	55	5.史進	01.帽子	05.綠	00.無	(1) 智慧	07.怪物掉寶	"929,000"	"46,450"	0		pc05_hat_0050			100	0	140	0	0	0	12	0	0	0	0	0	0	0	0	0	0	0	0	0	0	0	0	0	0	0	0	0	0	13.防禦力 - Defence	4096	21001	2	6021001	190	37.33	"7,093"	6.55
	1831	5000	銀狐袍	55	5.史進	02.上衣	05.綠	00.無	(1) 最大 HP	07.怪物掉寶	"1,194,000"	"59,700"	1		pc05_torso_0050			100	0	301	0	0	0	0	0	0	0	0	0	0	0	0	0	0	0	0	260	0	0	0	0	0	0	0	0	0	13.防禦力 - Defence	4096	21001	2	6021001	190	47.98	"9,117"	6.55
	1832	5000	銀狐鞋	55	5.史進	03.褲子	05.綠	00.無	(1) 敏捷	07.怪物掉寶	"1,061,000"	"53,050"	2		pc05_pelvis_0050			100	0	175	0	14	0	0	0	0	0	0	0	0	0	0	0	0	0	0	0	0	0	0	0	0	0	0	0	0	13.防禦力 - Defence	4096	21001	2	6021001	190	42.63	"8,100"	6.55
	1833	5000	銀狐銅長棍	55	5.史進	04.武器	05.綠	00.無	(1) 體能	07.怪物掉寶	"1,990,000"	"99,500"	3		pc05_weapon_0050			100	1060	0	0	0	13	0	0	0	0	0	0	0	0	0	0	0	0	0	0	0	0	0	0	0	0	0	0	0	12.攻擊力 - Attack	2048	11001	2	6011001	400	37.98	"15,192"	6.55
	1834	5000	犬嘯帽	55	5.史進	01.帽子	06.藍	00.無	(2) 敏 / 智 平均	12.收集品交換	"929,000"	"46,450"	0		pc05_hat_0050			100	0	163	0	12	0	11	0	0	0	0	0	0	0	0	0	0	0	0	0	0	0	0	0	0	0	0	0	0	13.防禦力 - Defence	4096	21001	2	6021001	190	37.33	"7,093"	6.55
	1835	5000	犬嘯帽	55	5.史進	02.上衣	06.藍	00.無	(2) HP / 敏	12.收集品交換	"1,194,000"	"59,700"	1		pc05_torso_0050			100	0	350	0	12	0	0	0	0	0	0	0	0	0	0	0	0	0	0	230	0	0	0	0	0	0	0	0	0	13.防禦力 - Defence	4096	21001	2	6021001	190	47.98	"9,117"	6.55
	1836	5000	犬嘯帽	55	5.史進	03.褲子	06.藍	00.無	(2) 敏 / 體 平均	12.收集品交換	"1,061,000"	"53,050"	2		pc05_pelvis_0050			100	0	203	0	12	11	0	0	0	0	0	0	0	0	0	0	0	0	0	0	0	0	0	0	0	0	0	0	0	13.防禦力 - Defence	4096	21001	2	6021001	190	42.63	"8,100"	6.55
	1837	5000	犬嘯銀長棍	55	5.史進	04.武器	06.藍	00.無	(2) 體 / 智 平均	12.收集品交換	"1,990,000"	"99,500"	3		pc05_weapon_0050			100	1216	0	0	0	11	11	0	0	0	0	0	0	0	0	0	0	0	0	0	0	0	0	0	0	0	0	0	0	12.攻擊力 - Attack	2048	11001	2	6011001	410	37.06	"15,195"	6.55
	1838	5000	碎石帽	60	5.史進	01.帽子	03.灰	00.無	(0) 無	07.怪物掉寶	"1,407,000"	"70,350"	0		pc05_hat_0051			100	0	124	0	0	0	0	0	0	0	0	0	0	0	0	0	0	0	0	0	0	0	0	0	0	0	0	0	0	13.防禦力 - Defence	4096	21001	1	6021001	200	44.82	"8,964"	7.848
	1839	5000	碎石袍	60	5.史進	02.上衣	03.灰	00.無	(0) 無	07.怪物掉寶	"1,809,000"	"90,450"	1		pc05_torso_0051			100	0	266	0	0	0	0	0	0	0	0	0	0	0	0	0	0	0	0	0	0	0	0	0	0	0	0	0	0	13.防禦力 - Defence	4096	21001	1	6021001	200	57.63	"11,526"	7.848
	1840	5000	碎石鞋	60	5.史進	03.褲子	03.灰	00.無	(0) 無	07.怪物掉寶	"1,608,000"	"80,400"	2		pc05_pelvis_0051			100	0	155	0	0	0	0	0	0	0	0	0	0	0	0	0	0	0	0	0	0	0	0	0	0	0	0	0	0	13.防禦力 - Defence	4096	21001	1	6021001	200	51.23	"10,246"	7.848
	1841	5000	碎石木長棍	60	5.史進	04.武器	03.灰	00.無	(0) 無	07.怪物掉寶	"3,015,000"	"150,750"	3		pc05_weapon_0051			100	926	0	0	0	0	0	0	0	0	0	0	0	0	0	0	0	0	0	0	0	0	0	0	0	0	0	0	0	12.攻擊力 - Attack	2048	11001	1	6011001	420	45.74	"19,211"	7.848
	1842	5000	青石帽	60	5.史進	01.帽子	04.白	00.無	(0) 無	03.商店購買	"1,407,000"	"140,700"	0		pc05_hat_0051			100	0	155	0	0	0	0	0	0	0	0	0	0	0	0	0	0	0	0	0	0	0	0	0	0	0	0	0	0	13.防禦力 - Defence	4096	21001	1	6021001	180	49.8	"8,964"	7.848
	1843	5000	青石袍	60	5.史進	02.上衣	04.白	00.無	(0) 無	03.商店購買	"1,809,000"	"180,900"	1		pc05_torso_0051			100	0	333	0	0	0	0	0	0	0	0	0	0	0	0	0	0	0	0	0	0	0	0	0	0	0	0	0	0	13.防禦力 - Defence	4096	21001	1	6021001	180	64.03	"11,526"	7.848
	1844	5000	青石鞋	60	5.史進	03.褲子	04.白	00.無	(0) 無	03.商店購買	"1,608,000"	"160,800"	2		pc05_pelvis_0051			100	0	194	0	0	0	0	0	0	0	0	0	0	0	0	0	0	0	0	0	0	0	0	0	0	0	0	0	0	13.防禦力 - Defence	4096	21001	1	6021001	180	56.92	"10,246"	7.848
	1845	5000	青石鐵長棍	60	5.史進	04.武器	04.白	00.無	(0) 無	03.商店購買	"3,015,000"	"301,500"	3		pc05_weapon_0051			100	1158	0	0	0	0	0	0	0	0	0	0	0	0	0	0	0	0	0	0	0	0	0	0	0	0	0	0	0	12.攻擊力 - Attack	2048	11001	1	6011001	380	50.55	"19,209"	7.848
	1846	5000	巨石帽	60	5.史進	01.帽子	05.綠	00.無	(1) 智慧	07.怪物掉寶	"1,407,000"	"70,350"	0		pc05_hat_0051			100	0	155	0	0	0	13	0	0	0	0	0	0	0	0	0	0	0	0	0	0	0	0	0	0	0	0	0	0	13.防禦力 - Defence	4096	21001	2	6021001	190	47.18	"8,965"	7.848
	1847	5000	巨石袍	60	5.史進	02.上衣	05.綠	00.無	(1) 最大 HP	07.怪物掉寶	"1,809,000"	"90,450"	1		pc05_torso_0051			100	0	333	0	0	0	0	0	0	0	0	0	0	0	0	0	0	0	0	280	0	0	0	0	0	0	0	0	0	13.防禦力 - Defence	4096	21001	2	6021001	190	60.66	"11,526"	7.848
	1848	5000	巨石鞋	60	5.史進	03.褲子	05.綠	00.無	(1) 敏捷	07.怪物掉寶	"1,608,000"	"80,400"	2		pc05_pelvis_0051			100	0	194	0	15	0	0	0	0	0	0	0	0	0	0	0	0	0	0	0	0	0	0	0	0	0	0	0	0	13.防禦力 - Defence	4096	21001	2	6021001	190	53.92	"10,245"	7.848
	1849	5000	巨石銅長棍	60	5.史進	04.武器	05.綠	00.無	(1) 體能	07.怪物掉寶	"3,015,000"	"150,750"	3		pc05_weapon_0051			100	1262	0	0	0	14	0	0	0	0	0	0	0	0	0	0	0	0	0	0	0	0	0	0	0	0	0	0	0	12.攻擊力 - Attack	2048	11001	2	6011001	400	48.03	"19,212"	7.848
	1850	5000	隕石帽	60	5.史進	01.帽子	06.藍	00.無	(2) 敏 / 智 平均	12.收集品交換	"1,407,000"	"70,350"	0		pc05_hat_0051			100	0	179	0	13	0	12	0	0	0	0	0	0	0	0	0	0	0	0	0	0	0	0	0	0	0	0	0	0	13.防禦力 - Defence	4096	21001	2	6021001	190	47.18	"8,965"	7.848
	1851	5000	隕石袍	60	5.史進	02.上衣	06.藍	00.無	(2) HP / 敏	12.收集品交換	"1,809,000"	"90,450"	1		pc05_torso_0051			100	0	385	0	12	0	0	0	0	0	0	0	0	0	0	0	0	0	0	240	0	0	0	0	0	0	0	0	0	13.防禦力 - Defence	4096	21001	2	6021001	190	60.66	"11,526"	7.848
	1852	5000	隕石鞋	60	5.史進	03.褲子	06.藍	00.無	(2) 敏 / 體 平均	12.收集品交換	"1,608,000"	"80,400"	2		pc05_pelvis_0051			100	0	224	0	13	12	0	0	0	0	0	0	0	0	0	0	0	0	0	0	0	0	0	0	0	0	0	0	0	13.防禦力 - Defence	4096	21001	2	6021001	190	53.92	"10,245"	7.848
	1853	5000	隕石銀長棍	60	5.史進	04.武器	06.藍	00.無	(2) 體 / 智 平均	12.收集品交換	"3,015,000"	"150,750"	3		pc05_weapon_0051			100	1443	0	0	0	12	12	0	0	0	0	0	0	0	0	0	0	0	0	0	0	0	0	0	0	0	0	0	0	12.攻擊力 - Attack	2048	11001	2	6011001	410	46.85	"19,209"	7.848
	1854	5000	黃銅甲帽	55	5.史進	01.帽子	07.紫	00.無	(3) MP / 敏 / 智	07.怪物掉寶	"929,000"	"46,450"	0		pc05_hat_0052			100	0	179	0	11	0	10	0	0	0	0	0	0	0	0	0	0	0	0	0	490	0	0	0	0	0	0	0	0	13.防禦力 - Defence	4096	21001	3	6021001	200	35.46	"7,092"	6.55
	1855	5000	黃銅甲袍	55	5.史進	02.上衣	07.紫	00.無	(3) HP / 敏 / 智	07.怪物掉寶	"1,194,000"	"59,700"	1		pc05_torso_0052			100	0	385	0	11	0	10	0	0	0	0	0	0	0	0	0	0	0	0	200	0	0	0	0	0	0	0	0	0	13.防禦力 - Defence	4096	21001	3	6021001	200	45.58	"9,116"	6.55
	1856	5000	黃銅甲戰鞋	55	5.史進	03.褲子	07.紫	00.無	(3) MP / 敏 / 體	07.怪物掉寶	"1,061,000"	"53,050"	2		pc05_pelvis_0052			100	0	224	0	11	10	0	0	0	0	0	0	0	0	0	0	0	0	0	0	250	0	0	0	0	0	0	0	0	13.防禦力 - Defence	4096	21001	3	6021001	200	40.5	"8,100"	6.55
	1857	5000	黃銅甲長棍	55	5.史進	04.武器	07.紫	00.無	(3) HP / 體 / 智	07.怪物掉寶	"1,990,000"	"99,500"	3		pc05_weapon_0052			100	1443	0	0	0	10	10	0	0	0	0	0	0	0	0	0	0	0	0	100	0	0	0	0	0	0	0	0	0	12.攻擊力 - Attack	2048	11001	3	6011001	420	36.17	"15,192"	6.55
	1858	5000	邊塞帽	65	5.史進	01.帽子	03.灰	00.無	(0) 無	07.怪物掉寶	"2,090,000"	"104,500"	0		pc05_hat_0060			100	0	136	0	0	0	0	0	0	0	0	0	0	0	0	0	0	0	0	0	0	0	0	0	0	0	0	0	0	13.防禦力 - Defence	4096	21001	1	8021001	200	55.91	"11,182"	9.346
	1859	5000	邊塞袍	65	5.史進	02.上衣	03.灰	00.無	(0) 無	07.怪物掉寶	"2,680,000"	"134,000"	1		pc05_torso_0060			100	0	293	0	0	0	0	0	0	0	0	0	0	0	0	0	0	0	0	0	0	0	0	0	0	0	0	0	0	13.防禦力 - Defence	4096	21001	1	8021001	200	71.7	"14,340"	9.346
	1860	5000	邊塞鞋	65	5.史進	03.褲子	03.灰	00.無	(0) 無	07.怪物掉寶	"2,390,000"	"119,500"	2		pc05_pelvis_0060			100	0	171	0	0	0	0	0	0	0	0	0	0	0	0	0	0	0	0	0	0	0	0	0	0	0	0	0	0	13.防禦力 - Defence	4096	21001	1	8021001	200	63.94	"12,788"	9.346
	1861	5000	邊塞木長棍	65	5.史進	04.武器	03.灰	00.無	(0) 無	07.怪物掉寶	"4,470,000"	"223,500"	3		pc05_weapon_0060			100	1099	0	0	0	0	0	0	0	0	0	0	0	0	0	0	0	0	0	0	0	0	0	0	0	0	0	0	0	12.攻擊力 - Attack	2048	11001	1	8011001	420	56.94	"23,915"	9.346
	1862	5000	民族鞋	65	5.史進	01.帽子	04.白	00.無	(0) 無	03.商店購買	"2,090,000"	"209,000"	0		pc05_hat_0060			100	0	171	0	0	0	0	0	0	0	0	0	0	0	0	0	0	0	0	0	0	0	0	0	0	0	0	0	0	13.防禦力 - Defence	4096	21001	1	8021001	180	62.12	"11,182"	9.346
	1863	5000	民族袍	65	5.史進	02.上衣	04.白	00.無	(0) 無	03.商店購買	"2,680,000"	"268,000"	1		pc05_torso_0060			100	0	367	0	0	0	0	0	0	0	0	0	0	0	0	0	0	0	0	0	0	0	0	0	0	0	0	0	0	13.防禦力 - Defence	4096	21001	1	8021001	180	79.66	"14,339"	9.346
	1864	5000	民族鞋	65	5.史進	03.褲子	04.白	00.無	(0) 無	03.商店購買	"2,390,000"	"239,000"	2		pc05_pelvis_0060			100	0	213	0	0	0	0	0	0	0	0	0	0	0	0	0	0	0	0	0	0	0	0	0	0	0	0	0	0	13.防禦力 - Defence	4096	21001	1	8021001	180	71.04	"12,788"	9.346
	1865	5000	民族鐵長棍	65	5.史進	04.武器	04.白	00.無	(0) 無	03.商店購買	"4,470,000"	"447,000"	3		pc05_weapon_0060			100	1374	0	0	0	0	0	0	0	0	0	0	0	0	0	0	0	0	0	0	0	0	0	0	0	0	0	0	0	12.攻擊力 - Attack	2048	11001	1	8011001	380	62.94	"23,918"	9.346
	1866	5000	潛行帽	65	5.史進	01.帽子	05.綠	00.無	(1) 智慧	07.怪物掉寶	"2,090,000"	"104,500"	0		pc05_hat_0060			100	0	169	0	0	0	14	0	0	0	0	0	0	0	0	0	0	0	0	0	0	0	0	0	0	0	0	0	0	13.防禦力 - Defence	4096	21001	2	8021001	190	58.85	"11,182"	9.346
	1867	5000	潛行袍	65	5.史進	02.上衣	05.綠	00.無	(1) 最大 HP	07.怪物掉寶	"2,680,000"	"134,000"	1		pc05_torso_0060			100	0	364	0	0	0	0	0	0	0	0	0	0	0	0	0	0	0	0	300	0	0	0	0	0	0	0	0	0	13.防禦力 - Defence	4096	21001	2	8021001	190	75.47	"14,340"	9.346
	1868	5000	潛行鞋	65	5.史進	03.褲子	05.綠	00.無	(1) 敏捷	07.怪物掉寶	"2,390,000"	"119,500"	2		pc05_pelvis_0060			100	0	212	0	16	0	0	0	0	0	0	0	0	0	0	0	0	0	0	0	0	0	0	0	0	0	0	0	0	13.防禦力 - Defence	4096	21001	2	8021001	190	67.3	"12,787"	9.346
	1869	5000	潛行鐵長棍	65	5.史進	04.武器	05.綠	00.無	(1) 體能	07.怪物掉寶	"4,470,000"	"223,500"	3		pc05_weapon_0060			100	1493	0	0	0	15	0	0	0	0	0	0	0	0	0	0	0	0	0	0	0	0	0	0	0	0	0	0	0	12.攻擊力 - Attack	2048	11001	2	8011001	400	59.79	"23,916"	9.346
	1870	5000	月夜隱帽	65	5.史進	01.帽子	06.藍	00.無	(2) 敏 / 智 平均	12.收集品交換	"2,090,000"	"104,500"	0		pc05_hat_0060			100	0	195	0	14	0	12	0	0	0	0	0	0	0	0	0	0	0	0	0	0	0	0	0	0	0	0	0	0	13.防禦力 - Defence	4096	21001	2	8021001	190	58.85	"11,182"	9.346
	1871	5000	月夜隱袍	65	5.史進	02.上衣	06.藍	00.無	(2) HP / 敏	12.收集品交換	"2,680,000"	"134,000"	1		pc05_torso_0060			100	0	420	0	13	0	0	0	0	0	0	0	0	0	0	0	0	0	0	260	0	0	0	0	0	0	0	0	0	13.防禦力 - Defence	4096	21001	2	8021001	190	75.47	"14,340"	9.346
	1872	5000	月夜隱鞋	65	5.史進	03.褲子	06.藍	00.無	(2) 敏 / 體 平均	12.收集品交換	"2,390,000"	"119,500"	2		pc05_pelvis_0060			100	0	244	0	14	13	0	0	0	0	0	0	0	0	0	0	0	0	0	0	0	0	0	0	0	0	0	0	0	13.防禦力 - Defence	4096	21001	2	8021001	190	67.3	"12,787"	9.346
	1873	5000	月夜銀長棍	65	5.史進	04.武器	06.藍	00.無	(2) 體 / 智 平均	12.收集品交換	"4,470,000"	"223,500"	3		pc05_weapon_0060			100	1705	0	0	0	13	12	0	0	0	0	0	0	0	0	0	0	0	0	0	0	0	0	0	0	0	0	0	0	12.攻擊力 - Attack	2048	11001	2	8011001	410	58.33	"23,916"	9.346
	1874	5000	功夫帽	70	5.史進	01.帽子	03.灰	00.無	(0) 無	07.怪物掉寶	"2,380,000"	"119,000"	0		pc05_hat_0061			100	0	149	0	0	0	0	0	0	0	0	0	0	0	0	0	0	0	0	0	0	0	0	0	0	0	0	0	0	13.防禦力 - Defence	4096	21001	1	8021001	200	53.54	"10,708"	11.114
	1875	5000	功夫袍	70	5.史進	02.上衣	03.灰	00.無	(0) 無	07.怪物掉寶	"3,060,000"	"153,000"	1		pc05_torso_0061			100	0	320	0	0	0	0	0	0	0	0	0	0	0	0	0	0	0	0	0	0	0	0	0	0	0	0	0	0	13.防禦力 - Defence	4096	21001	1	8021001	200	68.84	"13,768"	11.114
	1876	5000	功夫鞋	70	5.史進	03.褲子	03.灰	00.無	(0) 無	07.怪物掉寶	"2,720,000"	"136,000"	2		pc05_pelvis_0061			100	0	186	0	0	0	0	0	0	0	0	0	0	0	0	0	0	0	0	0	0	0	0	0	0	0	0	0	0	13.防禦力 - Defence	4096	21001	1	8021001	200	61.19	"12,238"	11.114
	1877	5000	功夫木長棍	70	5.史進	04.武器	03.灰	00.無	(0) 無	07.怪物掉寶	"5,090,000"	"254,500"	3		pc05_weapon_0061			100	1299	0	0	0	0	0	0	0	0	0	0	0	0	0	0	0	0	0	0	0	0	0	0	0	0	0	0	0	12.攻擊力 - Attack	2048	11001	1	8011001	420	54.53	"22,903"	11.114
	1878	5000	正氣帽	70	5.史進	01.帽子	04.白	00.無	(0) 無	03.商店購買	"2,380,000"	"238,000"	0		pc05_hat_0061			100	0	186	0	0	0	0	0	0	0	0	0	0	0	0	0	0	0	0	0	0	0	0	0	0	0	0	0	0	13.防禦力 - Defence	4096	21001	1	8021001	180	59.49	"10,709"	11.114
	1879	5000	正氣袍	70	5.史進	02.上衣	04.白	00.無	(0) 無	03.商店購買	"3,060,000"	"306,000"	1		pc05_torso_0061			100	0	400	0	0	0	0	0	0	0	0	0	0	0	0	0	0	0	0	0	0	0	0	0	0	0	0	0	0	13.防禦力 - Defence	4096	21001	1	8021001	180	76.49	"13,769"	11.114
	1880	5000	正氣鞋	70	5.史進	03.褲子	04.白	00.無	(0) 無	03.商店購買	"2,720,000"	"272,000"	2		pc05_pelvis_0061			100	0	232	0	0	0	0	0	0	0	0	0	0	0	0	0	0	0	0	0	0	0	0	0	0	0	0	0	0	13.防禦力 - Defence	4096	21001	1	8021001	180	67.99	"12,239"	11.114
	1881	5000	正氣鐵長棍	70	5.史進	04.武器	04.白	00.無	(0) 無	03.商店購買	"5,090,000"	"509,000"	3		pc05_weapon_0061			100	1624	0	0	0	0	0	0	0	0	0	0	0	0	0	0	0	0	0	0	0	0	0	0	0	0	0	0	0	12.攻擊力 - Attack	2048	11001	1	8011001	380	60.27	"22,903"	11.114
	1882	5000	江南帽	70	5.史進	01.帽子	05.綠	00.無	(1) 智慧	07.怪物掉寶	"2,380,000"	"119,000"	0		pc05_hat_0061			100	0	183	0	0	0	15	0	0	0	0	0	0	0	0	0	0	0	0	0	0	0	0	0	0	0	0	0	0	13.防禦力 - Defence	4096	21001	2	8021001	190	56.36	"10,709"	11.114
	1883	5000	江南袍	70	5.史進	02.上衣	05.綠	00.無	(1) 最大 HP	07.怪物掉寶	"3,060,000"	"153,000"	1		pc05_torso_0061			100	0	393	0	0	0	0	0	0	0	0	0	0	0	0	0	0	0	0	320	0	0	0	0	0	0	0	0	0	13.防禦力 - Defence	4096	21001	2	8021001	190	72.46	"13,768"	11.114
	1884	5000	江南鞋	70	5.史進	03.褲子	05.綠	00.無	(1) 敏捷	07.怪物掉寶	"2,720,000"	"136,000"	2		pc05_pelvis_0061			100	0	228	0	17	0	0	0	0	0	0	0	0	0	0	0	0	0	0	0	0	0	0	0	0	0	0	0	0	13.防禦力 - Defence	4096	21001	2	8021001	190	64.41	"12,238"	11.114
	1885	5000	江南銅長棍	70	5.史進	04.武器	05.綠	00.無	(1) 體能	07.怪物掉寶	"5,090,000"	"254,500"	3		pc05_weapon_0061			100	1760	0	0	0	16	0	0	0	0	0	0	0	0	0	0	0	0	0	0	0	0	0	0	0	0	0	0	0	12.攻擊力 - Attack	2048	11001	2	8011001	400	57.25	"22,900"	11.114
	1886	5000	波紋帽	70	5.史進	01.帽子	06.藍	00.無	(2) 敏 / 智 平均	12.收集品交換	"2,380,000"	"119,000"	0		pc05_hat_0061			100	0	210	0	15	0	13	0	0	0	0	0	0	0	0	0	0	0	0	0	0	0	0	0	0	0	0	0	0	13.防禦力 - Defence	4096	21001	2	8021001	190	56.36	"10,709"	11.114
	1887	5000	波紋袍	70	5.史進	02.上衣	06.藍	00.無	(2) HP / 敏	12.收集品交換	"3,060,000"	"153,000"	1		pc05_torso_0061			100	0	452	0	14	0	0	0	0	0	0	0	0	0	0	0	0	0	0	280	0	0	0	0	0	0	0	0	0	13.防禦力 - Defence	4096	21001	2	8021001	190	72.46	"13,768"	11.114
	1888	5000	波紋鞋	70	5.史進	03.褲子	06.藍	00.無	(2) 敏 / 體 平均	12.收集品交換	"2,720,000"	"136,000"	2		pc05_pelvis_0061			100	0	263	0	15	13	0	0	0	0	0	0	0	0	0	0	0	0	0	0	0	0	0	0	0	0	0	0	0	13.防禦力 - Defence	4096	21001	2	8021001	190	64.41	"12,238"	11.114
	1889	5000	波紋銀長棍	70	5.史進	04.武器	06.藍	00.無	(2) 體 / 智 平均	12.收集品交換	"5,090,000"	"254,500"	3		pc05_weapon_0061			100	2005	0	0	0	13	13	0	0	0	0	0	0	0	0	0	0	0	0	0	0	0	0	0	0	0	0	0	0	12.攻擊力 - Attack	2048	11001	2	8011001	410	55.86	"22,903"	11.114
	1890	5000	戰功帽	75	5.史進	01.帽子	03.灰	00.無	(0) 無	07.怪物掉寶	0	0	0		pc05_hat_0070			100	0	160	0	0	0	0	0	0	0	0	0	0	0	0	0	0	0	0	0	0	0	0	0	0	0	0	0	0	13.防禦力 - Defence	4096	21001	1	8021001	200	0	0	0
	1891	5000	戰功袍	75	5.史進	02.上衣	03.灰	00.無	(0) 無	07.怪物掉寶	0	0	1		pc05_torso_0070			100	0	345	0	0	0	0	0	0	0	0	0	0	0	0	0	0	0	0	0	0	0	0	0	0	0	0	0	0	13.防禦力 - Defence	4096	21001	1	8021001	200	0	0	0
	1892	5000	戰功鞋	75	5.史進	03.褲子	03.灰	00.無	(0) 無	07.怪物掉寶	0	0	2		pc05_pelvis_0070			100	0	200	0	0	0	0	0	0	0	0	0	0	0	0	0	0	0	0	0	0	0	0	0	0	0	0	0	0	13.防禦力 - Defence	4096	21001	1	8021001	200	0	0	0
	1893	5000	戰功木長棍	75	5.史進	04.武器	03.灰	00.無	(0) 無	07.怪物掉寶	0	0	3		pc05_weapon_0070			100	1528	0	0	0	0	0	0	0	0	0	0	0	0	0	0	0	0	0	0	0	0	0	0	0	0	0	0	0	12.攻擊力 - Attack	2048	11001	1	8011001	420	0	0	0
	1894	5000	奔騰帽	75	5.史進	01.帽子	04.白	00.無	(0) 無	03.商店購買	0	0	0		pc05_hat_0070			100	0	200	0	0	0	0	0	0	0	0	0	0	0	0	0	0	0	0	0	0	0	0	0	0	0	0	0	0	13.防禦力 - Defence	4096	21001	1	8021001	180	0	0	0
	1895	5000	奔騰袍	75	5.史進	02.上衣	04.白	00.無	(0) 無	03.商店購買	0	0	1		pc05_torso_0070			100	0	431	0	0	0	0	0	0	0	0	0	0	0	0	0	0	0	0	0	0	0	0	0	0	0	0	0	0	13.防禦力 - Defence	4096	21001	1	8021001	180	0	0	0
	1896	5000	奔騰鞋	75	5.史進	03.褲子	04.白	00.無	(0) 無	03.商店購買	0	0	2		pc05_pelvis_0070			100	0	250	0	0	0	0	0	0	0	0	0	0	0	0	0	0	0	0	0	0	0	0	0	0	0	0	0	0	13.防禦力 - Defence	4096	21001	1	8021001	180	0	0	0
	1897	5000	奔騰銅長棍	75	5.史進	04.武器	04.白	00.無	(0) 無	03.商店購買	0	0	3		pc05_weapon_0070			100	1910	0	0	0	0	0	0	0	0	0	0	0	0	0	0	0	0	0	0	0	0	0	0	0	0	0	0	0	12.攻擊力 - Attack	2048	11001	1	8011001	380	0	0	0
	1898	5000	鐵騎帽	75	5.史進	01.帽子	05.綠	00.無	(1) 智慧	07.怪物掉寶	0	0	0		pc05_hat_0070			100	0	216	0	0	0	16	0	0	0	0	0	0	0	0	0	0	0	0	0	0	0	0	0	0	0	0	0	0	13.防禦力 - Defence	4096	21001	2	8021001	190	0	0	0
	1899	5000	鐵騎袍	75	5.史進	02.上衣	05.綠	00.無	(1) 最大 HP	07.怪物掉寶	0	0	1		pc05_torso_0070			100	0	465	0	0	0	0	0	0	0	0	0	0	0	0	0	0	0	0	340	0	0	0	0	0	0	0	0	0	13.防禦力 - Defence	4096	21001	2	8021001	190	0	0	0
	1900	5000	鐵騎鞋	75	5.史進	03.褲子	05.綠	00.無	(1) 敏捷	07.怪物掉寶	0	0	2		pc05_pelvis_0070			100	0	271	0	18	0	0	0	0	0	0	0	0	0	0	0	0	0	0	0	0	0	0	0	0	0	0	0	0	13.防禦力 - Defence	4096	21001	2	8021001	190	0	0	0
	1901	5000	鐵騎銅長棍	75	5.史進	04.武器	05.綠	00.無	(1) 體能	07.怪物掉寶	0	0	3		pc05_weapon_0070			100	2064	0	0	0	17	0	0	0	0	0	0	0	0	0	0	0	0	0	0	0	0	0	0	0	0	0	0	0	12.攻擊力 - Attack	2048	11001	2	8011001	400	0	0	0
	1902	5000	霸王帽	75	5.史進	01.帽子	06.藍	00.無	(2) 敏 / 智 平均	12.收集品交換	0	0	0		pc05_hat_0070			100	0	248	0	16	0	14	0	0	0	0	0	0	0	0	0	0	0	0	0	0	0	0	0	0	0	0	0	0	13.防禦力 - Defence	4096	21001	2	8021001	190	0	0	0
	1903	5000	霸王袍	75	5.史進	02.上衣	06.藍	00.無	(2) HP / 敏	12.收集品交換	0	0	1		pc05_torso_0070			100	0	534	0	15	0	0	0	0	0	0	0	0	0	0	0	0	0	0	290	0	0	0	0	0	0	0	0	0	13.防禦力 - Defence	4096	21001	2	8021001	190	0	0	0
	1904	5000	霸王鞋	75	5.史進	03.褲子	06.藍	00.無	(2) 敏 / 體 平均	12.收集品交換	0	0	2		pc05_pelvis_0070			100	0	311	0	16	14	0	0	0	0	0	0	0	0	0	0	0	0	0	0	0	0	0	0	0	0	0	0	0	13.防禦力 - Defence	4096	21001	2	8021001	190	0	0	0
	1905	5000	霸王銀長棍	75	5.史進	04.武器	06.藍	00.無	(2) 體 / 智 平均	12.收集品交換	0	0	3		pc05_weapon_0070			100	2349	0	0	0	14	14	0	0	0	0	0	0	0	0	0	0	0	0	0	0	0	0	0	0	0	0	0	0	12.攻擊力 - Attack	2048	11001	2	8011001	410	0	0	0
	1906	5000	西藏帽	80	5.史進	01.帽子	03.灰	00.無	(0) 無	07.怪物掉寶	0	0	0		pc05_hat_0071			100	0	189	0	0	0	0	0	0	0	0	0	0	0	0	0	0	0	0	0	0	0	0	0	0	0	0	0	0	13.防禦力 - Defence	4096	21001	1	8021001	200	0	0	0
	1907	5000	西藏袍	80	5.史進	02.上衣	03.灰	00.無	(0) 無	07.怪物掉寶	0	0	1		pc05_torso_0071			100	0	407	0	0	0	0	0	0	0	0	0	0	0	0	0	0	0	0	0	0	0	0	0	0	0	0	0	0	13.防禦力 - Defence	4096	21001	1	8021001	200	0	0	0
	1908	5000	西藏鞋	80	5.史進	03.褲子	03.灰	00.無	(0) 無	07.怪物掉寶	0	0	2		pc05_pelvis_0071			100	0	237	0	0	0	0	0	0	0	0	0	0	0	0	0	0	0	0	0	0	0	0	0	0	0	0	0	0	13.防禦力 - Defence	4096	21001	1	8021001	200	0	0	0
	1909	5000	西藏木長棍	80	5.史進	04.武器	03.灰	00.無	(0) 無	07.怪物掉寶	0	0	3		pc05_weapon_0071			100	1789	0	0	0	0	0	0	0	0	0	0	0	0	0	0	0	0	0	0	0	0	0	0	0	0	0	0	0	12.攻擊力 - Attack	2048	11001	1	8011001	420	0	0	0
	1910	5000	誘敵帽	80	5.史進	01.帽子	04.白	00.無	(0) 無	03.商店購買	0	0	0		pc05_hat_0071			100	0	237	0	0	0	0	0	0	0	0	0	0	0	0	0	0	0	0	0	0	0	0	0	0	0	0	0	0	13.防禦力 - Defence	4096	21001	1	8021001	180	0	0	0
	1911	5000	誘敵袍	80	5.史進	02.上衣	04.白	00.無	(0) 無	03.商店購買	0	0	1		pc05_torso_0071			100	0	509	0	0	0	0	0	0	0	0	0	0	0	0	0	0	0	0	0	0	0	0	0	0	0	0	0	0	13.防禦力 - Defence	4096	21001	1	8021001	180	0	0	0
	1912	5000	誘敵鞋	80	5.史進	03.褲子	04.白	00.無	(0) 無	03.商店購買	0	0	2		pc05_pelvis_0071			100	0	296	0	0	0	0	0	0	0	0	0	0	0	0	0	0	0	0	0	0	0	0	0	0	0	0	0	0	13.防禦力 - Defence	4096	21001	1	8021001	180	0	0	0
	1913	5000	誘敵鐵長棍	80	5.史進	04.武器	04.白	00.無	(0) 無	03.商店購買	0	0	3		pc05_weapon_0071			100	2237	0	0	0	0	0	0	0	0	0	0	0	0	0	0	0	0	0	0	0	0	0	0	0	0	0	0	0	12.攻擊力 - Attack	2048	11001	1	8011001	380	0	0	0
	1914	5000	武裝帽	80	5.史進	01.帽子	05.綠	00.無	(1) 智慧	07.怪物掉寶	0	0	0		pc05_hat_0071			100	0	255	0	0	0	17	0	0	0	0	0	0	0	0	0	0	0	0	0	0	0	0	0	0	0	0	0	0	13.防禦力 - Defence	4096	21001	2	8021001	190	0	0	0
	1915	5000	武裝袍	80	5.史進	02.上衣	05.綠	00.無	(1) 最大 HP	07.怪物掉寶	0	0	1		pc05_torso_0071			100	0	548	0	0	0	0	0	0	0	0	0	0	0	0	0	0	0	0	360	0	0	0	0	0	0	0	0	0	13.防禦力 - Defence	4096	21001	2	8021001	190	0	0	0
	1916	5000	武裝鞋	80	5.史進	03.褲子	05.綠	00.無	(1) 敏捷	07.怪物掉寶	0	0	2		pc05_pelvis_0071			100	0	318	0	19	0	0	0	0	0	0	0	0	0	0	0	0	0	0	0	0	0	0	0	0	0	0	0	0	13.防禦力 - Defence	4096	21001	2	8021001	190	0	0	0
	1917	5000	武裝銅長棍	80	5.史進	04.武器	05.綠	00.無	(1) 體能	07.怪物掉寶	0	0	3		pc05_weapon_0071			100	2413	0	0	0	17	0	0	0	0	0	0	0	0	0	0	0	0	0	0	0	0	0	0	0	0	0	0	0	12.攻擊力 - Attack	2048	11001	2	8011001	400	0	0	0
	1918	5000	成吉思汗帽	80	5.史進	01.帽子	06.藍	00.無	(2) 敏 / 智 平均	12.收集品交換	0	0	0		pc05_hat_0071			100	0	292	0	17	0	15	0	0	0	0	0	0	0	0	0	0	0	0	0	0	0	0	0	0	0	0	0	0	13.防禦力 - Defence	4096	21001	2	8021001	190	0	0	0
	1919	5000	成吉思汗袍	80	5.史進	02.上衣	06.藍	00.無	(2) HP / 敏	12.收集品交換	0	0	1		pc05_torso_0071			100	0	628	0	16	0	0	0	0	0	0	0	0	0	0	0	0	0	0	310	0	0	0	0	0	0	0	0	0	13.防禦力 - Defence	4096	21001	2	8021001	190	0	0	0
	1920	5000	成吉思汗鞋	80	5.史進	03.褲子	06.藍	00.無	(2) 敏 / 體 平均	12.收集品交換	0	0	2		pc05_pelvis_0071			100	0	365	0	17	15	0	0	0	0	0	0	0	0	0	0	0	0	0	0	0	0	0	0	0	0	0	0	0	13.防禦力 - Defence	4096	21001	2	8021001	190	0	0	0
	1921	5000	成吉思汗長棍	80	5.史進	04.武器	06.藍	00.無	(2) 體 / 智 平均	12.收集品交換	0	0	3		pc05_weapon_0071			100	2742	0	0	0	15	15	0	0	0	0	0	0	0	0	0	0	0	0	0	0	0	0	0	0	0	0	0	0	12.攻擊力 - Attack	2048	11001	2	8011001	410	0	0	0
	1922	5000	鐵血戰帽	80	5.史進	01.帽子	07.紫	00.無	(3) MP / 敏 / 智	07.怪物掉寶	0	0	0		pc05_hat_0072			100	0	342	0	15	0	13	0	0	0	0	0	0	0	0	0	0	0	0	0	660	0	0	0	0	0	0	0	0	13.防禦力 - Defence	4096	21001	3	8021001	200	0	0	0
	1923	5000	鐵血戰袍	80	5.史進	02.上衣	07.紫	00.無	(3) HP / 敏 / 智	07.怪物掉寶	0	0	1		pc05_torso_0072			100	0	735	0	15	0	13	0	0	0	0	0	0	0	0	0	0	0	0	270	0	0	0	0	0	0	0	0	0	13.防禦力 - Defence	4096	21001	3	8021001	200	0	0	0
	1924	5000	鐵血戰鞋	80	5.史進	03.褲子	07.紫	00.無	(3) MP / 敏 / 體	07.怪物掉寶	0	0	2		pc05_pelvis_0072			100	0	427	0	15	13	0	0	0	0	0	0	0	0	0	0	0	0	0	0	330	0	0	0	0	0	0	0	0	13.防禦力 - Defence	4096	21001	3	8021001	200	0	0	0
	1925	5000	鐵血金長棍	80	5.史進	04.武器	07.紫	00.無	(3) HP / 體 / 智	07.怪物掉寶	0	0	3		pc05_weapon_0072			100	3191	0	0	0	13	13	0	0	0	0	0	0	0	0	0	0	0	0	130	0	0	0	0	0	0	0	0	0	12.攻擊力 - Attack	2048	11001	3	8011001	420	0	0	0
	1926	5000	輕裝御帽	85	5.史進	01.帽子	03.灰	00.無	(0) 無	07.怪物掉寶	0	0	0		pc05_hat_0080			100	0	223	0	0	0	0	0	0	0	0	0	0	0	0	0	0	0	0	0	0	0	0	0	0	0	0	0	0	13.防禦力 - Defence	4096	21001	1	10021001	200	0	0	0
	1927	5000	輕裝御袍	85	5.史進	02.上衣	03.灰	00.無	(0) 無	07.怪物掉寶	0	0	1		pc05_torso_0080			100	0	479	0	0	0	0	0	0	0	0	0	0	0	0	0	0	0	0	0	0	0	0	0	0	0	0	0	0	13.防禦力 - Defence	4096	21001	1	10021001	200	0	0	0
	1928	5000	輕裝御鞋	85	5.史進	03.褲子	03.灰	00.無	(0) 無	07.怪物掉寶	0	0	2		pc05_pelvis_0080			100	0	278	0	0	0	0	0	0	0	0	0	0	0	0	0	0	0	0	0	0	0	0	0	0	0	0	0	0	13.防禦力 - Defence	4096	21001	1	10021001	200	0	0	0
	1929	5000	輕裝木長棍	85	5.史進	04.武器	03.灰	00.無	(0) 無	07.怪物掉寶	0	0	3		pc05_weapon_0080			100	2089	0	0	0	0	0	0	0	0	0	0	0	0	0	0	0	0	0	0	0	0	0	0	0	0	0	0	0	12.攻擊力 - Attack	2048	11001	1	10011001	420	0	0	0
	1930	5000	田秧御帽	85	5.史進	01.帽子	04.白	00.無	(0) 無	03.商店購買	0	0	0		pc05_hat_0080			100	0	278	0	0	0	0	0	0	0	0	0	0	0	0	0	0	0	0	0	0	0	0	0	0	0	0	0	0	13.防禦力 - Defence	4096	21001	1	10021001	180	0	0	0
	1931	5000	田秧御袍	85	5.史進	02.上衣	04.白	00.無	(0) 無	03.商店購買	0	0	1		pc05_torso_0080			100	0	598	0	0	0	0	0	0	0	0	0	0	0	0	0	0	0	0	0	0	0	0	0	0	0	0	0	0	13.防禦力 - Defence	4096	21001	1	10021001	180	0	0	0
	1932	5000	田秧御鞋	85	5.史進	03.褲子	04.白	00.無	(0) 無	03.商店購買	0	0	2		pc05_pelvis_0080			100	0	348	0	0	0	0	0	0	0	0	0	0	0	0	0	0	0	0	0	0	0	0	0	0	0	0	0	0	13.防禦力 - Defence	4096	21001	1	10021001	180	0	0	0
	1933	5000	田秧鐵長棍	85	5.史進	04.武器	04.白	00.無	(0) 無	03.商店購買	0	0	3		pc05_weapon_0080			100	2611	0	0	0	0	0	0	0	0	0	0	0	0	0	0	0	0	0	0	0	0	0	0	0	0	0	0	0	12.攻擊力 - Attack	2048	11001	1	10011001	380	0	0	0
	1934	5000	林園御帽	85	5.史進	01.帽子	05.綠	00.無	(1) 智慧	07.怪物掉寶	0	0	0		pc05_hat_0080			100	0	299	0	0	0	18	0	0	0	0	0	0	0	0	0	0	0	0	0	0	0	0	0	0	0	0	0	0	13.防禦力 - Defence	4096	21001	2	10021001	190	0	0	0
	1935	5000	林園御袍	85	5.史進	02.上衣	05.綠	00.無	(1) 最大 HP	07.怪物掉寶	0	0	1		pc05_torso_0080			100	0	643	0	0	0	0	0	0	0	0	0	0	0	0	0	0	0	0	380	0	0	0	0	0	0	0	0	0	13.防禦力 - Defence	4096	21001	2	10021001	190	0	0	0
	1936	5000	林園御鞋	85	5.史進	03.褲子	05.綠	00.無	(1) 敏捷	07.怪物掉寶	0	0	2		pc05_pelvis_0080			100	0	374	0	20	0	0	0	0	0	0	0	0	0	0	0	0	0	0	0	0	0	0	0	0	0	0	0	0	13.防禦力 - Defence	4096	21001	2	10021001	190	0	0	0
	1937	5000	林園銅長棍	85	5.史進	04.武器	05.綠	00.無	(1) 體能	07.怪物掉寶	0	0	3		pc05_weapon_0080			100	2811	0	0	0	18	0	0	0	0	0	0	0	0	0	0	0	0	0	0	0	0	0	0	0	0	0	0	0	12.攻擊力 - Attack	2048	11001	2	10011001	400	0	0	0
	1938	5000	護衛御帽	85	5.史進	01.帽子	06.藍	00.無	(2) 敏 / 智 平均	12.收集品交換	0	0	0		pc05_hat_0080			100	0	342	0	18	0	16	0	0	0	0	0	0	0	0	0	0	0	0	0	0	0	0	0	0	0	0	0	0	13.防禦力 - Defence	4096	21001	2	10021001	190	0	0	0
	1939	5000	護衛御袍	85	5.史進	02.上衣	06.藍	00.無	(2) HP / 敏	12.收集品交換	0	0	1		pc05_torso_0080			100	0	735	0	17	0	0	0	0	0	0	0	0	0	0	0	0	0	0	320	0	0	0	0	0	0	0	0	0	13.防禦力 - Defence	4096	21001	2	10021001	190	0	0	0
	1940	5000	護衛御鞋	85	5.史進	03.褲子	06.藍	00.無	(2) 敏 / 體 平均	12.收集品交換	0	0	2		pc05_pelvis_0080			100	0	427	0	18	16	0	0	0	0	0	0	0	0	0	0	0	0	0	0	0	0	0	0	0	0	0	0	0	13.防禦力 - Defence	4096	21001	2	10021001	190	0	0	0
	1941	5000	護衛銀長棍	85	5.史進	04.武器	06.藍	00.無	(2) 體 / 智 平均	12.收集品交換	0	0	3		pc05_weapon_0080			100	3191	0	0	0	16	16	0	0	0	0	0	0	0	0	0	0	0	0	0	0	0	0	0	0	0	0	0	0	12.攻擊力 - Attack	2048	11001	2	10011001	410	0	0	0
	1942	5000	麥色戰帽	90	5.史進	01.帽子	03.灰	00.無	(0) 無	07.怪物掉寶	0	0	0		pc05_hat_0081			100	0	260	0	0	0	0	0	0	0	0	0	0	0	0	0	0	0	0	0	0	0	0	0	0	0	0	0	0	13.防禦力 - Defence	4096	21001	1	10021001	200	0	0	0
	1943	5000	麥色戰袍	90	5.史進	02.上衣	03.灰	00.無	(0) 無	07.怪物掉寶	0	0	1		pc05_torso_0081			100	0	560	0	0	0	0	0	0	0	0	0	0	0	0	0	0	0	0	0	0	0	0	0	0	0	0	0	0	13.防禦力 - Defence	4096	21001	1	10021001	200	0	0	0
	1944	5000	麥色戰鞋	90	5.史進	03.褲子	03.灰	00.無	(0) 無	07.怪物掉寶	0	0	2		pc05_pelvis_0081			100	0	325	0	0	0	0	0	0	0	0	0	0	0	0	0	0	0	0	0	0	0	0	0	0	0	0	0	0	13.防禦力 - Defence	4096	21001	1	10021001	200	0	0	0
	1945	5000	麥色木長棍	90	5.史進	04.武器	03.灰	00.無	(0) 無	07.怪物掉寶	0	0	3		pc05_weapon_0081			100	2431	0	0	0	0	0	0	0	0	0	0	0	0	0	0	0	0	0	0	0	0	0	0	0	0	0	0	0	12.攻擊力 - Attack	2048	11001	1	10011001	420	0	0	0
	1946	5000	稻禾戰帽	90	5.史進	01.帽子	04.白	00.無	(0) 無	03.商店購買	0	0	0		pc05_hat_0081			100	0	325	0	0	0	0	0	0	0	0	0	0	0	0	0	0	0	0	0	0	0	0	0	0	0	0	0	0	13.防禦力 - Defence	4096	21001	1	10021001	180	0	0	0
	1947	5000	稻禾戰袍	90	5.史進	02.上衣	04.白	00.無	(0) 無	03.商店購買	0	0	1		pc05_torso_0081			100	0	700	0	0	0	0	0	0	0	0	0	0	0	0	0	0	0	0	0	0	0	0	0	0	0	0	0	0	13.防禦力 - Defence	4096	21001	1	10021001	180	0	0	0
	1948	5000	稻禾戰鞋	90	5.史進	03.褲子	04.白	00.無	(0) 無	03.商店購買	0	0	2		pc05_pelvis_0081			100	0	407	0	0	0	0	0	0	0	0	0	0	0	0	0	0	0	0	0	0	0	0	0	0	0	0	0	0	13.防禦力 - Defence	4096	21001	1	10021001	180	0	0	0
	1949	5000	稻禾鐵長棍	90	5.史進	04.武器	04.白	00.無	(0) 無	03.商店購買	0	0	3		pc05_weapon_0081			100	3039	0	0	0	0	0	0	0	0	0	0	0	0	0	0	0	0	0	0	0	0	0	0	0	0	0	0	0	12.攻擊力 - Attack	2048	11001	1	10011001	380	0	0	0
	1950	5000	旭日戰帽	90	5.史進	01.帽子	05.綠	00.無	(1) 智慧	07.怪物掉寶	0	0	0		pc05_hat_0081			100	0	349	0	0	0	19	0	0	0	0	0	0	0	0	0	0	0	0	0	0	0	0	0	0	0	0	0	0	13.防禦力 - Defence	4096	21001	2	10021001	190	0	0	0
	1951	5000	旭日戰袍	90	5.史進	02.上衣	05.綠	00.無	(1) 最大 HP	07.怪物掉寶	0	0	1		pc05_torso_0081			100	0	750	0	0	0	0	0	0	0	0	0	0	0	0	0	0	0	0	400	0	0	0	0	0	0	0	0	0	13.防禦力 - Defence	4096	21001	2	10021001	190	0	0	0
	1952	5000	旭日戰鞋	90	5.史進	03.褲子	05.綠	00.無	(1) 敏捷	07.怪物掉寶	0	0	2		pc05_pelvis_0081			100	0	436	0	21	0	0	0	0	0	0	0	0	0	0	0	0	0	0	0	0	0	0	0	0	0	0	0	0	13.防禦力 - Defence	4096	21001	2	10021001	190	0	0	0
	1953	5000	旭日銅長棍	90	5.史進	04.武器	05.綠	00.無	(1) 體能	07.怪物掉寶	0	0	3		pc05_weapon_0081			100	3267	0	0	0	19	0	0	0	0	0	0	0	0	0	0	0	0	0	0	0	0	0	0	0	0	0	0	0	12.攻擊力 - Attack	2048	11001	2	10011001	400	0	0	0
	1954	5000	夕陽戰帽	90	5.史進	01.帽子	06.藍	00.無	(2) 敏 / 智 平均	12.收集品交換	0	0	0		pc05_hat_0081			100	0	398	0	19	0	16	0	0	0	0	0	0	0	0	0	0	0	0	0	0	0	0	0	0	0	0	0	0	13.防禦力 - Defence	4096	21001	2	10021001	190	0	0	0
	1955	5000	夕陽戰袍	90	5.史進	02.上衣	06.藍	00.無	(2) HP / 敏	12.收集品交換	0	0	1		pc05_torso_0081			100	0	856	0	17	0	0	0	0	0	0	0	0	0	0	0	0	0	0	340	0	0	0	0	0	0	0	0	0	13.防禦力 - Defence	4096	21001	2	10021001	190	0	0	0
	1956	5000	夕陽戰鞋	90	5.史進	03.褲子	06.藍	00.無	(2) 敏 / 體 平均	12.收集品交換	0	0	2		pc05_pelvis_0081			100	0	497	0	19	17	0	0	0	0	0	0	0	0	0	0	0	0	0	0	0	0	0	0	0	0	0	0	0	13.防禦力 - Defence	4096	21001	2	10021001	190	0	0	0
	1957	5000	夕陽銀長棍	90	5.史進	04.武器	06.藍	00.無	(2) 體 / 智 平均	12.收集品交換	0	0	3		pc05_weapon_0081			100	3704	0	0	0	17	16	0	0	0	0	0	0	0	0	0	0	0	0	0	0	0	0	0	0	0	0	0	0	12.攻擊力 - Attack	2048	11001	2	10011001	410	0	0	0
	1958	5000	出遊髮帶	95	5.史進	01.帽子	03.灰	00.無	(0) 無	07.怪物掉寶	0	0	0		pc05_hat_0090			100	0	303	0	0	0	0	0	0	0	0	0	0	0	0	0	0	0	0	0	0	0	0	0	0	0	0	0	0	13.防禦力 - Defence	4096	21001	1	10021001	200	0	0	0
	1959	5000	出遊袍	95	5.史進	02.上衣	03.灰	00.無	(0) 無	07.怪物掉寶	0	0	1		pc05_torso_0090			100	0	652	0	0	0	0	0	0	0	0	0	0	0	0	0	0	0	0	0	0	0	0	0	0	0	0	0	0	13.防禦力 - Defence	4096	21001	1	10021001	200	0	0	0
	1960	5000	出遊鞋	95	5.史進	03.褲子	03.灰	00.無	(0) 無	07.怪物掉寶	0	0	2		pc05_pelvis_0090			100	0	379	0	0	0	0	0	0	0	0	0	0	0	0	0	0	0	0	0	0	0	0	0	0	0	0	0	0	13.防禦力 - Defence	4096	21001	1	10021001	200	0	0	0
	1961	5000	出遊木長棍	95	5.史進	04.武器	03.灰	00.無	(0) 無	07.怪物掉寶	0	0	3		pc05_weapon_0090			100	2822	0	0	0	0	0	0	0	0	0	0	0	0	0	0	0	0	0	0	0	0	0	0	0	0	0	0	0	12.攻擊力 - Attack	2048	11001	1	10011001	420	0	0	0
	1962	5000	校衛髮帶	95	5.史進	01.帽子	04.白	00.無	(0) 無	03.商店購買	0	0	0		pc05_hat_0090			100	0	379	0	0	0	0	0	0	0	0	0	0	0	0	0	0	0	0	0	0	0	0	0	0	0	0	0	0	13.防禦力 - Defence	4096	21001	1	10021001	180	0	0	0
	1963	5000	校衛御袍	95	5.史進	02.上衣	04.白	00.無	(0) 無	03.商店購買	0	0	1		pc05_torso_0090			100	0	815	0	0	0	0	0	0	0	0	0	0	0	0	0	0	0	0	0	0	0	0	0	0	0	0	0	0	13.防禦力 - Defence	4096	21001	1	10021001	180	0	0	0
	1964	5000	校衛御鞋	95	5.史進	03.褲子	04.白	00.無	(0) 無	03.商店購買	0	0	2		pc05_pelvis_0090			100	0	474	0	0	0	0	0	0	0	0	0	0	0	0	0	0	0	0	0	0	0	0	0	0	0	0	0	0	13.防禦力 - Defence	4096	21001	1	10021001	180	0	0	0
	1965	5000	校衛鐵長棍	95	5.史進	04.武器	04.白	00.無	(0) 無	03.商店購買	0	0	3		pc05_weapon_0090			100	3528	0	0	0	0	0	0	0	0	0	0	0	0	0	0	0	0	0	0	0	0	0	0	0	0	0	0	0	12.攻擊力 - Attack	2048	11001	1	10011001	380	0	0	0
	1966	5000	錦衣髮帶	95	5.史進	01.帽子	05.綠	00.無	(1) 智慧	07.怪物掉寶	0	0	0		pc05_hat_0090			100	0	406	0	0	0	20	0	0	0	0	0	0	0	0	0	0	0	0	0	0	0	0	0	0	0	0	0	0	13.防禦力 - Defence	4096	21001	2	10021001	190	0	0	0
	1967	5000	錦衣御袍	95	5.史進	02.上衣	05.綠	00.無	(1) 最大 HP	07.怪物掉寶	0	0	1		pc05_torso_0090			100	0	872	0	0	0	0	0	0	0	0	0	0	0	0	0	0	0	0	420	0	0	0	0	0	0	0	0	0	13.防禦力 - Defence	4096	21001	2	10021001	190	0	0	0
	1968	5000	錦衣御鞋	95	5.史進	03.褲子	05.綠	00.無	(1) 敏捷	07.怪物掉寶	0	0	2		pc05_pelvis_0090			100	0	507	0	22	0	0	0	0	0	0	0	0	0	0	0	0	0	0	0	0	0	0	0	0	0	0	0	0	13.防禦力 - Defence	4096	21001	2	10021001	190	0	0	0
	1969	5000	錦衣銅長棍	95	5.史進	04.武器	05.綠	00.無	(1) 體能	07.怪物掉寶	0	0	3		pc05_weapon_0090			100	3787	0	0	0	20	0	0	0	0	0	0	0	0	0	0	0	0	0	0	0	0	0	0	0	0	0	0	0	12.攻擊力 - Attack	2048	11001	2	10011001	400	0	0	0
	1970	5000	皇廷髮帶	95	5.史進	01.帽子	06.藍	00.無	(2) 敏 / 智 平均	12.收集品交換	0	0	0		pc05_hat_0090			100	0	463	0	19	0	17	0	0	0	0	0	0	0	0	0	0	0	0	0	0	0	0	0	0	0	0	0	0	13.防禦力 - Defence	4096	21001	2	10021001	190	0	0	0
	1971	5000	皇廷御袍	95	5.史進	02.上衣	06.藍	00.無	(2) HP / 敏	12.收集品交換	0	0	1		pc05_torso_0090			100	0	995	0	18	0	0	0	0	0	0	0	0	0	0	0	0	0	0	360	0	0	0	0	0	0	0	0	0	13.防禦力 - Defence	4096	21001	2	10021001	190	0	0	0
	1972	5000	皇廷御鞋	95	5.史進	03.褲子	06.藍	00.無	(2) 敏 / 體 平均	12.收集品交換	0	0	2		pc05_pelvis_0090			100	0	578	0	19	17	0	0	0	0	0	0	0	0	0	0	0	0	0	0	0	0	0	0	0	0	0	0	0	13.防禦力 - Defence	4096	21001	2	10021001	190	0	0	0
	1973	5000	皇廷銀長棍	95	5.史進	04.武器	06.藍	00.無	(2) 體 / 智 平均	12.收集品交換	0	0	3		pc05_weapon_0090			100	4289	0	0	0	17	17	0	0	0	0	0	0	0	0	0	0	0	0	0	0	0	0	0	0	0	0	0	0	12.攻擊力 - Attack	2048	11001	2	10011001	410	0	0	0
	1974	5000	幻影髮帶	99	5.史進	01.帽子	03.灰	00.無	(0) 無	07.怪物掉寶	0	0	0		pc05_hat_0091			100	0	332	0	0	0	0	0	0	0	0	0	0	0	0	0	0	0	0	0	0	0	0	0	0	0	0	0	0	13.防禦力 - Defence	4096	21001	1	10021001	200	0	0	0
	1975	5000	幻影戰袍	99	5.史進	02.上衣	03.灰	00.無	(0) 無	07.怪物掉寶	0	0	1		pc05_torso_0091			100	0	714	0	0	0	0	0	0	0	0	0	0	0	0	0	0	0	0	0	0	0	0	0	0	0	0	0	0	13.防禦力 - Defence	4096	21001	1	10021001	200	0	0	0
	1976	5000	幻影戰鞋	99	5.史進	03.褲子	03.灰	00.無	(0) 無	07.怪物掉寶	0	0	2		pc05_pelvis_0091			100	0	415	0	0	0	0	0	0	0	0	0	0	0	0	0	0	0	0	0	0	0	0	0	0	0	0	0	0	13.防禦力 - Defence	4096	21001	1	10021001	200	0	0	0
	1977	5000	幻影木長棍	99	5.史進	04.武器	03.灰	00.無	(0) 無	07.怪物掉寶	0	0	3		pc05_weapon_0091			100	3101	0	0	0	0	0	0	0	0	0	0	0	0	0	0	0	0	0	0	0	0	0	0	0	0	0	0	0	12.攻擊力 - Attack	2048	11001	1	10011001	420	0	0	0
	1978	5000	虛空髮帶	99	5.史進	01.帽子	04.白	00.無	(0) 無	03.商店購買	0	0	0		pc05_hat_0091			100	0	415	0	0	0	0	0	0	0	0	0	0	0	0	0	0	0	0	0	0	0	0	0	0	0	0	0	0	13.防禦力 - Defence	4096	21001	1	10021001	180	0	0	0
	1979	5000	虛空戰袍	99	5.史進	02.上衣	04.白	00.無	(0) 無	03.商店購買	0	0	1		pc05_torso_0091			100	0	893	0	0	0	0	0	0	0	0	0	0	0	0	0	0	0	0	0	0	0	0	0	0	0	0	0	0	13.防禦力 - Defence	4096	21001	1	10021001	180	0	0	0
	1980	5000	虛空戰鞋	99	5.史進	03.褲子	04.白	00.無	(0) 無	03.商店購買	0	0	2		pc05_pelvis_0091			100	0	519	0	0	0	0	0	0	0	0	0	0	0	0	0	0	0	0	0	0	0	0	0	0	0	0	0	0	13.防禦力 - Defence	4096	21001	1	10021001	180	0	0	0
	1981	5000	虛空鐵長棍	99	5.史進	04.武器	04.白	00.無	(0) 無	03.商店購買	0	0	3		pc05_weapon_0091			100	3876	0	0	0	0	0	0	0	0	0	0	0	0	0	0	0	0	0	0	0	0	0	0	0	0	0	0	0	12.攻擊力 - Attack	2048	11001	1	10011001	380	0	0	0
	1982	5000	不惑髮帶	99	5.史進	01.帽子	05.綠	00.無	(1) 智慧	07.怪物掉寶	0	0	0		pc05_hat_0091			100	0	0	0	0	0	21	0	0	0	0	0	0	0	0	0	0	0	0	0	0	0	0	0	0	0	0	0	0	13.防禦力 - Defence	4096	21001	2	10021001	190	0	0	0
	1983	5000	不惑戰袍	99	5.史進	02.上衣	05.綠	00.無	(1) 最大 HP	07.怪物掉寶	0	0	1		pc05_torso_0091			100	0	0	0	0	0	0	0	0	0	0	0	0	0	0	0	0	0	0	430	0	0	0	0	0	0	0	0	0	13.防禦力 - Defence	4096	21001	2	10021001	190	0	0	0
	1984	5000	不惑戰鞋	99	5.史進	03.褲子	05.綠	00.無	(1) 敏捷	07.怪物掉寶	0	0	2		pc05_pelvis_0091			100	0	0	0	23	0	0	0	0	0	0	0	0	0	0	0	0	0	0	0	0	0	0	0	0	0	0	0	0	13.防禦力 - Defence	4096	21001	2	10021001	190	0	0	0
	1985	5000	不惑銅長棍	99	5.史進	04.武器	05.綠	00.無	(1) 體能	07.怪物掉寶	0	0	3		pc05_weapon_0091			100	0	0	0	0	21	0	0	0	0	0	0	0	0	0	0	0	0	0	0	0	0	0	0	0	0	0	0	0	12.攻擊力 - Attack	2048	11001	2	10011001	400	0	0	0
	1986	5000	無懼髮帶	99	5.史進	01.帽子	06.藍	00.無	(2) 敏 / 智 平均	12.收集品交換	0	0	0		pc05_hat_0091			100	0	0	0	20	0	18	0	0	0	0	0	0	0	0	0	0	0	0	0	0	0	0	0	0	0	0	0	0	13.防禦力 - Defence	4096	21001	2	10021001	190	0	0	0
	1987	5000	無懼戰袍	99	5.史進	02.上衣	06.藍	00.無	(2) HP / 敏	12.收集品交換	0	0	1		pc05_torso_0091			100	0	0	0	19	0	0	0	0	0	0	0	0	0	0	0	0	0	0	370	0	0	0	0	0	0	0	0	0	13.防禦力 - Defence	4096	21001	2	10021001	190	0	0	0
	1988	5000	無懼戰鞋	99	5.史進	03.褲子	06.藍	00.無	(2) 敏 / 體 平均	12.收集品交換	0	0	2		pc05_pelvis_0091			100	0	0	0	20	18	0	0	0	0	0	0	0	0	0	0	0	0	0	0	0	0	0	0	0	0	0	0	0	13.防禦力 - Defence	4096	21001	2	10021001	190	0	0	0
	1989	5000	無懼銀長棍	99	5.史進	04.武器	06.藍	00.無	(2) 體 / 智 平均	12.收集品交換	0	0	3		pc05_weapon_0091			100	0	0	0	0	18	18	0	0	0	0	0	0	0	0	0	0	0	0	0	0	0	0	0	0	0	0	0	0	12.攻擊力 - Attack	2048	11001	2	10011001	410	0	0	0
	1990	5000	畀剎門頭冠	99	5.史進	01.帽子	07.紫	00.無	(3) MP / 敏 / 智	07.怪物掉寶	0	0	0		pc05_hat_0092			100	0	0	0	17	0	15	0	0	0	0	0	0	0	0	0	0	0	0	0	780	0	0	0	0	0	0	0	0	13.防禦力 - Defence	4096	21001	3	10021001	200	0	0	0
	1991	5000	畀剎門戰袍	99	5.史進	02.上衣	07.紫	00.無	(3) HP / 敏 / 智	07.怪物掉寶	0	0	1		pc05_torso_0092			100	0	0	0	17	0	15	0	0	0	0	0	0	0	0	0	0	0	0	320	0	0	0	0	0	0	0	0	0	13.防禦力 - Defence	4096	21001	3	10021001	200	0	0	0
	1992	5000	畀剎門戰鞋	99	5.史進	03.褲子	07.紫	00.無	(3) MP / 敏 / 體	07.怪物掉寶	0	0	2		pc05_pelvis_0092			100	0	0	0	17	15	0	0	0	0	0	0	0	0	0	0	0	0	0	0	390	0	0	0	0	0	0	0	0	13.防禦力 - Defence	4096	21001	3	10021001	200	0	0	0
	1993	5000	畀剎門長棍	99	5.史進	04.武器	07.紫	00.無	(3) HP / 體 / 智	07.怪物掉寶	0	0	3		pc05_weapon_0092			100	0	0	0	0	15	15	0	0	0	0	0	0	0	0	0	0	0	0	160	0	0	0	0	0	0	0	0	0	12.攻擊力 - Attack	2048	11001	3	10011001	420	0	0	0
	1994	5000	黑炫風頭巾	1	6.李逵	01.帽子	02.初始	00.無	(0) 無	02.初始	130	13	0		pc06_hat_0000			100	0	10	0	0	0	0	0	0	0	0	0	0	0	0	0	0	0	0	0	0	0	0	0	0	0	0	0	0	13.防禦力 - Defence	4096	21001	1	2021001	270	1.05	284	0.023
	1995	5000	黑炫風背心	1	6.李逵	02.上衣	02.初始	00.無	(0) 無	02.初始	170	17	1		pc06_torso_0000			100	0	21	0	0	0	0	0	0	0	0	0	0	0	0	0	0	0	0	0	0	0	0	0	0	0	0	0	0	13.防禦力 - Defence	4096	21001	1	2021001	270	1.37	370	0.023
	1996	5000	黑炫風鞋	1	6.李逵	03.褲子	02.初始	00.無	(0) 無	02.初始	150	15	2		pc06_pelvis_0000			100	0	12	0	0	0	0	0	0	0	0	0	0	0	0	0	0	0	0	0	0	0	0	0	0	0	0	0	0	13.防禦力 - Defence	4096	21001	1	2021001	270	1.21	327	0.023
	1997	5000	黑炫風斧頭	1	6.李逵	04.武器	02.初始	00.無	(0) 無	02.初始	280	28	3		pc06_weapon_0000			100	35	0	0	0	0	0	0	0	0	0	0	0	0	0	0	0	0	0	0	0	0	0	0	0	0	0	0	0	12.攻擊力 - Attack	2048	11001	1	2011001	580	1.05	609	0.023
	1998	5000	劣質布帽	10	6.李逵	01.帽子	03.灰	00.無	(0) 無	07.怪物掉寶	630	32	0		pc06_hat_0001			100	0	18	0	0	0	0	0	0	0	0	0	0	0	0	0	0	0	0	0	0	0	0	0	0	0	0	0	0	13.防禦力 - Defence	4096	21001	1	2021001	200	2.17	434	0.073
	1999	5000	劣質布衣	10	6.李逵	02.上衣	03.灰	00.無	(0) 無	07.怪物掉寶	820	41	1		pc06_torso_0001			100	0	40	0	0	0	0	0	0	0	0	0	0	0	0	0	0	0	0	0	0	0	0	0	0	0	0	0	0	13.防禦力 - Defence	4096	21001	1	2021001	200	2.83	566	0.073
	2000	5000	劣質草鞋	10	6.李逵	03.褲子	03.灰	00.無	(0) 無	07.怪物掉寶	720	36	2		pc06_pelvis_0001			100	0	23	0	0	0	0	0	0	0	0	0	0	0	0	0	0	0	0	0	0	0	0	0	0	0	0	0	0	13.防禦力 - Defence	4096	21001	1	2021001	200	2.48	496	0.073
	2001	5000	劣質斧頭	10	6.李逵	04.武器	03.灰	00.無	(0) 無	07.怪物掉寶	"1,360"	68	3		pc06_weapon_0001			100	77	0	0	0	0	0	0	0	0	0	0	0	0	0	0	0	0	0	0	0	0	0	0	0	0	0	0	0	12.攻擊力 - Attack	2048	11001	1	2011001	420	2.23	937	0.073
	2002	5000	平民布帽	10	6.李逵	01.帽子	04.白	00.無	(0) 無	03.商店購買	630	63	0		pc06_hat_0001			100	0	23	0	0	0	0	0	0	0	0	0	0	0	0	0	0	0	0	0	0	0	0	0	0	0	0	0	0	13.防禦力 - Defence	4096	21001	1	2021001	180	2.41	434	0.073
	2003	5000	平民布衣	10	6.李逵	02.上衣	04.白	00.無	(0) 無	03.商店購買	820	82	1		pc06_torso_0001			100	0	50	0	0	0	0	0	0	0	0	0	0	0	0	0	0	0	0	0	0	0	0	0	0	0	0	0	0	13.防禦力 - Defence	4096	21001	1	2021001	180	3.14	566	0.073
	2004	5000	平民草鞋	10	6.李逵	03.褲子	04.白	00.無	(0) 無	03.商店購買	720	72	2		pc06_pelvis_0001			100	0	29	0	0	0	0	0	0	0	0	0	0	0	0	0	0	0	0	0	0	0	0	0	0	0	0	0	0	13.防禦力 - Defence	4096	21001	1	2021001	180	2.76	497	0.073
	2005	5000	鐵斧頭	10	6.李逵	04.武器	04.白	00.無	(0) 無	03.商店購買	"1,360"	136	3		pc06_weapon_0001			100	96	0	0	0	0	0	0	0	0	0	0	0	0	0	0	0	0	0	0	0	0	0	0	0	0	0	0	0	12.攻擊力 - Attack	2048	11001	1	2011001	380	2.47	939	0.073
	2006	5000	傳統布帽	10	6.李逵	01.帽子	05.綠	00.無	(1) 智慧	07.怪物掉寶	630	32	0		pc06_hat_0001			100	0	27	0	0	0	4	0	0	0	0	0	0	0	0	0	0	0	0	0	0	0	0	0	0	0	0	0	0	13.防禦力 - Defence	4096	21001	2	2021001	190	2.29	436	0.073
	2007	5000	傳統布衣	10	6.李逵	02.上衣	05.綠	00.無	(1) 最大 HP	07.怪物掉寶	820	41	1		pc06_torso_0001			100	0	58	0	0	0	0	0	0	0	0	0	0	0	0	0	0	0	0	120	0	0	0	0	0	0	0	0	0	13.防禦力 - Defence	4096	21001	2	2021001	190	2.97	565	0.073
	2008	5000	傳統草鞋	10	6.李逵	03.褲子	05.綠	00.無	(1) 敏捷	07.怪物掉寶	720	36	2		pc06_pelvis_0001			100	0	34	0	4	0	0	0	0	0	0	0	0	0	0	0	0	0	0	0	0	0	0	0	0	0	0	0	0	13.防禦力 - Defence	4096	21001	2	2021001	190	2.61	496	0.073
	2009	5000	銅斧頭	10	6.李逵	04.武器	05.綠	00.無	(1) 體能	07.怪物掉寶	"1,360"	68	3		pc06_weapon_0001			100	119	0	0	0	6	0	0	0	0	0	0	0	0	0	0	0	0	0	0	0	0	0	0	0	0	0	0	0	12.攻擊力 - Attack	2048	11001	2	2011001	400	2.34	936	0.073
	2010	5000	高級布帽	10	6.李逵	01.帽子	06.藍	00.無	(2) 敏 / 智 平均	12.收集品交換	630	32	0		pc06_hat_0001			100	0	34	0	4	0	3	0	0	0	0	0	0	0	0	0	0	0	0	0	0	0	0	0	0	0	0	0	0	13.防禦力 - Defence	4096	21001	2	2021001	190	2.29	436	0.073
	2011	5000	高級布衣	10	6.李逵	02.上衣	06.藍	00.無	(2) HP / 敏	12.收集品交換	820	41	1		pc06_torso_0001			100	0	74	0	4	0	0	0	0	0	0	0	0	0	0	0	0	0	0	110	0	0	0	0	0	0	0	0	0	13.防禦力 - Defence	4096	21001	2	2021001	190	2.97	565	0.073
	2012	5000	高級草鞋	10	6.李逵	03.褲子	06.藍	00.無	(2) 敏 / 體 平均	12.收集品交換	720	36	2		pc06_pelvis_0001			100	0	43	0	4	5	0	0	0	0	0	0	0	0	0	0	0	0	0	0	0	0	0	0	0	0	0	0	0	13.防禦力 - Defence	4096	21001	2	2021001	190	2.61	496	0.073
	2013	5000	銀斧頭	10	6.李逵	04.武器	06.藍	00.無	(2) 體 / 智 平均	12.收集品交換	"1,360"	68	3		pc06_weapon_0001			100	146	0	0	0	5	3	0	0	0	0	0	0	0	0	0	0	0	0	0	0	0	0	0	0	0	0	0	0	12.攻擊力 - Attack	2048	11001	2	2011001	410	2.29	939	0.073
	2014	5000	迅雷帽	15	6.李逵	01.帽子	03.灰	00.無	(0) 無	07.怪物掉寶	"2,330"	117	0		pc06_hat_0010			100	0	26	0	0	0	0	0	0	0	0	0	0	0	0	0	0	0	0	0	0	0	0	0	0	0	0	0	0	13.防禦力 - Defence	4096	21001	1	2021001	200	4.24	848	0.138
	2015	5000	迅雷衣	15	6.李逵	02.上衣	03.灰	00.無	(0) 無	07.怪物掉寶	"3,000"	150	1		pc06_torso_0010			100	0	56	0	0	0	0	0	0	0	0	0	0	0	0	0	0	0	0	0	0	0	0	0	0	0	0	0	0	13.防禦力 - Defence	4096	21001	1	2021001	200	5.46	"1,092"	0.138
	2016	5000	迅雷鞋	15	6.李逵	03.褲子	03.灰	00.無	(0) 無	07.怪物掉寶	"2,660"	133	2		pc06_pelvis_0010			100	0	33	0	0	0	0	0	0	0	0	0	0	0	0	0	0	0	0	0	0	0	0	0	0	0	0	0	0	13.防禦力 - Defence	4096	21001	1	2021001	200	4.84	968	0.138
	2017	5000	迅雷斧頭	15	6.李逵	04.武器	03.灰	00.無	(0) 無	07.怪物掉寶	"4,990"	250	3		pc06_weapon_0010			100	111	0	0	0	0	0	0	0	0	0	0	0	0	0	0	0	0	0	0	0	0	0	0	0	0	0	0	0	12.攻擊力 - Attack	2048	11001	1	2011001	420	4.32	"1,815"	0.138
	2018	5000	迅雷帽	15	6.李逵	01.帽子	04.白	00.無	(0) 無	03.商店購買	"2,330"	233	0		pc06_hat_0010			100	0	33	0	0	0	0	0	0	0	0	0	0	0	0	0	0	0	0	0	0	0	0	0	0	0	0	0	0	13.防禦力 - Defence	4096	21001	1	2021001	180	4.71	848	0.138
	2019	5000	疾雷衣	15	6.李逵	02.上衣	04.白	00.無	(0) 無	03.商店購買	"3,000"	300	1		pc06_torso_0010			100	0	70	0	0	0	0	0	0	0	0	0	0	0	0	0	0	0	0	0	0	0	0	0	0	0	0	0	0	13.防禦力 - Defence	4096	21001	1	2021001	180	6.06	"1,091"	0.138
	2020	5000	疾雷鞋	15	6.李逵	03.褲子	04.白	00.無	(0) 無	03.商店購買	"2,660"	266	2		pc06_pelvis_0010			100	0	41	0	0	0	0	0	0	0	0	0	0	0	0	0	0	0	0	0	0	0	0	0	0	0	0	0	0	13.防禦力 - Defence	4096	21001	1	2021001	180	5.37	967	0.138
	2021	5000	疾雷斧頭	15	6.李逵	04.武器	04.白	00.無	(0) 無	03.商店購買	"4,990"	499	3		pc06_weapon_0010			100	139	0	0	0	0	0	0	0	0	0	0	0	0	0	0	0	0	0	0	0	0	0	0	0	0	0	0	0	12.攻擊力 - Attack	2048	11001	1	2011001	380	4.78	"1,817"	0.138
	2022	5000	雷鳴帽	15	6.李逵	01.帽子	05.綠	00.無	(1) 智慧	07.怪物掉寶	"2,330"	117	0		pc06_hat_0010			100	0	37	0	0	0	4	0	0	0	0	0	0	0	0	0	0	0	0	0	0	0	0	0	0	0	0	0	0	13.防禦力 - Defence	4096	21001	2	2021001	190	4.46	848	0.138
	2023	5000	雷鳴衣	15	6.李逵	02.上衣	05.綠	00.無	(1) 最大 HP	07.怪物掉寶	"3,000"	150	1		pc06_torso_0010			100	0	80	0	0	0	0	0	0	0	0	0	0	0	0	0	0	0	0	150	0	0	0	0	0	0	0	0	0	13.防禦力 - Defence	4096	21001	2	2021001	190	5.74	"1,091"	0.138
	2024	5000	雷鳴鞋	15	6.李逵	03.褲子	05.綠	00.無	(1) 敏捷	07.怪物掉寶	"2,660"	133	2		pc06_pelvis_0010			100	0	46	0	5	0	0	0	0	0	0	0	0	0	0	0	0	0	0	0	0	0	0	0	0	0	0	0	0	13.防禦力 - Defence	4096	21001	2	2021001	190	5.09	968	0.138
	2025	5000	雷鳴斧頭	15	6.李逵	04.武器	05.綠	00.無	(1) 體能	07.怪物掉寶	"4,990"	250	3		pc06_weapon_0010			100	166	0	0	0	7	0	0	0	0	0	0	0	0	0	0	0	0	0	0	0	0	0	0	0	0	0	0	0	12.攻擊力 - Attack	2048	11001	2	2011001	400	4.54	"1,816"	0.138
	2026	5000	爆雷帽	15	6.李逵	01.帽子	06.藍	00.無	(2) 敏 / 智 平均	12.收集品交換	"2,330"	117	0		pc06_hat_0010			100	0	46	0	5	0	4	0	0	0	0	0	0	0	0	0	0	0	0	0	0	0	0	0	0	0	0	0	0	13.防禦力 - Defence	4096	21001	2	2021001	190	4.46	848	0.138
	2027	5000	爆雷衣	15	6.李逵	02.上衣	06.藍	00.無	(2) HP / 敏	12.收集品交換	"3,000"	150	1		pc06_torso_0010			100	0	98	0	4	0	0	0	0	0	0	0	0	0	0	0	0	0	0	130	0	0	0	0	0	0	0	0	0	13.防禦力 - Defence	4096	21001	2	2021001	190	5.74	"1,091"	0.138
	2028	5000	爆雷鞋	15	6.李逵	03.褲子	06.藍	00.無	(2) 敏 / 體 平均	12.收集品交換	"2,660"	133	2		pc06_pelvis_0010			100	0	57	0	5	6	0	0	0	0	0	0	0	0	0	0	0	0	0	0	0	0	0	0	0	0	0	0	0	13.防禦力 - Defence	4096	21001	2	2021001	190	5.09	968	0.138
	2029	5000	爆雷斧頭	15	6.李逵	04.武器	06.藍	00.無	(2) 體 / 智 平均	12.收集品交換	"4,990"	250	3		pc06_weapon_0010			100	200	0	0	0	6	4	0	0	0	0	0	0	0	0	0	0	0	0	0	0	0	0	0	0	0	0	0	0	12.攻擊力 - Attack	2048	11001	2	2011001	410	4.43	"1,817"	0.138
	2030	5000	微電帽	20	6.李逵	01.帽子	03.灰	00.無	(0) 無	07.怪物掉寶	"8,540"	427	0		pc06_hat_0011			100	0	35	0	0	0	0	0	0	0	0	0	0	0	0	0	0	0	0	0	0	0	0	0	0	0	0	0	0	13.防禦力 - Defence	4096	21001	1	2021001	200	6.49	"1,298"	0.33
	2031	5000	微電衣	20	6.李逵	02.上衣	03.灰	00.無	(0) 無	07.怪物掉寶	"10,980"	549	1		pc06_torso_0011			100	0	75	0	0	0	0	0	0	0	0	0	0	0	0	0	0	0	0	0	0	0	0	0	0	0	0	0	0	13.防禦力 - Defence	4096	21001	1	2021001	200	8.34	"1,668"	0.33
	2032	5000	微電鞋	20	6.李逵	03.褲子	03.灰	00.無	(0) 無	07.怪物掉寶	"9,760"	488	2		pc06_pelvis_0011			100	0	43	0	0	0	0	0	0	0	0	0	0	0	0	0	0	0	0	0	0	0	0	0	0	0	0	0	0	13.防禦力 - Defence	4096	21001	1	2021001	200	7.41	"1,482"	0.33
	2033	5000	微電斧頭	20	6.李逵	04.武器	03.灰	00.無	(0) 無	07.怪物掉寶	"18,300"	915	3		pc06_weapon_0011			100	152	0	0	0	0	0	0	0	0	0	0	0	0	0	0	0	0	0	0	0	0	0	0	0	0	0	0	0	12.攻擊力 - Attack	2048	11001	1	2011001	420	6.62	"2,781"	0.33
	2034	5000	閃電帽	20	6.李逵	01.帽子	04.白	00.無	(0) 無	03.商店購買	"8,540"	854	0		pc06_hat_0011			100	0	43	0	0	0	0	0	0	0	0	0	0	0	0	0	0	0	0	0	0	0	0	0	0	0	0	0	0	13.防禦力 - Defence	4096	21001	1	2021001	180	7.21	"1,298"	0.33
	2035	5000	閃電衣	20	6.李逵	02.上衣	04.白	00.無	(0) 無	03.商店購買	"10,980"	"1,098"	1		pc06_torso_0011			100	0	93	0	0	0	0	0	0	0	0	0	0	0	0	0	0	0	0	0	0	0	0	0	0	0	0	0	0	13.防禦力 - Defence	4096	21001	1	2021001	180	9.27	"1,669"	0.33
	2036	5000	閃電鞋	20	6.李逵	03.褲子	04.白	00.無	(0) 無	03.商店購買	"9,760"	976	2		pc06_pelvis_0011			100	0	54	0	0	0	0	0	0	0	0	0	0	0	0	0	0	0	0	0	0	0	0	0	0	0	0	0	0	13.防禦力 - Defence	4096	21001	1	2021001	180	8.24	"1,484"	0.33
	2037	5000	閃電斧頭	20	6.李逵	04.武器	04.白	00.無	(0) 無	03.商店購買	"18,300"	"1,830"	3		pc06_weapon_0011			100	191	0	0	0	0	0	0	0	0	0	0	0	0	0	0	0	0	0	0	0	0	0	0	0	0	0	0	0	12.攻擊力 - Attack	2048	11001	1	2011001	380	7.32	"2,782"	0.33
	2038	5000	旭電帽	20	6.李逵	01.帽子	05.綠	00.無	(1) 智慧	07.怪物掉寶	"8,540"	427	0		pc06_hat_0011			100	0	48	0	0	0	5	0	0	0	0	0	0	0	0	0	0	0	0	0	0	0	0	0	0	0	0	0	0	13.防禦力 - Defence	4096	21001	2	2021001	190	6.83	"1,298"	0.33
	2039	5000	旭電衣	20	6.李逵	02.上衣	05.綠	00.無	(1) 最大 HP	07.怪物掉寶	"10,980"	549	1		pc06_torso_0011			100	0	103	0	0	0	0	0	0	0	0	0	0	0	0	0	0	0	0	170	0	0	0	0	0	0	0	0	0	13.防禦力 - Defence	4096	21001	2	2021001	190	8.78	"1,669"	0.33
	2040	5000	旭電鞋	20	6.李逵	03.褲子	05.綠	00.無	(1) 敏捷	07.怪物掉寶	"9,760"	488	2		pc06_pelvis_0011			100	0	60	0	6	0	0	0	0	0	0	0	0	0	0	0	0	0	0	0	0	0	0	0	0	0	0	0	0	13.防禦力 - Defence	4096	21001	2	2021001	190	7.8	"1,482"	0.33
	2041	5000	旭電斧頭	20	6.李逵	04.武器	05.綠	00.無	(1) 體能	07.怪物掉寶	"18,300"	915	3		pc06_weapon_0011			100	222	0	0	0	9	0	0	0	0	0	0	0	0	0	0	0	0	0	0	0	0	0	0	0	0	0	0	0	12.攻擊力 - Attack	2048	11001	2	2011001	400	6.95	"2,780"	0.33
	2042	5000	電擊王帽	20	6.李逵	01.帽子	06.藍	00.無	(2) 敏 / 智 平均	12.收集品交換	"8,540"	427	0		pc06_hat_0011			100	0	58	0	5	0	5	0	0	0	0	0	0	0	0	0	0	0	0	0	0	0	0	0	0	0	0	0	0	13.防禦力 - Defence	4096	21001	2	2021001	190	6.83	"1,298"	0.33
	2043	5000	電擊王衣	20	6.李逵	02.上衣	06.藍	00.無	(2) HP / 敏	12.收集品交換	"10,980"	549	1		pc06_torso_0011			100	0	124	0	5	0	0	0	0	0	0	0	0	0	0	0	0	0	0	160	0	0	0	0	0	0	0	0	0	13.防禦力 - Defence	4096	21001	2	2021001	190	8.78	"1,669"	0.33
	2044	5000	電擊王鞋	20	6.李逵	03.褲子	06.藍	00.無	(2) 敏 / 體 平均	12.收集品交換	"9,760"	488	2		pc06_pelvis_0011			100	0	72	0	5	8	0	0	0	0	0	0	0	0	0	0	0	0	0	0	0	0	0	0	0	0	0	0	0	13.防禦力 - Defence	4096	21001	2	2021001	190	7.8	"1,482"	0.33
	2045	5000	電擊王斧頭	20	6.李逵	04.武器	06.藍	00.無	(2) 體 / 智 平均	12.收集品交換	"18,300"	915	3		pc06_weapon_0011			100	265	0	0	0	8	5	0	0	0	0	0	0	0	0	0	0	0	0	0	0	0	0	0	0	0	0	0	0	12.攻擊力 - Attack	2048	11001	2	2011001	410	6.78	"2,780"	0.33
	2046	5000	風神帽	35	6.李逵	01.帽子	07.紫	00.無	(3) MP / 敏 / 智	07.怪物掉寶	"114,700"	"5,735"	0		pc06_hat_0012			100	0	118	0	7	0	6	0	0	0	0	0	0	0	0	0	0	0	0	0	320	0	0	0	0	0	0	0	0	13.防禦力 - Defence	4096	21001	3	4021001	200	11.78	"2,356"	2.434
	2047	5000	風神衣	35	6.李逵	02.上衣	07.紫	00.無	(3) HP / 敏 / 智	07.怪物掉寶	"147,400"	"7,370"	1		pc06_torso_0012			100	0	253	0	7	0	6	0	0	0	0	0	0	0	0	0	0	0	0	200	0	0	0	0	0	0	0	0	0	13.防禦力 - Defence	4096	21001	3	4021001	200	15.14	"3,028"	2.434
	2048	5000	風神鞋	35	6.李逵	03.褲子	07.紫	00.無	(3) MP / 敏 / 體	07.怪物掉寶	"131,000"	"6,550"	2		pc06_pelvis_0012			100	0	147	0	7	10	0	0	0	0	0	0	0	0	0	0	0	0	0	0	160	0	0	0	0	0	0	0	0	13.防禦力 - Defence	4096	21001	3	4021001	200	13.46	"2,692"	2.434
	2049	5000	風神斧頭	35	6.李逵	04.武器	07.紫	00.無	(3) HP / 體 / 智	07.怪物掉寶	"245,700"	"12,285"	3		pc06_weapon_0012			100	652	0	0	0	10	6	0	0	0	0	0	0	0	0	0	0	0	0	100	0	0	0	0	0	0	0	0	0	12.攻擊力 - Attack	2048	11001	3	4011001	420	12.02	"5,049"	2.434
	2050	5000	黑牛帽	25	6.李逵	01.帽子	03.灰	00.無	(0) 無	07.怪物掉寶	"24,600"	"1,230"	0		pc06_hat_0020			100	0	44	0	0	0	0	0	0	0	0	0	0	0	0	0	0	0	0	0	0	0	0	0	0	0	0	0	0	13.防禦力 - Defence	4096	21001	1	4021001	200	7.45	"1,490"	0.826
	2051	5000	黑牛衣	25	6.李逵	02.上衣	03.灰	00.無	(0) 無	07.怪物掉寶	"31,600"	"1,580"	1		pc06_torso_0020			100	0	95	0	0	0	0	0	0	0	0	0	0	0	0	0	0	0	0	0	0	0	0	0	0	0	0	0	0	13.防禦力 - Defence	4096	21001	1	4021001	200	9.57	"1,914"	0.826
	2052	5000	黑牛鞋	25	6.李逵	03.褲子	03.灰	00.無	(0) 無	07.怪物掉寶	"28,100"	"1,405"	2		pc06_pelvis_0020			100	0	55	0	0	0	0	0	0	0	0	0	0	0	0	0	0	0	0	0	0	0	0	0	0	0	0	0	0	13.防禦力 - Defence	4096	21001	1	4021001	200	8.51	"1,702"	0.826
	2053	5000	黑牛斧頭	25	6.李逵	04.武器	03.灰	00.無	(0) 無	07.怪物掉寶	"52,600"	"2,630"	3		pc06_weapon_0020			100	202	0	0	0	0	0	0	0	0	0	0	0	0	0	0	0	0	0	0	0	0	0	0	0	0	0	0	0	12.攻擊力 - Attack	2048	11001	1	4011001	420	7.58	"3,184"	0.826
	2054	5000	蠻牛帽	25	6.李逵	01.帽子	04.白	00.無	(0) 無	03.商店購買	"24,600"	"2,460"	0		pc06_hat_0020			100	0	55	0	0	0	0	0	0	0	0	0	0	0	0	0	0	0	0	0	0	0	0	0	0	0	0	0	0	13.防禦力 - Defence	4096	21001	1	4021001	180	8.27	"1,489"	0.826
	2055	5000	蠻牛衣	25	6.李逵	02.上衣	04.白	00.無	(0) 無	03.商店購買	"31,600"	"3,160"	1		pc06_torso_0020			100	0	119	0	0	0	0	0	0	0	0	0	0	0	0	0	0	0	0	0	0	0	0	0	0	0	0	0	0	13.防禦力 - Defence	4096	21001	1	4021001	180	10.63	"1,914"	0.826
	2056	5000	蠻牛鞋	25	6.李逵	03.褲子	04.白	00.無	(0) 無	03.商店購買	"28,100"	"2,810"	2		pc06_pelvis_0020			100	0	69	0	0	0	0	0	0	0	0	0	0	0	0	0	0	0	0	0	0	0	0	0	0	0	0	0	0	13.防禦力 - Defence	4096	21001	1	4021001	180	9.45	"1,701"	0.826
	2057	5000	蠻牛斧頭	25	6.李逵	04.武器	04.白	00.無	(0) 無	03.商店購買	"52,600"	"5,260"	3		pc06_weapon_0020			100	252	0	0	0	0	0	0	0	0	0	0	0	0	0	0	0	0	0	0	0	0	0	0	0	0	0	0	0	12.攻擊力 - Attack	2048	11001	1	4011001	380	8.38	"3,185"	0.826
	2058	5000	猛牛帽	25	6.李逵	01.帽子	05.綠	00.無	(1) 智慧	07.怪物掉寶	"24,600"	"1,230"	0		pc06_hat_0020			100	0	60	0	0	0	6	0	0	0	0	0	0	0	0	0	0	0	0	0	0	0	0	0	0	0	0	0	0	13.防禦力 - Defence	4096	21001	2	4021001	190	7.84	"1,490"	0.826
	2059	5000	猛牛衣	25	6.李逵	02.上衣	05.綠	00.無	(1) 最大 HP	07.怪物掉寶	"31,600"	"1,580"	1		pc06_torso_0020			100	0	129	0	0	0	0	0	0	0	0	0	0	0	0	0	0	0	0	200	0	0	0	0	0	0	0	0	0	13.防禦力 - Defence	4096	21001	2	4021001	190	10.07	"1,914"	0.826
	2060	5000	猛牛鞋	25	6.李逵	03.褲子	05.綠	00.無	(1) 敏捷	07.怪物掉寶	"28,100"	"1,405"	2		pc06_pelvis_0020			100	0	75	0	7	0	0	0	0	0	0	0	0	0	0	0	0	0	0	0	0	0	0	0	0	0	0	0	0	13.防禦力 - Defence	4096	21001	2	4021001	190	8.95	"1,701"	0.826
	2061	5000	猛牛全套	25	6.李逵	04.武器	05.綠	00.無	(1) 體能	07.怪物掉寶	"52,600"	"2,630"	3		pc06_weapon_0020			100	288	0	0	0	10	0	0	0	0	0	0	0	0	0	0	0	0	0	0	0	0	0	0	0	0	0	0	0	12.攻擊力 - Attack	2048	11001	2	4011001	400	7.96	"3,184"	0.826
	2062	5000	狂牛帽	25	6.李逵	01.帽子	06.藍	00.無	(2) 敏 / 智 平均	12.收集品交換	"24,600"	"1,230"	0		pc06_hat_0020			100	0	71	0	6	0	5	0	0	0	0	0	0	0	0	0	0	0	0	0	0	0	0	0	0	0	0	0	0	13.防禦力 - Defence	4096	21001	2	4021001	190	7.84	"1,490"	0.826
	2063	5000	狂牛衣	25	6.李逵	02.上衣	06.藍	00.無	(2) HP / 敏	12.收集品交換	"31,600"	"1,580"	1		pc06_torso_0020			100	0	154	0	6	0	0	0	0	0	0	0	0	0	0	0	0	0	0	180	0	0	0	0	0	0	0	0	0	13.防禦力 - Defence	4096	21001	2	4021001	190	10.07	"1,914"	0.826
	2064	5000	狂牛鞋	25	6.李逵	03.褲子	06.藍	00.無	(2) 敏 / 體 平均	12.收集品交換	"28,100"	"1,405"	2		pc06_pelvis_0020			100	0	89	0	6	9	0	0	0	0	0	0	0	0	0	0	0	0	0	0	0	0	0	0	0	0	0	0	0	13.防禦力 - Defence	4096	21001	2	4021001	190	8.95	"1,701"	0.826
	2065	5000	狂牛斧頭	25	6.李逵	04.武器	06.藍	00.無	(2) 體 / 智 平均	12.收集品交換	"52,600"	"2,630"	3		pc06_weapon_0020			100	341	0	0	0	9	5	0	0	0	0	0	0	0	0	0	0	0	0	0	0	0	0	0	0	0	0	0	0	12.攻擊力 - Attack	2048	11001	2	4011001	410	7.77	"3,186"	0.826
	2066	5000	尖角帽	30	6.李逵	01.帽子	03.灰	00.無	(0) 無	07.怪物掉寶	"56,300"	"2,815"	0		pc06_hat_0021			100	0	54	0	0	0	0	0	0	0	0	0	0	0	0	0	0	0	0	0	0	0	0	0	0	0	0	0	0	13.防禦力 - Defence	4096	21001	1	4021001	200	8.49	"1,698"	1.658
	2067	5000	尖角袍	30	6.李逵	02.上衣	03.灰	00.無	(0) 無	07.怪物掉寶	"72,400"	"3,620"	1		pc06_torso_0021			100	0	117	0	0	0	0	0	0	0	0	0	0	0	0	0	0	0	0	0	0	0	0	0	0	0	0	0	0	13.防禦力 - Defence	4096	21001	1	4021001	200	10.92	"2,184"	1.658
	2068	5000	尖角鞋	30	6.李逵	03.褲子	03.灰	00.無	(0) 無	07.怪物掉寶	"64,400"	"3,220"	2		pc06_pelvis_0021			100	0	68	0	0	0	0	0	0	0	0	0	0	0	0	0	0	0	0	0	0	0	0	0	0	0	0	0	0	13.防禦力 - Defence	4096	21001	1	4021001	200	9.71	"1,942"	1.658
	2069	5000	尖角斧頭	30	6.李逵	04.武器	03.灰	00.無	(0) 無	07.怪物掉寶	"120,700"	"6,035"	3		pc06_weapon_0021			100	260	0	0	0	0	0	0	0	0	0	0	0	0	0	0	0	0	0	0	0	0	0	0	0	0	0	0	0	12.攻擊力 - Attack	2048	11001	1	4011001	420	8.67	"3,642"	1.658
	2070	5000	銳棘帽	30	6.李逵	01.帽子	04.白	00.無	(0) 無	03.商店購買	"56,300"	"5,630"	0		pc06_hat_0021			100	0	68	0	0	0	0	0	0	0	0	0	0	0	0	0	0	0	0	0	0	0	0	0	0	0	0	0	0	13.防禦力 - Defence	4096	21001	1	4021001	180	9.43	"1,698"	1.658
	2071	5000	銳棘衣	30	6.李逵	02.上衣	04.白	00.無	(0) 無	03.商店購買	"72,400"	"7,240"	1		pc06_torso_0021			100	0	146	0	0	0	0	0	0	0	0	0	0	0	0	0	0	0	0	0	0	0	0	0	0	0	0	0	0	13.防禦力 - Defence	4096	21001	1	4021001	180	12.13	"2,184"	1.658
	2072	5000	銳棘鞋	30	6.李逵	03.褲子	04.白	00.無	(0) 無	03.商店購買	"64,400"	"6,440"	2		pc06_pelvis_0021			100	0	85	0	0	0	0	0	0	0	0	0	0	0	0	0	0	0	0	0	0	0	0	0	0	0	0	0	0	13.防禦力 - Defence	4096	21001	1	4021001	180	10.79	"1,943"	1.658
	2073	5000	銳棘斧頭	30	6.李逵	04.武器	04.白	00.無	(0) 無	03.商店購買	"120,700"	"12,070"	3		pc06_weapon_0021			100	325	0	0	0	0	0	0	0	0	0	0	0	0	0	0	0	0	0	0	0	0	0	0	0	0	0	0	0	12.攻擊力 - Attack	2048	11001	1	4011001	380	9.58	"3,641"	1.658
	2074	5000	斑混帽	30	6.李逵	01.帽子	05.綠	00.無	(1) 智慧	07.怪物掉寶	"56,300"	"2,815"	0		pc06_hat_0021			100	0	73	0	0	0	7	0	0	0	0	0	0	0	0	0	0	0	0	0	0	0	0	0	0	0	0	0	0	13.防禦力 - Defence	4096	21001	2	4021001	190	8.94	"1,699"	1.658
	2075	5000	斑混衣	30	6.李逵	02.上衣	05.綠	00.無	(1) 最大 HP	07.怪物掉寶	"72,400"	"3,620"	1		pc06_torso_0021			100	0	156	0	0	0	0	0	0	0	0	0	0	0	0	0	0	0	0	230	0	0	0	0	0	0	0	0	0	13.防禦力 - Defence	4096	21001	2	4021001	190	11.49	"2,184"	1.658
	2076	5000	斑混鞋	30	6.李逵	03.褲子	05.綠	00.無	(1) 敏捷	07.怪物掉寶	"64,400"	"3,220"	2		pc06_pelvis_0021			100	0	91	0	8	0	0	0	0	0	0	0	0	0	0	0	0	0	0	0	0	0	0	0	0	0	0	0	0	13.防禦力 - Defence	4096	21001	2	4021001	190	10.22	"1,942"	1.658
	2077	5000	斑混斧頭	30	6.李逵	04.武器	05.綠	00.無	(1) 體能	07.怪物掉寶	"120,700"	"6,035"	3		pc06_weapon_0021			100	367	0	0	0	11	0	0	0	0	0	0	0	0	0	0	0	0	0	0	0	0	0	0	0	0	0	0	0	12.攻擊力 - Attack	2048	11001	2	4011001	400	9.1	"3,640"	1.658
	2078	5000	刺鋒帽	30	6.李逵	01.帽子	06.藍	00.無	(2) 敏 / 智 平均	12.收集品交換	"56,300"	"2,815"	0		pc06_hat_0021			100	0	86	0	7	0	6	0	0	0	0	0	0	0	0	0	0	0	0	0	0	0	0	0	0	0	0	0	0	13.防禦力 - Defence	4096	21001	2	4021001	190	8.94	"1,699"	1.658
	2079	5000	刺鋒衣	30	6.李逵	02.上衣	06.藍	00.無	(2) HP / 敏	12.收集品交換	"72,400"	"3,620"	1		pc06_torso_0021			100	0	185	0	7	0	0	0	0	0	0	0	0	0	0	0	0	0	0	200	0	0	0	0	0	0	0	0	0	13.防禦力 - Defence	4096	21001	2	4021001	190	11.49	"2,184"	1.658
	2080	5000	刺鋒鞋	30	6.李逵	03.褲子	06.藍	00.無	(2) 敏 / 體 平均	12.收集品交換	"64,400"	"3,220"	2		pc06_pelvis_0021			100	0	108	0	7	10	0	0	0	0	0	0	0	0	0	0	0	0	0	0	0	0	0	0	0	0	0	0	0	13.防禦力 - Defence	4096	21001	2	4021001	190	10.22	"1,942"	1.658
	2081	5000	刺鋒斧頭	30	6.李逵	04.武器	06.藍	00.無	(2) 體 / 智 平均	12.收集品交換	"120,700"	"6,035"	3		pc06_weapon_0021			100	430	0	0	0	10	6	0	0	0	0	0	0	0	0	0	0	0	0	0	0	0	0	0	0	0	0	0	0	12.攻擊力 - Attack	2048	11001	2	4011001	410	8.88	"3,641"	1.658
	2082	5000	黃虎帽	35	6.李逵	01.帽子	03.灰	00.無	(0) 無	07.怪物掉寶	"114,700"	"5,735"	0		pc06_hat_0030			100	0	66	0	0	0	0	0	0	0	0	0	0	0	0	0	0	0	0	0	0	0	0	0	0	0	0	0	0	13.防禦力 - Defence	4096	21001	1	4021001	200	11.78	"2,356"	2.434
	2083	5000	黃虎衣	35	6.李逵	02.上衣	03.灰	00.無	(0) 無	07.怪物掉寶	"147,400"	"7,370"	1		pc06_torso_0030			100	0	141	0	0	0	0	0	0	0	0	0	0	0	0	0	0	0	0	0	0	0	0	0	0	0	0	0	0	13.防禦力 - Defence	4096	21001	1	4021001	200	15.14	"3,028"	2.434
	2084	5000	黃虎鞋	35	6.李逵	03.褲子	03.灰	00.無	(0) 無	07.怪物掉寶	"131,000"	"6,550"	2		pc06_pelvis_0030			100	0	82	0	0	0	0	0	0	0	0	0	0	0	0	0	0	0	0	0	0	0	0	0	0	0	0	0	0	13.防禦力 - Defence	4096	21001	1	4021001	200	13.46	"2,692"	2.434
	2085	5000	黃虎斧頭	35	6.李逵	04.武器	03.灰	00.無	(0) 無	07.怪物掉寶	"245,700"	"12,285"	3		pc06_weapon_0030			100	327	0	0	0	0	0	0	0	0	0	0	0	0	0	0	0	0	0	0	0	0	0	0	0	0	0	0	0	12.攻擊力 - Attack	2048	11001	1	4011001	420	12.02	"5,049"	2.434
	2086	5000	猛虎帽	35	6.李逵	01.帽子	04.白	00.無	(0) 無	03.商店購買	"114,700"	"11,470"	0		pc06_hat_0030			100	0	82	0	0	0	0	0	0	0	0	0	0	0	0	0	0	0	0	0	0	0	0	0	0	0	0	0	0	13.防禦力 - Defence	4096	21001	1	4021001	180	13.09	"2,357"	2.434
	2087	5000	猛虎衣	35	6.李逵	02.上衣	04.白	00.無	(0) 無	03.商店購買	"147,400"	"14,740"	1		pc06_torso_0030			100	0	176	0	0	0	0	0	0	0	0	0	0	0	0	0	0	0	0	0	0	0	0	0	0	0	0	0	0	13.防禦力 - Defence	4096	21001	1	4021001	180	16.83	"3,030"	2.434
	2088	5000	猛虎鞋	35	6.李逵	03.褲子	04.白	00.無	(0) 無	03.商店購買	"131,000"	"13,100"	2		pc06_pelvis_0030			100	0	103	0	0	0	0	0	0	0	0	0	0	0	0	0	0	0	0	0	0	0	0	0	0	0	0	0	0	13.防禦力 - Defence	4096	21001	1	4021001	180	14.95	"2,691"	2.434
	2089	5000	猛虎斧頭	35	6.李逵	04.武器	04.白	00.無	(0) 無	03.商店購買	"245,700"	"24,570"	3		pc06_weapon_0030			100	409	0	0	0	0	0	0	0	0	0	0	0	0	0	0	0	0	0	0	0	0	0	0	0	0	0	0	0	12.攻擊力 - Attack	2048	11001	1	4011001	380	13.29	"5,051"	2.434
	2090	5000	戰虎帽	35	6.李逵	01.帽子	05.綠	00.無	(1) 智慧	07.怪物掉寶	"114,700"	"5,735"	0		pc06_hat_0030			100	0	86	0	0	0	8	0	0	0	0	0	0	0	0	0	0	0	0	0	0	0	0	0	0	0	0	0	0	13.防禦力 - Defence	4096	21001	2	4021001	190	12.4	"2,356"	2.434
	2091	5000	戰虎衣	35	6.李逵	02.上衣	05.綠	00.無	(1) 最大 HP	07.怪物掉寶	"147,400"	"7,370"	1		pc06_torso_0030			100	0	186	0	0	0	0	0	0	0	0	0	0	0	0	0	0	0	0	260	0	0	0	0	0	0	0	0	0	13.防禦力 - Defence	4096	21001	2	4021001	190	15.94	"3,029"	2.434
	2092	5000	戰虎鞋	35	6.李逵	03.褲子	05.綠	00.無	(1) 敏捷	07.怪物掉寶	"131,000"	"6,550"	2		pc06_pelvis_0030			100	0	108	0	9	0	0	0	0	0	0	0	0	0	0	0	0	0	0	0	0	0	0	0	0	0	0	0	0	13.防禦力 - Defence	4096	21001	2	4021001	190	14.17	"2,693"	2.434
	2093	5000	戰虎斧頭	35	6.李逵	04.武器	05.綠	00.無	(1) 體能	07.怪物掉寶	"245,700"	"12,285"	3		pc06_weapon_0030			100	459	0	0	0	13	0	0	0	0	0	0	0	0	0	0	0	0	0	0	0	0	0	0	0	0	0	0	0	12.攻擊力 - Attack	2048	11001	2	4011001	400	12.62	"5,048"	2.434
	2094	5000	虎王帽	35	6.李逵	01.帽子	06.藍	00.無	(2) 敏 / 智 平均	12.收集品交換	"114,700"	"5,735"	0		pc06_hat_0030			100	0	102	0	8	0	7	0	0	0	0	0	0	0	0	0	0	0	0	0	0	0	0	0	0	0	0	0	0	13.防禦力 - Defence	4096	21001	2	4021001	190	12.4	"2,356"	2.434
	2095	5000	虎王衣	35	6.李逵	02.上衣	06.藍	00.無	(2) HP / 敏	12.收集品交換	"147,400"	"7,370"	1		pc06_torso_0030			100	0	218	0	7	0	0	0	0	0	0	0	0	0	0	0	0	0	0	230	0	0	0	0	0	0	0	0	0	13.防禦力 - Defence	4096	21001	2	4021001	190	15.94	"3,029"	2.434
	2096	5000	虎王鞋	35	6.李逵	03.褲子	06.藍	00.無	(2) 敏 / 體 平均	12.收集品交換	"131,000"	"6,550"	2		pc06_pelvis_0030			100	0	127	0	8	11	0	0	0	0	0	0	0	0	0	0	0	0	0	0	0	0	0	0	0	0	0	0	0	13.防禦力 - Defence	4096	21001	2	4021001	190	14.17	"2,693"	2.434
	2097	5000	虎王斧頭	35	6.李逵	04.武器	06.藍	00.無	(2) 體 / 智 平均	12.收集品交換	"245,700"	"12,285"	3		pc06_weapon_0030			100	533	0	0	0	11	7	0	0	0	0	0	0	0	0	0	0	0	0	0	0	0	0	0	0	0	0	0	0	12.攻擊力 - Attack	2048	11001	2	4011001	410	12.31	"5,048"	2.434
	2098	5000	飛虎帽	40	6.李逵	01.帽子	03.灰	00.無	(0) 無	07.怪物掉寶	"211,200"	"10,560"	0		pc06_hat_0031			100	0	77	0	0	0	0	0	0	0	0	0	0	0	0	0	0	0	0	0	0	0	0	0	0	0	0	0	0	13.防禦力 - Defence	4096	21001	1	4021001	200	16.05	"3,210"	3.29
	2099	5000	飛虎衣	40	6.李逵	02.上衣	03.灰	00.無	(0) 無	07.怪物掉寶	"271,500"	"13,575"	1		pc06_torso_0031			100	0	166	0	0	0	0	0	0	0	0	0	0	0	0	0	0	0	0	0	0	0	0	0	0	0	0	0	0	13.防禦力 - Defence	4096	21001	1	4021001	200	20.64	"4,128"	3.29
	2100	5000	飛虎鞋	40	6.李逵	03.褲子	03.灰	00.無	(0) 無	07.怪物掉寶	"241,300"	"12,065"	2		pc06_pelvis_0031			100	0	97	0	0	0	0	0	0	0	0	0	0	0	0	0	0	0	0	0	0	0	0	0	0	0	0	0	0	13.防禦力 - Defence	4096	21001	1	4021001	200	18.34	"3,668"	3.29
	2101	5000	飛虎斧頭	40	6.李逵	04.武器	03.灰	00.無	(0) 無	07.怪物掉寶	"452,500"	"22,625"	3		pc06_weapon_0031			100	406	0	0	0	0	0	0	0	0	0	0	0	0	0	0	0	0	0	0	0	0	0	0	0	0	0	0	0	12.攻擊力 - Attack	2048	11001	1	4011001	420	16.38	"6,880"	3.29
	2102	5000	降虎帽	40	6.李逵	01.帽子	04.白	00.無	(0) 無	03.商店購買	"211,200"	"21,120"	0		pc06_hat_0031			100	0	97	0	0	0	0	0	0	0	0	0	0	0	0	0	0	0	0	0	0	0	0	0	0	0	0	0	0	13.防禦力 - Defence	4096	21001	1	4021001	180	17.84	"3,212"	3.29
	2103	5000	降虎衣	40	6.李逵	02.上衣	04.白	00.無	(0) 無	03.商店購買	"271,500"	"27,150"	1		pc06_torso_0031			100	0	208	0	0	0	0	0	0	0	0	0	0	0	0	0	0	0	0	0	0	0	0	0	0	0	0	0	0	13.防禦力 - Defence	4096	21001	1	4021001	180	22.93	"4,128"	3.29
	2104	5000	降虎鞋	40	6.李逵	03.褲子	04.白	00.無	(0) 無	03.商店購買	"241,300"	"24,130"	2		pc06_pelvis_0031			100	0	121	0	0	0	0	0	0	0	0	0	0	0	0	0	0	0	0	0	0	0	0	0	0	0	0	0	0	13.防禦力 - Defence	4096	21001	1	4021001	180	20.38	"3,669"	3.29
	2105	5000	降虎斧頭	40	6.李逵	04.武器	04.白	00.無	(0) 無	03.商店購買	"452,500"	"45,250"	3		pc06_weapon_0031			100	507	0	0	0	0	0	0	0	0	0	0	0	0	0	0	0	0	0	0	0	0	0	0	0	0	0	0	0	12.攻擊力 - Attack	2048	11001	1	4011001	380	18.1	"6,878"	3.29
	2106	5000	霸虎帽	40	6.李逵	01.帽子	05.綠	00.無	(1) 智慧	07.怪物掉寶	"211,200"	"10,560"	0		pc06_hat_0031			100	0	100	0	0	0	9	0	0	0	0	0	0	0	0	0	0	0	0	0	0	0	0	0	0	0	0	0	0	13.防禦力 - Defence	4096	21001	2	4021001	190	16.9	"3,211"	3.29
	2107	5000	霸虎衣	40	6.李逵	02.上衣	05.綠	00.無	(1) 最大 HP	07.怪物掉寶	"271,500"	"13,575"	1		pc06_torso_0031			100	0	216	0	0	0	0	0	0	0	0	0	0	0	0	0	0	0	0	280	0	0	0	0	0	0	0	0	0	13.防禦力 - Defence	4096	21001	2	4021001	190	21.72	"4,127"	3.29
	2108	5000	霸虎鞋	40	6.李逵	03.褲子	05.綠	00.無	(1) 敏捷	07.怪物掉寶	"241,300"	"12,065"	2		pc06_pelvis_0031			100	0	125	0	10	0	0	0	0	0	0	0	0	0	0	0	0	0	0	0	0	0	0	0	0	0	0	0	0	13.防禦力 - Defence	4096	21001	2	4021001	190	19.31	"3,669"	3.29
	2109	5000	霸虎斧頭	40	6.李逵	04.武器	05.綠	00.無	(1) 體能	07.怪物掉寶	"452,500"	"22,625"	3		pc06_weapon_0031			100	564	0	0	0	14	0	0	0	0	0	0	0	0	0	0	0	0	0	0	0	0	0	0	0	0	0	0	0	12.攻擊力 - Attack	2048	11001	2	4011001	400	17.2	"6,880"	3.29
	2110	5000	神寅帽	40	6.李逵	01.帽子	06.藍	00.無	(2) 敏 / 智 平均	12.收集品交換	"211,200"	"10,560"	0		pc06_hat_0031			100	0	118	0	9	0	8	0	0	0	0	0	0	0	0	0	0	0	0	0	0	0	0	0	0	0	0	0	0	13.防禦力 - Defence	4096	21001	2	4021001	190	16.9	"3,211"	3.29
	2111	5000	神寅衣	40	6.李逵	02.上衣	06.藍	00.無	(2) HP / 敏	12.收集品交換	"271,500"	"13,575"	1		pc06_torso_0031			100	0	253	0	8	0	0	0	0	0	0	0	0	0	0	0	0	0	0	250	0	0	0	0	0	0	0	0	0	13.防禦力 - Defence	4096	21001	2	4021001	190	21.72	"4,127"	3.29
	2112	5000	神寅鞋	40	6.李逵	03.褲子	06.藍	00.無	(2) 敏 / 體 平均	12.收集品交換	"241,300"	"12,065"	2		pc06_pelvis_0031			100	0	147	0	9	12	0	0	0	0	0	0	0	0	0	0	0	0	0	0	0	0	0	0	0	0	0	0	0	13.防禦力 - Defence	4096	21001	2	4021001	190	19.31	"3,669"	3.29
	2113	5000	神寅斧頭	40	6.李逵	04.武器	06.藍	00.無	(2) 體 / 智 平均	12.收集品交換	"452,500"	"22,625"	3		pc06_weapon_0031			100	652	0	0	0	12	8	0	0	0	0	0	0	0	0	0	0	0	0	0	0	0	0	0	0	0	0	0	0	12.攻擊力 - Attack	2048	11001	2	4011001	410	16.78	"6,880"	3.29
	2114	5000	戰牛頭盔	45	6.李逵	01.帽子	07.紫	00.無	(3) MP / 敏 / 智	07.怪物掉寶	"363,000"	"18,150"	0		pc06_hat_0032			100	0	152	0	9	0	7	0	0	0	0	0	0	0	0	0	0	0	0	0	380	0	0	0	0	0	0	0	0	13.防禦力 - Defence	4096	21001	3	6021001	200	21.3	"4,260"	4.261
	2115	5000	戰牛皮衣	45	6.李逵	02.上衣	07.紫	00.無	(3) HP / 敏 / 智	07.怪物掉寶	"467,000"	"23,350"	1		pc06_torso_0032			100	0	326	0	9	0	7	0	0	0	0	0	0	0	0	0	0	0	0	240	0	0	0	0	0	0	0	0	0	13.防禦力 - Defence	4096	21001	3	6021001	200	27.4	"5,480"	4.261
	2116	5000	戰牛鐵鞋	45	6.李逵	03.褲子	07.紫	00.無	(3) MP / 敏 / 體	07.怪物掉寶	"415,000"	"20,750"	2		pc06_pelvis_0032			100	0	189	0	9	12	0	0	0	0	0	0	0	0	0	0	0	0	0	0	190	0	0	0	0	0	0	0	0	13.防禦力 - Defence	4096	21001	3	6021001	200	24.35	"4,870"	4.261
	2117	5000	戰牛斧頭	45	6.李逵	04.武器	07.紫	00.無	(3) HP / 體 / 智	07.怪物掉寶	"778,000"	"38,900"	3		pc06_weapon_0032			100	950	0	0	0	12	7	0	0	0	0	0	0	0	0	0	0	0	0	120	0	0	0	0	0	0	0	0	0	12.攻擊力 - Attack	2048	11001	3	6011001	420	21.74	"9,131"	4.261
	2118	5000	霧隱帽	45	6.李逵	01.帽子	03.灰	00.無	(0) 無	07.怪物掉寶	"363,000"	"18,150"	0		pc06_hat_0040			100	0	90	0	0	0	0	0	0	0	0	0	0	0	0	0	0	0	0	0	0	0	0	0	0	0	0	0	0	13.防禦力 - Defence	4096	21001	1	6021001	200	21.3	"4,260"	4.261
	2119	5000	霧隱衣	45	6.李逵	02.上衣	03.灰	00.無	(0) 無	07.怪物掉寶	"467,000"	"23,350"	1		pc06_torso_0040			100	0	193	0	0	0	0	0	0	0	0	0	0	0	0	0	0	0	0	0	0	0	0	0	0	0	0	0	0	13.防禦力 - Defence	4096	21001	1	6021001	200	27.4	"5,480"	4.261
	2120	5000	霧隱鞋	45	6.李逵	03.褲子	03.灰	00.無	(0) 無	07.怪物掉寶	"415,000"	"20,750"	2		pc06_pelvis_0040			100	0	112	0	0	0	0	0	0	0	0	0	0	0	0	0	0	0	0	0	0	0	0	0	0	0	0	0	0	13.防禦力 - Defence	4096	21001	1	6021001	200	24.35	"4,870"	4.261
	2121	5000	霧隱斧頭	45	6.李逵	04.武器	03.灰	00.無	(0) 無	07.怪物掉寶	"778,000"	"38,900"	3		pc06_weapon_0040			100	497	0	0	0	0	0	0	0	0	0	0	0	0	0	0	0	0	0	0	0	0	0	0	0	0	0	0	0	12.攻擊力 - Attack	2048	11001	1	6011001	420	21.74	"9,131"	4.261
	2122	5000	烈爪帽	45	6.李逵	01.帽子	04.白	00.無	(0) 無	03.商店購買	"363,000"	"36,300"	0		pc06_hat_0040			100	0	112	0	0	0	0	0	0	0	0	0	0	0	0	0	0	0	0	0	0	0	0	0	0	0	0	0	0	13.防禦力 - Defence	4096	21001	1	6021001	180	23.66	"4,259"	4.261
	2123	5000	烈爪衣	45	6.李逵	02.上衣	04.白	00.無	(0) 無	03.商店購買	"467,000"	"46,700"	1		pc06_torso_0040			100	0	241	0	0	0	0	0	0	0	0	0	0	0	0	0	0	0	0	0	0	0	0	0	0	0	0	0	0	13.防禦力 - Defence	4096	21001	1	6021001	180	30.44	"5,480"	4.261
	2124	5000	烈爪鞋	45	6.李逵	03.褲子	04.白	00.無	(0) 無	03.商店購買	"415,000"	"41,500"	2		pc06_pelvis_0040			100	0	140	0	0	0	0	0	0	0	0	0	0	0	0	0	0	0	0	0	0	0	0	0	0	0	0	0	0	13.防禦力 - Defence	4096	21001	1	6021001	180	27.05	"4,869"	4.261
	2125	5000	烈爪斧頭	45	6.李逵	04.武器	04.白	00.無	(0) 無	03.商店購買	"778,000"	"77,800"	3		pc06_weapon_0040			100	621	0	0	0	0	0	0	0	0	0	0	0	0	0	0	0	0	0	0	0	0	0	0	0	0	0	0	0	12.攻擊力 - Attack	2048	11001	1	6011001	380	24.02	"9,128"	4.261
	2126	5000	形遁帽	45	6.李逵	01.帽子	05.綠	00.無	(1) 智慧	07.怪物掉寶	"363,000"	"18,150"	0		pc06_hat_0040			100	0	115	0	0	0	9	0	0	0	0	0	0	0	0	0	0	0	0	0	0	0	0	0	0	0	0	0	0	13.防禦力 - Defence	4096	21001	2	6021001	190	22.42	"4,260"	4.261
	2127	5000	形遁衣	45	6.李逵	02.上衣	05.綠	00.無	(1) 最大 HP	07.怪物掉寶	"467,000"	"23,350"	1		pc06_torso_0040			100	0	248	0	0	0	0	0	0	0	0	0	0	0	0	0	0	0	0	310	0	0	0	0	0	0	0	0	0	13.防禦力 - Defence	4096	21001	2	6021001	190	28.84	"5,480"	4.261
	2128	5000	形遁鞋	45	6.李逵	03.褲子	05.綠	00.無	(1) 敏捷	07.怪物掉寶	"415,000"	"20,750"	2		pc06_pelvis_0040			100	0	144	0	11	0	0	0	0	0	0	0	0	0	0	0	0	0	0	0	0	0	0	0	0	0	0	0	0	13.防禦力 - Defence	4096	21001	2	6021001	190	25.63	"4,870"	4.261
	2129	5000	形遁斧頭	45	6.李逵	04.武器	05.綠	00.無	(1) 體能	07.怪物掉寶	"778,000"	"38,900"	3		pc06_weapon_0040			100	685	0	0	0	15	0	0	0	0	0	0	0	0	0	0	0	0	0	0	0	0	0	0	0	0	0	0	0	12.攻擊力 - Attack	2048	11001	2	6011001	400	22.82	"9,128"	4.261
	2130	5000	瞬隱帽	45	6.李逵	01.帽子	06.藍	00.無	(2) 敏 / 智 平均	12.收集品交換	"363,000"	"18,150"	0		pc06_hat_0040			100	0	135	0	10	0	8	0	0	0	0	0	0	0	0	0	0	0	0	0	0	0	0	0	0	0	0	0	0	13.防禦力 - Defence	4096	21001	2	6021001	190	22.42	"4,260"	4.261
	2131	5000	瞬隱衣	45	6.李逵	02.上衣	06.藍	00.無	(2) HP / 敏	12.收集品交換	"467,000"	"23,350"	1		pc06_torso_0040			100	0	290	0	9	0	0	0	0	0	0	0	0	0	0	0	0	0	0	270	0	0	0	0	0	0	0	0	0	13.防禦力 - Defence	4096	21001	2	6021001	190	28.84	"5,480"	4.261
	2132	5000	瞬隱鞋	45	6.李逵	03.褲子	06.藍	00.無	(2) 敏 / 體 平均	12.收集品交換	"415,000"	"20,750"	2		pc06_pelvis_0040			100	0	168	0	10	13	0	0	0	0	0	0	0	0	0	0	0	0	0	0	0	0	0	0	0	0	0	0	0	13.防禦力 - Defence	4096	21001	2	6021001	190	25.63	"4,870"	4.261
	2133	5000	瞬隱斧頭	45	6.李逵	04.武器	06.藍	00.無	(2) 體 / 智 平均	12.收集品交換	"778,000"	"38,900"	3		pc06_weapon_0040			100	791	0	0	0	13	8	0	0	0	0	0	0	0	0	0	0	0	0	0	0	0	0	0	0	0	0	0	0	12.攻擊力 - Attack	2048	11001	2	6011001	410	22.27	"9,131"	4.261
	2134	5000	盜賊帽	50	6.李逵	01.帽子	03.灰	00.無	(0) 無	07.怪物掉寶	"592,000"	"29,600"	0		pc06_hat_0041			100	0	103	0	0	0	0	0	0	0	0	0	0	0	0	0	0	0	0	0	0	0	0	0	0	0	0	0	0	13.防禦力 - Defence	4096	21001	1	6021001	200	27.67	"5,534"	5.349
	2135	5000	盜賊衣	50	6.李逵	02.上衣	03.灰	00.無	(0) 無	07.怪物掉寶	"762,000"	"38,100"	1		pc06_torso_0041			100	0	221	0	0	0	0	0	0	0	0	0	0	0	0	0	0	0	0	0	0	0	0	0	0	0	0	0	0	13.防禦力 - Defence	4096	21001	1	6021001	200	35.62	"7,124"	5.349
	2136	5000	盜賊鞋	50	6.李逵	03.褲子	03.灰	00.無	(0) 無	07.怪物掉寶	"677,000"	"33,850"	2		pc06_pelvis_0041			100	0	128	0	0	0	0	0	0	0	0	0	0	0	0	0	0	0	0	0	0	0	0	0	0	0	0	0	0	13.防禦力 - Defence	4096	21001	1	6021001	200	31.64	"6,328"	5.349
	2137	5000	盜賊斧頭	50	6.李逵	04.武器	03.灰	00.無	(0) 無	07.怪物掉寶	"1,269,000"	"63,450"	3		pc06_weapon_0041			100	603	0	0	0	0	0	0	0	0	0	0	0	0	0	0	0	0	0	0	0	0	0	0	0	0	0	0	0	12.攻擊力 - Attack	2048	11001	1	6011001	420	28.24	"11,861"	5.349
	2138	5000	遊俠帽	50	6.李逵	01.帽子	04.白	00.無	(0) 無	03.商店購買	"592,000"	"59,200"	0		pc06_hat_0041			100	0	128	0	0	0	0	0	0	0	0	0	0	0	0	0	0	0	0	0	0	0	0	0	0	0	0	0	0	13.防禦力 - Defence	4096	21001	1	6021001	180	30.74	"5,534"	5.349
	2139	5000	遊俠衣	50	6.李逵	02.上衣	04.白	00.無	(0) 無	03.商店購買	"762,000"	"76,200"	1		pc06_torso_0041			100	0	276	0	0	0	0	0	0	0	0	0	0	0	0	0	0	0	0	0	0	0	0	0	0	0	0	0	0	13.防禦力 - Defence	4096	21001	1	6021001	180	39.57	"7,123"	5.349
	2140	5000	遊俠鞋	50	6.李逵	03.褲子	04.白	00.無	(0) 無	03.商店購買	"677,000"	"67,700"	2		pc06_pelvis_0041			100	0	160	0	0	0	0	0	0	0	0	0	0	0	0	0	0	0	0	0	0	0	0	0	0	0	0	0	0	13.防禦力 - Defence	4096	21001	1	6021001	180	35.16	"6,329"	5.349
	2141	5000	遊俠斧頭	50	6.李逵	04.武器	04.白	00.無	(0) 無	03.商店購買	"1,269,000"	"126,900"	3		pc06_weapon_0041			100	753	0	0	0	0	0	0	0	0	0	0	0	0	0	0	0	0	0	0	0	0	0	0	0	0	0	0	0	12.攻擊力 - Attack	2048	11001	1	6011001	380	31.22	"11,864"	5.349
	2142	5000	厄運帽	50	6.李逵	01.帽子	05.綠	00.無	(1) 智慧	07.怪物掉寶	"592,000"	"29,600"	0		pc06_hat_0041			100	0	130	0	0	0	10	0	0	0	0	0	0	0	0	0	0	0	0	0	0	0	0	0	0	0	0	0	0	13.防禦力 - Defence	4096	21001	2	6021001	190	29.13	"5,535"	5.349
	2143	5000	厄運衣	50	6.李逵	02.上衣	05.綠	00.無	(1) 最大 HP	07.怪物掉寶	"762,000"	"38,100"	1		pc06_torso_0041			100	0	280	0	0	0	0	0	0	0	0	0	0	0	0	0	0	0	0	340	0	0	0	0	0	0	0	0	0	13.防禦力 - Defence	4096	21001	2	6021001	190	37.49	"7,124"	5.349
	2144	5000	厄運鞋	50	6.李逵	03.褲子	05.綠	00.無	(1) 敏捷	07.怪物掉寶	"677,000"	"33,850"	2		pc06_pelvis_0041			100	0	163	0	12	0	0	0	0	0	0	0	0	0	0	0	0	0	0	0	0	0	0	0	0	0	0	0	0	13.防禦力 - Defence	4096	21001	2	6021001	190	33.31	"6,329"	5.349
	2145	5000	厄運斧頭	50	6.李逵	04.武器	05.綠	00.無	(1) 體能	07.怪物掉寶	"1,269,000"	"63,450"	3		pc06_weapon_0041			100	827	0	0	0	16	0	0	0	0	0	0	0	0	0	0	0	0	0	0	0	0	0	0	0	0	0	0	0	12.攻擊力 - Attack	2048	11001	2	6011001	400	29.66	"11,864"	5.349
	2146	5000	威力帽	50	6.李逵	01.帽子	06.藍	00.無	(2) 敏 / 智 平均	12.收集品交換	"592,000"	"29,600"	0		pc06_hat_0041			100	0	152	0	10	0	9	0	0	0	0	0	0	0	0	0	0	0	0	0	0	0	0	0	0	0	0	0	0	13.防禦力 - Defence	4096	21001	2	6021001	190	29.13	"5,535"	5.349
	2147	5000	威力衣	50	6.李逵	02.上衣	06.藍	00.無	(2) HP / 敏	12.收集品交換	"762,000"	"38,100"	1		pc06_torso_0041			100	0	326	0	10	0	0	0	0	0	0	0	0	0	0	0	0	0	0	290	0	0	0	0	0	0	0	0	0	13.防禦力 - Defence	4096	21001	2	6021001	190	37.49	"7,124"	5.349
	2148	5000	威力鞋	50	6.李逵	03.褲子	06.藍	00.無	(2) 敏 / 體 平均	12.收集品交換	"677,000"	"33,850"	2		pc06_pelvis_0041			100	0	189	0	10	14	0	0	0	0	0	0	0	0	0	0	0	0	0	0	0	0	0	0	0	0	0	0	0	13.防禦力 - Defence	4096	21001	2	6021001	190	33.31	"6,329"	5.349
	2149	5000	威力斧頭	50	6.李逵	04.武器	06.藍	00.無	(2) 體 / 智 平均	12.收集品交換	"1,269,000"	"63,450"	3		pc06_weapon_0041			100	950	0	0	0	14	9	0	0	0	0	0	0	0	0	0	0	0	0	0	0	0	0	0	0	0	0	0	0	12.攻擊力 - Attack	2048	11001	2	6011001	410	28.93	"11,862"	5.349
	2150	5000	鋁甲帽	55	6.李逵	01.帽子	03.灰	00.無	(0) 無	07.怪物掉寶	"929,000"	"46,450"	0		pc06_hat_0050			100	0	115	0	0	0	0	0	0	0	0	0	0	0	0	0	0	0	0	0	0	0	0	0	0	0	0	0	0	13.防禦力 - Defence	4096	21001	1	6021001	200	35.46	"7,092"	6.55
	2151	5000	鋁甲衣	55	6.李逵	02.上衣	03.灰	00.無	(0) 無	07.怪物掉寶	"1,194,000"	"59,700"	1		pc06_torso_0050			100	0	248	0	0	0	0	0	0	0	0	0	0	0	0	0	0	0	0	0	0	0	0	0	0	0	0	0	0	13.防禦力 - Defence	4096	21001	1	6021001	200	45.58	"9,116"	6.55
	2152	5000	鋁甲鞋	55	6.李逵	03.褲子	03.灰	00.無	(0) 無	07.怪物掉寶	"1,061,000"	"53,050"	2		pc06_pelvis_0050			100	0	144	0	0	0	0	0	0	0	0	0	0	0	0	0	0	0	0	0	0	0	0	0	0	0	0	0	0	13.防禦力 - Defence	4096	21001	1	6021001	200	40.5	"8,100"	6.55
	2153	5000	鋁甲斧頭	55	6.李逵	04.武器	03.灰	00.無	(0) 無	07.怪物掉寶	"1,990,000"	"99,500"	3		pc06_weapon_0050			100	724	0	0	0	0	0	0	0	0	0	0	0	0	0	0	0	0	0	0	0	0	0	0	0	0	0	0	0	12.攻擊力 - Attack	2048	11001	1	6011001	420	36.17	"15,192"	6.55
	2154	5000	鐵甲帽	55	6.李逵	01.帽子	04.白	00.無	(0) 無	03.商店購買	"929,000"	"92,900"	0		pc06_hat_0050			100	0	144	0	0	0	0	0	0	0	0	0	0	0	0	0	0	0	0	0	0	0	0	0	0	0	0	0	0	13.防禦力 - Defence	4096	21001	1	6021001	180	39.4	"7,092"	6.55
	2155	5000	鐵甲衣	55	6.李逵	02.上衣	04.白	00.無	(0) 無	03.商店購買	"1,194,000"	"119,400"	1		pc06_torso_0050			100	0	310	0	0	0	0	0	0	0	0	0	0	0	0	0	0	0	0	0	0	0	0	0	0	0	0	0	0	13.防禦力 - Defence	4096	21001	1	6021001	180	50.64	"9,116"	6.55
	2156	5000	鐵甲鞋	55	6.李逵	03.褲子	04.白	00.無	(0) 無	03.商店購買	"1,061,000"	"106,100"	2		pc06_pelvis_0050			100	0	180	0	0	0	0	0	0	0	0	0	0	0	0	0	0	0	0	0	0	0	0	0	0	0	0	0	0	13.防禦力 - Defence	4096	21001	1	6021001	180	45	"8,100"	6.55
	2157	5000	鐵甲斧頭	55	6.李逵	04.武器	04.白	00.無	(0) 無	03.商店購買	"1,990,000"	"199,000"	3		pc06_weapon_0050			100	905	0	0	0	0	0	0	0	0	0	0	0	0	0	0	0	0	0	0	0	0	0	0	0	0	0	0	0	12.攻擊力 - Attack	2048	11001	1	6011001	380	39.98	"15,193"	6.55
	2158	5000	銅甲帽	55	6.李逵	01.帽子	05.綠	00.無	(1) 智慧	07.怪物掉寶	"929,000"	"46,450"	0		pc06_hat_0050			100	0	146	0	0	0	11	0	0	0	0	0	0	0	0	0	0	0	0	0	0	0	0	0	0	0	0	0	0	13.防禦力 - Defence	4096	21001	2	6021001	190	37.33	"7,093"	6.55
	2159	5000	銅甲衣	55	6.李逵	02.上衣	05.綠	00.無	(1) 最大 HP	07.怪物掉寶	"1,194,000"	"59,700"	1		pc06_torso_0050			100	0	313	0	0	0	0	0	0	0	0	0	0	0	0	0	0	0	0	360	0	0	0	0	0	0	0	0	0	13.防禦力 - Defence	4096	21001	2	6021001	190	47.98	"9,117"	6.55
	2160	5000	銅甲鞋	55	6.李逵	03.褲子	05.綠	00.無	(1) 敏捷	07.怪物掉寶	"1,061,000"	"53,050"	2		pc06_pelvis_0050			100	0	182	0	13	0	0	0	0	0	0	0	0	0	0	0	0	0	0	0	0	0	0	0	0	0	0	0	0	13.防禦力 - Defence	4096	21001	2	6021001	190	42.63	"8,100"	6.55
	2161	5000	銅甲斧頭	55	6.李逵	04.武器	05.綠	00.無	(1) 體能	07.怪物掉寶	"1,990,000"	"99,500"	3		pc06_weapon_0050			100	990	0	0	0	18	0	0	0	0	0	0	0	0	0	0	0	0	0	0	0	0	0	0	0	0	0	0	0	12.攻擊力 - Attack	2048	11001	2	6011001	400	37.98	"15,192"	6.55
	2162	5000	銀甲帽	55	6.李逵	01.帽子	06.藍	00.無	(2) 敏 / 智 平均	12.收集品交換	"929,000"	"46,450"	0		pc06_hat_0050			100	0	169	0	11	0	10	0	0	0	0	0	0	0	0	0	0	0	0	0	0	0	0	0	0	0	0	0	0	13.防禦力 - Defence	4096	21001	2	6021001	190	37.33	"7,093"	6.55
	2163	5000	銀甲衣	55	6.李逵	02.上衣	06.藍	00.無	(2) HP / 敏	12.收集品交換	"1,194,000"	"59,700"	1		pc06_torso_0050			100	0	363	0	10	0	0	0	0	0	0	0	0	0	0	0	0	0	0	320	0	0	0	0	0	0	0	0	0	13.防禦力 - Defence	4096	21001	2	6021001	190	47.98	"9,117"	6.55
	2164	5000	銀甲鞋	55	6.李逵	03.褲子	06.藍	00.無	(2) 敏 / 體 平均	12.收集品交換	"1,061,000"	"53,050"	2		pc06_pelvis_0050			100	0	211	0	11	15	0	0	0	0	0	0	0	0	0	0	0	0	0	0	0	0	0	0	0	0	0	0	0	13.防禦力 - Defence	4096	21001	2	6021001	190	42.63	"8,100"	6.55
	2165	5000	銀甲斧頭	55	6.李逵	04.武器	06.藍	00.無	(2) 體 / 智 平均	12.收集品交換	"1,990,000"	"99,500"	3		pc06_weapon_0050			100	1134	0	0	0	15	10	0	0	0	0	0	0	0	0	0	0	0	0	0	0	0	0	0	0	0	0	0	0	12.攻擊力 - Attack	2048	11001	2	6011001	410	37.06	"15,195"	6.55
	2166	5000	紋甲帽	60	6.李逵	01.帽子	03.灰	00.無	(0) 無	07.怪物掉寶	"1,407,000"	"70,350"	0		pc06_hat_0051			100	0	129	0	0	0	0	0	0	0	0	0	0	0	0	0	0	0	0	0	0	0	0	0	0	0	0	0	0	13.防禦力 - Defence	4096	21001	1	6021001	200	44.82	"8,964"	7.848
	2167	5000	紋甲衣	60	6.李逵	02.上衣	03.灰	00.無	(0) 無	07.怪物掉寶	"1,809,000"	"90,450"	1		pc06_torso_0051			100	0	277	0	0	0	0	0	0	0	0	0	0	0	0	0	0	0	0	0	0	0	0	0	0	0	0	0	0	13.防禦力 - Defence	4096	21001	1	6021001	200	57.63	"11,526"	7.848
	2168	5000	紋甲鞋	60	6.李逵	03.褲子	03.灰	00.無	(0) 無	07.怪物掉寶	"1,608,000"	"80,400"	2		pc06_pelvis_0051			100	0	161	0	0	0	0	0	0	0	0	0	0	0	0	0	0	0	0	0	0	0	0	0	0	0	0	0	0	13.防禦力 - Defence	4096	21001	1	6021001	200	51.23	"10,246"	7.848
	2169	5000	紋甲斧頭	60	6.李逵	04.武器	03.灰	00.無	(0) 無	07.怪物掉寶	"3,015,000"	"150,750"	3		pc06_weapon_0051			100	864	0	0	0	0	0	0	0	0	0	0	0	0	0	0	0	0	0	0	0	0	0	0	0	0	0	0	0	12.攻擊力 - Attack	2048	11001	1	6011001	420	45.74	"19,211"	7.848
	2170	5000	裝甲帽	60	6.李逵	01.帽子	04.白	00.無	(0) 無	03.商店購買	"1,407,000"	"140,700"	0		pc06_hat_0051			100	0	161	0	0	0	0	0	0	0	0	0	0	0	0	0	0	0	0	0	0	0	0	0	0	0	0	0	0	13.防禦力 - Defence	4096	21001	1	6021001	180	49.8	"8,964"	7.848
	2171	5000	裝甲衣	60	6.李逵	02.上衣	04.白	00.無	(0) 無	03.商店購買	"1,809,000"	"180,900"	1		pc06_torso_0051			100	0	346	0	0	0	0	0	0	0	0	0	0	0	0	0	0	0	0	0	0	0	0	0	0	0	0	0	0	13.防禦力 - Defence	4096	21001	1	6021001	180	64.03	"11,526"	7.848
	2172	5000	裝甲鞋	60	6.李逵	03.褲子	04.白	00.無	(0) 無	03.商店購買	"1,608,000"	"160,800"	2		pc06_pelvis_0051			100	0	201	0	0	0	0	0	0	0	0	0	0	0	0	0	0	0	0	0	0	0	0	0	0	0	0	0	0	13.防禦力 - Defence	4096	21001	1	6021001	180	56.92	"10,246"	7.848
	2173	5000	裝甲斧頭	60	6.李逵	04.武器	04.白	00.無	(0) 無	03.商店購買	"3,015,000"	"301,500"	3		pc06_weapon_0051			100	1080	0	0	0	0	0	0	0	0	0	0	0	0	0	0	0	0	0	0	0	0	0	0	0	0	0	0	0	12.攻擊力 - Attack	2048	11001	1	6011001	380	50.55	"19,209"	7.848
	2174	5000	鋼甲帽	60	6.李逵	01.帽子	05.綠	00.無	(1) 智慧	07.怪物掉寶	"1,407,000"	"70,350"	0		pc06_hat_0051			100	0	161	0	0	0	12	0	0	0	0	0	0	0	0	0	0	0	0	0	0	0	0	0	0	0	0	0	0	13.防禦力 - Defence	4096	21001	2	6021001	190	47.18	"8,965"	7.848
	2175	5000	鋼甲衣	60	6.李逵	02.上衣	05.綠	00.無	(1) 最大 HP	07.怪物掉寶	"1,809,000"	"90,450"	1		pc06_torso_0051			100	0	346	0	0	0	0	0	0	0	0	0	0	0	0	0	0	0	0	390	0	0	0	0	0	0	0	0	0	13.防禦力 - Defence	4096	21001	2	6021001	190	60.66	"11,526"	7.848
	2176	5000	鋼甲鞋	60	6.李逵	03.褲子	05.綠	00.無	(1) 敏捷	07.怪物掉寶	"1,608,000"	"80,400"	2		pc06_pelvis_0051			100	0	201	0	14	0	0	0	0	0	0	0	0	0	0	0	0	0	0	0	0	0	0	0	0	0	0	0	0	13.防禦力 - Defence	4096	21001	2	6021001	190	53.92	"10,245"	7.848
	2177	5000	鋼甲斧頭	60	6.李逵	04.武器	05.綠	00.無	(1) 體能	07.怪物掉寶	"3,015,000"	"150,750"	3		pc06_weapon_0051			100	1177	0	0	0	19	0	0	0	0	0	0	0	0	0	0	0	0	0	0	0	0	0	0	0	0	0	0	0	12.攻擊力 - Attack	2048	11001	2	6011001	400	48.03	"19,212"	7.848
	2178	5000	合金帽	60	6.李逵	01.帽子	06.藍	00.無	(2) 敏 / 智 平均	12.收集品交換	"1,407,000"	"70,350"	0		pc06_hat_0051			100	0	186	0	12	0	10	0	0	0	0	0	0	0	0	0	0	0	0	0	0	0	0	0	0	0	0	0	0	13.防禦力 - Defence	4096	21001	2	6021001	190	47.18	"8,965"	7.848
	2179	5000	合金衣	60	6.李逵	02.上衣	06.藍	00.無	(2) HP / 敏	12.收集品交換	"1,809,000"	"90,450"	1		pc06_torso_0051			100	0	400	0	11	0	0	0	0	0	0	0	0	0	0	0	0	0	0	340	0	0	0	0	0	0	0	0	0	13.防禦力 - Defence	4096	21001	2	6021001	190	60.66	"11,526"	7.848
	2180	5000	合金鞋	60	6.李逵	03.褲子	06.藍	00.無	(2) 敏 / 體 平均	12.收集品交換	"1,608,000"	"80,400"	2		pc06_pelvis_0051			100	0	233	0	12	17	0	0	0	0	0	0	0	0	0	0	0	0	0	0	0	0	0	0	0	0	0	0	0	13.防禦力 - Defence	4096	21001	2	6021001	190	53.92	"10,245"	7.848
	2181	5000	合金斧頭	60	6.李逵	04.武器	06.藍	00.無	(2) 體 / 智 平均	12.收集品交換	"3,015,000"	"150,750"	3		pc06_weapon_0051			100	1347	0	0	0	17	10	0	0	0	0	0	0	0	0	0	0	0	0	0	0	0	0	0	0	0	0	0	0	12.攻擊力 - Attack	2048	11001	2	6011001	410	46.85	"19,209"	7.848
	2182	5000	奔牛鐵甲帽	55	6.李逵	01.帽子	07.紫	00.無	(3) MP / 敏 / 智	07.怪物掉寶	"929,000"	"46,450"	0		pc06_hat_0052			100	0	186	0	10	0	8	0	0	0	0	0	0	0	0	0	0	0	0	0	440	0	0	0	0	0	0	0	0	13.防禦力 - Defence	4096	21001	3	6021001	200	35.46	"7,092"	6.55
	2183	5000	奔牛鐵甲衣	55	6.李逵	02.上衣	07.紫	00.無	(3) HP / 敏 / 智	07.怪物掉寶	"1,194,000"	"59,700"	1		pc06_torso_0052			100	0	400	0	10	0	8	0	0	0	0	0	0	0	0	0	0	0	0	280	0	0	0	0	0	0	0	0	0	13.防禦力 - Defence	4096	21001	3	6021001	200	45.58	"9,116"	6.55
	2184	5000	奔牛鐵甲鞋	55	6.李逵	03.褲子	07.紫	00.無	(3) MP / 敏 / 體	07.怪物掉寶	"1,061,000"	"53,050"	2		pc06_pelvis_0052			100	0	233	0	10	13	0	0	0	0	0	0	0	0	0	0	0	0	0	0	220	0	0	0	0	0	0	0	0	13.防禦力 - Defence	4096	21001	3	6021001	200	40.5	"8,100"	6.55
	2185	5000	奔牛斧頭	55	6.李逵	04.武器	07.紫	00.無	(3) HP / 體 / 智	07.怪物掉寶	"1,990,000"	"99,500"	3		pc06_weapon_0052			100	1347	0	0	0	13	8	0	0	0	0	0	0	0	0	0	0	0	0	140	0	0	0	0	0	0	0	0	0	12.攻擊力 - Attack	2048	11001	3	6011001	420	36.17	"15,192"	6.55
	2186	5000	虎吼頭盔	65	6.李逵	01.帽子	03.灰	00.無	(0) 無	07.怪物掉寶	"2,090,000"	"104,500"	0		pc06_hat_0060			100	0	142	0	0	0	0	0	0	0	0	0	0	0	0	0	0	0	0	0	0	0	0	0	0	0	0	0	0	13.防禦力 - Defence	4096	21001	1	8021001	200	55.91	"11,182"	9.346
	2187	5000	虎吼戰衣	65	6.李逵	02.上衣	03.灰	00.無	(0) 無	07.怪物掉寶	"2,680,000"	"134,000"	1		pc06_torso_0060			100	0	305	0	0	0	0	0	0	0	0	0	0	0	0	0	0	0	0	0	0	0	0	0	0	0	0	0	0	13.防禦力 - Defence	4096	21001	1	8021001	200	71.7	"14,340"	9.346
	2188	5000	虎吼戰鞋	65	6.李逵	03.褲子	03.灰	00.無	(0) 無	07.怪物掉寶	"2,390,000"	"119,500"	2		pc06_pelvis_0060			100	0	177	0	0	0	0	0	0	0	0	0	0	0	0	0	0	0	0	0	0	0	0	0	0	0	0	0	0	13.防禦力 - Defence	4096	21001	1	8021001	200	63.94	"12,788"	9.346
	2189	5000	虎吼斧頭	65	6.李逵	04.武器	03.灰	00.無	(0) 無	07.怪物掉寶	"4,470,000"	"223,500"	3		pc06_weapon_0060			100	1026	0	0	0	0	0	0	0	0	0	0	0	0	0	0	0	0	0	0	0	0	0	0	0	0	0	0	0	12.攻擊力 - Attack	2048	11001	1	8011001	420	56.94	"23,915"	9.346
	2190	5000	虎騎頭盔	65	6.李逵	01.帽子	04.白	00.無	(0) 無	03.商店購買	"2,090,000"	"209,000"	0		pc06_hat_0060			100	0	177	0	0	0	0	0	0	0	0	0	0	0	0	0	0	0	0	0	0	0	0	0	0	0	0	0	0	13.防禦力 - Defence	4096	21001	1	8021001	180	62.12	"11,182"	9.346
	2191	5000	虎騎戰衣	65	6.李逵	02.上衣	04.白	00.無	(0) 無	03.商店購買	"2,680,000"	"268,000"	1		pc06_torso_0060			100	0	381	0	0	0	0	0	0	0	0	0	0	0	0	0	0	0	0	0	0	0	0	0	0	0	0	0	0	13.防禦力 - Defence	4096	21001	1	8021001	180	79.66	"14,339"	9.346
	2192	5000	虎騎戰鞋	65	6.李逵	03.褲子	04.白	00.無	(0) 無	03.商店購買	"2,390,000"	"239,000"	2		pc06_pelvis_0060			100	0	222	0	0	0	0	0	0	0	0	0	0	0	0	0	0	0	0	0	0	0	0	0	0	0	0	0	0	13.防禦力 - Defence	4096	21001	1	8021001	180	71.04	"12,788"	9.346
	2193	5000	虎騎斧頭	65	6.李逵	04.武器	04.白	00.無	(0) 無	03.商店購買	"4,470,000"	"447,000"	3		pc06_weapon_0060			100	1282	0	0	0	0	0	0	0	0	0	0	0	0	0	0	0	0	0	0	0	0	0	0	0	0	0	0	0	12.攻擊力 - Attack	2048	11001	1	8011001	380	62.94	"23,918"	9.346
	2194	5000	虎魂頭盔	65	6.李逵	01.帽子	05.綠	00.無	(1) 智慧	07.怪物掉寶	"2,090,000"	"104,500"	0		pc06_hat_0060			100	0	176	0	0	0	13	0	0	0	0	0	0	0	0	0	0	0	0	0	0	0	0	0	0	0	0	0	0	13.防禦力 - Defence	4096	21001	2	8021001	190	58.85	"11,182"	9.346
	2195	5000	虎魂戰衣	65	6.李逵	02.上衣	05.綠	00.無	(1) 最大 HP	07.怪物掉寶	"2,680,000"	"134,000"	1		pc06_torso_0060			100	0	378	0	0	0	0	0	0	0	0	0	0	0	0	0	0	0	0	420	0	0	0	0	0	0	0	0	0	13.防禦力 - Defence	4096	21001	2	8021001	190	75.47	"14,340"	9.346
	2196	5000	虎魂戰鞋	65	6.李逵	03.褲子	05.綠	00.無	(1) 敏捷	07.怪物掉寶	"2,390,000"	"119,500"	2		pc06_pelvis_0060			100	0	220	0	15	0	0	0	0	0	0	0	0	0	0	0	0	0	0	0	0	0	0	0	0	0	0	0	0	13.防禦力 - Defence	4096	21001	2	8021001	190	67.3	"12,787"	9.346
	2197	5000	虎魂斧頭	65	6.李逵	04.武器	05.綠	00.無	(1) 體能	07.怪物掉寶	"4,470,000"	"223,500"	3		pc06_weapon_0060			100	1394	0	0	0	20	0	0	0	0	0	0	0	0	0	0	0	0	0	0	0	0	0	0	0	0	0	0	0	12.攻擊力 - Attack	2048	11001	2	8011001	400	59.79	"23,916"	9.346
	2198	5000	虎徽頭盔	65	6.李逵	01.帽子	06.藍	00.無	(2) 敏 / 智 平均	12.收集品交換	"2,090,000"	"104,500"	0		pc06_hat_0060			100	0	203	0	13	0	11	0	0	0	0	0	0	0	0	0	0	0	0	0	0	0	0	0	0	0	0	0	0	13.防禦力 - Defence	4096	21001	2	8021001	190	58.85	"11,182"	9.346
	2199	5000	虎徽戰衣	65	6.李逵	02.上衣	06.藍	00.無	(2) HP / 敏	12.收集品交換	"2,680,000"	"134,000"	1		pc06_torso_0060			100	0	436	0	12	0	0	0	0	0	0	0	0	0	0	0	0	0	0	360	0	0	0	0	0	0	0	0	0	13.防禦力 - Defence	4096	21001	2	8021001	190	75.47	"14,340"	9.346
	2200	5000	虎徽戰鞋	65	6.李逵	03.褲子	06.藍	00.無	(2) 敏 / 體 平均	12.收集品交換	"2,390,000"	"119,500"	2		pc06_pelvis_0060			100	0	253	0	13	18	0	0	0	0	0	0	0	0	0	0	0	0	0	0	0	0	0	0	0	0	0	0	0	13.防禦力 - Defence	4096	21001	2	8021001	190	67.3	"12,787"	9.346
	2201	5000	虎徽斧頭	65	6.李逵	04.武器	06.藍	00.無	(2) 體 / 智 平均	12.收集品交換	"4,470,000"	"223,500"	3		pc06_weapon_0060			100	1591	0	0	0	18	11	0	0	0	0	0	0	0	0	0	0	0	0	0	0	0	0	0	0	0	0	0	0	12.攻擊力 - Attack	2048	11001	2	8011001	410	58.33	"23,916"	9.346
	2202	5000	胖虎頭盔	70	6.李逵	01.帽子	03.灰	00.無	(0) 無	07.怪物掉寶	"2,380,000"	"119,000"	0		pc06_hat_0061			100	0	155	0	0	0	0	0	0	0	0	0	0	0	0	0	0	0	0	0	0	0	0	0	0	0	0	0	0	13.防禦力 - Defence	4096	21001	1	8021001	200	53.54	"10,708"	11.114
	2203	5000	胖虎戰衣	70	6.李逵	02.上衣	03.灰	00.無	(0) 無	07.怪物掉寶	"3,060,000"	"153,000"	1		pc06_torso_0061			100	0	332	0	0	0	0	0	0	0	0	0	0	0	0	0	0	0	0	0	0	0	0	0	0	0	0	0	0	13.防禦力 - Defence	4096	21001	1	8021001	200	68.84	"13,768"	11.114
	2204	5000	胖虎戰鞋	70	6.李逵	03.褲子	03.灰	00.無	(0) 無	07.怪物掉寶	"2,720,000"	"136,000"	2		pc06_pelvis_0061			100	0	193	0	0	0	0	0	0	0	0	0	0	0	0	0	0	0	0	0	0	0	0	0	0	0	0	0	0	13.防禦力 - Defence	4096	21001	1	8021001	200	61.19	"12,238"	11.114
	2205	5000	胖虎斧頭	70	6.李逵	04.武器	03.灰	00.無	(0) 無	07.怪物掉寶	"5,090,000"	"254,500"	3		pc06_weapon_0061			100	1212	0	0	0	0	0	0	0	0	0	0	0	0	0	0	0	0	0	0	0	0	0	0	0	0	0	0	0	12.攻擊力 - Attack	2048	11001	1	8011001	420	54.53	"22,903"	11.114
	2206	5000	鐵虎頭盔	70	6.李逵	01.帽子	04.白	00.無	(0) 無	03.商店購買	"2,380,000"	"238,000"	0		pc06_hat_0061			100	0	193	0	0	0	0	0	0	0	0	0	0	0	0	0	0	0	0	0	0	0	0	0	0	0	0	0	0	13.防禦力 - Defence	4096	21001	1	8021001	180	59.49	"10,709"	11.114
	2207	5000	鐵虎戰衣	70	6.李逵	02.上衣	04.白	00.無	(0) 無	03.商店購買	"3,060,000"	"306,000"	1		pc06_torso_0061			100	0	415	0	0	0	0	0	0	0	0	0	0	0	0	0	0	0	0	0	0	0	0	0	0	0	0	0	0	13.防禦力 - Defence	4096	21001	1	8021001	180	76.49	"13,769"	11.114
	2208	5000	鐵虎戰鞋	70	6.李逵	03.褲子	04.白	00.無	(0) 無	03.商店購買	"2,720,000"	"272,000"	2		pc06_pelvis_0061			100	0	241	0	0	0	0	0	0	0	0	0	0	0	0	0	0	0	0	0	0	0	0	0	0	0	0	0	0	13.防禦力 - Defence	4096	21001	1	8021001	180	67.99	"12,239"	11.114
	2209	5000	鐵虎斧頭	70	6.李逵	04.武器	04.白	00.無	(0) 無	03.商店購買	"5,090,000"	"509,000"	3		pc06_weapon_0061			100	1515	0	0	0	0	0	0	0	0	0	0	0	0	0	0	0	0	0	0	0	0	0	0	0	0	0	0	0	12.攻擊力 - Attack	2048	11001	1	8011001	380	60.27	"22,903"	11.114
	2210	5000	銅虎頭盔	70	6.李逵	01.帽子	05.綠	00.無	(1) 智慧	07.怪物掉寶	"2,380,000"	"119,000"	0		pc06_hat_0061			100	0	190	0	0	0	14	0	0	0	0	0	0	0	0	0	0	0	0	0	0	0	0	0	0	0	0	0	0	13.防禦力 - Defence	4096	21001	2	8021001	190	56.36	"10,709"	11.114
	2211	5000	銅虎戰衣	70	6.李逵	02.上衣	05.綠	00.無	(1) 最大 HP	07.怪物掉寶	"3,060,000"	"153,000"	1		pc06_torso_0061			100	0	408	0	0	0	0	0	0	0	0	0	0	0	0	0	0	0	0	450	0	0	0	0	0	0	0	0	0	13.防禦力 - Defence	4096	21001	2	8021001	190	72.46	"13,768"	11.114
	2212	5000	銅虎戰鞋	70	6.李逵	03.褲子	05.綠	00.無	(1) 敏捷	07.怪物掉寶	"2,720,000"	"136,000"	2		pc06_pelvis_0061			100	0	237	0	16	0	0	0	0	0	0	0	0	0	0	0	0	0	0	0	0	0	0	0	0	0	0	0	0	13.防禦力 - Defence	4096	21001	2	8021001	190	64.41	"12,238"	11.114
	2213	5000	銅虎斧頭	70	6.李逵	04.武器	05.綠	00.無	(1) 體能	07.怪物掉寶	"5,090,000"	"254,500"	3		pc06_weapon_0061			100	1642	0	0	0	22	0	0	0	0	0	0	0	0	0	0	0	0	0	0	0	0	0	0	0	0	0	0	0	12.攻擊力 - Attack	2048	11001	2	8011001	400	57.25	"22,900"	11.114
	2214	5000	鋼虎頭盔	70	6.李逵	01.帽子	06.藍	00.無	(2) 敏 / 智 平均	12.收集品交換	"2,380,000"	"119,000"	0		pc06_hat_0061			100	0	219	0	14	0	12	0	0	0	0	0	0	0	0	0	0	0	0	0	0	0	0	0	0	0	0	0	0	13.防禦力 - Defence	4096	21001	2	8021001	190	56.36	"10,709"	11.114
	2215	5000	鋼虎戰衣	70	6.李逵	02.上衣	06.藍	00.無	(2) HP / 敏	12.收集品交換	"3,060,000"	"153,000"	1		pc06_torso_0061			100	0	470	0	13	0	0	0	0	0	0	0	0	0	0	0	0	0	0	390	0	0	0	0	0	0	0	0	0	13.防禦力 - Defence	4096	21001	2	8021001	190	72.46	"13,768"	11.114
	2216	5000	鋼虎戰鞋	70	6.李逵	03.褲子	06.藍	00.無	(2) 敏 / 體 平均	12.收集品交換	"2,720,000"	"136,000"	2		pc06_pelvis_0061			100	0	273	0	14	19	0	0	0	0	0	0	0	0	0	0	0	0	0	0	0	0	0	0	0	0	0	0	0	13.防禦力 - Defence	4096	21001	2	8021001	190	64.41	"12,238"	11.114
	2217	5000	鋼虎斧頭	70	6.李逵	04.武器	06.藍	00.無	(2) 體 / 智 平均	12.收集品交換	"5,090,000"	"254,500"	3		pc06_weapon_0061			100	1872	0	0	0	19	12	0	0	0	0	0	0	0	0	0	0	0	0	0	0	0	0	0	0	0	0	0	0	12.攻擊力 - Attack	2048	11001	2	8011001	410	55.86	"22,903"	11.114
	2218	5000	波斯頭盔	75	6.李逵	01.帽子	03.灰	00.無	(0) 無	07.怪物掉寶	0	0	0		pc06_hat_0070			100	0	167	0	0	0	0	0	0	0	0	0	0	0	0	0	0	0	0	0	0	0	0	0	0	0	0	0	0	13.防禦力 - Defence	4096	21001	1	8021001	200	0	0	0
	2219	5000	波斯戰衣	75	6.李逵	02.上衣	03.灰	00.無	(0) 無	07.怪物掉寶	0	0	1		pc06_torso_0070			100	0	358	0	0	0	0	0	0	0	0	0	0	0	0	0	0	0	0	0	0	0	0	0	0	0	0	0	0	13.防禦力 - Defence	4096	21001	1	8021001	200	0	0	0
	2220	5000	波斯戰鞋	75	6.李逵	03.褲子	03.灰	00.無	(0) 無	07.怪物掉寶	0	0	2		pc06_pelvis_0070			100	0	208	0	0	0	0	0	0	0	0	0	0	0	0	0	0	0	0	0	0	0	0	0	0	0	0	0	0	13.防禦力 - Defence	4096	21001	1	8021001	200	0	0	0
	2221	5000	波斯斧頭	75	6.李逵	04.武器	03.灰	00.無	(0) 無	07.怪物掉寶	0	0	3		pc06_weapon_0070			100	1426	0	0	0	0	0	0	0	0	0	0	0	0	0	0	0	0	0	0	0	0	0	0	0	0	0	0	0	12.攻擊力 - Attack	2048	11001	1	8011001	420	0	0	0
	2222	5000	無雙頭盔	75	6.李逵	01.帽子	04.白	00.無	(0) 無	03.商店購買	0	0	0		pc06_hat_0070			100	0	208	0	0	0	0	0	0	0	0	0	0	0	0	0	0	0	0	0	0	0	0	0	0	0	0	0	0	13.防禦力 - Defence	4096	21001	1	8021001	180	0	0	0
	2223	5000	無雙戰衣	75	6.李逵	02.上衣	04.白	00.無	(0) 無	03.商店購買	0	0	1		pc06_torso_0070			100	0	448	0	0	0	0	0	0	0	0	0	0	0	0	0	0	0	0	0	0	0	0	0	0	0	0	0	0	13.防禦力 - Defence	4096	21001	1	8021001	180	0	0	0
	2224	5000	無雙戰鞋	75	6.李逵	03.褲子	04.白	00.無	(0) 無	03.商店購買	0	0	2		pc06_pelvis_0070			100	0	260	0	0	0	0	0	0	0	0	0	0	0	0	0	0	0	0	0	0	0	0	0	0	0	0	0	0	13.防禦力 - Defence	4096	21001	1	8021001	180	0	0	0
	2225	5000	無雙斧頭	75	6.李逵	04.武器	04.白	00.無	(0) 無	03.商店購買	0	0	3		pc06_weapon_0070			100	1783	0	0	0	0	0	0	0	0	0	0	0	0	0	0	0	0	0	0	0	0	0	0	0	0	0	0	0	12.攻擊力 - Attack	2048	11001	1	8011001	380	0	0	0
	2226	5000	戰國頭盔	75	6.李逵	01.帽子	05.綠	00.無	(1) 智慧	07.怪物掉寶	0	0	0		pc06_hat_0070			100	0	225	0	0	0	14	0	0	0	0	0	0	0	0	0	0	0	0	0	0	0	0	0	0	0	0	0	0	13.防禦力 - Defence	4096	21001	2	8021001	190	0	0	0
	2227	5000	戰國戰衣	75	6.李逵	02.上衣	05.綠	00.無	(1) 最大 HP	07.怪物掉寶	0	0	1		pc06_torso_0070			100	0	484	0	0	0	0	0	0	0	0	0	0	0	0	0	0	0	0	470	0	0	0	0	0	0	0	0	0	13.防禦力 - Defence	4096	21001	2	8021001	190	0	0	0
	2228	5000	戰國戰鞋	75	6.李逵	03.褲子	05.綠	00.無	(1) 敏捷	07.怪物掉寶	0	0	2		pc06_pelvis_0070			100	0	281	0	17	0	0	0	0	0	0	0	0	0	0	0	0	0	0	0	0	0	0	0	0	0	0	0	0	13.防禦力 - Defence	4096	21001	2	8021001	190	0	0	0
	2229	5000	戰國斧頭	75	6.李逵	04.武器	05.綠	00.無	(1) 體能	07.怪物掉寶	0	0	3		pc06_weapon_0070			100	1926	0	0	0	23	0	0	0	0	0	0	0	0	0	0	0	0	0	0	0	0	0	0	0	0	0	0	0	12.攻擊力 - Attack	2048	11001	2	8011001	400	0	0	0
	2230	5000	印加頭盔	75	6.李逵	01.帽子	06.藍	00.無	(2) 敏 / 智 平均	12.收集品交換	0	0	0		pc06_hat_0070			100	0	258	0	14	0	12	0	0	0	0	0	0	0	0	0	0	0	0	0	0	0	0	0	0	0	0	0	0	13.防禦力 - Defence	4096	21001	2	8021001	190	0	0	0
	2231	5000	印加戰衣	75	6.李逵	02.上衣	06.藍	00.無	(2) HP / 敏	12.收集品交換	0	0	1		pc06_torso_0070			100	0	555	0	14	0	0	0	0	0	0	0	0	0	0	0	0	0	0	410	0	0	0	0	0	0	0	0	0	13.防禦力 - Defence	4096	21001	2	8021001	190	0	0	0
	2232	5000	印加戰鞋	75	6.李逵	03.褲子	06.藍	00.無	(2) 敏 / 體 平均	12.收集品交換	0	0	2		pc06_pelvis_0070			100	0	323	0	14	20	0	0	0	0	0	0	0	0	0	0	0	0	0	0	0	0	0	0	0	0	0	0	0	13.防禦力 - Defence	4096	21001	2	8021001	190	0	0	0
	2233	5000	印加斧頭	75	6.李逵	04.武器	06.藍	00.無	(2) 體 / 智 平均	12.收集品交換	0	0	3		pc06_weapon_0070			100	2192	0	0	0	20	12	0	0	0	0	0	0	0	0	0	0	0	0	0	0	0	0	0	0	0	0	0	0	12.攻擊力 - Attack	2048	11001	2	8011001	410	0	0	0
	2234	5000	使命頭盔	80	6.李逵	01.帽子	03.灰	00.無	(0) 無	07.怪物掉寶	0	0	0		pc06_hat_0071			100	0	197	0	0	0	0	0	0	0	0	0	0	0	0	0	0	0	0	0	0	0	0	0	0	0	0	0	0	13.防禦力 - Defence	4096	21001	1	8021001	200	0	0	0
	2235	5000	使命戰衣	80	6.李逵	02.上衣	03.灰	00.無	(0) 無	07.怪物掉寶	0	0	1		pc06_torso_0071			100	0	423	0	0	0	0	0	0	0	0	0	0	0	0	0	0	0	0	0	0	0	0	0	0	0	0	0	0	13.防禦力 - Defence	4096	21001	1	8021001	200	0	0	0
	2236	5000	使命戰鞋	80	6.李逵	03.褲子	03.灰	00.無	(0) 無	07.怪物掉寶	0	0	2		pc06_pelvis_0071			100	0	246	0	0	0	0	0	0	0	0	0	0	0	0	0	0	0	0	0	0	0	0	0	0	0	0	0	0	13.防禦力 - Defence	4096	21001	1	8021001	200	0	0	0
	2237	5000	使命斧頭	80	6.李逵	04.武器	03.灰	00.無	(0) 無	07.怪物掉寶	0	0	3		pc06_weapon_0071			100	1670	0	0	0	0	0	0	0	0	0	0	0	0	0	0	0	0	0	0	0	0	0	0	0	0	0	0	0	12.攻擊力 - Attack	2048	11001	1	8011001	420	0	0	0
	2238	5000	和平頭盔	80	6.李逵	01.帽子	04.白	00.無	(0) 無	03.商店購買	0	0	0		pc06_hat_0071			100	0	246	0	0	0	0	0	0	0	0	0	0	0	0	0	0	0	0	0	0	0	0	0	0	0	0	0	0	13.防禦力 - Defence	4096	21001	1	8021001	180	0	0	0
	2239	5000	和平戰衣	80	6.李逵	02.上衣	04.白	00.無	(0) 無	03.商店購買	0	0	1		pc06_torso_0071			100	0	529	0	0	0	0	0	0	0	0	0	0	0	0	0	0	0	0	0	0	0	0	0	0	0	0	0	0	13.防禦力 - Defence	4096	21001	1	8021001	180	0	0	0
	2240	5000	和平戰鞋	80	6.李逵	03.褲子	04.白	00.無	(0) 無	03.商店購買	0	0	2		pc06_pelvis_0071			100	0	307	0	0	0	0	0	0	0	0	0	0	0	0	0	0	0	0	0	0	0	0	0	0	0	0	0	0	13.防禦力 - Defence	4096	21001	1	8021001	180	0	0	0
	2241	5000	和平斧頭	80	6.李逵	04.武器	04.白	00.無	(0) 無	03.商店購買	0	0	3		pc06_weapon_0071			100	2088	0	0	0	0	0	0	0	0	0	0	0	0	0	0	0	0	0	0	0	0	0	0	0	0	0	0	0	12.攻擊力 - Attack	2048	11001	1	8011001	380	0	0	0
	2242	5000	恩典頭盔	80	6.李逵	01.帽子	05.綠	00.無	(1) 智慧	07.怪物掉寶	0	0	0		pc06_hat_0071			100	0	265	0	0	0	15	0	0	0	0	0	0	0	0	0	0	0	0	0	0	0	0	0	0	0	0	0	0	13.防禦力 - Defence	4096	21001	2	8021001	190	0	0	0
	2243	5000	恩典戰衣	80	6.李逵	02.上衣	05.綠	00.無	(1) 最大 HP	07.怪物掉寶	0	0	1		pc06_torso_0071			100	0	569	0	0	0	0	0	0	0	0	0	0	0	0	0	0	0	0	500	0	0	0	0	0	0	0	0	0	13.防禦力 - Defence	4096	21001	2	8021001	190	0	0	0
	2244	5000	恩典戰鞋	80	6.李逵	03.褲子	05.綠	00.無	(1) 敏捷	07.怪物掉寶	0	0	2		pc06_pelvis_0071			100	0	331	0	17	0	0	0	0	0	0	0	0	0	0	0	0	0	0	0	0	0	0	0	0	0	0	0	0	13.防禦力 - Defence	4096	21001	2	8021001	190	0	0	0
	2245	5000	恩典斧頭	80	6.李逵	04.武器	05.綠	00.無	(1) 體能	07.怪物掉寶	0	0	3		pc06_weapon_0071			100	2252	0	0	0	24	0	0	0	0	0	0	0	0	0	0	0	0	0	0	0	0	0	0	0	0	0	0	0	12.攻擊力 - Attack	2048	11001	2	8011001	400	0	0	0
	2246	5000	聖光頭盔	80	6.李逵	01.帽子	06.藍	00.無	(2) 敏 / 智 平均	12.收集品交換	0	0	0		pc06_hat_0071			100	0	304	0	15	0	13	0	0	0	0	0	0	0	0	0	0	0	0	0	0	0	0	0	0	0	0	0	0	13.防禦力 - Defence	4096	21001	2	8021001	190	0	0	0
	2247	5000	聖光戰衣	80	6.李逵	02.上衣	06.藍	00.無	(2) HP / 敏	12.收集品交換	0	0	1		pc06_torso_0071			100	0	653	0	14	0	0	0	0	0	0	0	0	0	0	0	0	0	0	430	0	0	0	0	0	0	0	0	0	13.防禦力 - Defence	4096	21001	2	8021001	190	0	0	0
	2248	5000	聖光戰鞋	80	6.李逵	03.褲子	06.藍	00.無	(2) 敏 / 體 平均	12.收集品交換	0	0	2		pc06_pelvis_0071			100	0	380	0	15	21	0	0	0	0	0	0	0	0	0	0	0	0	0	0	0	0	0	0	0	0	0	0	0	13.防禦力 - Defence	4096	21001	2	8021001	190	0	0	0
	2249	5000	聖光斧頭	80	6.李逵	04.武器	06.藍	00.無	(2) 體 / 智 平均	12.收集品交換	0	0	3		pc06_weapon_0071			100	2559	0	0	0	21	13	0	0	0	0	0	0	0	0	0	0	0	0	0	0	0	0	0	0	0	0	0	0	12.攻擊力 - Attack	2048	11001	2	8011001	410	0	0	0
	2250	5000	櫻花紋頭盔	80	6.李逵	01.帽子	07.紫	00.無	(3) MP / 敏 / 智	07.怪物掉寶	0	0	0		pc06_hat_0072			100	0	355	0	13	0	11	0	0	0	0	0	0	0	0	0	0	0	0	0	580	0	0	0	0	0	0	0	0	13.防禦力 - Defence	4096	21001	3	8021001	200	0	0	0
	2251	5000	櫻花紋衣	80	6.李逵	02.上衣	07.紫	00.無	(3) HP / 敏 / 智	07.怪物掉寶	0	0	1		pc06_torso_0072			100	0	763	0	13	0	11	0	0	0	0	0	0	0	0	0	0	0	0	370	0	0	0	0	0	0	0	0	0	13.防禦力 - Defence	4096	21001	3	8021001	200	0	0	0
	2252	5000	櫻花紋鞋	80	6.李逵	03.褲子	07.紫	00.無	(3) MP / 敏 / 體	07.怪物掉寶	0	0	2		pc06_pelvis_0072			100	0	444	0	13	18	0	0	0	0	0	0	0	0	0	0	0	0	0	0	290	0	0	0	0	0	0	0	0	13.防禦力 - Defence	4096	21001	3	8021001	200	0	0	0
	2253	5000	櫻花紋斧頭	80	6.李逵	04.武器	07.紫	00.無	(3) HP / 體 / 智	07.怪物掉寶	0	0	3		pc06_weapon_0072			100	2978	0	0	0	18	11	0	0	0	0	0	0	0	0	0	0	0	0	190	0	0	0	0	0	0	0	0	0	12.攻擊力 - Attack	2048	11001	3	8011001	420	0	0	0
	2254	5000	龍吼頭盔	85	6.李逵	01.帽子	03.灰	00.無	(0) 無	07.怪物掉寶	0	0	0		pc06_hat_0080			100	0	231	0	0	0	0	0	0	0	0	0	0	0	0	0	0	0	0	0	0	0	0	0	0	0	0	0	0	13.防禦力 - Defence	4096	21001	1	10021001	200	0	0	0
	2255	5000	龍吼戰衣	85	6.李逵	02.上衣	03.灰	00.無	(0) 無	07.怪物掉寶	0	0	1		pc06_torso_0080			100	0	497	0	0	0	0	0	0	0	0	0	0	0	0	0	0	0	0	0	0	0	0	0	0	0	0	0	0	13.防禦力 - Defence	4096	21001	1	10021001	200	0	0	0
	2256	5000	龍吼戰鞋	85	6.李逵	03.褲子	03.灰	00.無	(0) 無	07.怪物掉寶	0	0	2		pc06_pelvis_0080			100	0	289	0	0	0	0	0	0	0	0	0	0	0	0	0	0	0	0	0	0	0	0	0	0	0	0	0	0	13.防禦力 - Defence	4096	21001	1	10021001	200	0	0	0
	2257	5000	龍吼斧頭	85	6.李逵	04.武器	03.灰	00.無	(0) 無	07.怪物掉寶	0	0	3		pc06_weapon_0080			100	1950	0	0	0	0	0	0	0	0	0	0	0	0	0	0	0	0	0	0	0	0	0	0	0	0	0	0	0	12.攻擊力 - Attack	2048	11001	1	10011001	420	0	0	0
	2258	5000	龍騎頭盔	85	6.李逵	01.帽子	04.白	00.無	(0) 無	03.商店購買	0	0	0		pc06_hat_0080			100	0	289	0	0	0	0	0	0	0	0	0	0	0	0	0	0	0	0	0	0	0	0	0	0	0	0	0	0	13.防禦力 - Defence	4096	21001	1	10021001	180	0	0	0
	2259	5000	龍騎戰衣	85	6.李逵	02.上衣	04.白	00.無	(0) 無	03.商店購買	0	0	1		pc06_torso_0080			100	0	622	0	0	0	0	0	0	0	0	0	0	0	0	0	0	0	0	0	0	0	0	0	0	0	0	0	0	13.防禦力 - Defence	4096	21001	1	10021001	180	0	0	0
	2260	5000	龍騎戰鞋	85	6.李逵	03.褲子	04.白	00.無	(0) 無	03.商店購買	0	0	2		pc06_pelvis_0080			100	0	361	0	0	0	0	0	0	0	0	0	0	0	0	0	0	0	0	0	0	0	0	0	0	0	0	0	0	13.防禦力 - Defence	4096	21001	1	10021001	180	0	0	0
	2261	5000	龍騎斧頭	85	6.李逵	04.武器	04.白	00.無	(0) 無	03.商店購買	0	0	3		pc06_weapon_0080			100	2437	0	0	0	0	0	0	0	0	0	0	0	0	0	0	0	0	0	0	0	0	0	0	0	0	0	0	0	12.攻擊力 - Attack	2048	11001	1	10011001	380	0	0	0
	2262	5000	龍魂頭盔	85	6.李逵	01.帽子	05.綠	00.無	(1) 智慧	07.怪物掉寶	0	0	0		pc06_hat_0080			100	0	311	0	0	0	16	0	0	0	0	0	0	0	0	0	0	0	0	0	0	0	0	0	0	0	0	0	0	13.防禦力 - Defence	4096	21001	2	10021001	190	0	0	0
	2263	5000	龍魂戰衣	85	6.李逵	02.上衣	05.綠	00.無	(1) 最大 HP	07.怪物掉寶	0	0	1		pc06_torso_0080			100	0	668	0	0	0	0	0	0	0	0	0	0	0	0	0	0	0	0	530	0	0	0	0	0	0	0	0	0	13.防禦力 - Defence	4096	21001	2	10021001	190	0	0	0
	2264	5000	龍魂戰鞋	85	6.李逵	03.褲子	05.綠	00.無	(1) 敏捷	07.怪物掉寶	0	0	2		pc06_pelvis_0080			100	0	388	0	18	0	0	0	0	0	0	0	0	0	0	0	0	0	0	0	0	0	0	0	0	0	0	0	0	13.防禦力 - Defence	4096	21001	2	10021001	190	0	0	0
	2265	5000	龍魂斧頭	85	6.李逵	04.武器	05.綠	00.無	(1) 體能	07.怪物掉寶	0	0	3		pc06_weapon_0080			100	2624	0	0	0	26	0	0	0	0	0	0	0	0	0	0	0	0	0	0	0	0	0	0	0	0	0	0	0	12.攻擊力 - Attack	2048	11001	2	10011001	400	0	0	0
	2266	5000	龍徽頭盔	85	6.李逵	01.帽子	06.藍	00.無	(2) 敏 / 智 平均	12.收集品交換	0	0	0		pc06_hat_0080			100	0	355	0	16	0	14	0	0	0	0	0	0	0	0	0	0	0	0	0	0	0	0	0	0	0	0	0	0	13.防禦力 - Defence	4096	21001	2	10021001	190	0	0	0
	2267	5000	龍徽戰衣	85	6.李逵	02.上衣	06.藍	00.無	(2) HP / 敏	12.收集品交換	0	0	1		pc06_torso_0080			100	0	763	0	15	0	0	0	0	0	0	0	0	0	0	0	0	0	0	450	0	0	0	0	0	0	0	0	0	13.防禦力 - Defence	4096	21001	2	10021001	190	0	0	0
	2268	5000	龍徽戰鞋	85	6.李逵	03.褲子	06.藍	00.無	(2) 敏 / 體 平均	12.收集品交換	0	0	2		pc06_pelvis_0080			100	0	444	0	16	22	0	0	0	0	0	0	0	0	0	0	0	0	0	0	0	0	0	0	0	0	0	0	0	13.防禦力 - Defence	4096	21001	2	10021001	190	0	0	0
	2269	5000	龍徽斧頭	85	6.李逵	04.武器	06.藍	00.無	(2) 體 / 智 平均	12.收集品交換	0	0	3		pc06_weapon_0080			100	2978	0	0	0	22	14	0	0	0	0	0	0	0	0	0	0	0	0	0	0	0	0	0	0	0	0	0	0	12.攻擊力 - Attack	2048	11001	2	10011001	410	0	0	0
	2270	5000	惡龍頭盔	90	6.李逵	01.帽子	03.灰	00.無	(0) 無	07.怪物掉寶	0	0	0		pc06_hat_0081			100	0	271	0	0	0	0	0	0	0	0	0	0	0	0	0	0	0	0	0	0	0	0	0	0	0	0	0	0	13.防禦力 - Defence	4096	21001	1	10021001	200	0	0	0
	2271	5000	惡龍戰衣	90	6.李逵	02.上衣	03.灰	00.無	(0) 無	07.怪物掉寶	0	0	1		pc06_torso_0081			100	0	582	0	0	0	0	0	0	0	0	0	0	0	0	0	0	0	0	0	0	0	0	0	0	0	0	0	0	13.防禦力 - Defence	4096	21001	1	10021001	200	0	0	0
	2272	5000	惡龍戰鞋	90	6.李逵	03.褲子	03.灰	00.無	(0) 無	07.怪物掉寶	0	0	2		pc06_pelvis_0081			100	0	338	0	0	0	0	0	0	0	0	0	0	0	0	0	0	0	0	0	0	0	0	0	0	0	0	0	0	13.防禦力 - Defence	4096	21001	1	10021001	200	0	0	0
	2273	5000	惡龍斧頭	90	6.李逵	04.武器	03.灰	00.無	(0) 無	07.怪物掉寶	0	0	3		pc06_weapon_0081			100	2269	0	0	0	0	0	0	0	0	0	0	0	0	0	0	0	0	0	0	0	0	0	0	0	0	0	0	0	12.攻擊力 - Attack	2048	11001	1	10011001	420	0	0	0
	2274	5000	鐵龍頭盔	90	6.李逵	01.帽子	04.白	00.無	(0) 無	03.商店購買	0	0	0		pc06_hat_0081			100	0	338	0	0	0	0	0	0	0	0	0	0	0	0	0	0	0	0	0	0	0	0	0	0	0	0	0	0	13.防禦力 - Defence	4096	21001	1	10021001	180	0	0	0
	2275	5000	鐵龍戰衣	90	6.李逵	02.上衣	04.白	00.無	(0) 無	03.商店購買	0	0	1		pc06_torso_0081			100	0	727	0	0	0	0	0	0	0	0	0	0	0	0	0	0	0	0	0	0	0	0	0	0	0	0	0	0	13.防禦力 - Defence	4096	21001	1	10021001	180	0	0	0
	2276	5000	鐵龍戰鞋	90	6.李逵	03.褲子	04.白	00.無	(0) 無	03.商店購買	0	0	2		pc06_pelvis_0081			100	0	423	0	0	0	0	0	0	0	0	0	0	0	0	0	0	0	0	0	0	0	0	0	0	0	0	0	0	13.防禦力 - Defence	4096	21001	1	10021001	180	0	0	0
	2277	5000	鐵龍斧頭	90	6.李逵	04.武器	04.白	00.無	(0) 無	03.商店購買	0	0	3		pc06_weapon_0081			100	2837	0	0	0	0	0	0	0	0	0	0	0	0	0	0	0	0	0	0	0	0	0	0	0	0	0	0	0	12.攻擊力 - Attack	2048	11001	1	10011001	380	0	0	0
	2278	5000	神龍頭盔	90	6.李逵	01.帽子	05.綠	00.無	(1) 智慧	07.怪物掉寶	0	0	0		pc06_hat_0081			100	0	363	0	0	0	17	0	0	0	0	0	0	0	0	0	0	0	0	0	0	0	0	0	0	0	0	0	0	13.防禦力 - Defence	4096	21001	2	10021001	190	0	0	0
	2279	5000	神龍戰衣	90	6.李逵	02.上衣	05.綠	00.無	(1) 最大 HP	07.怪物掉寶	0	0	1		pc06_torso_0081			100	0	780	0	0	0	0	0	0	0	0	0	0	0	0	0	0	0	0	550	0	0	0	0	0	0	0	0	0	13.防禦力 - Defence	4096	21001	2	10021001	190	0	0	0
	2280	5000	神龍戰鞋	90	6.李逵	03.褲子	05.綠	00.無	(1) 敏捷	07.怪物掉寶	0	0	2		pc06_pelvis_0081			100	0	453	0	19	0	0	0	0	0	0	0	0	0	0	0	0	0	0	0	0	0	0	0	0	0	0	0	0	13.防禦力 - Defence	4096	21001	2	10021001	190	0	0	0
	2281	5000	神龍斧頭	90	6.李逵	04.武器	05.綠	00.無	(1) 體能	07.怪物掉寶	0	0	3		pc06_weapon_0081			100	3049	0	0	0	27	0	0	0	0	0	0	0	0	0	0	0	0	0	0	0	0	0	0	0	0	0	0	0	12.攻擊力 - Attack	2048	11001	2	10011001	400	0	0	0
	2282	5000	聖龍頭盔	90	6.李逵	01.帽子	06.藍	00.無	(2) 敏 / 智 平均	12.收集品交換	0	0	0		pc06_hat_0081			100	0	414	0	17	0	15	0	0	0	0	0	0	0	0	0	0	0	0	0	0	0	0	0	0	0	0	0	0	13.防禦力 - Defence	4096	21001	2	10021001	190	0	0	0
	2283	5000	聖龍戰衣	90	6.李逵	02.上衣	06.藍	00.無	(2) HP / 敏	12.收集品交換	0	0	1		pc06_torso_0081			100	0	889	0	16	0	0	0	0	0	0	0	0	0	0	0	0	0	0	480	0	0	0	0	0	0	0	0	0	13.防禦力 - Defence	4096	21001	2	10021001	190	0	0	0
	2284	5000	聖龍戰鞋	90	6.李逵	03.褲子	06.藍	00.無	(2) 敏 / 體 平均	12.收集品交換	0	0	2		pc06_pelvis_0081			100	0	517	0	17	23	0	0	0	0	0	0	0	0	0	0	0	0	0	0	0	0	0	0	0	0	0	0	0	13.防禦力 - Defence	4096	21001	2	10021001	190	0	0	0
	2285	5000	聖龍斧頭	90	6.李逵	04.武器	06.藍	00.無	(2) 體 / 智 平均	12.收集品交換	0	0	3		pc06_weapon_0081			100	3457	0	0	0	23	15	0	0	0	0	0	0	0	0	0	0	0	0	0	0	0	0	0	0	0	0	0	0	12.攻擊力 - Attack	2048	11001	2	10011001	410	0	0	0
	2286	5000	王室頭盔	95	6.李逵	01.帽子	03.灰	00.無	(0) 無	07.怪物掉寶	0	0	0		pc06_hat_0090			100	0	315	0	0	0	0	0	0	0	0	0	0	0	0	0	0	0	0	0	0	0	0	0	0	0	0	0	0	13.防禦力 - Defence	4096	21001	1	10021001	200	0	0	0
	2287	5000	王室戰衣	95	6.李逵	02.上衣	03.灰	00.無	(0) 無	07.怪物掉寶	0	0	1		pc06_torso_0090			100	0	678	0	0	0	0	0	0	0	0	0	0	0	0	0	0	0	0	0	0	0	0	0	0	0	0	0	0	13.防禦力 - Defence	4096	21001	1	10021001	200	0	0	0
	2288	5000	王室戰鞋	95	6.李逵	03.褲子	03.灰	00.無	(0) 無	07.怪物掉寶	0	0	2		pc06_pelvis_0090			100	0	394	0	0	0	0	0	0	0	0	0	0	0	0	0	0	0	0	0	0	0	0	0	0	0	0	0	0	13.防禦力 - Defence	4096	21001	1	10021001	200	0	0	0
	2289	5000	王室斧頭	95	6.李逵	04.武器	03.灰	00.無	(0) 無	07.怪物掉寶	0	0	3		pc06_weapon_0090			100	2634	0	0	0	0	0	0	0	0	0	0	0	0	0	0	0	0	0	0	0	0	0	0	0	0	0	0	0	12.攻擊力 - Attack	2048	11001	1	10011001	420	0	0	0
	2290	5000	敦煌頭盔	95	6.李逵	01.帽子	04.白	00.無	(0) 無	03.商店購買	0	0	0		pc06_hat_0090			100	0	394	0	0	0	0	0	0	0	0	0	0	0	0	0	0	0	0	0	0	0	0	0	0	0	0	0	0	13.防禦力 - Defence	4096	21001	1	10021001	180	0	0	0
	2291	5000	敦煌戰衣	95	6.李逵	02.上衣	04.白	00.無	(0) 無	03.商店購買	0	0	1		pc06_torso_0090			100	0	847	0	0	0	0	0	0	0	0	0	0	0	0	0	0	0	0	0	0	0	0	0	0	0	0	0	0	13.防禦力 - Defence	4096	21001	1	10021001	180	0	0	0
	2292	5000	敦煌戰鞋	95	6.李逵	03.褲子	04.白	00.無	(0) 無	03.商店購買	0	0	2		pc06_pelvis_0090			100	0	492	0	0	0	0	0	0	0	0	0	0	0	0	0	0	0	0	0	0	0	0	0	0	0	0	0	0	13.防禦力 - Defence	4096	21001	1	10021001	180	0	0	0
	2293	5000	敦煌斧頭	95	6.李逵	04.武器	04.白	00.無	(0) 無	03.商店購買	0	0	3		pc06_weapon_0090			100	3293	0	0	0	0	0	0	0	0	0	0	0	0	0	0	0	0	0	0	0	0	0	0	0	0	0	0	0	12.攻擊力 - Attack	2048	11001	1	10011001	380	0	0	0
	2294	5000	金珀頭盔	95	6.李逵	01.帽子	05.綠	00.無	(1) 智慧	07.怪物掉寶	0	0	0		pc06_hat_0090			100	0	422	0	0	0	18	0	0	0	0	0	0	0	0	0	0	0	0	0	0	0	0	0	0	0	0	0	0	13.防禦力 - Defence	4096	21001	2	10021001	190	0	0	0
	2295	5000	金珀戰衣	95	6.李逵	02.上衣	05.綠	00.無	(1) 最大 HP	07.怪物掉寶	0	0	1		pc06_torso_0090			100	0	907	0	0	0	0	0	0	0	0	0	0	0	0	0	0	0	0	580	0	0	0	0	0	0	0	0	0	13.防禦力 - Defence	4096	21001	2	10021001	190	0	0	0
	2296	5000	金珀戰鞋	95	6.李逵	03.褲子	05.綠	00.無	(1) 敏捷	07.怪物掉寶	0	0	2		pc06_pelvis_0090			100	0	527	0	20	0	0	0	0	0	0	0	0	0	0	0	0	0	0	0	0	0	0	0	0	0	0	0	0	13.防禦力 - Defence	4096	21001	2	10021001	190	0	0	0
	2297	5000	金珀斧頭	95	6.李逵	04.武器	05.綠	00.無	(1) 體能	07.怪物掉寶	0	0	3		pc06_weapon_0090			100	3534	0	0	0	28	0	0	0	0	0	0	0	0	0	0	0	0	0	0	0	0	0	0	0	0	0	0	0	12.攻擊力 - Attack	2048	11001	2	10011001	400	0	0	0
	2298	5000	佛光頭盔	95	6.李逵	01.帽子	06.藍	00.無	(2) 敏 / 智 平均	12.收集品交換	0	0	0		pc06_hat_0090			100	0	481	0	18	0	15	0	0	0	0	0	0	0	0	0	0	0	0	0	0	0	0	0	0	0	0	0	0	13.防禦力 - Defence	4096	21001	2	10021001	190	0	0	0
	2299	5000	佛光戰衣	95	6.李逵	02.上衣	06.藍	00.無	(2) HP / 敏	12.收集品交換	0	0	1		pc06_torso_0090			100	0	1034	0	17	0	0	0	0	0	0	0	0	0	0	0	0	0	0	500	0	0	0	0	0	0	0	0	0	13.防禦力 - Defence	4096	21001	2	10021001	190	0	0	0
	2300	5000	佛光戰鞋	95	6.李逵	03.褲子	06.藍	00.無	(2) 敏 / 體 平均	12.收集品交換	0	0	2		pc06_pelvis_0090			100	0	601	0	18	24	0	0	0	0	0	0	0	0	0	0	0	0	0	0	0	0	0	0	0	0	0	0	0	13.防禦力 - Defence	4096	21001	2	10021001	190	0	0	0
	2301	5000	佛光斧頭	95	6.李逵	04.武器	06.藍	00.無	(2) 體 / 智 平均	12.收集品交換	0	0	3		pc06_weapon_0090			100	4004	0	0	0	24	15	0	0	0	0	0	0	0	0	0	0	0	0	0	0	0	0	0	0	0	0	0	0	12.攻擊力 - Attack	2048	11001	2	10011001	410	0	0	0
	2302	5000	天擎頭盔	99	6.李逵	01.帽子	03.灰	00.無	(0) 無	07.怪物掉寶	0	0	0		pc06_hat_0091			100	0	345	0	0	0	0	0	0	0	0	0	0	0	0	0	0	0	0	0	0	0	0	0	0	0	0	0	0	13.防禦力 - Defence	4096	21001	1	10021001	200	0	0	0
	2303	5000	天擎戰衣	99	6.李逵	02.上衣	03.灰	00.無	(0) 無	07.怪物掉寶	0	0	1		pc06_torso_0091			100	0	742	0	0	0	0	0	0	0	0	0	0	0	0	0	0	0	0	0	0	0	0	0	0	0	0	0	0	13.防禦力 - Defence	4096	21001	1	10021001	200	0	0	0
	2304	5000	天擎戰鞋	99	6.李逵	03.褲子	03.灰	00.無	(0) 無	07.怪物掉寶	0	0	2		pc06_pelvis_0091			100	0	432	0	0	0	0	0	0	0	0	0	0	0	0	0	0	0	0	0	0	0	0	0	0	0	0	0	0	13.防禦力 - Defence	4096	21001	1	10021001	200	0	0	0
	2305	5000	天擎斧頭	99	6.李逵	04.武器	03.灰	00.無	(0) 無	07.怪物掉寶	0	0	3		pc06_weapon_0091			100	2894	0	0	0	0	0	0	0	0	0	0	0	0	0	0	0	0	0	0	0	0	0	0	0	0	0	0	0	12.攻擊力 - Attack	2048	11001	1	10011001	420	0	0	0
	2306	5000	金剛頭盔	99	6.李逵	01.帽子	04.白	00.無	(0) 無	03.商店購買	0	0	0		pc06_hat_0091			100	0	432	0	0	0	0	0	0	0	0	0	0	0	0	0	0	0	0	0	0	0	0	0	0	0	0	0	0	13.防禦力 - Defence	4096	21001	1	10021001	180	0	0	0
	2307	5000	金剛戰衣	99	6.李逵	02.上衣	04.白	00.無	(0) 無	03.商店購買	0	0	1		pc06_torso_0091			100	0	928	0	0	0	0	0	0	0	0	0	0	0	0	0	0	0	0	0	0	0	0	0	0	0	0	0	0	13.防禦力 - Defence	4096	21001	1	10021001	180	0	0	0
	2308	5000	金剛戰鞋	99	6.李逵	03.褲子	04.白	00.無	(0) 無	03.商店購買	0	0	2		pc06_pelvis_0091			100	0	540	0	0	0	0	0	0	0	0	0	0	0	0	0	0	0	0	0	0	0	0	0	0	0	0	0	0	13.防禦力 - Defence	4096	21001	1	10021001	180	0	0	0
	2309	5000	金剛斧頭	99	6.李逵	04.武器	04.白	00.無	(0) 無	03.商店購買	0	0	3		pc06_weapon_0091			100	3618	0	0	0	0	0	0	0	0	0	0	0	0	0	0	0	0	0	0	0	0	0	0	0	0	0	0	0	12.攻擊力 - Attack	2048	11001	1	10011001	380	0	0	0
	2310	5000	神盾頭盔	99	6.李逵	01.帽子	05.綠	00.無	(1) 智慧	07.怪物掉寶	0	0	0		pc06_hat_0091			100	0	0	0	0	0	18	0	0	0	0	0	0	0	0	0	0	0	0	0	0	0	0	0	0	0	0	0	0	13.防禦力 - Defence	4096	21001	2	10021001	190	0	0	0
	2311	5000	神盾戰衣	99	6.李逵	02.上衣	05.綠	00.無	(1) 最大 HP	07.怪物掉寶	0	0	1		pc06_torso_0091			100	0	0	0	0	0	0	0	0	0	0	0	0	0	0	0	0	0	0	600	0	0	0	0	0	0	0	0	0	13.防禦力 - Defence	4096	21001	2	10021001	190	0	0	0
	2312	5000	神盾戰鞋	99	6.李逵	03.褲子	05.綠	00.無	(1) 敏捷	07.怪物掉寶	0	0	2		pc06_pelvis_0091			100	0	0	0	21	0	0	0	0	0	0	0	0	0	0	0	0	0	0	0	0	0	0	0	0	0	0	0	0	13.防禦力 - Defence	4096	21001	2	10021001	190	0	0	0
	2313	5000	神盾斧頭	99	6.李逵	04.武器	05.綠	00.無	(1) 體能	07.怪物掉寶	0	0	3		pc06_weapon_0091			100	0	0	0	0	30	0	0	0	0	0	0	0	0	0	0	0	0	0	0	0	0	0	0	0	0	0	0	0	12.攻擊力 - Attack	2048	11001	2	10011001	400	0	0	0
	2314	5000	聖光頭盔	99	6.李逵	01.帽子	06.藍	00.無	(2) 敏 / 智 平均	12.收集品交換	0	0	0		pc06_hat_0091			100	0	0	0	18	0	16	0	0	0	0	0	0	0	0	0	0	0	0	0	0	0	0	0	0	0	0	0	0	13.防禦力 - Defence	4096	21001	2	10021001	190	0	0	0
	2315	5000	聖光戰衣	99	6.李逵	02.上衣	06.藍	00.無	(2) HP / 敏	12.收集品交換	0	0	1		pc06_torso_0091			100	0	0	0	17	0	0	0	0	0	0	0	0	0	0	0	0	0	0	520	0	0	0	0	0	0	0	0	0	13.防禦力 - Defence	4096	21001	2	10021001	190	0	0	0
	2316	5000	聖光戰鞋	99	6.李逵	03.褲子	06.藍	00.無	(2) 敏 / 體 平均	12.收集品交換	0	0	2		pc06_pelvis_0091			100	0	0	0	18	25	0	0	0	0	0	0	0	0	0	0	0	0	0	0	0	0	0	0	0	0	0	0	0	13.防禦力 - Defence	4096	21001	2	10021001	190	0	0	0
	2317	5000	聖光斧頭	99	6.李逵	04.武器	06.藍	00.無	(2) 體 / 智 平均	12.收集品交換	0	0	3		pc06_weapon_0091			100	0	0	0	0	25	16	0	0	0	0	0	0	0	0	0	0	0	0	0	0	0	0	0	0	0	0	0	0	12.攻擊力 - Attack	2048	11001	2	10011001	410	0	0	0
	2318	5000	酋長帽	99	6.李逵	01.帽子	07.紫	00.無	(3) MP / 敏 / 智	07.怪物掉寶	0	0	0		pc06_hat_0092			100	0	0	0	16	0	13	0	0	0	0	0	0	0	0	0	0	0	0	0	690	0	0	0	0	0	0	0	0	13.防禦力 - Defence	4096	21001	3	10021001	200	0	0	0
	2319	5000	酋長衣	99	6.李逵	02.上衣	07.紫	00.無	(3) HP / 敏 / 智	07.怪物掉寶	0	0	1		pc06_torso_0092			100	0	0	0	16	0	13	0	0	0	0	0	0	0	0	0	0	0	0	440	0	0	0	0	0	0	0	0	0	13.防禦力 - Defence	4096	21001	3	10021001	200	0	0	0
	2320	5000	酋長鞋	99	6.李逵	03.褲子	07.紫	00.無	(3) MP / 敏 / 體	07.怪物掉寶	0	0	2		pc06_pelvis_0092			100	0	0	0	16	21	0	0	0	0	0	0	0	0	0	0	0	0	0	0	350	0	0	0	0	0	0	0	0	13.防禦力 - Defence	4096	21001	3	10021001	200	0	0	0
	2321	5000	酋長斧頭	99	6.李逵	04.武器	07.紫	00.無	(3) HP / 體 / 智	07.怪物掉寶	0	0	3		pc06_weapon_0092			100	0	0	0	0	21	13	0	0	0	0	0	0	0	0	0	0	0	0	220	0	0	0	0	0	0	0	0	0	12.攻擊力 - Attack	2048	11001	3	10011001	420	0	0	0
	2322	5000	顧大嫂帽	1	7.顧大嫂	01.帽子	02.初始	00.無	(0) 無	02.初始	130	13	0		pc07_hat_0000			100	0	9	0	0	0	0	0	0	0	0	0	0	0	0	0	0	0	0	0	0	0	0	0	0	0	0	0	0	13.防禦力 - Defence	4096	21001	1	2021001	270	1.05	284	0.023
	2323	5000	顧大嫂服	1	7.顧大嫂	02.上衣	02.初始	00.無	(0) 無	02.初始	170	17	1		pc07_torso_0000			100	0	19	0	0	0	0	0	0	0	0	0	0	0	0	0	0	0	0	0	0	0	0	0	0	0	0	0	0	13.防禦力 - Defence	4096	21001	1	2021001	270	1.37	370	0.023
	2324	5000	顧大嫂鞋	1	7.顧大嫂	03.褲子	02.初始	00.無	(0) 無	02.初始	150	15	2		pc07_pelvis_0000			100	0	11	0	0	0	0	0	0	0	0	0	0	0	0	0	0	0	0	0	0	0	0	0	0	0	0	0	0	13.防禦力 - Defence	4096	21001	1	2021001	270	1.21	327	0.023
	2325	5000	顧大嫂狼牙棒	1	7.顧大嫂	04.武器	02.初始	00.無	(0) 無	02.初始	280	28	3		pc07_weapon_0000			100	37	0	0	0	0	0	0	0	0	0	0	0	0	0	0	0	0	0	0	0	0	0	0	0	0	0	0	0	12.攻擊力 - Attack	2048	11001	1	2011001	580	1.05	609	0.023
	2326	5000	劣質布帽	10	7.顧大嫂	01.帽子	03.灰	00.無	(0) 無	07.怪物掉寶	630	32	0		pc07_hat_0001			100	0	17	0	0	0	0	0	0	0	0	0	0	0	0	0	0	0	0	0	0	0	0	0	0	0	0	0	0	13.防禦力 - Defence	4096	21001	1	2021001	200	2.17	434	0.073
	2327	5000	劣質布衣	10	7.顧大嫂	02.上衣	03.灰	00.無	(0) 無	07.怪物掉寶	820	41	1		pc07_torso_0001			100	0	36	0	0	0	0	0	0	0	0	0	0	0	0	0	0	0	0	0	0	0	0	0	0	0	0	0	0	13.防禦力 - Defence	4096	21001	1	2021001	200	2.83	566	0.073
	2328	5000	劣質草鞋	10	7.顧大嫂	03.褲子	03.灰	00.無	(0) 無	07.怪物掉寶	720	36	2		pc07_pelvis_0001			100	0	21	0	0	0	0	0	0	0	0	0	0	0	0	0	0	0	0	0	0	0	0	0	0	0	0	0	0	13.防禦力 - Defence	4096	21001	1	2021001	200	2.48	496	0.073
	2329	5000	木狼牙棒	10	7.顧大嫂	04.武器	03.灰	00.無	(0) 無	07.怪物掉寶	"1,360"	68	3		pc07_weapon_0001			100	82	0	0	0	0	0	0	0	0	0	0	0	0	0	0	0	0	0	0	0	0	0	0	0	0	0	0	0	12.攻擊力 - Attack	2048	11001	1	2011001	420	2.23	937	0.073
	2330	5000	平民布帽	10	7.顧大嫂	01.帽子	04.白	00.無	(0) 無	03.商店購買	630	63	0		pc07_hat_0001			100	0	21	0	0	0	0	0	0	0	0	0	0	0	0	0	0	0	0	0	0	0	0	0	0	0	0	0	0	13.防禦力 - Defence	4096	21001	1	2021001	180	2.41	434	0.073
	2331	5000	平民布衣	10	7.顧大嫂	02.上衣	04.白	00.無	(0) 無	03.商店購買	820	82	1		pc07_torso_0001			100	0	45	0	0	0	0	0	0	0	0	0	0	0	0	0	0	0	0	0	0	0	0	0	0	0	0	0	0	13.防禦力 - Defence	4096	21001	1	2021001	180	3.14	566	0.073
	2332	5000	平民草鞋	10	7.顧大嫂	03.褲子	04.白	00.無	(0) 無	03.商店購買	720	72	2		pc07_pelvis_0001			100	0	26	0	0	0	0	0	0	0	0	0	0	0	0	0	0	0	0	0	0	0	0	0	0	0	0	0	0	13.防禦力 - Defence	4096	21001	1	2021001	180	2.76	497	0.073
	2333	5000	鐵狼牙棒	10	7.顧大嫂	04.武器	04.白	00.無	(0) 無	03.商店購買	"1,360"	136	3		pc07_weapon_0001			100	102	0	0	0	0	0	0	0	0	0	0	0	0	0	0	0	0	0	0	0	0	0	0	0	0	0	0	0	12.攻擊力 - Attack	2048	11001	1	2011001	380	2.47	939	0.073
	2334	5000	傳統布帽	10	7.顧大嫂	01.帽子	05.綠	00.無	(1) 智慧	07.怪物掉寶	630	32	0		pc07_hat_0001			100	0	24	0	0	0	4	0	0	0	0	0	0	0	0	0	0	0	0	0	0	0	0	0	0	0	0	0	0	13.防禦力 - Defence	4096	21001	2	2021001	190	2.29	436	0.073
	2335	5000	傳統布衣	10	7.顧大嫂	02.上衣	05.綠	00.無	(1) 最大 HP	07.怪物掉寶	820	41	1		pc07_torso_0001			100	0	52	0	0	0	0	0	0	0	0	0	0	0	0	0	0	0	0	70	0	0	0	0	0	0	0	0	0	13.防禦力 - Defence	4096	21001	2	2021001	190	2.97	565	0.073
	2336	5000	傳統草鞋	10	7.顧大嫂	03.褲子	05.綠	00.無	(1) 敏捷	07.怪物掉寶	720	36	2		pc07_pelvis_0001			100	0	30	0	4	0	0	0	0	0	0	0	0	0	0	0	0	0	0	0	0	0	0	0	0	0	0	0	0	13.防禦力 - Defence	4096	21001	2	2021001	190	2.61	496	0.073
	2337	5000	銅狼牙棒	10	7.顧大嫂	04.武器	05.綠	00.無	(1) 體能	07.怪物掉寶	"1,360"	68	3		pc07_weapon_0001			100	126	0	0	0	4	0	0	0	0	0	0	0	0	0	0	0	0	0	0	0	0	0	0	0	0	0	0	0	12.攻擊力 - Attack	2048	11001	2	2011001	400	2.34	936	0.073
	2338	5000	高級布帽	10	7.顧大嫂	01.帽子	06.藍	00.無	(2) 敏 / 智 平均	12.收集品交換	630	32	0		pc07_hat_0001			100	0	31	0	4	0	4	0	0	0	0	0	0	0	0	0	0	0	0	0	0	0	0	0	0	0	0	0	0	13.防禦力 - Defence	4096	21001	2	2021001	190	2.29	436	0.073
	2339	5000	高級布衣	10	7.顧大嫂	02.上衣	06.藍	00.無	(2) HP / 敏	12.收集品交換	820	41	1		pc07_torso_0001			100	0	66	0	4	0	0	0	0	0	0	0	0	0	0	0	0	0	0	70	0	0	0	0	0	0	0	0	0	13.防禦力 - Defence	4096	21001	2	2021001	190	2.97	565	0.073
	2340	5000	高級草鞋	10	7.顧大嫂	03.褲子	06.藍	00.無	(2) 敏 / 體 平均	12.收集品交換	720	36	2		pc07_pelvis_0001			100	0	38	0	4	3	0	0	0	0	0	0	0	0	0	0	0	0	0	0	0	0	0	0	0	0	0	0	0	13.防禦力 - Defence	4096	21001	2	2021001	190	2.61	496	0.073
	2341	5000	銀狼牙棒	10	7.顧大嫂	04.武器	06.藍	00.無	(2) 體 / 智 平均	12.收集品交換	"1,360"	68	3		pc07_weapon_0001			100	155	0	0	0	3	4	0	0	0	0	0	0	0	0	0	0	0	0	0	0	0	0	0	0	0	0	0	0	12.攻擊力 - Attack	2048	11001	2	2011001	410	2.29	939	0.073
	2342	5000	八爪帽	15	7.顧大嫂	01.帽子	03.灰	00.無	(0) 無	07.怪物掉寶	"2,330"	117	0		pc07_hat_0010			100	0	23	0	0	0	0	0	0	0	0	0	0	0	0	0	0	0	0	0	0	0	0	0	0	0	0	0	0	13.防禦力 - Defence	4096	21001	1	2021001	200	4.24	848	0.138
	2343	5000	八爪衣	15	7.顧大嫂	02.上衣	03.灰	00.無	(0) 無	07.怪物掉寶	"3,000"	150	1		pc07_torso_0010			100	0	50	0	0	0	0	0	0	0	0	0	0	0	0	0	0	0	0	0	0	0	0	0	0	0	0	0	0	13.防禦力 - Defence	4096	21001	1	2021001	200	5.46	"1,092"	0.138
	2344	5000	八爪鞋	15	7.顧大嫂	03.褲子	03.灰	00.無	(0) 無	07.怪物掉寶	"2,660"	133	2		pc07_pelvis_0010			100	0	29	0	0	0	0	0	0	0	0	0	0	0	0	0	0	0	0	0	0	0	0	0	0	0	0	0	0	13.防禦力 - Defence	4096	21001	1	2021001	200	4.84	968	0.138
	2345	5000	八爪狼牙棒	15	7.顧大嫂	04.武器	03.灰	00.無	(0) 無	07.怪物掉寶	"4,990"	250	3		pc07_weapon_0010			100	118	0	0	0	0	0	0	0	0	0	0	0	0	0	0	0	0	0	0	0	0	0	0	0	0	0	0	0	12.攻擊力 - Attack	2048	11001	1	2011001	420	4.32	"1,815"	0.138
	2346	5000	魷魚帽	15	7.顧大嫂	01.帽子	04.白	00.無	(0) 無	03.商店購買	"2,330"	233	0		pc07_hat_0010			100	0	29	0	0	0	0	0	0	0	0	0	0	0	0	0	0	0	0	0	0	0	0	0	0	0	0	0	0	13.防禦力 - Defence	4096	21001	1	2021001	180	4.71	848	0.138
	2347	5000	魷魚衣	15	7.顧大嫂	02.上衣	04.白	00.無	(0) 無	03.商店購買	"3,000"	300	1		pc07_torso_0010			100	0	63	0	0	0	0	0	0	0	0	0	0	0	0	0	0	0	0	0	0	0	0	0	0	0	0	0	0	13.防禦力 - Defence	4096	21001	1	2021001	180	6.06	"1,091"	0.138
	2348	5000	魷魚鞋	15	7.顧大嫂	03.褲子	04.白	00.無	(0) 無	03.商店購買	"2,660"	266	2		pc07_pelvis_0010			100	0	37	0	0	0	0	0	0	0	0	0	0	0	0	0	0	0	0	0	0	0	0	0	0	0	0	0	0	13.防禦力 - Defence	4096	21001	1	2021001	180	5.37	967	0.138
	2349	5000	魷魚狼牙棒	15	7.顧大嫂	04.武器	04.白	00.無	(0) 無	03.商店購買	"4,990"	499	3		pc07_weapon_0010			100	148	0	0	0	0	0	0	0	0	0	0	0	0	0	0	0	0	0	0	0	0	0	0	0	0	0	0	0	12.攻擊力 - Attack	2048	11001	1	2011001	380	4.78	"1,817"	0.138
	2350	5000	章魚帽	15	7.顧大嫂	01.帽子	05.綠	00.無	(1) 智慧	07.怪物掉寶	"2,330"	117	0		pc07_hat_0010			100	0	33	0	0	0	5	0	0	0	0	0	0	0	0	0	0	0	0	0	0	0	0	0	0	0	0	0	0	13.防禦力 - Defence	4096	21001	2	2021001	190	4.46	848	0.138
	2351	5000	章魚衣	15	7.顧大嫂	02.上衣	05.綠	00.無	(1) 最大 HP	07.怪物掉寶	"3,000"	150	1		pc07_torso_0010			100	0	71	0	0	0	0	0	0	0	0	0	0	0	0	0	0	0	0	90	0	0	0	0	0	0	0	0	0	13.防禦力 - Defence	4096	21001	2	2021001	190	5.74	"1,091"	0.138
	2352	5000	章魚鞋	15	7.顧大嫂	03.褲子	05.綠	00.無	(1) 敏捷	07.怪物掉寶	"2,660"	133	2		pc07_pelvis_0010			100	0	42	0	5	0	0	0	0	0	0	0	0	0	0	0	0	0	0	0	0	0	0	0	0	0	0	0	0	13.防禦力 - Defence	4096	21001	2	2021001	190	5.09	968	0.138
	2353	5000	章魚狼牙棒	15	7.顧大嫂	04.武器	05.綠	00.無	(1) 體能	07.怪物掉寶	"4,990"	250	3		pc07_weapon_0010			100	176	0	0	0	4	0	0	0	0	0	0	0	0	0	0	0	0	0	0	0	0	0	0	0	0	0	0	0	12.攻擊力 - Attack	2048	11001	2	2011001	400	4.54	"1,816"	0.138
	2354	5000	石居帽	15	7.顧大嫂	01.帽子	06.藍	00.無	(2) 敏 / 智 平均	12.收集品交換	"2,330"	117	0		pc07_hat_0010			100	0	41	0	5	0	5	0	0	0	0	0	0	0	0	0	0	0	0	0	0	0	0	0	0	0	0	0	0	13.防禦力 - Defence	4096	21001	2	2021001	190	4.46	848	0.138
	2355	5000	石居衣	15	7.顧大嫂	02.上衣	06.藍	00.無	(2) HP / 敏	12.收集品交換	"3,000"	150	1		pc07_torso_0010			100	0	88	0	5	0	0	0	0	0	0	0	0	0	0	0	0	0	0	80	0	0	0	0	0	0	0	0	0	13.防禦力 - Defence	4096	21001	2	2021001	190	5.74	"1,091"	0.138
	2356	5000	石居鞋	15	7.顧大嫂	03.褲子	06.藍	00.無	(2) 敏 / 體 平均	12.收集品交換	"2,660"	133	2		pc07_pelvis_0010			100	0	51	0	5	4	0	0	0	0	0	0	0	0	0	0	0	0	0	0	0	0	0	0	0	0	0	0	0	13.防禦力 - Defence	4096	21001	2	2021001	190	5.09	968	0.138
	2357	5000	石居狼牙棒	15	7.顧大嫂	04.武器	06.藍	00.無	(2) 體 / 智 平均	12.收集品交換	"4,990"	250	3		pc07_weapon_0010			100	212	0	0	0	4	5	0	0	0	0	0	0	0	0	0	0	0	0	0	0	0	0	0	0	0	0	0	0	12.攻擊力 - Attack	2048	11001	2	2011001	410	4.43	"1,817"	0.138
	2358	5000	花枝帽	20	7.顧大嫂	01.帽子	03.灰	00.無	(0) 無	07.怪物掉寶	"8,540"	427	0		pc07_hat_0011			100	0	31	0	0	0	0	0	0	0	0	0	0	0	0	0	0	0	0	0	0	0	0	0	0	0	0	0	0	13.防禦力 - Defence	4096	21001	1	2021001	200	6.49	"1,298"	0.33
	2359	5000	花枝衣	20	7.顧大嫂	02.上衣	03.灰	00.無	(0) 無	07.怪物掉寶	"10,980"	549	1		pc07_torso_0011			100	0	67	0	0	0	0	0	0	0	0	0	0	0	0	0	0	0	0	0	0	0	0	0	0	0	0	0	0	13.防禦力 - Defence	4096	21001	1	2021001	200	8.34	"1,668"	0.33
	2360	5000	花枝鞋	20	7.顧大嫂	03.褲子	03.灰	00.無	(0) 無	07.怪物掉寶	"9,760"	488	2		pc07_pelvis_0011			100	0	39	0	0	0	0	0	0	0	0	0	0	0	0	0	0	0	0	0	0	0	0	0	0	0	0	0	0	13.防禦力 - Defence	4096	21001	1	2021001	200	7.41	"1,482"	0.33
	2361	5000	花枝狼牙棒	20	7.顧大嫂	04.武器	03.灰	00.無	(0) 無	07.怪物掉寶	"18,300"	915	3		pc07_weapon_0011			100	162	0	0	0	0	0	0	0	0	0	0	0	0	0	0	0	0	0	0	0	0	0	0	0	0	0	0	0	12.攻擊力 - Attack	2048	11001	1	2011001	420	6.62	"2,781"	0.33
	2362	5000	烏賊帽	20	7.顧大嫂	01.帽子	04.白	00.無	(0) 無	03.商店購買	"8,540"	854	0		pc07_hat_0011			100	0	39	0	0	0	0	0	0	0	0	0	0	0	0	0	0	0	0	0	0	0	0	0	0	0	0	0	0	13.防禦力 - Defence	4096	21001	1	2021001	180	7.21	"1,298"	0.33
	2363	5000	烏賊衣	20	7.顧大嫂	02.上衣	04.白	00.無	(0) 無	03.商店購買	"10,980"	"1,098"	1		pc07_torso_0011			100	0	84	0	0	0	0	0	0	0	0	0	0	0	0	0	0	0	0	0	0	0	0	0	0	0	0	0	0	13.防禦力 - Defence	4096	21001	1	2021001	180	9.27	"1,669"	0.33
	2364	5000	烏賊鞋	20	7.顧大嫂	03.褲子	04.白	00.無	(0) 無	03.商店購買	"9,760"	976	2		pc07_pelvis_0011			100	0	49	0	0	0	0	0	0	0	0	0	0	0	0	0	0	0	0	0	0	0	0	0	0	0	0	0	0	13.防禦力 - Defence	4096	21001	1	2021001	180	8.24	"1,484"	0.33
	2365	5000	烏賊狼牙棒	20	7.顧大嫂	04.武器	04.白	00.無	(0) 無	03.商店購買	"18,300"	"1,830"	3		pc07_weapon_0011			100	202	0	0	0	0	0	0	0	0	0	0	0	0	0	0	0	0	0	0	0	0	0	0	0	0	0	0	0	12.攻擊力 - Attack	2048	11001	1	2011001	380	7.32	"2,782"	0.33
	2366	5000	軟絲帽	20	7.顧大嫂	01.帽子	05.綠	00.無	(1) 智慧	07.怪物掉寶	"8,540"	427	0		pc07_hat_0011			100	0	43	0	0	0	6	0	0	0	0	0	0	0	0	0	0	0	0	0	0	0	0	0	0	0	0	0	0	13.防禦力 - Defence	4096	21001	2	2021001	190	6.83	"1,298"	0.33
	2367	5000	軟絲衣	20	7.顧大嫂	02.上衣	05.綠	00.無	(1) 最大 HP	07.怪物掉寶	"10,980"	549	1		pc07_torso_0011			100	0	93	0	0	0	0	0	0	0	0	0	0	0	0	0	0	0	0	110	0	0	0	0	0	0	0	0	0	13.防禦力 - Defence	4096	21001	2	2021001	190	8.78	"1,669"	0.33
	2368	5000	軟絲鞋	20	7.顧大嫂	03.褲子	05.綠	00.無	(1) 敏捷	07.怪物掉寶	"9,760"	488	2		pc07_pelvis_0011			100	0	54	0	6	0	0	0	0	0	0	0	0	0	0	0	0	0	0	0	0	0	0	0	0	0	0	0	0	13.防禦力 - Defence	4096	21001	2	2021001	190	7.8	"1,482"	0.33
	2369	5000	軟絲狼牙棒	20	7.顧大嫂	04.武器	05.綠	00.無	(1) 體能	07.怪物掉寶	"18,300"	915	3		pc07_weapon_0011			100	236	0	0	0	5	0	0	0	0	0	0	0	0	0	0	0	0	0	0	0	0	0	0	0	0	0	0	0	12.攻擊力 - Attack	2048	11001	2	2011001	400	6.95	"2,780"	0.33
	2370	5000	墨魚帽	20	7.顧大嫂	01.帽子	06.藍	00.無	(2) 敏 / 智 平均	12.收集品交換	"8,540"	427	0		pc07_hat_0011			100	0	52	0	6	0	5	0	0	0	0	0	0	0	0	0	0	0	0	0	0	0	0	0	0	0	0	0	0	13.防禦力 - Defence	4096	21001	2	2021001	190	6.83	"1,298"	0.33
	2371	5000	墨魚衣	20	7.顧大嫂	02.上衣	06.藍	00.無	(2) HP / 敏	12.收集品交換	"10,980"	549	1		pc07_torso_0011			100	0	112	0	5	0	0	0	0	0	0	0	0	0	0	0	0	0	0	100	0	0	0	0	0	0	0	0	0	13.防禦力 - Defence	4096	21001	2	2021001	190	8.78	"1,669"	0.33
	2372	5000	墨魚鞋	20	7.顧大嫂	03.褲子	06.藍	00.無	(2) 敏 / 體 平均	12.收集品交換	"9,760"	488	2		pc07_pelvis_0011			100	0	65	0	6	5	0	0	0	0	0	0	0	0	0	0	0	0	0	0	0	0	0	0	0	0	0	0	0	13.防禦力 - Defence	4096	21001	2	2021001	190	7.8	"1,482"	0.33
	2373	5000	墨魚狼牙棒	20	7.顧大嫂	04.武器	06.藍	00.無	(2) 體 / 智 平均	12.收集品交換	"18,300"	915	3		pc07_weapon_0011			100	281	0	0	0	5	5	0	0	0	0	0	0	0	0	0	0	0	0	0	0	0	0	0	0	0	0	0	0	12.攻擊力 - Attack	2048	11001	2	2011001	410	6.78	"2,780"	0.33
	2374	5000	瘦牛皮帽	35	7.顧大嫂	01.帽子	07.紫	00.無	(3) MP / 敏 / 智	07.怪物掉寶	"114,700"	"5,735"	0		pc07_hat_0012			100	0	106	0	8	0	7	0	0	0	0	0	0	0	0	0	0	0	0	0	360	0	0	0	0	0	0	0	0	13.防禦力 - Defence	4096	21001	3	4021001	200	11.78	"2,356"	2.434
	2375	5000	瘦牛皮衣	35	7.顧大嫂	02.上衣	07.紫	00.無	(3) HP / 敏 / 智	07.怪物掉寶	"147,400"	"7,370"	1		pc07_torso_0012			100	0	227	0	8	0	7	0	0	0	0	0	0	0	0	0	0	0	0	120	0	0	0	0	0	0	0	0	0	13.防禦力 - Defence	4096	21001	3	4021001	200	15.14	"3,028"	2.434
	2376	5000	瘦牛皮鞋	35	7.顧大嫂	03.褲子	07.紫	00.無	(3) MP / 敏 / 體	07.怪物掉寶	"131,000"	"6,550"	2		pc07_pelvis_0012			100	0	132	0	8	6	0	0	0	0	0	0	0	0	0	0	0	0	0	0	180	0	0	0	0	0	0	0	0	13.防禦力 - Defence	4096	21001	3	4021001	200	13.46	"2,692"	2.434
	2377	5000	牛角狼牙棒	35	7.顧大嫂	04.武器	07.紫	00.無	(3) HP / 體 / 智	07.怪物掉寶	"245,700"	"12,285"	3		pc07_weapon_0012			100	692	0	0	0	6	7	0	0	0	0	0	0	0	0	0	0	0	0	60	0	0	0	0	0	0	0	0	0	12.攻擊力 - Attack	2048	11001	3	4011001	420	12.02	"5,049"	2.434
	2378	5000	海賊帽	25	7.顧大嫂	01.帽子	03.灰	00.無	(0) 無	07.怪物掉寶	"24,600"	"1,230"	0		pc07_hat_0020			100	0	40	0	0	0	0	0	0	0	0	0	0	0	0	0	0	0	0	0	0	0	0	0	0	0	0	0	0	13.防禦力 - Defence	4096	21001	1	4021001	200	7.45	"1,490"	0.826
	2379	5000	海賊帽	25	7.顧大嫂	02.上衣	03.灰	00.無	(0) 無	07.怪物掉寶	"31,600"	"1,580"	1		pc07_torso_0020			100	0	85	0	0	0	0	0	0	0	0	0	0	0	0	0	0	0	0	0	0	0	0	0	0	0	0	0	0	13.防禦力 - Defence	4096	21001	1	4021001	200	9.57	"1,914"	0.826
	2380	5000	海賊衣	25	7.顧大嫂	03.褲子	03.灰	00.無	(0) 無	07.怪物掉寶	"28,100"	"1,405"	2		pc07_pelvis_0020			100	0	49	0	0	0	0	0	0	0	0	0	0	0	0	0	0	0	0	0	0	0	0	0	0	0	0	0	0	13.防禦力 - Defence	4096	21001	1	4021001	200	8.51	"1,702"	0.826
	2381	5000	海賊狼牙棒	25	7.顧大嫂	04.武器	03.灰	00.無	(0) 無	07.怪物掉寶	"52,600"	"2,630"	3		pc07_weapon_0020			100	214	0	0	0	0	0	0	0	0	0	0	0	0	0	0	0	0	0	0	0	0	0	0	0	0	0	0	0	12.攻擊力 - Attack	2048	11001	1	4011001	420	7.58	"3,184"	0.826
	2382	5000	水手帽	25	7.顧大嫂	01.帽子	04.白	00.無	(0) 無	03.商店購買	"24,600"	"2,460"	0		pc07_hat_0020			100	0	49	0	0	0	0	0	0	0	0	0	0	0	0	0	0	0	0	0	0	0	0	0	0	0	0	0	0	13.防禦力 - Defence	4096	21001	1	4021001	180	8.27	"1,489"	0.826
	2383	5000	水手衣	25	7.顧大嫂	02.上衣	04.白	00.無	(0) 無	03.商店購買	"31,600"	"3,160"	1		pc07_torso_0020			100	0	106	0	0	0	0	0	0	0	0	0	0	0	0	0	0	0	0	0	0	0	0	0	0	0	0	0	0	13.防禦力 - Defence	4096	21001	1	4021001	180	10.63	"1,914"	0.826
	2384	5000	水手鞋	25	7.顧大嫂	03.褲子	04.白	00.無	(0) 無	03.商店購買	"28,100"	"2,810"	2		pc07_pelvis_0020			100	0	62	0	0	0	0	0	0	0	0	0	0	0	0	0	0	0	0	0	0	0	0	0	0	0	0	0	0	13.防禦力 - Defence	4096	21001	1	4021001	180	9.45	"1,701"	0.826
	2385	5000	水手狼牙棒	25	7.顧大嫂	04.武器	04.白	00.無	(0) 無	03.商店購買	"52,600"	"5,260"	3		pc07_weapon_0020			100	268	0	0	0	0	0	0	0	0	0	0	0	0	0	0	0	0	0	0	0	0	0	0	0	0	0	0	0	12.攻擊力 - Attack	2048	11001	1	4011001	380	8.38	"3,185"	0.826
	2386	5000	大副帽	25	7.顧大嫂	01.帽子	05.綠	00.無	(1) 智慧	07.怪物掉寶	"24,600"	"1,230"	0		pc07_hat_0020			100	0	54	0	0	0	7	0	0	0	0	0	0	0	0	0	0	0	0	0	0	0	0	0	0	0	0	0	0	13.防禦力 - Defence	4096	21001	2	4021001	190	7.84	"1,490"	0.826
	2387	5000	大副衣	25	7.顧大嫂	02.上衣	05.綠	00.無	(1) 最大 HP	07.怪物掉寶	"31,600"	"1,580"	1		pc07_torso_0020			100	0	115	0	0	0	0	0	0	0	0	0	0	0	0	0	0	0	0	120	0	0	0	0	0	0	0	0	0	13.防禦力 - Defence	4096	21001	2	4021001	190	10.07	"1,914"	0.826
	2388	5000	大副鞋	25	7.顧大嫂	03.褲子	05.綠	00.無	(1) 敏捷	07.怪物掉寶	"28,100"	"1,405"	2		pc07_pelvis_0020			100	0	67	0	7	0	0	0	0	0	0	0	0	0	0	0	0	0	0	0	0	0	0	0	0	0	0	0	0	13.防禦力 - Defence	4096	21001	2	4021001	190	8.95	"1,701"	0.826
	2389	5000	大副狼牙棒	25	7.顧大嫂	04.武器	05.綠	00.無	(1) 體能	07.怪物掉寶	"52,600"	"2,630"	3		pc07_weapon_0020			100	306	0	0	0	6	0	0	0	0	0	0	0	0	0	0	0	0	0	0	0	0	0	0	0	0	0	0	0	12.攻擊力 - Attack	2048	11001	2	4011001	400	7.96	"3,184"	0.826
	2390	5000	航海王帽	25	7.顧大嫂	01.帽子	06.藍	00.無	(2) 敏 / 智 平均	12.收集品交換	"24,600"	"1,230"	0		pc07_hat_0020			100	0	64	0	7	0	6	0	0	0	0	0	0	0	0	0	0	0	0	0	0	0	0	0	0	0	0	0	0	13.防禦力 - Defence	4096	21001	2	4021001	190	7.84	"1,490"	0.826
	2391	5000	航海王衣	25	7.顧大嫂	02.上衣	06.藍	00.無	(2) HP / 敏	12.收集品交換	"31,600"	"1,580"	1		pc07_torso_0020			100	0	138	0	6	0	0	0	0	0	0	0	0	0	0	0	0	0	0	110	0	0	0	0	0	0	0	0	0	13.防禦力 - Defence	4096	21001	2	4021001	190	10.07	"1,914"	0.826
	2392	5000	航海王鞋	25	7.顧大嫂	03.褲子	06.藍	00.無	(2) 敏 / 體 平均	12.收集品交換	"28,100"	"1,405"	2		pc07_pelvis_0020			100	0	80	0	7	5	0	0	0	0	0	0	0	0	0	0	0	0	0	0	0	0	0	0	0	0	0	0	0	13.防禦力 - Defence	4096	21001	2	4021001	190	8.95	"1,701"	0.826
	2393	5000	航海王狼牙棒	25	7.顧大嫂	04.武器	06.藍	00.無	(2) 體 / 智 平均	12.收集品交換	"52,600"	"2,630"	3		pc07_weapon_0020			100	362	0	0	0	5	6	0	0	0	0	0	0	0	0	0	0	0	0	0	0	0	0	0	0	0	0	0	0	12.攻擊力 - Attack	2048	11001	2	4011001	410	7.77	"3,186"	0.826
	2394	5000	渡海帽	30	7.顧大嫂	01.帽子	03.灰	00.無	(0) 無	07.怪物掉寶	"56,300"	"2,815"	0		pc07_hat_0021			100	0	49	0	0	0	0	0	0	0	0	0	0	0	0	0	0	0	0	0	0	0	0	0	0	0	0	0	0	13.防禦力 - Defence	4096	21001	1	4021001	200	8.49	"1,698"	1.658
	2395	5000	渡海衣	30	7.顧大嫂	02.上衣	03.灰	00.無	(0) 無	07.怪物掉寶	"72,400"	"3,620"	1		pc07_torso_0021			100	0	105	0	0	0	0	0	0	0	0	0	0	0	0	0	0	0	0	0	0	0	0	0	0	0	0	0	0	13.防禦力 - Defence	4096	21001	1	4021001	200	10.92	"2,184"	1.658
	2396	5000	渡海鞋	30	7.顧大嫂	03.褲子	03.灰	00.無	(0) 無	07.怪物掉寶	"64,400"	"3,220"	2		pc07_pelvis_0021			100	0	61	0	0	0	0	0	0	0	0	0	0	0	0	0	0	0	0	0	0	0	0	0	0	0	0	0	0	13.防禦力 - Defence	4096	21001	1	4021001	200	9.71	"1,942"	1.658
	2397	5000	渡海狼牙棒	30	7.顧大嫂	04.武器	03.灰	00.無	(0) 無	07.怪物掉寶	"120,700"	"6,035"	3		pc07_weapon_0021			100	276	0	0	0	0	0	0	0	0	0	0	0	0	0	0	0	0	0	0	0	0	0	0	0	0	0	0	0	12.攻擊力 - Attack	2048	11001	1	4011001	420	8.67	"3,642"	1.658
	2398	5000	乘風帽	30	7.顧大嫂	01.帽子	04.白	00.無	(0) 無	03.商店購買	"56,300"	"5,630"	0		pc07_hat_0021			100	0	61	0	0	0	0	0	0	0	0	0	0	0	0	0	0	0	0	0	0	0	0	0	0	0	0	0	0	13.防禦力 - Defence	4096	21001	1	4021001	180	9.43	"1,698"	1.658
	2399	5000	乘風衣	30	7.顧大嫂	02.上衣	04.白	00.無	(0) 無	03.商店購買	"72,400"	"7,240"	1		pc07_torso_0021			100	0	131	0	0	0	0	0	0	0	0	0	0	0	0	0	0	0	0	0	0	0	0	0	0	0	0	0	0	13.防禦力 - Defence	4096	21001	1	4021001	180	12.13	"2,184"	1.658
	2400	5000	乘風鞋	30	7.顧大嫂	03.褲子	04.白	00.無	(0) 無	03.商店購買	"64,400"	"6,440"	2		pc07_pelvis_0021			100	0	76	0	0	0	0	0	0	0	0	0	0	0	0	0	0	0	0	0	0	0	0	0	0	0	0	0	0	13.防禦力 - Defence	4096	21001	1	4021001	180	10.79	"1,943"	1.658
	2401	5000	乘風狼牙棒	30	7.顧大嫂	04.武器	04.白	00.無	(0) 無	03.商店購買	"120,700"	"12,070"	3		pc07_weapon_0021			100	344	0	0	0	0	0	0	0	0	0	0	0	0	0	0	0	0	0	0	0	0	0	0	0	0	0	0	0	12.攻擊力 - Attack	2048	11001	1	4011001	380	9.58	"3,641"	1.658
	2402	5000	浪濤帽	30	7.顧大嫂	01.帽子	05.綠	00.無	(1) 智慧	07.怪物掉寶	"56,300"	"2,815"	0		pc07_hat_0021			100	0	65	0	0	0	8	0	0	0	0	0	0	0	0	0	0	0	0	0	0	0	0	0	0	0	0	0	0	13.防禦力 - Defence	4096	21001	2	4021001	190	8.94	"1,699"	1.658
	2403	5000	浪濤衣	30	7.顧大嫂	02.上衣	05.綠	00.無	(1) 最大 HP	07.怪物掉寶	"72,400"	"3,620"	1		pc07_torso_0021			100	0	140	0	0	0	0	0	0	0	0	0	0	0	0	0	0	0	0	140	0	0	0	0	0	0	0	0	0	13.防禦力 - Defence	4096	21001	2	4021001	190	11.49	"2,184"	1.658
	2404	5000	浪濤鞋	30	7.顧大嫂	03.褲子	05.綠	00.無	(1) 敏捷	07.怪物掉寶	"64,400"	"3,220"	2		pc07_pelvis_0021			100	0	81	0	8	0	0	0	0	0	0	0	0	0	0	0	0	0	0	0	0	0	0	0	0	0	0	0	0	13.防禦力 - Defence	4096	21001	2	4021001	190	10.22	"1,942"	1.658
	2405	5000	浪濤狼牙棒	30	7.顧大嫂	04.武器	05.綠	00.無	(1) 體能	07.怪物掉寶	"120,700"	"6,035"	3		pc07_weapon_0021			100	389	0	0	0	7	0	0	0	0	0	0	0	0	0	0	0	0	0	0	0	0	0	0	0	0	0	0	0	12.攻擊力 - Attack	2048	11001	2	4011001	400	9.1	"3,640"	1.658
	2406	5000	嘯風帽	30	7.顧大嫂	01.帽子	06.藍	00.無	(2) 敏 / 智 平均	12.收集品交換	"56,300"	"2,815"	0		pc07_hat_0021			100	0	77	0	7	0	7	0	0	0	0	0	0	0	0	0	0	0	0	0	0	0	0	0	0	0	0	0	0	13.防禦力 - Defence	4096	21001	2	4021001	190	8.94	"1,699"	1.658
	2407	5000	嘯風衣	30	7.顧大嫂	02.上衣	06.藍	00.無	(2) HP / 敏	12.收集品交換	"72,400"	"3,620"	1		pc07_torso_0021			100	0	166	0	7	0	0	0	0	0	0	0	0	0	0	0	0	0	0	120	0	0	0	0	0	0	0	0	0	13.防禦力 - Defence	4096	21001	2	4021001	190	11.49	"2,184"	1.658
	2408	5000	嘯風鞋	30	7.顧大嫂	03.褲子	06.藍	00.無	(2) 敏 / 體 平均	12.收集品交換	"64,400"	"3,220"	2		pc07_pelvis_0021			100	0	97	0	7	6	0	0	0	0	0	0	0	0	0	0	0	0	0	0	0	0	0	0	0	0	0	0	0	13.防禦力 - Defence	4096	21001	2	4021001	190	10.22	"1,942"	1.658
	2409	5000	嘯風狼牙棒	30	7.顧大嫂	04.武器	06.藍	00.無	(2) 體 / 智 平均	12.收集品交換	"120,700"	"6,035"	3		pc07_weapon_0021			100	456	0	0	0	6	7	0	0	0	0	0	0	0	0	0	0	0	0	0	0	0	0	0	0	0	0	0	0	12.攻擊力 - Attack	2048	11001	2	4011001	410	8.88	"3,641"	1.658
	2410	5000	異族帽	35	7.顧大嫂	01.帽子	03.灰	00.無	(0) 無	07.怪物掉寶	"114,700"	"5,735"	0		pc07_hat_0030			100	0	59	0	0	0	0	0	0	0	0	0	0	0	0	0	0	0	0	0	0	0	0	0	0	0	0	0	0	13.防禦力 - Defence	4096	21001	1	4021001	200	11.78	"2,356"	2.434
	2411	5000	異族衣	35	7.顧大嫂	02.上衣	03.灰	00.無	(0) 無	07.怪物掉寶	"147,400"	"7,370"	1		pc07_torso_0030			100	0	126	0	0	0	0	0	0	0	0	0	0	0	0	0	0	0	0	0	0	0	0	0	0	0	0	0	0	13.防禦力 - Defence	4096	21001	1	4021001	200	15.14	"3,028"	2.434
	2412	5000	異族鞋	35	7.顧大嫂	03.褲子	03.灰	00.無	(0) 無	07.怪物掉寶	"131,000"	"6,550"	2		pc07_pelvis_0030			100	0	74	0	0	0	0	0	0	0	0	0	0	0	0	0	0	0	0	0	0	0	0	0	0	0	0	0	0	13.防禦力 - Defence	4096	21001	1	4021001	200	13.46	"2,692"	2.434
	2413	5000	異族狼牙棒	35	7.顧大嫂	04.武器	03.灰	00.無	(0) 無	07.怪物掉寶	"245,700"	"12,285"	3		pc07_weapon_0030			100	347	0	0	0	0	0	0	0	0	0	0	0	0	0	0	0	0	0	0	0	0	0	0	0	0	0	0	0	12.攻擊力 - Attack	2048	11001	1	4011001	420	12.02	"5,049"	2.434
	2414	5000	炙夏帽	35	7.顧大嫂	01.帽子	04.白	00.無	(0) 無	03.商店購買	"114,700"	"11,470"	0		pc07_hat_0030			100	0	74	0	0	0	0	0	0	0	0	0	0	0	0	0	0	0	0	0	0	0	0	0	0	0	0	0	0	13.防禦力 - Defence	4096	21001	1	4021001	180	13.09	"2,357"	2.434
	2415	5000	炙夏衣	35	7.顧大嫂	02.上衣	04.白	00.無	(0) 無	03.商店購買	"147,400"	"14,740"	1		pc07_torso_0030			100	0	158	0	0	0	0	0	0	0	0	0	0	0	0	0	0	0	0	0	0	0	0	0	0	0	0	0	0	13.防禦力 - Defence	4096	21001	1	4021001	180	16.83	"3,030"	2.434
	2416	5000	炙夏鞋	35	7.顧大嫂	03.褲子	04.白	00.無	(0) 無	03.商店購買	"131,000"	"13,100"	2		pc07_pelvis_0030			100	0	92	0	0	0	0	0	0	0	0	0	0	0	0	0	0	0	0	0	0	0	0	0	0	0	0	0	0	13.防禦力 - Defence	4096	21001	1	4021001	180	14.95	"2,691"	2.434
	2417	5000	炙夏狼牙棒	35	7.顧大嫂	04.武器	04.白	00.無	(0) 無	03.商店購買	"245,700"	"24,570"	3		pc07_weapon_0030			100	434	0	0	0	0	0	0	0	0	0	0	0	0	0	0	0	0	0	0	0	0	0	0	0	0	0	0	0	12.攻擊力 - Attack	2048	11001	1	4011001	380	13.29	"5,051"	2.434
	2418	5000	星月帽	35	7.顧大嫂	01.帽子	05.綠	00.無	(1) 智慧	07.怪物掉寶	"114,700"	"5,735"	0		pc07_hat_0030			100	0	77	0	0	0	9	0	0	0	0	0	0	0	0	0	0	0	0	0	0	0	0	0	0	0	0	0	0	13.防禦力 - Defence	4096	21001	2	4021001	190	12.4	"2,356"	2.434
	2419	5000	星月衣	35	7.顧大嫂	02.上衣	05.綠	00.無	(1) 最大 HP	07.怪物掉寶	"147,400"	"7,370"	1		pc07_torso_0030			100	0	166	0	0	0	0	0	0	0	0	0	0	0	0	0	0	0	0	160	0	0	0	0	0	0	0	0	0	13.防禦力 - Defence	4096	21001	2	4021001	190	15.94	"3,029"	2.434
	2420	5000	星月鞋	35	7.顧大嫂	03.褲子	05.綠	00.無	(1) 敏捷	07.怪物掉寶	"131,000"	"6,550"	2		pc07_pelvis_0030			100	0	97	0	9	0	0	0	0	0	0	0	0	0	0	0	0	0	0	0	0	0	0	0	0	0	0	0	0	13.防禦力 - Defence	4096	21001	2	4021001	190	14.17	"2,693"	2.434
	2421	5000	星月狼牙棒	35	7.顧大嫂	04.武器	05.綠	00.無	(1) 體能	07.怪物掉寶	"245,700"	"12,285"	3		pc07_weapon_0030			100	487	0	0	0	8	0	0	0	0	0	0	0	0	0	0	0	0	0	0	0	0	0	0	0	0	0	0	0	12.攻擊力 - Attack	2048	11001	2	4011001	400	12.62	"5,048"	2.434
	2422	5000	馬雅帽	35	7.顧大嫂	01.帽子	06.藍	00.無	(2) 敏 / 智 平均	12.收集品交換	"114,700"	"5,735"	0		pc07_hat_0030			100	0	91	0	8	0	8	0	0	0	0	0	0	0	0	0	0	0	0	0	0	0	0	0	0	0	0	0	0	13.防禦力 - Defence	4096	21001	2	4021001	190	12.4	"2,356"	2.434
	2423	5000	馬雅衣	35	7.顧大嫂	02.上衣	06.藍	00.無	(2) HP / 敏	12.收集品交換	"147,400"	"7,370"	1		pc07_torso_0030			100	0	196	0	8	0	0	0	0	0	0	0	0	0	0	0	0	0	0	140	0	0	0	0	0	0	0	0	0	13.防禦力 - Defence	4096	21001	2	4021001	190	15.94	"3,029"	2.434
	2424	5000	馬雅鞋	35	7.顧大嫂	03.褲子	06.藍	00.無	(2) 敏 / 體 平均	12.收集品交換	"131,000"	"6,550"	2		pc07_pelvis_0030			100	0	114	0	8	7	0	0	0	0	0	0	0	0	0	0	0	0	0	0	0	0	0	0	0	0	0	0	0	13.防禦力 - Defence	4096	21001	2	4021001	190	14.17	"2,693"	2.434
	2425	5000	馬雅狼牙棒	35	7.顧大嫂	04.武器	06.藍	00.無	(2) 體 / 智 平均	12.收集品交換	"245,700"	"12,285"	3		pc07_weapon_0030			100	565	0	0	0	7	8	0	0	0	0	0	0	0	0	0	0	0	0	0	0	0	0	0	0	0	0	0	0	12.攻擊力 - Attack	2048	11001	2	4011001	410	12.31	"5,048"	2.434
	2426	5000	帕夏帽	40	7.顧大嫂	01.帽子	03.灰	00.無	(0) 無	07.怪物掉寶	"211,200"	"10,560"	0		pc07_hat_0031			100	0	69	0	0	0	0	0	0	0	0	0	0	0	0	0	0	0	0	0	0	0	0	0	0	0	0	0	0	13.防禦力 - Defence	4096	21001	1	4021001	200	16.05	"3,210"	3.29
	2427	5000	帕夏衣	40	7.顧大嫂	02.上衣	03.灰	00.無	(0) 無	07.怪物掉寶	"271,500"	"13,575"	1		pc07_torso_0031			100	0	149	0	0	0	0	0	0	0	0	0	0	0	0	0	0	0	0	0	0	0	0	0	0	0	0	0	0	13.防禦力 - Defence	4096	21001	1	4021001	200	20.64	"4,128"	3.29
	2428	5000	帕夏鞋	40	7.顧大嫂	03.褲子	03.灰	00.無	(0) 無	07.怪物掉寶	"241,300"	"12,065"	2		pc07_pelvis_0031			100	0	87	0	0	0	0	0	0	0	0	0	0	0	0	0	0	0	0	0	0	0	0	0	0	0	0	0	0	13.防禦力 - Defence	4096	21001	1	4021001	200	18.34	"3,668"	3.29
	2429	5000	帕夏狼牙棒	40	7.顧大嫂	04.武器	03.灰	00.無	(0) 無	07.怪物掉寶	"452,500"	"22,625"	3		pc07_weapon_0031			100	431	0	0	0	0	0	0	0	0	0	0	0	0	0	0	0	0	0	0	0	0	0	0	0	0	0	0	0	12.攻擊力 - Attack	2048	11001	1	4011001	420	16.38	"6,880"	3.29
	2430	5000	土魯帽	40	7.顧大嫂	01.帽子	04.白	00.無	(0) 無	03.商店購買	"211,200"	"21,120"	0		pc07_hat_0031			100	0	87	0	0	0	0	0	0	0	0	0	0	0	0	0	0	0	0	0	0	0	0	0	0	0	0	0	0	13.防禦力 - Defence	4096	21001	1	4021001	180	17.84	"3,212"	3.29
	2431	5000	土魯衣	40	7.顧大嫂	02.上衣	04.白	00.無	(0) 無	03.商店購買	"271,500"	"27,150"	1		pc07_torso_0031			100	0	186	0	0	0	0	0	0	0	0	0	0	0	0	0	0	0	0	0	0	0	0	0	0	0	0	0	0	13.防禦力 - Defence	4096	21001	1	4021001	180	22.93	"4,128"	3.29
	2432	5000	土魯鞋	40	7.顧大嫂	03.褲子	04.白	00.無	(0) 無	03.商店購買	"241,300"	"24,130"	2		pc07_pelvis_0031			100	0	108	0	0	0	0	0	0	0	0	0	0	0	0	0	0	0	0	0	0	0	0	0	0	0	0	0	0	13.防禦力 - Defence	4096	21001	1	4021001	180	20.38	"3,669"	3.29
	2433	5000	土魯狼牙棒	40	7.顧大嫂	04.武器	04.白	00.無	(0) 無	03.商店購買	"452,500"	"45,250"	3		pc07_weapon_0031			100	538	0	0	0	0	0	0	0	0	0	0	0	0	0	0	0	0	0	0	0	0	0	0	0	0	0	0	0	12.攻擊力 - Attack	2048	11001	1	4011001	380	18.1	"6,878"	3.29
	2434	5000	坎農帽	40	7.顧大嫂	01.帽子	05.綠	00.無	(1) 智慧	07.怪物掉寶	"211,200"	"10,560"	0		pc07_hat_0031			100	0	90	0	0	0	10	0	0	0	0	0	0	0	0	0	0	0	0	0	0	0	0	0	0	0	0	0	0	13.防禦力 - Defence	4096	21001	2	4021001	190	16.9	"3,211"	3.29
	2435	5000	坎農衣	40	7.顧大嫂	02.上衣	05.綠	00.無	(1) 最大 HP	07.怪物掉寶	"271,500"	"13,575"	1		pc07_torso_0031			100	0	193	0	0	0	0	0	0	0	0	0	0	0	0	0	0	0	0	170	0	0	0	0	0	0	0	0	0	13.防禦力 - Defence	4096	21001	2	4021001	190	21.72	"4,127"	3.29
	2436	5000	坎農鞋	40	7.顧大嫂	03.褲子	05.綠	00.無	(1) 敏捷	07.怪物掉寶	"241,300"	"12,065"	2		pc07_pelvis_0031			100	0	112	0	10	0	0	0	0	0	0	0	0	0	0	0	0	0	0	0	0	0	0	0	0	0	0	0	0	13.防禦力 - Defence	4096	21001	2	4021001	190	19.31	"3,669"	3.29
	2437	5000	坎農狼牙棒	40	7.顧大嫂	04.武器	05.綠	00.無	(1) 體能	07.怪物掉寶	"452,500"	"22,625"	3		pc07_weapon_0031			100	598	0	0	0	8	0	0	0	0	0	0	0	0	0	0	0	0	0	0	0	0	0	0	0	0	0	0	0	12.攻擊力 - Attack	2048	11001	2	4011001	400	17.2	"6,880"	3.29
	2438	5000	突厥帽	40	7.顧大嫂	01.帽子	06.藍	00.無	(2) 敏 / 智 平均	12.收集品交換	"211,200"	"10,560"	0		pc07_hat_0031			100	0	106	0	9	0	9	0	0	0	0	0	0	0	0	0	0	0	0	0	0	0	0	0	0	0	0	0	0	13.防禦力 - Defence	4096	21001	2	4021001	190	16.9	"3,211"	3.29
	2439	5000	突厥衣	40	7.顧大嫂	02.上衣	06.藍	00.無	(2) HP / 敏	12.收集品交換	"271,500"	"13,575"	1		pc07_torso_0031			100	0	227	0	9	0	0	0	0	0	0	0	0	0	0	0	0	0	0	150	0	0	0	0	0	0	0	0	0	13.防禦力 - Defence	4096	21001	2	4021001	190	21.72	"4,127"	3.29
	2440	5000	突厥鞋	40	7.顧大嫂	03.褲子	06.藍	00.無	(2) 敏 / 體 平均	12.收集品交換	"241,300"	"12,065"	2		pc07_pelvis_0031			100	0	132	0	9	7	0	0	0	0	0	0	0	0	0	0	0	0	0	0	0	0	0	0	0	0	0	0	0	13.防禦力 - Defence	4096	21001	2	4021001	190	19.31	"3,669"	3.29
	2441	5000	突厥狼牙棒	40	7.顧大嫂	04.武器	06.藍	00.無	(2) 體 / 智 平均	12.收集品交換	"452,500"	"22,625"	3		pc07_weapon_0031			100	692	0	0	0	7	9	0	0	0	0	0	0	0	0	0	0	0	0	0	0	0	0	0	0	0	0	0	0	12.攻擊力 - Attack	2048	11001	2	4011001	410	16.78	"6,880"	3.29
	2442	5000	孔雀帽	45	7.顧大嫂	01.帽子	07.紫	00.無	(3) MP / 敏 / 智	07.怪物掉寶	"363,000"	"18,150"	0		pc07_hat_0032			100	0	136	0	9	0	8	0	0	0	0	0	0	0	0	0	0	0	0	0	430	0	0	0	0	0	0	0	0	13.防禦力 - Defence	4096	21001	3	6021001	200	21.3	"4,260"	4.261
	2443	5000	孔雀衣	45	7.顧大嫂	02.上衣	07.紫	00.無	(3) HP / 敏 / 智	07.怪物掉寶	"467,000"	"23,350"	1		pc07_torso_0032			100	0	292	0	9	0	8	0	0	0	0	0	0	0	0	0	0	0	0	150	0	0	0	0	0	0	0	0	0	13.防禦力 - Defence	4096	21001	3	6021001	200	27.4	"5,480"	4.261
	2444	5000	孔雀鞋	45	7.顧大嫂	03.褲子	07.紫	00.無	(3) MP / 敏 / 體	07.怪物掉寶	"415,000"	"20,750"	2		pc07_pelvis_0032			100	0	170	0	9	7	0	0	0	0	0	0	0	0	0	0	0	0	0	0	220	0	0	0	0	0	0	0	0	13.防禦力 - Defence	4096	21001	3	6021001	200	24.35	"4,870"	4.261
	2445	5000	孔雀狼牙棒	45	7.顧大嫂	04.武器	07.紫	00.無	(3) HP / 體 / 智	07.怪物掉寶	"778,000"	"38,900"	3		pc07_weapon_0032			100	1008	0	0	0	7	8	0	0	0	0	0	0	0	0	0	0	0	0	70	0	0	0	0	0	0	0	0	0	12.攻擊力 - Attack	2048	11001	3	6011001	420	21.74	"9,131"	4.261
	2446	5000	小丑帽	45	7.顧大嫂	01.帽子	03.灰	00.無	(0) 無	07.怪物掉寶	"363,000"	"18,150"	0		pc07_hat_0040			100	0	80	0	0	0	0	0	0	0	0	0	0	0	0	0	0	0	0	0	0	0	0	0	0	0	0	0	0	13.防禦力 - Defence	4096	21001	1	6021001	200	21.3	"4,260"	4.261
	2447	5000	小丑衣	45	7.顧大嫂	02.上衣	03.灰	00.無	(0) 無	07.怪物掉寶	"467,000"	"23,350"	1		pc07_torso_0040			100	0	173	0	0	0	0	0	0	0	0	0	0	0	0	0	0	0	0	0	0	0	0	0	0	0	0	0	0	13.防禦力 - Defence	4096	21001	1	6021001	200	27.4	"5,480"	4.261
	2448	5000	小丑鞋	45	7.顧大嫂	03.褲子	03.灰	00.無	(0) 無	07.怪物掉寶	"415,000"	"20,750"	2		pc07_pelvis_0040			100	0	101	0	0	0	0	0	0	0	0	0	0	0	0	0	0	0	0	0	0	0	0	0	0	0	0	0	0	13.防禦力 - Defence	4096	21001	1	6021001	200	24.35	"4,870"	4.261
	2449	5000	小丑狼牙棒	45	7.顧大嫂	04.武器	03.灰	00.無	(0) 無	07.怪物掉寶	"778,000"	"38,900"	3		pc07_weapon_0040			100	527	0	0	0	0	0	0	0	0	0	0	0	0	0	0	0	0	0	0	0	0	0	0	0	0	0	0	0	12.攻擊力 - Attack	2048	11001	1	6011001	420	21.74	"9,131"	4.261
	2450	5000	雜耍帽	45	7.顧大嫂	01.帽子	04.白	00.無	(0) 無	03.商店購買	"363,000"	"36,300"	0		pc07_hat_0040			100	0	101	0	0	0	0	0	0	0	0	0	0	0	0	0	0	0	0	0	0	0	0	0	0	0	0	0	0	13.防禦力 - Defence	4096	21001	1	6021001	180	23.66	"4,259"	4.261
	2451	5000	雜耍衣	45	7.顧大嫂	02.上衣	04.白	00.無	(0) 無	03.商店購買	"467,000"	"46,700"	1		pc07_torso_0040			100	0	216	0	0	0	0	0	0	0	0	0	0	0	0	0	0	0	0	0	0	0	0	0	0	0	0	0	0	13.防禦力 - Defence	4096	21001	1	6021001	180	30.44	"5,480"	4.261
	2452	5000	雜耍鞋	45	7.顧大嫂	03.褲子	04.白	00.無	(0) 無	03.商店購買	"415,000"	"41,500"	2		pc07_pelvis_0040			100	0	126	0	0	0	0	0	0	0	0	0	0	0	0	0	0	0	0	0	0	0	0	0	0	0	0	0	0	13.防禦力 - Defence	4096	21001	1	6021001	180	27.05	"4,869"	4.261
	2453	5000	雜耍狼牙棒	45	7.顧大嫂	04.武器	04.白	00.無	(0) 無	03.商店購買	"778,000"	"77,800"	3		pc07_weapon_0040			100	659	0	0	0	0	0	0	0	0	0	0	0	0	0	0	0	0	0	0	0	0	0	0	0	0	0	0	0	12.攻擊力 - Attack	2048	11001	1	6011001	380	24.02	"9,128"	4.261
	2454	5000	舞孃帽	45	7.顧大嫂	01.帽子	05.綠	00.無	(1) 智慧	07.怪物掉寶	"363,000"	"18,150"	0		pc07_hat_0040			100	0	103	0	0	0	11	0	0	0	0	0	0	0	0	0	0	0	0	0	0	0	0	0	0	0	0	0	0	13.防禦力 - Defence	4096	21001	2	6021001	190	22.42	"4,260"	4.261
	2455	5000	舞孃衣	45	7.顧大嫂	02.上衣	05.綠	00.無	(1) 最大 HP	07.怪物掉寶	"467,000"	"23,350"	1		pc07_torso_0040			100	0	222	0	0	0	0	0	0	0	0	0	0	0	0	0	0	0	0	190	0	0	0	0	0	0	0	0	0	13.防禦力 - Defence	4096	21001	2	6021001	190	28.84	"5,480"	4.261
	2456	5000	舞孃鞋	45	7.顧大嫂	03.褲子	05.綠	00.無	(1) 敏捷	07.怪物掉寶	"415,000"	"20,750"	2		pc07_pelvis_0040			100	0	129	0	11	0	0	0	0	0	0	0	0	0	0	0	0	0	0	0	0	0	0	0	0	0	0	0	0	13.防禦力 - Defence	4096	21001	2	6021001	190	25.63	"4,870"	4.261
	2457	5000	舞孃狼牙棒	45	7.顧大嫂	04.武器	05.綠	00.無	(1) 體能	07.怪物掉寶	"778,000"	"38,900"	3		pc07_weapon_0040			100	727	0	0	0	9	0	0	0	0	0	0	0	0	0	0	0	0	0	0	0	0	0	0	0	0	0	0	0	12.攻擊力 - Attack	2048	11001	2	6011001	400	22.82	"9,128"	4.261
	2458	5000	魅影帽	45	7.顧大嫂	01.帽子	06.藍	00.無	(2) 敏 / 智 平均	12.收集品交換	"363,000"	"18,150"	0		pc07_hat_0040			100	0	121	0	10	0	9	0	0	0	0	0	0	0	0	0	0	0	0	0	0	0	0	0	0	0	0	0	0	13.防禦力 - Defence	4096	21001	2	6021001	190	22.42	"4,260"	4.261
	2459	5000	魅影衣	45	7.顧大嫂	02.上衣	06.藍	00.無	(2) HP / 敏	12.收集品交換	"467,000"	"23,350"	1		pc07_torso_0040			100	0	259	0	9	0	0	0	0	0	0	0	0	0	0	0	0	0	0	170	0	0	0	0	0	0	0	0	0	13.防禦力 - Defence	4096	21001	2	6021001	190	28.84	"5,480"	4.261
	2460	5000	魅影鞋	45	7.顧大嫂	03.褲子	06.藍	00.無	(2) 敏 / 體 平均	12.收集品交換	"415,000"	"20,750"	2		pc07_pelvis_0040			100	0	151	0	10	8	0	0	0	0	0	0	0	0	0	0	0	0	0	0	0	0	0	0	0	0	0	0	0	13.防禦力 - Defence	4096	21001	2	6021001	190	25.63	"4,870"	4.261
	2461	5000	魅影狼牙棒	45	7.顧大嫂	04.武器	06.藍	00.無	(2) 體 / 智 平均	12.收集品交換	"778,000"	"38,900"	3		pc07_weapon_0040			100	839	0	0	0	8	9	0	0	0	0	0	0	0	0	0	0	0	0	0	0	0	0	0	0	0	0	0	0	12.攻擊力 - Attack	2048	11001	2	6011001	410	22.27	"9,131"	4.261
	2462	5000	貪婪帽	50	7.顧大嫂	01.帽子	03.灰	00.無	(0) 無	07.怪物掉寶	"592,000"	"29,600"	0		pc07_hat_0041			100	0	92	0	0	0	0	0	0	0	0	0	0	0	0	0	0	0	0	0	0	0	0	0	0	0	0	0	0	13.防禦力 - Defence	4096	21001	1	6021001	200	27.67	"5,534"	5.349
	2463	5000	貪婪衣	50	7.顧大嫂	02.上衣	03.灰	00.無	(0) 無	07.怪物掉寶	"762,000"	"38,100"	1		pc07_torso_0041			100	0	198	0	0	0	0	0	0	0	0	0	0	0	0	0	0	0	0	0	0	0	0	0	0	0	0	0	0	13.防禦力 - Defence	4096	21001	1	6021001	200	35.62	"7,124"	5.349
	2464	5000	貪婪鞋	50	7.顧大嫂	03.褲子	03.灰	00.無	(0) 無	07.怪物掉寶	"677,000"	"33,850"	2		pc07_pelvis_0041			100	0	115	0	0	0	0	0	0	0	0	0	0	0	0	0	0	0	0	0	0	0	0	0	0	0	0	0	0	13.防禦力 - Defence	4096	21001	1	6021001	200	31.64	"6,328"	5.349
	2465	5000	貪婪狼牙棒	50	7.顧大嫂	04.武器	03.灰	00.無	(0) 無	07.怪物掉寶	"1,269,000"	"63,450"	3		pc07_weapon_0041			100	639	0	0	0	0	0	0	0	0	0	0	0	0	0	0	0	0	0	0	0	0	0	0	0	0	0	0	0	12.攻擊力 - Attack	2048	11001	1	6011001	420	28.24	"11,861"	5.349
	2466	5000	夢想帽	50	7.顧大嫂	01.帽子	04.白	00.無	(0) 無	03.商店購買	"592,000"	"59,200"	0		pc07_hat_0041			100	0	115	0	0	0	0	0	0	0	0	0	0	0	0	0	0	0	0	0	0	0	0	0	0	0	0	0	0	13.防禦力 - Defence	4096	21001	1	6021001	180	30.74	"5,534"	5.349
	2467	5000	夢想衣	50	7.顧大嫂	02.上衣	04.白	00.無	(0) 無	03.商店購買	"762,000"	"76,200"	1		pc07_torso_0041			100	0	247	0	0	0	0	0	0	0	0	0	0	0	0	0	0	0	0	0	0	0	0	0	0	0	0	0	0	13.防禦力 - Defence	4096	21001	1	6021001	180	39.57	"7,123"	5.349
	2468	5000	夢想鞋	50	7.顧大嫂	03.褲子	04.白	00.無	(0) 無	03.商店購買	"677,000"	"67,700"	2		pc07_pelvis_0041			100	0	144	0	0	0	0	0	0	0	0	0	0	0	0	0	0	0	0	0	0	0	0	0	0	0	0	0	0	13.防禦力 - Defence	4096	21001	1	6021001	180	35.16	"6,329"	5.349
	2469	5000	夢想狼牙棒	50	7.顧大嫂	04.武器	04.白	00.無	(0) 無	03.商店購買	"1,269,000"	"126,900"	3		pc07_weapon_0041			100	799	0	0	0	0	0	0	0	0	0	0	0	0	0	0	0	0	0	0	0	0	0	0	0	0	0	0	0	12.攻擊力 - Attack	2048	11001	1	6011001	380	31.22	"11,864"	5.349
	2470	5000	虛幻帽	50	7.顧大嫂	01.帽子	05.綠	00.無	(1) 智慧	07.怪物掉寶	"592,000"	"29,600"	0		pc07_hat_0041			100	0	117	0	0	0	12	0	0	0	0	0	0	0	0	0	0	0	0	0	0	0	0	0	0	0	0	0	0	13.防禦力 - Defence	4096	21001	2	6021001	190	29.13	"5,535"	5.349
	2471	5000	虛幻衣	50	7.顧大嫂	02.上衣	05.綠	00.無	(1) 最大 HP	07.怪物掉寶	"762,000"	"38,100"	1		pc07_torso_0041			100	0	251	0	0	0	0	0	0	0	0	0	0	0	0	0	0	0	0	210	0	0	0	0	0	0	0	0	0	13.防禦力 - Defence	4096	21001	2	6021001	190	37.49	"7,124"	5.349
	2472	5000	虛幻鞋	50	7.顧大嫂	03.褲子	05.綠	00.無	(1) 敏捷	07.怪物掉寶	"677,000"	"33,850"	2		pc07_pelvis_0041			100	0	146	0	12	0	0	0	0	0	0	0	0	0	0	0	0	0	0	0	0	0	0	0	0	0	0	0	0	13.防禦力 - Defence	4096	21001	2	6021001	190	33.31	"6,329"	5.349
	2473	5000	虛幻狼牙棒	50	7.顧大嫂	04.武器	05.綠	00.無	(1) 體能	07.怪物掉寶	"1,269,000"	"63,450"	3		pc07_weapon_0041			100	878	0	0	0	10	0	0	0	0	0	0	0	0	0	0	0	0	0	0	0	0	0	0	0	0	0	0	0	12.攻擊力 - Attack	2048	11001	2	6011001	400	29.66	"11,864"	5.349
	2474	5000	闇影帽	50	7.顧大嫂	01.帽子	06.藍	00.無	(2) 敏 / 智 平均	12.收集品交換	"592,000"	"29,600"	0		pc07_hat_0041			100	0	136	0	11	0	10	0	0	0	0	0	0	0	0	0	0	0	0	0	0	0	0	0	0	0	0	0	0	13.防禦力 - Defence	4096	21001	2	6021001	190	29.13	"5,535"	5.349
	2475	5000	闇影衣	50	7.顧大嫂	02.上衣	06.藍	00.無	(2) HP / 敏	12.收集品交換	"762,000"	"38,100"	1		pc07_torso_0041			100	0	292	0	10	0	0	0	0	0	0	0	0	0	0	0	0	0	0	180	0	0	0	0	0	0	0	0	0	13.防禦力 - Defence	4096	21001	2	6021001	190	37.49	"7,124"	5.349
	2476	5000	闇影鞋	50	7.顧大嫂	03.褲子	06.藍	00.無	(2) 敏 / 體 平均	12.收集品交換	"677,000"	"33,850"	2		pc07_pelvis_0041			100	0	170	0	11	9	0	0	0	0	0	0	0	0	0	0	0	0	0	0	0	0	0	0	0	0	0	0	0	13.防禦力 - Defence	4096	21001	2	6021001	190	33.31	"6,329"	5.349
	2477	5000	闇影狼牙棒	50	7.顧大嫂	04.武器	06.藍	00.無	(2) 體 / 智 平均	12.收集品交換	"1,269,000"	"63,450"	3		pc07_weapon_0041			100	1008	0	0	0	9	10	0	0	0	0	0	0	0	0	0	0	0	0	0	0	0	0	0	0	0	0	0	0	12.攻擊力 - Attack	2048	11001	2	6011001	410	28.93	"11,862"	5.349
	2478	5000	小鬼帽	55	7.顧大嫂	01.帽子	03.灰	00.無	(0) 無	07.怪物掉寶	"929,000"	"46,450"	0		pc07_hat_0050			100	0	104	0	0	0	0	0	0	0	0	0	0	0	0	0	0	0	0	0	0	0	0	0	0	0	0	0	0	13.防禦力 - Defence	4096	21001	1	6021001	200	35.46	"7,092"	6.55
	2479	5000	小鬼衣	55	7.顧大嫂	02.上衣	03.灰	00.無	(0) 無	07.怪物掉寶	"1,194,000"	"59,700"	1		pc07_torso_0050			100	0	223	0	0	0	0	0	0	0	0	0	0	0	0	0	0	0	0	0	0	0	0	0	0	0	0	0	0	13.防禦力 - Defence	4096	21001	1	6021001	200	45.58	"9,116"	6.55
	2480	5000	小鬼鞋	55	7.顧大嫂	03.褲子	03.灰	00.無	(0) 無	07.怪物掉寶	"1,061,000"	"53,050"	2		pc07_pelvis_0050			100	0	129	0	0	0	0	0	0	0	0	0	0	0	0	0	0	0	0	0	0	0	0	0	0	0	0	0	0	13.防禦力 - Defence	4096	21001	1	6021001	200	40.5	"8,100"	6.55
	2481	5000	小鬼狼牙棒	55	7.顧大嫂	04.武器	03.灰	00.無	(0) 無	07.怪物掉寶	"1,990,000"	"99,500"	3		pc07_weapon_0050			100	768	0	0	0	0	0	0	0	0	0	0	0	0	0	0	0	0	0	0	0	0	0	0	0	0	0	0	0	12.攻擊力 - Attack	2048	11001	1	6011001	420	36.17	"15,192"	6.55
	2482	5000	童鬼帽	55	7.顧大嫂	01.帽子	04.白	00.無	(0) 無	03.商店購買	"929,000"	"92,900"	0		pc07_hat_0050			100	0	129	0	0	0	0	0	0	0	0	0	0	0	0	0	0	0	0	0	0	0	0	0	0	0	0	0	0	13.防禦力 - Defence	4096	21001	1	6021001	180	39.4	"7,092"	6.55
	2483	5000	童鬼衣	55	7.顧大嫂	02.上衣	04.白	00.無	(0) 無	03.商店購買	"1,194,000"	"119,400"	1		pc07_torso_0050			100	0	278	0	0	0	0	0	0	0	0	0	0	0	0	0	0	0	0	0	0	0	0	0	0	0	0	0	0	13.防禦力 - Defence	4096	21001	1	6021001	180	50.64	"9,116"	6.55
	2484	5000	童鬼鞋	55	7.顧大嫂	03.褲子	04.白	00.無	(0) 無	03.商店購買	"1,061,000"	"106,100"	2		pc07_pelvis_0050			100	0	162	0	0	0	0	0	0	0	0	0	0	0	0	0	0	0	0	0	0	0	0	0	0	0	0	0	0	13.防禦力 - Defence	4096	21001	1	6021001	180	45	"8,100"	6.55
	2485	5000	童鬼狼牙棒	55	7.顧大嫂	04.武器	04.白	00.無	(0) 無	03.商店購買	"1,990,000"	"199,000"	3		pc07_weapon_0050			100	960	0	0	0	0	0	0	0	0	0	0	0	0	0	0	0	0	0	0	0	0	0	0	0	0	0	0	0	12.攻擊力 - Attack	2048	11001	1	6011001	380	39.98	"15,193"	6.55
	2486	5000	響鬼帽	55	7.顧大嫂	01.帽子	05.綠	00.無	(1) 智慧	07.怪物掉寶	"929,000"	"46,450"	0		pc07_hat_0050			100	0	131	0	0	0	13	0	0	0	0	0	0	0	0	0	0	0	0	0	0	0	0	0	0	0	0	0	0	13.防禦力 - Defence	4096	21001	2	6021001	190	37.33	"7,093"	6.55
	2487	5000	響鬼衣	55	7.顧大嫂	02.上衣	05.綠	00.無	(1) 最大 HP	07.怪物掉寶	"1,194,000"	"59,700"	1		pc07_torso_0050			100	0	281	0	0	0	0	0	0	0	0	0	0	0	0	0	0	0	0	220	0	0	0	0	0	0	0	0	0	13.防禦力 - Defence	4096	21001	2	6021001	190	47.98	"9,117"	6.55
	2488	5000	響鬼鞋	55	7.顧大嫂	03.褲子	05.綠	00.無	(1) 敏捷	07.怪物掉寶	"1,061,000"	"53,050"	2		pc07_pelvis_0050			100	0	163	0	13	0	0	0	0	0	0	0	0	0	0	0	0	0	0	0	0	0	0	0	0	0	0	0	0	13.防禦力 - Defence	4096	21001	2	6021001	190	42.63	"8,100"	6.55
	2489	5000	響鬼狼牙棒	55	7.顧大嫂	04.武器	05.綠	00.無	(1) 體能	07.怪物掉寶	"1,990,000"	"99,500"	3		pc07_weapon_0050			100	1050	0	0	0	11	0	0	0	0	0	0	0	0	0	0	0	0	0	0	0	0	0	0	0	0	0	0	0	12.攻擊力 - Attack	2048	11001	2	6011001	400	37.98	"15,192"	6.55
	2490	5000	夜叉帽	55	7.顧大嫂	01.帽子	06.藍	00.無	(2) 敏 / 智 平均	12.收集品交換	"929,000"	"46,450"	0		pc07_hat_0050			100	0	151	0	12	0	11	0	0	0	0	0	0	0	0	0	0	0	0	0	0	0	0	0	0	0	0	0	0	13.防禦力 - Defence	4096	21001	2	6021001	190	37.33	"7,093"	6.55
	2491	5000	夜叉衣	55	7.顧大嫂	02.上衣	06.藍	00.無	(2) HP / 敏	12.收集品交換	"1,194,000"	"59,700"	1		pc07_torso_0050			100	0	326	0	11	0	0	0	0	0	0	0	0	0	0	0	0	0	0	190	0	0	0	0	0	0	0	0	0	13.防禦力 - Defence	4096	21001	2	6021001	190	47.98	"9,117"	6.55
	2492	5000	夜叉鞋	55	7.顧大嫂	03.褲子	06.藍	00.無	(2) 敏 / 體 平均	12.收集品交換	"1,061,000"	"53,050"	2		pc07_pelvis_0050			100	0	189	0	12	9	0	0	0	0	0	0	0	0	0	0	0	0	0	0	0	0	0	0	0	0	0	0	0	13.防禦力 - Defence	4096	21001	2	6021001	190	42.63	"8,100"	6.55
	2493	5000	夜叉狼牙棒	55	7.顧大嫂	04.武器	06.藍	00.無	(2) 體 / 智 平均	12.收集品交換	"1,990,000"	"99,500"	3		pc07_weapon_0050			100	1204	0	0	0	9	11	0	0	0	0	0	0	0	0	0	0	0	0	0	0	0	0	0	0	0	0	0	0	12.攻擊力 - Attack	2048	11001	2	6011001	410	37.06	"15,195"	6.55
	2494	5000	幽魂帽	60	7.顧大嫂	01.帽子	03.灰	00.無	(0) 無	07.怪物掉寶	"1,407,000"	"70,350"	0		pc07_hat_0051			100	0	115	0	0	0	0	0	0	0	0	0	0	0	0	0	0	0	0	0	0	0	0	0	0	0	0	0	0	13.防禦力 - Defence	4096	21001	1	6021001	200	44.82	"8,964"	7.848
	2495	5000	幽魂衣	60	7.顧大嫂	02.上衣	03.灰	00.無	(0) 無	07.怪物掉寶	"1,809,000"	"90,450"	1		pc07_torso_0051			100	0	248	0	0	0	0	0	0	0	0	0	0	0	0	0	0	0	0	0	0	0	0	0	0	0	0	0	0	13.防禦力 - Defence	4096	21001	1	6021001	200	57.63	"11,526"	7.848
	2496	5000	幽魂鞋	60	7.顧大嫂	03.褲子	03.灰	00.無	(0) 無	07.怪物掉寶	"1,608,000"	"80,400"	2		pc07_pelvis_0051			100	0	144	0	0	0	0	0	0	0	0	0	0	0	0	0	0	0	0	0	0	0	0	0	0	0	0	0	0	13.防禦力 - Defence	4096	21001	1	6021001	200	51.23	"10,246"	7.848
	2497	5000	幽魂狼牙棒	60	7.顧大嫂	04.武器	03.灰	00.無	(0) 無	07.怪物掉寶	"3,015,000"	"150,750"	3		pc07_weapon_0051			100	917	0	0	0	0	0	0	0	0	0	0	0	0	0	0	0	0	0	0	0	0	0	0	0	0	0	0	0	12.攻擊力 - Attack	2048	11001	1	6011001	420	45.74	"19,211"	7.848
	2498	5000	惡魔帽	60	7.顧大嫂	01.帽子	04.白	00.無	(0) 無	03.商店購買	"1,407,000"	"140,700"	0		pc07_hat_0051			100	0	144	0	0	0	0	0	0	0	0	0	0	0	0	0	0	0	0	0	0	0	0	0	0	0	0	0	0	13.防禦力 - Defence	4096	21001	1	6021001	180	49.8	"8,964"	7.848
	2499	5000	惡魔衣	60	7.顧大嫂	02.上衣	04.白	00.無	(0) 無	03.商店購買	"1,809,000"	"180,900"	1		pc07_torso_0051			100	0	310	0	0	0	0	0	0	0	0	0	0	0	0	0	0	0	0	0	0	0	0	0	0	0	0	0	0	13.防禦力 - Defence	4096	21001	1	6021001	180	64.03	"11,526"	7.848
	2500	5000	惡魔鞋	60	7.顧大嫂	03.褲子	04.白	00.無	(0) 無	03.商店購買	"1,608,000"	"160,800"	2		pc07_pelvis_0051			100	0	180	0	0	0	0	0	0	0	0	0	0	0	0	0	0	0	0	0	0	0	0	0	0	0	0	0	0	13.防禦力 - Defence	4096	21001	1	6021001	180	56.92	"10,246"	7.848
	2501	5000	惡魔狼牙棒	60	7.顧大嫂	04.武器	04.白	00.無	(0) 無	03.商店購買	"3,015,000"	"301,500"	3		pc07_weapon_0051			100	1147	0	0	0	0	0	0	0	0	0	0	0	0	0	0	0	0	0	0	0	0	0	0	0	0	0	0	0	12.攻擊力 - Attack	2048	11001	1	6011001	380	50.55	"19,209"	7.848
	2502	5000	夢靨帽	60	7.顧大嫂	01.帽子	05.綠	00.無	(1) 智慧	07.怪物掉寶	"1,407,000"	"70,350"	0		pc07_hat_0051			100	0	144	0	0	0	14	0	0	0	0	0	0	0	0	0	0	0	0	0	0	0	0	0	0	0	0	0	0	13.防禦力 - Defence	4096	21001	2	6021001	190	47.18	"8,965"	7.848
	2503	5000	夢靨衣	60	7.顧大嫂	02.上衣	05.綠	00.無	(1) 最大 HP	07.怪物掉寶	"1,809,000"	"90,450"	1		pc07_torso_0051			100	0	310	0	0	0	0	0	0	0	0	0	0	0	0	0	0	0	0	240	0	0	0	0	0	0	0	0	0	13.防禦力 - Defence	4096	21001	2	6021001	190	60.66	"11,526"	7.848
	2504	5000	夢靨鞋	60	7.顧大嫂	03.褲子	05.綠	00.無	(1) 敏捷	07.怪物掉寶	"1,608,000"	"80,400"	2		pc07_pelvis_0051			100	0	181	0	14	0	0	0	0	0	0	0	0	0	0	0	0	0	0	0	0	0	0	0	0	0	0	0	0	13.防禦力 - Defence	4096	21001	2	6021001	190	53.92	"10,245"	7.848
	2505	5000	夢靨狼牙棒	60	7.顧大嫂	04.武器	05.綠	00.無	(1) 體能	07.怪物掉寶	"3,015,000"	"150,750"	3		pc07_weapon_0051			100	1250	0	0	0	12	0	0	0	0	0	0	0	0	0	0	0	0	0	0	0	0	0	0	0	0	0	0	0	12.攻擊力 - Attack	2048	11001	2	6011001	400	48.03	"19,212"	7.848
	2506	5000	嗜血帽	60	7.顧大嫂	01.帽子	06.藍	00.無	(2) 敏 / 智 平均	12.收集品交換	"1,407,000"	"70,350"	0		pc07_hat_0051			100	0	167	0	13	0	12	0	0	0	0	0	0	0	0	0	0	0	0	0	0	0	0	0	0	0	0	0	0	13.防禦力 - Defence	4096	21001	2	6021001	190	47.18	"8,965"	7.848
	2507	5000	嗜血衣	60	7.顧大嫂	02.上衣	06.藍	00.無	(2) HP / 敏	12.收集品交換	"1,809,000"	"90,450"	1		pc07_torso_0051			100	0	359	0	12	0	0	0	0	0	0	0	0	0	0	0	0	0	0	210	0	0	0	0	0	0	0	0	0	13.防禦力 - Defence	4096	21001	2	6021001	190	60.66	"11,526"	7.848
	2508	5000	嗜血鞋	60	7.顧大嫂	03.褲子	06.藍	00.無	(2) 敏 / 體 平均	12.收集品交換	"1,608,000"	"80,400"	2		pc07_pelvis_0051			100	0	208	0	13	10	0	0	0	0	0	0	0	0	0	0	0	0	0	0	0	0	0	0	0	0	0	0	0	13.防禦力 - Defence	4096	21001	2	6021001	190	53.92	"10,245"	7.848
	2509	5000	嗜血狼牙棒	60	7.顧大嫂	04.武器	06.藍	00.無	(2) 體 / 智 平均	12.收集品交換	"3,015,000"	"150,750"	3		pc07_weapon_0051			100	1429	0	0	0	10	12	0	0	0	0	0	0	0	0	0	0	0	0	0	0	0	0	0	0	0	0	0	0	12.攻擊力 - Attack	2048	11001	2	6011001	410	46.85	"19,209"	7.848
	2510	5000	鬱金香帽	55	7.顧大嫂	01.帽子	07.紫	00.無	(3) MP / 敏 / 智	07.怪物掉寶	"929,000"	"46,450"	0		pc07_hat_0052			100	0	167	0	10	0	10	0	0	0	0	0	0	0	0	0	0	0	0	0	500	0	0	0	0	0	0	0	0	13.防禦力 - Defence	4096	21001	3	6021001	200	35.46	"7,092"	6.55
	2511	5000	鬱金香裐衣	55	7.顧大嫂	02.上衣	07.紫	00.無	(3) HP / 敏 / 智	07.怪物掉寶	"1,194,000"	"59,700"	1		pc07_torso_0052			100	0	359	0	10	0	10	0	0	0	0	0	0	0	0	0	0	0	0	170	0	0	0	0	0	0	0	0	0	13.防禦力 - Defence	4096	21001	3	6021001	200	45.58	"9,116"	6.55
	2512	5000	鬱金香鞋	55	7.顧大嫂	03.褲子	07.紫	00.無	(3) MP / 敏 / 體	07.怪物掉寶	"1,061,000"	"53,050"	2		pc07_pelvis_0052			100	0	208	0	10	8	0	0	0	0	0	0	0	0	0	0	0	0	0	0	250	0	0	0	0	0	0	0	0	13.防禦力 - Defence	4096	21001	3	6021001	200	40.5	"8,100"	6.55
	2513	5000	鬱金香狼牙棒	55	7.顧大嫂	04.武器	07.紫	00.無	(3) HP / 體 / 智	07.怪物掉寶	"1,990,000"	"99,500"	3		pc07_weapon_0052			100	1429	0	0	0	8	10	0	0	0	0	0	0	0	0	0	0	0	0	90	0	0	0	0	0	0	0	0	0	12.攻擊力 - Attack	2048	11001	3	6011001	420	36.17	"15,192"	6.55
	2514	5000	塵埃法帽	65	7.顧大嫂	01.帽子	03.灰	00.無	(0) 無	07.怪物掉寶	"2,090,000"	"104,500"	0		pc07_hat_0060			100	0	127	0	0	0	0	0	0	0	0	0	0	0	0	0	0	0	0	0	0	0	0	0	0	0	0	0	0	13.防禦力 - Defence	4096	21001	1	8021001	200	55.91	"11,182"	9.346
	2515	5000	塵埃法衣	65	7.顧大嫂	02.上衣	03.灰	00.無	(0) 無	07.怪物掉寶	"2,680,000"	"134,000"	1		pc07_torso_0060			100	0	273	0	0	0	0	0	0	0	0	0	0	0	0	0	0	0	0	0	0	0	0	0	0	0	0	0	0	13.防禦力 - Defence	4096	21001	1	8021001	200	71.7	"14,340"	9.346
	2516	5000	塵埃草鞋	65	7.顧大嫂	03.褲子	03.灰	00.無	(0) 無	07.怪物掉寶	"2,390,000"	"119,500"	2		pc07_pelvis_0060			100	0	159	0	0	0	0	0	0	0	0	0	0	0	0	0	0	0	0	0	0	0	0	0	0	0	0	0	0	13.防禦力 - Defence	4096	21001	1	8021001	200	63.94	"12,788"	9.346
	2517	5000	塵埃狼牙棒	65	7.顧大嫂	04.武器	03.灰	00.無	(0) 無	07.怪物掉寶	"4,470,000"	"223,500"	3		pc07_weapon_0060			100	1089	0	0	0	0	0	0	0	0	0	0	0	0	0	0	0	0	0	0	0	0	0	0	0	0	0	0	0	12.攻擊力 - Attack	2048	11001	1	8011001	420	56.94	"23,915"	9.346
	2518	5000	草薙法帽	65	7.顧大嫂	01.帽子	04.白	00.無	(0) 無	03.商店購買	"2,090,000"	"209,000"	0		pc07_hat_0060			100	0	159	0	0	0	0	0	0	0	0	0	0	0	0	0	0	0	0	0	0	0	0	0	0	0	0	0	0	13.防禦力 - Defence	4096	21001	1	8021001	180	62.12	"11,182"	9.346
	2519	5000	草薙法衣	65	7.顧大嫂	02.上衣	04.白	00.無	(0) 無	03.商店購買	"2,680,000"	"268,000"	1		pc07_torso_0060			100	0	342	0	0	0	0	0	0	0	0	0	0	0	0	0	0	0	0	0	0	0	0	0	0	0	0	0	0	13.防禦力 - Defence	4096	21001	1	8021001	180	79.66	"14,339"	9.346
	2520	5000	草薙草鞋	65	7.顧大嫂	03.褲子	04.白	00.無	(0) 無	03.商店購買	"2,390,000"	"239,000"	2		pc07_pelvis_0060			100	0	199	0	0	0	0	0	0	0	0	0	0	0	0	0	0	0	0	0	0	0	0	0	0	0	0	0	0	13.防禦力 - Defence	4096	21001	1	8021001	180	71.04	"12,788"	9.346
	2521	5000	草薙狼牙棒	65	7.顧大嫂	04.武器	04.白	00.無	(0) 無	03.商店購買	"4,470,000"	"447,000"	3		pc07_weapon_0060			100	1361	0	0	0	0	0	0	0	0	0	0	0	0	0	0	0	0	0	0	0	0	0	0	0	0	0	0	0	12.攻擊力 - Attack	2048	11001	1	8011001	380	62.94	"23,918"	9.346
	2522	5000	弦月法帽	65	7.顧大嫂	01.帽子	05.綠	00.無	(1) 智慧	07.怪物掉寶	"2,090,000"	"104,500"	0		pc07_hat_0060			100	0	158	0	0	0	14	0	0	0	0	0	0	0	0	0	0	0	0	0	0	0	0	0	0	0	0	0	0	13.防禦力 - Defence	4096	21001	2	8021001	190	58.85	"11,182"	9.346
	2523	5000	弦月法衣	65	7.顧大嫂	02.上衣	05.綠	00.無	(1) 最大 HP	07.怪物掉寶	"2,680,000"	"134,000"	1		pc07_torso_0060			100	0	339	0	0	0	0	0	0	0	0	0	0	0	0	0	0	0	0	260	0	0	0	0	0	0	0	0	0	13.防禦力 - Defence	4096	21001	2	8021001	190	75.47	"14,340"	9.346
	2524	5000	弦月草鞋	65	7.顧大嫂	03.褲子	05.綠	00.無	(1) 敏捷	07.怪物掉寶	"2,390,000"	"119,500"	2		pc07_pelvis_0060			100	0	197	0	15	0	0	0	0	0	0	0	0	0	0	0	0	0	0	0	0	0	0	0	0	0	0	0	0	13.防禦力 - Defence	4096	21001	2	8021001	190	67.3	"12,787"	9.346
	2525	5000	弦月狼牙棒	65	7.顧大嫂	04.武器	05.綠	00.無	(1) 體能	07.怪物掉寶	"4,470,000"	"223,500"	3		pc07_weapon_0060			100	1479	0	0	0	13	0	0	0	0	0	0	0	0	0	0	0	0	0	0	0	0	0	0	0	0	0	0	0	12.攻擊力 - Attack	2048	11001	2	8011001	400	59.79	"23,916"	9.346
	2526	5000	蒼天法帽	65	7.顧大嫂	01.帽子	06.藍	00.無	(2) 敏 / 智 平均	12.收集品交換	"2,090,000"	"104,500"	0		pc07_hat_0060			100	0	182	0	13	0	13	0	0	0	0	0	0	0	0	0	0	0	0	0	0	0	0	0	0	0	0	0	0	13.防禦力 - Defence	4096	21001	2	8021001	190	58.85	"11,182"	9.346
	2527	5000	蒼天法衣	65	7.顧大嫂	02.上衣	06.藍	00.無	(2) HP / 敏	12.收集品交換	"2,680,000"	"134,000"	1		pc07_torso_0060			100	0	391	0	13	0	0	0	0	0	0	0	0	0	0	0	0	0	0	220	0	0	0	0	0	0	0	0	0	13.防禦力 - Defence	4096	21001	2	8021001	190	75.47	"14,340"	9.346
	2528	5000	蒼天草鞋	65	7.顧大嫂	03.褲子	06.藍	00.無	(2) 敏 / 體 平均	12.收集品交換	"2,390,000"	"119,500"	2		pc07_pelvis_0060			100	0	227	0	13	11	0	0	0	0	0	0	0	0	0	0	0	0	0	0	0	0	0	0	0	0	0	0	0	13.防禦力 - Defence	4096	21001	2	8021001	190	67.3	"12,787"	9.346
	2529	5000	蒼天狼牙棒	65	7.顧大嫂	04.武器	06.藍	00.無	(2) 體 / 智 平均	12.收集品交換	"4,470,000"	"223,500"	3		pc07_weapon_0060			100	1688	0	0	0	11	13	0	0	0	0	0	0	0	0	0	0	0	0	0	0	0	0	0	0	0	0	0	0	12.攻擊力 - Attack	2048	11001	2	8011001	410	58.33	"23,916"	9.346
	2530	5000	斑狼法帽	70	7.顧大嫂	01.帽子	03.灰	00.無	(0) 無	07.怪物掉寶	"2,380,000"	"119,000"	0		pc07_hat_0061			100	0	138	0	0	0	0	0	0	0	0	0	0	0	0	0	0	0	0	0	0	0	0	0	0	0	0	0	0	13.防禦力 - Defence	4096	21001	1	8021001	200	53.54	"10,708"	11.114
	2531	5000	斑狼法衣	70	7.顧大嫂	02.上衣	03.灰	00.無	(0) 無	07.怪物掉寶	"3,060,000"	"153,000"	1		pc07_torso_0061			100	0	298	0	0	0	0	0	0	0	0	0	0	0	0	0	0	0	0	0	0	0	0	0	0	0	0	0	0	13.防禦力 - Defence	4096	21001	1	8021001	200	68.84	"13,768"	11.114
	2532	5000	斑狼草鞋	70	7.顧大嫂	03.褲子	03.灰	00.無	(0) 無	07.怪物掉寶	"2,720,000"	"136,000"	2		pc07_pelvis_0061			100	0	173	0	0	0	0	0	0	0	0	0	0	0	0	0	0	0	0	0	0	0	0	0	0	0	0	0	0	13.防禦力 - Defence	4096	21001	1	8021001	200	61.19	"12,238"	11.114
	2533	5000	斑狼狼牙棒	70	7.顧大嫂	04.武器	03.灰	00.無	(0) 無	07.怪物掉寶	"5,090,000"	"254,500"	3		pc07_weapon_0061			100	1286	0	0	0	0	0	0	0	0	0	0	0	0	0	0	0	0	0	0	0	0	0	0	0	0	0	0	0	12.攻擊力 - Attack	2048	11001	1	8011001	420	54.53	"22,903"	11.114
	2534	5000	虎紋法帽	70	7.顧大嫂	01.帽子	04.白	00.無	(0) 無	03.商店購買	"2,380,000"	"238,000"	0		pc07_hat_0061			100	0	173	0	0	0	0	0	0	0	0	0	0	0	0	0	0	0	0	0	0	0	0	0	0	0	0	0	0	13.防禦力 - Defence	4096	21001	1	8021001	180	59.49	"10,709"	11.114
	2535	5000	虎紋法衣	70	7.顧大嫂	02.上衣	04.白	00.無	(0) 無	03.商店購買	"3,060,000"	"306,000"	1		pc07_torso_0061			100	0	372	0	0	0	0	0	0	0	0	0	0	0	0	0	0	0	0	0	0	0	0	0	0	0	0	0	0	13.防禦力 - Defence	4096	21001	1	8021001	180	76.49	"13,769"	11.114
	2536	5000	虎紋草鞋	70	7.顧大嫂	03.褲子	04.白	00.無	(0) 無	03.商店購買	"2,720,000"	"272,000"	2		pc07_pelvis_0061			100	0	216	0	0	0	0	0	0	0	0	0	0	0	0	0	0	0	0	0	0	0	0	0	0	0	0	0	0	13.防禦力 - Defence	4096	21001	1	8021001	180	67.99	"12,239"	11.114
	2537	5000	虎紋狼牙棒	70	7.顧大嫂	04.武器	04.白	00.無	(0) 無	03.商店購買	"5,090,000"	"509,000"	3		pc07_weapon_0061			100	1608	0	0	0	0	0	0	0	0	0	0	0	0	0	0	0	0	0	0	0	0	0	0	0	0	0	0	0	12.攻擊力 - Attack	2048	11001	1	8011001	380	60.27	"22,903"	11.114
	2538	5000	迅豹法帽	70	7.顧大嫂	01.帽子	05.綠	00.無	(1) 智慧	07.怪物掉寶	"2,380,000"	"119,000"	0		pc07_hat_0061			100	0	170	0	0	0	15	0	0	0	0	0	0	0	0	0	0	0	0	0	0	0	0	0	0	0	0	0	0	13.防禦力 - Defence	4096	21001	2	8021001	190	56.36	"10,709"	11.114
	2539	5000	迅豹法衣	70	7.顧大嫂	02.上衣	05.綠	00.無	(1) 最大 HP	07.怪物掉寶	"3,060,000"	"153,000"	1		pc07_torso_0061			100	0	366	0	0	0	0	0	0	0	0	0	0	0	0	0	0	0	0	270	0	0	0	0	0	0	0	0	0	13.防禦力 - Defence	4096	21001	2	8021001	190	72.46	"13,768"	11.114
	2540	5000	迅豹草鞋	70	7.顧大嫂	03.褲子	05.綠	00.無	(1) 敏捷	07.怪物掉寶	"2,720,000"	"136,000"	2		pc07_pelvis_0061			100	0	213	0	16	0	0	0	0	0	0	0	0	0	0	0	0	0	0	0	0	0	0	0	0	0	0	0	0	13.防禦力 - Defence	4096	21001	2	8021001	190	64.41	"12,238"	11.114
	2541	5000	迅豹狼牙棒	70	7.顧大嫂	04.武器	05.綠	00.無	(1) 體能	07.怪物掉寶	"5,090,000"	"254,500"	3		pc07_weapon_0061			100	1743	0	0	0	13	0	0	0	0	0	0	0	0	0	0	0	0	0	0	0	0	0	0	0	0	0	0	0	12.攻擊力 - Attack	2048	11001	2	8011001	400	57.25	"22,900"	11.114
	2542	5000	鬼紋斑法帽	70	7.顧大嫂	01.帽子	06.藍	00.無	(2) 敏 / 智 平均	12.收集品交換	"2,380,000"	"119,000"	0		pc07_hat_0061			100	0	196	0	14	0	13	0	0	0	0	0	0	0	0	0	0	0	0	0	0	0	0	0	0	0	0	0	0	13.防禦力 - Defence	4096	21001	2	8021001	190	56.36	"10,709"	11.114
	2543	5000	鬼紋斑法衣	70	7.顧大嫂	02.上衣	06.藍	00.無	(2) HP / 敏	12.收集品交換	"3,060,000"	"153,000"	1		pc07_torso_0061			100	0	421	0	13	0	0	0	0	0	0	0	0	0	0	0	0	0	0	240	0	0	0	0	0	0	0	0	0	13.防禦力 - Defence	4096	21001	2	8021001	190	72.46	"13,768"	11.114
	2544	5000	鬼紋斑草鞋	70	7.顧大嫂	03.褲子	06.藍	00.無	(2) 敏 / 體 平均	12.收集品交換	"2,720,000"	"136,000"	2		pc07_pelvis_0061			100	0	245	0	14	12	0	0	0	0	0	0	0	0	0	0	0	0	0	0	0	0	0	0	0	0	0	0	0	13.防禦力 - Defence	4096	21001	2	8021001	190	64.41	"12,238"	11.114
	2545	5000	鬼紋斑狼牙棒	70	7.顧大嫂	04.武器	06.藍	00.無	(2) 體 / 智 平均	12.收集品交換	"5,090,000"	"254,500"	3		pc07_weapon_0061			100	1986	0	0	0	12	13	0	0	0	0	0	0	0	0	0	0	0	0	0	0	0	0	0	0	0	0	0	0	12.攻擊力 - Attack	2048	11001	2	8011001	410	55.86	"22,903"	11.114
	2546	5000	異國法帽	75	7.顧大嫂	01.帽子	03.灰	00.無	(0) 無	07.怪物掉寶	0	0	0		pc07_hat_0070			100	0	149	0	0	0	0	0	0	0	0	0	0	0	0	0	0	0	0	0	0	0	0	0	0	0	0	0	0	13.防禦力 - Defence	4096	21001	1	8021001	200	0	0	0
	2547	5000	異國法衣	75	7.顧大嫂	02.上衣	03.灰	00.無	(0) 無	07.怪物掉寶	0	0	1		pc07_torso_0070			100	0	321	0	0	0	0	0	0	0	0	0	0	0	0	0	0	0	0	0	0	0	0	0	0	0	0	0	0	13.防禦力 - Defence	4096	21001	1	8021001	200	0	0	0
	2548	5000	異國草鞋	75	7.顧大嫂	03.褲子	03.灰	00.無	(0) 無	07.怪物掉寶	0	0	2		pc07_pelvis_0070			100	0	187	0	0	0	0	0	0	0	0	0	0	0	0	0	0	0	0	0	0	0	0	0	0	0	0	0	0	13.防禦力 - Defence	4096	21001	1	8021001	200	0	0	0
	2549	5000	異國狼牙棒	75	7.顧大嫂	04.武器	03.灰	00.無	(0) 無	07.怪物掉寶	0	0	3		pc07_weapon_0070			100	1513	0	0	0	0	0	0	0	0	0	0	0	0	0	0	0	0	0	0	0	0	0	0	0	0	0	0	0	12.攻擊力 - Attack	2048	11001	1	8011001	420	0	0	0
	2550	5000	煙雨法帽	75	7.顧大嫂	01.帽子	04.白	00.無	(0) 無	03.商店購買	0	0	0		pc07_hat_0070			100	0	187	0	0	0	0	0	0	0	0	0	0	0	0	0	0	0	0	0	0	0	0	0	0	0	0	0	0	13.防禦力 - Defence	4096	21001	1	8021001	180	0	0	0
	2551	5000	煙雨法衣	75	7.顧大嫂	02.上衣	04.白	00.無	(0) 無	03.商店購買	0	0	1		pc07_torso_0070			100	0	401	0	0	0	0	0	0	0	0	0	0	0	0	0	0	0	0	0	0	0	0	0	0	0	0	0	0	13.防禦力 - Defence	4096	21001	1	8021001	180	0	0	0
	2552	5000	煙雨草鞋	75	7.顧大嫂	03.褲子	04.白	00.無	(0) 無	03.商店購買	0	0	2		pc07_pelvis_0070			100	0	233	0	0	0	0	0	0	0	0	0	0	0	0	0	0	0	0	0	0	0	0	0	0	0	0	0	0	13.防禦力 - Defence	4096	21001	1	8021001	180	0	0	0
	2553	5000	煙雨狼牙棒	75	7.顧大嫂	04.武器	04.白	00.無	(0) 無	03.商店購買	0	0	3		pc07_weapon_0070			100	1892	0	0	0	0	0	0	0	0	0	0	0	0	0	0	0	0	0	0	0	0	0	0	0	0	0	0	0	12.攻擊力 - Attack	2048	11001	1	8011001	380	0	0	0
	2554	5000	玉露法帽	75	7.顧大嫂	01.帽子	05.綠	00.無	(1) 智慧	07.怪物掉寶	0	0	0		pc07_hat_0070			100	0	202	0	0	0	16	0	0	0	0	0	0	0	0	0	0	0	0	0	0	0	0	0	0	0	0	0	0	13.防禦力 - Defence	4096	21001	2	8021001	190	0	0	0
	2555	5000	玉露法衣	75	7.顧大嫂	02.上衣	05.綠	00.無	(1) 最大 HP	07.怪物掉寶	0	0	1		pc07_torso_0070			100	0	433	0	0	0	0	0	0	0	0	0	0	0	0	0	0	0	0	290	0	0	0	0	0	0	0	0	0	13.防禦力 - Defence	4096	21001	2	8021001	190	0	0	0
	2556	5000	玉露草鞋	75	7.顧大嫂	03.褲子	05.綠	00.無	(1) 敏捷	07.怪物掉寶	0	0	2		pc07_pelvis_0070			100	0	252	0	17	0	0	0	0	0	0	0	0	0	0	0	0	0	0	0	0	0	0	0	0	0	0	0	0	13.防禦力 - Defence	4096	21001	2	8021001	190	0	0	0
	2557	5000	玉露狼牙棒	75	7.顧大嫂	04.武器	05.綠	00.無	(1) 體能	07.怪物掉寶	0	0	3		pc07_weapon_0070			100	2044	0	0	0	14	0	0	0	0	0	0	0	0	0	0	0	0	0	0	0	0	0	0	0	0	0	0	0	12.攻擊力 - Attack	2048	11001	2	8011001	400	0	0	0
	2558	5000	水月法帽	75	7.顧大嫂	01.帽子	06.藍	00.無	(2) 敏 / 智 平均	12.收集品交換	0	0	0		pc07_hat_0070			100	0	231	0	15	0	14	0	0	0	0	0	0	0	0	0	0	0	0	0	0	0	0	0	0	0	0	0	0	13.防禦力 - Defence	4096	21001	2	8021001	190	0	0	0
	2559	5000	水月法衣	75	7.顧大嫂	02.上衣	06.藍	00.無	(2) HP / 敏	12.收集品交換	0	0	1		pc07_torso_0070			100	0	498	0	14	0	0	0	0	0	0	0	0	0	0	0	0	0	0	250	0	0	0	0	0	0	0	0	0	13.防禦力 - Defence	4096	21001	2	8021001	190	0	0	0
	2560	5000	水月草鞋	75	7.顧大嫂	03.褲子	06.藍	00.無	(2) 敏 / 體 平均	12.收集品交換	0	0	2		pc07_pelvis_0070			100	0	289	0	15	12	0	0	0	0	0	0	0	0	0	0	0	0	0	0	0	0	0	0	0	0	0	0	0	13.防禦力 - Defence	4096	21001	2	8021001	190	0	0	0
	2561	5000	水月狼牙棒	75	7.顧大嫂	04.武器	06.藍	00.無	(2) 體 / 智 平均	12.收集品交換	0	0	3		pc07_weapon_0070			100	2326	0	0	0	12	14	0	0	0	0	0	0	0	0	0	0	0	0	0	0	0	0	0	0	0	0	0	0	12.攻擊力 - Attack	2048	11001	2	8011001	410	0	0	0
	2562	5000	召鬼法帽	80	7.顧大嫂	01.帽子	03.灰	00.無	(0) 無	07.怪物掉寶	0	0	0		pc07_hat_0071			100	0	176	0	0	0	0	0	0	0	0	0	0	0	0	0	0	0	0	0	0	0	0	0	0	0	0	0	0	13.防禦力 - Defence	4096	21001	1	8021001	200	0	0	0
	2563	5000	召鬼法衣	80	7.顧大嫂	02.上衣	03.灰	00.無	(0) 無	07.怪物掉寶	0	0	1		pc07_torso_0071			100	0	379	0	0	0	0	0	0	0	0	0	0	0	0	0	0	0	0	0	0	0	0	0	0	0	0	0	0	13.防禦力 - Defence	4096	21001	1	8021001	200	0	0	0
	2564	5000	召鬼草鞋	80	7.顧大嫂	03.褲子	03.灰	00.無	(0) 無	07.怪物掉寶	0	0	2		pc07_pelvis_0071			100	0	220	0	0	0	0	0	0	0	0	0	0	0	0	0	0	0	0	0	0	0	0	0	0	0	0	0	0	13.防禦力 - Defence	4096	21001	1	8021001	200	0	0	0
	2565	5000	召鬼狼牙棒	80	7.顧大嫂	04.武器	03.灰	00.無	(0) 無	07.怪物掉寶	0	0	3		pc07_weapon_0071			100	1772	0	0	0	0	0	0	0	0	0	0	0	0	0	0	0	0	0	0	0	0	0	0	0	0	0	0	0	12.攻擊力 - Attack	2048	11001	1	8011001	420	0	0	0
	2566	5000	破邪法帽	80	7.顧大嫂	01.帽子	04.白	00.無	(0) 無	03.商店購買	0	0	0		pc07_hat_0071			100	0	220	0	0	0	0	0	0	0	0	0	0	0	0	0	0	0	0	0	0	0	0	0	0	0	0	0	0	13.防禦力 - Defence	4096	21001	1	8021001	180	0	0	0
	2567	5000	破邪法衣	80	7.顧大嫂	02.上衣	04.白	00.無	(0) 無	03.商店購買	0	0	1		pc07_torso_0071			100	0	474	0	0	0	0	0	0	0	0	0	0	0	0	0	0	0	0	0	0	0	0	0	0	0	0	0	0	13.防禦力 - Defence	4096	21001	1	8021001	180	0	0	0
	2568	5000	破邪草鞋	80	7.顧大嫂	03.褲子	04.白	00.無	(0) 無	03.商店購買	0	0	2		pc07_pelvis_0071			100	0	276	0	0	0	0	0	0	0	0	0	0	0	0	0	0	0	0	0	0	0	0	0	0	0	0	0	0	13.防禦力 - Defence	4096	21001	1	8021001	180	0	0	0
	2569	5000	破邪狼牙棒	80	7.顧大嫂	04.武器	04.白	00.無	(0) 無	03.商店購買	0	0	3		pc07_weapon_0071			100	2216	0	0	0	0	0	0	0	0	0	0	0	0	0	0	0	0	0	0	0	0	0	0	0	0	0	0	0	12.攻擊力 - Attack	2048	11001	1	8011001	380	0	0	0
	2570	5000	除魔法帽	80	7.顧大嫂	01.帽子	05.綠	00.無	(1) 智慧	07.怪物掉寶	0	0	0		pc07_hat_0071			100	0	237	0	0	0	17	0	0	0	0	0	0	0	0	0	0	0	0	0	0	0	0	0	0	0	0	0	0	13.防禦力 - Defence	4096	21001	2	8021001	190	0	0	0
	2571	5000	除魔法衣	80	7.顧大嫂	02.上衣	05.綠	00.無	(1) 最大 HP	07.怪物掉寶	0	0	1		pc07_torso_0071			100	0	510	0	0	0	0	0	0	0	0	0	0	0	0	0	0	0	0	310	0	0	0	0	0	0	0	0	0	13.防禦力 - Defence	4096	21001	2	8021001	190	0	0	0
	2572	5000	除魔草鞋	80	7.顧大嫂	03.褲子	05.綠	00.無	(1) 敏捷	07.怪物掉寶	0	0	2		pc07_pelvis_0071			100	0	297	0	18	0	0	0	0	0	0	0	0	0	0	0	0	0	0	0	0	0	0	0	0	0	0	0	0	13.防禦力 - Defence	4096	21001	2	8021001	190	0	0	0
	2573	5000	除魔狼牙棒	80	7.顧大嫂	04.武器	05.綠	00.無	(1) 體能	07.怪物掉寶	0	0	3		pc07_weapon_0071			100	2390	0	0	0	15	0	0	0	0	0	0	0	0	0	0	0	0	0	0	0	0	0	0	0	0	0	0	0	12.攻擊力 - Attack	2048	11001	2	8011001	400	0	0	0
	2574	5000	百鬼法帽	80	7.顧大嫂	01.帽子	06.藍	00.無	(2) 敏 / 智 平均	12.收集品交換	0	0	0		pc07_hat_0071			100	0	272	0	16	0	15	0	0	0	0	0	0	0	0	0	0	0	0	0	0	0	0	0	0	0	0	0	0	13.防禦力 - Defence	4096	21001	2	8021001	190	0	0	0
	2575	5000	百鬼法衣	80	7.顧大嫂	02.上衣	06.藍	00.無	(2) HP / 敏	12.收集品交換	0	0	1		pc07_torso_0071			100	0	585	0	15	0	0	0	0	0	0	0	0	0	0	0	0	0	0	270	0	0	0	0	0	0	0	0	0	13.防禦力 - Defence	4096	21001	2	8021001	190	0	0	0
	2576	5000	百鬼草鞋	80	7.顧大嫂	03.褲子	06.藍	00.無	(2) 敏 / 體 平均	12.收集品交換	0	0	2		pc07_pelvis_0071			100	0	340	0	16	13	0	0	0	0	0	0	0	0	0	0	0	0	0	0	0	0	0	0	0	0	0	0	0	13.防禦力 - Defence	4096	21001	2	8021001	190	0	0	0
	2577	5000	百鬼狼牙棒	80	7.顧大嫂	04.武器	06.藍	00.無	(2) 體 / 智 平均	12.收集品交換	0	0	3		pc07_weapon_0071			100	2715	0	0	0	13	15	0	0	0	0	0	0	0	0	0	0	0	0	0	0	0	0	0	0	0	0	0	0	12.攻擊力 - Attack	2048	11001	2	8011001	410	0	0	0
	2578	5000	巫女帽	80	7.顧大嫂	01.帽子	07.紫	00.無	(3) MP / 敏 / 智	07.怪物掉寶	0	0	0		pc07_hat_0072			100	0	318	0	14	0	13	0	0	0	0	0	0	0	0	0	0	0	0	0	670	0	0	0	0	0	0	0	0	13.防禦力 - Defence	4096	21001	3	8021001	200	0	0	0
	2579	5000	巫女袍	80	7.顧大嫂	02.上衣	07.紫	00.無	(3) HP / 敏 / 智	07.怪物掉寶	0	0	1		pc07_torso_0072			100	0	684	0	14	0	13	0	0	0	0	0	0	0	0	0	0	0	0	230	0	0	0	0	0	0	0	0	0	13.防禦力 - Defence	4096	21001	3	8021001	200	0	0	0
	2580	5000	巫女草鞋	80	7.顧大嫂	03.褲子	07.紫	00.無	(3) MP / 敏 / 體	07.怪物掉寶	0	0	2		pc07_pelvis_0072			100	0	398	0	14	11	0	0	0	0	0	0	0	0	0	0	0	0	0	0	330	0	0	0	0	0	0	0	0	13.防禦力 - Defence	4096	21001	3	8021001	200	0	0	0
	2581	5000	巫女狼牙棒	80	7.顧大嫂	04.武器	07.紫	00.無	(3) HP / 體 / 智	07.怪物掉寶	0	0	3		pc07_weapon_0072			100	3161	0	0	0	11	13	0	0	0	0	0	0	0	0	0	0	0	0	110	0	0	0	0	0	0	0	0	0	12.攻擊力 - Attack	2048	11001	3	8011001	420	0	0	0
	2582	5000	算命法帽	85	7.顧大嫂	01.帽子	03.灰	00.無	(0) 無	07.怪物掉寶	0	0	0		pc07_hat_0080			100	0	207	0	0	0	0	0	0	0	0	0	0	0	0	0	0	0	0	0	0	0	0	0	0	0	0	0	0	13.防禦力 - Defence	4096	21001	1	10021001	200	0	0	0
	2583	5000	算命法衣	85	7.顧大嫂	02.上衣	03.灰	00.無	(0) 無	07.怪物掉寶	0	0	1		pc07_torso_0080			100	0	446	0	0	0	0	0	0	0	0	0	0	0	0	0	0	0	0	0	0	0	0	0	0	0	0	0	0	13.防禦力 - Defence	4096	21001	1	10021001	200	0	0	0
	2584	5000	算命草鞋	85	7.顧大嫂	03.褲子	03.灰	00.無	(0) 無	07.怪物掉寶	0	0	2		pc07_pelvis_0080			100	0	259	0	0	0	0	0	0	0	0	0	0	0	0	0	0	0	0	0	0	0	0	0	0	0	0	0	0	13.防禦力 - Defence	4096	21001	1	10021001	200	0	0	0
	2585	5000	算命狼牙棒	85	7.顧大嫂	04.武器	03.灰	00.無	(0) 無	07.怪物掉寶	0	0	3		pc07_weapon_0080			100	2069	0	0	0	0	0	0	0	0	0	0	0	0	0	0	0	0	0	0	0	0	0	0	0	0	0	0	0	12.攻擊力 - Attack	2048	11001	1	10011001	420	0	0	0
	2586	5000	招魂法帽	85	7.顧大嫂	01.帽子	04.白	00.無	(0) 無	03.商店購買	0	0	0		pc07_hat_0080			100	0	259	0	0	0	0	0	0	0	0	0	0	0	0	0	0	0	0	0	0	0	0	0	0	0	0	0	0	13.防禦力 - Defence	4096	21001	1	10021001	180	0	0	0
	2587	5000	招魂法衣	85	7.顧大嫂	02.上衣	04.白	00.無	(0) 無	03.商店購買	0	0	1		pc07_torso_0080			100	0	557	0	0	0	0	0	0	0	0	0	0	0	0	0	0	0	0	0	0	0	0	0	0	0	0	0	0	13.防禦力 - Defence	4096	21001	1	10021001	180	0	0	0
	2588	5000	招魂草鞋	85	7.顧大嫂	03.褲子	04.白	00.無	(0) 無	03.商店購買	0	0	2		pc07_pelvis_0080			100	0	324	0	0	0	0	0	0	0	0	0	0	0	0	0	0	0	0	0	0	0	0	0	0	0	0	0	0	13.防禦力 - Defence	4096	21001	1	10021001	180	0	0	0
	2589	5000	招魂狼牙棒	85	7.顧大嫂	04.武器	04.白	00.無	(0) 無	03.商店購買	0	0	3		pc07_weapon_0080			100	2586	0	0	0	0	0	0	0	0	0	0	0	0	0	0	0	0	0	0	0	0	0	0	0	0	0	0	0	12.攻擊力 - Attack	2048	11001	1	10011001	380	0	0	0
	2590	5000	靈幻法帽	85	7.顧大嫂	01.帽子	05.綠	00.無	(1) 智慧	07.怪物掉寶	0	0	0		pc07_hat_0080			100	0	279	0	0	0	18	0	0	0	0	0	0	0	0	0	0	0	0	0	0	0	0	0	0	0	0	0	0	13.防禦力 - Defence	4096	21001	2	10021001	190	0	0	0
	2591	5000	靈幻法衣	85	7.顧大嫂	02.上衣	05.綠	00.無	(1) 最大 HP	07.怪物掉寶	0	0	1		pc07_torso_0080			100	0	599	0	0	0	0	0	0	0	0	0	0	0	0	0	0	0	0	320	0	0	0	0	0	0	0	0	0	13.防禦力 - Defence	4096	21001	2	10021001	190	0	0	0
	2592	5000	靈幻草鞋	85	7.顧大嫂	03.褲子	05.綠	00.無	(1) 敏捷	07.怪物掉寶	0	0	2		pc07_pelvis_0080			100	0	348	0	19	0	0	0	0	0	0	0	0	0	0	0	0	0	0	0	0	0	0	0	0	0	0	0	0	13.防禦力 - Defence	4096	21001	2	10021001	190	0	0	0
	2593	5000	靈幻狼牙棒	85	7.顧大嫂	04.武器	05.綠	00.無	(1) 體能	07.怪物掉寶	0	0	3		pc07_weapon_0080			100	2785	0	0	0	16	0	0	0	0	0	0	0	0	0	0	0	0	0	0	0	0	0	0	0	0	0	0	0	12.攻擊力 - Attack	2048	11001	2	10011001	400	0	0	0
	2594	5000	御伽法帽	85	7.顧大嫂	01.帽子	06.藍	00.無	(2) 敏 / 智 平均	12.收集品交換	0	0	0		pc07_hat_0080			100	0	318	0	17	0	16	0	0	0	0	0	0	0	0	0	0	0	0	0	0	0	0	0	0	0	0	0	0	13.防禦力 - Defence	4096	21001	2	10021001	190	0	0	0
	2595	5000	御伽法衣	85	7.顧大嫂	02.上衣	06.藍	00.無	(2) HP / 敏	12.收集品交換	0	0	1		pc07_torso_0080			100	0	684	0	16	0	0	0	0	0	0	0	0	0	0	0	0	0	0	280	0	0	0	0	0	0	0	0	0	13.防禦力 - Defence	4096	21001	2	10021001	190	0	0	0
	2596	5000	御伽草鞋	85	7.顧大嫂	03.褲子	06.藍	00.無	(2) 敏 / 體 平均	12.收集品交換	0	0	2		pc07_pelvis_0080			100	0	398	0	17	14	0	0	0	0	0	0	0	0	0	0	0	0	0	0	0	0	0	0	0	0	0	0	0	13.防禦力 - Defence	4096	21001	2	10021001	190	0	0	0
	2597	5000	御伽狼牙棒	85	7.顧大嫂	04.武器	06.藍	00.無	(2) 體 / 智 平均	12.收集品交換	0	0	3		pc07_weapon_0080			100	3161	0	0	0	14	16	0	0	0	0	0	0	0	0	0	0	0	0	0	0	0	0	0	0	0	0	0	0	12.攻擊力 - Attack	2048	11001	2	10011001	410	0	0	0
	2598	5000	幽夢法帽	90	7.顧大嫂	01.帽子	03.灰	00.無	(0) 無	07.怪物掉寶	0	0	0		pc07_hat_0081			100	0	242	0	0	0	0	0	0	0	0	0	0	0	0	0	0	0	0	0	0	0	0	0	0	0	0	0	0	13.防禦力 - Defence	4096	21001	1	10021001	200	0	0	0
	2599	5000	幽夢法衣	90	7.顧大嫂	02.上衣	03.灰	00.無	(0) 無	07.怪物掉寶	0	0	1		pc07_torso_0081			100	0	521	0	0	0	0	0	0	0	0	0	0	0	0	0	0	0	0	0	0	0	0	0	0	0	0	0	0	13.防禦力 - Defence	4096	21001	1	10021001	200	0	0	0
	2600	5000	幽夢草鞋	90	7.顧大嫂	03.褲子	03.灰	00.無	(0) 無	07.怪物掉寶	0	0	2		pc07_pelvis_0081			100	0	303	0	0	0	0	0	0	0	0	0	0	0	0	0	0	0	0	0	0	0	0	0	0	0	0	0	0	13.防禦力 - Defence	4096	21001	1	10021001	200	0	0	0
	2601	5000	幽夢狼牙棒	90	7.顧大嫂	04.武器	03.灰	00.無	(0) 無	07.怪物掉寶	0	0	3		pc07_weapon_0081			100	2408	0	0	0	0	0	0	0	0	0	0	0	0	0	0	0	0	0	0	0	0	0	0	0	0	0	0	0	12.攻擊力 - Attack	2048	11001	1	10011001	420	0	0	0
	2602	5000	飄風法帽	90	7.顧大嫂	01.帽子	04.白	00.無	(0) 無	03.商店購買	0	0	0		pc07_hat_0081			100	0	303	0	0	0	0	0	0	0	0	0	0	0	0	0	0	0	0	0	0	0	0	0	0	0	0	0	0	13.防禦力 - Defence	4096	21001	1	10021001	180	0	0	0
	2603	5000	飄風法衣	90	7.顧大嫂	02.上衣	04.白	00.無	(0) 無	03.商店購買	0	0	1		pc07_torso_0081			100	0	652	0	0	0	0	0	0	0	0	0	0	0	0	0	0	0	0	0	0	0	0	0	0	0	0	0	0	13.防禦力 - Defence	4096	21001	1	10021001	180	0	0	0
	2604	5000	飄風草鞋	90	7.顧大嫂	03.褲子	04.白	00.無	(0) 無	03.商店購買	0	0	2		pc07_pelvis_0081			100	0	379	0	0	0	0	0	0	0	0	0	0	0	0	0	0	0	0	0	0	0	0	0	0	0	0	0	0	13.防禦力 - Defence	4096	21001	1	10021001	180	0	0	0
	2605	5000	飄風狼牙棒	90	7.顧大嫂	04.武器	04.白	00.無	(0) 無	03.商店購買	0	0	3		pc07_weapon_0081			100	3010	0	0	0	0	0	0	0	0	0	0	0	0	0	0	0	0	0	0	0	0	0	0	0	0	0	0	0	12.攻擊力 - Attack	2048	11001	1	10011001	380	0	0	0
	2606	5000	青雲法帽	90	7.顧大嫂	01.帽子	05.綠	00.無	(1) 智慧	07.怪物掉寶	0	0	0		pc07_hat_0081			100	0	325	0	0	0	19	0	0	0	0	0	0	0	0	0	0	0	0	0	0	0	0	0	0	0	0	0	0	13.防禦力 - Defence	4096	21001	2	10021001	190	0	0	0
	2607	5000	青雲法衣	90	7.顧大嫂	02.上衣	05.綠	00.無	(1) 最大 HP	07.怪物掉寶	0	0	1		pc07_torso_0081			100	0	699	0	0	0	0	0	0	0	0	0	0	0	0	0	0	0	0	340	0	0	0	0	0	0	0	0	0	13.防禦力 - Defence	4096	21001	2	10021001	190	0	0	0
	2608	5000	青雲草鞋	90	7.顧大嫂	03.褲子	05.綠	00.無	(1) 敏捷	07.怪物掉寶	0	0	2		pc07_pelvis_0081			100	0	406	0	20	0	0	0	0	0	0	0	0	0	0	0	0	0	0	0	0	0	0	0	0	0	0	0	0	13.防禦力 - Defence	4096	21001	2	10021001	190	0	0	0
	2609	5000	青雲狼牙棒	90	7.顧大嫂	04.武器	05.綠	00.無	(1) 體能	07.怪物掉寶	0	0	3		pc07_weapon_0081			100	3236	0	0	0	17	0	0	0	0	0	0	0	0	0	0	0	0	0	0	0	0	0	0	0	0	0	0	0	12.攻擊力 - Attack	2048	11001	2	10011001	400	0	0	0
	2610	5000	仙魔法帽	90	7.顧大嫂	01.帽子	06.藍	00.無	(2) 敏 / 智 平均	12.收集品交換	0	0	0		pc07_hat_0081			100	0	371	0	18	0	17	0	0	0	0	0	0	0	0	0	0	0	0	0	0	0	0	0	0	0	0	0	0	13.防禦力 - Defence	4096	21001	2	10021001	190	0	0	0
	2611	5000	仙魔法衣	90	7.顧大嫂	02.上衣	06.藍	00.無	(2) HP / 敏	12.收集品交換	0	0	1		pc07_torso_0081			100	0	797	0	17	0	0	0	0	0	0	0	0	0	0	0	0	0	0	290	0	0	0	0	0	0	0	0	0	13.防禦力 - Defence	4096	21001	2	10021001	190	0	0	0
	2612	5000	仙魔草鞋	90	7.顧大嫂	03.褲子	06.藍	00.無	(2) 敏 / 體 平均	12.收集品交換	0	0	2		pc07_pelvis_0081			100	0	463	0	18	14	0	0	0	0	0	0	0	0	0	0	0	0	0	0	0	0	0	0	0	0	0	0	0	13.防禦力 - Defence	4096	21001	2	10021001	190	0	0	0
	2613	5000	仙魔狼牙棒	90	7.顧大嫂	04.武器	06.藍	00.無	(2) 體 / 智 平均	12.收集品交換	0	0	3		pc07_weapon_0081			100	3669	0	0	0	14	17	0	0	0	0	0	0	0	0	0	0	0	0	0	0	0	0	0	0	0	0	0	0	12.攻擊力 - Attack	2048	11001	2	10011001	410	0	0	0
	2614	5000	感應法帽	95	7.顧大嫂	01.帽子	03.灰	00.無	(0) 無	07.怪物掉寶	0	0	0		pc07_hat_0090			100	0	282	0	0	0	0	0	0	0	0	0	0	0	0	0	0	0	0	0	0	0	0	0	0	0	0	0	0	13.防禦力 - Defence	4096	21001	1	10021001	200	0	0	0
	2615	5000	感應法衣	95	7.顧大嫂	02.上衣	03.灰	00.無	(0) 無	07.怪物掉寶	0	0	1		pc07_torso_0090			100	0	607	0	0	0	0	0	0	0	0	0	0	0	0	0	0	0	0	0	0	0	0	0	0	0	0	0	0	13.防禦力 - Defence	4096	21001	1	10021001	200	0	0	0
	2616	5000	感應草鞋	95	7.顧大嫂	03.褲子	03.灰	00.無	(0) 無	07.怪物掉寶	0	0	2		pc07_pelvis_0090			100	0	353	0	0	0	0	0	0	0	0	0	0	0	0	0	0	0	0	0	0	0	0	0	0	0	0	0	0	13.防禦力 - Defence	4096	21001	1	10021001	200	0	0	0
	2617	5000	感應狼牙棒	95	7.顧大嫂	04.武器	03.灰	00.無	(0) 無	07.怪物掉寶	0	0	3		pc07_weapon_0090			100	2795	0	0	0	0	0	0	0	0	0	0	0	0	0	0	0	0	0	0	0	0	0	0	0	0	0	0	0	12.攻擊力 - Attack	2048	11001	1	10011001	420	0	0	0
	2618	5000	神怪法帽	95	7.顧大嫂	01.帽子	04.白	00.無	(0) 無	03.商店購買	0	0	0		pc07_hat_0090			100	0	353	0	0	0	0	0	0	0	0	0	0	0	0	0	0	0	0	0	0	0	0	0	0	0	0	0	0	13.防禦力 - Defence	4096	21001	1	10021001	180	0	0	0
	2619	5000	神怪法衣	95	7.顧大嫂	02.上衣	04.白	00.無	(0) 無	03.商店購買	0	0	1		pc07_torso_0090			100	0	759	0	0	0	0	0	0	0	0	0	0	0	0	0	0	0	0	0	0	0	0	0	0	0	0	0	0	13.防禦力 - Defence	4096	21001	1	10021001	180	0	0	0
	2620	5000	神怪草鞋	95	7.顧大嫂	03.褲子	04.白	00.無	(0) 無	03.商店購買	0	0	2		pc07_pelvis_0090			100	0	441	0	0	0	0	0	0	0	0	0	0	0	0	0	0	0	0	0	0	0	0	0	0	0	0	0	0	13.防禦力 - Defence	4096	21001	1	10021001	180	0	0	0
	2621	5000	神怪狼牙棒	95	7.顧大嫂	04.武器	04.白	00.無	(0) 無	03.商店購買	0	0	3		pc07_weapon_0090			100	3494	0	0	0	0	0	0	0	0	0	0	0	0	0	0	0	0	0	0	0	0	0	0	0	0	0	0	0	12.攻擊力 - Attack	2048	11001	1	10011001	380	0	0	0
	2622	5000	獸靈法帽	95	7.顧大嫂	01.帽子	05.綠	00.無	(1) 智慧	07.怪物掉寶	0	0	0		pc07_hat_0090			100	0	378	0	0	0	20	0	0	0	0	0	0	0	0	0	0	0	0	0	0	0	0	0	0	0	0	0	0	13.防禦力 - Defence	4096	21001	2	10021001	190	0	0	0
	2623	5000	獸靈法衣	95	7.顧大嫂	02.上衣	05.綠	00.無	(1) 最大 HP	07.怪物掉寶	0	0	1		pc07_torso_0090			100	0	813	0	0	0	0	0	0	0	0	0	0	0	0	0	0	0	0	360	0	0	0	0	0	0	0	0	0	13.防禦力 - Defence	4096	21001	2	10021001	190	0	0	0
	2624	5000	獸靈草鞋	95	7.顧大嫂	03.褲子	05.綠	00.無	(1) 敏捷	07.怪物掉寶	0	0	2		pc07_pelvis_0090			100	0	472	0	21	0	0	0	0	0	0	0	0	0	0	0	0	0	0	0	0	0	0	0	0	0	0	0	0	13.防禦力 - Defence	4096	21001	2	10021001	190	0	0	0
	2625	5000	獸靈狼牙棒	95	7.顧大嫂	04.武器	05.綠	00.無	(1) 體能	07.怪物掉寶	0	0	3		pc07_weapon_0090			100	3751	0	0	0	17	0	0	0	0	0	0	0	0	0	0	0	0	0	0	0	0	0	0	0	0	0	0	0	12.攻擊力 - Attack	2048	11001	2	10011001	400	0	0	0
	2626	5000	鬼靈法帽	95	7.顧大嫂	01.帽子	06.藍	00.無	(2) 敏 / 智 平均	12.收集品交換	0	0	0		pc07_hat_0090			100	0	431	0	19	0	17	0	0	0	0	0	0	0	0	0	0	0	0	0	0	0	0	0	0	0	0	0	0	13.防禦力 - Defence	4096	21001	2	10021001	190	0	0	0
	2627	5000	鬼靈法衣	95	7.顧大嫂	02.上衣	06.藍	00.無	(2) HP / 敏	12.收集品交換	0	0	1		pc07_torso_0090			100	0	926	0	17	0	0	0	0	0	0	0	0	0	0	0	0	0	0	310	0	0	0	0	0	0	0	0	0	13.防禦力 - Defence	4096	21001	2	10021001	190	0	0	0
	2628	5000	鬼靈草鞋	95	7.顧大嫂	03.褲子	06.藍	00.無	(2) 敏 / 體 平均	12.收集品交換	0	0	2		pc07_pelvis_0090			100	0	539	0	19	15	0	0	0	0	0	0	0	0	0	0	0	0	0	0	0	0	0	0	0	0	0	0	0	13.防禦力 - Defence	4096	21001	2	10021001	190	0	0	0
	2629	5000	鬼靈狼牙棒	95	7.顧大嫂	04.武器	06.藍	00.無	(2) 體 / 智 平均	12.收集品交換	0	0	3		pc07_weapon_0090			100	4249	0	0	0	15	17	0	0	0	0	0	0	0	0	0	0	0	0	0	0	0	0	0	0	0	0	0	0	12.攻擊力 - Attack	2048	11001	2	10011001	410	0	0	0
	2630	5000	羊骨法帽	99	7.顧大嫂	01.帽子	03.灰	00.無	(0) 無	07.怪物掉寶	0	0	0		pc07_hat_0091			100	0	309	0	0	0	0	0	0	0	0	0	0	0	0	0	0	0	0	0	0	0	0	0	0	0	0	0	0	13.防禦力 - Defence	4096	21001	1	10021001	200	0	0	0
	2631	5000	羊骨法衣	99	7.顧大嫂	02.上衣	03.灰	00.無	(0) 無	07.怪物掉寶	0	0	1		pc07_torso_0091			100	0	665	0	0	0	0	0	0	0	0	0	0	0	0	0	0	0	0	0	0	0	0	0	0	0	0	0	0	13.防禦力 - Defence	4096	21001	1	10021001	200	0	0	0
	2632	5000	羊骨草鞋	99	7.顧大嫂	03.褲子	03.灰	00.無	(0) 無	07.怪物掉寶	0	0	2		pc07_pelvis_0091			100	0	387	0	0	0	0	0	0	0	0	0	0	0	0	0	0	0	0	0	0	0	0	0	0	0	0	0	0	13.防禦力 - Defence	4096	21001	1	10021001	200	0	0	0
	2633	5000	羊骨狼牙棒	99	7.顧大嫂	04.武器	03.灰	00.無	(0) 無	07.怪物掉寶	0	0	3		pc07_weapon_0091			100	3072	0	0	0	0	0	0	0	0	0	0	0	0	0	0	0	0	0	0	0	0	0	0	0	0	0	0	0	12.攻擊力 - Attack	2048	11001	1	10011001	420	0	0	0
	2634	5000	牛骨法帽	99	7.顧大嫂	01.帽子	04.白	00.無	(0) 無	03.商店購買	0	0	0		pc07_hat_0091			100	0	387	0	0	0	0	0	0	0	0	0	0	0	0	0	0	0	0	0	0	0	0	0	0	0	0	0	0	13.防禦力 - Defence	4096	21001	1	10021001	180	0	0	0
	2635	5000	牛骨法衣	99	7.顧大嫂	02.上衣	04.白	00.無	(0) 無	03.商店購買	0	0	1		pc07_torso_0091			100	0	832	0	0	0	0	0	0	0	0	0	0	0	0	0	0	0	0	0	0	0	0	0	0	0	0	0	0	13.防禦力 - Defence	4096	21001	1	10021001	180	0	0	0
	2636	5000	牛骨草鞋	99	7.顧大嫂	03.褲子	04.白	00.無	(0) 無	03.商店購買	0	0	2		pc07_pelvis_0091			100	0	484	0	0	0	0	0	0	0	0	0	0	0	0	0	0	0	0	0	0	0	0	0	0	0	0	0	0	13.防禦力 - Defence	4096	21001	1	10021001	180	0	0	0
	2637	5000	牛骨狼牙棒	99	7.顧大嫂	04.武器	04.白	00.無	(0) 無	03.商店購買	0	0	3		pc07_weapon_0091			100	3839	0	0	0	0	0	0	0	0	0	0	0	0	0	0	0	0	0	0	0	0	0	0	0	0	0	0	0	12.攻擊力 - Attack	2048	11001	1	10011001	380	0	0	0
	2638	5000	龍骨法帽	99	7.顧大嫂	01.帽子	05.綠	00.無	(1) 智慧	07.怪物掉寶	0	0	0		pc07_hat_0091			100	0	0	0	0	0	21	0	0	0	0	0	0	0	0	0	0	0	0	0	0	0	0	0	0	0	0	0	0	13.防禦力 - Defence	4096	21001	2	10021001	190	0	0	0
	2639	5000	龍骨法衣	99	7.顧大嫂	02.上衣	05.綠	00.無	(1) 最大 HP	07.怪物掉寶	0	0	1		pc07_torso_0091			100	0	0	0	0	0	0	0	0	0	0	0	0	0	0	0	0	0	0	370	0	0	0	0	0	0	0	0	0	13.防禦力 - Defence	4096	21001	2	10021001	190	0	0	0
	2640	5000	龍骨草鞋	99	7.顧大嫂	03.褲子	05.綠	00.無	(1) 敏捷	07.怪物掉寶	0	0	2		pc07_pelvis_0091			100	0	0	0	22	0	0	0	0	0	0	0	0	0	0	0	0	0	0	0	0	0	0	0	0	0	0	0	0	13.防禦力 - Defence	4096	21001	2	10021001	190	0	0	0
	2641	5000	龍骨狼牙棒	99	7.顧大嫂	04.武器	05.綠	00.無	(1) 體能	07.怪物掉寶	0	0	3		pc07_weapon_0091			100	0	0	0	0	18	0	0	0	0	0	0	0	0	0	0	0	0	0	0	0	0	0	0	0	0	0	0	0	12.攻擊力 - Attack	2048	11001	2	10011001	400	0	0	0
	2642	5000	鬼骨法帽	99	7.顧大嫂	01.帽子	06.藍	00.無	(2) 敏 / 智 平均	12.收集品交換	0	0	0		pc07_hat_0091			100	0	0	0	19	0	18	0	0	0	0	0	0	0	0	0	0	0	0	0	0	0	0	0	0	0	0	0	0	13.防禦力 - Defence	4096	21001	2	10021001	190	0	0	0
	2643	5000	鬼骨法衣	99	7.顧大嫂	02.上衣	06.藍	00.無	(2) HP / 敏	12.收集品交換	0	0	1		pc07_torso_0091			100	0	0	0	18	0	0	0	0	0	0	0	0	0	0	0	0	0	0	320	0	0	0	0	0	0	0	0	0	13.防禦力 - Defence	4096	21001	2	10021001	190	0	0	0
	2644	5000	鬼骨草鞋	99	7.顧大嫂	03.褲子	06.藍	00.無	(2) 敏 / 體 平均	12.收集品交換	0	0	2		pc07_pelvis_0091			100	0	0	0	19	16	0	0	0	0	0	0	0	0	0	0	0	0	0	0	0	0	0	0	0	0	0	0	0	13.防禦力 - Defence	4096	21001	2	10021001	190	0	0	0
	2645	5000	鬼骨狼牙棒	99	7.顧大嫂	04.武器	06.藍	00.無	(2) 體 / 智 平均	12.收集品交換	0	0	3		pc07_weapon_0091			100	0	0	0	0	16	18	0	0	0	0	0	0	0	0	0	0	0	0	0	0	0	0	0	0	0	0	0	0	12.攻擊力 - Attack	2048	11001	2	10011001	410	0	0	0
	2646	5000	地獄使者帽	99	7.顧大嫂	01.帽子	07.紫	00.無	(3) MP / 敏 / 智	07.怪物掉寶	0	0	0		pc07_hat_0092			100	0	0	0	17	0	15	0	0	0	0	0	0	0	0	0	0	0	0	0	790	0	0	0	0	0	0	0	0	13.防禦力 - Defence	4096	21001	3	10021001	200	0	0	0
	2647	5000	地獄使者袍	99	7.顧大嫂	02.上衣	07.紫	00.無	(3) HP / 敏 / 智	07.怪物掉寶	0	0	1		pc07_torso_0092			100	0	0	0	17	0	15	0	0	0	0	0	0	0	0	0	0	0	0	270	0	0	0	0	0	0	0	0	0	13.防禦力 - Defence	4096	21001	3	10021001	200	0	0	0
	2648	5000	地獄使者鞋	99	7.顧大嫂	03.褲子	07.紫	00.無	(3) MP / 敏 / 體	07.怪物掉寶	0	0	2		pc07_pelvis_0092			100	0	0	0	17	13	0	0	0	0	0	0	0	0	0	0	0	0	0	0	400	0	0	0	0	0	0	0	0	13.防禦力 - Defence	4096	21001	3	10021001	200	0	0	0
	2649	5000	地獄使者狼牙棒	99	7.顧大嫂	04.武器	07.紫	00.無	(3) HP / 體 / 智	07.怪物掉寶	0	0	3		pc07_weapon_0092			100	0	0	0	0	13	15	0	0	0	0	0	0	0	0	0	0	0	0	140	0	0	0	0	0	0	0	0	0	12.攻擊力 - Attack	2048	11001	3	10011001	420	0	0	0
	2650	5000	花榮頭巾	1	8.花榮	01.帽子	02.初始	00.無	(0) 無	02.初始	130	13	0		pc08_hat_0000			100	0	8	0	0	0	0	0	0	0	0	0	0	0	0	0	0	0	0	0	0	0	0	0	0	0	0	0	0	13.防禦力 - Defence	4096	21001	1	2021001	270	1.05	284	0.023
	2651	5000	花榮服	1	8.花榮	02.上衣	02.初始	00.無	(0) 無	02.初始	170	17	1		pc08_torso_0000			100	0	18	0	0	0	0	0	0	0	0	0	0	0	0	0	0	0	0	0	0	0	0	0	0	0	0	0	0	13.防禦力 - Defence	4096	21001	1	2021001	270	1.37	370	0.023
	2652	5000	花榮鞋	1	8.花榮	03.褲子	02.初始	00.無	(0) 無	02.初始	150	15	2		pc08_pelvis_0000			100	0	10	0	0	0	0	0	0	0	0	0	0	0	0	0	0	0	0	0	0	0	0	0	0	0	0	0	0	13.防禦力 - Defence	4096	21001	1	2021001	270	1.21	327	0.023
	2653	5000	花榮弓箭	1	8.花榮	04.武器	02.初始	00.無	(0) 無	02.初始	280	28	3		pc08_weapon_0000			100	35	0	0	0	0	0	0	0	0	0	0	0	0	0	0	0	0	0	0	0	0	0	0	0	0	0	0	0	12.攻擊力 - Attack	2048	11001	1	2011001	580	1.05	609	0.023
	2654	5000	劣質布帽	10	8.花榮	01.帽子	03.灰	00.無	(0) 無	07.怪物掉寶	630	32	0		pc08_hat_0001			100	0	15	0	0	0	0	0	0	0	0	0	0	0	0	0	0	0	0	0	0	0	0	0	0	0	0	0	0	13.防禦力 - Defence	4096	21001	1	2021001	200	2.17	434	0.073
	2655	5000	劣質布衣	10	8.花榮	02.上衣	03.灰	00.無	(0) 無	07.怪物掉寶	820	41	1		pc08_torso_0001			100	0	33	0	0	0	0	0	0	0	0	0	0	0	0	0	0	0	0	0	0	0	0	0	0	0	0	0	0	13.防禦力 - Defence	4096	21001	1	2021001	200	2.83	566	0.073
	2656	5000	劣質草鞋	10	8.花榮	03.褲子	03.灰	00.無	(0) 無	07.怪物掉寶	720	36	2		pc08_pelvis_0001			100	0	19	0	0	0	0	0	0	0	0	0	0	0	0	0	0	0	0	0	0	0	0	0	0	0	0	0	0	13.防禦力 - Defence	4096	21001	1	2021001	200	2.48	496	0.073
	2657	5000	劣質弓箭	10	8.花榮	04.武器	03.灰	00.無	(0) 無	07.怪物掉寶	"1,360"	68	3		pc08_weapon_0001			100	75	0	0	0	0	0	0	0	0	0	0	0	0	0	0	0	0	0	0	0	0	0	0	0	0	0	0	0	12.攻擊力 - Attack	2048	11001	1	2011001	420	2.23	937	0.073
	2658	5000	平民布帽	10	8.花榮	01.帽子	04.白	00.無	(0) 無	03.商店購買	630	63	0		pc08_hat_0001			100	0	19	0	0	0	0	0	0	0	0	0	0	0	0	0	0	0	0	0	0	0	0	0	0	0	0	0	0	13.防禦力 - Defence	4096	21001	1	2021001	180	2.41	434	0.073
	2659	5000	平民布衣	10	8.花榮	02.上衣	04.白	00.無	(0) 無	03.商店購買	820	82	1		pc08_torso_0001			100	0	41	0	0	0	0	0	0	0	0	0	0	0	0	0	0	0	0	0	0	0	0	0	0	0	0	0	0	13.防禦力 - Defence	4096	21001	1	2021001	180	3.14	566	0.073
	2660	5000	平民草鞋	10	8.花榮	03.褲子	04.白	00.無	(0) 無	03.商店購買	720	72	2		pc08_pelvis_0001			100	0	24	0	0	0	0	0	0	0	0	0	0	0	0	0	0	0	0	0	0	0	0	0	0	0	0	0	0	13.防禦力 - Defence	4096	21001	1	2021001	180	2.76	497	0.073
	2661	5000	鐵質弓箭	10	8.花榮	04.武器	04.白	00.無	(0) 無	03.商店購買	"1,360"	136	3		pc08_weapon_0001			100	94	0	0	0	0	0	0	0	0	0	0	0	0	0	0	0	0	0	0	0	0	0	0	0	0	0	0	0	12.攻擊力 - Attack	2048	11001	1	2011001	380	2.47	939	0.073
	2662	5000	傳統布帽	10	8.花榮	01.帽子	05.綠	00.無	(1) 智慧	07.怪物掉寶	630	32	0		pc08_hat_0001			100	0	23	0	0	0	5	0	0	0	0	0	0	0	0	0	0	0	0	0	0	0	0	0	0	0	0	0	0	13.防禦力 - Defence	4096	21001	2	2021001	190	2.29	436	0.073
	2663	5000	傳統布衣	10	8.花榮	02.上衣	05.綠	00.無	(1) 最大 HP	07.怪物掉寶	820	41	1		pc08_torso_0001			100	0	48	0	0	0	0	0	0	0	0	0	0	0	0	0	0	0	0	70	0	0	0	0	0	0	0	0	0	13.防禦力 - Defence	4096	21001	2	2021001	190	2.97	565	0.073
	2664	5000	傳統草鞋	10	8.花榮	03.褲子	05.綠	00.無	(1) 敏捷	07.怪物掉寶	720	36	2		pc08_pelvis_0001			100	0	28	0	5	0	0	0	0	0	0	0	0	0	0	0	0	0	0	0	0	0	0	0	0	0	0	0	0	13.防禦力 - Defence	4096	21001	2	2021001	190	2.61	496	0.073
	2665	5000	銅質弓箭	10	8.花榮	04.武器	05.綠	00.無	(1) 體能	07.怪物掉寶	"1,360"	68	3		pc08_weapon_0001			100	117	0	0	0	4	0	0	0	0	0	0	0	0	0	0	0	0	0	0	0	0	0	0	0	0	0	0	0	12.攻擊力 - Attack	2048	11001	2	2011001	400	2.34	936	0.073
	2666	5000	高級布帽	10	8.花榮	01.帽子	06.藍	00.無	(2) 敏 / 智 平均	12.收集品交換	630	32	0		pc08_hat_0001			100	0	28	0	5	0	4	0	0	0	0	0	0	0	0	0	0	0	0	0	0	0	0	0	0	0	0	0	0	13.防禦力 - Defence	4096	21001	2	2021001	190	2.29	436	0.073
	2667	5000	高級布衣	10	8.花榮	02.上衣	06.藍	00.無	(2) HP / 敏	12.收集品交換	820	41	1		pc08_torso_0001			100	0	61	0	4	0	0	0	0	0	0	0	0	0	0	0	0	0	0	70	0	0	0	0	0	0	0	0	0	13.防禦力 - Defence	4096	21001	2	2021001	190	2.97	565	0.073
	2668	5000	高級草鞋	10	8.花榮	03.褲子	06.藍	00.無	(2) 敏 / 體 平均	12.收集品交換	720	36	2		pc08_pelvis_0001			100	0	36	0	5	3	0	0	0	0	0	0	0	0	0	0	0	0	0	0	0	0	0	0	0	0	0	0	0	13.防禦力 - Defence	4096	21001	2	2021001	190	2.61	496	0.073
	2669	5000	銀質弓箭	10	8.花榮	04.武器	06.藍	00.無	(2) 體 / 智 平均	12.收集品交換	"1,360"	68	3		pc08_weapon_0001			100	143	0	0	0	3	4	0	0	0	0	0	0	0	0	0	0	0	0	0	0	0	0	0	0	0	0	0	0	12.攻擊力 - Attack	2048	11001	2	2011001	410	2.29	939	0.073
	2670	5000	實習帽	15	8.花榮	01.帽子	03.灰	00.無	(0) 無	07.怪物掉寶	"2,330"	117	0		pc08_hat_0010			100	0	22	0	0	0	0	0	0	0	0	0	0	0	0	0	0	0	0	0	0	0	0	0	0	0	0	0	0	13.防禦力 - Defence	4096	21001	1	2021001	200	4.24	848	0.138
	2671	5000	實習長袍	15	8.花榮	02.上衣	03.灰	00.無	(0) 無	07.怪物掉寶	"3,000"	150	1		pc08_torso_0010			100	0	47	0	0	0	0	0	0	0	0	0	0	0	0	0	0	0	0	0	0	0	0	0	0	0	0	0	0	13.防禦力 - Defence	4096	21001	1	2021001	200	5.46	"1,092"	0.138
	2672	5000	實習鞋	15	8.花榮	03.褲子	03.灰	00.無	(0) 無	07.怪物掉寶	"2,660"	133	2		pc08_pelvis_0010			100	0	27	0	0	0	0	0	0	0	0	0	0	0	0	0	0	0	0	0	0	0	0	0	0	0	0	0	0	13.防禦力 - Defence	4096	21001	1	2021001	200	4.84	968	0.138
	2673	5000	實習弓箭	15	8.花榮	04.武器	03.灰	00.無	(0) 無	07.怪物掉寶	"4,990"	250	3		pc08_weapon_0010			100	109	0	0	0	0	0	0	0	0	0	0	0	0	0	0	0	0	0	0	0	0	0	0	0	0	0	0	0	12.攻擊力 - Attack	2048	11001	1	2011001	420	4.32	"1,815"	0.138
	2674	5000	學生帽	15	8.花榮	01.帽子	04.白	00.無	(0) 無	03.商店購買	"2,330"	233	0		pc08_hat_0010			100	0	27	0	0	0	0	0	0	0	0	0	0	0	0	0	0	0	0	0	0	0	0	0	0	0	0	0	0	13.防禦力 - Defence	4096	21001	1	2021001	180	4.71	848	0.138
	2675	5000	學生長袍	15	8.花榮	02.上衣	04.白	00.無	(0) 無	03.商店購買	"3,000"	300	1		pc08_torso_0010			100	0	58	0	0	0	0	0	0	0	0	0	0	0	0	0	0	0	0	0	0	0	0	0	0	0	0	0	0	13.防禦力 - Defence	4096	21001	1	2021001	180	6.06	"1,091"	0.138
	2676	5000	學生鞋	15	8.花榮	03.褲子	04.白	00.無	(0) 無	03.商店購買	"2,660"	266	2		pc08_pelvis_0010			100	0	34	0	0	0	0	0	0	0	0	0	0	0	0	0	0	0	0	0	0	0	0	0	0	0	0	0	0	13.防禦力 - Defence	4096	21001	1	2021001	180	5.37	967	0.138
	2677	5000	學生弓箭	15	8.花榮	04.武器	04.白	00.無	(0) 無	03.商店購買	"4,990"	499	3		pc08_weapon_0010			100	137	0	0	0	0	0	0	0	0	0	0	0	0	0	0	0	0	0	0	0	0	0	0	0	0	0	0	0	12.攻擊力 - Attack	2048	11001	1	2011001	380	4.78	"1,817"	0.138
	2678	5000	大學帽	15	8.花榮	01.帽子	05.綠	00.無	(1) 智慧	07.怪物掉寶	"2,330"	117	0		pc08_hat_0010			100	0	31	0	0	0	6	0	0	0	0	0	0	0	0	0	0	0	0	0	0	0	0	0	0	0	0	0	0	13.防禦力 - Defence	4096	21001	2	2021001	190	4.46	848	0.138
	2679	5000	大學長袍	15	8.花榮	02.上衣	05.綠	00.無	(1) 最大 HP	07.怪物掉寶	"3,000"	150	1		pc08_torso_0010			100	0	66	0	0	0	0	0	0	0	0	0	0	0	0	0	0	0	0	90	0	0	0	0	0	0	0	0	0	13.防禦力 - Defence	4096	21001	2	2021001	190	5.74	"1,091"	0.138
	2680	5000	大學鞋	15	8.花榮	03.褲子	05.綠	00.無	(1) 敏捷	07.怪物掉寶	"2,660"	133	2		pc08_pelvis_0010			100	0	39	0	6	0	0	0	0	0	0	0	0	0	0	0	0	0	0	0	0	0	0	0	0	0	0	0	0	13.防禦力 - Defence	4096	21001	2	2021001	190	5.09	968	0.138
	2681	5000	大學弓箭	15	8.花榮	04.武器	05.綠	00.無	(1) 體能	07.怪物掉寶	"4,990"	250	3		pc08_weapon_0010			100	162	0	0	0	4	0	0	0	0	0	0	0	0	0	0	0	0	0	0	0	0	0	0	0	0	0	0	0	12.攻擊力 - Attack	2048	11001	2	2011001	400	4.54	"1,816"	0.138
	2682	5000	研究帽	15	8.花榮	01.帽子	06.藍	00.無	(2) 敏 / 智 平均	12.收集品交換	"2,330"	117	0		pc08_hat_0010			100	0	38	0	6	0	5	0	0	0	0	0	0	0	0	0	0	0	0	0	0	0	0	0	0	0	0	0	0	13.防禦力 - Defence	4096	21001	2	2021001	190	4.46	848	0.138
	2683	5000	研究長袍	15	8.花榮	02.上衣	06.藍	00.無	(2) HP / 敏	12.收集品交換	"3,000"	150	1		pc08_torso_0010			100	0	81	0	5	0	0	0	0	0	0	0	0	0	0	0	0	0	0	80	0	0	0	0	0	0	0	0	0	13.防禦力 - Defence	4096	21001	2	2021001	190	5.74	"1,091"	0.138
	2684	5000	研究鞋	15	8.花榮	03.褲子	06.藍	00.無	(2) 敏 / 體 平均	12.收集品交換	"2,660"	133	2		pc08_pelvis_0010			100	0	47	0	6	4	0	0	0	0	0	0	0	0	0	0	0	0	0	0	0	0	0	0	0	0	0	0	0	13.防禦力 - Defence	4096	21001	2	2021001	190	5.09	968	0.138
	2685	5000	研究弓箭	15	8.花榮	04.武器	06.藍	00.無	(2) 體 / 智 平均	12.收集品交換	"4,990"	250	3		pc08_weapon_0010			100	196	0	0	0	4	5	0	0	0	0	0	0	0	0	0	0	0	0	0	0	0	0	0	0	0	0	0	0	12.攻擊力 - Attack	2048	11001	2	2011001	410	4.43	"1,817"	0.138
	2686	5000	博學帽	20	8.花榮	01.帽子	03.灰	00.無	(0) 無	07.怪物掉寶	"8,540"	427	0		pc08_hat_0011			100	0	29	0	0	0	0	0	0	0	0	0	0	0	0	0	0	0	0	0	0	0	0	0	0	0	0	0	0	13.防禦力 - Defence	4096	21001	1	2021001	200	6.49	"1,298"	0.33
	2687	5000	博學長袍	20	8.花榮	02.上衣	03.灰	00.無	(0) 無	07.怪物掉寶	"10,980"	549	1		pc08_torso_0011			100	0	62	0	0	0	0	0	0	0	0	0	0	0	0	0	0	0	0	0	0	0	0	0	0	0	0	0	0	13.防禦力 - Defence	4096	21001	1	2021001	200	8.34	"1,668"	0.33
	2688	5000	博學鞋	20	8.花榮	03.褲子	03.灰	00.無	(0) 無	07.怪物掉寶	"9,760"	488	2		pc08_pelvis_0011			100	0	36	0	0	0	0	0	0	0	0	0	0	0	0	0	0	0	0	0	0	0	0	0	0	0	0	0	0	13.防禦力 - Defence	4096	21001	1	2021001	200	7.41	"1,482"	0.33
	2689	5000	博學弓箭	20	8.花榮	04.武器	03.灰	00.無	(0) 無	07.怪物掉寶	"18,300"	915	3		pc08_weapon_0011			100	149	0	0	0	0	0	0	0	0	0	0	0	0	0	0	0	0	0	0	0	0	0	0	0	0	0	0	0	12.攻擊力 - Attack	2048	11001	1	2011001	420	6.62	"2,781"	0.33
	2690	5000	天地帽	20	8.花榮	01.帽子	04.白	00.無	(0) 無	03.商店購買	"8,540"	854	0		pc08_hat_0011			100	0	36	0	0	0	0	0	0	0	0	0	0	0	0	0	0	0	0	0	0	0	0	0	0	0	0	0	0	13.防禦力 - Defence	4096	21001	1	2021001	180	7.21	"1,298"	0.33
	2691	5000	天地長袍	20	8.花榮	02.上衣	04.白	00.無	(0) 無	03.商店購買	"10,980"	"1,098"	1		pc08_torso_0011			100	0	78	0	0	0	0	0	0	0	0	0	0	0	0	0	0	0	0	0	0	0	0	0	0	0	0	0	0	13.防禦力 - Defence	4096	21001	1	2021001	180	9.27	"1,669"	0.33
	2692	5000	天地鞋	20	8.花榮	03.褲子	04.白	00.無	(0) 無	03.商店購買	"9,760"	976	2		pc08_pelvis_0011			100	0	45	0	0	0	0	0	0	0	0	0	0	0	0	0	0	0	0	0	0	0	0	0	0	0	0	0	0	13.防禦力 - Defence	4096	21001	1	2021001	180	8.24	"1,484"	0.33
	2693	5000	天地弓箭	20	8.花榮	04.武器	04.白	00.無	(0) 無	03.商店購買	"18,300"	"1,830"	3		pc08_weapon_0011			100	187	0	0	0	0	0	0	0	0	0	0	0	0	0	0	0	0	0	0	0	0	0	0	0	0	0	0	0	12.攻擊力 - Attack	2048	11001	1	2011001	380	7.32	"2,782"	0.33
	2694	5000	藍海帽	20	8.花榮	01.帽子	05.綠	00.無	(1) 智慧	07.怪物掉寶	"8,540"	427	0		pc08_hat_0011			100	0	40	0	0	0	7	0	0	0	0	0	0	0	0	0	0	0	0	0	0	0	0	0	0	0	0	0	0	13.防禦力 - Defence	4096	21001	2	2021001	190	6.83	"1,298"	0.33
	2695	5000	藍海長袍	20	8.花榮	02.上衣	05.綠	00.無	(1) 最大 HP	07.怪物掉寶	"10,980"	549	1		pc08_torso_0011			100	0	86	0	0	0	0	0	0	0	0	0	0	0	0	0	0	0	0	100	0	0	0	0	0	0	0	0	0	13.防禦力 - Defence	4096	21001	2	2021001	190	8.78	"1,669"	0.33
	2696	5000	藍海鞋	20	8.花榮	03.褲子	05.綠	00.無	(1) 敏捷	07.怪物掉寶	"9,760"	488	2		pc08_pelvis_0011			100	0	50	0	7	0	0	0	0	0	0	0	0	0	0	0	0	0	0	0	0	0	0	0	0	0	0	0	0	13.防禦力 - Defence	4096	21001	2	2021001	190	7.8	"1,482"	0.33
	2697	5000	藍海弓箭	20	8.花榮	04.武器	05.綠	00.無	(1) 體能	07.怪物掉寶	"18,300"	915	3		pc08_weapon_0011			100	218	0	0	0	5	0	0	0	0	0	0	0	0	0	0	0	0	0	0	0	0	0	0	0	0	0	0	0	12.攻擊力 - Attack	2048	11001	2	2011001	400	6.95	"2,780"	0.33
	2698	5000	聖皇帽	20	8.花榮	01.帽子	06.藍	00.無	(2) 敏 / 智 平均	12.收集品交換	"8,540"	427	0		pc08_hat_0011			100	0	48	0	7	0	6	0	0	0	0	0	0	0	0	0	0	0	0	0	0	0	0	0	0	0	0	0	0	13.防禦力 - Defence	4096	21001	2	2021001	190	6.83	"1,298"	0.33
	2699	5000	聖皇長袍	20	8.花榮	02.上衣	06.藍	00.無	(2) HP / 敏	12.收集品交換	"10,980"	549	1		pc08_torso_0011			100	0	103	0	6	0	0	0	0	0	0	0	0	0	0	0	0	0	0	90	0	0	0	0	0	0	0	0	0	13.防禦力 - Defence	4096	21001	2	2021001	190	8.78	"1,669"	0.33
	2700	5000	聖皇鞋	20	8.花榮	03.褲子	06.藍	00.無	(2) 敏 / 體 平均	12.收集品交換	"9,760"	488	2		pc08_pelvis_0011			100	0	60	0	7	5	0	0	0	0	0	0	0	0	0	0	0	0	0	0	0	0	0	0	0	0	0	0	0	13.防禦力 - Defence	4096	21001	2	2021001	190	7.8	"1,482"	0.33
	2701	5000	聖皇弓箭	20	8.花榮	04.武器	06.藍	00.無	(2) 體 / 智 平均	12.收集品交換	"18,300"	915	3		pc08_weapon_0011			100	259	0	0	0	5	6	0	0	0	0	0	0	0	0	0	0	0	0	0	0	0	0	0	0	0	0	0	0	12.攻擊力 - Attack	2048	11001	2	2011001	410	6.78	"2,780"	0.33
	2702	5000	酒釀帽	35	8.花榮	01.帽子	07.紫	00.無	(3) MP / 敏 / 智	07.怪物掉寶	"114,700"	"5,735"	0		pc08_hat_0012			100	0	98	0	9	0	8	0	0	0	0	0	0	0	0	0	0	0	0	0	400	0	0	0	0	0	0	0	0	13.防禦力 - Defence	4096	21001	3	4021001	200	11.78	"2,356"	2.434
	2703	5000	酒釀袍	35	8.花榮	02.上衣	07.紫	00.無	(3) HP / 敏 / 智	07.怪物掉寶	"147,400"	"7,370"	1		pc08_torso_0012			100	0	210	0	9	0	8	0	0	0	0	0	0	0	0	0	0	0	0	120	0	0	0	0	0	0	0	0	0	13.防禦力 - Defence	4096	21001	3	4021001	200	15.14	"3,028"	2.434
	2704	5000	酒釀鞋	35	8.花榮	03.褲子	07.紫	00.無	(3) MP / 敏 / 體	07.怪物掉寶	"131,000"	"6,550"	2		pc08_pelvis_0012			100	0	122	0	9	6	0	0	0	0	0	0	0	0	0	0	0	0	0	0	200	0	0	0	0	0	0	0	0	13.防禦力 - Defence	4096	21001	3	4021001	200	13.46	"2,692"	2.434
	2705	5000	酒釀弓箭	35	8.花榮	04.武器	07.紫	00.無	(3) HP / 體 / 智	07.怪物掉寶	"245,700"	"12,285"	3		pc08_weapon_0012			100	639	0	0	0	6	8	0	0	0	0	0	0	0	0	0	0	0	0	60	0	0	0	0	0	0	0	0	0	12.攻擊力 - Attack	2048	11001	3	4011001	420	12.02	"5,049"	2.434
	2706	5000	極地帽	25	8.花榮	01.帽子	03.灰	00.無	(0) 無	07.怪物掉寶	"24,600"	"1,230"	0		pc08_hat_0020			100	0	37	0	0	0	0	0	0	0	0	0	0	0	0	0	0	0	0	0	0	0	0	0	0	0	0	0	0	13.防禦力 - Defence	4096	21001	1	4021001	200	7.45	"1,490"	0.826
	2707	5000	極地長袍	25	8.花榮	02.上衣	03.灰	00.無	(0) 無	07.怪物掉寶	"31,600"	"1,580"	1		pc08_torso_0020			100	0	79	0	0	0	0	0	0	0	0	0	0	0	0	0	0	0	0	0	0	0	0	0	0	0	0	0	0	13.防禦力 - Defence	4096	21001	1	4021001	200	9.57	"1,914"	0.826
	2708	5000	極地鞋	25	8.花榮	03.褲子	03.灰	00.無	(0) 無	07.怪物掉寶	"28,100"	"1,405"	2		pc08_pelvis_0020			100	0	46	0	0	0	0	0	0	0	0	0	0	0	0	0	0	0	0	0	0	0	0	0	0	0	0	0	0	13.防禦力 - Defence	4096	21001	1	4021001	200	8.51	"1,702"	0.826
	2709	5000	極地弓箭	25	8.花榮	04.武器	03.灰	00.無	(0) 無	07.怪物掉寶	"52,600"	"2,630"	3		pc08_weapon_0020			100	198	0	0	0	0	0	0	0	0	0	0	0	0	0	0	0	0	0	0	0	0	0	0	0	0	0	0	0	12.攻擊力 - Attack	2048	11001	1	4011001	420	7.58	"3,184"	0.826
	2710	5000	戰壕帽	25	8.花榮	01.帽子	04.白	00.無	(0) 無	03.商店購買	"24,600"	"2,460"	0		pc08_hat_0020			100	0	46	0	0	0	0	0	0	0	0	0	0	0	0	0	0	0	0	0	0	0	0	0	0	0	0	0	0	13.防禦力 - Defence	4096	21001	1	4021001	180	8.27	"1,489"	0.826
	2711	5000	戰壕長袍	25	8.花榮	02.上衣	04.白	00.無	(0) 無	03.商店購買	"31,600"	"3,160"	1		pc08_torso_0020			100	0	98	0	0	0	0	0	0	0	0	0	0	0	0	0	0	0	0	0	0	0	0	0	0	0	0	0	0	13.防禦力 - Defence	4096	21001	1	4021001	180	10.63	"1,914"	0.826
	2712	5000	戰壕鞋	25	8.花榮	03.褲子	04.白	00.無	(0) 無	03.商店購買	"28,100"	"2,810"	2		pc08_pelvis_0020			100	0	57	0	0	0	0	0	0	0	0	0	0	0	0	0	0	0	0	0	0	0	0	0	0	0	0	0	0	13.防禦力 - Defence	4096	21001	1	4021001	180	9.45	"1,701"	0.826
	2713	5000	戰壕弓箭	25	8.花榮	04.武器	04.白	00.無	(0) 無	03.商店購買	"52,600"	"5,260"	3		pc08_weapon_0020			100	247	0	0	0	0	0	0	0	0	0	0	0	0	0	0	0	0	0	0	0	0	0	0	0	0	0	0	0	12.攻擊力 - Attack	2048	11001	1	4011001	380	8.38	"3,185"	0.826
	2714	5000	神鬼帽	25	8.花榮	01.帽子	05.綠	00.無	(1) 智慧	07.怪物掉寶	"24,600"	"1,230"	0		pc08_hat_0020			100	0	50	0	0	0	8	0	0	0	0	0	0	0	0	0	0	0	0	0	0	0	0	0	0	0	0	0	0	13.防禦力 - Defence	4096	21001	2	4021001	190	7.84	"1,490"	0.826
	2715	5000	神鬼長袍	25	8.花榮	02.上衣	05.綠	00.無	(1) 最大 HP	07.怪物掉寶	"31,600"	"1,580"	1		pc08_torso_0020			100	0	107	0	0	0	0	0	0	0	0	0	0	0	0	0	0	0	0	120	0	0	0	0	0	0	0	0	0	13.防禦力 - Defence	4096	21001	2	4021001	190	10.07	"1,914"	0.826
	2716	5000	神鬼鞋	25	8.花榮	03.褲子	05.綠	00.無	(1) 敏捷	07.怪物掉寶	"28,100"	"1,405"	2		pc08_pelvis_0020			100	0	62	0	9	0	0	0	0	0	0	0	0	0	0	0	0	0	0	0	0	0	0	0	0	0	0	0	0	13.防禦力 - Defence	4096	21001	2	4021001	190	8.95	"1,701"	0.826
	2717	5000	神鬼弓箭	25	8.花榮	04.武器	05.綠	00.無	(1) 體能	07.怪物掉寶	"52,600"	"2,630"	3		pc08_weapon_0020			100	283	0	0	0	6	0	0	0	0	0	0	0	0	0	0	0	0	0	0	0	0	0	0	0	0	0	0	0	12.攻擊力 - Attack	2048	11001	2	4011001	400	7.96	"3,184"	0.826
	2718	5000	哭嚎帽	25	8.花榮	01.帽子	06.藍	00.無	(2) 敏 / 智 平均	12.收集品交換	"24,600"	"1,230"	0		pc08_hat_0020			100	0	59	0	8	0	7	0	0	0	0	0	0	0	0	0	0	0	0	0	0	0	0	0	0	0	0	0	0	13.防禦力 - Defence	4096	21001	2	4021001	190	7.84	"1,490"	0.826
	2719	5000	哭嚎長袍	25	8.花榮	02.上衣	06.藍	00.無	(2) HP / 敏	12.收集品交換	"31,600"	"1,580"	1		pc08_torso_0020			100	0	128	0	7	0	0	0	0	0	0	0	0	0	0	0	0	0	0	110	0	0	0	0	0	0	0	0	0	13.防禦力 - Defence	4096	21001	2	4021001	190	10.07	"1,914"	0.826
	2720	5000	哭嚎鞋	25	8.花榮	03.褲子	06.藍	00.無	(2) 敏 / 體 平均	12.收集品交換	"28,100"	"1,405"	2		pc08_pelvis_0020			100	0	74	0	8	5	0	0	0	0	0	0	0	0	0	0	0	0	0	0	0	0	0	0	0	0	0	0	0	13.防禦力 - Defence	4096	21001	2	4021001	190	8.95	"1,701"	0.826
	2721	5000	哭嚎弓箭	25	8.花榮	04.武器	06.藍	00.無	(2) 體 / 智 平均	12.收集品交換	"52,600"	"2,630"	3		pc08_weapon_0020			100	334	0	0	0	5	7	0	0	0	0	0	0	0	0	0	0	0	0	0	0	0	0	0	0	0	0	0	0	12.攻擊力 - Attack	2048	11001	2	4011001	410	7.77	"3,186"	0.826
	2722	5000	冰寒帽	30	8.花榮	01.帽子	03.灰	00.無	(0) 無	07.怪物掉寶	"56,300"	"2,815"	0		pc08_hat_0021			100	0	45	0	0	0	0	0	0	0	0	0	0	0	0	0	0	0	0	0	0	0	0	0	0	0	0	0	0	13.防禦力 - Defence	4096	21001	1	4021001	200	8.49	"1,698"	1.658
	2723	5000	冰寒長袍	30	8.花榮	02.上衣	03.灰	00.無	(0) 無	07.怪物掉寶	"72,400"	"3,620"	1		pc08_torso_0021			100	0	97	0	0	0	0	0	0	0	0	0	0	0	0	0	0	0	0	0	0	0	0	0	0	0	0	0	0	13.防禦力 - Defence	4096	21001	1	4021001	200	10.92	"2,184"	1.658
	2724	5000	冰寒鞋	30	8.花榮	03.褲子	03.灰	00.無	(0) 無	07.怪物掉寶	"64,400"	"3,220"	2		pc08_pelvis_0021			100	0	56	0	0	0	0	0	0	0	0	0	0	0	0	0	0	0	0	0	0	0	0	0	0	0	0	0	0	13.防禦力 - Defence	4096	21001	1	4021001	200	9.71	"1,942"	1.658
	2725	5000	冰寒弓箭	30	8.花榮	04.武器	03.灰	00.無	(0) 無	07.怪物掉寶	"120,700"	"6,035"	3		pc08_weapon_0021			100	254	0	0	0	0	0	0	0	0	0	0	0	0	0	0	0	0	0	0	0	0	0	0	0	0	0	0	0	12.攻擊力 - Attack	2048	11001	1	4011001	420	8.67	"3,642"	1.658
	2726	5000	攀岩帽	30	8.花榮	01.帽子	04.白	00.無	(0) 無	03.商店購買	"56,300"	"5,630"	0		pc08_hat_0021			100	0	56	0	0	0	0	0	0	0	0	0	0	0	0	0	0	0	0	0	0	0	0	0	0	0	0	0	0	13.防禦力 - Defence	4096	21001	1	4021001	180	9.43	"1,698"	1.658
	2727	5000	攀岩長袍	30	8.花榮	02.上衣	04.白	00.無	(0) 無	03.商店購買	"72,400"	"7,240"	1		pc08_torso_0021			100	0	121	0	0	0	0	0	0	0	0	0	0	0	0	0	0	0	0	0	0	0	0	0	0	0	0	0	0	13.防禦力 - Defence	4096	21001	1	4021001	180	12.13	"2,184"	1.658
	2728	5000	攀岩鞋	30	8.花榮	03.褲子	04.白	00.無	(0) 無	03.商店購買	"64,400"	"6,440"	2		pc08_pelvis_0021			100	0	71	0	0	0	0	0	0	0	0	0	0	0	0	0	0	0	0	0	0	0	0	0	0	0	0	0	0	13.防禦力 - Defence	4096	21001	1	4021001	180	10.79	"1,943"	1.658
	2729	5000	攀岩弓箭	30	8.花榮	04.武器	04.白	00.無	(0) 無	03.商店購買	"120,700"	"12,070"	3		pc08_weapon_0021			100	318	0	0	0	0	0	0	0	0	0	0	0	0	0	0	0	0	0	0	0	0	0	0	0	0	0	0	0	12.攻擊力 - Attack	2048	11001	1	4011001	380	9.58	"3,641"	1.658
	2730	5000	高地帽	30	8.花榮	01.帽子	05.綠	00.無	(1) 智慧	07.怪物掉寶	"56,300"	"2,815"	0		pc08_hat_0021			100	0	60	0	0	0	9	0	0	0	0	0	0	0	0	0	0	0	0	0	0	0	0	0	0	0	0	0	0	13.防禦力 - Defence	4096	21001	2	4021001	190	8.94	"1,699"	1.658
	2731	5000	高地長袍	30	8.花榮	02.上衣	05.綠	00.無	(1) 最大 HP	07.怪物掉寶	"72,400"	"3,620"	1		pc08_torso_0021			100	0	129	0	0	0	0	0	0	0	0	0	0	0	0	0	0	0	0	140	0	0	0	0	0	0	0	0	0	13.防禦力 - Defence	4096	21001	2	4021001	190	11.49	"2,184"	1.658
	2732	5000	高地鞋	30	8.花榮	03.褲子	05.綠	00.無	(1) 敏捷	07.怪物掉寶	"64,400"	"3,220"	2		pc08_pelvis_0021			100	0	75	0	10	0	0	0	0	0	0	0	0	0	0	0	0	0	0	0	0	0	0	0	0	0	0	0	0	13.防禦力 - Defence	4096	21001	2	4021001	190	10.22	"1,942"	1.658
	2733	5000	高地弓箭	30	8.花榮	04.武器	05.綠	00.無	(1) 體能	07.怪物掉寶	"120,700"	"6,035"	3		pc08_weapon_0021			100	359	0	0	0	7	0	0	0	0	0	0	0	0	0	0	0	0	0	0	0	0	0	0	0	0	0	0	0	12.攻擊力 - Attack	2048	11001	2	4011001	400	9.1	"3,640"	1.658
	2734	5000	雪山帽	30	8.花榮	01.帽子	06.藍	00.無	(2) 敏 / 智 平均	12.收集品交換	"56,300"	"2,815"	0		pc08_hat_0021			100	0	72	0	9	0	8	0	0	0	0	0	0	0	0	0	0	0	0	0	0	0	0	0	0	0	0	0	0	13.防禦力 - Defence	4096	21001	2	4021001	190	8.94	"1,699"	1.658
	2735	5000	雪山長袍	30	8.花榮	02.上衣	06.藍	00.無	(2) HP / 敏	12.收集品交換	"72,400"	"3,620"	1		pc08_torso_0021			100	0	154	0	8	0	0	0	0	0	0	0	0	0	0	0	0	0	0	120	0	0	0	0	0	0	0	0	0	13.防禦力 - Defence	4096	21001	2	4021001	190	11.49	"2,184"	1.658
	2736	5000	雪山鞋	30	8.花榮	03.褲子	06.藍	00.無	(2) 敏 / 體 平均	12.收集品交換	"64,400"	"3,220"	2		pc08_pelvis_0021			100	0	89	0	9	6	0	0	0	0	0	0	0	0	0	0	0	0	0	0	0	0	0	0	0	0	0	0	0	13.防禦力 - Defence	4096	21001	2	4021001	190	10.22	"1,942"	1.658
	2737	5000	雪山弓箭	30	8.花榮	04.武器	06.藍	00.無	(2) 體 / 智 平均	12.收集品交換	"120,700"	"6,035"	3		pc08_weapon_0021			100	421	0	0	0	6	8	0	0	0	0	0	0	0	0	0	0	0	0	0	0	0	0	0	0	0	0	0	0	12.攻擊力 - Attack	2048	11001	2	4011001	410	8.88	"3,641"	1.658
	2738	5000	斑虎帽	35	8.花榮	01.帽子	03.灰	00.無	(0) 無	07.怪物掉寶	"114,700"	"5,735"	0		pc08_hat_0030			100	0	54	0	0	0	0	0	0	0	0	0	0	0	0	0	0	0	0	0	0	0	0	0	0	0	0	0	0	13.防禦力 - Defence	4096	21001	1	4021001	200	11.78	"2,356"	2.434
	2739	5000	斑虎衣	35	8.花榮	02.上衣	03.灰	00.無	(0) 無	07.怪物掉寶	"147,400"	"7,370"	1		pc08_torso_0030			100	0	117	0	0	0	0	0	0	0	0	0	0	0	0	0	0	0	0	0	0	0	0	0	0	0	0	0	0	13.防禦力 - Defence	4096	21001	1	4021001	200	15.14	"3,028"	2.434
	2740	5000	斑虎鞋	35	8.花榮	03.褲子	03.灰	00.無	(0) 無	07.怪物掉寶	"131,000"	"6,550"	2		pc08_pelvis_0030			100	0	68	0	0	0	0	0	0	0	0	0	0	0	0	0	0	0	0	0	0	0	0	0	0	0	0	0	0	13.防禦力 - Defence	4096	21001	1	4021001	200	13.46	"2,692"	2.434
	2741	5000	斑虎弓箭	35	8.花榮	04.武器	03.灰	00.無	(0) 無	07.怪物掉寶	"245,700"	"12,285"	3		pc08_weapon_0030			100	321	0	0	0	0	0	0	0	0	0	0	0	0	0	0	0	0	0	0	0	0	0	0	0	0	0	0	0	12.攻擊力 - Attack	2048	11001	1	4011001	420	12.02	"5,049"	2.434
	2742	5000	鬥虎帽	35	8.花榮	01.帽子	04.白	00.無	(0) 無	03.商店購買	"114,700"	"11,470"	0		pc08_hat_0030			100	0	68	0	0	0	0	0	0	0	0	0	0	0	0	0	0	0	0	0	0	0	0	0	0	0	0	0	0	13.防禦力 - Defence	4096	21001	1	4021001	180	13.09	"2,357"	2.434
	2743	5000	鬥虎衣	35	8.花榮	02.上衣	04.白	00.無	(0) 無	03.商店購買	"147,400"	"14,740"	1		pc08_torso_0030			100	0	146	0	0	0	0	0	0	0	0	0	0	0	0	0	0	0	0	0	0	0	0	0	0	0	0	0	0	13.防禦力 - Defence	4096	21001	1	4021001	180	16.83	"3,030"	2.434
	2744	5000	鬥虎鞋	35	8.花榮	03.褲子	04.白	00.無	(0) 無	03.商店購買	"131,000"	"13,100"	2		pc08_pelvis_0030			100	0	85	0	0	0	0	0	0	0	0	0	0	0	0	0	0	0	0	0	0	0	0	0	0	0	0	0	0	13.防禦力 - Defence	4096	21001	1	4021001	180	14.95	"2,691"	2.434
	2745	5000	鬥虎弓箭	35	8.花榮	04.武器	04.白	00.無	(0) 無	03.商店購買	"245,700"	"24,570"	3		pc08_weapon_0030			100	401	0	0	0	0	0	0	0	0	0	0	0	0	0	0	0	0	0	0	0	0	0	0	0	0	0	0	0	12.攻擊力 - Attack	2048	11001	1	4011001	380	13.29	"5,051"	2.434
	2746	5000	悍虎帽	35	8.花榮	01.帽子	05.綠	00.無	(1) 智慧	07.怪物掉寶	"114,700"	"5,735"	0		pc08_hat_0030			100	0	72	0	0	0	10	0	0	0	0	0	0	0	0	0	0	0	0	0	0	0	0	0	0	0	0	0	0	13.防禦力 - Defence	4096	21001	2	4021001	190	12.4	"2,356"	2.434
	2747	5000	悍虎衣	35	8.花榮	02.上衣	05.綠	00.無	(1) 最大 HP	07.怪物掉寶	"147,400"	"7,370"	1		pc08_torso_0030			100	0	154	0	0	0	0	0	0	0	0	0	0	0	0	0	0	0	0	150	0	0	0	0	0	0	0	0	0	13.防禦力 - Defence	4096	21001	2	4021001	190	15.94	"3,029"	2.434
	2748	5000	悍虎鞋	35	8.花榮	03.褲子	05.綠	00.無	(1) 敏捷	07.怪物掉寶	"131,000"	"6,550"	2		pc08_pelvis_0030			100	0	90	0	11	0	0	0	0	0	0	0	0	0	0	0	0	0	0	0	0	0	0	0	0	0	0	0	0	13.防禦力 - Defence	4096	21001	2	4021001	190	14.17	"2,693"	2.434
	2749	5000	悍虎弓箭	35	8.花榮	04.武器	05.綠	00.無	(1) 體能	07.怪物掉寶	"245,700"	"12,285"	3		pc08_weapon_0030			100	449	0	0	0	8	0	0	0	0	0	0	0	0	0	0	0	0	0	0	0	0	0	0	0	0	0	0	0	12.攻擊力 - Attack	2048	11001	2	4011001	400	12.62	"5,048"	2.434
	2750	5000	烈虎帽	35	8.花榮	01.帽子	06.藍	00.無	(2) 敏 / 智 平均	12.收集品交換	"114,700"	"5,735"	0		pc08_hat_0030			100	0	84	0	10	0	9	0	0	0	0	0	0	0	0	0	0	0	0	0	0	0	0	0	0	0	0	0	0	13.防禦力 - Defence	4096	21001	2	4021001	190	12.4	"2,356"	2.434
	2751	5000	烈虎衣	35	8.花榮	02.上衣	06.藍	00.無	(2) HP / 敏	12.收集品交換	"147,400"	"7,370"	1		pc08_torso_0030			100	0	181	0	9	0	0	0	0	0	0	0	0	0	0	0	0	0	0	140	0	0	0	0	0	0	0	0	0	13.防禦力 - Defence	4096	21001	2	4021001	190	15.94	"3,029"	2.434
	2752	5000	烈虎鞋	35	8.花榮	03.褲子	06.藍	00.無	(2) 敏 / 體 平均	12.收集品交換	"131,000"	"6,550"	2		pc08_pelvis_0030			100	0	105	0	10	7	0	0	0	0	0	0	0	0	0	0	0	0	0	0	0	0	0	0	0	0	0	0	0	13.防禦力 - Defence	4096	21001	2	4021001	190	14.17	"2,693"	2.434
	2753	5000	烈虎弓箭	35	8.花榮	04.武器	06.藍	00.無	(2) 體 / 智 平均	12.收集品交換	"245,700"	"12,285"	3		pc08_weapon_0030			100	522	0	0	0	7	9	0	0	0	0	0	0	0	0	0	0	0	0	0	0	0	0	0	0	0	0	0	0	12.攻擊力 - Attack	2048	11001	2	4011001	410	12.31	"5,048"	2.434
	2754	5000	紋虎帽	40	8.花榮	01.帽子	03.灰	00.無	(0) 無	07.怪物掉寶	"211,200"	"10,560"	0		pc08_hat_0031			100	0	64	0	0	0	0	0	0	0	0	0	0	0	0	0	0	0	0	0	0	0	0	0	0	0	0	0	0	13.防禦力 - Defence	4096	21001	1	4021001	200	16.05	"3,210"	3.29
	2755	5000	紋虎長袍	40	8.花榮	02.上衣	03.灰	00.無	(0) 無	07.怪物掉寶	"271,500"	"13,575"	1		pc08_torso_0031			100	0	138	0	0	0	0	0	0	0	0	0	0	0	0	0	0	0	0	0	0	0	0	0	0	0	0	0	0	13.防禦力 - Defence	4096	21001	1	4021001	200	20.64	"4,128"	3.29
	2756	5000	紋虎鞋	40	8.花榮	03.褲子	03.灰	00.無	(0) 無	07.怪物掉寶	"241,300"	"12,065"	2		pc08_pelvis_0031			100	0	80	0	0	0	0	0	0	0	0	0	0	0	0	0	0	0	0	0	0	0	0	0	0	0	0	0	0	13.防禦力 - Defence	4096	21001	1	4021001	200	18.34	"3,668"	3.29
	2757	5000	紋虎弓箭	40	8.花榮	04.武器	03.灰	00.無	(0) 無	07.怪物掉寶	"452,500"	"22,625"	3		pc08_weapon_0031			100	397	0	0	0	0	0	0	0	0	0	0	0	0	0	0	0	0	0	0	0	0	0	0	0	0	0	0	0	12.攻擊力 - Attack	2048	11001	1	4011001	420	16.38	"6,880"	3.29
	2758	5000	幻虎帽	40	8.花榮	01.帽子	04.白	00.無	(0) 無	03.商店購買	"211,200"	"21,120"	0		pc08_hat_0031			100	0	80	0	0	0	0	0	0	0	0	0	0	0	0	0	0	0	0	0	0	0	0	0	0	0	0	0	0	13.防禦力 - Defence	4096	21001	1	4021001	180	17.84	"3,212"	3.29
	2759	5000	幻虎長袍	40	8.花榮	02.上衣	04.白	00.無	(0) 無	03.商店購買	"271,500"	"27,150"	1		pc08_torso_0031			100	0	173	0	0	0	0	0	0	0	0	0	0	0	0	0	0	0	0	0	0	0	0	0	0	0	0	0	0	13.防禦力 - Defence	4096	21001	1	4021001	180	22.93	"4,128"	3.29
	2760	5000	幻虎鞋	40	8.花榮	03.褲子	04.白	00.無	(0) 無	03.商店購買	"241,300"	"24,130"	2		pc08_pelvis_0031			100	0	100	0	0	0	0	0	0	0	0	0	0	0	0	0	0	0	0	0	0	0	0	0	0	0	0	0	0	13.防禦力 - Defence	4096	21001	1	4021001	180	20.38	"3,669"	3.29
	2761	5000	幻虎弓箭	40	8.花榮	04.武器	04.白	00.無	(0) 無	03.商店購買	"452,500"	"45,250"	3		pc08_weapon_0031			100	497	0	0	0	0	0	0	0	0	0	0	0	0	0	0	0	0	0	0	0	0	0	0	0	0	0	0	0	12.攻擊力 - Attack	2048	11001	1	4011001	380	18.1	"6,878"	3.29
	2762	5000	冥虎帽	40	8.花榮	01.帽子	05.綠	00.無	(1) 智慧	07.怪物掉寶	"211,200"	"10,560"	0		pc08_hat_0031			100	0	83	0	0	0	11	0	0	0	0	0	0	0	0	0	0	0	0	0	0	0	0	0	0	0	0	0	0	13.防禦力 - Defence	4096	21001	2	4021001	190	16.9	"3,211"	3.29
	2763	5000	冥虎長袍	40	8.花榮	02.上衣	05.綠	00.無	(1) 最大 HP	07.怪物掉寶	"271,500"	"13,575"	1		pc08_torso_0031			100	0	179	0	0	0	0	0	0	0	0	0	0	0	0	0	0	0	0	170	0	0	0	0	0	0	0	0	0	13.防禦力 - Defence	4096	21001	2	4021001	190	21.72	"4,127"	3.29
	2764	5000	冥虎鞋	40	8.花榮	03.褲子	05.綠	00.無	(1) 敏捷	07.怪物掉寶	"241,300"	"12,065"	2		pc08_pelvis_0031			100	0	104	0	12	0	0	0	0	0	0	0	0	0	0	0	0	0	0	0	0	0	0	0	0	0	0	0	0	13.防禦力 - Defence	4096	21001	2	4021001	190	19.31	"3,669"	3.29
	2765	5000	冥虎弓箭	40	8.花榮	04.武器	05.綠	00.無	(1) 體能	07.怪物掉寶	"452,500"	"22,625"	3		pc08_weapon_0031			100	552	0	0	0	8	0	0	0	0	0	0	0	0	0	0	0	0	0	0	0	0	0	0	0	0	0	0	0	12.攻擊力 - Attack	2048	11001	2	4011001	400	17.2	"6,880"	3.29
	2766	5000	靈虎帽	40	8.花榮	01.帽子	06.藍	00.無	(2) 敏 / 智 平均	12.收集品交換	"211,200"	"10,560"	0		pc08_hat_0031			100	0	98	0	11	0	9	0	0	0	0	0	0	0	0	0	0	0	0	0	0	0	0	0	0	0	0	0	0	13.防禦力 - Defence	4096	21001	2	4021001	190	16.9	"3,211"	3.29
	2767	5000	靈虎長袍	40	8.花榮	02.上衣	06.藍	00.無	(2) HP / 敏	12.收集品交換	"271,500"	"13,575"	1		pc08_torso_0031			100	0	210	0	10	0	0	0	0	0	0	0	0	0	0	0	0	0	0	150	0	0	0	0	0	0	0	0	0	13.防禦力 - Defence	4096	21001	2	4021001	190	21.72	"4,127"	3.29
	2768	5000	靈虎鞋	40	8.花榮	03.褲子	06.藍	00.無	(2) 敏 / 體 平均	12.收集品交換	"241,300"	"12,065"	2		pc08_pelvis_0031			100	0	122	0	11	7	0	0	0	0	0	0	0	0	0	0	0	0	0	0	0	0	0	0	0	0	0	0	0	13.防禦力 - Defence	4096	21001	2	4021001	190	19.31	"3,669"	3.29
	2769	5000	靈虎弓箭	40	8.花榮	04.武器	06.藍	00.無	(2) 體 / 智 平均	12.收集品交換	"452,500"	"22,625"	3		pc08_weapon_0031			100	639	0	0	0	7	9	0	0	0	0	0	0	0	0	0	0	0	0	0	0	0	0	0	0	0	0	0	0	12.攻擊力 - Attack	2048	11001	2	4011001	410	16.78	"6,880"	3.29
	2770	5000	溫泉泡澡帽	45	8.花榮	01.帽子	07.紫	00.無	(3) MP / 敏 / 智	07.怪物掉寶	"363,000"	"18,150"	0		pc08_hat_0032			100	0	126	0	10	0	9	0	0	0	0	0	0	0	0	0	0	0	0	0	470	0	0	0	0	0	0	0	0	13.防禦力 - Defence	4096	21001	3	6021001	200	21.3	"4,260"	4.261
	2771	5000	溫泉泡澡袍	45	8.花榮	02.上衣	07.紫	00.無	(3) HP / 敏 / 智	07.怪物掉寶	"467,000"	"23,350"	1		pc08_torso_0032			100	0	271	0	10	0	9	0	0	0	0	0	0	0	0	0	0	0	0	140	0	0	0	0	0	0	0	0	0	13.防禦力 - Defence	4096	21001	3	6021001	200	27.4	"5,480"	4.261
	2772	5000	溫泉泡澡鞋	45	8.花榮	03.褲子	07.紫	00.無	(3) MP / 敏 / 體	07.怪物掉寶	"415,000"	"20,750"	2		pc08_pelvis_0032			100	0	157	0	10	7	0	0	0	0	0	0	0	0	0	0	0	0	0	0	240	0	0	0	0	0	0	0	0	13.防禦力 - Defence	4096	21001	3	6021001	200	24.35	"4,870"	4.261
	2773	5000	溫泉泡澡弓箭	45	8.花榮	04.武器	07.紫	00.無	(3) HP / 體 / 智	07.怪物掉寶	"778,000"	"38,900"	3		pc08_weapon_0032			100	931	0	0	0	7	9	0	0	0	0	0	0	0	0	0	0	0	0	70	0	0	0	0	0	0	0	0	0	12.攻擊力 - Attack	2048	11001	3	6011001	420	21.74	"9,131"	4.261
	2774	5000	戰俘帽	45	8.花榮	01.帽子	03.灰	00.無	(0) 無	07.怪物掉寶	"363,000"	"18,150"	0		pc08_hat_0040			100	0	74	0	0	0	0	0	0	0	0	0	0	0	0	0	0	0	0	0	0	0	0	0	0	0	0	0	0	13.防禦力 - Defence	4096	21001	1	6021001	200	21.3	"4,260"	4.261
	2775	5000	戰俘長袍	45	8.花榮	02.上衣	03.灰	00.無	(0) 無	07.怪物掉寶	"467,000"	"23,350"	1		pc08_torso_0040			100	0	160	0	0	0	0	0	0	0	0	0	0	0	0	0	0	0	0	0	0	0	0	0	0	0	0	0	0	13.防禦力 - Defence	4096	21001	1	6021001	200	27.4	"5,480"	4.261
	2776	5000	戰俘鞋	45	8.花榮	03.褲子	03.灰	00.無	(0) 無	07.怪物掉寶	"415,000"	"20,750"	2		pc08_pelvis_0040			100	0	93	0	0	0	0	0	0	0	0	0	0	0	0	0	0	0	0	0	0	0	0	0	0	0	0	0	0	13.防禦力 - Defence	4096	21001	1	6021001	200	24.35	"4,870"	4.261
	2777	5000	戰俘弓箭	45	8.花榮	04.武器	03.灰	00.無	(0) 無	07.怪物掉寶	"778,000"	"38,900"	3		pc08_weapon_0040			100	487	0	0	0	0	0	0	0	0	0	0	0	0	0	0	0	0	0	0	0	0	0	0	0	0	0	0	0	12.攻擊力 - Attack	2048	11001	1	6011001	420	21.74	"9,131"	4.261
	2778	5000	乞討帽	45	8.花榮	01.帽子	04.白	00.無	(0) 無	03.商店購買	"363,000"	"36,300"	0		pc08_hat_0040			100	0	93	0	0	0	0	0	0	0	0	0	0	0	0	0	0	0	0	0	0	0	0	0	0	0	0	0	0	13.防禦力 - Defence	4096	21001	1	6021001	180	23.66	"4,259"	4.261
	2779	5000	乞討長袍	45	8.花榮	02.上衣	04.白	00.無	(0) 無	03.商店購買	"467,000"	"46,700"	1		pc08_torso_0040			100	0	200	0	0	0	0	0	0	0	0	0	0	0	0	0	0	0	0	0	0	0	0	0	0	0	0	0	0	13.防禦力 - Defence	4096	21001	1	6021001	180	30.44	"5,480"	4.261
	2780	5000	乞討鞋	45	8.花榮	03.褲子	04.白	00.無	(0) 無	03.商店購買	"415,000"	"41,500"	2		pc08_pelvis_0040			100	0	116	0	0	0	0	0	0	0	0	0	0	0	0	0	0	0	0	0	0	0	0	0	0	0	0	0	0	13.防禦力 - Defence	4096	21001	1	6021001	180	27.05	"4,869"	4.261
	2781	5000	乞討弓箭	45	8.花榮	04.武器	04.白	00.無	(0) 無	03.商店購買	"778,000"	"77,800"	3		pc08_weapon_0040			100	608	0	0	0	0	0	0	0	0	0	0	0	0	0	0	0	0	0	0	0	0	0	0	0	0	0	0	0	12.攻擊力 - Attack	2048	11001	1	6011001	380	24.02	"9,128"	4.261
	2782	5000	勸敗帽	45	8.花榮	01.帽子	05.綠	00.無	(1) 智慧	07.怪物掉寶	"363,000"	"18,150"	0		pc08_hat_0040			100	0	96	0	0	0	12	0	0	0	0	0	0	0	0	0	0	0	0	0	0	0	0	0	0	0	0	0	0	13.防禦力 - Defence	4096	21001	2	6021001	190	22.42	"4,260"	4.261
	2783	5000	勸敗長袍	45	8.花榮	02.上衣	05.綠	00.無	(1) 最大 HP	07.怪物掉寶	"467,000"	"23,350"	1		pc08_torso_0040			100	0	206	0	0	0	0	0	0	0	0	0	0	0	0	0	0	0	0	190	0	0	0	0	0	0	0	0	0	13.防禦力 - Defence	4096	21001	2	6021001	190	28.84	"5,480"	4.261
	2784	5000	勸敗討鞋	45	8.花榮	03.褲子	05.綠	00.無	(1) 敏捷	07.怪物掉寶	"415,000"	"20,750"	2		pc08_pelvis_0040			100	0	120	0	13	0	0	0	0	0	0	0	0	0	0	0	0	0	0	0	0	0	0	0	0	0	0	0	0	13.防禦力 - Defence	4096	21001	2	6021001	190	25.63	"4,870"	4.261
	2785	5000	勸敗弓箭	45	8.花榮	04.武器	05.綠	00.無	(1) 體能	07.怪物掉寶	"778,000"	"38,900"	3		pc08_weapon_0040			100	671	0	0	0	9	0	0	0	0	0	0	0	0	0	0	0	0	0	0	0	0	0	0	0	0	0	0	0	12.攻擊力 - Attack	2048	11001	2	6011001	400	22.82	"9,128"	4.261
	2786	5000	返光帽	45	8.花榮	01.帽子	06.藍	00.無	(2) 敏 / 智 平均	12.收集品交換	"363,000"	"18,150"	0		pc08_hat_0040			100	0	112	0	12	0	10	0	0	0	0	0	0	0	0	0	0	0	0	0	0	0	0	0	0	0	0	0	0	13.防禦力 - Defence	4096	21001	2	6021001	190	22.42	"4,260"	4.261
	2787	5000	返光長袍	45	8.花榮	02.上衣	06.藍	00.無	(2) HP / 敏	12.收集品交換	"467,000"	"23,350"	1		pc08_torso_0040			100	0	240	0	11	0	0	0	0	0	0	0	0	0	0	0	0	0	0	160	0	0	0	0	0	0	0	0	0	13.防禦力 - Defence	4096	21001	2	6021001	190	28.84	"5,480"	4.261
	2788	5000	返光討鞋	45	8.花榮	03.褲子	06.藍	00.無	(2) 敏 / 體 平均	12.收集品交換	"415,000"	"20,750"	2		pc08_pelvis_0040			100	0	140	0	12	8	0	0	0	0	0	0	0	0	0	0	0	0	0	0	0	0	0	0	0	0	0	0	0	13.防禦力 - Defence	4096	21001	2	6021001	190	25.63	"4,870"	4.261
	2789	5000	返光弓箭	45	8.花榮	04.武器	06.藍	00.無	(2) 體 / 智 平均	12.收集品交換	"778,000"	"38,900"	3		pc08_weapon_0040			100	775	0	0	0	8	10	0	0	0	0	0	0	0	0	0	0	0	0	0	0	0	0	0	0	0	0	0	0	12.攻擊力 - Attack	2048	11001	2	6011001	410	22.27	"9,131"	4.261
	2790	5000	虛無帽	50	8.花榮	01.帽子	03.灰	00.無	(0) 無	07.怪物掉寶	"592,000"	"29,600"	0		pc08_hat_0041			100	0	85	0	0	0	0	0	0	0	0	0	0	0	0	0	0	0	0	0	0	0	0	0	0	0	0	0	0	13.防禦力 - Defence	4096	21001	1	6021001	200	27.67	"5,534"	5.349
	2791	5000	虛無長袍	50	8.花榮	02.上衣	03.灰	00.無	(0) 無	07.怪物掉寶	"762,000"	"38,100"	1		pc08_torso_0041			100	0	183	0	0	0	0	0	0	0	0	0	0	0	0	0	0	0	0	0	0	0	0	0	0	0	0	0	0	13.防禦力 - Defence	4096	21001	1	6021001	200	35.62	"7,124"	5.349
	2792	5000	虛無鞋	50	8.花榮	03.褲子	03.灰	00.無	(0) 無	07.怪物掉寶	"677,000"	"33,850"	2		pc08_pelvis_0041			100	0	106	0	0	0	0	0	0	0	0	0	0	0	0	0	0	0	0	0	0	0	0	0	0	0	0	0	0	13.防禦力 - Defence	4096	21001	1	6021001	200	31.64	"6,328"	5.349
	2793	5000	虛無弓箭	50	8.花榮	04.武器	03.灰	00.無	(0) 無	07.怪物掉寶	"1,269,000"	"63,450"	3		pc08_weapon_0041			100	590	0	0	0	0	0	0	0	0	0	0	0	0	0	0	0	0	0	0	0	0	0	0	0	0	0	0	0	12.攻擊力 - Attack	2048	11001	1	6011001	420	28.24	"11,861"	5.349
	2794	5000	靜默帽	50	8.花榮	01.帽子	04.白	00.無	(0) 無	03.商店購買	"592,000"	"59,200"	0		pc08_hat_0041			100	0	106	0	0	0	0	0	0	0	0	0	0	0	0	0	0	0	0	0	0	0	0	0	0	0	0	0	0	13.防禦力 - Defence	4096	21001	1	6021001	180	30.74	"5,534"	5.349
	2795	5000	靜默長袍	50	8.花榮	02.上衣	04.白	00.無	(0) 無	03.商店購買	"762,000"	"76,200"	1		pc08_torso_0041			100	0	229	0	0	0	0	0	0	0	0	0	0	0	0	0	0	0	0	0	0	0	0	0	0	0	0	0	0	13.防禦力 - Defence	4096	21001	1	6021001	180	39.57	"7,123"	5.349
	2796	5000	靜默鞋	50	8.花榮	03.褲子	04.白	00.無	(0) 無	03.商店購買	"677,000"	"67,700"	2		pc08_pelvis_0041			100	0	133	0	0	0	0	0	0	0	0	0	0	0	0	0	0	0	0	0	0	0	0	0	0	0	0	0	0	13.防禦力 - Defence	4096	21001	1	6021001	180	35.16	"6,329"	5.349
	2797	5000	靜默弓箭	50	8.花榮	04.武器	04.白	00.無	(0) 無	03.商店購買	"1,269,000"	"126,900"	3		pc08_weapon_0041			100	738	0	0	0	0	0	0	0	0	0	0	0	0	0	0	0	0	0	0	0	0	0	0	0	0	0	0	0	12.攻擊力 - Attack	2048	11001	1	6011001	380	31.22	"11,864"	5.349
	2798	5000	災厄帽	50	8.花榮	01.帽子	05.綠	00.無	(1) 智慧	07.怪物掉寶	"592,000"	"29,600"	0		pc08_hat_0041			100	0	108	0	0	0	13	0	0	0	0	0	0	0	0	0	0	0	0	0	0	0	0	0	0	0	0	0	0	13.防禦力 - Defence	4096	21001	2	6021001	190	29.13	"5,535"	5.349
	2799	5000	災厄長袍	50	8.花榮	02.上衣	05.綠	00.無	(1) 最大 HP	07.怪物掉寶	"762,000"	"38,100"	1		pc08_torso_0041			100	0	232	0	0	0	0	0	0	0	0	0	0	0	0	0	0	0	0	200	0	0	0	0	0	0	0	0	0	13.防禦力 - Defence	4096	21001	2	6021001	190	37.49	"7,124"	5.349
	2800	5000	災厄鞋	50	8.花榮	03.褲子	05.綠	00.無	(1) 敏捷	07.怪物掉寶	"677,000"	"33,850"	2		pc08_pelvis_0041			100	0	135	0	14	0	0	0	0	0	0	0	0	0	0	0	0	0	0	0	0	0	0	0	0	0	0	0	0	13.防禦力 - Defence	4096	21001	2	6021001	190	33.31	"6,329"	5.349
	2801	5000	災厄弓箭	50	8.花榮	04.武器	05.綠	00.無	(1) 體能	07.怪物掉寶	"1,269,000"	"63,450"	3		pc08_weapon_0041			100	810	0	0	0	10	0	0	0	0	0	0	0	0	0	0	0	0	0	0	0	0	0	0	0	0	0	0	0	12.攻擊力 - Attack	2048	11001	2	6011001	400	29.66	"11,864"	5.349
	2802	5000	?靈帽	50	8.花榮	01.帽子	06.藍	00.無	(2) 敏 / 智 平均	12.收集品交換	"592,000"	"29,600"	0		pc08_hat_0041			100	0	126	0	13	0	11	0	0	0	0	0	0	0	0	0	0	0	0	0	0	0	0	0	0	0	0	0	0	13.防禦力 - Defence	4096	21001	2	6021001	190	29.13	"5,535"	5.349
	2803	5000	?靈長袍	50	8.花榮	02.上衣	06.藍	00.無	(2) HP / 敏	12.收集品交換	"762,000"	"38,100"	1		pc08_torso_0041			100	0	271	0	12	0	0	0	0	0	0	0	0	0	0	0	0	0	0	180	0	0	0	0	0	0	0	0	0	13.防禦力 - Defence	4096	21001	2	6021001	190	37.49	"7,124"	5.349
	2804	5000	?靈鞋	50	8.花榮	03.褲子	06.藍	00.無	(2) 敏 / 體 平均	12.收集品交換	"677,000"	"33,850"	2		pc08_pelvis_0041			100	0	157	0	13	9	0	0	0	0	0	0	0	0	0	0	0	0	0	0	0	0	0	0	0	0	0	0	0	13.防禦力 - Defence	4096	21001	2	6021001	190	33.31	"6,329"	5.349
	2805	5000	?靈弓箭	50	8.花榮	04.武器	06.藍	00.無	(2) 體 / 智 平均	12.收集品交換	"1,269,000"	"63,450"	3		pc08_weapon_0041			100	931	0	0	0	9	11	0	0	0	0	0	0	0	0	0	0	0	0	0	0	0	0	0	0	0	0	0	0	12.攻擊力 - Attack	2048	11001	2	6011001	410	28.93	"11,862"	5.349
	2806	5000	導引帽	55	8.花榮	01.帽子	03.灰	00.無	(0) 無	07.怪物掉寶	"929,000"	"46,450"	0		pc08_hat_0050			100	0	96	0	0	0	0	0	0	0	0	0	0	0	0	0	0	0	0	0	0	0	0	0	0	0	0	0	0	13.防禦力 - Defence	4096	21001	1	6021001	200	35.46	"7,092"	6.55
	2807	5000	導引長袍	55	8.花榮	02.上衣	03.灰	00.無	(0) 無	07.怪物掉寶	"1,194,000"	"59,700"	1		pc08_torso_0050			100	0	206	0	0	0	0	0	0	0	0	0	0	0	0	0	0	0	0	0	0	0	0	0	0	0	0	0	0	13.防禦力 - Defence	4096	21001	1	6021001	200	45.58	"9,116"	6.55
	2808	5000	導引鞋	55	8.花榮	03.褲子	03.灰	00.無	(0) 無	07.怪物掉寶	"1,061,000"	"53,050"	2		pc08_pelvis_0050			100	0	120	0	0	0	0	0	0	0	0	0	0	0	0	0	0	0	0	0	0	0	0	0	0	0	0	0	0	13.防禦力 - Defence	4096	21001	1	6021001	200	40.5	"8,100"	6.55
	2809	5000	導引弓箭	55	8.花榮	04.武器	03.灰	00.無	(0) 無	07.怪物掉寶	"1,990,000"	"99,500"	3		pc08_weapon_0050			100	709	0	0	0	0	0	0	0	0	0	0	0	0	0	0	0	0	0	0	0	0	0	0	0	0	0	0	0	12.攻擊力 - Attack	2048	11001	1	6011001	420	36.17	"15,192"	6.55
	2810	5000	凝望帽	55	8.花榮	01.帽子	04.白	00.無	(0) 無	03.商店購買	"929,000"	"92,900"	0		pc08_hat_0050			100	0	120	0	0	0	0	0	0	0	0	0	0	0	0	0	0	0	0	0	0	0	0	0	0	0	0	0	0	13.防禦力 - Defence	4096	21001	1	6021001	180	39.4	"7,092"	6.55
	2811	5000	凝望長袍	55	8.花榮	02.上衣	04.白	00.無	(0) 無	03.商店購買	"1,194,000"	"119,400"	1		pc08_torso_0050			100	0	258	0	0	0	0	0	0	0	0	0	0	0	0	0	0	0	0	0	0	0	0	0	0	0	0	0	0	13.防禦力 - Defence	4096	21001	1	6021001	180	50.64	"9,116"	6.55
	2812	5000	凝望鞋	55	8.花榮	03.褲子	04.白	00.無	(0) 無	03.商店購買	"1,061,000"	"106,100"	2		pc08_pelvis_0050			100	0	150	0	0	0	0	0	0	0	0	0	0	0	0	0	0	0	0	0	0	0	0	0	0	0	0	0	0	13.防禦力 - Defence	4096	21001	1	6021001	180	45	"8,100"	6.55
	2813	5000	凝望弓箭	55	8.花榮	04.武器	04.白	00.無	(0) 無	03.商店購買	"1,990,000"	"199,000"	3		pc08_weapon_0050			100	886	0	0	0	0	0	0	0	0	0	0	0	0	0	0	0	0	0	0	0	0	0	0	0	0	0	0	0	12.攻擊力 - Attack	2048	11001	1	6011001	380	39.98	"15,193"	6.55
	2814	5000	吟遊帽	55	8.花榮	01.帽子	05.綠	00.無	(1) 智慧	07.怪物掉寶	"929,000"	"46,450"	0		pc08_hat_0050			100	0	121	0	0	0	14	0	0	0	0	0	0	0	0	0	0	0	0	0	0	0	0	0	0	0	0	0	0	13.防禦力 - Defence	4096	21001	2	6021001	190	37.33	"7,093"	6.55
	2815	5000	吟遊長袍	55	8.花榮	02.上衣	05.綠	00.無	(1) 最大 HP	07.怪物掉寶	"1,194,000"	"59,700"	1		pc08_torso_0050			100	0	260	0	0	0	0	0	0	0	0	0	0	0	0	0	0	0	0	220	0	0	0	0	0	0	0	0	0	13.防禦力 - Defence	4096	21001	2	6021001	190	47.98	"9,117"	6.55
	2816	5000	吟遊鞋	55	8.花榮	03.褲子	05.綠	00.無	(1) 敏捷	07.怪物掉寶	"1,061,000"	"53,050"	2		pc08_pelvis_0050			100	0	151	0	15	0	0	0	0	0	0	0	0	0	0	0	0	0	0	0	0	0	0	0	0	0	0	0	0	13.防禦力 - Defence	4096	21001	2	6021001	190	42.63	"8,100"	6.55
	2817	5000	吟遊弓箭	55	8.花榮	04.武器	05.綠	00.無	(1) 體能	07.怪物掉寶	"1,990,000"	"99,500"	3		pc08_weapon_0050			100	969	0	0	0	11	0	0	0	0	0	0	0	0	0	0	0	0	0	0	0	0	0	0	0	0	0	0	0	12.攻擊力 - Attack	2048	11001	2	6011001	400	37.98	"15,192"	6.55
	2818	5000	祈禱帽	55	8.花榮	01.帽子	06.藍	00.無	(2) 敏 / 智 平均	12.收集品交換	"929,000"	"46,450"	0		pc08_hat_0050			100	0	140	0	13	0	12	0	0	0	0	0	0	0	0	0	0	0	0	0	0	0	0	0	0	0	0	0	0	13.防禦力 - Defence	4096	21001	2	6021001	190	37.33	"7,093"	6.55
	2819	5000	祈禱長袍	55	8.花榮	02.上衣	06.藍	00.無	(2) HP / 敏	12.收集品交換	"1,194,000"	"59,700"	1		pc08_torso_0050			100	0	302	0	13	0	0	0	0	0	0	0	0	0	0	0	0	0	0	190	0	0	0	0	0	0	0	0	0	13.防禦力 - Defence	4096	21001	2	6021001	190	47.98	"9,117"	6.55
	2820	5000	祈禱鞋	55	8.花榮	03.褲子	06.藍	00.無	(2) 敏 / 體 平均	12.收集品交換	"1,061,000"	"53,050"	2		pc08_pelvis_0050			100	0	175	0	13	9	0	0	0	0	0	0	0	0	0	0	0	0	0	0	0	0	0	0	0	0	0	0	0	13.防禦力 - Defence	4096	21001	2	6021001	190	42.63	"8,100"	6.55
	2821	5000	祈禱弓箭	55	8.花榮	04.武器	06.藍	00.無	(2) 體 / 智 平均	12.收集品交換	"1,990,000"	"99,500"	3		pc08_weapon_0050			100	1111	0	0	0	9	12	0	0	0	0	0	0	0	0	0	0	0	0	0	0	0	0	0	0	0	0	0	0	12.攻擊力 - Attack	2048	11001	2	6011001	410	37.06	"15,195"	6.55
	2822	5000	狂氣法帽	60	8.花榮	01.帽子	03.灰	00.無	(0) 無	07.怪物掉寶	"1,407,000"	"70,350"	0		pc08_hat_0051			100	0	107	0	0	0	0	0	0	0	0	0	0	0	0	0	0	0	0	0	0	0	0	0	0	0	0	0	0	13.防禦力 - Defence	4096	21001	1	6021001	200	44.82	"8,964"	7.848
	2823	5000	狂氣法袍	60	8.花榮	02.上衣	03.灰	00.無	(0) 無	07.怪物掉寶	"1,809,000"	"90,450"	1		pc08_torso_0051			100	0	230	0	0	0	0	0	0	0	0	0	0	0	0	0	0	0	0	0	0	0	0	0	0	0	0	0	0	13.防禦力 - Defence	4096	21001	1	6021001	200	57.63	"11,526"	7.848
	2824	5000	狂氣法鞋	60	8.花榮	03.褲子	03.灰	00.無	(0) 無	07.怪物掉寶	"1,608,000"	"80,400"	2		pc08_pelvis_0051			100	0	134	0	0	0	0	0	0	0	0	0	0	0	0	0	0	0	0	0	0	0	0	0	0	0	0	0	0	13.防禦力 - Defence	4096	21001	1	6021001	200	51.23	"10,246"	7.848
	2825	5000	狂氣弓箭	60	8.花榮	04.武器	03.灰	00.無	(0) 無	07.怪物掉寶	"3,015,000"	"150,750"	3		pc08_weapon_0051			100	847	0	0	0	0	0	0	0	0	0	0	0	0	0	0	0	0	0	0	0	0	0	0	0	0	0	0	0	12.攻擊力 - Attack	2048	11001	1	6011001	420	45.74	"19,211"	7.848
	2826	5000	秘術法帽	60	8.花榮	01.帽子	04.白	00.無	(0) 無	03.商店購買	"1,407,000"	"140,700"	0		pc08_hat_0051			100	0	134	0	0	0	0	0	0	0	0	0	0	0	0	0	0	0	0	0	0	0	0	0	0	0	0	0	0	13.防禦力 - Defence	4096	21001	1	6021001	180	49.8	"8,964"	7.848
	2827	5000	秘術法袍	60	8.花榮	02.上衣	04.白	00.無	(0) 無	03.商店購買	"1,809,000"	"180,900"	1		pc08_torso_0051			100	0	287	0	0	0	0	0	0	0	0	0	0	0	0	0	0	0	0	0	0	0	0	0	0	0	0	0	0	13.防禦力 - Defence	4096	21001	1	6021001	180	64.03	"11,526"	7.848
	2828	5000	秘術法鞋	60	8.花榮	03.褲子	04.白	00.無	(0) 無	03.商店購買	"1,608,000"	"160,800"	2		pc08_pelvis_0051			100	0	167	0	0	0	0	0	0	0	0	0	0	0	0	0	0	0	0	0	0	0	0	0	0	0	0	0	0	13.防禦力 - Defence	4096	21001	1	6021001	180	56.92	"10,246"	7.848
	2829	5000	秘術神弓箭	60	8.花榮	04.武器	04.白	00.無	(0) 無	03.商店購買	"3,015,000"	"301,500"	3		pc08_weapon_0051			100	1058	0	0	0	0	0	0	0	0	0	0	0	0	0	0	0	0	0	0	0	0	0	0	0	0	0	0	0	12.攻擊力 - Attack	2048	11001	1	6011001	380	50.55	"19,209"	7.848
	2830	5000	異象帽	60	8.花榮	01.帽子	05.綠	00.無	(1) 智慧	07.怪物掉寶	"1,407,000"	"70,350"	0		pc08_hat_0051			100	0	134	0	0	0	15	0	0	0	0	0	0	0	0	0	0	0	0	0	0	0	0	0	0	0	0	0	0	13.防禦力 - Defence	4096	21001	2	6021001	190	47.18	"8,965"	7.848
	2831	5000	異象長袍	60	8.花榮	02.上衣	05.綠	00.無	(1) 最大 HP	07.怪物掉寶	"1,809,000"	"90,450"	1		pc08_torso_0051			100	0	288	0	0	0	0	0	0	0	0	0	0	0	0	0	0	0	0	230	0	0	0	0	0	0	0	0	0	13.防禦力 - Defence	4096	21001	2	6021001	190	60.66	"11,526"	7.848
	2832	5000	異象鞋	60	8.花榮	03.褲子	05.綠	00.無	(1) 敏捷	07.怪物掉寶	"1,608,000"	"80,400"	2		pc08_pelvis_0051			100	0	167	0	17	0	0	0	0	0	0	0	0	0	0	0	0	0	0	0	0	0	0	0	0	0	0	0	0	13.防禦力 - Defence	4096	21001	2	6021001	190	53.92	"10,245"	7.848
	2833	5000	異象弓箭	60	8.花榮	04.武器	05.綠	00.無	(1) 體能	07.怪物掉寶	"3,015,000"	"150,750"	3		pc08_weapon_0051			100	1153	0	0	0	11	0	0	0	0	0	0	0	0	0	0	0	0	0	0	0	0	0	0	0	0	0	0	0	12.攻擊力 - Attack	2048	11001	2	6011001	400	48.03	"19,212"	7.848
	2834	5000	聖戰帽	60	8.花榮	01.帽子	06.藍	00.無	(2) 敏 / 智 平均	12.收集品交換	"1,407,000"	"70,350"	0		pc08_hat_0051			100	0	154	0	14	0	13	0	0	0	0	0	0	0	0	0	0	0	0	0	0	0	0	0	0	0	0	0	0	13.防禦力 - Defence	4096	21001	2	6021001	190	47.18	"8,965"	7.848
	2835	5000	聖戰長袍	60	8.花榮	02.上衣	06.藍	00.無	(2) HP / 敏	12.收集品交換	"1,809,000"	"90,450"	1		pc08_torso_0051			100	0	332	0	14	0	0	0	0	0	0	0	0	0	0	0	0	0	0	200	0	0	0	0	0	0	0	0	0	13.防禦力 - Defence	4096	21001	2	6021001	190	60.66	"11,526"	7.848
	2836	5000	聖戰鞋	60	8.花榮	03.褲子	06.藍	00.無	(2) 敏 / 體 平均	12.收集品交換	"1,608,000"	"80,400"	2		pc08_pelvis_0051			100	0	193	0	14	10	0	0	0	0	0	0	0	0	0	0	0	0	0	0	0	0	0	0	0	0	0	0	0	13.防禦力 - Defence	4096	21001	2	6021001	190	53.92	"10,245"	7.848
	2837	5000	聖戰弓箭	60	8.花榮	04.武器	06.藍	00.無	(2) 體 / 智 平均	12.收集品交換	"3,015,000"	"150,750"	3		pc08_weapon_0051			100	1319	0	0	0	10	13	0	0	0	0	0	0	0	0	0	0	0	0	0	0	0	0	0	0	0	0	0	0	12.攻擊力 - Attack	2048	11001	2	6011001	410	46.85	"19,209"	7.848
	2838	5000	鐵燕帽	55	8.花榮	01.帽子	07.紫	00.無	(3) MP / 敏 / 智	07.怪物掉寶	"929,000"	"46,450"	0		pc08_hat_0052			100	0	154	0	12	0	11	0	0	0	0	0	0	0	0	0	0	0	0	0	540	0	0	0	0	0	0	0	0	13.防禦力 - Defence	4096	21001	3	6021001	200	35.46	"7,092"	6.55
	2839	5000	鐵燕長袍	55	8.花榮	02.上衣	07.紫	00.無	(3) HP / 敏 / 智	07.怪物掉寶	"1,194,000"	"59,700"	1		pc08_torso_0052			100	0	332	0	12	0	11	0	0	0	0	0	0	0	0	0	0	0	0	170	0	0	0	0	0	0	0	0	0	13.防禦力 - Defence	4096	21001	3	6021001	200	45.58	"9,116"	6.55
	2840	5000	鐵燕鞋	55	8.花榮	03.褲子	07.紫	00.無	(3) MP / 敏 / 體	07.怪物掉寶	"1,061,000"	"53,050"	2		pc08_pelvis_0052			100	0	193	0	12	8	0	0	0	0	0	0	0	0	0	0	0	0	0	0	270	0	0	0	0	0	0	0	0	13.防禦力 - Defence	4096	21001	3	6021001	200	40.5	"8,100"	6.55
	2841	5000	鐵燕弓箭	55	8.花榮	04.武器	07.紫	00.無	(3) HP / 體 / 智	07.怪物掉寶	"1,990,000"	"99,500"	3		pc08_weapon_0052			100	1319	0	0	0	8	11	0	0	0	0	0	0	0	0	0	0	0	0	80	0	0	0	0	0	0	0	0	0	12.攻擊力 - Attack	2048	11001	3	6011001	420	36.17	"15,192"	6.55
	2842	5000	褐紋帽	65	8.花榮	01.帽子	03.灰	00.無	(0) 無	07.怪物掉寶	"2,090,000"	"104,500"	0		pc08_hat_0060			100	0	118	0	0	0	0	0	0	0	0	0	0	0	0	0	0	0	0	0	0	0	0	0	0	0	0	0	0	13.防禦力 - Defence	4096	21001	1	8021001	200	55.91	"11,182"	9.346
	2843	5000	褐紋長袍	65	8.花榮	02.上衣	03.灰	00.無	(0) 無	07.怪物掉寶	"2,680,000"	"134,000"	1		pc08_torso_0060			100	0	253	0	0	0	0	0	0	0	0	0	0	0	0	0	0	0	0	0	0	0	0	0	0	0	0	0	0	13.防禦力 - Defence	4096	21001	1	8021001	200	71.7	"14,340"	9.346
	2844	5000	褐紋草鞋	65	8.花榮	03.褲子	03.灰	00.無	(0) 無	07.怪物掉寶	"2,390,000"	"119,500"	2		pc08_pelvis_0060			100	0	147	0	0	0	0	0	0	0	0	0	0	0	0	0	0	0	0	0	0	0	0	0	0	0	0	0	0	13.防禦力 - Defence	4096	21001	1	8021001	200	63.94	"12,788"	9.346
	2845	5000	褐紋弓箭	65	8.花榮	04.武器	03.灰	00.無	(0) 無	07.怪物掉寶	"4,470,000"	"223,500"	3		pc08_weapon_0060			100	1005	0	0	0	0	0	0	0	0	0	0	0	0	0	0	0	0	0	0	0	0	0	0	0	0	0	0	0	12.攻擊力 - Attack	2048	11001	1	8011001	420	56.94	"23,915"	9.346
	2846	5000	亞麻皮帽	65	8.花榮	01.帽子	04.白	00.無	(0) 無	03.商店購買	"2,090,000"	"209,000"	0		pc08_hat_0060			100	0	147	0	0	0	0	0	0	0	0	0	0	0	0	0	0	0	0	0	0	0	0	0	0	0	0	0	0	13.防禦力 - Defence	4096	21001	1	8021001	180	62.12	"11,182"	9.346
	2847	5000	亞麻長袍	65	8.花榮	02.上衣	04.白	00.無	(0) 無	03.商店購買	"2,680,000"	"268,000"	1		pc08_torso_0060			100	0	316	0	0	0	0	0	0	0	0	0	0	0	0	0	0	0	0	0	0	0	0	0	0	0	0	0	0	13.防禦力 - Defence	4096	21001	1	8021001	180	79.66	"14,339"	9.346
	2848	5000	亞麻草鞋	65	8.花榮	03.褲子	04.白	00.無	(0) 無	03.商店購買	"2,390,000"	"239,000"	2		pc08_pelvis_0060			100	0	184	0	0	0	0	0	0	0	0	0	0	0	0	0	0	0	0	0	0	0	0	0	0	0	0	0	0	13.防禦力 - Defence	4096	21001	1	8021001	180	71.04	"12,788"	9.346
	2849	5000	亞麻弓箭	65	8.花榮	04.武器	04.白	00.無	(0) 無	03.商店購買	"4,470,000"	"447,000"	3		pc08_weapon_0060			100	1256	0	0	0	0	0	0	0	0	0	0	0	0	0	0	0	0	0	0	0	0	0	0	0	0	0	0	0	12.攻擊力 - Attack	2048	11001	1	8011001	380	62.94	"23,918"	9.346
	2850	5000	捍衛皮帽	65	8.花榮	01.帽子	05.綠	00.無	(1) 智慧	07.怪物掉寶	"2,090,000"	"104,500"	0		pc08_hat_0060			100	0	146	0	0	0	16	0	0	0	0	0	0	0	0	0	0	0	0	0	0	0	0	0	0	0	0	0	0	13.防禦力 - Defence	4096	21001	2	8021001	190	58.85	"11,182"	9.346
	2851	5000	捍衛長袍	65	8.花榮	02.上衣	05.綠	00.無	(1) 最大 HP	07.怪物掉寶	"2,680,000"	"134,000"	1		pc08_torso_0060			100	0	314	0	0	0	0	0	0	0	0	0	0	0	0	0	0	0	0	250	0	0	0	0	0	0	0	0	0	13.防禦力 - Defence	4096	21001	2	8021001	190	75.47	"14,340"	9.346
	2852	5000	捍衛草鞋	65	8.花榮	03.褲子	05.綠	00.無	(1) 敏捷	07.怪物掉寶	"2,390,000"	"119,500"	2		pc08_pelvis_0060			100	0	183	0	18	0	0	0	0	0	0	0	0	0	0	0	0	0	0	0	0	0	0	0	0	0	0	0	0	13.防禦力 - Defence	4096	21001	2	8021001	190	67.3	"12,787"	9.346
	2853	5000	捍衛弓箭	65	8.花榮	04.武器	05.綠	00.無	(1) 體能	07.怪物掉寶	"4,470,000"	"223,500"	3		pc08_weapon_0060			100	1365	0	0	0	12	0	0	0	0	0	0	0	0	0	0	0	0	0	0	0	0	0	0	0	0	0	0	0	12.攻擊力 - Attack	2048	11001	2	8011001	400	59.79	"23,916"	9.346
	2854	5000	戰國皮帽	65	8.花榮	01.帽子	06.藍	00.無	(2) 敏 / 智 平均	12.收集品交換	"2,090,000"	"104,500"	0		pc08_hat_0060			100	0	168	0	15	0	14	0	0	0	0	0	0	0	0	0	0	0	0	0	0	0	0	0	0	0	0	0	0	13.防禦力 - Defence	4096	21001	2	8021001	190	58.85	"11,182"	9.346
	2855	5000	戰國長袍	65	8.花榮	02.上衣	06.藍	00.無	(2) HP / 敏	12.收集品交換	"2,680,000"	"134,000"	1		pc08_torso_0060			100	0	362	0	15	0	0	0	0	0	0	0	0	0	0	0	0	0	0	220	0	0	0	0	0	0	0	0	0	13.防禦力 - Defence	4096	21001	2	8021001	190	75.47	"14,340"	9.346
	2856	5000	戰國草鞋	65	8.花榮	03.褲子	06.藍	00.無	(2) 敏 / 體 平均	12.收集品交換	"2,390,000"	"119,500"	2		pc08_pelvis_0060			100	0	210	0	15	11	0	0	0	0	0	0	0	0	0	0	0	0	0	0	0	0	0	0	0	0	0	0	0	13.防禦力 - Defence	4096	21001	2	8021001	190	67.3	"12,787"	9.346
	2857	5000	戰國弓箭	65	8.花榮	04.武器	06.藍	00.無	(2) 體 / 智 平均	12.收集品交換	"4,470,000"	"223,500"	3		pc08_weapon_0060			100	1559	0	0	0	11	14	0	0	0	0	0	0	0	0	0	0	0	0	0	0	0	0	0	0	0	0	0	0	12.攻擊力 - Attack	2048	11001	2	8011001	410	58.33	"23,916"	9.346
	2858	5000	羈絆布帽	70	8.花榮	01.帽子	03.灰	00.無	(0) 無	07.怪物掉寶	"2,380,000"	"119,000"	0		pc08_hat_0061			100	0	128	0	0	0	0	0	0	0	0	0	0	0	0	0	0	0	0	0	0	0	0	0	0	0	0	0	0	13.防禦力 - Defence	4096	21001	1	8021001	200	53.54	"10,708"	11.114
	2859	5000	羈絆長袍	70	8.花榮	02.上衣	03.灰	00.無	(0) 無	07.怪物掉寶	"3,060,000"	"153,000"	1		pc08_torso_0061			100	0	276	0	0	0	0	0	0	0	0	0	0	0	0	0	0	0	0	0	0	0	0	0	0	0	0	0	0	13.防禦力 - Defence	4096	21001	1	8021001	200	68.84	"13,768"	11.114
	2860	5000	羈絆皮鞋	70	8.花榮	03.褲子	03.灰	00.無	(0) 無	07.怪物掉寶	"2,720,000"	"136,000"	2		pc08_pelvis_0061			100	0	160	0	0	0	0	0	0	0	0	0	0	0	0	0	0	0	0	0	0	0	0	0	0	0	0	0	0	13.防禦力 - Defence	4096	21001	1	8021001	200	61.19	"12,238"	11.114
	2861	5000	羈絆弓箭	70	8.花榮	04.武器	03.灰	00.無	(0) 無	07.怪物掉寶	"5,090,000"	"254,500"	3		pc08_weapon_0061			100	1187	0	0	0	0	0	0	0	0	0	0	0	0	0	0	0	0	0	0	0	0	0	0	0	0	0	0	0	12.攻擊力 - Attack	2048	11001	1	8011001	420	54.53	"22,903"	11.114
	2862	5000	枷鎖布帽	70	8.花榮	01.帽子	04.白	00.無	(0) 無	03.商店購買	"2,380,000"	"238,000"	0		pc08_hat_0061			100	0	160	0	0	0	0	0	0	0	0	0	0	0	0	0	0	0	0	0	0	0	0	0	0	0	0	0	0	13.防禦力 - Defence	4096	21001	1	8021001	180	59.49	"10,709"	11.114
	2863	5000	枷鎖長袍	70	8.花榮	02.上衣	04.白	00.無	(0) 無	03.商店購買	"3,060,000"	"306,000"	1		pc08_torso_0061			100	0	345	0	0	0	0	0	0	0	0	0	0	0	0	0	0	0	0	0	0	0	0	0	0	0	0	0	0	13.防禦力 - Defence	4096	21001	1	8021001	180	76.49	"13,769"	11.114
	2864	5000	枷鎖皮鞋	70	8.花榮	03.褲子	04.白	00.無	(0) 無	03.商店購買	"2,720,000"	"272,000"	2		pc08_pelvis_0061			100	0	200	0	0	0	0	0	0	0	0	0	0	0	0	0	0	0	0	0	0	0	0	0	0	0	0	0	0	13.防禦力 - Defence	4096	21001	1	8021001	180	67.99	"12,239"	11.114
	2865	5000	枷鎖弓箭	70	8.花榮	04.武器	04.白	00.無	(0) 無	03.商店購買	"5,090,000"	"509,000"	3		pc08_weapon_0061			100	1484	0	0	0	0	0	0	0	0	0	0	0	0	0	0	0	0	0	0	0	0	0	0	0	0	0	0	0	12.攻擊力 - Attack	2048	11001	1	8011001	380	60.27	"22,903"	11.114
	2866	5000	鐵血皮帽	70	8.花榮	01.帽子	05.綠	00.無	(1) 智慧	07.怪物掉寶	"2,380,000"	"119,000"	0		pc08_hat_0061			100	0	158	0	0	0	17	0	0	0	0	0	0	0	0	0	0	0	0	0	0	0	0	0	0	0	0	0	0	13.防禦力 - Defence	4096	21001	2	8021001	190	56.36	"10,709"	11.114
	2867	5000	鐵血長袍	70	8.花榮	02.上衣	05.綠	00.無	(1) 最大 HP	07.怪物掉寶	"3,060,000"	"153,000"	1		pc08_torso_0061			100	0	339	0	0	0	0	0	0	0	0	0	0	0	0	0	0	0	0	270	0	0	0	0	0	0	0	0	0	13.防禦力 - Defence	4096	21001	2	8021001	190	72.46	"13,768"	11.114
	2868	5000	鐵血皮鞋	70	8.花榮	03.褲子	05.綠	00.無	(1) 敏捷	07.怪物掉寶	"2,720,000"	"136,000"	2		pc08_pelvis_0061			100	0	197	0	19	0	0	0	0	0	0	0	0	0	0	0	0	0	0	0	0	0	0	0	0	0	0	0	0	13.防禦力 - Defence	4096	21001	2	8021001	190	64.41	"12,238"	11.114
	2869	5000	鐵血弓箭	70	8.花榮	04.武器	05.綠	00.無	(1) 體能	07.怪物掉寶	"5,090,000"	"254,500"	3		pc08_weapon_0061			100	1609	0	0	0	13	0	0	0	0	0	0	0	0	0	0	0	0	0	0	0	0	0	0	0	0	0	0	0	12.攻擊力 - Attack	2048	11001	2	8011001	400	57.25	"22,900"	11.114
	2870	5000	破曉戰帽	70	8.花榮	01.帽子	06.藍	00.無	(2) 敏 / 智 平均	12.收集品交換	"2,380,000"	"119,000"	0		pc08_hat_0061			100	0	181	0	16	0	15	0	0	0	0	0	0	0	0	0	0	0	0	0	0	0	0	0	0	0	0	0	0	13.防禦力 - Defence	4096	21001	2	8021001	190	56.36	"10,709"	11.114
	2871	5000	破曉戰袍	70	8.花榮	02.上衣	06.藍	00.無	(2) HP / 敏	12.收集品交換	"3,060,000"	"153,000"	1		pc08_torso_0061			100	0	390	0	15	0	0	0	0	0	0	0	0	0	0	0	0	0	0	230	0	0	0	0	0	0	0	0	0	13.防禦力 - Defence	4096	21001	2	8021001	190	72.46	"13,768"	11.114
	2872	5000	破曉戰鞋	70	8.花榮	03.褲子	06.藍	00.無	(2) 敏 / 體 平均	12.收集品交換	"2,720,000"	"136,000"	2		pc08_pelvis_0061			100	0	227	0	16	11	0	0	0	0	0	0	0	0	0	0	0	0	0	0	0	0	0	0	0	0	0	0	0	13.防禦力 - Defence	4096	21001	2	8021001	190	64.41	"12,238"	11.114
	2873	5000	破曉弓箭	70	8.花榮	04.武器	06.藍	00.無	(2) 體 / 智 平均	12.收集品交換	"5,090,000"	"254,500"	3		pc08_weapon_0061			100	1833	0	0	0	11	15	0	0	0	0	0	0	0	0	0	0	0	0	0	0	0	0	0	0	0	0	0	0	12.攻擊力 - Attack	2048	11001	2	8011001	410	55.86	"22,903"	11.114
	2874	5000	勇敢布帽	75	8.花榮	01.帽子	03.灰	00.無	(0) 無	07.怪物掉寶	0	0	0		pc08_hat_0070			100	0	138	0	0	0	0	0	0	0	0	0	0	0	0	0	0	0	0	0	0	0	0	0	0	0	0	0	0	13.防禦力 - Defence	4096	21001	1	8021001	200	0	0	0
	2875	5000	勇敢長袍	75	8.花榮	02.上衣	03.灰	00.無	(0) 無	07.怪物掉寶	0	0	1		pc08_torso_0070			100	0	297	0	0	0	0	0	0	0	0	0	0	0	0	0	0	0	0	0	0	0	0	0	0	0	0	0	0	13.防禦力 - Defence	4096	21001	1	8021001	200	0	0	0
	2876	5000	勇敢布鞋	75	8.花榮	03.褲子	03.灰	00.無	(0) 無	07.怪物掉寶	0	0	2		pc08_pelvis_0070			100	0	173	0	0	0	0	0	0	0	0	0	0	0	0	0	0	0	0	0	0	0	0	0	0	0	0	0	0	13.防禦力 - Defence	4096	21001	1	8021001	200	0	0	0
	2877	5000	勇敢弓箭	75	8.花榮	04.武器	03.灰	00.無	(0) 無	07.怪物掉寶	0	0	3		pc08_weapon_0070			100	1397	0	0	0	0	0	0	0	0	0	0	0	0	0	0	0	0	0	0	0	0	0	0	0	0	0	0	0	12.攻擊力 - Attack	2048	11001	1	8011001	420	0	0	0
	2878	5000	鍊戰皮帽	75	8.花榮	01.帽子	04.白	00.無	(0) 無	03.商店購買	0	0	0		pc08_hat_0070			100	0	173	0	0	0	0	0	0	0	0	0	0	0	0	0	0	0	0	0	0	0	0	0	0	0	0	0	0	13.防禦力 - Defence	4096	21001	1	8021001	180	0	0	0
	2879	5000	鍊戰長袍	75	8.花榮	02.上衣	04.白	00.無	(0) 無	03.商店購買	0	0	1		pc08_torso_0070			100	0	372	0	0	0	0	0	0	0	0	0	0	0	0	0	0	0	0	0	0	0	0	0	0	0	0	0	0	13.防禦力 - Defence	4096	21001	1	8021001	180	0	0	0
	2880	5000	鍊戰皮鞋	75	8.花榮	03.褲子	04.白	00.無	(0) 無	03.商店購買	0	0	2		pc08_pelvis_0070			100	0	216	0	0	0	0	0	0	0	0	0	0	0	0	0	0	0	0	0	0	0	0	0	0	0	0	0	0	13.防禦力 - Defence	4096	21001	1	8021001	180	0	0	0
	2881	5000	鍊戰弓箭	75	8.花榮	04.武器	04.白	00.無	(0) 無	03.商店購買	0	0	3		pc08_weapon_0070			100	1746	0	0	0	0	0	0	0	0	0	0	0	0	0	0	0	0	0	0	0	0	0	0	0	0	0	0	0	12.攻擊力 - Attack	2048	11001	1	8011001	380	0	0	0
	2882	5000	精武皮帽	75	8.花榮	01.帽子	05.綠	00.無	(1) 智慧	07.怪物掉寶	0	0	0		pc08_hat_0070			100	0	187	0	0	0	18	0	0	0	0	0	0	0	0	0	0	0	0	0	0	0	0	0	0	0	0	0	0	13.防禦力 - Defence	4096	21001	2	8021001	190	0	0	0
	2883	5000	精武長袍	75	8.花榮	02.上衣	05.綠	00.無	(1) 最大 HP	07.怪物掉寶	0	0	1		pc08_torso_0070			100	0	401	0	0	0	0	0	0	0	0	0	0	0	0	0	0	0	0	280	0	0	0	0	0	0	0	0	0	13.防禦力 - Defence	4096	21001	2	8021001	190	0	0	0
	2884	5000	精武皮鞋	75	8.花榮	03.褲子	05.綠	00.無	(1) 敏捷	07.怪物掉寶	0	0	2		pc08_pelvis_0070			100	0	233	0	20	0	0	0	0	0	0	0	0	0	0	0	0	0	0	0	0	0	0	0	0	0	0	0	0	13.防禦力 - Defence	4096	21001	2	8021001	190	0	0	0
	2885	5000	精武弓箭	75	8.花榮	04.武器	05.綠	00.無	(1) 體能	07.怪物掉寶	0	0	3		pc08_weapon_0070			100	1887	0	0	0	14	0	0	0	0	0	0	0	0	0	0	0	0	0	0	0	0	0	0	0	0	0	0	0	12.攻擊力 - Attack	2048	11001	2	8011001	400	0	0	0
	2886	5000	梟雄皮帽	75	8.花榮	01.帽子	06.藍	00.無	(2) 敏 / 智 平均	12.收集品交換	0	0	0		pc08_hat_0070			100	0	214	0	17	0	16	0	0	0	0	0	0	0	0	0	0	0	0	0	0	0	0	0	0	0	0	0	0	13.防禦力 - Defence	4096	21001	2	8021001	190	0	0	0
	2887	5000	梟雄長袍	75	8.花榮	02.上衣	06.藍	00.無	(2) HP / 敏	12.收集品交換	0	0	1		pc08_torso_0070			100	0	461	0	16	0	0	0	0	0	0	0	0	0	0	0	0	0	0	250	0	0	0	0	0	0	0	0	0	13.防禦力 - Defence	4096	21001	2	8021001	190	0	0	0
	2888	5000	梟雄皮鞋	75	8.花榮	03.褲子	06.藍	00.無	(2) 敏 / 體 平均	12.收集品交換	0	0	2		pc08_pelvis_0070			100	0	268	0	17	12	0	0	0	0	0	0	0	0	0	0	0	0	0	0	0	0	0	0	0	0	0	0	0	13.防禦力 - Defence	4096	21001	2	8021001	190	0	0	0
	2889	5000	梟雄弓箭	75	8.花榮	04.武器	06.藍	00.無	(2) 體 / 智 平均	12.收集品交換	0	0	3		pc08_weapon_0070			100	2147	0	0	0	12	16	0	0	0	0	0	0	0	0	0	0	0	0	0	0	0	0	0	0	0	0	0	0	12.攻擊力 - Attack	2048	11001	2	8011001	410	0	0	0
	2890	5000	湘南帽	80	8.花榮	01.帽子	03.灰	00.無	(0) 無	07.怪物掉寶	0	0	0		pc08_hat_0071			100	0	163	0	0	0	0	0	0	0	0	0	0	0	0	0	0	0	0	0	0	0	0	0	0	0	0	0	0	13.防禦力 - Defence	4096	21001	1	8021001	200	0	0	0
	2891	5000	湘南長袍	80	8.花榮	02.上衣	03.灰	00.無	(0) 無	07.怪物掉寶	0	0	1		pc08_torso_0071			100	0	351	0	0	0	0	0	0	0	0	0	0	0	0	0	0	0	0	0	0	0	0	0	0	0	0	0	0	13.防禦力 - Defence	4096	21001	1	8021001	200	0	0	0
	2892	5000	湘南草鞋	80	8.花榮	03.褲子	03.灰	00.無	(0) 無	07.怪物掉寶	0	0	2		pc08_pelvis_0071			100	0	204	0	0	0	0	0	0	0	0	0	0	0	0	0	0	0	0	0	0	0	0	0	0	0	0	0	0	13.防禦力 - Defence	4096	21001	1	8021001	200	0	0	0
	2893	5000	湘南弓箭	80	8.花榮	04.武器	03.灰	00.無	(0) 無	07.怪物掉寶	0	0	3		pc08_weapon_0071			100	1636	0	0	0	0	0	0	0	0	0	0	0	0	0	0	0	0	0	0	0	0	0	0	0	0	0	0	0	12.攻擊力 - Attack	2048	11001	1	8011001	420	0	0	0
	2894	5000	弧月皮帽	80	8.花榮	01.帽子	04.白	00.無	(0) 無	03.商店購買	0	0	0		pc08_hat_0071			100	0	204	0	0	0	0	0	0	0	0	0	0	0	0	0	0	0	0	0	0	0	0	0	0	0	0	0	0	13.防禦力 - Defence	4096	21001	1	8021001	180	0	0	0
	2895	5000	弧月長袍	80	8.花榮	02.上衣	04.白	00.無	(0) 無	03.商店購買	0	0	1		pc08_torso_0071			100	0	439	0	0	0	0	0	0	0	0	0	0	0	0	0	0	0	0	0	0	0	0	0	0	0	0	0	0	13.防禦力 - Defence	4096	21001	1	8021001	180	0	0	0
	2896	5000	弧月皮鞋	80	8.花榮	03.褲子	04.白	00.無	(0) 無	03.商店購買	0	0	2		pc08_pelvis_0071			100	0	255	0	0	0	0	0	0	0	0	0	0	0	0	0	0	0	0	0	0	0	0	0	0	0	0	0	0	13.防禦力 - Defence	4096	21001	1	8021001	180	0	0	0
	2897	5000	弧月弓箭	80	8.花榮	04.武器	04.白	00.無	(0) 無	03.商店購買	0	0	3		pc08_weapon_0071			100	2045	0	0	0	0	0	0	0	0	0	0	0	0	0	0	0	0	0	0	0	0	0	0	0	0	0	0	0	12.攻擊力 - Attack	2048	11001	1	8011001	380	0	0	0
	2898	5000	晝返皮帽	80	8.花榮	01.帽子	05.綠	00.無	(1) 智慧	07.怪物掉寶	0	0	0		pc08_hat_0071			100	0	220	0	0	0	19	0	0	0	0	0	0	0	0	0	0	0	0	0	0	0	0	0	0	0	0	0	0	13.防禦力 - Defence	4096	21001	2	8021001	190	0	0	0
	2899	5000	晝返長袍	80	8.花榮	02.上衣	05.綠	00.無	(1) 最大 HP	07.怪物掉寶	0	0	1		pc08_torso_0071			100	0	473	0	0	0	0	0	0	0	0	0	0	0	0	0	0	0	0	300	0	0	0	0	0	0	0	0	0	13.防禦力 - Defence	4096	21001	2	8021001	190	0	0	0
	2900	5000	晝返皮鞋	80	8.花榮	03.褲子	05.綠	00.無	(1) 敏捷	07.怪物掉寶	0	0	2		pc08_pelvis_0071			100	0	275	0	21	0	0	0	0	0	0	0	0	0	0	0	0	0	0	0	0	0	0	0	0	0	0	0	0	13.防禦力 - Defence	4096	21001	2	8021001	190	0	0	0
	2901	5000	晝返弓箭	80	8.花榮	04.武器	05.綠	00.無	(1) 體能	07.怪物掉寶	0	0	3		pc08_weapon_0071			100	2206	0	0	0	15	0	0	0	0	0	0	0	0	0	0	0	0	0	0	0	0	0	0	0	0	0	0	0	12.攻擊力 - Attack	2048	11001	2	8011001	400	0	0	0
	2902	5000	飄渺皮帽	80	8.花榮	01.帽子	06.藍	00.無	(2) 敏 / 智 平均	12.收集品交換	0	0	0		pc08_hat_0071			100	0	252	0	18	0	16	0	0	0	0	0	0	0	0	0	0	0	0	0	0	0	0	0	0	0	0	0	0	13.防禦力 - Defence	4096	21001	2	8021001	190	0	0	0
	2903	5000	飄渺長袍	80	8.花榮	02.上衣	06.藍	00.無	(2) HP / 敏	12.收集品交換	0	0	1		pc08_torso_0071			100	0	542	0	17	0	0	0	0	0	0	0	0	0	0	0	0	0	0	260	0	0	0	0	0	0	0	0	0	13.防禦力 - Defence	4096	21001	2	8021001	190	0	0	0
	2904	5000	飄渺皮鞋	80	8.花榮	03.褲子	06.藍	00.無	(2) 敏 / 體 平均	12.收集品交換	0	0	2		pc08_pelvis_0071			100	0	315	0	18	13	0	0	0	0	0	0	0	0	0	0	0	0	0	0	0	0	0	0	0	0	0	0	0	13.防禦力 - Defence	4096	21001	2	8021001	190	0	0	0
	2905	5000	飄渺弓箭	80	8.花榮	04.武器	06.藍	00.無	(2) 體 / 智 平均	12.收集品交換	0	0	3		pc08_weapon_0071			100	2507	0	0	0	13	16	0	0	0	0	0	0	0	0	0	0	0	0	0	0	0	0	0	0	0	0	0	0	12.攻擊力 - Attack	2048	11001	2	8011001	410	0	0	0
	2906	5000	伊達男帽	80	8.花榮	01.帽子	07.紫	00.無	(3) MP / 敏 / 智	07.怪物掉寶	0	0	0		pc08_hat_0072			100	0	295	0	16	0	14	0	0	0	0	0	0	0	0	0	0	0	0	0	730	0	0	0	0	0	0	0	0	13.防禦力 - Defence	4096	21001	3	8021001	200	0	0	0
	2907	5000	伊達男長袍	80	8.花榮	02.上衣	07.紫	00.無	(3) HP / 敏 / 智	07.怪物掉寶	0	0	1		pc08_torso_0072			100	0	634	0	16	0	14	0	0	0	0	0	0	0	0	0	0	0	0	220	0	0	0	0	0	0	0	0	0	13.防禦力 - Defence	4096	21001	3	8021001	200	0	0	0
	2908	5000	伊達男鞋	80	8.花榮	03.褲子	07.紫	00.無	(3) MP / 敏 / 體	07.怪物掉寶	0	0	2		pc08_pelvis_0072			100	0	368	0	16	11	0	0	0	0	0	0	0	0	0	0	0	0	0	0	360	0	0	0	0	0	0	0	0	13.防禦力 - Defence	4096	21001	3	8021001	200	0	0	0
	2909	5000	伊達男弓箭	80	8.花榮	04.武器	07.紫	00.無	(3) HP / 體 / 智	07.怪物掉寶	0	0	3		pc08_weapon_0072			100	2918	0	0	0	11	14	0	0	0	0	0	0	0	0	0	0	0	0	110	0	0	0	0	0	0	0	0	0	12.攻擊力 - Attack	2048	11001	3	8011001	420	0	0	0
	2910	5000	浪花布帽	85	8.花榮	01.帽子	03.灰	00.無	(0) 無	07.怪物掉寶	0	0	0		pc08_hat_0080			100	0	192	0	0	0	0	0	0	0	0	0	0	0	0	0	0	0	0	0	0	0	0	0	0	0	0	0	0	13.防禦力 - Defence	4096	21001	1	10021001	200	0	0	0
	2911	5000	浪花長袍	85	8.花榮	02.上衣	03.灰	00.無	(0) 無	07.怪物掉寶	0	0	1		pc08_torso_0080			100	0	413	0	0	0	0	0	0	0	0	0	0	0	0	0	0	0	0	0	0	0	0	0	0	0	0	0	0	13.防禦力 - Defence	4096	21001	1	10021001	200	0	0	0
	2912	5000	浪花布鞋	85	8.花榮	03.褲子	03.灰	00.無	(0) 無	07.怪物掉寶	0	0	2		pc08_pelvis_0080			100	0	240	0	0	0	0	0	0	0	0	0	0	0	0	0	0	0	0	0	0	0	0	0	0	0	0	0	0	13.防禦力 - Defence	4096	21001	1	10021001	200	0	0	0
	2913	5000	浪花弓箭	85	8.花榮	04.武器	03.灰	00.無	(0) 無	07.怪物掉寶	0	0	3		pc08_weapon_0080			100	1910	0	0	0	0	0	0	0	0	0	0	0	0	0	0	0	0	0	0	0	0	0	0	0	0	0	0	0	12.攻擊力 - Attack	2048	11001	1	10011001	420	0	0	0
	2914	5000	海潮皮帽	85	8.花榮	01.帽子	04.白	00.無	(0) 無	03.商店購買	0	0	0		pc08_hat_0080			100	0	240	0	0	0	0	0	0	0	0	0	0	0	0	0	0	0	0	0	0	0	0	0	0	0	0	0	0	13.防禦力 - Defence	4096	21001	1	10021001	180	0	0	0
	2915	5000	海潮長袍	85	8.花榮	02.上衣	04.白	00.無	(0) 無	03.商店購買	0	0	1		pc08_torso_0080			100	0	516	0	0	0	0	0	0	0	0	0	0	0	0	0	0	0	0	0	0	0	0	0	0	0	0	0	0	13.防禦力 - Defence	4096	21001	1	10021001	180	0	0	0
	2916	5000	海潮皮鞋	85	8.花榮	03.褲子	04.白	00.無	(0) 無	03.商店購買	0	0	2		pc08_pelvis_0080			100	0	300	0	0	0	0	0	0	0	0	0	0	0	0	0	0	0	0	0	0	0	0	0	0	0	0	0	0	13.防禦力 - Defence	4096	21001	1	10021001	180	0	0	0
	2917	5000	海潮弓箭	85	8.花榮	04.武器	04.白	00.無	(0) 無	03.商店購買	0	0	3		pc08_weapon_0080			100	2387	0	0	0	0	0	0	0	0	0	0	0	0	0	0	0	0	0	0	0	0	0	0	0	0	0	0	0	12.攻擊力 - Attack	2048	11001	1	10011001	380	0	0	0
	2918	5000	霜雪皮帽	85	8.花榮	01.帽子	05.綠	00.無	(1) 智慧	07.怪物掉寶	0	0	0		pc08_hat_0080			100	0	258	0	0	0	20	0	0	0	0	0	0	0	0	0	0	0	0	0	0	0	0	0	0	0	0	0	0	13.防禦力 - Defence	4096	21001	2	10021001	190	0	0	0
	2919	5000	霜雪長袍	85	8.花榮	02.上衣	05.綠	00.無	(1) 最大 HP	07.怪物掉寶	0	0	1		pc08_torso_0080			100	0	555	0	0	0	0	0	0	0	0	0	0	0	0	0	0	0	0	320	0	0	0	0	0	0	0	0	0	13.防禦力 - Defence	4096	21001	2	10021001	190	0	0	0
	2920	5000	霜雪皮鞋	85	8.花榮	03.褲子	05.綠	00.無	(1) 敏捷	07.怪物掉寶	0	0	2		pc08_pelvis_0080			100	0	323	0	22	0	0	0	0	0	0	0	0	0	0	0	0	0	0	0	0	0	0	0	0	0	0	0	0	13.防禦力 - Defence	4096	21001	2	10021001	190	0	0	0
	2921	5000	霜雪弓箭	85	8.花榮	04.武器	05.綠	00.無	(1) 體能	07.怪物掉寶	0	0	3		pc08_weapon_0080			100	2570	0	0	0	15	0	0	0	0	0	0	0	0	0	0	0	0	0	0	0	0	0	0	0	0	0	0	0	12.攻擊力 - Attack	2048	11001	2	10011001	400	0	0	0
	2922	5000	雲仙靈帽	85	8.花榮	01.帽子	06.藍	00.無	(2) 敏 / 智 平均	12.收集品交換	0	0	0		pc08_hat_0080			100	0	295	0	19	0	17	0	0	0	0	0	0	0	0	0	0	0	0	0	0	0	0	0	0	0	0	0	0	13.防禦力 - Defence	4096	21001	2	10021001	190	0	0	0
	2923	5000	雲仙靈袍	85	8.花榮	02.上衣	06.藍	00.無	(2) HP / 敏	12.收集品交換	0	0	1		pc08_torso_0080			100	0	634	0	18	0	0	0	0	0	0	0	0	0	0	0	0	0	0	270	0	0	0	0	0	0	0	0	0	13.防禦力 - Defence	4096	21001	2	10021001	190	0	0	0
	2924	5000	雲仙靈鞋	85	8.花榮	03.褲子	06.藍	00.無	(2) 敏 / 體 平均	12.收集品交換	0	0	2		pc08_pelvis_0080			100	0	368	0	19	13	0	0	0	0	0	0	0	0	0	0	0	0	0	0	0	0	0	0	0	0	0	0	0	13.防禦力 - Defence	4096	21001	2	10021001	190	0	0	0
	2925	5000	雲仙弓箭	85	8.花榮	04.武器	06.藍	00.無	(2) 體 / 智 平均	12.收集品交換	0	0	3		pc08_weapon_0080			100	2918	0	0	0	13	17	0	0	0	0	0	0	0	0	0	0	0	0	0	0	0	0	0	0	0	0	0	0	12.攻擊力 - Attack	2048	11001	2	10011001	410	0	0	0
	2926	5000	回春布帽	90	8.花榮	01.帽子	03.灰	00.無	(0) 無	07.怪物掉寶	0	0	0		pc08_hat_0081			100	0	225	0	0	0	0	0	0	0	0	0	0	0	0	0	0	0	0	0	0	0	0	0	0	0	0	0	0	13.防禦力 - Defence	4096	21001	1	10021001	200	0	0	0
	2927	5000	回春長袍	90	8.花榮	02.上衣	03.灰	00.無	(0) 無	07.怪物掉寶	0	0	1		pc08_torso_0081			100	0	483	0	0	0	0	0	0	0	0	0	0	0	0	0	0	0	0	0	0	0	0	0	0	0	0	0	0	13.防禦力 - Defence	4096	21001	1	10021001	200	0	0	0
	2928	5000	回春布鞋	90	8.花榮	03.褲子	03.灰	00.無	(0) 無	07.怪物掉寶	0	0	2		pc08_pelvis_0081			100	0	281	0	0	0	0	0	0	0	0	0	0	0	0	0	0	0	0	0	0	0	0	0	0	0	0	0	0	13.防禦力 - Defence	4096	21001	1	10021001	200	0	0	0
	2929	5000	回春弓箭	90	8.花榮	04.武器	03.灰	00.無	(0) 無	07.怪物掉寶	0	0	3		pc08_weapon_0081			100	2223	0	0	0	0	0	0	0	0	0	0	0	0	0	0	0	0	0	0	0	0	0	0	0	0	0	0	0	12.攻擊力 - Attack	2048	11001	1	10011001	420	0	0	0
	2930	5000	黃昏布帽	90	8.花榮	01.帽子	04.白	00.無	(0) 無	03.商店購買	0	0	0		pc08_hat_0081			100	0	281	0	0	0	0	0	0	0	0	0	0	0	0	0	0	0	0	0	0	0	0	0	0	0	0	0	0	13.防禦力 - Defence	4096	21001	1	10021001	180	0	0	0
	2931	5000	黃昏長袍	90	8.花榮	02.上衣	04.白	00.無	(0) 無	03.商店購買	0	0	1		pc08_torso_0081			100	0	604	0	0	0	0	0	0	0	0	0	0	0	0	0	0	0	0	0	0	0	0	0	0	0	0	0	0	13.防禦力 - Defence	4096	21001	1	10021001	180	0	0	0
	2932	5000	黃昏布鞋	90	8.花榮	03.褲子	04.白	00.無	(0) 無	03.商店購買	0	0	2		pc08_pelvis_0081			100	0	351	0	0	0	0	0	0	0	0	0	0	0	0	0	0	0	0	0	0	0	0	0	0	0	0	0	0	13.防禦力 - Defence	4096	21001	1	10021001	180	0	0	0
	2933	5000	黃昏弓箭	90	8.花榮	04.武器	04.白	00.無	(0) 無	03.商店購買	0	0	3		pc08_weapon_0081			100	2779	0	0	0	0	0	0	0	0	0	0	0	0	0	0	0	0	0	0	0	0	0	0	0	0	0	0	0	12.攻擊力 - Attack	2048	11001	1	10011001	380	0	0	0
	2934	5000	黎明皮帽	90	8.花榮	01.帽子	05.綠	00.無	(1) 智慧	07.怪物掉寶	0	0	0		pc08_hat_0081			100	0	301	0	0	0	21	0	0	0	0	0	0	0	0	0	0	0	0	0	0	0	0	0	0	0	0	0	0	13.防禦力 - Defence	4096	21001	2	10021001	190	0	0	0
	2935	5000	黎明長袍	90	8.花榮	02.上衣	05.綠	00.無	(1) 最大 HP	07.怪物掉寶	0	0	1		pc08_torso_0081			100	0	647	0	0	0	0	0	0	0	0	0	0	0	0	0	0	0	0	330	0	0	0	0	0	0	0	0	0	13.防禦力 - Defence	4096	21001	2	10021001	190	0	0	0
	2936	5000	黎明皮鞋	90	8.花榮	03.褲子	05.綠	00.無	(1) 敏捷	07.怪物掉寶	0	0	2		pc08_pelvis_0081			100	0	376	0	23	0	0	0	0	0	0	0	0	0	0	0	0	0	0	0	0	0	0	0	0	0	0	0	0	13.防禦力 - Defence	4096	21001	2	10021001	190	0	0	0
	2937	5000	黎明弓箭	90	8.花榮	04.武器	05.綠	00.無	(1) 體能	07.怪物掉寶	0	0	3		pc08_weapon_0081			100	2987	0	0	0	16	0	0	0	0	0	0	0	0	0	0	0	0	0	0	0	0	0	0	0	0	0	0	0	12.攻擊力 - Attack	2048	11001	2	10011001	400	0	0	0
	2938	5000	晚霞彩帽	90	8.花榮	01.帽子	06.藍	00.無	(2) 敏 / 智 平均	12.收集品交換	0	0	0		pc08_hat_0081			100	0	343	0	20	0	18	0	0	0	0	0	0	0	0	0	0	0	0	0	0	0	0	0	0	0	0	0	0	13.防禦力 - Defence	4096	21001	2	10021001	190	0	0	0
	2939	5000	晚霞彩袍	90	8.花榮	02.上衣	06.藍	00.無	(2) HP / 敏	12.收集品交換	0	0	1		pc08_torso_0081			100	0	738	0	19	0	0	0	0	0	0	0	0	0	0	0	0	0	0	290	0	0	0	0	0	0	0	0	0	13.防禦力 - Defence	4096	21001	2	10021001	190	0	0	0
	2940	5000	晚霞彩鞋	90	8.花榮	03.褲子	06.藍	00.無	(2) 敏 / 體 平均	12.收集品交換	0	0	2		pc08_pelvis_0081			100	0	429	0	20	14	0	0	0	0	0	0	0	0	0	0	0	0	0	0	0	0	0	0	0	0	0	0	0	13.防禦力 - Defence	4096	21001	2	10021001	190	0	0	0
	2941	5000	晚霞弓箭	90	8.花榮	04.武器	06.藍	00.無	(2) 體 / 智 平均	12.收集品交換	0	0	3		pc08_weapon_0081			100	3387	0	0	0	14	18	0	0	0	0	0	0	0	0	0	0	0	0	0	0	0	0	0	0	0	0	0	0	12.攻擊力 - Attack	2048	11001	2	10011001	410	0	0	0
	2942	5000	古墓法帽	95	8.花榮	01.帽子	03.灰	00.無	(0) 無	07.怪物掉寶	0	0	0		pc08_hat_0090			100	0	262	0	0	0	0	0	0	0	0	0	0	0	0	0	0	0	0	0	0	0	0	0	0	0	0	0	0	13.防禦力 - Defence	4096	21001	1	10021001	200	0	0	0
	2943	5000	古墓法袍	95	8.花榮	02.上衣	03.灰	00.無	(0) 無	07.怪物掉寶	0	0	1		pc08_torso_0090			100	0	562	0	0	0	0	0	0	0	0	0	0	0	0	0	0	0	0	0	0	0	0	0	0	0	0	0	0	13.防禦力 - Defence	4096	21001	1	10021001	200	0	0	0
	2944	5000	古墓法鞋	95	8.花榮	03.褲子	03.灰	00.無	(0) 無	07.怪物掉寶	0	0	2		pc08_pelvis_0090			100	0	327	0	0	0	0	0	0	0	0	0	0	0	0	0	0	0	0	0	0	0	0	0	0	0	0	0	0	13.防禦力 - Defence	4096	21001	1	10021001	200	0	0	0
	2945	5000	古墓弓箭	95	8.花榮	04.武器	03.灰	00.無	(0) 無	07.怪物掉寶	0	0	3		pc08_weapon_0090			100	2580	0	0	0	0	0	0	0	0	0	0	0	0	0	0	0	0	0	0	0	0	0	0	0	0	0	0	0	12.攻擊力 - Attack	2048	11001	1	10011001	420	0	0	0
	2946	5000	符文法帽	95	8.花榮	01.帽子	04.白	00.無	(0) 無	03.商店購買	0	0	0		pc08_hat_0090			100	0	327	0	0	0	0	0	0	0	0	0	0	0	0	0	0	0	0	0	0	0	0	0	0	0	0	0	0	13.防禦力 - Defence	4096	21001	1	10021001	180	0	0	0
	2947	5000	符文法袍	95	8.花榮	02.上衣	04.白	00.無	(0) 無	03.商店購買	0	0	1		pc08_torso_0090			100	0	703	0	0	0	0	0	0	0	0	0	0	0	0	0	0	0	0	0	0	0	0	0	0	0	0	0	0	13.防禦力 - Defence	4096	21001	1	10021001	180	0	0	0
	2948	5000	符文法鞋	95	8.花榮	03.褲子	04.白	00.無	(0) 無	03.商店購買	0	0	2		pc08_pelvis_0090			100	0	409	0	0	0	0	0	0	0	0	0	0	0	0	0	0	0	0	0	0	0	0	0	0	0	0	0	0	13.防禦力 - Defence	4096	21001	1	10021001	180	0	0	0
	2949	5000	符文弓箭	95	8.花榮	04.武器	04.白	00.無	(0) 無	03.商店購買	0	0	3		pc08_weapon_0090			100	3225	0	0	0	0	0	0	0	0	0	0	0	0	0	0	0	0	0	0	0	0	0	0	0	0	0	0	0	12.攻擊力 - Attack	2048	11001	1	10011001	380	0	0	0
	2950	5000	靈界法帽	95	8.花榮	01.帽子	05.綠	00.無	(1) 智慧	07.怪物掉寶	0	0	0		pc08_hat_0090			100	0	350	0	0	0	22	0	0	0	0	0	0	0	0	0	0	0	0	0	0	0	0	0	0	0	0	0	0	13.防禦力 - Defence	4096	21001	2	10021001	190	0	0	0
	2951	5000	靈界法袍	95	8.花榮	02.上衣	05.綠	00.無	(1) 最大 HP	07.怪物掉寶	0	0	1		pc08_torso_0090			100	0	753	0	0	0	0	0	0	0	0	0	0	0	0	0	0	0	0	350	0	0	0	0	0	0	0	0	0	13.防禦力 - Defence	4096	21001	2	10021001	190	0	0	0
	2952	5000	靈界法鞋	95	8.花榮	03.褲子	05.綠	00.無	(1) 敏捷	07.怪物掉寶	0	0	2		pc08_pelvis_0090			100	0	438	0	25	0	0	0	0	0	0	0	0	0	0	0	0	0	0	0	0	0	0	0	0	0	0	0	0	13.防禦力 - Defence	4096	21001	2	10021001	190	0	0	0
	2953	5000	靈界弓箭	95	8.花榮	04.武器	05.綠	00.無	(1) 體能	07.怪物掉寶	0	0	3		pc08_weapon_0090			100	3462	0	0	0	17	0	0	0	0	0	0	0	0	0	0	0	0	0	0	0	0	0	0	0	0	0	0	0	12.攻擊力 - Attack	2048	11001	2	10011001	400	0	0	0
	2954	5000	審判法帽	95	8.花榮	01.帽子	06.藍	00.無	(2) 敏 / 智 平均	12.收集品交換	0	0	0		pc08_hat_0090			100	0	399	0	21	0	19	0	0	0	0	0	0	0	0	0	0	0	0	0	0	0	0	0	0	0	0	0	0	13.防禦力 - Defence	4096	21001	2	10021001	190	0	0	0
	2955	5000	審判法袍	95	8.花榮	02.上衣	06.藍	00.無	(2) HP / 敏	12.收集品交換	0	0	1		pc08_torso_0090			100	0	858	0	20	0	0	0	0	0	0	0	0	0	0	0	0	0	0	300	0	0	0	0	0	0	0	0	0	13.防禦力 - Defence	4096	21001	2	10021001	190	0	0	0
	2956	5000	審判法鞋	95	8.花榮	03.褲子	06.藍	00.無	(2) 敏 / 體 平均	12.收集品交換	0	0	2		pc08_pelvis_0090			100	0	499	0	21	15	0	0	0	0	0	0	0	0	0	0	0	0	0	0	0	0	0	0	0	0	0	0	0	13.防禦力 - Defence	4096	21001	2	10021001	190	0	0	0
	2957	5000	審判弓箭	95	8.花榮	04.武器	06.藍	00.無	(2) 體 / 智 平均	12.收集品交換	0	0	3		pc08_weapon_0090			100	3922	0	0	0	15	19	0	0	0	0	0	0	0	0	0	0	0	0	0	0	0	0	0	0	0	0	0	0	12.攻擊力 - Attack	2048	11001	2	10011001	410	0	0	0
	2958	5000	古鎧頭盔	99	8.花榮	01.帽子	03.灰	00.無	(0) 無	07.怪物掉寶	0	0	0		pc08_hat_0091			100	0	287	0	0	0	0	0	0	0	0	0	0	0	0	0	0	0	0	0	0	0	0	0	0	0	0	0	0	13.防禦力 - Defence	4096	21001	1	10021001	200	0	0	0
	2959	5000	古鎧戰袍	99	8.花榮	02.上衣	03.灰	00.無	(0) 無	07.怪物掉寶	0	0	1		pc08_torso_0091			100	0	616	0	0	0	0	0	0	0	0	0	0	0	0	0	0	0	0	0	0	0	0	0	0	0	0	0	0	13.防禦力 - Defence	4096	21001	1	10021001	200	0	0	0
	2960	5000	古鎧戰鞋	99	8.花榮	03.褲子	03.灰	00.無	(0) 無	07.怪物掉寶	0	0	2		pc08_pelvis_0091			100	0	358	0	0	0	0	0	0	0	0	0	0	0	0	0	0	0	0	0	0	0	0	0	0	0	0	0	0	13.防禦力 - Defence	4096	21001	1	10021001	200	0	0	0
	2961	5000	古鎧弓箭	99	8.花榮	04.武器	03.灰	00.無	(0) 無	07.怪物掉寶	0	0	3		pc08_weapon_0091			100	2835	0	0	0	0	0	0	0	0	0	0	0	0	0	0	0	0	0	0	0	0	0	0	0	0	0	0	0	12.攻擊力 - Attack	2048	11001	1	10011001	420	0	0	0
	2962	5000	侍者頭盔	99	8.花榮	01.帽子	04.白	00.無	(0) 無	03.商店購買	0	0	0		pc08_hat_0091			100	0	358	0	0	0	0	0	0	0	0	0	0	0	0	0	0	0	0	0	0	0	0	0	0	0	0	0	0	13.防禦力 - Defence	4096	21001	1	10021001	180	0	0	0
	2963	5000	侍者戰袍	99	8.花榮	02.上衣	04.白	00.無	(0) 無	03.商店購買	0	0	1		pc08_torso_0091			100	0	770	0	0	0	0	0	0	0	0	0	0	0	0	0	0	0	0	0	0	0	0	0	0	0	0	0	0	13.防禦力 - Defence	4096	21001	1	10021001	180	0	0	0
	2964	5000	侍者戰鞋	99	8.花榮	03.褲子	04.白	00.無	(0) 無	03.商店購買	0	0	2		pc08_pelvis_0091			100	0	448	0	0	0	0	0	0	0	0	0	0	0	0	0	0	0	0	0	0	0	0	0	0	0	0	0	0	13.防禦力 - Defence	4096	21001	1	10021001	180	0	0	0
	2965	5000	侍者弓箭	99	8.花榮	04.武器	04.白	00.無	(0) 無	03.商店購買	0	0	3		pc08_weapon_0091			100	3544	0	0	0	0	0	0	0	0	0	0	0	0	0	0	0	0	0	0	0	0	0	0	0	0	0	0	0	12.攻擊力 - Attack	2048	11001	1	10011001	380	0	0	0
	2966	5000	闇影頭盔	99	8.花榮	01.帽子	05.綠	00.無	(1) 智慧	07.怪物掉寶	0	0	0		pc08_hat_0091			100	0	0	0	0	0	23	0	0	0	0	0	0	0	0	0	0	0	0	0	0	0	0	0	0	0	0	0	0	13.防禦力 - Defence	4096	21001	2	10021001	190	0	0	0
	2967	5000	闇影戰袍	99	8.花榮	02.上衣	05.綠	00.無	(1) 最大 HP	07.怪物掉寶	0	0	1		pc08_torso_0091			100	0	0	0	0	0	0	0	0	0	0	0	0	0	0	0	0	0	0	360	0	0	0	0	0	0	0	0	0	13.防禦力 - Defence	4096	21001	2	10021001	190	0	0	0
	2968	5000	闇影戰鞋	99	8.花榮	03.褲子	05.綠	00.無	(1) 敏捷	07.怪物掉寶	0	0	2		pc08_pelvis_0091			100	0	0	0	26	0	0	0	0	0	0	0	0	0	0	0	0	0	0	0	0	0	0	0	0	0	0	0	0	13.防禦力 - Defence	4096	21001	2	10021001	190	0	0	0
	2969	5000	闇影弓箭	99	8.花榮	04.武器	05.綠	00.無	(1) 體能	07.怪物掉寶	0	0	3		pc08_weapon_0091			100	0	0	0	0	18	0	0	0	0	0	0	0	0	0	0	0	0	0	0	0	0	0	0	0	0	0	0	0	12.攻擊力 - Attack	2048	11001	2	10011001	400	0	0	0
	2970	5000	幻魔戰帽	99	8.花榮	01.帽子	06.藍	00.無	(2) 敏 / 智 平均	12.收集品交換	0	0	0		pc08_hat_0091			100	0	0	0	22	0	20	0	0	0	0	0	0	0	0	0	0	0	0	0	0	0	0	0	0	0	0	0	0	13.防禦力 - Defence	4096	21001	2	10021001	190	0	0	0
	2971	5000	幻魔戰袍	99	8.花榮	02.上衣	06.藍	00.無	(2) HP / 敏	12.收集品交換	0	0	1		pc08_torso_0091			100	0	0	0	21	0	0	0	0	0	0	0	0	0	0	0	0	0	0	310	0	0	0	0	0	0	0	0	0	13.防禦力 - Defence	4096	21001	2	10021001	190	0	0	0
	2972	5000	幻魔戰鞋	99	8.花榮	03.褲子	06.藍	00.無	(2) 敏 / 體 平均	12.收集品交換	0	0	2		pc08_pelvis_0091			100	0	0	0	22	15	0	0	0	0	0	0	0	0	0	0	0	0	0	0	0	0	0	0	0	0	0	0	0	13.防禦力 - Defence	4096	21001	2	10021001	190	0	0	0
	2973	5000	幻魔弓箭	99	8.花榮	04.武器	06.藍	00.無	(2) 體 / 智 平均	12.收集品交換	0	0	3		pc08_weapon_0091			100	0	0	0	0	15	20	0	0	0	0	0	0	0	0	0	0	0	0	0	0	0	0	0	0	0	0	0	0	12.攻擊力 - Attack	2048	11001	2	10011001	410	0	0	0
	2974	5000	華輪寶印帽	99	8.花榮	01.帽子	07.紫	00.無	(3) MP / 敏 / 智	07.怪物掉寶	0	0	0		pc08_hat_0092			100	0	0	0	19	0	17	0	0	0	0	0	0	0	0	0	0	0	0	0	870	0	0	0	0	0	0	0	0	13.防禦力 - Defence	4096	21001	3	10021001	200	0	0	0
	2975	5000	華輪寶印袍	99	8.花榮	02.上衣	07.紫	00.無	(3) HP / 敏 / 智	07.怪物掉寶	0	0	1		pc08_torso_0092			100	0	0	0	19	0	17	0	0	0	0	0	0	0	0	0	0	0	0	270	0	0	0	0	0	0	0	0	0	13.防禦力 - Defence	4096	21001	3	10021001	200	0	0	0
	2976	5000	華輪寶印鞋	99	8.花榮	03.褲子	07.紫	00.無	(3) MP / 敏 / 體	07.怪物掉寶	0	0	2		pc08_pelvis_0092			100	0	0	0	19	13	0	0	0	0	0	0	0	0	0	0	0	0	0	0	430	0	0	0	0	0	0	0	0	13.防禦力 - Defence	4096	21001	3	10021001	200	0	0	0
	2977	5000	華輪寶印弓箭	99	8.花榮	04.武器	07.紫	00.無	(3) HP / 體 / 智	07.怪物掉寶	0	0	3		pc08_weapon_0092			100	0	0	0	0	13	17	0	0	0	0	0	0	0	0	0	0	0	0	130	0	0	0	0	0	0	0	0	0	12.攻擊力 - Attack	2048	11001	3	10011001	420	0	0	0
# 守護神（ID 接續）																																																							
	2978	5000	普通螢火	18	0.全角色	08.守護神	04.白	00.無	(1) 最大 MP	03.商店購買	"7,320"	732	4	10101	guardian201			100	0	0	0	0	0	0	0	0	0	0	0	0	0	0	0	0	0	0	0	0	10	10	0	3	0	0	0	0			0	0	0	120	13.45	"1,614"	0.227
	2979	5000	優質螢火	18	0.全角色	08.守護神	05.綠	00.無	(2) HP / MP	07.怪物掉寶	"7,320"	366	4	10102	guardian201			100	0	0	0	0	0	0	0	0	0	0	0	0	0	0	0	0	0	0	370	380	10	10	0	3	0	0	0	0			0	0	0	130	12.42	"1,615"	0.227
	2980	5000	星光	33	0.全角色	08.守護神	07.紫	00.無	(5) HP / MP / 敏 / 體 / 智	06.GASH任務獎賞	"98,300"	"4,915"	4	10103	guardian206			100	0	0	0	12	11	12	0	0	0	0	0	0	0	0	0	0	0	0	440	470	17	17	0	5	0	0	0	0			0	0	0	130	17.79	"2,313"	2.126
	2981	5000	普通燭光	23	0.全角色	08.守護神	04.白	00.無	(1) 最大 MP	03.商店購買	"21,000"	"2,100"	4	10104	guardian202			100	0	0	0	0	0	0	0	0	0	0	0	0	0	0	0	0	0	0	0	0	12	12	0	3	0	0	0	0			0	0	0	120	15.2	"1,824"	0.576
	2982	5000	優質燭光	23	0.全角色	08.守護神	05.綠	00.無	(2) HP / MP	07.怪物掉寶	"21,000"	"1,050"	4	10105	guardian202			100	0	0	0	0	0	0	0	0	0	0	0	0	0	0	0	0	0	0	430	450	12	12	0	3	0	0	0	0			0	0	0	130	14.03	"1,824"	0.576
	2983	5000	普通魔光	28	0.全角色	08.守護神	04.白	00.無	(1) 最大 MP	03.商店購買	"48,300"	"4,830"	4	10106	guardian203			100	0	0	0	0	0	0	0	0	0	0	0	0	0	0	0	0	0	0	0	0	15	15	0	4	0	0	0	0			0	0	0	120	15.5	"1,860"	1.299
	2984	5000	布袋和尚	23	0.全角色	08.守護神	05.綠	00.無	(2) HP / 智	07.怪物掉寶	"21,000"	"1,050"	4	10107	guardian307			100	0	0	0	0	0	11	0	0	0	0	0	0	0	0	0	0	0	0	430	0	12	12	0	3	0	0	0	0			0	0	0	130	14.03	"1,824"	0.576
	2985	5000	普通精神	33	0.全角色	08.守護神	04.白	00.無	(1) 最大 MP	03.商店購買	"98,300"	"9,830"	4	10108	guardian204			100	0	0	0	0	0	0	0	0	0	0	0	0	0	0	0	0	0	0	0	0	17	17	0	5	0	0	0	0			0	0	0	120	19.27	"2,313"	2.126
	2986	5000	優質精神	33	0.全角色	08.守護神	05.綠	00.無	(2) HP / MP	07.怪物掉寶	"98,300"	"4,915"	4	10109	guardian204			100	0	0	0	0	0	0	0	0	0	0	0	0	0	0	0	0	0	0	550	570	17	17	0	5	0	0	0	0			0	0	0	130	17.79	"2,313"	2.126
	2987	5000	普通守護	38	0.全角色	08.守護神	04.白	00.無	(1) 最大 MP	03.商店購買	"181,000"	"18,100"	4	10110	guardian205			100	0	0	0	0	0	0	0	0	0	0	0	0	0	0	0	0	0	0	0	0	20	20	0	5	0	0	0	0			0	0	0	120	25.74	"3,089"	2.931
	2988	5000	福德正神	33	0.全角色	08.守護神	05.綠	00.無	(2) HP / 智	07.怪物掉寶	"98,300"	"4,915"	4	10111	guardian26			100	0	0	0	0	0	14	0	0	0	0	0	0	0	0	0	0	0	0	550	0	17	17	0	5	0	0	0	0			0	0	0	130	17.79	"2,313"	2.126
	2989	5000	祝福	43	0.全角色	08.守護神	07.紫	00.無	(5) HP / MP / 敏 / 體 / 智	06.GASH任務獎賞	"311,000"	"15,550"	4	10112	guardian209			100	0	0	0	15	14	14	0	0	0	0	0	0	0	0	0	0	0	0	530	560	22	22	0	6	0	0	0	0			0	0	0	130	31.03	"4,034"	3.855
	2990	5000	普通聖佑	43	0.全角色	08.守護神	04.白	00.無	(1) 最大 MP	03.商店購買	"311,000"	"31,100"	4	10113	guardian207			100	0	0	0	0	0	0	0	0	0	0	0	0	0	0	0	0	0	0	0	0	22	22	0	6	0	0	0	0			0	0	0	120	33.62	"4,035"	3.855
	2991	5000	優質聖佑	43	0.全角色	08.守護神	05.綠	00.無	(2) HP / MP	07.怪物掉寶	"311,000"	"15,550"	4	10114	guardian207			100	0	0	0	0	0	0	0	0	0	0	0	0	0	0	0	0	0	0	680	700	22	22	0	6	0	0	0	0			0	0	0	130	31.03	"4,034"	3.855
	2992	5000	普通光輝	48	0.全角色	08.守護神	04.白	00.無	(1) 最大 MP	03.商店購買	"508,000"	"50,800"	4	10115	guardian208			100	0	0	0	0	0	0	0	0	0	0	0	0	0	0	0	0	0	0	0	0	25	25	0	6	0	0	0	0			0	0	0	120	43.2	"5,184"	4.9
	2993	5000	媽祖娘娘	43	0.全角色	08.守護神	05.綠	00.無	(2) HP / 智	07.怪物掉寶	"311,000"	"15,550"	4	10116	guardian24			100	0	0	0	0	0	18	0	0	0	0	0	0	0	0	0	0	0	0	680	0	22	22	0	6	0	0	0	0			0	0	0	130	31.03	"4,034"	3.855
	2994	5000	普通璀璨	53	0.全角色	08.守護神	04.白	00.無	(1) 最大 MP	03.商店購買	"796,000"	"79,600"	4	10117	guardian210			100	0	0	0	0	0	0	0	0	0	0	0	0	0	0	0	0	0	0	0	0	27	27	0	7	0	0	0	0			0	0	0	120	54.73	"6,568"	6.06
	2995	5000	優質璀璨	53	0.全角色	08.守護神	05.綠	00.無	(2) HP / MP	07.怪物掉寶	"796,000"	"39,800"	4	10118	guardian210			100	0	0	0	0	0	0	0	0	0	0	0	0	0	0	0	0	0	0	800	830	27	27	0	7	0	0	0	0			0	0	0	130	50.52	"6,568"	6.06
	2996	5000	普通閃耀	58	0.全角色	08.守護神	04.白	00.無	(1) 最大 MP	03.商店購買	"1,206,000"	"120,600"	4	10119	guardian211			100	0	0	0	0	0	0	0	0	0	0	0	0	0	0	0	0	0	0	0	0	30	30	0	8	0	0	0	0			0	0	0	120	68.73	"8,248"	7.311
	2997	5000	地藏王	53	0.全角色	08.守護神	05.綠	00.無	(2) HP / 智	07.怪物掉寶	"796,000"	"39,800"	4	10120	guardian309			100	0	0	0	0	0	21	0	0	0	0	0	0	0	0	0	0	0	0	800	0	27	27	0	7	0	0	0	0			0	0	0	130	50.52	"6,568"	6.06
	2998	5000	希望	53	0.全角色	08.守護神	07.紫	00.無	(5) HP / MP / 敏 / 體 / 智	06.GASH任務獎賞	"796,000"	"39,800"	4	10121	guardian212			100	0	0	0	17	16	17	0	0	0	0	0	0	0	0	0	0	0	0	620	650	27	27	0	7	0	0	0	0			0	0	0	130	50.52	"6,568"	6.06
	2999	5000	守護神	1	0.全角色	08.守護神	01.創角	00.無	(0) 無	01.創角	0	0	4	10122	guardian00			100	0	0	0	0	0	0	0	0	0	0	0	0	0	0	0	0	0	0	0	0	1	1	0	1	0	0	0	0			0	0	0	0	0	0	0.023
	3000	5000	幸運聖靈	28	0.全角色	08.守護神	05.綠	00.無	(2) HP / MP	05.任務獎賞	"48,300"	"2,415"	4	10123	guardian106			100	0	0	0	0	0	0	0	0	0	0	0	0	0	0	0	0	0	0	490	510	15	15	0	4	0	0	0	0			0	0	0	130	14.31	"1,861"	1.299
	3001	5000	天使	48	0.全角色	08.守護神	05.綠	00.無	(2) HP / MP	05.任務獎賞	"508,000"	"25,400"	4	10124	guardian109			100	0	0	0	0	0	0	0	0	0	0	0	0	0	0	0	0	0	0	740	770	25	25	0	6	0	0	0	0			0	0	0	130	39.88	"5,185"	4.9
	3002	5000	丘比特	38	0.全角色	08.守護神	05.綠	00.無	(2) HP / MP	05.任務獎賞	"181,000"	"9,050"	4	10125	guardian108			100	0	0	0	0	0	0	0	0	0	0	0	0	0	0	0	0	0	0	620	640	20	20	0	5	0	0	0	0			0	0	0	130	23.76	"3,089"	2.931
	3003	5000	雅典娜	58	0.全角色	08.守護神	05.綠	00.無	(2) HP / MP	05.任務獎賞	"1,206,000"	"60,300"	4	10126	guardian107			100	0	0	0	0	0	0	0	0	0	0	0	0	0	0	0	0	0	0	860	890	30	30	0	8	0	0	0	0			0	0	0	130	63.45	"8,249"	7.311
	3004	5000	守護星光	28	0.全角色	08.守護神	06.藍	00.無	(5) HP / MP / 敏 / 體 / 智	04.GASH商城	"48,300"	0	4	10127	guardian203			100	0	0	0	10	9	10	0	0	0	0	0	0	0	0	0	0	0	0	360	380	15	15	0	4	0	0	0	0			0	0	0	130	14.31	"1,861"	1.299
	3005	5000	閃爍星光	33	0.全角色	08.守護神	06.藍	00.無	(5) HP / MP / 敏 / 體 / 智	04.GASH商城	"98,300"	0	4	10128	guardian204			100	0	0	0	11	10	11	0	0	0	0	0	0	0	0	0	0	0	0	400	420	17	17	0	5	0	0	0	0			0	0	0	130	17.79	"2,313"	2.126
	3006	5000	輝耀星光	38	0.全角色	08.守護神	06.藍	00.無	(5) HP / MP / 敏 / 體 / 智	04.GASH商城	"181,000"	0	4	10129	guardian205			100	0	0	0	12	11	12	0	0	0	0	0	0	0	0	0	0	0	0	440	470	20	20	0	5	0	0	0	0			0	0	0	130	23.76	"3,089"	2.931
	3007	5000	燦爛星光	43	0.全角色	08.守護神	06.藍	00.無	(5) HP / MP / 敏 / 體 / 智	04.GASH商城	"311,000"	0	4	10130	guardian207			100	0	0	0	14	13	13	0	0	0	0	0	0	0	0	0	0	0	0	490	510	22	22	0	6	0	0	0	0			0	0	0	130	31.03	"4,034"	3.855
	3008	5000	炫燦星光	48	0.全角色	08.守護神	06.藍	00.無	(5) HP / MP / 敏 / 體 / 智	04.GASH商城	"508,000"	0	4	10131	guardian208			100	0	0	0	15	14	14	0	0	0	0	0	0	0	0	0	0	0	0	530	560	25	25	0	6	0	0	0	0			0	0	0	130	39.88	"5,185"	4.9
	3009	5000	天輝星光	53	0.全角色	08.守護神	06.藍	00.無	(5) HP / MP / 敏 / 體 / 智	04.GASH商城	"796,000"	0	4	10132	guardian210			100	0	0	0	16	15	16	0	0	0	0	0	0	0	0	0	0	0	0	570	600	27	27	0	7	0	0	0	0			0	0	0	130	50.52	"6,568"	6.06
	3010	5000	天耀星光	58	0.全角色	08.守護神	06.藍	00.無	(5) HP / MP / 敏 / 體 / 智	04.GASH商城	"1,206,000"	0	4	10133	guardian211			100	0	0	0	17	16	17	0	0	0	0	0	0	0	0	0	0	0	0	620	650	30	30	0	8	0	0	0	0			0	0	0	130	63.45	"8,249"	7.311
# 裝飾型																																																							
# GM 裝備（ID 接續）																																																							
	3011	5000	GM帽--林沖	99	1.林沖	01.帽子	08.GM	00.無	(3) 敏 / 體 / 智	99.GM	0	0	9		pc01_hat_9998			100	0	41	0	0	0	0	0	0	0	0	0	0	0	0	0	0	0	0	0	0	0	0	0	0	0	0	0	0	13.防禦力 - Defence	4096	21001	3	10021001	0	0	0	0
	3012	5000	GM服--林沖	99	1.林沖	02.上衣	08.GM	00.無	(3) 敏 / 體 / 智	99.GM	0	0	10		pc01_torso_9998			100	0	88	0	0	0	0	0	0	0	0	0	0	0	0	0	0	0	0	0	0	0	0	0	0	0	0	0	0	13.防禦力 - Defence	4096	21001	3	10021001	0	0	0	0
	3013	5000	GM靴--林沖	99	1.林沖	03.褲子	08.GM	00.無	(3) 敏 / 體 / 智	99.GM	0	0	11		pc01_pelvis_9998			100	0	51	0	0	0	0	0	0	0	0	0	0	0	0	0	0	0	0	0	0	0	0	0	0	0	0	0	0	13.防禦力 - Defence	4096	21001	3	10021001	0	0	0	0
	3014	5000	GM槍--林沖	99	1.林沖	04.武器	08.GM	00.無	(3) 敏 / 體 / 智	99.GM	0	0	12		pc01_weapon_9998			100	384	0	0	0	0	0	0	0	0	0	0	0	0	0	0	0	0	0	0	0	0	0	0	0	0	0	0	0	12.攻擊力 - Attack	2048	11001	3	10011001	0	0	0	0
	3015	5000	GM帽--雷橫	99	2.雷橫	01.帽子	08.GM	00.無	(3) 敏 / 體 / 智	99.GM	0	0	9		pc02_hat_9998			100	0	42	0	0	0	0	0	0	0	0	0	0	0	0	0	0	0	0	0	0	0	0	0	0	0	0	0	0	13.防禦力 - Defence	4096	21001	3	10021001	0	0	0	0
	3016	5000	GM服--雷橫	99	2.雷橫	02.上衣	08.GM	00.無	(3) 敏 / 體 / 智	99.GM	0	0	10		pc02_torso_9998			100	0	91	0	0	0	0	0	0	0	0	0	0	0	0	0	0	0	0	0	0	0	0	0	0	0	0	0	0	13.防禦力 - Defence	4096	21001	3	10021001	0	0	0	0
	3017	5000	GM靴--雷橫	99	2.雷橫	03.褲子	08.GM	00.無	(3) 敏 / 體 / 智	99.GM	0	0	11		pc02_pelvis_9998			100	0	53	0	0	0	0	0	0	0	0	0	0	0	0	0	0	0	0	0	0	0	0	0	0	0	0	0	0	13.防禦力 - Defence	4096	21001	3	10021001	0	0	0	0
	3018	5000	GM拳套--雷橫	99	2.雷橫	04.武器	08.GM	00.無	(3) 敏 / 體 / 智	99.GM	0	0	12		pc02_weapon_9998			100	391	0	0	0	0	0	0	0	0	0	0	0	0	0	0	0	0	0	0	0	0	0	0	0	0	0	0	0	12.攻擊力 - Attack	2048	11001	3	10011001	0	0	0	0
	3019	5000	GM帽--孫二娘	99	3.孫二娘	01.帽子	08.GM	00.無	(3) 敏 / 體 / 智	99.GM	0	0	9		pc03_hat_9998			100	0	34	0	0	0	0	0	0	0	0	0	0	0	0	0	0	0	0	0	0	0	0	0	0	0	0	0	0	13.防禦力 - Defence	4096	21001	3	10021001	0	0	0	0
	3020	5000	GM服--孫二娘	99	3.孫二娘	02.上衣	08.GM	00.無	(3) 敏 / 體 / 智	99.GM	0	0	10		pc03_torso_9998			100	0	74	0	0	0	0	0	0	0	0	0	0	0	0	0	0	0	0	0	0	0	0	0	0	0	0	0	0	13.防禦力 - Defence	4096	21001	3	10021001	0	0	0	0
	3021	5000	GM靴--孫二娘	99	3.孫二娘	03.褲子	08.GM	00.無	(3) 敏 / 體 / 智	99.GM	0	0	11		pc03_pelvis_9998			100	0	43	0	0	0	0	0	0	0	0	0	0	0	0	0	0	0	0	0	0	0	0	0	0	0	0	0	0	13.防禦力 - Defence	4096	21001	3	10021001	0	0	0	0
	3022	5000	GM手杖--孫二娘	99	3.孫二娘	04.武器	08.GM	00.無	(3) 敏 / 體 / 智	99.GM	0	0	12		pc03_weapon_9998			100	369	0	0	0	0	0	0	0	0	0	0	0	0	0	0	0	0	0	0	0	0	0	0	0	0	0	0	0	12.攻擊力 - Attack	2048	11001	3	10011001	0	0	0	0
	3023	5000	GM帽--戴宗	99	4.戴宗	01.帽子	08.GM	00.無	(3) 敏 / 體 / 智	99.GM	0	0	9		pc04_hat_9998			100	0	36	0	0	0	0	0	0	0	0	0	0	0	0	0	0	0	0	0	0	0	0	0	0	0	0	0	0	13.防禦力 - Defence	4096	21001	3	10021001	0	0	0	0
	3024	5000	GM服--戴宗	99	4.戴宗	02.上衣	08.GM	00.無	(3) 敏 / 體 / 智	99.GM	0	0	10		pc04_torso_9998			100	0	77	0	0	0	0	0	0	0	0	0	0	0	0	0	0	0	0	0	0	0	0	0	0	0	0	0	0	13.防禦力 - Defence	4096	21001	3	10021001	0	0	0	0
	3025	5000	GM靴--戴宗	99	4.戴宗	03.褲子	08.GM	00.無	(3) 敏 / 體 / 智	99.GM	0	0	11		pc04_pelvis_9998			100	0	45	0	0	0	0	0	0	0	0	0	0	0	0	0	0	0	0	0	0	0	0	0	0	0	0	0	0	13.防禦力 - Defence	4096	21001	3	10021001	0	0	0	0
	3026	5000	GM徽章--戴宗	99	4.戴宗	04.武器	08.GM	00.無	(3) 敏 / 體 / 智	99.GM	0	0	12		pc04_weapon_9998			100	354	0	0	0	0	0	0	0	0	0	0	0	0	0	0	0	0	0	0	0	0	0	0	0	0	0	0	0	12.攻擊力 - Attack	2048	11001	3	10011001	0	0	0	0
	3027	5000	GM帽--史進	99	5.史進	01.帽子	08.GM	00.無	(3) 敏 / 體 / 智	99.GM	0	0	9		pc05_hat_9998			100	0	42	0	0	0	0	0	0	0	0	0	0	0	0	0	0	0	0	0	0	0	0	0	0	0	0	0	0	13.防禦力 - Defence	4096	21001	3	10021001	0	0	0	0
	3028	5000	GM服--史進	99	5.史進	02.上衣	08.GM	00.無	(3) 敏 / 體 / 智	99.GM	0	0	10		pc05_torso_9998			100	0	89	0	0	0	0	0	0	0	0	0	0	0	0	0	0	0	0	0	0	0	0	0	0	0	0	0	0	13.防禦力 - Defence	4096	21001	3	10021001	0	0	0	0
	3029	5000	GM褲--史進	99	5.史進	03.褲子	08.GM	00.無	(3) 敏 / 體 / 智	99.GM	0	0	11		pc05_pelvis_9998			100	0	52	0	0	0	0	0	0	0	0	0	0	0	0	0	0	0	0	0	0	0	0	0	0	0	0	0	0	13.防禦力 - Defence	4096	21001	3	10021001	0	0	0	0
	3030	5000	GM棍--史進	99	5.史進	04.武器	08.GM	00.無	(3) 敏 / 體 / 智	99.GM	0	0	12		pc05_weapon_9998			100	388	0	0	0	0	0	0	0	0	0	0	0	0	0	0	0	0	0	0	0	0	0	0	0	0	0	0	0	12.攻擊力 - Attack	2048	11001	3	10011001	0	0	0	0
	3031	5000	GM帽--李逵	99	6.李逵	01.帽子	08.GM	00.無	(3) 敏 / 體 / 智	99.GM	0	0	9		pc06_hat_9998			100	0	43	0	0	0	0	0	0	0	0	0	0	0	0	0	0	0	0	0	0	0	0	0	0	0	0	0	0	13.防禦力 - Defence	4096	21001	3	10021001	0	0	0	0
	3032	5000	GM服--李逵	99	6.李逵	02.上衣	08.GM	00.無	(3) 敏 / 體 / 智	99.GM	0	0	10		pc06_torso_9998			100	0	93	0	0	0	0	0	0	0	0	0	0	0	0	0	0	0	0	0	0	0	0	0	0	0	0	0	0	13.防禦力 - Defence	4096	21001	3	10021001	0	0	0	0
	3033	5000	GM褲--李逵	99	6.李逵	03.褲子	08.GM	00.無	(3) 敏 / 體 / 智	99.GM	0	0	11		pc06_pelvis_9998			100	0	54	0	0	0	0	0	0	0	0	0	0	0	0	0	0	0	0	0	0	0	0	0	0	0	0	0	0	13.防禦力 - Defence	4096	21001	3	10021001	0	0	0	0
	3034	5000	GM斧--李逵	99	6.李逵	04.武器	08.GM	00.無	(3) 敏 / 體 / 智	99.GM	0	0	12		pc06_weapon_9998			100	362	0	0	0	0	0	0	0	0	0	0	0	0	0	0	0	0	0	0	0	0	0	0	0	0	0	0	0	12.攻擊力 - Attack	2048	11001	3	10011001	0	0	0	0
	3035	5000	GM帽--顧大嫂	99	7.顧大嫂	01.帽子	08.GM	00.無	(3) 敏 / 體 / 智	99.GM	0	0	9		pc07_hat_9998			100	0	39	0	0	0	0	0	0	0	0	0	0	0	0	0	0	0	0	0	0	0	0	0	0	0	0	0	0	13.防禦力 - Defence	4096	21001	3	10021001	0	0	0	0
	3036	5000	GM服--顧大嫂	99	7.顧大嫂	02.上衣	08.GM	00.無	(3) 敏 / 體 / 智	99.GM	0	0	10		pc07_torso_9998			100	0	83	0	0	0	0	0	0	0	0	0	0	0	0	0	0	0	0	0	0	0	0	0	0	0	0	0	0	13.防禦力 - Defence	4096	21001	3	10021001	0	0	0	0
	3037	5000	GM靴--顧大嫂	99	7.顧大嫂	03.褲子	08.GM	00.無	(3) 敏 / 體 / 智	99.GM	0	0	11		pc07_pelvis_9998			100	0	48	0	0	0	0	0	0	0	0	0	0	0	0	0	0	0	0	0	0	0	0	0	0	0	0	0	0	13.防禦力 - Defence	4096	21001	3	10021001	0	0	0	0
	3038	5000	GM狼牙棒--顧大嫂	99	7.顧大嫂	04.武器	08.GM	00.無	(3) 敏 / 體 / 智	99.GM	0	0	12		pc07_weapon_9998			100	384	0	0	0	0	0	0	0	0	0	0	0	0	0	0	0	0	0	0	0	0	0	0	0	0	0	0	0	12.攻擊力 - Attack	2048	11001	3	10011001	0	0	0	0
	3039	5000	GM帽--花榮	99	8.花榮	01.帽子	08.GM	00.無	(3) 敏 / 體 / 智	99.GM	0	0	9		pc08_hat_9998			100	0	36	0	0	0	0	0	0	0	0	0	0	0	0	0	0	0	0	0	0	0	0	0	0	0	0	0	0	13.防禦力 - Defence	4096	21001	3	10021001	0	0	0	0
	3040	5000	GM面甲--花榮	99	8.花榮	02.上衣	08.GM	00.無	(3) 敏 / 體 / 智	99.GM	0	0	10		pc08_torso_9998			100	0	77	0	0	0	0	0	0	0	0	0	0	0	0	0	0	0	0	0	0	0	0	0	0	0	0	0	0	13.防禦力 - Defence	4096	21001	3	10021001	0	0	0	0
	3041	5000	GM連身甲--花榮	99	8.花榮	03.褲子	08.GM	00.無	(3) 敏 / 體 / 智	99.GM	0	0	11		pc08_pelvis_9998			100	0	45	0	0	0	0	0	0	0	0	0	0	0	0	0	0	0	0	0	0	0	0	0	0	0	0	0	0	13.防禦力 - Defence	4096	21001	3	10021001	0	0	0	0
	3042	5000	GM弓箭--花榮	99	8.花榮	04.武器	08.GM	00.無	(3) 敏 / 體 / 智	99.GM	0	0	12		pc08_weapon_9998			100	354	0	0	0	0	0	0	0	0	0	0	0	0	0	0	0	0	0	0	0	0	0	0	0	0	0	0	0	12.攻擊力 - Attack	2048	11001	3	10011001	0	0	0	0
# 戰鬥型																																																							
# 追加藍級飾品（ID 接續）																																																							
	3043	5000	特級敏捷木刻項鍊	7	0.全角色	07.項鍊	06.藍	00.無	(2) 敏主 + 體	07.怪物掉寶	270	14	7					100	20	17	0	4	3	0	0	0	0	0	0	0	0	0	0	0	0	0	0	0	0	0	0	0	0	0	0	0	06.敏捷 - Dexterity	32	31001	2	2031001	60	4.55	273	0.05
	3044	5000	特級體能木刻項鍊	7	0.全角色	07.項鍊	06.藍	00.無	(2) 體主 + 智	07.怪物掉寶	270	14	7					100	20	17	0	0	4	3	0	0	0	0	0	0	0	0	0	0	0	0	0	0	0	0	0	0	0	0	0	0	07.體質 - Constitution	64	31001	2	2031001	60	4.55	273	0.05
	3045	5000	特級智慧木刻項鍊	7	0.全角色	07.項鍊	06.藍	00.無	(2) 智主 + 敏	07.怪物掉寶	270	14	7					100	20	17	0	3	0	4	0	0	0	0	0	0	0	0	0	0	0	0	0	0	0	0	0	0	0	0	0	0			31001	2	2031001	60	4.55	273	0.05
	3046	5000	特級敏捷石雕項鍊	12	0.全角色	07.項鍊	06.藍	00.無	(2) 敏主 + 體	07.怪物掉寶	"1,000"	50	7					100	28	24	0	5	4	0	0	0	0	0	0	0	0	0	0	0	0	0	0	0	0	0	0	0	0	0	0	0	06.敏捷 - Dexterity	32	31001	2	2031001	60	8.9	534	0.094
	3047	5000	特級體能石雕項鍊	12	0.全角色	07.項鍊	06.藍	00.無	(2) 體主 + 智	07.怪物掉寶	"1,000"	50	7					100	28	24	0	0	5	4	0	0	0	0	0	0	0	0	0	0	0	0	0	0	0	0	0	0	0	0	0	0	07.體質 - Constitution	64	31001	2	2031001	60	8.9	534	0.094
	3048	5000	特級智慧石雕項鍊	12	0.全角色	07.項鍊	06.藍	00.無	(2) 智主 + 敏	07.怪物掉寶	"1,000"	50	7					100	28	24	0	4	0	5	0	0	0	0	0	0	0	0	0	0	0	0	0	0	0	0	0	0	0	0	0	0			31001	2	2031001	60	8.9	534	0.094
	3049	5000	特級敏捷鐵製項鍊	17	0.全角色	07.項鍊	06.藍	00.無	(2) 敏主 + 體	07.怪物掉寶	"3,660"	183	7					100	38	32	0	6	5	0	0	0	0	0	0	0	0	0	0	0	0	0	0	0	0	0	0	0	0	0	0	0	06.敏捷 - Dexterity	32	31001	2	2031001	60	16.21	973	0.189
	3050	5000	特級體能鐵製項鍊	17	0.全角色	07.項鍊	06.藍	00.無	(2) 體主 + 智	07.怪物掉寶	"3,660"	183	7					100	38	32	0	0	6	5	0	0	0	0	0	0	0	0	0	0	0	0	0	0	0	0	0	0	0	0	0	0	07.體質 - Constitution	64	31001	2	2031001	60	16.21	973	0.189
	3051	5000	特級智慧鐵製項鍊	17	0.全角色	07.項鍊	06.藍	00.無	(2) 智主 + 敏	07.怪物掉寶	"3,660"	183	7					100	38	32	0	5	0	6	0	0	0	0	0	0	0	0	0	0	0	0	0	0	0	0	0	0	0	0	0	0			31001	2	2031001	60	16.21	973	0.189
	3052	5000	特級敏捷銅鑄項鍊	22	0.全角色	07.項鍊	06.藍	00.無	(2) 敏主 + 體	07.怪物掉寶	"10,500"	525	7					100	49	40	0	7	5	0	0	0	0	0	0	0	0	0	0	0	0	0	0	0	0	0	0	0	0	0	0	0	06.敏捷 - Dexterity	32	31001	2	4031001	60	18.53	"1,112"	0.473
	3053	5000	特級體能銅鑄項鍊	22	0.全角色	07.項鍊	06.藍	00.無	(2) 體主 + 智	07.怪物掉寶	"10,500"	525	7					100	49	40	0	0	7	5	0	0	0	0	0	0	0	0	0	0	0	0	0	0	0	0	0	0	0	0	0	0	07.體質 - Constitution	64	31001	2	4031001	60	18.53	"1,112"	0.473
	3054	5000	特級智慧銅鑄項鍊	22	0.全角色	07.項鍊	06.藍	00.無	(2) 智主 + 敏	07.怪物掉寶	"10,500"	525	7					100	49	40	0	5	0	7	0	0	0	0	0	0	0	0	0	0	0	0	0	0	0	0	0	0	0	0	0	0			31001	2	4031001	60	18.53	"1,112"	0.473
	3055	5000	特級敏捷銀製項鍊	27	0.全角色	07.項鍊	06.藍	00.無	(2) 敏主 + 體	07.怪物掉寶	"24,100"	"1,205"	7					100	63	48	0	8	6	0	0	0	0	0	0	0	0	0	0	0	0	0	0	0	0	0	0	0	0	0	0	0	06.敏捷 - Dexterity	32	31001	2	4031001	60	17.78	"1,067"	1.13
	3056	5000	特級體能銀製項鍊	27	0.全角色	07.項鍊	06.藍	00.無	(2) 體主 + 智	07.怪物掉寶	"24,100"	"1,205"	7					100	63	48	0	0	8	6	0	0	0	0	0	0	0	0	0	0	0	0	0	0	0	0	0	0	0	0	0	0	07.體質 - Constitution	64	31001	2	4031001	60	17.78	"1,067"	1.13
	3057	5000	特級智慧銀製項鍊	27	0.全角色	07.項鍊	06.藍	00.無	(2) 智主 + 敏	07.怪物掉寶	"24,100"	"1,205"	7					100	63	48	0	6	0	8	0	0	0	0	0	0	0	0	0	0	0	0	0	0	0	0	0	0	0	0	0	0	08.智力 - Intelligence	128	31001	2	4031001	60	17.78	"1,067"	1.13
	3058	5000	特級敏捷金製項鍊	32	0.全角色	07.項鍊	06.藍	00.無	(2) 敏主 + 體	07.怪物掉寶	"49,100"	"2,455"	7					100	79	58	0	9	7	0	0	0	0	0	0	0	0	0	0	0	0	0	0	0	0	0	0	0	0	0	0	0	06.敏捷 - Dexterity	32	31001	2	4031001	60	20.7	"1,242"	1.977
	3059	5000	特級體能金製項鍊	32	0.全角色	07.項鍊	06.藍	00.無	(2) 體主 + 智	07.怪物掉寶	"49,100"	"2,455"	7					100	79	58	0	0	9	7	0	0	0	0	0	0	0	0	0	0	0	0	0	0	0	0	0	0	0	0	0	0	07.體質 - Constitution	64	31001	2	4031001	60	20.7	"1,242"	1.977
	3060	5000	特級智慧金製項鍊	32	0.全角色	07.項鍊	06.藍	00.無	(2) 智主 + 敏	07.怪物掉寶	"49,100"	"2,455"	7					100	79	58	0	7	0	9	0	0	0	0	0	0	0	0	0	0	0	0	0	0	0	0	0	0	0	0	0	0	08.智力 - Intelligence	128	31001	2	4031001	60	20.7	"1,242"	1.977
	3061	5000	特級敏捷白金項鍊	37	0.全角色	07.項鍊	06.藍	00.無	(2) 敏主 + 體	07.怪物掉寶	"90,500"	"4,525"	7					100	97	67	0	10	8	0	0	0	0	0	0	0	0	0	0	0	0	0	0	0	0	0	0	0	0	0	0	0	06.敏捷 - Dexterity	32	31001	2	4031001	60	27.33	"1,640"	2.76
	3062	5000	特級體能白金項鍊	37	0.全角色	07.項鍊	06.藍	00.無	(2) 體主 + 智	07.怪物掉寶	"90,500"	"4,525"	7					100	97	67	0	0	10	8	0	0	0	0	0	0	0	0	0	0	0	0	0	0	0	0	0	0	0	0	0	0	07.體質 - Constitution	64	31001	2	4031001	60	27.33	"1,640"	2.76
	3063	5000	特級智慧白金項鍊	37	0.全角色	07.項鍊	06.藍	00.無	(2) 智主 + 敏	07.怪物掉寶	"90,500"	"4,525"	7					100	97	67	0	8	0	10	0	0	0	0	0	0	0	0	0	0	0	0	0	0	0	0	0	0	0	0	0	0	08.智力 - Intelligence	128	31001	2	4031001	60	27.33	"1,640"	2.76
	3064	5000	特級敏捷珍珠項鍊	42	0.全角色	07.項鍊	06.藍	00.無	(2) 敏主 + 體	07.怪物掉寶	"156,000"	"7,800"	7					100	118	77	0	11	8	0	0	0	0	0	0	0	0	0	0	0	0	0	0	0	0	0	0	0	0	0	0	0	06.敏捷 - Dexterity	32	31001	2	6031001	60	35.49	"2,130"	3.663
	3065	5000	特級體能珍珠項鍊	42	0.全角色	07.項鍊	06.藍	00.無	(2) 體主 + 智	07.怪物掉寶	"156,000"	"7,800"	7					100	118	77	0	0	11	8	0	0	0	0	0	0	0	0	0	0	0	0	0	0	0	0	0	0	0	0	0	0	07.體質 - Constitution	64	31001	2	6031001	60	35.49	"2,130"	3.663
	3066	5000	特級智慧珍珠項鍊	42	0.全角色	07.項鍊	06.藍	00.無	(2) 智主 + 敏	07.怪物掉寶	"156,000"	"7,800"	7					100	118	77	0	8	0	11	0	0	0	0	0	0	0	0	0	0	0	0	0	0	0	0	0	0	0	0	0	0	08.智力 - Intelligence	128	31001	2	6031001	60	35.49	"2,130"	3.663
	3067	5000	特級敏捷瑪瑙項鍊	47	0.全角色	07.項鍊	06.藍	00.無	(2) 敏主 + 體	07.怪物掉寶	"254,000"	"12,700"	7					100	143	88	0	12	9	0	0	0	0	0	0	0	0	0	0	0	0	0	0	0	0	0	0	0	0	0	0	0	06.敏捷 - Dexterity	32	31001	2	6031001	60	45.21	"2,713"	4.682
	3068	5000	特級體能瑪瑙項鍊	47	0.全角色	07.項鍊	06.藍	00.無	(2) 體主 + 智	07.怪物掉寶	"254,000"	"12,700"	7					100	143	88	0	0	12	9	0	0	0	0	0	0	0	0	0	0	0	0	0	0	0	0	0	0	0	0	0	0	07.體質 - Constitution	64	31001	2	6031001	60	45.21	"2,713"	4.682
	3069	5000	特級智慧瑪瑙項鍊	47	0.全角色	07.項鍊	06.藍	00.無	(2) 智主 + 敏	07.怪物掉寶	"254,000"	"12,700"	7					100	143	88	0	9	0	12	0	0	0	0	0	0	0	0	0	0	0	0	0	0	0	0	0	0	0	0	0	0	08.智力 - Intelligence	128	31001	2	6031001	60	45.21	"2,713"	4.682
	3070	5000	特級敏捷琥珀項鍊	52	0.全角色	07.項鍊	06.藍	00.無	(2) 敏主 + 體	07.怪物掉寶	"398,000"	"19,900"	7					100	172	98	0	13	10	0	0	0	0	0	0	0	0	0	0	0	0	0	0	0	0	0	0	0	0	0	0	0	06.敏捷 - Dexterity	32	31001	2	6031001	60	57.02	"3,422"	5.817
	3071	5000	特級體能琥珀項鍊	52	0.全角色	07.項鍊	06.藍	00.無	(2) 體主 + 智	07.怪物掉寶	"398,000"	"19,900"	7					100	172	98	0	0	13	10	0	0	0	0	0	0	0	0	0	0	0	0	0	0	0	0	0	0	0	0	0	0	07.體質 - Constitution	64	31001	2	6031001	60	57.02	"3,422"	5.817
	3072	5000	特級智慧琥珀項鍊	52	0.全角色	07.項鍊	06.藍	00.無	(2) 智主 + 敏	07.怪物掉寶	"398,000"	"19,900"	7					100	172	98	0	10	0	13	0	0	0	0	0	0	0	0	0	0	0	0	0	0	0	0	0	0	0	0	0	0	08.智力 - Intelligence	128	31001	2	6031001	60	57.02	"3,422"	5.817
	3073	5000	特級敏捷鑽石項鍊	57	0.全角色	07.項鍊	06.藍	00.無	(2) 敏主 + 體	07.怪物掉寶	"603,000"	"30,150"	7					100	204	109	0	14	11	0	0	0	0	0	0	0	0	0	0	0	0	0	0	0	0	0	0	0	0	0	0	0	06.敏捷 - Dexterity	32	31001	2	6031001	60	71.24	"4,275"	7.054
	3074	5000	特級體能鑽石項鍊	57	0.全角色	07.項鍊	06.藍	00.無	(2) 體主 + 智	07.怪物掉寶	"603,000"	"30,150"	7					100	204	109	0	0	14	11	0	0	0	0	0	0	0	0	0	0	0	0	0	0	0	0	0	0	0	0	0	0	07.體質 - Constitution	64	31001	2	6031001	60	71.24	"4,275"	7.054
	3075	5000	特級智慧鑽石項鍊	57	0.全角色	07.項鍊	06.藍	00.無	(2) 智主 + 敏	07.怪物掉寶	"603,000"	"30,150"	7					100	204	109	0	11	0	14	0	0	0	0	0	0	0	0	0	0	0	0	0	0	0	0	0	0	0	0	0	0	08.智力 - Intelligence	128	31001	2	6031001	60	71.24	"4,275"	7.054
	3076	5000	特級敏捷鳴嵐項鍊	62	0.全角色	07.項鍊	06.藍	00.無	(2) 敏主 + 體	07.怪物掉寶	"890,000"	44500	7					100	242	119	0	15	11	0	0	0	0	0	0	0	0	0	0	0	0	0	0	0	0	0	0	0	0	0	0	0	06.敏捷 - Dexterity	32	31001	2	8031001	60	88.12	"5,288"	8.417
	3077	5000	特級體能鳴嵐項鍊	62	0.全角色	07.項鍊	06.藍	00.無	(2) 體主 + 智	07.怪物掉寶	"890,000"	44500	7					100	242	119	0	0	15	11	0	0	0	0	0	0	0	0	0	0	0	0	0	0	0	0	0	0	0	0	0	0	07.體質 - Constitution	64	31001	2	8031001	60	88.12	"5,288"	8.417
	3078	5000	特級智慧鳴嵐項鍊	62	0.全角色	07.項鍊	06.藍	00.無	(2) 智主 + 敏	07.怪物掉寶	"890,000"	44500	7					100	242	119	0	11	0	15	0	0	0	0	0	0	0	0	0	0	0	0	0	0	0	0	0	0	0	0	0	0	08.智力 - Intelligence	128	31001	2	8031001	60	88.12	"5,288"	8.417
	3079	5000	特級敏捷玄天項鍊	67	0.全角色	07.項鍊	06.藍	00.無	(2) 敏主 + 體	07.怪物掉寶	"1,020,000"	51000	7					100	286	128	0	16	12	0	0	0	0	0	0	0	0	0	0	0	0	0	0	0	0	0	0	0	0	0	0	0	06.敏捷 - Dexterity	32	31001	2	8031001	60	84.86	"5,092"	10.016
	3080	5000	特級體能玄天項鍊	67	0.全角色	07.項鍊	06.藍	00.無	(2) 體主 + 智	07.怪物掉寶	"1,020,000"	51000	7					100	286	128	0	0	16	12	0	0	0	0	0	0	0	0	0	0	0	0	0	0	0	0	0	0	0	0	0	0	07.體質 - Constitution	64	31001	2	8031001	60	84.86	"5,092"	10.016
	3081	5000	特級智慧玄天項鍊	67	0.全角色	07.項鍊	06.藍	00.無	(2) 智主 + 敏	07.怪物掉寶	"1,020,000"	51000	7					100	286	128	0	12	0	16	0	0	0	0	0	0	0	0	0	0	0	0	0	0	0	0	0	0	0	0	0	0	08.智力 - Intelligence	128	31001	2	8031001	60	84.86	"5,092"	10.016
	3082	5000	特級敏捷法皇項鍊	72	0.全角色	07.項鍊	06.藍	00.無	(2) 敏主 + 體	07.怪物掉寶	0	0	7					100	335	152	0	17	13	0	0	0	0	0	0	0	0	0	0	0	0	0	0	0	0	0	0	0	0	0	0	0	06.敏捷 - Dexterity	32	31001	2	8031001	60	0	0	0
	3083	5000	特級體能法皇項鍊	72	0.全角色	07.項鍊	06.藍	00.無	(2) 體主 + 智	07.怪物掉寶	0	0	7					100	335	152	0	0	17	13	0	0	0	0	0	0	0	0	0	0	0	0	0	0	0	0	0	0	0	0	0	0	07.體質 - Constitution	64	31001	2	8031001	60	0	0	0
	3084	5000	特級智慧法皇項鍊	72	0.全角色	07.項鍊	06.藍	00.無	(2) 智主 + 敏	07.怪物掉寶	0	0	7					100	335	152	0	13	0	17	0	0	0	0	0	0	0	0	0	0	0	0	0	0	0	0	0	0	0	0	0	0	08.智力 - Intelligence	128	31001	2	8031001	60	0	0	0
	3085	5000	特級敏捷希亞項鍊	77	0.全角色	07.項鍊	06.藍	00.無	(2) 敏主 + 體	07.怪物掉寶	0	0	7					100	392	179	0	18	14	0	0	0	0	0	0	0	0	0	0	0	0	0	0	0	0	0	0	0	0	0	0	0	06.敏捷 - Dexterity	32	31001	2	8031001	60	0	0	0
	3086	5000	特級體能希亞項鍊	77	0.全角色	07.項鍊	06.藍	00.無	(2) 體主 + 智	07.怪物掉寶	0	0	7					100	392	179	0	0	18	14	0	0	0	0	0	0	0	0	0	0	0	0	0	0	0	0	0	0	0	0	0	0	07.體質 - Constitution	64	31001	2	8031001	60	0	0	0
	3087	5000	特級智慧希亞項鍊	77	0.全角色	07.項鍊	06.藍	00.無	(2) 智主 + 敏	07.怪物掉寶	0	0	7					100	392	179	0	14	0	18	0	0	0	0	0	0	0	0	0	0	0	0	0	0	0	0	0	0	0	0	0	0	08.智力 - Intelligence	128	31001	2	8031001	60	0	0	0
	3088	5000	特級敏捷聖御項鍊	82	0.全角色	07.項鍊	06.藍	00.無	(2) 敏主 + 體	07.怪物掉寶	0	0	7					100	457	210	0	19	14	0	0	0	0	0	0	0	0	0	0	0	0	0	0	0	0	0	0	0	0	0	0	0	06.敏捷 - Dexterity	32	31001	2	10031001	60	0	0	0
	3089	5000	特級體能聖御項鍊	82	0.全角色	07.項鍊	06.藍	00.無	(2) 體主 + 智	07.怪物掉寶	0	0	7					100	457	210	0	0	19	14	0	0	0	0	0	0	0	0	0	0	0	0	0	0	0	0	0	0	0	0	0	0	07.體質 - Constitution	64	31001	2	10031001	60	0	0	0
	3090	5000	特級智慧聖御項鍊	82	0.全角色	07.項鍊	06.藍	00.無	(2) 智主 + 敏	07.怪物掉寶	0	0	7					100	457	210	0	14	0	19	0	0	0	0	0	0	0	0	0	0	0	0	0	0	0	0	0	0	0	0	0	0	08.智力 - Intelligence	128	31001	2	10031001	60	0	0	0
	3091	5000	特級敏捷次元項鍊	87	0.全角色	07.項鍊	06.藍	00.無	(2) 敏主 + 體	07.怪物掉寶	0	0	7					100	532	245	0	20	15	0	0	0	0	0	0	0	0	0	0	0	0	0	0	0	0	0	0	0	0	0	0	0	06.敏捷 - Dexterity	32	31001	2	10031001	60	0	0	0
	3092	5000	特級體能次元項鍊	87	0.全角色	07.項鍊	06.藍	00.無	(2) 體主 + 智	07.怪物掉寶	0	0	7					100	532	245	0	0	20	15	0	0	0	0	0	0	0	0	0	0	0	0	0	0	0	0	0	0	0	0	0	0	07.體質 - Constitution	64	31001	2	10031001	60	0	0	0
	3093	5000	特級智慧次元項鍊	87	0.全角色	07.項鍊	06.藍	00.無	(2) 智主 + 敏	07.怪物掉寶	0	0	7					100	532	245	0	15	0	20	0	0	0	0	0	0	0	0	0	0	0	0	0	0	0	0	0	0	0	0	0	0	08.智力 - Intelligence	128	31001	2	10031001	60	0	0	0
	3094	5000	特級敏捷魔瞳項鍊	92	0.全角色	07.項鍊	06.藍	00.無	(2) 敏主 + 體	07.怪物掉寶	0	0	7					100	616	286	0	21	16	0	0	0	0	0	0	0	0	0	0	0	0	0	0	0	0	0	0	0	0	0	0	0	06.敏捷 - Dexterity	32	31001	2	10031001	60	0	0	0
	3095	5000	特級體能魔瞳項鍊	92	0.全角色	07.項鍊	06.藍	00.無	(2) 體主 + 智	07.怪物掉寶	0	0	7					100	616	286	0	0	21	16	0	0	0	0	0	0	0	0	0	0	0	0	0	0	0	0	0	0	0	0	0	0	07.體質 - Constitution	64	31001	2	10031001	60	0	0	0
	3096	5000	特級智慧魔瞳項鍊	92	0.全角色	07.項鍊	06.藍	00.無	(2) 智主 + 敏	07.怪物掉寶	0	0	7					100	616	286	0	16	0	21	0	0	0	0	0	0	0	0	0	0	0	0	0	0	0	0	0	0	0	0	0	0	08.智力 - Intelligence	128	31001	2	10031001	60	0	0	0
	3097	5000	特級敏捷極樂項鍊	97	0.全角色	07.項鍊	06.藍	00.無	(2) 敏主 + 體	07.怪物掉寶	0	0	7					100	0	0	0	22	17	0	0	0	0	0	0	0	0	0	0	0	0	0	0	0	0	0	0	0	0	0	0	0	06.敏捷 - Dexterity	32	31001	2	10031001	60	0	0	0
	3098	5000	特級體能極樂項鍊	97	0.全角色	07.項鍊	06.藍	00.無	(2) 體主 + 智	07.怪物掉寶	0	0	7					100	0	0	0	0	22	17	0	0	0	0	0	0	0	0	0	0	0	0	0	0	0	0	0	0	0	0	0	0	07.體質 - Constitution	64	31001	2	10031001	60	0	0	0
	3099	5000	特級智慧極樂項鍊	97	0.全角色	07.項鍊	06.藍	00.無	(2) 智主 + 敏	07.怪物掉寶	0	0	7					100	0	0	0	17	0	22	0	0	0	0	0	0	0	0	0	0	0	0	0	0	0	0	0	0	0	0	0	0	08.智力 - Intelligence	128	31001	2	10031001	60	0	0	0
	3100	5000	特級地防木刻手環	7	0.全角色	06.手環	06.藍	01.地	(2) 敏 / 體 平均	05.任務獎賞	360	18	6					100	0	0	0	4	3	0	0	0	0	0	0	0	0	0	40	32	26	26	0	0	0	0	0	0	0	0	0	0	18.地防 - Unground	131072	31001	2	2031001	60	6.07	365	0.05
	3101	5000	特級水防木刻手環	7	0.全角色	06.手環	06.藍	02.水	(2) 敏 / 體 平均	07.怪物掉寶	360	18	6					100	0	0	0	4	3	0	0	0	0	0	0	0	0	0	26	40	32	26	0	0	0	0	0	0	0	0	0	0	19.水防 - Unwater	262144	31001	2	2031001	60	6.07	365	0.05
	3102	5000	特級火防木刻手環	7	0.全角色	06.手環	06.藍	03.火	(2) 敏 / 體 平均	07.怪物掉寶	360	18	6					100	0	0	0	4	3	0	0	0	0	0	0	0	0	0	26	26	40	32	0	0	0	0	0	0	0	0	0	0	20.火防 - Unfire	524288	31001	2	2031001	60	6.07	365	0.05
	3103	5000	特級風防木刻手環	7	0.全角色	06.手環	06.藍	04.風	(2) 敏 / 體 平均	07.怪物掉寶	360	18	6					100	0	0	0	4	3	0	0	0	0	0	0	0	0	0	32	26	26	40	0	0	0	0	0	0	0	0	0	0	21.風防 - Unwind	1048576	31001	2	2031001	60	6.07	365	0.05
	3104	5000	特級地防石雕手環	12	0.全角色	06.手環	06.藍	01.地	(2) 敏 / 體 平均	07.怪物掉寶	"1,330"	67	6					100	0	0	0	4	4	0	0	0	0	0	0	0	0	0	56	45	37	37	0	0	0	0	0	0	0	0	0	0	18.地防 - Unground	131072	31001	2	2031001	60	11.83	710	0.094
	3105	5000	特級水防石雕手環	12	0.全角色	06.手環	06.藍	02.水	(2) 敏 / 體 平均	07.怪物掉寶	"1,330"	67	6					100	0	0	0	4	4	0	0	0	0	0	0	0	0	0	37	56	45	37	0	0	0	0	0	0	0	0	0	0	19.水防 - Unwater	262144	31001	2	2031001	60	11.83	710	0.094
	3106	5000	特級火防石雕手環	12	0.全角色	06.手環	06.藍	03.火	(2) 敏 / 體 平均	05.任務獎賞	"1,330"	67	6					100	0	0	0	4	4	0	0	0	0	0	0	0	0	0	37	37	56	45	0	0	0	0	0	0	0	0	0	0	20.火防 - Unfire	524288	31001	2	2031001	60	11.83	710	0.094
	3107	5000	特級風防石雕手環	12	0.全角色	06.手環	06.藍	04.風	(2) 敏 / 體 平均	07.怪物掉寶	"1,330"	67	6					100	0	0	0	4	4	0	0	0	0	0	0	0	0	0	45	37	37	56	0	0	0	0	0	0	0	0	0	0	21.風防 - Unwind	1048576	31001	2	2031001	60	11.83	710	0.094
	3108	5000	特級地防鐵製手環	17	0.全角色	06.手環	06.藍	01.地	(2) 敏 / 體 平均	05.任務獎賞	"4,880"	244	6					100	0	0	0	5	5	0	0	0	0	0	0	0	0	0	76	60	50	50	0	0	0	0	0	0	0	0	0	0	18.地防 - Unground	131072	31001	2	2031001	60	21.61	"1,297"	0.189
	3109	5000	特級水防鐵製手環	17	0.全角色	06.手環	06.藍	02.水	(2) 敏 / 體 平均	07.怪物掉寶	"4,880"	244	6					100	0	0	0	5	5	0	0	0	0	0	0	0	0	0	50	76	60	50	0	0	0	0	0	0	0	0	0	0	19.水防 - Unwater	262144	31001	2	2031001	60	21.61	"1,297"	0.189
	3110	5000	特級火防鐵製手環	17	0.全角色	06.手環	06.藍	03.火	(2) 敏 / 體 平均	07.怪物掉寶	"4,880"	244	6					100	0	0	0	5	5	0	0	0	0	0	0	0	0	0	50	50	76	60	0	0	0	0	0	0	0	0	0	0	20.火防 - Unfire	524288	31001	2	2031001	60	21.61	"1,297"	0.189
	3111	5000	特級風防鐵製手環	17	0.全角色	06.手環	06.藍	04.風	(2) 敏 / 體 平均	07.怪物掉寶	"4,880"	244	6					100	0	0	0	5	5	0	0	0	0	0	0	0	0	0	60	50	50	76	0	0	0	0	0	0	0	0	0	0	21.風防 - Unwind	1048576	31001	2	2031001	60	21.61	"1,297"	0.189
	3112	5000	特級地防銅鑄手環	22	0.全角色	06.手環	06.藍	01.地	(2) 敏 / 體 平均	07.怪物掉寶	"14,000"	700	6					100	0	0	0	6	6	0	0	0	0	0	0	0	0	0	99	79	66	66	0	0	0	0	0	0	0	0	0	0	18.地防 - Unground	131072	31001	2	4031001	60	24.71	"1,483"	0.473
	3113	5000	特級水防銅鑄手環	22	0.全角色	06.手環	06.藍	02.水	(2) 敏 / 體 平均	07.怪物掉寶	"14,000"	700	6					100	0	0	0	6	6	0	0	0	0	0	0	0	0	0	66	99	79	66	0	0	0	0	0	0	0	0	0	0	19.水防 - Unwater	262144	31001	2	4031001	60	24.71	"1,483"	0.473
	3114	5000	特級火防銅鑄手環	22	0.全角色	06.手環	06.藍	03.火	(2) 敏 / 體 平均	05.任務獎賞	"14,000"	700	6					100	0	0	0	6	6	0	0	0	0	0	0	0	0	0	66	66	99	79	0	0	0	0	0	0	0	0	0	0	20.火防 - Unfire	524288	31001	2	4031001	60	24.71	"1,483"	0.473
	3115	5000	特級風防銅鑄手環	22	0.全角色	06.手環	06.藍	04.風	(2) 敏 / 體 平均	07.怪物掉寶	"14,000"	700	6					100	0	0	0	6	6	0	0	0	0	0	0	0	0	0	79	66	66	99	0	0	0	0	0	0	0	0	0	0	21.風防 - Unwind	1048576	31001	2	4031001	60	24.71	"1,483"	0.473
	3116	5000	特級地防銀製手環	27	0.全角色	06.手環	06.藍	01.地	(2) 敏 / 體 平均	05.任務獎賞	"32,200"	"1,610"	6					100	0	0	0	7	7	0	0	0	0	0	0	0	0	0	126	101	84	84	0	0	0	0	0	0	0	0	0	0	18.地防 - Unground	131072	31001	2	4031001	60	23.75	"1,425"	1.13
	3117	5000	特級水防銀製手環	27	0.全角色	06.手環	06.藍	02.水	(2) 敏 / 體 平均	07.怪物掉寶	"32,200"	"1,610"	6					100	0	0	0	7	7	0	0	0	0	0	0	0	0	0	84	126	101	84	0	0	0	0	0	0	0	0	0	0	19.水防 - Unwater	262144	31001	2	4031001	60	23.75	"1,425"	1.13
	3118	5000	特級火防銀製手環	27	0.全角色	06.手環	06.藍	03.火	(2) 敏 / 體 平均	07.怪物掉寶	"32,200"	"1,610"	6					100	0	0	0	7	7	0	0	0	0	0	0	0	0	0	84	84	126	101	0	0	0	0	0	0	0	0	0	0	20.火防 - Unfire	524288	31001	2	4031001	60	23.75	"1,425"	1.13
	3119	5000	特級風防銀製手環	27	0.全角色	06.手環	06.藍	04.風	(2) 敏 / 體 平均	07.怪物掉寶	"32,200"	"1,610"	6					100	0	0	0	7	7	0	0	0	0	0	0	0	0	0	101	84	84	126	0	0	0	0	0	0	0	0	0	0	21.風防 - Unwind	1048576	31001	2	4031001	60	23.75	"1,425"	1.13
	3120	5000	特級地防金製手環	32	0.全角色	06.手環	06.藍	01.地	(2) 敏 / 體 平均	07.怪物掉寶	"65,500"	"3,275"	6					100	0	0	0	8	7	0	0	0	0	0	0	0	0	0	158	126	105	105	0	0	0	0	0	0	0	0	0	0	18.地防 - Unground	131072	31001	2	4031001	60	27.62	"1,658"	1.977
	3121	5000	特級水防金製手環	32	0.全角色	06.手環	06.藍	02.水	(2) 敏 / 體 平均	07.怪物掉寶	"65,500"	"3,275"	6					100	0	0	0	8	7	0	0	0	0	0	0	0	0	0	105	158	126	105	0	0	0	0	0	0	0	0	0	0	19.水防 - Unwater	262144	31001	2	4031001	60	27.62	"1,658"	1.977
	3122	5000	特級火防金製手環	32	0.全角色	06.手環	06.藍	03.火	(2) 敏 / 體 平均	05.任務獎賞	"65,500"	"3,275"	6					100	0	0	0	8	7	0	0	0	0	0	0	0	0	0	105	105	158	126	0	0	0	0	0	0	0	0	0	0	20.火防 - Unfire	524288	31001	2	4031001	60	27.62	"1,658"	1.977
	3123	5000	特級風防金製手環	32	0.全角色	06.手環	06.藍	04.風	(2) 敏 / 體 平均	07.怪物掉寶	"65,500"	"3,275"	6					100	0	0	0	8	7	0	0	0	0	0	0	0	0	0	126	105	105	158	0	0	0	0	0	0	0	0	0	0	21.風防 - Unwind	1048576	31001	2	4031001	60	27.62	"1,658"	1.977
	3124	5000	特級地防白金手環	37	0.全角色	06.手環	06.藍	01.地	(2) 敏 / 體 平均	05.任務獎賞	"120,700"	"6,035"	6					100	0	0	0	9	8	0	0	0	0	0	0	0	0	0	194	155	130	130	0	0	0	0	0	0	0	0	0	0	18.地防 - Unground	131072	31001	2	4031001	60	36.45	"2,187"	2.76
	3125	5000	特級水防白金手環	37	0.全角色	06.手環	06.藍	02.水	(2) 敏 / 體 平均	07.怪物掉寶	"120,700"	"6,035"	6					100	0	0	0	9	8	0	0	0	0	0	0	0	0	0	130	194	155	130	0	0	0	0	0	0	0	0	0	0	19.水防 - Unwater	262144	31001	2	4031001	60	36.45	"2,187"	2.76
	3126	5000	特級火防白金手環	37	0.全角色	06.手環	06.藍	03.火	(2) 敏 / 體 平均	07.怪物掉寶	"120,700"	"6,035"	6					100	0	0	0	9	8	0	0	0	0	0	0	0	0	0	130	130	194	155	0	0	0	0	0	0	0	0	0	0	20.火防 - Unfire	524288	31001	2	4031001	60	36.45	"2,187"	2.76
	3127	5000	特級風防白金手環	37	0.全角色	06.手環	06.藍	04.風	(2) 敏 / 體 平均	07.怪物掉寶	"120,700"	"6,035"	6					100	0	0	0	9	8	0	0	0	0	0	0	0	0	0	155	130	130	194	0	0	0	0	0	0	0	0	0	0	21.風防 - Unwind	1048576	31001	2	4031001	60	36.45	"2,187"	2.76
	3128	5000	特級地防珍珠手環	42	0.全角色	06.手環	06.藍	01.地	(2) 敏 / 體 平均	07.怪物掉寶	"207,000"	"10,350"	6					100	0	0	0	10	9	0	0	0	0	0	0	0	0	0	237	190	158	158	0	0	0	0	0	0	0	0	0	0	18.地防 - Unground	131072	31001	2	6031001	60	47.1	"2,826"	3.663
	3129	5000	特級水防珍珠手環	42	0.全角色	06.手環	06.藍	02.水	(2) 敏 / 體 平均	07.怪物掉寶	"207,000"	"10,350"	6					100	0	0	0	10	9	0	0	0	0	0	0	0	0	0	158	237	190	158	0	0	0	0	0	0	0	0	0	0	19.水防 - Unwater	262144	31001	2	6031001	60	47.1	"2,826"	3.663
	3130	5000	特級火防珍珠手環	42	0.全角色	06.手環	06.藍	03.火	(2) 敏 / 體 平均	05.任務獎賞	"207,000"	"10,350"	6					100	0	0	0	10	9	0	0	0	0	0	0	0	0	0	158	158	237	190	0	0	0	0	0	0	0	0	0	0	20.火防 - Unfire	524288	31001	2	6031001	60	47.1	"2,826"	3.663
	3131	5000	特級風防珍珠手環	42	0.全角色	06.手環	06.藍	04.風	(2) 敏 / 體 平均	07.怪物掉寶	"207,000"	"10,350"	6					100	0	0	0	10	9	0	0	0	0	0	0	0	0	0	190	158	158	237	0	0	0	0	0	0	0	0	0	0	21.風防 - Unwind	1048576	31001	2	6031001	60	47.1	"2,826"	3.663
	3132	5000	特級地防瑪瑙手環	47	0.全角色	06.手環	06.藍	01.地	(2) 敏 / 體 平均	05.任務獎賞	"339,000"	"16,950"	6					100	0	0	0	10	10	0	0	0	0	0	0	0	0	0	286	229	191	191	0	0	0	0	0	0	0	0	0	0	18.地防 - Unground	131072	31001	2	6031001	60	60.34	"3,621"	4.682
	3133	5000	特級水防瑪瑙手環	47	0.全角色	06.手環	06.藍	02.水	(2) 敏 / 體 平均	07.怪物掉寶	"339,000"	"16,950"	6					100	0	0	0	10	10	0	0	0	0	0	0	0	0	0	191	286	229	191	0	0	0	0	0	0	0	0	0	0	19.水防 - Unwater	262144	31001	2	6031001	60	60.34	"3,621"	4.682
	3134	5000	特級火防瑪瑙手環	47	0.全角色	06.手環	06.藍	03.火	(2) 敏 / 體 平均	07.怪物掉寶	"339,000"	"16,950"	6					100	0	0	0	10	10	0	0	0	0	0	0	0	0	0	191	191	286	229	0	0	0	0	0	0	0	0	0	0	20.火防 - Unfire	524288	31001	2	6031001	60	60.34	"3,621"	4.682
	3135	5000	特級風防瑪瑙手環	47	0.全角色	06.手環	06.藍	04.風	(2) 敏 / 體 平均	07.怪物掉寶	"339,000"	"16,950"	6					100	0	0	0	10	10	0	0	0	0	0	0	0	0	0	229	191	191	286	0	0	0	0	0	0	0	0	0	0	21.風防 - Unwind	1048576	31001	2	6031001	60	60.34	"3,621"	4.682
	3136	5000	特級地防琥珀手環	52	0.全角色	06.手環	06.藍	01.地	(2) 敏 / 體 平均	07.怪物掉寶	"531,000"	"26,550"	6					100	0	0	0	11	11	0	0	0	0	0	0	0	0	0	343	274	229	229	0	0	0	0	0	0	0	0	0	0	18.地防 - Unground	131072	31001	2	6031001	60	76.07	"4,565"	5.817
	3137	5000	特級水防琥珀手環	52	0.全角色	06.手環	06.藍	02.水	(2) 敏 / 體 平均	07.怪物掉寶	"531,000"	"26,550"	6					100	0	0	0	11	11	0	0	0	0	0	0	0	0	0	229	343	274	229	0	0	0	0	0	0	0	0	0	0	19.水防 - Unwater	262144	31001	2	6031001	60	76.07	"4,565"	5.817
	3138	5000	特級火防琥珀手環	52	0.全角色	06.手環	06.藍	03.火	(2) 敏 / 體 平均	05.任務獎賞	"531,000"	"26,550"	6					100	0	0	0	11	11	0	0	0	0	0	0	0	0	0	229	229	343	274	0	0	0	0	0	0	0	0	0	0	20.火防 - Unfire	524288	31001	2	6031001	60	76.07	"4,565"	5.817
	3139	5000	特級風防琥珀手環	52	0.全角色	06.手環	06.藍	04.風	(2) 敏 / 體 平均	07.怪物掉寶	"531,000"	"26,550"	6					100	0	0	0	11	11	0	0	0	0	0	0	0	0	0	274	229	229	343	0	0	0	0	0	0	0	0	0	0	21.風防 - Unwind	1048576	31001	2	6031001	60	76.07	"4,565"	5.817
	3140	5000	特級地防鑽石手環	57	0.全角色	06.手環	06.藍	01.地	(2) 敏 / 體 平均	05.任務獎賞	"804,000"	"40,200"	6					100	0	0	0	12	11	0	0	0	0	0	0	0	0	0	409	327	273	273	0	0	0	0	0	0	0	0	0	0	18.地防 - Unground	131072	31001	2	6031001	60	94.99	"5,700"	7.054
	3141	5000	特級水防鑽石手環	57	0.全角色	06.手環	06.藍	02.水	(2) 敏 / 體 平均	07.怪物掉寶	"804,000"	"40,200"	6					100	0	0	0	12	11	0	0	0	0	0	0	0	0	0	273	409	327	273	0	0	0	0	0	0	0	0	0	0	19.水防 - Unwater	262144	31001	2	6031001	60	94.99	"5,700"	7.054
	3142	5000	特級火防鑽石手環	57	0.全角色	06.手環	06.藍	03.火	(2) 敏 / 體 平均	07.怪物掉寶	"804,000"	"40,200"	6					100	0	0	0	12	11	0	0	0	0	0	0	0	0	0	273	273	409	327	0	0	0	0	0	0	0	0	0	0	20.火防 - Unfire	524288	31001	2	6031001	60	94.99	"5,700"	7.054
	3143	5000	特級風防鑽石手環	57	0.全角色	06.手環	06.藍	04.風	(2) 敏 / 體 平均	07.怪物掉寶	"804,000"	"40,200"	6					100	0	0	0	12	11	0	0	0	0	0	0	0	0	0	327	273	273	409	0	0	0	0	0	0	0	0	0	0	21.風防 - Unwind	1048576	31001	2	6031001	60	94.99	"5,700"	7.054
	3144	5000	特級地防鳴嵐手環	62	0.全角色	06.手環	06.藍	01.地	(2) 敏 / 體 平均	07.怪物掉寶	"1,190,000"	59500	6					100	0	0	0	13	12	0	0	0	0	0	0	0	0	0	484	387	323	323	0	0	0	0	0	0	0	0	0	0	18.地防 - Unground	131072	31001	2	8031001	60	117.82	"7,070"	8.417
	3145	5000	特級水防鳴嵐手環	62	0.全角色	06.手環	06.藍	02.水	(2) 敏 / 體 平均	07.怪物掉寶	"1,190,000"	59500	6					100	0	0	0	13	12	0	0	0	0	0	0	0	0	0	323	484	387	323	0	0	0	0	0	0	0	0	0	0	19.水防 - Unwater	262144	31001	2	8031001	60	117.82	"7,070"	8.417
	3146	5000	特級火防鳴嵐手環	62	0.全角色	06.手環	06.藍	03.火	(2) 敏 / 體 平均	05.任務獎賞	"1,190,000"	59500	6					100	0	0	0	13	12	0	0	0	0	0	0	0	0	0	323	323	484	387	0	0	0	0	0	0	0	0	0	0	20.火防 - Unfire	524288	31001	2	8031001	60	117.82	"7,070"	8.417
	3147	5000	特級風防鳴嵐手環	62	0.全角色	06.手環	06.藍	04.風	(2) 敏 / 體 平均	07.怪物掉寶	"1,190,000"	59500	6					100	0	0	0	13	12	0	0	0	0	0	0	0	0	0	387	323	323	484	0	0	0	0	0	0	0	0	0	0	21.風防 - Unwind	1048576	31001	2	8031001	60	117.82	"7,070"	8.417
	3148	5000	特級地防玄天手環	67	0.全角色	06.手環	06.藍	01.地	(2) 敏 / 體 平均	05.任務獎賞	"1,360,000"	68000	6					100	0	0	0	14	13	0	0	0	0	0	0	0	0	0	571	457	381	381	0	0	0	0	0	0	0	0	0	0	18.地防 - Unground	131072	31001	2	8031001	60	113.15	"6,789"	10.016
	3149	5000	特級水防玄天手環	67	0.全角色	06.手環	06.藍	02.水	(2) 敏 / 體 平均	07.怪物掉寶	"1,360,000"	68000	6					100	0	0	0	14	13	0	0	0	0	0	0	0	0	0	381	571	457	381	0	0	0	0	0	0	0	0	0	0	19.水防 - Unwater	262144	31001	2	8031001	60	113.15	"6,789"	10.016
	3150	5000	特級火防玄天手環	67	0.全角色	06.手環	06.藍	03.火	(2) 敏 / 體 平均	07.怪物掉寶	"1,360,000"	68000	6					100	0	0	0	14	13	0	0	0	0	0	0	0	0	0	381	381	571	457	0	0	0	0	0	0	0	0	0	0	20.火防 - Unfire	524288	31001	2	8031001	60	113.15	"6,789"	10.016
	3151	5000	特級風防玄天手環	67	0.全角色	06.手環	06.藍	04.風	(2) 敏 / 體 平均	07.怪物掉寶	"1,360,000"	68000	6					100	0	0	0	14	13	0	0	0	0	0	0	0	0	0	457	381	381	571	0	0	0	0	0	0	0	0	0	0	21.風防 - Unwind	1048576	31001	2	8031001	60	113.15	"6,789"	10.016
	3152	5000	特級地防法皇手環	72	0.全角色	06.手環	06.藍	01.地	(2) 敏 / 體 平均	07.怪物掉寶	0	0	6					100	0	0	0	15	14	0	0	0	0	0	0	0	0	0	670	536	447	447	0	0	0	0	0	0	0	0	0	0	18.地防 - Unground	131072	31001	2	8031001	60	0	0	0
	3153	5000	特級水防法皇手環	72	0.全角色	06.手環	06.藍	02.水	(2) 敏 / 體 平均	07.怪物掉寶	0	0	6					100	0	0	0	15	14	0	0	0	0	0	0	0	0	0	447	670	536	447	0	0	0	0	0	0	0	0	0	0	19.水防 - Unwater	262144	31001	2	8031001	60	0	0	0
	3154	5000	特級火防法皇手環	72	0.全角色	06.手環	06.藍	03.火	(2) 敏 / 體 平均	07.怪物掉寶	0	0	6					100	0	0	0	15	14	0	0	0	0	0	0	0	0	0	447	447	670	536	0	0	0	0	0	0	0	0	0	0	20.火防 - Unfire	524288	31001	2	8031001	60	0	0	0
	3155	5000	特級風防法皇手環	72	0.全角色	06.手環	06.藍	04.風	(2) 敏 / 體 平均	07.怪物掉寶	0	0	6					100	0	0	0	15	14	0	0	0	0	0	0	0	0	0	536	447	447	670	0	0	0	0	0	0	0	0	0	0	21.風防 - Unwind	1048576	31001	2	8031001	60	0	0	0
	3156	5000	特級地防希亞手環	77	0.全角色	06.手環	06.藍	01.地	(2) 敏 / 體 平均	07.怪物掉寶	0	0	6					100	0	0	0	15	15	0	0	0	0	0	0	0	0	0	784	627	523	523	0	0	0	0	0	0	0	0	0	0	18.地防 - Unground	131072	31001	2	8031001	60	0	0	0
	3157	5000	特級水防希亞手環	77	0.全角色	06.手環	06.藍	02.水	(2) 敏 / 體 平均	07.怪物掉寶	0	0	6					100	0	0	0	15	15	0	0	0	0	0	0	0	0	0	523	784	627	523	0	0	0	0	0	0	0	0	0	0	19.水防 - Unwater	262144	31001	2	8031001	60	0	0	0
	3158	5000	特級火防希亞手環	77	0.全角色	06.手環	06.藍	03.火	(2) 敏 / 體 平均	07.怪物掉寶	0	0	6					100	0	0	0	15	15	0	0	0	0	0	0	0	0	0	523	523	784	627	0	0	0	0	0	0	0	0	0	0	20.火防 - Unfire	524288	31001	2	8031001	60	0	0	0
	3159	5000	特級風防希亞手環	77	0.全角色	06.手環	06.藍	04.風	(2) 敏 / 體 平均	07.怪物掉寶	0	0	6					100	0	0	0	15	15	0	0	0	0	0	0	0	0	0	627	523	523	784	0	0	0	0	0	0	0	0	0	0	21.風防 - Unwind	1048576	31001	2	8031001	60	0	0	0
	3160	5000	特級地防聖御手環	82	0.全角色	06.手環	06.藍	01.地	(2) 敏 / 體 平均	07.怪物掉寶	0	0	6					100	0	0	0	16	15	0	0	0	0	0	0	0	0	0	914	732	610	610	0	0	0	0	0	0	0	0	0	0	18.地防 - Unground	131072	31001	2	10031001	60	0	0	0
	3161	5000	特級水防聖御手環	82	0.全角色	06.手環	06.藍	02.水	(2) 敏 / 體 平均	07.怪物掉寶	0	0	6					100	0	0	0	16	15	0	0	0	0	0	0	0	0	0	610	914	732	610	0	0	0	0	0	0	0	0	0	0	19.水防 - Unwater	262144	31001	2	10031001	60	0	0	0
	3162	5000	特級火防聖御手環	82	0.全角色	06.手環	06.藍	03.火	(2) 敏 / 體 平均	07.怪物掉寶	0	0	6					100	0	0	0	16	15	0	0	0	0	0	0	0	0	0	610	610	914	732	0	0	0	0	0	0	0	0	0	0	20.火防 - Unfire	524288	31001	2	10031001	60	0	0	0
	3163	5000	特級風防聖御手環	82	0.全角色	06.手環	06.藍	04.風	(2) 敏 / 體 平均	07.怪物掉寶	0	0	6					100	0	0	0	16	15	0	0	0	0	0	0	0	0	0	732	610	610	914	0	0	0	0	0	0	0	0	0	0	21.風防 - Unwind	1048576	31001	2	10031001	60	0	0	0
	3164	5000	特級地防次元手環	87	0.全角色	06.手環	06.藍	01.地	(2) 敏 / 體 平均	07.怪物掉寶	0	0	6					100	0	0	0	17	16	0	0	0	0	0	0	0	0	0	1063	851	709	709	0	0	0	0	0	0	0	0	0	0	18.地防 - Unground	131072	31001	2	10031001	60	0	0	0
	3165	5000	特級水防次元手環	87	0.全角色	06.手環	06.藍	02.水	(2) 敏 / 體 平均	07.怪物掉寶	0	0	6					100	0	0	0	17	16	0	0	0	0	0	0	0	0	0	709	1063	851	709	0	0	0	0	0	0	0	0	0	0	19.水防 - Unwater	262144	31001	2	10031001	60	0	0	0
	3166	5000	特級火防次元手環	87	0.全角色	06.手環	06.藍	03.火	(2) 敏 / 體 平均	07.怪物掉寶	0	0	6					100	0	0	0	17	16	0	0	0	0	0	0	0	0	0	709	709	1063	851	0	0	0	0	0	0	0	0	0	0	20.火防 - Unfire	524288	31001	2	10031001	60	0	0	0
	3167	5000	特級風防次元手環	87	0.全角色	06.手環	06.藍	04.風	(2) 敏 / 體 平均	07.怪物掉寶	0	0	6					100	0	0	0	17	16	0	0	0	0	0	0	0	0	0	851	709	709	1063	0	0	0	0	0	0	0	0	0	0	21.風防 - Unwind	1048576	31001	2	10031001	60	0	0	0
	3168	5000	特級地防魔瞳手環	92	0.全角色	06.手環	06.藍	01.地	(2) 敏 / 體 平均	07.怪物掉寶	0	0	6					100	0	0	0	18	17	0	0	0	0	0	0	0	0	0	1233	986	822	822	0	0	0	0	0	0	0	0	0	0	18.地防 - Unground	131072	31001	2	10031001	60	0	0	0
	3169	5000	特級水防魔瞳手環	92	0.全角色	06.手環	06.藍	02.水	(2) 敏 / 體 平均	07.怪物掉寶	0	0	6					100	0	0	0	18	17	0	0	0	0	0	0	0	0	0	822	1233	986	822	0	0	0	0	0	0	0	0	0	0	19.水防 - Unwater	262144	31001	2	10031001	60	0	0	0
	3170	5000	特級火防魔瞳手環	92	0.全角色	06.手環	06.藍	03.火	(2) 敏 / 體 平均	07.怪物掉寶	0	0	6					100	0	0	0	18	17	0	0	0	0	0	0	0	0	0	822	822	1233	986	0	0	0	0	0	0	0	0	0	0	20.火防 - Unfire	524288	31001	2	10031001	60	0	0	0
	3171	5000	特級風防魔瞳手環	92	0.全角色	06.手環	06.藍	04.風	(2) 敏 / 體 平均	07.怪物掉寶	0	0	6					100	0	0	0	18	17	0	0	0	0	0	0	0	0	0	986	822	822	1233	0	0	0	0	0	0	0	0	0	0	21.風防 - Unwind	1048576	31001	2	10031001	60	0	0	0
	3172	5000	特級地防極樂手環	97	0.全角色	06.手環	06.藍	01.地	(2) 敏 / 體 平均	07.怪物掉寶	0	0	6					100	0	0	0	19	18	0	0	0	0	0	0	0	0	0	0	0	0	0	0	0	0	0	0	0	0	0	0	0	18.地防 - Unground	131072	31001	2	10031001	60	0	0	0
	3173	5000	特級水防極樂手環	97	0.全角色	06.手環	06.藍	02.水	(2) 敏 / 體 平均	07.怪物掉寶	0	0	6					100	0	0	0	19	18	0	0	0	0	0	0	0	0	0	0	0	0	0	0	0	0	0	0	0	0	0	0	0	19.水防 - Unwater	262144	31001	2	10031001	60	0	0	0
	3174	5000	特級火防極樂手環	97	0.全角色	06.手環	06.藍	03.火	(2) 敏 / 體 平均	07.怪物掉寶	0	0	6					100	0	0	0	19	18	0	0	0	0	0	0	0	0	0	0	0	0	0	0	0	0	0	0	0	0	0	0	0	20.火防 - Unfire	524288	31001	2	10031001	60	0	0	0
	3175	5000	特級風防極樂手環	97	0.全角色	06.手環	06.藍	04.風	(2) 敏 / 體 平均	07.怪物掉寶	0	0	6					100	0	0	0	19	18	0	0	0	0	0	0	0	0	0	0	0	0	0	0	0	0	0	0	0	0	0	0	0	21.風防 - Unwind	1048576	31001	2	10031001	60	0	0	0
	3176	5000	特級地攻木刻戒指	7	0.全角色	05.戒指	06.藍	01.地	(2) 敏 / 智 平均	07.怪物掉寶	450	23	5					100	0	0	0	4	0	3	0	0	0	0	132	7	3	7	0	0	0	0	0	0	0	0	0	0	0	0	0	0	14.地攻 - GroundHarm	8192	31001	2	2031001	60	7.59	456	0.05
	3177	5000	特級水攻木刻戒指	7	0.全角色	05.戒指	06.藍	02.水	(2) 敏 / 智 平均	05.任務獎賞	450	23	5					100	0	0	0	4	0	3	0	0	0	0	7	132	3	7	0	0	0	0	0	0	0	0	0	0	0	0	0	0	15.水攻 - WaterHarm	16384	31001	2	2031001	60	7.59	456	0.05
	3178	5000	特級火攻木刻戒指	7	0.全角色	05.戒指	06.藍	03.火	(2) 敏 / 智 平均	07.怪物掉寶	450	23	5					100	0	0	0	4	0	3	0	0	0	0	3	7	132	7	0	0	0	0	0	0	0	0	0	0	0	0	0	0	16.火攻 - FireHarm	32768	31001	2	2031001	60	7.59	456	0.05
	3179	5000	特級風攻木刻戒指	7	0.全角色	05.戒指	06.藍	04.風	(2) 敏 / 智 平均	07.怪物掉寶	450	23	5					100	0	0	0	4	0	3	0	0	0	0	7	3	7	132	0	0	0	0	0	0	0	0	0	0	0	0	0	0	17.風攻 - WindHarm	65536	31001	2	2031001	60	7.59	456	0.05
	3180	5000	特級地攻石雕戒指	12	0.全角色	05.戒指	06.藍	01.地	(2) 敏 / 智 平均	07.怪物掉寶	"1,660"	83	5					100	0	0	0	4	0	4	0	0	0	0	187	9	4	9	0	0	0	0	0	0	0	0	0	0	0	0	0	0	14.地攻 - GroundHarm	8192	31001	2	2031001	60	14.77	887	0.094
	3181	5000	特級水攻石雕戒指	12	0.全角色	05.戒指	06.藍	02.水	(2) 敏 / 智 平均	07.怪物掉寶	"1,660"	83	5					100	0	0	0	4	0	4	0	0	0	0	9	187	4	9	0	0	0	0	0	0	0	0	0	0	0	0	0	0	15.水攻 - WaterHarm	16384	31001	2	2031001	60	14.77	887	0.094
	3182	5000	特級火攻石雕戒指	12	0.全角色	05.戒指	06.藍	03.火	(2) 敏 / 智 平均	07.怪物掉寶	"1,660"	83	5					100	0	0	0	4	0	4	0	0	0	0	4	9	187	9	0	0	0	0	0	0	0	0	0	0	0	0	0	0	16.火攻 - FireHarm	32768	31001	2	2031001	60	14.77	887	0.094
	3183	5000	特級風攻石雕戒指	12	0.全角色	05.戒指	06.藍	04.風	(2) 敏 / 智 平均	05.任務獎賞	"1,660"	83	5					100	0	0	0	4	0	4	0	0	0	0	9	4	9	187	0	0	0	0	0	0	0	0	0	0	0	0	0	0	17.風攻 - WindHarm	65536	31001	2	2031001	60	14.77	887	0.094
	3184	5000	特級地攻鐵製戒指	17	0.全角色	05.戒指	06.藍	01.地	(2) 敏 / 智 平均	07.怪物掉寶	"6,100"	305	5					100	0	0	0	5	0	5	0	0	0	0	252	13	5	13	0	0	0	0	0	0	0	0	0	0	0	0	0	0	14.地攻 - GroundHarm	8192	31001	2	2031001	60	27.01	"1,621"	0.189
	3185	5000	特級水攻鐵製戒指	17	0.全角色	05.戒指	06.藍	02.水	(2) 敏 / 智 平均	05.任務獎賞	"6,100"	305	5					100	0	0	0	5	0	5	0	0	0	0	13	252	5	13	0	0	0	0	0	0	0	0	0	0	0	0	0	0	15.水攻 - WaterHarm	16384	31001	2	2031001	60	27.01	"1,621"	0.189
	3186	5000	特級火攻鐵製戒指	17	0.全角色	05.戒指	06.藍	03.火	(2) 敏 / 智 平均	07.怪物掉寶	"6,100"	305	5					100	0	0	0	5	0	5	0	0	0	0	5	13	252	13	0	0	0	0	0	0	0	0	0	0	0	0	0	0	16.火攻 - FireHarm	32768	31001	2	2031001	60	27.01	"1,621"	0.189
	3187	5000	特級風攻鐵製戒指	17	0.全角色	05.戒指	06.藍	04.風	(2) 敏 / 智 平均	07.怪物掉寶	"6,100"	305	5					100	0	0	0	5	0	5	0	0	0	0	13	5	13	252	0	0	0	0	0	0	0	0	0	0	0	0	0	0	17.風攻 - WindHarm	65536	31001	2	2031001	60	27.01	"1,621"	0.189
	3188	5000	特級地攻銅鑄戒指	22	0.全角色	05.戒指	06.藍	01.地	(2) 敏 / 智 平均	07.怪物掉寶	"17,500"	875	5					100	0	0	0	6	0	6	0	0	0	0	329	16	7	16	0	0	0	0	0	0	0	0	0	0	0	0	0	0	14.地攻 - GroundHarm	8192	31001	2	4031001	60	30.89	"1,854"	0.473
	3189	5000	特級水攻銅鑄戒指	22	0.全角色	05.戒指	06.藍	02.水	(2) 敏 / 智 平均	07.怪物掉寶	"17,500"	875	5					100	0	0	0	6	0	6	0	0	0	0	16	329	7	16	0	0	0	0	0	0	0	0	0	0	0	0	0	0	15.水攻 - WaterHarm	16384	31001	2	4031001	60	30.89	"1,854"	0.473
	3190	5000	特級火攻銅鑄戒指	22	0.全角色	05.戒指	06.藍	03.火	(2) 敏 / 智 平均	07.怪物掉寶	"17,500"	875	5					100	0	0	0	6	0	6	0	0	0	0	7	16	329	16	0	0	0	0	0	0	0	0	0	0	0	0	0	0	16.火攻 - FireHarm	32768	31001	2	4031001	60	30.89	"1,854"	0.473
	3191	5000	特級風攻銅鑄戒指	22	0.全角色	05.戒指	06.藍	04.風	(2) 敏 / 智 平均	05.任務獎賞	"17,500"	875	5					100	0	0	0	6	0	6	0	0	0	0	16	7	16	329	0	0	0	0	0	0	0	0	0	0	0	0	0	0	17.風攻 - WindHarm	65536	31001	2	4031001	60	30.89	"1,854"	0.473
	3192	5000	特級地攻銀製戒指	27	0.全角色	05.戒指	06.藍	01.地	(2) 敏 / 智 平均	07.怪物掉寶	"40,200"	"2,010"	5					100	0	0	0	7	0	7	0	0	0	0	420	21	8	21	0	0	0	0	0	0	0	0	0	0	0	0	0	0	14.地攻 - GroundHarm	8192	31001	2	4031001	60	29.65	"1,779"	1.13
	3193	5000	特級水攻銀製戒指	27	0.全角色	05.戒指	06.藍	02.水	(2) 敏 / 智 平均	05.任務獎賞	"40,200"	"2,010"	5					100	0	0	0	7	0	7	0	0	0	0	21	420	8	21	0	0	0	0	0	0	0	0	0	0	0	0	0	0	15.水攻 - WaterHarm	16384	31001	2	4031001	60	29.65	"1,779"	1.13
	3194	5000	特級火攻銀製戒指	27	0.全角色	05.戒指	06.藍	03.火	(2) 敏 / 智 平均	07.怪物掉寶	"40,200"	"2,010"	5					100	0	0	0	7	0	7	0	0	0	0	8	21	420	21	0	0	0	0	0	0	0	0	0	0	0	0	0	0	16.火攻 - FireHarm	32768	31001	2	4031001	60	29.65	"1,779"	1.13
	3195	5000	特級風攻銀製戒指	27	0.全角色	05.戒指	06.藍	04.風	(2) 敏 / 智 平均	07.怪物掉寶	"40,200"	"2,010"	5					100	0	0	0	7	0	7	0	0	0	0	21	8	21	420	0	0	0	0	0	0	0	0	0	0	0	0	0	0	17.風攻 - WindHarm	65536	31001	2	4031001	60	29.65	"1,779"	1.13
	3196	5000	特級地攻金製戒指	32	0.全角色	05.戒指	06.藍	01.地	(2) 敏 / 智 平均	07.怪物掉寶	"81,900"	"4,095"	5					100	0	0	0	8	0	8	0	0	0	0	526	26	11	26	0	0	0	0	0	0	0	0	0	0	0	0	0	0	14.地攻 - GroundHarm	8192	31001	2	4031001	60	34.53	"2,072"	1.977
	3197	5000	特級水攻金製戒指	32	0.全角色	05.戒指	06.藍	02.水	(2) 敏 / 智 平均	07.怪物掉寶	"81,900"	"4,095"	5					100	0	0	0	8	0	8	0	0	0	0	26	526	11	26	0	0	0	0	0	0	0	0	0	0	0	0	0	0	15.水攻 - WaterHarm	16384	31001	2	4031001	60	34.53	"2,072"	1.977
	3198	5000	特級火攻金製戒指	32	0.全角色	05.戒指	06.藍	03.火	(2) 敏 / 智 平均	07.怪物掉寶	"81,900"	"4,095"	5					100	0	0	0	8	0	8	0	0	0	0	11	26	526	26	0	0	0	0	0	0	0	0	0	0	0	0	0	0	16.火攻 - FireHarm	32768	31001	2	4031001	60	34.53	"2,072"	1.977
	3199	5000	特級風攻金製戒指	32	0.全角色	05.戒指	06.藍	04.風	(2) 敏 / 智 平均	05.任務獎賞	"81,900"	"4,095"	5					100	0	0	0	8	0	8	0	0	0	0	26	11	26	526	0	0	0	0	0	0	0	0	0	0	0	0	0	0	17.風攻 - WindHarm	65536	31001	2	4031001	60	34.53	"2,072"	1.977
	3200	5000	特級地攻白金戒指	37	0.全角色	05.戒指	06.藍	01.地	(2) 敏 / 智 平均	07.怪物掉寶	"150,800"	"7,540"	5					100	0	0	0	9	0	8	0	0	0	0	648	32	13	32	0	0	0	0	0	0	0	0	0	0	0	0	0	0	14.地攻 - GroundHarm	8192	31001	2	4031001	60	45.54	"2,733"	2.76
	3201	5000	特級水攻白金戒指	37	0.全角色	05.戒指	06.藍	02.水	(2) 敏 / 智 平均	05.任務獎賞	"150,800"	"7,540"	5					100	0	0	0	9	0	8	0	0	0	0	32	648	13	32	0	0	0	0	0	0	0	0	0	0	0	0	0	0	15.水攻 - WaterHarm	16384	31001	2	4031001	60	45.54	"2,733"	2.76
	3202	5000	特級火攻白金戒指	37	0.全角色	05.戒指	06.藍	03.火	(2) 敏 / 智 平均	07.怪物掉寶	"150,800"	"7,540"	5					100	0	0	0	9	0	8	0	0	0	0	13	32	648	32	0	0	0	0	0	0	0	0	0	0	0	0	0	0	16.火攻 - FireHarm	32768	31001	2	4031001	60	45.54	"2,733"	2.76
	3203	5000	特級風攻白金戒指	37	0.全角色	05.戒指	06.藍	04.風	(2) 敏 / 智 平均	07.怪物掉寶	"150,800"	"7,540"	5					100	0	0	0	9	0	8	0	0	0	0	32	13	32	648	0	0	0	0	0	0	0	0	0	0	0	0	0	0	17.風攻 - WindHarm	65536	31001	2	4031001	60	45.54	"2,733"	2.76
	3204	5000	特級地攻珍珠戒指	42	0.全角色	05.戒指	06.藍	01.地	(2) 敏 / 智 平均	07.怪物掉寶	"259,000"	"12,950"	5					100	0	0	0	10	0	9	0	0	0	0	790	39	16	39	0	0	0	0	0	0	0	0	0	0	0	0	0	0	14.地攻 - GroundHarm	8192	31001	2	6031001	60	58.93	"3,536"	3.663
	3205	5000	特級水攻珍珠戒指	42	0.全角色	05.戒指	06.藍	02.水	(2) 敏 / 智 平均	07.怪物掉寶	"259,000"	"12,950"	5					100	0	0	0	10	0	9	0	0	0	0	39	790	16	39	0	0	0	0	0	0	0	0	0	0	0	0	0	0	15.水攻 - WaterHarm	16384	31001	2	6031001	60	58.93	"3,536"	3.663
	3206	5000	特級火攻珍珠戒指	42	0.全角色	05.戒指	06.藍	03.火	(2) 敏 / 智 平均	07.怪物掉寶	"259,000"	"12,950"	5					100	0	0	0	10	0	9	0	0	0	0	16	39	790	39	0	0	0	0	0	0	0	0	0	0	0	0	0	0	16.火攻 - FireHarm	32768	31001	2	6031001	60	58.93	"3,536"	3.663
	3207	5000	特級風攻珍珠戒指	42	0.全角色	05.戒指	06.藍	04.風	(2) 敏 / 智 平均	05.任務獎賞	"259,000"	"12,950"	5					100	0	0	0	10	0	9	0	0	0	0	39	16	39	790	0	0	0	0	0	0	0	0	0	0	0	0	0	0	17.風攻 - WindHarm	65536	31001	2	6031001	60	58.93	"3,536"	3.663
	3208	5000	特級地攻瑪瑙戒指	47	0.全角色	05.戒指	06.藍	01.地	(2) 敏 / 智 平均	07.怪物掉寶	"423,000"	"21,150"	5					100	0	0	0	10	0	10	0	0	0	0	954	48	19	48	0	0	0	0	0	0	0	0	0	0	0	0	0	0	14.地攻 - GroundHarm	8192	31001	2	6031001	60	75.29	"4,518"	4.682
	3209	5000	特級水攻瑪瑙戒指	47	0.全角色	05.戒指	06.藍	02.水	(2) 敏 / 智 平均	05.任務獎賞	"423,000"	"21,150"	5					100	0	0	0	10	0	10	0	0	0	0	48	954	19	48	0	0	0	0	0	0	0	0	0	0	0	0	0	0	15.水攻 - WaterHarm	16384	31001	2	6031001	60	75.29	"4,518"	4.682
	3210	5000	特級火攻瑪瑙戒指	47	0.全角色	05.戒指	06.藍	03.火	(2) 敏 / 智 平均	07.怪物掉寶	"423,000"	"21,150"	5					100	0	0	0	10	0	10	0	0	0	0	19	48	954	48	0	0	0	0	0	0	0	0	0	0	0	0	0	0	16.火攻 - FireHarm	32768	31001	2	6031001	60	75.29	"4,518"	4.682
	3211	5000	特級風攻瑪瑙戒指	47	0.全角色	05.戒指	06.藍	04.風	(2) 敏 / 智 平均	07.怪物掉寶	"423,000"	"21,150"	5					100	0	0	0	10	0	10	0	0	0	0	48	19	48	954	0	0	0	0	0	0	0	0	0	0	0	0	0	0	17.風攻 - WindHarm	65536	31001	2	6031001	60	75.29	"4,518"	4.682
	3212	5000	特級地攻琥珀戒指	52	0.全角色	05.戒指	06.藍	01.地	(2) 敏 / 智 平均	07.怪物掉寶	"663,000"	"33,150"	5					100	0	0	0	11	0	11	0	0	0	0	1143	57	23	57	0	0	0	0	0	0	0	0	0	0	0	0	0	0	14.地攻 - GroundHarm	8192	31001	2	6031001	60	94.99	"5,700"	5.817
	3213	5000	特級水攻琥珀戒指	52	0.全角色	05.戒指	06.藍	02.水	(2) 敏 / 智 平均	07.怪物掉寶	"663,000"	"33,150"	5					100	0	0	0	11	0	11	0	0	0	0	57	1143	23	57	0	0	0	0	0	0	0	0	0	0	0	0	0	0	15.水攻 - WaterHarm	16384	31001	2	6031001	60	94.99	"5,700"	5.817
	3214	5000	特級火攻琥珀戒指	52	0.全角色	05.戒指	06.藍	03.火	(2) 敏 / 智 平均	07.怪物掉寶	"663,000"	"33,150"	5					100	0	0	0	11	0	11	0	0	0	0	23	57	1143	57	0	0	0	0	0	0	0	0	0	0	0	0	0	0	16.火攻 - FireHarm	32768	31001	2	6031001	60	94.99	"5,700"	5.817
	3215	5000	特級風攻琥珀戒指	52	0.全角色	05.戒指	06.藍	04.風	(2) 敏 / 智 平均	05.任務獎賞	"663,000"	"33,150"	5					100	0	0	0	11	0	11	0	0	0	0	57	23	57	1143	0	0	0	0	0	0	0	0	0	0	0	0	0	0	17.風攻 - WindHarm	65536	31001	2	6031001	60	94.99	"5,700"	5.817
	3216	5000	特級地攻鑽石戒指	57	0.全角色	05.戒指	06.藍	01.地	(2) 敏 / 智 平均	07.怪物掉寶	"1,005,000"	"50,250"	5					100	0	0	0	12	0	12	0	0	0	0	1363	68	27	68	0	0	0	0	0	0	0	0	0	0	0	0	0	0	14.地攻 - GroundHarm	8192	31001	2	6031001	60	118.74	"7,125"	7.054
	3217	5000	特級水攻鑽石戒指	57	0.全角色	05.戒指	06.藍	02.水	(2) 敏 / 智 平均	05.任務獎賞	"1,005,000"	"50,250"	5					100	0	0	0	12	0	12	0	0	0	0	68	1363	27	68	0	0	0	0	0	0	0	0	0	0	0	0	0	0	15.水攻 - WaterHarm	16384	31001	2	6031001	60	118.74	"7,125"	7.054
	3218	5000	特級火攻鑽石戒指	57	0.全角色	05.戒指	06.藍	03.火	(2) 敏 / 智 平均	07.怪物掉寶	"1,005,000"	"50,250"	5					100	0	0	0	12	0	12	0	0	0	0	27	68	1363	68	0	0	0	0	0	0	0	0	0	0	0	0	0	0	16.火攻 - FireHarm	32768	31001	2	6031001	60	118.74	"7,125"	7.054
	3219	5000	特級風攻鑽石戒指	57	0.全角色	05.戒指	06.藍	04.風	(2) 敏 / 智 平均	07.怪物掉寶	"1,005,000"	"50,250"	5					100	0	0	0	12	0	12	0	0	0	0	68	27	68	1363	0	0	0	0	0	0	0	0	0	0	0	0	0	0	17.風攻 - WindHarm	65536	31001	2	6031001	60	118.74	"7,125"	7.054
	3220	5000	特級地攻鳴嵐戒指	62	0.全角色	05.戒指	06.藍	01.地	(2) 敏 / 智 平均	07.怪物掉寶	"1,490,000"	74500	5					100	0	0	0	13	0	13	0	0	0	0	1614	81	32	81	0	0	0	0	0	0	0	0	0	0	0	0	0	0	14.地攻 - GroundHarm	8192	31001	2	8031001	60	147.52	"8,852"	8.417
	3221	5000	特級水攻鳴嵐戒指	62	0.全角色	05.戒指	06.藍	02.水	(2) 敏 / 智 平均	07.怪物掉寶	"1,490,000"	74500	5					100	0	0	0	13	0	13	0	0	0	0	81	1614	32	81	0	0	0	0	0	0	0	0	0	0	0	0	0	0	15.水攻 - WaterHarm	16384	31001	2	8031001	60	147.52	"8,852"	8.417
	3222	5000	特級火攻鳴嵐戒指	62	0.全角色	05.戒指	06.藍	03.火	(2) 敏 / 智 平均	07.怪物掉寶	"1,490,000"	74500	5					100	0	0	0	13	0	13	0	0	0	0	32	81	1614	81	0	0	0	0	0	0	0	0	0	0	0	0	0	0	16.火攻 - FireHarm	32768	31001	2	8031001	60	147.52	"8,852"	8.417
	3223	5000	特級風攻鳴嵐戒指	62	0.全角色	05.戒指	06.藍	04.風	(2) 敏 / 智 平均	05.任務獎賞	"1,490,000"	74500	5					100	0	0	0	13	0	13	0	0	0	0	81	32	81	1614	0	0	0	0	0	0	0	0	0	0	0	0	0	0	17.風攻 - WindHarm	65536	31001	2	8031001	60	147.52	"8,852"	8.417
	3224	5000	特級地攻玄天戒指	67	0.全角色	05.戒指	06.藍	01.地	(2) 敏 / 智 平均	07.怪物掉寶	"1,700,000"	85000	5					100	0	0	0	14	0	13	0	0	0	0	1904	95	38	95	0	0	0	0	0	0	0	0	0	0	0	0	0	0	14.地攻 - GroundHarm	8192	31001	2	8031001	60	141.44	"8,487"	10.016
	3225	5000	特級水攻玄天戒指	67	0.全角色	05.戒指	06.藍	02.水	(2) 敏 / 智 平均	05.任務獎賞	"1,700,000"	85000	5					100	0	0	0	14	0	13	0	0	0	0	95	1904	38	95	0	0	0	0	0	0	0	0	0	0	0	0	0	0	15.水攻 - WaterHarm	16384	31001	2	8031001	60	141.44	"8,487"	10.016
	3226	5000	特級火攻玄天戒指	67	0.全角色	05.戒指	06.藍	03.火	(2) 敏 / 智 平均	07.怪物掉寶	"1,700,000"	85000	5					100	0	0	0	14	0	13	0	0	0	0	38	95	1904	95	0	0	0	0	0	0	0	0	0	0	0	0	0	0	16.火攻 - FireHarm	32768	31001	2	8031001	60	141.44	"8,487"	10.016
	3227	5000	特級風攻玄天戒指	67	0.全角色	05.戒指	06.藍	04.風	(2) 敏 / 智 平均	07.怪物掉寶	"1,700,000"	85000	5					100	0	0	0	14	0	13	0	0	0	0	95	38	95	1904	0	0	0	0	0	0	0	0	0	0	0	0	0	0	17.風攻 - WindHarm	65536	31001	2	8031001	60	141.44	"8,487"	10.016
	3228	5000	特級地攻法皇戒指	72	0.全角色	05.戒指	06.藍	01.地	(2) 敏 / 智 平均	07.怪物掉寶	0	0	5					100	0	0	0	15	0	14	0	0	0	0	2234	112	45	112	0	0	0	0	0	0	0	0	0	0	0	0	0	0	14.地攻 - GroundHarm	8192	31001	2	8031001	60	0	0	0
	3229	5000	特級水攻法皇戒指	72	0.全角色	05.戒指	06.藍	02.水	(2) 敏 / 智 平均	07.怪物掉寶	0	0	5					100	0	0	0	15	0	14	0	0	0	0	112	2234	45	112	0	0	0	0	0	0	0	0	0	0	0	0	0	0	15.水攻 - WaterHarm	16384	31001	2	8031001	60	0	0	0
	3230	5000	特級火攻法皇戒指	72	0.全角色	05.戒指	06.藍	03.火	(2) 敏 / 智 平均	07.怪物掉寶	0	0	5					100	0	0	0	15	0	14	0	0	0	0	45	112	2234	112	0	0	0	0	0	0	0	0	0	0	0	0	0	0	16.火攻 - FireHarm	32768	31001	2	8031001	60	0	0	0
	3231	5000	特級風攻法皇戒指	72	0.全角色	05.戒指	06.藍	04.風	(2) 敏 / 智 平均	07.怪物掉寶	0	0	5					100	0	0	0	15	0	14	0	0	0	0	112	45	112	2234	0	0	0	0	0	0	0	0	0	0	0	0	0	0	17.風攻 - WindHarm	65536	31001	2	8031001	60	0	0	0
	3232	5000	特級地攻希亞戒指	77	0.全角色	05.戒指	06.藍	01.地	(2) 敏 / 智 平均	07.怪物掉寶	0	0	5					100	0	0	0	15	0	15	0	0	0	0	2615	131	52	131	0	0	0	0	0	0	0	0	0	0	0	0	0	0	14.地攻 - GroundHarm	8192	31001	2	8031001	60	0	0	0
	3233	5000	特級水攻希亞戒指	77	0.全角色	05.戒指	06.藍	02.水	(2) 敏 / 智 平均	07.怪物掉寶	0	0	5					100	0	0	0	15	0	15	0	0	0	0	131	2615	52	131	0	0	0	0	0	0	0	0	0	0	0	0	0	0	15.水攻 - WaterHarm	16384	31001	2	8031001	60	0	0	0
	3234	5000	特級火攻希亞戒指	77	0.全角色	05.戒指	06.藍	03.火	(2) 敏 / 智 平均	07.怪物掉寶	0	0	5					100	0	0	0	15	0	15	0	0	0	0	52	131	2615	131	0	0	0	0	0	0	0	0	0	0	0	0	0	0	16.火攻 - FireHarm	32768	31001	2	8031001	60	0	0	0
	3235	5000	特級風攻希亞戒指	77	0.全角色	05.戒指	06.藍	04.風	(2) 敏 / 智 平均	07.怪物掉寶	0	0	5					100	0	0	0	15	0	15	0	0	0	0	131	52	131	2615	0	0	0	0	0	0	0	0	0	0	0	0	0	0	17.風攻 - WindHarm	65536	31001	2	8031001	60	0	0	0
	3236	5000	特級地攻聖御戒指	82	0.全角色	05.戒指	06.藍	01.地	(2) 敏 / 智 平均	07.怪物掉寶	0	0	5					100	0	0	0	16	0	16	0	0	0	0	3048	152	61	152	0	0	0	0	0	0	0	0	0	0	0	0	0	0	14.地攻 - GroundHarm	8192	31001	2	10031001	60	0	0	0
	3237	5000	特級水攻聖御戒指	82	0.全角色	05.戒指	06.藍	02.水	(2) 敏 / 智 平均	07.怪物掉寶	0	0	5					100	0	0	0	16	0	16	0	0	0	0	152	3048	61	152	0	0	0	0	0	0	0	0	0	0	0	0	0	0	15.水攻 - WaterHarm	16384	31001	2	10031001	60	0	0	0
	3238	5000	特級火攻聖御戒指	82	0.全角色	05.戒指	06.藍	03.火	(2) 敏 / 智 平均	07.怪物掉寶	0	0	5					100	0	0	0	16	0	16	0	0	0	0	61	152	3048	152	0	0	0	0	0	0	0	0	0	0	0	0	0	0	16.火攻 - FireHarm	32768	31001	2	10031001	60	0	0	0
	3239	5000	特級風攻聖御戒指	82	0.全角色	05.戒指	06.藍	04.風	(2) 敏 / 智 平均	07.怪物掉寶	0	0	5					100	0	0	0	16	0	16	0	0	0	0	152	61	152	3048	0	0	0	0	0	0	0	0	0	0	0	0	0	0	17.風攻 - WindHarm	65536	31001	2	10031001	60	0	0	0
	3240	5000	特級地攻次元戒指	87	0.全角色	05.戒指	06.藍	01.地	(2) 敏 / 智 平均	07.怪物掉寶	0	0	5					100	0	0	0	17	0	17	0	0	0	0	3544	177	71	177	0	0	0	0	0	0	0	0	0	0	0	0	0	0	14.地攻 - GroundHarm	8192	31001	2	10031001	60	0	0	0
	3241	5000	特級水攻次元戒指	87	0.全角色	05.戒指	06.藍	02.水	(2) 敏 / 智 平均	07.怪物掉寶	0	0	5					100	0	0	0	17	0	17	0	0	0	0	177	3544	71	177	0	0	0	0	0	0	0	0	0	0	0	0	0	0	15.水攻 - WaterHarm	16384	31001	2	10031001	60	0	0	0
	3242	5000	特級火攻次元戒指	87	0.全角色	05.戒指	06.藍	03.火	(2) 敏 / 智 平均	07.怪物掉寶	0	0	5					100	0	0	0	17	0	17	0	0	0	0	71	177	3544	177	0	0	0	0	0	0	0	0	0	0	0	0	0	0	16.火攻 - FireHarm	32768	31001	2	10031001	60	0	0	0
	3243	5000	特級風攻次元戒指	87	0.全角色	05.戒指	06.藍	04.風	(2) 敏 / 智 平均	07.怪物掉寶	0	0	5					100	0	0	0	17	0	17	0	0	0	0	177	71	177	3544	0	0	0	0	0	0	0	0	0	0	0	0	0	0	17.風攻 - WindHarm	65536	31001	2	10031001	60	0	0	0
	3244	5000	特級地攻魔瞳戒指	92	0.全角色	05.戒指	06.藍	01.地	(2) 敏 / 智 平均	07.怪物掉寶	0	0	5					100	0	0	0	18	0	18	0	0	0	0	4110	205	82	205	0	0	0	0	0	0	0	0	0	0	0	0	0	0	14.地攻 - GroundHarm	8192	31001	2	10031001	60	0	0	0
	3245	5000	特級水攻魔瞳戒指	92	0.全角色	05.戒指	06.藍	02.水	(2) 敏 / 智 平均	07.怪物掉寶	0	0	5					100	0	0	0	18	0	18	0	0	0	0	205	4110	82	205	0	0	0	0	0	0	0	0	0	0	0	0	0	0	15.水攻 - WaterHarm	16384	31001	2	10031001	60	0	0	0
	3246	5000	特級火攻魔瞳戒指	92	0.全角色	05.戒指	06.藍	03.火	(2) 敏 / 智 平均	07.怪物掉寶	0	0	5					100	0	0	0	18	0	18	0	0	0	0	82	205	4110	205	0	0	0	0	0	0	0	0	0	0	0	0	0	0	16.火攻 - FireHarm	32768	31001	2	10031001	60	0	0	0
	3247	5000	特級風攻魔瞳戒指	92	0.全角色	05.戒指	06.藍	04.風	(2) 敏 / 智 平均	07.怪物掉寶	0	0	5					100	0	0	0	18	0	18	0	0	0	0	205	82	205	4110	0	0	0	0	0	0	0	0	0	0	0	0	0	0	17.風攻 - WindHarm	65536	31001	2	10031001	60	0	0	0
	3248	5000	特級地攻極樂戒指	97	0.全角色	05.戒指	06.藍	01.地	(2) 敏 / 智 平均	07.怪物掉寶	0	0	5					100	0	0	0	19	0	18	0	0	0	0	0	0	0	0	0	0	0	0	0	0	0	0	0	0	0	0	0	0	14.地攻 - GroundHarm	8192	31001	2	10031001	60	0	0	0
	3249	5000	特級水攻極樂戒指	97	0.全角色	05.戒指	06.藍	02.水	(2) 敏 / 智 平均	07.怪物掉寶	0	0	5					100	0	0	0	19	0	18	0	0	0	0	0	0	0	0	0	0	0	0	0	0	0	0	0	0	0	0	0	0	15.水攻 - WaterHarm	16384	31001	2	10031001	60	0	0	0
	3250	5000	特級火攻極樂戒指	97	0.全角色	05.戒指	06.藍	03.火	(2) 敏 / 智 平均	07.怪物掉寶	0	0	5					100	0	0	0	19	0	18	0	0	0	0	0	0	0	0	0	0	0	0	0	0	0	0	0	0	0	0	0	0	16.火攻 - FireHarm	32768	31001	2	10031001	60	0	0	0
	3251	5000	特級風攻極樂戒指	97	0.全角色	05.戒指	06.藍	04.風	(2) 敏 / 智 平均	07.怪物掉寶	0	0	5					100	0	0	0	19	0	18	0	0	0	0	0	0	0	0	0	0	0	0	0	0	0	0	0	0	0	0	0	0	17.風攻 - WindHarm	65536	31001	2	10031001	60	0	0	0
# 坐騎 4001-4500																																																							
	4001	5000	仙人龜	10	0.全角色	09.坐騎	04.白	00.無	(0) 無	05.任務獎賞	"1,360"	68	8	10201				60	0	0	0	0	0	0	0	0	0	0	0	0	0	0	0	0	0	0	0	0	0	0	0	0	0	0	0	0			0	0	0	60	15.62	938	0.073
	4002	5000	龜砲車一級	20	0.全角色	09.坐騎	04.白	00.無	(0) 無	05.任務獎賞	"18,300"	915	8	10202				115	0	0	0	0	0	0	0	0	0	0	0	0	0	0	0	0	0	0	0	0	0	0	0	0	0	0	0	0			0	0	0	60	46.33	"2,780"	0.33
	4003	5000	龜砲車二級	30	0.全角色	09.坐騎	04.白	00.無	(0) 無	05.任務獎賞	"120,700"	"6,035"	8	10203				125	0	0	0	0	0	0	0	0	0	0	0	0	0	0	0	0	0	0	0	0	0	0	0	0	0	0	0	0			0	0	0	60	60.67	"3,641"	1.658
	4004	5000	龜砲車三級	40	0.全角色	09.坐騎	04.白	00.無	(0) 無	05.任務獎賞	"452,500"	"22,625"	8	10204				135	0	0	0	0	0	0	0	0	0	0	0	0	0	0	0	0	0	0	0	0	0	0	0	0	0	0	0	0			0	0	0	60	114.65	"6,879"	3.29
	4005	5000	龜砲車四級	50	0.全角色	09.坐騎	04.白	00.無	(0) 無	05.任務獎賞	"1,269,000"	"63,450"	8	10205				145	0	0	0	0	0	0	0	0	0	0	0	0	0	0	0	0	0	0	0	0	0	0	0	0	0	0	0	0			0	0	0	60	197.71	"11,863"	5.349
	4006	5000	山寨方程式賽車	50	0.全角色	09.坐騎	04.白	00.無	(0) 無	05.任務獎賞	"1,269,000"	"63,450"	8	10206				30	0	0	0	0	0	0	0	0	0	0	0	0	0	0	0	0	0	0	0	0	0	0	0	0	0	0	0	0			0	0	0	60	197.71	"11,863"	5.349
	4007	5000	時髦瓢蟲	20	0.全角色	09.坐騎	04.白	00.無	(0) 無	03.商店購買	"18,300"	"1,830"	8	10207				115	0	0	0	0	0	0	0	0	0	0	0	0	0	0	0	0	0	0	0	0	0	0	0	0	0	0	0	0			0	0	0	60	46.33	"2,780"	0.33
	4008	5000	名牌甲蟲	30	0.全角色	09.坐騎	04.白	00.無	(0) 無	03.商店購買	"120,700"	"12,070"	8	10208				125	0	0	0	0	0	0	0	0	0	0	0	0	0	0	0	0	0	0	0	0	0	0	0	0	0	0	0	0			0	0	0	60	60.67	"3,641"	1.658
	4009	5000	P40戰鷹	40	0.全角色	09.坐騎	04.白	00.無	(0) 無	03.商店購買	"452,500"	"45,250"	8	10209				135	0	0	0	0	0	0	0	0	0	0	0	0	0	0	0	0	0	0	0	0	0	0	0	0	0	0	0	0			0	0	0	60	114.65	"6,879"	3.29
	4010	5000	F6F潑婦	50	0.全角色	09.坐騎	04.白	00.無	(0) 無	03.商店購買	"1,269,000"	"126,900"	8	10210				145	0	0	0	0	0	0	0	0	0	0	0	0	0	0	0	0	0	0	0	0	0	0	0	0	0	0	0	0			0	0	0	60	197.71	"11,863"	5.349
	4011	5000	嘻皮重型機車	30	0.全角色	09.坐騎	04.白	00.無	(0) 無	03.商店購買	"120,700"	"12,070"	8	10211				125	0	0	0	0	0	0	0	0	0	0	0	0	0	0	0	0	0	0	0	0	0	0	0	0	0	0	0	0			0	0	0	60	60.67	"3,641"	1.658
	4012	5000	木馬	40	0.全角色	09.坐騎	04.白	00.無	(0) 無	03.商店購買	"452,500"	"45,250"	8	10212				135	0	0	0	0	0	0	0	0	0	0	0	0	0	0	0	0	0	0	0	0	0	0	0	0	0	0	0	0			0	0	0	60	114.65	"6,879"	3.29
	4013	5000	骨董名車	50	0.全角色	09.坐騎	04.白	00.無	(0) 無	03.商店購買	"1,269,000"	"126,900"	8	10213				145	0	0	0	0	0	0	0	0	0	0	0	0	0	0	0	0	0	0	0	0	0	0	0	0	0	0	0	0			0	0	0	60	197.71	"11,863"	5.349
	4014	5000	擎天柱	50	0.全角色	09.坐騎	04.白	00.無	(0) 無	03.商店購買	"1,269,000"	"126,900"	8	10214				145	0	0	0	0	0	0	0	0	0	0	0	0	0	0	0	0	0	0	0	0	0	0	0	0	0	0	0	0			0	0	0	60	197.71	"11,863"	5.349
	4015	5000	專務車	20	0.全角色	09.坐騎	04.白	00.無	(0) 無	07.怪物掉寶	"18,300"	915	8	10215				120	0	0	0	0	0	0	0	0	0	0	0	0	0	0	0	0	0	0	0	0	0	0	0	0	0	0	0	20			0	0	0	10	277.98	"2,780"	0.33
	4016	5000	疾風拉車	20	0.全角色	09.坐騎	04.白	00.無	(0) 無	07.怪物掉寶	"18,300"	915	8	10216				120	0	0	0	0	0	0	0	0	0	0	0	0	0	0	0	0	0	0	0	0	0	0	0	0	0	0	0	50			0	0	0	10	277.98	"2,780"	0.33
	4017	5000	豪華大轎	20	0.全角色	09.坐騎	04.白	00.無	(0) 無	07.怪物掉寶	"18,300"	915	8	10217				120	0	0	0	0	0	0	0	0	0	0	0	0	0	0	0	0	0	0	0	0	0	0	0	0	0	0	0	99			0	0	0	10	277.98	"2,780"	0.33
# 裝飾型																																																							
# 官階套裝（跳 50 號）4501-5000																																																							
	4501	5000	士官長帽	25	1.林沖	01.帽子	10.官階	00.無	(3) 敏 / 體 / 智	09.聲望	"1,200"	120	9		pc01_hat_6010			100	0	16	0	2	2	2	0	0	0	0	0	0	0	0	0	0	0	0	0	0	0	0	0	0	0	0	0	0			0	0	0	0	0	0	0.826
	4502	5000	士官長服	25	1.林沖	02.上衣	10.官階	00.無	(3) 敏 / 體 / 智	09.聲望	"1,600"	160	10		pc01_torso_6010			100	0	34	0	2	2	2	0	0	0	0	0	0	0	0	0	0	0	0	0	0	0	0	0	0	0	0	0	0			0	0	0	0	0	0	0.826
	4503	5000	士官長靴	25	1.林沖	03.褲子	10.官階	00.無	(3) 敏 / 體 / 智	09.聲望	"1,400"	140	11		pc01_pelvis_6010			100	0	20	0	2	2	2	0	0	0	0	0	0	0	0	0	0	0	0	0	0	0	0	0	0	0	0	0	0			0	0	0	0	0	0	0.826
	4504	5000	士官長槍	25	1.林沖	04.武器	10.官階	00.無	(3) 敏 / 體 / 智	09.聲望	"2,600"	260	12		pc01_weapon_6010			100	80	0	0	2	2	2	0	0	0	0	0	0	0	0	0	0	0	0	0	0	0	0	0	0	0	0	0	0			0	0	0	0	0	0	0.826
	4505	5000	總指揮帽	50	1.林沖	01.帽子	10.官階	00.無	(3) 敏 / 體 / 智	09.聲望	"30,000"	"3,000"	9		pc01_hat_6020			100	0	36	0	4	4	3	0	0	0	0	0	0	0	0	0	0	0	0	0	0	0	0	0	0	0	0	0	0			0	0	0	0	0	0	5.349
	4506	5000	總指揮靴	50	1.林沖	02.上衣	10.官階	00.無	(3) 敏 / 體 / 智	09.聲望	"38,000"	"3,800"	10		pc01_torso_6020			100	0	78	0	4	4	3	0	0	0	0	0	0	0	0	0	0	0	0	0	0	0	0	0	0	0	0	0	0			0	0	0	0	0	0	5.349
	4507	5000	總指揮鞋	50	1.林沖	03.褲子	10.官階	00.無	(3) 敏 / 體 / 智	09.聲望	"34,000"	"3,400"	11		pc01_pelvis_6020			100	0	45	0	4	4	3	0	0	0	0	0	0	0	0	0	0	0	0	0	0	0	0	0	0	0	0	0	0			0	0	0	0	0	0	5.349
	4508	5000	總指揮槍	50	1.林沖	04.武器	10.官階	00.無	(3) 敏 / 體 / 智	09.聲望	"63,000"	"6,300"	12		pc01_weapon_6020			100	240	0	0	4	4	3	0	0	0	0	0	0	0	0	0	0	0	0	0	0	0	0	0	0	0	0	0	0			0	0	0	0	0	0	5.349
	4509	5000	總元帥帽	65	1.林沖	01.帽子	10.官階	00.無	(3) 敏 / 體 / 智	09.聲望	"100,000"	"10,000"	9		pc01_hat_6030			100	0	50	0	5	5	4	0	0	0	0	0	0	0	0	0	0	0	0	0	0	0	0	0	0	0	0	0	0			0	0	0	0	0	0	9.346
	4510	5000	總元帥服	65	1.林沖	02.上衣	10.官階	00.無	(3) 敏 / 體 / 智	09.聲望	"130,000"	"13,000"	10		pc01_torso_6030			100	0	108	0	5	5	4	0	0	0	0	0	0	0	0	0	0	0	0	0	0	0	0	0	0	0	0	0	0			0	0	0	0	0	0	9.346
	4511	5000	總元帥靴	65	1.林沖	03.褲子	10.官階	00.無	(3) 敏 / 體 / 智	09.聲望	"120,000"	"12,000"	11		pc01_pelvis_6030			100	0	63	0	5	5	4	0	0	0	0	0	0	0	0	0	0	0	0	0	0	0	0	0	0	0	0	0	0			0	0	0	0	0	0	9.346
	4512	5000	總元帥槍	65	1.林沖	04.武器	10.官階	00.無	(3) 敏 / 體 / 智	09.聲望	"220,000"	"22,000"	12		pc01_weapon_6030			100	408	0	0	5	5	4	0	0	0	0	0	0	0	0	0	0	0	0	0	0	0	0	0	0	0	0	0	0			0	0	0	0	0	0	9.346
	4551	5000	士官長帽	25	2.雷橫	01.帽子	10.官階	00.無	(3) 敏 / 體 / 智	09.聲望	"1,200"	120	9		pc02_hat_6010			100	0	16	0	2	3	2	0	0	0	0	0	0	0	0	0	0	0	0	0	0	0	0	0	0	0	0	0	0			0	0	0	0	0	0	0.826
	4552	5000	士官長服	25	2.雷橫	02.上衣	10.官階	00.無	(3) 敏 / 體 / 智	09.聲望	"1,600"	160	10		pc02_torso_6010			100	0	35	0	2	3	2	0	0	0	0	0	0	0	0	0	0	0	0	0	0	0	0	0	0	0	0	0	0			0	0	0	0	0	0	0.826
	4553	5000	士官長靴	25	2.雷橫	03.褲子	10.官階	00.無	(3) 敏 / 體 / 智	09.聲望	"1,400"	140	11		pc02_pelvis_6010			100	0	20	0	2	3	2	0	0	0	0	0	0	0	0	0	0	0	0	0	0	0	0	0	0	0	0	0	0			0	0	0	0	0	0	0.826
	4554	5000	士官長拳套	25	2.雷橫	04.武器	10.官階	00.無	(3) 敏 / 體 / 智	09.聲望	"2,600"	260	12		pc02_weapon_6010			100	82	0	0	2	3	2	0	0	0	0	0	0	0	0	0	0	0	0	0	0	0	0	0	0	0	0	0	0			0	0	0	0	0	0	0.826
	4555	5000	總指揮帽	50	2.雷橫	01.帽子	10.官階	00.無	(3) 敏 / 體 / 智	09.聲望	"30,000"	"3,000"	9		pc02_hat_6020			100	0	38	0	4	5	3	0	0	0	0	0	0	0	0	0	0	0	0	0	0	0	0	0	0	0	0	0	0			0	0	0	0	0	0	5.349
	4556	5000	總指揮靴	50	2.雷橫	02.上衣	10.官階	00.無	(3) 敏 / 體 / 智	09.聲望	"38,000"	"3,800"	10		pc02_torso_6020			100	0	81	0	4	5	3	0	0	0	0	0	0	0	0	0	0	0	0	0	0	0	0	0	0	0	0	0	0			0	0	0	0	0	0	5.349
	4557	5000	總指揮鞋	50	2.雷橫	03.褲子	10.官階	00.無	(3) 敏 / 體 / 智	09.聲望	"34,000"	"3,400"	11		pc02_pelvis_6020			100	0	47	0	4	5	3	0	0	0	0	0	0	0	0	0	0	0	0	0	0	0	0	0	0	0	0	0	0			0	0	0	0	0	0	5.349
	4558	5000	總指揮拳套	50	2.雷橫	04.武器	10.官階	00.無	(3) 敏 / 體 / 智	09.聲望	"63,000"	"6,300"	12		pc02_weapon_6020			100	244	0	0	4	5	3	0	0	0	0	0	0	0	0	0	0	0	0	0	0	0	0	0	0	0	0	0	0			0	0	0	0	0	0	5.349
	4559	5000	總元帥帽	65	2.雷橫	01.帽子	10.官階	00.無	(3) 敏 / 體 / 智	09.聲望	"100,000"	"10,000"	9		pc02_hat_6030			100	0	52	0	5	6	4	0	0	0	0	0	0	0	0	0	0	0	0	0	0	0	0	0	0	0	0	0	0			0	0	0	0	0	0	9.346
	4560	5000	總元帥服	65	2.雷橫	02.上衣	10.官階	00.無	(3) 敏 / 體 / 智	09.聲望	"130,000"	"13,000"	10		pc02_torso_6030			100	0	112	0	5	6	4	0	0	0	0	0	0	0	0	0	0	0	0	0	0	0	0	0	0	0	0	0	0			0	0	0	0	0	0	9.346
	4561	5000	總元帥靴	65	2.雷橫	03.褲子	10.官階	00.無	(3) 敏 / 體 / 智	09.聲望	"120,000"	"12,000"	11		pc02_pelvis_6030			100	0	65	0	5	6	4	0	0	0	0	0	0	0	0	0	0	0	0	0	0	0	0	0	0	0	0	0	0			0	0	0	0	0	0	9.346
	4562	5000	總元帥拳套	65	2.雷橫	04.武器	10.官階	00.無	(3) 敏 / 體 / 智	09.聲望	"220,000"	"22,000"	12		pc02_weapon_6030			100	416	0	0	5	6	4	0	0	0	0	0	0	0	0	0	0	0	0	0	0	0	0	0	0	0	0	0	0			0	0	0	0	0	0	9.346
	4601	5000	士官長帽	25	3.孫二娘	01.帽子	10.官階	00.無	(3) 敏 / 體 / 智	09.聲望	"1,200"	120	9		pc03_hat_6010			100	0	13	0	2	2	3	0	0	0	0	0	0	0	0	0	0	0	0	0	0	0	0	0	0	0	0	0	0			0	0	0	0	0	0	0.826
	4602	5000	士官長服	25	3.孫二娘	02.上衣	10.官階	00.無	(3) 敏 / 體 / 智	09.聲望	"1,600"	160	10		pc03_torso_6010			100	0	28	0	2	2	3	0	0	0	0	0	0	0	0	0	0	0	0	0	0	0	0	0	0	0	0	0	0			0	0	0	0	0	0	0.826
	4603	5000	士官長靴	25	3.孫二娘	03.褲子	10.官階	00.無	(3) 敏 / 體 / 智	09.聲望	"1,400"	140	11		pc03_pelvis_6010			100	0	16	0	2	2	3	0	0	0	0	0	0	0	0	0	0	0	0	0	0	0	0	0	0	0	0	0	0			0	0	0	0	0	0	0.826
	4604	5000	士官長手杖	25	3.孫二娘	04.武器	10.官階	00.無	(3) 敏 / 體 / 智	09.聲望	"2,600"	260	12		pc03_weapon_6010			100	77	0	0	2	2	3	0	0	0	0	0	0	0	0	0	0	0	0	0	0	0	0	0	0	0	0	0	0			0	0	0	0	0	0	0.826
	4605	5000	總指揮帽	50	3.孫二娘	01.帽子	10.官階	00.無	(3) 敏 / 體 / 智	09.聲望	"30,000"	"3,000"	9		pc03_hat_6020			100	0	30	0	4	3	4	0	0	0	0	0	0	0	0	0	0	0	0	0	0	0	0	0	0	0	0	0	0			0	0	0	0	0	0	5.349
	4606	5000	總指揮靴	50	3.孫二娘	02.上衣	10.官階	00.無	(3) 敏 / 體 / 智	09.聲望	"38,000"	"3,800"	10		pc03_torso_6020			100	0	66	0	4	3	4	0	0	0	0	0	0	0	0	0	0	0	0	0	0	0	0	0	0	0	0	0	0			0	0	0	0	0	0	5.349
	4607	5000	總指揮鞋	50	3.孫二娘	03.褲子	10.官階	00.無	(3) 敏 / 體 / 智	09.聲望	"34,000"	"3,400"	11		pc03_pelvis_6020			100	0	38	0	4	3	4	0	0	0	0	0	0	0	0	0	0	0	0	0	0	0	0	0	0	0	0	0	0			0	0	0	0	0	0	5.349
	4608	5000	總指揮手杖	50	3.孫二娘	04.武器	10.官階	00.無	(3) 敏 / 體 / 智	09.聲望	"63,000"	"6,300"	12		pc03_weapon_6020			100	231	0	0	4	3	4	0	0	0	0	0	0	0	0	0	0	0	0	0	0	0	0	0	0	0	0	0	0			0	0	0	0	0	0	5.349
	4609	5000	總元帥帽	65	3.孫二娘	01.帽子	10.官階	00.無	(3) 敏 / 體 / 智	09.聲望	"100,000"	"10,000"	9		pc03_hat_6030			100	0	42	0	5	4	6	0	0	0	0	0	0	0	0	0	0	0	0	0	0	0	0	0	0	0	0	0	0			0	0	0	0	0	0	9.346
	4610	5000	總元帥服	65	3.孫二娘	02.上衣	10.官階	00.無	(3) 敏 / 體 / 智	09.聲望	"130,000"	"13,000"	10		pc03_torso_6030			100	0	91	0	5	4	6	0	0	0	0	0	0	0	0	0	0	0	0	0	0	0	0	0	0	0	0	0	0			0	0	0	0	0	0	9.346
	4611	5000	總元帥靴	65	3.孫二娘	03.褲子	10.官階	00.無	(3) 敏 / 體 / 智	09.聲望	"120,000"	"12,000"	11		pc03_pelvis_6030			100	0	53	0	5	4	6	0	0	0	0	0	0	0	0	0	0	0	0	0	0	0	0	0	0	0	0	0	0			0	0	0	0	0	0	9.346
	4612	5000	總元帥手杖	65	3.孫二娘	04.武器	10.官階	00.無	(3) 敏 / 體 / 智	09.聲望	"220,000"	"22,000"	12		pc03_weapon_6030			100	393	0	0	5	4	6	0	0	0	0	0	0	0	0	0	0	0	0	0	0	0	0	0	0	0	0	0	0			0	0	0	0	0	0	9.346
	4651	5000	士官長帽	25	4.戴宗	01.帽子	10.官階	00.無	(3) 敏 / 體 / 智	09.聲望	"1,200"	120	9		pc04_hat_6010			100	0	14	0	2	2	2	0	0	0	0	0	0	0	0	0	0	0	0	0	0	0	0	0	0	0	0	0	0			0	0	0	0	0	0	0.826
	4652	5000	士官長服	25	4.戴宗	02.上衣	10.官階	00.無	(3) 敏 / 體 / 智	09.聲望	"1,600"	160	10		pc04_torso_6010			100	0	30	0	2	2	2	0	0	0	0	0	0	0	0	0	0	0	0	0	0	0	0	0	0	0	0	0	0			0	0	0	0	0	0	0.826
	4653	5000	士官長靴	25	4.戴宗	03.褲子	10.官階	00.無	(3) 敏 / 體 / 智	09.聲望	"1,400"	140	11		pc04_pelvis_6010			100	0	17	0	2	2	2	0	0	0	0	0	0	0	0	0	0	0	0	0	0	0	0	0	0	0	0	0	0			0	0	0	0	0	0	0.826
	4654	5000	士官長徽章	25	4.戴宗	04.武器	10.官階	00.無	(3) 敏 / 體 / 智	09.聲望	"2,600"	260	12		pc04_weapon_6010			100	74	0	0	2	2	2	0	0	0	0	0	0	0	0	0	0	0	0	0	0	0	0	0	0	0	0	0	0			0	0	0	0	0	0	0.826
	4655	5000	總指揮帽	50	4.戴宗	01.帽子	10.官階	00.無	(3) 敏 / 體 / 智	09.聲望	"30,000"	"3,000"	9		pc04_hat_6020			100	0	32	0	4	3	4	0	0	0	0	0	0	0	0	0	0	0	0	0	0	0	0	0	0	0	0	0	0			0	0	0	0	0	0	5.349
	4656	5000	總指揮靴	50	4.戴宗	02.上衣	10.官階	00.無	(3) 敏 / 體 / 智	09.聲望	"38,000"	"3,800"	10		pc04_torso_6020			100	0	69	0	4	3	4	0	0	0	0	0	0	0	0	0	0	0	0	0	0	0	0	0	0	0	0	0	0			0	0	0	0	0	0	5.349
	4657	5000	總指揮鞋	50	4.戴宗	03.褲子	10.官階	00.無	(3) 敏 / 體 / 智	09.聲望	"34,000"	"3,400"	11		pc04_pelvis_6020			100	0	40	0	4	3	4	0	0	0	0	0	0	0	0	0	0	0	0	0	0	0	0	0	0	0	0	0	0			0	0	0	0	0	0	5.349
	4658	5000	總指揮徽章	50	4.戴宗	04.武器	10.官階	00.無	(3) 敏 / 體 / 智	09.聲望	"63,000"	"6,300"	12		pc04_weapon_6020			100	221	0	0	4	3	4	0	0	0	0	0	0	0	0	0	0	0	0	0	0	0	0	0	0	0	0	0	0			0	0	0	0	0	0	5.349
	4659	5000	總元帥帽	65	4.戴宗	01.帽子	10.官階	00.無	(3) 敏 / 體 / 智	09.聲望	"100,000"	"10,000"	9		pc04_hat_6030			100	0	44	0	5	4	5	0	0	0	0	0	0	0	0	0	0	0	0	0	0	0	0	0	0	0	0	0	0			0	0	0	0	0	0	9.346
	4660	5000	總元帥服	65	4.戴宗	02.上衣	10.官階	00.無	(3) 敏 / 體 / 智	09.聲望	"130,000"	"13,000"	10		pc04_torso_6030			100	0	95	0	5	4	5	0	0	0	0	0	0	0	0	0	0	0	0	0	0	0	0	0	0	0	0	0	0			0	0	0	0	0	0	9.346
	4661	5000	總元帥靴	65	4.戴宗	03.褲子	10.官階	00.無	(3) 敏 / 體 / 智	09.聲望	"120,000"	"12,000"	11		pc04_pelvis_6030			100	0	55	0	5	4	5	0	0	0	0	0	0	0	0	0	0	0	0	0	0	0	0	0	0	0	0	0	0			0	0	0	0	0	0	9.346
	4662	5000	總元帥徽章	65	4.戴宗	04.武器	10.官階	00.無	(3) 敏 / 體 / 智	09.聲望	"220,000"	"22,000"	12		pc04_weapon_6030			100	377	0	0	5	4	5	0	0	0	0	0	0	0	0	0	0	0	0	0	0	0	0	0	0	0	0	0	0			0	0	0	0	0	0	9.346
	4701	5000	士官長帽	25	5.史進	01.帽子	10.官階	00.無	(3) 敏 / 體 / 智	09.聲望	"1,200"	120	9		pc05_hat_6010			100	0	16	0	2	2	2	0	0	0	0	0	0	0	0	0	0	0	0	0	0	0	0	0	0	0	0	0	0			0	0	0	0	0	0	0.826
	4702	5000	士官長服	25	5.史進	02.上衣	10.官階	00.無	(3) 敏 / 體 / 智	09.聲望	"1,600"	160	10		pc05_torso_6010			100	0	34	0	2	2	2	0	0	0	0	0	0	0	0	0	0	0	0	0	0	0	0	0	0	0	0	0	0			0	0	0	0	0	0	0.826
	4703	5000	士官長褲	25	5.史進	03.褲子	10.官階	00.無	(3) 敏 / 體 / 智	09.聲望	"1,400"	140	11		pc05_pelvis_6010			100	0	20	0	2	2	2	0	0	0	0	0	0	0	0	0	0	0	0	0	0	0	0	0	0	0	0	0	0			0	0	0	0	0	0	0.826
	4704	5000	士官長棍	25	5.史進	04.武器	10.官階	00.無	(3) 敏 / 體 / 智	09.聲望	"2,600"	260	12		pc05_weapon_6010			100	81	0	0	2	2	2	0	0	0	0	0	0	0	0	0	0	0	0	0	0	0	0	0	0	0	0	0	0			0	0	0	0	0	0	0.826
	4705	5000	總指揮帽	50	5.史進	01.帽子	10.官階	00.無	(3) 敏 / 體 / 智	09.聲望	"30,000"	"3,000"	9		pc05_hat_6020			100	0	37	0	4	4	4	0	0	0	0	0	0	0	0	0	0	0	0	0	0	0	0	0	0	0	0	0	0			0	0	0	0	0	0	5.349
	4706	5000	總指揮靴	50	5.史進	02.上衣	10.官階	00.無	(3) 敏 / 體 / 智	09.聲望	"38,000"	"3,800"	10		pc05_torso_6020			100	0	80	0	4	4	4	0	0	0	0	0	0	0	0	0	0	0	0	0	0	0	0	0	0	0	0	0	0			0	0	0	0	0	0	5.349
	4707	5000	總指揮褲	50	5.史進	03.褲子	10.官階	00.無	(3) 敏 / 體 / 智	09.聲望	"34,000"	"3,400"	11		pc05_pelvis_6020			100	0	46	0	4	4	4	0	0	0	0	0	0	0	0	0	0	0	0	0	0	0	0	0	0	0	0	0	0			0	0	0	0	0	0	5.349
	4708	5000	總指揮棍	50	5.史進	04.武器	10.官階	00.無	(3) 敏 / 體 / 智	09.聲望	"63,000"	"6,300"	12		pc05_weapon_6020			100	242	0	0	4	4	4	0	0	0	0	0	0	0	0	0	0	0	0	0	0	0	0	0	0	0	0	0	0			0	0	0	0	0	0	5.349
	4709	5000	總元帥帽	65	5.史進	01.帽子	10.官階	00.無	(3) 敏 / 體 / 智	09.聲望	"100,000"	"10,000"	9		pc05_hat_6030			100	0	51	0	5	5	5	0	0	0	0	0	0	0	0	0	0	0	0	0	0	0	0	0	0	0	0	0	0			0	0	0	0	0	0	9.346
	4710	5000	總元帥服	65	5.史進	02.上衣	10.官階	00.無	(3) 敏 / 體 / 智	09.聲望	"130,000"	"13,000"	10		pc05_torso_6030			100	0	110	0	5	5	5	0	0	0	0	0	0	0	0	0	0	0	0	0	0	0	0	0	0	0	0	0	0			0	0	0	0	0	0	9.346
	4711	5000	總元帥褲	65	5.史進	03.褲子	10.官階	00.無	(3) 敏 / 體 / 智	09.聲望	"120,000"	"12,000"	11		pc05_pelvis_6030			100	0	64	0	5	5	5	0	0	0	0	0	0	0	0	0	0	0	0	0	0	0	0	0	0	0	0	0	0			0	0	0	0	0	0	9.346
	4712	5000	總元帥棍	65	5.史進	04.武器	10.官階	00.無	(3) 敏 / 體 / 智	09.聲望	"220,000"	"22,000"	12		pc05_weapon_6030			100	412	0	0	5	5	5	0	0	0	0	0	0	0	0	0	0	0	0	0	0	0	0	0	0	0	0	0	0			0	0	0	0	0	0	9.346
	4751	5000	士官長帽	25	6.李逵	01.帽子	10.官階	00.無	(3) 敏 / 體 / 智	09.聲望	"1,200"	120	9		pc06_hat_6010			100	0	17	0	2	3	2	0	0	0	0	0	0	0	0	0	0	0	0	0	0	0	0	0	0	0	0	0	0			0	0	0	0	0	0	0.826
	4752	5000	士官長服	25	6.李逵	02.上衣	10.官階	00.無	(3) 敏 / 體 / 智	09.聲望	"1,600"	160	10		pc06_torso_6010			100	0	36	0	2	3	2	0	0	0	0	0	0	0	0	0	0	0	0	0	0	0	0	0	0	0	0	0	0			0	0	0	0	0	0	0.826
	4753	5000	士官長褲	25	6.李逵	03.褲子	10.官階	00.無	(3) 敏 / 體 / 智	09.聲望	"1,400"	140	11		pc06_pelvis_6010			100	0	21	0	2	3	2	0	0	0	0	0	0	0	0	0	0	0	0	0	0	0	0	0	0	0	0	0	0			0	0	0	0	0	0	0.826
	4754	5000	士官長斧	25	6.李逵	04.武器	10.官階	00.無	(3) 敏 / 體 / 智	09.聲望	"2,600"	260	12		pc06_weapon_6010			100	76	0	0	2	3	2	0	0	0	0	0	0	0	0	0	0	0	0	0	0	0	0	0	0	0	0	0	0			0	0	0	0	0	0	0.826
	4755	5000	總指揮帽	50	6.李逵	01.帽子	10.官階	00.無	(3) 敏 / 體 / 智	09.聲望	"30,000"	"3,000"	9		pc06_hat_6020			100	0	38	0	4	5	3	0	0	0	0	0	0	0	0	0	0	0	0	0	0	0	0	0	0	0	0	0	0			0	0	0	0	0	0	5.349
	4756	5000	總指揮褲	50	6.李逵	02.上衣	10.官階	00.無	(3) 敏 / 體 / 智	09.聲望	"38,000"	"3,800"	10		pc06_torso_6020			100	0	83	0	4	5	3	0	0	0	0	0	0	0	0	0	0	0	0	0	0	0	0	0	0	0	0	0	0			0	0	0	0	0	0	5.349
	4757	5000	總指揮褲	50	6.李逵	03.褲子	10.官階	00.無	(3) 敏 / 體 / 智	09.聲望	"34,000"	"3,400"	11		pc06_pelvis_6020			100	0	48	0	4	5	3	0	0	0	0	0	0	0	0	0	0	0	0	0	0	0	0	0	0	0	0	0	0			0	0	0	0	0	0	5.349
	4758	5000	總指揮斧	50	6.李逵	04.武器	10.官階	00.無	(3) 敏 / 體 / 智	09.聲望	"63,000"	"6,300"	12		pc06_weapon_6020			100	226	0	0	4	5	3	0	0	0	0	0	0	0	0	0	0	0	0	0	0	0	0	0	0	0	0	0	0			0	0	0	0	0	0	5.349
	4759	5000	總元帥帽	65	6.李逵	01.帽子	10.官階	00.無	(3) 敏 / 體 / 智	09.聲望	"100,000"	"10,000"	9		pc06_hat_6030			100	0	53	0	5	7	4	0	0	0	0	0	0	0	0	0	0	0	0	0	0	0	0	0	0	0	0	0	0			0	0	0	0	0	0	9.346
	4760	5000	總元帥服	65	6.李逵	02.上衣	10.官階	00.無	(3) 敏 / 體 / 智	09.聲望	"130,000"	"13,000"	10		pc06_torso_6030			100	0	114	0	5	7	4	0	0	0	0	0	0	0	0	0	0	0	0	0	0	0	0	0	0	0	0	0	0			0	0	0	0	0	0	9.346
	4761	5000	總元帥褲	65	6.李逵	03.褲子	10.官階	00.無	(3) 敏 / 體 / 智	09.聲望	"120,000"	"12,000"	11		pc06_pelvis_6030			100	0	66	0	5	7	4	0	0	0	0	0	0	0	0	0	0	0	0	0	0	0	0	0	0	0	0	0	0			0	0	0	0	0	0	9.346
	4762	5000	總元帥斧	65	6.李逵	04.武器	10.官階	00.無	(3) 敏 / 體 / 智	09.聲望	"220,000"	"22,000"	12		pc06_weapon_6030			100	385	0	0	5	7	4	0	0	0	0	0	0	0	0	0	0	0	0	0	0	0	0	0	0	0	0	0	0			0	0	0	0	0	0	9.346
	4801	5000	士官長帽	25	7.顧大嫂	01.帽子	10.官階	00.無	(3) 敏 / 體 / 智	09.聲望	"1,200"	120	9		pc07_hat_6010			100	0	15	0	2	2	2	0	0	0	0	0	0	0	0	0	0	0	0	0	0	0	0	0	0	0	0	0	0			0	0	0	0	0	0	0.826
	4802	5000	士官長服	25	7.顧大嫂	02.上衣	10.官階	00.無	(3) 敏 / 體 / 智	09.聲望	"1,600"	160	10		pc07_torso_6010			100	0	32	0	2	2	2	0	0	0	0	0	0	0	0	0	0	0	0	0	0	0	0	0	0	0	0	0	0			0	0	0	0	0	0	0.826
	4803	5000	士官長靴	25	7.顧大嫂	03.褲子	10.官階	00.無	(3) 敏 / 體 / 智	09.聲望	"1,400"	140	11		pc07_pelvis_6010			100	0	19	0	2	2	2	0	0	0	0	0	0	0	0	0	0	0	0	0	0	0	0	0	0	0	0	0	0			0	0	0	0	0	0	0.826
	4804	5000	士官長狼牙棒	25	7.顧大嫂	04.武器	10.官階	00.無	(3) 敏 / 體 / 智	09.聲望	"2,600"	260	12		pc07_weapon_6010			100	80	0	0	2	2	2	0	0	0	0	0	0	0	0	0	0	0	0	0	0	0	0	0	0	0	0	0	0			0	0	0	0	0	0	0.826
	4805	5000	總指揮帽	50	7.顧大嫂	01.帽子	10.官階	00.無	(3) 敏 / 體 / 智	09.聲望	"30,000"	"3,000"	9		pc07_hat_6020			100	0	34	0	4	3	4	0	0	0	0	0	0	0	0	0	0	0	0	0	0	0	0	0	0	0	0	0	0			0	0	0	0	0	0	5.349
	4806	5000	總指揮靴	50	7.顧大嫂	02.上衣	10.官階	00.無	(3) 敏 / 體 / 智	09.聲望	"38,000"	"3,800"	10		pc07_torso_6020			100	0	74	0	4	3	4	0	0	0	0	0	0	0	0	0	0	0	0	0	0	0	0	0	0	0	0	0	0			0	0	0	0	0	0	5.349
	4807	5000	總指揮鞋	50	7.顧大嫂	03.褲子	10.官階	00.無	(3) 敏 / 體 / 智	09.聲望	"34,000"	"3,400"	11		pc07_pelvis_6020			100	0	43	0	4	3	4	0	0	0	0	0	0	0	0	0	0	0	0	0	0	0	0	0	0	0	0	0	0			0	0	0	0	0	0	5.349
	4808	5000	總指揮狼牙棒	50	7.顧大嫂	04.武器	10.官階	00.無	(3) 敏 / 體 / 智	09.聲望	"63,000"	"6,300"	12		pc07_weapon_6020			100	240	0	0	4	3	4	0	0	0	0	0	0	0	0	0	0	0	0	0	0	0	0	0	0	0	0	0	0			0	0	0	0	0	0	5.349
	4809	5000	總元帥帽	65	7.顧大嫂	01.帽子	10.官階	00.無	(3) 敏 / 體 / 智	09.聲望	"100,000"	"10,000"	9		pc07_hat_6030			100	0	48	0	5	4	5	0	0	0	0	0	0	0	0	0	0	0	0	0	0	0	0	0	0	0	0	0	0			0	0	0	0	0	0	9.346
	4810	5000	總元帥服	65	7.顧大嫂	02.上衣	10.官階	00.無	(3) 敏 / 體 / 智	09.聲望	"130,000"	"13,000"	10		pc07_torso_6030			100	0	102	0	5	4	5	0	0	0	0	0	0	0	0	0	0	0	0	0	0	0	0	0	0	0	0	0	0			0	0	0	0	0	0	9.346
	4811	5000	總元帥靴	65	7.顧大嫂	03.褲子	10.官階	00.無	(3) 敏 / 體 / 智	09.聲望	"120,000"	"12,000"	11		pc07_pelvis_6030			100	0	60	0	5	4	5	0	0	0	0	0	0	0	0	0	0	0	0	0	0	0	0	0	0	0	0	0	0			0	0	0	0	0	0	9.346
	4812	5000	總元帥狼牙棒	65	7.顧大嫂	04.武器	10.官階	00.無	(3) 敏 / 體 / 智	09.聲望	"220,000"	"22,000"	12		pc07_weapon_6030			100	408	0	0	5	4	5	0	0	0	0	0	0	0	0	0	0	0	0	0	0	0	0	0	0	0	0	0	0			0	0	0	0	0	0	9.346
	4851	5000	士官長帽	25	8.花榮	01.帽子	10.官階	00.無	(3) 敏 / 體 / 智	09.聲望	"1,200"	120	9		pc08_hat_6010			100	0	14	0	3	2	2	0	0	0	0	0	0	0	0	0	0	0	0	0	0	0	0	0	0	0	0	0	0			0	0	0	0	0	0	0.826
	4852	5000	士官長面甲	25	8.花榮	02.上衣	10.官階	00.無	(3) 敏 / 體 / 智	09.聲望	"1,600"	160	10		pc08_torso_6010			100	0	30	0	3	2	2	0	0	0	0	0	0	0	0	0	0	0	0	0	0	0	0	0	0	0	0	0	0			0	0	0	0	0	0	0.826
	4853	5000	士官長連身甲	25	8.花榮	03.褲子	10.官階	00.無	(3) 敏 / 體 / 智	09.聲望	"1,400"	140	11		pc08_pelvis_6010			100	0	17	0	3	2	2	0	0	0	0	0	0	0	0	0	0	0	0	0	0	0	0	0	0	0	0	0	0			0	0	0	0	0	0	0.826
	4854	5000	士官長弓箭	25	8.花榮	04.武器	10.官階	00.無	(3) 敏 / 體 / 智	09.聲望	"2,600"	260	12		pc08_weapon_6010			100	74	0	0	3	2	2	0	0	0	0	0	0	0	0	0	0	0	0	0	0	0	0	0	0	0	0	0	0			0	0	0	0	0	0	0.826
	4855	5000	總指揮帽	50	8.花榮	01.帽子	10.官階	00.無	(3) 敏 / 體 / 智	09.聲望	"30,000"	"3,000"	9		pc08_hat_6020			100	0	32	0	4	3	4	0	0	0	0	0	0	0	0	0	0	0	0	0	0	0	0	0	0	0	0	0	0			0	0	0	0	0	0	5.349
	4856	5000	總指揮面甲	50	8.花榮	02.上衣	10.官階	00.無	(3) 敏 / 體 / 智	09.聲望	"38,000"	"3,800"	10		pc08_torso_6020			100	0	69	0	4	3	4	0	0	0	0	0	0	0	0	0	0	0	0	0	0	0	0	0	0	0	0	0	0			0	0	0	0	0	0	5.349
	4857	5000	總指揮連身甲	50	8.花榮	03.褲子	10.官階	00.無	(3) 敏 / 體 / 智	09.聲望	"34,000"	"3,400"	11		pc08_pelvis_6020			100	0	40	0	4	3	4	0	0	0	0	0	0	0	0	0	0	0	0	0	0	0	0	0	0	0	0	0	0			0	0	0	0	0	0	5.349
	4858	5000	總指揮弓箭	50	8.花榮	04.武器	10.官階	00.無	(3) 敏 / 體 / 智	09.聲望	"63,000"	"6,300"	12		pc08_weapon_6020			100	221	0	0	4	3	4	0	0	0	0	0	0	0	0	0	0	0	0	0	0	0	0	0	0	0	0	0	0			0	0	0	0	0	0	5.349
	4859	5000	總元帥帽	65	8.花榮	01.帽子	10.官階	00.無	(3) 敏 / 體 / 智	09.聲望	"100,000"	"10,000"	9		pc08_hat_6030			100	0	44	0	6	4	5	0	0	0	0	0	0	0	0	0	0	0	0	0	0	0	0	0	0	0	0	0	0			0	0	0	0	0	0	9.346
	4860	5000	總元帥面甲	65	8.花榮	02.上衣	10.官階	00.無	(3) 敏 / 體 / 智	09.聲望	"130,000"	"13,000"	10		pc08_torso_6030			100	0	95	0	6	4	5	0	0	0	0	0	0	0	0	0	0	0	0	0	0	0	0	0	0	0	0	0	0			0	0	0	0	0	0	9.346
	4861	5000	總元帥連身甲	65	8.花榮	03.褲子	10.官階	00.無	(3) 敏 / 體 / 智	09.聲望	"120,000"	"12,000"	11		pc08_pelvis_6030			100	0	55	0	6	4	5	0	0	0	0	0	0	0	0	0	0	0	0	0	0	0	0	0	0	0	0	0	0			0	0	0	0	0	0	9.346
	4862	5000	總元帥弓箭	65	8.花榮	04.武器	10.官階	00.無	(3) 敏 / 體 / 智	09.聲望	"220,000"	"22,000"	12		pc08_weapon_6030			100	377	0	0	6	4	5	0	0	0	0	0	0	0	0	0	0	0	0	0	0	0	0	0	0	0	0	0	0			0	0	0	0	0	0	9.346
# 裝飾型守護神 5001-5500																																																							
	5001	5000	關公	1	0.全角色	08.守護神	09.裝飾型	00.無	(1) 最大 MP	04.GASH商城	110	0	13	11101	guardian21			100	0	0	0	0	0	0	0	0	0	0	0	0	0	0	0	0	0	0	0	40	1	1	0	1	0	0	0	0			0	0	0	0	0	0	0.023
	5002	5000	財神	1	0.全角色	08.守護神	09.裝飾型	00.無	(1) 最大 MP	04.GASH商城	110	0	13	11102	guardian22			100	0	0	0	0	0	0	0	0	0	0	0	0	0	0	0	0	0	0	0	40	1	1	0	1	0	0	0	0			0	0	0	0	0	0	0.023
	5003	5000	濟公	1	0.全角色	08.守護神	09.裝飾型	00.無	(1) 最大 MP	04.GASH商城	110	0	13	11103	guardian23			100	0	0	0	0	0	0	0	0	0	0	0	0	0	0	0	0	0	0	0	40	1	1	0	1	0	0	0	0			0	0	0	0	0	0	0.023
	5004	5000	媽祖	1	0.全角色	08.守護神	09.裝飾型	00.無	(1) 最大 MP	04.GASH商城	110	0	13	11104	guardian24			100	0	0	0	0	0	0	0	0	0	0	0	0	0	0	0	0	0	0	0	40	1	1	0	1	0	0	0	0			0	0	0	0	0	0	0.023
	5005	5000	彌勒佛	1	0.全角色	08.守護神	09.裝飾型	00.無	(1) 最大 MP	04.GASH商城	110	0	13	11105	guardian25			100	0	0	0	0	0	0	0	0	0	0	0	0	0	0	0	0	0	0	0	40	1	1	0	1	0	0	0	0			0	0	0	0	0	0	0.023
	5006	5000	土地公	1	0.全角色	08.守護神	09.裝飾型	00.無	(1) 最大 MP	04.GASH商城	110	0	13	11106	guardian26			100	0	0	0	0	0	0	0	0	0	0	0	0	0	0	0	0	0	0	0	40	1	1	0	1	0	0	0	0			0	0	0	0	0	0	0.023
	5007	5000	釋迦摩尼佛	1	0.全角色	08.守護神	09.裝飾型	00.無	(1) 最大 MP	04.GASH商城	110	0	13	11107	guardian27			100	0	0	0	0	0	0	0	0	0	0	0	0	0	0	0	0	0	0	0	40	1	1	0	1	0	0	0	0			0	0	0	0	0	0	0.023
	5008	5000	觀世音菩薩	1	0.全角色	08.守護神	09.裝飾型	00.無	(1) 最大 MP	04.GASH商城	110	0	13	11108	guardian28			100	0	0	0	0	0	0	0	0	0	0	0	0	0	0	0	0	0	0	0	40	1	1	0	1	0	0	0	0			0	0	0	0	0	0	0.023
	5009	5000	月下老人	1	0.全角色	08.守護神	09.裝飾型	00.無	(1) 最大 MP	04.GASH商城	110	0	13	11109	guardian29			100	0	0	0	0	0	0	0	0	0	0	0	0	0	0	0	0	0	0	0	40	1	1	0	1	0	0	0	0			0	0	0	0	0	0	0.023
	5010	5000	幸運飛馬	1	0.全角色	08.守護神	09.裝飾型	00.無	(1) 最大 MP	04.GASH商城	110	0	13	11110	guardian101			100	0	0	0	0	0	0	0	0	0	0	0	0	0	0	0	0	0	0	0	40	1	1	0	1	0	0	0	0			0	0	0	0	0	0	0.023
	5011	5000	上帝	1	0.全角色	08.守護神	09.裝飾型	00.無	(1) 最大 MP	04.GASH商城	110	0	13	11111	guardian102			100	0	0	0	0	0	0	0	0	0	0	0	0	0	0	0	0	0	0	0	40	1	1	0	1	0	0	0	0			0	0	0	0	0	0	0.023
	5012	5000	太陽神	1	0.全角色	08.守護神	09.裝飾型	00.無	(1) 最大 MP	04.GASH商城	110	0	13	11112	guardian103			100	0	0	0	0	0	0	0	0	0	0	0	0	0	0	0	0	0	0	0	40	1	1	0	1	0	0	0	0			0	0	0	0	0	0	0.023
	5013	5000	月亮女神	1	0.全角色	08.守護神	09.裝飾型	00.無	(1) 最大 MP	04.GASH商城	110	0	13	11113	guardian104			100	0	0	0	0	0	0	0	0	0	0	0	0	0	0	0	0	0	0	0	40	1	1	0	1	0	0	0	0			0	0	0	0	0	0	0.023
	5014	5000	海神	1	0.全角色	08.守護神	09.裝飾型	00.無	(1) 最大 MP	04.GASH商城	110	0	13	11114	guardian105			100	0	0	0	0	0	0	0	0	0	0	0	0	0	0	0	0	0	0	0	40	1	1	0	1	0	0	0	0			0	0	0	0	0	0	0.023
	5015	5000	幸運草神	1	0.全角色	08.守護神	09.裝飾型	00.無	(1) 最大 MP	04.GASH商城	110	0	13	11115	guardian106			100	0	0	0	0	0	0	0	0	0	0	0	0	0	0	0	0	0	0	0	40	1	1	0	1	0	0	0	0			0	0	0	0	0	0	0.023
	5016	5000	智慧女神	1	0.全角色	08.守護神	09.裝飾型	00.無	(1) 最大 MP	04.GASH商城	110	0	13	11116	guardian107			100	0	0	0	0	0	0	0	0	0	0	0	0	0	0	0	0	0	0	0	40	1	1	0	1	0	0	0	0			0	0	0	0	0	0	0.023
	5017	5000	愛神	1	0.全角色	08.守護神	09.裝飾型	00.無	(1) 最大 MP	04.GASH商城	110	0	13	11117	guardian108			100	0	0	0	0	0	0	0	0	0	0	0	0	0	0	0	0	0	0	0	40	1	1	0	1	0	0	0	0			0	0	0	0	0	0	0.023
	5018	5000	守護天使	1	0.全角色	08.守護神	09.裝飾型	00.無	(1) 最大 MP	04.GASH商城	110	0	13	11118	guardian109			100	0	0	0	0	0	0	0	0	0	0	0	0	0	0	0	0	0	0	0	40	1	1	0	1	0	0	0	0			0	0	0	0	0	0	0.023
	5019	5000	惠比須	1	0.全角色	08.守護神	09.裝飾型	00.無	(1) 最大 MP	04.GASH商城	110	0	13	11119	guardian301			100	0	0	0	0	0	0	0	0	0	0	0	0	0	0	0	0	0	0	0	40	1	1	0	1	0	0	0	0			0	0	0	0	0	0	0.023
	5020	5000	大黑天	1	0.全角色	08.守護神	09.裝飾型	00.無	(1) 最大 MP	04.GASH商城	110	0	13	11120	guardian302			100	0	0	0	0	0	0	0	0	0	0	0	0	0	0	0	0	0	0	0	40	1	1	0	1	0	0	0	0			0	0	0	0	0	0	0.023
	5021	5000	毘沙門天	1	0.全角色	08.守護神	09.裝飾型	00.無	(1) 最大 MP	04.GASH商城	110	0	13	11121	guardian303			100	0	0	0	0	0	0	0	0	0	0	0	0	0	0	0	0	0	0	0	40	1	1	0	1	0	0	0	0			0	0	0	0	0	0	0.023
	5022	5000	壽老人	1	0.全角色	08.守護神	09.裝飾型	00.無	(1) 最大 MP	04.GASH商城	110	0	13	11122	guardian304			100	0	0	0	0	0	0	0	0	0	0	0	0	0	0	0	0	0	0	0	40	1	1	0	1	0	0	0	0			0	0	0	0	0	0	0.023
	5023	5000	福祿壽	1	0.全角色	08.守護神	09.裝飾型	00.無	(1) 最大 MP	04.GASH商城	110	0	13	11123	guardian305			100	0	0	0	0	0	0	0	0	0	0	0	0	0	0	0	0	0	0	0	40	1	1	0	1	0	0	0	0			0	0	0	0	0	0	0.023
	5024	5000	弁才天	1	0.全角色	08.守護神	09.裝飾型	00.無	(1) 最大 MP	04.GASH商城	110	0	13	11124	guardian306			100	0	0	0	0	0	0	0	0	0	0	0	0	0	0	0	0	0	0	0	40	1	1	0	1	0	0	0	0			0	0	0	0	0	0	0.023
	5025	5000	布袋	1	0.全角色	08.守護神	09.裝飾型	00.無	(1) 最大 MP	04.GASH商城	110	0	13	11125	guardian307			100	0	0	0	0	0	0	0	0	0	0	0	0	0	0	0	0	0	0	0	40	1	1	0	1	0	0	0	0			0	0	0	0	0	0	0.023
	5026	5000	招財貓	1	0.全角色	08.守護神	09.裝飾型	00.無	(1) 最大 MP	10.活動獎勵	110	0	13	11126	guardian308			100	0	0	0	0	0	0	0	0	0	0	0	0	0	0	0	0	0	0	0	40	1	1	0	1	0	0	0	0			0	0	0	0	0	0	0.023
	5027	5000	地藏菩薩	1	0.全角色	08.守護神	09.裝飾型	00.無	(1) 最大 MP	04.GASH商城	110	0	13	11127	guardian309			100	0	0	0	0	0	0	0	0	0	0	0	0	0	0	0	0	0	0	0	40	1	1	0	1	0	0	0	0			0	0	0	0	0	0	0.023
# 裝飾型坐騎 5501-6000																																																							
	5501	5000	飛行火箭	1	0.全角色	09.坐騎	09.裝飾型	00.無	(0) 無	04.GASH商城	280	0	14	11601				100	0	0	0	0	0	0	0	0	0	0	0	0	0	0	0	0	0	0	0	0	1	1	0	0	0	0	0	10			0	0	0	0	0	0	0.023
	5502	5000	蒸汽火車頭	1	0.全角色	09.坐騎	09.裝飾型	00.無	(0) 無	04.GASH商城	280	0	14	11602				100	0	0	0	0	0	0	0	0	0	0	0	0	0	0	0	0	0	0	0	0	1	1	0	0	0	0	0	10			0	0	0	0	0	0	0.023
	5503	5000	MINICAR	1	0.全角色	09.坐騎	09.裝飾型	00.無	(0) 無	04.GASH商城	280	0	14	11603				100	0	0	0	0	0	0	0	0	0	0	0	0	0	0	0	0	0	0	0	0	1	1	0	0	0	0	0	10			0	0	0	0	0	0	0.023
	5504	5000	急速坦克	1	0.全角色	09.坐騎	09.裝飾型	00.無	(0) 無	04.GASH商城	280	0	14	11604				100	0	0	0	0	0	0	0	0	0	0	0	0	0	0	0	0	0	0	0	0	1	1	0	0	0	0	0	10			0	0	0	0	0	0	0.023
# 裝飾型裝備 6001-25000																																																							
	6001	5000	漁人斗笠	1	1.林沖	01.帽子	09.裝飾型	00.無	(0) 無	04.GASH商城	130	0	9		pc01_hat_5010			100	0	9	0	0	0	0	0	0	0	0	0	0	0	0	0	0	0	0	0	0	0	0	0	0	0	0	0	5			0	0	0	0	0	0	0.023
	6002	5000	漁人蓑衣	1	1.林沖	02.上衣	09.裝飾型	00.無	(0) 無	04.GASH商城	170	0	10		pc01_torso_5010			100	0	20	0	0	0	0	0	0	0	0	0	0	0	0	0	0	0	0	0	0	0	0	0	0	0	0	0	5			0	0	0	0	0	0	0.023
	6003	5000	漁人足具	1	1.林沖	03.褲子	09.裝飾型	00.無	(0) 無	04.GASH商城	150	0	11		pc01_pelvis_5010			100	0	12	0	0	0	0	0	0	0	0	0	0	0	0	0	0	0	0	0	0	0	0	0	0	0	0	0	5			0	0	0	0	0	0	0.023
	6004	5000	漁人叉	1	1.林沖	04.武器	09.裝飾型	00.無	(0) 無	04.GASH商城	280	0	12		pc01_weapon_5010			100	37	0	0	0	0	0	0	0	0	0	0	0	0	0	0	0	0	0	0	0	0	0	0	0	0	0	0	5			0	0	0	0	0	0	0.023
	6005	5000	屠殺者面具	1	1.林沖	01.帽子	09.裝飾型	00.無	(0) 無	04.GASH商城	130	0	9		pc01_hat_5020			100	0	9	0	0	0	0	25	0	0	0	0	0	0	0	0	0	0	0	0	0	0	0	0	0	0	0	0	0			0	0	0	0	0	0	0.023
	6006	5000	屠殺者背心	1	1.林沖	02.上衣	09.裝飾型	00.無	(0) 無	04.GASH商城	170	0	10		pc01_torso_5020			100	0	20	0	0	0	0	25	0	0	0	0	0	0	0	0	0	0	0	0	0	0	0	0	0	0	0	0	0			0	0	0	0	0	0	0.023
	6007	5000	屠殺者褲	1	1.林沖	03.褲子	09.裝飾型	00.無	(0) 無	04.GASH商城	150	0	11		pc01_pelvis_5020			100	0	12	0	0	0	0	25	0	0	0	0	0	0	0	0	0	0	0	0	0	0	0	0	0	0	0	0	0			0	0	0	0	0	0	0.023
	6008	5000	顫慄屠殺者	1	1.林沖	04.武器	09.裝飾型	00.無	(0) 無	04.GASH商城	280	0	12		pc01_weapon_5020			100	37	0	0	0	0	0	50	0	0	0	0	0	0	0	0	0	0	0	0	0	0	0	0	0	0	0	0	0			0	0	0	0	0	0	0.023
	6009	5000	紅花羽翎	10	1.林沖	01.帽子	09.裝飾型	00.無	(0) 無	04.GASH商城	630	0	9		pc01_hat_5030			100	0	22	0	0	0	0	0	0	0	0	0	0	0	0	0	0	0	0	0	0	0	0	0	0	0	0	0	0			0	0	0	0	0	0	0.073
	6010	5000	紅花盔甲	10	1.林沖	02.上衣	09.裝飾型	00.無	(0) 無	04.GASH商城	820	0	10		pc01_torso_5030			100	0	47	0	0	0	0	0	0	0	0	0	0	0	0	0	0	0	0	0	0	0	0	0	0	0	0	0	0			0	0	0	0	0	0	0.073
	6011	5000	紅花鞋	10	1.林沖	03.褲子	09.裝飾型	00.無	(0) 無	04.GASH商城	720	0	11		pc01_pelvis_5030			100	0	27	0	0	0	0	0	0	0	0	0	0	0	0	0	0	0	0	0	0	0	0	0	0	0	0	0	0			0	0	0	0	0	0	0.073
	6012	5000	紅花鐵槍	10	1.林沖	04.武器	09.裝飾型	00.無	(0) 無	04.GASH商城	"1,360"	0	12		pc01_weapon_5030			100	102	0	0	0	0	0	0	0	0	0	0	0	0	0	0	0	0	0	0	0	0	0	0	0	0	0	0	0			0	0	0	0	0	0	0.073
	6013	5000	行僧笠	1	1.林沖	01.帽子	09.裝飾型	00.無	(0) 無	04.GASH商城	130	0	9		pc01_hat_5040			100	0	9	0	0	0	0	0	0	0	0	0	0	0	0	0	0	0	0	0	0	0	0	0	0	0	0	0	0			0	0	0	0	0	0	0.023
	6014	5000	行僧袈裟	1	1.林沖	02.上衣	09.裝飾型	00.無	(0) 無	04.GASH商城	170	0	10		pc01_torso_5040			100	0	20	0	0	0	0	0	0	0	0	0	0	0	0	0	0	0	0	0	0	0	0	0	0	0	0	0	0			0	0	0	0	0	0	0.023
	6015	5000	行僧鞋	1	1.林沖	03.褲子	09.裝飾型	00.無	(0) 無	04.GASH商城	150	0	11		pc01_pelvis_5040			100	0	12	0	0	0	0	0	0	0	0	0	0	0	0	0	0	0	0	0	0	0	0	0	0	0	0	0	0			0	0	0	0	0	0	0.023
	6016	5000	行僧武棍	1	1.林沖	04.武器	09.裝飾型	00.無	(0) 無	04.GASH商城	280	0	12		pc01_weapon_5040			100	37	0	0	0	0	0	0	0	0	0	0	0	0	0	0	0	0	0	0	0	0	0	0	0	0	0	0	0			0	0	0	0	0	0	0.023
	6017	5000	潛水蛙鏡	1	1.林沖	01.帽子	09.裝飾型	00.無	(0) 無	04.GASH商城	130	0	9		pc01_hat_5050			100	0	9	0	0	0	0	0	0	0	0	0	0	0	0	0	0	0	0	0	0	0	0	0	0	0	0	0	0			0	0	0	0	0	0	0.023
	6018	5000	花襯衫	1	1.林沖	02.上衣	09.裝飾型	00.無	(0) 無	04.GASH商城	170	0	10		pc01_torso_5050			100	0	20	0	0	0	0	0	0	0	0	0	0	0	0	0	0	0	0	0	0	0	0	0	0	0	0	0	0			0	0	0	0	0	0	0.023
	6019	5000	海灘鞋	1	1.林沖	03.褲子	09.裝飾型	00.無	(0) 無	04.GASH商城	150	0	11		pc01_pelvis_5050			100	0	12	0	0	0	0	0	0	0	0	0	0	0	0	0	0	0	0	0	0	0	0	0	0	0	0	0	0			0	0	0	0	0	0	0.023
	6020	5000	呼吸管	1	1.林沖	04.武器	09.裝飾型	00.無	(0) 無	04.GASH商城	280	0	12		pc01_weapon_5050			100	37	0	0	0	0	0	0	0	0	0	0	0	0	0	0	0	0	0	0	0	0	0	0	0	0	0	0	0			0	0	0	0	0	0	0.023
	6021	5000	聖誕老人帽	1	1.林沖	01.帽子	09.裝飾型	00.無	(0) 無	04.GASH商城	130	0	9		pc01_hat_5100			100	0	9	0	0	0	0	0	0	150	0	0	0	0	0	0	0	0	0	0	0	0	0	0	0	0	0	0	0			0	0	0	0	0	0	0.023
	6022	5000	聖誕老人袍	1	1.林沖	02.上衣	09.裝飾型	00.無	(0) 無	04.GASH商城	170	0	10		pc01_torso_5100			100	0	20	0	0	0	0	0	0	150	0	0	0	0	0	0	0	0	0	0	0	0	0	0	0	0	0	0	0			0	0	0	0	0	0	0.023
	6023	5000	聖誕老人靴	1	1.林沖	03.褲子	09.裝飾型	00.無	(0) 無	04.GASH商城	150	0	11		pc01_pelvis_5100			100	0	12	0	0	0	0	0	0	150	0	0	0	0	0	0	0	0	0	0	0	0	0	0	0	0	0	0	0			0	0	0	0	0	0	0.023
	6024	5000	聖誕拐杖糖槍	1	1.林沖	04.武器	09.裝飾型	00.無	(0) 無	04.GASH商城	280	0	12		pc01_weapon_5100			100	37	0	0	0	0	0	0	0	200	0	0	0	0	0	0	0	0	0	0	0	0	0	0	0	0	0	0	0			0	0	0	0	0	0	0.023
	6025	5000	斯巴達頭盔	1	1.林沖	01.帽子	09.裝飾型	00.無	(0) 無	04.GASH商城	130	0	9		pc01_hat_5110			100	0	9	0	0	0	0	0	0	0	0	0	0	0	0	0	0	0	0	0	0	0	0	0	0	0	0	0	0			0	0	0	0	0	0	0.023
	6026	5000	斯巴達戰袍	1	1.林沖	02.上衣	09.裝飾型	00.無	(0) 無	04.GASH商城	170	0	10		pc01_torso_5110			100	0	20	0	0	0	0	0	0	0	0	0	0	0	0	0	0	0	0	0	0	0	0	0	0	0	0	0	0			0	0	0	0	0	0	0.023
	6027	5000	斯巴達戰靴	1	1.林沖	03.褲子	09.裝飾型	00.無	(0) 無	04.GASH商城	150	0	11		pc01_pelvis_5110			100	0	12	0	0	0	0	0	0	0	0	0	0	0	0	0	0	0	0	0	0	0	0	0	0	0	0	0	0			0	0	0	0	0	0	0.023
	6028	5000	斯巴達長槍	1	1.林沖	04.武器	09.裝飾型	00.無	(0) 無	04.GASH商城	280	0	12		pc01_weapon_5110			100	37	0	0	0	0	0	0	0	0	0	0	0	0	0	0	0	0	0	0	0	0	0	0	0	0	0	0	0			0	0	0	0	0	0	0.023
	6029	5000	曲棍藍帽	1	1.林沖	01.帽子	09.裝飾型	00.無	(0) 無	04.GASH商城	130	0	9		pc01_hat_5130			100	0	9	0	0	0	0	0	0	0	0	0	0	0	0	0	0	0	0	0	0	0	0	0	0	0	0	0	0			0	0	0	0	0	0	0.023
	6030	5000	曲棍藍衣	1	1.林沖	02.上衣	09.裝飾型	00.無	(0) 無	04.GASH商城	170	0	10		pc01_torso_5130			100	0	20	0	0	0	0	0	0	0	0	0	0	0	0	0	0	0	0	0	0	0	0	0	0	0	0	0	0			0	0	0	0	0	0	0.023
	6031	5000	曲棍藍褲	1	1.林沖	03.褲子	09.裝飾型	00.無	(0) 無	04.GASH商城	150	0	11		pc01_pelvis_5130			100	0	12	0	0	0	0	0	0	0	0	0	0	0	0	0	0	0	0	0	0	0	0	0	0	0	0	0	0			0	0	0	0	0	0	0.023
	6032	5000	藍曲棍	1	1.林沖	04.武器	09.裝飾型	00.無	(0) 無	04.GASH商城	280	0	12		pc01_weapon_5130			100	37	0	0	0	0	0	0	0	0	0	0	0	0	0	0	0	0	0	0	0	0	0	0	0	0	0	0	0			0	0	0	0	0	0	0.023
	6033	5000	曲棍白帽	1	1.林沖	01.帽子	09.裝飾型	00.無	(0) 無	04.GASH商城	130	0	9		pc01_hat_5140			100	0	9	0	0	0	0	0	0	0	0	0	0	0	0	0	0	0	0	0	0	0	0	0	0	0	0	0	0			0	0	0	0	0	0	0.023
	6034	5000	曲棍白衣	1	1.林沖	02.上衣	09.裝飾型	00.無	(0) 無	04.GASH商城	170	0	10		pc01_torso_5140			100	0	20	0	0	0	0	0	0	0	0	0	0	0	0	0	0	0	0	0	0	0	0	0	0	0	0	0	0			0	0	0	0	0	0	0.023
	6035	5000	曲棍白褲	1	1.林沖	03.褲子	09.裝飾型	00.無	(0) 無	04.GASH商城	150	0	11		pc01_pelvis_5140			100	0	12	0	0	0	0	0	0	0	0	0	0	0	0	0	0	0	0	0	0	0	0	0	0	0	0	0	0			0	0	0	0	0	0	0.023
	6036	5000	白曲棍	1	1.林沖	04.武器	09.裝飾型	00.無	(0) 無	04.GASH商城	280	0	12		pc01_weapon_5140			100	37	0	0	0	0	0	0	0	0	0	0	0	0	0	0	0	0	0	0	0	0	0	0	0	0	0	0	0			0	0	0	0	0	0	0.023
	6037	5000	美國足球衣	1	1.林沖	02.上衣	09.裝飾型	00.無	(0) 無	04.GASH商城	170	0	10		pc01_torso_7010			100	0	20	0	0	0	0	0	0	0	0	0	0	0	0	0	0	0	0	0	0	0	0	0	0	0	0	0	0			0	0	0	0	0	0	0.023
	6038	5000	美國足球褲	1	1.林沖	03.褲子	09.裝飾型	00.無	(0) 無	04.GASH商城	150	0	11		pc01_pelvis_7010			100	0	12	0	0	0	0	0	0	0	0	0	0	0	0	0	0	0	0	0	0	0	0	0	0	0	0	0	0			0	0	0	0	0	0	0.023
	6039	5000	英國足球衣	1	1.林沖	02.上衣	09.裝飾型	00.無	(0) 無	04.GASH商城	170	0	10		pc01_torso_7020			100	0	20	0	0	0	0	0	0	0	0	0	0	0	0	0	0	0	0	0	0	0	0	0	0	0	0	0	0			0	0	0	0	0	0	0.023
	6040	5000	英國足球褲	1	1.林沖	03.褲子	09.裝飾型	00.無	(0) 無	04.GASH商城	150	0	11		pc01_pelvis_7020			100	0	12	0	0	0	0	0	0	0	0	0	0	0	0	0	0	0	0	0	0	0	0	0	0	0	0	0	0			0	0	0	0	0	0	0.023
	6041	5000	法國足球衣	1	1.林沖	02.上衣	09.裝飾型	00.無	(0) 無	04.GASH商城	170	0	10		pc01_torso_7030			100	0	20	0	0	0	0	0	0	0	0	0	0	0	0	0	0	0	0	0	0	0	0	0	0	0	0	0	0			0	0	0	0	0	0	0.023
	6042	5000	法國足球褲	1	1.林沖	03.褲子	09.裝飾型	00.無	(0) 無	04.GASH商城	150	0	11		pc01_pelvis_7030			100	0	12	0	0	0	0	0	0	0	0	0	0	0	0	0	0	0	0	0	0	0	0	0	0	0	0	0	0			0	0	0	0	0	0	0.023
	6043	5000	德國足球衣	1	1.林沖	02.上衣	09.裝飾型	00.無	(0) 無	04.GASH商城	170	0	10		pc01_torso_7040			100	0	20	0	0	0	0	0	0	0	0	0	0	0	0	0	0	0	0	0	0	0	0	0	0	0	0	0	0			0	0	0	0	0	0	0.023
	6044	5000	德國足球褲	1	1.林沖	03.褲子	09.裝飾型	00.無	(0) 無	04.GASH商城	150	0	11		pc01_pelvis_7040			100	0	12	0	0	0	0	0	0	0	0	0	0	0	0	0	0	0	0	0	0	0	0	0	0	0	0	0	0			0	0	0	0	0	0	0.023
	6045	5000	澳大利亞足球衣	1	1.林沖	02.上衣	09.裝飾型	00.無	(0) 無	04.GASH商城	170	0	10		pc01_torso_7050			100	0	20	0	0	0	0	0	0	0	0	0	0	0	0	0	0	0	0	0	0	0	0	0	0	0	0	0	0			0	0	0	0	0	0	0.023
	6046	5000	澳大利亞足球褲	1	1.林沖	03.褲子	09.裝飾型	00.無	(0) 無	04.GASH商城	150	0	11		pc01_pelvis_7050			100	0	12	0	0	0	0	0	0	0	0	0	0	0	0	0	0	0	0	0	0	0	0	0	0	0	0	0	0			0	0	0	0	0	0	0.023
	6047	5000	南非足球衣	1	1.林沖	02.上衣	09.裝飾型	00.無	(0) 無	04.GASH商城	170	0	10		pc01_torso_7060			100	0	20	0	0	0	0	0	0	0	0	0	0	0	0	0	0	0	0	0	0	0	0	0	0	0	0	0	0			0	0	0	0	0	0	0.023
	6048	5000	南非足球褲	1	1.林沖	03.褲子	09.裝飾型	00.無	(0) 無	04.GASH商城	150	0	11		pc01_pelvis_7060			100	0	12	0	0	0	0	0	0	0	0	0	0	0	0	0	0	0	0	0	0	0	0	0	0	0	0	0	0			0	0	0	0	0	0	0.023
	6049	5000	紅色賽車安全帽	1	1.林沖	01.帽子	09.裝飾型	00.無	(0) 無	04.GASH商城	130	0	9		pc01_hat_8010			100	0	9	0	0	0	0	0	0	0	0	0	0	0	0	0	0	0	0	0	0	0	0	0	0	0	0	0	0			0	0	0	0	0	0	0.023
	6050	5000	紅色賽車衣	1	1.林沖	02.上衣	09.裝飾型	00.無	(0) 無	04.GASH商城	170	0	10		pc01_torso_8010			100	0	20	0	0	0	0	0	0	0	0	0	0	0	0	0	0	0	0	0	0	0	0	0	0	0	0	0	0			0	0	0	0	0	0	0.023
	6051	5000	紅色賽車鞋	1	1.林沖	03.褲子	09.裝飾型	00.無	(0) 無	04.GASH商城	150	0	11		pc01_pelvis_8010			100	0	12	0	0	0	0	0	0	0	0	0	0	0	0	0	0	0	0	0	0	0	0	0	0	0	0	0	0			0	0	0	0	0	0	0.023
	6052	5000	紅色賽車手套	1	1.林沖	04.武器	09.裝飾型	00.無	(0) 無	04.GASH商城	280	0	12		pc01_weapon_8010			100	37	0	0	0	0	0	0	0	0	0	0	0	0	0	0	0	0	0	0	0	0	0	0	0	0	0	0	0			0	0	0	0	0	0	0.023
	6053	5000	黃色賽車安全帽	1	1.林沖	01.帽子	09.裝飾型	00.無	(0) 無	04.GASH商城	130	0	9		pc01_hat_8020			100	0	9	0	0	0	0	0	0	0	0	0	0	0	0	0	0	0	0	0	0	0	0	0	0	0	0	0	0			0	0	0	0	0	0	0.023
	6054	5000	黃色賽車衣	1	1.林沖	02.上衣	09.裝飾型	00.無	(0) 無	04.GASH商城	170	0	10		pc01_torso_8020			100	0	20	0	0	0	0	0	0	0	0	0	0	0	0	0	0	0	0	0	0	0	0	0	0	0	0	0	0			0	0	0	0	0	0	0.023
	6055	5000	黃色賽車鞋	1	1.林沖	03.褲子	09.裝飾型	00.無	(0) 無	04.GASH商城	150	0	11		pc01_pelvis_8020			100	0	12	0	0	0	0	0	0	0	0	0	0	0	0	0	0	0	0	0	0	0	0	0	0	0	0	0	0			0	0	0	0	0	0	0.023
	6056	5000	黃色賽車手套	1	1.林沖	04.武器	09.裝飾型	00.無	(0) 無	04.GASH商城	280	0	12		pc01_weapon_8020			100	37	0	0	0	0	0	0	0	0	0	0	0	0	0	0	0	0	0	0	0	0	0	0	0	0	0	0	0			0	0	0	0	0	0	0.023
	6057	5000	泰拳頭巾	1	1.林沖	01.帽子	09.裝飾型	00.無	(0) 無	04.GASH商城	130	0	9		pc01_hat_8030			100	0	9	0	0	0	0	0	0	0	0	0	0	0	0	0	0	0	0	0	0	0	0	0	0	0	0	0	0			0	0	0	0	0	0	0.023
	6058	5000	泰拳衣	1	1.林沖	02.上衣	09.裝飾型	00.無	(0) 無	04.GASH商城	170	0	10		pc01_torso_8030			100	0	20	0	0	0	0	0	0	0	0	0	0	0	0	0	0	0	0	0	0	0	0	0	0	0	0	0	0			0	0	0	0	0	0	0.023
	6059	5000	泰拳繃帶腳	1	1.林沖	03.褲子	09.裝飾型	00.無	(0) 無	04.GASH商城	150	0	11		pc01_pelvis_8030			100	0	12	0	0	0	0	0	0	0	0	0	0	0	0	0	0	0	0	0	0	0	0	0	0	0	0	0	0			0	0	0	0	0	0	0.023
	6060	5000	泰拳手套	1	1.林沖	04.武器	09.裝飾型	00.無	(0) 無	04.GASH商城	280	0	12		pc01_weapon_8030			100	37	0	0	0	0	0	0	0	0	0	0	0	0	0	0	0	0	0	0	0	0	0	0	0	0	0	0	0			0	0	0	0	0	0	0.023
	6061	5000	機器人頭盔	1	1.林沖	01.帽子	09.裝飾型	00.無	(0) 無	10.活動獎勵	130	0	9		pc01_hat_8040			100	0	9	0	0	0	0	0	0	0	0	0	0	0	0	0	0	0	0	0	0	0	0	0	0	0	0	0	0			0	0	0	0	0	0	0.023
	6062	5000	機器人盔甲	1	1.林沖	02.上衣	09.裝飾型	00.無	(0) 無	10.活動獎勵	170	0	10		pc01_torso_8040			100	0	20	0	0	0	0	0	0	0	0	0	0	0	0	0	0	0	0	0	0	0	0	0	0	0	0	0	0			0	0	0	0	0	0	0.023
	6063	5000	機器人鞋	1	1.林沖	03.褲子	09.裝飾型	00.無	(0) 無	10.活動獎勵	150	0	11		pc01_pelvis_8040			100	0	12	0	0	0	0	0	0	0	0	0	0	0	0	0	0	0	0	0	0	0	0	0	0	0	0	0	0			0	0	0	0	0	0	0.023
	6064	5000	機器人發條	1	1.林沖	04.武器	09.裝飾型	00.無	(0) 無	10.活動獎勵	280	0	12		pc01_weapon_8040			100	37	0	0	0	0	0	0	0	0	0	0	0	0	0	0	0	0	0	0	0	0	0	0	0	0	0	0	0			0	0	0	0	0	0	0.023
	7001	5000	迷彩頭巾	1	2.雷橫	01.帽子	09.裝飾型	00.無	(0) 無	04.GASH商城	130	0	9		pc02_hat_5010			100	0	10	0	0	0	0	0	0	0	0	0	0	0	0	0	0	0	0	0	0	0	0	0	0	0	0	0	5			0	0	0	0	0	0	0.023
	7002	5000	戰術背心	1	2.雷橫	02.上衣	09.裝飾型	00.無	(0) 無	04.GASH商城	170	0	10		pc02_torso_5010			100	0	21	0	0	0	0	0	0	0	0	0	0	0	0	0	0	0	0	0	0	0	0	0	0	0	0	0	5			0	0	0	0	0	0	0.023
	7003	5000	野戰靴	1	2.雷橫	03.褲子	09.裝飾型	00.無	(0) 無	04.GASH商城	150	0	11		pc02_pelvis_5010			100	0	12	0	0	0	0	0	0	0	0	0	0	0	0	0	0	0	0	0	0	0	0	0	0	0	0	0	5			0	0	0	0	0	0	0.023
	7004	5000	野戰拳套	1	2.雷橫	04.武器	09.裝飾型	00.無	(0) 無	04.GASH商城	280	0	12		pc02_weapon_5010			100	38	0	0	0	0	0	0	0	0	0	0	0	0	0	0	0	0	0	0	0	0	0	0	0	0	0	0	5			0	0	0	0	0	0	0.023
	7005	5000	波斯王族頭巾	1	2.雷橫	01.帽子	09.裝飾型	00.無	(0) 無	04.GASH商城	130	0	9		pc02_hat_5020			100	0	10	0	0	0	0	25	0	0	0	0	0	0	0	0	0	0	0	0	0	0	0	0	0	0	0	0	0			0	0	0	0	0	0	0.023
	7006	5000	波斯外衣	1	2.雷橫	02.上衣	09.裝飾型	00.無	(0) 無	04.GASH商城	170	0	10		pc02_torso_5020			100	0	21	0	0	0	0	25	0	0	0	0	0	0	0	0	0	0	0	0	0	0	0	0	0	0	0	0	0			0	0	0	0	0	0	0.023
	7007	5000	波斯鞋	1	2.雷橫	03.褲子	09.裝飾型	00.無	(0) 無	04.GASH商城	150	0	11		pc02_pelvis_5020			100	0	12	0	0	0	0	25	0	0	0	0	0	0	0	0	0	0	0	0	0	0	0	0	0	0	0	0	0			0	0	0	0	0	0	0.023
	7008	5000	波斯金拳環	1	2.雷橫	04.武器	09.裝飾型	00.無	(0) 無	04.GASH商城	280	0	12		pc02_weapon_5020			100	38	0	0	0	0	0	50	0	0	0	0	0	0	0	0	0	0	0	0	0	0	0	0	0	0	0	0	0			0	0	0	0	0	0	0.023
	7009	5000	香蕉王帽	10	2.雷橫	01.帽子	09.裝飾型	00.無	(0) 無	04.GASH商城	630	0	9		pc02_hat_5030			100	0	23	0	0	0	0	0	0	0	0	0	0	0	0	0	0	0	0	0	0	0	0	0	0	0	0	0	0			0	0	0	0	0	0	0.073
	7010	5000	香蕉王衣	10	2.雷橫	02.上衣	09.裝飾型	00.無	(0) 無	04.GASH商城	820	0	10		pc02_torso_5030			100	0	49	0	0	0	0	0	0	0	0	0	0	0	0	0	0	0	0	0	0	0	0	0	0	0	0	0	0			0	0	0	0	0	0	0.073
	7011	5000	香蕉王鞋	10	2.雷橫	03.褲子	09.裝飾型	00.無	(0) 無	04.GASH商城	720	0	11		pc02_pelvis_5030			100	0	28	0	0	0	0	0	0	0	0	0	0	0	0	0	0	0	0	0	0	0	0	0	0	0	0	0	0			0	0	0	0	0	0	0.073
	7012	5000	香蕉王拳套	10	2.雷橫	04.武器	09.裝飾型	00.無	(0) 無	04.GASH商城	"1,360"	0	12		pc02_weapon_5030			100	104	0	0	0	0	0	0	0	0	0	0	0	0	0	0	0	0	0	0	0	0	0	0	0	0	0	0	0			0	0	0	0	0	0	0.073
	7013	5000	狂戰狼首帽	1	2.雷橫	01.帽子	09.裝飾型	00.無	(0) 無	04.GASH商城	130	0	9		pc02_hat_5040			100	0	10	0	0	0	0	0	0	0	0	0	0	0	0	0	0	0	0	0	0	0	0	0	0	0	0	0	0			0	0	0	0	0	0	0.023
	7014	5000	狂戰獸毛背心	1	2.雷橫	02.上衣	09.裝飾型	00.無	(0) 無	04.GASH商城	170	0	10		pc02_torso_5040			100	0	21	0	0	0	0	0	0	0	0	0	0	0	0	0	0	0	0	0	0	0	0	0	0	0	0	0	0			0	0	0	0	0	0	0.023
	7015	5000	狂戰獸皮靴	1	2.雷橫	03.褲子	09.裝飾型	00.無	(0) 無	04.GASH商城	150	0	11		pc02_pelvis_5040			100	0	12	0	0	0	0	0	0	0	0	0	0	0	0	0	0	0	0	0	0	0	0	0	0	0	0	0	0			0	0	0	0	0	0	0.023
	7016	5000	狂戰拳套	1	2.雷橫	04.武器	09.裝飾型	00.無	(0) 無	04.GASH商城	280	0	12		pc02_weapon_5040			100	38	0	0	0	0	0	0	0	0	0	0	0	0	0	0	0	0	0	0	0	0	0	0	0	0	0	0	0			0	0	0	0	0	0	0.023
	7017	5000	印地安帽	1	2.雷橫	01.帽子	09.裝飾型	00.無	(0) 無	04.GASH商城	130	0	9		pc02_hat_5050			100	0	10	0	0	0	0	0	0	0	0	0	0	0	0	0	0	0	0	0	0	0	0	0	0	0	0	0	0			0	0	0	0	0	0	0.023
	7018	5000	印地安背心	1	2.雷橫	02.上衣	09.裝飾型	00.無	(0) 無	04.GASH商城	170	0	10		pc02_torso_5050			100	0	21	0	0	0	0	0	0	0	0	0	0	0	0	0	0	0	0	0	0	0	0	0	0	0	0	0	0			0	0	0	0	0	0	0.023
	7019	5000	印地安靴	1	2.雷橫	03.褲子	09.裝飾型	00.無	(0) 無	04.GASH商城	150	0	11		pc02_pelvis_5050			100	0	12	0	0	0	0	0	0	0	0	0	0	0	0	0	0	0	0	0	0	0	0	0	0	0	0	0	0			0	0	0	0	0	0	0.023
	7020	5000	印地安拳套	1	2.雷橫	04.武器	09.裝飾型	00.無	(0) 無	04.GASH商城	280	0	12		pc02_weapon_5050			100	38	0	0	0	0	0	0	0	0	0	0	0	0	0	0	0	0	0	0	0	0	0	0	0	0	0	0	0			0	0	0	0	0	0	0.023
	7021	5000	纏頭繃帶	1	2.雷橫	01.帽子	09.裝飾型	00.無	(0) 無	04.GASH商城	130	0	9		pc02_hat_5060			100	0	10	0	0	0	0	0	0	0	0	0	0	0	0	0	0	0	0	0	0	0	0	0	0	0	0	0	0			0	0	0	0	0	0	0.023
	7022	5000	纏身體繃帶	1	2.雷橫	02.上衣	09.裝飾型	00.無	(0) 無	04.GASH商城	170	0	10		pc02_torso_5060			100	0	21	0	0	0	0	0	0	0	0	0	0	0	0	0	0	0	0	0	0	0	0	0	0	0	0	0	0			0	0	0	0	0	0	0.023
	7023	5000	石膏手	1	2.雷橫	03.褲子	09.裝飾型	00.無	(0) 無	04.GASH商城	150	0	11		pc02_pelvis_5060			100	0	12	0	0	0	0	0	0	0	0	0	0	0	0	0	0	0	0	0	0	0	0	0	0	0	0	0	0			0	0	0	0	0	0	0.023
	7024	5000	石膏腳	1	2.雷橫	04.武器	09.裝飾型	00.無	(0) 無	04.GASH商城	280	0	12		pc02_weapon_5060			100	38	0	0	0	0	0	0	0	0	0	0	0	0	0	0	0	0	0	0	0	0	0	0	0	0	0	0	0			0	0	0	0	0	0	0.023
	7025	5000	巨大花生殼	1	2.雷橫	01.帽子	09.裝飾型	00.無	(0) 無	04.GASH商城	130	0	9		pc02_hat_5070			100	0	10	0	0	0	0	0	0	0	0	0	0	0	0	0	0	0	0	0	0	0	0	0	0	0	0	0	0			0	0	0	0	0	0	0.023
	7026	5000	啤酒桶	1	2.雷橫	02.上衣	09.裝飾型	00.無	(0) 無	04.GASH商城	170	0	10		pc02_torso_5070			100	0	21	0	0	0	0	0	0	0	0	0	0	0	0	0	0	0	0	0	0	0	0	0	0	0	0	0	0			0	0	0	0	0	0	0.023
	7027	5000	夾腳拖鞋	1	2.雷橫	03.褲子	09.裝飾型	00.無	(0) 無	04.GASH商城	150	0	11		pc02_pelvis_5070			100	0	12	0	0	0	0	0	0	0	0	0	0	0	0	0	0	0	0	0	0	0	0	0	0	0	0	0	0			0	0	0	0	0	0	0.023
	7028	5000	開罐器	1	2.雷橫	04.武器	09.裝飾型	00.無	(0) 無	04.GASH商城	280	0	12		pc02_weapon_5070			100	38	0	0	0	0	0	0	0	0	0	0	0	0	0	0	0	0	0	0	0	0	0	0	0	0	0	0	0			0	0	0	0	0	0	0.023
	7029	5000	麋鹿角帽	1	2.雷橫	01.帽子	09.裝飾型	00.無	(0) 無	04.GASH商城	130	0	9		pc02_hat_5100			100	0	10	0	0	0	0	0	0	150	0	0	0	0	0	0	0	0	0	0	0	0	0	0	0	0	0	0	0			0	0	0	0	0	0	0.023
	7030	5000	麋鹿紅背心	1	2.雷橫	02.上衣	09.裝飾型	00.無	(0) 無	04.GASH商城	170	0	10		pc02_torso_5100			100	0	21	0	0	0	0	0	0	150	0	0	0	0	0	0	0	0	0	0	0	0	0	0	0	0	0	0	0			0	0	0	0	0	0	0.023
	7031	5000	麋鹿蹄靴	1	2.雷橫	03.褲子	09.裝飾型	00.無	(0) 無	04.GASH商城	150	0	11		pc02_pelvis_5100			100	0	12	0	0	0	0	0	0	150	0	0	0	0	0	0	0	0	0	0	0	0	0	0	0	0	0	0	0			0	0	0	0	0	0	0.023
	7032	5000	麋鹿拳套	1	2.雷橫	04.武器	09.裝飾型	00.無	(0) 無	04.GASH商城	280	0	12		pc02_weapon_5100			100	38	0	0	0	0	0	0	0	200	0	0	0	0	0	0	0	0	0	0	0	0	0	0	0	0	0	0	0			0	0	0	0	0	0	0.023
	7033	5000	獸人頭盔	1	2.雷橫	01.帽子	09.裝飾型	00.無	(0) 無	04.GASH商城	130	0	9		pc02_hat_5110			100	0	10	0	0	0	0	0	0	0	0	0	0	0	0	0	0	0	0	0	0	0	0	0	0	0	0	0	0			0	0	0	0	0	0	0.023
	7034	5000	獸人戰袍	1	2.雷橫	02.上衣	09.裝飾型	00.無	(0) 無	04.GASH商城	170	0	10		pc02_torso_5110			100	0	21	0	0	0	0	0	0	0	0	0	0	0	0	0	0	0	0	0	0	0	0	0	0	0	0	0	0			0	0	0	0	0	0	0.023
	7035	5000	獸人戰靴	1	2.雷橫	03.褲子	09.裝飾型	00.無	(0) 無	04.GASH商城	150	0	11		pc02_pelvis_5110			100	0	12	0	0	0	0	0	0	0	0	0	0	0	0	0	0	0	0	0	0	0	0	0	0	0	0	0	0			0	0	0	0	0	0	0.023
	7036	5000	獸人鐵拳	1	2.雷橫	04.武器	09.裝飾型	00.無	(0) 無	04.GASH商城	280	0	12		pc02_weapon_5110			100	38	0	0	0	0	0	0	0	0	0	0	0	0	0	0	0	0	0	0	0	0	0	0	0	0	0	0	0			0	0	0	0	0	0	0.023
	7037	5000	曲棍藍帽	1	2.雷橫	01.帽子	09.裝飾型	00.無	(0) 無	04.GASH商城	130	0	9		pc02_hat_5130			100	0	10	0	0	0	0	0	0	0	0	0	0	0	0	0	0	0	0	0	0	0	0	0	0	0	0	0	0			0	0	0	0	0	0	0.023
	7038	5000	曲棍藍衣	1	2.雷橫	02.上衣	09.裝飾型	00.無	(0) 無	04.GASH商城	170	0	10		pc02_torso_5130			100	0	21	0	0	0	0	0	0	0	0	0	0	0	0	0	0	0	0	0	0	0	0	0	0	0	0	0	0			0	0	0	0	0	0	0.023
	7039	5000	曲棍藍褲	1	2.雷橫	03.褲子	09.裝飾型	00.無	(0) 無	04.GASH商城	150	0	11		pc02_pelvis_5130			100	0	12	0	0	0	0	0	0	0	0	0	0	0	0	0	0	0	0	0	0	0	0	0	0	0	0	0	0			0	0	0	0	0	0	0.023
	7040	5000	藍曲棍	1	2.雷橫	04.武器	09.裝飾型	00.無	(0) 無	04.GASH商城	280	0	12		pc02_weapon_5130			100	38	0	0	0	0	0	0	0	0	0	0	0	0	0	0	0	0	0	0	0	0	0	0	0	0	0	0	0			0	0	0	0	0	0	0.023
	7041	5000	曲棍白帽	1	2.雷橫	01.帽子	09.裝飾型	00.無	(0) 無	04.GASH商城	130	0	9		pc02_hat_5140			100	0	10	0	0	0	0	0	0	0	0	0	0	0	0	0	0	0	0	0	0	0	0	0	0	0	0	0	0			0	0	0	0	0	0	0.023
	7042	5000	曲棍白衣	1	2.雷橫	02.上衣	09.裝飾型	00.無	(0) 無	04.GASH商城	170	0	10		pc02_torso_5140			100	0	21	0	0	0	0	0	0	0	0	0	0	0	0	0	0	0	0	0	0	0	0	0	0	0	0	0	0			0	0	0	0	0	0	0.023
	7043	5000	曲棍白褲	1	2.雷橫	03.褲子	09.裝飾型	00.無	(0) 無	04.GASH商城	150	0	11		pc02_pelvis_5140			100	0	12	0	0	0	0	0	0	0	0	0	0	0	0	0	0	0	0	0	0	0	0	0	0	0	0	0	0			0	0	0	0	0	0	0.023
	7044	5000	白曲棍	1	2.雷橫	04.武器	09.裝飾型	00.無	(0) 無	04.GASH商城	280	0	12		pc02_weapon_5140			100	38	0	0	0	0	0	0	0	0	0	0	0	0	0	0	0	0	0	0	0	0	0	0	0	0	0	0	0			0	0	0	0	0	0	0.023
	7045	5000	美國足球衣	1	2.雷橫	02.上衣	09.裝飾型	00.無	(0) 無	04.GASH商城	170	0	10		pc02_torso_7010			100	0	21	0	0	0	0	0	0	0	0	0	0	0	0	0	0	0	0	0	0	0	0	0	0	0	0	0	0			0	0	0	0	0	0	0.023
	7046	5000	美國足球褲	1	2.雷橫	03.褲子	09.裝飾型	00.無	(0) 無	04.GASH商城	150	0	11		pc02_pelvis_7010			100	0	12	0	0	0	0	0	0	0	0	0	0	0	0	0	0	0	0	0	0	0	0	0	0	0	0	0	0			0	0	0	0	0	0	0.023
	7047	5000	英國足球衣	1	2.雷橫	02.上衣	09.裝飾型	00.無	(0) 無	04.GASH商城	170	0	10		pc02_torso_7020			100	0	21	0	0	0	0	0	0	0	0	0	0	0	0	0	0	0	0	0	0	0	0	0	0	0	0	0	0			0	0	0	0	0	0	0.023
	7048	5000	英國足球褲	1	2.雷橫	03.褲子	09.裝飾型	00.無	(0) 無	04.GASH商城	150	0	11		pc02_pelvis_7020			100	0	12	0	0	0	0	0	0	0	0	0	0	0	0	0	0	0	0	0	0	0	0	0	0	0	0	0	0			0	0	0	0	0	0	0.023
	7049	5000	法國足球衣	1	2.雷橫	02.上衣	09.裝飾型	00.無	(0) 無	04.GASH商城	170	0	10		pc02_torso_7030			100	0	21	0	0	0	0	0	0	0	0	0	0	0	0	0	0	0	0	0	0	0	0	0	0	0	0	0	0			0	0	0	0	0	0	0.023
	7050	5000	法國足球褲	1	2.雷橫	03.褲子	09.裝飾型	00.無	(0) 無	04.GASH商城	150	0	11		pc02_pelvis_7030			100	0	12	0	0	0	0	0	0	0	0	0	0	0	0	0	0	0	0	0	0	0	0	0	0	0	0	0	0			0	0	0	0	0	0	0.023
	7051	5000	德國足球衣	1	2.雷橫	02.上衣	09.裝飾型	00.無	(0) 無	04.GASH商城	170	0	10		pc02_torso_7040			100	0	21	0	0	0	0	0	0	0	0	0	0	0	0	0	0	0	0	0	0	0	0	0	0	0	0	0	0			0	0	0	0	0	0	0.023
	7052	5000	德國足球褲	1	2.雷橫	03.褲子	09.裝飾型	00.無	(0) 無	04.GASH商城	150	0	11		pc02_pelvis_7040			100	0	12	0	0	0	0	0	0	0	0	0	0	0	0	0	0	0	0	0	0	0	0	0	0	0	0	0	0			0	0	0	0	0	0	0.023
	7053	5000	澳大利亞足球衣	1	2.雷橫	02.上衣	09.裝飾型	00.無	(0) 無	04.GASH商城	170	0	10		pc02_torso_7050			100	0	21	0	0	0	0	0	0	0	0	0	0	0	0	0	0	0	0	0	0	0	0	0	0	0	0	0	0			0	0	0	0	0	0	0.023
	7054	5000	澳大利亞足球褲	1	2.雷橫	03.褲子	09.裝飾型	00.無	(0) 無	04.GASH商城	150	0	11		pc02_pelvis_7050			100	0	12	0	0	0	0	0	0	0	0	0	0	0	0	0	0	0	0	0	0	0	0	0	0	0	0	0	0			0	0	0	0	0	0	0.023
	7055	5000	南非足球衣	1	2.雷橫	02.上衣	09.裝飾型	00.無	(0) 無	04.GASH商城	170	0	10		pc02_torso_7060			100	0	21	0	0	0	0	0	0	0	0	0	0	0	0	0	0	0	0	0	0	0	0	0	0	0	0	0	0			0	0	0	0	0	0	0.023
	7056	5000	南非足球褲	1	2.雷橫	03.褲子	09.裝飾型	00.無	(0) 無	04.GASH商城	150	0	11		pc02_pelvis_7060			100	0	12	0	0	0	0	0	0	0	0	0	0	0	0	0	0	0	0	0	0	0	0	0	0	0	0	0	0			0	0	0	0	0	0	0.023
	7057	5000	紅色賽車安全帽	1	2.雷橫	01.帽子	09.裝飾型	00.無	(0) 無	04.GASH商城	130	0	9		pc02_hat_8010			100	0	10	0	0	0	0	0	0	0	0	0	0	0	0	0	0	0	0	0	0	0	0	0	0	0	0	0	0			0	0	0	0	0	0	0.023
	7058	5000	紅色賽車衣	1	2.雷橫	02.上衣	09.裝飾型	00.無	(0) 無	04.GASH商城	170	0	10		pc02_torso_8010			100	0	21	0	0	0	0	0	0	0	0	0	0	0	0	0	0	0	0	0	0	0	0	0	0	0	0	0	0			0	0	0	0	0	0	0.023
	7059	5000	紅色賽車鞋	1	2.雷橫	03.褲子	09.裝飾型	00.無	(0) 無	04.GASH商城	150	0	11		pc02_pelvis_8010			100	0	12	0	0	0	0	0	0	0	0	0	0	0	0	0	0	0	0	0	0	0	0	0	0	0	0	0	0			0	0	0	0	0	0	0.023
	7060	5000	紅色賽車手套	1	2.雷橫	04.武器	09.裝飾型	00.無	(0) 無	04.GASH商城	280	0	12		pc02_weapon_8010			100	38	0	0	0	0	0	0	0	0	0	0	0	0	0	0	0	0	0	0	0	0	0	0	0	0	0	0	0			0	0	0	0	0	0	0.023
	7061	5000	黃色賽車安全帽	1	2.雷橫	01.帽子	09.裝飾型	00.無	(0) 無	04.GASH商城	130	0	9		pc02_hat_8020			100	0	10	0	0	0	0	0	0	0	0	0	0	0	0	0	0	0	0	0	0	0	0	0	0	0	0	0	0			0	0	0	0	0	0	0.023
	7062	5000	黃色賽車衣	1	2.雷橫	02.上衣	09.裝飾型	00.無	(0) 無	04.GASH商城	170	0	10		pc02_torso_8020			100	0	21	0	0	0	0	0	0	0	0	0	0	0	0	0	0	0	0	0	0	0	0	0	0	0	0	0	0			0	0	0	0	0	0	0.023
	7063	5000	黃色賽車鞋	1	2.雷橫	03.褲子	09.裝飾型	00.無	(0) 無	04.GASH商城	150	0	11		pc02_pelvis_8020			100	0	12	0	0	0	0	0	0	0	0	0	0	0	0	0	0	0	0	0	0	0	0	0	0	0	0	0	0			0	0	0	0	0	0	0.023
	7064	5000	黃色賽車手套	1	2.雷橫	04.武器	09.裝飾型	00.無	(0) 無	04.GASH商城	280	0	12		pc02_weapon_8020			100	38	0	0	0	0	0	0	0	0	0	0	0	0	0	0	0	0	0	0	0	0	0	0	0	0	0	0	0			0	0	0	0	0	0	0.023
	7065	5000	泰拳頭巾	1	2.雷橫	01.帽子	09.裝飾型	00.無	(0) 無	04.GASH商城	130	0	9		pc02_hat_8030			100	0	10	0	0	0	0	0	0	0	0	0	0	0	0	0	0	0	0	0	0	0	0	0	0	0	0	0	0			0	0	0	0	0	0	0.023
	7066	5000	泰拳衣	1	2.雷橫	02.上衣	09.裝飾型	00.無	(0) 無	04.GASH商城	170	0	10		pc02_torso_8030			100	0	21	0	0	0	0	0	0	0	0	0	0	0	0	0	0	0	0	0	0	0	0	0	0	0	0	0	0			0	0	0	0	0	0	0.023
	7067	5000	泰拳繃帶腳	1	2.雷橫	03.褲子	09.裝飾型	00.無	(0) 無	04.GASH商城	150	0	11		pc02_pelvis_8030			100	0	12	0	0	0	0	0	0	0	0	0	0	0	0	0	0	0	0	0	0	0	0	0	0	0	0	0	0			0	0	0	0	0	0	0.023
	7068	5000	泰拳手套	1	2.雷橫	04.武器	09.裝飾型	00.無	(0) 無	04.GASH商城	280	0	12		pc02_weapon_8030			100	38	0	0	0	0	0	0	0	0	0	0	0	0	0	0	0	0	0	0	0	0	0	0	0	0	0	0	0			0	0	0	0	0	0	0.023
	7069	5000	機器人頭盔	1	2.雷橫	01.帽子	09.裝飾型	00.無	(0) 無	10.活動獎勵	130	0	9		pc02_hat_8040			100	0	10	0	0	0	0	0	0	0	0	0	0	0	0	0	0	0	0	0	0	0	0	0	0	0	0	0	0			0	0	0	0	0	0	0.023
	7070	5000	機器人盔甲	1	2.雷橫	02.上衣	09.裝飾型	00.無	(0) 無	10.活動獎勵	170	0	10		pc02_torso_8040			100	0	21	0	0	0	0	0	0	0	0	0	0	0	0	0	0	0	0	0	0	0	0	0	0	0	0	0	0			0	0	0	0	0	0	0.023
	7071	5000	機器人鞋	1	2.雷橫	03.褲子	09.裝飾型	00.無	(0) 無	10.活動獎勵	150	0	11		pc02_pelvis_8040			100	0	12	0	0	0	0	0	0	0	0	0	0	0	0	0	0	0	0	0	0	0	0	0	0	0	0	0	0			0	0	0	0	0	0	0.023
	7072	5000	機器人手套	1	2.雷橫	04.武器	09.裝飾型	00.無	(0) 無	10.活動獎勵	280	0	12		pc02_weapon_8040			100	38	0	0	0	0	0	0	0	0	0	0	0	0	0	0	0	0	0	0	0	0	0	0	0	0	0	0	0			0	0	0	0	0	0	0.023
	8001	5000	白狐狸帽	1	3.孫二娘	01.帽子	09.裝飾型	00.無	(0) 無	04.GASH商城	130	0	9		pc03_hat_5010			100	0	8	0	0	0	0	0	0	0	0	0	0	0	0	0	0	0	0	0	0	0	0	0	0	0	0	0	5			0	0	0	0	0	0	0.023
	8002	5000	白狐狸衣	1	3.孫二娘	02.上衣	09.裝飾型	00.無	(0) 無	04.GASH商城	170	0	10		pc03_torso_5010			100	0	17	0	0	0	0	0	0	0	0	0	0	0	0	0	0	0	0	0	0	0	0	0	0	0	0	0	5			0	0	0	0	0	0	0.023
	8003	5000	白狐狸鞋	1	3.孫二娘	03.褲子	09.裝飾型	00.無	(0) 無	04.GASH商城	150	0	11		pc03_pelvis_5010			100	0	10	0	0	0	0	0	0	0	0	0	0	0	0	0	0	0	0	0	0	0	0	0	0	0	0	0	5			0	0	0	0	0	0	0.023
	8004	5000	狐狸尾巴手杖	1	3.孫二娘	04.武器	09.裝飾型	00.無	(0) 無	04.GASH商城	280	0	12		pc03_weapon_5010			100	36	0	0	0	0	0	0	0	0	0	0	0	0	0	0	0	0	0	0	0	0	0	0	0	0	0	0	5			0	0	0	0	0	0	0.023
	8005	5000	變色龍帽	1	3.孫二娘	01.帽子	09.裝飾型	00.無	(0) 無	04.GASH商城	130	0	9		pc03_hat_5020			100	0	8	0	0	0	0	25	0	0	0	0	0	0	0	0	0	0	0	0	0	0	0	0	0	0	0	0	0			0	0	0	0	0	0	0.023
	8006	5000	變色龍衣	1	3.孫二娘	02.上衣	09.裝飾型	00.無	(0) 無	04.GASH商城	170	0	10		pc03_torso_5020			100	0	17	0	0	0	0	25	0	0	0	0	0	0	0	0	0	0	0	0	0	0	0	0	0	0	0	0	0			0	0	0	0	0	0	0.023
	8007	5000	變色龍鞋	1	3.孫二娘	03.褲子	09.裝飾型	00.無	(0) 無	04.GASH商城	150	0	11		pc03_pelvis_5020			100	0	10	0	0	0	0	25	0	0	0	0	0	0	0	0	0	0	0	0	0	0	0	0	0	0	0	0	0			0	0	0	0	0	0	0.023
	8008	5000	變色龍手杖	1	3.孫二娘	04.武器	09.裝飾型	00.無	(0) 無	04.GASH商城	280	0	12		pc03_weapon_5020			100	36	0	0	0	0	0	50	0	0	0	0	0	0	0	0	0	0	0	0	0	0	0	0	0	0	0	0	0			0	0	0	0	0	0	0.023
	8009	5000	中國風包包頭	10	3.孫二娘	01.帽子	09.裝飾型	00.無	(0) 無	04.GASH商城	630	0	9		pc03_hat_5030			100	0	18	0	0	0	0	0	0	0	0	0	0	0	0	0	0	0	0	0	0	0	0	0	0	0	0	0	0			0	0	0	0	0	0	0.073
	8010	5000	中國風長袍	10	3.孫二娘	02.上衣	09.裝飾型	00.無	(0) 無	04.GASH商城	820	0	10		pc03_torso_5030			100	0	39	0	0	0	0	0	0	0	0	0	0	0	0	0	0	0	0	0	0	0	0	0	0	0	0	0	0			0	0	0	0	0	0	0.073
	8011	5000	中國風繡花鞋	10	3.孫二娘	03.褲子	09.裝飾型	00.無	(0) 無	04.GASH商城	720	0	11		pc03_pelvis_5030			100	0	23	0	0	0	0	0	0	0	0	0	0	0	0	0	0	0	0	0	0	0	0	0	0	0	0	0	0			0	0	0	0	0	0	0.073
	8012	5000	中國風辮子手杖	10	3.孫二娘	04.武器	09.裝飾型	00.無	(0) 無	04.GASH商城	"1,360"	0	12		pc03_weapon_5030			100	98	0	0	0	0	0	0	0	0	0	0	0	0	0	0	0	0	0	0	0	0	0	0	0	0	0	0	0			0	0	0	0	0	0	0.073
	8013	5000	兔子帽	1	3.孫二娘	01.帽子	09.裝飾型	00.無	(0) 無	04.GASH商城	130	0	9		pc03_hat_5040			100	0	8	0	0	0	0	0	0	0	0	0	0	0	0	0	0	0	0	0	0	0	0	0	0	0	0	0	0			0	0	0	0	0	0	0.023
	8014	5000	兔子袍	1	3.孫二娘	02.上衣	09.裝飾型	00.無	(0) 無	04.GASH商城	170	0	10		pc03_torso_5040			100	0	17	0	0	0	0	0	0	0	0	0	0	0	0	0	0	0	0	0	0	0	0	0	0	0	0	0	0			0	0	0	0	0	0	0.023
	8015	5000	兔子鞋	1	3.孫二娘	03.褲子	09.裝飾型	00.無	(0) 無	04.GASH商城	150	0	11		pc03_pelvis_5040			100	0	10	0	0	0	0	0	0	0	0	0	0	0	0	0	0	0	0	0	0	0	0	0	0	0	0	0	0			0	0	0	0	0	0	0.023
	8016	5000	胡蘿蔔手杖	1	3.孫二娘	04.武器	09.裝飾型	00.無	(0) 無	04.GASH商城	280	0	12		pc03_weapon_5040			100	36	0	0	0	0	0	0	0	0	0	0	0	0	0	0	0	0	0	0	0	0	0	0	0	0	0	0	0			0	0	0	0	0	0	0.023
	8017	5000	夢露金髮	1	3.孫二娘	01.帽子	09.裝飾型	00.無	(0) 無	04.GASH商城	130	0	9		pc03_hat_5050			100	0	8	0	0	0	0	0	0	0	0	0	0	0	0	0	0	0	0	0	0	0	0	0	0	0	0	0	0			0	0	0	0	0	0	0.023
	8018	5000	夢露性感洋裝	1	3.孫二娘	02.上衣	09.裝飾型	00.無	(0) 無	04.GASH商城	170	0	10		pc03_torso_5050			100	0	17	0	0	0	0	0	0	0	0	0	0	0	0	0	0	0	0	0	0	0	0	0	0	0	0	0	0			0	0	0	0	0	0	0.023
	8019	5000	夢露高跟鞋	1	3.孫二娘	03.褲子	09.裝飾型	00.無	(0) 無	04.GASH商城	150	0	11		pc03_pelvis_5050			100	0	10	0	0	0	0	0	0	0	0	0	0	0	0	0	0	0	0	0	0	0	0	0	0	0	0	0	0			0	0	0	0	0	0	0.023
	8020	5000	夢露麥克風手杖	1	3.孫二娘	04.武器	09.裝飾型	00.無	(0) 無	04.GASH商城	280	0	12		pc03_weapon_5050			100	36	0	0	0	0	0	0	0	0	0	0	0	0	0	0	0	0	0	0	0	0	0	0	0	0	0	0	0			0	0	0	0	0	0	0.023
	8021	5000	聖誕鈴噹帽	1	3.孫二娘	01.帽子	09.裝飾型	00.無	(0) 無	04.GASH商城	130	0	9		pc03_hat_5100			100	0	8	0	0	0	0	0	0	150	0	0	0	0	0	0	0	0	0	0	0	0	0	0	0	0	0	0	0			0	0	0	0	0	0	0.023
	8022	5000	聖誕鈴噹袍	1	3.孫二娘	02.上衣	09.裝飾型	00.無	(0) 無	04.GASH商城	170	0	10		pc03_torso_5100			100	0	17	0	0	0	0	0	0	150	0	0	0	0	0	0	0	0	0	0	0	0	0	0	0	0	0	0	0			0	0	0	0	0	0	0.023
	8023	5000	聖誕鈴噹鞋	1	3.孫二娘	03.褲子	09.裝飾型	00.無	(0) 無	04.GASH商城	150	0	11		pc03_pelvis_5100			100	0	10	0	0	0	0	0	0	150	0	0	0	0	0	0	0	0	0	0	0	0	0	0	0	0	0	0	0			0	0	0	0	0	0	0.023
	8024	5000	聖誕鈴噹手杖	1	3.孫二娘	04.武器	09.裝飾型	00.無	(0) 無	04.GASH商城	280	0	12		pc03_weapon_5100			100	36	0	0	0	0	0	0	0	200	0	0	0	0	0	0	0	0	0	0	0	0	0	0	0	0	0	0	0			0	0	0	0	0	0	0.023
	8025	5000	惡夢帽	1	3.孫二娘	01.帽子	09.裝飾型	00.無	(0) 無	04.GASH商城	130	0	9		pc03_hat_5110			100	0	8	0	0	0	0	0	0	0	0	0	0	0	0	0	0	0	0	0	0	0	0	0	0	0	0	0	0			0	0	0	0	0	0	0.023
	8026	5000	惡夢洋裝	1	3.孫二娘	02.上衣	09.裝飾型	00.無	(0) 無	04.GASH商城	170	0	10		pc03_torso_5110			100	0	17	0	0	0	0	0	0	0	0	0	0	0	0	0	0	0	0	0	0	0	0	0	0	0	0	0	0			0	0	0	0	0	0	0.023
	8027	5000	惡夢鞋	1	3.孫二娘	03.褲子	09.裝飾型	00.無	(0) 無	04.GASH商城	150	0	11		pc03_pelvis_5110			100	0	10	0	0	0	0	0	0	0	0	0	0	0	0	0	0	0	0	0	0	0	0	0	0	0	0	0	0			0	0	0	0	0	0	0.023
	8028	5000	惡夢手杖	1	3.孫二娘	04.武器	09.裝飾型	00.無	(0) 無	04.GASH商城	280	0	12		pc03_weapon_5110			100	36	0	0	0	0	0	0	0	0	0	0	0	0	0	0	0	0	0	0	0	0	0	0	0	0	0	0	0			0	0	0	0	0	0	0.023
	8029	5000	曲棍藍帽	1	3.孫二娘	01.帽子	09.裝飾型	00.無	(0) 無	04.GASH商城	130	0	9		pc03_hat_5130			100	0	8	0	0	0	0	0	0	0	0	0	0	0	0	0	0	0	0	0	0	0	0	0	0	0	0	0	0			0	0	0	0	0	0	0.023
	8030	5000	曲棍藍衣	1	3.孫二娘	02.上衣	09.裝飾型	00.無	(0) 無	04.GASH商城	170	0	10		pc03_torso_5130			100	0	17	0	0	0	0	0	0	0	0	0	0	0	0	0	0	0	0	0	0	0	0	0	0	0	0	0	0			0	0	0	0	0	0	0.023
	8031	5000	曲棍藍裙	1	3.孫二娘	03.褲子	09.裝飾型	00.無	(0) 無	04.GASH商城	150	0	11		pc03_pelvis_5130			100	0	10	0	0	0	0	0	0	0	0	0	0	0	0	0	0	0	0	0	0	0	0	0	0	0	0	0	0			0	0	0	0	0	0	0.023
	8032	5000	藍曲棍	1	3.孫二娘	04.武器	09.裝飾型	00.無	(0) 無	04.GASH商城	280	0	12		pc03_weapon_5130			100	36	0	0	0	0	0	0	0	0	0	0	0	0	0	0	0	0	0	0	0	0	0	0	0	0	0	0	0			0	0	0	0	0	0	0.023
	8033	5000	曲棍白帽	1	3.孫二娘	01.帽子	09.裝飾型	00.無	(0) 無	04.GASH商城	130	0	9		pc03_hat_5140			100	0	8	0	0	0	0	0	0	0	0	0	0	0	0	0	0	0	0	0	0	0	0	0	0	0	0	0	0			0	0	0	0	0	0	0.023
	8034	5000	曲棍白衣	1	3.孫二娘	02.上衣	09.裝飾型	00.無	(0) 無	04.GASH商城	170	0	10		pc03_torso_5140			100	0	17	0	0	0	0	0	0	0	0	0	0	0	0	0	0	0	0	0	0	0	0	0	0	0	0	0	0			0	0	0	0	0	0	0.023
	8035	5000	曲棍白裙	1	3.孫二娘	03.褲子	09.裝飾型	00.無	(0) 無	04.GASH商城	150	0	11		pc03_pelvis_5140			100	0	10	0	0	0	0	0	0	0	0	0	0	0	0	0	0	0	0	0	0	0	0	0	0	0	0	0	0			0	0	0	0	0	0	0.023
	8036	5000	白曲棍	1	3.孫二娘	04.武器	09.裝飾型	00.無	(0) 無	04.GASH商城	280	0	12		pc03_weapon_5140			100	36	0	0	0	0	0	0	0	0	0	0	0	0	0	0	0	0	0	0	0	0	0	0	0	0	0	0	0			0	0	0	0	0	0	0.023
	8037	5000	美國足球衣	1	3.孫二娘	02.上衣	09.裝飾型	00.無	(0) 無	04.GASH商城	170	0	10		pc03_torso_7010			100	0	17	0	0	0	0	0	0	0	0	0	0	0	0	0	0	0	0	0	0	0	0	0	0	0	0	0	0			0	0	0	0	0	0	0.023
	8038	5000	美國足球裙	1	3.孫二娘	03.褲子	09.裝飾型	00.無	(0) 無	04.GASH商城	150	0	11		pc03_pelvis_7010			100	0	10	0	0	0	0	0	0	0	0	0	0	0	0	0	0	0	0	0	0	0	0	0	0	0	0	0	0			0	0	0	0	0	0	0.023
	8039	5000	英國足球衣	1	3.孫二娘	02.上衣	09.裝飾型	00.無	(0) 無	04.GASH商城	170	0	10		pc03_torso_7020			100	0	17	0	0	0	0	0	0	0	0	0	0	0	0	0	0	0	0	0	0	0	0	0	0	0	0	0	0			0	0	0	0	0	0	0.023
	8040	5000	英國足球裙	1	3.孫二娘	03.褲子	09.裝飾型	00.無	(0) 無	04.GASH商城	150	0	11		pc03_pelvis_7020			100	0	10	0	0	0	0	0	0	0	0	0	0	0	0	0	0	0	0	0	0	0	0	0	0	0	0	0	0			0	0	0	0	0	0	0.023
	8041	5000	法國足球衣	1	3.孫二娘	02.上衣	09.裝飾型	00.無	(0) 無	04.GASH商城	170	0	10		pc03_torso_7030			100	0	17	0	0	0	0	0	0	0	0	0	0	0	0	0	0	0	0	0	0	0	0	0	0	0	0	0	0			0	0	0	0	0	0	0.023
	8042	5000	法國足球裙	1	3.孫二娘	03.褲子	09.裝飾型	00.無	(0) 無	04.GASH商城	150	0	11		pc03_pelvis_7030			100	0	10	0	0	0	0	0	0	0	0	0	0	0	0	0	0	0	0	0	0	0	0	0	0	0	0	0	0			0	0	0	0	0	0	0.023
	8043	5000	德國足球衣	1	3.孫二娘	02.上衣	09.裝飾型	00.無	(0) 無	04.GASH商城	170	0	10		pc03_torso_7040			100	0	17	0	0	0	0	0	0	0	0	0	0	0	0	0	0	0	0	0	0	0	0	0	0	0	0	0	0			0	0	0	0	0	0	0.023
	8044	5000	德國足球裙	1	3.孫二娘	03.褲子	09.裝飾型	00.無	(0) 無	04.GASH商城	150	0	11		pc03_pelvis_7040			100	0	10	0	0	0	0	0	0	0	0	0	0	0	0	0	0	0	0	0	0	0	0	0	0	0	0	0	0			0	0	0	0	0	0	0.023
	8045	5000	澳大利亞足球衣	1	3.孫二娘	02.上衣	09.裝飾型	00.無	(0) 無	04.GASH商城	170	0	10		pc03_torso_7050			100	0	17	0	0	0	0	0	0	0	0	0	0	0	0	0	0	0	0	0	0	0	0	0	0	0	0	0	0			0	0	0	0	0	0	0.023
	8046	5000	澳大利亞足球裙	1	3.孫二娘	03.褲子	09.裝飾型	00.無	(0) 無	04.GASH商城	150	0	11		pc03_pelvis_7050			100	0	10	0	0	0	0	0	0	0	0	0	0	0	0	0	0	0	0	0	0	0	0	0	0	0	0	0	0			0	0	0	0	0	0	0.023
	8047	5000	南非足球衣	1	3.孫二娘	02.上衣	09.裝飾型	00.無	(0) 無	04.GASH商城	170	0	10		pc03_torso_7060			100	0	17	0	0	0	0	0	0	0	0	0	0	0	0	0	0	0	0	0	0	0	0	0	0	0	0	0	0			0	0	0	0	0	0	0.023
	8048	5000	南非足球裙	1	3.孫二娘	03.褲子	09.裝飾型	00.無	(0) 無	04.GASH商城	150	0	11		pc03_pelvis_7060			100	0	10	0	0	0	0	0	0	0	0	0	0	0	0	0	0	0	0	0	0	0	0	0	0	0	0	0	0			0	0	0	0	0	0	0.023
	8049	5000	紅色賽車安全帽	1	3.孫二娘	01.帽子	09.裝飾型	00.無	(0) 無	04.GASH商城	130	0	9		pc03_hat_8010			100	0	8	0	0	0	0	0	0	0	0	0	0	0	0	0	0	0	0	0	0	0	0	0	0	0	0	0	0			0	0	0	0	0	0	0.023
	8050	5000	紅色賽車衣	1	3.孫二娘	02.上衣	09.裝飾型	00.無	(0) 無	04.GASH商城	170	0	10		pc03_torso_8010			100	0	17	0	0	0	0	0	0	0	0	0	0	0	0	0	0	0	0	0	0	0	0	0	0	0	0	0	0			0	0	0	0	0	0	0.023
	8051	5000	紅色賽車鞋	1	3.孫二娘	03.褲子	09.裝飾型	00.無	(0) 無	04.GASH商城	150	0	11		pc03_pelvis_8010			100	0	10	0	0	0	0	0	0	0	0	0	0	0	0	0	0	0	0	0	0	0	0	0	0	0	0	0	0			0	0	0	0	0	0	0.023
	8052	5000	紅色賽車手套	1	3.孫二娘	04.武器	09.裝飾型	00.無	(0) 無	04.GASH商城	280	0	12		pc03_weapon_8010			100	36	0	0	0	0	0	0	0	0	0	0	0	0	0	0	0	0	0	0	0	0	0	0	0	0	0	0	0			0	0	0	0	0	0	0.023
	8053	5000	黃色賽車安全帽	1	3.孫二娘	01.帽子	09.裝飾型	00.無	(0) 無	04.GASH商城	130	0	9		pc03_hat_8020			100	0	8	0	0	0	0	0	0	0	0	0	0	0	0	0	0	0	0	0	0	0	0	0	0	0	0	0	0			0	0	0	0	0	0	0.023
	8054	5000	黃色賽車衣	1	3.孫二娘	02.上衣	09.裝飾型	00.無	(0) 無	04.GASH商城	170	0	10		pc03_torso_8020			100	0	17	0	0	0	0	0	0	0	0	0	0	0	0	0	0	0	0	0	0	0	0	0	0	0	0	0	0			0	0	0	0	0	0	0.023
	8055	5000	黃色賽車鞋	1	3.孫二娘	03.褲子	09.裝飾型	00.無	(0) 無	04.GASH商城	150	0	11		pc03_pelvis_8020			100	0	10	0	0	0	0	0	0	0	0	0	0	0	0	0	0	0	0	0	0	0	0	0	0	0	0	0	0			0	0	0	0	0	0	0.023
	8056	5000	黃色賽車手套	1	3.孫二娘	04.武器	09.裝飾型	00.無	(0) 無	04.GASH商城	280	0	12		pc03_weapon_8020			100	36	0	0	0	0	0	0	0	0	0	0	0	0	0	0	0	0	0	0	0	0	0	0	0	0	0	0	0			0	0	0	0	0	0	0.023
	8057	5000	泰拳頭巾	1	3.孫二娘	01.帽子	09.裝飾型	00.無	(0) 無	04.GASH商城	130	0	9		pc03_hat_8030			100	0	8	0	0	0	0	0	0	0	0	0	0	0	0	0	0	0	0	0	0	0	0	0	0	0	0	0	0			0	0	0	0	0	0	0.023
	8058	5000	泰拳衣	1	3.孫二娘	02.上衣	09.裝飾型	00.無	(0) 無	04.GASH商城	170	0	10		pc03_torso_8030			100	0	17	0	0	0	0	0	0	0	0	0	0	0	0	0	0	0	0	0	0	0	0	0	0	0	0	0	0			0	0	0	0	0	0	0.023
	8059	5000	泰拳繃帶腳	1	3.孫二娘	03.褲子	09.裝飾型	00.無	(0) 無	04.GASH商城	150	0	11		pc03_pelvis_8030			100	0	10	0	0	0	0	0	0	0	0	0	0	0	0	0	0	0	0	0	0	0	0	0	0	0	0	0	0			0	0	0	0	0	0	0.023
	8060	5000	泰拳手套	1	3.孫二娘	04.武器	09.裝飾型	00.無	(0) 無	04.GASH商城	280	0	12		pc03_weapon_8030			100	36	0	0	0	0	0	0	0	0	0	0	0	0	0	0	0	0	0	0	0	0	0	0	0	0	0	0	0			0	0	0	0	0	0	0.023
	8061	5000	機器人頭盔	1	3.孫二娘	01.帽子	09.裝飾型	00.無	(0) 無	10.活動獎勵	130	0	9		pc03_hat_8040			100	0	8	0	0	0	0	0	0	0	0	0	0	0	0	0	0	0	0	0	0	0	0	0	0	0	0	0	0			0	0	0	0	0	0	0.023
	8062	5000	機器人盔甲	1	3.孫二娘	02.上衣	09.裝飾型	00.無	(0) 無	10.活動獎勵	170	0	10		pc03_torso_8040			100	0	17	0	0	0	0	0	0	0	0	0	0	0	0	0	0	0	0	0	0	0	0	0	0	0	0	0	0			0	0	0	0	0	0	0.023
	8063	5000	機器人鞋	1	3.孫二娘	03.褲子	09.裝飾型	00.無	(0) 無	10.活動獎勵	150	0	11		pc03_pelvis_8040			100	0	10	0	0	0	0	0	0	0	0	0	0	0	0	0	0	0	0	0	0	0	0	0	0	0	0	0	0			0	0	0	0	0	0	0.023
	8064	5000	機器人發條	1	3.孫二娘	04.武器	09.裝飾型	00.無	(0) 無	10.活動獎勵	280	0	12		pc03_weapon_8040			100	36	0	0	0	0	0	0	0	0	0	0	0	0	0	0	0	0	0	0	0	0	0	0	0	0	0	0	0			0	0	0	0	0	0	0.023
	9001	5000	西部牛仔帽	1	4.戴宗	01.帽子	09.裝飾型	00.無	(0) 無	04.GASH商城	130	0	9		pc04_hat_5010			100	0	8	0	0	0	0	0	0	0	0	0	0	0	0	0	0	0	0	0	0	0	0	0	0	0	0	0	5			0	0	0	0	0	0	0.023
	9002	5000	西部大披肩	1	4.戴宗	02.上衣	09.裝飾型	00.無	(0) 無	04.GASH商城	170	0	10		pc04_torso_5010			100	0	18	0	0	0	0	0	0	0	0	0	0	0	0	0	0	0	0	0	0	0	0	0	0	0	0	0	5			0	0	0	0	0	0	0.023
	9003	5000	西部長靴	1	4.戴宗	03.褲子	09.裝飾型	00.無	(0) 無	04.GASH商城	150	0	11		pc04_pelvis_5010			100	0	10	0	0	0	0	0	0	0	0	0	0	0	0	0	0	0	0	0	0	0	0	0	0	0	0	0	5			0	0	0	0	0	0	0.023
	9004	5000	西部野馬徽章	1	4.戴宗	04.武器	09.裝飾型	00.無	(0) 無	04.GASH商城	280	0	12		pc04_weapon_5010			100	35	0	0	0	0	0	0	0	0	0	0	0	0	0	0	0	0	0	0	0	0	0	0	0	0	0	0	5			0	0	0	0	0	0	0.023
	9005	5000	毒菇帽	1	4.戴宗	01.帽子	09.裝飾型	00.無	(0) 無	04.GASH商城	130	0	9		pc04_hat_5020			100	0	8	0	0	0	0	25	0	0	0	0	0	0	0	0	0	0	0	0	0	0	0	0	0	0	0	0	0			0	0	0	0	0	0	0.023
	9006	5000	毒菇長袍	1	4.戴宗	02.上衣	09.裝飾型	00.無	(0) 無	04.GASH商城	170	0	10		pc04_torso_5020			100	0	18	0	0	0	0	25	0	0	0	0	0	0	0	0	0	0	0	0	0	0	0	0	0	0	0	0	0			0	0	0	0	0	0	0.023
	9007	5000	毒菇鞋	1	4.戴宗	03.褲子	09.裝飾型	00.無	(0) 無	04.GASH商城	150	0	11		pc04_pelvis_5020			100	0	10	0	0	0	0	25	0	0	0	0	0	0	0	0	0	0	0	0	0	0	0	0	0	0	0	0	0			0	0	0	0	0	0	0.023
	9008	5000	毒菇徽章	1	4.戴宗	04.武器	09.裝飾型	00.無	(0) 無	04.GASH商城	280	0	12		pc04_weapon_5020			100	35	0	0	0	0	0	50	0	0	0	0	0	0	0	0	0	0	0	0	0	0	0	0	0	0	0	0	0			0	0	0	0	0	0	0.023
	9009	5000	酋長面具	10	4.戴宗	01.帽子	09.裝飾型	00.無	(0) 無	04.GASH商城	630	0	9		pc04_hat_5030			100	0	19	0	0	0	0	0	0	0	0	0	0	0	0	0	0	0	0	0	0	0	0	0	0	0	0	0	0			0	0	0	0	0	0	0.073
	9010	5000	酋長長袍	10	4.戴宗	02.上衣	09.裝飾型	00.無	(0) 無	04.GASH商城	820	0	10		pc04_torso_5030			100	0	41	0	0	0	0	0	0	0	0	0	0	0	0	0	0	0	0	0	0	0	0	0	0	0	0	0	0			0	0	0	0	0	0	0.073
	9011	5000	酋長長靴	10	4.戴宗	03.褲子	09.裝飾型	00.無	(0) 無	04.GASH商城	720	0	11		pc04_pelvis_5030			100	0	24	0	0	0	0	0	0	0	0	0	0	0	0	0	0	0	0	0	0	0	0	0	0	0	0	0	0			0	0	0	0	0	0	0.073
	9012	5000	酋長徽章	10	4.戴宗	04.武器	09.裝飾型	00.無	(0) 無	04.GASH商城	"1,360"	0	12		pc04_weapon_5030			100	94	0	0	0	0	0	0	0	0	0	0	0	0	0	0	0	0	0	0	0	0	0	0	0	0	0	0	0			0	0	0	0	0	0	0.073
	9013	5000	頂戴花翎	1	4.戴宗	01.帽子	09.裝飾型	00.無	(0) 無	04.GASH商城	130	0	9		pc04_hat_5040			100	0	8	0	0	0	0	0	0	0	0	0	0	0	0	0	0	0	0	0	0	0	0	0	0	0	0	0	0			0	0	0	0	0	0	0.023
	9014	5000	朝服	1	4.戴宗	02.上衣	09.裝飾型	00.無	(0) 無	04.GASH商城	170	0	10		pc04_torso_5040			100	0	18	0	0	0	0	0	0	0	0	0	0	0	0	0	0	0	0	0	0	0	0	0	0	0	0	0	0			0	0	0	0	0	0	0.023
	9015	5000	朝靴	1	4.戴宗	03.褲子	09.裝飾型	00.無	(0) 無	04.GASH商城	150	0	11		pc04_pelvis_5040			100	0	10	0	0	0	0	0	0	0	0	0	0	0	0	0	0	0	0	0	0	0	0	0	0	0	0	0	0			0	0	0	0	0	0	0.023
	9016	5000	朝板徽章	1	4.戴宗	04.武器	09.裝飾型	00.無	(0) 無	04.GASH商城	280	0	12		pc04_weapon_5040			100	35	0	0	0	0	0	0	0	0	0	0	0	0	0	0	0	0	0	0	0	0	0	0	0	0	0	0	0			0	0	0	0	0	0	0.023
	9017	5000	書生帽	1	4.戴宗	01.帽子	09.裝飾型	00.無	(0) 無	04.GASH商城	130	0	9		pc04_hat_5050			100	0	8	0	0	0	0	0	0	0	0	0	0	0	0	0	0	0	0	0	0	0	0	0	0	0	0	0	0			0	0	0	0	0	0	0.023
	9018	5000	書生袍	1	4.戴宗	02.上衣	09.裝飾型	00.無	(0) 無	04.GASH商城	170	0	10		pc04_torso_5050			100	0	18	0	0	0	0	0	0	0	0	0	0	0	0	0	0	0	0	0	0	0	0	0	0	0	0	0	0			0	0	0	0	0	0	0.023
	9019	5000	書生鞋	1	4.戴宗	03.褲子	09.裝飾型	00.無	(0) 無	04.GASH商城	150	0	11		pc04_pelvis_5050			100	0	10	0	0	0	0	0	0	0	0	0	0	0	0	0	0	0	0	0	0	0	0	0	0	0	0	0	0			0	0	0	0	0	0	0.023
	9020	5000	書簡徽章	1	4.戴宗	04.武器	09.裝飾型	00.無	(0) 無	04.GASH商城	280	0	12		pc04_weapon_5050			100	35	0	0	0	0	0	0	0	0	0	0	0	0	0	0	0	0	0	0	0	0	0	0	0	0	0	0	0			0	0	0	0	0	0	0.023
	9021	5000	鬥牛士帽	1	4.戴宗	01.帽子	09.裝飾型	00.無	(0) 無	04.GASH商城	130	0	9		pc04_hat_5060			100	0	8	0	0	0	0	0	0	0	0	0	0	0	0	0	0	0	0	0	0	0	0	0	0	0	0	0	0			0	0	0	0	0	0	0.023
	9022	5000	鬥牛士披肩	1	4.戴宗	02.上衣	09.裝飾型	00.無	(0) 無	04.GASH商城	170	0	10		pc04_torso_5060			100	0	18	0	0	0	0	0	0	0	0	0	0	0	0	0	0	0	0	0	0	0	0	0	0	0	0	0	0			0	0	0	0	0	0	0.023
	9023	5000	鬥牛士長靴	1	4.戴宗	03.褲子	09.裝飾型	00.無	(0) 無	04.GASH商城	150	0	11		pc04_pelvis_5060			100	0	10	0	0	0	0	0	0	0	0	0	0	0	0	0	0	0	0	0	0	0	0	0	0	0	0	0	0			0	0	0	0	0	0	0.023
	9024	5000	鬥牛刺徽章	1	4.戴宗	04.武器	09.裝飾型	00.無	(0) 無	04.GASH商城	280	0	12		pc04_weapon_5060			100	35	0	0	0	0	0	0	0	0	0	0	0	0	0	0	0	0	0	0	0	0	0	0	0	0	0	0	0			0	0	0	0	0	0	0.023
	9025	5000	聖誕禮物帽	1	4.戴宗	01.帽子	09.裝飾型	00.無	(0) 無	04.GASH商城	130	0	9		pc04_hat_5100			100	0	8	0	0	0	0	0	0	150	0	0	0	0	0	0	0	0	0	0	0	0	0	0	0	0	0	0	0			0	0	0	0	0	0	0.023
	9026	5000	聖誕禮物服	1	4.戴宗	02.上衣	09.裝飾型	00.無	(0) 無	04.GASH商城	170	0	10		pc04_torso_5100			100	0	18	0	0	0	0	0	0	150	0	0	0	0	0	0	0	0	0	0	0	0	0	0	0	0	0	0	0			0	0	0	0	0	0	0.023
	9027	5000	聖誕禮物鞋	1	4.戴宗	03.褲子	09.裝飾型	00.無	(0) 無	04.GASH商城	150	0	11		pc04_pelvis_5100			100	0	10	0	0	0	0	0	0	150	0	0	0	0	0	0	0	0	0	0	0	0	0	0	0	0	0	0	0			0	0	0	0	0	0	0.023
	9028	5000	聖誕禮物徽章	1	4.戴宗	04.武器	09.裝飾型	00.無	(0) 無	04.GASH商城	280	0	12		pc04_weapon_5100			100	35	0	0	0	0	0	0	0	200	0	0	0	0	0	0	0	0	0	0	0	0	0	0	0	0	0	0	0			0	0	0	0	0	0	0.023
	9029	5000	外星頭盔	1	4.戴宗	01.帽子	09.裝飾型	00.無	(0) 無	04.GASH商城	130	0	9		pc04_hat_5110			100	0	8	0	0	0	0	0	0	0	0	0	0	0	0	0	0	0	0	0	0	0	0	0	0	0	0	0	0			0	0	0	0	0	0	0.023
	9030	5000	外星服	1	4.戴宗	02.上衣	09.裝飾型	00.無	(0) 無	04.GASH商城	170	0	10		pc04_torso_5110			100	0	18	0	0	0	0	0	0	0	0	0	0	0	0	0	0	0	0	0	0	0	0	0	0	0	0	0	0			0	0	0	0	0	0	0.023
	9031	5000	外星靴	1	4.戴宗	03.褲子	09.裝飾型	00.無	(0) 無	04.GASH商城	150	0	11		pc04_pelvis_5110			100	0	10	0	0	0	0	0	0	0	0	0	0	0	0	0	0	0	0	0	0	0	0	0	0	0	0	0	0			0	0	0	0	0	0	0.023
	9032	5000	外星徽章	1	4.戴宗	04.武器	09.裝飾型	00.無	(0) 無	04.GASH商城	280	0	12		pc04_weapon_5110			100	35	0	0	0	0	0	0	0	0	0	0	0	0	0	0	0	0	0	0	0	0	0	0	0	0	0	0	0			0	0	0	0	0	0	0.023
	9033	5000	曲棍藍帽	1	4.戴宗	01.帽子	09.裝飾型	00.無	(0) 無	04.GASH商城	130	0	9		pc04_hat_5130			100	0	8	0	0	0	0	0	0	0	0	0	0	0	0	0	0	0	0	0	0	0	0	0	0	0	0	0	0			0	0	0	0	0	0	0.023
	9034	5000	曲棍藍衣	1	4.戴宗	02.上衣	09.裝飾型	00.無	(0) 無	04.GASH商城	170	0	10		pc04_torso_5130			100	0	18	0	0	0	0	0	0	0	0	0	0	0	0	0	0	0	0	0	0	0	0	0	0	0	0	0	0			0	0	0	0	0	0	0.023
	9035	5000	曲棍藍褲	1	4.戴宗	03.褲子	09.裝飾型	00.無	(0) 無	04.GASH商城	150	0	11		pc04_pelvis_5130			100	0	10	0	0	0	0	0	0	0	0	0	0	0	0	0	0	0	0	0	0	0	0	0	0	0	0	0	0			0	0	0	0	0	0	0.023
	9036	5000	藍曲棍	1	4.戴宗	04.武器	09.裝飾型	00.無	(0) 無	04.GASH商城	280	0	12		pc04_weapon_5130			100	35	0	0	0	0	0	0	0	0	0	0	0	0	0	0	0	0	0	0	0	0	0	0	0	0	0	0	0			0	0	0	0	0	0	0.023
	9037	5000	曲棍白帽	1	4.戴宗	01.帽子	09.裝飾型	00.無	(0) 無	04.GASH商城	130	0	9		pc04_hat_5140			100	0	8	0	0	0	0	0	0	0	0	0	0	0	0	0	0	0	0	0	0	0	0	0	0	0	0	0	0			0	0	0	0	0	0	0.023
	9038	5000	曲棍白衣	1	4.戴宗	02.上衣	09.裝飾型	00.無	(0) 無	04.GASH商城	170	0	10		pc04_torso_5140			100	0	18	0	0	0	0	0	0	0	0	0	0	0	0	0	0	0	0	0	0	0	0	0	0	0	0	0	0			0	0	0	0	0	0	0.023
	9039	5000	曲棍白褲	1	4.戴宗	03.褲子	09.裝飾型	00.無	(0) 無	04.GASH商城	150	0	11		pc04_pelvis_5140			100	0	10	0	0	0	0	0	0	0	0	0	0	0	0	0	0	0	0	0	0	0	0	0	0	0	0	0	0			0	0	0	0	0	0	0.023
	9040	5000	白曲棍	1	4.戴宗	04.武器	09.裝飾型	00.無	(0) 無	04.GASH商城	280	0	12		pc04_weapon_5140			100	35	0	0	0	0	0	0	0	0	0	0	0	0	0	0	0	0	0	0	0	0	0	0	0	0	0	0	0			0	0	0	0	0	0	0.023
	9041	5000	美國足球衣	1	4.戴宗	02.上衣	09.裝飾型	00.無	(0) 無	04.GASH商城	170	0	10		pc04_torso_7010			100	0	18	0	0	0	0	0	0	0	0	0	0	0	0	0	0	0	0	0	0	0	0	0	0	0	0	0	0			0	0	0	0	0	0	0.023
	9042	5000	美國足球褲	1	4.戴宗	03.褲子	09.裝飾型	00.無	(0) 無	04.GASH商城	150	0	11		pc04_pelvis_7010			100	0	10	0	0	0	0	0	0	0	0	0	0	0	0	0	0	0	0	0	0	0	0	0	0	0	0	0	0			0	0	0	0	0	0	0.023
	9043	5000	英國足球衣	1	4.戴宗	02.上衣	09.裝飾型	00.無	(0) 無	04.GASH商城	170	0	10		pc04_torso_7020			100	0	18	0	0	0	0	0	0	0	0	0	0	0	0	0	0	0	0	0	0	0	0	0	0	0	0	0	0			0	0	0	0	0	0	0.023
	9044	5000	英國足球褲	1	4.戴宗	03.褲子	09.裝飾型	00.無	(0) 無	04.GASH商城	150	0	11		pc04_pelvis_7020			100	0	10	0	0	0	0	0	0	0	0	0	0	0	0	0	0	0	0	0	0	0	0	0	0	0	0	0	0			0	0	0	0	0	0	0.023
	9045	5000	法國足球衣	1	4.戴宗	02.上衣	09.裝飾型	00.無	(0) 無	04.GASH商城	170	0	10		pc04_torso_7030			100	0	18	0	0	0	0	0	0	0	0	0	0	0	0	0	0	0	0	0	0	0	0	0	0	0	0	0	0			0	0	0	0	0	0	0.023
	9046	5000	法國足球褲	1	4.戴宗	03.褲子	09.裝飾型	00.無	(0) 無	04.GASH商城	150	0	11		pc04_pelvis_7030			100	0	10	0	0	0	0	0	0	0	0	0	0	0	0	0	0	0	0	0	0	0	0	0	0	0	0	0	0			0	0	0	0	0	0	0.023
	9047	5000	德國足球衣	1	4.戴宗	02.上衣	09.裝飾型	00.無	(0) 無	04.GASH商城	170	0	10		pc04_torso_7040			100	0	18	0	0	0	0	0	0	0	0	0	0	0	0	0	0	0	0	0	0	0	0	0	0	0	0	0	0			0	0	0	0	0	0	0.023
	9048	5000	德國足球褲	1	4.戴宗	03.褲子	09.裝飾型	00.無	(0) 無	04.GASH商城	150	0	11		pc04_pelvis_7040			100	0	10	0	0	0	0	0	0	0	0	0	0	0	0	0	0	0	0	0	0	0	0	0	0	0	0	0	0			0	0	0	0	0	0	0.023
	9049	5000	澳大利亞足球衣	1	4.戴宗	02.上衣	09.裝飾型	00.無	(0) 無	04.GASH商城	170	0	10		pc04_torso_7050			100	0	18	0	0	0	0	0	0	0	0	0	0	0	0	0	0	0	0	0	0	0	0	0	0	0	0	0	0			0	0	0	0	0	0	0.023
	9050	5000	澳大利亞足球褲	1	4.戴宗	03.褲子	09.裝飾型	00.無	(0) 無	04.GASH商城	150	0	11		pc04_pelvis_7050			100	0	10	0	0	0	0	0	0	0	0	0	0	0	0	0	0	0	0	0	0	0	0	0	0	0	0	0	0			0	0	0	0	0	0	0.023
	9051	5000	南非足球衣	1	4.戴宗	02.上衣	09.裝飾型	00.無	(0) 無	04.GASH商城	170	0	10		pc04_torso_7060			100	0	18	0	0	0	0	0	0	0	0	0	0	0	0	0	0	0	0	0	0	0	0	0	0	0	0	0	0			0	0	0	0	0	0	0.023
	9052	5000	南非足球褲	1	4.戴宗	03.褲子	09.裝飾型	00.無	(0) 無	04.GASH商城	150	0	11		pc04_pelvis_7060			100	0	10	0	0	0	0	0	0	0	0	0	0	0	0	0	0	0	0	0	0	0	0	0	0	0	0	0	0			0	0	0	0	0	0	0.023
	9053	5000	紅色賽車安全帽	1	4.戴宗	01.帽子	09.裝飾型	00.無	(0) 無	04.GASH商城	130	0	9		pc04_hat_8010			100	0	8	0	0	0	0	0	0	0	0	0	0	0	0	0	0	0	0	0	0	0	0	0	0	0	0	0	0			0	0	0	0	0	0	0.023
	9054	5000	紅色賽車衣	1	4.戴宗	02.上衣	09.裝飾型	00.無	(0) 無	04.GASH商城	170	0	10		pc04_torso_8010			100	0	18	0	0	0	0	0	0	0	0	0	0	0	0	0	0	0	0	0	0	0	0	0	0	0	0	0	0			0	0	0	0	0	0	0.023
	9055	5000	紅色賽車鞋	1	4.戴宗	03.褲子	09.裝飾型	00.無	(0) 無	04.GASH商城	150	0	11		pc04_pelvis_8010			100	0	10	0	0	0	0	0	0	0	0	0	0	0	0	0	0	0	0	0	0	0	0	0	0	0	0	0	0			0	0	0	0	0	0	0.023
	9056	5000	紅色賽車方向盤	1	4.戴宗	04.武器	09.裝飾型	00.無	(0) 無	04.GASH商城	280	0	12		pc04_weapon_8010			100	35	0	0	0	0	0	0	0	0	0	0	0	0	0	0	0	0	0	0	0	0	0	0	0	0	0	0	0			0	0	0	0	0	0	0.023
	9057	5000	黃色賽車安全帽	1	4.戴宗	01.帽子	09.裝飾型	00.無	(0) 無	04.GASH商城	130	0	9		pc04_hat_8020			100	0	8	0	0	0	0	0	0	0	0	0	0	0	0	0	0	0	0	0	0	0	0	0	0	0	0	0	0			0	0	0	0	0	0	0.023
	9058	5000	黃色賽車衣	1	4.戴宗	02.上衣	09.裝飾型	00.無	(0) 無	04.GASH商城	170	0	10		pc04_torso_8020			100	0	18	0	0	0	0	0	0	0	0	0	0	0	0	0	0	0	0	0	0	0	0	0	0	0	0	0	0			0	0	0	0	0	0	0.023
	9059	5000	黃色賽車鞋	1	4.戴宗	03.褲子	09.裝飾型	00.無	(0) 無	04.GASH商城	150	0	11		pc04_pelvis_8020			100	0	10	0	0	0	0	0	0	0	0	0	0	0	0	0	0	0	0	0	0	0	0	0	0	0	0	0	0			0	0	0	0	0	0	0.023
	9060	5000	黃色賽車方向盤	1	4.戴宗	04.武器	09.裝飾型	00.無	(0) 無	04.GASH商城	280	0	12		pc04_weapon_8020			100	35	0	0	0	0	0	0	0	0	0	0	0	0	0	0	0	0	0	0	0	0	0	0	0	0	0	0	0			0	0	0	0	0	0	0.023
	9061	5000	泰拳頭巾	1	4.戴宗	01.帽子	09.裝飾型	00.無	(0) 無	04.GASH商城	130	0	9		pc04_hat_8030			100	0	8	0	0	0	0	0	0	0	0	0	0	0	0	0	0	0	0	0	0	0	0	0	0	0	0	0	0			0	0	0	0	0	0	0.023
	9062	5000	泰拳衣	1	4.戴宗	02.上衣	09.裝飾型	00.無	(0) 無	04.GASH商城	170	0	10		pc04_torso_8030			100	0	18	0	0	0	0	0	0	0	0	0	0	0	0	0	0	0	0	0	0	0	0	0	0	0	0	0	0			0	0	0	0	0	0	0.023
	9063	5000	泰拳繃帶腳	1	4.戴宗	03.褲子	09.裝飾型	00.無	(0) 無	04.GASH商城	150	0	11		pc04_pelvis_8030			100	0	10	0	0	0	0	0	0	0	0	0	0	0	0	0	0	0	0	0	0	0	0	0	0	0	0	0	0			0	0	0	0	0	0	0.023
	9064	5000	泰拳手套	1	4.戴宗	04.武器	09.裝飾型	00.無	(0) 無	04.GASH商城	280	0	12		pc04_weapon_8030			100	35	0	0	0	0	0	0	0	0	0	0	0	0	0	0	0	0	0	0	0	0	0	0	0	0	0	0	0			0	0	0	0	0	0	0.023
	9065	5000	機器人頭盔	1	4.戴宗	01.帽子	09.裝飾型	00.無	(0) 無	10.活動獎勵	130	0	9		pc04_hat_8040			100	0	8	0	0	0	0	0	0	0	0	0	0	0	0	0	0	0	0	0	0	0	0	0	0	0	0	0	0			0	0	0	0	0	0	0.023
	9066	5000	機器人盔甲	1	4.戴宗	02.上衣	09.裝飾型	00.無	(0) 無	10.活動獎勵	170	0	10		pc04_torso_8040			100	0	18	0	0	0	0	0	0	0	0	0	0	0	0	0	0	0	0	0	0	0	0	0	0	0	0	0	0			0	0	0	0	0	0	0.023
	9067	5000	機器人鞋	1	4.戴宗	03.褲子	09.裝飾型	00.無	(0) 無	10.活動獎勵	150	0	11		pc04_pelvis_8040			100	0	10	0	0	0	0	0	0	0	0	0	0	0	0	0	0	0	0	0	0	0	0	0	0	0	0	0	0			0	0	0	0	0	0	0.023
	9068	5000	機器人發條	1	4.戴宗	04.武器	09.裝飾型	00.無	(0) 無	10.活動獎勵	280	0	12		pc04_weapon_8040			100	35	0	0	0	0	0	0	0	0	0	0	0	0	0	0	0	0	0	0	0	0	0	0	0	0	0	0	0			0	0	0	0	0	0	0.023
	10001	5000	嘻哈帽	1	5.史進	01.帽子	09.裝飾型	00.無	(0) 無	04.GASH商城	130	0	9		pc05_hat_5010			100	0	10	0	0	0	0	0	0	0	0	0	0	0	0	0	0	0	0	0	0	0	0	0	0	0	0	0	5			0	0	0	0	0	0	0.023
	10002	5000	嘻哈外套	1	5.史進	02.上衣	09.裝飾型	00.無	(0) 無	04.GASH商城	170	0	10		pc05_torso_5010			100	0	21	0	0	0	0	0	0	0	0	0	0	0	0	0	0	0	0	0	0	0	0	0	0	0	0	0	5			0	0	0	0	0	0	0.023
	10003	5000	嘻哈褲	1	5.史進	03.褲子	09.裝飾型	00.無	(0) 無	04.GASH商城	150	0	11		pc05_pelvis_5010			100	0	12	0	0	0	0	0	0	0	0	0	0	0	0	0	0	0	0	0	0	0	0	0	0	0	0	0	5			0	0	0	0	0	0	0.023
	10004	5000	嘻哈小手	1	5.史進	04.武器	09.裝飾型	00.無	(0) 無	04.GASH商城	280	0	12		pc05_weapon_5010			100	38	0	0	0	0	0	0	0	0	0	0	0	0	0	0	0	0	0	0	0	0	0	0	0	0	0	0	5			0	0	0	0	0	0	0.023
	10005	5000	爆走飛機頭	1	5.史進	01.帽子	09.裝飾型	00.無	(0) 無	04.GASH商城	130	0	9		pc05_hat_5020			100	0	10	0	0	0	0	25	0	0	0	0	0	0	0	0	0	0	0	0	0	0	0	0	0	0	0	0	0			0	0	0	0	0	0	0.023
	10006	5000	爆走短外套	1	5.史進	02.上衣	09.裝飾型	00.無	(0) 無	04.GASH商城	170	0	10		pc05_torso_5020			100	0	21	0	0	0	0	25	0	0	0	0	0	0	0	0	0	0	0	0	0	0	0	0	0	0	0	0	0			0	0	0	0	0	0	0.023
	10007	5000	爆走皮褲	1	5.史進	03.褲子	09.裝飾型	00.無	(0) 無	04.GASH商城	150	0	11		pc05_pelvis_5020			100	0	12	0	0	0	0	25	0	0	0	0	0	0	0	0	0	0	0	0	0	0	0	0	0	0	0	0	0			0	0	0	0	0	0	0.023
	10008	5000	爆走棒球棍	1	5.史進	04.武器	09.裝飾型	00.無	(0) 無	04.GASH商城	280	0	12		pc05_weapon_5020			100	38	0	0	0	0	0	50	0	0	0	0	0	0	0	0	0	0	0	0	0	0	0	0	0	0	0	0	0			0	0	0	0	0	0	0.023
	10009	5000	聖誕皮帽	1	5.史進	01.帽子	09.裝飾型	00.無	(0) 無	04.GASH商城	130	0	9		pc05_hat_5100			100	0	10	0	0	0	0	0	0	150	0	0	0	0	0	0	0	0	0	0	0	0	0	0	0	0	0	0	0			0	0	0	0	0	0	0.023
	10010	5000	聖誕皮衣	1	5.史進	02.上衣	09.裝飾型	00.無	(0) 無	04.GASH商城	170	0	10		pc05_torso_5100			100	0	21	0	0	0	0	0	0	150	0	0	0	0	0	0	0	0	0	0	0	0	0	0	0	0	0	0	0			0	0	0	0	0	0	0.023
	10011	5000	聖誕皮褲	1	5.史進	03.褲子	09.裝飾型	00.無	(0) 無	04.GASH商城	150	0	11		pc05_pelvis_5100			100	0	12	0	0	0	0	0	0	150	0	0	0	0	0	0	0	0	0	0	0	0	0	0	0	0	0	0	0			0	0	0	0	0	0	0.023
	10012	5000	聖誕長棍	1	5.史進	04.武器	09.裝飾型	00.無	(0) 無	04.GASH商城	280	0	12		pc05_weapon_5100			100	38	0	0	0	0	0	0	0	200	0	0	0	0	0	0	0	0	0	0	0	0	0	0	0	0	0	0	0			0	0	0	0	0	0	0.023
	10013	5000	瓊斯牛仔帽	1	5.史進	01.帽子	09.裝飾型	00.無	(0) 無	04.GASH商城	130	0	9		pc05_hat_5110			100	0	10	0	0	0	0	0	0	0	0	0	0	0	0	0	0	0	0	0	0	0	0	0	0	0	0	0	0			0	0	0	0	0	0	0.023
	10014	5000	瓊斯牛仔背心	1	5.史進	02.上衣	09.裝飾型	00.無	(0) 無	04.GASH商城	170	0	10		pc05_torso_5110			100	0	21	0	0	0	0	0	0	0	0	0	0	0	0	0	0	0	0	0	0	0	0	0	0	0	0	0	0			0	0	0	0	0	0	0.023
	10015	5000	瓊斯牛仔褲	1	5.史進	03.褲子	09.裝飾型	00.無	(0) 無	04.GASH商城	150	0	11		pc05_pelvis_5110			100	0	12	0	0	0	0	0	0	0	0	0	0	0	0	0	0	0	0	0	0	0	0	0	0	0	0	0	0			0	0	0	0	0	0	0.023
	10016	5000	瓊斯奇兵長棍	1	5.史進	04.武器	09.裝飾型	00.無	(0) 無	04.GASH商城	280	0	12		pc05_weapon_5110			100	38	0	0	0	0	0	0	0	0	0	0	0	0	0	0	0	0	0	0	0	0	0	0	0	0	0	0	0			0	0	0	0	0	0	0.023
	10017	5000	湯屋頭巾	10	5.史進	01.帽子	09.裝飾型	00.無	(0) 無	04.GASH商城	630	0	9		pc05_hat_5030			100	0	22	0	0	0	0	0	0	0	0	0	0	0	0	0	0	0	0	0	0	0	0	0	0	0	0	0	0			0	0	0	0	0	0	0.073
	10018	5000	湯屋羽織	10	5.史進	02.上衣	09.裝飾型	00.無	(0) 無	04.GASH商城	820	0	10		pc05_torso_5030			100	0	48	0	0	0	0	0	0	0	0	0	0	0	0	0	0	0	0	0	0	0	0	0	0	0	0	0	0			0	0	0	0	0	0	0.073
	10019	5000	湯屋褲	10	5.史進	03.褲子	09.裝飾型	00.無	(0) 無	04.GASH商城	720	0	11		pc05_pelvis_5030			100	0	28	0	0	0	0	0	0	0	0	0	0	0	0	0	0	0	0	0	0	0	0	0	0	0	0	0	0			0	0	0	0	0	0	0.073
	10020	5000	湯屋長棍	10	5.史進	04.武器	09.裝飾型	00.無	(0) 無	04.GASH商城	"1,360"	0	12		pc05_weapon_5030			100	103	0	0	0	0	0	0	0	0	0	0	0	0	0	0	0	0	0	0	0	0	0	0	0	0	0	0	0			0	0	0	0	0	0	0.073
	10021	5000	熱情舞蹈帽	1	5.史進	01.帽子	09.裝飾型	00.無	(0) 無	04.GASH商城	130	0	9		pc05_hat_5040			100	0	10	0	0	0	0	0	0	0	0	0	0	0	0	0	0	0	0	0	0	0	0	0	0	0	0	0	0			0	0	0	0	0	0	0.023
	10022	5000	熱情舞蹈上衣	1	5.史進	02.上衣	09.裝飾型	00.無	(0) 無	04.GASH商城	170	0	10		pc05_torso_5040			100	0	21	0	0	0	0	0	0	0	0	0	0	0	0	0	0	0	0	0	0	0	0	0	0	0	0	0	0			0	0	0	0	0	0	0.023
	10023	5000	熱情舞蹈長褲	1	5.史進	03.褲子	09.裝飾型	00.無	(0) 無	04.GASH商城	150	0	11		pc05_pelvis_5040			100	0	12	0	0	0	0	0	0	0	0	0	0	0	0	0	0	0	0	0	0	0	0	0	0	0	0	0	0			0	0	0	0	0	0	0.023
	10024	5000	熱情舞蹈長棍	1	5.史進	04.武器	09.裝飾型	00.無	(0) 無	04.GASH商城	280	0	12		pc05_weapon_5040			100	38	0	0	0	0	0	0	0	0	0	0	0	0	0	0	0	0	0	0	0	0	0	0	0	0	0	0	0			0	0	0	0	0	0	0.023
	10025	5000	武士鐵盔	1	5.史進	01.帽子	09.裝飾型	00.無	(0) 無	04.GASH商城	130	0	9		pc05_hat_5050			100	0	10	0	0	0	0	0	0	0	0	0	0	0	0	0	0	0	0	0	0	0	0	0	0	0	0	0	0			0	0	0	0	0	0	0.023
	10026	5000	武士鐵甲	1	5.史進	02.上衣	09.裝飾型	00.無	(0) 無	04.GASH商城	170	0	10		pc05_torso_5050			100	0	21	0	0	0	0	0	0	0	0	0	0	0	0	0	0	0	0	0	0	0	0	0	0	0	0	0	0			0	0	0	0	0	0	0.023
	10027	5000	武士鐵裙	1	5.史進	03.褲子	09.裝飾型	00.無	(0) 無	04.GASH商城	150	0	11		pc05_pelvis_5050			100	0	12	0	0	0	0	0	0	0	0	0	0	0	0	0	0	0	0	0	0	0	0	0	0	0	0	0	0			0	0	0	0	0	0	0.023
	10028	5000	武士鐵棍	1	5.史進	04.武器	09.裝飾型	00.無	(0) 無	04.GASH商城	280	0	12		pc05_weapon_5050			100	38	0	0	0	0	0	0	0	0	0	0	0	0	0	0	0	0	0	0	0	0	0	0	0	0	0	0	0			0	0	0	0	0	0	0.023
	10029	5000	曲棍藍帽	1	5.史進	01.帽子	09.裝飾型	00.無	(0) 無	04.GASH商城	130	0	9		pc05_hat_5130			100	0	10	0	0	0	0	0	0	0	0	0	0	0	0	0	0	0	0	0	0	0	0	0	0	0	0	0	0			0	0	0	0	0	0	0.023
	10030	5000	曲棍藍衣	1	5.史進	02.上衣	09.裝飾型	00.無	(0) 無	04.GASH商城	170	0	10		pc05_torso_5130			100	0	21	0	0	0	0	0	0	0	0	0	0	0	0	0	0	0	0	0	0	0	0	0	0	0	0	0	0			0	0	0	0	0	0	0.023
	10031	5000	曲棍藍褲	1	5.史進	03.褲子	09.裝飾型	00.無	(0) 無	04.GASH商城	150	0	11		pc05_pelvis_5130			100	0	12	0	0	0	0	0	0	0	0	0	0	0	0	0	0	0	0	0	0	0	0	0	0	0	0	0	0			0	0	0	0	0	0	0.023
	10032	5000	藍曲棍	1	5.史進	04.武器	09.裝飾型	00.無	(0) 無	04.GASH商城	280	0	12		pc05_weapon_5130			100	38	0	0	0	0	0	0	0	0	0	0	0	0	0	0	0	0	0	0	0	0	0	0	0	0	0	0	0			0	0	0	0	0	0	0.023
	10033	5000	曲棍白帽	1	5.史進	01.帽子	09.裝飾型	00.無	(0) 無	04.GASH商城	130	0	9		pc05_hat_5140			100	0	10	0	0	0	0	0	0	0	0	0	0	0	0	0	0	0	0	0	0	0	0	0	0	0	0	0	0			0	0	0	0	0	0	0.023
	10034	5000	曲棍白衣	1	5.史進	02.上衣	09.裝飾型	00.無	(0) 無	04.GASH商城	170	0	10		pc05_torso_5140			100	0	21	0	0	0	0	0	0	0	0	0	0	0	0	0	0	0	0	0	0	0	0	0	0	0	0	0	0			0	0	0	0	0	0	0.023
	10035	5000	曲棍白褲	1	5.史進	03.褲子	09.裝飾型	00.無	(0) 無	04.GASH商城	150	0	11		pc05_pelvis_5140			100	0	12	0	0	0	0	0	0	0	0	0	0	0	0	0	0	0	0	0	0	0	0	0	0	0	0	0	0			0	0	0	0	0	0	0.023
	10036	5000	白曲棍	1	5.史進	04.武器	09.裝飾型	00.無	(0) 無	04.GASH商城	280	0	12		pc05_weapon_5140			100	38	0	0	0	0	0	0	0	0	0	0	0	0	0	0	0	0	0	0	0	0	0	0	0	0	0	0	0			0	0	0	0	0	0	0.023
	10037	5000	美國足球衣	1	5.史進	02.上衣	09.裝飾型	00.無	(0) 無	04.GASH商城	170	0	10		pc05_torso_7010			100	0	21	0	0	0	0	0	0	0	0	0	0	0	0	0	0	0	0	0	0	0	0	0	0	0	0	0	0			0	0	0	0	0	0	0.023
	10038	5000	美國足球褲	1	5.史進	03.褲子	09.裝飾型	00.無	(0) 無	04.GASH商城	150	0	11		pc05_pelvis_7010			100	0	12	0	0	0	0	0	0	0	0	0	0	0	0	0	0	0	0	0	0	0	0	0	0	0	0	0	0			0	0	0	0	0	0	0.023
	10039	5000	英國足球衣	1	5.史進	02.上衣	09.裝飾型	00.無	(0) 無	04.GASH商城	170	0	10		pc05_torso_7020			100	0	21	0	0	0	0	0	0	0	0	0	0	0	0	0	0	0	0	0	0	0	0	0	0	0	0	0	0			0	0	0	0	0	0	0.023
	10040	5000	英國足球褲	1	5.史進	03.褲子	09.裝飾型	00.無	(0) 無	04.GASH商城	150	0	11		pc05_pelvis_7020			100	0	12	0	0	0	0	0	0	0	0	0	0	0	0	0	0	0	0	0	0	0	0	0	0	0	0	0	0			0	0	0	0	0	0	0.023
	10041	5000	法國足球衣	1	5.史進	02.上衣	09.裝飾型	00.無	(0) 無	04.GASH商城	170	0	10		pc05_torso_7030			100	0	21	0	0	0	0	0	0	0	0	0	0	0	0	0	0	0	0	0	0	0	0	0	0	0	0	0	0			0	0	0	0	0	0	0.023
	10042	5000	法國足球褲	1	5.史進	03.褲子	09.裝飾型	00.無	(0) 無	04.GASH商城	150	0	11		pc05_pelvis_7030			100	0	12	0	0	0	0	0	0	0	0	0	0	0	0	0	0	0	0	0	0	0	0	0	0	0	0	0	0			0	0	0	0	0	0	0.023
	10043	5000	德國足球衣	1	5.史進	02.上衣	09.裝飾型	00.無	(0) 無	04.GASH商城	170	0	10		pc05_torso_7040			100	0	21	0	0	0	0	0	0	0	0	0	0	0	0	0	0	0	0	0	0	0	0	0	0	0	0	0	0			0	0	0	0	0	0	0.023
	10044	5000	德國足球褲	1	5.史進	03.褲子	09.裝飾型	00.無	(0) 無	04.GASH商城	150	0	11		pc05_pelvis_7040			100	0	12	0	0	0	0	0	0	0	0	0	0	0	0	0	0	0	0	0	0	0	0	0	0	0	0	0	0			0	0	0	0	0	0	0.023
	10045	5000	澳大利亞足球衣	1	5.史進	02.上衣	09.裝飾型	00.無	(0) 無	04.GASH商城	170	0	10		pc05_torso_7050			100	0	21	0	0	0	0	0	0	0	0	0	0	0	0	0	0	0	0	0	0	0	0	0	0	0	0	0	0			0	0	0	0	0	0	0.023
	10046	5000	澳大利亞足球褲	1	5.史進	03.褲子	09.裝飾型	00.無	(0) 無	04.GASH商城	150	0	11		pc05_pelvis_7050			100	0	12	0	0	0	0	0	0	0	0	0	0	0	0	0	0	0	0	0	0	0	0	0	0	0	0	0	0			0	0	0	0	0	0	0.023
	10047	5000	南非足球衣	1	5.史進	02.上衣	09.裝飾型	00.無	(0) 無	04.GASH商城	170	0	10		pc05_torso_7060			100	0	21	0	0	0	0	0	0	0	0	0	0	0	0	0	0	0	0	0	0	0	0	0	0	0	0	0	0			0	0	0	0	0	0	0.023
	10048	5000	南非足球褲	1	5.史進	03.褲子	09.裝飾型	00.無	(0) 無	04.GASH商城	150	0	11		pc05_pelvis_7060			100	0	12	0	0	0	0	0	0	0	0	0	0	0	0	0	0	0	0	0	0	0	0	0	0	0	0	0	0			0	0	0	0	0	0	0.023
	10049	5000	紅色賽車安全帽	1	5.史進	01.帽子	09.裝飾型	00.無	(0) 無	04.GASH商城	130	0	9		pc05_hat_8010			100	0	10	0	0	0	0	0	0	0	0	0	0	0	0	0	0	0	0	0	0	0	0	0	0	0	0	0	0			0	0	0	0	0	0	0.023
	10050	5000	紅色賽車衣	1	5.史進	02.上衣	09.裝飾型	00.無	(0) 無	04.GASH商城	170	0	10		pc05_torso_8010			100	0	21	0	0	0	0	0	0	0	0	0	0	0	0	0	0	0	0	0	0	0	0	0	0	0	0	0	0			0	0	0	0	0	0	0.023
	10051	5000	紅色賽車鞋	1	5.史進	03.褲子	09.裝飾型	00.無	(0) 無	04.GASH商城	150	0	11		pc05_pelvis_8010			100	0	12	0	0	0	0	0	0	0	0	0	0	0	0	0	0	0	0	0	0	0	0	0	0	0	0	0	0			0	0	0	0	0	0	0.023
	10052	5000	紅色賽車手套	1	5.史進	04.武器	09.裝飾型	00.無	(0) 無	04.GASH商城	280	0	12		pc05_weapon_8010			100	38	0	0	0	0	0	0	0	0	0	0	0	0	0	0	0	0	0	0	0	0	0	0	0	0	0	0	0			0	0	0	0	0	0	0.023
	10053	5000	黃色賽車安全帽	1	5.史進	01.帽子	09.裝飾型	00.無	(0) 無	04.GASH商城	130	0	9		pc05_hat_8020			100	0	10	0	0	0	0	0	0	0	0	0	0	0	0	0	0	0	0	0	0	0	0	0	0	0	0	0	0			0	0	0	0	0	0	0.023
	10054	5000	黃色賽車衣	1	5.史進	02.上衣	09.裝飾型	00.無	(0) 無	04.GASH商城	170	0	10		pc05_torso_8020			100	0	21	0	0	0	0	0	0	0	0	0	0	0	0	0	0	0	0	0	0	0	0	0	0	0	0	0	0			0	0	0	0	0	0	0.023
	10055	5000	黃色賽車鞋	1	5.史進	03.褲子	09.裝飾型	00.無	(0) 無	04.GASH商城	150	0	11		pc05_pelvis_8020			100	0	12	0	0	0	0	0	0	0	0	0	0	0	0	0	0	0	0	0	0	0	0	0	0	0	0	0	0			0	0	0	0	0	0	0.023
	10056	5000	黃色賽車手套	1	5.史進	04.武器	09.裝飾型	00.無	(0) 無	04.GASH商城	280	0	12		pc05_weapon_8020			100	38	0	0	0	0	0	0	0	0	0	0	0	0	0	0	0	0	0	0	0	0	0	0	0	0	0	0	0			0	0	0	0	0	0	0.023
	10057	5000	泰拳頭巾	1	5.史進	01.帽子	09.裝飾型	00.無	(0) 無	04.GASH商城	130	0	9		pc05_hat_8030			100	0	10	0	0	0	0	0	0	0	0	0	0	0	0	0	0	0	0	0	0	0	0	0	0	0	0	0	0			0	0	0	0	0	0	0.023
	10058	5000	泰拳衣	1	5.史進	02.上衣	09.裝飾型	00.無	(0) 無	04.GASH商城	170	0	10		pc05_torso_8030			100	0	21	0	0	0	0	0	0	0	0	0	0	0	0	0	0	0	0	0	0	0	0	0	0	0	0	0	0			0	0	0	0	0	0	0.023
	10059	5000	泰拳繃帶腳	1	5.史進	03.褲子	09.裝飾型	00.無	(0) 無	04.GASH商城	150	0	11		pc05_pelvis_8030			100	0	12	0	0	0	0	0	0	0	0	0	0	0	0	0	0	0	0	0	0	0	0	0	0	0	0	0	0			0	0	0	0	0	0	0.023
	10060	5000	泰拳手套	1	5.史進	04.武器	09.裝飾型	00.無	(0) 無	04.GASH商城	280	0	12		pc05_weapon_8030			100	38	0	0	0	0	0	0	0	0	0	0	0	0	0	0	0	0	0	0	0	0	0	0	0	0	0	0	0			0	0	0	0	0	0	0.023
	10061	5000	機器人頭盔	1	5.史進	01.帽子	09.裝飾型	00.無	(0) 無	10.活動獎勵	130	0	9		pc05_hat_8040			100	0	10	0	0	0	0	0	0	0	0	0	0	0	0	0	0	0	0	0	0	0	0	0	0	0	0	0	0			0	0	0	0	0	0	0.023
	10062	5000	機器人盔甲	1	5.史進	02.上衣	09.裝飾型	00.無	(0) 無	10.活動獎勵	170	0	10		pc05_torso_8040			100	0	21	0	0	0	0	0	0	0	0	0	0	0	0	0	0	0	0	0	0	0	0	0	0	0	0	0	0			0	0	0	0	0	0	0.023
	10063	5000	機器人鞋	1	5.史進	03.褲子	09.裝飾型	00.無	(0) 無	10.活動獎勵	150	0	11		pc05_pelvis_8040			100	0	12	0	0	0	0	0	0	0	0	0	0	0	0	0	0	0	0	0	0	0	0	0	0	0	0	0	0			0	0	0	0	0	0	0.023
	10064	5000	機器人發條	1	5.史進	04.武器	09.裝飾型	00.無	(0) 無	10.活動獎勵	280	0	12		pc05_weapon_8040			100	38	0	0	0	0	0	0	0	0	0	0	0	0	0	0	0	0	0	0	0	0	0	0	0	0	0	0	0			0	0	0	0	0	0	0.023
	11001	5000	搖滾耳機	1	6.李逵	01.帽子	09.裝飾型	00.無	(0) 無	04.GASH商城	130	0	9		pc06_hat_5010			100	0	10	0	0	0	0	0	0	0	0	0	0	0	0	0	0	0	0	0	0	0	0	0	0	0	0	0	5			0	0	0	0	0	0	0.023
	11002	5000	搖滾外套	1	6.李逵	02.上衣	09.裝飾型	00.無	(0) 無	04.GASH商城	170	0	10		pc06_torso_5010			100	0	21	0	0	0	0	0	0	0	0	0	0	0	0	0	0	0	0	0	0	0	0	0	0	0	0	0	5			0	0	0	0	0	0	0.023
	11003	5000	搖滾皮褲	1	6.李逵	03.褲子	09.裝飾型	00.無	(0) 無	04.GASH商城	150	0	11		pc06_pelvis_5010			100	0	12	0	0	0	0	0	0	0	0	0	0	0	0	0	0	0	0	0	0	0	0	0	0	0	0	0	5			0	0	0	0	0	0	0.023
	11004	5000	搖滾麥可風	1	6.李逵	04.武器	09.裝飾型	00.無	(0) 無	04.GASH商城	280	0	12		pc06_weapon_5010			100	35	0	0	0	0	0	0	0	0	0	0	0	0	0	0	0	0	0	0	0	0	0	0	0	0	0	0	5			0	0	0	0	0	0	0.023
	11005	5000	龐克頭巾	1	6.李逵	01.帽子	09.裝飾型	00.無	(0) 無	04.GASH商城	130	0	9		pc06_hat_5020			100	0	10	0	0	0	0	25	0	0	0	0	0	0	0	0	0	0	0	0	0	0	0	0	0	0	0	0	0			0	0	0	0	0	0	0.023
	11006	5000	龐克外套	1	6.李逵	02.上衣	09.裝飾型	00.無	(0) 無	04.GASH商城	170	0	10		pc06_torso_5020			100	0	21	0	0	0	0	25	0	0	0	0	0	0	0	0	0	0	0	0	0	0	0	0	0	0	0	0	0			0	0	0	0	0	0	0.023
	11007	5000	龐克褲	1	6.李逵	03.褲子	09.裝飾型	00.無	(0) 無	04.GASH商城	150	0	11		pc06_pelvis_5020			100	0	12	0	0	0	0	25	0	0	0	0	0	0	0	0	0	0	0	0	0	0	0	0	0	0	0	0	0			0	0	0	0	0	0	0.023
	11008	5000	龐克酒瓶	1	6.李逵	04.武器	09.裝飾型	00.無	(0) 無	04.GASH商城	280	0	12		pc06_weapon_5020			100	35	0	0	0	0	0	50	0	0	0	0	0	0	0	0	0	0	0	0	0	0	0	0	0	0	0	0	0			0	0	0	0	0	0	0.023
	11009	5000	聖誕寶貝帽	1	6.李逵	01.帽子	09.裝飾型	00.無	(0) 無	04.GASH商城	130	0	9		pc06_hat_5100			100	0	10	0	0	0	0	0	0	150	0	0	0	0	0	0	0	0	0	0	0	0	0	0	0	0	0	0	0			0	0	0	0	0	0	0.023
	11010	5000	聖誕寶貝服	1	6.李逵	02.上衣	09.裝飾型	00.無	(0) 無	04.GASH商城	170	0	10		pc06_torso_5100			100	0	21	0	0	0	0	0	0	150	0	0	0	0	0	0	0	0	0	0	0	0	0	0	0	0	0	0	0			0	0	0	0	0	0	0.023
	11011	5000	聖誕寶貝褲	1	6.李逵	03.褲子	09.裝飾型	00.無	(0) 無	04.GASH商城	150	0	11		pc06_pelvis_5100			100	0	12	0	0	0	0	0	0	150	0	0	0	0	0	0	0	0	0	0	0	0	0	0	0	0	0	0	0			0	0	0	0	0	0	0.023
	11012	5000	聖誕寶貝糖果	1	6.李逵	04.武器	09.裝飾型	00.無	(0) 無	04.GASH商城	280	0	12		pc06_weapon_5100			100	35	0	0	0	0	0	0	0	200	0	0	0	0	0	0	0	0	0	0	0	0	0	0	0	0	0	0	0			0	0	0	0	0	0	0.023
	11013	5000	魔法學院頭罩	1	6.李逵	01.帽子	09.裝飾型	00.無	(0) 無	04.GASH商城	130	0	9		pc06_hat_5110			100	0	10	0	0	0	0	0	0	0	0	0	0	0	0	0	0	0	0	0	0	0	0	0	0	0	0	0	0			0	0	0	0	0	0	0.023
	11014	5000	魔法學院上衣	1	6.李逵	02.上衣	09.裝飾型	00.無	(0) 無	04.GASH商城	170	0	10		pc06_torso_5110			100	0	21	0	0	0	0	0	0	0	0	0	0	0	0	0	0	0	0	0	0	0	0	0	0	0	0	0	0			0	0	0	0	0	0	0.023
	11015	5000	魔法學院長褲	1	6.李逵	03.褲子	09.裝飾型	00.無	(0) 無	04.GASH商城	150	0	11		pc06_pelvis_5110			100	0	12	0	0	0	0	0	0	0	0	0	0	0	0	0	0	0	0	0	0	0	0	0	0	0	0	0	0			0	0	0	0	0	0	0.023
	11016	5000	魔杖斧頭	1	6.李逵	04.武器	09.裝飾型	00.無	(0) 無	04.GASH商城	280	0	12		pc06_weapon_5110			100	35	0	0	0	0	0	0	0	0	0	0	0	0	0	0	0	0	0	0	0	0	0	0	0	0	0	0	0			0	0	0	0	0	0	0.023
	11017	5000	野性獸皮帽	10	6.李逵	01.帽子	09.裝飾型	00.無	(0) 無	04.GASH商城	630	0	9		pc06_hat_5030			100	0	23	0	0	0	0	0	0	0	0	0	0	0	0	0	0	0	0	0	0	0	0	0	0	0	0	0	0			0	0	0	0	0	0	0.073
	11018	5000	野性獸皮衣	10	6.李逵	02.上衣	09.裝飾型	00.無	(0) 無	04.GASH商城	820	0	10		pc06_torso_5030			100	0	50	0	0	0	0	0	0	0	0	0	0	0	0	0	0	0	0	0	0	0	0	0	0	0	0	0	0			0	0	0	0	0	0	0.073
	11019	5000	野性獸皮褲	10	6.李逵	03.褲子	09.裝飾型	00.無	(0) 無	04.GASH商城	720	0	11		pc06_pelvis_5030			100	0	29	0	0	0	0	0	0	0	0	0	0	0	0	0	0	0	0	0	0	0	0	0	0	0	0	0	0			0	0	0	0	0	0	0.073
	11020	5000	野性獸爪	10	6.李逵	04.武器	09.裝飾型	00.無	(0) 無	04.GASH商城	"1,360"	0	12		pc06_weapon_5030			100	96	0	0	0	0	0	0	0	0	0	0	0	0	0	0	0	0	0	0	0	0	0	0	0	0	0	0	0			0	0	0	0	0	0	0.073
	11021	5000	橄欖球頭盔	1	6.李逵	01.帽子	09.裝飾型	00.無	(0) 無	04.GASH商城	130	0	9		pc06_hat_5040			100	0	10	0	0	0	0	0	0	0	0	0	0	0	0	0	0	0	0	0	0	0	0	0	0	0	0	0	0			0	0	0	0	0	0	0.023
	11022	5000	橄欖球護身具	1	6.李逵	02.上衣	09.裝飾型	00.無	(0) 無	04.GASH商城	170	0	10		pc06_torso_5040			100	0	21	0	0	0	0	0	0	0	0	0	0	0	0	0	0	0	0	0	0	0	0	0	0	0	0	0	0			0	0	0	0	0	0	0.023
	11023	5000	橄欖球護襠具	1	6.李逵	03.褲子	09.裝飾型	00.無	(0) 無	04.GASH商城	150	0	11		pc06_pelvis_5040			100	0	12	0	0	0	0	0	0	0	0	0	0	0	0	0	0	0	0	0	0	0	0	0	0	0	0	0	0			0	0	0	0	0	0	0.023
	11024	5000	橄欖球鐵棒	1	6.李逵	04.武器	09.裝飾型	00.無	(0) 無	04.GASH商城	280	0	12		pc06_weapon_5040			100	35	0	0	0	0	0	0	0	0	0	0	0	0	0	0	0	0	0	0	0	0	0	0	0	0	0	0	0			0	0	0	0	0	0	0.023
	11025	5000	機器人頭盔	1	6.李逵	01.帽子	09.裝飾型	00.無	(0) 無	10.活動獎勵	130	0	9		pc06_hat_8040			100	0	10	0	0	0	0	0	0	0	0	0	0	0	0	0	0	0	0	0	0	0	0	0	0	0	0	0	0			0	0	0	0	0	0	0.023
	11026	5000	機器人盔甲	1	6.李逵	02.上衣	09.裝飾型	00.無	(0) 無	10.活動獎勵	170	0	10		pc06_torso_8040			100	0	21	0	0	0	0	0	0	0	0	0	0	0	0	0	0	0	0	0	0	0	0	0	0	0	0	0	0			0	0	0	0	0	0	0.023
	11027	5000	機器人鞋	1	6.李逵	03.褲子	09.裝飾型	00.無	(0) 無	10.活動獎勵	150	0	11		pc06_pelvis_8040			100	0	12	0	0	0	0	0	0	0	0	0	0	0	0	0	0	0	0	0	0	0	0	0	0	0	0	0	0			0	0	0	0	0	0	0.023
	11028	5000	機器人發條	1	6.李逵	04.武器	09.裝飾型	00.無	(0) 無	10.活動獎勵	280	0	12		pc06_weapon_8040			100	35	0	0	0	0	0	0	0	0	0	0	0	0	0	0	0	0	0	0	0	0	0	0	0	0	0	0	0			0	0	0	0	0	0	0.023
	12001	5000	街頭嘻哈頭巾	1	7.顧大嫂	01.帽子	09.裝飾型	00.無	(0) 無	04.GASH商城	130	0	9		pc07_hat_5010			100	0	9	0	0	0	0	0	0	0	0	0	0	0	0	0	0	0	0	0	0	0	0	0	0	0	0	0	5			0	0	0	0	0	0	0.023
	12002	5000	街頭嘻哈背心	1	7.顧大嫂	02.上衣	09.裝飾型	00.無	(0) 無	04.GASH商城	170	0	10		pc07_torso_5010			100	0	19	0	0	0	0	0	0	0	0	0	0	0	0	0	0	0	0	0	0	0	0	0	0	0	0	0	5			0	0	0	0	0	0	0.023
	12003	5000	街頭嘻哈布鞋	1	7.顧大嫂	03.褲子	09.裝飾型	00.無	(0) 無	04.GASH商城	150	0	11		pc07_pelvis_5010			100	0	11	0	0	0	0	0	0	0	0	0	0	0	0	0	0	0	0	0	0	0	0	0	0	0	0	0	5			0	0	0	0	0	0	0.023
	12004	5000	街頭嘻哈唱盤	1	7.顧大嫂	04.武器	09.裝飾型	00.無	(0) 無	04.GASH商城	280	0	12		pc07_weapon_5010			100	37	0	0	0	0	0	0	0	0	0	0	0	0	0	0	0	0	0	0	0	0	0	0	0	0	0	0	5			0	0	0	0	0	0	0.023
	12005	5000	學生髮圈	1	7.顧大嫂	01.帽子	09.裝飾型	00.無	(0) 無	04.GASH商城	130	0	9		pc07_hat_5020			100	0	9	0	0	0	0	25	0	0	0	0	0	0	0	0	0	0	0	0	0	0	0	0	0	0	0	0	0			0	0	0	0	0	0	0.023
	12006	5000	學生制服	1	7.顧大嫂	02.上衣	09.裝飾型	00.無	(0) 無	04.GASH商城	170	0	10		pc07_torso_5020			100	0	19	0	0	0	0	25	0	0	0	0	0	0	0	0	0	0	0	0	0	0	0	0	0	0	0	0	0			0	0	0	0	0	0	0.023
	12007	5000	學生皮鞋	1	7.顧大嫂	03.褲子	09.裝飾型	00.無	(0) 無	04.GASH商城	150	0	11		pc07_pelvis_5020			100	0	11	0	0	0	0	25	0	0	0	0	0	0	0	0	0	0	0	0	0	0	0	0	0	0	0	0	0			0	0	0	0	0	0	0.023
	12008	5000	學生鋼筆	1	7.顧大嫂	04.武器	09.裝飾型	00.無	(0) 無	04.GASH商城	280	0	12		pc07_weapon_5020			100	37	0	0	0	0	0	50	0	0	0	0	0	0	0	0	0	0	0	0	0	0	0	0	0	0	0	0	0			0	0	0	0	0	0	0.023
	12009	5000	聖誕小兔耳	1	7.顧大嫂	01.帽子	09.裝飾型	00.無	(0) 無	04.GASH商城	130	0	9		pc07_hat_5100			100	0	9	0	0	0	0	0	0	150	0	0	0	0	0	0	0	0	0	0	0	0	0	0	0	0	0	0	0			0	0	0	0	0	0	0.023
	12010	5000	聖誕小洋裝	1	7.顧大嫂	02.上衣	09.裝飾型	00.無	(0) 無	04.GASH商城	170	0	10		pc07_torso_5100			100	0	19	0	0	0	0	0	0	150	0	0	0	0	0	0	0	0	0	0	0	0	0	0	0	0	0	0	0			0	0	0	0	0	0	0.023
	12011	5000	聖誕小紅鞋	1	7.顧大嫂	03.褲子	09.裝飾型	00.無	(0) 無	04.GASH商城	150	0	11		pc07_pelvis_5100			100	0	11	0	0	0	0	0	0	150	0	0	0	0	0	0	0	0	0	0	0	0	0	0	0	0	0	0	0			0	0	0	0	0	0	0.023
	12012	5000	聖誕樹葉棒	1	7.顧大嫂	04.武器	09.裝飾型	00.無	(0) 無	04.GASH商城	280	0	12		pc07_weapon_5100			100	37	0	0	0	0	0	0	0	200	0	0	0	0	0	0	0	0	0	0	0	0	0	0	0	0	0	0	0			0	0	0	0	0	0	0.023
	12013	5000	終結者頭罩	1	7.顧大嫂	01.帽子	09.裝飾型	00.無	(0) 無	04.GASH商城	130	0	9		pc07_hat_5110			100	0	9	0	0	0	0	0	0	0	0	0	0	0	0	0	0	0	0	0	0	0	0	0	0	0	0	0	0			0	0	0	0	0	0	0.023
	12014	5000	終結者皮衣	1	7.顧大嫂	02.上衣	09.裝飾型	00.無	(0) 無	04.GASH商城	170	0	10		pc07_torso_5110			100	0	19	0	0	0	0	0	0	0	0	0	0	0	0	0	0	0	0	0	0	0	0	0	0	0	0	0	0			0	0	0	0	0	0	0.023
	12015	5000	終結者皮靴	1	7.顧大嫂	03.褲子	09.裝飾型	00.無	(0) 無	04.GASH商城	150	0	11		pc07_pelvis_5110			100	0	11	0	0	0	0	0	0	0	0	0	0	0	0	0	0	0	0	0	0	0	0	0	0	0	0	0	0			0	0	0	0	0	0	0.023
	12016	5000	散彈槍狼牙棒	1	7.顧大嫂	04.武器	09.裝飾型	00.無	(0) 無	04.GASH商城	280	0	12		pc07_weapon_5110			100	37	0	0	0	0	0	0	0	0	0	0	0	0	0	0	0	0	0	0	0	0	0	0	0	0	0	0	0			0	0	0	0	0	0	0.023
	12017	5000	黑寡婦頭巾	10	7.顧大嫂	01.帽子	09.裝飾型	00.無	(0) 無	04.GASH商城	630	0	9		pc07_hat_5030			100	0	21	0	0	0	0	0	0	0	0	0	0	0	0	0	0	0	0	0	0	0	0	0	0	0	0	0	0			0	0	0	0	0	0	0.073
	12018	5000	黑寡婦小禮服	10	7.顧大嫂	02.上衣	09.裝飾型	00.無	(0) 無	04.GASH商城	820	0	10		pc07_torso_5030			100	0	45	0	0	0	0	0	0	0	0	0	0	0	0	0	0	0	0	0	0	0	0	0	0	0	0	0	0			0	0	0	0	0	0	0.073
	12019	5000	黑寡婦鞋	10	7.顧大嫂	03.褲子	09.裝飾型	00.無	(0) 無	04.GASH商城	720	0	11		pc07_pelvis_5030			100	0	26	0	0	0	0	0	0	0	0	0	0	0	0	0	0	0	0	0	0	0	0	0	0	0	0	0	0			0	0	0	0	0	0	0.073
	12020	5000	黑寡婦骨棒	10	7.顧大嫂	04.武器	09.裝飾型	00.無	(0) 無	04.GASH商城	"1,360"	0	12		pc07_weapon_5030			100	102	0	0	0	0	0	0	0	0	0	0	0	0	0	0	0	0	0	0	0	0	0	0	0	0	0	0	0			0	0	0	0	0	0	0.073
	12021	5000	綠葉頭巾	1	7.顧大嫂	01.帽子	09.裝飾型	00.無	(0) 無	04.GASH商城	130	0	9		pc07_hat_5040			100	0	9	0	0	0	0	0	0	0	0	0	0	0	0	0	0	0	0	0	0	0	0	0	0	0	0	0	0			0	0	0	0	0	0	0.023
	12022	5000	綠葉小禮服	1	7.顧大嫂	02.上衣	09.裝飾型	00.無	(0) 無	04.GASH商城	170	0	10		pc07_torso_5040			100	0	19	0	0	0	0	0	0	0	0	0	0	0	0	0	0	0	0	0	0	0	0	0	0	0	0	0	0			0	0	0	0	0	0	0.023
	12023	5000	綠葉涼鞋	1	7.顧大嫂	03.褲子	09.裝飾型	00.無	(0) 無	04.GASH商城	150	0	11		pc07_pelvis_5040			100	0	11	0	0	0	0	0	0	0	0	0	0	0	0	0	0	0	0	0	0	0	0	0	0	0	0	0	0			0	0	0	0	0	0	0.023
	12024	5000	綠葉芽棒	1	7.顧大嫂	04.武器	09.裝飾型	00.無	(0) 無	04.GASH商城	280	0	12		pc07_weapon_5040			100	37	0	0	0	0	0	0	0	0	0	0	0	0	0	0	0	0	0	0	0	0	0	0	0	0	0	0	0			0	0	0	0	0	0	0.023
	12025	5000	埃及頭飾	1	7.顧大嫂	01.帽子	09.裝飾型	00.無	(0) 無	04.GASH商城	130	0	9		pc07_hat_5050			100	0	9	0	0	0	0	0	0	0	0	0	0	0	0	0	0	0	0	0	0	0	0	0	0	0	0	0	0			0	0	0	0	0	0	0.023
	12026	5000	埃及長衫	1	7.顧大嫂	02.上衣	09.裝飾型	00.無	(0) 無	04.GASH商城	170	0	10		pc07_torso_5050			100	0	19	0	0	0	0	0	0	0	0	0	0	0	0	0	0	0	0	0	0	0	0	0	0	0	0	0	0			0	0	0	0	0	0	0.023
	12027	5000	埃及涼鞋	1	7.顧大嫂	03.褲子	09.裝飾型	00.無	(0) 無	04.GASH商城	150	0	11		pc07_pelvis_5050			100	0	11	0	0	0	0	0	0	0	0	0	0	0	0	0	0	0	0	0	0	0	0	0	0	0	0	0	0			0	0	0	0	0	0	0.023
	12028	5000	埃及權杖	1	7.顧大嫂	04.武器	09.裝飾型	00.無	(0) 無	04.GASH商城	280	0	12		pc07_weapon_5050			100	37	0	0	0	0	0	0	0	0	0	0	0	0	0	0	0	0	0	0	0	0	0	0	0	0	0	0	0			0	0	0	0	0	0	0.023
	12029	5000	曲棍藍帽	1	7.顧大嫂	01.帽子	09.裝飾型	00.無	(0) 無	04.GASH商城	130	0	9		pc07_hat_5130			100	0	9	0	0	0	0	0	0	0	0	0	0	0	0	0	0	0	0	0	0	0	0	0	0	0	0	0	0			0	0	0	0	0	0	0.023
	12030	5000	曲棍藍衣	1	7.顧大嫂	02.上衣	09.裝飾型	00.無	(0) 無	04.GASH商城	170	0	10		pc07_torso_5130			100	0	19	0	0	0	0	0	0	0	0	0	0	0	0	0	0	0	0	0	0	0	0	0	0	0	0	0	0			0	0	0	0	0	0	0.023
	12031	5000	曲棍藍褲	1	7.顧大嫂	03.褲子	09.裝飾型	00.無	(0) 無	04.GASH商城	150	0	11		pc07_pelvis_5130			100	0	11	0	0	0	0	0	0	0	0	0	0	0	0	0	0	0	0	0	0	0	0	0	0	0	0	0	0			0	0	0	0	0	0	0.023
	12032	5000	藍曲棍	1	7.顧大嫂	04.武器	09.裝飾型	00.無	(0) 無	04.GASH商城	280	0	12		pc07_weapon_5130			100	37	0	0	0	0	0	0	0	0	0	0	0	0	0	0	0	0	0	0	0	0	0	0	0	0	0	0	0			0	0	0	0	0	0	0.023
	12033	5000	曲棍白帽	1	7.顧大嫂	01.帽子	09.裝飾型	00.無	(0) 無	04.GASH商城	130	0	9		pc07_hat_5140			100	0	9	0	0	0	0	0	0	0	0	0	0	0	0	0	0	0	0	0	0	0	0	0	0	0	0	0	0			0	0	0	0	0	0	0.023
	12034	5000	曲棍白衣	1	7.顧大嫂	02.上衣	09.裝飾型	00.無	(0) 無	04.GASH商城	170	0	10		pc07_torso_5140			100	0	19	0	0	0	0	0	0	0	0	0	0	0	0	0	0	0	0	0	0	0	0	0	0	0	0	0	0			0	0	0	0	0	0	0.023
	12035	5000	曲棍白褲	1	7.顧大嫂	03.褲子	09.裝飾型	00.無	(0) 無	04.GASH商城	150	0	11		pc07_pelvis_5140			100	0	11	0	0	0	0	0	0	0	0	0	0	0	0	0	0	0	0	0	0	0	0	0	0	0	0	0	0			0	0	0	0	0	0	0.023
	12036	5000	白曲棍	1	7.顧大嫂	04.武器	09.裝飾型	00.無	(0) 無	04.GASH商城	280	0	12		pc07_weapon_5140			100	37	0	0	0	0	0	0	0	0	0	0	0	0	0	0	0	0	0	0	0	0	0	0	0	0	0	0	0			0	0	0	0	0	0	0.023
	12037	5000	美國足球衣	1	7.顧大嫂	02.上衣	09.裝飾型	00.無	(0) 無	04.GASH商城	170	0	10		pc07_torso_7010			100	0	19	0	0	0	0	0	0	0	0	0	0	0	0	0	0	0	0	0	0	0	0	0	0	0	0	0	0			0	0	0	0	0	0	0.023
	12038	5000	美國足球褲	1	7.顧大嫂	03.褲子	09.裝飾型	00.無	(0) 無	04.GASH商城	150	0	11		pc07_pelvis_7010			100	0	11	0	0	0	0	0	0	0	0	0	0	0	0	0	0	0	0	0	0	0	0	0	0	0	0	0	0			0	0	0	0	0	0	0.023
	12039	5000	英國足球衣	1	7.顧大嫂	02.上衣	09.裝飾型	00.無	(0) 無	04.GASH商城	170	0	10		pc07_torso_7020			100	0	19	0	0	0	0	0	0	0	0	0	0	0	0	0	0	0	0	0	0	0	0	0	0	0	0	0	0			0	0	0	0	0	0	0.023
	12040	5000	英國足球褲	1	7.顧大嫂	03.褲子	09.裝飾型	00.無	(0) 無	04.GASH商城	150	0	11		pc07_pelvis_7020			100	0	11	0	0	0	0	0	0	0	0	0	0	0	0	0	0	0	0	0	0	0	0	0	0	0	0	0	0			0	0	0	0	0	0	0.023
	12041	5000	法國足球衣	1	7.顧大嫂	02.上衣	09.裝飾型	00.無	(0) 無	04.GASH商城	170	0	10		pc07_torso_7030			100	0	19	0	0	0	0	0	0	0	0	0	0	0	0	0	0	0	0	0	0	0	0	0	0	0	0	0	0			0	0	0	0	0	0	0.023
	12042	5000	法國足球褲	1	7.顧大嫂	03.褲子	09.裝飾型	00.無	(0) 無	04.GASH商城	150	0	11		pc07_pelvis_7030			100	0	11	0	0	0	0	0	0	0	0	0	0	0	0	0	0	0	0	0	0	0	0	0	0	0	0	0	0			0	0	0	0	0	0	0.023
	12043	5000	德國足球衣	1	7.顧大嫂	02.上衣	09.裝飾型	00.無	(0) 無	04.GASH商城	170	0	10		pc07_torso_7040			100	0	19	0	0	0	0	0	0	0	0	0	0	0	0	0	0	0	0	0	0	0	0	0	0	0	0	0	0			0	0	0	0	0	0	0.023
	12044	5000	德國足球褲	1	7.顧大嫂	03.褲子	09.裝飾型	00.無	(0) 無	04.GASH商城	150	0	11		pc07_pelvis_7040			100	0	11	0	0	0	0	0	0	0	0	0	0	0	0	0	0	0	0	0	0	0	0	0	0	0	0	0	0			0	0	0	0	0	0	0.023
	12045	5000	澳大利亞足球衣	1	7.顧大嫂	02.上衣	09.裝飾型	00.無	(0) 無	04.GASH商城	170	0	10		pc07_torso_7050			100	0	19	0	0	0	0	0	0	0	0	0	0	0	0	0	0	0	0	0	0	0	0	0	0	0	0	0	0			0	0	0	0	0	0	0.023
	12046	5000	澳大利亞足球褲	1	7.顧大嫂	03.褲子	09.裝飾型	00.無	(0) 無	04.GASH商城	150	0	11		pc07_pelvis_7050			100	0	11	0	0	0	0	0	0	0	0	0	0	0	0	0	0	0	0	0	0	0	0	0	0	0	0	0	0			0	0	0	0	0	0	0.023
	12047	5000	南非足球衣	1	7.顧大嫂	02.上衣	09.裝飾型	00.無	(0) 無	04.GASH商城	170	0	10		pc07_torso_7060			100	0	19	0	0	0	0	0	0	0	0	0	0	0	0	0	0	0	0	0	0	0	0	0	0	0	0	0	0			0	0	0	0	0	0	0.023
	12048	5000	南非足球褲	1	7.顧大嫂	03.褲子	09.裝飾型	00.無	(0) 無	04.GASH商城	150	0	11		pc07_pelvis_7060			100	0	11	0	0	0	0	0	0	0	0	0	0	0	0	0	0	0	0	0	0	0	0	0	0	0	0	0	0			0	0	0	0	0	0	0.023
	12049	5000	紅色賽車安全帽	1	7.顧大嫂	01.帽子	09.裝飾型	00.無	(0) 無	04.GASH商城	130	0	9		pc07_hat_8010			100	0	9	0	0	0	0	0	0	0	0	0	0	0	0	0	0	0	0	0	0	0	0	0	0	0	0	0	0			0	0	0	0	0	0	0.023
	12050	5000	紅色賽車衣	1	7.顧大嫂	02.上衣	09.裝飾型	00.無	(0) 無	04.GASH商城	170	0	10		pc07_torso_8010			100	0	19	0	0	0	0	0	0	0	0	0	0	0	0	0	0	0	0	0	0	0	0	0	0	0	0	0	0			0	0	0	0	0	0	0.023
	12051	5000	紅色賽車鞋	1	7.顧大嫂	03.褲子	09.裝飾型	00.無	(0) 無	04.GASH商城	150	0	11		pc07_pelvis_8010			100	0	11	0	0	0	0	0	0	0	0	0	0	0	0	0	0	0	0	0	0	0	0	0	0	0	0	0	0			0	0	0	0	0	0	0.023
	12052	5000	紅色賽車手套	1	7.顧大嫂	04.武器	09.裝飾型	00.無	(0) 無	04.GASH商城	280	0	12		pc07_weapon_8010			100	37	0	0	0	0	0	0	0	0	0	0	0	0	0	0	0	0	0	0	0	0	0	0	0	0	0	0	0			0	0	0	0	0	0	0.023
	12053	5000	黃色賽車安全帽	1	7.顧大嫂	01.帽子	09.裝飾型	00.無	(0) 無	04.GASH商城	130	0	9		pc07_hat_8020			100	0	9	0	0	0	0	0	0	0	0	0	0	0	0	0	0	0	0	0	0	0	0	0	0	0	0	0	0			0	0	0	0	0	0	0.023
	12054	5000	黃色賽車衣	1	7.顧大嫂	02.上衣	09.裝飾型	00.無	(0) 無	04.GASH商城	170	0	10		pc07_torso_8020			100	0	19	0	0	0	0	0	0	0	0	0	0	0	0	0	0	0	0	0	0	0	0	0	0	0	0	0	0			0	0	0	0	0	0	0.023
	12055	5000	黃色賽車鞋	1	7.顧大嫂	03.褲子	09.裝飾型	00.無	(0) 無	04.GASH商城	150	0	11		pc07_pelvis_8020			100	0	11	0	0	0	0	0	0	0	0	0	0	0	0	0	0	0	0	0	0	0	0	0	0	0	0	0	0			0	0	0	0	0	0	0.023
	12056	5000	黃色賽車手套	1	7.顧大嫂	04.武器	09.裝飾型	00.無	(0) 無	04.GASH商城	280	0	12		pc07_weapon_8020			100	37	0	0	0	0	0	0	0	0	0	0	0	0	0	0	0	0	0	0	0	0	0	0	0	0	0	0	0			0	0	0	0	0	0	0.023
	12057	5000	泰拳頭巾	1	7.顧大嫂	01.帽子	09.裝飾型	00.無	(0) 無	04.GASH商城	130	0	9		pc07_hat_8030			100	0	9	0	0	0	0	0	0	0	0	0	0	0	0	0	0	0	0	0	0	0	0	0	0	0	0	0	0			0	0	0	0	0	0	0.023
	12058	5000	泰拳衣	1	7.顧大嫂	02.上衣	09.裝飾型	00.無	(0) 無	04.GASH商城	170	0	10		pc07_torso_8030			100	0	19	0	0	0	0	0	0	0	0	0	0	0	0	0	0	0	0	0	0	0	0	0	0	0	0	0	0			0	0	0	0	0	0	0.023
	12059	5000	泰拳繃帶腳	1	7.顧大嫂	03.褲子	09.裝飾型	00.無	(0) 無	04.GASH商城	150	0	11		pc07_pelvis_8030			100	0	11	0	0	0	0	0	0	0	0	0	0	0	0	0	0	0	0	0	0	0	0	0	0	0	0	0	0			0	0	0	0	0	0	0.023
	12060	5000	泰拳手套	1	7.顧大嫂	04.武器	09.裝飾型	00.無	(0) 無	04.GASH商城	280	0	12		pc07_weapon_8030			100	37	0	0	0	0	0	0	0	0	0	0	0	0	0	0	0	0	0	0	0	0	0	0	0	0	0	0	0			0	0	0	0	0	0	0.023
	12061	5000	機器人頭盔	1	7.顧大嫂	01.帽子	09.裝飾型	00.無	(0) 無	10.活動獎勵	130	0	9		pc07_hat_8040			100	0	9	0	0	0	0	0	0	0	0	0	0	0	0	0	0	0	0	0	0	0	0	0	0	0	0	0	0			0	0	0	0	0	0	0.023
	12062	5000	機器人盔甲	1	7.顧大嫂	02.上衣	09.裝飾型	00.無	(0) 無	10.活動獎勵	170	0	10		pc07_torso_8040			100	0	19	0	0	0	0	0	0	0	0	0	0	0	0	0	0	0	0	0	0	0	0	0	0	0	0	0	0			0	0	0	0	0	0	0.023
	12063	5000	機器人鞋	1	7.顧大嫂	03.褲子	09.裝飾型	00.無	(0) 無	10.活動獎勵	150	0	11		pc07_pelvis_8040			100	0	11	0	0	0	0	0	0	0	0	0	0	0	0	0	0	0	0	0	0	0	0	0	0	0	0	0	0			0	0	0	0	0	0	0.023
	12064	5000	機器人發條	1	7.顧大嫂	04.武器	09.裝飾型	00.無	(0) 無	10.活動獎勵	280	0	12		pc07_weapon_8040			100	37	0	0	0	0	0	0	0	0	0	0	0	0	0	0	0	0	0	0	0	0	0	0	0	0	0	0	0			0	0	0	0	0	0	0.023
	13001	5000	DJ爆炸頭	1	8.花榮	01.帽子	09.裝飾型	00.無	(0) 無	04.GASH商城	130	0	9		pc08_hat_5010			100	0	8	0	0	0	0	0	0	0	0	0	0	0	0	0	0	0	0	0	0	0	0	0	0	0	0	0	5			0	0	0	0	0	0	0.023
	13002	5000	DJ上面甲	1	8.花榮	02.上衣	09.裝飾型	00.無	(0) 無	04.GASH商城	170	0	10		pc08_torso_5010			100	0	18	0	0	0	0	0	0	0	0	0	0	0	0	0	0	0	0	0	0	0	0	0	0	0	0	0	5			0	0	0	0	0	0	0.023
	13003	5000	DJ連身甲	1	8.花榮	03.褲子	09.裝飾型	00.無	(0) 無	04.GASH商城	150	0	11		pc08_pelvis_5010			100	0	10	0	0	0	0	0	0	0	0	0	0	0	0	0	0	0	0	0	0	0	0	0	0	0	0	0	5			0	0	0	0	0	0	0.023
	13004	5000	DJ弓箭	1	8.花榮	04.武器	09.裝飾型	00.無	(0) 無	04.GASH商城	280	0	12		pc08_weapon_5010			100	35	0	0	0	0	0	0	0	0	0	0	0	0	0	0	0	0	0	0	0	0	0	0	0	0	0	0	5			0	0	0	0	0	0	0.023
	13005	5000	特警頭盔	1	8.花榮	01.帽子	09.裝飾型	00.無	(0) 無	04.GASH商城	130	0	9		pc08_hat_5020			100	0	8	0	0	0	0	25	0	0	0	0	0	0	0	0	0	0	0	0	0	0	0	0	0	0	0	0	0			0	0	0	0	0	0	0.023
	13006	5000	特警面具	1	8.花榮	02.上衣	09.裝飾型	00.無	(0) 無	04.GASH商城	170	0	10		pc08_torso_5020			100	0	18	0	0	0	0	25	0	0	0	0	0	0	0	0	0	0	0	0	0	0	0	0	0	0	0	0	0			0	0	0	0	0	0	0.023
	13007	5000	特警連身甲	1	8.花榮	03.褲子	09.裝飾型	00.無	(0) 無	04.GASH商城	150	0	11		pc08_pelvis_5020			100	0	10	0	0	0	0	25	0	0	0	0	0	0	0	0	0	0	0	0	0	0	0	0	0	0	0	0	0			0	0	0	0	0	0	0.023
	13008	5000	特警弓箭	1	8.花榮	04.武器	09.裝飾型	00.無	(0) 無	04.GASH商城	280	0	12		pc08_weapon_5020			100	35	0	0	0	0	0	50	0	0	0	0	0	0	0	0	0	0	0	0	0	0	0	0	0	0	0	0	0			0	0	0	0	0	0	0.023
	13009	5000	薑餅屋頭盔	1	8.花榮	01.帽子	09.裝飾型	00.無	(0) 無	04.GASH商城	130	0	9		pc08_hat_5100			100	0	8	0	0	0	0	0	0	0	0	0	0	0	0	0	0	0	0	0	0	0	0	0	0	0	0	0	0			0	0	0	0	0	0	0.023
	13010	5000	薑餅屋圍巾	1	8.花榮	02.上衣	09.裝飾型	00.無	(0) 無	04.GASH商城	170	0	10		pc08_torso_5100			100	0	18	0	0	0	0	0	0	0	0	0	0	0	0	0	0	0	0	0	0	0	0	0	0	0	0	0	0			0	0	0	0	0	0	0.023
	13011	5000	薑餅屋皮連身甲	1	8.花榮	03.褲子	09.裝飾型	00.無	(0) 無	04.GASH商城	150	0	11		pc08_pelvis_5100			100	0	10	0	0	0	0	0	0	0	0	0	0	0	0	0	0	0	0	0	0	0	0	0	0	0	0	0	0			0	0	0	0	0	0	0.023
	13012	5000	糖果弓箭	1	8.花榮	04.武器	09.裝飾型	00.無	(0) 無	04.GASH商城	280	0	12		pc08_weapon_5100			100	35	0	0	0	0	0	0	0	0	0	0	0	0	0	0	0	0	0	0	0	0	0	0	0	0	0	0	0			0	0	0	0	0	0	0.023
	13013	5000	服部面具	1	8.花榮	01.帽子	09.裝飾型	00.無	(0) 無	04.GASH商城	130	0	9		pc08_hat_5110			100	0	8	0	0	0	0	0	0	0	0	0	0	0	0	0	0	0	0	0	0	0	0	0	0	0	0	0	0			0	0	0	0	0	0	0.023
	13014	5000	服部面甲	1	8.花榮	02.上衣	09.裝飾型	00.無	(0) 無	04.GASH商城	170	0	10		pc08_torso_5110			100	0	18	0	0	0	0	0	0	0	0	0	0	0	0	0	0	0	0	0	0	0	0	0	0	0	0	0	0			0	0	0	0	0	0	0.023
	13015	5000	服部連身裝束	1	8.花榮	03.褲子	09.裝飾型	00.無	(0) 無	04.GASH商城	150	0	11		pc08_pelvis_5110			100	0	10	0	0	0	0	0	0	0	0	0	0	0	0	0	0	0	0	0	0	0	0	0	0	0	0	0	0			0	0	0	0	0	0	0.023
	13016	5000	服部忍者弓箭	1	8.花榮	04.武器	09.裝飾型	00.無	(0) 無	04.GASH商城	280	0	12		pc08_weapon_5110			100	35	0	0	0	0	0	0	0	0	0	0	0	0	0	0	0	0	0	0	0	0	0	0	0	0	0	0	0			0	0	0	0	0	0	0.023
	13017	5000	陸戰鋼盔	10	8.花榮	01.帽子	09.裝飾型	00.無	(0) 無	04.GASH商城	630	0	9		pc08_hat_5030			100	0	19	0	0	0	0	0	0	0	0	0	0	0	0	0	0	0	0	0	0	0	0	0	0	0	0	0	0			0	0	0	0	0	0	0.073
	13018	5000	陸戰面甲	10	8.花榮	02.上衣	09.裝飾型	00.無	(0) 無	04.GASH商城	820	0	10		pc08_torso_5030			100	0	41	0	0	0	0	0	0	0	0	0	0	0	0	0	0	0	0	0	0	0	0	0	0	0	0	0	0			0	0	0	0	0	0	0.073
	13019	5000	陸戰防彈衣	10	8.花榮	03.褲子	09.裝飾型	00.無	(0) 無	04.GASH商城	720	0	11		pc08_pelvis_5030			100	0	24	0	0	0	0	0	0	0	0	0	0	0	0	0	0	0	0	0	0	0	0	0	0	0	0	0	0			0	0	0	0	0	0	0.073
	13020	5000	陸戰弓箭	10	8.花榮	04.武器	09.裝飾型	00.無	(0) 無	04.GASH商城	"1,360"	0	12		pc08_weapon_5030			100	94	0	0	0	0	0	0	0	0	0	0	0	0	0	0	0	0	0	0	0	0	0	0	0	0	0	0	0			0	0	0	0	0	0	0.073
	13021	5000	機器人頭盔	1	8.花榮	01.帽子	09.裝飾型	00.無	(0) 無	10.活動獎勵	130	0	9		pc08_hat_8040			100	0	8	0	0	0	0	0	0	0	0	0	0	0	0	0	0	0	0	0	0	0	0	0	0	0	0	0	0			0	0	0	0	0	0	0.023
	13022	5000	機器人面甲	1	8.花榮	02.上衣	09.裝飾型	00.無	(0) 無	10.活動獎勵	170	0	10		pc08_torso_8040			100	0	18	0	0	0	0	0	0	0	0	0	0	0	0	0	0	0	0	0	0	0	0	0	0	0	0	0	0			0	0	0	0	0	0	0.023
	13023	5000	機器人連身甲	1	8.花榮	03.褲子	09.裝飾型	00.無	(0) 無	10.活動獎勵	150	0	11		pc08_pelvis_8040			100	0	10	0	0	0	0	0	0	0	0	0	0	0	0	0	0	0	0	0	0	0	0	0	0	0	0	0	0			0	0	0	0	0	0	0.023
	13024	5000	機器人弓箭	1	8.花榮	04.武器	09.裝飾型	00.無	(0) 無	10.活動獎勵	280	0	12		pc08_weapon_8040			100	35	0	0	0	0	0	0	0	0	0	0	0	0	0	0	0	0	0	0	0	0	0	0	0	0	0	0	0			0	0	0	0	0	0	0.023
# 節慶活動贈禮裝備 25001-																																																							
	25001	5000	愛爾蘭節帽	30	1.林沖	01.帽子	14.活動裝	00.無	(1) 最大 MP	10.活動獎勵	"56,300"	0	9		pc01_hat_5120			100	0	19	0	0	0	0	0	0	0	0	0	0	0	0	0	0	0	0	0	180	0	0	0	0	0	0	0	0			0	0	0	0	0	0	1.658
	25002	5000	愛爾蘭節帽	30	2.雷橫	01.帽子	14.活動裝	00.無	(1) 最大 MP	10.活動獎勵	"56,300"	0	9		pc02_hat_5120			100	0	20	0	0	0	0	0	0	0	0	0	0	0	0	0	0	0	0	0	170	0	0	0	0	0	0	0	0			0	0	0	0	0	0	1.658
	25003	5000	愛爾蘭節帽	30	3.孫二娘	01.帽子	14.活動裝	00.無	(1) 最大 MP	10.活動獎勵	"56,300"	0	9		pc03_hat_5120			100	0	16	0	0	0	0	0	0	0	0	0	0	0	0	0	0	0	0	0	220	0	0	0	0	0	0	0	0			0	0	0	0	0	0	1.658
	25004	5000	愛爾蘭節帽	30	4.戴宗	01.帽子	14.活動裝	00.無	(1) 最大 MP	10.活動獎勵	"56,300"	0	9		pc04_hat_5120			100	0	17	0	0	0	0	0	0	0	0	0	0	0	0	0	0	0	0	0	200	0	0	0	0	0	0	0	0			0	0	0	0	0	0	1.658
	25005	5000	愛爾蘭節帽	30	5.史進	01.帽子	14.活動裝	00.無	(1) 最大 MP	10.活動獎勵	"56,300"	0	9		pc05_hat_5120			100	0	20	0	0	0	0	0	0	0	0	0	0	0	0	0	0	0	0	0	190	0	0	0	0	0	0	0	0			0	0	0	0	0	0	1.658
	25006	5000	愛爾蘭節帽	30	6.李逵	01.帽子	14.活動裝	00.無	(1) 最大 MP	10.活動獎勵	"56,300"	0	9		pc06_hat_5120			100	0	20	0	0	0	0	0	0	0	0	0	0	0	0	0	0	0	0	0	160	0	0	0	0	0	0	0	0			0	0	0	0	0	0	1.658
	25007	5000	愛爾蘭節帽	30	7.顧大嫂	01.帽子	14.活動裝	00.無	(1) 最大 MP	10.活動獎勵	"56,300"	0	9		pc07_hat_5120			100	0	18	0	0	0	0	0	0	0	0	0	0	0	0	0	0	0	0	0	190	0	0	0	0	0	0	0	0			0	0	0	0	0	0	1.658
	25008	5000	愛爾蘭節帽	30	8.花榮	01.帽子	14.活動裝	00.無	(1) 最大 MP	10.活動獎勵	"56,300"	0	9		pc08_hat_5120			100	0	17	0	0	0	0	0	0	0	0	0	0	0	0	0	0	0	0	0	200	0	0	0	0	0	0	0	0			0	0	0	0	0	0	1.658
