#	Id	ClassId	Open	CanDepositWarehouse	CanDestroy	CanSell	NonTradable_After_EQ_or_Use		CanTrade	CanDropByPK						RareDegree		SubClassId	SubClassPresetId	NameStringId	DescStringId	HistoryStringId	GfxId	3DTemplateName	MaxHeap	LevelLimit	CharLimit	RankLimit		GuildMemberTitleLimit	GuildLevelLimit		ItemListKind		EnchantItemKind	EnchantInsurance	EnchantCursed	EnchantCatalyzerFactor	ShoppingPrice	SellingPrice	SortId	Consumed	NotLostExpOnDie	Resurrection	HPRateOnResurrection	MPRateOnResurrection	
# 參照參數									2	3						2																							10	10%							
# 裝備價格取得																																							11	12							
# 卷軸價格取得																																							2	3							
# 雜物預算取得																																							4								
# 雜物佔怪物預算比																																							60%								
#	編號	Class編號	是否開放	可否存到倉庫	可否刪除	可否賣店	裝備或使用後綁定	參照資料：交易／PK掉落狀況	可否交易	PK後可掉落	名稱	強度參考等級	參照資料：使用角色	參照資料：物品類型（背包排序用分類）	參照資料：物品稀有層級	物品稀有層級	參照資料：物品來源	子類別	編號	名稱編號	描述編號	物品由來編號	對應Gfx Id	3D 模型	最大堆疊數量	等級限制	角色限制	官階限制	參照資料：公會職位限制	公會職位限制	公會等級限制	參照資料：特殊分類項目	特殊分類項目	參照資料：強化卷軸作用部位	強化卷軸作用部位	設定此強化卷軸是否有防爆(0/1)	是否為詛咒卷軸(0/1)	血淚晶的影響強化裝備的消耗值	商店販售物品基本價格	賣回給店家的價錢	背包位置自動排列順序	每次使用的消耗量	死亡不扣經驗值	原地復活	復活後回復HP比例	復活後回復MP比例	備注1：傷害反彈率
# 戰鬥類裝備0-0001 ~ 0-3999																																															
# 第一小隊裝備																																															
	1	4000	1	1	1	1	0	1.可以交易；0.被PK不掉	1	0	林沖帽	1	1.林沖	01.帽子 - 林沖	02.初始裝備	1	02.初始	5000	1	6000001	6100000	6200000	4000001	3ditem_a_001	1	1	1	0	00.無	0		00.無	0	00.無	0				130	13	201	0	0	0	0	0	
	2	4000	1	1	1	1	0	1.可以交易；0.被PK不掉	1	0	林沖服	1	1.林沖	02.上衣 - 林沖	02.初始裝備	1	02.初始	5000	2	6000002	6100000	6200000	4000002	3ditem_a_001	1	1	1	0	00.無	0		00.無	0	00.無	0				170	17	202	0	0	0	0	0	
	3	4000	1	1	1	1	0	1.可以交易；0.被PK不掉	1	0	林沖鞋	1	1.林沖	03.褲子 - 林沖	02.初始裝備	1	02.初始	5000	3	6000003	6100000	6200000	4000003	3ditem_a_001	1	1	1	0	00.無	0		00.無	0	00.無	0				150	15	203	0	0	0	0	0	
	4	4000	1	1	1	1	0	1.可以交易；0.被PK不掉	1	0	林沖槍	1	1.林沖	04.武器 - 林沖	02.初始裝備	1	02.初始	5000	4	6000004	6100000	6200000	4000004	3ditem_a_001	1	1	1	0	00.無	0		00.無	0	00.無	0				280	28	204	0	0	0	0	0	
	5	4000	1	1	1	1	0	1.可以交易；1.被PK會掉	1	1	劣質布帽	10	1.林沖	01.帽子 - 林沖	03.灰	0	07.怪物掉寶	5000	5	6000005	6100000	6200000	4000005	3ditem_a_001	1	10	1	0	00.無	0		00.無	0	00.無	0				630	32	201	0	0	0	0	0	
	6	4000	1	1	1	1	0	1.可以交易；1.被PK會掉	1	1	劣質布衣	10	1.林沖	02.上衣 - 林沖	03.灰	0	07.怪物掉寶	5000	6	6000006	6100000	6200000	4000006	3ditem_a_001	1	10	1	0	00.無	0		00.無	0	00.無	0				820	41	202	0	0	0	0	0	
	7	4000	1	1	1	1	0	1.可以交易；1.被PK會掉	1	1	劣質草鞋	10	1.林沖	03.褲子 - 林沖	03.灰	0	07.怪物掉寶	5000	7	6000007	6100000	6200000	4000007	3ditem_a_001	1	10	1	0	00.無	0		00.無	0	00.無	0				720	36	203	0	0	0	0	0	
	8	4000	1	1	1	1	0	1.可以交易；1.被PK會掉	1	1	木槍	10	1.林沖	04.武器 - 林沖	03.灰	0	07.怪物掉寶	5000	8	6000008	6100000	6200000	4000008	3ditem_a_001	1	10	1	0	00.無	0		00.無	0	00.無	0				1360	68	204	0	0	0	0	0	
	9	4000	1	1	1	1	0	1.可以交易；1.被PK會掉	1	1	平民布帽	10	1.林沖	01.帽子 - 林沖	04.白	1	03.商店購買	5000	9	6000009	6100000	6200000	4000009	3ditem_a_001	1	10	1	0	00.無	0		00.無	0	00.無	0				630	63	201	0	0	0	0	0	
	10	4000	1	1	1	1	0	1.可以交易；1.被PK會掉	1	1	平民布衣	10	1.林沖	02.上衣 - 林沖	04.白	1	03.商店購買	5000	10	6000010	6100000	6200000	4000010	3ditem_a_001	1	10	1	0	00.無	0		00.無	0	00.無	0				820	82	202	0	0	0	0	0	
	11	4000	1	1	1	1	0	1.可以交易；1.被PK會掉	1	1	平民草鞋	10	1.林沖	03.褲子 - 林沖	04.白	1	03.商店購買	5000	11	6000011	6100000	6200000	4000011	3ditem_a_001	1	10	1	0	00.無	0		00.無	0	00.無	0				720	72	203	0	0	0	0	0	
	12	4000	1	1	1	1	0	1.可以交易；1.被PK會掉	1	1	鐵槍	10	1.林沖	04.武器 - 林沖	04.白	1	03.商店購買	5000	12	6000012	6100000	6200000	4000012	3ditem_a_001	1	10	1	0	00.無	0		00.無	0	00.無	0				1360	136	204	0	0	0	0	0	
	13	4000	1	1	1	1	1	1.可以交易；0.被PK不掉	1	0	傳統布帽	10	1.林沖	01.帽子 - 林沖	05.綠	2	07.怪物掉寶	5000	13	6000013	6100000	6200000	4000013	3ditem_a_001	1	10	1	0	00.無	0		00.無	0	00.無	0				630	32	201	0	0	0	0	0	
	14	4000	1	1	1	1	1	1.可以交易；0.被PK不掉	1	0	傳統布衣	10	1.林沖	02.上衣 - 林沖	05.綠	2	07.怪物掉寶	5000	14	6000014	6100000	6200000	4000014	3ditem_a_001	1	10	1	0	00.無	0		00.無	0	00.無	0				820	41	202	0	0	0	0	0	
	15	4000	1	1	1	1	1	1.可以交易；0.被PK不掉	1	0	傳統草鞋	10	1.林沖	03.褲子 - 林沖	05.綠	2	07.怪物掉寶	5000	15	6000015	6100000	6200000	4000015	3ditem_a_001	1	10	1	0	00.無	0		00.無	0	00.無	0				720	36	203	0	0	0	0	0	
	16	4000	1	1	1	1	1	1.可以交易；0.被PK不掉	1	0	銅槍	10	1.林沖	04.武器 - 林沖	05.綠	2	07.怪物掉寶	5000	16	6000016	6100000	6200000	4000016	3ditem_a_001	1	10	1	0	00.無	0		00.無	0	00.無	0				1360	68	204	0	0	0	0	0	
	17	4000	1	1	1	1	1	1.可以交易；0.被PK不掉	1	0	特級布帽	10	1.林沖	01.帽子 - 林沖	06.藍	3	12.收集品交換	5000	17	6000017	6100000	6200000	4000017	3ditem_a_001	1	10	1	0	00.無	0		00.無	0	00.無	0				630	32	201	0	0	0	0	0	
	18	4000	1	1	1	1	1	1.可以交易；0.被PK不掉	1	0	特級布衣	10	1.林沖	02.上衣 - 林沖	06.藍	3	12.收集品交換	5000	18	6000018	6100000	6200000	4000018	3ditem_a_001	1	10	1	0	00.無	0		00.無	0	00.無	0				820	41	202	0	0	0	0	0	
	19	4000	1	1	1	1	1	1.可以交易；0.被PK不掉	1	0	特級草鞋	10	1.林沖	03.褲子 - 林沖	06.藍	3	12.收集品交換	5000	19	6000019	6100000	6200000	4000019	3ditem_a_001	1	10	1	0	00.無	0		00.無	0	00.無	0				720	36	203	0	0	0	0	0	
	20	4000	1	1	1	1	1	1.可以交易；0.被PK不掉	1	0	銀槍	10	1.林沖	04.武器 - 林沖	06.藍	3	12.收集品交換	5000	20	6000020	6100000	6200000	4000020	3ditem_a_001	1	10	1	0	00.無	0		00.無	0	00.無	0				1360	68	204	0	0	0	0	0	
	21	4000	1	1	1	1	0	1.可以交易；1.被PK會掉	1	1	禪灰帽	15	1.林沖	01.帽子 - 林沖	03.灰	0	07.怪物掉寶	5000	21	6000021	6100000	6200000	4000021	3ditem_a_001	1	15	1	0	00.無	0		00.無	0	00.無	0				2330	117	201	0	0	0	0	0	
	22	4000	1	1	1	1	0	1.可以交易；1.被PK會掉	1	1	禪灰衣	15	1.林沖	02.上衣 - 林沖	03.灰	0	07.怪物掉寶	5000	22	6000022	6100000	6200000	4000022	3ditem_a_001	1	15	1	0	00.無	0		00.無	0	00.無	0				3000	150	202	0	0	0	0	0	
	23	4000	1	1	1	1	0	1.可以交易；1.被PK會掉	1	1	禪灰鞋	15	1.林沖	03.褲子 - 林沖	03.灰	0	07.怪物掉寶	5000	23	6000023	6100000	6200000	4000023	3ditem_a_001	1	15	1	0	00.無	0		00.無	0	00.無	0				2660	133	203	0	0	0	0	0	
	24	4000	1	1	1	1	0	1.可以交易；1.被PK會掉	1	1	禪灰木槍	15	1.林沖	04.武器 - 林沖	03.灰	0	07.怪物掉寶	5000	24	6000024	6100000	6200000	4000024	3ditem_a_001	1	15	1	0	00.無	0		00.無	0	00.無	0				4990	250	204	0	0	0	0	0	
	25	4000	1	1	1	1	0	1.可以交易；1.被PK會掉	1	1	青蓮帽	15	1.林沖	01.帽子 - 林沖	04.白	1	03.商店購買	5000	25	6000025	6100000	6200000	4000025	3ditem_a_001	1	15	1	0	00.無	0		00.無	0	00.無	0				2330	233	201	0	0	0	0	0	
	26	4000	1	1	1	1	0	1.可以交易；1.被PK會掉	1	1	青蓮衣	15	1.林沖	02.上衣 - 林沖	04.白	1	03.商店購買	5000	26	6000026	6100000	6200000	4000026	3ditem_a_001	1	15	1	0	00.無	0		00.無	0	00.無	0				3000	300	202	0	0	0	0	0	
	27	4000	1	1	1	1	0	1.可以交易；1.被PK會掉	1	1	青蓮鞋	15	1.林沖	03.褲子 - 林沖	04.白	1	03.商店購買	5000	27	6000027	6100000	6200000	4000027	3ditem_a_001	1	15	1	0	00.無	0		00.無	0	00.無	0				2660	266	203	0	0	0	0	0	
	28	4000	1	1	1	1	0	1.可以交易；1.被PK會掉	1	1	青蓮鐵槍	15	1.林沖	04.武器 - 林沖	04.白	1	03.商店購買	5000	28	6000028	6100000	6200000	4000028	3ditem_a_001	1	15	1	0	00.無	0		00.無	0	00.無	0				4990	499	204	0	0	0	0	0	
	29	4000	1	1	1	1	1	1.可以交易；0.被PK不掉	1	0	紺碧帽	15	1.林沖	01.帽子 - 林沖	05.綠	2	07.怪物掉寶	5000	29	6000029	6100000	6200000	4000029	3ditem_a_001	1	15	1	0	00.無	0		00.無	0	00.無	0				2330	117	201	0	0	0	0	0	
	30	4000	1	1	1	1	1	1.可以交易；0.被PK不掉	1	0	紺碧衣	15	1.林沖	02.上衣 - 林沖	05.綠	2	07.怪物掉寶	5000	30	6000030	6100000	6200000	4000030	3ditem_a_001	1	15	1	0	00.無	0		00.無	0	00.無	0				3000	150	202	0	0	0	0	0	
	31	4000	1	1	1	1	1	1.可以交易；0.被PK不掉	1	0	紺碧鞋	15	1.林沖	03.褲子 - 林沖	05.綠	2	07.怪物掉寶	5000	31	6000031	6100000	6200000	4000031	3ditem_a_001	1	15	1	0	00.無	0		00.無	0	00.無	0				2660	133	203	0	0	0	0	0	
	32	4000	1	1	1	1	1	1.可以交易；0.被PK不掉	1	0	紺碧銅槍	15	1.林沖	04.武器 - 林沖	05.綠	2	07.怪物掉寶	5000	32	6000032	6100000	6200000	4000032	3ditem_a_001	1	15	1	0	00.無	0		00.無	0	00.無	0				4990	250	204	0	0	0	0	0	
	33	4000	1	1	1	1	1	1.可以交易；0.被PK不掉	1	0	彌剎帽	15	1.林沖	01.帽子 - 林沖	06.藍	3	12.收集品交換	5000	33	6000033	6100000	6200000	4000033	3ditem_a_001	1	15	1	0	00.無	0		00.無	0	00.無	0				2330	117	201	0	0	0	0	0	
	34	4000	1	1	1	1	1	1.可以交易；0.被PK不掉	1	0	彌剎衣	15	1.林沖	02.上衣 - 林沖	06.藍	3	12.收集品交換	5000	34	6000034	6100000	6200000	4000034	3ditem_a_001	1	15	1	0	00.無	0		00.無	0	00.無	0				3000	150	202	0	0	0	0	0	
	35	4000	1	1	1	1	1	1.可以交易；0.被PK不掉	1	0	彌剎鞋	15	1.林沖	03.褲子 - 林沖	06.藍	3	12.收集品交換	5000	35	6000035	6100000	6200000	4000035	3ditem_a_001	1	15	1	0	00.無	0		00.無	0	00.無	0				2660	133	203	0	0	0	0	0	
	36	4000	1	1	1	1	1	1.可以交易；0.被PK不掉	1	0	彌剎銀槍	15	1.林沖	04.武器 - 林沖	06.藍	3	12.收集品交換	5000	36	6000036	6100000	6200000	4000036	3ditem_a_001	1	15	1	0	00.無	0		00.無	0	00.無	0				4990	250	204	0	0	0	0	0	
	37	4000	1	1	1	1	0	1.可以交易；1.被PK會掉	1	1	赤炎帽	20	1.林沖	01.帽子 - 林沖	03.灰	0	07.怪物掉寶	5000	37	6000037	6100000	6200000	4000037	3ditem_a_001	1	20	1	0	00.無	0		00.無	0	00.無	0				8540	427	201	0	0	0	0	0	
	38	4000	1	1	1	1	0	1.可以交易；1.被PK會掉	1	1	赤炎衣	20	1.林沖	02.上衣 - 林沖	03.灰	0	07.怪物掉寶	5000	38	6000038	6100000	6200000	4000038	3ditem_a_001	1	20	1	0	00.無	0		00.無	0	00.無	0				10980	549	202	0	0	0	0	0	
	39	4000	1	1	1	1	0	1.可以交易；1.被PK會掉	1	1	赤炎鞋	20	1.林沖	03.褲子 - 林沖	03.灰	0	07.怪物掉寶	5000	39	6000039	6100000	6200000	4000039	3ditem_a_001	1	20	1	0	00.無	0		00.無	0	00.無	0				9760	488	203	0	0	0	0	0	
	40	4000	1	1	1	1	0	1.可以交易；1.被PK會掉	1	1	赤炎木槍	20	1.林沖	04.武器 - 林沖	03.灰	0	07.怪物掉寶	5000	40	6000040	6100000	6200000	4000040	3ditem_a_001	1	20	1	0	00.無	0		00.無	0	00.無	0				18300	915	204	0	0	0	0	0	
	41	4000	1	1	1	1	0	1.可以交易；1.被PK會掉	1	1	氣返帽	20	1.林沖	01.帽子 - 林沖	04.白	1	03.商店購買	5000	41	6000041	6100000	6200000	4000041	3ditem_a_001	1	20	1	0	00.無	0		00.無	0	00.無	0				8540	854	201	0	0	0	0	0	
	42	4000	1	1	1	1	0	1.可以交易；1.被PK會掉	1	1	氣返衣	20	1.林沖	02.上衣 - 林沖	04.白	1	03.商店購買	5000	42	6000042	6100000	6200000	4000042	3ditem_a_001	1	20	1	0	00.無	0		00.無	0	00.無	0				10980	1098	202	0	0	0	0	0	
	43	4000	1	1	1	1	0	1.可以交易；1.被PK會掉	1	1	氣返鞋	20	1.林沖	03.褲子 - 林沖	04.白	1	03.商店購買	5000	43	6000043	6100000	6200000	4000043	3ditem_a_001	1	20	1	0	00.無	0		00.無	0	00.無	0				9760	976	203	0	0	0	0	0	
	44	4000	1	1	1	1	0	1.可以交易；1.被PK會掉	1	1	氣返鐵槍	20	1.林沖	04.武器 - 林沖	04.白	1	03.商店購買	5000	44	6000044	6100000	6200000	4000044	3ditem_a_001	1	20	1	0	00.無	0		00.無	0	00.無	0				18300	1830	204	0	0	0	0	0	
	45	4000	1	1	1	1	1	1.可以交易；0.被PK不掉	1	0	靈妙帽	20	1.林沖	01.帽子 - 林沖	05.綠	2	07.怪物掉寶	5000	45	6000045	6100000	6200000	4000045	3ditem_a_001	1	20	1	0	00.無	0		00.無	0	00.無	0				8540	427	201	0	0	0	0	0	
	46	4000	1	1	1	1	1	1.可以交易；0.被PK不掉	1	0	靈妙衣	20	1.林沖	02.上衣 - 林沖	05.綠	2	07.怪物掉寶	5000	46	6000046	6100000	6200000	4000046	3ditem_a_001	1	20	1	0	00.無	0		00.無	0	00.無	0				10980	549	202	0	0	0	0	0	
	47	4000	1	1	1	1	1	1.可以交易；0.被PK不掉	1	0	靈妙鞋	20	1.林沖	03.褲子 - 林沖	05.綠	2	07.怪物掉寶	5000	47	6000047	6100000	6200000	4000047	3ditem_a_001	1	20	1	0	00.無	0		00.無	0	00.無	0				9760	488	203	0	0	0	0	0	
	48	4000	1	1	1	1	1	1.可以交易；0.被PK不掉	1	0	靈妙銅槍	20	1.林沖	04.武器 - 林沖	05.綠	2	07.怪物掉寶	5000	48	6000048	6100000	6200000	4000048	3ditem_a_001	1	20	1	0	00.無	0		00.無	0	00.無	0				18300	915	204	0	0	0	0	0	
	49	4000	1	1	1	1	1	1.可以交易；0.被PK不掉	1	0	佛陀帽	20	1.林沖	01.帽子 - 林沖	06.藍	3	12.收集品交換	5000	49	6000049	6100000	6200000	4000049	3ditem_a_001	1	20	1	0	00.無	0		00.無	0	00.無	0				8540	427	201	0	0	0	0	0	
	50	4000	1	1	1	1	1	1.可以交易；0.被PK不掉	1	0	佛陀衣	20	1.林沖	02.上衣 - 林沖	06.藍	3	12.收集品交換	5000	50	6000050	6100000	6200000	4000050	3ditem_a_001	1	20	1	0	00.無	0		00.無	0	00.無	0				10980	549	202	0	0	0	0	0	
	51	4000	1	1	1	1	1	1.可以交易；0.被PK不掉	1	0	佛陀鞋	20	1.林沖	03.褲子 - 林沖	06.藍	3	12.收集品交換	5000	51	6000051	6100000	6200000	4000051	3ditem_a_001	1	20	1	0	00.無	0		00.無	0	00.無	0				9760	488	203	0	0	0	0	0	
	52	4000	1	1	1	1	1	1.可以交易；0.被PK不掉	1	0	佛陀銀槍	20	1.林沖	04.武器 - 林沖	06.藍	3	12.收集品交換	5000	52	6000052	6100000	6200000	4000052	3ditem_a_001	1	20	1	0	00.無	0		00.無	0	00.無	0				18300	915	204	0	0	0	0	0	
	53	4000	1	1	1	1	1	1.可以交易；0.被PK不掉	1	0	豹子帽	35	1.林沖	01.帽子 - 林沖	07.紫	4	07.怪物掉寶	5000	53	6000053	6100000	6200000	4000053	3ditem_a_001	1	35	1	0	00.無	0		00.無	0	00.無	0				114700	5735	201	0	0	0	0	0	
	54	4000	1	1	1	1	1	1.可以交易；0.被PK不掉	1	0	豹子衣	35	1.林沖	02.上衣 - 林沖	07.紫	4	07.怪物掉寶	5000	54	6000054	6100000	6200000	4000054	3ditem_a_001	1	35	1	0	00.無	0		00.無	0	00.無	0				147400	7370	202	0	0	0	0	0	
	55	4000	1	1	1	1	1	1.可以交易；0.被PK不掉	1	0	豹子鞋	35	1.林沖	03.褲子 - 林沖	07.紫	4	07.怪物掉寶	5000	55	6000055	6100000	6200000	4000055	3ditem_a_001	1	35	1	0	00.無	0		00.無	0	00.無	0				131000	6550	203	0	0	0	0	0	
	56	4000	1	1	1	1	1	1.可以交易；0.被PK不掉	1	0	豹子金槍	35	1.林沖	04.武器 - 林沖	07.紫	4	07.怪物掉寶	5000	56	6000056	6100000	6200000	4000056	3ditem_a_001	1	35	1	0	00.無	0		00.無	0	00.無	0				245700	12285	204	0	0	0	0	0	
	57	4000	1	1	1	1	0	1.可以交易；1.被PK會掉	1	1	隱士帽	25	1.林沖	01.帽子 - 林沖	03.灰	0	07.怪物掉寶	5000	57	6000057	6100000	6200000	4000057	3ditem_a_001	1	25	1	0	00.無	0		00.無	0	00.無	0				24600	1230	201	0	0	0	0	0	
	58	4000	1	1	1	1	0	1.可以交易；1.被PK會掉	1	1	隱士袍	25	1.林沖	02.上衣 - 林沖	03.灰	0	07.怪物掉寶	5000	58	6000058	6100000	6200000	4000058	3ditem_a_001	1	25	1	0	00.無	0		00.無	0	00.無	0				31600	1580	202	0	0	0	0	0	
	59	4000	1	1	1	1	0	1.可以交易；1.被PK會掉	1	1	隱士鞋	25	1.林沖	03.褲子 - 林沖	03.灰	0	07.怪物掉寶	5000	59	6000059	6100000	6200000	4000059	3ditem_a_001	1	25	1	0	00.無	0		00.無	0	00.無	0				28100	1405	203	0	0	0	0	0	
	60	4000	1	1	1	1	0	1.可以交易；1.被PK會掉	1	1	隱士木槍	25	1.林沖	04.武器 - 林沖	03.灰	0	07.怪物掉寶	5000	60	6000060	6100000	6200000	4000060	3ditem_a_001	1	25	1	0	00.無	0		00.無	0	00.無	0				52600	2630	204	0	0	0	0	0	
	61	4000	1	1	1	1	0	1.可以交易；1.被PK會掉	1	1	居士帽	25	1.林沖	01.帽子 - 林沖	04.白	1	03.商店購買	5000	61	6000061	6100000	6200000	4000061	3ditem_a_001	1	25	1	0	00.無	0		00.無	0	00.無	0				24600	2460	201	0	0	0	0	0	
	62	4000	1	1	1	1	0	1.可以交易；1.被PK會掉	1	1	居士袍	25	1.林沖	02.上衣 - 林沖	04.白	1	03.商店購買	5000	62	6000062	6100000	6200000	4000062	3ditem_a_001	1	25	1	0	00.無	0		00.無	0	00.無	0				31600	3160	202	0	0	0	0	0	
	63	4000	1	1	1	1	0	1.可以交易；1.被PK會掉	1	1	居士鞋	25	1.林沖	03.褲子 - 林沖	04.白	1	03.商店購買	5000	63	6000063	6100000	6200000	4000063	3ditem_a_001	1	25	1	0	00.無	0		00.無	0	00.無	0				28100	2810	203	0	0	0	0	0	
	64	4000	1	1	1	1	0	1.可以交易；1.被PK會掉	1	1	居士鐵槍	25	1.林沖	04.武器 - 林沖	04.白	1	03.商店購買	5000	64	6000064	6100000	6200000	4000064	3ditem_a_001	1	25	1	0	00.無	0		00.無	0	00.無	0				52600	5260	204	0	0	0	0	0	
	65	4000	1	1	1	1	1	1.可以交易；0.被PK不掉	1	0	雅士帽	25	1.林沖	01.帽子 - 林沖	05.綠	2	07.怪物掉寶	5000	65	6000065	6100000	6200000	4000065	3ditem_a_001	1	25	1	0	00.無	0		00.無	0	00.無	0				24600	1230	201	0	0	0	0	0	
	66	4000	1	1	1	1	1	1.可以交易；0.被PK不掉	1	0	雅士袍	25	1.林沖	02.上衣 - 林沖	05.綠	2	07.怪物掉寶	5000	66	6000066	6100000	6200000	4000066	3ditem_a_001	1	25	1	0	00.無	0		00.無	0	00.無	0				31600	1580	202	0	0	0	0	0	
	67	4000	1	1	1	1	1	1.可以交易；0.被PK不掉	1	0	雅士鞋	25	1.林沖	03.褲子 - 林沖	05.綠	2	07.怪物掉寶	5000	67	6000067	6100000	6200000	4000067	3ditem_a_001	1	25	1	0	00.無	0		00.無	0	00.無	0				28100	1405	203	0	0	0	0	0	
	68	4000	1	1	1	1	1	1.可以交易；0.被PK不掉	1	0	雅士銅槍	25	1.林沖	04.武器 - 林沖	05.綠	2	07.怪物掉寶	5000	68	6000068	6100000	6200000	4000068	3ditem_a_001	1	25	1	0	00.無	0		00.無	0	00.無	0				52600	2630	204	0	0	0	0	0	
	69	4000	1	1	1	1	1	0.不可交易；0.被PK不掉	0	0	賢士帽	25	1.林沖	01.帽子 - 林沖	06.藍	3	12.收集品交換	5000	69	6000069	6100000	6200000	4000069	3ditem_a_001	1	25	1	0	00.無	0		00.無	0	00.無	0				24600	1230	201	0	0	0	0	0	
	70	4000	1	1	1	1	1	0.不可交易；0.被PK不掉	0	0	賢士袍	25	1.林沖	02.上衣 - 林沖	06.藍	3	12.收集品交換	5000	70	6000070	6100000	6200000	4000070	3ditem_a_001	1	25	1	0	00.無	0		00.無	0	00.無	0				31600	1580	202	0	0	0	0	0	
	71	4000	1	1	1	1	1	0.不可交易；0.被PK不掉	0	0	賢士鞋	25	1.林沖	03.褲子 - 林沖	06.藍	3	12.收集品交換	5000	71	6000071	6100000	6200000	4000071	3ditem_a_001	1	25	1	0	00.無	0		00.無	0	00.無	0				28100	1405	203	0	0	0	0	0	
	72	4000	1	1	1	1	1	0.不可交易；0.被PK不掉	0	0	賢士銀槍	25	1.林沖	04.武器 - 林沖	06.藍	3	12.收集品交換	5000	72	6000072	6100000	6200000	4000072	3ditem_a_001	1	25	1	0	00.無	0		00.無	0	00.無	0				52600	2630	204	0	0	0	0	0	
	73	4000	1	1	1	1	0	1.可以交易；1.被PK會掉	1	1	勇士帽	30	1.林沖	01.帽子 - 林沖	03.灰	0	07.怪物掉寶	5000	73	6000073	6100000	6200000	4000073	3ditem_a_001	1	30	1	0	00.無	0		00.無	0	00.無	0				56300	2815	201	0	0	0	0	0	
	74	4000	1	1	1	1	0	1.可以交易；1.被PK會掉	1	1	勇士袍	30	1.林沖	02.上衣 - 林沖	03.灰	0	07.怪物掉寶	5000	74	6000074	6100000	6200000	4000074	3ditem_a_001	1	30	1	0	00.無	0		00.無	0	00.無	0				72400	3620	202	0	0	0	0	0	
	75	4000	1	1	1	1	0	1.可以交易；1.被PK會掉	1	1	勇士鞋	30	1.林沖	03.褲子 - 林沖	03.灰	0	07.怪物掉寶	5000	75	6000075	6100000	6200000	4000075	3ditem_a_001	1	30	1	0	00.無	0		00.無	0	00.無	0				64400	3220	203	0	0	0	0	0	
	76	4000	1	1	1	1	0	1.可以交易；1.被PK會掉	1	1	勇士木槍	30	1.林沖	04.武器 - 林沖	03.灰	0	07.怪物掉寶	5000	76	6000076	6100000	6200000	4000076	3ditem_a_001	1	30	1	0	00.無	0		00.無	0	00.無	0				120700	6035	204	0	0	0	0	0	
	77	4000	1	1	1	1	0	1.可以交易；1.被PK會掉	1	1	鍛鍊帽	30	1.林沖	01.帽子 - 林沖	04.白	1	03.商店購買	5000	77	6000077	6100000	6200000	4000077	3ditem_a_001	1	30	1	0	00.無	0		00.無	0	00.無	0				56300	5630	201	0	0	0	0	0	
	78	4000	1	1	1	1	0	1.可以交易；1.被PK會掉	1	1	鍛鍊袍	30	1.林沖	02.上衣 - 林沖	04.白	1	03.商店購買	5000	78	6000078	6100000	6200000	4000078	3ditem_a_001	1	30	1	0	00.無	0		00.無	0	00.無	0				72400	7240	202	0	0	0	0	0	
	79	4000	1	1	1	1	0	1.可以交易；1.被PK會掉	1	1	鍛鍊鞋	30	1.林沖	03.褲子 - 林沖	04.白	1	03.商店購買	5000	79	6000079	6100000	6200000	4000079	3ditem_a_001	1	30	1	0	00.無	0		00.無	0	00.無	0				64400	6440	203	0	0	0	0	0	
	80	4000	1	1	1	1	0	1.可以交易；1.被PK會掉	1	1	鍛鍊鐵槍	30	1.林沖	04.武器 - 林沖	04.白	1	03.商店購買	5000	80	6000080	6100000	6200000	4000080	3ditem_a_001	1	30	1	0	00.無	0		00.無	0	00.無	0				120700	12070	204	0	0	0	0	0	
	81	4000	1	1	1	1	1	1.可以交易；0.被PK不掉	1	0	鋼體帽	30	1.林沖	01.帽子 - 林沖	05.綠	2	07.怪物掉寶	5000	81	6000081	6100000	6200000	4000081	3ditem_a_001	1	30	1	0	00.無	0		00.無	0	00.無	0				56300	2815	201	0	0	0	0	0	
	82	4000	1	1	1	1	1	1.可以交易；0.被PK不掉	1	0	鋼體袍	30	1.林沖	02.上衣 - 林沖	05.綠	2	07.怪物掉寶	5000	82	6000082	6100000	6200000	4000082	3ditem_a_001	1	30	1	0	00.無	0		00.無	0	00.無	0				72400	3620	202	0	0	0	0	0	
	83	4000	1	1	1	1	1	1.可以交易；0.被PK不掉	1	0	鋼體鞋	30	1.林沖	03.褲子 - 林沖	05.綠	2	07.怪物掉寶	5000	83	6000083	6100000	6200000	4000083	3ditem_a_001	1	30	1	0	00.無	0		00.無	0	00.無	0				64400	3220	203	0	0	0	0	0	
	84	4000	1	1	1	1	1	1.可以交易；0.被PK不掉	1	0	鋼體銅槍	30	1.林沖	04.武器 - 林沖	05.綠	2	07.怪物掉寶	5000	84	6000084	6100000	6200000	4000084	3ditem_a_001	1	30	1	0	00.無	0		00.無	0	00.無	0				120700	6035	204	0	0	0	0	0	
	85	4000	1	1	1	1	1	1.可以交易；0.被PK不掉	1	0	精武帽	30	1.林沖	01.帽子 - 林沖	06.藍	3	12.收集品交換	5000	85	6000085	6100000	6200000	4000085	3ditem_a_001	1	30	1	0	00.無	0		00.無	0	00.無	0				56300	2815	201	0	0	0	0	0	
	86	4000	1	1	1	1	1	1.可以交易；0.被PK不掉	1	0	精武袍	30	1.林沖	02.上衣 - 林沖	06.藍	3	12.收集品交換	5000	86	6000086	6100000	6200000	4000086	3ditem_a_001	1	30	1	0	00.無	0		00.無	0	00.無	0				72400	3620	202	0	0	0	0	0	
	87	4000	1	1	1	1	1	1.可以交易；0.被PK不掉	1	0	精武鞋	30	1.林沖	03.褲子 - 林沖	06.藍	3	12.收集品交換	5000	87	6000087	6100000	6200000	4000087	3ditem_a_001	1	30	1	0	00.無	0		00.無	0	00.無	0				64400	3220	203	0	0	0	0	0	
	88	4000	1	1	1	1	1	1.可以交易；0.被PK不掉	1	0	精武銀槍	30	1.林沖	04.武器 - 林沖	06.藍	3	12.收集品交換	5000	88	6000088	6100000	6200000	4000088	3ditem_a_001	1	30	1	0	00.無	0		00.無	0	00.無	0				120700	6035	204	0	0	0	0	0	
	89	4000	1	1	1	1	0	1.可以交易；1.被PK會掉	1	1	蒙古帽	35	1.林沖	01.帽子 - 林沖	03.灰	0	07.怪物掉寶	5000	89	6000089	6100000	6200000	4000089	3ditem_a_001	1	35	1	0	00.無	0		00.無	0	00.無	0				114700	5735	201	0	0	0	0	0	
	90	4000	1	1	1	1	0	1.可以交易；1.被PK會掉	1	1	蒙古服	35	1.林沖	02.上衣 - 林沖	03.灰	0	07.怪物掉寶	5000	90	6000090	6100000	6200000	4000090	3ditem_a_001	1	35	1	0	00.無	0		00.無	0	00.無	0				147400	7370	202	0	0	0	0	0	
	91	4000	1	1	1	1	0	1.可以交易；1.被PK會掉	1	1	蒙古袍	35	1.林沖	03.褲子 - 林沖	03.灰	0	07.怪物掉寶	5000	91	6000091	6100000	6200000	4000091	3ditem_a_001	1	35	1	0	00.無	0		00.無	0	00.無	0				131000	6550	203	0	0	0	0	0	
	92	4000	1	1	1	1	0	1.可以交易；1.被PK會掉	1	1	蒙古木槍	35	1.林沖	04.武器 - 林沖	03.灰	0	07.怪物掉寶	5000	92	6000092	6100000	6200000	4000092	3ditem_a_001	1	35	1	0	00.無	0		00.無	0	00.無	0				245700	12285	204	0	0	0	0	0	
	93	4000	1	1	1	1	0	1.可以交易；1.被PK會掉	1	1	荒野帽	35	1.林沖	01.帽子 - 林沖	04.白	1	03.商店購買	5000	93	6000093	6100000	6200000	4000093	3ditem_a_001	1	35	1	0	00.無	0		00.無	0	00.無	0				114700	11470	201	0	0	0	0	0	
	94	4000	1	1	1	1	0	1.可以交易；1.被PK會掉	1	1	荒野袍	35	1.林沖	02.上衣 - 林沖	04.白	1	03.商店購買	5000	94	6000094	6100000	6200000	4000094	3ditem_a_001	1	35	1	0	00.無	0		00.無	0	00.無	0				147400	14740	202	0	0	0	0	0	
	95	4000	1	1	1	1	0	1.可以交易；1.被PK會掉	1	1	荒野鞋	35	1.林沖	03.褲子 - 林沖	04.白	1	03.商店購買	5000	95	6000095	6100000	6200000	4000095	3ditem_a_001	1	35	1	0	00.無	0		00.無	0	00.無	0				131000	13100	203	0	0	0	0	0	
	96	4000	1	1	1	1	0	1.可以交易；1.被PK會掉	1	1	荒野鐵槍	35	1.林沖	04.武器 - 林沖	04.白	1	03.商店購買	5000	96	6000096	6100000	6200000	4000096	3ditem_a_001	1	35	1	0	00.無	0		00.無	0	00.無	0				245700	24570	204	0	0	0	0	0	
	97	4000	1	1	1	1	1	1.可以交易；0.被PK不掉	1	0	豪氣帽	35	1.林沖	01.帽子 - 林沖	05.綠	2	07.怪物掉寶	5000	97	6000097	6100000	6200000	4000097	3ditem_a_001	1	35	1	0	00.無	0		00.無	0	00.無	0				114700	5735	201	0	0	0	0	0	
	98	4000	1	1	1	1	1	1.可以交易；0.被PK不掉	1	0	豪氣袍	35	1.林沖	02.上衣 - 林沖	05.綠	2	07.怪物掉寶	5000	98	6000098	6100000	6200000	4000098	3ditem_a_001	1	35	1	0	00.無	0		00.無	0	00.無	0				147400	7370	202	0	0	0	0	0	
	99	4000	1	1	1	1	1	1.可以交易；0.被PK不掉	1	0	豪氣鞋	35	1.林沖	03.褲子 - 林沖	05.綠	2	07.怪物掉寶	5000	99	6000099	6100000	6200000	4000099	3ditem_a_001	1	35	1	0	00.無	0		00.無	0	00.無	0				131000	6550	203	0	0	0	0	0	
	100	4000	1	1	1	1	1	1.可以交易；0.被PK不掉	1	0	豪氣銅槍	35	1.林沖	04.武器 - 林沖	05.綠	2	07.怪物掉寶	5000	100	6000100	6100000	6200000	4000100	3ditem_a_001	1	35	1	0	00.無	0		00.無	0	00.無	0				245700	12285	204	0	0	0	0	0	
	101	4000	1	1	1	1	1	0.不可交易；0.被PK不掉	0	0	無牙帽	35	1.林沖	01.帽子 - 林沖	06.藍	3	12.收集品交換	5000	101	6000101	6100000	6200000	4000101	3ditem_a_001	1	35	1	0	00.無	0		00.無	0	00.無	0				114700	5735	201	0	0	0	0	0	
	102	4000	1	1	1	1	1	0.不可交易；0.被PK不掉	0	0	無牙袍	35	1.林沖	02.上衣 - 林沖	06.藍	3	12.收集品交換	5000	102	6000102	6100000	6200000	4000102	3ditem_a_001	1	35	1	0	00.無	0		00.無	0	00.無	0				147400	7370	202	0	0	0	0	0	
	103	4000	1	1	1	1	1	0.不可交易；0.被PK不掉	0	0	無牙鞋	35	1.林沖	03.褲子 - 林沖	06.藍	3	12.收集品交換	5000	103	6000103	6100000	6200000	4000103	3ditem_a_001	1	35	1	0	00.無	0		00.無	0	00.無	0				131000	6550	203	0	0	0	0	0	
	104	4000	1	1	1	1	1	0.不可交易；0.被PK不掉	0	0	無牙銀槍	35	1.林沖	04.武器 - 林沖	06.藍	3	12.收集品交換	5000	104	6000104	6100000	6200000	4000104	3ditem_a_001	1	35	1	0	00.無	0		00.無	0	00.無	0				245700	12285	204	0	0	0	0	0	
	105	4000	1	1	1	1	0	1.可以交易；1.被PK會掉	1	1	浪人帽	40	1.林沖	01.帽子 - 林沖	03.灰	0	07.怪物掉寶	5000	105	6000105	6100000	6200000	4000105	3ditem_a_001	1	40	1	0	00.無	0		00.無	0	00.無	0				211200	10560	201	0	0	0	0	0	
	106	4000	1	1	1	1	0	1.可以交易；1.被PK會掉	1	1	浪人袍	40	1.林沖	02.上衣 - 林沖	03.灰	0	07.怪物掉寶	5000	106	6000106	6100000	6200000	4000106	3ditem_a_001	1	40	1	0	00.無	0		00.無	0	00.無	0				271500	13575	202	0	0	0	0	0	
	107	4000	1	1	1	1	0	1.可以交易；1.被PK會掉	1	1	浪人鞋	40	1.林沖	03.褲子 - 林沖	03.灰	0	07.怪物掉寶	5000	107	6000107	6100000	6200000	4000107	3ditem_a_001	1	40	1	0	00.無	0		00.無	0	00.無	0				241300	12065	203	0	0	0	0	0	
	108	4000	1	1	1	1	0	1.可以交易；1.被PK會掉	1	1	浪人木槍	40	1.林沖	04.武器 - 林沖	03.灰	0	07.怪物掉寶	5000	108	6000108	6100000	6200000	4000108	3ditem_a_001	1	40	1	0	00.無	0		00.無	0	00.無	0				452500	22625	204	0	0	0	0	0	
	109	4000	1	1	1	1	0	1.可以交易；1.被PK會掉	1	1	俠客帽	40	1.林沖	01.帽子 - 林沖	04.白	1	03.商店購買	5000	109	6000109	6100000	6200000	4000109	3ditem_a_001	1	40	1	0	00.無	0		00.無	0	00.無	0				211200	21120	201	0	0	0	0	0	
	110	4000	1	1	1	1	0	1.可以交易；1.被PK會掉	1	1	俠客袍	40	1.林沖	02.上衣 - 林沖	04.白	1	03.商店購買	5000	110	6000110	6100000	6200000	4000110	3ditem_a_001	1	40	1	0	00.無	0		00.無	0	00.無	0				271500	27150	202	0	0	0	0	0	
	111	4000	1	1	1	1	0	1.可以交易；1.被PK會掉	1	1	俠客鞋	40	1.林沖	03.褲子 - 林沖	04.白	1	03.商店購買	5000	111	6000111	6100000	6200000	4000111	3ditem_a_001	1	40	1	0	00.無	0		00.無	0	00.無	0				241300	24130	203	0	0	0	0	0	
	112	4000	1	1	1	1	0	1.可以交易；1.被PK會掉	1	1	俠客鐵槍	40	1.林沖	04.武器 - 林沖	04.白	1	03.商店購買	5000	112	6000112	6100000	6200000	4000112	3ditem_a_001	1	40	1	0	00.無	0		00.無	0	00.無	0				452500	45250	204	0	0	0	0	0	
	113	4000	1	1	1	1	1	1.可以交易；0.被PK不掉	1	0	千履帽	40	1.林沖	01.帽子 - 林沖	05.綠	2	07.怪物掉寶	5000	113	6000113	6100000	6200000	4000113	3ditem_a_001	1	40	1	0	00.無	0		00.無	0	00.無	0				211200	10560	201	0	0	0	0	0	
	114	4000	1	1	1	1	1	1.可以交易；0.被PK不掉	1	0	千履袍	40	1.林沖	02.上衣 - 林沖	05.綠	2	07.怪物掉寶	5000	114	6000114	6100000	6200000	4000114	3ditem_a_001	1	40	1	0	00.無	0		00.無	0	00.無	0				271500	13575	202	0	0	0	0	0	
	115	4000	1	1	1	1	1	1.可以交易；0.被PK不掉	1	0	千履鞋	40	1.林沖	03.褲子 - 林沖	05.綠	2	07.怪物掉寶	5000	115	6000115	6100000	6200000	4000115	3ditem_a_001	1	40	1	0	00.無	0		00.無	0	00.無	0				241300	12065	203	0	0	0	0	0	
	116	4000	1	1	1	1	1	1.可以交易；0.被PK不掉	1	0	千履銅槍	40	1.林沖	04.武器 - 林沖	05.綠	2	07.怪物掉寶	5000	116	6000116	6100000	6200000	4000116	3ditem_a_001	1	40	1	0	00.無	0		00.無	0	00.無	0				452500	22625	204	0	0	0	0	0	
	117	4000	1	1	1	1	1	1.可以交易；0.被PK不掉	1	0	密宗帽	40	1.林沖	01.帽子 - 林沖	06.藍	3	12.收集品交換	5000	117	6000117	6100000	6200000	4000117	3ditem_a_001	1	40	1	0	00.無	0		00.無	0	00.無	0				211200	10560	201	0	0	0	0	0	
	118	4000	1	1	1	1	1	1.可以交易；0.被PK不掉	1	0	密宗袍	40	1.林沖	02.上衣 - 林沖	06.藍	3	12.收集品交換	5000	118	6000118	6100000	6200000	4000118	3ditem_a_001	1	40	1	0	00.無	0		00.無	0	00.無	0				271500	13575	202	0	0	0	0	0	
	119	4000	1	1	1	1	1	1.可以交易；0.被PK不掉	1	0	密宗鞋	40	1.林沖	03.褲子 - 林沖	06.藍	3	12.收集品交換	5000	119	6000119	6100000	6200000	4000119	3ditem_a_001	1	40	1	0	00.無	0		00.無	0	00.無	0				241300	12065	203	0	0	0	0	0	
	120	4000	1	1	1	1	1	1.可以交易；0.被PK不掉	1	0	密宗銀槍	40	1.林沖	04.武器 - 林沖	06.藍	3	12.收集品交換	5000	120	6000120	6100000	6200000	4000120	3ditem_a_001	1	40	1	0	00.無	0		00.無	0	00.無	0				452500	22625	204	0	0	0	0	0	
	121	4000	1	1	1	1	1	1.可以交易；0.被PK不掉	1	0	忍者帽	45	1.林沖	01.帽子 - 林沖	07.紫	4	07.怪物掉寶	5000	121	6000121	6100000	6200000	4000121	3ditem_a_001	1	45	1	0	00.無	0		00.無	0	00.無	0				363000	18150	201	0	0	0	0	0	
	122	4000	1	1	1	1	1	1.可以交易；0.被PK不掉	1	0	忍者袍	45	1.林沖	02.上衣 - 林沖	07.紫	4	07.怪物掉寶	5000	122	6000122	6100000	6200000	4000122	3ditem_a_001	1	45	1	0	00.無	0		00.無	0	00.無	0				467000	23350	202	0	0	0	0	0	
	123	4000	1	1	1	1	1	1.可以交易；0.被PK不掉	1	0	忍者鞋	45	1.林沖	03.褲子 - 林沖	07.紫	4	07.怪物掉寶	5000	123	6000123	6100000	6200000	4000123	3ditem_a_001	1	45	1	0	00.無	0		00.無	0	00.無	0				415000	20750	203	0	0	0	0	0	
	124	4000	1	1	1	1	1	1.可以交易；0.被PK不掉	1	0	忍者金槍	45	1.林沖	04.武器 - 林沖	07.紫	4	07.怪物掉寶	5000	124	6000124	6100000	6200000	4000124	3ditem_a_001	1	45	1	0	00.無	0		00.無	0	00.無	0				778000	38900	204	0	0	0	0	0	
	125	4000	1	1	1	1	0	1.可以交易；1.被PK會掉	1	1	高原帽	45	1.林沖	01.帽子 - 林沖	03.灰	0	07.怪物掉寶	5000	125	6000125	6100000	6200000	4000125	3ditem_a_001	1	45	1	0	00.無	0		00.無	0	00.無	0				363000	18150	201	0	0	0	0	0	
	126	4000	1	1	1	1	0	1.可以交易；1.被PK會掉	1	1	高原袍	45	1.林沖	02.上衣 - 林沖	03.灰	0	07.怪物掉寶	5000	126	6000126	6100000	6200000	4000126	3ditem_a_001	1	45	1	0	00.無	0		00.無	0	00.無	0				467000	23350	202	0	0	0	0	0	
	127	4000	1	1	1	1	0	1.可以交易；1.被PK會掉	1	1	高原鞋	45	1.林沖	03.褲子 - 林沖	03.灰	0	07.怪物掉寶	5000	127	6000127	6100000	6200000	4000127	3ditem_a_001	1	45	1	0	00.無	0		00.無	0	00.無	0				415000	20750	203	0	0	0	0	0	
	128	4000	1	1	1	1	0	1.可以交易；1.被PK會掉	1	1	高原木槍	45	1.林沖	04.武器 - 林沖	03.灰	0	07.怪物掉寶	5000	128	6000128	6100000	6200000	4000128	3ditem_a_001	1	45	1	0	00.無	0		00.無	0	00.無	0				778000	38900	204	0	0	0	0	0	
	129	4000	1	1	1	1	0	1.可以交易；1.被PK會掉	1	1	狩獵帽	45	1.林沖	01.帽子 - 林沖	04.白	1	03.商店購買	5000	129	6000129	6100000	6200000	4000129	3ditem_a_001	1	45	1	0	00.無	0		00.無	0	00.無	0				363000	36300	201	0	0	0	0	0	
	130	4000	1	1	1	1	0	1.可以交易；1.被PK會掉	1	1	狩獵袍	45	1.林沖	02.上衣 - 林沖	04.白	1	03.商店購買	5000	130	6000130	6100000	6200000	4000130	3ditem_a_001	1	45	1	0	00.無	0		00.無	0	00.無	0				467000	46700	202	0	0	0	0	0	
	131	4000	1	1	1	1	0	1.可以交易；1.被PK會掉	1	1	狩獵鞋	45	1.林沖	03.褲子 - 林沖	04.白	1	03.商店購買	5000	131	6000131	6100000	6200000	4000131	3ditem_a_001	1	45	1	0	00.無	0		00.無	0	00.無	0				415000	41500	203	0	0	0	0	0	
	132	4000	1	1	1	1	0	1.可以交易；1.被PK會掉	1	1	狩獵鐵槍	45	1.林沖	04.武器 - 林沖	04.白	1	03.商店購買	5000	132	6000132	6100000	6200000	4000132	3ditem_a_001	1	45	1	0	00.無	0		00.無	0	00.無	0				778000	77800	204	0	0	0	0	0	
	133	4000	1	1	1	1	1	1.可以交易；0.被PK不掉	1	0	伏獸帽	45	1.林沖	01.帽子 - 林沖	05.綠	2	07.怪物掉寶	5000	133	6000133	6100000	6200000	4000133	3ditem_a_001	1	45	1	0	00.無	0		00.無	0	00.無	0				363000	18150	201	0	0	0	0	0	
	134	4000	1	1	1	1	1	1.可以交易；0.被PK不掉	1	0	伏獸袍	45	1.林沖	02.上衣 - 林沖	05.綠	2	07.怪物掉寶	5000	134	6000134	6100000	6200000	4000134	3ditem_a_001	1	45	1	0	00.無	0		00.無	0	00.無	0				467000	23350	202	0	0	0	0	0	
	135	4000	1	1	1	1	1	1.可以交易；0.被PK不掉	1	0	伏獸鞋	45	1.林沖	03.褲子 - 林沖	05.綠	2	07.怪物掉寶	5000	135	6000135	6100000	6200000	4000135	3ditem_a_001	1	45	1	0	00.無	0		00.無	0	00.無	0				415000	20750	203	0	0	0	0	0	
	136	4000	1	1	1	1	1	1.可以交易；0.被PK不掉	1	0	伏獸銅槍	45	1.林沖	04.武器 - 林沖	05.綠	2	07.怪物掉寶	5000	136	6000136	6100000	6200000	4000136	3ditem_a_001	1	45	1	0	00.無	0		00.無	0	00.無	0				778000	38900	204	0	0	0	0	0	
	137	4000	1	1	1	1	1	0.不可交易；0.被PK不掉	0	0	悍體帽	45	1.林沖	01.帽子 - 林沖	06.藍	3	12.收集品交換	5000	137	6000137	6100000	6200000	4000137	3ditem_a_001	1	45	1	0	00.無	0		00.無	0	00.無	0				363000	18150	201	0	0	0	0	0	
	138	4000	1	1	1	1	1	0.不可交易；0.被PK不掉	0	0	悍體袍	45	1.林沖	02.上衣 - 林沖	06.藍	3	12.收集品交換	5000	138	6000138	6100000	6200000	4000138	3ditem_a_001	1	45	1	0	00.無	0		00.無	0	00.無	0				467000	23350	202	0	0	0	0	0	
	139	4000	1	1	1	1	1	0.不可交易；0.被PK不掉	0	0	悍體鞋	45	1.林沖	03.褲子 - 林沖	06.藍	3	12.收集品交換	5000	139	6000139	6100000	6200000	4000139	3ditem_a_001	1	45	1	0	00.無	0		00.無	0	00.無	0				415000	20750	203	0	0	0	0	0	
	140	4000	1	1	1	1	1	0.不可交易；0.被PK不掉	0	0	悍體銀槍	45	1.林沖	04.武器 - 林沖	06.藍	3	12.收集品交換	5000	140	6000140	6100000	6200000	4000140	3ditem_a_001	1	45	1	0	00.無	0		00.無	0	00.無	0				778000	38900	204	0	0	0	0	0	
	141	4000	1	1	1	1	0	1.可以交易；1.被PK會掉	1	1	宮城帽	50	1.林沖	01.帽子 - 林沖	03.灰	0	07.怪物掉寶	5000	141	6000141	6100000	6200000	4000141	3ditem_a_001	1	50	1	0	00.無	0		00.無	0	00.無	0				592000	29600	201	0	0	0	0	0	
	142	4000	1	1	1	1	0	1.可以交易；1.被PK會掉	1	1	宮城袍	50	1.林沖	02.上衣 - 林沖	03.灰	0	07.怪物掉寶	5000	142	6000142	6100000	6200000	4000142	3ditem_a_001	1	50	1	0	00.無	0		00.無	0	00.無	0				762000	38100	202	0	0	0	0	0	
	143	4000	1	1	1	1	0	1.可以交易；1.被PK會掉	1	1	宮城鞋	50	1.林沖	03.褲子 - 林沖	03.灰	0	07.怪物掉寶	5000	143	6000143	6100000	6200000	4000143	3ditem_a_001	1	50	1	0	00.無	0		00.無	0	00.無	0				677000	33850	203	0	0	0	0	0	
	144	4000	1	1	1	1	0	1.可以交易；1.被PK會掉	1	1	宮城木槍	50	1.林沖	04.武器 - 林沖	03.灰	0	07.怪物掉寶	5000	144	6000144	6100000	6200000	4000144	3ditem_a_001	1	50	1	0	00.無	0		00.無	0	00.無	0				1269000	63450	204	0	0	0	0	0	
	145	4000	1	1	1	1	0	1.可以交易；1.被PK會掉	1	1	銳眼帽	50	1.林沖	01.帽子 - 林沖	04.白	1	03.商店購買	5000	145	6000145	6100000	6200000	4000145	3ditem_a_001	1	50	1	0	00.無	0		00.無	0	00.無	0				592000	59200	201	0	0	0	0	0	
	146	4000	1	1	1	1	0	1.可以交易；1.被PK會掉	1	1	銳眼袍	50	1.林沖	02.上衣 - 林沖	04.白	1	03.商店購買	5000	146	6000146	6100000	6200000	4000146	3ditem_a_001	1	50	1	0	00.無	0		00.無	0	00.無	0				762000	76200	202	0	0	0	0	0	
	147	4000	1	1	1	1	0	1.可以交易；1.被PK會掉	1	1	銳眼鞋	50	1.林沖	03.褲子 - 林沖	04.白	1	03.商店購買	5000	147	6000147	6100000	6200000	4000147	3ditem_a_001	1	50	1	0	00.無	0		00.無	0	00.無	0				677000	67700	203	0	0	0	0	0	
	148	4000	1	1	1	1	0	1.可以交易；1.被PK會掉	1	1	銳眼鐵槍	50	1.林沖	04.武器 - 林沖	04.白	1	03.商店購買	5000	148	6000148	6100000	6200000	4000148	3ditem_a_001	1	50	1	0	00.無	0		00.無	0	00.無	0				1269000	126900	204	0	0	0	0	0	
	149	4000	1	1	1	1	1	1.可以交易；0.被PK不掉	1	0	猛略帽	50	1.林沖	01.帽子 - 林沖	05.綠	2	07.怪物掉寶	5000	149	6000149	6100000	6200000	4000149	3ditem_a_001	1	50	1	0	00.無	0		00.無	0	00.無	0				592000	29600	201	0	0	0	0	0	
	150	4000	1	1	1	1	1	1.可以交易；0.被PK不掉	1	0	猛略袍	50	1.林沖	02.上衣 - 林沖	05.綠	2	07.怪物掉寶	5000	150	6000150	6100000	6200000	4000150	3ditem_a_001	1	50	1	0	00.無	0		00.無	0	00.無	0				762000	38100	202	0	0	0	0	0	
	151	4000	1	1	1	1	1	1.可以交易；0.被PK不掉	1	0	猛略鞋	50	1.林沖	03.褲子 - 林沖	05.綠	2	07.怪物掉寶	5000	151	6000151	6100000	6200000	4000151	3ditem_a_001	1	50	1	0	00.無	0		00.無	0	00.無	0				677000	33850	203	0	0	0	0	0	
	152	4000	1	1	1	1	1	1.可以交易；0.被PK不掉	1	0	猛略銅槍	50	1.林沖	04.武器 - 林沖	05.綠	2	07.怪物掉寶	5000	152	6000152	6100000	6200000	4000152	3ditem_a_001	1	50	1	0	00.無	0		00.無	0	00.無	0				1269000	63450	204	0	0	0	0	0	
	153	4000	1	1	1	1	1	1.可以交易；0.被PK不掉	1	0	歷練帽	50	1.林沖	01.帽子 - 林沖	06.藍	3	12.收集品交換	5000	153	6000153	6100000	6200000	4000153	3ditem_a_001	1	50	1	0	00.無	0		00.無	0	00.無	0				592000	29600	201	0	0	0	0	0	
	154	4000	1	1	1	1	1	1.可以交易；0.被PK不掉	1	0	歷練袍	50	1.林沖	02.上衣 - 林沖	06.藍	3	12.收集品交換	5000	154	6000154	6100000	6200000	4000154	3ditem_a_001	1	50	1	0	00.無	0		00.無	0	00.無	0				762000	38100	202	0	0	0	0	0	
	155	4000	1	1	1	1	1	1.可以交易；0.被PK不掉	1	0	歷練鞋	50	1.林沖	03.褲子 - 林沖	06.藍	3	12.收集品交換	5000	155	6000155	6100000	6200000	4000155	3ditem_a_001	1	50	1	0	00.無	0		00.無	0	00.無	0				677000	33850	203	0	0	0	0	0	
	156	4000	1	1	1	1	1	1.可以交易；0.被PK不掉	1	0	歷練銀槍	50	1.林沖	04.武器 - 林沖	06.藍	3	12.收集品交換	5000	156	6000156	6100000	6200000	4000156	3ditem_a_001	1	50	1	0	00.無	0		00.無	0	00.無	0				1269000	63450	204	0	0	0	0	0	
	157	4000	1	1	1	1	0	1.可以交易；1.被PK會掉	1	1	豺狼帽	55	1.林沖	01.帽子 - 林沖	03.灰	0	07.怪物掉寶	5000	157	6000157	6100000	6200000	4000157	3ditem_a_001	1	55	1	0	00.無	0		00.無	0	00.無	0				929000	46450	201	0	0	0	0	0	
	158	4000	1	1	1	1	0	1.可以交易；1.被PK會掉	1	1	豺狼袍	55	1.林沖	02.上衣 - 林沖	03.灰	0	07.怪物掉寶	5000	158	6000158	6100000	6200000	4000158	3ditem_a_001	1	55	1	0	00.無	0		00.無	0	00.無	0				1194000	59700	202	0	0	0	0	0	
	159	4000	1	1	1	1	0	1.可以交易；1.被PK會掉	1	1	豺狼鞋	55	1.林沖	03.褲子 - 林沖	03.灰	0	07.怪物掉寶	5000	159	6000159	6100000	6200000	4000159	3ditem_a_001	1	55	1	0	00.無	0		00.無	0	00.無	0				1061000	53050	203	0	0	0	0	0	
	160	4000	1	1	1	1	0	1.可以交易；1.被PK會掉	1	1	豺狼木槍	55	1.林沖	04.武器 - 林沖	03.灰	0	07.怪物掉寶	5000	160	6000160	6100000	6200000	4000160	3ditem_a_001	1	55	1	0	00.無	0		00.無	0	00.無	0				1990000	99500	204	0	0	0	0	0	
	161	4000	1	1	1	1	0	1.可以交易；1.被PK會掉	1	1	孤狼帽	55	1.林沖	01.帽子 - 林沖	04.白	1	03.商店購買	5000	161	6000161	6100000	6200000	4000161	3ditem_a_001	1	55	1	0	00.無	0		00.無	0	00.無	0				929000	92900	201	0	0	0	0	0	
	162	4000	1	1	1	1	0	1.可以交易；1.被PK會掉	1	1	孤狼袍	55	1.林沖	02.上衣 - 林沖	04.白	1	03.商店購買	5000	162	6000162	6100000	6200000	4000162	3ditem_a_001	1	55	1	0	00.無	0		00.無	0	00.無	0				1194000	119400	202	0	0	0	0	0	
	163	4000	1	1	1	1	0	1.可以交易；1.被PK會掉	1	1	孤狼鞋	55	1.林沖	03.褲子 - 林沖	04.白	1	03.商店購買	5000	163	6000163	6100000	6200000	4000163	3ditem_a_001	1	55	1	0	00.無	0		00.無	0	00.無	0				1061000	106100	203	0	0	0	0	0	
	164	4000	1	1	1	1	0	1.可以交易；1.被PK會掉	1	1	孤狼鐵槍	55	1.林沖	04.武器 - 林沖	04.白	1	03.商店購買	5000	164	6000164	6100000	6200000	4000164	3ditem_a_001	1	55	1	0	00.無	0		00.無	0	00.無	0				1990000	199000	204	0	0	0	0	0	
	165	4000	1	1	1	1	1	1.可以交易；0.被PK不掉	1	0	銀狐帽	55	1.林沖	01.帽子 - 林沖	05.綠	2	07.怪物掉寶	5000	165	6000165	6100000	6200000	4000165	3ditem_a_001	1	55	1	0	00.無	0		00.無	0	00.無	0				929000	46450	201	0	0	0	0	0	
	166	4000	1	1	1	1	1	1.可以交易；0.被PK不掉	1	0	銀狐袍	55	1.林沖	02.上衣 - 林沖	05.綠	2	07.怪物掉寶	5000	166	6000166	6100000	6200000	4000166	3ditem_a_001	1	55	1	0	00.無	0		00.無	0	00.無	0				1194000	59700	202	0	0	0	0	0	
	167	4000	1	1	1	1	1	1.可以交易；0.被PK不掉	1	0	銀狐鞋	55	1.林沖	03.褲子 - 林沖	05.綠	2	07.怪物掉寶	5000	167	6000167	6100000	6200000	4000167	3ditem_a_001	1	55	1	0	00.無	0		00.無	0	00.無	0				1061000	53050	203	0	0	0	0	0	
	168	4000	1	1	1	1	1	1.可以交易；0.被PK不掉	1	0	銀狐銅槍	55	1.林沖	04.武器 - 林沖	05.綠	2	07.怪物掉寶	5000	168	6000168	6100000	6200000	4000168	3ditem_a_001	1	55	1	0	00.無	0		00.無	0	00.無	0				1990000	99500	204	0	0	0	0	0	
	169	4000	1	1	1	1	1	0.不可交易；0.被PK不掉	0	0	犬嘯帽	55	1.林沖	01.帽子 - 林沖	06.藍	3	12.收集品交換	5000	169	6000169	6100000	6200000	4000169	3ditem_a_001	1	55	1	0	00.無	0		00.無	0	00.無	0				929000	46450	201	0	0	0	0	0	
	170	4000	1	1	1	1	1	0.不可交易；0.被PK不掉	0	0	犬嘯袍	55	1.林沖	02.上衣 - 林沖	06.藍	3	12.收集品交換	5000	170	6000170	6100000	6200000	4000170	3ditem_a_001	1	55	1	0	00.無	0		00.無	0	00.無	0				1194000	59700	202	0	0	0	0	0	
	171	4000	1	1	1	1	1	0.不可交易；0.被PK不掉	0	0	犬嘯鞋	55	1.林沖	03.褲子 - 林沖	06.藍	3	12.收集品交換	5000	171	6000171	6100000	6200000	4000171	3ditem_a_001	1	55	1	0	00.無	0		00.無	0	00.無	0				1061000	53050	203	0	0	0	0	0	
	172	4000	1	1	1	1	1	0.不可交易；0.被PK不掉	0	0	犬嘯銀槍	55	1.林沖	04.武器 - 林沖	06.藍	3	12.收集品交換	5000	172	6000172	6100000	6200000	4000172	3ditem_a_001	1	55	1	0	00.無	0		00.無	0	00.無	0				1990000	99500	204	0	0	0	0	0	
	173	4000	1	1	1	1	0	1.可以交易；1.被PK會掉	1	1	碎石帽	60	1.林沖	01.帽子 - 林沖	03.灰	0	07.怪物掉寶	5000	173	6000173	6100000	6200000	4000173	3ditem_a_001	1	60	1	0	00.無	0		00.無	0	00.無	0				1407000	70350	201	0	0	0	0	0	
	174	4000	1	1	1	1	0	1.可以交易；1.被PK會掉	1	1	碎石袍	60	1.林沖	02.上衣 - 林沖	03.灰	0	07.怪物掉寶	5000	174	6000174	6100000	6200000	4000174	3ditem_a_001	1	60	1	0	00.無	0		00.無	0	00.無	0				1809000	90450	202	0	0	0	0	0	
	175	4000	1	1	1	1	0	1.可以交易；1.被PK會掉	1	1	碎石鞋	60	1.林沖	03.褲子 - 林沖	03.灰	0	07.怪物掉寶	5000	175	6000175	6100000	6200000	4000175	3ditem_a_001	1	60	1	0	00.無	0		00.無	0	00.無	0				1608000	80400	203	0	0	0	0	0	
	176	4000	1	1	1	1	0	1.可以交易；1.被PK會掉	1	1	碎石木槍	60	1.林沖	04.武器 - 林沖	03.灰	0	07.怪物掉寶	5000	176	6000176	6100000	6200000	4000176	3ditem_a_001	1	60	1	0	00.無	0		00.無	0	00.無	0				3015000	150750	204	0	0	0	0	0	
	177	4000	1	1	1	1	0	1.可以交易；1.被PK會掉	1	1	青石帽	60	1.林沖	01.帽子 - 林沖	04.白	1	03.商店購買	5000	177	6000177	6100000	6200000	4000177	3ditem_a_001	1	60	1	0	00.無	0		00.無	0	00.無	0				1407000	140700	201	0	0	0	0	0	
	178	4000	1	1	1	1	0	1.可以交易；1.被PK會掉	1	1	青石袍	60	1.林沖	02.上衣 - 林沖	04.白	1	03.商店購買	5000	178	6000178	6100000	6200000	4000178	3ditem_a_001	1	60	1	0	00.無	0		00.無	0	00.無	0				1809000	180900	202	0	0	0	0	0	
	179	4000	1	1	1	1	0	1.可以交易；1.被PK會掉	1	1	青石鞋	60	1.林沖	03.褲子 - 林沖	04.白	1	03.商店購買	5000	179	6000179	6100000	6200000	4000179	3ditem_a_001	1	60	1	0	00.無	0		00.無	0	00.無	0				1608000	160800	203	0	0	0	0	0	
	180	4000	1	1	1	1	0	1.可以交易；1.被PK會掉	1	1	青石鐵槍	60	1.林沖	04.武器 - 林沖	04.白	1	03.商店購買	5000	180	6000180	6100000	6200000	4000180	3ditem_a_001	1	60	1	0	00.無	0		00.無	0	00.無	0				3015000	301500	204	0	0	0	0	0	
	181	4000	1	1	1	1	1	1.可以交易；0.被PK不掉	1	0	巨石帽	60	1.林沖	01.帽子 - 林沖	05.綠	2	07.怪物掉寶	5000	181	6000181	6100000	6200000	4000181	3ditem_a_001	1	60	1	0	00.無	0		00.無	0	00.無	0				1407000	70350	201	0	0	0	0	0	
	182	4000	1	1	1	1	1	1.可以交易；0.被PK不掉	1	0	巨石袍	60	1.林沖	02.上衣 - 林沖	05.綠	2	07.怪物掉寶	5000	182	6000182	6100000	6200000	4000182	3ditem_a_001	1	60	1	0	00.無	0		00.無	0	00.無	0				1809000	90450	202	0	0	0	0	0	
	183	4000	1	1	1	1	1	1.可以交易；0.被PK不掉	1	0	巨石鞋	60	1.林沖	03.褲子 - 林沖	05.綠	2	07.怪物掉寶	5000	183	6000183	6100000	6200000	4000183	3ditem_a_001	1	60	1	0	00.無	0		00.無	0	00.無	0				1608000	80400	203	0	0	0	0	0	
	184	4000	1	1	1	1	1	1.可以交易；0.被PK不掉	1	0	巨石銅槍	60	1.林沖	04.武器 - 林沖	05.綠	2	07.怪物掉寶	5000	184	6000184	6100000	6200000	4000184	3ditem_a_001	1	60	1	0	00.無	0		00.無	0	00.無	0				3015000	150750	204	0	0	0	0	0	
	185	4000	1	1	1	1	1	1.可以交易；0.被PK不掉	1	0	隕石帽	60	1.林沖	01.帽子 - 林沖	06.藍	3	12.收集品交換	5000	185	6000185	6100000	6200000	4000185	3ditem_a_001	1	60	1	0	00.無	0		00.無	0	00.無	0				1407000	70350	201	0	0	0	0	0	
	186	4000	1	1	1	1	1	1.可以交易；0.被PK不掉	1	0	隕石袍	60	1.林沖	02.上衣 - 林沖	06.藍	3	12.收集品交換	5000	186	6000186	6100000	6200000	4000186	3ditem_a_001	1	60	1	0	00.無	0		00.無	0	00.無	0				1809000	90450	202	0	0	0	0	0	
	187	4000	1	1	1	1	1	1.可以交易；0.被PK不掉	1	0	隕石鞋	60	1.林沖	03.褲子 - 林沖	06.藍	3	12.收集品交換	5000	187	6000187	6100000	6200000	4000187	3ditem_a_001	1	60	1	0	00.無	0		00.無	0	00.無	0				1608000	80400	203	0	0	0	0	0	
	188	4000	1	1	1	1	1	1.可以交易；0.被PK不掉	1	0	隕石銀槍	60	1.林沖	04.武器 - 林沖	06.藍	3	12.收集品交換	5000	188	6000188	6100000	6200000	4000188	3ditem_a_001	1	60	1	0	00.無	0		00.無	0	00.無	0				3015000	150750	204	0	0	0	0	0	
	189	4000	1	1	1	1	1	1.可以交易；0.被PK不掉	1	0	骷髏帽	55	1.林沖	01.帽子 - 林沖	07.紫	4	07.怪物掉寶	5000	189	6000189	6100000	6200000	4000189	3ditem_a_001	1	55	1	0	00.無	0		00.無	0	00.無	0				929000	46450	201	0	0	0	0	0	
	190	4000	1	1	1	1	1	1.可以交易；0.被PK不掉	1	0	骷髏袍	55	1.林沖	02.上衣 - 林沖	07.紫	4	07.怪物掉寶	5000	190	6000190	6100000	6200000	4000190	3ditem_a_001	1	55	1	0	00.無	0		00.無	0	00.無	0				1194000	59700	202	0	0	0	0	0	
	191	4000	1	1	1	1	1	1.可以交易；0.被PK不掉	1	0	骷髏鞋	55	1.林沖	03.褲子 - 林沖	07.紫	4	07.怪物掉寶	5000	191	6000191	6100000	6200000	4000191	3ditem_a_001	1	55	1	0	00.無	0		00.無	0	00.無	0				1061000	53050	203	0	0	0	0	0	
	192	4000	1	1	1	1	1	1.可以交易；0.被PK不掉	1	0	骷髏金槍	55	1.林沖	04.武器 - 林沖	07.紫	4	07.怪物掉寶	5000	192	6000192	6100000	6200000	4000192	3ditem_a_001	1	55	1	0	00.無	0		00.無	0	00.無	0				1990000	99500	204	0	0	0	0	0	
#	193	4000	0	1	1	1	0	1.可以交易；1.被PK會掉	1	1	邊塞帽	65	1.林沖	01.帽子 - 林沖	03.灰	0	07.怪物掉寶	5000	193	6000193	6100000	6200000	4000193	3ditem_a_001	1	65	1	0	00.無	0		00.無	0	00.無	0				2090000	104500	201	0	0	0	0	0	
#	194	4000	0	1	1	1	0	1.可以交易；1.被PK會掉	1	1	邊塞袍	65	1.林沖	02.上衣 - 林沖	03.灰	0	07.怪物掉寶	5000	194	6000194	6100000	6200000	4000194	3ditem_a_001	1	65	1	0	00.無	0		00.無	0	00.無	0				2680000	134000	202	0	0	0	0	0	
#	195	4000	0	1	1	1	0	1.可以交易；1.被PK會掉	1	1	邊塞鞋	65	1.林沖	03.褲子 - 林沖	03.灰	0	07.怪物掉寶	5000	195	6000195	6100000	6200000	4000195	3ditem_a_001	1	65	1	0	00.無	0		00.無	0	00.無	0				2390000	119500	203	0	0	0	0	0	
#	196	4000	0	1	1	1	0	1.可以交易；1.被PK會掉	1	1	邊塞木槍	65	1.林沖	04.武器 - 林沖	03.灰	0	07.怪物掉寶	5000	196	6000196	6100000	6200000	4000196	3ditem_a_001	1	65	1	0	00.無	0		00.無	0	00.無	0				4470000	223500	204	0	0	0	0	0	
#	197	4000	0	1	1	1	0	1.可以交易；1.被PK會掉	1	1	民族帽	65	1.林沖	01.帽子 - 林沖	04.白	1	03.商店購買	5000	197	6000197	6100000	6200000	4000197	3ditem_a_001	1	65	1	0	00.無	0		00.無	0	00.無	0				2090000	209000	201	0	0	0	0	0	
#	198	4000	0	1	1	1	0	1.可以交易；1.被PK會掉	1	1	民族袍	65	1.林沖	02.上衣 - 林沖	04.白	1	03.商店購買	5000	198	6000198	6100000	6200000	4000198	3ditem_a_001	1	65	1	0	00.無	0		00.無	0	00.無	0				2680000	268000	202	0	0	0	0	0	
#	199	4000	0	1	1	1	0	1.可以交易；1.被PK會掉	1	1	民族鞋	65	1.林沖	03.褲子 - 林沖	04.白	1	03.商店購買	5000	199	6000199	6100000	6200000	4000199	3ditem_a_001	1	65	1	0	00.無	0		00.無	0	00.無	0				2390000	239000	203	0	0	0	0	0	
#	200	4000	0	1	1	1	0	1.可以交易；1.被PK會掉	1	1	民族鐵槍	65	1.林沖	04.武器 - 林沖	04.白	1	03.商店購買	5000	200	6000200	6100000	6200000	4000200	3ditem_a_001	1	65	1	0	00.無	0		00.無	0	00.無	0				4470000	447000	204	0	0	0	0	0	
#	201	4000	0	1	1	1	1	1.可以交易；0.被PK不掉	1	0	潛行帽	65	1.林沖	01.帽子 - 林沖	05.綠	2	07.怪物掉寶	5000	201	6000201	6100000	6200000	4000201	3ditem_a_001	1	65	1	0	00.無	0		00.無	0	00.無	0				2090000	104500	201	0	0	0	0	0	
#	202	4000	0	1	1	1	1	1.可以交易；0.被PK不掉	1	0	潛行袍	65	1.林沖	02.上衣 - 林沖	05.綠	2	07.怪物掉寶	5000	202	6000202	6100000	6200000	4000202	3ditem_a_001	1	65	1	0	00.無	0		00.無	0	00.無	0				2680000	134000	202	0	0	0	0	0	
#	203	4000	0	1	1	1	1	1.可以交易；0.被PK不掉	1	0	潛行鞋	65	1.林沖	03.褲子 - 林沖	05.綠	2	07.怪物掉寶	5000	203	6000203	6100000	6200000	4000203	3ditem_a_001	1	65	1	0	00.無	0		00.無	0	00.無	0				2390000	119500	203	0	0	0	0	0	
#	204	4000	0	1	1	1	1	1.可以交易；0.被PK不掉	1	0	潛行鐵槍	65	1.林沖	04.武器 - 林沖	05.綠	2	07.怪物掉寶	5000	204	6000204	6100000	6200000	4000204	3ditem_a_001	1	65	1	0	00.無	0		00.無	0	00.無	0				4470000	223500	204	0	0	0	0	0	
#	205	4000	0	1	1	1	1	1.可以交易；0.被PK不掉	1	0	月夜隱帽	65	1.林沖	01.帽子 - 林沖	06.藍	3	12.收集品交換	5000	205	6000205	6100000	6200000	4000205	3ditem_a_001	1	65	1	0	00.無	0		00.無	0	00.無	0				2090000	104500	201	0	0	0	0	0	
#	206	4000	0	1	1	1	1	1.可以交易；0.被PK不掉	1	0	月夜隱袍	65	1.林沖	02.上衣 - 林沖	06.藍	3	12.收集品交換	5000	206	6000206	6100000	6200000	4000206	3ditem_a_001	1	65	1	0	00.無	0		00.無	0	00.無	0				2680000	134000	202	0	0	0	0	0	
#	207	4000	0	1	1	1	1	1.可以交易；0.被PK不掉	1	0	月夜隱鞋	65	1.林沖	03.褲子 - 林沖	06.藍	3	12.收集品交換	5000	207	6000207	6100000	6200000	4000207	3ditem_a_001	1	65	1	0	00.無	0		00.無	0	00.無	0				2390000	119500	203	0	0	0	0	0	
#	208	4000	0	1	1	1	1	1.可以交易；0.被PK不掉	1	0	月夜銀槍	65	1.林沖	04.武器 - 林沖	06.藍	3	12.收集品交換	5000	208	6000208	6100000	6200000	4000208	3ditem_a_001	1	65	1	0	00.無	0		00.無	0	00.無	0				4470000	223500	204	0	0	0	0	0	
#	209	4000	0	1	1	1	0	1.可以交易；1.被PK會掉	1	1	功夫帽	70	1.林沖	01.帽子 - 林沖	03.灰	0	07.怪物掉寶	5000	209	6000209	6100000	6200000	4000209	3ditem_a_001	1	70	1	0	00.無	0		00.無	0	00.無	0				2380000	119000	201	0	0	0	0	0	
#	210	4000	0	1	1	1	0	1.可以交易；1.被PK會掉	1	1	功夫袍	70	1.林沖	02.上衣 - 林沖	03.灰	0	07.怪物掉寶	5000	210	6000210	6100000	6200000	4000210	3ditem_a_001	1	70	1	0	00.無	0		00.無	0	00.無	0				3060000	153000	202	0	0	0	0	0	
#	211	4000	0	1	1	1	0	1.可以交易；1.被PK會掉	1	1	功夫鞋	70	1.林沖	03.褲子 - 林沖	03.灰	0	07.怪物掉寶	5000	211	6000211	6100000	6200000	4000211	3ditem_a_001	1	70	1	0	00.無	0		00.無	0	00.無	0				2720000	136000	203	0	0	0	0	0	
#	212	4000	0	1	1	1	0	1.可以交易；1.被PK會掉	1	1	功夫木槍	70	1.林沖	04.武器 - 林沖	03.灰	0	07.怪物掉寶	5000	212	6000212	6100000	6200000	4000212	3ditem_a_001	1	70	1	0	00.無	0		00.無	0	00.無	0				5090000	254500	204	0	0	0	0	0	
#	213	4000	0	1	1	1	0	1.可以交易；1.被PK會掉	1	1	正氣帽	70	1.林沖	01.帽子 - 林沖	04.白	1	03.商店購買	5000	213	6000213	6100000	6200000	4000213	3ditem_a_001	1	70	1	0	00.無	0		00.無	0	00.無	0				2380000	238000	201	0	0	0	0	0	
#	214	4000	0	1	1	1	0	1.可以交易；1.被PK會掉	1	1	正氣袍	70	1.林沖	02.上衣 - 林沖	04.白	1	03.商店購買	5000	214	6000214	6100000	6200000	4000214	3ditem_a_001	1	70	1	0	00.無	0		00.無	0	00.無	0				3060000	306000	202	0	0	0	0	0	
#	215	4000	0	1	1	1	0	1.可以交易；1.被PK會掉	1	1	正氣鞋	70	1.林沖	03.褲子 - 林沖	04.白	1	03.商店購買	5000	215	6000215	6100000	6200000	4000215	3ditem_a_001	1	70	1	0	00.無	0		00.無	0	00.無	0				2720000	272000	203	0	0	0	0	0	
#	216	4000	0	1	1	1	0	1.可以交易；1.被PK會掉	1	1	正氣鐵槍	70	1.林沖	04.武器 - 林沖	04.白	1	03.商店購買	5000	216	6000216	6100000	6200000	4000216	3ditem_a_001	1	70	1	0	00.無	0		00.無	0	00.無	0				5090000	509000	204	0	0	0	0	0	
#	217	4000	0	1	1	1	1	1.可以交易；0.被PK不掉	1	0	江南帽	70	1.林沖	01.帽子 - 林沖	05.綠	2	07.怪物掉寶	5000	217	6000217	6100000	6200000	4000217	3ditem_a_001	1	70	1	0	00.無	0		00.無	0	00.無	0				2380000	119000	201	0	0	0	0	0	
#	218	4000	0	1	1	1	1	1.可以交易；0.被PK不掉	1	0	江南袍	70	1.林沖	02.上衣 - 林沖	05.綠	2	07.怪物掉寶	5000	218	6000218	6100000	6200000	4000218	3ditem_a_001	1	70	1	0	00.無	0		00.無	0	00.無	0				3060000	153000	202	0	0	0	0	0	
#	219	4000	0	1	1	1	1	1.可以交易；0.被PK不掉	1	0	江南鞋	70	1.林沖	03.褲子 - 林沖	05.綠	2	07.怪物掉寶	5000	219	6000219	6100000	6200000	4000219	3ditem_a_001	1	70	1	0	00.無	0		00.無	0	00.無	0				2720000	136000	203	0	0	0	0	0	
#	220	4000	0	1	1	1	1	1.可以交易；0.被PK不掉	1	0	江南銅槍	70	1.林沖	04.武器 - 林沖	05.綠	2	07.怪物掉寶	5000	220	6000220	6100000	6200000	4000220	3ditem_a_001	1	70	1	0	00.無	0		00.無	0	00.無	0				5090000	254500	204	0	0	0	0	0	
#	221	4000	0	1	1	1	1	1.可以交易；0.被PK不掉	1	0	波紋帽	70	1.林沖	01.帽子 - 林沖	06.藍	3	12.收集品交換	5000	221	6000221	6100000	6200000	4000221	3ditem_a_001	1	70	1	0	00.無	0		00.無	0	00.無	0				2380000	119000	201	0	0	0	0	0	
#	222	4000	0	1	1	1	1	1.可以交易；0.被PK不掉	1	0	波紋袍	70	1.林沖	02.上衣 - 林沖	06.藍	3	12.收集品交換	5000	222	6000222	6100000	6200000	4000222	3ditem_a_001	1	70	1	0	00.無	0		00.無	0	00.無	0				3060000	153000	202	0	0	0	0	0	
#	223	4000	0	1	1	1	1	1.可以交易；0.被PK不掉	1	0	波紋鞋	70	1.林沖	03.褲子 - 林沖	06.藍	3	12.收集品交換	5000	223	6000223	6100000	6200000	4000223	3ditem_a_001	1	70	1	0	00.無	0		00.無	0	00.無	0				2720000	136000	203	0	0	0	0	0	
#	224	4000	0	1	1	1	1	1.可以交易；0.被PK不掉	1	0	波紋銀槍	70	1.林沖	04.武器 - 林沖	06.藍	3	12.收集品交換	5000	224	6000224	6100000	6200000	4000224	3ditem_a_001	1	70	1	0	00.無	0		00.無	0	00.無	0				5090000	254500	204	0	0	0	0	0	
#	225	4000	0	1	1	1	0	1.可以交易；1.被PK會掉	1	1	戰功帽	75	1.林沖	01.帽子 - 林沖	03.灰	0	07.怪物掉寶	5000	225	6000225	6100000	6200000	4000225	3ditem_a_001	1	75	1	0	00.無	0		00.無	0	00.無	0				1	1	201	0	0	0	0	0	
#	226	4000	0	1	1	1	0	1.可以交易；1.被PK會掉	1	1	戰功袍	75	1.林沖	02.上衣 - 林沖	03.灰	0	07.怪物掉寶	5000	226	6000226	6100000	6200000	4000226	3ditem_a_001	1	75	1	0	00.無	0		00.無	0	00.無	0				1	1	202	0	0	0	0	0	
#	227	4000	0	1	1	1	0	1.可以交易；1.被PK會掉	1	1	戰功鞋	75	1.林沖	03.褲子 - 林沖	03.灰	0	07.怪物掉寶	5000	227	6000227	6100000	6200000	4000227	3ditem_a_001	1	75	1	0	00.無	0		00.無	0	00.無	0				1	1	203	0	0	0	0	0	
#	228	4000	0	1	1	1	0	1.可以交易；1.被PK會掉	1	1	戰功木槍	75	1.林沖	04.武器 - 林沖	03.灰	0	07.怪物掉寶	5000	228	6000228	6100000	6200000	4000228	3ditem_a_001	1	75	1	0	00.無	0		00.無	0	00.無	0				1	1	204	0	0	0	0	0	
#	229	4000	0	1	1	1	0	1.可以交易；1.被PK會掉	1	1	奔騰帽	75	1.林沖	01.帽子 - 林沖	04.白	1	03.商店購買	5000	229	6000229	6100000	6200000	4000229	3ditem_a_001	1	75	1	0	00.無	0		00.無	0	00.無	0				1	1	201	0	0	0	0	0	
#	230	4000	0	1	1	1	0	1.可以交易；1.被PK會掉	1	1	奔騰袍	75	1.林沖	02.上衣 - 林沖	04.白	1	03.商店購買	5000	230	6000230	6100000	6200000	4000230	3ditem_a_001	1	75	1	0	00.無	0		00.無	0	00.無	0				1	1	202	0	0	0	0	0	
#	231	4000	0	1	1	1	0	1.可以交易；1.被PK會掉	1	1	奔騰鞋	75	1.林沖	03.褲子 - 林沖	04.白	1	03.商店購買	5000	231	6000231	6100000	6200000	4000231	3ditem_a_001	1	75	1	0	00.無	0		00.無	0	00.無	0				1	1	203	0	0	0	0	0	
#	232	4000	0	1	1	1	0	1.可以交易；1.被PK會掉	1	1	奔騰銅槍	75	1.林沖	04.武器 - 林沖	04.白	1	03.商店購買	5000	232	6000232	6100000	6200000	4000232	3ditem_a_001	1	75	1	0	00.無	0		00.無	0	00.無	0				1	1	204	0	0	0	0	0	
#	233	4000	0	1	1	1	1	1.可以交易；0.被PK不掉	1	0	鐵騎帽	75	1.林沖	01.帽子 - 林沖	05.綠	2	07.怪物掉寶	5000	233	6000233	6100000	6200000	4000233	3ditem_a_001	1	75	1	0	00.無	0		00.無	0	00.無	0				1	1	201	0	0	0	0	0	
#	234	4000	0	1	1	1	1	1.可以交易；0.被PK不掉	1	0	鐵騎袍	75	1.林沖	02.上衣 - 林沖	05.綠	2	07.怪物掉寶	5000	234	6000234	6100000	6200000	4000234	3ditem_a_001	1	75	1	0	00.無	0		00.無	0	00.無	0				1	1	202	0	0	0	0	0	
#	235	4000	0	1	1	1	1	1.可以交易；0.被PK不掉	1	0	鐵騎鞋	75	1.林沖	03.褲子 - 林沖	05.綠	2	07.怪物掉寶	5000	235	6000235	6100000	6200000	4000235	3ditem_a_001	1	75	1	0	00.無	0		00.無	0	00.無	0				1	1	203	0	0	0	0	0	
#	236	4000	0	1	1	1	1	1.可以交易；0.被PK不掉	1	0	鐵騎銅槍	75	1.林沖	04.武器 - 林沖	05.綠	2	07.怪物掉寶	5000	236	6000236	6100000	6200000	4000236	3ditem_a_001	1	75	1	0	00.無	0		00.無	0	00.無	0				1	1	204	0	0	0	0	0	
#	237	4000	0	1	1	1	1	1.可以交易；0.被PK不掉	1	0	霸王帽	75	1.林沖	01.帽子 - 林沖	06.藍	3	12.收集品交換	5000	237	6000237	6100000	6200000	4000237	3ditem_a_001	1	75	1	0	00.無	0		00.無	0	00.無	0				1	1	201	0	0	0	0	0	
#	238	4000	0	1	1	1	1	1.可以交易；0.被PK不掉	1	0	霸王袍	75	1.林沖	02.上衣 - 林沖	06.藍	3	12.收集品交換	5000	238	6000238	6100000	6200000	4000238	3ditem_a_001	1	75	1	0	00.無	0		00.無	0	00.無	0				1	1	202	0	0	0	0	0	
#	239	4000	0	1	1	1	1	1.可以交易；0.被PK不掉	1	0	霸王鞋	75	1.林沖	03.褲子 - 林沖	06.藍	3	12.收集品交換	5000	239	6000239	6100000	6200000	4000239	3ditem_a_001	1	75	1	0	00.無	0		00.無	0	00.無	0				1	1	203	0	0	0	0	0	
#	240	4000	0	1	1	1	1	1.可以交易；0.被PK不掉	1	0	霸王銀槍	75	1.林沖	04.武器 - 林沖	06.藍	3	12.收集品交換	5000	240	6000240	6100000	6200000	4000240	3ditem_a_001	1	75	1	0	00.無	0		00.無	0	00.無	0				1	1	204	0	0	0	0	0	
#	241	4000	0	1	1	1	0	1.可以交易；1.被PK會掉	1	1	西藏帽	80	1.林沖	01.帽子 - 林沖	03.灰	0	07.怪物掉寶	5000	241	6000241	6100000	6200000	4000241	3ditem_a_001	1	80	1	0	00.無	0		00.無	0	00.無	0				1	1	201	0	0	0	0	0	
#	242	4000	0	1	1	1	0	1.可以交易；1.被PK會掉	1	1	西藏袍	80	1.林沖	02.上衣 - 林沖	03.灰	0	07.怪物掉寶	5000	242	6000242	6100000	6200000	4000242	3ditem_a_001	1	80	1	0	00.無	0		00.無	0	00.無	0				1	1	202	0	0	0	0	0	
#	243	4000	0	1	1	1	0	1.可以交易；1.被PK會掉	1	1	西藏鞋	80	1.林沖	03.褲子 - 林沖	03.灰	0	07.怪物掉寶	5000	243	6000243	6100000	6200000	4000243	3ditem_a_001	1	80	1	0	00.無	0		00.無	0	00.無	0				1	1	203	0	0	0	0	0	
#	244	4000	0	1	1	1	0	1.可以交易；1.被PK會掉	1	1	西藏木槍	80	1.林沖	04.武器 - 林沖	03.灰	0	07.怪物掉寶	5000	244	6000244	6100000	6200000	4000244	3ditem_a_001	1	80	1	0	00.無	0		00.無	0	00.無	0				1	1	204	0	0	0	0	0	
#	245	4000	0	1	1	1	0	1.可以交易；1.被PK會掉	1	1	誘敵帽	80	1.林沖	01.帽子 - 林沖	04.白	1	03.商店購買	5000	245	6000245	6100000	6200000	4000245	3ditem_a_001	1	80	1	0	00.無	0		00.無	0	00.無	0				1	1	201	0	0	0	0	0	
#	246	4000	0	1	1	1	0	1.可以交易；1.被PK會掉	1	1	誘敵袍	80	1.林沖	02.上衣 - 林沖	04.白	1	03.商店購買	5000	246	6000246	6100000	6200000	4000246	3ditem_a_001	1	80	1	0	00.無	0		00.無	0	00.無	0				1	1	202	0	0	0	0	0	
#	247	4000	0	1	1	1	0	1.可以交易；1.被PK會掉	1	1	誘敵鞋	80	1.林沖	03.褲子 - 林沖	04.白	1	03.商店購買	5000	247	6000247	6100000	6200000	4000247	3ditem_a_001	1	80	1	0	00.無	0		00.無	0	00.無	0				1	1	203	0	0	0	0	0	
#	248	4000	0	1	1	1	0	1.可以交易；1.被PK會掉	1	1	誘敵鐵槍	80	1.林沖	04.武器 - 林沖	04.白	1	03.商店購買	5000	248	6000248	6100000	6200000	4000248	3ditem_a_001	1	80	1	0	00.無	0		00.無	0	00.無	0				1	1	204	0	0	0	0	0	
#	249	4000	0	1	1	1	1	1.可以交易；0.被PK不掉	1	0	武裝帽	80	1.林沖	01.帽子 - 林沖	05.綠	2	07.怪物掉寶	5000	249	6000249	6100000	6200000	4000249	3ditem_a_001	1	80	1	0	00.無	0		00.無	0	00.無	0				1	1	201	0	0	0	0	0	
#	250	4000	0	1	1	1	1	1.可以交易；0.被PK不掉	1	0	武裝袍	80	1.林沖	02.上衣 - 林沖	05.綠	2	07.怪物掉寶	5000	250	6000250	6100000	6200000	4000250	3ditem_a_001	1	80	1	0	00.無	0		00.無	0	00.無	0				1	1	202	0	0	0	0	0	
#	251	4000	0	1	1	1	1	1.可以交易；0.被PK不掉	1	0	武裝鞋	80	1.林沖	03.褲子 - 林沖	05.綠	2	07.怪物掉寶	5000	251	6000251	6100000	6200000	4000251	3ditem_a_001	1	80	1	0	00.無	0		00.無	0	00.無	0				1	1	203	0	0	0	0	0	
#	252	4000	0	1	1	1	1	1.可以交易；0.被PK不掉	1	0	武裝銅槍	80	1.林沖	04.武器 - 林沖	05.綠	2	07.怪物掉寶	5000	252	6000252	6100000	6200000	4000252	3ditem_a_001	1	80	1	0	00.無	0		00.無	0	00.無	0				1	1	204	0	0	0	0	0	
#	253	4000	0	1	1	1	1	1.可以交易；0.被PK不掉	1	0	成吉思汗帽	80	1.林沖	01.帽子 - 林沖	06.藍	3	12.收集品交換	5000	253	6000253	6100000	6200000	4000253	3ditem_a_001	1	80	1	0	00.無	0		00.無	0	00.無	0				1	1	201	0	0	0	0	0	
#	254	4000	0	1	1	1	1	1.可以交易；0.被PK不掉	1	0	成吉思汗袍	80	1.林沖	02.上衣 - 林沖	06.藍	3	12.收集品交換	5000	254	6000254	6100000	6200000	4000254	3ditem_a_001	1	80	1	0	00.無	0		00.無	0	00.無	0				1	1	202	0	0	0	0	0	
#	255	4000	0	1	1	1	1	1.可以交易；0.被PK不掉	1	0	成吉思汗鞋	80	1.林沖	03.褲子 - 林沖	06.藍	3	12.收集品交換	5000	255	6000255	6100000	6200000	4000255	3ditem_a_001	1	80	1	0	00.無	0		00.無	0	00.無	0				1	1	203	0	0	0	0	0	
#	256	4000	0	1	1	1	1	1.可以交易；0.被PK不掉	1	0	成吉思汗槍	80	1.林沖	04.武器 - 林沖	06.藍	3	12.收集品交換	5000	256	6000256	6100000	6200000	4000256	3ditem_a_001	1	80	1	0	00.無	0		00.無	0	00.無	0				1	1	204	0	0	0	0	0	
#	257	4000	0	1	1	1	1	1.可以交易；0.被PK不掉	1	0	不動明王冠	80	1.林沖	01.帽子 - 林沖	07.紫	4	07.怪物掉寶	5000	257	6000257	6100000	6200000	4000257	3ditem_a_001	1	80	1	0	00.無	0		00.無	0	00.無	0				1	1	201	0	0	0	0	0	
#	258	4000	0	1	1	1	1	1.可以交易；0.被PK不掉	1	0	不動明王袍	80	1.林沖	02.上衣 - 林沖	07.紫	4	07.怪物掉寶	5000	258	6000258	6100000	6200000	4000258	3ditem_a_001	1	80	1	0	00.無	0		00.無	0	00.無	0				1	1	202	0	0	0	0	0	
#	259	4000	0	1	1	1	1	1.可以交易；0.被PK不掉	1	0	不動明王鞋	80	1.林沖	03.褲子 - 林沖	07.紫	4	07.怪物掉寶	5000	259	6000259	6100000	6200000	4000259	3ditem_a_001	1	80	1	0	00.無	0		00.無	0	00.無	0				1	1	203	0	0	0	0	0	
#	260	4000	0	1	1	1	1	1.可以交易；0.被PK不掉	1	0	不動明王金槍	80	1.林沖	04.武器 - 林沖	07.紫	4	07.怪物掉寶	5000	260	6000260	6100000	6200000	4000260	3ditem_a_001	1	80	1	0	00.無	0		00.無	0	00.無	0				1	1	204	0	0	0	0	0	
#	261	4000	0	1	1	1	0	1.可以交易；1.被PK會掉	1	1	輕裝御帽	85	1.林沖	01.帽子 - 林沖	03.灰	0	07.怪物掉寶	5000	261	6000261	6100000	6200000	4000261	3ditem_a_001	1	85	1	0	00.無	0		00.無	0	00.無	0				1	1	201	0	0	0	0	0	
#	262	4000	0	1	1	1	0	1.可以交易；1.被PK會掉	1	1	輕裝御袍	85	1.林沖	02.上衣 - 林沖	03.灰	0	07.怪物掉寶	5000	262	6000262	6100000	6200000	4000262	3ditem_a_001	1	85	1	0	00.無	0		00.無	0	00.無	0				1	1	202	0	0	0	0	0	
#	263	4000	0	1	1	1	0	1.可以交易；1.被PK會掉	1	1	輕裝御鞋	85	1.林沖	03.褲子 - 林沖	03.灰	0	07.怪物掉寶	5000	263	6000263	6100000	6200000	4000263	3ditem_a_001	1	85	1	0	00.無	0		00.無	0	00.無	0				1	1	203	0	0	0	0	0	
#	264	4000	0	1	1	1	0	1.可以交易；1.被PK會掉	1	1	輕裝木槍	85	1.林沖	04.武器 - 林沖	03.灰	0	07.怪物掉寶	5000	264	6000264	6100000	6200000	4000264	3ditem_a_001	1	85	1	0	00.無	0		00.無	0	00.無	0				1	1	204	0	0	0	0	0	
#	265	4000	0	1	1	1	0	1.可以交易；1.被PK會掉	1	1	田秧御帽	85	1.林沖	01.帽子 - 林沖	04.白	1	03.商店購買	5000	265	6000265	6100000	6200000	4000265	3ditem_a_001	1	85	1	0	00.無	0		00.無	0	00.無	0				1	1	201	0	0	0	0	0	
#	266	4000	0	1	1	1	0	1.可以交易；1.被PK會掉	1	1	田秧御袍	85	1.林沖	02.上衣 - 林沖	04.白	1	03.商店購買	5000	266	6000266	6100000	6200000	4000266	3ditem_a_001	1	85	1	0	00.無	0		00.無	0	00.無	0				1	1	202	0	0	0	0	0	
#	267	4000	0	1	1	1	0	1.可以交易；1.被PK會掉	1	1	田秧御鞋	85	1.林沖	03.褲子 - 林沖	04.白	1	03.商店購買	5000	267	6000267	6100000	6200000	4000267	3ditem_a_001	1	85	1	0	00.無	0		00.無	0	00.無	0				1	1	203	0	0	0	0	0	
#	268	4000	0	1	1	1	0	1.可以交易；1.被PK會掉	1	1	田秧鐵槍	85	1.林沖	04.武器 - 林沖	04.白	1	03.商店購買	5000	268	6000268	6100000	6200000	4000268	3ditem_a_001	1	85	1	0	00.無	0		00.無	0	00.無	0				1	1	204	0	0	0	0	0	
#	269	4000	0	1	1	1	1	1.可以交易；0.被PK不掉	1	0	林園御帽	85	1.林沖	01.帽子 - 林沖	05.綠	2	07.怪物掉寶	5000	269	6000269	6100000	6200000	4000269	3ditem_a_001	1	85	1	0	00.無	0		00.無	0	00.無	0				1	1	201	0	0	0	0	0	
#	270	4000	0	1	1	1	1	1.可以交易；0.被PK不掉	1	0	林園御袍	85	1.林沖	02.上衣 - 林沖	05.綠	2	07.怪物掉寶	5000	270	6000270	6100000	6200000	4000270	3ditem_a_001	1	85	1	0	00.無	0		00.無	0	00.無	0				1	1	202	0	0	0	0	0	
#	271	4000	0	1	1	1	1	1.可以交易；0.被PK不掉	1	0	林園御鞋	85	1.林沖	03.褲子 - 林沖	05.綠	2	07.怪物掉寶	5000	271	6000271	6100000	6200000	4000271	3ditem_a_001	1	85	1	0	00.無	0		00.無	0	00.無	0				1	1	203	0	0	0	0	0	
#	272	4000	0	1	1	1	1	1.可以交易；0.被PK不掉	1	0	林園銅槍	85	1.林沖	04.武器 - 林沖	05.綠	2	07.怪物掉寶	5000	272	6000272	6100000	6200000	4000272	3ditem_a_001	1	85	1	0	00.無	0		00.無	0	00.無	0				1	1	204	0	0	0	0	0	
#	273	4000	0	1	1	1	1	1.可以交易；0.被PK不掉	1	0	護衛御帽	85	1.林沖	01.帽子 - 林沖	06.藍	3	12.收集品交換	5000	273	6000273	6100000	6200000	4000273	3ditem_a_001	1	85	1	0	00.無	0		00.無	0	00.無	0				1	1	201	0	0	0	0	0	
#	274	4000	0	1	1	1	1	1.可以交易；0.被PK不掉	1	0	護衛御袍	85	1.林沖	02.上衣 - 林沖	06.藍	3	12.收集品交換	5000	274	6000274	6100000	6200000	4000274	3ditem_a_001	1	85	1	0	00.無	0		00.無	0	00.無	0				1	1	202	0	0	0	0	0	
#	275	4000	0	1	1	1	1	1.可以交易；0.被PK不掉	1	0	護衛御鞋	85	1.林沖	03.褲子 - 林沖	06.藍	3	12.收集品交換	5000	275	6000275	6100000	6200000	4000275	3ditem_a_001	1	85	1	0	00.無	0		00.無	0	00.無	0				1	1	203	0	0	0	0	0	
#	276	4000	0	1	1	1	1	1.可以交易；0.被PK不掉	1	0	護衛銀槍	85	1.林沖	04.武器 - 林沖	06.藍	3	12.收集品交換	5000	276	6000276	6100000	6200000	4000276	3ditem_a_001	1	85	1	0	00.無	0		00.無	0	00.無	0				1	1	204	0	0	0	0	0	
#	277	4000	0	1	1	1	0	1.可以交易；1.被PK會掉	1	1	麥色戰帽	90	1.林沖	01.帽子 - 林沖	03.灰	0	07.怪物掉寶	5000	277	6000277	6100000	6200000	4000277	3ditem_a_001	1	90	1	0	00.無	0		00.無	0	00.無	0				1	1	201	0	0	0	0	0	
#	278	4000	0	1	1	1	0	1.可以交易；1.被PK會掉	1	1	麥色戰袍	90	1.林沖	02.上衣 - 林沖	03.灰	0	07.怪物掉寶	5000	278	6000278	6100000	6200000	4000278	3ditem_a_001	1	90	1	0	00.無	0		00.無	0	00.無	0				1	1	202	0	0	0	0	0	
#	279	4000	0	1	1	1	0	1.可以交易；1.被PK會掉	1	1	麥色戰鞋	90	1.林沖	03.褲子 - 林沖	03.灰	0	07.怪物掉寶	5000	279	6000279	6100000	6200000	4000279	3ditem_a_001	1	90	1	0	00.無	0		00.無	0	00.無	0				1	1	203	0	0	0	0	0	
#	280	4000	0	1	1	1	0	1.可以交易；1.被PK會掉	1	1	麥色木槍	90	1.林沖	04.武器 - 林沖	03.灰	0	07.怪物掉寶	5000	280	6000280	6100000	6200000	4000280	3ditem_a_001	1	90	1	0	00.無	0		00.無	0	00.無	0				1	1	204	0	0	0	0	0	
#	281	4000	0	1	1	1	0	1.可以交易；1.被PK會掉	1	1	稻禾戰帽	90	1.林沖	01.帽子 - 林沖	04.白	1	03.商店購買	5000	281	6000281	6100000	6200000	4000281	3ditem_a_001	1	90	1	0	00.無	0		00.無	0	00.無	0				1	1	201	0	0	0	0	0	
#	282	4000	0	1	1	1	0	1.可以交易；1.被PK會掉	1	1	稻禾戰袍	90	1.林沖	02.上衣 - 林沖	04.白	1	03.商店購買	5000	282	6000282	6100000	6200000	4000282	3ditem_a_001	1	90	1	0	00.無	0		00.無	0	00.無	0				1	1	202	0	0	0	0	0	
#	283	4000	0	1	1	1	0	1.可以交易；1.被PK會掉	1	1	稻禾戰鞋	90	1.林沖	03.褲子 - 林沖	04.白	1	03.商店購買	5000	283	6000283	6100000	6200000	4000283	3ditem_a_001	1	90	1	0	00.無	0		00.無	0	00.無	0				1	1	203	0	0	0	0	0	
#	284	4000	0	1	1	1	0	1.可以交易；1.被PK會掉	1	1	稻禾鐵槍	90	1.林沖	04.武器 - 林沖	04.白	1	03.商店購買	5000	284	6000284	6100000	6200000	4000284	3ditem_a_001	1	90	1	0	00.無	0		00.無	0	00.無	0				1	1	204	0	0	0	0	0	
#	285	4000	0	1	1	1	1	1.可以交易；0.被PK不掉	1	0	旭日戰帽	90	1.林沖	01.帽子 - 林沖	05.綠	2	07.怪物掉寶	5000	285	6000285	6100000	6200000	4000285	3ditem_a_001	1	90	1	0	00.無	0		00.無	0	00.無	0				1	1	201	0	0	0	0	0	
#	286	4000	0	1	1	1	1	1.可以交易；0.被PK不掉	1	0	旭日戰袍	90	1.林沖	02.上衣 - 林沖	05.綠	2	07.怪物掉寶	5000	286	6000286	6100000	6200000	4000286	3ditem_a_001	1	90	1	0	00.無	0		00.無	0	00.無	0				1	1	202	0	0	0	0	0	
#	287	4000	0	1	1	1	1	1.可以交易；0.被PK不掉	1	0	旭日戰鞋	90	1.林沖	03.褲子 - 林沖	05.綠	2	07.怪物掉寶	5000	287	6000287	6100000	6200000	4000287	3ditem_a_001	1	90	1	0	00.無	0		00.無	0	00.無	0				1	1	203	0	0	0	0	0	
#	288	4000	0	1	1	1	1	1.可以交易；0.被PK不掉	1	0	旭日銅槍	90	1.林沖	04.武器 - 林沖	05.綠	2	07.怪物掉寶	5000	288	6000288	6100000	6200000	4000288	3ditem_a_001	1	90	1	0	00.無	0		00.無	0	00.無	0				1	1	204	0	0	0	0	0	
#	289	4000	0	1	1	1	1	1.可以交易；0.被PK不掉	1	0	夕陽戰帽	90	1.林沖	01.帽子 - 林沖	06.藍	3	12.收集品交換	5000	289	6000289	6100000	6200000	4000289	3ditem_a_001	1	90	1	0	00.無	0		00.無	0	00.無	0				1	1	201	0	0	0	0	0	
#	290	4000	0	1	1	1	1	1.可以交易；0.被PK不掉	1	0	夕陽戰袍	90	1.林沖	02.上衣 - 林沖	06.藍	3	12.收集品交換	5000	290	6000290	6100000	6200000	4000290	3ditem_a_001	1	90	1	0	00.無	0		00.無	0	00.無	0				1	1	202	0	0	0	0	0	
#	291	4000	0	1	1	1	1	1.可以交易；0.被PK不掉	1	0	夕陽戰鞋	90	1.林沖	03.褲子 - 林沖	06.藍	3	12.收集品交換	5000	291	6000291	6100000	6200000	4000291	3ditem_a_001	1	90	1	0	00.無	0		00.無	0	00.無	0				1	1	203	0	0	0	0	0	
#	292	4000	0	1	1	1	1	1.可以交易；0.被PK不掉	1	0	夕陽銀槍	90	1.林沖	04.武器 - 林沖	06.藍	3	12.收集品交換	5000	292	6000292	6100000	6200000	4000292	3ditem_a_001	1	90	1	0	00.無	0		00.無	0	00.無	0				1	1	204	0	0	0	0	0	
#	293	4000	0	1	1	1	0	1.可以交易；1.被PK會掉	1	1	出遊髮帶	95	1.林沖	01.帽子 - 林沖	03.灰	0	07.怪物掉寶	5000	293	6000293	6100000	6200000	4000293	3ditem_a_001	1	95	1	0	00.無	0		00.無	0	00.無	0				1	1	201	0	0	0	0	0	
#	294	4000	0	1	1	1	0	1.可以交易；1.被PK會掉	1	1	出遊袍	95	1.林沖	02.上衣 - 林沖	03.灰	0	07.怪物掉寶	5000	294	6000294	6100000	6200000	4000294	3ditem_a_001	1	95	1	0	00.無	0		00.無	0	00.無	0				1	1	202	0	0	0	0	0	
#	295	4000	0	1	1	1	0	1.可以交易；1.被PK會掉	1	1	出遊鞋	95	1.林沖	03.褲子 - 林沖	03.灰	0	07.怪物掉寶	5000	295	6000295	6100000	6200000	4000295	3ditem_a_001	1	95	1	0	00.無	0		00.無	0	00.無	0				1	1	203	0	0	0	0	0	
#	296	4000	0	1	1	1	0	1.可以交易；1.被PK會掉	1	1	出遊木槍	95	1.林沖	04.武器 - 林沖	03.灰	0	07.怪物掉寶	5000	296	6000296	6100000	6200000	4000296	3ditem_a_001	1	95	1	0	00.無	0		00.無	0	00.無	0				1	1	204	0	0	0	0	0	
#	297	4000	0	1	1	1	0	1.可以交易；1.被PK會掉	1	1	校衛髮帶	95	1.林沖	01.帽子 - 林沖	04.白	1	03.商店購買	5000	297	6000297	6100000	6200000	4000297	3ditem_a_001	1	95	1	0	00.無	0		00.無	0	00.無	0				1	1	201	0	0	0	0	0	
#	298	4000	0	1	1	1	0	1.可以交易；1.被PK會掉	1	1	校衛御袍	95	1.林沖	02.上衣 - 林沖	04.白	1	03.商店購買	5000	298	6000298	6100000	6200000	4000298	3ditem_a_001	1	95	1	0	00.無	0		00.無	0	00.無	0				1	1	202	0	0	0	0	0	
#	299	4000	0	1	1	1	0	1.可以交易；1.被PK會掉	1	1	校衛御鞋	95	1.林沖	03.褲子 - 林沖	04.白	1	03.商店購買	5000	299	6000299	6100000	6200000	4000299	3ditem_a_001	1	95	1	0	00.無	0		00.無	0	00.無	0				1	1	203	0	0	0	0	0	
#	300	4000	0	1	1	1	0	1.可以交易；1.被PK會掉	1	1	校衛鐵槍	95	1.林沖	04.武器 - 林沖	04.白	1	03.商店購買	5000	300	6000300	6100000	6200000	4000300	3ditem_a_001	1	95	1	0	00.無	0		00.無	0	00.無	0				1	1	204	0	0	0	0	0	
#	301	4000	0	1	1	1	1	1.可以交易；0.被PK不掉	1	0	錦衣髮帶	95	1.林沖	01.帽子 - 林沖	05.綠	2	07.怪物掉寶	5000	301	6000301	6100000	6200000	4000301	3ditem_a_001	1	95	1	0	00.無	0		00.無	0	00.無	0				1	1	201	0	0	0	0	0	
#	302	4000	0	1	1	1	1	1.可以交易；0.被PK不掉	1	0	錦衣御袍	95	1.林沖	02.上衣 - 林沖	05.綠	2	07.怪物掉寶	5000	302	6000302	6100000	6200000	4000302	3ditem_a_001	1	95	1	0	00.無	0		00.無	0	00.無	0				1	1	202	0	0	0	0	0	
#	303	4000	0	1	1	1	1	1.可以交易；0.被PK不掉	1	0	錦衣御鞋	95	1.林沖	03.褲子 - 林沖	05.綠	2	07.怪物掉寶	5000	303	6000303	6100000	6200000	4000303	3ditem_a_001	1	95	1	0	00.無	0		00.無	0	00.無	0				1	1	203	0	0	0	0	0	
#	304	4000	0	1	1	1	1	1.可以交易；0.被PK不掉	1	0	錦衣銅槍	95	1.林沖	04.武器 - 林沖	05.綠	2	07.怪物掉寶	5000	304	6000304	6100000	6200000	4000304	3ditem_a_001	1	95	1	0	00.無	0		00.無	0	00.無	0				1	1	204	0	0	0	0	0	
#	305	4000	0	1	1	1	1	1.可以交易；0.被PK不掉	1	0	皇廷髮帶	95	1.林沖	01.帽子 - 林沖	06.藍	3	12.收集品交換	5000	305	6000305	6100000	6200000	4000305	3ditem_a_001	1	95	1	0	00.無	0		00.無	0	00.無	0				1	1	201	0	0	0	0	0	
#	306	4000	0	1	1	1	1	1.可以交易；0.被PK不掉	1	0	皇廷御袍	95	1.林沖	02.上衣 - 林沖	06.藍	3	12.收集品交換	5000	306	6000306	6100000	6200000	4000306	3ditem_a_001	1	95	1	0	00.無	0		00.無	0	00.無	0				1	1	202	0	0	0	0	0	
#	307	4000	0	1	1	1	1	1.可以交易；0.被PK不掉	1	0	皇廷御鞋	95	1.林沖	03.褲子 - 林沖	06.藍	3	12.收集品交換	5000	307	6000307	6100000	6200000	4000307	3ditem_a_001	1	95	1	0	00.無	0		00.無	0	00.無	0				1	1	203	0	0	0	0	0	
#	308	4000	0	1	1	1	1	1.可以交易；0.被PK不掉	1	0	皇廷銀槍	95	1.林沖	04.武器 - 林沖	06.藍	3	12.收集品交換	5000	308	6000308	6100000	6200000	4000308	3ditem_a_001	1	95	1	0	00.無	0		00.無	0	00.無	0				1	1	204	0	0	0	0	0	
#	309	4000	0	1	1	1	0	1.可以交易；1.被PK會掉	1	1	幻影髮帶	99	1.林沖	01.帽子 - 林沖	03.灰	0	07.怪物掉寶	5000	309	6000309	6100000	6200000	4000309	3ditem_a_001	1	99	1	0	00.無	0		00.無	0	00.無	0				1	1	201	0	0	0	0	0	
#	310	4000	0	1	1	1	0	1.可以交易；1.被PK會掉	1	1	幻影戰袍	99	1.林沖	02.上衣 - 林沖	03.灰	0	07.怪物掉寶	5000	310	6000310	6100000	6200000	4000310	3ditem_a_001	1	99	1	0	00.無	0		00.無	0	00.無	0				1	1	202	0	0	0	0	0	
#	311	4000	0	1	1	1	0	1.可以交易；1.被PK會掉	1	1	幻影戰鞋	99	1.林沖	03.褲子 - 林沖	03.灰	0	07.怪物掉寶	5000	311	6000311	6100000	6200000	4000311	3ditem_a_001	1	99	1	0	00.無	0		00.無	0	00.無	0				1	1	203	0	0	0	0	0	
#	312	4000	0	1	1	1	0	1.可以交易；1.被PK會掉	1	1	幻影木槍	99	1.林沖	04.武器 - 林沖	03.灰	0	07.怪物掉寶	5000	312	6000312	6100000	6200000	4000312	3ditem_a_001	1	99	1	0	00.無	0		00.無	0	00.無	0				1	1	204	0	0	0	0	0	
#	313	4000	0	1	1	1	0	1.可以交易；1.被PK會掉	1	1	虛空髮帶	99	1.林沖	01.帽子 - 林沖	04.白	1	03.商店購買	5000	313	6000313	6100000	6200000	4000313	3ditem_a_001	1	99	1	0	00.無	0		00.無	0	00.無	0				1	1	201	0	0	0	0	0	
#	314	4000	0	1	1	1	0	1.可以交易；1.被PK會掉	1	1	虛空戰袍	99	1.林沖	02.上衣 - 林沖	04.白	1	03.商店購買	5000	314	6000314	6100000	6200000	4000314	3ditem_a_001	1	99	1	0	00.無	0		00.無	0	00.無	0				1	1	202	0	0	0	0	0	
#	315	4000	0	1	1	1	0	1.可以交易；1.被PK會掉	1	1	虛空戰鞋	99	1.林沖	03.褲子 - 林沖	04.白	1	03.商店購買	5000	315	6000315	6100000	6200000	4000315	3ditem_a_001	1	99	1	0	00.無	0		00.無	0	00.無	0				1	1	203	0	0	0	0	0	
#	316	4000	0	1	1	1	0	1.可以交易；1.被PK會掉	1	1	虛空鐵槍	99	1.林沖	04.武器 - 林沖	04.白	1	03.商店購買	5000	316	6000316	6100000	6200000	4000316	3ditem_a_001	1	99	1	0	00.無	0		00.無	0	00.無	0				1	1	204	0	0	0	0	0	
#	317	4000	0	1	1	1	1	1.可以交易；0.被PK不掉	1	0	不惑髮帶	99	1.林沖	01.帽子 - 林沖	05.綠	2	07.怪物掉寶	5000	317	6000317	6100000	6200000	4000317	3ditem_a_001	1	99	1	0	00.無	0		00.無	0	00.無	0				1	1	201	0	0	0	0	0	
#	318	4000	0	1	1	1	1	1.可以交易；0.被PK不掉	1	0	不惑戰袍	99	1.林沖	02.上衣 - 林沖	05.綠	2	07.怪物掉寶	5000	318	6000318	6100000	6200000	4000318	3ditem_a_001	1	99	1	0	00.無	0		00.無	0	00.無	0				1	1	202	0	0	0	0	0	
#	319	4000	0	1	1	1	1	1.可以交易；0.被PK不掉	1	0	不惑戰鞋	99	1.林沖	03.褲子 - 林沖	05.綠	2	07.怪物掉寶	5000	319	6000319	6100000	6200000	4000319	3ditem_a_001	1	99	1	0	00.無	0		00.無	0	00.無	0				1	1	203	0	0	0	0	0	
#	320	4000	0	1	1	1	1	1.可以交易；0.被PK不掉	1	0	不惑銅槍	99	1.林沖	04.武器 - 林沖	05.綠	2	07.怪物掉寶	5000	320	6000320	6100000	6200000	4000320	3ditem_a_001	1	99	1	0	00.無	0		00.無	0	00.無	0				1	1	204	0	0	0	0	0	
#	321	4000	0	1	1	1	1	1.可以交易；0.被PK不掉	1	0	無懼髮帶	99	1.林沖	01.帽子 - 林沖	06.藍	3	12.收集品交換	5000	321	6000321	6100000	6200000	4000321	3ditem_a_001	1	99	1	0	00.無	0		00.無	0	00.無	0				1	1	201	0	0	0	0	0	
#	322	4000	0	1	1	1	1	1.可以交易；0.被PK不掉	1	0	無懼戰袍	99	1.林沖	02.上衣 - 林沖	06.藍	3	12.收集品交換	5000	322	6000322	6100000	6200000	4000322	3ditem_a_001	1	99	1	0	00.無	0		00.無	0	00.無	0				1	1	202	0	0	0	0	0	
#	323	4000	0	1	1	1	1	1.可以交易；0.被PK不掉	1	0	無懼戰鞋	99	1.林沖	03.褲子 - 林沖	06.藍	3	12.收集品交換	5000	323	6000323	6100000	6200000	4000323	3ditem_a_001	1	99	1	0	00.無	0		00.無	0	00.無	0				1	1	203	0	0	0	0	0	
#	324	4000	0	1	1	1	1	1.可以交易；0.被PK不掉	1	0	無懼銀槍	99	1.林沖	04.武器 - 林沖	06.藍	3	12.收集品交換	5000	324	6000324	6100000	6200000	4000324	3ditem_a_001	1	99	1	0	00.無	0		00.無	0	00.無	0				1	1	204	0	0	0	0	0	
#	325	4000	0	1	1	1	1	1.可以交易；0.被PK不掉	1	0	菁英戰士帽	99	1.林沖	01.帽子 - 林沖	07.紫	4	07.怪物掉寶	5000	325	6000325	6100000	6200000	4000325	3ditem_a_001	1	99	1	0	00.無	0		00.無	0	00.無	0				1	1	201	0	0	0	0	0	
#	326	4000	0	1	1	1	1	1.可以交易；0.被PK不掉	1	0	菁英戰士袍	99	1.林沖	02.上衣 - 林沖	07.紫	4	07.怪物掉寶	5000	326	6000326	6100000	6200000	4000326	3ditem_a_001	1	99	1	0	00.無	0		00.無	0	00.無	0				1	1	202	0	0	0	0	0	
#	327	4000	0	1	1	1	1	1.可以交易；0.被PK不掉	1	0	菁英戰士鞋	99	1.林沖	03.褲子 - 林沖	07.紫	4	07.怪物掉寶	5000	327	6000327	6100000	6200000	4000327	3ditem_a_001	1	99	1	0	00.無	0		00.無	0	00.無	0				1	1	203	0	0	0	0	0	
#	328	4000	0	1	1	1	1	1.可以交易；0.被PK不掉	1	0	菁英戰士金槍	99	1.林沖	04.武器 - 林沖	07.紫	4	07.怪物掉寶	5000	328	6000328	6100000	6200000	4000328	3ditem_a_001	1	99	1	0	00.無	0		00.無	0	00.無	0				1	1	204	0	0	0	0	0	
	329	4000	1	1	1	1	0	1.可以交易；0.被PK不掉	1	0	雷橫頭巾	1	2.雷橫	01.帽子 - 雷橫	02.初始裝備	1	02.初始	5000	329	6000329	6100000	6200000	4000329	3ditem_a_001	1	1	2	0	00.無	0		00.無	0	00.無	0				130	13	205	0	0	0	0	0	
	330	4000	1	1	1	1	0	1.可以交易；0.被PK不掉	1	0	雷橫背心	1	2.雷橫	02.上衣 - 雷橫	02.初始裝備	1	02.初始	5000	330	6000330	6100000	6200000	4000330	3ditem_a_001	1	1	2	0	00.無	0		00.無	0	00.無	0				170	17	206	0	0	0	0	0	
	331	4000	1	1	1	1	0	1.可以交易；0.被PK不掉	1	0	雷橫鞋	1	2.雷橫	03.褲子 - 雷橫	02.初始裝備	1	02.初始	5000	331	6000331	6100000	6200000	4000331	3ditem_a_001	1	1	2	0	00.無	0		00.無	0	00.無	0				150	15	207	0	0	0	0	0	
	332	4000	1	1	1	1	0	1.可以交易；0.被PK不掉	1	0	雷橫拳套	1	2.雷橫	04.武器 - 雷橫	02.初始裝備	1	02.初始	5000	332	6000332	6100000	6200000	4000332	3ditem_a_001	1	1	2	0	00.無	0		00.無	0	00.無	0				280	28	208	0	0	0	0	0	
	333	4000	1	1	1	1	0	1.可以交易；1.被PK會掉	1	1	劣質布帽	10	2.雷橫	01.帽子 - 雷橫	03.灰	0	07.怪物掉寶	5000	333	6000333	6100000	6200000	4000333	3ditem_a_001	1	10	2	0	00.無	0		00.無	0	00.無	0				630	32	205	0	0	0	0	0	
	334	4000	1	1	1	1	0	1.可以交易；1.被PK會掉	1	1	劣質布衣	10	2.雷橫	02.上衣 - 雷橫	03.灰	0	07.怪物掉寶	5000	334	6000334	6100000	6200000	4000334	3ditem_a_001	1	10	2	0	00.無	0		00.無	0	00.無	0				820	41	206	0	0	0	0	0	
	335	4000	1	1	1	1	0	1.可以交易；1.被PK會掉	1	1	劣質草鞋	10	2.雷橫	03.褲子 - 雷橫	03.灰	0	07.怪物掉寶	5000	335	6000335	6100000	6200000	4000335	3ditem_a_001	1	10	2	0	00.無	0		00.無	0	00.無	0				720	36	207	0	0	0	0	0	
	336	4000	1	1	1	1	0	1.可以交易；1.被PK會掉	1	1	劣質拳套	10	2.雷橫	04.武器 - 雷橫	03.灰	0	07.怪物掉寶	5000	336	6000336	6100000	6200000	4000336	3ditem_a_001	1	10	2	0	00.無	0		00.無	0	00.無	0				1360	68	208	0	0	0	0	0	
	337	4000	1	1	1	1	0	1.可以交易；1.被PK會掉	1	1	平民布帽	10	2.雷橫	01.帽子 - 雷橫	04.白	1	03.商店購買	5000	337	6000337	6100000	6200000	4000337	3ditem_a_001	1	10	2	0	00.無	0		00.無	0	00.無	0				630	63	205	0	0	0	0	0	
	338	4000	1	1	1	1	0	1.可以交易；1.被PK會掉	1	1	平民布衣	10	2.雷橫	02.上衣 - 雷橫	04.白	1	03.商店購買	5000	338	6000338	6100000	6200000	4000338	3ditem_a_001	1	10	2	0	00.無	0		00.無	0	00.無	0				820	82	206	0	0	0	0	0	
	339	4000	1	1	1	1	0	1.可以交易；1.被PK會掉	1	1	平民草鞋	10	2.雷橫	03.褲子 - 雷橫	04.白	1	03.商店購買	5000	339	6000339	6100000	6200000	4000339	3ditem_a_001	1	10	2	0	00.無	0		00.無	0	00.無	0				720	72	207	0	0	0	0	0	
	340	4000	1	1	1	1	0	1.可以交易；1.被PK會掉	1	1	鐵拳套	10	2.雷橫	04.武器 - 雷橫	04.白	1	03.商店購買	5000	340	6000340	6100000	6200000	4000340	3ditem_a_001	1	10	2	0	00.無	0		00.無	0	00.無	0				1360	136	208	0	0	0	0	0	
	341	4000	1	1	1	1	1	1.可以交易；0.被PK不掉	1	0	傳統布帽	10	2.雷橫	01.帽子 - 雷橫	05.綠	2	07.怪物掉寶	5000	341	6000341	6100000	6200000	4000341	3ditem_a_001	1	10	2	0	00.無	0		00.無	0	00.無	0				630	32	205	0	0	0	0	0	
	342	4000	1	1	1	1	1	1.可以交易；0.被PK不掉	1	0	傳統布衣	10	2.雷橫	02.上衣 - 雷橫	05.綠	2	07.怪物掉寶	5000	342	6000342	6100000	6200000	4000342	3ditem_a_001	1	10	2	0	00.無	0		00.無	0	00.無	0				820	41	206	0	0	0	0	0	
	343	4000	1	1	1	1	1	1.可以交易；0.被PK不掉	1	0	傳統草鞋	10	2.雷橫	03.褲子 - 雷橫	05.綠	2	07.怪物掉寶	5000	343	6000343	6100000	6200000	4000343	3ditem_a_001	1	10	2	0	00.無	0		00.無	0	00.無	0				720	36	207	0	0	0	0	0	
	344	4000	1	1	1	1	1	1.可以交易；0.被PK不掉	1	0	銅拳套	10	2.雷橫	04.武器 - 雷橫	05.綠	2	07.怪物掉寶	5000	344	6000344	6100000	6200000	4000344	3ditem_a_001	1	10	2	0	00.無	0		00.無	0	00.無	0				1360	68	208	0	0	0	0	0	
	345	4000	1	1	1	1	1	1.可以交易；0.被PK不掉	1	0	特級布帽	10	2.雷橫	01.帽子 - 雷橫	06.藍	3	12.收集品交換	5000	345	6000345	6100000	6200000	4000345	3ditem_a_001	1	10	2	0	00.無	0		00.無	0	00.無	0				630	32	205	0	0	0	0	0	
	346	4000	1	1	1	1	1	1.可以交易；0.被PK不掉	1	0	特級布衣	10	2.雷橫	02.上衣 - 雷橫	06.藍	3	12.收集品交換	5000	346	6000346	6100000	6200000	4000346	3ditem_a_001	1	10	2	0	00.無	0		00.無	0	00.無	0				820	41	206	0	0	0	0	0	
	347	4000	1	1	1	1	1	1.可以交易；0.被PK不掉	1	0	特級草鞋	10	2.雷橫	03.褲子 - 雷橫	06.藍	3	12.收集品交換	5000	347	6000347	6100000	6200000	4000347	3ditem_a_001	1	10	2	0	00.無	0		00.無	0	00.無	0				720	36	207	0	0	0	0	0	
	348	4000	1	1	1	1	1	1.可以交易；0.被PK不掉	1	0	銀拳套	10	2.雷橫	04.武器 - 雷橫	06.藍	3	12.收集品交換	5000	348	6000348	6100000	6200000	4000348	3ditem_a_001	1	10	2	0	00.無	0		00.無	0	00.無	0				1360	68	208	0	0	0	0	0	
	349	4000	1	1	1	1	0	1.可以交易；1.被PK會掉	1	1	迅雷帽	15	2.雷橫	01.帽子 - 雷橫	03.灰	0	07.怪物掉寶	5000	349	6000349	6100000	6200000	4000349	3ditem_a_001	1	15	2	0	00.無	0		00.無	0	00.無	0				2330	117	205	0	0	0	0	0	
	350	4000	1	1	1	1	0	1.可以交易；1.被PK會掉	1	1	迅雷衣	15	2.雷橫	02.上衣 - 雷橫	03.灰	0	07.怪物掉寶	5000	350	6000350	6100000	6200000	4000350	3ditem_a_001	1	15	2	0	00.無	0		00.無	0	00.無	0				3000	150	206	0	0	0	0	0	
	351	4000	1	1	1	1	0	1.可以交易；1.被PK會掉	1	1	迅雷鞋	15	2.雷橫	03.褲子 - 雷橫	03.灰	0	07.怪物掉寶	5000	351	6000351	6100000	6200000	4000351	3ditem_a_001	1	15	2	0	00.無	0		00.無	0	00.無	0				2660	133	207	0	0	0	0	0	
	352	4000	1	1	1	1	0	1.可以交易；1.被PK會掉	1	1	迅雷拳套	15	2.雷橫	04.武器 - 雷橫	03.灰	0	07.怪物掉寶	5000	352	6000352	6100000	6200000	4000352	3ditem_a_001	1	15	2	0	00.無	0		00.無	0	00.無	0				4990	250	208	0	0	0	0	0	
	353	4000	1	1	1	1	0	1.可以交易；1.被PK會掉	1	1	疾雷帽	15	2.雷橫	01.帽子 - 雷橫	04.白	1	03.商店購買	5000	353	6000353	6100000	6200000	4000353	3ditem_a_001	1	15	2	0	00.無	0		00.無	0	00.無	0				2330	233	205	0	0	0	0	0	
	354	4000	1	1	1	1	0	1.可以交易；1.被PK會掉	1	1	疾雷衣	15	2.雷橫	02.上衣 - 雷橫	04.白	1	03.商店購買	5000	354	6000354	6100000	6200000	4000354	3ditem_a_001	1	15	2	0	00.無	0		00.無	0	00.無	0				3000	300	206	0	0	0	0	0	
	355	4000	1	1	1	1	0	1.可以交易；1.被PK會掉	1	1	疾雷鞋	15	2.雷橫	03.褲子 - 雷橫	04.白	1	03.商店購買	5000	355	6000355	6100000	6200000	4000355	3ditem_a_001	1	15	2	0	00.無	0		00.無	0	00.無	0				2660	266	207	0	0	0	0	0	
	356	4000	1	1	1	1	0	1.可以交易；1.被PK會掉	1	1	疾雷拳套	15	2.雷橫	04.武器 - 雷橫	04.白	1	03.商店購買	5000	356	6000356	6100000	6200000	4000356	3ditem_a_001	1	15	2	0	00.無	0		00.無	0	00.無	0				4990	499	208	0	0	0	0	0	
	357	4000	1	1	1	1	1	1.可以交易；0.被PK不掉	1	0	雷鳴帽	15	2.雷橫	01.帽子 - 雷橫	05.綠	2	07.怪物掉寶	5000	357	6000357	6100000	6200000	4000357	3ditem_a_001	1	15	2	0	00.無	0		00.無	0	00.無	0				2330	117	205	0	0	0	0	0	
	358	4000	1	1	1	1	1	1.可以交易；0.被PK不掉	1	0	雷鳴衣	15	2.雷橫	02.上衣 - 雷橫	05.綠	2	07.怪物掉寶	5000	358	6000358	6100000	6200000	4000358	3ditem_a_001	1	15	2	0	00.無	0		00.無	0	00.無	0				3000	150	206	0	0	0	0	0	
	359	4000	1	1	1	1	1	1.可以交易；0.被PK不掉	1	0	雷鳴鞋	15	2.雷橫	03.褲子 - 雷橫	05.綠	2	07.怪物掉寶	5000	359	6000359	6100000	6200000	4000359	3ditem_a_001	1	15	2	0	00.無	0		00.無	0	00.無	0				2660	133	207	0	0	0	0	0	
	360	4000	1	1	1	1	1	1.可以交易；0.被PK不掉	1	0	雷鳴拳套	15	2.雷橫	04.武器 - 雷橫	05.綠	2	07.怪物掉寶	5000	360	6000360	6100000	6200000	4000360	3ditem_a_001	1	15	2	0	00.無	0		00.無	0	00.無	0				4990	250	208	0	0	0	0	0	
	361	4000	1	1	1	1	1	1.可以交易；0.被PK不掉	1	0	爆雷帽	15	2.雷橫	01.帽子 - 雷橫	06.藍	3	12.收集品交換	5000	361	6000361	6100000	6200000	4000361	3ditem_a_001	1	15	2	0	00.無	0		00.無	0	00.無	0				2330	117	205	0	0	0	0	0	
	362	4000	1	1	1	1	1	1.可以交易；0.被PK不掉	1	0	爆雷衣	15	2.雷橫	02.上衣 - 雷橫	06.藍	3	12.收集品交換	5000	362	6000362	6100000	6200000	4000362	3ditem_a_001	1	15	2	0	00.無	0		00.無	0	00.無	0				3000	150	206	0	0	0	0	0	
	363	4000	1	1	1	1	1	1.可以交易；0.被PK不掉	1	0	爆雷鞋	15	2.雷橫	03.褲子 - 雷橫	06.藍	3	12.收集品交換	5000	363	6000363	6100000	6200000	4000363	3ditem_a_001	1	15	2	0	00.無	0		00.無	0	00.無	0				2660	133	207	0	0	0	0	0	
	364	4000	1	1	1	1	1	1.可以交易；0.被PK不掉	1	0	爆雷拳套	15	2.雷橫	04.武器 - 雷橫	06.藍	3	12.收集品交換	5000	364	6000364	6100000	6200000	4000364	3ditem_a_001	1	15	2	0	00.無	0		00.無	0	00.無	0				4990	250	208	0	0	0	0	0	
	365	4000	1	1	1	1	0	1.可以交易；1.被PK會掉	1	1	微電帽	20	2.雷橫	01.帽子 - 雷橫	03.灰	0	07.怪物掉寶	5000	365	6000365	6100000	6200000	4000365	3ditem_a_001	1	20	2	0	00.無	0		00.無	0	00.無	0				8540	427	205	0	0	0	0	0	
	366	4000	1	1	1	1	0	1.可以交易；1.被PK會掉	1	1	微電衣	20	2.雷橫	02.上衣 - 雷橫	03.灰	0	07.怪物掉寶	5000	366	6000366	6100000	6200000	4000366	3ditem_a_001	1	20	2	0	00.無	0		00.無	0	00.無	0				10980	549	206	0	0	0	0	0	
	367	4000	1	1	1	1	0	1.可以交易；1.被PK會掉	1	1	微電鞋	20	2.雷橫	03.褲子 - 雷橫	03.灰	0	07.怪物掉寶	5000	367	6000367	6100000	6200000	4000367	3ditem_a_001	1	20	2	0	00.無	0		00.無	0	00.無	0				9760	488	207	0	0	0	0	0	
	368	4000	1	1	1	1	0	1.可以交易；1.被PK會掉	1	1	微電拳套	20	2.雷橫	04.武器 - 雷橫	03.灰	0	07.怪物掉寶	5000	368	6000368	6100000	6200000	4000368	3ditem_a_001	1	20	2	0	00.無	0		00.無	0	00.無	0				18300	915	208	0	0	0	0	0	
	369	4000	1	1	1	1	0	1.可以交易；1.被PK會掉	1	1	閃電帽	20	2.雷橫	01.帽子 - 雷橫	04.白	1	03.商店購買	5000	369	6000369	6100000	6200000	4000369	3ditem_a_001	1	20	2	0	00.無	0		00.無	0	00.無	0				8540	854	205	0	0	0	0	0	
	370	4000	1	1	1	1	0	1.可以交易；1.被PK會掉	1	1	閃電衣	20	2.雷橫	02.上衣 - 雷橫	04.白	1	03.商店購買	5000	370	6000370	6100000	6200000	4000370	3ditem_a_001	1	20	2	0	00.無	0		00.無	0	00.無	0				10980	1098	206	0	0	0	0	0	
	371	4000	1	1	1	1	0	1.可以交易；1.被PK會掉	1	1	閃電鞋	20	2.雷橫	03.褲子 - 雷橫	04.白	1	03.商店購買	5000	371	6000371	6100000	6200000	4000371	3ditem_a_001	1	20	2	0	00.無	0		00.無	0	00.無	0				9760	976	207	0	0	0	0	0	
	372	4000	1	1	1	1	0	1.可以交易；1.被PK會掉	1	1	閃電拳套	20	2.雷橫	04.武器 - 雷橫	04.白	1	03.商店購買	5000	372	6000372	6100000	6200000	4000372	3ditem_a_001	1	20	2	0	00.無	0		00.無	0	00.無	0				18300	1830	208	0	0	0	0	0	
	373	4000	1	1	1	1	1	1.可以交易；0.被PK不掉	1	0	旭電帽	20	2.雷橫	01.帽子 - 雷橫	05.綠	2	07.怪物掉寶	5000	373	6000373	6100000	6200000	4000373	3ditem_a_001	1	20	2	0	00.無	0		00.無	0	00.無	0				8540	427	205	0	0	0	0	0	
	374	4000	1	1	1	1	1	1.可以交易；0.被PK不掉	1	0	旭電衣	20	2.雷橫	02.上衣 - 雷橫	05.綠	2	07.怪物掉寶	5000	374	6000374	6100000	6200000	4000374	3ditem_a_001	1	20	2	0	00.無	0		00.無	0	00.無	0				10980	549	206	0	0	0	0	0	
	375	4000	1	1	1	1	1	1.可以交易；0.被PK不掉	1	0	旭電鞋	20	2.雷橫	03.褲子 - 雷橫	05.綠	2	07.怪物掉寶	5000	375	6000375	6100000	6200000	4000375	3ditem_a_001	1	20	2	0	00.無	0		00.無	0	00.無	0				9760	488	207	0	0	0	0	0	
	376	4000	1	1	1	1	1	1.可以交易；0.被PK不掉	1	0	旭電拳套	20	2.雷橫	04.武器 - 雷橫	05.綠	2	07.怪物掉寶	5000	376	6000376	6100000	6200000	4000376	3ditem_a_001	1	20	2	0	00.無	0		00.無	0	00.無	0				18300	915	208	0	0	0	0	0	
	377	4000	1	1	1	1	1	1.可以交易；0.被PK不掉	1	0	電擊王帽	20	2.雷橫	01.帽子 - 雷橫	06.藍	3	12.收集品交換	5000	377	6000377	6100000	6200000	4000377	3ditem_a_001	1	20	2	0	00.無	0		00.無	0	00.無	0				8540	427	205	0	0	0	0	0	
	378	4000	1	1	1	1	1	1.可以交易；0.被PK不掉	1	0	電擊王衣	20	2.雷橫	02.上衣 - 雷橫	06.藍	3	12.收集品交換	5000	378	6000378	6100000	6200000	4000378	3ditem_a_001	1	20	2	0	00.無	0		00.無	0	00.無	0				10980	549	206	0	0	0	0	0	
	379	4000	1	1	1	1	1	1.可以交易；0.被PK不掉	1	0	電擊王鞋	20	2.雷橫	03.褲子 - 雷橫	06.藍	3	12.收集品交換	5000	379	6000379	6100000	6200000	4000379	3ditem_a_001	1	20	2	0	00.無	0		00.無	0	00.無	0				9760	488	207	0	0	0	0	0	
	380	4000	1	1	1	1	1	1.可以交易；0.被PK不掉	1	0	電擊王拳套	20	2.雷橫	04.武器 - 雷橫	06.藍	3	12.收集品交換	5000	380	6000380	6100000	6200000	4000380	3ditem_a_001	1	20	2	0	00.無	0		00.無	0	00.無	0				18300	915	208	0	0	0	0	0	
	381	4000	1	1	1	1	1	1.可以交易；0.被PK不掉	1	0	風神帽	35	2.雷橫	01.帽子 - 雷橫	07.紫	4	07.怪物掉寶	5000	381	6000381	6100000	6200000	4000381	3ditem_a_001	1	35	2	0	00.無	0		00.無	0	00.無	0				114700	5735	205	0	0	0	0	0	
	382	4000	1	1	1	1	1	1.可以交易；0.被PK不掉	1	0	風神衣	35	2.雷橫	02.上衣 - 雷橫	07.紫	4	07.怪物掉寶	5000	382	6000382	6100000	6200000	4000382	3ditem_a_001	1	35	2	0	00.無	0		00.無	0	00.無	0				147400	7370	206	0	0	0	0	0	
	383	4000	1	1	1	1	1	1.可以交易；0.被PK不掉	1	0	風神鞋	35	2.雷橫	03.褲子 - 雷橫	07.紫	4	07.怪物掉寶	5000	383	6000383	6100000	6200000	4000383	3ditem_a_001	1	35	2	0	00.無	0		00.無	0	00.無	0				131000	6550	207	0	0	0	0	0	
	384	4000	1	1	1	1	1	1.可以交易；0.被PK不掉	1	0	風神拳套	35	2.雷橫	04.武器 - 雷橫	07.紫	4	07.怪物掉寶	5000	384	6000384	6100000	6200000	4000384	3ditem_a_001	1	35	2	0	00.無	0		00.無	0	00.無	0				245700	12285	208	0	0	0	0	0	
	385	4000	1	1	1	1	0	1.可以交易；1.被PK會掉	1	1	黑牛帽	25	2.雷橫	01.帽子 - 雷橫	03.灰	0	07.怪物掉寶	5000	385	6000385	6100000	6200000	4000385	3ditem_a_001	1	25	2	0	00.無	0		00.無	0	00.無	0				24600	1230	205	0	0	0	0	0	
	386	4000	1	1	1	1	0	1.可以交易；1.被PK會掉	1	1	黑牛衣	25	2.雷橫	02.上衣 - 雷橫	03.灰	0	07.怪物掉寶	5000	386	6000386	6100000	6200000	4000386	3ditem_a_001	1	25	2	0	00.無	0		00.無	0	00.無	0				31600	1580	206	0	0	0	0	0	
	387	4000	1	1	1	1	0	1.可以交易；1.被PK會掉	1	1	黑牛鞋	25	2.雷橫	03.褲子 - 雷橫	03.灰	0	07.怪物掉寶	5000	387	6000387	6100000	6200000	4000387	3ditem_a_001	1	25	2	0	00.無	0		00.無	0	00.無	0				28100	1405	207	0	0	0	0	0	
	388	4000	1	1	1	1	0	1.可以交易；1.被PK會掉	1	1	黑牛拳套	25	2.雷橫	04.武器 - 雷橫	03.灰	0	07.怪物掉寶	5000	388	6000388	6100000	6200000	4000388	3ditem_a_001	1	25	2	0	00.無	0		00.無	0	00.無	0				52600	2630	208	0	0	0	0	0	
	389	4000	1	1	1	1	0	1.可以交易；1.被PK會掉	1	1	蠻牛帽	25	2.雷橫	01.帽子 - 雷橫	04.白	1	03.商店購買	5000	389	6000389	6100000	6200000	4000389	3ditem_a_001	1	25	2	0	00.無	0		00.無	0	00.無	0				24600	2460	205	0	0	0	0	0	
	390	4000	1	1	1	1	0	1.可以交易；1.被PK會掉	1	1	蠻牛衣	25	2.雷橫	02.上衣 - 雷橫	04.白	1	03.商店購買	5000	390	6000390	6100000	6200000	4000390	3ditem_a_001	1	25	2	0	00.無	0		00.無	0	00.無	0				31600	3160	206	0	0	0	0	0	
	391	4000	1	1	1	1	0	1.可以交易；1.被PK會掉	1	1	蠻牛鞋	25	2.雷橫	03.褲子 - 雷橫	04.白	1	03.商店購買	5000	391	6000391	6100000	6200000	4000391	3ditem_a_001	1	25	2	0	00.無	0		00.無	0	00.無	0				28100	2810	207	0	0	0	0	0	
	392	4000	1	1	1	1	0	1.可以交易；1.被PK會掉	1	1	蠻牛拳套	25	2.雷橫	04.武器 - 雷橫	04.白	1	03.商店購買	5000	392	6000392	6100000	6200000	4000392	3ditem_a_001	1	25	2	0	00.無	0		00.無	0	00.無	0				52600	5260	208	0	0	0	0	0	
	393	4000	1	1	1	1	1	1.可以交易；0.被PK不掉	1	0	猛牛帽	25	2.雷橫	01.帽子 - 雷橫	05.綠	2	07.怪物掉寶	5000	393	6000393	6100000	6200000	4000393	3ditem_a_001	1	25	2	0	00.無	0		00.無	0	00.無	0				24600	1230	205	0	0	0	0	0	
	394	4000	1	1	1	1	1	1.可以交易；0.被PK不掉	1	0	猛牛衣	25	2.雷橫	02.上衣 - 雷橫	05.綠	2	07.怪物掉寶	5000	394	6000394	6100000	6200000	4000394	3ditem_a_001	1	25	2	0	00.無	0		00.無	0	00.無	0				31600	1580	206	0	0	0	0	0	
	395	4000	1	1	1	1	1	1.可以交易；0.被PK不掉	1	0	猛牛鞋	25	2.雷橫	03.褲子 - 雷橫	05.綠	2	07.怪物掉寶	5000	395	6000395	6100000	6200000	4000395	3ditem_a_001	1	25	2	0	00.無	0		00.無	0	00.無	0				28100	1405	207	0	0	0	0	0	
	396	4000	1	1	1	1	1	1.可以交易；0.被PK不掉	1	0	猛牛拳套	25	2.雷橫	04.武器 - 雷橫	05.綠	2	07.怪物掉寶	5000	396	6000396	6100000	6200000	4000396	3ditem_a_001	1	25	2	0	00.無	0		00.無	0	00.無	0				52600	2630	208	0	0	0	0	0	
	397	4000	1	1	1	1	1	0.不可交易；0.被PK不掉	0	0	狂牛帽	25	2.雷橫	01.帽子 - 雷橫	06.藍	3	12.收集品交換	5000	397	6000397	6100000	6200000	4000397	3ditem_a_001	1	25	2	0	00.無	0		00.無	0	00.無	0				24600	1230	205	0	0	0	0	0	
	398	4000	1	1	1	1	1	0.不可交易；0.被PK不掉	0	0	狂牛衣	25	2.雷橫	02.上衣 - 雷橫	06.藍	3	12.收集品交換	5000	398	6000398	6100000	6200000	4000398	3ditem_a_001	1	25	2	0	00.無	0		00.無	0	00.無	0				31600	1580	206	0	0	0	0	0	
	399	4000	1	1	1	1	1	0.不可交易；0.被PK不掉	0	0	狂牛鞋	25	2.雷橫	03.褲子 - 雷橫	06.藍	3	12.收集品交換	5000	399	6000399	6100000	6200000	4000399	3ditem_a_001	1	25	2	0	00.無	0		00.無	0	00.無	0				28100	1405	207	0	0	0	0	0	
	400	4000	1	1	1	1	1	0.不可交易；0.被PK不掉	0	0	狂牛拳套	25	2.雷橫	04.武器 - 雷橫	06.藍	3	12.收集品交換	5000	400	6000400	6100000	6200000	4000400	3ditem_a_001	1	25	2	0	00.無	0		00.無	0	00.無	0				52600	2630	208	0	0	0	0	0	
	401	4000	1	1	1	1	0	1.可以交易；1.被PK會掉	1	1	尖角帽	30	2.雷橫	01.帽子 - 雷橫	03.灰	0	07.怪物掉寶	5000	401	6000401	6100000	6200000	4000401	3ditem_a_001	1	30	2	0	00.無	0		00.無	0	00.無	0				56300	2815	205	0	0	0	0	0	
	402	4000	1	1	1	1	0	1.可以交易；1.被PK會掉	1	1	尖角袍	30	2.雷橫	02.上衣 - 雷橫	03.灰	0	07.怪物掉寶	5000	402	6000402	6100000	6200000	4000402	3ditem_a_001	1	30	2	0	00.無	0		00.無	0	00.無	0				72400	3620	206	0	0	0	0	0	
	403	4000	1	1	1	1	0	1.可以交易；1.被PK會掉	1	1	尖角鞋	30	2.雷橫	03.褲子 - 雷橫	03.灰	0	07.怪物掉寶	5000	403	6000403	6100000	6200000	4000403	3ditem_a_001	1	30	2	0	00.無	0		00.無	0	00.無	0				64400	3220	207	0	0	0	0	0	
	404	4000	1	1	1	1	0	1.可以交易；1.被PK會掉	1	1	尖角拳套	30	2.雷橫	04.武器 - 雷橫	03.灰	0	07.怪物掉寶	5000	404	6000404	6100000	6200000	4000404	3ditem_a_001	1	30	2	0	00.無	0		00.無	0	00.無	0				120700	6035	208	0	0	0	0	0	
	405	4000	1	1	1	1	0	1.可以交易；1.被PK會掉	1	1	銳棘帽	30	2.雷橫	01.帽子 - 雷橫	04.白	1	03.商店購買	5000	405	6000405	6100000	6200000	4000405	3ditem_a_001	1	30	2	0	00.無	0		00.無	0	00.無	0				56300	5630	205	0	0	0	0	0	
	406	4000	1	1	1	1	0	1.可以交易；1.被PK會掉	1	1	銳棘衣	30	2.雷橫	02.上衣 - 雷橫	04.白	1	03.商店購買	5000	406	6000406	6100000	6200000	4000406	3ditem_a_001	1	30	2	0	00.無	0		00.無	0	00.無	0				72400	7240	206	0	0	0	0	0	
	407	4000	1	1	1	1	0	1.可以交易；1.被PK會掉	1	1	銳棘鞋	30	2.雷橫	03.褲子 - 雷橫	04.白	1	03.商店購買	5000	407	6000407	6100000	6200000	4000407	3ditem_a_001	1	30	2	0	00.無	0		00.無	0	00.無	0				64400	6440	207	0	0	0	0	0	
	408	4000	1	1	1	1	0	1.可以交易；1.被PK會掉	1	1	銳棘拳套	30	2.雷橫	04.武器 - 雷橫	04.白	1	03.商店購買	5000	408	6000408	6100000	6200000	4000408	3ditem_a_001	1	30	2	0	00.無	0		00.無	0	00.無	0				120700	12070	208	0	0	0	0	0	
	409	4000	1	1	1	1	1	1.可以交易；0.被PK不掉	1	0	斑混帽	30	2.雷橫	01.帽子 - 雷橫	05.綠	2	07.怪物掉寶	5000	409	6000409	6100000	6200000	4000409	3ditem_a_001	1	30	2	0	00.無	0		00.無	0	00.無	0				56300	2815	205	0	0	0	0	0	
	410	4000	1	1	1	1	1	1.可以交易；0.被PK不掉	1	0	斑混衣	30	2.雷橫	02.上衣 - 雷橫	05.綠	2	07.怪物掉寶	5000	410	6000410	6100000	6200000	4000410	3ditem_a_001	1	30	2	0	00.無	0		00.無	0	00.無	0				72400	3620	206	0	0	0	0	0	
	411	4000	1	1	1	1	1	1.可以交易；0.被PK不掉	1	0	斑混鞋	30	2.雷橫	03.褲子 - 雷橫	05.綠	2	07.怪物掉寶	5000	411	6000411	6100000	6200000	4000411	3ditem_a_001	1	30	2	0	00.無	0		00.無	0	00.無	0				64400	3220	207	0	0	0	0	0	
	412	4000	1	1	1	1	1	1.可以交易；0.被PK不掉	1	0	斑混拳套	30	2.雷橫	04.武器 - 雷橫	05.綠	2	07.怪物掉寶	5000	412	6000412	6100000	6200000	4000412	3ditem_a_001	1	30	2	0	00.無	0		00.無	0	00.無	0				120700	6035	208	0	0	0	0	0	
	413	4000	1	1	1	1	1	1.可以交易；0.被PK不掉	1	0	刺鋒帽	30	2.雷橫	01.帽子 - 雷橫	06.藍	3	12.收集品交換	5000	413	6000413	6100000	6200000	4000413	3ditem_a_001	1	30	2	0	00.無	0		00.無	0	00.無	0				56300	2815	205	0	0	0	0	0	
	414	4000	1	1	1	1	1	1.可以交易；0.被PK不掉	1	0	刺鋒衣	30	2.雷橫	02.上衣 - 雷橫	06.藍	3	12.收集品交換	5000	414	6000414	6100000	6200000	4000414	3ditem_a_001	1	30	2	0	00.無	0		00.無	0	00.無	0				72400	3620	206	0	0	0	0	0	
	415	4000	1	1	1	1	1	1.可以交易；0.被PK不掉	1	0	刺鋒鞋	30	2.雷橫	03.褲子 - 雷橫	06.藍	3	12.收集品交換	5000	415	6000415	6100000	6200000	4000415	3ditem_a_001	1	30	2	0	00.無	0		00.無	0	00.無	0				64400	3220	207	0	0	0	0	0	
	416	4000	1	1	1	1	1	1.可以交易；0.被PK不掉	1	0	刺鋒拳套	30	2.雷橫	04.武器 - 雷橫	06.藍	3	12.收集品交換	5000	416	6000416	6100000	6200000	4000416	3ditem_a_001	1	30	2	0	00.無	0		00.無	0	00.無	0				120700	6035	208	0	0	0	0	0	
	417	4000	1	1	1	1	0	1.可以交易；1.被PK會掉	1	1	黃虎帽	35	2.雷橫	01.帽子 - 雷橫	03.灰	0	07.怪物掉寶	5000	417	6000417	6100000	6200000	4000417	3ditem_a_001	1	35	2	0	00.無	0		00.無	0	00.無	0				114700	5735	205	0	0	0	0	0	
	418	4000	1	1	1	1	0	1.可以交易；1.被PK會掉	1	1	黃虎衣	35	2.雷橫	02.上衣 - 雷橫	03.灰	0	07.怪物掉寶	5000	418	6000418	6100000	6200000	4000418	3ditem_a_001	1	35	2	0	00.無	0		00.無	0	00.無	0				147400	7370	206	0	0	0	0	0	
	419	4000	1	1	1	1	0	1.可以交易；1.被PK會掉	1	1	黃虎鞋	35	2.雷橫	03.褲子 - 雷橫	03.灰	0	07.怪物掉寶	5000	419	6000419	6100000	6200000	4000419	3ditem_a_001	1	35	2	0	00.無	0		00.無	0	00.無	0				131000	6550	207	0	0	0	0	0	
	420	4000	1	1	1	1	0	1.可以交易；1.被PK會掉	1	1	黃虎拳套	35	2.雷橫	04.武器 - 雷橫	03.灰	0	07.怪物掉寶	5000	420	6000420	6100000	6200000	4000420	3ditem_a_001	1	35	2	0	00.無	0		00.無	0	00.無	0				245700	12285	208	0	0	0	0	0	
	421	4000	1	1	1	1	0	1.可以交易；1.被PK會掉	1	1	猛虎帽	35	2.雷橫	01.帽子 - 雷橫	04.白	1	03.商店購買	5000	421	6000421	6100000	6200000	4000421	3ditem_a_001	1	35	2	0	00.無	0		00.無	0	00.無	0				114700	11470	205	0	0	0	0	0	
	422	4000	1	1	1	1	0	1.可以交易；1.被PK會掉	1	1	猛虎衣	35	2.雷橫	02.上衣 - 雷橫	04.白	1	03.商店購買	5000	422	6000422	6100000	6200000	4000422	3ditem_a_001	1	35	2	0	00.無	0		00.無	0	00.無	0				147400	14740	206	0	0	0	0	0	
	423	4000	1	1	1	1	0	1.可以交易；1.被PK會掉	1	1	猛虎鞋	35	2.雷橫	03.褲子 - 雷橫	04.白	1	03.商店購買	5000	423	6000423	6100000	6200000	4000423	3ditem_a_001	1	35	2	0	00.無	0		00.無	0	00.無	0				131000	13100	207	0	0	0	0	0	
	424	4000	1	1	1	1	0	1.可以交易；1.被PK會掉	1	1	猛虎拳套	35	2.雷橫	04.武器 - 雷橫	04.白	1	03.商店購買	5000	424	6000424	6100000	6200000	4000424	3ditem_a_001	1	35	2	0	00.無	0		00.無	0	00.無	0				245700	24570	208	0	0	0	0	0	
	425	4000	1	1	1	1	1	1.可以交易；0.被PK不掉	1	0	戰虎帽	35	2.雷橫	01.帽子 - 雷橫	05.綠	2	07.怪物掉寶	5000	425	6000425	6100000	6200000	4000425	3ditem_a_001	1	35	2	0	00.無	0		00.無	0	00.無	0				114700	5735	205	0	0	0	0	0	
	426	4000	1	1	1	1	1	1.可以交易；0.被PK不掉	1	0	戰虎衣	35	2.雷橫	02.上衣 - 雷橫	05.綠	2	07.怪物掉寶	5000	426	6000426	6100000	6200000	4000426	3ditem_a_001	1	35	2	0	00.無	0		00.無	0	00.無	0				147400	7370	206	0	0	0	0	0	
	427	4000	1	1	1	1	1	1.可以交易；0.被PK不掉	1	0	戰虎鞋	35	2.雷橫	03.褲子 - 雷橫	05.綠	2	07.怪物掉寶	5000	427	6000427	6100000	6200000	4000427	3ditem_a_001	1	35	2	0	00.無	0		00.無	0	00.無	0				131000	6550	207	0	0	0	0	0	
	428	4000	1	1	1	1	1	1.可以交易；0.被PK不掉	1	0	戰虎拳套	35	2.雷橫	04.武器 - 雷橫	05.綠	2	07.怪物掉寶	5000	428	6000428	6100000	6200000	4000428	3ditem_a_001	1	35	2	0	00.無	0		00.無	0	00.無	0				245700	12285	208	0	0	0	0	0	
	429	4000	1	1	1	1	1	0.不可交易；0.被PK不掉	0	0	虎王帽	35	2.雷橫	01.帽子 - 雷橫	06.藍	3	12.收集品交換	5000	429	6000429	6100000	6200000	4000429	3ditem_a_001	1	35	2	0	00.無	0		00.無	0	00.無	0				114700	5735	205	0	0	0	0	0	
	430	4000	1	1	1	1	1	0.不可交易；0.被PK不掉	0	0	虎王衣	35	2.雷橫	02.上衣 - 雷橫	06.藍	3	12.收集品交換	5000	430	6000430	6100000	6200000	4000430	3ditem_a_001	1	35	2	0	00.無	0		00.無	0	00.無	0				147400	7370	206	0	0	0	0	0	
	431	4000	1	1	1	1	1	0.不可交易；0.被PK不掉	0	0	虎王鞋	35	2.雷橫	03.褲子 - 雷橫	06.藍	3	12.收集品交換	5000	431	6000431	6100000	6200000	4000431	3ditem_a_001	1	35	2	0	00.無	0		00.無	0	00.無	0				131000	6550	207	0	0	0	0	0	
	432	4000	1	1	1	1	1	0.不可交易；0.被PK不掉	0	0	虎王拳套	35	2.雷橫	04.武器 - 雷橫	06.藍	3	12.收集品交換	5000	432	6000432	6100000	6200000	4000432	3ditem_a_001	1	35	2	0	00.無	0		00.無	0	00.無	0				245700	12285	208	0	0	0	0	0	
	433	4000	1	1	1	1	0	1.可以交易；1.被PK會掉	1	1	飛虎帽	40	2.雷橫	01.帽子 - 雷橫	03.灰	0	07.怪物掉寶	5000	433	6000433	6100000	6200000	4000433	3ditem_a_001	1	40	2	0	00.無	0		00.無	0	00.無	0				211200	10560	205	0	0	0	0	0	
	434	4000	1	1	1	1	0	1.可以交易；1.被PK會掉	1	1	飛虎衣	40	2.雷橫	02.上衣 - 雷橫	03.灰	0	07.怪物掉寶	5000	434	6000434	6100000	6200000	4000434	3ditem_a_001	1	40	2	0	00.無	0		00.無	0	00.無	0				271500	13575	206	0	0	0	0	0	
	435	4000	1	1	1	1	0	1.可以交易；1.被PK會掉	1	1	飛虎鞋	40	2.雷橫	03.褲子 - 雷橫	03.灰	0	07.怪物掉寶	5000	435	6000435	6100000	6200000	4000435	3ditem_a_001	1	40	2	0	00.無	0		00.無	0	00.無	0				241300	12065	207	0	0	0	0	0	
	436	4000	1	1	1	1	0	1.可以交易；1.被PK會掉	1	1	飛虎拳套	40	2.雷橫	04.武器 - 雷橫	03.灰	0	07.怪物掉寶	5000	436	6000436	6100000	6200000	4000436	3ditem_a_001	1	40	2	0	00.無	0		00.無	0	00.無	0				452500	22625	208	0	0	0	0	0	
	437	4000	1	1	1	1	0	1.可以交易；1.被PK會掉	1	1	降虎帽	40	2.雷橫	01.帽子 - 雷橫	04.白	1	03.商店購買	5000	437	6000437	6100000	6200000	4000437	3ditem_a_001	1	40	2	0	00.無	0		00.無	0	00.無	0				211200	21120	205	0	0	0	0	0	
	438	4000	1	1	1	1	0	1.可以交易；1.被PK會掉	1	1	降虎衣	40	2.雷橫	02.上衣 - 雷橫	04.白	1	03.商店購買	5000	438	6000438	6100000	6200000	4000438	3ditem_a_001	1	40	2	0	00.無	0		00.無	0	00.無	0				271500	27150	206	0	0	0	0	0	
	439	4000	1	1	1	1	0	1.可以交易；1.被PK會掉	1	1	降虎鞋	40	2.雷橫	03.褲子 - 雷橫	04.白	1	03.商店購買	5000	439	6000439	6100000	6200000	4000439	3ditem_a_001	1	40	2	0	00.無	0		00.無	0	00.無	0				241300	24130	207	0	0	0	0	0	
	440	4000	1	1	1	1	0	1.可以交易；1.被PK會掉	1	1	降虎拳套	40	2.雷橫	04.武器 - 雷橫	04.白	1	03.商店購買	5000	440	6000440	6100000	6200000	4000440	3ditem_a_001	1	40	2	0	00.無	0		00.無	0	00.無	0				452500	45250	208	0	0	0	0	0	
	441	4000	1	1	1	1	1	1.可以交易；0.被PK不掉	1	0	霸虎帽	40	2.雷橫	01.帽子 - 雷橫	05.綠	2	07.怪物掉寶	5000	441	6000441	6100000	6200000	4000441	3ditem_a_001	1	40	2	0	00.無	0		00.無	0	00.無	0				211200	10560	205	0	0	0	0	0	
	442	4000	1	1	1	1	1	1.可以交易；0.被PK不掉	1	0	霸虎衣	40	2.雷橫	02.上衣 - 雷橫	05.綠	2	07.怪物掉寶	5000	442	6000442	6100000	6200000	4000442	3ditem_a_001	1	40	2	0	00.無	0		00.無	0	00.無	0				271500	13575	206	0	0	0	0	0	
	443	4000	1	1	1	1	1	1.可以交易；0.被PK不掉	1	0	霸虎鞋	40	2.雷橫	03.褲子 - 雷橫	05.綠	2	07.怪物掉寶	5000	443	6000443	6100000	6200000	4000443	3ditem_a_001	1	40	2	0	00.無	0		00.無	0	00.無	0				241300	12065	207	0	0	0	0	0	
	444	4000	1	1	1	1	1	1.可以交易；0.被PK不掉	1	0	霸虎拳套	40	2.雷橫	04.武器 - 雷橫	05.綠	2	07.怪物掉寶	5000	444	6000444	6100000	6200000	4000444	3ditem_a_001	1	40	2	0	00.無	0		00.無	0	00.無	0				452500	22625	208	0	0	0	0	0	
	445	4000	1	1	1	1	1	1.可以交易；0.被PK不掉	1	0	神寅帽	40	2.雷橫	01.帽子 - 雷橫	06.藍	3	12.收集品交換	5000	445	6000445	6100000	6200000	4000445	3ditem_a_001	1	40	2	0	00.無	0		00.無	0	00.無	0				211200	10560	205	0	0	0	0	0	
	446	4000	1	1	1	1	1	1.可以交易；0.被PK不掉	1	0	神寅衣	40	2.雷橫	02.上衣 - 雷橫	06.藍	3	12.收集品交換	5000	446	6000446	6100000	6200000	4000446	3ditem_a_001	1	40	2	0	00.無	0		00.無	0	00.無	0				271500	13575	206	0	0	0	0	0	
	447	4000	1	1	1	1	1	1.可以交易；0.被PK不掉	1	0	神寅鞋	40	2.雷橫	03.褲子 - 雷橫	06.藍	3	12.收集品交換	5000	447	6000447	6100000	6200000	4000447	3ditem_a_001	1	40	2	0	00.無	0		00.無	0	00.無	0				241300	12065	207	0	0	0	0	0	
	448	4000	1	1	1	1	1	1.可以交易；0.被PK不掉	1	0	神寅拳套	40	2.雷橫	04.武器 - 雷橫	06.藍	3	12.收集品交換	5000	448	6000448	6100000	6200000	4000448	3ditem_a_001	1	40	2	0	00.無	0		00.無	0	00.無	0				452500	22625	208	0	0	0	0	0	
	449	4000	1	1	1	1	1	1.可以交易；0.被PK不掉	1	0	鐵戰士帽	45	2.雷橫	01.帽子 - 雷橫	07.紫	4	07.怪物掉寶	5000	449	6000449	6100000	6200000	4000449	3ditem_a_001	1	45	2	0	00.無	0		00.無	0	00.無	0				363000	18150	205	0	0	0	0	0	
	450	4000	1	1	1	1	1	1.可以交易；0.被PK不掉	1	0	鐵戰士衣	45	2.雷橫	02.上衣 - 雷橫	07.紫	4	07.怪物掉寶	5000	450	6000450	6100000	6200000	4000450	3ditem_a_001	1	45	2	0	00.無	0		00.無	0	00.無	0				467000	23350	206	0	0	0	0	0	
	451	4000	1	1	1	1	1	1.可以交易；0.被PK不掉	1	0	鐵戰士鞋	45	2.雷橫	03.褲子 - 雷橫	07.紫	4	07.怪物掉寶	5000	451	6000451	6100000	6200000	4000451	3ditem_a_001	1	45	2	0	00.無	0		00.無	0	00.無	0				415000	20750	207	0	0	0	0	0	
	452	4000	1	1	1	1	1	1.可以交易；0.被PK不掉	1	0	鐵戰士拳套	45	2.雷橫	04.武器 - 雷橫	07.紫	4	07.怪物掉寶	5000	452	6000452	6100000	6200000	4000452	3ditem_a_001	1	45	2	0	00.無	0		00.無	0	00.無	0				778000	38900	208	0	0	0	0	0	
	453	4000	1	1	1	1	0	1.可以交易；1.被PK會掉	1	1	霧隱帽	45	2.雷橫	01.帽子 - 雷橫	03.灰	0	07.怪物掉寶	5000	453	6000453	6100000	6200000	4000453	3ditem_a_001	1	45	2	0	00.無	0		00.無	0	00.無	0				363000	18150	205	0	0	0	0	0	
	454	4000	1	1	1	1	0	1.可以交易；1.被PK會掉	1	1	霧隱衣	45	2.雷橫	02.上衣 - 雷橫	03.灰	0	07.怪物掉寶	5000	454	6000454	6100000	6200000	4000454	3ditem_a_001	1	45	2	0	00.無	0		00.無	0	00.無	0				467000	23350	206	0	0	0	0	0	
	455	4000	1	1	1	1	0	1.可以交易；1.被PK會掉	1	1	霧隱鞋	45	2.雷橫	03.褲子 - 雷橫	03.灰	0	07.怪物掉寶	5000	455	6000455	6100000	6200000	4000455	3ditem_a_001	1	45	2	0	00.無	0		00.無	0	00.無	0				415000	20750	207	0	0	0	0	0	
	456	4000	1	1	1	1	0	1.可以交易；1.被PK會掉	1	1	霧隱拳套	45	2.雷橫	04.武器 - 雷橫	03.灰	0	07.怪物掉寶	5000	456	6000456	6100000	6200000	4000456	3ditem_a_001	1	45	2	0	00.無	0		00.無	0	00.無	0				778000	38900	208	0	0	0	0	0	
	457	4000	1	1	1	1	0	1.可以交易；1.被PK會掉	1	1	烈爪帽	45	2.雷橫	01.帽子 - 雷橫	04.白	1	03.商店購買	5000	457	6000457	6100000	6200000	4000457	3ditem_a_001	1	45	2	0	00.無	0		00.無	0	00.無	0				363000	36300	205	0	0	0	0	0	
	458	4000	1	1	1	1	0	1.可以交易；1.被PK會掉	1	1	烈爪衣	45	2.雷橫	02.上衣 - 雷橫	04.白	1	03.商店購買	5000	458	6000458	6100000	6200000	4000458	3ditem_a_001	1	45	2	0	00.無	0		00.無	0	00.無	0				467000	46700	206	0	0	0	0	0	
	459	4000	1	1	1	1	0	1.可以交易；1.被PK會掉	1	1	烈爪鞋	45	2.雷橫	03.褲子 - 雷橫	04.白	1	03.商店購買	5000	459	6000459	6100000	6200000	4000459	3ditem_a_001	1	45	2	0	00.無	0		00.無	0	00.無	0				415000	41500	207	0	0	0	0	0	
	460	4000	1	1	1	1	0	1.可以交易；1.被PK會掉	1	1	烈爪拳套	45	2.雷橫	04.武器 - 雷橫	04.白	1	03.商店購買	5000	460	6000460	6100000	6200000	4000460	3ditem_a_001	1	45	2	0	00.無	0		00.無	0	00.無	0				778000	77800	208	0	0	0	0	0	
	461	4000	1	1	1	1	1	1.可以交易；0.被PK不掉	1	0	形遁帽	45	2.雷橫	01.帽子 - 雷橫	05.綠	2	07.怪物掉寶	5000	461	6000461	6100000	6200000	4000461	3ditem_a_001	1	45	2	0	00.無	0		00.無	0	00.無	0				363000	18150	205	0	0	0	0	0	
	462	4000	1	1	1	1	1	1.可以交易；0.被PK不掉	1	0	形遁衣	45	2.雷橫	02.上衣 - 雷橫	05.綠	2	07.怪物掉寶	5000	462	6000462	6100000	6200000	4000462	3ditem_a_001	1	45	2	0	00.無	0		00.無	0	00.無	0				467000	23350	206	0	0	0	0	0	
	463	4000	1	1	1	1	1	1.可以交易；0.被PK不掉	1	0	形遁鞋	45	2.雷橫	03.褲子 - 雷橫	05.綠	2	07.怪物掉寶	5000	463	6000463	6100000	6200000	4000463	3ditem_a_001	1	45	2	0	00.無	0		00.無	0	00.無	0				415000	20750	207	0	0	0	0	0	
	464	4000	1	1	1	1	1	1.可以交易；0.被PK不掉	1	0	形遁拳套	45	2.雷橫	04.武器 - 雷橫	05.綠	2	07.怪物掉寶	5000	464	6000464	6100000	6200000	4000464	3ditem_a_001	1	45	2	0	00.無	0		00.無	0	00.無	0				778000	38900	208	0	0	0	0	0	
	465	4000	1	1	1	1	1	0.不可交易；0.被PK不掉	0	0	瞬隱帽	45	2.雷橫	01.帽子 - 雷橫	06.藍	3	12.收集品交換	5000	465	6000465	6100000	6200000	4000465	3ditem_a_001	1	45	2	0	00.無	0		00.無	0	00.無	0				363000	18150	205	0	0	0	0	0	
	466	4000	1	1	1	1	1	0.不可交易；0.被PK不掉	0	0	瞬隱衣	45	2.雷橫	02.上衣 - 雷橫	06.藍	3	12.收集品交換	5000	466	6000466	6100000	6200000	4000466	3ditem_a_001	1	45	2	0	00.無	0		00.無	0	00.無	0				467000	23350	206	0	0	0	0	0	
	467	4000	1	1	1	1	1	0.不可交易；0.被PK不掉	0	0	瞬隱鞋	45	2.雷橫	03.褲子 - 雷橫	06.藍	3	12.收集品交換	5000	467	6000467	6100000	6200000	4000467	3ditem_a_001	1	45	2	0	00.無	0		00.無	0	00.無	0				415000	20750	207	0	0	0	0	0	
	468	4000	1	1	1	1	1	0.不可交易；0.被PK不掉	0	0	瞬隱拳套	45	2.雷橫	04.武器 - 雷橫	06.藍	3	12.收集品交換	5000	468	6000468	6100000	6200000	4000468	3ditem_a_001	1	45	2	0	00.無	0		00.無	0	00.無	0				778000	38900	208	0	0	0	0	0	
	469	4000	1	1	1	1	0	1.可以交易；1.被PK會掉	1	1	盜賊帽	50	2.雷橫	01.帽子 - 雷橫	03.灰	0	07.怪物掉寶	5000	469	6000469	6100000	6200000	4000469	3ditem_a_001	1	50	2	0	00.無	0		00.無	0	00.無	0				592000	29600	205	0	0	0	0	0	
	470	4000	1	1	1	1	0	1.可以交易；1.被PK會掉	1	1	盜賊衣	50	2.雷橫	02.上衣 - 雷橫	03.灰	0	07.怪物掉寶	5000	470	6000470	6100000	6200000	4000470	3ditem_a_001	1	50	2	0	00.無	0		00.無	0	00.無	0				762000	38100	206	0	0	0	0	0	
	471	4000	1	1	1	1	0	1.可以交易；1.被PK會掉	1	1	盜賊鞋	50	2.雷橫	03.褲子 - 雷橫	03.灰	0	07.怪物掉寶	5000	471	6000471	6100000	6200000	4000471	3ditem_a_001	1	50	2	0	00.無	0		00.無	0	00.無	0				677000	33850	207	0	0	0	0	0	
	472	4000	1	1	1	1	0	1.可以交易；1.被PK會掉	1	1	盜賊拳套	50	2.雷橫	04.武器 - 雷橫	03.灰	0	07.怪物掉寶	5000	472	6000472	6100000	6200000	4000472	3ditem_a_001	1	50	2	0	00.無	0		00.無	0	00.無	0				1269000	63450	208	0	0	0	0	0	
	473	4000	1	1	1	1	0	1.可以交易；1.被PK會掉	1	1	遊俠帽	50	2.雷橫	01.帽子 - 雷橫	04.白	1	03.商店購買	5000	473	6000473	6100000	6200000	4000473	3ditem_a_001	1	50	2	0	00.無	0		00.無	0	00.無	0				592000	59200	205	0	0	0	0	0	
	474	4000	1	1	1	1	0	1.可以交易；1.被PK會掉	1	1	遊俠衣	50	2.雷橫	02.上衣 - 雷橫	04.白	1	03.商店購買	5000	474	6000474	6100000	6200000	4000474	3ditem_a_001	1	50	2	0	00.無	0		00.無	0	00.無	0				762000	76200	206	0	0	0	0	0	
	475	4000	1	1	1	1	0	1.可以交易；1.被PK會掉	1	1	遊俠鞋	50	2.雷橫	03.褲子 - 雷橫	04.白	1	03.商店購買	5000	475	6000475	6100000	6200000	4000475	3ditem_a_001	1	50	2	0	00.無	0		00.無	0	00.無	0				677000	67700	207	0	0	0	0	0	
	476	4000	1	1	1	1	0	1.可以交易；1.被PK會掉	1	1	遊俠拳套	50	2.雷橫	04.武器 - 雷橫	04.白	1	03.商店購買	5000	476	6000476	6100000	6200000	4000476	3ditem_a_001	1	50	2	0	00.無	0		00.無	0	00.無	0				1269000	126900	208	0	0	0	0	0	
	477	4000	1	1	1	1	1	1.可以交易；0.被PK不掉	1	0	厄運帽	50	2.雷橫	01.帽子 - 雷橫	05.綠	2	07.怪物掉寶	5000	477	6000477	6100000	6200000	4000477	3ditem_a_001	1	50	2	0	00.無	0		00.無	0	00.無	0				592000	29600	205	0	0	0	0	0	
	478	4000	1	1	1	1	1	1.可以交易；0.被PK不掉	1	0	厄運衣	50	2.雷橫	02.上衣 - 雷橫	05.綠	2	07.怪物掉寶	5000	478	6000478	6100000	6200000	4000478	3ditem_a_001	1	50	2	0	00.無	0		00.無	0	00.無	0				762000	38100	206	0	0	0	0	0	
	479	4000	1	1	1	1	1	1.可以交易；0.被PK不掉	1	0	厄運鞋	50	2.雷橫	03.褲子 - 雷橫	05.綠	2	07.怪物掉寶	5000	479	6000479	6100000	6200000	4000479	3ditem_a_001	1	50	2	0	00.無	0		00.無	0	00.無	0				677000	33850	207	0	0	0	0	0	
	480	4000	1	1	1	1	1	1.可以交易；0.被PK不掉	1	0	厄運拳套	50	2.雷橫	04.武器 - 雷橫	05.綠	2	07.怪物掉寶	5000	480	6000480	6100000	6200000	4000480	3ditem_a_001	1	50	2	0	00.無	0		00.無	0	00.無	0				1269000	63450	208	0	0	0	0	0	
	481	4000	1	1	1	1	1	1.可以交易；0.被PK不掉	1	0	威力帽	50	2.雷橫	01.帽子 - 雷橫	06.藍	3	12.收集品交換	5000	481	6000481	6100000	6200000	4000481	3ditem_a_001	1	50	2	0	00.無	0		00.無	0	00.無	0				592000	29600	205	0	0	0	0	0	
	482	4000	1	1	1	1	1	1.可以交易；0.被PK不掉	1	0	威力衣	50	2.雷橫	02.上衣 - 雷橫	06.藍	3	12.收集品交換	5000	482	6000482	6100000	6200000	4000482	3ditem_a_001	1	50	2	0	00.無	0		00.無	0	00.無	0				762000	38100	206	0	0	0	0	0	
	483	4000	1	1	1	1	1	1.可以交易；0.被PK不掉	1	0	威力鞋	50	2.雷橫	03.褲子 - 雷橫	06.藍	3	12.收集品交換	5000	483	6000483	6100000	6200000	4000483	3ditem_a_001	1	50	2	0	00.無	0		00.無	0	00.無	0				677000	33850	207	0	0	0	0	0	
	484	4000	1	1	1	1	1	1.可以交易；0.被PK不掉	1	0	威力拳套	50	2.雷橫	04.武器 - 雷橫	06.藍	3	12.收集品交換	5000	484	6000484	6100000	6200000	4000484	3ditem_a_001	1	50	2	0	00.無	0		00.無	0	00.無	0				1269000	63450	208	0	0	0	0	0	
	485	4000	1	1	1	1	0	1.可以交易；1.被PK會掉	1	1	鋁甲帽	55	2.雷橫	01.帽子 - 雷橫	03.灰	0	07.怪物掉寶	5000	485	6000485	6100000	6200000	4000485	3ditem_a_001	1	55	2	0	00.無	0		00.無	0	00.無	0				929000	46450	205	0	0	0	0	0	
	486	4000	1	1	1	1	0	1.可以交易；1.被PK會掉	1	1	鋁甲衣	55	2.雷橫	02.上衣 - 雷橫	03.灰	0	07.怪物掉寶	5000	486	6000486	6100000	6200000	4000486	3ditem_a_001	1	55	2	0	00.無	0		00.無	0	00.無	0				1194000	59700	206	0	0	0	0	0	
	487	4000	1	1	1	1	0	1.可以交易；1.被PK會掉	1	1	鋁甲鞋	55	2.雷橫	03.褲子 - 雷橫	03.灰	0	07.怪物掉寶	5000	487	6000487	6100000	6200000	4000487	3ditem_a_001	1	55	2	0	00.無	0		00.無	0	00.無	0				1061000	53050	207	0	0	0	0	0	
	488	4000	1	1	1	1	0	1.可以交易；1.被PK會掉	1	1	鋁甲拳套	55	2.雷橫	04.武器 - 雷橫	03.灰	0	07.怪物掉寶	5000	488	6000488	6100000	6200000	4000488	3ditem_a_001	1	55	2	0	00.無	0		00.無	0	00.無	0				1990000	99500	208	0	0	0	0	0	
	489	4000	1	1	1	1	0	1.可以交易；1.被PK會掉	1	1	鐵甲帽	55	2.雷橫	01.帽子 - 雷橫	04.白	1	03.商店購買	5000	489	6000489	6100000	6200000	4000489	3ditem_a_001	1	55	2	0	00.無	0		00.無	0	00.無	0				929000	92900	205	0	0	0	0	0	
	490	4000	1	1	1	1	0	1.可以交易；1.被PK會掉	1	1	鐵甲衣	55	2.雷橫	02.上衣 - 雷橫	04.白	1	03.商店購買	5000	490	6000490	6100000	6200000	4000490	3ditem_a_001	1	55	2	0	00.無	0		00.無	0	00.無	0				1194000	119400	206	0	0	0	0	0	
	491	4000	1	1	1	1	0	1.可以交易；1.被PK會掉	1	1	鐵甲鞋	55	2.雷橫	03.褲子 - 雷橫	04.白	1	03.商店購買	5000	491	6000491	6100000	6200000	4000491	3ditem_a_001	1	55	2	0	00.無	0		00.無	0	00.無	0				1061000	106100	207	0	0	0	0	0	
	492	4000	1	1	1	1	0	1.可以交易；1.被PK會掉	1	1	鐵甲拳套	55	2.雷橫	04.武器 - 雷橫	04.白	1	03.商店購買	5000	492	6000492	6100000	6200000	4000492	3ditem_a_001	1	55	2	0	00.無	0		00.無	0	00.無	0				1990000	199000	208	0	0	0	0	0	
	493	4000	1	1	1	1	1	1.可以交易；0.被PK不掉	1	0	銅甲帽	55	2.雷橫	01.帽子 - 雷橫	05.綠	2	07.怪物掉寶	5000	493	6000493	6100000	6200000	4000493	3ditem_a_001	1	55	2	0	00.無	0		00.無	0	00.無	0				929000	46450	205	0	0	0	0	0	
	494	4000	1	1	1	1	1	1.可以交易；0.被PK不掉	1	0	銅甲衣	55	2.雷橫	02.上衣 - 雷橫	05.綠	2	07.怪物掉寶	5000	494	6000494	6100000	6200000	4000494	3ditem_a_001	1	55	2	0	00.無	0		00.無	0	00.無	0				1194000	59700	206	0	0	0	0	0	
	495	4000	1	1	1	1	1	1.可以交易；0.被PK不掉	1	0	銅甲鞋	55	2.雷橫	03.褲子 - 雷橫	05.綠	2	07.怪物掉寶	5000	495	6000495	6100000	6200000	4000495	3ditem_a_001	1	55	2	0	00.無	0		00.無	0	00.無	0				1061000	53050	207	0	0	0	0	0	
	496	4000	1	1	1	1	1	1.可以交易；0.被PK不掉	1	0	銅甲拳套	55	2.雷橫	04.武器 - 雷橫	05.綠	2	07.怪物掉寶	5000	496	6000496	6100000	6200000	4000496	3ditem_a_001	1	55	2	0	00.無	0		00.無	0	00.無	0				1990000	99500	208	0	0	0	0	0	
	497	4000	1	1	1	1	1	0.不可交易；0.被PK不掉	0	0	銀甲帽	55	2.雷橫	01.帽子 - 雷橫	06.藍	3	12.收集品交換	5000	497	6000497	6100000	6200000	4000497	3ditem_a_001	1	55	2	0	00.無	0		00.無	0	00.無	0				929000	46450	205	0	0	0	0	0	
	498	4000	1	1	1	1	1	0.不可交易；0.被PK不掉	0	0	銀甲衣	55	2.雷橫	02.上衣 - 雷橫	06.藍	3	12.收集品交換	5000	498	6000498	6100000	6200000	4000498	3ditem_a_001	1	55	2	0	00.無	0		00.無	0	00.無	0				1194000	59700	206	0	0	0	0	0	
	499	4000	1	1	1	1	1	0.不可交易；0.被PK不掉	0	0	銀甲鞋	55	2.雷橫	03.褲子 - 雷橫	06.藍	3	12.收集品交換	5000	499	6000499	6100000	6200000	4000499	3ditem_a_001	1	55	2	0	00.無	0		00.無	0	00.無	0				1061000	53050	207	0	0	0	0	0	
	500	4000	1	1	1	1	1	0.不可交易；0.被PK不掉	0	0	銀甲拳套	55	2.雷橫	04.武器 - 雷橫	06.藍	3	12.收集品交換	5000	500	6000500	6100000	6200000	4000500	3ditem_a_001	1	55	2	0	00.無	0		00.無	0	00.無	0				1990000	99500	208	0	0	0	0	0	
	501	4000	1	1	1	1	0	1.可以交易；1.被PK會掉	1	1	紋甲帽	60	2.雷橫	01.帽子 - 雷橫	03.灰	0	07.怪物掉寶	5000	501	6000501	6100000	6200000	4000501	3ditem_a_001	1	60	2	0	00.無	0		00.無	0	00.無	0				1407000	70350	205	0	0	0	0	0	
	502	4000	1	1	1	1	0	1.可以交易；1.被PK會掉	1	1	紋甲衣	60	2.雷橫	02.上衣 - 雷橫	03.灰	0	07.怪物掉寶	5000	502	6000502	6100000	6200000	4000502	3ditem_a_001	1	60	2	0	00.無	0		00.無	0	00.無	0				1809000	90450	206	0	0	0	0	0	
	503	4000	1	1	1	1	0	1.可以交易；1.被PK會掉	1	1	紋甲鞋	60	2.雷橫	03.褲子 - 雷橫	03.灰	0	07.怪物掉寶	5000	503	6000503	6100000	6200000	4000503	3ditem_a_001	1	60	2	0	00.無	0		00.無	0	00.無	0				1608000	80400	207	0	0	0	0	0	
	504	4000	1	1	1	1	0	1.可以交易；1.被PK會掉	1	1	紋甲拳套	60	2.雷橫	04.武器 - 雷橫	03.灰	0	07.怪物掉寶	5000	504	6000504	6100000	6200000	4000504	3ditem_a_001	1	60	2	0	00.無	0		00.無	0	00.無	0				3015000	150750	208	0	0	0	0	0	
	505	4000	1	1	1	1	0	1.可以交易；1.被PK會掉	1	1	裝甲帽	60	2.雷橫	01.帽子 - 雷橫	04.白	1	03.商店購買	5000	505	6000505	6100000	6200000	4000505	3ditem_a_001	1	60	2	0	00.無	0		00.無	0	00.無	0				1407000	140700	205	0	0	0	0	0	
	506	4000	1	1	1	1	0	1.可以交易；1.被PK會掉	1	1	裝甲衣	60	2.雷橫	02.上衣 - 雷橫	04.白	1	03.商店購買	5000	506	6000506	6100000	6200000	4000506	3ditem_a_001	1	60	2	0	00.無	0		00.無	0	00.無	0				1809000	180900	206	0	0	0	0	0	
	507	4000	1	1	1	1	0	1.可以交易；1.被PK會掉	1	1	裝甲鞋	60	2.雷橫	03.褲子 - 雷橫	04.白	1	03.商店購買	5000	507	6000507	6100000	6200000	4000507	3ditem_a_001	1	60	2	0	00.無	0		00.無	0	00.無	0				1608000	160800	207	0	0	0	0	0	
	508	4000	1	1	1	1	0	1.可以交易；1.被PK會掉	1	1	裝甲拳套	60	2.雷橫	04.武器 - 雷橫	04.白	1	03.商店購買	5000	508	6000508	6100000	6200000	4000508	3ditem_a_001	1	60	2	0	00.無	0		00.無	0	00.無	0				3015000	301500	208	0	0	0	0	0	
	509	4000	1	1	1	1	1	1.可以交易；0.被PK不掉	1	0	鋼甲帽	60	2.雷橫	01.帽子 - 雷橫	05.綠	2	07.怪物掉寶	5000	509	6000509	6100000	6200000	4000509	3ditem_a_001	1	60	2	0	00.無	0		00.無	0	00.無	0				1407000	70350	205	0	0	0	0	0	
	510	4000	1	1	1	1	1	1.可以交易；0.被PK不掉	1	0	鋼甲衣	60	2.雷橫	02.上衣 - 雷橫	05.綠	2	07.怪物掉寶	5000	510	6000510	6100000	6200000	4000510	3ditem_a_001	1	60	2	0	00.無	0		00.無	0	00.無	0				1809000	90450	206	0	0	0	0	0	
	511	4000	1	1	1	1	1	1.可以交易；0.被PK不掉	1	0	鋼甲鞋	60	2.雷橫	03.褲子 - 雷橫	05.綠	2	07.怪物掉寶	5000	511	6000511	6100000	6200000	4000511	3ditem_a_001	1	60	2	0	00.無	0		00.無	0	00.無	0				1608000	80400	207	0	0	0	0	0	
	512	4000	1	1	1	1	1	1.可以交易；0.被PK不掉	1	0	鋼甲拳套	60	2.雷橫	04.武器 - 雷橫	05.綠	2	07.怪物掉寶	5000	512	6000512	6100000	6200000	4000512	3ditem_a_001	1	60	2	0	00.無	0		00.無	0	00.無	0				3015000	150750	208	0	0	0	0	0	
	513	4000	1	1	1	1	1	1.可以交易；0.被PK不掉	1	0	合金帽	60	2.雷橫	01.帽子 - 雷橫	06.藍	3	12.收集品交換	5000	513	6000513	6100000	6200000	4000513	3ditem_a_001	1	60	2	0	00.無	0		00.無	0	00.無	0				1407000	70350	205	0	0	0	0	0	
	514	4000	1	1	1	1	1	1.可以交易；0.被PK不掉	1	0	合金衣	60	2.雷橫	02.上衣 - 雷橫	06.藍	3	12.收集品交換	5000	514	6000514	6100000	6200000	4000514	3ditem_a_001	1	60	2	0	00.無	0		00.無	0	00.無	0				1809000	90450	206	0	0	0	0	0	
	515	4000	1	1	1	1	1	1.可以交易；0.被PK不掉	1	0	合金鞋	60	2.雷橫	03.褲子 - 雷橫	06.藍	3	12.收集品交換	5000	515	6000515	6100000	6200000	4000515	3ditem_a_001	1	60	2	0	00.無	0		00.無	0	00.無	0				1608000	80400	207	0	0	0	0	0	
	516	4000	1	1	1	1	1	1.可以交易；0.被PK不掉	1	0	合金拳套	60	2.雷橫	04.武器 - 雷橫	06.藍	3	12.收集品交換	5000	516	6000516	6100000	6200000	4000516	3ditem_a_001	1	60	2	0	00.無	0		00.無	0	00.無	0				3015000	150750	208	0	0	0	0	0	
	517	4000	1	1	1	1	1	1.可以交易；0.被PK不掉	1	0	電子帽	55	2.雷橫	01.帽子 - 雷橫	07.紫	4	07.怪物掉寶	5000	517	6000517	6100000	6200000	4000517	3ditem_a_001	1	55	2	0	00.無	0		00.無	0	00.無	0				929000	46450	205	0	0	0	0	0	
	518	4000	1	1	1	1	1	1.可以交易；0.被PK不掉	1	0	電子衣	55	2.雷橫	02.上衣 - 雷橫	07.紫	4	07.怪物掉寶	5000	518	6000518	6100000	6200000	4000518	3ditem_a_001	1	55	2	0	00.無	0		00.無	0	00.無	0				1194000	59700	206	0	0	0	0	0	
	519	4000	1	1	1	1	1	1.可以交易；0.被PK不掉	1	0	電子鞋	55	2.雷橫	03.褲子 - 雷橫	07.紫	4	07.怪物掉寶	5000	519	6000519	6100000	6200000	4000519	3ditem_a_001	1	55	2	0	00.無	0		00.無	0	00.無	0				1061000	53050	207	0	0	0	0	0	
	520	4000	1	1	1	1	1	1.可以交易；0.被PK不掉	1	0	電子拳套	55	2.雷橫	04.武器 - 雷橫	07.紫	4	07.怪物掉寶	5000	520	6000520	6100000	6200000	4000520	3ditem_a_001	1	55	2	0	00.無	0		00.無	0	00.無	0				1990000	99500	208	0	0	0	0	0	
#	521	4000	0	1	1	1	0	1.可以交易；1.被PK會掉	1	1	虎吼頭盔	65	2.雷橫	01.帽子 - 雷橫	03.灰	0	07.怪物掉寶	5000	521	6000521	6100000	6200000	4000521	3ditem_a_001	1	65	2	0	00.無	0		00.無	0	00.無	0				2090000	104500	205	0	0	0	0	0	
#	522	4000	0	1	1	1	0	1.可以交易；1.被PK會掉	1	1	虎吼戰衣	65	2.雷橫	02.上衣 - 雷橫	03.灰	0	07.怪物掉寶	5000	522	6000522	6100000	6200000	4000522	3ditem_a_001	1	65	2	0	00.無	0		00.無	0	00.無	0				2680000	134000	206	0	0	0	0	0	
#	523	4000	0	1	1	1	0	1.可以交易；1.被PK會掉	1	1	虎吼戰鞋	65	2.雷橫	03.褲子 - 雷橫	03.灰	0	07.怪物掉寶	5000	523	6000523	6100000	6200000	4000523	3ditem_a_001	1	65	2	0	00.無	0		00.無	0	00.無	0				2390000	119500	207	0	0	0	0	0	
#	524	4000	0	1	1	1	0	1.可以交易；1.被PK會掉	1	1	虎吼拳套	65	2.雷橫	04.武器 - 雷橫	03.灰	0	07.怪物掉寶	5000	524	6000524	6100000	6200000	4000524	3ditem_a_001	1	65	2	0	00.無	0		00.無	0	00.無	0				4470000	223500	208	0	0	0	0	0	
#	525	4000	0	1	1	1	0	1.可以交易；1.被PK會掉	1	1	虎騎頭盔	65	2.雷橫	01.帽子 - 雷橫	04.白	1	03.商店購買	5000	525	6000525	6100000	6200000	4000525	3ditem_a_001	1	65	2	0	00.無	0		00.無	0	00.無	0				2090000	209000	205	0	0	0	0	0	
#	526	4000	0	1	1	1	0	1.可以交易；1.被PK會掉	1	1	虎騎戰衣	65	2.雷橫	02.上衣 - 雷橫	04.白	1	03.商店購買	5000	526	6000526	6100000	6200000	4000526	3ditem_a_001	1	65	2	0	00.無	0		00.無	0	00.無	0				2680000	268000	206	0	0	0	0	0	
#	527	4000	0	1	1	1	0	1.可以交易；1.被PK會掉	1	1	虎騎戰鞋	65	2.雷橫	03.褲子 - 雷橫	04.白	1	03.商店購買	5000	527	6000527	6100000	6200000	4000527	3ditem_a_001	1	65	2	0	00.無	0		00.無	0	00.無	0				2390000	239000	207	0	0	0	0	0	
#	528	4000	0	1	1	1	0	1.可以交易；1.被PK會掉	1	1	虎騎拳套	65	2.雷橫	04.武器 - 雷橫	04.白	1	03.商店購買	5000	528	6000528	6100000	6200000	4000528	3ditem_a_001	1	65	2	0	00.無	0		00.無	0	00.無	0				4470000	447000	208	0	0	0	0	0	
#	529	4000	0	1	1	1	1	1.可以交易；0.被PK不掉	1	0	虎魂頭盔	65	2.雷橫	01.帽子 - 雷橫	05.綠	2	07.怪物掉寶	5000	529	6000529	6100000	6200000	4000529	3ditem_a_001	1	65	2	0	00.無	0		00.無	0	00.無	0				2090000	104500	205	0	0	0	0	0	
#	530	4000	0	1	1	1	1	1.可以交易；0.被PK不掉	1	0	虎魂戰衣	65	2.雷橫	02.上衣 - 雷橫	05.綠	2	07.怪物掉寶	5000	530	6000530	6100000	6200000	4000530	3ditem_a_001	1	65	2	0	00.無	0		00.無	0	00.無	0				2680000	134000	206	0	0	0	0	0	
#	531	4000	0	1	1	1	1	1.可以交易；0.被PK不掉	1	0	虎魂戰鞋	65	2.雷橫	03.褲子 - 雷橫	05.綠	2	07.怪物掉寶	5000	531	6000531	6100000	6200000	4000531	3ditem_a_001	1	65	2	0	00.無	0		00.無	0	00.無	0				2390000	119500	207	0	0	0	0	0	
#	532	4000	0	1	1	1	1	1.可以交易；0.被PK不掉	1	0	虎魂拳套	65	2.雷橫	04.武器 - 雷橫	05.綠	2	07.怪物掉寶	5000	532	6000532	6100000	6200000	4000532	3ditem_a_001	1	65	2	0	00.無	0		00.無	0	00.無	0				4470000	223500	208	0	0	0	0	0	
#	533	4000	0	1	1	1	1	1.可以交易；0.被PK不掉	1	0	虎徽頭盔	65	2.雷橫	01.帽子 - 雷橫	06.藍	3	12.收集品交換	5000	533	6000533	6100000	6200000	4000533	3ditem_a_001	1	65	2	0	00.無	0		00.無	0	00.無	0				2090000	104500	205	0	0	0	0	0	
#	534	4000	0	1	1	1	1	1.可以交易；0.被PK不掉	1	0	虎徽戰衣	65	2.雷橫	02.上衣 - 雷橫	06.藍	3	12.收集品交換	5000	534	6000534	6100000	6200000	4000534	3ditem_a_001	1	65	2	0	00.無	0		00.無	0	00.無	0				2680000	134000	206	0	0	0	0	0	
#	535	4000	0	1	1	1	1	1.可以交易；0.被PK不掉	1	0	虎徽戰鞋	65	2.雷橫	03.褲子 - 雷橫	06.藍	3	12.收集品交換	5000	535	6000535	6100000	6200000	4000535	3ditem_a_001	1	65	2	0	00.無	0		00.無	0	00.無	0				2390000	119500	207	0	0	0	0	0	
#	536	4000	0	1	1	1	1	1.可以交易；0.被PK不掉	1	0	虎徽拳套	65	2.雷橫	04.武器 - 雷橫	06.藍	3	12.收集品交換	5000	536	6000536	6100000	6200000	4000536	3ditem_a_001	1	65	2	0	00.無	0		00.無	0	00.無	0				4470000	223500	208	0	0	0	0	0	
#	537	4000	0	1	1	1	0	1.可以交易；1.被PK會掉	1	1	胖虎頭盔	70	2.雷橫	01.帽子 - 雷橫	03.灰	0	07.怪物掉寶	5000	537	6000537	6100000	6200000	4000537	3ditem_a_001	1	70	2	0	00.無	0		00.無	0	00.無	0				2380000	119000	205	0	0	0	0	0	
#	538	4000	0	1	1	1	0	1.可以交易；1.被PK會掉	1	1	胖虎戰衣	70	2.雷橫	02.上衣 - 雷橫	03.灰	0	07.怪物掉寶	5000	538	6000538	6100000	6200000	4000538	3ditem_a_001	1	70	2	0	00.無	0		00.無	0	00.無	0				3060000	153000	206	0	0	0	0	0	
#	539	4000	0	1	1	1	0	1.可以交易；1.被PK會掉	1	1	胖虎戰鞋	70	2.雷橫	03.褲子 - 雷橫	03.灰	0	07.怪物掉寶	5000	539	6000539	6100000	6200000	4000539	3ditem_a_001	1	70	2	0	00.無	0		00.無	0	00.無	0				2720000	136000	207	0	0	0	0	0	
#	540	4000	0	1	1	1	0	1.可以交易；1.被PK會掉	1	1	胖虎拳套	70	2.雷橫	04.武器 - 雷橫	03.灰	0	07.怪物掉寶	5000	540	6000540	6100000	6200000	4000540	3ditem_a_001	1	70	2	0	00.無	0		00.無	0	00.無	0				5090000	254500	208	0	0	0	0	0	
#	541	4000	0	1	1	1	0	1.可以交易；1.被PK會掉	1	1	鐵虎頭盔	70	2.雷橫	01.帽子 - 雷橫	04.白	1	03.商店購買	5000	541	6000541	6100000	6200000	4000541	3ditem_a_001	1	70	2	0	00.無	0		00.無	0	00.無	0				2380000	238000	205	0	0	0	0	0	
#	542	4000	0	1	1	1	0	1.可以交易；1.被PK會掉	1	1	鐵虎戰衣	70	2.雷橫	02.上衣 - 雷橫	04.白	1	03.商店購買	5000	542	6000542	6100000	6200000	4000542	3ditem_a_001	1	70	2	0	00.無	0		00.無	0	00.無	0				3060000	306000	206	0	0	0	0	0	
#	543	4000	0	1	1	1	0	1.可以交易；1.被PK會掉	1	1	鐵虎戰鞋	70	2.雷橫	03.褲子 - 雷橫	04.白	1	03.商店購買	5000	543	6000543	6100000	6200000	4000543	3ditem_a_001	1	70	2	0	00.無	0		00.無	0	00.無	0				2720000	272000	207	0	0	0	0	0	
#	544	4000	0	1	1	1	0	1.可以交易；1.被PK會掉	1	1	鐵虎拳套	70	2.雷橫	04.武器 - 雷橫	04.白	1	03.商店購買	5000	544	6000544	6100000	6200000	4000544	3ditem_a_001	1	70	2	0	00.無	0		00.無	0	00.無	0				5090000	509000	208	0	0	0	0	0	
#	545	4000	0	1	1	1	1	1.可以交易；0.被PK不掉	1	0	銅虎頭盔	70	2.雷橫	01.帽子 - 雷橫	05.綠	2	07.怪物掉寶	5000	545	6000545	6100000	6200000	4000545	3ditem_a_001	1	70	2	0	00.無	0		00.無	0	00.無	0				2380000	119000	205	0	0	0	0	0	
#	546	4000	0	1	1	1	1	1.可以交易；0.被PK不掉	1	0	銅虎戰衣	70	2.雷橫	02.上衣 - 雷橫	05.綠	2	07.怪物掉寶	5000	546	6000546	6100000	6200000	4000546	3ditem_a_001	1	70	2	0	00.無	0		00.無	0	00.無	0				3060000	153000	206	0	0	0	0	0	
#	547	4000	0	1	1	1	1	1.可以交易；0.被PK不掉	1	0	銅虎戰鞋	70	2.雷橫	03.褲子 - 雷橫	05.綠	2	07.怪物掉寶	5000	547	6000547	6100000	6200000	4000547	3ditem_a_001	1	70	2	0	00.無	0		00.無	0	00.無	0				2720000	136000	207	0	0	0	0	0	
#	548	4000	0	1	1	1	1	1.可以交易；0.被PK不掉	1	0	銅虎拳套	70	2.雷橫	04.武器 - 雷橫	05.綠	2	07.怪物掉寶	5000	548	6000548	6100000	6200000	4000548	3ditem_a_001	1	70	2	0	00.無	0		00.無	0	00.無	0				5090000	254500	208	0	0	0	0	0	
#	549	4000	0	1	1	1	1	1.可以交易；0.被PK不掉	1	0	鋼虎頭盔	70	2.雷橫	01.帽子 - 雷橫	06.藍	3	12.收集品交換	5000	549	6000549	6100000	6200000	4000549	3ditem_a_001	1	70	2	0	00.無	0		00.無	0	00.無	0				2380000	119000	205	0	0	0	0	0	
#	550	4000	0	1	1	1	1	1.可以交易；0.被PK不掉	1	0	鋼虎戰衣	70	2.雷橫	02.上衣 - 雷橫	06.藍	3	12.收集品交換	5000	550	6000550	6100000	6200000	4000550	3ditem_a_001	1	70	2	0	00.無	0		00.無	0	00.無	0				3060000	153000	206	0	0	0	0	0	
#	551	4000	0	1	1	1	1	1.可以交易；0.被PK不掉	1	0	鋼虎戰鞋	70	2.雷橫	03.褲子 - 雷橫	06.藍	3	12.收集品交換	5000	551	6000551	6100000	6200000	4000551	3ditem_a_001	1	70	2	0	00.無	0		00.無	0	00.無	0				2720000	136000	207	0	0	0	0	0	
#	552	4000	0	1	1	1	1	1.可以交易；0.被PK不掉	1	0	鋼虎拳套	70	2.雷橫	04.武器 - 雷橫	06.藍	3	12.收集品交換	5000	552	6000552	6100000	6200000	4000552	3ditem_a_001	1	70	2	0	00.無	0		00.無	0	00.無	0				5090000	254500	208	0	0	0	0	0	
#	553	4000	0	1	1	1	0	1.可以交易；1.被PK會掉	1	1	波斯頭盔	75	2.雷橫	01.帽子 - 雷橫	03.灰	0	07.怪物掉寶	5000	553	6000553	6100000	6200000	4000553	3ditem_a_001	1	75	2	0	00.無	0		00.無	0	00.無	0				1	1	205	0	0	0	0	0	
#	554	4000	0	1	1	1	0	1.可以交易；1.被PK會掉	1	1	波斯戰衣	75	2.雷橫	02.上衣 - 雷橫	03.灰	0	07.怪物掉寶	5000	554	6000554	6100000	6200000	4000554	3ditem_a_001	1	75	2	0	00.無	0		00.無	0	00.無	0				1	1	206	0	0	0	0	0	
#	555	4000	0	1	1	1	0	1.可以交易；1.被PK會掉	1	1	波斯戰鞋	75	2.雷橫	03.褲子 - 雷橫	03.灰	0	07.怪物掉寶	5000	555	6000555	6100000	6200000	4000555	3ditem_a_001	1	75	2	0	00.無	0		00.無	0	00.無	0				1	1	207	0	0	0	0	0	
#	556	4000	0	1	1	1	0	1.可以交易；1.被PK會掉	1	1	波斯拳套	75	2.雷橫	04.武器 - 雷橫	03.灰	0	07.怪物掉寶	5000	556	6000556	6100000	6200000	4000556	3ditem_a_001	1	75	2	0	00.無	0		00.無	0	00.無	0				1	1	208	0	0	0	0	0	
#	557	4000	0	1	1	1	0	1.可以交易；1.被PK會掉	1	1	無雙頭盔	75	2.雷橫	01.帽子 - 雷橫	04.白	1	03.商店購買	5000	557	6000557	6100000	6200000	4000557	3ditem_a_001	1	75	2	0	00.無	0		00.無	0	00.無	0				1	1	205	0	0	0	0	0	
#	558	4000	0	1	1	1	0	1.可以交易；1.被PK會掉	1	1	無雙戰衣	75	2.雷橫	02.上衣 - 雷橫	04.白	1	03.商店購買	5000	558	6000558	6100000	6200000	4000558	3ditem_a_001	1	75	2	0	00.無	0		00.無	0	00.無	0				1	1	206	0	0	0	0	0	
#	559	4000	0	1	1	1	0	1.可以交易；1.被PK會掉	1	1	無雙戰鞋	75	2.雷橫	03.褲子 - 雷橫	04.白	1	03.商店購買	5000	559	6000559	6100000	6200000	4000559	3ditem_a_001	1	75	2	0	00.無	0		00.無	0	00.無	0				1	1	207	0	0	0	0	0	
#	560	4000	0	1	1	1	0	1.可以交易；1.被PK會掉	1	1	無雙拳套	75	2.雷橫	04.武器 - 雷橫	04.白	1	03.商店購買	5000	560	6000560	6100000	6200000	4000560	3ditem_a_001	1	75	2	0	00.無	0		00.無	0	00.無	0				1	1	208	0	0	0	0	0	
#	561	4000	0	1	1	1	1	1.可以交易；0.被PK不掉	1	0	戰國頭盔	75	2.雷橫	01.帽子 - 雷橫	05.綠	2	07.怪物掉寶	5000	561	6000561	6100000	6200000	4000561	3ditem_a_001	1	75	2	0	00.無	0		00.無	0	00.無	0				1	1	205	0	0	0	0	0	
#	562	4000	0	1	1	1	1	1.可以交易；0.被PK不掉	1	0	戰國戰衣	75	2.雷橫	02.上衣 - 雷橫	05.綠	2	07.怪物掉寶	5000	562	6000562	6100000	6200000	4000562	3ditem_a_001	1	75	2	0	00.無	0		00.無	0	00.無	0				1	1	206	0	0	0	0	0	
#	563	4000	0	1	1	1	1	1.可以交易；0.被PK不掉	1	0	戰國戰鞋	75	2.雷橫	03.褲子 - 雷橫	05.綠	2	07.怪物掉寶	5000	563	6000563	6100000	6200000	4000563	3ditem_a_001	1	75	2	0	00.無	0		00.無	0	00.無	0				1	1	207	0	0	0	0	0	
#	564	4000	0	1	1	1	1	1.可以交易；0.被PK不掉	1	0	戰國拳套	75	2.雷橫	04.武器 - 雷橫	05.綠	2	07.怪物掉寶	5000	564	6000564	6100000	6200000	4000564	3ditem_a_001	1	75	2	0	00.無	0		00.無	0	00.無	0				1	1	208	0	0	0	0	0	
#	565	4000	0	1	1	1	1	1.可以交易；0.被PK不掉	1	0	印加頭盔	75	2.雷橫	01.帽子 - 雷橫	06.藍	3	12.收集品交換	5000	565	6000565	6100000	6200000	4000565	3ditem_a_001	1	75	2	0	00.無	0		00.無	0	00.無	0				1	1	205	0	0	0	0	0	
#	566	4000	0	1	1	1	1	1.可以交易；0.被PK不掉	1	0	印加戰衣	75	2.雷橫	02.上衣 - 雷橫	06.藍	3	12.收集品交換	5000	566	6000566	6100000	6200000	4000566	3ditem_a_001	1	75	2	0	00.無	0		00.無	0	00.無	0				1	1	206	0	0	0	0	0	
#	567	4000	0	1	1	1	1	1.可以交易；0.被PK不掉	1	0	印加戰鞋	75	2.雷橫	03.褲子 - 雷橫	06.藍	3	12.收集品交換	5000	567	6000567	6100000	6200000	4000567	3ditem_a_001	1	75	2	0	00.無	0		00.無	0	00.無	0				1	1	207	0	0	0	0	0	
#	568	4000	0	1	1	1	1	1.可以交易；0.被PK不掉	1	0	印加拳套	75	2.雷橫	04.武器 - 雷橫	06.藍	3	12.收集品交換	5000	568	6000568	6100000	6200000	4000568	3ditem_a_001	1	75	2	0	00.無	0		00.無	0	00.無	0				1	1	208	0	0	0	0	0	
#	569	4000	0	1	1	1	0	1.可以交易；1.被PK會掉	1	1	使命頭盔	80	2.雷橫	01.帽子 - 雷橫	03.灰	0	07.怪物掉寶	5000	569	6000569	6100000	6200000	4000569	3ditem_a_001	1	80	2	0	00.無	0		00.無	0	00.無	0				1	1	205	0	0	0	0	0	
#	570	4000	0	1	1	1	0	1.可以交易；1.被PK會掉	1	1	使命戰衣	80	2.雷橫	02.上衣 - 雷橫	03.灰	0	07.怪物掉寶	5000	570	6000570	6100000	6200000	4000570	3ditem_a_001	1	80	2	0	00.無	0		00.無	0	00.無	0				1	1	206	0	0	0	0	0	
#	571	4000	0	1	1	1	0	1.可以交易；1.被PK會掉	1	1	使命戰鞋	80	2.雷橫	03.褲子 - 雷橫	03.灰	0	07.怪物掉寶	5000	571	6000571	6100000	6200000	4000571	3ditem_a_001	1	80	2	0	00.無	0		00.無	0	00.無	0				1	1	207	0	0	0	0	0	
#	572	4000	0	1	1	1	0	1.可以交易；1.被PK會掉	1	1	使命拳套	80	2.雷橫	04.武器 - 雷橫	03.灰	0	07.怪物掉寶	5000	572	6000572	6100000	6200000	4000572	3ditem_a_001	1	80	2	0	00.無	0		00.無	0	00.無	0				1	1	208	0	0	0	0	0	
#	573	4000	0	1	1	1	0	1.可以交易；1.被PK會掉	1	1	和平頭盔	80	2.雷橫	01.帽子 - 雷橫	04.白	1	03.商店購買	5000	573	6000573	6100000	6200000	4000573	3ditem_a_001	1	80	2	0	00.無	0		00.無	0	00.無	0				1	1	205	0	0	0	0	0	
#	574	4000	0	1	1	1	0	1.可以交易；1.被PK會掉	1	1	和平戰衣	80	2.雷橫	02.上衣 - 雷橫	04.白	1	03.商店購買	5000	574	6000574	6100000	6200000	4000574	3ditem_a_001	1	80	2	0	00.無	0		00.無	0	00.無	0				1	1	206	0	0	0	0	0	
#	575	4000	0	1	1	1	0	1.可以交易；1.被PK會掉	1	1	和平戰鞋	80	2.雷橫	03.褲子 - 雷橫	04.白	1	03.商店購買	5000	575	6000575	6100000	6200000	4000575	3ditem_a_001	1	80	2	0	00.無	0		00.無	0	00.無	0				1	1	207	0	0	0	0	0	
#	576	4000	0	1	1	1	0	1.可以交易；1.被PK會掉	1	1	和平拳套	80	2.雷橫	04.武器 - 雷橫	04.白	1	03.商店購買	5000	576	6000576	6100000	6200000	4000576	3ditem_a_001	1	80	2	0	00.無	0		00.無	0	00.無	0				1	1	208	0	0	0	0	0	
#	577	4000	0	1	1	1	1	1.可以交易；0.被PK不掉	1	0	恩典頭盔	80	2.雷橫	01.帽子 - 雷橫	05.綠	2	07.怪物掉寶	5000	577	6000577	6100000	6200000	4000577	3ditem_a_001	1	80	2	0	00.無	0		00.無	0	00.無	0				1	1	205	0	0	0	0	0	
#	578	4000	0	1	1	1	1	1.可以交易；0.被PK不掉	1	0	恩典戰衣	80	2.雷橫	02.上衣 - 雷橫	05.綠	2	07.怪物掉寶	5000	578	6000578	6100000	6200000	4000578	3ditem_a_001	1	80	2	0	00.無	0		00.無	0	00.無	0				1	1	206	0	0	0	0	0	
#	579	4000	0	1	1	1	1	1.可以交易；0.被PK不掉	1	0	恩典戰鞋	80	2.雷橫	03.褲子 - 雷橫	05.綠	2	07.怪物掉寶	5000	579	6000579	6100000	6200000	4000579	3ditem_a_001	1	80	2	0	00.無	0		00.無	0	00.無	0				1	1	207	0	0	0	0	0	
#	580	4000	0	1	1	1	1	1.可以交易；0.被PK不掉	1	0	恩典拳套	80	2.雷橫	04.武器 - 雷橫	05.綠	2	07.怪物掉寶	5000	580	6000580	6100000	6200000	4000580	3ditem_a_001	1	80	2	0	00.無	0		00.無	0	00.無	0				1	1	208	0	0	0	0	0	
#	581	4000	0	1	1	1	1	1.可以交易；0.被PK不掉	1	0	聖光頭盔	80	2.雷橫	01.帽子 - 雷橫	06.藍	3	12.收集品交換	5000	581	6000581	6100000	6200000	4000581	3ditem_a_001	1	80	2	0	00.無	0		00.無	0	00.無	0				1	1	205	0	0	0	0	0	
#	582	4000	0	1	1	1	1	1.可以交易；0.被PK不掉	1	0	聖光戰衣	80	2.雷橫	02.上衣 - 雷橫	06.藍	3	12.收集品交換	5000	582	6000582	6100000	6200000	4000582	3ditem_a_001	1	80	2	0	00.無	0		00.無	0	00.無	0				1	1	206	0	0	0	0	0	
#	583	4000	0	1	1	1	1	1.可以交易；0.被PK不掉	1	0	聖光戰鞋	80	2.雷橫	03.褲子 - 雷橫	06.藍	3	12.收集品交換	5000	583	6000583	6100000	6200000	4000583	3ditem_a_001	1	80	2	0	00.無	0		00.無	0	00.無	0				1	1	207	0	0	0	0	0	
#	584	4000	0	1	1	1	1	1.可以交易；0.被PK不掉	1	0	聖光拳套	80	2.雷橫	04.武器 - 雷橫	06.藍	3	12.收集品交換	5000	584	6000584	6100000	6200000	4000584	3ditem_a_001	1	80	2	0	00.無	0		00.無	0	00.無	0				1	1	208	0	0	0	0	0	
#	585	4000	0	1	1	1	1	1.可以交易；0.被PK不掉	1	0	櫻花紋頭盔	80	2.雷橫	01.帽子 - 雷橫	07.紫	4	07.怪物掉寶	5000	585	6000585	6100000	6200000	4000585	3ditem_a_001	1	80	2	0	00.無	0		00.無	0	00.無	0				1	1	205	0	0	0	0	0	
#	586	4000	0	1	1	1	1	1.可以交易；0.被PK不掉	1	0	櫻花紋衣	80	2.雷橫	02.上衣 - 雷橫	07.紫	4	07.怪物掉寶	5000	586	6000586	6100000	6200000	4000586	3ditem_a_001	1	80	2	0	00.無	0		00.無	0	00.無	0				1	1	206	0	0	0	0	0	
#	587	4000	0	1	1	1	1	1.可以交易；0.被PK不掉	1	0	櫻花紋鞋	80	2.雷橫	03.褲子 - 雷橫	07.紫	4	07.怪物掉寶	5000	587	6000587	6100000	6200000	4000587	3ditem_a_001	1	80	2	0	00.無	0		00.無	0	00.無	0				1	1	207	0	0	0	0	0	
#	588	4000	0	1	1	1	1	1.可以交易；0.被PK不掉	1	0	櫻花紋拳套	80	2.雷橫	04.武器 - 雷橫	07.紫	4	07.怪物掉寶	5000	588	6000588	6100000	6200000	4000588	3ditem_a_001	1	80	2	0	00.無	0		00.無	0	00.無	0				1	1	208	0	0	0	0	0	
#	589	4000	0	1	1	1	0	1.可以交易；1.被PK會掉	1	1	龍吼頭盔	85	2.雷橫	01.帽子 - 雷橫	03.灰	0	07.怪物掉寶	5000	589	6000589	6100000	6200000	4000589	3ditem_a_001	1	85	2	0	00.無	0		00.無	0	00.無	0				1	1	205	0	0	0	0	0	
#	590	4000	0	1	1	1	0	1.可以交易；1.被PK會掉	1	1	龍吼戰衣	85	2.雷橫	02.上衣 - 雷橫	03.灰	0	07.怪物掉寶	5000	590	6000590	6100000	6200000	4000590	3ditem_a_001	1	85	2	0	00.無	0		00.無	0	00.無	0				1	1	206	0	0	0	0	0	
#	591	4000	0	1	1	1	0	1.可以交易；1.被PK會掉	1	1	龍吼戰鞋	85	2.雷橫	03.褲子 - 雷橫	03.灰	0	07.怪物掉寶	5000	591	6000591	6100000	6200000	4000591	3ditem_a_001	1	85	2	0	00.無	0		00.無	0	00.無	0				1	1	207	0	0	0	0	0	
#	592	4000	0	1	1	1	0	1.可以交易；1.被PK會掉	1	1	龍吼拳套	85	2.雷橫	04.武器 - 雷橫	03.灰	0	07.怪物掉寶	5000	592	6000592	6100000	6200000	4000592	3ditem_a_001	1	85	2	0	00.無	0		00.無	0	00.無	0				1	1	208	0	0	0	0	0	
#	593	4000	0	1	1	1	0	1.可以交易；1.被PK會掉	1	1	龍騎頭盔	85	2.雷橫	01.帽子 - 雷橫	04.白	1	03.商店購買	5000	593	6000593	6100000	6200000	4000593	3ditem_a_001	1	85	2	0	00.無	0		00.無	0	00.無	0				1	1	205	0	0	0	0	0	
#	594	4000	0	1	1	1	0	1.可以交易；1.被PK會掉	1	1	龍騎戰衣	85	2.雷橫	02.上衣 - 雷橫	04.白	1	03.商店購買	5000	594	6000594	6100000	6200000	4000594	3ditem_a_001	1	85	2	0	00.無	0		00.無	0	00.無	0				1	1	206	0	0	0	0	0	
#	595	4000	0	1	1	1	0	1.可以交易；1.被PK會掉	1	1	龍騎戰鞋	85	2.雷橫	03.褲子 - 雷橫	04.白	1	03.商店購買	5000	595	6000595	6100000	6200000	4000595	3ditem_a_001	1	85	2	0	00.無	0		00.無	0	00.無	0				1	1	207	0	0	0	0	0	
#	596	4000	0	1	1	1	0	1.可以交易；1.被PK會掉	1	1	龍騎拳套	85	2.雷橫	04.武器 - 雷橫	04.白	1	03.商店購買	5000	596	6000596	6100000	6200000	4000596	3ditem_a_001	1	85	2	0	00.無	0		00.無	0	00.無	0				1	1	208	0	0	0	0	0	
#	597	4000	0	1	1	1	1	1.可以交易；0.被PK不掉	1	0	龍魂頭盔	85	2.雷橫	01.帽子 - 雷橫	05.綠	2	07.怪物掉寶	5000	597	6000597	6100000	6200000	4000597	3ditem_a_001	1	85	2	0	00.無	0		00.無	0	00.無	0				1	1	205	0	0	0	0	0	
#	598	4000	0	1	1	1	1	1.可以交易；0.被PK不掉	1	0	龍魂戰衣	85	2.雷橫	02.上衣 - 雷橫	05.綠	2	07.怪物掉寶	5000	598	6000598	6100000	6200000	4000598	3ditem_a_001	1	85	2	0	00.無	0		00.無	0	00.無	0				1	1	206	0	0	0	0	0	
#	599	4000	0	1	1	1	1	1.可以交易；0.被PK不掉	1	0	龍魂戰鞋	85	2.雷橫	03.褲子 - 雷橫	05.綠	2	07.怪物掉寶	5000	599	6000599	6100000	6200000	4000599	3ditem_a_001	1	85	2	0	00.無	0		00.無	0	00.無	0				1	1	207	0	0	0	0	0	
#	600	4000	0	1	1	1	1	1.可以交易；0.被PK不掉	1	0	龍魂拳套	85	2.雷橫	04.武器 - 雷橫	05.綠	2	07.怪物掉寶	5000	600	6000600	6100000	6200000	4000600	3ditem_a_001	1	85	2	0	00.無	0		00.無	0	00.無	0				1	1	208	0	0	0	0	0	
#	601	4000	0	1	1	1	1	1.可以交易；0.被PK不掉	1	0	龍徽頭盔	85	2.雷橫	01.帽子 - 雷橫	06.藍	3	12.收集品交換	5000	601	6000601	6100000	6200000	4000601	3ditem_a_001	1	85	2	0	00.無	0		00.無	0	00.無	0				1	1	205	0	0	0	0	0	
#	602	4000	0	1	1	1	1	1.可以交易；0.被PK不掉	1	0	龍徽戰衣	85	2.雷橫	02.上衣 - 雷橫	06.藍	3	12.收集品交換	5000	602	6000602	6100000	6200000	4000602	3ditem_a_001	1	85	2	0	00.無	0		00.無	0	00.無	0				1	1	206	0	0	0	0	0	
#	603	4000	0	1	1	1	1	1.可以交易；0.被PK不掉	1	0	龍徽戰鞋	85	2.雷橫	03.褲子 - 雷橫	06.藍	3	12.收集品交換	5000	603	6000603	6100000	6200000	4000603	3ditem_a_001	1	85	2	0	00.無	0		00.無	0	00.無	0				1	1	207	0	0	0	0	0	
#	604	4000	0	1	1	1	1	1.可以交易；0.被PK不掉	1	0	龍徽拳套	85	2.雷橫	04.武器 - 雷橫	06.藍	3	12.收集品交換	5000	604	6000604	6100000	6200000	4000604	3ditem_a_001	1	85	2	0	00.無	0		00.無	0	00.無	0				1	1	208	0	0	0	0	0	
#	605	4000	0	1	1	1	0	1.可以交易；1.被PK會掉	1	1	惡龍頭盔	90	2.雷橫	01.帽子 - 雷橫	03.灰	0	07.怪物掉寶	5000	605	6000605	6100000	6200000	4000605	3ditem_a_001	1	90	2	0	00.無	0		00.無	0	00.無	0				1	1	205	0	0	0	0	0	
#	606	4000	0	1	1	1	0	1.可以交易；1.被PK會掉	1	1	惡龍戰衣	90	2.雷橫	02.上衣 - 雷橫	03.灰	0	07.怪物掉寶	5000	606	6000606	6100000	6200000	4000606	3ditem_a_001	1	90	2	0	00.無	0		00.無	0	00.無	0				1	1	206	0	0	0	0	0	
#	607	4000	0	1	1	1	0	1.可以交易；1.被PK會掉	1	1	惡龍戰鞋	90	2.雷橫	03.褲子 - 雷橫	03.灰	0	07.怪物掉寶	5000	607	6000607	6100000	6200000	4000607	3ditem_a_001	1	90	2	0	00.無	0		00.無	0	00.無	0				1	1	207	0	0	0	0	0	
#	608	4000	0	1	1	1	0	1.可以交易；1.被PK會掉	1	1	惡龍拳套	90	2.雷橫	04.武器 - 雷橫	03.灰	0	07.怪物掉寶	5000	608	6000608	6100000	6200000	4000608	3ditem_a_001	1	90	2	0	00.無	0		00.無	0	00.無	0				1	1	208	0	0	0	0	0	
#	609	4000	0	1	1	1	0	1.可以交易；1.被PK會掉	1	1	鐵龍頭盔	90	2.雷橫	01.帽子 - 雷橫	04.白	1	03.商店購買	5000	609	6000609	6100000	6200000	4000609	3ditem_a_001	1	90	2	0	00.無	0		00.無	0	00.無	0				1	1	205	0	0	0	0	0	
#	610	4000	0	1	1	1	0	1.可以交易；1.被PK會掉	1	1	鐵龍戰衣	90	2.雷橫	02.上衣 - 雷橫	04.白	1	03.商店購買	5000	610	6000610	6100000	6200000	4000610	3ditem_a_001	1	90	2	0	00.無	0		00.無	0	00.無	0				1	1	206	0	0	0	0	0	
#	611	4000	0	1	1	1	0	1.可以交易；1.被PK會掉	1	1	鐵龍戰鞋	90	2.雷橫	03.褲子 - 雷橫	04.白	1	03.商店購買	5000	611	6000611	6100000	6200000	4000611	3ditem_a_001	1	90	2	0	00.無	0		00.無	0	00.無	0				1	1	207	0	0	0	0	0	
#	612	4000	0	1	1	1	0	1.可以交易；1.被PK會掉	1	1	鐵龍拳套	90	2.雷橫	04.武器 - 雷橫	04.白	1	03.商店購買	5000	612	6000612	6100000	6200000	4000612	3ditem_a_001	1	90	2	0	00.無	0		00.無	0	00.無	0				1	1	208	0	0	0	0	0	
#	613	4000	0	1	1	1	1	1.可以交易；0.被PK不掉	1	0	神龍頭盔	90	2.雷橫	01.帽子 - 雷橫	05.綠	2	07.怪物掉寶	5000	613	6000613	6100000	6200000	4000613	3ditem_a_001	1	90	2	0	00.無	0		00.無	0	00.無	0				1	1	205	0	0	0	0	0	
#	614	4000	0	1	1	1	1	1.可以交易；0.被PK不掉	1	0	神龍戰衣	90	2.雷橫	02.上衣 - 雷橫	05.綠	2	07.怪物掉寶	5000	614	6000614	6100000	6200000	4000614	3ditem_a_001	1	90	2	0	00.無	0		00.無	0	00.無	0				1	1	206	0	0	0	0	0	
#	615	4000	0	1	1	1	1	1.可以交易；0.被PK不掉	1	0	神龍戰鞋	90	2.雷橫	03.褲子 - 雷橫	05.綠	2	07.怪物掉寶	5000	615	6000615	6100000	6200000	4000615	3ditem_a_001	1	90	2	0	00.無	0		00.無	0	00.無	0				1	1	207	0	0	0	0	0	
#	616	4000	0	1	1	1	1	1.可以交易；0.被PK不掉	1	0	神龍拳套	90	2.雷橫	04.武器 - 雷橫	05.綠	2	07.怪物掉寶	5000	616	6000616	6100000	6200000	4000616	3ditem_a_001	1	90	2	0	00.無	0		00.無	0	00.無	0				1	1	208	0	0	0	0	0	
#	617	4000	0	1	1	1	1	1.可以交易；0.被PK不掉	1	0	聖龍頭盔	90	2.雷橫	01.帽子 - 雷橫	06.藍	3	12.收集品交換	5000	617	6000617	6100000	6200000	4000617	3ditem_a_001	1	90	2	0	00.無	0		00.無	0	00.無	0				1	1	205	0	0	0	0	0	
#	618	4000	0	1	1	1	1	1.可以交易；0.被PK不掉	1	0	聖龍戰衣	90	2.雷橫	02.上衣 - 雷橫	06.藍	3	12.收集品交換	5000	618	6000618	6100000	6200000	4000618	3ditem_a_001	1	90	2	0	00.無	0		00.無	0	00.無	0				1	1	206	0	0	0	0	0	
#	619	4000	0	1	1	1	1	1.可以交易；0.被PK不掉	1	0	聖龍戰鞋	90	2.雷橫	03.褲子 - 雷橫	06.藍	3	12.收集品交換	5000	619	6000619	6100000	6200000	4000619	3ditem_a_001	1	90	2	0	00.無	0		00.無	0	00.無	0				1	1	207	0	0	0	0	0	
#	620	4000	0	1	1	1	1	1.可以交易；0.被PK不掉	1	0	聖龍拳套	90	2.雷橫	04.武器 - 雷橫	06.藍	3	12.收集品交換	5000	620	6000620	6100000	6200000	4000620	3ditem_a_001	1	90	2	0	00.無	0		00.無	0	00.無	0				1	1	208	0	0	0	0	0	
#	621	4000	0	1	1	1	0	1.可以交易；1.被PK會掉	1	1	王室頭盔	95	2.雷橫	01.帽子 - 雷橫	03.灰	0	07.怪物掉寶	5000	621	6000621	6100000	6200000	4000621	3ditem_a_001	1	95	2	0	00.無	0		00.無	0	00.無	0				1	1	205	0	0	0	0	0	
#	622	4000	0	1	1	1	0	1.可以交易；1.被PK會掉	1	1	王室戰衣	95	2.雷橫	02.上衣 - 雷橫	03.灰	0	07.怪物掉寶	5000	622	6000622	6100000	6200000	4000622	3ditem_a_001	1	95	2	0	00.無	0		00.無	0	00.無	0				1	1	206	0	0	0	0	0	
#	623	4000	0	1	1	1	0	1.可以交易；1.被PK會掉	1	1	王室戰鞋	95	2.雷橫	03.褲子 - 雷橫	03.灰	0	07.怪物掉寶	5000	623	6000623	6100000	6200000	4000623	3ditem_a_001	1	95	2	0	00.無	0		00.無	0	00.無	0				1	1	207	0	0	0	0	0	
#	624	4000	0	1	1	1	0	1.可以交易；1.被PK會掉	1	1	王室拳套	95	2.雷橫	04.武器 - 雷橫	03.灰	0	07.怪物掉寶	5000	624	6000624	6100000	6200000	4000624	3ditem_a_001	1	95	2	0	00.無	0		00.無	0	00.無	0				1	1	208	0	0	0	0	0	
#	625	4000	0	1	1	1	0	1.可以交易；1.被PK會掉	1	1	敦煌頭盔	95	2.雷橫	01.帽子 - 雷橫	04.白	1	03.商店購買	5000	625	6000625	6100000	6200000	4000625	3ditem_a_001	1	95	2	0	00.無	0		00.無	0	00.無	0				1	1	205	0	0	0	0	0	
#	626	4000	0	1	1	1	0	1.可以交易；1.被PK會掉	1	1	敦煌戰衣	95	2.雷橫	02.上衣 - 雷橫	04.白	1	03.商店購買	5000	626	6000626	6100000	6200000	4000626	3ditem_a_001	1	95	2	0	00.無	0		00.無	0	00.無	0				1	1	206	0	0	0	0	0	
#	627	4000	0	1	1	1	0	1.可以交易；1.被PK會掉	1	1	敦煌戰鞋	95	2.雷橫	03.褲子 - 雷橫	04.白	1	03.商店購買	5000	627	6000627	6100000	6200000	4000627	3ditem_a_001	1	95	2	0	00.無	0		00.無	0	00.無	0				1	1	207	0	0	0	0	0	
#	628	4000	0	1	1	1	0	1.可以交易；1.被PK會掉	1	1	敦煌拳套	95	2.雷橫	04.武器 - 雷橫	04.白	1	03.商店購買	5000	628	6000628	6100000	6200000	4000628	3ditem_a_001	1	95	2	0	00.無	0		00.無	0	00.無	0				1	1	208	0	0	0	0	0	
#	629	4000	0	1	1	1	1	1.可以交易；0.被PK不掉	1	0	金珀頭盔	95	2.雷橫	01.帽子 - 雷橫	05.綠	2	07.怪物掉寶	5000	629	6000629	6100000	6200000	4000629	3ditem_a_001	1	95	2	0	00.無	0		00.無	0	00.無	0				1	1	205	0	0	0	0	0	
#	630	4000	0	1	1	1	1	1.可以交易；0.被PK不掉	1	0	金珀戰衣	95	2.雷橫	02.上衣 - 雷橫	05.綠	2	07.怪物掉寶	5000	630	6000630	6100000	6200000	4000630	3ditem_a_001	1	95	2	0	00.無	0		00.無	0	00.無	0				1	1	206	0	0	0	0	0	
#	631	4000	0	1	1	1	1	1.可以交易；0.被PK不掉	1	0	金珀戰鞋	95	2.雷橫	03.褲子 - 雷橫	05.綠	2	07.怪物掉寶	5000	631	6000631	6100000	6200000	4000631	3ditem_a_001	1	95	2	0	00.無	0		00.無	0	00.無	0				1	1	207	0	0	0	0	0	
#	632	4000	0	1	1	1	1	1.可以交易；0.被PK不掉	1	0	金珀拳套	95	2.雷橫	04.武器 - 雷橫	05.綠	2	07.怪物掉寶	5000	632	6000632	6100000	6200000	4000632	3ditem_a_001	1	95	2	0	00.無	0		00.無	0	00.無	0				1	1	208	0	0	0	0	0	
#	633	4000	0	1	1	1	1	1.可以交易；0.被PK不掉	1	0	佛光頭盔	95	2.雷橫	01.帽子 - 雷橫	06.藍	3	12.收集品交換	5000	633	6000633	6100000	6200000	4000633	3ditem_a_001	1	95	2	0	00.無	0		00.無	0	00.無	0				1	1	205	0	0	0	0	0	
#	634	4000	0	1	1	1	1	1.可以交易；0.被PK不掉	1	0	佛光戰衣	95	2.雷橫	02.上衣 - 雷橫	06.藍	3	12.收集品交換	5000	634	6000634	6100000	6200000	4000634	3ditem_a_001	1	95	2	0	00.無	0		00.無	0	00.無	0				1	1	206	0	0	0	0	0	
#	635	4000	0	1	1	1	1	1.可以交易；0.被PK不掉	1	0	佛光戰鞋	95	2.雷橫	03.褲子 - 雷橫	06.藍	3	12.收集品交換	5000	635	6000635	6100000	6200000	4000635	3ditem_a_001	1	95	2	0	00.無	0		00.無	0	00.無	0				1	1	207	0	0	0	0	0	
#	636	4000	0	1	1	1	1	1.可以交易；0.被PK不掉	1	0	佛光拳套	95	2.雷橫	04.武器 - 雷橫	06.藍	3	12.收集品交換	5000	636	6000636	6100000	6200000	4000636	3ditem_a_001	1	95	2	0	00.無	0		00.無	0	00.無	0				1	1	208	0	0	0	0	0	
#	637	4000	0	1	1	1	0	1.可以交易；1.被PK會掉	1	1	天擎頭盔	99	2.雷橫	01.帽子 - 雷橫	03.灰	0	07.怪物掉寶	5000	637	6000637	6100000	6200000	4000637	3ditem_a_001	1	99	2	0	00.無	0		00.無	0	00.無	0				1	1	205	0	0	0	0	0	
#	638	4000	0	1	1	1	0	1.可以交易；1.被PK會掉	1	1	天擎戰衣	99	2.雷橫	02.上衣 - 雷橫	03.灰	0	07.怪物掉寶	5000	638	6000638	6100000	6200000	4000638	3ditem_a_001	1	99	2	0	00.無	0		00.無	0	00.無	0				1	1	206	0	0	0	0	0	
#	639	4000	0	1	1	1	0	1.可以交易；1.被PK會掉	1	1	天擎戰鞋	99	2.雷橫	03.褲子 - 雷橫	03.灰	0	07.怪物掉寶	5000	639	6000639	6100000	6200000	4000639	3ditem_a_001	1	99	2	0	00.無	0		00.無	0	00.無	0				1	1	207	0	0	0	0	0	
#	640	4000	0	1	1	1	0	1.可以交易；1.被PK會掉	1	1	天擎拳套	99	2.雷橫	04.武器 - 雷橫	03.灰	0	07.怪物掉寶	5000	640	6000640	6100000	6200000	4000640	3ditem_a_001	1	99	2	0	00.無	0		00.無	0	00.無	0				1	1	208	0	0	0	0	0	
#	641	4000	0	1	1	1	0	1.可以交易；1.被PK會掉	1	1	金剛頭盔	99	2.雷橫	01.帽子 - 雷橫	04.白	1	03.商店購買	5000	641	6000641	6100000	6200000	4000641	3ditem_a_001	1	99	2	0	00.無	0		00.無	0	00.無	0				1	1	205	0	0	0	0	0	
#	642	4000	0	1	1	1	0	1.可以交易；1.被PK會掉	1	1	金剛戰衣	99	2.雷橫	02.上衣 - 雷橫	04.白	1	03.商店購買	5000	642	6000642	6100000	6200000	4000642	3ditem_a_001	1	99	2	0	00.無	0		00.無	0	00.無	0				1	1	206	0	0	0	0	0	
#	643	4000	0	1	1	1	0	1.可以交易；1.被PK會掉	1	1	金剛戰鞋	99	2.雷橫	03.褲子 - 雷橫	04.白	1	03.商店購買	5000	643	6000643	6100000	6200000	4000643	3ditem_a_001	1	99	2	0	00.無	0		00.無	0	00.無	0				1	1	207	0	0	0	0	0	
#	644	4000	0	1	1	1	0	1.可以交易；1.被PK會掉	1	1	金剛拳套	99	2.雷橫	04.武器 - 雷橫	04.白	1	03.商店購買	5000	644	6000644	6100000	6200000	4000644	3ditem_a_001	1	99	2	0	00.無	0		00.無	0	00.無	0				1	1	208	0	0	0	0	0	
#	645	4000	0	1	1	1	1	1.可以交易；0.被PK不掉	1	0	神盾頭盔	99	2.雷橫	01.帽子 - 雷橫	05.綠	2	07.怪物掉寶	5000	645	6000645	6100000	6200000	4000645	3ditem_a_001	1	99	2	0	00.無	0		00.無	0	00.無	0				1	1	205	0	0	0	0	0	
#	646	4000	0	1	1	1	1	1.可以交易；0.被PK不掉	1	0	神盾戰衣	99	2.雷橫	02.上衣 - 雷橫	05.綠	2	07.怪物掉寶	5000	646	6000646	6100000	6200000	4000646	3ditem_a_001	1	99	2	0	00.無	0		00.無	0	00.無	0				1	1	206	0	0	0	0	0	
#	647	4000	0	1	1	1	1	1.可以交易；0.被PK不掉	1	0	神盾戰鞋	99	2.雷橫	03.褲子 - 雷橫	05.綠	2	07.怪物掉寶	5000	647	6000647	6100000	6200000	4000647	3ditem_a_001	1	99	2	0	00.無	0		00.無	0	00.無	0				1	1	207	0	0	0	0	0	
#	648	4000	0	1	1	1	1	1.可以交易；0.被PK不掉	1	0	神盾拳套	99	2.雷橫	04.武器 - 雷橫	05.綠	2	07.怪物掉寶	5000	648	6000648	6100000	6200000	4000648	3ditem_a_001	1	99	2	0	00.無	0		00.無	0	00.無	0				1	1	208	0	0	0	0	0	
#	649	4000	0	1	1	1	1	1.可以交易；0.被PK不掉	1	0	聖光頭盔	99	2.雷橫	01.帽子 - 雷橫	06.藍	3	12.收集品交換	5000	649	6000649	6100000	6200000	4000649	3ditem_a_001	1	99	2	0	00.無	0		00.無	0	00.無	0				1	1	205	0	0	0	0	0	
#	650	4000	0	1	1	1	1	1.可以交易；0.被PK不掉	1	0	聖光戰衣	99	2.雷橫	02.上衣 - 雷橫	06.藍	3	12.收集品交換	5000	650	6000650	6100000	6200000	4000650	3ditem_a_001	1	99	2	0	00.無	0		00.無	0	00.無	0				1	1	206	0	0	0	0	0	
#	651	4000	0	1	1	1	1	1.可以交易；0.被PK不掉	1	0	聖光戰鞋	99	2.雷橫	03.褲子 - 雷橫	06.藍	3	12.收集品交換	5000	651	6000651	6100000	6200000	4000651	3ditem_a_001	1	99	2	0	00.無	0		00.無	0	00.無	0				1	1	207	0	0	0	0	0	
#	652	4000	0	1	1	1	1	1.可以交易；0.被PK不掉	1	0	聖光拳套	99	2.雷橫	04.武器 - 雷橫	06.藍	3	12.收集品交換	5000	652	6000652	6100000	6200000	4000652	3ditem_a_001	1	99	2	0	00.無	0		00.無	0	00.無	0				1	1	208	0	0	0	0	0	
#	653	4000	0	1	1	1	1	1.可以交易；0.被PK不掉	1	0	酋長帽	99	2.雷橫	01.帽子 - 雷橫	07.紫	4	07.怪物掉寶	5000	653	6000653	6100000	6200000	4000653	3ditem_a_001	1	99	2	0	00.無	0		00.無	0	00.無	0				1	1	205	0	0	0	0	0	
#	654	4000	0	1	1	1	1	1.可以交易；0.被PK不掉	1	0	酋長衣	99	2.雷橫	02.上衣 - 雷橫	07.紫	4	07.怪物掉寶	5000	654	6000654	6100000	6200000	4000654	3ditem_a_001	1	99	2	0	00.無	0		00.無	0	00.無	0				1	1	206	0	0	0	0	0	
#	655	4000	0	1	1	1	1	1.可以交易；0.被PK不掉	1	0	酋長鞋	99	2.雷橫	03.褲子 - 雷橫	07.紫	4	07.怪物掉寶	5000	655	6000655	6100000	6200000	4000655	3ditem_a_001	1	99	2	0	00.無	0		00.無	0	00.無	0				1	1	207	0	0	0	0	0	
#	656	4000	0	1	1	1	1	1.可以交易；0.被PK不掉	1	0	酋長拳套	99	2.雷橫	04.武器 - 雷橫	07.紫	4	07.怪物掉寶	5000	656	6000656	6100000	6200000	4000656	3ditem_a_001	1	99	2	0	00.無	0		00.無	0	00.無	0				1	1	208	0	0	0	0	0	
	657	4000	1	1	1	1	0	1.可以交易；0.被PK不掉	1	0	孫二娘帽	1	3.孫二娘	01.帽子 - 孫二娘	02.初始裝備	1	02.初始	5000	657	6000657	6100000	6200000	4000657	3ditem_a_001	1	1	4	0	00.無	0		00.無	0	00.無	0				130	13	209	0	0	0	0	0	
	658	4000	1	1	1	1	0	1.可以交易；0.被PK不掉	1	0	孫二娘服	1	3.孫二娘	02.上衣 - 孫二娘	02.初始裝備	1	02.初始	5000	658	6000658	6100000	6200000	4000658	3ditem_a_001	1	1	4	0	00.無	0		00.無	0	00.無	0				170	17	210	0	0	0	0	0	
	659	4000	1	1	1	1	0	1.可以交易；0.被PK不掉	1	0	孫二娘鞋	1	3.孫二娘	03.褲子 - 孫二娘	02.初始裝備	1	02.初始	5000	659	6000659	6100000	6200000	4000659	3ditem_a_001	1	1	4	0	00.無	0		00.無	0	00.無	0				150	15	211	0	0	0	0	0	
	660	4000	1	1	1	1	0	1.可以交易；0.被PK不掉	1	0	孫二娘法杖	1	3.孫二娘	04.武器 - 孫二娘	02.初始裝備	1	02.初始	5000	660	6000660	6100000	6200000	4000660	3ditem_a_001	1	1	4	0	00.無	0		00.無	0	00.無	0				280	28	212	0	0	0	0	0	
	661	4000	1	1	1	1	0	1.可以交易；1.被PK會掉	1	1	劣質布帽	10	3.孫二娘	01.帽子 - 孫二娘	03.灰	0	07.怪物掉寶	5000	661	6000661	6100000	6200000	4000661	3ditem_a_001	1	10	4	0	00.無	0		00.無	0	00.無	0				630	32	209	0	0	0	0	0	
	662	4000	1	1	1	1	0	1.可以交易；1.被PK會掉	1	1	劣質布衣	10	3.孫二娘	02.上衣 - 孫二娘	03.灰	0	07.怪物掉寶	5000	662	6000662	6100000	6200000	4000662	3ditem_a_001	1	10	4	0	00.無	0		00.無	0	00.無	0				820	41	210	0	0	0	0	0	
	663	4000	1	1	1	1	0	1.可以交易；1.被PK會掉	1	1	劣質草鞋	10	3.孫二娘	03.褲子 - 孫二娘	03.灰	0	07.怪物掉寶	5000	663	6000663	6100000	6200000	4000663	3ditem_a_001	1	10	4	0	00.無	0		00.無	0	00.無	0				720	36	211	0	0	0	0	0	
	664	4000	1	1	1	1	0	1.可以交易；1.被PK會掉	1	1	木杖	10	3.孫二娘	04.武器 - 孫二娘	03.灰	0	07.怪物掉寶	5000	664	6000664	6100000	6200000	4000664	3ditem_a_001	1	10	4	0	00.無	0		00.無	0	00.無	0				1360	68	212	0	0	0	0	0	
	665	4000	1	1	1	1	0	1.可以交易；1.被PK會掉	1	1	平民布帽	10	3.孫二娘	01.帽子 - 孫二娘	04.白	1	03.商店購買	5000	665	6000665	6100000	6200000	4000665	3ditem_a_001	1	10	4	0	00.無	0		00.無	0	00.無	0				630	63	209	0	0	0	0	0	
	666	4000	1	1	1	1	0	1.可以交易；1.被PK會掉	1	1	平民布衣	10	3.孫二娘	02.上衣 - 孫二娘	04.白	1	03.商店購買	5000	666	6000666	6100000	6200000	4000666	3ditem_a_001	1	10	4	0	00.無	0		00.無	0	00.無	0				820	82	210	0	0	0	0	0	
	667	4000	1	1	1	1	0	1.可以交易；1.被PK會掉	1	1	平民草鞋	10	3.孫二娘	03.褲子 - 孫二娘	04.白	1	03.商店購買	5000	667	6000667	6100000	6200000	4000667	3ditem_a_001	1	10	4	0	00.無	0		00.無	0	00.無	0				720	72	211	0	0	0	0	0	
	668	4000	1	1	1	1	0	1.可以交易；1.被PK會掉	1	1	鐵杖	10	3.孫二娘	04.武器 - 孫二娘	04.白	1	03.商店購買	5000	668	6000668	6100000	6200000	4000668	3ditem_a_001	1	10	4	0	00.無	0		00.無	0	00.無	0				1360	136	212	0	0	0	0	0	
	669	4000	1	1	1	1	1	1.可以交易；0.被PK不掉	1	0	傳統布帽	10	3.孫二娘	01.帽子 - 孫二娘	05.綠	2	07.怪物掉寶	5000	669	6000669	6100000	6200000	4000669	3ditem_a_001	1	10	4	0	00.無	0		00.無	0	00.無	0				630	32	209	0	0	0	0	0	
	670	4000	1	1	1	1	1	1.可以交易；0.被PK不掉	1	0	傳統布衣	10	3.孫二娘	02.上衣 - 孫二娘	05.綠	2	07.怪物掉寶	5000	670	6000670	6100000	6200000	4000670	3ditem_a_001	1	10	4	0	00.無	0		00.無	0	00.無	0				820	41	210	0	0	0	0	0	
	671	4000	1	1	1	1	1	1.可以交易；0.被PK不掉	1	0	傳統草鞋	10	3.孫二娘	03.褲子 - 孫二娘	05.綠	2	07.怪物掉寶	5000	671	6000671	6100000	6200000	4000671	3ditem_a_001	1	10	4	0	00.無	0		00.無	0	00.無	0				720	36	211	0	0	0	0	0	
	672	4000	1	1	1	1	1	1.可以交易；0.被PK不掉	1	0	銅杖	10	3.孫二娘	04.武器 - 孫二娘	05.綠	2	07.怪物掉寶	5000	672	6000672	6100000	6200000	4000672	3ditem_a_001	1	10	4	0	00.無	0		00.無	0	00.無	0				1360	68	212	0	0	0	0	0	
	673	4000	1	1	1	1	1	1.可以交易；0.被PK不掉	1	0	特級布帽	10	3.孫二娘	01.帽子 - 孫二娘	06.藍	3	12.收集品交換	5000	673	6000673	6100000	6200000	4000673	3ditem_a_001	1	10	4	0	00.無	0		00.無	0	00.無	0				630	32	209	0	0	0	0	0	
	674	4000	1	1	1	1	1	1.可以交易；0.被PK不掉	1	0	特級布衣	10	3.孫二娘	02.上衣 - 孫二娘	06.藍	3	12.收集品交換	5000	674	6000674	6100000	6200000	4000674	3ditem_a_001	1	10	4	0	00.無	0		00.無	0	00.無	0				820	41	210	0	0	0	0	0	
	675	4000	1	1	1	1	1	1.可以交易；0.被PK不掉	1	0	特級草鞋	10	3.孫二娘	03.褲子 - 孫二娘	06.藍	3	12.收集品交換	5000	675	6000675	6100000	6200000	4000675	3ditem_a_001	1	10	4	0	00.無	0		00.無	0	00.無	0				720	36	211	0	0	0	0	0	
	676	4000	1	1	1	1	1	1.可以交易；0.被PK不掉	1	0	銀杖	10	3.孫二娘	04.武器 - 孫二娘	06.藍	3	12.收集品交換	5000	676	6000676	6100000	6200000	4000676	3ditem_a_001	1	10	4	0	00.無	0		00.無	0	00.無	0				1360	68	212	0	0	0	0	0	
	677	4000	1	1	1	1	0	1.可以交易；1.被PK會掉	1	1	八爪帽	15	3.孫二娘	01.帽子 - 孫二娘	03.灰	0	07.怪物掉寶	5000	677	6000677	6100000	6200000	4000677	3ditem_a_001	1	15	4	0	00.無	0		00.無	0	00.無	0				2330	117	209	0	0	0	0	0	
	678	4000	1	1	1	1	0	1.可以交易；1.被PK會掉	1	1	八爪衣	15	3.孫二娘	02.上衣 - 孫二娘	03.灰	0	07.怪物掉寶	5000	678	6000678	6100000	6200000	4000678	3ditem_a_001	1	15	4	0	00.無	0		00.無	0	00.無	0				3000	150	210	0	0	0	0	0	
	679	4000	1	1	1	1	0	1.可以交易；1.被PK會掉	1	1	八爪鞋	15	3.孫二娘	03.褲子 - 孫二娘	03.灰	0	07.怪物掉寶	5000	679	6000679	6100000	6200000	4000679	3ditem_a_001	1	15	4	0	00.無	0		00.無	0	00.無	0				2660	133	211	0	0	0	0	0	
	680	4000	1	1	1	1	0	1.可以交易；1.被PK會掉	1	1	八爪手杖	15	3.孫二娘	04.武器 - 孫二娘	03.灰	0	07.怪物掉寶	5000	680	6000680	6100000	6200000	4000680	3ditem_a_001	1	15	4	0	00.無	0		00.無	0	00.無	0				4990	250	212	0	0	0	0	0	
	681	4000	1	1	1	1	0	1.可以交易；1.被PK會掉	1	1	魷魚帽	15	3.孫二娘	01.帽子 - 孫二娘	04.白	1	03.商店購買	5000	681	6000681	6100000	6200000	4000681	3ditem_a_001	1	15	4	0	00.無	0		00.無	0	00.無	0				2330	233	209	0	0	0	0	0	
	682	4000	1	1	1	1	0	1.可以交易；1.被PK會掉	1	1	魷魚衣	15	3.孫二娘	02.上衣 - 孫二娘	04.白	1	03.商店購買	5000	682	6000682	6100000	6200000	4000682	3ditem_a_001	1	15	4	0	00.無	0		00.無	0	00.無	0				3000	300	210	0	0	0	0	0	
	683	4000	1	1	1	1	0	1.可以交易；1.被PK會掉	1	1	魷魚鞋	15	3.孫二娘	03.褲子 - 孫二娘	04.白	1	03.商店購買	5000	683	6000683	6100000	6200000	4000683	3ditem_a_001	1	15	4	0	00.無	0		00.無	0	00.無	0				2660	266	211	0	0	0	0	0	
	684	4000	1	1	1	1	0	1.可以交易；1.被PK會掉	1	1	魷魚手杖	15	3.孫二娘	04.武器 - 孫二娘	04.白	1	03.商店購買	5000	684	6000684	6100000	6200000	4000684	3ditem_a_001	1	15	4	0	00.無	0		00.無	0	00.無	0				4990	499	212	0	0	0	0	0	
	685	4000	1	1	1	1	1	1.可以交易；0.被PK不掉	1	0	章魚帽	15	3.孫二娘	01.帽子 - 孫二娘	05.綠	2	07.怪物掉寶	5000	685	6000685	6100000	6200000	4000685	3ditem_a_001	1	15	4	0	00.無	0		00.無	0	00.無	0				2330	117	209	0	0	0	0	0	
	686	4000	1	1	1	1	1	1.可以交易；0.被PK不掉	1	0	章魚衣	15	3.孫二娘	02.上衣 - 孫二娘	05.綠	2	07.怪物掉寶	5000	686	6000686	6100000	6200000	4000686	3ditem_a_001	1	15	4	0	00.無	0		00.無	0	00.無	0				3000	150	210	0	0	0	0	0	
	687	4000	1	1	1	1	1	1.可以交易；0.被PK不掉	1	0	章魚鞋	15	3.孫二娘	03.褲子 - 孫二娘	05.綠	2	07.怪物掉寶	5000	687	6000687	6100000	6200000	4000687	3ditem_a_001	1	15	4	0	00.無	0		00.無	0	00.無	0				2660	133	211	0	0	0	0	0	
	688	4000	1	1	1	1	1	1.可以交易；0.被PK不掉	1	0	章魚手杖	15	3.孫二娘	04.武器 - 孫二娘	05.綠	2	07.怪物掉寶	5000	688	6000688	6100000	6200000	4000688	3ditem_a_001	1	15	4	0	00.無	0		00.無	0	00.無	0				4990	250	212	0	0	0	0	0	
	689	4000	1	1	1	1	1	1.可以交易；0.被PK不掉	1	0	石居帽	15	3.孫二娘	01.帽子 - 孫二娘	06.藍	3	12.收集品交換	5000	689	6000689	6100000	6200000	4000689	3ditem_a_001	1	15	4	0	00.無	0		00.無	0	00.無	0				2330	117	209	0	0	0	0	0	
	690	4000	1	1	1	1	1	1.可以交易；0.被PK不掉	1	0	石居衣	15	3.孫二娘	02.上衣 - 孫二娘	06.藍	3	12.收集品交換	5000	690	6000690	6100000	6200000	4000690	3ditem_a_001	1	15	4	0	00.無	0		00.無	0	00.無	0				3000	150	210	0	0	0	0	0	
	691	4000	1	1	1	1	1	1.可以交易；0.被PK不掉	1	0	石居鞋	15	3.孫二娘	03.褲子 - 孫二娘	06.藍	3	12.收集品交換	5000	691	6000691	6100000	6200000	4000691	3ditem_a_001	1	15	4	0	00.無	0		00.無	0	00.無	0				2660	133	211	0	0	0	0	0	
	692	4000	1	1	1	1	1	1.可以交易；0.被PK不掉	1	0	石居手杖	15	3.孫二娘	04.武器 - 孫二娘	06.藍	3	12.收集品交換	5000	692	6000692	6100000	6200000	4000692	3ditem_a_001	1	15	4	0	00.無	0		00.無	0	00.無	0				4990	250	212	0	0	0	0	0	
	693	4000	1	1	1	1	0	1.可以交易；1.被PK會掉	1	1	花枝帽	20	3.孫二娘	01.帽子 - 孫二娘	03.灰	0	07.怪物掉寶	5000	693	6000693	6100000	6200000	4000693	3ditem_a_001	1	20	4	0	00.無	0		00.無	0	00.無	0				8540	427	209	0	0	0	0	0	
	694	4000	1	1	1	1	0	1.可以交易；1.被PK會掉	1	1	花枝衣	20	3.孫二娘	02.上衣 - 孫二娘	03.灰	0	07.怪物掉寶	5000	694	6000694	6100000	6200000	4000694	3ditem_a_001	1	20	4	0	00.無	0		00.無	0	00.無	0				10980	549	210	0	0	0	0	0	
	695	4000	1	1	1	1	0	1.可以交易；1.被PK會掉	1	1	花枝鞋	20	3.孫二娘	03.褲子 - 孫二娘	03.灰	0	07.怪物掉寶	5000	695	6000695	6100000	6200000	4000695	3ditem_a_001	1	20	4	0	00.無	0		00.無	0	00.無	0				9760	488	211	0	0	0	0	0	
	696	4000	1	1	1	1	0	1.可以交易；1.被PK會掉	1	1	花枝手杖	20	3.孫二娘	04.武器 - 孫二娘	03.灰	0	07.怪物掉寶	5000	696	6000696	6100000	6200000	4000696	3ditem_a_001	1	20	4	0	00.無	0		00.無	0	00.無	0				18300	915	212	0	0	0	0	0	
	697	4000	1	1	1	1	0	1.可以交易；1.被PK會掉	1	1	烏賊帽	20	3.孫二娘	01.帽子 - 孫二娘	04.白	1	03.商店購買	5000	697	6000697	6100000	6200000	4000697	3ditem_a_001	1	20	4	0	00.無	0		00.無	0	00.無	0				8540	854	209	0	0	0	0	0	
	698	4000	1	1	1	1	0	1.可以交易；1.被PK會掉	1	1	烏賊衣	20	3.孫二娘	02.上衣 - 孫二娘	04.白	1	03.商店購買	5000	698	6000698	6100000	6200000	4000698	3ditem_a_001	1	20	4	0	00.無	0		00.無	0	00.無	0				10980	1098	210	0	0	0	0	0	
	699	4000	1	1	1	1	0	1.可以交易；1.被PK會掉	1	1	烏賊鞋	20	3.孫二娘	03.褲子 - 孫二娘	04.白	1	03.商店購買	5000	699	6000699	6100000	6200000	4000699	3ditem_a_001	1	20	4	0	00.無	0		00.無	0	00.無	0				9760	976	211	0	0	0	0	0	
	700	4000	1	1	1	1	0	1.可以交易；1.被PK會掉	1	1	烏賊手杖	20	3.孫二娘	04.武器 - 孫二娘	04.白	1	03.商店購買	5000	700	6000700	6100000	6200000	4000700	3ditem_a_001	1	20	4	0	00.無	0		00.無	0	00.無	0				18300	1830	212	0	0	0	0	0	
	701	4000	1	1	1	1	1	1.可以交易；0.被PK不掉	1	0	軟絲帽	20	3.孫二娘	01.帽子 - 孫二娘	05.綠	2	07.怪物掉寶	5000	701	6000701	6100000	6200000	4000701	3ditem_a_001	1	20	4	0	00.無	0		00.無	0	00.無	0				8540	427	209	0	0	0	0	0	
	702	4000	1	1	1	1	1	1.可以交易；0.被PK不掉	1	0	軟絲衣	20	3.孫二娘	02.上衣 - 孫二娘	05.綠	2	07.怪物掉寶	5000	702	6000702	6100000	6200000	4000702	3ditem_a_001	1	20	4	0	00.無	0		00.無	0	00.無	0				10980	549	210	0	0	0	0	0	
	703	4000	1	1	1	1	1	1.可以交易；0.被PK不掉	1	0	軟絲鞋	20	3.孫二娘	03.褲子 - 孫二娘	05.綠	2	07.怪物掉寶	5000	703	6000703	6100000	6200000	4000703	3ditem_a_001	1	20	4	0	00.無	0		00.無	0	00.無	0				9760	488	211	0	0	0	0	0	
	704	4000	1	1	1	1	1	1.可以交易；0.被PK不掉	1	0	軟絲手杖	20	3.孫二娘	04.武器 - 孫二娘	05.綠	2	07.怪物掉寶	5000	704	6000704	6100000	6200000	4000704	3ditem_a_001	1	20	4	0	00.無	0		00.無	0	00.無	0				18300	915	212	0	0	0	0	0	
	705	4000	1	1	1	1	1	1.可以交易；0.被PK不掉	1	0	墨魚帽	20	3.孫二娘	01.帽子 - 孫二娘	06.藍	3	12.收集品交換	5000	705	6000705	6100000	6200000	4000705	3ditem_a_001	1	20	4	0	00.無	0		00.無	0	00.無	0				8540	427	209	0	0	0	0	0	
	706	4000	1	1	1	1	1	1.可以交易；0.被PK不掉	1	0	墨魚衣	20	3.孫二娘	02.上衣 - 孫二娘	06.藍	3	12.收集品交換	5000	706	6000706	6100000	6200000	4000706	3ditem_a_001	1	20	4	0	00.無	0		00.無	0	00.無	0				10980	549	210	0	0	0	0	0	
	707	4000	1	1	1	1	1	1.可以交易；0.被PK不掉	1	0	墨魚鞋	20	3.孫二娘	03.褲子 - 孫二娘	06.藍	3	12.收集品交換	5000	707	6000707	6100000	6200000	4000707	3ditem_a_001	1	20	4	0	00.無	0		00.無	0	00.無	0				9760	488	211	0	0	0	0	0	
	708	4000	1	1	1	1	1	1.可以交易；0.被PK不掉	1	0	墨魚手杖	20	3.孫二娘	04.武器 - 孫二娘	06.藍	3	12.收集品交換	5000	708	6000708	6100000	6200000	4000708	3ditem_a_001	1	20	4	0	00.無	0		00.無	0	00.無	0				18300	915	212	0	0	0	0	0	
	709	4000	1	1	1	1	1	1.可以交易；0.被PK不掉	1	0	河豚帽	35	3.孫二娘	01.帽子 - 孫二娘	07.紫	4	07.怪物掉寶	5000	709	6000709	6100000	6200000	4000709	3ditem_a_001	1	35	4	0	00.無	0		00.無	0	00.無	0				114700	5735	209	0	0	0	0	0	
	710	4000	1	1	1	1	1	1.可以交易；0.被PK不掉	1	0	河豚衣	35	3.孫二娘	02.上衣 - 孫二娘	07.紫	4	07.怪物掉寶	5000	710	6000710	6100000	6200000	4000710	3ditem_a_001	1	35	4	0	00.無	0		00.無	0	00.無	0				147400	7370	210	0	0	0	0	0	
	711	4000	1	1	1	1	1	1.可以交易；0.被PK不掉	1	0	河豚鞋	35	3.孫二娘	03.褲子 - 孫二娘	07.紫	4	07.怪物掉寶	5000	711	6000711	6100000	6200000	4000711	3ditem_a_001	1	35	4	0	00.無	0		00.無	0	00.無	0				131000	6550	211	0	0	0	0	0	
	712	4000	1	1	1	1	1	1.可以交易；0.被PK不掉	1	0	河豚手杖	35	3.孫二娘	04.武器 - 孫二娘	07.紫	4	07.怪物掉寶	5000	712	6000712	6100000	6200000	4000712	3ditem_a_001	1	35	4	0	00.無	0		00.無	0	00.無	0				245700	12285	212	0	0	0	0	0	
	713	4000	1	1	1	1	0	1.可以交易；1.被PK會掉	1	1	海賊帽	25	3.孫二娘	01.帽子 - 孫二娘	03.灰	0	07.怪物掉寶	5000	713	6000713	6100000	6200000	4000713	3ditem_a_001	1	25	4	0	00.無	0		00.無	0	00.無	0				24600	1230	209	0	0	0	0	0	
	714	4000	1	1	1	1	0	1.可以交易；1.被PK會掉	1	1	海賊衣	25	3.孫二娘	02.上衣 - 孫二娘	03.灰	0	07.怪物掉寶	5000	714	6000714	6100000	6200000	4000714	3ditem_a_001	1	25	4	0	00.無	0		00.無	0	00.無	0				31600	1580	210	0	0	0	0	0	
	715	4000	1	1	1	1	0	1.可以交易；1.被PK會掉	1	1	海賊鞋	25	3.孫二娘	03.褲子 - 孫二娘	03.灰	0	07.怪物掉寶	5000	715	6000715	6100000	6200000	4000715	3ditem_a_001	1	25	4	0	00.無	0		00.無	0	00.無	0				28100	1405	211	0	0	0	0	0	
	716	4000	1	1	1	1	0	1.可以交易；1.被PK會掉	1	1	海賊手杖	25	3.孫二娘	04.武器 - 孫二娘	03.灰	0	07.怪物掉寶	5000	716	6000716	6100000	6200000	4000716	3ditem_a_001	1	25	4	0	00.無	0		00.無	0	00.無	0				52600	2630	212	0	0	0	0	0	
	717	4000	1	1	1	1	0	1.可以交易；1.被PK會掉	1	1	水手帽	25	3.孫二娘	01.帽子 - 孫二娘	04.白	1	03.商店購買	5000	717	6000717	6100000	6200000	4000717	3ditem_a_001	1	25	4	0	00.無	0		00.無	0	00.無	0				24600	2460	209	0	0	0	0	0	
	718	4000	1	1	1	1	0	1.可以交易；1.被PK會掉	1	1	水手衣	25	3.孫二娘	02.上衣 - 孫二娘	04.白	1	03.商店購買	5000	718	6000718	6100000	6200000	4000718	3ditem_a_001	1	25	4	0	00.無	0		00.無	0	00.無	0				31600	3160	210	0	0	0	0	0	
	719	4000	1	1	1	1	0	1.可以交易；1.被PK會掉	1	1	水手鞋	25	3.孫二娘	03.褲子 - 孫二娘	04.白	1	03.商店購買	5000	719	6000719	6100000	6200000	4000719	3ditem_a_001	1	25	4	0	00.無	0		00.無	0	00.無	0				28100	2810	211	0	0	0	0	0	
	720	4000	1	1	1	1	0	1.可以交易；1.被PK會掉	1	1	水手手杖	25	3.孫二娘	04.武器 - 孫二娘	04.白	1	03.商店購買	5000	720	6000720	6100000	6200000	4000720	3ditem_a_001	1	25	4	0	00.無	0		00.無	0	00.無	0				52600	5260	212	0	0	0	0	0	
	721	4000	1	1	1	1	1	1.可以交易；0.被PK不掉	1	0	大副帽	25	3.孫二娘	01.帽子 - 孫二娘	05.綠	2	07.怪物掉寶	5000	721	6000721	6100000	6200000	4000721	3ditem_a_001	1	25	4	0	00.無	0		00.無	0	00.無	0				24600	1230	209	0	0	0	0	0	
	722	4000	1	1	1	1	1	1.可以交易；0.被PK不掉	1	0	大副衣	25	3.孫二娘	02.上衣 - 孫二娘	05.綠	2	07.怪物掉寶	5000	722	6000722	6100000	6200000	4000722	3ditem_a_001	1	25	4	0	00.無	0		00.無	0	00.無	0				31600	1580	210	0	0	0	0	0	
	723	4000	1	1	1	1	1	1.可以交易；0.被PK不掉	1	0	大副鞋	25	3.孫二娘	03.褲子 - 孫二娘	05.綠	2	07.怪物掉寶	5000	723	6000723	6100000	6200000	4000723	3ditem_a_001	1	25	4	0	00.無	0		00.無	0	00.無	0				28100	1405	211	0	0	0	0	0	
	724	4000	1	1	1	1	1	1.可以交易；0.被PK不掉	1	0	大副手杖	25	3.孫二娘	04.武器 - 孫二娘	05.綠	2	07.怪物掉寶	5000	724	6000724	6100000	6200000	4000724	3ditem_a_001	1	25	4	0	00.無	0		00.無	0	00.無	0				52600	2630	212	0	0	0	0	0	
	725	4000	1	1	1	1	1	0.不可交易；0.被PK不掉	0	0	航海王帽	25	3.孫二娘	01.帽子 - 孫二娘	06.藍	3	12.收集品交換	5000	725	6000725	6100000	6200000	4000725	3ditem_a_001	1	25	4	0	00.無	0		00.無	0	00.無	0				24600	1230	209	0	0	0	0	0	
	726	4000	1	1	1	1	1	0.不可交易；0.被PK不掉	0	0	航海王衣	25	3.孫二娘	02.上衣 - 孫二娘	06.藍	3	12.收集品交換	5000	726	6000726	6100000	6200000	4000726	3ditem_a_001	1	25	4	0	00.無	0		00.無	0	00.無	0				31600	1580	210	0	0	0	0	0	
	727	4000	1	1	1	1	1	0.不可交易；0.被PK不掉	0	0	航海王鞋	25	3.孫二娘	03.褲子 - 孫二娘	06.藍	3	12.收集品交換	5000	727	6000727	6100000	6200000	4000727	3ditem_a_001	1	25	4	0	00.無	0		00.無	0	00.無	0				28100	1405	211	0	0	0	0	0	
	728	4000	1	1	1	1	1	0.不可交易；0.被PK不掉	0	0	航海王手杖	25	3.孫二娘	04.武器 - 孫二娘	06.藍	3	12.收集品交換	5000	728	6000728	6100000	6200000	4000728	3ditem_a_001	1	25	4	0	00.無	0		00.無	0	00.無	0				52600	2630	212	0	0	0	0	0	
	729	4000	1	1	1	1	0	1.可以交易；1.被PK會掉	1	1	渡海帽	30	3.孫二娘	01.帽子 - 孫二娘	03.灰	0	07.怪物掉寶	5000	729	6000729	6100000	6200000	4000729	3ditem_a_001	1	30	4	0	00.無	0		00.無	0	00.無	0				56300	2815	209	0	0	0	0	0	
	730	4000	1	1	1	1	0	1.可以交易；1.被PK會掉	1	1	渡海衣	30	3.孫二娘	02.上衣 - 孫二娘	03.灰	0	07.怪物掉寶	5000	730	6000730	6100000	6200000	4000730	3ditem_a_001	1	30	4	0	00.無	0		00.無	0	00.無	0				72400	3620	210	0	0	0	0	0	
	731	4000	1	1	1	1	0	1.可以交易；1.被PK會掉	1	1	渡海鞋	30	3.孫二娘	03.褲子 - 孫二娘	03.灰	0	07.怪物掉寶	5000	731	6000731	6100000	6200000	4000731	3ditem_a_001	1	30	4	0	00.無	0		00.無	0	00.無	0				64400	3220	211	0	0	0	0	0	
	732	4000	1	1	1	1	0	1.可以交易；1.被PK會掉	1	1	渡海手杖	30	3.孫二娘	04.武器 - 孫二娘	03.灰	0	07.怪物掉寶	5000	732	6000732	6100000	6200000	4000732	3ditem_a_001	1	30	4	0	00.無	0		00.無	0	00.無	0				120700	6035	212	0	0	0	0	0	
	733	4000	1	1	1	1	0	1.可以交易；1.被PK會掉	1	1	乘風帽	30	3.孫二娘	01.帽子 - 孫二娘	04.白	1	03.商店購買	5000	733	6000733	6100000	6200000	4000733	3ditem_a_001	1	30	4	0	00.無	0		00.無	0	00.無	0				56300	5630	209	0	0	0	0	0	
	734	4000	1	1	1	1	0	1.可以交易；1.被PK會掉	1	1	乘風衣	30	3.孫二娘	02.上衣 - 孫二娘	04.白	1	03.商店購買	5000	734	6000734	6100000	6200000	4000734	3ditem_a_001	1	30	4	0	00.無	0		00.無	0	00.無	0				72400	7240	210	0	0	0	0	0	
	735	4000	1	1	1	1	0	1.可以交易；1.被PK會掉	1	1	乘風鞋	30	3.孫二娘	03.褲子 - 孫二娘	04.白	1	03.商店購買	5000	735	6000735	6100000	6200000	4000735	3ditem_a_001	1	30	4	0	00.無	0		00.無	0	00.無	0				64400	6440	211	0	0	0	0	0	
	736	4000	1	1	1	1	0	1.可以交易；1.被PK會掉	1	1	乘風手杖	30	3.孫二娘	04.武器 - 孫二娘	04.白	1	03.商店購買	5000	736	6000736	6100000	6200000	4000736	3ditem_a_001	1	30	4	0	00.無	0		00.無	0	00.無	0				120700	12070	212	0	0	0	0	0	
	737	4000	1	1	1	1	1	1.可以交易；0.被PK不掉	1	0	浪濤帽	30	3.孫二娘	01.帽子 - 孫二娘	05.綠	2	07.怪物掉寶	5000	737	6000737	6100000	6200000	4000737	3ditem_a_001	1	30	4	0	00.無	0		00.無	0	00.無	0				56300	2815	209	0	0	0	0	0	
	738	4000	1	1	1	1	1	1.可以交易；0.被PK不掉	1	0	浪濤衣	30	3.孫二娘	02.上衣 - 孫二娘	05.綠	2	07.怪物掉寶	5000	738	6000738	6100000	6200000	4000738	3ditem_a_001	1	30	4	0	00.無	0		00.無	0	00.無	0				72400	3620	210	0	0	0	0	0	
	739	4000	1	1	1	1	1	1.可以交易；0.被PK不掉	1	0	浪濤鞋	30	3.孫二娘	03.褲子 - 孫二娘	05.綠	2	07.怪物掉寶	5000	739	6000739	6100000	6200000	4000739	3ditem_a_001	1	30	4	0	00.無	0		00.無	0	00.無	0				64400	3220	211	0	0	0	0	0	
	740	4000	1	1	1	1	1	1.可以交易；0.被PK不掉	1	0	浪濤手杖	30	3.孫二娘	04.武器 - 孫二娘	05.綠	2	07.怪物掉寶	5000	740	6000740	6100000	6200000	4000740	3ditem_a_001	1	30	4	0	00.無	0		00.無	0	00.無	0				120700	6035	212	0	0	0	0	0	
	741	4000	1	1	1	1	1	1.可以交易；0.被PK不掉	1	0	嘯風帽	30	3.孫二娘	01.帽子 - 孫二娘	06.藍	3	12.收集品交換	5000	741	6000741	6100000	6200000	4000741	3ditem_a_001	1	30	4	0	00.無	0		00.無	0	00.無	0				56300	2815	209	0	0	0	0	0	
	742	4000	1	1	1	1	1	1.可以交易；0.被PK不掉	1	0	嘯風衣	30	3.孫二娘	02.上衣 - 孫二娘	06.藍	3	12.收集品交換	5000	742	6000742	6100000	6200000	4000742	3ditem_a_001	1	30	4	0	00.無	0		00.無	0	00.無	0				72400	3620	210	0	0	0	0	0	
	743	4000	1	1	1	1	1	1.可以交易；0.被PK不掉	1	0	嘯風鞋	30	3.孫二娘	03.褲子 - 孫二娘	06.藍	3	12.收集品交換	5000	743	6000743	6100000	6200000	4000743	3ditem_a_001	1	30	4	0	00.無	0		00.無	0	00.無	0				64400	3220	211	0	0	0	0	0	
	744	4000	1	1	1	1	1	1.可以交易；0.被PK不掉	1	0	嘯風手杖	30	3.孫二娘	04.武器 - 孫二娘	06.藍	3	12.收集品交換	5000	744	6000744	6100000	6200000	4000744	3ditem_a_001	1	30	4	0	00.無	0		00.無	0	00.無	0				120700	6035	212	0	0	0	0	0	
	745	4000	1	1	1	1	0	1.可以交易；1.被PK會掉	1	1	異族帽	35	3.孫二娘	01.帽子 - 孫二娘	03.灰	0	07.怪物掉寶	5000	745	6000745	6100000	6200000	4000745	3ditem_a_001	1	35	4	0	00.無	0		00.無	0	00.無	0				114700	5735	209	0	0	0	0	0	
	746	4000	1	1	1	1	0	1.可以交易；1.被PK會掉	1	1	異族衣	35	3.孫二娘	02.上衣 - 孫二娘	03.灰	0	07.怪物掉寶	5000	746	6000746	6100000	6200000	4000746	3ditem_a_001	1	35	4	0	00.無	0		00.無	0	00.無	0				147400	7370	210	0	0	0	0	0	
	747	4000	1	1	1	1	0	1.可以交易；1.被PK會掉	1	1	異族鞋	35	3.孫二娘	03.褲子 - 孫二娘	03.灰	0	07.怪物掉寶	5000	747	6000747	6100000	6200000	4000747	3ditem_a_001	1	35	4	0	00.無	0		00.無	0	00.無	0				131000	6550	211	0	0	0	0	0	
	748	4000	1	1	1	1	0	1.可以交易；1.被PK會掉	1	1	異族手杖	35	3.孫二娘	04.武器 - 孫二娘	03.灰	0	07.怪物掉寶	5000	748	6000748	6100000	6200000	4000748	3ditem_a_001	1	35	4	0	00.無	0		00.無	0	00.無	0				245700	12285	212	0	0	0	0	0	
	749	4000	1	1	1	1	0	1.可以交易；1.被PK會掉	1	1	炙夏帽	35	3.孫二娘	01.帽子 - 孫二娘	04.白	1	03.商店購買	5000	749	6000749	6100000	6200000	4000749	3ditem_a_001	1	35	4	0	00.無	0		00.無	0	00.無	0				114700	11470	209	0	0	0	0	0	
	750	4000	1	1	1	1	0	1.可以交易；1.被PK會掉	1	1	炙夏衣	35	3.孫二娘	02.上衣 - 孫二娘	04.白	1	03.商店購買	5000	750	6000750	6100000	6200000	4000750	3ditem_a_001	1	35	4	0	00.無	0		00.無	0	00.無	0				147400	14740	210	0	0	0	0	0	
	751	4000	1	1	1	1	0	1.可以交易；1.被PK會掉	1	1	炙夏鞋	35	3.孫二娘	03.褲子 - 孫二娘	04.白	1	03.商店購買	5000	751	6000751	6100000	6200000	4000751	3ditem_a_001	1	35	4	0	00.無	0		00.無	0	00.無	0				131000	13100	211	0	0	0	0	0	
	752	4000	1	1	1	1	0	1.可以交易；1.被PK會掉	1	1	炙夏手杖	35	3.孫二娘	04.武器 - 孫二娘	04.白	1	03.商店購買	5000	752	6000752	6100000	6200000	4000752	3ditem_a_001	1	35	4	0	00.無	0		00.無	0	00.無	0				245700	24570	212	0	0	0	0	0	
	753	4000	1	1	1	1	1	1.可以交易；0.被PK不掉	1	0	星月帽	35	3.孫二娘	01.帽子 - 孫二娘	05.綠	2	07.怪物掉寶	5000	753	6000753	6100000	6200000	4000753	3ditem_a_001	1	35	4	0	00.無	0		00.無	0	00.無	0				114700	5735	209	0	0	0	0	0	
	754	4000	1	1	1	1	1	1.可以交易；0.被PK不掉	1	0	星月衣	35	3.孫二娘	02.上衣 - 孫二娘	05.綠	2	07.怪物掉寶	5000	754	6000754	6100000	6200000	4000754	3ditem_a_001	1	35	4	0	00.無	0		00.無	0	00.無	0				147400	7370	210	0	0	0	0	0	
	755	4000	1	1	1	1	1	1.可以交易；0.被PK不掉	1	0	星月鞋	35	3.孫二娘	03.褲子 - 孫二娘	05.綠	2	07.怪物掉寶	5000	755	6000755	6100000	6200000	4000755	3ditem_a_001	1	35	4	0	00.無	0		00.無	0	00.無	0				131000	6550	211	0	0	0	0	0	
	756	4000	1	1	1	1	1	1.可以交易；0.被PK不掉	1	0	星月手杖	35	3.孫二娘	04.武器 - 孫二娘	05.綠	2	07.怪物掉寶	5000	756	6000756	6100000	6200000	4000756	3ditem_a_001	1	35	4	0	00.無	0		00.無	0	00.無	0				245700	12285	212	0	0	0	0	0	
	757	4000	1	1	1	1	1	0.不可交易；0.被PK不掉	0	0	馬雅帽	35	3.孫二娘	01.帽子 - 孫二娘	06.藍	3	12.收集品交換	5000	757	6000757	6100000	6200000	4000757	3ditem_a_001	1	35	4	0	00.無	0		00.無	0	00.無	0				114700	5735	209	0	0	0	0	0	
	758	4000	1	1	1	1	1	0.不可交易；0.被PK不掉	0	0	馬雅衣	35	3.孫二娘	02.上衣 - 孫二娘	06.藍	3	12.收集品交換	5000	758	6000758	6100000	6200000	4000758	3ditem_a_001	1	35	4	0	00.無	0		00.無	0	00.無	0				147400	7370	210	0	0	0	0	0	
	759	4000	1	1	1	1	1	0.不可交易；0.被PK不掉	0	0	馬雅鞋	35	3.孫二娘	03.褲子 - 孫二娘	06.藍	3	12.收集品交換	5000	759	6000759	6100000	6200000	4000759	3ditem_a_001	1	35	4	0	00.無	0		00.無	0	00.無	0				131000	6550	211	0	0	0	0	0	
	760	4000	1	1	1	1	1	0.不可交易；0.被PK不掉	0	0	馬雅手杖	35	3.孫二娘	04.武器 - 孫二娘	06.藍	3	12.收集品交換	5000	760	6000760	6100000	6200000	4000760	3ditem_a_001	1	35	4	0	00.無	0		00.無	0	00.無	0				245700	12285	212	0	0	0	0	0	
	761	4000	1	1	1	1	0	1.可以交易；1.被PK會掉	1	1	帕夏帽	40	3.孫二娘	01.帽子 - 孫二娘	03.灰	0	07.怪物掉寶	5000	761	6000761	6100000	6200000	4000761	3ditem_a_001	1	40	4	0	00.無	0		00.無	0	00.無	0				211200	10560	209	0	0	0	0	0	
	762	4000	1	1	1	1	0	1.可以交易；1.被PK會掉	1	1	帕夏衣	40	3.孫二娘	02.上衣 - 孫二娘	03.灰	0	07.怪物掉寶	5000	762	6000762	6100000	6200000	4000762	3ditem_a_001	1	40	4	0	00.無	0		00.無	0	00.無	0				271500	13575	210	0	0	0	0	0	
	763	4000	1	1	1	1	0	1.可以交易；1.被PK會掉	1	1	帕夏鞋	40	3.孫二娘	03.褲子 - 孫二娘	03.灰	0	07.怪物掉寶	5000	763	6000763	6100000	6200000	4000763	3ditem_a_001	1	40	4	0	00.無	0		00.無	0	00.無	0				241300	12065	211	0	0	0	0	0	
	764	4000	1	1	1	1	0	1.可以交易；1.被PK會掉	1	1	帕夏手杖	40	3.孫二娘	04.武器 - 孫二娘	03.灰	0	07.怪物掉寶	5000	764	6000764	6100000	6200000	4000764	3ditem_a_001	1	40	4	0	00.無	0		00.無	0	00.無	0				452500	22625	212	0	0	0	0	0	
	765	4000	1	1	1	1	0	1.可以交易；1.被PK會掉	1	1	土魯帽	40	3.孫二娘	01.帽子 - 孫二娘	04.白	1	03.商店購買	5000	765	6000765	6100000	6200000	4000765	3ditem_a_001	1	40	4	0	00.無	0		00.無	0	00.無	0				211200	21120	209	0	0	0	0	0	
	766	4000	1	1	1	1	0	1.可以交易；1.被PK會掉	1	1	土魯衣	40	3.孫二娘	02.上衣 - 孫二娘	04.白	1	03.商店購買	5000	766	6000766	6100000	6200000	4000766	3ditem_a_001	1	40	4	0	00.無	0		00.無	0	00.無	0				271500	27150	210	0	0	0	0	0	
	767	4000	1	1	1	1	0	1.可以交易；1.被PK會掉	1	1	土魯鞋	40	3.孫二娘	03.褲子 - 孫二娘	04.白	1	03.商店購買	5000	767	6000767	6100000	6200000	4000767	3ditem_a_001	1	40	4	0	00.無	0		00.無	0	00.無	0				241300	24130	211	0	0	0	0	0	
	768	4000	1	1	1	1	0	1.可以交易；1.被PK會掉	1	1	土魯手杖	40	3.孫二娘	04.武器 - 孫二娘	04.白	1	03.商店購買	5000	768	6000768	6100000	6200000	4000768	3ditem_a_001	1	40	4	0	00.無	0		00.無	0	00.無	0				452500	45250	212	0	0	0	0	0	
	769	4000	1	1	1	1	1	1.可以交易；0.被PK不掉	1	0	坎農帽	40	3.孫二娘	01.帽子 - 孫二娘	05.綠	2	07.怪物掉寶	5000	769	6000769	6100000	6200000	4000769	3ditem_a_001	1	40	4	0	00.無	0		00.無	0	00.無	0				211200	10560	209	0	0	0	0	0	
	770	4000	1	1	1	1	1	1.可以交易；0.被PK不掉	1	0	坎農衣	40	3.孫二娘	02.上衣 - 孫二娘	05.綠	2	07.怪物掉寶	5000	770	6000770	6100000	6200000	4000770	3ditem_a_001	1	40	4	0	00.無	0		00.無	0	00.無	0				271500	13575	210	0	0	0	0	0	
	771	4000	1	1	1	1	1	1.可以交易；0.被PK不掉	1	0	坎農鞋	40	3.孫二娘	03.褲子 - 孫二娘	05.綠	2	07.怪物掉寶	5000	771	6000771	6100000	6200000	4000771	3ditem_a_001	1	40	4	0	00.無	0		00.無	0	00.無	0				241300	12065	211	0	0	0	0	0	
	772	4000	1	1	1	1	1	1.可以交易；0.被PK不掉	1	0	坎農手杖	40	3.孫二娘	04.武器 - 孫二娘	05.綠	2	07.怪物掉寶	5000	772	6000772	6100000	6200000	4000772	3ditem_a_001	1	40	4	0	00.無	0		00.無	0	00.無	0				452500	22625	212	0	0	0	0	0	
	773	4000	1	1	1	1	1	1.可以交易；0.被PK不掉	1	0	突厥帽	40	3.孫二娘	01.帽子 - 孫二娘	06.藍	3	12.收集品交換	5000	773	6000773	6100000	6200000	4000773	3ditem_a_001	1	40	4	0	00.無	0		00.無	0	00.無	0				211200	10560	209	0	0	0	0	0	
	774	4000	1	1	1	1	1	1.可以交易；0.被PK不掉	1	0	突厥衣	40	3.孫二娘	02.上衣 - 孫二娘	06.藍	3	12.收集品交換	5000	774	6000774	6100000	6200000	4000774	3ditem_a_001	1	40	4	0	00.無	0		00.無	0	00.無	0				271500	13575	210	0	0	0	0	0	
	775	4000	1	1	1	1	1	1.可以交易；0.被PK不掉	1	0	突厥鞋	40	3.孫二娘	03.褲子 - 孫二娘	06.藍	3	12.收集品交換	5000	775	6000775	6100000	6200000	4000775	3ditem_a_001	1	40	4	0	00.無	0		00.無	0	00.無	0				241300	12065	211	0	0	0	0	0	
	776	4000	1	1	1	1	1	1.可以交易；0.被PK不掉	1	0	突厥手杖	40	3.孫二娘	04.武器 - 孫二娘	06.藍	3	12.收集品交換	5000	776	6000776	6100000	6200000	4000776	3ditem_a_001	1	40	4	0	00.無	0		00.無	0	00.無	0				452500	22625	212	0	0	0	0	0	
	777	4000	1	1	1	1	1	1.可以交易；0.被PK不掉	1	0	孔雀帽	45	3.孫二娘	01.帽子 - 孫二娘	07.紫	4	07.怪物掉寶	5000	777	6000777	6100000	6200000	4000777	3ditem_a_001	1	45	4	0	00.無	0		00.無	0	00.無	0				363000	18150	209	0	0	0	0	0	
	778	4000	1	1	1	1	1	1.可以交易；0.被PK不掉	1	0	孔雀衣	45	3.孫二娘	02.上衣 - 孫二娘	07.紫	4	07.怪物掉寶	5000	778	6000778	6100000	6200000	4000778	3ditem_a_001	1	45	4	0	00.無	0		00.無	0	00.無	0				467000	23350	210	0	0	0	0	0	
	779	4000	1	1	1	1	1	1.可以交易；0.被PK不掉	1	0	孔雀鞋	45	3.孫二娘	03.褲子 - 孫二娘	07.紫	4	07.怪物掉寶	5000	779	6000779	6100000	6200000	4000779	3ditem_a_001	1	45	4	0	00.無	0		00.無	0	00.無	0				415000	20750	211	0	0	0	0	0	
	780	4000	1	1	1	1	1	1.可以交易；0.被PK不掉	1	0	孔雀手杖	45	3.孫二娘	04.武器 - 孫二娘	07.紫	4	07.怪物掉寶	5000	780	6000780	6100000	6200000	4000780	3ditem_a_001	1	45	4	0	00.無	0		00.無	0	00.無	0				778000	38900	212	0	0	0	0	0	
	781	4000	1	1	1	1	0	1.可以交易；1.被PK會掉	1	1	小丑帽	45	3.孫二娘	01.帽子 - 孫二娘	03.灰	0	07.怪物掉寶	5000	781	6000781	6100000	6200000	4000781	3ditem_a_001	1	45	4	0	00.無	0		00.無	0	00.無	0				363000	18150	209	0	0	0	0	0	
	782	4000	1	1	1	1	0	1.可以交易；1.被PK會掉	1	1	小丑衣	45	3.孫二娘	02.上衣 - 孫二娘	03.灰	0	07.怪物掉寶	5000	782	6000782	6100000	6200000	4000782	3ditem_a_001	1	45	4	0	00.無	0		00.無	0	00.無	0				467000	23350	210	0	0	0	0	0	
	783	4000	1	1	1	1	0	1.可以交易；1.被PK會掉	1	1	小丑鞋	45	3.孫二娘	03.褲子 - 孫二娘	03.灰	0	07.怪物掉寶	5000	783	6000783	6100000	6200000	4000783	3ditem_a_001	1	45	4	0	00.無	0		00.無	0	00.無	0				415000	20750	211	0	0	0	0	0	
	784	4000	1	1	1	1	0	1.可以交易；1.被PK會掉	1	1	小丑手杖	45	3.孫二娘	04.武器 - 孫二娘	03.灰	0	07.怪物掉寶	5000	784	6000784	6100000	6200000	4000784	3ditem_a_001	1	45	4	0	00.無	0		00.無	0	00.無	0				778000	38900	212	0	0	0	0	0	
	785	4000	1	1	1	1	0	1.可以交易；1.被PK會掉	1	1	雜耍帽	45	3.孫二娘	01.帽子 - 孫二娘	04.白	1	03.商店購買	5000	785	6000785	6100000	6200000	4000785	3ditem_a_001	1	45	4	0	00.無	0		00.無	0	00.無	0				363000	36300	209	0	0	0	0	0	
	786	4000	1	1	1	1	0	1.可以交易；1.被PK會掉	1	1	雜耍衣	45	3.孫二娘	02.上衣 - 孫二娘	04.白	1	03.商店購買	5000	786	6000786	6100000	6200000	4000786	3ditem_a_001	1	45	4	0	00.無	0		00.無	0	00.無	0				467000	46700	210	0	0	0	0	0	
	787	4000	1	1	1	1	0	1.可以交易；1.被PK會掉	1	1	雜耍鞋	45	3.孫二娘	03.褲子 - 孫二娘	04.白	1	03.商店購買	5000	787	6000787	6100000	6200000	4000787	3ditem_a_001	1	45	4	0	00.無	0		00.無	0	00.無	0				415000	41500	211	0	0	0	0	0	
	788	4000	1	1	1	1	0	1.可以交易；1.被PK會掉	1	1	雜耍手杖	45	3.孫二娘	04.武器 - 孫二娘	04.白	1	03.商店購買	5000	788	6000788	6100000	6200000	4000788	3ditem_a_001	1	45	4	0	00.無	0		00.無	0	00.無	0				778000	77800	212	0	0	0	0	0	
	789	4000	1	1	1	1	1	1.可以交易；0.被PK不掉	1	0	舞孃帽	45	3.孫二娘	01.帽子 - 孫二娘	05.綠	2	07.怪物掉寶	5000	789	6000789	6100000	6200000	4000789	3ditem_a_001	1	45	4	0	00.無	0		00.無	0	00.無	0				363000	18150	209	0	0	0	0	0	
	790	4000	1	1	1	1	1	1.可以交易；0.被PK不掉	1	0	舞孃衣	45	3.孫二娘	02.上衣 - 孫二娘	05.綠	2	07.怪物掉寶	5000	790	6000790	6100000	6200000	4000790	3ditem_a_001	1	45	4	0	00.無	0		00.無	0	00.無	0				467000	23350	210	0	0	0	0	0	
	791	4000	1	1	1	1	1	1.可以交易；0.被PK不掉	1	0	舞孃鞋	45	3.孫二娘	03.褲子 - 孫二娘	05.綠	2	07.怪物掉寶	5000	791	6000791	6100000	6200000	4000791	3ditem_a_001	1	45	4	0	00.無	0		00.無	0	00.無	0				415000	20750	211	0	0	0	0	0	
	792	4000	1	1	1	1	1	1.可以交易；0.被PK不掉	1	0	舞孃手杖	45	3.孫二娘	04.武器 - 孫二娘	05.綠	2	07.怪物掉寶	5000	792	6000792	6100000	6200000	4000792	3ditem_a_001	1	45	4	0	00.無	0		00.無	0	00.無	0				778000	38900	212	0	0	0	0	0	
	793	4000	1	1	1	1	1	0.不可交易；0.被PK不掉	0	0	魅影帽	45	3.孫二娘	01.帽子 - 孫二娘	06.藍	3	12.收集品交換	5000	793	6000793	6100000	6200000	4000793	3ditem_a_001	1	45	4	0	00.無	0		00.無	0	00.無	0				363000	18150	209	0	0	0	0	0	
	794	4000	1	1	1	1	1	0.不可交易；0.被PK不掉	0	0	魅影衣	45	3.孫二娘	02.上衣 - 孫二娘	06.藍	3	12.收集品交換	5000	794	6000794	6100000	6200000	4000794	3ditem_a_001	1	45	4	0	00.無	0		00.無	0	00.無	0				467000	23350	210	0	0	0	0	0	
	795	4000	1	1	1	1	1	0.不可交易；0.被PK不掉	0	0	魅影鞋	45	3.孫二娘	03.褲子 - 孫二娘	06.藍	3	12.收集品交換	5000	795	6000795	6100000	6200000	4000795	3ditem_a_001	1	45	4	0	00.無	0		00.無	0	00.無	0				415000	20750	211	0	0	0	0	0	
	796	4000	1	1	1	1	1	0.不可交易；0.被PK不掉	0	0	魅影手杖	45	3.孫二娘	04.武器 - 孫二娘	06.藍	3	12.收集品交換	5000	796	6000796	6100000	6200000	4000796	3ditem_a_001	1	45	4	0	00.無	0		00.無	0	00.無	0				778000	38900	212	0	0	0	0	0	
	797	4000	1	1	1	1	0	1.可以交易；1.被PK會掉	1	1	貪婪帽	50	3.孫二娘	01.帽子 - 孫二娘	03.灰	0	07.怪物掉寶	5000	797	6000797	6100000	6200000	4000797	3ditem_a_001	1	50	4	0	00.無	0		00.無	0	00.無	0				592000	29600	209	0	0	0	0	0	
	798	4000	1	1	1	1	0	1.可以交易；1.被PK會掉	1	1	貪婪衣	50	3.孫二娘	02.上衣 - 孫二娘	03.灰	0	07.怪物掉寶	5000	798	6000798	6100000	6200000	4000798	3ditem_a_001	1	50	4	0	00.無	0		00.無	0	00.無	0				762000	38100	210	0	0	0	0	0	
	799	4000	1	1	1	1	0	1.可以交易；1.被PK會掉	1	1	貪婪鞋	50	3.孫二娘	03.褲子 - 孫二娘	03.灰	0	07.怪物掉寶	5000	799	6000799	6100000	6200000	4000799	3ditem_a_001	1	50	4	0	00.無	0		00.無	0	00.無	0				677000	33850	211	0	0	0	0	0	
	800	4000	1	1	1	1	0	1.可以交易；1.被PK會掉	1	1	貪婪手杖	50	3.孫二娘	04.武器 - 孫二娘	03.灰	0	07.怪物掉寶	5000	800	6000800	6100000	6200000	4000800	3ditem_a_001	1	50	4	0	00.無	0		00.無	0	00.無	0				1269000	63450	212	0	0	0	0	0	
	801	4000	1	1	1	1	0	1.可以交易；1.被PK會掉	1	1	夢想帽	50	3.孫二娘	01.帽子 - 孫二娘	04.白	1	03.商店購買	5000	801	6000801	6100000	6200000	4000801	3ditem_a_001	1	50	4	0	00.無	0		00.無	0	00.無	0				592000	59200	209	0	0	0	0	0	
	802	4000	1	1	1	1	0	1.可以交易；1.被PK會掉	1	1	夢想衣	50	3.孫二娘	02.上衣 - 孫二娘	04.白	1	03.商店購買	5000	802	6000802	6100000	6200000	4000802	3ditem_a_001	1	50	4	0	00.無	0		00.無	0	00.無	0				762000	76200	210	0	0	0	0	0	
	803	4000	1	1	1	1	0	1.可以交易；1.被PK會掉	1	1	夢想鞋	50	3.孫二娘	03.褲子 - 孫二娘	04.白	1	03.商店購買	5000	803	6000803	6100000	6200000	4000803	3ditem_a_001	1	50	4	0	00.無	0		00.無	0	00.無	0				677000	67700	211	0	0	0	0	0	
	804	4000	1	1	1	1	0	1.可以交易；1.被PK會掉	1	1	夢想手杖	50	3.孫二娘	04.武器 - 孫二娘	04.白	1	03.商店購買	5000	804	6000804	6100000	6200000	4000804	3ditem_a_001	1	50	4	0	00.無	0		00.無	0	00.無	0				1269000	126900	212	0	0	0	0	0	
	805	4000	1	1	1	1	1	1.可以交易；0.被PK不掉	1	0	虛幻帽	50	3.孫二娘	01.帽子 - 孫二娘	05.綠	2	07.怪物掉寶	5000	805	6000805	6100000	6200000	4000805	3ditem_a_001	1	50	4	0	00.無	0		00.無	0	00.無	0				592000	29600	209	0	0	0	0	0	
	806	4000	1	1	1	1	1	1.可以交易；0.被PK不掉	1	0	虛幻衣	50	3.孫二娘	02.上衣 - 孫二娘	05.綠	2	07.怪物掉寶	5000	806	6000806	6100000	6200000	4000806	3ditem_a_001	1	50	4	0	00.無	0		00.無	0	00.無	0				762000	38100	210	0	0	0	0	0	
	807	4000	1	1	1	1	1	1.可以交易；0.被PK不掉	1	0	虛幻鞋	50	3.孫二娘	03.褲子 - 孫二娘	05.綠	2	07.怪物掉寶	5000	807	6000807	6100000	6200000	4000807	3ditem_a_001	1	50	4	0	00.無	0		00.無	0	00.無	0				677000	33850	211	0	0	0	0	0	
	808	4000	1	1	1	1	1	1.可以交易；0.被PK不掉	1	0	虛幻手杖	50	3.孫二娘	04.武器 - 孫二娘	05.綠	2	07.怪物掉寶	5000	808	6000808	6100000	6200000	4000808	3ditem_a_001	1	50	4	0	00.無	0		00.無	0	00.無	0				1269000	63450	212	0	0	0	0	0	
	809	4000	1	1	1	1	1	1.可以交易；0.被PK不掉	1	0	闇影帽	50	3.孫二娘	01.帽子 - 孫二娘	06.藍	3	12.收集品交換	5000	809	6000809	6100000	6200000	4000809	3ditem_a_001	1	50	4	0	00.無	0		00.無	0	00.無	0				592000	29600	209	0	0	0	0	0	
	810	4000	1	1	1	1	1	1.可以交易；0.被PK不掉	1	0	闇影衣	50	3.孫二娘	02.上衣 - 孫二娘	06.藍	3	12.收集品交換	5000	810	6000810	6100000	6200000	4000810	3ditem_a_001	1	50	4	0	00.無	0		00.無	0	00.無	0				762000	38100	210	0	0	0	0	0	
	811	4000	1	1	1	1	1	1.可以交易；0.被PK不掉	1	0	闇影鞋	50	3.孫二娘	03.褲子 - 孫二娘	06.藍	3	12.收集品交換	5000	811	6000811	6100000	6200000	4000811	3ditem_a_001	1	50	4	0	00.無	0		00.無	0	00.無	0				677000	33850	211	0	0	0	0	0	
	812	4000	1	1	1	1	1	1.可以交易；0.被PK不掉	1	0	闇影手杖	50	3.孫二娘	04.武器 - 孫二娘	06.藍	3	12.收集品交換	5000	812	6000812	6100000	6200000	4000812	3ditem_a_001	1	50	4	0	00.無	0		00.無	0	00.無	0				1269000	63450	212	0	0	0	0	0	
	813	4000	1	1	1	1	0	1.可以交易；1.被PK會掉	1	1	小鬼帽	55	3.孫二娘	01.帽子 - 孫二娘	03.灰	0	07.怪物掉寶	5000	813	6000813	6100000	6200000	4000813	3ditem_a_001	1	55	4	0	00.無	0		00.無	0	00.無	0				929000	46450	209	0	0	0	0	0	
	814	4000	1	1	1	1	0	1.可以交易；1.被PK會掉	1	1	小鬼衣	55	3.孫二娘	02.上衣 - 孫二娘	03.灰	0	07.怪物掉寶	5000	814	6000814	6100000	6200000	4000814	3ditem_a_001	1	55	4	0	00.無	0		00.無	0	00.無	0				1194000	59700	210	0	0	0	0	0	
	815	4000	1	1	1	1	0	1.可以交易；1.被PK會掉	1	1	小鬼鞋	55	3.孫二娘	03.褲子 - 孫二娘	03.灰	0	07.怪物掉寶	5000	815	6000815	6100000	6200000	4000815	3ditem_a_001	1	55	4	0	00.無	0		00.無	0	00.無	0				1061000	53050	211	0	0	0	0	0	
	816	4000	1	1	1	1	0	1.可以交易；1.被PK會掉	1	1	小鬼手杖	55	3.孫二娘	04.武器 - 孫二娘	03.灰	0	07.怪物掉寶	5000	816	6000816	6100000	6200000	4000816	3ditem_a_001	1	55	4	0	00.無	0		00.無	0	00.無	0				1990000	99500	212	0	0	0	0	0	
	817	4000	1	1	1	1	0	1.可以交易；1.被PK會掉	1	1	童鬼帽	55	3.孫二娘	01.帽子 - 孫二娘	04.白	1	03.商店購買	5000	817	6000817	6100000	6200000	4000817	3ditem_a_001	1	55	4	0	00.無	0		00.無	0	00.無	0				929000	92900	209	0	0	0	0	0	
	818	4000	1	1	1	1	0	1.可以交易；1.被PK會掉	1	1	童鬼衣	55	3.孫二娘	02.上衣 - 孫二娘	04.白	1	03.商店購買	5000	818	6000818	6100000	6200000	4000818	3ditem_a_001	1	55	4	0	00.無	0		00.無	0	00.無	0				1194000	119400	210	0	0	0	0	0	
	819	4000	1	1	1	1	0	1.可以交易；1.被PK會掉	1	1	童鬼鞋	55	3.孫二娘	03.褲子 - 孫二娘	04.白	1	03.商店購買	5000	819	6000819	6100000	6200000	4000819	3ditem_a_001	1	55	4	0	00.無	0		00.無	0	00.無	0				1061000	106100	211	0	0	0	0	0	
	820	4000	1	1	1	1	0	1.可以交易；1.被PK會掉	1	1	童鬼手杖	55	3.孫二娘	04.武器 - 孫二娘	04.白	1	03.商店購買	5000	820	6000820	6100000	6200000	4000820	3ditem_a_001	1	55	4	0	00.無	0		00.無	0	00.無	0				1990000	199000	212	0	0	0	0	0	
	821	4000	1	1	1	1	1	1.可以交易；0.被PK不掉	1	0	響鬼帽	55	3.孫二娘	01.帽子 - 孫二娘	05.綠	2	07.怪物掉寶	5000	821	6000821	6100000	6200000	4000821	3ditem_a_001	1	55	4	0	00.無	0		00.無	0	00.無	0				929000	46450	209	0	0	0	0	0	
	822	4000	1	1	1	1	1	1.可以交易；0.被PK不掉	1	0	響鬼衣	55	3.孫二娘	02.上衣 - 孫二娘	05.綠	2	07.怪物掉寶	5000	822	6000822	6100000	6200000	4000822	3ditem_a_001	1	55	4	0	00.無	0		00.無	0	00.無	0				1194000	59700	210	0	0	0	0	0	
	823	4000	1	1	1	1	1	1.可以交易；0.被PK不掉	1	0	響鬼鞋	55	3.孫二娘	03.褲子 - 孫二娘	05.綠	2	07.怪物掉寶	5000	823	6000823	6100000	6200000	4000823	3ditem_a_001	1	55	4	0	00.無	0		00.無	0	00.無	0				1061000	53050	211	0	0	0	0	0	
	824	4000	1	1	1	1	1	1.可以交易；0.被PK不掉	1	0	響鬼手杖	55	3.孫二娘	04.武器 - 孫二娘	05.綠	2	07.怪物掉寶	5000	824	6000824	6100000	6200000	4000824	3ditem_a_001	1	55	4	0	00.無	0		00.無	0	00.無	0				1990000	99500	212	0	0	0	0	0	
	825	4000	1	1	1	1	1	0.不可交易；0.被PK不掉	0	0	夜叉帽	55	3.孫二娘	01.帽子 - 孫二娘	06.藍	3	12.收集品交換	5000	825	6000825	6100000	6200000	4000825	3ditem_a_001	1	55	4	0	00.無	0		00.無	0	00.無	0				929000	46450	209	0	0	0	0	0	
	826	4000	1	1	1	1	1	0.不可交易；0.被PK不掉	0	0	夜叉衣	55	3.孫二娘	02.上衣 - 孫二娘	06.藍	3	12.收集品交換	5000	826	6000826	6100000	6200000	4000826	3ditem_a_001	1	55	4	0	00.無	0		00.無	0	00.無	0				1194000	59700	210	0	0	0	0	0	
	827	4000	1	1	1	1	1	0.不可交易；0.被PK不掉	0	0	夜叉鞋	55	3.孫二娘	03.褲子 - 孫二娘	06.藍	3	12.收集品交換	5000	827	6000827	6100000	6200000	4000827	3ditem_a_001	1	55	4	0	00.無	0		00.無	0	00.無	0				1061000	53050	211	0	0	0	0	0	
	828	4000	1	1	1	1	1	0.不可交易；0.被PK不掉	0	0	夜叉手杖	55	3.孫二娘	04.武器 - 孫二娘	06.藍	3	12.收集品交換	5000	828	6000828	6100000	6200000	4000828	3ditem_a_001	1	55	4	0	00.無	0		00.無	0	00.無	0				1990000	99500	212	0	0	0	0	0	
	829	4000	1	1	1	1	0	1.可以交易；1.被PK會掉	1	1	幽魂帽	60	3.孫二娘	01.帽子 - 孫二娘	03.灰	0	07.怪物掉寶	5000	829	6000829	6100000	6200000	4000829	3ditem_a_001	1	60	4	0	00.無	0		00.無	0	00.無	0				1407000	70350	209	0	0	0	0	0	
	830	4000	1	1	1	1	0	1.可以交易；1.被PK會掉	1	1	幽魂衣	60	3.孫二娘	02.上衣 - 孫二娘	03.灰	0	07.怪物掉寶	5000	830	6000830	6100000	6200000	4000830	3ditem_a_001	1	60	4	0	00.無	0		00.無	0	00.無	0				1809000	90450	210	0	0	0	0	0	
	831	4000	1	1	1	1	0	1.可以交易；1.被PK會掉	1	1	幽魂鞋	60	3.孫二娘	03.褲子 - 孫二娘	03.灰	0	07.怪物掉寶	5000	831	6000831	6100000	6200000	4000831	3ditem_a_001	1	60	4	0	00.無	0		00.無	0	00.無	0				1608000	80400	211	0	0	0	0	0	
	832	4000	1	1	1	1	0	1.可以交易；1.被PK會掉	1	1	幽魂手杖	60	3.孫二娘	04.武器 - 孫二娘	03.灰	0	07.怪物掉寶	5000	832	6000832	6100000	6200000	4000832	3ditem_a_001	1	60	4	0	00.無	0		00.無	0	00.無	0				3015000	150750	212	0	0	0	0	0	
	833	4000	1	1	1	1	0	1.可以交易；1.被PK會掉	1	1	惡魔帽	60	3.孫二娘	01.帽子 - 孫二娘	04.白	1	03.商店購買	5000	833	6000833	6100000	6200000	4000833	3ditem_a_001	1	60	4	0	00.無	0		00.無	0	00.無	0				1407000	140700	209	0	0	0	0	0	
	834	4000	1	1	1	1	0	1.可以交易；1.被PK會掉	1	1	惡魔衣	60	3.孫二娘	02.上衣 - 孫二娘	04.白	1	03.商店購買	5000	834	6000834	6100000	6200000	4000834	3ditem_a_001	1	60	4	0	00.無	0		00.無	0	00.無	0				1809000	180900	210	0	0	0	0	0	
	835	4000	1	1	1	1	0	1.可以交易；1.被PK會掉	1	1	惡魔鞋	60	3.孫二娘	03.褲子 - 孫二娘	04.白	1	03.商店購買	5000	835	6000835	6100000	6200000	4000835	3ditem_a_001	1	60	4	0	00.無	0		00.無	0	00.無	0				1608000	160800	211	0	0	0	0	0	
	836	4000	1	1	1	1	0	1.可以交易；1.被PK會掉	1	1	惡魔手杖	60	3.孫二娘	04.武器 - 孫二娘	04.白	1	03.商店購買	5000	836	6000836	6100000	6200000	4000836	3ditem_a_001	1	60	4	0	00.無	0		00.無	0	00.無	0				3015000	301500	212	0	0	0	0	0	
	837	4000	1	1	1	1	1	1.可以交易；0.被PK不掉	1	0	夢靨帽	60	3.孫二娘	01.帽子 - 孫二娘	05.綠	2	07.怪物掉寶	5000	837	6000837	6100000	6200000	4000837	3ditem_a_001	1	60	4	0	00.無	0		00.無	0	00.無	0				1407000	70350	209	0	0	0	0	0	
	838	4000	1	1	1	1	1	1.可以交易；0.被PK不掉	1	0	夢靨衣	60	3.孫二娘	02.上衣 - 孫二娘	05.綠	2	07.怪物掉寶	5000	838	6000838	6100000	6200000	4000838	3ditem_a_001	1	60	4	0	00.無	0		00.無	0	00.無	0				1809000	90450	210	0	0	0	0	0	
	839	4000	1	1	1	1	1	1.可以交易；0.被PK不掉	1	0	夢靨鞋	60	3.孫二娘	03.褲子 - 孫二娘	05.綠	2	07.怪物掉寶	5000	839	6000839	6100000	6200000	4000839	3ditem_a_001	1	60	4	0	00.無	0		00.無	0	00.無	0				1608000	80400	211	0	0	0	0	0	
	840	4000	1	1	1	1	1	1.可以交易；0.被PK不掉	1	0	夢靨手杖	60	3.孫二娘	04.武器 - 孫二娘	05.綠	2	07.怪物掉寶	5000	840	6000840	6100000	6200000	4000840	3ditem_a_001	1	60	4	0	00.無	0		00.無	0	00.無	0				3015000	150750	212	0	0	0	0	0	
	841	4000	1	1	1	1	1	1.可以交易；0.被PK不掉	1	0	嗜血帽	60	3.孫二娘	01.帽子 - 孫二娘	06.藍	3	12.收集品交換	5000	841	6000841	6100000	6200000	4000841	3ditem_a_001	1	60	4	0	00.無	0		00.無	0	00.無	0				1407000	70350	209	0	0	0	0	0	
	842	4000	1	1	1	1	1	1.可以交易；0.被PK不掉	1	0	嗜血衣	60	3.孫二娘	02.上衣 - 孫二娘	06.藍	3	12.收集品交換	5000	842	6000842	6100000	6200000	4000842	3ditem_a_001	1	60	4	0	00.無	0		00.無	0	00.無	0				1809000	90450	210	0	0	0	0	0	
	843	4000	1	1	1	1	1	1.可以交易；0.被PK不掉	1	0	嗜血鞋	60	3.孫二娘	03.褲子 - 孫二娘	06.藍	3	12.收集品交換	5000	843	6000843	6100000	6200000	4000843	3ditem_a_001	1	60	4	0	00.無	0		00.無	0	00.無	0				1608000	80400	211	0	0	0	0	0	
	844	4000	1	1	1	1	1	1.可以交易；0.被PK不掉	1	0	嗜血手杖	60	3.孫二娘	04.武器 - 孫二娘	06.藍	3	12.收集品交換	5000	844	6000844	6100000	6200000	4000844	3ditem_a_001	1	60	4	0	00.無	0		00.無	0	00.無	0				3015000	150750	212	0	0	0	0	0	
	845	4000	1	1	1	1	1	1.可以交易；0.被PK不掉	1	0	鬱金香帽	55	3.孫二娘	01.帽子 - 孫二娘	07.紫	4	07.怪物掉寶	5000	845	6000845	6100000	6200000	4000845	3ditem_a_001	1	55	4	0	00.無	0		00.無	0	00.無	0				929000	46450	209	0	0	0	0	0	
	846	4000	1	1	1	1	1	1.可以交易；0.被PK不掉	1	0	鬱金香衣	55	3.孫二娘	02.上衣 - 孫二娘	07.紫	4	07.怪物掉寶	5000	846	6000846	6100000	6200000	4000846	3ditem_a_001	1	55	4	0	00.無	0		00.無	0	00.無	0				1194000	59700	210	0	0	0	0	0	
	847	4000	1	1	1	1	1	1.可以交易；0.被PK不掉	1	0	鬱金香鞋	55	3.孫二娘	03.褲子 - 孫二娘	07.紫	4	07.怪物掉寶	5000	847	6000847	6100000	6200000	4000847	3ditem_a_001	1	55	4	0	00.無	0		00.無	0	00.無	0				1061000	53050	211	0	0	0	0	0	
	848	4000	1	1	1	1	1	1.可以交易；0.被PK不掉	1	0	鬱金香手杖	55	3.孫二娘	04.武器 - 孫二娘	07.紫	4	07.怪物掉寶	5000	848	6000848	6100000	6200000	4000848	3ditem_a_001	1	55	4	0	00.無	0		00.無	0	00.無	0				1990000	99500	212	0	0	0	0	0	
#	849	4000	0	1	1	1	0	1.可以交易；1.被PK會掉	1	1	塵埃法帽	65	3.孫二娘	01.帽子 - 孫二娘	03.灰	0	07.怪物掉寶	5000	849	6000849	6100000	6200000	4000849	3ditem_a_001	1	65	4	0	00.無	0		00.無	0	00.無	0				2090000	104500	209	0	0	0	0	0	
#	850	4000	0	1	1	1	0	1.可以交易；1.被PK會掉	1	1	塵埃法衣	65	3.孫二娘	02.上衣 - 孫二娘	03.灰	0	07.怪物掉寶	5000	850	6000850	6100000	6200000	4000850	3ditem_a_001	1	65	4	0	00.無	0		00.無	0	00.無	0				2680000	134000	210	0	0	0	0	0	
#	851	4000	0	1	1	1	0	1.可以交易；1.被PK會掉	1	1	塵埃草鞋	65	3.孫二娘	03.褲子 - 孫二娘	03.灰	0	07.怪物掉寶	5000	851	6000851	6100000	6200000	4000851	3ditem_a_001	1	65	4	0	00.無	0		00.無	0	00.無	0				2390000	119500	211	0	0	0	0	0	
#	852	4000	0	1	1	1	0	1.可以交易；1.被PK會掉	1	1	塵埃手杖	65	3.孫二娘	04.武器 - 孫二娘	03.灰	0	07.怪物掉寶	5000	852	6000852	6100000	6200000	4000852	3ditem_a_001	1	65	4	0	00.無	0		00.無	0	00.無	0				4470000	223500	212	0	0	0	0	0	
#	853	4000	0	1	1	1	0	1.可以交易；1.被PK會掉	1	1	草薙法帽	65	3.孫二娘	01.帽子 - 孫二娘	04.白	1	03.商店購買	5000	853	6000853	6100000	6200000	4000853	3ditem_a_001	1	65	4	0	00.無	0		00.無	0	00.無	0				2090000	209000	209	0	0	0	0	0	
#	854	4000	0	1	1	1	0	1.可以交易；1.被PK會掉	1	1	草薙法衣	65	3.孫二娘	02.上衣 - 孫二娘	04.白	1	03.商店購買	5000	854	6000854	6100000	6200000	4000854	3ditem_a_001	1	65	4	0	00.無	0		00.無	0	00.無	0				2680000	268000	210	0	0	0	0	0	
#	855	4000	0	1	1	1	0	1.可以交易；1.被PK會掉	1	1	草薙草鞋	65	3.孫二娘	03.褲子 - 孫二娘	04.白	1	03.商店購買	5000	855	6000855	6100000	6200000	4000855	3ditem_a_001	1	65	4	0	00.無	0		00.無	0	00.無	0				2390000	239000	211	0	0	0	0	0	
#	856	4000	0	1	1	1	0	1.可以交易；1.被PK會掉	1	1	草薙手杖	65	3.孫二娘	04.武器 - 孫二娘	04.白	1	03.商店購買	5000	856	6000856	6100000	6200000	4000856	3ditem_a_001	1	65	4	0	00.無	0		00.無	0	00.無	0				4470000	447000	212	0	0	0	0	0	
#	857	4000	0	1	1	1	1	1.可以交易；0.被PK不掉	1	0	弦月法帽	65	3.孫二娘	01.帽子 - 孫二娘	05.綠	2	07.怪物掉寶	5000	857	6000857	6100000	6200000	4000857	3ditem_a_001	1	65	4	0	00.無	0		00.無	0	00.無	0				2090000	104500	209	0	0	0	0	0	
#	858	4000	0	1	1	1	1	1.可以交易；0.被PK不掉	1	0	弦月法衣	65	3.孫二娘	02.上衣 - 孫二娘	05.綠	2	07.怪物掉寶	5000	858	6000858	6100000	6200000	4000858	3ditem_a_001	1	65	4	0	00.無	0		00.無	0	00.無	0				2680000	134000	210	0	0	0	0	0	
#	859	4000	0	1	1	1	1	1.可以交易；0.被PK不掉	1	0	弦月草鞋	65	3.孫二娘	03.褲子 - 孫二娘	05.綠	2	07.怪物掉寶	5000	859	6000859	6100000	6200000	4000859	3ditem_a_001	1	65	4	0	00.無	0		00.無	0	00.無	0				2390000	119500	211	0	0	0	0	0	
#	860	4000	0	1	1	1	1	1.可以交易；0.被PK不掉	1	0	弦月手杖	65	3.孫二娘	04.武器 - 孫二娘	05.綠	2	07.怪物掉寶	5000	860	6000860	6100000	6200000	4000860	3ditem_a_001	1	65	4	0	00.無	0		00.無	0	00.無	0				4470000	223500	212	0	0	0	0	0	
#	861	4000	0	1	1	1	1	1.可以交易；0.被PK不掉	1	0	蒼天法帽	65	3.孫二娘	01.帽子 - 孫二娘	06.藍	3	12.收集品交換	5000	861	6000861	6100000	6200000	4000861	3ditem_a_001	1	65	4	0	00.無	0		00.無	0	00.無	0				2090000	104500	209	0	0	0	0	0	
#	862	4000	0	1	1	1	1	1.可以交易；0.被PK不掉	1	0	蒼天法衣	65	3.孫二娘	02.上衣 - 孫二娘	06.藍	3	12.收集品交換	5000	862	6000862	6100000	6200000	4000862	3ditem_a_001	1	65	4	0	00.無	0		00.無	0	00.無	0				2680000	134000	210	0	0	0	0	0	
#	863	4000	0	1	1	1	1	1.可以交易；0.被PK不掉	1	0	蒼天草鞋	65	3.孫二娘	03.褲子 - 孫二娘	06.藍	3	12.收集品交換	5000	863	6000863	6100000	6200000	4000863	3ditem_a_001	1	65	4	0	00.無	0		00.無	0	00.無	0				2390000	119500	211	0	0	0	0	0	
#	864	4000	0	1	1	1	1	1.可以交易；0.被PK不掉	1	0	蒼天手杖	65	3.孫二娘	04.武器 - 孫二娘	06.藍	3	12.收集品交換	5000	864	6000864	6100000	6200000	4000864	3ditem_a_001	1	65	4	0	00.無	0		00.無	0	00.無	0				4470000	223500	212	0	0	0	0	0	
#	865	4000	0	1	1	1	0	1.可以交易；1.被PK會掉	1	1	斑狼法帽	70	3.孫二娘	01.帽子 - 孫二娘	03.灰	0	07.怪物掉寶	5000	865	6000865	6100000	6200000	4000865	3ditem_a_001	1	70	4	0	00.無	0		00.無	0	00.無	0				2380000	119000	209	0	0	0	0	0	
#	866	4000	0	1	1	1	0	1.可以交易；1.被PK會掉	1	1	斑狼法衣	70	3.孫二娘	02.上衣 - 孫二娘	03.灰	0	07.怪物掉寶	5000	866	6000866	6100000	6200000	4000866	3ditem_a_001	1	70	4	0	00.無	0		00.無	0	00.無	0				3060000	153000	210	0	0	0	0	0	
#	867	4000	0	1	1	1	0	1.可以交易；1.被PK會掉	1	1	斑狼草鞋	70	3.孫二娘	03.褲子 - 孫二娘	03.灰	0	07.怪物掉寶	5000	867	6000867	6100000	6200000	4000867	3ditem_a_001	1	70	4	0	00.無	0		00.無	0	00.無	0				2720000	136000	211	0	0	0	0	0	
#	868	4000	0	1	1	1	0	1.可以交易；1.被PK會掉	1	1	斑狼手杖	70	3.孫二娘	04.武器 - 孫二娘	03.灰	0	07.怪物掉寶	5000	868	6000868	6100000	6200000	4000868	3ditem_a_001	1	70	4	0	00.無	0		00.無	0	00.無	0				5090000	254500	212	0	0	0	0	0	
#	869	4000	0	1	1	1	0	1.可以交易；1.被PK會掉	1	1	虎紋法帽	70	3.孫二娘	01.帽子 - 孫二娘	04.白	1	03.商店購買	5000	869	6000869	6100000	6200000	4000869	3ditem_a_001	1	70	4	0	00.無	0		00.無	0	00.無	0				2380000	238000	209	0	0	0	0	0	
#	870	4000	0	1	1	1	0	1.可以交易；1.被PK會掉	1	1	虎紋法衣	70	3.孫二娘	02.上衣 - 孫二娘	04.白	1	03.商店購買	5000	870	6000870	6100000	6200000	4000870	3ditem_a_001	1	70	4	0	00.無	0		00.無	0	00.無	0				3060000	306000	210	0	0	0	0	0	
#	871	4000	0	1	1	1	0	1.可以交易；1.被PK會掉	1	1	虎紋草鞋	70	3.孫二娘	03.褲子 - 孫二娘	04.白	1	03.商店購買	5000	871	6000871	6100000	6200000	4000871	3ditem_a_001	1	70	4	0	00.無	0		00.無	0	00.無	0				2720000	272000	211	0	0	0	0	0	
#	872	4000	0	1	1	1	0	1.可以交易；1.被PK會掉	1	1	虎紋手杖	70	3.孫二娘	04.武器 - 孫二娘	04.白	1	03.商店購買	5000	872	6000872	6100000	6200000	4000872	3ditem_a_001	1	70	4	0	00.無	0		00.無	0	00.無	0				5090000	509000	212	0	0	0	0	0	
#	873	4000	0	1	1	1	1	1.可以交易；0.被PK不掉	1	0	迅豹法帽	70	3.孫二娘	01.帽子 - 孫二娘	05.綠	2	07.怪物掉寶	5000	873	6000873	6100000	6200000	4000873	3ditem_a_001	1	70	4	0	00.無	0		00.無	0	00.無	0				2380000	119000	209	0	0	0	0	0	
#	874	4000	0	1	1	1	1	1.可以交易；0.被PK不掉	1	0	迅豹法衣	70	3.孫二娘	02.上衣 - 孫二娘	05.綠	2	07.怪物掉寶	5000	874	6000874	6100000	6200000	4000874	3ditem_a_001	1	70	4	0	00.無	0		00.無	0	00.無	0				3060000	153000	210	0	0	0	0	0	
#	875	4000	0	1	1	1	1	1.可以交易；0.被PK不掉	1	0	迅豹草鞋	70	3.孫二娘	03.褲子 - 孫二娘	05.綠	2	07.怪物掉寶	5000	875	6000875	6100000	6200000	4000875	3ditem_a_001	1	70	4	0	00.無	0		00.無	0	00.無	0				2720000	136000	211	0	0	0	0	0	
#	876	4000	0	1	1	1	1	1.可以交易；0.被PK不掉	1	0	迅豹手杖	70	3.孫二娘	04.武器 - 孫二娘	05.綠	2	07.怪物掉寶	5000	876	6000876	6100000	6200000	4000876	3ditem_a_001	1	70	4	0	00.無	0		00.無	0	00.無	0				5090000	254500	212	0	0	0	0	0	
#	877	4000	0	1	1	1	1	1.可以交易；0.被PK不掉	1	0	鬼紋斑法帽	70	3.孫二娘	01.帽子 - 孫二娘	06.藍	3	12.收集品交換	5000	877	6000877	6100000	6200000	4000877	3ditem_a_001	1	70	4	0	00.無	0		00.無	0	00.無	0				2380000	119000	209	0	0	0	0	0	
#	878	4000	0	1	1	1	1	1.可以交易；0.被PK不掉	1	0	鬼紋斑法衣	70	3.孫二娘	02.上衣 - 孫二娘	06.藍	3	12.收集品交換	5000	878	6000878	6100000	6200000	4000878	3ditem_a_001	1	70	4	0	00.無	0		00.無	0	00.無	0				3060000	153000	210	0	0	0	0	0	
#	879	4000	0	1	1	1	1	1.可以交易；0.被PK不掉	1	0	鬼紋斑草鞋	70	3.孫二娘	03.褲子 - 孫二娘	06.藍	3	12.收集品交換	5000	879	6000879	6100000	6200000	4000879	3ditem_a_001	1	70	4	0	00.無	0		00.無	0	00.無	0				2720000	136000	211	0	0	0	0	0	
#	880	4000	0	1	1	1	1	1.可以交易；0.被PK不掉	1	0	鬼紋斑手杖	70	3.孫二娘	04.武器 - 孫二娘	06.藍	3	12.收集品交換	5000	880	6000880	6100000	6200000	4000880	3ditem_a_001	1	70	4	0	00.無	0		00.無	0	00.無	0				5090000	254500	212	0	0	0	0	0	
#	881	4000	0	1	1	1	0	1.可以交易；1.被PK會掉	1	1	異國法帽	75	3.孫二娘	01.帽子 - 孫二娘	03.灰	0	07.怪物掉寶	5000	881	6000881	6100000	6200000	4000881	3ditem_a_001	1	75	4	0	00.無	0		00.無	0	00.無	0				1	1	209	0	0	0	0	0	
#	882	4000	0	1	1	1	0	1.可以交易；1.被PK會掉	1	1	異國法衣	75	3.孫二娘	02.上衣 - 孫二娘	03.灰	0	07.怪物掉寶	5000	882	6000882	6100000	6200000	4000882	3ditem_a_001	1	75	4	0	00.無	0		00.無	0	00.無	0				1	1	210	0	0	0	0	0	
#	883	4000	0	1	1	1	0	1.可以交易；1.被PK會掉	1	1	異國草鞋	75	3.孫二娘	03.褲子 - 孫二娘	03.灰	0	07.怪物掉寶	5000	883	6000883	6100000	6200000	4000883	3ditem_a_001	1	75	4	0	00.無	0		00.無	0	00.無	0				1	1	211	0	0	0	0	0	
#	884	4000	0	1	1	1	0	1.可以交易；1.被PK會掉	1	1	異國手杖	75	3.孫二娘	04.武器 - 孫二娘	03.灰	0	07.怪物掉寶	5000	884	6000884	6100000	6200000	4000884	3ditem_a_001	1	75	4	0	00.無	0		00.無	0	00.無	0				1	1	212	0	0	0	0	0	
#	885	4000	0	1	1	1	0	1.可以交易；1.被PK會掉	1	1	煙雨法帽	75	3.孫二娘	01.帽子 - 孫二娘	04.白	1	03.商店購買	5000	885	6000885	6100000	6200000	4000885	3ditem_a_001	1	75	4	0	00.無	0		00.無	0	00.無	0				1	1	209	0	0	0	0	0	
#	886	4000	0	1	1	1	0	1.可以交易；1.被PK會掉	1	1	煙雨法衣	75	3.孫二娘	02.上衣 - 孫二娘	04.白	1	03.商店購買	5000	886	6000886	6100000	6200000	4000886	3ditem_a_001	1	75	4	0	00.無	0		00.無	0	00.無	0				1	1	210	0	0	0	0	0	
#	887	4000	0	1	1	1	0	1.可以交易；1.被PK會掉	1	1	煙雨草鞋	75	3.孫二娘	03.褲子 - 孫二娘	04.白	1	03.商店購買	5000	887	6000887	6100000	6200000	4000887	3ditem_a_001	1	75	4	0	00.無	0		00.無	0	00.無	0				1	1	211	0	0	0	0	0	
#	888	4000	0	1	1	1	0	1.可以交易；1.被PK會掉	1	1	煙雨手杖	75	3.孫二娘	04.武器 - 孫二娘	04.白	1	03.商店購買	5000	888	6000888	6100000	6200000	4000888	3ditem_a_001	1	75	4	0	00.無	0		00.無	0	00.無	0				1	1	212	0	0	0	0	0	
#	889	4000	0	1	1	1	1	1.可以交易；0.被PK不掉	1	0	玉露法帽	75	3.孫二娘	01.帽子 - 孫二娘	05.綠	2	07.怪物掉寶	5000	889	6000889	6100000	6200000	4000889	3ditem_a_001	1	75	4	0	00.無	0		00.無	0	00.無	0				1	1	209	0	0	0	0	0	
#	890	4000	0	1	1	1	1	1.可以交易；0.被PK不掉	1	0	玉露法衣	75	3.孫二娘	02.上衣 - 孫二娘	05.綠	2	07.怪物掉寶	5000	890	6000890	6100000	6200000	4000890	3ditem_a_001	1	75	4	0	00.無	0		00.無	0	00.無	0				1	1	210	0	0	0	0	0	
#	891	4000	0	1	1	1	1	1.可以交易；0.被PK不掉	1	0	玉露草鞋	75	3.孫二娘	03.褲子 - 孫二娘	05.綠	2	07.怪物掉寶	5000	891	6000891	6100000	6200000	4000891	3ditem_a_001	1	75	4	0	00.無	0		00.無	0	00.無	0				1	1	211	0	0	0	0	0	
#	892	4000	0	1	1	1	1	1.可以交易；0.被PK不掉	1	0	玉露手杖	75	3.孫二娘	04.武器 - 孫二娘	05.綠	2	07.怪物掉寶	5000	892	6000892	6100000	6200000	4000892	3ditem_a_001	1	75	4	0	00.無	0		00.無	0	00.無	0				1	1	212	0	0	0	0	0	
#	893	4000	0	1	1	1	1	1.可以交易；0.被PK不掉	1	0	水月法帽	75	3.孫二娘	01.帽子 - 孫二娘	06.藍	3	12.收集品交換	5000	893	6000893	6100000	6200000	4000893	3ditem_a_001	1	75	4	0	00.無	0		00.無	0	00.無	0				1	1	209	0	0	0	0	0	
#	894	4000	0	1	1	1	1	1.可以交易；0.被PK不掉	1	0	水月法衣	75	3.孫二娘	02.上衣 - 孫二娘	06.藍	3	12.收集品交換	5000	894	6000894	6100000	6200000	4000894	3ditem_a_001	1	75	4	0	00.無	0		00.無	0	00.無	0				1	1	210	0	0	0	0	0	
#	895	4000	0	1	1	1	1	1.可以交易；0.被PK不掉	1	0	水月草鞋	75	3.孫二娘	03.褲子 - 孫二娘	06.藍	3	12.收集品交換	5000	895	6000895	6100000	6200000	4000895	3ditem_a_001	1	75	4	0	00.無	0		00.無	0	00.無	0				1	1	211	0	0	0	0	0	
#	896	4000	0	1	1	1	1	1.可以交易；0.被PK不掉	1	0	水月手杖	75	3.孫二娘	04.武器 - 孫二娘	06.藍	3	12.收集品交換	5000	896	6000896	6100000	6200000	4000896	3ditem_a_001	1	75	4	0	00.無	0		00.無	0	00.無	0				1	1	212	0	0	0	0	0	
#	897	4000	0	1	1	1	0	1.可以交易；1.被PK會掉	1	1	召鬼法帽	80	3.孫二娘	01.帽子 - 孫二娘	03.灰	0	07.怪物掉寶	5000	897	6000897	6100000	6200000	4000897	3ditem_a_001	1	80	4	0	00.無	0		00.無	0	00.無	0				1	1	209	0	0	0	0	0	
#	898	4000	0	1	1	1	0	1.可以交易；1.被PK會掉	1	1	召鬼法衣	80	3.孫二娘	02.上衣 - 孫二娘	03.灰	0	07.怪物掉寶	5000	898	6000898	6100000	6200000	4000898	3ditem_a_001	1	80	4	0	00.無	0		00.無	0	00.無	0				1	1	210	0	0	0	0	0	
#	899	4000	0	1	1	1	0	1.可以交易；1.被PK會掉	1	1	召鬼草鞋	80	3.孫二娘	03.褲子 - 孫二娘	03.灰	0	07.怪物掉寶	5000	899	6000899	6100000	6200000	4000899	3ditem_a_001	1	80	4	0	00.無	0		00.無	0	00.無	0				1	1	211	0	0	0	0	0	
#	900	4000	0	1	1	1	0	1.可以交易；1.被PK會掉	1	1	召鬼手杖	80	3.孫二娘	04.武器 - 孫二娘	03.灰	0	07.怪物掉寶	5000	900	6000900	6100000	6200000	4000900	3ditem_a_001	1	80	4	0	00.無	0		00.無	0	00.無	0				1	1	212	0	0	0	0	0	
#	901	4000	0	1	1	1	0	1.可以交易；1.被PK會掉	1	1	破邪法帽	80	3.孫二娘	01.帽子 - 孫二娘	04.白	1	03.商店購買	5000	901	6000901	6100000	6200000	4000901	3ditem_a_001	1	80	4	0	00.無	0		00.無	0	00.無	0				1	1	209	0	0	0	0	0	
#	902	4000	0	1	1	1	0	1.可以交易；1.被PK會掉	1	1	破邪法衣	80	3.孫二娘	02.上衣 - 孫二娘	04.白	1	03.商店購買	5000	902	6000902	6100000	6200000	4000902	3ditem_a_001	1	80	4	0	00.無	0		00.無	0	00.無	0				1	1	210	0	0	0	0	0	
#	903	4000	0	1	1	1	0	1.可以交易；1.被PK會掉	1	1	破邪草鞋	80	3.孫二娘	03.褲子 - 孫二娘	04.白	1	03.商店購買	5000	903	6000903	6100000	6200000	4000903	3ditem_a_001	1	80	4	0	00.無	0		00.無	0	00.無	0				1	1	211	0	0	0	0	0	
#	904	4000	0	1	1	1	0	1.可以交易；1.被PK會掉	1	1	破邪手杖	80	3.孫二娘	04.武器 - 孫二娘	04.白	1	03.商店購買	5000	904	6000904	6100000	6200000	4000904	3ditem_a_001	1	80	4	0	00.無	0		00.無	0	00.無	0				1	1	212	0	0	0	0	0	
#	905	4000	0	1	1	1	1	1.可以交易；0.被PK不掉	1	0	除魔法帽	80	3.孫二娘	01.帽子 - 孫二娘	05.綠	2	07.怪物掉寶	5000	905	6000905	6100000	6200000	4000905	3ditem_a_001	1	80	4	0	00.無	0		00.無	0	00.無	0				1	1	209	0	0	0	0	0	
#	906	4000	0	1	1	1	1	1.可以交易；0.被PK不掉	1	0	除魔法衣	80	3.孫二娘	02.上衣 - 孫二娘	05.綠	2	07.怪物掉寶	5000	906	6000906	6100000	6200000	4000906	3ditem_a_001	1	80	4	0	00.無	0		00.無	0	00.無	0				1	1	210	0	0	0	0	0	
#	907	4000	0	1	1	1	1	1.可以交易；0.被PK不掉	1	0	除魔草鞋	80	3.孫二娘	03.褲子 - 孫二娘	05.綠	2	07.怪物掉寶	5000	907	6000907	6100000	6200000	4000907	3ditem_a_001	1	80	4	0	00.無	0		00.無	0	00.無	0				1	1	211	0	0	0	0	0	
#	908	4000	0	1	1	1	1	1.可以交易；0.被PK不掉	1	0	除魔手杖	80	3.孫二娘	04.武器 - 孫二娘	05.綠	2	07.怪物掉寶	5000	908	6000908	6100000	6200000	4000908	3ditem_a_001	1	80	4	0	00.無	0		00.無	0	00.無	0				1	1	212	0	0	0	0	0	
#	909	4000	0	1	1	1	1	1.可以交易；0.被PK不掉	1	0	百鬼法帽	80	3.孫二娘	01.帽子 - 孫二娘	06.藍	3	12.收集品交換	5000	909	6000909	6100000	6200000	4000909	3ditem_a_001	1	80	4	0	00.無	0		00.無	0	00.無	0				1	1	209	0	0	0	0	0	
#	910	4000	0	1	1	1	1	1.可以交易；0.被PK不掉	1	0	百鬼法衣	80	3.孫二娘	02.上衣 - 孫二娘	06.藍	3	12.收集品交換	5000	910	6000910	6100000	6200000	4000910	3ditem_a_001	1	80	4	0	00.無	0		00.無	0	00.無	0				1	1	210	0	0	0	0	0	
#	911	4000	0	1	1	1	1	1.可以交易；0.被PK不掉	1	0	百鬼草鞋	80	3.孫二娘	03.褲子 - 孫二娘	06.藍	3	12.收集品交換	5000	911	6000911	6100000	6200000	4000911	3ditem_a_001	1	80	4	0	00.無	0		00.無	0	00.無	0				1	1	211	0	0	0	0	0	
#	912	4000	0	1	1	1	1	1.可以交易；0.被PK不掉	1	0	百鬼手杖	80	3.孫二娘	04.武器 - 孫二娘	06.藍	3	12.收集品交換	5000	912	6000912	6100000	6200000	4000912	3ditem_a_001	1	80	4	0	00.無	0		00.無	0	00.無	0				1	1	212	0	0	0	0	0	
#	913	4000	0	1	1	1	1	1.可以交易；0.被PK不掉	1	0	巫女帽	80	3.孫二娘	01.帽子 - 孫二娘	07.紫	4	07.怪物掉寶	5000	913	6000913	6100000	6200000	4000913	3ditem_a_001	1	80	4	0	00.無	0		00.無	0	00.無	0				1	1	209	0	0	0	0	0	
#	914	4000	0	1	1	1	1	1.可以交易；0.被PK不掉	1	0	巫女袍	80	3.孫二娘	02.上衣 - 孫二娘	07.紫	4	07.怪物掉寶	5000	914	6000914	6100000	6200000	4000914	3ditem_a_001	1	80	4	0	00.無	0		00.無	0	00.無	0				1	1	210	0	0	0	0	0	
#	915	4000	0	1	1	1	1	1.可以交易；0.被PK不掉	1	0	巫女草鞋	80	3.孫二娘	03.褲子 - 孫二娘	07.紫	4	07.怪物掉寶	5000	915	6000915	6100000	6200000	4000915	3ditem_a_001	1	80	4	0	00.無	0		00.無	0	00.無	0				1	1	211	0	0	0	0	0	
#	916	4000	0	1	1	1	1	1.可以交易；0.被PK不掉	1	0	巫女手杖	80	3.孫二娘	04.武器 - 孫二娘	07.紫	4	07.怪物掉寶	5000	916	6000916	6100000	6200000	4000916	3ditem_a_001	1	80	4	0	00.無	0		00.無	0	00.無	0				1	1	212	0	0	0	0	0	
#	917	4000	0	1	1	1	0	1.可以交易；1.被PK會掉	1	1	算命法帽	85	3.孫二娘	01.帽子 - 孫二娘	03.灰	0	07.怪物掉寶	5000	917	6000917	6100000	6200000	4000917	3ditem_a_001	1	85	4	0	00.無	0		00.無	0	00.無	0				1	1	209	0	0	0	0	0	
#	918	4000	0	1	1	1	0	1.可以交易；1.被PK會掉	1	1	算命法衣	85	3.孫二娘	02.上衣 - 孫二娘	03.灰	0	07.怪物掉寶	5000	918	6000918	6100000	6200000	4000918	3ditem_a_001	1	85	4	0	00.無	0		00.無	0	00.無	0				1	1	210	0	0	0	0	0	
#	919	4000	0	1	1	1	0	1.可以交易；1.被PK會掉	1	1	算命草鞋	85	3.孫二娘	03.褲子 - 孫二娘	03.灰	0	07.怪物掉寶	5000	919	6000919	6100000	6200000	4000919	3ditem_a_001	1	85	4	0	00.無	0		00.無	0	00.無	0				1	1	211	0	0	0	0	0	
#	920	4000	0	1	1	1	0	1.可以交易；1.被PK會掉	1	1	算命手杖	85	3.孫二娘	04.武器 - 孫二娘	03.灰	0	07.怪物掉寶	5000	920	6000920	6100000	6200000	4000920	3ditem_a_001	1	85	4	0	00.無	0		00.無	0	00.無	0				1	1	212	0	0	0	0	0	
#	921	4000	0	1	1	1	0	1.可以交易；1.被PK會掉	1	1	招魂法帽	85	3.孫二娘	01.帽子 - 孫二娘	04.白	1	03.商店購買	5000	921	6000921	6100000	6200000	4000921	3ditem_a_001	1	85	4	0	00.無	0		00.無	0	00.無	0				1	1	209	0	0	0	0	0	
#	922	4000	0	1	1	1	0	1.可以交易；1.被PK會掉	1	1	招魂法衣	85	3.孫二娘	02.上衣 - 孫二娘	04.白	1	03.商店購買	5000	922	6000922	6100000	6200000	4000922	3ditem_a_001	1	85	4	0	00.無	0		00.無	0	00.無	0				1	1	210	0	0	0	0	0	
#	923	4000	0	1	1	1	0	1.可以交易；1.被PK會掉	1	1	招魂草鞋	85	3.孫二娘	03.褲子 - 孫二娘	04.白	1	03.商店購買	5000	923	6000923	6100000	6200000	4000923	3ditem_a_001	1	85	4	0	00.無	0		00.無	0	00.無	0				1	1	211	0	0	0	0	0	
#	924	4000	0	1	1	1	0	1.可以交易；1.被PK會掉	1	1	招魂手杖	85	3.孫二娘	04.武器 - 孫二娘	04.白	1	03.商店購買	5000	924	6000924	6100000	6200000	4000924	3ditem_a_001	1	85	4	0	00.無	0		00.無	0	00.無	0				1	1	212	0	0	0	0	0	
#	925	4000	0	1	1	1	1	1.可以交易；0.被PK不掉	1	0	靈幻法帽	85	3.孫二娘	01.帽子 - 孫二娘	05.綠	2	07.怪物掉寶	5000	925	6000925	6100000	6200000	4000925	3ditem_a_001	1	85	4	0	00.無	0		00.無	0	00.無	0				1	1	209	0	0	0	0	0	
#	926	4000	0	1	1	1	1	1.可以交易；0.被PK不掉	1	0	靈幻法衣	85	3.孫二娘	02.上衣 - 孫二娘	05.綠	2	07.怪物掉寶	5000	926	6000926	6100000	6200000	4000926	3ditem_a_001	1	85	4	0	00.無	0		00.無	0	00.無	0				1	1	210	0	0	0	0	0	
#	927	4000	0	1	1	1	1	1.可以交易；0.被PK不掉	1	0	靈幻草鞋	85	3.孫二娘	03.褲子 - 孫二娘	05.綠	2	07.怪物掉寶	5000	927	6000927	6100000	6200000	4000927	3ditem_a_001	1	85	4	0	00.無	0		00.無	0	00.無	0				1	1	211	0	0	0	0	0	
#	928	4000	0	1	1	1	1	1.可以交易；0.被PK不掉	1	0	靈幻手杖	85	3.孫二娘	04.武器 - 孫二娘	05.綠	2	07.怪物掉寶	5000	928	6000928	6100000	6200000	4000928	3ditem_a_001	1	85	4	0	00.無	0		00.無	0	00.無	0				1	1	212	0	0	0	0	0	
#	929	4000	0	1	1	1	1	1.可以交易；0.被PK不掉	1	0	御伽法帽	85	3.孫二娘	01.帽子 - 孫二娘	06.藍	3	12.收集品交換	5000	929	6000929	6100000	6200000	4000929	3ditem_a_001	1	85	4	0	00.無	0		00.無	0	00.無	0				1	1	209	0	0	0	0	0	
#	930	4000	0	1	1	1	1	1.可以交易；0.被PK不掉	1	0	御伽法衣	85	3.孫二娘	02.上衣 - 孫二娘	06.藍	3	12.收集品交換	5000	930	6000930	6100000	6200000	4000930	3ditem_a_001	1	85	4	0	00.無	0		00.無	0	00.無	0				1	1	210	0	0	0	0	0	
#	931	4000	0	1	1	1	1	1.可以交易；0.被PK不掉	1	0	御伽草鞋	85	3.孫二娘	03.褲子 - 孫二娘	06.藍	3	12.收集品交換	5000	931	6000931	6100000	6200000	4000931	3ditem_a_001	1	85	4	0	00.無	0		00.無	0	00.無	0				1	1	211	0	0	0	0	0	
#	932	4000	0	1	1	1	1	1.可以交易；0.被PK不掉	1	0	御伽手杖	85	3.孫二娘	04.武器 - 孫二娘	06.藍	3	12.收集品交換	5000	932	6000932	6100000	6200000	4000932	3ditem_a_001	1	85	4	0	00.無	0		00.無	0	00.無	0				1	1	212	0	0	0	0	0	
#	933	4000	0	1	1	1	0	1.可以交易；1.被PK會掉	1	1	幽夢法帽	90	3.孫二娘	01.帽子 - 孫二娘	03.灰	0	07.怪物掉寶	5000	933	6000933	6100000	6200000	4000933	3ditem_a_001	1	90	4	0	00.無	0		00.無	0	00.無	0				1	1	209	0	0	0	0	0	
#	934	4000	0	1	1	1	0	1.可以交易；1.被PK會掉	1	1	幽夢法衣	90	3.孫二娘	02.上衣 - 孫二娘	03.灰	0	07.怪物掉寶	5000	934	6000934	6100000	6200000	4000934	3ditem_a_001	1	90	4	0	00.無	0		00.無	0	00.無	0				1	1	210	0	0	0	0	0	
#	935	4000	0	1	1	1	0	1.可以交易；1.被PK會掉	1	1	幽夢草鞋	90	3.孫二娘	03.褲子 - 孫二娘	03.灰	0	07.怪物掉寶	5000	935	6000935	6100000	6200000	4000935	3ditem_a_001	1	90	4	0	00.無	0		00.無	0	00.無	0				1	1	211	0	0	0	0	0	
#	936	4000	0	1	1	1	0	1.可以交易；1.被PK會掉	1	1	幽夢手杖	90	3.孫二娘	04.武器 - 孫二娘	03.灰	0	07.怪物掉寶	5000	936	6000936	6100000	6200000	4000936	3ditem_a_001	1	90	4	0	00.無	0		00.無	0	00.無	0				1	1	212	0	0	0	0	0	
#	937	4000	0	1	1	1	0	1.可以交易；1.被PK會掉	1	1	飄風法帽	90	3.孫二娘	01.帽子 - 孫二娘	04.白	1	03.商店購買	5000	937	6000937	6100000	6200000	4000937	3ditem_a_001	1	90	4	0	00.無	0		00.無	0	00.無	0				1	1	209	0	0	0	0	0	
#	938	4000	0	1	1	1	0	1.可以交易；1.被PK會掉	1	1	飄風法衣	90	3.孫二娘	02.上衣 - 孫二娘	04.白	1	03.商店購買	5000	938	6000938	6100000	6200000	4000938	3ditem_a_001	1	90	4	0	00.無	0		00.無	0	00.無	0				1	1	210	0	0	0	0	0	
#	939	4000	0	1	1	1	0	1.可以交易；1.被PK會掉	1	1	飄風草鞋	90	3.孫二娘	03.褲子 - 孫二娘	04.白	1	03.商店購買	5000	939	6000939	6100000	6200000	4000939	3ditem_a_001	1	90	4	0	00.無	0		00.無	0	00.無	0				1	1	211	0	0	0	0	0	
#	940	4000	0	1	1	1	0	1.可以交易；1.被PK會掉	1	1	飄風手杖	90	3.孫二娘	04.武器 - 孫二娘	04.白	1	03.商店購買	5000	940	6000940	6100000	6200000	4000940	3ditem_a_001	1	90	4	0	00.無	0		00.無	0	00.無	0				1	1	212	0	0	0	0	0	
#	941	4000	0	1	1	1	1	1.可以交易；0.被PK不掉	1	0	青雲法帽	90	3.孫二娘	01.帽子 - 孫二娘	05.綠	2	07.怪物掉寶	5000	941	6000941	6100000	6200000	4000941	3ditem_a_001	1	90	4	0	00.無	0		00.無	0	00.無	0				1	1	209	0	0	0	0	0	
#	942	4000	0	1	1	1	1	1.可以交易；0.被PK不掉	1	0	青雲法衣	90	3.孫二娘	02.上衣 - 孫二娘	05.綠	2	07.怪物掉寶	5000	942	6000942	6100000	6200000	4000942	3ditem_a_001	1	90	4	0	00.無	0		00.無	0	00.無	0				1	1	210	0	0	0	0	0	
#	943	4000	0	1	1	1	1	1.可以交易；0.被PK不掉	1	0	青雲草鞋	90	3.孫二娘	03.褲子 - 孫二娘	05.綠	2	07.怪物掉寶	5000	943	6000943	6100000	6200000	4000943	3ditem_a_001	1	90	4	0	00.無	0		00.無	0	00.無	0				1	1	211	0	0	0	0	0	
#	944	4000	0	1	1	1	1	1.可以交易；0.被PK不掉	1	0	青雲手杖	90	3.孫二娘	04.武器 - 孫二娘	05.綠	2	07.怪物掉寶	5000	944	6000944	6100000	6200000	4000944	3ditem_a_001	1	90	4	0	00.無	0		00.無	0	00.無	0				1	1	212	0	0	0	0	0	
#	945	4000	0	1	1	1	1	1.可以交易；0.被PK不掉	1	0	仙魔法帽	90	3.孫二娘	01.帽子 - 孫二娘	06.藍	3	12.收集品交換	5000	945	6000945	6100000	6200000	4000945	3ditem_a_001	1	90	4	0	00.無	0		00.無	0	00.無	0				1	1	209	0	0	0	0	0	
#	946	4000	0	1	1	1	1	1.可以交易；0.被PK不掉	1	0	仙魔法衣	90	3.孫二娘	02.上衣 - 孫二娘	06.藍	3	12.收集品交換	5000	946	6000946	6100000	6200000	4000946	3ditem_a_001	1	90	4	0	00.無	0		00.無	0	00.無	0				1	1	210	0	0	0	0	0	
#	947	4000	0	1	1	1	1	1.可以交易；0.被PK不掉	1	0	仙魔草鞋	90	3.孫二娘	03.褲子 - 孫二娘	06.藍	3	12.收集品交換	5000	947	6000947	6100000	6200000	4000947	3ditem_a_001	1	90	4	0	00.無	0		00.無	0	00.無	0				1	1	211	0	0	0	0	0	
#	948	4000	0	1	1	1	1	1.可以交易；0.被PK不掉	1	0	仙魔手杖	90	3.孫二娘	04.武器 - 孫二娘	06.藍	3	12.收集品交換	5000	948	6000948	6100000	6200000	4000948	3ditem_a_001	1	90	4	0	00.無	0		00.無	0	00.無	0				1	1	212	0	0	0	0	0	
#	949	4000	0	1	1	1	0	1.可以交易；1.被PK會掉	1	1	感應法帽	95	3.孫二娘	01.帽子 - 孫二娘	03.灰	0	07.怪物掉寶	5000	949	6000949	6100000	6200000	4000949	3ditem_a_001	1	95	4	0	00.無	0		00.無	0	00.無	0				1	1	209	0	0	0	0	0	
#	950	4000	0	1	1	1	0	1.可以交易；1.被PK會掉	1	1	感應法衣	95	3.孫二娘	02.上衣 - 孫二娘	03.灰	0	07.怪物掉寶	5000	950	6000950	6100000	6200000	4000950	3ditem_a_001	1	95	4	0	00.無	0		00.無	0	00.無	0				1	1	210	0	0	0	0	0	
#	951	4000	0	1	1	1	0	1.可以交易；1.被PK會掉	1	1	感應草鞋	95	3.孫二娘	03.褲子 - 孫二娘	03.灰	0	07.怪物掉寶	5000	951	6000951	6100000	6200000	4000951	3ditem_a_001	1	95	4	0	00.無	0		00.無	0	00.無	0				1	1	211	0	0	0	0	0	
#	952	4000	0	1	1	1	0	1.可以交易；1.被PK會掉	1	1	感應手杖	95	3.孫二娘	04.武器 - 孫二娘	03.灰	0	07.怪物掉寶	5000	952	6000952	6100000	6200000	4000952	3ditem_a_001	1	95	4	0	00.無	0		00.無	0	00.無	0				1	1	212	0	0	0	0	0	
#	953	4000	0	1	1	1	0	1.可以交易；1.被PK會掉	1	1	神怪法帽	95	3.孫二娘	01.帽子 - 孫二娘	04.白	1	03.商店購買	5000	953	6000953	6100000	6200000	4000953	3ditem_a_001	1	95	4	0	00.無	0		00.無	0	00.無	0				1	1	209	0	0	0	0	0	
#	954	4000	0	1	1	1	0	1.可以交易；1.被PK會掉	1	1	神怪法衣	95	3.孫二娘	02.上衣 - 孫二娘	04.白	1	03.商店購買	5000	954	6000954	6100000	6200000	4000954	3ditem_a_001	1	95	4	0	00.無	0		00.無	0	00.無	0				1	1	210	0	0	0	0	0	
#	955	4000	0	1	1	1	0	1.可以交易；1.被PK會掉	1	1	神怪草鞋	95	3.孫二娘	03.褲子 - 孫二娘	04.白	1	03.商店購買	5000	955	6000955	6100000	6200000	4000955	3ditem_a_001	1	95	4	0	00.無	0		00.無	0	00.無	0				1	1	211	0	0	0	0	0	
#	956	4000	0	1	1	1	0	1.可以交易；1.被PK會掉	1	1	神怪手杖	95	3.孫二娘	04.武器 - 孫二娘	04.白	1	03.商店購買	5000	956	6000956	6100000	6200000	4000956	3ditem_a_001	1	95	4	0	00.無	0		00.無	0	00.無	0				1	1	212	0	0	0	0	0	
#	957	4000	0	1	1	1	1	1.可以交易；0.被PK不掉	1	0	獸靈法帽	95	3.孫二娘	01.帽子 - 孫二娘	05.綠	2	07.怪物掉寶	5000	957	6000957	6100000	6200000	4000957	3ditem_a_001	1	95	4	0	00.無	0		00.無	0	00.無	0				1	1	209	0	0	0	0	0	
#	958	4000	0	1	1	1	1	1.可以交易；0.被PK不掉	1	0	獸靈法衣	95	3.孫二娘	02.上衣 - 孫二娘	05.綠	2	07.怪物掉寶	5000	958	6000958	6100000	6200000	4000958	3ditem_a_001	1	95	4	0	00.無	0		00.無	0	00.無	0				1	1	210	0	0	0	0	0	
#	959	4000	0	1	1	1	1	1.可以交易；0.被PK不掉	1	0	獸靈草鞋	95	3.孫二娘	03.褲子 - 孫二娘	05.綠	2	07.怪物掉寶	5000	959	6000959	6100000	6200000	4000959	3ditem_a_001	1	95	4	0	00.無	0		00.無	0	00.無	0				1	1	211	0	0	0	0	0	
#	960	4000	0	1	1	1	1	1.可以交易；0.被PK不掉	1	0	獸靈手杖	95	3.孫二娘	04.武器 - 孫二娘	05.綠	2	07.怪物掉寶	5000	960	6000960	6100000	6200000	4000960	3ditem_a_001	1	95	4	0	00.無	0		00.無	0	00.無	0				1	1	212	0	0	0	0	0	
#	961	4000	0	1	1	1	1	1.可以交易；0.被PK不掉	1	0	鬼靈法帽	95	3.孫二娘	01.帽子 - 孫二娘	06.藍	3	12.收集品交換	5000	961	6000961	6100000	6200000	4000961	3ditem_a_001	1	95	4	0	00.無	0		00.無	0	00.無	0				1	1	209	0	0	0	0	0	
#	962	4000	0	1	1	1	1	1.可以交易；0.被PK不掉	1	0	鬼靈法衣	95	3.孫二娘	02.上衣 - 孫二娘	06.藍	3	12.收集品交換	5000	962	6000962	6100000	6200000	4000962	3ditem_a_001	1	95	4	0	00.無	0		00.無	0	00.無	0				1	1	210	0	0	0	0	0	
#	963	4000	0	1	1	1	1	1.可以交易；0.被PK不掉	1	0	鬼靈草鞋	95	3.孫二娘	03.褲子 - 孫二娘	06.藍	3	12.收集品交換	5000	963	6000963	6100000	6200000	4000963	3ditem_a_001	1	95	4	0	00.無	0		00.無	0	00.無	0				1	1	211	0	0	0	0	0	
#	964	4000	0	1	1	1	1	1.可以交易；0.被PK不掉	1	0	鬼靈手杖	95	3.孫二娘	04.武器 - 孫二娘	06.藍	3	12.收集品交換	5000	964	6000964	6100000	6200000	4000964	3ditem_a_001	1	95	4	0	00.無	0		00.無	0	00.無	0				1	1	212	0	0	0	0	0	
#	965	4000	0	1	1	1	0	1.可以交易；1.被PK會掉	1	1	羊骨法帽	99	3.孫二娘	01.帽子 - 孫二娘	03.灰	0	07.怪物掉寶	5000	965	6000965	6100000	6200000	4000965	3ditem_a_001	1	99	4	0	00.無	0		00.無	0	00.無	0				1	1	209	0	0	0	0	0	
#	966	4000	0	1	1	1	0	1.可以交易；1.被PK會掉	1	1	羊骨法衣	99	3.孫二娘	02.上衣 - 孫二娘	03.灰	0	07.怪物掉寶	5000	966	6000966	6100000	6200000	4000966	3ditem_a_001	1	99	4	0	00.無	0		00.無	0	00.無	0				1	1	210	0	0	0	0	0	
#	967	4000	0	1	1	1	0	1.可以交易；1.被PK會掉	1	1	羊骨草鞋	99	3.孫二娘	03.褲子 - 孫二娘	03.灰	0	07.怪物掉寶	5000	967	6000967	6100000	6200000	4000967	3ditem_a_001	1	99	4	0	00.無	0		00.無	0	00.無	0				1	1	211	0	0	0	0	0	
#	968	4000	0	1	1	1	0	1.可以交易；1.被PK會掉	1	1	羊骨手杖	99	3.孫二娘	04.武器 - 孫二娘	03.灰	0	07.怪物掉寶	5000	968	6000968	6100000	6200000	4000968	3ditem_a_001	1	99	4	0	00.無	0		00.無	0	00.無	0				1	1	212	0	0	0	0	0	
#	969	4000	0	1	1	1	0	1.可以交易；1.被PK會掉	1	1	牛骨法帽	99	3.孫二娘	01.帽子 - 孫二娘	04.白	1	03.商店購買	5000	969	6000969	6100000	6200000	4000969	3ditem_a_001	1	99	4	0	00.無	0		00.無	0	00.無	0				1	1	209	0	0	0	0	0	
#	970	4000	0	1	1	1	0	1.可以交易；1.被PK會掉	1	1	牛骨法衣	99	3.孫二娘	02.上衣 - 孫二娘	04.白	1	03.商店購買	5000	970	6000970	6100000	6200000	4000970	3ditem_a_001	1	99	4	0	00.無	0		00.無	0	00.無	0				1	1	210	0	0	0	0	0	
#	971	4000	0	1	1	1	0	1.可以交易；1.被PK會掉	1	1	牛骨草鞋	99	3.孫二娘	03.褲子 - 孫二娘	04.白	1	03.商店購買	5000	971	6000971	6100000	6200000	4000971	3ditem_a_001	1	99	4	0	00.無	0		00.無	0	00.無	0				1	1	211	0	0	0	0	0	
#	972	4000	0	1	1	1	0	1.可以交易；1.被PK會掉	1	1	牛骨手杖	99	3.孫二娘	04.武器 - 孫二娘	04.白	1	03.商店購買	5000	972	6000972	6100000	6200000	4000972	3ditem_a_001	1	99	4	0	00.無	0		00.無	0	00.無	0				1	1	212	0	0	0	0	0	
#	973	4000	0	1	1	1	1	1.可以交易；0.被PK不掉	1	0	龍骨法帽	99	3.孫二娘	01.帽子 - 孫二娘	05.綠	2	07.怪物掉寶	5000	973	6000973	6100000	6200000	4000973	3ditem_a_001	1	99	4	0	00.無	0		00.無	0	00.無	0				1	1	209	0	0	0	0	0	
#	974	4000	0	1	1	1	1	1.可以交易；0.被PK不掉	1	0	龍骨法衣	99	3.孫二娘	02.上衣 - 孫二娘	05.綠	2	07.怪物掉寶	5000	974	6000974	6100000	6200000	4000974	3ditem_a_001	1	99	4	0	00.無	0		00.無	0	00.無	0				1	1	210	0	0	0	0	0	
#	975	4000	0	1	1	1	1	1.可以交易；0.被PK不掉	1	0	龍骨草鞋	99	3.孫二娘	03.褲子 - 孫二娘	05.綠	2	07.怪物掉寶	5000	975	6000975	6100000	6200000	4000975	3ditem_a_001	1	99	4	0	00.無	0		00.無	0	00.無	0				1	1	211	0	0	0	0	0	
#	976	4000	0	1	1	1	1	1.可以交易；0.被PK不掉	1	0	龍骨手杖	99	3.孫二娘	04.武器 - 孫二娘	05.綠	2	07.怪物掉寶	5000	976	6000976	6100000	6200000	4000976	3ditem_a_001	1	99	4	0	00.無	0		00.無	0	00.無	0				1	1	212	0	0	0	0	0	
#	977	4000	0	1	1	1	1	1.可以交易；0.被PK不掉	1	0	鬼骨法帽	99	3.孫二娘	01.帽子 - 孫二娘	06.藍	3	12.收集品交換	5000	977	6000977	6100000	6200000	4000977	3ditem_a_001	1	99	4	0	00.無	0		00.無	0	00.無	0				1	1	209	0	0	0	0	0	
#	978	4000	0	1	1	1	1	1.可以交易；0.被PK不掉	1	0	鬼骨法衣	99	3.孫二娘	02.上衣 - 孫二娘	06.藍	3	12.收集品交換	5000	978	6000978	6100000	6200000	4000978	3ditem_a_001	1	99	4	0	00.無	0		00.無	0	00.無	0				1	1	210	0	0	0	0	0	
#	979	4000	0	1	1	1	1	1.可以交易；0.被PK不掉	1	0	鬼骨草鞋	99	3.孫二娘	03.褲子 - 孫二娘	06.藍	3	12.收集品交換	5000	979	6000979	6100000	6200000	4000979	3ditem_a_001	1	99	4	0	00.無	0		00.無	0	00.無	0				1	1	211	0	0	0	0	0	
#	980	4000	0	1	1	1	1	1.可以交易；0.被PK不掉	1	0	鬼骨手杖	99	3.孫二娘	04.武器 - 孫二娘	06.藍	3	12.收集品交換	5000	980	6000980	6100000	6200000	4000980	3ditem_a_001	1	99	4	0	00.無	0		00.無	0	00.無	0				1	1	212	0	0	0	0	0	
#	981	4000	0	1	1	1	1	1.可以交易；0.被PK不掉	1	0	地獄使者帽	99	3.孫二娘	01.帽子 - 孫二娘	07.紫	4	07.怪物掉寶	5000	981	6000981	6100000	6200000	4000981	3ditem_a_001	1	99	4	0	00.無	0		00.無	0	00.無	0				1	1	209	0	0	0	0	0	
#	982	4000	0	1	1	1	1	1.可以交易；0.被PK不掉	1	0	地獄使者袍	99	3.孫二娘	02.上衣 - 孫二娘	07.紫	4	07.怪物掉寶	5000	982	6000982	6100000	6200000	4000982	3ditem_a_001	1	99	4	0	00.無	0		00.無	0	00.無	0				1	1	210	0	0	0	0	0	
#	983	4000	0	1	1	1	1	1.可以交易；0.被PK不掉	1	0	地獄使者鞋	99	3.孫二娘	03.褲子 - 孫二娘	07.紫	4	07.怪物掉寶	5000	983	6000983	6100000	6200000	4000983	3ditem_a_001	1	99	4	0	00.無	0		00.無	0	00.無	0				1	1	211	0	0	0	0	0	
#	984	4000	0	1	1	1	1	1.可以交易；0.被PK不掉	1	0	地獄使者手杖	99	3.孫二娘	04.武器 - 孫二娘	07.紫	4	07.怪物掉寶	5000	984	6000984	6100000	6200000	4000984	3ditem_a_001	1	99	4	0	00.無	0		00.無	0	00.無	0				1	1	212	0	0	0	0	0	
	985	4000	1	1	1	1	0	1.可以交易；0.被PK不掉	1	0	戴宗頭巾	1	4.戴宗	01.帽子 - 戴宗	02.初始裝備	1	02.初始	5000	985	6000985	6100000	6200000	4000985	3ditem_a_001	1	1	8	0	00.無	0		00.無	0	00.無	0				130	13	213	0	0	0	0	0	
	986	4000	1	1	1	1	0	1.可以交易；0.被PK不掉	1	0	戴宗服	1	4.戴宗	02.上衣 - 戴宗	02.初始裝備	1	02.初始	5000	986	6000986	6100000	6200000	4000986	3ditem_a_001	1	1	8	0	00.無	0		00.無	0	00.無	0				170	17	214	0	0	0	0	0	
	987	4000	1	1	1	1	0	1.可以交易；0.被PK不掉	1	0	戴宗鞋	1	4.戴宗	03.褲子 - 戴宗	02.初始裝備	1	02.初始	5000	987	6000987	6100000	6200000	4000987	3ditem_a_001	1	1	8	0	00.無	0		00.無	0	00.無	0				150	15	215	0	0	0	0	0	
	988	4000	1	1	1	1	0	1.可以交易；0.被PK不掉	1	0	戴宗發射器	1	4.戴宗	04.武器 - 戴宗	02.初始裝備	1	02.初始	5000	988	6000988	6100000	6200000	4000988	3ditem_a_001	1	1	8	0	00.無	0		00.無	0	00.無	0				280	28	216	0	0	0	0	0	
	989	4000	1	1	1	1	0	1.可以交易；1.被PK會掉	1	1	劣質布帽	10	4.戴宗	01.帽子 - 戴宗	03.灰	0	07.怪物掉寶	5000	989	6000989	6100000	6200000	4000989	3ditem_a_001	1	10	8	0	00.無	0		00.無	0	00.無	0				630	32	213	0	0	0	0	0	
	990	4000	1	1	1	1	0	1.可以交易；1.被PK會掉	1	1	劣質布衣	10	4.戴宗	02.上衣 - 戴宗	03.灰	0	07.怪物掉寶	5000	990	6000990	6100000	6200000	4000990	3ditem_a_001	1	10	8	0	00.無	0		00.無	0	00.無	0				820	41	214	0	0	0	0	0	
	991	4000	1	1	1	1	0	1.可以交易；1.被PK會掉	1	1	劣質草鞋	10	4.戴宗	03.褲子 - 戴宗	03.灰	0	07.怪物掉寶	5000	991	6000991	6100000	6200000	4000991	3ditem_a_001	1	10	8	0	00.無	0		00.無	0	00.無	0				720	36	215	0	0	0	0	0	
	992	4000	1	1	1	1	0	1.可以交易；1.被PK會掉	1	1	劣質發射器	10	4.戴宗	04.武器 - 戴宗	03.灰	0	07.怪物掉寶	5000	992	6000992	6100000	6200000	4000992	3ditem_a_001	1	10	8	0	00.無	0		00.無	0	00.無	0				1360	68	216	0	0	0	0	0	
	993	4000	1	1	1	1	0	1.可以交易；1.被PK會掉	1	1	平民布帽	10	4.戴宗	01.帽子 - 戴宗	04.白	1	03.商店購買	5000	993	6000993	6100000	6200000	4000993	3ditem_a_001	1	10	8	0	00.無	0		00.無	0	00.無	0				630	63	213	0	0	0	0	0	
	994	4000	1	1	1	1	0	1.可以交易；1.被PK會掉	1	1	平民布衣	10	4.戴宗	02.上衣 - 戴宗	04.白	1	03.商店購買	5000	994	6000994	6100000	6200000	4000994	3ditem_a_001	1	10	8	0	00.無	0		00.無	0	00.無	0				820	82	214	0	0	0	0	0	
	995	4000	1	1	1	1	0	1.可以交易；1.被PK會掉	1	1	平民草鞋	10	4.戴宗	03.褲子 - 戴宗	04.白	1	03.商店購買	5000	995	6000995	6100000	6200000	4000995	3ditem_a_001	1	10	8	0	00.無	0		00.無	0	00.無	0				720	72	215	0	0	0	0	0	
	996	4000	1	1	1	1	0	1.可以交易；1.被PK會掉	1	1	鐵質發射器	10	4.戴宗	04.武器 - 戴宗	04.白	1	03.商店購買	5000	996	6000996	6100000	6200000	4000996	3ditem_a_001	1	10	8	0	00.無	0		00.無	0	00.無	0				1360	136	216	0	0	0	0	0	
	997	4000	1	1	1	1	1	1.可以交易；0.被PK不掉	1	0	傳統布帽	10	4.戴宗	01.帽子 - 戴宗	05.綠	2	07.怪物掉寶	5000	997	6000997	6100000	6200000	4000997	3ditem_a_001	1	10	8	0	00.無	0		00.無	0	00.無	0				630	32	213	0	0	0	0	0	
	998	4000	1	1	1	1	1	1.可以交易；0.被PK不掉	1	0	傳統布衣	10	4.戴宗	02.上衣 - 戴宗	05.綠	2	07.怪物掉寶	5000	998	6000998	6100000	6200000	4000998	3ditem_a_001	1	10	8	0	00.無	0		00.無	0	00.無	0				820	41	214	0	0	0	0	0	
	999	4000	1	1	1	1	1	1.可以交易；0.被PK不掉	1	0	傳統草鞋	10	4.戴宗	03.褲子 - 戴宗	05.綠	2	07.怪物掉寶	5000	999	6000999	6100000	6200000	4000999	3ditem_a_001	1	10	8	0	00.無	0		00.無	0	00.無	0				720	36	215	0	0	0	0	0	
	1000	4000	1	1	1	1	1	1.可以交易；0.被PK不掉	1	0	銅質發射器	10	4.戴宗	04.武器 - 戴宗	05.綠	2	07.怪物掉寶	5000	1000	6001000	6100000	6200000	4001000	3ditem_a_001	1	10	8	0	00.無	0		00.無	0	00.無	0				1360	68	216	0	0	0	0	0	
	1001	4000	1	1	1	1	1	1.可以交易；0.被PK不掉	1	0	特級布帽	10	4.戴宗	01.帽子 - 戴宗	06.藍	3	12.收集品交換	5000	1001	6001001	6100000	6200000	4001001	3ditem_a_001	1	10	8	0	00.無	0		00.無	0	00.無	0				630	32	213	0	0	0	0	0	
	1002	4000	1	1	1	1	1	1.可以交易；0.被PK不掉	1	0	特級布衣	10	4.戴宗	02.上衣 - 戴宗	06.藍	3	12.收集品交換	5000	1002	6001002	6100000	6200000	4001002	3ditem_a_001	1	10	8	0	00.無	0		00.無	0	00.無	0				820	41	214	0	0	0	0	0	
	1003	4000	1	1	1	1	1	1.可以交易；0.被PK不掉	1	0	特級草鞋	10	4.戴宗	03.褲子 - 戴宗	06.藍	3	12.收集品交換	5000	1003	6001003	6100000	6200000	4001003	3ditem_a_001	1	10	8	0	00.無	0		00.無	0	00.無	0				720	36	215	0	0	0	0	0	
	1004	4000	1	1	1	1	1	1.可以交易；0.被PK不掉	1	0	銀質發射器	10	4.戴宗	04.武器 - 戴宗	06.藍	3	12.收集品交換	5000	1004	6001004	6100000	6200000	4001004	3ditem_a_001	1	10	8	0	00.無	0		00.無	0	00.無	0				1360	68	216	0	0	0	0	0	
	1005	4000	1	1	1	1	0	1.可以交易；1.被PK會掉	1	1	實習帽	15	4.戴宗	01.帽子 - 戴宗	03.灰	0	07.怪物掉寶	5000	1005	6001005	6100000	6200000	4001005	3ditem_a_001	1	15	8	0	00.無	0		00.無	0	00.無	0				2330	117	213	0	0	0	0	0	
	1006	4000	1	1	1	1	0	1.可以交易；1.被PK會掉	1	1	實習長袍	15	4.戴宗	02.上衣 - 戴宗	03.灰	0	07.怪物掉寶	5000	1006	6001006	6100000	6200000	4001006	3ditem_a_001	1	15	8	0	00.無	0		00.無	0	00.無	0				3000	150	214	0	0	0	0	0	
	1007	4000	1	1	1	1	0	1.可以交易；1.被PK會掉	1	1	實習鞋	15	4.戴宗	03.褲子 - 戴宗	03.灰	0	07.怪物掉寶	5000	1007	6001007	6100000	6200000	4001007	3ditem_a_001	1	15	8	0	00.無	0		00.無	0	00.無	0				2660	133	215	0	0	0	0	0	
	1008	4000	1	1	1	1	0	1.可以交易；1.被PK會掉	1	1	實習徽章	15	4.戴宗	04.武器 - 戴宗	03.灰	0	07.怪物掉寶	5000	1008	6001008	6100000	6200000	4001008	3ditem_a_001	1	15	8	0	00.無	0		00.無	0	00.無	0				4990	250	216	0	0	0	0	0	
	1009	4000	1	1	1	1	0	1.可以交易；1.被PK會掉	1	1	學生帽	15	4.戴宗	01.帽子 - 戴宗	04.白	1	03.商店購買	5000	1009	6001009	6100000	6200000	4001009	3ditem_a_001	1	15	8	0	00.無	0		00.無	0	00.無	0				2330	233	213	0	0	0	0	0	
	1010	4000	1	1	1	1	0	1.可以交易；1.被PK會掉	1	1	學生長袍	15	4.戴宗	02.上衣 - 戴宗	04.白	1	03.商店購買	5000	1010	6001010	6100000	6200000	4001010	3ditem_a_001	1	15	8	0	00.無	0		00.無	0	00.無	0				3000	300	214	0	0	0	0	0	
	1011	4000	1	1	1	1	0	1.可以交易；1.被PK會掉	1	1	學生鞋	15	4.戴宗	03.褲子 - 戴宗	04.白	1	03.商店購買	5000	1011	6001011	6100000	6200000	4001011	3ditem_a_001	1	15	8	0	00.無	0		00.無	0	00.無	0				2660	266	215	0	0	0	0	0	
	1012	4000	1	1	1	1	0	1.可以交易；1.被PK會掉	1	1	學生徽章	15	4.戴宗	04.武器 - 戴宗	04.白	1	03.商店購買	5000	1012	6001012	6100000	6200000	4001012	3ditem_a_001	1	15	8	0	00.無	0		00.無	0	00.無	0				4990	499	216	0	0	0	0	0	
	1013	4000	1	1	1	1	1	1.可以交易；0.被PK不掉	1	0	大學帽	15	4.戴宗	01.帽子 - 戴宗	05.綠	2	07.怪物掉寶	5000	1013	6001013	6100000	6200000	4001013	3ditem_a_001	1	15	8	0	00.無	0		00.無	0	00.無	0				2330	117	213	0	0	0	0	0	
	1014	4000	1	1	1	1	1	1.可以交易；0.被PK不掉	1	0	大學長袍	15	4.戴宗	02.上衣 - 戴宗	05.綠	2	07.怪物掉寶	5000	1014	6001014	6100000	6200000	4001014	3ditem_a_001	1	15	8	0	00.無	0		00.無	0	00.無	0				3000	150	214	0	0	0	0	0	
	1015	4000	1	1	1	1	1	1.可以交易；0.被PK不掉	1	0	大學鞋	15	4.戴宗	03.褲子 - 戴宗	05.綠	2	07.怪物掉寶	5000	1015	6001015	6100000	6200000	4001015	3ditem_a_001	1	15	8	0	00.無	0		00.無	0	00.無	0				2660	133	215	0	0	0	0	0	
	1016	4000	1	1	1	1	1	1.可以交易；0.被PK不掉	1	0	大學徽章	15	4.戴宗	04.武器 - 戴宗	05.綠	2	07.怪物掉寶	5000	1016	6001016	6100000	6200000	4001016	3ditem_a_001	1	15	8	0	00.無	0		00.無	0	00.無	0				4990	250	216	0	0	0	0	0	
	1017	4000	1	1	1	1	1	1.可以交易；0.被PK不掉	1	0	研究帽	15	4.戴宗	01.帽子 - 戴宗	06.藍	3	12.收集品交換	5000	1017	6001017	6100000	6200000	4001017	3ditem_a_001	1	15	8	0	00.無	0		00.無	0	00.無	0				2330	117	213	0	0	0	0	0	
	1018	4000	1	1	1	1	1	1.可以交易；0.被PK不掉	1	0	研究長袍	15	4.戴宗	02.上衣 - 戴宗	06.藍	3	12.收集品交換	5000	1018	6001018	6100000	6200000	4001018	3ditem_a_001	1	15	8	0	00.無	0		00.無	0	00.無	0				3000	150	214	0	0	0	0	0	
	1019	4000	1	1	1	1	1	1.可以交易；0.被PK不掉	1	0	研究鞋	15	4.戴宗	03.褲子 - 戴宗	06.藍	3	12.收集品交換	5000	1019	6001019	6100000	6200000	4001019	3ditem_a_001	1	15	8	0	00.無	0		00.無	0	00.無	0				2660	133	215	0	0	0	0	0	
	1020	4000	1	1	1	1	1	1.可以交易；0.被PK不掉	1	0	研究徽章	15	4.戴宗	04.武器 - 戴宗	06.藍	3	12.收集品交換	5000	1020	6001020	6100000	6200000	4001020	3ditem_a_001	1	15	8	0	00.無	0		00.無	0	00.無	0				4990	250	216	0	0	0	0	0	
	1021	4000	1	1	1	1	0	1.可以交易；1.被PK會掉	1	1	博學帽	20	4.戴宗	01.帽子 - 戴宗	03.灰	0	07.怪物掉寶	5000	1021	6001021	6100000	6200000	4001021	3ditem_a_001	1	20	8	0	00.無	0		00.無	0	00.無	0				8540	427	213	0	0	0	0	0	
	1022	4000	1	1	1	1	0	1.可以交易；1.被PK會掉	1	1	博學長袍	20	4.戴宗	02.上衣 - 戴宗	03.灰	0	07.怪物掉寶	5000	1022	6001022	6100000	6200000	4001022	3ditem_a_001	1	20	8	0	00.無	0		00.無	0	00.無	0				10980	549	214	0	0	0	0	0	
	1023	4000	1	1	1	1	0	1.可以交易；1.被PK會掉	1	1	博學鞋	20	4.戴宗	03.褲子 - 戴宗	03.灰	0	07.怪物掉寶	5000	1023	6001023	6100000	6200000	4001023	3ditem_a_001	1	20	8	0	00.無	0		00.無	0	00.無	0				9760	488	215	0	0	0	0	0	
	1024	4000	1	1	1	1	0	1.可以交易；1.被PK會掉	1	1	博學徽章	20	4.戴宗	04.武器 - 戴宗	03.灰	0	07.怪物掉寶	5000	1024	6001024	6100000	6200000	4001024	3ditem_a_001	1	20	8	0	00.無	0		00.無	0	00.無	0				18300	915	216	0	0	0	0	0	
	1025	4000	1	1	1	1	0	1.可以交易；1.被PK會掉	1	1	天地帽	20	4.戴宗	01.帽子 - 戴宗	04.白	1	03.商店購買	5000	1025	6001025	6100000	6200000	4001025	3ditem_a_001	1	20	8	0	00.無	0		00.無	0	00.無	0				8540	854	213	0	0	0	0	0	
	1026	4000	1	1	1	1	0	1.可以交易；1.被PK會掉	1	1	天地長袍	20	4.戴宗	02.上衣 - 戴宗	04.白	1	03.商店購買	5000	1026	6001026	6100000	6200000	4001026	3ditem_a_001	1	20	8	0	00.無	0		00.無	0	00.無	0				10980	1098	214	0	0	0	0	0	
	1027	4000	1	1	1	1	0	1.可以交易；1.被PK會掉	1	1	天地鞋	20	4.戴宗	03.褲子 - 戴宗	04.白	1	03.商店購買	5000	1027	6001027	6100000	6200000	4001027	3ditem_a_001	1	20	8	0	00.無	0		00.無	0	00.無	0				9760	976	215	0	0	0	0	0	
	1028	4000	1	1	1	1	0	1.可以交易；1.被PK會掉	1	1	天地徽章	20	4.戴宗	04.武器 - 戴宗	04.白	1	03.商店購買	5000	1028	6001028	6100000	6200000	4001028	3ditem_a_001	1	20	8	0	00.無	0		00.無	0	00.無	0				18300	1830	216	0	0	0	0	0	
	1029	4000	1	1	1	1	1	1.可以交易；0.被PK不掉	1	0	藍海帽	20	4.戴宗	01.帽子 - 戴宗	05.綠	2	07.怪物掉寶	5000	1029	6001029	6100000	6200000	4001029	3ditem_a_001	1	20	8	0	00.無	0		00.無	0	00.無	0				8540	427	213	0	0	0	0	0	
	1030	4000	1	1	1	1	1	1.可以交易；0.被PK不掉	1	0	藍海長袍	20	4.戴宗	02.上衣 - 戴宗	05.綠	2	07.怪物掉寶	5000	1030	6001030	6100000	6200000	4001030	3ditem_a_001	1	20	8	0	00.無	0		00.無	0	00.無	0				10980	549	214	0	0	0	0	0	
	1031	4000	1	1	1	1	1	1.可以交易；0.被PK不掉	1	0	藍海鞋	20	4.戴宗	03.褲子 - 戴宗	05.綠	2	07.怪物掉寶	5000	1031	6001031	6100000	6200000	4001031	3ditem_a_001	1	20	8	0	00.無	0		00.無	0	00.無	0				9760	488	215	0	0	0	0	0	
	1032	4000	1	1	1	1	1	1.可以交易；0.被PK不掉	1	0	藍海徽章	20	4.戴宗	04.武器 - 戴宗	05.綠	2	07.怪物掉寶	5000	1032	6001032	6100000	6200000	4001032	3ditem_a_001	1	20	8	0	00.無	0		00.無	0	00.無	0				18300	915	216	0	0	0	0	0	
	1033	4000	1	1	1	1	1	1.可以交易；0.被PK不掉	1	0	聖皇帽	20	4.戴宗	01.帽子 - 戴宗	06.藍	3	12.收集品交換	5000	1033	6001033	6100000	6200000	4001033	3ditem_a_001	1	20	8	0	00.無	0		00.無	0	00.無	0				8540	427	213	0	0	0	0	0	
	1034	4000	1	1	1	1	1	1.可以交易；0.被PK不掉	1	0	聖皇長袍	20	4.戴宗	02.上衣 - 戴宗	06.藍	3	12.收集品交換	5000	1034	6001034	6100000	6200000	4001034	3ditem_a_001	1	20	8	0	00.無	0		00.無	0	00.無	0				10980	549	214	0	0	0	0	0	
	1035	4000	1	1	1	1	1	1.可以交易；0.被PK不掉	1	0	聖皇鞋	20	4.戴宗	03.褲子 - 戴宗	06.藍	3	12.收集品交換	5000	1035	6001035	6100000	6200000	4001035	3ditem_a_001	1	20	8	0	00.無	0		00.無	0	00.無	0				9760	488	215	0	0	0	0	0	
	1036	4000	1	1	1	1	1	1.可以交易；0.被PK不掉	1	0	聖皇徽章	20	4.戴宗	04.武器 - 戴宗	06.藍	3	12.收集品交換	5000	1036	6001036	6100000	6200000	4001036	3ditem_a_001	1	20	8	0	00.無	0		00.無	0	00.無	0				18300	915	216	0	0	0	0	0	
	1037	4000	1	1	1	1	1	1.可以交易；0.被PK不掉	1	0	玄米帽	35	4.戴宗	01.帽子 - 戴宗	07.紫	4	07.怪物掉寶	5000	1037	6001037	6100000	6200000	4001037	3ditem_a_001	1	35	8	0	00.無	0		00.無	0	00.無	0				114700	5735	213	0	0	0	0	0	
	1038	4000	1	1	1	1	1	1.可以交易；0.被PK不掉	1	0	玄米衣	35	4.戴宗	02.上衣 - 戴宗	07.紫	4	07.怪物掉寶	5000	1038	6001038	6100000	6200000	4001038	3ditem_a_001	1	35	8	0	00.無	0		00.無	0	00.無	0				147400	7370	214	0	0	0	0	0	
	1039	4000	1	1	1	1	1	1.可以交易；0.被PK不掉	1	0	玄米鞋	35	4.戴宗	03.褲子 - 戴宗	07.紫	4	07.怪物掉寶	5000	1039	6001039	6100000	6200000	4001039	3ditem_a_001	1	35	8	0	00.無	0		00.無	0	00.無	0				131000	6550	215	0	0	0	0	0	
	1040	4000	1	1	1	1	1	1.可以交易；0.被PK不掉	1	0	玄米徽章	35	4.戴宗	04.武器 - 戴宗	07.紫	4	07.怪物掉寶	5000	1040	6001040	6100000	6200000	4001040	3ditem_a_001	1	35	8	0	00.無	0		00.無	0	00.無	0				245700	12285	216	0	0	0	0	0	
	1041	4000	1	1	1	1	0	1.可以交易；1.被PK會掉	1	1	極地帽	25	4.戴宗	01.帽子 - 戴宗	03.灰	0	07.怪物掉寶	5000	1041	6001041	6100000	6200000	4001041	3ditem_a_001	1	25	8	0	00.無	0		00.無	0	00.無	0				24600	1230	213	0	0	0	0	0	
	1042	4000	1	1	1	1	0	1.可以交易；1.被PK會掉	1	1	極地長袍	25	4.戴宗	02.上衣 - 戴宗	03.灰	0	07.怪物掉寶	5000	1042	6001042	6100000	6200000	4001042	3ditem_a_001	1	25	8	0	00.無	0		00.無	0	00.無	0				31600	1580	214	0	0	0	0	0	
	1043	4000	1	1	1	1	0	1.可以交易；1.被PK會掉	1	1	極地鞋	25	4.戴宗	03.褲子 - 戴宗	03.灰	0	07.怪物掉寶	5000	1043	6001043	6100000	6200000	4001043	3ditem_a_001	1	25	8	0	00.無	0		00.無	0	00.無	0				28100	1405	215	0	0	0	0	0	
	1044	4000	1	1	1	1	0	1.可以交易；1.被PK會掉	1	1	極地徽章	25	4.戴宗	04.武器 - 戴宗	03.灰	0	07.怪物掉寶	5000	1044	6001044	6100000	6200000	4001044	3ditem_a_001	1	25	8	0	00.無	0		00.無	0	00.無	0				52600	2630	216	0	0	0	0	0	
	1045	4000	1	1	1	1	0	1.可以交易；1.被PK會掉	1	1	戰壕帽	25	4.戴宗	01.帽子 - 戴宗	04.白	1	03.商店購買	5000	1045	6001045	6100000	6200000	4001045	3ditem_a_001	1	25	8	0	00.無	0		00.無	0	00.無	0				24600	2460	213	0	0	0	0	0	
	1046	4000	1	1	1	1	0	1.可以交易；1.被PK會掉	1	1	戰壕長袍	25	4.戴宗	02.上衣 - 戴宗	04.白	1	03.商店購買	5000	1046	6001046	6100000	6200000	4001046	3ditem_a_001	1	25	8	0	00.無	0		00.無	0	00.無	0				31600	3160	214	0	0	0	0	0	
	1047	4000	1	1	1	1	0	1.可以交易；1.被PK會掉	1	1	戰壕鞋	25	4.戴宗	03.褲子 - 戴宗	04.白	1	03.商店購買	5000	1047	6001047	6100000	6200000	4001047	3ditem_a_001	1	25	8	0	00.無	0		00.無	0	00.無	0				28100	2810	215	0	0	0	0	0	
	1048	4000	1	1	1	1	0	1.可以交易；1.被PK會掉	1	1	戰壕徽章	25	4.戴宗	04.武器 - 戴宗	04.白	1	03.商店購買	5000	1048	6001048	6100000	6200000	4001048	3ditem_a_001	1	25	8	0	00.無	0		00.無	0	00.無	0				52600	5260	216	0	0	0	0	0	
	1049	4000	1	1	1	1	1	1.可以交易；0.被PK不掉	1	0	神鬼帽	25	4.戴宗	01.帽子 - 戴宗	05.綠	2	07.怪物掉寶	5000	1049	6001049	6100000	6200000	4001049	3ditem_a_001	1	25	8	0	00.無	0		00.無	0	00.無	0				24600	1230	213	0	0	0	0	0	
	1050	4000	1	1	1	1	1	1.可以交易；0.被PK不掉	1	0	神鬼長袍	25	4.戴宗	02.上衣 - 戴宗	05.綠	2	07.怪物掉寶	5000	1050	6001050	6100000	6200000	4001050	3ditem_a_001	1	25	8	0	00.無	0		00.無	0	00.無	0				31600	1580	214	0	0	0	0	0	
	1051	4000	1	1	1	1	1	1.可以交易；0.被PK不掉	1	0	神鬼鞋	25	4.戴宗	03.褲子 - 戴宗	05.綠	2	07.怪物掉寶	5000	1051	6001051	6100000	6200000	4001051	3ditem_a_001	1	25	8	0	00.無	0		00.無	0	00.無	0				28100	1405	215	0	0	0	0	0	
	1052	4000	1	1	1	1	1	1.可以交易；0.被PK不掉	1	0	神鬼徽章	25	4.戴宗	04.武器 - 戴宗	05.綠	2	07.怪物掉寶	5000	1052	6001052	6100000	6200000	4001052	3ditem_a_001	1	25	8	0	00.無	0		00.無	0	00.無	0				52600	2630	216	0	0	0	0	0	
	1053	4000	1	1	1	1	1	0.不可交易；0.被PK不掉	0	0	哭嚎帽	25	4.戴宗	01.帽子 - 戴宗	06.藍	3	12.收集品交換	5000	1053	6001053	6100000	6200000	4001053	3ditem_a_001	1	25	8	0	00.無	0		00.無	0	00.無	0				24600	1230	213	0	0	0	0	0	
	1054	4000	1	1	1	1	1	0.不可交易；0.被PK不掉	0	0	哭嚎長袍	25	4.戴宗	02.上衣 - 戴宗	06.藍	3	12.收集品交換	5000	1054	6001054	6100000	6200000	4001054	3ditem_a_001	1	25	8	0	00.無	0		00.無	0	00.無	0				31600	1580	214	0	0	0	0	0	
	1055	4000	1	1	1	1	1	0.不可交易；0.被PK不掉	0	0	哭嚎鞋	25	4.戴宗	03.褲子 - 戴宗	06.藍	3	12.收集品交換	5000	1055	6001055	6100000	6200000	4001055	3ditem_a_001	1	25	8	0	00.無	0		00.無	0	00.無	0				28100	1405	215	0	0	0	0	0	
	1056	4000	1	1	1	1	1	0.不可交易；0.被PK不掉	0	0	哭嚎徽章	25	4.戴宗	04.武器 - 戴宗	06.藍	3	12.收集品交換	5000	1056	6001056	6100000	6200000	4001056	3ditem_a_001	1	25	8	0	00.無	0		00.無	0	00.無	0				52600	2630	216	0	0	0	0	0	
	1057	4000	1	1	1	1	0	1.可以交易；1.被PK會掉	1	1	冰寒帽	30	4.戴宗	01.帽子 - 戴宗	03.灰	0	07.怪物掉寶	5000	1057	6001057	6100000	6200000	4001057	3ditem_a_001	1	30	8	0	00.無	0		00.無	0	00.無	0				56300	2815	213	0	0	0	0	0	
	1058	4000	1	1	1	1	0	1.可以交易；1.被PK會掉	1	1	冰寒長袍	30	4.戴宗	02.上衣 - 戴宗	03.灰	0	07.怪物掉寶	5000	1058	6001058	6100000	6200000	4001058	3ditem_a_001	1	30	8	0	00.無	0		00.無	0	00.無	0				72400	3620	214	0	0	0	0	0	
	1059	4000	1	1	1	1	0	1.可以交易；1.被PK會掉	1	1	冰寒鞋	30	4.戴宗	03.褲子 - 戴宗	03.灰	0	07.怪物掉寶	5000	1059	6001059	6100000	6200000	4001059	3ditem_a_001	1	30	8	0	00.無	0		00.無	0	00.無	0				64400	3220	215	0	0	0	0	0	
	1060	4000	1	1	1	1	0	1.可以交易；1.被PK會掉	1	1	冰寒徽章	30	4.戴宗	04.武器 - 戴宗	03.灰	0	07.怪物掉寶	5000	1060	6001060	6100000	6200000	4001060	3ditem_a_001	1	30	8	0	00.無	0		00.無	0	00.無	0				120700	6035	216	0	0	0	0	0	
	1061	4000	1	1	1	1	0	1.可以交易；1.被PK會掉	1	1	攀岩帽	30	4.戴宗	01.帽子 - 戴宗	04.白	1	03.商店購買	5000	1061	6001061	6100000	6200000	4001061	3ditem_a_001	1	30	8	0	00.無	0		00.無	0	00.無	0				56300	5630	213	0	0	0	0	0	
	1062	4000	1	1	1	1	0	1.可以交易；1.被PK會掉	1	1	攀岩長袍	30	4.戴宗	02.上衣 - 戴宗	04.白	1	03.商店購買	5000	1062	6001062	6100000	6200000	4001062	3ditem_a_001	1	30	8	0	00.無	0		00.無	0	00.無	0				72400	7240	214	0	0	0	0	0	
	1063	4000	1	1	1	1	0	1.可以交易；1.被PK會掉	1	1	攀岩鞋	30	4.戴宗	03.褲子 - 戴宗	04.白	1	03.商店購買	5000	1063	6001063	6100000	6200000	4001063	3ditem_a_001	1	30	8	0	00.無	0		00.無	0	00.無	0				64400	6440	215	0	0	0	0	0	
	1064	4000	1	1	1	1	0	1.可以交易；1.被PK會掉	1	1	攀岩徽章	30	4.戴宗	04.武器 - 戴宗	04.白	1	03.商店購買	5000	1064	6001064	6100000	6200000	4001064	3ditem_a_001	1	30	8	0	00.無	0		00.無	0	00.無	0				120700	12070	216	0	0	0	0	0	
	1065	4000	1	1	1	1	1	1.可以交易；0.被PK不掉	1	0	高地帽	30	4.戴宗	01.帽子 - 戴宗	05.綠	2	07.怪物掉寶	5000	1065	6001065	6100000	6200000	4001065	3ditem_a_001	1	30	8	0	00.無	0		00.無	0	00.無	0				56300	2815	213	0	0	0	0	0	
	1066	4000	1	1	1	1	1	1.可以交易；0.被PK不掉	1	0	高地長袍	30	4.戴宗	02.上衣 - 戴宗	05.綠	2	07.怪物掉寶	5000	1066	6001066	6100000	6200000	4001066	3ditem_a_001	1	30	8	0	00.無	0		00.無	0	00.無	0				72400	3620	214	0	0	0	0	0	
	1067	4000	1	1	1	1	1	1.可以交易；0.被PK不掉	1	0	高地鞋	30	4.戴宗	03.褲子 - 戴宗	05.綠	2	07.怪物掉寶	5000	1067	6001067	6100000	6200000	4001067	3ditem_a_001	1	30	8	0	00.無	0		00.無	0	00.無	0				64400	3220	215	0	0	0	0	0	
	1068	4000	1	1	1	1	1	1.可以交易；0.被PK不掉	1	0	高地徽章	30	4.戴宗	04.武器 - 戴宗	05.綠	2	07.怪物掉寶	5000	1068	6001068	6100000	6200000	4001068	3ditem_a_001	1	30	8	0	00.無	0		00.無	0	00.無	0				120700	6035	216	0	0	0	0	0	
	1069	4000	1	1	1	1	1	1.可以交易；0.被PK不掉	1	0	雪山帽	30	4.戴宗	01.帽子 - 戴宗	06.藍	3	12.收集品交換	5000	1069	6001069	6100000	6200000	4001069	3ditem_a_001	1	30	8	0	00.無	0		00.無	0	00.無	0				56300	2815	213	0	0	0	0	0	
	1070	4000	1	1	1	1	1	1.可以交易；0.被PK不掉	1	0	雪山長袍	30	4.戴宗	02.上衣 - 戴宗	06.藍	3	12.收集品交換	5000	1070	6001070	6100000	6200000	4001070	3ditem_a_001	1	30	8	0	00.無	0		00.無	0	00.無	0				72400	3620	214	0	0	0	0	0	
	1071	4000	1	1	1	1	1	1.可以交易；0.被PK不掉	1	0	雪山鞋	30	4.戴宗	03.褲子 - 戴宗	06.藍	3	12.收集品交換	5000	1071	6001071	6100000	6200000	4001071	3ditem_a_001	1	30	8	0	00.無	0		00.無	0	00.無	0				64400	3220	215	0	0	0	0	0	
	1072	4000	1	1	1	1	1	1.可以交易；0.被PK不掉	1	0	雪山徽章	30	4.戴宗	04.武器 - 戴宗	06.藍	3	12.收集品交換	5000	1072	6001072	6100000	6200000	4001072	3ditem_a_001	1	30	8	0	00.無	0		00.無	0	00.無	0				120700	6035	216	0	0	0	0	0	
	1073	4000	1	1	1	1	0	1.可以交易；1.被PK會掉	1	1	斑虎帽	35	4.戴宗	01.帽子 - 戴宗	03.灰	0	07.怪物掉寶	5000	1073	6001073	6100000	6200000	4001073	3ditem_a_001	1	35	8	0	00.無	0		00.無	0	00.無	0				114700	5735	213	0	0	0	0	0	
	1074	4000	1	1	1	1	0	1.可以交易；1.被PK會掉	1	1	斑虎衣	35	4.戴宗	02.上衣 - 戴宗	03.灰	0	07.怪物掉寶	5000	1074	6001074	6100000	6200000	4001074	3ditem_a_001	1	35	8	0	00.無	0		00.無	0	00.無	0				147400	7370	214	0	0	0	0	0	
	1075	4000	1	1	1	1	0	1.可以交易；1.被PK會掉	1	1	斑虎鞋	35	4.戴宗	03.褲子 - 戴宗	03.灰	0	07.怪物掉寶	5000	1075	6001075	6100000	6200000	4001075	3ditem_a_001	1	35	8	0	00.無	0		00.無	0	00.無	0				131000	6550	215	0	0	0	0	0	
	1076	4000	1	1	1	1	0	1.可以交易；1.被PK會掉	1	1	斑虎徽章	35	4.戴宗	04.武器 - 戴宗	03.灰	0	07.怪物掉寶	5000	1076	6001076	6100000	6200000	4001076	3ditem_a_001	1	35	8	0	00.無	0		00.無	0	00.無	0				245700	12285	216	0	0	0	0	0	
	1077	4000	1	1	1	1	0	1.可以交易；1.被PK會掉	1	1	鬥虎帽	35	4.戴宗	01.帽子 - 戴宗	04.白	1	03.商店購買	5000	1077	6001077	6100000	6200000	4001077	3ditem_a_001	1	35	8	0	00.無	0		00.無	0	00.無	0				114700	11470	213	0	0	0	0	0	
	1078	4000	1	1	1	1	0	1.可以交易；1.被PK會掉	1	1	鬥虎衣	35	4.戴宗	02.上衣 - 戴宗	04.白	1	03.商店購買	5000	1078	6001078	6100000	6200000	4001078	3ditem_a_001	1	35	8	0	00.無	0		00.無	0	00.無	0				147400	14740	214	0	0	0	0	0	
	1079	4000	1	1	1	1	0	1.可以交易；1.被PK會掉	1	1	鬥虎鞋	35	4.戴宗	03.褲子 - 戴宗	04.白	1	03.商店購買	5000	1079	6001079	6100000	6200000	4001079	3ditem_a_001	1	35	8	0	00.無	0		00.無	0	00.無	0				131000	13100	215	0	0	0	0	0	
	1080	4000	1	1	1	1	0	1.可以交易；1.被PK會掉	1	1	鬥虎徽章	35	4.戴宗	04.武器 - 戴宗	04.白	1	03.商店購買	5000	1080	6001080	6100000	6200000	4001080	3ditem_a_001	1	35	8	0	00.無	0		00.無	0	00.無	0				245700	24570	216	0	0	0	0	0	
	1081	4000	1	1	1	1	1	1.可以交易；0.被PK不掉	1	0	悍虎帽	35	4.戴宗	01.帽子 - 戴宗	05.綠	2	07.怪物掉寶	5000	1081	6001081	6100000	6200000	4001081	3ditem_a_001	1	35	8	0	00.無	0		00.無	0	00.無	0				114700	5735	213	0	0	0	0	0	
	1082	4000	1	1	1	1	1	1.可以交易；0.被PK不掉	1	0	悍虎衣	35	4.戴宗	02.上衣 - 戴宗	05.綠	2	07.怪物掉寶	5000	1082	6001082	6100000	6200000	4001082	3ditem_a_001	1	35	8	0	00.無	0		00.無	0	00.無	0				147400	7370	214	0	0	0	0	0	
	1083	4000	1	1	1	1	1	1.可以交易；0.被PK不掉	1	0	悍虎鞋	35	4.戴宗	03.褲子 - 戴宗	05.綠	2	07.怪物掉寶	5000	1083	6001083	6100000	6200000	4001083	3ditem_a_001	1	35	8	0	00.無	0		00.無	0	00.無	0				131000	6550	215	0	0	0	0	0	
	1084	4000	1	1	1	1	1	1.可以交易；0.被PK不掉	1	0	悍虎徽章	35	4.戴宗	04.武器 - 戴宗	05.綠	2	07.怪物掉寶	5000	1084	6001084	6100000	6200000	4001084	3ditem_a_001	1	35	8	0	00.無	0		00.無	0	00.無	0				245700	12285	216	0	0	0	0	0	
	1085	4000	1	1	1	1	1	0.不可交易；0.被PK不掉	0	0	烈虎帽	35	4.戴宗	01.帽子 - 戴宗	06.藍	3	12.收集品交換	5000	1085	6001085	6100000	6200000	4001085	3ditem_a_001	1	35	8	0	00.無	0		00.無	0	00.無	0				114700	5735	213	0	0	0	0	0	
	1086	4000	1	1	1	1	1	0.不可交易；0.被PK不掉	0	0	烈虎衣	35	4.戴宗	02.上衣 - 戴宗	06.藍	3	12.收集品交換	5000	1086	6001086	6100000	6200000	4001086	3ditem_a_001	1	35	8	0	00.無	0		00.無	0	00.無	0				147400	7370	214	0	0	0	0	0	
	1087	4000	1	1	1	1	1	0.不可交易；0.被PK不掉	0	0	烈虎鞋	35	4.戴宗	03.褲子 - 戴宗	06.藍	3	12.收集品交換	5000	1087	6001087	6100000	6200000	4001087	3ditem_a_001	1	35	8	0	00.無	0		00.無	0	00.無	0				131000	6550	215	0	0	0	0	0	
	1088	4000	1	1	1	1	1	0.不可交易；0.被PK不掉	0	0	烈虎徽章	35	4.戴宗	04.武器 - 戴宗	06.藍	3	12.收集品交換	5000	1088	6001088	6100000	6200000	4001088	3ditem_a_001	1	35	8	0	00.無	0		00.無	0	00.無	0				245700	12285	216	0	0	0	0	0	
	1089	4000	1	1	1	1	0	1.可以交易；1.被PK會掉	1	1	紋虎帽	40	4.戴宗	01.帽子 - 戴宗	03.灰	0	07.怪物掉寶	5000	1089	6001089	6100000	6200000	4001089	3ditem_a_001	1	40	8	0	00.無	0		00.無	0	00.無	0				211200	10560	213	0	0	0	0	0	
	1090	4000	1	1	1	1	0	1.可以交易；1.被PK會掉	1	1	紋虎長袍	40	4.戴宗	02.上衣 - 戴宗	03.灰	0	07.怪物掉寶	5000	1090	6001090	6100000	6200000	4001090	3ditem_a_001	1	40	8	0	00.無	0		00.無	0	00.無	0				271500	13575	214	0	0	0	0	0	
	1091	4000	1	1	1	1	0	1.可以交易；1.被PK會掉	1	1	紋虎鞋	40	4.戴宗	03.褲子 - 戴宗	03.灰	0	07.怪物掉寶	5000	1091	6001091	6100000	6200000	4001091	3ditem_a_001	1	40	8	0	00.無	0		00.無	0	00.無	0				241300	12065	215	0	0	0	0	0	
	1092	4000	1	1	1	1	0	1.可以交易；1.被PK會掉	1	1	紋虎徽章	40	4.戴宗	04.武器 - 戴宗	03.灰	0	07.怪物掉寶	5000	1092	6001092	6100000	6200000	4001092	3ditem_a_001	1	40	8	0	00.無	0		00.無	0	00.無	0				452500	22625	216	0	0	0	0	0	
	1093	4000	1	1	1	1	0	1.可以交易；1.被PK會掉	1	1	幻虎帽	40	4.戴宗	01.帽子 - 戴宗	04.白	1	03.商店購買	5000	1093	6001093	6100000	6200000	4001093	3ditem_a_001	1	40	8	0	00.無	0		00.無	0	00.無	0				211200	21120	213	0	0	0	0	0	
	1094	4000	1	1	1	1	0	1.可以交易；1.被PK會掉	1	1	幻虎長袍	40	4.戴宗	02.上衣 - 戴宗	04.白	1	03.商店購買	5000	1094	6001094	6100000	6200000	4001094	3ditem_a_001	1	40	8	0	00.無	0		00.無	0	00.無	0				271500	27150	214	0	0	0	0	0	
	1095	4000	1	1	1	1	0	1.可以交易；1.被PK會掉	1	1	幻虎鞋	40	4.戴宗	03.褲子 - 戴宗	04.白	1	03.商店購買	5000	1095	6001095	6100000	6200000	4001095	3ditem_a_001	1	40	8	0	00.無	0		00.無	0	00.無	0				241300	24130	215	0	0	0	0	0	
	1096	4000	1	1	1	1	0	1.可以交易；1.被PK會掉	1	1	幻虎徽章	40	4.戴宗	04.武器 - 戴宗	04.白	1	03.商店購買	5000	1096	6001096	6100000	6200000	4001096	3ditem_a_001	1	40	8	0	00.無	0		00.無	0	00.無	0				452500	45250	216	0	0	0	0	0	
	1097	4000	1	1	1	1	1	1.可以交易；0.被PK不掉	1	0	冥虎帽	40	4.戴宗	01.帽子 - 戴宗	05.綠	2	07.怪物掉寶	5000	1097	6001097	6100000	6200000	4001097	3ditem_a_001	1	40	8	0	00.無	0		00.無	0	00.無	0				211200	10560	213	0	0	0	0	0	
	1098	4000	1	1	1	1	1	1.可以交易；0.被PK不掉	1	0	冥虎長袍	40	4.戴宗	02.上衣 - 戴宗	05.綠	2	07.怪物掉寶	5000	1098	6001098	6100000	6200000	4001098	3ditem_a_001	1	40	8	0	00.無	0		00.無	0	00.無	0				271500	13575	214	0	0	0	0	0	
	1099	4000	1	1	1	1	1	1.可以交易；0.被PK不掉	1	0	冥虎鞋	40	4.戴宗	03.褲子 - 戴宗	05.綠	2	07.怪物掉寶	5000	1099	6001099	6100000	6200000	4001099	3ditem_a_001	1	40	8	0	00.無	0		00.無	0	00.無	0				241300	12065	215	0	0	0	0	0	
	1100	4000	1	1	1	1	1	1.可以交易；0.被PK不掉	1	0	冥虎徽章	40	4.戴宗	04.武器 - 戴宗	05.綠	2	07.怪物掉寶	5000	1100	6001100	6100000	6200000	4001100	3ditem_a_001	1	40	8	0	00.無	0		00.無	0	00.無	0				452500	22625	216	0	0	0	0	0	
	1101	4000	1	1	1	1	1	1.可以交易；0.被PK不掉	1	0	靈虎帽	40	4.戴宗	01.帽子 - 戴宗	06.藍	3	12.收集品交換	5000	1101	6001101	6100000	6200000	4001101	3ditem_a_001	1	40	8	0	00.無	0		00.無	0	00.無	0				211200	10560	213	0	0	0	0	0	
	1102	4000	1	1	1	1	1	1.可以交易；0.被PK不掉	1	0	靈虎長袍	40	4.戴宗	02.上衣 - 戴宗	06.藍	3	12.收集品交換	5000	1102	6001102	6100000	6200000	4001102	3ditem_a_001	1	40	8	0	00.無	0		00.無	0	00.無	0				271500	13575	214	0	0	0	0	0	
	1103	4000	1	1	1	1	1	1.可以交易；0.被PK不掉	1	0	靈虎鞋	40	4.戴宗	03.褲子 - 戴宗	06.藍	3	12.收集品交換	5000	1103	6001103	6100000	6200000	4001103	3ditem_a_001	1	40	8	0	00.無	0		00.無	0	00.無	0				241300	12065	215	0	0	0	0	0	
	1104	4000	1	1	1	1	1	1.可以交易；0.被PK不掉	1	0	靈虎徽章	40	4.戴宗	04.武器 - 戴宗	06.藍	3	12.收集品交換	5000	1104	6001104	6100000	6200000	4001104	3ditem_a_001	1	40	8	0	00.無	0		00.無	0	00.無	0				452500	22625	216	0	0	0	0	0	
	1105	4000	1	1	1	1	1	1.可以交易；0.被PK不掉	1	0	溫泉泡澡帽	45	4.戴宗	01.帽子 - 戴宗	07.紫	4	07.怪物掉寶	5000	1105	6001105	6100000	6200000	4001105	3ditem_a_001	1	45	8	0	00.無	0		00.無	0	00.無	0				363000	18150	213	0	0	0	0	0	
	1106	4000	1	1	1	1	1	1.可以交易；0.被PK不掉	1	0	溫泉泡澡袍	45	4.戴宗	02.上衣 - 戴宗	07.紫	4	07.怪物掉寶	5000	1106	6001106	6100000	6200000	4001106	3ditem_a_001	1	45	8	0	00.無	0		00.無	0	00.無	0				467000	23350	214	0	0	0	0	0	
	1107	4000	1	1	1	1	1	1.可以交易；0.被PK不掉	1	0	溫泉泡澡鞋	45	4.戴宗	03.褲子 - 戴宗	07.紫	4	07.怪物掉寶	5000	1107	6001107	6100000	6200000	4001107	3ditem_a_001	1	45	8	0	00.無	0		00.無	0	00.無	0				415000	20750	215	0	0	0	0	0	
	1108	4000	1	1	1	1	1	1.可以交易；0.被PK不掉	1	0	溫泉泡澡徽章	45	4.戴宗	04.武器 - 戴宗	07.紫	4	07.怪物掉寶	5000	1108	6001108	6100000	6200000	4001108	3ditem_a_001	1	45	8	0	00.無	0		00.無	0	00.無	0				778000	38900	216	0	0	0	0	0	
	1109	4000	1	1	1	1	0	1.可以交易；1.被PK會掉	1	1	戰俘帽	45	4.戴宗	01.帽子 - 戴宗	03.灰	0	07.怪物掉寶	5000	1109	6001109	6100000	6200000	4001109	3ditem_a_001	1	45	8	0	00.無	0		00.無	0	00.無	0				363000	18150	213	0	0	0	0	0	
	1110	4000	1	1	1	1	0	1.可以交易；1.被PK會掉	1	1	戰俘長袍	45	4.戴宗	02.上衣 - 戴宗	03.灰	0	07.怪物掉寶	5000	1110	6001110	6100000	6200000	4001110	3ditem_a_001	1	45	8	0	00.無	0		00.無	0	00.無	0				467000	23350	214	0	0	0	0	0	
	1111	4000	1	1	1	1	0	1.可以交易；1.被PK會掉	1	1	戰俘鞋	45	4.戴宗	03.褲子 - 戴宗	03.灰	0	07.怪物掉寶	5000	1111	6001111	6100000	6200000	4001111	3ditem_a_001	1	45	8	0	00.無	0		00.無	0	00.無	0				415000	20750	215	0	0	0	0	0	
	1112	4000	1	1	1	1	0	1.可以交易；1.被PK會掉	1	1	戰俘徽章	45	4.戴宗	04.武器 - 戴宗	03.灰	0	07.怪物掉寶	5000	1112	6001112	6100000	6200000	4001112	3ditem_a_001	1	45	8	0	00.無	0		00.無	0	00.無	0				778000	38900	216	0	0	0	0	0	
	1113	4000	1	1	1	1	0	1.可以交易；1.被PK會掉	1	1	乞討帽	45	4.戴宗	01.帽子 - 戴宗	04.白	1	03.商店購買	5000	1113	6001113	6100000	6200000	4001113	3ditem_a_001	1	45	8	0	00.無	0		00.無	0	00.無	0				363000	36300	213	0	0	0	0	0	
	1114	4000	1	1	1	1	0	1.可以交易；1.被PK會掉	1	1	乞討長袍	45	4.戴宗	02.上衣 - 戴宗	04.白	1	03.商店購買	5000	1114	6001114	6100000	6200000	4001114	3ditem_a_001	1	45	8	0	00.無	0		00.無	0	00.無	0				467000	46700	214	0	0	0	0	0	
	1115	4000	1	1	1	1	0	1.可以交易；1.被PK會掉	1	1	乞討鞋	45	4.戴宗	03.褲子 - 戴宗	04.白	1	03.商店購買	5000	1115	6001115	6100000	6200000	4001115	3ditem_a_001	1	45	8	0	00.無	0		00.無	0	00.無	0				415000	41500	215	0	0	0	0	0	
	1116	4000	1	1	1	1	0	1.可以交易；1.被PK會掉	1	1	乞討徽章	45	4.戴宗	04.武器 - 戴宗	04.白	1	03.商店購買	5000	1116	6001116	6100000	6200000	4001116	3ditem_a_001	1	45	8	0	00.無	0		00.無	0	00.無	0				778000	77800	216	0	0	0	0	0	
	1117	4000	1	1	1	1	1	1.可以交易；0.被PK不掉	1	0	勸敗帽	45	4.戴宗	01.帽子 - 戴宗	05.綠	2	07.怪物掉寶	5000	1117	6001117	6100000	6200000	4001117	3ditem_a_001	1	45	8	0	00.無	0		00.無	0	00.無	0				363000	18150	213	0	0	0	0	0	
	1118	4000	1	1	1	1	1	1.可以交易；0.被PK不掉	1	0	勸敗長袍	45	4.戴宗	02.上衣 - 戴宗	05.綠	2	07.怪物掉寶	5000	1118	6001118	6100000	6200000	4001118	3ditem_a_001	1	45	8	0	00.無	0		00.無	0	00.無	0				467000	23350	214	0	0	0	0	0	
	1119	4000	1	1	1	1	1	1.可以交易；0.被PK不掉	1	0	勸敗討鞋	45	4.戴宗	03.褲子 - 戴宗	05.綠	2	07.怪物掉寶	5000	1119	6001119	6100000	6200000	4001119	3ditem_a_001	1	45	8	0	00.無	0		00.無	0	00.無	0				415000	20750	215	0	0	0	0	0	
	1120	4000	1	1	1	1	1	1.可以交易；0.被PK不掉	1	0	勸敗徽章	45	4.戴宗	04.武器 - 戴宗	05.綠	2	07.怪物掉寶	5000	1120	6001120	6100000	6200000	4001120	3ditem_a_001	1	45	8	0	00.無	0		00.無	0	00.無	0				778000	38900	216	0	0	0	0	0	
	1121	4000	1	1	1	1	1	0.不可交易；0.被PK不掉	0	0	返光帽	45	4.戴宗	01.帽子 - 戴宗	06.藍	3	12.收集品交換	5000	1121	6001121	6100000	6200000	4001121	3ditem_a_001	1	45	8	0	00.無	0		00.無	0	00.無	0				363000	18150	213	0	0	0	0	0	
	1122	4000	1	1	1	1	1	0.不可交易；0.被PK不掉	0	0	返光長袍	45	4.戴宗	02.上衣 - 戴宗	06.藍	3	12.收集品交換	5000	1122	6001122	6100000	6200000	4001122	3ditem_a_001	1	45	8	0	00.無	0		00.無	0	00.無	0				467000	23350	214	0	0	0	0	0	
	1123	4000	1	1	1	1	1	0.不可交易；0.被PK不掉	0	0	返光討鞋	45	4.戴宗	03.褲子 - 戴宗	06.藍	3	12.收集品交換	5000	1123	6001123	6100000	6200000	4001123	3ditem_a_001	1	45	8	0	00.無	0		00.無	0	00.無	0				415000	20750	215	0	0	0	0	0	
	1124	4000	1	1	1	1	1	0.不可交易；0.被PK不掉	0	0	返光徽章	45	4.戴宗	04.武器 - 戴宗	06.藍	3	12.收集品交換	5000	1124	6001124	6100000	6200000	4001124	3ditem_a_001	1	45	8	0	00.無	0		00.無	0	00.無	0				778000	38900	216	0	0	0	0	0	
	1125	4000	1	1	1	1	0	1.可以交易；1.被PK會掉	1	1	虛無帽	50	4.戴宗	01.帽子 - 戴宗	03.灰	0	07.怪物掉寶	5000	1125	6001125	6100000	6200000	4001125	3ditem_a_001	1	50	8	0	00.無	0		00.無	0	00.無	0				592000	29600	213	0	0	0	0	0	
	1126	4000	1	1	1	1	0	1.可以交易；1.被PK會掉	1	1	虛無長袍	50	4.戴宗	02.上衣 - 戴宗	03.灰	0	07.怪物掉寶	5000	1126	6001126	6100000	6200000	4001126	3ditem_a_001	1	50	8	0	00.無	0		00.無	0	00.無	0				762000	38100	214	0	0	0	0	0	
	1127	4000	1	1	1	1	0	1.可以交易；1.被PK會掉	1	1	虛無鞋	50	4.戴宗	03.褲子 - 戴宗	03.灰	0	07.怪物掉寶	5000	1127	6001127	6100000	6200000	4001127	3ditem_a_001	1	50	8	0	00.無	0		00.無	0	00.無	0				677000	33850	215	0	0	0	0	0	
	1128	4000	1	1	1	1	0	1.可以交易；1.被PK會掉	1	1	虛無徽章	50	4.戴宗	04.武器 - 戴宗	03.灰	0	07.怪物掉寶	5000	1128	6001128	6100000	6200000	4001128	3ditem_a_001	1	50	8	0	00.無	0		00.無	0	00.無	0				1269000	63450	216	0	0	0	0	0	
	1129	4000	1	1	1	1	0	1.可以交易；1.被PK會掉	1	1	靜默帽	50	4.戴宗	01.帽子 - 戴宗	04.白	1	03.商店購買	5000	1129	6001129	6100000	6200000	4001129	3ditem_a_001	1	50	8	0	00.無	0		00.無	0	00.無	0				592000	59200	213	0	0	0	0	0	
	1130	4000	1	1	1	1	0	1.可以交易；1.被PK會掉	1	1	靜默長袍	50	4.戴宗	02.上衣 - 戴宗	04.白	1	03.商店購買	5000	1130	6001130	6100000	6200000	4001130	3ditem_a_001	1	50	8	0	00.無	0		00.無	0	00.無	0				762000	76200	214	0	0	0	0	0	
	1131	4000	1	1	1	1	0	1.可以交易；1.被PK會掉	1	1	靜默鞋	50	4.戴宗	03.褲子 - 戴宗	04.白	1	03.商店購買	5000	1131	6001131	6100000	6200000	4001131	3ditem_a_001	1	50	8	0	00.無	0		00.無	0	00.無	0				677000	67700	215	0	0	0	0	0	
	1132	4000	1	1	1	1	0	1.可以交易；1.被PK會掉	1	1	靜默徽章	50	4.戴宗	04.武器 - 戴宗	04.白	1	03.商店購買	5000	1132	6001132	6100000	6200000	4001132	3ditem_a_001	1	50	8	0	00.無	0		00.無	0	00.無	0				1269000	126900	216	0	0	0	0	0	
	1133	4000	1	1	1	1	1	1.可以交易；0.被PK不掉	1	0	災厄帽	50	4.戴宗	01.帽子 - 戴宗	05.綠	2	07.怪物掉寶	5000	1133	6001133	6100000	6200000	4001133	3ditem_a_001	1	50	8	0	00.無	0		00.無	0	00.無	0				592000	29600	213	0	0	0	0	0	
	1134	4000	1	1	1	1	1	1.可以交易；0.被PK不掉	1	0	災厄長袍	50	4.戴宗	02.上衣 - 戴宗	05.綠	2	07.怪物掉寶	5000	1134	6001134	6100000	6200000	4001134	3ditem_a_001	1	50	8	0	00.無	0		00.無	0	00.無	0				762000	38100	214	0	0	0	0	0	
	1135	4000	1	1	1	1	1	1.可以交易；0.被PK不掉	1	0	災厄鞋	50	4.戴宗	03.褲子 - 戴宗	05.綠	2	07.怪物掉寶	5000	1135	6001135	6100000	6200000	4001135	3ditem_a_001	1	50	8	0	00.無	0		00.無	0	00.無	0				677000	33850	215	0	0	0	0	0	
	1136	4000	1	1	1	1	1	1.可以交易；0.被PK不掉	1	0	災厄徽章	50	4.戴宗	04.武器 - 戴宗	05.綠	2	07.怪物掉寶	5000	1136	6001136	6100000	6200000	4001136	3ditem_a_001	1	50	8	0	00.無	0		00.無	0	00.無	0				1269000	63450	216	0	0	0	0	0	
	1137	4000	1	1	1	1	1	1.可以交易；0.被PK不掉	1	0	縛靈帽	50	4.戴宗	01.帽子 - 戴宗	06.藍	3	12.收集品交換	5000	1137	6001137	6100000	6200000	4001137	3ditem_a_001	1	50	8	0	00.無	0		00.無	0	00.無	0				592000	29600	213	0	0	0	0	0	
	1138	4000	1	1	1	1	1	1.可以交易；0.被PK不掉	1	0	縛靈長袍	50	4.戴宗	02.上衣 - 戴宗	06.藍	3	12.收集品交換	5000	1138	6001138	6100000	6200000	4001138	3ditem_a_001	1	50	8	0	00.無	0		00.無	0	00.無	0				762000	38100	214	0	0	0	0	0	
	1139	4000	1	1	1	1	1	1.可以交易；0.被PK不掉	1	0	縛靈鞋	50	4.戴宗	03.褲子 - 戴宗	06.藍	3	12.收集品交換	5000	1139	6001139	6100000	6200000	4001139	3ditem_a_001	1	50	8	0	00.無	0		00.無	0	00.無	0				677000	33850	215	0	0	0	0	0	
	1140	4000	1	1	1	1	1	1.可以交易；0.被PK不掉	1	0	縛靈徽章	50	4.戴宗	04.武器 - 戴宗	06.藍	3	12.收集品交換	5000	1140	6001140	6100000	6200000	4001140	3ditem_a_001	1	50	8	0	00.無	0		00.無	0	00.無	0				1269000	63450	216	0	0	0	0	0	
	1141	4000	1	1	1	1	0	1.可以交易；1.被PK會掉	1	1	導引帽	55	4.戴宗	01.帽子 - 戴宗	03.灰	0	07.怪物掉寶	5000	1141	6001141	6100000	6200000	4001141	3ditem_a_001	1	55	8	0	00.無	0		00.無	0	00.無	0				929000	46450	213	0	0	0	0	0	
	1142	4000	1	1	1	1	0	1.可以交易；1.被PK會掉	1	1	導引長袍	55	4.戴宗	02.上衣 - 戴宗	03.灰	0	07.怪物掉寶	5000	1142	6001142	6100000	6200000	4001142	3ditem_a_001	1	55	8	0	00.無	0		00.無	0	00.無	0				1194000	59700	214	0	0	0	0	0	
	1143	4000	1	1	1	1	0	1.可以交易；1.被PK會掉	1	1	導引鞋	55	4.戴宗	03.褲子 - 戴宗	03.灰	0	07.怪物掉寶	5000	1143	6001143	6100000	6200000	4001143	3ditem_a_001	1	55	8	0	00.無	0		00.無	0	00.無	0				1061000	53050	215	0	0	0	0	0	
	1144	4000	1	1	1	1	0	1.可以交易；1.被PK會掉	1	1	導引徽章	55	4.戴宗	04.武器 - 戴宗	03.灰	0	07.怪物掉寶	5000	1144	6001144	6100000	6200000	4001144	3ditem_a_001	1	55	8	0	00.無	0		00.無	0	00.無	0				1990000	99500	216	0	0	0	0	0	
	1145	4000	1	1	1	1	0	1.可以交易；1.被PK會掉	1	1	凝望帽	55	4.戴宗	01.帽子 - 戴宗	04.白	1	03.商店購買	5000	1145	6001145	6100000	6200000	4001145	3ditem_a_001	1	55	8	0	00.無	0		00.無	0	00.無	0				929000	92900	213	0	0	0	0	0	
	1146	4000	1	1	1	1	0	1.可以交易；1.被PK會掉	1	1	凝望長袍	55	4.戴宗	02.上衣 - 戴宗	04.白	1	03.商店購買	5000	1146	6001146	6100000	6200000	4001146	3ditem_a_001	1	55	8	0	00.無	0		00.無	0	00.無	0				1194000	119400	214	0	0	0	0	0	
	1147	4000	1	1	1	1	0	1.可以交易；1.被PK會掉	1	1	凝望鞋	55	4.戴宗	03.褲子 - 戴宗	04.白	1	03.商店購買	5000	1147	6001147	6100000	6200000	4001147	3ditem_a_001	1	55	8	0	00.無	0		00.無	0	00.無	0				1061000	106100	215	0	0	0	0	0	
	1148	4000	1	1	1	1	0	1.可以交易；1.被PK會掉	1	1	凝望徽章	55	4.戴宗	04.武器 - 戴宗	04.白	1	03.商店購買	5000	1148	6001148	6100000	6200000	4001148	3ditem_a_001	1	55	8	0	00.無	0		00.無	0	00.無	0				1990000	199000	216	0	0	0	0	0	
	1149	4000	1	1	1	1	1	1.可以交易；0.被PK不掉	1	0	吟遊帽	55	4.戴宗	01.帽子 - 戴宗	05.綠	2	07.怪物掉寶	5000	1149	6001149	6100000	6200000	4001149	3ditem_a_001	1	55	8	0	00.無	0		00.無	0	00.無	0				929000	46450	213	0	0	0	0	0	
	1150	4000	1	1	1	1	1	1.可以交易；0.被PK不掉	1	0	吟遊長袍	55	4.戴宗	02.上衣 - 戴宗	05.綠	2	07.怪物掉寶	5000	1150	6001150	6100000	6200000	4001150	3ditem_a_001	1	55	8	0	00.無	0		00.無	0	00.無	0				1194000	59700	214	0	0	0	0	0	
	1151	4000	1	1	1	1	1	1.可以交易；0.被PK不掉	1	0	吟遊鞋	55	4.戴宗	03.褲子 - 戴宗	05.綠	2	07.怪物掉寶	5000	1151	6001151	6100000	6200000	4001151	3ditem_a_001	1	55	8	0	00.無	0		00.無	0	00.無	0				1061000	53050	215	0	0	0	0	0	
	1152	4000	1	1	1	1	1	1.可以交易；0.被PK不掉	1	0	吟遊徽章	55	4.戴宗	04.武器 - 戴宗	05.綠	2	07.怪物掉寶	5000	1152	6001152	6100000	6200000	4001152	3ditem_a_001	1	55	8	0	00.無	0		00.無	0	00.無	0				1990000	99500	216	0	0	0	0	0	
	1153	4000	1	1	1	1	1	0.不可交易；0.被PK不掉	0	0	祈禱帽	55	4.戴宗	01.帽子 - 戴宗	06.藍	3	12.收集品交換	5000	1153	6001153	6100000	6200000	4001153	3ditem_a_001	1	55	8	0	00.無	0		00.無	0	00.無	0				929000	46450	213	0	0	0	0	0	
	1154	4000	1	1	1	1	1	0.不可交易；0.被PK不掉	0	0	祈禱長袍	55	4.戴宗	02.上衣 - 戴宗	06.藍	3	12.收集品交換	5000	1154	6001154	6100000	6200000	4001154	3ditem_a_001	1	55	8	0	00.無	0		00.無	0	00.無	0				1194000	59700	214	0	0	0	0	0	
	1155	4000	1	1	1	1	1	0.不可交易；0.被PK不掉	0	0	祈禱鞋	55	4.戴宗	03.褲子 - 戴宗	06.藍	3	12.收集品交換	5000	1155	6001155	6100000	6200000	4001155	3ditem_a_001	1	55	8	0	00.無	0		00.無	0	00.無	0				1061000	53050	215	0	0	0	0	0	
	1156	4000	1	1	1	1	1	0.不可交易；0.被PK不掉	0	0	祈禱徽章	55	4.戴宗	04.武器 - 戴宗	06.藍	3	12.收集品交換	5000	1156	6001156	6100000	6200000	4001156	3ditem_a_001	1	55	8	0	00.無	0		00.無	0	00.無	0				1990000	99500	216	0	0	0	0	0	
	1157	4000	1	1	1	1	0	1.可以交易；1.被PK會掉	1	1	狂氣法帽	60	4.戴宗	01.帽子 - 戴宗	03.灰	0	07.怪物掉寶	5000	1157	6001157	6100000	6200000	4001157	3ditem_a_001	1	60	8	0	00.無	0		00.無	0	00.無	0				1407000	70350	213	0	0	0	0	0	
	1158	4000	1	1	1	1	0	1.可以交易；1.被PK會掉	1	1	狂氣法袍	60	4.戴宗	02.上衣 - 戴宗	03.灰	0	07.怪物掉寶	5000	1158	6001158	6100000	6200000	4001158	3ditem_a_001	1	60	8	0	00.無	0		00.無	0	00.無	0				1809000	90450	214	0	0	0	0	0	
	1159	4000	1	1	1	1	0	1.可以交易；1.被PK會掉	1	1	狂氣法鞋	60	4.戴宗	03.褲子 - 戴宗	03.灰	0	07.怪物掉寶	5000	1159	6001159	6100000	6200000	4001159	3ditem_a_001	1	60	8	0	00.無	0		00.無	0	00.無	0				1608000	80400	215	0	0	0	0	0	
	1160	4000	1	1	1	1	0	1.可以交易；1.被PK會掉	1	1	狂氣徽章	60	4.戴宗	04.武器 - 戴宗	03.灰	0	07.怪物掉寶	5000	1160	6001160	6100000	6200000	4001160	3ditem_a_001	1	60	8	0	00.無	0		00.無	0	00.無	0				3015000	150750	216	0	0	0	0	0	
	1161	4000	1	1	1	1	0	1.可以交易；1.被PK會掉	1	1	秘術法帽	60	4.戴宗	01.帽子 - 戴宗	04.白	1	03.商店購買	5000	1161	6001161	6100000	6200000	4001161	3ditem_a_001	1	60	8	0	00.無	0		00.無	0	00.無	0				1407000	140700	213	0	0	0	0	0	
	1162	4000	1	1	1	1	0	1.可以交易；1.被PK會掉	1	1	秘術法袍	60	4.戴宗	02.上衣 - 戴宗	04.白	1	03.商店購買	5000	1162	6001162	6100000	6200000	4001162	3ditem_a_001	1	60	8	0	00.無	0		00.無	0	00.無	0				1809000	180900	214	0	0	0	0	0	
	1163	4000	1	1	1	1	0	1.可以交易；1.被PK會掉	1	1	秘術法鞋	60	4.戴宗	03.褲子 - 戴宗	04.白	1	03.商店購買	5000	1163	6001163	6100000	6200000	4001163	3ditem_a_001	1	60	8	0	00.無	0		00.無	0	00.無	0				1608000	160800	215	0	0	0	0	0	
	1164	4000	1	1	1	1	0	1.可以交易；1.被PK會掉	1	1	秘術徽章	60	4.戴宗	04.武器 - 戴宗	04.白	1	03.商店購買	5000	1164	6001164	6100000	6200000	4001164	3ditem_a_001	1	60	8	0	00.無	0		00.無	0	00.無	0				3015000	301500	216	0	0	0	0	0	
	1165	4000	1	1	1	1	1	1.可以交易；0.被PK不掉	1	0	異象帽	60	4.戴宗	01.帽子 - 戴宗	05.綠	2	07.怪物掉寶	5000	1165	6001165	6100000	6200000	4001165	3ditem_a_001	1	60	8	0	00.無	0		00.無	0	00.無	0				1407000	70350	213	0	0	0	0	0	
	1166	4000	1	1	1	1	1	1.可以交易；0.被PK不掉	1	0	異象長袍	60	4.戴宗	02.上衣 - 戴宗	05.綠	2	07.怪物掉寶	5000	1166	6001166	6100000	6200000	4001166	3ditem_a_001	1	60	8	0	00.無	0		00.無	0	00.無	0				1809000	90450	214	0	0	0	0	0	
	1167	4000	1	1	1	1	1	1.可以交易；0.被PK不掉	1	0	異象鞋	60	4.戴宗	03.褲子 - 戴宗	05.綠	2	07.怪物掉寶	5000	1167	6001167	6100000	6200000	4001167	3ditem_a_001	1	60	8	0	00.無	0		00.無	0	00.無	0				1608000	80400	215	0	0	0	0	0	
	1168	4000	1	1	1	1	1	1.可以交易；0.被PK不掉	1	0	異象徽章	60	4.戴宗	04.武器 - 戴宗	05.綠	2	07.怪物掉寶	5000	1168	6001168	6100000	6200000	4001168	3ditem_a_001	1	60	8	0	00.無	0		00.無	0	00.無	0				3015000	150750	216	0	0	0	0	0	
	1169	4000	1	1	1	1	1	1.可以交易；0.被PK不掉	1	0	聖戰帽	60	4.戴宗	01.帽子 - 戴宗	06.藍	3	12.收集品交換	5000	1169	6001169	6100000	6200000	4001169	3ditem_a_001	1	60	8	0	00.無	0		00.無	0	00.無	0				1407000	70350	213	0	0	0	0	0	
	1170	4000	1	1	1	1	1	1.可以交易；0.被PK不掉	1	0	聖戰長袍	60	4.戴宗	02.上衣 - 戴宗	06.藍	3	12.收集品交換	5000	1170	6001170	6100000	6200000	4001170	3ditem_a_001	1	60	8	0	00.無	0		00.無	0	00.無	0				1809000	90450	214	0	0	0	0	0	
	1171	4000	1	1	1	1	1	1.可以交易；0.被PK不掉	1	0	聖戰鞋	60	4.戴宗	03.褲子 - 戴宗	06.藍	3	12.收集品交換	5000	1171	6001171	6100000	6200000	4001171	3ditem_a_001	1	60	8	0	00.無	0		00.無	0	00.無	0				1608000	80400	215	0	0	0	0	0	
	1172	4000	1	1	1	1	1	1.可以交易；0.被PK不掉	1	0	聖戰徽章	60	4.戴宗	04.武器 - 戴宗	06.藍	3	12.收集品交換	5000	1172	6001172	6100000	6200000	4001172	3ditem_a_001	1	60	8	0	00.無	0		00.無	0	00.無	0				3015000	150750	216	0	0	0	0	0	
	1173	4000	1	1	1	1	1	1.可以交易；0.被PK不掉	1	0	燕子帽	55	4.戴宗	01.帽子 - 戴宗	07.紫	4	07.怪物掉寶	5000	1173	6001173	6100000	6200000	4001173	3ditem_a_001	1	55	8	0	00.無	0		00.無	0	00.無	0				929000	46450	213	0	0	0	0	0	
	1174	4000	1	1	1	1	1	1.可以交易；0.被PK不掉	1	0	燕子長袍	55	4.戴宗	02.上衣 - 戴宗	07.紫	4	07.怪物掉寶	5000	1174	6001174	6100000	6200000	4001174	3ditem_a_001	1	55	8	0	00.無	0		00.無	0	00.無	0				1194000	59700	214	0	0	0	0	0	
	1175	4000	1	1	1	1	1	1.可以交易；0.被PK不掉	1	0	燕子鞋	55	4.戴宗	03.褲子 - 戴宗	07.紫	4	07.怪物掉寶	5000	1175	6001175	6100000	6200000	4001175	3ditem_a_001	1	55	8	0	00.無	0		00.無	0	00.無	0				1061000	53050	215	0	0	0	0	0	
	1176	4000	1	1	1	1	1	1.可以交易；0.被PK不掉	1	0	燕子徽章	55	4.戴宗	04.武器 - 戴宗	07.紫	4	07.怪物掉寶	5000	1176	6001176	6100000	6200000	4001176	3ditem_a_001	1	55	8	0	00.無	0		00.無	0	00.無	0				1990000	99500	216	0	0	0	0	0	
#	1177	4000	0	1	1	1	0	1.可以交易；1.被PK會掉	1	1	褐紋帽	65	4.戴宗	01.帽子 - 戴宗	03.灰	0	07.怪物掉寶	5000	1177	6001177	6100000	6200000	4001177	3ditem_a_001	1	65	8	0	00.無	0		00.無	0	00.無	0				2090000	104500	213	0	0	0	0	0	
#	1178	4000	0	1	1	1	0	1.可以交易；1.被PK會掉	1	1	褐紋長袍	65	4.戴宗	02.上衣 - 戴宗	03.灰	0	07.怪物掉寶	5000	1178	6001178	6100000	6200000	4001178	3ditem_a_001	1	65	8	0	00.無	0		00.無	0	00.無	0				2680000	134000	214	0	0	0	0	0	
#	1179	4000	0	1	1	1	0	1.可以交易；1.被PK會掉	1	1	褐紋草鞋	65	4.戴宗	03.褲子 - 戴宗	03.灰	0	07.怪物掉寶	5000	1179	6001179	6100000	6200000	4001179	3ditem_a_001	1	65	8	0	00.無	0		00.無	0	00.無	0				2390000	119500	215	0	0	0	0	0	
#	1180	4000	0	1	1	1	0	1.可以交易；1.被PK會掉	1	1	褐紋徽章	65	4.戴宗	04.武器 - 戴宗	03.灰	0	07.怪物掉寶	5000	1180	6001180	6100000	6200000	4001180	3ditem_a_001	1	65	8	0	00.無	0		00.無	0	00.無	0				4470000	223500	216	0	0	0	0	0	
#	1181	4000	0	1	1	1	0	1.可以交易；1.被PK會掉	1	1	亞麻皮帽	65	4.戴宗	01.帽子 - 戴宗	04.白	1	03.商店購買	5000	1181	6001181	6100000	6200000	4001181	3ditem_a_001	1	65	8	0	00.無	0		00.無	0	00.無	0				2090000	209000	213	0	0	0	0	0	
#	1182	4000	0	1	1	1	0	1.可以交易；1.被PK會掉	1	1	亞麻長袍	65	4.戴宗	02.上衣 - 戴宗	04.白	1	03.商店購買	5000	1182	6001182	6100000	6200000	4001182	3ditem_a_001	1	65	8	0	00.無	0		00.無	0	00.無	0				2680000	268000	214	0	0	0	0	0	
#	1183	4000	0	1	1	1	0	1.可以交易；1.被PK會掉	1	1	亞麻草鞋	65	4.戴宗	03.褲子 - 戴宗	04.白	1	03.商店購買	5000	1183	6001183	6100000	6200000	4001183	3ditem_a_001	1	65	8	0	00.無	0		00.無	0	00.無	0				2390000	239000	215	0	0	0	0	0	
#	1184	4000	0	1	1	1	0	1.可以交易；1.被PK會掉	1	1	亞麻徽章	65	4.戴宗	04.武器 - 戴宗	04.白	1	03.商店購買	5000	1184	6001184	6100000	6200000	4001184	3ditem_a_001	1	65	8	0	00.無	0		00.無	0	00.無	0				4470000	447000	216	0	0	0	0	0	
#	1185	4000	0	1	1	1	1	1.可以交易；0.被PK不掉	1	0	捍衛皮帽	65	4.戴宗	01.帽子 - 戴宗	05.綠	2	07.怪物掉寶	5000	1185	6001185	6100000	6200000	4001185	3ditem_a_001	1	65	8	0	00.無	0		00.無	0	00.無	0				2090000	104500	213	0	0	0	0	0	
#	1186	4000	0	1	1	1	1	1.可以交易；0.被PK不掉	1	0	捍衛長袍	65	4.戴宗	02.上衣 - 戴宗	05.綠	2	07.怪物掉寶	5000	1186	6001186	6100000	6200000	4001186	3ditem_a_001	1	65	8	0	00.無	0		00.無	0	00.無	0				2680000	134000	214	0	0	0	0	0	
#	1187	4000	0	1	1	1	1	1.可以交易；0.被PK不掉	1	0	捍衛草鞋	65	4.戴宗	03.褲子 - 戴宗	05.綠	2	07.怪物掉寶	5000	1187	6001187	6100000	6200000	4001187	3ditem_a_001	1	65	8	0	00.無	0		00.無	0	00.無	0				2390000	119500	215	0	0	0	0	0	
#	1188	4000	0	1	1	1	1	1.可以交易；0.被PK不掉	1	0	捍衛徽章	65	4.戴宗	04.武器 - 戴宗	05.綠	2	07.怪物掉寶	5000	1188	6001188	6100000	6200000	4001188	3ditem_a_001	1	65	8	0	00.無	0		00.無	0	00.無	0				4470000	223500	216	0	0	0	0	0	
#	1189	4000	0	1	1	1	1	1.可以交易；0.被PK不掉	1	0	戰國皮帽	65	4.戴宗	01.帽子 - 戴宗	06.藍	3	12.收集品交換	5000	1189	6001189	6100000	6200000	4001189	3ditem_a_001	1	65	8	0	00.無	0		00.無	0	00.無	0				2090000	104500	213	0	0	0	0	0	
#	1190	4000	0	1	1	1	1	1.可以交易；0.被PK不掉	1	0	戰國長袍	65	4.戴宗	02.上衣 - 戴宗	06.藍	3	12.收集品交換	5000	1190	6001190	6100000	6200000	4001190	3ditem_a_001	1	65	8	0	00.無	0		00.無	0	00.無	0				2680000	134000	214	0	0	0	0	0	
#	1191	4000	0	1	1	1	1	1.可以交易；0.被PK不掉	1	0	戰國草鞋	65	4.戴宗	03.褲子 - 戴宗	06.藍	3	12.收集品交換	5000	1191	6001191	6100000	6200000	4001191	3ditem_a_001	1	65	8	0	00.無	0		00.無	0	00.無	0				2390000	119500	215	0	0	0	0	0	
#	1192	4000	0	1	1	1	1	1.可以交易；0.被PK不掉	1	0	戰國徽章	65	4.戴宗	04.武器 - 戴宗	06.藍	3	12.收集品交換	5000	1192	6001192	6100000	6200000	4001192	3ditem_a_001	1	65	8	0	00.無	0		00.無	0	00.無	0				4470000	223500	216	0	0	0	0	0	
#	1193	4000	0	1	1	1	0	1.可以交易；1.被PK會掉	1	1	羈絆布帽	70	4.戴宗	01.帽子 - 戴宗	03.灰	0	07.怪物掉寶	5000	1193	6001193	6100000	6200000	4001193	3ditem_a_001	1	70	8	0	00.無	0		00.無	0	00.無	0				2380000	119000	213	0	0	0	0	0	
#	1194	4000	0	1	1	1	0	1.可以交易；1.被PK會掉	1	1	羈絆長袍	70	4.戴宗	02.上衣 - 戴宗	03.灰	0	07.怪物掉寶	5000	1194	6001194	6100000	6200000	4001194	3ditem_a_001	1	70	8	0	00.無	0		00.無	0	00.無	0				3060000	153000	214	0	0	0	0	0	
#	1195	4000	0	1	1	1	0	1.可以交易；1.被PK會掉	1	1	羈絆皮鞋	70	4.戴宗	03.褲子 - 戴宗	03.灰	0	07.怪物掉寶	5000	1195	6001195	6100000	6200000	4001195	3ditem_a_001	1	70	8	0	00.無	0		00.無	0	00.無	0				2720000	136000	215	0	0	0	0	0	
#	1196	4000	0	1	1	1	0	1.可以交易；1.被PK會掉	1	1	羈絆徽章	70	4.戴宗	04.武器 - 戴宗	03.灰	0	07.怪物掉寶	5000	1196	6001196	6100000	6200000	4001196	3ditem_a_001	1	70	8	0	00.無	0		00.無	0	00.無	0				5090000	254500	216	0	0	0	0	0	
#	1197	4000	0	1	1	1	0	1.可以交易；1.被PK會掉	1	1	枷鎖布帽	70	4.戴宗	01.帽子 - 戴宗	04.白	1	03.商店購買	5000	1197	6001197	6100000	6200000	4001197	3ditem_a_001	1	70	8	0	00.無	0		00.無	0	00.無	0				2380000	238000	213	0	0	0	0	0	
#	1198	4000	0	1	1	1	0	1.可以交易；1.被PK會掉	1	1	枷鎖長袍	70	4.戴宗	02.上衣 - 戴宗	04.白	1	03.商店購買	5000	1198	6001198	6100000	6200000	4001198	3ditem_a_001	1	70	8	0	00.無	0		00.無	0	00.無	0				3060000	306000	214	0	0	0	0	0	
#	1199	4000	0	1	1	1	0	1.可以交易；1.被PK會掉	1	1	枷鎖皮鞋	70	4.戴宗	03.褲子 - 戴宗	04.白	1	03.商店購買	5000	1199	6001199	6100000	6200000	4001199	3ditem_a_001	1	70	8	0	00.無	0		00.無	0	00.無	0				2720000	272000	215	0	0	0	0	0	
#	1200	4000	0	1	1	1	0	1.可以交易；1.被PK會掉	1	1	枷鎖徽章	70	4.戴宗	04.武器 - 戴宗	04.白	1	03.商店購買	5000	1200	6001200	6100000	6200000	4001200	3ditem_a_001	1	70	8	0	00.無	0		00.無	0	00.無	0				5090000	509000	216	0	0	0	0	0	
#	1201	4000	0	1	1	1	1	1.可以交易；0.被PK不掉	1	0	鐵血皮帽	70	4.戴宗	01.帽子 - 戴宗	05.綠	2	07.怪物掉寶	5000	1201	6001201	6100000	6200000	4001201	3ditem_a_001	1	70	8	0	00.無	0		00.無	0	00.無	0				2380000	119000	213	0	0	0	0	0	
#	1202	4000	0	1	1	1	1	1.可以交易；0.被PK不掉	1	0	鐵血長袍	70	4.戴宗	02.上衣 - 戴宗	05.綠	2	07.怪物掉寶	5000	1202	6001202	6100000	6200000	4001202	3ditem_a_001	1	70	8	0	00.無	0		00.無	0	00.無	0				3060000	153000	214	0	0	0	0	0	
#	1203	4000	0	1	1	1	1	1.可以交易；0.被PK不掉	1	0	鐵血皮鞋	70	4.戴宗	03.褲子 - 戴宗	05.綠	2	07.怪物掉寶	5000	1203	6001203	6100000	6200000	4001203	3ditem_a_001	1	70	8	0	00.無	0		00.無	0	00.無	0				2720000	136000	215	0	0	0	0	0	
#	1204	4000	0	1	1	1	1	1.可以交易；0.被PK不掉	1	0	鐵血徽章	70	4.戴宗	04.武器 - 戴宗	05.綠	2	07.怪物掉寶	5000	1204	6001204	6100000	6200000	4001204	3ditem_a_001	1	70	8	0	00.無	0		00.無	0	00.無	0				5090000	254500	216	0	0	0	0	0	
#	1205	4000	0	1	1	1	1	1.可以交易；0.被PK不掉	1	0	破曉戰帽	70	4.戴宗	01.帽子 - 戴宗	06.藍	3	12.收集品交換	5000	1205	6001205	6100000	6200000	4001205	3ditem_a_001	1	70	8	0	00.無	0		00.無	0	00.無	0				2380000	119000	213	0	0	0	0	0	
#	1206	4000	0	1	1	1	1	1.可以交易；0.被PK不掉	1	0	破曉戰袍	70	4.戴宗	02.上衣 - 戴宗	06.藍	3	12.收集品交換	5000	1206	6001206	6100000	6200000	4001206	3ditem_a_001	1	70	8	0	00.無	0		00.無	0	00.無	0				3060000	153000	214	0	0	0	0	0	
#	1207	4000	0	1	1	1	1	1.可以交易；0.被PK不掉	1	0	破曉戰鞋	70	4.戴宗	03.褲子 - 戴宗	06.藍	3	12.收集品交換	5000	1207	6001207	6100000	6200000	4001207	3ditem_a_001	1	70	8	0	00.無	0		00.無	0	00.無	0				2720000	136000	215	0	0	0	0	0	
#	1208	4000	0	1	1	1	1	1.可以交易；0.被PK不掉	1	0	破曉徽章	70	4.戴宗	04.武器 - 戴宗	06.藍	3	12.收集品交換	5000	1208	6001208	6100000	6200000	4001208	3ditem_a_001	1	70	8	0	00.無	0		00.無	0	00.無	0				5090000	254500	216	0	0	0	0	0	
#	1209	4000	0	1	1	1	0	1.可以交易；1.被PK會掉	1	1	勇敢布帽	75	4.戴宗	01.帽子 - 戴宗	03.灰	0	07.怪物掉寶	5000	1209	6001209	6100000	6200000	4001209	3ditem_a_001	1	75	8	0	00.無	0		00.無	0	00.無	0				1	1	213	0	0	0	0	0	
#	1210	4000	0	1	1	1	0	1.可以交易；1.被PK會掉	1	1	勇敢長袍	75	4.戴宗	02.上衣 - 戴宗	03.灰	0	07.怪物掉寶	5000	1210	6001210	6100000	6200000	4001210	3ditem_a_001	1	75	8	0	00.無	0		00.無	0	00.無	0				1	1	214	0	0	0	0	0	
#	1211	4000	0	1	1	1	0	1.可以交易；1.被PK會掉	1	1	勇敢布鞋	75	4.戴宗	03.褲子 - 戴宗	03.灰	0	07.怪物掉寶	5000	1211	6001211	6100000	6200000	4001211	3ditem_a_001	1	75	8	0	00.無	0		00.無	0	00.無	0				1	1	215	0	0	0	0	0	
#	1212	4000	0	1	1	1	0	1.可以交易；1.被PK會掉	1	1	勇敢徽章	75	4.戴宗	04.武器 - 戴宗	03.灰	0	07.怪物掉寶	5000	1212	6001212	6100000	6200000	4001212	3ditem_a_001	1	75	8	0	00.無	0		00.無	0	00.無	0				1	1	216	0	0	0	0	0	
#	1213	4000	0	1	1	1	0	1.可以交易；1.被PK會掉	1	1	鍊戰皮帽	75	4.戴宗	01.帽子 - 戴宗	04.白	1	03.商店購買	5000	1213	6001213	6100000	6200000	4001213	3ditem_a_001	1	75	8	0	00.無	0		00.無	0	00.無	0				1	1	213	0	0	0	0	0	
#	1214	4000	0	1	1	1	0	1.可以交易；1.被PK會掉	1	1	鍊戰長袍	75	4.戴宗	02.上衣 - 戴宗	04.白	1	03.商店購買	5000	1214	6001214	6100000	6200000	4001214	3ditem_a_001	1	75	8	0	00.無	0		00.無	0	00.無	0				1	1	214	0	0	0	0	0	
#	1215	4000	0	1	1	1	0	1.可以交易；1.被PK會掉	1	1	鍊戰皮鞋	75	4.戴宗	03.褲子 - 戴宗	04.白	1	03.商店購買	5000	1215	6001215	6100000	6200000	4001215	3ditem_a_001	1	75	8	0	00.無	0		00.無	0	00.無	0				1	1	215	0	0	0	0	0	
#	1216	4000	0	1	1	1	0	1.可以交易；1.被PK會掉	1	1	鍊戰徽章	75	4.戴宗	04.武器 - 戴宗	04.白	1	03.商店購買	5000	1216	6001216	6100000	6200000	4001216	3ditem_a_001	1	75	8	0	00.無	0		00.無	0	00.無	0				1	1	216	0	0	0	0	0	
#	1217	4000	0	1	1	1	1	1.可以交易；0.被PK不掉	1	0	精武皮帽	75	4.戴宗	01.帽子 - 戴宗	05.綠	2	07.怪物掉寶	5000	1217	6001217	6100000	6200000	4001217	3ditem_a_001	1	75	8	0	00.無	0		00.無	0	00.無	0				1	1	213	0	0	0	0	0	
#	1218	4000	0	1	1	1	1	1.可以交易；0.被PK不掉	1	0	精武長袍	75	4.戴宗	02.上衣 - 戴宗	05.綠	2	07.怪物掉寶	5000	1218	6001218	6100000	6200000	4001218	3ditem_a_001	1	75	8	0	00.無	0		00.無	0	00.無	0				1	1	214	0	0	0	0	0	
#	1219	4000	0	1	1	1	1	1.可以交易；0.被PK不掉	1	0	精武皮鞋	75	4.戴宗	03.褲子 - 戴宗	05.綠	2	07.怪物掉寶	5000	1219	6001219	6100000	6200000	4001219	3ditem_a_001	1	75	8	0	00.無	0		00.無	0	00.無	0				1	1	215	0	0	0	0	0	
#	1220	4000	0	1	1	1	1	1.可以交易；0.被PK不掉	1	0	精武徽章	75	4.戴宗	04.武器 - 戴宗	05.綠	2	07.怪物掉寶	5000	1220	6001220	6100000	6200000	4001220	3ditem_a_001	1	75	8	0	00.無	0		00.無	0	00.無	0				1	1	216	0	0	0	0	0	
#	1221	4000	0	1	1	1	1	1.可以交易；0.被PK不掉	1	0	梟雄皮帽	75	4.戴宗	01.帽子 - 戴宗	06.藍	3	12.收集品交換	5000	1221	6001221	6100000	6200000	4001221	3ditem_a_001	1	75	8	0	00.無	0		00.無	0	00.無	0				1	1	213	0	0	0	0	0	
#	1222	4000	0	1	1	1	1	1.可以交易；0.被PK不掉	1	0	梟雄長袍	75	4.戴宗	02.上衣 - 戴宗	06.藍	3	12.收集品交換	5000	1222	6001222	6100000	6200000	4001222	3ditem_a_001	1	75	8	0	00.無	0		00.無	0	00.無	0				1	1	214	0	0	0	0	0	
#	1223	4000	0	1	1	1	1	1.可以交易；0.被PK不掉	1	0	梟雄皮鞋	75	4.戴宗	03.褲子 - 戴宗	06.藍	3	12.收集品交換	5000	1223	6001223	6100000	6200000	4001223	3ditem_a_001	1	75	8	0	00.無	0		00.無	0	00.無	0				1	1	215	0	0	0	0	0	
#	1224	4000	0	1	1	1	1	1.可以交易；0.被PK不掉	1	0	梟雄徽章	75	4.戴宗	04.武器 - 戴宗	06.藍	3	12.收集品交換	5000	1224	6001224	6100000	6200000	4001224	3ditem_a_001	1	75	8	0	00.無	0		00.無	0	00.無	0				1	1	216	0	0	0	0	0	
#	1225	4000	0	1	1	1	0	1.可以交易；1.被PK會掉	1	1	湘南帽	80	4.戴宗	01.帽子 - 戴宗	03.灰	0	07.怪物掉寶	5000	1225	6001225	6100000	6200000	4001225	3ditem_a_001	1	80	8	0	00.無	0		00.無	0	00.無	0				1	1	213	0	0	0	0	0	
#	1226	4000	0	1	1	1	0	1.可以交易；1.被PK會掉	1	1	湘南長袍	80	4.戴宗	02.上衣 - 戴宗	03.灰	0	07.怪物掉寶	5000	1226	6001226	6100000	6200000	4001226	3ditem_a_001	1	80	8	0	00.無	0		00.無	0	00.無	0				1	1	214	0	0	0	0	0	
#	1227	4000	0	1	1	1	0	1.可以交易；1.被PK會掉	1	1	湘南草鞋	80	4.戴宗	03.褲子 - 戴宗	03.灰	0	07.怪物掉寶	5000	1227	6001227	6100000	6200000	4001227	3ditem_a_001	1	80	8	0	00.無	0		00.無	0	00.無	0				1	1	215	0	0	0	0	0	
#	1228	4000	0	1	1	1	0	1.可以交易；1.被PK會掉	1	1	湘南徽章	80	4.戴宗	04.武器 - 戴宗	03.灰	0	07.怪物掉寶	5000	1228	6001228	6100000	6200000	4001228	3ditem_a_001	1	80	8	0	00.無	0		00.無	0	00.無	0				1	1	216	0	0	0	0	0	
#	1229	4000	0	1	1	1	0	1.可以交易；1.被PK會掉	1	1	弧月皮帽	80	4.戴宗	01.帽子 - 戴宗	04.白	1	03.商店購買	5000	1229	6001229	6100000	6200000	4001229	3ditem_a_001	1	80	8	0	00.無	0		00.無	0	00.無	0				1	1	213	0	0	0	0	0	
#	1230	4000	0	1	1	1	0	1.可以交易；1.被PK會掉	1	1	弧月長袍	80	4.戴宗	02.上衣 - 戴宗	04.白	1	03.商店購買	5000	1230	6001230	6100000	6200000	4001230	3ditem_a_001	1	80	8	0	00.無	0		00.無	0	00.無	0				1	1	214	0	0	0	0	0	
#	1231	4000	0	1	1	1	0	1.可以交易；1.被PK會掉	1	1	弧月皮鞋	80	4.戴宗	03.褲子 - 戴宗	04.白	1	03.商店購買	5000	1231	6001231	6100000	6200000	4001231	3ditem_a_001	1	80	8	0	00.無	0		00.無	0	00.無	0				1	1	215	0	0	0	0	0	
#	1232	4000	0	1	1	1	0	1.可以交易；1.被PK會掉	1	1	弧月徽章	80	4.戴宗	04.武器 - 戴宗	04.白	1	03.商店購買	5000	1232	6001232	6100000	6200000	4001232	3ditem_a_001	1	80	8	0	00.無	0		00.無	0	00.無	0				1	1	216	0	0	0	0	0	
#	1233	4000	0	1	1	1	1	1.可以交易；0.被PK不掉	1	0	晝返皮帽	80	4.戴宗	01.帽子 - 戴宗	05.綠	2	07.怪物掉寶	5000	1233	6001233	6100000	6200000	4001233	3ditem_a_001	1	80	8	0	00.無	0		00.無	0	00.無	0				1	1	213	0	0	0	0	0	
#	1234	4000	0	1	1	1	1	1.可以交易；0.被PK不掉	1	0	晝返長袍	80	4.戴宗	02.上衣 - 戴宗	05.綠	2	07.怪物掉寶	5000	1234	6001234	6100000	6200000	4001234	3ditem_a_001	1	80	8	0	00.無	0		00.無	0	00.無	0				1	1	214	0	0	0	0	0	
#	1235	4000	0	1	1	1	1	1.可以交易；0.被PK不掉	1	0	晝返皮鞋	80	4.戴宗	03.褲子 - 戴宗	05.綠	2	07.怪物掉寶	5000	1235	6001235	6100000	6200000	4001235	3ditem_a_001	1	80	8	0	00.無	0		00.無	0	00.無	0				1	1	215	0	0	0	0	0	
#	1236	4000	0	1	1	1	1	1.可以交易；0.被PK不掉	1	0	晝返徽章	80	4.戴宗	04.武器 - 戴宗	05.綠	2	07.怪物掉寶	5000	1236	6001236	6100000	6200000	4001236	3ditem_a_001	1	80	8	0	00.無	0		00.無	0	00.無	0				1	1	216	0	0	0	0	0	
#	1237	4000	0	1	1	1	1	1.可以交易；0.被PK不掉	1	0	飄渺皮帽	80	4.戴宗	01.帽子 - 戴宗	06.藍	3	12.收集品交換	5000	1237	6001237	6100000	6200000	4001237	3ditem_a_001	1	80	8	0	00.無	0		00.無	0	00.無	0				1	1	213	0	0	0	0	0	
#	1238	4000	0	1	1	1	1	1.可以交易；0.被PK不掉	1	0	飄渺長袍	80	4.戴宗	02.上衣 - 戴宗	06.藍	3	12.收集品交換	5000	1238	6001238	6100000	6200000	4001238	3ditem_a_001	1	80	8	0	00.無	0		00.無	0	00.無	0				1	1	214	0	0	0	0	0	
#	1239	4000	0	1	1	1	1	1.可以交易；0.被PK不掉	1	0	飄渺皮鞋	80	4.戴宗	03.褲子 - 戴宗	06.藍	3	12.收集品交換	5000	1239	6001239	6100000	6200000	4001239	3ditem_a_001	1	80	8	0	00.無	0		00.無	0	00.無	0				1	1	215	0	0	0	0	0	
#	1240	4000	0	1	1	1	1	1.可以交易；0.被PK不掉	1	0	飄渺徽章	80	4.戴宗	04.武器 - 戴宗	06.藍	3	12.收集品交換	5000	1240	6001240	6100000	6200000	4001240	3ditem_a_001	1	80	8	0	00.無	0		00.無	0	00.無	0				1	1	216	0	0	0	0	0	
#	1241	4000	0	1	1	1	1	1.可以交易；0.被PK不掉	1	0	歌舞伎帽	80	4.戴宗	01.帽子 - 戴宗	07.紫	4	07.怪物掉寶	5000	1241	6001241	6100000	6200000	4001241	3ditem_a_001	1	80	8	0	00.無	0		00.無	0	00.無	0				1	1	213	0	0	0	0	0	
#	1242	4000	0	1	1	1	1	1.可以交易；0.被PK不掉	1	0	歌舞伎長袍	80	4.戴宗	02.上衣 - 戴宗	07.紫	4	07.怪物掉寶	5000	1242	6001242	6100000	6200000	4001242	3ditem_a_001	1	80	8	0	00.無	0		00.無	0	00.無	0				1	1	214	0	0	0	0	0	
#	1243	4000	0	1	1	1	1	1.可以交易；0.被PK不掉	1	0	歌舞伎鞋	80	4.戴宗	03.褲子 - 戴宗	07.紫	4	07.怪物掉寶	5000	1243	6001243	6100000	6200000	4001243	3ditem_a_001	1	80	8	0	00.無	0		00.無	0	00.無	0				1	1	215	0	0	0	0	0	
#	1244	4000	0	1	1	1	1	1.可以交易；0.被PK不掉	1	0	歌舞伎徽章	80	4.戴宗	04.武器 - 戴宗	07.紫	4	07.怪物掉寶	5000	1244	6001244	6100000	6200000	4001244	3ditem_a_001	1	80	8	0	00.無	0		00.無	0	00.無	0				1	1	216	0	0	0	0	0	
#	1245	4000	0	1	1	1	0	1.可以交易；1.被PK會掉	1	1	浪花布帽	85	4.戴宗	01.帽子 - 戴宗	03.灰	0	07.怪物掉寶	5000	1245	6001245	6100000	6200000	4001245	3ditem_a_001	1	85	8	0	00.無	0		00.無	0	00.無	0				1	1	213	0	0	0	0	0	
#	1246	4000	0	1	1	1	0	1.可以交易；1.被PK會掉	1	1	浪花長袍	85	4.戴宗	02.上衣 - 戴宗	03.灰	0	07.怪物掉寶	5000	1246	6001246	6100000	6200000	4001246	3ditem_a_001	1	85	8	0	00.無	0		00.無	0	00.無	0				1	1	214	0	0	0	0	0	
#	1247	4000	0	1	1	1	0	1.可以交易；1.被PK會掉	1	1	浪花布鞋	85	4.戴宗	03.褲子 - 戴宗	03.灰	0	07.怪物掉寶	5000	1247	6001247	6100000	6200000	4001247	3ditem_a_001	1	85	8	0	00.無	0		00.無	0	00.無	0				1	1	215	0	0	0	0	0	
#	1248	4000	0	1	1	1	0	1.可以交易；1.被PK會掉	1	1	浪花徽章	85	4.戴宗	04.武器 - 戴宗	03.灰	0	07.怪物掉寶	5000	1248	6001248	6100000	6200000	4001248	3ditem_a_001	1	85	8	0	00.無	0		00.無	0	00.無	0				1	1	216	0	0	0	0	0	
#	1249	4000	0	1	1	1	0	1.可以交易；1.被PK會掉	1	1	海潮皮帽	85	4.戴宗	01.帽子 - 戴宗	04.白	1	03.商店購買	5000	1249	6001249	6100000	6200000	4001249	3ditem_a_001	1	85	8	0	00.無	0		00.無	0	00.無	0				1	1	213	0	0	0	0	0	
#	1250	4000	0	1	1	1	0	1.可以交易；1.被PK會掉	1	1	海潮長袍	85	4.戴宗	02.上衣 - 戴宗	04.白	1	03.商店購買	5000	1250	6001250	6100000	6200000	4001250	3ditem_a_001	1	85	8	0	00.無	0		00.無	0	00.無	0				1	1	214	0	0	0	0	0	
#	1251	4000	0	1	1	1	0	1.可以交易；1.被PK會掉	1	1	海潮皮鞋	85	4.戴宗	03.褲子 - 戴宗	04.白	1	03.商店購買	5000	1251	6001251	6100000	6200000	4001251	3ditem_a_001	1	85	8	0	00.無	0		00.無	0	00.無	0				1	1	215	0	0	0	0	0	
#	1252	4000	0	1	1	1	0	1.可以交易；1.被PK會掉	1	1	海潮徽章	85	4.戴宗	04.武器 - 戴宗	04.白	1	03.商店購買	5000	1252	6001252	6100000	6200000	4001252	3ditem_a_001	1	85	8	0	00.無	0		00.無	0	00.無	0				1	1	216	0	0	0	0	0	
#	1253	4000	0	1	1	1	1	1.可以交易；0.被PK不掉	1	0	霜雪皮帽	85	4.戴宗	01.帽子 - 戴宗	05.綠	2	07.怪物掉寶	5000	1253	6001253	6100000	6200000	4001253	3ditem_a_001	1	85	8	0	00.無	0		00.無	0	00.無	0				1	1	213	0	0	0	0	0	
#	1254	4000	0	1	1	1	1	1.可以交易；0.被PK不掉	1	0	霜雪長袍	85	4.戴宗	02.上衣 - 戴宗	05.綠	2	07.怪物掉寶	5000	1254	6001254	6100000	6200000	4001254	3ditem_a_001	1	85	8	0	00.無	0		00.無	0	00.無	0				1	1	214	0	0	0	0	0	
#	1255	4000	0	1	1	1	1	1.可以交易；0.被PK不掉	1	0	霜雪皮鞋	85	4.戴宗	03.褲子 - 戴宗	05.綠	2	07.怪物掉寶	5000	1255	6001255	6100000	6200000	4001255	3ditem_a_001	1	85	8	0	00.無	0		00.無	0	00.無	0				1	1	215	0	0	0	0	0	
#	1256	4000	0	1	1	1	1	1.可以交易；0.被PK不掉	1	0	霜雪徽章	85	4.戴宗	04.武器 - 戴宗	05.綠	2	07.怪物掉寶	5000	1256	6001256	6100000	6200000	4001256	3ditem_a_001	1	85	8	0	00.無	0		00.無	0	00.無	0				1	1	216	0	0	0	0	0	
#	1257	4000	0	1	1	1	1	1.可以交易；0.被PK不掉	1	0	雲仙靈帽	85	4.戴宗	01.帽子 - 戴宗	06.藍	3	12.收集品交換	5000	1257	6001257	6100000	6200000	4001257	3ditem_a_001	1	85	8	0	00.無	0		00.無	0	00.無	0				1	1	213	0	0	0	0	0	
#	1258	4000	0	1	1	1	1	1.可以交易；0.被PK不掉	1	0	雲仙靈袍	85	4.戴宗	02.上衣 - 戴宗	06.藍	3	12.收集品交換	5000	1258	6001258	6100000	6200000	4001258	3ditem_a_001	1	85	8	0	00.無	0		00.無	0	00.無	0				1	1	214	0	0	0	0	0	
#	1259	4000	0	1	1	1	1	1.可以交易；0.被PK不掉	1	0	雲仙靈鞋	85	4.戴宗	03.褲子 - 戴宗	06.藍	3	12.收集品交換	5000	1259	6001259	6100000	6200000	4001259	3ditem_a_001	1	85	8	0	00.無	0		00.無	0	00.無	0				1	1	215	0	0	0	0	0	
#	1260	4000	0	1	1	1	1	1.可以交易；0.被PK不掉	1	0	雲仙徽章	85	4.戴宗	04.武器 - 戴宗	06.藍	3	12.收集品交換	5000	1260	6001260	6100000	6200000	4001260	3ditem_a_001	1	85	8	0	00.無	0		00.無	0	00.無	0				1	1	216	0	0	0	0	0	
#	1261	4000	0	1	1	1	0	1.可以交易；1.被PK會掉	1	1	回春布帽	90	4.戴宗	01.帽子 - 戴宗	03.灰	0	07.怪物掉寶	5000	1261	6001261	6100000	6200000	4001261	3ditem_a_001	1	90	8	0	00.無	0		00.無	0	00.無	0				1	1	213	0	0	0	0	0	
#	1262	4000	0	1	1	1	0	1.可以交易；1.被PK會掉	1	1	回春長袍	90	4.戴宗	02.上衣 - 戴宗	03.灰	0	07.怪物掉寶	5000	1262	6001262	6100000	6200000	4001262	3ditem_a_001	1	90	8	0	00.無	0		00.無	0	00.無	0				1	1	214	0	0	0	0	0	
#	1263	4000	0	1	1	1	0	1.可以交易；1.被PK會掉	1	1	回春布鞋	90	4.戴宗	03.褲子 - 戴宗	03.灰	0	07.怪物掉寶	5000	1263	6001263	6100000	6200000	4001263	3ditem_a_001	1	90	8	0	00.無	0		00.無	0	00.無	0				1	1	215	0	0	0	0	0	
#	1264	4000	0	1	1	1	0	1.可以交易；1.被PK會掉	1	1	回春徽章	90	4.戴宗	04.武器 - 戴宗	03.灰	0	07.怪物掉寶	5000	1264	6001264	6100000	6200000	4001264	3ditem_a_001	1	90	8	0	00.無	0		00.無	0	00.無	0				1	1	216	0	0	0	0	0	
#	1265	4000	0	1	1	1	0	1.可以交易；1.被PK會掉	1	1	黃昏布帽	90	4.戴宗	01.帽子 - 戴宗	04.白	1	03.商店購買	5000	1265	6001265	6100000	6200000	4001265	3ditem_a_001	1	90	8	0	00.無	0		00.無	0	00.無	0				1	1	213	0	0	0	0	0	
#	1266	4000	0	1	1	1	0	1.可以交易；1.被PK會掉	1	1	黃昏長袍	90	4.戴宗	02.上衣 - 戴宗	04.白	1	03.商店購買	5000	1266	6001266	6100000	6200000	4001266	3ditem_a_001	1	90	8	0	00.無	0		00.無	0	00.無	0				1	1	214	0	0	0	0	0	
#	1267	4000	0	1	1	1	0	1.可以交易；1.被PK會掉	1	1	黃昏布鞋	90	4.戴宗	03.褲子 - 戴宗	04.白	1	03.商店購買	5000	1267	6001267	6100000	6200000	4001267	3ditem_a_001	1	90	8	0	00.無	0		00.無	0	00.無	0				1	1	215	0	0	0	0	0	
#	1268	4000	0	1	1	1	0	1.可以交易；1.被PK會掉	1	1	黃昏徽章	90	4.戴宗	04.武器 - 戴宗	04.白	1	03.商店購買	5000	1268	6001268	6100000	6200000	4001268	3ditem_a_001	1	90	8	0	00.無	0		00.無	0	00.無	0				1	1	216	0	0	0	0	0	
#	1269	4000	0	1	1	1	1	1.可以交易；0.被PK不掉	1	0	黎明皮帽	90	4.戴宗	01.帽子 - 戴宗	05.綠	2	07.怪物掉寶	5000	1269	6001269	6100000	6200000	4001269	3ditem_a_001	1	90	8	0	00.無	0		00.無	0	00.無	0				1	1	213	0	0	0	0	0	
#	1270	4000	0	1	1	1	1	1.可以交易；0.被PK不掉	1	0	黎明長袍	90	4.戴宗	02.上衣 - 戴宗	05.綠	2	07.怪物掉寶	5000	1270	6001270	6100000	6200000	4001270	3ditem_a_001	1	90	8	0	00.無	0		00.無	0	00.無	0				1	1	214	0	0	0	0	0	
#	1271	4000	0	1	1	1	1	1.可以交易；0.被PK不掉	1	0	黎明皮鞋	90	4.戴宗	03.褲子 - 戴宗	05.綠	2	07.怪物掉寶	5000	1271	6001271	6100000	6200000	4001271	3ditem_a_001	1	90	8	0	00.無	0		00.無	0	00.無	0				1	1	215	0	0	0	0	0	
#	1272	4000	0	1	1	1	1	1.可以交易；0.被PK不掉	1	0	黎明徽章	90	4.戴宗	04.武器 - 戴宗	05.綠	2	07.怪物掉寶	5000	1272	6001272	6100000	6200000	4001272	3ditem_a_001	1	90	8	0	00.無	0		00.無	0	00.無	0				1	1	216	0	0	0	0	0	
#	1273	4000	0	1	1	1	1	1.可以交易；0.被PK不掉	1	0	晚霞彩帽	90	4.戴宗	01.帽子 - 戴宗	06.藍	3	12.收集品交換	5000	1273	6001273	6100000	6200000	4001273	3ditem_a_001	1	90	8	0	00.無	0		00.無	0	00.無	0				1	1	213	0	0	0	0	0	
#	1274	4000	0	1	1	1	1	1.可以交易；0.被PK不掉	1	0	晚霞彩袍	90	4.戴宗	02.上衣 - 戴宗	06.藍	3	12.收集品交換	5000	1274	6001274	6100000	6200000	4001274	3ditem_a_001	1	90	8	0	00.無	0		00.無	0	00.無	0				1	1	214	0	0	0	0	0	
#	1275	4000	0	1	1	1	1	1.可以交易；0.被PK不掉	1	0	晚霞彩鞋	90	4.戴宗	03.褲子 - 戴宗	06.藍	3	12.收集品交換	5000	1275	6001275	6100000	6200000	4001275	3ditem_a_001	1	90	8	0	00.無	0		00.無	0	00.無	0				1	1	215	0	0	0	0	0	
#	1276	4000	0	1	1	1	1	1.可以交易；0.被PK不掉	1	0	晚霞徽章	90	4.戴宗	04.武器 - 戴宗	06.藍	3	12.收集品交換	5000	1276	6001276	6100000	6200000	4001276	3ditem_a_001	1	90	8	0	00.無	0		00.無	0	00.無	0				1	1	216	0	0	0	0	0	
#	1277	4000	0	1	1	1	0	1.可以交易；1.被PK會掉	1	1	古墓法帽	95	4.戴宗	01.帽子 - 戴宗	03.灰	0	07.怪物掉寶	5000	1277	6001277	6100000	6200000	4001277	3ditem_a_001	1	95	8	0	00.無	0		00.無	0	00.無	0				1	1	213	0	0	0	0	0	
#	1278	4000	0	1	1	1	0	1.可以交易；1.被PK會掉	1	1	古墓法袍	95	4.戴宗	02.上衣 - 戴宗	03.灰	0	07.怪物掉寶	5000	1278	6001278	6100000	6200000	4001278	3ditem_a_001	1	95	8	0	00.無	0		00.無	0	00.無	0				1	1	214	0	0	0	0	0	
#	1279	4000	0	1	1	1	0	1.可以交易；1.被PK會掉	1	1	古墓法鞋	95	4.戴宗	03.褲子 - 戴宗	03.灰	0	07.怪物掉寶	5000	1279	6001279	6100000	6200000	4001279	3ditem_a_001	1	95	8	0	00.無	0		00.無	0	00.無	0				1	1	215	0	0	0	0	0	
#	1280	4000	0	1	1	1	0	1.可以交易；1.被PK會掉	1	1	古墓徽章	95	4.戴宗	04.武器 - 戴宗	03.灰	0	07.怪物掉寶	5000	1280	6001280	6100000	6200000	4001280	3ditem_a_001	1	95	8	0	00.無	0		00.無	0	00.無	0				1	1	216	0	0	0	0	0	
#	1281	4000	0	1	1	1	0	1.可以交易；1.被PK會掉	1	1	符文法帽	95	4.戴宗	01.帽子 - 戴宗	04.白	1	03.商店購買	5000	1281	6001281	6100000	6200000	4001281	3ditem_a_001	1	95	8	0	00.無	0		00.無	0	00.無	0				1	1	213	0	0	0	0	0	
#	1282	4000	0	1	1	1	0	1.可以交易；1.被PK會掉	1	1	符文法袍	95	4.戴宗	02.上衣 - 戴宗	04.白	1	03.商店購買	5000	1282	6001282	6100000	6200000	4001282	3ditem_a_001	1	95	8	0	00.無	0		00.無	0	00.無	0				1	1	214	0	0	0	0	0	
#	1283	4000	0	1	1	1	0	1.可以交易；1.被PK會掉	1	1	符文法鞋	95	4.戴宗	03.褲子 - 戴宗	04.白	1	03.商店購買	5000	1283	6001283	6100000	6200000	4001283	3ditem_a_001	1	95	8	0	00.無	0		00.無	0	00.無	0				1	1	215	0	0	0	0	0	
#	1284	4000	0	1	1	1	0	1.可以交易；1.被PK會掉	1	1	符文徽章	95	4.戴宗	04.武器 - 戴宗	04.白	1	03.商店購買	5000	1284	6001284	6100000	6200000	4001284	3ditem_a_001	1	95	8	0	00.無	0		00.無	0	00.無	0				1	1	216	0	0	0	0	0	
#	1285	4000	0	1	1	1	1	1.可以交易；0.被PK不掉	1	0	靈界法帽	95	4.戴宗	01.帽子 - 戴宗	05.綠	2	07.怪物掉寶	5000	1285	6001285	6100000	6200000	4001285	3ditem_a_001	1	95	8	0	00.無	0		00.無	0	00.無	0				1	1	213	0	0	0	0	0	
#	1286	4000	0	1	1	1	1	1.可以交易；0.被PK不掉	1	0	靈界法袍	95	4.戴宗	02.上衣 - 戴宗	05.綠	2	07.怪物掉寶	5000	1286	6001286	6100000	6200000	4001286	3ditem_a_001	1	95	8	0	00.無	0		00.無	0	00.無	0				1	1	214	0	0	0	0	0	
#	1287	4000	0	1	1	1	1	1.可以交易；0.被PK不掉	1	0	靈界法鞋	95	4.戴宗	03.褲子 - 戴宗	05.綠	2	07.怪物掉寶	5000	1287	6001287	6100000	6200000	4001287	3ditem_a_001	1	95	8	0	00.無	0		00.無	0	00.無	0				1	1	215	0	0	0	0	0	
#	1288	4000	0	1	1	1	1	1.可以交易；0.被PK不掉	1	0	靈界徽章	95	4.戴宗	04.武器 - 戴宗	05.綠	2	07.怪物掉寶	5000	1288	6001288	6100000	6200000	4001288	3ditem_a_001	1	95	8	0	00.無	0		00.無	0	00.無	0				1	1	216	0	0	0	0	0	
#	1289	4000	0	1	1	1	1	1.可以交易；0.被PK不掉	1	0	審判法帽	95	4.戴宗	01.帽子 - 戴宗	06.藍	3	12.收集品交換	5000	1289	6001289	6100000	6200000	4001289	3ditem_a_001	1	95	8	0	00.無	0		00.無	0	00.無	0				1	1	213	0	0	0	0	0	
#	1290	4000	0	1	1	1	1	1.可以交易；0.被PK不掉	1	0	審判法袍	95	4.戴宗	02.上衣 - 戴宗	06.藍	3	12.收集品交換	5000	1290	6001290	6100000	6200000	4001290	3ditem_a_001	1	95	8	0	00.無	0		00.無	0	00.無	0				1	1	214	0	0	0	0	0	
#	1291	4000	0	1	1	1	1	1.可以交易；0.被PK不掉	1	0	審判法鞋	95	4.戴宗	03.褲子 - 戴宗	06.藍	3	12.收集品交換	5000	1291	6001291	6100000	6200000	4001291	3ditem_a_001	1	95	8	0	00.無	0		00.無	0	00.無	0				1	1	215	0	0	0	0	0	
#	1292	4000	0	1	1	1	1	1.可以交易；0.被PK不掉	1	0	審判徽章	95	4.戴宗	04.武器 - 戴宗	06.藍	3	12.收集品交換	5000	1292	6001292	6100000	6200000	4001292	3ditem_a_001	1	95	8	0	00.無	0		00.無	0	00.無	0				1	1	216	0	0	0	0	0	
#	1293	4000	0	1	1	1	0	1.可以交易；1.被PK會掉	1	1	古鎧頭盔	99	4.戴宗	01.帽子 - 戴宗	03.灰	0	07.怪物掉寶	5000	1293	6001293	6100000	6200000	4001293	3ditem_a_001	1	99	8	0	00.無	0		00.無	0	00.無	0				1	1	213	0	0	0	0	0	
#	1294	4000	0	1	1	1	0	1.可以交易；1.被PK會掉	1	1	古鎧戰袍	99	4.戴宗	02.上衣 - 戴宗	03.灰	0	07.怪物掉寶	5000	1294	6001294	6100000	6200000	4001294	3ditem_a_001	1	99	8	0	00.無	0		00.無	0	00.無	0				1	1	214	0	0	0	0	0	
#	1295	4000	0	1	1	1	0	1.可以交易；1.被PK會掉	1	1	古鎧戰鞋	99	4.戴宗	03.褲子 - 戴宗	03.灰	0	07.怪物掉寶	5000	1295	6001295	6100000	6200000	4001295	3ditem_a_001	1	99	8	0	00.無	0		00.無	0	00.無	0				1	1	215	0	0	0	0	0	
#	1296	4000	0	1	1	1	0	1.可以交易；1.被PK會掉	1	1	古鎧徽章	99	4.戴宗	04.武器 - 戴宗	03.灰	0	07.怪物掉寶	5000	1296	6001296	6100000	6200000	4001296	3ditem_a_001	1	99	8	0	00.無	0		00.無	0	00.無	0				1	1	216	0	0	0	0	0	
#	1297	4000	0	1	1	1	0	1.可以交易；1.被PK會掉	1	1	侍者頭盔	99	4.戴宗	01.帽子 - 戴宗	04.白	1	03.商店購買	5000	1297	6001297	6100000	6200000	4001297	3ditem_a_001	1	99	8	0	00.無	0		00.無	0	00.無	0				1	1	213	0	0	0	0	0	
#	1298	4000	0	1	1	1	0	1.可以交易；1.被PK會掉	1	1	侍者戰袍	99	4.戴宗	02.上衣 - 戴宗	04.白	1	03.商店購買	5000	1298	6001298	6100000	6200000	4001298	3ditem_a_001	1	99	8	0	00.無	0		00.無	0	00.無	0				1	1	214	0	0	0	0	0	
#	1299	4000	0	1	1	1	0	1.可以交易；1.被PK會掉	1	1	侍者戰鞋	99	4.戴宗	03.褲子 - 戴宗	04.白	1	03.商店購買	5000	1299	6001299	6100000	6200000	4001299	3ditem_a_001	1	99	8	0	00.無	0		00.無	0	00.無	0				1	1	215	0	0	0	0	0	
#	1300	4000	0	1	1	1	0	1.可以交易；1.被PK會掉	1	1	侍者徽章	99	4.戴宗	04.武器 - 戴宗	04.白	1	03.商店購買	5000	1300	6001300	6100000	6200000	4001300	3ditem_a_001	1	99	8	0	00.無	0		00.無	0	00.無	0				1	1	216	0	0	0	0	0	
#	1301	4000	0	1	1	1	1	1.可以交易；0.被PK不掉	1	0	闇影頭盔	99	4.戴宗	01.帽子 - 戴宗	05.綠	2	07.怪物掉寶	5000	1301	6001301	6100000	6200000	4001301	3ditem_a_001	1	99	8	0	00.無	0		00.無	0	00.無	0				1	1	213	0	0	0	0	0	
#	1302	4000	0	1	1	1	1	1.可以交易；0.被PK不掉	1	0	闇影戰袍	99	4.戴宗	02.上衣 - 戴宗	05.綠	2	07.怪物掉寶	5000	1302	6001302	6100000	6200000	4001302	3ditem_a_001	1	99	8	0	00.無	0		00.無	0	00.無	0				1	1	214	0	0	0	0	0	
#	1303	4000	0	1	1	1	1	1.可以交易；0.被PK不掉	1	0	闇影戰鞋	99	4.戴宗	03.褲子 - 戴宗	05.綠	2	07.怪物掉寶	5000	1303	6001303	6100000	6200000	4001303	3ditem_a_001	1	99	8	0	00.無	0		00.無	0	00.無	0				1	1	215	0	0	0	0	0	
#	1304	4000	0	1	1	1	1	1.可以交易；0.被PK不掉	1	0	闇影徽章	99	4.戴宗	04.武器 - 戴宗	05.綠	2	07.怪物掉寶	5000	1304	6001304	6100000	6200000	4001304	3ditem_a_001	1	99	8	0	00.無	0		00.無	0	00.無	0				1	1	216	0	0	0	0	0	
#	1305	4000	0	1	1	1	1	1.可以交易；0.被PK不掉	1	0	幻魔戰帽	99	4.戴宗	01.帽子 - 戴宗	06.藍	3	12.收集品交換	5000	1305	6001305	6100000	6200000	4001305	3ditem_a_001	1	99	8	0	00.無	0		00.無	0	00.無	0				1	1	213	0	0	0	0	0	
#	1306	4000	0	1	1	1	1	1.可以交易；0.被PK不掉	1	0	幻魔戰袍	99	4.戴宗	02.上衣 - 戴宗	06.藍	3	12.收集品交換	5000	1306	6001306	6100000	6200000	4001306	3ditem_a_001	1	99	8	0	00.無	0		00.無	0	00.無	0				1	1	214	0	0	0	0	0	
#	1307	4000	0	1	1	1	1	1.可以交易；0.被PK不掉	1	0	幻魔戰鞋	99	4.戴宗	03.褲子 - 戴宗	06.藍	3	12.收集品交換	5000	1307	6001307	6100000	6200000	4001307	3ditem_a_001	1	99	8	0	00.無	0		00.無	0	00.無	0				1	1	215	0	0	0	0	0	
#	1308	4000	0	1	1	1	1	1.可以交易；0.被PK不掉	1	0	幻魔徽章	99	4.戴宗	04.武器 - 戴宗	06.藍	3	12.收集品交換	5000	1308	6001308	6100000	6200000	4001308	3ditem_a_001	1	99	8	0	00.無	0		00.無	0	00.無	0				1	1	216	0	0	0	0	0	
#	1309	4000	0	1	1	1	1	1.可以交易；0.被PK不掉	1	0	華輪寶印帽	99	4.戴宗	01.帽子 - 戴宗	07.紫	4	07.怪物掉寶	5000	1309	6001309	6100000	6200000	4001309	3ditem_a_001	1	99	8	0	00.無	0		00.無	0	00.無	0				1	1	213	0	0	0	0	0	
#	1310	4000	0	1	1	1	1	1.可以交易；0.被PK不掉	1	0	華輪寶印袍	99	4.戴宗	02.上衣 - 戴宗	07.紫	4	07.怪物掉寶	5000	1310	6001310	6100000	6200000	4001310	3ditem_a_001	1	99	8	0	00.無	0		00.無	0	00.無	0				1	1	214	0	0	0	0	0	
#	1311	4000	0	1	1	1	1	1.可以交易；0.被PK不掉	1	0	華輪寶印鞋	99	4.戴宗	03.褲子 - 戴宗	07.紫	4	07.怪物掉寶	5000	1311	6001311	6100000	6200000	4001311	3ditem_a_001	1	99	8	0	00.無	0		00.無	0	00.無	0				1	1	215	0	0	0	0	0	
#	1312	4000	0	1	1	1	1	1.可以交易；0.被PK不掉	1	0	華輪寶印徽章	99	4.戴宗	04.武器 - 戴宗	07.紫	4	07.怪物掉寶	5000	1312	6001312	6100000	6200000	4001312	3ditem_a_001	1	99	8	0	00.無	0		00.無	0	00.無	0				1	1	216	0	0	0	0	0	
# 共用飾品																																															
	1313	4000	1	1	1	1	0	1.可以交易；1.被PK會掉	1	1	一般木刻項鍊	7	0.全角色	07.項鍊	04.白	1	03.商店購買	5000	1313	6001313	6100000	6200000	4301001	3ditem_a_001	1	7	-1	0	00.無	0		00.無	0	00.無	0				270	27	303	0	0	0	0	0	
	1314	4000	1	1	1	1	1	1.可以交易；0.被PK不掉	1	0	高級敏捷木刻項鍊	7	0.全角色	07.項鍊	05.綠	2	07.怪物掉寶	5000	1314	6001314	6100000	6200000	4301001	3ditem_a_001	1	7	-1	0	00.無	0		00.無	0	00.無	0				270	14	303	0	0	0	0	0	
	1315	4000	1	1	1	1	1	1.可以交易；0.被PK不掉	1	0	高級體能木刻項鍊	7	0.全角色	07.項鍊	05.綠	2	07.怪物掉寶	5000	1315	6001315	6100000	6200000	4301001	3ditem_a_001	1	7	-1	0	00.無	0		00.無	0	00.無	0				270	14	303	0	0	0	0	0	
	1316	4000	1	1	1	1	1	1.可以交易；0.被PK不掉	1	0	高級智慧木刻項鍊	7	0.全角色	07.項鍊	05.綠	2	07.怪物掉寶	5000	1316	6001316	6100000	6200000	4301001	3ditem_a_001	1	7	-1	0	00.無	0		00.無	0	00.無	0				270	14	303	0	0	0	0	0	
	1317	4000	1	1	1	1	0	1.可以交易；1.被PK會掉	1	1	一般石雕項鍊	12	0.全角色	07.項鍊	04.白	1	03.商店購買	5000	1317	6001317	6100000	6200000	4301002	3ditem_a_001	1	12	-1	0	00.無	0		00.無	0	00.無	0				1000	100	303	0	0	0	0	0	
	1318	4000	1	1	1	1	1	1.可以交易；0.被PK不掉	1	0	高級敏捷石雕項鍊	12	0.全角色	07.項鍊	05.綠	2	07.怪物掉寶	5000	1318	6001318	6100000	6200000	4301002	3ditem_a_001	1	12	-1	0	00.無	0		00.無	0	00.無	0				1000	50	303	0	0	0	0	0	
	1319	4000	1	1	1	1	1	1.可以交易；0.被PK不掉	1	0	高級體能石雕項鍊	12	0.全角色	07.項鍊	05.綠	2	07.怪物掉寶	5000	1319	6001319	6100000	6200000	4301002	3ditem_a_001	1	12	-1	0	00.無	0		00.無	0	00.無	0				1000	50	303	0	0	0	0	0	
	1320	4000	1	1	1	1	1	1.可以交易；0.被PK不掉	1	0	高級智慧石雕項鍊	12	0.全角色	07.項鍊	05.綠	2	07.怪物掉寶	5000	1320	6001320	6100000	6200000	4301002	3ditem_a_001	1	12	-1	0	00.無	0		00.無	0	00.無	0				1000	50	303	0	0	0	0	0	
	1321	4000	1	1	1	1	0	1.可以交易；1.被PK會掉	1	1	一般鐵製項鍊	17	0.全角色	07.項鍊	04.白	1	03.商店購買	5000	1321	6001321	6100000	6200000	4301003	3ditem_a_001	1	17	-1	0	00.無	0		00.無	0	00.無	0				3660	366	303	0	0	0	0	0	
	1322	4000	1	1	1	1	1	1.可以交易；0.被PK不掉	1	0	高級敏捷鐵製項鍊	17	0.全角色	07.項鍊	05.綠	2	07.怪物掉寶	5000	1322	6001322	6100000	6200000	4301003	3ditem_a_001	1	17	-1	0	00.無	0		00.無	0	00.無	0				3660	183	303	0	0	0	0	0	
	1323	4000	1	1	1	1	1	1.可以交易；0.被PK不掉	1	0	高級體能鐵製項鍊	17	0.全角色	07.項鍊	05.綠	2	07.怪物掉寶	5000	1323	6001323	6100000	6200000	4301003	3ditem_a_001	1	17	-1	0	00.無	0		00.無	0	00.無	0				3660	183	303	0	0	0	0	0	
	1324	4000	1	1	1	1	1	1.可以交易；0.被PK不掉	1	0	高級智慧鐵製項鍊	17	0.全角色	07.項鍊	05.綠	2	07.怪物掉寶	5000	1324	6001324	6100000	6200000	4301003	3ditem_a_001	1	17	-1	0	00.無	0		00.無	0	00.無	0				3660	183	303	0	0	0	0	0	
	1325	4000	1	1	1	1	1	1.可以交易；0.被PK不掉	1	0	頂級敏捷鐵製項鍊	37	0.全角色	07.項鍊	07.紫	4	07.怪物掉寶	5000	1325	6001325	6100000	6200000	4301022	3ditem_a_001	1	37	-1	0	00.無	0		00.無	0	00.無	0				90500	4525	303	0	0	0	0	0	
	1326	4000	1	1	1	1	1	1.可以交易；0.被PK不掉	1	0	頂級體能鐵製項鍊	37	0.全角色	07.項鍊	07.紫	4	07.怪物掉寶	5000	1326	6001326	6100000	6200000	4301022	3ditem_a_001	1	37	-1	0	00.無	0		00.無	0	00.無	0				90500	4525	303	0	0	0	0	0	
	1327	4000	1	1	1	1	1	1.可以交易；0.被PK不掉	1	0	頂級智慧鐵製項鍊	37	0.全角色	07.項鍊	07.紫	4	07.怪物掉寶	5000	1327	6001327	6100000	6200000	4301022	3ditem_a_001	1	37	-1	0	00.無	0		00.無	0	00.無	0				90500	4525	303	0	0	0	0	0	
	1328	4000	1	1	1	1	0	1.可以交易；1.被PK會掉	1	1	一般銅鑄製項鍊	22	0.全角色	07.項鍊	04.白	1	03.商店購買	5000	1328	6001328	6100000	6200000	4301004	3ditem_a_001	1	22	-1	0	00.無	0		00.無	0	00.無	0				10500	1050	303	0	0	0	0	0	
	1329	4000	1	1	1	1	1	1.可以交易；0.被PK不掉	1	0	高級敏捷銅鑄項鍊	22	0.全角色	07.項鍊	05.綠	2	07.怪物掉寶	5000	1329	6001329	6100000	6200000	4301004	3ditem_a_001	1	22	-1	0	00.無	0		00.無	0	00.無	0				10500	525	303	0	0	0	0	0	
	1330	4000	1	1	1	1	1	1.可以交易；0.被PK不掉	1	0	高級體能銅鑄項鍊	22	0.全角色	07.項鍊	05.綠	2	07.怪物掉寶	5000	1330	6001330	6100000	6200000	4301004	3ditem_a_001	1	22	-1	0	00.無	0		00.無	0	00.無	0				10500	525	303	0	0	0	0	0	
	1331	4000	1	1	1	1	1	1.可以交易；0.被PK不掉	1	0	高級智慧銅鑄項鍊	22	0.全角色	07.項鍊	05.綠	2	07.怪物掉寶	5000	1331	6001331	6100000	6200000	4301004	3ditem_a_001	1	22	-1	0	00.無	0		00.無	0	00.無	0				10500	525	303	0	0	0	0	0	
	1332	4000	1	1	1	1	0	1.可以交易；1.被PK會掉	1	1	一般銀製項鍊	27	0.全角色	07.項鍊	04.白	1	03.商店購買	5000	1332	6001332	6100000	6200000	4301005	3ditem_a_001	1	27	-1	0	00.無	0		00.無	0	00.無	0				24100	2410	303	0	0	0	0	0	
	1333	4000	1	1	1	1	1	1.可以交易；0.被PK不掉	1	0	高級敏捷銀製項鍊	27	0.全角色	07.項鍊	05.綠	2	07.怪物掉寶	5000	1333	6001333	6100000	6200000	4301005	3ditem_a_001	1	27	-1	0	00.無	0		00.無	0	00.無	0				24100	1205	303	0	0	0	0	0	
	1334	4000	1	1	1	1	1	1.可以交易；0.被PK不掉	1	0	高級體能銀製項鍊	27	0.全角色	07.項鍊	05.綠	2	07.怪物掉寶	5000	1334	6001334	6100000	6200000	4301005	3ditem_a_001	1	27	-1	0	00.無	0		00.無	0	00.無	0				24100	1205	303	0	0	0	0	0	
	1335	4000	1	1	1	1	1	1.可以交易；0.被PK不掉	1	0	高級智慧銀製項鍊	27	0.全角色	07.項鍊	05.綠	2	07.怪物掉寶	5000	1335	6001335	6100000	6200000	4301005	3ditem_a_001	1	27	-1	0	00.無	0		00.無	0	00.無	0				24100	1205	303	0	0	0	0	0	
	1336	4000	1	1	1	1	0	1.可以交易；1.被PK會掉	1	1	一般金製項鍊	32	0.全角色	07.項鍊	04.白	1	03.商店購買	5000	1336	6001336	6100000	6200000	4301006	3ditem_a_001	1	32	-1	0	00.無	0		00.無	0	00.無	0				49100	4910	303	0	0	0	0	0	
	1337	4000	1	1	1	1	1	1.可以交易；0.被PK不掉	1	0	高級敏捷金製項鍊	32	0.全角色	07.項鍊	05.綠	2	07.怪物掉寶	5000	1337	6001337	6100000	6200000	4301006	3ditem_a_001	1	32	-1	0	00.無	0		00.無	0	00.無	0				49100	2455	303	0	0	0	0	0	
	1338	4000	1	1	1	1	1	1.可以交易；0.被PK不掉	1	0	高級體能金製項鍊	32	0.全角色	07.項鍊	05.綠	2	07.怪物掉寶	5000	1338	6001338	6100000	6200000	4301006	3ditem_a_001	1	32	-1	0	00.無	0		00.無	0	00.無	0				49100	2455	303	0	0	0	0	0	
	1339	4000	1	1	1	1	1	1.可以交易；0.被PK不掉	1	0	高級智慧金製項鍊	32	0.全角色	07.項鍊	05.綠	2	07.怪物掉寶	5000	1339	6001339	6100000	6200000	4301006	3ditem_a_001	1	32	-1	0	00.無	0		00.無	0	00.無	0				49100	2455	303	0	0	0	0	0	
	1340	4000	1	1	1	1	0	1.可以交易；1.被PK會掉	1	1	一般白金項鍊	37	0.全角色	07.項鍊	04.白	1	03.商店購買	5000	1340	6001340	6100000	6200000	4301007	3ditem_a_001	1	37	-1	0	00.無	0		00.無	0	00.無	0				90500	9050	303	0	0	0	0	0	
	1341	4000	1	1	1	1	1	1.可以交易；0.被PK不掉	1	0	高級敏白金項鍊	37	0.全角色	07.項鍊	05.綠	2	07.怪物掉寶	5000	1341	6001341	6100000	6200000	4301007	3ditem_a_001	1	37	-1	0	00.無	0		00.無	0	00.無	0				90500	4525	303	0	0	0	0	0	
	1342	4000	1	1	1	1	1	1.可以交易；0.被PK不掉	1	0	高級體能白金項鍊	37	0.全角色	07.項鍊	05.綠	2	07.怪物掉寶	5000	1342	6001342	6100000	6200000	4301007	3ditem_a_001	1	37	-1	0	00.無	0		00.無	0	00.無	0				90500	4525	303	0	0	0	0	0	
	1343	4000	1	1	1	1	1	1.可以交易；0.被PK不掉	1	0	高級智慧白金項鍊	37	0.全角色	07.項鍊	05.綠	2	07.怪物掉寶	5000	1343	6001343	6100000	6200000	4301007	3ditem_a_001	1	37	-1	0	00.無	0		00.無	0	00.無	0				90500	4525	303	0	0	0	0	0	
	1344	4000	1	1	1	1	1	1.可以交易；0.被PK不掉	1	0	頂級敏捷白金項鍊	47	0.全角色	07.項鍊	07.紫	4	07.怪物掉寶	5000	1344	6001344	6100000	6200000	4301026	3ditem_a_001	1	47	-1	0	00.無	0		00.無	0	00.無	0				254000	12700	303	0	0	0	0	0	
	1345	4000	1	1	1	1	1	1.可以交易；0.被PK不掉	1	0	頂級體能白金項鍊	47	0.全角色	07.項鍊	07.紫	4	07.怪物掉寶	5000	1345	6001345	6100000	6200000	4301026	3ditem_a_001	1	47	-1	0	00.無	0		00.無	0	00.無	0				254000	12700	303	0	0	0	0	0	
	1346	4000	1	1	1	1	1	1.可以交易；0.被PK不掉	1	0	頂級智慧白金項鍊	47	0.全角色	07.項鍊	07.紫	4	07.怪物掉寶	5000	1346	6001346	6100000	6200000	4301026	3ditem_a_001	1	47	-1	0	00.無	0		00.無	0	00.無	0				254000	12700	303	0	0	0	0	0	
	1347	4000	1	1	1	1	0	1.可以交易；1.被PK會掉	1	1	一般珍珠項鍊	42	0.全角色	07.項鍊	04.白	1	03.商店購買	5000	1347	6001347	6100000	6200000	4301008	3ditem_a_001	1	42	-1	0	00.無	0		00.無	0	00.無	0				156000	15600	303	0	0	0	0	0	
	1348	4000	1	1	1	1	1	1.可以交易；0.被PK不掉	1	0	高級敏捷珍珠項鍊	42	0.全角色	07.項鍊	05.綠	2	07.怪物掉寶	5000	1348	6001348	6100000	6200000	4301008	3ditem_a_001	1	42	-1	0	00.無	0		00.無	0	00.無	0				156000	7800	303	0	0	0	0	0	
	1349	4000	1	1	1	1	1	1.可以交易；0.被PK不掉	1	0	高級體能珍珠項鍊	42	0.全角色	07.項鍊	05.綠	2	07.怪物掉寶	5000	1349	6001349	6100000	6200000	4301008	3ditem_a_001	1	42	-1	0	00.無	0		00.無	0	00.無	0				156000	7800	303	0	0	0	0	0	
	1350	4000	1	1	1	1	1	1.可以交易；0.被PK不掉	1	0	高級智慧珍珠項鍊	42	0.全角色	07.項鍊	05.綠	2	07.怪物掉寶	5000	1350	6001350	6100000	6200000	4301008	3ditem_a_001	1	42	-1	0	00.無	0		00.無	0	00.無	0				156000	7800	303	0	0	0	0	0	
	1351	4000	1	1	1	1	0	1.可以交易；1.被PK會掉	1	1	一般瑪瑙項鍊	47	0.全角色	07.項鍊	04.白	1	03.商店購買	5000	1351	6001351	6100000	6200000	4301009	3ditem_a_001	1	47	-1	0	00.無	0		00.無	0	00.無	0				254000	25400	303	0	0	0	0	0	
	1352	4000	1	1	1	1	1	1.可以交易；0.被PK不掉	1	0	高級敏捷瑪瑙項鍊	47	0.全角色	07.項鍊	05.綠	2	07.怪物掉寶	5000	1352	6001352	6100000	6200000	4301009	3ditem_a_001	1	47	-1	0	00.無	0		00.無	0	00.無	0				254000	12700	303	0	0	0	0	0	
	1353	4000	1	1	1	1	1	1.可以交易；0.被PK不掉	1	0	高級體能瑪瑙項鍊	47	0.全角色	07.項鍊	05.綠	2	07.怪物掉寶	5000	1353	6001353	6100000	6200000	4301009	3ditem_a_001	1	47	-1	0	00.無	0		00.無	0	00.無	0				254000	12700	303	0	0	0	0	0	
	1354	4000	1	1	1	1	1	1.可以交易；0.被PK不掉	1	0	高級智慧瑪瑙項鍊	47	0.全角色	07.項鍊	05.綠	2	07.怪物掉寶	5000	1354	6001354	6100000	6200000	4301009	3ditem_a_001	1	47	-1	0	00.無	0		00.無	0	00.無	0				254000	12700	303	0	0	0	0	0	
	1355	4000	1	1	1	1	0	1.可以交易；1.被PK會掉	1	1	一般琥珀項鍊	52	0.全角色	07.項鍊	04.白	1	03.商店購買	5000	1355	6001355	6100000	6200000	4301010	3ditem_a_001	1	52	-1	0	00.無	0		00.無	0	00.無	0				398000	39800	303	0	0	0	0	0	
	1356	4000	1	1	1	1	1	1.可以交易；0.被PK不掉	1	0	高級敏捷琥珀項鍊	52	0.全角色	07.項鍊	05.綠	2	07.怪物掉寶	5000	1356	6001356	6100000	6200000	4301010	3ditem_a_001	1	52	-1	0	00.無	0		00.無	0	00.無	0				398000	19900	303	0	0	0	0	0	
	1357	4000	1	1	1	1	1	1.可以交易；0.被PK不掉	1	0	高級體能琥珀項鍊	52	0.全角色	07.項鍊	05.綠	2	07.怪物掉寶	5000	1357	6001357	6100000	6200000	4301010	3ditem_a_001	1	52	-1	0	00.無	0		00.無	0	00.無	0				398000	19900	303	0	0	0	0	0	
	1358	4000	1	1	1	1	1	1.可以交易；0.被PK不掉	1	0	高級智慧琥珀項鍊	52	0.全角色	07.項鍊	05.綠	2	07.怪物掉寶	5000	1358	6001358	6100000	6200000	4301010	3ditem_a_001	1	52	-1	0	00.無	0		00.無	0	00.無	0				398000	19900	303	0	0	0	0	0	
	1359	4000	1	1	1	1	0	1.可以交易；1.被PK會掉	1	1	一般鑽石項鍊	57	0.全角色	07.項鍊	04.白	1	03.商店購買	5000	1359	6001359	6100000	6200000	4301011	3ditem_a_001	1	57	-1	0	00.無	0		00.無	0	00.無	0				603000	60300	303	0	0	0	0	0	
	1360	4000	1	1	1	1	1	1.可以交易；0.被PK不掉	1	0	高級敏捷鑽石項鍊	57	0.全角色	07.項鍊	05.綠	2	07.怪物掉寶	5000	1360	6001360	6100000	6200000	4301011	3ditem_a_001	1	57	-1	0	00.無	0		00.無	0	00.無	0				603000	30150	303	0	0	0	0	0	
	1361	4000	1	1	1	1	1	1.可以交易；0.被PK不掉	1	0	高級體能鑽石項鍊	57	0.全角色	07.項鍊	05.綠	2	07.怪物掉寶	5000	1361	6001361	6100000	6200000	4301011	3ditem_a_001	1	57	-1	0	00.無	0		00.無	0	00.無	0				603000	30150	303	0	0	0	0	0	
	1362	4000	1	1	1	1	1	1.可以交易；0.被PK不掉	1	0	高級智慧鑽石項鍊	57	0.全角色	07.項鍊	05.綠	2	07.怪物掉寶	5000	1362	6001362	6100000	6200000	4301011	3ditem_a_001	1	57	-1	0	00.無	0		00.無	0	00.無	0				603000	30150	303	0	0	0	0	0	
	1363	4000	1	1	1	1	1	1.可以交易；0.被PK不掉	1	0	頂級敏捷鑽石項鍊	57	0.全角色	07.項鍊	07.紫	4	07.怪物掉寶	5000	1363	6001363	6100000	6200000	4301030	3ditem_a_001	1	57	-1	0	00.無	0		00.無	0	00.無	0				603000	30150	303	0	0	0	0	0	
	1364	4000	1	1	1	1	1	1.可以交易；0.被PK不掉	1	0	頂級體能鑽石項鍊	57	0.全角色	07.項鍊	07.紫	4	07.怪物掉寶	5000	1364	6001364	6100000	6200000	4301030	3ditem_a_001	1	57	-1	0	00.無	0		00.無	0	00.無	0				603000	30150	303	0	0	0	0	0	
	1365	4000	1	1	1	1	1	1.可以交易；0.被PK不掉	1	0	頂級智慧鑽石項鍊	57	0.全角色	07.項鍊	07.紫	4	07.怪物掉寶	5000	1365	6001365	6100000	6200000	4301030	3ditem_a_001	1	57	-1	0	00.無	0		00.無	0	00.無	0				603000	30150	303	0	0	0	0	0	
#	1366	4000	0	1	1	1	0	1.可以交易；1.被PK會掉	1	1	一般鳴嵐項鍊	62	0.全角色	07.項鍊	04.白	1	03.商店購買	5000	1366	6001366	6100000	6200000	4301012	3ditem_a_001	1	62	-1	0	00.無	0		00.無	0	00.無	0				890000	89000	303	0	0	0	0	0	
#	1367	4000	0	1	1	1	1	1.可以交易；0.被PK不掉	1	0	高級敏捷鳴嵐項鍊	62	0.全角色	07.項鍊	05.綠	2	07.怪物掉寶	5000	1367	6001367	6100000	6200000	4301012	3ditem_a_001	1	62	-1	0	00.無	0		00.無	0	00.無	0				890000	44500	303	0	0	0	0	0	
#	1368	4000	0	1	1	1	1	1.可以交易；0.被PK不掉	1	0	高級體能鳴嵐項鍊	62	0.全角色	07.項鍊	05.綠	2	07.怪物掉寶	5000	1368	6001368	6100000	6200000	4301012	3ditem_a_001	1	62	-1	0	00.無	0		00.無	0	00.無	0				890000	44500	303	0	0	0	0	0	
#	1369	4000	0	1	1	1	1	1.可以交易；0.被PK不掉	1	0	高級智慧鳴嵐項鍊	62	0.全角色	07.項鍊	05.綠	2	07.怪物掉寶	5000	1369	6001369	6100000	6200000	4301012	3ditem_a_001	1	62	-1	0	00.無	0		00.無	0	00.無	0				890000	44500	303	0	0	0	0	0	
#	1370	4000	0	1	1	1	0	1.可以交易；1.被PK會掉	1	1	一般玄天項鍊	67	0.全角色	07.項鍊	04.白	1	03.商店購買	5000	1370	6001370	6100000	6200000	4301013	3ditem_a_001	1	67	-1	0	00.無	0		00.無	0	00.無	0				1020000	102000	303	0	0	0	0	0	
#	1371	4000	0	1	1	1	1	1.可以交易；0.被PK不掉	1	0	高級敏捷玄天項鍊	67	0.全角色	07.項鍊	05.綠	2	07.怪物掉寶	5000	1371	6001371	6100000	6200000	4301013	3ditem_a_001	1	67	-1	0	00.無	0		00.無	0	00.無	0				1020000	51000	303	0	0	0	0	0	
#	1372	4000	0	1	1	1	1	1.可以交易；0.被PK不掉	1	0	高級體能玄天項鍊	67	0.全角色	07.項鍊	05.綠	2	07.怪物掉寶	5000	1372	6001372	6100000	6200000	4301013	3ditem_a_001	1	67	-1	0	00.無	0		00.無	0	00.無	0				1020000	51000	303	0	0	0	0	0	
#	1373	4000	0	1	1	1	1	1.可以交易；0.被PK不掉	1	0	高級智慧玄天項鍊	67	0.全角色	07.項鍊	05.綠	2	07.怪物掉寶	5000	1373	6001373	6100000	6200000	4301013	3ditem_a_001	1	67	-1	0	00.無	0		00.無	0	00.無	0				1020000	51000	303	0	0	0	0	0	
#	1374	4000	0	1	1	1	0	1.可以交易；1.被PK會掉	1	1	一般法皇項鍊	72	0.全角色	07.項鍊	04.白	1	03.商店購買	5000	1374	6001374	6100000	6200000	4301014	3ditem_a_001	1	72	-1	0	00.無	0		00.無	0	00.無	0				1	1	303	0	0	0	0	0	
#	1375	4000	0	1	1	1	1	1.可以交易；0.被PK不掉	1	0	高級敏捷法皇項鍊	72	0.全角色	07.項鍊	05.綠	2	07.怪物掉寶	5000	1375	6001375	6100000	6200000	4301014	3ditem_a_001	1	72	-1	0	00.無	0		00.無	0	00.無	0				1	1	303	0	0	0	0	0	
#	1376	4000	0	1	1	1	1	1.可以交易；0.被PK不掉	1	0	高級體能法皇項鍊	72	0.全角色	07.項鍊	05.綠	2	07.怪物掉寶	5000	1376	6001376	6100000	6200000	4301014	3ditem_a_001	1	72	-1	0	00.無	0		00.無	0	00.無	0				1	1	303	0	0	0	0	0	
#	1377	4000	0	1	1	1	1	1.可以交易；0.被PK不掉	1	0	高級智慧法皇項鍊	72	0.全角色	07.項鍊	05.綠	2	07.怪物掉寶	5000	1377	6001377	6100000	6200000	4301014	3ditem_a_001	1	72	-1	0	00.無	0		00.無	0	00.無	0				1	1	303	0	0	0	0	0	
#	1378	4000	0	1	1	1	0	1.可以交易；1.被PK會掉	1	1	一般希亞項鍊	77	0.全角色	07.項鍊	04.白	1	03.商店購買	5000	1378	6001378	6100000	6200000	4301015	3ditem_a_001	1	77	-1	0	00.無	0		00.無	0	00.無	0				1	1	303	0	0	0	0	0	
#	1379	4000	0	1	1	1	1	1.可以交易；0.被PK不掉	1	0	高級敏捷希亞項鍊	77	0.全角色	07.項鍊	05.綠	2	07.怪物掉寶	5000	1379	6001379	6100000	6200000	4301015	3ditem_a_001	1	77	-1	0	00.無	0		00.無	0	00.無	0				1	1	303	0	0	0	0	0	
#	1380	4000	0	1	1	1	1	1.可以交易；0.被PK不掉	1	0	高級體能希亞項鍊	77	0.全角色	07.項鍊	05.綠	2	07.怪物掉寶	5000	1380	6001380	6100000	6200000	4301015	3ditem_a_001	1	77	-1	0	00.無	0		00.無	0	00.無	0				1	1	303	0	0	0	0	0	
#	1381	4000	0	1	1	1	1	1.可以交易；0.被PK不掉	1	0	高級智慧希亞項鍊	77	0.全角色	07.項鍊	05.綠	2	07.怪物掉寶	5000	1381	6001381	6100000	6200000	4301015	3ditem_a_001	1	77	-1	0	00.無	0		00.無	0	00.無	0				1	1	303	0	0	0	0	0	
#	1382	4000	0	1	1	1	1	1.可以交易；0.被PK不掉	1	0	頂級敏捷希亞項鍊	77	0.全角色	07.項鍊	07.紫	4	07.怪物掉寶	5000	1382	6001382	6100000	6200000	4301034	3ditem_a_001	1	77	-1	0	00.無	0		00.無	0	00.無	0				1	1	303	0	0	0	0	0	
#	1383	4000	0	1	1	1	1	1.可以交易；0.被PK不掉	1	0	頂級體能希亞項鍊	77	0.全角色	07.項鍊	07.紫	4	07.怪物掉寶	5000	1383	6001383	6100000	6200000	4301034	3ditem_a_001	1	77	-1	0	00.無	0		00.無	0	00.無	0				1	1	303	0	0	0	0	0	
#	1384	4000	0	1	1	1	1	1.可以交易；0.被PK不掉	1	0	頂級智慧希亞項鍊	77	0.全角色	07.項鍊	07.紫	4	07.怪物掉寶	5000	1384	6001384	6100000	6200000	4301034	3ditem_a_001	1	77	-1	0	00.無	0		00.無	0	00.無	0				1	1	303	0	0	0	0	0	
#	1385	4000	0	1	1	1	0	1.可以交易；1.被PK會掉	1	1	一般聖御項鍊	82	0.全角色	07.項鍊	04.白	1	03.商店購買	5000	1385	6001385	6100000	6200000	4301016	3ditem_a_001	1	82	-1	0	00.無	0		00.無	0	00.無	0				1	1	303	0	0	0	0	0	
#	1386	4000	0	1	1	1	1	1.可以交易；0.被PK不掉	1	0	高級敏捷聖御項鍊	82	0.全角色	07.項鍊	05.綠	2	07.怪物掉寶	5000	1386	6001386	6100000	6200000	4301016	3ditem_a_001	1	82	-1	0	00.無	0		00.無	0	00.無	0				1	1	303	0	0	0	0	0	
#	1387	4000	0	1	1	1	1	1.可以交易；0.被PK不掉	1	0	高級體能聖御項鍊	82	0.全角色	07.項鍊	05.綠	2	07.怪物掉寶	5000	1387	6001387	6100000	6200000	4301016	3ditem_a_001	1	82	-1	0	00.無	0		00.無	0	00.無	0				1	1	303	0	0	0	0	0	
#	1388	4000	0	1	1	1	1	1.可以交易；0.被PK不掉	1	0	高級智慧聖御項鍊	82	0.全角色	07.項鍊	05.綠	2	07.怪物掉寶	5000	1388	6001388	6100000	6200000	4301016	3ditem_a_001	1	82	-1	0	00.無	0		00.無	0	00.無	0				1	1	303	0	0	0	0	0	
#	1389	4000	0	1	1	1	0	1.可以交易；1.被PK會掉	1	1	一般次元項鍊	87	0.全角色	07.項鍊	04.白	1	03.商店購買	5000	1389	6001389	6100000	6200000	4301017	3ditem_a_001	1	87	-1	0	00.無	0		00.無	0	00.無	0				1	1	303	0	0	0	0	0	
#	1390	4000	0	1	1	1	1	1.可以交易；0.被PK不掉	1	0	高級敏捷次元項鍊	87	0.全角色	07.項鍊	05.綠	2	07.怪物掉寶	5000	1390	6001390	6100000	6200000	4301017	3ditem_a_001	1	87	-1	0	00.無	0		00.無	0	00.無	0				1	1	303	0	0	0	0	0	
#	1391	4000	0	1	1	1	1	1.可以交易；0.被PK不掉	1	0	高級體能次元項鍊	87	0.全角色	07.項鍊	05.綠	2	07.怪物掉寶	5000	1391	6001391	6100000	6200000	4301017	3ditem_a_001	1	87	-1	0	00.無	0		00.無	0	00.無	0				1	1	303	0	0	0	0	0	
#	1392	4000	0	1	1	1	1	1.可以交易；0.被PK不掉	1	0	高級智慧次元項鍊	87	0.全角色	07.項鍊	05.綠	2	07.怪物掉寶	5000	1392	6001392	6100000	6200000	4301017	3ditem_a_001	1	87	-1	0	00.無	0		00.無	0	00.無	0				1	1	303	0	0	0	0	0	
#	1393	4000	0	1	1	1	0	1.可以交易；1.被PK會掉	1	1	一般魔瞳項鍊	92	0.全角色	07.項鍊	04.白	1	03.商店購買	5000	1393	6001393	6100000	6200000	4301018	3ditem_a_001	1	92	-1	0	00.無	0		00.無	0	00.無	0				1	1	303	0	0	0	0	0	
#	1394	4000	0	1	1	1	1	1.可以交易；0.被PK不掉	1	0	高級敏捷魔瞳項鍊	92	0.全角色	07.項鍊	05.綠	2	07.怪物掉寶	5000	1394	6001394	6100000	6200000	4301018	3ditem_a_001	1	92	-1	0	00.無	0		00.無	0	00.無	0				1	1	303	0	0	0	0	0	
#	1395	4000	0	1	1	1	1	1.可以交易；0.被PK不掉	1	0	高級體能魔瞳項鍊	92	0.全角色	07.項鍊	05.綠	2	07.怪物掉寶	5000	1395	6001395	6100000	6200000	4301018	3ditem_a_001	1	92	-1	0	00.無	0		00.無	0	00.無	0				1	1	303	0	0	0	0	0	
#	1396	4000	0	1	1	1	1	1.可以交易；0.被PK不掉	1	0	高級智慧魔瞳項鍊	92	0.全角色	07.項鍊	05.綠	2	07.怪物掉寶	5000	1396	6001396	6100000	6200000	4301018	3ditem_a_001	1	92	-1	0	00.無	0		00.無	0	00.無	0				1	1	303	0	0	0	0	0	
#	1397	4000	0	1	1	1	0	1.可以交易；1.被PK會掉	1	1	一般極樂項鍊	97	0.全角色	07.項鍊	04.白	1	03.商店購買	5000	1397	6001397	6100000	6200000	4301019	3ditem_a_001	1	97	-1	0	00.無	0		00.無	0	00.無	0				1	1	303	0	0	0	0	0	
#	1398	4000	0	1	1	1	1	1.可以交易；0.被PK不掉	1	0	高級敏捷極樂項鍊	97	0.全角色	07.項鍊	05.綠	2	07.怪物掉寶	5000	1398	6001398	6100000	6200000	4301019	3ditem_a_001	1	97	-1	0	00.無	0		00.無	0	00.無	0				1	1	303	0	0	0	0	0	
#	1399	4000	0	1	1	1	1	1.可以交易；0.被PK不掉	1	0	高級體能極樂項鍊	97	0.全角色	07.項鍊	05.綠	2	07.怪物掉寶	5000	1399	6001399	6100000	6200000	4301019	3ditem_a_001	1	97	-1	0	00.無	0		00.無	0	00.無	0				1	1	303	0	0	0	0	0	
#	1400	4000	0	1	1	1	1	1.可以交易；0.被PK不掉	1	0	高級智慧極樂項鍊	97	0.全角色	07.項鍊	05.綠	2	07.怪物掉寶	5000	1400	6001400	6100000	6200000	4301019	3ditem_a_001	1	97	-1	0	00.無	0		00.無	0	00.無	0				1	1	303	0	0	0	0	0	
#	1401	4000	0	1	1	1	1	1.可以交易；0.被PK不掉	1	0	頂級敏捷極樂項鍊	97	0.全角色	07.項鍊	07.紫	4	07.怪物掉寶	5000	1401	6001401	6100000	6200000	4301038	3ditem_a_001	1	97	-1	0	00.無	0		00.無	0	00.無	0				1	1	303	0	0	0	0	0	
#	1402	4000	0	1	1	1	1	1.可以交易；0.被PK不掉	1	0	頂級體能極樂項鍊	97	0.全角色	07.項鍊	07.紫	4	07.怪物掉寶	5000	1402	6001402	6100000	6200000	4301038	3ditem_a_001	1	97	-1	0	00.無	0		00.無	0	00.無	0				1	1	303	0	0	0	0	0	
#	1403	4000	0	1	1	1	1	1.可以交易；0.被PK不掉	1	0	頂級智慧極樂項鍊	97	0.全角色	07.項鍊	07.紫	4	07.怪物掉寶	5000	1403	6001403	6100000	6200000	4301038	3ditem_a_001	1	97	-1	0	00.無	0		00.無	0	00.無	0				1	1	303	0	0	0	0	0	
	1404	4000	1	1	1	1	0	1.可以交易；1.被PK會掉	1	1	一般木刻手環	7	0.全角色	06.手環	04.白	1	03.商店購買	5000	1404	6001404	6100000	6200000	4302001	3ditem_a_001	1	7	-1	0	00.無	0		00.無	0	00.無	0				360	36	302	0	0	0	0	0	
	1405	4000	1	1	1	1	1	1.可以交易；0.被PK不掉	1	0	高級地防木刻手環	7	0.全角色	06.手環	05.綠	2	05.任務獎賞	5000	1405	6001405	6100000	6200000	4302001	3ditem_a_001	1	7	-1	0	00.無	0		00.無	0	00.無	0				360	18	302	0	0	0	0	0	
	1406	4000	1	1	1	1	1	1.可以交易；0.被PK不掉	1	0	高級水防木刻手環	7	0.全角色	06.手環	05.綠	2	07.怪物掉寶	5000	1406	6001406	6100000	6200000	4302001	3ditem_a_001	1	7	-1	0	00.無	0		00.無	0	00.無	0				360	18	302	0	0	0	0	0	
	1407	4000	1	1	1	1	1	1.可以交易；0.被PK不掉	1	0	高級火防木刻手環	7	0.全角色	06.手環	05.綠	2	07.怪物掉寶	5000	1407	6001407	6100000	6200000	4302001	3ditem_a_001	1	7	-1	0	00.無	0		00.無	0	00.無	0				360	18	302	0	0	0	0	0	
	1408	4000	1	1	1	1	1	1.可以交易；0.被PK不掉	1	0	高級風防木刻手環	7	0.全角色	06.手環	05.綠	2	07.怪物掉寶	5000	1408	6001408	6100000	6200000	4302001	3ditem_a_001	1	7	-1	0	00.無	0		00.無	0	00.無	0				360	18	302	0	0	0	0	0	
	1409	4000	1	1	1	1	0	1.可以交易；1.被PK會掉	1	1	一般石雕手環	12	0.全角色	06.手環	04.白	1	03.商店購買	5000	1409	6001409	6100000	6200000	4302002	3ditem_a_001	1	12	-1	0	00.無	0		00.無	0	00.無	0				1330	133	302	0	0	0	0	0	
	1410	4000	1	1	1	1	1	1.可以交易；0.被PK不掉	1	0	高級地防石雕手環	12	0.全角色	06.手環	05.綠	2	07.怪物掉寶	5000	1410	6001410	6100000	6200000	4302002	3ditem_a_001	1	12	-1	0	00.無	0		00.無	0	00.無	0				1330	67	302	0	0	0	0	0	
	1411	4000	1	1	1	1	1	1.可以交易；0.被PK不掉	1	0	高級水防石雕手環	12	0.全角色	06.手環	05.綠	2	07.怪物掉寶	5000	1411	6001411	6100000	6200000	4302002	3ditem_a_001	1	12	-1	0	00.無	0		00.無	0	00.無	0				1330	67	302	0	0	0	0	0	
	1412	4000	1	1	1	1	1	1.可以交易；0.被PK不掉	1	0	高級火防石雕手環	12	0.全角色	06.手環	05.綠	2	05.任務獎賞	5000	1412	6001412	6100000	6200000	4302002	3ditem_a_001	1	12	-1	0	00.無	0		00.無	0	00.無	0				1330	67	302	0	0	0	0	0	
	1413	4000	1	1	1	1	1	1.可以交易；0.被PK不掉	1	0	高級風防石雕手環	12	0.全角色	06.手環	05.綠	2	07.怪物掉寶	5000	1413	6001413	6100000	6200000	4302002	3ditem_a_001	1	12	-1	0	00.無	0		00.無	0	00.無	0				1330	67	302	0	0	0	0	0	
	1414	4000	1	1	1	1	0	1.可以交易；1.被PK會掉	1	1	一般鐵製手環	17	0.全角色	06.手環	04.白	1	03.商店購買	5000	1414	6001414	6100000	6200000	4302003	3ditem_a_001	1	17	-1	0	00.無	0		00.無	0	00.無	0				4880	488	302	0	0	0	0	0	
	1415	4000	1	1	1	1	1	1.可以交易；0.被PK不掉	1	0	高級地防鐵製手環	17	0.全角色	06.手環	05.綠	2	05.任務獎賞	5000	1415	6001415	6100000	6200000	4302003	3ditem_a_001	1	17	-1	0	00.無	0		00.無	0	00.無	0				4880	244	302	0	0	0	0	0	
	1416	4000	1	1	1	1	1	1.可以交易；0.被PK不掉	1	0	高級水防鐵製手環	17	0.全角色	06.手環	05.綠	2	07.怪物掉寶	5000	1416	6001416	6100000	6200000	4302003	3ditem_a_001	1	17	-1	0	00.無	0		00.無	0	00.無	0				4880	244	302	0	0	0	0	0	
	1417	4000	1	1	1	1	1	1.可以交易；0.被PK不掉	1	0	高級火防鐵製手環	17	0.全角色	06.手環	05.綠	2	07.怪物掉寶	5000	1417	6001417	6100000	6200000	4302003	3ditem_a_001	1	17	-1	0	00.無	0		00.無	0	00.無	0				4880	244	302	0	0	0	0	0	
	1418	4000	1	1	1	1	1	1.可以交易；0.被PK不掉	1	0	高級風防鐵製手環	17	0.全角色	06.手環	05.綠	2	07.怪物掉寶	5000	1418	6001418	6100000	6200000	4302003	3ditem_a_001	1	17	-1	0	00.無	0		00.無	0	00.無	0				4880	244	302	0	0	0	0	0	
	1419	4000	1	1	1	1	1	1.可以交易；0.被PK不掉	1	0	頂級地防鐵製手環	37	0.全角色	06.手環	07.紫	4	07.怪物掉寶	5000	1419	6001419	6100000	6200000	4302022	3ditem_a_001	1	37	-1	0	00.無	0		00.無	0	00.無	0				120700	6035	302	0	0	0	0	0	
	1420	4000	1	1	1	1	1	1.可以交易；0.被PK不掉	1	0	頂級水防鐵製手環	37	0.全角色	06.手環	07.紫	4	07.怪物掉寶	5000	1420	6001420	6100000	6200000	4302022	3ditem_a_001	1	37	-1	0	00.無	0		00.無	0	00.無	0				120700	6035	302	0	0	0	0	0	
	1421	4000	1	1	1	1	1	1.可以交易；0.被PK不掉	1	0	頂級火防鐵製手環	37	0.全角色	06.手環	07.紫	4	07.怪物掉寶	5000	1421	6001421	6100000	6200000	4302022	3ditem_a_001	1	37	-1	0	00.無	0		00.無	0	00.無	0				120700	6035	302	0	0	0	0	0	
	1422	4000	1	1	1	1	1	1.可以交易；0.被PK不掉	1	0	頂級風防鐵製手環	37	0.全角色	06.手環	07.紫	4	07.怪物掉寶	5000	1422	6001422	6100000	6200000	4302022	3ditem_a_001	1	37	-1	0	00.無	0		00.無	0	00.無	0				120700	6035	302	0	0	0	0	0	
	1423	4000	1	1	1	1	0	1.可以交易；1.被PK會掉	1	1	一般銅鑄手環	22	0.全角色	06.手環	04.白	1	03.商店購買	5000	1423	6001423	6100000	6200000	4302004	3ditem_a_001	1	22	-1	0	00.無	0		00.無	0	00.無	0				14000	1400	302	0	0	0	0	0	
	1424	4000	1	1	1	1	1	1.可以交易；0.被PK不掉	1	0	高級地防銅鑄手環	22	0.全角色	06.手環	05.綠	2	07.怪物掉寶	5000	1424	6001424	6100000	6200000	4302004	3ditem_a_001	1	22	-1	0	00.無	0		00.無	0	00.無	0				14000	700	302	0	0	0	0	0	
	1425	4000	1	1	1	1	1	1.可以交易；0.被PK不掉	1	0	高級水防銅鑄手環	22	0.全角色	06.手環	05.綠	2	07.怪物掉寶	5000	1425	6001425	6100000	6200000	4302004	3ditem_a_001	1	22	-1	0	00.無	0		00.無	0	00.無	0				14000	700	302	0	0	0	0	0	
	1426	4000	1	1	1	1	1	1.可以交易；0.被PK不掉	1	0	高級火防銅鑄手環	22	0.全角色	06.手環	05.綠	2	05.任務獎賞	5000	1426	6001426	6100000	6200000	4302004	3ditem_a_001	1	22	-1	0	00.無	0		00.無	0	00.無	0				14000	700	302	0	0	0	0	0	
	1427	4000	1	1	1	1	1	1.可以交易；0.被PK不掉	1	0	高級風防銅鑄手環	22	0.全角色	06.手環	05.綠	2	07.怪物掉寶	5000	1427	6001427	6100000	6200000	4302004	3ditem_a_001	1	22	-1	0	00.無	0		00.無	0	00.無	0				14000	700	302	0	0	0	0	0	
	1428	4000	1	1	1	1	0	1.可以交易；1.被PK會掉	1	1	一般銀製手環	27	0.全角色	06.手環	04.白	1	03.商店購買	5000	1428	6001428	6100000	6200000	4302005	3ditem_a_001	1	27	-1	0	00.無	0		00.無	0	00.無	0				32200	3220	302	0	0	0	0	0	
	1429	4000	1	1	1	1	1	1.可以交易；0.被PK不掉	1	0	高級地防銀製手環	27	0.全角色	06.手環	05.綠	2	05.任務獎賞	5000	1429	6001429	6100000	6200000	4302005	3ditem_a_001	1	27	-1	0	00.無	0		00.無	0	00.無	0				32200	1610	302	0	0	0	0	0	
	1430	4000	1	1	1	1	1	1.可以交易；0.被PK不掉	1	0	高級水防銀製手環	27	0.全角色	06.手環	05.綠	2	07.怪物掉寶	5000	1430	6001430	6100000	6200000	4302005	3ditem_a_001	1	27	-1	0	00.無	0		00.無	0	00.無	0				32200	1610	302	0	0	0	0	0	
	1431	4000	1	1	1	1	1	1.可以交易；0.被PK不掉	1	0	高級火防銀製手環	27	0.全角色	06.手環	05.綠	2	07.怪物掉寶	5000	1431	6001431	6100000	6200000	4302005	3ditem_a_001	1	27	-1	0	00.無	0		00.無	0	00.無	0				32200	1610	302	0	0	0	0	0	
	1432	4000	1	1	1	1	1	1.可以交易；0.被PK不掉	1	0	高級風防銀製手環	27	0.全角色	06.手環	05.綠	2	07.怪物掉寶	5000	1432	6001432	6100000	6200000	4302005	3ditem_a_001	1	27	-1	0	00.無	0		00.無	0	00.無	0				32200	1610	302	0	0	0	0	0	
	1433	4000	1	1	1	1	0	1.可以交易；1.被PK會掉	1	1	一般金製手環	32	0.全角色	06.手環	04.白	1	03.商店購買	5000	1433	6001433	6100000	6200000	4302006	3ditem_a_001	1	32	-1	0	00.無	0		00.無	0	00.無	0				65500	6550	302	0	0	0	0	0	
	1434	4000	1	1	1	1	1	1.可以交易；0.被PK不掉	1	0	高級地防金製手環	32	0.全角色	06.手環	05.綠	2	07.怪物掉寶	5000	1434	6001434	6100000	6200000	4302006	3ditem_a_001	1	32	-1	0	00.無	0		00.無	0	00.無	0				65500	3275	302	0	0	0	0	0	
	1435	4000	1	1	1	1	1	1.可以交易；0.被PK不掉	1	0	高級水防金製手環	32	0.全角色	06.手環	05.綠	2	07.怪物掉寶	5000	1435	6001435	6100000	6200000	4302006	3ditem_a_001	1	32	-1	0	00.無	0		00.無	0	00.無	0				65500	3275	302	0	0	0	0	0	
	1436	4000	1	1	1	1	1	1.可以交易；0.被PK不掉	1	0	高級火防金製手環	32	0.全角色	06.手環	05.綠	2	05.任務獎賞	5000	1436	6001436	6100000	6200000	4302006	3ditem_a_001	1	32	-1	0	00.無	0		00.無	0	00.無	0				65500	3275	302	0	0	0	0	0	
	1437	4000	1	1	1	1	1	1.可以交易；0.被PK不掉	1	0	高級風防金製手環	32	0.全角色	06.手環	05.綠	2	07.怪物掉寶	5000	1437	6001437	6100000	6200000	4302006	3ditem_a_001	1	32	-1	0	00.無	0		00.無	0	00.無	0				65500	3275	302	0	0	0	0	0	
	1438	4000	1	1	1	1	0	1.可以交易；1.被PK會掉	1	1	一般白金手環	37	0.全角色	06.手環	04.白	1	03.商店購買	5000	1438	6001438	6100000	6200000	4302007	3ditem_a_001	1	37	-1	0	00.無	0		00.無	0	00.無	0				120700	12070	302	0	0	0	0	0	
	1439	4000	1	1	1	1	1	1.可以交易；0.被PK不掉	1	0	高級地防白金手環	37	0.全角色	06.手環	05.綠	2	05.任務獎賞	5000	1439	6001439	6100000	6200000	4302007	3ditem_a_001	1	37	-1	0	00.無	0		00.無	0	00.無	0				120700	6035	302	0	0	0	0	0	
	1440	4000	1	1	1	1	1	1.可以交易；0.被PK不掉	1	0	高級水防白金手環	37	0.全角色	06.手環	05.綠	2	07.怪物掉寶	5000	1440	6001440	6100000	6200000	4302007	3ditem_a_001	1	37	-1	0	00.無	0		00.無	0	00.無	0				120700	6035	302	0	0	0	0	0	
	1441	4000	1	1	1	1	1	1.可以交易；0.被PK不掉	1	0	高級火防白金手環	37	0.全角色	06.手環	05.綠	2	07.怪物掉寶	5000	1441	6001441	6100000	6200000	4302007	3ditem_a_001	1	37	-1	0	00.無	0		00.無	0	00.無	0				120700	6035	302	0	0	0	0	0	
	1442	4000	1	1	1	1	1	1.可以交易；0.被PK不掉	1	0	高級風防白金手環	37	0.全角色	06.手環	05.綠	2	07.怪物掉寶	5000	1442	6001442	6100000	6200000	4302007	3ditem_a_001	1	37	-1	0	00.無	0		00.無	0	00.無	0				120700	6035	302	0	0	0	0	0	
	1443	4000	1	1	1	1	1	1.可以交易；0.被PK不掉	1	0	頂級地防白金手環	47	0.全角色	06.手環	07.紫	4	07.怪物掉寶	5000	1443	6001443	6100000	6200000	4302026	3ditem_a_001	1	47	-1	0	00.無	0		00.無	0	00.無	0				339000	16950	302	0	0	0	0	0	
	1444	4000	1	1	1	1	1	1.可以交易；0.被PK不掉	1	0	頂級水防白金手環	47	0.全角色	06.手環	07.紫	4	07.怪物掉寶	5000	1444	6001444	6100000	6200000	4302026	3ditem_a_001	1	47	-1	0	00.無	0		00.無	0	00.無	0				339000	16950	302	0	0	0	0	0	
	1445	4000	1	1	1	1	1	1.可以交易；0.被PK不掉	1	0	頂級火防白金手環	47	0.全角色	06.手環	07.紫	4	07.怪物掉寶	5000	1445	6001445	6100000	6200000	4302026	3ditem_a_001	1	47	-1	0	00.無	0		00.無	0	00.無	0				339000	16950	302	0	0	0	0	0	
	1446	4000	1	1	1	1	1	1.可以交易；0.被PK不掉	1	0	頂級風防白金手環	47	0.全角色	06.手環	07.紫	4	07.怪物掉寶	5000	1446	6001446	6100000	6200000	4302026	3ditem_a_001	1	47	-1	0	00.無	0		00.無	0	00.無	0				339000	16950	302	0	0	0	0	0	
	1447	4000	1	1	1	1	0	1.可以交易；1.被PK會掉	1	1	一般珍珠手環	42	0.全角色	06.手環	04.白	1	03.商店購買	5000	1447	6001447	6100000	6200000	4302008	3ditem_a_001	1	42	-1	0	00.無	0		00.無	0	00.無	0				207000	20700	302	0	0	0	0	0	
	1448	4000	1	1	1	1	1	1.可以交易；0.被PK不掉	1	0	高級地防珍珠手環	42	0.全角色	06.手環	05.綠	2	07.怪物掉寶	5000	1448	6001448	6100000	6200000	4302008	3ditem_a_001	1	42	-1	0	00.無	0		00.無	0	00.無	0				207000	10350	302	0	0	0	0	0	
	1449	4000	1	1	1	1	1	1.可以交易；0.被PK不掉	1	0	高級水防珍珠手環	42	0.全角色	06.手環	05.綠	2	07.怪物掉寶	5000	1449	6001449	6100000	6200000	4302008	3ditem_a_001	1	42	-1	0	00.無	0		00.無	0	00.無	0				207000	10350	302	0	0	0	0	0	
	1450	4000	1	1	1	1	1	1.可以交易；0.被PK不掉	1	0	高級火防珍珠手環	42	0.全角色	06.手環	05.綠	2	05.任務獎賞	5000	1450	6001450	6100000	6200000	4302008	3ditem_a_001	1	42	-1	0	00.無	0		00.無	0	00.無	0				207000	10350	302	0	0	0	0	0	
	1451	4000	1	1	1	1	1	1.可以交易；0.被PK不掉	1	0	高級風防珍珠手環	42	0.全角色	06.手環	05.綠	2	07.怪物掉寶	5000	1451	6001451	6100000	6200000	4302008	3ditem_a_001	1	42	-1	0	00.無	0		00.無	0	00.無	0				207000	10350	302	0	0	0	0	0	
	1452	4000	1	1	1	1	0	1.可以交易；1.被PK會掉	1	1	一般瑪瑙手環	47	0.全角色	06.手環	04.白	1	03.商店購買	5000	1452	6001452	6100000	6200000	4302009	3ditem_a_001	1	47	-1	0	00.無	0		00.無	0	00.無	0				339000	33900	302	0	0	0	0	0	
	1453	4000	1	1	1	1	1	1.可以交易；0.被PK不掉	1	0	高級地防瑪瑙手環	47	0.全角色	06.手環	05.綠	2	05.任務獎賞	5000	1453	6001453	6100000	6200000	4302009	3ditem_a_001	1	47	-1	0	00.無	0		00.無	0	00.無	0				339000	16950	302	0	0	0	0	0	
	1454	4000	1	1	1	1	1	1.可以交易；0.被PK不掉	1	0	高級水防瑪瑙手環	47	0.全角色	06.手環	05.綠	2	07.怪物掉寶	5000	1454	6001454	6100000	6200000	4302009	3ditem_a_001	1	47	-1	0	00.無	0		00.無	0	00.無	0				339000	16950	302	0	0	0	0	0	
	1455	4000	1	1	1	1	1	1.可以交易；0.被PK不掉	1	0	高級火防瑪瑙手環	47	0.全角色	06.手環	05.綠	2	07.怪物掉寶	5000	1455	6001455	6100000	6200000	4302009	3ditem_a_001	1	47	-1	0	00.無	0		00.無	0	00.無	0				339000	16950	302	0	0	0	0	0	
	1456	4000	1	1	1	1	1	1.可以交易；0.被PK不掉	1	0	高級風防瑪瑙手環	47	0.全角色	06.手環	05.綠	2	07.怪物掉寶	5000	1456	6001456	6100000	6200000	4302009	3ditem_a_001	1	47	-1	0	00.無	0		00.無	0	00.無	0				339000	16950	302	0	0	0	0	0	
	1457	4000	1	1	1	1	0	1.可以交易；1.被PK會掉	1	1	一般琥珀手環	52	0.全角色	06.手環	04.白	1	03.商店購買	5000	1457	6001457	6100000	6200000	4302010	3ditem_a_001	1	52	-1	0	00.無	0		00.無	0	00.無	0				531000	53100	302	0	0	0	0	0	
	1458	4000	1	1	1	1	1	1.可以交易；0.被PK不掉	1	0	高級地防琥珀手環	52	0.全角色	06.手環	05.綠	2	07.怪物掉寶	5000	1458	6001458	6100000	6200000	4302010	3ditem_a_001	1	52	-1	0	00.無	0		00.無	0	00.無	0				531000	26550	302	0	0	0	0	0	
	1459	4000	1	1	1	1	1	1.可以交易；0.被PK不掉	1	0	高級水防琥珀手環	52	0.全角色	06.手環	05.綠	2	07.怪物掉寶	5000	1459	6001459	6100000	6200000	4302010	3ditem_a_001	1	52	-1	0	00.無	0		00.無	0	00.無	0				531000	26550	302	0	0	0	0	0	
	1460	4000	1	1	1	1	1	1.可以交易；0.被PK不掉	1	0	高級火防琥珀手環	52	0.全角色	06.手環	05.綠	2	05.任務獎賞	5000	1460	6001460	6100000	6200000	4302010	3ditem_a_001	1	52	-1	0	00.無	0		00.無	0	00.無	0				531000	26550	302	0	0	0	0	0	
	1461	4000	1	1	1	1	1	1.可以交易；0.被PK不掉	1	0	高級風防琥珀手環	52	0.全角色	06.手環	05.綠	2	07.怪物掉寶	5000	1461	6001461	6100000	6200000	4302010	3ditem_a_001	1	52	-1	0	00.無	0		00.無	0	00.無	0				531000	26550	302	0	0	0	0	0	
	1462	4000	1	1	1	1	0	1.可以交易；1.被PK會掉	1	1	一般鑽石手環	57	0.全角色	06.手環	04.白	1	03.商店購買	5000	1462	6001462	6100000	6200000	4302011	3ditem_a_001	1	57	-1	0	00.無	0		00.無	0	00.無	0				804000	80400	302	0	0	0	0	0	
	1463	4000	1	1	1	1	1	1.可以交易；0.被PK不掉	1	0	高級地防鑽石手環	57	0.全角色	06.手環	05.綠	2	05.任務獎賞	5000	1463	6001463	6100000	6200000	4302011	3ditem_a_001	1	57	-1	0	00.無	0		00.無	0	00.無	0				804000	40200	302	0	0	0	0	0	
	1464	4000	1	1	1	1	1	1.可以交易；0.被PK不掉	1	0	高級水防鑽石手環	57	0.全角色	06.手環	05.綠	2	07.怪物掉寶	5000	1464	6001464	6100000	6200000	4302011	3ditem_a_001	1	57	-1	0	00.無	0		00.無	0	00.無	0				804000	40200	302	0	0	0	0	0	
	1465	4000	1	1	1	1	1	1.可以交易；0.被PK不掉	1	0	高級火防鑽石手環	57	0.全角色	06.手環	05.綠	2	07.怪物掉寶	5000	1465	6001465	6100000	6200000	4302011	3ditem_a_001	1	57	-1	0	00.無	0		00.無	0	00.無	0				804000	40200	302	0	0	0	0	0	
	1466	4000	1	1	1	1	1	1.可以交易；0.被PK不掉	1	0	高級風防鑽石手環	57	0.全角色	06.手環	05.綠	2	07.怪物掉寶	5000	1466	6001466	6100000	6200000	4302011	3ditem_a_001	1	57	-1	0	00.無	0		00.無	0	00.無	0				804000	40200	302	0	0	0	0	0	
	1467	4000	1	1	1	1	1	1.可以交易；0.被PK不掉	1	0	頂級地防鑽石手環	57	0.全角色	06.手環	07.紫	4	07.怪物掉寶	5000	1467	6001467	6100000	6200000	4302030	3ditem_a_001	1	57	-1	0	00.無	0		00.無	0	00.無	0				804000	40200	302	0	0	0	0	0	
	1468	4000	1	1	1	1	1	1.可以交易；0.被PK不掉	1	0	頂級水防鑽石手環	57	0.全角色	06.手環	07.紫	4	07.怪物掉寶	5000	1468	6001468	6100000	6200000	4302030	3ditem_a_001	1	57	-1	0	00.無	0		00.無	0	00.無	0				804000	40200	302	0	0	0	0	0	
	1469	4000	1	1	1	1	1	1.可以交易；0.被PK不掉	1	0	頂級火防鑽石手環	57	0.全角色	06.手環	07.紫	4	07.怪物掉寶	5000	1469	6001469	6100000	6200000	4302030	3ditem_a_001	1	57	-1	0	00.無	0		00.無	0	00.無	0				804000	40200	302	0	0	0	0	0	
	1470	4000	1	1	1	1	1	1.可以交易；0.被PK不掉	1	0	頂級風防鑽石手環	57	0.全角色	06.手環	07.紫	4	07.怪物掉寶	5000	1470	6001470	6100000	6200000	4302030	3ditem_a_001	1	57	-1	0	00.無	0		00.無	0	00.無	0				804000	40200	302	0	0	0	0	0	
#	1471	4000	0	1	1	1	0	1.可以交易；1.被PK會掉	1	1	一般鳴嵐手環	62	0.全角色	06.手環	04.白	1	03.商店購買	5000	1471	6001471	6100000	6200000	4302012	3ditem_a_001	1	62	-1	0	00.無	0		00.無	0	00.無	0				1190000	119000	302	0	0	0	0	0	
#	1472	4000	0	1	1	1	1	1.可以交易；0.被PK不掉	1	0	高級地防鳴嵐手環	62	0.全角色	06.手環	05.綠	2	07.怪物掉寶	5000	1472	6001472	6100000	6200000	4302012	3ditem_a_001	1	62	-1	0	00.無	0		00.無	0	00.無	0				1190000	59500	302	0	0	0	0	0	
#	1473	4000	0	1	1	1	1	1.可以交易；0.被PK不掉	1	0	高級水防鳴嵐手環	62	0.全角色	06.手環	05.綠	2	07.怪物掉寶	5000	1473	6001473	6100000	6200000	4302012	3ditem_a_001	1	62	-1	0	00.無	0		00.無	0	00.無	0				1190000	59500	302	0	0	0	0	0	
#	1474	4000	0	1	1	1	1	1.可以交易；0.被PK不掉	1	0	高級火防鳴嵐手環	62	0.全角色	06.手環	05.綠	2	05.任務獎賞	5000	1474	6001474	6100000	6200000	4302012	3ditem_a_001	1	62	-1	0	00.無	0		00.無	0	00.無	0				1190000	59500	302	0	0	0	0	0	
#	1475	4000	0	1	1	1	1	1.可以交易；0.被PK不掉	1	0	高級風防鳴嵐手環	62	0.全角色	06.手環	05.綠	2	07.怪物掉寶	5000	1475	6001475	6100000	6200000	4302012	3ditem_a_001	1	62	-1	0	00.無	0		00.無	0	00.無	0				1190000	59500	302	0	0	0	0	0	
#	1476	4000	0	1	1	1	0	1.可以交易；1.被PK會掉	1	1	一般玄天手環	67	0.全角色	06.手環	04.白	1	03.商店購買	5000	1476	6001476	6100000	6200000	4302013	3ditem_a_001	1	67	-1	0	00.無	0		00.無	0	00.無	0				1360000	136000	302	0	0	0	0	0	
#	1477	4000	0	1	1	1	1	1.可以交易；0.被PK不掉	1	0	高級地防玄天手環	67	0.全角色	06.手環	05.綠	2	05.任務獎賞	5000	1477	6001477	6100000	6200000	4302013	3ditem_a_001	1	67	-1	0	00.無	0		00.無	0	00.無	0				1360000	68000	302	0	0	0	0	0	
#	1478	4000	0	1	1	1	1	1.可以交易；0.被PK不掉	1	0	高級水防玄天手環	67	0.全角色	06.手環	05.綠	2	07.怪物掉寶	5000	1478	6001478	6100000	6200000	4302013	3ditem_a_001	1	67	-1	0	00.無	0		00.無	0	00.無	0				1360000	68000	302	0	0	0	0	0	
#	1479	4000	0	1	1	1	1	1.可以交易；0.被PK不掉	1	0	高級火防玄天手環	67	0.全角色	06.手環	05.綠	2	07.怪物掉寶	5000	1479	6001479	6100000	6200000	4302013	3ditem_a_001	1	67	-1	0	00.無	0		00.無	0	00.無	0				1360000	68000	302	0	0	0	0	0	
#	1480	4000	0	1	1	1	1	1.可以交易；0.被PK不掉	1	0	高級風防玄天手環	67	0.全角色	06.手環	05.綠	2	07.怪物掉寶	5000	1480	6001480	6100000	6200000	4302013	3ditem_a_001	1	67	-1	0	00.無	0		00.無	0	00.無	0				1360000	68000	302	0	0	0	0	0	
#	1481	4000	0	1	1	1	0	1.可以交易；1.被PK會掉	1	1	一般法皇手環	72	0.全角色	06.手環	04.白	1	03.商店購買	5000	1481	6001481	6100000	6200000	4302014	3ditem_a_001	1	72	-1	0	00.無	0		00.無	0	00.無	0				1	1	302	0	0	0	0	0	
#	1482	4000	0	1	1	1	1	1.可以交易；0.被PK不掉	1	0	高級地防法皇手環	72	0.全角色	06.手環	05.綠	2	07.怪物掉寶	5000	1482	6001482	6100000	6200000	4302014	3ditem_a_001	1	72	-1	0	00.無	0		00.無	0	00.無	0				1	1	302	0	0	0	0	0	
#	1483	4000	0	1	1	1	1	1.可以交易；0.被PK不掉	1	0	高級水防法皇手環	72	0.全角色	06.手環	05.綠	2	07.怪物掉寶	5000	1483	6001483	6100000	6200000	4302014	3ditem_a_001	1	72	-1	0	00.無	0		00.無	0	00.無	0				1	1	302	0	0	0	0	0	
#	1484	4000	0	1	1	1	1	1.可以交易；0.被PK不掉	1	0	高級火防法皇手環	72	0.全角色	06.手環	05.綠	2	07.怪物掉寶	5000	1484	6001484	6100000	6200000	4302014	3ditem_a_001	1	72	-1	0	00.無	0		00.無	0	00.無	0				1	1	302	0	0	0	0	0	
#	1485	4000	0	1	1	1	1	1.可以交易；0.被PK不掉	1	0	高級風防法皇手環	72	0.全角色	06.手環	05.綠	2	07.怪物掉寶	5000	1485	6001485	6100000	6200000	4302014	3ditem_a_001	1	72	-1	0	00.無	0		00.無	0	00.無	0				1	1	302	0	0	0	0	0	
#	1486	4000	0	1	1	1	0	1.可以交易；1.被PK會掉	1	1	一般希亞手環	77	0.全角色	06.手環	04.白	1	03.商店購買	5000	1486	6001486	6100000	6200000	4302015	3ditem_a_001	1	77	-1	0	00.無	0		00.無	0	00.無	0				1	1	302	0	0	0	0	0	
#	1487	4000	0	1	1	1	1	1.可以交易；0.被PK不掉	1	0	高級地防希亞手環	77	0.全角色	06.手環	05.綠	2	07.怪物掉寶	5000	1487	6001487	6100000	6200000	4302015	3ditem_a_001	1	77	-1	0	00.無	0		00.無	0	00.無	0				1	1	302	0	0	0	0	0	
#	1488	4000	0	1	1	1	1	1.可以交易；0.被PK不掉	1	0	高級水防希亞手環	77	0.全角色	06.手環	05.綠	2	07.怪物掉寶	5000	1488	6001488	6100000	6200000	4302015	3ditem_a_001	1	77	-1	0	00.無	0		00.無	0	00.無	0				1	1	302	0	0	0	0	0	
#	1489	4000	0	1	1	1	1	1.可以交易；0.被PK不掉	1	0	高級火防希亞手環	77	0.全角色	06.手環	05.綠	2	07.怪物掉寶	5000	1489	6001489	6100000	6200000	4302015	3ditem_a_001	1	77	-1	0	00.無	0		00.無	0	00.無	0				1	1	302	0	0	0	0	0	
#	1490	4000	0	1	1	1	1	1.可以交易；0.被PK不掉	1	0	高級風防希亞手環	77	0.全角色	06.手環	05.綠	2	07.怪物掉寶	5000	1490	6001490	6100000	6200000	4302015	3ditem_a_001	1	77	-1	0	00.無	0		00.無	0	00.無	0				1	1	302	0	0	0	0	0	
#	1491	4000	0	1	1	1	1	1.可以交易；0.被PK不掉	1	0	頂級地防希亞手環	77	0.全角色	06.手環	07.紫	4	07.怪物掉寶	5000	1491	6001491	6100000	6200000	4302034	3ditem_a_001	1	77	-1	0	00.無	0		00.無	0	00.無	0				1	1	302	0	0	0	0	0	
#	1492	4000	0	1	1	1	1	1.可以交易；0.被PK不掉	1	0	頂級水防希亞手環	77	0.全角色	06.手環	07.紫	4	07.怪物掉寶	5000	1492	6001492	6100000	6200000	4302034	3ditem_a_001	1	77	-1	0	00.無	0		00.無	0	00.無	0				1	1	302	0	0	0	0	0	
#	1493	4000	0	1	1	1	1	1.可以交易；0.被PK不掉	1	0	頂級火防希亞手環	77	0.全角色	06.手環	07.紫	4	07.怪物掉寶	5000	1493	6001493	6100000	6200000	4302034	3ditem_a_001	1	77	-1	0	00.無	0		00.無	0	00.無	0				1	1	302	0	0	0	0	0	
#	1494	4000	0	1	1	1	1	1.可以交易；0.被PK不掉	1	0	頂級風防希亞手環	77	0.全角色	06.手環	07.紫	4	07.怪物掉寶	5000	1494	6001494	6100000	6200000	4302034	3ditem_a_001	1	77	-1	0	00.無	0		00.無	0	00.無	0				1	1	302	0	0	0	0	0	
#	1495	4000	0	1	1	1	0	1.可以交易；1.被PK會掉	1	1	一般聖御手環	82	0.全角色	06.手環	04.白	1	03.商店購買	5000	1495	6001495	6100000	6200000	4302016	3ditem_a_001	1	82	-1	0	00.無	0		00.無	0	00.無	0				1	1	302	0	0	0	0	0	
#	1496	4000	0	1	1	1	1	1.可以交易；0.被PK不掉	1	0	高級地防聖御手環	82	0.全角色	06.手環	05.綠	2	07.怪物掉寶	5000	1496	6001496	6100000	6200000	4302016	3ditem_a_001	1	82	-1	0	00.無	0		00.無	0	00.無	0				1	1	302	0	0	0	0	0	
#	1497	4000	0	1	1	1	1	1.可以交易；0.被PK不掉	1	0	高級水防聖御手環	82	0.全角色	06.手環	05.綠	2	07.怪物掉寶	5000	1497	6001497	6100000	6200000	4302016	3ditem_a_001	1	82	-1	0	00.無	0		00.無	0	00.無	0				1	1	302	0	0	0	0	0	
#	1498	4000	0	1	1	1	1	1.可以交易；0.被PK不掉	1	0	高級火防聖御手環	82	0.全角色	06.手環	05.綠	2	07.怪物掉寶	5000	1498	6001498	6100000	6200000	4302016	3ditem_a_001	1	82	-1	0	00.無	0		00.無	0	00.無	0				1	1	302	0	0	0	0	0	
#	1499	4000	0	1	1	1	1	1.可以交易；0.被PK不掉	1	0	高級風防聖御手環	82	0.全角色	06.手環	05.綠	2	07.怪物掉寶	5000	1499	6001499	6100000	6200000	4302016	3ditem_a_001	1	82	-1	0	00.無	0		00.無	0	00.無	0				1	1	302	0	0	0	0	0	
#	1500	4000	0	1	1	1	0	1.可以交易；1.被PK會掉	1	1	一般次元手環	87	0.全角色	06.手環	04.白	1	03.商店購買	5000	1500	6001500	6100000	6200000	4302017	3ditem_a_001	1	87	-1	0	00.無	0		00.無	0	00.無	0				1	1	302	0	0	0	0	0	
#	1501	4000	0	1	1	1	1	1.可以交易；0.被PK不掉	1	0	高級地防次元手環	87	0.全角色	06.手環	05.綠	2	07.怪物掉寶	5000	1501	6001501	6100000	6200000	4302017	3ditem_a_001	1	87	-1	0	00.無	0		00.無	0	00.無	0				1	1	302	0	0	0	0	0	
#	1502	4000	0	1	1	1	1	1.可以交易；0.被PK不掉	1	0	高級水防次元手環	87	0.全角色	06.手環	05.綠	2	07.怪物掉寶	5000	1502	6001502	6100000	6200000	4302017	3ditem_a_001	1	87	-1	0	00.無	0		00.無	0	00.無	0				1	1	302	0	0	0	0	0	
#	1503	4000	0	1	1	1	1	1.可以交易；0.被PK不掉	1	0	高級火防次元手環	87	0.全角色	06.手環	05.綠	2	07.怪物掉寶	5000	1503	6001503	6100000	6200000	4302017	3ditem_a_001	1	87	-1	0	00.無	0		00.無	0	00.無	0				1	1	302	0	0	0	0	0	
#	1504	4000	0	1	1	1	1	1.可以交易；0.被PK不掉	1	0	高級風防次元手環	87	0.全角色	06.手環	05.綠	2	07.怪物掉寶	5000	1504	6001504	6100000	6200000	4302017	3ditem_a_001	1	87	-1	0	00.無	0		00.無	0	00.無	0				1	1	302	0	0	0	0	0	
#	1505	4000	0	1	1	1	0	1.可以交易；1.被PK會掉	1	1	一般魔瞳手環	92	0.全角色	06.手環	04.白	1	03.商店購買	5000	1505	6001505	6100000	6200000	4302018	3ditem_a_001	1	92	-1	0	00.無	0		00.無	0	00.無	0				1	1	302	0	0	0	0	0	
#	1506	4000	0	1	1	1	1	1.可以交易；0.被PK不掉	1	0	高級地防魔瞳手環	92	0.全角色	06.手環	05.綠	2	07.怪物掉寶	5000	1506	6001506	6100000	6200000	4302018	3ditem_a_001	1	92	-1	0	00.無	0		00.無	0	00.無	0				1	1	302	0	0	0	0	0	
#	1507	4000	0	1	1	1	1	1.可以交易；0.被PK不掉	1	0	高級水防魔瞳手環	92	0.全角色	06.手環	05.綠	2	07.怪物掉寶	5000	1507	6001507	6100000	6200000	4302018	3ditem_a_001	1	92	-1	0	00.無	0		00.無	0	00.無	0				1	1	302	0	0	0	0	0	
#	1508	4000	0	1	1	1	1	1.可以交易；0.被PK不掉	1	0	高級火防魔瞳手環	92	0.全角色	06.手環	05.綠	2	07.怪物掉寶	5000	1508	6001508	6100000	6200000	4302018	3ditem_a_001	1	92	-1	0	00.無	0		00.無	0	00.無	0				1	1	302	0	0	0	0	0	
#	1509	4000	0	1	1	1	1	1.可以交易；0.被PK不掉	1	0	高級風防魔瞳手環	92	0.全角色	06.手環	05.綠	2	07.怪物掉寶	5000	1509	6001509	6100000	6200000	4302018	3ditem_a_001	1	92	-1	0	00.無	0		00.無	0	00.無	0				1	1	302	0	0	0	0	0	
#	1510	4000	0	1	1	1	0	1.可以交易；1.被PK會掉	1	1	一般極樂手環	97	0.全角色	06.手環	04.白	1	03.商店購買	5000	1510	6001510	6100000	6200000	4302019	3ditem_a_001	1	97	-1	0	00.無	0		00.無	0	00.無	0				1	1	302	0	0	0	0	0	
#	1511	4000	0	1	1	1	1	1.可以交易；0.被PK不掉	1	0	高級地防極樂手環	97	0.全角色	06.手環	05.綠	2	07.怪物掉寶	5000	1511	6001511	6100000	6200000	4302019	3ditem_a_001	1	97	-1	0	00.無	0		00.無	0	00.無	0				1	1	302	0	0	0	0	0	
#	1512	4000	0	1	1	1	1	1.可以交易；0.被PK不掉	1	0	高級水防極樂手環	97	0.全角色	06.手環	05.綠	2	07.怪物掉寶	5000	1512	6001512	6100000	6200000	4302019	3ditem_a_001	1	97	-1	0	00.無	0		00.無	0	00.無	0				1	1	302	0	0	0	0	0	
#	1513	4000	0	1	1	1	1	1.可以交易；0.被PK不掉	1	0	高級火防極樂手環	97	0.全角色	06.手環	05.綠	2	07.怪物掉寶	5000	1513	6001513	6100000	6200000	4302019	3ditem_a_001	1	97	-1	0	00.無	0		00.無	0	00.無	0				1	1	302	0	0	0	0	0	
#	1514	4000	0	1	1	1	1	1.可以交易；0.被PK不掉	1	0	高級風防極樂手環	97	0.全角色	06.手環	05.綠	2	07.怪物掉寶	5000	1514	6001514	6100000	6200000	4302019	3ditem_a_001	1	97	-1	0	00.無	0		00.無	0	00.無	0				1	1	302	0	0	0	0	0	
#	1515	4000	0	1	1	1	1	1.可以交易；0.被PK不掉	1	0	頂級地防極樂手環	97	0.全角色	06.手環	07.紫	4	07.怪物掉寶	5000	1515	6001515	6100000	6200000	4302038	3ditem_a_001	1	97	-1	0	00.無	0		00.無	0	00.無	0				1	1	302	0	0	0	0	0	
#	1516	4000	0	1	1	1	1	1.可以交易；0.被PK不掉	1	0	頂級水防極樂手環	97	0.全角色	06.手環	07.紫	4	07.怪物掉寶	5000	1516	6001516	6100000	6200000	4302038	3ditem_a_001	1	97	-1	0	00.無	0		00.無	0	00.無	0				1	1	302	0	0	0	0	0	
#	1517	4000	0	1	1	1	1	1.可以交易；0.被PK不掉	1	0	頂級火防極樂手環	97	0.全角色	06.手環	07.紫	4	07.怪物掉寶	5000	1517	6001517	6100000	6200000	4302038	3ditem_a_001	1	97	-1	0	00.無	0		00.無	0	00.無	0				1	1	302	0	0	0	0	0	
#	1518	4000	0	1	1	1	1	1.可以交易；0.被PK不掉	1	0	頂級風防極樂手環	97	0.全角色	06.手環	07.紫	4	07.怪物掉寶	5000	1518	6001518	6100000	6200000	4302038	3ditem_a_001	1	97	-1	0	00.無	0		00.無	0	00.無	0				1	1	302	0	0	0	0	0	
	1519	4000	1	1	1	1	0	1.可以交易；1.被PK會掉	1	1	一般木刻戒指	7	0.全角色	05.戒指	04.白	1	03.商店購買	5000	1519	6001519	6100000	6200000	4303001	3ditem_a_001	1	7	-1	0	00.無	0		00.無	0	00.無	0				450	45	301	0	0	0	0	0	
	1520	4000	1	1	1	1	1	1.可以交易；0.被PK不掉	1	0	高級地攻木刻戒指	7	0.全角色	05.戒指	05.綠	2	07.怪物掉寶	5000	1520	6001520	6100000	6200000	4303001	3ditem_a_001	1	7	-1	0	00.無	0		00.無	0	00.無	0				450	23	301	0	0	0	0	0	
	1521	4000	1	1	1	1	1	1.可以交易；0.被PK不掉	1	0	高級水攻木刻戒指	7	0.全角色	05.戒指	05.綠	2	05.任務獎賞	5000	1521	6001521	6100000	6200000	4303001	3ditem_a_001	1	7	-1	0	00.無	0		00.無	0	00.無	0				450	23	301	0	0	0	0	0	
	1522	4000	1	1	1	1	1	1.可以交易；0.被PK不掉	1	0	高級火攻木刻戒指	7	0.全角色	05.戒指	05.綠	2	07.怪物掉寶	5000	1522	6001522	6100000	6200000	4303001	3ditem_a_001	1	7	-1	0	00.無	0		00.無	0	00.無	0				450	23	301	0	0	0	0	0	
	1523	4000	1	1	1	1	1	1.可以交易；0.被PK不掉	1	0	高級風攻木刻戒指	7	0.全角色	05.戒指	05.綠	2	07.怪物掉寶	5000	1523	6001523	6100000	6200000	4303001	3ditem_a_001	1	7	-1	0	00.無	0		00.無	0	00.無	0				450	23	301	0	0	0	0	0	
	1524	4000	1	1	1	1	0	1.可以交易；1.被PK會掉	1	1	一般石雕戒指	12	0.全角色	05.戒指	04.白	1	03.商店購買	5000	1524	6001524	6100000	6200000	4303002	3ditem_a_001	1	12	-1	0	00.無	0		00.無	0	00.無	0				1660	166	301	0	0	0	0	0	
	1525	4000	1	1	1	1	1	1.可以交易；0.被PK不掉	1	0	高級地攻石雕戒指	12	0.全角色	05.戒指	05.綠	2	07.怪物掉寶	5000	1525	6001525	6100000	6200000	4303002	3ditem_a_001	1	12	-1	0	00.無	0		00.無	0	00.無	0				1660	83	301	0	0	0	0	0	
	1526	4000	1	1	1	1	1	1.可以交易；0.被PK不掉	1	0	高級水攻石雕戒指	12	0.全角色	05.戒指	05.綠	2	07.怪物掉寶	5000	1526	6001526	6100000	6200000	4303002	3ditem_a_001	1	12	-1	0	00.無	0		00.無	0	00.無	0				1660	83	301	0	0	0	0	0	
	1527	4000	1	1	1	1	1	1.可以交易；0.被PK不掉	1	0	高級火攻石雕戒指	12	0.全角色	05.戒指	05.綠	2	07.怪物掉寶	5000	1527	6001527	6100000	6200000	4303002	3ditem_a_001	1	12	-1	0	00.無	0		00.無	0	00.無	0				1660	83	301	0	0	0	0	0	
	1528	4000	1	1	1	1	1	1.可以交易；0.被PK不掉	1	0	高級風攻石雕戒指	12	0.全角色	05.戒指	05.綠	2	05.任務獎賞	5000	1528	6001528	6100000	6200000	4303002	3ditem_a_001	1	12	-1	0	00.無	0		00.無	0	00.無	0				1660	83	301	0	0	0	0	0	
	1529	4000	1	1	1	1	0	1.可以交易；1.被PK會掉	1	1	一般鐵製戒指	17	0.全角色	05.戒指	04.白	1	03.商店購買	5000	1529	6001529	6100000	6200000	4303003	3ditem_a_001	1	17	-1	0	00.無	0		00.無	0	00.無	0				6100	610	301	0	0	0	0	0	
	1530	4000	1	1	1	1	1	1.可以交易；0.被PK不掉	1	0	高級地攻鐵製戒指	17	0.全角色	05.戒指	05.綠	2	07.怪物掉寶	5000	1530	6001530	6100000	6200000	4303003	3ditem_a_001	1	17	-1	0	00.無	0		00.無	0	00.無	0				6100	305	301	0	0	0	0	0	
	1531	4000	1	1	1	1	1	1.可以交易；0.被PK不掉	1	0	高級水攻鐵製戒指	17	0.全角色	05.戒指	05.綠	2	05.任務獎賞	5000	1531	6001531	6100000	6200000	4303003	3ditem_a_001	1	17	-1	0	00.無	0		00.無	0	00.無	0				6100	305	301	0	0	0	0	0	
	1532	4000	1	1	1	1	1	1.可以交易；0.被PK不掉	1	0	高級火攻鐵製戒指	17	0.全角色	05.戒指	05.綠	2	07.怪物掉寶	5000	1532	6001532	6100000	6200000	4303003	3ditem_a_001	1	17	-1	0	00.無	0		00.無	0	00.無	0				6100	305	301	0	0	0	0	0	
	1533	4000	1	1	1	1	1	1.可以交易；0.被PK不掉	1	0	高級風攻鐵製戒指	17	0.全角色	05.戒指	05.綠	2	07.怪物掉寶	5000	1533	6001533	6100000	6200000	4303003	3ditem_a_001	1	17	-1	0	00.無	0		00.無	0	00.無	0				6100	305	301	0	0	0	0	0	
	1534	4000	1	1	1	1	1	1.可以交易；0.被PK不掉	1	0	頂級地攻鐵製戒指	37	0.全角色	05.戒指	07.紫	4	07.怪物掉寶	5000	1534	6001534	6100000	6200000	4303022	3ditem_a_001	1	37	-1	0	00.無	0		00.無	0	00.無	0				150800	7540	301	0	0	0	0	0	
	1535	4000	1	1	1	1	1	1.可以交易；0.被PK不掉	1	0	頂級水攻鐵製戒指	37	0.全角色	05.戒指	07.紫	4	07.怪物掉寶	5000	1535	6001535	6100000	6200000	4303022	3ditem_a_001	1	37	-1	0	00.無	0		00.無	0	00.無	0				150800	7540	301	0	0	0	0	0	
	1536	4000	1	1	1	1	1	1.可以交易；0.被PK不掉	1	0	頂級火攻鐵製戒指	37	0.全角色	05.戒指	07.紫	4	07.怪物掉寶	5000	1536	6001536	6100000	6200000	4303022	3ditem_a_001	1	37	-1	0	00.無	0		00.無	0	00.無	0				150800	7540	301	0	0	0	0	0	
	1537	4000	1	1	1	1	1	1.可以交易；0.被PK不掉	1	0	頂級風攻鐵製戒指	37	0.全角色	05.戒指	07.紫	4	07.怪物掉寶	5000	1537	6001537	6100000	6200000	4303022	3ditem_a_001	1	37	-1	0	00.無	0		00.無	0	00.無	0				150800	7540	301	0	0	0	0	0	
	1538	4000	1	1	1	1	0	1.可以交易；1.被PK會掉	1	1	一般銅鑄戒指	22	0.全角色	05.戒指	04.白	1	03.商店購買	5000	1538	6001538	6100000	6200000	4303004	3ditem_a_001	1	22	-1	0	00.無	0		00.無	0	00.無	0				17500	1750	301	0	0	0	0	0	
	1539	4000	1	1	1	1	1	1.可以交易；0.被PK不掉	1	0	高級地攻銅鑄戒指	22	0.全角色	05.戒指	05.綠	2	07.怪物掉寶	5000	1539	6001539	6100000	6200000	4303004	3ditem_a_001	1	22	-1	0	00.無	0		00.無	0	00.無	0				17500	875	301	0	0	0	0	0	
	1540	4000	1	1	1	1	1	1.可以交易；0.被PK不掉	1	0	高級水攻銅鑄戒指	22	0.全角色	05.戒指	05.綠	2	07.怪物掉寶	5000	1540	6001540	6100000	6200000	4303004	3ditem_a_001	1	22	-1	0	00.無	0		00.無	0	00.無	0				17500	875	301	0	0	0	0	0	
	1541	4000	1	1	1	1	1	1.可以交易；0.被PK不掉	1	0	高級火攻銅鑄戒指	22	0.全角色	05.戒指	05.綠	2	07.怪物掉寶	5000	1541	6001541	6100000	6200000	4303004	3ditem_a_001	1	22	-1	0	00.無	0		00.無	0	00.無	0				17500	875	301	0	0	0	0	0	
	1542	4000	1	1	1	1	1	1.可以交易；0.被PK不掉	1	0	高級風攻銅鑄戒指	22	0.全角色	05.戒指	05.綠	2	05.任務獎賞	5000	1542	6001542	6100000	6200000	4303004	3ditem_a_001	1	22	-1	0	00.無	0		00.無	0	00.無	0				17500	875	301	0	0	0	0	0	
	1543	4000	1	1	1	1	0	1.可以交易；1.被PK會掉	1	1	一般銀製戒指	27	0.全角色	05.戒指	04.白	1	03.商店購買	5000	1543	6001543	6100000	6200000	4303005	3ditem_a_001	1	27	-1	0	00.無	0		00.無	0	00.無	0				40200	4020	301	0	0	0	0	0	
	1544	4000	1	1	1	1	1	1.可以交易；0.被PK不掉	1	0	高級地攻銀製戒指	27	0.全角色	05.戒指	05.綠	2	07.怪物掉寶	5000	1544	6001544	6100000	6200000	4303005	3ditem_a_001	1	27	-1	0	00.無	0		00.無	0	00.無	0				40200	2010	301	0	0	0	0	0	
	1545	4000	1	1	1	1	1	1.可以交易；0.被PK不掉	1	0	高級水攻銀製戒指	27	0.全角色	05.戒指	05.綠	2	05.任務獎賞	5000	1545	6001545	6100000	6200000	4303005	3ditem_a_001	1	27	-1	0	00.無	0		00.無	0	00.無	0				40200	2010	301	0	0	0	0	0	
	1546	4000	1	1	1	1	1	1.可以交易；0.被PK不掉	1	0	高級火攻銀製戒指	27	0.全角色	05.戒指	05.綠	2	07.怪物掉寶	5000	1546	6001546	6100000	6200000	4303005	3ditem_a_001	1	27	-1	0	00.無	0		00.無	0	00.無	0				40200	2010	301	0	0	0	0	0	
	1547	4000	1	1	1	1	1	1.可以交易；0.被PK不掉	1	0	高級風攻銀製戒指	27	0.全角色	05.戒指	05.綠	2	07.怪物掉寶	5000	1547	6001547	6100000	6200000	4303005	3ditem_a_001	1	27	-1	0	00.無	0		00.無	0	00.無	0				40200	2010	301	0	0	0	0	0	
	1548	4000	1	1	1	1	0	1.可以交易；1.被PK會掉	1	1	一般金製戒指	32	0.全角色	05.戒指	04.白	1	03.商店購買	5000	1548	6001548	6100000	6200000	4303006	3ditem_a_001	1	32	-1	0	00.無	0		00.無	0	00.無	0				81900	8190	301	0	0	0	0	0	
	1549	4000	1	1	1	1	1	1.可以交易；0.被PK不掉	1	0	高級地攻金製戒指	32	0.全角色	05.戒指	05.綠	2	07.怪物掉寶	5000	1549	6001549	6100000	6200000	4303006	3ditem_a_001	1	32	-1	0	00.無	0		00.無	0	00.無	0				81900	4095	301	0	0	0	0	0	
	1550	4000	1	1	1	1	1	1.可以交易；0.被PK不掉	1	0	高級水攻金製戒指	32	0.全角色	05.戒指	05.綠	2	07.怪物掉寶	5000	1550	6001550	6100000	6200000	4303006	3ditem_a_001	1	32	-1	0	00.無	0		00.無	0	00.無	0				81900	4095	301	0	0	0	0	0	
	1551	4000	1	1	1	1	1	1.可以交易；0.被PK不掉	1	0	高級火攻金製戒指	32	0.全角色	05.戒指	05.綠	2	07.怪物掉寶	5000	1551	6001551	6100000	6200000	4303006	3ditem_a_001	1	32	-1	0	00.無	0		00.無	0	00.無	0				81900	4095	301	0	0	0	0	0	
	1552	4000	1	1	1	1	1	1.可以交易；0.被PK不掉	1	0	高級風攻金製戒指	32	0.全角色	05.戒指	05.綠	2	05.任務獎賞	5000	1552	6001552	6100000	6200000	4303006	3ditem_a_001	1	32	-1	0	00.無	0		00.無	0	00.無	0				81900	4095	301	0	0	0	0	0	
	1553	4000	1	1	1	1	0	1.可以交易；1.被PK會掉	1	1	一般白金戒指	37	0.全角色	05.戒指	04.白	1	03.商店購買	5000	1553	6001553	6100000	6200000	4303007	3ditem_a_001	1	37	-1	0	00.無	0		00.無	0	00.無	0				150800	15080	301	0	0	0	0	0	
	1554	4000	1	1	1	1	1	1.可以交易；0.被PK不掉	1	0	高級地攻白金戒指	37	0.全角色	05.戒指	05.綠	2	07.怪物掉寶	5000	1554	6001554	6100000	6200000	4303007	3ditem_a_001	1	37	-1	0	00.無	0		00.無	0	00.無	0				150800	7540	301	0	0	0	0	0	
	1555	4000	1	1	1	1	1	1.可以交易；0.被PK不掉	1	0	高級水攻白金戒指	37	0.全角色	05.戒指	05.綠	2	05.任務獎賞	5000	1555	6001555	6100000	6200000	4303007	3ditem_a_001	1	37	-1	0	00.無	0		00.無	0	00.無	0				150800	7540	301	0	0	0	0	0	
	1556	4000	1	1	1	1	1	1.可以交易；0.被PK不掉	1	0	高級火攻白金戒指	37	0.全角色	05.戒指	05.綠	2	07.怪物掉寶	5000	1556	6001556	6100000	6200000	4303007	3ditem_a_001	1	37	-1	0	00.無	0		00.無	0	00.無	0				150800	7540	301	0	0	0	0	0	
	1557	4000	1	1	1	1	1	1.可以交易；0.被PK不掉	1	0	高級風攻白金戒指	37	0.全角色	05.戒指	05.綠	2	07.怪物掉寶	5000	1557	6001557	6100000	6200000	4303007	3ditem_a_001	1	37	-1	0	00.無	0		00.無	0	00.無	0				150800	7540	301	0	0	0	0	0	
	1558	4000	1	1	1	1	1	1.可以交易；0.被PK不掉	1	0	頂級地攻白金戒指	47	0.全角色	05.戒指	07.紫	4	07.怪物掉寶	5000	1558	6001558	6100000	6200000	4303026	3ditem_a_001	1	47	-1	0	00.無	0		00.無	0	00.無	0				423000	21150	301	0	0	0	0	0	
	1559	4000	1	1	1	1	1	1.可以交易；0.被PK不掉	1	0	頂級水攻白金戒指	47	0.全角色	05.戒指	07.紫	4	07.怪物掉寶	5000	1559	6001559	6100000	6200000	4303026	3ditem_a_001	1	47	-1	0	00.無	0		00.無	0	00.無	0				423000	21150	301	0	0	0	0	0	
	1560	4000	1	1	1	1	1	1.可以交易；0.被PK不掉	1	0	頂級火攻白金戒指	47	0.全角色	05.戒指	07.紫	4	07.怪物掉寶	5000	1560	6001560	6100000	6200000	4303026	3ditem_a_001	1	47	-1	0	00.無	0		00.無	0	00.無	0				423000	21150	301	0	0	0	0	0	
	1561	4000	1	1	1	1	1	1.可以交易；0.被PK不掉	1	0	頂級風攻白金戒指	47	0.全角色	05.戒指	07.紫	4	07.怪物掉寶	5000	1561	6001561	6100000	6200000	4303026	3ditem_a_001	1	47	-1	0	00.無	0		00.無	0	00.無	0				423000	21150	301	0	0	0	0	0	
	1562	4000	1	1	1	1	0	1.可以交易；1.被PK會掉	1	1	一般珍珠戒指	42	0.全角色	05.戒指	04.白	1	03.商店購買	5000	1562	6001562	6100000	6200000	4303008	3ditem_a_001	1	42	-1	0	00.無	0		00.無	0	00.無	0				259000	25900	301	0	0	0	0	0	
	1563	4000	1	1	1	1	1	1.可以交易；0.被PK不掉	1	0	高級地攻珍珠戒指	42	0.全角色	05.戒指	05.綠	2	07.怪物掉寶	5000	1563	6001563	6100000	6200000	4303008	3ditem_a_001	1	42	-1	0	00.無	0		00.無	0	00.無	0				259000	12950	301	0	0	0	0	0	
	1564	4000	1	1	1	1	1	1.可以交易；0.被PK不掉	1	0	高級水攻珍珠戒指	42	0.全角色	05.戒指	05.綠	2	07.怪物掉寶	5000	1564	6001564	6100000	6200000	4303008	3ditem_a_001	1	42	-1	0	00.無	0		00.無	0	00.無	0				259000	12950	301	0	0	0	0	0	
	1565	4000	1	1	1	1	1	1.可以交易；0.被PK不掉	1	0	高級火攻珍珠戒指	42	0.全角色	05.戒指	05.綠	2	07.怪物掉寶	5000	1565	6001565	6100000	6200000	4303008	3ditem_a_001	1	42	-1	0	00.無	0		00.無	0	00.無	0				259000	12950	301	0	0	0	0	0	
	1566	4000	1	1	1	1	1	1.可以交易；0.被PK不掉	1	0	高級風攻珍珠戒指	42	0.全角色	05.戒指	05.綠	2	05.任務獎賞	5000	1566	6001566	6100000	6200000	4303008	3ditem_a_001	1	42	-1	0	00.無	0		00.無	0	00.無	0				259000	12950	301	0	0	0	0	0	
	1567	4000	1	1	1	1	0	1.可以交易；1.被PK會掉	1	1	一般瑪瑙戒指	47	0.全角色	05.戒指	04.白	1	03.商店購買	5000	1567	6001567	6100000	6200000	4303009	3ditem_a_001	1	47	-1	0	00.無	0		00.無	0	00.無	0				423000	42300	301	0	0	0	0	0	
	1568	4000	1	1	1	1	1	1.可以交易；0.被PK不掉	1	0	高級地攻瑪瑙戒指	47	0.全角色	05.戒指	05.綠	2	07.怪物掉寶	5000	1568	6001568	6100000	6200000	4303009	3ditem_a_001	1	47	-1	0	00.無	0		00.無	0	00.無	0				423000	21150	301	0	0	0	0	0	
	1569	4000	1	1	1	1	1	1.可以交易；0.被PK不掉	1	0	高級水攻瑪瑙戒指	47	0.全角色	05.戒指	05.綠	2	05.任務獎賞	5000	1569	6001569	6100000	6200000	4303009	3ditem_a_001	1	47	-1	0	00.無	0		00.無	0	00.無	0				423000	21150	301	0	0	0	0	0	
	1570	4000	1	1	1	1	1	1.可以交易；0.被PK不掉	1	0	高級火攻瑪瑙戒指	47	0.全角色	05.戒指	05.綠	2	07.怪物掉寶	5000	1570	6001570	6100000	6200000	4303009	3ditem_a_001	1	47	-1	0	00.無	0		00.無	0	00.無	0				423000	21150	301	0	0	0	0	0	
	1571	4000	1	1	1	1	1	1.可以交易；0.被PK不掉	1	0	高級風攻瑪瑙戒指	47	0.全角色	05.戒指	05.綠	2	07.怪物掉寶	5000	1571	6001571	6100000	6200000	4303009	3ditem_a_001	1	47	-1	0	00.無	0		00.無	0	00.無	0				423000	21150	301	0	0	0	0	0	
	1572	4000	1	1	1	1	0	1.可以交易；1.被PK會掉	1	1	一般琥珀戒指	52	0.全角色	05.戒指	04.白	1	03.商店購買	5000	1572	6001572	6100000	6200000	4303010	3ditem_a_001	1	52	-1	0	00.無	0		00.無	0	00.無	0				663000	66300	301	0	0	0	0	0	
	1573	4000	1	1	1	1	1	1.可以交易；0.被PK不掉	1	0	高級地攻琥珀戒指	52	0.全角色	05.戒指	05.綠	2	07.怪物掉寶	5000	1573	6001573	6100000	6200000	4303010	3ditem_a_001	1	52	-1	0	00.無	0		00.無	0	00.無	0				663000	33150	301	0	0	0	0	0	
	1574	4000	1	1	1	1	1	1.可以交易；0.被PK不掉	1	0	高級水攻琥珀戒指	52	0.全角色	05.戒指	05.綠	2	07.怪物掉寶	5000	1574	6001574	6100000	6200000	4303010	3ditem_a_001	1	52	-1	0	00.無	0		00.無	0	00.無	0				663000	33150	301	0	0	0	0	0	
	1575	4000	1	1	1	1	1	1.可以交易；0.被PK不掉	1	0	高級火攻琥珀戒指	52	0.全角色	05.戒指	05.綠	2	07.怪物掉寶	5000	1575	6001575	6100000	6200000	4303010	3ditem_a_001	1	52	-1	0	00.無	0		00.無	0	00.無	0				663000	33150	301	0	0	0	0	0	
	1576	4000	1	1	1	1	1	1.可以交易；0.被PK不掉	1	0	高級風攻琥珀戒指	52	0.全角色	05.戒指	05.綠	2	05.任務獎賞	5000	1576	6001576	6100000	6200000	4303010	3ditem_a_001	1	52	-1	0	00.無	0		00.無	0	00.無	0				663000	33150	301	0	0	0	0	0	
	1577	4000	1	1	1	1	0	1.可以交易；1.被PK會掉	1	1	一般鑽石戒指	57	0.全角色	05.戒指	04.白	1	03.商店購買	5000	1577	6001577	6100000	6200000	4303011	3ditem_a_001	1	57	-1	0	00.無	0		00.無	0	00.無	0				1005000	100500	301	0	0	0	0	0	
	1578	4000	1	1	1	1	1	1.可以交易；0.被PK不掉	1	0	高級地攻鑽石戒指	57	0.全角色	05.戒指	05.綠	2	07.怪物掉寶	5000	1578	6001578	6100000	6200000	4303011	3ditem_a_001	1	57	-1	0	00.無	0		00.無	0	00.無	0				1005000	50250	301	0	0	0	0	0	
	1579	4000	1	1	1	1	1	1.可以交易；0.被PK不掉	1	0	高級水攻鑽石戒指	57	0.全角色	05.戒指	05.綠	2	05.任務獎賞	5000	1579	6001579	6100000	6200000	4303011	3ditem_a_001	1	57	-1	0	00.無	0		00.無	0	00.無	0				1005000	50250	301	0	0	0	0	0	
	1580	4000	1	1	1	1	1	1.可以交易；0.被PK不掉	1	0	高級火攻鑽石戒指	57	0.全角色	05.戒指	05.綠	2	07.怪物掉寶	5000	1580	6001580	6100000	6200000	4303011	3ditem_a_001	1	57	-1	0	00.無	0		00.無	0	00.無	0				1005000	50250	301	0	0	0	0	0	
	1581	4000	1	1	1	1	1	1.可以交易；0.被PK不掉	1	0	高級風攻鑽石戒指	57	0.全角色	05.戒指	05.綠	2	07.怪物掉寶	5000	1581	6001581	6100000	6200000	4303011	3ditem_a_001	1	57	-1	0	00.無	0		00.無	0	00.無	0				1005000	50250	301	0	0	0	0	0	
	1582	4000	1	1	1	1	1	1.可以交易；0.被PK不掉	1	0	頂級地攻鑽石戒指	57	0.全角色	05.戒指	07.紫	4	07.怪物掉寶	5000	1582	6001582	6100000	6200000	4303030	3ditem_a_001	1	57	-1	0	00.無	0		00.無	0	00.無	0				1005000	50250	301	0	0	0	0	0	
	1583	4000	1	1	1	1	1	1.可以交易；0.被PK不掉	1	0	頂級水攻鑽石戒指	57	0.全角色	05.戒指	07.紫	4	07.怪物掉寶	5000	1583	6001583	6100000	6200000	4303030	3ditem_a_001	1	57	-1	0	00.無	0		00.無	0	00.無	0				1005000	50250	301	0	0	0	0	0	
	1584	4000	1	1	1	1	1	1.可以交易；0.被PK不掉	1	0	頂級火攻鑽石戒指	57	0.全角色	05.戒指	07.紫	4	07.怪物掉寶	5000	1584	6001584	6100000	6200000	4303030	3ditem_a_001	1	57	-1	0	00.無	0		00.無	0	00.無	0				1005000	50250	301	0	0	0	0	0	
	1585	4000	1	1	1	1	1	1.可以交易；0.被PK不掉	1	0	頂級風攻鑽石戒指	57	0.全角色	05.戒指	07.紫	4	07.怪物掉寶	5000	1585	6001585	6100000	6200000	4303030	3ditem_a_001	1	57	-1	0	00.無	0		00.無	0	00.無	0				1005000	50250	301	0	0	0	0	0	
#	1586	4000	0	1	1	1	0	1.可以交易；1.被PK會掉	1	1	一般鳴嵐戒指	62	0.全角色	05.戒指	04.白	1	03.商店購買	5000	1586	6001586	6100000	6200000	4303012	3ditem_a_001	1	62	-1	0	00.無	0		00.無	0	00.無	0				1490000	149000	301	0	0	0	0	0	
#	1587	4000	0	1	1	1	1	1.可以交易；0.被PK不掉	1	0	高級地攻鳴嵐戒指	62	0.全角色	05.戒指	05.綠	2	07.怪物掉寶	5000	1587	6001587	6100000	6200000	4303012	3ditem_a_001	1	62	-1	0	00.無	0		00.無	0	00.無	0				1490000	74500	301	0	0	0	0	0	
#	1588	4000	0	1	1	1	1	1.可以交易；0.被PK不掉	1	0	高級水攻鳴嵐戒指	62	0.全角色	05.戒指	05.綠	2	07.怪物掉寶	5000	1588	6001588	6100000	6200000	4303012	3ditem_a_001	1	62	-1	0	00.無	0		00.無	0	00.無	0				1490000	74500	301	0	0	0	0	0	
#	1589	4000	0	1	1	1	1	1.可以交易；0.被PK不掉	1	0	高級火攻鳴嵐戒指	62	0.全角色	05.戒指	05.綠	2	07.怪物掉寶	5000	1589	6001589	6100000	6200000	4303012	3ditem_a_001	1	62	-1	0	00.無	0		00.無	0	00.無	0				1490000	74500	301	0	0	0	0	0	
#	1590	4000	0	1	1	1	1	1.可以交易；0.被PK不掉	1	0	高級風攻鳴嵐戒指	62	0.全角色	05.戒指	05.綠	2	05.任務獎賞	5000	1590	6001590	6100000	6200000	4303012	3ditem_a_001	1	62	-1	0	00.無	0		00.無	0	00.無	0				1490000	74500	301	0	0	0	0	0	
#	1591	4000	0	1	1	1	0	1.可以交易；1.被PK會掉	1	1	一般玄天戒指	67	0.全角色	05.戒指	04.白	1	03.商店購買	5000	1591	6001591	6100000	6200000	4303013	3ditem_a_001	1	67	-1	0	00.無	0		00.無	0	00.無	0				1700000	170000	301	0	0	0	0	0	
#	1592	4000	0	1	1	1	1	1.可以交易；0.被PK不掉	1	0	高級地攻玄天戒指	67	0.全角色	05.戒指	05.綠	2	07.怪物掉寶	5000	1592	6001592	6100000	6200000	4303013	3ditem_a_001	1	67	-1	0	00.無	0		00.無	0	00.無	0				1700000	85000	301	0	0	0	0	0	
#	1593	4000	0	1	1	1	1	1.可以交易；0.被PK不掉	1	0	高級水攻玄天戒指	67	0.全角色	05.戒指	05.綠	2	05.任務獎賞	5000	1593	6001593	6100000	6200000	4303013	3ditem_a_001	1	67	-1	0	00.無	0		00.無	0	00.無	0				1700000	85000	301	0	0	0	0	0	
#	1594	4000	0	1	1	1	1	1.可以交易；0.被PK不掉	1	0	高級火攻玄天戒指	67	0.全角色	05.戒指	05.綠	2	07.怪物掉寶	5000	1594	6001594	6100000	6200000	4303013	3ditem_a_001	1	67	-1	0	00.無	0		00.無	0	00.無	0				1700000	85000	301	0	0	0	0	0	
#	1595	4000	0	1	1	1	1	1.可以交易；0.被PK不掉	1	0	高級風攻玄天戒指	67	0.全角色	05.戒指	05.綠	2	07.怪物掉寶	5000	1595	6001595	6100000	6200000	4303013	3ditem_a_001	1	67	-1	0	00.無	0		00.無	0	00.無	0				1700000	85000	301	0	0	0	0	0	
#	1596	4000	0	1	1	1	0	1.可以交易；1.被PK會掉	1	1	一般法皇戒指	72	0.全角色	05.戒指	04.白	1	03.商店購買	5000	1596	6001596	6100000	6200000	4303014	3ditem_a_001	1	72	-1	0	00.無	0		00.無	0	00.無	0				1	1	301	0	0	0	0	0	
#	1597	4000	0	1	1	1	1	1.可以交易；0.被PK不掉	1	0	高級地攻法皇戒指	72	0.全角色	05.戒指	05.綠	2	07.怪物掉寶	5000	1597	6001597	6100000	6200000	4303014	3ditem_a_001	1	72	-1	0	00.無	0		00.無	0	00.無	0				1	1	301	0	0	0	0	0	
#	1598	4000	0	1	1	1	1	1.可以交易；0.被PK不掉	1	0	高級水攻法皇戒指	72	0.全角色	05.戒指	05.綠	2	07.怪物掉寶	5000	1598	6001598	6100000	6200000	4303014	3ditem_a_001	1	72	-1	0	00.無	0		00.無	0	00.無	0				1	1	301	0	0	0	0	0	
#	1599	4000	0	1	1	1	1	1.可以交易；0.被PK不掉	1	0	高級火攻法皇戒指	72	0.全角色	05.戒指	05.綠	2	07.怪物掉寶	5000	1599	6001599	6100000	6200000	4303014	3ditem_a_001	1	72	-1	0	00.無	0		00.無	0	00.無	0				1	1	301	0	0	0	0	0	
#	1600	4000	0	1	1	1	1	1.可以交易；0.被PK不掉	1	0	高級風攻法皇戒指	72	0.全角色	05.戒指	05.綠	2	07.怪物掉寶	5000	1600	6001600	6100000	6200000	4303014	3ditem_a_001	1	72	-1	0	00.無	0		00.無	0	00.無	0				1	1	301	0	0	0	0	0	
#	1601	4000	0	1	1	1	0	1.可以交易；1.被PK會掉	1	1	一般希亞戒指	77	0.全角色	05.戒指	04.白	1	03.商店購買	5000	1601	6001601	6100000	6200000	4303015	3ditem_a_001	1	77	-1	0	00.無	0		00.無	0	00.無	0				1	1	301	0	0	0	0	0	
#	1602	4000	0	1	1	1	1	1.可以交易；0.被PK不掉	1	0	高級地攻希亞戒指	77	0.全角色	05.戒指	05.綠	2	07.怪物掉寶	5000	1602	6001602	6100000	6200000	4303015	3ditem_a_001	1	77	-1	0	00.無	0		00.無	0	00.無	0				1	1	301	0	0	0	0	0	
#	1603	4000	0	1	1	1	1	1.可以交易；0.被PK不掉	1	0	高級水攻希亞戒指	77	0.全角色	05.戒指	05.綠	2	07.怪物掉寶	5000	1603	6001603	6100000	6200000	4303015	3ditem_a_001	1	77	-1	0	00.無	0		00.無	0	00.無	0				1	1	301	0	0	0	0	0	
#	1604	4000	0	1	1	1	1	1.可以交易；0.被PK不掉	1	0	高級火攻希亞戒指	77	0.全角色	05.戒指	05.綠	2	07.怪物掉寶	5000	1604	6001604	6100000	6200000	4303015	3ditem_a_001	1	77	-1	0	00.無	0		00.無	0	00.無	0				1	1	301	0	0	0	0	0	
#	1605	4000	0	1	1	1	1	1.可以交易；0.被PK不掉	1	0	高級風攻希亞戒指	77	0.全角色	05.戒指	05.綠	2	07.怪物掉寶	5000	1605	6001605	6100000	6200000	4303015	3ditem_a_001	1	77	-1	0	00.無	0		00.無	0	00.無	0				1	1	301	0	0	0	0	0	
#	1606	4000	0	1	1	1	1	1.可以交易；0.被PK不掉	1	0	頂級地攻希亞戒指	77	0.全角色	05.戒指	07.紫	4	07.怪物掉寶	5000	1606	6001606	6100000	6200000	4303034	3ditem_a_001	1	77	-1	0	00.無	0		00.無	0	00.無	0				1	1	301	0	0	0	0	0	
#	1607	4000	0	1	1	1	1	1.可以交易；0.被PK不掉	1	0	頂級水攻希亞戒指	77	0.全角色	05.戒指	07.紫	4	07.怪物掉寶	5000	1607	6001607	6100000	6200000	4303034	3ditem_a_001	1	77	-1	0	00.無	0		00.無	0	00.無	0				1	1	301	0	0	0	0	0	
#	1608	4000	0	1	1	1	1	1.可以交易；0.被PK不掉	1	0	頂級火攻希亞戒指	77	0.全角色	05.戒指	07.紫	4	07.怪物掉寶	5000	1608	6001608	6100000	6200000	4303034	3ditem_a_001	1	77	-1	0	00.無	0		00.無	0	00.無	0				1	1	301	0	0	0	0	0	
#	1609	4000	0	1	1	1	1	1.可以交易；0.被PK不掉	1	0	頂級風攻希亞戒指	77	0.全角色	05.戒指	07.紫	4	07.怪物掉寶	5000	1609	6001609	6100000	6200000	4303034	3ditem_a_001	1	77	-1	0	00.無	0		00.無	0	00.無	0				1	1	301	0	0	0	0	0	
#	1610	4000	0	1	1	1	0	1.可以交易；1.被PK會掉	1	1	一般聖御戒指	82	0.全角色	05.戒指	04.白	1	03.商店購買	5000	1610	6001610	6100000	6200000	4303016	3ditem_a_001	1	82	-1	0	00.無	0		00.無	0	00.無	0				1	1	301	0	0	0	0	0	
#	1611	4000	0	1	1	1	1	1.可以交易；0.被PK不掉	1	0	高級地攻聖御戒指	82	0.全角色	05.戒指	05.綠	2	07.怪物掉寶	5000	1611	6001611	6100000	6200000	4303016	3ditem_a_001	1	82	-1	0	00.無	0		00.無	0	00.無	0				1	1	301	0	0	0	0	0	
#	1612	4000	0	1	1	1	1	1.可以交易；0.被PK不掉	1	0	高級水攻聖御戒指	82	0.全角色	05.戒指	05.綠	2	07.怪物掉寶	5000	1612	6001612	6100000	6200000	4303016	3ditem_a_001	1	82	-1	0	00.無	0		00.無	0	00.無	0				1	1	301	0	0	0	0	0	
#	1613	4000	0	1	1	1	1	1.可以交易；0.被PK不掉	1	0	高級火攻聖御戒指	82	0.全角色	05.戒指	05.綠	2	07.怪物掉寶	5000	1613	6001613	6100000	6200000	4303016	3ditem_a_001	1	82	-1	0	00.無	0		00.無	0	00.無	0				1	1	301	0	0	0	0	0	
#	1614	4000	0	1	1	1	1	1.可以交易；0.被PK不掉	1	0	高級風攻聖御戒指	82	0.全角色	05.戒指	05.綠	2	07.怪物掉寶	5000	1614	6001614	6100000	6200000	4303016	3ditem_a_001	1	82	-1	0	00.無	0		00.無	0	00.無	0				1	1	301	0	0	0	0	0	
#	1615	4000	0	1	1	1	0	1.可以交易；1.被PK會掉	1	1	一般次元戒指	87	0.全角色	05.戒指	04.白	1	03.商店購買	5000	1615	6001615	6100000	6200000	4303017	3ditem_a_001	1	87	-1	0	00.無	0		00.無	0	00.無	0				1	1	301	0	0	0	0	0	
#	1616	4000	0	1	1	1	1	1.可以交易；0.被PK不掉	1	0	高級地攻次元戒指	87	0.全角色	05.戒指	05.綠	2	07.怪物掉寶	5000	1616	6001616	6100000	6200000	4303017	3ditem_a_001	1	87	-1	0	00.無	0		00.無	0	00.無	0				1	1	301	0	0	0	0	0	
#	1617	4000	0	1	1	1	1	1.可以交易；0.被PK不掉	1	0	高級水攻次元戒指	87	0.全角色	05.戒指	05.綠	2	07.怪物掉寶	5000	1617	6001617	6100000	6200000	4303017	3ditem_a_001	1	87	-1	0	00.無	0		00.無	0	00.無	0				1	1	301	0	0	0	0	0	
#	1618	4000	0	1	1	1	1	1.可以交易；0.被PK不掉	1	0	高級火攻次元戒指	87	0.全角色	05.戒指	05.綠	2	07.怪物掉寶	5000	1618	6001618	6100000	6200000	4303017	3ditem_a_001	1	87	-1	0	00.無	0		00.無	0	00.無	0				1	1	301	0	0	0	0	0	
#	1619	4000	0	1	1	1	1	1.可以交易；0.被PK不掉	1	0	高級風攻次元戒指	87	0.全角色	05.戒指	05.綠	2	07.怪物掉寶	5000	1619	6001619	6100000	6200000	4303017	3ditem_a_001	1	87	-1	0	00.無	0		00.無	0	00.無	0				1	1	301	0	0	0	0	0	
#	1620	4000	0	1	1	1	0	1.可以交易；1.被PK會掉	1	1	一般魔瞳戒指	92	0.全角色	05.戒指	04.白	1	03.商店購買	5000	1620	6001620	6100000	6200000	4303018	3ditem_a_001	1	92	-1	0	00.無	0		00.無	0	00.無	0				1	1	301	0	0	0	0	0	
#	1621	4000	0	1	1	1	1	1.可以交易；0.被PK不掉	1	0	高級地攻魔瞳戒指	92	0.全角色	05.戒指	05.綠	2	07.怪物掉寶	5000	1621	6001621	6100000	6200000	4303018	3ditem_a_001	1	92	-1	0	00.無	0		00.無	0	00.無	0				1	1	301	0	0	0	0	0	
#	1622	4000	0	1	1	1	1	1.可以交易；0.被PK不掉	1	0	高級水攻魔瞳戒指	92	0.全角色	05.戒指	05.綠	2	07.怪物掉寶	5000	1622	6001622	6100000	6200000	4303018	3ditem_a_001	1	92	-1	0	00.無	0		00.無	0	00.無	0				1	1	301	0	0	0	0	0	
#	1623	4000	0	1	1	1	1	1.可以交易；0.被PK不掉	1	0	高級火攻魔瞳戒指	92	0.全角色	05.戒指	05.綠	2	07.怪物掉寶	5000	1623	6001623	6100000	6200000	4303018	3ditem_a_001	1	92	-1	0	00.無	0		00.無	0	00.無	0				1	1	301	0	0	0	0	0	
#	1624	4000	0	1	1	1	1	1.可以交易；0.被PK不掉	1	0	高級風攻魔瞳戒指	92	0.全角色	05.戒指	05.綠	2	07.怪物掉寶	5000	1624	6001624	6100000	6200000	4303018	3ditem_a_001	1	92	-1	0	00.無	0		00.無	0	00.無	0				1	1	301	0	0	0	0	0	
#	1625	4000	0	1	1	1	0	1.可以交易；1.被PK會掉	1	1	一般極樂戒指	97	0.全角色	05.戒指	04.白	1	03.商店購買	5000	1625	6001625	6100000	6200000	4303019	3ditem_a_001	1	97	-1	0	00.無	0		00.無	0	00.無	0				1	1	301	0	0	0	0	0	
#	1626	4000	0	1	1	1	1	1.可以交易；0.被PK不掉	1	0	高級地攻極樂戒指	97	0.全角色	05.戒指	05.綠	2	07.怪物掉寶	5000	1626	6001626	6100000	6200000	4303019	3ditem_a_001	1	97	-1	0	00.無	0		00.無	0	00.無	0				1	1	301	0	0	0	0	0	
#	1627	4000	0	1	1	1	1	1.可以交易；0.被PK不掉	1	0	高級水攻極樂戒指	97	0.全角色	05.戒指	05.綠	2	07.怪物掉寶	5000	1627	6001627	6100000	6200000	4303019	3ditem_a_001	1	97	-1	0	00.無	0		00.無	0	00.無	0				1	1	301	0	0	0	0	0	
#	1628	4000	0	1	1	1	1	1.可以交易；0.被PK不掉	1	0	高級火攻極樂戒指	97	0.全角色	05.戒指	05.綠	2	07.怪物掉寶	5000	1628	6001628	6100000	6200000	4303019	3ditem_a_001	1	97	-1	0	00.無	0		00.無	0	00.無	0				1	1	301	0	0	0	0	0	
#	1629	4000	0	1	1	1	1	1.可以交易；0.被PK不掉	1	0	高級風攻極樂戒指	97	0.全角色	05.戒指	05.綠	2	07.怪物掉寶	5000	1629	6001629	6100000	6200000	4303019	3ditem_a_001	1	97	-1	0	00.無	0		00.無	0	00.無	0				1	1	301	0	0	0	0	0	
#	1630	4000	0	1	1	1	1	1.可以交易；0.被PK不掉	1	0	頂級地攻極樂戒指	97	0.全角色	05.戒指	07.紫	4	07.怪物掉寶	5000	1630	6001630	6100000	6200000	4303038	3ditem_a_001	1	97	-1	0	00.無	0		00.無	0	00.無	0				1	1	301	0	0	0	0	0	
#	1631	4000	0	1	1	1	1	1.可以交易；0.被PK不掉	1	0	頂級水攻極樂戒指	97	0.全角色	05.戒指	07.紫	4	07.怪物掉寶	5000	1631	6001631	6100000	6200000	4303038	3ditem_a_001	1	97	-1	0	00.無	0		00.無	0	00.無	0				1	1	301	0	0	0	0	0	
#	1632	4000	0	1	1	1	1	1.可以交易；0.被PK不掉	1	0	頂級火攻極樂戒指	97	0.全角色	05.戒指	07.紫	4	07.怪物掉寶	5000	1632	6001632	6100000	6200000	4303038	3ditem_a_001	1	97	-1	0	00.無	0		00.無	0	00.無	0				1	1	301	0	0	0	0	0	
#	1633	4000	0	1	1	1	1	1.可以交易；0.被PK不掉	1	0	頂級風攻極樂戒指	97	0.全角色	05.戒指	07.紫	4	07.怪物掉寶	5000	1633	6001633	6100000	6200000	4303038	3ditem_a_001	1	97	-1	0	00.無	0		00.無	0	00.無	0				1	1	301	0	0	0	0	0	
# 創角造型																																															
	1634	4000	1	1	1	0	0	0.不可交易；0.被PK不掉	0	0	林沖帽	1	1.林沖	01.帽子 - 林沖	01.創角造型	1	01.創角	5000	1634	6001634	6100000	6200000	4000001	3ditem_a_001	1	1	1	0	00.無	0		00.無	0	00.無	0				0	0	201	0	0	0	0	0	
	1635	4000	1	1	1	0	0	0.不可交易；0.被PK不掉	0	0	林沖服	1	1.林沖	02.上衣 - 林沖	01.創角造型	1	01.創角	5000	1635	6001635	6100000	6200000	4000002	3ditem_a_001	1	1	1	0	00.無	0		00.無	0	00.無	0				0	0	202	0	0	0	0	0	
	1636	4000	1	1	1	0	0	0.不可交易；0.被PK不掉	0	0	林沖鞋	1	1.林沖	03.褲子 - 林沖	01.創角造型	1	01.創角	5000	1636	6001636	6100000	6200000	4000003	3ditem_a_001	1	1	1	0	00.無	0		00.無	0	00.無	0				0	0	203	0	0	0	0	0	
	1637	4000	1	1	1	0	0	0.不可交易；0.被PK不掉	0	0	林沖槍	1	1.林沖	04.武器 - 林沖	01.創角造型	1	01.創角	5000	1637	6001637	6100000	6200000	4000004	3ditem_a_001	1	1	1	0	00.無	0		00.無	0	00.無	0				0	0	204	0	0	0	0	0	
	1638	4000	1	1	1	0	0	0.不可交易；0.被PK不掉	0	0	雷橫頭巾	1	2.雷橫	01.帽子 - 雷橫	01.創角造型	1	01.創角	5000	1638	6001638	6100000	6200000	4000329	3ditem_a_001	1	1	2	0	00.無	0		00.無	0	00.無	0				0	0	205	0	0	0	0	0	
	1639	4000	1	1	1	0	0	0.不可交易；0.被PK不掉	0	0	雷橫背心	1	2.雷橫	02.上衣 - 雷橫	01.創角造型	1	01.創角	5000	1639	6001639	6100000	6200000	4000330	3ditem_a_001	1	1	2	0	00.無	0		00.無	0	00.無	0				0	0	206	0	0	0	0	0	
	1640	4000	1	1	1	0	0	0.不可交易；0.被PK不掉	0	0	雷橫鞋	1	2.雷橫	03.褲子 - 雷橫	01.創角造型	1	01.創角	5000	1640	6001640	6100000	6200000	4000331	3ditem_a_001	1	1	2	0	00.無	0		00.無	0	00.無	0				0	0	207	0	0	0	0	0	
	1641	4000	1	1	1	0	0	0.不可交易；0.被PK不掉	0	0	雷橫拳套	1	2.雷橫	04.武器 - 雷橫	01.創角造型	1	01.創角	5000	1641	6001641	6100000	6200000	4000332	3ditem_a_001	1	1	2	0	00.無	0		00.無	0	00.無	0				0	0	208	0	0	0	0	0	
	1642	4000	1	1	1	0	0	0.不可交易；0.被PK不掉	0	0	孫二娘帽	1	3.孫二娘	01.帽子 - 孫二娘	01.創角造型	1	01.創角	5000	1642	6001642	6100000	6200000	4000657	3ditem_a_001	1	1	4	0	00.無	0		00.無	0	00.無	0				0	0	209	0	0	0	0	0	
	1643	4000	1	1	1	0	0	0.不可交易；0.被PK不掉	0	0	孫二娘服	1	3.孫二娘	02.上衣 - 孫二娘	01.創角造型	1	01.創角	5000	1643	6001643	6100000	6200000	4000658	3ditem_a_001	1	1	4	0	00.無	0		00.無	0	00.無	0				0	0	210	0	0	0	0	0	
	1644	4000	1	1	1	0	0	0.不可交易；0.被PK不掉	0	0	孫二娘鞋	1	3.孫二娘	03.褲子 - 孫二娘	01.創角造型	1	01.創角	5000	1644	6001644	6100000	6200000	4000659	3ditem_a_001	1	1	4	0	00.無	0		00.無	0	00.無	0				0	0	211	0	0	0	0	0	
	1645	4000	1	1	1	0	0	0.不可交易；0.被PK不掉	0	0	孫二娘法杖	1	3.孫二娘	04.武器 - 孫二娘	01.創角造型	1	01.創角	5000	1645	6001645	6100000	6200000	4000660	3ditem_a_001	1	1	4	0	00.無	0		00.無	0	00.無	0				0	0	212	0	0	0	0	0	
	1646	4000	1	1	1	0	0	0.不可交易；0.被PK不掉	0	0	戴宗頭巾	1	4.戴宗	01.帽子 - 戴宗	01.創角造型	1	01.創角	5000	1646	6001646	6100000	6200000	4000985	3ditem_a_001	1	1	8	0	00.無	0		00.無	0	00.無	0				0	0	213	0	0	0	0	0	
	1647	4000	1	1	1	0	0	0.不可交易；0.被PK不掉	0	0	戴宗服	1	4.戴宗	02.上衣 - 戴宗	01.創角造型	1	01.創角	5000	1647	6001647	6100000	6200000	4000986	3ditem_a_001	1	1	8	0	00.無	0		00.無	0	00.無	0				0	0	214	0	0	0	0	0	
	1648	4000	1	1	1	0	0	0.不可交易；0.被PK不掉	0	0	戴宗鞋	1	4.戴宗	03.褲子 - 戴宗	01.創角造型	1	01.創角	5000	1648	6001648	6100000	6200000	4000987	3ditem_a_001	1	1	8	0	00.無	0		00.無	0	00.無	0				0	0	215	0	0	0	0	0	
	1649	4000	1	1	1	0	0	0.不可交易；0.被PK不掉	0	0	戴宗徽章	1	4.戴宗	04.武器 - 戴宗	01.創角造型	1	01.創角	5000	1649	6001649	6100000	6200000	4000988	3ditem_a_001	1	1	8	0	00.無	0		00.無	0	00.無	0				0	0	216	0	0	0	0	0	
	1650	4000	1	1	1	0	0	0.不可交易；0.被PK不掉	0	0	史進帽	1	5.史進	01.帽子 - 史進	01.創角造型	1	01.創角	5000	1650	6001650	6100000	6200000	4010001	3ditem_a_001	1	1	16	0	00.無	0		00.無	0	00.無	0				0	0	217	0	0	0	0	0	
	1651	4000	1	1	1	0	0	0.不可交易；0.被PK不掉	0	0	史進服	1	5.史進	02.上衣 - 史進	01.創角造型	1	01.創角	5000	1651	6001651	6100000	6200000	4010002	3ditem_a_001	1	1	16	0	00.無	0		00.無	0	00.無	0				0	0	218	0	0	0	0	0	
	1652	4000	1	1	1	0	0	0.不可交易；0.被PK不掉	0	0	史進褲	1	5.史進	03.褲子 - 史進	01.創角造型	1	01.創角	5000	1652	6001652	6100000	6200000	4010003	3ditem_a_001	1	1	16	0	00.無	0		00.無	0	00.無	0				0	0	219	0	0	0	0	0	
	1653	4000	1	1	1	0	0	0.不可交易；0.被PK不掉	0	0	史進長棍	1	5.史進	04.武器 - 史進	01.創角造型	1	01.創角	5000	1653	6001653	6100000	6200000	4010004	3ditem_a_001	1	1	16	0	00.無	0		00.無	0	00.無	0				0	0	220	0	0	0	0	0	
	1654	4000	1	1	1	0	0	0.不可交易；0.被PK不掉	0	0	李逵頭巾	1	6.李逵	01.帽子 - 李逵	01.創角造型	1	01.創角	5000	1654	6001654	6100000	6200000	4010329	3ditem_a_001	1	1	32	0	00.無	0		00.無	0	00.無	0				0	0	221	0	0	0	0	0	
	1655	4000	1	1	1	0	0	0.不可交易；0.被PK不掉	0	0	李逵褲	1	6.李逵	02.上衣 - 李逵	01.創角造型	1	01.創角	5000	1655	6001655	6100000	6200000	4010330	3ditem_a_001	1	1	32	0	00.無	0		00.無	0	00.無	0				0	0	222	0	0	0	0	0	
	1656	4000	1	1	1	0	0	0.不可交易；0.被PK不掉	0	0	李逵背心	1	6.李逵	03.褲子 - 李逵	01.創角造型	1	01.創角	5000	1656	6001656	6100000	6200000	4010331	3ditem_a_001	1	1	32	0	00.無	0		00.無	0	00.無	0				0	0	223	0	0	0	0	0	
	1657	4000	1	1	1	0	0	0.不可交易；0.被PK不掉	0	0	李逵斧頭	1	6.李逵	04.武器 - 李逵	01.創角造型	1	01.創角	5000	1657	6001657	6100000	6200000	4010332	3ditem_a_001	1	1	32	0	00.無	0		00.無	0	00.無	0				0	0	224	0	0	0	0	0	
	1658	4000	1	1	1	0	0	0.不可交易；0.被PK不掉	0	0	顧大嫂帽	1	7.顧大嫂	01.帽子 - 顧大嫂	01.創角造型	1	01.創角	5000	1658	6001658	6100000	6200000	4010657	3ditem_a_001	1	1	64	0	00.無	0		00.無	0	00.無	0				0	0	225	0	0	0	0	0	
	1659	4000	1	1	1	0	0	0.不可交易；0.被PK不掉	0	0	顧大嫂鞋	1	7.顧大嫂	02.上衣 - 顧大嫂	01.創角造型	1	01.創角	5000	1659	6001659	6100000	6200000	4010658	3ditem_a_001	1	1	64	0	00.無	0		00.無	0	00.無	0				0	0	226	0	0	0	0	0	
	1660	4000	1	1	1	0	0	0.不可交易；0.被PK不掉	0	0	顧大嫂服	1	7.顧大嫂	03.褲子 - 顧大嫂	01.創角造型	1	01.創角	5000	1660	6001660	6100000	6200000	4010659	3ditem_a_001	1	1	64	0	00.無	0		00.無	0	00.無	0				0	0	227	0	0	0	0	0	
	1661	4000	1	1	1	0	0	0.不可交易；0.被PK不掉	0	0	顧大嫂狼牙棒	1	7.顧大嫂	04.武器 - 顧大嫂	01.創角造型	1	01.創角	5000	1661	6001661	6100000	6200000	4010660	3ditem_a_001	1	1	64	0	00.無	0		00.無	0	00.無	0				0	0	228	0	0	0	0	0	
	1662	4000	1	1	1	0	0	0.不可交易；0.被PK不掉	0	0	花榮頭巾	1	8.花榮	01.帽子 - 花榮	01.創角造型	1	01.創角	5000	1662	6001662	6100000	6200000	4010985	3ditem_a_001	1	1	128	0	00.無	0		00.無	0	00.無	0				0	0	229	0	0	0	0	0	
	1663	4000	1	1	1	0	0	0.不可交易；0.被PK不掉	0	0	花榮面甲	1	8.花榮	02.上衣 - 花榮	01.創角造型	1	01.創角	5000	1663	6001663	6100000	6200000	4010986	3ditem_a_001	1	1	128	0	00.無	0		00.無	0	00.無	0				0	0	230	0	0	0	0	0	
	1664	4000	1	1	1	0	0	0.不可交易；0.被PK不掉	0	0	花榮連身甲	1	8.花榮	03.褲子 - 花榮	01.創角造型	1	01.創角	5000	1664	6001664	6100000	6200000	4010987	3ditem_a_001	1	1	128	0	00.無	0		00.無	0	00.無	0				0	0	231	0	0	0	0	0	
	1665	4000	1	1	1	0	0	0.不可交易；0.被PK不掉	0	0	花榮弓箭	1	8.花榮	04.武器 - 花榮	01.創角造型	1	01.創角	5000	1665	6001665	6100000	6200000	4010988	3ditem_a_001	1	1	128	0	00.無	0		00.無	0	00.無	0				0	0	232	0	0	0	0	0	
# 第二小隊裝備																																															
	1666	4000	1	1	1	1	0	1.可以交易；0.被PK不掉	1	0	史進帽	1	5.史進	01.帽子 - 史進	02.初始裝備	1	02.初始	5000	1666	6001666	6100000	6200000	4010001	3ditem_a_001	1	1	16	0	00.無	0		00.無	0	00.無	0				130	13	217	0	0	0	0	0	
	1667	4000	1	1	1	1	0	1.可以交易；0.被PK不掉	1	0	史進服	1	5.史進	02.上衣 - 史進	02.初始裝備	1	02.初始	5000	1667	6001667	6100000	6200000	4010002	3ditem_a_001	1	1	16	0	00.無	0		00.無	0	00.無	0				170	17	218	0	0	0	0	0	
	1668	4000	1	1	1	1	0	1.可以交易；0.被PK不掉	1	0	史進褲	1	5.史進	03.褲子 - 史進	02.初始裝備	1	02.初始	5000	1668	6001668	6100000	6200000	4010003	3ditem_a_001	1	1	16	0	00.無	0		00.無	0	00.無	0				150	15	219	0	0	0	0	0	
	1669	4000	1	1	1	1	0	1.可以交易；0.被PK不掉	1	0	史進長棍	1	5.史進	04.武器 - 史進	02.初始裝備	1	02.初始	5000	1669	6001669	6100000	6200000	4010004	3ditem_a_001	1	1	16	0	00.無	0		00.無	0	00.無	0				280	28	220	0	0	0	0	0	
	1670	4000	1	1	1	1	0	1.可以交易；1.被PK會掉	1	1	劣質布帽	10	5.史進	01.帽子 - 史進	03.灰	0	07.怪物掉寶	5000	1670	6001670	6100000	6200000	4010005	3ditem_a_001	1	10	16	0	00.無	0		00.無	0	00.無	0				630	32	217	0	0	0	0	0	
	1671	4000	1	1	1	1	0	1.可以交易；1.被PK會掉	1	1	劣質布衣	10	5.史進	02.上衣 - 史進	03.灰	0	07.怪物掉寶	5000	1671	6001671	6100000	6200000	4010006	3ditem_a_001	1	10	16	0	00.無	0		00.無	0	00.無	0				820	41	218	0	0	0	0	0	
	1672	4000	1	1	1	1	0	1.可以交易；1.被PK會掉	1	1	劣質褲	10	5.史進	03.褲子 - 史進	03.灰	0	07.怪物掉寶	5000	1672	6001672	6100000	6200000	4010007	3ditem_a_001	1	10	16	0	00.無	0		00.無	0	00.無	0				720	36	219	0	0	0	0	0	
	1673	4000	1	1	1	1	0	1.可以交易；1.被PK會掉	1	1	木長棍	10	5.史進	04.武器 - 史進	03.灰	0	07.怪物掉寶	5000	1673	6001673	6100000	6200000	4010008	3ditem_a_001	1	10	16	0	00.無	0		00.無	0	00.無	0				1360	68	220	0	0	0	0	0	
	1674	4000	1	1	1	1	0	1.可以交易；1.被PK會掉	1	1	平民布帽	10	5.史進	01.帽子 - 史進	04.白	1	03.商店購買	5000	1674	6001674	6100000	6200000	4010009	3ditem_a_001	1	10	16	0	00.無	0		00.無	0	00.無	0				630	63	217	0	0	0	0	0	
	1675	4000	1	1	1	1	0	1.可以交易；1.被PK會掉	1	1	平民布衣	10	5.史進	02.上衣 - 史進	04.白	1	03.商店購買	5000	1675	6001675	6100000	6200000	4010010	3ditem_a_001	1	10	16	0	00.無	0		00.無	0	00.無	0				820	82	218	0	0	0	0	0	
	1676	4000	1	1	1	1	0	1.可以交易；1.被PK會掉	1	1	平民褲	10	5.史進	03.褲子 - 史進	04.白	1	03.商店購買	5000	1676	6001676	6100000	6200000	4010011	3ditem_a_001	1	10	16	0	00.無	0		00.無	0	00.無	0				720	72	219	0	0	0	0	0	
	1677	4000	1	1	1	1	0	1.可以交易；1.被PK會掉	1	1	鐵長棍	10	5.史進	04.武器 - 史進	04.白	1	03.商店購買	5000	1677	6001677	6100000	6200000	4010012	3ditem_a_001	1	10	16	0	00.無	0		00.無	0	00.無	0				1360	136	220	0	0	0	0	0	
	1678	4000	1	1	1	1	1	1.可以交易；0.被PK不掉	1	0	傳統布帽	10	5.史進	01.帽子 - 史進	05.綠	2	07.怪物掉寶	5000	1678	6001678	6100000	6200000	4010013	3ditem_a_001	1	10	16	0	00.無	0		00.無	0	00.無	0				630	32	217	0	0	0	0	0	
	1679	4000	1	1	1	1	1	1.可以交易；0.被PK不掉	1	0	傳統布衣	10	5.史進	02.上衣 - 史進	05.綠	2	07.怪物掉寶	5000	1679	6001679	6100000	6200000	4010014	3ditem_a_001	1	10	16	0	00.無	0		00.無	0	00.無	0				820	41	218	0	0	0	0	0	
	1680	4000	1	1	1	1	1	1.可以交易；0.被PK不掉	1	0	傳統褲	10	5.史進	03.褲子 - 史進	05.綠	2	07.怪物掉寶	5000	1680	6001680	6100000	6200000	4010015	3ditem_a_001	1	10	16	0	00.無	0		00.無	0	00.無	0				720	36	219	0	0	0	0	0	
	1681	4000	1	1	1	1	1	1.可以交易；0.被PK不掉	1	0	銅長棍	10	5.史進	04.武器 - 史進	05.綠	2	07.怪物掉寶	5000	1681	6001681	6100000	6200000	4010016	3ditem_a_001	1	10	16	0	00.無	0		00.無	0	00.無	0				1360	68	220	0	0	0	0	0	
	1682	4000	1	1	1	1	1	1.可以交易；0.被PK不掉	1	0	特級布帽	10	5.史進	01.帽子 - 史進	06.藍	3	12.收集品交換	5000	1682	6001682	6100000	6200000	4010017	3ditem_a_001	1	10	16	0	00.無	0		00.無	0	00.無	0				630	32	217	0	0	0	0	0	
	1683	4000	1	1	1	1	1	1.可以交易；0.被PK不掉	1	0	特級布衣	10	5.史進	02.上衣 - 史進	06.藍	3	12.收集品交換	5000	1683	6001683	6100000	6200000	4010018	3ditem_a_001	1	10	16	0	00.無	0		00.無	0	00.無	0				820	41	218	0	0	0	0	0	
	1684	4000	1	1	1	1	1	1.可以交易；0.被PK不掉	1	0	特級褲	10	5.史進	03.褲子 - 史進	06.藍	3	12.收集品交換	5000	1684	6001684	6100000	6200000	4010019	3ditem_a_001	1	10	16	0	00.無	0		00.無	0	00.無	0				720	36	219	0	0	0	0	0	
	1685	4000	1	1	1	1	1	1.可以交易；0.被PK不掉	1	0	銀長棍	10	5.史進	04.武器 - 史進	06.藍	3	12.收集品交換	5000	1685	6001685	6100000	6200000	4010020	3ditem_a_001	1	10	16	0	00.無	0		00.無	0	00.無	0				1360	68	220	0	0	0	0	0	
	1686	4000	1	1	1	1	0	1.可以交易；1.被PK會掉	1	1	禪灰帽	15	5.史進	01.帽子 - 史進	03.灰	0	07.怪物掉寶	5000	1686	6001686	6100000	6200000	4010021	3ditem_a_001	1	15	16	0	00.無	0		00.無	0	00.無	0				2330	117	217	0	0	0	0	0	
	1687	4000	1	1	1	1	0	1.可以交易；1.被PK會掉	1	1	禪灰衣	15	5.史進	02.上衣 - 史進	03.灰	0	07.怪物掉寶	5000	1687	6001687	6100000	6200000	4010022	3ditem_a_001	1	15	16	0	00.無	0		00.無	0	00.無	0				3000	150	218	0	0	0	0	0	
	1688	4000	1	1	1	1	0	1.可以交易；1.被PK會掉	1	1	禪灰褲	15	5.史進	03.褲子 - 史進	03.灰	0	07.怪物掉寶	5000	1688	6001688	6100000	6200000	4010023	3ditem_a_001	1	15	16	0	00.無	0		00.無	0	00.無	0				2660	133	219	0	0	0	0	0	
	1689	4000	1	1	1	1	0	1.可以交易；1.被PK會掉	1	1	禪灰木長棍	15	5.史進	04.武器 - 史進	03.灰	0	07.怪物掉寶	5000	1689	6001689	6100000	6200000	4010024	3ditem_a_001	1	15	16	0	00.無	0		00.無	0	00.無	0				4990	250	220	0	0	0	0	0	
	1690	4000	1	1	1	1	0	1.可以交易；1.被PK會掉	1	1	青蓮帽	15	5.史進	01.帽子 - 史進	04.白	1	03.商店購買	5000	1690	6001690	6100000	6200000	4010025	3ditem_a_001	1	15	16	0	00.無	0		00.無	0	00.無	0				2330	233	217	0	0	0	0	0	
	1691	4000	1	1	1	1	0	1.可以交易；1.被PK會掉	1	1	青蓮衣	15	5.史進	02.上衣 - 史進	04.白	1	03.商店購買	5000	1691	6001691	6100000	6200000	4010026	3ditem_a_001	1	15	16	0	00.無	0		00.無	0	00.無	0				3000	300	218	0	0	0	0	0	
	1692	4000	1	1	1	1	0	1.可以交易；1.被PK會掉	1	1	青蓮褲	15	5.史進	03.褲子 - 史進	04.白	1	03.商店購買	5000	1692	6001692	6100000	6200000	4010027	3ditem_a_001	1	15	16	0	00.無	0		00.無	0	00.無	0				2660	266	219	0	0	0	0	0	
	1693	4000	1	1	1	1	0	1.可以交易；1.被PK會掉	1	1	青蓮鐵長棍	15	5.史進	04.武器 - 史進	04.白	1	03.商店購買	5000	1693	6001693	6100000	6200000	4010028	3ditem_a_001	1	15	16	0	00.無	0		00.無	0	00.無	0				4990	499	220	0	0	0	0	0	
	1694	4000	1	1	1	1	1	1.可以交易；0.被PK不掉	1	0	紺碧帽	15	5.史進	01.帽子 - 史進	05.綠	2	07.怪物掉寶	5000	1694	6001694	6100000	6200000	4010029	3ditem_a_001	1	15	16	0	00.無	0		00.無	0	00.無	0				2330	117	217	0	0	0	0	0	
	1695	4000	1	1	1	1	1	1.可以交易；0.被PK不掉	1	0	紺碧衣	15	5.史進	02.上衣 - 史進	05.綠	2	07.怪物掉寶	5000	1695	6001695	6100000	6200000	4010030	3ditem_a_001	1	15	16	0	00.無	0		00.無	0	00.無	0				3000	150	218	0	0	0	0	0	
	1696	4000	1	1	1	1	1	1.可以交易；0.被PK不掉	1	0	紺碧褲	15	5.史進	03.褲子 - 史進	05.綠	2	07.怪物掉寶	5000	1696	6001696	6100000	6200000	4010031	3ditem_a_001	1	15	16	0	00.無	0		00.無	0	00.無	0				2660	133	219	0	0	0	0	0	
	1697	4000	1	1	1	1	1	1.可以交易；0.被PK不掉	1	0	紺碧銅長棍	15	5.史進	04.武器 - 史進	05.綠	2	07.怪物掉寶	5000	1697	6001697	6100000	6200000	4010032	3ditem_a_001	1	15	16	0	00.無	0		00.無	0	00.無	0				4990	250	220	0	0	0	0	0	
	1698	4000	1	1	1	1	1	1.可以交易；0.被PK不掉	1	0	彌剎帽	15	5.史進	01.帽子 - 史進	06.藍	3	12.收集品交換	5000	1698	6001698	6100000	6200000	4010033	3ditem_a_001	1	15	16	0	00.無	0		00.無	0	00.無	0				2330	117	217	0	0	0	0	0	
	1699	4000	1	1	1	1	1	1.可以交易；0.被PK不掉	1	0	彌剎衣	15	5.史進	02.上衣 - 史進	06.藍	3	12.收集品交換	5000	1699	6001699	6100000	6200000	4010034	3ditem_a_001	1	15	16	0	00.無	0		00.無	0	00.無	0				3000	150	218	0	0	0	0	0	
	1700	4000	1	1	1	1	1	1.可以交易；0.被PK不掉	1	0	彌剎褲	15	5.史進	03.褲子 - 史進	06.藍	3	12.收集品交換	5000	1700	6001700	6100000	6200000	4010035	3ditem_a_001	1	15	16	0	00.無	0		00.無	0	00.無	0				2660	133	219	0	0	0	0	0	
	1701	4000	1	1	1	1	1	1.可以交易；0.被PK不掉	1	0	彌剎銀長棍	15	5.史進	04.武器 - 史進	06.藍	3	12.收集品交換	5000	1701	6001701	6100000	6200000	4010036	3ditem_a_001	1	15	16	0	00.無	0		00.無	0	00.無	0				4990	250	220	0	0	0	0	0	
	1702	4000	1	1	1	1	0	1.可以交易；1.被PK會掉	1	1	赤炎帽	20	5.史進	01.帽子 - 史進	03.灰	0	07.怪物掉寶	5000	1702	6001702	6100000	6200000	4010037	3ditem_a_001	1	20	16	0	00.無	0		00.無	0	00.無	0				8540	427	217	0	0	0	0	0	
	1703	4000	1	1	1	1	0	1.可以交易；1.被PK會掉	1	1	赤炎衣	20	5.史進	02.上衣 - 史進	03.灰	0	07.怪物掉寶	5000	1703	6001703	6100000	6200000	4010038	3ditem_a_001	1	20	16	0	00.無	0		00.無	0	00.無	0				10980	549	218	0	0	0	0	0	
	1704	4000	1	1	1	1	0	1.可以交易；1.被PK會掉	1	1	赤炎褲	20	5.史進	03.褲子 - 史進	03.灰	0	07.怪物掉寶	5000	1704	6001704	6100000	6200000	4010039	3ditem_a_001	1	20	16	0	00.無	0		00.無	0	00.無	0				9760	488	219	0	0	0	0	0	
	1705	4000	1	1	1	1	0	1.可以交易；1.被PK會掉	1	1	赤炎木長棍	20	5.史進	04.武器 - 史進	03.灰	0	07.怪物掉寶	5000	1705	6001705	6100000	6200000	4010040	3ditem_a_001	1	20	16	0	00.無	0		00.無	0	00.無	0				18300	915	220	0	0	0	0	0	
	1706	4000	1	1	1	1	0	1.可以交易；1.被PK會掉	1	1	氣返帽	20	5.史進	01.帽子 - 史進	04.白	1	03.商店購買	5000	1706	6001706	6100000	6200000	4010041	3ditem_a_001	1	20	16	0	00.無	0		00.無	0	00.無	0				8540	854	217	0	0	0	0	0	
	1707	4000	1	1	1	1	0	1.可以交易；1.被PK會掉	1	1	氣返衣	20	5.史進	02.上衣 - 史進	04.白	1	03.商店購買	5000	1707	6001707	6100000	6200000	4010042	3ditem_a_001	1	20	16	0	00.無	0		00.無	0	00.無	0				10980	1098	218	0	0	0	0	0	
	1708	4000	1	1	1	1	0	1.可以交易；1.被PK會掉	1	1	氣返褲	20	5.史進	03.褲子 - 史進	04.白	1	03.商店購買	5000	1708	6001708	6100000	6200000	4010043	3ditem_a_001	1	20	16	0	00.無	0		00.無	0	00.無	0				9760	976	219	0	0	0	0	0	
	1709	4000	1	1	1	1	0	1.可以交易；1.被PK會掉	1	1	氣返鐵長棍	20	5.史進	04.武器 - 史進	04.白	1	03.商店購買	5000	1709	6001709	6100000	6200000	4010044	3ditem_a_001	1	20	16	0	00.無	0		00.無	0	00.無	0				18300	1830	220	0	0	0	0	0	
	1710	4000	1	1	1	1	1	1.可以交易；0.被PK不掉	1	0	靈妙帽	20	5.史進	01.帽子 - 史進	05.綠	2	07.怪物掉寶	5000	1710	6001710	6100000	6200000	4010045	3ditem_a_001	1	20	16	0	00.無	0		00.無	0	00.無	0				8540	427	217	0	0	0	0	0	
	1711	4000	1	1	1	1	1	1.可以交易；0.被PK不掉	1	0	靈妙衣	20	5.史進	02.上衣 - 史進	05.綠	2	07.怪物掉寶	5000	1711	6001711	6100000	6200000	4010046	3ditem_a_001	1	20	16	0	00.無	0		00.無	0	00.無	0				10980	549	218	0	0	0	0	0	
	1712	4000	1	1	1	1	1	1.可以交易；0.被PK不掉	1	0	靈妙褲	20	5.史進	03.褲子 - 史進	05.綠	2	07.怪物掉寶	5000	1712	6001712	6100000	6200000	4010047	3ditem_a_001	1	20	16	0	00.無	0		00.無	0	00.無	0				9760	488	219	0	0	0	0	0	
	1713	4000	1	1	1	1	1	1.可以交易；0.被PK不掉	1	0	靈妙銅長棍	20	5.史進	04.武器 - 史進	05.綠	2	07.怪物掉寶	5000	1713	6001713	6100000	6200000	4010048	3ditem_a_001	1	20	16	0	00.無	0		00.無	0	00.無	0				18300	915	220	0	0	0	0	0	
	1714	4000	1	1	1	1	1	1.可以交易；0.被PK不掉	1	0	佛陀帽	20	5.史進	01.帽子 - 史進	06.藍	3	12.收集品交換	5000	1714	6001714	6100000	6200000	4010049	3ditem_a_001	1	20	16	0	00.無	0		00.無	0	00.無	0				8540	427	217	0	0	0	0	0	
	1715	4000	1	1	1	1	1	1.可以交易；0.被PK不掉	1	0	佛陀衣	20	5.史進	02.上衣 - 史進	06.藍	3	12.收集品交換	5000	1715	6001715	6100000	6200000	4010050	3ditem_a_001	1	20	16	0	00.無	0		00.無	0	00.無	0				10980	549	218	0	0	0	0	0	
	1716	4000	1	1	1	1	1	1.可以交易；0.被PK不掉	1	0	佛陀褲	20	5.史進	03.褲子 - 史進	06.藍	3	12.收集品交換	5000	1716	6001716	6100000	6200000	4010051	3ditem_a_001	1	20	16	0	00.無	0		00.無	0	00.無	0				9760	488	219	0	0	0	0	0	
	1717	4000	1	1	1	1	1	1.可以交易；0.被PK不掉	1	0	佛陀銀長棍	20	5.史進	04.武器 - 史進	06.藍	3	12.收集品交換	5000	1717	6001717	6100000	6200000	4010052	3ditem_a_001	1	20	16	0	00.無	0		00.無	0	00.無	0				18300	915	220	0	0	0	0	0	
	1718	4000	1	1	1	1	1	1.可以交易；0.被PK不掉	1	0	牛皮帽	35	5.史進	01.帽子 - 史進	07.紫	4	07.怪物掉寶	5000	1718	6001718	6100000	6200000	4010053	3ditem_a_001	1	35	16	0	00.無	0		00.無	0	00.無	0				114700	5735	217	0	0	0	0	0	
	1719	4000	1	1	1	1	1	1.可以交易；0.被PK不掉	1	0	牛皮衣	35	5.史進	02.上衣 - 史進	07.紫	4	07.怪物掉寶	5000	1719	6001719	6100000	6200000	4010054	3ditem_a_001	1	35	16	0	00.無	0		00.無	0	00.無	0				147400	7370	218	0	0	0	0	0	
	1720	4000	1	1	1	1	1	1.可以交易；0.被PK不掉	1	0	牛皮褲	35	5.史進	03.褲子 - 史進	07.紫	4	07.怪物掉寶	5000	1720	6001720	6100000	6200000	4010055	3ditem_a_001	1	35	16	0	00.無	0		00.無	0	00.無	0				131000	6550	219	0	0	0	0	0	
	1721	4000	1	1	1	1	1	1.可以交易；0.被PK不掉	1	0	金牛長棍	35	5.史進	04.武器 - 史進	07.紫	4	07.怪物掉寶	5000	1721	6001721	6100000	6200000	4010056	3ditem_a_001	1	35	16	0	00.無	0		00.無	0	00.無	0				245700	12285	220	0	0	0	0	0	
	1722	4000	1	1	1	1	0	1.可以交易；1.被PK會掉	1	1	隱士帽	25	5.史進	01.帽子 - 史進	03.灰	0	07.怪物掉寶	5000	1722	6001722	6100000	6200000	4010057	3ditem_a_001	1	25	16	0	00.無	0		00.無	0	00.無	0				24600	1230	217	0	0	0	0	0	
	1723	4000	1	1	1	1	0	1.可以交易；1.被PK會掉	1	1	隱士袍	25	5.史進	02.上衣 - 史進	03.灰	0	07.怪物掉寶	5000	1723	6001723	6100000	6200000	4010058	3ditem_a_001	1	25	16	0	00.無	0		00.無	0	00.無	0				31600	1580	218	0	0	0	0	0	
	1724	4000	1	1	1	1	0	1.可以交易；1.被PK會掉	1	1	隱士褲	25	5.史進	03.褲子 - 史進	03.灰	0	07.怪物掉寶	5000	1724	6001724	6100000	6200000	4010059	3ditem_a_001	1	25	16	0	00.無	0		00.無	0	00.無	0				28100	1405	219	0	0	0	0	0	
	1725	4000	1	1	1	1	0	1.可以交易；1.被PK會掉	1	1	隱士木長棍	25	5.史進	04.武器 - 史進	03.灰	0	07.怪物掉寶	5000	1725	6001725	6100000	6200000	4010060	3ditem_a_001	1	25	16	0	00.無	0		00.無	0	00.無	0				52600	2630	220	0	0	0	0	0	
	1726	4000	1	1	1	1	0	1.可以交易；1.被PK會掉	1	1	居士帽	25	5.史進	01.帽子 - 史進	04.白	1	03.商店購買	5000	1726	6001726	6100000	6200000	4010061	3ditem_a_001	1	25	16	0	00.無	0		00.無	0	00.無	0				24600	2460	217	0	0	0	0	0	
	1727	4000	1	1	1	1	0	1.可以交易；1.被PK會掉	1	1	居士袍	25	5.史進	02.上衣 - 史進	04.白	1	03.商店購買	5000	1727	6001727	6100000	6200000	4010062	3ditem_a_001	1	25	16	0	00.無	0		00.無	0	00.無	0				31600	3160	218	0	0	0	0	0	
	1728	4000	1	1	1	1	0	1.可以交易；1.被PK會掉	1	1	居士褲	25	5.史進	03.褲子 - 史進	04.白	1	03.商店購買	5000	1728	6001728	6100000	6200000	4010063	3ditem_a_001	1	25	16	0	00.無	0		00.無	0	00.無	0				28100	2810	219	0	0	0	0	0	
	1729	4000	1	1	1	1	0	1.可以交易；1.被PK會掉	1	1	居士鐵長棍	25	5.史進	04.武器 - 史進	04.白	1	03.商店購買	5000	1729	6001729	6100000	6200000	4010064	3ditem_a_001	1	25	16	0	00.無	0		00.無	0	00.無	0				52600	5260	220	0	0	0	0	0	
	1730	4000	1	1	1	1	1	1.可以交易；0.被PK不掉	1	0	雅士帽	25	5.史進	01.帽子 - 史進	05.綠	2	07.怪物掉寶	5000	1730	6001730	6100000	6200000	4010065	3ditem_a_001	1	25	16	0	00.無	0		00.無	0	00.無	0				24600	1230	217	0	0	0	0	0	
	1731	4000	1	1	1	1	1	1.可以交易；0.被PK不掉	1	0	雅士袍	25	5.史進	02.上衣 - 史進	05.綠	2	07.怪物掉寶	5000	1731	6001731	6100000	6200000	4010066	3ditem_a_001	1	25	16	0	00.無	0		00.無	0	00.無	0				31600	1580	218	0	0	0	0	0	
	1732	4000	1	1	1	1	1	1.可以交易；0.被PK不掉	1	0	雅士褲	25	5.史進	03.褲子 - 史進	05.綠	2	07.怪物掉寶	5000	1732	6001732	6100000	6200000	4010067	3ditem_a_001	1	25	16	0	00.無	0		00.無	0	00.無	0				28100	1405	219	0	0	0	0	0	
	1733	4000	1	1	1	1	1	1.可以交易；0.被PK不掉	1	0	雅士銅長棍	25	5.史進	04.武器 - 史進	05.綠	2	07.怪物掉寶	5000	1733	6001733	6100000	6200000	4010068	3ditem_a_001	1	25	16	0	00.無	0		00.無	0	00.無	0				52600	2630	220	0	0	0	0	0	
	1734	4000	1	1	1	1	1	0.不可交易；0.被PK不掉	0	0	賢士帽	25	5.史進	01.帽子 - 史進	06.藍	3	12.收集品交換	5000	1734	6001734	6100000	6200000	4010069	3ditem_a_001	1	25	16	0	00.無	0		00.無	0	00.無	0				24600	1230	217	0	0	0	0	0	
	1735	4000	1	1	1	1	1	0.不可交易；0.被PK不掉	0	0	賢士袍	25	5.史進	02.上衣 - 史進	06.藍	3	12.收集品交換	5000	1735	6001735	6100000	6200000	4010070	3ditem_a_001	1	25	16	0	00.無	0		00.無	0	00.無	0				31600	1580	218	0	0	0	0	0	
	1736	4000	1	1	1	1	1	0.不可交易；0.被PK不掉	0	0	賢士褲	25	5.史進	03.褲子 - 史進	06.藍	3	12.收集品交換	5000	1736	6001736	6100000	6200000	4010071	3ditem_a_001	1	25	16	0	00.無	0		00.無	0	00.無	0				28100	1405	219	0	0	0	0	0	
	1737	4000	1	1	1	1	1	0.不可交易；0.被PK不掉	0	0	賢士銀長棍	25	5.史進	04.武器 - 史進	06.藍	3	12.收集品交換	5000	1737	6001737	6100000	6200000	4010072	3ditem_a_001	1	25	16	0	00.無	0		00.無	0	00.無	0				52600	2630	220	0	0	0	0	0	
	1738	4000	1	1	1	1	0	1.可以交易；1.被PK會掉	1	1	勇士帽	30	5.史進	01.帽子 - 史進	03.灰	0	07.怪物掉寶	5000	1738	6001738	6100000	6200000	4010073	3ditem_a_001	1	30	16	0	00.無	0		00.無	0	00.無	0				56300	2815	217	0	0	0	0	0	
	1739	4000	1	1	1	1	0	1.可以交易；1.被PK會掉	1	1	勇士袍	30	5.史進	02.上衣 - 史進	03.灰	0	07.怪物掉寶	5000	1739	6001739	6100000	6200000	4010074	3ditem_a_001	1	30	16	0	00.無	0		00.無	0	00.無	0				72400	3620	218	0	0	0	0	0	
	1740	4000	1	1	1	1	0	1.可以交易；1.被PK會掉	1	1	勇士褲	30	5.史進	03.褲子 - 史進	03.灰	0	07.怪物掉寶	5000	1740	6001740	6100000	6200000	4010075	3ditem_a_001	1	30	16	0	00.無	0		00.無	0	00.無	0				64400	3220	219	0	0	0	0	0	
	1741	4000	1	1	1	1	0	1.可以交易；1.被PK會掉	1	1	勇士木長棍	30	5.史進	04.武器 - 史進	03.灰	0	07.怪物掉寶	5000	1741	6001741	6100000	6200000	4010076	3ditem_a_001	1	30	16	0	00.無	0		00.無	0	00.無	0				120700	6035	220	0	0	0	0	0	
	1742	4000	1	1	1	1	0	1.可以交易；1.被PK會掉	1	1	鍛鍊帽	30	5.史進	01.帽子 - 史進	04.白	1	03.商店購買	5000	1742	6001742	6100000	6200000	4010077	3ditem_a_001	1	30	16	0	00.無	0		00.無	0	00.無	0				56300	5630	217	0	0	0	0	0	
	1743	4000	1	1	1	1	0	1.可以交易；1.被PK會掉	1	1	鍛鍊袍	30	5.史進	02.上衣 - 史進	04.白	1	03.商店購買	5000	1743	6001743	6100000	6200000	4010078	3ditem_a_001	1	30	16	0	00.無	0		00.無	0	00.無	0				72400	7240	218	0	0	0	0	0	
	1744	4000	1	1	1	1	0	1.可以交易；1.被PK會掉	1	1	鍛鍊褲	30	5.史進	03.褲子 - 史進	04.白	1	03.商店購買	5000	1744	6001744	6100000	6200000	4010079	3ditem_a_001	1	30	16	0	00.無	0		00.無	0	00.無	0				64400	6440	219	0	0	0	0	0	
	1745	4000	1	1	1	1	0	1.可以交易；1.被PK會掉	1	1	鍛鍊鐵長棍	30	5.史進	04.武器 - 史進	04.白	1	03.商店購買	5000	1745	6001745	6100000	6200000	4010080	3ditem_a_001	1	30	16	0	00.無	0		00.無	0	00.無	0				120700	12070	220	0	0	0	0	0	
	1746	4000	1	1	1	1	1	1.可以交易；0.被PK不掉	1	0	鋼體帽	30	5.史進	01.帽子 - 史進	05.綠	2	07.怪物掉寶	5000	1746	6001746	6100000	6200000	4010081	3ditem_a_001	1	30	16	0	00.無	0		00.無	0	00.無	0				56300	2815	217	0	0	0	0	0	
	1747	4000	1	1	1	1	1	1.可以交易；0.被PK不掉	1	0	鋼體袍	30	5.史進	02.上衣 - 史進	05.綠	2	07.怪物掉寶	5000	1747	6001747	6100000	6200000	4010082	3ditem_a_001	1	30	16	0	00.無	0		00.無	0	00.無	0				72400	3620	218	0	0	0	0	0	
	1748	4000	1	1	1	1	1	1.可以交易；0.被PK不掉	1	0	鋼體褲	30	5.史進	03.褲子 - 史進	05.綠	2	07.怪物掉寶	5000	1748	6001748	6100000	6200000	4010083	3ditem_a_001	1	30	16	0	00.無	0		00.無	0	00.無	0				64400	3220	219	0	0	0	0	0	
	1749	4000	1	1	1	1	1	1.可以交易；0.被PK不掉	1	0	鋼體銅長棍	30	5.史進	04.武器 - 史進	05.綠	2	07.怪物掉寶	5000	1749	6001749	6100000	6200000	4010084	3ditem_a_001	1	30	16	0	00.無	0		00.無	0	00.無	0				120700	6035	220	0	0	0	0	0	
	1750	4000	1	1	1	1	1	1.可以交易；0.被PK不掉	1	0	精武帽	30	5.史進	01.帽子 - 史進	06.藍	3	12.收集品交換	5000	1750	6001750	6100000	6200000	4010085	3ditem_a_001	1	30	16	0	00.無	0		00.無	0	00.無	0				56300	2815	217	0	0	0	0	0	
	1751	4000	1	1	1	1	1	1.可以交易；0.被PK不掉	1	0	精武袍	30	5.史進	02.上衣 - 史進	06.藍	3	12.收集品交換	5000	1751	6001751	6100000	6200000	4010086	3ditem_a_001	1	30	16	0	00.無	0		00.無	0	00.無	0				72400	3620	218	0	0	0	0	0	
	1752	4000	1	1	1	1	1	1.可以交易；0.被PK不掉	1	0	精武褲	30	5.史進	03.褲子 - 史進	06.藍	3	12.收集品交換	5000	1752	6001752	6100000	6200000	4010087	3ditem_a_001	1	30	16	0	00.無	0		00.無	0	00.無	0				64400	3220	219	0	0	0	0	0	
	1753	4000	1	1	1	1	1	1.可以交易；0.被PK不掉	1	0	精武銀長棍	30	5.史進	04.武器 - 史進	06.藍	3	12.收集品交換	5000	1753	6001753	6100000	6200000	4010088	3ditem_a_001	1	30	16	0	00.無	0		00.無	0	00.無	0				120700	6035	220	0	0	0	0	0	
	1754	4000	1	1	1	1	0	1.可以交易；1.被PK會掉	1	1	蒙古帽	35	5.史進	01.帽子 - 史進	03.灰	0	07.怪物掉寶	5000	1754	6001754	6100000	6200000	4010089	3ditem_a_001	1	35	16	0	00.無	0		00.無	0	00.無	0				114700	5735	217	0	0	0	0	0	
	1755	4000	1	1	1	1	0	1.可以交易；1.被PK會掉	1	1	蒙古袍	35	5.史進	02.上衣 - 史進	03.灰	0	07.怪物掉寶	5000	1755	6001755	6100000	6200000	4010090	3ditem_a_001	1	35	16	0	00.無	0		00.無	0	00.無	0				147400	7370	218	0	0	0	0	0	
	1756	4000	1	1	1	1	0	1.可以交易；1.被PK會掉	1	1	蒙古褲	35	5.史進	03.褲子 - 史進	03.灰	0	07.怪物掉寶	5000	1756	6001756	6100000	6200000	4010091	3ditem_a_001	1	35	16	0	00.無	0		00.無	0	00.無	0				131000	6550	219	0	0	0	0	0	
	1757	4000	1	1	1	1	0	1.可以交易；1.被PK會掉	1	1	蒙古木長棍	35	5.史進	04.武器 - 史進	03.灰	0	07.怪物掉寶	5000	1757	6001757	6100000	6200000	4010092	3ditem_a_001	1	35	16	0	00.無	0		00.無	0	00.無	0				245700	12285	220	0	0	0	0	0	
	1758	4000	1	1	1	1	0	1.可以交易；1.被PK會掉	1	1	荒野帽	35	5.史進	01.帽子 - 史進	04.白	1	03.商店購買	5000	1758	6001758	6100000	6200000	4010093	3ditem_a_001	1	35	16	0	00.無	0		00.無	0	00.無	0				114700	11470	217	0	0	0	0	0	
	1759	4000	1	1	1	1	0	1.可以交易；1.被PK會掉	1	1	荒野袍	35	5.史進	02.上衣 - 史進	04.白	1	03.商店購買	5000	1759	6001759	6100000	6200000	4010094	3ditem_a_001	1	35	16	0	00.無	0		00.無	0	00.無	0				147400	14740	218	0	0	0	0	0	
	1760	4000	1	1	1	1	0	1.可以交易；1.被PK會掉	1	1	荒野褲	35	5.史進	03.褲子 - 史進	04.白	1	03.商店購買	5000	1760	6001760	6100000	6200000	4010095	3ditem_a_001	1	35	16	0	00.無	0		00.無	0	00.無	0				131000	13100	219	0	0	0	0	0	
	1761	4000	1	1	1	1	0	1.可以交易；1.被PK會掉	1	1	荒野鐵長棍	35	5.史進	04.武器 - 史進	04.白	1	03.商店購買	5000	1761	6001761	6100000	6200000	4010096	3ditem_a_001	1	35	16	0	00.無	0		00.無	0	00.無	0				245700	24570	220	0	0	0	0	0	
	1762	4000	1	1	1	1	1	1.可以交易；0.被PK不掉	1	0	豪氣帽	35	5.史進	01.帽子 - 史進	05.綠	2	07.怪物掉寶	5000	1762	6001762	6100000	6200000	4010097	3ditem_a_001	1	35	16	0	00.無	0		00.無	0	00.無	0				114700	5735	217	0	0	0	0	0	
	1763	4000	1	1	1	1	1	1.可以交易；0.被PK不掉	1	0	豪氣袍	35	5.史進	02.上衣 - 史進	05.綠	2	07.怪物掉寶	5000	1763	6001763	6100000	6200000	4010098	3ditem_a_001	1	35	16	0	00.無	0		00.無	0	00.無	0				147400	7370	218	0	0	0	0	0	
	1764	4000	1	1	1	1	1	1.可以交易；0.被PK不掉	1	0	豪氣褲	35	5.史進	03.褲子 - 史進	05.綠	2	07.怪物掉寶	5000	1764	6001764	6100000	6200000	4010099	3ditem_a_001	1	35	16	0	00.無	0		00.無	0	00.無	0				131000	6550	219	0	0	0	0	0	
	1765	4000	1	1	1	1	1	1.可以交易；0.被PK不掉	1	0	豪氣銅長棍	35	5.史進	04.武器 - 史進	05.綠	2	07.怪物掉寶	5000	1765	6001765	6100000	6200000	4010100	3ditem_a_001	1	35	16	0	00.無	0		00.無	0	00.無	0				245700	12285	220	0	0	0	0	0	
	1766	4000	1	1	1	1	1	0.不可交易；0.被PK不掉	0	0	無牙帽	35	5.史進	01.帽子 - 史進	06.藍	3	12.收集品交換	5000	1766	6001766	6100000	6200000	4010101	3ditem_a_001	1	35	16	0	00.無	0		00.無	0	00.無	0				114700	5735	217	0	0	0	0	0	
	1767	4000	1	1	1	1	1	0.不可交易；0.被PK不掉	0	0	無牙袍	35	5.史進	02.上衣 - 史進	06.藍	3	12.收集品交換	5000	1767	6001767	6100000	6200000	4010102	3ditem_a_001	1	35	16	0	00.無	0		00.無	0	00.無	0				147400	7370	218	0	0	0	0	0	
	1768	4000	1	1	1	1	1	0.不可交易；0.被PK不掉	0	0	無牙褲	35	5.史進	03.褲子 - 史進	06.藍	3	12.收集品交換	5000	1768	6001768	6100000	6200000	4010103	3ditem_a_001	1	35	16	0	00.無	0		00.無	0	00.無	0				131000	6550	219	0	0	0	0	0	
	1769	4000	1	1	1	1	1	0.不可交易；0.被PK不掉	0	0	無牙銀長棍	35	5.史進	04.武器 - 史進	06.藍	3	12.收集品交換	5000	1769	6001769	6100000	6200000	4010104	3ditem_a_001	1	35	16	0	00.無	0		00.無	0	00.無	0				245700	12285	220	0	0	0	0	0	
	1770	4000	1	1	1	1	0	1.可以交易；1.被PK會掉	1	1	浪人帽	40	5.史進	01.帽子 - 史進	03.灰	0	07.怪物掉寶	5000	1770	6001770	6100000	6200000	4010105	3ditem_a_001	1	40	16	0	00.無	0		00.無	0	00.無	0				211200	10560	217	0	0	0	0	0	
	1771	4000	1	1	1	1	0	1.可以交易；1.被PK會掉	1	1	浪人袍	40	5.史進	02.上衣 - 史進	03.灰	0	07.怪物掉寶	5000	1771	6001771	6100000	6200000	4010106	3ditem_a_001	1	40	16	0	00.無	0		00.無	0	00.無	0				271500	13575	218	0	0	0	0	0	
	1772	4000	1	1	1	1	0	1.可以交易；1.被PK會掉	1	1	浪人褲	40	5.史進	03.褲子 - 史進	03.灰	0	07.怪物掉寶	5000	1772	6001772	6100000	6200000	4010107	3ditem_a_001	1	40	16	0	00.無	0		00.無	0	00.無	0				241300	12065	219	0	0	0	0	0	
	1773	4000	1	1	1	1	0	1.可以交易；1.被PK會掉	1	1	浪人木長棍	40	5.史進	04.武器 - 史進	03.灰	0	07.怪物掉寶	5000	1773	6001773	6100000	6200000	4010108	3ditem_a_001	1	40	16	0	00.無	0		00.無	0	00.無	0				452500	22625	220	0	0	0	0	0	
	1774	4000	1	1	1	1	0	1.可以交易；1.被PK會掉	1	1	俠客帽	40	5.史進	01.帽子 - 史進	04.白	1	03.商店購買	5000	1774	6001774	6100000	6200000	4010109	3ditem_a_001	1	40	16	0	00.無	0		00.無	0	00.無	0				211200	21120	217	0	0	0	0	0	
	1775	4000	1	1	1	1	0	1.可以交易；1.被PK會掉	1	1	俠客袍	40	5.史進	02.上衣 - 史進	04.白	1	03.商店購買	5000	1775	6001775	6100000	6200000	4010110	3ditem_a_001	1	40	16	0	00.無	0		00.無	0	00.無	0				271500	27150	218	0	0	0	0	0	
	1776	4000	1	1	1	1	0	1.可以交易；1.被PK會掉	1	1	俠客褲	40	5.史進	03.褲子 - 史進	04.白	1	03.商店購買	5000	1776	6001776	6100000	6200000	4010111	3ditem_a_001	1	40	16	0	00.無	0		00.無	0	00.無	0				241300	24130	219	0	0	0	0	0	
	1777	4000	1	1	1	1	0	1.可以交易；1.被PK會掉	1	1	俠客鐵長棍	40	5.史進	04.武器 - 史進	04.白	1	03.商店購買	5000	1777	6001777	6100000	6200000	4010112	3ditem_a_001	1	40	16	0	00.無	0		00.無	0	00.無	0				452500	45250	220	0	0	0	0	0	
	1778	4000	1	1	1	1	1	1.可以交易；0.被PK不掉	1	0	千履帽	40	5.史進	01.帽子 - 史進	05.綠	2	07.怪物掉寶	5000	1778	6001778	6100000	6200000	4010113	3ditem_a_001	1	40	16	0	00.無	0		00.無	0	00.無	0				211200	10560	217	0	0	0	0	0	
	1779	4000	1	1	1	1	1	1.可以交易；0.被PK不掉	1	0	千履袍	40	5.史進	02.上衣 - 史進	05.綠	2	07.怪物掉寶	5000	1779	6001779	6100000	6200000	4010114	3ditem_a_001	1	40	16	0	00.無	0		00.無	0	00.無	0				271500	13575	218	0	0	0	0	0	
	1780	4000	1	1	1	1	1	1.可以交易；0.被PK不掉	1	0	千履褲	40	5.史進	03.褲子 - 史進	05.綠	2	07.怪物掉寶	5000	1780	6001780	6100000	6200000	4010115	3ditem_a_001	1	40	16	0	00.無	0		00.無	0	00.無	0				241300	12065	219	0	0	0	0	0	
	1781	4000	1	1	1	1	1	1.可以交易；0.被PK不掉	1	0	千履銅長棍	40	5.史進	04.武器 - 史進	05.綠	2	07.怪物掉寶	5000	1781	6001781	6100000	6200000	4010116	3ditem_a_001	1	40	16	0	00.無	0		00.無	0	00.無	0				452500	22625	220	0	0	0	0	0	
	1782	4000	1	1	1	1	1	1.可以交易；0.被PK不掉	1	0	密宗帽	40	5.史進	01.帽子 - 史進	06.藍	3	12.收集品交換	5000	1782	6001782	6100000	6200000	4010117	3ditem_a_001	1	40	16	0	00.無	0		00.無	0	00.無	0				211200	10560	217	0	0	0	0	0	
	1783	4000	1	1	1	1	1	1.可以交易；0.被PK不掉	1	0	密宗袍	40	5.史進	02.上衣 - 史進	06.藍	3	12.收集品交換	5000	1783	6001783	6100000	6200000	4010118	3ditem_a_001	1	40	16	0	00.無	0		00.無	0	00.無	0				271500	13575	218	0	0	0	0	0	
	1784	4000	1	1	1	1	1	1.可以交易；0.被PK不掉	1	0	密宗褲	40	5.史進	03.褲子 - 史進	06.藍	3	12.收集品交換	5000	1784	6001784	6100000	6200000	4010119	3ditem_a_001	1	40	16	0	00.無	0		00.無	0	00.無	0				241300	12065	219	0	0	0	0	0	
	1785	4000	1	1	1	1	1	1.可以交易；0.被PK不掉	1	0	密宗銀長棍	40	5.史進	04.武器 - 史進	06.藍	3	12.收集品交換	5000	1785	6001785	6100000	6200000	4010120	3ditem_a_001	1	40	16	0	00.無	0		00.無	0	00.無	0				452500	22625	220	0	0	0	0	0	
	1786	4000	1	1	1	1	1	1.可以交易；0.被PK不掉	1	0	藥師帽	45	5.史進	01.帽子 - 史進	07.紫	4	07.怪物掉寶	5000	1786	6001786	6100000	6200000	4010121	3ditem_a_001	1	45	16	0	00.無	0		00.無	0	00.無	0				363000	18150	217	0	0	0	0	0	
	1787	4000	1	1	1	1	1	1.可以交易；0.被PK不掉	1	0	藥師袍	45	5.史進	02.上衣 - 史進	07.紫	4	07.怪物掉寶	5000	1787	6001787	6100000	6200000	4010122	3ditem_a_001	1	45	16	0	00.無	0		00.無	0	00.無	0				467000	23350	218	0	0	0	0	0	
	1788	4000	1	1	1	1	1	1.可以交易；0.被PK不掉	1	0	藥師褲	45	5.史進	03.褲子 - 史進	07.紫	4	07.怪物掉寶	5000	1788	6001788	6100000	6200000	4010123	3ditem_a_001	1	45	16	0	00.無	0		00.無	0	00.無	0				415000	20750	219	0	0	0	0	0	
	1789	4000	1	1	1	1	1	1.可以交易；0.被PK不掉	1	0	藥師金長棍	45	5.史進	04.武器 - 史進	07.紫	4	07.怪物掉寶	5000	1789	6001789	6100000	6200000	4010124	3ditem_a_001	1	45	16	0	00.無	0		00.無	0	00.無	0				778000	38900	220	0	0	0	0	0	
	1790	4000	1	1	1	1	0	1.可以交易；1.被PK會掉	1	1	高原帽	45	5.史進	01.帽子 - 史進	03.灰	0	07.怪物掉寶	5000	1790	6001790	6100000	6200000	4010125	3ditem_a_001	1	45	16	0	00.無	0		00.無	0	00.無	0				363000	18150	217	0	0	0	0	0	
	1791	4000	1	1	1	1	0	1.可以交易；1.被PK會掉	1	1	高原袍	45	5.史進	02.上衣 - 史進	03.灰	0	07.怪物掉寶	5000	1791	6001791	6100000	6200000	4010126	3ditem_a_001	1	45	16	0	00.無	0		00.無	0	00.無	0				467000	23350	218	0	0	0	0	0	
	1792	4000	1	1	1	1	0	1.可以交易；1.被PK會掉	1	1	高原褲	45	5.史進	03.褲子 - 史進	03.灰	0	07.怪物掉寶	5000	1792	6001792	6100000	6200000	4010127	3ditem_a_001	1	45	16	0	00.無	0		00.無	0	00.無	0				415000	20750	219	0	0	0	0	0	
	1793	4000	1	1	1	1	0	1.可以交易；1.被PK會掉	1	1	高原木長棍	45	5.史進	04.武器 - 史進	03.灰	0	07.怪物掉寶	5000	1793	6001793	6100000	6200000	4010128	3ditem_a_001	1	45	16	0	00.無	0		00.無	0	00.無	0				778000	38900	220	0	0	0	0	0	
	1794	4000	1	1	1	1	0	1.可以交易；1.被PK會掉	1	1	狩獵帽	45	5.史進	01.帽子 - 史進	04.白	1	03.商店購買	5000	1794	6001794	6100000	6200000	4010129	3ditem_a_001	1	45	16	0	00.無	0		00.無	0	00.無	0				363000	36300	217	0	0	0	0	0	
	1795	4000	1	1	1	1	0	1.可以交易；1.被PK會掉	1	1	狩獵袍	45	5.史進	02.上衣 - 史進	04.白	1	03.商店購買	5000	1795	6001795	6100000	6200000	4010130	3ditem_a_001	1	45	16	0	00.無	0		00.無	0	00.無	0				467000	46700	218	0	0	0	0	0	
	1796	4000	1	1	1	1	0	1.可以交易；1.被PK會掉	1	1	狩獵褲	45	5.史進	03.褲子 - 史進	04.白	1	03.商店購買	5000	1796	6001796	6100000	6200000	4010131	3ditem_a_001	1	45	16	0	00.無	0		00.無	0	00.無	0				415000	41500	219	0	0	0	0	0	
	1797	4000	1	1	1	1	0	1.可以交易；1.被PK會掉	1	1	狩獵鐵長棍	45	5.史進	04.武器 - 史進	04.白	1	03.商店購買	5000	1797	6001797	6100000	6200000	4010132	3ditem_a_001	1	45	16	0	00.無	0		00.無	0	00.無	0				778000	77800	220	0	0	0	0	0	
	1798	4000	1	1	1	1	1	1.可以交易；0.被PK不掉	1	0	伏獸帽	45	5.史進	01.帽子 - 史進	05.綠	2	07.怪物掉寶	5000	1798	6001798	6100000	6200000	4010133	3ditem_a_001	1	45	16	0	00.無	0		00.無	0	00.無	0				363000	18150	217	0	0	0	0	0	
	1799	4000	1	1	1	1	1	1.可以交易；0.被PK不掉	1	0	伏獸袍	45	5.史進	02.上衣 - 史進	05.綠	2	07.怪物掉寶	5000	1799	6001799	6100000	6200000	4010134	3ditem_a_001	1	45	16	0	00.無	0		00.無	0	00.無	0				467000	23350	218	0	0	0	0	0	
	1800	4000	1	1	1	1	1	1.可以交易；0.被PK不掉	1	0	伏獸褲	45	5.史進	03.褲子 - 史進	05.綠	2	07.怪物掉寶	5000	1800	6001800	6100000	6200000	4010135	3ditem_a_001	1	45	16	0	00.無	0		00.無	0	00.無	0				415000	20750	219	0	0	0	0	0	
	1801	4000	1	1	1	1	1	1.可以交易；0.被PK不掉	1	0	伏獸銅長棍	45	5.史進	04.武器 - 史進	05.綠	2	07.怪物掉寶	5000	1801	6001801	6100000	6200000	4010136	3ditem_a_001	1	45	16	0	00.無	0		00.無	0	00.無	0				778000	38900	220	0	0	0	0	0	
	1802	4000	1	1	1	1	1	0.不可交易；0.被PK不掉	0	0	悍體帽	45	5.史進	01.帽子 - 史進	06.藍	3	12.收集品交換	5000	1802	6001802	6100000	6200000	4010137	3ditem_a_001	1	45	16	0	00.無	0		00.無	0	00.無	0				363000	18150	217	0	0	0	0	0	
	1803	4000	1	1	1	1	1	0.不可交易；0.被PK不掉	0	0	悍體袍	45	5.史進	02.上衣 - 史進	06.藍	3	12.收集品交換	5000	1803	6001803	6100000	6200000	4010138	3ditem_a_001	1	45	16	0	00.無	0		00.無	0	00.無	0				467000	23350	218	0	0	0	0	0	
	1804	4000	1	1	1	1	1	0.不可交易；0.被PK不掉	0	0	悍體褲	45	5.史進	03.褲子 - 史進	06.藍	3	12.收集品交換	5000	1804	6001804	6100000	6200000	4010139	3ditem_a_001	1	45	16	0	00.無	0		00.無	0	00.無	0				415000	20750	219	0	0	0	0	0	
	1805	4000	1	1	1	1	1	0.不可交易；0.被PK不掉	0	0	悍體銀長棍	45	5.史進	04.武器 - 史進	06.藍	3	12.收集品交換	5000	1805	6001805	6100000	6200000	4010140	3ditem_a_001	1	45	16	0	00.無	0		00.無	0	00.無	0				778000	38900	220	0	0	0	0	0	
	1806	4000	1	1	1	1	0	1.可以交易；1.被PK會掉	1	1	宮城帽	50	5.史進	01.帽子 - 史進	03.灰	0	07.怪物掉寶	5000	1806	6001806	6100000	6200000	4010141	3ditem_a_001	1	50	16	0	00.無	0		00.無	0	00.無	0				592000	29600	217	0	0	0	0	0	
	1807	4000	1	1	1	1	0	1.可以交易；1.被PK會掉	1	1	宮城袍	50	5.史進	02.上衣 - 史進	03.灰	0	07.怪物掉寶	5000	1807	6001807	6100000	6200000	4010142	3ditem_a_001	1	50	16	0	00.無	0		00.無	0	00.無	0				762000	38100	218	0	0	0	0	0	
	1808	4000	1	1	1	1	0	1.可以交易；1.被PK會掉	1	1	宮城褲	50	5.史進	03.褲子 - 史進	03.灰	0	07.怪物掉寶	5000	1808	6001808	6100000	6200000	4010143	3ditem_a_001	1	50	16	0	00.無	0		00.無	0	00.無	0				677000	33850	219	0	0	0	0	0	
	1809	4000	1	1	1	1	0	1.可以交易；1.被PK會掉	1	1	宮城木長棍	50	5.史進	04.武器 - 史進	03.灰	0	07.怪物掉寶	5000	1809	6001809	6100000	6200000	4010144	3ditem_a_001	1	50	16	0	00.無	0		00.無	0	00.無	0				1269000	63450	220	0	0	0	0	0	
	1810	4000	1	1	1	1	0	1.可以交易；1.被PK會掉	1	1	銳眼帽	50	5.史進	01.帽子 - 史進	04.白	1	03.商店購買	5000	1810	6001810	6100000	6200000	4010145	3ditem_a_001	1	50	16	0	00.無	0		00.無	0	00.無	0				592000	59200	217	0	0	0	0	0	
	1811	4000	1	1	1	1	0	1.可以交易；1.被PK會掉	1	1	銳眼袍	50	5.史進	02.上衣 - 史進	04.白	1	03.商店購買	5000	1811	6001811	6100000	6200000	4010146	3ditem_a_001	1	50	16	0	00.無	0		00.無	0	00.無	0				762000	76200	218	0	0	0	0	0	
	1812	4000	1	1	1	1	0	1.可以交易；1.被PK會掉	1	1	銳眼褲	50	5.史進	03.褲子 - 史進	04.白	1	03.商店購買	5000	1812	6001812	6100000	6200000	4010147	3ditem_a_001	1	50	16	0	00.無	0		00.無	0	00.無	0				677000	67700	219	0	0	0	0	0	
	1813	4000	1	1	1	1	0	1.可以交易；1.被PK會掉	1	1	銳眼鐵長棍	50	5.史進	04.武器 - 史進	04.白	1	03.商店購買	5000	1813	6001813	6100000	6200000	4010148	3ditem_a_001	1	50	16	0	00.無	0		00.無	0	00.無	0				1269000	126900	220	0	0	0	0	0	
	1814	4000	1	1	1	1	1	1.可以交易；0.被PK不掉	1	0	猛略帽	50	5.史進	01.帽子 - 史進	05.綠	2	07.怪物掉寶	5000	1814	6001814	6100000	6200000	4010149	3ditem_a_001	1	50	16	0	00.無	0		00.無	0	00.無	0				592000	29600	217	0	0	0	0	0	
	1815	4000	1	1	1	1	1	1.可以交易；0.被PK不掉	1	0	猛略袍	50	5.史進	02.上衣 - 史進	05.綠	2	07.怪物掉寶	5000	1815	6001815	6100000	6200000	4010150	3ditem_a_001	1	50	16	0	00.無	0		00.無	0	00.無	0				762000	38100	218	0	0	0	0	0	
	1816	4000	1	1	1	1	1	1.可以交易；0.被PK不掉	1	0	猛略褲	50	5.史進	03.褲子 - 史進	05.綠	2	07.怪物掉寶	5000	1816	6001816	6100000	6200000	4010151	3ditem_a_001	1	50	16	0	00.無	0		00.無	0	00.無	0				677000	33850	219	0	0	0	0	0	
	1817	4000	1	1	1	1	1	1.可以交易；0.被PK不掉	1	0	猛略銅長棍	50	5.史進	04.武器 - 史進	05.綠	2	07.怪物掉寶	5000	1817	6001817	6100000	6200000	4010152	3ditem_a_001	1	50	16	0	00.無	0		00.無	0	00.無	0				1269000	63450	220	0	0	0	0	0	
	1818	4000	1	1	1	1	1	1.可以交易；0.被PK不掉	1	0	歷練帽	50	5.史進	01.帽子 - 史進	06.藍	3	12.收集品交換	5000	1818	6001818	6100000	6200000	4010153	3ditem_a_001	1	50	16	0	00.無	0		00.無	0	00.無	0				592000	29600	217	0	0	0	0	0	
	1819	4000	1	1	1	1	1	1.可以交易；0.被PK不掉	1	0	歷練袍	50	5.史進	02.上衣 - 史進	06.藍	3	12.收集品交換	5000	1819	6001819	6100000	6200000	4010154	3ditem_a_001	1	50	16	0	00.無	0		00.無	0	00.無	0				762000	38100	218	0	0	0	0	0	
	1820	4000	1	1	1	1	1	1.可以交易；0.被PK不掉	1	0	歷練褲	50	5.史進	03.褲子 - 史進	06.藍	3	12.收集品交換	5000	1820	6001820	6100000	6200000	4010155	3ditem_a_001	1	50	16	0	00.無	0		00.無	0	00.無	0				677000	33850	219	0	0	0	0	0	
	1821	4000	1	1	1	1	1	1.可以交易；0.被PK不掉	1	0	歷練銀長棍	50	5.史進	04.武器 - 史進	06.藍	3	12.收集品交換	5000	1821	6001821	6100000	6200000	4010156	3ditem_a_001	1	50	16	0	00.無	0		00.無	0	00.無	0				1269000	63450	220	0	0	0	0	0	
	1822	4000	1	1	1	1	0	1.可以交易；1.被PK會掉	1	1	豺狼帽	55	5.史進	01.帽子 - 史進	03.灰	0	07.怪物掉寶	5000	1822	6001822	6100000	6200000	4010157	3ditem_a_001	1	55	16	0	00.無	0		00.無	0	00.無	0				929000	46450	217	0	0	0	0	0	
	1823	4000	1	1	1	1	0	1.可以交易；1.被PK會掉	1	1	豺狼袍	55	5.史進	02.上衣 - 史進	03.灰	0	07.怪物掉寶	5000	1823	6001823	6100000	6200000	4010158	3ditem_a_001	1	55	16	0	00.無	0		00.無	0	00.無	0				1194000	59700	218	0	0	0	0	0	
	1824	4000	1	1	1	1	0	1.可以交易；1.被PK會掉	1	1	豺狼褲	55	5.史進	03.褲子 - 史進	03.灰	0	07.怪物掉寶	5000	1824	6001824	6100000	6200000	4010159	3ditem_a_001	1	55	16	0	00.無	0		00.無	0	00.無	0				1061000	53050	219	0	0	0	0	0	
	1825	4000	1	1	1	1	0	1.可以交易；1.被PK會掉	1	1	豺狼木長棍	55	5.史進	04.武器 - 史進	03.灰	0	07.怪物掉寶	5000	1825	6001825	6100000	6200000	4010160	3ditem_a_001	1	55	16	0	00.無	0		00.無	0	00.無	0				1990000	99500	220	0	0	0	0	0	
	1826	4000	1	1	1	1	0	1.可以交易；1.被PK會掉	1	1	孤狼帽	55	5.史進	01.帽子 - 史進	04.白	1	03.商店購買	5000	1826	6001826	6100000	6200000	4010161	3ditem_a_001	1	55	16	0	00.無	0		00.無	0	00.無	0				929000	92900	217	0	0	0	0	0	
	1827	4000	1	1	1	1	0	1.可以交易；1.被PK會掉	1	1	孤狼袍	55	5.史進	02.上衣 - 史進	04.白	1	03.商店購買	5000	1827	6001827	6100000	6200000	4010162	3ditem_a_001	1	55	16	0	00.無	0		00.無	0	00.無	0				1194000	119400	218	0	0	0	0	0	
	1828	4000	1	1	1	1	0	1.可以交易；1.被PK會掉	1	1	孤狼褲	55	5.史進	03.褲子 - 史進	04.白	1	03.商店購買	5000	1828	6001828	6100000	6200000	4010163	3ditem_a_001	1	55	16	0	00.無	0		00.無	0	00.無	0				1061000	106100	219	0	0	0	0	0	
	1829	4000	1	1	1	1	0	1.可以交易；1.被PK會掉	1	1	孤狼鐵長棍	55	5.史進	04.武器 - 史進	04.白	1	03.商店購買	5000	1829	6001829	6100000	6200000	4010164	3ditem_a_001	1	55	16	0	00.無	0		00.無	0	00.無	0				1990000	199000	220	0	0	0	0	0	
	1830	4000	1	1	1	1	1	1.可以交易；0.被PK不掉	1	0	銀狐帽	55	5.史進	01.帽子 - 史進	05.綠	2	07.怪物掉寶	5000	1830	6001830	6100000	6200000	4010165	3ditem_a_001	1	55	16	0	00.無	0		00.無	0	00.無	0				929000	46450	217	0	0	0	0	0	
	1831	4000	1	1	1	1	1	1.可以交易；0.被PK不掉	1	0	銀狐袍	55	5.史進	02.上衣 - 史進	05.綠	2	07.怪物掉寶	5000	1831	6001831	6100000	6200000	4010166	3ditem_a_001	1	55	16	0	00.無	0		00.無	0	00.無	0				1194000	59700	218	0	0	0	0	0	
	1832	4000	1	1	1	1	1	1.可以交易；0.被PK不掉	1	0	銀狐褲	55	5.史進	03.褲子 - 史進	05.綠	2	07.怪物掉寶	5000	1832	6001832	6100000	6200000	4010167	3ditem_a_001	1	55	16	0	00.無	0		00.無	0	00.無	0				1061000	53050	219	0	0	0	0	0	
	1833	4000	1	1	1	1	1	1.可以交易；0.被PK不掉	1	0	銀狐銅長棍	55	5.史進	04.武器 - 史進	05.綠	2	07.怪物掉寶	5000	1833	6001833	6100000	6200000	4010168	3ditem_a_001	1	55	16	0	00.無	0		00.無	0	00.無	0				1990000	99500	220	0	0	0	0	0	
	1834	4000	1	1	1	1	1	0.不可交易；0.被PK不掉	0	0	犬嘯帽	55	5.史進	01.帽子 - 史進	06.藍	3	12.收集品交換	5000	1834	6001834	6100000	6200000	4010169	3ditem_a_001	1	55	16	0	00.無	0		00.無	0	00.無	0				929000	46450	217	0	0	0	0	0	
	1835	4000	1	1	1	1	1	0.不可交易；0.被PK不掉	0	0	犬嘯袍	55	5.史進	02.上衣 - 史進	06.藍	3	12.收集品交換	5000	1835	6001835	6100000	6200000	4010170	3ditem_a_001	1	55	16	0	00.無	0		00.無	0	00.無	0				1194000	59700	218	0	0	0	0	0	
	1836	4000	1	1	1	1	1	0.不可交易；0.被PK不掉	0	0	犬嘯鞋	55	5.史進	03.褲子 - 史進	06.藍	3	12.收集品交換	5000	1836	6001836	6100000	6200000	4010171	3ditem_a_001	1	55	16	0	00.無	0		00.無	0	00.無	0				1061000	53050	219	0	0	0	0	0	
	1837	4000	1	1	1	1	1	0.不可交易；0.被PK不掉	0	0	犬嘯銀長棍	55	5.史進	04.武器 - 史進	06.藍	3	12.收集品交換	5000	1837	6001837	6100000	6200000	4010172	3ditem_a_001	1	55	16	0	00.無	0		00.無	0	00.無	0				1990000	99500	220	0	0	0	0	0	
	1838	4000	1	1	1	1	0	1.可以交易；1.被PK會掉	1	1	碎石帽	60	5.史進	01.帽子 - 史進	03.灰	0	07.怪物掉寶	5000	1838	6001838	6100000	6200000	4010173	3ditem_a_001	1	60	16	0	00.無	0		00.無	0	00.無	0				1407000	70350	217	0	0	0	0	0	
	1839	4000	1	1	1	1	0	1.可以交易；1.被PK會掉	1	1	碎石袍	60	5.史進	02.上衣 - 史進	03.灰	0	07.怪物掉寶	5000	1839	6001839	6100000	6200000	4010174	3ditem_a_001	1	60	16	0	00.無	0		00.無	0	00.無	0				1809000	90450	218	0	0	0	0	0	
	1840	4000	1	1	1	1	0	1.可以交易；1.被PK會掉	1	1	碎石褲	60	5.史進	03.褲子 - 史進	03.灰	0	07.怪物掉寶	5000	1840	6001840	6100000	6200000	4010175	3ditem_a_001	1	60	16	0	00.無	0		00.無	0	00.無	0				1608000	80400	219	0	0	0	0	0	
	1841	4000	1	1	1	1	0	1.可以交易；1.被PK會掉	1	1	碎石木長棍	60	5.史進	04.武器 - 史進	03.灰	0	07.怪物掉寶	5000	1841	6001841	6100000	6200000	4010176	3ditem_a_001	1	60	16	0	00.無	0		00.無	0	00.無	0				3015000	150750	220	0	0	0	0	0	
	1842	4000	1	1	1	1	0	1.可以交易；1.被PK會掉	1	1	青石帽	60	5.史進	01.帽子 - 史進	04.白	1	03.商店購買	5000	1842	6001842	6100000	6200000	4010177	3ditem_a_001	1	60	16	0	00.無	0		00.無	0	00.無	0				1407000	140700	217	0	0	0	0	0	
	1843	4000	1	1	1	1	0	1.可以交易；1.被PK會掉	1	1	青石袍	60	5.史進	02.上衣 - 史進	04.白	1	03.商店購買	5000	1843	6001843	6100000	6200000	4010178	3ditem_a_001	1	60	16	0	00.無	0		00.無	0	00.無	0				1809000	180900	218	0	0	0	0	0	
	1844	4000	1	1	1	1	0	1.可以交易；1.被PK會掉	1	1	青石褲	60	5.史進	03.褲子 - 史進	04.白	1	03.商店購買	5000	1844	6001844	6100000	6200000	4010179	3ditem_a_001	1	60	16	0	00.無	0		00.無	0	00.無	0				1608000	160800	219	0	0	0	0	0	
	1845	4000	1	1	1	1	0	1.可以交易；1.被PK會掉	1	1	青石鐵長棍	60	5.史進	04.武器 - 史進	04.白	1	03.商店購買	5000	1845	6001845	6100000	6200000	4010180	3ditem_a_001	1	60	16	0	00.無	0		00.無	0	00.無	0				3015000	301500	220	0	0	0	0	0	
	1846	4000	1	1	1	1	1	1.可以交易；0.被PK不掉	1	0	巨石帽	60	5.史進	01.帽子 - 史進	05.綠	2	07.怪物掉寶	5000	1846	6001846	6100000	6200000	4010181	3ditem_a_001	1	60	16	0	00.無	0		00.無	0	00.無	0				1407000	70350	217	0	0	0	0	0	
	1847	4000	1	1	1	1	1	1.可以交易；0.被PK不掉	1	0	巨石袍	60	5.史進	02.上衣 - 史進	05.綠	2	07.怪物掉寶	5000	1847	6001847	6100000	6200000	4010182	3ditem_a_001	1	60	16	0	00.無	0		00.無	0	00.無	0				1809000	90450	218	0	0	0	0	0	
	1848	4000	1	1	1	1	1	1.可以交易；0.被PK不掉	1	0	巨石褲	60	5.史進	03.褲子 - 史進	05.綠	2	07.怪物掉寶	5000	1848	6001848	6100000	6200000	4010183	3ditem_a_001	1	60	16	0	00.無	0		00.無	0	00.無	0				1608000	80400	219	0	0	0	0	0	
	1849	4000	1	1	1	1	1	1.可以交易；0.被PK不掉	1	0	巨石銅長棍	60	5.史進	04.武器 - 史進	05.綠	2	07.怪物掉寶	5000	1849	6001849	6100000	6200000	4010184	3ditem_a_001	1	60	16	0	00.無	0		00.無	0	00.無	0				3015000	150750	220	0	0	0	0	0	
	1850	4000	1	1	1	1	1	1.可以交易；0.被PK不掉	1	0	隕石帽	60	5.史進	01.帽子 - 史進	06.藍	3	12.收集品交換	5000	1850	6001850	6100000	6200000	4010185	3ditem_a_001	1	60	16	0	00.無	0		00.無	0	00.無	0				1407000	70350	217	0	0	0	0	0	
	1851	4000	1	1	1	1	1	1.可以交易；0.被PK不掉	1	0	隕石袍	60	5.史進	02.上衣 - 史進	06.藍	3	12.收集品交換	5000	1851	6001851	6100000	6200000	4010186	3ditem_a_001	1	60	16	0	00.無	0		00.無	0	00.無	0				1809000	90450	218	0	0	0	0	0	
	1852	4000	1	1	1	1	1	1.可以交易；0.被PK不掉	1	0	隕石褲	60	5.史進	03.褲子 - 史進	06.藍	3	12.收集品交換	5000	1852	6001852	6100000	6200000	4010187	3ditem_a_001	1	60	16	0	00.無	0		00.無	0	00.無	0				1608000	80400	219	0	0	0	0	0	
	1853	4000	1	1	1	1	1	1.可以交易；0.被PK不掉	1	0	隕石銀長棍	60	5.史進	04.武器 - 史進	06.藍	3	12.收集品交換	5000	1853	6001853	6100000	6200000	4010188	3ditem_a_001	1	60	16	0	00.無	0		00.無	0	00.無	0				3015000	150750	220	0	0	0	0	0	
	1854	4000	1	1	1	1	1	1.可以交易；0.被PK不掉	1	0	黃銅甲帽	55	5.史進	01.帽子 - 史進	07.紫	4	07.怪物掉寶	5000	1854	6001854	6100000	6200000	4010189	3ditem_a_001	1	55	16	0	00.無	0		00.無	0	00.無	0				929000	46450	217	0	0	0	0	0	
	1855	4000	1	1	1	1	1	1.可以交易；0.被PK不掉	1	0	黃銅甲袍	55	5.史進	02.上衣 - 史進	07.紫	4	07.怪物掉寶	5000	1855	6001855	6100000	6200000	4010190	3ditem_a_001	1	55	16	0	00.無	0		00.無	0	00.無	0				1194000	59700	218	0	0	0	0	0	
	1856	4000	1	1	1	1	1	1.可以交易；0.被PK不掉	1	0	黃銅甲戰褲	55	5.史進	03.褲子 - 史進	07.紫	4	07.怪物掉寶	5000	1856	6001856	6100000	6200000	4010191	3ditem_a_001	1	55	16	0	00.無	0		00.無	0	00.無	0				1061000	53050	219	0	0	0	0	0	
	1857	4000	1	1	1	1	1	1.可以交易；0.被PK不掉	1	0	黃銅甲長棍	55	5.史進	04.武器 - 史進	07.紫	4	07.怪物掉寶	5000	1857	6001857	6100000	6200000	4010192	3ditem_a_001	1	55	16	0	00.無	0		00.無	0	00.無	0				1990000	99500	220	0	0	0	0	0	
#	1858	4000	0	1	1	1	0	1.可以交易；1.被PK會掉	1	1	邊塞帽	65	5.史進	01.帽子 - 史進	03.灰	0	07.怪物掉寶	5000	1858	6001858	6100000	6200000	4010193	3ditem_a_001	1	65	16	0	00.無	0		00.無	0	00.無	0				2090000	104500	217	0	0	0	0	0	
#	1859	4000	0	1	1	1	0	1.可以交易；1.被PK會掉	1	1	邊塞袍	65	5.史進	02.上衣 - 史進	03.灰	0	07.怪物掉寶	5000	1859	6001859	6100000	6200000	4010194	3ditem_a_001	1	65	16	0	00.無	0		00.無	0	00.無	0				2680000	134000	218	0	0	0	0	0	
#	1860	4000	0	1	1	1	0	1.可以交易；1.被PK會掉	1	1	邊塞褲	65	5.史進	03.褲子 - 史進	03.灰	0	07.怪物掉寶	5000	1860	6001860	6100000	6200000	4010195	3ditem_a_001	1	65	16	0	00.無	0		00.無	0	00.無	0				2390000	119500	219	0	0	0	0	0	
#	1861	4000	0	1	1	1	0	1.可以交易；1.被PK會掉	1	1	邊塞木長棍	65	5.史進	04.武器 - 史進	03.灰	0	07.怪物掉寶	5000	1861	6001861	6100000	6200000	4010196	3ditem_a_001	1	65	16	0	00.無	0		00.無	0	00.無	0				4470000	223500	220	0	0	0	0	0	
#	1862	4000	0	1	1	1	0	1.可以交易；1.被PK會掉	1	1	民族鞋	65	5.史進	01.帽子 - 史進	04.白	1	03.商店購買	5000	1862	6001862	6100000	6200000	4010197	3ditem_a_001	1	65	16	0	00.無	0		00.無	0	00.無	0				2090000	209000	217	0	0	0	0	0	
#	1863	4000	0	1	1	1	0	1.可以交易；1.被PK會掉	1	1	民族袍	65	5.史進	02.上衣 - 史進	04.白	1	03.商店購買	5000	1863	6001863	6100000	6200000	4010198	3ditem_a_001	1	65	16	0	00.無	0		00.無	0	00.無	0				2680000	268000	218	0	0	0	0	0	
#	1864	4000	0	1	1	1	0	1.可以交易；1.被PK會掉	1	1	民族褲	65	5.史進	03.褲子 - 史進	04.白	1	03.商店購買	5000	1864	6001864	6100000	6200000	4010199	3ditem_a_001	1	65	16	0	00.無	0		00.無	0	00.無	0				2390000	239000	219	0	0	0	0	0	
#	1865	4000	0	1	1	1	0	1.可以交易；1.被PK會掉	1	1	民族鐵長棍	65	5.史進	04.武器 - 史進	04.白	1	03.商店購買	5000	1865	6001865	6100000	6200000	4010200	3ditem_a_001	1	65	16	0	00.無	0		00.無	0	00.無	0				4470000	447000	220	0	0	0	0	0	
#	1866	4000	0	1	1	1	1	1.可以交易；0.被PK不掉	1	0	潛行帽	65	5.史進	01.帽子 - 史進	05.綠	2	07.怪物掉寶	5000	1866	6001866	6100000	6200000	4010201	3ditem_a_001	1	65	16	0	00.無	0		00.無	0	00.無	0				2090000	104500	217	0	0	0	0	0	
#	1867	4000	0	1	1	1	1	1.可以交易；0.被PK不掉	1	0	潛行袍	65	5.史進	02.上衣 - 史進	05.綠	2	07.怪物掉寶	5000	1867	6001867	6100000	6200000	4010202	3ditem_a_001	1	65	16	0	00.無	0		00.無	0	00.無	0				2680000	134000	218	0	0	0	0	0	
#	1868	4000	0	1	1	1	1	1.可以交易；0.被PK不掉	1	0	潛行褲	65	5.史進	03.褲子 - 史進	05.綠	2	07.怪物掉寶	5000	1868	6001868	6100000	6200000	4010203	3ditem_a_001	1	65	16	0	00.無	0		00.無	0	00.無	0				2390000	119500	219	0	0	0	0	0	
#	1869	4000	0	1	1	1	1	1.可以交易；0.被PK不掉	1	0	潛行鐵長棍	65	5.史進	04.武器 - 史進	05.綠	2	07.怪物掉寶	5000	1869	6001869	6100000	6200000	4010204	3ditem_a_001	1	65	16	0	00.無	0		00.無	0	00.無	0				4470000	223500	220	0	0	0	0	0	
#	1870	4000	0	1	1	1	1	1.可以交易；0.被PK不掉	1	0	月夜隱帽	65	5.史進	01.帽子 - 史進	06.藍	3	12.收集品交換	5000	1870	6001870	6100000	6200000	4010205	3ditem_a_001	1	65	16	0	00.無	0		00.無	0	00.無	0				2090000	104500	217	0	0	0	0	0	
#	1871	4000	0	1	1	1	1	1.可以交易；0.被PK不掉	1	0	月夜隱袍	65	5.史進	02.上衣 - 史進	06.藍	3	12.收集品交換	5000	1871	6001871	6100000	6200000	4010206	3ditem_a_001	1	65	16	0	00.無	0		00.無	0	00.無	0				2680000	134000	218	0	0	0	0	0	
#	1872	4000	0	1	1	1	1	1.可以交易；0.被PK不掉	1	0	月夜隱褲	65	5.史進	03.褲子 - 史進	06.藍	3	12.收集品交換	5000	1872	6001872	6100000	6200000	4010207	3ditem_a_001	1	65	16	0	00.無	0		00.無	0	00.無	0				2390000	119500	219	0	0	0	0	0	
#	1873	4000	0	1	1	1	1	1.可以交易；0.被PK不掉	1	0	月夜銀長棍	65	5.史進	04.武器 - 史進	06.藍	3	12.收集品交換	5000	1873	6001873	6100000	6200000	4010208	3ditem_a_001	1	65	16	0	00.無	0		00.無	0	00.無	0				4470000	223500	220	0	0	0	0	0	
#	1874	4000	0	1	1	1	0	1.可以交易；1.被PK會掉	1	1	功夫帽	70	5.史進	01.帽子 - 史進	03.灰	0	07.怪物掉寶	5000	1874	6001874	6100000	6200000	4010209	3ditem_a_001	1	70	16	0	00.無	0		00.無	0	00.無	0				2380000	119000	217	0	0	0	0	0	
#	1875	4000	0	1	1	1	0	1.可以交易；1.被PK會掉	1	1	功夫袍	70	5.史進	02.上衣 - 史進	03.灰	0	07.怪物掉寶	5000	1875	6001875	6100000	6200000	4010210	3ditem_a_001	1	70	16	0	00.無	0		00.無	0	00.無	0				3060000	153000	218	0	0	0	0	0	
#	1876	4000	0	1	1	1	0	1.可以交易；1.被PK會掉	1	1	功夫褲	70	5.史進	03.褲子 - 史進	03.灰	0	07.怪物掉寶	5000	1876	6001876	6100000	6200000	4010211	3ditem_a_001	1	70	16	0	00.無	0		00.無	0	00.無	0				2720000	136000	219	0	0	0	0	0	
#	1877	4000	0	1	1	1	0	1.可以交易；1.被PK會掉	1	1	功夫木長棍	70	5.史進	04.武器 - 史進	03.灰	0	07.怪物掉寶	5000	1877	6001877	6100000	6200000	4010212	3ditem_a_001	1	70	16	0	00.無	0		00.無	0	00.無	0				5090000	254500	220	0	0	0	0	0	
#	1878	4000	0	1	1	1	0	1.可以交易；1.被PK會掉	1	1	正氣帽	70	5.史進	01.帽子 - 史進	04.白	1	03.商店購買	5000	1878	6001878	6100000	6200000	4010213	3ditem_a_001	1	70	16	0	00.無	0		00.無	0	00.無	0				2380000	238000	217	0	0	0	0	0	
#	1879	4000	0	1	1	1	0	1.可以交易；1.被PK會掉	1	1	正氣袍	70	5.史進	02.上衣 - 史進	04.白	1	03.商店購買	5000	1879	6001879	6100000	6200000	4010214	3ditem_a_001	1	70	16	0	00.無	0		00.無	0	00.無	0				3060000	306000	218	0	0	0	0	0	
#	1880	4000	0	1	1	1	0	1.可以交易；1.被PK會掉	1	1	正氣褲	70	5.史進	03.褲子 - 史進	04.白	1	03.商店購買	5000	1880	6001880	6100000	6200000	4010215	3ditem_a_001	1	70	16	0	00.無	0		00.無	0	00.無	0				2720000	272000	219	0	0	0	0	0	
#	1881	4000	0	1	1	1	0	1.可以交易；1.被PK會掉	1	1	正氣鐵長棍	70	5.史進	04.武器 - 史進	04.白	1	03.商店購買	5000	1881	6001881	6100000	6200000	4010216	3ditem_a_001	1	70	16	0	00.無	0		00.無	0	00.無	0				5090000	509000	220	0	0	0	0	0	
#	1882	4000	0	1	1	1	1	1.可以交易；0.被PK不掉	1	0	江南帽	70	5.史進	01.帽子 - 史進	05.綠	2	07.怪物掉寶	5000	1882	6001882	6100000	6200000	4010217	3ditem_a_001	1	70	16	0	00.無	0		00.無	0	00.無	0				2380000	119000	217	0	0	0	0	0	
#	1883	4000	0	1	1	1	1	1.可以交易；0.被PK不掉	1	0	江南袍	70	5.史進	02.上衣 - 史進	05.綠	2	07.怪物掉寶	5000	1883	6001883	6100000	6200000	4010218	3ditem_a_001	1	70	16	0	00.無	0		00.無	0	00.無	0				3060000	153000	218	0	0	0	0	0	
#	1884	4000	0	1	1	1	1	1.可以交易；0.被PK不掉	1	0	江南褲	70	5.史進	03.褲子 - 史進	05.綠	2	07.怪物掉寶	5000	1884	6001884	6100000	6200000	4010219	3ditem_a_001	1	70	16	0	00.無	0		00.無	0	00.無	0				2720000	136000	219	0	0	0	0	0	
#	1885	4000	0	1	1	1	1	1.可以交易；0.被PK不掉	1	0	江南銅長棍	70	5.史進	04.武器 - 史進	05.綠	2	07.怪物掉寶	5000	1885	6001885	6100000	6200000	4010220	3ditem_a_001	1	70	16	0	00.無	0		00.無	0	00.無	0				5090000	254500	220	0	0	0	0	0	
#	1886	4000	0	1	1	1	1	1.可以交易；0.被PK不掉	1	0	波紋帽	70	5.史進	01.帽子 - 史進	06.藍	3	12.收集品交換	5000	1886	6001886	6100000	6200000	4010221	3ditem_a_001	1	70	16	0	00.無	0		00.無	0	00.無	0				2380000	119000	217	0	0	0	0	0	
#	1887	4000	0	1	1	1	1	1.可以交易；0.被PK不掉	1	0	波紋袍	70	5.史進	02.上衣 - 史進	06.藍	3	12.收集品交換	5000	1887	6001887	6100000	6200000	4010222	3ditem_a_001	1	70	16	0	00.無	0		00.無	0	00.無	0				3060000	153000	218	0	0	0	0	0	
#	1888	4000	0	1	1	1	1	1.可以交易；0.被PK不掉	1	0	波紋褲	70	5.史進	03.褲子 - 史進	06.藍	3	12.收集品交換	5000	1888	6001888	6100000	6200000	4010223	3ditem_a_001	1	70	16	0	00.無	0		00.無	0	00.無	0				2720000	136000	219	0	0	0	0	0	
#	1889	4000	0	1	1	1	1	1.可以交易；0.被PK不掉	1	0	波紋銀長棍	70	5.史進	04.武器 - 史進	06.藍	3	12.收集品交換	5000	1889	6001889	6100000	6200000	4010224	3ditem_a_001	1	70	16	0	00.無	0		00.無	0	00.無	0				5090000	254500	220	0	0	0	0	0	
#	1890	4000	0	1	1	1	0	1.可以交易；1.被PK會掉	1	1	戰功帽	75	5.史進	01.帽子 - 史進	03.灰	0	07.怪物掉寶	5000	1890	6001890	6100000	6200000	4010225	3ditem_a_001	1	75	16	0	00.無	0		00.無	0	00.無	0				1	1	217	0	0	0	0	0	
#	1891	4000	0	1	1	1	0	1.可以交易；1.被PK會掉	1	1	戰功袍	75	5.史進	02.上衣 - 史進	03.灰	0	07.怪物掉寶	5000	1891	6001891	6100000	6200000	4010226	3ditem_a_001	1	75	16	0	00.無	0		00.無	0	00.無	0				1	1	218	0	0	0	0	0	
#	1892	4000	0	1	1	1	0	1.可以交易；1.被PK會掉	1	1	戰功褲	75	5.史進	03.褲子 - 史進	03.灰	0	07.怪物掉寶	5000	1892	6001892	6100000	6200000	4010227	3ditem_a_001	1	75	16	0	00.無	0		00.無	0	00.無	0				1	1	219	0	0	0	0	0	
#	1893	4000	0	1	1	1	0	1.可以交易；1.被PK會掉	1	1	戰功木長棍	75	5.史進	04.武器 - 史進	03.灰	0	07.怪物掉寶	5000	1893	6001893	6100000	6200000	4010228	3ditem_a_001	1	75	16	0	00.無	0		00.無	0	00.無	0				1	1	220	0	0	0	0	0	
#	1894	4000	0	1	1	1	0	1.可以交易；1.被PK會掉	1	1	奔騰帽	75	5.史進	01.帽子 - 史進	04.白	1	03.商店購買	5000	1894	6001894	6100000	6200000	4010229	3ditem_a_001	1	75	16	0	00.無	0		00.無	0	00.無	0				1	1	217	0	0	0	0	0	
#	1895	4000	0	1	1	1	0	1.可以交易；1.被PK會掉	1	1	奔騰袍	75	5.史進	02.上衣 - 史進	04.白	1	03.商店購買	5000	1895	6001895	6100000	6200000	4010230	3ditem_a_001	1	75	16	0	00.無	0		00.無	0	00.無	0				1	1	218	0	0	0	0	0	
#	1896	4000	0	1	1	1	0	1.可以交易；1.被PK會掉	1	1	奔騰褲	75	5.史進	03.褲子 - 史進	04.白	1	03.商店購買	5000	1896	6001896	6100000	6200000	4010231	3ditem_a_001	1	75	16	0	00.無	0		00.無	0	00.無	0				1	1	219	0	0	0	0	0	
#	1897	4000	0	1	1	1	0	1.可以交易；1.被PK會掉	1	1	奔騰鐵長棍	75	5.史進	04.武器 - 史進	04.白	1	03.商店購買	5000	1897	6001897	6100000	6200000	4010232	3ditem_a_001	1	75	16	0	00.無	0		00.無	0	00.無	0				1	1	220	0	0	0	0	0	
#	1898	4000	0	1	1	1	1	1.可以交易；0.被PK不掉	1	0	鐵騎帽	75	5.史進	01.帽子 - 史進	05.綠	2	07.怪物掉寶	5000	1898	6001898	6100000	6200000	4010233	3ditem_a_001	1	75	16	0	00.無	0		00.無	0	00.無	0				1	1	217	0	0	0	0	0	
#	1899	4000	0	1	1	1	1	1.可以交易；0.被PK不掉	1	0	鐵騎袍	75	5.史進	02.上衣 - 史進	05.綠	2	07.怪物掉寶	5000	1899	6001899	6100000	6200000	4010234	3ditem_a_001	1	75	16	0	00.無	0		00.無	0	00.無	0				1	1	218	0	0	0	0	0	
#	1900	4000	0	1	1	1	1	1.可以交易；0.被PK不掉	1	0	鐵騎褲	75	5.史進	03.褲子 - 史進	05.綠	2	07.怪物掉寶	5000	1900	6001900	6100000	6200000	4010235	3ditem_a_001	1	75	16	0	00.無	0		00.無	0	00.無	0				1	1	219	0	0	0	0	0	
#	1901	4000	0	1	1	1	1	1.可以交易；0.被PK不掉	1	0	鐵騎銅長棍	75	5.史進	04.武器 - 史進	05.綠	2	07.怪物掉寶	5000	1901	6001901	6100000	6200000	4010236	3ditem_a_001	1	75	16	0	00.無	0		00.無	0	00.無	0				1	1	220	0	0	0	0	0	
#	1902	4000	0	1	1	1	1	1.可以交易；0.被PK不掉	1	0	霸王帽	75	5.史進	01.帽子 - 史進	06.藍	3	12.收集品交換	5000	1902	6001902	6100000	6200000	4010237	3ditem_a_001	1	75	16	0	00.無	0		00.無	0	00.無	0				1	1	217	0	0	0	0	0	
#	1903	4000	0	1	1	1	1	1.可以交易；0.被PK不掉	1	0	霸王袍	75	5.史進	02.上衣 - 史進	06.藍	3	12.收集品交換	5000	1903	6001903	6100000	6200000	4010238	3ditem_a_001	1	75	16	0	00.無	0		00.無	0	00.無	0				1	1	218	0	0	0	0	0	
#	1904	4000	0	1	1	1	1	1.可以交易；0.被PK不掉	1	0	霸王褲	75	5.史進	03.褲子 - 史進	06.藍	3	12.收集品交換	5000	1904	6001904	6100000	6200000	4010239	3ditem_a_001	1	75	16	0	00.無	0		00.無	0	00.無	0				1	1	219	0	0	0	0	0	
#	1905	4000	0	1	1	1	1	1.可以交易；0.被PK不掉	1	0	霸王銀長棍	75	5.史進	04.武器 - 史進	06.藍	3	12.收集品交換	5000	1905	6001905	6100000	6200000	4010240	3ditem_a_001	1	75	16	0	00.無	0		00.無	0	00.無	0				1	1	220	0	0	0	0	0	
#	1906	4000	0	1	1	1	0	1.可以交易；1.被PK會掉	1	1	西藏帽	80	5.史進	01.帽子 - 史進	03.灰	0	07.怪物掉寶	5000	1906	6001906	6100000	6200000	4010241	3ditem_a_001	1	80	16	0	00.無	0		00.無	0	00.無	0				1	1	217	0	0	0	0	0	
#	1907	4000	0	1	1	1	0	1.可以交易；1.被PK會掉	1	1	西藏袍	80	5.史進	02.上衣 - 史進	03.灰	0	07.怪物掉寶	5000	1907	6001907	6100000	6200000	4010242	3ditem_a_001	1	80	16	0	00.無	0		00.無	0	00.無	0				1	1	218	0	0	0	0	0	
#	1908	4000	0	1	1	1	0	1.可以交易；1.被PK會掉	1	1	西藏褲	80	5.史進	03.褲子 - 史進	03.灰	0	07.怪物掉寶	5000	1908	6001908	6100000	6200000	4010243	3ditem_a_001	1	80	16	0	00.無	0		00.無	0	00.無	0				1	1	219	0	0	0	0	0	
#	1909	4000	0	1	1	1	0	1.可以交易；1.被PK會掉	1	1	西藏木長棍	80	5.史進	04.武器 - 史進	03.灰	0	07.怪物掉寶	5000	1909	6001909	6100000	6200000	4010244	3ditem_a_001	1	80	16	0	00.無	0		00.無	0	00.無	0				1	1	220	0	0	0	0	0	
#	1910	4000	0	1	1	1	0	1.可以交易；1.被PK會掉	1	1	誘敵帽	80	5.史進	01.帽子 - 史進	04.白	1	03.商店購買	5000	1910	6001910	6100000	6200000	4010245	3ditem_a_001	1	80	16	0	00.無	0		00.無	0	00.無	0				1	1	217	0	0	0	0	0	
#	1911	4000	0	1	1	1	0	1.可以交易；1.被PK會掉	1	1	誘敵袍	80	5.史進	02.上衣 - 史進	04.白	1	03.商店購買	5000	1911	6001911	6100000	6200000	4010246	3ditem_a_001	1	80	16	0	00.無	0		00.無	0	00.無	0				1	1	218	0	0	0	0	0	
#	1912	4000	0	1	1	1	0	1.可以交易；1.被PK會掉	1	1	誘敵褲	80	5.史進	03.褲子 - 史進	04.白	1	03.商店購買	5000	1912	6001912	6100000	6200000	4010247	3ditem_a_001	1	80	16	0	00.無	0		00.無	0	00.無	0				1	1	219	0	0	0	0	0	
#	1913	4000	0	1	1	1	0	1.可以交易；1.被PK會掉	1	1	誘敵鐵長棍	80	5.史進	04.武器 - 史進	04.白	1	03.商店購買	5000	1913	6001913	6100000	6200000	4010248	3ditem_a_001	1	80	16	0	00.無	0		00.無	0	00.無	0				1	1	220	0	0	0	0	0	
#	1914	4000	0	1	1	1	1	1.可以交易；0.被PK不掉	1	0	武裝帽	80	5.史進	01.帽子 - 史進	05.綠	2	07.怪物掉寶	5000	1914	6001914	6100000	6200000	4010249	3ditem_a_001	1	80	16	0	00.無	0		00.無	0	00.無	0				1	1	217	0	0	0	0	0	
#	1915	4000	0	1	1	1	1	1.可以交易；0.被PK不掉	1	0	武裝袍	80	5.史進	02.上衣 - 史進	05.綠	2	07.怪物掉寶	5000	1915	6001915	6100000	6200000	4010250	3ditem_a_001	1	80	16	0	00.無	0		00.無	0	00.無	0				1	1	218	0	0	0	0	0	
#	1916	4000	0	1	1	1	1	1.可以交易；0.被PK不掉	1	0	武裝褲	80	5.史進	03.褲子 - 史進	05.綠	2	07.怪物掉寶	5000	1916	6001916	6100000	6200000	4010251	3ditem_a_001	1	80	16	0	00.無	0		00.無	0	00.無	0				1	1	219	0	0	0	0	0	
#	1917	4000	0	1	1	1	1	1.可以交易；0.被PK不掉	1	0	武裝銅長棍	80	5.史進	04.武器 - 史進	05.綠	2	07.怪物掉寶	5000	1917	6001917	6100000	6200000	4010252	3ditem_a_001	1	80	16	0	00.無	0		00.無	0	00.無	0				1	1	220	0	0	0	0	0	
#	1918	4000	0	1	1	1	1	1.可以交易；0.被PK不掉	1	0	成吉思汗帽	80	5.史進	01.帽子 - 史進	06.藍	3	12.收集品交換	5000	1918	6001918	6100000	6200000	4010253	3ditem_a_001	1	80	16	0	00.無	0		00.無	0	00.無	0				1	1	217	0	0	0	0	0	
#	1919	4000	0	1	1	1	1	1.可以交易；0.被PK不掉	1	0	成吉思汗袍	80	5.史進	02.上衣 - 史進	06.藍	3	12.收集品交換	5000	1919	6001919	6100000	6200000	4010254	3ditem_a_001	1	80	16	0	00.無	0		00.無	0	00.無	0				1	1	218	0	0	0	0	0	
#	1920	4000	0	1	1	1	1	1.可以交易；0.被PK不掉	1	0	成吉思汗褲	80	5.史進	03.褲子 - 史進	06.藍	3	12.收集品交換	5000	1920	6001920	6100000	6200000	4010255	3ditem_a_001	1	80	16	0	00.無	0		00.無	0	00.無	0				1	1	219	0	0	0	0	0	
#	1921	4000	0	1	1	1	1	1.可以交易；0.被PK不掉	1	0	成吉思汗長棍	80	5.史進	04.武器 - 史進	06.藍	3	12.收集品交換	5000	1921	6001921	6100000	6200000	4010256	3ditem_a_001	1	80	16	0	00.無	0		00.無	0	00.無	0				1	1	220	0	0	0	0	0	
#	1922	4000	0	1	1	1	1	1.可以交易；0.被PK不掉	1	0	鐵血戰帽	80	5.史進	01.帽子 - 史進	07.紫	4	07.怪物掉寶	5000	1922	6001922	6100000	6200000	4010257	3ditem_a_001	1	80	16	0	00.無	0		00.無	0	00.無	0				1	1	217	0	0	0	0	0	
#	1923	4000	0	1	1	1	1	1.可以交易；0.被PK不掉	1	0	鐵血戰袍	80	5.史進	02.上衣 - 史進	07.紫	4	07.怪物掉寶	5000	1923	6001923	6100000	6200000	4010258	3ditem_a_001	1	80	16	0	00.無	0		00.無	0	00.無	0				1	1	218	0	0	0	0	0	
#	1924	4000	0	1	1	1	1	1.可以交易；0.被PK不掉	1	0	鐵血戰褲	80	5.史進	03.褲子 - 史進	07.紫	4	07.怪物掉寶	5000	1924	6001924	6100000	6200000	4010259	3ditem_a_001	1	80	16	0	00.無	0		00.無	0	00.無	0				1	1	219	0	0	0	0	0	
#	1925	4000	0	1	1	1	1	1.可以交易；0.被PK不掉	1	0	鐵血金長棍	80	5.史進	04.武器 - 史進	07.紫	4	07.怪物掉寶	5000	1925	6001925	6100000	6200000	4010260	3ditem_a_001	1	80	16	0	00.無	0		00.無	0	00.無	0				1	1	220	0	0	0	0	0	
#	1926	4000	0	1	1	1	0	1.可以交易；1.被PK會掉	1	1	輕裝御帽	85	5.史進	01.帽子 - 史進	03.灰	0	07.怪物掉寶	5000	1926	6001926	6100000	6200000	4010261	3ditem_a_001	1	85	16	0	00.無	0		00.無	0	00.無	0				1	1	217	0	0	0	0	0	
#	1927	4000	0	1	1	1	0	1.可以交易；1.被PK會掉	1	1	輕裝御袍	85	5.史進	02.上衣 - 史進	03.灰	0	07.怪物掉寶	5000	1927	6001927	6100000	6200000	4010262	3ditem_a_001	1	85	16	0	00.無	0		00.無	0	00.無	0				1	1	218	0	0	0	0	0	
#	1928	4000	0	1	1	1	0	1.可以交易；1.被PK會掉	1	1	輕裝御褲	85	5.史進	03.褲子 - 史進	03.灰	0	07.怪物掉寶	5000	1928	6001928	6100000	6200000	4010263	3ditem_a_001	1	85	16	0	00.無	0		00.無	0	00.無	0				1	1	219	0	0	0	0	0	
#	1929	4000	0	1	1	1	0	1.可以交易；1.被PK會掉	1	1	輕裝木長棍	85	5.史進	04.武器 - 史進	03.灰	0	07.怪物掉寶	5000	1929	6001929	6100000	6200000	4010264	3ditem_a_001	1	85	16	0	00.無	0		00.無	0	00.無	0				1	1	220	0	0	0	0	0	
#	1930	4000	0	1	1	1	0	1.可以交易；1.被PK會掉	1	1	田秧御帽	85	5.史進	01.帽子 - 史進	04.白	1	03.商店購買	5000	1930	6001930	6100000	6200000	4010265	3ditem_a_001	1	85	16	0	00.無	0		00.無	0	00.無	0				1	1	217	0	0	0	0	0	
#	1931	4000	0	1	1	1	0	1.可以交易；1.被PK會掉	1	1	田秧御袍	85	5.史進	02.上衣 - 史進	04.白	1	03.商店購買	5000	1931	6001931	6100000	6200000	4010266	3ditem_a_001	1	85	16	0	00.無	0		00.無	0	00.無	0				1	1	218	0	0	0	0	0	
#	1932	4000	0	1	1	1	0	1.可以交易；1.被PK會掉	1	1	田秧御褲	85	5.史進	03.褲子 - 史進	04.白	1	03.商店購買	5000	1932	6001932	6100000	6200000	4010267	3ditem_a_001	1	85	16	0	00.無	0		00.無	0	00.無	0				1	1	219	0	0	0	0	0	
#	1933	4000	0	1	1	1	0	1.可以交易；1.被PK會掉	1	1	田秧鐵長棍	85	5.史進	04.武器 - 史進	04.白	1	03.商店購買	5000	1933	6001933	6100000	6200000	4010268	3ditem_a_001	1	85	16	0	00.無	0		00.無	0	00.無	0				1	1	220	0	0	0	0	0	
#	1934	4000	0	1	1	1	1	1.可以交易；0.被PK不掉	1	0	林園御帽	85	5.史進	01.帽子 - 史進	05.綠	2	07.怪物掉寶	5000	1934	6001934	6100000	6200000	4010269	3ditem_a_001	1	85	16	0	00.無	0		00.無	0	00.無	0				1	1	217	0	0	0	0	0	
#	1935	4000	0	1	1	1	1	1.可以交易；0.被PK不掉	1	0	林園御袍	85	5.史進	02.上衣 - 史進	05.綠	2	07.怪物掉寶	5000	1935	6001935	6100000	6200000	4010270	3ditem_a_001	1	85	16	0	00.無	0		00.無	0	00.無	0				1	1	218	0	0	0	0	0	
#	1936	4000	0	1	1	1	1	1.可以交易；0.被PK不掉	1	0	林園御褲	85	5.史進	03.褲子 - 史進	05.綠	2	07.怪物掉寶	5000	1936	6001936	6100000	6200000	4010271	3ditem_a_001	1	85	16	0	00.無	0		00.無	0	00.無	0				1	1	219	0	0	0	0	0	
#	1937	4000	0	1	1	1	1	1.可以交易；0.被PK不掉	1	0	林園銅長棍	85	5.史進	04.武器 - 史進	05.綠	2	07.怪物掉寶	5000	1937	6001937	6100000	6200000	4010272	3ditem_a_001	1	85	16	0	00.無	0		00.無	0	00.無	0				1	1	220	0	0	0	0	0	
#	1938	4000	0	1	1	1	1	1.可以交易；0.被PK不掉	1	0	護衛御帽	85	5.史進	01.帽子 - 史進	06.藍	3	12.收集品交換	5000	1938	6001938	6100000	6200000	4010273	3ditem_a_001	1	85	16	0	00.無	0		00.無	0	00.無	0				1	1	217	0	0	0	0	0	
#	1939	4000	0	1	1	1	1	1.可以交易；0.被PK不掉	1	0	護衛御袍	85	5.史進	02.上衣 - 史進	06.藍	3	12.收集品交換	5000	1939	6001939	6100000	6200000	4010274	3ditem_a_001	1	85	16	0	00.無	0		00.無	0	00.無	0				1	1	218	0	0	0	0	0	
#	1940	4000	0	1	1	1	1	1.可以交易；0.被PK不掉	1	0	護衛御褲	85	5.史進	03.褲子 - 史進	06.藍	3	12.收集品交換	5000	1940	6001940	6100000	6200000	4010275	3ditem_a_001	1	85	16	0	00.無	0		00.無	0	00.無	0				1	1	219	0	0	0	0	0	
#	1941	4000	0	1	1	1	1	1.可以交易；0.被PK不掉	1	0	護衛銀長棍	85	5.史進	04.武器 - 史進	06.藍	3	12.收集品交換	5000	1941	6001941	6100000	6200000	4010276	3ditem_a_001	1	85	16	0	00.無	0		00.無	0	00.無	0				1	1	220	0	0	0	0	0	
#	1942	4000	0	1	1	1	0	1.可以交易；1.被PK會掉	1	1	麥色戰帽	90	5.史進	01.帽子 - 史進	03.灰	0	07.怪物掉寶	5000	1942	6001942	6100000	6200000	4010277	3ditem_a_001	1	90	16	0	00.無	0		00.無	0	00.無	0				1	1	217	0	0	0	0	0	
#	1943	4000	0	1	1	1	0	1.可以交易；1.被PK會掉	1	1	麥色戰袍	90	5.史進	02.上衣 - 史進	03.灰	0	07.怪物掉寶	5000	1943	6001943	6100000	6200000	4010278	3ditem_a_001	1	90	16	0	00.無	0		00.無	0	00.無	0				1	1	218	0	0	0	0	0	
#	1944	4000	0	1	1	1	0	1.可以交易；1.被PK會掉	1	1	麥色戰褲	90	5.史進	03.褲子 - 史進	03.灰	0	07.怪物掉寶	5000	1944	6001944	6100000	6200000	4010279	3ditem_a_001	1	90	16	0	00.無	0		00.無	0	00.無	0				1	1	219	0	0	0	0	0	
#	1945	4000	0	1	1	1	0	1.可以交易；1.被PK會掉	1	1	麥色木長棍	90	5.史進	04.武器 - 史進	03.灰	0	07.怪物掉寶	5000	1945	6001945	6100000	6200000	4010280	3ditem_a_001	1	90	16	0	00.無	0		00.無	0	00.無	0				1	1	220	0	0	0	0	0	
#	1946	4000	0	1	1	1	0	1.可以交易；1.被PK會掉	1	1	稻禾戰帽	90	5.史進	01.帽子 - 史進	04.白	1	03.商店購買	5000	1946	6001946	6100000	6200000	4010281	3ditem_a_001	1	90	16	0	00.無	0		00.無	0	00.無	0				1	1	217	0	0	0	0	0	
#	1947	4000	0	1	1	1	0	1.可以交易；1.被PK會掉	1	1	稻禾戰袍	90	5.史進	02.上衣 - 史進	04.白	1	03.商店購買	5000	1947	6001947	6100000	6200000	4010282	3ditem_a_001	1	90	16	0	00.無	0		00.無	0	00.無	0				1	1	218	0	0	0	0	0	
#	1948	4000	0	1	1	1	0	1.可以交易；1.被PK會掉	1	1	稻禾戰褲	90	5.史進	03.褲子 - 史進	04.白	1	03.商店購買	5000	1948	6001948	6100000	6200000	4010283	3ditem_a_001	1	90	16	0	00.無	0		00.無	0	00.無	0				1	1	219	0	0	0	0	0	
#	1949	4000	0	1	1	1	0	1.可以交易；1.被PK會掉	1	1	稻禾鐵長棍	90	5.史進	04.武器 - 史進	04.白	1	03.商店購買	5000	1949	6001949	6100000	6200000	4010284	3ditem_a_001	1	90	16	0	00.無	0		00.無	0	00.無	0				1	1	220	0	0	0	0	0	
#	1950	4000	0	1	1	1	1	1.可以交易；0.被PK不掉	1	0	旭日戰帽	90	5.史進	01.帽子 - 史進	05.綠	2	07.怪物掉寶	5000	1950	6001950	6100000	6200000	4010285	3ditem_a_001	1	90	16	0	00.無	0		00.無	0	00.無	0				1	1	217	0	0	0	0	0	
#	1951	4000	0	1	1	1	1	1.可以交易；0.被PK不掉	1	0	旭日戰袍	90	5.史進	02.上衣 - 史進	05.綠	2	07.怪物掉寶	5000	1951	6001951	6100000	6200000	4010286	3ditem_a_001	1	90	16	0	00.無	0		00.無	0	00.無	0				1	1	218	0	0	0	0	0	
#	1952	4000	0	1	1	1	1	1.可以交易；0.被PK不掉	1	0	旭日戰褲	90	5.史進	03.褲子 - 史進	05.綠	2	07.怪物掉寶	5000	1952	6001952	6100000	6200000	4010287	3ditem_a_001	1	90	16	0	00.無	0		00.無	0	00.無	0				1	1	219	0	0	0	0	0	
#	1953	4000	0	1	1	1	1	1.可以交易；0.被PK不掉	1	0	旭日銅長棍	90	5.史進	04.武器 - 史進	05.綠	2	07.怪物掉寶	5000	1953	6001953	6100000	6200000	4010288	3ditem_a_001	1	90	16	0	00.無	0		00.無	0	00.無	0				1	1	220	0	0	0	0	0	
#	1954	4000	0	1	1	1	1	1.可以交易；0.被PK不掉	1	0	夕陽戰帽	90	5.史進	01.帽子 - 史進	06.藍	3	12.收集品交換	5000	1954	6001954	6100000	6200000	4010289	3ditem_a_001	1	90	16	0	00.無	0		00.無	0	00.無	0				1	1	217	0	0	0	0	0	
#	1955	4000	0	1	1	1	1	1.可以交易；0.被PK不掉	1	0	夕陽戰袍	90	5.史進	02.上衣 - 史進	06.藍	3	12.收集品交換	5000	1955	6001955	6100000	6200000	4010290	3ditem_a_001	1	90	16	0	00.無	0		00.無	0	00.無	0				1	1	218	0	0	0	0	0	
#	1956	4000	0	1	1	1	1	1.可以交易；0.被PK不掉	1	0	夕陽戰褲	90	5.史進	03.褲子 - 史進	06.藍	3	12.收集品交換	5000	1956	6001956	6100000	6200000	4010291	3ditem_a_001	1	90	16	0	00.無	0		00.無	0	00.無	0				1	1	219	0	0	0	0	0	
#	1957	4000	0	1	1	1	1	1.可以交易；0.被PK不掉	1	0	夕陽銀長棍	90	5.史進	04.武器 - 史進	06.藍	3	12.收集品交換	5000	1957	6001957	6100000	6200000	4010292	3ditem_a_001	1	90	16	0	00.無	0		00.無	0	00.無	0				1	1	220	0	0	0	0	0	
#	1958	4000	0	1	1	1	0	1.可以交易；1.被PK會掉	1	1	出遊帽	95	5.史進	01.帽子 - 史進	03.灰	0	07.怪物掉寶	5000	1958	6001958	6100000	6200000	4010293	3ditem_a_001	1	95	16	0	00.無	0		00.無	0	00.無	0				1	1	217	0	0	0	0	0	
#	1959	4000	0	1	1	1	0	1.可以交易；1.被PK會掉	1	1	出遊袍	95	5.史進	02.上衣 - 史進	03.灰	0	07.怪物掉寶	5000	1959	6001959	6100000	6200000	4010294	3ditem_a_001	1	95	16	0	00.無	0		00.無	0	00.無	0				1	1	218	0	0	0	0	0	
#	1960	4000	0	1	1	1	0	1.可以交易；1.被PK會掉	1	1	出遊褲	95	5.史進	03.褲子 - 史進	03.灰	0	07.怪物掉寶	5000	1960	6001960	6100000	6200000	4010295	3ditem_a_001	1	95	16	0	00.無	0		00.無	0	00.無	0				1	1	219	0	0	0	0	0	
#	1961	4000	0	1	1	1	0	1.可以交易；1.被PK會掉	1	1	出遊木長棍	95	5.史進	04.武器 - 史進	03.灰	0	07.怪物掉寶	5000	1961	6001961	6100000	6200000	4010296	3ditem_a_001	1	95	16	0	00.無	0		00.無	0	00.無	0				1	1	220	0	0	0	0	0	
#	1962	4000	0	1	1	1	0	1.可以交易；1.被PK會掉	1	1	校衛帽	95	5.史進	01.帽子 - 史進	04.白	1	03.商店購買	5000	1962	6001962	6100000	6200000	4010297	3ditem_a_001	1	95	16	0	00.無	0		00.無	0	00.無	0				1	1	217	0	0	0	0	0	
#	1963	4000	0	1	1	1	0	1.可以交易；1.被PK會掉	1	1	校衛御袍	95	5.史進	02.上衣 - 史進	04.白	1	03.商店購買	5000	1963	6001963	6100000	6200000	4010298	3ditem_a_001	1	95	16	0	00.無	0		00.無	0	00.無	0				1	1	218	0	0	0	0	0	
#	1964	4000	0	1	1	1	0	1.可以交易；1.被PK會掉	1	1	校衛御褲	95	5.史進	03.褲子 - 史進	04.白	1	03.商店購買	5000	1964	6001964	6100000	6200000	4010299	3ditem_a_001	1	95	16	0	00.無	0		00.無	0	00.無	0				1	1	219	0	0	0	0	0	
#	1965	4000	0	1	1	1	0	1.可以交易；1.被PK會掉	1	1	校衛鐵長棍	95	5.史進	04.武器 - 史進	04.白	1	03.商店購買	5000	1965	6001965	6100000	6200000	4010300	3ditem_a_001	1	95	16	0	00.無	0		00.無	0	00.無	0				1	1	220	0	0	0	0	0	
#	1966	4000	0	1	1	1	1	1.可以交易；0.被PK不掉	1	0	錦衣帽	95	5.史進	01.帽子 - 史進	05.綠	2	07.怪物掉寶	5000	1966	6001966	6100000	6200000	4010301	3ditem_a_001	1	95	16	0	00.無	0		00.無	0	00.無	0				1	1	217	0	0	0	0	0	
#	1967	4000	0	1	1	1	1	1.可以交易；0.被PK不掉	1	0	錦衣御袍	95	5.史進	02.上衣 - 史進	05.綠	2	07.怪物掉寶	5000	1967	6001967	6100000	6200000	4010302	3ditem_a_001	1	95	16	0	00.無	0		00.無	0	00.無	0				1	1	218	0	0	0	0	0	
#	1968	4000	0	1	1	1	1	1.可以交易；0.被PK不掉	1	0	錦衣御褲	95	5.史進	03.褲子 - 史進	05.綠	2	07.怪物掉寶	5000	1968	6001968	6100000	6200000	4010303	3ditem_a_001	1	95	16	0	00.無	0		00.無	0	00.無	0				1	1	219	0	0	0	0	0	
#	1969	4000	0	1	1	1	1	1.可以交易；0.被PK不掉	1	0	錦衣銅長棍	95	5.史進	04.武器 - 史進	05.綠	2	07.怪物掉寶	5000	1969	6001969	6100000	6200000	4010304	3ditem_a_001	1	95	16	0	00.無	0		00.無	0	00.無	0				1	1	220	0	0	0	0	0	
#	1970	4000	0	1	1	1	1	1.可以交易；0.被PK不掉	1	0	皇廷帽	95	5.史進	01.帽子 - 史進	06.藍	3	12.收集品交換	5000	1970	6001970	6100000	6200000	4010305	3ditem_a_001	1	95	16	0	00.無	0		00.無	0	00.無	0				1	1	217	0	0	0	0	0	
#	1971	4000	0	1	1	1	1	1.可以交易；0.被PK不掉	1	0	皇廷御袍	95	5.史進	02.上衣 - 史進	06.藍	3	12.收集品交換	5000	1971	6001971	6100000	6200000	4010306	3ditem_a_001	1	95	16	0	00.無	0		00.無	0	00.無	0				1	1	218	0	0	0	0	0	
#	1972	4000	0	1	1	1	1	1.可以交易；0.被PK不掉	1	0	皇廷御褲	95	5.史進	03.褲子 - 史進	06.藍	3	12.收集品交換	5000	1972	6001972	6100000	6200000	4010307	3ditem_a_001	1	95	16	0	00.無	0		00.無	0	00.無	0				1	1	219	0	0	0	0	0	
#	1973	4000	0	1	1	1	1	1.可以交易；0.被PK不掉	1	0	皇廷銀長棍	95	5.史進	04.武器 - 史進	06.藍	3	12.收集品交換	5000	1973	6001973	6100000	6200000	4010308	3ditem_a_001	1	95	16	0	00.無	0		00.無	0	00.無	0				1	1	220	0	0	0	0	0	
#	1974	4000	0	1	1	1	0	1.可以交易；1.被PK會掉	1	1	幻影帽	99	5.史進	01.帽子 - 史進	03.灰	0	07.怪物掉寶	5000	1974	6001974	6100000	6200000	4010309	3ditem_a_001	1	99	16	0	00.無	0		00.無	0	00.無	0				1	1	217	0	0	0	0	0	
#	1975	4000	0	1	1	1	0	1.可以交易；1.被PK會掉	1	1	幻影戰袍	99	5.史進	02.上衣 - 史進	03.灰	0	07.怪物掉寶	5000	1975	6001975	6100000	6200000	4010310	3ditem_a_001	1	99	16	0	00.無	0		00.無	0	00.無	0				1	1	218	0	0	0	0	0	
#	1976	4000	0	1	1	1	0	1.可以交易；1.被PK會掉	1	1	幻影戰褲	99	5.史進	03.褲子 - 史進	03.灰	0	07.怪物掉寶	5000	1976	6001976	6100000	6200000	4010311	3ditem_a_001	1	99	16	0	00.無	0		00.無	0	00.無	0				1	1	219	0	0	0	0	0	
#	1977	4000	0	1	1	1	0	1.可以交易；1.被PK會掉	1	1	幻影木長棍	99	5.史進	04.武器 - 史進	03.灰	0	07.怪物掉寶	5000	1977	6001977	6100000	6200000	4010312	3ditem_a_001	1	99	16	0	00.無	0		00.無	0	00.無	0				1	1	220	0	0	0	0	0	
#	1978	4000	0	1	1	1	0	1.可以交易；1.被PK會掉	1	1	虛空帽	99	5.史進	01.帽子 - 史進	04.白	1	03.商店購買	5000	1978	6001978	6100000	6200000	4010313	3ditem_a_001	1	99	16	0	00.無	0		00.無	0	00.無	0				1	1	217	0	0	0	0	0	
#	1979	4000	0	1	1	1	0	1.可以交易；1.被PK會掉	1	1	虛空戰袍	99	5.史進	02.上衣 - 史進	04.白	1	03.商店購買	5000	1979	6001979	6100000	6200000	4010314	3ditem_a_001	1	99	16	0	00.無	0		00.無	0	00.無	0				1	1	218	0	0	0	0	0	
#	1980	4000	0	1	1	1	0	1.可以交易；1.被PK會掉	1	1	虛空戰褲	99	5.史進	03.褲子 - 史進	04.白	1	03.商店購買	5000	1980	6001980	6100000	6200000	4010315	3ditem_a_001	1	99	16	0	00.無	0		00.無	0	00.無	0				1	1	219	0	0	0	0	0	
#	1981	4000	0	1	1	1	0	1.可以交易；1.被PK會掉	1	1	虛空鐵長棍	99	5.史進	04.武器 - 史進	04.白	1	03.商店購買	5000	1981	6001981	6100000	6200000	4010316	3ditem_a_001	1	99	16	0	00.無	0		00.無	0	00.無	0				1	1	220	0	0	0	0	0	
#	1982	4000	0	1	1	1	1	1.可以交易；0.被PK不掉	1	0	不惑帽	99	5.史進	01.帽子 - 史進	05.綠	2	07.怪物掉寶	5000	1982	6001982	6100000	6200000	4010317	3ditem_a_001	1	99	16	0	00.無	0		00.無	0	00.無	0				1	1	217	0	0	0	0	0	
#	1983	4000	0	1	1	1	1	1.可以交易；0.被PK不掉	1	0	不惑戰袍	99	5.史進	02.上衣 - 史進	05.綠	2	07.怪物掉寶	5000	1983	6001983	6100000	6200000	4010318	3ditem_a_001	1	99	16	0	00.無	0		00.無	0	00.無	0				1	1	218	0	0	0	0	0	
#	1984	4000	0	1	1	1	1	1.可以交易；0.被PK不掉	1	0	不惑戰褲	99	5.史進	03.褲子 - 史進	05.綠	2	07.怪物掉寶	5000	1984	6001984	6100000	6200000	4010319	3ditem_a_001	1	99	16	0	00.無	0		00.無	0	00.無	0				1	1	219	0	0	0	0	0	
#	1985	4000	0	1	1	1	1	1.可以交易；0.被PK不掉	1	0	不惑銅長棍	99	5.史進	04.武器 - 史進	05.綠	2	07.怪物掉寶	5000	1985	6001985	6100000	6200000	4010320	3ditem_a_001	1	99	16	0	00.無	0		00.無	0	00.無	0				1	1	220	0	0	0	0	0	
#	1986	4000	0	1	1	1	1	1.可以交易；0.被PK不掉	1	0	無懼帽	99	5.史進	01.帽子 - 史進	06.藍	3	12.收集品交換	5000	1986	6001986	6100000	6200000	4010321	3ditem_a_001	1	99	16	0	00.無	0		00.無	0	00.無	0				1	1	217	0	0	0	0	0	
#	1987	4000	0	1	1	1	1	1.可以交易；0.被PK不掉	1	0	無懼戰袍	99	5.史進	02.上衣 - 史進	06.藍	3	12.收集品交換	5000	1987	6001987	6100000	6200000	4010322	3ditem_a_001	1	99	16	0	00.無	0		00.無	0	00.無	0				1	1	218	0	0	0	0	0	
#	1988	4000	0	1	1	1	1	1.可以交易；0.被PK不掉	1	0	無懼戰褲	99	5.史進	03.褲子 - 史進	06.藍	3	12.收集品交換	5000	1988	6001988	6100000	6200000	4010323	3ditem_a_001	1	99	16	0	00.無	0		00.無	0	00.無	0				1	1	219	0	0	0	0	0	
#	1989	4000	0	1	1	1	1	1.可以交易；0.被PK不掉	1	0	無懼銀長棍	99	5.史進	04.武器 - 史進	06.藍	3	12.收集品交換	5000	1989	6001989	6100000	6200000	4010324	3ditem_a_001	1	99	16	0	00.無	0		00.無	0	00.無	0				1	1	220	0	0	0	0	0	
#	1990	4000	0	1	1	1	1	1.可以交易；0.被PK不掉	1	0	畀剎門頭冠	99	5.史進	01.帽子 - 史進	07.紫	4	07.怪物掉寶	5000	1990	6001990	6100000	6200000	4010325	3ditem_a_001	1	99	16	0	00.無	0		00.無	0	00.無	0				1	1	217	0	0	0	0	0	
#	1991	4000	0	1	1	1	1	1.可以交易；0.被PK不掉	1	0	畀剎門戰袍	99	5.史進	02.上衣 - 史進	07.紫	4	07.怪物掉寶	5000	1991	6001991	6100000	6200000	4010326	3ditem_a_001	1	99	16	0	00.無	0		00.無	0	00.無	0				1	1	218	0	0	0	0	0	
#	1992	4000	0	1	1	1	1	1.可以交易；0.被PK不掉	1	0	畀剎門戰褲	99	5.史進	03.褲子 - 史進	07.紫	4	07.怪物掉寶	5000	1992	6001992	6100000	6200000	4010327	3ditem_a_001	1	99	16	0	00.無	0		00.無	0	00.無	0				1	1	219	0	0	0	0	0	
#	1993	4000	0	1	1	1	1	1.可以交易；0.被PK不掉	1	0	畀剎門長棍	99	5.史進	04.武器 - 史進	07.紫	4	07.怪物掉寶	5000	1993	6001993	6100000	6200000	4010328	3ditem_a_001	1	99	16	0	00.無	0		00.無	0	00.無	0				1	1	220	0	0	0	0	0	
	1994	4000	1	1	1	1	0	1.可以交易；0.被PK不掉	1	0	李逵頭巾	1	6.李逵	01.帽子 - 李逵	02.初始裝備	1	02.初始	5000	1994	6001994	6100000	6200000	4010329	3ditem_a_001	1	1	32	0	00.無	0		00.無	0	00.無	0				130	13	221	0	0	0	0	0	
	1995	4000	1	1	1	1	0	1.可以交易；0.被PK不掉	1	0	李逵背心	1	6.李逵	02.上衣 - 李逵	02.初始裝備	1	02.初始	5000	1995	6001995	6100000	6200000	4010330	3ditem_a_001	1	1	32	0	00.無	0		00.無	0	00.無	0				170	17	222	0	0	0	0	0	
	1996	4000	1	1	1	1	0	1.可以交易；0.被PK不掉	1	0	李逵褲	1	6.李逵	03.褲子 - 李逵	02.初始裝備	1	02.初始	5000	1996	6001996	6100000	6200000	4010331	3ditem_a_001	1	1	32	0	00.無	0		00.無	0	00.無	0				150	15	223	0	0	0	0	0	
	1997	4000	1	1	1	1	0	1.可以交易；0.被PK不掉	1	0	李逵斧頭	1	6.李逵	04.武器 - 李逵	02.初始裝備	1	02.初始	5000	1997	6001997	6100000	6200000	4010332	3ditem_a_001	1	1	32	0	00.無	0		00.無	0	00.無	0				280	28	224	0	0	0	0	0	
	1998	4000	1	1	1	1	0	1.可以交易；1.被PK會掉	1	1	劣質布帽	10	6.李逵	01.帽子 - 李逵	03.灰	0	07.怪物掉寶	5000	1998	6001998	6100000	6200000	4010333	3ditem_a_001	1	10	32	0	00.無	0		00.無	0	00.無	0				630	32	221	0	0	0	0	0	
	1999	4000	1	1	1	1	0	1.可以交易；1.被PK會掉	1	1	劣質布衣	10	6.李逵	02.上衣 - 李逵	03.灰	0	07.怪物掉寶	5000	1999	6001999	6100000	6200000	4010334	3ditem_a_001	1	10	32	0	00.無	0		00.無	0	00.無	0				820	41	222	0	0	0	0	0	
	2000	4000	1	1	1	1	0	1.可以交易；1.被PK會掉	1	1	劣質褲	10	6.李逵	03.褲子 - 李逵	03.灰	0	07.怪物掉寶	5000	2000	6002000	6100000	6200000	4010335	3ditem_a_001	1	10	32	0	00.無	0		00.無	0	00.無	0				720	36	223	0	0	0	0	0	
	2001	4000	1	1	1	1	0	1.可以交易；1.被PK會掉	1	1	劣質斧頭	10	6.李逵	04.武器 - 李逵	03.灰	0	07.怪物掉寶	5000	2001	6002001	6100000	6200000	4010336	3ditem_a_001	1	10	32	0	00.無	0		00.無	0	00.無	0				1360	68	224	0	0	0	0	0	
	2002	4000	1	1	1	1	0	1.可以交易；1.被PK會掉	1	1	平民布帽	10	6.李逵	01.帽子 - 李逵	04.白	1	03.商店購買	5000	2002	6002002	6100000	6200000	4010337	3ditem_a_001	1	10	32	0	00.無	0		00.無	0	00.無	0				630	63	221	0	0	0	0	0	
	2003	4000	1	1	1	1	0	1.可以交易；1.被PK會掉	1	1	平民布衣	10	6.李逵	02.上衣 - 李逵	04.白	1	03.商店購買	5000	2003	6002003	6100000	6200000	4010338	3ditem_a_001	1	10	32	0	00.無	0		00.無	0	00.無	0				820	82	222	0	0	0	0	0	
	2004	4000	1	1	1	1	0	1.可以交易；1.被PK會掉	1	1	平民褲	10	6.李逵	03.褲子 - 李逵	04.白	1	03.商店購買	5000	2004	6002004	6100000	6200000	4010339	3ditem_a_001	1	10	32	0	00.無	0		00.無	0	00.無	0				720	72	223	0	0	0	0	0	
	2005	4000	1	1	1	1	0	1.可以交易；1.被PK會掉	1	1	鐵斧頭	10	6.李逵	04.武器 - 李逵	04.白	1	03.商店購買	5000	2005	6002005	6100000	6200000	4010340	3ditem_a_001	1	10	32	0	00.無	0		00.無	0	00.無	0				1360	136	224	0	0	0	0	0	
	2006	4000	1	1	1	1	1	1.可以交易；0.被PK不掉	1	0	傳統布帽	10	6.李逵	01.帽子 - 李逵	05.綠	2	07.怪物掉寶	5000	2006	6002006	6100000	6200000	4010341	3ditem_a_001	1	10	32	0	00.無	0		00.無	0	00.無	0				630	32	221	0	0	0	0	0	
	2007	4000	1	1	1	1	1	1.可以交易；0.被PK不掉	1	0	傳統布衣	10	6.李逵	02.上衣 - 李逵	05.綠	2	07.怪物掉寶	5000	2007	6002007	6100000	6200000	4010342	3ditem_a_001	1	10	32	0	00.無	0		00.無	0	00.無	0				820	41	222	0	0	0	0	0	
	2008	4000	1	1	1	1	1	1.可以交易；0.被PK不掉	1	0	傳統褲	10	6.李逵	03.褲子 - 李逵	05.綠	2	07.怪物掉寶	5000	2008	6002008	6100000	6200000	4010343	3ditem_a_001	1	10	32	0	00.無	0		00.無	0	00.無	0				720	36	223	0	0	0	0	0	
	2009	4000	1	1	1	1	1	1.可以交易；0.被PK不掉	1	0	銅斧頭	10	6.李逵	04.武器 - 李逵	05.綠	2	07.怪物掉寶	5000	2009	6002009	6100000	6200000	4010344	3ditem_a_001	1	10	32	0	00.無	0		00.無	0	00.無	0				1360	68	224	0	0	0	0	0	
	2010	4000	1	1	1	1	1	1.可以交易；0.被PK不掉	1	0	特級布帽	10	6.李逵	01.帽子 - 李逵	06.藍	3	12.收集品交換	5000	2010	6002010	6100000	6200000	4010345	3ditem_a_001	1	10	32	0	00.無	0		00.無	0	00.無	0				630	32	221	0	0	0	0	0	
	2011	4000	1	1	1	1	1	1.可以交易；0.被PK不掉	1	0	特級布衣	10	6.李逵	02.上衣 - 李逵	06.藍	3	12.收集品交換	5000	2011	6002011	6100000	6200000	4010346	3ditem_a_001	1	10	32	0	00.無	0		00.無	0	00.無	0				820	41	222	0	0	0	0	0	
	2012	4000	1	1	1	1	1	1.可以交易；0.被PK不掉	1	0	特級褲	10	6.李逵	03.褲子 - 李逵	06.藍	3	12.收集品交換	5000	2012	6002012	6100000	6200000	4010347	3ditem_a_001	1	10	32	0	00.無	0		00.無	0	00.無	0				720	36	223	0	0	0	0	0	
	2013	4000	1	1	1	1	1	1.可以交易；0.被PK不掉	1	0	銀斧頭	10	6.李逵	04.武器 - 李逵	06.藍	3	12.收集品交換	5000	2013	6002013	6100000	6200000	4010348	3ditem_a_001	1	10	32	0	00.無	0		00.無	0	00.無	0				1360	68	224	0	0	0	0	0	
	2014	4000	1	1	1	1	0	1.可以交易；1.被PK會掉	1	1	迅雷帽	15	6.李逵	01.帽子 - 李逵	03.灰	0	07.怪物掉寶	5000	2014	6002014	6100000	6200000	4010349	3ditem_a_001	1	15	32	0	00.無	0		00.無	0	00.無	0				2330	117	221	0	0	0	0	0	
	2015	4000	1	1	1	1	0	1.可以交易；1.被PK會掉	1	1	迅雷衣	15	6.李逵	02.上衣 - 李逵	03.灰	0	07.怪物掉寶	5000	2015	6002015	6100000	6200000	4010350	3ditem_a_001	1	15	32	0	00.無	0		00.無	0	00.無	0				3000	150	222	0	0	0	0	0	
	2016	4000	1	1	1	1	0	1.可以交易；1.被PK會掉	1	1	迅雷褲	15	6.李逵	03.褲子 - 李逵	03.灰	0	07.怪物掉寶	5000	2016	6002016	6100000	6200000	4010351	3ditem_a_001	1	15	32	0	00.無	0		00.無	0	00.無	0				2660	133	223	0	0	0	0	0	
	2017	4000	1	1	1	1	0	1.可以交易；1.被PK會掉	1	1	迅雷斧頭	15	6.李逵	04.武器 - 李逵	03.灰	0	07.怪物掉寶	5000	2017	6002017	6100000	6200000	4010352	3ditem_a_001	1	15	32	0	00.無	0		00.無	0	00.無	0				4990	250	224	0	0	0	0	0	
	2018	4000	1	1	1	1	0	1.可以交易；1.被PK會掉	1	1	疾雷帽	15	6.李逵	01.帽子 - 李逵	04.白	1	03.商店購買	5000	2018	6002018	6100000	6200000	4010353	3ditem_a_001	1	15	32	0	00.無	0		00.無	0	00.無	0				2330	233	221	0	0	0	0	0	
	2019	4000	1	1	1	1	0	1.可以交易；1.被PK會掉	1	1	疾雷衣	15	6.李逵	02.上衣 - 李逵	04.白	1	03.商店購買	5000	2019	6002019	6100000	6200000	4010354	3ditem_a_001	1	15	32	0	00.無	0		00.無	0	00.無	0				3000	300	222	0	0	0	0	0	
	2020	4000	1	1	1	1	0	1.可以交易；1.被PK會掉	1	1	疾雷褲	15	6.李逵	03.褲子 - 李逵	04.白	1	03.商店購買	5000	2020	6002020	6100000	6200000	4010355	3ditem_a_001	1	15	32	0	00.無	0		00.無	0	00.無	0				2660	266	223	0	0	0	0	0	
	2021	4000	1	1	1	1	0	1.可以交易；1.被PK會掉	1	1	疾雷斧頭	15	6.李逵	04.武器 - 李逵	04.白	1	03.商店購買	5000	2021	6002021	6100000	6200000	4010356	3ditem_a_001	1	15	32	0	00.無	0		00.無	0	00.無	0				4990	499	224	0	0	0	0	0	
	2022	4000	1	1	1	1	1	1.可以交易；0.被PK不掉	1	0	雷鳴帽	15	6.李逵	01.帽子 - 李逵	05.綠	2	07.怪物掉寶	5000	2022	6002022	6100000	6200000	4010357	3ditem_a_001	1	15	32	0	00.無	0		00.無	0	00.無	0				2330	117	221	0	0	0	0	0	
	2023	4000	1	1	1	1	1	1.可以交易；0.被PK不掉	1	0	雷鳴衣	15	6.李逵	02.上衣 - 李逵	05.綠	2	07.怪物掉寶	5000	2023	6002023	6100000	6200000	4010358	3ditem_a_001	1	15	32	0	00.無	0		00.無	0	00.無	0				3000	150	222	0	0	0	0	0	
	2024	4000	1	1	1	1	1	1.可以交易；0.被PK不掉	1	0	雷鳴褲	15	6.李逵	03.褲子 - 李逵	05.綠	2	07.怪物掉寶	5000	2024	6002024	6100000	6200000	4010359	3ditem_a_001	1	15	32	0	00.無	0		00.無	0	00.無	0				2660	133	223	0	0	0	0	0	
	2025	4000	1	1	1	1	1	1.可以交易；0.被PK不掉	1	0	雷鳴斧頭	15	6.李逵	04.武器 - 李逵	05.綠	2	07.怪物掉寶	5000	2025	6002025	6100000	6200000	4010360	3ditem_a_001	1	15	32	0	00.無	0		00.無	0	00.無	0				4990	250	224	0	0	0	0	0	
	2026	4000	1	1	1	1	1	1.可以交易；0.被PK不掉	1	0	爆雷帽	15	6.李逵	01.帽子 - 李逵	06.藍	3	12.收集品交換	5000	2026	6002026	6100000	6200000	4010361	3ditem_a_001	1	15	32	0	00.無	0		00.無	0	00.無	0				2330	117	221	0	0	0	0	0	
	2027	4000	1	1	1	1	1	1.可以交易；0.被PK不掉	1	0	爆雷衣	15	6.李逵	02.上衣 - 李逵	06.藍	3	12.收集品交換	5000	2027	6002027	6100000	6200000	4010362	3ditem_a_001	1	15	32	0	00.無	0		00.無	0	00.無	0				3000	150	222	0	0	0	0	0	
	2028	4000	1	1	1	1	1	1.可以交易；0.被PK不掉	1	0	爆雷褲	15	6.李逵	03.褲子 - 李逵	06.藍	3	12.收集品交換	5000	2028	6002028	6100000	6200000	4010363	3ditem_a_001	1	15	32	0	00.無	0		00.無	0	00.無	0				2660	133	223	0	0	0	0	0	
	2029	4000	1	1	1	1	1	1.可以交易；0.被PK不掉	1	0	爆雷斧頭	15	6.李逵	04.武器 - 李逵	06.藍	3	12.收集品交換	5000	2029	6002029	6100000	6200000	4010364	3ditem_a_001	1	15	32	0	00.無	0		00.無	0	00.無	0				4990	250	224	0	0	0	0	0	
	2030	4000	1	1	1	1	0	1.可以交易；1.被PK會掉	1	1	微電帽	20	6.李逵	01.帽子 - 李逵	03.灰	0	07.怪物掉寶	5000	2030	6002030	6100000	6200000	4010365	3ditem_a_001	1	20	32	0	00.無	0		00.無	0	00.無	0				8540	427	221	0	0	0	0	0	
	2031	4000	1	1	1	1	0	1.可以交易；1.被PK會掉	1	1	微電衣	20	6.李逵	02.上衣 - 李逵	03.灰	0	07.怪物掉寶	5000	2031	6002031	6100000	6200000	4010366	3ditem_a_001	1	20	32	0	00.無	0		00.無	0	00.無	0				10980	549	222	0	0	0	0	0	
	2032	4000	1	1	1	1	0	1.可以交易；1.被PK會掉	1	1	微電褲	20	6.李逵	03.褲子 - 李逵	03.灰	0	07.怪物掉寶	5000	2032	6002032	6100000	6200000	4010367	3ditem_a_001	1	20	32	0	00.無	0		00.無	0	00.無	0				9760	488	223	0	0	0	0	0	
	2033	4000	1	1	1	1	0	1.可以交易；1.被PK會掉	1	1	微電斧頭	20	6.李逵	04.武器 - 李逵	03.灰	0	07.怪物掉寶	5000	2033	6002033	6100000	6200000	4010368	3ditem_a_001	1	20	32	0	00.無	0		00.無	0	00.無	0				18300	915	224	0	0	0	0	0	
	2034	4000	1	1	1	1	0	1.可以交易；1.被PK會掉	1	1	閃電帽	20	6.李逵	01.帽子 - 李逵	04.白	1	03.商店購買	5000	2034	6002034	6100000	6200000	4010369	3ditem_a_001	1	20	32	0	00.無	0		00.無	0	00.無	0				8540	854	221	0	0	0	0	0	
	2035	4000	1	1	1	1	0	1.可以交易；1.被PK會掉	1	1	閃電衣	20	6.李逵	02.上衣 - 李逵	04.白	1	03.商店購買	5000	2035	6002035	6100000	6200000	4010370	3ditem_a_001	1	20	32	0	00.無	0		00.無	0	00.無	0				10980	1098	222	0	0	0	0	0	
	2036	4000	1	1	1	1	0	1.可以交易；1.被PK會掉	1	1	閃電褲	20	6.李逵	03.褲子 - 李逵	04.白	1	03.商店購買	5000	2036	6002036	6100000	6200000	4010371	3ditem_a_001	1	20	32	0	00.無	0		00.無	0	00.無	0				9760	976	223	0	0	0	0	0	
	2037	4000	1	1	1	1	0	1.可以交易；1.被PK會掉	1	1	閃電斧頭	20	6.李逵	04.武器 - 李逵	04.白	1	03.商店購買	5000	2037	6002037	6100000	6200000	4010372	3ditem_a_001	1	20	32	0	00.無	0		00.無	0	00.無	0				18300	1830	224	0	0	0	0	0	
	2038	4000	1	1	1	1	1	1.可以交易；0.被PK不掉	1	0	旭電帽	20	6.李逵	01.帽子 - 李逵	05.綠	2	07.怪物掉寶	5000	2038	6002038	6100000	6200000	4010373	3ditem_a_001	1	20	32	0	00.無	0		00.無	0	00.無	0				8540	427	221	0	0	0	0	0	
	2039	4000	1	1	1	1	1	1.可以交易；0.被PK不掉	1	0	旭電衣	20	6.李逵	02.上衣 - 李逵	05.綠	2	07.怪物掉寶	5000	2039	6002039	6100000	6200000	4010374	3ditem_a_001	1	20	32	0	00.無	0		00.無	0	00.無	0				10980	549	222	0	0	0	0	0	
	2040	4000	1	1	1	1	1	1.可以交易；0.被PK不掉	1	0	旭電褲	20	6.李逵	03.褲子 - 李逵	05.綠	2	07.怪物掉寶	5000	2040	6002040	6100000	6200000	4010375	3ditem_a_001	1	20	32	0	00.無	0		00.無	0	00.無	0				9760	488	223	0	0	0	0	0	
	2041	4000	1	1	1	1	1	1.可以交易；0.被PK不掉	1	0	旭電斧頭	20	6.李逵	04.武器 - 李逵	05.綠	2	07.怪物掉寶	5000	2041	6002041	6100000	6200000	4010376	3ditem_a_001	1	20	32	0	00.無	0		00.無	0	00.無	0				18300	915	224	0	0	0	0	0	
	2042	4000	1	1	1	1	1	1.可以交易；0.被PK不掉	1	0	電擊王帽	20	6.李逵	01.帽子 - 李逵	06.藍	3	12.收集品交換	5000	2042	6002042	6100000	6200000	4010377	3ditem_a_001	1	20	32	0	00.無	0		00.無	0	00.無	0				8540	427	221	0	0	0	0	0	
	2043	4000	1	1	1	1	1	1.可以交易；0.被PK不掉	1	0	電擊王衣	20	6.李逵	02.上衣 - 李逵	06.藍	3	12.收集品交換	5000	2043	6002043	6100000	6200000	4010378	3ditem_a_001	1	20	32	0	00.無	0		00.無	0	00.無	0				10980	549	222	0	0	0	0	0	
	2044	4000	1	1	1	1	1	1.可以交易；0.被PK不掉	1	0	電擊王褲	20	6.李逵	03.褲子 - 李逵	06.藍	3	12.收集品交換	5000	2044	6002044	6100000	6200000	4010379	3ditem_a_001	1	20	32	0	00.無	0		00.無	0	00.無	0				9760	488	223	0	0	0	0	0	
	2045	4000	1	1	1	1	1	1.可以交易；0.被PK不掉	1	0	電擊王斧頭	20	6.李逵	04.武器 - 李逵	06.藍	3	12.收集品交換	5000	2045	6002045	6100000	6200000	4010380	3ditem_a_001	1	20	32	0	00.無	0		00.無	0	00.無	0				18300	915	224	0	0	0	0	0	
	2046	4000	1	1	1	1	1	1.可以交易；0.被PK不掉	1	0	風神帽	35	6.李逵	01.帽子 - 李逵	07.紫	4	07.怪物掉寶	5000	2046	6002046	6100000	6200000	4010381	3ditem_a_001	1	35	32	0	00.無	0		00.無	0	00.無	0				114700	5735	221	0	0	0	0	0	
	2047	4000	1	1	1	1	1	1.可以交易；0.被PK不掉	1	0	風神衣	35	6.李逵	02.上衣 - 李逵	07.紫	4	07.怪物掉寶	5000	2047	6002047	6100000	6200000	4010382	3ditem_a_001	1	35	32	0	00.無	0		00.無	0	00.無	0				147400	7370	222	0	0	0	0	0	
	2048	4000	1	1	1	1	1	1.可以交易；0.被PK不掉	1	0	風神褲	35	6.李逵	03.褲子 - 李逵	07.紫	4	07.怪物掉寶	5000	2048	6002048	6100000	6200000	4010383	3ditem_a_001	1	35	32	0	00.無	0		00.無	0	00.無	0				131000	6550	223	0	0	0	0	0	
	2049	4000	1	1	1	1	1	1.可以交易；0.被PK不掉	1	0	風神斧頭	35	6.李逵	04.武器 - 李逵	07.紫	4	07.怪物掉寶	5000	2049	6002049	6100000	6200000	4010384	3ditem_a_001	1	35	32	0	00.無	0		00.無	0	00.無	0				245700	12285	224	0	0	0	0	0	
	2050	4000	1	1	1	1	0	1.可以交易；1.被PK會掉	1	1	黑牛帽	25	6.李逵	01.帽子 - 李逵	03.灰	0	07.怪物掉寶	5000	2050	6002050	6100000	6200000	4010385	3ditem_a_001	1	25	32	0	00.無	0		00.無	0	00.無	0				24600	1230	221	0	0	0	0	0	
	2051	4000	1	1	1	1	0	1.可以交易；1.被PK會掉	1	1	黑牛衣	25	6.李逵	02.上衣 - 李逵	03.灰	0	07.怪物掉寶	5000	2051	6002051	6100000	6200000	4010386	3ditem_a_001	1	25	32	0	00.無	0		00.無	0	00.無	0				31600	1580	222	0	0	0	0	0	
	2052	4000	1	1	1	1	0	1.可以交易；1.被PK會掉	1	1	黑牛褲	25	6.李逵	03.褲子 - 李逵	03.灰	0	07.怪物掉寶	5000	2052	6002052	6100000	6200000	4010387	3ditem_a_001	1	25	32	0	00.無	0		00.無	0	00.無	0				28100	1405	223	0	0	0	0	0	
	2053	4000	1	1	1	1	0	1.可以交易；1.被PK會掉	1	1	黑牛斧頭	25	6.李逵	04.武器 - 李逵	03.灰	0	07.怪物掉寶	5000	2053	6002053	6100000	6200000	4010388	3ditem_a_001	1	25	32	0	00.無	0		00.無	0	00.無	0				52600	2630	224	0	0	0	0	0	
	2054	4000	1	1	1	1	0	1.可以交易；1.被PK會掉	1	1	蠻牛帽	25	6.李逵	01.帽子 - 李逵	04.白	1	03.商店購買	5000	2054	6002054	6100000	6200000	4010389	3ditem_a_001	1	25	32	0	00.無	0		00.無	0	00.無	0				24600	2460	221	0	0	0	0	0	
	2055	4000	1	1	1	1	0	1.可以交易；1.被PK會掉	1	1	蠻牛衣	25	6.李逵	02.上衣 - 李逵	04.白	1	03.商店購買	5000	2055	6002055	6100000	6200000	4010390	3ditem_a_001	1	25	32	0	00.無	0		00.無	0	00.無	0				31600	3160	222	0	0	0	0	0	
	2056	4000	1	1	1	1	0	1.可以交易；1.被PK會掉	1	1	蠻牛褲	25	6.李逵	03.褲子 - 李逵	04.白	1	03.商店購買	5000	2056	6002056	6100000	6200000	4010391	3ditem_a_001	1	25	32	0	00.無	0		00.無	0	00.無	0				28100	2810	223	0	0	0	0	0	
	2057	4000	1	1	1	1	0	1.可以交易；1.被PK會掉	1	1	蠻牛斧頭	25	6.李逵	04.武器 - 李逵	04.白	1	03.商店購買	5000	2057	6002057	6100000	6200000	4010392	3ditem_a_001	1	25	32	0	00.無	0		00.無	0	00.無	0				52600	5260	224	0	0	0	0	0	
	2058	4000	1	1	1	1	1	1.可以交易；0.被PK不掉	1	0	猛牛帽	25	6.李逵	01.帽子 - 李逵	05.綠	2	07.怪物掉寶	5000	2058	6002058	6100000	6200000	4010393	3ditem_a_001	1	25	32	0	00.無	0		00.無	0	00.無	0				24600	1230	221	0	0	0	0	0	
	2059	4000	1	1	1	1	1	1.可以交易；0.被PK不掉	1	0	猛牛衣	25	6.李逵	02.上衣 - 李逵	05.綠	2	07.怪物掉寶	5000	2059	6002059	6100000	6200000	4010394	3ditem_a_001	1	25	32	0	00.無	0		00.無	0	00.無	0				31600	1580	222	0	0	0	0	0	
	2060	4000	1	1	1	1	1	1.可以交易；0.被PK不掉	1	0	猛牛褲	25	6.李逵	03.褲子 - 李逵	05.綠	2	07.怪物掉寶	5000	2060	6002060	6100000	6200000	4010395	3ditem_a_001	1	25	32	0	00.無	0		00.無	0	00.無	0				28100	1405	223	0	0	0	0	0	
	2061	4000	1	1	1	1	1	1.可以交易；0.被PK不掉	1	0	猛牛斧頭	25	6.李逵	04.武器 - 李逵	05.綠	2	07.怪物掉寶	5000	2061	6002061	6100000	6200000	4010396	3ditem_a_001	1	25	32	0	00.無	0		00.無	0	00.無	0				52600	2630	224	0	0	0	0	0	
	2062	4000	1	1	1	1	1	0.不可交易；0.被PK不掉	0	0	狂牛帽	25	6.李逵	01.帽子 - 李逵	06.藍	3	12.收集品交換	5000	2062	6002062	6100000	6200000	4010397	3ditem_a_001	1	25	32	0	00.無	0		00.無	0	00.無	0				24600	1230	221	0	0	0	0	0	
	2063	4000	1	1	1	1	1	0.不可交易；0.被PK不掉	0	0	狂牛衣	25	6.李逵	02.上衣 - 李逵	06.藍	3	12.收集品交換	5000	2063	6002063	6100000	6200000	4010398	3ditem_a_001	1	25	32	0	00.無	0		00.無	0	00.無	0				31600	1580	222	0	0	0	0	0	
	2064	4000	1	1	1	1	1	0.不可交易；0.被PK不掉	0	0	狂牛褲	25	6.李逵	03.褲子 - 李逵	06.藍	3	12.收集品交換	5000	2064	6002064	6100000	6200000	4010399	3ditem_a_001	1	25	32	0	00.無	0		00.無	0	00.無	0				28100	1405	223	0	0	0	0	0	
	2065	4000	1	1	1	1	1	0.不可交易；0.被PK不掉	0	0	狂牛斧頭	25	6.李逵	04.武器 - 李逵	06.藍	3	12.收集品交換	5000	2065	6002065	6100000	6200000	4010400	3ditem_a_001	1	25	32	0	00.無	0		00.無	0	00.無	0				52600	2630	224	0	0	0	0	0	
	2066	4000	1	1	1	1	0	1.可以交易；1.被PK會掉	1	1	尖角帽	30	6.李逵	01.帽子 - 李逵	03.灰	0	07.怪物掉寶	5000	2066	6002066	6100000	6200000	4010401	3ditem_a_001	1	30	32	0	00.無	0		00.無	0	00.無	0				56300	2815	221	0	0	0	0	0	
	2067	4000	1	1	1	1	0	1.可以交易；1.被PK會掉	1	1	尖角袍	30	6.李逵	02.上衣 - 李逵	03.灰	0	07.怪物掉寶	5000	2067	6002067	6100000	6200000	4010402	3ditem_a_001	1	30	32	0	00.無	0		00.無	0	00.無	0				72400	3620	222	0	0	0	0	0	
	2068	4000	1	1	1	1	0	1.可以交易；1.被PK會掉	1	1	尖角褲	30	6.李逵	03.褲子 - 李逵	03.灰	0	07.怪物掉寶	5000	2068	6002068	6100000	6200000	4010403	3ditem_a_001	1	30	32	0	00.無	0		00.無	0	00.無	0				64400	3220	223	0	0	0	0	0	
	2069	4000	1	1	1	1	0	1.可以交易；1.被PK會掉	1	1	尖角斧頭	30	6.李逵	04.武器 - 李逵	03.灰	0	07.怪物掉寶	5000	2069	6002069	6100000	6200000	4010404	3ditem_a_001	1	30	32	0	00.無	0		00.無	0	00.無	0				120700	6035	224	0	0	0	0	0	
	2070	4000	1	1	1	1	0	1.可以交易；1.被PK會掉	1	1	銳棘帽	30	6.李逵	01.帽子 - 李逵	04.白	1	03.商店購買	5000	2070	6002070	6100000	6200000	4010405	3ditem_a_001	1	30	32	0	00.無	0		00.無	0	00.無	0				56300	5630	221	0	0	0	0	0	
	2071	4000	1	1	1	1	0	1.可以交易；1.被PK會掉	1	1	銳棘衣	30	6.李逵	02.上衣 - 李逵	04.白	1	03.商店購買	5000	2071	6002071	6100000	6200000	4010406	3ditem_a_001	1	30	32	0	00.無	0		00.無	0	00.無	0				72400	7240	222	0	0	0	0	0	
	2072	4000	1	1	1	1	0	1.可以交易；1.被PK會掉	1	1	銳棘褲	30	6.李逵	03.褲子 - 李逵	04.白	1	03.商店購買	5000	2072	6002072	6100000	6200000	4010407	3ditem_a_001	1	30	32	0	00.無	0		00.無	0	00.無	0				64400	6440	223	0	0	0	0	0	
	2073	4000	1	1	1	1	0	1.可以交易；1.被PK會掉	1	1	銳棘斧頭	30	6.李逵	04.武器 - 李逵	04.白	1	03.商店購買	5000	2073	6002073	6100000	6200000	4010408	3ditem_a_001	1	30	32	0	00.無	0		00.無	0	00.無	0				120700	12070	224	0	0	0	0	0	
	2074	4000	1	1	1	1	1	1.可以交易；0.被PK不掉	1	0	斑混帽	30	6.李逵	01.帽子 - 李逵	05.綠	2	07.怪物掉寶	5000	2074	6002074	6100000	6200000	4010409	3ditem_a_001	1	30	32	0	00.無	0		00.無	0	00.無	0				56300	2815	221	0	0	0	0	0	
	2075	4000	1	1	1	1	1	1.可以交易；0.被PK不掉	1	0	斑混衣	30	6.李逵	02.上衣 - 李逵	05.綠	2	07.怪物掉寶	5000	2075	6002075	6100000	6200000	4010410	3ditem_a_001	1	30	32	0	00.無	0		00.無	0	00.無	0				72400	3620	222	0	0	0	0	0	
	2076	4000	1	1	1	1	1	1.可以交易；0.被PK不掉	1	0	斑混褲	30	6.李逵	03.褲子 - 李逵	05.綠	2	07.怪物掉寶	5000	2076	6002076	6100000	6200000	4010411	3ditem_a_001	1	30	32	0	00.無	0		00.無	0	00.無	0				64400	3220	223	0	0	0	0	0	
	2077	4000	1	1	1	1	1	1.可以交易；0.被PK不掉	1	0	斑混斧頭	30	6.李逵	04.武器 - 李逵	05.綠	2	07.怪物掉寶	5000	2077	6002077	6100000	6200000	4010412	3ditem_a_001	1	30	32	0	00.無	0		00.無	0	00.無	0				120700	6035	224	0	0	0	0	0	
	2078	4000	1	1	1	1	1	1.可以交易；0.被PK不掉	1	0	刺鋒帽	30	6.李逵	01.帽子 - 李逵	06.藍	3	12.收集品交換	5000	2078	6002078	6100000	6200000	4010413	3ditem_a_001	1	30	32	0	00.無	0		00.無	0	00.無	0				56300	2815	221	0	0	0	0	0	
	2079	4000	1	1	1	1	1	1.可以交易；0.被PK不掉	1	0	刺鋒衣	30	6.李逵	02.上衣 - 李逵	06.藍	3	12.收集品交換	5000	2079	6002079	6100000	6200000	4010414	3ditem_a_001	1	30	32	0	00.無	0		00.無	0	00.無	0				72400	3620	222	0	0	0	0	0	
	2080	4000	1	1	1	1	1	1.可以交易；0.被PK不掉	1	0	刺鋒褲	30	6.李逵	03.褲子 - 李逵	06.藍	3	12.收集品交換	5000	2080	6002080	6100000	6200000	4010415	3ditem_a_001	1	30	32	0	00.無	0		00.無	0	00.無	0				64400	3220	223	0	0	0	0	0	
	2081	4000	1	1	1	1	1	1.可以交易；0.被PK不掉	1	0	刺鋒斧頭	30	6.李逵	04.武器 - 李逵	06.藍	3	12.收集品交換	5000	2081	6002081	6100000	6200000	4010416	3ditem_a_001	1	30	32	0	00.無	0		00.無	0	00.無	0				120700	6035	224	0	0	0	0	0	
	2082	4000	1	1	1	1	0	1.可以交易；1.被PK會掉	1	1	黃虎帽	35	6.李逵	01.帽子 - 李逵	03.灰	0	07.怪物掉寶	5000	2082	6002082	6100000	6200000	4010417	3ditem_a_001	1	35	32	0	00.無	0		00.無	0	00.無	0				114700	5735	221	0	0	0	0	0	
	2083	4000	1	1	1	1	0	1.可以交易；1.被PK會掉	1	1	黃虎衣	35	6.李逵	02.上衣 - 李逵	03.灰	0	07.怪物掉寶	5000	2083	6002083	6100000	6200000	4010418	3ditem_a_001	1	35	32	0	00.無	0		00.無	0	00.無	0				147400	7370	222	0	0	0	0	0	
	2084	4000	1	1	1	1	0	1.可以交易；1.被PK會掉	1	1	黃虎褲	35	6.李逵	03.褲子 - 李逵	03.灰	0	07.怪物掉寶	5000	2084	6002084	6100000	6200000	4010419	3ditem_a_001	1	35	32	0	00.無	0		00.無	0	00.無	0				131000	6550	223	0	0	0	0	0	
	2085	4000	1	1	1	1	0	1.可以交易；1.被PK會掉	1	1	黃虎斧頭	35	6.李逵	04.武器 - 李逵	03.灰	0	07.怪物掉寶	5000	2085	6002085	6100000	6200000	4010420	3ditem_a_001	1	35	32	0	00.無	0		00.無	0	00.無	0				245700	12285	224	0	0	0	0	0	
	2086	4000	1	1	1	1	0	1.可以交易；1.被PK會掉	1	1	猛虎帽	35	6.李逵	01.帽子 - 李逵	04.白	1	03.商店購買	5000	2086	6002086	6100000	6200000	4010421	3ditem_a_001	1	35	32	0	00.無	0		00.無	0	00.無	0				114700	11470	221	0	0	0	0	0	
	2087	4000	1	1	1	1	0	1.可以交易；1.被PK會掉	1	1	猛虎衣	35	6.李逵	02.上衣 - 李逵	04.白	1	03.商店購買	5000	2087	6002087	6100000	6200000	4010422	3ditem_a_001	1	35	32	0	00.無	0		00.無	0	00.無	0				147400	14740	222	0	0	0	0	0	
	2088	4000	1	1	1	1	0	1.可以交易；1.被PK會掉	1	1	猛虎褲	35	6.李逵	03.褲子 - 李逵	04.白	1	03.商店購買	5000	2088	6002088	6100000	6200000	4010423	3ditem_a_001	1	35	32	0	00.無	0		00.無	0	00.無	0				131000	13100	223	0	0	0	0	0	
	2089	4000	1	1	1	1	0	1.可以交易；1.被PK會掉	1	1	猛虎斧頭	35	6.李逵	04.武器 - 李逵	04.白	1	03.商店購買	5000	2089	6002089	6100000	6200000	4010424	3ditem_a_001	1	35	32	0	00.無	0		00.無	0	00.無	0				245700	24570	224	0	0	0	0	0	
	2090	4000	1	1	1	1	1	1.可以交易；0.被PK不掉	1	0	戰虎帽	35	6.李逵	01.帽子 - 李逵	05.綠	2	07.怪物掉寶	5000	2090	6002090	6100000	6200000	4010425	3ditem_a_001	1	35	32	0	00.無	0		00.無	0	00.無	0				114700	5735	221	0	0	0	0	0	
	2091	4000	1	1	1	1	1	1.可以交易；0.被PK不掉	1	0	戰虎衣	35	6.李逵	02.上衣 - 李逵	05.綠	2	07.怪物掉寶	5000	2091	6002091	6100000	6200000	4010426	3ditem_a_001	1	35	32	0	00.無	0		00.無	0	00.無	0				147400	7370	222	0	0	0	0	0	
	2092	4000	1	1	1	1	1	1.可以交易；0.被PK不掉	1	0	戰虎褲	35	6.李逵	03.褲子 - 李逵	05.綠	2	07.怪物掉寶	5000	2092	6002092	6100000	6200000	4010427	3ditem_a_001	1	35	32	0	00.無	0		00.無	0	00.無	0				131000	6550	223	0	0	0	0	0	
	2093	4000	1	1	1	1	1	1.可以交易；0.被PK不掉	1	0	戰虎斧頭	35	6.李逵	04.武器 - 李逵	05.綠	2	07.怪物掉寶	5000	2093	6002093	6100000	6200000	4010428	3ditem_a_001	1	35	32	0	00.無	0		00.無	0	00.無	0				245700	12285	224	0	0	0	0	0	
	2094	4000	1	1	1	1	1	0.不可交易；0.被PK不掉	0	0	虎王帽	35	6.李逵	01.帽子 - 李逵	06.藍	3	12.收集品交換	5000	2094	6002094	6100000	6200000	4010429	3ditem_a_001	1	35	32	0	00.無	0		00.無	0	00.無	0				114700	5735	221	0	0	0	0	0	
	2095	4000	1	1	1	1	1	0.不可交易；0.被PK不掉	0	0	虎王衣	35	6.李逵	02.上衣 - 李逵	06.藍	3	12.收集品交換	5000	2095	6002095	6100000	6200000	4010430	3ditem_a_001	1	35	32	0	00.無	0		00.無	0	00.無	0				147400	7370	222	0	0	0	0	0	
	2096	4000	1	1	1	1	1	0.不可交易；0.被PK不掉	0	0	虎王褲	35	6.李逵	03.褲子 - 李逵	06.藍	3	12.收集品交換	5000	2096	6002096	6100000	6200000	4010431	3ditem_a_001	1	35	32	0	00.無	0		00.無	0	00.無	0				131000	6550	223	0	0	0	0	0	
	2097	4000	1	1	1	1	1	0.不可交易；0.被PK不掉	0	0	虎王斧頭	35	6.李逵	04.武器 - 李逵	06.藍	3	12.收集品交換	5000	2097	6002097	6100000	6200000	4010432	3ditem_a_001	1	35	32	0	00.無	0		00.無	0	00.無	0				245700	12285	224	0	0	0	0	0	
	2098	4000	1	1	1	1	0	1.可以交易；1.被PK會掉	1	1	飛虎帽	40	6.李逵	01.帽子 - 李逵	03.灰	0	07.怪物掉寶	5000	2098	6002098	6100000	6200000	4010433	3ditem_a_001	1	40	32	0	00.無	0		00.無	0	00.無	0				211200	10560	221	0	0	0	0	0	
	2099	4000	1	1	1	1	0	1.可以交易；1.被PK會掉	1	1	飛虎衣	40	6.李逵	02.上衣 - 李逵	03.灰	0	07.怪物掉寶	5000	2099	6002099	6100000	6200000	4010434	3ditem_a_001	1	40	32	0	00.無	0		00.無	0	00.無	0				271500	13575	222	0	0	0	0	0	
	2100	4000	1	1	1	1	0	1.可以交易；1.被PK會掉	1	1	飛虎褲	40	6.李逵	03.褲子 - 李逵	03.灰	0	07.怪物掉寶	5000	2100	6002100	6100000	6200000	4010435	3ditem_a_001	1	40	32	0	00.無	0		00.無	0	00.無	0				241300	12065	223	0	0	0	0	0	
	2101	4000	1	1	1	1	0	1.可以交易；1.被PK會掉	1	1	飛虎斧頭	40	6.李逵	04.武器 - 李逵	03.灰	0	07.怪物掉寶	5000	2101	6002101	6100000	6200000	4010436	3ditem_a_001	1	40	32	0	00.無	0		00.無	0	00.無	0				452500	22625	224	0	0	0	0	0	
	2102	4000	1	1	1	1	0	1.可以交易；1.被PK會掉	1	1	降虎帽	40	6.李逵	01.帽子 - 李逵	04.白	1	03.商店購買	5000	2102	6002102	6100000	6200000	4010437	3ditem_a_001	1	40	32	0	00.無	0		00.無	0	00.無	0				211200	21120	221	0	0	0	0	0	
	2103	4000	1	1	1	1	0	1.可以交易；1.被PK會掉	1	1	降虎衣	40	6.李逵	02.上衣 - 李逵	04.白	1	03.商店購買	5000	2103	6002103	6100000	6200000	4010438	3ditem_a_001	1	40	32	0	00.無	0		00.無	0	00.無	0				271500	27150	222	0	0	0	0	0	
	2104	4000	1	1	1	1	0	1.可以交易；1.被PK會掉	1	1	降虎褲	40	6.李逵	03.褲子 - 李逵	04.白	1	03.商店購買	5000	2104	6002104	6100000	6200000	4010439	3ditem_a_001	1	40	32	0	00.無	0		00.無	0	00.無	0				241300	24130	223	0	0	0	0	0	
	2105	4000	1	1	1	1	0	1.可以交易；1.被PK會掉	1	1	降虎斧頭	40	6.李逵	04.武器 - 李逵	04.白	1	03.商店購買	5000	2105	6002105	6100000	6200000	4010440	3ditem_a_001	1	40	32	0	00.無	0		00.無	0	00.無	0				452500	45250	224	0	0	0	0	0	
	2106	4000	1	1	1	1	1	1.可以交易；0.被PK不掉	1	0	霸虎帽	40	6.李逵	01.帽子 - 李逵	05.綠	2	07.怪物掉寶	5000	2106	6002106	6100000	6200000	4010441	3ditem_a_001	1	40	32	0	00.無	0		00.無	0	00.無	0				211200	10560	221	0	0	0	0	0	
	2107	4000	1	1	1	1	1	1.可以交易；0.被PK不掉	1	0	霸虎衣	40	6.李逵	02.上衣 - 李逵	05.綠	2	07.怪物掉寶	5000	2107	6002107	6100000	6200000	4010442	3ditem_a_001	1	40	32	0	00.無	0		00.無	0	00.無	0				271500	13575	222	0	0	0	0	0	
	2108	4000	1	1	1	1	1	1.可以交易；0.被PK不掉	1	0	霸虎褲	40	6.李逵	03.褲子 - 李逵	05.綠	2	07.怪物掉寶	5000	2108	6002108	6100000	6200000	4010443	3ditem_a_001	1	40	32	0	00.無	0		00.無	0	00.無	0				241300	12065	223	0	0	0	0	0	
	2109	4000	1	1	1	1	1	1.可以交易；0.被PK不掉	1	0	霸虎斧頭	40	6.李逵	04.武器 - 李逵	05.綠	2	07.怪物掉寶	5000	2109	6002109	6100000	6200000	4010444	3ditem_a_001	1	40	32	0	00.無	0		00.無	0	00.無	0				452500	22625	224	0	0	0	0	0	
	2110	4000	1	1	1	1	1	1.可以交易；0.被PK不掉	1	0	神寅帽	40	6.李逵	01.帽子 - 李逵	06.藍	3	12.收集品交換	5000	2110	6002110	6100000	6200000	4010445	3ditem_a_001	1	40	32	0	00.無	0		00.無	0	00.無	0				211200	10560	221	0	0	0	0	0	
	2111	4000	1	1	1	1	1	1.可以交易；0.被PK不掉	1	0	神寅衣	40	6.李逵	02.上衣 - 李逵	06.藍	3	12.收集品交換	5000	2111	6002111	6100000	6200000	4010446	3ditem_a_001	1	40	32	0	00.無	0		00.無	0	00.無	0				271500	13575	222	0	0	0	0	0	
	2112	4000	1	1	1	1	1	1.可以交易；0.被PK不掉	1	0	神寅褲	40	6.李逵	03.褲子 - 李逵	06.藍	3	12.收集品交換	5000	2112	6002112	6100000	6200000	4010447	3ditem_a_001	1	40	32	0	00.無	0		00.無	0	00.無	0				241300	12065	223	0	0	0	0	0	
	2113	4000	1	1	1	1	1	1.可以交易；0.被PK不掉	1	0	神寅斧頭	40	6.李逵	04.武器 - 李逵	06.藍	3	12.收集品交換	5000	2113	6002113	6100000	6200000	4010448	3ditem_a_001	1	40	32	0	00.無	0		00.無	0	00.無	0				452500	22625	224	0	0	0	0	0	
	2114	4000	1	1	1	1	1	1.可以交易；0.被PK不掉	1	0	戰牛頭盔	45	6.李逵	01.帽子 - 李逵	07.紫	4	07.怪物掉寶	5000	2114	6002114	6100000	6200000	4010449	3ditem_a_001	1	45	32	0	00.無	0		00.無	0	00.無	0				363000	18150	221	0	0	0	0	0	
	2115	4000	1	1	1	1	1	1.可以交易；0.被PK不掉	1	0	戰牛皮衣	45	6.李逵	02.上衣 - 李逵	07.紫	4	07.怪物掉寶	5000	2115	6002115	6100000	6200000	4010450	3ditem_a_001	1	45	32	0	00.無	0		00.無	0	00.無	0				467000	23350	222	0	0	0	0	0	
	2116	4000	1	1	1	1	1	1.可以交易；0.被PK不掉	1	0	戰牛皮褲	45	6.李逵	03.褲子 - 李逵	07.紫	4	07.怪物掉寶	5000	2116	6002116	6100000	6200000	4010451	3ditem_a_001	1	45	32	0	00.無	0		00.無	0	00.無	0				415000	20750	223	0	0	0	0	0	
	2117	4000	1	1	1	1	1	1.可以交易；0.被PK不掉	1	0	戰牛斧頭	45	6.李逵	04.武器 - 李逵	07.紫	4	07.怪物掉寶	5000	2117	6002117	6100000	6200000	4010452	3ditem_a_001	1	45	32	0	00.無	0		00.無	0	00.無	0				778000	38900	224	0	0	0	0	0	
	2118	4000	1	1	1	1	0	1.可以交易；1.被PK會掉	1	1	霧隱帽	45	6.李逵	01.帽子 - 李逵	03.灰	0	07.怪物掉寶	5000	2118	6002118	6100000	6200000	4010453	3ditem_a_001	1	45	32	0	00.無	0		00.無	0	00.無	0				363000	18150	221	0	0	0	0	0	
	2119	4000	1	1	1	1	0	1.可以交易；1.被PK會掉	1	1	霧隱衣	45	6.李逵	02.上衣 - 李逵	03.灰	0	07.怪物掉寶	5000	2119	6002119	6100000	6200000	4010454	3ditem_a_001	1	45	32	0	00.無	0		00.無	0	00.無	0				467000	23350	222	0	0	0	0	0	
	2120	4000	1	1	1	1	0	1.可以交易；1.被PK會掉	1	1	霧隱褲	45	6.李逵	03.褲子 - 李逵	03.灰	0	07.怪物掉寶	5000	2120	6002120	6100000	6200000	4010455	3ditem_a_001	1	45	32	0	00.無	0		00.無	0	00.無	0				415000	20750	223	0	0	0	0	0	
	2121	4000	1	1	1	1	0	1.可以交易；1.被PK會掉	1	1	霧隱斧頭	45	6.李逵	04.武器 - 李逵	03.灰	0	07.怪物掉寶	5000	2121	6002121	6100000	6200000	4010456	3ditem_a_001	1	45	32	0	00.無	0		00.無	0	00.無	0				778000	38900	224	0	0	0	0	0	
	2122	4000	1	1	1	1	0	1.可以交易；1.被PK會掉	1	1	烈爪帽	45	6.李逵	01.帽子 - 李逵	04.白	1	03.商店購買	5000	2122	6002122	6100000	6200000	4010457	3ditem_a_001	1	45	32	0	00.無	0		00.無	0	00.無	0				363000	36300	221	0	0	0	0	0	
	2123	4000	1	1	1	1	0	1.可以交易；1.被PK會掉	1	1	烈爪衣	45	6.李逵	02.上衣 - 李逵	04.白	1	03.商店購買	5000	2123	6002123	6100000	6200000	4010458	3ditem_a_001	1	45	32	0	00.無	0		00.無	0	00.無	0				467000	46700	222	0	0	0	0	0	
	2124	4000	1	1	1	1	0	1.可以交易；1.被PK會掉	1	1	烈爪褲	45	6.李逵	03.褲子 - 李逵	04.白	1	03.商店購買	5000	2124	6002124	6100000	6200000	4010459	3ditem_a_001	1	45	32	0	00.無	0		00.無	0	00.無	0				415000	41500	223	0	0	0	0	0	
	2125	4000	1	1	1	1	0	1.可以交易；1.被PK會掉	1	1	烈爪斧頭	45	6.李逵	04.武器 - 李逵	04.白	1	03.商店購買	5000	2125	6002125	6100000	6200000	4010460	3ditem_a_001	1	45	32	0	00.無	0		00.無	0	00.無	0				778000	77800	224	0	0	0	0	0	
	2126	4000	1	1	1	1	1	1.可以交易；0.被PK不掉	1	0	形遁帽	45	6.李逵	01.帽子 - 李逵	05.綠	2	07.怪物掉寶	5000	2126	6002126	6100000	6200000	4010461	3ditem_a_001	1	45	32	0	00.無	0		00.無	0	00.無	0				363000	18150	221	0	0	0	0	0	
	2127	4000	1	1	1	1	1	1.可以交易；0.被PK不掉	1	0	形遁衣	45	6.李逵	02.上衣 - 李逵	05.綠	2	07.怪物掉寶	5000	2127	6002127	6100000	6200000	4010462	3ditem_a_001	1	45	32	0	00.無	0		00.無	0	00.無	0				467000	23350	222	0	0	0	0	0	
	2128	4000	1	1	1	1	1	1.可以交易；0.被PK不掉	1	0	形遁褲	45	6.李逵	03.褲子 - 李逵	05.綠	2	07.怪物掉寶	5000	2128	6002128	6100000	6200000	4010463	3ditem_a_001	1	45	32	0	00.無	0		00.無	0	00.無	0				415000	20750	223	0	0	0	0	0	
	2129	4000	1	1	1	1	1	1.可以交易；0.被PK不掉	1	0	形遁斧頭	45	6.李逵	04.武器 - 李逵	05.綠	2	07.怪物掉寶	5000	2129	6002129	6100000	6200000	4010464	3ditem_a_001	1	45	32	0	00.無	0		00.無	0	00.無	0				778000	38900	224	0	0	0	0	0	
	2130	4000	1	1	1	1	1	0.不可交易；0.被PK不掉	0	0	瞬隱帽	45	6.李逵	01.帽子 - 李逵	06.藍	3	12.收集品交換	5000	2130	6002130	6100000	6200000	4010465	3ditem_a_001	1	45	32	0	00.無	0		00.無	0	00.無	0				363000	18150	221	0	0	0	0	0	
	2131	4000	1	1	1	1	1	0.不可交易；0.被PK不掉	0	0	瞬隱衣	45	6.李逵	02.上衣 - 李逵	06.藍	3	12.收集品交換	5000	2131	6002131	6100000	6200000	4010466	3ditem_a_001	1	45	32	0	00.無	0		00.無	0	00.無	0				467000	23350	222	0	0	0	0	0	
	2132	4000	1	1	1	1	1	0.不可交易；0.被PK不掉	0	0	瞬隱褲	45	6.李逵	03.褲子 - 李逵	06.藍	3	12.收集品交換	5000	2132	6002132	6100000	6200000	4010467	3ditem_a_001	1	45	32	0	00.無	0		00.無	0	00.無	0				415000	20750	223	0	0	0	0	0	
	2133	4000	1	1	1	1	1	0.不可交易；0.被PK不掉	0	0	瞬隱斧頭	45	6.李逵	04.武器 - 李逵	06.藍	3	12.收集品交換	5000	2133	6002133	6100000	6200000	4010468	3ditem_a_001	1	45	32	0	00.無	0		00.無	0	00.無	0				778000	38900	224	0	0	0	0	0	
	2134	4000	1	1	1	1	0	1.可以交易；1.被PK會掉	1	1	盜賊帽	50	6.李逵	01.帽子 - 李逵	03.灰	0	07.怪物掉寶	5000	2134	6002134	6100000	6200000	4010469	3ditem_a_001	1	50	32	0	00.無	0		00.無	0	00.無	0				592000	29600	221	0	0	0	0	0	
	2135	4000	1	1	1	1	0	1.可以交易；1.被PK會掉	1	1	盜賊衣	50	6.李逵	02.上衣 - 李逵	03.灰	0	07.怪物掉寶	5000	2135	6002135	6100000	6200000	4010470	3ditem_a_001	1	50	32	0	00.無	0		00.無	0	00.無	0				762000	38100	222	0	0	0	0	0	
	2136	4000	1	1	1	1	0	1.可以交易；1.被PK會掉	1	1	盜賊褲	50	6.李逵	03.褲子 - 李逵	03.灰	0	07.怪物掉寶	5000	2136	6002136	6100000	6200000	4010471	3ditem_a_001	1	50	32	0	00.無	0		00.無	0	00.無	0				677000	33850	223	0	0	0	0	0	
	2137	4000	1	1	1	1	0	1.可以交易；1.被PK會掉	1	1	盜賊斧頭	50	6.李逵	04.武器 - 李逵	03.灰	0	07.怪物掉寶	5000	2137	6002137	6100000	6200000	4010472	3ditem_a_001	1	50	32	0	00.無	0		00.無	0	00.無	0				1269000	63450	224	0	0	0	0	0	
	2138	4000	1	1	1	1	0	1.可以交易；1.被PK會掉	1	1	遊俠帽	50	6.李逵	01.帽子 - 李逵	04.白	1	03.商店購買	5000	2138	6002138	6100000	6200000	4010473	3ditem_a_001	1	50	32	0	00.無	0		00.無	0	00.無	0				592000	59200	221	0	0	0	0	0	
	2139	4000	1	1	1	1	0	1.可以交易；1.被PK會掉	1	1	遊俠衣	50	6.李逵	02.上衣 - 李逵	04.白	1	03.商店購買	5000	2139	6002139	6100000	6200000	4010474	3ditem_a_001	1	50	32	0	00.無	0		00.無	0	00.無	0				762000	76200	222	0	0	0	0	0	
	2140	4000	1	1	1	1	0	1.可以交易；1.被PK會掉	1	1	遊俠褲	50	6.李逵	03.褲子 - 李逵	04.白	1	03.商店購買	5000	2140	6002140	6100000	6200000	4010475	3ditem_a_001	1	50	32	0	00.無	0		00.無	0	00.無	0				677000	67700	223	0	0	0	0	0	
	2141	4000	1	1	1	1	0	1.可以交易；1.被PK會掉	1	1	遊俠斧頭	50	6.李逵	04.武器 - 李逵	04.白	1	03.商店購買	5000	2141	6002141	6100000	6200000	4010476	3ditem_a_001	1	50	32	0	00.無	0		00.無	0	00.無	0				1269000	126900	224	0	0	0	0	0	
	2142	4000	1	1	1	1	1	1.可以交易；0.被PK不掉	1	0	厄運帽	50	6.李逵	01.帽子 - 李逵	05.綠	2	07.怪物掉寶	5000	2142	6002142	6100000	6200000	4010477	3ditem_a_001	1	50	32	0	00.無	0		00.無	0	00.無	0				592000	29600	221	0	0	0	0	0	
	2143	4000	1	1	1	1	1	1.可以交易；0.被PK不掉	1	0	厄運衣	50	6.李逵	02.上衣 - 李逵	05.綠	2	07.怪物掉寶	5000	2143	6002143	6100000	6200000	4010478	3ditem_a_001	1	50	32	0	00.無	0		00.無	0	00.無	0				762000	38100	222	0	0	0	0	0	
	2144	4000	1	1	1	1	1	1.可以交易；0.被PK不掉	1	0	厄運褲	50	6.李逵	03.褲子 - 李逵	05.綠	2	07.怪物掉寶	5000	2144	6002144	6100000	6200000	4010479	3ditem_a_001	1	50	32	0	00.無	0		00.無	0	00.無	0				677000	33850	223	0	0	0	0	0	
	2145	4000	1	1	1	1	1	1.可以交易；0.被PK不掉	1	0	厄運斧頭	50	6.李逵	04.武器 - 李逵	05.綠	2	07.怪物掉寶	5000	2145	6002145	6100000	6200000	4010480	3ditem_a_001	1	50	32	0	00.無	0		00.無	0	00.無	0				1269000	63450	224	0	0	0	0	0	
	2146	4000	1	1	1	1	1	1.可以交易；0.被PK不掉	1	0	威力帽	50	6.李逵	01.帽子 - 李逵	06.藍	3	12.收集品交換	5000	2146	6002146	6100000	6200000	4010481	3ditem_a_001	1	50	32	0	00.無	0		00.無	0	00.無	0				592000	29600	221	0	0	0	0	0	
	2147	4000	1	1	1	1	1	1.可以交易；0.被PK不掉	1	0	威力衣	50	6.李逵	02.上衣 - 李逵	06.藍	3	12.收集品交換	5000	2147	6002147	6100000	6200000	4010482	3ditem_a_001	1	50	32	0	00.無	0		00.無	0	00.無	0				762000	38100	222	0	0	0	0	0	
	2148	4000	1	1	1	1	1	1.可以交易；0.被PK不掉	1	0	威力褲	50	6.李逵	03.褲子 - 李逵	06.藍	3	12.收集品交換	5000	2148	6002148	6100000	6200000	4010483	3ditem_a_001	1	50	32	0	00.無	0		00.無	0	00.無	0				677000	33850	223	0	0	0	0	0	
	2149	4000	1	1	1	1	1	1.可以交易；0.被PK不掉	1	0	威力斧頭	50	6.李逵	04.武器 - 李逵	06.藍	3	12.收集品交換	5000	2149	6002149	6100000	6200000	4010484	3ditem_a_001	1	50	32	0	00.無	0		00.無	0	00.無	0				1269000	63450	224	0	0	0	0	0	
	2150	4000	1	1	1	1	0	1.可以交易；1.被PK會掉	1	1	鋁甲帽	55	6.李逵	01.帽子 - 李逵	03.灰	0	07.怪物掉寶	5000	2150	6002150	6100000	6200000	4010485	3ditem_a_001	1	55	32	0	00.無	0		00.無	0	00.無	0				929000	46450	221	0	0	0	0	0	
	2151	4000	1	1	1	1	0	1.可以交易；1.被PK會掉	1	1	鋁甲衣	55	6.李逵	02.上衣 - 李逵	03.灰	0	07.怪物掉寶	5000	2151	6002151	6100000	6200000	4010486	3ditem_a_001	1	55	32	0	00.無	0		00.無	0	00.無	0				1194000	59700	222	0	0	0	0	0	
	2152	4000	1	1	1	1	0	1.可以交易；1.被PK會掉	1	1	鋁甲褲	55	6.李逵	03.褲子 - 李逵	03.灰	0	07.怪物掉寶	5000	2152	6002152	6100000	6200000	4010487	3ditem_a_001	1	55	32	0	00.無	0		00.無	0	00.無	0				1061000	53050	223	0	0	0	0	0	
	2153	4000	1	1	1	1	0	1.可以交易；1.被PK會掉	1	1	鋁甲斧頭	55	6.李逵	04.武器 - 李逵	03.灰	0	07.怪物掉寶	5000	2153	6002153	6100000	6200000	4010488	3ditem_a_001	1	55	32	0	00.無	0		00.無	0	00.無	0				1990000	99500	224	0	0	0	0	0	
	2154	4000	1	1	1	1	0	1.可以交易；1.被PK會掉	1	1	鐵甲帽	55	6.李逵	01.帽子 - 李逵	04.白	1	03.商店購買	5000	2154	6002154	6100000	6200000	4010489	3ditem_a_001	1	55	32	0	00.無	0		00.無	0	00.無	0				929000	92900	221	0	0	0	0	0	
	2155	4000	1	1	1	1	0	1.可以交易；1.被PK會掉	1	1	鐵甲衣	55	6.李逵	02.上衣 - 李逵	04.白	1	03.商店購買	5000	2155	6002155	6100000	6200000	4010490	3ditem_a_001	1	55	32	0	00.無	0		00.無	0	00.無	0				1194000	119400	222	0	0	0	0	0	
	2156	4000	1	1	1	1	0	1.可以交易；1.被PK會掉	1	1	鐵甲褲	55	6.李逵	03.褲子 - 李逵	04.白	1	03.商店購買	5000	2156	6002156	6100000	6200000	4010491	3ditem_a_001	1	55	32	0	00.無	0		00.無	0	00.無	0				1061000	106100	223	0	0	0	0	0	
	2157	4000	1	1	1	1	0	1.可以交易；1.被PK會掉	1	1	鐵甲斧頭	55	6.李逵	04.武器 - 李逵	04.白	1	03.商店購買	5000	2157	6002157	6100000	6200000	4010492	3ditem_a_001	1	55	32	0	00.無	0		00.無	0	00.無	0				1990000	199000	224	0	0	0	0	0	
	2158	4000	1	1	1	1	1	1.可以交易；0.被PK不掉	1	0	銅甲帽	55	6.李逵	01.帽子 - 李逵	05.綠	2	07.怪物掉寶	5000	2158	6002158	6100000	6200000	4010493	3ditem_a_001	1	55	32	0	00.無	0		00.無	0	00.無	0				929000	46450	221	0	0	0	0	0	
	2159	4000	1	1	1	1	1	1.可以交易；0.被PK不掉	1	0	銅甲衣	55	6.李逵	02.上衣 - 李逵	05.綠	2	07.怪物掉寶	5000	2159	6002159	6100000	6200000	4010494	3ditem_a_001	1	55	32	0	00.無	0		00.無	0	00.無	0				1194000	59700	222	0	0	0	0	0	
	2160	4000	1	1	1	1	1	1.可以交易；0.被PK不掉	1	0	銅甲褲	55	6.李逵	03.褲子 - 李逵	05.綠	2	07.怪物掉寶	5000	2160	6002160	6100000	6200000	4010495	3ditem_a_001	1	55	32	0	00.無	0		00.無	0	00.無	0				1061000	53050	223	0	0	0	0	0	
	2161	4000	1	1	1	1	1	1.可以交易；0.被PK不掉	1	0	銅甲斧頭	55	6.李逵	04.武器 - 李逵	05.綠	2	07.怪物掉寶	5000	2161	6002161	6100000	6200000	4010496	3ditem_a_001	1	55	32	0	00.無	0		00.無	0	00.無	0				1990000	99500	224	0	0	0	0	0	
	2162	4000	1	1	1	1	1	0.不可交易；0.被PK不掉	0	0	銀甲帽	55	6.李逵	01.帽子 - 李逵	06.藍	3	12.收集品交換	5000	2162	6002162	6100000	6200000	4010497	3ditem_a_001	1	55	32	0	00.無	0		00.無	0	00.無	0				929000	46450	221	0	0	0	0	0	
	2163	4000	1	1	1	1	1	0.不可交易；0.被PK不掉	0	0	銀甲衣	55	6.李逵	02.上衣 - 李逵	06.藍	3	12.收集品交換	5000	2163	6002163	6100000	6200000	4010498	3ditem_a_001	1	55	32	0	00.無	0		00.無	0	00.無	0				1194000	59700	222	0	0	0	0	0	
	2164	4000	1	1	1	1	1	0.不可交易；0.被PK不掉	0	0	銀甲褲	55	6.李逵	03.褲子 - 李逵	06.藍	3	12.收集品交換	5000	2164	6002164	6100000	6200000	4010499	3ditem_a_001	1	55	32	0	00.無	0		00.無	0	00.無	0				1061000	53050	223	0	0	0	0	0	
	2165	4000	1	1	1	1	1	0.不可交易；0.被PK不掉	0	0	銀甲斧頭	55	6.李逵	04.武器 - 李逵	06.藍	3	12.收集品交換	5000	2165	6002165	6100000	6200000	4010500	3ditem_a_001	1	55	32	0	00.無	0		00.無	0	00.無	0				1990000	99500	224	0	0	0	0	0	
	2166	4000	1	1	1	1	0	1.可以交易；1.被PK會掉	1	1	紋甲帽	60	6.李逵	01.帽子 - 李逵	03.灰	0	07.怪物掉寶	5000	2166	6002166	6100000	6200000	4010501	3ditem_a_001	1	60	32	0	00.無	0		00.無	0	00.無	0				1407000	70350	221	0	0	0	0	0	
	2167	4000	1	1	1	1	0	1.可以交易；1.被PK會掉	1	1	紋甲衣	60	6.李逵	02.上衣 - 李逵	03.灰	0	07.怪物掉寶	5000	2167	6002167	6100000	6200000	4010502	3ditem_a_001	1	60	32	0	00.無	0		00.無	0	00.無	0				1809000	90450	222	0	0	0	0	0	
	2168	4000	1	1	1	1	0	1.可以交易；1.被PK會掉	1	1	紋甲褲	60	6.李逵	03.褲子 - 李逵	03.灰	0	07.怪物掉寶	5000	2168	6002168	6100000	6200000	4010503	3ditem_a_001	1	60	32	0	00.無	0		00.無	0	00.無	0				1608000	80400	223	0	0	0	0	0	
	2169	4000	1	1	1	1	0	1.可以交易；1.被PK會掉	1	1	紋甲斧頭	60	6.李逵	04.武器 - 李逵	03.灰	0	07.怪物掉寶	5000	2169	6002169	6100000	6200000	4010504	3ditem_a_001	1	60	32	0	00.無	0		00.無	0	00.無	0				3015000	150750	224	0	0	0	0	0	
	2170	4000	1	1	1	1	0	1.可以交易；1.被PK會掉	1	1	裝甲帽	60	6.李逵	01.帽子 - 李逵	04.白	1	03.商店購買	5000	2170	6002170	6100000	6200000	4010505	3ditem_a_001	1	60	32	0	00.無	0		00.無	0	00.無	0				1407000	140700	221	0	0	0	0	0	
	2171	4000	1	1	1	1	0	1.可以交易；1.被PK會掉	1	1	裝甲衣	60	6.李逵	02.上衣 - 李逵	04.白	1	03.商店購買	5000	2171	6002171	6100000	6200000	4010506	3ditem_a_001	1	60	32	0	00.無	0		00.無	0	00.無	0				1809000	180900	222	0	0	0	0	0	
	2172	4000	1	1	1	1	0	1.可以交易；1.被PK會掉	1	1	裝甲褲	60	6.李逵	03.褲子 - 李逵	04.白	1	03.商店購買	5000	2172	6002172	6100000	6200000	4010507	3ditem_a_001	1	60	32	0	00.無	0		00.無	0	00.無	0				1608000	160800	223	0	0	0	0	0	
	2173	4000	1	1	1	1	0	1.可以交易；1.被PK會掉	1	1	裝甲斧頭	60	6.李逵	04.武器 - 李逵	04.白	1	03.商店購買	5000	2173	6002173	6100000	6200000	4010508	3ditem_a_001	1	60	32	0	00.無	0		00.無	0	00.無	0				3015000	301500	224	0	0	0	0	0	
	2174	4000	1	1	1	1	1	1.可以交易；0.被PK不掉	1	0	鋼甲帽	60	6.李逵	01.帽子 - 李逵	05.綠	2	07.怪物掉寶	5000	2174	6002174	6100000	6200000	4010509	3ditem_a_001	1	60	32	0	00.無	0		00.無	0	00.無	0				1407000	70350	221	0	0	0	0	0	
	2175	4000	1	1	1	1	1	1.可以交易；0.被PK不掉	1	0	鋼甲衣	60	6.李逵	02.上衣 - 李逵	05.綠	2	07.怪物掉寶	5000	2175	6002175	6100000	6200000	4010510	3ditem_a_001	1	60	32	0	00.無	0		00.無	0	00.無	0				1809000	90450	222	0	0	0	0	0	
	2176	4000	1	1	1	1	1	1.可以交易；0.被PK不掉	1	0	鋼甲褲	60	6.李逵	03.褲子 - 李逵	05.綠	2	07.怪物掉寶	5000	2176	6002176	6100000	6200000	4010511	3ditem_a_001	1	60	32	0	00.無	0		00.無	0	00.無	0				1608000	80400	223	0	0	0	0	0	
	2177	4000	1	1	1	1	1	1.可以交易；0.被PK不掉	1	0	鋼甲斧頭	60	6.李逵	04.武器 - 李逵	05.綠	2	07.怪物掉寶	5000	2177	6002177	6100000	6200000	4010512	3ditem_a_001	1	60	32	0	00.無	0		00.無	0	00.無	0				3015000	150750	224	0	0	0	0	0	
	2178	4000	1	1	1	1	1	1.可以交易；0.被PK不掉	1	0	合金帽	60	6.李逵	01.帽子 - 李逵	06.藍	3	12.收集品交換	5000	2178	6002178	6100000	6200000	4010513	3ditem_a_001	1	60	32	0	00.無	0		00.無	0	00.無	0				1407000	70350	221	0	0	0	0	0	
	2179	4000	1	1	1	1	1	1.可以交易；0.被PK不掉	1	0	合金衣	60	6.李逵	02.上衣 - 李逵	06.藍	3	12.收集品交換	5000	2179	6002179	6100000	6200000	4010514	3ditem_a_001	1	60	32	0	00.無	0		00.無	0	00.無	0				1809000	90450	222	0	0	0	0	0	
	2180	4000	1	1	1	1	1	1.可以交易；0.被PK不掉	1	0	合金褲	60	6.李逵	03.褲子 - 李逵	06.藍	3	12.收集品交換	5000	2180	6002180	6100000	6200000	4010515	3ditem_a_001	1	60	32	0	00.無	0		00.無	0	00.無	0				1608000	80400	223	0	0	0	0	0	
	2181	4000	1	1	1	1	1	1.可以交易；0.被PK不掉	1	0	合金斧頭	60	6.李逵	04.武器 - 李逵	06.藍	3	12.收集品交換	5000	2181	6002181	6100000	6200000	4010516	3ditem_a_001	1	60	32	0	00.無	0		00.無	0	00.無	0				3015000	150750	224	0	0	0	0	0	
	2182	4000	1	1	1	1	1	1.可以交易；0.被PK不掉	1	0	奔牛鐵甲帽	55	6.李逵	01.帽子 - 李逵	07.紫	4	07.怪物掉寶	5000	2182	6002182	6100000	6200000	4010517	3ditem_a_001	1	55	32	0	00.無	0		00.無	0	00.無	0				929000	46450	221	0	0	0	0	0	
	2183	4000	1	1	1	1	1	1.可以交易；0.被PK不掉	1	0	奔牛鐵甲衣	55	6.李逵	02.上衣 - 李逵	07.紫	4	07.怪物掉寶	5000	2183	6002183	6100000	6200000	4010518	3ditem_a_001	1	55	32	0	00.無	0		00.無	0	00.無	0				1194000	59700	222	0	0	0	0	0	
	2184	4000	1	1	1	1	1	1.可以交易；0.被PK不掉	1	0	奔牛鐵甲褲	55	6.李逵	03.褲子 - 李逵	07.紫	4	07.怪物掉寶	5000	2184	6002184	6100000	6200000	4010519	3ditem_a_001	1	55	32	0	00.無	0		00.無	0	00.無	0				1061000	53050	223	0	0	0	0	0	
	2185	4000	1	1	1	1	1	1.可以交易；0.被PK不掉	1	0	奔牛斧頭	55	6.李逵	04.武器 - 李逵	07.紫	4	07.怪物掉寶	5000	2185	6002185	6100000	6200000	4010520	3ditem_a_001	1	55	32	0	00.無	0		00.無	0	00.無	0				1990000	99500	224	0	0	0	0	0	
#	2186	4000	0	1	1	1	0	1.可以交易；1.被PK會掉	1	1	虎吼頭盔	65	6.李逵	01.帽子 - 李逵	03.灰	0	07.怪物掉寶	5000	2186	6002186	6100000	6200000	4010521	3ditem_a_001	1	65	32	0	00.無	0		00.無	0	00.無	0				2090000	104500	221	0	0	0	0	0	
#	2187	4000	0	1	1	1	0	1.可以交易；1.被PK會掉	1	1	虎吼戰衣	65	6.李逵	02.上衣 - 李逵	03.灰	0	07.怪物掉寶	5000	2187	6002187	6100000	6200000	4010522	3ditem_a_001	1	65	32	0	00.無	0		00.無	0	00.無	0				2680000	134000	222	0	0	0	0	0	
#	2188	4000	0	1	1	1	0	1.可以交易；1.被PK會掉	1	1	虎吼戰褲	65	6.李逵	03.褲子 - 李逵	03.灰	0	07.怪物掉寶	5000	2188	6002188	6100000	6200000	4010523	3ditem_a_001	1	65	32	0	00.無	0		00.無	0	00.無	0				2390000	119500	223	0	0	0	0	0	
#	2189	4000	0	1	1	1	0	1.可以交易；1.被PK會掉	1	1	虎吼斧頭	65	6.李逵	04.武器 - 李逵	03.灰	0	07.怪物掉寶	5000	2189	6002189	6100000	6200000	4010524	3ditem_a_001	1	65	32	0	00.無	0		00.無	0	00.無	0				4470000	223500	224	0	0	0	0	0	
#	2190	4000	0	1	1	1	0	1.可以交易；1.被PK會掉	1	1	虎騎頭盔	65	6.李逵	01.帽子 - 李逵	04.白	1	03.商店購買	5000	2190	6002190	6100000	6200000	4010525	3ditem_a_001	1	65	32	0	00.無	0		00.無	0	00.無	0				2090000	209000	221	0	0	0	0	0	
#	2191	4000	0	1	1	1	0	1.可以交易；1.被PK會掉	1	1	虎騎戰衣	65	6.李逵	02.上衣 - 李逵	04.白	1	03.商店購買	5000	2191	6002191	6100000	6200000	4010526	3ditem_a_001	1	65	32	0	00.無	0		00.無	0	00.無	0				2680000	268000	222	0	0	0	0	0	
#	2192	4000	0	1	1	1	0	1.可以交易；1.被PK會掉	1	1	虎騎戰褲	65	6.李逵	03.褲子 - 李逵	04.白	1	03.商店購買	5000	2192	6002192	6100000	6200000	4010527	3ditem_a_001	1	65	32	0	00.無	0		00.無	0	00.無	0				2390000	239000	223	0	0	0	0	0	
#	2193	4000	0	1	1	1	0	1.可以交易；1.被PK會掉	1	1	虎騎斧頭	65	6.李逵	04.武器 - 李逵	04.白	1	03.商店購買	5000	2193	6002193	6100000	6200000	4010528	3ditem_a_001	1	65	32	0	00.無	0		00.無	0	00.無	0				4470000	447000	224	0	0	0	0	0	
#	2194	4000	0	1	1	1	1	1.可以交易；0.被PK不掉	1	0	虎魂頭盔	65	6.李逵	01.帽子 - 李逵	05.綠	2	07.怪物掉寶	5000	2194	6002194	6100000	6200000	4010529	3ditem_a_001	1	65	32	0	00.無	0		00.無	0	00.無	0				2090000	104500	221	0	0	0	0	0	
#	2195	4000	0	1	1	1	1	1.可以交易；0.被PK不掉	1	0	虎魂戰衣	65	6.李逵	02.上衣 - 李逵	05.綠	2	07.怪物掉寶	5000	2195	6002195	6100000	6200000	4010530	3ditem_a_001	1	65	32	0	00.無	0		00.無	0	00.無	0				2680000	134000	222	0	0	0	0	0	
#	2196	4000	0	1	1	1	1	1.可以交易；0.被PK不掉	1	0	虎魂戰褲	65	6.李逵	03.褲子 - 李逵	05.綠	2	07.怪物掉寶	5000	2196	6002196	6100000	6200000	4010531	3ditem_a_001	1	65	32	0	00.無	0		00.無	0	00.無	0				2390000	119500	223	0	0	0	0	0	
#	2197	4000	0	1	1	1	1	1.可以交易；0.被PK不掉	1	0	虎魂斧頭	65	6.李逵	04.武器 - 李逵	05.綠	2	07.怪物掉寶	5000	2197	6002197	6100000	6200000	4010532	3ditem_a_001	1	65	32	0	00.無	0		00.無	0	00.無	0				4470000	223500	224	0	0	0	0	0	
#	2198	4000	0	1	1	1	1	1.可以交易；0.被PK不掉	1	0	虎徽頭盔	65	6.李逵	01.帽子 - 李逵	06.藍	3	12.收集品交換	5000	2198	6002198	6100000	6200000	4010533	3ditem_a_001	1	65	32	0	00.無	0		00.無	0	00.無	0				2090000	104500	221	0	0	0	0	0	
#	2199	4000	0	1	1	1	1	1.可以交易；0.被PK不掉	1	0	虎徽戰衣	65	6.李逵	02.上衣 - 李逵	06.藍	3	12.收集品交換	5000	2199	6002199	6100000	6200000	4010534	3ditem_a_001	1	65	32	0	00.無	0		00.無	0	00.無	0				2680000	134000	222	0	0	0	0	0	
#	2200	4000	0	1	1	1	1	1.可以交易；0.被PK不掉	1	0	虎徽戰褲	65	6.李逵	03.褲子 - 李逵	06.藍	3	12.收集品交換	5000	2200	6002200	6100000	6200000	4010535	3ditem_a_001	1	65	32	0	00.無	0		00.無	0	00.無	0				2390000	119500	223	0	0	0	0	0	
#	2201	4000	0	1	1	1	1	1.可以交易；0.被PK不掉	1	0	虎徽斧頭	65	6.李逵	04.武器 - 李逵	06.藍	3	12.收集品交換	5000	2201	6002201	6100000	6200000	4010536	3ditem_a_001	1	65	32	0	00.無	0		00.無	0	00.無	0				4470000	223500	224	0	0	0	0	0	
#	2202	4000	0	1	1	1	0	1.可以交易；1.被PK會掉	1	1	胖虎頭盔	70	6.李逵	01.帽子 - 李逵	03.灰	0	07.怪物掉寶	5000	2202	6002202	6100000	6200000	4010537	3ditem_a_001	1	70	32	0	00.無	0		00.無	0	00.無	0				2380000	119000	221	0	0	0	0	0	
#	2203	4000	0	1	1	1	0	1.可以交易；1.被PK會掉	1	1	胖虎戰衣	70	6.李逵	02.上衣 - 李逵	03.灰	0	07.怪物掉寶	5000	2203	6002203	6100000	6200000	4010538	3ditem_a_001	1	70	32	0	00.無	0		00.無	0	00.無	0				3060000	153000	222	0	0	0	0	0	
#	2204	4000	0	1	1	1	0	1.可以交易；1.被PK會掉	1	1	胖虎戰褲	70	6.李逵	03.褲子 - 李逵	03.灰	0	07.怪物掉寶	5000	2204	6002204	6100000	6200000	4010539	3ditem_a_001	1	70	32	0	00.無	0		00.無	0	00.無	0				2720000	136000	223	0	0	0	0	0	
#	2205	4000	0	1	1	1	0	1.可以交易；1.被PK會掉	1	1	胖虎斧頭	70	6.李逵	04.武器 - 李逵	03.灰	0	07.怪物掉寶	5000	2205	6002205	6100000	6200000	4010540	3ditem_a_001	1	70	32	0	00.無	0		00.無	0	00.無	0				5090000	254500	224	0	0	0	0	0	
#	2206	4000	0	1	1	1	0	1.可以交易；1.被PK會掉	1	1	鐵虎頭盔	70	6.李逵	01.帽子 - 李逵	04.白	1	03.商店購買	5000	2206	6002206	6100000	6200000	4010541	3ditem_a_001	1	70	32	0	00.無	0		00.無	0	00.無	0				2380000	238000	221	0	0	0	0	0	
#	2207	4000	0	1	1	1	0	1.可以交易；1.被PK會掉	1	1	鐵虎戰衣	70	6.李逵	02.上衣 - 李逵	04.白	1	03.商店購買	5000	2207	6002207	6100000	6200000	4010542	3ditem_a_001	1	70	32	0	00.無	0		00.無	0	00.無	0				3060000	306000	222	0	0	0	0	0	
#	2208	4000	0	1	1	1	0	1.可以交易；1.被PK會掉	1	1	鐵虎戰褲	70	6.李逵	03.褲子 - 李逵	04.白	1	03.商店購買	5000	2208	6002208	6100000	6200000	4010543	3ditem_a_001	1	70	32	0	00.無	0		00.無	0	00.無	0				2720000	272000	223	0	0	0	0	0	
#	2209	4000	0	1	1	1	0	1.可以交易；1.被PK會掉	1	1	鐵虎斧頭	70	6.李逵	04.武器 - 李逵	04.白	1	03.商店購買	5000	2209	6002209	6100000	6200000	4010544	3ditem_a_001	1	70	32	0	00.無	0		00.無	0	00.無	0				5090000	509000	224	0	0	0	0	0	
#	2210	4000	0	1	1	1	1	1.可以交易；0.被PK不掉	1	0	銅虎頭盔	70	6.李逵	01.帽子 - 李逵	05.綠	2	07.怪物掉寶	5000	2210	6002210	6100000	6200000	4010545	3ditem_a_001	1	70	32	0	00.無	0		00.無	0	00.無	0				2380000	119000	221	0	0	0	0	0	
#	2211	4000	0	1	1	1	1	1.可以交易；0.被PK不掉	1	0	銅虎戰衣	70	6.李逵	02.上衣 - 李逵	05.綠	2	07.怪物掉寶	5000	2211	6002211	6100000	6200000	4010546	3ditem_a_001	1	70	32	0	00.無	0		00.無	0	00.無	0				3060000	153000	222	0	0	0	0	0	
#	2212	4000	0	1	1	1	1	1.可以交易；0.被PK不掉	1	0	銅虎戰褲	70	6.李逵	03.褲子 - 李逵	05.綠	2	07.怪物掉寶	5000	2212	6002212	6100000	6200000	4010547	3ditem_a_001	1	70	32	0	00.無	0		00.無	0	00.無	0				2720000	136000	223	0	0	0	0	0	
#	2213	4000	0	1	1	1	1	1.可以交易；0.被PK不掉	1	0	銅虎斧頭	70	6.李逵	04.武器 - 李逵	05.綠	2	07.怪物掉寶	5000	2213	6002213	6100000	6200000	4010548	3ditem_a_001	1	70	32	0	00.無	0		00.無	0	00.無	0				5090000	254500	224	0	0	0	0	0	
#	2214	4000	0	1	1	1	1	1.可以交易；0.被PK不掉	1	0	鋼虎頭盔	70	6.李逵	01.帽子 - 李逵	06.藍	3	12.收集品交換	5000	2214	6002214	6100000	6200000	4010549	3ditem_a_001	1	70	32	0	00.無	0		00.無	0	00.無	0				2380000	119000	221	0	0	0	0	0	
#	2215	4000	0	1	1	1	1	1.可以交易；0.被PK不掉	1	0	鋼虎戰衣	70	6.李逵	02.上衣 - 李逵	06.藍	3	12.收集品交換	5000	2215	6002215	6100000	6200000	4010550	3ditem_a_001	1	70	32	0	00.無	0		00.無	0	00.無	0				3060000	153000	222	0	0	0	0	0	
#	2216	4000	0	1	1	1	1	1.可以交易；0.被PK不掉	1	0	鋼虎戰褲	70	6.李逵	03.褲子 - 李逵	06.藍	3	12.收集品交換	5000	2216	6002216	6100000	6200000	4010551	3ditem_a_001	1	70	32	0	00.無	0		00.無	0	00.無	0				2720000	136000	223	0	0	0	0	0	
#	2217	4000	0	1	1	1	1	1.可以交易；0.被PK不掉	1	0	鋼虎斧頭	70	6.李逵	04.武器 - 李逵	06.藍	3	12.收集品交換	5000	2217	6002217	6100000	6200000	4010552	3ditem_a_001	1	70	32	0	00.無	0		00.無	0	00.無	0				5090000	254500	224	0	0	0	0	0	
#	2218	4000	0	1	1	1	0	1.可以交易；1.被PK會掉	1	1	波斯頭盔	75	6.李逵	01.帽子 - 李逵	03.灰	0	07.怪物掉寶	5000	2218	6002218	6100000	6200000	4010553	3ditem_a_001	1	75	32	0	00.無	0		00.無	0	00.無	0				1	1	221	0	0	0	0	0	
#	2219	4000	0	1	1	1	0	1.可以交易；1.被PK會掉	1	1	波斯戰衣	75	6.李逵	02.上衣 - 李逵	03.灰	0	07.怪物掉寶	5000	2219	6002219	6100000	6200000	4010554	3ditem_a_001	1	75	32	0	00.無	0		00.無	0	00.無	0				1	1	222	0	0	0	0	0	
#	2220	4000	0	1	1	1	0	1.可以交易；1.被PK會掉	1	1	波斯戰褲	75	6.李逵	03.褲子 - 李逵	03.灰	0	07.怪物掉寶	5000	2220	6002220	6100000	6200000	4010555	3ditem_a_001	1	75	32	0	00.無	0		00.無	0	00.無	0				1	1	223	0	0	0	0	0	
#	2221	4000	0	1	1	1	0	1.可以交易；1.被PK會掉	1	1	波斯斧頭	75	6.李逵	04.武器 - 李逵	03.灰	0	07.怪物掉寶	5000	2221	6002221	6100000	6200000	4010556	3ditem_a_001	1	75	32	0	00.無	0		00.無	0	00.無	0				1	1	224	0	0	0	0	0	
#	2222	4000	0	1	1	1	0	1.可以交易；1.被PK會掉	1	1	無雙頭盔	75	6.李逵	01.帽子 - 李逵	04.白	1	03.商店購買	5000	2222	6002222	6100000	6200000	4010557	3ditem_a_001	1	75	32	0	00.無	0		00.無	0	00.無	0				1	1	221	0	0	0	0	0	
#	2223	4000	0	1	1	1	0	1.可以交易；1.被PK會掉	1	1	無雙戰衣	75	6.李逵	02.上衣 - 李逵	04.白	1	03.商店購買	5000	2223	6002223	6100000	6200000	4010558	3ditem_a_001	1	75	32	0	00.無	0		00.無	0	00.無	0				1	1	222	0	0	0	0	0	
#	2224	4000	0	1	1	1	0	1.可以交易；1.被PK會掉	1	1	無雙戰褲	75	6.李逵	03.褲子 - 李逵	04.白	1	03.商店購買	5000	2224	6002224	6100000	6200000	4010559	3ditem_a_001	1	75	32	0	00.無	0		00.無	0	00.無	0				1	1	223	0	0	0	0	0	
#	2225	4000	0	1	1	1	0	1.可以交易；1.被PK會掉	1	1	無雙斧頭	75	6.李逵	04.武器 - 李逵	04.白	1	03.商店購買	5000	2225	6002225	6100000	6200000	4010560	3ditem_a_001	1	75	32	0	00.無	0		00.無	0	00.無	0				1	1	224	0	0	0	0	0	
#	2226	4000	0	1	1	1	1	1.可以交易；0.被PK不掉	1	0	戰國頭盔	75	6.李逵	01.帽子 - 李逵	05.綠	2	07.怪物掉寶	5000	2226	6002226	6100000	6200000	4010561	3ditem_a_001	1	75	32	0	00.無	0		00.無	0	00.無	0				1	1	221	0	0	0	0	0	
#	2227	4000	0	1	1	1	1	1.可以交易；0.被PK不掉	1	0	戰國戰衣	75	6.李逵	02.上衣 - 李逵	05.綠	2	07.怪物掉寶	5000	2227	6002227	6100000	6200000	4010562	3ditem_a_001	1	75	32	0	00.無	0		00.無	0	00.無	0				1	1	222	0	0	0	0	0	
#	2228	4000	0	1	1	1	1	1.可以交易；0.被PK不掉	1	0	戰國戰褲	75	6.李逵	03.褲子 - 李逵	05.綠	2	07.怪物掉寶	5000	2228	6002228	6100000	6200000	4010563	3ditem_a_001	1	75	32	0	00.無	0		00.無	0	00.無	0				1	1	223	0	0	0	0	0	
#	2229	4000	0	1	1	1	1	1.可以交易；0.被PK不掉	1	0	戰國斧頭	75	6.李逵	04.武器 - 李逵	05.綠	2	07.怪物掉寶	5000	2229	6002229	6100000	6200000	4010564	3ditem_a_001	1	75	32	0	00.無	0		00.無	0	00.無	0				1	1	224	0	0	0	0	0	
#	2230	4000	0	1	1	1	1	1.可以交易；0.被PK不掉	1	0	印加頭盔	75	6.李逵	01.帽子 - 李逵	06.藍	3	12.收集品交換	5000	2230	6002230	6100000	6200000	4010565	3ditem_a_001	1	75	32	0	00.無	0		00.無	0	00.無	0				1	1	221	0	0	0	0	0	
#	2231	4000	0	1	1	1	1	1.可以交易；0.被PK不掉	1	0	印加戰衣	75	6.李逵	02.上衣 - 李逵	06.藍	3	12.收集品交換	5000	2231	6002231	6100000	6200000	4010566	3ditem_a_001	1	75	32	0	00.無	0		00.無	0	00.無	0				1	1	222	0	0	0	0	0	
#	2232	4000	0	1	1	1	1	1.可以交易；0.被PK不掉	1	0	印加戰褲	75	6.李逵	03.褲子 - 李逵	06.藍	3	12.收集品交換	5000	2232	6002232	6100000	6200000	4010567	3ditem_a_001	1	75	32	0	00.無	0		00.無	0	00.無	0				1	1	223	0	0	0	0	0	
#	2233	4000	0	1	1	1	1	1.可以交易；0.被PK不掉	1	0	印加斧頭	75	6.李逵	04.武器 - 李逵	06.藍	3	12.收集品交換	5000	2233	6002233	6100000	6200000	4010568	3ditem_a_001	1	75	32	0	00.無	0		00.無	0	00.無	0				1	1	224	0	0	0	0	0	
#	2234	4000	0	1	1	1	0	1.可以交易；1.被PK會掉	1	1	使命頭盔	80	6.李逵	01.帽子 - 李逵	03.灰	0	07.怪物掉寶	5000	2234	6002234	6100000	6200000	4010569	3ditem_a_001	1	80	32	0	00.無	0		00.無	0	00.無	0				1	1	221	0	0	0	0	0	
#	2235	4000	0	1	1	1	0	1.可以交易；1.被PK會掉	1	1	使命戰衣	80	6.李逵	02.上衣 - 李逵	03.灰	0	07.怪物掉寶	5000	2235	6002235	6100000	6200000	4010570	3ditem_a_001	1	80	32	0	00.無	0		00.無	0	00.無	0				1	1	222	0	0	0	0	0	
#	2236	4000	0	1	1	1	0	1.可以交易；1.被PK會掉	1	1	使命戰褲	80	6.李逵	03.褲子 - 李逵	03.灰	0	07.怪物掉寶	5000	2236	6002236	6100000	6200000	4010571	3ditem_a_001	1	80	32	0	00.無	0		00.無	0	00.無	0				1	1	223	0	0	0	0	0	
#	2237	4000	0	1	1	1	0	1.可以交易；1.被PK會掉	1	1	使命斧頭	80	6.李逵	04.武器 - 李逵	03.灰	0	07.怪物掉寶	5000	2237	6002237	6100000	6200000	4010572	3ditem_a_001	1	80	32	0	00.無	0		00.無	0	00.無	0				1	1	224	0	0	0	0	0	
#	2238	4000	0	1	1	1	0	1.可以交易；1.被PK會掉	1	1	和平頭盔	80	6.李逵	01.帽子 - 李逵	04.白	1	03.商店購買	5000	2238	6002238	6100000	6200000	4010573	3ditem_a_001	1	80	32	0	00.無	0		00.無	0	00.無	0				1	1	221	0	0	0	0	0	
#	2239	4000	0	1	1	1	0	1.可以交易；1.被PK會掉	1	1	和平戰衣	80	6.李逵	02.上衣 - 李逵	04.白	1	03.商店購買	5000	2239	6002239	6100000	6200000	4010574	3ditem_a_001	1	80	32	0	00.無	0		00.無	0	00.無	0				1	1	222	0	0	0	0	0	
#	2240	4000	0	1	1	1	0	1.可以交易；1.被PK會掉	1	1	和平戰褲	80	6.李逵	03.褲子 - 李逵	04.白	1	03.商店購買	5000	2240	6002240	6100000	6200000	4010575	3ditem_a_001	1	80	32	0	00.無	0		00.無	0	00.無	0				1	1	223	0	0	0	0	0	
#	2241	4000	0	1	1	1	0	1.可以交易；1.被PK會掉	1	1	和平斧頭	80	6.李逵	04.武器 - 李逵	04.白	1	03.商店購買	5000	2241	6002241	6100000	6200000	4010576	3ditem_a_001	1	80	32	0	00.無	0		00.無	0	00.無	0				1	1	224	0	0	0	0	0	
#	2242	4000	0	1	1	1	1	1.可以交易；0.被PK不掉	1	0	恩典頭盔	80	6.李逵	01.帽子 - 李逵	05.綠	2	07.怪物掉寶	5000	2242	6002242	6100000	6200000	4010577	3ditem_a_001	1	80	32	0	00.無	0		00.無	0	00.無	0				1	1	221	0	0	0	0	0	
#	2243	4000	0	1	1	1	1	1.可以交易；0.被PK不掉	1	0	恩典戰衣	80	6.李逵	02.上衣 - 李逵	05.綠	2	07.怪物掉寶	5000	2243	6002243	6100000	6200000	4010578	3ditem_a_001	1	80	32	0	00.無	0		00.無	0	00.無	0				1	1	222	0	0	0	0	0	
#	2244	4000	0	1	1	1	1	1.可以交易；0.被PK不掉	1	0	恩典戰褲	80	6.李逵	03.褲子 - 李逵	05.綠	2	07.怪物掉寶	5000	2244	6002244	6100000	6200000	4010579	3ditem_a_001	1	80	32	0	00.無	0		00.無	0	00.無	0				1	1	223	0	0	0	0	0	
#	2245	4000	0	1	1	1	1	1.可以交易；0.被PK不掉	1	0	恩典斧頭	80	6.李逵	04.武器 - 李逵	05.綠	2	07.怪物掉寶	5000	2245	6002245	6100000	6200000	4010580	3ditem_a_001	1	80	32	0	00.無	0		00.無	0	00.無	0				1	1	224	0	0	0	0	0	
#	2246	4000	0	1	1	1	1	1.可以交易；0.被PK不掉	1	0	聖光頭盔	80	6.李逵	01.帽子 - 李逵	06.藍	3	12.收集品交換	5000	2246	6002246	6100000	6200000	4010581	3ditem_a_001	1	80	32	0	00.無	0		00.無	0	00.無	0				1	1	221	0	0	0	0	0	
#	2247	4000	0	1	1	1	1	1.可以交易；0.被PK不掉	1	0	聖光戰衣	80	6.李逵	02.上衣 - 李逵	06.藍	3	12.收集品交換	5000	2247	6002247	6100000	6200000	4010582	3ditem_a_001	1	80	32	0	00.無	0		00.無	0	00.無	0				1	1	222	0	0	0	0	0	
#	2248	4000	0	1	1	1	1	1.可以交易；0.被PK不掉	1	0	聖光戰褲	80	6.李逵	03.褲子 - 李逵	06.藍	3	12.收集品交換	5000	2248	6002248	6100000	6200000	4010583	3ditem_a_001	1	80	32	0	00.無	0		00.無	0	00.無	0				1	1	223	0	0	0	0	0	
#	2249	4000	0	1	1	1	1	1.可以交易；0.被PK不掉	1	0	聖光斧頭	80	6.李逵	04.武器 - 李逵	06.藍	3	12.收集品交換	5000	2249	6002249	6100000	6200000	4010584	3ditem_a_001	1	80	32	0	00.無	0		00.無	0	00.無	0				1	1	224	0	0	0	0	0	
#	2250	4000	0	1	1	1	1	1.可以交易；0.被PK不掉	1	0	櫻花紋頭盔	80	6.李逵	01.帽子 - 李逵	07.紫	4	07.怪物掉寶	5000	2250	6002250	6100000	6200000	4010585	3ditem_a_001	1	80	32	0	00.無	0		00.無	0	00.無	0				1	1	221	0	0	0	0	0	
#	2251	4000	0	1	1	1	1	1.可以交易；0.被PK不掉	1	0	櫻花紋衣	80	6.李逵	02.上衣 - 李逵	07.紫	4	07.怪物掉寶	5000	2251	6002251	6100000	6200000	4010586	3ditem_a_001	1	80	32	0	00.無	0		00.無	0	00.無	0				1	1	222	0	0	0	0	0	
#	2252	4000	0	1	1	1	1	1.可以交易；0.被PK不掉	1	0	櫻花紋褲	80	6.李逵	03.褲子 - 李逵	07.紫	4	07.怪物掉寶	5000	2252	6002252	6100000	6200000	4010587	3ditem_a_001	1	80	32	0	00.無	0		00.無	0	00.無	0				1	1	223	0	0	0	0	0	
#	2253	4000	0	1	1	1	1	1.可以交易；0.被PK不掉	1	0	櫻花紋斧頭	80	6.李逵	04.武器 - 李逵	07.紫	4	07.怪物掉寶	5000	2253	6002253	6100000	6200000	4010588	3ditem_a_001	1	80	32	0	00.無	0		00.無	0	00.無	0				1	1	224	0	0	0	0	0	
#	2254	4000	0	1	1	1	0	1.可以交易；1.被PK會掉	1	1	龍吼頭盔	85	6.李逵	01.帽子 - 李逵	03.灰	0	07.怪物掉寶	5000	2254	6002254	6100000	6200000	4010589	3ditem_a_001	1	85	32	0	00.無	0		00.無	0	00.無	0				1	1	221	0	0	0	0	0	
#	2255	4000	0	1	1	1	0	1.可以交易；1.被PK會掉	1	1	龍吼戰衣	85	6.李逵	02.上衣 - 李逵	03.灰	0	07.怪物掉寶	5000	2255	6002255	6100000	6200000	4010590	3ditem_a_001	1	85	32	0	00.無	0		00.無	0	00.無	0				1	1	222	0	0	0	0	0	
#	2256	4000	0	1	1	1	0	1.可以交易；1.被PK會掉	1	1	龍吼戰褲	85	6.李逵	03.褲子 - 李逵	03.灰	0	07.怪物掉寶	5000	2256	6002256	6100000	6200000	4010591	3ditem_a_001	1	85	32	0	00.無	0		00.無	0	00.無	0				1	1	223	0	0	0	0	0	
#	2257	4000	0	1	1	1	0	1.可以交易；1.被PK會掉	1	1	龍吼斧頭	85	6.李逵	04.武器 - 李逵	03.灰	0	07.怪物掉寶	5000	2257	6002257	6100000	6200000	4010592	3ditem_a_001	1	85	32	0	00.無	0		00.無	0	00.無	0				1	1	224	0	0	0	0	0	
#	2258	4000	0	1	1	1	0	1.可以交易；1.被PK會掉	1	1	龍騎頭盔	85	6.李逵	01.帽子 - 李逵	04.白	1	03.商店購買	5000	2258	6002258	6100000	6200000	4010593	3ditem_a_001	1	85	32	0	00.無	0		00.無	0	00.無	0				1	1	221	0	0	0	0	0	
#	2259	4000	0	1	1	1	0	1.可以交易；1.被PK會掉	1	1	龍騎戰衣	85	6.李逵	02.上衣 - 李逵	04.白	1	03.商店購買	5000	2259	6002259	6100000	6200000	4010594	3ditem_a_001	1	85	32	0	00.無	0		00.無	0	00.無	0				1	1	222	0	0	0	0	0	
#	2260	4000	0	1	1	1	0	1.可以交易；1.被PK會掉	1	1	龍騎戰褲	85	6.李逵	03.褲子 - 李逵	04.白	1	03.商店購買	5000	2260	6002260	6100000	6200000	4010595	3ditem_a_001	1	85	32	0	00.無	0		00.無	0	00.無	0				1	1	223	0	0	0	0	0	
#	2261	4000	0	1	1	1	0	1.可以交易；1.被PK會掉	1	1	龍騎斧頭	85	6.李逵	04.武器 - 李逵	04.白	1	03.商店購買	5000	2261	6002261	6100000	6200000	4010596	3ditem_a_001	1	85	32	0	00.無	0		00.無	0	00.無	0				1	1	224	0	0	0	0	0	
#	2262	4000	0	1	1	1	1	1.可以交易；0.被PK不掉	1	0	龍魂頭盔	85	6.李逵	01.帽子 - 李逵	05.綠	2	07.怪物掉寶	5000	2262	6002262	6100000	6200000	4010597	3ditem_a_001	1	85	32	0	00.無	0		00.無	0	00.無	0				1	1	221	0	0	0	0	0	
#	2263	4000	0	1	1	1	1	1.可以交易；0.被PK不掉	1	0	龍魂戰衣	85	6.李逵	02.上衣 - 李逵	05.綠	2	07.怪物掉寶	5000	2263	6002263	6100000	6200000	4010598	3ditem_a_001	1	85	32	0	00.無	0		00.無	0	00.無	0				1	1	222	0	0	0	0	0	
#	2264	4000	0	1	1	1	1	1.可以交易；0.被PK不掉	1	0	龍魂戰褲	85	6.李逵	03.褲子 - 李逵	05.綠	2	07.怪物掉寶	5000	2264	6002264	6100000	6200000	4010599	3ditem_a_001	1	85	32	0	00.無	0		00.無	0	00.無	0				1	1	223	0	0	0	0	0	
#	2265	4000	0	1	1	1	1	1.可以交易；0.被PK不掉	1	0	龍魂斧頭	85	6.李逵	04.武器 - 李逵	05.綠	2	07.怪物掉寶	5000	2265	6002265	6100000	6200000	4010600	3ditem_a_001	1	85	32	0	00.無	0		00.無	0	00.無	0				1	1	224	0	0	0	0	0	
#	2266	4000	0	1	1	1	1	1.可以交易；0.被PK不掉	1	0	龍徽頭盔	85	6.李逵	01.帽子 - 李逵	06.藍	3	12.收集品交換	5000	2266	6002266	6100000	6200000	4010601	3ditem_a_001	1	85	32	0	00.無	0		00.無	0	00.無	0				1	1	221	0	0	0	0	0	
#	2267	4000	0	1	1	1	1	1.可以交易；0.被PK不掉	1	0	龍徽戰衣	85	6.李逵	02.上衣 - 李逵	06.藍	3	12.收集品交換	5000	2267	6002267	6100000	6200000	4010602	3ditem_a_001	1	85	32	0	00.無	0		00.無	0	00.無	0				1	1	222	0	0	0	0	0	
#	2268	4000	0	1	1	1	1	1.可以交易；0.被PK不掉	1	0	龍徽戰褲	85	6.李逵	03.褲子 - 李逵	06.藍	3	12.收集品交換	5000	2268	6002268	6100000	6200000	4010603	3ditem_a_001	1	85	32	0	00.無	0		00.無	0	00.無	0				1	1	223	0	0	0	0	0	
#	2269	4000	0	1	1	1	1	1.可以交易；0.被PK不掉	1	0	龍徽斧頭	85	6.李逵	04.武器 - 李逵	06.藍	3	12.收集品交換	5000	2269	6002269	6100000	6200000	4010604	3ditem_a_001	1	85	32	0	00.無	0		00.無	0	00.無	0				1	1	224	0	0	0	0	0	
#	2270	4000	0	1	1	1	0	1.可以交易；1.被PK會掉	1	1	惡龍頭盔	90	6.李逵	01.帽子 - 李逵	03.灰	0	07.怪物掉寶	5000	2270	6002270	6100000	6200000	4010605	3ditem_a_001	1	90	32	0	00.無	0		00.無	0	00.無	0				1	1	221	0	0	0	0	0	
#	2271	4000	0	1	1	1	0	1.可以交易；1.被PK會掉	1	1	惡龍戰衣	90	6.李逵	02.上衣 - 李逵	03.灰	0	07.怪物掉寶	5000	2271	6002271	6100000	6200000	4010606	3ditem_a_001	1	90	32	0	00.無	0		00.無	0	00.無	0				1	1	222	0	0	0	0	0	
#	2272	4000	0	1	1	1	0	1.可以交易；1.被PK會掉	1	1	惡龍戰褲	90	6.李逵	03.褲子 - 李逵	03.灰	0	07.怪物掉寶	5000	2272	6002272	6100000	6200000	4010607	3ditem_a_001	1	90	32	0	00.無	0		00.無	0	00.無	0				1	1	223	0	0	0	0	0	
#	2273	4000	0	1	1	1	0	1.可以交易；1.被PK會掉	1	1	惡龍斧頭	90	6.李逵	04.武器 - 李逵	03.灰	0	07.怪物掉寶	5000	2273	6002273	6100000	6200000	4010608	3ditem_a_001	1	90	32	0	00.無	0		00.無	0	00.無	0				1	1	224	0	0	0	0	0	
#	2274	4000	0	1	1	1	0	1.可以交易；1.被PK會掉	1	1	鐵龍頭盔	90	6.李逵	01.帽子 - 李逵	04.白	1	03.商店購買	5000	2274	6002274	6100000	6200000	4010609	3ditem_a_001	1	90	32	0	00.無	0		00.無	0	00.無	0				1	1	221	0	0	0	0	0	
#	2275	4000	0	1	1	1	0	1.可以交易；1.被PK會掉	1	1	鐵龍戰衣	90	6.李逵	02.上衣 - 李逵	04.白	1	03.商店購買	5000	2275	6002275	6100000	6200000	4010610	3ditem_a_001	1	90	32	0	00.無	0		00.無	0	00.無	0				1	1	222	0	0	0	0	0	
#	2276	4000	0	1	1	1	0	1.可以交易；1.被PK會掉	1	1	鐵龍戰褲	90	6.李逵	03.褲子 - 李逵	04.白	1	03.商店購買	5000	2276	6002276	6100000	6200000	4010611	3ditem_a_001	1	90	32	0	00.無	0		00.無	0	00.無	0				1	1	223	0	0	0	0	0	
#	2277	4000	0	1	1	1	0	1.可以交易；1.被PK會掉	1	1	鐵龍斧頭	90	6.李逵	04.武器 - 李逵	04.白	1	03.商店購買	5000	2277	6002277	6100000	6200000	4010612	3ditem_a_001	1	90	32	0	00.無	0		00.無	0	00.無	0				1	1	224	0	0	0	0	0	
#	2278	4000	0	1	1	1	1	1.可以交易；0.被PK不掉	1	0	神龍頭盔	90	6.李逵	01.帽子 - 李逵	05.綠	2	07.怪物掉寶	5000	2278	6002278	6100000	6200000	4010613	3ditem_a_001	1	90	32	0	00.無	0		00.無	0	00.無	0				1	1	221	0	0	0	0	0	
#	2279	4000	0	1	1	1	1	1.可以交易；0.被PK不掉	1	0	神龍戰衣	90	6.李逵	02.上衣 - 李逵	05.綠	2	07.怪物掉寶	5000	2279	6002279	6100000	6200000	4010614	3ditem_a_001	1	90	32	0	00.無	0		00.無	0	00.無	0				1	1	222	0	0	0	0	0	
#	2280	4000	0	1	1	1	1	1.可以交易；0.被PK不掉	1	0	神龍戰褲	90	6.李逵	03.褲子 - 李逵	05.綠	2	07.怪物掉寶	5000	2280	6002280	6100000	6200000	4010615	3ditem_a_001	1	90	32	0	00.無	0		00.無	0	00.無	0				1	1	223	0	0	0	0	0	
#	2281	4000	0	1	1	1	1	1.可以交易；0.被PK不掉	1	0	神龍斧頭	90	6.李逵	04.武器 - 李逵	05.綠	2	07.怪物掉寶	5000	2281	6002281	6100000	6200000	4010616	3ditem_a_001	1	90	32	0	00.無	0		00.無	0	00.無	0				1	1	224	0	0	0	0	0	
#	2282	4000	0	1	1	1	1	1.可以交易；0.被PK不掉	1	0	聖龍頭盔	90	6.李逵	01.帽子 - 李逵	06.藍	3	12.收集品交換	5000	2282	6002282	6100000	6200000	4010617	3ditem_a_001	1	90	32	0	00.無	0		00.無	0	00.無	0				1	1	221	0	0	0	0	0	
#	2283	4000	0	1	1	1	1	1.可以交易；0.被PK不掉	1	0	聖龍戰衣	90	6.李逵	02.上衣 - 李逵	06.藍	3	12.收集品交換	5000	2283	6002283	6100000	6200000	4010618	3ditem_a_001	1	90	32	0	00.無	0		00.無	0	00.無	0				1	1	222	0	0	0	0	0	
#	2284	4000	0	1	1	1	1	1.可以交易；0.被PK不掉	1	0	聖龍戰褲	90	6.李逵	03.褲子 - 李逵	06.藍	3	12.收集品交換	5000	2284	6002284	6100000	6200000	4010619	3ditem_a_001	1	90	32	0	00.無	0		00.無	0	00.無	0				1	1	223	0	0	0	0	0	
#	2285	4000	0	1	1	1	1	1.可以交易；0.被PK不掉	1	0	聖龍斧頭	90	6.李逵	04.武器 - 李逵	06.藍	3	12.收集品交換	5000	2285	6002285	6100000	6200000	4010620	3ditem_a_001	1	90	32	0	00.無	0		00.無	0	00.無	0				1	1	224	0	0	0	0	0	
#	2286	4000	0	1	1	1	0	1.可以交易；1.被PK會掉	1	1	王室頭盔	95	6.李逵	01.帽子 - 李逵	03.灰	0	07.怪物掉寶	5000	2286	6002286	6100000	6200000	4010621	3ditem_a_001	1	95	32	0	00.無	0		00.無	0	00.無	0				1	1	221	0	0	0	0	0	
#	2287	4000	0	1	1	1	0	1.可以交易；1.被PK會掉	1	1	王室戰衣	95	6.李逵	02.上衣 - 李逵	03.灰	0	07.怪物掉寶	5000	2287	6002287	6100000	6200000	4010622	3ditem_a_001	1	95	32	0	00.無	0		00.無	0	00.無	0				1	1	222	0	0	0	0	0	
#	2288	4000	0	1	1	1	0	1.可以交易；1.被PK會掉	1	1	王室戰褲	95	6.李逵	03.褲子 - 李逵	03.灰	0	07.怪物掉寶	5000	2288	6002288	6100000	6200000	4010623	3ditem_a_001	1	95	32	0	00.無	0		00.無	0	00.無	0				1	1	223	0	0	0	0	0	
#	2289	4000	0	1	1	1	0	1.可以交易；1.被PK會掉	1	1	王室斧頭	95	6.李逵	04.武器 - 李逵	03.灰	0	07.怪物掉寶	5000	2289	6002289	6100000	6200000	4010624	3ditem_a_001	1	95	32	0	00.無	0		00.無	0	00.無	0				1	1	224	0	0	0	0	0	
#	2290	4000	0	1	1	1	0	1.可以交易；1.被PK會掉	1	1	敦煌頭盔	95	6.李逵	01.帽子 - 李逵	04.白	1	03.商店購買	5000	2290	6002290	6100000	6200000	4010625	3ditem_a_001	1	95	32	0	00.無	0		00.無	0	00.無	0				1	1	221	0	0	0	0	0	
#	2291	4000	0	1	1	1	0	1.可以交易；1.被PK會掉	1	1	敦煌戰衣	95	6.李逵	02.上衣 - 李逵	04.白	1	03.商店購買	5000	2291	6002291	6100000	6200000	4010626	3ditem_a_001	1	95	32	0	00.無	0		00.無	0	00.無	0				1	1	222	0	0	0	0	0	
#	2292	4000	0	1	1	1	0	1.可以交易；1.被PK會掉	1	1	敦煌戰褲	95	6.李逵	03.褲子 - 李逵	04.白	1	03.商店購買	5000	2292	6002292	6100000	6200000	4010627	3ditem_a_001	1	95	32	0	00.無	0		00.無	0	00.無	0				1	1	223	0	0	0	0	0	
#	2293	4000	0	1	1	1	0	1.可以交易；1.被PK會掉	1	1	敦煌斧頭	95	6.李逵	04.武器 - 李逵	04.白	1	03.商店購買	5000	2293	6002293	6100000	6200000	4010628	3ditem_a_001	1	95	32	0	00.無	0		00.無	0	00.無	0				1	1	224	0	0	0	0	0	
#	2294	4000	0	1	1	1	1	1.可以交易；0.被PK不掉	1	0	金珀頭盔	95	6.李逵	01.帽子 - 李逵	05.綠	2	07.怪物掉寶	5000	2294	6002294	6100000	6200000	4010629	3ditem_a_001	1	95	32	0	00.無	0		00.無	0	00.無	0				1	1	221	0	0	0	0	0	
#	2295	4000	0	1	1	1	1	1.可以交易；0.被PK不掉	1	0	金珀戰衣	95	6.李逵	02.上衣 - 李逵	05.綠	2	07.怪物掉寶	5000	2295	6002295	6100000	6200000	4010630	3ditem_a_001	1	95	32	0	00.無	0		00.無	0	00.無	0				1	1	222	0	0	0	0	0	
#	2296	4000	0	1	1	1	1	1.可以交易；0.被PK不掉	1	0	金珀戰褲	95	6.李逵	03.褲子 - 李逵	05.綠	2	07.怪物掉寶	5000	2296	6002296	6100000	6200000	4010631	3ditem_a_001	1	95	32	0	00.無	0		00.無	0	00.無	0				1	1	223	0	0	0	0	0	
#	2297	4000	0	1	1	1	1	1.可以交易；0.被PK不掉	1	0	金珀斧頭	95	6.李逵	04.武器 - 李逵	05.綠	2	07.怪物掉寶	5000	2297	6002297	6100000	6200000	4010632	3ditem_a_001	1	95	32	0	00.無	0		00.無	0	00.無	0				1	1	224	0	0	0	0	0	
#	2298	4000	0	1	1	1	1	1.可以交易；0.被PK不掉	1	0	佛光頭盔	95	6.李逵	01.帽子 - 李逵	06.藍	3	12.收集品交換	5000	2298	6002298	6100000	6200000	4010633	3ditem_a_001	1	95	32	0	00.無	0		00.無	0	00.無	0				1	1	221	0	0	0	0	0	
#	2299	4000	0	1	1	1	1	1.可以交易；0.被PK不掉	1	0	佛光戰衣	95	6.李逵	02.上衣 - 李逵	06.藍	3	12.收集品交換	5000	2299	6002299	6100000	6200000	4010634	3ditem_a_001	1	95	32	0	00.無	0		00.無	0	00.無	0				1	1	222	0	0	0	0	0	
#	2300	4000	0	1	1	1	1	1.可以交易；0.被PK不掉	1	0	佛光戰褲	95	6.李逵	03.褲子 - 李逵	06.藍	3	12.收集品交換	5000	2300	6002300	6100000	6200000	4010635	3ditem_a_001	1	95	32	0	00.無	0		00.無	0	00.無	0				1	1	223	0	0	0	0	0	
#	2301	4000	0	1	1	1	1	1.可以交易；0.被PK不掉	1	0	佛光斧頭	95	6.李逵	04.武器 - 李逵	06.藍	3	12.收集品交換	5000	2301	6002301	6100000	6200000	4010636	3ditem_a_001	1	95	32	0	00.無	0		00.無	0	00.無	0				1	1	224	0	0	0	0	0	
#	2302	4000	0	1	1	1	0	1.可以交易；1.被PK會掉	1	1	天擎頭盔	99	6.李逵	01.帽子 - 李逵	03.灰	0	07.怪物掉寶	5000	2302	6002302	6100000	6200000	4010637	3ditem_a_001	1	99	32	0	00.無	0		00.無	0	00.無	0				1	1	221	0	0	0	0	0	
#	2303	4000	0	1	1	1	0	1.可以交易；1.被PK會掉	1	1	天擎戰衣	99	6.李逵	02.上衣 - 李逵	03.灰	0	07.怪物掉寶	5000	2303	6002303	6100000	6200000	4010638	3ditem_a_001	1	99	32	0	00.無	0		00.無	0	00.無	0				1	1	222	0	0	0	0	0	
#	2304	4000	0	1	1	1	0	1.可以交易；1.被PK會掉	1	1	天擎戰褲	99	6.李逵	03.褲子 - 李逵	03.灰	0	07.怪物掉寶	5000	2304	6002304	6100000	6200000	4010639	3ditem_a_001	1	99	32	0	00.無	0		00.無	0	00.無	0				1	1	223	0	0	0	0	0	
#	2305	4000	0	1	1	1	0	1.可以交易；1.被PK會掉	1	1	天擎斧頭	99	6.李逵	04.武器 - 李逵	03.灰	0	07.怪物掉寶	5000	2305	6002305	6100000	6200000	4010640	3ditem_a_001	1	99	32	0	00.無	0		00.無	0	00.無	0				1	1	224	0	0	0	0	0	
#	2306	4000	0	1	1	1	0	1.可以交易；1.被PK會掉	1	1	金剛頭盔	99	6.李逵	01.帽子 - 李逵	04.白	1	03.商店購買	5000	2306	6002306	6100000	6200000	4010641	3ditem_a_001	1	99	32	0	00.無	0		00.無	0	00.無	0				1	1	221	0	0	0	0	0	
#	2307	4000	0	1	1	1	0	1.可以交易；1.被PK會掉	1	1	金剛戰衣	99	6.李逵	02.上衣 - 李逵	04.白	1	03.商店購買	5000	2307	6002307	6100000	6200000	4010642	3ditem_a_001	1	99	32	0	00.無	0		00.無	0	00.無	0				1	1	222	0	0	0	0	0	
#	2308	4000	0	1	1	1	0	1.可以交易；1.被PK會掉	1	1	金剛戰褲	99	6.李逵	03.褲子 - 李逵	04.白	1	03.商店購買	5000	2308	6002308	6100000	6200000	4010643	3ditem_a_001	1	99	32	0	00.無	0		00.無	0	00.無	0				1	1	223	0	0	0	0	0	
#	2309	4000	0	1	1	1	0	1.可以交易；1.被PK會掉	1	1	金剛斧頭	99	6.李逵	04.武器 - 李逵	04.白	1	03.商店購買	5000	2309	6002309	6100000	6200000	4010644	3ditem_a_001	1	99	32	0	00.無	0		00.無	0	00.無	0				1	1	224	0	0	0	0	0	
#	2310	4000	0	1	1	1	1	1.可以交易；0.被PK不掉	1	0	神盾頭盔	99	6.李逵	01.帽子 - 李逵	05.綠	2	07.怪物掉寶	5000	2310	6002310	6100000	6200000	4010645	3ditem_a_001	1	99	32	0	00.無	0		00.無	0	00.無	0				1	1	221	0	0	0	0	0	
#	2311	4000	0	1	1	1	1	1.可以交易；0.被PK不掉	1	0	神盾戰衣	99	6.李逵	02.上衣 - 李逵	05.綠	2	07.怪物掉寶	5000	2311	6002311	6100000	6200000	4010646	3ditem_a_001	1	99	32	0	00.無	0		00.無	0	00.無	0				1	1	222	0	0	0	0	0	
#	2312	4000	0	1	1	1	1	1.可以交易；0.被PK不掉	1	0	神盾戰褲	99	6.李逵	03.褲子 - 李逵	05.綠	2	07.怪物掉寶	5000	2312	6002312	6100000	6200000	4010647	3ditem_a_001	1	99	32	0	00.無	0		00.無	0	00.無	0				1	1	223	0	0	0	0	0	
#	2313	4000	0	1	1	1	1	1.可以交易；0.被PK不掉	1	0	神盾斧頭	99	6.李逵	04.武器 - 李逵	05.綠	2	07.怪物掉寶	5000	2313	6002313	6100000	6200000	4010648	3ditem_a_001	1	99	32	0	00.無	0		00.無	0	00.無	0				1	1	224	0	0	0	0	0	
#	2314	4000	0	1	1	1	1	1.可以交易；0.被PK不掉	1	0	聖光頭盔	99	6.李逵	01.帽子 - 李逵	06.藍	3	12.收集品交換	5000	2314	6002314	6100000	6200000	4010649	3ditem_a_001	1	99	32	0	00.無	0		00.無	0	00.無	0				1	1	221	0	0	0	0	0	
#	2315	4000	0	1	1	1	1	1.可以交易；0.被PK不掉	1	0	聖光戰衣	99	6.李逵	02.上衣 - 李逵	06.藍	3	12.收集品交換	5000	2315	6002315	6100000	6200000	4010650	3ditem_a_001	1	99	32	0	00.無	0		00.無	0	00.無	0				1	1	222	0	0	0	0	0	
#	2316	4000	0	1	1	1	1	1.可以交易；0.被PK不掉	1	0	聖光戰褲	99	6.李逵	03.褲子 - 李逵	06.藍	3	12.收集品交換	5000	2316	6002316	6100000	6200000	4010651	3ditem_a_001	1	99	32	0	00.無	0		00.無	0	00.無	0				1	1	223	0	0	0	0	0	
#	2317	4000	0	1	1	1	1	1.可以交易；0.被PK不掉	1	0	聖光斧頭	99	6.李逵	04.武器 - 李逵	06.藍	3	12.收集品交換	5000	2317	6002317	6100000	6200000	4010652	3ditem_a_001	1	99	32	0	00.無	0		00.無	0	00.無	0				1	1	224	0	0	0	0	0	
#	2318	4000	0	1	1	1	1	1.可以交易；0.被PK不掉	1	0	酋長帽	99	6.李逵	01.帽子 - 李逵	07.紫	4	07.怪物掉寶	5000	2318	6002318	6100000	6200000	4010653	3ditem_a_001	1	99	32	0	00.無	0		00.無	0	00.無	0				1	1	221	0	0	0	0	0	
#	2319	4000	0	1	1	1	1	1.可以交易；0.被PK不掉	1	0	酋長衣	99	6.李逵	02.上衣 - 李逵	07.紫	4	07.怪物掉寶	5000	2319	6002319	6100000	6200000	4010654	3ditem_a_001	1	99	32	0	00.無	0		00.無	0	00.無	0				1	1	222	0	0	0	0	0	
#	2320	4000	0	1	1	1	1	1.可以交易；0.被PK不掉	1	0	酋長褲	99	6.李逵	03.褲子 - 李逵	07.紫	4	07.怪物掉寶	5000	2320	6002320	6100000	6200000	4010655	3ditem_a_001	1	99	32	0	00.無	0		00.無	0	00.無	0				1	1	223	0	0	0	0	0	
#	2321	4000	0	1	1	1	1	1.可以交易；0.被PK不掉	1	0	酋長斧頭	99	6.李逵	04.武器 - 李逵	07.紫	4	07.怪物掉寶	5000	2321	6002321	6100000	6200000	4010656	3ditem_a_001	1	99	32	0	00.無	0		00.無	0	00.無	0				1	1	224	0	0	0	0	0	
	2322	4000	1	1	1	1	0	1.可以交易；0.被PK不掉	1	0	顧大嫂帽	1	7.顧大嫂	01.帽子 - 顧大嫂	02.初始裝備	1	02.初始	5000	2322	6002322	6100000	6200000	4010657	3ditem_a_001	1	1	64	0	00.無	0		00.無	0	00.無	0				130	13	225	0	0	0	0	0	
	2323	4000	1	1	1	1	0	1.可以交易；0.被PK不掉	1	0	顧大嫂服	1	7.顧大嫂	02.上衣 - 顧大嫂	02.初始裝備	1	02.初始	5000	2323	6002323	6100000	6200000	4010658	3ditem_a_001	1	1	64	0	00.無	0		00.無	0	00.無	0				170	17	226	0	0	0	0	0	
	2324	4000	1	1	1	1	0	1.可以交易；0.被PK不掉	1	0	顧大嫂鞋	1	7.顧大嫂	03.褲子 - 顧大嫂	02.初始裝備	1	02.初始	5000	2324	6002324	6100000	6200000	4010659	3ditem_a_001	1	1	64	0	00.無	0		00.無	0	00.無	0				150	15	227	0	0	0	0	0	
	2325	4000	1	1	1	1	0	1.可以交易；0.被PK不掉	1	0	顧大嫂狼牙棒	1	7.顧大嫂	04.武器 - 顧大嫂	02.初始裝備	1	02.初始	5000	2325	6002325	6100000	6200000	4010660	3ditem_a_001	1	1	64	0	00.無	0		00.無	0	00.無	0				280	28	228	0	0	0	0	0	
	2326	4000	1	1	1	1	0	1.可以交易；1.被PK會掉	1	1	劣質布帽	10	7.顧大嫂	01.帽子 - 顧大嫂	03.灰	0	07.怪物掉寶	5000	2326	6002326	6100000	6200000	4010661	3ditem_a_001	1	10	64	0	00.無	0		00.無	0	00.無	0				630	32	225	0	0	0	0	0	
	2327	4000	1	1	1	1	0	1.可以交易；1.被PK會掉	1	1	劣質布衣	10	7.顧大嫂	02.上衣 - 顧大嫂	03.灰	0	07.怪物掉寶	5000	2327	6002327	6100000	6200000	4010662	3ditem_a_001	1	10	64	0	00.無	0		00.無	0	00.無	0				820	41	226	0	0	0	0	0	
	2328	4000	1	1	1	1	0	1.可以交易；1.被PK會掉	1	1	劣質草鞋	10	7.顧大嫂	03.褲子 - 顧大嫂	03.灰	0	07.怪物掉寶	5000	2328	6002328	6100000	6200000	4010663	3ditem_a_001	1	10	64	0	00.無	0		00.無	0	00.無	0				720	36	227	0	0	0	0	0	
	2329	4000	1	1	1	1	0	1.可以交易；1.被PK會掉	1	1	木狼牙棒	10	7.顧大嫂	04.武器 - 顧大嫂	03.灰	0	07.怪物掉寶	5000	2329	6002329	6100000	6200000	4010664	3ditem_a_001	1	10	64	0	00.無	0		00.無	0	00.無	0				1360	68	228	0	0	0	0	0	
	2330	4000	1	1	1	1	0	1.可以交易；1.被PK會掉	1	1	平民布帽	10	7.顧大嫂	01.帽子 - 顧大嫂	04.白	1	03.商店購買	5000	2330	6002330	6100000	6200000	4010665	3ditem_a_001	1	10	64	0	00.無	0		00.無	0	00.無	0				630	63	225	0	0	0	0	0	
	2331	4000	1	1	1	1	0	1.可以交易；1.被PK會掉	1	1	平民布衣	10	7.顧大嫂	02.上衣 - 顧大嫂	04.白	1	03.商店購買	5000	2331	6002331	6100000	6200000	4010666	3ditem_a_001	1	10	64	0	00.無	0		00.無	0	00.無	0				820	82	226	0	0	0	0	0	
	2332	4000	1	1	1	1	0	1.可以交易；1.被PK會掉	1	1	平民草鞋	10	7.顧大嫂	03.褲子 - 顧大嫂	04.白	1	03.商店購買	5000	2332	6002332	6100000	6200000	4010667	3ditem_a_001	1	10	64	0	00.無	0		00.無	0	00.無	0				720	72	227	0	0	0	0	0	
	2333	4000	1	1	1	1	0	1.可以交易；1.被PK會掉	1	1	鐵狼牙棒	10	7.顧大嫂	04.武器 - 顧大嫂	04.白	1	03.商店購買	5000	2333	6002333	6100000	6200000	4010668	3ditem_a_001	1	10	64	0	00.無	0		00.無	0	00.無	0				1360	136	228	0	0	0	0	0	
	2334	4000	1	1	1	1	1	1.可以交易；0.被PK不掉	1	0	傳統布帽	10	7.顧大嫂	01.帽子 - 顧大嫂	05.綠	2	07.怪物掉寶	5000	2334	6002334	6100000	6200000	4010669	3ditem_a_001	1	10	64	0	00.無	0		00.無	0	00.無	0				630	32	225	0	0	0	0	0	
	2335	4000	1	1	1	1	1	1.可以交易；0.被PK不掉	1	0	傳統布衣	10	7.顧大嫂	02.上衣 - 顧大嫂	05.綠	2	07.怪物掉寶	5000	2335	6002335	6100000	6200000	4010670	3ditem_a_001	1	10	64	0	00.無	0		00.無	0	00.無	0				820	41	226	0	0	0	0	0	
	2336	4000	1	1	1	1	1	1.可以交易；0.被PK不掉	1	0	傳統草鞋	10	7.顧大嫂	03.褲子 - 顧大嫂	05.綠	2	07.怪物掉寶	5000	2336	6002336	6100000	6200000	4010671	3ditem_a_001	1	10	64	0	00.無	0		00.無	0	00.無	0				720	36	227	0	0	0	0	0	
	2337	4000	1	1	1	1	1	1.可以交易；0.被PK不掉	1	0	銅狼牙棒	10	7.顧大嫂	04.武器 - 顧大嫂	05.綠	2	07.怪物掉寶	5000	2337	6002337	6100000	6200000	4010672	3ditem_a_001	1	10	64	0	00.無	0		00.無	0	00.無	0				1360	68	228	0	0	0	0	0	
	2338	4000	1	1	1	1	1	1.可以交易；0.被PK不掉	1	0	特級布帽	10	7.顧大嫂	01.帽子 - 顧大嫂	06.藍	3	12.收集品交換	5000	2338	6002338	6100000	6200000	4010673	3ditem_a_001	1	10	64	0	00.無	0		00.無	0	00.無	0				630	32	225	0	0	0	0	0	
	2339	4000	1	1	1	1	1	1.可以交易；0.被PK不掉	1	0	特級布衣	10	7.顧大嫂	02.上衣 - 顧大嫂	06.藍	3	12.收集品交換	5000	2339	6002339	6100000	6200000	4010674	3ditem_a_001	1	10	64	0	00.無	0		00.無	0	00.無	0				820	41	226	0	0	0	0	0	
	2340	4000	1	1	1	1	1	1.可以交易；0.被PK不掉	1	0	特級草鞋	10	7.顧大嫂	03.褲子 - 顧大嫂	06.藍	3	12.收集品交換	5000	2340	6002340	6100000	6200000	4010675	3ditem_a_001	1	10	64	0	00.無	0		00.無	0	00.無	0				720	36	227	0	0	0	0	0	
	2341	4000	1	1	1	1	1	1.可以交易；0.被PK不掉	1	0	銀狼牙棒	10	7.顧大嫂	04.武器 - 顧大嫂	06.藍	3	12.收集品交換	5000	2341	6002341	6100000	6200000	4010676	3ditem_a_001	1	10	64	0	00.無	0		00.無	0	00.無	0				1360	68	228	0	0	0	0	0	
	2342	4000	1	1	1	1	0	1.可以交易；1.被PK會掉	1	1	八爪帽	15	7.顧大嫂	01.帽子 - 顧大嫂	03.灰	0	07.怪物掉寶	5000	2342	6002342	6100000	6200000	4010677	3ditem_a_001	1	15	64	0	00.無	0		00.無	0	00.無	0				2330	117	225	0	0	0	0	0	
	2343	4000	1	1	1	1	0	1.可以交易；1.被PK會掉	1	1	八爪衣	15	7.顧大嫂	02.上衣 - 顧大嫂	03.灰	0	07.怪物掉寶	5000	2343	6002343	6100000	6200000	4010678	3ditem_a_001	1	15	64	0	00.無	0		00.無	0	00.無	0				3000	150	226	0	0	0	0	0	
	2344	4000	1	1	1	1	0	1.可以交易；1.被PK會掉	1	1	八爪鞋	15	7.顧大嫂	03.褲子 - 顧大嫂	03.灰	0	07.怪物掉寶	5000	2344	6002344	6100000	6200000	4010679	3ditem_a_001	1	15	64	0	00.無	0		00.無	0	00.無	0				2660	133	227	0	0	0	0	0	
	2345	4000	1	1	1	1	0	1.可以交易；1.被PK會掉	1	1	八爪狼牙棒	15	7.顧大嫂	04.武器 - 顧大嫂	03.灰	0	07.怪物掉寶	5000	2345	6002345	6100000	6200000	4010680	3ditem_a_001	1	15	64	0	00.無	0		00.無	0	00.無	0				4990	250	228	0	0	0	0	0	
	2346	4000	1	1	1	1	0	1.可以交易；1.被PK會掉	1	1	魷魚帽	15	7.顧大嫂	01.帽子 - 顧大嫂	04.白	1	03.商店購買	5000	2346	6002346	6100000	6200000	4010681	3ditem_a_001	1	15	64	0	00.無	0		00.無	0	00.無	0				2330	233	225	0	0	0	0	0	
	2347	4000	1	1	1	1	0	1.可以交易；1.被PK會掉	1	1	魷魚衣	15	7.顧大嫂	02.上衣 - 顧大嫂	04.白	1	03.商店購買	5000	2347	6002347	6100000	6200000	4010682	3ditem_a_001	1	15	64	0	00.無	0		00.無	0	00.無	0				3000	300	226	0	0	0	0	0	
	2348	4000	1	1	1	1	0	1.可以交易；1.被PK會掉	1	1	魷魚鞋	15	7.顧大嫂	03.褲子 - 顧大嫂	04.白	1	03.商店購買	5000	2348	6002348	6100000	6200000	4010683	3ditem_a_001	1	15	64	0	00.無	0		00.無	0	00.無	0				2660	266	227	0	0	0	0	0	
	2349	4000	1	1	1	1	0	1.可以交易；1.被PK會掉	1	1	魷魚狼牙棒	15	7.顧大嫂	04.武器 - 顧大嫂	04.白	1	03.商店購買	5000	2349	6002349	6100000	6200000	4010684	3ditem_a_001	1	15	64	0	00.無	0		00.無	0	00.無	0				4990	499	228	0	0	0	0	0	
	2350	4000	1	1	1	1	1	1.可以交易；0.被PK不掉	1	0	章魚帽	15	7.顧大嫂	01.帽子 - 顧大嫂	05.綠	2	07.怪物掉寶	5000	2350	6002350	6100000	6200000	4010685	3ditem_a_001	1	15	64	0	00.無	0		00.無	0	00.無	0				2330	117	225	0	0	0	0	0	
	2351	4000	1	1	1	1	1	1.可以交易；0.被PK不掉	1	0	章魚衣	15	7.顧大嫂	02.上衣 - 顧大嫂	05.綠	2	07.怪物掉寶	5000	2351	6002351	6100000	6200000	4010686	3ditem_a_001	1	15	64	0	00.無	0		00.無	0	00.無	0				3000	150	226	0	0	0	0	0	
	2352	4000	1	1	1	1	1	1.可以交易；0.被PK不掉	1	0	章魚鞋	15	7.顧大嫂	03.褲子 - 顧大嫂	05.綠	2	07.怪物掉寶	5000	2352	6002352	6100000	6200000	4010687	3ditem_a_001	1	15	64	0	00.無	0		00.無	0	00.無	0				2660	133	227	0	0	0	0	0	
	2353	4000	1	1	1	1	1	1.可以交易；0.被PK不掉	1	0	章魚狼牙棒	15	7.顧大嫂	04.武器 - 顧大嫂	05.綠	2	07.怪物掉寶	5000	2353	6002353	6100000	6200000	4010688	3ditem_a_001	1	15	64	0	00.無	0		00.無	0	00.無	0				4990	250	228	0	0	0	0	0	
	2354	4000	1	1	1	1	1	1.可以交易；0.被PK不掉	1	0	石居帽	15	7.顧大嫂	01.帽子 - 顧大嫂	06.藍	3	12.收集品交換	5000	2354	6002354	6100000	6200000	4010689	3ditem_a_001	1	15	64	0	00.無	0		00.無	0	00.無	0				2330	117	225	0	0	0	0	0	
	2355	4000	1	1	1	1	1	1.可以交易；0.被PK不掉	1	0	石居衣	15	7.顧大嫂	02.上衣 - 顧大嫂	06.藍	3	12.收集品交換	5000	2355	6002355	6100000	6200000	4010690	3ditem_a_001	1	15	64	0	00.無	0		00.無	0	00.無	0				3000	150	226	0	0	0	0	0	
	2356	4000	1	1	1	1	1	1.可以交易；0.被PK不掉	1	0	石居鞋	15	7.顧大嫂	03.褲子 - 顧大嫂	06.藍	3	12.收集品交換	5000	2356	6002356	6100000	6200000	4010691	3ditem_a_001	1	15	64	0	00.無	0		00.無	0	00.無	0				2660	133	227	0	0	0	0	0	
	2357	4000	1	1	1	1	1	1.可以交易；0.被PK不掉	1	0	石居狼牙棒	15	7.顧大嫂	04.武器 - 顧大嫂	06.藍	3	12.收集品交換	5000	2357	6002357	6100000	6200000	4010692	3ditem_a_001	1	15	64	0	00.無	0		00.無	0	00.無	0				4990	250	228	0	0	0	0	0	
	2358	4000	1	1	1	1	0	1.可以交易；1.被PK會掉	1	1	花枝帽	20	7.顧大嫂	01.帽子 - 顧大嫂	03.灰	0	07.怪物掉寶	5000	2358	6002358	6100000	6200000	4010693	3ditem_a_001	1	20	64	0	00.無	0		00.無	0	00.無	0				8540	427	225	0	0	0	0	0	
	2359	4000	1	1	1	1	0	1.可以交易；1.被PK會掉	1	1	花枝衣	20	7.顧大嫂	02.上衣 - 顧大嫂	03.灰	0	07.怪物掉寶	5000	2359	6002359	6100000	6200000	4010694	3ditem_a_001	1	20	64	0	00.無	0		00.無	0	00.無	0				10980	549	226	0	0	0	0	0	
	2360	4000	1	1	1	1	0	1.可以交易；1.被PK會掉	1	1	花枝鞋	20	7.顧大嫂	03.褲子 - 顧大嫂	03.灰	0	07.怪物掉寶	5000	2360	6002360	6100000	6200000	4010695	3ditem_a_001	1	20	64	0	00.無	0		00.無	0	00.無	0				9760	488	227	0	0	0	0	0	
	2361	4000	1	1	1	1	0	1.可以交易；1.被PK會掉	1	1	花枝狼牙棒	20	7.顧大嫂	04.武器 - 顧大嫂	03.灰	0	07.怪物掉寶	5000	2361	6002361	6100000	6200000	4010696	3ditem_a_001	1	20	64	0	00.無	0		00.無	0	00.無	0				18300	915	228	0	0	0	0	0	
	2362	4000	1	1	1	1	0	1.可以交易；1.被PK會掉	1	1	烏賊帽	20	7.顧大嫂	01.帽子 - 顧大嫂	04.白	1	03.商店購買	5000	2362	6002362	6100000	6200000	4010697	3ditem_a_001	1	20	64	0	00.無	0		00.無	0	00.無	0				8540	854	225	0	0	0	0	0	
	2363	4000	1	1	1	1	0	1.可以交易；1.被PK會掉	1	1	烏賊衣	20	7.顧大嫂	02.上衣 - 顧大嫂	04.白	1	03.商店購買	5000	2363	6002363	6100000	6200000	4010698	3ditem_a_001	1	20	64	0	00.無	0		00.無	0	00.無	0				10980	1098	226	0	0	0	0	0	
	2364	4000	1	1	1	1	0	1.可以交易；1.被PK會掉	1	1	烏賊鞋	20	7.顧大嫂	03.褲子 - 顧大嫂	04.白	1	03.商店購買	5000	2364	6002364	6100000	6200000	4010699	3ditem_a_001	1	20	64	0	00.無	0		00.無	0	00.無	0				9760	976	227	0	0	0	0	0	
	2365	4000	1	1	1	1	0	1.可以交易；1.被PK會掉	1	1	烏賊狼牙棒	20	7.顧大嫂	04.武器 - 顧大嫂	04.白	1	03.商店購買	5000	2365	6002365	6100000	6200000	4010700	3ditem_a_001	1	20	64	0	00.無	0		00.無	0	00.無	0				18300	1830	228	0	0	0	0	0	
	2366	4000	1	1	1	1	1	1.可以交易；0.被PK不掉	1	0	軟絲帽	20	7.顧大嫂	01.帽子 - 顧大嫂	05.綠	2	07.怪物掉寶	5000	2366	6002366	6100000	6200000	4010701	3ditem_a_001	1	20	64	0	00.無	0		00.無	0	00.無	0				8540	427	225	0	0	0	0	0	
	2367	4000	1	1	1	1	1	1.可以交易；0.被PK不掉	1	0	軟絲衣	20	7.顧大嫂	02.上衣 - 顧大嫂	05.綠	2	07.怪物掉寶	5000	2367	6002367	6100000	6200000	4010702	3ditem_a_001	1	20	64	0	00.無	0		00.無	0	00.無	0				10980	549	226	0	0	0	0	0	
	2368	4000	1	1	1	1	1	1.可以交易；0.被PK不掉	1	0	軟絲鞋	20	7.顧大嫂	03.褲子 - 顧大嫂	05.綠	2	07.怪物掉寶	5000	2368	6002368	6100000	6200000	4010703	3ditem_a_001	1	20	64	0	00.無	0		00.無	0	00.無	0				9760	488	227	0	0	0	0	0	
	2369	4000	1	1	1	1	1	1.可以交易；0.被PK不掉	1	0	軟絲狼牙棒	20	7.顧大嫂	04.武器 - 顧大嫂	05.綠	2	07.怪物掉寶	5000	2369	6002369	6100000	6200000	4010704	3ditem_a_001	1	20	64	0	00.無	0		00.無	0	00.無	0				18300	915	228	0	0	0	0	0	
	2370	4000	1	1	1	1	1	1.可以交易；0.被PK不掉	1	0	墨魚帽	20	7.顧大嫂	01.帽子 - 顧大嫂	06.藍	3	12.收集品交換	5000	2370	6002370	6100000	6200000	4010705	3ditem_a_001	1	20	64	0	00.無	0		00.無	0	00.無	0				8540	427	225	0	0	0	0	0	
	2371	4000	1	1	1	1	1	1.可以交易；0.被PK不掉	1	0	墨魚衣	20	7.顧大嫂	02.上衣 - 顧大嫂	06.藍	3	12.收集品交換	5000	2371	6002371	6100000	6200000	4010706	3ditem_a_001	1	20	64	0	00.無	0		00.無	0	00.無	0				10980	549	226	0	0	0	0	0	
	2372	4000	1	1	1	1	1	1.可以交易；0.被PK不掉	1	0	墨魚鞋	20	7.顧大嫂	03.褲子 - 顧大嫂	06.藍	3	12.收集品交換	5000	2372	6002372	6100000	6200000	4010707	3ditem_a_001	1	20	64	0	00.無	0		00.無	0	00.無	0				9760	488	227	0	0	0	0	0	
	2373	4000	1	1	1	1	1	1.可以交易；0.被PK不掉	1	0	墨魚狼牙棒	20	7.顧大嫂	04.武器 - 顧大嫂	06.藍	3	12.收集品交換	5000	2373	6002373	6100000	6200000	4010708	3ditem_a_001	1	20	64	0	00.無	0		00.無	0	00.無	0				18300	915	228	0	0	0	0	0	
	2374	4000	1	1	1	1	1	1.可以交易；0.被PK不掉	1	0	瘦牛皮帽	35	7.顧大嫂	01.帽子 - 顧大嫂	07.紫	4	07.怪物掉寶	5000	2374	6002374	6100000	6200000	4010709	3ditem_a_001	1	35	64	0	00.無	0		00.無	0	00.無	0				114700	5735	225	0	0	0	0	0	
	2375	4000	1	1	1	1	1	1.可以交易；0.被PK不掉	1	0	瘦牛皮衣	35	7.顧大嫂	02.上衣 - 顧大嫂	07.紫	4	07.怪物掉寶	5000	2375	6002375	6100000	6200000	4010710	3ditem_a_001	1	35	64	0	00.無	0		00.無	0	00.無	0				147400	7370	226	0	0	0	0	0	
	2376	4000	1	1	1	1	1	1.可以交易；0.被PK不掉	1	0	瘦牛皮鞋	35	7.顧大嫂	03.褲子 - 顧大嫂	07.紫	4	07.怪物掉寶	5000	2376	6002376	6100000	6200000	4010711	3ditem_a_001	1	35	64	0	00.無	0		00.無	0	00.無	0				131000	6550	227	0	0	0	0	0	
	2377	4000	1	1	1	1	1	1.可以交易；0.被PK不掉	1	0	牛角狼牙棒	35	7.顧大嫂	04.武器 - 顧大嫂	07.紫	4	07.怪物掉寶	5000	2377	6002377	6100000	6200000	4010712	3ditem_a_001	1	35	64	0	00.無	0		00.無	0	00.無	0				245700	12285	228	0	0	0	0	0	
	2378	4000	1	1	1	1	0	1.可以交易；1.被PK會掉	1	1	海賊帽	25	7.顧大嫂	01.帽子 - 顧大嫂	03.灰	0	07.怪物掉寶	5000	2378	6002378	6100000	6200000	4010713	3ditem_a_001	1	25	64	0	00.無	0		00.無	0	00.無	0				24600	1230	225	0	0	0	0	0	
	2379	4000	1	1	1	1	0	1.可以交易；1.被PK會掉	1	1	海賊衣	25	7.顧大嫂	02.上衣 - 顧大嫂	03.灰	0	07.怪物掉寶	5000	2379	6002379	6100000	6200000	4010714	3ditem_a_001	1	25	64	0	00.無	0		00.無	0	00.無	0				31600	1580	226	0	0	0	0	0	
	2380	4000	1	1	1	1	0	1.可以交易；1.被PK會掉	1	1	海賊鞋	25	7.顧大嫂	03.褲子 - 顧大嫂	03.灰	0	07.怪物掉寶	5000	2380	6002380	6100000	6200000	4010715	3ditem_a_001	1	25	64	0	00.無	0		00.無	0	00.無	0				28100	1405	227	0	0	0	0	0	
	2381	4000	1	1	1	1	0	1.可以交易；1.被PK會掉	1	1	海賊狼牙棒	25	7.顧大嫂	04.武器 - 顧大嫂	03.灰	0	07.怪物掉寶	5000	2381	6002381	6100000	6200000	4010716	3ditem_a_001	1	25	64	0	00.無	0		00.無	0	00.無	0				52600	2630	228	0	0	0	0	0	
	2382	4000	1	1	1	1	0	1.可以交易；1.被PK會掉	1	1	水手帽	25	7.顧大嫂	01.帽子 - 顧大嫂	04.白	1	03.商店購買	5000	2382	6002382	6100000	6200000	4010717	3ditem_a_001	1	25	64	0	00.無	0		00.無	0	00.無	0				24600	2460	225	0	0	0	0	0	
	2383	4000	1	1	1	1	0	1.可以交易；1.被PK會掉	1	1	水手衣	25	7.顧大嫂	02.上衣 - 顧大嫂	04.白	1	03.商店購買	5000	2383	6002383	6100000	6200000	4010718	3ditem_a_001	1	25	64	0	00.無	0		00.無	0	00.無	0				31600	3160	226	0	0	0	0	0	
	2384	4000	1	1	1	1	0	1.可以交易；1.被PK會掉	1	1	水手鞋	25	7.顧大嫂	03.褲子 - 顧大嫂	04.白	1	03.商店購買	5000	2384	6002384	6100000	6200000	4010719	3ditem_a_001	1	25	64	0	00.無	0		00.無	0	00.無	0				28100	2810	227	0	0	0	0	0	
	2385	4000	1	1	1	1	0	1.可以交易；1.被PK會掉	1	1	水手狼牙棒	25	7.顧大嫂	04.武器 - 顧大嫂	04.白	1	03.商店購買	5000	2385	6002385	6100000	6200000	4010720	3ditem_a_001	1	25	64	0	00.無	0		00.無	0	00.無	0				52600	5260	228	0	0	0	0	0	
	2386	4000	1	1	1	1	1	1.可以交易；0.被PK不掉	1	0	大副帽	25	7.顧大嫂	01.帽子 - 顧大嫂	05.綠	2	07.怪物掉寶	5000	2386	6002386	6100000	6200000	4010721	3ditem_a_001	1	25	64	0	00.無	0		00.無	0	00.無	0				24600	1230	225	0	0	0	0	0	
	2387	4000	1	1	1	1	1	1.可以交易；0.被PK不掉	1	0	大副衣	25	7.顧大嫂	02.上衣 - 顧大嫂	05.綠	2	07.怪物掉寶	5000	2387	6002387	6100000	6200000	4010722	3ditem_a_001	1	25	64	0	00.無	0		00.無	0	00.無	0				31600	1580	226	0	0	0	0	0	
	2388	4000	1	1	1	1	1	1.可以交易；0.被PK不掉	1	0	大副鞋	25	7.顧大嫂	03.褲子 - 顧大嫂	05.綠	2	07.怪物掉寶	5000	2388	6002388	6100000	6200000	4010723	3ditem_a_001	1	25	64	0	00.無	0		00.無	0	00.無	0				28100	1405	227	0	0	0	0	0	
	2389	4000	1	1	1	1	1	1.可以交易；0.被PK不掉	1	0	大副狼牙棒	25	7.顧大嫂	04.武器 - 顧大嫂	05.綠	2	07.怪物掉寶	5000	2389	6002389	6100000	6200000	4010724	3ditem_a_001	1	25	64	0	00.無	0		00.無	0	00.無	0				52600	2630	228	0	0	0	0	0	
	2390	4000	1	1	1	1	1	0.不可交易；0.被PK不掉	0	0	航海王帽	25	7.顧大嫂	01.帽子 - 顧大嫂	06.藍	3	12.收集品交換	5000	2390	6002390	6100000	6200000	4010725	3ditem_a_001	1	25	64	0	00.無	0		00.無	0	00.無	0				24600	1230	225	0	0	0	0	0	
	2391	4000	1	1	1	1	1	0.不可交易；0.被PK不掉	0	0	航海王衣	25	7.顧大嫂	02.上衣 - 顧大嫂	06.藍	3	12.收集品交換	5000	2391	6002391	6100000	6200000	4010726	3ditem_a_001	1	25	64	0	00.無	0		00.無	0	00.無	0				31600	1580	226	0	0	0	0	0	
	2392	4000	1	1	1	1	1	0.不可交易；0.被PK不掉	0	0	航海王鞋	25	7.顧大嫂	03.褲子 - 顧大嫂	06.藍	3	12.收集品交換	5000	2392	6002392	6100000	6200000	4010727	3ditem_a_001	1	25	64	0	00.無	0		00.無	0	00.無	0				28100	1405	227	0	0	0	0	0	
	2393	4000	1	1	1	1	1	0.不可交易；0.被PK不掉	0	0	航海王狼牙棒	25	7.顧大嫂	04.武器 - 顧大嫂	06.藍	3	12.收集品交換	5000	2393	6002393	6100000	6200000	4010728	3ditem_a_001	1	25	64	0	00.無	0		00.無	0	00.無	0				52600	2630	228	0	0	0	0	0	
	2394	4000	1	1	1	1	0	1.可以交易；1.被PK會掉	1	1	渡海帽	30	7.顧大嫂	01.帽子 - 顧大嫂	03.灰	0	07.怪物掉寶	5000	2394	6002394	6100000	6200000	4010729	3ditem_a_001	1	30	64	0	00.無	0		00.無	0	00.無	0				56300	2815	225	0	0	0	0	0	
	2395	4000	1	1	1	1	0	1.可以交易；1.被PK會掉	1	1	渡海衣	30	7.顧大嫂	02.上衣 - 顧大嫂	03.灰	0	07.怪物掉寶	5000	2395	6002395	6100000	6200000	4010730	3ditem_a_001	1	30	64	0	00.無	0		00.無	0	00.無	0				72400	3620	226	0	0	0	0	0	
	2396	4000	1	1	1	1	0	1.可以交易；1.被PK會掉	1	1	渡海鞋	30	7.顧大嫂	03.褲子 - 顧大嫂	03.灰	0	07.怪物掉寶	5000	2396	6002396	6100000	6200000	4010731	3ditem_a_001	1	30	64	0	00.無	0		00.無	0	00.無	0				64400	3220	227	0	0	0	0	0	
	2397	4000	1	1	1	1	0	1.可以交易；1.被PK會掉	1	1	渡海狼牙棒	30	7.顧大嫂	04.武器 - 顧大嫂	03.灰	0	07.怪物掉寶	5000	2397	6002397	6100000	6200000	4010732	3ditem_a_001	1	30	64	0	00.無	0		00.無	0	00.無	0				120700	6035	228	0	0	0	0	0	
	2398	4000	1	1	1	1	0	1.可以交易；1.被PK會掉	1	1	乘風帽	30	7.顧大嫂	01.帽子 - 顧大嫂	04.白	1	03.商店購買	5000	2398	6002398	6100000	6200000	4010733	3ditem_a_001	1	30	64	0	00.無	0		00.無	0	00.無	0				56300	5630	225	0	0	0	0	0	
	2399	4000	1	1	1	1	0	1.可以交易；1.被PK會掉	1	1	乘風衣	30	7.顧大嫂	02.上衣 - 顧大嫂	04.白	1	03.商店購買	5000	2399	6002399	6100000	6200000	4010734	3ditem_a_001	1	30	64	0	00.無	0		00.無	0	00.無	0				72400	7240	226	0	0	0	0	0	
	2400	4000	1	1	1	1	0	1.可以交易；1.被PK會掉	1	1	乘風鞋	30	7.顧大嫂	03.褲子 - 顧大嫂	04.白	1	03.商店購買	5000	2400	6002400	6100000	6200000	4010735	3ditem_a_001	1	30	64	0	00.無	0		00.無	0	00.無	0				64400	6440	227	0	0	0	0	0	
	2401	4000	1	1	1	1	0	1.可以交易；1.被PK會掉	1	1	乘風狼牙棒	30	7.顧大嫂	04.武器 - 顧大嫂	04.白	1	03.商店購買	5000	2401	6002401	6100000	6200000	4010736	3ditem_a_001	1	30	64	0	00.無	0		00.無	0	00.無	0				120700	12070	228	0	0	0	0	0	
	2402	4000	1	1	1	1	1	1.可以交易；0.被PK不掉	1	0	浪濤帽	30	7.顧大嫂	01.帽子 - 顧大嫂	05.綠	2	07.怪物掉寶	5000	2402	6002402	6100000	6200000	4010737	3ditem_a_001	1	30	64	0	00.無	0		00.無	0	00.無	0				56300	2815	225	0	0	0	0	0	
	2403	4000	1	1	1	1	1	1.可以交易；0.被PK不掉	1	0	浪濤衣	30	7.顧大嫂	02.上衣 - 顧大嫂	05.綠	2	07.怪物掉寶	5000	2403	6002403	6100000	6200000	4010738	3ditem_a_001	1	30	64	0	00.無	0		00.無	0	00.無	0				72400	3620	226	0	0	0	0	0	
	2404	4000	1	1	1	1	1	1.可以交易；0.被PK不掉	1	0	浪濤鞋	30	7.顧大嫂	03.褲子 - 顧大嫂	05.綠	2	07.怪物掉寶	5000	2404	6002404	6100000	6200000	4010739	3ditem_a_001	1	30	64	0	00.無	0		00.無	0	00.無	0				64400	3220	227	0	0	0	0	0	
	2405	4000	1	1	1	1	1	1.可以交易；0.被PK不掉	1	0	浪濤狼牙棒	30	7.顧大嫂	04.武器 - 顧大嫂	05.綠	2	07.怪物掉寶	5000	2405	6002405	6100000	6200000	4010740	3ditem_a_001	1	30	64	0	00.無	0		00.無	0	00.無	0				120700	6035	228	0	0	0	0	0	
	2406	4000	1	1	1	1	1	1.可以交易；0.被PK不掉	1	0	嘯風帽	30	7.顧大嫂	01.帽子 - 顧大嫂	06.藍	3	12.收集品交換	5000	2406	6002406	6100000	6200000	4010741	3ditem_a_001	1	30	64	0	00.無	0		00.無	0	00.無	0				56300	2815	225	0	0	0	0	0	
	2407	4000	1	1	1	1	1	1.可以交易；0.被PK不掉	1	0	嘯風衣	30	7.顧大嫂	02.上衣 - 顧大嫂	06.藍	3	12.收集品交換	5000	2407	6002407	6100000	6200000	4010742	3ditem_a_001	1	30	64	0	00.無	0		00.無	0	00.無	0				72400	3620	226	0	0	0	0	0	
	2408	4000	1	1	1	1	1	1.可以交易；0.被PK不掉	1	0	嘯風鞋	30	7.顧大嫂	03.褲子 - 顧大嫂	06.藍	3	12.收集品交換	5000	2408	6002408	6100000	6200000	4010743	3ditem_a_001	1	30	64	0	00.無	0		00.無	0	00.無	0				64400	3220	227	0	0	0	0	0	
	2409	4000	1	1	1	1	1	1.可以交易；0.被PK不掉	1	0	嘯風狼牙棒	30	7.顧大嫂	04.武器 - 顧大嫂	06.藍	3	12.收集品交換	5000	2409	6002409	6100000	6200000	4010744	3ditem_a_001	1	30	64	0	00.無	0		00.無	0	00.無	0				120700	6035	228	0	0	0	0	0	
	2410	4000	1	1	1	1	0	1.可以交易；1.被PK會掉	1	1	異族帽	35	7.顧大嫂	01.帽子 - 顧大嫂	03.灰	0	07.怪物掉寶	5000	2410	6002410	6100000	6200000	4010745	3ditem_a_001	1	35	64	0	00.無	0		00.無	0	00.無	0				114700	5735	225	0	0	0	0	0	
	2411	4000	1	1	1	1	0	1.可以交易；1.被PK會掉	1	1	異族衣	35	7.顧大嫂	02.上衣 - 顧大嫂	03.灰	0	07.怪物掉寶	5000	2411	6002411	6100000	6200000	4010746	3ditem_a_001	1	35	64	0	00.無	0		00.無	0	00.無	0				147400	7370	226	0	0	0	0	0	
	2412	4000	1	1	1	1	0	1.可以交易；1.被PK會掉	1	1	異族鞋	35	7.顧大嫂	03.褲子 - 顧大嫂	03.灰	0	07.怪物掉寶	5000	2412	6002412	6100000	6200000	4010747	3ditem_a_001	1	35	64	0	00.無	0		00.無	0	00.無	0				131000	6550	227	0	0	0	0	0	
	2413	4000	1	1	1	1	0	1.可以交易；1.被PK會掉	1	1	異族狼牙棒	35	7.顧大嫂	04.武器 - 顧大嫂	03.灰	0	07.怪物掉寶	5000	2413	6002413	6100000	6200000	4010748	3ditem_a_001	1	35	64	0	00.無	0		00.無	0	00.無	0				245700	12285	228	0	0	0	0	0	
	2414	4000	1	1	1	1	0	1.可以交易；1.被PK會掉	1	1	炙夏帽	35	7.顧大嫂	01.帽子 - 顧大嫂	04.白	1	03.商店購買	5000	2414	6002414	6100000	6200000	4010749	3ditem_a_001	1	35	64	0	00.無	0		00.無	0	00.無	0				114700	11470	225	0	0	0	0	0	
	2415	4000	1	1	1	1	0	1.可以交易；1.被PK會掉	1	1	炙夏衣	35	7.顧大嫂	02.上衣 - 顧大嫂	04.白	1	03.商店購買	5000	2415	6002415	6100000	6200000	4010750	3ditem_a_001	1	35	64	0	00.無	0		00.無	0	00.無	0				147400	14740	226	0	0	0	0	0	
	2416	4000	1	1	1	1	0	1.可以交易；1.被PK會掉	1	1	炙夏鞋	35	7.顧大嫂	03.褲子 - 顧大嫂	04.白	1	03.商店購買	5000	2416	6002416	6100000	6200000	4010751	3ditem_a_001	1	35	64	0	00.無	0		00.無	0	00.無	0				131000	13100	227	0	0	0	0	0	
	2417	4000	1	1	1	1	0	1.可以交易；1.被PK會掉	1	1	炙夏狼牙棒	35	7.顧大嫂	04.武器 - 顧大嫂	04.白	1	03.商店購買	5000	2417	6002417	6100000	6200000	4010752	3ditem_a_001	1	35	64	0	00.無	0		00.無	0	00.無	0				245700	24570	228	0	0	0	0	0	
	2418	4000	1	1	1	1	1	1.可以交易；0.被PK不掉	1	0	星月帽	35	7.顧大嫂	01.帽子 - 顧大嫂	05.綠	2	07.怪物掉寶	5000	2418	6002418	6100000	6200000	4010753	3ditem_a_001	1	35	64	0	00.無	0		00.無	0	00.無	0				114700	5735	225	0	0	0	0	0	
	2419	4000	1	1	1	1	1	1.可以交易；0.被PK不掉	1	0	星月衣	35	7.顧大嫂	02.上衣 - 顧大嫂	05.綠	2	07.怪物掉寶	5000	2419	6002419	6100000	6200000	4010754	3ditem_a_001	1	35	64	0	00.無	0		00.無	0	00.無	0				147400	7370	226	0	0	0	0	0	
	2420	4000	1	1	1	1	1	1.可以交易；0.被PK不掉	1	0	星月鞋	35	7.顧大嫂	03.褲子 - 顧大嫂	05.綠	2	07.怪物掉寶	5000	2420	6002420	6100000	6200000	4010755	3ditem_a_001	1	35	64	0	00.無	0		00.無	0	00.無	0				131000	6550	227	0	0	0	0	0	
	2421	4000	1	1	1	1	1	1.可以交易；0.被PK不掉	1	0	星月狼牙棒	35	7.顧大嫂	04.武器 - 顧大嫂	05.綠	2	07.怪物掉寶	5000	2421	6002421	6100000	6200000	4010756	3ditem_a_001	1	35	64	0	00.無	0		00.無	0	00.無	0				245700	12285	228	0	0	0	0	0	
	2422	4000	1	1	1	1	1	0.不可交易；0.被PK不掉	0	0	馬雅帽	35	7.顧大嫂	01.帽子 - 顧大嫂	06.藍	3	12.收集品交換	5000	2422	6002422	6100000	6200000	4010757	3ditem_a_001	1	35	64	0	00.無	0		00.無	0	00.無	0				114700	5735	225	0	0	0	0	0	
	2423	4000	1	1	1	1	1	0.不可交易；0.被PK不掉	0	0	馬雅衣	35	7.顧大嫂	02.上衣 - 顧大嫂	06.藍	3	12.收集品交換	5000	2423	6002423	6100000	6200000	4010758	3ditem_a_001	1	35	64	0	00.無	0		00.無	0	00.無	0				147400	7370	226	0	0	0	0	0	
	2424	4000	1	1	1	1	1	0.不可交易；0.被PK不掉	0	0	馬雅鞋	35	7.顧大嫂	03.褲子 - 顧大嫂	06.藍	3	12.收集品交換	5000	2424	6002424	6100000	6200000	4010759	3ditem_a_001	1	35	64	0	00.無	0		00.無	0	00.無	0				131000	6550	227	0	0	0	0	0	
	2425	4000	1	1	1	1	1	0.不可交易；0.被PK不掉	0	0	馬雅狼牙棒	35	7.顧大嫂	04.武器 - 顧大嫂	06.藍	3	12.收集品交換	5000	2425	6002425	6100000	6200000	4010760	3ditem_a_001	1	35	64	0	00.無	0		00.無	0	00.無	0				245700	12285	228	0	0	0	0	0	
	2426	4000	1	1	1	1	0	1.可以交易；1.被PK會掉	1	1	帕夏帽	40	7.顧大嫂	01.帽子 - 顧大嫂	03.灰	0	07.怪物掉寶	5000	2426	6002426	6100000	6200000	4010761	3ditem_a_001	1	40	64	0	00.無	0		00.無	0	00.無	0				211200	10560	225	0	0	0	0	0	
	2427	4000	1	1	1	1	0	1.可以交易；1.被PK會掉	1	1	帕夏衣	40	7.顧大嫂	02.上衣 - 顧大嫂	03.灰	0	07.怪物掉寶	5000	2427	6002427	6100000	6200000	4010762	3ditem_a_001	1	40	64	0	00.無	0		00.無	0	00.無	0				271500	13575	226	0	0	0	0	0	
	2428	4000	1	1	1	1	0	1.可以交易；1.被PK會掉	1	1	帕夏鞋	40	7.顧大嫂	03.褲子 - 顧大嫂	03.灰	0	07.怪物掉寶	5000	2428	6002428	6100000	6200000	4010763	3ditem_a_001	1	40	64	0	00.無	0		00.無	0	00.無	0				241300	12065	227	0	0	0	0	0	
	2429	4000	1	1	1	1	0	1.可以交易；1.被PK會掉	1	1	帕夏狼牙棒	40	7.顧大嫂	04.武器 - 顧大嫂	03.灰	0	07.怪物掉寶	5000	2429	6002429	6100000	6200000	4010764	3ditem_a_001	1	40	64	0	00.無	0		00.無	0	00.無	0				452500	22625	228	0	0	0	0	0	
	2430	4000	1	1	1	1	0	1.可以交易；1.被PK會掉	1	1	土魯帽	40	7.顧大嫂	01.帽子 - 顧大嫂	04.白	1	03.商店購買	5000	2430	6002430	6100000	6200000	4010765	3ditem_a_001	1	40	64	0	00.無	0		00.無	0	00.無	0				211200	21120	225	0	0	0	0	0	
	2431	4000	1	1	1	1	0	1.可以交易；1.被PK會掉	1	1	土魯衣	40	7.顧大嫂	02.上衣 - 顧大嫂	04.白	1	03.商店購買	5000	2431	6002431	6100000	6200000	4010766	3ditem_a_001	1	40	64	0	00.無	0		00.無	0	00.無	0				271500	27150	226	0	0	0	0	0	
	2432	4000	1	1	1	1	0	1.可以交易；1.被PK會掉	1	1	土魯鞋	40	7.顧大嫂	03.褲子 - 顧大嫂	04.白	1	03.商店購買	5000	2432	6002432	6100000	6200000	4010767	3ditem_a_001	1	40	64	0	00.無	0		00.無	0	00.無	0				241300	24130	227	0	0	0	0	0	
	2433	4000	1	1	1	1	0	1.可以交易；1.被PK會掉	1	1	土魯狼牙棒	40	7.顧大嫂	04.武器 - 顧大嫂	04.白	1	03.商店購買	5000	2433	6002433	6100000	6200000	4010768	3ditem_a_001	1	40	64	0	00.無	0		00.無	0	00.無	0				452500	45250	228	0	0	0	0	0	
	2434	4000	1	1	1	1	1	1.可以交易；0.被PK不掉	1	0	坎農帽	40	7.顧大嫂	01.帽子 - 顧大嫂	05.綠	2	07.怪物掉寶	5000	2434	6002434	6100000	6200000	4010769	3ditem_a_001	1	40	64	0	00.無	0		00.無	0	00.無	0				211200	10560	225	0	0	0	0	0	
	2435	4000	1	1	1	1	1	1.可以交易；0.被PK不掉	1	0	坎農衣	40	7.顧大嫂	02.上衣 - 顧大嫂	05.綠	2	07.怪物掉寶	5000	2435	6002435	6100000	6200000	4010770	3ditem_a_001	1	40	64	0	00.無	0		00.無	0	00.無	0				271500	13575	226	0	0	0	0	0	
	2436	4000	1	1	1	1	1	1.可以交易；0.被PK不掉	1	0	坎農鞋	40	7.顧大嫂	03.褲子 - 顧大嫂	05.綠	2	07.怪物掉寶	5000	2436	6002436	6100000	6200000	4010771	3ditem_a_001	1	40	64	0	00.無	0		00.無	0	00.無	0				241300	12065	227	0	0	0	0	0	
	2437	4000	1	1	1	1	1	1.可以交易；0.被PK不掉	1	0	坎農狼牙棒	40	7.顧大嫂	04.武器 - 顧大嫂	05.綠	2	07.怪物掉寶	5000	2437	6002437	6100000	6200000	4010772	3ditem_a_001	1	40	64	0	00.無	0		00.無	0	00.無	0				452500	22625	228	0	0	0	0	0	
	2438	4000	1	1	1	1	1	1.可以交易；0.被PK不掉	1	0	突厥帽	40	7.顧大嫂	01.帽子 - 顧大嫂	06.藍	3	12.收集品交換	5000	2438	6002438	6100000	6200000	4010773	3ditem_a_001	1	40	64	0	00.無	0		00.無	0	00.無	0				211200	10560	225	0	0	0	0	0	
	2439	4000	1	1	1	1	1	1.可以交易；0.被PK不掉	1	0	突厥衣	40	7.顧大嫂	02.上衣 - 顧大嫂	06.藍	3	12.收集品交換	5000	2439	6002439	6100000	6200000	4010774	3ditem_a_001	1	40	64	0	00.無	0		00.無	0	00.無	0				271500	13575	226	0	0	0	0	0	
	2440	4000	1	1	1	1	1	1.可以交易；0.被PK不掉	1	0	突厥鞋	40	7.顧大嫂	03.褲子 - 顧大嫂	06.藍	3	12.收集品交換	5000	2440	6002440	6100000	6200000	4010775	3ditem_a_001	1	40	64	0	00.無	0		00.無	0	00.無	0				241300	12065	227	0	0	0	0	0	
	2441	4000	1	1	1	1	1	1.可以交易；0.被PK不掉	1	0	突厥狼牙棒	40	7.顧大嫂	04.武器 - 顧大嫂	06.藍	3	12.收集品交換	5000	2441	6002441	6100000	6200000	4010776	3ditem_a_001	1	40	64	0	00.無	0		00.無	0	00.無	0				452500	22625	228	0	0	0	0	0	
	2442	4000	1	1	1	1	1	1.可以交易；0.被PK不掉	1	0	孔雀帽	45	7.顧大嫂	01.帽子 - 顧大嫂	07.紫	4	07.怪物掉寶	5000	2442	6002442	6100000	6200000	4010777	3ditem_a_001	1	45	64	0	00.無	0		00.無	0	00.無	0				363000	18150	225	0	0	0	0	0	
	2443	4000	1	1	1	1	1	1.可以交易；0.被PK不掉	1	0	孔雀衣	45	7.顧大嫂	02.上衣 - 顧大嫂	07.紫	4	07.怪物掉寶	5000	2443	6002443	6100000	6200000	4010778	3ditem_a_001	1	45	64	0	00.無	0		00.無	0	00.無	0				467000	23350	226	0	0	0	0	0	
	2444	4000	1	1	1	1	1	1.可以交易；0.被PK不掉	1	0	孔雀鞋	45	7.顧大嫂	03.褲子 - 顧大嫂	07.紫	4	07.怪物掉寶	5000	2444	6002444	6100000	6200000	4010779	3ditem_a_001	1	45	64	0	00.無	0		00.無	0	00.無	0				415000	20750	227	0	0	0	0	0	
	2445	4000	1	1	1	1	1	1.可以交易；0.被PK不掉	1	0	孔雀狼牙棒	45	7.顧大嫂	04.武器 - 顧大嫂	07.紫	4	07.怪物掉寶	5000	2445	6002445	6100000	6200000	4010780	3ditem_a_001	1	45	64	0	00.無	0		00.無	0	00.無	0				778000	38900	228	0	0	0	0	0	
	2446	4000	1	1	1	1	0	1.可以交易；1.被PK會掉	1	1	小丑帽	45	7.顧大嫂	01.帽子 - 顧大嫂	03.灰	0	07.怪物掉寶	5000	2446	6002446	6100000	6200000	4010781	3ditem_a_001	1	45	64	0	00.無	0		00.無	0	00.無	0				363000	18150	225	0	0	0	0	0	
	2447	4000	1	1	1	1	0	1.可以交易；1.被PK會掉	1	1	小丑衣	45	7.顧大嫂	02.上衣 - 顧大嫂	03.灰	0	07.怪物掉寶	5000	2447	6002447	6100000	6200000	4010782	3ditem_a_001	1	45	64	0	00.無	0		00.無	0	00.無	0				467000	23350	226	0	0	0	0	0	
	2448	4000	1	1	1	1	0	1.可以交易；1.被PK會掉	1	1	小丑鞋	45	7.顧大嫂	03.褲子 - 顧大嫂	03.灰	0	07.怪物掉寶	5000	2448	6002448	6100000	6200000	4010783	3ditem_a_001	1	45	64	0	00.無	0		00.無	0	00.無	0				415000	20750	227	0	0	0	0	0	
	2449	4000	1	1	1	1	0	1.可以交易；1.被PK會掉	1	1	小丑狼牙棒	45	7.顧大嫂	04.武器 - 顧大嫂	03.灰	0	07.怪物掉寶	5000	2449	6002449	6100000	6200000	4010784	3ditem_a_001	1	45	64	0	00.無	0		00.無	0	00.無	0				778000	38900	228	0	0	0	0	0	
	2450	4000	1	1	1	1	0	1.可以交易；1.被PK會掉	1	1	雜耍帽	45	7.顧大嫂	01.帽子 - 顧大嫂	04.白	1	03.商店購買	5000	2450	6002450	6100000	6200000	4010785	3ditem_a_001	1	45	64	0	00.無	0		00.無	0	00.無	0				363000	36300	225	0	0	0	0	0	
	2451	4000	1	1	1	1	0	1.可以交易；1.被PK會掉	1	1	雜耍衣	45	7.顧大嫂	02.上衣 - 顧大嫂	04.白	1	03.商店購買	5000	2451	6002451	6100000	6200000	4010786	3ditem_a_001	1	45	64	0	00.無	0		00.無	0	00.無	0				467000	46700	226	0	0	0	0	0	
	2452	4000	1	1	1	1	0	1.可以交易；1.被PK會掉	1	1	雜耍鞋	45	7.顧大嫂	03.褲子 - 顧大嫂	04.白	1	03.商店購買	5000	2452	6002452	6100000	6200000	4010787	3ditem_a_001	1	45	64	0	00.無	0		00.無	0	00.無	0				415000	41500	227	0	0	0	0	0	
	2453	4000	1	1	1	1	0	1.可以交易；1.被PK會掉	1	1	雜耍狼牙棒	45	7.顧大嫂	04.武器 - 顧大嫂	04.白	1	03.商店購買	5000	2453	6002453	6100000	6200000	4010788	3ditem_a_001	1	45	64	0	00.無	0		00.無	0	00.無	0				778000	77800	228	0	0	0	0	0	
	2454	4000	1	1	1	1	1	1.可以交易；0.被PK不掉	1	0	舞孃帽	45	7.顧大嫂	01.帽子 - 顧大嫂	05.綠	2	07.怪物掉寶	5000	2454	6002454	6100000	6200000	4010789	3ditem_a_001	1	45	64	0	00.無	0		00.無	0	00.無	0				363000	18150	225	0	0	0	0	0	
	2455	4000	1	1	1	1	1	1.可以交易；0.被PK不掉	1	0	舞孃衣	45	7.顧大嫂	02.上衣 - 顧大嫂	05.綠	2	07.怪物掉寶	5000	2455	6002455	6100000	6200000	4010790	3ditem_a_001	1	45	64	0	00.無	0		00.無	0	00.無	0				467000	23350	226	0	0	0	0	0	
	2456	4000	1	1	1	1	1	1.可以交易；0.被PK不掉	1	0	舞孃鞋	45	7.顧大嫂	03.褲子 - 顧大嫂	05.綠	2	07.怪物掉寶	5000	2456	6002456	6100000	6200000	4010791	3ditem_a_001	1	45	64	0	00.無	0		00.無	0	00.無	0				415000	20750	227	0	0	0	0	0	
	2457	4000	1	1	1	1	1	1.可以交易；0.被PK不掉	1	0	舞孃狼牙棒	45	7.顧大嫂	04.武器 - 顧大嫂	05.綠	2	07.怪物掉寶	5000	2457	6002457	6100000	6200000	4010792	3ditem_a_001	1	45	64	0	00.無	0		00.無	0	00.無	0				778000	38900	228	0	0	0	0	0	
	2458	4000	1	1	1	1	1	0.不可交易；0.被PK不掉	0	0	魅影帽	45	7.顧大嫂	01.帽子 - 顧大嫂	06.藍	3	12.收集品交換	5000	2458	6002458	6100000	6200000	4010793	3ditem_a_001	1	45	64	0	00.無	0		00.無	0	00.無	0				363000	18150	225	0	0	0	0	0	
	2459	4000	1	1	1	1	1	0.不可交易；0.被PK不掉	0	0	魅影衣	45	7.顧大嫂	02.上衣 - 顧大嫂	06.藍	3	12.收集品交換	5000	2459	6002459	6100000	6200000	4010794	3ditem_a_001	1	45	64	0	00.無	0		00.無	0	00.無	0				467000	23350	226	0	0	0	0	0	
	2460	4000	1	1	1	1	1	0.不可交易；0.被PK不掉	0	0	魅影鞋	45	7.顧大嫂	03.褲子 - 顧大嫂	06.藍	3	12.收集品交換	5000	2460	6002460	6100000	6200000	4010795	3ditem_a_001	1	45	64	0	00.無	0		00.無	0	00.無	0				415000	20750	227	0	0	0	0	0	
	2461	4000	1	1	1	1	1	0.不可交易；0.被PK不掉	0	0	魅影狼牙棒	45	7.顧大嫂	04.武器 - 顧大嫂	06.藍	3	12.收集品交換	5000	2461	6002461	6100000	6200000	4010796	3ditem_a_001	1	45	64	0	00.無	0		00.無	0	00.無	0				778000	38900	228	0	0	0	0	0	
	2462	4000	1	1	1	1	0	1.可以交易；1.被PK會掉	1	1	貪婪帽	50	7.顧大嫂	01.帽子 - 顧大嫂	03.灰	0	07.怪物掉寶	5000	2462	6002462	6100000	6200000	4010797	3ditem_a_001	1	50	64	0	00.無	0		00.無	0	00.無	0				592000	29600	225	0	0	0	0	0	
	2463	4000	1	1	1	1	0	1.可以交易；1.被PK會掉	1	1	貪婪衣	50	7.顧大嫂	02.上衣 - 顧大嫂	03.灰	0	07.怪物掉寶	5000	2463	6002463	6100000	6200000	4010798	3ditem_a_001	1	50	64	0	00.無	0		00.無	0	00.無	0				762000	38100	226	0	0	0	0	0	
	2464	4000	1	1	1	1	0	1.可以交易；1.被PK會掉	1	1	貪婪鞋	50	7.顧大嫂	03.褲子 - 顧大嫂	03.灰	0	07.怪物掉寶	5000	2464	6002464	6100000	6200000	4010799	3ditem_a_001	1	50	64	0	00.無	0		00.無	0	00.無	0				677000	33850	227	0	0	0	0	0	
	2465	4000	1	1	1	1	0	1.可以交易；1.被PK會掉	1	1	貪婪狼牙棒	50	7.顧大嫂	04.武器 - 顧大嫂	03.灰	0	07.怪物掉寶	5000	2465	6002465	6100000	6200000	4010800	3ditem_a_001	1	50	64	0	00.無	0		00.無	0	00.無	0				1269000	63450	228	0	0	0	0	0	
	2466	4000	1	1	1	1	0	1.可以交易；1.被PK會掉	1	1	夢想帽	50	7.顧大嫂	01.帽子 - 顧大嫂	04.白	1	03.商店購買	5000	2466	6002466	6100000	6200000	4010801	3ditem_a_001	1	50	64	0	00.無	0		00.無	0	00.無	0				592000	59200	225	0	0	0	0	0	
	2467	4000	1	1	1	1	0	1.可以交易；1.被PK會掉	1	1	夢想衣	50	7.顧大嫂	02.上衣 - 顧大嫂	04.白	1	03.商店購買	5000	2467	6002467	6100000	6200000	4010802	3ditem_a_001	1	50	64	0	00.無	0		00.無	0	00.無	0				762000	76200	226	0	0	0	0	0	
	2468	4000	1	1	1	1	0	1.可以交易；1.被PK會掉	1	1	夢想鞋	50	7.顧大嫂	03.褲子 - 顧大嫂	04.白	1	03.商店購買	5000	2468	6002468	6100000	6200000	4010803	3ditem_a_001	1	50	64	0	00.無	0		00.無	0	00.無	0				677000	67700	227	0	0	0	0	0	
	2469	4000	1	1	1	1	0	1.可以交易；1.被PK會掉	1	1	夢想狼牙棒	50	7.顧大嫂	04.武器 - 顧大嫂	04.白	1	03.商店購買	5000	2469	6002469	6100000	6200000	4010804	3ditem_a_001	1	50	64	0	00.無	0		00.無	0	00.無	0				1269000	126900	228	0	0	0	0	0	
	2470	4000	1	1	1	1	1	1.可以交易；0.被PK不掉	1	0	虛幻帽	50	7.顧大嫂	01.帽子 - 顧大嫂	05.綠	2	07.怪物掉寶	5000	2470	6002470	6100000	6200000	4010805	3ditem_a_001	1	50	64	0	00.無	0		00.無	0	00.無	0				592000	29600	225	0	0	0	0	0	
	2471	4000	1	1	1	1	1	1.可以交易；0.被PK不掉	1	0	虛幻衣	50	7.顧大嫂	02.上衣 - 顧大嫂	05.綠	2	07.怪物掉寶	5000	2471	6002471	6100000	6200000	4010806	3ditem_a_001	1	50	64	0	00.無	0		00.無	0	00.無	0				762000	38100	226	0	0	0	0	0	
	2472	4000	1	1	1	1	1	1.可以交易；0.被PK不掉	1	0	虛幻鞋	50	7.顧大嫂	03.褲子 - 顧大嫂	05.綠	2	07.怪物掉寶	5000	2472	6002472	6100000	6200000	4010807	3ditem_a_001	1	50	64	0	00.無	0		00.無	0	00.無	0				677000	33850	227	0	0	0	0	0	
	2473	4000	1	1	1	1	1	1.可以交易；0.被PK不掉	1	0	虛幻狼牙棒	50	7.顧大嫂	04.武器 - 顧大嫂	05.綠	2	07.怪物掉寶	5000	2473	6002473	6100000	6200000	4010808	3ditem_a_001	1	50	64	0	00.無	0		00.無	0	00.無	0				1269000	63450	228	0	0	0	0	0	
	2474	4000	1	1	1	1	1	1.可以交易；0.被PK不掉	1	0	闇影帽	50	7.顧大嫂	01.帽子 - 顧大嫂	06.藍	3	12.收集品交換	5000	2474	6002474	6100000	6200000	4010809	3ditem_a_001	1	50	64	0	00.無	0		00.無	0	00.無	0				592000	29600	225	0	0	0	0	0	
	2475	4000	1	1	1	1	1	1.可以交易；0.被PK不掉	1	0	闇影衣	50	7.顧大嫂	02.上衣 - 顧大嫂	06.藍	3	12.收集品交換	5000	2475	6002475	6100000	6200000	4010810	3ditem_a_001	1	50	64	0	00.無	0		00.無	0	00.無	0				762000	38100	226	0	0	0	0	0	
	2476	4000	1	1	1	1	1	1.可以交易；0.被PK不掉	1	0	闇影鞋	50	7.顧大嫂	03.褲子 - 顧大嫂	06.藍	3	12.收集品交換	5000	2476	6002476	6100000	6200000	4010811	3ditem_a_001	1	50	64	0	00.無	0		00.無	0	00.無	0				677000	33850	227	0	0	0	0	0	
	2477	4000	1	1	1	1	1	1.可以交易；0.被PK不掉	1	0	闇影狼牙棒	50	7.顧大嫂	04.武器 - 顧大嫂	06.藍	3	12.收集品交換	5000	2477	6002477	6100000	6200000	4010812	3ditem_a_001	1	50	64	0	00.無	0		00.無	0	00.無	0				1269000	63450	228	0	0	0	0	0	
	2478	4000	1	1	1	1	0	1.可以交易；1.被PK會掉	1	1	小鬼帽	55	7.顧大嫂	01.帽子 - 顧大嫂	03.灰	0	07.怪物掉寶	5000	2478	6002478	6100000	6200000	4010813	3ditem_a_001	1	55	64	0	00.無	0		00.無	0	00.無	0				929000	46450	225	0	0	0	0	0	
	2479	4000	1	1	1	1	0	1.可以交易；1.被PK會掉	1	1	小鬼衣	55	7.顧大嫂	02.上衣 - 顧大嫂	03.灰	0	07.怪物掉寶	5000	2479	6002479	6100000	6200000	4010814	3ditem_a_001	1	55	64	0	00.無	0		00.無	0	00.無	0				1194000	59700	226	0	0	0	0	0	
	2480	4000	1	1	1	1	0	1.可以交易；1.被PK會掉	1	1	小鬼鞋	55	7.顧大嫂	03.褲子 - 顧大嫂	03.灰	0	07.怪物掉寶	5000	2480	6002480	6100000	6200000	4010815	3ditem_a_001	1	55	64	0	00.無	0		00.無	0	00.無	0				1061000	53050	227	0	0	0	0	0	
	2481	4000	1	1	1	1	0	1.可以交易；1.被PK會掉	1	1	小鬼狼牙棒	55	7.顧大嫂	04.武器 - 顧大嫂	03.灰	0	07.怪物掉寶	5000	2481	6002481	6100000	6200000	4010816	3ditem_a_001	1	55	64	0	00.無	0		00.無	0	00.無	0				1990000	99500	228	0	0	0	0	0	
	2482	4000	1	1	1	1	0	1.可以交易；1.被PK會掉	1	1	童鬼帽	55	7.顧大嫂	01.帽子 - 顧大嫂	04.白	1	03.商店購買	5000	2482	6002482	6100000	6200000	4010817	3ditem_a_001	1	55	64	0	00.無	0		00.無	0	00.無	0				929000	92900	225	0	0	0	0	0	
	2483	4000	1	1	1	1	0	1.可以交易；1.被PK會掉	1	1	童鬼衣	55	7.顧大嫂	02.上衣 - 顧大嫂	04.白	1	03.商店購買	5000	2483	6002483	6100000	6200000	4010818	3ditem_a_001	1	55	64	0	00.無	0		00.無	0	00.無	0				1194000	119400	226	0	0	0	0	0	
	2484	4000	1	1	1	1	0	1.可以交易；1.被PK會掉	1	1	童鬼鞋	55	7.顧大嫂	03.褲子 - 顧大嫂	04.白	1	03.商店購買	5000	2484	6002484	6100000	6200000	4010819	3ditem_a_001	1	55	64	0	00.無	0		00.無	0	00.無	0				1061000	106100	227	0	0	0	0	0	
	2485	4000	1	1	1	1	0	1.可以交易；1.被PK會掉	1	1	童鬼狼牙棒	55	7.顧大嫂	04.武器 - 顧大嫂	04.白	1	03.商店購買	5000	2485	6002485	6100000	6200000	4010820	3ditem_a_001	1	55	64	0	00.無	0		00.無	0	00.無	0				1990000	199000	228	0	0	0	0	0	
	2486	4000	1	1	1	1	1	1.可以交易；0.被PK不掉	1	0	響鬼帽	55	7.顧大嫂	01.帽子 - 顧大嫂	05.綠	2	07.怪物掉寶	5000	2486	6002486	6100000	6200000	4010821	3ditem_a_001	1	55	64	0	00.無	0		00.無	0	00.無	0				929000	46450	225	0	0	0	0	0	
	2487	4000	1	1	1	1	1	1.可以交易；0.被PK不掉	1	0	響鬼衣	55	7.顧大嫂	02.上衣 - 顧大嫂	05.綠	2	07.怪物掉寶	5000	2487	6002487	6100000	6200000	4010822	3ditem_a_001	1	55	64	0	00.無	0		00.無	0	00.無	0				1194000	59700	226	0	0	0	0	0	
	2488	4000	1	1	1	1	1	1.可以交易；0.被PK不掉	1	0	響鬼鞋	55	7.顧大嫂	03.褲子 - 顧大嫂	05.綠	2	07.怪物掉寶	5000	2488	6002488	6100000	6200000	4010823	3ditem_a_001	1	55	64	0	00.無	0		00.無	0	00.無	0				1061000	53050	227	0	0	0	0	0	
	2489	4000	1	1	1	1	1	1.可以交易；0.被PK不掉	1	0	響鬼狼牙棒	55	7.顧大嫂	04.武器 - 顧大嫂	05.綠	2	07.怪物掉寶	5000	2489	6002489	6100000	6200000	4010824	3ditem_a_001	1	55	64	0	00.無	0		00.無	0	00.無	0				1990000	99500	228	0	0	0	0	0	
	2490	4000	1	1	1	1	1	0.不可交易；0.被PK不掉	0	0	夜叉帽	55	7.顧大嫂	01.帽子 - 顧大嫂	06.藍	3	12.收集品交換	5000	2490	6002490	6100000	6200000	4010825	3ditem_a_001	1	55	64	0	00.無	0		00.無	0	00.無	0				929000	46450	225	0	0	0	0	0	
	2491	4000	1	1	1	1	1	0.不可交易；0.被PK不掉	0	0	夜叉衣	55	7.顧大嫂	02.上衣 - 顧大嫂	06.藍	3	12.收集品交換	5000	2491	6002491	6100000	6200000	4010826	3ditem_a_001	1	55	64	0	00.無	0		00.無	0	00.無	0				1194000	59700	226	0	0	0	0	0	
	2492	4000	1	1	1	1	1	0.不可交易；0.被PK不掉	0	0	夜叉鞋	55	7.顧大嫂	03.褲子 - 顧大嫂	06.藍	3	12.收集品交換	5000	2492	6002492	6100000	6200000	4010827	3ditem_a_001	1	55	64	0	00.無	0		00.無	0	00.無	0				1061000	53050	227	0	0	0	0	0	
	2493	4000	1	1	1	1	1	0.不可交易；0.被PK不掉	0	0	夜叉狼牙棒	55	7.顧大嫂	04.武器 - 顧大嫂	06.藍	3	12.收集品交換	5000	2493	6002493	6100000	6200000	4010828	3ditem_a_001	1	55	64	0	00.無	0		00.無	0	00.無	0				1990000	99500	228	0	0	0	0	0	
	2494	4000	1	1	1	1	0	1.可以交易；1.被PK會掉	1	1	幽魂帽	60	7.顧大嫂	01.帽子 - 顧大嫂	03.灰	0	07.怪物掉寶	5000	2494	6002494	6100000	6200000	4010829	3ditem_a_001	1	60	64	0	00.無	0		00.無	0	00.無	0				1407000	70350	225	0	0	0	0	0	
	2495	4000	1	1	1	1	0	1.可以交易；1.被PK會掉	1	1	幽魂衣	60	7.顧大嫂	02.上衣 - 顧大嫂	03.灰	0	07.怪物掉寶	5000	2495	6002495	6100000	6200000	4010830	3ditem_a_001	1	60	64	0	00.無	0		00.無	0	00.無	0				1809000	90450	226	0	0	0	0	0	
	2496	4000	1	1	1	1	0	1.可以交易；1.被PK會掉	1	1	幽魂鞋	60	7.顧大嫂	03.褲子 - 顧大嫂	03.灰	0	07.怪物掉寶	5000	2496	6002496	6100000	6200000	4010831	3ditem_a_001	1	60	64	0	00.無	0		00.無	0	00.無	0				1608000	80400	227	0	0	0	0	0	
	2497	4000	1	1	1	1	0	1.可以交易；1.被PK會掉	1	1	幽魂狼牙棒	60	7.顧大嫂	04.武器 - 顧大嫂	03.灰	0	07.怪物掉寶	5000	2497	6002497	6100000	6200000	4010832	3ditem_a_001	1	60	64	0	00.無	0		00.無	0	00.無	0				3015000	150750	228	0	0	0	0	0	
	2498	4000	1	1	1	1	0	1.可以交易；1.被PK會掉	1	1	惡魔帽	60	7.顧大嫂	01.帽子 - 顧大嫂	04.白	1	03.商店購買	5000	2498	6002498	6100000	6200000	4010833	3ditem_a_001	1	60	64	0	00.無	0		00.無	0	00.無	0				1407000	140700	225	0	0	0	0	0	
	2499	4000	1	1	1	1	0	1.可以交易；1.被PK會掉	1	1	惡魔衣	60	7.顧大嫂	02.上衣 - 顧大嫂	04.白	1	03.商店購買	5000	2499	6002499	6100000	6200000	4010834	3ditem_a_001	1	60	64	0	00.無	0		00.無	0	00.無	0				1809000	180900	226	0	0	0	0	0	
	2500	4000	1	1	1	1	0	1.可以交易；1.被PK會掉	1	1	惡魔鞋	60	7.顧大嫂	03.褲子 - 顧大嫂	04.白	1	03.商店購買	5000	2500	6002500	6100000	6200000	4010835	3ditem_a_001	1	60	64	0	00.無	0		00.無	0	00.無	0				1608000	160800	227	0	0	0	0	0	
	2501	4000	1	1	1	1	0	1.可以交易；1.被PK會掉	1	1	惡魔狼牙棒	60	7.顧大嫂	04.武器 - 顧大嫂	04.白	1	03.商店購買	5000	2501	6002501	6100000	6200000	4010836	3ditem_a_001	1	60	64	0	00.無	0		00.無	0	00.無	0				3015000	301500	228	0	0	0	0	0	
	2502	4000	1	1	1	1	1	1.可以交易；0.被PK不掉	1	0	夢靨帽	60	7.顧大嫂	01.帽子 - 顧大嫂	05.綠	2	07.怪物掉寶	5000	2502	6002502	6100000	6200000	4010837	3ditem_a_001	1	60	64	0	00.無	0		00.無	0	00.無	0				1407000	70350	225	0	0	0	0	0	
	2503	4000	1	1	1	1	1	1.可以交易；0.被PK不掉	1	0	夢靨衣	60	7.顧大嫂	02.上衣 - 顧大嫂	05.綠	2	07.怪物掉寶	5000	2503	6002503	6100000	6200000	4010838	3ditem_a_001	1	60	64	0	00.無	0		00.無	0	00.無	0				1809000	90450	226	0	0	0	0	0	
	2504	4000	1	1	1	1	1	1.可以交易；0.被PK不掉	1	0	夢靨鞋	60	7.顧大嫂	03.褲子 - 顧大嫂	05.綠	2	07.怪物掉寶	5000	2504	6002504	6100000	6200000	4010839	3ditem_a_001	1	60	64	0	00.無	0		00.無	0	00.無	0				1608000	80400	227	0	0	0	0	0	
	2505	4000	1	1	1	1	1	1.可以交易；0.被PK不掉	1	0	夢靨狼牙棒	60	7.顧大嫂	04.武器 - 顧大嫂	05.綠	2	07.怪物掉寶	5000	2505	6002505	6100000	6200000	4010840	3ditem_a_001	1	60	64	0	00.無	0		00.無	0	00.無	0				3015000	150750	228	0	0	0	0	0	
	2506	4000	1	1	1	1	1	1.可以交易；0.被PK不掉	1	0	嗜血帽	60	7.顧大嫂	01.帽子 - 顧大嫂	06.藍	3	12.收集品交換	5000	2506	6002506	6100000	6200000	4010841	3ditem_a_001	1	60	64	0	00.無	0		00.無	0	00.無	0				1407000	70350	225	0	0	0	0	0	
	2507	4000	1	1	1	1	1	1.可以交易；0.被PK不掉	1	0	嗜血衣	60	7.顧大嫂	02.上衣 - 顧大嫂	06.藍	3	12.收集品交換	5000	2507	6002507	6100000	6200000	4010842	3ditem_a_001	1	60	64	0	00.無	0		00.無	0	00.無	0				1809000	90450	226	0	0	0	0	0	
	2508	4000	1	1	1	1	1	1.可以交易；0.被PK不掉	1	0	嗜血鞋	60	7.顧大嫂	03.褲子 - 顧大嫂	06.藍	3	12.收集品交換	5000	2508	6002508	6100000	6200000	4010843	3ditem_a_001	1	60	64	0	00.無	0		00.無	0	00.無	0				1608000	80400	227	0	0	0	0	0	
	2509	4000	1	1	1	1	1	1.可以交易；0.被PK不掉	1	0	嗜血狼牙棒	60	7.顧大嫂	04.武器 - 顧大嫂	06.藍	3	12.收集品交換	5000	2509	6002509	6100000	6200000	4010844	3ditem_a_001	1	60	64	0	00.無	0		00.無	0	00.無	0				3015000	150750	228	0	0	0	0	0	
	2510	4000	1	1	1	1	1	1.可以交易；0.被PK不掉	1	0	鬱金香帽	55	7.顧大嫂	01.帽子 - 顧大嫂	07.紫	4	07.怪物掉寶	5000	2510	6002510	6100000	6200000	4010845	3ditem_a_001	1	55	64	0	00.無	0		00.無	0	00.無	0				929000	46450	225	0	0	0	0	0	
	2511	4000	1	1	1	1	1	1.可以交易；0.被PK不掉	1	0	鬱金香裐衣	55	7.顧大嫂	02.上衣 - 顧大嫂	07.紫	4	07.怪物掉寶	5000	2511	6002511	6100000	6200000	4010846	3ditem_a_001	1	55	64	0	00.無	0		00.無	0	00.無	0				1194000	59700	226	0	0	0	0	0	
	2512	4000	1	1	1	1	1	1.可以交易；0.被PK不掉	1	0	鬱金香鞋	55	7.顧大嫂	03.褲子 - 顧大嫂	07.紫	4	07.怪物掉寶	5000	2512	6002512	6100000	6200000	4010847	3ditem_a_001	1	55	64	0	00.無	0		00.無	0	00.無	0				1061000	53050	227	0	0	0	0	0	
	2513	4000	1	1	1	1	1	1.可以交易；0.被PK不掉	1	0	鬱金香狼牙棒	55	7.顧大嫂	04.武器 - 顧大嫂	07.紫	4	07.怪物掉寶	5000	2513	6002513	6100000	6200000	4010848	3ditem_a_001	1	55	64	0	00.無	0		00.無	0	00.無	0				1990000	99500	228	0	0	0	0	0	
#	2514	4000	0	1	1	1	0	1.可以交易；1.被PK會掉	1	1	塵埃法帽	65	7.顧大嫂	01.帽子 - 顧大嫂	03.灰	0	07.怪物掉寶	5000	2514	6002514	6100000	6200000	4010849	3ditem_a_001	1	65	64	0	00.無	0		00.無	0	00.無	0				2090000	104500	225	0	0	0	0	0	
#	2515	4000	0	1	1	1	0	1.可以交易；1.被PK會掉	1	1	塵埃法衣	65	7.顧大嫂	02.上衣 - 顧大嫂	03.灰	0	07.怪物掉寶	5000	2515	6002515	6100000	6200000	4010850	3ditem_a_001	1	65	64	0	00.無	0		00.無	0	00.無	0				2680000	134000	226	0	0	0	0	0	
#	2516	4000	0	1	1	1	0	1.可以交易；1.被PK會掉	1	1	塵埃草鞋	65	7.顧大嫂	03.褲子 - 顧大嫂	03.灰	0	07.怪物掉寶	5000	2516	6002516	6100000	6200000	4010851	3ditem_a_001	1	65	64	0	00.無	0		00.無	0	00.無	0				2390000	119500	227	0	0	0	0	0	
#	2517	4000	0	1	1	1	0	1.可以交易；1.被PK會掉	1	1	塵埃狼牙棒	65	7.顧大嫂	04.武器 - 顧大嫂	03.灰	0	07.怪物掉寶	5000	2517	6002517	6100000	6200000	4010852	3ditem_a_001	1	65	64	0	00.無	0		00.無	0	00.無	0				4470000	223500	228	0	0	0	0	0	
#	2518	4000	0	1	1	1	0	1.可以交易；1.被PK會掉	1	1	草薙法帽	65	7.顧大嫂	01.帽子 - 顧大嫂	04.白	1	03.商店購買	5000	2518	6002518	6100000	6200000	4010853	3ditem_a_001	1	65	64	0	00.無	0		00.無	0	00.無	0				2090000	209000	225	0	0	0	0	0	
#	2519	4000	0	1	1	1	0	1.可以交易；1.被PK會掉	1	1	草薙法衣	65	7.顧大嫂	02.上衣 - 顧大嫂	04.白	1	03.商店購買	5000	2519	6002519	6100000	6200000	4010854	3ditem_a_001	1	65	64	0	00.無	0		00.無	0	00.無	0				2680000	268000	226	0	0	0	0	0	
#	2520	4000	0	1	1	1	0	1.可以交易；1.被PK會掉	1	1	草薙草鞋	65	7.顧大嫂	03.褲子 - 顧大嫂	04.白	1	03.商店購買	5000	2520	6002520	6100000	6200000	4010855	3ditem_a_001	1	65	64	0	00.無	0		00.無	0	00.無	0				2390000	239000	227	0	0	0	0	0	
#	2521	4000	0	1	1	1	0	1.可以交易；1.被PK會掉	1	1	草薙狼牙棒	65	7.顧大嫂	04.武器 - 顧大嫂	04.白	1	03.商店購買	5000	2521	6002521	6100000	6200000	4010856	3ditem_a_001	1	65	64	0	00.無	0		00.無	0	00.無	0				4470000	447000	228	0	0	0	0	0	
#	2522	4000	0	1	1	1	1	1.可以交易；0.被PK不掉	1	0	弦月法帽	65	7.顧大嫂	01.帽子 - 顧大嫂	05.綠	2	07.怪物掉寶	5000	2522	6002522	6100000	6200000	4010857	3ditem_a_001	1	65	64	0	00.無	0		00.無	0	00.無	0				2090000	104500	225	0	0	0	0	0	
#	2523	4000	0	1	1	1	1	1.可以交易；0.被PK不掉	1	0	弦月法衣	65	7.顧大嫂	02.上衣 - 顧大嫂	05.綠	2	07.怪物掉寶	5000	2523	6002523	6100000	6200000	4010858	3ditem_a_001	1	65	64	0	00.無	0		00.無	0	00.無	0				2680000	134000	226	0	0	0	0	0	
#	2524	4000	0	1	1	1	1	1.可以交易；0.被PK不掉	1	0	弦月草鞋	65	7.顧大嫂	03.褲子 - 顧大嫂	05.綠	2	07.怪物掉寶	5000	2524	6002524	6100000	6200000	4010859	3ditem_a_001	1	65	64	0	00.無	0		00.無	0	00.無	0				2390000	119500	227	0	0	0	0	0	
#	2525	4000	0	1	1	1	1	1.可以交易；0.被PK不掉	1	0	弦月狼牙棒	65	7.顧大嫂	04.武器 - 顧大嫂	05.綠	2	07.怪物掉寶	5000	2525	6002525	6100000	6200000	4010860	3ditem_a_001	1	65	64	0	00.無	0		00.無	0	00.無	0				4470000	223500	228	0	0	0	0	0	
#	2526	4000	0	1	1	1	1	1.可以交易；0.被PK不掉	1	0	蒼天法帽	65	7.顧大嫂	01.帽子 - 顧大嫂	06.藍	3	12.收集品交換	5000	2526	6002526	6100000	6200000	4010861	3ditem_a_001	1	65	64	0	00.無	0		00.無	0	00.無	0				2090000	104500	225	0	0	0	0	0	
#	2527	4000	0	1	1	1	1	1.可以交易；0.被PK不掉	1	0	蒼天法衣	65	7.顧大嫂	02.上衣 - 顧大嫂	06.藍	3	12.收集品交換	5000	2527	6002527	6100000	6200000	4010862	3ditem_a_001	1	65	64	0	00.無	0		00.無	0	00.無	0				2680000	134000	226	0	0	0	0	0	
#	2528	4000	0	1	1	1	1	1.可以交易；0.被PK不掉	1	0	蒼天草鞋	65	7.顧大嫂	03.褲子 - 顧大嫂	06.藍	3	12.收集品交換	5000	2528	6002528	6100000	6200000	4010863	3ditem_a_001	1	65	64	0	00.無	0		00.無	0	00.無	0				2390000	119500	227	0	0	0	0	0	
#	2529	4000	0	1	1	1	1	1.可以交易；0.被PK不掉	1	0	蒼天狼牙棒	65	7.顧大嫂	04.武器 - 顧大嫂	06.藍	3	12.收集品交換	5000	2529	6002529	6100000	6200000	4010864	3ditem_a_001	1	65	64	0	00.無	0		00.無	0	00.無	0				4470000	223500	228	0	0	0	0	0	
#	2530	4000	0	1	1	1	0	1.可以交易；1.被PK會掉	1	1	斑狼法帽	70	7.顧大嫂	01.帽子 - 顧大嫂	03.灰	0	07.怪物掉寶	5000	2530	6002530	6100000	6200000	4010865	3ditem_a_001	1	70	64	0	00.無	0		00.無	0	00.無	0				2380000	119000	225	0	0	0	0	0	
#	2531	4000	0	1	1	1	0	1.可以交易；1.被PK會掉	1	1	斑狼法衣	70	7.顧大嫂	02.上衣 - 顧大嫂	03.灰	0	07.怪物掉寶	5000	2531	6002531	6100000	6200000	4010866	3ditem_a_001	1	70	64	0	00.無	0		00.無	0	00.無	0				3060000	153000	226	0	0	0	0	0	
#	2532	4000	0	1	1	1	0	1.可以交易；1.被PK會掉	1	1	斑狼草鞋	70	7.顧大嫂	03.褲子 - 顧大嫂	03.灰	0	07.怪物掉寶	5000	2532	6002532	6100000	6200000	4010867	3ditem_a_001	1	70	64	0	00.無	0		00.無	0	00.無	0				2720000	136000	227	0	0	0	0	0	
#	2533	4000	0	1	1	1	0	1.可以交易；1.被PK會掉	1	1	斑狼狼牙棒	70	7.顧大嫂	04.武器 - 顧大嫂	03.灰	0	07.怪物掉寶	5000	2533	6002533	6100000	6200000	4010868	3ditem_a_001	1	70	64	0	00.無	0		00.無	0	00.無	0				5090000	254500	228	0	0	0	0	0	
#	2534	4000	0	1	1	1	0	1.可以交易；1.被PK會掉	1	1	虎紋法帽	70	7.顧大嫂	01.帽子 - 顧大嫂	04.白	1	03.商店購買	5000	2534	6002534	6100000	6200000	4010869	3ditem_a_001	1	70	64	0	00.無	0		00.無	0	00.無	0				2380000	238000	225	0	0	0	0	0	
#	2535	4000	0	1	1	1	0	1.可以交易；1.被PK會掉	1	1	虎紋法衣	70	7.顧大嫂	02.上衣 - 顧大嫂	04.白	1	03.商店購買	5000	2535	6002535	6100000	6200000	4010870	3ditem_a_001	1	70	64	0	00.無	0		00.無	0	00.無	0				3060000	306000	226	0	0	0	0	0	
#	2536	4000	0	1	1	1	0	1.可以交易；1.被PK會掉	1	1	虎紋草鞋	70	7.顧大嫂	03.褲子 - 顧大嫂	04.白	1	03.商店購買	5000	2536	6002536	6100000	6200000	4010871	3ditem_a_001	1	70	64	0	00.無	0		00.無	0	00.無	0				2720000	272000	227	0	0	0	0	0	
#	2537	4000	0	1	1	1	0	1.可以交易；1.被PK會掉	1	1	虎紋狼牙棒	70	7.顧大嫂	04.武器 - 顧大嫂	04.白	1	03.商店購買	5000	2537	6002537	6100000	6200000	4010872	3ditem_a_001	1	70	64	0	00.無	0		00.無	0	00.無	0				5090000	509000	228	0	0	0	0	0	
#	2538	4000	0	1	1	1	1	1.可以交易；0.被PK不掉	1	0	迅豹法帽	70	7.顧大嫂	01.帽子 - 顧大嫂	05.綠	2	07.怪物掉寶	5000	2538	6002538	6100000	6200000	4010873	3ditem_a_001	1	70	64	0	00.無	0		00.無	0	00.無	0				2380000	119000	225	0	0	0	0	0	
#	2539	4000	0	1	1	1	1	1.可以交易；0.被PK不掉	1	0	迅豹法衣	70	7.顧大嫂	02.上衣 - 顧大嫂	05.綠	2	07.怪物掉寶	5000	2539	6002539	6100000	6200000	4010874	3ditem_a_001	1	70	64	0	00.無	0		00.無	0	00.無	0				3060000	153000	226	0	0	0	0	0	
#	2540	4000	0	1	1	1	1	1.可以交易；0.被PK不掉	1	0	迅豹草鞋	70	7.顧大嫂	03.褲子 - 顧大嫂	05.綠	2	07.怪物掉寶	5000	2540	6002540	6100000	6200000	4010875	3ditem_a_001	1	70	64	0	00.無	0		00.無	0	00.無	0				2720000	136000	227	0	0	0	0	0	
#	2541	4000	0	1	1	1	1	1.可以交易；0.被PK不掉	1	0	迅豹狼牙棒	70	7.顧大嫂	04.武器 - 顧大嫂	05.綠	2	07.怪物掉寶	5000	2541	6002541	6100000	6200000	4010876	3ditem_a_001	1	70	64	0	00.無	0		00.無	0	00.無	0				5090000	254500	228	0	0	0	0	0	
#	2542	4000	0	1	1	1	1	1.可以交易；0.被PK不掉	1	0	鬼紋斑法帽	70	7.顧大嫂	01.帽子 - 顧大嫂	06.藍	3	12.收集品交換	5000	2542	6002542	6100000	6200000	4010877	3ditem_a_001	1	70	64	0	00.無	0		00.無	0	00.無	0				2380000	119000	225	0	0	0	0	0	
#	2543	4000	0	1	1	1	1	1.可以交易；0.被PK不掉	1	0	鬼紋斑法衣	70	7.顧大嫂	02.上衣 - 顧大嫂	06.藍	3	12.收集品交換	5000	2543	6002543	6100000	6200000	4010878	3ditem_a_001	1	70	64	0	00.無	0		00.無	0	00.無	0				3060000	153000	226	0	0	0	0	0	
#	2544	4000	0	1	1	1	1	1.可以交易；0.被PK不掉	1	0	鬼紋斑草鞋	70	7.顧大嫂	03.褲子 - 顧大嫂	06.藍	3	12.收集品交換	5000	2544	6002544	6100000	6200000	4010879	3ditem_a_001	1	70	64	0	00.無	0		00.無	0	00.無	0				2720000	136000	227	0	0	0	0	0	
#	2545	4000	0	1	1	1	1	1.可以交易；0.被PK不掉	1	0	鬼紋斑狼牙棒	70	7.顧大嫂	04.武器 - 顧大嫂	06.藍	3	12.收集品交換	5000	2545	6002545	6100000	6200000	4010880	3ditem_a_001	1	70	64	0	00.無	0		00.無	0	00.無	0				5090000	254500	228	0	0	0	0	0	
#	2546	4000	0	1	1	1	0	1.可以交易；1.被PK會掉	1	1	異國法帽	75	7.顧大嫂	01.帽子 - 顧大嫂	03.灰	0	07.怪物掉寶	5000	2546	6002546	6100000	6200000	4010881	3ditem_a_001	1	75	64	0	00.無	0		00.無	0	00.無	0				1	1	225	0	0	0	0	0	
#	2547	4000	0	1	1	1	0	1.可以交易；1.被PK會掉	1	1	異國法衣	75	7.顧大嫂	02.上衣 - 顧大嫂	03.灰	0	07.怪物掉寶	5000	2547	6002547	6100000	6200000	4010882	3ditem_a_001	1	75	64	0	00.無	0		00.無	0	00.無	0				1	1	226	0	0	0	0	0	
#	2548	4000	0	1	1	1	0	1.可以交易；1.被PK會掉	1	1	異國草鞋	75	7.顧大嫂	03.褲子 - 顧大嫂	03.灰	0	07.怪物掉寶	5000	2548	6002548	6100000	6200000	4010883	3ditem_a_001	1	75	64	0	00.無	0		00.無	0	00.無	0				1	1	227	0	0	0	0	0	
#	2549	4000	0	1	1	1	0	1.可以交易；1.被PK會掉	1	1	異國狼牙棒	75	7.顧大嫂	04.武器 - 顧大嫂	03.灰	0	07.怪物掉寶	5000	2549	6002549	6100000	6200000	4010884	3ditem_a_001	1	75	64	0	00.無	0		00.無	0	00.無	0				1	1	228	0	0	0	0	0	
#	2550	4000	0	1	1	1	0	1.可以交易；1.被PK會掉	1	1	煙雨法帽	75	7.顧大嫂	01.帽子 - 顧大嫂	04.白	1	03.商店購買	5000	2550	6002550	6100000	6200000	4010885	3ditem_a_001	1	75	64	0	00.無	0		00.無	0	00.無	0				1	1	225	0	0	0	0	0	
#	2551	4000	0	1	1	1	0	1.可以交易；1.被PK會掉	1	1	煙雨法衣	75	7.顧大嫂	02.上衣 - 顧大嫂	04.白	1	03.商店購買	5000	2551	6002551	6100000	6200000	4010886	3ditem_a_001	1	75	64	0	00.無	0		00.無	0	00.無	0				1	1	226	0	0	0	0	0	
#	2552	4000	0	1	1	1	0	1.可以交易；1.被PK會掉	1	1	煙雨草鞋	75	7.顧大嫂	03.褲子 - 顧大嫂	04.白	1	03.商店購買	5000	2552	6002552	6100000	6200000	4010887	3ditem_a_001	1	75	64	0	00.無	0		00.無	0	00.無	0				1	1	227	0	0	0	0	0	
#	2553	4000	0	1	1	1	0	1.可以交易；1.被PK會掉	1	1	煙雨狼牙棒	75	7.顧大嫂	04.武器 - 顧大嫂	04.白	1	03.商店購買	5000	2553	6002553	6100000	6200000	4010888	3ditem_a_001	1	75	64	0	00.無	0		00.無	0	00.無	0				1	1	228	0	0	0	0	0	
#	2554	4000	0	1	1	1	1	1.可以交易；0.被PK不掉	1	0	玉露法帽	75	7.顧大嫂	01.帽子 - 顧大嫂	05.綠	2	07.怪物掉寶	5000	2554	6002554	6100000	6200000	4010889	3ditem_a_001	1	75	64	0	00.無	0		00.無	0	00.無	0				1	1	225	0	0	0	0	0	
#	2555	4000	0	1	1	1	1	1.可以交易；0.被PK不掉	1	0	玉露法衣	75	7.顧大嫂	02.上衣 - 顧大嫂	05.綠	2	07.怪物掉寶	5000	2555	6002555	6100000	6200000	4010890	3ditem_a_001	1	75	64	0	00.無	0		00.無	0	00.無	0				1	1	226	0	0	0	0	0	
#	2556	4000	0	1	1	1	1	1.可以交易；0.被PK不掉	1	0	玉露草鞋	75	7.顧大嫂	03.褲子 - 顧大嫂	05.綠	2	07.怪物掉寶	5000	2556	6002556	6100000	6200000	4010891	3ditem_a_001	1	75	64	0	00.無	0		00.無	0	00.無	0				1	1	227	0	0	0	0	0	
#	2557	4000	0	1	1	1	1	1.可以交易；0.被PK不掉	1	0	玉露狼牙棒	75	7.顧大嫂	04.武器 - 顧大嫂	05.綠	2	07.怪物掉寶	5000	2557	6002557	6100000	6200000	4010892	3ditem_a_001	1	75	64	0	00.無	0		00.無	0	00.無	0				1	1	228	0	0	0	0	0	
#	2558	4000	0	1	1	1	1	1.可以交易；0.被PK不掉	1	0	水月法帽	75	7.顧大嫂	01.帽子 - 顧大嫂	06.藍	3	12.收集品交換	5000	2558	6002558	6100000	6200000	4010893	3ditem_a_001	1	75	64	0	00.無	0		00.無	0	00.無	0				1	1	225	0	0	0	0	0	
#	2559	4000	0	1	1	1	1	1.可以交易；0.被PK不掉	1	0	水月法衣	75	7.顧大嫂	02.上衣 - 顧大嫂	06.藍	3	12.收集品交換	5000	2559	6002559	6100000	6200000	4010894	3ditem_a_001	1	75	64	0	00.無	0		00.無	0	00.無	0				1	1	226	0	0	0	0	0	
#	2560	4000	0	1	1	1	1	1.可以交易；0.被PK不掉	1	0	水月草鞋	75	7.顧大嫂	03.褲子 - 顧大嫂	06.藍	3	12.收集品交換	5000	2560	6002560	6100000	6200000	4010895	3ditem_a_001	1	75	64	0	00.無	0		00.無	0	00.無	0				1	1	227	0	0	0	0	0	
#	2561	4000	0	1	1	1	1	1.可以交易；0.被PK不掉	1	0	水月狼牙棒	75	7.顧大嫂	04.武器 - 顧大嫂	06.藍	3	12.收集品交換	5000	2561	6002561	6100000	6200000	4010896	3ditem_a_001	1	75	64	0	00.無	0		00.無	0	00.無	0				1	1	228	0	0	0	0	0	
#	2562	4000	0	1	1	1	0	1.可以交易；1.被PK會掉	1	1	召鬼法帽	80	7.顧大嫂	01.帽子 - 顧大嫂	03.灰	0	07.怪物掉寶	5000	2562	6002562	6100000	6200000	4010897	3ditem_a_001	1	80	64	0	00.無	0		00.無	0	00.無	0				1	1	225	0	0	0	0	0	
#	2563	4000	0	1	1	1	0	1.可以交易；1.被PK會掉	1	1	召鬼法衣	80	7.顧大嫂	02.上衣 - 顧大嫂	03.灰	0	07.怪物掉寶	5000	2563	6002563	6100000	6200000	4010898	3ditem_a_001	1	80	64	0	00.無	0		00.無	0	00.無	0				1	1	226	0	0	0	0	0	
#	2564	4000	0	1	1	1	0	1.可以交易；1.被PK會掉	1	1	召鬼草鞋	80	7.顧大嫂	03.褲子 - 顧大嫂	03.灰	0	07.怪物掉寶	5000	2564	6002564	6100000	6200000	4010899	3ditem_a_001	1	80	64	0	00.無	0		00.無	0	00.無	0				1	1	227	0	0	0	0	0	
#	2565	4000	0	1	1	1	0	1.可以交易；1.被PK會掉	1	1	召鬼狼牙棒	80	7.顧大嫂	04.武器 - 顧大嫂	03.灰	0	07.怪物掉寶	5000	2565	6002565	6100000	6200000	4010900	3ditem_a_001	1	80	64	0	00.無	0		00.無	0	00.無	0				1	1	228	0	0	0	0	0	
#	2566	4000	0	1	1	1	0	1.可以交易；1.被PK會掉	1	1	破邪法帽	80	7.顧大嫂	01.帽子 - 顧大嫂	04.白	1	03.商店購買	5000	2566	6002566	6100000	6200000	4010901	3ditem_a_001	1	80	64	0	00.無	0		00.無	0	00.無	0				1	1	225	0	0	0	0	0	
#	2567	4000	0	1	1	1	0	1.可以交易；1.被PK會掉	1	1	破邪法衣	80	7.顧大嫂	02.上衣 - 顧大嫂	04.白	1	03.商店購買	5000	2567	6002567	6100000	6200000	4010902	3ditem_a_001	1	80	64	0	00.無	0		00.無	0	00.無	0				1	1	226	0	0	0	0	0	
#	2568	4000	0	1	1	1	0	1.可以交易；1.被PK會掉	1	1	破邪草鞋	80	7.顧大嫂	03.褲子 - 顧大嫂	04.白	1	03.商店購買	5000	2568	6002568	6100000	6200000	4010903	3ditem_a_001	1	80	64	0	00.無	0		00.無	0	00.無	0				1	1	227	0	0	0	0	0	
#	2569	4000	0	1	1	1	0	1.可以交易；1.被PK會掉	1	1	破邪狼牙棒	80	7.顧大嫂	04.武器 - 顧大嫂	04.白	1	03.商店購買	5000	2569	6002569	6100000	6200000	4010904	3ditem_a_001	1	80	64	0	00.無	0		00.無	0	00.無	0				1	1	228	0	0	0	0	0	
#	2570	4000	0	1	1	1	1	1.可以交易；0.被PK不掉	1	0	除魔法帽	80	7.顧大嫂	01.帽子 - 顧大嫂	05.綠	2	07.怪物掉寶	5000	2570	6002570	6100000	6200000	4010905	3ditem_a_001	1	80	64	0	00.無	0		00.無	0	00.無	0				1	1	225	0	0	0	0	0	
#	2571	4000	0	1	1	1	1	1.可以交易；0.被PK不掉	1	0	除魔法衣	80	7.顧大嫂	02.上衣 - 顧大嫂	05.綠	2	07.怪物掉寶	5000	2571	6002571	6100000	6200000	4010906	3ditem_a_001	1	80	64	0	00.無	0		00.無	0	00.無	0				1	1	226	0	0	0	0	0	
#	2572	4000	0	1	1	1	1	1.可以交易；0.被PK不掉	1	0	除魔草鞋	80	7.顧大嫂	03.褲子 - 顧大嫂	05.綠	2	07.怪物掉寶	5000	2572	6002572	6100000	6200000	4010907	3ditem_a_001	1	80	64	0	00.無	0		00.無	0	00.無	0				1	1	227	0	0	0	0	0	
#	2573	4000	0	1	1	1	1	1.可以交易；0.被PK不掉	1	0	除魔狼牙棒	80	7.顧大嫂	04.武器 - 顧大嫂	05.綠	2	07.怪物掉寶	5000	2573	6002573	6100000	6200000	4010908	3ditem_a_001	1	80	64	0	00.無	0		00.無	0	00.無	0				1	1	228	0	0	0	0	0	
#	2574	4000	0	1	1	1	1	1.可以交易；0.被PK不掉	1	0	百鬼法帽	80	7.顧大嫂	01.帽子 - 顧大嫂	06.藍	3	12.收集品交換	5000	2574	6002574	6100000	6200000	4010909	3ditem_a_001	1	80	64	0	00.無	0		00.無	0	00.無	0				1	1	225	0	0	0	0	0	
#	2575	4000	0	1	1	1	1	1.可以交易；0.被PK不掉	1	0	百鬼法衣	80	7.顧大嫂	02.上衣 - 顧大嫂	06.藍	3	12.收集品交換	5000	2575	6002575	6100000	6200000	4010910	3ditem_a_001	1	80	64	0	00.無	0		00.無	0	00.無	0				1	1	226	0	0	0	0	0	
#	2576	4000	0	1	1	1	1	1.可以交易；0.被PK不掉	1	0	百鬼草鞋	80	7.顧大嫂	03.褲子 - 顧大嫂	06.藍	3	12.收集品交換	5000	2576	6002576	6100000	6200000	4010911	3ditem_a_001	1	80	64	0	00.無	0		00.無	0	00.無	0				1	1	227	0	0	0	0	0	
#	2577	4000	0	1	1	1	1	1.可以交易；0.被PK不掉	1	0	百鬼狼牙棒	80	7.顧大嫂	04.武器 - 顧大嫂	06.藍	3	12.收集品交換	5000	2577	6002577	6100000	6200000	4010912	3ditem_a_001	1	80	64	0	00.無	0		00.無	0	00.無	0				1	1	228	0	0	0	0	0	
#	2578	4000	0	1	1	1	1	1.可以交易；0.被PK不掉	1	0	巫女帽	80	7.顧大嫂	01.帽子 - 顧大嫂	07.紫	4	07.怪物掉寶	5000	2578	6002578	6100000	6200000	4010913	3ditem_a_001	1	80	64	0	00.無	0		00.無	0	00.無	0				1	1	225	0	0	0	0	0	
#	2579	4000	0	1	1	1	1	1.可以交易；0.被PK不掉	1	0	巫女袍	80	7.顧大嫂	02.上衣 - 顧大嫂	07.紫	4	07.怪物掉寶	5000	2579	6002579	6100000	6200000	4010914	3ditem_a_001	1	80	64	0	00.無	0		00.無	0	00.無	0				1	1	226	0	0	0	0	0	
#	2580	4000	0	1	1	1	1	1.可以交易；0.被PK不掉	1	0	巫女草鞋	80	7.顧大嫂	03.褲子 - 顧大嫂	07.紫	4	07.怪物掉寶	5000	2580	6002580	6100000	6200000	4010915	3ditem_a_001	1	80	64	0	00.無	0		00.無	0	00.無	0				1	1	227	0	0	0	0	0	
#	2581	4000	0	1	1	1	1	1.可以交易；0.被PK不掉	1	0	巫女狼牙棒	80	7.顧大嫂	04.武器 - 顧大嫂	07.紫	4	07.怪物掉寶	5000	2581	6002581	6100000	6200000	4010916	3ditem_a_001	1	80	64	0	00.無	0		00.無	0	00.無	0				1	1	228	0	0	0	0	0	
#	2582	4000	0	1	1	1	0	1.可以交易；1.被PK會掉	1	1	算命法帽	85	7.顧大嫂	01.帽子 - 顧大嫂	03.灰	0	07.怪物掉寶	5000	2582	6002582	6100000	6200000	4010917	3ditem_a_001	1	85	64	0	00.無	0		00.無	0	00.無	0				1	1	225	0	0	0	0	0	
#	2583	4000	0	1	1	1	0	1.可以交易；1.被PK會掉	1	1	算命法衣	85	7.顧大嫂	02.上衣 - 顧大嫂	03.灰	0	07.怪物掉寶	5000	2583	6002583	6100000	6200000	4010918	3ditem_a_001	1	85	64	0	00.無	0		00.無	0	00.無	0				1	1	226	0	0	0	0	0	
#	2584	4000	0	1	1	1	0	1.可以交易；1.被PK會掉	1	1	算命草鞋	85	7.顧大嫂	03.褲子 - 顧大嫂	03.灰	0	07.怪物掉寶	5000	2584	6002584	6100000	6200000	4010919	3ditem_a_001	1	85	64	0	00.無	0		00.無	0	00.無	0				1	1	227	0	0	0	0	0	
#	2585	4000	0	1	1	1	0	1.可以交易；1.被PK會掉	1	1	算命狼牙棒	85	7.顧大嫂	04.武器 - 顧大嫂	03.灰	0	07.怪物掉寶	5000	2585	6002585	6100000	6200000	4010920	3ditem_a_001	1	85	64	0	00.無	0		00.無	0	00.無	0				1	1	228	0	0	0	0	0	
#	2586	4000	0	1	1	1	0	1.可以交易；1.被PK會掉	1	1	招魂法帽	85	7.顧大嫂	01.帽子 - 顧大嫂	04.白	1	03.商店購買	5000	2586	6002586	6100000	6200000	4010921	3ditem_a_001	1	85	64	0	00.無	0		00.無	0	00.無	0				1	1	225	0	0	0	0	0	
#	2587	4000	0	1	1	1	0	1.可以交易；1.被PK會掉	1	1	招魂法衣	85	7.顧大嫂	02.上衣 - 顧大嫂	04.白	1	03.商店購買	5000	2587	6002587	6100000	6200000	4010922	3ditem_a_001	1	85	64	0	00.無	0		00.無	0	00.無	0				1	1	226	0	0	0	0	0	
#	2588	4000	0	1	1	1	0	1.可以交易；1.被PK會掉	1	1	招魂草鞋	85	7.顧大嫂	03.褲子 - 顧大嫂	04.白	1	03.商店購買	5000	2588	6002588	6100000	6200000	4010923	3ditem_a_001	1	85	64	0	00.無	0		00.無	0	00.無	0				1	1	227	0	0	0	0	0	
#	2589	4000	0	1	1	1	0	1.可以交易；1.被PK會掉	1	1	招魂狼牙棒	85	7.顧大嫂	04.武器 - 顧大嫂	04.白	1	03.商店購買	5000	2589	6002589	6100000	6200000	4010924	3ditem_a_001	1	85	64	0	00.無	0		00.無	0	00.無	0				1	1	228	0	0	0	0	0	
#	2590	4000	0	1	1	1	1	1.可以交易；0.被PK不掉	1	0	靈幻法帽	85	7.顧大嫂	01.帽子 - 顧大嫂	05.綠	2	07.怪物掉寶	5000	2590	6002590	6100000	6200000	4010925	3ditem_a_001	1	85	64	0	00.無	0		00.無	0	00.無	0				1	1	225	0	0	0	0	0	
#	2591	4000	0	1	1	1	1	1.可以交易；0.被PK不掉	1	0	靈幻法衣	85	7.顧大嫂	02.上衣 - 顧大嫂	05.綠	2	07.怪物掉寶	5000	2591	6002591	6100000	6200000	4010926	3ditem_a_001	1	85	64	0	00.無	0		00.無	0	00.無	0				1	1	226	0	0	0	0	0	
#	2592	4000	0	1	1	1	1	1.可以交易；0.被PK不掉	1	0	靈幻草鞋	85	7.顧大嫂	03.褲子 - 顧大嫂	05.綠	2	07.怪物掉寶	5000	2592	6002592	6100000	6200000	4010927	3ditem_a_001	1	85	64	0	00.無	0		00.無	0	00.無	0				1	1	227	0	0	0	0	0	
#	2593	4000	0	1	1	1	1	1.可以交易；0.被PK不掉	1	0	靈幻狼牙棒	85	7.顧大嫂	04.武器 - 顧大嫂	05.綠	2	07.怪物掉寶	5000	2593	6002593	6100000	6200000	4010928	3ditem_a_001	1	85	64	0	00.無	0		00.無	0	00.無	0				1	1	228	0	0	0	0	0	
#	2594	4000	0	1	1	1	1	1.可以交易；0.被PK不掉	1	0	御伽法帽	85	7.顧大嫂	01.帽子 - 顧大嫂	06.藍	3	12.收集品交換	5000	2594	6002594	6100000	6200000	4010929	3ditem_a_001	1	85	64	0	00.無	0		00.無	0	00.無	0				1	1	225	0	0	0	0	0	
#	2595	4000	0	1	1	1	1	1.可以交易；0.被PK不掉	1	0	御伽法衣	85	7.顧大嫂	02.上衣 - 顧大嫂	06.藍	3	12.收集品交換	5000	2595	6002595	6100000	6200000	4010930	3ditem_a_001	1	85	64	0	00.無	0		00.無	0	00.無	0				1	1	226	0	0	0	0	0	
#	2596	4000	0	1	1	1	1	1.可以交易；0.被PK不掉	1	0	御伽草鞋	85	7.顧大嫂	03.褲子 - 顧大嫂	06.藍	3	12.收集品交換	5000	2596	6002596	6100000	6200000	4010931	3ditem_a_001	1	85	64	0	00.無	0		00.無	0	00.無	0				1	1	227	0	0	0	0	0	
#	2597	4000	0	1	1	1	1	1.可以交易；0.被PK不掉	1	0	御伽狼牙棒	85	7.顧大嫂	04.武器 - 顧大嫂	06.藍	3	12.收集品交換	5000	2597	6002597	6100000	6200000	4010932	3ditem_a_001	1	85	64	0	00.無	0		00.無	0	00.無	0				1	1	228	0	0	0	0	0	
#	2598	4000	0	1	1	1	0	1.可以交易；1.被PK會掉	1	1	幽夢法帽	90	7.顧大嫂	01.帽子 - 顧大嫂	03.灰	0	07.怪物掉寶	5000	2598	6002598	6100000	6200000	4010933	3ditem_a_001	1	90	64	0	00.無	0		00.無	0	00.無	0				1	1	225	0	0	0	0	0	
#	2599	4000	0	1	1	1	0	1.可以交易；1.被PK會掉	1	1	幽夢法衣	90	7.顧大嫂	02.上衣 - 顧大嫂	03.灰	0	07.怪物掉寶	5000	2599	6002599	6100000	6200000	4010934	3ditem_a_001	1	90	64	0	00.無	0		00.無	0	00.無	0				1	1	226	0	0	0	0	0	
#	2600	4000	0	1	1	1	0	1.可以交易；1.被PK會掉	1	1	幽夢草鞋	90	7.顧大嫂	03.褲子 - 顧大嫂	03.灰	0	07.怪物掉寶	5000	2600	6002600	6100000	6200000	4010935	3ditem_a_001	1	90	64	0	00.無	0		00.無	0	00.無	0				1	1	227	0	0	0	0	0	
#	2601	4000	0	1	1	1	0	1.可以交易；1.被PK會掉	1	1	幽夢狼牙棒	90	7.顧大嫂	04.武器 - 顧大嫂	03.灰	0	07.怪物掉寶	5000	2601	6002601	6100000	6200000	4010936	3ditem_a_001	1	90	64	0	00.無	0		00.無	0	00.無	0				1	1	228	0	0	0	0	0	
#	2602	4000	0	1	1	1	0	1.可以交易；1.被PK會掉	1	1	飄風法帽	90	7.顧大嫂	01.帽子 - 顧大嫂	04.白	1	03.商店購買	5000	2602	6002602	6100000	6200000	4010937	3ditem_a_001	1	90	64	0	00.無	0		00.無	0	00.無	0				1	1	225	0	0	0	0	0	
#	2603	4000	0	1	1	1	0	1.可以交易；1.被PK會掉	1	1	飄風法衣	90	7.顧大嫂	02.上衣 - 顧大嫂	04.白	1	03.商店購買	5000	2603	6002603	6100000	6200000	4010938	3ditem_a_001	1	90	64	0	00.無	0		00.無	0	00.無	0				1	1	226	0	0	0	0	0	
#	2604	4000	0	1	1	1	0	1.可以交易；1.被PK會掉	1	1	飄風草鞋	90	7.顧大嫂	03.褲子 - 顧大嫂	04.白	1	03.商店購買	5000	2604	6002604	6100000	6200000	4010939	3ditem_a_001	1	90	64	0	00.無	0		00.無	0	00.無	0				1	1	227	0	0	0	0	0	
#	2605	4000	0	1	1	1	0	1.可以交易；1.被PK會掉	1	1	飄風狼牙棒	90	7.顧大嫂	04.武器 - 顧大嫂	04.白	1	03.商店購買	5000	2605	6002605	6100000	6200000	4010940	3ditem_a_001	1	90	64	0	00.無	0		00.無	0	00.無	0				1	1	228	0	0	0	0	0	
#	2606	4000	0	1	1	1	1	1.可以交易；0.被PK不掉	1	0	青雲法帽	90	7.顧大嫂	01.帽子 - 顧大嫂	05.綠	2	07.怪物掉寶	5000	2606	6002606	6100000	6200000	4010941	3ditem_a_001	1	90	64	0	00.無	0		00.無	0	00.無	0				1	1	225	0	0	0	0	0	
#	2607	4000	0	1	1	1	1	1.可以交易；0.被PK不掉	1	0	青雲法衣	90	7.顧大嫂	02.上衣 - 顧大嫂	05.綠	2	07.怪物掉寶	5000	2607	6002607	6100000	6200000	4010942	3ditem_a_001	1	90	64	0	00.無	0		00.無	0	00.無	0				1	1	226	0	0	0	0	0	
#	2608	4000	0	1	1	1	1	1.可以交易；0.被PK不掉	1	0	青雲草鞋	90	7.顧大嫂	03.褲子 - 顧大嫂	05.綠	2	07.怪物掉寶	5000	2608	6002608	6100000	6200000	4010943	3ditem_a_001	1	90	64	0	00.無	0		00.無	0	00.無	0				1	1	227	0	0	0	0	0	
#	2609	4000	0	1	1	1	1	1.可以交易；0.被PK不掉	1	0	青雲狼牙棒	90	7.顧大嫂	04.武器 - 顧大嫂	05.綠	2	07.怪物掉寶	5000	2609	6002609	6100000	6200000	4010944	3ditem_a_001	1	90	64	0	00.無	0		00.無	0	00.無	0				1	1	228	0	0	0	0	0	
#	2610	4000	0	1	1	1	1	1.可以交易；0.被PK不掉	1	0	仙魔法帽	90	7.顧大嫂	01.帽子 - 顧大嫂	06.藍	3	12.收集品交換	5000	2610	6002610	6100000	6200000	4010945	3ditem_a_001	1	90	64	0	00.無	0		00.無	0	00.無	0				1	1	225	0	0	0	0	0	
#	2611	4000	0	1	1	1	1	1.可以交易；0.被PK不掉	1	0	仙魔法衣	90	7.顧大嫂	02.上衣 - 顧大嫂	06.藍	3	12.收集品交換	5000	2611	6002611	6100000	6200000	4010946	3ditem_a_001	1	90	64	0	00.無	0		00.無	0	00.無	0				1	1	226	0	0	0	0	0	
#	2612	4000	0	1	1	1	1	1.可以交易；0.被PK不掉	1	0	仙魔草鞋	90	7.顧大嫂	03.褲子 - 顧大嫂	06.藍	3	12.收集品交換	5000	2612	6002612	6100000	6200000	4010947	3ditem_a_001	1	90	64	0	00.無	0		00.無	0	00.無	0				1	1	227	0	0	0	0	0	
#	2613	4000	0	1	1	1	1	1.可以交易；0.被PK不掉	1	0	仙魔狼牙棒	90	7.顧大嫂	04.武器 - 顧大嫂	06.藍	3	12.收集品交換	5000	2613	6002613	6100000	6200000	4010948	3ditem_a_001	1	90	64	0	00.無	0		00.無	0	00.無	0				1	1	228	0	0	0	0	0	
#	2614	4000	0	1	1	1	0	1.可以交易；1.被PK會掉	1	1	感應法帽	95	7.顧大嫂	01.帽子 - 顧大嫂	03.灰	0	07.怪物掉寶	5000	2614	6002614	6100000	6200000	4010949	3ditem_a_001	1	95	64	0	00.無	0		00.無	0	00.無	0				1	1	225	0	0	0	0	0	
#	2615	4000	0	1	1	1	0	1.可以交易；1.被PK會掉	1	1	感應法衣	95	7.顧大嫂	02.上衣 - 顧大嫂	03.灰	0	07.怪物掉寶	5000	2615	6002615	6100000	6200000	4010950	3ditem_a_001	1	95	64	0	00.無	0		00.無	0	00.無	0				1	1	226	0	0	0	0	0	
#	2616	4000	0	1	1	1	0	1.可以交易；1.被PK會掉	1	1	感應草鞋	95	7.顧大嫂	03.褲子 - 顧大嫂	03.灰	0	07.怪物掉寶	5000	2616	6002616	6100000	6200000	4010951	3ditem_a_001	1	95	64	0	00.無	0		00.無	0	00.無	0				1	1	227	0	0	0	0	0	
#	2617	4000	0	1	1	1	0	1.可以交易；1.被PK會掉	1	1	感應狼牙棒	95	7.顧大嫂	04.武器 - 顧大嫂	03.灰	0	07.怪物掉寶	5000	2617	6002617	6100000	6200000	4010952	3ditem_a_001	1	95	64	0	00.無	0		00.無	0	00.無	0				1	1	228	0	0	0	0	0	
#	2618	4000	0	1	1	1	0	1.可以交易；1.被PK會掉	1	1	神怪法帽	95	7.顧大嫂	01.帽子 - 顧大嫂	04.白	1	03.商店購買	5000	2618	6002618	6100000	6200000	4010953	3ditem_a_001	1	95	64	0	00.無	0		00.無	0	00.無	0				1	1	225	0	0	0	0	0	
#	2619	4000	0	1	1	1	0	1.可以交易；1.被PK會掉	1	1	神怪法衣	95	7.顧大嫂	02.上衣 - 顧大嫂	04.白	1	03.商店購買	5000	2619	6002619	6100000	6200000	4010954	3ditem_a_001	1	95	64	0	00.無	0		00.無	0	00.無	0				1	1	226	0	0	0	0	0	
#	2620	4000	0	1	1	1	0	1.可以交易；1.被PK會掉	1	1	神怪草鞋	95	7.顧大嫂	03.褲子 - 顧大嫂	04.白	1	03.商店購買	5000	2620	6002620	6100000	6200000	4010955	3ditem_a_001	1	95	64	0	00.無	0		00.無	0	00.無	0				1	1	227	0	0	0	0	0	
#	2621	4000	0	1	1	1	0	1.可以交易；1.被PK會掉	1	1	神怪狼牙棒	95	7.顧大嫂	04.武器 - 顧大嫂	04.白	1	03.商店購買	5000	2621	6002621	6100000	6200000	4010956	3ditem_a_001	1	95	64	0	00.無	0		00.無	0	00.無	0				1	1	228	0	0	0	0	0	
#	2622	4000	0	1	1	1	1	1.可以交易；0.被PK不掉	1	0	獸靈法帽	95	7.顧大嫂	01.帽子 - 顧大嫂	05.綠	2	07.怪物掉寶	5000	2622	6002622	6100000	6200000	4010957	3ditem_a_001	1	95	64	0	00.無	0		00.無	0	00.無	0				1	1	225	0	0	0	0	0	
#	2623	4000	0	1	1	1	1	1.可以交易；0.被PK不掉	1	0	獸靈法衣	95	7.顧大嫂	02.上衣 - 顧大嫂	05.綠	2	07.怪物掉寶	5000	2623	6002623	6100000	6200000	4010958	3ditem_a_001	1	95	64	0	00.無	0		00.無	0	00.無	0				1	1	226	0	0	0	0	0	
#	2624	4000	0	1	1	1	1	1.可以交易；0.被PK不掉	1	0	獸靈草鞋	95	7.顧大嫂	03.褲子 - 顧大嫂	05.綠	2	07.怪物掉寶	5000	2624	6002624	6100000	6200000	4010959	3ditem_a_001	1	95	64	0	00.無	0		00.無	0	00.無	0				1	1	227	0	0	0	0	0	
#	2625	4000	0	1	1	1	1	1.可以交易；0.被PK不掉	1	0	獸靈狼牙棒	95	7.顧大嫂	04.武器 - 顧大嫂	05.綠	2	07.怪物掉寶	5000	2625	6002625	6100000	6200000	4010960	3ditem_a_001	1	95	64	0	00.無	0		00.無	0	00.無	0				1	1	228	0	0	0	0	0	
#	2626	4000	0	1	1	1	1	1.可以交易；0.被PK不掉	1	0	鬼靈法帽	95	7.顧大嫂	01.帽子 - 顧大嫂	06.藍	3	12.收集品交換	5000	2626	6002626	6100000	6200000	4010961	3ditem_a_001	1	95	64	0	00.無	0		00.無	0	00.無	0				1	1	225	0	0	0	0	0	
#	2627	4000	0	1	1	1	1	1.可以交易；0.被PK不掉	1	0	鬼靈法衣	95	7.顧大嫂	02.上衣 - 顧大嫂	06.藍	3	12.收集品交換	5000	2627	6002627	6100000	6200000	4010962	3ditem_a_001	1	95	64	0	00.無	0		00.無	0	00.無	0				1	1	226	0	0	0	0	0	
#	2628	4000	0	1	1	1	1	1.可以交易；0.被PK不掉	1	0	鬼靈草鞋	95	7.顧大嫂	03.褲子 - 顧大嫂	06.藍	3	12.收集品交換	5000	2628	6002628	6100000	6200000	4010963	3ditem_a_001	1	95	64	0	00.無	0		00.無	0	00.無	0				1	1	227	0	0	0	0	0	
#	2629	4000	0	1	1	1	1	1.可以交易；0.被PK不掉	1	0	鬼靈狼牙棒	95	7.顧大嫂	04.武器 - 顧大嫂	06.藍	3	12.收集品交換	5000	2629	6002629	6100000	6200000	4010964	3ditem_a_001	1	95	64	0	00.無	0		00.無	0	00.無	0				1	1	228	0	0	0	0	0	
#	2630	4000	0	1	1	1	0	1.可以交易；1.被PK會掉	1	1	羊骨法帽	99	7.顧大嫂	01.帽子 - 顧大嫂	03.灰	0	07.怪物掉寶	5000	2630	6002630	6100000	6200000	4010965	3ditem_a_001	1	99	64	0	00.無	0		00.無	0	00.無	0				1	1	225	0	0	0	0	0	
#	2631	4000	0	1	1	1	0	1.可以交易；1.被PK會掉	1	1	羊骨法衣	99	7.顧大嫂	02.上衣 - 顧大嫂	03.灰	0	07.怪物掉寶	5000	2631	6002631	6100000	6200000	4010966	3ditem_a_001	1	99	64	0	00.無	0		00.無	0	00.無	0				1	1	226	0	0	0	0	0	
#	2632	4000	0	1	1	1	0	1.可以交易；1.被PK會掉	1	1	羊骨草鞋	99	7.顧大嫂	03.褲子 - 顧大嫂	03.灰	0	07.怪物掉寶	5000	2632	6002632	6100000	6200000	4010967	3ditem_a_001	1	99	64	0	00.無	0		00.無	0	00.無	0				1	1	227	0	0	0	0	0	
#	2633	4000	0	1	1	1	0	1.可以交易；1.被PK會掉	1	1	羊骨狼牙棒	99	7.顧大嫂	04.武器 - 顧大嫂	03.灰	0	07.怪物掉寶	5000	2633	6002633	6100000	6200000	4010968	3ditem_a_001	1	99	64	0	00.無	0		00.無	0	00.無	0				1	1	228	0	0	0	0	0	
#	2634	4000	0	1	1	1	0	1.可以交易；1.被PK會掉	1	1	牛骨法帽	99	7.顧大嫂	01.帽子 - 顧大嫂	04.白	1	03.商店購買	5000	2634	6002634	6100000	6200000	4010969	3ditem_a_001	1	99	64	0	00.無	0		00.無	0	00.無	0				1	1	225	0	0	0	0	0	
#	2635	4000	0	1	1	1	0	1.可以交易；1.被PK會掉	1	1	牛骨法衣	99	7.顧大嫂	02.上衣 - 顧大嫂	04.白	1	03.商店購買	5000	2635	6002635	6100000	6200000	4010970	3ditem_a_001	1	99	64	0	00.無	0		00.無	0	00.無	0				1	1	226	0	0	0	0	0	
#	2636	4000	0	1	1	1	0	1.可以交易；1.被PK會掉	1	1	牛骨草鞋	99	7.顧大嫂	03.褲子 - 顧大嫂	04.白	1	03.商店購買	5000	2636	6002636	6100000	6200000	4010971	3ditem_a_001	1	99	64	0	00.無	0		00.無	0	00.無	0				1	1	227	0	0	0	0	0	
#	2637	4000	0	1	1	1	0	1.可以交易；1.被PK會掉	1	1	牛骨狼牙棒	99	7.顧大嫂	04.武器 - 顧大嫂	04.白	1	03.商店購買	5000	2637	6002637	6100000	6200000	4010972	3ditem_a_001	1	99	64	0	00.無	0		00.無	0	00.無	0				1	1	228	0	0	0	0	0	
#	2638	4000	0	1	1	1	1	1.可以交易；0.被PK不掉	1	0	龍骨法帽	99	7.顧大嫂	01.帽子 - 顧大嫂	05.綠	2	07.怪物掉寶	5000	2638	6002638	6100000	6200000	4010973	3ditem_a_001	1	99	64	0	00.無	0		00.無	0	00.無	0				1	1	225	0	0	0	0	0	
#	2639	4000	0	1	1	1	1	1.可以交易；0.被PK不掉	1	0	龍骨法衣	99	7.顧大嫂	02.上衣 - 顧大嫂	05.綠	2	07.怪物掉寶	5000	2639	6002639	6100000	6200000	4010974	3ditem_a_001	1	99	64	0	00.無	0		00.無	0	00.無	0				1	1	226	0	0	0	0	0	
#	2640	4000	0	1	1	1	1	1.可以交易；0.被PK不掉	1	0	龍骨草鞋	99	7.顧大嫂	03.褲子 - 顧大嫂	05.綠	2	07.怪物掉寶	5000	2640	6002640	6100000	6200000	4010975	3ditem_a_001	1	99	64	0	00.無	0		00.無	0	00.無	0				1	1	227	0	0	0	0	0	
#	2641	4000	0	1	1	1	1	1.可以交易；0.被PK不掉	1	0	龍骨狼牙棒	99	7.顧大嫂	04.武器 - 顧大嫂	05.綠	2	07.怪物掉寶	5000	2641	6002641	6100000	6200000	4010976	3ditem_a_001	1	99	64	0	00.無	0		00.無	0	00.無	0				1	1	228	0	0	0	0	0	
#	2642	4000	0	1	1	1	1	1.可以交易；0.被PK不掉	1	0	鬼骨法帽	99	7.顧大嫂	01.帽子 - 顧大嫂	06.藍	3	12.收集品交換	5000	2642	6002642	6100000	6200000	4010977	3ditem_a_001	1	99	64	0	00.無	0		00.無	0	00.無	0				1	1	225	0	0	0	0	0	
#	2643	4000	0	1	1	1	1	1.可以交易；0.被PK不掉	1	0	鬼骨法衣	99	7.顧大嫂	02.上衣 - 顧大嫂	06.藍	3	12.收集品交換	5000	2643	6002643	6100000	6200000	4010978	3ditem_a_001	1	99	64	0	00.無	0		00.無	0	00.無	0				1	1	226	0	0	0	0	0	
#	2644	4000	0	1	1	1	1	1.可以交易；0.被PK不掉	1	0	鬼骨草鞋	99	7.顧大嫂	03.褲子 - 顧大嫂	06.藍	3	12.收集品交換	5000	2644	6002644	6100000	6200000	4010979	3ditem_a_001	1	99	64	0	00.無	0		00.無	0	00.無	0				1	1	227	0	0	0	0	0	
#	2645	4000	0	1	1	1	1	1.可以交易；0.被PK不掉	1	0	鬼骨狼牙棒	99	7.顧大嫂	04.武器 - 顧大嫂	06.藍	3	12.收集品交換	5000	2645	6002645	6100000	6200000	4010980	3ditem_a_001	1	99	64	0	00.無	0		00.無	0	00.無	0				1	1	228	0	0	0	0	0	
#	2646	4000	0	1	1	1	1	1.可以交易；0.被PK不掉	1	0	地獄使者帽	99	7.顧大嫂	01.帽子 - 顧大嫂	07.紫	4	07.怪物掉寶	5000	2646	6002646	6100000	6200000	4010981	3ditem_a_001	1	99	64	0	00.無	0		00.無	0	00.無	0				1	1	225	0	0	0	0	0	
#	2647	4000	0	1	1	1	1	1.可以交易；0.被PK不掉	1	0	地獄使者袍	99	7.顧大嫂	02.上衣 - 顧大嫂	07.紫	4	07.怪物掉寶	5000	2647	6002647	6100000	6200000	4010982	3ditem_a_001	1	99	64	0	00.無	0		00.無	0	00.無	0				1	1	226	0	0	0	0	0	
#	2648	4000	0	1	1	1	1	1.可以交易；0.被PK不掉	1	0	地獄使者鞋	99	7.顧大嫂	03.褲子 - 顧大嫂	07.紫	4	07.怪物掉寶	5000	2648	6002648	6100000	6200000	4010983	3ditem_a_001	1	99	64	0	00.無	0		00.無	0	00.無	0				1	1	227	0	0	0	0	0	
#	2649	4000	0	1	1	1	1	1.可以交易；0.被PK不掉	1	0	地獄使者狼牙棒	99	7.顧大嫂	04.武器 - 顧大嫂	07.紫	4	07.怪物掉寶	5000	2649	6002649	6100000	6200000	4010984	3ditem_a_001	1	99	64	0	00.無	0		00.無	0	00.無	0				1	1	228	0	0	0	0	0	
	2650	4000	1	1	1	1	0	1.可以交易；0.被PK不掉	1	0	花榮頭巾	1	8.花榮	01.帽子 - 花榮	02.初始裝備	1	02.初始	5000	2650	6002650	6100000	6200000	4010985	3ditem_a_001	1	1	128	0	00.無	0		00.無	0	00.無	0				130	13	229	0	0	0	0	0	
	2651	4000	1	1	1	1	0	1.可以交易；0.被PK不掉	1	0	花榮面甲	1	8.花榮	02.上衣 - 花榮	02.初始裝備	1	02.初始	5000	2651	6002651	6100000	6200000	4010986	3ditem_a_001	1	1	128	0	00.無	0		00.無	0	00.無	0				170	17	230	0	0	0	0	0	
	2652	4000	1	1	1	1	0	1.可以交易；0.被PK不掉	1	0	花榮連身甲	1	8.花榮	03.褲子 - 花榮	02.初始裝備	1	02.初始	5000	2652	6002652	6100000	6200000	4010987	3ditem_a_001	1	1	128	0	00.無	0		00.無	0	00.無	0				150	15	231	0	0	0	0	0	
	2653	4000	1	1	1	1	0	1.可以交易；0.被PK不掉	1	0	花榮弓箭	1	8.花榮	04.武器 - 花榮	02.初始裝備	1	02.初始	5000	2653	6002653	6100000	6200000	4010988	3ditem_a_001	1	1	128	0	00.無	0		00.無	0	00.無	0				280	28	232	0	0	0	0	0	
	2654	4000	1	1	1	1	0	1.可以交易；1.被PK會掉	1	1	劣質布帽	10	8.花榮	01.帽子 - 花榮	03.灰	0	07.怪物掉寶	5000	2654	6002654	6100000	6200000	4010989	3ditem_a_001	1	10	128	0	00.無	0		00.無	0	00.無	0				630	32	229	0	0	0	0	0	
	2655	4000	1	1	1	1	0	1.可以交易；1.被PK會掉	1	1	劣質面甲	10	8.花榮	02.上衣 - 花榮	03.灰	0	07.怪物掉寶	5000	2655	6002655	6100000	6200000	4010990	3ditem_a_001	1	10	128	0	00.無	0		00.無	0	00.無	0				820	41	230	0	0	0	0	0	
	2656	4000	1	1	1	1	0	1.可以交易；1.被PK會掉	1	1	劣質連身甲	10	8.花榮	03.褲子 - 花榮	03.灰	0	07.怪物掉寶	5000	2656	6002656	6100000	6200000	4010991	3ditem_a_001	1	10	128	0	00.無	0		00.無	0	00.無	0				720	36	231	0	0	0	0	0	
	2657	4000	1	1	1	1	0	1.可以交易；1.被PK會掉	1	1	劣質弓箭	10	8.花榮	04.武器 - 花榮	03.灰	0	07.怪物掉寶	5000	2657	6002657	6100000	6200000	4010992	3ditem_a_001	1	10	128	0	00.無	0		00.無	0	00.無	0				1360	68	232	0	0	0	0	0	
	2658	4000	1	1	1	1	0	1.可以交易；1.被PK會掉	1	1	平民布帽	10	8.花榮	01.帽子 - 花榮	04.白	1	03.商店購買	5000	2658	6002658	6100000	6200000	4010993	3ditem_a_001	1	10	128	0	00.無	0		00.無	0	00.無	0				630	63	229	0	0	0	0	0	
	2659	4000	1	1	1	1	0	1.可以交易；1.被PK會掉	1	1	平民面甲	10	8.花榮	02.上衣 - 花榮	04.白	1	03.商店購買	5000	2659	6002659	6100000	6200000	4010994	3ditem_a_001	1	10	128	0	00.無	0		00.無	0	00.無	0				820	82	230	0	0	0	0	0	
	2660	4000	1	1	1	1	0	1.可以交易；1.被PK會掉	1	1	平民連身甲	10	8.花榮	03.褲子 - 花榮	04.白	1	03.商店購買	5000	2660	6002660	6100000	6200000	4010995	3ditem_a_001	1	10	128	0	00.無	0		00.無	0	00.無	0				720	72	231	0	0	0	0	0	
	2661	4000	1	1	1	1	0	1.可以交易；1.被PK會掉	1	1	鐵質弓箭	10	8.花榮	04.武器 - 花榮	04.白	1	03.商店購買	5000	2661	6002661	6100000	6200000	4010996	3ditem_a_001	1	10	128	0	00.無	0		00.無	0	00.無	0				1360	136	232	0	0	0	0	0	
	2662	4000	1	1	1	1	1	1.可以交易；0.被PK不掉	1	0	傳統布帽	10	8.花榮	01.帽子 - 花榮	05.綠	2	07.怪物掉寶	5000	2662	6002662	6100000	6200000	4010997	3ditem_a_001	1	10	128	0	00.無	0		00.無	0	00.無	0				630	32	229	0	0	0	0	0	
	2663	4000	1	1	1	1	1	1.可以交易；0.被PK不掉	1	0	傳統面甲	10	8.花榮	02.上衣 - 花榮	05.綠	2	07.怪物掉寶	5000	2663	6002663	6100000	6200000	4010998	3ditem_a_001	1	10	128	0	00.無	0		00.無	0	00.無	0				820	41	230	0	0	0	0	0	
	2664	4000	1	1	1	1	1	1.可以交易；0.被PK不掉	1	0	傳統連身甲	10	8.花榮	03.褲子 - 花榮	05.綠	2	07.怪物掉寶	5000	2664	6002664	6100000	6200000	4010999	3ditem_a_001	1	10	128	0	00.無	0		00.無	0	00.無	0				720	36	231	0	0	0	0	0	
	2665	4000	1	1	1	1	1	1.可以交易；0.被PK不掉	1	0	銅質弓箭	10	8.花榮	04.武器 - 花榮	05.綠	2	07.怪物掉寶	5000	2665	6002665	6100000	6200000	4011000	3ditem_a_001	1	10	128	0	00.無	0		00.無	0	00.無	0				1360	68	232	0	0	0	0	0	
	2666	4000	1	1	1	1	1	1.可以交易；0.被PK不掉	1	0	特級布帽	10	8.花榮	01.帽子 - 花榮	06.藍	3	12.收集品交換	5000	2666	6002666	6100000	6200000	4011001	3ditem_a_001	1	10	128	0	00.無	0		00.無	0	00.無	0				630	32	229	0	0	0	0	0	
	2667	4000	1	1	1	1	1	1.可以交易；0.被PK不掉	1	0	特級面甲	10	8.花榮	02.上衣 - 花榮	06.藍	3	12.收集品交換	5000	2667	6002667	6100000	6200000	4011002	3ditem_a_001	1	10	128	0	00.無	0		00.無	0	00.無	0				820	41	230	0	0	0	0	0	
	2668	4000	1	1	1	1	1	1.可以交易；0.被PK不掉	1	0	特級連身甲	10	8.花榮	03.褲子 - 花榮	06.藍	3	12.收集品交換	5000	2668	6002668	6100000	6200000	4011003	3ditem_a_001	1	10	128	0	00.無	0		00.無	0	00.無	0				720	36	231	0	0	0	0	0	
	2669	4000	1	1	1	1	1	1.可以交易；0.被PK不掉	1	0	銀質弓箭	10	8.花榮	04.武器 - 花榮	06.藍	3	12.收集品交換	5000	2669	6002669	6100000	6200000	4011004	3ditem_a_001	1	10	128	0	00.無	0		00.無	0	00.無	0				1360	68	232	0	0	0	0	0	
	2670	4000	1	1	1	1	0	1.可以交易；1.被PK會掉	1	1	實習帽	15	8.花榮	01.帽子 - 花榮	03.灰	0	07.怪物掉寶	5000	2670	6002670	6100000	6200000	4011005	3ditem_a_001	1	15	128	0	00.無	0		00.無	0	00.無	0				2330	117	229	0	0	0	0	0	
	2671	4000	1	1	1	1	0	1.可以交易；1.被PK會掉	1	1	實習面甲	15	8.花榮	02.上衣 - 花榮	03.灰	0	07.怪物掉寶	5000	2671	6002671	6100000	6200000	4011006	3ditem_a_001	1	15	128	0	00.無	0		00.無	0	00.無	0				3000	150	230	0	0	0	0	0	
	2672	4000	1	1	1	1	0	1.可以交易；1.被PK會掉	1	1	實習連身甲	15	8.花榮	03.褲子 - 花榮	03.灰	0	07.怪物掉寶	5000	2672	6002672	6100000	6200000	4011007	3ditem_a_001	1	15	128	0	00.無	0		00.無	0	00.無	0				2660	133	231	0	0	0	0	0	
	2673	4000	1	1	1	1	0	1.可以交易；1.被PK會掉	1	1	實習弓箭	15	8.花榮	04.武器 - 花榮	03.灰	0	07.怪物掉寶	5000	2673	6002673	6100000	6200000	4011008	3ditem_a_001	1	15	128	0	00.無	0		00.無	0	00.無	0				4990	250	232	0	0	0	0	0	
	2674	4000	1	1	1	1	0	1.可以交易；1.被PK會掉	1	1	學生帽	15	8.花榮	01.帽子 - 花榮	04.白	1	03.商店購買	5000	2674	6002674	6100000	6200000	4011009	3ditem_a_001	1	15	128	0	00.無	0		00.無	0	00.無	0				2330	233	229	0	0	0	0	0	
	2675	4000	1	1	1	1	0	1.可以交易；1.被PK會掉	1	1	學生面甲	15	8.花榮	02.上衣 - 花榮	04.白	1	03.商店購買	5000	2675	6002675	6100000	6200000	4011010	3ditem_a_001	1	15	128	0	00.無	0		00.無	0	00.無	0				3000	300	230	0	0	0	0	0	
	2676	4000	1	1	1	1	0	1.可以交易；1.被PK會掉	1	1	學生連身甲	15	8.花榮	03.褲子 - 花榮	04.白	1	03.商店購買	5000	2676	6002676	6100000	6200000	4011011	3ditem_a_001	1	15	128	0	00.無	0		00.無	0	00.無	0				2660	266	231	0	0	0	0	0	
	2677	4000	1	1	1	1	0	1.可以交易；1.被PK會掉	1	1	學生弓箭	15	8.花榮	04.武器 - 花榮	04.白	1	03.商店購買	5000	2677	6002677	6100000	6200000	4011012	3ditem_a_001	1	15	128	0	00.無	0		00.無	0	00.無	0				4990	499	232	0	0	0	0	0	
	2678	4000	1	1	1	1	1	1.可以交易；0.被PK不掉	1	0	大學帽	15	8.花榮	01.帽子 - 花榮	05.綠	2	07.怪物掉寶	5000	2678	6002678	6100000	6200000	4011013	3ditem_a_001	1	15	128	0	00.無	0		00.無	0	00.無	0				2330	117	229	0	0	0	0	0	
	2679	4000	1	1	1	1	1	1.可以交易；0.被PK不掉	1	0	大學面甲	15	8.花榮	02.上衣 - 花榮	05.綠	2	07.怪物掉寶	5000	2679	6002679	6100000	6200000	4011014	3ditem_a_001	1	15	128	0	00.無	0		00.無	0	00.無	0				3000	150	230	0	0	0	0	0	
	2680	4000	1	1	1	1	1	1.可以交易；0.被PK不掉	1	0	大學連身甲	15	8.花榮	03.褲子 - 花榮	05.綠	2	07.怪物掉寶	5000	2680	6002680	6100000	6200000	4011015	3ditem_a_001	1	15	128	0	00.無	0		00.無	0	00.無	0				2660	133	231	0	0	0	0	0	
	2681	4000	1	1	1	1	1	1.可以交易；0.被PK不掉	1	0	大學弓箭	15	8.花榮	04.武器 - 花榮	05.綠	2	07.怪物掉寶	5000	2681	6002681	6100000	6200000	4011016	3ditem_a_001	1	15	128	0	00.無	0		00.無	0	00.無	0				4990	250	232	0	0	0	0	0	
	2682	4000	1	1	1	1	1	1.可以交易；0.被PK不掉	1	0	研究帽	15	8.花榮	01.帽子 - 花榮	06.藍	3	12.收集品交換	5000	2682	6002682	6100000	6200000	4011017	3ditem_a_001	1	15	128	0	00.無	0		00.無	0	00.無	0				2330	117	229	0	0	0	0	0	
	2683	4000	1	1	1	1	1	1.可以交易；0.被PK不掉	1	0	研究面甲	15	8.花榮	02.上衣 - 花榮	06.藍	3	12.收集品交換	5000	2683	6002683	6100000	6200000	4011018	3ditem_a_001	1	15	128	0	00.無	0		00.無	0	00.無	0				3000	150	230	0	0	0	0	0	
	2684	4000	1	1	1	1	1	1.可以交易；0.被PK不掉	1	0	研究連身甲	15	8.花榮	03.褲子 - 花榮	06.藍	3	12.收集品交換	5000	2684	6002684	6100000	6200000	4011019	3ditem_a_001	1	15	128	0	00.無	0		00.無	0	00.無	0				2660	133	231	0	0	0	0	0	
	2685	4000	1	1	1	1	1	1.可以交易；0.被PK不掉	1	0	研究弓箭	15	8.花榮	04.武器 - 花榮	06.藍	3	12.收集品交換	5000	2685	6002685	6100000	6200000	4011020	3ditem_a_001	1	15	128	0	00.無	0		00.無	0	00.無	0				4990	250	232	0	0	0	0	0	
	2686	4000	1	1	1	1	0	1.可以交易；1.被PK會掉	1	1	博學帽	20	8.花榮	01.帽子 - 花榮	03.灰	0	07.怪物掉寶	5000	2686	6002686	6100000	6200000	4011021	3ditem_a_001	1	20	128	0	00.無	0		00.無	0	00.無	0				8540	427	229	0	0	0	0	0	
	2687	4000	1	1	1	1	0	1.可以交易；1.被PK會掉	1	1	博學面甲	20	8.花榮	02.上衣 - 花榮	03.灰	0	07.怪物掉寶	5000	2687	6002687	6100000	6200000	4011022	3ditem_a_001	1	20	128	0	00.無	0		00.無	0	00.無	0				10980	549	230	0	0	0	0	0	
	2688	4000	1	1	1	1	0	1.可以交易；1.被PK會掉	1	1	博學連身甲	20	8.花榮	03.褲子 - 花榮	03.灰	0	07.怪物掉寶	5000	2688	6002688	6100000	6200000	4011023	3ditem_a_001	1	20	128	0	00.無	0		00.無	0	00.無	0				9760	488	231	0	0	0	0	0	
	2689	4000	1	1	1	1	0	1.可以交易；1.被PK會掉	1	1	博學弓箭	20	8.花榮	04.武器 - 花榮	03.灰	0	07.怪物掉寶	5000	2689	6002689	6100000	6200000	4011024	3ditem_a_001	1	20	128	0	00.無	0		00.無	0	00.無	0				18300	915	232	0	0	0	0	0	
	2690	4000	1	1	1	1	0	1.可以交易；1.被PK會掉	1	1	天地帽	20	8.花榮	01.帽子 - 花榮	04.白	1	03.商店購買	5000	2690	6002690	6100000	6200000	4011025	3ditem_a_001	1	20	128	0	00.無	0		00.無	0	00.無	0				8540	854	229	0	0	0	0	0	
	2691	4000	1	1	1	1	0	1.可以交易；1.被PK會掉	1	1	天地面甲	20	8.花榮	02.上衣 - 花榮	04.白	1	03.商店購買	5000	2691	6002691	6100000	6200000	4011026	3ditem_a_001	1	20	128	0	00.無	0		00.無	0	00.無	0				10980	1098	230	0	0	0	0	0	
	2692	4000	1	1	1	1	0	1.可以交易；1.被PK會掉	1	1	天地連身甲	20	8.花榮	03.褲子 - 花榮	04.白	1	03.商店購買	5000	2692	6002692	6100000	6200000	4011027	3ditem_a_001	1	20	128	0	00.無	0		00.無	0	00.無	0				9760	976	231	0	0	0	0	0	
	2693	4000	1	1	1	1	0	1.可以交易；1.被PK會掉	1	1	天地弓箭	20	8.花榮	04.武器 - 花榮	04.白	1	03.商店購買	5000	2693	6002693	6100000	6200000	4011028	3ditem_a_001	1	20	128	0	00.無	0		00.無	0	00.無	0				18300	1830	232	0	0	0	0	0	
	2694	4000	1	1	1	1	1	1.可以交易；0.被PK不掉	1	0	藍海帽	20	8.花榮	01.帽子 - 花榮	05.綠	2	07.怪物掉寶	5000	2694	6002694	6100000	6200000	4011029	3ditem_a_001	1	20	128	0	00.無	0		00.無	0	00.無	0				8540	427	229	0	0	0	0	0	
	2695	4000	1	1	1	1	1	1.可以交易；0.被PK不掉	1	0	藍海面甲	20	8.花榮	02.上衣 - 花榮	05.綠	2	07.怪物掉寶	5000	2695	6002695	6100000	6200000	4011030	3ditem_a_001	1	20	128	0	00.無	0		00.無	0	00.無	0				10980	549	230	0	0	0	0	0	
	2696	4000	1	1	1	1	1	1.可以交易；0.被PK不掉	1	0	藍海連身甲	20	8.花榮	03.褲子 - 花榮	05.綠	2	07.怪物掉寶	5000	2696	6002696	6100000	6200000	4011031	3ditem_a_001	1	20	128	0	00.無	0		00.無	0	00.無	0				9760	488	231	0	0	0	0	0	
	2697	4000	1	1	1	1	1	1.可以交易；0.被PK不掉	1	0	藍海弓箭	20	8.花榮	04.武器 - 花榮	05.綠	2	07.怪物掉寶	5000	2697	6002697	6100000	6200000	4011032	3ditem_a_001	1	20	128	0	00.無	0		00.無	0	00.無	0				18300	915	232	0	0	0	0	0	
	2698	4000	1	1	1	1	1	1.可以交易；0.被PK不掉	1	0	聖皇帽	20	8.花榮	01.帽子 - 花榮	06.藍	3	12.收集品交換	5000	2698	6002698	6100000	6200000	4011033	3ditem_a_001	1	20	128	0	00.無	0		00.無	0	00.無	0				8540	427	229	0	0	0	0	0	
	2699	4000	1	1	1	1	1	1.可以交易；0.被PK不掉	1	0	聖皇面甲	20	8.花榮	02.上衣 - 花榮	06.藍	3	12.收集品交換	5000	2699	6002699	6100000	6200000	4011034	3ditem_a_001	1	20	128	0	00.無	0		00.無	0	00.無	0				10980	549	230	0	0	0	0	0	
	2700	4000	1	1	1	1	1	1.可以交易；0.被PK不掉	1	0	聖皇連身甲	20	8.花榮	03.褲子 - 花榮	06.藍	3	12.收集品交換	5000	2700	6002700	6100000	6200000	4011035	3ditem_a_001	1	20	128	0	00.無	0		00.無	0	00.無	0				9760	488	231	0	0	0	0	0	
	2701	4000	1	1	1	1	1	1.可以交易；0.被PK不掉	1	0	聖皇弓箭	20	8.花榮	04.武器 - 花榮	06.藍	3	12.收集品交換	5000	2701	6002701	6100000	6200000	4011036	3ditem_a_001	1	20	128	0	00.無	0		00.無	0	00.無	0				18300	915	232	0	0	0	0	0	
	2702	4000	1	1	1	1	1	1.可以交易；0.被PK不掉	1	0	酒釀帽	35	8.花榮	01.帽子 - 花榮	07.紫	4	07.怪物掉寶	5000	2702	6002702	6100000	6200000	4011037	3ditem_a_001	1	35	128	0	00.無	0		00.無	0	00.無	0				114700	5735	229	0	0	0	0	0	
	2703	4000	1	1	1	1	1	1.可以交易；0.被PK不掉	1	0	酒釀面甲	35	8.花榮	02.上衣 - 花榮	07.紫	4	07.怪物掉寶	5000	2703	6002703	6100000	6200000	4011038	3ditem_a_001	1	35	128	0	00.無	0		00.無	0	00.無	0				147400	7370	230	0	0	0	0	0	
	2704	4000	1	1	1	1	1	1.可以交易；0.被PK不掉	1	0	酒釀連身甲	35	8.花榮	03.褲子 - 花榮	07.紫	4	07.怪物掉寶	5000	2704	6002704	6100000	6200000	4011039	3ditem_a_001	1	35	128	0	00.無	0		00.無	0	00.無	0				131000	6550	231	0	0	0	0	0	
	2705	4000	1	1	1	1	1	1.可以交易；0.被PK不掉	1	0	酒釀弓箭	35	8.花榮	04.武器 - 花榮	07.紫	4	07.怪物掉寶	5000	2705	6002705	6100000	6200000	4011040	3ditem_a_001	1	35	128	0	00.無	0		00.無	0	00.無	0				245700	12285	232	0	0	0	0	0	
	2706	4000	1	1	1	1	0	1.可以交易；1.被PK會掉	1	1	極地帽	25	8.花榮	01.帽子 - 花榮	03.灰	0	07.怪物掉寶	5000	2706	6002706	6100000	6200000	4011041	3ditem_a_001	1	25	128	0	00.無	0		00.無	0	00.無	0				24600	1230	229	0	0	0	0	0	
	2707	4000	1	1	1	1	0	1.可以交易；1.被PK會掉	1	1	極地面甲	25	8.花榮	02.上衣 - 花榮	03.灰	0	07.怪物掉寶	5000	2707	6002707	6100000	6200000	4011042	3ditem_a_001	1	25	128	0	00.無	0		00.無	0	00.無	0				31600	1580	230	0	0	0	0	0	
	2708	4000	1	1	1	1	0	1.可以交易；1.被PK會掉	1	1	極地連身甲	25	8.花榮	03.褲子 - 花榮	03.灰	0	07.怪物掉寶	5000	2708	6002708	6100000	6200000	4011043	3ditem_a_001	1	25	128	0	00.無	0		00.無	0	00.無	0				28100	1405	231	0	0	0	0	0	
	2709	4000	1	1	1	1	0	1.可以交易；1.被PK會掉	1	1	極地弓箭	25	8.花榮	04.武器 - 花榮	03.灰	0	07.怪物掉寶	5000	2709	6002709	6100000	6200000	4011044	3ditem_a_001	1	25	128	0	00.無	0		00.無	0	00.無	0				52600	2630	232	0	0	0	0	0	
	2710	4000	1	1	1	1	0	1.可以交易；1.被PK會掉	1	1	戰壕帽	25	8.花榮	01.帽子 - 花榮	04.白	1	03.商店購買	5000	2710	6002710	6100000	6200000	4011045	3ditem_a_001	1	25	128	0	00.無	0		00.無	0	00.無	0				24600	2460	229	0	0	0	0	0	
	2711	4000	1	1	1	1	0	1.可以交易；1.被PK會掉	1	1	戰壕面甲	25	8.花榮	02.上衣 - 花榮	04.白	1	03.商店購買	5000	2711	6002711	6100000	6200000	4011046	3ditem_a_001	1	25	128	0	00.無	0		00.無	0	00.無	0				31600	3160	230	0	0	0	0	0	
	2712	4000	1	1	1	1	0	1.可以交易；1.被PK會掉	1	1	戰壕連身甲	25	8.花榮	03.褲子 - 花榮	04.白	1	03.商店購買	5000	2712	6002712	6100000	6200000	4011047	3ditem_a_001	1	25	128	0	00.無	0		00.無	0	00.無	0				28100	2810	231	0	0	0	0	0	
	2713	4000	1	1	1	1	0	1.可以交易；1.被PK會掉	1	1	戰壕弓箭	25	8.花榮	04.武器 - 花榮	04.白	1	03.商店購買	5000	2713	6002713	6100000	6200000	4011048	3ditem_a_001	1	25	128	0	00.無	0		00.無	0	00.無	0				52600	5260	232	0	0	0	0	0	
	2714	4000	1	1	1	1	1	1.可以交易；0.被PK不掉	1	0	神鬼帽	25	8.花榮	01.帽子 - 花榮	05.綠	2	07.怪物掉寶	5000	2714	6002714	6100000	6200000	4011049	3ditem_a_001	1	25	128	0	00.無	0		00.無	0	00.無	0				24600	1230	229	0	0	0	0	0	
	2715	4000	1	1	1	1	1	1.可以交易；0.被PK不掉	1	0	神鬼面甲	25	8.花榮	02.上衣 - 花榮	05.綠	2	07.怪物掉寶	5000	2715	6002715	6100000	6200000	4011050	3ditem_a_001	1	25	128	0	00.無	0		00.無	0	00.無	0				31600	1580	230	0	0	0	0	0	
	2716	4000	1	1	1	1	1	1.可以交易；0.被PK不掉	1	0	神鬼連身甲	25	8.花榮	03.褲子 - 花榮	05.綠	2	07.怪物掉寶	5000	2716	6002716	6100000	6200000	4011051	3ditem_a_001	1	25	128	0	00.無	0		00.無	0	00.無	0				28100	1405	231	0	0	0	0	0	
	2717	4000	1	1	1	1	1	1.可以交易；0.被PK不掉	1	0	神鬼弓箭	25	8.花榮	04.武器 - 花榮	05.綠	2	07.怪物掉寶	5000	2717	6002717	6100000	6200000	4011052	3ditem_a_001	1	25	128	0	00.無	0		00.無	0	00.無	0				52600	2630	232	0	0	0	0	0	
	2718	4000	1	1	1	1	1	0.不可交易；0.被PK不掉	0	0	哭嚎帽	25	8.花榮	01.帽子 - 花榮	06.藍	3	12.收集品交換	5000	2718	6002718	6100000	6200000	4011053	3ditem_a_001	1	25	128	0	00.無	0		00.無	0	00.無	0				24600	1230	229	0	0	0	0	0	
	2719	4000	1	1	1	1	1	0.不可交易；0.被PK不掉	0	0	哭嚎面甲	25	8.花榮	02.上衣 - 花榮	06.藍	3	12.收集品交換	5000	2719	6002719	6100000	6200000	4011054	3ditem_a_001	1	25	128	0	00.無	0		00.無	0	00.無	0				31600	1580	230	0	0	0	0	0	
	2720	4000	1	1	1	1	1	0.不可交易；0.被PK不掉	0	0	哭嚎連身甲	25	8.花榮	03.褲子 - 花榮	06.藍	3	12.收集品交換	5000	2720	6002720	6100000	6200000	4011055	3ditem_a_001	1	25	128	0	00.無	0		00.無	0	00.無	0				28100	1405	231	0	0	0	0	0	
	2721	4000	1	1	1	1	1	0.不可交易；0.被PK不掉	0	0	哭嚎弓箭	25	8.花榮	04.武器 - 花榮	06.藍	3	12.收集品交換	5000	2721	6002721	6100000	6200000	4011056	3ditem_a_001	1	25	128	0	00.無	0		00.無	0	00.無	0				52600	2630	232	0	0	0	0	0	
	2722	4000	1	1	1	1	0	1.可以交易；1.被PK會掉	1	1	冰寒帽	30	8.花榮	01.帽子 - 花榮	03.灰	0	07.怪物掉寶	5000	2722	6002722	6100000	6200000	4011057	3ditem_a_001	1	30	128	0	00.無	0		00.無	0	00.無	0				56300	2815	229	0	0	0	0	0	
	2723	4000	1	1	1	1	0	1.可以交易；1.被PK會掉	1	1	冰寒面甲	30	8.花榮	02.上衣 - 花榮	03.灰	0	07.怪物掉寶	5000	2723	6002723	6100000	6200000	4011058	3ditem_a_001	1	30	128	0	00.無	0		00.無	0	00.無	0				72400	3620	230	0	0	0	0	0	
	2724	4000	1	1	1	1	0	1.可以交易；1.被PK會掉	1	1	冰寒連身甲	30	8.花榮	03.褲子 - 花榮	03.灰	0	07.怪物掉寶	5000	2724	6002724	6100000	6200000	4011059	3ditem_a_001	1	30	128	0	00.無	0		00.無	0	00.無	0				64400	3220	231	0	0	0	0	0	
	2725	4000	1	1	1	1	0	1.可以交易；1.被PK會掉	1	1	冰寒弓箭	30	8.花榮	04.武器 - 花榮	03.灰	0	07.怪物掉寶	5000	2725	6002725	6100000	6200000	4011060	3ditem_a_001	1	30	128	0	00.無	0		00.無	0	00.無	0				120700	6035	232	0	0	0	0	0	
	2726	4000	1	1	1	1	0	1.可以交易；1.被PK會掉	1	1	攀岩帽	30	8.花榮	01.帽子 - 花榮	04.白	1	03.商店購買	5000	2726	6002726	6100000	6200000	4011061	3ditem_a_001	1	30	128	0	00.無	0		00.無	0	00.無	0				56300	5630	229	0	0	0	0	0	
	2727	4000	1	1	1	1	0	1.可以交易；1.被PK會掉	1	1	攀岩面甲	30	8.花榮	02.上衣 - 花榮	04.白	1	03.商店購買	5000	2727	6002727	6100000	6200000	4011062	3ditem_a_001	1	30	128	0	00.無	0		00.無	0	00.無	0				72400	7240	230	0	0	0	0	0	
	2728	4000	1	1	1	1	0	1.可以交易；1.被PK會掉	1	1	攀岩連身甲	30	8.花榮	03.褲子 - 花榮	04.白	1	03.商店購買	5000	2728	6002728	6100000	6200000	4011063	3ditem_a_001	1	30	128	0	00.無	0		00.無	0	00.無	0				64400	6440	231	0	0	0	0	0	
	2729	4000	1	1	1	1	0	1.可以交易；1.被PK會掉	1	1	攀岩弓箭	30	8.花榮	04.武器 - 花榮	04.白	1	03.商店購買	5000	2729	6002729	6100000	6200000	4011064	3ditem_a_001	1	30	128	0	00.無	0		00.無	0	00.無	0				120700	12070	232	0	0	0	0	0	
	2730	4000	1	1	1	1	1	1.可以交易；0.被PK不掉	1	0	高地帽	30	8.花榮	01.帽子 - 花榮	05.綠	2	07.怪物掉寶	5000	2730	6002730	6100000	6200000	4011065	3ditem_a_001	1	30	128	0	00.無	0		00.無	0	00.無	0				56300	2815	229	0	0	0	0	0	
	2731	4000	1	1	1	1	1	1.可以交易；0.被PK不掉	1	0	高地面甲	30	8.花榮	02.上衣 - 花榮	05.綠	2	07.怪物掉寶	5000	2731	6002731	6100000	6200000	4011066	3ditem_a_001	1	30	128	0	00.無	0		00.無	0	00.無	0				72400	3620	230	0	0	0	0	0	
	2732	4000	1	1	1	1	1	1.可以交易；0.被PK不掉	1	0	高地連身甲	30	8.花榮	03.褲子 - 花榮	05.綠	2	07.怪物掉寶	5000	2732	6002732	6100000	6200000	4011067	3ditem_a_001	1	30	128	0	00.無	0		00.無	0	00.無	0				64400	3220	231	0	0	0	0	0	
	2733	4000	1	1	1	1	1	1.可以交易；0.被PK不掉	1	0	高地弓箭	30	8.花榮	04.武器 - 花榮	05.綠	2	07.怪物掉寶	5000	2733	6002733	6100000	6200000	4011068	3ditem_a_001	1	30	128	0	00.無	0		00.無	0	00.無	0				120700	6035	232	0	0	0	0	0	
	2734	4000	1	1	1	1	1	1.可以交易；0.被PK不掉	1	0	雪山帽	30	8.花榮	01.帽子 - 花榮	06.藍	3	12.收集品交換	5000	2734	6002734	6100000	6200000	4011069	3ditem_a_001	1	30	128	0	00.無	0		00.無	0	00.無	0				56300	2815	229	0	0	0	0	0	
	2735	4000	1	1	1	1	1	1.可以交易；0.被PK不掉	1	0	雪山面甲	30	8.花榮	02.上衣 - 花榮	06.藍	3	12.收集品交換	5000	2735	6002735	6100000	6200000	4011070	3ditem_a_001	1	30	128	0	00.無	0		00.無	0	00.無	0				72400	3620	230	0	0	0	0	0	
	2736	4000	1	1	1	1	1	1.可以交易；0.被PK不掉	1	0	雪山連身甲	30	8.花榮	03.褲子 - 花榮	06.藍	3	12.收集品交換	5000	2736	6002736	6100000	6200000	4011071	3ditem_a_001	1	30	128	0	00.無	0		00.無	0	00.無	0				64400	3220	231	0	0	0	0	0	
	2737	4000	1	1	1	1	1	1.可以交易；0.被PK不掉	1	0	雪山弓箭	30	8.花榮	04.武器 - 花榮	06.藍	3	12.收集品交換	5000	2737	6002737	6100000	6200000	4011072	3ditem_a_001	1	30	128	0	00.無	0		00.無	0	00.無	0				120700	6035	232	0	0	0	0	0	
	2738	4000	1	1	1	1	0	1.可以交易；1.被PK會掉	1	1	斑虎帽	35	8.花榮	01.帽子 - 花榮	03.灰	0	07.怪物掉寶	5000	2738	6002738	6100000	6200000	4011073	3ditem_a_001	1	35	128	0	00.無	0		00.無	0	00.無	0				114700	5735	229	0	0	0	0	0	
	2739	4000	1	1	1	1	0	1.可以交易；1.被PK會掉	1	1	斑虎面甲	35	8.花榮	02.上衣 - 花榮	03.灰	0	07.怪物掉寶	5000	2739	6002739	6100000	6200000	4011074	3ditem_a_001	1	35	128	0	00.無	0		00.無	0	00.無	0				147400	7370	230	0	0	0	0	0	
	2740	4000	1	1	1	1	0	1.可以交易；1.被PK會掉	1	1	斑虎連身甲	35	8.花榮	03.褲子 - 花榮	03.灰	0	07.怪物掉寶	5000	2740	6002740	6100000	6200000	4011075	3ditem_a_001	1	35	128	0	00.無	0		00.無	0	00.無	0				131000	6550	231	0	0	0	0	0	
	2741	4000	1	1	1	1	0	1.可以交易；1.被PK會掉	1	1	斑虎弓箭	35	8.花榮	04.武器 - 花榮	03.灰	0	07.怪物掉寶	5000	2741	6002741	6100000	6200000	4011076	3ditem_a_001	1	35	128	0	00.無	0		00.無	0	00.無	0				245700	12285	232	0	0	0	0	0	
	2742	4000	1	1	1	1	0	1.可以交易；1.被PK會掉	1	1	鬥虎帽	35	8.花榮	01.帽子 - 花榮	04.白	1	03.商店購買	5000	2742	6002742	6100000	6200000	4011077	3ditem_a_001	1	35	128	0	00.無	0		00.無	0	00.無	0				114700	11470	229	0	0	0	0	0	
	2743	4000	1	1	1	1	0	1.可以交易；1.被PK會掉	1	1	鬥虎面甲	35	8.花榮	02.上衣 - 花榮	04.白	1	03.商店購買	5000	2743	6002743	6100000	6200000	4011078	3ditem_a_001	1	35	128	0	00.無	0		00.無	0	00.無	0				147400	14740	230	0	0	0	0	0	
	2744	4000	1	1	1	1	0	1.可以交易；1.被PK會掉	1	1	鬥虎連身甲	35	8.花榮	03.褲子 - 花榮	04.白	1	03.商店購買	5000	2744	6002744	6100000	6200000	4011079	3ditem_a_001	1	35	128	0	00.無	0		00.無	0	00.無	0				131000	13100	231	0	0	0	0	0	
	2745	4000	1	1	1	1	0	1.可以交易；1.被PK會掉	1	1	鬥虎弓箭	35	8.花榮	04.武器 - 花榮	04.白	1	03.商店購買	5000	2745	6002745	6100000	6200000	4011080	3ditem_a_001	1	35	128	0	00.無	0		00.無	0	00.無	0				245700	24570	232	0	0	0	0	0	
	2746	4000	1	1	1	1	1	1.可以交易；0.被PK不掉	1	0	悍虎帽	35	8.花榮	01.帽子 - 花榮	05.綠	2	07.怪物掉寶	5000	2746	6002746	6100000	6200000	4011081	3ditem_a_001	1	35	128	0	00.無	0		00.無	0	00.無	0				114700	5735	229	0	0	0	0	0	
	2747	4000	1	1	1	1	1	1.可以交易；0.被PK不掉	1	0	悍虎面甲	35	8.花榮	02.上衣 - 花榮	05.綠	2	07.怪物掉寶	5000	2747	6002747	6100000	6200000	4011082	3ditem_a_001	1	35	128	0	00.無	0		00.無	0	00.無	0				147400	7370	230	0	0	0	0	0	
	2748	4000	1	1	1	1	1	1.可以交易；0.被PK不掉	1	0	悍虎連身甲	35	8.花榮	03.褲子 - 花榮	05.綠	2	07.怪物掉寶	5000	2748	6002748	6100000	6200000	4011083	3ditem_a_001	1	35	128	0	00.無	0		00.無	0	00.無	0				131000	6550	231	0	0	0	0	0	
	2749	4000	1	1	1	1	1	1.可以交易；0.被PK不掉	1	0	悍虎弓箭	35	8.花榮	04.武器 - 花榮	05.綠	2	07.怪物掉寶	5000	2749	6002749	6100000	6200000	4011084	3ditem_a_001	1	35	128	0	00.無	0		00.無	0	00.無	0				245700	12285	232	0	0	0	0	0	
	2750	4000	1	1	1	1	1	0.不可交易；0.被PK不掉	0	0	烈虎帽	35	8.花榮	01.帽子 - 花榮	06.藍	3	12.收集品交換	5000	2750	6002750	6100000	6200000	4011085	3ditem_a_001	1	35	128	0	00.無	0		00.無	0	00.無	0				114700	5735	229	0	0	0	0	0	
	2751	4000	1	1	1	1	1	0.不可交易；0.被PK不掉	0	0	烈虎面甲	35	8.花榮	02.上衣 - 花榮	06.藍	3	12.收集品交換	5000	2751	6002751	6100000	6200000	4011086	3ditem_a_001	1	35	128	0	00.無	0		00.無	0	00.無	0				147400	7370	230	0	0	0	0	0	
	2752	4000	1	1	1	1	1	0.不可交易；0.被PK不掉	0	0	烈虎連身甲	35	8.花榮	03.褲子 - 花榮	06.藍	3	12.收集品交換	5000	2752	6002752	6100000	6200000	4011087	3ditem_a_001	1	35	128	0	00.無	0		00.無	0	00.無	0				131000	6550	231	0	0	0	0	0	
	2753	4000	1	1	1	1	1	0.不可交易；0.被PK不掉	0	0	烈虎弓箭	35	8.花榮	04.武器 - 花榮	06.藍	3	12.收集品交換	5000	2753	6002753	6100000	6200000	4011088	3ditem_a_001	1	35	128	0	00.無	0		00.無	0	00.無	0				245700	12285	232	0	0	0	0	0	
	2754	4000	1	1	1	1	0	1.可以交易；1.被PK會掉	1	1	紋虎帽	40	8.花榮	01.帽子 - 花榮	03.灰	0	07.怪物掉寶	5000	2754	6002754	6100000	6200000	4011089	3ditem_a_001	1	40	128	0	00.無	0		00.無	0	00.無	0				211200	10560	229	0	0	0	0	0	
	2755	4000	1	1	1	1	0	1.可以交易；1.被PK會掉	1	1	紋虎面甲	40	8.花榮	02.上衣 - 花榮	03.灰	0	07.怪物掉寶	5000	2755	6002755	6100000	6200000	4011090	3ditem_a_001	1	40	128	0	00.無	0		00.無	0	00.無	0				271500	13575	230	0	0	0	0	0	
	2756	4000	1	1	1	1	0	1.可以交易；1.被PK會掉	1	1	紋虎連身甲	40	8.花榮	03.褲子 - 花榮	03.灰	0	07.怪物掉寶	5000	2756	6002756	6100000	6200000	4011091	3ditem_a_001	1	40	128	0	00.無	0		00.無	0	00.無	0				241300	12065	231	0	0	0	0	0	
	2757	4000	1	1	1	1	0	1.可以交易；1.被PK會掉	1	1	紋虎弓箭	40	8.花榮	04.武器 - 花榮	03.灰	0	07.怪物掉寶	5000	2757	6002757	6100000	6200000	4011092	3ditem_a_001	1	40	128	0	00.無	0		00.無	0	00.無	0				452500	22625	232	0	0	0	0	0	
	2758	4000	1	1	1	1	0	1.可以交易；1.被PK會掉	1	1	幻虎帽	40	8.花榮	01.帽子 - 花榮	04.白	1	03.商店購買	5000	2758	6002758	6100000	6200000	4011093	3ditem_a_001	1	40	128	0	00.無	0		00.無	0	00.無	0				211200	21120	229	0	0	0	0	0	
	2759	4000	1	1	1	1	0	1.可以交易；1.被PK會掉	1	1	幻虎面甲	40	8.花榮	02.上衣 - 花榮	04.白	1	03.商店購買	5000	2759	6002759	6100000	6200000	4011094	3ditem_a_001	1	40	128	0	00.無	0		00.無	0	00.無	0				271500	27150	230	0	0	0	0	0	
	2760	4000	1	1	1	1	0	1.可以交易；1.被PK會掉	1	1	幻虎連身甲	40	8.花榮	03.褲子 - 花榮	04.白	1	03.商店購買	5000	2760	6002760	6100000	6200000	4011095	3ditem_a_001	1	40	128	0	00.無	0		00.無	0	00.無	0				241300	24130	231	0	0	0	0	0	
	2761	4000	1	1	1	1	0	1.可以交易；1.被PK會掉	1	1	幻虎弓箭	40	8.花榮	04.武器 - 花榮	04.白	1	03.商店購買	5000	2761	6002761	6100000	6200000	4011096	3ditem_a_001	1	40	128	0	00.無	0		00.無	0	00.無	0				452500	45250	232	0	0	0	0	0	
	2762	4000	1	1	1	1	1	1.可以交易；0.被PK不掉	1	0	冥虎帽	40	8.花榮	01.帽子 - 花榮	05.綠	2	07.怪物掉寶	5000	2762	6002762	6100000	6200000	4011097	3ditem_a_001	1	40	128	0	00.無	0		00.無	0	00.無	0				211200	10560	229	0	0	0	0	0	
	2763	4000	1	1	1	1	1	1.可以交易；0.被PK不掉	1	0	冥虎面甲	40	8.花榮	02.上衣 - 花榮	05.綠	2	07.怪物掉寶	5000	2763	6002763	6100000	6200000	4011098	3ditem_a_001	1	40	128	0	00.無	0		00.無	0	00.無	0				271500	13575	230	0	0	0	0	0	
	2764	4000	1	1	1	1	1	1.可以交易；0.被PK不掉	1	0	冥虎連身甲	40	8.花榮	03.褲子 - 花榮	05.綠	2	07.怪物掉寶	5000	2764	6002764	6100000	6200000	4011099	3ditem_a_001	1	40	128	0	00.無	0		00.無	0	00.無	0				241300	12065	231	0	0	0	0	0	
	2765	4000	1	1	1	1	1	1.可以交易；0.被PK不掉	1	0	冥虎弓箭	40	8.花榮	04.武器 - 花榮	05.綠	2	07.怪物掉寶	5000	2765	6002765	6100000	6200000	4011100	3ditem_a_001	1	40	128	0	00.無	0		00.無	0	00.無	0				452500	22625	232	0	0	0	0	0	
	2766	4000	1	1	1	1	1	1.可以交易；0.被PK不掉	1	0	靈虎帽	40	8.花榮	01.帽子 - 花榮	06.藍	3	12.收集品交換	5000	2766	6002766	6100000	6200000	4011101	3ditem_a_001	1	40	128	0	00.無	0		00.無	0	00.無	0				211200	10560	229	0	0	0	0	0	
	2767	4000	1	1	1	1	1	1.可以交易；0.被PK不掉	1	0	靈虎面甲	40	8.花榮	02.上衣 - 花榮	06.藍	3	12.收集品交換	5000	2767	6002767	6100000	6200000	4011102	3ditem_a_001	1	40	128	0	00.無	0		00.無	0	00.無	0				271500	13575	230	0	0	0	0	0	
	2768	4000	1	1	1	1	1	1.可以交易；0.被PK不掉	1	0	靈虎連身甲	40	8.花榮	03.褲子 - 花榮	06.藍	3	12.收集品交換	5000	2768	6002768	6100000	6200000	4011103	3ditem_a_001	1	40	128	0	00.無	0		00.無	0	00.無	0				241300	12065	231	0	0	0	0	0	
	2769	4000	1	1	1	1	1	1.可以交易；0.被PK不掉	1	0	靈虎弓箭	40	8.花榮	04.武器 - 花榮	06.藍	3	12.收集品交換	5000	2769	6002769	6100000	6200000	4011104	3ditem_a_001	1	40	128	0	00.無	0		00.無	0	00.無	0				452500	22625	232	0	0	0	0	0	
	2770	4000	1	1	1	1	1	1.可以交易；0.被PK不掉	1	0	溫泉泡澡帽	45	8.花榮	01.帽子 - 花榮	07.紫	4	07.怪物掉寶	5000	2770	6002770	6100000	6200000	4011105	3ditem_a_001	1	45	128	0	00.無	0		00.無	0	00.無	0				363000	18150	229	0	0	0	0	0	
	2771	4000	1	1	1	1	1	1.可以交易；0.被PK不掉	1	0	溫泉泡澡面甲	45	8.花榮	02.上衣 - 花榮	07.紫	4	07.怪物掉寶	5000	2771	6002771	6100000	6200000	4011106	3ditem_a_001	1	45	128	0	00.無	0		00.無	0	00.無	0				467000	23350	230	0	0	0	0	0	
	2772	4000	1	1	1	1	1	1.可以交易；0.被PK不掉	1	0	溫泉泡澡連身甲	45	8.花榮	03.褲子 - 花榮	07.紫	4	07.怪物掉寶	5000	2772	6002772	6100000	6200000	4011107	3ditem_a_001	1	45	128	0	00.無	0		00.無	0	00.無	0				415000	20750	231	0	0	0	0	0	
	2773	4000	1	1	1	1	1	1.可以交易；0.被PK不掉	1	0	溫泉泡澡弓箭	45	8.花榮	04.武器 - 花榮	07.紫	4	07.怪物掉寶	5000	2773	6002773	6100000	6200000	4011108	3ditem_a_001	1	45	128	0	00.無	0		00.無	0	00.無	0				778000	38900	232	0	0	0	0	0	
	2774	4000	1	1	1	1	0	1.可以交易；1.被PK會掉	1	1	戰俘帽	45	8.花榮	01.帽子 - 花榮	03.灰	0	07.怪物掉寶	5000	2774	6002774	6100000	6200000	4011109	3ditem_a_001	1	45	128	0	00.無	0		00.無	0	00.無	0				363000	18150	229	0	0	0	0	0	
	2775	4000	1	1	1	1	0	1.可以交易；1.被PK會掉	1	1	戰俘面甲	45	8.花榮	02.上衣 - 花榮	03.灰	0	07.怪物掉寶	5000	2775	6002775	6100000	6200000	4011110	3ditem_a_001	1	45	128	0	00.無	0		00.無	0	00.無	0				467000	23350	230	0	0	0	0	0	
	2776	4000	1	1	1	1	0	1.可以交易；1.被PK會掉	1	1	戰俘連身甲	45	8.花榮	03.褲子 - 花榮	03.灰	0	07.怪物掉寶	5000	2776	6002776	6100000	6200000	4011111	3ditem_a_001	1	45	128	0	00.無	0		00.無	0	00.無	0				415000	20750	231	0	0	0	0	0	
	2777	4000	1	1	1	1	0	1.可以交易；1.被PK會掉	1	1	戰俘弓箭	45	8.花榮	04.武器 - 花榮	03.灰	0	07.怪物掉寶	5000	2777	6002777	6100000	6200000	4011112	3ditem_a_001	1	45	128	0	00.無	0		00.無	0	00.無	0				778000	38900	232	0	0	0	0	0	
	2778	4000	1	1	1	1	0	1.可以交易；1.被PK會掉	1	1	乞討帽	45	8.花榮	01.帽子 - 花榮	04.白	1	03.商店購買	5000	2778	6002778	6100000	6200000	4011113	3ditem_a_001	1	45	128	0	00.無	0		00.無	0	00.無	0				363000	36300	229	0	0	0	0	0	
	2779	4000	1	1	1	1	0	1.可以交易；1.被PK會掉	1	1	乞討面甲	45	8.花榮	02.上衣 - 花榮	04.白	1	03.商店購買	5000	2779	6002779	6100000	6200000	4011114	3ditem_a_001	1	45	128	0	00.無	0		00.無	0	00.無	0				467000	46700	230	0	0	0	0	0	
	2780	4000	1	1	1	1	0	1.可以交易；1.被PK會掉	1	1	乞討連身甲	45	8.花榮	03.褲子 - 花榮	04.白	1	03.商店購買	5000	2780	6002780	6100000	6200000	4011115	3ditem_a_001	1	45	128	0	00.無	0		00.無	0	00.無	0				415000	41500	231	0	0	0	0	0	
	2781	4000	1	1	1	1	0	1.可以交易；1.被PK會掉	1	1	乞討弓箭	45	8.花榮	04.武器 - 花榮	04.白	1	03.商店購買	5000	2781	6002781	6100000	6200000	4011116	3ditem_a_001	1	45	128	0	00.無	0		00.無	0	00.無	0				778000	77800	232	0	0	0	0	0	
	2782	4000	1	1	1	1	1	1.可以交易；0.被PK不掉	1	0	勸敗帽	45	8.花榮	01.帽子 - 花榮	05.綠	2	07.怪物掉寶	5000	2782	6002782	6100000	6200000	4011117	3ditem_a_001	1	45	128	0	00.無	0		00.無	0	00.無	0				363000	18150	229	0	0	0	0	0	
	2783	4000	1	1	1	1	1	1.可以交易；0.被PK不掉	1	0	勸敗面甲	45	8.花榮	02.上衣 - 花榮	05.綠	2	07.怪物掉寶	5000	2783	6002783	6100000	6200000	4011118	3ditem_a_001	1	45	128	0	00.無	0		00.無	0	00.無	0				467000	23350	230	0	0	0	0	0	
	2784	4000	1	1	1	1	1	1.可以交易；0.被PK不掉	1	0	勸敗連身甲	45	8.花榮	03.褲子 - 花榮	05.綠	2	07.怪物掉寶	5000	2784	6002784	6100000	6200000	4011119	3ditem_a_001	1	45	128	0	00.無	0		00.無	0	00.無	0				415000	20750	231	0	0	0	0	0	
	2785	4000	1	1	1	1	1	1.可以交易；0.被PK不掉	1	0	勸敗弓箭	45	8.花榮	04.武器 - 花榮	05.綠	2	07.怪物掉寶	5000	2785	6002785	6100000	6200000	4011120	3ditem_a_001	1	45	128	0	00.無	0		00.無	0	00.無	0				778000	38900	232	0	0	0	0	0	
	2786	4000	1	1	1	1	1	0.不可交易；0.被PK不掉	0	0	返光帽	45	8.花榮	01.帽子 - 花榮	06.藍	3	12.收集品交換	5000	2786	6002786	6100000	6200000	4011121	3ditem_a_001	1	45	128	0	00.無	0		00.無	0	00.無	0				363000	18150	229	0	0	0	0	0	
	2787	4000	1	1	1	1	1	0.不可交易；0.被PK不掉	0	0	返光面甲	45	8.花榮	02.上衣 - 花榮	06.藍	3	12.收集品交換	5000	2787	6002787	6100000	6200000	4011122	3ditem_a_001	1	45	128	0	00.無	0		00.無	0	00.無	0				467000	23350	230	0	0	0	0	0	
	2788	4000	1	1	1	1	1	0.不可交易；0.被PK不掉	0	0	返光討連身甲	45	8.花榮	03.褲子 - 花榮	06.藍	3	12.收集品交換	5000	2788	6002788	6100000	6200000	4011123	3ditem_a_001	1	45	128	0	00.無	0		00.無	0	00.無	0				415000	20750	231	0	0	0	0	0	
	2789	4000	1	1	1	1	1	0.不可交易；0.被PK不掉	0	0	返光弓箭	45	8.花榮	04.武器 - 花榮	06.藍	3	12.收集品交換	5000	2789	6002789	6100000	6200000	4011124	3ditem_a_001	1	45	128	0	00.無	0		00.無	0	00.無	0				778000	38900	232	0	0	0	0	0	
	2790	4000	1	1	1	1	0	1.可以交易；1.被PK會掉	1	1	虛無帽	50	8.花榮	01.帽子 - 花榮	03.灰	0	07.怪物掉寶	5000	2790	6002790	6100000	6200000	4011125	3ditem_a_001	1	50	128	0	00.無	0		00.無	0	00.無	0				592000	29600	229	0	0	0	0	0	
	2791	4000	1	1	1	1	0	1.可以交易；1.被PK會掉	1	1	虛無面甲	50	8.花榮	02.上衣 - 花榮	03.灰	0	07.怪物掉寶	5000	2791	6002791	6100000	6200000	4011126	3ditem_a_001	1	50	128	0	00.無	0		00.無	0	00.無	0				762000	38100	230	0	0	0	0	0	
	2792	4000	1	1	1	1	0	1.可以交易；1.被PK會掉	1	1	虛無連身甲	50	8.花榮	03.褲子 - 花榮	03.灰	0	07.怪物掉寶	5000	2792	6002792	6100000	6200000	4011127	3ditem_a_001	1	50	128	0	00.無	0		00.無	0	00.無	0				677000	33850	231	0	0	0	0	0	
	2793	4000	1	1	1	1	0	1.可以交易；1.被PK會掉	1	1	虛無弓箭	50	8.花榮	04.武器 - 花榮	03.灰	0	07.怪物掉寶	5000	2793	6002793	6100000	6200000	4011128	3ditem_a_001	1	50	128	0	00.無	0		00.無	0	00.無	0				1269000	63450	232	0	0	0	0	0	
	2794	4000	1	1	1	1	0	1.可以交易；1.被PK會掉	1	1	靜默帽	50	8.花榮	01.帽子 - 花榮	04.白	1	03.商店購買	5000	2794	6002794	6100000	6200000	4011129	3ditem_a_001	1	50	128	0	00.無	0		00.無	0	00.無	0				592000	59200	229	0	0	0	0	0	
	2795	4000	1	1	1	1	0	1.可以交易；1.被PK會掉	1	1	靜默面甲	50	8.花榮	02.上衣 - 花榮	04.白	1	03.商店購買	5000	2795	6002795	6100000	6200000	4011130	3ditem_a_001	1	50	128	0	00.無	0		00.無	0	00.無	0				762000	76200	230	0	0	0	0	0	
	2796	4000	1	1	1	1	0	1.可以交易；1.被PK會掉	1	1	靜默連身甲	50	8.花榮	03.褲子 - 花榮	04.白	1	03.商店購買	5000	2796	6002796	6100000	6200000	4011131	3ditem_a_001	1	50	128	0	00.無	0		00.無	0	00.無	0				677000	67700	231	0	0	0	0	0	
	2797	4000	1	1	1	1	0	1.可以交易；1.被PK會掉	1	1	靜默弓箭	50	8.花榮	04.武器 - 花榮	04.白	1	03.商店購買	5000	2797	6002797	6100000	6200000	4011132	3ditem_a_001	1	50	128	0	00.無	0		00.無	0	00.無	0				1269000	126900	232	0	0	0	0	0	
	2798	4000	1	1	1	1	1	1.可以交易；0.被PK不掉	1	0	災厄帽	50	8.花榮	01.帽子 - 花榮	05.綠	2	07.怪物掉寶	5000	2798	6002798	6100000	6200000	4011133	3ditem_a_001	1	50	128	0	00.無	0		00.無	0	00.無	0				592000	29600	229	0	0	0	0	0	
	2799	4000	1	1	1	1	1	1.可以交易；0.被PK不掉	1	0	災厄面甲	50	8.花榮	02.上衣 - 花榮	05.綠	2	07.怪物掉寶	5000	2799	6002799	6100000	6200000	4011134	3ditem_a_001	1	50	128	0	00.無	0		00.無	0	00.無	0				762000	38100	230	0	0	0	0	0	
	2800	4000	1	1	1	1	1	1.可以交易；0.被PK不掉	1	0	災厄連身甲	50	8.花榮	03.褲子 - 花榮	05.綠	2	07.怪物掉寶	5000	2800	6002800	6100000	6200000	4011135	3ditem_a_001	1	50	128	0	00.無	0		00.無	0	00.無	0				677000	33850	231	0	0	0	0	0	
	2801	4000	1	1	1	1	1	1.可以交易；0.被PK不掉	1	0	災厄弓箭	50	8.花榮	04.武器 - 花榮	05.綠	2	07.怪物掉寶	5000	2801	6002801	6100000	6200000	4011136	3ditem_a_001	1	50	128	0	00.無	0		00.無	0	00.無	0				1269000	63450	232	0	0	0	0	0	
	2802	4000	1	1	1	1	1	1.可以交易；0.被PK不掉	1	0	縛靈帽	50	8.花榮	01.帽子 - 花榮	06.藍	3	12.收集品交換	5000	2802	6002802	6100000	6200000	4011137	3ditem_a_001	1	50	128	0	00.無	0		00.無	0	00.無	0				592000	29600	229	0	0	0	0	0	
	2803	4000	1	1	1	1	1	1.可以交易；0.被PK不掉	1	0	縛靈面甲	50	8.花榮	02.上衣 - 花榮	06.藍	3	12.收集品交換	5000	2803	6002803	6100000	6200000	4011138	3ditem_a_001	1	50	128	0	00.無	0		00.無	0	00.無	0				762000	38100	230	0	0	0	0	0	
	2804	4000	1	1	1	1	1	1.可以交易；0.被PK不掉	1	0	縛靈連身甲	50	8.花榮	03.褲子 - 花榮	06.藍	3	12.收集品交換	5000	2804	6002804	6100000	6200000	4011139	3ditem_a_001	1	50	128	0	00.無	0		00.無	0	00.無	0				677000	33850	231	0	0	0	0	0	
	2805	4000	1	1	1	1	1	1.可以交易；0.被PK不掉	1	0	縛靈弓箭	50	8.花榮	04.武器 - 花榮	06.藍	3	12.收集品交換	5000	2805	6002805	6100000	6200000	4011140	3ditem_a_001	1	50	128	0	00.無	0		00.無	0	00.無	0				1269000	63450	232	0	0	0	0	0	
	2806	4000	1	1	1	1	0	1.可以交易；1.被PK會掉	1	1	導引帽	55	8.花榮	01.帽子 - 花榮	03.灰	0	07.怪物掉寶	5000	2806	6002806	6100000	6200000	4011141	3ditem_a_001	1	55	128	0	00.無	0		00.無	0	00.無	0				929000	46450	229	0	0	0	0	0	
	2807	4000	1	1	1	1	0	1.可以交易；1.被PK會掉	1	1	導引面甲	55	8.花榮	02.上衣 - 花榮	03.灰	0	07.怪物掉寶	5000	2807	6002807	6100000	6200000	4011142	3ditem_a_001	1	55	128	0	00.無	0		00.無	0	00.無	0				1194000	59700	230	0	0	0	0	0	
	2808	4000	1	1	1	1	0	1.可以交易；1.被PK會掉	1	1	導引連身甲	55	8.花榮	03.褲子 - 花榮	03.灰	0	07.怪物掉寶	5000	2808	6002808	6100000	6200000	4011143	3ditem_a_001	1	55	128	0	00.無	0		00.無	0	00.無	0				1061000	53050	231	0	0	0	0	0	
	2809	4000	1	1	1	1	0	1.可以交易；1.被PK會掉	1	1	導引弓箭	55	8.花榮	04.武器 - 花榮	03.灰	0	07.怪物掉寶	5000	2809	6002809	6100000	6200000	4011144	3ditem_a_001	1	55	128	0	00.無	0		00.無	0	00.無	0				1990000	99500	232	0	0	0	0	0	
	2810	4000	1	1	1	1	0	1.可以交易；1.被PK會掉	1	1	凝望帽	55	8.花榮	01.帽子 - 花榮	04.白	1	03.商店購買	5000	2810	6002810	6100000	6200000	4011145	3ditem_a_001	1	55	128	0	00.無	0		00.無	0	00.無	0				929000	92900	229	0	0	0	0	0	
	2811	4000	1	1	1	1	0	1.可以交易；1.被PK會掉	1	1	凝望面甲	55	8.花榮	02.上衣 - 花榮	04.白	1	03.商店購買	5000	2811	6002811	6100000	6200000	4011146	3ditem_a_001	1	55	128	0	00.無	0		00.無	0	00.無	0				1194000	119400	230	0	0	0	0	0	
	2812	4000	1	1	1	1	0	1.可以交易；1.被PK會掉	1	1	凝望連身甲	55	8.花榮	03.褲子 - 花榮	04.白	1	03.商店購買	5000	2812	6002812	6100000	6200000	4011147	3ditem_a_001	1	55	128	0	00.無	0		00.無	0	00.無	0				1061000	106100	231	0	0	0	0	0	
	2813	4000	1	1	1	1	0	1.可以交易；1.被PK會掉	1	1	凝望弓箭	55	8.花榮	04.武器 - 花榮	04.白	1	03.商店購買	5000	2813	6002813	6100000	6200000	4011148	3ditem_a_001	1	55	128	0	00.無	0		00.無	0	00.無	0				1990000	199000	232	0	0	0	0	0	
	2814	4000	1	1	1	1	1	1.可以交易；0.被PK不掉	1	0	吟遊帽	55	8.花榮	01.帽子 - 花榮	05.綠	2	07.怪物掉寶	5000	2814	6002814	6100000	6200000	4011149	3ditem_a_001	1	55	128	0	00.無	0		00.無	0	00.無	0				929000	46450	229	0	0	0	0	0	
	2815	4000	1	1	1	1	1	1.可以交易；0.被PK不掉	1	0	吟遊面甲	55	8.花榮	02.上衣 - 花榮	05.綠	2	07.怪物掉寶	5000	2815	6002815	6100000	6200000	4011150	3ditem_a_001	1	55	128	0	00.無	0		00.無	0	00.無	0				1194000	59700	230	0	0	0	0	0	
	2816	4000	1	1	1	1	1	1.可以交易；0.被PK不掉	1	0	吟遊連身甲	55	8.花榮	03.褲子 - 花榮	05.綠	2	07.怪物掉寶	5000	2816	6002816	6100000	6200000	4011151	3ditem_a_001	1	55	128	0	00.無	0		00.無	0	00.無	0				1061000	53050	231	0	0	0	0	0	
	2817	4000	1	1	1	1	1	1.可以交易；0.被PK不掉	1	0	吟遊弓箭	55	8.花榮	04.武器 - 花榮	05.綠	2	07.怪物掉寶	5000	2817	6002817	6100000	6200000	4011152	3ditem_a_001	1	55	128	0	00.無	0		00.無	0	00.無	0				1990000	99500	232	0	0	0	0	0	
	2818	4000	1	1	1	1	1	0.不可交易；0.被PK不掉	0	0	祈禱帽	55	8.花榮	01.帽子 - 花榮	06.藍	3	12.收集品交換	5000	2818	6002818	6100000	6200000	4011153	3ditem_a_001	1	55	128	0	00.無	0		00.無	0	00.無	0				929000	46450	229	0	0	0	0	0	
	2819	4000	1	1	1	1	1	0.不可交易；0.被PK不掉	0	0	祈禱面甲	55	8.花榮	02.上衣 - 花榮	06.藍	3	12.收集品交換	5000	2819	6002819	6100000	6200000	4011154	3ditem_a_001	1	55	128	0	00.無	0		00.無	0	00.無	0				1194000	59700	230	0	0	0	0	0	
	2820	4000	1	1	1	1	1	0.不可交易；0.被PK不掉	0	0	祈禱連身甲	55	8.花榮	03.褲子 - 花榮	06.藍	3	12.收集品交換	5000	2820	6002820	6100000	6200000	4011155	3ditem_a_001	1	55	128	0	00.無	0		00.無	0	00.無	0				1061000	53050	231	0	0	0	0	0	
	2821	4000	1	1	1	1	1	0.不可交易；0.被PK不掉	0	0	祈禱弓箭	55	8.花榮	04.武器 - 花榮	06.藍	3	12.收集品交換	5000	2821	6002821	6100000	6200000	4011156	3ditem_a_001	1	55	128	0	00.無	0		00.無	0	00.無	0				1990000	99500	232	0	0	0	0	0	
	2822	4000	1	1	1	1	0	1.可以交易；1.被PK會掉	1	1	狂氣法帽	60	8.花榮	01.帽子 - 花榮	03.灰	0	07.怪物掉寶	5000	2822	6002822	6100000	6200000	4011157	3ditem_a_001	1	60	128	0	00.無	0		00.無	0	00.無	0				1407000	70350	229	0	0	0	0	0	
	2823	4000	1	1	1	1	0	1.可以交易；1.被PK會掉	1	1	狂氣面甲	60	8.花榮	02.上衣 - 花榮	03.灰	0	07.怪物掉寶	5000	2823	6002823	6100000	6200000	4011158	3ditem_a_001	1	60	128	0	00.無	0		00.無	0	00.無	0				1809000	90450	230	0	0	0	0	0	
	2824	4000	1	1	1	1	0	1.可以交易；1.被PK會掉	1	1	狂氣連身甲	60	8.花榮	03.褲子 - 花榮	03.灰	0	07.怪物掉寶	5000	2824	6002824	6100000	6200000	4011159	3ditem_a_001	1	60	128	0	00.無	0		00.無	0	00.無	0				1608000	80400	231	0	0	0	0	0	
	2825	4000	1	1	1	1	0	1.可以交易；1.被PK會掉	1	1	狂氣弓箭	60	8.花榮	04.武器 - 花榮	03.灰	0	07.怪物掉寶	5000	2825	6002825	6100000	6200000	4011160	3ditem_a_001	1	60	128	0	00.無	0		00.無	0	00.無	0				3015000	150750	232	0	0	0	0	0	
	2826	4000	1	1	1	1	0	1.可以交易；1.被PK會掉	1	1	秘術法帽	60	8.花榮	01.帽子 - 花榮	04.白	1	03.商店購買	5000	2826	6002826	6100000	6200000	4011161	3ditem_a_001	1	60	128	0	00.無	0		00.無	0	00.無	0				1407000	140700	229	0	0	0	0	0	
	2827	4000	1	1	1	1	0	1.可以交易；1.被PK會掉	1	1	秘術面甲	60	8.花榮	02.上衣 - 花榮	04.白	1	03.商店購買	5000	2827	6002827	6100000	6200000	4011162	3ditem_a_001	1	60	128	0	00.無	0		00.無	0	00.無	0				1809000	180900	230	0	0	0	0	0	
	2828	4000	1	1	1	1	0	1.可以交易；1.被PK會掉	1	1	秘術連身甲	60	8.花榮	03.褲子 - 花榮	04.白	1	03.商店購買	5000	2828	6002828	6100000	6200000	4011163	3ditem_a_001	1	60	128	0	00.無	0		00.無	0	00.無	0				1608000	160800	231	0	0	0	0	0	
	2829	4000	1	1	1	1	0	1.可以交易；1.被PK會掉	1	1	秘術神弓箭	60	8.花榮	04.武器 - 花榮	04.白	1	03.商店購買	5000	2829	6002829	6100000	6200000	4011164	3ditem_a_001	1	60	128	0	00.無	0		00.無	0	00.無	0				3015000	301500	232	0	0	0	0	0	
	2830	4000	1	1	1	1	1	1.可以交易；0.被PK不掉	1	0	異象帽	60	8.花榮	01.帽子 - 花榮	05.綠	2	07.怪物掉寶	5000	2830	6002830	6100000	6200000	4011165	3ditem_a_001	1	60	128	0	00.無	0		00.無	0	00.無	0				1407000	70350	229	0	0	0	0	0	
	2831	4000	1	1	1	1	1	1.可以交易；0.被PK不掉	1	0	異象面甲	60	8.花榮	02.上衣 - 花榮	05.綠	2	07.怪物掉寶	5000	2831	6002831	6100000	6200000	4011166	3ditem_a_001	1	60	128	0	00.無	0		00.無	0	00.無	0				1809000	90450	230	0	0	0	0	0	
	2832	4000	1	1	1	1	1	1.可以交易；0.被PK不掉	1	0	異象連身甲	60	8.花榮	03.褲子 - 花榮	05.綠	2	07.怪物掉寶	5000	2832	6002832	6100000	6200000	4011167	3ditem_a_001	1	60	128	0	00.無	0		00.無	0	00.無	0				1608000	80400	231	0	0	0	0	0	
	2833	4000	1	1	1	1	1	1.可以交易；0.被PK不掉	1	0	異象弓箭	60	8.花榮	04.武器 - 花榮	05.綠	2	07.怪物掉寶	5000	2833	6002833	6100000	6200000	4011168	3ditem_a_001	1	60	128	0	00.無	0		00.無	0	00.無	0				3015000	150750	232	0	0	0	0	0	
	2834	4000	1	1	1	1	1	1.可以交易；0.被PK不掉	1	0	聖戰帽	60	8.花榮	01.帽子 - 花榮	06.藍	3	12.收集品交換	5000	2834	6002834	6100000	6200000	4011169	3ditem_a_001	1	60	128	0	00.無	0		00.無	0	00.無	0				1407000	70350	229	0	0	0	0	0	
	2835	4000	1	1	1	1	1	1.可以交易；0.被PK不掉	1	0	聖戰面甲	60	8.花榮	02.上衣 - 花榮	06.藍	3	12.收集品交換	5000	2835	6002835	6100000	6200000	4011170	3ditem_a_001	1	60	128	0	00.無	0		00.無	0	00.無	0				1809000	90450	230	0	0	0	0	0	
	2836	4000	1	1	1	1	1	1.可以交易；0.被PK不掉	1	0	聖戰連身甲	60	8.花榮	03.褲子 - 花榮	06.藍	3	12.收集品交換	5000	2836	6002836	6100000	6200000	4011171	3ditem_a_001	1	60	128	0	00.無	0		00.無	0	00.無	0				1608000	80400	231	0	0	0	0	0	
	2837	4000	1	1	1	1	1	1.可以交易；0.被PK不掉	1	0	聖戰弓箭	60	8.花榮	04.武器 - 花榮	06.藍	3	12.收集品交換	5000	2837	6002837	6100000	6200000	4011172	3ditem_a_001	1	60	128	0	00.無	0		00.無	0	00.無	0				3015000	150750	232	0	0	0	0	0	
	2838	4000	1	1	1	1	1	1.可以交易；0.被PK不掉	1	0	鐵燕帽	55	8.花榮	01.帽子 - 花榮	07.紫	4	07.怪物掉寶	5000	2838	6002838	6100000	6200000	4011173	3ditem_a_001	1	55	128	0	00.無	0		00.無	0	00.無	0				929000	46450	229	0	0	0	0	0	
	2839	4000	1	1	1	1	1	1.可以交易；0.被PK不掉	1	0	鐵燕面甲	55	8.花榮	02.上衣 - 花榮	07.紫	4	07.怪物掉寶	5000	2839	6002839	6100000	6200000	4011174	3ditem_a_001	1	55	128	0	00.無	0		00.無	0	00.無	0				1194000	59700	230	0	0	0	0	0	
	2840	4000	1	1	1	1	1	1.可以交易；0.被PK不掉	1	0	鐵燕連身甲	55	8.花榮	03.褲子 - 花榮	07.紫	4	07.怪物掉寶	5000	2840	6002840	6100000	6200000	4011175	3ditem_a_001	1	55	128	0	00.無	0		00.無	0	00.無	0				1061000	53050	231	0	0	0	0	0	
	2841	4000	1	1	1	1	1	1.可以交易；0.被PK不掉	1	0	鐵燕弓箭	55	8.花榮	04.武器 - 花榮	07.紫	4	07.怪物掉寶	5000	2841	6002841	6100000	6200000	4011176	3ditem_a_001	1	55	128	0	00.無	0		00.無	0	00.無	0				1990000	99500	232	0	0	0	0	0	
#	2842	4000	0	1	1	1	0	1.可以交易；1.被PK會掉	1	1	褐紋帽	65	8.花榮	01.帽子 - 花榮	03.灰	0	07.怪物掉寶	5000	2842	6002842	6100000	6200000	4011177	3ditem_a_001	1	65	128	0	00.無	0		00.無	0	00.無	0				2090000	104500	229	0	0	0	0	0	
#	2843	4000	0	1	1	1	0	1.可以交易；1.被PK會掉	1	1	褐紋面甲	65	8.花榮	02.上衣 - 花榮	03.灰	0	07.怪物掉寶	5000	2843	6002843	6100000	6200000	4011178	3ditem_a_001	1	65	128	0	00.無	0		00.無	0	00.無	0				2680000	134000	230	0	0	0	0	0	
#	2844	4000	0	1	1	1	0	1.可以交易；1.被PK會掉	1	1	褐紋連身甲	65	8.花榮	03.褲子 - 花榮	03.灰	0	07.怪物掉寶	5000	2844	6002844	6100000	6200000	4011179	3ditem_a_001	1	65	128	0	00.無	0		00.無	0	00.無	0				2390000	119500	231	0	0	0	0	0	
#	2845	4000	0	1	1	1	0	1.可以交易；1.被PK會掉	1	1	褐紋弓箭	65	8.花榮	04.武器 - 花榮	03.灰	0	07.怪物掉寶	5000	2845	6002845	6100000	6200000	4011180	3ditem_a_001	1	65	128	0	00.無	0		00.無	0	00.無	0				4470000	223500	232	0	0	0	0	0	
#	2846	4000	0	1	1	1	0	1.可以交易；1.被PK會掉	1	1	亞麻皮帽	65	8.花榮	01.帽子 - 花榮	04.白	1	03.商店購買	5000	2846	6002846	6100000	6200000	4011181	3ditem_a_001	1	65	128	0	00.無	0		00.無	0	00.無	0				2090000	209000	229	0	0	0	0	0	
#	2847	4000	0	1	1	1	0	1.可以交易；1.被PK會掉	1	1	亞麻面甲	65	8.花榮	02.上衣 - 花榮	04.白	1	03.商店購買	5000	2847	6002847	6100000	6200000	4011182	3ditem_a_001	1	65	128	0	00.無	0		00.無	0	00.無	0				2680000	268000	230	0	0	0	0	0	
#	2848	4000	0	1	1	1	0	1.可以交易；1.被PK會掉	1	1	亞麻連身甲	65	8.花榮	03.褲子 - 花榮	04.白	1	03.商店購買	5000	2848	6002848	6100000	6200000	4011183	3ditem_a_001	1	65	128	0	00.無	0		00.無	0	00.無	0				2390000	239000	231	0	0	0	0	0	
#	2849	4000	0	1	1	1	0	1.可以交易；1.被PK會掉	1	1	亞麻弓箭	65	8.花榮	04.武器 - 花榮	04.白	1	03.商店購買	5000	2849	6002849	6100000	6200000	4011184	3ditem_a_001	1	65	128	0	00.無	0		00.無	0	00.無	0				4470000	447000	232	0	0	0	0	0	
#	2850	4000	0	1	1	1	1	1.可以交易；0.被PK不掉	1	0	捍衛皮帽	65	8.花榮	01.帽子 - 花榮	05.綠	2	07.怪物掉寶	5000	2850	6002850	6100000	6200000	4011185	3ditem_a_001	1	65	128	0	00.無	0		00.無	0	00.無	0				2090000	104500	229	0	0	0	0	0	
#	2851	4000	0	1	1	1	1	1.可以交易；0.被PK不掉	1	0	捍衛面甲	65	8.花榮	02.上衣 - 花榮	05.綠	2	07.怪物掉寶	5000	2851	6002851	6100000	6200000	4011186	3ditem_a_001	1	65	128	0	00.無	0		00.無	0	00.無	0				2680000	134000	230	0	0	0	0	0	
#	2852	4000	0	1	1	1	1	1.可以交易；0.被PK不掉	1	0	捍衛連身甲	65	8.花榮	03.褲子 - 花榮	05.綠	2	07.怪物掉寶	5000	2852	6002852	6100000	6200000	4011187	3ditem_a_001	1	65	128	0	00.無	0		00.無	0	00.無	0				2390000	119500	231	0	0	0	0	0	
#	2853	4000	0	1	1	1	1	1.可以交易；0.被PK不掉	1	0	捍衛弓箭	65	8.花榮	04.武器 - 花榮	05.綠	2	07.怪物掉寶	5000	2853	6002853	6100000	6200000	4011188	3ditem_a_001	1	65	128	0	00.無	0		00.無	0	00.無	0				4470000	223500	232	0	0	0	0	0	
#	2854	4000	0	1	1	1	1	1.可以交易；0.被PK不掉	1	0	戰國皮帽	65	8.花榮	01.帽子 - 花榮	06.藍	3	12.收集品交換	5000	2854	6002854	6100000	6200000	4011189	3ditem_a_001	1	65	128	0	00.無	0		00.無	0	00.無	0				2090000	104500	229	0	0	0	0	0	
#	2855	4000	0	1	1	1	1	1.可以交易；0.被PK不掉	1	0	戰國面甲	65	8.花榮	02.上衣 - 花榮	06.藍	3	12.收集品交換	5000	2855	6002855	6100000	6200000	4011190	3ditem_a_001	1	65	128	0	00.無	0		00.無	0	00.無	0				2680000	134000	230	0	0	0	0	0	
#	2856	4000	0	1	1	1	1	1.可以交易；0.被PK不掉	1	0	戰國連身甲	65	8.花榮	03.褲子 - 花榮	06.藍	3	12.收集品交換	5000	2856	6002856	6100000	6200000	4011191	3ditem_a_001	1	65	128	0	00.無	0		00.無	0	00.無	0				2390000	119500	231	0	0	0	0	0	
#	2857	4000	0	1	1	1	1	1.可以交易；0.被PK不掉	1	0	戰國弓箭	65	8.花榮	04.武器 - 花榮	06.藍	3	12.收集品交換	5000	2857	6002857	6100000	6200000	4011192	3ditem_a_001	1	65	128	0	00.無	0		00.無	0	00.無	0				4470000	223500	232	0	0	0	0	0	
#	2858	4000	0	1	1	1	0	1.可以交易；1.被PK會掉	1	1	羈絆布帽	70	8.花榮	01.帽子 - 花榮	03.灰	0	07.怪物掉寶	5000	2858	6002858	6100000	6200000	4011193	3ditem_a_001	1	70	128	0	00.無	0		00.無	0	00.無	0				2380000	119000	229	0	0	0	0	0	
#	2859	4000	0	1	1	1	0	1.可以交易；1.被PK會掉	1	1	羈絆面甲	70	8.花榮	02.上衣 - 花榮	03.灰	0	07.怪物掉寶	5000	2859	6002859	6100000	6200000	4011194	3ditem_a_001	1	70	128	0	00.無	0		00.無	0	00.無	0				3060000	153000	230	0	0	0	0	0	
#	2860	4000	0	1	1	1	0	1.可以交易；1.被PK會掉	1	1	羈絆連身甲	70	8.花榮	03.褲子 - 花榮	03.灰	0	07.怪物掉寶	5000	2860	6002860	6100000	6200000	4011195	3ditem_a_001	1	70	128	0	00.無	0		00.無	0	00.無	0				2720000	136000	231	0	0	0	0	0	
#	2861	4000	0	1	1	1	0	1.可以交易；1.被PK會掉	1	1	羈絆弓箭	70	8.花榮	04.武器 - 花榮	03.灰	0	07.怪物掉寶	5000	2861	6002861	6100000	6200000	4011196	3ditem_a_001	1	70	128	0	00.無	0		00.無	0	00.無	0				5090000	254500	232	0	0	0	0	0	
#	2862	4000	0	1	1	1	0	1.可以交易；1.被PK會掉	1	1	枷鎖布帽	70	8.花榮	01.帽子 - 花榮	04.白	1	03.商店購買	5000	2862	6002862	6100000	6200000	4011197	3ditem_a_001	1	70	128	0	00.無	0		00.無	0	00.無	0				2380000	238000	229	0	0	0	0	0	
#	2863	4000	0	1	1	1	0	1.可以交易；1.被PK會掉	1	1	枷鎖面甲	70	8.花榮	02.上衣 - 花榮	04.白	1	03.商店購買	5000	2863	6002863	6100000	6200000	4011198	3ditem_a_001	1	70	128	0	00.無	0		00.無	0	00.無	0				3060000	306000	230	0	0	0	0	0	
#	2864	4000	0	1	1	1	0	1.可以交易；1.被PK會掉	1	1	枷鎖連身甲	70	8.花榮	03.褲子 - 花榮	04.白	1	03.商店購買	5000	2864	6002864	6100000	6200000	4011199	3ditem_a_001	1	70	128	0	00.無	0		00.無	0	00.無	0				2720000	272000	231	0	0	0	0	0	
#	2865	4000	0	1	1	1	0	1.可以交易；1.被PK會掉	1	1	枷鎖弓箭	70	8.花榮	04.武器 - 花榮	04.白	1	03.商店購買	5000	2865	6002865	6100000	6200000	4011200	3ditem_a_001	1	70	128	0	00.無	0		00.無	0	00.無	0				5090000	509000	232	0	0	0	0	0	
#	2866	4000	0	1	1	1	1	1.可以交易；0.被PK不掉	1	0	鐵血皮帽	70	8.花榮	01.帽子 - 花榮	05.綠	2	07.怪物掉寶	5000	2866	6002866	6100000	6200000	4011201	3ditem_a_001	1	70	128	0	00.無	0		00.無	0	00.無	0				2380000	119000	229	0	0	0	0	0	
#	2867	4000	0	1	1	1	1	1.可以交易；0.被PK不掉	1	0	鐵血面甲	70	8.花榮	02.上衣 - 花榮	05.綠	2	07.怪物掉寶	5000	2867	6002867	6100000	6200000	4011202	3ditem_a_001	1	70	128	0	00.無	0		00.無	0	00.無	0				3060000	153000	230	0	0	0	0	0	
#	2868	4000	0	1	1	1	1	1.可以交易；0.被PK不掉	1	0	鐵血連身甲	70	8.花榮	03.褲子 - 花榮	05.綠	2	07.怪物掉寶	5000	2868	6002868	6100000	6200000	4011203	3ditem_a_001	1	70	128	0	00.無	0		00.無	0	00.無	0				2720000	136000	231	0	0	0	0	0	
#	2869	4000	0	1	1	1	1	1.可以交易；0.被PK不掉	1	0	鐵血弓箭	70	8.花榮	04.武器 - 花榮	05.綠	2	07.怪物掉寶	5000	2869	6002869	6100000	6200000	4011204	3ditem_a_001	1	70	128	0	00.無	0		00.無	0	00.無	0				5090000	254500	232	0	0	0	0	0	
#	2870	4000	0	1	1	1	1	1.可以交易；0.被PK不掉	1	0	破曉戰帽	70	8.花榮	01.帽子 - 花榮	06.藍	3	12.收集品交換	5000	2870	6002870	6100000	6200000	4011205	3ditem_a_001	1	70	128	0	00.無	0		00.無	0	00.無	0				2380000	119000	229	0	0	0	0	0	
#	2871	4000	0	1	1	1	1	1.可以交易；0.被PK不掉	1	0	破曉面甲	70	8.花榮	02.上衣 - 花榮	06.藍	3	12.收集品交換	5000	2871	6002871	6100000	6200000	4011206	3ditem_a_001	1	70	128	0	00.無	0		00.無	0	00.無	0				3060000	153000	230	0	0	0	0	0	
#	2872	4000	0	1	1	1	1	1.可以交易；0.被PK不掉	1	0	破曉連身甲	70	8.花榮	03.褲子 - 花榮	06.藍	3	12.收集品交換	5000	2872	6002872	6100000	6200000	4011207	3ditem_a_001	1	70	128	0	00.無	0		00.無	0	00.無	0				2720000	136000	231	0	0	0	0	0	
#	2873	4000	0	1	1	1	1	1.可以交易；0.被PK不掉	1	0	破曉弓箭	70	8.花榮	04.武器 - 花榮	06.藍	3	12.收集品交換	5000	2873	6002873	6100000	6200000	4011208	3ditem_a_001	1	70	128	0	00.無	0		00.無	0	00.無	0				5090000	254500	232	0	0	0	0	0	
#	2874	4000	0	1	1	1	0	1.可以交易；1.被PK會掉	1	1	勇敢布帽	75	8.花榮	01.帽子 - 花榮	03.灰	0	07.怪物掉寶	5000	2874	6002874	6100000	6200000	4011209	3ditem_a_001	1	75	128	0	00.無	0		00.無	0	00.無	0				1	1	229	0	0	0	0	0	
#	2875	4000	0	1	1	1	0	1.可以交易；1.被PK會掉	1	1	勇敢面甲	75	8.花榮	02.上衣 - 花榮	03.灰	0	07.怪物掉寶	5000	2875	6002875	6100000	6200000	4011210	3ditem_a_001	1	75	128	0	00.無	0		00.無	0	00.無	0				1	1	230	0	0	0	0	0	
#	2876	4000	0	1	1	1	0	1.可以交易；1.被PK會掉	1	1	勇敢連身甲	75	8.花榮	03.褲子 - 花榮	03.灰	0	07.怪物掉寶	5000	2876	6002876	6100000	6200000	4011211	3ditem_a_001	1	75	128	0	00.無	0		00.無	0	00.無	0				1	1	231	0	0	0	0	0	
#	2877	4000	0	1	1	1	0	1.可以交易；1.被PK會掉	1	1	勇敢弓箭	75	8.花榮	04.武器 - 花榮	03.灰	0	07.怪物掉寶	5000	2877	6002877	6100000	6200000	4011212	3ditem_a_001	1	75	128	0	00.無	0		00.無	0	00.無	0				1	1	232	0	0	0	0	0	
#	2878	4000	0	1	1	1	0	1.可以交易；1.被PK會掉	1	1	鍊戰皮帽	75	8.花榮	01.帽子 - 花榮	04.白	1	03.商店購買	5000	2878	6002878	6100000	6200000	4011213	3ditem_a_001	1	75	128	0	00.無	0		00.無	0	00.無	0				1	1	229	0	0	0	0	0	
#	2879	4000	0	1	1	1	0	1.可以交易；1.被PK會掉	1	1	鍊戰面甲	75	8.花榮	02.上衣 - 花榮	04.白	1	03.商店購買	5000	2879	6002879	6100000	6200000	4011214	3ditem_a_001	1	75	128	0	00.無	0		00.無	0	00.無	0				1	1	230	0	0	0	0	0	
#	2880	4000	0	1	1	1	0	1.可以交易；1.被PK會掉	1	1	鍊戰連身甲	75	8.花榮	03.褲子 - 花榮	04.白	1	03.商店購買	5000	2880	6002880	6100000	6200000	4011215	3ditem_a_001	1	75	128	0	00.無	0		00.無	0	00.無	0				1	1	231	0	0	0	0	0	
#	2881	4000	0	1	1	1	0	1.可以交易；1.被PK會掉	1	1	鍊戰弓箭	75	8.花榮	04.武器 - 花榮	04.白	1	03.商店購買	5000	2881	6002881	6100000	6200000	4011216	3ditem_a_001	1	75	128	0	00.無	0		00.無	0	00.無	0				1	1	232	0	0	0	0	0	
#	2882	4000	0	1	1	1	1	1.可以交易；0.被PK不掉	1	0	精武皮帽	75	8.花榮	01.帽子 - 花榮	05.綠	2	07.怪物掉寶	5000	2882	6002882	6100000	6200000	4011217	3ditem_a_001	1	75	128	0	00.無	0		00.無	0	00.無	0				1	1	229	0	0	0	0	0	
#	2883	4000	0	1	1	1	1	1.可以交易；0.被PK不掉	1	0	精武面甲	75	8.花榮	02.上衣 - 花榮	05.綠	2	07.怪物掉寶	5000	2883	6002883	6100000	6200000	4011218	3ditem_a_001	1	75	128	0	00.無	0		00.無	0	00.無	0				1	1	230	0	0	0	0	0	
#	2884	4000	0	1	1	1	1	1.可以交易；0.被PK不掉	1	0	精武連身甲	75	8.花榮	03.褲子 - 花榮	05.綠	2	07.怪物掉寶	5000	2884	6002884	6100000	6200000	4011219	3ditem_a_001	1	75	128	0	00.無	0		00.無	0	00.無	0				1	1	231	0	0	0	0	0	
#	2885	4000	0	1	1	1	1	1.可以交易；0.被PK不掉	1	0	精武弓箭	75	8.花榮	04.武器 - 花榮	05.綠	2	07.怪物掉寶	5000	2885	6002885	6100000	6200000	4011220	3ditem_a_001	1	75	128	0	00.無	0		00.無	0	00.無	0				1	1	232	0	0	0	0	0	
#	2886	4000	0	1	1	1	1	1.可以交易；0.被PK不掉	1	0	梟雄皮帽	75	8.花榮	01.帽子 - 花榮	06.藍	3	12.收集品交換	5000	2886	6002886	6100000	6200000	4011221	3ditem_a_001	1	75	128	0	00.無	0		00.無	0	00.無	0				1	1	229	0	0	0	0	0	
#	2887	4000	0	1	1	1	1	1.可以交易；0.被PK不掉	1	0	梟雄面甲	75	8.花榮	02.上衣 - 花榮	06.藍	3	12.收集品交換	5000	2887	6002887	6100000	6200000	4011222	3ditem_a_001	1	75	128	0	00.無	0		00.無	0	00.無	0				1	1	230	0	0	0	0	0	
#	2888	4000	0	1	1	1	1	1.可以交易；0.被PK不掉	1	0	梟雄連身甲	75	8.花榮	03.褲子 - 花榮	06.藍	3	12.收集品交換	5000	2888	6002888	6100000	6200000	4011223	3ditem_a_001	1	75	128	0	00.無	0		00.無	0	00.無	0				1	1	231	0	0	0	0	0	
#	2889	4000	0	1	1	1	1	1.可以交易；0.被PK不掉	1	0	梟雄弓箭	75	8.花榮	04.武器 - 花榮	06.藍	3	12.收集品交換	5000	2889	6002889	6100000	6200000	4011224	3ditem_a_001	1	75	128	0	00.無	0		00.無	0	00.無	0				1	1	232	0	0	0	0	0	
#	2890	4000	0	1	1	1	0	1.可以交易；1.被PK會掉	1	1	湘南帽	80	8.花榮	01.帽子 - 花榮	03.灰	0	07.怪物掉寶	5000	2890	6002890	6100000	6200000	4011225	3ditem_a_001	1	80	128	0	00.無	0		00.無	0	00.無	0				1	1	229	0	0	0	0	0	
#	2891	4000	0	1	1	1	0	1.可以交易；1.被PK會掉	1	1	湘南面甲	80	8.花榮	02.上衣 - 花榮	03.灰	0	07.怪物掉寶	5000	2891	6002891	6100000	6200000	4011226	3ditem_a_001	1	80	128	0	00.無	0		00.無	0	00.無	0				1	1	230	0	0	0	0	0	
#	2892	4000	0	1	1	1	0	1.可以交易；1.被PK會掉	1	1	湘南連身甲	80	8.花榮	03.褲子 - 花榮	03.灰	0	07.怪物掉寶	5000	2892	6002892	6100000	6200000	4011227	3ditem_a_001	1	80	128	0	00.無	0		00.無	0	00.無	0				1	1	231	0	0	0	0	0	
#	2893	4000	0	1	1	1	0	1.可以交易；1.被PK會掉	1	1	湘南弓箭	80	8.花榮	04.武器 - 花榮	03.灰	0	07.怪物掉寶	5000	2893	6002893	6100000	6200000	4011228	3ditem_a_001	1	80	128	0	00.無	0		00.無	0	00.無	0				1	1	232	0	0	0	0	0	
#	2894	4000	0	1	1	1	0	1.可以交易；1.被PK會掉	1	1	弧月皮帽	80	8.花榮	01.帽子 - 花榮	04.白	1	03.商店購買	5000	2894	6002894	6100000	6200000	4011229	3ditem_a_001	1	80	128	0	00.無	0		00.無	0	00.無	0				1	1	229	0	0	0	0	0	
#	2895	4000	0	1	1	1	0	1.可以交易；1.被PK會掉	1	1	弧月面甲	80	8.花榮	02.上衣 - 花榮	04.白	1	03.商店購買	5000	2895	6002895	6100000	6200000	4011230	3ditem_a_001	1	80	128	0	00.無	0		00.無	0	00.無	0				1	1	230	0	0	0	0	0	
#	2896	4000	0	1	1	1	0	1.可以交易；1.被PK會掉	1	1	弧月連身甲	80	8.花榮	03.褲子 - 花榮	04.白	1	03.商店購買	5000	2896	6002896	6100000	6200000	4011231	3ditem_a_001	1	80	128	0	00.無	0		00.無	0	00.無	0				1	1	231	0	0	0	0	0	
#	2897	4000	0	1	1	1	0	1.可以交易；1.被PK會掉	1	1	弧月弓箭	80	8.花榮	04.武器 - 花榮	04.白	1	03.商店購買	5000	2897	6002897	6100000	6200000	4011232	3ditem_a_001	1	80	128	0	00.無	0		00.無	0	00.無	0				1	1	232	0	0	0	0	0	
#	2898	4000	0	1	1	1	1	1.可以交易；0.被PK不掉	1	0	晝返皮帽	80	8.花榮	01.帽子 - 花榮	05.綠	2	07.怪物掉寶	5000	2898	6002898	6100000	6200000	4011233	3ditem_a_001	1	80	128	0	00.無	0		00.無	0	00.無	0				1	1	229	0	0	0	0	0	
#	2899	4000	0	1	1	1	1	1.可以交易；0.被PK不掉	1	0	晝返面甲	80	8.花榮	02.上衣 - 花榮	05.綠	2	07.怪物掉寶	5000	2899	6002899	6100000	6200000	4011234	3ditem_a_001	1	80	128	0	00.無	0		00.無	0	00.無	0				1	1	230	0	0	0	0	0	
#	2900	4000	0	1	1	1	1	1.可以交易；0.被PK不掉	1	0	晝返連身甲	80	8.花榮	03.褲子 - 花榮	05.綠	2	07.怪物掉寶	5000	2900	6002900	6100000	6200000	4011235	3ditem_a_001	1	80	128	0	00.無	0		00.無	0	00.無	0				1	1	231	0	0	0	0	0	
#	2901	4000	0	1	1	1	1	1.可以交易；0.被PK不掉	1	0	晝返弓箭	80	8.花榮	04.武器 - 花榮	05.綠	2	07.怪物掉寶	5000	2901	6002901	6100000	6200000	4011236	3ditem_a_001	1	80	128	0	00.無	0		00.無	0	00.無	0				1	1	232	0	0	0	0	0	
#	2902	4000	0	1	1	1	1	1.可以交易；0.被PK不掉	1	0	飄渺皮帽	80	8.花榮	01.帽子 - 花榮	06.藍	3	12.收集品交換	5000	2902	6002902	6100000	6200000	4011237	3ditem_a_001	1	80	128	0	00.無	0		00.無	0	00.無	0				1	1	229	0	0	0	0	0	
#	2903	4000	0	1	1	1	1	1.可以交易；0.被PK不掉	1	0	飄渺面甲	80	8.花榮	02.上衣 - 花榮	06.藍	3	12.收集品交換	5000	2903	6002903	6100000	6200000	4011238	3ditem_a_001	1	80	128	0	00.無	0		00.無	0	00.無	0				1	1	230	0	0	0	0	0	
#	2904	4000	0	1	1	1	1	1.可以交易；0.被PK不掉	1	0	飄渺連身甲	80	8.花榮	03.褲子 - 花榮	06.藍	3	12.收集品交換	5000	2904	6002904	6100000	6200000	4011239	3ditem_a_001	1	80	128	0	00.無	0		00.無	0	00.無	0				1	1	231	0	0	0	0	0	
#	2905	4000	0	1	1	1	1	1.可以交易；0.被PK不掉	1	0	飄渺弓箭	80	8.花榮	04.武器 - 花榮	06.藍	3	12.收集品交換	5000	2905	6002905	6100000	6200000	4011240	3ditem_a_001	1	80	128	0	00.無	0		00.無	0	00.無	0				1	1	232	0	0	0	0	0	
#	2906	4000	0	1	1	1	1	1.可以交易；0.被PK不掉	1	0	伊達男帽	80	8.花榮	01.帽子 - 花榮	07.紫	4	07.怪物掉寶	5000	2906	6002906	6100000	6200000	4011241	3ditem_a_001	1	80	128	0	00.無	0		00.無	0	00.無	0				1	1	229	0	0	0	0	0	
#	2907	4000	0	1	1	1	1	1.可以交易；0.被PK不掉	1	0	伊達男面甲	80	8.花榮	02.上衣 - 花榮	07.紫	4	07.怪物掉寶	5000	2907	6002907	6100000	6200000	4011242	3ditem_a_001	1	80	128	0	00.無	0		00.無	0	00.無	0				1	1	230	0	0	0	0	0	
#	2908	4000	0	1	1	1	1	1.可以交易；0.被PK不掉	1	0	伊達男連身甲	80	8.花榮	03.褲子 - 花榮	07.紫	4	07.怪物掉寶	5000	2908	6002908	6100000	6200000	4011243	3ditem_a_001	1	80	128	0	00.無	0		00.無	0	00.無	0				1	1	231	0	0	0	0	0	
#	2909	4000	0	1	1	1	1	1.可以交易；0.被PK不掉	1	0	伊達男弓箭	80	8.花榮	04.武器 - 花榮	07.紫	4	07.怪物掉寶	5000	2909	6002909	6100000	6200000	4011244	3ditem_a_001	1	80	128	0	00.無	0		00.無	0	00.無	0				1	1	232	0	0	0	0	0	
#	2910	4000	0	1	1	1	0	1.可以交易；1.被PK會掉	1	1	浪花布帽	85	8.花榮	01.帽子 - 花榮	03.灰	0	07.怪物掉寶	5000	2910	6002910	6100000	6200000	4011245	3ditem_a_001	1	85	128	0	00.無	0		00.無	0	00.無	0				1	1	229	0	0	0	0	0	
#	2911	4000	0	1	1	1	0	1.可以交易；1.被PK會掉	1	1	浪花面甲	85	8.花榮	02.上衣 - 花榮	03.灰	0	07.怪物掉寶	5000	2911	6002911	6100000	6200000	4011246	3ditem_a_001	1	85	128	0	00.無	0		00.無	0	00.無	0				1	1	230	0	0	0	0	0	
#	2912	4000	0	1	1	1	0	1.可以交易；1.被PK會掉	1	1	浪花連身甲	85	8.花榮	03.褲子 - 花榮	03.灰	0	07.怪物掉寶	5000	2912	6002912	6100000	6200000	4011247	3ditem_a_001	1	85	128	0	00.無	0		00.無	0	00.無	0				1	1	231	0	0	0	0	0	
#	2913	4000	0	1	1	1	0	1.可以交易；1.被PK會掉	1	1	浪花弓箭	85	8.花榮	04.武器 - 花榮	03.灰	0	07.怪物掉寶	5000	2913	6002913	6100000	6200000	4011248	3ditem_a_001	1	85	128	0	00.無	0		00.無	0	00.無	0				1	1	232	0	0	0	0	0	
#	2914	4000	0	1	1	1	0	1.可以交易；1.被PK會掉	1	1	海潮皮帽	85	8.花榮	01.帽子 - 花榮	04.白	1	03.商店購買	5000	2914	6002914	6100000	6200000	4011249	3ditem_a_001	1	85	128	0	00.無	0		00.無	0	00.無	0				1	1	229	0	0	0	0	0	
#	2915	4000	0	1	1	1	0	1.可以交易；1.被PK會掉	1	1	海潮面甲	85	8.花榮	02.上衣 - 花榮	04.白	1	03.商店購買	5000	2915	6002915	6100000	6200000	4011250	3ditem_a_001	1	85	128	0	00.無	0		00.無	0	00.無	0				1	1	230	0	0	0	0	0	
#	2916	4000	0	1	1	1	0	1.可以交易；1.被PK會掉	1	1	海潮連身甲	85	8.花榮	03.褲子 - 花榮	04.白	1	03.商店購買	5000	2916	6002916	6100000	6200000	4011251	3ditem_a_001	1	85	128	0	00.無	0		00.無	0	00.無	0				1	1	231	0	0	0	0	0	
#	2917	4000	0	1	1	1	0	1.可以交易；1.被PK會掉	1	1	海潮弓箭	85	8.花榮	04.武器 - 花榮	04.白	1	03.商店購買	5000	2917	6002917	6100000	6200000	4011252	3ditem_a_001	1	85	128	0	00.無	0		00.無	0	00.無	0				1	1	232	0	0	0	0	0	
#	2918	4000	0	1	1	1	1	1.可以交易；0.被PK不掉	1	0	霜雪皮帽	85	8.花榮	01.帽子 - 花榮	05.綠	2	07.怪物掉寶	5000	2918	6002918	6100000	6200000	4011253	3ditem_a_001	1	85	128	0	00.無	0		00.無	0	00.無	0				1	1	229	0	0	0	0	0	
#	2919	4000	0	1	1	1	1	1.可以交易；0.被PK不掉	1	0	霜雪面甲	85	8.花榮	02.上衣 - 花榮	05.綠	2	07.怪物掉寶	5000	2919	6002919	6100000	6200000	4011254	3ditem_a_001	1	85	128	0	00.無	0		00.無	0	00.無	0				1	1	230	0	0	0	0	0	
#	2920	4000	0	1	1	1	1	1.可以交易；0.被PK不掉	1	0	霜雪連身甲	85	8.花榮	03.褲子 - 花榮	05.綠	2	07.怪物掉寶	5000	2920	6002920	6100000	6200000	4011255	3ditem_a_001	1	85	128	0	00.無	0		00.無	0	00.無	0				1	1	231	0	0	0	0	0	
#	2921	4000	0	1	1	1	1	1.可以交易；0.被PK不掉	1	0	霜雪弓箭	85	8.花榮	04.武器 - 花榮	05.綠	2	07.怪物掉寶	5000	2921	6002921	6100000	6200000	4011256	3ditem_a_001	1	85	128	0	00.無	0		00.無	0	00.無	0				1	1	232	0	0	0	0	0	
#	2922	4000	0	1	1	1	1	1.可以交易；0.被PK不掉	1	0	雲仙靈帽	85	8.花榮	01.帽子 - 花榮	06.藍	3	12.收集品交換	5000	2922	6002922	6100000	6200000	4011257	3ditem_a_001	1	85	128	0	00.無	0		00.無	0	00.無	0				1	1	229	0	0	0	0	0	
#	2923	4000	0	1	1	1	1	1.可以交易；0.被PK不掉	1	0	雲仙面甲	85	8.花榮	02.上衣 - 花榮	06.藍	3	12.收集品交換	5000	2923	6002923	6100000	6200000	4011258	3ditem_a_001	1	85	128	0	00.無	0		00.無	0	00.無	0				1	1	230	0	0	0	0	0	
#	2924	4000	0	1	1	1	1	1.可以交易；0.被PK不掉	1	0	雲仙連身甲	85	8.花榮	03.褲子 - 花榮	06.藍	3	12.收集品交換	5000	2924	6002924	6100000	6200000	4011259	3ditem_a_001	1	85	128	0	00.無	0		00.無	0	00.無	0				1	1	231	0	0	0	0	0	
#	2925	4000	0	1	1	1	1	1.可以交易；0.被PK不掉	1	0	雲仙弓箭	85	8.花榮	04.武器 - 花榮	06.藍	3	12.收集品交換	5000	2925	6002925	6100000	6200000	4011260	3ditem_a_001	1	85	128	0	00.無	0		00.無	0	00.無	0				1	1	232	0	0	0	0	0	
#	2926	4000	0	1	1	1	0	1.可以交易；1.被PK會掉	1	1	回春布帽	90	8.花榮	01.帽子 - 花榮	03.灰	0	07.怪物掉寶	5000	2926	6002926	6100000	6200000	4011261	3ditem_a_001	1	90	128	0	00.無	0		00.無	0	00.無	0				1	1	229	0	0	0	0	0	
#	2927	4000	0	1	1	1	0	1.可以交易；1.被PK會掉	1	1	回春面甲	90	8.花榮	02.上衣 - 花榮	03.灰	0	07.怪物掉寶	5000	2927	6002927	6100000	6200000	4011262	3ditem_a_001	1	90	128	0	00.無	0		00.無	0	00.無	0				1	1	230	0	0	0	0	0	
#	2928	4000	0	1	1	1	0	1.可以交易；1.被PK會掉	1	1	回春連身甲	90	8.花榮	03.褲子 - 花榮	03.灰	0	07.怪物掉寶	5000	2928	6002928	6100000	6200000	4011263	3ditem_a_001	1	90	128	0	00.無	0		00.無	0	00.無	0				1	1	231	0	0	0	0	0	
#	2929	4000	0	1	1	1	0	1.可以交易；1.被PK會掉	1	1	回春弓箭	90	8.花榮	04.武器 - 花榮	03.灰	0	07.怪物掉寶	5000	2929	6002929	6100000	6200000	4011264	3ditem_a_001	1	90	128	0	00.無	0		00.無	0	00.無	0				1	1	232	0	0	0	0	0	
#	2930	4000	0	1	1	1	0	1.可以交易；1.被PK會掉	1	1	黃昏布帽	90	8.花榮	01.帽子 - 花榮	04.白	1	03.商店購買	5000	2930	6002930	6100000	6200000	4011265	3ditem_a_001	1	90	128	0	00.無	0		00.無	0	00.無	0				1	1	229	0	0	0	0	0	
#	2931	4000	0	1	1	1	0	1.可以交易；1.被PK會掉	1	1	黃昏面甲	90	8.花榮	02.上衣 - 花榮	04.白	1	03.商店購買	5000	2931	6002931	6100000	6200000	4011266	3ditem_a_001	1	90	128	0	00.無	0		00.無	0	00.無	0				1	1	230	0	0	0	0	0	
#	2932	4000	0	1	1	1	0	1.可以交易；1.被PK會掉	1	1	黃昏連身甲	90	8.花榮	03.褲子 - 花榮	04.白	1	03.商店購買	5000	2932	6002932	6100000	6200000	4011267	3ditem_a_001	1	90	128	0	00.無	0		00.無	0	00.無	0				1	1	231	0	0	0	0	0	
#	2933	4000	0	1	1	1	0	1.可以交易；1.被PK會掉	1	1	黃昏弓箭	90	8.花榮	04.武器 - 花榮	04.白	1	03.商店購買	5000	2933	6002933	6100000	6200000	4011268	3ditem_a_001	1	90	128	0	00.無	0		00.無	0	00.無	0				1	1	232	0	0	0	0	0	
#	2934	4000	0	1	1	1	1	1.可以交易；0.被PK不掉	1	0	黎明皮帽	90	8.花榮	01.帽子 - 花榮	05.綠	2	07.怪物掉寶	5000	2934	6002934	6100000	6200000	4011269	3ditem_a_001	1	90	128	0	00.無	0		00.無	0	00.無	0				1	1	229	0	0	0	0	0	
#	2935	4000	0	1	1	1	1	1.可以交易；0.被PK不掉	1	0	黎明面甲	90	8.花榮	02.上衣 - 花榮	05.綠	2	07.怪物掉寶	5000	2935	6002935	6100000	6200000	4011270	3ditem_a_001	1	90	128	0	00.無	0		00.無	0	00.無	0				1	1	230	0	0	0	0	0	
#	2936	4000	0	1	1	1	1	1.可以交易；0.被PK不掉	1	0	黎明連身甲	90	8.花榮	03.褲子 - 花榮	05.綠	2	07.怪物掉寶	5000	2936	6002936	6100000	6200000	4011271	3ditem_a_001	1	90	128	0	00.無	0		00.無	0	00.無	0				1	1	231	0	0	0	0	0	
#	2937	4000	0	1	1	1	1	1.可以交易；0.被PK不掉	1	0	黎明弓箭	90	8.花榮	04.武器 - 花榮	05.綠	2	07.怪物掉寶	5000	2937	6002937	6100000	6200000	4011272	3ditem_a_001	1	90	128	0	00.無	0		00.無	0	00.無	0				1	1	232	0	0	0	0	0	
#	2938	4000	0	1	1	1	1	1.可以交易；0.被PK不掉	1	0	晚霞彩帽	90	8.花榮	01.帽子 - 花榮	06.藍	3	12.收集品交換	5000	2938	6002938	6100000	6200000	4011273	3ditem_a_001	1	90	128	0	00.無	0		00.無	0	00.無	0				1	1	229	0	0	0	0	0	
#	2939	4000	0	1	1	1	1	1.可以交易；0.被PK不掉	1	0	晚霞面甲	90	8.花榮	02.上衣 - 花榮	06.藍	3	12.收集品交換	5000	2939	6002939	6100000	6200000	4011274	3ditem_a_001	1	90	128	0	00.無	0		00.無	0	00.無	0				1	1	230	0	0	0	0	0	
#	2940	4000	0	1	1	1	1	1.可以交易；0.被PK不掉	1	0	晚霞連身甲	90	8.花榮	03.褲子 - 花榮	06.藍	3	12.收集品交換	5000	2940	6002940	6100000	6200000	4011275	3ditem_a_001	1	90	128	0	00.無	0		00.無	0	00.無	0				1	1	231	0	0	0	0	0	
#	2941	4000	0	1	1	1	1	1.可以交易；0.被PK不掉	1	0	晚霞弓箭	90	8.花榮	04.武器 - 花榮	06.藍	3	12.收集品交換	5000	2941	6002941	6100000	6200000	4011276	3ditem_a_001	1	90	128	0	00.無	0		00.無	0	00.無	0				1	1	232	0	0	0	0	0	
#	2942	4000	0	1	1	1	0	1.可以交易；1.被PK會掉	1	1	古墓法帽	95	8.花榮	01.帽子 - 花榮	03.灰	0	07.怪物掉寶	5000	2942	6002942	6100000	6200000	4011277	3ditem_a_001	1	95	128	0	00.無	0		00.無	0	00.無	0				1	1	229	0	0	0	0	0	
#	2943	4000	0	1	1	1	0	1.可以交易；1.被PK會掉	1	1	古墓面甲	95	8.花榮	02.上衣 - 花榮	03.灰	0	07.怪物掉寶	5000	2943	6002943	6100000	6200000	4011278	3ditem_a_001	1	95	128	0	00.無	0		00.無	0	00.無	0				1	1	230	0	0	0	0	0	
#	2944	4000	0	1	1	1	0	1.可以交易；1.被PK會掉	1	1	古墓連身甲	95	8.花榮	03.褲子 - 花榮	03.灰	0	07.怪物掉寶	5000	2944	6002944	6100000	6200000	4011279	3ditem_a_001	1	95	128	0	00.無	0		00.無	0	00.無	0				1	1	231	0	0	0	0	0	
#	2945	4000	0	1	1	1	0	1.可以交易；1.被PK會掉	1	1	古墓弓箭	95	8.花榮	04.武器 - 花榮	03.灰	0	07.怪物掉寶	5000	2945	6002945	6100000	6200000	4011280	3ditem_a_001	1	95	128	0	00.無	0		00.無	0	00.無	0				1	1	232	0	0	0	0	0	
#	2946	4000	0	1	1	1	0	1.可以交易；1.被PK會掉	1	1	符文法帽	95	8.花榮	01.帽子 - 花榮	04.白	1	03.商店購買	5000	2946	6002946	6100000	6200000	4011281	3ditem_a_001	1	95	128	0	00.無	0		00.無	0	00.無	0				1	1	229	0	0	0	0	0	
#	2947	4000	0	1	1	1	0	1.可以交易；1.被PK會掉	1	1	符文面甲	95	8.花榮	02.上衣 - 花榮	04.白	1	03.商店購買	5000	2947	6002947	6100000	6200000	4011282	3ditem_a_001	1	95	128	0	00.無	0		00.無	0	00.無	0				1	1	230	0	0	0	0	0	
#	2948	4000	0	1	1	1	0	1.可以交易；1.被PK會掉	1	1	符文連身甲	95	8.花榮	03.褲子 - 花榮	04.白	1	03.商店購買	5000	2948	6002948	6100000	6200000	4011283	3ditem_a_001	1	95	128	0	00.無	0		00.無	0	00.無	0				1	1	231	0	0	0	0	0	
#	2949	4000	0	1	1	1	0	1.可以交易；1.被PK會掉	1	1	符文弓箭	95	8.花榮	04.武器 - 花榮	04.白	1	03.商店購買	5000	2949	6002949	6100000	6200000	4011284	3ditem_a_001	1	95	128	0	00.無	0		00.無	0	00.無	0				1	1	232	0	0	0	0	0	
#	2950	4000	0	1	1	1	1	1.可以交易；0.被PK不掉	1	0	靈界法帽	95	8.花榮	01.帽子 - 花榮	05.綠	2	07.怪物掉寶	5000	2950	6002950	6100000	6200000	4011285	3ditem_a_001	1	95	128	0	00.無	0		00.無	0	00.無	0				1	1	229	0	0	0	0	0	
#	2951	4000	0	1	1	1	1	1.可以交易；0.被PK不掉	1	0	靈界面甲	95	8.花榮	02.上衣 - 花榮	05.綠	2	07.怪物掉寶	5000	2951	6002951	6100000	6200000	4011286	3ditem_a_001	1	95	128	0	00.無	0		00.無	0	00.無	0				1	1	230	0	0	0	0	0	
#	2952	4000	0	1	1	1	1	1.可以交易；0.被PK不掉	1	0	靈界連身甲	95	8.花榮	03.褲子 - 花榮	05.綠	2	07.怪物掉寶	5000	2952	6002952	6100000	6200000	4011287	3ditem_a_001	1	95	128	0	00.無	0		00.無	0	00.無	0				1	1	231	0	0	0	0	0	
#	2953	4000	0	1	1	1	1	1.可以交易；0.被PK不掉	1	0	靈界弓箭	95	8.花榮	04.武器 - 花榮	05.綠	2	07.怪物掉寶	5000	2953	6002953	6100000	6200000	4011288	3ditem_a_001	1	95	128	0	00.無	0		00.無	0	00.無	0				1	1	232	0	0	0	0	0	
#	2954	4000	0	1	1	1	1	1.可以交易；0.被PK不掉	1	0	審判法帽	95	8.花榮	01.帽子 - 花榮	06.藍	3	12.收集品交換	5000	2954	6002954	6100000	6200000	4011289	3ditem_a_001	1	95	128	0	00.無	0		00.無	0	00.無	0				1	1	229	0	0	0	0	0	
#	2955	4000	0	1	1	1	1	1.可以交易；0.被PK不掉	1	0	審判面甲	95	8.花榮	02.上衣 - 花榮	06.藍	3	12.收集品交換	5000	2955	6002955	6100000	6200000	4011290	3ditem_a_001	1	95	128	0	00.無	0		00.無	0	00.無	0				1	1	230	0	0	0	0	0	
#	2956	4000	0	1	1	1	1	1.可以交易；0.被PK不掉	1	0	審判連身甲	95	8.花榮	03.褲子 - 花榮	06.藍	3	12.收集品交換	5000	2956	6002956	6100000	6200000	4011291	3ditem_a_001	1	95	128	0	00.無	0		00.無	0	00.無	0				1	1	231	0	0	0	0	0	
#	2957	4000	0	1	1	1	1	1.可以交易；0.被PK不掉	1	0	審判弓箭	95	8.花榮	04.武器 - 花榮	06.藍	3	12.收集品交換	5000	2957	6002957	6100000	6200000	4011292	3ditem_a_001	1	95	128	0	00.無	0		00.無	0	00.無	0				1	1	232	0	0	0	0	0	
#	2958	4000	0	1	1	1	0	1.可以交易；1.被PK會掉	1	1	古鎧頭盔	99	8.花榮	01.帽子 - 花榮	03.灰	0	07.怪物掉寶	5000	2958	6002958	6100000	6200000	4011293	3ditem_a_001	1	99	128	0	00.無	0		00.無	0	00.無	0				1	1	229	0	0	0	0	0	
#	2959	4000	0	1	1	1	0	1.可以交易；1.被PK會掉	1	1	古鎧面甲	99	8.花榮	02.上衣 - 花榮	03.灰	0	07.怪物掉寶	5000	2959	6002959	6100000	6200000	4011294	3ditem_a_001	1	99	128	0	00.無	0		00.無	0	00.無	0				1	1	230	0	0	0	0	0	
#	2960	4000	0	1	1	1	0	1.可以交易；1.被PK會掉	1	1	古鎧連身甲	99	8.花榮	03.褲子 - 花榮	03.灰	0	07.怪物掉寶	5000	2960	6002960	6100000	6200000	4011295	3ditem_a_001	1	99	128	0	00.無	0		00.無	0	00.無	0				1	1	231	0	0	0	0	0	
#	2961	4000	0	1	1	1	0	1.可以交易；1.被PK會掉	1	1	古鎧弓箭	99	8.花榮	04.武器 - 花榮	03.灰	0	07.怪物掉寶	5000	2961	6002961	6100000	6200000	4011296	3ditem_a_001	1	99	128	0	00.無	0		00.無	0	00.無	0				1	1	232	0	0	0	0	0	
#	2962	4000	0	1	1	1	0	1.可以交易；1.被PK會掉	1	1	侍者頭盔	99	8.花榮	01.帽子 - 花榮	04.白	1	03.商店購買	5000	2962	6002962	6100000	6200000	4011297	3ditem_a_001	1	99	128	0	00.無	0		00.無	0	00.無	0				1	1	229	0	0	0	0	0	
#	2963	4000	0	1	1	1	0	1.可以交易；1.被PK會掉	1	1	侍者面甲	99	8.花榮	02.上衣 - 花榮	04.白	1	03.商店購買	5000	2963	6002963	6100000	6200000	4011298	3ditem_a_001	1	99	128	0	00.無	0		00.無	0	00.無	0				1	1	230	0	0	0	0	0	
#	2964	4000	0	1	1	1	0	1.可以交易；1.被PK會掉	1	1	侍者連身甲	99	8.花榮	03.褲子 - 花榮	04.白	1	03.商店購買	5000	2964	6002964	6100000	6200000	4011299	3ditem_a_001	1	99	128	0	00.無	0		00.無	0	00.無	0				1	1	231	0	0	0	0	0	
#	2965	4000	0	1	1	1	0	1.可以交易；1.被PK會掉	1	1	侍者弓箭	99	8.花榮	04.武器 - 花榮	04.白	1	03.商店購買	5000	2965	6002965	6100000	6200000	4011300	3ditem_a_001	1	99	128	0	00.無	0		00.無	0	00.無	0				1	1	232	0	0	0	0	0	
#	2966	4000	0	1	1	1	1	1.可以交易；0.被PK不掉	1	0	闇影頭盔	99	8.花榮	01.帽子 - 花榮	05.綠	2	07.怪物掉寶	5000	2966	6002966	6100000	6200000	4011301	3ditem_a_001	1	99	128	0	00.無	0		00.無	0	00.無	0				1	1	229	0	0	0	0	0	
#	2967	4000	0	1	1	1	1	1.可以交易；0.被PK不掉	1	0	闇影面甲	99	8.花榮	02.上衣 - 花榮	05.綠	2	07.怪物掉寶	5000	2967	6002967	6100000	6200000	4011302	3ditem_a_001	1	99	128	0	00.無	0		00.無	0	00.無	0				1	1	230	0	0	0	0	0	
#	2968	4000	0	1	1	1	1	1.可以交易；0.被PK不掉	1	0	闇影連身甲	99	8.花榮	03.褲子 - 花榮	05.綠	2	07.怪物掉寶	5000	2968	6002968	6100000	6200000	4011303	3ditem_a_001	1	99	128	0	00.無	0		00.無	0	00.無	0				1	1	231	0	0	0	0	0	
#	2969	4000	0	1	1	1	1	1.可以交易；0.被PK不掉	1	0	闇影弓箭	99	8.花榮	04.武器 - 花榮	05.綠	2	07.怪物掉寶	5000	2969	6002969	6100000	6200000	4011304	3ditem_a_001	1	99	128	0	00.無	0		00.無	0	00.無	0				1	1	232	0	0	0	0	0	
#	2970	4000	0	1	1	1	1	1.可以交易；0.被PK不掉	1	0	幻魔戰帽	99	8.花榮	01.帽子 - 花榮	06.藍	3	12.收集品交換	5000	2970	6002970	6100000	6200000	4011305	3ditem_a_001	1	99	128	0	00.無	0		00.無	0	00.無	0				1	1	229	0	0	0	0	0	
#	2971	4000	0	1	1	1	1	1.可以交易；0.被PK不掉	1	0	幻魔面甲	99	8.花榮	02.上衣 - 花榮	06.藍	3	12.收集品交換	5000	2971	6002971	6100000	6200000	4011306	3ditem_a_001	1	99	128	0	00.無	0		00.無	0	00.無	0				1	1	230	0	0	0	0	0	
#	2972	4000	0	1	1	1	1	1.可以交易；0.被PK不掉	1	0	幻魔連身甲	99	8.花榮	03.褲子 - 花榮	06.藍	3	12.收集品交換	5000	2972	6002972	6100000	6200000	4011307	3ditem_a_001	1	99	128	0	00.無	0		00.無	0	00.無	0				1	1	231	0	0	0	0	0	
#	2973	4000	0	1	1	1	1	1.可以交易；0.被PK不掉	1	0	幻魔弓箭	99	8.花榮	04.武器 - 花榮	06.藍	3	12.收集品交換	5000	2973	6002973	6100000	6200000	4011308	3ditem_a_001	1	99	128	0	00.無	0		00.無	0	00.無	0				1	1	232	0	0	0	0	0	
#	2974	4000	0	1	1	1	1	1.可以交易；0.被PK不掉	1	0	華輪寶印帽	99	8.花榮	01.帽子 - 花榮	07.紫	4	07.怪物掉寶	5000	2974	6002974	6100000	6200000	4011309	3ditem_a_001	1	99	128	0	00.無	0		00.無	0	00.無	0				1	1	229	0	0	0	0	0	
#	2975	4000	0	1	1	1	1	1.可以交易；0.被PK不掉	1	0	華輪寶印面甲	99	8.花榮	02.上衣 - 花榮	07.紫	4	07.怪物掉寶	5000	2975	6002975	6100000	6200000	4011310	3ditem_a_001	1	99	128	0	00.無	0		00.無	0	00.無	0				1	1	230	0	0	0	0	0	
#	2976	4000	0	1	1	1	1	1.可以交易；0.被PK不掉	1	0	華輪寶印連身甲	99	8.花榮	03.褲子 - 花榮	07.紫	4	07.怪物掉寶	5000	2976	6002976	6100000	6200000	4011311	3ditem_a_001	1	99	128	0	00.無	0		00.無	0	00.無	0				1	1	231	0	0	0	0	0	
#	2977	4000	0	1	1	1	1	1.可以交易；0.被PK不掉	1	0	華輪寶印弓箭	99	8.花榮	04.武器 - 花榮	07.紫	4	07.怪物掉寶	5000	2977	6002977	6100000	6200000	4011312	3ditem_a_001	1	99	128	0	00.無	0		00.無	0	00.無	0				1	1	232	0	0	0	0	0	
# 守護神 2978~4000																																															
	2978	4000	1	1	1	1	0	1.可以交易；1.被PK會掉	1	1	普通螢火	18	0.全角色	08.守護神	04.白	1	03.商店購買	5000	2978	6002978	6100000	6200000	4400001	3ditem_a_001	1	18	-1	0	00.無	0		00.無	0	00.無	0				7320	732	304	0	0	0	0	0	3
	2979	4000	1	1	1	1	1	1.可以交易；0.被PK不掉	1	0	高級螢火	18	0.全角色	08.守護神	05.綠	2	07.怪物掉寶	5000	2979	6002979	6100000	6200000	4400001	3ditem_a_001	1	18	-1	0	00.無	0		00.無	0	00.無	0				7320	366	304	0	0	0	0	0	3
	2980	4000	1	1	1	0	1	1.可以交易；0.被PK不掉	1	0	星光	33	0.全角色	08.守護神	07.紫	4	06.GASH任務獎賞	5000	2980	6002980	6100000	6200000	4400006	3ditem_a_001	1	33	-1	0	00.無	0		00.無	0	00.無	0				98300	4915	304	0	0	0	0	0	5
	2981	4000	1	1	1	1	0	1.可以交易；1.被PK會掉	1	1	普通燭光	23	0.全角色	08.守護神	04.白	1	03.商店購買	5000	2981	6002981	6100000	6200000	4400002	3ditem_a_001	1	23	-1	0	00.無	0		00.無	0	00.無	0				21000	2100	304	0	0	0	0	0	3
	2982	4000	1	1	1	1	1	1.可以交易；0.被PK不掉	1	0	高級燭光	23	0.全角色	08.守護神	05.綠	2	07.怪物掉寶	5000	2982	6002982	6100000	6200000	4400002	3ditem_a_001	1	23	-1	0	00.無	0		00.無	0	00.無	0				21000	1050	304	0	0	0	0	0	3
	2983	4000	1	1	1	1	0	1.可以交易；1.被PK會掉	1	1	普通魔光	28	0.全角色	08.守護神	04.白	1	03.商店購買	5000	2983	6002983	6100000	6200000	4400003	3ditem_a_001	1	28	-1	0	00.無	0		00.無	0	00.無	0				48300	4830	304	0	0	0	0	0	4
	2984	4000	1	1	1	1	1	1.可以交易；0.被PK不掉	1	0	布袋和尚	23	0.全角色	08.守護神	05.綠	2	07.怪物掉寶	5000	2984	6002984	6100000	6200000	4410025	3ditem_a_001	1	23	-1	0	00.無	0		00.無	0	00.無	0				21000	1050	304	0	0	0	0	0	3
	2985	4000	1	1	1	1	0	1.可以交易；1.被PK會掉	1	1	普通精神	33	0.全角色	08.守護神	04.白	1	03.商店購買	5000	2985	6002985	6100000	6200000	4400004	3ditem_a_001	1	33	-1	0	00.無	0		00.無	0	00.無	0				98300	9830	304	0	0	0	0	0	5
	2986	4000	1	1	1	1	1	1.可以交易；0.被PK不掉	1	0	高級精神	33	0.全角色	08.守護神	05.綠	2	07.怪物掉寶	5000	2986	6002986	6100000	6200000	4400004	3ditem_a_001	1	33	-1	0	00.無	0		00.無	0	00.無	0				98300	4915	304	0	0	0	0	0	5
	2987	4000	1	1	1	1	0	1.可以交易；1.被PK會掉	1	1	普通守護	38	0.全角色	08.守護神	04.白	1	03.商店購買	5000	2987	6002987	6100000	6200000	4400005	3ditem_a_001	1	38	-1	0	00.無	0		00.無	0	00.無	0				181000	18100	304	0	0	0	0	0	5
	2988	4000	1	1	1	1	1	1.可以交易；0.被PK不掉	1	0	福德正神	33	0.全角色	08.守護神	05.綠	2	07.怪物掉寶	5000	2988	6002988	6100000	6200000	4410006	3ditem_a_001	1	33	-1	0	00.無	0		00.無	0	00.無	0				98300	4915	304	0	0	0	0	0	5
	2989	4000	1	1	1	0	1	1.可以交易；0.被PK不掉	1	0	祝福	43	0.全角色	08.守護神	07.紫	4	06.GASH任務獎賞	5000	2989	6002989	6100000	6200000	4400009	3ditem_a_001	1	43	-1	0	00.無	0		00.無	0	00.無	0				311000	15550	304	0	0	0	0	0	6
	2990	4000	1	1	1	1	0	1.可以交易；1.被PK會掉	1	1	普通聖佑	43	0.全角色	08.守護神	04.白	1	03.商店購買	5000	2990	6002990	6100000	6200000	4400007	3ditem_a_001	1	43	-1	0	00.無	0		00.無	0	00.無	0				311000	31100	304	0	0	0	0	0	6
	2991	4000	1	1	1	1	1	1.可以交易；0.被PK不掉	1	0	高級聖佑	43	0.全角色	08.守護神	05.綠	2	07.怪物掉寶	5000	2991	6002991	6100000	6200000	4400007	3ditem_a_001	1	43	-1	0	00.無	0		00.無	0	00.無	0				311000	15550	304	0	0	0	0	0	6
	2992	4000	1	1	1	1	0	1.可以交易；1.被PK會掉	1	1	普通光輝	48	0.全角色	08.守護神	04.白	1	03.商店購買	5000	2992	6002992	6100000	6200000	4400008	3ditem_a_001	1	48	-1	0	00.無	0		00.無	0	00.無	0				508000	50800	304	0	0	0	0	0	6
	2993	4000	1	1	1	1	1	1.可以交易；0.被PK不掉	1	0	媽祖娘娘	43	0.全角色	08.守護神	05.綠	2	07.怪物掉寶	5000	2993	6002993	6100000	6200000	4410004	3ditem_a_001	1	43	-1	0	00.無	0		00.無	0	00.無	0				311000	15550	304	0	0	0	0	0	6
	2994	4000	1	1	1	1	0	1.可以交易；1.被PK會掉	1	1	普通璀璨	53	0.全角色	08.守護神	04.白	1	03.商店購買	5000	2994	6002994	6100000	6200000	4400010	3ditem_a_001	1	53	-1	0	00.無	0		00.無	0	00.無	0				796000	79600	304	0	0	0	0	0	7
	2995	4000	1	1	1	1	1	1.可以交易；0.被PK不掉	1	0	高級璀璨	53	0.全角色	08.守護神	05.綠	2	07.怪物掉寶	5000	2995	6002995	6100000	6200000	4400010	3ditem_a_001	1	53	-1	0	00.無	0		00.無	0	00.無	0				796000	39800	304	0	0	0	0	0	7
	2996	4000	1	1	1	1	0	1.可以交易；1.被PK會掉	1	1	普通閃耀	58	0.全角色	08.守護神	04.白	1	03.商店購買	5000	2996	6002996	6100000	6200000	4400011	3ditem_a_001	1	58	-1	0	00.無	0		00.無	0	00.無	0				1206000	120600	304	0	0	0	0	0	8
	2997	4000	1	1	1	1	1	1.可以交易；0.被PK不掉	1	0	地藏王	53	0.全角色	08.守護神	05.綠	2	07.怪物掉寶	5000	2997	6002997	6100000	6200000	4410027	3ditem_a_001	1	53	-1	0	00.無	0		00.無	0	00.無	0				796000	39800	304	0	0	0	0	0	7
	2998	4000	1	1	1	1	1	1.可以交易；0.被PK不掉	1	0	希望	53	0.全角色	08.守護神	07.紫	4	06.GASH任務獎賞	5000	2998	6002998	6100000	6200000	4400012	3ditem_a_001	1	53	-1	0	00.無	0		00.無	0	00.無	0				796000	39800	304	0	0	0	0	0	7
	2999	4000	1	1	1	0	0	0.不可交易；0.被PK不掉	0	0	守護神	1	0.全角色	08.守護神	01.創角造型	1	01.創角	5000	2999	6002999	6100000	6200000	4410001	3ditem_a_001	1	1	-1	0	00.無	0		00.無	0	00.無	0				0	0	304	0	0	0	0	0	1
	3000	4000	1	1	1	1	1	1.可以交易；0.被PK不掉	1	0	幸運聖靈	28	0.全角色	08.守護神	05.綠	2	05.任務獎賞	5000	3000	6003000	6100000	6200000	4410015	3ditem_a_001	1	28	-1	0	00.無	0		00.無	0	00.無	0				48300	2415	304	0	0	0	0	0	4
	3001	4000	1	1	1	1	1	1.可以交易；0.被PK不掉	1	0	天使	48	0.全角色	08.守護神	05.綠	2	05.任務獎賞	5000	3001	6003001	6100000	6200000	4410018	3ditem_a_001	1	48	-1	0	00.無	0		00.無	0	00.無	0				508000	25400	304	0	0	0	0	0	6
	3002	4000	1	1	1	1	1	1.可以交易；0.被PK不掉	1	0	丘比特	38	0.全角色	08.守護神	05.綠	2	05.任務獎賞	5000	3002	6003002	6100000	6200000	4410017	3ditem_a_001	1	38	-1	0	00.無	0		00.無	0	00.無	0				181000	9050	304	0	0	0	0	0	5
	3003	4000	1	1	1	1	1	1.可以交易；0.被PK不掉	1	0	雅典娜	58	0.全角色	08.守護神	05.綠	2	05.任務獎賞	5000	3003	6003003	6100000	6200000	4410016	3ditem_a_001	1	58	-1	0	00.無	0		00.無	0	00.無	0				1206000	60300	304	0	0	0	0	0	8
	3004	4000	1	1	1	0	1	1.可以交易；0.被PK不掉	1	0	守護星光	28	0.全角色	08.守護神	06.藍	3	04.GASH商城	5000	3004	6003004	6100000	6200000	4400003	3ditem_a_001	1	28	-1	0	00.無	0		00.無	0	00.無	0				50000	0	304	0	0	0	0	0	4
	3005	4000	1	1	1	0	1	1.可以交易；0.被PK不掉	1	0	閃爍星光	33	0.全角色	08.守護神	06.藍	3	04.GASH商城	5000	3005	6003005	6100000	6200000	4400004	3ditem_a_001	1	33	-1	0	00.無	0		00.無	0	00.無	0				65000	0	304	0	0	0	0	0	5
	3006	4000	1	1	1	0	1	1.可以交易；0.被PK不掉	1	0	輝耀星光	38	0.全角色	08.守護神	06.藍	3	04.GASH商城	5000	3006	6003006	6100000	6200000	4400005	3ditem_a_001	1	38	-1	0	00.無	0		00.無	0	00.無	0				80000	0	304	0	0	0	0	0	5
	3007	4000	1	1	1	0	1	1.可以交易；0.被PK不掉	1	0	燦爛星光	43	0.全角色	08.守護神	06.藍	3	04.GASH商城	5000	3007	6003007	6100000	6200000	4400007	3ditem_a_001	1	43	-1	0	00.無	0		00.無	0	00.無	0				100000	0	304	0	0	0	0	0	6
	3008	4000	1	1	1	0	1	1.可以交易；0.被PK不掉	1	0	炫燦星光	48	0.全角色	08.守護神	06.藍	3	04.GASH商城	5000	3008	6003008	6100000	6200000	4400008	3ditem_a_001	1	48	-1	0	00.無	0		00.無	0	00.無	0				120000	0	304	0	0	0	0	0	6
	3009	4000	1	1	1	0	1	1.可以交易；0.被PK不掉	1	0	天輝星光	53	0.全角色	08.守護神	06.藍	3	04.GASH商城	5000	3009	6003009	6100000	6200000	4400010	3ditem_a_001	1	53	-1	0	00.無	0		00.無	0	00.無	0				140000	0	304	0	0	0	0	0	7
	3010	4000	1	1	1	0	1	1.可以交易；0.被PK不掉	1	0	天耀星光	58	0.全角色	08.守護神	06.藍	3	04.GASH商城	5000	3010	6003010	6100000	6200000	4400011	3ditem_a_001	1	58	-1	0	00.無	0		00.無	0	00.無	0				160000	0	304	0	0	0	0	0	8
# GM套裝																																															
	3011	4000	1	1	1	0	1	0.不可交易；0.被PK不掉	0	0	GM帽--林沖	99	1.林沖	01.帽子 - 林沖	08.GM	4	99.GM	5000	3011	6003011	6103011	6200000	4102409	3ditem_a_001	1	99	1	0	00.無	0		00.無	0	00.無	0				1	0	201	0	0	0	0	0	
	3012	4000	1	1	1	0	1	0.不可交易；0.被PK不掉	0	0	GM服--林沖	99	1.林沖	02.上衣 - 林沖	08.GM	4	99.GM	5000	3012	6003012	6103011	6200000	4102410	3ditem_a_001	1	99	1	0	00.無	0		00.無	0	00.無	0				1	0	202	0	0	0	0	0	
	3013	4000	1	1	1	0	1	0.不可交易；0.被PK不掉	0	0	GM靴--林沖	99	1.林沖	03.褲子 - 林沖	08.GM	4	99.GM	5000	3013	6003013	6103011	6200000	4102411	3ditem_a_001	1	99	1	0	00.無	0		00.無	0	00.無	0				1	0	203	0	0	0	0	0	
	3014	4000	1	1	1	0	1	0.不可交易；0.被PK不掉	0	0	GM槍--林沖	99	1.林沖	04.武器 - 林沖	08.GM	4	99.GM	5000	3014	6003014	6103011	6200000	4102412	3ditem_a_001	1	99	1	0	00.無	0		00.無	0	00.無	0				1	0	204	0	0	0	0	0	
	3015	4000	1	1	1	0	1	0.不可交易；0.被PK不掉	0	0	GM帽--雷橫	99	2.雷橫	01.帽子 - 雷橫	08.GM	4	99.GM	5000	3015	6003015	6103011	6200000	4104009	3ditem_a_001	1	99	2	0	00.無	0		00.無	0	00.無	0				1	0	205	0	0	0	0	0	
	3016	4000	1	1	1	0	1	0.不可交易；0.被PK不掉	0	0	GM服--雷橫	99	2.雷橫	02.上衣 - 雷橫	08.GM	4	99.GM	5000	3016	6003016	6103011	6200000	4104010	3ditem_a_001	1	99	2	0	00.無	0		00.無	0	00.無	0				1	0	206	0	0	0	0	0	
	3017	4000	1	1	1	0	1	0.不可交易；0.被PK不掉	0	0	GM靴--雷橫	99	2.雷橫	03.褲子 - 雷橫	08.GM	4	99.GM	5000	3017	6003017	6103011	6200000	4104011	3ditem_a_001	1	99	2	0	00.無	0		00.無	0	00.無	0				1	0	207	0	0	0	0	0	
	3018	4000	1	1	1	0	1	0.不可交易；0.被PK不掉	0	0	GM拳套--雷橫	99	2.雷橫	04.武器 - 雷橫	08.GM	4	99.GM	5000	3018	6003018	6103011	6200000	4104012	3ditem_a_001	1	99	2	0	00.無	0		00.無	0	00.無	0				1	0	208	0	0	0	0	0	
	3019	4000	1	1	1	0	1	0.不可交易；0.被PK不掉	0	0	GM帽--孫二娘	99	3.孫二娘	01.帽子 - 孫二娘	08.GM	4	99.GM	5000	3019	6003019	6103011	6200000	4105609	3ditem_a_001	1	99	4	0	00.無	0		00.無	0	00.無	0				1	0	209	0	0	0	0	0	
	3020	4000	1	1	1	0	1	0.不可交易；0.被PK不掉	0	0	GM服--孫二娘	99	3.孫二娘	02.上衣 - 孫二娘	08.GM	4	99.GM	5000	3020	6003020	6103011	6200000	4105610	3ditem_a_001	1	99	4	0	00.無	0		00.無	0	00.無	0				1	0	210	0	0	0	0	0	
	3021	4000	1	1	1	0	1	0.不可交易；0.被PK不掉	0	0	GM靴--孫二娘	99	3.孫二娘	03.褲子 - 孫二娘	08.GM	4	99.GM	5000	3021	6003021	6103011	6200000	4105611	3ditem_a_001	1	99	4	0	00.無	0		00.無	0	00.無	0				1	0	211	0	0	0	0	0	
	3022	4000	1	1	1	0	1	0.不可交易；0.被PK不掉	0	0	GM手杖--孫二娘	99	3.孫二娘	04.武器 - 孫二娘	08.GM	4	99.GM	5000	3022	6003022	6103011	6200000	4105612	3ditem_a_001	1	99	4	0	00.無	0		00.無	0	00.無	0				1	0	212	0	0	0	0	0	
	3023	4000	1	1	1	0	1	0.不可交易；0.被PK不掉	0	0	GM帽--戴宗	99	4.戴宗	01.帽子 - 戴宗	08.GM	4	99.GM	5000	3023	6003023	6103011	6200000	4107209	3ditem_a_001	1	99	8	0	00.無	0		00.無	0	00.無	0				1	0	213	0	0	0	0	0	
	3024	4000	1	1	1	0	1	0.不可交易；0.被PK不掉	0	0	GM服--戴宗	99	4.戴宗	02.上衣 - 戴宗	08.GM	4	99.GM	5000	3024	6003024	6103011	6200000	4107210	3ditem_a_001	1	99	8	0	00.無	0		00.無	0	00.無	0				1	0	214	0	0	0	0	0	
	3025	4000	1	1	1	0	1	0.不可交易；0.被PK不掉	0	0	GM靴--戴宗	99	4.戴宗	03.褲子 - 戴宗	08.GM	4	99.GM	5000	3025	6003025	6103011	6200000	4107211	3ditem_a_001	1	99	8	0	00.無	0		00.無	0	00.無	0				1	0	215	0	0	0	0	0	
	3026	4000	1	1	1	0	1	0.不可交易；0.被PK不掉	0	0	GM徽章--戴宗	99	4.戴宗	04.武器 - 戴宗	08.GM	4	99.GM	5000	3026	6003026	6103011	6200000	4107212	3ditem_a_001	1	99	8	0	00.無	0		00.無	0	00.無	0				1	0	216	0	0	0	0	0	
	3027	4000	1	1	1	0	1	0.不可交易；0.被PK不掉	0	0	GM帽--史進	99	5.史進	01.帽子 - 史進	08.GM	4	99.GM	5000	3027	6003027	6103011	6200000	4108809	3ditem_a_001	1	99	16	0	00.無	0		00.無	0	00.無	0				1	0	217	0	0	0	0	0	
	3028	4000	1	1	1	0	1	0.不可交易；0.被PK不掉	0	0	GM服--史進	99	5.史進	02.上衣 - 史進	08.GM	4	99.GM	5000	3028	6003028	6103011	6200000	4108810	3ditem_a_001	1	99	16	0	00.無	0		00.無	0	00.無	0				1	0	218	0	0	0	0	0	
	3029	4000	1	1	1	0	1	0.不可交易；0.被PK不掉	0	0	GM褲--史進	99	5.史進	03.褲子 - 史進	08.GM	4	99.GM	5000	3029	6003029	6103011	6200000	4108811	3ditem_a_001	1	99	16	0	00.無	0		00.無	0	00.無	0				1	0	219	0	0	0	0	0	
	3030	4000	1	1	1	0	1	0.不可交易；0.被PK不掉	0	0	GM棍--史進	99	5.史進	04.武器 - 史進	08.GM	4	99.GM	5000	3030	6003030	6103011	6200000	4108812	3ditem_a_001	1	99	16	0	00.無	0		00.無	0	00.無	0				1	0	220	0	0	0	0	0	
	3031	4000	1	1	1	0	1	0.不可交易；0.被PK不掉	0	0	GM帽--李逵	99	6.李逵	01.帽子 - 李逵	08.GM	4	99.GM	5000	3031	6003031	6103011	6200000	4110409	3ditem_a_001	1	99	32	0	00.無	0		00.無	0	00.無	0				1	0	221	0	0	0	0	0	
	3032	4000	1	1	1	0	1	0.不可交易；0.被PK不掉	0	0	GM服--李逵	99	6.李逵	02.上衣 - 李逵	08.GM	4	99.GM	5000	3032	6003032	6103011	6200000	4110410	3ditem_a_001	1	99	32	0	00.無	0		00.無	0	00.無	0				1	0	222	0	0	0	0	0	
	3033	4000	1	1	1	0	1	0.不可交易；0.被PK不掉	0	0	GM褲--李逵	99	6.李逵	03.褲子 - 李逵	08.GM	4	99.GM	5000	3033	6003033	6103011	6200000	4110411	3ditem_a_001	1	99	32	0	00.無	0		00.無	0	00.無	0				1	0	223	0	0	0	0	0	
	3034	4000	1	1	1	0	1	0.不可交易；0.被PK不掉	0	0	GM斧--李逵	99	6.李逵	04.武器 - 李逵	08.GM	4	99.GM	5000	3034	6003034	6103011	6200000	4110412	3ditem_a_001	1	99	32	0	00.無	0		00.無	0	00.無	0				1	0	224	0	0	0	0	0	
	3035	4000	1	1	1	0	1	0.不可交易；0.被PK不掉	0	0	GM帽--顧大嫂	99	7.顧大嫂	01.帽子 - 顧大嫂	08.GM	4	99.GM	5000	3035	6003035	6103011	6200000	4112009	3ditem_a_001	1	99	64	0	00.無	0		00.無	0	00.無	0				1	0	225	0	0	0	0	0	
	3036	4000	1	1	1	0	1	0.不可交易；0.被PK不掉	0	0	GM服--顧大嫂	99	7.顧大嫂	02.上衣 - 顧大嫂	08.GM	4	99.GM	5000	3036	6003036	6103011	6200000	4112010	3ditem_a_001	1	99	64	0	00.無	0		00.無	0	00.無	0				1	0	226	0	0	0	0	0	
	3037	4000	1	1	1	0	1	0.不可交易；0.被PK不掉	0	0	GM靴--顧大嫂	99	7.顧大嫂	03.褲子 - 顧大嫂	08.GM	4	99.GM	5000	3037	6003037	6103011	6200000	4112011	3ditem_a_001	1	99	64	0	00.無	0		00.無	0	00.無	0				1	0	227	0	0	0	0	0	
	3038	4000	1	1	1	0	1	0.不可交易；0.被PK不掉	0	0	GM狼牙棒--顧大嫂	99	7.顧大嫂	04.武器 - 顧大嫂	08.GM	4	99.GM	5000	3038	6003038	6103011	6200000	4112012	3ditem_a_001	1	99	64	0	00.無	0		00.無	0	00.無	0				1	0	228	0	0	0	0	0	
	3039	4000	1	1	1	0	1	0.不可交易；0.被PK不掉	0	0	GM帽--花榮	99	8.花榮	01.帽子 - 花榮	08.GM	4	99.GM	5000	3039	6003039	6103011	6200000	4113609	3ditem_a_001	1	99	128	0	00.無	0		00.無	0	00.無	0				1	0	229	0	0	0	0	0	
	3040	4000	1	1	1	0	1	0.不可交易；0.被PK不掉	0	0	GM面甲--花榮	99	8.花榮	02.上衣 - 花榮	08.GM	4	99.GM	5000	3040	6003040	6103011	6200000	4113610	3ditem_a_001	1	99	128	0	00.無	0		00.無	0	00.無	0				1	0	230	0	0	0	0	0	
	3041	4000	1	1	1	0	1	0.不可交易；0.被PK不掉	0	0	GM連身甲--花榮	99	8.花榮	03.褲子 - 花榮	08.GM	4	99.GM	5000	3041	6003041	6103011	6200000	4113611	3ditem_a_001	1	99	128	0	00.無	0		00.無	0	00.無	0				1	0	231	0	0	0	0	0	
	3042	4000	1	1	1	0	1	0.不可交易；0.被PK不掉	0	0	GM弓箭--花榮	99	8.花榮	04.武器 - 花榮	08.GM	4	99.GM	5000	3042	6003042	6103011	6200000	4113612	3ditem_a_001	1	99	128	0	00.無	0		00.無	0	00.無	0				1	0	232	0	0	0	0	0	
# 戰鬥型裝備																																															
# 追加藍級飾品（ID 接續）																																															
	3043	4000	1	1	1	1	1	1.可以交易；0.被PK不掉	1	0	特級敏捷木刻項鍊	7	0.全角色	07.項鍊	06.藍	3	07.怪物掉寶	5000	3043	6003043	6100000	6200000	4301001	3ditem_a_001	1	7	-1	0	00.無	0		00.無	0	00.無	0				270	14	303	0	0	0	0	0	
	3044	4000	1	1	1	1	1	1.可以交易；0.被PK不掉	1	0	特級體能木刻項鍊	7	0.全角色	07.項鍊	06.藍	3	07.怪物掉寶	5000	3044	6003044	6100000	6200000	4301001	3ditem_a_001	1	7	-1	0	00.無	0		00.無	0	00.無	0				270	14	303	0	0	0	0	0	
	3045	4000	1	1	1	1	1	1.可以交易；0.被PK不掉	1	0	特級智慧木刻項鍊	7	0.全角色	07.項鍊	06.藍	3	07.怪物掉寶	5000	3045	6003045	6100000	6200000	4301001	3ditem_a_001	1	7	-1	0	00.無	0		00.無	0	00.無	0				270	14	303	0	0	0	0	0	
	3046	4000	1	1	1	1	1	1.可以交易；0.被PK不掉	1	0	特級敏捷石雕項鍊	12	0.全角色	07.項鍊	06.藍	3	07.怪物掉寶	5000	3046	6003046	6100000	6200000	4301002	3ditem_a_001	1	12	-1	0	00.無	0		00.無	0	00.無	0				1000	50	303	0	0	0	0	0	
	3047	4000	1	1	1	1	1	1.可以交易；0.被PK不掉	1	0	特級體能石雕項鍊	12	0.全角色	07.項鍊	06.藍	3	07.怪物掉寶	5000	3047	6003047	6100000	6200000	4301002	3ditem_a_001	1	12	-1	0	00.無	0		00.無	0	00.無	0				1000	50	303	0	0	0	0	0	
	3048	4000	1	1	1	1	1	1.可以交易；0.被PK不掉	1	0	特級智慧石雕項鍊	12	0.全角色	07.項鍊	06.藍	3	07.怪物掉寶	5000	3048	6003048	6100000	6200000	4301002	3ditem_a_001	1	12	-1	0	00.無	0		00.無	0	00.無	0				1000	50	303	0	0	0	0	0	
	3049	4000	1	1	1	1	1	1.可以交易；0.被PK不掉	1	0	特級敏捷鐵製項鍊	17	0.全角色	07.項鍊	06.藍	3	07.怪物掉寶	5000	3049	6003049	6100000	6200000	4301003	3ditem_a_001	1	17	-1	0	00.無	0		00.無	0	00.無	0				3660	183	303	0	0	0	0	0	
	3050	4000	1	1	1	1	1	1.可以交易；0.被PK不掉	1	0	特級體能鐵製項鍊	17	0.全角色	07.項鍊	06.藍	3	07.怪物掉寶	5000	3050	6003050	6100000	6200000	4301003	3ditem_a_001	1	17	-1	0	00.無	0		00.無	0	00.無	0				3660	183	303	0	0	0	0	0	
	3051	4000	1	1	1	1	1	1.可以交易；0.被PK不掉	1	0	特級智慧鐵製項鍊	17	0.全角色	07.項鍊	06.藍	3	07.怪物掉寶	5000	3051	6003051	6100000	6200000	4301003	3ditem_a_001	1	17	-1	0	00.無	0		00.無	0	00.無	0				3660	183	303	0	0	0	0	0	
	3052	4000	1	1	1	1	1	1.可以交易；0.被PK不掉	1	0	特級敏捷銅鑄項鍊	22	0.全角色	07.項鍊	06.藍	3	07.怪物掉寶	5000	3052	6003052	6100000	6200000	4301004	3ditem_a_001	1	22	-1	0	00.無	0		00.無	0	00.無	0				10500	525	303	0	0	0	0	0	
	3053	4000	1	1	1	1	1	1.可以交易；0.被PK不掉	1	0	特級體能銅鑄項鍊	22	0.全角色	07.項鍊	06.藍	3	07.怪物掉寶	5000	3053	6003053	6100000	6200000	4301004	3ditem_a_001	1	22	-1	0	00.無	0		00.無	0	00.無	0				10500	525	303	0	0	0	0	0	
	3054	4000	1	1	1	1	1	1.可以交易；0.被PK不掉	1	0	特級智慧銅鑄項鍊	22	0.全角色	07.項鍊	06.藍	3	07.怪物掉寶	5000	3054	6003054	6100000	6200000	4301004	3ditem_a_001	1	22	-1	0	00.無	0		00.無	0	00.無	0				10500	525	303	0	0	0	0	0	
	3055	4000	1	1	1	1	1	1.可以交易；0.被PK不掉	1	0	特級敏捷銀製項鍊	27	0.全角色	07.項鍊	06.藍	3	07.怪物掉寶	5000	3055	6003055	6100000	6200000	4301005	3ditem_a_001	1	27	-1	0	00.無	0		00.無	0	00.無	0				24100	1205	303	0	0	0	0	0	
	3056	4000	1	1	1	1	1	1.可以交易；0.被PK不掉	1	0	特級體能銀製項鍊	27	0.全角色	07.項鍊	06.藍	3	07.怪物掉寶	5000	3056	6003056	6100000	6200000	4301005	3ditem_a_001	1	27	-1	0	00.無	0		00.無	0	00.無	0				24100	1205	303	0	0	0	0	0	
	3057	4000	1	1	1	1	1	1.可以交易；0.被PK不掉	1	0	特級智慧銀製項鍊	27	0.全角色	07.項鍊	06.藍	3	07.怪物掉寶	5000	3057	6003057	6100000	6200000	4301005	3ditem_a_001	1	27	-1	0	00.無	0		00.無	0	00.無	0				24100	1205	303	0	0	0	0	0	
	3058	4000	1	1	1	1	1	1.可以交易；0.被PK不掉	1	0	特級敏捷金製項鍊	32	0.全角色	07.項鍊	06.藍	3	07.怪物掉寶	5000	3058	6003058	6100000	6200000	4301006	3ditem_a_001	1	32	-1	0	00.無	0		00.無	0	00.無	0				49100	2455	303	0	0	0	0	0	
	3059	4000	1	1	1	1	1	1.可以交易；0.被PK不掉	1	0	特級體能金製項鍊	32	0.全角色	07.項鍊	06.藍	3	07.怪物掉寶	5000	3059	6003059	6100000	6200000	4301006	3ditem_a_001	1	32	-1	0	00.無	0		00.無	0	00.無	0				49100	2455	303	0	0	0	0	0	
	3060	4000	1	1	1	1	1	1.可以交易；0.被PK不掉	1	0	特級智慧金製項鍊	32	0.全角色	07.項鍊	06.藍	3	07.怪物掉寶	5000	3060	6003060	6100000	6200000	4301006	3ditem_a_001	1	32	-1	0	00.無	0		00.無	0	00.無	0				49100	2455	303	0	0	0	0	0	
	3061	4000	1	1	1	1	1	1.可以交易；0.被PK不掉	1	0	特級敏捷白金項鍊	37	0.全角色	07.項鍊	06.藍	3	07.怪物掉寶	5000	3061	6003061	6100000	6200000	4301007	3ditem_a_001	1	37	-1	0	00.無	0		00.無	0	00.無	0				90500	4525	303	0	0	0	0	0	
	3062	4000	1	1	1	1	1	1.可以交易；0.被PK不掉	1	0	特級體能白金項鍊	37	0.全角色	07.項鍊	06.藍	3	07.怪物掉寶	5000	3062	6003062	6100000	6200000	4301007	3ditem_a_001	1	37	-1	0	00.無	0		00.無	0	00.無	0				90500	4525	303	0	0	0	0	0	
	3063	4000	1	1	1	1	1	1.可以交易；0.被PK不掉	1	0	特級智慧白金項鍊	37	0.全角色	07.項鍊	06.藍	3	07.怪物掉寶	5000	3063	6003063	6100000	6200000	4301007	3ditem_a_001	1	37	-1	0	00.無	0		00.無	0	00.無	0				90500	4525	303	0	0	0	0	0	
	3064	4000	1	1	1	1	1	1.可以交易；0.被PK不掉	1	0	特級敏捷珍珠項鍊	42	0.全角色	07.項鍊	06.藍	3	07.怪物掉寶	5000	3064	6003064	6100000	6200000	4301008	3ditem_a_001	1	42	-1	0	00.無	0		00.無	0	00.無	0				156000	7800	303	0	0	0	0	0	
	3065	4000	1	1	1	1	1	1.可以交易；0.被PK不掉	1	0	特級體能珍珠項鍊	42	0.全角色	07.項鍊	06.藍	3	07.怪物掉寶	5000	3065	6003065	6100000	6200000	4301008	3ditem_a_001	1	42	-1	0	00.無	0		00.無	0	00.無	0				156000	7800	303	0	0	0	0	0	
	3066	4000	1	1	1	1	1	1.可以交易；0.被PK不掉	1	0	特級智慧珍珠項鍊	42	0.全角色	07.項鍊	06.藍	3	07.怪物掉寶	5000	3066	6003066	6100000	6200000	4301008	3ditem_a_001	1	42	-1	0	00.無	0		00.無	0	00.無	0				156000	7800	303	0	0	0	0	0	
	3067	4000	1	1	1	1	1	1.可以交易；0.被PK不掉	1	0	特級敏捷瑪瑙項鍊	47	0.全角色	07.項鍊	06.藍	3	07.怪物掉寶	5000	3067	6003067	6100000	6200000	4301009	3ditem_a_001	1	47	-1	0	00.無	0		00.無	0	00.無	0				254000	12700	303	0	0	0	0	0	
	3068	4000	1	1	1	1	1	1.可以交易；0.被PK不掉	1	0	特級體能瑪瑙項鍊	47	0.全角色	07.項鍊	06.藍	3	07.怪物掉寶	5000	3068	6003068	6100000	6200000	4301009	3ditem_a_001	1	47	-1	0	00.無	0		00.無	0	00.無	0				254000	12700	303	0	0	0	0	0	
	3069	4000	1	1	1	1	1	1.可以交易；0.被PK不掉	1	0	特級智慧瑪瑙項鍊	47	0.全角色	07.項鍊	06.藍	3	07.怪物掉寶	5000	3069	6003069	6100000	6200000	4301009	3ditem_a_001	1	47	-1	0	00.無	0		00.無	0	00.無	0				254000	12700	303	0	0	0	0	0	
	3070	4000	1	1	1	1	1	1.可以交易；0.被PK不掉	1	0	特級敏捷琥珀項鍊	52	0.全角色	07.項鍊	06.藍	3	07.怪物掉寶	5000	3070	6003070	6100000	6200000	4301010	3ditem_a_001	1	52	-1	0	00.無	0		00.無	0	00.無	0				398000	19900	303	0	0	0	0	0	
	3071	4000	1	1	1	1	1	1.可以交易；0.被PK不掉	1	0	特級體能琥珀項鍊	52	0.全角色	07.項鍊	06.藍	3	07.怪物掉寶	5000	3071	6003071	6100000	6200000	4301010	3ditem_a_001	1	52	-1	0	00.無	0		00.無	0	00.無	0				398000	19900	303	0	0	0	0	0	
	3072	4000	1	1	1	1	1	1.可以交易；0.被PK不掉	1	0	特級智慧琥珀項鍊	52	0.全角色	07.項鍊	06.藍	3	07.怪物掉寶	5000	3072	6003072	6100000	6200000	4301010	3ditem_a_001	1	52	-1	0	00.無	0		00.無	0	00.無	0				398000	19900	303	0	0	0	0	0	
	3073	4000	1	1	1	1	1	1.可以交易；0.被PK不掉	1	0	特級敏捷鑽石項鍊	57	0.全角色	07.項鍊	06.藍	3	07.怪物掉寶	5000	3073	6003073	6100000	6200000	4301011	3ditem_a_001	1	57	-1	0	00.無	0		00.無	0	00.無	0				603000	30150	303	0	0	0	0	0	
	3074	4000	1	1	1	1	1	1.可以交易；0.被PK不掉	1	0	特級體能鑽石項鍊	57	0.全角色	07.項鍊	06.藍	3	07.怪物掉寶	5000	3074	6003074	6100000	6200000	4301011	3ditem_a_001	1	57	-1	0	00.無	0		00.無	0	00.無	0				603000	30150	303	0	0	0	0	0	
	3075	4000	1	1	1	1	1	1.可以交易；0.被PK不掉	1	0	特級智慧鑽石項鍊	57	0.全角色	07.項鍊	06.藍	3	07.怪物掉寶	5000	3075	6003075	6100000	6200000	4301011	3ditem_a_001	1	57	-1	0	00.無	0		00.無	0	00.無	0				603000	30150	303	0	0	0	0	0	
#	3076	4000	0	1	1	1	1	1.可以交易；0.被PK不掉	1	0	特級敏捷鳴嵐項鍊	62	0.全角色	07.項鍊	06.藍	3	07.怪物掉寶	5000	3076	6003076	6100000	6200000	4301012	3ditem_a_001	1	62	-1	0	00.無	0		00.無	0	00.無	0				890000	44500	303	0	0	0	0	0	
#	3077	4000	0	1	1	1	1	1.可以交易；0.被PK不掉	1	0	特級體能鳴嵐項鍊	62	0.全角色	07.項鍊	06.藍	3	07.怪物掉寶	5000	3077	6003077	6100000	6200000	4301012	3ditem_a_001	1	62	-1	0	00.無	0		00.無	0	00.無	0				890000	44500	303	0	0	0	0	0	
#	3078	4000	0	1	1	1	1	1.可以交易；0.被PK不掉	1	0	特級智慧鳴嵐項鍊	62	0.全角色	07.項鍊	06.藍	3	07.怪物掉寶	5000	3078	6003078	6100000	6200000	4301012	3ditem_a_001	1	62	-1	0	00.無	0		00.無	0	00.無	0				890000	44500	303	0	0	0	0	0	
#	3079	4000	0	1	1	1	1	1.可以交易；0.被PK不掉	1	0	特級敏捷玄天項鍊	67	0.全角色	07.項鍊	06.藍	3	07.怪物掉寶	5000	3079	6003079	6100000	6200000	4301013	3ditem_a_001	1	67	-1	0	00.無	0		00.無	0	00.無	0				1020000	51000	303	0	0	0	0	0	
#	3080	4000	0	1	1	1	1	1.可以交易；0.被PK不掉	1	0	特級體能玄天項鍊	67	0.全角色	07.項鍊	06.藍	3	07.怪物掉寶	5000	3080	6003080	6100000	6200000	4301013	3ditem_a_001	1	67	-1	0	00.無	0		00.無	0	00.無	0				1020000	51000	303	0	0	0	0	0	
#	3081	4000	0	1	1	1	1	1.可以交易；0.被PK不掉	1	0	特級智慧玄天項鍊	67	0.全角色	07.項鍊	06.藍	3	07.怪物掉寶	5000	3081	6003081	6100000	6200000	4301013	3ditem_a_001	1	67	-1	0	00.無	0		00.無	0	00.無	0				1020000	51000	303	0	0	0	0	0	
#	3082	4000	0	1	1	1	1	1.可以交易；0.被PK不掉	1	0	特級敏捷法皇項鍊	72	0.全角色	07.項鍊	06.藍	3	07.怪物掉寶	5000	3082	6003082	6100000	6200000	4301014	3ditem_a_001	1	72	-1	0	00.無	0		00.無	0	00.無	0				1	1	303	0	0	0	0	0	
#	3083	4000	0	1	1	1	1	1.可以交易；0.被PK不掉	1	0	特級體能法皇項鍊	72	0.全角色	07.項鍊	06.藍	3	07.怪物掉寶	5000	3083	6003083	6100000	6200000	4301014	3ditem_a_001	1	72	-1	0	00.無	0		00.無	0	00.無	0				1	1	303	0	0	0	0	0	
#	3084	4000	0	1	1	1	1	1.可以交易；0.被PK不掉	1	0	特級智慧法皇項鍊	72	0.全角色	07.項鍊	06.藍	3	07.怪物掉寶	5000	3084	6003084	6100000	6200000	4301014	3ditem_a_001	1	72	-1	0	00.無	0		00.無	0	00.無	0				1	1	303	0	0	0	0	0	
#	3085	4000	0	1	1	1	1	1.可以交易；0.被PK不掉	1	0	特級敏捷希亞項鍊	77	0.全角色	07.項鍊	06.藍	3	07.怪物掉寶	5000	3085	6003085	6100000	6200000	4301015	3ditem_a_001	1	77	-1	0	00.無	0		00.無	0	00.無	0				1	1	303	0	0	0	0	0	
#	3086	4000	0	1	1	1	1	1.可以交易；0.被PK不掉	1	0	特級體能希亞項鍊	77	0.全角色	07.項鍊	06.藍	3	07.怪物掉寶	5000	3086	6003086	6100000	6200000	4301015	3ditem_a_001	1	77	-1	0	00.無	0		00.無	0	00.無	0				1	1	303	0	0	0	0	0	
#	3087	4000	0	1	1	1	1	1.可以交易；0.被PK不掉	1	0	特級智慧希亞項鍊	77	0.全角色	07.項鍊	06.藍	3	07.怪物掉寶	5000	3087	6003087	6100000	6200000	4301015	3ditem_a_001	1	77	-1	0	00.無	0		00.無	0	00.無	0				1	1	303	0	0	0	0	0	
#	3088	4000	0	1	1	1	1	1.可以交易；0.被PK不掉	1	0	特級敏捷聖御項鍊	82	0.全角色	07.項鍊	06.藍	3	07.怪物掉寶	5000	3088	6003088	6100000	6200000	4301016	3ditem_a_001	1	82	-1	0	00.無	0		00.無	0	00.無	0				1	1	303	0	0	0	0	0	
#	3089	4000	0	1	1	1	1	1.可以交易；0.被PK不掉	1	0	特級體能聖御項鍊	82	0.全角色	07.項鍊	06.藍	3	07.怪物掉寶	5000	3089	6003089	6100000	6200000	4301016	3ditem_a_001	1	82	-1	0	00.無	0		00.無	0	00.無	0				1	1	303	0	0	0	0	0	
#	3090	4000	0	1	1	1	1	1.可以交易；0.被PK不掉	1	0	特級智慧聖御項鍊	82	0.全角色	07.項鍊	06.藍	3	07.怪物掉寶	5000	3090	6003090	6100000	6200000	4301016	3ditem_a_001	1	82	-1	0	00.無	0		00.無	0	00.無	0				1	1	303	0	0	0	0	0	
#	3091	4000	0	1	1	1	1	1.可以交易；0.被PK不掉	1	0	特級敏捷次元項鍊	87	0.全角色	07.項鍊	06.藍	3	07.怪物掉寶	5000	3091	6003091	6100000	6200000	4301017	3ditem_a_001	1	87	-1	0	00.無	0		00.無	0	00.無	0				1	1	303	0	0	0	0	0	
#	3092	4000	0	1	1	1	1	1.可以交易；0.被PK不掉	1	0	特級體能次元項鍊	87	0.全角色	07.項鍊	06.藍	3	07.怪物掉寶	5000	3092	6003092	6100000	6200000	4301017	3ditem_a_001	1	87	-1	0	00.無	0		00.無	0	00.無	0				1	1	303	0	0	0	0	0	
#	3093	4000	0	1	1	1	1	1.可以交易；0.被PK不掉	1	0	特級智慧次元項鍊	87	0.全角色	07.項鍊	06.藍	3	07.怪物掉寶	5000	3093	6003093	6100000	6200000	4301017	3ditem_a_001	1	87	-1	0	00.無	0		00.無	0	00.無	0				1	1	303	0	0	0	0	0	
#	3094	4000	0	1	1	1	1	1.可以交易；0.被PK不掉	1	0	特級敏捷魔瞳項鍊	92	0.全角色	07.項鍊	06.藍	3	07.怪物掉寶	5000	3094	6003094	6100000	6200000	4301018	3ditem_a_001	1	92	-1	0	00.無	0		00.無	0	00.無	0				1	1	303	0	0	0	0	0	
#	3095	4000	0	1	1	1	1	1.可以交易；0.被PK不掉	1	0	特級體能魔瞳項鍊	92	0.全角色	07.項鍊	06.藍	3	07.怪物掉寶	5000	3095	6003095	6100000	6200000	4301018	3ditem_a_001	1	92	-1	0	00.無	0		00.無	0	00.無	0				1	1	303	0	0	0	0	0	
#	3096	4000	0	1	1	1	1	1.可以交易；0.被PK不掉	1	0	特級智慧魔瞳項鍊	92	0.全角色	07.項鍊	06.藍	3	07.怪物掉寶	5000	3096	6003096	6100000	6200000	4301018	3ditem_a_001	1	92	-1	0	00.無	0		00.無	0	00.無	0				1	1	303	0	0	0	0	0	
#	3097	4000	0	1	1	1	1	1.可以交易；0.被PK不掉	1	0	特級敏捷極樂項鍊	97	0.全角色	07.項鍊	06.藍	3	07.怪物掉寶	5000	3097	6003097	6100000	6200000	4301019	3ditem_a_001	1	97	-1	0	00.無	0		00.無	0	00.無	0				1	1	303	0	0	0	0	0	
#	3098	4000	0	1	1	1	1	1.可以交易；0.被PK不掉	1	0	特級體能極樂項鍊	97	0.全角色	07.項鍊	06.藍	3	07.怪物掉寶	5000	3098	6003098	6100000	6200000	4301019	3ditem_a_001	1	97	-1	0	00.無	0		00.無	0	00.無	0				1	1	303	0	0	0	0	0	
#	3099	4000	0	1	1	1	1	1.可以交易；0.被PK不掉	1	0	特級智慧極樂項鍊	97	0.全角色	07.項鍊	06.藍	3	07.怪物掉寶	5000	3099	6003099	6100000	6200000	4301019	3ditem_a_001	1	97	-1	0	00.無	0		00.無	0	00.無	0				1	1	303	0	0	0	0	0	
	3100	4000	1	1	1	1	1	1.可以交易；0.被PK不掉	1	0	特級地防木刻手環	7	0.全角色	06.手環	06.藍	3	05.任務獎賞	5000	3100	6003100	6100000	6200000	4302001	3ditem_a_001	1	7	-1	0	00.無	0		00.無	0	00.無	0				360	18	302	0	0	0	0	0	
	3101	4000	1	1	1	1	1	1.可以交易；0.被PK不掉	1	0	特級水防木刻手環	7	0.全角色	06.手環	06.藍	3	07.怪物掉寶	5000	3101	6003101	6100000	6200000	4302001	3ditem_a_001	1	7	-1	0	00.無	0		00.無	0	00.無	0				360	18	302	0	0	0	0	0	
	3102	4000	1	1	1	1	1	1.可以交易；0.被PK不掉	1	0	特級火防木刻手環	7	0.全角色	06.手環	06.藍	3	07.怪物掉寶	5000	3102	6003102	6100000	6200000	4302001	3ditem_a_001	1	7	-1	0	00.無	0		00.無	0	00.無	0				360	18	302	0	0	0	0	0	
	3103	4000	1	1	1	1	1	1.可以交易；0.被PK不掉	1	0	特級風防木刻手環	7	0.全角色	06.手環	06.藍	3	07.怪物掉寶	5000	3103	6003103	6100000	6200000	4302001	3ditem_a_001	1	7	-1	0	00.無	0		00.無	0	00.無	0				360	18	302	0	0	0	0	0	
	3104	4000	1	1	1	1	1	1.可以交易；0.被PK不掉	1	0	特級地防石雕手環	12	0.全角色	06.手環	06.藍	3	07.怪物掉寶	5000	3104	6003104	6100000	6200000	4302002	3ditem_a_001	1	12	-1	0	00.無	0		00.無	0	00.無	0				1330	67	302	0	0	0	0	0	
	3105	4000	1	1	1	1	1	1.可以交易；0.被PK不掉	1	0	特級水防石雕手環	12	0.全角色	06.手環	06.藍	3	07.怪物掉寶	5000	3105	6003105	6100000	6200000	4302002	3ditem_a_001	1	12	-1	0	00.無	0		00.無	0	00.無	0				1330	67	302	0	0	0	0	0	
	3106	4000	1	1	1	1	1	1.可以交易；0.被PK不掉	1	0	特級火防石雕手環	12	0.全角色	06.手環	06.藍	3	05.任務獎賞	5000	3106	6003106	6100000	6200000	4302002	3ditem_a_001	1	12	-1	0	00.無	0		00.無	0	00.無	0				1330	67	302	0	0	0	0	0	
	3107	4000	1	1	1	1	1	1.可以交易；0.被PK不掉	1	0	特級風防石雕手環	12	0.全角色	06.手環	06.藍	3	07.怪物掉寶	5000	3107	6003107	6100000	6200000	4302002	3ditem_a_001	1	12	-1	0	00.無	0		00.無	0	00.無	0				1330	67	302	0	0	0	0	0	
	3108	4000	1	1	1	1	1	1.可以交易；0.被PK不掉	1	0	特級地防鐵製手環	17	0.全角色	06.手環	06.藍	3	05.任務獎賞	5000	3108	6003108	6100000	6200000	4302003	3ditem_a_001	1	17	-1	0	00.無	0		00.無	0	00.無	0				4880	244	302	0	0	0	0	0	
	3109	4000	1	1	1	1	1	1.可以交易；0.被PK不掉	1	0	特級水防鐵製手環	17	0.全角色	06.手環	06.藍	3	07.怪物掉寶	5000	3109	6003109	6100000	6200000	4302003	3ditem_a_001	1	17	-1	0	00.無	0		00.無	0	00.無	0				4880	244	302	0	0	0	0	0	
	3110	4000	1	1	1	1	1	1.可以交易；0.被PK不掉	1	0	特級火防鐵製手環	17	0.全角色	06.手環	06.藍	3	07.怪物掉寶	5000	3110	6003110	6100000	6200000	4302003	3ditem_a_001	1	17	-1	0	00.無	0		00.無	0	00.無	0				4880	244	302	0	0	0	0	0	
	3111	4000	1	1	1	1	1	1.可以交易；0.被PK不掉	1	0	特級風防鐵製手環	17	0.全角色	06.手環	06.藍	3	07.怪物掉寶	5000	3111	6003111	6100000	6200000	4302003	3ditem_a_001	1	17	-1	0	00.無	0		00.無	0	00.無	0				4880	244	302	0	0	0	0	0	
	3112	4000	1	1	1	1	1	1.可以交易；0.被PK不掉	1	0	特級地防銅鑄手環	22	0.全角色	06.手環	06.藍	3	07.怪物掉寶	5000	3112	6003112	6100000	6200000	4302004	3ditem_a_001	1	22	-1	0	00.無	0		00.無	0	00.無	0				14000	700	302	0	0	0	0	0	
	3113	4000	1	1	1	1	1	1.可以交易；0.被PK不掉	1	0	特級水防銅鑄手環	22	0.全角色	06.手環	06.藍	3	07.怪物掉寶	5000	3113	6003113	6100000	6200000	4302004	3ditem_a_001	1	22	-1	0	00.無	0		00.無	0	00.無	0				14000	700	302	0	0	0	0	0	
	3114	4000	1	1	1	1	1	1.可以交易；0.被PK不掉	1	0	特級火防銅鑄手環	22	0.全角色	06.手環	06.藍	3	05.任務獎賞	5000	3114	6003114	6100000	6200000	4302004	3ditem_a_001	1	22	-1	0	00.無	0		00.無	0	00.無	0				14000	700	302	0	0	0	0	0	
	3115	4000	1	1	1	1	1	1.可以交易；0.被PK不掉	1	0	特級風防銅鑄手環	22	0.全角色	06.手環	06.藍	3	07.怪物掉寶	5000	3115	6003115	6100000	6200000	4302004	3ditem_a_001	1	22	-1	0	00.無	0		00.無	0	00.無	0				14000	700	302	0	0	0	0	0	
	3116	4000	1	1	1	1	1	1.可以交易；0.被PK不掉	1	0	特級地防銀製手環	27	0.全角色	06.手環	06.藍	3	05.任務獎賞	5000	3116	6003116	6100000	6200000	4302005	3ditem_a_001	1	27	-1	0	00.無	0		00.無	0	00.無	0				32200	1610	302	0	0	0	0	0	
	3117	4000	1	1	1	1	1	1.可以交易；0.被PK不掉	1	0	特級水防銀製手環	27	0.全角色	06.手環	06.藍	3	07.怪物掉寶	5000	3117	6003117	6100000	6200000	4302005	3ditem_a_001	1	27	-1	0	00.無	0		00.無	0	00.無	0				32200	1610	302	0	0	0	0	0	
	3118	4000	1	1	1	1	1	1.可以交易；0.被PK不掉	1	0	特級火防銀製手環	27	0.全角色	06.手環	06.藍	3	07.怪物掉寶	5000	3118	6003118	6100000	6200000	4302005	3ditem_a_001	1	27	-1	0	00.無	0		00.無	0	00.無	0				32200	1610	302	0	0	0	0	0	
	3119	4000	1	1	1	1	1	1.可以交易；0.被PK不掉	1	0	特級風防銀製手環	27	0.全角色	06.手環	06.藍	3	07.怪物掉寶	5000	3119	6003119	6100000	6200000	4302005	3ditem_a_001	1	27	-1	0	00.無	0		00.無	0	00.無	0				32200	1610	302	0	0	0	0	0	
	3120	4000	1	1	1	1	1	1.可以交易；0.被PK不掉	1	0	特級地防金製手環	32	0.全角色	06.手環	06.藍	3	07.怪物掉寶	5000	3120	6003120	6100000	6200000	4302006	3ditem_a_001	1	32	-1	0	00.無	0		00.無	0	00.無	0				65500	3275	302	0	0	0	0	0	
	3121	4000	1	1	1	1	1	1.可以交易；0.被PK不掉	1	0	特級水防金製手環	32	0.全角色	06.手環	06.藍	3	07.怪物掉寶	5000	3121	6003121	6100000	6200000	4302006	3ditem_a_001	1	32	-1	0	00.無	0		00.無	0	00.無	0				65500	3275	302	0	0	0	0	0	
	3122	4000	1	1	1	1	1	1.可以交易；0.被PK不掉	1	0	特級火防金製手環	32	0.全角色	06.手環	06.藍	3	05.任務獎賞	5000	3122	6003122	6100000	6200000	4302006	3ditem_a_001	1	32	-1	0	00.無	0		00.無	0	00.無	0				65500	3275	302	0	0	0	0	0	
	3123	4000	1	1	1	1	1	1.可以交易；0.被PK不掉	1	0	特級風防金製手環	32	0.全角色	06.手環	06.藍	3	07.怪物掉寶	5000	3123	6003123	6100000	6200000	4302006	3ditem_a_001	1	32	-1	0	00.無	0		00.無	0	00.無	0				65500	3275	302	0	0	0	0	0	
	3124	4000	1	1	1	1	1	1.可以交易；0.被PK不掉	1	0	特級地防白金手環	37	0.全角色	06.手環	06.藍	3	05.任務獎賞	5000	3124	6003124	6100000	6200000	4302007	3ditem_a_001	1	37	-1	0	00.無	0		00.無	0	00.無	0				120700	6035	302	0	0	0	0	0	
	3125	4000	1	1	1	1	1	1.可以交易；0.被PK不掉	1	0	特級水防白金手環	37	0.全角色	06.手環	06.藍	3	07.怪物掉寶	5000	3125	6003125	6100000	6200000	4302007	3ditem_a_001	1	37	-1	0	00.無	0		00.無	0	00.無	0				120700	6035	302	0	0	0	0	0	
	3126	4000	1	1	1	1	1	1.可以交易；0.被PK不掉	1	0	特級火防白金手環	37	0.全角色	06.手環	06.藍	3	07.怪物掉寶	5000	3126	6003126	6100000	6200000	4302007	3ditem_a_001	1	37	-1	0	00.無	0		00.無	0	00.無	0				120700	6035	302	0	0	0	0	0	
	3127	4000	1	1	1	1	1	1.可以交易；0.被PK不掉	1	0	特級風防白金手環	37	0.全角色	06.手環	06.藍	3	07.怪物掉寶	5000	3127	6003127	6100000	6200000	4302007	3ditem_a_001	1	37	-1	0	00.無	0		00.無	0	00.無	0				120700	6035	302	0	0	0	0	0	
	3128	4000	1	1	1	1	1	1.可以交易；0.被PK不掉	1	0	特級地防珍珠手環	42	0.全角色	06.手環	06.藍	3	07.怪物掉寶	5000	3128	6003128	6100000	6200000	4302008	3ditem_a_001	1	42	-1	0	00.無	0		00.無	0	00.無	0				207000	10350	302	0	0	0	0	0	
	3129	4000	1	1	1	1	1	1.可以交易；0.被PK不掉	1	0	特級水防珍珠手環	42	0.全角色	06.手環	06.藍	3	07.怪物掉寶	5000	3129	6003129	6100000	6200000	4302008	3ditem_a_001	1	42	-1	0	00.無	0		00.無	0	00.無	0				207000	10350	302	0	0	0	0	0	
	3130	4000	1	1	1	1	1	1.可以交易；0.被PK不掉	1	0	特級火防珍珠手環	42	0.全角色	06.手環	06.藍	3	05.任務獎賞	5000	3130	6003130	6100000	6200000	4302008	3ditem_a_001	1	42	-1	0	00.無	0		00.無	0	00.無	0				207000	10350	302	0	0	0	0	0	
	3131	4000	1	1	1	1	1	1.可以交易；0.被PK不掉	1	0	特級風防珍珠手環	42	0.全角色	06.手環	06.藍	3	07.怪物掉寶	5000	3131	6003131	6100000	6200000	4302008	3ditem_a_001	1	42	-1	0	00.無	0		00.無	0	00.無	0				207000	10350	302	0	0	0	0	0	
	3132	4000	1	1	1	1	1	1.可以交易；0.被PK不掉	1	0	特級地防瑪瑙手環	47	0.全角色	06.手環	06.藍	3	05.任務獎賞	5000	3132	6003132	6100000	6200000	4302009	3ditem_a_001	1	47	-1	0	00.無	0		00.無	0	00.無	0				339000	16950	302	0	0	0	0	0	
	3133	4000	1	1	1	1	1	1.可以交易；0.被PK不掉	1	0	特級水防瑪瑙手環	47	0.全角色	06.手環	06.藍	3	07.怪物掉寶	5000	3133	6003133	6100000	6200000	4302009	3ditem_a_001	1	47	-1	0	00.無	0		00.無	0	00.無	0				339000	16950	302	0	0	0	0	0	
	3134	4000	1	1	1	1	1	1.可以交易；0.被PK不掉	1	0	特級火防瑪瑙手環	47	0.全角色	06.手環	06.藍	3	07.怪物掉寶	5000	3134	6003134	6100000	6200000	4302009	3ditem_a_001	1	47	-1	0	00.無	0		00.無	0	00.無	0				339000	16950	302	0	0	0	0	0	
	3135	4000	1	1	1	1	1	1.可以交易；0.被PK不掉	1	0	特級風防瑪瑙手環	47	0.全角色	06.手環	06.藍	3	07.怪物掉寶	5000	3135	6003135	6100000	6200000	4302009	3ditem_a_001	1	47	-1	0	00.無	0		00.無	0	00.無	0				339000	16950	302	0	0	0	0	0	
	3136	4000	1	1	1	1	1	1.可以交易；0.被PK不掉	1	0	特級地防琥珀手環	52	0.全角色	06.手環	06.藍	3	07.怪物掉寶	5000	3136	6003136	6100000	6200000	4302010	3ditem_a_001	1	52	-1	0	00.無	0		00.無	0	00.無	0				531000	26550	302	0	0	0	0	0	
	3137	4000	1	1	1	1	1	1.可以交易；0.被PK不掉	1	0	特級水防琥珀手環	52	0.全角色	06.手環	06.藍	3	07.怪物掉寶	5000	3137	6003137	6100000	6200000	4302010	3ditem_a_001	1	52	-1	0	00.無	0		00.無	0	00.無	0				531000	26550	302	0	0	0	0	0	
	3138	4000	1	1	1	1	1	1.可以交易；0.被PK不掉	1	0	特級火防琥珀手環	52	0.全角色	06.手環	06.藍	3	05.任務獎賞	5000	3138	6003138	6100000	6200000	4302010	3ditem_a_001	1	52	-1	0	00.無	0		00.無	0	00.無	0				531000	26550	302	0	0	0	0	0	
	3139	4000	1	1	1	1	1	1.可以交易；0.被PK不掉	1	0	特級風防琥珀手環	52	0.全角色	06.手環	06.藍	3	07.怪物掉寶	5000	3139	6003139	6100000	6200000	4302010	3ditem_a_001	1	52	-1	0	00.無	0		00.無	0	00.無	0				531000	26550	302	0	0	0	0	0	
	3140	4000	1	1	1	1	1	1.可以交易；0.被PK不掉	1	0	特級地防鑽石手環	57	0.全角色	06.手環	06.藍	3	05.任務獎賞	5000	3140	6003140	6100000	6200000	4302011	3ditem_a_001	1	57	-1	0	00.無	0		00.無	0	00.無	0				804000	40200	302	0	0	0	0	0	
	3141	4000	1	1	1	1	1	1.可以交易；0.被PK不掉	1	0	特級水防鑽石手環	57	0.全角色	06.手環	06.藍	3	07.怪物掉寶	5000	3141	6003141	6100000	6200000	4302011	3ditem_a_001	1	57	-1	0	00.無	0		00.無	0	00.無	0				804000	40200	302	0	0	0	0	0	
	3142	4000	1	1	1	1	1	1.可以交易；0.被PK不掉	1	0	特級火防鑽石手環	57	0.全角色	06.手環	06.藍	3	07.怪物掉寶	5000	3142	6003142	6100000	6200000	4302011	3ditem_a_001	1	57	-1	0	00.無	0		00.無	0	00.無	0				804000	40200	302	0	0	0	0	0	
	3143	4000	1	1	1	1	1	1.可以交易；0.被PK不掉	1	0	特級風防鑽石手環	57	0.全角色	06.手環	06.藍	3	07.怪物掉寶	5000	3143	6003143	6100000	6200000	4302011	3ditem_a_001	1	57	-1	0	00.無	0		00.無	0	00.無	0				804000	40200	302	0	0	0	0	0	
#	3144	4000	0	1	1	1	1	1.可以交易；0.被PK不掉	1	0	特級地防鳴嵐手環	62	0.全角色	06.手環	06.藍	3	07.怪物掉寶	5000	3144	6003144	6100000	6200000	4302012	3ditem_a_001	1	62	-1	0	00.無	0		00.無	0	00.無	0				1190000	59500	302	0	0	0	0	0	
#	3145	4000	0	1	1	1	1	1.可以交易；0.被PK不掉	1	0	特級水防鳴嵐手環	62	0.全角色	06.手環	06.藍	3	07.怪物掉寶	5000	3145	6003145	6100000	6200000	4302012	3ditem_a_001	1	62	-1	0	00.無	0		00.無	0	00.無	0				1190000	59500	302	0	0	0	0	0	
#	3146	4000	0	1	1	1	1	1.可以交易；0.被PK不掉	1	0	特級火防鳴嵐手環	62	0.全角色	06.手環	06.藍	3	05.任務獎賞	5000	3146	6003146	6100000	6200000	4302012	3ditem_a_001	1	62	-1	0	00.無	0		00.無	0	00.無	0				1190000	59500	302	0	0	0	0	0	
#	3147	4000	0	1	1	1	1	1.可以交易；0.被PK不掉	1	0	特級風防鳴嵐手環	62	0.全角色	06.手環	06.藍	3	07.怪物掉寶	5000	3147	6003147	6100000	6200000	4302012	3ditem_a_001	1	62	-1	0	00.無	0		00.無	0	00.無	0				1190000	59500	302	0	0	0	0	0	
#	3148	4000	0	1	1	1	1	1.可以交易；0.被PK不掉	1	0	特級地防玄天手環	67	0.全角色	06.手環	06.藍	3	05.任務獎賞	5000	3148	6003148	6100000	6200000	4302013	3ditem_a_001	1	67	-1	0	00.無	0		00.無	0	00.無	0				1360000	68000	302	0	0	0	0	0	
#	3149	4000	0	1	1	1	1	1.可以交易；0.被PK不掉	1	0	特級水防玄天手環	67	0.全角色	06.手環	06.藍	3	07.怪物掉寶	5000	3149	6003149	6100000	6200000	4302013	3ditem_a_001	1	67	-1	0	00.無	0		00.無	0	00.無	0				1360000	68000	302	0	0	0	0	0	
#	3150	4000	0	1	1	1	1	1.可以交易；0.被PK不掉	1	0	特級火防玄天手環	67	0.全角色	06.手環	06.藍	3	07.怪物掉寶	5000	3150	6003150	6100000	6200000	4302013	3ditem_a_001	1	67	-1	0	00.無	0		00.無	0	00.無	0				1360000	68000	302	0	0	0	0	0	
#	3151	4000	0	1	1	1	1	1.可以交易；0.被PK不掉	1	0	特級風防玄天手環	67	0.全角色	06.手環	06.藍	3	07.怪物掉寶	5000	3151	6003151	6100000	6200000	4302013	3ditem_a_001	1	67	-1	0	00.無	0		00.無	0	00.無	0				1360000	68000	302	0	0	0	0	0	
#	3152	4000	0	1	1	1	1	1.可以交易；0.被PK不掉	1	0	特級地防法皇手環	72	0.全角色	06.手環	06.藍	3	07.怪物掉寶	5000	3152	6003152	6100000	6200000	4302014	3ditem_a_001	1	72	-1	0	00.無	0		00.無	0	00.無	0				1	1	302	0	0	0	0	0	
#	3153	4000	0	1	1	1	1	1.可以交易；0.被PK不掉	1	0	特級水防法皇手環	72	0.全角色	06.手環	06.藍	3	07.怪物掉寶	5000	3153	6003153	6100000	6200000	4302014	3ditem_a_001	1	72	-1	0	00.無	0		00.無	0	00.無	0				1	1	302	0	0	0	0	0	
#	3154	4000	0	1	1	1	1	1.可以交易；0.被PK不掉	1	0	特級火防法皇手環	72	0.全角色	06.手環	06.藍	3	07.怪物掉寶	5000	3154	6003154	6100000	6200000	4302014	3ditem_a_001	1	72	-1	0	00.無	0		00.無	0	00.無	0				1	1	302	0	0	0	0	0	
#	3155	4000	0	1	1	1	1	1.可以交易；0.被PK不掉	1	0	特級風防法皇手環	72	0.全角色	06.手環	06.藍	3	07.怪物掉寶	5000	3155	6003155	6100000	6200000	4302014	3ditem_a_001	1	72	-1	0	00.無	0		00.無	0	00.無	0				1	1	302	0	0	0	0	0	
#	3156	4000	0	1	1	1	1	1.可以交易；0.被PK不掉	1	0	特級地防希亞手環	77	0.全角色	06.手環	06.藍	3	07.怪物掉寶	5000	3156	6003156	6100000	6200000	4302015	3ditem_a_001	1	77	-1	0	00.無	0		00.無	0	00.無	0				1	1	302	0	0	0	0	0	
#	3157	4000	0	1	1	1	1	1.可以交易；0.被PK不掉	1	0	特級水防希亞手環	77	0.全角色	06.手環	06.藍	3	07.怪物掉寶	5000	3157	6003157	6100000	6200000	4302015	3ditem_a_001	1	77	-1	0	00.無	0		00.無	0	00.無	0				1	1	302	0	0	0	0	0	
#	3158	4000	0	1	1	1	1	1.可以交易；0.被PK不掉	1	0	特級火防希亞手環	77	0.全角色	06.手環	06.藍	3	07.怪物掉寶	5000	3158	6003158	6100000	6200000	4302015	3ditem_a_001	1	77	-1	0	00.無	0		00.無	0	00.無	0				1	1	302	0	0	0	0	0	
#	3159	4000	0	1	1	1	1	1.可以交易；0.被PK不掉	1	0	特級風防希亞手環	77	0.全角色	06.手環	06.藍	3	07.怪物掉寶	5000	3159	6003159	6100000	6200000	4302015	3ditem_a_001	1	77	-1	0	00.無	0		00.無	0	00.無	0				1	1	302	0	0	0	0	0	
#	3160	4000	0	1	1	1	1	1.可以交易；0.被PK不掉	1	0	特級地防聖御手環	82	0.全角色	06.手環	06.藍	3	07.怪物掉寶	5000	3160	6003160	6100000	6200000	4302016	3ditem_a_001	1	82	-1	0	00.無	0		00.無	0	00.無	0				1	1	302	0	0	0	0	0	
#	3161	4000	0	1	1	1	1	1.可以交易；0.被PK不掉	1	0	特級水防聖御手環	82	0.全角色	06.手環	06.藍	3	07.怪物掉寶	5000	3161	6003161	6100000	6200000	4302016	3ditem_a_001	1	82	-1	0	00.無	0		00.無	0	00.無	0				1	1	302	0	0	0	0	0	
#	3162	4000	0	1	1	1	1	1.可以交易；0.被PK不掉	1	0	特級火防聖御手環	82	0.全角色	06.手環	06.藍	3	07.怪物掉寶	5000	3162	6003162	6100000	6200000	4302016	3ditem_a_001	1	82	-1	0	00.無	0		00.無	0	00.無	0				1	1	302	0	0	0	0	0	
#	3163	4000	0	1	1	1	1	1.可以交易；0.被PK不掉	1	0	特級風防聖御手環	82	0.全角色	06.手環	06.藍	3	07.怪物掉寶	5000	3163	6003163	6100000	6200000	4302016	3ditem_a_001	1	82	-1	0	00.無	0		00.無	0	00.無	0				1	1	302	0	0	0	0	0	
#	3164	4000	0	1	1	1	1	1.可以交易；0.被PK不掉	1	0	特級地防次元手環	87	0.全角色	06.手環	06.藍	3	07.怪物掉寶	5000	3164	6003164	6100000	6200000	4302017	3ditem_a_001	1	87	-1	0	00.無	0		00.無	0	00.無	0				1	1	302	0	0	0	0	0	
#	3165	4000	0	1	1	1	1	1.可以交易；0.被PK不掉	1	0	特級水防次元手環	87	0.全角色	06.手環	06.藍	3	07.怪物掉寶	5000	3165	6003165	6100000	6200000	4302017	3ditem_a_001	1	87	-1	0	00.無	0		00.無	0	00.無	0				1	1	302	0	0	0	0	0	
#	3166	4000	0	1	1	1	1	1.可以交易；0.被PK不掉	1	0	特級火防次元手環	87	0.全角色	06.手環	06.藍	3	07.怪物掉寶	5000	3166	6003166	6100000	6200000	4302017	3ditem_a_001	1	87	-1	0	00.無	0		00.無	0	00.無	0				1	1	302	0	0	0	0	0	
#	3167	4000	0	1	1	1	1	1.可以交易；0.被PK不掉	1	0	特級風防次元手環	87	0.全角色	06.手環	06.藍	3	07.怪物掉寶	5000	3167	6003167	6100000	6200000	4302017	3ditem_a_001	1	87	-1	0	00.無	0		00.無	0	00.無	0				1	1	302	0	0	0	0	0	
#	3168	4000	0	1	1	1	1	1.可以交易；0.被PK不掉	1	0	特級地防魔瞳手環	92	0.全角色	06.手環	06.藍	3	07.怪物掉寶	5000	3168	6003168	6100000	6200000	4302018	3ditem_a_001	1	92	-1	0	00.無	0		00.無	0	00.無	0				1	1	302	0	0	0	0	0	
#	3169	4000	0	1	1	1	1	1.可以交易；0.被PK不掉	1	0	特級水防魔瞳手環	92	0.全角色	06.手環	06.藍	3	07.怪物掉寶	5000	3169	6003169	6100000	6200000	4302018	3ditem_a_001	1	92	-1	0	00.無	0		00.無	0	00.無	0				1	1	302	0	0	0	0	0	
#	3170	4000	0	1	1	1	1	1.可以交易；0.被PK不掉	1	0	特級火防魔瞳手環	92	0.全角色	06.手環	06.藍	3	07.怪物掉寶	5000	3170	6003170	6100000	6200000	4302018	3ditem_a_001	1	92	-1	0	00.無	0		00.無	0	00.無	0				1	1	302	0	0	0	0	0	
#	3171	4000	0	1	1	1	1	1.可以交易；0.被PK不掉	1	0	特級風防魔瞳手環	92	0.全角色	06.手環	06.藍	3	07.怪物掉寶	5000	3171	6003171	6100000	6200000	4302018	3ditem_a_001	1	92	-1	0	00.無	0		00.無	0	00.無	0				1	1	302	0	0	0	0	0	
#	3172	4000	0	1	1	1	1	1.可以交易；0.被PK不掉	1	0	特級地防極樂手環	97	0.全角色	06.手環	06.藍	3	07.怪物掉寶	5000	3172	6003172	6100000	6200000	4302019	3ditem_a_001	1	97	-1	0	00.無	0		00.無	0	00.無	0				1	1	302	0	0	0	0	0	
#	3173	4000	0	1	1	1	1	1.可以交易；0.被PK不掉	1	0	特級水防極樂手環	97	0.全角色	06.手環	06.藍	3	07.怪物掉寶	5000	3173	6003173	6100000	6200000	4302019	3ditem_a_001	1	97	-1	0	00.無	0		00.無	0	00.無	0				1	1	302	0	0	0	0	0	
#	3174	4000	0	1	1	1	1	1.可以交易；0.被PK不掉	1	0	特級火防極樂手環	97	0.全角色	06.手環	06.藍	3	07.怪物掉寶	5000	3174	6003174	6100000	6200000	4302019	3ditem_a_001	1	97	-1	0	00.無	0		00.無	0	00.無	0				1	1	302	0	0	0	0	0	
#	3175	4000	0	1	1	1	1	1.可以交易；0.被PK不掉	1	0	特級風防極樂手環	97	0.全角色	06.手環	06.藍	3	07.怪物掉寶	5000	3175	6003175	6100000	6200000	4302019	3ditem_a_001	1	97	-1	0	00.無	0		00.無	0	00.無	0				1	1	302	0	0	0	0	0	
	3176	4000	1	1	1	1	1	1.可以交易；0.被PK不掉	1	0	特級地攻木刻戒指	7	0.全角色	05.戒指	06.藍	3	07.怪物掉寶	5000	3176	6003176	6100000	6200000	4303001	3ditem_a_001	1	7	-1	0	00.無	0		00.無	0	00.無	0				450	23	301	0	0	0	0	0	
	3177	4000	1	1	1	1	1	1.可以交易；0.被PK不掉	1	0	特級水攻木刻戒指	7	0.全角色	05.戒指	06.藍	3	05.任務獎賞	5000	3177	6003177	6100000	6200000	4303001	3ditem_a_001	1	7	-1	0	00.無	0		00.無	0	00.無	0				450	23	301	0	0	0	0	0	
	3178	4000	1	1	1	1	1	1.可以交易；0.被PK不掉	1	0	特級火攻木刻戒指	7	0.全角色	05.戒指	06.藍	3	07.怪物掉寶	5000	3178	6003178	6100000	6200000	4303001	3ditem_a_001	1	7	-1	0	00.無	0		00.無	0	00.無	0				450	23	301	0	0	0	0	0	
	3179	4000	1	1	1	1	1	1.可以交易；0.被PK不掉	1	0	特級風攻木刻戒指	7	0.全角色	05.戒指	06.藍	3	07.怪物掉寶	5000	3179	6003179	6100000	6200000	4303001	3ditem_a_001	1	7	-1	0	00.無	0		00.無	0	00.無	0				450	23	301	0	0	0	0	0	
	3180	4000	1	1	1	1	1	1.可以交易；0.被PK不掉	1	0	特級地攻石雕戒指	12	0.全角色	05.戒指	06.藍	3	07.怪物掉寶	5000	3180	6003180	6100000	6200000	4303002	3ditem_a_001	1	12	-1	0	00.無	0		00.無	0	00.無	0				1660	83	301	0	0	0	0	0	
	3181	4000	1	1	1	1	1	1.可以交易；0.被PK不掉	1	0	特級水攻石雕戒指	12	0.全角色	05.戒指	06.藍	3	07.怪物掉寶	5000	3181	6003181	6100000	6200000	4303002	3ditem_a_001	1	12	-1	0	00.無	0		00.無	0	00.無	0				1660	83	301	0	0	0	0	0	
	3182	4000	1	1	1	1	1	1.可以交易；0.被PK不掉	1	0	特級火攻石雕戒指	12	0.全角色	05.戒指	06.藍	3	07.怪物掉寶	5000	3182	6003182	6100000	6200000	4303002	3ditem_a_001	1	12	-1	0	00.無	0		00.無	0	00.無	0				1660	83	301	0	0	0	0	0	
	3183	4000	1	1	1	1	1	1.可以交易；0.被PK不掉	1	0	特級風攻石雕戒指	12	0.全角色	05.戒指	06.藍	3	05.任務獎賞	5000	3183	6003183	6100000	6200000	4303002	3ditem_a_001	1	12	-1	0	00.無	0		00.無	0	00.無	0				1660	83	301	0	0	0	0	0	
	3184	4000	1	1	1	1	1	1.可以交易；0.被PK不掉	1	0	特級地攻鐵製戒指	17	0.全角色	05.戒指	06.藍	3	07.怪物掉寶	5000	3184	6003184	6100000	6200000	4303003	3ditem_a_001	1	17	-1	0	00.無	0		00.無	0	00.無	0				6100	305	301	0	0	0	0	0	
	3185	4000	1	1	1	1	1	1.可以交易；0.被PK不掉	1	0	特級水攻鐵製戒指	17	0.全角色	05.戒指	06.藍	3	05.任務獎賞	5000	3185	6003185	6100000	6200000	4303003	3ditem_a_001	1	17	-1	0	00.無	0		00.無	0	00.無	0				6100	305	301	0	0	0	0	0	
	3186	4000	1	1	1	1	1	1.可以交易；0.被PK不掉	1	0	特級火攻鐵製戒指	17	0.全角色	05.戒指	06.藍	3	07.怪物掉寶	5000	3186	6003186	6100000	6200000	4303003	3ditem_a_001	1	17	-1	0	00.無	0		00.無	0	00.無	0				6100	305	301	0	0	0	0	0	
	3187	4000	1	1	1	1	1	1.可以交易；0.被PK不掉	1	0	特級風攻鐵製戒指	17	0.全角色	05.戒指	06.藍	3	07.怪物掉寶	5000	3187	6003187	6100000	6200000	4303003	3ditem_a_001	1	17	-1	0	00.無	0		00.無	0	00.無	0				6100	305	301	0	0	0	0	0	
	3188	4000	1	1	1	1	1	1.可以交易；0.被PK不掉	1	0	特級地攻銅鑄戒指	22	0.全角色	05.戒指	06.藍	3	07.怪物掉寶	5000	3188	6003188	6100000	6200000	4303004	3ditem_a_001	1	22	-1	0	00.無	0		00.無	0	00.無	0				17500	875	301	0	0	0	0	0	
	3189	4000	1	1	1	1	1	1.可以交易；0.被PK不掉	1	0	特級水攻銅鑄戒指	22	0.全角色	05.戒指	06.藍	3	07.怪物掉寶	5000	3189	6003189	6100000	6200000	4303004	3ditem_a_001	1	22	-1	0	00.無	0		00.無	0	00.無	0				17500	875	301	0	0	0	0	0	
	3190	4000	1	1	1	1	1	1.可以交易；0.被PK不掉	1	0	特級火攻銅鑄戒指	22	0.全角色	05.戒指	06.藍	3	07.怪物掉寶	5000	3190	6003190	6100000	6200000	4303004	3ditem_a_001	1	22	-1	0	00.無	0		00.無	0	00.無	0				17500	875	301	0	0	0	0	0	
	3191	4000	1	1	1	1	1	1.可以交易；0.被PK不掉	1	0	特級風攻銅鑄戒指	22	0.全角色	05.戒指	06.藍	3	05.任務獎賞	5000	3191	6003191	6100000	6200000	4303004	3ditem_a_001	1	22	-1	0	00.無	0		00.無	0	00.無	0				17500	875	301	0	0	0	0	0	
	3192	4000	1	1	1	1	1	1.可以交易；0.被PK不掉	1	0	特級地攻銀製戒指	27	0.全角色	05.戒指	06.藍	3	07.怪物掉寶	5000	3192	6003192	6100000	6200000	4303005	3ditem_a_001	1	27	-1	0	00.無	0		00.無	0	00.無	0				40200	2010	301	0	0	0	0	0	
	3193	4000	1	1	1	1	1	1.可以交易；0.被PK不掉	1	0	特級水攻銀製戒指	27	0.全角色	05.戒指	06.藍	3	05.任務獎賞	5000	3193	6003193	6100000	6200000	4303005	3ditem_a_001	1	27	-1	0	00.無	0		00.無	0	00.無	0				40200	2010	301	0	0	0	0	0	
	3194	4000	1	1	1	1	1	1.可以交易；0.被PK不掉	1	0	特級火攻銀製戒指	27	0.全角色	05.戒指	06.藍	3	07.怪物掉寶	5000	3194	6003194	6100000	6200000	4303005	3ditem_a_001	1	27	-1	0	00.無	0		00.無	0	00.無	0				40200	2010	301	0	0	0	0	0	
	3195	4000	1	1	1	1	1	1.可以交易；0.被PK不掉	1	0	特級風攻銀製戒指	27	0.全角色	05.戒指	06.藍	3	07.怪物掉寶	5000	3195	6003195	6100000	6200000	4303005	3ditem_a_001	1	27	-1	0	00.無	0		00.無	0	00.無	0				40200	2010	301	0	0	0	0	0	
	3196	4000	1	1	1	1	1	1.可以交易；0.被PK不掉	1	0	特級地攻金製戒指	32	0.全角色	05.戒指	06.藍	3	07.怪物掉寶	5000	3196	6003196	6100000	6200000	4303006	3ditem_a_001	1	32	-1	0	00.無	0		00.無	0	00.無	0				81900	4095	301	0	0	0	0	0	
	3197	4000	1	1	1	1	1	1.可以交易；0.被PK不掉	1	0	特級水攻金製戒指	32	0.全角色	05.戒指	06.藍	3	07.怪物掉寶	5000	3197	6003197	6100000	6200000	4303006	3ditem_a_001	1	32	-1	0	00.無	0		00.無	0	00.無	0				81900	4095	301	0	0	0	0	0	
	3198	4000	1	1	1	1	1	1.可以交易；0.被PK不掉	1	0	特級火攻金製戒指	32	0.全角色	05.戒指	06.藍	3	07.怪物掉寶	5000	3198	6003198	6100000	6200000	4303006	3ditem_a_001	1	32	-1	0	00.無	0		00.無	0	00.無	0				81900	4095	301	0	0	0	0	0	
	3199	4000	1	1	1	1	1	1.可以交易；0.被PK不掉	1	0	特級風攻金製戒指	32	0.全角色	05.戒指	06.藍	3	05.任務獎賞	5000	3199	6003199	6100000	6200000	4303006	3ditem_a_001	1	32	-1	0	00.無	0		00.無	0	00.無	0				81900	4095	301	0	0	0	0	0	
	3200	4000	1	1	1	1	1	1.可以交易；0.被PK不掉	1	0	特級地攻白金戒指	37	0.全角色	05.戒指	06.藍	3	07.怪物掉寶	5000	3200	6003200	6100000	6200000	4303007	3ditem_a_001	1	37	-1	0	00.無	0		00.無	0	00.無	0				150800	7540	301	0	0	0	0	0	
	3201	4000	1	1	1	1	1	1.可以交易；0.被PK不掉	1	0	特級水攻白金戒指	37	0.全角色	05.戒指	06.藍	3	05.任務獎賞	5000	3201	6003201	6100000	6200000	4303007	3ditem_a_001	1	37	-1	0	00.無	0		00.無	0	00.無	0				150800	7540	301	0	0	0	0	0	
	3202	4000	1	1	1	1	1	1.可以交易；0.被PK不掉	1	0	特級火攻白金戒指	37	0.全角色	05.戒指	06.藍	3	07.怪物掉寶	5000	3202	6003202	6100000	6200000	4303007	3ditem_a_001	1	37	-1	0	00.無	0		00.無	0	00.無	0				150800	7540	301	0	0	0	0	0	
	3203	4000	1	1	1	1	1	1.可以交易；0.被PK不掉	1	0	特級風攻白金戒指	37	0.全角色	05.戒指	06.藍	3	07.怪物掉寶	5000	3203	6003203	6100000	6200000	4303007	3ditem_a_001	1	37	-1	0	00.無	0		00.無	0	00.無	0				150800	7540	301	0	0	0	0	0	
	3204	4000	1	1	1	1	1	1.可以交易；0.被PK不掉	1	0	特級地攻珍珠戒指	42	0.全角色	05.戒指	06.藍	3	07.怪物掉寶	5000	3204	6003204	6100000	6200000	4303008	3ditem_a_001	1	42	-1	0	00.無	0		00.無	0	00.無	0				259000	12950	301	0	0	0	0	0	
	3205	4000	1	1	1	1	1	1.可以交易；0.被PK不掉	1	0	特級水攻珍珠戒指	42	0.全角色	05.戒指	06.藍	3	07.怪物掉寶	5000	3205	6003205	6100000	6200000	4303008	3ditem_a_001	1	42	-1	0	00.無	0		00.無	0	00.無	0				259000	12950	301	0	0	0	0	0	
	3206	4000	1	1	1	1	1	1.可以交易；0.被PK不掉	1	0	特級火攻珍珠戒指	42	0.全角色	05.戒指	06.藍	3	07.怪物掉寶	5000	3206	6003206	6100000	6200000	4303008	3ditem_a_001	1	42	-1	0	00.無	0		00.無	0	00.無	0				259000	12950	301	0	0	0	0	0	
	3207	4000	1	1	1	1	1	1.可以交易；0.被PK不掉	1	0	特級風攻珍珠戒指	42	0.全角色	05.戒指	06.藍	3	05.任務獎賞	5000	3207	6003207	6100000	6200000	4303008	3ditem_a_001	1	42	-1	0	00.無	0		00.無	0	00.無	0				259000	12950	301	0	0	0	0	0	
	3208	4000	1	1	1	1	1	1.可以交易；0.被PK不掉	1	0	特級地攻瑪瑙戒指	47	0.全角色	05.戒指	06.藍	3	07.怪物掉寶	5000	3208	6003208	6100000	6200000	4303009	3ditem_a_001	1	47	-1	0	00.無	0		00.無	0	00.無	0				423000	21150	301	0	0	0	0	0	
	3209	4000	1	1	1	1	1	1.可以交易；0.被PK不掉	1	0	特級水攻瑪瑙戒指	47	0.全角色	05.戒指	06.藍	3	05.任務獎賞	5000	3209	6003209	6100000	6200000	4303009	3ditem_a_001	1	47	-1	0	00.無	0		00.無	0	00.無	0				423000	21150	301	0	0	0	0	0	
	3210	4000	1	1	1	1	1	1.可以交易；0.被PK不掉	1	0	特級火攻瑪瑙戒指	47	0.全角色	05.戒指	06.藍	3	07.怪物掉寶	5000	3210	6003210	6100000	6200000	4303009	3ditem_a_001	1	47	-1	0	00.無	0		00.無	0	00.無	0				423000	21150	301	0	0	0	0	0	
	3211	4000	1	1	1	1	1	1.可以交易；0.被PK不掉	1	0	特級風攻瑪瑙戒指	47	0.全角色	05.戒指	06.藍	3	07.怪物掉寶	5000	3211	6003211	6100000	6200000	4303009	3ditem_a_001	1	47	-1	0	00.無	0		00.無	0	00.無	0				423000	21150	301	0	0	0	0	0	
	3212	4000	1	1	1	1	1	1.可以交易；0.被PK不掉	1	0	特級地攻琥珀戒指	52	0.全角色	05.戒指	06.藍	3	07.怪物掉寶	5000	3212	6003212	6100000	6200000	4303010	3ditem_a_001	1	52	-1	0	00.無	0		00.無	0	00.無	0				663000	33150	301	0	0	0	0	0	
	3213	4000	1	1	1	1	1	1.可以交易；0.被PK不掉	1	0	特級水攻琥珀戒指	52	0.全角色	05.戒指	06.藍	3	07.怪物掉寶	5000	3213	6003213	6100000	6200000	4303010	3ditem_a_001	1	52	-1	0	00.無	0		00.無	0	00.無	0				663000	33150	301	0	0	0	0	0	
	3214	4000	1	1	1	1	1	1.可以交易；0.被PK不掉	1	0	特級火攻琥珀戒指	52	0.全角色	05.戒指	06.藍	3	07.怪物掉寶	5000	3214	6003214	6100000	6200000	4303010	3ditem_a_001	1	52	-1	0	00.無	0		00.無	0	00.無	0				663000	33150	301	0	0	0	0	0	
	3215	4000	1	1	1	1	1	1.可以交易；0.被PK不掉	1	0	特級風攻琥珀戒指	52	0.全角色	05.戒指	06.藍	3	05.任務獎賞	5000	3215	6003215	6100000	6200000	4303010	3ditem_a_001	1	52	-1	0	00.無	0		00.無	0	00.無	0				663000	33150	301	0	0	0	0	0	
	3216	4000	1	1	1	1	1	1.可以交易；0.被PK不掉	1	0	特級地攻鑽石戒指	57	0.全角色	05.戒指	06.藍	3	07.怪物掉寶	5000	3216	6003216	6100000	6200000	4303011	3ditem_a_001	1	57	-1	0	00.無	0		00.無	0	00.無	0				1005000	50250	301	0	0	0	0	0	
	3217	4000	1	1	1	1	1	1.可以交易；0.被PK不掉	1	0	特級水攻鑽石戒指	57	0.全角色	05.戒指	06.藍	3	05.任務獎賞	5000	3217	6003217	6100000	6200000	4303011	3ditem_a_001	1	57	-1	0	00.無	0		00.無	0	00.無	0				1005000	50250	301	0	0	0	0	0	
	3218	4000	1	1	1	1	1	1.可以交易；0.被PK不掉	1	0	特級火攻鑽石戒指	57	0.全角色	05.戒指	06.藍	3	07.怪物掉寶	5000	3218	6003218	6100000	6200000	4303011	3ditem_a_001	1	57	-1	0	00.無	0		00.無	0	00.無	0				1005000	50250	301	0	0	0	0	0	
	3219	4000	1	1	1	1	1	1.可以交易；0.被PK不掉	1	0	特級風攻鑽石戒指	57	0.全角色	05.戒指	06.藍	3	07.怪物掉寶	5000	3219	6003219	6100000	6200000	4303011	3ditem_a_001	1	57	-1	0	00.無	0		00.無	0	00.無	0				1005000	50250	301	0	0	0	0	0	
#	3220	4000	0	1	1	1	1	1.可以交易；0.被PK不掉	1	0	特級地攻鳴嵐戒指	62	0.全角色	05.戒指	06.藍	3	07.怪物掉寶	5000	3220	6003220	6100000	6200000	4303012	3ditem_a_001	1	62	-1	0	00.無	0		00.無	0	00.無	0				1490000	74500	301	0	0	0	0	0	
#	3221	4000	0	1	1	1	1	1.可以交易；0.被PK不掉	1	0	特級水攻鳴嵐戒指	62	0.全角色	05.戒指	06.藍	3	07.怪物掉寶	5000	3221	6003221	6100000	6200000	4303012	3ditem_a_001	1	62	-1	0	00.無	0		00.無	0	00.無	0				1490000	74500	301	0	0	0	0	0	
#	3222	4000	0	1	1	1	1	1.可以交易；0.被PK不掉	1	0	特級火攻鳴嵐戒指	62	0.全角色	05.戒指	06.藍	3	07.怪物掉寶	5000	3222	6003222	6100000	6200000	4303012	3ditem_a_001	1	62	-1	0	00.無	0		00.無	0	00.無	0				1490000	74500	301	0	0	0	0	0	
#	3223	4000	0	1	1	1	1	1.可以交易；0.被PK不掉	1	0	特級風攻鳴嵐戒指	62	0.全角色	05.戒指	06.藍	3	05.任務獎賞	5000	3223	6003223	6100000	6200000	4303012	3ditem_a_001	1	62	-1	0	00.無	0		00.無	0	00.無	0				1490000	74500	301	0	0	0	0	0	
#	3224	4000	0	1	1	1	1	1.可以交易；0.被PK不掉	1	0	特級地攻玄天戒指	67	0.全角色	05.戒指	06.藍	3	07.怪物掉寶	5000	3224	6003224	6100000	6200000	4303013	3ditem_a_001	1	67	-1	0	00.無	0		00.無	0	00.無	0				1700000	85000	301	0	0	0	0	0	
#	3225	4000	0	1	1	1	1	1.可以交易；0.被PK不掉	1	0	特級水攻玄天戒指	67	0.全角色	05.戒指	06.藍	3	05.任務獎賞	5000	3225	6003225	6100000	6200000	4303013	3ditem_a_001	1	67	-1	0	00.無	0		00.無	0	00.無	0				1700000	85000	301	0	0	0	0	0	
#	3226	4000	0	1	1	1	1	1.可以交易；0.被PK不掉	1	0	特級火攻玄天戒指	67	0.全角色	05.戒指	06.藍	3	07.怪物掉寶	5000	3226	6003226	6100000	6200000	4303013	3ditem_a_001	1	67	-1	0	00.無	0		00.無	0	00.無	0				1700000	85000	301	0	0	0	0	0	
#	3227	4000	0	1	1	1	1	1.可以交易；0.被PK不掉	1	0	特級風攻玄天戒指	67	0.全角色	05.戒指	06.藍	3	07.怪物掉寶	5000	3227	6003227	6100000	6200000	4303013	3ditem_a_001	1	67	-1	0	00.無	0		00.無	0	00.無	0				1700000	85000	301	0	0	0	0	0	
#	3228	4000	0	1	1	1	1	1.可以交易；0.被PK不掉	1	0	特級地攻法皇戒指	72	0.全角色	05.戒指	06.藍	3	07.怪物掉寶	5000	3228	6003228	6100000	6200000	4303014	3ditem_a_001	1	72	-1	0	00.無	0		00.無	0	00.無	0				1	1	301	0	0	0	0	0	
#	3229	4000	0	1	1	1	1	1.可以交易；0.被PK不掉	1	0	特級水攻法皇戒指	72	0.全角色	05.戒指	06.藍	3	07.怪物掉寶	5000	3229	6003229	6100000	6200000	4303014	3ditem_a_001	1	72	-1	0	00.無	0		00.無	0	00.無	0				1	1	301	0	0	0	0	0	
#	3230	4000	0	1	1	1	1	1.可以交易；0.被PK不掉	1	0	特級火攻法皇戒指	72	0.全角色	05.戒指	06.藍	3	07.怪物掉寶	5000	3230	6003230	6100000	6200000	4303014	3ditem_a_001	1	72	-1	0	00.無	0		00.無	0	00.無	0				1	1	301	0	0	0	0	0	
#	3231	4000	0	1	1	1	1	1.可以交易；0.被PK不掉	1	0	特級風攻法皇戒指	72	0.全角色	05.戒指	06.藍	3	07.怪物掉寶	5000	3231	6003231	6100000	6200000	4303014	3ditem_a_001	1	72	-1	0	00.無	0		00.無	0	00.無	0				1	1	301	0	0	0	0	0	
#	3232	4000	0	1	1	1	1	1.可以交易；0.被PK不掉	1	0	特級地攻希亞戒指	77	0.全角色	05.戒指	06.藍	3	07.怪物掉寶	5000	3232	6003232	6100000	6200000	4303015	3ditem_a_001	1	77	-1	0	00.無	0		00.無	0	00.無	0				1	1	301	0	0	0	0	0	
#	3233	4000	0	1	1	1	1	1.可以交易；0.被PK不掉	1	0	特級水攻希亞戒指	77	0.全角色	05.戒指	06.藍	3	07.怪物掉寶	5000	3233	6003233	6100000	6200000	4303015	3ditem_a_001	1	77	-1	0	00.無	0		00.無	0	00.無	0				1	1	301	0	0	0	0	0	
#	3234	4000	0	1	1	1	1	1.可以交易；0.被PK不掉	1	0	特級火攻希亞戒指	77	0.全角色	05.戒指	06.藍	3	07.怪物掉寶	5000	3234	6003234	6100000	6200000	4303015	3ditem_a_001	1	77	-1	0	00.無	0		00.無	0	00.無	0				1	1	301	0	0	0	0	0	
#	3235	4000	0	1	1	1	1	1.可以交易；0.被PK不掉	1	0	特級風攻希亞戒指	77	0.全角色	05.戒指	06.藍	3	07.怪物掉寶	5000	3235	6003235	6100000	6200000	4303015	3ditem_a_001	1	77	-1	0	00.無	0		00.無	0	00.無	0				1	1	301	0	0	0	0	0	
#	3236	4000	0	1	1	1	1	1.可以交易；0.被PK不掉	1	0	特級地攻聖御戒指	82	0.全角色	05.戒指	06.藍	3	07.怪物掉寶	5000	3236	6003236	6100000	6200000	4303016	3ditem_a_001	1	82	-1	0	00.無	0		00.無	0	00.無	0				1	1	301	0	0	0	0	0	
#	3237	4000	0	1	1	1	1	1.可以交易；0.被PK不掉	1	0	特級水攻聖御戒指	82	0.全角色	05.戒指	06.藍	3	07.怪物掉寶	5000	3237	6003237	6100000	6200000	4303016	3ditem_a_001	1	82	-1	0	00.無	0		00.無	0	00.無	0				1	1	301	0	0	0	0	0	
#	3238	4000	0	1	1	1	1	1.可以交易；0.被PK不掉	1	0	特級火攻聖御戒指	82	0.全角色	05.戒指	06.藍	3	07.怪物掉寶	5000	3238	6003238	6100000	6200000	4303016	3ditem_a_001	1	82	-1	0	00.無	0		00.無	0	00.無	0				1	1	301	0	0	0	0	0	
#	3239	4000	0	1	1	1	1	1.可以交易；0.被PK不掉	1	0	特級風攻聖御戒指	82	0.全角色	05.戒指	06.藍	3	07.怪物掉寶	5000	3239	6003239	6100000	6200000	4303016	3ditem_a_001	1	82	-1	0	00.無	0		00.無	0	00.無	0				1	1	301	0	0	0	0	0	
#	3240	4000	0	1	1	1	1	1.可以交易；0.被PK不掉	1	0	特級地攻次元戒指	87	0.全角色	05.戒指	06.藍	3	07.怪物掉寶	5000	3240	6003240	6100000	6200000	4303017	3ditem_a_001	1	87	-1	0	00.無	0		00.無	0	00.無	0				1	1	301	0	0	0	0	0	
#	3241	4000	0	1	1	1	1	1.可以交易；0.被PK不掉	1	0	特級水攻次元戒指	87	0.全角色	05.戒指	06.藍	3	07.怪物掉寶	5000	3241	6003241	6100000	6200000	4303017	3ditem_a_001	1	87	-1	0	00.無	0		00.無	0	00.無	0				1	1	301	0	0	0	0	0	
#	3242	4000	0	1	1	1	1	1.可以交易；0.被PK不掉	1	0	特級火攻次元戒指	87	0.全角色	05.戒指	06.藍	3	07.怪物掉寶	5000	3242	6003242	6100000	6200000	4303017	3ditem_a_001	1	87	-1	0	00.無	0		00.無	0	00.無	0				1	1	301	0	0	0	0	0	
#	3243	4000	0	1	1	1	1	1.可以交易；0.被PK不掉	1	0	特級風攻次元戒指	87	0.全角色	05.戒指	06.藍	3	07.怪物掉寶	5000	3243	6003243	6100000	6200000	4303017	3ditem_a_001	1	87	-1	0	00.無	0		00.無	0	00.無	0				1	1	301	0	0	0	0	0	
#	3244	4000	0	1	1	1	1	1.可以交易；0.被PK不掉	1	0	特級地攻魔瞳戒指	92	0.全角色	05.戒指	06.藍	3	07.怪物掉寶	5000	3244	6003244	6100000	6200000	4303018	3ditem_a_001	1	92	-1	0	00.無	0		00.無	0	00.無	0				1	1	301	0	0	0	0	0	
#	3245	4000	0	1	1	1	1	1.可以交易；0.被PK不掉	1	0	特級水攻魔瞳戒指	92	0.全角色	05.戒指	06.藍	3	07.怪物掉寶	5000	3245	6003245	6100000	6200000	4303018	3ditem_a_001	1	92	-1	0	00.無	0		00.無	0	00.無	0				1	1	301	0	0	0	0	0	
#	3246	4000	0	1	1	1	1	1.可以交易；0.被PK不掉	1	0	特級火攻魔瞳戒指	92	0.全角色	05.戒指	06.藍	3	07.怪物掉寶	5000	3246	6003246	6100000	6200000	4303018	3ditem_a_001	1	92	-1	0	00.無	0		00.無	0	00.無	0				1	1	301	0	0	0	0	0	
#	3247	4000	0	1	1	1	1	1.可以交易；0.被PK不掉	1	0	特級風攻魔瞳戒指	92	0.全角色	05.戒指	06.藍	3	07.怪物掉寶	5000	3247	6003247	6100000	6200000	4303018	3ditem_a_001	1	92	-1	0	00.無	0		00.無	0	00.無	0				1	1	301	0	0	0	0	0	
#	3248	4000	0	1	1	1	1	1.可以交易；0.被PK不掉	1	0	特級地攻極樂戒指	97	0.全角色	05.戒指	06.藍	3	07.怪物掉寶	5000	3248	6003248	6100000	6200000	4303019	3ditem_a_001	1	97	-1	0	00.無	0		00.無	0	00.無	0				1	1	301	0	0	0	0	0	
#	3249	4000	0	1	1	1	1	1.可以交易；0.被PK不掉	1	0	特級水攻極樂戒指	97	0.全角色	05.戒指	06.藍	3	07.怪物掉寶	5000	3249	6003249	6100000	6200000	4303019	3ditem_a_001	1	97	-1	0	00.無	0		00.無	0	00.無	0				1	1	301	0	0	0	0	0	
#	3250	4000	0	1	1	1	1	1.可以交易；0.被PK不掉	1	0	特級火攻極樂戒指	97	0.全角色	05.戒指	06.藍	3	07.怪物掉寶	5000	3250	6003250	6100000	6200000	4303019	3ditem_a_001	1	97	-1	0	00.無	0		00.無	0	00.無	0				1	1	301	0	0	0	0	0	
#	3251	4000	0	1	1	1	1	1.可以交易；0.被PK不掉	1	0	特級風攻極樂戒指	97	0.全角色	05.戒指	06.藍	3	07.怪物掉寶	5000	3251	6003251	6100000	6200000	4303019	3ditem_a_001	1	97	-1	0	00.無	0		00.無	0	00.無	0				1	1	301	0	0	0	0	0	
# 坐騎 4001 ~ 5000																																															
	4001	4000	1	1	0	0	0	0.不可交易；0.被PK不掉	0	0	仙人龜	10	0.全角色	09.坐騎	04.白	1	05.任務獎賞	5000	4001	6004001	6104001	6200000	4420001	3ditem_a_001	1	10	-1	0	00.無	0		00.無	0	00.無	0				1360	68	305	0	0	0	0	0	
	4002	4000	1	1	0	0	0	0.不可交易；0.被PK不掉	0	0	龜砲車一級	20	0.全角色	09.坐騎	04.白	1	05.任務獎賞	5000	4002	6004002	6104002	6200000	4420002	3ditem_a_001	1	20	-1	0	00.無	0		00.無	0	00.無	0				18300	915	305	0	0	0	0	0	
	4003	4000	1	1	0	0	0	0.不可交易；0.被PK不掉	0	0	龜砲車二級	30	0.全角色	09.坐騎	04.白	1	05.任務獎賞	5000	4003	6004003	6104003	6200000	4420003	3ditem_a_001	1	30	-1	0	00.無	0		00.無	0	00.無	0				120700	6035	305	0	0	0	0	0	
	4004	4000	1	1	0	0	0	0.不可交易；0.被PK不掉	0	0	龜砲車三級	40	0.全角色	09.坐騎	04.白	1	05.任務獎賞	5000	4004	6004004	6104004	6200000	4420004	3ditem_a_001	1	40	-1	0	00.無	0		00.無	0	00.無	0				452500	22625	305	0	0	0	0	0	
	4005	4000	1	1	1	0	0	0.不可交易；0.被PK不掉	0	0	龜砲車四級	50	0.全角色	09.坐騎	04.白	1	05.任務獎賞	5000	4005	6004005	6104005	6200000	4420005	3ditem_a_001	1	50	-1	0	00.無	0		00.無	0	00.無	0				1269000	63450	305	0	0	0	0	0	
	4006	4000	1	1	1	0	0	0.不可交易；0.被PK不掉	0	0	山寨方程式賽車	50	0.全角色	09.坐騎	04.白	1	05.任務獎賞	5000	4006	6004006	6104006	6200000	4420006	3ditem_a_001	1	50	-1	0	00.無	0		00.無	0	00.無	0				1269000	63450	305	0	0	0	0	0	
	4007	4000	1	1	1	1	0	1.可以交易；1.被PK會掉	1	1	時髦瓢蟲	20	0.全角色	09.坐騎	04.白	1	03.商店購買	5000	4007	6004007	6104007	6200000	4420007	3ditem_a_001	1	20	-1	0	00.無	0		00.無	0	00.無	0				18300	1830	305	0	0	0	0	0	
	4008	4000	1	1	1	1	0	1.可以交易；1.被PK會掉	1	1	名牌甲蟲	30	0.全角色	09.坐騎	04.白	1	03.商店購買	5000	4008	6004008	6104008	6200000	4420008	3ditem_a_001	1	30	-1	0	00.無	0		00.無	0	00.無	0				120700	12070	305	0	0	0	0	0	
	4009	4000	1	1	1	1	0	1.可以交易；1.被PK會掉	1	1	P40戰鷹	40	0.全角色	09.坐騎	04.白	1	03.商店購買	5000	4009	6004009	6104009	6200000	4420009	3ditem_a_001	1	40	-1	0	00.無	0		00.無	0	00.無	0				452500	45250	305	0	0	0	0	0	
	4010	4000	1	1	1	1	0	1.可以交易；1.被PK會掉	1	1	F6F潑婦	50	0.全角色	09.坐騎	04.白	1	03.商店購買	5000	4010	6004010	6104010	6200000	4420010	3ditem_a_001	1	50	-1	0	00.無	0		00.無	0	00.無	0				1269000	126900	305	0	0	0	0	0	
	4011	4000	1	1	1	1	0	1.可以交易；1.被PK會掉	1	1	嘻皮重型機車	30	0.全角色	09.坐騎	04.白	1	03.商店購買	5000	4011	6004011	6104011	6204011	4420011	3ditem_a_001	1	30	-1	0	00.無	0		00.無	0	00.無	0				120700	12070	305	0	0	0	0	0	
	4012	4000	1	1	1	1	0	1.可以交易；1.被PK會掉	1	1	木馬	40	0.全角色	09.坐騎	04.白	1	03.商店購買	5000	4012	6004012	6104012	6204012	4420012	3ditem_a_001	1	40	-1	0	00.無	0		00.無	0	00.無	0				452500	45250	305	0	0	0	0	0	
	4013	4000	1	1	1	1	0	1.可以交易；1.被PK會掉	1	1	骨董名車	50	0.全角色	09.坐騎	04.白	1	03.商店購買	5000	4013	6004013	6104013	6204013	4420013	3ditem_a_001	1	50	-1	0	00.無	0		00.無	0	00.無	0				1269000	126900	305	0	0	0	0	0	
	4014	4000	1	1	1	1	0	1.可以交易；1.被PK會掉	1	1	擎天柱	50	0.全角色	09.坐騎	04.白	1	03.商店購買	5000	4014	6004014	6104014	6204014	4420014	3ditem_a_001	1	50	-1	0	00.無	0		00.無	0	00.無	0				1269000	126900	305	0	0	0	0	0	
	4015	4000	1	1	1	1	0	1.可以交易；1.被PK會掉	1	1	專務車	20	0.全角色	09.坐騎	11.幹部級	1	07.怪物掉寶	5000	4015	6004015	6104015	6200000	4429015	3ditem_a_001	1	20	-1	0	02.幹部	200	3	00.無	0	00.無	0				18300	915	305	0	0	0	0	0	
	4016	4000	1	1	1	1	0	1.可以交易；1.被PK會掉	1	1	疾風拉車	20	0.全角色	09.坐騎	12.副會長級	1	07.怪物掉寶	5000	4016	6004016	6104016	6200000	4429016	3ditem_a_001	1	20	-1	0	03.副會長	300	3	00.無	0	00.無	0				18300	915	305	0	0	0	0	0	
	4017	4000	1	1	1	1	0	1.可以交易；1.被PK會掉	1	1	豪華大轎	20	0.全角色	09.坐騎	13.會長級	1	07.怪物掉寶	5000	4017	6004017	6104017	6200000	4429017	3ditem_a_001	1	20	-1	0	04.會長	400	3	00.無	0	00.無	0				18300	915	305	0	0	0	0	0	
# 官階套裝 4501 ~ 5000																																															
	4501	4000	1	1	1	1	1	0.不可交易；0.被PK不掉	0	0	士官長帽	1	1.林沖	01.帽子 - 林沖	10.官階	1	09.聲望	5000	4501	6004501	6100000	6200000	4101161	3ditem_a_001	1	1	1	5	00.無	0		00.無	0	00.無	0				1200	120	201	0	0	0	0	0	
	4502	4000	1	1	1	1	1	0.不可交易；0.被PK不掉	0	0	士官長服	1	1.林沖	02.上衣 - 林沖	10.官階	1	09.聲望	5000	4502	6004502	6100000	6200000	4101162	3ditem_a_001	1	1	1	5	00.無	0		00.無	0	00.無	0				1600	160	202	0	0	0	0	0	
	4503	4000	1	1	1	1	1	0.不可交易；0.被PK不掉	0	0	士官長靴	1	1.林沖	03.褲子 - 林沖	10.官階	1	09.聲望	5000	4503	6004503	6100000	6200000	4101163	3ditem_a_001	1	1	1	5	00.無	0		00.無	0	00.無	0				1400	140	203	0	0	0	0	0	
	4504	4000	1	1	1	1	1	0.不可交易；0.被PK不掉	0	0	士官長槍	1	1.林沖	04.武器 - 林沖	10.官階	1	09.聲望	5000	4504	6004504	6100000	6200000	4101164	3ditem_a_001	1	1	1	5	00.無	0		00.無	0	00.無	0				2600	260	204	0	0	0	0	0	
	4505	4000	1	1	1	1	1	0.不可交易；0.被PK不掉	0	0	總指揮帽	1	1.林沖	01.帽子 - 林沖	10.官階	1	09.聲望	5000	4505	6004505	6100000	6200000	4101165	3ditem_a_001	1	1	1	10	00.無	0		00.無	0	00.無	0				30000	3000	201	0	0	0	0	0	
	4506	4000	1	1	1	1	1	0.不可交易；0.被PK不掉	0	0	總指揮服	1	1.林沖	02.上衣 - 林沖	10.官階	1	09.聲望	5000	4506	6004506	6100000	6200000	4101166	3ditem_a_001	1	1	1	10	00.無	0		00.無	0	00.無	0				38000	3800	202	0	0	0	0	0	
	4507	4000	1	1	1	1	1	0.不可交易；0.被PK不掉	0	0	總指揮靴	1	1.林沖	03.褲子 - 林沖	10.官階	1	09.聲望	5000	4507	6004507	6100000	6200000	4101167	3ditem_a_001	1	1	1	10	00.無	0		00.無	0	00.無	0				34000	3400	203	0	0	0	0	0	
	4508	4000	1	1	1	1	1	0.不可交易；0.被PK不掉	0	0	總指揮槍	1	1.林沖	04.武器 - 林沖	10.官階	1	09.聲望	5000	4508	6004508	6100000	6200000	4101168	3ditem_a_001	1	1	1	10	00.無	0		00.無	0	00.無	0				63000	6300	204	0	0	0	0	0	
	4509	4000	1	1	1	1	1	0.不可交易；0.被PK不掉	0	0	總元帥帽	1	1.林沖	01.帽子 - 林沖	10.官階	1	09.聲望	5000	4509	6004509	6100000	6200000	4101169	3ditem_a_001	1	1	1	12	00.無	0		00.無	0	00.無	0				100000	10000	201	0	0	0	0	0	
	4510	4000	1	1	1	1	1	0.不可交易；0.被PK不掉	0	0	總元帥服	1	1.林沖	02.上衣 - 林沖	10.官階	1	09.聲望	5000	4510	6004510	6100000	6200000	4101170	3ditem_a_001	1	1	1	12	00.無	0		00.無	0	00.無	0				130000	13000	202	0	0	0	0	0	
	4511	4000	1	1	1	1	1	0.不可交易；0.被PK不掉	0	0	總元帥靴	1	1.林沖	03.褲子 - 林沖	10.官階	1	09.聲望	5000	4511	6004511	6100000	6200000	4101171	3ditem_a_001	1	1	1	12	00.無	0		00.無	0	00.無	0				120000	12000	203	0	0	0	0	0	
	4512	4000	1	1	1	1	1	0.不可交易；0.被PK不掉	0	0	總元帥槍	1	1.林沖	04.武器 - 林沖	10.官階	1	09.聲望	5000	4512	6004512	6100000	6200000	4101172	3ditem_a_001	1	1	1	12	00.無	0		00.無	0	00.無	0				220000	22000	204	0	0	0	0	0	
	4551	4000	1	1	1	1	1	0.不可交易；0.被PK不掉	0	0	士官長帽	1	2.雷橫	01.帽子 - 雷橫	10.官階	1	09.聲望	5000	4551	6004551	6100000	6200000	4102761	3ditem_a_001	1	1	2	5	00.無	0		00.無	0	00.無	0				1200	120	205	0	0	0	0	0	
	4552	4000	1	1	1	1	1	0.不可交易；0.被PK不掉	0	0	士官長服	1	2.雷橫	02.上衣 - 雷橫	10.官階	1	09.聲望	5000	4552	6004552	6100000	6200000	4102762	3ditem_a_001	1	1	2	5	00.無	0		00.無	0	00.無	0				1600	160	206	0	0	0	0	0	
	4553	4000	1	1	1	1	1	0.不可交易；0.被PK不掉	0	0	士官長靴	1	2.雷橫	03.褲子 - 雷橫	10.官階	1	09.聲望	5000	4553	6004553	6100000	6200000	4102763	3ditem_a_001	1	1	2	5	00.無	0		00.無	0	00.無	0				1400	140	207	0	0	0	0	0	
	4554	4000	1	1	1	1	1	0.不可交易；0.被PK不掉	0	0	士官長拳套	1	2.雷橫	04.武器 - 雷橫	10.官階	1	09.聲望	5000	4554	6004554	6100000	6200000	4102764	3ditem_a_001	1	1	2	5	00.無	0		00.無	0	00.無	0				2600	260	208	0	0	0	0	0	
	4555	4000	1	1	1	1	1	0.不可交易；0.被PK不掉	0	0	總指揮帽	1	2.雷橫	01.帽子 - 雷橫	10.官階	1	09.聲望	5000	4555	6004555	6100000	6200000	4102765	3ditem_a_001	1	1	2	10	00.無	0		00.無	0	00.無	0				30000	3000	205	0	0	0	0	0	
	4556	4000	1	1	1	1	1	0.不可交易；0.被PK不掉	0	0	總指揮服	1	2.雷橫	02.上衣 - 雷橫	10.官階	1	09.聲望	5000	4556	6004556	6100000	6200000	4102766	3ditem_a_001	1	1	2	10	00.無	0		00.無	0	00.無	0				38000	3800	206	0	0	0	0	0	
	4557	4000	1	1	1	1	1	0.不可交易；0.被PK不掉	0	0	總指揮靴	1	2.雷橫	03.褲子 - 雷橫	10.官階	1	09.聲望	5000	4557	6004557	6100000	6200000	4102767	3ditem_a_001	1	1	2	10	00.無	0		00.無	0	00.無	0				34000	3400	207	0	0	0	0	0	
	4558	4000	1	1	1	1	1	0.不可交易；0.被PK不掉	0	0	總指揮拳套	1	2.雷橫	04.武器 - 雷橫	10.官階	1	09.聲望	5000	4558	6004558	6100000	6200000	4102768	3ditem_a_001	1	1	2	10	00.無	0		00.無	0	00.無	0				63000	6300	208	0	0	0	0	0	
	4559	4000	1	1	1	1	1	0.不可交易；0.被PK不掉	0	0	總元帥帽	1	2.雷橫	01.帽子 - 雷橫	10.官階	1	09.聲望	5000	4559	6004559	6100000	6200000	4102769	3ditem_a_001	1	1	2	12	00.無	0		00.無	0	00.無	0				100000	10000	205	0	0	0	0	0	
	4560	4000	1	1	1	1	1	0.不可交易；0.被PK不掉	0	0	總元帥服	1	2.雷橫	02.上衣 - 雷橫	10.官階	1	09.聲望	5000	4560	6004560	6100000	6200000	4102770	3ditem_a_001	1	1	2	12	00.無	0		00.無	0	00.無	0				130000	13000	206	0	0	0	0	0	
	4561	4000	1	1	1	1	1	0.不可交易；0.被PK不掉	0	0	總元帥靴	1	2.雷橫	03.褲子 - 雷橫	10.官階	1	09.聲望	5000	4561	6004561	6100000	6200000	4102771	3ditem_a_001	1	1	2	12	00.無	0		00.無	0	00.無	0				120000	12000	207	0	0	0	0	0	
	4562	4000	1	1	1	1	1	0.不可交易；0.被PK不掉	0	0	總元帥拳套	1	2.雷橫	04.武器 - 雷橫	10.官階	1	09.聲望	5000	4562	6004562	6100000	6200000	4102772	3ditem_a_001	1	1	2	12	00.無	0		00.無	0	00.無	0				220000	22000	208	0	0	0	0	0	
	4601	4000	1	1	1	1	1	0.不可交易；0.被PK不掉	0	0	士官長帽	1	3.孫二娘	01.帽子 - 孫二娘	10.官階	1	09.聲望	5000	4601	6004601	6100000	6200000	4104361	3ditem_a_001	1	1	4	5	00.無	0		00.無	0	00.無	0				1200	120	209	0	0	0	0	0	
	4602	4000	1	1	1	1	1	0.不可交易；0.被PK不掉	0	0	士官長服	1	3.孫二娘	02.上衣 - 孫二娘	10.官階	1	09.聲望	5000	4602	6004602	6100000	6200000	4104362	3ditem_a_001	1	1	4	5	00.無	0		00.無	0	00.無	0				1600	160	210	0	0	0	0	0	
	4603	4000	1	1	1	1	1	0.不可交易；0.被PK不掉	0	0	士官長靴	1	3.孫二娘	03.褲子 - 孫二娘	10.官階	1	09.聲望	5000	4603	6004603	6100000	6200000	4104363	3ditem_a_001	1	1	4	5	00.無	0		00.無	0	00.無	0				1400	140	211	0	0	0	0	0	
	4604	4000	1	1	1	1	1	0.不可交易；0.被PK不掉	0	0	士官長手杖	1	3.孫二娘	04.武器 - 孫二娘	10.官階	1	09.聲望	5000	4604	6004604	6100000	6200000	4104364	3ditem_a_001	1	1	4	5	00.無	0		00.無	0	00.無	0				2600	260	212	0	0	0	0	0	
	4605	4000	1	1	1	1	1	0.不可交易；0.被PK不掉	0	0	總指揮帽	1	3.孫二娘	01.帽子 - 孫二娘	10.官階	1	09.聲望	5000	4605	6004605	6100000	6200000	4104365	3ditem_a_001	1	1	4	10	00.無	0		00.無	0	00.無	0				30000	3000	209	0	0	0	0	0	
	4606	4000	1	1	1	1	1	0.不可交易；0.被PK不掉	0	0	總指揮服	1	3.孫二娘	02.上衣 - 孫二娘	10.官階	1	09.聲望	5000	4606	6004606	6100000	6200000	4104366	3ditem_a_001	1	1	4	10	00.無	0		00.無	0	00.無	0				38000	3800	210	0	0	0	0	0	
	4607	4000	1	1	1	1	1	0.不可交易；0.被PK不掉	0	0	總指揮靴	1	3.孫二娘	03.褲子 - 孫二娘	10.官階	1	09.聲望	5000	4607	6004607	6100000	6200000	4104367	3ditem_a_001	1	1	4	10	00.無	0		00.無	0	00.無	0				34000	3400	211	0	0	0	0	0	
	4608	4000	1	1	1	1	1	0.不可交易；0.被PK不掉	0	0	總指揮手杖	1	3.孫二娘	04.武器 - 孫二娘	10.官階	1	09.聲望	5000	4608	6004608	6100000	6200000	4104368	3ditem_a_001	1	1	4	10	00.無	0		00.無	0	00.無	0				63000	6300	212	0	0	0	0	0	
	4609	4000	1	1	1	1	1	0.不可交易；0.被PK不掉	0	0	總元帥帽	1	3.孫二娘	01.帽子 - 孫二娘	10.官階	1	09.聲望	5000	4609	6004609	6100000	6200000	4104369	3ditem_a_001	1	1	4	12	00.無	0		00.無	0	00.無	0				100000	10000	209	0	0	0	0	0	
	4610	4000	1	1	1	1	1	0.不可交易；0.被PK不掉	0	0	總元帥服	1	3.孫二娘	02.上衣 - 孫二娘	10.官階	1	09.聲望	5000	4610	6004610	6100000	6200000	4104370	3ditem_a_001	1	1	4	12	00.無	0		00.無	0	00.無	0				130000	13000	210	0	0	0	0	0	
	4611	4000	1	1	1	1	1	0.不可交易；0.被PK不掉	0	0	總元帥靴	1	3.孫二娘	03.褲子 - 孫二娘	10.官階	1	09.聲望	5000	4611	6004611	6100000	6200000	4104371	3ditem_a_001	1	1	4	12	00.無	0		00.無	0	00.無	0				120000	12000	211	0	0	0	0	0	
	4612	4000	1	1	1	1	1	0.不可交易；0.被PK不掉	0	0	總元帥手杖	1	3.孫二娘	04.武器 - 孫二娘	10.官階	1	09.聲望	5000	4612	6004612	6100000	6200000	4104372	3ditem_a_001	1	1	4	12	00.無	0		00.無	0	00.無	0				220000	22000	212	0	0	0	0	0	
	4651	4000	1	1	1	1	1	0.不可交易；0.被PK不掉	0	0	士官長帽	1	4.戴宗	01.帽子 - 戴宗	10.官階	1	09.聲望	5000	4651	6004651	6100000	6200000	4105961	3ditem_a_001	1	1	8	5	00.無	0		00.無	0	00.無	0				1200	120	213	0	0	0	0	0	
	4652	4000	1	1	1	1	1	0.不可交易；0.被PK不掉	0	0	士官長服	1	4.戴宗	02.上衣 - 戴宗	10.官階	1	09.聲望	5000	4652	6004652	6100000	6200000	4105962	3ditem_a_001	1	1	8	5	00.無	0		00.無	0	00.無	0				1600	160	214	0	0	0	0	0	
	4653	4000	1	1	1	1	1	0.不可交易；0.被PK不掉	0	0	士官長靴	1	4.戴宗	03.褲子 - 戴宗	10.官階	1	09.聲望	5000	4653	6004653	6100000	6200000	4105963	3ditem_a_001	1	1	8	5	00.無	0		00.無	0	00.無	0				1400	140	215	0	0	0	0	0	
	4654	4000	1	1	1	1	1	0.不可交易；0.被PK不掉	0	0	士官長徽章	1	4.戴宗	04.武器 - 戴宗	10.官階	1	09.聲望	5000	4654	6004654	6100000	6200000	4105964	3ditem_a_001	1	1	8	5	00.無	0		00.無	0	00.無	0				2600	260	216	0	0	0	0	0	
	4655	4000	1	1	1	1	1	0.不可交易；0.被PK不掉	0	0	總指揮帽	1	4.戴宗	01.帽子 - 戴宗	10.官階	1	09.聲望	5000	4655	6004655	6100000	6200000	4105965	3ditem_a_001	1	1	8	10	00.無	0		00.無	0	00.無	0				30000	3000	213	0	0	0	0	0	
	4656	4000	1	1	1	1	1	0.不可交易；0.被PK不掉	0	0	總指揮服	1	4.戴宗	02.上衣 - 戴宗	10.官階	1	09.聲望	5000	4656	6004656	6100000	6200000	4105966	3ditem_a_001	1	1	8	10	00.無	0		00.無	0	00.無	0				38000	3800	214	0	0	0	0	0	
	4657	4000	1	1	1	1	1	0.不可交易；0.被PK不掉	0	0	總指揮靴	1	4.戴宗	03.褲子 - 戴宗	10.官階	1	09.聲望	5000	4657	6004657	6100000	6200000	4105967	3ditem_a_001	1	1	8	10	00.無	0		00.無	0	00.無	0				34000	3400	215	0	0	0	0	0	
	4658	4000	1	1	1	1	1	0.不可交易；0.被PK不掉	0	0	總指揮徽章	1	4.戴宗	04.武器 - 戴宗	10.官階	1	09.聲望	5000	4658	6004658	6100000	6200000	4105968	3ditem_a_001	1	1	8	10	00.無	0		00.無	0	00.無	0				63000	6300	216	0	0	0	0	0	
	4659	4000	1	1	1	1	1	0.不可交易；0.被PK不掉	0	0	總元帥帽	1	4.戴宗	01.帽子 - 戴宗	10.官階	1	09.聲望	5000	4659	6004659	6100000	6200000	4105969	3ditem_a_001	1	1	8	12	00.無	0		00.無	0	00.無	0				100000	10000	213	0	0	0	0	0	
	4660	4000	1	1	1	1	1	0.不可交易；0.被PK不掉	0	0	總元帥服	1	4.戴宗	02.上衣 - 戴宗	10.官階	1	09.聲望	5000	4660	6004660	6100000	6200000	4105970	3ditem_a_001	1	1	8	12	00.無	0		00.無	0	00.無	0				130000	13000	214	0	0	0	0	0	
	4661	4000	1	1	1	1	1	0.不可交易；0.被PK不掉	0	0	總元帥靴	1	4.戴宗	03.褲子 - 戴宗	10.官階	1	09.聲望	5000	4661	6004661	6100000	6200000	4105971	3ditem_a_001	1	1	8	12	00.無	0		00.無	0	00.無	0				120000	12000	215	0	0	0	0	0	
	4662	4000	1	1	1	1	1	0.不可交易；0.被PK不掉	0	0	總元帥徽章	1	4.戴宗	04.武器 - 戴宗	10.官階	1	09.聲望	5000	4662	6004662	6100000	6200000	4105972	3ditem_a_001	1	1	8	12	00.無	0		00.無	0	00.無	0				220000	22000	216	0	0	0	0	0	
	4701	4000	1	1	1	1	1	0.不可交易；0.被PK不掉	0	0	士官長帽	1	5.史進	01.帽子 - 史進	10.官階	1	09.聲望	5000	4701	6004701	6100000	6200000	4107561	3ditem_a_001	1	1	16	5	00.無	0		00.無	0	00.無	0				1200	120	217	0	0	0	0	0	
	4702	4000	1	1	1	1	1	0.不可交易；0.被PK不掉	0	0	士官長服	1	5.史進	02.上衣 - 史進	10.官階	1	09.聲望	5000	4702	6004702	6100000	6200000	4107562	3ditem_a_001	1	1	16	5	00.無	0		00.無	0	00.無	0				1600	160	218	0	0	0	0	0	
	4703	4000	1	1	1	1	1	0.不可交易；0.被PK不掉	0	0	士官長褲	1	5.史進	03.褲子 - 史進	10.官階	1	09.聲望	5000	4703	6004703	6100000	6200000	4107563	3ditem_a_001	1	1	16	5	00.無	0		00.無	0	00.無	0				1400	140	219	0	0	0	0	0	
	4704	4000	1	1	1	1	1	0.不可交易；0.被PK不掉	0	0	士官長棍	1	5.史進	04.武器 - 史進	10.官階	1	09.聲望	5000	4704	6004704	6100000	6200000	4107564	3ditem_a_001	1	1	16	5	00.無	0		00.無	0	00.無	0				2600	260	220	0	0	0	0	0	
	4705	4000	1	1	1	1	1	0.不可交易；0.被PK不掉	0	0	總指揮帽	1	5.史進	01.帽子 - 史進	10.官階	1	09.聲望	5000	4705	6004705	6100000	6200000	4107565	3ditem_a_001	1	1	16	10	00.無	0		00.無	0	00.無	0				30000	3000	217	0	0	0	0	0	
	4706	4000	1	1	1	1	1	0.不可交易；0.被PK不掉	0	0	總指揮服	1	5.史進	02.上衣 - 史進	10.官階	1	09.聲望	5000	4706	6004706	6100000	6200000	4107566	3ditem_a_001	1	1	16	10	00.無	0		00.無	0	00.無	0				38000	3800	218	0	0	0	0	0	
	4707	4000	1	1	1	1	1	0.不可交易；0.被PK不掉	0	0	總指揮褲	1	5.史進	03.褲子 - 史進	10.官階	1	09.聲望	5000	4707	6004707	6100000	6200000	4107567	3ditem_a_001	1	1	16	10	00.無	0		00.無	0	00.無	0				34000	3400	219	0	0	0	0	0	
	4708	4000	1	1	1	1	1	0.不可交易；0.被PK不掉	0	0	總指揮棍	1	5.史進	04.武器 - 史進	10.官階	1	09.聲望	5000	4708	6004708	6100000	6200000	4107568	3ditem_a_001	1	1	16	10	00.無	0		00.無	0	00.無	0				63000	6300	220	0	0	0	0	0	
	4709	4000	1	1	1	1	1	0.不可交易；0.被PK不掉	0	0	總元帥帽	1	5.史進	01.帽子 - 史進	10.官階	1	09.聲望	5000	4709	6004709	6100000	6200000	4107569	3ditem_a_001	1	1	16	12	00.無	0		00.無	0	00.無	0				100000	10000	217	0	0	0	0	0	
	4710	4000	1	1	1	1	1	0.不可交易；0.被PK不掉	0	0	總元帥服	1	5.史進	02.上衣 - 史進	10.官階	1	09.聲望	5000	4710	6004710	6100000	6200000	4107570	3ditem_a_001	1	1	16	12	00.無	0		00.無	0	00.無	0				130000	13000	218	0	0	0	0	0	
	4711	4000	1	1	1	1	1	0.不可交易；0.被PK不掉	0	0	總元帥褲	1	5.史進	03.褲子 - 史進	10.官階	1	09.聲望	5000	4711	6004711	6100000	6200000	4107571	3ditem_a_001	1	1	16	12	00.無	0		00.無	0	00.無	0				120000	12000	219	0	0	0	0	0	
	4712	4000	1	1	1	1	1	0.不可交易；0.被PK不掉	0	0	總元帥棍	1	5.史進	04.武器 - 史進	10.官階	1	09.聲望	5000	4712	6004712	6100000	6200000	4107572	3ditem_a_001	1	1	16	12	00.無	0		00.無	0	00.無	0				220000	22000	220	0	0	0	0	0	
	4751	4000	1	1	1	1	1	0.不可交易；0.被PK不掉	0	0	士官長帽	1	6.李逵	01.帽子 - 李逵	10.官階	1	09.聲望	5000	4751	6004751	6100000	6200000	4109161	3ditem_a_001	1	1	32	5	00.無	0		00.無	0	00.無	0				1200	120	221	0	0	0	0	0	
	4752	4000	1	1	1	1	1	0.不可交易；0.被PK不掉	0	0	士官長服	1	6.李逵	02.上衣 - 李逵	10.官階	1	09.聲望	5000	4752	6004752	6100000	6200000	4109162	3ditem_a_001	1	1	32	5	00.無	0		00.無	0	00.無	0				1600	160	222	0	0	0	0	0	
	4753	4000	1	1	1	1	1	0.不可交易；0.被PK不掉	0	0	士官長褲	1	6.李逵	03.褲子 - 李逵	10.官階	1	09.聲望	5000	4753	6004753	6100000	6200000	4109163	3ditem_a_001	1	1	32	5	00.無	0		00.無	0	00.無	0				1400	140	223	0	0	0	0	0	
	4754	4000	1	1	1	1	1	0.不可交易；0.被PK不掉	0	0	士官長斧	1	6.李逵	04.武器 - 李逵	10.官階	1	09.聲望	5000	4754	6004754	6100000	6200000	4109164	3ditem_a_001	1	1	32	5	00.無	0		00.無	0	00.無	0				2600	260	224	0	0	0	0	0	
	4755	4000	1	1	1	1	1	0.不可交易；0.被PK不掉	0	0	總指揮帽	1	6.李逵	01.帽子 - 李逵	10.官階	1	09.聲望	5000	4755	6004755	6100000	6200000	4109165	3ditem_a_001	1	1	32	10	00.無	0		00.無	0	00.無	0				30000	3000	221	0	0	0	0	0	
	4756	4000	1	1	1	1	1	0.不可交易；0.被PK不掉	0	0	總指揮服	1	6.李逵	02.上衣 - 李逵	10.官階	1	09.聲望	5000	4756	6004756	6100000	6200000	4109166	3ditem_a_001	1	1	32	10	00.無	0		00.無	0	00.無	0				38000	3800	222	0	0	0	0	0	
	4757	4000	1	1	1	1	1	0.不可交易；0.被PK不掉	0	0	總指揮褲	1	6.李逵	03.褲子 - 李逵	10.官階	1	09.聲望	5000	4757	6004757	6100000	6200000	4109167	3ditem_a_001	1	1	32	10	00.無	0		00.無	0	00.無	0				34000	3400	223	0	0	0	0	0	
	4758	4000	1	1	1	1	1	0.不可交易；0.被PK不掉	0	0	總指揮斧	1	6.李逵	04.武器 - 李逵	10.官階	1	09.聲望	5000	4758	6004758	6100000	6200000	4109168	3ditem_a_001	1	1	32	10	00.無	0		00.無	0	00.無	0				63000	6300	224	0	0	0	0	0	
	4759	4000	1	1	1	1	1	0.不可交易；0.被PK不掉	0	0	總元帥帽	1	6.李逵	01.帽子 - 李逵	10.官階	1	09.聲望	5000	4759	6004759	6100000	6200000	4109169	3ditem_a_001	1	1	32	12	00.無	0		00.無	0	00.無	0				100000	10000	221	0	0	0	0	0	
	4760	4000	1	1	1	1	1	0.不可交易；0.被PK不掉	0	0	總元帥服	1	6.李逵	02.上衣 - 李逵	10.官階	1	09.聲望	5000	4760	6004760	6100000	6200000	4109170	3ditem_a_001	1	1	32	12	00.無	0		00.無	0	00.無	0				130000	13000	222	0	0	0	0	0	
	4761	4000	1	1	1	1	1	0.不可交易；0.被PK不掉	0	0	總元帥褲	1	6.李逵	03.褲子 - 李逵	10.官階	1	09.聲望	5000	4761	6004761	6100000	6200000	4109171	3ditem_a_001	1	1	32	12	00.無	0		00.無	0	00.無	0				120000	12000	223	0	0	0	0	0	
	4762	4000	1	1	1	1	1	0.不可交易；0.被PK不掉	0	0	總元帥斧	1	6.李逵	04.武器 - 李逵	10.官階	1	09.聲望	5000	4762	6004762	6100000	6200000	4109172	3ditem_a_001	1	1	32	12	00.無	0		00.無	0	00.無	0				220000	22000	224	0	0	0	0	0	
	4801	4000	1	1	1	1	1	0.不可交易；0.被PK不掉	0	0	士官長帽	1	7.顧大嫂	01.帽子 - 顧大嫂	10.官階	1	09.聲望	5000	4801	6004801	6100000	6200000	4110761	3ditem_a_001	1	1	64	5	00.無	0		00.無	0	00.無	0				1200	120	225	0	0	0	0	0	
	4802	4000	1	1	1	1	1	0.不可交易；0.被PK不掉	0	0	士官長服	1	7.顧大嫂	02.上衣 - 顧大嫂	10.官階	1	09.聲望	5000	4802	6004802	6100000	6200000	4110762	3ditem_a_001	1	1	64	5	00.無	0		00.無	0	00.無	0				1600	160	226	0	0	0	0	0	
	4803	4000	1	1	1	1	1	0.不可交易；0.被PK不掉	0	0	士官長靴	1	7.顧大嫂	03.褲子 - 顧大嫂	10.官階	1	09.聲望	5000	4803	6004803	6100000	6200000	4110763	3ditem_a_001	1	1	64	5	00.無	0		00.無	0	00.無	0				1400	140	227	0	0	0	0	0	
	4804	4000	1	1	1	1	1	0.不可交易；0.被PK不掉	0	0	士官長狼牙棒	1	7.顧大嫂	04.武器 - 顧大嫂	10.官階	1	09.聲望	5000	4804	6004804	6100000	6200000	4110764	3ditem_a_001	1	1	64	5	00.無	0		00.無	0	00.無	0				2600	260	228	0	0	0	0	0	
	4805	4000	1	1	1	1	1	0.不可交易；0.被PK不掉	0	0	總指揮帽	1	7.顧大嫂	01.帽子 - 顧大嫂	10.官階	1	09.聲望	5000	4805	6004805	6100000	6200000	4110765	3ditem_a_001	1	1	64	10	00.無	0		00.無	0	00.無	0				30000	3000	225	0	0	0	0	0	
	4806	4000	1	1	1	1	1	0.不可交易；0.被PK不掉	0	0	總指揮服	1	7.顧大嫂	02.上衣 - 顧大嫂	10.官階	1	09.聲望	5000	4806	6004806	6100000	6200000	4110766	3ditem_a_001	1	1	64	10	00.無	0		00.無	0	00.無	0				38000	3800	226	0	0	0	0	0	
	4807	4000	1	1	1	1	1	0.不可交易；0.被PK不掉	0	0	總指揮靴	1	7.顧大嫂	03.褲子 - 顧大嫂	10.官階	1	09.聲望	5000	4807	6004807	6100000	6200000	4110767	3ditem_a_001	1	1	64	10	00.無	0		00.無	0	00.無	0				34000	3400	227	0	0	0	0	0	
	4808	4000	1	1	1	1	1	0.不可交易；0.被PK不掉	0	0	總指揮狼牙棒	1	7.顧大嫂	04.武器 - 顧大嫂	10.官階	1	09.聲望	5000	4808	6004808	6100000	6200000	4110768	3ditem_a_001	1	1	64	10	00.無	0		00.無	0	00.無	0				63000	6300	228	0	0	0	0	0	
	4809	4000	1	1	1	1	1	0.不可交易；0.被PK不掉	0	0	總元帥帽	1	7.顧大嫂	01.帽子 - 顧大嫂	10.官階	1	09.聲望	5000	4809	6004809	6100000	6200000	4110769	3ditem_a_001	1	1	64	12	00.無	0		00.無	0	00.無	0				100000	10000	225	0	0	0	0	0	
	4810	4000	1	1	1	1	1	0.不可交易；0.被PK不掉	0	0	總元帥服	1	7.顧大嫂	02.上衣 - 顧大嫂	10.官階	1	09.聲望	5000	4810	6004810	6100000	6200000	4110770	3ditem_a_001	1	1	64	12	00.無	0		00.無	0	00.無	0				130000	13000	226	0	0	0	0	0	
	4811	4000	1	1	1	1	1	0.不可交易；0.被PK不掉	0	0	總元帥靴	1	7.顧大嫂	03.褲子 - 顧大嫂	10.官階	1	09.聲望	5000	4811	6004811	6100000	6200000	4110771	3ditem_a_001	1	1	64	12	00.無	0		00.無	0	00.無	0				120000	12000	227	0	0	0	0	0	
	4812	4000	1	1	1	1	1	0.不可交易；0.被PK不掉	0	0	總元帥狼牙棒	1	7.顧大嫂	04.武器 - 顧大嫂	10.官階	1	09.聲望	5000	4812	6004812	6100000	6200000	4110772	3ditem_a_001	1	1	64	12	00.無	0		00.無	0	00.無	0				220000	22000	228	0	0	0	0	0	
	4851	4000	1	1	1	1	1	0.不可交易；0.被PK不掉	0	0	士官長帽	1	8.花榮	01.帽子 - 花榮	10.官階	1	09.聲望	5000	4851	6004851	6100000	6200000	4112361	3ditem_a_001	1	1	128	5	00.無	0		00.無	0	00.無	0				1200	120	229	0	0	0	0	0	
	4852	4000	1	1	1	1	1	0.不可交易；0.被PK不掉	0	0	士官長面甲	1	8.花榮	02.上衣 - 花榮	10.官階	1	09.聲望	5000	4852	6004852	6100000	6200000	4112362	3ditem_a_001	1	1	128	5	00.無	0		00.無	0	00.無	0				1600	160	230	0	0	0	0	0	
	4853	4000	1	1	1	1	1	0.不可交易；0.被PK不掉	0	0	士官長連身甲	1	8.花榮	03.褲子 - 花榮	10.官階	1	09.聲望	5000	4853	6004853	6100000	6200000	4112363	3ditem_a_001	1	1	128	5	00.無	0		00.無	0	00.無	0				1400	140	231	0	0	0	0	0	
	4854	4000	1	1	1	1	1	0.不可交易；0.被PK不掉	0	0	士官長弓箭	1	8.花榮	04.武器 - 花榮	10.官階	1	09.聲望	5000	4854	6004854	6100000	6200000	4112364	3ditem_a_001	1	1	128	5	00.無	0		00.無	0	00.無	0				2600	260	232	0	0	0	0	0	
	4855	4000	1	1	1	1	1	0.不可交易；0.被PK不掉	0	0	總指揮帽	1	8.花榮	01.帽子 - 花榮	10.官階	1	09.聲望	5000	4855	6004855	6100000	6200000	4112365	3ditem_a_001	1	1	128	10	00.無	0		00.無	0	00.無	0				30000	3000	229	0	0	0	0	0	
	4856	4000	1	1	1	1	1	0.不可交易；0.被PK不掉	0	0	總指揮面甲	1	8.花榮	02.上衣 - 花榮	10.官階	1	09.聲望	5000	4856	6004856	6100000	6200000	4112366	3ditem_a_001	1	1	128	10	00.無	0		00.無	0	00.無	0				38000	3800	230	0	0	0	0	0	
	4857	4000	1	1	1	1	1	0.不可交易；0.被PK不掉	0	0	總指揮連身甲	1	8.花榮	03.褲子 - 花榮	10.官階	1	09.聲望	5000	4857	6004857	6100000	6200000	4112367	3ditem_a_001	1	1	128	10	00.無	0		00.無	0	00.無	0				34000	3400	231	0	0	0	0	0	
	4858	4000	1	1	1	1	1	0.不可交易；0.被PK不掉	0	0	總指揮弓箭	1	8.花榮	04.武器 - 花榮	10.官階	1	09.聲望	5000	4858	6004858	6100000	6200000	4112368	3ditem_a_001	1	1	128	10	00.無	0		00.無	0	00.無	0				63000	6300	232	0	0	0	0	0	
	4859	4000	1	1	1	1	1	0.不可交易；0.被PK不掉	0	0	總元帥帽	1	8.花榮	01.帽子 - 花榮	10.官階	1	09.聲望	5000	4859	6004859	6100000	6200000	4112369	3ditem_a_001	1	1	128	12	00.無	0		00.無	0	00.無	0				100000	10000	229	0	0	0	0	0	
	4860	4000	1	1	1	1	1	0.不可交易；0.被PK不掉	0	0	總元帥面甲	1	8.花榮	02.上衣 - 花榮	10.官階	1	09.聲望	5000	4860	6004860	6100000	6200000	4112370	3ditem_a_001	1	1	128	12	00.無	0		00.無	0	00.無	0				130000	13000	230	0	0	0	0	0	
	4861	4000	1	1	1	1	1	0.不可交易；0.被PK不掉	0	0	總元帥連身甲	1	8.花榮	03.褲子 - 花榮	10.官階	1	09.聲望	5000	4861	6004861	6100000	6200000	4112371	3ditem_a_001	1	1	128	12	00.無	0		00.無	0	00.無	0				120000	12000	231	0	0	0	0	0	
	4862	4000	1	1	1	1	1	0.不可交易；0.被PK不掉	0	0	總元帥弓箭	1	8.花榮	04.武器 - 花榮	10.官階	1	09.聲望	5000	4862	6004862	6100000	6200000	4112372	3ditem_a_001	1	1	128	12	00.無	0		00.無	0	00.無	0				220000	22000	232	0	0	0	0	0	
# 裝飾性守護神 5001 ~ 5500																																															
	5001	4000	1	1	1	0	1	1.可以交易；0.被PK不掉	1	0	關公	1	0.全角色	08.守護神	09.裝飾型	1	04.GASH商城	5000	5001	6005001	6100000	6200000	4410001	3ditem_a_001	1	1	-1	0	00.無	0		00.無	0	00.無	0				75000	0	304	0	0	0	0	0	1
	5002	4000	1	1	1	0	1	1.可以交易；0.被PK不掉	1	0	財神	1	0.全角色	08.守護神	09.裝飾型	1	04.GASH商城	5000	5002	6005002	6100000	6200000	4410002	3ditem_a_001	1	1	-1	0	00.無	0		00.無	0	00.無	0				75000	0	304	0	0	0	0	0	1
	5003	4000	1	1	1	0	1	1.可以交易；0.被PK不掉	1	0	濟公	1	0.全角色	08.守護神	09.裝飾型	1	04.GASH商城	5000	5003	6005003	6100000	6200000	4410003	3ditem_a_001	1	1	-1	0	00.無	0		00.無	0	00.無	0				75000	0	304	0	0	0	0	0	1
	5004	4000	1	1	1	0	1	1.可以交易；0.被PK不掉	1	0	媽祖	1	0.全角色	08.守護神	09.裝飾型	1	04.GASH商城	5000	5004	6005004	6100000	6200000	4410004	3ditem_a_001	1	1	-1	0	00.無	0		00.無	0	00.無	0				75000	0	304	0	0	0	0	0	1
	5005	4000	1	1	1	0	1	1.可以交易；0.被PK不掉	1	0	彌勒佛	1	0.全角色	08.守護神	09.裝飾型	1	04.GASH商城	5000	5005	6005005	6100000	6200000	4410005	3ditem_a_001	1	1	-1	0	00.無	0		00.無	0	00.無	0				75000	0	304	0	0	0	0	0	1
	5006	4000	1	1	1	0	1	1.可以交易；0.被PK不掉	1	0	土地公	1	0.全角色	08.守護神	09.裝飾型	1	04.GASH商城	5000	5006	6005006	6100000	6200000	4410006	3ditem_a_001	1	1	-1	0	00.無	0		00.無	0	00.無	0				75000	0	304	0	0	0	0	0	1
	5007	4000	1	1	1	0	1	1.可以交易；0.被PK不掉	1	0	釋迦摩尼佛	1	0.全角色	08.守護神	09.裝飾型	1	04.GASH商城	5000	5007	6005007	6100000	6200000	4410007	3ditem_a_001	1	1	-1	0	00.無	0		00.無	0	00.無	0				75000	0	304	0	0	0	0	0	1
	5008	4000	1	1	1	0	1	1.可以交易；0.被PK不掉	1	0	觀世音菩薩	1	0.全角色	08.守護神	09.裝飾型	1	04.GASH商城	5000	5008	6005008	6100000	6200000	4410008	3ditem_a_001	1	1	-1	0	00.無	0		00.無	0	00.無	0				75000	0	304	0	0	0	0	0	1
	5009	4000	1	1	1	0	1	1.可以交易；0.被PK不掉	1	0	月下老人	1	0.全角色	08.守護神	09.裝飾型	1	04.GASH商城	5000	5009	6005009	6100000	6200000	4410009	3ditem_a_001	1	1	-1	0	00.無	0		00.無	0	00.無	0				75000	0	304	0	0	0	0	0	1
	5010	4000	1	1	1	0	1	1.可以交易；0.被PK不掉	1	0	幸運飛馬	1	0.全角色	08.守護神	09.裝飾型	1	04.GASH商城	5000	5010	6005010	6100000	6200000	4410010	3ditem_a_001	1	1	-1	0	00.無	0		00.無	0	00.無	0				75000	0	304	0	0	0	0	0	1
	5011	4000	1	1	1	0	1	1.可以交易；0.被PK不掉	1	0	上帝	1	0.全角色	08.守護神	09.裝飾型	1	04.GASH商城	5000	5011	6005011	6100000	6200000	4410011	3ditem_a_001	1	1	-1	0	00.無	0		00.無	0	00.無	0				75000	0	304	0	0	0	0	0	1
	5012	4000	1	1	1	0	1	1.可以交易；0.被PK不掉	1	0	太陽神	1	0.全角色	08.守護神	09.裝飾型	1	04.GASH商城	5000	5012	6005012	6100000	6200000	4410012	3ditem_a_001	1	1	-1	0	00.無	0		00.無	0	00.無	0				75000	0	304	0	0	0	0	0	1
	5013	4000	1	1	1	0	1	1.可以交易；0.被PK不掉	1	0	月亮女神	1	0.全角色	08.守護神	09.裝飾型	1	04.GASH商城	5000	5013	6005013	6100000	6200000	4410013	3ditem_a_001	1	1	-1	0	00.無	0		00.無	0	00.無	0				75000	0	304	0	0	0	0	0	1
	5014	4000	1	1	1	0	1	1.可以交易；0.被PK不掉	1	0	海神	1	0.全角色	08.守護神	09.裝飾型	1	04.GASH商城	5000	5014	6005014	6100000	6200000	4410014	3ditem_a_001	1	1	-1	0	00.無	0		00.無	0	00.無	0				75000	0	304	0	0	0	0	0	1
	5015	4000	1	1	1	0	1	1.可以交易；0.被PK不掉	1	0	幸運草神	1	0.全角色	08.守護神	09.裝飾型	1	04.GASH商城	5000	5015	6005015	6100000	6200000	4410015	3ditem_a_001	1	1	-1	0	00.無	0		00.無	0	00.無	0				75000	0	304	0	0	0	0	0	1
	5016	4000	1	1	1	0	1	1.可以交易；0.被PK不掉	1	0	智慧女神	1	0.全角色	08.守護神	09.裝飾型	1	04.GASH商城	5000	5016	6005016	6100000	6200000	4410016	3ditem_a_001	1	1	-1	0	00.無	0		00.無	0	00.無	0				75000	0	304	0	0	0	0	0	1
	5017	4000	1	1	1	0	1	1.可以交易；0.被PK不掉	1	0	愛神	1	0.全角色	08.守護神	09.裝飾型	1	04.GASH商城	5000	5017	6005017	6100000	6200000	4410017	3ditem_a_001	1	1	-1	0	00.無	0		00.無	0	00.無	0				75000	0	304	0	0	0	0	0	1
	5018	4000	1	1	1	0	1	1.可以交易；0.被PK不掉	1	0	守護天使	1	0.全角色	08.守護神	09.裝飾型	1	04.GASH商城	5000	5018	6005018	6100000	6200000	4410018	3ditem_a_001	1	1	-1	0	00.無	0		00.無	0	00.無	0				75000	0	304	0	0	0	0	0	1
	5019	4000	1	1	1	0	1	1.可以交易；0.被PK不掉	1	0	惠比須	1	0.全角色	08.守護神	09.裝飾型	1	04.GASH商城	5000	5019	6005019	6100000	6200000	4410019	3ditem_a_001	1	1	-1	0	00.無	0		00.無	0	00.無	0				75000	0	304	0	0	0	0	0	1
	5020	4000	1	1	1	0	1	1.可以交易；0.被PK不掉	1	0	大黑天	1	0.全角色	08.守護神	09.裝飾型	1	04.GASH商城	5000	5020	6005020	6100000	6200000	4410020	3ditem_a_001	1	1	-1	0	00.無	0		00.無	0	00.無	0				75000	0	304	0	0	0	0	0	1
	5021	4000	1	1	1	0	1	1.可以交易；0.被PK不掉	1	0	毘沙門天	1	0.全角色	08.守護神	09.裝飾型	1	04.GASH商城	5000	5021	6005021	6100000	6200000	4410021	3ditem_a_001	1	1	-1	0	00.無	0		00.無	0	00.無	0				75000	0	304	0	0	0	0	0	1
	5022	4000	1	1	1	0	1	1.可以交易；0.被PK不掉	1	0	壽老人	1	0.全角色	08.守護神	09.裝飾型	1	04.GASH商城	5000	5022	6005022	6100000	6200000	4410022	3ditem_a_001	1	1	-1	0	00.無	0		00.無	0	00.無	0				75000	0	304	0	0	0	0	0	1
	5023	4000	1	1	1	0	1	1.可以交易；0.被PK不掉	1	0	福祿壽	1	0.全角色	08.守護神	09.裝飾型	1	04.GASH商城	5000	5023	6005023	6100000	6200000	4410023	3ditem_a_001	1	1	-1	0	00.無	0		00.無	0	00.無	0				75000	0	304	0	0	0	0	0	1
	5024	4000	1	1	1	0	1	1.可以交易；0.被PK不掉	1	0	弁才天	1	0.全角色	08.守護神	09.裝飾型	1	04.GASH商城	5000	5024	6005024	6100000	6200000	4410024	3ditem_a_001	1	1	-1	0	00.無	0		00.無	0	00.無	0				75000	0	304	0	0	0	0	0	1
	5025	4000	1	1	1	0	1	1.可以交易；0.被PK不掉	1	0	布袋	1	0.全角色	08.守護神	09.裝飾型	1	04.GASH商城	5000	5025	6005025	6100000	6200000	4410025	3ditem_a_001	1	1	-1	0	00.無	0		00.無	0	00.無	0				75000	0	304	0	0	0	0	0	1
	5026	4000	1	1	1	0	1	0.不可交易；0.被PK不掉	0	0	招財貓	1	0.全角色	08.守護神	09.裝飾型	1	10.活動獎勵	5000	5026	6005026	6100000	6200000	4410026	3ditem_a_001	1	1	-1	0	00.無	0		00.無	0	00.無	0				75000	0	304	0	0	0	0	0	1
	5027	4000	1	1	1	0	1	1.可以交易；0.被PK不掉	1	0	地藏菩薩	1	0.全角色	08.守護神	09.裝飾型	1	04.GASH商城	5000	5027	6005027	6100000	6200000	4410027	3ditem_a_001	1	1	-1	0	00.無	0		00.無	0	00.無	0				75000	0	304	0	0	0	0	0	1
# 裝飾性坐騎 5501 ~ 6000																																															
	5501	4000	1	1	1	0	1	1.可以交易；0.被PK不掉	1	0	飛行火箭	1	0.全角色	09.坐騎	09.裝飾型	1	04.GASH商城	5000	5501	6005501	6100000	6200000	4430001	3ditem_a_001	1	1	-1	0	00.無	0		00.無	0	00.無	0				250000	0	305	0	0	0	0	0	
	5502	4000	1	1	1	0	1	1.可以交易；0.被PK不掉	1	0	蒸汽火車頭	1	0.全角色	09.坐騎	09.裝飾型	1	04.GASH商城	5000	5502	6005502	6100000	6200000	4430002	3ditem_a_001	1	1	-1	0	00.無	0		00.無	0	00.無	0				250000	0	305	0	0	0	0	0	
	5503	4000	1	1	1	0	1	1.可以交易；0.被PK不掉	1	0	金龜車	1	0.全角色	09.坐騎	09.裝飾型	1	04.GASH商城	5000	5503	6005503	6100000	6200000	4430003	3ditem_a_001	1	1	-1	0	00.無	0		00.無	0	00.無	0				250000	0	305	0	0	0	0	0	
	5504	4000	1	1	1	0	1	1.可以交易；0.被PK不掉	1	0	急速坦克	1	0.全角色	09.坐騎	09.裝飾型	1	04.GASH商城	5000	5504	6005504	6100000	6200000	4430004	3ditem_a_001	1	1	-1	0	00.無	0		00.無	0	00.無	0				250000	0	305	0	0	0	0	0	
# 裝飾性裝備6001 ~ 2-0000																																															
	6001	4000	1	1	1	0	1	1.可以交易；0.被PK不掉	1	0	漁人斗笠	1	1.林沖	01.帽子 - 林沖	09.裝飾型	1	04.GASH商城	5000	6001	6006001	6100000	6200000	4101001	3ditem_a_001	1	1	1	0	00.無	0		00.無	0	00.無	0				30000	0	201	0	0	0	0	0	
	6002	4000	1	1	1	0	1	1.可以交易；0.被PK不掉	1	0	漁人蓑衣	1	1.林沖	02.上衣 - 林沖	09.裝飾型	1	04.GASH商城	5000	6002	6006002	6100000	6200000	4101002	3ditem_a_001	1	1	1	0	00.無	0		00.無	0	00.無	0				40000	0	202	0	0	0	0	0	
	6003	4000	1	1	1	0	1	1.可以交易；0.被PK不掉	1	0	漁人足具	1	1.林沖	03.褲子 - 林沖	09.裝飾型	1	04.GASH商城	5000	6003	6006003	6100000	6200000	4101003	3ditem_a_001	1	1	1	0	00.無	0		00.無	0	00.無	0				40000	0	203	0	0	0	0	0	
	6004	4000	1	1	1	0	1	1.可以交易；0.被PK不掉	1	0	漁人叉	1	1.林沖	04.武器 - 林沖	09.裝飾型	1	04.GASH商城	5000	6004	6006004	6100000	6200000	4101004	3ditem_a_001	1	1	1	0	00.無	0		00.無	0	00.無	0				50000	0	204	0	0	0	0	0	
	6005	4000	1	1	1	0	1	1.可以交易；0.被PK不掉	1	0	屠殺者面具	1	1.林沖	01.帽子 - 林沖	09.裝飾型	1	04.GASH商城	5000	6005	6006005	6100000	6200000	4101005	3ditem_a_001	1	1	1	0	00.無	0		00.無	0	00.無	0				30000	0	201	0	0	0	0	0	
	6006	4000	1	1	1	0	1	1.可以交易；0.被PK不掉	1	0	屠殺者背心	1	1.林沖	02.上衣 - 林沖	09.裝飾型	1	04.GASH商城	5000	6006	6006006	6100000	6200000	4101006	3ditem_a_001	1	1	1	0	00.無	0		00.無	0	00.無	0				40000	0	202	0	0	0	0	0	
	6007	4000	1	1	1	0	1	1.可以交易；0.被PK不掉	1	0	屠殺者鞋	1	1.林沖	03.褲子 - 林沖	09.裝飾型	1	04.GASH商城	5000	6007	6006007	6100000	6200000	4101007	3ditem_a_001	1	1	1	0	00.無	0		00.無	0	00.無	0				40000	0	203	0	0	0	0	0	
	6008	4000	1	1	1	0	1	1.可以交易；0.被PK不掉	1	0	顫慄屠殺者	1	1.林沖	04.武器 - 林沖	09.裝飾型	1	04.GASH商城	5000	6008	6006008	6100000	6200000	4101008	3ditem_a_001	1	1	1	0	00.無	0		00.無	0	00.無	0				50000	0	204	0	0	0	0	0	
	6009	4000	1	1	1	0	1	1.可以交易；0.被PK不掉	1	0	紅花羽翎	1	1.林沖	01.帽子 - 林沖	09.裝飾型	1	04.GASH商城	5000	6009	6006009	6100000	6200000	4101009	3ditem_a_001	1	1	1	0	00.無	0		00.無	0	00.無	0				30000	0	201	0	0	0	0	0	
	6010	4000	1	1	1	0	1	1.可以交易；0.被PK不掉	1	0	紅花盔甲	1	1.林沖	02.上衣 - 林沖	09.裝飾型	1	04.GASH商城	5000	6010	6006010	6100000	6200000	4101010	3ditem_a_001	1	1	1	0	00.無	0		00.無	0	00.無	0				40000	0	202	0	0	0	0	0	
	6011	4000	1	1	1	0	1	1.可以交易；0.被PK不掉	1	0	紅花鞋	1	1.林沖	03.褲子 - 林沖	09.裝飾型	1	04.GASH商城	5000	6011	6006011	6100000	6200000	4101011	3ditem_a_001	1	1	1	0	00.無	0		00.無	0	00.無	0				40000	0	203	0	0	0	0	0	
	6012	4000	1	1	1	0	1	1.可以交易；0.被PK不掉	1	0	紅花鐵槍	1	1.林沖	04.武器 - 林沖	09.裝飾型	1	04.GASH商城	5000	6012	6006012	6100000	6200000	4101012	3ditem_a_001	1	1	1	0	00.無	0		00.無	0	00.無	0				50000	0	204	0	0	0	0	0	
	6013	4000	1	1	1	0	1	1.可以交易；0.被PK不掉	1	0	行僧笠	1	1.林沖	01.帽子 - 林沖	09.裝飾型	1	04.GASH商城	5000	6013	6006013	6100000	6200000	4101013	3ditem_a_001	1	1	1	0	00.無	0		00.無	0	00.無	0				30000	0	201	0	0	0	0	0	
	6014	4000	1	1	1	0	1	1.可以交易；0.被PK不掉	1	0	行僧袈裟	1	1.林沖	02.上衣 - 林沖	09.裝飾型	1	04.GASH商城	5000	6014	6006014	6100000	6200000	4101014	3ditem_a_001	1	1	1	0	00.無	0		00.無	0	00.無	0				40000	0	202	0	0	0	0	0	
	6015	4000	1	1	1	0	1	1.可以交易；0.被PK不掉	1	0	行僧鞋	1	1.林沖	03.褲子 - 林沖	09.裝飾型	1	04.GASH商城	5000	6015	6006015	6100000	6200000	4101015	3ditem_a_001	1	1	1	0	00.無	0		00.無	0	00.無	0				40000	0	203	0	0	0	0	0	
	6016	4000	1	1	1	0	1	1.可以交易；0.被PK不掉	1	0	行僧武棍	1	1.林沖	04.武器 - 林沖	09.裝飾型	1	04.GASH商城	5000	6016	6006016	6100000	6200000	4101016	3ditem_a_001	1	1	1	0	00.無	0		00.無	0	00.無	0				50000	0	204	0	0	0	0	0	
	6017	4000	1	1	1	0	1	1.可以交易；0.被PK不掉	1	0	潛水蛙鏡	1	1.林沖	01.帽子 - 林沖	09.裝飾型	1	04.GASH商城	5000	6017	6006017	6100000	6200000	4101017	3ditem_a_001	1	1	1	0	00.無	0		00.無	0	00.無	0				30000	0	201	0	0	0	0	0	
	6018	4000	1	1	1	0	1	1.可以交易；0.被PK不掉	1	0	花襯衫	1	1.林沖	02.上衣 - 林沖	09.裝飾型	1	04.GASH商城	5000	6018	6006018	6100000	6200000	4101018	3ditem_a_001	1	1	1	0	00.無	0		00.無	0	00.無	0				40000	0	202	0	0	0	0	0	
	6019	4000	1	1	1	0	1	1.可以交易；0.被PK不掉	1	0	海灘鞋	1	1.林沖	03.褲子 - 林沖	09.裝飾型	1	04.GASH商城	5000	6019	6006019	6100000	6200000	4101019	3ditem_a_001	1	1	1	0	00.無	0		00.無	0	00.無	0				40000	0	203	0	0	0	0	0	
	6020	4000	1	1	1	0	1	1.可以交易；0.被PK不掉	1	0	呼吸管	1	1.林沖	04.武器 - 林沖	09.裝飾型	1	04.GASH商城	5000	6020	6006020	6100000	6200000	4101020	3ditem_a_001	1	1	1	0	00.無	0		00.無	0	00.無	0				50000	0	204	0	0	0	0	0	
	6021	4000	1	1	1	0	1	1.可以交易；0.被PK不掉	1	0	聖誕老人帽	1	1.林沖	01.帽子 - 林沖	09.裝飾型	1	04.GASH商城	5000	6021	6006021	6100000	6200000	4101037	3ditem_a_001	1	1	1	0	00.無	0		00.無	0	00.無	0				30000	0	201	0	0	0	0	0	
	6022	4000	1	1	1	0	1	1.可以交易；0.被PK不掉	1	0	聖誕老人袍	1	1.林沖	02.上衣 - 林沖	09.裝飾型	1	04.GASH商城	5000	6022	6006022	6100000	6200000	4101038	3ditem_a_001	1	1	1	0	00.無	0		00.無	0	00.無	0				40000	0	202	0	0	0	0	0	
	6023	4000	1	1	1	0	1	1.可以交易；0.被PK不掉	1	0	聖誕老人靴	1	1.林沖	03.褲子 - 林沖	09.裝飾型	1	04.GASH商城	5000	6023	6006023	6100000	6200000	4101039	3ditem_a_001	1	1	1	0	00.無	0		00.無	0	00.無	0				40000	0	203	0	0	0	0	0	
	6024	4000	1	1	1	0	1	1.可以交易；0.被PK不掉	1	0	聖誕拐杖糖槍	1	1.林沖	04.武器 - 林沖	09.裝飾型	1	04.GASH商城	5000	6024	6006024	6100000	6200000	4101040	3ditem_a_001	1	1	1	0	00.無	0		00.無	0	00.無	0				50000	0	204	0	0	0	0	0	
	6025	4000	1	1	1	0	1	1.可以交易；0.被PK不掉	1	0	斯巴達頭盔	1	1.林沖	01.帽子 - 林沖	09.裝飾型	1	04.GASH商城	5000	6025	6006025	6100000	6200000	4101041	3ditem_a_001	1	1	1	0	00.無	0		00.無	0	00.無	0				30000	0	201	0	0	0	0	0	
	6026	4000	1	1	1	0	1	1.可以交易；0.被PK不掉	1	0	斯巴達戰袍	1	1.林沖	02.上衣 - 林沖	09.裝飾型	1	04.GASH商城	5000	6026	6006026	6100000	6200000	4101042	3ditem_a_001	1	1	1	0	00.無	0		00.無	0	00.無	0				40000	0	202	0	0	0	0	0	
	6027	4000	1	1	1	0	1	1.可以交易；0.被PK不掉	1	0	斯巴達戰靴	1	1.林沖	03.褲子 - 林沖	09.裝飾型	1	04.GASH商城	5000	6027	6006027	6100000	6200000	4101043	3ditem_a_001	1	1	1	0	00.無	0		00.無	0	00.無	0				40000	0	203	0	0	0	0	0	
	6028	4000	1	1	1	0	1	1.可以交易；0.被PK不掉	1	0	斯巴達長槍	1	1.林沖	04.武器 - 林沖	09.裝飾型	1	04.GASH商城	5000	6028	6006028	6100000	6200000	4101044	3ditem_a_001	1	1	1	0	00.無	0		00.無	0	00.無	0				50000	0	204	0	0	0	0	0	
	6029	4000	1	1	1	0	1	1.可以交易；0.被PK不掉	1	0	曲棍藍帽	1	1.林沖	01.帽子 - 林沖	09.裝飾型	1	04.GASH商城	5000	6029	6006029	6100000	6200000	4101049	3ditem_a_001	1	1	1	0	00.無	0		00.無	0	00.無	0				30000	0	201	0	0	0	0	0	
	6030	4000	1	1	1	0	1	1.可以交易；0.被PK不掉	1	0	曲棍藍衣	1	1.林沖	02.上衣 - 林沖	09.裝飾型	1	04.GASH商城	5000	6030	6006030	6100000	6200000	4101050	3ditem_a_001	1	1	1	0	00.無	0		00.無	0	00.無	0				40000	0	202	0	0	0	0	0	
	6031	4000	1	1	1	0	1	1.可以交易；0.被PK不掉	1	0	曲棍藍鞋	1	1.林沖	03.褲子 - 林沖	09.裝飾型	1	04.GASH商城	5000	6031	6006031	6100000	6200000	4101051	3ditem_a_001	1	1	1	0	00.無	0		00.無	0	00.無	0				40000	0	203	0	0	0	0	0	
	6032	4000	1	1	1	0	1	1.可以交易；0.被PK不掉	1	0	藍色曲棍	1	1.林沖	04.武器 - 林沖	09.裝飾型	1	04.GASH商城	5000	6032	6006032	6100000	6200000	4101052	3ditem_a_001	1	1	1	0	00.無	0		00.無	0	00.無	0				50000	0	204	0	0	0	0	0	
	6033	4000	1	1	1	0	1	1.可以交易；0.被PK不掉	1	0	曲棍紅帽	1	1.林沖	01.帽子 - 林沖	09.裝飾型	1	04.GASH商城	5000	6033	6006033	6100000	6200000	4101053	3ditem_a_001	1	1	1	0	00.無	0		00.無	0	00.無	0				30000	0	201	0	0	0	0	0	
	6034	4000	1	1	1	0	1	1.可以交易；0.被PK不掉	1	0	曲棍白衣	1	1.林沖	02.上衣 - 林沖	09.裝飾型	1	04.GASH商城	5000	6034	6006034	6100000	6200000	4101054	3ditem_a_001	1	1	1	0	00.無	0		00.無	0	00.無	0				40000	0	202	0	0	0	0	0	
	6035	4000	1	1	1	0	1	1.可以交易；0.被PK不掉	1	0	曲棍紅鞋	1	1.林沖	03.褲子 - 林沖	09.裝飾型	1	04.GASH商城	5000	6035	6006035	6100000	6200000	4101055	3ditem_a_001	1	1	1	0	00.無	0		00.無	0	00.無	0				40000	0	203	0	0	0	0	0	
	6036	4000	1	1	1	0	1	1.可以交易；0.被PK不掉	1	0	白色曲棍	1	1.林沖	04.武器 - 林沖	09.裝飾型	1	04.GASH商城	5000	6036	6006036	6100000	6200000	4101056	3ditem_a_001	1	1	1	0	00.無	0		00.無	0	00.無	0				50000	0	204	0	0	0	0	0	
	6037	4000	1	1	1	0	1	1.可以交易；0.被PK不掉	1	0	美國足球衣	1	1.林沖	02.上衣 - 林沖	09.裝飾型	1	04.GASH商城	5000	6037	6006037	6100000	6200000	4101546	3ditem_a_001	1	1	1	0	00.無	0		00.無	0	00.無	0				40000	0	202	0	0	0	0	0	
	6038	4000	1	1	1	0	1	1.可以交易；0.被PK不掉	1	0	美國足球鞋	1	1.林沖	03.褲子 - 林沖	09.裝飾型	1	04.GASH商城	5000	6038	6006038	6100000	6200000	4101547	3ditem_a_001	1	1	1	0	00.無	0		00.無	0	00.無	0				40000	0	203	0	0	0	0	0	
	6039	4000	1	1	1	0	1	1.可以交易；0.被PK不掉	1	0	英國足球衣	1	1.林沖	02.上衣 - 林沖	09.裝飾型	1	04.GASH商城	5000	6039	6006039	6100000	6200000	4101550	3ditem_a_001	1	1	1	0	00.無	0		00.無	0	00.無	0				40000	0	202	0	0	0	0	0	
	6040	4000	1	1	1	0	1	1.可以交易；0.被PK不掉	1	0	英國足球鞋	1	1.林沖	03.褲子 - 林沖	09.裝飾型	1	04.GASH商城	5000	6040	6006040	6100000	6200000	4101551	3ditem_a_001	1	1	1	0	00.無	0		00.無	0	00.無	0				40000	0	203	0	0	0	0	0	
	6041	4000	1	1	1	0	1	1.可以交易；0.被PK不掉	1	0	法國足球衣	1	1.林沖	02.上衣 - 林沖	09.裝飾型	1	04.GASH商城	5000	6041	6006041	6100000	6200000	4101554	3ditem_a_001	1	1	1	0	00.無	0		00.無	0	00.無	0				40000	0	202	0	0	0	0	0	
	6042	4000	1	1	1	0	1	1.可以交易；0.被PK不掉	1	0	法國足球鞋	1	1.林沖	03.褲子 - 林沖	09.裝飾型	1	04.GASH商城	5000	6042	6006042	6100000	6200000	4101555	3ditem_a_001	1	1	1	0	00.無	0		00.無	0	00.無	0				40000	0	203	0	0	0	0	0	
	6043	4000	1	1	1	0	1	1.可以交易；0.被PK不掉	1	0	德國足球衣	1	1.林沖	02.上衣 - 林沖	09.裝飾型	1	04.GASH商城	5000	6043	6006043	6100000	6200000	4101558	3ditem_a_001	1	1	1	0	00.無	0		00.無	0	00.無	0				40000	0	202	0	0	0	0	0	
	6044	4000	1	1	1	0	1	1.可以交易；0.被PK不掉	1	0	德國足球鞋	1	1.林沖	03.褲子 - 林沖	09.裝飾型	1	04.GASH商城	5000	6044	6006044	6100000	6200000	4101559	3ditem_a_001	1	1	1	0	00.無	0		00.無	0	00.無	0				40000	0	203	0	0	0	0	0	
	6045	4000	1	1	1	0	1	1.可以交易；0.被PK不掉	1	0	澳大利亞足球衣	1	1.林沖	02.上衣 - 林沖	09.裝飾型	1	04.GASH商城	5000	6045	6006045	6100000	6200000	4101562	3ditem_a_001	1	1	1	0	00.無	0		00.無	0	00.無	0				40000	0	202	0	0	0	0	0	
	6046	4000	1	1	1	0	1	1.可以交易；0.被PK不掉	1	0	澳大利亞足球鞋	1	1.林沖	03.褲子 - 林沖	09.裝飾型	1	04.GASH商城	5000	6046	6006046	6100000	6200000	4101563	3ditem_a_001	1	1	1	0	00.無	0		00.無	0	00.無	0				40000	0	203	0	0	0	0	0	
	6047	4000	1	1	1	0	1	1.可以交易；0.被PK不掉	1	0	南非足球衣	1	1.林沖	02.上衣 - 林沖	09.裝飾型	1	04.GASH商城	5000	6047	6006047	6100000	6200000	4101566	3ditem_a_001	1	1	1	0	00.無	0		00.無	0	00.無	0				40000	0	202	0	0	0	0	0	
	6048	4000	1	1	1	0	1	1.可以交易；0.被PK不掉	1	0	南非足球鞋	1	1.林沖	03.褲子 - 林沖	09.裝飾型	1	04.GASH商城	5000	6048	6006048	6100000	6200000	4101567	3ditem_a_001	1	1	1	0	00.無	0		00.無	0	00.無	0				40000	0	203	0	0	0	0	0	
	6049	4000	1	1	1	0	1	1.可以交易；0.被PK不掉	1	0	紅色賽車安全帽	1	1.林沖	01.帽子 - 林沖	09.裝飾型	1	04.GASH商城	5000	6049	6006049	6100000	6200000	4101945	3ditem_a_001	1	1	1	0	00.無	0		00.無	0	00.無	0				30000	0	201	0	0	0	0	0	
	6050	4000	1	1	1	0	1	1.可以交易；0.被PK不掉	1	0	紅色賽車衣	1	1.林沖	02.上衣 - 林沖	09.裝飾型	1	04.GASH商城	5000	6050	6006050	6100000	6200000	4101946	3ditem_a_001	1	1	1	0	00.無	0		00.無	0	00.無	0				40000	0	202	0	0	0	0	0	
	6051	4000	1	1	1	0	1	1.可以交易；0.被PK不掉	1	0	紅色賽車鞋	1	1.林沖	03.褲子 - 林沖	09.裝飾型	1	04.GASH商城	5000	6051	6006051	6100000	6200000	4101947	3ditem_a_001	1	1	1	0	00.無	0		00.無	0	00.無	0				40000	0	203	0	0	0	0	0	
	6052	4000	1	1	1	0	1	1.可以交易；0.被PK不掉	1	0	紅色賽車手套	1	1.林沖	04.武器 - 林沖	09.裝飾型	1	04.GASH商城	5000	6052	6006052	6100000	6200000	4101948	3ditem_a_001	1	1	1	0	00.無	0		00.無	0	00.無	0				50000	0	204	0	0	0	0	0	
	6053	4000	1	1	1	0	1	1.可以交易；0.被PK不掉	1	0	黃色賽車安全帽	1	1.林沖	01.帽子 - 林沖	09.裝飾型	1	04.GASH商城	5000	6053	6006053	6100000	6200000	4101949	3ditem_a_001	1	1	1	0	00.無	0		00.無	0	00.無	0				30000	0	201	0	0	0	0	0	
	6054	4000	1	1	1	0	1	1.可以交易；0.被PK不掉	1	0	黃色賽車衣	1	1.林沖	02.上衣 - 林沖	09.裝飾型	1	04.GASH商城	5000	6054	6006054	6100000	6200000	4101950	3ditem_a_001	1	1	1	0	00.無	0		00.無	0	00.無	0				40000	0	202	0	0	0	0	0	
	6055	4000	1	1	1	0	1	1.可以交易；0.被PK不掉	1	0	黃色賽車鞋	1	1.林沖	03.褲子 - 林沖	09.裝飾型	1	04.GASH商城	5000	6055	6006055	6100000	6200000	4101951	3ditem_a_001	1	1	1	0	00.無	0		00.無	0	00.無	0				40000	0	203	0	0	0	0	0	
	6056	4000	1	1	1	0	1	1.可以交易；0.被PK不掉	1	0	黃色賽車手套	1	1.林沖	04.武器 - 林沖	09.裝飾型	1	04.GASH商城	5000	6056	6006056	6100000	6200000	4101952	3ditem_a_001	1	1	1	0	00.無	0		00.無	0	00.無	0				50000	0	204	0	0	0	0	0	
	6057	4000	1	1	1	0	1	1.可以交易；0.被PK不掉	1	0	泰拳頭巾	1	1.林沖	01.帽子 - 林沖	09.裝飾型	1	04.GASH商城	5000	6057	6006057	6100000	6200000	4101953	3ditem_a_001	1	1	1	0	00.無	0		00.無	0	00.無	0				30000	0	201	0	0	0	0	0	
	6058	4000	1	1	1	0	1	1.可以交易；0.被PK不掉	1	0	泰拳衣	1	1.林沖	02.上衣 - 林沖	09.裝飾型	1	04.GASH商城	5000	6058	6006058	6100000	6200000	4101954	3ditem_a_001	1	1	1	0	00.無	0		00.無	0	00.無	0				40000	0	202	0	0	0	0	0	
	6059	4000	1	1	1	0	1	1.可以交易；0.被PK不掉	1	0	泰拳繃帶腳	1	1.林沖	03.褲子 - 林沖	09.裝飾型	1	04.GASH商城	5000	6059	6006059	6100000	6200000	4101955	3ditem_a_001	1	1	1	0	00.無	0		00.無	0	00.無	0				40000	0	203	0	0	0	0	0	
	6060	4000	1	1	1	0	1	1.可以交易；0.被PK不掉	1	0	泰拳手套	1	1.林沖	04.武器 - 林沖	09.裝飾型	1	04.GASH商城	5000	6060	6006060	6100000	6200000	4101956	3ditem_a_001	1	1	1	0	00.無	0		00.無	0	00.無	0				50000	0	204	0	0	0	0	0	
	6061	4000	1	1	1	0	0	1.可以交易；0.被PK不掉	1	0	機器人頭盔	1	1.林沖	01.帽子 - 林沖	09.裝飾型	1	04.GASH商城	5000	6061	6006061	6100000	6200000	4101957	3ditem_a_001	1	1	1	0	00.無	0		00.無	0	00.無	0				30000	0	201	0	0	0	0	0	
	6062	4000	1	1	1	0	0	1.可以交易；0.被PK不掉	1	0	機器人盔甲	1	1.林沖	02.上衣 - 林沖	09.裝飾型	1	04.GASH商城	5000	6062	6006062	6100000	6200000	4101958	3ditem_a_001	1	1	1	0	00.無	0		00.無	0	00.無	0				40000	0	202	0	0	0	0	0	
	6063	4000	1	1	1	0	0	1.可以交易；0.被PK不掉	1	0	機器人鞋	1	1.林沖	03.褲子 - 林沖	09.裝飾型	1	04.GASH商城	5000	6063	6006063	6100000	6200000	4101959	3ditem_a_001	1	1	1	0	00.無	0		00.無	0	00.無	0				40000	0	203	0	0	0	0	0	
	6064	4000	1	1	1	0	0	1.可以交易；0.被PK不掉	1	0	機器人發條	1	1.林沖	04.武器 - 林沖	09.裝飾型	1	04.GASH商城	5000	6064	6006064	6100000	6200000	4101960	3ditem_a_001	1	1	1	0	00.無	0		00.無	0	00.無	0				50000	0	204	0	0	0	0	0	
	7001	4000	1	1	1	0	1	1.可以交易；0.被PK不掉	1	0	迷彩頭巾	1	2.雷橫	01.帽子 - 雷橫	09.裝飾型	1	04.GASH商城	5000	7001	6007001	6100000	6200000	4102601	3ditem_a_001	1	1	2	0	00.無	0		00.無	0	00.無	0				30000	0	205	0	0	0	0	0	
	7002	4000	1	1	1	0	1	1.可以交易；0.被PK不掉	1	0	戰術背心	1	2.雷橫	02.上衣 - 雷橫	09.裝飾型	1	04.GASH商城	5000	7002	6007002	6100000	6200000	4102602	3ditem_a_001	1	1	2	0	00.無	0		00.無	0	00.無	0				40000	0	206	0	0	0	0	0	
	7003	4000	1	1	1	0	1	1.可以交易；0.被PK不掉	1	0	野戰靴	1	2.雷橫	03.褲子 - 雷橫	09.裝飾型	1	04.GASH商城	5000	7003	6007003	6100000	6200000	4102603	3ditem_a_001	1	1	2	0	00.無	0		00.無	0	00.無	0				40000	0	207	0	0	0	0	0	
	7004	4000	1	1	1	0	1	1.可以交易；0.被PK不掉	1	0	野戰拳套	1	2.雷橫	04.武器 - 雷橫	09.裝飾型	1	04.GASH商城	5000	7004	6007004	6100000	6200000	4102604	3ditem_a_001	1	1	2	0	00.無	0		00.無	0	00.無	0				50000	0	208	0	0	0	0	0	
	7005	4000	1	1	1	0	1	1.可以交易；0.被PK不掉	1	0	波斯王族頭巾	1	2.雷橫	01.帽子 - 雷橫	09.裝飾型	1	04.GASH商城	5000	7005	6007005	6100000	6200000	4102605	3ditem_a_001	1	1	2	0	00.無	0		00.無	0	00.無	0				30000	0	205	0	0	0	0	0	
	7006	4000	1	1	1	0	1	1.可以交易；0.被PK不掉	1	0	波斯外衣	1	2.雷橫	02.上衣 - 雷橫	09.裝飾型	1	04.GASH商城	5000	7006	6007006	6100000	6200000	4102606	3ditem_a_001	1	1	2	0	00.無	0		00.無	0	00.無	0				40000	0	206	0	0	0	0	0	
	7007	4000	1	1	1	0	1	1.可以交易；0.被PK不掉	1	0	波斯鞋	1	2.雷橫	03.褲子 - 雷橫	09.裝飾型	1	04.GASH商城	5000	7007	6007007	6100000	6200000	4102607	3ditem_a_001	1	1	2	0	00.無	0		00.無	0	00.無	0				40000	0	207	0	0	0	0	0	
	7008	4000	1	1	1	0	1	1.可以交易；0.被PK不掉	1	0	波斯金拳環	1	2.雷橫	04.武器 - 雷橫	09.裝飾型	1	04.GASH商城	5000	7008	6007008	6100000	6200000	4102608	3ditem_a_001	1	1	2	0	00.無	0		00.無	0	00.無	0				50000	0	208	0	0	0	0	0	
	7009	4000	1	1	1	0	1	1.可以交易；0.被PK不掉	1	0	香蕉王帽	1	2.雷橫	01.帽子 - 雷橫	09.裝飾型	1	04.GASH商城	5000	7009	6007009	6100000	6200000	4102609	3ditem_a_001	1	1	2	0	00.無	0		00.無	0	00.無	0				30000	0	205	0	0	0	0	0	
	7010	4000	1	1	1	0	1	1.可以交易；0.被PK不掉	1	0	香蕉王衣	1	2.雷橫	02.上衣 - 雷橫	09.裝飾型	1	04.GASH商城	5000	7010	6007010	6100000	6200000	4102610	3ditem_a_001	1	1	2	0	00.無	0		00.無	0	00.無	0				40000	0	206	0	0	0	0	0	
	7011	4000	1	1	1	0	1	1.可以交易；0.被PK不掉	1	0	香蕉王鞋	1	2.雷橫	03.褲子 - 雷橫	09.裝飾型	1	04.GASH商城	5000	7011	6007011	6100000	6200000	4102611	3ditem_a_001	1	1	2	0	00.無	0		00.無	0	00.無	0				40000	0	207	0	0	0	0	0	
	7012	4000	1	1	1	0	1	1.可以交易；0.被PK不掉	1	0	香蕉王拳套	1	2.雷橫	04.武器 - 雷橫	09.裝飾型	1	04.GASH商城	5000	7012	6007012	6100000	6200000	4102612	3ditem_a_001	1	1	2	0	00.無	0		00.無	0	00.無	0				50000	0	208	0	0	0	0	0	
	7013	4000	1	1	1	0	1	1.可以交易；0.被PK不掉	1	0	狂戰狼首帽	1	2.雷橫	01.帽子 - 雷橫	09.裝飾型	1	04.GASH商城	5000	7013	6007013	6100000	6200000	4102613	3ditem_a_001	1	1	2	0	00.無	0		00.無	0	00.無	0				30000	0	205	0	0	0	0	0	
	7014	4000	1	1	1	0	1	1.可以交易；0.被PK不掉	1	0	狂戰獸毛背心	1	2.雷橫	02.上衣 - 雷橫	09.裝飾型	1	04.GASH商城	5000	7014	6007014	6100000	6200000	4102614	3ditem_a_001	1	1	2	0	00.無	0		00.無	0	00.無	0				40000	0	206	0	0	0	0	0	
	7015	4000	1	1	1	0	1	1.可以交易；0.被PK不掉	1	0	狂戰獸皮靴	1	2.雷橫	03.褲子 - 雷橫	09.裝飾型	1	04.GASH商城	5000	7015	6007015	6100000	6200000	4102615	3ditem_a_001	1	1	2	0	00.無	0		00.無	0	00.無	0				40000	0	207	0	0	0	0	0	
	7016	4000	1	1	1	0	1	1.可以交易；0.被PK不掉	1	0	狂戰拳套	1	2.雷橫	04.武器 - 雷橫	09.裝飾型	1	04.GASH商城	5000	7016	6007016	6100000	6200000	4102616	3ditem_a_001	1	1	2	0	00.無	0		00.無	0	00.無	0				50000	0	208	0	0	0	0	0	
	7017	4000	1	1	1	0	1	1.可以交易；0.被PK不掉	1	0	印地安帽	1	2.雷橫	01.帽子 - 雷橫	09.裝飾型	1	04.GASH商城	5000	7017	6007017	6100000	6200000	4102617	3ditem_a_001	1	1	2	0	00.無	0		00.無	0	00.無	0				30000	0	205	0	0	0	0	0	
	7018	4000	1	1	1	0	1	1.可以交易；0.被PK不掉	1	0	印地安背心	1	2.雷橫	02.上衣 - 雷橫	09.裝飾型	1	04.GASH商城	5000	7018	6007018	6100000	6200000	4102618	3ditem_a_001	1	1	2	0	00.無	0		00.無	0	00.無	0				40000	0	206	0	0	0	0	0	
	7019	4000	1	1	1	0	1	1.可以交易；0.被PK不掉	1	0	印地安靴	1	2.雷橫	03.褲子 - 雷橫	09.裝飾型	1	04.GASH商城	5000	7019	6007019	6100000	6200000	4102619	3ditem_a_001	1	1	2	0	00.無	0		00.無	0	00.無	0				40000	0	207	0	0	0	0	0	
	7020	4000	1	1	1	0	1	1.可以交易；0.被PK不掉	1	0	印地安拳套	1	2.雷橫	04.武器 - 雷橫	09.裝飾型	1	04.GASH商城	5000	7020	6007020	6100000	6200000	4102620	3ditem_a_001	1	1	2	0	00.無	0		00.無	0	00.無	0				50000	0	208	0	0	0	0	0	
	7021	4000	1	1	1	0	1	1.可以交易；0.被PK不掉	1	0	纏頭繃帶	1	2.雷橫	01.帽子 - 雷橫	09.裝飾型	1	04.GASH商城	5000	7021	6007021	6100000	6200000	4102621	3ditem_a_001	1	1	2	0	00.無	0		00.無	0	00.無	0				30000	0	205	0	0	0	0	0	
	7022	4000	1	1	1	0	1	1.可以交易；0.被PK不掉	1	0	纏身體繃帶	1	2.雷橫	02.上衣 - 雷橫	09.裝飾型	1	04.GASH商城	5000	7022	6007022	6100000	6200000	4102622	3ditem_a_001	1	1	2	0	00.無	0		00.無	0	00.無	0				40000	0	206	0	0	0	0	0	
	7023	4000	1	1	1	0	1	1.可以交易；0.被PK不掉	1	0	石膏腳	1	2.雷橫	03.褲子 - 雷橫	09.裝飾型	1	04.GASH商城	5000	7023	6007023	6100000	6200000	4102623	3ditem_a_001	1	1	2	0	00.無	0		00.無	0	00.無	0				40000	0	207	0	0	0	0	0	
	7024	4000	1	1	1	0	1	1.可以交易；0.被PK不掉	1	0	石膏手	1	2.雷橫	04.武器 - 雷橫	09.裝飾型	1	04.GASH商城	5000	7024	6007024	6100000	6200000	4102624	3ditem_a_001	1	1	2	0	00.無	0		00.無	0	00.無	0				50000	0	208	0	0	0	0	0	
	7025	4000	1	1	1	0	1	1.可以交易；0.被PK不掉	1	0	巨大花生殼	1	2.雷橫	01.帽子 - 雷橫	09.裝飾型	1	04.GASH商城	5000	7025	6007025	6100000	6200000	4102625	3ditem_a_001	1	1	2	0	00.無	0		00.無	0	00.無	0				30000	0	205	0	0	0	0	0	
	7026	4000	1	1	1	0	1	1.可以交易；0.被PK不掉	1	0	啤酒桶	1	2.雷橫	02.上衣 - 雷橫	09.裝飾型	1	04.GASH商城	5000	7026	6007026	6100000	6200000	4102626	3ditem_a_001	1	1	2	0	00.無	0		00.無	0	00.無	0				40000	0	206	0	0	0	0	0	
	7027	4000	1	1	1	0	1	1.可以交易；0.被PK不掉	1	0	夾腳拖鞋	1	2.雷橫	03.褲子 - 雷橫	09.裝飾型	1	04.GASH商城	5000	7027	6007027	6100000	6200000	4102627	3ditem_a_001	1	1	2	0	00.無	0		00.無	0	00.無	0				40000	0	207	0	0	0	0	0	
	7028	4000	1	1	1	0	1	1.可以交易；0.被PK不掉	1	0	酒拳	1	2.雷橫	04.武器 - 雷橫	09.裝飾型	1	04.GASH商城	5000	7028	6007028	6100000	6200000	4102628	3ditem_a_001	1	1	2	0	00.無	0		00.無	0	00.無	0				50000	0	208	0	0	0	0	0	
	7029	4000	1	1	1	0	1	1.可以交易；0.被PK不掉	1	0	麋鹿角帽	1	2.雷橫	01.帽子 - 雷橫	09.裝飾型	1	04.GASH商城	5000	7029	6007029	6100000	6200000	4102637	3ditem_a_001	1	1	2	0	00.無	0		00.無	0	00.無	0				30000	0	205	0	0	0	0	0	
	7030	4000	1	1	1	0	1	1.可以交易；0.被PK不掉	1	0	麋鹿紅背心	1	2.雷橫	02.上衣 - 雷橫	09.裝飾型	1	04.GASH商城	5000	7030	6007030	6100000	6200000	4102638	3ditem_a_001	1	1	2	0	00.無	0		00.無	0	00.無	0				40000	0	206	0	0	0	0	0	
	7031	4000	1	1	1	0	1	1.可以交易；0.被PK不掉	1	0	麋鹿蹄靴	1	2.雷橫	03.褲子 - 雷橫	09.裝飾型	1	04.GASH商城	5000	7031	6007031	6100000	6200000	4102639	3ditem_a_001	1	1	2	0	00.無	0		00.無	0	00.無	0				40000	0	207	0	0	0	0	0	
	7032	4000	1	1	1	0	1	1.可以交易；0.被PK不掉	1	0	麋鹿拳套	1	2.雷橫	04.武器 - 雷橫	09.裝飾型	1	04.GASH商城	5000	7032	6007032	6100000	6200000	4102640	3ditem_a_001	1	1	2	0	00.無	0		00.無	0	00.無	0				50000	0	208	0	0	0	0	0	
	7033	4000	1	1	1	0	1	1.可以交易；0.被PK不掉	1	0	獸人頭盔	1	2.雷橫	01.帽子 - 雷橫	09.裝飾型	1	04.GASH商城	5000	7033	6007033	6100000	6200000	4102641	3ditem_a_001	1	1	2	0	00.無	0		00.無	0	00.無	0				30000	0	205	0	0	0	0	0	
	7034	4000	1	1	1	0	1	1.可以交易；0.被PK不掉	1	0	獸人戰袍	1	2.雷橫	02.上衣 - 雷橫	09.裝飾型	1	04.GASH商城	5000	7034	6007034	6100000	6200000	4102642	3ditem_a_001	1	1	2	0	00.無	0		00.無	0	00.無	0				40000	0	206	0	0	0	0	0	
	7035	4000	1	1	1	0	1	1.可以交易；0.被PK不掉	1	0	獸人戰靴	1	2.雷橫	03.褲子 - 雷橫	09.裝飾型	1	04.GASH商城	5000	7035	6007035	6100000	6200000	4102643	3ditem_a_001	1	1	2	0	00.無	0		00.無	0	00.無	0				40000	0	207	0	0	0	0	0	
	7036	4000	1	1	1	0	1	1.可以交易；0.被PK不掉	1	0	獸人鐵拳	1	2.雷橫	04.武器 - 雷橫	09.裝飾型	1	04.GASH商城	5000	7036	6007036	6100000	6200000	4102644	3ditem_a_001	1	1	2	0	00.無	0		00.無	0	00.無	0				50000	0	208	0	0	0	0	0	
	7037	4000	1	1	1	0	1	1.可以交易；0.被PK不掉	1	0	曲棍藍帽	1	2.雷橫	01.帽子 - 雷橫	09.裝飾型	1	04.GASH商城	5000	7037	6007037	6100000	6200000	4102649	3ditem_a_001	1	1	2	0	00.無	0		00.無	0	00.無	0				30000	0	205	0	0	0	0	0	
	7038	4000	1	1	1	0	1	1.可以交易；0.被PK不掉	1	0	曲棍藍衣	1	2.雷橫	02.上衣 - 雷橫	09.裝飾型	1	04.GASH商城	5000	7038	6007038	6100000	6200000	4102650	3ditem_a_001	1	1	2	0	00.無	0		00.無	0	00.無	0				40000	0	206	0	0	0	0	0	
	7039	4000	1	1	1	0	1	1.可以交易；0.被PK不掉	1	0	曲棍藍鞋	1	2.雷橫	03.褲子 - 雷橫	09.裝飾型	1	04.GASH商城	5000	7039	6007039	6100000	6200000	4102651	3ditem_a_001	1	1	2	0	00.無	0		00.無	0	00.無	0				40000	0	207	0	0	0	0	0	
	7040	4000	1	1	1	0	1	1.可以交易；0.被PK不掉	1	0	藍色曲棍	1	2.雷橫	04.武器 - 雷橫	09.裝飾型	1	04.GASH商城	5000	7040	6007040	6100000	6200000	4102652	3ditem_a_001	1	1	2	0	00.無	0		00.無	0	00.無	0				50000	0	208	0	0	0	0	0	
	7041	4000	1	1	1	0	1	1.可以交易；0.被PK不掉	1	0	曲棍白帽	1	2.雷橫	01.帽子 - 雷橫	09.裝飾型	1	04.GASH商城	5000	7041	6007041	6100000	6200000	4102653	3ditem_a_001	1	1	2	0	00.無	0		00.無	0	00.無	0				30000	0	205	0	0	0	0	0	
	7042	4000	1	1	1	0	1	1.可以交易；0.被PK不掉	1	0	曲棍白衣	1	2.雷橫	02.上衣 - 雷橫	09.裝飾型	1	04.GASH商城	5000	7042	6007042	6100000	6200000	4102654	3ditem_a_001	1	1	2	0	00.無	0		00.無	0	00.無	0				40000	0	206	0	0	0	0	0	
	7043	4000	1	1	1	0	1	1.可以交易；0.被PK不掉	1	0	曲棍白鞋	1	2.雷橫	03.褲子 - 雷橫	09.裝飾型	1	04.GASH商城	5000	7043	6007043	6100000	6200000	4102655	3ditem_a_001	1	1	2	0	00.無	0		00.無	0	00.無	0				40000	0	207	0	0	0	0	0	
	7044	4000	1	1	1	0	1	1.可以交易；0.被PK不掉	1	0	白色曲棍	1	2.雷橫	04.武器 - 雷橫	09.裝飾型	1	04.GASH商城	5000	7044	6007044	6100000	6200000	4102656	3ditem_a_001	1	1	2	0	00.無	0		00.無	0	00.無	0				50000	0	208	0	0	0	0	0	
	7045	4000	1	1	1	0	1	1.可以交易；0.被PK不掉	1	0	美國足球衣	1	2.雷橫	02.上衣 - 雷橫	09.裝飾型	1	04.GASH商城	5000	7045	6007045	6100000	6200000	4103146	3ditem_a_001	1	1	2	0	00.無	0		00.無	0	00.無	0				40000	0	206	0	0	0	0	0	
	7046	4000	1	1	1	0	1	1.可以交易；0.被PK不掉	1	0	美國足球鞋	1	2.雷橫	03.褲子 - 雷橫	09.裝飾型	1	04.GASH商城	5000	7046	6007046	6100000	6200000	4103147	3ditem_a_001	1	1	2	0	00.無	0		00.無	0	00.無	0				40000	0	207	0	0	0	0	0	
	7047	4000	1	1	1	0	1	1.可以交易；0.被PK不掉	1	0	英國足球衣	1	2.雷橫	02.上衣 - 雷橫	09.裝飾型	1	04.GASH商城	5000	7047	6007047	6100000	6200000	4103150	3ditem_a_001	1	1	2	0	00.無	0		00.無	0	00.無	0				40000	0	206	0	0	0	0	0	
	7048	4000	1	1	1	0	1	1.可以交易；0.被PK不掉	1	0	英國足球鞋	1	2.雷橫	03.褲子 - 雷橫	09.裝飾型	1	04.GASH商城	5000	7048	6007048	6100000	6200000	4103151	3ditem_a_001	1	1	2	0	00.無	0		00.無	0	00.無	0				40000	0	207	0	0	0	0	0	
	7049	4000	1	1	1	0	1	1.可以交易；0.被PK不掉	1	0	法國足球衣	1	2.雷橫	02.上衣 - 雷橫	09.裝飾型	1	04.GASH商城	5000	7049	6007049	6100000	6200000	4103154	3ditem_a_001	1	1	2	0	00.無	0		00.無	0	00.無	0				40000	0	206	0	0	0	0	0	
	7050	4000	1	1	1	0	1	1.可以交易；0.被PK不掉	1	0	法國足球鞋	1	2.雷橫	03.褲子 - 雷橫	09.裝飾型	1	04.GASH商城	5000	7050	6007050	6100000	6200000	4103155	3ditem_a_001	1	1	2	0	00.無	0		00.無	0	00.無	0				40000	0	207	0	0	0	0	0	
	7051	4000	1	1	1	0	1	1.可以交易；0.被PK不掉	1	0	德國足球衣	1	2.雷橫	02.上衣 - 雷橫	09.裝飾型	1	04.GASH商城	5000	7051	6007051	6100000	6200000	4103158	3ditem_a_001	1	1	2	0	00.無	0		00.無	0	00.無	0				40000	0	206	0	0	0	0	0	
	7052	4000	1	1	1	0	1	1.可以交易；0.被PK不掉	1	0	德國足球鞋	1	2.雷橫	03.褲子 - 雷橫	09.裝飾型	1	04.GASH商城	5000	7052	6007052	6100000	6200000	4103159	3ditem_a_001	1	1	2	0	00.無	0		00.無	0	00.無	0				40000	0	207	0	0	0	0	0	
	7053	4000	1	1	1	0	1	1.可以交易；0.被PK不掉	1	0	澳大利亞足球衣	1	2.雷橫	02.上衣 - 雷橫	09.裝飾型	1	04.GASH商城	5000	7053	6007053	6100000	6200000	4103162	3ditem_a_001	1	1	2	0	00.無	0		00.無	0	00.無	0				40000	0	206	0	0	0	0	0	
	7054	4000	1	1	1	0	1	1.可以交易；0.被PK不掉	1	0	澳大利亞足球鞋	1	2.雷橫	03.褲子 - 雷橫	09.裝飾型	1	04.GASH商城	5000	7054	6007054	6100000	6200000	4103163	3ditem_a_001	1	1	2	0	00.無	0		00.無	0	00.無	0				40000	0	207	0	0	0	0	0	
	7055	4000	1	1	1	0	1	1.可以交易；0.被PK不掉	1	0	南非足球衣	1	2.雷橫	02.上衣 - 雷橫	09.裝飾型	1	04.GASH商城	5000	7055	6007055	6100000	6200000	4103166	3ditem_a_001	1	1	2	0	00.無	0		00.無	0	00.無	0				40000	0	206	0	0	0	0	0	
	7056	4000	1	1	1	0	1	1.可以交易；0.被PK不掉	1	0	南非足球鞋	1	2.雷橫	03.褲子 - 雷橫	09.裝飾型	1	04.GASH商城	5000	7056	6007056	6100000	6200000	4103167	3ditem_a_001	1	1	2	0	00.無	0		00.無	0	00.無	0				40000	0	207	0	0	0	0	0	
	7057	4000	1	1	1	0	1	1.可以交易；0.被PK不掉	1	0	紅色賽車安全帽	1	2.雷橫	01.帽子 - 雷橫	09.裝飾型	1	04.GASH商城	5000	7057	6007057	6100000	6200000	4103545	3ditem_a_001	1	1	2	0	00.無	0		00.無	0	00.無	0				30000	0	205	0	0	0	0	0	
	7058	4000	1	1	1	0	1	1.可以交易；0.被PK不掉	1	0	紅色賽車衣	1	2.雷橫	02.上衣 - 雷橫	09.裝飾型	1	04.GASH商城	5000	7058	6007058	6100000	6200000	4103546	3ditem_a_001	1	1	2	0	00.無	0		00.無	0	00.無	0				40000	0	206	0	0	0	0	0	
	7059	4000	1	1	1	0	1	1.可以交易；0.被PK不掉	1	0	紅色賽車鞋	1	2.雷橫	03.褲子 - 雷橫	09.裝飾型	1	04.GASH商城	5000	7059	6007059	6100000	6200000	4103547	3ditem_a_001	1	1	2	0	00.無	0		00.無	0	00.無	0				40000	0	207	0	0	0	0	0	
	7060	4000	1	1	1	0	1	1.可以交易；0.被PK不掉	1	0	紅色賽車手套	1	2.雷橫	04.武器 - 雷橫	09.裝飾型	1	04.GASH商城	5000	7060	6007060	6100000	6200000	4103548	3ditem_a_001	1	1	2	0	00.無	0		00.無	0	00.無	0				50000	0	208	0	0	0	0	0	
	7061	4000	1	1	1	0	1	1.可以交易；0.被PK不掉	1	0	黃色賽車安全帽	1	2.雷橫	01.帽子 - 雷橫	09.裝飾型	1	04.GASH商城	5000	7061	6007061	6100000	6200000	4103549	3ditem_a_001	1	1	2	0	00.無	0		00.無	0	00.無	0				30000	0	205	0	0	0	0	0	
	7062	4000	1	1	1	0	1	1.可以交易；0.被PK不掉	1	0	黃色賽車衣	1	2.雷橫	02.上衣 - 雷橫	09.裝飾型	1	04.GASH商城	5000	7062	6007062	6100000	6200000	4103550	3ditem_a_001	1	1	2	0	00.無	0		00.無	0	00.無	0				40000	0	206	0	0	0	0	0	
	7063	4000	1	1	1	0	1	1.可以交易；0.被PK不掉	1	0	黃色賽車鞋	1	2.雷橫	03.褲子 - 雷橫	09.裝飾型	1	04.GASH商城	5000	7063	6007063	6100000	6200000	4103551	3ditem_a_001	1	1	2	0	00.無	0		00.無	0	00.無	0				40000	0	207	0	0	0	0	0	
	7064	4000	1	1	1	0	1	1.可以交易；0.被PK不掉	1	0	黃色賽車手套	1	2.雷橫	04.武器 - 雷橫	09.裝飾型	1	04.GASH商城	5000	7064	6007064	6100000	6200000	4103552	3ditem_a_001	1	1	2	0	00.無	0		00.無	0	00.無	0				50000	0	208	0	0	0	0	0	
	7065	4000	1	1	1	0	1	1.可以交易；0.被PK不掉	1	0	泰拳頭巾	1	2.雷橫	01.帽子 - 雷橫	09.裝飾型	1	04.GASH商城	5000	7065	6007065	6100000	6200000	4103553	3ditem_a_001	1	1	2	0	00.無	0		00.無	0	00.無	0				30000	0	205	0	0	0	0	0	
	7066	4000	1	1	1	0	1	1.可以交易；0.被PK不掉	1	0	泰拳衣	1	2.雷橫	02.上衣 - 雷橫	09.裝飾型	1	04.GASH商城	5000	7066	6007066	6100000	6200000	4103554	3ditem_a_001	1	1	2	0	00.無	0		00.無	0	00.無	0				40000	0	206	0	0	0	0	0	
	7067	4000	1	1	1	0	1	1.可以交易；0.被PK不掉	1	0	泰拳繃帶腳	1	2.雷橫	03.褲子 - 雷橫	09.裝飾型	1	04.GASH商城	5000	7067	6007067	6100000	6200000	4103555	3ditem_a_001	1	1	2	0	00.無	0		00.無	0	00.無	0				40000	0	207	0	0	0	0	0	
	7068	4000	1	1	1	0	1	1.可以交易；0.被PK不掉	1	0	泰拳手套	1	2.雷橫	04.武器 - 雷橫	09.裝飾型	1	04.GASH商城	5000	7068	6007068	6100000	6200000	4103556	3ditem_a_001	1	1	2	0	00.無	0		00.無	0	00.無	0				50000	0	208	0	0	0	0	0	
	7069	4000	1	1	1	0	0	1.可以交易；0.被PK不掉	1	0	機器人頭盔	1	2.雷橫	01.帽子 - 雷橫	09.裝飾型	1	04.GASH商城	5000	7069	6007069	6100000	6200000	4103557	3ditem_a_001	1	1	2	0	00.無	0		00.無	0	00.無	0				30000	0	205	0	0	0	0	0	
	7070	4000	1	1	1	0	0	1.可以交易；0.被PK不掉	1	0	機器人盔甲	1	2.雷橫	02.上衣 - 雷橫	09.裝飾型	1	04.GASH商城	5000	7070	6007070	6100000	6200000	4103558	3ditem_a_001	1	1	2	0	00.無	0		00.無	0	00.無	0				40000	0	206	0	0	0	0	0	
	7071	4000	1	1	1	0	0	1.可以交易；0.被PK不掉	1	0	機器人鞋	1	2.雷橫	03.褲子 - 雷橫	09.裝飾型	1	04.GASH商城	5000	7071	6007071	6100000	6200000	4103559	3ditem_a_001	1	1	2	0	00.無	0		00.無	0	00.無	0				40000	0	207	0	0	0	0	0	
	7072	4000	1	1	1	0	0	1.可以交易；0.被PK不掉	1	0	機器人手套	1	2.雷橫	04.武器 - 雷橫	09.裝飾型	1	04.GASH商城	5000	7072	6007072	6100000	6200000	4103560	3ditem_a_001	1	1	2	0	00.無	0		00.無	0	00.無	0				50000	0	208	0	0	0	0	0	
	8001	4000	1	1	1	0	1	1.可以交易；0.被PK不掉	1	0	白狐狸帽	1	3.孫二娘	01.帽子 - 孫二娘	09.裝飾型	1	04.GASH商城	5000	8001	6008001	6100000	6200000	4104201	3ditem_a_001	1	1	4	0	00.無	0		00.無	0	00.無	0				30000	0	209	0	0	0	0	0	
	8002	4000	1	1	1	0	1	1.可以交易；0.被PK不掉	1	0	白狐狸衣	1	3.孫二娘	02.上衣 - 孫二娘	09.裝飾型	1	04.GASH商城	5000	8002	6008002	6100000	6200000	4104202	3ditem_a_001	1	1	4	0	00.無	0		00.無	0	00.無	0				40000	0	210	0	0	0	0	0	
	8003	4000	1	1	1	0	1	1.可以交易；0.被PK不掉	1	0	白狐狸鞋	1	3.孫二娘	03.褲子 - 孫二娘	09.裝飾型	1	04.GASH商城	5000	8003	6008003	6100000	6200000	4104203	3ditem_a_001	1	1	4	0	00.無	0		00.無	0	00.無	0				40000	0	211	0	0	0	0	0	
	8004	4000	1	1	1	0	1	1.可以交易；0.被PK不掉	1	0	狐狸尾巴手杖	1	3.孫二娘	04.武器 - 孫二娘	09.裝飾型	1	04.GASH商城	5000	8004	6008004	6100000	6200000	4104204	3ditem_a_001	1	1	4	0	00.無	0		00.無	0	00.無	0				50000	0	212	0	0	0	0	0	
	8005	4000	1	1	1	0	1	1.可以交易；0.被PK不掉	1	0	變色龍帽	1	3.孫二娘	01.帽子 - 孫二娘	09.裝飾型	1	04.GASH商城	5000	8005	6008005	6100000	6200000	4104205	3ditem_a_001	1	1	4	0	00.無	0		00.無	0	00.無	0				30000	0	209	0	0	0	0	0	
	8006	4000	1	1	1	0	1	1.可以交易；0.被PK不掉	1	0	變色龍衣	1	3.孫二娘	02.上衣 - 孫二娘	09.裝飾型	1	04.GASH商城	5000	8006	6008006	6100000	6200000	4104206	3ditem_a_001	1	1	4	0	00.無	0		00.無	0	00.無	0				40000	0	210	0	0	0	0	0	
	8007	4000	1	1	1	0	1	1.可以交易；0.被PK不掉	1	0	變色龍鞋	1	3.孫二娘	03.褲子 - 孫二娘	09.裝飾型	1	04.GASH商城	5000	8007	6008007	6100000	6200000	4104207	3ditem_a_001	1	1	4	0	00.無	0		00.無	0	00.無	0				40000	0	211	0	0	0	0	0	
	8008	4000	1	1	1	0	1	1.可以交易；0.被PK不掉	1	0	變色龍手杖	1	3.孫二娘	04.武器 - 孫二娘	09.裝飾型	1	04.GASH商城	5000	8008	6008008	6100000	6200000	4104208	3ditem_a_001	1	1	4	0	00.無	0		00.無	0	00.無	0				50000	0	212	0	0	0	0	0	
	8009	4000	1	1	1	0	1	1.可以交易；0.被PK不掉	1	0	中國風包包頭	1	3.孫二娘	01.帽子 - 孫二娘	09.裝飾型	1	04.GASH商城	5000	8009	6008009	6100000	6200000	4104209	3ditem_a_001	1	1	4	0	00.無	0		00.無	0	00.無	0				30000	0	209	0	0	0	0	0	
	8010	4000	1	1	1	0	1	1.可以交易；0.被PK不掉	1	0	中國風長袍	1	3.孫二娘	02.上衣 - 孫二娘	09.裝飾型	1	04.GASH商城	5000	8010	6008010	6100000	6200000	4104210	3ditem_a_001	1	1	4	0	00.無	0		00.無	0	00.無	0				40000	0	210	0	0	0	0	0	
	8011	4000	1	1	1	0	1	1.可以交易；0.被PK不掉	1	0	中國風繡花鞋	1	3.孫二娘	03.褲子 - 孫二娘	09.裝飾型	1	04.GASH商城	5000	8011	6008011	6100000	6200000	4104211	3ditem_a_001	1	1	4	0	00.無	0		00.無	0	00.無	0				40000	0	211	0	0	0	0	0	
	8012	4000	1	1	1	0	1	1.可以交易；0.被PK不掉	1	0	中國風辮子手杖	1	3.孫二娘	04.武器 - 孫二娘	09.裝飾型	1	04.GASH商城	5000	8012	6008012	6100000	6200000	4104212	3ditem_a_001	1	1	4	0	00.無	0		00.無	0	00.無	0				50000	0	212	0	0	0	0	0	
	8013	4000	1	1	1	0	1	1.可以交易；0.被PK不掉	1	0	兔子帽	1	3.孫二娘	01.帽子 - 孫二娘	09.裝飾型	1	04.GASH商城	5000	8013	6008013	6100000	6200000	4104213	3ditem_a_001	1	1	4	0	00.無	0		00.無	0	00.無	0				30000	0	209	0	0	0	0	0	
	8014	4000	1	1	1	0	1	1.可以交易；0.被PK不掉	1	0	兔子袍	1	3.孫二娘	02.上衣 - 孫二娘	09.裝飾型	1	04.GASH商城	5000	8014	6008014	6100000	6200000	4104214	3ditem_a_001	1	1	4	0	00.無	0		00.無	0	00.無	0				40000	0	210	0	0	0	0	0	
	8015	4000	1	1	1	0	1	1.可以交易；0.被PK不掉	1	0	兔子鞋	1	3.孫二娘	03.褲子 - 孫二娘	09.裝飾型	1	04.GASH商城	5000	8015	6008015	6100000	6200000	4104215	3ditem_a_001	1	1	4	0	00.無	0		00.無	0	00.無	0				40000	0	211	0	0	0	0	0	
	8016	4000	1	1	1	0	1	1.可以交易；0.被PK不掉	1	0	胡蘿蔔手杖	1	3.孫二娘	04.武器 - 孫二娘	09.裝飾型	1	04.GASH商城	5000	8016	6008016	6100000	6200000	4104216	3ditem_a_001	1	1	4	0	00.無	0		00.無	0	00.無	0				50000	0	212	0	0	0	0	0	
	8017	4000	1	1	1	0	1	1.可以交易；0.被PK不掉	1	0	夢露金髮	1	3.孫二娘	01.帽子 - 孫二娘	09.裝飾型	1	04.GASH商城	5000	8017	6008017	6100000	6200000	4104217	3ditem_a_001	1	1	4	0	00.無	0		00.無	0	00.無	0				30000	0	209	0	0	0	0	0	
	8018	4000	1	1	1	0	1	1.可以交易；0.被PK不掉	1	0	夢露性感洋裝	1	3.孫二娘	02.上衣 - 孫二娘	09.裝飾型	1	04.GASH商城	5000	8018	6008018	6100000	6200000	4104218	3ditem_a_001	1	1	4	0	00.無	0		00.無	0	00.無	0				40000	0	210	0	0	0	0	0	
	8019	4000	1	1	1	0	1	1.可以交易；0.被PK不掉	1	0	夢露高跟鞋	1	3.孫二娘	03.褲子 - 孫二娘	09.裝飾型	1	04.GASH商城	5000	8019	6008019	6100000	6200000	4104219	3ditem_a_001	1	1	4	0	00.無	0		00.無	0	00.無	0				40000	0	211	0	0	0	0	0	
	8020	4000	1	1	1	0	1	1.可以交易；0.被PK不掉	1	0	夢露麥克風手杖	1	3.孫二娘	04.武器 - 孫二娘	09.裝飾型	1	04.GASH商城	5000	8020	6008020	6100000	6200000	4104220	3ditem_a_001	1	1	4	0	00.無	0		00.無	0	00.無	0				50000	0	212	0	0	0	0	0	
	8021	4000	1	1	1	0	1	1.可以交易；0.被PK不掉	1	0	聖誕鈴噹帽	1	3.孫二娘	01.帽子 - 孫二娘	09.裝飾型	1	04.GASH商城	5000	8021	6008021	6100000	6200000	4104237	3ditem_a_001	1	1	4	0	00.無	0		00.無	0	00.無	0				30000	0	209	0	0	0	0	0	
	8022	4000	1	1	1	0	1	1.可以交易；0.被PK不掉	1	0	聖誕鈴噹袍	1	3.孫二娘	02.上衣 - 孫二娘	09.裝飾型	1	04.GASH商城	5000	8022	6008022	6100000	6200000	4104238	3ditem_a_001	1	1	4	0	00.無	0		00.無	0	00.無	0				40000	0	210	0	0	0	0	0	
	8023	4000	1	1	1	0	1	1.可以交易；0.被PK不掉	1	0	聖誕鈴噹鞋	1	3.孫二娘	03.褲子 - 孫二娘	09.裝飾型	1	04.GASH商城	5000	8023	6008023	6100000	6200000	4104239	3ditem_a_001	1	1	4	0	00.無	0		00.無	0	00.無	0				40000	0	211	0	0	0	0	0	
	8024	4000	1	1	1	0	1	1.可以交易；0.被PK不掉	1	0	聖誕鈴噹手杖	1	3.孫二娘	04.武器 - 孫二娘	09.裝飾型	1	04.GASH商城	5000	8024	6008024	6100000	6200000	4104240	3ditem_a_001	1	1	4	0	00.無	0		00.無	0	00.無	0				50000	0	212	0	0	0	0	0	
	8025	4000	1	1	1	0	1	1.可以交易；0.被PK不掉	1	0	惡夢帽	1	3.孫二娘	01.帽子 - 孫二娘	09.裝飾型	1	04.GASH商城	5000	8025	6008025	6100000	6200000	4104241	3ditem_a_001	1	1	4	0	00.無	0		00.無	0	00.無	0				30000	0	209	0	0	0	0	0	
	8026	4000	1	1	1	0	1	1.可以交易；0.被PK不掉	1	0	惡夢洋裝	1	3.孫二娘	02.上衣 - 孫二娘	09.裝飾型	1	04.GASH商城	5000	8026	6008026	6100000	6200000	4104242	3ditem_a_001	1	1	4	0	00.無	0		00.無	0	00.無	0				40000	0	210	0	0	0	0	0	
	8027	4000	1	1	1	0	1	1.可以交易；0.被PK不掉	1	0	惡夢鞋	1	3.孫二娘	03.褲子 - 孫二娘	09.裝飾型	1	04.GASH商城	5000	8027	6008027	6100000	6200000	4104243	3ditem_a_001	1	1	4	0	00.無	0		00.無	0	00.無	0				40000	0	211	0	0	0	0	0	
	8028	4000	1	1	1	0	1	1.可以交易；0.被PK不掉	1	0	惡夢手杖	1	3.孫二娘	04.武器 - 孫二娘	09.裝飾型	1	04.GASH商城	5000	8028	6008028	6100000	6200000	4104244	3ditem_a_001	1	1	4	0	00.無	0		00.無	0	00.無	0				50000	0	212	0	0	0	0	0	
	8029	4000	1	1	1	0	1	1.可以交易；0.被PK不掉	1	0	曲棍藍帽	1	3.孫二娘	01.帽子 - 孫二娘	09.裝飾型	1	04.GASH商城	5000	8029	6008029	6100000	6200000	4104249	3ditem_a_001	1	1	4	0	00.無	0		00.無	0	00.無	0				30000	0	209	0	0	0	0	0	
	8030	4000	1	1	1	0	1	1.可以交易；0.被PK不掉	1	0	曲棍藍衣	1	3.孫二娘	02.上衣 - 孫二娘	09.裝飾型	1	04.GASH商城	5000	8030	6008030	6100000	6200000	4104250	3ditem_a_001	1	1	4	0	00.無	0		00.無	0	00.無	0				40000	0	210	0	0	0	0	0	
	8031	4000	1	1	1	0	1	1.可以交易；0.被PK不掉	1	0	曲棍藍鞋	1	3.孫二娘	03.褲子 - 孫二娘	09.裝飾型	1	04.GASH商城	5000	8031	6008031	6100000	6200000	4104251	3ditem_a_001	1	1	4	0	00.無	0		00.無	0	00.無	0				40000	0	211	0	0	0	0	0	
	8032	4000	1	1	1	0	1	1.可以交易；0.被PK不掉	1	0	藍色曲棍	1	3.孫二娘	04.武器 - 孫二娘	09.裝飾型	1	04.GASH商城	5000	8032	6008032	6100000	6200000	4104252	3ditem_a_001	1	1	4	0	00.無	0		00.無	0	00.無	0				50000	0	212	0	0	0	0	0	
	8033	4000	1	1	1	0	1	1.可以交易；0.被PK不掉	1	0	曲棍紅帽	1	3.孫二娘	01.帽子 - 孫二娘	09.裝飾型	1	04.GASH商城	5000	8033	6008033	6100000	6200000	4104253	3ditem_a_001	1	1	4	0	00.無	0		00.無	0	00.無	0				30000	0	209	0	0	0	0	0	
	8034	4000	1	1	1	0	1	1.可以交易；0.被PK不掉	1	0	曲棍白衣	1	3.孫二娘	02.上衣 - 孫二娘	09.裝飾型	1	04.GASH商城	5000	8034	6008034	6100000	6200000	4104254	3ditem_a_001	1	1	4	0	00.無	0		00.無	0	00.無	0				40000	0	210	0	0	0	0	0	
	8035	4000	1	1	1	0	1	1.可以交易；0.被PK不掉	1	0	曲棍紅鞋	1	3.孫二娘	03.褲子 - 孫二娘	09.裝飾型	1	04.GASH商城	5000	8035	6008035	6100000	6200000	4104255	3ditem_a_001	1	1	4	0	00.無	0		00.無	0	00.無	0				40000	0	211	0	0	0	0	0	
	8036	4000	1	1	1	0	1	1.可以交易；0.被PK不掉	1	0	白色曲棍	1	3.孫二娘	04.武器 - 孫二娘	09.裝飾型	1	04.GASH商城	5000	8036	6008036	6100000	6200000	4104256	3ditem_a_001	1	1	4	0	00.無	0		00.無	0	00.無	0				50000	0	212	0	0	0	0	0	
	8037	4000	1	1	1	0	1	1.可以交易；0.被PK不掉	1	0	美國足球衣	1	3.孫二娘	02.上衣 - 孫二娘	09.裝飾型	1	04.GASH商城	5000	8037	6008037	6100000	6200000	4104746	3ditem_a_001	1	1	4	0	00.無	0		00.無	0	00.無	0				40000	0	210	0	0	0	0	0	
	8038	4000	1	1	1	0	1	1.可以交易；0.被PK不掉	1	0	美國足球鞋	1	3.孫二娘	03.褲子 - 孫二娘	09.裝飾型	1	04.GASH商城	5000	8038	6008038	6100000	6200000	4104747	3ditem_a_001	1	1	4	0	00.無	0		00.無	0	00.無	0				40000	0	211	0	0	0	0	0	
	8039	4000	1	1	1	0	1	1.可以交易；0.被PK不掉	1	0	英國足球衣	1	3.孫二娘	02.上衣 - 孫二娘	09.裝飾型	1	04.GASH商城	5000	8039	6008039	6100000	6200000	4104750	3ditem_a_001	1	1	4	0	00.無	0		00.無	0	00.無	0				40000	0	210	0	0	0	0	0	
	8040	4000	1	1	1	0	1	1.可以交易；0.被PK不掉	1	0	英國足球鞋	1	3.孫二娘	03.褲子 - 孫二娘	09.裝飾型	1	04.GASH商城	5000	8040	6008040	6100000	6200000	4104751	3ditem_a_001	1	1	4	0	00.無	0		00.無	0	00.無	0				40000	0	211	0	0	0	0	0	
	8041	4000	1	1	1	0	1	1.可以交易；0.被PK不掉	1	0	法國足球衣	1	3.孫二娘	02.上衣 - 孫二娘	09.裝飾型	1	04.GASH商城	5000	8041	6008041	6100000	6200000	4104754	3ditem_a_001	1	1	4	0	00.無	0		00.無	0	00.無	0				40000	0	210	0	0	0	0	0	
	8042	4000	1	1	1	0	1	1.可以交易；0.被PK不掉	1	0	法國足球鞋	1	3.孫二娘	03.褲子 - 孫二娘	09.裝飾型	1	04.GASH商城	5000	8042	6008042	6100000	6200000	4104755	3ditem_a_001	1	1	4	0	00.無	0		00.無	0	00.無	0				40000	0	211	0	0	0	0	0	
	8043	4000	1	1	1	0	1	1.可以交易；0.被PK不掉	1	0	德國足球衣	1	3.孫二娘	02.上衣 - 孫二娘	09.裝飾型	1	04.GASH商城	5000	8043	6008043	6100000	6200000	4104758	3ditem_a_001	1	1	4	0	00.無	0		00.無	0	00.無	0				40000	0	210	0	0	0	0	0	
	8044	4000	1	1	1	0	1	1.可以交易；0.被PK不掉	1	0	德國足球鞋	1	3.孫二娘	03.褲子 - 孫二娘	09.裝飾型	1	04.GASH商城	5000	8044	6008044	6100000	6200000	4104759	3ditem_a_001	1	1	4	0	00.無	0		00.無	0	00.無	0				40000	0	211	0	0	0	0	0	
	8045	4000	1	1	1	0	1	1.可以交易；0.被PK不掉	1	0	澳大利亞足球衣	1	3.孫二娘	02.上衣 - 孫二娘	09.裝飾型	1	04.GASH商城	5000	8045	6008045	6100000	6200000	4104762	3ditem_a_001	1	1	4	0	00.無	0		00.無	0	00.無	0				40000	0	210	0	0	0	0	0	
	8046	4000	1	1	1	0	1	1.可以交易；0.被PK不掉	1	0	澳大利亞足球鞋	1	3.孫二娘	03.褲子 - 孫二娘	09.裝飾型	1	04.GASH商城	5000	8046	6008046	6100000	6200000	4104763	3ditem_a_001	1	1	4	0	00.無	0		00.無	0	00.無	0				40000	0	211	0	0	0	0	0	
	8047	4000	1	1	1	0	1	1.可以交易；0.被PK不掉	1	0	南非足球衣	1	3.孫二娘	02.上衣 - 孫二娘	09.裝飾型	1	04.GASH商城	5000	8047	6008047	6100000	6200000	4104766	3ditem_a_001	1	1	4	0	00.無	0		00.無	0	00.無	0				40000	0	210	0	0	0	0	0	
	8048	4000	1	1	1	0	1	1.可以交易；0.被PK不掉	1	0	南非足球鞋	1	3.孫二娘	03.褲子 - 孫二娘	09.裝飾型	1	04.GASH商城	5000	8048	6008048	6100000	6200000	4104767	3ditem_a_001	1	1	4	0	00.無	0		00.無	0	00.無	0				40000	0	211	0	0	0	0	0	
	8049	4000	1	1	1	0	1	1.可以交易；0.被PK不掉	1	0	紅色賽車安全帽	1	3.孫二娘	01.帽子 - 孫二娘	09.裝飾型	1	04.GASH商城	5000	8049	6008049	6100000	6200000	4105145	3ditem_a_001	1	1	4	0	00.無	0		00.無	0	00.無	0				30000	0	209	0	0	0	0	0	
	8050	4000	1	1	1	0	1	1.可以交易；0.被PK不掉	1	0	紅色賽車衣	1	3.孫二娘	02.上衣 - 孫二娘	09.裝飾型	1	04.GASH商城	5000	8050	6008050	6100000	6200000	4105146	3ditem_a_001	1	1	4	0	00.無	0		00.無	0	00.無	0				40000	0	210	0	0	0	0	0	
	8051	4000	1	1	1	0	1	1.可以交易；0.被PK不掉	1	0	紅色賽車鞋	1	3.孫二娘	03.褲子 - 孫二娘	09.裝飾型	1	04.GASH商城	5000	8051	6008051	6100000	6200000	4105147	3ditem_a_001	1	1	4	0	00.無	0		00.無	0	00.無	0				40000	0	211	0	0	0	0	0	
	8052	4000	1	1	1	0	1	1.可以交易；0.被PK不掉	1	0	紅色賽車手套	1	3.孫二娘	04.武器 - 孫二娘	09.裝飾型	1	04.GASH商城	5000	8052	6008052	6100000	6200000	4105148	3ditem_a_001	1	1	4	0	00.無	0		00.無	0	00.無	0				50000	0	212	0	0	0	0	0	
	8053	4000	1	1	1	0	1	1.可以交易；0.被PK不掉	1	0	黃色賽車安全帽	1	3.孫二娘	01.帽子 - 孫二娘	09.裝飾型	1	04.GASH商城	5000	8053	6008053	6100000	6200000	4105149	3ditem_a_001	1	1	4	0	00.無	0		00.無	0	00.無	0				30000	0	209	0	0	0	0	0	
	8054	4000	1	1	1	0	1	1.可以交易；0.被PK不掉	1	0	黃色賽車衣	1	3.孫二娘	02.上衣 - 孫二娘	09.裝飾型	1	04.GASH商城	5000	8054	6008054	6100000	6200000	4105150	3ditem_a_001	1	1	4	0	00.無	0		00.無	0	00.無	0				40000	0	210	0	0	0	0	0	
	8055	4000	1	1	1	0	1	1.可以交易；0.被PK不掉	1	0	黃色賽車鞋	1	3.孫二娘	03.褲子 - 孫二娘	09.裝飾型	1	04.GASH商城	5000	8055	6008055	6100000	6200000	4105151	3ditem_a_001	1	1	4	0	00.無	0		00.無	0	00.無	0				40000	0	211	0	0	0	0	0	
	8056	4000	1	1	1	0	1	1.可以交易；0.被PK不掉	1	0	黃色賽車手套	1	3.孫二娘	04.武器 - 孫二娘	09.裝飾型	1	04.GASH商城	5000	8056	6008056	6100000	6200000	4105152	3ditem_a_001	1	1	4	0	00.無	0		00.無	0	00.無	0				50000	0	212	0	0	0	0	0	
	8057	4000	1	1	1	0	1	1.可以交易；0.被PK不掉	1	0	泰拳頭巾	1	3.孫二娘	01.帽子 - 孫二娘	09.裝飾型	1	04.GASH商城	5000	8057	6008057	6100000	6200000	4105153	3ditem_a_001	1	1	4	0	00.無	0		00.無	0	00.無	0				30000	0	209	0	0	0	0	0	
	8058	4000	1	1	1	0	1	1.可以交易；0.被PK不掉	1	0	泰拳衣	1	3.孫二娘	02.上衣 - 孫二娘	09.裝飾型	1	04.GASH商城	5000	8058	6008058	6100000	6200000	4105154	3ditem_a_001	1	1	4	0	00.無	0		00.無	0	00.無	0				40000	0	210	0	0	0	0	0	
	8059	4000	1	1	1	0	1	1.可以交易；0.被PK不掉	1	0	泰拳繃帶腳	1	3.孫二娘	03.褲子 - 孫二娘	09.裝飾型	1	04.GASH商城	5000	8059	6008059	6100000	6200000	4105155	3ditem_a_001	1	1	4	0	00.無	0		00.無	0	00.無	0				40000	0	211	0	0	0	0	0	
	8060	4000	1	1	1	0	1	1.可以交易；0.被PK不掉	1	0	泰拳手套	1	3.孫二娘	04.武器 - 孫二娘	09.裝飾型	1	04.GASH商城	5000	8060	6008060	6100000	6200000	4105156	3ditem_a_001	1	1	4	0	00.無	0		00.無	0	00.無	0				50000	0	212	0	0	0	0	0	
	8061	4000	1	1	1	0	0	1.可以交易；0.被PK不掉	1	0	機器人頭盔	1	3.孫二娘	01.帽子 - 孫二娘	09.裝飾型	1	04.GASH商城	5000	8061	6008061	6100000	6200000	4105157	3ditem_a_001	1	1	4	0	00.無	0		00.無	0	00.無	0				30000	0	209	0	0	0	0	0	
	8062	4000	1	1	1	0	0	1.可以交易；0.被PK不掉	1	0	機器人盔甲	1	3.孫二娘	02.上衣 - 孫二娘	09.裝飾型	1	04.GASH商城	5000	8062	6008062	6100000	6200000	4105158	3ditem_a_001	1	1	4	0	00.無	0		00.無	0	00.無	0				40000	0	210	0	0	0	0	0	
	8063	4000	1	1	1	0	0	1.可以交易；0.被PK不掉	1	0	機器人鞋	1	3.孫二娘	03.褲子 - 孫二娘	09.裝飾型	1	04.GASH商城	5000	8063	6008063	6100000	6200000	4105159	3ditem_a_001	1	1	4	0	00.無	0		00.無	0	00.無	0				40000	0	211	0	0	0	0	0	
	8064	4000	1	1	1	0	0	1.可以交易；0.被PK不掉	1	0	機器人發條	1	3.孫二娘	04.武器 - 孫二娘	09.裝飾型	1	04.GASH商城	5000	8064	6008064	6100000	6200000	4105160	3ditem_a_001	1	1	4	0	00.無	0		00.無	0	00.無	0				50000	0	212	0	0	0	0	0	
	9001	4000	1	1	1	0	1	1.可以交易；0.被PK不掉	1	0	西部牛仔帽	1	4.戴宗	01.帽子 - 戴宗	09.裝飾型	1	04.GASH商城	5000	9001	6009001	6100000	6200000	4105801	3ditem_a_001	1	1	8	0	00.無	0		00.無	0	00.無	0				30000	0	213	0	0	0	0	0	
	9002	4000	1	1	1	0	1	1.可以交易；0.被PK不掉	1	0	西部大披肩	1	4.戴宗	02.上衣 - 戴宗	09.裝飾型	1	04.GASH商城	5000	9002	6009002	6100000	6200000	4105802	3ditem_a_001	1	1	8	0	00.無	0		00.無	0	00.無	0				40000	0	214	0	0	0	0	0	
	9003	4000	1	1	1	0	1	1.可以交易；0.被PK不掉	1	0	西部長靴	1	4.戴宗	03.褲子 - 戴宗	09.裝飾型	1	04.GASH商城	5000	9003	6009003	6100000	6200000	4105803	3ditem_a_001	1	1	8	0	00.無	0		00.無	0	00.無	0				40000	0	215	0	0	0	0	0	
	9004	4000	1	1	1	0	1	1.可以交易；0.被PK不掉	1	0	西部野馬徽章	1	4.戴宗	04.武器 - 戴宗	09.裝飾型	1	04.GASH商城	5000	9004	6009004	6100000	6200000	4105804	3ditem_a_001	1	1	8	0	00.無	0		00.無	0	00.無	0				50000	0	216	0	0	0	0	0	
	9005	4000	1	1	1	0	1	1.可以交易；0.被PK不掉	1	0	毒菇帽	1	4.戴宗	01.帽子 - 戴宗	09.裝飾型	1	04.GASH商城	5000	9005	6009005	6100000	6200000	4105805	3ditem_a_001	1	1	8	0	00.無	0		00.無	0	00.無	0				30000	0	213	0	0	0	0	0	
	9006	4000	1	1	1	0	1	1.可以交易；0.被PK不掉	1	0	毒菇長袍	1	4.戴宗	02.上衣 - 戴宗	09.裝飾型	1	04.GASH商城	5000	9006	6009006	6100000	6200000	4105806	3ditem_a_001	1	1	8	0	00.無	0		00.無	0	00.無	0				40000	0	214	0	0	0	0	0	
	9007	4000	1	1	1	0	1	1.可以交易；0.被PK不掉	1	0	毒菇鞋	1	4.戴宗	03.褲子 - 戴宗	09.裝飾型	1	04.GASH商城	5000	9007	6009007	6100000	6200000	4105807	3ditem_a_001	1	1	8	0	00.無	0		00.無	0	00.無	0				40000	0	215	0	0	0	0	0	
	9008	4000	1	1	1	0	1	1.可以交易；0.被PK不掉	1	0	毒菇徽章	1	4.戴宗	04.武器 - 戴宗	09.裝飾型	1	04.GASH商城	5000	9008	6009008	6100000	6200000	4105808	3ditem_a_001	1	1	8	0	00.無	0		00.無	0	00.無	0				50000	0	216	0	0	0	0	0	
	9009	4000	1	1	1	0	1	1.可以交易；0.被PK不掉	1	0	酋長面具	1	4.戴宗	01.帽子 - 戴宗	09.裝飾型	1	04.GASH商城	5000	9009	6009009	6100000	6200000	4105809	3ditem_a_001	1	1	8	0	00.無	0		00.無	0	00.無	0				30000	0	213	0	0	0	0	0	
	9010	4000	1	1	1	0	1	1.可以交易；0.被PK不掉	1	0	酋長長袍	1	4.戴宗	02.上衣 - 戴宗	09.裝飾型	1	04.GASH商城	5000	9010	6009010	6100000	6200000	4105810	3ditem_a_001	1	1	8	0	00.無	0		00.無	0	00.無	0				40000	0	214	0	0	0	0	0	
	9011	4000	1	1	1	0	1	1.可以交易；0.被PK不掉	1	0	酋長長靴	1	4.戴宗	03.褲子 - 戴宗	09.裝飾型	1	04.GASH商城	5000	9011	6009011	6100000	6200000	4105811	3ditem_a_001	1	1	8	0	00.無	0		00.無	0	00.無	0				40000	0	215	0	0	0	0	0	
	9012	4000	1	1	1	0	1	1.可以交易；0.被PK不掉	1	0	酋長徽章	1	4.戴宗	04.武器 - 戴宗	09.裝飾型	1	04.GASH商城	5000	9012	6009012	6100000	6200000	4105812	3ditem_a_001	1	1	8	0	00.無	0		00.無	0	00.無	0				50000	0	216	0	0	0	0	0	
	9013	4000	1	1	1	0	1	1.可以交易；0.被PK不掉	1	0	頂戴花翎	1	4.戴宗	01.帽子 - 戴宗	09.裝飾型	1	04.GASH商城	5000	9013	6009013	6100000	6200000	4105813	3ditem_a_001	1	1	8	0	00.無	0		00.無	0	00.無	0				30000	0	213	0	0	0	0	0	
	9014	4000	1	1	1	0	1	1.可以交易；0.被PK不掉	1	0	朝服	1	4.戴宗	02.上衣 - 戴宗	09.裝飾型	1	04.GASH商城	5000	9014	6009014	6100000	6200000	4105814	3ditem_a_001	1	1	8	0	00.無	0		00.無	0	00.無	0				40000	0	214	0	0	0	0	0	
	9015	4000	1	1	1	0	1	1.可以交易；0.被PK不掉	1	0	朝靴	1	4.戴宗	03.褲子 - 戴宗	09.裝飾型	1	04.GASH商城	5000	9015	6009015	6100000	6200000	4105815	3ditem_a_001	1	1	8	0	00.無	0		00.無	0	00.無	0				40000	0	215	0	0	0	0	0	
	9016	4000	1	1	1	0	1	1.可以交易；0.被PK不掉	1	0	朝板徽章	1	4.戴宗	04.武器 - 戴宗	09.裝飾型	1	04.GASH商城	5000	9016	6009016	6100000	6200000	4105816	3ditem_a_001	1	1	8	0	00.無	0		00.無	0	00.無	0				50000	0	216	0	0	0	0	0	
	9017	4000	1	1	1	0	1	1.可以交易；0.被PK不掉	1	0	書生帽	1	4.戴宗	01.帽子 - 戴宗	09.裝飾型	1	04.GASH商城	5000	9017	6009017	6100000	6200000	4105817	3ditem_a_001	1	1	8	0	00.無	0		00.無	0	00.無	0				30000	0	213	0	0	0	0	0	
	9018	4000	1	1	1	0	1	1.可以交易；0.被PK不掉	1	0	書生袍	1	4.戴宗	02.上衣 - 戴宗	09.裝飾型	1	04.GASH商城	5000	9018	6009018	6100000	6200000	4105818	3ditem_a_001	1	1	8	0	00.無	0		00.無	0	00.無	0				40000	0	214	0	0	0	0	0	
	9019	4000	1	1	1	0	1	1.可以交易；0.被PK不掉	1	0	書生鞋	1	4.戴宗	03.褲子 - 戴宗	09.裝飾型	1	04.GASH商城	5000	9019	6009019	6100000	6200000	4105819	3ditem_a_001	1	1	8	0	00.無	0		00.無	0	00.無	0				40000	0	215	0	0	0	0	0	
	9020	4000	1	1	1	0	1	1.可以交易；0.被PK不掉	1	0	書簡徽章	1	4.戴宗	04.武器 - 戴宗	09.裝飾型	1	04.GASH商城	5000	9020	6009020	6100000	6200000	4105820	3ditem_a_001	1	1	8	0	00.無	0		00.無	0	00.無	0				50000	0	216	0	0	0	0	0	
	9021	4000	1	1	1	0	1	1.可以交易；0.被PK不掉	1	0	鬥牛士帽	1	4.戴宗	01.帽子 - 戴宗	09.裝飾型	1	04.GASH商城	5000	9021	6009021	6100000	6200000	4105821	3ditem_a_001	1	1	8	0	00.無	0		00.無	0	00.無	0				30000	0	213	0	0	0	0	0	
	9022	4000	1	1	1	0	1	1.可以交易；0.被PK不掉	1	0	鬥牛士披肩	1	4.戴宗	02.上衣 - 戴宗	09.裝飾型	1	04.GASH商城	5000	9022	6009022	6100000	6200000	4105822	3ditem_a_001	1	1	8	0	00.無	0		00.無	0	00.無	0				40000	0	214	0	0	0	0	0	
	9023	4000	1	1	1	0	1	1.可以交易；0.被PK不掉	1	0	鬥牛士長靴	1	4.戴宗	03.褲子 - 戴宗	09.裝飾型	1	04.GASH商城	5000	9023	6009023	6100000	6200000	4105823	3ditem_a_001	1	1	8	0	00.無	0		00.無	0	00.無	0				40000	0	215	0	0	0	0	0	
	9024	4000	1	1	1	0	1	1.可以交易；0.被PK不掉	1	0	鬥牛刺徽章	1	4.戴宗	04.武器 - 戴宗	09.裝飾型	1	04.GASH商城	5000	9024	6009024	6100000	6200000	4105824	3ditem_a_001	1	1	8	0	00.無	0		00.無	0	00.無	0				50000	0	216	0	0	0	0	0	
	9025	4000	1	1	1	0	1	1.可以交易；0.被PK不掉	1	0	聖誕禮物帽	1	4.戴宗	01.帽子 - 戴宗	09.裝飾型	1	04.GASH商城	5000	9025	6009025	6100000	6200000	4105841	3ditem_a_001	1	1	8	0	00.無	0		00.無	0	00.無	0				30000	0	213	0	0	0	0	0	
	9026	4000	1	1	1	0	1	1.可以交易；0.被PK不掉	1	0	聖誕禮物服	1	4.戴宗	02.上衣 - 戴宗	09.裝飾型	1	04.GASH商城	5000	9026	6009026	6100000	6200000	4105842	3ditem_a_001	1	1	8	0	00.無	0		00.無	0	00.無	0				40000	0	214	0	0	0	0	0	
	9027	4000	1	1	1	0	1	1.可以交易；0.被PK不掉	1	0	聖誕禮物鞋	1	4.戴宗	03.褲子 - 戴宗	09.裝飾型	1	04.GASH商城	5000	9027	6009027	6100000	6200000	4105843	3ditem_a_001	1	1	8	0	00.無	0		00.無	0	00.無	0				40000	0	215	0	0	0	0	0	
	9028	4000	1	1	1	0	1	1.可以交易；0.被PK不掉	1	0	聖誕禮物徽章	1	4.戴宗	04.武器 - 戴宗	09.裝飾型	1	04.GASH商城	5000	9028	6009028	6100000	6200000	4105844	3ditem_a_001	1	1	8	0	00.無	0		00.無	0	00.無	0				50000	0	216	0	0	0	0	0	
	9029	4000	1	1	1	0	1	1.可以交易；0.被PK不掉	1	0	外星頭盔	1	4.戴宗	01.帽子 - 戴宗	09.裝飾型	1	04.GASH商城	5000	9029	6009029	6100000	6200000	4105837	3ditem_a_001	1	1	8	0	00.無	0		00.無	0	00.無	0				30000	0	213	0	0	0	0	0	
	9030	4000	1	1	1	0	1	1.可以交易；0.被PK不掉	1	0	外星服	1	4.戴宗	02.上衣 - 戴宗	09.裝飾型	1	04.GASH商城	5000	9030	6009030	6100000	6200000	4105838	3ditem_a_001	1	1	8	0	00.無	0		00.無	0	00.無	0				40000	0	214	0	0	0	0	0	
	9031	4000	1	1	1	0	1	1.可以交易；0.被PK不掉	1	0	外星靴	1	4.戴宗	03.褲子 - 戴宗	09.裝飾型	1	04.GASH商城	5000	9031	6009031	6100000	6200000	4105839	3ditem_a_001	1	1	8	0	00.無	0		00.無	0	00.無	0				40000	0	215	0	0	0	0	0	
	9032	4000	1	1	1	0	1	1.可以交易；0.被PK不掉	1	0	外星徽章	1	4.戴宗	04.武器 - 戴宗	09.裝飾型	1	04.GASH商城	5000	9032	6009032	6100000	6200000	4105840	3ditem_a_001	1	1	8	0	00.無	0		00.無	0	00.無	0				50000	0	216	0	0	0	0	0	
	9033	4000	1	1	1	0	1	1.可以交易；0.被PK不掉	1	0	曲棍藍帽	1	4.戴宗	01.帽子 - 戴宗	09.裝飾型	1	04.GASH商城	5000	9033	6009033	6100000	6200000	4105849	3ditem_a_001	1	1	8	0	00.無	0		00.無	0	00.無	0				30000	0	213	0	0	0	0	0	
	9034	4000	1	1	1	0	1	1.可以交易；0.被PK不掉	1	0	曲棍藍衣	1	4.戴宗	02.上衣 - 戴宗	09.裝飾型	1	04.GASH商城	5000	9034	6009034	6100000	6200000	4105850	3ditem_a_001	1	1	8	0	00.無	0		00.無	0	00.無	0				40000	0	214	0	0	0	0	0	
	9035	4000	1	1	1	0	1	1.可以交易；0.被PK不掉	1	0	曲棍藍鞋	1	4.戴宗	03.褲子 - 戴宗	09.裝飾型	1	04.GASH商城	5000	9035	6009035	6100000	6200000	4105851	3ditem_a_001	1	1	8	0	00.無	0		00.無	0	00.無	0				40000	0	215	0	0	0	0	0	
	9036	4000	1	1	1	0	1	1.可以交易；0.被PK不掉	1	0	柳橙果汁	1	4.戴宗	04.武器 - 戴宗	09.裝飾型	1	04.GASH商城	5000	9036	6009036	6100000	6200000	4105852	3ditem_a_001	1	1	8	0	00.無	0		00.無	0	00.無	0				50000	0	216	0	0	0	0	0	
	9037	4000	1	1	1	0	1	1.可以交易；0.被PK不掉	1	0	曲棍白帽	1	4.戴宗	01.帽子 - 戴宗	09.裝飾型	1	04.GASH商城	5000	9037	6009037	6100000	6200000	4105853	3ditem_a_001	1	1	8	0	00.無	0		00.無	0	00.無	0				30000	0	213	0	0	0	0	0	
	9038	4000	1	1	1	0	1	1.可以交易；0.被PK不掉	1	0	曲棍白衣	1	4.戴宗	02.上衣 - 戴宗	09.裝飾型	1	04.GASH商城	5000	9038	6009038	6100000	6200000	4105854	3ditem_a_001	1	1	8	0	00.無	0		00.無	0	00.無	0				40000	0	214	0	0	0	0	0	
	9039	4000	1	1	1	0	1	1.可以交易；0.被PK不掉	1	0	曲棍白鞋	1	4.戴宗	03.褲子 - 戴宗	09.裝飾型	1	04.GASH商城	5000	9039	6009039	6100000	6200000	4105855	3ditem_a_001	1	1	8	0	00.無	0		00.無	0	00.無	0				40000	0	215	0	0	0	0	0	
	9040	4000	1	1	1	0	1	1.可以交易；0.被PK不掉	1	0	運動飲料	1	4.戴宗	04.武器 - 戴宗	09.裝飾型	1	04.GASH商城	5000	9040	6009040	6100000	6200000	4105856	3ditem_a_001	1	1	8	0	00.無	0		00.無	0	00.無	0				50000	0	216	0	0	0	0	0	
	9041	4000	1	1	1	0	1	1.可以交易；0.被PK不掉	1	0	美國足球衣	1	4.戴宗	02.上衣 - 戴宗	09.裝飾型	1	04.GASH商城	5000	9041	6009041	6100000	6200000	4106346	3ditem_a_001	1	1	8	0	00.無	0		00.無	0	00.無	0				40000	0	214	0	0	0	0	0	
	9042	4000	1	1	1	0	1	1.可以交易；0.被PK不掉	1	0	美國足球鞋	1	4.戴宗	03.褲子 - 戴宗	09.裝飾型	1	04.GASH商城	5000	9042	6009042	6100000	6200000	4106347	3ditem_a_001	1	1	8	0	00.無	0		00.無	0	00.無	0				40000	0	215	0	0	0	0	0	
	9043	4000	1	1	1	0	1	1.可以交易；0.被PK不掉	1	0	英國足球衣	1	4.戴宗	02.上衣 - 戴宗	09.裝飾型	1	04.GASH商城	5000	9043	6009043	6100000	6200000	4106350	3ditem_a_001	1	1	8	0	00.無	0		00.無	0	00.無	0				40000	0	214	0	0	0	0	0	
	9044	4000	1	1	1	0	1	1.可以交易；0.被PK不掉	1	0	英國足球鞋	1	4.戴宗	03.褲子 - 戴宗	09.裝飾型	1	04.GASH商城	5000	9044	6009044	6100000	6200000	4106351	3ditem_a_001	1	1	8	0	00.無	0		00.無	0	00.無	0				40000	0	215	0	0	0	0	0	
	9045	4000	1	1	1	0	1	1.可以交易；0.被PK不掉	1	0	法國足球衣	1	4.戴宗	02.上衣 - 戴宗	09.裝飾型	1	04.GASH商城	5000	9045	6009045	6100000	6200000	4106354	3ditem_a_001	1	1	8	0	00.無	0		00.無	0	00.無	0				40000	0	214	0	0	0	0	0	
	9046	4000	1	1	1	0	1	1.可以交易；0.被PK不掉	1	0	法國足球鞋	1	4.戴宗	03.褲子 - 戴宗	09.裝飾型	1	04.GASH商城	5000	9046	6009046	6100000	6200000	4106355	3ditem_a_001	1	1	8	0	00.無	0		00.無	0	00.無	0				40000	0	215	0	0	0	0	0	
	9047	4000	1	1	1	0	1	1.可以交易；0.被PK不掉	1	0	德國足球衣	1	4.戴宗	02.上衣 - 戴宗	09.裝飾型	1	04.GASH商城	5000	9047	6009047	6100000	6200000	4106358	3ditem_a_001	1	1	8	0	00.無	0		00.無	0	00.無	0				40000	0	214	0	0	0	0	0	
	9048	4000	1	1	1	0	1	1.可以交易；0.被PK不掉	1	0	德國足球鞋	1	4.戴宗	03.褲子 - 戴宗	09.裝飾型	1	04.GASH商城	5000	9048	6009048	6100000	6200000	4106359	3ditem_a_001	1	1	8	0	00.無	0		00.無	0	00.無	0				40000	0	215	0	0	0	0	0	
	9049	4000	1	1	1	0	1	1.可以交易；0.被PK不掉	1	0	澳大利亞足球衣	1	4.戴宗	02.上衣 - 戴宗	09.裝飾型	1	04.GASH商城	5000	9049	6009049	6100000	6200000	4106362	3ditem_a_001	1	1	8	0	00.無	0		00.無	0	00.無	0				40000	0	214	0	0	0	0	0	
	9050	4000	1	1	1	0	1	1.可以交易；0.被PK不掉	1	0	澳大利亞足球鞋	1	4.戴宗	03.褲子 - 戴宗	09.裝飾型	1	04.GASH商城	5000	9050	6009050	6100000	6200000	4106363	3ditem_a_001	1	1	8	0	00.無	0		00.無	0	00.無	0				40000	0	215	0	0	0	0	0	
	9051	4000	1	1	1	0	1	1.可以交易；0.被PK不掉	1	0	南非足球衣	1	4.戴宗	02.上衣 - 戴宗	09.裝飾型	1	04.GASH商城	5000	9051	6009051	6100000	6200000	4106366	3ditem_a_001	1	1	8	0	00.無	0		00.無	0	00.無	0				40000	0	214	0	0	0	0	0	
	9052	4000	1	1	1	0	1	1.可以交易；0.被PK不掉	1	0	南非足球鞋	1	4.戴宗	03.褲子 - 戴宗	09.裝飾型	1	04.GASH商城	5000	9052	6009052	6100000	6200000	4106367	3ditem_a_001	1	1	8	0	00.無	0		00.無	0	00.無	0				40000	0	215	0	0	0	0	0	
	9053	4000	1	1	1	0	1	1.可以交易；0.被PK不掉	1	0	紅色賽車安全帽	1	4.戴宗	01.帽子 - 戴宗	09.裝飾型	1	04.GASH商城	5000	9053	6009053	6100000	6200000	4106745	3ditem_a_001	1	1	8	0	00.無	0		00.無	0	00.無	0				30000	0	213	0	0	0	0	0	
	9054	4000	1	1	1	0	1	1.可以交易；0.被PK不掉	1	0	紅色賽車衣	1	4.戴宗	02.上衣 - 戴宗	09.裝飾型	1	04.GASH商城	5000	9054	6009054	6100000	6200000	4106746	3ditem_a_001	1	1	8	0	00.無	0		00.無	0	00.無	0				40000	0	214	0	0	0	0	0	
	9055	4000	1	1	1	0	1	1.可以交易；0.被PK不掉	1	0	紅色賽車鞋	1	4.戴宗	03.褲子 - 戴宗	09.裝飾型	1	04.GASH商城	5000	9055	6009055	6100000	6200000	4106747	3ditem_a_001	1	1	8	0	00.無	0		00.無	0	00.無	0				40000	0	215	0	0	0	0	0	
	9056	4000	1	1	1	0	1	1.可以交易；0.被PK不掉	1	0	紅色賽車方向盤	1	4.戴宗	04.武器 - 戴宗	09.裝飾型	1	04.GASH商城	5000	9056	6009056	6100000	6200000	4106748	3ditem_a_001	1	1	8	0	00.無	0		00.無	0	00.無	0				50000	0	216	0	0	0	0	0	
	9057	4000	1	1	1	0	1	1.可以交易；0.被PK不掉	1	0	黃色賽車安全帽	1	4.戴宗	01.帽子 - 戴宗	09.裝飾型	1	04.GASH商城	5000	9057	6009057	6100000	6200000	4106749	3ditem_a_001	1	1	8	0	00.無	0		00.無	0	00.無	0				30000	0	213	0	0	0	0	0	
	9058	4000	1	1	1	0	1	1.可以交易；0.被PK不掉	1	0	黃色賽車衣	1	4.戴宗	02.上衣 - 戴宗	09.裝飾型	1	04.GASH商城	5000	9058	6009058	6100000	6200000	4106750	3ditem_a_001	1	1	8	0	00.無	0		00.無	0	00.無	0				40000	0	214	0	0	0	0	0	
	9059	4000	1	1	1	0	1	1.可以交易；0.被PK不掉	1	0	黃色賽車鞋	1	4.戴宗	03.褲子 - 戴宗	09.裝飾型	1	04.GASH商城	5000	9059	6009059	6100000	6200000	4106751	3ditem_a_001	1	1	8	0	00.無	0		00.無	0	00.無	0				40000	0	215	0	0	0	0	0	
	9060	4000	1	1	1	0	1	1.可以交易；0.被PK不掉	1	0	黃色賽車方向盤	1	4.戴宗	04.武器 - 戴宗	09.裝飾型	1	04.GASH商城	5000	9060	6009060	6100000	6200000	4106752	3ditem_a_001	1	1	8	0	00.無	0		00.無	0	00.無	0				50000	0	216	0	0	0	0	0	
	9061	4000	1	1	1	0	1	1.可以交易；0.被PK不掉	1	0	泰拳頭巾	1	4.戴宗	01.帽子 - 戴宗	09.裝飾型	1	04.GASH商城	5000	9061	6009061	6100000	6200000	4106753	3ditem_a_001	1	1	8	0	00.無	0		00.無	0	00.無	0				30000	0	213	0	0	0	0	0	
	9062	4000	1	1	1	0	1	1.可以交易；0.被PK不掉	1	0	泰拳衣	1	4.戴宗	02.上衣 - 戴宗	09.裝飾型	1	04.GASH商城	5000	9062	6009062	6100000	6200000	4106754	3ditem_a_001	1	1	8	0	00.無	0		00.無	0	00.無	0				40000	0	214	0	0	0	0	0	
	9063	4000	1	1	1	0	1	1.可以交易；0.被PK不掉	1	0	泰拳繃帶腳	1	4.戴宗	03.褲子 - 戴宗	09.裝飾型	1	04.GASH商城	5000	9063	6009063	6100000	6200000	4106755	3ditem_a_001	1	1	8	0	00.無	0		00.無	0	00.無	0				40000	0	215	0	0	0	0	0	
	9064	4000	1	1	1	0	1	1.可以交易；0.被PK不掉	1	0	泰拳手套	1	4.戴宗	04.武器 - 戴宗	09.裝飾型	1	04.GASH商城	5000	9064	6009064	6100000	6200000	4106756	3ditem_a_001	1	1	8	0	00.無	0		00.無	0	00.無	0				50000	0	216	0	0	0	0	0	
	9065	4000	1	1	1	0	0	1.可以交易；0.被PK不掉	1	0	機器人頭盔	1	4.戴宗	01.帽子 - 戴宗	09.裝飾型	1	04.GASH商城	5000	9065	6009065	6100000	6200000	4106757	3ditem_a_001	1	1	8	0	00.無	0		00.無	0	00.無	0				30000	0	213	0	0	0	0	0	
	9066	4000	1	1	1	0	0	1.可以交易；0.被PK不掉	1	0	機器人盔甲	1	4.戴宗	02.上衣 - 戴宗	09.裝飾型	1	04.GASH商城	5000	9066	6009066	6100000	6200000	4106758	3ditem_a_001	1	1	8	0	00.無	0		00.無	0	00.無	0				40000	0	214	0	0	0	0	0	
	9067	4000	1	1	1	0	0	1.可以交易；0.被PK不掉	1	0	機器人鞋	1	4.戴宗	03.褲子 - 戴宗	09.裝飾型	1	04.GASH商城	5000	9067	6009067	6100000	6200000	4106759	3ditem_a_001	1	1	8	0	00.無	0		00.無	0	00.無	0				40000	0	215	0	0	0	0	0	
	9068	4000	1	1	1	0	0	1.可以交易；0.被PK不掉	1	0	機器人發條	1	4.戴宗	04.武器 - 戴宗	09.裝飾型	1	04.GASH商城	5000	9068	6009068	6100000	6200000	4106760	3ditem_a_001	1	1	8	0	00.無	0		00.無	0	00.無	0				50000	0	216	0	0	0	0	0	
	10001	4000	1	1	1	0	1	1.可以交易；0.被PK不掉	1	0	嘻哈帽	1	5.史進	01.帽子 - 史進	09.裝飾型	1	04.GASH商城	5000	10001	6010001	6100000	6200000	4107401	3ditem_a_001	1	1	16	0	00.無	0		00.無	0	00.無	0				30000	0	217	0	0	0	0	0	
	10002	4000	1	1	1	0	1	1.可以交易；0.被PK不掉	1	0	嘻哈外套	1	5.史進	02.上衣 - 史進	09.裝飾型	1	04.GASH商城	5000	10002	6010002	6100000	6200000	4107402	3ditem_a_001	1	1	16	0	00.無	0		00.無	0	00.無	0				40000	0	218	0	0	0	0	0	
	10003	4000	1	1	1	0	1	1.可以交易；0.被PK不掉	1	0	嘻哈褲	1	5.史進	03.褲子 - 史進	09.裝飾型	1	04.GASH商城	5000	10003	6010003	6100000	6200000	4107403	3ditem_a_001	1	1	16	0	00.無	0		00.無	0	00.無	0				40000	0	219	0	0	0	0	0	
	10004	4000	1	1	1	0	1	1.可以交易；0.被PK不掉	1	0	嘻哈小手	1	5.史進	04.武器 - 史進	09.裝飾型	1	04.GASH商城	5000	10004	6010004	6100000	6200000	4107404	3ditem_a_001	1	1	16	0	00.無	0		00.無	0	00.無	0				50000	0	220	0	0	0	0	0	
	10005	4000	1	1	1	0	1	1.可以交易；0.被PK不掉	1	0	爆走飛機頭	1	5.史進	01.帽子 - 史進	09.裝飾型	1	04.GASH商城	5000	10005	6010005	6100000	6200000	4107405	3ditem_a_001	1	1	16	0	00.無	0		00.無	0	00.無	0				30000	0	217	0	0	0	0	0	
	10006	4000	1	1	1	0	1	1.可以交易；0.被PK不掉	1	0	爆走短外套	1	5.史進	02.上衣 - 史進	09.裝飾型	1	04.GASH商城	5000	10006	6010006	6100000	6200000	4107406	3ditem_a_001	1	1	16	0	00.無	0		00.無	0	00.無	0				40000	0	218	0	0	0	0	0	
	10007	4000	1	1	1	0	1	1.可以交易；0.被PK不掉	1	0	爆走皮褲	1	5.史進	03.褲子 - 史進	09.裝飾型	1	04.GASH商城	5000	10007	6010007	6100000	6200000	4107407	3ditem_a_001	1	1	16	0	00.無	0		00.無	0	00.無	0				40000	0	219	0	0	0	0	0	
	10008	4000	1	1	1	0	1	1.可以交易；0.被PK不掉	1	0	爆走棒球棍	1	5.史進	04.武器 - 史進	09.裝飾型	1	04.GASH商城	5000	10008	6010008	6100000	6200000	4107408	3ditem_a_001	1	1	16	0	00.無	0		00.無	0	00.無	0				50000	0	220	0	0	0	0	0	
	10009	4000	1	1	1	0	1	1.可以交易；0.被PK不掉	1	0	聖誕皮帽	1	5.史進	01.帽子 - 史進	09.裝飾型	1	04.GASH商城	5000	10009	6010009	6100000	6200000	4107437	3ditem_a_001	1	1	16	0	00.無	0		00.無	0	00.無	0				30000	0	217	0	0	0	0	0	
	10010	4000	1	1	1	0	1	1.可以交易；0.被PK不掉	1	0	聖誕皮衣	1	5.史進	02.上衣 - 史進	09.裝飾型	1	04.GASH商城	5000	10010	6010010	6100000	6200000	4107438	3ditem_a_001	1	1	16	0	00.無	0		00.無	0	00.無	0				40000	0	218	0	0	0	0	0	
	10011	4000	1	1	1	0	1	1.可以交易；0.被PK不掉	1	0	聖誕皮褲	1	5.史進	03.褲子 - 史進	09.裝飾型	1	04.GASH商城	5000	10011	6010011	6100000	6200000	4107439	3ditem_a_001	1	1	16	0	00.無	0		00.無	0	00.無	0				40000	0	219	0	0	0	0	0	
	10012	4000	1	1	1	0	1	1.可以交易；0.被PK不掉	1	0	聖誕長棍	1	5.史進	04.武器 - 史進	09.裝飾型	1	04.GASH商城	5000	10012	6010012	6100000	6200000	4107440	3ditem_a_001	1	1	16	0	00.無	0		00.無	0	00.無	0				50000	0	220	0	0	0	0	0	
	10013	4000	1	1	1	0	1	1.可以交易；0.被PK不掉	1	0	瓊斯牛仔帽	1	5.史進	01.帽子 - 史進	09.裝飾型	1	04.GASH商城	5000	10013	6010013	6100000	6200000	4107441	3ditem_a_001	1	1	16	0	00.無	0		00.無	0	00.無	0				30000	0	217	0	0	0	0	0	
	10014	4000	1	1	1	0	1	1.可以交易；0.被PK不掉	1	0	瓊斯牛仔背心	1	5.史進	02.上衣 - 史進	09.裝飾型	1	04.GASH商城	5000	10014	6010014	6100000	6200000	4107442	3ditem_a_001	1	1	16	0	00.無	0		00.無	0	00.無	0				40000	0	218	0	0	0	0	0	
	10015	4000	1	1	1	0	1	1.可以交易；0.被PK不掉	1	0	瓊斯牛仔褲	1	5.史進	03.褲子 - 史進	09.裝飾型	1	04.GASH商城	5000	10015	6010015	6100000	6200000	4107443	3ditem_a_001	1	1	16	0	00.無	0		00.無	0	00.無	0				40000	0	219	0	0	0	0	0	
	10016	4000	1	1	1	0	1	1.可以交易；0.被PK不掉	1	0	瓊斯奇兵長棍	1	5.史進	04.武器 - 史進	09.裝飾型	1	04.GASH商城	5000	10016	6010016	6100000	6200000	4107444	3ditem_a_001	1	1	16	0	00.無	0		00.無	0	00.無	0				50000	0	220	0	0	0	0	0	
	10017	4000	1	1	1	0	1	1.可以交易；0.被PK不掉	1	0	湯屋頭巾	1	5.史進	01.帽子 - 史進	09.裝飾型	1	04.GASH商城	5000	10017	6010017	6100000	6200000	4107409	3ditem_a_001	1	1	16	0	00.無	0		00.無	0	00.無	0				30000	0	217	0	0	0	0	0	
	10018	4000	1	1	1	0	1	1.可以交易；0.被PK不掉	1	0	湯屋羽織	1	5.史進	02.上衣 - 史進	09.裝飾型	1	04.GASH商城	5000	10018	6010018	6100000	6200000	4107410	3ditem_a_001	1	1	16	0	00.無	0		00.無	0	00.無	0				40000	0	218	0	0	0	0	0	
	10019	4000	1	1	1	0	1	1.可以交易；0.被PK不掉	1	0	湯屋褲	1	5.史進	03.褲子 - 史進	09.裝飾型	1	04.GASH商城	5000	10019	6010019	6100000	6200000	4107411	3ditem_a_001	1	1	16	0	00.無	0		00.無	0	00.無	0				40000	0	219	0	0	0	0	0	
	10020	4000	1	1	1	0	1	1.可以交易；0.被PK不掉	1	0	湯屋長棍	1	5.史進	04.武器 - 史進	09.裝飾型	1	04.GASH商城	5000	10020	6010020	6100000	6200000	4107412	3ditem_a_001	1	1	16	0	00.無	0		00.無	0	00.無	0				50000	0	220	0	0	0	0	0	
	10021	4000	1	1	1	0	1	1.可以交易；0.被PK不掉	1	0	熱情舞蹈帽	1	5.史進	01.帽子 - 史進	09.裝飾型	1	04.GASH商城	5000	10021	6010021	6100000	6200000	4107413	3ditem_a_001	1	1	16	0	00.無	0		00.無	0	00.無	0				30000	0	217	0	0	0	0	0	
	10022	4000	1	1	1	0	1	1.可以交易；0.被PK不掉	1	0	熱情舞蹈上衣	1	5.史進	02.上衣 - 史進	09.裝飾型	1	04.GASH商城	5000	10022	6010022	6100000	6200000	4107414	3ditem_a_001	1	1	16	0	00.無	0		00.無	0	00.無	0				40000	0	218	0	0	0	0	0	
	10023	4000	1	1	1	0	1	1.可以交易；0.被PK不掉	1	0	熱情舞蹈長褲	1	5.史進	03.褲子 - 史進	09.裝飾型	1	04.GASH商城	5000	10023	6010023	6100000	6200000	4107415	3ditem_a_001	1	1	16	0	00.無	0		00.無	0	00.無	0				40000	0	219	0	0	0	0	0	
	10024	4000	1	1	1	0	1	1.可以交易；0.被PK不掉	1	0	熱情舞蹈長棍	1	5.史進	04.武器 - 史進	09.裝飾型	1	04.GASH商城	5000	10024	6010024	6100000	6200000	4107416	3ditem_a_001	1	1	16	0	00.無	0		00.無	0	00.無	0				50000	0	220	0	0	0	0	0	
	10025	4000	1	1	1	0	1	1.可以交易；0.被PK不掉	1	0	武士鐵盔	1	5.史進	01.帽子 - 史進	09.裝飾型	1	04.GASH商城	5000	10025	6010025	6100000	6200000	4107417	3ditem_a_001	1	1	16	0	00.無	0		00.無	0	00.無	0				30000	0	217	0	0	0	0	0	
	10026	4000	1	1	1	0	1	1.可以交易；0.被PK不掉	1	0	武士鐵甲	1	5.史進	02.上衣 - 史進	09.裝飾型	1	04.GASH商城	5000	10026	6010026	6100000	6200000	4107418	3ditem_a_001	1	1	16	0	00.無	0		00.無	0	00.無	0				40000	0	218	0	0	0	0	0	
	10027	4000	1	1	1	0	1	1.可以交易；0.被PK不掉	1	0	武士鐵裙	1	5.史進	03.褲子 - 史進	09.裝飾型	1	04.GASH商城	5000	10027	6010027	6100000	6200000	4107419	3ditem_a_001	1	1	16	0	00.無	0		00.無	0	00.無	0				40000	0	219	0	0	0	0	0	
	10028	4000	1	1	1	0	1	1.可以交易；0.被PK不掉	1	0	武士鐵棍	1	5.史進	04.武器 - 史進	09.裝飾型	1	04.GASH商城	5000	10028	6010028	6100000	6200000	4107420	3ditem_a_001	1	1	16	0	00.無	0		00.無	0	00.無	0				50000	0	220	0	0	0	0	0	
	10029	4000	1	1	1	0	1	1.可以交易；0.被PK不掉	1	0	曲棍藍帽	1	5.史進	01.帽子 - 史進	09.裝飾型	1	04.GASH商城	5000	10029	6010029	6100000	6200000	4107449	3ditem_a_001	1	1	16	0	00.無	0		00.無	0	00.無	0				30000	0	217	0	0	0	0	0	
	10030	4000	1	1	1	0	1	1.可以交易；0.被PK不掉	1	0	曲棍藍衣	1	5.史進	02.上衣 - 史進	09.裝飾型	1	04.GASH商城	5000	10030	6010030	6100000	6200000	4107450	3ditem_a_001	1	1	16	0	00.無	0		00.無	0	00.無	0				40000	0	218	0	0	0	0	0	
	10031	4000	1	1	1	0	1	1.可以交易；0.被PK不掉	1	0	曲棍藍褲	1	5.史進	03.褲子 - 史進	09.裝飾型	1	04.GASH商城	5000	10031	6010031	6100000	6200000	4107451	3ditem_a_001	1	1	16	0	00.無	0		00.無	0	00.無	0				40000	0	219	0	0	0	0	0	
	10032	4000	1	1	1	0	1	1.可以交易；0.被PK不掉	1	0	藍色曲棍	1	5.史進	04.武器 - 史進	09.裝飾型	1	04.GASH商城	5000	10032	6010032	6100000	6200000	4107452	3ditem_a_001	1	1	16	0	00.無	0		00.無	0	00.無	0				50000	0	220	0	0	0	0	0	
	10033	4000	1	1	1	0	1	1.可以交易；0.被PK不掉	1	0	曲棍紅帽	1	5.史進	01.帽子 - 史進	09.裝飾型	1	04.GASH商城	5000	10033	6010033	6100000	6200000	4107453	3ditem_a_001	1	1	16	0	00.無	0		00.無	0	00.無	0				30000	0	217	0	0	0	0	0	
	10034	4000	1	1	1	0	1	1.可以交易；0.被PK不掉	1	0	曲棍白衣	1	5.史進	02.上衣 - 史進	09.裝飾型	1	04.GASH商城	5000	10034	6010034	6100000	6200000	4107454	3ditem_a_001	1	1	16	0	00.無	0		00.無	0	00.無	0				40000	0	218	0	0	0	0	0	
	10035	4000	1	1	1	0	1	1.可以交易；0.被PK不掉	1	0	曲棍紅褲	1	5.史進	03.褲子 - 史進	09.裝飾型	1	04.GASH商城	5000	10035	6010035	6100000	6200000	4107455	3ditem_a_001	1	1	16	0	00.無	0		00.無	0	00.無	0				40000	0	219	0	0	0	0	0	
	10036	4000	1	1	1	0	1	1.可以交易；0.被PK不掉	1	0	白色曲棍	1	5.史進	04.武器 - 史進	09.裝飾型	1	04.GASH商城	5000	10036	6010036	6100000	6200000	4107456	3ditem_a_001	1	1	16	0	00.無	0		00.無	0	00.無	0				50000	0	220	0	0	0	0	0	
	10037	4000	1	1	1	0	1	1.可以交易；0.被PK不掉	1	0	美國足球衣	1	5.史進	02.上衣 - 史進	09.裝飾型	1	04.GASH商城	5000	10037	6010037	6100000	6200000	4107946	3ditem_a_001	1	1	16	0	00.無	0		00.無	0	00.無	0				40000	0	218	0	0	0	0	0	
	10038	4000	1	1	1	0	1	1.可以交易；0.被PK不掉	1	0	美國足球褲	1	5.史進	03.褲子 - 史進	09.裝飾型	1	04.GASH商城	5000	10038	6010038	6100000	6200000	4107947	3ditem_a_001	1	1	16	0	00.無	0		00.無	0	00.無	0				40000	0	219	0	0	0	0	0	
	10039	4000	1	1	1	0	1	1.可以交易；0.被PK不掉	1	0	英國足球衣	1	5.史進	02.上衣 - 史進	09.裝飾型	1	04.GASH商城	5000	10039	6010039	6100000	6200000	4107950	3ditem_a_001	1	1	16	0	00.無	0		00.無	0	00.無	0				40000	0	218	0	0	0	0	0	
	10040	4000	1	1	1	0	1	1.可以交易；0.被PK不掉	1	0	英國足球褲	1	5.史進	03.褲子 - 史進	09.裝飾型	1	04.GASH商城	5000	10040	6010040	6100000	6200000	4107951	3ditem_a_001	1	1	16	0	00.無	0		00.無	0	00.無	0				40000	0	219	0	0	0	0	0	
	10041	4000	1	1	1	0	1	1.可以交易；0.被PK不掉	1	0	法國足球衣	1	5.史進	02.上衣 - 史進	09.裝飾型	1	04.GASH商城	5000	10041	6010041	6100000	6200000	4107954	3ditem_a_001	1	1	16	0	00.無	0		00.無	0	00.無	0				40000	0	218	0	0	0	0	0	
	10042	4000	1	1	1	0	1	1.可以交易；0.被PK不掉	1	0	法國足球褲	1	5.史進	03.褲子 - 史進	09.裝飾型	1	04.GASH商城	5000	10042	6010042	6100000	6200000	4107955	3ditem_a_001	1	1	16	0	00.無	0		00.無	0	00.無	0				40000	0	219	0	0	0	0	0	
	10043	4000	1	1	1	0	1	1.可以交易；0.被PK不掉	1	0	德國足球衣	1	5.史進	02.上衣 - 史進	09.裝飾型	1	04.GASH商城	5000	10043	6010043	6100000	6200000	4107958	3ditem_a_001	1	1	16	0	00.無	0		00.無	0	00.無	0				40000	0	218	0	0	0	0	0	
	10044	4000	1	1	1	0	1	1.可以交易；0.被PK不掉	1	0	德國足球褲	1	5.史進	03.褲子 - 史進	09.裝飾型	1	04.GASH商城	5000	10044	6010044	6100000	6200000	4107959	3ditem_a_001	1	1	16	0	00.無	0		00.無	0	00.無	0				40000	0	219	0	0	0	0	0	
	10045	4000	1	1	1	0	1	1.可以交易；0.被PK不掉	1	0	澳大利亞足球衣	1	5.史進	02.上衣 - 史進	09.裝飾型	1	04.GASH商城	5000	10045	6010045	6100000	6200000	4107962	3ditem_a_001	1	1	16	0	00.無	0		00.無	0	00.無	0				40000	0	218	0	0	0	0	0	
	10046	4000	1	1	1	0	1	1.可以交易；0.被PK不掉	1	0	澳大利亞足球褲	1	5.史進	03.褲子 - 史進	09.裝飾型	1	04.GASH商城	5000	10046	6010046	6100000	6200000	4107963	3ditem_a_001	1	1	16	0	00.無	0		00.無	0	00.無	0				40000	0	219	0	0	0	0	0	
	10047	4000	1	1	1	0	1	1.可以交易；0.被PK不掉	1	0	南非足球衣	1	5.史進	02.上衣 - 史進	09.裝飾型	1	04.GASH商城	5000	10047	6010047	6100000	6200000	4107966	3ditem_a_001	1	1	16	0	00.無	0		00.無	0	00.無	0				40000	0	218	0	0	0	0	0	
	10048	4000	1	1	1	0	1	1.可以交易；0.被PK不掉	1	0	南非足球褲	1	5.史進	03.褲子 - 史進	09.裝飾型	1	04.GASH商城	5000	10048	6010048	6100000	6200000	4107967	3ditem_a_001	1	1	16	0	00.無	0		00.無	0	00.無	0				40000	0	219	0	0	0	0	0	
	10049	4000	1	1	1	0	1	1.可以交易；0.被PK不掉	1	0	紅色賽車安全帽	1	5.史進	01.帽子 - 史進	09.裝飾型	1	04.GASH商城	5000	10049	6010049	6100000	6200000	4108345	3ditem_a_001	1	1	16	0	00.無	0		00.無	0	00.無	0				30000	0	217	0	0	0	0	0	
	10050	4000	1	1	1	0	1	1.可以交易；0.被PK不掉	1	0	紅色賽車衣	1	5.史進	02.上衣 - 史進	09.裝飾型	1	04.GASH商城	5000	10050	6010050	6100000	6200000	4108346	3ditem_a_001	1	1	16	0	00.無	0		00.無	0	00.無	0				40000	0	218	0	0	0	0	0	
	10051	4000	1	1	1	0	1	1.可以交易；0.被PK不掉	1	0	紅色賽車鞋	1	5.史進	03.褲子 - 史進	09.裝飾型	1	04.GASH商城	5000	10051	6010051	6100000	6200000	4108347	3ditem_a_001	1	1	16	0	00.無	0		00.無	0	00.無	0				40000	0	219	0	0	0	0	0	
	10052	4000	1	1	1	0	1	1.可以交易；0.被PK不掉	1	0	紅色賽車手套	1	5.史進	04.武器 - 史進	09.裝飾型	1	04.GASH商城	5000	10052	6010052	6100000	6200000	4108348	3ditem_a_001	1	1	16	0	00.無	0		00.無	0	00.無	0				50000	0	220	0	0	0	0	0	
	10053	4000	1	1	1	0	1	1.可以交易；0.被PK不掉	1	0	黃色賽車安全帽	1	5.史進	01.帽子 - 史進	09.裝飾型	1	04.GASH商城	5000	10053	6010053	6100000	6200000	4108349	3ditem_a_001	1	1	16	0	00.無	0		00.無	0	00.無	0				30000	0	217	0	0	0	0	0	
	10054	4000	1	1	1	0	1	1.可以交易；0.被PK不掉	1	0	黃色賽車衣	1	5.史進	02.上衣 - 史進	09.裝飾型	1	04.GASH商城	5000	10054	6010054	6100000	6200000	4108350	3ditem_a_001	1	1	16	0	00.無	0		00.無	0	00.無	0				40000	0	218	0	0	0	0	0	
	10055	4000	1	1	1	0	1	1.可以交易；0.被PK不掉	1	0	黃色賽車鞋	1	5.史進	03.褲子 - 史進	09.裝飾型	1	04.GASH商城	5000	10055	6010055	6100000	6200000	4108351	3ditem_a_001	1	1	16	0	00.無	0		00.無	0	00.無	0				40000	0	219	0	0	0	0	0	
	10056	4000	1	1	1	0	1	1.可以交易；0.被PK不掉	1	0	黃色賽車手套	1	5.史進	04.武器 - 史進	09.裝飾型	1	04.GASH商城	5000	10056	6010056	6100000	6200000	4108352	3ditem_a_001	1	1	16	0	00.無	0		00.無	0	00.無	0				50000	0	220	0	0	0	0	0	
	10057	4000	1	1	1	0	1	1.可以交易；0.被PK不掉	1	0	泰拳頭巾	1	5.史進	01.帽子 - 史進	09.裝飾型	1	04.GASH商城	5000	10057	6010057	6100000	6200000	4108353	3ditem_a_001	1	1	16	0	00.無	0		00.無	0	00.無	0				30000	0	217	0	0	0	0	0	
	10058	4000	1	1	1	0	1	1.可以交易；0.被PK不掉	1	0	泰拳衣	1	5.史進	02.上衣 - 史進	09.裝飾型	1	04.GASH商城	5000	10058	6010058	6100000	6200000	4108354	3ditem_a_001	1	1	16	0	00.無	0		00.無	0	00.無	0				40000	0	218	0	0	0	0	0	
	10059	4000	1	1	1	0	1	1.可以交易；0.被PK不掉	1	0	泰拳繃帶腳	1	5.史進	03.褲子 - 史進	09.裝飾型	1	04.GASH商城	5000	10059	6010059	6100000	6200000	4108355	3ditem_a_001	1	1	16	0	00.無	0		00.無	0	00.無	0				40000	0	219	0	0	0	0	0	
	10060	4000	1	1	1	0	1	1.可以交易；0.被PK不掉	1	0	泰拳手套	1	5.史進	04.武器 - 史進	09.裝飾型	1	04.GASH商城	5000	10060	6010060	6100000	6200000	4108356	3ditem_a_001	1	1	16	0	00.無	0		00.無	0	00.無	0				50000	0	220	0	0	0	0	0	
	10061	4000	1	1	1	0	0	1.可以交易；0.被PK不掉	1	0	機器人頭盔	1	5.史進	01.帽子 - 史進	09.裝飾型	1	04.GASH商城	5000	10061	6010061	6100000	6200000	4108357	3ditem_a_001	1	1	16	0	00.無	0		00.無	0	00.無	0				30000	0	217	0	0	0	0	0	
	10062	4000	1	1	1	0	0	1.可以交易；0.被PK不掉	1	0	機器人盔甲	1	5.史進	02.上衣 - 史進	09.裝飾型	1	04.GASH商城	5000	10062	6010062	6100000	6200000	4108358	3ditem_a_001	1	1	16	0	00.無	0		00.無	0	00.無	0				40000	0	218	0	0	0	0	0	
	10063	4000	1	1	1	0	0	1.可以交易；0.被PK不掉	1	0	機器人鞋	1	5.史進	03.褲子 - 史進	09.裝飾型	1	04.GASH商城	5000	10063	6010063	6100000	6200000	4108359	3ditem_a_001	1	1	16	0	00.無	0		00.無	0	00.無	0				40000	0	219	0	0	0	0	0	
	10064	4000	1	1	1	0	0	1.可以交易；0.被PK不掉	1	0	機器人發條	1	5.史進	04.武器 - 史進	09.裝飾型	1	04.GASH商城	5000	10064	6010064	6100000	6200000	4108360	3ditem_a_001	1	1	16	0	00.無	0		00.無	0	00.無	0				50000	0	220	0	0	0	0	0	
	11001	4000	1	1	1	0	1	1.可以交易；0.被PK不掉	1	0	搖滾耳機	1	6.李逵	01.帽子 - 李逵	09.裝飾型	1	04.GASH商城	5000	11001	6011001	6100000	6200000	4109001	3ditem_a_001	1	1	32	0	00.無	0		00.無	0	00.無	0				30000	0	221	0	0	0	0	0	
	11002	4000	1	1	1	0	1	1.可以交易；0.被PK不掉	1	0	搖滾外套	1	6.李逵	02.上衣 - 李逵	09.裝飾型	1	04.GASH商城	5000	11002	6011002	6100000	6200000	4109002	3ditem_a_001	1	1	32	0	00.無	0		00.無	0	00.無	0				40000	0	222	0	0	0	0	0	
	11003	4000	1	1	1	0	1	1.可以交易；0.被PK不掉	1	0	搖滾皮褲	1	6.李逵	03.褲子 - 李逵	09.裝飾型	1	04.GASH商城	5000	11003	6011003	6100000	6200000	4109003	3ditem_a_001	1	1	32	0	00.無	0		00.無	0	00.無	0				40000	0	223	0	0	0	0	0	
	11004	4000	1	1	1	0	1	1.可以交易；0.被PK不掉	1	0	搖滾麥可風	1	6.李逵	04.武器 - 李逵	09.裝飾型	1	04.GASH商城	5000	11004	6011004	6100000	6200000	4109004	3ditem_a_001	1	1	32	0	00.無	0		00.無	0	00.無	0				50000	0	224	0	0	0	0	0	
	11005	4000	1	1	1	0	1	1.可以交易；0.被PK不掉	1	0	龐克頭巾	1	6.李逵	01.帽子 - 李逵	09.裝飾型	1	04.GASH商城	5000	11005	6011005	6100000	6200000	4109005	3ditem_a_001	1	1	32	0	00.無	0		00.無	0	00.無	0				30000	0	221	0	0	0	0	0	
	11006	4000	1	1	1	0	1	1.可以交易；0.被PK不掉	1	0	龐克外套	1	6.李逵	02.上衣 - 李逵	09.裝飾型	1	04.GASH商城	5000	11006	6011006	6100000	6200000	4109006	3ditem_a_001	1	1	32	0	00.無	0		00.無	0	00.無	0				40000	0	222	0	0	0	0	0	
	11007	4000	1	1	1	0	1	1.可以交易；0.被PK不掉	1	0	龐克褲	1	6.李逵	03.褲子 - 李逵	09.裝飾型	1	04.GASH商城	5000	11007	6011007	6100000	6200000	4109007	3ditem_a_001	1	1	32	0	00.無	0		00.無	0	00.無	0				40000	0	223	0	0	0	0	0	
	11008	4000	1	1	1	0	1	1.可以交易；0.被PK不掉	1	0	龐克酒瓶	1	6.李逵	04.武器 - 李逵	09.裝飾型	1	04.GASH商城	5000	11008	6011008	6100000	6200000	4109008	3ditem_a_001	1	1	32	0	00.無	0		00.無	0	00.無	0				50000	0	224	0	0	0	0	0	
	11009	4000	1	1	1	0	1	1.可以交易；0.被PK不掉	1	0	聖誕寶貝帽	1	6.李逵	01.帽子 - 李逵	09.裝飾型	1	04.GASH商城	5000	11009	6011009	6100000	6200000	4109037	3ditem_a_001	1	1	32	0	00.無	0		00.無	0	00.無	0				30000	0	221	0	0	0	0	0	
	11010	4000	1	1	1	0	1	1.可以交易；0.被PK不掉	1	0	聖誕寶貝服	1	6.李逵	02.上衣 - 李逵	09.裝飾型	1	04.GASH商城	5000	11010	6011010	6100000	6200000	4109038	3ditem_a_001	1	1	32	0	00.無	0		00.無	0	00.無	0				40000	0	222	0	0	0	0	0	
	11011	4000	1	1	1	0	1	1.可以交易；0.被PK不掉	1	0	聖誕寶貝褲	1	6.李逵	03.褲子 - 李逵	09.裝飾型	1	04.GASH商城	5000	11011	6011011	6100000	6200000	4109039	3ditem_a_001	1	1	32	0	00.無	0		00.無	0	00.無	0				40000	0	223	0	0	0	0	0	
	11012	4000	1	1	1	0	1	1.可以交易；0.被PK不掉	1	0	聖誕寶貝糖果	1	6.李逵	04.武器 - 李逵	09.裝飾型	1	04.GASH商城	5000	11012	6011012	6100000	6200000	4109040	3ditem_a_001	1	1	32	0	00.無	0		00.無	0	00.無	0				50000	0	224	0	0	0	0	0	
	11013	4000	1	1	1	0	1	1.可以交易；0.被PK不掉	1	0	魔法學院頭罩	1	6.李逵	01.帽子 - 李逵	09.裝飾型	1	04.GASH商城	5000	11013	6011013	6100000	6200000	4109041	3ditem_a_001	1	1	32	0	00.無	0		00.無	0	00.無	0				30000	0	221	0	0	0	0	0	
	11014	4000	1	1	1	0	1	1.可以交易；0.被PK不掉	1	0	魔法學院上衣	1	6.李逵	02.上衣 - 李逵	09.裝飾型	1	04.GASH商城	5000	11014	6011014	6100000	6200000	4109042	3ditem_a_001	1	1	32	0	00.無	0		00.無	0	00.無	0				40000	0	222	0	0	0	0	0	
	11015	4000	1	1	1	0	1	1.可以交易；0.被PK不掉	1	0	魔法學院長褲	1	6.李逵	03.褲子 - 李逵	09.裝飾型	1	04.GASH商城	5000	11015	6011015	6100000	6200000	4109043	3ditem_a_001	1	1	32	0	00.無	0		00.無	0	00.無	0				40000	0	223	0	0	0	0	0	
	11016	4000	1	1	1	0	1	1.可以交易；0.被PK不掉	1	0	魔杖斧頭	1	6.李逵	04.武器 - 李逵	09.裝飾型	1	04.GASH商城	5000	11016	6011016	6100000	6200000	4109044	3ditem_a_001	1	1	32	0	00.無	0		00.無	0	00.無	0				50000	0	224	0	0	0	0	0	
	11017	4000	1	1	1	0	1	1.可以交易；0.被PK不掉	1	0	野性獸皮帽	1	6.李逵	01.帽子 - 李逵	09.裝飾型	1	04.GASH商城	5000	11017	6011017	6100000	6200000	4109009	3ditem_a_001	1	1	32	0	00.無	0		00.無	0	00.無	0				30000	0	221	0	0	0	0	0	
	11018	4000	1	1	1	0	1	1.可以交易；0.被PK不掉	1	0	野性獸皮衣	1	6.李逵	02.上衣 - 李逵	09.裝飾型	1	04.GASH商城	5000	11018	6011018	6100000	6200000	4109010	3ditem_a_001	1	1	32	0	00.無	0		00.無	0	00.無	0				40000	0	222	0	0	0	0	0	
	11019	4000	1	1	1	0	1	1.可以交易；0.被PK不掉	1	0	野性獸皮褲	1	6.李逵	03.褲子 - 李逵	09.裝飾型	1	04.GASH商城	5000	11019	6011019	6100000	6200000	4109011	3ditem_a_001	1	1	32	0	00.無	0		00.無	0	00.無	0				40000	0	223	0	0	0	0	0	
	11020	4000	1	1	1	0	1	1.可以交易；0.被PK不掉	1	0	野性獸爪	1	6.李逵	04.武器 - 李逵	09.裝飾型	1	04.GASH商城	5000	11020	6011020	6100000	6200000	4109012	3ditem_a_001	1	1	32	0	00.無	0		00.無	0	00.無	0				50000	0	224	0	0	0	0	0	
	11021	4000	1	1	1	0	1	1.可以交易；0.被PK不掉	1	0	橄欖球頭盔	1	6.李逵	01.帽子 - 李逵	09.裝飾型	1	04.GASH商城	5000	11021	6011021	6100000	6200000	4109013	3ditem_a_001	1	1	32	0	00.無	0		00.無	0	00.無	0				30000	0	221	0	0	0	0	0	
	11022	4000	1	1	1	0	1	1.可以交易；0.被PK不掉	1	0	橄欖球護身具	1	6.李逵	02.上衣 - 李逵	09.裝飾型	1	04.GASH商城	5000	11022	6011022	6100000	6200000	4109014	3ditem_a_001	1	1	32	0	00.無	0		00.無	0	00.無	0				40000	0	222	0	0	0	0	0	
	11023	4000	1	1	1	0	1	1.可以交易；0.被PK不掉	1	0	橄欖球護襠具	1	6.李逵	03.褲子 - 李逵	09.裝飾型	1	04.GASH商城	5000	11023	6011023	6100000	6200000	4109015	3ditem_a_001	1	1	32	0	00.無	0		00.無	0	00.無	0				40000	0	223	0	0	0	0	0	
	11024	4000	1	1	1	0	1	1.可以交易；0.被PK不掉	1	0	橄欖球鐵棒	1	6.李逵	04.武器 - 李逵	09.裝飾型	1	04.GASH商城	5000	11024	6011024	6100000	6200000	4109016	3ditem_a_001	1	1	32	0	00.無	0		00.無	0	00.無	0				50000	0	224	0	0	0	0	0	
	11025	4000	1	1	1	0	0	1.可以交易；0.被PK不掉	1	0	機器人頭盔	1	6.李逵	01.帽子 - 李逵	09.裝飾型	1	04.GASH商城	5000	11025	6011025	6100000	6200000	4109957	3ditem_a_001	1	1	32	0	00.無	0		00.無	0	00.無	0				30000	0	221	0	0	0	0	0	
	11026	4000	1	1	1	0	0	1.可以交易；0.被PK不掉	1	0	機器人盔甲	1	6.李逵	02.上衣 - 李逵	09.裝飾型	1	04.GASH商城	5000	11026	6011026	6100000	6200000	4109958	3ditem_a_001	1	1	32	0	00.無	0		00.無	0	00.無	0				40000	0	222	0	0	0	0	0	
	11027	4000	1	1	1	0	0	1.可以交易；0.被PK不掉	1	0	機器人鞋	1	6.李逵	03.褲子 - 李逵	09.裝飾型	1	04.GASH商城	5000	11027	6011027	6100000	6200000	4109959	3ditem_a_001	1	1	32	0	00.無	0		00.無	0	00.無	0				40000	0	223	0	0	0	0	0	
	11028	4000	1	1	1	0	0	1.可以交易；0.被PK不掉	1	0	機器人發條	1	6.李逵	04.武器 - 李逵	09.裝飾型	1	04.GASH商城	5000	11028	6011028	6100000	6200000	4109960	3ditem_a_001	1	1	32	0	00.無	0		00.無	0	00.無	0				50000	0	224	0	0	0	0	0	
	12001	4000	1	1	1	0	1	1.可以交易；0.被PK不掉	1	0	街頭嘻哈頭巾	1	7.顧大嫂	01.帽子 - 顧大嫂	09.裝飾型	1	04.GASH商城	5000	12001	6012001	6100000	6200000	4110601	3ditem_a_001	1	1	64	0	00.無	0		00.無	0	00.無	0				30000	0	225	0	0	0	0	0	
	12002	4000	1	1	1	0	1	1.可以交易；0.被PK不掉	1	0	街頭嘻哈背心	1	7.顧大嫂	02.上衣 - 顧大嫂	09.裝飾型	1	04.GASH商城	5000	12002	6012002	6100000	6200000	4110602	3ditem_a_001	1	1	64	0	00.無	0		00.無	0	00.無	0				40000	0	226	0	0	0	0	0	
	12003	4000	1	1	1	0	1	1.可以交易；0.被PK不掉	1	0	街頭嘻哈布鞋	1	7.顧大嫂	03.褲子 - 顧大嫂	09.裝飾型	1	04.GASH商城	5000	12003	6012003	6100000	6200000	4110603	3ditem_a_001	1	1	64	0	00.無	0		00.無	0	00.無	0				40000	0	227	0	0	0	0	0	
	12004	4000	1	1	1	0	1	1.可以交易；0.被PK不掉	1	0	街頭嘻哈唱盤	1	7.顧大嫂	04.武器 - 顧大嫂	09.裝飾型	1	04.GASH商城	5000	12004	6012004	6100000	6200000	4110604	3ditem_a_001	1	1	64	0	00.無	0		00.無	0	00.無	0				50000	0	228	0	0	0	0	0	
	12005	4000	1	1	1	0	1	1.可以交易；0.被PK不掉	1	0	學生髮圈	1	7.顧大嫂	01.帽子 - 顧大嫂	09.裝飾型	1	04.GASH商城	5000	12005	6012005	6112005	6212005	4110605	3ditem_a_001	1	1	64	0	00.無	0		00.無	0	00.無	0				30000	0	225	0	0	0	0	0	
	12006	4000	1	1	1	0	1	1.可以交易；0.被PK不掉	1	0	學生制服	1	7.顧大嫂	02.上衣 - 顧大嫂	09.裝飾型	1	04.GASH商城	5000	12006	6012006	6112006	6212006	4110606	3ditem_a_001	1	1	64	0	00.無	0		00.無	0	00.無	0				40000	0	226	0	0	0	0	0	
	12007	4000	1	1	1	0	1	1.可以交易；0.被PK不掉	1	0	學生皮鞋	1	7.顧大嫂	03.褲子 - 顧大嫂	09.裝飾型	1	04.GASH商城	5000	12007	6012007	6112007	6212007	4110607	3ditem_a_001	1	1	64	0	00.無	0		00.無	0	00.無	0				40000	0	227	0	0	0	0	0	
	12008	4000	1	1	1	0	1	1.可以交易；0.被PK不掉	1	0	學生鋼筆	1	7.顧大嫂	04.武器 - 顧大嫂	09.裝飾型	1	04.GASH商城	5000	12008	6012008	6112008	6212008	4110608	3ditem_a_001	1	1	64	0	00.無	0		00.無	0	00.無	0				50000	0	228	0	0	0	0	0	
	12009	4000	1	1	1	0	1	1.可以交易；0.被PK不掉	1	0	聖誕小兔耳	1	7.顧大嫂	01.帽子 - 顧大嫂	09.裝飾型	1	04.GASH商城	5000	12009	6012009	6100000	6200000	4110637	3ditem_a_001	1	1	64	0	00.無	0		00.無	0	00.無	0				30000	0	225	0	0	0	0	0	
	12010	4000	1	1	1	0	1	1.可以交易；0.被PK不掉	1	0	聖誕小洋裝	1	7.顧大嫂	02.上衣 - 顧大嫂	09.裝飾型	1	04.GASH商城	5000	12010	6012010	6100000	6200000	4110638	3ditem_a_001	1	1	64	0	00.無	0		00.無	0	00.無	0				40000	0	226	0	0	0	0	0	
	12011	4000	1	1	1	0	1	1.可以交易；0.被PK不掉	1	0	聖誕小紅鞋	1	7.顧大嫂	03.褲子 - 顧大嫂	09.裝飾型	1	04.GASH商城	5000	12011	6012011	6100000	6200000	4110639	3ditem_a_001	1	1	64	0	00.無	0		00.無	0	00.無	0				40000	0	227	0	0	0	0	0	
	12012	4000	1	1	1	0	1	1.可以交易；0.被PK不掉	1	0	聖誕樹葉棒	1	7.顧大嫂	04.武器 - 顧大嫂	09.裝飾型	1	04.GASH商城	5000	12012	6012012	6100000	6200000	4110640	3ditem_a_001	1	1	64	0	00.無	0		00.無	0	00.無	0				50000	0	228	0	0	0	0	0	
	12013	4000	1	1	1	0	1	1.可以交易；0.被PK不掉	1	0	終結者頭罩	1	7.顧大嫂	01.帽子 - 顧大嫂	09.裝飾型	1	04.GASH商城	5000	12013	6012013	6100000	6200000	4110641	3ditem_a_001	1	1	64	0	00.無	0		00.無	0	00.無	0				30000	0	225	0	0	0	0	0	
	12014	4000	1	1	1	0	1	1.可以交易；0.被PK不掉	1	0	終結者皮衣	1	7.顧大嫂	02.上衣 - 顧大嫂	09.裝飾型	1	04.GASH商城	5000	12014	6012014	6100000	6200000	4110642	3ditem_a_001	1	1	64	0	00.無	0		00.無	0	00.無	0				40000	0	226	0	0	0	0	0	
	12015	4000	1	1	1	0	1	1.可以交易；0.被PK不掉	1	0	終結者皮靴	1	7.顧大嫂	03.褲子 - 顧大嫂	09.裝飾型	1	04.GASH商城	5000	12015	6012015	6100000	6200000	4110643	3ditem_a_001	1	1	64	0	00.無	0		00.無	0	00.無	0				40000	0	227	0	0	0	0	0	
	12016	4000	1	1	1	0	1	1.可以交易；0.被PK不掉	1	0	散彈槍狼牙棒	1	7.顧大嫂	04.武器 - 顧大嫂	09.裝飾型	1	04.GASH商城	5000	12016	6012016	6100000	6200000	4110644	3ditem_a_001	1	1	64	0	00.無	0		00.無	0	00.無	0				50000	0	228	0	0	0	0	0	
	12017	4000	1	1	1	0	1	1.可以交易；0.被PK不掉	1	0	黑寡婦頭巾	1	7.顧大嫂	01.帽子 - 顧大嫂	09.裝飾型	1	04.GASH商城	5000	12017	6012017	6100000	6200000	4110609	3ditem_a_001	1	1	64	0	00.無	0		00.無	0	00.無	0				30000	0	225	0	0	0	0	0	
	12018	4000	1	1	1	0	1	1.可以交易；0.被PK不掉	1	0	黑寡婦小禮服	1	7.顧大嫂	02.上衣 - 顧大嫂	09.裝飾型	1	04.GASH商城	5000	12018	6012018	6100000	6200000	4110610	3ditem_a_001	1	1	64	0	00.無	0		00.無	0	00.無	0				40000	0	226	0	0	0	0	0	
	12019	4000	1	1	1	0	1	1.可以交易；0.被PK不掉	1	0	黑寡婦鞋	1	7.顧大嫂	03.褲子 - 顧大嫂	09.裝飾型	1	04.GASH商城	5000	12019	6012019	6100000	6200000	4110611	3ditem_a_001	1	1	64	0	00.無	0		00.無	0	00.無	0				40000	0	227	0	0	0	0	0	
	12020	4000	1	1	1	0	1	1.可以交易；0.被PK不掉	1	0	黑寡婦骨棒	1	7.顧大嫂	04.武器 - 顧大嫂	09.裝飾型	1	04.GASH商城	5000	12020	6012020	6100000	6200000	4110612	3ditem_a_001	1	1	64	0	00.無	0		00.無	0	00.無	0				50000	0	228	0	0	0	0	0	
	12021	4000	1	1	1	0	1	1.可以交易；0.被PK不掉	1	0	綠葉頭巾	1	7.顧大嫂	01.帽子 - 顧大嫂	09.裝飾型	1	04.GASH商城	5000	12021	6012021	6100000	6200000	4110613	3ditem_a_001	1	1	64	0	00.無	0		00.無	0	00.無	0				30000	0	225	0	0	0	0	0	
	12022	4000	1	1	1	0	1	1.可以交易；0.被PK不掉	1	0	綠葉小禮服	1	7.顧大嫂	02.上衣 - 顧大嫂	09.裝飾型	1	04.GASH商城	5000	12022	6012022	6100000	6200000	4110614	3ditem_a_001	1	1	64	0	00.無	0		00.無	0	00.無	0				40000	0	226	0	0	0	0	0	
	12023	4000	1	1	1	0	1	1.可以交易；0.被PK不掉	1	0	綠葉涼鞋	1	7.顧大嫂	03.褲子 - 顧大嫂	09.裝飾型	1	04.GASH商城	5000	12023	6012023	6100000	6200000	4110615	3ditem_a_001	1	1	64	0	00.無	0		00.無	0	00.無	0				40000	0	227	0	0	0	0	0	
	12024	4000	1	1	1	0	1	1.可以交易；0.被PK不掉	1	0	綠葉芽棒	1	7.顧大嫂	04.武器 - 顧大嫂	09.裝飾型	1	04.GASH商城	5000	12024	6012024	6100000	6200000	4110616	3ditem_a_001	1	1	64	0	00.無	0		00.無	0	00.無	0				50000	0	228	0	0	0	0	0	
	12025	4000	1	1	1	0	1	1.可以交易；0.被PK不掉	1	0	埃及頭飾	1	7.顧大嫂	01.帽子 - 顧大嫂	09.裝飾型	1	04.GASH商城	5000	12025	6012025	6100000	6200000	4110617	3ditem_a_001	1	1	64	0	00.無	0		00.無	0	00.無	0				30000	0	225	0	0	0	0	0	
	12026	4000	1	1	1	0	1	1.可以交易；0.被PK不掉	1	0	埃及長衫	1	7.顧大嫂	02.上衣 - 顧大嫂	09.裝飾型	1	04.GASH商城	5000	12026	6012026	6100000	6200000	4110618	3ditem_a_001	1	1	64	0	00.無	0		00.無	0	00.無	0				40000	0	226	0	0	0	0	0	
	12027	4000	1	1	1	0	1	1.可以交易；0.被PK不掉	1	0	埃及涼鞋	1	7.顧大嫂	03.褲子 - 顧大嫂	09.裝飾型	1	04.GASH商城	5000	12027	6012027	6100000	6200000	4110619	3ditem_a_001	1	1	64	0	00.無	0		00.無	0	00.無	0				40000	0	227	0	0	0	0	0	
	12028	4000	1	1	1	0	1	1.可以交易；0.被PK不掉	1	0	埃及權杖	1	7.顧大嫂	04.武器 - 顧大嫂	09.裝飾型	1	04.GASH商城	5000	12028	6012028	6100000	6200000	4110620	3ditem_a_001	1	1	64	0	00.無	0		00.無	0	00.無	0				50000	0	228	0	0	0	0	0	
	12029	4000	1	1	1	0	1	1.可以交易；0.被PK不掉	1	0	曲棍藍帽	1	7.顧大嫂	01.帽子 - 顧大嫂	09.裝飾型	1	04.GASH商城	5000	12029	6012029	6100000	6200000	4110649	3ditem_a_001	1	1	64	0	00.無	0		00.無	0	00.無	0				30000	0	225	0	0	0	0	0	
	12030	4000	1	1	1	0	1	1.可以交易；0.被PK不掉	1	0	曲棍藍衣	1	7.顧大嫂	02.上衣 - 顧大嫂	09.裝飾型	1	04.GASH商城	5000	12030	6012030	6100000	6200000	4110650	3ditem_a_001	1	1	64	0	00.無	0		00.無	0	00.無	0				40000	0	226	0	0	0	0	0	
	12031	4000	1	1	1	0	1	1.可以交易；0.被PK不掉	1	0	曲棍藍鞋	1	7.顧大嫂	03.褲子 - 顧大嫂	09.裝飾型	1	04.GASH商城	5000	12031	6012031	6100000	6200000	4110651	3ditem_a_001	1	1	64	0	00.無	0		00.無	0	00.無	0				40000	0	227	0	0	0	0	0	
	12032	4000	1	1	1	0	1	1.可以交易；0.被PK不掉	1	0	藍色曲棍	1	7.顧大嫂	04.武器 - 顧大嫂	09.裝飾型	1	04.GASH商城	5000	12032	6012032	6100000	6200000	4110652	3ditem_a_001	1	1	64	0	00.無	0		00.無	0	00.無	0				50000	0	228	0	0	0	0	0	
	12033	4000	1	1	1	0	1	1.可以交易；0.被PK不掉	1	0	曲棍紅帽	1	7.顧大嫂	01.帽子 - 顧大嫂	09.裝飾型	1	04.GASH商城	5000	12033	6012033	6112005	6212005	4110653	3ditem_a_001	1	1	64	0	00.無	0		00.無	0	00.無	0				30000	0	225	0	0	0	0	0	
	12034	4000	1	1	1	0	1	1.可以交易；0.被PK不掉	1	0	曲棍白衣	1	7.顧大嫂	02.上衣 - 顧大嫂	09.裝飾型	1	04.GASH商城	5000	12034	6012034	6112006	6212006	4110654	3ditem_a_001	1	1	64	0	00.無	0		00.無	0	00.無	0				40000	0	226	0	0	0	0	0	
	12035	4000	1	1	1	0	1	1.可以交易；0.被PK不掉	1	0	曲棍紅鞋	1	7.顧大嫂	03.褲子 - 顧大嫂	09.裝飾型	1	04.GASH商城	5000	12035	6012035	6112007	6212007	4110655	3ditem_a_001	1	1	64	0	00.無	0		00.無	0	00.無	0				40000	0	227	0	0	0	0	0	
	12036	4000	1	1	1	0	1	1.可以交易；0.被PK不掉	1	0	白色曲棍	1	7.顧大嫂	04.武器 - 顧大嫂	09.裝飾型	1	04.GASH商城	5000	12036	6012036	6112008	6212008	4110656	3ditem_a_001	1	1	64	0	00.無	0		00.無	0	00.無	0				50000	0	228	0	0	0	0	0	
	12037	4000	1	1	1	0	1	1.可以交易；0.被PK不掉	1	0	美國足球衣	1	7.顧大嫂	02.上衣 - 顧大嫂	09.裝飾型	1	04.GASH商城	5000	12037	6012037	6100000	6200000	4111146	3ditem_a_001	1	1	64	0	00.無	0		00.無	0	00.無	0				40000	0	226	0	0	0	0	0	
	12038	4000	1	1	1	0	1	1.可以交易；0.被PK不掉	1	0	美國足球鞋	1	7.顧大嫂	03.褲子 - 顧大嫂	09.裝飾型	1	04.GASH商城	5000	12038	6012038	6100000	6200000	4111147	3ditem_a_001	1	1	64	0	00.無	0		00.無	0	00.無	0				40000	0	227	0	0	0	0	0	
	12039	4000	1	1	1	0	1	1.可以交易；0.被PK不掉	1	0	英國足球衣	1	7.顧大嫂	02.上衣 - 顧大嫂	09.裝飾型	1	04.GASH商城	5000	12039	6012039	6100000	6200000	4111150	3ditem_a_001	1	1	64	0	00.無	0		00.無	0	00.無	0				40000	0	226	0	0	0	0	0	
	12040	4000	1	1	1	0	1	1.可以交易；0.被PK不掉	1	0	英國足球鞋	1	7.顧大嫂	03.褲子 - 顧大嫂	09.裝飾型	1	04.GASH商城	5000	12040	6012040	6100000	6200000	4111151	3ditem_a_001	1	1	64	0	00.無	0		00.無	0	00.無	0				40000	0	227	0	0	0	0	0	
	12041	4000	1	1	1	0	1	1.可以交易；0.被PK不掉	1	0	法國足球衣	1	7.顧大嫂	02.上衣 - 顧大嫂	09.裝飾型	1	04.GASH商城	5000	12041	6012041	6100000	6200000	4111154	3ditem_a_001	1	1	64	0	00.無	0		00.無	0	00.無	0				40000	0	226	0	0	0	0	0	
	12042	4000	1	1	1	0	1	1.可以交易；0.被PK不掉	1	0	法國足球鞋	1	7.顧大嫂	03.褲子 - 顧大嫂	09.裝飾型	1	04.GASH商城	5000	12042	6012042	6100000	6200000	4111155	3ditem_a_001	1	1	64	0	00.無	0		00.無	0	00.無	0				40000	0	227	0	0	0	0	0	
	12043	4000	1	1	1	0	1	1.可以交易；0.被PK不掉	1	0	德國足球衣	1	7.顧大嫂	02.上衣 - 顧大嫂	09.裝飾型	1	04.GASH商城	5000	12043	6012043	6100000	6200000	4111158	3ditem_a_001	1	1	64	0	00.無	0		00.無	0	00.無	0				40000	0	226	0	0	0	0	0	
	12044	4000	1	1	1	0	1	1.可以交易；0.被PK不掉	1	0	德國足球鞋	1	7.顧大嫂	03.褲子 - 顧大嫂	09.裝飾型	1	04.GASH商城	5000	12044	6012044	6100000	6200000	4111159	3ditem_a_001	1	1	64	0	00.無	0		00.無	0	00.無	0				40000	0	227	0	0	0	0	0	
	12045	4000	1	1	1	0	1	1.可以交易；0.被PK不掉	1	0	澳大利亞足球衣	1	7.顧大嫂	02.上衣 - 顧大嫂	09.裝飾型	1	04.GASH商城	5000	12045	6012045	6100000	6200000	4111162	3ditem_a_001	1	1	64	0	00.無	0		00.無	0	00.無	0				40000	0	226	0	0	0	0	0	
	12046	4000	1	1	1	0	1	1.可以交易；0.被PK不掉	1	0	澳大利亞足球鞋	1	7.顧大嫂	03.褲子 - 顧大嫂	09.裝飾型	1	04.GASH商城	5000	12046	6012046	6100000	6200000	4111163	3ditem_a_001	1	1	64	0	00.無	0		00.無	0	00.無	0				40000	0	227	0	0	0	0	0	
	12047	4000	1	1	1	0	1	1.可以交易；0.被PK不掉	1	0	南非足球衣	1	7.顧大嫂	02.上衣 - 顧大嫂	09.裝飾型	1	04.GASH商城	5000	12047	6012047	6100000	6200000	4111166	3ditem_a_001	1	1	64	0	00.無	0		00.無	0	00.無	0				40000	0	226	0	0	0	0	0	
	12048	4000	1	1	1	0	1	1.可以交易；0.被PK不掉	1	0	南非足球鞋	1	7.顧大嫂	03.褲子 - 顧大嫂	09.裝飾型	1	04.GASH商城	5000	12048	6012048	6100000	6200000	4111167	3ditem_a_001	1	1	64	0	00.無	0		00.無	0	00.無	0				40000	0	227	0	0	0	0	0	
	12049	4000	1	1	1	0	1	1.可以交易；0.被PK不掉	1	0	紅色賽車安全帽	1	7.顧大嫂	01.帽子 - 顧大嫂	09.裝飾型	1	04.GASH商城	5000	12049	6012049	6100000	6200000	4111545	3ditem_a_001	1	1	64	0	00.無	0		00.無	0	00.無	0				30000	0	225	0	0	0	0	0	
	12050	4000	1	1	1	0	1	1.可以交易；0.被PK不掉	1	0	紅色賽車衣	1	7.顧大嫂	02.上衣 - 顧大嫂	09.裝飾型	1	04.GASH商城	5000	12050	6012050	6100000	6200000	4111546	3ditem_a_001	1	1	64	0	00.無	0		00.無	0	00.無	0				40000	0	226	0	0	0	0	0	
	12051	4000	1	1	1	0	1	1.可以交易；0.被PK不掉	1	0	紅色賽車鞋	1	7.顧大嫂	03.褲子 - 顧大嫂	09.裝飾型	1	04.GASH商城	5000	12051	6012051	6100000	6200000	4111547	3ditem_a_001	1	1	64	0	00.無	0		00.無	0	00.無	0				40000	0	227	0	0	0	0	0	
	12052	4000	1	1	1	0	1	1.可以交易；0.被PK不掉	1	0	紅色賽車手套	1	7.顧大嫂	04.武器 - 顧大嫂	09.裝飾型	1	04.GASH商城	5000	12052	6012052	6100000	6200000	4111548	3ditem_a_001	1	1	64	0	00.無	0		00.無	0	00.無	0				50000	0	228	0	0	0	0	0	
	12053	4000	1	1	1	0	1	1.可以交易；0.被PK不掉	1	0	黃色賽車安全帽	1	7.顧大嫂	01.帽子 - 顧大嫂	09.裝飾型	1	04.GASH商城	5000	12053	6012053	6100000	6200000	4111549	3ditem_a_001	1	1	64	0	00.無	0		00.無	0	00.無	0				30000	0	225	0	0	0	0	0	
	12054	4000	1	1	1	0	1	1.可以交易；0.被PK不掉	1	0	黃色賽車衣	1	7.顧大嫂	02.上衣 - 顧大嫂	09.裝飾型	1	04.GASH商城	5000	12054	6012054	6100000	6200000	4111550	3ditem_a_001	1	1	64	0	00.無	0		00.無	0	00.無	0				40000	0	226	0	0	0	0	0	
	12055	4000	1	1	1	0	1	1.可以交易；0.被PK不掉	1	0	黃色賽車鞋	1	7.顧大嫂	03.褲子 - 顧大嫂	09.裝飾型	1	04.GASH商城	5000	12055	6012055	6100000	6200000	4111551	3ditem_a_001	1	1	64	0	00.無	0		00.無	0	00.無	0				40000	0	227	0	0	0	0	0	
	12056	4000	1	1	1	0	1	1.可以交易；0.被PK不掉	1	0	黃色賽車手套	1	7.顧大嫂	04.武器 - 顧大嫂	09.裝飾型	1	04.GASH商城	5000	12056	6012056	6100000	6200000	4111552	3ditem_a_001	1	1	64	0	00.無	0		00.無	0	00.無	0				50000	0	228	0	0	0	0	0	
	12057	4000	1	1	1	0	1	1.可以交易；0.被PK不掉	1	0	泰拳頭巾	1	7.顧大嫂	01.帽子 - 顧大嫂	09.裝飾型	1	04.GASH商城	5000	12057	6012057	6100000	6200000	4111553	3ditem_a_001	1	1	64	0	00.無	0		00.無	0	00.無	0				30000	0	225	0	0	0	0	0	
	12058	4000	1	1	1	0	1	1.可以交易；0.被PK不掉	1	0	泰拳衣	1	7.顧大嫂	02.上衣 - 顧大嫂	09.裝飾型	1	04.GASH商城	5000	12058	6012058	6100000	6200000	4111554	3ditem_a_001	1	1	64	0	00.無	0		00.無	0	00.無	0				40000	0	226	0	0	0	0	0	
	12059	4000	1	1	1	0	1	1.可以交易；0.被PK不掉	1	0	泰拳繃帶腳	1	7.顧大嫂	03.褲子 - 顧大嫂	09.裝飾型	1	04.GASH商城	5000	12059	6012059	6100000	6200000	4111555	3ditem_a_001	1	1	64	0	00.無	0		00.無	0	00.無	0				40000	0	227	0	0	0	0	0	
	12060	4000	1	1	1	0	1	1.可以交易；0.被PK不掉	1	0	泰拳手套	1	7.顧大嫂	04.武器 - 顧大嫂	09.裝飾型	1	04.GASH商城	5000	12060	6012060	6100000	6200000	4111556	3ditem_a_001	1	1	64	0	00.無	0		00.無	0	00.無	0				50000	0	228	0	0	0	0	0	
	12061	4000	1	1	1	0	0	1.可以交易；0.被PK不掉	1	0	機器人頭盔	1	7.顧大嫂	01.帽子 - 顧大嫂	09.裝飾型	1	04.GASH商城	5000	12061	6012061	6100000	6200000	4111557	3ditem_a_001	1	1	64	0	00.無	0		00.無	0	00.無	0				30000	0	225	0	0	0	0	0	
	12062	4000	1	1	1	0	0	1.可以交易；0.被PK不掉	1	0	機器人盔甲	1	7.顧大嫂	02.上衣 - 顧大嫂	09.裝飾型	1	04.GASH商城	5000	12062	6012062	6100000	6200000	4111558	3ditem_a_001	1	1	64	0	00.無	0		00.無	0	00.無	0				40000	0	226	0	0	0	0	0	
	12063	4000	1	1	1	0	0	1.可以交易；0.被PK不掉	1	0	機器人鞋	1	7.顧大嫂	03.褲子 - 顧大嫂	09.裝飾型	1	04.GASH商城	5000	12063	6012063	6100000	6200000	4111559	3ditem_a_001	1	1	64	0	00.無	0		00.無	0	00.無	0				40000	0	227	0	0	0	0	0	
	12064	4000	1	1	1	0	0	1.可以交易；0.被PK不掉	1	0	機器人發條	1	7.顧大嫂	04.武器 - 顧大嫂	09.裝飾型	1	04.GASH商城	5000	12064	6012064	6100000	6200000	4111560	3ditem_a_001	1	1	64	0	00.無	0		00.無	0	00.無	0				50000	0	228	0	0	0	0	0	
	13001	4000	1	1	1	0	1	1.可以交易；0.被PK不掉	1	0	DJ爆炸頭	1	8.花榮	01.帽子 - 花榮	09.裝飾型	1	04.GASH商城	5000	13001	6013001	6100000	6200000	4112201	3ditem_a_001	1	1	128	0	00.無	0		00.無	0	00.無	0				30000	0	229	0	0	0	0	0	
	13002	4000	1	1	1	0	1	1.可以交易；0.被PK不掉	1	0	DJ面甲	1	8.花榮	02.上衣 - 花榮	09.裝飾型	1	04.GASH商城	5000	13002	6013002	6100000	6200000	4112202	3ditem_a_001	1	1	128	0	00.無	0		00.無	0	00.無	0				40000	0	230	0	0	0	0	0	
	13003	4000	1	1	1	0	1	1.可以交易；0.被PK不掉	1	0	DJ連身甲	1	8.花榮	03.褲子 - 花榮	09.裝飾型	1	04.GASH商城	5000	13003	6013003	6100000	6200000	4112203	3ditem_a_001	1	1	128	0	00.無	0		00.無	0	00.無	0				40000	0	231	0	0	0	0	0	
	13004	4000	1	1	1	0	1	1.可以交易；0.被PK不掉	1	0	DJ弓箭	1	8.花榮	04.武器 - 花榮	09.裝飾型	1	04.GASH商城	5000	13004	6013004	6100000	6200000	4112204	3ditem_a_001	1	1	128	0	00.無	0		00.無	0	00.無	0				50000	0	232	0	0	0	0	0	
	13005	4000	1	1	1	0	1	1.可以交易；0.被PK不掉	1	0	特警頭盔	1	8.花榮	01.帽子 - 花榮	09.裝飾型	1	04.GASH商城	5000	13005	6013005	6100000	6200000	4112205	3ditem_a_001	1	1	128	0	00.無	0		00.無	0	00.無	0				30000	0	229	0	0	0	0	0	
	13006	4000	1	1	1	0	1	1.可以交易；0.被PK不掉	1	0	特警面具	1	8.花榮	02.上衣 - 花榮	09.裝飾型	1	04.GASH商城	5000	13006	6013006	6100000	6200000	4112206	3ditem_a_001	1	1	128	0	00.無	0		00.無	0	00.無	0				40000	0	230	0	0	0	0	0	
	13007	4000	1	1	1	0	1	1.可以交易；0.被PK不掉	1	0	特警連身甲	1	8.花榮	03.褲子 - 花榮	09.裝飾型	1	04.GASH商城	5000	13007	6013007	6100000	6200000	4112207	3ditem_a_001	1	1	128	0	00.無	0		00.無	0	00.無	0				40000	0	231	0	0	0	0	0	
	13008	4000	1	1	1	0	1	1.可以交易；0.被PK不掉	1	0	特警弓箭	1	8.花榮	04.武器 - 花榮	09.裝飾型	1	04.GASH商城	5000	13008	6013008	6100000	6200000	4112208	3ditem_a_001	1	1	128	0	00.無	0		00.無	0	00.無	0				50000	0	232	0	0	0	0	0	
	13009	4000	1	1	1	0	1	1.可以交易；0.被PK不掉	1	0	薑餅屋頭盔	1	8.花榮	01.帽子 - 花榮	09.裝飾型	1	04.GASH商城	5000	13009	6013009	6100000	6200000	4112237	3ditem_a_001	1	1	128	0	00.無	0		00.無	0	00.無	0				30000	0	229	0	0	0	0	0	
	13010	4000	1	1	1	0	1	1.可以交易；0.被PK不掉	1	0	薑餅屋圍巾	1	8.花榮	02.上衣 - 花榮	09.裝飾型	1	04.GASH商城	5000	13010	6013010	6100000	6200000	4112238	3ditem_a_001	1	1	128	0	00.無	0		00.無	0	00.無	0				40000	0	230	0	0	0	0	0	
	13011	4000	1	1	1	0	1	1.可以交易；0.被PK不掉	1	0	薑餅屋連身甲	1	8.花榮	03.褲子 - 花榮	09.裝飾型	1	04.GASH商城	5000	13011	6013011	6100000	6200000	4112239	3ditem_a_001	1	1	128	0	00.無	0		00.無	0	00.無	0				40000	0	231	0	0	0	0	0	
	13012	4000	1	1	1	0	1	1.可以交易；0.被PK不掉	1	0	糖果弓箭	1	8.花榮	04.武器 - 花榮	09.裝飾型	1	04.GASH商城	5000	13012	6013012	6100000	6200000	4112240	3ditem_a_001	1	1	128	0	00.無	0		00.無	0	00.無	0				50000	0	232	0	0	0	0	0	
	13013	4000	1	1	1	0	1	1.可以交易；0.被PK不掉	1	0	服部面具	1	8.花榮	01.帽子 - 花榮	09.裝飾型	1	04.GASH商城	5000	13013	6013013	6100000	6200000	4112241	3ditem_a_001	1	1	128	0	00.無	0		00.無	0	00.無	0				30000	0	229	0	0	0	0	0	
	13014	4000	1	1	1	0	1	1.可以交易；0.被PK不掉	1	0	服部面甲	1	8.花榮	02.上衣 - 花榮	09.裝飾型	1	04.GASH商城	5000	13014	6013014	6100000	6200000	4112242	3ditem_a_001	1	1	128	0	00.無	0		00.無	0	00.無	0				40000	0	230	0	0	0	0	0	
	13015	4000	1	1	1	0	1	1.可以交易；0.被PK不掉	1	0	服部連身裝束	1	8.花榮	03.褲子 - 花榮	09.裝飾型	1	04.GASH商城	5000	13015	6013015	6100000	6200000	4112243	3ditem_a_001	1	1	128	0	00.無	0		00.無	0	00.無	0				40000	0	231	0	0	0	0	0	
	13016	4000	1	1	1	0	1	1.可以交易；0.被PK不掉	1	0	服部忍者弓箭	1	8.花榮	04.武器 - 花榮	09.裝飾型	1	04.GASH商城	5000	13016	6013016	6100000	6200000	4112244	3ditem_a_001	1	1	128	0	00.無	0		00.無	0	00.無	0				50000	0	232	0	0	0	0	0	
	13017	4000	1	1	1	0	1	1.可以交易；0.被PK不掉	1	0	陸戰鋼盔	1	8.花榮	01.帽子 - 花榮	09.裝飾型	1	04.GASH商城	5000	13017	6013017	6100000	6200000	4112209	3ditem_a_001	1	1	128	0	00.無	0		00.無	0	00.無	0				30000	0	229	0	0	0	0	0	
	13018	4000	1	1	1	0	1	1.可以交易；0.被PK不掉	1	0	陸戰面甲	1	8.花榮	02.上衣 - 花榮	09.裝飾型	1	04.GASH商城	5000	13018	6013018	6100000	6200000	4112210	3ditem_a_001	1	1	128	0	00.無	0		00.無	0	00.無	0				40000	0	230	0	0	0	0	0	
	13019	4000	1	1	1	0	1	1.可以交易；0.被PK不掉	1	0	陸戰防彈衣	1	8.花榮	03.褲子 - 花榮	09.裝飾型	1	04.GASH商城	5000	13019	6013019	6100000	6200000	4112211	3ditem_a_001	1	1	128	0	00.無	0		00.無	0	00.無	0				40000	0	231	0	0	0	0	0	
	13020	4000	1	1	1	0	1	1.可以交易；0.被PK不掉	1	0	陸戰弓箭	1	8.花榮	04.武器 - 花榮	09.裝飾型	1	04.GASH商城	5000	13020	6013020	6100000	6200000	4112212	3ditem_a_001	1	1	128	0	00.無	0		00.無	0	00.無	0				50000	0	232	0	0	0	0	0	
	13021	4000	1	1	1	0	0	1.可以交易；0.被PK不掉	1	0	機器人頭盔	1	8.花榮	01.帽子 - 花榮	09.裝飾型	1	04.GASH商城	5000	13021	6013021	6100000	6200000	4113157	3ditem_a_001	1	1	128	0	00.無	0		00.無	0	00.無	0				30000	0	229	0	0	0	0	0	
	13022	4000	1	1	1	0	0	1.可以交易；0.被PK不掉	1	0	機器人面甲	1	8.花榮	02.上衣 - 花榮	09.裝飾型	1	04.GASH商城	5000	13022	6013022	6100000	6200000	4113158	3ditem_a_001	1	1	128	0	00.無	0		00.無	0	00.無	0				40000	0	230	0	0	0	0	0	
	13023	4000	1	1	1	0	0	1.可以交易；0.被PK不掉	1	0	機器人連身甲	1	8.花榮	03.褲子 - 花榮	09.裝飾型	1	04.GASH商城	5000	13023	6013023	6100000	6200000	4113159	3ditem_a_001	1	1	128	0	00.無	0		00.無	0	00.無	0				40000	0	231	0	0	0	0	0	
	13024	4000	1	1	1	0	0	1.可以交易；0.被PK不掉	1	0	機器人弓箭	1	8.花榮	04.武器 - 花榮	09.裝飾型	1	04.GASH商城	5000	13024	6013024	6100000	6200000	4113160	3ditem_a_001	1	1	128	0	00.無	0		00.無	0	00.無	0				50000	0	232	0	0	0	0	0	
# 任務道具類2-0001 ~ 3-0000（可以重複取得的能賣掉）																																															
	20001	4000	1	0	1	0	0	0.不可交易；0.被PK不掉	0	0	檜木輪	1	0.全角色	22.限定任務收集道具	04.白	1	07.怪物掉寶			5020001	5300000	5500000	1100120	3ditem_d_001	999	1	-1	0	00.無	0		00.無	0	00.無	0				0	0	102	0	0	0	0	0	
#	20002	4000	0	0	1	0	0	0.不可交易；0.被PK不掉	0	0	阿旺的10萬銀票	1	0.全角色	22.限定任務收集道具	04.白	1	07.怪物掉寶			5020002	5320002	5520002	1100001	3ditem_d_001	1	1	-1	0	00.無	0		00.無	0	00.無	0				0	0	102	0	0	0	0	0	
#	20003	4000	0	0	1	0	0	0.不可交易；0.被PK不掉	0	0	來福的10萬銀票	1	0.全角色	22.限定任務收集道具	04.白	1	07.怪物掉寶			5020003	5320003	5520003	1100002	3ditem_d_001	1	1	-1	0	00.無	0		00.無	0	00.無	0				0	0	102	0	0	0	0	0	
	20004	4000	1	0	1	0	0	0.不可交易；0.被PK不掉	0	0	傳家寶玉	1	0.全角色	22.限定任務收集道具	04.白	1	07.怪物掉寶			5020004	5320004	5500000	1100069	3ditem_d_001	999	1	-1	0	00.無	0		00.無	0	00.無	0				0	0	102	0	0	0	0	0	
	20005	4000	1	0	1	0	0	0.不可交易；0.被PK不掉	0	0	蘿蔔	1	0.全角色	22.限定任務收集道具	04.白	1	07.怪物掉寶			5020005	5320005	5500000	1100068	3ditem_d_001	999	1	-1	0	00.無	0		00.無	0	00.無	0				0	0	102	0	0	0	0	0	
#	20006	4000	0	0	1	0	0	0.不可交易；0.被PK不掉	0	0	村長求救信件	1	0.全角色	22.限定任務收集道具	04.白	1	07.怪物掉寶			5020006	5320006	5520006	1100005	3ditem_d_001	1	1	-1	0	00.無	0		00.無	0	00.無	0				0	0	102	0	0	0	0	0	
	20007	4000	1	0	1	0	0	0.不可交易；0.被PK不掉	0	0	熱包子	1	0.全角色	22.限定任務收集道具	04.白	1	07.怪物掉寶			5020007	5320007	5520007	1100070	3ditem_d_001	999	1	-1	0	00.無	0		00.無	0	00.無	0				0	0	102	0	0	0	0	0	
	20008	4000	1	1	1	1	0	1.可以交易；1.被PK會掉	1	1	鎮虎符	1	0.全角色	23.一般可交易任務道具	04.白	1	07.怪物掉寶	8000	2011002	5020008	5320008	5520008	1100117	3ditem_b_001	999	1	-1	0	00.無	0		00.無	0	00.無	0				0	30	103	1	0	0	0	0	
	20009	4000	1	1	1	1	0	1.可以交易；1.被PK會掉	1	1	零件1：砲管	1	0.全角色	23.一般可交易任務道具	04.白	1	07.怪物掉寶			5020009	5320009	5520009	1100118	3ditem_d_001	999	1	-1	0	00.無	0		00.無	0	00.無	0				0	30	103	0	0	0	0	0	
	20010	4000	1	1	1	1	0	1.可以交易；1.被PK會掉	1	1	零件2：砲座	1	0.全角色	23.一般可交易任務道具	04.白	1	07.怪物掉寶			5020010	5320010	5520010	1100119	3ditem_d_001	999	1	-1	0	00.無	0		00.無	0	00.無	0				0	30	103	0	0	0	0	0	
	20011	4000	1	1	1	1	0	1.可以交易；1.被PK會掉	1	1	零件3：輪子	1	0.全角色	23.一般可交易任務道具	04.白	1	07.怪物掉寶			5020011	5320011	5520011	1100120	3ditem_d_001	999	1	-1	0	00.無	0		00.無	0	00.無	0				0	30	103	0	0	0	0	0	
	20012	4000	1	1	1	1	0	1.可以交易；1.被PK會掉	1	1	零件4：底盤	1	0.全角色	23.一般可交易任務道具	04.白	1	07.怪物掉寶			5020012	5320012	5520012	1100121	3ditem_d_001	999	1	-1	0	00.無	0		00.無	0	00.無	0				0	30	103	0	0	0	0	0	
	20013	4000	1	1	1	1	0	1.可以交易；1.被PK會掉	1	1	零件5：履帶	1	0.全角色	23.一般可交易任務道具	04.白	1	07.怪物掉寶			5020013	5320013	5520013	1100122	3ditem_d_001	999	1	-1	0	00.無	0		00.無	0	00.無	0				0	30	103	0	0	0	0	0	
	20014	4000	1	1	1	1	0	1.可以交易；1.被PK會掉	1	1	零件6：傳動軸	1	0.全角色	23.一般可交易任務道具	04.白	1	07.怪物掉寶			5020014	5320014	5520014	1100123	3ditem_d_001	999	1	-1	0	00.無	0		00.無	0	00.無	0				0	30	103	0	0	0	0	0	
	20015	4000	1	1	1	1	0	1.可以交易；1.被PK會掉	1	1	零件7：瞄準器	1	0.全角色	23.一般可交易任務道具	04.白	1	07.怪物掉寶			5020015	5320015	5520015	1100124	3ditem_d_001	999	1	-1	0	00.無	0		00.無	0	00.無	0				0	30	103	0	0	0	0	0	
	20016	4000	1	0	1	0	0	0.不可交易；0.被PK不掉	0	0	捕兔繩索	1	0.全角色	22.限定任務收集道具	04.白	1	07.怪物掉寶			5020016	5320016	5520016	1100105	3ditem_d_001	1	1	-1	0	00.無	0		00.無	0	00.無	0				0	0	102	0	0	0	0	0	
	20017	4000	1	0	1	0	0	0.不可交易；0.被PK不掉	0	0	偽裝眼鏡	1	0.全角色	22.限定任務收集道具	04.白	1	07.怪物掉寶			5020017	5320017	5520017	1100125	3ditem_d_001	999	1	-1	0	00.無	0		00.無	0	00.無	0				0	30	102	0	0	0	0	0	
	20018	4000	1	0	0	0	0	0.不可交易；0.被PK不掉	0	0	墨汁	1	0.全角色	21.接取任務用道具	04.白	1	07.怪物掉寶			5020018	5320018	5520018	1100071	3ditem_d_001	1	1	-1	0	00.無	0		00.無	0	00.無	0				0	0	101	0	0	0	0	0	
	20019	4000	1	0	0	0	0	0.不可交易；0.被PK不掉	0	0	紙	1	0.全角色	21.接取任務用道具	04.白	1	07.怪物掉寶			5020019	5320019	5520019	1100097	3ditem_d_001	1	1	-1	0	00.無	0		00.無	0	00.無	0				0	0	101	0	0	0	0	0	
	20020	4000	1	0	0	0	0	0.不可交易；0.被PK不掉	0	0	筆	1	0.全角色	21.接取任務用道具	04.白	1	07.怪物掉寶			5020020	5320020	5520020	1100072	3ditem_d_001	1	1	-1	0	00.無	0		00.無	0	00.無	0				0	0	101	0	0	0	0	0	
	20021	4000	1	0	1	0	0	0.不可交易；0.被PK不掉	0	0	樹膠	1	0.全角色	22.限定任務收集道具	04.白	1	07.怪物掉寶			5020021	5320021	5520021	1100126	3ditem_d_001	20	1	-1	0	00.無	0		00.無	0	00.無	0				0	30	102	0	0	0	0	0	
	20022	4000	1	0	1	0	0	0.不可交易；0.被PK不掉	0	0	薄荷	1	0.全角色	22.限定任務收集道具	04.白	1	07.怪物掉寶			5020022	5320022	5520022	1100127	3ditem_d_001	20	1	-1	0	00.無	0		00.無	0	00.無	0				0	30	102	0	0	0	0	0	
	20023	4000	1	0	1	0	0	0.不可交易；0.被PK不掉	0	0	口香糖	1	0.全角色	22.限定任務收集道具	04.白	1	07.怪物掉寶			5020023	5320023	5520023	1100128	3ditem_d_001	1	1	-1	0	00.無	0		00.無	0	00.無	0				0	30	102	0	0	0	0	0	
	20024	4000	1	0	1	0	0	0.不可交易；0.被PK不掉	0	0	蠍王解毒劑	1	0.全角色	22.限定任務收集道具	04.白	1	07.怪物掉寶			5020024	5320024	5520024	1100073	3ditem_d_001	1	1	-1	0	00.無	0		00.無	0	00.無	0				0	0	102	0	0	0	0	0	
	20025	4000	1	0	1	0	0	0.不可交易；0.被PK不掉	0	0	生髮水原料	1	0.全角色	22.限定任務收集道具	04.白	1	07.怪物掉寶			5020025	5320025	5520025	1100074	3ditem_d_001	999	1	-1	0	00.無	0		00.無	0	00.無	0				0	0	102	0	0	0	0	0	
	20026	4000	1	0	1	0	0	0.不可交易；0.被PK不掉	0	0	神秘配料	1	0.全角色	22.限定任務收集道具	04.白	1	07.怪物掉寶			5020026	5320026	5520026	1100075	3ditem_d_001	999	1	-1	0	00.無	0		00.無	0	00.無	0				0	0	102	0	0	0	0	0	
	20027	4000	1	0	1	0	0	0.不可交易；0.被PK不掉	0	0	西瓜	1	0.全角色	22.限定任務收集道具	04.白	1	07.怪物掉寶			5020027	5320027	5520027	1100076	3ditem_d_001	999	1	-1	0	00.無	0		00.無	0	00.無	0				0	0	102	0	0	0	0	0	
	20028	4000	1	0	1	0	0	0.不可交易；0.被PK不掉	0	0	仙人掌冠	1	0.全角色	22.限定任務收集道具	04.白	1	07.怪物掉寶			5020028	5320028	5520028	1100066	3ditem_d_001	50	1	-1	0	00.無	0		00.無	0	00.無	0				0	1	102	0	0	0	0	0	
	20029	4000	1	0	0	0	0	0.不可交易；0.被PK不掉	0	0	解你毒3000	1	0.全角色	21.接取任務用道具	04.白	1	07.怪物掉寶			5020029	5320029	5520029	1100073	3ditem_d_001	1	1	-1	0	00.無	0		00.無	0	00.無	0				0	0	101	0	0	0	0	0	
# 守護神寶盒與鑰匙					1																																										
	20030	4000	1	1	1	1	0	0.不可交易；0.被PK不掉	0	0	星光寶盒	1	0.全角色	24.開寶箱道具	07.紫	4	05.任務獎賞	8000	2011003	5020030	5320030	5500000	1100080	3ditem_a_001	999	1	-1	0	00.無	0		00.無	0	00.無	0				0	50	104	0	0	0	0	0	
	20031	4000	1	1	1	0	0	1.可以交易；0.被PK不掉	1	0	星光寶盒磁石	1	0.全角色	24.開寶箱道具	07.紫	4	04.GASH商城			5020031	5320031	5520031	1100079	3ditem_d_001	999	1	-1	0	00.無	0		00.無	0	00.無	0				5000	0	104	0	0	0	0	0	
	20032	4000	1	1	1	1	0	0.不可交易；0.被PK不掉	0	0	祝福寶盒	1	0.全角色	24.開寶箱道具	07.紫	4	05.任務獎賞	8000	2011004	5020032	5320032	5500000	1100080	3ditem_a_001	999	1	-1	0	00.無	0		00.無	0	00.無	0				0	50	104	0	0	0	0	0	
	20033	4000	1	1	1	0	0	1.可以交易；0.被PK不掉	1	0	祝福寶盒磁石	1	0.全角色	24.開寶箱道具	07.紫	4	04.GASH商城			5020033	5320033	5520031	1100079	3ditem_d_001	999	1	-1	0	00.無	0		00.無	0	00.無	0				5000	0	104	0	0	0	0	0	
	20034	4000	1	1	1	1	0	0.不可交易；0.被PK不掉	0	0	希望寶盒	1	0.全角色	24.開寶箱道具	07.紫	4	05.任務獎賞	8000	2011005	5020034	5320034	5500000	1100080	3ditem_a_001	999	1	-1	0	00.無	0		00.無	0	00.無	0				0	50	104	0	0	0	0	0	
	20035	4000	1	1	1	0	0	1.可以交易；0.被PK不掉	1	0	希望寶盒磁石	1	0.全角色	24.開寶箱道具	07.紫	4	04.GASH商城			5020035	5320035	5520031	1100079	3ditem_d_001	999	1	-1	0	00.無	0		00.無	0	00.無	0				5000	0	104	0	0	0	0	0	
# 守護神任務供品與香包					1																																										
#	20036	4000	1	1	1	0	0	1.可以交易；0.被PK不掉	1	0	普通供品組	1	0.全角色	20.商城道具	07.紫	4	04.GASH商城			5020036	5320036	5520031	1100077	3ditem_a_001	999	1	-1	0	00.無	0		00.無	0	00.無	0				5000	0	11	0	0	0	0	0	
#	20037	4000	1	1	1	0	0	1.可以交易；0.被PK不掉	1	0	棧香	1	0.全角色	20.商城道具	07.紫	4	04.GASH商城			5020037	5320037	5520031	1100078	3ditem_d_001	999	1	-1	0	00.無	0		00.無	0	00.無	0				5000	0	11	0	0	0	0	0	
#	20038	4000	1	1	1	0	0	1.可以交易；0.被PK不掉	1	0	高級供品組	1	0.全角色	20.商城道具	07.紫	4	04.GASH商城			5020038	5320038	5520031	1100077	3ditem_a_001	999	1	-1	0	00.無	0		00.無	0	00.無	0				5000	0	11	0	0	0	0	0	
#	20039	4000	1	1	1	0	0	1.可以交易；0.被PK不掉	1	0	沉香	1	0.全角色	20.商城道具	07.紫	4	04.GASH商城			5020039	5320039	5520031	1100078	3ditem_d_001	999	1	-1	0	00.無	0		00.無	0	00.無	0				5000	0	11	0	0	0	0	0	
#	20040	4000	1	1	1	0	0	1.可以交易；0.被PK不掉	1	0	特級供品組	1	0.全角色	20.商城道具	07.紫	4	04.GASH商城			5020040	5320040	5520031	1100077	3ditem_a_001	999	1	-1	0	00.無	0		00.無	0	00.無	0				5000	0	11	0	0	0	0	0	
#	20041	4000	1	1	1	0	0	1.可以交易；0.被PK不掉	1	0	伽楠香	1	0.全角色	20.商城道具	07.紫	4	04.GASH商城			5020041	5320041	5520031	1100078	3ditem_d_001	999	1	-1	0	00.無	0		00.無	0	00.無	0				5000	0	11	0	0	0	0	0	
# 任務道具類2-0001 ~ 3-0000（可以重複取得的能賣掉）					1																																										
	20042	4000	1	1	1	1	0	1.可以交易；1.被PK會掉	1	1	鞭炮	1	0.全角色	23.一般可交易任務道具	03.灰	0	07.怪物掉寶			5020042	5300000	5520035	1100612	3ditem_d_001	999	1	-1	0	00.無	0		00.無	0	00.無	0				0	160	103	0	0	0	0	0	
	20043	4000	1	0	1	0	0	0.不可交易；0.被PK不掉	0	0	海咪咪的鞭炮	1	0.全角色	22.限定任務收集道具	04.白	1	07.怪物掉寶			5020043	5300000	5520036	1100612	3ditem_d_001	999	1	-1	0	00.無	0		00.無	0	00.無	0				0	0	102	0	0	0	0	0	
	20044	4000	1	0	1	0	0	0.不可交易；0.被PK不掉	0	0	黃金喵的鞭炮	1	0.全角色	22.限定任務收集道具	04.白	1	07.怪物掉寶			5020044	5300000	5520037	1100612	3ditem_d_001	999	1	-1	0	00.無	0		00.無	0	00.無	0				0	0	102	0	0	0	0	0	
	20045	4000	1	1	1	1	0	1.可以交易；1.被PK會掉	1	1	甜死人冰淇淋	1	0.全角色	23.一般可交易任務道具	03.灰	0	07.怪物掉寶			5020045	5300000	5520038	1100682	3ditem_d_001	999	1	-1	0	00.無	0		00.無	0	00.無	0				0	160	103	0	0	0	0	0	
	20046	4000	1	0	1	0	0	0.不可交易；0.被PK不掉	0	0	黑暗藥劑	1	0.全角色	22.限定任務收集道具	04.白	1	07.怪物掉寶			5020046	5320046	5520046	1100098	3ditem_d_001	1	1	-1	0	00.無	0		00.無	0	00.無	0				0	0	102	0	0	0	0	0	
	20047	4000	1	0	0	0	0	0.不可交易；0.被PK不掉	0	0	覺醒藥劑	1	0.全角色	21.接取任務用道具	04.白	1	07.怪物掉寶			5020047	5320047	5520047	1100532	3ditem_d_001	1	1	-1	0	00.無	0		00.無	0	00.無	0				0	0	101	0	0	0	0	0	
	20048	4000	1	0	1	0	0	0.不可交易；0.被PK不掉	0	0	變異植物樣本	1	0.全角色	22.限定任務收集道具	04.白	1	07.怪物掉寶			5020048	5300000	5520048	1100103	3ditem_d_001	999	1	-1	0	00.無	0		00.無	0	00.無	0				0	0	102	0	0	0	0	0	
	20049	4000	1	0	1	0	0	0.不可交易；0.被PK不掉	0	0	熱帶植物樣本	1	0.全角色	22.限定任務收集道具	04.白	1	07.怪物掉寶			5020049	5300000	5520049	1100103	3ditem_d_001	999	1	-1	0	00.無	0		00.無	0	00.無	0				0	0	102	0	0	0	0	0	
	20050	4000	1	0	1	0	0	0.不可交易；0.被PK不掉	0	0	蘿蔔	1	0.全角色	22.限定任務收集道具	04.白	1	07.怪物掉寶			5020050	5300000	5300000	1100068	3ditem_d_001	20	1	-1	0	00.無	0		00.無	0	00.無	0				0	0	102	0	0	0	0	0	
	20051	4000	1	0	1	0	0	0.不可交易；0.被PK不掉	0	0	藥草	1	0.全角色	22.限定任務收集道具	04.白	1	07.怪物掉寶			5020051	5300000	5520050	1100103	3ditem_d_001	999	1	-1	0	00.無	0		00.無	0	00.無	0				0	0	102	0	0	0	0	0	
	20052	4000	1	0	0	0	0	0.不可交易；0.被PK不掉	0	0	空瓶子	1	0.全角色	21.接取任務用道具	04.白	1	07.怪物掉寶			5020052	5300000	5520051	1100189	3ditem_d_001	999	1	-1	0	00.無	0		00.無	0	00.無	0				0	0	101	0	0	0	0	0	
	20053	4000	1	0	1	0	0	0.不可交易；0.被PK不掉	0	0	臭氣丸精華	1	0.全角色	22.限定任務收集道具	04.白	1	07.怪物掉寶			5020053	5300000	5520052	1100532	3ditem_d_001	999	1	-1	0	00.無	0		00.無	0	00.無	0				0	0	102	0	0	0	0	0	
	20054	4000	1	0	0	0	0	0.不可交易；0.被PK不掉	0	0	芳香劑	1	0.全角色	21.接取任務用道具	04.白	1	07.怪物掉寶	8000	2011031	5020054	5300000	5520053	1100191	3ditem_d_001	999	1	-1	0	00.無	0		00.無	0	00.無	0				0	0	101	0	0	0	0	0	
	20055	4000	1	0	1	0	0	0.不可交易；0.被PK不掉	0	0	砲砲龍盔	1	0.全角色	22.限定任務收集道具	04.白	1	07.怪物掉寶			5020055	5300000	5500000	1100535	3ditem_d_001	10	1	-1	0	00.無	0		00.無	0	00.無	0				0	0	102	1	0	0	0	0	
	20056	4000	1	0	0	0	0	0.不可交易；0.被PK不掉	0	0	底盤半成品	1	0.全角色	21.接取任務用道具	04.白	1	07.怪物掉寶	8000	2011006	5020056	5300000	5500000	1100121	3ditem_d_001	1	1	-1	0	00.無	0		00.無	0	00.無	0				0	0	101	1	0	0	0	0	
	20057	4000	1	0	0	0	0	0.不可交易；0.被PK不掉	0	0	承載輪	1	0.全角色	21.接取任務用道具	04.白	1	07.怪物掉寶	8000	2011007	5020057	5300000	5500000	1100120	3ditem_d_001	1	1	-1	0	00.無	0		00.無	0	00.無	0				0	0	101	1	0	0	0	0	
	20058	4000	1	0	0	0	0	0.不可交易；0.被PK不掉	0	0	傳動系統	1	0.全角色	21.接取任務用道具	04.白	1	07.怪物掉寶	8000	2011008	5020058	5300000	5500000	1100123	3ditem_d_001	1	1	-1	0	00.無	0		00.無	0	00.無	0				0	0	101	1	0	0	0	0	
	20059	4000	1	0	0	0	0	0.不可交易；0.被PK不掉	0	0	履帶半成品	1	0.全角色	21.接取任務用道具	04.白	1	07.怪物掉寶	8000	2011009	5020059	5300000	5500000	1100122	3ditem_d_001	1	1	-1	0	00.無	0		00.無	0	00.無	0				0	0	101	1	0	0	0	0	
	20060	4000	1	0	1	0	0	0.不可交易；0.被PK不掉	0	0	優質紅蘿蔔	1	0.全角色	22.限定任務收集道具	04.白	1	07.怪物掉寶			5020060	5300000	5500000	1100068	3ditem_d_001	999	1	-1	0	00.無	0		00.無	0	00.無	0				0	0	102	0	0	0	0	0	
	20061	4000	1	0	1	0	0	0.不可交易；0.被PK不掉	0	0	大蘿蔔	1	0.全角色	22.限定任務收集道具	04.白	1	07.怪物掉寶			5020061	5300000	5500000	1100068	3ditem_d_001	999	1	-1	0	00.無	0		00.無	0	00.無	0				0	0	102	0	0	0	0	0	
	20062	4000	1	0	1	0	0	0.不可交易；0.被PK不掉	0	0	禦寒大衣	1	0.全角色	22.限定任務收集道具	04.白	1	07.怪物掉寶			5020062	5300000	5500000	1100536	3ditem_d_001	50	1	-1	0	00.無	0		00.無	0	00.無	0				0	0	102	0	0	0	0	0	
	20063	4000	1	0	1	0	0	0.不可交易；0.被PK不掉	0	0	涼爽夏裝	1	0.全角色	22.限定任務收集道具	04.白	1	07.怪物掉寶			5020063	5300000	5500000	1100537	3ditem_d_001	30	1	-1	0	00.無	0		00.無	0	00.無	0				0	0	102	0	0	0	0	0	
	20064	4000	1	0	1	0	0	0.不可交易；0.被PK不掉	0	0	溫暖帳篷	1	0.全角色	22.限定任務收集道具	04.白	1	07.怪物掉寶			5020064	5300000	5500000	1100538	3ditem_d_001	60	1	-1	0	00.無	0		00.無	0	00.無	0				0	0	102	0	0	0	0	0	
	20065	4000	1	0	1	0	0	0.不可交易；0.被PK不掉	0	0	高級球鞋	1	0.全角色	22.限定任務收集道具	04.白	1	07.怪物掉寶			5020065	5300000	5500000	1100539	3ditem_d_001	40	1	-1	0	00.無	0		00.無	0	00.無	0				0	0	102	0	0	0	0	0	
	20066	4000	1	0	0	0	0	0.不可交易；0.被PK不掉	0	0	星光信物	1	0.全角色	21.接取任務用道具	04.白	1	07.怪物掉寶			5020066	5320066	5500000	1100067	3ditem_d_001	1	1	-1	0	00.無	0		00.無	0	00.無	0				0	0	101	0	0	0	0	0	
	20067	4000	1	0	0	0	0	0.不可交易；0.被PK不掉	0	0	祝福信物	1	0.全角色	21.接取任務用道具	04.白	1	07.怪物掉寶			5020067	5320067	5500000	1100067	3ditem_d_001	1	1	-1	0	00.無	0		00.無	0	00.無	0				0	0	101	0	0	0	0	0	
	20068	4000	1	0	0	0	0	0.不可交易；0.被PK不掉	0	0	希望信物	1	0.全角色	21.接取任務用道具	04.白	1	07.怪物掉寶			5020068	5320068	5500000	1100067	3ditem_d_001	1	1	-1	0	00.無	0		00.無	0	00.無	0				0	0	101	0	0	0	0	0	
	20069	4000	1	0	1	0	0	0.不可交易；0.被PK不掉	0	0	營養蘿蔔	1	0.全角色	22.限定任務收集道具	04.白	1	07.怪物掉寶			5020069	5320069	5500000	1100546	3ditem_d_001	30	1	-1	0	00.無	0		00.無	0	00.無	0				0	0	102	0	0	0	0	0	
	20070	4000	1	0	1	0	0	0.不可交易；0.被PK不掉	0	0	營養香蕉	1	0.全角色	22.限定任務收集道具	04.白	1	07.怪物掉寶			5020070	5320069	5500000	1100540	3ditem_d_001	40	1	-1	0	00.無	0		00.無	0	00.無	0				0	0	102	0	0	0	0	0	
	20071	4000	1	0	1	0	0	0.不可交易；0.被PK不掉	0	0	營養鳳梨	1	0.全角色	22.限定任務收集道具	04.白	1	07.怪物掉寶			5020071	5320069	5500000	1100541	3ditem_d_001	50	1	-1	0	00.無	0		00.無	0	00.無	0				0	0	102	0	0	0	0	0	
	20072	4000	1	0	1	0	0	0.不可交易；0.被PK不掉	0	0	營養葡萄	1	0.全角色	22.限定任務收集道具	04.白	1	07.怪物掉寶			5020072	5320069	5500000	1100542	3ditem_d_001	60	1	-1	0	00.無	0		00.無	0	00.無	0				0	0	102	0	0	0	0	0	
#任務道具類 彈珠換裝備任務																																															
	20073	4000	1	1	1	1	0	0.不可交易；0.被PK不掉	0	0	藍色彈珠	25	0.全角色	23.一般可交易任務道具	06.藍	3	07.怪物掉寶			5020073	5320073	5520073	1100129	3ditem_d_001	999	1	-1	0	00.無	0		00.無	0	00.無	0				0	1	21	0	0	0	0	0	
	20074	4000	1	1	1	1	0	0.不可交易；0.被PK不掉	0	0	綠色彈珠	35	0.全角色	23.一般可交易任務道具	06.藍	3	07.怪物掉寶			5020074	5320074	5520073	1100130	3ditem_d_001	999	1	-1	0	00.無	0		00.無	0	00.無	0				0	1	21	0	0	0	0	0	
	20075	4000	1	1	1	1	0	0.不可交易；0.被PK不掉	0	0	黃色彈珠	45	0.全角色	23.一般可交易任務道具	06.藍	3	07.怪物掉寶			5020075	5320075	5520073	1100131	3ditem_d_001	999	1	-1	0	00.無	0		00.無	0	00.無	0				0	1	21	0	0	0	0	0	
	20076	4000	1	1	1	1	0	0.不可交易；0.被PK不掉	0	0	紅色彈珠	55	0.全角色	23.一般可交易任務道具	06.藍	3	07.怪物掉寶			5020076	5320076	5520073	1100132	3ditem_d_001	999	1	-1	0	00.無	0		00.無	0	00.無	0				0	1	21	0	0	0	0	0	
	20077	4000	1	1	1	0	0	0.不可交易；0.被PK不掉	0	0	藍色的天空之盒	25	0.全角色	24.開寶箱道具	06.藍	3	12.收集品交換	8000	2011011	5020077	5320077	5520077	1100145	3ditem_a_001	1	1	-1	0	00.無	0		00.無	0	00.無	0				1	0	104	1	0	0	0	0	
	20078	4000	1	1	1	0	0	0.不可交易；0.被PK不掉	0	0	藍色的海洋之盒	25	0.全角色	24.開寶箱道具	06.藍	3	12.收集品交換	8000	2011012	5020078	5320078	5520077	1100146	3ditem_a_001	1	1	-1	0	00.無	0		00.無	0	00.無	0				1	0	104	1	0	0	0	0	
	20079	4000	1	1	1	0	0	0.不可交易；0.被PK不掉	0	0	藍色的大地之盒	25	0.全角色	24.開寶箱道具	06.藍	3	12.收集品交換	8000	2011013	5020079	5320079	5520077	1100147	3ditem_a_001	1	1	-1	0	00.無	0		00.無	0	00.無	0				1	0	104	1	0	0	0	0	
	20080	4000	1	1	1	0	0	0.不可交易；0.被PK不掉	0	0	藍色的生命之盒	25	0.全角色	24.開寶箱道具	06.藍	3	12.收集品交換	8000	2011014	5020080	5320080	5520077	1100148	3ditem_a_001	1	1	-1	0	00.無	0		00.無	0	00.無	0				1	0	104	1	0	0	0	0	
	20081	4000	1	1	1	0	0	0.不可交易；0.被PK不掉	0	0	綠色的天空之盒	35	0.全角色	24.開寶箱道具	06.藍	3	12.收集品交換	8000	2011015	5020081	5320081	5520081	1100149	3ditem_a_001	1	1	-1	0	00.無	0		00.無	0	00.無	0				1	0	104	1	0	0	0	0	
	20082	4000	1	1	1	0	0	0.不可交易；0.被PK不掉	0	0	綠色的海洋之盒	35	0.全角色	24.開寶箱道具	06.藍	3	12.收集品交換	8000	2011016	5020082	5320082	5520081	1100150	3ditem_a_001	1	1	-1	0	00.無	0		00.無	0	00.無	0				1	0	104	1	0	0	0	0	
	20083	4000	1	1	1	0	0	0.不可交易；0.被PK不掉	0	0	綠色的大地之盒	35	0.全角色	24.開寶箱道具	06.藍	3	12.收集品交換	8000	2011017	5020083	5320083	5520081	1100151	3ditem_a_001	1	1	-1	0	00.無	0		00.無	0	00.無	0				1	0	104	1	0	0	0	0	
	20084	4000	1	1	1	0	0	0.不可交易；0.被PK不掉	0	0	綠色的生命之盒	35	0.全角色	24.開寶箱道具	06.藍	3	12.收集品交換	8000	2011018	5020084	5320084	5520081	1100152	3ditem_a_001	1	1	-1	0	00.無	0		00.無	0	00.無	0				1	0	104	1	0	0	0	0	
	20085	4000	1	1	1	0	0	0.不可交易；0.被PK不掉	0	0	黃色的天空之盒	45	0.全角色	24.開寶箱道具	06.藍	3	12.收集品交換	8000	2011019	5020085	5320085	5520085	1100153	3ditem_a_001	1	1	-1	0	00.無	0		00.無	0	00.無	0				1	0	104	1	0	0	0	0	
	20086	4000	1	1	1	0	0	0.不可交易；0.被PK不掉	0	0	黃色的海洋之盒	45	0.全角色	24.開寶箱道具	06.藍	3	12.收集品交換	8000	2011020	5020086	5320086	5520085	1100154	3ditem_a_001	1	1	-1	0	00.無	0		00.無	0	00.無	0				1	0	104	1	0	0	0	0	
	20087	4000	1	1	1	0	0	0.不可交易；0.被PK不掉	0	0	黃色的大地之盒	45	0.全角色	24.開寶箱道具	06.藍	3	12.收集品交換	8000	2011021	5020087	5320087	5520085	1100155	3ditem_a_001	1	1	-1	0	00.無	0		00.無	0	00.無	0				1	0	104	1	0	0	0	0	
	20088	4000	1	1	1	0	0	0.不可交易；0.被PK不掉	0	0	黃色的生命之盒	45	0.全角色	24.開寶箱道具	06.藍	3	12.收集品交換	8000	2011022	5020088	5320088	5520085	1100156	3ditem_a_001	1	1	-1	0	00.無	0		00.無	0	00.無	0				1	0	104	1	0	0	0	0	
	20089	4000	1	1	1	0	0	0.不可交易；0.被PK不掉	0	0	紅色的天空之盒	55	0.全角色	24.開寶箱道具	06.藍	3	12.收集品交換	8000	2011023	5020089	5320089	5520089	1100157	3ditem_a_001	1	1	-1	0	00.無	0		00.無	0	00.無	0				1	0	104	1	0	0	0	0	
	20090	4000	1	1	1	0	0	0.不可交易；0.被PK不掉	0	0	紅色的海洋之盒	55	0.全角色	24.開寶箱道具	06.藍	3	12.收集品交換	8000	2011024	5020090	5320090	5520089	1100158	3ditem_a_001	1	1	-1	0	00.無	0		00.無	0	00.無	0				1	0	104	1	0	0	0	0	
	20091	4000	1	1	1	0	0	0.不可交易；0.被PK不掉	0	0	紅色的大地之盒	55	0.全角色	24.開寶箱道具	06.藍	3	12.收集品交換	8000	2011025	5020091	5320091	5520089	1100159	3ditem_a_001	1	1	-1	0	00.無	0		00.無	0	00.無	0				1	0	104	1	0	0	0	0	
	20092	4000	1	1	1	0	0	0.不可交易；0.被PK不掉	0	0	紅色的生命之盒	55	0.全角色	24.開寶箱道具	06.藍	3	12.收集品交換	8000	2011026	5020092	5320092	5520089	1100160	3ditem_a_001	1	1	-1	0	00.無	0		00.無	0	00.無	0				1	0	104	1	0	0	0	0	
# 任務道具類																																															
	20093	4000	1	0	1	0	0	0.不可交易；0.被PK不掉	0	0	小捲笛	1	0.全角色	22.限定任務收集道具	04.白	1	07.怪物掉寶			5020093	5300000	5500000	1100560	3ditem_d_001	999	1	-1	0	00.無	0		00.無	0	00.無	0				0	0	102	0	0	0	0	0	
#	20094	4000	1	0	1	0	0	0.不可交易；1.被PK不掉	0	0	香蕉	1	0.全角色	22.限定任務收集道具	04.白	1	07.怪物掉寶			5020094	5320093	5520090	1100178	3ditem_d_001	999	1	-1	0	00.無	0		00.無	0	00.無	0				0	0	50	0	0	0	0	0	
	20095	4000	1	0	1	0	0	0.不可交易；2.被PK不掉	0	0	木頭	1	0.全角色	22.限定任務收集道具	04.白	1	07.怪物掉寶			5020095	5320094	5520091	1100683	3ditem_d_001	999	1	-1	0	00.無	0		00.無	0	00.無	0				0	0	50	0	0	0	0	0	
	20096	4000	1	0	0	0	0	0.不可交易；3.被PK不掉	0	0	人型木板	1	0.全角色	22.限定任務收集道具	04.白	1	08.怪物掉寶、任務獎賞			5020096	5320095	5520092	1100684	3ditem_d_001	999	1	-1	0	00.無	0		00.無	0	00.無	0				0	0	50	0	0	0	0	0	
	20097	4000	1	0	1	0	0	0.不可交易；4.被PK不掉	0	0	可口的香蕉	1	0.全角色	22.限定任務收集道具	04.白	1	07.怪物掉寶			5020097	5320096	5520090	1100178	3ditem_d_001	999	1	-1	0	00.無	0		00.無	0	00.無	0				0	0	50	0	0	0	0	0	
	20098	4000	1	0	0	0	0	0.不可交易；5.被PK不掉	0	0	香蕉果醬	1	0.全角色	22.限定任務收集道具	04.白	1	08.怪物掉寶、任務獎賞			5020098	5320097	5520093	1100685	3ditem_d_001	999	1	-1	0	00.無	0		00.無	0	00.無	0				0	0	50	0	0	0	0	0	
	20099	4000	1	0	0	0	0	0.不可交易；0.被PK不掉	0	0	擦拭布	1	0.全角色	21.接取任務用道具	04.白	1	11.NPC交付			5020099	5320099	5500000	1100177	3ditem_d_001	1	1	-1	0	00.無	0		00.無	0	00.無	0				0	0	101	0	0	0	0	0	
	20100	4000	1	0	0	0	0	0.不可交易；1.被PK不掉	0	0	新鮮紅蘿蔔	1	0.全角色	21.接取任務用道具	04.白	1	11.NPC交付			5020100	5320100	5500000	1100068	3ditem_d_001	999	1	-1	0	00.無	0		00.無	0	00.無	0				0	0	50	0	0	0	0	0	
	20101	4000	1	0	0	0	0	0.不可交易；2.被PK不掉	0	0	新鮮香蕉	1	0.全角色	21.接取任務用道具	04.白	1	11.NPC交付			5020101	5320101	5500000	1100178	3ditem_d_001	1	1	-1	0	00.無	0		00.無	0	00.無	0				0	0	50	0	0	0	0	0	
	20102	4000	1	0	1	0	0	0.不可交易；3.被PK不掉	0	0	竹筍子彈	1	0.全角色	22.限定任務收集道具	04.白	1	08.怪物掉寶、任務獎賞			5020102	5320102	5500000	1100180	3ditem_d_001	10	1	-1	0	00.無	0		00.無	0	00.無	0				0	0	50	0	0	0	0	0	
	20103	4000	1	0	0	0	0	0.不可交易；4.被PK不掉	0	0	兔族跳繩	1	0.全角色	21.接取任務用道具	04.白	1	11.NPC交付	8000	2011028	5020103	5320103	5500000	1100179	3ditem_d_001	1	1	-1	0	00.無	0		00.無	0	00.無	0				0	0	50	0	0	0	0	0	
	20104	4000	1	0	0	0	0	0.不可交易；4.被PK不掉	0	0	鐮刀	1	0.全角色	21.接取任務用道具	04.白	1	11.NPC交付	8000	2011027	5020104	5320104	5500000	1100181	3ditem_d_001	1	1	-1	0	00.無	0		00.無	0	00.無	0				0	0	50	0	0	0	0	0	
	20105	4000	1	0	0	0	0	0.不可交易；4.被PK不掉	0	0	鏟子	1	0.全角色	21.接取任務用道具	04.白	1	11.NPC交付	8000	2011029	5020105	5320105	5500000	1100686	3ditem_d_001	1	1	-1	0	00.無	0		00.無	0	00.無	0				0	0	50	0	0	0	0	0	
	20106	4000	1	0	0	0	0	0.不可交易；4.被PK不掉	0	0	墨水	1	0.全角色	21.接取任務用道具	04.白	1	11.NPC交付			5020106	5320106	5500000	1100071	3ditem_d_001	999	1	-1	0	00.無	0		00.無	0	00.無	0				0	0	50	0	0	0	0	0	
	20107	4000	1	0	0	0	0	0.不可交易；4.被PK不掉	0	0	英雄證明	1	0.全角色	21.接取任務用道具	04.白	1	11.NPC交付	8000	2000172	5020107	5320107	5500000	1100182	3ditem_d_001	1	1	-1	0	00.無	0		00.無	0	00.無	0				0	0	50	0	0	0	0	0	
	20108	4000	1	0	0	0	0	0.不可交易；4.被PK不掉	0	0	藍色小蘿蔔	1	0.全角色	21.接取任務用道具	04.白	1	11.NPC交付			5020108	5320108	5500000	1100183	3ditem_d_001	10	1	-1	0	00.無	0		00.無	0	00.無	0				0	0	50	0	0	0	0	0	
	20109	4000	1	0	0	0	0	0.不可交易；4.被PK不掉	0	0	翻譯耳機	1	0.全角色	21.接取任務用道具	04.白	1	11.NPC交付			5020109	5320109	5500000	1100185	3ditem_d_001	1	1	-1	0	00.無	0		00.無	0	00.無	0				0	0	50	0	0	0	0	0	
	20110	4000	1	0	0	0	0	0.不可交易；4.被PK不掉	0	0	蝸牛殼	1	0.全角色	21.接取任務用道具	04.白	1	11.NPC交付			5020110	5320110	5500000	1100184	3ditem_d_001	10	1	-1	0	00.無	0		00.無	0	00.無	0				0	0	50	0	0	0	0	0	
	20111	4000	1	0	0	0	0	0.不可交易；4.被PK不掉	0	0	瑞比白戰士徽章	1	0.全角色	21.接取任務用道具	04.白	1	11.NPC交付			5020111	5320111	5500000	1100186	3ditem_d_001	10	1	-1	0	00.無	0		00.無	0	00.無	0				0	0	50	0	0	0	0	0	
	20112	4000	1	0	0	0	0	0.不可交易；4.被PK不掉	0	0	兔味相機	1	0.全角色	21.接取任務用道具	04.白	1	11.NPC交付	8000	2011030	5020112	5320112	5500000	1100187	3ditem_d_001	1	1	-1	0	00.無	0		00.無	0	00.無	0				0	0	50	0	0	0	0	0	
	20113	4000	1	0	0	0	0	0.不可交易；4.被PK不掉	0	0	藥膏	1	0.全角色	21.接取任務用道具	04.白	1	11.NPC交付			5020113	5320113	5500000	1100188	3ditem_d_001	1	1	-1	0	00.無	0		00.無	0	00.無	0				0	0	50	0	0	0	0	0	
	20114	4000	1	0	0	0	0	0.不可交易；4.被PK不掉	0	0	越野兔正面照	1	0.全角色	21.接取任務用道具	04.白	1	11.NPC交付	8000	2011036	5020114	5320114	5500000	1100097	3ditem_d_001	1	1	-1	0	00.無	0		00.無	0	00.無	0				0	0	50	0	0	0	0	0	
	20115	4000	1	0	0	0	0	0.不可交易；4.被PK不掉	0	0	越野兔左面照	1	0.全角色	21.接取任務用道具	04.白	1	11.NPC交付	8000	2011037	5020115	5320114	5500000	1100097	3ditem_d_001	1	1	-1	0	00.無	0		00.無	0	00.無	0				0	0	50	0	0	0	0	0	
	20116	4000	1	0	0	0	0	0.不可交易；4.被PK不掉	0	0	越野兔右面照	1	0.全角色	21.接取任務用道具	04.白	1	11.NPC交付	8000	2011038	5020116	5320114	5500000	1100097	3ditem_d_001	1	1	-1	0	00.無	0		00.無	0	00.無	0				0	0	50	0	0	0	0	0	
	20117	4000	1	0	0	0	0	0.不可交易；4.被PK不掉	0	0	香精	1	0.全角色	21.接取任務用道具	04.白	1	11.NPC交付			5020117	5320115	5500000	1100190	3ditem_d_001	1	1	-1	0	00.無	0		00.無	0	00.無	0				0	0	50	0	0	0	0	0	
	20118	4000	1	0	0	0	0	0.不可交易；4.被PK不掉	0	0	混亂蝸的殼	1	0.全角色	21.接取任務用道具	04.白	1	11.NPC交付			5020118	5020118	5500000	1100184	3ditem_d_001	5	1	-1	0	00.無	0		00.無	0	00.無	0				0	0	50	0	0	0	0	0	
	20119	4000	1	0	0	0	0	0.不可交易；4.被PK不掉	0	0	視之推薦信	1	0.全角色	21.接取任務用道具	04.白	1	11.NPC交付			5020119	5320119	5500000	1100097	3ditem_d_001	1	1	-1	0	00.無	0		00.無	0	00.無	0				0	0	50	0	0	0	0	0	
	20120	4000	1	0	0	0	0	0.不可交易；4.被PK不掉	0	0	聽之推薦信	1	0.全角色	21.接取任務用道具	04.白	1	11.NPC交付			5020120	5320120	5500000	1100097	3ditem_d_001	1	1	-1	0	00.無	0		00.無	0	00.無	0				0	0	50	0	0	0	0	0	
	20121	4000	1	0	0	0	0	0.不可交易；4.被PK不掉	0	0	言之推薦信	1	0.全角色	21.接取任務用道具	04.白	1	11.NPC交付			5020121	5320121	5500000	1100097	3ditem_d_001	1	1	-1	0	00.無	0		00.無	0	00.無	0				0	0	50	0	0	0	0	0	
	20122	4000	1	0	0	0	0	0.不可交易；4.被PK不掉	0	0	風車製作筆記	1	0.全角色	21.接取任務用道具	04.白	1	11.NPC交付			5020122	5320122	5500000	1100067	3ditem_d_001	1	1	-1	0	00.無	0		00.無	0	00.無	0				0	0	50	0	0	0	0	0	
	20123	4000	1	0	0	0	0	0.不可交易；4.被PK不掉	0	0	消防栓	1	0.全角色	21.接取任務用道具	04.白	1	11.NPC交付	8000	2011032	5020123	5320123	5500000	1100687	3ditem_d_001	1	1	-1	0	00.無	0		00.無	0	00.無	0				0	0	50	0	0	0	0	0	
	20124	4000	1	0	0	0	0	0.不可交易；4.被PK不掉	0	0	火柴	1	0.全角色	21.接取任務用道具	04.白	1	11.NPC交付	8000	2011033	5020124	5320124	5520124	1100099	3ditem_d_001	3	1	-1	0	00.無	0		00.無	0	00.無	0				0	0	50	0	0	0	0	0	
	20125	4000	1	0	0	0	0	0.不可交易；4.被PK不掉	0	0	煤油	1	0.全角色	21.接取任務用道具	04.白	1	11.NPC交付	8000	2011034	5020125	5320125	5520125	1100688	3ditem_d_001	1	1	-1	0	00.無	0		00.無	0	00.無	0				0	0	50	0	0	0	0	0	
	20126	4000	1	0	0	0	0	0.不可交易；4.被PK不掉	0	0	電擊器	1	0.全角色	21.接取任務用道具	04.白	1	11.NPC交付	8000	2011035	5020126	5320126	5500000	1100543	3ditem_d_001	1	1	-1	0	00.無	0		00.無	0	00.無	0				0	0	50	0	0	0	0	0	
	20127	4000	1	0	1	0	0	0.不可交易；4.被PK不掉	0	0	發臭的包子	1	0.全角色	22.限定任務收集道具	04.白	1	11.NPC交付	8000	2011039	5020127	5320127	5500000	1100070	3ditem_d_001	999	1	-1	0	00.無	0		00.無	0	00.無	0				0	0	50	0	0	0	0	0	
	20128	4000	1	0	1	0	0	0.不可交易；4.被PK不掉	0	0	吃過的竹筍	1	0.全角色	22.限定任務收集道具	04.白	1	11.NPC交付	8000	2011040	5020128	5320128	5500000	1100180	3ditem_d_001	999	1	-1	0	00.無	0		00.無	0	00.無	0				0	0	50	0	0	0	0	0	
	20129	4000	1	0	1	0	0	0.不可交易；4.被PK不掉	0	0	斷掉的樹枝	1	0.全角色	22.限定任務收集道具	04.白	1	11.NPC交付	8000	2011041	5020129	5320129	5500000	1100531	3ditem_d_001	999	1	-1	0	00.無	0		00.無	0	00.無	0				0	0	50	0	0	0	0	0	
	20130	4000	1	0	1	0	0	0.不可交易；4.被PK不掉	0	0	營養的蟲子	1	0.全角色	22.限定任務收集道具	04.白	1	11.NPC交付	8000	2011042	5020130	5320130	5500000	1100102	3ditem_d_001	999	1	-1	0	00.無	0		00.無	0	00.無	0				0	0	50	0	0	0	0	0	
	20131	4000	1	0	1	0	0	0.不可交易；4.被PK不掉	0	0	融化的糖果	1	0.全角色	22.限定任務收集道具	04.白	1	11.NPC交付	8000	2011043	5020131	5320131	5500000	1100081	3ditem_d_001	999	1	-1	0	00.無	0		00.無	0	00.無	0				0	0	50	0	0	0	0	0	
	20132	4000	1	0	0	0	0	0.不可交易；4.被PK不掉	0	0	香氣精油	1	0.全角色	21.接取任務用道具	04.白	1	11.NPC交付			5020132	5320132	5500000	1100685	3ditem_d_001	1	1	-1	0	00.無	0		00.無	0	00.無	0				0	0	50	0	0	0	0	0	
	20133	4000	1	0	0	0	0	0.不可交易；4.被PK不掉	0	0	阮家手環	1	0.全角色	21.接取任務用道具	04.白	1	11.NPC交付	8000	2011044	5020133	5320133	5500000	1100137	3ditem_d_001	999	1	-1	0	00.無	0		00.無	0	00.無	0				0	0	50	0	0	0	0	0	
	20134	4000	1	0	0	0	0	0.不可交易；4.被PK不掉	0	0	鎚子	1	0.全角色	21.接取任務用道具	04.白	1	11.NPC交付	8000	2011045	5020134	5320134	5500000	1100138	3ditem_d_001	999	1	-1	0	00.無	0		00.無	0	00.無	0				0	0	50	0	0	0	0	0	
	20135	4000	1	0	0	0	0	0.不可交易；4.被PK不掉	0	0	螃蟹	1	0.全角色	21.接取任務用道具	04.白	1	11.NPC交付	8000	2011046	5020135	5320135	5500000	1100139	3ditem_d_001	999	1	-1	0	00.無	0		00.無	0	00.無	0				0	0	50	0	0	0	0	0	
	20136	4000	1	0	0	0	0	0.不可交易；4.被PK不掉	0	0	鏡子	1	0.全角色	21.接取任務用道具	04.白	1	11.NPC交付	8000	2011047	5020136	5320136	5500000	1100140	3ditem_d_001	999	1	-1	0	00.無	0		00.無	0	00.無	0				0	0	50	0	0	0	0	0	
	20137	4000	1	0	0	0	0	0.不可交易；4.被PK不掉	0	0	豆莢	1	0.全角色	21.接取任務用道具	04.白	1	11.NPC交付	8000	2011048	5020137	5320137	5500000	1100141	3ditem_d_001	999	1	-1	0	00.無	0		00.無	0	00.無	0				0	0	50	0	0	0	0	0	
	20138	4000	1	0	0	0	0	0.不可交易；4.被PK不掉	0	0	聽診器	1	0.全角色	21.接取任務用道具	04.白	1	11.NPC交付	8000	2011049	5020138	5320138	5500000	1100142	3ditem_d_001	999	1	-1	0	00.無	0		00.無	0	00.無	0				0	0	50	0	0	0	0	0	
	20139	4000	1	0	0	0	0	0.不可交易；4.被PK不掉	0	0	普通圈圈	1	0.全角色	21.接取任務用道具	04.白	1	11.NPC交付	8000	2011050	5020139	5320139	5500000	1100143	3ditem_d_001	999	1	-1	0	00.無	0		00.無	0	00.無	0				0	0	50	0	0	0	0	0	
	20140	4000	1	0	0	0	0	0.不可交易；4.被PK不掉	0	0	神奇圈圈	1	0.全角色	21.接取任務用道具	04.白	1	11.NPC交付	8000	2011051	5020140	5320140	5500000	1100144	3ditem_d_001	999	1	-1	0	00.無	0		00.無	0	00.無	0				0	0	50	0	0	0	0	0	
	20141	4000	1	1	0	0	0	0.不可交易；0.被PK不掉	0	0	新手禮包	1	0.全角色	24.開寶箱道具	04.白	1	05.任務獎賞	8000	2011052	5020141	5320141	5500000	9990008	3ditem_a_001	1	1	-1	0	00.無	0		00.無	0	00.無	0				0	0	50	1	0	0	0	0	
	20142	4000	1	0	0	0	0	0.不可交易；4.被PK不掉	0	0	美味蝦堡	1	0.全角色	21.接取任務用道具	04.白	1	11.NPC交付			5020142	5320142	5500000	1100192	3ditem_d_001	10	1	-1	0	00.無	0		00.無	0	00.無	0				0	0	50	0	0	0	0	0	
	20143	4000	1	1	0	0	0	0.不可交易；0.被PK不掉	0	0	新手禮包	1	0.全角色	24.開寶箱道具	04.白	1	05.任務獎賞	8000	2011053	5020141	5320141	5500000	9990011	3ditem_a_001	1	10	-1	0	00.無	0		00.無	0	00.無	0				0	0	50	1	0	0	0	0	
	20144	4000	1	1	0	0	0	0.不可交易；0.被PK不掉	0	0	新手禮包	1	0.全角色	24.開寶箱道具	04.白	1	05.任務獎賞	8000	2011054	5020141	5320141	5500000	9990011	3ditem_a_001	1	15	-1	0	00.無	0		00.無	0	00.無	0				0	0	50	1	0	0	0	0	
	20145	4000	1	1	0	0	0	0.不可交易；0.被PK不掉	0	0	新手禮包	1	0.全角色	24.開寶箱道具	04.白	1	05.任務獎賞	8000	2011055	5020141	5320141	5500000	9990009	3ditem_a_001	1	1	-1	0	00.無	0		00.無	0	00.無	0				0	0	50	1	0	0	0	0	
	20146	4000	1	1	0	0	0	0.不可交易；0.被PK不掉	0	0	新手禮包	1	0.全角色	24.開寶箱道具	04.白	1	05.任務獎賞	8000	2011056	5020141	5320141	5500000	9990010	3ditem_a_001	1	1	-1	0	00.無	0		00.無	0	00.無	0				0	0	50	1	0	0	0	0	
	20147	4000	1	1	0	0	0	0.不可交易；0.被PK不掉	0	0	新手禮包	1	0.全角色	24.開寶箱道具	04.白	1	05.任務獎賞	8000	2011057	5020141	5320141	5500000	9990011	3ditem_a_001	1	1	-1	0	00.無	0		00.無	0	00.無	0				0	0	50	1	0	0	0	0	
# 節慶、活動贈禮裝備																																															
	25001	4000	1	1	1	0	1	0.不可交易；0.被PK不掉	0	0	愛爾蘭地精帽	1	1.林沖	01.帽子 - 林沖	14.活動裝	1	10.活動獎勵	5000	25001	6025001	6125001	6200000	4101045	3ditem_a_001	1	1	1	0	00.無	0		00.無	0	00.無	0				56300	0	201	0	0	0	0	0	
	25002	4000	1	1	1	0	1	0.不可交易；0.被PK不掉	0	0	愛爾蘭地精帽	1	2.雷橫	01.帽子 - 雷橫	14.活動裝	1	10.活動獎勵	5000	25002	6025002	6125002	6200000	4102645	3ditem_a_001	1	1	2	0	00.無	0		00.無	0	00.無	0				56300	0	205	0	0	0	0	0	
	25003	4000	1	1	1	0	1	0.不可交易；0.被PK不掉	0	0	愛爾蘭地精帽	1	3.孫二娘	01.帽子 - 孫二娘	14.活動裝	1	10.活動獎勵	5000	25003	6025003	6125003	6200000	4104245	3ditem_a_001	1	1	4	0	00.無	0		00.無	0	00.無	0				56300	0	209	0	0	0	0	0	
	25004	4000	1	1	1	0	1	0.不可交易；0.被PK不掉	0	0	愛爾蘭地精帽	1	4.戴宗	01.帽子 - 戴宗	14.活動裝	1	10.活動獎勵	5000	25004	6025004	6125004	6200000	4105845	3ditem_a_001	1	1	8	0	00.無	0		00.無	0	00.無	0				56300	0	213	0	0	0	0	0	
	25005	4000	1	1	1	0	1	0.不可交易；0.被PK不掉	0	0	愛爾蘭地精帽	1	5.史進	01.帽子 - 史進	14.活動裝	1	10.活動獎勵	5000	25005	6025005	6125005	6200000	4107445	3ditem_a_001	1	1	16	0	00.無	0		00.無	0	00.無	0				56300	0	217	0	0	0	0	0	
	25006	4000	1	1	1	0	1	0.不可交易；0.被PK不掉	0	0	愛爾蘭地精帽	1	6.李逵	01.帽子 - 李逵	14.活動裝	1	10.活動獎勵	5000	25006	6025006	6125006	6200000	4109045	3ditem_a_001	1	1	32	0	00.無	0		00.無	0	00.無	0				56300	0	221	0	0	0	0	0	
	25007	4000	1	1	1	0	1	0.不可交易；0.被PK不掉	0	0	愛爾蘭地精帽	1	7.顧大嫂	01.帽子 - 顧大嫂	14.活動裝	1	10.活動獎勵	5000	25007	6025007	6125007	6200000	4110645	3ditem_a_001	1	1	64	0	00.無	0		00.無	0	00.無	0				56300	0	225	0	0	0	0	0	
	25008	4000	1	1	1	0	1	0.不可交易；0.被PK不掉	0	0	愛爾蘭地精帽	1	8.花榮	01.帽子 - 花榮	14.活動裝	1	10.活動獎勵	5000	25008	6025008	6125008	6200000	4112245	3ditem_a_001	1	1	128	0	00.無	0		00.無	0	00.無	0				56300	0	229	0	0	0	0	0	
	25009	4000	1	1	1	0	1	0.不可交易；0.被PK不掉	0	0	神秘金盆	1	0.全角色	24.開寶箱道具	04.白	1	10.活動獎勵			5025009	5325009	6200000	1106001	3ditem_a_001	1	1	-1	0	00.無	0		00.無	0	00.無	0				1	0	104	0	0	0	0	0	
	25010	4000	1	1	1	0	1	0.不可交易；0.被PK不掉	0	0	禮物盒	1	0.全角色	24.開寶箱道具	04.白	1	10.活動獎勵	8000	2011010	5025010	5325010	5500000	1100080	3ditem_a_001	1	1	-1	0	00.無	0		00.無	0	00.無	0				1	0	104	1	0	0	0	0	
	25011	4000	1	1	1	0	0	1.可以交易；0.被PK不掉	1	0	經驗加倍汽水	1	0.全角色	99.作弊道具	04.白	1	10.活動獎勵	8000	2030046	5025011	5325011	5500000	1105051	3ditem_b_001	999	1	-1	0	00.無	0		00.無	0	00.無	0				25	2	999	1	0	0	0	0	
	25012	4000	1	1	1	0	0	1.可以交易；0.被PK不掉	1	0	掉寶加倍汽水	1	0.全角色	99.作弊道具	04.白	1	10.活動獎勵	8000	2030047	5025012	5325012	5500000	1105052	3ditem_b_001	999	1	-1	0	00.無	0		00.無	0	00.無	0				75	7	999	1	0	0	0	0	
	25013	4000	1	1	1	0	0	1.可以交易；0.被PK不掉	1	0	煙火A型	1	0.全角色	26.雜物類型道具 	04.白	1	10.活動獎勵	8000	2010201	5025013	5325013	5500000	1100161	3ditem_b_001	999	1	-1	0	00.無	0		00.無	0	00.無	0				25	2	106	1	0	0	0	0	
	25014	4000	1	1	1	0	0	1.可以交易；0.被PK不掉	1	0	煙火B型	1	0.全角色	26.雜物類型道具 	04.白	1	10.活動獎勵	8000	2010202	5025014	5325014	5500000	1100162	3ditem_b_001	999	1	-1	0	00.無	0		00.無	0	00.無	0				25	2	106	1	0	0	0	0	
	25015	4000	1	1	1	0	0	1.可以交易；0.被PK不掉	1	0	煙火C型	1	0.全角色	26.雜物類型道具 	04.白	1	10.活動獎勵	8000	2010203	5025015	5325015	5500000	1100163	3ditem_b_001	999	1	-1	0	00.無	0		00.無	0	00.無	0				25	2	106	1	0	0	0	0	
	25016	4000	1	1	1	0	0	1.可以交易；0.被PK不掉	1	0	煙火D型	1	0.全角色	26.雜物類型道具 	04.白	1	10.活動獎勵	8000	2010204	5025016	5325016	5500000	1100164	3ditem_b_001	999	1	-1	0	00.無	0		00.無	0	00.無	0				25	2	106	1	0	0	0	0	
	25017	4000	1	1	1	0	0	1.可以交易；0.被PK不掉	1	0	煙火E型	1	0.全角色	26.雜物類型道具 	04.白	1	10.活動獎勵	8000	2010205	5025017	5325017	5500000	1100165	3ditem_b_001	999	1	-1	0	00.無	0		00.無	0	00.無	0				25	2	106	1	0	0	0	0	
	25018	4000	1	1	1	0	0	1.可以交易；0.被PK不掉	1	0	煙火F型	1	0.全角色	26.雜物類型道具 	04.白	1	10.活動獎勵	8000	2010206	5025018	5325018	5500000	1100166	3ditem_b_001	999	1	-1	0	00.無	0		00.無	0	00.無	0				25	2	106	1	0	0	0	0	
	25019	4000	1	1	1	0	0	1.可以交易；0.被PK不掉	1	0	煙火G型	1	0.全角色	26.雜物類型道具 	04.白	1	10.活動獎勵	8000	2010207	5025019	5325019	5500000	1100167	3ditem_b_001	999	1	-1	0	00.無	0		00.無	0	00.無	0				25	2	106	1	0	0	0	0	
	25020	4000	1	1	1	0	0	1.可以交易；0.被PK不掉	1	0	煙火H型	1	0.全角色	26.雜物類型道具 	04.白	1	10.活動獎勵	8000	2010208	5025020	5325020	5500000	1100168	3ditem_b_001	999	1	-1	0	00.無	0		00.無	0	00.無	0				25	2	106	1	0	0	0	0	
	25021	4000	1	1	1	0	0	1.可以交易；0.被PK不掉	1	0	煙火I型	1	0.全角色	26.雜物類型道具 	04.白	1	10.活動獎勵	8000	2010209	5025021	5325021	5500000	1100169	3ditem_b_001	999	1	-1	0	00.無	0		00.無	0	00.無	0				25	2	106	1	0	0	0	0	
	25022	4000	1	1	1	0	0	1.可以交易；0.被PK不掉	1	0	阮氏煙火	1	0.全角色	26.雜物類型道具 	04.白	1	10.活動獎勵	8000	2010210	5025022	5325022	5500000	1100170	3ditem_b_001	999	1	-1	0	00.無	0		00.無	0	00.無	0				25	2	106	1	0	0	0	0	
	25023	4000	1	1	1	0	0	1.可以交易；0.被PK不掉	1	0	大便煙火	1	0.全角色	26.雜物類型道具 	04.白	1	10.活動獎勵	8000	2010211	5025023	5325023	5500000	1100171	3ditem_b_001	999	1	-1	0	00.無	0		00.無	0	00.無	0				25	2	106	1	0	0	0	0	
# 一般道具類3-0001 ~ 4-0000																																															
# 藥水																																															
	30001	4000	1	1	1	1	0	1.可以交易；1.被PK會掉	1	1	生命藥水LV1	1	0.全角色	10.回復類型道具	04.白	1	03.商店購買	8000	2000101	5030001	5330001	5530001	1100006	3ditem_b_001	999	1	-1	0	00.無	0		01.【BOT】回 HP	1	00.無	0				25	2	1	1	0	0	0	0	
	30002	4000	1	1	1	1	0	1.可以交易；1.被PK會掉	1	1	生命藥水LV2	20	0.全角色	10.回復類型道具	04.白	1	03.商店購買	8000	2000102	5030002	5330002	5530002	1100007	3ditem_b_001	999	20	-1	0	00.無	0		01.【BOT】回 HP	1	00.無	0				75	7	1	1	0	0	0	0	
	30003	4000	1	1	1	1	0	1.可以交易；1.被PK會掉	1	1	生命藥水LV3	40	0.全角色	10.回復類型道具	04.白	1	03.商店購買	8000	2000103	5030003	5330003	5530003	1100008	3ditem_b_001	999	40	-1	0	00.無	0		01.【BOT】回 HP	1	00.無	0				210	21	1	1	0	0	0	0	
	30004	4000	1	1	1	1	0	1.可以交易；1.被PK會掉	1	1	生命藥水LV4	60	0.全角色	10.回復類型道具	04.白	1	03.商店購買	8000	2000104	5030004	5330004	5530004	1100009	3ditem_b_001	999	60	-1	0	00.無	0		01.【BOT】回 HP	1	00.無	0				530	53	1	1	0	0	0	0	
#	30005	4000	0	1	1	1	0	1.可以交易；1.被PK會掉	1	1	生命藥水LV5	80	0.全角色	10.回復類型道具	04.白	1	03.商店購買	8000	2000105	5030005	5330005	5530005	1100010	3ditem_b_001	999	80	-1	0	00.無	0		01.【BOT】回 HP	1	00.無	0				1170	117	1	1	0	0	0	0	
#	30006	4000	0	1	1	1	0	1.可以交易；1.被PK會掉	1	1	生命藥水LV6	99	0.全角色	10.回復類型道具	04.白	1	03.商店購買	8000	2000106	5030006	5330006	5530006	1100011	3ditem_b_001	999	99	-1	0	00.無	0		01.【BOT】回 HP	1	00.無	0				2110	211	1	1	0	0	0	0	
	30007	4000	1	1	1	1	0	1.可以交易；1.被PK會掉	1	1	技能藥水LV1	1	0.全角色	10.回復類型道具	04.白	1	03.商店購買	8000	2000111	5030007	5330007	5530007	1100012	3ditem_b_001	999	1	-1	0	00.無	0		02.【BOT】回 MP	2	00.無	0				35	3	1	1	0	0	0	0	
	30008	4000	1	1	1	1	0	1.可以交易；1.被PK會掉	1	1	技能藥水LV2	20	0.全角色	10.回復類型道具	04.白	1	03.商店購買	8000	2000112	5030008	5330008	5530008	1100013	3ditem_b_001	999	20	-1	0	00.無	0		02.【BOT】回 MP	2	00.無	0				105	10	1	1	0	0	0	0	
	30009	4000	1	1	1	1	0	1.可以交易；1.被PK會掉	1	1	技能藥水LV3	40	0.全角色	10.回復類型道具	04.白	1	03.商店購買	8000	2000113	5030009	5330009	5530009	1100014	3ditem_b_001	999	40	-1	0	00.無	0		02.【BOT】回 MP	2	00.無	0				290	29	1	1	0	0	0	0	
	30010	4000	1	1	1	1	0	1.可以交易；1.被PK會掉	1	1	技能藥水LV4	60	0.全角色	10.回復類型道具	04.白	1	03.商店購買	8000	2000114	5030010	5330010	5530010	1100015	3ditem_b_001	999	60	-1	0	00.無	0		02.【BOT】回 MP	2	00.無	0				730	73	1	1	0	0	0	0	
#	30011	4000	0	1	1	1	0	1.可以交易；1.被PK會掉	1	1	技能藥水LV5	80	0.全角色	10.回復類型道具	04.白	1	03.商店購買	8000	2000115	5030011	5330011	5530011	1100016	3ditem_b_001	999	80	-1	0	00.無	0		02.【BOT】回 MP	2	00.無	0				1610	161	1	1	0	0	0	0	
#	30012	4000	0	1	1	1	0	1.可以交易；1.被PK會掉	1	1	技能藥水LV6	99	0.全角色	10.回復類型道具	04.白	1	03.商店購買	8000	2000116	5030012	5330012	5530012	1100017	3ditem_b_001	999	99	-1	0	00.無	0		02.【BOT】回 MP	2	00.無	0				2900	290	1	1	0	0	0	0	
	30013	4000	1	1	1	1	0	1.可以交易；1.被PK會掉	1	1	生命技能藥水LV1	1	0.全角色	10.回復類型道具	04.白	1	03.商店購買	8000	2000121	5030013	5330013	5530013	1100018	3ditem_b_001	999	1	-1	0	00.無	0		03.【BOT】回 HP & MP	3	00.無	0				40	4	1	1	0	0	0	0	
	30014	4000	1	1	1	1	0	1.可以交易；1.被PK會掉	1	1	生命技能藥水LV2	20	0.全角色	10.回復類型道具	04.白	1	03.商店購買	8000	2000122	5030014	5330014	5530014	1100019	3ditem_b_001	999	20	-1	0	00.無	0		03.【BOT】回 HP & MP	3	00.無	0				110	11	1	1	0	0	0	0	
	30015	4000	1	1	1	1	0	1.可以交易；1.被PK會掉	1	1	生命技能藥水LV3	40	0.全角色	10.回復類型道具	04.白	1	03.商店購買	8000	2000123	5030015	5330015	5530015	1100020	3ditem_b_001	999	40	-1	0	00.無	0		03.【BOT】回 HP & MP	3	00.無	0				300	30	1	1	0	0	0	0	
	30016	4000	1	1	1	1	0	1.可以交易；1.被PK會掉	1	1	生命技能藥水LV4	60	0.全角色	10.回復類型道具	04.白	1	03.商店購買	8000	2000124	5030016	5330016	5530016	1100021	3ditem_b_001	999	60	-1	0	00.無	0		03.【BOT】回 HP & MP	3	00.無	0				760	76	1	1	0	0	0	0	
#	30017	4000	0	1	1	1	0	1.可以交易；1.被PK會掉	1	1	生命技能藥水LV5	80	0.全角色	10.回復類型道具	04.白	1	03.商店購買	8000	2000125	5030017	5330017	5530017	1100022	3ditem_b_001	999	80	-1	0	00.無	0		03.【BOT】回 HP & MP	3	00.無	0				1670	167	1	1	0	0	0	0	
#	30018	4000	0	1	1	1	0	1.可以交易；1.被PK會掉	1	1	生命技能藥水LV6	99	0.全角色	10.回復類型道具	04.白	1	03.商店購買	8000	2000126	5030018	5330018	5530018	1100023	3ditem_b_001	999	99	-1	0	00.無	0		03.【BOT】回 HP & MP	3	00.無	0				3010	301	1	1	0	0	0	0	
	30019	4000	1	1	1	0	0	0.不可交易；0.被PK不掉	0	0	新手生命藥水	1	0.全角色	10.回復類型道具	04.白	1	05.任務獎賞	8000	2000132	5030019	5330019	5530019	1100021	3ditem_b_001	999	1	-1	0	00.無	0		01.【BOT】回 HP	1	00.無	0				25	1	1	1	0	0	0	0	
	30020	4000	1	1	1	1	0	1.可以交易；1.被PK會掉	1	1	詛咒武卷	1	0.全角色	11.輔助類型道具(對我方)	04.白	1	03.商店購買	5001	11002	5030020	5330020	5500000	1100083	3ditem_c_001	999	1	-1	0	00.無	0		06.【強化】強化卷	6	02.強化武器	8	1	1		750	75	2	1	0	0	0	0	
	30021	4000	1	1	1	1	0	1.可以交易；1.被PK會掉	1	1	詛咒防卷	1	0.全角色	11.輔助類型道具(對我方)	04.白	1	03.商店購買	5001	12002	5030021	5330021	5500000	1100084	3ditem_c_001	999	1	-1	0	00.無	0		06.【強化】強化卷	6	05.防具加飾品	231	1	1		250	25	2	1	0	0	0	0	
	30022	4000	1	1	1	1	0	1.可以交易；1.被PK會掉	1	1	一般武卷	1	0.全角色	11.輔助類型道具(對我方)	04.白	1	03.商店購買	5001	21001	5030022	5330022	5500000	1100085	3ditem_c_001	999	1	-1	0	00.無	0		06.【強化】強化卷	6	02.強化武器	8				3000	300	2	1	0	0	0	0	
	30023	4000	1	1	1	1	0	1.可以交易；1.被PK會掉	1	1	一般防卷	1	0.全角色	11.輔助類型道具(對我方)	04.白	1	03.商店購買	5001	22001	5030023	5330023	5500000	1100086	3ditem_c_001	999	1	-1	0	00.無	0		06.【強化】強化卷	6	05.防具加飾品	231				1000	100	2	1	0	0	0	0	
	30024	4000	1	1	1	1	0	1.可以交易；1.被PK會掉	1	1	祝福武卷	1	0.全角色	11.輔助類型道具(對我方)	05.綠	2	08.怪物掉寶、任務獎賞	5001	23001	5030024	5330024	5500000	1100087	3ditem_c_001	999	1	-1	0	00.無	0		06.【強化】強化卷	6	02.強化武器	8				3000	150	2	1	0	0	0	0	
	30025	4000	1	1	1	1	0	1.可以交易；1.被PK會掉	1	1	祝福防卷	1	0.全角色	11.輔助類型道具(對我方)	05.綠	2	08.怪物掉寶、任務獎賞	5001	24001	5030025	5330025	5500000	1100088	3ditem_c_001	999	1	-1	0	00.無	0		06.【強化】強化卷	6	05.防具加飾品	231				1000	50	2	1	0	0	0	0	
	30026	4000	1	1	1	0	0	1.可以交易；0.被PK不掉	1	0	防爆卷軸	1	0.全角色	11.輔助類型道具(對我方)	04.白	1	04.GASH商城			5030026	5330026	5500000	1100089	3ditem_c_001	999	1	-1	0	00.無	0		07.【強化】防爆卷	7	00.無	0	1			5000	0	2	1	0	0	0	0	
	30027	4000	1	1	1	1	0	1.可以交易；1.被PK會掉	1	1	復活電擊棒	1	0.全角色	15.復活道具	04.白	1	03.商店購買			5030027	5330027	5500000	1100114	3ditem_b_001	999	1	-1	0	00.無	0		00.無	0	00.無	0				2500	250	6	1	0	1	70	70	
	30028	4000	1	1	1	0	0	1.可以交易；0.被PK不掉	1	0	免死金牌	1	0.全角色	16.死亡不懲罰道具	04.白	1	04.GASH商城			5030028	5330028	5500000	1100115	3ditem_b_001	999	1	-1	0	00.無	0		00.無	0	00.無	0				10000	0	7	1	1	0	0	0	
	30029	4000	1	1	1	1	0	1.可以交易；1.被PK會掉	1	1	鄰近城鎮傳送卷軸	1	0.全角色	17.技能類道具	04.白	1	03.商店購買	8000	2010001	5030029	5330029	5500000	1100082	3ditem_b_001	999	1	-1	0	00.無	0		00.無	4	00.無	0				1000	100	8	1	0	0	0	0	
	30030	4000	1	1	1	0	0	1.可以交易；0.被PK不掉	1	0	英雄城 1 傳送卷軸	1	0.全角色	17.技能類道具	04.白	1	04.GASH商城	8000	2010002	5030030	5330030	5500000	1105068	3ditem_b_001	999	1	-1	0	00.無	0		00.無	4	00.無	0				5000	0	8	1	0	0	0	0	
	30031	4000	1	1	1	0	0	1.可以交易；0.被PK不掉	1	0	英雄城 2 傳送卷軸	1	0.全角色	17.技能類道具	04.白	1	04.GASH商城	8000	2010003	5030031	5330031	5500000	1105068	3ditem_b_001	999	1	-1	0	00.無	0		00.無	4	00.無	0				5000	0	8	1	0	0	0	0	
	30032	4000	1	1	1	0	0	1.可以交易；0.被PK不掉	1	0	英雄城 3 傳送卷軸	1	0.全角色	17.技能類道具	04.白	1	04.GASH商城	8000	2010004	5030032	5330032	5500000	1105068	3ditem_b_001	999	1	-1	0	00.無	0		00.無	4	00.無	0				5000	0	8	1	0	0	0	0	
	30033	4000	1	1	1	0	0	1.可以交易；0.被PK不掉	1	0	神聖藥水	1	0.全角色	10.回復類型道具	04.白	1	04.GASH商城	8000	2000131	5030033	5330033	5500000	1105001	3ditem_b_001	999	1	-1	0	00.無	0		03.【BOT】回 HP & MP	3	00.無	0				15000	0	1	1	0	0	0	0	
	30034	4000	1	1	1	0	0	1.可以交易；0.被PK不掉	1	0	黃金武卷	1	0.全角色	11.輔助類型道具(對我方)	05.綠	2	04.GASH商城	5001	31001	5030034	5330034	5500000	1105017	3ditem_c_001	999	1	-1	0	00.無	0		06.【強化】強化卷	6	02.強化武器	8			1000	2500	0	2	1	0	0	0	0	
	30035	4000	1	1	1	0	0	1.可以交易；0.被PK不掉	1	0	黃金防卷	1	0.全角色	11.輔助類型道具(對我方)	05.綠	2	04.GASH商城	5001	32001	5030035	5330035	5500000	1105018	3ditem_c_001	999	1	-1	0	00.無	0		06.【強化】強化卷	6	05.防具加飾品	231			1000	2500	0	2	1	0	0	0	0	
	30036	4000	1	1	1	0	0	1.可以交易；0.被PK不掉	1	0	黃金祝福武卷	1	0.全角色	11.輔助類型道具(對我方)	06.藍	3	04.GASH商城	5001	33001	5030036	5330036	5500000	1105019	3ditem_c_001	999	1	-1	0	00.無	0		06.【強化】強化卷	6	02.強化武器	8			1000	21000	0	2	1	0	0	0	0	
	30037	4000	1	1	1	0	0	1.可以交易；0.被PK不掉	1	0	黃金祝福防卷	1	0.全角色	11.輔助類型道具(對我方)	06.藍	3	04.GASH商城	5001	34001	5030037	5330037	5500000	1105020	3ditem_c_001	999	1	-1	0	00.無	0		06.【強化】強化卷	6	05.防具加飾品	231			1000	7000	0	2	1	0	0	0	0	
	30038	4000	1	1	1	0	0	1.可以交易；0.被PK不掉	1	0	瞬間城鎮傳送卷軸	1	0.全角色	17.技能類道具	04.白	1	04.GASH商城	8000	2010005	5030038	5330038	5500000	1105065	3ditem_b_001	999	1	-1	0	00.無	0		04.【BOT】傳送	4	00.無	0				5000	0	8	1	0	0	0	0	
#	30039	4000	1	1	1	0	0	1.可以交易；0.被PK不掉	1	0	指定座標傳送卷軸	1	0.全角色	17.技能類道具	04.白	1	04.GASH商城	8000	2010006	5030039	5330039	5500000	1105066	3ditem_b_001	999	1	-1	0	00.無	0		04.【BOT】傳送	4	00.無	0				10000	0	8	1	0	0	0	0	
	30040	4000	1	1	1	0	0	1.可以交易；0.被PK不掉	1	0	指定人物傳送卷軸	1	0.全角色	17.技能類道具	04.白	1	04.GASH商城	8000	2010007	5030040	5330040	5500000	1105067	3ditem_b_001	999	1	-1	0	00.無	0		04.【BOT】傳送	4	00.無	0				10000	0	8	0	0	0	0	0	
	30041	4000	1	1	1	0	0	1.可以交易；0.被PK不掉	1	0	隨身修裝器	1	0.全角色	20.商城道具	04.白	1	04.GASH商城	8000	2030041	5030041	5330041	5500000	1105069	3ditem_b_001	999	1	-1	0	00.無	0		00.無	0	00.無	0				10000	0	11	0	0	0	0	0	
	30042	4000	1	1	1	0	0	1.可以交易；0.被PK不掉	1	0	異次元倉庫	1	0.全角色	20.商城道具	04.白	1	04.GASH商城	8000	2030042	5030042	5330042	5500000	1105070	3ditem_b_001	999	1	-1	0	00.無	0		00.無	0	00.無	0				15000	0	11	0	0	0	0	0	
	30043	4000	1	1	1	1	0	1.可以交易；0.被PK不掉	1	1	包裹寄送票	1	0.全角色	11.輔助類型道具(對我方)	04.白	1	04.GASH商城			5030043	5330043	5500000	1105033	3ditem_b_001	999	1	-1	0	00.無	0		00.無	0	00.無	0				2000	0	2	1	0	0	0	0	
	30044	4000	1	1	1	0	0	1.可以交易；0.被PK不掉	1	0	世界伺服器大聲公	1	0.全角色	20.商城道具	04.白	1	04.GASH商城	8000	2030043	5030044	5330044	5500000	1105034	3ditem_d_001	999	1	-1	0	00.無	0		00.無	0	00.無	0				5000	0	11	0	0	0	0	0	
	30045	4000	1	1	1	0	1	1.可以交易；0.被PK不掉	1	0	單一伺服器大聲公	1	0.全角色	20.商城道具	04.白	1	04.GASH商城			5030045	5330045	5500000	1105035	3ditem_d_001	1	1	-1	0	00.無	0		00.無	0	00.無	0				3000	0	11	0	0	0	0	0	
	30046	4000	1	1	1	0	0	1.可以交易；0.被PK不掉	1	0	經驗加倍券	1	0.全角色	20.商城道具	04.白	1	04.GASH商城	8000	2030044	5030046	5330046	5500000	1105049	3ditem_b_001	999	1	-1	0	00.無	0		00.無	0	00.無	0				25000	0	11	1	0	0	0	0	
	30047	4000	1	1	1	0	0	1.可以交易；0.被PK不掉	1	0	掉寶加倍券	1	0.全角色	20.商城道具	04.白	1	04.GASH商城	8000	2030045	5030047	5330047	5500000	1105050	3ditem_b_001	999	1	-1	0	00.無	0		00.無	0	00.無	0				25000	0	11	1	0	0	0	0	
	30048	4000	1	1	1	1	0	1.可以交易；1.被PK會掉	1	1	狂風藥劑	1	0.全角色	10.回復類型道具	04.白	1	03.商店購買	8000	2000133	5030048	5330048	5500000	1100050	3ditem_b_001	999	1	-1	0	00.無	0		00.無	0	00.無	0				500	50	1	1	0	0	0	0	
	30049	4000	1	1	1	1	0	1.可以交易；1.被PK會掉	1	1	烈火藥劑	1	0.全角色	10.回復類型道具	04.白	1	03.商店購買	8000	2000134	5030049	5330049	5500000	1100052	3ditem_b_001	999	1	-1	0	00.無	0		00.無	0	00.無	0				500	50	1	1	0	0	0	0	
	30050	4000	1	1	1	1	0	1.可以交易；1.被PK會掉	1	1	大地藥劑	1	0.全角色	10.回復類型道具	04.白	1	03.商店購買	8000	2000135	5030050	5330050	5500000	1100051	3ditem_b_001	999	1	-1	0	00.無	0		00.無	0	00.無	0				500	50	1	1	0	0	0	0	
	30051	4000	1	1	1	1	0	1.可以交易；1.被PK會掉	1	1	解除攻擊力卷軸	1	0.全角色	10.回復類型道具	04.白	1	03.商店購買	8000	2000136	5030051	5330051	5500000	1100055	3ditem_b_001	999	1	-1	0	00.無	0		00.無	0	00.無	0				500	50	1	1	0	0	0	0	
	30052	4000	1	1	1	1	0	1.可以交易；1.被PK會掉	1	1	解除防禦力卷軸	1	0.全角色	10.回復類型道具	04.白	1	03.商店購買	8000	2000137	5030052	5330052	5500000	1100056	3ditem_b_001	999	1	-1	0	00.無	0		00.無	0	00.無	0				500	50	1	1	0	0	0	0	
	30053	4000	1	1	1	1	0	1.可以交易；1.被PK會掉	1	1	解除淨化卷軸	1	0.全角色	10.回復類型道具	04.白	1	03.商店購買	8000	2000138	5030053	5330053	5500000	1100057	3ditem_b_001	999	1	-1	0	00.無	0		00.無	0	00.無	0				500	50	1	1	0	0	0	0	
	30054	4000	1	1	1	0	0	1.可以交易；0.被PK不掉	1	0	背包擴充券	1	0.全角色	20.商城道具	04.白	1	04.GASH商城	8000	2030054	5030054	5330054	5500000	1105071	3ditem_b_001	999	1	-1	0	00.無	0		00.無	0	00.無	0				15000	0	11	0	0	0	0	0	
	30055	4000	1	1	1	0	0	1.可以交易；0.被PK不掉	1	0	倉庫擴充券	1	0.全角色	20.商城道具	04.白	1	04.GASH商城	8000	2030055	5030055	5330055	5500000	1105072	3ditem_b_001	999	1	-1	0	00.無	0		00.無	0	00.無	0				15000	0	11	0	0	0	0	0	
	30056	4000	1	1	1	1	0	1.可以交易；1.被PK會掉	1	1	激發鬥志藥水Lv1	20	0.全角色	11.輔助類型道具(對我方)	05.綠	2	05.任務獎賞	8000	2000139	4400101	4400201	5500000	1100689	3ditem_b_001	999	20	-1	0	00.無	0		00.無	0	00.無	0				10	0	2	1	0	0	0	0	
	30057	4000	1	1	1	1	0	1.可以交易；1.被PK會掉	1	1	激發鬥志藥水Lv2	35	0.全角色	11.輔助類型道具(對我方)	05.綠	2	05.任務獎賞	8000	2000140	4400102	4400202	5500000	1100689	3ditem_b_001	999	35	-1	0	00.無	0		00.無	0	00.無	0				100	5	2	1	0	0	0	0	
	30058	4000	1	1	1	1	0	1.可以交易；1.被PK會掉	1	1	激發鬥志藥水Lv3	45	0.全角色	11.輔助類型道具(對我方)	05.綠	2	05.任務獎賞	8000	2000141	4400103	4400203	5500000	1100689	3ditem_b_001	999	45	-1	0	00.無	0		00.無	0	00.無	0				1000	50	2	1	0	0	0	0	
	30059	4000	1	1	1	1	0	1.可以交易；1.被PK會掉	1	1	聖光洗禮藥水Lv1	20	0.全角色	11.輔助類型道具(對我方)	05.綠	2	05.任務獎賞	8000	2000142	4400104	4400204	5500000	1100690	3ditem_b_001	999	20	-1	0	00.無	0		00.無	0	00.無	0				10	0	2	1	0	0	0	0	
	30060	4000	0	1	1	1	0	1.可以交易；1.被PK會掉	1	1	聖光洗禮藥水Lv2	35	0.全角色	11.輔助類型道具(對我方)	05.綠	2	05.任務獎賞	8000	2000143	4400105	4400205	5500000	1100690	3ditem_b_001	999	35	-1	0	00.無	0		00.無	0	00.無	0				100	5	2	1	0	0	0	0	
	30061	4000	0	1	1	1	0	1.可以交易；1.被PK會掉	1	1	聖光洗禮藥水Lv3	45	0.全角色	11.輔助類型道具(對我方)	05.綠	2	05.任務獎賞	8000	2000144	4400106	4400206	5500000	1100690	3ditem_b_001	999	45	-1	0	00.無	0		00.無	0	00.無	0				1000	50	2	1	0	0	0	0	
	30062	4000	1	1	1	1	0	1.可以交易；1.被PK會掉	1	1	靈魂淨化藥水Lv1	20	0.全角色	11.輔助類型道具(對我方)	05.綠	2	05.任務獎賞	8000	2000145	4400107	4400207	5500000	1100691	3ditem_b_001	999	20	-1	0	00.無	0		00.無	0	00.無	0				10	0	2	1	0	0	0	0	
	30063	4000	1	1	1	1	0	1.可以交易；1.被PK會掉	1	1	靈魂淨化藥水Lv2	35	0.全角色	11.輔助類型道具(對我方)	05.綠	2	05.任務獎賞	8000	2000146	4400108	4400208	5500000	1100691	3ditem_b_001	999	35	-1	0	00.無	0		00.無	0	00.無	0				100	5	2	1	0	0	0	0	
	30064	4000	1	1	1	1	0	1.可以交易；1.被PK會掉	1	1	靈魂淨化藥水Lv3	45	0.全角色	11.輔助類型道具(對我方)	05.綠	2	05.任務獎賞	8000	2000147	4400109	4400209	5500000	1100691	3ditem_b_001	999	45	-1	0	00.無	0		00.無	0	00.無	0				1000	50	2	1	0	0	0	0	
	30065	4000	1	1	1	1	0	1.可以交易；1.被PK會掉	1	1	魔力淨化藥水Lv1	20	0.全角色	11.輔助類型道具(對我方)	05.綠	2	05.任務獎賞	8000	2000148	4400110	4400210	5500000	1100692	3ditem_b_001	999	20	-1	0	00.無	0		00.無	0	00.無	0				10	0	2	1	0	0	0	0	
	30066	4000	0	1	1	1	0	1.可以交易；1.被PK會掉	1	1	魔力淨化藥水Lv2	35	0.全角色	11.輔助類型道具(對我方)	05.綠	2	05.任務獎賞	8000	2000149	4400111	4400211	5500000	1100692	3ditem_b_001	999	35	-1	0	00.無	0		00.無	0	00.無	0				100	5	2	1	0	0	0	0	
	30067	4000	0	1	1	1	0	1.可以交易；1.被PK會掉	1	1	魔力淨化藥水Lv3	45	0.全角色	11.輔助類型道具(對我方)	05.綠	2	05.任務獎賞	8000	2000150	4400112	4400212	5500000	1100692	3ditem_b_001	999	45	-1	0	00.無	0		00.無	0	00.無	0				1000	50	2	1	0	0	0	0	
	30068	4000	1	1	1	1	0	1.可以交易；1.被PK會掉	1	1	疾速風藥水Lv1	20	0.全角色	11.輔助類型道具(對我方)	05.綠	2	05.任務獎賞	8000	2000151	4400113	4400213	5500000	1100693	3ditem_b_001	999	20	-1	0	00.無	0		00.無	0	00.無	0				10	0	2	1	0	0	0	0	
	30069	4000	1	1	1	1	0	1.可以交易；1.被PK會掉	1	1	疾速風藥水Lv2	35	0.全角色	11.輔助類型道具(對我方)	05.綠	2	05.任務獎賞	8000	2000152	4400114	4400214	5500000	1100693	3ditem_b_001	999	35	-1	0	00.無	0		00.無	0	00.無	0				100	5	2	1	0	0	0	0	
	30070	4000	1	1	1	1	0	1.可以交易；1.被PK會掉	1	1	疾速風藥水Lv3	45	0.全角色	11.輔助類型道具(對我方)	05.綠	2	05.任務獎賞	8000	2000153	4400115	4400215	5500000	1100693	3ditem_b_001	999	45	-1	0	00.無	0		00.無	0	00.無	0				1000	50	2	1	0	0	0	0	
	30071	4000	1	1	1	1	0	1.可以交易；1.被PK會掉	1	1	身強體壯藥水Lv1	20	0.全角色	11.輔助類型道具(對我方)	05.綠	2	05.任務獎賞	8000	2000154	4400116	4400216	5500000	1100694	3ditem_b_001	999	20	-1	0	00.無	0		00.無	0	00.無	0				10	0	2	1	0	0	0	0	
	30072	4000	0	1	1	1	0	1.可以交易；1.被PK會掉	1	1	身強體壯藥水Lv2	35	0.全角色	11.輔助類型道具(對我方)	05.綠	2	05.任務獎賞	8000	2000155	4400117	4400217	5500000	1100694	3ditem_b_001	999	35	-1	0	00.無	0		00.無	0	00.無	0				100	5	2	1	0	0	0	0	
	30073	4000	0	1	1	1	0	1.可以交易；1.被PK會掉	1	1	身強體壯藥水Lv3	45	0.全角色	11.輔助類型道具(對我方)	05.綠	2	05.任務獎賞	8000	2000156	4400118	4400218	5500000	1100694	3ditem_b_001	999	45	-1	0	00.無	0		00.無	0	00.無	0				1000	50	2	1	0	0	0	0	
	30074	4000	1	1	1	1	0	1.可以交易；1.被PK會掉	1	1	體能充沛藥水Lv1	20	0.全角色	11.輔助類型道具(對我方)	05.綠	2	05.任務獎賞	8000	2000157	4400119	4400219	5500000	1100695	3ditem_b_001	999	20	-1	0	00.無	0		00.無	0	00.無	0				10	0	2	1	0	0	0	0	
	30075	4000	1	1	1	1	0	1.可以交易；1.被PK會掉	1	1	體能充沛藥水Lv2	35	0.全角色	11.輔助類型道具(對我方)	05.綠	2	05.任務獎賞	8000	2000158	4400120	4400220	5500000	1100695	3ditem_b_001	999	35	-1	0	00.無	0		00.無	0	00.無	0				100	5	2	1	0	0	0	0	
	30076	4000	1	1	1	1	0	1.可以交易；1.被PK會掉	1	1	體能充沛藥水Lv3	45	0.全角色	11.輔助類型道具(對我方)	05.綠	2	05.任務獎賞	8000	2000159	4400121	4400221	5500000	1100695	3ditem_b_001	999	45	-1	0	00.無	0		00.無	0	00.無	0				1000	50	2	1	0	0	0	0	
	30077	4000	1	1	1	1	0	1.可以交易；1.被PK會掉	1	1	鏡花水月藥水Lv1	20	0.全角色	11.輔助類型道具(對我方)	05.綠	2	05.任務獎賞	8000	2000160	4400122	4400222	5500000	1100696	3ditem_b_001	999	20	-1	0	00.無	0		00.無	0	00.無	0				10	0	2	1	0	0	0	0	
	30078	4000	0	1	1	1	0	1.可以交易；1.被PK會掉	1	1	鏡花水月藥水Lv2	35	0.全角色	11.輔助類型道具(對我方)	05.綠	2	05.任務獎賞	8000	2000161	4400123	4400223	5500000	1100696	3ditem_b_001	999	35	-1	0	00.無	0		00.無	0	00.無	0				100	5	2	1	0	0	0	0	
	30079	4000	0	1	1	1	0	1.可以交易；1.被PK會掉	1	1	鏡花水月藥水Lv3	45	0.全角色	11.輔助類型道具(對我方)	05.綠	2	05.任務獎賞	8000	2000162	4400124	4400224	5500000	1100696	3ditem_b_001	999	45	-1	0	00.無	0		00.無	0	00.無	0				1000	50	2	1	0	0	0	0	
	30080	4000	1	1	1	1	0	1.可以交易；1.被PK會掉	1	1	祝福的攻擊藥水Lv1	20	0.全角色	11.輔助類型道具(對我方)	05.綠	2	05.任務獎賞	8000	2000163	4400125	4400225	5500000	1100697	3ditem_b_001	999	20	-1	0	00.無	0		00.無	0	00.無	0				10	0	2	1	0	0	0	0	
	30081	4000	1	1	1	1	0	1.可以交易；1.被PK會掉	1	1	祝福的攻擊藥水Lv2	35	0.全角色	11.輔助類型道具(對我方)	05.綠	2	05.任務獎賞	8000	2000164	4400126	4400226	5500000	1100697	3ditem_b_001	999	35	-1	0	00.無	0		00.無	0	00.無	0				100	5	2	1	0	0	0	0	
	30082	4000	1	1	1	1	0	1.可以交易；1.被PK會掉	1	1	祝福的攻擊藥水Lv3	45	0.全角色	11.輔助類型道具(對我方)	05.綠	2	05.任務獎賞	8000	2000165	4400127	4400227	5500000	1100697	3ditem_b_001	999	45	-1	0	00.無	0		00.無	0	00.無	0				1000	50	2	1	0	0	0	0	
	30083	4000	1	1	1	1	0	1.可以交易；1.被PK會掉	1	1	祝福的防禦藥水Lv1	20	0.全角色	11.輔助類型道具(對我方)	05.綠	2	05.任務獎賞	8000	2000166	4400128	4400228	5500000	1100698	3ditem_b_001	999	20	-1	0	00.無	0		00.無	0	00.無	0				10	0	2	1	0	0	0	0	
	30084	4000	0	1	1	1	0	1.可以交易；1.被PK會掉	1	1	祝福的防禦藥水Lv2	35	0.全角色	11.輔助類型道具(對我方)	05.綠	2	05.任務獎賞	8000	2000167	4400129	4400229	5500000	1100698	3ditem_b_001	999	35	-1	0	00.無	0		00.無	0	00.無	0				100	5	2	1	0	0	0	0	
	30085	4000	0	1	1	1	0	1.可以交易；1.被PK會掉	1	1	祝福的防禦藥水Lv3	45	0.全角色	11.輔助類型道具(對我方)	05.綠	2	05.任務獎賞	8000	2000168	4400130	4400230	5500000	1100698	3ditem_b_001	999	45	-1	0	00.無	0		00.無	0	00.無	0				1000	50	2	1	0	0	0	0	
	30086	4000	1	1	1	1	0	1.可以交易；1.被PK會掉	1	1	祝福的加速藥水Lv1	20	0.全角色	11.輔助類型道具(對我方)	05.綠	2	05.任務獎賞	8000	2000169	4400131	4400231	5500000	1100699	3ditem_b_001	999	20	-1	0	00.無	0		00.無	0	00.無	0				10	0	2	1	0	0	0	0	
	30087	4000	1	1	1	1	0	1.可以交易；1.被PK會掉	1	1	祝福的加速藥水Lv2	35	0.全角色	11.輔助類型道具(對我方)	05.綠	2	05.任務獎賞	8000	2000170	4400132	4400232	5500000	1100699	3ditem_b_001	999	35	-1	0	00.無	0		00.無	0	00.無	0				100	5	2	1	0	0	0	0	
	30088	4000	1	1	1	1	0	1.可以交易；1.被PK會掉	1	1	祝福的加速藥水Lv3	45	0.全角色	11.輔助類型道具(對我方)	05.綠	2	05.任務獎賞	8000	2000171	4400133	4400233	5500000	1100699	3ditem_b_001	999	45	-1	0	00.無	0		00.無	0	00.無	0				1000	50	2	1	0	0	0	0	
	30089	4000	1	1	1	1	0	1.可以交易；0.被PK不掉	1	1	繃帶（技能消耗品）	1	0.全角色	11.輔助類型道具(對我方)	04.白	1	03.商店購買			5030089	5330089	5500000	1105036	3ditem_b_001	999	1	-1	0	00.無	0		00.無	0	00.無	0				50	5	2	0	0	0	0	0	
	30090	4000	1	1	1	1	0	1.可以交易；0.被PK不掉	1	1	煙霧彈（技能消耗品）	1	0.全角色	12.輔助類型道具(對敵方)	04.白	1	03.商店購買			5030090	5330090	5500000	1105037	3ditem_b_001	999	1	-1	0	00.無	0		00.無	0	00.無	0				150	15	3	0	0	0	0	0	
	30091	4000	1	1	1	1	0	1.可以交易；1.被PK會掉	1	1	一般武卷-防爆	1	0.全角色	11.輔助類型道具(對我方)	05.綠	2	03.商店購買	5001	21001	5030091	5330091	5500000	1105021	3ditem_c_001	999	1	-1	0	00.無	0		06.【強化】強化卷	6	02.強化武器	8	1			3000	300	2	1	0	0	0	0	
	30092	4000	1	1	1	1	0	1.可以交易；1.被PK會掉	1	1	一般防卷-防爆	1	0.全角色	11.輔助類型道具(對我方)	05.綠	2	03.商店購買	5001	22001	5030092	5330092	5500000	1105022	3ditem_c_001	999	1	-1	0	00.無	0		06.【強化】強化卷	6	05.防具加飾品	231	1			1000	100	2	1	0	0	0	0	
	30093	4000	1	1	1	1	0	1.可以交易；1.被PK會掉	1	1	祝福武卷-防爆	1	0.全角色	11.輔助類型道具(對我方)	05.綠	2	08.怪物掉寶、任務獎賞	5001	23001	5030093	5330093	5500000	1105023	3ditem_c_001	999	1	-1	0	00.無	0		06.【強化】強化卷	6	02.強化武器	8	1			3000	150	2	1	0	0	0	0	
	30094	4000	1	1	1	1	0	1.可以交易；1.被PK會掉	1	1	祝福防卷-防爆	1	0.全角色	11.輔助類型道具(對我方)	05.綠	2	08.怪物掉寶、任務獎賞	5001	24001	5030094	5330094	5500000	1105024	3ditem_c_001	999	1	-1	0	00.無	0		06.【強化】強化卷	6	05.防具加飾品	231	1			1000	50	2	1	0	0	0	0	
	30095	4000	1	1	1	0	0	1.可以交易；0.被PK不掉	1	0	黃金武卷-防爆	1	0.全角色	11.輔助類型道具(對我方)	06.藍	3	04.GASH商城	5001	31001	5030095	5330095	5500000	1105025	3ditem_c_001	999	1	-1	0	00.無	0		06.【強化】強化卷	6	02.強化武器	8	1		1000	2500	0	2	1	0	0	0	0	
	30096	4000	1	1	1	0	0	1.可以交易；0.被PK不掉	1	0	黃金防卷-防爆	1	0.全角色	11.輔助類型道具(對我方)	06.藍	3	04.GASH商城	5001	32001	5030096	5330096	5500000	1105026	3ditem_c_001	999	1	-1	0	00.無	0		06.【強化】強化卷	6	05.防具加飾品	231	1		1000	2500	0	2	1	0	0	0	0	
	30097	4000	1	1	1	0	0	1.可以交易；0.被PK不掉	1	0	黃金祝福武卷-防爆	1	0.全角色	11.輔助類型道具(對我方)	06.藍	3	04.GASH商城	5001	33001	5030097	5330097	5500000	1105027	3ditem_c_001	999	1	-1	0	00.無	0		06.【強化】強化卷	6	02.強化武器	8	1		1000	21000	0	2	1	0	0	0	0	
	30098	4000	1	1	1	0	0	1.可以交易；0.被PK不掉	1	0	黃金祝福防卷-防爆	1	0.全角色	11.輔助類型道具(對我方)	06.藍	3	04.GASH商城	5001	34001	5030098	5330098	5500000	1105028	3ditem_c_001	999	1	-1	0	00.無	0		06.【強化】強化卷	6	05.防具加飾品	231	1		1000	7000	0	2	1	0	0	0	0	
	30101	4000	1	1	1	1	0	1.可以交易；1.被PK會掉	1	1	心願晶沙	1	0.全角色	11.輔助類型道具(對我方)	04.白	1	03.商店購買			5030101	5330101	5500000	1105029	3ditem_b_001	10000		-1	0	00.無	0		05.【強化】心願結晶	5	00.無	0			1	25	2	2	0	0	0	0	0	
	30102	4000	1	1	1	1	0	1.可以交易；1.被PK會掉	1	1	心願晶塊	1	0.全角色	11.輔助類型道具(對我方)	04.白	1	03.商店購買			5030102	5330102	5500000	1105030	3ditem_b_001	10000		-1	0	00.無	0		05.【強化】心願結晶	5	00.無	0			2	100	10	2	0	0	0	0	0	
	30103	4000	1	1	1	1	0	1.可以交易；1.被PK會掉	1	1	心願晶石	1	0.全角色	11.輔助類型道具(對我方)	04.白	1	03.商店購買			5030103	5330103	5500000	1105031	3ditem_b_001	10000		-1	0	00.無	0		05.【強化】心願結晶	5	00.無	0			3	250	25	2	0	0	0	0	0	
	30104	4000	1	1	1	1	0	1.可以交易；1.被PK會掉	1	1	心願晶柱	1	0.全角色	11.輔助類型道具(對我方)	04.白	1	03.商店購買			5030104	5330104	5500000	1105032	3ditem_b_001	10000		-1	0	00.無	0		05.【強化】心願結晶	5	00.無	0			4	500	50	2	0	0	0	0	0	
# 狩獵王掉落：變身道具類 3-1001 ~ 3-1900																																															
	31001	4000	1	1	1	1	0	1.可以交易；1.被PK會掉	1	1	變身糖果 - 兔王	20	0.全角色	13.變身道具	04.白	1	07.怪物掉寶	8000	2010101	5031001	5331001	5500000	1100625	3ditem_d_001	999	20	-1	0	00.無	0		00.無	0	00.無	0				1000	50	4	1	0	0	0	0	
	31002	4000	1	1	1	1	0	1.可以交易；1.被PK會掉	1	1	變身糖果 - 象王	30	0.全角色	13.變身道具	04.白	1	07.怪物掉寶	8000	2010102	5031002	5331002	5500000	1100626	3ditem_d_001	999	30	-1	0	00.無	0		00.無	0	00.無	0				1000	50	4	1	0	0	0	0	
	31003	4000	1	1	1	1	0	1.可以交易；1.被PK會掉	1	1	變身糖果 - 彪王	40	0.全角色	13.變身道具	04.白	1	07.怪物掉寶	8000	2010103	5031003	5331003	5500000	1100627	3ditem_d_001	999	40	-1	0	00.無	0		00.無	0	00.無	0				1000	50	4	1	0	0	0	0	
	31004	4000	1	1	1	1	0	1.可以交易；1.被PK會掉	1	1	變身糖果 - 駱駝王	40	0.全角色	13.變身道具	04.白	1	07.怪物掉寶	8000	2010104	5031004	5331004	5500000	1100628	3ditem_d_001	999	40	-1	0	00.無	0		00.無	0	00.無	0				1000	50	4	1	0	0	0	0	
	31005	4000	1	1	1	1	0	1.可以交易；1.被PK會掉	1	1	變身糖果 - 鷹王	50	0.全角色	13.變身道具	04.白	1	07.怪物掉寶	8000	2010105	5031005	5331005	5500000	1100629	3ditem_d_001	999	50	-1	0	00.無	0		00.無	0	00.無	0				1000	50	4	1	0	0	0	0	
	31006	4000	1	1	1	1	0	1.可以交易；1.被PK會掉	1	1	變身糖果 - 貓王	50	0.全角色	13.變身道具	04.白	1	07.怪物掉寶	8000	2010106	5031006	5331006	5500000	1100630	3ditem_d_001	999	50	-1	0	00.無	0		00.無	0	00.無	0				1000	50	4	1	0	0	0	0	
	31011	4000	1	1	1	1	0	1.可以交易；1.被PK會掉	1	1	變身糖果 - 林沖	20	0.全角色	13.變身道具	04.白	1	07.怪物掉寶	8000	2010111	5031011	5331011	5500000	1100633	3ditem_d_001	999	20	-1	0	00.無	0		00.無	0	00.無	0				1000	50	4	1	0	0	0	0	
	31012	4000	1	1	1	1	0	1.可以交易；1.被PK會掉	1	1	變身糖果 - 雷橫	30	0.全角色	13.變身道具	04.白	1	07.怪物掉寶	8000	2010112	5031012	5331012	5500000	1100634	3ditem_d_001	999	20	-1	0	00.無	0		00.無	0	00.無	0				1000	50	4	1	0	0	0	0	
	31013	4000	1	1	1	1	0	1.可以交易；1.被PK會掉	1	1	變身糖果 - 孫二娘	40	0.全角色	13.變身道具	04.白	1	07.怪物掉寶	8000	2010113	5031013	5331013	5500000	1100635	3ditem_d_001	999	20	-1	0	00.無	0		00.無	0	00.無	0				1000	50	4	1	0	0	0	0	
	31014	4000	1	1	1	1	0	1.可以交易；1.被PK會掉	1	1	變身糖果 - 戴宗	40	0.全角色	13.變身道具	04.白	1	07.怪物掉寶	8000	2010114	5031014	5331014	5500000	1100636	3ditem_d_001	999	20	-1	0	00.無	0		00.無	0	00.無	0				1000	50	4	1	0	0	0	0	
	31015	4000	1	1	1	1	0	1.可以交易；1.被PK會掉	1	1	變身糖果 - 史進	50	0.全角色	13.變身道具	04.白	1	07.怪物掉寶	8000	2010115	5031015	5331015	5500000	1100637	3ditem_d_001	999	20	-1	0	00.無	0		00.無	0	00.無	0				1000	50	4	1	0	0	0	0	
	31016	4000	1	1	1	1	0	1.可以交易；1.被PK會掉	1	1	變身糖果 - 李逵	50	0.全角色	13.變身道具	04.白	1	07.怪物掉寶	8000	2010116	5031016	5331016	5500000	1100638	3ditem_d_001	999	20	-1	0	00.無	0		00.無	0	00.無	0				1000	50	4	1	0	0	0	0	
	31017	4000	1	1	1	1	0	1.可以交易；1.被PK會掉	1	1	變身糖果 - 顧大嫂	20	0.全角色	13.變身道具	04.白	1	07.怪物掉寶	8000	2010117	5031017	5331017	5500000	1100639	3ditem_d_001	999	20	-1	0	00.無	0		00.無	0	00.無	0				1000	50	4	1	0	0	0	0	
	31018	4000	1	1	1	1	0	1.可以交易；1.被PK會掉	1	1	變身糖果 - 花榮	30	0.全角色	13.變身道具	04.白	1	07.怪物掉寶	8000	2010118	5031018	5331018	5500000	1100640	3ditem_d_001	999	20	-1	0	00.無	0		00.無	0	00.無	0				1000	50	4	1	0	0	0	0	
	31019	4000	1	1	1	1	0	0.不可交易；0.被PK不掉	0	0	變身糖果-葫蘆砲車	30	0.全角色	13.變身道具	04.白	1	07.怪物掉寶	8000	2010119	5031019	5331019	5500000	1100631	3ditem_d_001	999	20	-1	0	00.無	0		00.無	0	00.無	0				1000	50	41	1	0	0	0	0	
# 狩獵王掉落：公會大絕招 3-2001 ~ 3-2999																																															
	32010	4000	1	1	1	1	0	1.可以交易；1.被PK會掉	1	1	通用兔王召喚炸彈	20	0.全角色	14.公會大絕道具	04.白	1	07.怪物掉寶	8000	2020100	5032010	5332010	5500000	1100641	3ditem_d_001	999	20	-1	0	00.無	0	0	00.無	0	00.無	0				1000	50	5	1	0	0	0	0	
	32011	4000	1	1	1	1	0	1.可以交易；1.被PK會掉	1	1	高級兔王召喚炸彈	20	0.全角色	14.公會大絕道具	11.幹部級	1	07.怪物掉寶	8000	2020101	5032011	5332011	5500000	1100641	3ditem_d_001	999	20	-1	0	02.幹部	200	5	00.無	0	00.無	0				1000	50	5	1	0	0	0	0	
	32012	4000	1	1	1	1	0	1.可以交易；1.被PK會掉	1	1	豪華兔王召喚炸彈	20	0.全角色	14.公會大絕道具	12.副會長級	1	07.怪物掉寶	8000	2020102	5032012	5332012	5500000	1100642	3ditem_d_001	999	20	-1	0	03.副會長	300	5	00.無	0	00.無	0				1000	50	5	1	0	0	0	0	
	32013	4000	1	1	1	1	0	1.可以交易；1.被PK會掉	1	1	尊榮兔王召喚炸彈	20	0.全角色	14.公會大絕道具	13.會長級	1	07.怪物掉寶	8000	2020103	5032013	5332013	5500000	1100643	3ditem_d_001	999	20	-1	0	04.會長	400	5	00.無	0	00.無	0				1000	50	5	1	0	0	0	0	
	32020	4000	1	1	1	1	0	1.可以交易；1.被PK會掉	1	1	通用象王召喚炸彈	30	0.全角色	14.公會大絕道具	04.白	1	07.怪物掉寶	8000	2020200	5032020	5332020	5500000	1100645	3ditem_d_001	999	30	-1	0	00.無	0	0	00.無	0	00.無	0				1000	50	5	1	0	0	0	0	
	32021	4000	1	1	1	1	0	1.可以交易；1.被PK會掉	1	1	高級象王召喚炸彈	30	0.全角色	14.公會大絕道具	11.幹部級	1	07.怪物掉寶	8000	2020201	5032021	5332021	5500000	1100645	3ditem_d_001	999	30	-1	0	02.幹部	200	5	00.無	0	00.無	0				1000	50	5	1	0	0	0	0	
	32022	4000	1	1	1	1	0	1.可以交易；1.被PK會掉	1	1	豪華象王召喚炸彈	30	0.全角色	14.公會大絕道具	12.副會長級	1	07.怪物掉寶	8000	2020202	5032022	5332022	5500000	1100646	3ditem_d_001	999	30	-1	0	03.副會長	300	5	00.無	0	00.無	0				1000	50	5	1	0	0	0	0	
	32023	4000	1	1	1	1	0	1.可以交易；1.被PK會掉	1	1	尊榮象王召喚炸彈	30	0.全角色	14.公會大絕道具	13.會長級	1	07.怪物掉寶	8000	2020203	5032023	5332023	5500000	1100647	3ditem_d_001	999	30	-1	0	04.會長	400	5	00.無	0	00.無	0				1000	50	5	1	0	0	0	0	
	32030	4000	1	1	1	1	0	1.可以交易；1.被PK會掉	1	1	通用彪王召喚炸彈	40	0.全角色	14.公會大絕道具	04.白	1	07.怪物掉寶	8000	2020300	5032030	5332030	5500000	1100649	3ditem_d_001	999	40	-1	0	00.無	0	0	00.無	0	00.無	0				1000	50	5	1	0	0	0	0	
	32031	4000	1	1	1	1	0	1.可以交易；1.被PK會掉	1	1	高級彪王召喚炸彈	40	0.全角色	14.公會大絕道具	11.幹部級	1	07.怪物掉寶	8000	2020301	5032031	5332031	5500000	1100649	3ditem_d_001	999	40	-1	0	02.幹部	200	5	00.無	0	00.無	0				1000	50	5	1	0	0	0	0	
	32032	4000	1	1	1	1	0	1.可以交易；1.被PK會掉	1	1	豪華彪王召喚炸彈	40	0.全角色	14.公會大絕道具	12.副會長級	1	07.怪物掉寶	8000	2020302	5032032	5332032	5500000	1100650	3ditem_d_001	999	40	-1	0	03.副會長	300	5	00.無	0	00.無	0				1000	50	5	1	0	0	0	0	
	32033	4000	1	1	1	1	0	1.可以交易；1.被PK會掉	1	1	尊榮彪王召喚炸彈	40	0.全角色	14.公會大絕道具	13.會長級	1	07.怪物掉寶	8000	2020303	5032033	5332033	5500000	1100651	3ditem_d_001	999	40	-1	0	04.會長	400	5	00.無	0	00.無	0				1000	50	5	1	0	0	0	0	
	32040	4000	1	1	1	1	0	1.可以交易；1.被PK會掉	1	1	通用鷹王召喚炸彈	50	0.全角色	14.公會大絕道具	04.白	1	07.怪物掉寶	8000	2020400	5032040	5332040	5500000	1100653	3ditem_d_001	999	50	-1	0	00.無	0	0	00.無	0	00.無	0				1000	50	5	1	0	0	0	0	
	32041	4000	1	1	1	1	0	1.可以交易；1.被PK會掉	1	1	高級鷹王召喚炸彈	50	0.全角色	14.公會大絕道具	11.幹部級	1	07.怪物掉寶	8000	2020401	5032041	5332041	5500000	1100653	3ditem_d_001	999	50	-1	0	02.幹部	200	5	00.無	0	00.無	0				1000	50	5	1	0	0	0	0	
	32042	4000	1	1	1	1	0	1.可以交易；1.被PK會掉	1	1	豪華鷹王召喚炸彈	50	0.全角色	14.公會大絕道具	12.副會長級	1	07.怪物掉寶	8000	2020402	5032042	5332042	5500000	1100654	3ditem_d_001	999	50	-1	0	03.副會長	300	5	00.無	0	00.無	0				1000	50	5	1	0	0	0	0	
	32043	4000	1	1	1	1	0	1.可以交易；1.被PK會掉	1	1	尊榮鷹王召喚炸彈	50	0.全角色	14.公會大絕道具	13.會長級	1	07.怪物掉寶	8000	2020403	5032043	5332043	5500000	1100655	3ditem_d_001	999	50	-1	0	04.會長	400	5	00.無	0	00.無	0				1000	50	5	1	0	0	0	0	
#	32050	4000	0	1	1	1	0	1.可以交易；1.被PK會掉	1	1	通用駱駝王召喚炸彈	50	0.全角色	14.公會大絕道具	04.白	1	07.怪物掉寶	8000	2020500	5032050	5332050	5500000	1100657	3ditem_d_001	999	50	-1	0	00.無	0	0	00.無	0	00.無	0				1000	50	5	1	0	0	0	0	
#	32051	4000	0	1	1	1	0	1.可以交易；1.被PK會掉	1	1	高級駱駝王召喚炸彈	50	0.全角色	14.公會大絕道具	11.幹部級	1	07.怪物掉寶	8000	2020501	5032051	5332051	5500000	1100657	3ditem_d_001	999	50	-1	0	02.幹部	200	5	00.無	0	00.無	0				1000	50	5	1	0	0	0	0	
#	32052	4000	0	1	1	1	0	1.可以交易；1.被PK會掉	1	1	豪華駱駝王召喚炸彈	50	0.全角色	14.公會大絕道具	12.副會長級	1	07.怪物掉寶	8000	2020502	5032052	5332052	5500000	1100658	3ditem_d_001	999	50	-1	0	03.副會長	300	5	00.無	0	00.無	0				1000	50	5	1	0	0	0	0	
#	32053	4000	0	1	1	1	0	1.可以交易；1.被PK會掉	1	1	尊榮駱駝王召喚炸彈	50	0.全角色	14.公會大絕道具	13.會長級	1	07.怪物掉寶	8000	2020503	5032053	5332053	5500000	1100659	3ditem_d_001	999	50	-1	0	04.會長	400	5	00.無	0	00.無	0				1000	50	5	1	0	0	0	0	
	32060	4000	1	1	1	1	0	1.可以交易；1.被PK會掉	1	1	通用貓王召喚炸彈	50	0.全角色	14.公會大絕道具	04.白	1	07.怪物掉寶	8000	2020600	5032060	5332060	5500000	1100661	3ditem_d_001	999	50	-1	0	00.無	0	0	00.無	0	00.無	0				1000	50	5	1	0	0	0	0	
	32061	4000	1	1	1	1	0	1.可以交易；1.被PK會掉	1	1	高級貓王召喚炸彈	50	0.全角色	14.公會大絕道具	11.幹部級	1	07.怪物掉寶	8000	2020601	5032061	5332061	5500000	1100661	3ditem_d_001	999	50	-1	0	02.幹部	200	5	00.無	0	00.無	0				1000	50	5	1	0	0	0	0	
	32062	4000	1	1	1	1	0	1.可以交易；1.被PK會掉	1	1	豪華貓王召喚炸彈	50	0.全角色	14.公會大絕道具	12.副會長級	1	07.怪物掉寶	8000	2020602	5032062	5332062	5500000	1100662	3ditem_d_001	999	50	-1	0	03.副會長	300	5	00.無	0	00.無	0				1000	50	5	1	0	0	0	0	
	32063	4000	1	1	1	1	0	1.可以交易；1.被PK會掉	1	1	尊榮貓王召喚炸彈	50	0.全角色	14.公會大絕道具	13.會長級	1	07.怪物掉寶	8000	2020603	5032063	5332063	5500000	1100663	3ditem_d_001	999	50	-1	0	04.會長	400	5	00.無	0	00.無	0				1000	50	5	1	0	0	0	0	
# 一般道具類4-0001 ~ 5-0000																																															
# 怪物掉落雜物 40001~ 依怪物獨特性而偏向單獨掉落的物品																																															
	40001	4000	1	1	1	1	0	1.可以交易；1.被PK會掉	1	1	蝸牛殼	4	0.全角色	26.雜物類型道具 	03.灰	0	07.怪物掉寶			5040001	5300000	5500000	1100529	3ditem_b_001	999		-1	0	00.無	0		00.無	0	00.無	0				243	12	106	0	0	0	0	0	
	40002	4000	1	1	1	1	0	1.可以交易；1.被PK會掉	1	1	刺蝟針毛	6	0.全角色	26.雜物類型道具 	03.灰	0	07.怪物掉寶			5040002	5300000	5500000	1100530	3ditem_b_001	999		-1	0	00.無	0		00.無	0	00.無	0				385	19	106	0	0	0	0	0	
	40003	4000	1	1	1	1	0	1.可以交易；1.被PK會掉	1	1	折斷的手杖	17	0.全角色	26.雜物類型道具 	03.灰	0	07.怪物掉寶			5040003	5300000	5500000	1100531	3ditem_b_001	999		-1	0	00.無	0		00.無	0	00.無	0				1628	81	106	0	0	0	0	0	
	40004	4000	1	1	1	1	0	1.可以交易；1.被PK會掉	1	1	胖達的毒液	19	0.全角色	26.雜物類型道具 	03.灰	0	07.怪物掉寶			5040004	5300000	5500000	1100532	3ditem_b_001	999		-1	0	00.無	0		00.無	0	00.無	0				1901	95	106	0	0	0	0	0	
	40005	4000	1	1	1	1	0	1.可以交易；1.被PK會掉	1	1	紅燈籠	25	0.全角色	26.雜物類型道具 	03.灰	0	07.怪物掉寶			5040005	5300000	5500000	1100533	3ditem_b_001	999		-1	0	00.無	0		00.無	0	00.無	0				3041	152	106	0	0	0	0	0	
	40006	4000	1	1	1	1	0	1.可以交易；1.被PK會掉	1	1	藍燈籠	26	0.全角色	26.雜物類型道具 	03.灰	0	07.怪物掉寶			5040006	5300000	5500000	1100534	3ditem_b_001	999		-1	0	00.無	0		00.無	0	00.無	0				3478	173	106	0	0	0	0	0	
	40007	4000	1	1	1	1	0	1.可以交易；1.被PK會掉	1	1	頭盔	35	0.全角色	26.雜物類型道具 	03.灰	0	07.怪物掉寶			5040007	5300000	5500000	1100535	3ditem_b_001	999		-1	0	00.無	0		00.無	0	00.無	0				5843	292	106	0	0	0	0	0	
	40008	4000	1	1	1	1	0	1.可以交易；1.被PK會掉	1	1	小皮球	39	0.全角色	23.一般可交易任務道具	03.灰	0	07.怪物掉寶			5040008	5340008	5540008	1100673	3ditem_d_001	999		-1	0	00.無	0		00.無	0	00.無	0				7442	372	103	0	0	0	0	0	
	40009	4000	1	1	1	0	0	0.不可交易；0.被PK不掉	0	0	能源收集器	42	0.全角色	22.限定任務收集道具	04.白	1	07.怪物掉寶			5040009	5300000	5500000	1100674	3ditem_d_001	999		-1	0	00.無	0		00.無	0	00.無	0				9016	450	102	0	0	0	0	0	
	40010	4000	1	1	1	0	0	0.不可交易；0.被PK不掉	0	0	絕緣體	43	0.全角色	22.限定任務收集道具	04.白	1	07.怪物掉寶			5040010	5300000	5500000	1100675	3ditem_d_001	999		-1	0	00.無	0		00.無	0	00.無	0				9355	467	102	0	0	0	0	0	
	40011	4000	1	1	1	0	0	0.不可交易；0.被PK不掉	0	0	正極能源	44	0.全角色	22.限定任務收集道具	04.白	1	07.怪物掉寶			5040011	5300000	5500000	1100676	3ditem_d_001	999		-1	0	00.無	0		00.無	0	00.無	0				9702	485	102	0	0	0	0	0	
	40012	4000	1	1	1	0	0	0.不可交易；0.被PK不掉	0	0	負極能源	44	0.全角色	22.限定任務收集道具	04.白	1	07.怪物掉寶			5040012	5300000	5500000	1100677	3ditem_d_001	999		-1	0	00.無	0		00.無	0	00.無	0				9702	485	102	0	0	0	0	0	
	40013	4000	1	1	1	0	0	0.不可交易；0.被PK不掉	0	0	超級能源	45	0.全角色	22.限定任務收集道具	05.綠	2	07.怪物掉寶			5040013	5300000	5500000	1100678	3ditem_d_001	999		-1	0	00.無	0		00.無	0	00.無	0				10059	502	102	0	0	0	0	0	
	40014	4000	1	1	1	1	0	1.可以交易；1.被PK會掉	1	1	微弱電力	42	0.全角色	23.一般可交易任務道具	03.灰	0	07.怪物掉寶			5040014	5300000	5500000	1100679	3ditem_d_001	999		-1	0	00.無	0		00.無	0	00.無	0				9016	450	103	0	0	0	0	0	
	40015	4000	1	1	1	0	0	0.不可交易；0.被PK不掉	0	0	中強電力	42	0.全角色	22.限定任務收集道具	04.白	1	07.怪物掉寶			5040015	5300000	5500000	1100680	3ditem_d_001	999		-1	0	00.無	0		00.無	0	00.無	0				9016	450	102	0	0	0	0	0	
	40016	4000	1	1	1	0	0	0.不可交易；0.被PK不掉	0	0	微強電力	42	0.全角色	22.限定任務收集道具	04.白	1	07.怪物掉寶			5040016	5300000	5500000	1100681	3ditem_d_001	999		-1	0	00.無	0		00.無	0	00.無	0				9016	450	102	0	0	0	0	0	
# 比較能依規律掉落的物品																																															
	40017	4000	1	1	1	1	0	1.可以交易；1.被PK會掉	1	1	破碎的蘿蔔	5	0.全角色	26.雜物類型道具 	03.灰	0	07.怪物掉寶			5040017	5300000	5500000	1100545	3ditem_b_001	999		-1	0	00.無	0		00.無	0	00.無	0				297	14	106	0	0	0	0	0	
	40018	4000	1	1	1	1	0	1.可以交易；1.被PK會掉	1	1	小塊的蘿蔔	10	0.全角色	26.雜物類型道具 	03.灰	0	07.怪物掉寶			5040018	5300000	5500000	1100546	3ditem_b_001	999		-1	0	00.無	0		00.無	0	00.無	0				692	34	106	0	0	0	0	0	
	40019	4000	1	1	1	1	0	1.可以交易；1.被PK會掉	1	1	吃一半的蘿蔔	15	0.全角色	26.雜物類型道具 	03.灰	0	07.怪物掉寶			5040019	5300000	5500000	1100547	3ditem_b_001	999		-1	0	00.無	0		00.無	0	00.無	0				1271	63	106	0	0	0	0	0	
	40020	4000	1	1	1	1	0	1.可以交易；1.被PK會掉	1	1	完整的蘿蔔	20	0.全角色	26.雜物類型道具 	03.灰	0	07.怪物掉寶			5040020	5300000	5500000	1100548	3ditem_b_001	999		-1	0	00.無	0		00.無	0	00.無	0				2045	102	106	0	0	0	0	0	
	40021	4000	1	1	1	1	0	1.可以交易；1.被PK會掉	1	1	破爛的補蟲網	1	0.全角色	26.雜物類型道具 	03.灰	0	07.怪物掉寶			5040021	5300000	5500000	1100549	3ditem_b_001	999		-1	0	00.無	0		00.無	0	00.無	0				132	6	106	0	0	0	0	0	
	40022	4000	1	1	1	1	0	1.可以交易；1.被PK會掉	1	1	破損的補蟲網	6	0.全角色	26.雜物類型道具 	03.灰	0	07.怪物掉寶			5040022	5300000	5500000	1100550	3ditem_b_001	999		-1	0	00.無	0		00.無	0	00.無	0				385	19	106	0	0	0	0	0	
	40023	4000	1	1	1	1	0	1.可以交易；1.被PK會掉	1	1	骯髒的補蟲網	10	0.全角色	26.雜物類型道具 	03.灰	0	07.怪物掉寶			5040023	5300000	5500000	1100551	3ditem_b_001	999		-1	0	00.無	0		00.無	0	00.無	0				692	34	106	0	0	0	0	0	
	40024	4000	1	1	1	1	0	1.可以交易；1.被PK會掉	1	1	完整的補蟲網	14	0.全角色	26.雜物類型道具 	03.灰	0	07.怪物掉寶			5040024	5300000	5500000	1100552	3ditem_b_001	999		-1	0	00.無	0		00.無	0	00.無	0				1156	57	106	0	0	0	0	0	
	40025	4000	1	1	1	1	0	1.可以交易；1.被PK會掉	1	1	斷掉的跳繩	3	0.全角色	26.雜物類型道具 	03.灰	0	07.怪物掉寶			5040025	5300000	5500000	1100553	3ditem_b_001	999		-1	0	00.無	0		00.無	0	00.無	0				196	9	106	0	0	0	0	0	
	40026	4000	1	1	1	1	0	1.可以交易；1.被PK會掉	1	1	打結的跳繩	7	0.全角色	26.雜物類型道具 	03.灰	0	07.怪物掉寶			5040026	5300000	5500000	1100554	3ditem_b_001	999		-1	0	00.無	0		00.無	0	00.無	0				453	22	106	0	0	0	0	0	
	40027	4000	1	1	1	1	0	1.可以交易；1.被PK會掉	1	1	骯髒的跳繩	11	0.全角色	26.雜物類型道具 	03.灰	0	07.怪物掉寶			5040027	5300000	5500000	1100555	3ditem_b_001	999		-1	0	00.無	0		00.無	0	00.無	0				845	42	106	0	0	0	0	0	
	40028	4000	1	1	1	1	0	1.可以交易；1.被PK會掉	1	1	完整的跳繩	15	0.全角色	26.雜物類型道具 	03.灰	0	07.怪物掉寶			5040028	5300000	5500000	1100556	3ditem_b_001	999		-1	0	00.無	0		00.無	0	00.無	0				1271	63	106	0	0	0	0	0	
	40029	4000	1	1	1	1	0	1.可以交易；1.被PK會掉	1	1	破爛的捲笛	23	0.全角色	26.雜物類型道具 	03.灰	0	07.怪物掉寶			5040029	5300000	5500000	1100557	3ditem_b_001	999		-1	0	00.無	0		00.無	0	00.無	0				2693	134	106	0	0	0	0	0	
	40030	4000	1	1	1	1	0	1.可以交易；1.被PK會掉	1	1	破損的捲笛	27	0.全角色	26.雜物類型道具 	03.灰	0	07.怪物掉寶			5040030	5300000	5500000	1100558	3ditem_b_001	999		-1	0	00.無	0		00.無	0	00.無	0				3672	183	106	0	0	0	0	0	
	40031	4000	1	1	1	1	0	1.可以交易；1.被PK會掉	1	1	骯髒的捲笛	31	0.全角色	26.雜物類型道具 	03.灰	0	07.怪物掉寶			5040031	5300000	5500000	1100559	3ditem_b_001	999		-1	0	00.無	0		00.無	0	00.無	0				4867	243	106	0	0	0	0	0	
	40032	4000	1	1	1	1	0	1.可以交易；1.被PK會掉	1	1	完整的捲笛	35	0.全角色	26.雜物類型道具 	03.灰	0	07.怪物掉寶			5040032	5300000	5500000	1100560	3ditem_b_001	999		-1	0	00.無	0		00.無	0	00.無	0				5843	292	106	0	0	0	0	0	
	40033	4000	1	1	1	1	0	1.可以交易；1.被PK會掉	1	1	破爛的羽毛	21	0.全角色	26.雜物類型道具 	03.灰	0	07.怪物掉寶			5040033	5300000	5500000	1100561	3ditem_b_001	999		-1	0	00.無	0		00.無	0	00.無	0				2368	118	106	0	0	0	0	0	
	40034	4000	1	1	1	1	0	1.可以交易；1.被PK會掉	1	1	破損的羽毛	25	0.全角色	26.雜物類型道具 	03.灰	0	07.怪物掉寶			5040034	5300000	5500000	1100562	3ditem_b_001	999		-1	0	00.無	0		00.無	0	00.無	0				3041	152	106	0	0	0	0	0	
	40035	4000	1	1	1	1	0	1.可以交易；1.被PK會掉	1	1	骯髒的羽毛	29	0.全角色	26.雜物類型道具 	03.灰	0	07.怪物掉寶			5040035	5300000	5500000	1100563	3ditem_b_001	999		-1	0	00.無	0		00.無	0	00.無	0				4080	204	106	0	0	0	0	0	
	40036	4000	1	1	1	1	0	1.可以交易；1.被PK會掉	1	1	完整的羽毛	33	0.全角色	26.雜物類型道具 	03.灰	0	07.怪物掉寶			5040036	5300000	5500000	1100564	3ditem_b_001	999		-1	0	00.無	0		00.無	0	00.無	0				5341	267	106	0	0	0	0	0	
	40037	4000	1	1	1	1	0	1.可以交易；1.被PK會掉	1	1	破爛的變色龍鱗片	22	0.全角色	26.雜物類型道具 	03.灰	0	07.怪物掉寶			5040037	5300000	5500000	1100565	3ditem_b_001	999		-1	0	00.無	0		00.無	0	00.無	0				2527	126	106	0	0	0	0	0	
	40038	4000	1	1	1	1	0	1.可以交易；1.被PK會掉	1	1	破損的變色龍鱗片	26	0.全角色	26.雜物類型道具 	03.灰	0	07.怪物掉寶			5040038	5300000	5500000	1100566	3ditem_b_001	999		-1	0	00.無	0		00.無	0	00.無	0				3478	173	106	0	0	0	0	0	
	40039	4000	1	1	1	1	0	1.可以交易；1.被PK會掉	1	1	骯髒的變色龍鱗片	30	0.全角色	26.雜物類型道具 	03.灰	0	07.怪物掉寶			5040039	5300000	5500000	1100567	3ditem_b_001	999		-1	0	00.無	0		00.無	0	00.無	0				4293	214	106	0	0	0	0	0	
	40040	4000	1	1	1	1	0	1.可以交易；1.被PK會掉	1	1	完整的變色龍鱗片	34	0.全角色	26.雜物類型道具 	03.灰	0	07.怪物掉寶			5040040	5300000	5500000	1100568	3ditem_b_001	999		-1	0	00.無	0		00.無	0	00.無	0				5589	279	106	0	0	0	0	0	
	40041	4000	1	1	1	1	0	1.可以交易；1.被PK會掉	1	1	破爛的彈弓	18	0.全角色	26.雜物類型道具 	03.灰	0	07.怪物掉寶			5040041	5300000	5500000	1100569	3ditem_b_001	999		-1	0	00.無	0		00.無	0	00.無	0				1761	88	106	0	0	0	0	0	
	40042	4000	1	1	1	1	0	1.可以交易；1.被PK會掉	1	1	破損的彈弓	21	0.全角色	26.雜物類型道具 	03.灰	0	07.怪物掉寶			5040042	5300000	5500000	1100570	3ditem_b_001	999		-1	0	00.無	0		00.無	0	00.無	0				2368	118	106	0	0	0	0	0	
	40043	4000	1	1	1	1	0	1.可以交易；1.被PK會掉	1	1	骯髒的彈弓	24	0.全角色	26.雜物類型道具 	03.灰	0	07.怪物掉寶			5040043	5300000	5500000	1100571	3ditem_b_001	999		-1	0	00.無	0		00.無	0	00.無	0				2864	143	106	0	0	0	0	0	
	40044	4000	1	1	1	1	0	1.可以交易；1.被PK會掉	1	1	完整的彈弓	27	0.全角色	26.雜物類型道具 	03.灰	0	07.怪物掉寶			5040044	5300000	5500000	1100572	3ditem_b_001	999		-1	0	00.無	0		00.無	0	00.無	0				3672	183	106	0	0	0	0	0	
	40045	4000	1	1	1	1	0	1.可以交易；1.被PK會掉	1	1	破爛的履帶碎片	28	0.全角色	26.雜物類型道具 	03.灰	0	07.怪物掉寶			5040045	5300000	5500000	1100573	3ditem_b_001	999		-1	0	00.無	0		00.無	0	00.無	0				3873	193	106	0	0	0	0	0	
	40046	4000	1	1	1	1	0	1.可以交易；1.被PK會掉	1	1	破損的履帶碎片	30	0.全角色	26.雜物類型道具 	03.灰	0	07.怪物掉寶			5040046	5300000	5500000	1100574	3ditem_b_001	999		-1	0	00.無	0		00.無	0	00.無	0				4293	214	106	0	0	0	0	0	
	40047	4000	1	1	1	1	0	1.可以交易；1.被PK會掉	1	1	骯髒的履帶碎片	33	0.全角色	26.雜物類型道具 	03.灰	0	07.怪物掉寶			5040047	5300000	5500000	1100575	3ditem_b_001	999		-1	0	00.無	0		00.無	0	00.無	0				5341	267	106	0	0	0	0	0	
	40048	4000	1	1	1	1	0	1.可以交易；1.被PK會掉	1	1	完整的履帶碎片	33	0.全角色	26.雜物類型道具 	03.灰	0	07.怪物掉寶			5040048	5300000	5500000	1100576	3ditem_b_001	999		-1	0	00.無	0		00.無	0	00.無	0				5341	267	106	0	0	0	0	0	
	40049	4000	1	1	1	1	0	1.可以交易；1.被PK會掉	1	1	破爛的扯鈴	37	0.全角色	26.雜物類型道具 	03.灰	0	07.怪物掉寶			5040049	5300000	5500000	1100577	3ditem_b_001	999		-1	0	00.無	0		00.無	0	00.無	0				6862	343	106	0	0	0	0	0	
	40050	4000	1	1	1	1	0	1.可以交易；1.被PK會掉	1	1	破損的扯鈴	41	0.全角色	26.雜物類型道具 	03.灰	0	07.怪物掉寶			5040050	5300000	5500000	1100578	3ditem_b_001	999		-1	0	00.無	0		00.無	0	00.無	0				8685	434	106	0	0	0	0	0	
	40051	4000	1	1	1	1	0	1.可以交易；1.被PK會掉	1	1	骯髒的扯鈴	45	0.全角色	26.雜物類型道具 	03.灰	0	07.怪物掉寶			5040051	5300000	5500000	1100579	3ditem_b_001	999		-1	0	00.無	0		00.無	0	00.無	0				10059	502	106	0	0	0	0	0	
	40052	4000	1	1	1	1	0	1.可以交易；1.被PK會掉	1	1	完整的扯鈴	49	0.全角色	26.雜物類型道具 	03.灰	0	07.怪物掉寶			5040052	5300000	5500000	1100580	3ditem_b_001	999		-1	0	00.無	0		00.無	0	00.無	0				12444	622	106	0	0	0	0	0	
	40053	4000	1	1	1	1	0	1.可以交易；1.被PK會掉	1	1	破爛的銅環	37	0.全角色	26.雜物類型道具 	03.灰	0	07.怪物掉寶			5040053	5300000	5500000	1100581	3ditem_b_001	999		-1	0	00.無	0		00.無	0	00.無	0				6862	343	106	0	0	0	0	0	
	40054	4000	1	1	1	1	0	1.可以交易；1.被PK會掉	1	1	破損的銅環	41	0.全角色	26.雜物類型道具 	03.灰	0	07.怪物掉寶			5040054	5300000	5500000	1100582	3ditem_b_001	999		-1	0	00.無	0		00.無	0	00.無	0				8685	434	106	0	0	0	0	0	
	40055	4000	1	1	1	1	0	1.可以交易；1.被PK會掉	1	1	骯髒的銅環	45	0.全角色	26.雜物類型道具 	03.灰	0	07.怪物掉寶			5040055	5300000	5500000	1100583	3ditem_b_001	999		-1	0	00.無	0		00.無	0	00.無	0				10059	502	106	0	0	0	0	0	
	40056	4000	1	1	1	1	0	1.可以交易；1.被PK會掉	1	1	完整的銅環	49	0.全角色	26.雜物類型道具 	03.灰	0	07.怪物掉寶			5040056	5300000	5500000	1100584	3ditem_b_001	999		-1	0	00.無	0		00.無	0	00.無	0				12444	622	106	0	0	0	0	0	
	40057	4000	1	1	1	1	0	1.可以交易；1.被PK會掉	1	1	破爛的毽子	37	0.全角色	26.雜物類型道具 	03.灰	0	07.怪物掉寶			5040057	5300000	5500000	1100585	3ditem_b_001	999		-1	0	00.無	0		00.無	0	00.無	0				6862	343	106	0	0	0	0	0	
	40058	4000	1	1	1	1	0	1.可以交易；1.被PK會掉	1	1	破損的毽子	41	0.全角色	26.雜物類型道具 	03.灰	0	07.怪物掉寶			5040058	5300000	5500000	1100586	3ditem_b_001	999		-1	0	00.無	0		00.無	0	00.無	0				8685	434	106	0	0	0	0	0	
	40059	4000	1	1	1	1	0	1.可以交易；1.被PK會掉	1	1	骯髒的毽子	45	0.全角色	26.雜物類型道具 	03.灰	0	07.怪物掉寶			5040059	5300000	5500000	1100587	3ditem_b_001	999		-1	0	00.無	0		00.無	0	00.無	0				10059	502	106	0	0	0	0	0	
	40060	4000	1	1	1	1	0	1.可以交易；1.被PK會掉	1	1	完整的毽子	49	0.全角色	26.雜物類型道具 	03.灰	0	07.怪物掉寶			5040060	5300000	5500000	1100588	3ditem_b_001	999		-1	0	00.無	0		00.無	0	00.無	0				12444	622	106	0	0	0	0	0	
	40061	4000	1	1	1	1	0	1.可以交易；1.被PK會掉	1	1	破爛的毛筆	37	0.全角色	26.雜物類型道具 	03.灰	0	07.怪物掉寶			5040061	5300000	5500000	1100589	3ditem_b_001	999		-1	0	00.無	0		00.無	0	00.無	0				6862	343	106	0	0	0	0	0	
	40062	4000	1	1	1	1	0	1.可以交易；1.被PK會掉	1	1	破損的毛筆	41	0.全角色	26.雜物類型道具 	03.灰	0	07.怪物掉寶			5040062	5300000	5500000	1100590	3ditem_b_001	999		-1	0	00.無	0		00.無	0	00.無	0				8685	434	106	0	0	0	0	0	
	40063	4000	1	1	1	1	0	1.可以交易；1.被PK會掉	1	1	骯髒的毛筆	45	0.全角色	26.雜物類型道具 	03.灰	0	07.怪物掉寶			5040063	5300000	5500000	1100591	3ditem_b_001	999		-1	0	00.無	0		00.無	0	00.無	0				10059	502	106	0	0	0	0	0	
	40064	4000	1	1	1	1	0	1.可以交易；1.被PK會掉	1	1	完整的毛筆	49	0.全角色	26.雜物類型道具 	03.灰	0	07.怪物掉寶			5040064	5300000	5500000	1100592	3ditem_b_001	999		-1	0	00.無	0		00.無	0	00.無	0				12444	622	106	0	0	0	0	0	
	40065	4000	1	1	1	1	0	1.可以交易；1.被PK會掉	1	1	破爛的調色盤	37	0.全角色	26.雜物類型道具 	03.灰	0	07.怪物掉寶			5040065	5300000	5500000	1100593	3ditem_b_001	999		-1	0	00.無	0		00.無	0	00.無	0				6862	343	106	0	0	0	0	0	
	40066	4000	1	1	1	1	0	1.可以交易；1.被PK會掉	1	1	破損的調色盤	41	0.全角色	26.雜物類型道具 	03.灰	0	07.怪物掉寶			5040066	5300000	5500000	1100594	3ditem_b_001	999		-1	0	00.無	0		00.無	0	00.無	0				8685	434	106	0	0	0	0	0	
	40067	4000	1	1	1	1	0	1.可以交易；1.被PK會掉	1	1	骯髒的調色盤	45	0.全角色	26.雜物類型道具 	03.灰	0	07.怪物掉寶			5040067	5300000	5500000	1100595	3ditem_b_001	999		-1	0	00.無	0		00.無	0	00.無	0				10059	502	106	0	0	0	0	0	
	40068	4000	1	1	1	1	0	1.可以交易；1.被PK會掉	1	1	完整的調色盤	49	0.全角色	26.雜物類型道具 	03.灰	0	07.怪物掉寶			5040068	5300000	5500000	1100596	3ditem_b_001	999		-1	0	00.無	0		00.無	0	00.無	0				12444	622	106	0	0	0	0	0	
	40069	4000	1	1	1	1	0	1.可以交易；1.被PK會掉	1	1	破爛的畫布	37	0.全角色	26.雜物類型道具 	03.灰	0	07.怪物掉寶			5040069	5300000	5500000	1100597	3ditem_b_001	999		-1	0	00.無	0		00.無	0	00.無	0				6862	343	106	0	0	0	0	0	
	40070	4000	1	1	1	1	0	1.可以交易；1.被PK會掉	1	1	破損的畫布	41	0.全角色	26.雜物類型道具 	03.灰	0	07.怪物掉寶			5040070	5300000	5500000	1100598	3ditem_b_001	999		-1	0	00.無	0		00.無	0	00.無	0				8685	434	106	0	0	0	0	0	
	40071	4000	1	1	1	1	0	1.可以交易；1.被PK會掉	1	1	骯髒的畫布	45	0.全角色	26.雜物類型道具 	03.灰	0	07.怪物掉寶			5040071	5300000	5500000	1100599	3ditem_b_001	999		-1	0	00.無	0		00.無	0	00.無	0				10059	502	106	0	0	0	0	0	
	40072	4000	1	1	1	1	0	1.可以交易；1.被PK會掉	1	1	完整的畫布	49	0.全角色	26.雜物類型道具 	03.灰	0	07.怪物掉寶			5040072	5300000	5500000	1100600	3ditem_b_001	999		-1	0	00.無	0		00.無	0	00.無	0				12444	622	106	0	0	0	0	0	
	40073	4000	1	1	1	1	0	1.可以交易；1.被PK會掉	1	1	小團的毛球	47	0.全角色	26.雜物類型道具 	03.灰	0	07.怪物掉寶			5040073	5300000	5500000	1100601	3ditem_b_001	999		-1	0	00.無	0		00.無	0	00.無	0				11633	581	106	0	0	0	0	0	
	40074	4000	1	1	1	1	0	1.可以交易；1.被PK會掉	1	1	中團的毛球	51	0.全角色	26.雜物類型道具 	03.灰	0	07.怪物掉寶			5040074	5300000	5500000	1100602	3ditem_b_001	999		-1	0	00.無	0		00.無	0	00.無	0				14337	716	106	0	0	0	0	0	
	40075	4000	1	1	1	1	0	1.可以交易；1.被PK會掉	1	1	一團毛球	55	0.全角色	26.雜物類型道具 	03.灰	0	07.怪物掉寶			5040075	5300000	5500000	1100603	3ditem_b_001	999		-1	0	00.無	0		00.無	0	00.無	0				16250	812	106	0	0	0	0	0	
	40076	4000	1	1	1	1	0	1.可以交易；1.被PK會掉	1	1	一大團毛球	59	0.全角色	26.雜物類型道具 	03.灰	0	07.怪物掉寶			5040076	5300000	5500000	1100604	3ditem_b_001	999		-1	0	00.無	0		00.無	0	00.無	0				19742	987	106	0	0	0	0	0	
	40077	4000	1	1	1	1	0	1.可以交易；1.被PK會掉	1	1	破爛的木人零件	47	0.全角色	26.雜物類型道具 	03.灰	0	07.怪物掉寶			5040077	5300000	5500000	1100605	3ditem_b_001	999		-1	0	00.無	0		00.無	0	00.無	0				11633	581	106	0	0	0	0	0	
	40078	4000	1	1	1	1	0	1.可以交易；1.被PK會掉	1	1	破損的木人零件	51	0.全角色	26.雜物類型道具 	03.灰	0	07.怪物掉寶			5040078	5300000	5500000	1100606	3ditem_b_001	999		-1	0	00.無	0		00.無	0	00.無	0				14337	716	106	0	0	0	0	0	
	40079	4000	1	1	1	1	0	1.可以交易；1.被PK會掉	1	1	骯髒的木人零件	55	0.全角色	26.雜物類型道具 	03.灰	0	07.怪物掉寶			5040079	5300000	5500000	1100607	3ditem_b_001	999		-1	0	00.無	0		00.無	0	00.無	0				16250	812	106	0	0	0	0	0	
	40080	4000	1	1	1	1	0	1.可以交易；1.被PK會掉	1	1	完整的木人零件	59	0.全角色	26.雜物類型道具 	03.灰	0	07.怪物掉寶			5040080	5300000	5500000	1100608	3ditem_b_001	999		-1	0	00.無	0		00.無	0	00.無	0				19742	987	106	0	0	0	0	0	
	40081	4000	1	1	1	1	0	1.可以交易；1.被PK會掉	1	1	破爛的鞭炮	47	0.全角色	26.雜物類型道具 	03.灰	0	07.怪物掉寶			5040081	5300000	5500000	1100609	3ditem_b_001	999		-1	0	00.無	0		00.無	0	00.無	0				11633	581	106	0	0	0	0	0	
	40082	4000	1	1	1	1	0	1.可以交易；1.被PK會掉	1	1	破損的鞭炮	51	0.全角色	26.雜物類型道具 	03.灰	0	07.怪物掉寶			5040082	5300000	5500000	1100610	3ditem_b_001	999		-1	0	00.無	0		00.無	0	00.無	0				14337	716	106	0	0	0	0	0	
	40083	4000	1	1	1	1	0	1.可以交易；1.被PK會掉	1	1	骯髒的鞭炮	55	0.全角色	26.雜物類型道具 	03.灰	0	07.怪物掉寶			5040083	5300000	5500000	1100611	3ditem_b_001	999		-1	0	00.無	0		00.無	0	00.無	0				16250	812	106	0	0	0	0	0	
	40084	4000	1	1	1	1	0	1.可以交易；1.被PK會掉	1	1	完整的鞭炮	59	0.全角色	26.雜物類型道具 	03.灰	0	07.怪物掉寶			5040084	5300000	5500000	1100612	3ditem_b_001	999		-1	0	00.無	0		00.無	0	00.無	0				19742	987	106	0	0	0	0	0	
	40085	4000	1	1	1	1	0	1.可以交易；1.被PK會掉	1	1	壞掉的沖天砲	47	0.全角色	26.雜物類型道具 	03.灰	0	07.怪物掉寶			5040085	5300000	5500000	1100613	3ditem_b_001	999		-1	0	00.無	0		00.無	0	00.無	0				11633	581	106	0	0	0	0	0	
	40086	4000	1	1	1	1	0	1.可以交易；1.被PK會掉	1	1	破損的沖天砲	51	0.全角色	26.雜物類型道具 	03.灰	0	07.怪物掉寶			5040086	5300000	5500000	1100614	3ditem_b_001	999		-1	0	00.無	0		00.無	0	00.無	0				14337	716	106	0	0	0	0	0	
	40087	4000	1	1	1	1	0	1.可以交易；1.被PK會掉	1	1	骯體的沖天砲	55	0.全角色	26.雜物類型道具 	03.灰	0	07.怪物掉寶			5040087	5300000	5500000	1100615	3ditem_b_001	999		-1	0	00.無	0		00.無	0	00.無	0				16250	812	106	0	0	0	0	0	
	40088	4000	1	1	1	1	0	1.可以交易；1.被PK會掉	1	1	完整的沖天砲	59	0.全角色	26.雜物類型道具 	03.灰	0	07.怪物掉寶			5040088	5300000	5500000	1100616	3ditem_b_001	999		-1	0	00.無	0		00.無	0	00.無	0				19742	987	106	0	0	0	0	0	
	40089	4000	1	1	1	1	0	1.可以交易；1.被PK會掉	1	1	破爛的老鷹羽毛	47	0.全角色	26.雜物類型道具 	03.灰	0	07.怪物掉寶			5040089	5300000	5500000	1100617	3ditem_b_001	999		-1	0	00.無	0		00.無	0	00.無	0				11633	581	106	0	0	0	0	0	
	40090	4000	1	1	1	1	0	1.可以交易；1.被PK會掉	1	1	破損的老鷹羽毛	51	0.全角色	26.雜物類型道具 	03.灰	0	07.怪物掉寶			5040090	5300000	5500000	1100618	3ditem_b_001	999		-1	0	00.無	0		00.無	0	00.無	0				14337	716	106	0	0	0	0	0	
	40091	4000	1	1	1	1	0	1.可以交易；1.被PK會掉	1	1	骯髒的老鷹羽毛	55	0.全角色	26.雜物類型道具 	03.灰	0	07.怪物掉寶			5040091	5300000	5500000	1100619	3ditem_b_001	999		-1	0	00.無	0		00.無	0	00.無	0				16250	812	106	0	0	0	0	0	
	40092	4000	1	1	1	1	0	1.可以交易；1.被PK會掉	1	1	完整的老鷹羽毛	59	0.全角色	26.雜物類型道具 	03.灰	0	07.怪物掉寶			5040092	5300000	5500000	1100620	3ditem_b_001	999		-1	0	00.無	0		00.無	0	00.無	0				19742	987	106	0	0	0	0	0	
	40093	4000	1	1	1	1	0	1.可以交易；1.被PK會掉	1	1	一千兩銀票		0.全角色	26.雜物類型道具 	04.白	1	07.怪物掉寶			5040093	5300000	5500000	1100090	3ditem_b_001	999		-1	0	00.無	0		00.無	0	00.無	0				1000	1000	106	0	0	0	0	0	
	40094	4000	1	1	1	1	0	1.可以交易；1.被PK會掉	1	1	一萬兩銀票		0.全角色	26.雜物類型道具 	04.白	1	07.怪物掉寶			5040094	5300000	5500000	1100091	3ditem_b_001	999		-1	0	00.無	0		00.無	0	00.無	0				10000	10000	106	0	0	0	0	0	
	40095	4000	1	1	1	1	0	1.可以交易；1.被PK會掉	1	1	十萬兩銀票		0.全角色	26.雜物類型道具 	04.白	1	07.怪物掉寶			5040095	5300000	5500000	1100092	3ditem_b_001	999		-1	0	00.無	0		00.無	0	00.無	0				100000	100000	106	0	0	0	0	0	
	40096	4000	1	1	1	1	0	1.可以交易；1.被PK會掉	1	1	一百萬兩銀票		0.全角色	26.雜物類型道具 	04.白	1	07.怪物掉寶			5040096	5300000	5500000	1100093	3ditem_b_001	999		-1	0	00.無	0		00.無	0	00.無	0				1000000	1000000	106	0	0	0	0	0	
# 怪物掉落雜物 50001~ 依怪物獨特性而偏向單獨掉落的物品																																															
	50001	4000	1	1	1	1	0	1.可以交易；1.被PK會掉	1	1	碧玉鑰匙	25	0.全角色	26.雜物類型道具 	06.藍	3	07.怪物掉寶			5050001	5340009	5500000	1100100	3ditem_d_001	999		-1	0	00.無	0		00.無	0	00.無	0				100000	1	106	0	0	0	0	0	
	50002	4000	1	1	1	1	0	1.可以交易；1.被PK會掉	1	1	青玉鑰匙	30	0.全角色	26.雜物類型道具 	06.藍	3	07.怪物掉寶			5050002	5340010	5500000	1100133	3ditem_d_001	999		-1	0	00.無	0		00.無	0	00.無	0				100000	1	106	0	0	0	0	0	
	50003	4000	1	1	1	1	0	1.可以交易；1.被PK會掉	1	1	紫玉鑰匙	45	0.全角色	26.雜物類型道具 	06.藍	3	07.怪物掉寶			5050003	5340011	5500000	1100134	3ditem_d_001	999		-1	0	00.無	0		00.無	0	00.無	0				100000	1	106	0	0	0	0	0	
	50004	4000	1	1	1	1	0	1.可以交易；1.被PK會掉	1	1	白玉鑰匙	50	0.全角色	26.雜物類型道具 	06.藍	3	07.怪物掉寶			5050004	5340012	5500000	1100135	3ditem_d_001	999		-1	0	00.無	0		00.無	0	00.無	0				100000	1	106	0	0	0	0	0	
	50005	4000	1	1	1	1	0	1.可以交易；1.被PK會掉	1	1	晶玉鑰匙	55	0.全角色	26.雜物類型道具 	06.藍	3	07.怪物掉寶			5050005	5340013	5500000	1100136	3ditem_d_001	999		-1	0	00.無	0		00.無	0	00.無	0				100000	1	106	0	0	0	0	0	
# 測試用道具9-0001 ~ 10-0000																																															
	90001	4000	1	0	1	0	1	0.不可交易；0.被PK不掉	0	0	「殺很大」棒狀物		0.全角色	99.作弊道具	08.GM	4	99.GM	8000	9290001	5090001	5390001	5500000	1100104	3ditem_b_001	1	1	-1	0	00.無	0		00.無	0	00.無	0				0	0	999	0	0	0	0	0	
	90002	4000	1	0	1	0	1	0.不可交易；0.被PK不掉	0	0	「跑很快」棒狀物		0.全角色	99.作弊道具	08.GM	4	99.GM	8000	9290002	5090002	5390002	5500000	1100104	3ditem_b_001	1	1	-1	0	00.無	0		00.無	0	00.無	0				0	0	999	0	0	0	0	0	
	90003	4000	1	0	1	0	1	0.不可交易；0.被PK不掉	0	0	「血很多」棒狀物		0.全角色	99.作弊道具	08.GM	4	99.GM	8000	9290003	5090003	5390003	5500000	1100104	3ditem_b_001	1	1	-1	0	00.無	0		03.【BOT】回 HP & MP	3	00.無	0				0	0	999	0	0	0	0	0	
	90101	4000	1	1	1	0	0	0.不可交易；0.被PK不掉	0	0	「衝很大」武器強化卷軸 0 → 1	1	0.全角色	11.輔助類型道具(對我方)	08.GM	4	99.GM	5001	90101	5090101	5390101	5500000	1100087	3ditem_c_001	999	1	-1	0	00.無	0		00.無	0	02.強化武器	8				0	0	2	1	0	0	0	0	
	90102	4000	1	1	1	0	0	0.不可交易；0.被PK不掉	0	0	「衝很大」武器強化卷軸 0 → 2	1	0.全角色	11.輔助類型道具(對我方)	08.GM	4	99.GM	5001	90102	5090102	5390102	5500000	1100087	3ditem_c_001	999	1	-1	0	00.無	0		00.無	0	02.強化武器	8				0	0	2	1	0	0	0	0	
	90103	4000	1	1	1	0	0	0.不可交易；0.被PK不掉	0	0	「衝很大」武器強化卷軸 0 → 3	1	0.全角色	11.輔助類型道具(對我方)	08.GM	4	99.GM	5001	90103	5090103	5390103	5500000	1100087	3ditem_c_001	999	1	-1	0	00.無	0		00.無	0	02.強化武器	8				0	0	2	1	0	0	0	0	
	90104	4000	1	1	1	0	0	0.不可交易；0.被PK不掉	0	0	「衝很大」武器強化卷軸 0 → 4	1	0.全角色	11.輔助類型道具(對我方)	08.GM	4	99.GM	5001	90104	5090104	5390104	5500000	1100087	3ditem_c_001	999	1	-1	0	00.無	0		00.無	0	02.強化武器	8				0	0	2	1	0	0	0	0	
	90105	4000	1	1	1	0	0	0.不可交易；0.被PK不掉	0	0	「衝很大」武器強化卷軸 0 → 5	1	0.全角色	11.輔助類型道具(對我方)	08.GM	4	99.GM	5001	90105	5090105	5390105	5500000	1100087	3ditem_c_001	999	1	-1	0	00.無	0		00.無	0	02.強化武器	8				0	0	2	1	0	0	0	0	
	90106	4000	1	1	1	0	0	0.不可交易；0.被PK不掉	0	0	「衝很大」武器強化卷軸 0 → 6	1	0.全角色	11.輔助類型道具(對我方)	08.GM	4	99.GM	5001	90106	5090106	5390106	5500000	1100087	3ditem_c_001	999	1	-1	0	00.無	0		00.無	0	02.強化武器	8				0	0	2	1	0	0	0	0	
	90107	4000	1	1	1	0	0	0.不可交易；0.被PK不掉	0	0	「衝很大」武器強化卷軸 0 → 7	1	0.全角色	11.輔助類型道具(對我方)	08.GM	4	99.GM	5001	90107	5090107	5390107	5500000	1100087	3ditem_c_001	999	1	-1	0	00.無	0		00.無	0	02.強化武器	8				0	0	2	1	0	0	0	0	
	90108	4000	1	1	1	0	0	0.不可交易；0.被PK不掉	0	0	「衝很大」武器強化卷軸 0 → 8	1	0.全角色	11.輔助類型道具(對我方)	08.GM	4	99.GM	5001	90108	5090108	5390108	5500000	1100087	3ditem_c_001	999	1	-1	0	00.無	0		00.無	0	02.強化武器	8				0	0	2	1	0	0	0	0	
	90109	4000	1	1	1	0	0	0.不可交易；0.被PK不掉	0	0	「衝很大」武器強化卷軸 0 → 9	1	0.全角色	11.輔助類型道具(對我方)	08.GM	4	99.GM	5001	90109	5090109	5390109	5500000	1100087	3ditem_c_001	999	1	-1	0	00.無	0		00.無	0	02.強化武器	8				0	0	2	1	0	0	0	0	
	90110	4000	1	1	1	0	0	0.不可交易；0.被PK不掉	0	0	「衝很大」武器強化卷軸 0 → 10	1	0.全角色	11.輔助類型道具(對我方)	08.GM	4	99.GM	5001	90110	5090110	5390110	5500000	1100087	3ditem_c_001	999	1	-1	0	00.無	0		00.無	0	02.強化武器	8				0	0	2	1	0	0	0	0	
	90111	4000	1	1	1	0	0	0.不可交易；0.被PK不掉	0	0	「衝很大」武器強化卷軸 0 → 11	1	0.全角色	11.輔助類型道具(對我方)	08.GM	4	99.GM	5001	90111	5090111	5390111	5500000	1100087	3ditem_c_001	999	1	-1	0	00.無	0		00.無	0	02.強化武器	8				0	0	2	1	0	0	0	0	
	90201	4000	1	1	1	0	0	0.不可交易；0.被PK不掉	0	0	「衝很大」防具強化卷軸 0 → 1	1	0.全角色	11.輔助類型道具(對我方)	08.GM	4	99.GM	5001	90201	5090201	5390201	5500000	1100088	3ditem_c_001	999	1	-1	0	00.無	0		00.無	0	03.強化防具	7				0	0	2	1	0	0	0	0	
	90202	4000	1	1	1	0	0	0.不可交易；0.被PK不掉	0	0	「衝很大」防具強化卷軸 0 → 2	1	0.全角色	11.輔助類型道具(對我方)	08.GM	4	99.GM	5001	90202	5090202	5390202	5500000	1100088	3ditem_c_001	999	1	-1	0	00.無	0		00.無	0	03.強化防具	7				0	0	2	1	0	0	0	0	
	90203	4000	1	1	1	0	0	0.不可交易；0.被PK不掉	0	0	「衝很大」防具強化卷軸 0 → 3	1	0.全角色	11.輔助類型道具(對我方)	08.GM	4	99.GM	5001	90203	5090203	5390203	5500000	1100088	3ditem_c_001	999	1	-1	0	00.無	0		00.無	0	03.強化防具	7				0	0	2	1	0	0	0	0	
	90204	4000	1	1	1	0	0	0.不可交易；0.被PK不掉	0	0	「衝很大」防具強化卷軸 0 → 4	1	0.全角色	11.輔助類型道具(對我方)	08.GM	4	99.GM	5001	90204	5090204	5390204	5500000	1100088	3ditem_c_001	999	1	-1	0	00.無	0		00.無	0	03.強化防具	7				0	0	2	1	0	0	0	0	
	90205	4000	1	1	1	0	0	0.不可交易；0.被PK不掉	0	0	「衝很大」防具強化卷軸 0 → 5	1	0.全角色	11.輔助類型道具(對我方)	08.GM	4	99.GM	5001	90205	5090205	5390205	5500000	1100088	3ditem_c_001	999	1	-1	0	00.無	0		00.無	0	03.強化防具	7				0	0	2	1	0	0	0	0	
	90206	4000	1	1	1	0	0	0.不可交易；0.被PK不掉	0	0	「衝很大」防具強化卷軸 0 → 6	1	0.全角色	11.輔助類型道具(對我方)	08.GM	4	99.GM	5001	90206	5090206	5390206	5500000	1100088	3ditem_c_001	999	1	-1	0	00.無	0		00.無	0	03.強化防具	7				0	0	2	1	0	0	0	0	
	90207	4000	1	1	1	0	0	0.不可交易；0.被PK不掉	0	0	「衝很大」防具強化卷軸 0 → 7	1	0.全角色	11.輔助類型道具(對我方)	08.GM	4	99.GM	5001	90207	5090207	5390207	5500000	1100088	3ditem_c_001	999	1	-1	0	00.無	0		00.無	0	03.強化防具	7				0	0	2	1	0	0	0	0	
	90208	4000	1	1	1	0	0	0.不可交易；0.被PK不掉	0	0	「衝很大」防具強化卷軸 0 → 8	1	0.全角色	11.輔助類型道具(對我方)	08.GM	4	99.GM	5001	90208	5090208	5390208	5500000	1100088	3ditem_c_001	999	1	-1	0	00.無	0		00.無	0	03.強化防具	7				0	0	2	1	0	0	0	0	
	90209	4000	1	1	1	0	0	0.不可交易；0.被PK不掉	0	0	「衝很大」防具強化卷軸 0 → 9	1	0.全角色	11.輔助類型道具(對我方)	08.GM	4	99.GM	5001	90209	5090209	5390209	5500000	1100088	3ditem_c_001	999	1	-1	0	00.無	0		00.無	0	03.強化防具	7				0	0	2	1	0	0	0	0	
	90210	4000	1	1	1	0	0	0.不可交易；0.被PK不掉	0	0	「衝很大」防具強化卷軸 0 → 10	1	0.全角色	11.輔助類型道具(對我方)	08.GM	4	99.GM	5001	90210	5090210	5390210	5500000	1100088	3ditem_c_001	999	1	-1	0	00.無	0		00.無	0	03.強化防具	7				0	0	2	1	0	0	0	0	
	90211	4000	1	1	1	0	0	0.不可交易；0.被PK不掉	0	0	「衝很大」防具強化卷軸 0 → 11	1	0.全角色	11.輔助類型道具(對我方)	08.GM	4	99.GM	5001	90211	5090211	5390211	5500000	1100088	3ditem_c_001	999	1	-1	0	00.無	0		00.無	0	03.強化防具	7				0	0	2	1	0	0	0	0	
# 技能卷軸類1-10000~1-99999																																															
	108101	4000	1	1	1	1	0	1.可以交易；1.被PK會掉	1	1	防禦專注 1 級卷軸	7	0.全角色	18.技能學習	04.白	1	03.商店購買	8000	1008101	5108101	5408101	5500000	2008101	3ditem_c_001	999	7	-1	0	00.無	0		00.無	0	00.無	0				190	19	9	1	0	0	0	0	
	108102	4000	1	1	1	1	0	1.可以交易；1.被PK會掉	1	1	防禦專注 2 級卷軸	17	0.全角色	18.技能學習	04.白	1	03.商店購買	8000	1008102	5108102	5408102	5500000	2008102	3ditem_c_001	999	17	-1	0	00.無	0		00.無	0	00.無	0				2600	260	9	1	0	0	0	0	
	108103	4000	1	1	1	1	0	1.可以交易；1.被PK會掉	1	1	防禦專注 3 級卷軸	27	0.全角色	18.技能學習	04.白	1	03.商店購買	8000	1008103	5108103	5408103	5500000	2008103	3ditem_c_001	999	27	-1	0	00.無	0		00.無	0	00.無	0				21000	2100	9	1	0	0	0	0	
	108104	4000	1	1	1	1	0	1.可以交易；1.被PK會掉	1	1	防禦專注 4 級卷軸	37	0.全角色	18.技能學習	04.白	1	03.商店購買	8000	1008104	5108104	5408104	5500000	2008104	3ditem_c_001	999	37	-1	0	00.無	0		00.無	0	00.無	0				81000	8100	9	1	0	0	0	0	
	108105	4000	1	1	1	1	0	1.可以交易；1.被PK會掉	1	1	防禦專注 5 級卷軸	47	0.全角色	18.技能學習	04.白	1	03.商店購買	8000	1008105	5108105	5408105	5500000	2008105	3ditem_c_001	999	47	-1	0	00.無	0		00.無	0	00.無	0				233000	23300	9	1	0	0	0	0	
	108201	4000	1	1	1	1	0	1.可以交易；1.被PK會掉	1	1	攻擊專注 1 級卷軸	8	0.全角色	18.技能學習	04.白	1	03.商店購買	8000	1008201	5108201	5408201	5500000	2008201	3ditem_c_001	999	8	-1	0	00.無	0		00.無	0	00.無	0				300	30	9	1	0	0	0	0	
	108202	4000	1	1	1	1	0	1.可以交易；1.被PK會掉	1	1	攻擊專注 2 級卷軸	18	0.全角色	18.技能學習	04.白	1	03.商店購買	8000	1008202	5108202	5408202	5500000	2008202	3ditem_c_001	999	18	-1	0	00.無	0		00.無	0	00.無	0				3400	340	9	1	0	0	0	0	
	108203	4000	1	1	1	1	0	1.可以交易；1.被PK會掉	1	1	攻擊專注 3 級卷軸	28	0.全角色	18.技能學習	04.白	1	03.商店購買	8000	1008203	5108203	5408203	5500000	2008203	3ditem_c_001	999	28	-1	0	00.無	0		00.無	0	00.無	0				24000	2400	9	1	0	0	0	0	
	108204	4000	1	1	1	1	0	1.可以交易；1.被PK會掉	1	1	攻擊專注 4 級卷軸	38	0.全角色	18.技能學習	04.白	1	03.商店購買	8000	1008204	5108204	5408204	5500000	2008204	3ditem_c_001	999	38	-1	0	00.無	0		00.無	0	00.無	0				90000	9000	9	1	0	0	0	0	
	108205	4000	1	1	1	1	0	1.可以交易；1.被PK會掉	1	1	攻擊專注 5 級卷軸	48	0.全角色	18.技能學習	04.白	1	07.怪物掉寶	8000	1008205	5108205	5408205	5500000	2008205	3ditem_c_001	999	48	-1	0	00.無	0		00.無	0	00.無	0				253000	25300	9	1	0	0	0	0	
	108301	4000	1	1	1	1	0	1.可以交易；1.被PK會掉	1	1	集中力提升 1 級卷軸	9	0.全角色	18.技能學習	04.白	1	03.商店購買	8000	1008301	5108301	5408301	5500000	2008301	3ditem_c_001	999	9	-1	0	00.無	0		00.無	0	00.無	0				300	30	9	1	0	0	0	0	
	108302	4000	1	1	1	1	0	1.可以交易；1.被PK會掉	1	1	集中力提升 2 級卷軸	19	0.全角色	18.技能學習	04.白	1	03.商店購買	8000	1008302	5108302	5408302	5500000	2008302	3ditem_c_001	999	19	-1	0	00.無	0		00.無	0	00.無	0				4500	450	9	1	0	0	0	0	
	108303	4000	1	1	1	1	0	1.可以交易；1.被PK會掉	1	1	集中力提升 3 級卷軸	29	0.全角色	18.技能學習	04.白	1	03.商店購買	8000	1008303	5108303	5408303	5500000	2008303	3ditem_c_001	999	29	-1	0	00.無	0		00.無	0	00.無	0				27000	2700	9	1	0	0	0	0	
	108304	4000	1	1	1	1	0	1.可以交易；1.被PK會掉	1	1	集中力提升 4 級卷軸	39	0.全角色	18.技能學習	04.白	1	03.商店購買	8000	1008304	5108304	5408304	5500000	2008304	3ditem_c_001	999	39	-1	0	00.無	0		00.無	0	00.無	0				99000	9900	9	1	0	0	0	0	
	108305	4000	1	1	1	1	0	1.可以交易；1.被PK會掉	1	1	集中力提升 5 級卷軸	49	0.全角色	18.技能學習	04.白	1	07.怪物掉寶	8000	1008305	5108305	5408305	5500000	2008305	3ditem_c_001	999	49	-1	0	00.無	0		00.無	0	00.無	0				273000	27300	9	1	0	0	0	0	
	108401	4000	1	1	1	1	0	1.可以交易；1.被PK會掉	1	1	急救 1 級卷軸	5	0.全角色	18.技能學習	04.白	1	03.商店購買	8000	1008401	5108401	5408401	5500000	2008401	3ditem_c_001	999	5	-1	0	00.無	0		00.無	0	00.無	0				100	10	9	1	0	0	0	0	
	108402	4000	1	1	1	1	0	1.可以交易；1.被PK會掉	1	1	急救 2 級卷軸	15	0.全角色	18.技能學習	04.白	1	03.商店購買	8000	1008402	5108402	5408402	5500000	2008402	3ditem_c_001	999	15	-1	0	00.無	0		00.無	0	00.無	0				1500	150	9	1	0	0	0	0	
	108403	4000	1	1	1	1	0	1.可以交易；1.被PK會掉	1	1	急救 3 級卷軸	25	0.全角色	18.技能學習	04.白	1	03.商店購買	8000	1008403	5108403	5408403	5500000	2008403	3ditem_c_001	999	25	-1	0	00.無	0		00.無	0	00.無	0				14000	1400	9	1	0	0	0	0	
	108404	4000	1	1	1	1	0	1.可以交易；1.被PK會掉	1	1	急救 4 級卷軸	35	0.全角色	18.技能學習	04.白	1	03.商店購買	8000	1008404	5108404	5408404	5500000	2008404	3ditem_c_001	999	35	-1	0	00.無	0		00.無	0	00.無	0				61000	6100	9	1	0	0	0	0	
	108405	4000	1	1	1	1	0	1.可以交易；1.被PK會掉	1	1	急救 5 級卷軸	45	0.全角色	18.技能學習	04.白	1	07.怪物掉寶	8000	1008405	5108405	5408405	5500000	2008405	3ditem_c_001	999	45	-1	0	00.無	0		00.無	0	00.無	0				184000	18400	9	1	0	0	0	0	
	108501	4000	1	1	1	1	0	1.可以交易；1.被PK會掉	1	1	煙霧彈 1 級卷軸	11	0.全角色	18.技能學習	04.白	1	03.商店購買	8000	1008501	5108501	5408501	5500000	2008501	3ditem_c_001	999	11	-1	0	00.無	0		00.無	0	00.無	0				600	60	9	1	0	0	0	0	
	108502	4000	1	1	1	1	0	1.可以交易；1.被PK會掉	1	1	煙霧彈 2 級卷軸	21	0.全角色	18.技能學習	04.白	1	03.商店購買	8000	1008502	5108502	5408502	5500000	2008502	3ditem_c_001	999	21	-1	0	00.無	0		00.無	0	00.無	0				7000	700	9	1	0	0	0	0	
	108503	4000	1	1	1	1	0	1.可以交易；1.被PK會掉	1	1	煙霧彈 3 級卷軸	31	0.全角色	18.技能學習	04.白	1	03.商店購買	8000	1008503	5108503	5408503	5500000	2008503	3ditem_c_001	999	31	-1	0	00.無	0		00.無	0	00.無	0				38000	3800	9	1	0	0	0	0	
	108504	4000	1	1	1	1	0	1.可以交易；1.被PK會掉	1	1	煙霧彈 4 級卷軸	41	0.全角色	18.技能學習	04.白	1	03.商店購買	8000	1008504	5108504	5408504	5500000	2008504	3ditem_c_001	999	41	-1	0	00.無	0		00.無	0	00.無	0				129000	12900	9	1	0	0	0	0	
	108505	4000	1	1	1	1	0	1.可以交易；1.被PK會掉	1	1	煙霧彈 5 級卷軸	51	0.全角色	18.技能學習	04.白	1	07.怪物掉寶	8000	1008505	5108505	5408505	5500000	2008505	3ditem_c_001	999	51	-1	0	00.無	0		00.無	0	00.無	0				343000	34300	9	1	0	0	0	0	
	108601	4000	1	1	1	1	0	1.可以交易；1.被PK會掉	1	1	HP / MP 轉換 1 級卷軸	14	0.全角色	18.技能學習	04.白	1	03.商店購買	8000	1008601	5108601	5408601	5500000	2008601	3ditem_c_001	999	14	-1	0	00.無	0		00.無	0	00.無	0				1200	120	9	1	0	0	0	0	
	108602	4000	1	1	1	1	0	1.可以交易；1.被PK會掉	1	1	HP / MP 轉換 2 級卷軸	24	0.全角色	18.技能學習	04.白	1	03.商店購買	8000	1008602	5108602	5408602	5500000	2008602	3ditem_c_001	999	24	-1	0	00.無	0		00.無	0	00.無	0				12000	1200	9	1	0	0	0	0	
	108603	4000	1	1	1	1	0	1.可以交易；1.被PK會掉	1	1	HP / MP 轉換 3 級卷軸	34	0.全角色	18.技能學習	04.白	1	03.商店購買	8000	1008603	5108603	5408603	5500000	2008603	3ditem_c_001	999	34	-1	0	00.無	0		00.無	0	00.無	0				55000	5500	9	1	0	0	0	0	
	108604	4000	1	1	1	1	0	1.可以交易；1.被PK會掉	1	1	HP / MP 轉換 4 級卷軸	44	0.全角色	18.技能學習	04.白	1	03.商店購買	8000	1008604	5108604	5408604	5500000	2008604	3ditem_c_001	999	44	-1	0	00.無	0		00.無	0	00.無	0				169000	16900	9	1	0	0	0	0	
	108605	4000	1	1	1	1	0	1.可以交易；1.被PK會掉	1	1	HP / MP 轉換 5 級卷軸	54	0.全角色	18.技能學習	04.白	1	07.怪物掉寶	8000	1008605	5108605	5408605	5500000	2008605	3ditem_c_001	999	54	-1	0	00.無	0		00.無	0	00.無	0				426000	42600	9	1	0	0	0	0	
# 技能卷軸類1-10000~1-99999																																															
	110101	4000	1	1	1	1	0	1.可以交易；1.被PK會掉	1	1	機關槍 1 級卷軸	1	1.林沖	18.技能學習	04.白	1	03.商店購買	8000	1010101	5110101	5410101	5500000	2010101	3ditem_c_001	999	1	1	0	00.無	0		00.無	0	00.無	0				30	3	9	1	0	0	0	0	
	110102	4000	1	1	1	1	0	1.可以交易；1.被PK會掉	1	1	機關槍 2 級卷軸	6	1.林沖	18.技能學習	04.白	1	03.商店購買	8000	1010102	5110102	5410102	5500000	2010102	3ditem_c_001	999	6	1	0	00.無	0		00.無	0	00.無	0				140	14	9	1	0	0	0	0	
	110103	4000	1	1	1	1	0	1.可以交易；1.被PK會掉	1	1	機關槍 3 級卷軸	11	1.林沖	18.技能學習	04.白	1	03.商店購買	8000	1010103	5110103	5410103	5500000	2010103	3ditem_c_001	999	11	1	0	00.無	0		00.無	0	00.無	0				600	60	9	1	0	0	0	0	
	110104	4000	1	1	1	1	0	1.可以交易；1.被PK會掉	1	1	機關槍 4 級卷軸	16	1.林沖	18.技能學習	04.白	1	03.商店購買	8000	1010104	5110104	5410104	5500000	2010104	3ditem_c_001	999	16	1	0	00.無	0		00.無	0	00.無	0				2000	200	9	1	0	0	0	0	
	110105	4000	1	1	1	1	0	1.可以交易；1.被PK會掉	1	1	機關槍 5 級卷軸	21	1.林沖	18.技能學習	04.白	1	03.商店購買	8000	1010105	5110105	5410105	5500000	2010105	3ditem_c_001	999	21	1	0	00.無	0		00.無	0	00.無	0				7000	700	9	1	0	0	0	0	
	110201	4000	1	1	1	1	0	1.可以交易；1.被PK會掉	1	1	爆破火箭筒 1 級卷軸	15	1.林沖	18.技能學習	04.白	1	03.商店購買	8000	1010201	5110201	5410201	5500000	2010201	3ditem_c_001	999	15	1	0	00.無	0		00.無	0	00.無	0				1500	150	9	1	0	0	0	0	
	110202	4000	1	1	1	1	0	1.可以交易；1.被PK會掉	1	1	爆破火箭筒 2 級卷軸	23	1.林沖	18.技能學習	04.白	1	03.商店購買	8000	1010202	5110202	5410202	5500000	2010202	3ditem_c_001	999	23	1	0	00.無	0		00.無	0	00.無	0				10000	1000	9	1	0	0	0	0	
	110203	4000	1	1	1	1	0	1.可以交易；1.被PK會掉	1	1	爆破火箭筒 3 級卷軸	31	1.林沖	18.技能學習	04.白	1	03.商店購買	8000	1010203	5110203	5410203	5500000	2010203	3ditem_c_001	999	31	1	0	00.無	0		00.無	0	00.無	0				38000	3800	9	1	0	0	0	0	
	110204	4000	1	1	1	1	0	1.可以交易；1.被PK會掉	1	1	爆破火箭筒 4 級卷軸	39	1.林沖	18.技能學習	04.白	1	03.商店購買	8000	1010204	5110204	5410204	5500000	2010204	3ditem_c_001	999	39	1	0	00.無	0		00.無	0	00.無	0				99000	9900	9	1	0	0	0	0	
	110205	4000	1	1	1	1	0	1.可以交易；1.被PK會掉	1	1	爆破火箭筒 5 級卷軸	47	1.林沖	18.技能學習	04.白	1	07.怪物掉寶	8000	1010205	5110205	5410205	5500000	2010205	3ditem_c_001	999	47	1	0	00.無	0		00.無	0	00.無	0				233000	23300	9	1	0	0	0	0	
	110301	4000	1	1	1	1	0	1.可以交易；1.被PK會掉	1	1	旋風踢 1 級卷軸	1	1.林沖	18.技能學習	04.白	1	03.商店購買	8000	1010301	5110301	5410301	5500000	2010301	3ditem_c_001	999	1	1	0	00.無	0		00.無	0	00.無	0				30	3	9	1	0	0	0	0	
	110302	4000	1	1	1	1	0	1.可以交易；1.被PK會掉	1	1	旋風踢 2 級卷軸	9	1.林沖	18.技能學習	04.白	1	03.商店購買	8000	1010302	5110302	5410302	5500000	2010302	3ditem_c_001	999	9	1	0	00.無	0		00.無	0	00.無	0				300	30	9	1	0	0	0	0	
	110303	4000	1	1	1	1	0	1.可以交易；1.被PK會掉	1	1	旋風踢 3 級卷軸	17	1.林沖	18.技能學習	04.白	1	03.商店購買	8000	1010303	5110303	5410303	5500000	2010303	3ditem_c_001	999	17	1	0	00.無	0		00.無	0	00.無	0				2600	260	9	1	0	0	0	0	
	110304	4000	1	1	1	1	0	1.可以交易；1.被PK會掉	1	1	旋風踢 4 級卷軸	25	1.林沖	18.技能學習	04.白	1	03.商店購買	8000	1010304	5110304	5410304	5500000	2010304	3ditem_c_001	999	25	1	0	00.無	0		00.無	0	00.無	0				14000	1400	9	1	0	0	0	0	
	110305	4000	1	1	1	1	0	1.可以交易；1.被PK會掉	1	1	旋風踢 5 級卷軸	33	1.林沖	18.技能學習	04.白	1	07.怪物掉寶	8000	1010305	5110305	5410305	5500000	2010305	3ditem_c_001	999	33	1	0	00.無	0		00.無	0	00.無	0				49000	4900	9	1	0	0	0	0	
	110401	4000	1	1	1	1	0	1.可以交易；1.被PK會掉	1	1	亂槍掃射 1 級卷軸	26	1.林沖	18.技能學習	04.白	1	03.商店購買	8000	1010401	5110401	5410401	5500000	2010401	3ditem_c_001	999	26	1	0	00.無	0		00.無	0	00.無	0				18000	1800	9	1	0	0	0	0	
	110402	4000	1	1	1	1	0	1.可以交易；1.被PK會掉	1	1	亂槍掃射 2 級卷軸	34	1.林沖	18.技能學習	04.白	1	03.商店購買	8000	1010402	5110402	5410402	5500000	2010402	3ditem_c_001	999	34	1	0	00.無	0		00.無	0	00.無	0				55000	5500	9	1	0	0	0	0	
	110403	4000	1	1	1	1	0	1.可以交易；1.被PK會掉	1	1	亂槍掃射 3 級卷軸	42	1.林沖	18.技能學習	04.白	1	03.商店購買	8000	1010403	5110403	5410403	5500000	2010403	3ditem_c_001	999	42	1	0	00.無	0		00.無	0	00.無	0				142000	14200	9	1	0	0	0	0	
	110404	4000	1	1	1	1	0	1.可以交易；1.被PK會掉	1	1	亂槍掃射 4 級卷軸	50	1.林沖	18.技能學習	04.白	1	03.商店購買	8000	1010404	5110404	5410404	5500000	2010404	3ditem_c_001	999	50	1	0	00.無	0		00.無	0	00.無	0				295000	29500	9	1	0	0	0	0	
	110405	4000	1	1	1	1	0	1.可以交易；1.被PK會掉	1	1	亂槍掃射 5 級卷軸	58	1.林沖	18.技能學習	04.白	1	07.怪物掉寶	8000	1010405	5110405	5410405	5500000	2010405	3ditem_c_001	999	58	1	0	00.無	0		00.無	0	00.無	0				600000	60000	9	1	0	0	0	0	
	110501	4000	1	1	1	1	0	1.可以交易；1.被PK會掉	1	1	暴風槍 1 級卷軸	13	1.林沖	18.技能學習	04.白	1	03.商店購買	8000	1010501	5110501	5410501	5500000	2010501	3ditem_c_001	999	13	1	0	00.無	0		00.無	0	00.無	0				1000	100	9	1	0	0	0	0	
	110502	4000	1	1	1	1	0	1.可以交易；1.被PK會掉	1	1	暴風槍 2 級卷軸	21	1.林沖	18.技能學習	04.白	1	03.商店購買	8000	1010502	5110502	5410502	5500000	2010502	3ditem_c_001	999	21	1	0	00.無	0		00.無	0	00.無	0				7000	700	9	1	0	0	0	0	
	110503	4000	1	1	1	1	0	1.可以交易；1.被PK會掉	1	1	暴風槍 3 級卷軸	29	1.林沖	18.技能學習	04.白	1	03.商店購買	8000	1010503	5110503	5410503	5500000	2010503	3ditem_c_001	999	29	1	0	00.無	0		00.無	0	00.無	0				27000	2700	9	1	0	0	0	0	
	110504	4000	1	1	1	1	0	1.可以交易；1.被PK會掉	1	1	暴風槍 4 級卷軸	37	1.林沖	18.技能學習	04.白	1	03.商店購買	8000	1010504	5110504	5410504	5500000	2010504	3ditem_c_001	999	37	1	0	00.無	0		00.無	0	00.無	0				81000	8100	9	1	0	0	0	0	
	110505	4000	1	1	1	1	0	1.可以交易；1.被PK會掉	1	1	暴風槍 5 級卷軸	45	1.林沖	18.技能學習	04.白	1	07.怪物掉寶	8000	1010505	5110505	5410505	5500000	2010505	3ditem_c_001	999	45	1	0	00.無	0		00.無	0	00.無	0				184000	18400	9	1	0	0	0	0	
	110601	4000	1	1	1	1	0	1.可以交易；1.被PK會掉	1	1	螺旋飛彈 1 級卷軸	32	1.林沖	18.技能學習	04.白	1	03.商店購買	8000	1010601	5110601	5410601	5500000	2010601	3ditem_c_001	999	32	1	0	00.無	0		00.無	0	00.無	0				43000	4300	9	1	0	0	0	0	
	110602	4000	1	1	1	1	0	1.可以交易；1.被PK會掉	1	1	螺旋飛彈 2 級卷軸	39	1.林沖	18.技能學習	04.白	1	03.商店購買	8000	1010602	5110602	5410602	5500000	2010602	3ditem_c_001	999	39	1	0	00.無	0		00.無	0	00.無	0				99000	9900	9	1	0	0	0	0	
	110603	4000	1	1	1	1	0	1.可以交易；1.被PK會掉	1	1	螺旋飛彈 3 級卷軸	46	1.林沖	18.技能學習	04.白	1	03.商店購買	8000	1010603	5110603	5410603	5500000	2010603	3ditem_c_001	999	46	1	0	00.無	0		00.無	0	00.無	0				215000	21500	9	1	0	0	0	0	
	110604	4000	1	1	1	1	0	1.可以交易；1.被PK會掉	1	1	螺旋飛彈 4 級卷軸	53	1.林沖	18.技能學習	04.白	1	03.商店購買	8000	1010604	5110604	5410604	5500000	2010604	3ditem_c_001	999	53	1	0	00.無	0		00.無	0	00.無	0				397000	39700	9	1	0	0	0	0	
	110605	4000	1	1	1	1	0	1.可以交易；1.被PK會掉	1	1	螺旋飛彈 5 級卷軸	60	1.林沖	18.技能學習	04.白	1	07.怪物掉寶	8000	1010605	5110605	5410605	5500000	2010605	3ditem_c_001	999	60	1	0	00.無	0		00.無	0	00.無	0				680000	68000	9	1	0	0	0	0	
	120101	4000	1	1	1	1	0	1.可以交易；1.被PK會掉	1	1	鐵頭功 1 級卷軸	1	2.雷橫	18.技能學習	04.白	1	03.商店購買	8000	1020101	5120101	5420101	5500000	2020101	3ditem_c_001	999	1	2	0	00.無	0		00.無	0	00.無	0				30	3	9	1	0	0	0	0	
	120102	4000	1	1	1	1	0	1.可以交易；1.被PK會掉	1	1	鐵頭功 2 級卷軸	6	2.雷橫	18.技能學習	04.白	1	03.商店購買	8000	1020102	5120102	5420102	5500000	2020102	3ditem_c_001	999	6	2	0	00.無	0		00.無	0	00.無	0				140	14	9	1	0	0	0	0	
	120103	4000	1	1	1	1	0	1.可以交易；1.被PK會掉	1	1	鐵頭功 3 級卷軸	11	2.雷橫	18.技能學習	04.白	1	03.商店購買	8000	1020103	5120103	5420103	5500000	2020103	3ditem_c_001	999	11	2	0	00.無	0		00.無	0	00.無	0				600	60	9	1	0	0	0	0	
	120104	4000	1	1	1	1	0	1.可以交易；1.被PK會掉	1	1	鐵頭功 4 級卷軸	16	2.雷橫	18.技能學習	04.白	1	03.商店購買	8000	1020104	5120104	5420104	5500000	2020104	3ditem_c_001	999	16	2	0	00.無	0		00.無	0	00.無	0				2000	200	9	1	0	0	0	0	
	120105	4000	1	1	1	1	0	1.可以交易；1.被PK會掉	1	1	鐵頭功 5 級卷軸	21	2.雷橫	18.技能學習	04.白	1	03.商店購買	8000	1020105	5120105	5420105	5500000	2020105	3ditem_c_001	999	21	2	0	00.無	0		00.無	0	00.無	0				7000	700	9	1	0	0	0	0	
	120201	4000	1	1	1	1	0	1.可以交易；1.被PK會掉	1	1	火眼金睛 1 級卷軸	15	2.雷橫	18.技能學習	04.白	1	03.商店購買	8000	1020201	5120201	5420201	5500000	2020201	3ditem_c_001	999	15	2	0	00.無	0		00.無	0	00.無	0				1500	150	9	1	0	0	0	0	
	120202	4000	1	1	1	1	0	1.可以交易；1.被PK會掉	1	1	火眼金睛 2 級卷軸	23	2.雷橫	18.技能學習	04.白	1	03.商店購買	8000	1020202	5120202	5420202	5500000	2020202	3ditem_c_001	999	23	2	0	00.無	0		00.無	0	00.無	0				10000	1000	9	1	0	0	0	0	
	120203	4000	1	1	1	1	0	1.可以交易；1.被PK會掉	1	1	火眼金睛 3 級卷軸	31	2.雷橫	18.技能學習	04.白	1	03.商店購買	8000	1020203	5120203	5420203	5500000	2020203	3ditem_c_001	999	31	2	0	00.無	0		00.無	0	00.無	0				38000	3800	9	1	0	0	0	0	
	120204	4000	1	1	1	1	0	1.可以交易；1.被PK會掉	1	1	火眼金睛 4 級卷軸	39	2.雷橫	18.技能學習	04.白	1	03.商店購買	8000	1020204	5120204	5420204	5500000	2020204	3ditem_c_001	999	39	2	0	00.無	0		00.無	0	00.無	0				99000	9900	9	1	0	0	0	0	
	120205	4000	1	1	1	1	0	1.可以交易；1.被PK會掉	1	1	火眼金睛 5 級卷軸	47	2.雷橫	18.技能學習	04.白	1	07.怪物掉寶	8000	1020205	5120205	5420205	5500000	2020205	3ditem_c_001	999	47	2	0	00.無	0		00.無	0	00.無	0				233000	23300	9	1	0	0	0	0	
	120301	4000	1	1	1	1	0	1.可以交易；1.被PK會掉	1	1	獅子吼 1 級卷軸	1	2.雷橫	18.技能學習	04.白	1	03.商店購買	8000	1020301	5120301	5420301	5500000	2020501	3ditem_c_001	999	1	2	0	00.無	0		00.無	0	00.無	0				30	3	9	1	0	0	0	0	
	120302	4000	1	1	1	1	0	1.可以交易；1.被PK會掉	1	1	獅子吼 2 級卷軸	9	2.雷橫	18.技能學習	04.白	1	03.商店購買	8000	1020302	5120302	5420302	5500000	2020502	3ditem_c_001	999	9	2	0	00.無	0		00.無	0	00.無	0				300	30	9	1	0	0	0	0	
	120303	4000	1	1	1	1	0	1.可以交易；1.被PK會掉	1	1	獅子吼 3 級卷軸	17	2.雷橫	18.技能學習	04.白	1	03.商店購買	8000	1020303	5120303	5420303	5500000	2020503	3ditem_c_001	999	17	2	0	00.無	0		00.無	0	00.無	0				2600	260	9	1	0	0	0	0	
	120304	4000	1	1	1	1	0	1.可以交易；1.被PK會掉	1	1	獅子吼 4 級卷軸	25	2.雷橫	18.技能學習	04.白	1	03.商店購買	8000	1020304	5120304	5420304	5500000	2020504	3ditem_c_001	999	25	2	0	00.無	0		00.無	0	00.無	0				14000	1400	9	1	0	0	0	0	
	120305	4000	1	1	1	1	0	1.可以交易；1.被PK會掉	1	1	獅子吼 5 級卷軸	33	2.雷橫	18.技能學習	04.白	1	07.怪物掉寶	8000	1020305	5120305	5420305	5500000	2020505	3ditem_c_001	999	33	2	0	00.無	0		00.無	0	00.無	0				49000	4900	9	1	0	0	0	0	
	120401	4000	1	1	1	1	0	1.可以交易；1.被PK會掉	1	1	閃電視線 1 級卷軸	26	2.雷橫	18.技能學習	04.白	1	03.商店購買	8000	1020401	5120401	5420401	5500000	2020401	3ditem_c_001	999	26	2	0	00.無	0		00.無	0	00.無	0				18000	1800	9	1	0	0	0	0	
	120402	4000	1	1	1	1	0	1.可以交易；1.被PK會掉	1	1	閃電視線 2 級卷軸	34	2.雷橫	18.技能學習	04.白	1	03.商店購買	8000	1020402	5120402	5420402	5500000	2020402	3ditem_c_001	999	34	2	0	00.無	0		00.無	0	00.無	0				55000	5500	9	1	0	0	0	0	
	120403	4000	1	1	1	1	0	1.可以交易；1.被PK會掉	1	1	閃電視線 3 級卷軸	42	2.雷橫	18.技能學習	04.白	1	03.商店購買	8000	1020403	5120403	5420403	5500000	2020403	3ditem_c_001	999	42	2	0	00.無	0		00.無	0	00.無	0				142000	14200	9	1	0	0	0	0	
	120404	4000	1	1	1	1	0	1.可以交易；1.被PK會掉	1	1	閃電視線 4 級卷軸	50	2.雷橫	18.技能學習	04.白	1	03.商店購買	8000	1020404	5120404	5420404	5500000	2020404	3ditem_c_001	999	50	2	0	00.無	0		00.無	0	00.無	0				295000	29500	9	1	0	0	0	0	
	120405	4000	1	1	1	1	0	1.可以交易；1.被PK會掉	1	1	閃電視線 5 級卷軸	58	2.雷橫	18.技能學習	04.白	1	07.怪物掉寶	8000	1020405	5120405	5420405	5500000	2020405	3ditem_c_001	999	58	2	0	00.無	0		00.無	0	00.無	0				600000	60000	9	1	0	0	0	0	
	120501	4000	1	1	1	1	0	1.可以交易；1.被PK會掉	1	1	火龍捲 1 級卷軸	13	2.雷橫	18.技能學習	04.白	1	03.商店購買	8000	1020501	5120501	5420501	5500000	2020301	3ditem_c_001	999	13	2	0	00.無	0		00.無	0	00.無	0				1000	100	9	1	0	0	0	0	
	120502	4000	1	1	1	1	0	1.可以交易；1.被PK會掉	1	1	火龍捲 2 級卷軸	21	2.雷橫	18.技能學習	04.白	1	03.商店購買	8000	1020502	5120502	5420502	5500000	2020302	3ditem_c_001	999	21	2	0	00.無	0		00.無	0	00.無	0				7000	700	9	1	0	0	0	0	
	120503	4000	1	1	1	1	0	1.可以交易；1.被PK會掉	1	1	火龍捲 3 級卷軸	29	2.雷橫	18.技能學習	04.白	1	03.商店購買	8000	1020503	5120503	5420503	5500000	2020303	3ditem_c_001	999	29	2	0	00.無	0		00.無	0	00.無	0				27000	2700	9	1	0	0	0	0	
	120504	4000	1	1	1	1	0	1.可以交易；1.被PK會掉	1	1	火龍捲 4 級卷軸	37	2.雷橫	18.技能學習	04.白	1	03.商店購買	8000	1020504	5120504	5420504	5500000	2020304	3ditem_c_001	999	37	2	0	00.無	0		00.無	0	00.無	0				81000	8100	9	1	0	0	0	0	
	120505	4000	1	1	1	1	0	1.可以交易；1.被PK會掉	1	1	火龍捲 5 級卷軸	45	2.雷橫	18.技能學習	04.白	1	07.怪物掉寶	8000	1020505	5120505	5420505	5500000	2020305	3ditem_c_001	999	45	2	0	00.無	0		00.無	0	00.無	0				184000	18400	9	1	0	0	0	0	
	120601	4000	1	1	1	1	0	1.可以交易；1.被PK會掉	1	1	火焰狂奔 1 級卷軸	32	2.雷橫	18.技能學習	04.白	1	03.商店購買	8000	1020601	5120601	5420601	5500000	2020601	3ditem_c_001	999	32	2	0	00.無	0		00.無	0	00.無	0				43000	4300	9	1	0	0	0	0	
	120602	4000	1	1	1	1	0	1.可以交易；1.被PK會掉	1	1	火焰狂奔 2 級卷軸	39	2.雷橫	18.技能學習	04.白	1	03.商店購買	8000	1020602	5120602	5420602	5500000	2020602	3ditem_c_001	999	39	2	0	00.無	0		00.無	0	00.無	0				99000	9900	9	1	0	0	0	0	
	120603	4000	1	1	1	1	0	1.可以交易；1.被PK會掉	1	1	火焰狂奔 3 級卷軸	46	2.雷橫	18.技能學習	04.白	1	03.商店購買	8000	1020603	5120603	5420603	5500000	2020603	3ditem_c_001	999	46	2	0	00.無	0		00.無	0	00.無	0				215000	21500	9	1	0	0	0	0	
	120604	4000	1	1	1	1	0	1.可以交易；1.被PK會掉	1	1	火焰狂奔 4 級卷軸	53	2.雷橫	18.技能學習	04.白	1	03.商店購買	8000	1020604	5120604	5420604	5500000	2020604	3ditem_c_001	999	53	2	0	00.無	0		00.無	0	00.無	0				397000	39700	9	1	0	0	0	0	
	120605	4000	1	1	1	1	0	1.可以交易；1.被PK會掉	1	1	火焰狂奔 5 級卷軸	60	2.雷橫	18.技能學習	04.白	1	07.怪物掉寶	8000	1020605	5120605	5420605	5500000	2020605	3ditem_c_001	999	60	2	0	00.無	0		00.無	0	00.無	0				680000	68000	9	1	0	0	0	0	
	130101	4000	1	1	1	1	0	1.可以交易；1.被PK會掉	1	1	冰晶鑽石 1 級卷軸	1	3.孫二娘	18.技能學習	04.白	1	03.商店購買	8000	1030101	5130101	5430101	5500000	2030101	3ditem_c_001	999	1	4	0	00.無	0		00.無	0	00.無	0				30	3	9	1	0	0	0	0	
	130102	4000	1	1	1	1	0	1.可以交易；1.被PK會掉	1	1	冰晶鑽石 2 級卷軸	6	3.孫二娘	18.技能學習	04.白	1	03.商店購買	8000	1030102	5130102	5430102	5500000	2030102	3ditem_c_001	999	6	4	0	00.無	0		00.無	0	00.無	0				140	14	9	1	0	0	0	0	
	130103	4000	1	1	1	1	0	1.可以交易；1.被PK會掉	1	1	冰晶鑽石 3 級卷軸	11	3.孫二娘	18.技能學習	04.白	1	03.商店購買	8000	1030103	5130103	5430103	5500000	2030103	3ditem_c_001	999	11	4	0	00.無	0		00.無	0	00.無	0				600	60	9	1	0	0	0	0	
	130104	4000	1	1	1	1	0	1.可以交易；1.被PK會掉	1	1	冰晶鑽石 4 級卷軸	16	3.孫二娘	18.技能學習	04.白	1	03.商店購買	8000	1030104	5130104	5430104	5500000	2030104	3ditem_c_001	999	16	4	0	00.無	0		00.無	0	00.無	0				2000	200	9	1	0	0	0	0	
	130105	4000	1	1	1	1	0	1.可以交易；1.被PK會掉	1	1	冰晶鑽石 5 級卷軸	21	3.孫二娘	18.技能學習	04.白	1	03.商店購買	8000	1030105	5130105	5430105	5500000	2030105	3ditem_c_001	999	21	4	0	00.無	0		00.無	0	00.無	0				7000	700	9	1	0	0	0	0	
	130201	4000	1	1	1	1	0	1.可以交易；1.被PK會掉	1	1	淘氣戀人 1 級卷軸	15	3.孫二娘	18.技能學習	04.白	1	03.商店購買	8000	1030201	5130201	5430201	5500000	2030201	3ditem_c_001	999	15	4	0	00.無	0		00.無	0	00.無	0				1500	150	9	1	0	0	0	0	
	130202	4000	1	1	1	1	0	1.可以交易；1.被PK會掉	1	1	淘氣戀人 2 級卷軸	23	3.孫二娘	18.技能學習	04.白	1	03.商店購買	8000	1030202	5130202	5430202	5500000	2030202	3ditem_c_001	999	23	4	0	00.無	0		00.無	0	00.無	0				10000	1000	9	1	0	0	0	0	
	130203	4000	1	1	1	1	0	1.可以交易；1.被PK會掉	1	1	淘氣戀人 3 級卷軸	31	3.孫二娘	18.技能學習	04.白	1	03.商店購買	8000	1030203	5130203	5430203	5500000	2030203	3ditem_c_001	999	31	4	0	00.無	0		00.無	0	00.無	0				38000	3800	9	1	0	0	0	0	
	130204	4000	1	1	1	1	0	1.可以交易；1.被PK會掉	1	1	淘氣戀人 4 級卷軸	39	3.孫二娘	18.技能學習	04.白	1	03.商店購買	8000	1030204	5130204	5430204	5500000	2030204	3ditem_c_001	999	39	4	0	00.無	0		00.無	0	00.無	0				99000	9900	9	1	0	0	0	0	
	130205	4000	1	1	1	1	0	1.可以交易；1.被PK會掉	1	1	淘氣戀人 5 級卷軸	47	3.孫二娘	18.技能學習	04.白	1	07.怪物掉寶	8000	1030205	5130205	5430205	5500000	2030205	3ditem_c_001	999	47	4	0	00.無	0		00.無	0	00.無	0				233000	23300	9	1	0	0	0	0	
	130301	4000	1	1	1	1	0	1.可以交易；1.被PK會掉	1	1	雷雨漫步 1 級卷軸	1	3.孫二娘	18.技能學習	04.白	1	03.商店購買	8000	1030301	5130301	5430301	5500000	2030301	3ditem_c_001	999	1	4	0	00.無	0		00.無	0	00.無	0				30	3	9	1	0	0	0	0	
	130302	4000	1	1	1	1	0	1.可以交易；1.被PK會掉	1	1	雷雨漫步 2 級卷軸	9	3.孫二娘	18.技能學習	04.白	1	03.商店購買	8000	1030302	5130302	5430302	5500000	2030302	3ditem_c_001	999	9	4	0	00.無	0		00.無	0	00.無	0				300	30	9	1	0	0	0	0	
	130303	4000	1	1	1	1	0	1.可以交易；1.被PK會掉	1	1	雷雨漫步 3 級卷軸	17	3.孫二娘	18.技能學習	04.白	1	03.商店購買	8000	1030303	5130303	5430303	5500000	2030303	3ditem_c_001	999	17	4	0	00.無	0		00.無	0	00.無	0				2600	260	9	1	0	0	0	0	
	130304	4000	1	1	1	1	0	1.可以交易；1.被PK會掉	1	1	雷雨漫步 4 級卷軸	25	3.孫二娘	18.技能學習	04.白	1	03.商店購買	8000	1030304	5130304	5430304	5500000	2030304	3ditem_c_001	999	25	4	0	00.無	0		00.無	0	00.無	0				14000	1400	9	1	0	0	0	0	
	130305	4000	1	1	1	1	0	1.可以交易；1.被PK會掉	1	1	雷雨漫步 5 級卷軸	33	3.孫二娘	18.技能學習	04.白	1	07.怪物掉寶	8000	1030305	5130305	5430305	5500000	2030305	3ditem_c_001	999	33	4	0	00.無	0		00.無	0	00.無	0				49000	4900	9	1	0	0	0	0	
	130401	4000	1	1	1	1	0	1.可以交易；1.被PK會掉	1	1	憤怒戀人 1 級卷軸	26	3.孫二娘	18.技能學習	04.白	1	03.商店購買	8000	1030401	5130401	5430401	5500000	2030401	3ditem_c_001	999	26	4	0	00.無	0		00.無	0	00.無	0				18000	1800	9	1	0	0	0	0	
	130402	4000	1	1	1	1	0	1.可以交易；1.被PK會掉	1	1	憤怒戀人 2 級卷軸	34	3.孫二娘	18.技能學習	04.白	1	03.商店購買	8000	1030402	5130402	5430402	5500000	2030402	3ditem_c_001	999	34	4	0	00.無	0		00.無	0	00.無	0				55000	5500	9	1	0	0	0	0	
	130403	4000	1	1	1	1	0	1.可以交易；1.被PK會掉	1	1	憤怒戀人 3 級卷軸	42	3.孫二娘	18.技能學習	04.白	1	03.商店購買	8000	1030403	5130403	5430403	5500000	2030403	3ditem_c_001	999	42	4	0	00.無	0		00.無	0	00.無	0				142000	14200	9	1	0	0	0	0	
	130404	4000	1	1	1	1	0	1.可以交易；1.被PK會掉	1	1	憤怒戀人 4 級卷軸	50	3.孫二娘	18.技能學習	04.白	1	03.商店購買	8000	1030404	5130404	5430404	5500000	2030404	3ditem_c_001	999	50	4	0	00.無	0		00.無	0	00.無	0				295000	29500	9	1	0	0	0	0	
	130405	4000	1	1	1	1	0	1.可以交易；1.被PK會掉	1	1	憤怒戀人 5 級卷軸	58	3.孫二娘	18.技能學習	04.白	1	07.怪物掉寶	8000	1030405	5130405	5430405	5500000	2030405	3ditem_c_001	999	58	4	0	00.無	0		00.無	0	00.無	0				600000	60000	9	1	0	0	0	0	
	130501	4000	1	1	1	1	0	1.可以交易；1.被PK會掉	1	1	冰風爆 1 級卷軸	13	3.孫二娘	18.技能學習	04.白	1	03.商店購買	8000	1030501	5130501	5430501	5500000	2030501	3ditem_c_001	999	13	4	0	00.無	0		00.無	0	00.無	0				1000	100	9	1	0	0	0	0	
	130502	4000	1	1	1	1	0	1.可以交易；1.被PK會掉	1	1	冰風爆 2 級卷軸	21	3.孫二娘	18.技能學習	04.白	1	03.商店購買	8000	1030502	5130502	5430502	5500000	2030502	3ditem_c_001	999	21	4	0	00.無	0		00.無	0	00.無	0				7000	700	9	1	0	0	0	0	
	130503	4000	1	1	1	1	0	1.可以交易；1.被PK會掉	1	1	冰風爆 3 級卷軸	29	3.孫二娘	18.技能學習	04.白	1	03.商店購買	8000	1030503	5130503	5430503	5500000	2030503	3ditem_c_001	999	29	4	0	00.無	0		00.無	0	00.無	0				27000	2700	9	1	0	0	0	0	
	130504	4000	1	1	1	1	0	1.可以交易；1.被PK會掉	1	1	冰風爆 4 級卷軸	37	3.孫二娘	18.技能學習	04.白	1	03.商店購買	8000	1030504	5130504	5430504	5500000	2030504	3ditem_c_001	999	37	4	0	00.無	0		00.無	0	00.無	0				81000	8100	9	1	0	0	0	0	
	130505	4000	1	1	1	1	0	1.可以交易；1.被PK會掉	1	1	冰風爆 5 級卷軸	45	3.孫二娘	18.技能學習	04.白	1	07.怪物掉寶	8000	1030505	5130505	5430505	5500000	2030505	3ditem_c_001	999	45	4	0	00.無	0		00.無	0	00.無	0				184000	18400	9	1	0	0	0	0	
	130601	4000	1	1	1	1	0	1.可以交易；1.被PK會掉	1	1	冰晶昇華 1 級卷軸	32	3.孫二娘	18.技能學習	04.白	1	03.商店購買	8000	1030601	5130601	5430601	5500000	2030601	3ditem_c_001	999	32	4	0	00.無	0		00.無	0	00.無	0				43000	4300	9	1	0	0	0	0	
	130602	4000	1	1	1	1	0	1.可以交易；1.被PK會掉	1	1	冰晶昇華 2 級卷軸	39	3.孫二娘	18.技能學習	04.白	1	03.商店購買	8000	1030602	5130602	5430602	5500000	2030602	3ditem_c_001	999	39	4	0	00.無	0		00.無	0	00.無	0				99000	9900	9	1	0	0	0	0	
	130603	4000	1	1	1	1	0	1.可以交易；1.被PK會掉	1	1	冰晶昇華 3 級卷軸	46	3.孫二娘	18.技能學習	04.白	1	03.商店購買	8000	1030603	5130603	5430603	5500000	2030603	3ditem_c_001	999	46	4	0	00.無	0		00.無	0	00.無	0				215000	21500	9	1	0	0	0	0	
	130604	4000	1	1	1	1	0	1.可以交易；1.被PK會掉	1	1	冰晶昇華 4 級卷軸	53	3.孫二娘	18.技能學習	04.白	1	03.商店購買	8000	1030604	5130604	5430604	5500000	2030604	3ditem_c_001	999	53	4	0	00.無	0		00.無	0	00.無	0				397000	39700	9	1	0	0	0	0	
	130605	4000	1	1	1	1	0	1.可以交易；1.被PK會掉	1	1	冰晶昇華 5 級卷軸	60	3.孫二娘	18.技能學習	04.白	1	07.怪物掉寶	8000	1030605	5130605	5430605	5500000	2030605	3ditem_c_001	999	60	4	0	00.無	0		00.無	0	00.無	0				680000	68000	9	1	0	0	0	0	
	140101	4000	1	1	1	1	0	1.可以交易；1.被PK會掉	1	1	亂射 1 級卷軸	1	4.戴宗	18.技能學習	04.白	1	03.商店購買	8000	1040101	5140101	5440101	5500000	2040101	3ditem_c_001	999	1	8	0	00.無	0		00.無	0	00.無	0				30	3	9	1	0	0	0	0	
	140102	4000	1	1	1	1	0	1.可以交易；1.被PK會掉	1	1	亂射 2 級卷軸	6	4.戴宗	18.技能學習	04.白	1	03.商店購買	8000	1040102	5140102	5440102	5500000	2040102	3ditem_c_001	999	6	8	0	00.無	0		00.無	0	00.無	0				140	14	9	1	0	0	0	0	
	140103	4000	1	1	1	1	0	1.可以交易；1.被PK會掉	1	1	亂射 3 級卷軸	11	4.戴宗	18.技能學習	04.白	1	03.商店購買	8000	1040103	5140103	5440103	5500000	2040103	3ditem_c_001	999	11	8	0	00.無	0		00.無	0	00.無	0				600	60	9	1	0	0	0	0	
	140104	4000	1	1	1	1	0	1.可以交易；1.被PK會掉	1	1	亂射 4 級卷軸	16	4.戴宗	18.技能學習	04.白	1	03.商店購買	8000	1040104	5140104	5440104	5500000	2040104	3ditem_c_001	999	16	8	0	00.無	0		00.無	0	00.無	0				2000	200	9	1	0	0	0	0	
	140105	4000	1	1	1	1	0	1.可以交易；1.被PK會掉	1	1	亂射 5 級卷軸	21	4.戴宗	18.技能學習	04.白	1	03.商店購買	8000	1040105	5140105	5440105	5500000	2040105	3ditem_c_001	999	21	8	0	00.無	0		00.無	0	00.無	0				7000	700	9	1	0	0	0	0	
	140201	4000	1	1	1	1	0	1.可以交易；1.被PK會掉	1	1	七星劍 1 級卷軸	15	4.戴宗	18.技能學習	04.白	1	03.商店購買	8000	1040201	5140201	5440201	5500000	2040201	3ditem_c_001	999	15	8	0	00.無	0		00.無	0	00.無	0				1500	150	9	1	0	0	0	0	
	140202	4000	1	1	1	1	0	1.可以交易；1.被PK會掉	1	1	七星劍 2 級卷軸	23	4.戴宗	18.技能學習	04.白	1	03.商店購買	8000	1040202	5140202	5440202	5500000	2040202	3ditem_c_001	999	23	8	0	00.無	0		00.無	0	00.無	0				10000	1000	9	1	0	0	0	0	
	140203	4000	1	1	1	1	0	1.可以交易；1.被PK會掉	1	1	七星劍 3 級卷軸	31	4.戴宗	18.技能學習	04.白	1	03.商店購買	8000	1040203	5140203	5440203	5500000	2040203	3ditem_c_001	999	31	8	0	00.無	0		00.無	0	00.無	0				38000	3800	9	1	0	0	0	0	
	140204	4000	1	1	1	1	0	1.可以交易；1.被PK會掉	1	1	七星劍 4 級卷軸	39	4.戴宗	18.技能學習	04.白	1	03.商店購買	8000	1040204	5140204	5440204	5500000	2040204	3ditem_c_001	999	39	8	0	00.無	0		00.無	0	00.無	0				99000	9900	9	1	0	0	0	0	
	140205	4000	1	1	1	1	0	1.可以交易；1.被PK會掉	1	1	七星劍 5 級卷軸	47	4.戴宗	18.技能學習	04.白	1	07.怪物掉寶	8000	1040205	5140205	5440205	5500000	2040205	3ditem_c_001	999	47	8	0	00.無	0		00.無	0	00.無	0				233000	23300	9	1	0	0	0	0	
	140301	4000	1	1	1	1	0	1.可以交易；1.被PK會掉	1	1	還我精力腳 1 級卷軸	1	4.戴宗	18.技能學習	04.白	1	03.商店購買	8000	1040301	5140301	5440301	5500000	2040301	3ditem_c_001	999	1	8	0	00.無	0		00.無	0	00.無	0				30	3	9	1	0	0	0	0	
	140302	4000	1	1	1	1	0	1.可以交易；1.被PK會掉	1	1	還我精力腳 2 級卷軸	9	4.戴宗	18.技能學習	04.白	1	03.商店購買	8000	1040302	5140302	5440302	5500000	2040302	3ditem_c_001	999	9	8	0	00.無	0		00.無	0	00.無	0				300	30	9	1	0	0	0	0	
	140303	4000	1	1	1	1	0	1.可以交易；1.被PK會掉	1	1	還我精力腳 3 級卷軸	17	4.戴宗	18.技能學習	04.白	1	03.商店購買	8000	1040303	5140303	5440303	5500000	2040303	3ditem_c_001	999	17	8	0	00.無	0		00.無	0	00.無	0				2600	260	9	1	0	0	0	0	
	140304	4000	1	1	1	1	0	1.可以交易；1.被PK會掉	1	1	還我精力腳 4 級卷軸	25	4.戴宗	18.技能學習	04.白	1	03.商店購買	8000	1040304	5140304	5440304	5500000	2040304	3ditem_c_001	999	25	8	0	00.無	0		00.無	0	00.無	0				14000	1400	9	1	0	0	0	0	
	140305	4000	1	1	1	1	0	1.可以交易；1.被PK會掉	1	1	還我精力腳 5 級卷軸	33	4.戴宗	18.技能學習	04.白	1	07.怪物掉寶	8000	1040305	5140305	5440305	5500000	2040305	3ditem_c_001	999	33	8	0	00.無	0		00.無	0	00.無	0				49000	4900	9	1	0	0	0	0	
	140401	4000	1	1	1	1	0	1.可以交易；1.被PK會掉	1	1	連環鏢 1 級卷軸	26	4.戴宗	18.技能學習	04.白	1	03.商店購買	8000	1040401	5140401	5440401	5500000	2040401	3ditem_c_001	999	26	8	0	00.無	0		00.無	0	00.無	0				18000	1800	9	1	0	0	0	0	
	140402	4000	1	1	1	1	0	1.可以交易；1.被PK會掉	1	1	連環鏢 2 級卷軸	34	4.戴宗	18.技能學習	04.白	1	03.商店購買	8000	1040402	5140402	5440402	5500000	2040402	3ditem_c_001	999	34	8	0	00.無	0		00.無	0	00.無	0				55000	5500	9	1	0	0	0	0	
	140403	4000	1	1	1	1	0	1.可以交易；1.被PK會掉	1	1	連環鏢 3 級卷軸	42	4.戴宗	18.技能學習	04.白	1	03.商店購買	8000	1040403	5140403	5440403	5500000	2040403	3ditem_c_001	999	42	8	0	00.無	0		00.無	0	00.無	0				142000	14200	9	1	0	0	0	0	
	140404	4000	1	1	1	1	0	1.可以交易；1.被PK會掉	1	1	連環鏢 4 級卷軸	50	4.戴宗	18.技能學習	04.白	1	03.商店購買	8000	1040404	5140404	5440404	5500000	2040404	3ditem_c_001	999	50	8	0	00.無	0		00.無	0	00.無	0				295000	29500	9	1	0	0	0	0	
	140405	4000	1	1	1	1	0	1.可以交易；1.被PK會掉	1	1	連環鏢 5 級卷軸	58	4.戴宗	18.技能學習	04.白	1	07.怪物掉寶	8000	1040405	5140405	5440405	5500000	2040405	3ditem_c_001	999	58	8	0	00.無	0		00.無	0	00.無	0				600000	60000	9	1	0	0	0	0	
	140501	4000	1	1	1	1	0	1.可以交易；1.被PK會掉	1	1	治療法陣 1 級卷軸	13	4.戴宗	18.技能學習	04.白	1	03.商店購買	8000	1040501	5140501	5440501	5500000	2040501	3ditem_c_001	999	13	8	0	00.無	0		00.無	0	00.無	0				1000	100	9	1	0	0	0	0	
	140502	4000	1	1	1	1	0	1.可以交易；1.被PK會掉	1	1	治療法陣 2 級卷軸	21	4.戴宗	18.技能學習	04.白	1	03.商店購買	8000	1040502	5140502	5440502	5500000	2040502	3ditem_c_001	999	21	8	0	00.無	0		00.無	0	00.無	0				7000	700	9	1	0	0	0	0	
	140503	4000	1	1	1	1	0	1.可以交易；1.被PK會掉	1	1	治療法陣 3 級卷軸	29	4.戴宗	18.技能學習	04.白	1	03.商店購買	8000	1040503	5140503	5440503	5500000	2040503	3ditem_c_001	999	29	8	0	00.無	0		00.無	0	00.無	0				27000	2700	9	1	0	0	0	0	
	140504	4000	1	1	1	1	0	1.可以交易；1.被PK會掉	1	1	治療法陣 4 級卷軸	37	4.戴宗	18.技能學習	04.白	1	03.商店購買	8000	1040504	5140504	5440504	5500000	2040504	3ditem_c_001	999	37	8	0	00.無	0		00.無	0	00.無	0				81000	8100	9	1	0	0	0	0	
	140505	4000	1	1	1	1	0	1.可以交易；1.被PK會掉	1	1	治療法陣 5 級卷軸	45	4.戴宗	18.技能學習	04.白	1	07.怪物掉寶	8000	1040505	5140505	5440505	5500000	2040505	3ditem_c_001	999	45	8	0	00.無	0		00.無	0	00.無	0				184000	18400	9	1	0	0	0	0	
	140601	4000	1	1	1	1	0	1.可以交易；1.被PK會掉	1	1	聖光洗禮 1 級卷軸	32	4.戴宗	18.技能學習	04.白	1	03.商店購買	8000	1040601	5140601	5440601	5500000	2040601	3ditem_c_001	999	32	8	0	00.無	0		00.無	0	00.無	0				43000	4300	9	1	0	0	0	0	
	140602	4000	1	1	1	1	0	1.可以交易；1.被PK會掉	1	1	聖光洗禮 2 級卷軸	39	4.戴宗	18.技能學習	04.白	1	03.商店購買	8000	1040602	5140602	5440602	5500000	2040602	3ditem_c_001	999	39	8	0	00.無	0		00.無	0	00.無	0				99000	9900	9	1	0	0	0	0	
	140603	4000	1	1	1	1	0	1.可以交易；1.被PK會掉	1	1	聖光洗禮 3 級卷軸	46	4.戴宗	18.技能學習	04.白	1	03.商店購買	8000	1040603	5140603	5440603	5500000	2040603	3ditem_c_001	999	46	8	0	00.無	0		00.無	0	00.無	0				215000	21500	9	1	0	0	0	0	
	140604	4000	1	1	1	1	0	1.可以交易；1.被PK會掉	1	1	聖光洗禮 4 級卷軸	53	4.戴宗	18.技能學習	04.白	1	03.商店購買	8000	1040604	5140604	5440604	5500000	2040604	3ditem_c_001	999	53	8	0	00.無	0		00.無	0	00.無	0				397000	39700	9	1	0	0	0	0	
	140605	4000	1	1	1	1	0	1.可以交易；1.被PK會掉	1	1	聖光洗禮 5 級卷軸	60	4.戴宗	18.技能學習	04.白	1	07.怪物掉寶	8000	1040605	5140605	5440605	5500000	2040605	3ditem_c_001	999	60	8	0	00.無	0		00.無	0	00.無	0				680000	68000	9	1	0	0	0	0	
# 第二小隊																																															
	150101	4000	1	1	1	1	0	1.可以交易；1.被PK會掉	1	1	亢龍有悔 1 級卷軸	1	5.史進	18.技能學習	04.白	1	03.商店購買	8000	1050101	5150101	5450101	5500000	2050101	3ditem_c_001	999	1	16	0	00.無	0		00.無	0	00.無	0				30	3	9	1	0	0	0	0	
	150102	4000	1	1	1	1	0	1.可以交易；1.被PK會掉	1	1	亢龍有悔 2 級卷軸	6	5.史進	18.技能學習	04.白	1	03.商店購買	8000	1050102	5150102	5450102	5500000	2050102	3ditem_c_001	999	6	16	0	00.無	0		00.無	0	00.無	0				140	14	9	1	0	0	0	0	
	150103	4000	1	1	1	1	0	1.可以交易；1.被PK會掉	1	1	亢龍有悔 3 級卷軸	11	5.史進	18.技能學習	04.白	1	03.商店購買	8000	1050103	5150103	5450103	5500000	2050103	3ditem_c_001	999	11	16	0	00.無	0		00.無	0	00.無	0				600	60	9	1	0	0	0	0	
	150104	4000	1	1	1	1	0	1.可以交易；1.被PK會掉	1	1	亢龍有悔 4 級卷軸	16	5.史進	18.技能學習	04.白	1	03.商店購買	8000	1050104	5150104	5450104	5500000	2050104	3ditem_c_001	999	16	16	0	00.無	0		00.無	0	00.無	0				2000	200	9	1	0	0	0	0	
	150105	4000	1	1	1	1	0	1.可以交易；1.被PK會掉	1	1	亢龍有悔 5 級卷軸	21	5.史進	18.技能學習	04.白	1	03.商店購買	8000	1050105	5150105	5450105	5500000	2050105	3ditem_c_001	999	21	16	0	00.無	0		00.無	0	00.無	0				7000	700	9	1	0	0	0	0	
	150201	4000	1	1	1	1	0	1.可以交易；1.被PK會掉	1	1	九龍鬧海 1 級卷軸	15	5.史進	18.技能學習	04.白	1	03.商店購買	8000	1050201	5150201	5450201	5500000	2050201	3ditem_c_001	999	15	16	0	00.無	0		00.無	0	00.無	0				1500	150	9	1	0	0	0	0	
	150202	4000	1	1	1	1	0	1.可以交易；1.被PK會掉	1	1	九龍鬧海 2 級卷軸	23	5.史進	18.技能學習	04.白	1	03.商店購買	8000	1050202	5150202	5450202	5500000	2050202	3ditem_c_001	999	23	16	0	00.無	0		00.無	0	00.無	0				10000	1000	9	1	0	0	0	0	
	150203	4000	1	1	1	1	0	1.可以交易；1.被PK會掉	1	1	九龍鬧海 3 級卷軸	31	5.史進	18.技能學習	04.白	1	03.商店購買	8000	1050203	5150203	5450203	5500000	2050203	3ditem_c_001	999	31	16	0	00.無	0		00.無	0	00.無	0				38000	3800	9	1	0	0	0	0	
	150204	4000	1	1	1	1	0	1.可以交易；1.被PK會掉	1	1	九龍鬧海 4 級卷軸	39	5.史進	18.技能學習	04.白	1	03.商店購買	8000	1050204	5150204	5450204	5500000	2050204	3ditem_c_001	999	39	16	0	00.無	0		00.無	0	00.無	0				99000	9900	9	1	0	0	0	0	
	150205	4000	1	1	1	1	0	1.可以交易；1.被PK會掉	1	1	九龍鬧海 5 級卷軸	47	5.史進	18.技能學習	04.白	1	07.怪物掉寶	8000	1050205	5150205	5450205	5500000	2050205	3ditem_c_001	999	47	16	0	00.無	0		00.無	0	00.無	0				233000	23300	9	1	0	0	0	0	
	150301	4000	1	1	1	1	0	1.可以交易；1.被PK會掉	1	1	防禦破壞 1 級卷軸	1	5.史進	18.技能學習	04.白	1	03.商店購買	8000	1050301	5150301	5450301	5500000	2050301	3ditem_c_001	999	1	16	0	00.無	0		00.無	0	00.無	0				30	3	9	1	0	0	0	0	
	150302	4000	1	1	1	1	0	1.可以交易；1.被PK會掉	1	1	防禦破壞 2 級卷軸	9	5.史進	18.技能學習	04.白	1	03.商店購買	8000	1050302	5150302	5450302	5500000	2050302	3ditem_c_001	999	9	16	0	00.無	0		00.無	0	00.無	0				300	30	9	1	0	0	0	0	
	150303	4000	1	1	1	1	0	1.可以交易；1.被PK會掉	1	1	防禦破壞 3 級卷軸	17	5.史進	18.技能學習	04.白	1	03.商店購買	8000	1050303	5150303	5450303	5500000	2050303	3ditem_c_001	999	17	16	0	00.無	0		00.無	0	00.無	0				2600	260	9	1	0	0	0	0	
	150304	4000	1	1	1	1	0	1.可以交易；1.被PK會掉	1	1	防禦破壞 4 級卷軸	25	5.史進	18.技能學習	04.白	1	03.商店購買	8000	1050304	5150304	5450304	5500000	2050304	3ditem_c_001	999	25	16	0	00.無	0		00.無	0	00.無	0				14000	1400	9	1	0	0	0	0	
	150305	4000	1	1	1	1	0	1.可以交易；1.被PK會掉	1	1	防禦破壞 5 級卷軸	33	5.史進	18.技能學習	04.白	1	07.怪物掉寶	8000	1050305	5150305	5450305	5500000	2050305	3ditem_c_001	999	33	16	0	00.無	0		00.無	0	00.無	0				49000	4900	9	1	0	0	0	0	
	150401	4000	1	1	1	1	0	1.可以交易；1.被PK會掉	1	1	烏雲蓋頂 1 級卷軸	13	5.史進	18.技能學習	04.白	1	03.商店購買	8000	1050401	5150401	5450401	5500000	2050401	3ditem_c_001	999	13	16	0	00.無	0		00.無	0	00.無	0				1000	100	9	1	0	0	0	0	
	150402	4000	1	1	1	1	0	1.可以交易；1.被PK會掉	1	1	烏雲蓋頂 2 級卷軸	21	5.史進	18.技能學習	04.白	1	03.商店購買	8000	1050402	5150402	5450402	5500000	2050402	3ditem_c_001	999	21	16	0	00.無	0		00.無	0	00.無	0				7000	700	9	1	0	0	0	0	
	150403	4000	1	1	1	1	0	1.可以交易；1.被PK會掉	1	1	烏雲蓋頂 3 級卷軸	29	5.史進	18.技能學習	04.白	1	03.商店購買	8000	1050403	5150403	5450403	5500000	2050403	3ditem_c_001	999	29	16	0	00.無	0		00.無	0	00.無	0				27000	2700	9	1	0	0	0	0	
	150404	4000	1	1	1	1	0	1.可以交易；1.被PK會掉	1	1	烏雲蓋頂 4 級卷軸	37	5.史進	18.技能學習	04.白	1	03.商店購買	8000	1050404	5150404	5450404	5500000	2050404	3ditem_c_001	999	37	16	0	00.無	0		00.無	0	00.無	0				81000	8100	9	1	0	0	0	0	
	150405	4000	1	1	1	1	0	1.可以交易；1.被PK會掉	1	1	烏雲蓋頂 5 級卷軸	45	5.史進	18.技能學習	04.白	1	07.怪物掉寶	8000	1050405	5150405	5450405	5500000	2050405	3ditem_c_001	999	45	16	0	00.無	0		00.無	0	00.無	0				184000	18400	9	1	0	0	0	0	
	150501	4000	1	1	1	1	0	1.可以交易；1.被PK會掉	1	1	老樹盤根 1 級卷軸	26	5.史進	18.技能學習	04.白	1	03.商店購買	8000	1050501	5150501	5450501	5500000	2050501	3ditem_c_001	999	26	16	0	00.無	0		00.無	0	00.無	0				18000	1800	9	1	0	0	0	0	
	150502	4000	1	1	1	1	0	1.可以交易；1.被PK會掉	1	1	老樹盤根 2 級卷軸	34	5.史進	18.技能學習	04.白	1	03.商店購買	8000	1050502	5150502	5450502	5500000	2050502	3ditem_c_001	999	34	16	0	00.無	0		00.無	0	00.無	0				55000	5500	9	1	0	0	0	0	
	150503	4000	1	1	1	1	0	1.可以交易；1.被PK會掉	1	1	老樹盤根 3 級卷軸	42	5.史進	18.技能學習	04.白	1	03.商店購買	8000	1050503	5150503	5450503	5500000	2050503	3ditem_c_001	999	42	16	0	00.無	0		00.無	0	00.無	0				142000	14200	9	1	0	0	0	0	
	150504	4000	1	1	1	1	0	1.可以交易；1.被PK會掉	1	1	老樹盤根 4 級卷軸	50	5.史進	18.技能學習	04.白	1	03.商店購買	8000	1050504	5150504	5450504	5500000	2050504	3ditem_c_001	999	50	16	0	00.無	0		00.無	0	00.無	0				295000	29500	9	1	0	0	0	0	
	150505	4000	1	1	1	1	0	1.可以交易；1.被PK會掉	1	1	老樹盤根 5 級卷軸	58	5.史進	18.技能學習	04.白	1	07.怪物掉寶	8000	1050505	5150505	5450505	5500000	2050505	3ditem_c_001	999	58	16	0	00.無	0		00.無	0	00.無	0				600000	60000	9	1	0	0	0	0	
	150601	4000	1	1	1	1	0	1.可以交易；1.被PK會掉	1	1	弱化攻擊 1 級卷軸	32	5.史進	18.技能學習	04.白	1	03.商店購買	8000	1050601	5150601	5450601	5500000	2050601	3ditem_c_001	999	32	16	0	00.無	0		00.無	0	00.無	0				43000	4300	9	1	0	0	0	0	
	150602	4000	1	1	1	1	0	1.可以交易；1.被PK會掉	1	1	弱化攻擊 2 級卷軸	39	5.史進	18.技能學習	04.白	1	03.商店購買	8000	1050602	5150602	5450602	5500000	2050602	3ditem_c_001	999	39	16	0	00.無	0		00.無	0	00.無	0				99000	9900	9	1	0	0	0	0	
	150603	4000	1	1	1	1	0	1.可以交易；1.被PK會掉	1	1	弱化攻擊 3 級卷軸	46	5.史進	18.技能學習	04.白	1	03.商店購買	8000	1050603	5150603	5450603	5500000	2050603	3ditem_c_001	999	46	16	0	00.無	0		00.無	0	00.無	0				215000	21500	9	1	0	0	0	0	
	150604	4000	1	1	1	1	0	1.可以交易；1.被PK會掉	1	1	弱化攻擊 4 級卷軸	53	5.史進	18.技能學習	04.白	1	03.商店購買	8000	1050604	5150604	5450604	5500000	2050604	3ditem_c_001	999	53	16	0	00.無	0		00.無	0	00.無	0				397000	39700	9	1	0	0	0	0	
	150605	4000	1	1	1	1	0	1.可以交易；1.被PK會掉	1	1	弱化攻擊 5 級卷軸	60	5.史進	18.技能學習	04.白	1	07.怪物掉寶	8000	1050605	5150605	5450605	5500000	2050605	3ditem_c_001	999	60	16	0	00.無	0		00.無	0	00.無	0				680000	68000	9	1	0	0	0	0	
	160101	4000	1	1	1	1	0	1.可以交易；1.被PK會掉	1	1	烈火快斧 1 級卷軸	1	6.李逵	18.技能學習	04.白	1	03.商店購買	8000	1060101	5160101	5460101	5500000	2060101	3ditem_c_001	999	1	32	0	00.無	0		00.無	0	00.無	0				30	3	9	1	0	0	0	0	
	160102	4000	1	1	1	1	0	1.可以交易；1.被PK會掉	1	1	烈火快斧 2 級卷軸	6	6.李逵	18.技能學習	04.白	1	03.商店購買	8000	1060102	5160102	5460102	5500000	2060102	3ditem_c_001	999	6	32	0	00.無	0		00.無	0	00.無	0				140	14	9	1	0	0	0	0	
	160103	4000	1	1	1	1	0	1.可以交易；1.被PK會掉	1	1	烈火快斧 3 級卷軸	11	6.李逵	18.技能學習	04.白	1	03.商店購買	8000	1060103	5160103	5460103	5500000	2060103	3ditem_c_001	999	11	32	0	00.無	0		00.無	0	00.無	0				600	60	9	1	0	0	0	0	
	160104	4000	1	1	1	1	0	1.可以交易；1.被PK會掉	1	1	烈火快斧 4 級卷軸	16	6.李逵	18.技能學習	04.白	1	03.商店購買	8000	1060104	5160104	5460104	5500000	2060104	3ditem_c_001	999	16	32	0	00.無	0		00.無	0	00.無	0				2000	200	9	1	0	0	0	0	
	160105	4000	1	1	1	1	0	1.可以交易；1.被PK會掉	1	1	烈火快斧 5 級卷軸	21	6.李逵	18.技能學習	04.白	1	03.商店購買	8000	1060105	5160105	5460105	5500000	2060105	3ditem_c_001	999	21	32	0	00.無	0		00.無	0	00.無	0				7000	700	9	1	0	0	0	0	
	160201	4000	1	1	1	1	0	1.可以交易；1.被PK會掉	1	1	野火燎原 1 級卷軸	26	6.李逵	18.技能學習	04.白	1	03.商店購買	8000	1060201	5160201	5460201	5500000	2060201	3ditem_c_001	999	26	32	0	00.無	0		00.無	0	00.無	0				18000	1800	9	1	0	0	0	0	
	160202	4000	1	1	1	1	0	1.可以交易；1.被PK會掉	1	1	野火燎原 2 級卷軸	34	6.李逵	18.技能學習	04.白	1	03.商店購買	8000	1060202	5160202	5460202	5500000	2060202	3ditem_c_001	999	34	32	0	00.無	0		00.無	0	00.無	0				55000	5500	9	1	0	0	0	0	
	160203	4000	1	1	1	1	0	1.可以交易；1.被PK會掉	1	1	野火燎原 3 級卷軸	42	6.李逵	18.技能學習	04.白	1	03.商店購買	8000	1060203	5160203	5460203	5500000	2060203	3ditem_c_001	999	42	32	0	00.無	0		00.無	0	00.無	0				142000	14200	9	1	0	0	0	0	
	160204	4000	1	1	1	1	0	1.可以交易；1.被PK會掉	1	1	野火燎原 4 級卷軸	50	6.李逵	18.技能學習	04.白	1	03.商店購買	8000	1060204	5160204	5460204	5500000	2060204	3ditem_c_001	999	50	32	0	00.無	0		00.無	0	00.無	0				295000	29500	9	1	0	0	0	0	
	160205	4000	1	1	1	1	0	1.可以交易；1.被PK會掉	1	1	野火燎原 5 級卷軸	58	6.李逵	18.技能學習	04.白	1	07.怪物掉寶	8000	1060205	5160205	5460205	5500000	2060205	3ditem_c_001	999	58	32	0	00.無	0		00.無	0	00.無	0				600000	60000	9	1	0	0	0	0	
	160301	4000	1	1	1	1	0	1.可以交易；1.被PK會掉	1	1	銅牆鐵壁 1 級卷軸	1	6.李逵	18.技能學習	04.白	1	03.商店購買	8000	1060301	5160301	5460301	5500000	2060301	3ditem_c_001	999	1	32	0	00.無	0		00.無	0	00.無	0				30	3	9	1	0	0	0	0	
	160302	4000	1	1	1	1	0	1.可以交易；1.被PK會掉	1	1	銅牆鐵壁 2 級卷軸	9	6.李逵	18.技能學習	04.白	1	03.商店購買	8000	1060302	5160302	5460302	5500000	2060302	3ditem_c_001	999	9	32	0	00.無	0		00.無	0	00.無	0				300	30	9	1	0	0	0	0	
	160303	4000	1	1	1	1	0	1.可以交易；1.被PK會掉	1	1	銅牆鐵壁 3 級卷軸	17	6.李逵	18.技能學習	04.白	1	03.商店購買	8000	1060303	5160303	5460303	5500000	2060303	3ditem_c_001	999	17	32	0	00.無	0		00.無	0	00.無	0				2600	260	9	1	0	0	0	0	
	160304	4000	1	1	1	1	0	1.可以交易；1.被PK會掉	1	1	銅牆鐵壁 4 級卷軸	25	6.李逵	18.技能學習	04.白	1	03.商店購買	8000	1060304	5160304	5460304	5500000	2060304	3ditem_c_001	999	25	32	0	00.無	0		00.無	0	00.無	0				14000	1400	9	1	0	0	0	0	
	160305	4000	1	1	1	1	0	1.可以交易；1.被PK會掉	1	1	銅牆鐵壁 5 級卷軸	33	6.李逵	18.技能學習	04.白	1	07.怪物掉寶	8000	1060305	5160305	5460305	5500000	2060305	3ditem_c_001	999	33	32	0	00.無	0		00.無	0	00.無	0				49000	4900	9	1	0	0	0	0	
	160401	4000	1	1	1	1	0	1.可以交易；1.被PK會掉	1	1	身強體壯 1 級卷軸	15	6.李逵	18.技能學習	04.白	1	03.商店購買	8000	1060401	5160401	5460401	5500000	2060401	3ditem_c_001	999	15	32	0	00.無	0		00.無	0	00.無	0				1500	150	9	1	0	0	0	0	
	160402	4000	1	1	1	1	0	1.可以交易；1.被PK會掉	1	1	身強體壯 2 級卷軸	23	6.李逵	18.技能學習	04.白	1	03.商店購買	8000	1060402	5160402	5460402	5500000	2060402	3ditem_c_001	999	23	32	0	00.無	0		00.無	0	00.無	0				10000	1000	9	1	0	0	0	0	
	160403	4000	1	1	1	1	0	1.可以交易；1.被PK會掉	1	1	身強體壯 3 級卷軸	31	6.李逵	18.技能學習	04.白	1	03.商店購買	8000	1060403	5160403	5460403	5500000	2060403	3ditem_c_001	999	31	32	0	00.無	0		00.無	0	00.無	0				38000	3800	9	1	0	0	0	0	
	160404	4000	1	1	1	1	0	1.可以交易；1.被PK會掉	1	1	身強體壯 4 級卷軸	39	6.李逵	18.技能學習	04.白	1	03.商店購買	8000	1060404	5160404	5460404	5500000	2060404	3ditem_c_001	999	39	32	0	00.無	0		00.無	0	00.無	0				99000	9900	9	1	0	0	0	0	
	160405	4000	1	1	1	1	0	1.可以交易；1.被PK會掉	1	1	身強體壯 5 級卷軸	47	6.李逵	18.技能學習	04.白	1	07.怪物掉寶	8000	1060405	5160405	5460405	5500000	2060405	3ditem_c_001	999	47	32	0	00.無	0		00.無	0	00.無	0				233000	23300	9	1	0	0	0	0	
	160501	4000	1	1	1	1	0	1.可以交易；1.被PK會掉	1	1	怒火中燒 1 級卷軸	13	6.李逵	18.技能學習	04.白	1	03.商店購買	8000	1060501	5160501	5460501	5500000	2060501	3ditem_c_001	999	13	32	0	00.無	0		00.無	0	00.無	0				1000	100	9	1	0	0	0	0	
	160502	4000	1	1	1	1	0	1.可以交易；1.被PK會掉	1	1	怒火中燒 2 級卷軸	21	6.李逵	18.技能學習	04.白	1	03.商店購買	8000	1060502	5160502	5460502	5500000	2060502	3ditem_c_001	999	21	32	0	00.無	0		00.無	0	00.無	0				7000	700	9	1	0	0	0	0	
	160503	4000	1	1	1	1	0	1.可以交易；1.被PK會掉	1	1	怒火中燒 3 級卷軸	29	6.李逵	18.技能學習	04.白	1	03.商店購買	8000	1060503	5160503	5460503	5500000	2060503	3ditem_c_001	999	29	32	0	00.無	0		00.無	0	00.無	0				27000	2700	9	1	0	0	0	0	
	160504	4000	1	1	1	1	0	1.可以交易；1.被PK會掉	1	1	怒火中燒 4 級卷軸	37	6.李逵	18.技能學習	04.白	1	03.商店購買	8000	1060504	5160504	5460504	5500000	2060504	3ditem_c_001	999	37	32	0	00.無	0		00.無	0	00.無	0				81000	8100	9	1	0	0	0	0	
	160505	4000	1	1	1	1	0	1.可以交易；1.被PK會掉	1	1	怒火中燒 5 級卷軸	45	6.李逵	18.技能學習	04.白	1	07.怪物掉寶	8000	1060505	5160505	5460505	5500000	2060505	3ditem_c_001	999	45	32	0	00.無	0		00.無	0	00.無	0				184000	18400	9	1	0	0	0	0	
	160601	4000	1	1	1	1	0	1.可以交易；1.被PK會掉	1	1	威震八方 1 級卷軸	32	6.李逵	18.技能學習	04.白	1	03.商店購買	8000	1060601	5160601	5460601	5500000	2060601	3ditem_c_001	999	32	32	0	00.無	0		00.無	0	00.無	0				43000	4300	9	1	0	0	0	0	
	160602	4000	1	1	1	1	0	1.可以交易；1.被PK會掉	1	1	威震八方 2 級卷軸	39	6.李逵	18.技能學習	04.白	1	03.商店購買	8000	1060602	5160602	5460602	5500000	2060602	3ditem_c_001	999	39	32	0	00.無	0		00.無	0	00.無	0				99000	9900	9	1	0	0	0	0	
	160603	4000	1	1	1	1	0	1.可以交易；1.被PK會掉	1	1	威震八方 3 級卷軸	46	6.李逵	18.技能學習	04.白	1	03.商店購買	8000	1060603	5160603	5460603	5500000	2060603	3ditem_c_001	999	46	32	0	00.無	0		00.無	0	00.無	0				215000	21500	9	1	0	0	0	0	
	160604	4000	1	1	1	1	0	1.可以交易；1.被PK會掉	1	1	威震八方 4 級卷軸	53	6.李逵	18.技能學習	04.白	1	03.商店購買	8000	1060604	5160604	5460604	5500000	2060604	3ditem_c_001	999	53	32	0	00.無	0		00.無	0	00.無	0				397000	39700	9	1	0	0	0	0	
	160605	4000	1	1	1	1	0	1.可以交易；1.被PK會掉	1	1	威震八方 5 級卷軸	60	6.李逵	18.技能學習	04.白	1	07.怪物掉寶	8000	1060605	5160605	5460605	5500000	2060605	3ditem_c_001	999	60	32	0	00.無	0		00.無	0	00.無	0				680000	68000	9	1	0	0	0	0	
	170101	4000	1	1	1	1	0	1.可以交易；1.被PK會掉	1	1	捨身一擊 1 級卷軸	1	7.顧大嫂	18.技能學習	04.白	1	03.商店購買	8000	1070101	5170101	5470101	5500000	2070101	3ditem_c_001	999	1	64	0	00.無	0		00.無	0	00.無	0				30	3	9	1	0	0	0	0	
	170102	4000	1	1	1	1	0	1.可以交易；1.被PK會掉	1	1	捨身一擊 2 級卷軸	6	7.顧大嫂	18.技能學習	04.白	1	03.商店購買	8000	1070102	5170102	5470102	5500000	2070102	3ditem_c_001	999	6	64	0	00.無	0		00.無	0	00.無	0				140	14	9	1	0	0	0	0	
	170103	4000	1	1	1	1	0	1.可以交易；1.被PK會掉	1	1	捨身一擊 3 級卷軸	11	7.顧大嫂	18.技能學習	04.白	1	03.商店購買	8000	1070103	5170103	5470103	5500000	2070103	3ditem_c_001	999	11	64	0	00.無	0		00.無	0	00.無	0				600	60	9	1	0	0	0	0	
	170104	4000	1	1	1	1	0	1.可以交易；1.被PK會掉	1	1	捨身一擊 4 級卷軸	16	7.顧大嫂	18.技能學習	04.白	1	03.商店購買	8000	1070104	5170104	5470104	5500000	2070104	3ditem_c_001	999	16	64	0	00.無	0		00.無	0	00.無	0				2000	200	9	1	0	0	0	0	
	170105	4000	1	1	1	1	0	1.可以交易；1.被PK會掉	1	1	捨身一擊 5 級卷軸	21	7.顧大嫂	18.技能學習	04.白	1	03.商店購買	8000	1070105	5170105	5470105	5500000	2070105	3ditem_c_001	999	21	64	0	00.無	0		00.無	0	00.無	0				7000	700	9	1	0	0	0	0	
	170201	4000	1	1	1	1	0	1.可以交易；1.被PK會掉	1	1	流星趕月 1 級卷軸	15	7.顧大嫂	18.技能學習	04.白	1	03.商店購買	8000	1070201	5170201	5470201	5500000	2070201	3ditem_c_001	999	15	64	0	00.無	0		00.無	0	00.無	0				1500	150	9	1	0	0	0	0	
	170202	4000	1	1	1	1	0	1.可以交易；1.被PK會掉	1	1	流星趕月 2 級卷軸	23	7.顧大嫂	18.技能學習	04.白	1	03.商店購買	8000	1070202	5170202	5470202	5500000	2070202	3ditem_c_001	999	23	64	0	00.無	0		00.無	0	00.無	0				10000	1000	9	1	0	0	0	0	
	170203	4000	1	1	1	1	0	1.可以交易；1.被PK會掉	1	1	流星趕月 3 級卷軸	31	7.顧大嫂	18.技能學習	04.白	1	03.商店購買	8000	1070203	5170203	5470203	5500000	2070203	3ditem_c_001	999	31	64	0	00.無	0		00.無	0	00.無	0				38000	3800	9	1	0	0	0	0	
	170204	4000	1	1	1	1	0	1.可以交易；1.被PK會掉	1	1	流星趕月 4 級卷軸	39	7.顧大嫂	18.技能學習	04.白	1	03.商店購買	8000	1070204	5170204	5470204	5500000	2070204	3ditem_c_001	999	39	64	0	00.無	0		00.無	0	00.無	0				99000	9900	9	1	0	0	0	0	
	170205	4000	1	1	1	1	0	1.可以交易；1.被PK會掉	1	1	流星趕月 5 級卷軸	47	7.顧大嫂	18.技能學習	04.白	1	07.怪物掉寶	8000	1070205	5170205	5470205	5500000	2070205	3ditem_c_001	999	47	64	0	00.無	0		00.無	0	00.無	0				233000	23300	9	1	0	0	0	0	
	170301	4000	1	1	1	1	0	1.可以交易；1.被PK會掉	1	1	震撼攻擊 1 級卷軸	13	7.顧大嫂	18.技能學習	04.白	1	03.商店購買	8000	1070301	5170301	5470301	5500000	2070301	3ditem_c_001	999	13	64	0	00.無	0		00.無	0	00.無	0				1000	100	9	1	0	0	0	0	
	170302	4000	1	1	1	1	0	1.可以交易；1.被PK會掉	1	1	震撼攻擊 2 級卷軸	21	7.顧大嫂	18.技能學習	04.白	1	03.商店購買	8000	1070302	5170302	5470302	5500000	2070302	3ditem_c_001	999	21	64	0	00.無	0		00.無	0	00.無	0				7000	700	9	1	0	0	0	0	
	170303	4000	1	1	1	1	0	1.可以交易；1.被PK會掉	1	1	震撼攻擊 3 級卷軸	29	7.顧大嫂	18.技能學習	04.白	1	03.商店購買	8000	1070303	5170303	5470303	5500000	2070303	3ditem_c_001	999	29	64	0	00.無	0		00.無	0	00.無	0				27000	2700	9	1	0	0	0	0	
	170304	4000	1	1	1	1	0	1.可以交易；1.被PK會掉	1	1	震撼攻擊 4 級卷軸	37	7.顧大嫂	18.技能學習	04.白	1	03.商店購買	8000	1070304	5170304	5470304	5500000	2070304	3ditem_c_001	999	37	64	0	00.無	0		00.無	0	00.無	0				81000	8100	9	1	0	0	0	0	
	170305	4000	1	1	1	1	0	1.可以交易；1.被PK會掉	1	1	震撼攻擊 5 級卷軸	45	7.顧大嫂	18.技能學習	04.白	1	07.怪物掉寶	8000	1070305	5170305	5470305	5500000	2070305	3ditem_c_001	999	45	64	0	00.無	0		00.無	0	00.無	0				184000	18400	9	1	0	0	0	0	
	170401	4000	1	1	1	1	0	1.可以交易；1.被PK會掉	1	1	鏡花水月 1 級卷軸	32	7.顧大嫂	18.技能學習	04.白	1	03.商店購買	8000	1070401	5170401	5470401	5500000	2070401	3ditem_c_001	999	32	64	0	00.無	0		00.無	0	00.無	0				43000	4300	9	1	0	0	0	0	
	170402	4000	1	1	1	1	0	1.可以交易；1.被PK會掉	1	1	鏡花水月 2 級卷軸	39	7.顧大嫂	18.技能學習	04.白	1	03.商店購買	8000	1070402	5170402	5470402	5500000	2070402	3ditem_c_001	999	39	64	0	00.無	0		00.無	0	00.無	0				99000	9900	9	1	0	0	0	0	
	170403	4000	1	1	1	1	0	1.可以交易；1.被PK會掉	1	1	鏡花水月 3 級卷軸	46	7.顧大嫂	18.技能學習	04.白	1	03.商店購買	8000	1070403	5170403	5470403	5500000	2070403	3ditem_c_001	999	46	64	0	00.無	0		00.無	0	00.無	0				215000	21500	9	1	0	0	0	0	
	170404	4000	1	1	1	1	0	1.可以交易；1.被PK會掉	1	1	鏡花水月 4 級卷軸	53	7.顧大嫂	18.技能學習	04.白	1	03.商店購買	8000	1070404	5170404	5470404	5500000	2070404	3ditem_c_001	999	53	64	0	00.無	0		00.無	0	00.無	0				397000	39700	9	1	0	0	0	0	
	170405	4000	1	1	1	1	0	1.可以交易；1.被PK會掉	1	1	鏡花水月 5 級卷軸	60	7.顧大嫂	18.技能學習	04.白	1	07.怪物掉寶	8000	1070405	5170405	5470405	5500000	2070405	3ditem_c_001	999	60	64	0	00.無	0		00.無	0	00.無	0				680000	68000	9	1	0	0	0	0	
	170501	4000	1	1	1	1	0	1.可以交易；1.被PK會掉	1	1	怒不可遏 1 級卷軸	1	7.顧大嫂	18.技能學習	04.白	1	03.商店購買	8000	1070501	5170501	5470501	5500000	2070501	3ditem_c_001	999	1	64	0	00.無	0		00.無	0	00.無	0				30	3	9	1	0	0	0	0	
	170502	4000	1	1	1	1	0	1.可以交易；1.被PK會掉	1	1	怒不可遏 2 級卷軸	9	7.顧大嫂	18.技能學習	04.白	1	03.商店購買	8000	1070502	5170502	5470502	5500000	2070502	3ditem_c_001	999	9	64	0	00.無	0		00.無	0	00.無	0				300	30	9	1	0	0	0	0	
	170503	4000	1	1	1	1	0	1.可以交易；1.被PK會掉	1	1	怒不可遏 3 級卷軸	17	7.顧大嫂	18.技能學習	04.白	1	03.商店購買	8000	1070503	5170503	5470503	5500000	2070503	3ditem_c_001	999	17	64	0	00.無	0		00.無	0	00.無	0				2600	260	9	1	0	0	0	0	
	170504	4000	1	1	1	1	0	1.可以交易；1.被PK會掉	1	1	怒不可遏 4 級卷軸	25	7.顧大嫂	18.技能學習	04.白	1	03.商店購買	8000	1070504	5170504	5470504	5500000	2070504	3ditem_c_001	999	25	64	0	00.無	0		00.無	0	00.無	0				14000	1400	9	1	0	0	0	0	
	170505	4000	1	1	1	1	0	1.可以交易；1.被PK會掉	1	1	怒不可遏 5 級卷軸	33	7.顧大嫂	18.技能學習	04.白	1	07.怪物掉寶	8000	1070505	5170505	5470505	5500000	2070505	3ditem_c_001	999	33	64	0	00.無	0		00.無	0	00.無	0				49000	4900	9	1	0	0	0	0	
	170601	4000	1	1	1	1	0	1.可以交易；1.被PK會掉	1	1	激發鬥志 1 級卷軸	26	7.顧大嫂	18.技能學習	04.白	1	03.商店購買	8000	1070601	5170601	5470601	5500000	2070601	3ditem_c_001	999	26	64	0	00.無	0		00.無	0	00.無	0				18000	1800	9	1	0	0	0	0	
	170602	4000	1	1	1	1	0	1.可以交易；1.被PK會掉	1	1	激發鬥志 2 級卷軸	34	7.顧大嫂	18.技能學習	04.白	1	03.商店購買	8000	1070602	5170602	5470602	5500000	2070602	3ditem_c_001	999	34	64	0	00.無	0		00.無	0	00.無	0				55000	5500	9	1	0	0	0	0	
	170603	4000	1	1	1	1	0	1.可以交易；1.被PK會掉	1	1	激發鬥志 3 級卷軸	42	7.顧大嫂	18.技能學習	04.白	1	03.商店購買	8000	1070603	5170603	5470603	5500000	2070603	3ditem_c_001	999	42	64	0	00.無	0		00.無	0	00.無	0				142000	14200	9	1	0	0	0	0	
	170604	4000	1	1	1	1	0	1.可以交易；1.被PK會掉	1	1	激發鬥志 4 級卷軸	50	7.顧大嫂	18.技能學習	04.白	1	03.商店購買	8000	1070604	5170604	5470604	5500000	2070604	3ditem_c_001	999	50	64	0	00.無	0		00.無	0	00.無	0				295000	29500	9	1	0	0	0	0	
	170605	4000	1	1	1	1	0	1.可以交易；1.被PK會掉	1	1	激發鬥志 5 級卷軸	58	7.顧大嫂	18.技能學習	04.白	1	07.怪物掉寶	8000	1070605	5170605	5470605	5500000	2070605	3ditem_c_001	999	58	64	0	00.無	0		00.無	0	00.無	0				600000	60000	9	1	0	0	0	0	
	180101	4000	1	1	1	1	0	1.可以交易；1.被PK會掉	1	1	瞄準射擊 1 級卷軸	1	8.花榮	18.技能學習	04.白	1	03.商店購買	8000	1080101	5180101	5480101	5500000	2080101	3ditem_c_001	999	1	128	0	00.無	0		00.無	0	00.無	0				30	3	9	1	0	0	0	0	
	180102	4000	1	1	1	1	0	1.可以交易；1.被PK會掉	1	1	瞄準射擊 2 級卷軸	6	8.花榮	18.技能學習	04.白	1	03.商店購買	8000	1080102	5180102	5480102	5500000	2080102	3ditem_c_001	999	6	128	0	00.無	0		00.無	0	00.無	0				140	14	9	1	0	0	0	0	
	180103	4000	1	1	1	1	0	1.可以交易；1.被PK會掉	1	1	瞄準射擊 3 級卷軸	11	8.花榮	18.技能學習	04.白	1	03.商店購買	8000	1080103	5180103	5480103	5500000	2080103	3ditem_c_001	999	11	128	0	00.無	0		00.無	0	00.無	0				600	60	9	1	0	0	0	0	
	180104	4000	1	1	1	1	0	1.可以交易；1.被PK會掉	1	1	瞄準射擊 4 級卷軸	16	8.花榮	18.技能學習	04.白	1	03.商店購買	8000	1080104	5180104	5480104	5500000	2080104	3ditem_c_001	999	16	128	0	00.無	0		00.無	0	00.無	0				2000	200	9	1	0	0	0	0	
	180105	4000	1	1	1	1	0	1.可以交易；1.被PK會掉	1	1	瞄準射擊 5 級卷軸	21	8.花榮	18.技能學習	04.白	1	03.商店購買	8000	1080105	5180105	5480105	5500000	2080105	3ditem_c_001	999	21	128	0	00.無	0		00.無	0	00.無	0				7000	700	9	1	0	0	0	0	
	180201	4000	1	1	1	1	0	1.可以交易；1.被PK會掉	1	1	震退射擊 1 級卷軸	15	8.花榮	18.技能學習	04.白	1	03.商店購買	8000	1080201	5180201	5480201	5500000	2080201	3ditem_c_001	999	15	128	0	00.無	0		00.無	0	00.無	0				1500	150	9	1	0	0	0	0	
	180202	4000	1	1	1	1	0	1.可以交易；1.被PK會掉	1	1	震退射擊 2 級卷軸	23	8.花榮	18.技能學習	04.白	1	03.商店購買	8000	1080202	5180202	5480202	5500000	2080202	3ditem_c_001	999	23	128	0	00.無	0		00.無	0	00.無	0				10000	1000	9	1	0	0	0	0	
	180203	4000	1	1	1	1	0	1.可以交易；1.被PK會掉	1	1	震退射擊 3 級卷軸	31	8.花榮	18.技能學習	04.白	1	03.商店購買	8000	1080203	5180203	5480203	5500000	2080203	3ditem_c_001	999	31	128	0	00.無	0		00.無	0	00.無	0				38000	3800	9	1	0	0	0	0	
	180204	4000	1	1	1	1	0	1.可以交易；1.被PK會掉	1	1	震退射擊 4 級卷軸	39	8.花榮	18.技能學習	04.白	1	03.商店購買	8000	1080204	5180204	5480204	5500000	2080204	3ditem_c_001	999	39	128	0	00.無	0		00.無	0	00.無	0				99000	9900	9	1	0	0	0	0	
	180205	4000	1	1	1	1	0	1.可以交易；1.被PK會掉	1	1	震退射擊 5 級卷軸	47	8.花榮	18.技能學習	04.白	1	07.怪物掉寶	8000	1080205	5180205	5480205	5500000	2080205	3ditem_c_001	999	47	128	0	00.無	0		00.無	0	00.無	0				233000	23300	9	1	0	0	0	0	
	180301	4000	1	1	1	1	0	1.可以交易；1.被PK會掉	1	1	箭雨沙暴 1 級卷軸	13	8.花榮	18.技能學習	04.白	1	03.商店購買	8000	1080301	5180301	5480301	5500000	2080301	3ditem_c_001	999	13	128	0	00.無	0		00.無	0	00.無	0				1000	100	9	1	0	0	0	0	
	180302	4000	1	1	1	1	0	1.可以交易；1.被PK會掉	1	1	箭雨沙暴 2 級卷軸	21	8.花榮	18.技能學習	04.白	1	03.商店購買	8000	1080302	5180302	5480302	5500000	2080302	3ditem_c_001	999	21	128	0	00.無	0		00.無	0	00.無	0				7000	700	9	1	0	0	0	0	
	180303	4000	1	1	1	1	0	1.可以交易；1.被PK會掉	1	1	箭雨沙暴 3 級卷軸	29	8.花榮	18.技能學習	04.白	1	03.商店購買	8000	1080303	5180303	5480303	5500000	2080303	3ditem_c_001	999	29	128	0	00.無	0		00.無	0	00.無	0				27000	2700	9	1	0	0	0	0	
	180304	4000	1	1	1	1	0	1.可以交易；1.被PK會掉	1	1	箭雨沙暴 4 級卷軸	37	8.花榮	18.技能學習	04.白	1	03.商店購買	8000	1080304	5180304	5480304	5500000	2080304	3ditem_c_001	999	37	128	0	00.無	0		00.無	0	00.無	0				81000	8100	9	1	0	0	0	0	
	180305	4000	1	1	1	1	0	1.可以交易；1.被PK會掉	1	1	箭雨沙暴 5 級卷軸	45	8.花榮	18.技能學習	04.白	1	07.怪物掉寶	8000	1080305	5180305	5480305	5500000	2080305	3ditem_c_001	999	45	128	0	00.無	0		00.無	0	00.無	0				184000	18400	9	1	0	0	0	0	
	180401	4000	1	1	1	1	0	1.可以交易；1.被PK會掉	1	1	飛砂箭陣 1 級卷軸	26	8.花榮	18.技能學習	04.白	1	03.商店購買	8000	1080401	5180401	5480401	5500000	2080401	3ditem_c_001	999	26	128	0	00.無	0		00.無	0	00.無	0				18000	1800	9	1	0	0	0	0	
	180402	4000	1	1	1	1	0	1.可以交易；1.被PK會掉	1	1	飛砂箭陣 2 級卷軸	34	8.花榮	18.技能學習	04.白	1	03.商店購買	8000	1080402	5180402	5480402	5500000	2080402	3ditem_c_001	999	34	128	0	00.無	0		00.無	0	00.無	0				55000	5500	9	1	0	0	0	0	
	180403	4000	1	1	1	1	0	1.可以交易；1.被PK會掉	1	1	飛砂箭陣 3 級卷軸	42	8.花榮	18.技能學習	04.白	1	03.商店購買	8000	1080403	5180403	5480403	5500000	2080403	3ditem_c_001	999	42	128	0	00.無	0		00.無	0	00.無	0				142000	14200	9	1	0	0	0	0	
	180404	4000	1	1	1	1	0	1.可以交易；1.被PK會掉	1	1	飛砂箭陣 4 級卷軸	50	8.花榮	18.技能學習	04.白	1	03.商店購買	8000	1080404	5180404	5480404	5500000	2080404	3ditem_c_001	999	50	128	0	00.無	0		00.無	0	00.無	0				295000	29500	9	1	0	0	0	0	
	180405	4000	1	1	1	1	0	1.可以交易；1.被PK會掉	1	1	飛砂箭陣 5 級卷軸	58	8.花榮	18.技能學習	04.白	1	07.怪物掉寶	8000	1080405	5180405	5480405	5500000	2080405	3ditem_c_001	999	58	128	0	00.無	0		00.無	0	00.無	0				600000	60000	9	1	0	0	0	0	
	180501	4000	1	1	1	1	0	1.可以交易；1.被PK會掉	1	1	麻痺陷阱 1 級卷軸	1	8.花榮	18.技能學習	04.白	1	03.商店購買	8000	1080501	5180501	5480501	5500000	2080501	3ditem_c_001	999	1	128	0	00.無	0		00.無	0	00.無	0				30	3	9	1	0	0	0	0	
	180502	4000	1	1	1	1	0	1.可以交易；1.被PK會掉	1	1	麻痺陷阱 2 級卷軸	9	8.花榮	18.技能學習	04.白	1	03.商店購買	8000	1080502	5180502	5480502	5500000	2080502	3ditem_c_001	999	9	128	0	00.無	0		00.無	0	00.無	0				300	30	9	1	0	0	0	0	
	180503	4000	1	1	1	1	0	1.可以交易；1.被PK會掉	1	1	麻痺陷阱 3 級卷軸	17	8.花榮	18.技能學習	04.白	1	03.商店購買	8000	1080503	5180503	5480503	5500000	2080503	3ditem_c_001	999	17	128	0	00.無	0		00.無	0	00.無	0				2600	260	9	1	0	0	0	0	
	180504	4000	1	1	1	1	0	1.可以交易；1.被PK會掉	1	1	麻痺陷阱 4 級卷軸	25	8.花榮	18.技能學習	04.白	1	03.商店購買	8000	1080504	5180504	5480504	5500000	2080504	3ditem_c_001	999	25	128	0	00.無	0		00.無	0	00.無	0				14000	1400	9	1	0	0	0	0	
	180505	4000	1	1	1	1	0	1.可以交易；1.被PK會掉	1	1	麻痺陷阱 5 級卷軸	33	8.花榮	18.技能學習	04.白	1	07.怪物掉寶	8000	1080505	5180505	5480505	5500000	2080505	3ditem_c_001	999	33	128	0	00.無	0		00.無	0	00.無	0				49000	4900	9	1	0	0	0	0	
	180601	4000	1	1	1	1	0	1.可以交易；1.被PK會掉	1	1	劇毒陷阱 1 級卷軸	32	8.花榮	18.技能學習	04.白	1	03.商店購買	8000	1080601	5180601	5480601	5500000	2080601	3ditem_c_001	999	32	128	0	00.無	0		00.無	0	00.無	0				43000	4300	9	1	0	0	0	0	
	180602	4000	1	1	1	1	0	1.可以交易；1.被PK會掉	1	1	劇毒陷阱 2 級卷軸	39	8.花榮	18.技能學習	04.白	1	03.商店購買	8000	1080602	5180602	5480602	5500000	2080602	3ditem_c_001	999	39	128	0	00.無	0		00.無	0	00.無	0				99000	9900	9	1	0	0	0	0	
	180603	4000	1	1	1	1	0	1.可以交易；1.被PK會掉	1	1	劇毒陷阱 3 級卷軸	46	8.花榮	18.技能學習	04.白	1	03.商店購買	8000	1080603	5180603	5480603	5500000	2080603	3ditem_c_001	999	46	128	0	00.無	0		00.無	0	00.無	0				215000	21500	9	1	0	0	0	0	
	180604	4000	1	1	1	1	0	1.可以交易；1.被PK會掉	1	1	劇毒陷阱 4 級卷軸	53	8.花榮	18.技能學習	04.白	1	03.商店購買	8000	1080604	5180604	5480604	5500000	2080604	3ditem_c_001	999	53	128	0	00.無	0		00.無	0	00.無	0				397000	39700	9	1	0	0	0	0	
	180605	4000	1	1	1	1	0	1.可以交易；1.被PK會掉	1	1	劇毒陷阱 5 級卷軸	60	8.花榮	18.技能學習	04.白	1	07.怪物掉寶	8000	1080605	5180605	5480605	5500000	2080605	3ditem_c_001	999	60	128	0	00.無	0		00.無	0	00.無	0				680000	68000	9	1	0	0	0	0	
# 由於技能卷軸的ID規則比較特別（跟著 Skill ID 跑），要多出 1 碼供分辨用，所以其他物品的ID還是盡量保持 5 碼就好。也就是有要新增物品 ID 的話就塞到卷軸的前面去吧～～（小葉 2009/09/16）																																															
