#	Id	ClassId	NameStringId	LevelDesignGroupId		MissionGroupPresetId	MissionGrooupIndex					MissionLV		UIDisplayType	CanReDoThisMission	RegularMissonPresetId	ChildrenMissionPresetId1	ChildrenMissionPresetId2	ChildrenMissionPresetId3	ChildrenMissionPresetId4	LevelDesignID	MainID	SubID	StartMissionScript 	EndMissionScript	BelongToMissionId	MissionItemIdOnAcceptMission1	MissionItemCountOnAcceptMission1	MissionItemIdOnAcceptMission2	MissionItemCountOnAcceptMission2	MissionItemIdOnAcceptMission3	MissionItemCountOnAcceptMission3	MissionItemIdOnAcceptMission4	MissionItemCountOnAcceptMission4	AcceptMissionNPCID		AcceptMissionLevelDesignId		ReturnMissionNPCID	ReturnMissionPosition		ReturnMissionLevelDesignId		CompleteMissionCausalityStringStartId	CompleteMissionCausalityStringEndId	MissionTargetStringId	MissionTargetLevelDesignId	MissionTargetPosition	MissionDescStringID	AcceptConversationID	UnFinishMissionAcceptID	UnFinishMissionReturnID	ReturnConversationID	RewardExp			RewardGP	RewardPrestige	RewardSkillId	RewardLimit	RewardID1	RewardCount1	RewardRate1	RewardID2	RewardCount2	RewardRate2	RewardID3	RewardCount3	RewardRate3	RewardID4	RewardCount4	RewardRate4	RewardID5	RewardCount5	RewardRate5	Visible	GfxId	AutoShare	bMainMission							
#	Id																																																									30%																						21					20	
#	Id	Class 編號	名稱StringID	關卡群組	任務名稱（10字）	屬於哪一個任務群組	在任務群組的第幾個順位	所在關卡(動物城)	任務類型	人數類型	重接	任務樹承接等級顯示	任務難度等級	UI顯示類別	是否可以重覆解	制式任務追蹤編號	附屬子任務1	附屬子任務2	附屬子任務3	附屬子任務4	開啟LevelDesign	主標記	副標記	開始Script	結束Script 	"所屬任務
(步驟)"	承接任務時獲得的物品編號1	承接任務時獲得的物品數量1	承接任務時獲得的物品編號2	承接任務時獲得的物品數量2	承接任務時獲得的物品編號3	承接任務時獲得的物品數量3	承接任務時獲得的物品編號4	承接任務時獲得的物品數量4	接任務NPC	接任務NPC	接任務地點	接任務地點	還任務NPC	"任務追蹤
還任務NPC座標"	還任務NPC	還任務地點	還任務地點	任務目標String起始編號	任務目標String結尾編號	"任務追蹤
任務對象String"	"任務追蹤
對象所在關卡"	"任務追蹤
對象座標"	任務描述	接任務對話	任務提示(接取NPC)	任務提示(回報NPC)	還任務對話	獎勵Exp	修正以前獎勵Exp	任務種類備註	獎勵 GP	獎勵聲望	獎勵 技能	獎勵物品數量上限	"獎勵1物品
裝備飾品"	獎勵1數量	獎勵1機率	"獎勵2物品
藥水"	獎勵2數量	獎勵2機率	"獎勵3物品
武卷卷軸"	獎勵3數量	獎勵3機率	"獎勵4物品
防卷卷軸"	獎勵4數量	獎勵4機率	"獎勵5物品
傳卷復活"	獎勵5數量	獎勵5機率	顯示	圖檔	自動分享	主線與否	任務所需時間(秒)	目標怪物EXP	怪物擊殺目標隻數	殺夠怪物須過關次數	單級關卡GP參考	獎勵GP計算	原始排序
#關卡隨選任務																																																																																						1
	1	9300	2000001	1	英雄初試煉	0	0	梁山泊基地	不重複：特殊	0	否	1	1	0	0	1						1	0	Mission1Start	Mission1End										40002	智多星 吳用	2	梁山泊基地	40002	1727 -100 259	智多星 吳用	2	梁山泊基地	8000001	8000001	3000001	2	1540 -100 190	8010001	8020001	8020002		8020003	0		打怪	0	0		1	30019	1	9000	30007	1	9000	30022	1	1000	30023	1	1000	30029	1	5000						0	0		400	20	2
	2	9300	2000002	3	擊敗假面蝗蟲	0	0	LV   1  出征！兔城平原戰	副本重複：殺怪數	1	是	20	20	0	1	2						2	0												40003	兔城任務	3	第一主城	40003	4060 0 1830	兔城任務	3	第一主城	8000002	8000004	8040029				8020004	8020005		8020006	6	1232	副本	184	4		1	30002	2	8000	30008	2	8000	30002	10	1000	30008	10	1000	30029	1	5000					120	3	20	1	"89,950"	"4,500"	3
	3	9300	2000003	3	擊敗白兔隊長	0	0	LV   1  出征！兔城平原戰	副本重複：殺怪數	1	是	20	20	0	1	3						3	0												40003	兔城任務	3	第一主城	40003	4060 0 1830	兔城任務	3	第一主城	8000003	8000003	8040029				8020007	8020008		8020009	6	150	副本	13	4		1	30002	2	8000	30008	2	8000	30002	10	1000	30008	10	1000	30029	1	5000					30	61	1	1	"89,950"	"4,500"	4
	4	9300	2000004	4	擊退邪惡刺蝟軍團	0	0	LV   5  神祕迴旋林之戰	副本重複：殺怪數	1	是	20	20	0	1	4						4	0												40003	兔城任務	3	第一主城	40003	4060 0 1830	兔城任務	3	第一主城	8000004	8000004	8040029				8020010	8020011		8020012	474	1154	副本	160	332		1	30002	2	8000	30008	2	8000	30002	10	1000	30008	10	1000	30029	1	5000					90	316	15	1	"89,950"	"4,500"	5
	5	9300	2000005	4	蒐集優質紅蘿蔔	0	0	LV   5  神祕迴旋林之戰	副本重複：其他（對話、跑腿）	1	是	20	20	0	1	5						5	0		Mission5End										40003	兔城任務	3	第一主城	40003	4060 0 1830	兔城任務	3	第一主城	8000005	8000005	8040029				8020013	8020014		8020015	7185	1332	副本	200	5030		1	30002	2	8000	30008	2	8000	30002	10	1000	30008	10	1000	30029	1	5000					60	0	20	1	"89,950"	"4,500"	6
	6	9300	2000006	6	解救受困的葫蘆砲車	0	0	LV   8  迷霧谷之戰	副本重複：其他（對話、跑腿）	1	是	25	25	0	1	6						6	0												40003	兔城任務	3	第一主城	40003	4060 0 1830	兔城任務	3	第一主城	8000006	8000006	8040029				8020016	8020017		8020018	7139	23200	副本	34500	4997		1	30002	3	8000	30008	3	8000	30002	10	1000	30008	10	1000	30029	1	5000					100	0	10	3	"178,594"	"8,930"	7
	7	9300	2000007	6	解救受困村民	0	0	LV   8  迷霧谷之戰	副本重複：其他（對話、跑腿）	0	是	25	25	0	1	7						7	0												40003	兔城任務	3	第一主城	40003	4060 0 1830	兔城任務	3	第一主城	8000007	8000007	8040029				8020019	8020020		8020021	7139	6978	副本	1035	4997		1	30002	3	8000	30008	3	8000	30002	10	1000	30008	10	1000	30029	1	5000					30	0	0	1	"178,594"	"8,930"	8
	8	9300	2000008	8	擊破城門	0	0	LV 11  突破！兔王領域攻入戰	副本重複：其他（對話、跑腿）	1	是	25	25	0	1	8						8	0												40003	兔城任務	3	第一主城	40003	4060 0 1830	兔城任務	3	第一主城	8000008	8000008	8040029				8020022	8020023		8020024	7139	13920	副本	2052	4997		1	30002	3	8000	30008	3	8000	30002	10	1000	30008	10	1000	30029	1	5000					60	0	1	1	"178,594"	"8,930"	9
	9	9300	2000009	8	擊破砲台	0	0	LV 11  突破！兔王領域攻入戰	副本重複：其他（對話、跑腿）	1	是	25	25	0	1	9						9	0												40003	兔城任務	3	第一主城	40003	4060 0 1830	兔城任務	3	第一主城	8000009	8000009	8040029				8020025	8020026		8020027	7139	27840	副本	4104	4997		1	30002	3	8000	30008	3	8000	30002	10	1000	30008	10	1000	30029	1	5000					120	0	10	1	"178,594"	"8,930"	10
	10	9300	2000010	11	收集傳家寶玉	0	0	LV 17 (魔王) Boss戰~決勝兔王要塞	副本重複：殺怪數	1	是	30	30	0	1	10						10	0		Mission10End										40003	兔城任務	3	第一主城	40003	4060 0 1830	兔城任務	3	第一主城	8000010	8000010	8040029			8010002	8020028	8020029		8020030	1335	17046	副本	2544	935		1	30002	4	8000	30008	4	8000	30022	1	1000	30023	1	1000	30029	1	5000					60	"1,335"	10	1	"334,602"	"16,730"	11
	11	9300	2000011	11	擊敗野蠻戰兔	0	0	LV 17 (魔王) Boss戰~決勝兔王要塞	副本重複：殺怪數（多次）	1	是	30	30	0	1	11						11	0												40003	兔城任務	3	第一主城	40003	4060 0 1830	兔城任務	3	第一主城	8000011	8000011	8040029				8020031	8020032		8020033	2711	2200	副本	200	1898		1	30002	4	8000	30008	4	8000	30022	1	1000	30023	1	1000	30029	1	5000					100	"1,205"	15	2	"334,602"	"16,730"	12
	12	9300	2000012	5	擊倒戰熊	0	0	LV   5  村長的求救	副本重複：其他（對話、跑腿）	1	是	25	25	0	1	12						12	0												40003	兔城任務	3	第一主城	40003	4060 0 1830	兔城任務	3	第一主城	8000012	8000012	8040029				8020034	8020035		8020036	7139	706	副本	5175	4997		1	30002	3	8000	30008	3	8000	30002	10	1000	30008	10	1000	30029	1	5000					150	983	10	1	"178,594"	"8,930"	13
	13	9300	2000013	5	擊倒圓球嘟嘟	0	0	LV   5  村長的求救	副本重複：殺怪數	1	是	25	25	0	1	13						13	0												40003	兔城任務	3	第一主城	40003	4060 0 1830	兔城任務	3	第一主城	8000013	8000013	8040029				8020037	8020038		8020039	85	416	副本	150	60		1	30002	3	8000	30008	3	8000	30002	10	1000	30008	10	1000	30029	1	5000					30	853	1	1	"178,594"	"8,930"	14
	14	9300	2000014	7	擊倒蒙面兔	0	0	LV   8   密林裡的大仙	副本重複：殺怪數	1	是	25	25	0	1	14						14	0												40003	兔城任務	3	第一主城	40003	4060 0 1830	兔城任務	3	第一主城	8000014	8000014	8040029				8020040	8020041		8020042	106	1194	副本	131	74		1	30002	3	8000	30008	3	8000	30002	10	1000	30008	10	1000	30029	1	5000					60	106	10	1	"178,594"	"8,930"	15
	15	9300	2000015	7	收集大蘿蔔	0	0	LV   8   密林裡的大仙	副本重複：其他（對話、跑腿）	1	是	25	25	0	1	15						15	0		Mission15End										40003	兔城任務	3	第一主城	40003	4060 0 1830	兔城任務	3	第一主城	8000015	8000015	8040029				8020043	8020044		8020045	7139	1500	副本	200	4997		1	30002	3	8000	30008	3	8000	30002	10	1000	30008	10	1000	30029	1	5000					250	0	50	1	"178,594"	"8,930"	16
	16	9300	2000016	9	擊倒野蠻紅兔隊長	0	0	LV 11  迷霧的逆襲	副本重複：殺怪數（多次）	1	是	30	30	0	1	16						16	0												40003	兔城任務	3	第一主城	40003	4060 0 1830	兔城任務	3	第一主城	8000016	8000016	8040029				8020046	8020047		8020048	3887	6441	副本	294	2721		1	30002	4	8000	30008	4	8000	30022	1	1000	30023	1	1000	30029	1	5000					240	"2,591"	10	2	"334,602"	"16,730"	17
	17	9300	2000017	9	擊倒戰熊 	0	0	LV 11  迷霧的逆襲	副本重複：其他（對話、跑腿）	1	是	30	30	0	1	17						17	0												40003	兔城任務	3	第一主城	40003	4060 0 1830	兔城任務	3	第一主城	8000017	8000017	8040029				8020049	8020050		8020051	7448	706	副本	5175	5214		1	30002	4	8000	30008	4	8000	30022	1	1000	30023	1	1000	30029	1	5000					240	"1,541"	10	4	"334,602"	"16,730"	18
	18	9300	2000018	10	擊倒野蠻黃兔隊長	0	0	LV 14  兔城攻防會戰	副本重複：殺怪數	1	是	30	30	0	1	18						18	0												40003	兔城任務	3	第一主城	40003	4060 0 1830	兔城任務	3	第一主城	8000018	8000018	8040029				8020052	8020053		8020054	3726	7309	副本	321	2608		1	30002	4	8000	30008	4	8000	30022	1	1000	30023	1	1000	30029	1	5000					240	"3,726"	10	1	"334,602"	"16,730"	19
	19	9300	2000019	10	擊倒毒氣胖達	0	0	LV 14  兔城攻防會戰	副本重複：殺怪數	1	是	30	30	0	1	19						19	0												40003	兔城任務	3	第一主城	40003	4060 0 1830	兔城任務	3	第一主城	8000019	8000019	8040029				8020055	8020056		8020057	1693	1820	副本	804	1185		1	30002	4	8000	30008	4	8000	30022	1	1000	30023	1	1000	30029	1	5000					30	"16,926"	1	1	"334,602"	"16,730"	20
	20	9300	2000020	12	擊敗小青藍象	0	0	LV  20酷熱谷的磨練	副本重複：殺怪數	1	是	35	35	0	1	20						20	0												40004	象城任務	2001	第二主城	40004	2140 0 2070	象城任務	2001	第二主城	8000020	8000020	8040029				8020058	8020059		8020060	1922	3584	副本	254	1345		1	30003	3	8000	30009	3	8000	30022	1	1000	30023	1	1000	30029	2	5000					120	961	20	1	"623,589"	"31,180"	21
	21	9300	2000021	12	尋獲寶箱	0	0	LV  20酷熱谷的磨練	副本重複：其他（對話、跑腿）	1	是	35	35	0	1	21						21	0												40004	象城任務	2001	第二主城	40004	2140 0 2070	象城任務	2001	第二主城	8000021	8000021	8040029				8020061	8020062		8020063	9854	9702	副本	1392	6898		1	30003	3	8000	30009	3	8000	30022	1	1000	30023	1	1000	30029	2	5000					30	0	1	1	"623,589"	"31,180"	22
	22	9300	2000022	14	擊敗咕咕	0	0	LV 22  泥漿山城戰	副本重複：殺怪數（多次）	1	是	35	35	0	1	22						22	0												40004	象城任務	2001	第二主城	40004	2140 0 2070	象城任務	2001	第二主城	8000022	8000022	8040029				8020064	8020065		8020066	78120	16640	副本	1320	54684		1	30003	3	8000	30009	3	8000	30022	1	1000	30023	1	1000	30029	2	5000					600	"1,302"	100	11	"623,589"	"31,180"	23
	23	9300	2000023	14	擊敗熱血頑童	0	0	LV 22  泥漿山城戰	副本重複：殺怪數（多次）	1	是	35	35	0	1	23						23	0												40004	象城任務	2001	第二主城	40004	2140 0 2070	象城任務	2001	第二主城	8000023	8000023	8040029				8020067	8020068		8020069	78120	17400	副本	1160	54684		1	30003	3	8000	30009	3	8000	30022	1	1000	30023	1	1000	30029	2	5000					600	"1,302"	100	11	"623,589"	"31,180"	24
	24	9300	2000024	15	擊敗變色小藍龍	0	0	LV 25  神木密林追擊戰	副本重複：殺怪數（多次）	1	是	35	35	0	1	24						24	0												40004	象城任務	2001	第二主城	40004	2140 0 2070	象城任務	2001	第二主城	8000024	8000024	8040029				8020070	8020071		8020072	5009	5220	副本	348	3506		1	30003	3	8000	30009	3	8000	30022	1	1000	30023	1	1000	30029	2	5000					180	"1,113"	30	2	"623,589"	"31,180"	25
	25	9300	2000025	15	擊敗變色小綠龍	0	0	LV 25  神木密林追擊戰	副本重複：殺怪數（多次）	1	是	35	35	0	1	25						25	0												40004	象城任務	2001	第二主城	40004	2140 0 2070	象城任務	2001	第二主城	8000025	8000025	8040029				8020073	8020074		8020075	6678	5220	副本	348	4675		1	30003	3	8000	30009	3	8000	30022	1	1000	30023	1	1000	30029	2	5000					180	"1,113"	30	3	"623,589"	"31,180"	26
	26	9300	2000026	17	擊敗獨火星	0	0	LV 27  城外高原急襲戰	副本重複：殺怪數（多次）	1	是	35	35	0	1	26						26	0												40004	象城任務	2001	第二主城	40004	2140 0 2070	象城任務	2001	第二主城	8000026	8000026	8040029				8020076	8020077		8020078	46751	16120	副本	5554	32726		1	30003	3	8000	30009	3	8000	30022	1	1000	30023	1	1000	30029	2	5000					180	"10,389"	15	5	"623,589"	"31,180"	27
	27	9300	2000027	17	擊敗毛頭星	0	0	LV 27  城外高原急襲戰	副本重複：殺怪數（多次）	1	是	35	35	0	1	27						27	0												40004	象城任務	2001	第二主城	40004	2140 0 2070	象城任務	2001	第二主城	8000027	8000027	8040029				8020079	8020080		8020081	46751	16120	副本	5554	32726		1	30003	3	8000	30009	3	8000	30022	1	1000	30023	1	1000	30029	2	5000					180	"10,389"	15	5	"623,589"	"31,180"	28
	28	9300	2000028	13	收集掉落的熱包子	0	0	LV 22  城門內游擊戰	副本重複：其他（對話、跑腿）	1	是	35	35	0	1	28						28	0		Mission28End										40004	象城任務	2001	第二主城	40004	2140 0 2070	象城任務	2001	第二主城	8000028	8000028	8040029				8020082	8020083		8020084	9854	38600	副本	5910	6898		1	30003	3	8000	30009	3	8000	30022	1	1000	30023	1	1000	30029	2	5000					100	0	10	3	"623,589"	"31,180"	29
	29	9300	2000029	13	擊敗粉象糧軍長	0	0	LV 22  城門內游擊戰	副本重複：殺怪數（多次）	1	是	35	35	0	1	29						29	0												40004	象城任務	2001	第二主城	40004	2140 0 2070	象城任務	2001	第二主城	8000029	8000029	8040029				8020085	8020086		8020087	37872	22310	副本	8923	26510		1	30003	3	8000	30009	3	8000	30022	1	1000	30023	1	1000	30029	2	5000					300	"12,624"	10	5	"623,589"	"31,180"	30
	30	9300	2000030	16	擊敗叛逆頑童	0	0	LV 25  過5關斬6將之戰	副本重複：殺怪數（多次）	1	是	40	40	0	1	30						30	0												40004	象城任務	2001	第二主城	40004	2140 0 2070	象城任務	2001	第二主城	8000030	8000030	8040029				8020088	8020089		8020090	99280	20860	副本	1070	69496		1	30003	3	8000	30009	3	8000	30022	1	1000	30023	1	1000	30029	2	5000					600	"2,482"	100	7	"1,115,686"	"55,780"	31
	31	9300	2000031	16	擊敗西瓜象天王	0	0	LV 25  過5關斬6將之戰	副本重複：殺怪數（多次）	1	是	40	40	0	1	31						31	0												40004	象城任務	2001	第二主城	40004	2140 0 2070	象城任務	2001	第二主城	8000031	8000031	8040029				8020091	8020092		8020093	83793	25303	副本	8343	58655		1	30003	6	8000	30009	6	8000	30022	1	1000	30023	1	1000	30029	2	5000					120	"15,235"	10	10	"1,115,686"	"55,780"	32
	32	9300	2000032	18	擊敗爆鬥坦克象	0	0	LV 27  潛入戰	副本重複：殺怪數（多次）	1	是	40	40	0	1	32						32	0												40004	象城任務	2001	第二主城	40004	2140 0 2070	象城任務	2001	第二主城	8000032	8000032	8040029				8020094	8020095		8020096	59160	29792	副本	6670	41412		1	30003	6	8000	30009	6	8000	30022	1	1000	30023	1	1000	30029	2	5000					300	"7,888"	25	5	"1,115,686"	"55,780"	33
	33	9300	2000033	18	擊敗樁輪發射口	0	0	LV 27  潛入戰	副本重複：殺怪數（多次）	1	是	40	40	0	1	33						33	0												40004	象城任務	2001	第二主城	40004	2140 0 2070	象城任務	2001	第二主城	8000033	8000033	8040029				8020097	8020098		8020099	47835	40819	副本	4002	33485		1	30003	6	8000	30009	6	8000	30022	1	1000	30023	1	1000	30029	2	5000					180	"10,630"	15	5	"1,115,686"	"55,780"	34
	34	9300	2000034	19	擊敗卡布長象	0	0	LV29 風管房的坦克大戰	副本重複：殺怪數（多次）	1	是	40	40	0	1	34						34	0												40004	象城任務	2001	第二主城	40004	2140 0 2070	象城任務	2001	第二主城	8000034	8000034	8040029				8020100	8020101		8020102	166368	37956	副本	8298	116458		1	30003	6	8000	30009	6	8000	30022	1	1000	30023	1	1000	30029	2	5000					360	"6,932"	30	15	"1,115,686"	"55,780"	35
	35	9300	2000035	19	擊敗憤怒坦克象	0	0	LV29 風管房的坦克大戰	副本重複：殺怪數（多次）	1	是	40	40	0	1	35						35	0												40004	象城任務	2001	第二主城	40004	2140 0 2070	象城任務	2001	第二主城	8000035	8000035	8040029				8020103	8020104		8020105	54230	28203	副本	9484	37961		1	30003	6	8000	30009	6	8000	30022	1	1000	30023	1	1000	30029	2	5000					120	"9,860"	10	10	"1,115,686"	"55,780"	36
	36	9300	2000036	20	擊敗象王	0	0	LV32收服象王戰	副本重複：殺怪數（多次）	1	是	40	40	0	1	36						36	0												40004	象城任務	2001	第二主城	40004	2140 0 2070	象城任務	2001	第二主城	8000036	8000036	8040029				8020106	8020107		8020108	233860	63686	副本	29128	163702		1	30003	6	8000	30009	6	8000	30022	1	1000	30023	1	1000	30029	2	5000					480	"42,520"	10	10	"1,115,686"	"55,780"	37
#官階任務																																																																																						38
	100	9300	2000100	1006	事件1-失蹤的軍師	34	1		不重複：特殊	0	否	1	10	0	0	100						100	0	Mission100Start	Mission100_a										40087	關勝	3	第一主城	40088	133 0 411	神秘的男孩	1014	螢火平原	8000100	8000100	3200085			8010100	8021182	8021183		8021184	3028	1927	對話	332	2120																						30						39
	101	9300	2000101	1006	事件2-變小的身體	34	3		不重複：特殊	0	否	1	15	0	0	101						101	0		Mission101_a										40087	關勝	3	第一主城	40087	3959 0 385	關勝	3	第一主城	8000101	8000101	8040035			8010101	8021185	8021186		8021187	6392	4167	跑腿	604	4474		1	30001	1	10000	30007	1	10000	30022	1	10000	30023	1	10000	30029	1	10000					30						40
	102	9300	2000102	1006	事件3-犯人的蹤跡	34	5		不重複：特殊	0	否	1	20	0	0	102						102	0		Mission102_a										40087	關勝	3	第一主城	40087	3959 0 385	關勝	3	第一主城	8000102	8000102	8040036			8010102	8021188	8021189		8021190	10777	7011	跑腿	975	7544		1	30002	1	10000	30008	1	10000	30022	1	10000	30023	1	10000	30029	1	10000					30						41
	103	9300	2000103	1006	事件4-復原的辦法	34	7		不重複：特殊	0	否	1	32	0	0	103						103	0		Mission103_a										40087	關勝	3	第一主城	40087	3959 0 385	關勝	3	第一主城	8000103	8000103	8040010			8010103	8021191	8021192		8021193	16990	97278	打怪	7284	11893		1	30002	1	10000	30008	1	10000	30022	1	10000	30023	1	10000	30029	1	10000					180						42
	104	9300	2000104	1006	事件5-黑暗的組織	34	9		不重複：特殊	0	否	1	38	0	0	104						104	0		Mission104_a										40087	關勝	3	第一主城	40087	3959 0 385	關勝	3	第一主城	8000104	8000104	3300023	1005	2116 -99 -302	8010104	8021194	8021195		8021196	1671	6342	打怪	1702	1170		1	30002	1	10000	30008	1	10000	30022	1	10000	30023	1	10000	30029	1	10000					30						43
	105	9300	2000105	1006	事件6-超毒的解藥	34	11		不重複：特殊	0	否	1	46	0	0	105						105	0		Mission105_a										40087	關勝	3	第一主城	40087	3959 0 385	關勝	3	第一主城	8000105	8000105	3300035	1008	7066 0 2363	8010105	8021197	8021198		8021199	32796	103240	打怪	26772	22957		1	30002	1	10000	30008	1	10000	30022	1	10000	30023	1	10000	30029	1	10000					300						44
	106	9300	2000106	1006	事件7-組織的逆襲	34	13		不重複：特殊	0	否	1	45	0	0	106						106	0		Mission106_a										40087	關勝	3	第一主城	40087	3959 0 385	關勝	3	第一主城	8000106	8000106	8040037			8010106	8021200	8021201		8021202	23470	30872	跑腿	2395	16429		1	30003	1	10000	30009	1	10000	30022	1	10000	30023	1	10000	30029	1	10000					30						45
	107	9300	2000107	1006	事件8-命危的軍師	34	15		不重複：特殊	1	否	1	50	0	0	107						107	0		Mission107_a										40087	關勝	3	第一主城	40087	3959 0 385	關勝	3	第一主城	8000107	8000107	3100033	1010	495 0 859	8010107	8021203	8021204		8021205	28554	375671	打怪	30631	19988		1	30003	1	10000	30009	1	10000	30022	1	10000	30023	1	10000	30029	1	10000					300						46
	108	9300	2000108	1006	事件9-組織的本營	34	17		不重複：特殊	0	否	1	50	0	0	108						108	0		Mission108_a										40087	關勝	3	第一主城	40087	3959 0 385	關勝	3	第一主城	8000108	8000108	8040011			8010108	8021206	8021207		8021208	28554	37567	跑腿	3063	19988		1	30003	1	10000	30009	1	10000	30022	1	10000	30023	1	10000	30029	1	10000					30						47
	109	9300	2000109	1006	事件10-擊破黑暗組織	34	19		不重複：特殊	1	否	1	55	0	0	109						109	0		Mission109_a										40087	關勝	3	第一主城	40087	3959 0 385	關勝	3	第一主城	8000109	8000109	3300130	1024	4800 300 4000	8010109	8021209	8021210		8021211	41364	158382	打王	38689	28955		1	30003	1	10000	30009	1	10000	30022	1	10000	30023	1	10000	30029	1	10000					300						48
	110	9300	2000110	1006	事件11-真相只有一個	34	21		不重複：特殊	1	否	1	32	0	0	110						110	0		Mission110_a										40087	關勝	3	第一主城	40087	3959 0 385	關勝	3	第一主城	8000110	8000110	3500010	3002	9213 0 -1053	8010110	8021212	8021213		8021214	27270	887990	打王	12141	19089		1	30003	1	10000	30009	1	10000	30022	1	10000	30023	1	10000	30029	1	10000					300						49
	111	9300	2000111	1006	提升官階為下士	34	2		不重複：特殊	0	否	1	10	0	0	111						111	0		Mission100End										40087	關勝	3	第一主城	40087	3959 0 385	關勝	3	第一主城	8000111	8000111	3200084			8010111	8021218	8021219		8021220	0		對話	0	0																												50
	112	9300	2000112	1006	提升官階為士官	34	4		不重複：特殊	0	否	1	15	0	0	112						112	0		Mission100End										40087	關勝	3	第一主城	40087	3959 0 385	關勝	3	第一主城	8000112	8000112	3200084			8010111	8021218	8021219		8021220	0		對話	0	0																												51
	113	9300	2000113	1006	提升官階為上士	34	6		不重複：特殊	0	否	1	20	0	0	113						113	0		Mission100End										40087	關勝	3	第一主城	40087	3959 0 385	關勝	3	第一主城	8000113	8000113	3200084			8010111	8021218	8021219		8021220	0		對話	0	0																												52
	114	9300	2000114	1006	提升官階為士官長	34	8		不重複：特殊	0	否	1	32	0	0	114						114	0		Mission100End										40087	關勝	3	第一主城	40087	3959 0 385	關勝	3	第一主城	8000114	8000114	3200084			8010111	8021218	8021219		8021220	0		對話	0	0																												53
	115	9300	2000115	1006	提升官階為騎士	34	10		不重複：特殊	0	否	1	38	0	0	115						115	0		Mission100End										40087	關勝	3	第一主城	40087	3959 0 385	關勝	3	第一主城	8000115	8000115	3200084			8010111	8021218	8021219		8021220	0		對話	0	0																												54
	116	9300	2000116	1006	提升官階為中尉騎士	34	12		不重複：特殊	0	否	1	46	0	0	116						116	0		Mission100End										40087	關勝	3	第一主城	40087	3959 0 385	關勝	3	第一主城	8000116	8000116	3200084			8010111	8021218	8021219		8021220	0		對話	0	0																												55
	117	9300	2000117	1006	提升官階為上尉騎士	34	14		不重複：特殊	0	否	1	45	0	0	117						117	0		Mission100End										40087	關勝	3	第一主城	40087	3959 0 385	關勝	3	第一主城	8000117	8000117	3200084			8010111	8021218	8021219		8021220	0		對話	0	0																												56
	118	9300	2000118	1006	提升官階為少校	34	16		不重複：特殊	0	否	1	50	0	0	118						118	0		Mission100End										40087	關勝	3	第一主城	40087	3959 0 385	關勝	3	第一主城	8000118	8000118	3200084			8010111	8021218	8021219		8021220	0		對話	0	0																												57
	119	9300	2000119	1006	提升官階為指揮官	34	18		不重複：特殊	0	否	1	50	0	0	119						119	0		Mission100End										40087	關勝	3	第一主城	40087	3959 0 385	關勝	3	第一主城	8000119	8000119	3200084			8010111	8021218	8021219		8021220	0		對話	0	0																												58
	120	9300	2000120	1006	提升官階為元帥	34	20		不重複：特殊	0	否	1	55	0	0	120						120	0		Mission100End										40087	關勝	3	第一主城	40087	3959 0 385	關勝	3	第一主城	8000120	8000120	3200084			8010111	8021218	8021219		8021220	0		對話	0	0																												59
	121	9300	2000121	1006	提升官階為總元帥	34	22		不重複：特殊	0	否	1	65	0	0	121						121	0		Mission100End										40087	關勝	3	第一主城	40087	3959 0 385	關勝	3	第一主城	8000121	8000121	3200084			8010111	8021218	8021219		8021220	0		對話	0	0																												60
#守護神任務																																																																																						61
#	131	9300	2000131	1001	求得布袋和尚的庇祐	0	0	英雄城1	不重複：特殊	0	是	30	30	0	1	131						131	0	Mission131Start											40090	廟公	3	第一主城	40090	4690 0 310	廟公	3	第一主城	8000131	8000131	3200093	3	4830 0 360	8010715	8021224	8021225		8021226	0		重複	0	0		1	2984	1	3000	30022	1	100	30023	1	100	30027	1	100	30029	1	100									"334,602"	"16,730"	62
#	132	9300	2000132	1001	求得福德正神的庇祐	0	0	英雄城2	不重複：特殊	0	是	40	40	0	1	132						132	0	Mission132Start											40091	方丈	2001	第二主城	40091	3530 0 -1470	方丈	2001	第二主城	8000131	8000131	3200093	2001	4100 0 -2100	8010716	8021227	8021228		8021229	0		重複	0	0		1	2988	1	2000	30022	1	100	30023	1	100	30027	1	100	30029	1	100									"1,115,686"	"55,780"	63
#	133	9300	2000133	1001	求得媽祖娘娘的庇祐	0	0	英雄城3	不重複：特殊	0	是	50	50	0	1	133						133	0	Mission133Start											40092	住持	2002	第三主城	40092	1633 0 1475	住持	2002	第三主城	8000131	8000131	3200093	2002	1880 0 1200	8010717	8021230	8021231		8021232	0		重複	0	0		1	2993	1	1000	30022	1	100	30023	1	100	30027	1	100	30029	1	100									"3,210,126"	"160,510"	64
#	134	9300	2000134	1001	求得地藏王的庇祐	0	0	英雄城3	不重複：特殊	0	是	60	60	0	1	134						134	0	Mission134Start											40092	住持	2002	第三主城	40092	1633 0 1475	住持	2002	第三主城	8000131	8000131	3200093	2002	1880 0 1200	8010718	8021233	8021234		8021235	0		重複	0	0		1	2997	1	500	30022	1	100	30023	1	100	30027	1	100	30029	1	100									"8,347,477"	"417,370"	65
#	135	9300	2000135	1001	求得星光的保護	0	0	英雄城2	不重複：特殊	0	是	35	35	0	1	135						135	0	Mission135Start											40091	方丈	2001	第二主城	40091	3530 0 -1470	方丈	2001	第二主城	8000131	8000131	3200093	2001	4100 0 -2100	8010719	8021236	8021237		8021238	0		重複	0	0		1	2980	1	1000	30022	1	100	30023	1	100	30027	1	100	30029	1	100									"623,589"	"31,180"	66
#	136	9300	2000136	1001	求得祝福的保護	0	0	英雄城3	不重複：特殊	0	是	45	45	0	1	136						136	0	Mission136Start											40092	住持	2002	第三主城	40092	1633 0 1475	住持	2002	第三主城	8000131	8000131	3200093	2002	1880 0 1200	8010720	8021239	8021240		8021241	0		重複	0	0		1	2989	1	600	30022	1	100	30023	1	100	30027	1	100	30029	1	100									"1,921,235"	"96,060"	67
#	137	9300	2000137	1001	求得希望的保護	0	0	英雄城3	不重複：特殊	0	是	55	55	0	1	137						137	0	Mission137Start											40092	住持	2002	第三主城	40092	1633 0 1475	住持	2002	第三主城	8000131	8000131	3200093	2002	1880 0 1200	8010721	8021242	8021243		8021244	0		重複	0	0		1	2998	1	300	30022	1	100	30023	1	100	30027	1	100	30029	1	100									"5,232,652"	"261,630"	68
#	138	9300	2000138	1001	求得幸運聖靈的保護	0	0	英雄城1	不重複：特殊	0	是	30	30	0	1	138						138	0	Mission138Start											40093	修行者	3	第一主城	40093	1870 0 -1000	修行者	3	第一主城	8000131	8000131	3200105	3	2000 0 -1385	8010722	8021245	8021246		8021247	0		重複	0	0		1	3000	1	3000	30022	1	100	30023	1	100	30027	1	100	30029	1	100									"334,602"	"16,730"	69
#	139	9300	2000139	1001	求得天使的保護	0	0	英雄城2	不重複：特殊	0	是	40	40	0	1	139						139	0	Mission139Start											40094	苦行者	2001	第二主城	40094	3180 0 -1500	苦行者	2001	第二主城	8000131	8000131	3200105	2001	2320 0 -1985	8010723	8021248	8021249		8021250	0		重複	0	0		1	3001	1	2000	30022	1	100	30023	1	100	30027	1	100	30029	1	100									"1,115,686"	"55,780"	70
#	140	9300	2000140	1001	求得丘比特的保護	0	0	英雄城3	不重複：特殊	0	是	50	50	0	1	140						140	0	Mission140Start											40095	長老	2002	第三主城	40095	-337 0 1490	長老	2002	第三主城	8000131	8000131	3200105	2002	-1647 0 1205	8010724	8021251	8021252		8021253	0		重複	0	0		1	3002	1	1000	30022	1	100	30023	1	100	30027	1	100	30029	1	100									"3,210,126"	"160,510"	71
#	141	9300	2000141	1001	求得雅典娜的保護	0	0	英雄城3	不重複：特殊	0	是	60	60	0	1	141						141	0	Mission141Start											40095	長老	2002	第三主城	40095	-337 0 1490	長老	2002	第三主城	8000131	8000131	3200105	2002	-1647 0 1205	8010725	8021254	8021255		8021256	0		重複	0	0		1	3003	1	500	30022	1	100	30023	1	100	30027	1	100	30029	1	100									"8,347,477"	"417,370"	72
#	142	9300	2000142	1001	求得星光寶盒	0	0	英雄城2	不重複：特殊	0	是	35	35	0	1	142						142	0	Mission142Start											40094	苦行者	2001	第二主城	40094	3180 0 -1500	苦行者	2001	第二主城	8000131	8000131	3200105	2001	2320 0 -1985	8010726	8021257	8021258		8021259	0		重複	0	0		1	20030	1	10000	30022	1	100	30023	1	100	30027	1	100	30029	1	100									"623,589"	"31,180"	73
#	143	9300	2000143	1001	求得祝福寶盒	0	0	英雄城3	不重複：特殊	0	是	45	45	0	1	143						143	0	Mission143Start											40095	長老	2002	第三主城	40095	-337 0 1490	長老	2002	第三主城	8000131	8000131	3200105	2002	-1647 0 1205	8010727	8021260	8021261		8021262	0		重複	0	0		1	20032	1	10000	30022	1	100	30023	1	100	30027	1	100	30029	1	100									"1,921,235"	"96,060"	74
#	144	9300	2000144	1001	求得希望寶盒	0	0	英雄城3	不重複：特殊	0	是	55	55	0	1	144						144	0	Mission144Start											40095	長老	2002	第三主城	40095	-337 0 1490	長老	2002	第三主城	8000131	8000131	3200105	2002	-1647 0 1205	8010728	8021263	8021264		8021265	0		重複	0	0		1	20034	1	10000	30022	1	100	30023	1	100	30027	1	100	30029	1	100									"5,232,652"	"261,630"	75
	145	9300	2000145	1008	雪中送炭-涼爽夏裝	0	0	英雄城1	不重複：特殊	0	是	28	28	0	0	145						145	0	Mission145Start	Mission145End										40150	善心人	3	英雄城1	40150	4871 0 354	善心人	3	英雄城1	8000132	8000132	8040021			8010729	8021683	8021684		8021685	0		打怪	0	0																								10				76
	146	9300	2000146	1008	強化涼爽夏裝	0	0	英雄城1	不重複：特殊	0	是	28	28	0	0	146						146	0		Mission146End										40150	善心人	3	英雄城1	40150	4872 0 354	善心人	3	英雄城1	8000133	8000133	3200010	3	2613 0 1681	8010730	8021686	8021687		8021688	0		重複	0	0																												77
	147	9300	2000147	1008	吳用的營養秘方(蘿蔔)	0	0	英雄城1	不重複：特殊	0	是	28	28	0	0	147						147	0	Mission147Start											40150	善心人	3	英雄城1	40002	-191 0 -900	智多星 吳用	3	英雄城1	8000134	8000134	3200002			8010731	8021689	8021690		8021691	0		對話	0	0																												78
	148	9300	2000148	1008	巨大營養蘿蔔	0	0	英雄城1	不重複：特殊	0	是	28	28	0	0	148						148	0		Mission148End										40002	智多星 吳用	3	英雄城1	40150	4871 0 354	善心人	3	英雄城1	8000135	8000135	3200150	1014	-78 0 264	8010732	8021692	8021693	8021693	8021694	0		重複	0	0		2	3000	1	10000	30022	1	100	30023	2	100	30027	1	500	30029	1	500											79
	149	9300	2000149	1008	雪中送炭-高級球鞋	0	0	英雄城2	不重複：特殊	0	是	38	38	0	0	149						149	0	Mission149Start	Mission149End										40150	善心人	2001	英雄城2	40150	3269 0 -1445	善心人	2001	英雄城2	8000136	8000136	8040022			8010733	8021695	8021696		8021697	0		打怪	0	0																								15				80
	150	9300	2000150	1008	強化高級球鞋	0	0	英雄城2	不重複：特殊	0	是	38	38	0	0	150						150	0		Mission150End										40150	善心人	2001	英雄城2	40150	3269 0 -1445	善心人	2001	英雄城2	8000137	8000137	3200010	2001	1947 0 114	8010734	8021698	8021699		8021700	0		重複	0	0																												81
	151	9300	2000161	1008	膽大士兵的營養秘方	0	0	英雄城2	不重複：特殊	0	是	38	38	0	0	151						151	0	Mission151Start											40150	善心人	2001	英雄城2	40164	587 -0 251	膽大的士兵	1004	象城野外2	8001876	8001876	3200166			8010735	8021689	8021797		8021691	0		對話	0	0																												82
	152	9300	2000151	1008	巨大營養香蕉	0	0	英雄城2	不重複：特殊	0	是	38	38	0	0	152						152	0		Mission152End										40164	膽大的士兵	1004	象城野外2	40150	3269 0 -1445	善心人	2001	英雄城2	8000138	8000138	3200151	1004	2589 99 4044	8010736	8021701	8021702	8021702	8021703	0		重複	0	0		2	3002	1	10000	30022	1	100	30023	2	100	30027	1	500	30029	1	500											83
	153	9300	2000152	1008	雪中送炭-禦寒大衣	0	0	英雄城3	不重複：特殊	0	是	48	48	0	0	153						153	0	Mission153Start	Mission153End										40150	善心人	2002	英雄城3	40150	-434 0 1549	善心人	2002	英雄城3	8000139	8000139	8040023			8010737	8021704	8021705		8021706	0		打怪	0	0																								20				84
	154	9300	2000153	1008	強化禦寒大衣	0	0	英雄城3	不重複：特殊	0	是	48	48	0	0	154						154	0		Mission154End										40150	善心人	2002	英雄城3	40150	-434 0 1549	善心人	2002	英雄城3	8000140	8000140	3200010	2002	-762 4 -37	8010738	8021707	8021708		8021709	0		重複	0	0																												85
	155	9300	2000162	1008	彪城村民的營養秘方	0	0	英雄城3	不重複：特殊	0	是	48	48	0	0	155						155	0	Mission155Start											40150	善心人	2002	英雄城3	40055	809 -0 179	彪城村民	1006	彪城野外2	8000664	8000664	3200053			8010739	8021689	8021798		8021691	0		對話	0	0																												86
	156	9300	2000154	1008	巨大營養鳳梨	0	0	英雄城3	不重複：特殊	0	是	48	48	0	0	156						156	0		Mission156End										40055	彪城村民	1006	彪城野外2	40150	-434 0 1549	善心人	2002	英雄城3	8000141	8000141	3200152	1006	2125 0 2873	8010740	8021710	8021711	8021711	8021712	0		重複	0	0		2	3001	1	10000	30022	1	100	30023	2	100	30027	1	500	30029	1	500											87
	157	9300	2000155	1008	雪中送炭-溫暖帳篷	0	0	英雄城3	不重複：特殊	0	是	58	58	0	0	157						157	0	Mission157Start	Mission157End										40150	善心人	2002	英雄城3	40150	-434 0 1549	善心人	2002	英雄城3	8000142	8000142	8040024			8010741	8021713	8021714		8021715	0		打怪	0	0																								20				88
	158	9300	2000156	1008	強化溫暖帳篷	0	0	英雄城3	不重複：特殊	0	是	58	58	0	0	158						158	0		Mission158End										40150	善心人	2002	英雄城3	40150	-434 0 1549	善心人	2002	英雄城3	8000143	8000143	3200010	2002	-762 4 -37	8010742	8021716	8021717		8021718	0		重複	0	0																												89
	159	9300	2000163	1008	關勝的營養秘方	0	0	英雄城3	不重複：特殊	0	是	58	58	0	0	159						159	0	Mission159Start											40150	善心人	2002	英雄城3	40145	2450 -0 614	討逆關勝	1024	鷹城野外4	8000511	8000511	3200084			8010743	8021689	8021799		8021691	0		對話	0	0																												90
	160	9300	2000157	1008	巨大營養葡萄	0	0	英雄城3	不重複：特殊	0	是	58	58	0	0	160						160	0		Mission160End										40145	討逆關勝	1024	鷹城野外4	40150	-434 0 1549	善心人	2002	英雄城3	8000144	8000144	3200153	1024	1522 0 2477	8010744	8021719	8021720	8021720	8021721	0		重複	0	0		2	3003	1	10000	30022	1	100	30023	2	100	30027	1	500	30029	1	500											91
	161	9300	2000158	1008	傳遞星光	0	0	英雄城2	不重複：特殊	0	是	33	35	0	1	161						161	0		Mission161End		20066	1							40150	善心人	2001	英雄城2	40002	-191 0 -900	智多星 吳用	3	英雄城1	8000145	8000145	3200002			8010745	8021722	8021723		8021724	0		對話	0	0		2	20030	1	10000	20030	2	10	20030	3	5	20030	4	2	20030	5	1									"623,589"	"31,180"	92
	162	9300	2000159	1008	傳遞祝福	0	0	英雄城3	不重複：特殊	0	是	43	45	0	1	162						162	0		Mission162End		20067	1							40150	善心人	2002	英雄城3	40002	-191 0 -900	智多星 吳用	3	英雄城1	8000146	8000146	3200002			8010746	8021725	8021726		8021727	0		對話	0	0		2	20032	1	10000	20032	2	10	20032	3	5	20032	4	2	20032	5	1									"1,921,235"	"96,060"	93
	163	9300	2000160	1008	傳遞希望	0	0	英雄城3	不重複：特殊	0	是	53	55	0	1	163						163	0		Mission163End		20068	1							40150	善心人	2002	英雄城3	40002	-191 0 -900	智多星 吳用	3	英雄城1	8000147	8000147	3200002			8010747	8021728	8021729		8021730	0		對話	0	0		2	20034	1	10000	20034	2	10	20034	3	5	20034	4	2	20034	5	1									"5,232,652"	"261,630"	94
#彈珠換裝備任務																																																																																						95
	171	9300	2000171	1008	晶瑩的藍色彈珠	0	0	英雄城1	不重複：特殊	0	否	20	25	0	0	171						171	0		Mission171End										40153	收藏家魯智深	3	英雄城1	40153	1715 0 1505	收藏家魯智深	3	英雄城1	8000171	8000171	8040025			8010171	8021738	8021739		8021740	0	13		0	0		2	20077	1	10000	30022	1	2000	30023	1	3000	30024	1	500	30025	1	600					1500				"178,594"	"8,930"	96
	172	9300	2000172	1008	深邃的藍色彈珠	0	0	英雄城1	不重複：特殊	0	否	20	25	0	0	172						172	0		Mission172End										40153	收藏家魯智深	3	英雄城1	40153	1715 0 1505	收藏家魯智深	3	英雄城1	8000172	8000172	8040025			8010172	8021741	8021742		8021740	0	13		0	0		2	20078	1	10000	30022	1	2000	30023	1	3000	30024	1	500	30025	1	600					1500				"178,594"	"8,930"	97
	173	9300	2000173	1008	美麗的藍色彈珠	0	0	英雄城1	不重複：特殊	0	否	20	25	0	0	173						173	0		Mission173End										40153	收藏家魯智深	3	英雄城1	40153	1715 0 1505	收藏家魯智深	3	英雄城1	8000173	8000173	8040025			8010173	8021744	8021745		8021740	0	17		0	0		2	20079	1	10000	30022	1	2000	30023	1	3000	30024	1	500	30025	1	600					2000				"178,594"	"8,930"	98
	174	9300	2000174	1008	神秘的藍色彈珠	0	0	英雄城1	不重複：特殊	0	否	20	25	0	0	174						174	0		Mission174End										40153	收藏家魯智深	3	英雄城1	40153	1715 0 1505	收藏家魯智深	3	英雄城1	8000174	8000174	8040025			8010174	8021747	8021748		8021740	0	26		0	0		2	20080	1	10000	30022	1	3000	30023	1	2000	30024	1	600	30025	1	500					3000				"178,594"	"8,930"	99
	175	9300	2000175	1008	晶瑩的綠色彈珠	0	0	英雄城1	不重複：特殊	0	否	30	35	0	0	175						175	0		Mission175End										40153	收藏家魯智深	3	英雄城1	40153	1715 0 1505	收藏家魯智深	3	英雄城1	8000175	8000175	8040025			8010175	8021750	8021751		8021740	0	19		0	0		2	20081	1	10000	30022	1	2000	30023	1	3000	30024	1	500	30025	1	600					1500				"623,589"	"31,180"	100
	176	9300	2000176	1008	深邃的綠色彈珠	0	0	英雄城1	不重複：特殊	0	否	30	35	0	0	176						176	0		Mission176End										40153	收藏家魯智深	3	英雄城1	40153	1715 0 1505	收藏家魯智深	3	英雄城1	8000176	8000176	8040025			8010176	8021753	8021754		8021740	0	19	收集彈珠	0	0		2	20082	1	10000	30022	1	2000	30023	1	3000	30024	1	500	30025	1	600					1500				"623,589"	"31,180"	101
	177	9300	2000177	1008	美麗的綠色彈珠	0	0	英雄城1	不重複：特殊	0	否	30	35	0	0	177						177	0		Mission177End										40153	收藏家魯智深	3	英雄城1	40153	1715 0 1505	收藏家魯智深	3	英雄城1	8000177	8000177	8040025			8010177	8021756	8021757		8021740	0	25	收集彈珠	0	0		2	20083	1	10000	30022	1	2000	30023	1	3000	30024	1	500	30025	1	600					2000				"623,589"	"31,180"	102
	178	9300	2000178	1008	神秘的綠色彈珠	0	0	英雄城1	不重複：特殊	0	否	30	35	0	0	178						178	0		Mission178End										40153	收藏家魯智深	3	英雄城1	40153	1715 0 1505	收藏家魯智深	3	英雄城1	8000178	8000178	8040025			8010178	8021759	8021760		8021740	0	38	收集彈珠	0	0		2	20084	1	10000	30022	1	3000	30023	1	2000	30024	1	600	30025	1	500					3000				"623,589"	"31,180"	103
	179	9300	2000179	1008	晶瑩的黃色彈珠	0	0	英雄城1	不重複：特殊	0	否	40	45	0	0	179						179	0		Mission179End										40153	收藏家魯智深	2001	英雄城2	40153	2875 0 1490	收藏家魯智深	2001	英雄城2	8000179	8000179	8040025			8010179	8021762	8021763		8021740	0	28	收集彈珠	0	0		2	20085	1	10000	30022	1	2000	30023	1	3000	30024	1	500	30025	1	600					1500				"1,921,235"	"96,060"	104
	180	9300	2000180	1008	深邃的黃色彈珠	0	0	英雄城1	不重複：特殊	0	否	40	45	0	0	180						180	0		Mission180End										40153	收藏家魯智深	2001	英雄城2	40153	2875 0 1490	收藏家魯智深	2001	英雄城2	8000180	8000180	8040025			8010180	8021765	8021766		8021740	0	28	收集彈珠	0	0		2	20086	1	10000	30022	1	2000	30023	1	3000	30024	1	500	30025	1	600					1500				"1,921,235"	"96,060"	105
	181	9300	2000181	1008	美麗的黃色彈珠	0	0	英雄城1	不重複：特殊	0	否	40	45	0	0	181						181	0		Mission181End										40153	收藏家魯智深	2001	英雄城2	40153	2875 0 1490	收藏家魯智深	2001	英雄城2	8000181	8000181	8040025			8010181	8021768	8021769		8021740	0	37	收集彈珠	0	0		2	20087	1	10000	30022	1	2000	30023	1	3000	30024	1	500	30025	1	600					2000				"1,921,235"	"96,060"	106
	182	9300	2000182	1008	神秘的黃色彈珠	0	0	英雄城1	不重複：特殊	0	否	40	45	0	0	182						182	0		Mission182End										40153	收藏家魯智深	2001	英雄城2	40153	2875 0 1490	收藏家魯智深	2001	英雄城2	8000182	8000182	8040025			8010182	8021771	8021772		8021740	0	55	收集彈珠	0	0		2	20088	1	10000	30022	1	3000	30023	1	2000	30024	1	600	30025	1	500					3000				"1,921,235"	"96,060"	107
	183	9300	2000183	1008	晶瑩的紅色彈珠	0	0	英雄城1	不重複：特殊	0	否	50	55	0	0	183						183	0		Mission183End										40153	收藏家魯智深	2002	英雄城3	40153	940 0 1475	收藏家魯智深	2002	英雄城3	8000183	8000183	8040025			8010183	8021774	8021775		8021740	0	35	收集彈珠	0	0		2	20089	1	10000	30022	1	2000	30023	1	3000	30024	1	500	30025	1	600					1500				"5,232,652"	"261,630"	108
	184	9300	2000184	1008	深邃的紅色彈珠	0	0	英雄城1	不重複：特殊	0	否	50	55	0	0	184						184	0		Mission184End										40153	收藏家魯智深	2002	英雄城3	40153	941 0 1475	收藏家魯智深	2002	英雄城3	8000184	8000184	8040025			8010184	8021777	8021778		8021740	0	35	收集彈珠	0	0		2	20090	1	10000	30022	1	2000	30023	1	3000	30024	1	500	30025	1	600					1500				"5,232,652"	"261,630"	109
	185	9300	2000185	1008	美麗的紅色彈珠	0	0	英雄城1	不重複：特殊	0	否	50	55	0	0	185						185	0		Mission185End										40153	收藏家魯智深	2002	英雄城3	40153	942 0 1475	收藏家魯智深	2002	英雄城3	8000185	8000185	8040025			8010185	8021780	8021781		8021740	0	47	收集彈珠	0	0		2	20091	1	10000	30022	1	2000	30023	1	3000	30024	1	500	30025	1	600					2000				"5,232,652"	"261,630"	110
	186	9300	2000186	1008	神秘的紅色彈珠	0	0	英雄城1	不重複：特殊	0	否	50	55	0	0	186						186	0		Mission186End										40153	收藏家魯智深	2002	英雄城3	40153	943 0 1475	收藏家魯智深	2002	英雄城3	8000186	8000186	8040025			8010186	8021783	8021784		8021740	0	71	收集彈珠	0	0		2	20092	1	10000	30022	1	3000	30023	1	2000	30024	1	600	30025	1	500					3000				"5,232,652"	"261,630"	111
#活動任務																																																																																						112
	200	9300	2000200	1007	聖派屈克節	0	0	英雄城1	不重複：特殊	0	否	1	1	0	0	200						200	0	Mission200Start											40152	綠衣小矮人	3	英雄城1	40152	3211 0 386	綠衣小矮人	3	英雄城1	8000200	8000200	3200155			8010200	8021732	8021733		8021734	0	0	活動	0	0		2	25010	1	10000	25009	1	10000																				113
	201	9300	2000201	1007	中國新年	0	0	英雄城1	不重複：特殊	0	否	1	1	0	0	201						201	0	Mission201Start											40151	李小春	3	英雄城1	40151	3211 0 386	李小春	3	英雄城1	8000201	8000201	3200154			8010201	8021735	8021736		8021737	0	0	活動	0	0		1	5026	1	10000																							114
#關卡點數任務																																																																																						115
	250	9300	2000250	1008	跳跳1獎	0	0	英雄城1	不重複：特殊	1	是	1	1~10	0	1	701						250	0		Mission250End										40003		3		40003	4070 0 1883		3		8000800	8000800	3400002			8010748	8021800	8021801		8021802	0	0	活動	0	0		1	30071	1	10000	30074	1	10000	30077	1	10000	30062	1	10000	30065	1	10000											116
	251	9300	2000251	1008	跳跳2獎	0	0	英雄城1	不重複：特殊	1	是	1	12~15	0	1	702						251	0		Mission251End										40003		3		40003	4070 0 1883		3		8000801	8000801	3400002			8010748	8021800	8021801		8021802	0	0	活動	0	0		1	30071	2	10000	30074	2	10000	30077	1	10000	30062	1	10000	30065	1	10000											117
	252	9300	2000252	1008	跳跳3獎	0	0	英雄城1	不重複：特殊	1	是	1	13~16	0	1	703						252	0		Mission252End										40003		3		40003	4070 0 1883		3		8000802	8000802	3400002			8010748	8021800	8021801		8021802	0	0	活動	0	0		1	30071	2	10000	30074	2	10000	30077	2	10000	30062	1	10000	30065	1	10000											118
	253	9300	2000253	1008	跳跳4獎	0	0	英雄城1	不重複：特殊	1	是	1	17~21	0	1	704						253	0		Mission253End										40003		3		40003	4070 0 1883		3		8000803	8000803	3400002			8010748	8021800	8021801		8021802	0	0	活動	0	0		1	30071	2	10000	30074	2	10000	30077	2	10000	30062	2	10000	30065	1	10000											119
	254	9300	2000254	1008	跳跳5獎	0	0	英雄城1	不重複：特殊	1	是	1	5~8	0	1	705						254	0		Mission254End										40003		3		40003	4070 0 1883		3		8000804	8000804	3400002			8010748	8021800	8021801		8021802	0	0	活動	0	0		1	30071	1	10000	30074	1	10000	30077	1	10000	30062	1	10000	30065	1	10000											120
	255	9300	2000255	1008	跳跳6獎	0	0	英雄城1	不重複：特殊	1	是	1	8~11	0	1	706						255	0		Mission255End										40003		3		40003	4070 0 1883		3		8000805	8000805	3400002			8010748	8021800	8021801		8021802	0	0	活動	0	0		1	30071	1	10000	30074	1	10000	30077	1	10000	30062	1	10000	30065	1	10000											121
	256	9300	2000256	1008	跳跳7獎	0	0	英雄城1	不重複：特殊	1	是	1	17~20	0	1	707						256	0		Mission256End										40003		3		40003	4070 0 1883		3		8000806	8000806	3400002			8010748	8021800	8021801		8021802	0	0	活動	0	0		1	30071	2	10000	30074	2	10000	30077	2	10000	30062	2	10000	30065	1	10000											122
	257	9300	2000257	1008	跳跳8獎	0	0	英雄城1	不重複：特殊	1	是	1	22~25	0	1	708						257	0		Mission257End										40003		3		40003	4070 0 1883		3		8000807	8000807	3400002			8010748	8021800	8021801		8021802	0	0	活動	0	0		1	30071	2	10000	30074	2	10000	30077	2	10000	30062	2	10000	30065	2	10000											123
	258	9300	2000258	1008	跳跳9獎	0	0	英雄城1	不重複：特殊	1	是	1	22~25	0	1	709						258	0		Mission258End										40003		3		40003	4070 0 1883		3		8000808	8000808	3400002			8010748	8021800	8021801		8021802	0	0	活動	0	0		1	30071	3	10000	30074	3	10000	30077	2	10000	30062	2	10000	30065	2	10000											124
	259	9300	2000259	1008	象王1獎	0	0	英雄城2	不重複：特殊	1	是	1	21~23	0	1	710						259	0		Mission259End										40004		2001		40004	2158 0 2009		2001		8000809	8000809	3400003			8010748	8021800	8021801		8021802	0	0	活動	0	0		1	30068	2	10000	30059	2	10000	30077	2	10000	30062	2	10000	30065	2	10000											125
	260	9300	2000260	1008	象王2獎	0	0	英雄城2	不重複：特殊	1	是	1	28~32	0	1	711						260	0		Mission260End										40004		2001		40004	2158 0 2009		2001		8000810	8000810	3400003			8010748	8021800	8021801		8021802	0	0	活動	0	0		1	30056	3	10000	30059	3	10000	30077	4	10000	30062	4	10000	30065	4	10000											126
	261	9300	2000261	1008	象王3獎	0	0	英雄城2	不重複：特殊	1	是	1	25~27	0	1	712						261	0		Mission261End										40004		2001		40004	2158 0 2009		2001		8000811	8000811	3400003			8010748	8021800	8021801		8021802	0	0	活動	0	0		1	30056	3	10000	30059	3	10000	30077	3	10000	30062	3	10000	30065	3	10000											127
	262	9300	2000262	1008	象王4獎	0	0	英雄城2	不重複：特殊	1	是	1	38~40	0	1	713						262	0		Mission262End										40004		2001		40004	2158 0 2009		2001		8000812	8000812	3400003			8010748	8021800	8021801		8021802	0	0	活動	0	0		1	30072	1	10000	30075	1	10000	30078	1	10000	30063	1	10000	30066	1	10000											128
	263	9300	2000263	1008	象王5獎	0	0	英雄城2	不重複：特殊	1	是	1	38~42	0	1	714						263	0		Mission263End										40004		2001		40004	2158 0 2009		2001		8000813	8000813	3400003			8010748	8021800	8021801		8021802	0	0	活動	0	0		1	30072	3	10000	30075	3	10000	30078	3	10000	30063	3	10000	30066	3	10000											129
	264	9300	2000264	1008	象王6獎	0	0	英雄城2	不重複：特殊	1	是	1	40~43	0	1	715						264	0		Mission264End										40004		2001		40004	2158 0 2009		2001		8000814	8000814	3400003			8010748	8021800	8021801		8021802	0	0	活動	0	0		1	30057	2	10000	30060	2	10000	30063	2	10000	30066	2	10000	30069	2	10000											130
	265	9300	2000265	1008	象王7獎	0	0	英雄城2	不重複：特殊	1	是	1	31~34	0	1	716						265	0		Mission265End										40004		2001		40004	2158 0 2009		2001		8000815	8000815	3400003			8010748	8021800	8021801		8021802	0	0	活動	0	0		1	30056	4	10000	30059	4	10000	30062	4	10000	30065	4	10000	30068	4	10000											131
	266	9300	2000266	1008	象王8獎	0	0	英雄城2	不重複：特殊	1	是	1	28~32	0	1	717						266	0		Mission266End										40004		2001		40004	2158 0 2009		2001		8000816	8000816	3400003			8010748	8021800	8021801		8021802	0	0	活動	0	0		1	30056	3	10000	30059	3	10000	30077	4	10000	30062	4	10000	30065	4	10000											132
	267	9300	2000267	1008	象王9獎	0	0	英雄城2	不重複：特殊	1	是	1	32	0	1	718						267	0		Mission267End										40004		2001		40004	2158 0 2009		2001		8000817	8000817	3400003			8010748	8021800	8021801		8021802	0	0	活動	0	0		1	30080	3	10000	30083	3	10000	30086	3	10000	30080	1	10000	30083	1	10000											133
	268	9300	2000268	1008	象王10獎	0	0	英雄城2	不重複：特殊	1	是	1	37~40	0	1	719						268	0		Mission268End										40004		2001		40004	2158 0 2009		2001		8000818	8000818	3400003			8010748	8021800	8021801		8021802	0	0	活動	0	0		1	30072	1	10000	30075	1	10000	30078	1	10000	30063	1	10000	30087	1	10000											134
	269	9300	2000269	1008	象王11獎	0	0	英雄城2	不重複：特殊	1	是	1	39~42	0	1	720						269	0		Mission269End										40004		2001		40004	2158 0 2009		2001		8000819	8000819	3400003			8010748	8021800	8021801		8021802	0	0	活動	0	0		1	30072	2	10000	30075	2	10000	30078	4	10000	30063	4	10000	30066	3	10000											135
	270	9300	2000270	1008	象王12獎	0	0	英雄城2	不重複：特殊	1	是	1	41~43	0	1	721						270	0		Mission270End										40004		2001		40004	2158 0 2009		2001		8000820	8000820	3400003			8010748	8021800	8021801		8021802	0	0	活動	0	0		1	30057	3	10000	30060	3	10000	30063	3	10000	30066	3	10000	30069	3	10000											136
	271	9300	2000271	1008	象王13獎	0	0	英雄城2	不重複：特殊	1	是	1	43~46	0	1	722						271	0		Mission271End										40004		2001		40004	2158 0 2009		2001		8000821	8000821	3400003			8010748	8021800	8021801		8021802	0	0	活動	0	0		1	30057	4	10000	30060	4	10000	30063	4	10000	30066	4	10000	30069	4	10000											137
	272	9300	2000272	1008	彪王1獎	0	0	英雄城2	不重複：特殊	1	是	1	38~41	0	1	723						272	0		Mission272End										40067		2001		40067	4994 0 2072		2001		8000822	8000822	3400004			8010748	8021800	8021801		8021802	0	0	活動	0	0		1	30072	2	10000	30075	2	10000	30078	2	10000	30063	4	10000	30066	4	10000											138
	273	9300	2000273	1008	彪王2獎	0	0	英雄城2	不重複：特殊	1	是	1	42~45	0	1	724						273	0		Mission273End										40067		2001		40067	4994 0 2072		2001		8000823	8000823	3400004			8010748	8021800	8021801		8021802	0	0	活動	0	0		1	30057	4	10000	30060	4	10000	30063	4	10000	30066	3	10000	30069	3	10000											139
	274	9300	2000274	1008	彪王3獎	0	0	英雄城2	不重複：特殊	1	是	1	43~46	0	1	725						274	0		Mission274End										40067		2001		40067	4994 0 2072		2001		8000824	8000824	3400004			8010748	8021800	8021801		8021802	0	0	活動	0	0		1	30057	4	10000	30060	4	10000	30063	4	10000	30066	4	10000	30069	4	10000											140
	275	9300	2000275	1008	彪王4獎	0	0	英雄城2	不重複：特殊	1	是	1	39~42	0	1	726						275	0		Mission275End										40067		2001		40067	4994 0 2072		2001		8000825	8000825	3400004			8010748	8021800	8021801		8021802	0	0	活動	0	0		1	30072	2	10000	30075	3	10000	30078	4	10000	30063	3	10000	30066	3	10000											141
	276	9300	2000276	1008	彪王5獎	0	0	英雄城2	不重複：特殊	1	是	1	40~43	0	1	727						276	0		Mission276End										40067		2001		40067	4994 0 2072		2001		8000826	8000826	3400004			8010748	8021800	8021801		8021802	0	0	活動	0	0		1	30057	1	10000	30060	3	10000	30063	3	10000	30066	2	10000	30069	1	10000											142
	277	9300	2000277	1008	彪王6獎	0	0	英雄城2	不重複：特殊	1	是	1	37~40	0	1	728						277	0		Mission277End										40067		2001		40067	4994 0 2072		2001		8000827	8000827	3400004			8010748	8021800	8021801		8021802	0	0	活動	0	0		1	30081	2	10000	30084	2	10000	30087	2	10000	30081	5	10000	30084	5	10000											143
	278	9300	2000278	1008	駝王1獎	0	0	英雄城2	不重複：特殊	1	是	1	40~43	0	1	729						278	0		Mission278End										40154		2001		40154	6087 0 1599		2001		8000828	8000828	3400005			8010748	8021800	8021801		8021802	0	0	活動	0	0		1	30057	2	10000	30060	3	10000	30063	1	10000	30066	3	10000	30069	1	10000											144
	279	9300	2000279	1008	駝王2獎	0	0	英雄城2	不重複：特殊	1	是	1	42~45	0	1	730						279	0		Mission279End										40154		2001		40154	6087 0 1599		2001		8000829	8000829	3400005			8010748	8021800	8021801		8021802	0	0	活動	0	0		1	30057	3	10000	30060	3	10000	30063	4	10000	30066	4	10000	30069	4	10000											145
	280	9300	2000280	1008	駝王3獎	0	0	英雄城2	不重複：特殊	1	是	1	43~46	0	1	731						280	0		Mission280End										40154		2001		40154	6087 0 1599		2001		8000830	8000830	3400005			8010748	8021800	8021801		8021802	0	0	活動	0	0		1	30081	6	10000	30084	6	10000	30087	6	10000	30081	4	10000	30084	4	10000											146
	281	9300	2000281	1008	貓王1獎	0	0	英雄城3	不重複：特殊	1	是	1	45~48	0	1	732						281	0		Mission281End										40155		2002		40155	2462 0 1601		2002		8000831	8000831	3400007			8010748	8021800	8021801		8021802	0	0	活動	0	0		1	30073	3	10000	30076	3	10000	30079	3	10000	30064	3	10000	30067	3	10000											147
	282	9300	2000282	1008	貓王2獎	0	0	英雄城3	不重複：特殊	1	是	1	47~50	0	1	733						282	0		Mission282End										40155		2002		40155	2462 0 1601		2002		8000832	8000832	3400007			8010748	8021800	8021801		8021802	0	0	活動	0	0		1	30073	6	10000	30076	6	10000	30079	6	10000	30064	6	10000	30067	6	10000											148
	283	9300	2000283	1008	貓王3獎	0	0	英雄城3	不重複：特殊	1	是	1	48~51	0	1	734						283	0		Mission283End										40155		2002		40155	2462 0 1601		2002		8000833	8000833	3400007			8010748	8021800	8021801		8021802	0	0	活動	0	0		1	30058	3	10000	30061	3	10000	30082	3	10000	30085	3	10000	30088	3	10000											149
	284	9300	2000284	1008	鷹王1獎	0	0	英雄城3	不重複：特殊	1	是	1	50~53	0	1	735						284	0		Mission284End										40156		2002		40156	-2454 0 1597		2002		8000834	8000834	3400006			8010748	8021800	8021801		8021802	0	0	活動	0	0		1	30058	4	10000	30061	4	10000	30064	4	10000	30067	4	10000	30070	4	10000											150
	285	9300	2000285	1008	鷹王2獎	0	0	英雄城3	不重複：特殊	1	是	1	52~55	0	1	736						285	0		Mission285End										40156		2002		40156	-2454 0 1597		2002		8000835	8000835	3400006			8010748	8021800	8021801		8021802	0	0	活動	0	0		1	30058	7	10000	30061	7	10000	30064	7	10000	30067	7	10000	30070	7	10000											151
	286	9300	2000286	1008	鷹王3獎	0	0	英雄城3	不重複：特殊	1	是	1	53~56	0	1	737						286	0		Mission286End										40156		2002		40156	-2454 0 1597		2002		8000836	8000836	3400006			8010748	8021800	8021801		8021802	0	0	活動	0	0		1	30058	7	10000	30070	7	10000	30082	7	10000	30085	7	10000	30088	7	10000											152
#野外段任務																																																																																						153
	313	9300	2000313	1005	搶救葫蘆砲兵	16	1	彪城野外1	不重複：支線其他（對話、跑腿）	0	否	35	33	0	0	313	314					313	0	Mission313Start											40049	梁山砲兵	1005	彪城野外1	40052	3865 0 105	葫蘆砲車1號	1005	彪城野外1	8000313	8000313	3200050			8010313	8020831	8020832		8020833	12996	19408	對話	1272	9097																						30	0	0				167
	314	9300	2000314	1005	找到葫蘆砲車	16	2	彪城野外1	不重複：支線其他（對話、跑腿）	0	否	35	33	0	0	314	315	662				314	0	Mission314Start											40052	葫蘆砲車1號	1005	彪城野外1	40052	3865 0 105	葫蘆砲車1號	1005	彪城野外1	8000314	8000314	3200049	1005	3658 0 116	8010314	8020834	8020835		8020836	12996	19408	對話(包任務)	1272	9097		1	30002	3	9000	30008	3	3000	30022	1	1000	30023	1	1000	30029	1	3000					30	0	0				168
	315	9300	2000315	1005	與彪族交涉	16	3	彪城野外1	不重複：支線	1	否	36	36	0	0	315						315	0												40051	彪仔	1005	彪城野外1	40051	3658 0 116	彪仔	1005	彪城野外1	8000315	8000315	3300022	1005	7984 0 530	8010315	8020837	8020838		8020839	20870	69380	打怪	6530	14609		2	30002	5	5000	30008	5	5000	30022	1	5000	30023	1	5000	30027	1	5000					125	"4,174"	10				169
	316	9300	2000700	1004	神秘九層塔	0	0	象城野外1	不重複：其他（對話、跑腿）	0	否	20	20	0	0	316						316	0												40038	膽小的士兵	1003	象牙林	40038	4029 -0 1109	膽小的士兵	1003	象牙林	8000714	8000714	8040039	1003	3200 150 2150	8010863	8021988	8021989		8021990	10777		對話	975	7544																						30	0	0				170
	317	9300	2000701	1004	新手的挑戰(Lv1)	0	0	象城野外1	不重複：支線	0	否	1	1	0	0	317						317	0												40002	吳用	3	英雄城1	40002	-191 0 -900	吳用	3	英雄城1	8000715	8000715	8040040	3	151 0 -997	8010864	8021991	8021992		8021993	210		對話	95	147		1	20141	1	10000	20145	1	10000	20146	1	10000	20147	1	10000								30	"9,220"	0				170
	318	9300	2000702	1004	新手的挑戰(Lv2)	0	0	象城野外1	不重複：支線	0	否	1	6	0	0	318						318	0												40002	吳用	3	英雄城1	40002	-191 0 -900	吳用	3	英雄城1	8000715	8000715	8040040	3	151 0 -997	8010865	8021991	8021992		8021993	508		對話	187	356		2	30033	10	10000	30034	1	10000	30035	1	10000	30036	1	10000	30037	1	10000											170
	319	9300	2000703	1004	新手的挑戰(Lv3)	0	0	象城野外1	不重複：支線	0	否	1	11	0	0	319						319	0												40002	吳用	3	英雄城1	40002	-191 0 -900	吳用	3	英雄城1	8000715	8000715	8040040	3	151 0 -997	8010866	8021991	8021992		8021993	889		對話	311	622		2	30041	1	10000	30095	1	10000	30096	1	10000	30097	1	10000	30098	1	10000											170
	320	9300	2000320	1005	繪製地圖	20	1	駱駝野外1	不重複：其他（對話、跑腿）	0	否	34	34	0	0	320						320	0	Mission320Start											40056	製圖兵	1007	駱駝城野外1	40057	2391 0 3335	寫生駱駝	1007	駱駝城野外1	8000320	8000320	3200055			8010320	8020853	8020854		8020855	18193	17891	對話	1331	12735																						30	0	0				171
	321	9300	2000321	1005	惱人的蒼蠅	20	2	駱駝野外1	不重複：支線	1	否	34	36	0	0	321						321	0												40057	寫生駱駝	1007	駱駝城野外1	40057	2391 0 3335	寫生駱駝	1007	駱駝城野外1	8000321	8000321	3300020	1007	851 100 1996	8010321	8020856	8020857		8020858	39920	140440	打怪	10971	27944		2	30002	5	5000	30008	5	5000	30022	1	5000	30023	1	5000	30027	1	5000					210	"3,992"	20				172
	322	9300	2000322	1005	被打擾的風景畫	20	3	駱駝野外1	不重複：支線	1	否	34	37	0	0	322						322	0												40057	寫生駱駝	1007	駱駝城野外1	40057	2392 0 3335	寫生駱駝	1007	駱駝城野外1	8000322	8000322	3300064	1007	1876 0 3637	8010322	8020859	8020860		8020861	41740	151160	打怪	15248	29218		2	30002	5	5000	30008	5	5000	30022	1	5000	30023	1	5000	30027	1	5000					280	"4,174"	20				173
	323	9300	2000323	1005	被奪走的畫筆	20	4	駱駝野外1	不重複：支線	0	否	34	37	0	0	323						323	0												40057	寫生駱駝	1007	駱駝城野外1	40057	2393 0 3335	寫生駱駝	1007	駱駝城野外1	8000323	8000323	3300029	1007	7343 -0 592	8010323	8020862	8020863		8020864	46913	210750	打怪	49011	32839		2	30002	5	5000	30008	5	5000	30022	1	5000	30023	1	5000	30027	1	5000					900	"3,753"	25				174
	324	9300	2000324	1001	口臭的駱駝	0	0	駱駝野外1	重複：其他（對話、跑腿）	0	是	35	35	0	1	324	325					324	0		Mission324End										40057	寫生駱駝	1007	駱駝城野外1	40057	2394 0 3335	寫生駱駝	1007	駱駝城野外1	8000324	8000324	3200056	1007	3193 0 504	8010324	8020865	8020866		8020867	9854	12939	重複	464	2956		1	30102	100	10000																	20	0	1				175
	325	9300	2000325	1001	口香糖的製作	0	0	駱駝野外1	重複：撿物品	0	是	35	37	0	1	325						325	0	Mission325Start	Mission325End										40058	口香糖巨匠	1007	駱駝城野外1	40058	3193 0 504	口香糖巨匠	1007	駱駝城野外1	8000325	8000325	8040003	1007	2551 99 1502	8010325	8020868	8020869		8020870	90072	173450	重複	26548	27022		2	20023	1	10000	30102	100	10000														975	"3,753"	100				176
	326	9300	2000326	1005	被強迫的模特兒	21	1	駱駝野外1	不重複：支線	0	否	36	38	0	0	326						326	0												40057	寫生駱駝	1007	駱駝城野外1	40059	5495 200 3444	被強迫的村民	1007	駱駝城野外1	8000326	8000326	3300030	1007	5500 0 3450	8010326	8020871	8020872	8020873	8020874	51188	355400	打怪	24796	35832		2	30002	5	5000	30008	5	5000	30022	1	5000	30023	1	5000	30027	1	5000					437	"4,095"	25				177
	327	9300	2000327	1005	駱駝的畫作	21	2	駱駝野外1	不重複：支線	1	否	37	39	0	0	327						327	0												40057	寫生駱駝	1007	駱駝城野外1	40057	2391 0 3335	寫生駱駝	1007	駱駝城野外1	8000327	8000327	3300034	1007	3588 300 4093	8010327	8020875	8020876		8020877	12190	219689	打王	17718	8533		1	30003	30	10000	30024	1	10000	30025	1	10000	30024	3	10000	30025	3	10000					300	"24,380"	1				178
	328	9300	2000328	1005	蠍出沒注意	22	1	駱駝野外2	不重複：支線	0	否	37	39	0	1	328						328	0	Mission328Start	Mission328End										40060	倒立村民	1008	駱駝城野外2	40060	1548 -6 135	倒立村民	1008	駱駝城野外2	8000328	8000328	3300031	1008	1142 0 1142	8010328	8020878	8020879		8020880	24558	161720	打怪	7087	7367		2	30002	5	5000	30008	5	5000	30022	1	5000	30023	1	5000	30027	1	5000					120	"4,093"	20				179
	329	9300	2000329	1005	倒立修行	22	2	駱駝野外2	不重複：支線其他（對話、跑腿）	0	否	37	37	0	0	329						329	0	Mission329Start											40060	倒立村民	1008	駱駝城野外2	40066	3860 0 840	行腳和尚	1008	駱駝城野外2	8000329	8000329	3200059			8010329	8020881	8020882		8020883	16179	21235	對話	1634	11325																						30	0	0				180
	330	9300	2000330	1005	和尚的建議	22	3	駱駝野外2	不重複：支線	1	否	38	40	0	0	330						330	0												40066	行腳和尚	1008	駱駝城野外2	40066	3860 0 840	行腳和尚	1008	駱駝城野外2	8000330	8000330	3300053	1008	4784 0 2774	8010330	8020884	8020885		8020886	48760	175480	打怪	12911	34132		2	30002	5	5000	30008	5	5000	30022	1	5000	30023	1	5000	30027	1	5000					210	"4,876"	20				181
	331	9300	2000331	1005	追尋力量	22	5	駱駝野外2	不重複：支線	1	否	38	40	0	0	331						331	0												40060	倒立村民	1008	駱駝城野外2	40060	1549 -6 135	倒立村民	1008	駱駝城野外2	8000331	8000331	3300033	1008	4486 0 9	8010331	8020887	8020888		8020889	48760	189800	打怪	19674	34132		2	30002	5	5000	30008	5	5000	30022	1	5000	30023	1	5000	30027	1	5000					320	"4,876"	20				182
	332	9300	2000332	1005	力量的追尋者	22	6	駱駝野外2	不重複：支線	1	否	39	41	0	0	332						332	0												40060	倒立村民	1008	駱駝城野外2	40060	1550 -6 135	倒立村民	1008	駱駝城野外2	8000332	8000332	3300032	1008	6403 -0 -217	8010332	8020890	8020891		8020892	94680	361440	打怪	37922	66276		2	30002	5	5000	30008	5	5000	30022	1	5000	30023	1	5000	30027	1	5000					550	"9,468"	20				183
	333	9300	2000333	1005	近在眼前	22	7	駱駝野外2	不重複：支線其他（對話、跑腿）	0	否	39	39	0	0	333						333	0	Mission333Start											40060	倒立村民	1008	駱駝城野外2	40060	1551 -6 135	倒立村民	1008	駱駝城野外2	8000333	8000333	3200058			8010333	8020893	8020894		8020895	17639	23170	對話	1772	12347																						30	0	0				184
	334	9300	2000334	1005	倒立大師	22	8	駱駝野外2	不重複：支線	1	否	40	42	0	0	334						334	0												40060	倒立村民	1008	駱駝城野外2	40060	1552 -6 135	倒立村民	1008	駱駝城野外2	8000334	8000334	3300035	1008	7066 0 2363	8010334	8020896	8020897		8020898	16398	236758	打王	21472	11479		1	30003	30	10000	30024	1	10000	30025	1	10000	30024	3	10000	30025	3	10000	10000				300	"32,796"	1				185
	335	9300	2000335	1005	打敗操縱巨魔者	30	6	鷹城野外1	不重複：支線	1	否	45	47	0	0	335						335	0												40062	蝴蝶	1011	鷹城野外1	40062	5476 99 1737	蝴蝶	1011	鷹城野外1	8000335	8000335	3300061	1011	4751 100 877	8010335	8020914	8020915		8020916	95430	325500	打怪	49864	66801		2	30003	5	5000	30009	5	5000	30022	1	5000	30023	1	5000	30027	1	5000					540	"6,362"	30				186
	336	9300	2000336	1005	偵查情報第四回	30	7	鷹城野外1	不重複：支線其他（對話、跑腿）	0	否	45	47	0	0	336						336	0	Mission336Start											40062	蝴蝶	1011	鷹城野外1	40061	513 -0 167	駱駝偵察兵	1011	鷹城野外1	8000336	8000336	3200060			8010336	8020917	8020918		8020919	25249	33206	對話	2770	17674																						30	0	0				187
	337	9300	2000337	1005	情報蒐集完畢	30	8	鷹城野外1	不重複：支線其他（對話、跑腿）	0	否	45	47	0	0	337						337	0	Mission337Start											40061	駱駝偵察兵	1011	鷹城野外1	40061	513 -0 167	駱駝偵察兵	1011	鷹城野外1	8000337	8000337	3200060			8010337	8020920	8020921		8020922	25249	33206	對話	2770	17674																						30	0	0				188
	338	9300	2000338	1005	禿鷹的由來	31	1	鷹城野外2	不重複：支線其他（對話、跑腿）	0	否	47	49	0	0	338						338	0	Mission338Start											40063	空軍隊長	1012	鷹城野外2	40063	1248 0 116	空軍隊長	1012	鷹城野外2	8000338	8000338	3200062			8010338	8020923			8020925	27097	35645	對話	2962	18968																						30	0	0				189
	339	9300	2000339	1005	擊敗黑鷹部隊	31	2	鷹城野外2	不重複：支線	1	否	47	49	0	0	339						339	0												40063	空軍隊長	1012	鷹城野外2	40063	1248 0 116	空軍隊長	1012	鷹城野外2	8000339	8000339	3300062	1012	2203 -6 492	8010339	8020926	8020927		8020928	98880	344460	打怪	49375	69216		2	30003	5	5000	30009	5	5000	30022	1	5000	30023	1	5000	30027	1	5000					500	"6,592"	30				190
	340	9300	2000340	1005	消除禿頭絕症	31	3	鷹城野外2	不重複：支線其他（對話、跑腿）	0	否	47	49	0	0	340						340	0	Mission340Start											40063	空軍隊長	1012	鷹城野外2	40064	4220 150 3172	黑鷹部隊隊長	1012	鷹城野外2	8000340	8000340	3200063			8010340	8020929	8020930		8020931	27097	35645	對話	2962	18968																						30	0	0				191
	341	9300	2000341	1005	接受治療禿頭	31	4	鷹城野外2	不重複：支線其他（對話、跑腿）	0	否	47	49	0	0	341						341	0	Mission341Start											40064	黑鷹部隊隊長	1012	鷹城野外2	40063	1248 0 116	空軍隊長	1012	鷹城野外2	8000341	8000341	3200062			8010341	8020932	8020933		8020934	27097	35645	對話	2962	18968																						30	0	0				192
	342	9300	2000342	1005	找到生髮專家	31	5	鷹城野外2	不重複：支線其他（對話、跑腿）	0	否	47	49	0	0	342						342	0	Mission342Start											40063	空軍隊長	1012	鷹城野外2	40065	8163 0 1378	史雲健	1012	鷹城野外2	8000342	8000342	3200064			8010342	8020935	8020936		8020937	27097	35645	對話	2962	18968																						30	0	0				193
	343	9300	2000343	1005	禿頭祖傳配方	31	6	鷹城野外2	不重複：支線	1	否	48	50	0	0	343						343	0		Mission343End										40065	史雲健	1012	鷹城野外2	40065	8163 0 1378	史雲健	1012	鷹城野外2	8000343	8000343	3300039	1012	6919 0 497	8010343	8020938	8020939		8020940	68260	232920	打怪	61262	47782		2	30003	5	5000	30009	5	5000	30022	1	5000	30023	1	5000	30027	1	5000					600	"6,826"	20				194
	344	9300	2000344	1005	禿頭獨家配方	31	7	鷹城野外2	不重複：支線	1	否	49	51	0	0	344						344	0		Mission344End										40065	史雲健	1012	鷹城野外2	40065	8163 0 1378	史雲健	1012	鷹城野外2	8000344	8000344	3300040	1012	8398 150 3492	8010344	8020941	8020942		8020943	112170	382120	打怪	81923	78519		2	30003	5	5000	30009	5	5000	30022	1	5000	30023	1	5000	30027	1	5000					720	"11,217"	20				195
	345	9300	2000345	1005	生髮水	31	8	鷹城野外2	不重複：支線其他（對話、跑腿）	0	否	49	51	0	0	345						345	0	Mission345Start											40065	史雲健	1012	鷹城野外2	40063	1248 0 116	空軍隊長	1012	鷹城野外2	8000345	8000345	3200062			8010345	8020944	8020945		8020946	29523	38853	對話	3413	20666																						30	0	0				196
	346	9300	2000346	1005	遞交神奇生髮水	31	9	鷹城野外2	不重複：支線其他（對話、跑腿）	0	否	49	51	0	0	346						346	0	Mission346Start											40063	空軍隊長	1012	鷹城野外2	40064	4220 150 3172	黑鷹部隊隊長	1012	鷹城野外2	8000346	8000346	3200063			8010346	8020947	8020948		8020949	29523	38853	對話	3413	20666																						30	0	0				197
	347	9300	2000347	1005	重振雄風	31	10	鷹城野外2	不重複：支線其他（對話、跑腿）	0	否	49	51	0	0	347						347	0	Mission347Start											40064	黑鷹部隊隊長	1012	鷹城野外2	40064	4220 150 3172	黑鷹部隊隊長	1012	鷹城野外2	8000347	8000347	3200063			8010347	8020950			8020952	29523	38853	對話	3413	20666																						30	0	0				198
	348	9300	2000348	1005	請喜歡歡笑	25	1	貓城野外1	不重複：支線	1	否	45	45	0	0	348						348	0												40069	快樂貓	1009	貓城野外1	40069	297 0 229	快樂貓	1009	貓城野外1	8000348	8000348	3300046	1009	780 0 479	8010348	8020953	8020954		8020955	89880	302580	打怪	35921	62916		2	30003	5	5000	30009	5	5000	30022	1	5000	30023	1	5000	30027	1	5000					450	"5,992"	30				199
	349	9300	2000349	1005	如何帶來歡笑？	25	2	貓城野外1	不重複：支線其他（對話、跑腿）	0	否	45	45	0	0	349						349	0	Mission349Start											40069	快樂貓	1009	貓城野外1	40070	3237 0 1620	愛死寂寞人	1009	貓城野外1	8000349	8000349	3200068			8010349	8020956	8020957		8020958	23470	30872	對話	2395	16429																						30	0	0				200
	350	9300	2000350	1005	帶來歡笑的方法	25	3	貓城野外1	不重複：支線其他（對話、跑腿）	0	否	45	45	0	0	350						350	0	Mission350Start											40070	愛死寂寞人	1009	貓城野外1	40069	297 0 229	快樂貓	1009	貓城野外1	8000350	8000350	3200067			8010350	8020959	8020960		8020961	23470	30872	對話	2395	16429																						30	0	0				201
	351	9300	2000351	1005	帶來歡笑	25	4	貓城野外1	不重複：支線	1	否	45	45	0	0	351						351	0												40069	快樂貓	1009	貓城野外1	40069	297 0 229	快樂貓	1009	貓城野外1	8000351	8000351	3300056	1009	3649 -99 1020	8010351	8020962	8020963		8020964	89880	309060	打怪	35921	62916		2	30003	5	5000	30009	5	5000	30022	1	5000	30023	1	5000	30027	1	5000					450	"5,992"	30				202
	352	9300	2000352	1005	怎麼趕走壞東西？	25	5	貓城野外1	不重複：支線其他（對話、跑腿）	0	否	46	46	0	0	352						352	0	Mission352Start											40069	快樂貓	1009	貓城野外1	40070	3237 0 1620	愛死寂寞人	1009	貓城野外1	8000352	8000352	3200068			8010352	8020965	8020966	8020966	8020967	24359	32021	對話	2677	17051																						30	0	0				203
	353	9300	2000353	1005	貓族的隱疾	25	6	貓城野外1	不重複：支線其他（對話、跑腿）	0	否	46	46	0	0	353						353	0	Mission353Start											40070	愛死寂寞人	1009	貓城野外1	40069	297 0 229	快樂貓	1009	貓城野外1	8000353	8000353	3200067			8010353	8020968	8020969		8020970	24359	32021	對話	2677	17051																						30	0	0				204
	354	9300	2000354	1005	改善身體健康	25	7	貓城野外1	不重複：支線	1	否	46	46	0	0	354						354	0												40069	快樂貓	1009	貓城野外1	40069	297 0 229	快樂貓	1009	貓城野外1	8000354	8000354	3300036	1009	2856 200 3401	8010354	8020971	8020972		8020973	92040	320580	打怪	44620	64428		2	30003	5	5000	30009	5	5000	30022	1	5000	30023	1	5000	30027	1	5000					500	"6,136"	30				205
	355	9300	2000355	1005	改善憂鬱現況	25	8	貓城野外1	不重複：支線	1	否	46	46	0	0	355						355	0												40069	快樂貓	1009	貓城野外1	40069	297 0 229	快樂貓	1009	貓城野外1	8000355	8000355	3300045	1009	5300 -150 860	8010355	8020974	8020975		8020976	92040	313860	打怪	49082	64428		2	30003	5	5000	30009	5	5000	30022	1	5000	30023	1	5000	30027	1	5000					550	"6,136"	30				206
	356	9300	2000356	1005	快樂每一天	25	9	貓城野外1	不重複：支線其他（對話、跑腿）	0	否	46	46	0	0	356						356	0	Mission356Start											40069	快樂貓	1009	貓城野外1	40070	3237 0 1620	愛死寂寞人	1009	貓城野外1	8000356	8000356	3200068			8010356	8020977	8020978		8020979	24359	32021	對話	2677	17051																						30	0	0				207
	357	9300	2000357	1005	傳說的貓族聖獸	25	10	貓城野外1	不重複：支線	1	否	47	47	0	0	357						357	0												40070	愛死寂寞人	1009	貓城野外1	40070	3237 0 1620	愛死寂寞人	1009	貓城野外1	8000357	8000357	3300049	1009	4216 200 2205	8010357	8020980	8020981		8020982	22266	296305	打王	27702	15586		1	30003	30	10000	30024	1	10000	30025	1	10000	30024	3	10000	30025	3	10000					300	"44,532"	1				208
	358	9300	2000358	1005	失蹤多年的弟弟	26	1	貓城野外2	不重複：支線	1	否	47	47	0	0	358						358	0												40071	牙醫武松	1010	貓城野外2	40072	7178 0 773	雪女	1010	貓城野外2	8000358	8000358	3300057	1010	1019 0 -452	8010358	8020983	8020984	8020984	8020985	95430	332460	打怪	44323	66801		2	30003	5	5000	30009	5	5000	30022	1	5000	30023	1	5000	30027	1	5000					480	"6,362"	30				209
	359	9300	2000359	1005	空虛、寂寞、還有點冷	26	2	貓城野外2	不重複：支線	1	否	47	47	0	0	359						359	0												40072	雪女	1010	貓城野外2	40072	7178 0 773	雪女	1010	貓城野外2	8000359	8000359	3300059	1010	2987 -99 2409	8010359	8020986	8020987		8020988	95430	325500	打怪	49864	66801		2	30003	5	5000	30009	5	5000	30022	1	5000	30023	1	5000	30027	1	5000					540	"6,362"	30				210
	360	9300	2000360	1005	人類的蹤跡	26	3	貓城野外2	不重複：支線其他（對話、跑腿）	0	否	47	47	0	0	360						360	0	Mission360Start											40072	雪女	1010	貓城野外2	40072	7178 0 773	雪女	1010	貓城野外2	8000360	8000360	3200070			8010360	8020989			8020991	25249	33206	對話	2770	17674																						30	0	0				211
	361	9300	2000361	1005	人類的下落	26	4	貓城野外2	不重複：支線其他（對話、跑腿）	0	否	47	47	0	0	361						361	0	Mission361Start											40072	雪女	1010	貓城野外2	40071	701 -0 93	牙醫武松	1010	貓城野外2	8000361	8000361	3200069			8010361	8020992	8020993		8020994	25249	33206	對話	2770	17674																						30	0	0				212
	362	9300	2000362	1005	為弟弟報仇第一次	26	5	貓城野外2	不重複：支線	1	否	47	47	0	0	362						362	0												40071	牙醫武松	1010	貓城野外2	40071	701 -0 93	牙醫武松	1010	貓城野外2	8000362	8000362	3300058	1010	4254 -100 1900	8010362	8020995	8020996		8020997	98880	337260	打怪	55404	69216		2	30003	5	5000	30009	5	5000	30022	1	5000	30023	1	5000	30027	1	5000					600	"6,592"	30				213
	363	9300	2000363	1005	為弟弟報仇第二次	26	6	貓城野外2	不重複：支線	1	否	48	48	0	0	363						363	0												40071	牙醫武松	1010	貓城野外2	40071	701 -0 93	牙醫武松	1010	貓城野外2	8000363	8000363	3300044	1010	6600 0 200	8010363	8020998	8020999		8021000	153585	524040	打怪	71642	107510		2	30003	5	5000	30009	5	5000	30022	1	5000	30023	1	5000	30027	1	5000					750	"10,239"	30				214
	364	9300	2000364	1005	為弟弟報仇第三次	26	7	貓城野外2	不重複：支線其他（對話、跑腿）	0	否	48	48	0	0	364						364	0	Mission364Start											40071	牙醫武松	1010	貓城野外2	40072	7178 0 773	雪女	1010	貓城野外2	8000364	8000364	3200070			8010364	8021001	8021002		8021003	26169	34411	對話	2866	18318																						30	0	0				215
	365	9300	2000365	1005	說服武松	26	8	貓城野外2	不重複：支線其他（對話、跑腿）	0	否	48	48	0	0	365						365	0	Mission365Start											40072	雪女	1010	貓城野外2	40071	701 -0 93	牙醫武松	1010	貓城野外2	8000365	8000365	3200069			8010365	8021004	8021005		8021006	26169	34411	對話	2866	18318																						30	0	0				216
	366	9300	2000366	1005	弟弟的下落	26	9	貓城野外2	不重複：支線其他（對話、跑腿）	0	否	48	48	0	0	366						366	0	Mission366Start											40071	牙醫武松	1010	貓城野外2	40071	701 -0 93	牙醫武松	1010	貓城野外2	8000366	8000366	3200069			8010366	8021007			8021009	26169	34411	對話	2866	18318																						30	0	0				217
	387	9300	2000387	1005	瑞比戰士進階測驗	6	1	兔城野外3	不重複：支線	1	否	12	15	0	0	387						387	0												40075	越野兔	1013	落葉林地	40075	3154 -0 697	越野兔	1013	落葉林地	8000387	8000387	3300068	1013	3323 100 1664	8010387	8021043	8021044		8021045	7740	29128	打怪	6036	5418		2	30001	5	5000	30007	5	5000	30022	1	5000	30023	1	5000	30027	1	5000					300	387	20				218
	388	9300	2000388	1005	瑞比戰士最終測驗	6	2	兔城野外3	不重複：支線	1	否	13	17	0	0	388						388	0												40075	越野兔	1013	落葉林地	40075	3155 -0 697	越野兔	1013	落葉林地	8000388	8000388	3300069	1013	2880 100 2125	8010388	8021046	8021047		8021048	2550	25313	打王	4145	1785		1	30001	10	10000	30024	1	10000	30025	1	10000	30024	3	10000	30025	3	10000					160	"2,550"	1				219
	395	9300	2000395	1005	趕走異味第一回	8	1	兔城野外4	不重複：支線	1	否	18	18	0	0	395						395	0												40078	嚇綠弟	1014	螢火平原	40078	3227 0 -393	嚇綠弟	1014	螢火平原	8000395	8000395	3300072	1014	1900 0 -500	8010395	8021067	8021068		8021069	11805	64504	打怪	13411	8264		2	30001	5	5000	30007	5	5000	30022	1	5000	30023	1	5000	30027	1	5000					480	787	15				220
	396	9300	2000396	1005	趕走異味第二回	8	2	兔城野外4	不重複：支線	1	否	19	20	0	0	396						396	0												40078	嚇綠弟	1014	螢火平原	40078	3227 0 -393	嚇綠弟	1014	螢火平原	8000396	8000396	3300073	1014	2232 0 1655	8010396	8021070	8021071		8021072	12750	85750	打怪	15607	8925		2	30001	5	5000	30007	5	5000	30022	1	5000	30023	1	5000	30027	1	5000					480	850	15				221
	399	9300	2000399	1005	和平相處的景願	15	1	象城野外4	不重複：支線其他（對話、跑腿）	0	否	31	30	0	0	399						399	0	Mission399Start											40083	和平老人	1016	螢火密林	40084	4800 0 1100	老象酋長	1016	螢火密林	8000399	8000399	3200082			8010399	8021079	8021080		8021081	11172	14632	對話	1023	7820																						30	0	0				222
	400	9300	2000400	1005	冷淡的酋長	15	2	象城野外4	不重複：支線其他（對話、跑腿）	0	否	31	30	0	0	400						400	0	Mission400Start											40084	老象酋長	1016	螢火密林	40083	650 0 650	和平老人	1016	螢火密林	8000400	8000400	3200081			8010400	8021082	8021083		8021084	11172	14632	對話	1023	7820																						30	0	0				223
	401	9300	2000401	1005	展現力量	15	3	象城野外4	不重複：支線	1	否	31	32	0	0	401						401	0												40083	和平老人	1016	螢火密林	40083	650 0 650	和平老人	1016	螢火密林	8000401	8000401	3300080	1016	1700 0 300	8010401	8021085	8021086		8021087	39240	107560	打怪	9712	27468		2	30002	5	5000	30002	5	5000	30022	1	5000	30023	1	5000	30027	1	5000					240	"3,924"	20				224
	402	9300	2000402	1005	再訪象部落	15	4	象城野外4	不重複：支線其他（對話、跑腿）	0	否	31	31	0	0	402						402	0	Mission402Start											40083	和平老人	1016	螢火密林	40084	4800 0 1100	老象酋長	1016	螢火密林	8000402	8000402	3200082			8010402	8021088	8021089		8021090	11759	15418	對話	1158	8231																						30	0	0				225
	403	9300	2000403	1005	象族的陣容	15	5	象城野外4	不重複：支線	1	否	31	33	0	0	403						403	0												40084	老象酋長	1016	螢火密林	40084	4800 0 1100	老象酋長	1016	螢火密林	8000403	8000403	3300081	1016	2500 0 500	8010403	8021091	8021092		8021093	33980	113080	打怪	10176	23786		2	30002	5	5000	30008	5	5000	30022	1	5000	30023	1	5000	30027	1	5000					240	"3,398"	20				226
	404	9300	2000404	1005	象族使者	15	6	象城野外4	不重複：支線其他（對話、跑腿）	0	否	32	32	0	0	404						404	0												40084	老象酋長	1016	螢火密林	40083	650 0 650	和平老人	1016	螢火密林	8000404	8000404	3200081			8010404	8021094	8021095		8021096	12365	32426	對話	2428	8656		1	30002	5	1000	30008	5	1000	30022	1	1000	30023	1	1000	30029	1	1000					60	0	0				227
	405	9300	2000405	1005	象族部落秘辛	15	7	象城野外4	不重複：支線其他（對話、跑腿）	0	否	32	32	0	0	405						405	0	Mission405Start											40083	和平老人	1016	螢火密林	40084	4800 0 1100	老象酋長	1016	螢火密林	8000405	8000405	3200082			8010405	8021097	8021098		8021099	12365	16213	對話	1214	8656																						30	0	0				228
	406	9300	2000406	1005	展現決心	15	8	象城野外4	不重複：支線	1	否	32	34	0	0	406						406	0												40084	老象酋長	1016	螢火密林	40084	4800 0 1100	老象酋長	1016	螢火密林	8000406	8000406	3300082	1016	5900 0 250	8010406	8021100	8021101		8021102	43200	130960	打怪	13305	30240		2	30002	5	5000	30008	5	5000	30022	1	5000	30023	1	5000	30027	1	5000					300	"4,320"	20				229
	407	9300	2000407	1005	象族勇士	15	9	象城野外4	不重複：支線其他（對話、跑腿）	0	否	33	33	0	0	407						407	0	Mission407Start											40085	老象酋長	1016	螢火密林	40085	5850 100 2100	勇士盾象	1016	螢火密林	8000407	8000407	3200083			8010407	8021103	8021104		8021105	12996	17047	對話	1272	9097																						30	0	0				230
	408	9300	2000408	1005	敵視人類的象	15	10	象城野外4	不重複：支線	1	否	33	35	0	0	408						408	0												40085	勇士盾象	1016	螢火密林	40085	5850 100 2100	勇士盾象	1016	螢火密林	8000408	8000408	3300083	1016	5100 100 3300	8010408	8021106	8021107		8021108	46870	141520	打怪	13909	32809		2	30002	5	5000	30002	5	5000	30022	1	5000	30023	1	5000	30027	1	5000					300	"4,687"	20				231
	409	9300	2000409	1005	巨鎚酋長	15	11	象城野外4	不重複：支線	1	否	33	36	0	0	409						409	0												40085	勇士盾象	1016	螢火密林	40085	5850 100 2100	勇士盾象	1016	螢火密林	8000409	8000409	3300084	1016	8300 100 3600	8010409	8021109	8021110		8021111	10630	185381	打王	15673	7441		1	30002	30	10000	30024	1	10000	30025	1	10000	30024	3	10000	30025	3	10000					300	"21,260"	1				232
	410	9300	2000410	1005	和平來到	15	12	象城野外4	不重複：支線其他（對話、跑腿）	0	否	33	34	0	0	410						410	0	Mission410Start											40085	勇士盾象	1016	螢火密林	40084	4800 0 1100	老象酋長	1016	螢火密林	8000410	8000410	3200082			8010410	8021112	8021113		8021114	13645	17891	對話	1331	9552		1	30002	1	10000	30008	1	10000	30022	1	10000	30023	1	10000	30029	1	10000					30	0	0				233
	413	9300	2000413	1005	孫子要養蜻蜓	13	1	象城野外3	不重複：支線	1	否	28	29	0	0	413						413	0												40082	老奶奶	1015	署光之城	40082	430 0 283	老奶奶	1015	署光之城	8000413	8000413	3300075	1015	1316 0 -183	8010413	8021121	8021122		8021123	26900	96840	打怪	6137	18830		2	30002	5	5000	30008	5	5000	30022	1	5000	30023	1	5000	30027	1	5000					180	"2,690"	20				234
	414	9300	2000414	1005	孫子要養青青象	13	2	象城野外3	不重複：支線	1	否	28	30	0	0	414						414	0												40082	老奶奶	1015	署光之城	40082	431 0 283	老奶奶	1015	署光之城	8000414	8000414	3300076	1015	955 150 1788	8010414	8021124	8021125		8021126	29660	100520	打怪	6136	20762		2	30002	5	5000	30008	5	5000	30022	1	5000	30023	1	5000	30027	1	5000					180	"2,966"	20				235
	415	9300	2000415	1005	孫子怕鬼	13	3	象城野外3	不重複：支線	1	否	28	31	0	0	415						415	0												40082	老奶奶	1015	署光之城	40082	432 0 283	老奶奶	1015	署光之城	8000415	8000415	3300077	1015	2737 -0 205	8010415	8021127	8021128		8021129	37350	132975	打怪	11584	26145		2	30002	5	5000	30008	5	5000	30022	1	5000	30023	1	5000	30027	1	5000					300	"3,735"	20				236
	416	9300	2000416	1005	哪裡有賣西瓜？	13	4	象城野外3	不重複：支線其他（對話、跑腿）	0	否	28	32	0	0	416						416	0												40082	老奶奶	1015	署光之城	40082	433 0 283	老奶奶	1015	署光之城	8000416	8000416	3300079	1015	6110 300 1500	8010416	8021130	8021131		8021132	12365	16213	跑腿	1214	8656		2	30002	10	1500	30008	10	1500	30022	1	1500	30023	1	1500	30029	1	1500					30	0	0				237
	417	9300	2000417	1001	趕走西瓜大盜	0	0	象城野外3	重複：殺怪數	1	是	28	32	0	1	417						417	0												40082	老奶奶	1015	署光之城	40082	434 0 283	老奶奶	1015	署光之城	8000417	8000417	3300078	1015	4652 0 2024	8010417	8021133	8021134		8021135	15936	25370	重複	4856	4781		1	30102	500	10000																	240	"2,656"	20				238
	418	9300	2000418	1005	訓練膽子	14	1	象城野外3	不重複：支線其他（對話、跑腿）	0	否	29	29	0	0	418						418	0	Mission418Start											40081	出家人	1015	署光之城	40080	1300 166 1750	胖胖	1015	署光之城	8000418	8000418	3200078			8010418	8021136	8021137		8021138	10665	13261	對話	1023	7466																						30	0	0				239
	419	9300	2000419	1005	變大膽的辦法	14	2	象城野外3	不重複：支線	1	否	29	31	0	0	419						419	0												40080	胖胖	1015	署光之城	40081	831 -9 668	出家人	1015	署光之城	8000419	8000419	3300077	1015	2668 150 1874	8010419	8021139	8021140	8021169	8021141	18675	59100	打怪	5792	13073		2	30002	5	5000	30008	5	5000	30022	1	5000	30023	1	5000	30027	1	5000					150	"3,735"	10				240
	420	9300	2000420	1005	嚇嚇出家人	14	3	象城野外3	不重複：支線其他（對話、跑腿）	0	否	29	30	0	0	420						420	0	Mission420Start											40081	出家人	1015	署光之城	40081	832 -9 668	出家人	1015	署光之城	8000420	8000420	3200079			8010420	8021142	8021143		8021144	11172	14632	對話	1023	7820																						30	0	0				241
	421	9300	2000421	1005	一個人也不怕了	14	4	象城野外3	不重複：支線其他（對話、跑腿）	0	否	29	30	0	0	421						421	0	Mission421Start											40081	出家人	1015	署光之城	40080	1300 166 1750	胖胖	1015	署光之城	8000421	8000421	3200078			8010421	8021145	8021146		8021147	11172	14632	對話	1023	7820																						30	0	0				242
	422	9300	2000422	1005	胖胖不胖	14	5	象城野外3	不重複：支線其他（對話、跑腿）	0	否	29	30	0	0	422						422	0	Mission422Start											40080	胖胖	1015	署光之城	40081	832 -9 668	出家人	1015	署光之城	8000422	8000422	3200079			8010422	8021148	8021149		8021150	11172	14632	對話	1023	7820																						30	0	0				243
	423	9300	2000423	1005	瘦下來的辦法	14	6	象城野外3	不重複：支線其他（對話、跑腿）	0	否	29	30	0	0	423						423	0	Mission423Start											40081	出家人	1015	署光之城	40080	1300 166 1750	胖胖	1015	署光之城	8000423	8000423	3200078			8010423	8021151	8021152		8021153	11172	14632	對話	1023	7820																						30	0	0				244
	424	9300	2000424	1005	示範晨跑	14	7	象城野外3	不重複：支線其他（對話、跑腿）	0	否	29	30	0	0	424						424	0												40080	胖胖	1015	署光之城	40080	1300 166 1750	胖胖	1015	署光之城	8000424	8000424	6100000			8010424	8021154	8021155		8021156	11172	29265	跑腿	2045	7820		1	30002	1	10000	30008	1	10000	30022	1	10000	30023	1	10000	30029	1	10000					60	0	0				245
	425	9300	2000425	1005	有沒有其他辦法？	14	8	象城野外3	不重複：支線其他（對話、跑腿）	0	否	30	31	0	0	425						425	0	Mission425Start											40080	胖胖	1015	署光之城	40081	832 -9 668	出家人	1015	署光之城	8000425	8000425	3200079			8010425	8021157	8021158		8021159	11759	15418	對話	1158	8231																						30	0	0				246
	426	9300	2000426	1005	控制飲食	14	9	象城野外3	不重複：支線其他（對話、跑腿）	0	否	30	31	0	0	426						426	0	Mission426Start											40081	出家人	1015	署光之城	40080	1300 166 1750	胖胖	1015	署光之城	8000426	8000426	3200078			8010426	8021160	8021161		8021162	11759	15418	對話	1158	8231																						30	0	0				247
	435	9300	2000435	1005	噴火惡霸	18	1	彪城野外3	不重複：支線其他（對話、跑腿）	0	否	39	39	0	0	435						435	0	Mission435Start											40127	彪城村長	1017	彪城野外3	40127	749 -2 480	彪城村長	1017	彪城野外3	8000435	8000435	3200124			8010435	8021266			8021268	17639	23170	對話	1772	12347																						30	0	0				248
	436	9300	2000436	1005	請求指示	18	2	彪城野外3	不重複：支線其他（對話、跑腿）	0	否	39	39	0	0	436						436	0	Mission436Start											40127	彪城村長	1017	彪城野外3	40128	1691 148 1971	金獅石像	1017	彪城野外3	8000436	8000436	3200125			8010436	8021269	8021270		8021271	17639	23170	對話	1772	12347																						30	0	0				249
	437	9300	2000437	1005	第一次跟石像打招呼	18	3	彪城野外3	不重複：支線其他（對話、跑腿）	0	否	39	39	0	0	437						437	0	Mission437Start											40128	金獅石像	1017	彪城野外3	40128	1691 148 1971	金獅石像	1017	彪城野外3	8000437	8000437	3200125			8010437	8021272			8021274	17639	23170	對話	1772	12347																						30	0	0				250
	438	9300	2000438	1005	第二次跟石像打招呼	18	4	彪城野外3	不重複：支線	1	否	39	39	0	0	438						438	0												40128	金獅石像	1017	彪城野外3	40128	1691 148 1971	金獅石像	1017	彪城野外3	8000438	8000438	3300090	1017	815 148 1854	8010438	8021275	8021276		8021277	68160	345480	打怪	17718	47712		2	30002	5	5000	30008	5	5000	30022	1	5000	30023	1	5000	30027	1	5000					300	"4,544"	30				251
	439	9300	2000439	1005	第三次跟石像打招呼	18	5	彪城野外3	不重複：支線其他（對話、跑腿）	1	否	39	39	0	0	439						439	0												40128	金獅石像	1017	彪城野外3	40128	1691 148 1971	金獅石像	1017	彪城野外3	8000439	8000439	3100034	1017	1786 148 1960	8010439	8021278	8021279		8021280	17639	23170	打怪	1772	12347		2	30002	5	5000	30008	5	5000	30022	1	5000	30023	1	5000	30027	1	5000					30	0	1				252
	440	9300	2000440	1005	告訴我壞蛋是誰?	18	6	彪城野外3	不重複：支線其他（對話、跑腿）	0	否	39	39	0	0	440						440	0	Mission440Start											40128	金獅石像	1017	彪城野外3	40128	1691 148 1971	金獅石像	1017	彪城野外3	8000440	8000440	3200125			8010440	8021281			8021283	17639	23170	對話	1772	12347																						30	0	0				253
	441	9300	2000441	1005	壞蛋名單	18	7	彪城野外3	不重複：支線其他（對話、跑腿）	0	否	39	39	0	0	441						441	0	Mission441Start											40128	金獅石像	1017	彪城野外3	40127	749 -2 480	彪城村長	1017	彪城野外3	8000441	8000441	3200124			8010441	8021284	8021285		8021286	17639	23170	對話	1772	12347																						30	0	0				254
	442	9300	2000442	1005	打擊惡霸第一回	18	8	彪城野外3	不重複：支線	1	否	40	40	0	0	442						442	0												40127	彪城村長	1017	彪城野外3	40127	749 -2 480	彪城村長	1017	彪城野外3	8000442	8000442	3300091	1017	2026 -101 -109	8010442	8021287	8021288		8021289	73140	369240	打怪	27667	51198		2	30003	5	5000	30009	5	5000	30022	1	5000	30023	1	5000	30027	1	5000					450	"4,876"	30		"345,480"	"345,480"	255
	443	9300	2000443	1005	打擊惡霸第二回	18	9	彪城野外3	不重複：支線	1	否	41	41	0	0	443						443	0												40127	彪城村長	1017	彪城野外3	40127	749 -2 480	彪城村長	1017	彪城野外3	8000443	8000443	3300092	1017	4392 -3 -1172	8010443	8021290	8021291		8021292	75180	384540	打怪	31027	52626		2	30003	5	5000	30009	5	5000	30022	1	5000	30023	1	5000	30027	1	5000					450	"5,012"	30				256
	444	9300	2000444	1005	打擊惡霸第三回	18	10	彪城野外3	不重複：支線	1	否	42	42	0	0	444						444	0												40127	彪城村長	1017	彪城野外3	40127	749 -2 480	彪城村長	1017	彪城野外3	8000444	8000444	3300093	1017	7928 -3 663	8010444	8021293	8021294		8021295	79590	399000	打怪	32208	55713		2	30003	5	5000	30009	5	5000	30022	1	5000	30023	1	5000	30027	1	5000					450	"5,306"	30				257
	445	9300	2000445	1005	超級大惡霸	18	11	彪城野外3	不重複：支線	1	否	42	42	0	0	445						445	0												40127	彪城村長	1017	彪城野外3	40127	749 -2 480	彪城村長	1017	彪城野外3	8000445	8000445	3300094	1017	7979 0 401	8010445	8021296	8021297		8021298	17040	375429	打王	35786	11928		1	30003	30	10000	30024	1	10000	30025	1	10000	30024	3	10000	30025	3	10000					500	"34,080"	1				258
	446	9300	2000446	1001	被借走的皮球	0	0	彪城野外3	重複：撿物品	0	是	39	39	0	1	446						446	0		Mission446End										40128	金獅石像	1017	彪城野外3	40128	1691 148 1971	金獅石像	1017	彪城野外3	8000446	8000446	8040003	1017	895 148 1763	8010446	8021299	8021300		8021301	40824	96135	重複	8859	12247		1	30102	900	10000																	300	"4,536"	30				259
	447	9300	2000447	1005	能源不足	19	1	彪城野外4	不重複：支線其他（對話、跑腿）	0	否	42	42	0	0	447						447	0	Mission447Start											40129	王老五	1018	彪城野外4	40129	300 5 138	王老五	1018	彪城野外4	8000447	8000447	3200126			8010447	8021302			8021304	20474	26905	對話	2147	14332																						30	0	0				260
	448	9300	2000448	1005	收集器材	19	2	彪城野外4	不重複：支線	1	否	42	42	0	0	448						448	0		Mission448End										40129	王老五	1018	彪城野外4	40129	300 5 138	王老五	1018	彪城野外4	8000448	8000448	3300095	1018	807 0 -850	8010448	8021305	8021306		8021307	42770	360360	打怪	32208	29939		2	30003	5	5000	30009	5	5000	30022	1	5000	30023	1	5000	30027	1	5000					450	"4,277"	20				261
	449	9300	2000449	1005	安全第一	19	3	彪城野外4	不重複：支線	1	否	43	43	0	0	449						449	0		Mission449End										40129	王老五	1018	彪城野外4	40129	300 5 138	王老五	1018	彪城野外4	8000449	8000449	3300096	1018	2369 0 2404	8010449	8021308	8021309		8021310	66660	374940	打怪	33404	46662		2	30003	5	5000	30009	5	5000	30022	1	5000	30023	1	5000	30027	1	5000					450	"4,444"	30				262
	450	9300	2000450	1005	收集正極能源	19	4	彪城野外4	不重複：支線	1	否	44	44	0	0	450						450	0		Mission450End										40129	王老五	1018	彪城野外4	40129	300 5 138	王老五	1018	彪城野外4	8000450	8000450	3300097	1018	4843 0 -128	8010450	8021311	8021312		8021313	84480	432960	打怪	34653	59136		2	30003	5	5000	30009	5	5000	30022	1	5000	30023	1	5000	30027	1	5000					450	"5,632"	30				263
	451	9300	2000451	1005	收集負極能源	19	5	彪城野外4	不重複：支線	1	否	44	44	0	0	451						451	0		Mission451End										40129	王老五	1018	彪城野外4	40129	300 5 138	王老五	1018	彪城野外4	8000451	8000451	3300098	1018	7874 1 389	8010451	8021314	8021315		8021316	84480	432960	打怪	34653	59136		2	30003	5	5000	30009	5	5000	30022	1	5000	30023	1	5000	30027	1	5000					450	"5,632"	30				264
	452	9300	2000452	1005	電力十足	19	6	彪城野外4	不重複：支線	1	否	45	45	0	0	452						452	0		Mission452End										40129	王老五	1018	彪城野外4	40129	300 5 138	王老五	1018	彪城野外4	8000452	8000452	3300099	1018	6598 1 -746	8010452	8021317	8021318		8021319	16160	438328	打王	39912	11312		1	30003	30	10000	30024	1	10000	30025	1	10000	30024	3	10000	30025	3	10000					500	"32,320"	1				265
	453	9300	2000453	1005	珍惜資源	19	7	彪城野外4	不重複：支線其他（對話、跑腿）	0	否	45	45	0	0	453						453	0	Mission453Start											40129	王老五	1018	彪城野外4	40129	300 5 138	王老五	1018	彪城野外4	8000453	8000453	3200126			8010453	8021320			8021322	23470	10291	結尾	798	16429		1	30003	1	10000	30009	1	10000	30022	1	10000	30023	1	10000	30029	1	10000					10	0	0				266
	454	9300	2000454	1001	合成能源第一階段	0	0	彪城野外4	不重複：特殊	0	是	42	42	0	1	454						454	0		Mission454End										40129	王老五	1018	彪城野外4	40129	300 5 138	王老五	1018	彪城野外4	8000454	8000454	8040003	1018	860 0 -889	8010454	8021323	8021324		8021325	2250	2250	重複	3578	1575		2	40015	1	10000	30103	100	10000														500	0	20				267
	455	9300	2000455	1001	合成能源第二階段	0	0	彪城野外4	不重複：特殊	0	是	42	42	0	1	455						455	0		Mission455End										40129	王老五	1018	彪城野外4	40129	300 5 138	王老五	1018	彪城野外4	8000455	8000455	3200126	1018	300 5 138	8010455	8021326	8021327		8021328	11250	11250	重複	17888	7875		2	40016	1	10000	30103	400	10000														10	0	5				268
	456	9300	2000456	1001	合成能源第三階段	0	0	彪城野外4	不重複：特殊	0	是	42	42	0	1	456						456	0		Mission456End										40129	王老五	1018	彪城野外4	40129	300 5 138	王老五	1018	彪城野外4	8000456	8000456	3200126	1018	300 5 138	8010456	8021329	8021330		8021331	67500	67500	重複	107325	47250		2	40013	1	10000	30103	717	10000														10	0	3				269
	457	9300	2000457	1001	能源回收	0	0	彪城野外4	不重複：特殊	0	是	42	42	0	1	457						457	0		Mission457End										40129	王老五	1018	彪城野外4	40129	300 5 138	王老五	1018	彪城野外4	8000457	8000457	3200126	1018	300 5 138	8010457	8021332	8021333		8021334	270000	270000	重複	429300	189000		1	30103	1433	10000																	10	0	1				270
	458	9300	2000458	1005	頑童大量出現	23	1	駱駝野外3	不重複：支線	1	否	40	42	0	0	458						458	0												40130	禁衛隊長	1019	駱駝城野外3	40130	1968 0 2624	禁衛隊長	1019	駱駝城野外3	8000458	8000458	3300100	1019	1100 0 1100	8010458	8021335	8021336		8021337	78240	263700	打怪	32208	54768		2	30003	5	5000	30009	5	5000	30022	1	5000	30023	1	5000	30027	1	5000					450	"5,216"	30				271
	459	9300	2000459	1005	駱駝的冠冕	23	2	駱駝野外3	不重複：支線	0	否	40	42	0	0	459						459	0		Mission459End										40130	禁衛隊長	1019	駱駝城野外3	40130	1969 0 2624	禁衛隊長	1019	駱駝城野外3	8000459	8000459	3300101	1019	3400 0 1800	8010459	8021338	8021339		8021340	24545	277740	打怪	32208	17182		2	30003	5	5000	30009	5	5000	30022	1	5000	30023	1	5000	30027	1	5000					450	"4,909"	10				272
	460	9300	2000460	1005	駱駝先鋒軍	23	3	駱駝野外3	不重複：支線其他（對話、跑腿）	0	否	41	43	0	0	460						460	0												40130	禁衛隊長	1019	駱駝城野外3	40130	1970 0 2624	禁衛隊長	1019	駱駝城野外3	8000460	8000460	8040006	1019	6600 0 1500	8010460	8021341	8021342		8021343	21283	27980	跑腿	2227	14898		2	30003	10	1500	30009	10	1500	30022	1	1500	30023	1	1500	30029	1	1500					30	0	0				273
	461	9300	2000461	1005	駱駝族的抗議	23	4	駱駝野外3	不重複：支線其他（對話、跑腿）	0	否	41	41	0	0	461						461	0	Mission461Start											40131	駱駝領隊	1019	駱駝城野外3	40131	5700 0 3000	駱駝領隊	1019	駱駝城野外3	8000461	8000461	3200128			8010461	8021344			8021345	19675	25835	對話	2068	13773																						30	0	0				274
	462	9300	2000462	1005	駱駝戰鬥營	23	5	駱駝野外3	不重複：支線其他（對話、跑腿）	0	否	41	41	0	0	462						462	0	Mission462Start											40131	駱駝領隊	1019	駱駝城野外3	40132	5267 0 1931	領隊滬三娘	1019	駱駝城野外3	8000462	8000462	3200129			8010462	8021346	8021347		8021348	19675	25835	對話	2068	13773																						30	0	0				275
	463	9300	2000463	1005	淪為盜匪的逃兵	23	6	駱駝野外3	不重複：支線其他（對話、跑腿）	0	否	41	41	0	0	463						463	0	Mission463Start											40132	領隊滬三娘	1019	駱駝城野外3	40131	5700 0 3000	駱駝領隊	1019	駱駝城野外3	8000463	8000463	3200128			8010463	8021349	8021350		8021351	19675	25835	對話	2068	13773																						30	0	0				276
	464	9300	2000464	1005	駱駝的條件	23	7	駱駝野外3	不重複：支線其他（對話、跑腿）	0	否	41	41	0	0	464						464	0	Mission464Start											40131	駱駝領隊	1019	駱駝城野外3	40132	5267 0 1931	領隊滬三娘	1019	駱駝城野外3	8000464	8000464	3200129			8010464	8021352	8021353		8021354	19675	25835	對話	2068	13773																						30	0	0				277
	465	9300	2000465	1005	奪回仙人掌冠	23	8	駱駝野外3	不重複：支線	0	否	42	44	0	0	465						465	0		Mission465End										40132	領隊滬三娘	1019	駱駝城野外3	40131	5700 0 3000	駱駝領隊	1019	駱駝城野外3	8000465	8000465	3300103	1019	6100 0 0	8010465	8021355	8021356	8021357	8021358	29215	691840	打怪	57755	20451		2	30003	5	5000	30009	5	5000	30022	1	5000	30023	1	5000	30027	1	5000					750	"5,843"	10				278
	466	9300	2000466	1005	戰鬥營再度開始	23	9	駱駝野外3	不重複：支線其他（對話、跑腿）	0	否	42	42	0	0	466						466	0	Mission466Start											40131	駱駝領隊	1019	駱駝城野外3	40132	5267 0 1931	領隊滬三娘	1019	駱駝城野外3	8000466	8000466	3200129			8010466	8021359	8021360		8021361	20474	26905	對話	2147	14332																						30	0	0				279
	467	9300	2000467	1005	加入戰鬥營	23	10	駱駝野外3	不重複：支線	1	否	42	44	0	0	467						467	0												40132	領隊滬三娘	1019	駱駝城野外3	40132	5267 0 1931	領隊滬三娘	1019	駱駝城野外3	8000467	8000467	3300105	1019	7200 0 2300	8010467	8021362	8021363		8021364	15340	235954	打王	23102	10738		1	30003	30	10000	30024	1	10000	30025	1	10000	30024	3	10000	30025	3	10000					300	"30,680"	1				280
	468	9300	2000468	1005	戰鬥營圓滿結束	23	11	駱駝野外3	不重複：支線其他（對話、跑腿）	0	否	42	42	0	0	468						468	0	Mission468Start											40132	領隊滬三娘	1019	駱駝城野外3	40131	5700 0 3000	駱駝領隊	1019	駱駝城野外3	8000468	8000468	3200128			8010468	8021365	8021366		8021367	20474	26905	結尾	2147	14332		1	30003	1	10000	30009	1	10000	30022	1	10000	30023	1	10000	30029	1	10000					30	0	0				281
	469	9300	2000469	1001	討伐駱駝軍隊	0	0	駱駝野外3	重複：殺怪數	0	是	41	43	0	1	469						469	0												40130	禁衛隊長	1019	駱駝城野外3	40130	1970 0 2624	禁衛隊長	1019	駱駝城野外3	8000469	8000469	8040004	1019	3700 0 1500	8010469	8021368	8021369		8021370	44181	69435	重複	16702	13254		1	30103	350	10000																	450	"4,909"	30				282
	470	9300	2000470	1001	持續討伐駱駝勢力	0	0	駱駝野外3	不重複：特殊	0	是	41	43	0	1	470						470	0												40130	禁衛隊長	1019	駱駝城野外3	40130	1970 0 2624	禁衛隊長	1019	駱駝城野外3	8000470	8000470	8040004	1019	3700 0 1500	8010470	8021371	8021372		8021373	36817	34718	重複(錯誤分歧路線，請給爛獎)	7423	25772		1	30103	150	10000																	200	"4,909"	30				283
	472	9300	2000472	1005	蠍毒遺害	24	1	駱駝野外4	不重複：支線	1	否	42	44	0	0	472						472	0												40133	倒立大師	1020	駱駝城野外4	40133	415 0 890	倒立大師	1020	駱駝城野外4	8000472	8000472	3300106	1020	138 -0 484	8010472	8021377	8021378		8021379	42240	142530	打怪	11551	29568		2	30003	5	5000	30009	5	5000	30022	1	5000	30023	1	5000	30027	1	5000					150	"5,632"	15				284
	473	9300	2000473	1005	大量感染	24	2	駱駝野外4	不重複：支線其他（對話、跑腿）	0	否	42	42	0	0	473						473	0	Mission473Start											40133	倒立大師	1020	駱駝城野外4	40134	2485 -0 2144	蠍毒專家	1020	駱駝城野外4	8000473	8000473	3200131			8010473	8021380	8021381		8021382	20474	26905	對話	2147	14332																						30	0	0				285
	474	9300	2000474	1005	生化危機	24	3	駱駝野外4	不重複：支線	1	否	42	44	0	0	474						474	0												40134	蠍毒專家	1020	駱駝城野外4	40134	2485 -0 2144	蠍毒專家	1020	駱駝城野外4	8000474	8000474	3300106	1020	2534 0 1761	8010474	8021383	8021384		8021385	84480	285060	打怪	34653	59136		2	30003	5	5000	30009	5	5000	30022	1	5000	30023	1	5000	30027	1	5000					450	"5,632"	30				286
	475	9300	2000475	1005	隱形蠍族	24	4	駱駝野外4	不重複：支線其他（對話、跑腿）	0	否	42	44	0	0	475						475	0												40134	蠍毒專家	1020	駱駝城野外4	40134	2485 -0 2144	蠍毒專家	1020	駱駝城野外4	8000475	8000475	8040034			8010475	8021386	8021387		8021388	22123	29080	跑腿	2310	15486		2	30003	10	1500	30009	10	1500	30022	1	1500	30023	1	1500	30029	1	1500					30	0	0				287
	476	9300	2000476	1005	給大師的消息	24	5	駱駝野外4	不重複：支線其他（對話、跑腿）	0	否	42	42	0	0	476						476	0	Mission476Start											40134	蠍毒專家	1020	駱駝城野外4	40133	415 0 890	倒立大師	1020	駱駝城野外4	8000476	8000476	3200130			8010476	8021389	8021390		8021391	20474	26905	對話	2147	14332																						30	0	0				288
	477	9300	2000477	1005	大師所望	24	6	駱駝野外4	不重複：支線	1	否	43	45	0	0	477						477	0												40133	倒立大師	1020	駱駝城野外4	40133	415 0 890	倒立大師	1020	駱駝城野外4	8000477	8000477	3300107	1020	4886 -0 1517	8010477	8021392	8021393		8021394	89880	305820	打怪	35921	62916		2	30003	5	5000	30009	5	5000	30022	1	5000	30023	1	5000	30027	1	5000					450	"5,992"	30				289
	478	9300	2000478	1005	尋找解毒劑	24	7	駱駝野外4	不重複：支線其他（對話、跑腿）	0	否	43	43	0	0	478						478	0	Mission478Start											40133	倒立大師	1020	駱駝城野外4	40134	2485 -0 2144	蠍毒專家	1020	駱駝城野外4	8000478	8000478	3200131			8010478	8021395	8021396		8021397	21283	27980	對話	2227	14898																						30	0	0				290
	479	9300	2000479	1005	沾黏的毒液	24	8	駱駝野外4	不重複：支線	1	否	43	45	0	0	479						479	0												40134	蠍毒專家	1020	駱駝城野外4	40134	2485 -0 2144	蠍毒專家	1020	駱駝城野外4	8000479	8000479	3300108	1020	1953 0 3447	8010479	8021398	8021399		8021400	89880	305820	打怪	35921	62916		2	30003	5	5000	30009	5	5000	30022	1	5000	30023	1	5000	30027	1	5000					450	"5,992"	30				291
	480	9300	2000480	1005	解你毒3000	24	9	駱駝野外4	不重複：支線其他（對話、跑腿）	0	否	43	45	0	0	480						480	0		Mission480End		20029	1							40134	蠍毒專家	1020	駱駝城野外4	40133	415 0 890	倒立大師	1020	駱駝城野外4	8000480	8000480	3200130			8010480	8021401	8021402		8021403	23470	30872	對話	2395	16429																						30	0	1				292
	481	9300	2000481	1005	潛地蠍族	24	10	駱駝野外4	不重複：支線其他（對話、跑腿）	0	否	44	44	0	0	481						481	0	Mission481Start											40133	倒立大師	1020	駱駝城野外4	40135	3597 -6 3939	探水阮小二	1020	駱駝城野外4	8000481	8000481	3200132			8010481	8021404	8021405		8021406	22123	29080	對話	2310	15486																						30	0	0				293
	482	9300	2000482	1005	沙漠大水	24	11	駱駝野外4	不重複：支線	0	否	44	46	0	0	482						482	0												40135	探水阮小二	1020	駱駝城野外4	40135	3597 -6 3939	探水阮小二	1020	駱駝城野外4	8000482	8000482	8040005	1020	1953 0 3447	8010482	8021407	8021408		8021409	81285	305820	打怪	40158	56900		2	30003	5	5000	30009	5	5000	30022	1	5000	30023	1	5000	30027	1	5000					450	"5,419"	30				294
	483	9300	2000483	1005	怪異	24	12	駱駝野外4	不重複：支線	1	否	44	46	0	0	483						483	0												40135	探水阮小二	1020	駱駝城野外4	40135	3597 -6 3939	探水阮小二	1020	駱駝城野外4	8000483	8000483	3300109	1020	5448 -0 3664	8010483	8021410	8021411		8021412	142400	679280	打怪	66930	99680		2	30003	5	5000	30009	5	5000	30022	1	5000	30023	1	5000	30027	1	5000					750	"7,120"	40				295
	484	9300	2000484	1005	蠍族的家園	24	13	駱駝野外4	不重複：支線	1	否	44	46	0	0	484						484	0												40135	探水阮小二	1020	駱駝城野外4	40135	3597 -6 3939	探水阮小二	1020	駱駝城野外4	8000484	8000484	3300110	1020	7688 0 111	8010484	8021413	8021414		8021415	15531	320209	打王	26772	10872		1	30003	30	10000	30024	1	10000	30025	1	10000	30024	3	10000	30025	3	10000					300	"31,061"	1				296
	485	9300	2000485	1005	與蠍族和解	24	14	駱駝野外4	不重複：支線其他（對話、跑腿）	0	否	44	44	0	0	485						485	0	Mission485Start											40135	探水阮小二	1020	駱駝城野外4	40135	3597 -6 3939	探水阮小二	1020	駱駝城野外4	8000485	8000485	3200132			8010485	8021416			8021417	22123	9693	結尾	770	15486		1	30003	1	10000	30009	1	10000	30022	1	10000	30023	1	10000	30029	1	10000					10	0	0				297
	488	9300	2000488	1005	搶貓咪的鞭炮第一次	28	1	貓城野外4	不重複：支線	0	否	52	52	0	0	488						488	0		Mission488End										40140	賣鞭炮的小女孩	1022	貓城野外4	40140	1003 -0 49	賣鞭炮的小女孩	1022	貓城野外4	8000488	8000488	3300116	1022	1057 0 -428	8010488	8021424	8021425		8021426	104415	398100	打怪	52846	73091		2	30003	5	5000	30009	5	5000	30022	1	5000	30023	1	5000	30027	1	5000					450	"6,961"	30				298
	489	9300	2000489	1005	搶貓咪的鞭炮第二次	28	2	貓城野外4	不重複：支線	0	否	52	52	0	0	489						489	0		Mission489End										40140	賣鞭炮的小女孩	1022	貓城野外4	40140	1003 -0 49	賣鞭炮的小女孩	1022	貓城野外4	8000489	8000489	3300117	1022	3933 0 -498	8010489	8021427	8021428		8021429	125790	433800	打怪	70462	88053		2	30003	5	5000	30009	5	5000	30022	1	5000	30023	1	5000	30027	1	5000					600	"8,386"	30				299
	490	9300	2000490	1005	幫幫愛死寂寞人	28	3	貓城野外4	不重複：支線其他（對話、跑腿）	0	否	52	52	0	0	490						490	0	Mission490Start											40140	賣鞭炮的小女孩	1022	貓城野外4	40070	3664 -0 230	愛死寂寞人	1022	貓城野外4	8000490	8000490	3200068			8010490	8021430	8021431		8021432	30513	40164	對話	3523	21359																						30	0	0				300
	491	9300	2000491	1005	雪橇犬需求	28	4	貓城野外4	不重複：支線	1	否	53	53	0	0	491						491	0												40070	愛死寂寞人	1022	貓城野外4	40070	3664 -0 230	愛死寂寞人	1022	貓城野外4	8000491	8000491	3300118	1022	6030 0 199	8010491	8021433	8021434		8021435	90615	405300	打怪	54535	63431		2	30003	5	5000	30009	5	5000	30022	1	5000	30023	1	5000	30027	1	5000					450	"6,041"	30				301
	492	9300	2000492	1005	美麗的雪女	28	5	貓城野外4	不重複：支線其他（對話、跑腿）	0	否	53	53	0	0	492						492	0												40070	愛死寂寞人	1022	貓城野外4	40070	3664 -0 230	愛死寂寞人	1022	貓城野外4	8000492	8000492	3200070	1022	6358 0 1952	8010492	8021436	8021437		8021438	31524	41497	跑腿	3636	22067		1	1458	1	10000	1459	1	10000	1460	1	10000	1461	1	10000	30029	1	10000					30	0	0				302
	493	9300	2000493	1005	可以做個朋友嗎?	28	6	貓城野外4	不重複：支線其他（對話、跑腿）	0	否	53	53	0	0	493						493	0	Mission493Start	Mission493End										40070	愛死寂寞人	1022	貓城野外4	40072	6358 0 1952	雪女	1022	貓城野外4	8000493	8000493	3200070			8010493	8021439	8021440		8021441	31524	41497	對話	3636	22067																						30	0	0				303
	494	9300	2000494	1005	雪女不理人	28	7	貓城野外4	不重複：支線	1	否	54	54	0	0	494						494	0												40070	愛死寂寞人	1022	貓城野外4	40072	6358 0 1952	雪女	1022	貓城野外4	8000494	8000494	3300119	1022	4292 99 1743	8010494	8021442	8021443	8021443	8021444	194985	639960	打怪	75017	136490		2	30003	5	5000	30009	5	5000	30022	1	5000	30023	1	5000	30027	1	5000					600	"12,999"	30				304
	495	9300	2000495	1005	想跟妳做朋友	28	8	貓城野外4	不重複：支線	0	否	54	54	0	0	495						495	0		Mission495End										40072	雪女	1022	貓城野外4	40072	6358 0 1952	雪女	1022	貓城野外4	8000495	8000495	8040007	1022	6300 0 500	8010495	8021445	8021446		8021447	200000	1134840	打怪	75017	140000		2	30003	5	5000	30009	5	5000	30022	1	5000	30023	1	5000	30027	1	5000					600	"8,000"	50				305
	496	9300	2000496	1005	拒絕寂寞人	28	9	貓城野外4	不重複：支線其他（對話、跑腿）	0	否	54	54	0	0	496						496	0	Mission496Start											40072	雪女	1022	貓城野外4	40070	3664 -0 230	愛死寂寞人	1022	貓城野外4	8000496	8000496	3200068			8010496	8021448	8021449		8021450	32553	42861	對話	3751	22787																						30	0	0				306
	497	9300	2000497	1005	失控的雪女	28	10	貓城野外4	不重複：支線	1	否	55	55	0	0	497						497	0												40072	雪女	1022	貓城野外4	40072	6358 0 1952	雪女	1022	貓城野外4	8000497	8000497	3300120	1022	5593 99 2577	8010497	8021451	8021452		8021453	19516	819705	打王	77378	13661		1	30003	30	10000	30024	1	10000	30025	1	10000	30024	3	10000	30025	3	10000					600	"39,032"	1				307
	498	9300	2000498	1001	甜死人冰淇淋	0	0	貓城野外4	重複：撿物品	0	是	54	54	0	1	498						498	0		Mission498End										40072	雪女	1022	貓城野外4	40072	6358 0 1952	雪女	1022	貓城野外4	8000498	8000498	8040007	1022	5639 100 2570	8010498	8021454	8021455		8021456	120000	266650	重複	56263	36000		1	30103	1150	10000																	900	"8,000"	50				308
	499	9300	2000499	1001	幫助小女孩	0	0	貓城野外4	重複：殺怪數	0	是	52	52	0	1	499						499	0		Mission499End										40140	賣鞭炮的小女孩	1022	貓城野外4	40140	1003 -0 49	賣鞭炮的小女孩	1022	貓城野外4	8000499	8000499	8040008	1022	1003 -5 -362	8010499	8021457	8021458		8021459	67500	108450	重複	31708	20250		1	30103	650	10000																	540	"7,500"	30				309
	500	9300	2000500	1005	鸚鵡訓練基地	32	1	鷹城野外3	不重複：支線其他（對話、跑腿）	0	否	50	52	0	0	500						500	0	Mission500Start											40142	鸚鵡訓練官	1023	鷹城野外3	40142	1748 -0 1409	鸚鵡訓練官	1023	鷹城野外3	8000500	8000500	3200139			8010500	8021460			8021461	30513	40164	對話	3523	21359																						30	0	0				310
	501	9300	2000501	1005	魔鬼訓練官	32	2	鷹城野外3	不重複：支線	1	否	50	52	0	0	501						501	0												40142	鸚鵡訓練官	1023	鷹城野外3	40142	1748 -0 1409	鸚鵡訓練官	1023	鷹城野外3	8000501	8000501	3300121	1023	1539 0 597	8010501	8021462	8021463		8021464	171315	590490	打怪	82205	119921		2	30003	5	5000	30009	5	5000	30022	1	5000	30023	1	5000	30027	1	5000					700	"7,614"	45				311
	502	9300	2000502	1005	黑暗軍團間諜	32	3	鷹城野外3	不重複：支線	1	否	50	52	0	0	502						502	0												40142	鸚鵡訓練官	1023	鷹城野外3	40142	1748 -0 1409	鸚鵡訓練官	1023	鷹城野外3	8000502	8000502	3300122	1023	690 99 2405	8010502	8021465	8021466		8021467	157240	542320	打怪	70462	110068		2	30003	5	5000	30009	5	5000	30022	1	5000	30023	1	5000	30027	1	5000					600	"7,862"	40				312
	503	9300	2000503	1005	鷹城勢力	32	4	鷹城野外3	不重複：支線其他（對話、跑腿）	0	否	51	53	0	0	503						503	0	Mission503Start											40142	鸚鵡訓練官	1023	鷹城野外3	40143	3550 199 2020	風中英雄	1023	鷹城野外3	8000503	8000503	3200140			8010503	8021468	8021469		8021470	31524	41497	對話	3636	22067																						30	0	0				313
	504	9300	2000504	1005	英雄氣魄	32	5	鷹城野外3	不重複：支線	1	否	51	53	0	0	504						504	0												40143	風中英雄	1023	鷹城野外3	40143	3550 199 2020	風中英雄	1023	鷹城野外3	8000504	8000504	3300123	1023	3598 200 1477	8010504	8021471	8021472		8021473	157240	542320	打怪	72713	110068		2	30003	5	5000	30009	5	5000	30022	1	5000	30023	1	5000	30027	1	5000					600	"7,862"	40				314
	505	9300	2000505	1005	珍貴的情報	32	6	鷹城野外3	不重複：支線其他（對話、跑腿）	0	否	51	53	0	0	505						505	0	Mission505Start											40143	風中英雄	1023	鷹城野外3	40142	1748 -0 1409	鸚鵡訓練官	1023	鷹城野外3	8000505	8000505	3200139			8010505	8021474	8021475		8021476	31524	41497	對話	3636	22067																						30	0	0				315
	506	9300	2000506	1005	真假鸚鵡	32	7	鷹城野外3	不重複：支線	0	否	52	54	0	0	506						506	0												40142	鸚鵡訓練官	1023	鷹城野外3	40142	1748 -0 1409	鸚鵡訓練官	1023	鷹城野外3	8000506	8000506	3300124	1023	5080 99 1391	8010506	8021477	8021478		8021479	175320	681180	打怪	112526	122724		2	30003	5	5000	30009	5	5000	30022	1	5000	30023	1	5000	30027	1	5000					900	"11,688"	30				316
	507	9300	2000507	1005	鸚鵡之王	32	8	鷹城野外3	不重複：支線	1	否	53	55	0	0	507						507	0												40142	鸚鵡訓練官	1023	鷹城野外3	40142	1748 -0 1409	鸚鵡訓練官	1023	鷹城野外3	8000507	8000507	3300125	1023	5861 200 3306	8010507	8021480	8021481		8021482	21740	371079	打王	38689	15218		1	30003	30	10000	30024	1	10000	30025	1	10000	30024	3	10000	30025	3	10000					300	"43,480"	1				317
	511	9300	2000511	1005	被打昏的士兵	33	1	鷹城野外4	不重複：支線其他（對話、跑腿）	0	否	52	54	0	0	511						511	0	Mission511Start											40144	昏倒的士兵	1024	鷹城野外4	40145	2450 -0 614	討逆關勝	1024	鷹城野外4	8000511	8000511	3200142			8010511	8021492	8021493		8021494	32553	42861	對話	3751	22787																						30	0	0				318
	512	9300	2000512	1005	討伐黑暗軍團	33	2	鷹城野外4	不重複：支線	1	否	52	54	0	0	512						512	0												40145	討逆關勝	1024	鷹城野外4	40145	2450 -0 614	討逆關勝	1024	鷹城野外4	8000512	8000512	3300126	1024	716 0 1797	8010512	8021495	8021496		8021497	162400	560080	打怪	75017	113680		2	30003	5	5000	30009	5	5000	30022	1	5000	30023	1	5000	30027	1	5000					600	"8,120"	40				319
	513	9300	2000513	1005	失蹤的士兵	33	3	鷹城野外4	不重複：支線其他（對話、跑腿）	0	否	52	54	0	0	513						513	0	Mission513Start											40145	討逆關勝	1024	鷹城野外4	40144	1280 0 134	昏倒的士兵	1024	鷹城野外4	8000513	8000513	3200141			8010513	8021498	8021499		8021500	32553	42861	對話	3751	22787																						30	0	0				320
	514	9300	2000514	1005	昏迷不醒	33	4	鷹城野外4	不重複：支線其他（對話、跑腿）	0	否	52	54	0	0	514						514	0	Mission514Start											40144	昏倒的士兵	1024	鷹城野外4	40145	2450 -0 614	討逆關勝	1024	鷹城野外4	8000514	8000514	3200142			8010514	8021501	8021502		8021503	32553	42861	對話	3751	22787																						30	0	0				321
	515	9300	2000515	1005	求助滬三娘	33	5	鷹城野外4	不重複：支線其他（對話、跑腿）	0	否	52	54	0	0	515						515	0	Mission515Start											40145	討逆關勝	1024	鷹城野外4	40146	4600 0 1062	討逆滬三娘	1024	鷹城野外4	8000515	8000515	3200143			8010515	8021504	8021505		8021506	32553	42861	對話	3751	22787																						30	0	0				322
	516	9300	2000516	1005	黑暗藥劑	33	6	鷹城野外4	不重複：支線	0	否	53	55	0	0	516						516	0		Mission516End										40146	討逆滬三娘	1024	鷹城野外4	40146	4600 0 1062	討逆滬三娘	1024	鷹城野外4	8000516	8000516	8040003	1024	4944 0 1742	8010516	8021507	8021508		8021509	212500	741100	打怪	77378	148750		2	30003	5	5000	30009	5	5000	30022	1	5000	30023	1	5000	30027	1	5000					600	"8,500"	50				323
	517	9300	2000517	1005	救醒士兵	33	7	鷹城野外4	不重複：支線其他（對話、跑腿）	0	否	53	55	0	0	517						517	0		Mission517End		20047	1							40146	討逆滬三娘	1024	鷹城野外4	40144	1280 0 134	昏倒的士兵	1024	鷹城野外4	8000517	8000517	3200141			8010517	8021510	8021511	8021731	8021512	34116	44910	對話	3869	23881																						30	0	1				324
	518	9300	2000518	1005	重要情報	33	8	鷹城野外4	不重複：支線其他（對話、跑腿）	0	否	53	55	0	0	518						518	0	Mission518Start											40144	昏倒的士兵	1024	鷹城野外4	40145	2450 -0 614	討逆關勝	1024	鷹城野外4	8000518	8000518	3200142			8010518	8021513	8021514		8021515	34116	44910	對話	3869	23881																						30	0	0				325
	519	9300	2000519	1005	熄滅燈籠	33	9	鷹城野外4	不重複：支線	1	否	54	56	0	0	519						519	0												40145	討逆關勝	1024	鷹城野外4	40145	2450 -0 614	討逆關勝	1024	鷹城野外4	8000519	8000519	3300129	1024	3788 150 2672	8010519	8021516	8021517		8021518	268920	974960	打怪	86057	188244		2	30003	5	5000	30009	5	5000	30022	1	5000	30023	1	5000	30027	1	5000					600	"13,446"	40				326
	520	9300	2000520	1005	黑暗王	33	10	鷹城野外4	不重複：支線	1	否	54	56	0	0	520						520	0												40145	討逆關勝	1024	鷹城野外4	40145	2450 -0 614	討逆關勝	1024	鷹城野外4	8000520	8000520	3300130	1024	4952 300 4035	8010520	8021519	8021520		8021521	36808	612190	打王	64542	25766		1	30003	30	10000	30024	1	10000	30025	1	10000	30024	3	10000	30025	3	10000					450	"73,616"	1				327
	521	9300	2000521	1001	對抗黑暗軍團	0	0	鷹城野外4	重複：殺怪數	0	是	53	55	0	1	521						521	0												40145	討逆關勝	1024	鷹城野外4	40145	2450 -0 614	討逆關勝	1024	鷹城野外4	8000521	8000521	8040003	1024	716 0 1797	8010521	8021522	8021523		8021524	127500	185275	重複	45138	38250		1	30103	950	10000																	700	"8,500"	50				328
	523	9300	2000523	1005	幫貓王解圍	27	1	貓城野外3	不重複：支線	1	否	49	49	0	0	523						523	0												40141	貓王	1021	貓城野外3	40141	750 -6 911	貓王	1021	貓城野外3	8000523	8000523	3300111	1021	563 0 743	8010523	8021528	8021529		8021530	102390	353340	打怪	44437	71673		2	30003	5	5000	30009	5	5000	30022	1	5000	30023	1	5000	30027	1	5000					450	"6,826"	30				329
	524	9300	2000524	1005	為什麼攻擊狗狗?	27	2	貓城野外3	不重複：支線其他（對話、跑腿）	0	否	49	49	0	0	524						524	0	Mission524Start											40141	貓王	1021	貓城野外3	40141	751 -6 911	貓王	1021	貓城野外3	8000524	8000524	3200135			8010524	8021531			8021533	27097	35645	對話	2962	18968																						30	0	0				330
	525	9300	2000525	1005	去找狗王協助	27	3	貓城野外3	不重複：支線其他（對話、跑腿）	0	否	49	49	0	0	525						525	0	Mission525Start											40141	貓王	1021	貓城野外3	40138	3295 -150 1197	狗王	1021	貓城野外3	8000525	8000525	3200136			8010525	8021534	8021535		8021536	27097	35645	對話	2962	18968																						30	0	0				331
	526	9300	2000526	1005	狗王幫幫忙	27	4	貓城野外3	不重複：支線	1	否	49	49	0	0	526						526	0												40138	狗王	1021	貓城野外3	40138	3295 -150 1197	狗王	1021	貓城野外3	8000526	8000526	3300112	1021	3725 -150 1020	8010526	8021537	8021538		8021539	102390	353340	打怪	59250	71673		2	30003	5	5000	30009	5	5000	30022	1	5000	30023	1	5000	30027	1	5000					600	"6,826"	30				332
	527	9300	2000527	1005	貓王的請求	27	5	貓城野外3	不重複：支線其他（對話、跑腿）	0	否	49	49	0	0	527						527	0	Mission527Start											40138	狗王	1021	貓城野外3	40138	3295 -150 1197	狗王	1021	貓城野外3	8000527	8000527	3200136			8010527	8021540			8021542	27097	35645	對話	2962	18968																						30	0	0				333
	528	9300	2000528	1005	北鼻熊的安全	27	6	貓城野外3	不重複：支線其他（對話、跑腿）	0	否	49	49	0	0	528						528	0	Mission528Start											40138	狗王	1021	貓城野外3	40139	2528 -0 2007	北鼻熊	1021	貓城野外3	8000528	8000528	3200137			8010528	8021543	8021544		8021545	27097	35645	對話	2962	18968																						30	0	0				334
	529	9300	2000529	1005	獵人好恐怖	27	7	貓城野外3	不重複：支線	1	否	50	50	0	0	529						529	0												40139	北鼻熊	1021	貓城野外3	40139	2529 -0 2007	北鼻熊	1021	貓城野外3	8000529	8000529	3300113	1021	1481 0 2574	8010529	8021546	8021547		8021548	110490	385020	打怪	51052	77343		2	30003	5	5000	30009	5	5000	30022	1	5000	30023	1	5000	30027	1	5000					500	"7,366"	30				335
	530	9300	2000530	1005	射手好恐怖	27	8	貓城野外3	不重複：支線	1	否	51	51	0	0	530						530	0												40139	北鼻熊	1021	貓城野外3	40139	2530 -0 2007	北鼻熊	1021	貓城野外3	8000530	8000530	3300114	1021	4318 0 2088	8010530	8021549	8021550		8021551	108360	398100	打怪	51202	75852		2	30003	5	5000	30009	5	5000	30022	1	5000	30023	1	5000	30027	1	5000					450	"7,224"	30				336
	533	9300	2000533	1005	調查落雷極地	29	1	貓城野外3	不重複：支線其他（對話、跑腿）	0	否	50	50	0	0	533						533	0												40147	氣候調查員	1021	貓城野外3	40147	1438 0 680	氣候調查員	1021	貓城野外3	8000533	8000533	8040012			8010533	8021558	8021559		8021560	28554	225403	跑腿	18379	19988		1	30003	1	10000	30009	1	10000	30022	1	10000	30023	1	10000	30029	1	10000					180	0	0				337
	534	9300	2000534	1005	蒐集植物樣本	29	2	貓城野外3	不重複：支線其他（對話、跑腿）	1	否	50	50	0	0	534						534	0		Mission534End										40147	氣候調查員	1021	貓城野外3	40147	1438 0 680	氣候調查員	1021	貓城野外3	8000534	8000534	3100035	1021	2115 -150 496	8010534	8021561	8021562		8021563	28554	375671	跑腿	30631	19988		1	30003	1	1000	30009	1	1000	30022	1	1000	30023	1	1000	30029	1	1000					300	0	10				338
	535	9300	2000535	1005	傳達訊息給專員	29	3	貓城野外3	不重複：支線其他（對話、跑腿）	0	否	50	50	0	0	535						535	0	Mission535Start											40147	氣候調查員	1021	貓城野外3	40148	451 0 922	卡到陰專員	1022	貓城野外4	8000535	8000535	3200145			8010535	8021564	8021565		8021566	28554	37567	對話	3063	19988																						30	0	0				339
	536	9300	2000536	1005	調查孤寂雪原	29	4	貓城野外4	不重複：支線其他（對話、跑腿）	0	否	50	50	0	0	536						536	0												40148	卡到陰專員	1022	貓城野外4	40148	451 0 922	卡到陰專員	1022	貓城野外4	8000536	8000536	8040012			8010536	8021567	8021568		8021569	28554	225403	跑腿	18379	19988		1	1568	1	10000	1569	1	10000	1570	1	10000	1571	1	10000	30029	1	10000					180	0	0				340
	537	9300	2000537	1005	蒐集植物樣本	29	5	貓城野外4	不重複：支線其他（對話、跑腿）	0	否	50	50	0	0	537						537	0		Mission537End										40148	卡到陰專員	1022	貓城野外4	40148	451 0 922	卡到陰專員	1022	貓城野外4	8000537	8000537	3100036	1022	7558 0 1945	8010537	8021570	8021571		8021572	28554	626119	打怪	51052	19988		2	30003	5	5000	30009	5	5000	30022	1	5000	30023	1	5000	30027	1	5000					500	0	100				341
	538	9300	2000538	1005	溫室效應	29	6	貓城野外4	不重複：支線其他（對話、跑腿）	0	否	50	50	0	0	538						538	0	Mission538Start											40148	卡到陰專員	1022	貓城野外4	40148	451 0 922	卡到陰專員	1022	貓城野外4	8000538	8000538	3200145			8010538	8021573			8021575	28554	37567	對話	3063	19988																						30	0	0				342
	541	9300	2000541	1005	燈籠的請求	7	1	兔城野外4	不重複：支線其他（對話、跑腿）	0	否	15	15	0	0	541						541	0	Mission541Start											40076	仲夏夜	1014	螢火平原	40079	9568 0 -629	燈籠	1014	螢火平原	8000541	8000541	3200077			8010541	8021582	8021583		8021584	6392	4167	對話	604	4474																						30	0	0				343
	542	9300	2000542	1005	不懂燈籠說的話	7	2	兔城野外4	不重複：支線其他（對話、跑腿）	0	否	15	15	0	0	542						542	0	Mission542Start											40076	仲夏夜	1014	螢火平原	40088	133 0 411	神秘的男孩	1014	螢火平原	8000542	8000542	3200085			8010542	8021585	8021586		8021587	6392	8334	對話	1207	4474																						60	0	0				344
	543	9300	2000543	1005	翻譯燈籠說的話	7	3	兔城野外4	不重複：支線其他（對話、跑腿）	0	否	15	15	0	0	543						543	0	Mission543Start											40088	神秘的男孩	1014	螢火平原	40076	9508 -0 -642	仲夏夜	1014	螢火平原	8000543	8000543	3200074			8010543	8021588	8021589		8021590	6392	4167	對話	604	4474																						30	0	0				345
	544	9300	2000544	1005	燈籠的能量	7	4	兔城野外4	不重複：支線其他（對話、跑腿）	0	否	15	15	0	0	544						544	0												40076	仲夏夜	1014	螢火平原	40079	9568 0 -629	燈籠	1014	螢火平原	8000544	8000544	8040017			8010544	8021591	8021592	8021592	8021593	6392	20834	跑腿	3018	4474		1	30001	3	1000	30007	3	1000	30022	1	1000	30023	1	1000	30029	1	1000					150	0	0				346
	545	9300	2000545	1001	燈籠的食物	0	0	兔城野外4	重複：殺怪數	1	是	15	16	0	1	545						545	0												40079	燈籠	1014	螢火平原	40079	9568 0 -629	燈籠	1014	螢火平原	8000545	8000545	3300070	1014	9159 0 -1065	8010545	8021594	8021595		8021596	1926	3815	重複	1790	578		1	30101	900	10000																	150	642	10				347
	546	9300	2000546	1001	吵鬧的萬兔水	0	0	兔城野外4	重複：殺怪數	1	是	16	17	0	1	546						546	0												40076	仲夏夜	1014	螢火平原	40076	9508 -0 -642	仲夏夜	1014	螢火平原	8000546	8000546	3300071	1014	7515 0 -860	8010546	8021597	8021598		8021599	3159	3053	重複	2332	948		1	30101	1200	10000																	180	702	15				348
	549	9300	2000549	1005	惡名昭彰的斑馬兄弟	7	5	兔城野外4	不重複：支線其他（對話、跑腿）	0	否	1	16	0	0	549						549	0	Mission549Start											40076	仲夏夜	1014	螢火平原	40076	9508 -0 -642	仲夏夜	1014	螢火平原	8000549	8000549	3200074			8010549	8021606			8021608	7049	1514	對話	239	4934																						10	0	0				349
	550	9300	2000550	1005	斑馬兄弟的惡作劇	7	6	兔城野外4	不重複：支線其他（對話、跑腿）	0	否	1	16	0	0	550						550	0												40076	仲夏夜	1014	螢火平原	40076	9508 -0 -642	仲夏夜	1014	螢火平原	8000550	8000550	8040018			8010550	8021609	8021610		8021611	7049	45413	跑腿	7160	4934		1	30001	3	1000	30007	3	1000	30022	1	1000	30023	1	1000	30029	1	1000					300	0	0				350
	564	9300	2000564	1005	遞送文具	20	5	駱駝野外1	不重複：支線其他（對話、跑腿）	0	否	34	34	0	0	564						564	0	Mission564Start	Mission564End		20018	1	20019	1	20020	1			40057	寫生駱駝	1007	駱駝城野外1	40056	516 0 324	製圖兵	1007	駱駝城野外1	8000564	8000564	3200054			8010564	8021659	8021660		8021661	13645	17891	對話	1331	9552																						30	0	0				351
	565	9300	2000565	1005	修行方法	22	4	駱駝野外2	不重複：支線其他（對話、跑腿）	0	否	38	38	0	0	565						565	0	Mission565Start											40066	行腳和尚	1008	駱駝城野外2	40060	1548 -6 135	倒立村民	1008	駱駝城野外2	8000565	8000565	3200058			8010565	8021662	8021663		8021664	16899	22189	對話	1702	11829																						30	0	0				352
	566	9300	2000566	1005	砲兵已被安全釋放	16	5	彪城野外1	不重複：支線其他（對話、跑腿）	0	否	36	36	0	0	566						566	0	Mission566Start											40052	葫蘆砲車1號	1005	彪城野外1	40049	810 -1 247	梁山砲兵	1005	彪城野外1	8000566	8000566	3200047			8010566	8021665	8021666		8021667	15471	20301	對話	1567	10830																						30	0	0				353
	568	9300	2000568	1008	升級龜砲車第一回	35	1	英雄城1	不重複：支線其他（對話、跑腿）	0	否	20	20	0	0	568						568	0	Mission568Start	Mission568End										40149	龜大郎	3	英雄城1	40149	3658 0 1632	龜大郎	3	英雄城1	8000702	8000702	8040002			8010568	8021671	8021672		8021673	10777	7011	跑腿	0	7544		2	4002	1	10000	30002	1	5000	30023	1	5000	30027	1	5000	30029	1	5000					30	0	0				354
	569	9300	2000569	1008	升級龜砲車第二回	35	2	英雄城2	不重複：支線	1	否	30	30	0	0	569						569	0		Mission569End										40149	龜大郎	3	英雄城1	40149	3658 0 1632	龜大郎	3	英雄城1	8000705	8000705	3300015	1004	2436 99 3355	8010569	8021674	8021675		8021676	9940	87794	打怪	0	6958		2	4003	1	10000	30002	1	5000	30025	1	5000	30027	1	5000	30029	1	5000					180	"1,988"	10				355
	570	9300	2000570	1008	升級龜砲車第三回	35	3	英雄城3	不重複：支線其他（對話、跑腿）	0	否	40	40	0	0	570						570	0		Mission570End		20056	1	20057	1	20058	1	20059	1	40149	龜大郎	2001	英雄城2	40149	3800 0 270	龜大郎	2001	英雄城2	8000708	8000708	8040020			8010570	8021677	8021678		8021679	18896	148852	特殊	0	13227		2	4004	1	10000	30003	1	5000	30022	1	5000	30023	1	5000	30029	1	5000					180	0	0				356
	571	9300	2000571	1008	升級龜砲車最終回	35	4	英雄城4	不重複：支線其他（對話、跑腿）	0	否	50	50	0	0	571						571	0		Mission571End										40149	龜大郎	2002	英雄城3	40149	580 0 130	龜大郎	2002	英雄城3	8000711	8000711	8040038			8010571	8021680	8021681		8021682	28554	37567	跑腿	0	19988		3	4005	1	10000	4006	1	10000	30022	1	5000	30023	1	5000	30029	1	5000					30	0	0				357
#隊伍任務(重複)																																																																																						358
	579	9300	2000578	1001	[隊伍]巴巴的訓練	0	0	象城野外1	重複：殺怪數	1	是	23	30	0	1	579						579	0												40036	小象兵	1003	象城野外1	40036	2903 150 1807	小象兵	1003	象城野外1	8000578	8000578	3300013	1003	4548 0 1901	8010579	8020735	8020736		8020737	35100	41700	隊伍	3068	10530		1	30102	400	10000																	180	"2,340"	50				359
	580	9300	2000579	1001	[隊伍]大象恐懼症	0	0	象城野外1	重複：殺怪數	1	是	22	23	0	1	580						580	0												40038	膽小的士兵	1003	象城野外1	40038	4029 -0 1109	膽小的士兵	1003	象城野外1	8000579	8000579	3300011	1003	3866 0 171	8010580	8020753	8020754		8020755	32970	39025	隊伍	2963	9891		1	30102	300	10000																	180	"2,198"	50				360
	581	9300	2000580	1001	[隊伍]黃金蛋蛋雞	0	0	象城野外1	重複：殺怪數	1	是	20	20	0	1	581						581	0												40039	杜子厄	1003	象城野外1	40039	853 0 658	杜子厄	1003	象城野外1	8000580	8000580	3300010	1003	1316 0 -183	8010581	8020756	8020757		8020758	23700	31475	隊伍	2927	7110		1	30102	300	10000																	180	"1,580"	50				361
	582	9300	2000581	1001	[隊伍]排除萬難	0	0	象城野外2	重複：殺怪數	1	是	25	27	0	1	582						582	0												40044	山總	1004	象城野外2	40044	2684 99 4002	山總	1004	象城野外2	8000581	8000581	3300015	1004	2436 99 3355	8010582	8020720	8020721		8020722	29820	46475	隊伍	3088	8946		1	30102	400	10000																	180	"1,988"	50				362
	583	9300	2000582	1001	[隊伍]好朋友	0	0	象城野外2	重複：殺怪數	1	是	26	25	0	1	583						583	0												40047	三寶	1004	象城野外2	40047	7301 -0 266	三寶	1004	象城野外2	8000582	8000582	3300016	1004	7273 0 664	8010583	8020777	8020778		8020779	43890	53250	隊伍	2896	13167		1	30102	300	10000																	180	"2,926"	50				363
	584	9300	2000583	1001	[隊伍]獲取大象的信賴	0	0	象城野外2	重複：殺怪數	1	是	24	25	0	1	584						584	0												40043	看笛象	1004	象城野外2	40043	10113 -0 694	看笛象	1004	象城野外2	8000583	8000583	3300014	1004	1667 0 367	8010584	8021791	8021792		8021793	32610	42925	隊伍	2896	9783		1	30102	300	10000																	180	"2,174"	50				364
	585	9300	2000584	1001	[隊伍]給大寶的玩具	0	0	象城野外2	重複：殺怪數	1	是	27	28	0	1	585						585	0		Mission585End										40043	看笛象	1004	象城野外2	40043	10113 -0 694	看笛象	1004	象城野外2	8000584	8000584	3300017	1004	5403 100 3360	8010585	8021794	8021795		8021796	46365	56400	隊伍	3074	13910		1	30102	400	10000																	180	"3,091"	50				365
	586	9300	2000585	1001	[隊伍]收集西瓜	0	0	象城野外3	重複：殺怪數	1	是	30	31	0	1	586						586	0		Mission586End										40080	胖胖	1015	署光之城	40080	1300 166 1750	胖胖	1015	署光之城	8000585	8000585	3300078	1015	4652 0 2024	8010586	8021163	8021164		8021165	39840	61300	隊伍	3476	11952		1	30102	400	10000																	180	"2,656"	50				366
	587	9300	2000586	1001	[隊伍]象族體能訓練	0	0	象城野外4	重複：殺怪數	1	是	33	34	0	1	587						587	0												40085	勇士盾象	1016	螢火密林	40085	5850 100 2100	勇士盾象	1016	螢火密林	8000586	8000586	3300082	1016	6500 100 2500	8010587	8021115	8021116		8021117	64800	82900	隊伍	3992	19440		1	30102	400	10000																	180	"4,320"	50				367
	588	9300	2000587	1001	[隊伍]對抗勢力	0	0	象城野外4	重複：殺怪數	1	是	33	34	0	1	588						588	0												40085	勇士盾象	1016	螢火密林	40085	5850 100 2100	勇士盾象	1016	螢火密林	8000587	8000587	3300083	1016	5100 100 3300	8010588	8021118	8021119		8021120	70305	89625	隊伍	3992	21092		1	30102	400	10000																	180	"4,687"	50				368
	589	9300	2000588	1001	[隊伍]維護環境整潔	0	0	彪城野外1	重複：殺怪數	1	是	35	35	0	1	589						589	0												40050	阮小七	1005	彪城野外1	40050	6907 0 358	阮小七	1005	彪城野外1	8000588	8000588	3300020	1005	1015 151 1591	8010589	8020840	8020841		8020842	44370	80775	隊伍	4173	13311		1	30102	500	10000																	180	"2,958"	50				369
	590	9300	2000589	1001	[隊伍]小虎隊徵召新兵	0	0	彪城野外1	重複：殺怪數	1	是	36	36	0	1	590						590	0												40050	阮小七	1005	彪城野外1	40050	6907 0 358	阮小七	1005	彪城野外1	8000589	8000589	3300025	1005	5612 51 696	8010590	8020843	8020844		8020845	59880	82925	隊伍	4702	17964		1	30102	500	10000																	180	"3,992"	50				370
	591	9300	2000590	1001	[隊伍]小虎隊徵召菁英	0	0	彪城野外1	重複：殺怪數	1	是	37	37	0	1	591						591	0												40050	阮小七	1005	彪城野外1	40050	6907 0 358	阮小七	1005	彪城野外1	8000590	8000590	3300022	1005	7984 0 530	8010591	8020846	8020847		8020848	62610	86725	隊伍	4901	18783		1	30102	500	10000																	180	"4,174"	50				371
	592	9300	2000591	1001	[隊伍]心花怒放	0	0	彪城野外2	重複：殺怪數	1	是	37	37	0	1	592						592	0												40054	戀愛的士兵	1006	彪城野外2	40054	422 -1 156	戀愛的士兵	1006	彪城野外2	8000591	8000591	3300024	1006	837 0 -798	8010592	8020702	8020703		8020704	62610	86725	隊伍	4901	18783		1	30102	500	10000																	180	"4,174"	50				372
	593	9300	2000592	1001	[隊伍]打擊惡霸第一回	0	0	彪城野外3	重複：殺怪數	1	是	40	40	0	1	593						593	0												40127	彪城村長	1017	彪城野外3	40127	749 -2 480	彪城村長	1017	彪城野外3	8000592	8000592	3300091	1017	2026 -101 -109	8010593	8021287	8021288		8021289	73140	103775	隊伍	5534	21942		1	30103	150	10000																	180	"4,876"	50				373
	594	9300	2000593	1001	[隊伍]打擊惡霸第二回	0	0	彪城野外3	重複：殺怪數	1	是	41	41	0	1	594						594	0												40127	彪城村長	1017	彪城野外3	40127	749 -2 480	彪城村長	1017	彪城野外3	8000593	8000593	3300092	1017	4392 -3 -1172	8010594	8021290	8021291		8021292	75180	108075	隊伍	6206	22554		1	30103	150	10000																	180	"5,012"	50				374
	595	9300	2000594	1001	[隊伍]打擊惡霸第三回	0	0	彪城野外3	重複：殺怪數	1	是	42	42	0	1	595						595	0												40127	彪城村長	1017	彪城野外3	40127	749 -2 480	彪城村長	1017	彪城野外3	8000594	8000594	3300093	1017	7928 -3 663	8010595	8021293	8021294		8021295	79590	113075	隊伍	6442	23877		1	30103	150	10000																	180	"5,306"	50				375
	596	9300	2000595	1001	[隊伍]收集正極能源	0	0	彪城野外4	重複：撿物品	1	是	44	44	0	1	596						596	0		Mission450End										40129	王老五	1018	彪城野外4	40129	300 5 138	王老五	1018	彪城野外4	8000595	8000595	3300097	1018	4843 0 -128	8010596	8021311	8021312		8021313	84480	121625	隊伍	6931	25344		1	30103	150	10000																	180	"5,632"	50				376
	597	9300	2000596	1001	[隊伍]收集負極能源	0	0	彪城野外4	重複：撿物品	1	是	44	44	0	1	597						597	0		Mission451End										40129	王老五	1018	彪城野外4	40129	300 5 138	王老五	1018	彪城野外4	8000596	8000596	3300098	1018	7874 1 389	8010597	8021314	8021315		8021316	84480	121625	隊伍	6931	25344		1	30103	150	10000																	180	"5,632"	50				377
	598	9300	2000597	1001	[隊伍]被奪走的畫筆	0	0	駱駝野外1	重複：殺怪數	1	是	34	37	0	1	598						598	0												40057	寫生駱駝	1007	駱駝野外1	40057	2393 0 3335	寫生駱駝	1007	駱駝野外1	8000597	8000597	3300029	1007	7343 -0 592	8010598	8020862	8020863		8020864	62610	86725	隊伍	4901	18783		1	30103	100	10000																	180	"4,174"	50				378
	599	9300	2000598	1001	[隊伍]力量的追尋者	0	0	駱駝野外2	重複：殺怪數	1	是	39	41	0	1	599						599	0												40060	倒立村民	1008	駱駝城野外2	40060	1550 -6 135	倒立村民	1008	駱駝城野外2	8000598	8000598	3300032	1008	6403 -0 -217	8010599	8020890	8020891		8020892	142020	186075	隊伍	6206	42606		1	30103	150	10000																	180	"9,468"	50				379
	600	9300	2000599	1001	[隊伍]打倒惡劣盜匪	0	0	駱駝野外3	重複：殺怪數	1	是	42	44	0	1	600						600	0		Mission600End										40132	領隊滬三娘	1019	駱駝城野外3	40132	5267 0 1931	領隊滬三娘	1019	駱駝城野外3	8000599	8000599	3300103	1019	6100 0 0	8010600	8021374	8021375		8021376	100500	128600	隊伍	6931	30150		1	30103	150	10000																	180	"6,700"	50				380
	601	9300	2000600	1001	[隊伍]持續救助	0	0	駱駝野外4	重複：殺怪數	1	是	42	44	0	1	601						601	0												40133	倒立大師	1020	駱駝城野外4	40133	415 0 890	倒立大師	1020	駱駝城野外4	8000600	8000600	3300106	1020	100 0 500	8010601	8021418	8021419		8021420	84480	118775	隊伍	6931	25344		1	30103	150	10000																	180	"5,632"	50				381
	602	9300	2000601	1001	[隊伍]協助製作解毒劑	0	0	駱駝野外4	重複：殺怪數	1	是	43	45	0	1	602						602	0												40134	蠍毒專家	1020	駱駝城野外4	40134	2485 -0 2144	蠍毒專家	1020	駱駝城野外4	8000601	8000601	3300108	1020	1953 0 3447	8010602	8021421	8021422		8021423	89880	128775	隊伍	7184	26964		1	30103	150	10000																	180	"5,992"	50				382
	603	9300	2000602	1001	[隊伍]破壞鷹族資源	0	0	鷹城野外1	重複：殺怪數	1	是	45	46	0	1	603						603	0												40062	蝴蝶	1011	鷹城野外1	40062	5477 99 1737	蝴蝶	1011	鷹城野外1	8000602	8000602	3300060	1011	2400 100 2693	8010603	8020908	8020909		8020910	95430	135625	隊伍	8032	28629		1	30103	200	10000																	180	"6,362"	50				383
	604	9300	2000603	1001	[隊伍]禿頭祖傳配方	0	0	鷹城野外2	重複：殺怪數	1	是	48	50	0	1	604						604	0		Mission604End										40065	史雲健	1012	鷹城野外2	40065	8163 0 1378	史雲健	1012	鷹城野外2	8000603	8000603	3300039	1012	6919 0 497	8010604	8020938	8020939		8020940	102390	145575	隊伍	9190	30717		1	30103	200	10000																	180	"6,826"	50				384
	605	9300	2000604	1001	[隊伍]禿頭獨家配方	0	0	鷹城野外2	重複：殺怪數	1	是	49	51	0	1	605						605	0		Mission605End										40065	史雲健	1012	鷹城野外2	40065	8163 0 1378	史雲健	1012	鷹城野外2	8000604	8000604	3300040	1012	8398 150 3492	8010605	8020941	8020942		8020943	168255	238825	隊伍	10241	50477		1	30103	250	10000																	180	"11,217"	50				385
	606	9300	2000605	1001	[隊伍]訓練桃子鸚鵡	0	0	鷹城野外3	重複：殺怪數	1	是	50	52	0	1	606						606	0												40142	鸚鵡訓練官	1023	鷹城野外3	40142	1748 -0 1409	鸚鵡訓練官	1023	鷹城野外3	8000605	8000605	3300121	1023	1539 0 597	8010606	8021483	8021484		8021485	114210	164025	隊伍	10570	34263		1	30103	250	10000																	180	"7,614"	50				386
	607	9300	2000606	1001	[隊伍]掃蕩間諜	0	0	鷹城野外3	重複：殺怪數	1	是	50	52	0	1	607						607	0												40142	鸚鵡訓練官	1023	鷹城野外3	40142	1748 -0 1409	鸚鵡訓練官	1023	鷹城野外3	8000606	8000606	3300122	1023	690 99 2405	8010607	8021486	8021487		8021488	117930	169475	隊伍	10570	35379		1	30103	250	10000																	180	"7,862"	50				387
	608	9300	2000607	1001	[隊伍]打倒偽裝鸚鵡	0	0	鷹城野外3	重複：殺怪數	1	是	52	54	0	1	608						608	0												40142	鸚鵡訓練官	1023	鷹城野外3	40142	1748 -0 1409	鸚鵡訓練官	1023	鷹城野外3	8000607	8000607	3300124	1023	5080 99 1391	8010608	8021489	8021490		8021491	192060	275125	隊伍	11253	57618		1	30103	250	10000																	180	"12,804"	50				388
	609	9300	2000608	1001	[隊伍]熄燈行動	0	0	鷹城野外4	重複：殺怪數	1	是	54	56	0	1	609						609	0												40145	討逆關勝	1024	鷹城野外4	40145	2450 -0 614	討逆關勝	1024	鷹城野外4	8000608	8000608	3300129	1024	3788 150 2672	8010609	8021525	8021526		8021527	201690	298450	隊伍	12909	60507		1	30103	300	10000																	180	"13,446"	50				389
	610	9300	2000609	1001	[隊伍]改善身體健康	0	0	貓城野外1	重複：殺怪數	1	是	46	46	0	1	610						610	0												40069	快樂貓	1009	貓城野外1	40069	297 0 229	快樂貓	1009	貓城野外1	8000609	8000609	3300036	1009	2856 200 3401	8010610	8020971	8020972		8020973	92040	133575	隊伍	8032	27612		1	30103	200	10000																	180	"6,136"	50				390
	611	9300	2000610	1001	[隊伍]改善憂鬱現況	0	0	貓城野外1	重複：殺怪數	1	是	46	46	0	1	611						611	0												40069	快樂貓	1009	貓城野外1	40069	297 0 229	快樂貓	1009	貓城野外1	8000610	8000610	3300045	1009	5300 -150 860	8010611	8020974	8020975		8020976	92040	130775	隊伍	8032	27612		1	30103	200	10000																	180	"6,136"	50				391
	612	9300	2000611	1001	[隊伍]空虛、寂寞、還有點冷	0	0	貓城野外2	重複：殺怪數	1	是	47	47	0	1	612						612	0												40072	雪女	1010	貓城野外2	40072	7178 0 773	雪女	1010	貓城野外2	8000611	8000611	3300059	1010	2987 -99 2409	8010612	8020986	8020987		8020988	95430	135625	隊伍	8311	28629		1	30103	200	10000																	180	"6,362"	50				392
	613	9300	2000612	1001	[隊伍]打擊獵人拯救白熊	0	0	貓城野外3	重複：殺怪數	1	是	50	50	0	1	613						613	0												40139	北鼻熊	1021	貓城野外3	40139	2531 -0 2007	北鼻熊	1021	貓城野外3	8000612	8000612	3300113	1021	1481 0 2574	8010613	8021552	8021553		8021554	110490	162125	隊伍	9190	33147		1	30103	200	10000																	180	"7,366"	50				393
	614	9300	2000613	1001	[隊伍]打擊射手拯救白熊	0	0	貓城野外3	重複：殺怪數	1	是	51	51	0	1	614						614	0												40139	北鼻熊	1021	貓城野外3	40139	2532 -0 2007	北鼻熊	1021	貓城野外3	8000613	8000613	3300114	1021	4318 0 2088	8010614	8021555	8021556		8021557	108360	167625	隊伍	10241	32508		1	30103	250	10000																	180	"7,224"	50				394
	615	9300	2000614	1001	[隊伍]雪橇犬需求	0	0	貓城野外4	重複：殺怪數	1	是	53	53	0	1	615						615	0												40070	愛死寂寞人	1022	貓城野外4	40070	3664 -0 230	愛死寂寞人	1022	貓城野外4	8000614	8000614	3300118	1022	6030 0 199	8010615	8021433	8021434		8021435	90615	168875	隊伍	10907	27185		1	30103	250	10000																	180	"6,041"	50				395
	616	9300	2000615	1001	[隊伍]雪女不理人	0	0	貓城野外4	重複：殺怪數	1	是	54	54	0	1	616						616	0												40070	愛死寂寞人	1022	貓城野外4	40072	6358 0 1952	雪女	1022	貓城野外4	8000615	8000615	3300119	1022	4292 99 1743	8010616	8021442	8021443	8021443	8021444	194985	281950	隊伍	11253	58496		1	30103	250	10000																	180	"12,999"	50				396
	662	9300	2000662	1005	找回偽裝眼鏡	16	4	彪城野外1	不重複：支線	1	否	36	35	0	0	662						662	0		Mission662End										40051	彪仔	1005	彪城野外1	40051	3658 0 116	彪仔	1005	彪城野外1	8000662	8000662	3300023	1005	2116 -99 -302	8010662	8020684	8020685		8020686	17060	63420	打怪	12054	11942		2	30002	5	5000	30008	5	5000	30022	1	5000	30023	1	5000	30027	1	5000					260	"3,412"	10				397
	663	9300	2000663	1005	失蹤的小彪仔	17	1	彪城野外2	不重複：支線其他（對話、跑腿）	0	否	37	37	0	0	663						663	0	Mission663Start											40055	彪城村民	1006	彪城野外2	40053	4012 -1 156	小彪仔	1006	彪城野外2	8000663	8000663	3200051			8010663	8020687	8020688		8020689	16179	21235	對話	1634	11325																						30	0	0				398
	664	9300	2000664	1005	請帶我回家	17	2	彪城野外2	不重複：支線其他（對話、跑腿）	0	否	37	37	0	0	664						664	0	Mission664Start											40053	小彪仔	1006	彪城野外2	40055	809 -0 179	彪城村民	1006	彪城野外2	8000664	8000664	3200053			8010664	8020690	8020691		8020692	16179	21235	對話	1634	11325																						30	0	0				399
	665	9300	2000665	1005	彪族的由來	17	3	彪城野外2	不重複：支線其他（對話、跑腿）	0	否	37	37	0	0	665						665	0	Mission665Start											40055	彪城村民	1006	彪城野外2	40055	809 -0 179	彪城村民	1006	彪城野外2	8000665	8000665	3200053			8010665	8020693			8020695	16179	21235	對話	1634	11325																						30	0	0				400
	666	9300	2000666	1005	壞心眼的爸爸	17	4	彪城野外2	不重複：支線	1	否	38	38	0	0	666						666	0												40055	彪城村民	1006	彪城野外2	40055	809 -0 179	彪城村民	1006	彪城野外2	8000666	8000666	3300021	1006	4899 0 1783	8010666	8020696	8020697		8020698	65370	223500	打怪	13618	45759		2	30002	5	5000	30008	5	5000	30022	1	5000	30023	1	5000	30027	1	5000					240	"4,358"	30				401
	667	9300	2000667	1005	兇暴的媽媽	17	5	彪城野外2	不重複：支線	1	否	38	38	0	0	667						667	0												40055	彪城村民	1006	彪城野外2	40055	809 -0 179	彪城村民	1006	彪城野外2	8000667	8000667	3300026	1006	7790 0 390	8010667	8020699	8020700		8020701	65370	217500	打怪	15887	45759		2	30002	5	5000	30008	5	5000	30022	1	5000	30023	1	5000	30027	1	5000					280	"4,358"	30				402
	669	9300	2000669	1005	偵查情報第一回	30	1	鷹城野外1	不重複：支線其他（對話、跑腿）	0	否	45	47	0	0	669						669	0	Mission669Start											40061	駱駝偵察兵	1011	鷹城野外1	40061	513 -0 167	駱駝偵察兵	1011	鷹城野外1	8000669	8000669	3200060			8010669	8020899			8020901	25249	33206	對話	2770	17674																						30	0	0				403
	670	9300	2000670	1005	找到間諜	30	2	鷹城野外1	不重複：支線	1	否	45	47	0	0	670						670	0												40061	駱駝偵察兵	1011	鷹城野外1	40062	5476 99 1737	蝴蝶	1011	鷹城野外1	8000670	8000670	3300038	1011	2595 0 77	8010670	8020902	8020903	8020903	8020904	92040	313860	打怪	41553	64428		2	30003	5	5000	30009	5	5000	30022	1	5000	30023	1	5000	30027	1	5000					450	"6,136"	30				404
	671	9300	2000671	1005	偵查情報第二回	30	3	鷹城野外1	不重複：支線其他（對話、跑腿）	0	否	45	47	0	0	671						671	0	Mission671Start											40062	蝴蝶	1011	鷹城野外1	40062	5476 99 1737	蝴蝶	1011	鷹城野外1	8000671	8000671	3200061			8010671	8020905			8020907	25249	33206	對話	2770	17674																						30	0	0				405
	672	9300	2000672	1005	破壞鷹族資源	30	4	鷹城野外1	不重複：支線	1	否	45	46	0	0	672						672	0												40062	蝴蝶	1011	鷹城野外1	40062	5477 99 1737	蝴蝶	1011	鷹城野外1	8000672	8000672	3300060	1011	2400 100 2693	8010672	8020908	8020909		8020910	95430	325500	打怪	48189	66801		2	30003	5	5000	30009	5	5000	30022	1	5000	30023	1	5000	30027	1	5000					540	"6,362"	30				406
	673	9300	2000673	1005	偵查情報第三回	30	5	鷹城野外1	不重複：支線其他（對話、跑腿）	0	否	45	46	0	0	673						673	0	Mission673Start											40062	蝴蝶	1011	鷹城野外1	40062	5478 99 1737	蝴蝶	1011	鷹城野外1	8000673	8000673	3200061			8010673	8020911			8020913	24359	32021	對話	2677	17051																						30	0	0				407
	689	9300	2000689	1005	走失的小象	9	1	象城野外1	不重複：支線其他（對話、跑腿）	0	否	20	20	0	0	689	690					689	0	Mission689Start											40035	象城村民	1003	象城野外1	40035	154 0 225	象城村民	1003	象城野外1	8000689	8000689	3200031	1003	5883 150 892	8010689	8020747	8020748		8020749	10777	7011	對話(包任務)	975	7544		1	30002	3	9000	30008	1	3000	30022	1	1000	30023	1	1000	30029	1	3000					30	0	0				408
	690	9300	2000690	1005	發現小象！	9	2	象城野外1	不重複：支線其他（對話、跑腿）	0	否	20	20	0	0	690						690	0	Mission690Start	Mission690End										40037	小象寶貝	1003	象城野外1	40035	154 0 225	象城村民	1003	象城野外1	8000690	8000690	3200029			8010690	8020750	8020751		8020752	10777	7011	對話	975	7544																						30	0	0				409
	693	9300	2000693	1005	山總有詩詩	10	1	象城野外2	不重複：支線其他（對話、跑腿）	0	否	25	25	0	0	693						693	0	Mission693Start											40044	山總	1004	象城野外2	40040	10273 99 2951	詩詩	1004	象城野外2	8000693	8000693	3200034			8010693	8020759	8020760		8020761	10709	10508	對話	965	7496																						30	0	0				410
	694	9300	2000694	1005	詩詩有山總	10	2	象城野外2	不重複：支線其他（對話、跑腿）	0	否	25	25	0	0	694						694	0	Mission694Start											40040	詩詩	1004	象城野外2	40044	2684 99 4002	山總	1004	象城野外2	8000694	8000694	3200039			8010694	8020762	8020763		8020764	10709	10508	對話	965	7496																						30	0	0				411
	695	9300	2000695	1005	帶回大寶	11	1	象城野外2	不重複：支線其他（對話、跑腿）	0	否	26	26	0	0	695						695	0	Mission695Start											40042	孩子的媽	1004	象城野外2	40045	10222 -0 668	大寶	1004	象城野外2	8000695	8000695	3200040			8010695	8020765	8020766		8020767	10672	11152	對話	1036	7470																						30	0	0				412
	696	9300	2000696	1005	帶回二寶	11	2	象城野外2	不重複：支線其他（對話、跑腿）	0	否	26	26	0	0	696						696	0	Mission696Start											40045	大寶	1004	象城野外2	40046	7849 99 1451	二寶	1004	象城野外2	8000696	8000696	3200041			8010696	8020768	8020769		8020770	10672	11152	對話	1036	7470																						30	0	0				413
	697	9300	2000697	1005	帶回三寶	11	3	象城野外2	不重複：支線其他（對話、跑腿）	0	否	26	26	0	0	697						697	0	Mission697Start											40046	二寶	1004	象城野外2	40047	7301 -0 266	三寶	1004	象城野外2	8000697	8000697	3200042			8010697	8020771	8020772		8020773	10672	11152	對話	1036	7470																						30	0	0				414
	698	9300	2000698	1005	媽我回來了	11	4	象城野外2	不重複：支線其他（對話、跑腿）	0	否	26	26	0	0	698						698	0	Mission698Start											40047	三寶	1004	象城野外2	40042	10437 100 2410	孩子的媽	1004	象城野外2	8000698	8000698	3100018			8010698	8020774	8020775		8020776	10672	11152	結尾	1036	7470		1	30002	3	9000	30008	1	5000	30022	1	3000	30023	1	3000	30029	1	3000					30	0	0				415
#關卡																																																																																						416
	701	9300	2500001		出征！兔城平原戰(Lv1)	0	0	兔子城 1		X	是		1~5	0							4	701	0																					8050001	8050004																																									417
	702	9300	2500002		神祕迴旋林之戰	0	0	兔子城 3		X	是		12~15	0							5	702	0																					8050005	8050008																																									418
	703	9300	2500003		迷霧谷之戰	0	0	兔子城 1		X	是		13~16	0							6	703	0																					8050009	8050012																																									419
	704	9300	2500004		突破！兔王領域攻入戰	0	0	兔子城 3		X	是		17~21	0							7	704	0																					8050013	8050016																																									420
	705	9300	2500005		村長的求救	0	0	兔子城 2		X	是		5~8	0							8	705	0																					8050017	8050020																																									421
	706	9300	2500006		密林裡的大仙	0	0	兔子城 4		X	是		8~11	0							9	706	0																					8050021	8050024																																									422
	707	9300	2500007		迷霧的逆襲	0	0	兔子城 2		X	是		17~20	0							10	707	0																					8050025	8050028																																									423
	708	9300	2500008		兔城攻防會戰	0	0	兔子城 4		X	是		22~25	0							11	708	0																					8050029	8050032																																									424
	709	9300	2500009		Boss戰~決勝兔王要塞	0	0	兔子城 5		X	是		22~25	0							12	709	0																					8050033	8050036																																									425
	710	9300	2500010		酷熱谷的磨練	0	0	大象城 1		X	是		21~23	0							17	710	0																					8050053	8050056																																									426
	711	9300	2500011		泥漿山城戰	0	0	大象城 3		X	是		28~32	0							18	711	0																					8050057	8050060																																									427
	712	9300	2500012		神木密林追擊戰	0	0	大象城 1		X	是		25~27	0							19	712	0																					8050061	8050064																																									428
	713	9300	2500013		城外高原急襲戰	0	0	大象城 3		X	是		38~40	0							20	713	0																					8050065	8050068																																									429
	714	9300	2500014		城門內遊擊戰	0	0	大象城 2		X	是		38~42	0							21	714	0																					8050069	8050072																																									430
	715	9300	2500015		過5關斬6將之戰	0	0	大象城 4		X	是		40~43	0							22	715	0																					8050073	8050076																																									431
	716	9300	2500016		潛入戰	0	0	大象城 2		X	是		31~34	0							23	716	0																					8050077	8050080																																									432
	717	9300	2500017		風管房的坦克大戰	0	0	大象城 4		X	是		28~32	0							24	717	0																					8050081	8050084																																									433
	718	9300	2500018		收服象王戰	0	0	大象城 5		X	是		32	0							25	718	0																					8050085	8050088																																									434
	719	9300	2500019		生存遊戲	0	0	大象城 1		X	是		37~40	0							26	719	0																					8050089	8050092																																									435
	720	9300	2500020		100挑戰賽	0	0	大象城 2		X	是		39~42	0							27	720	0																					8050093	8050096																																									436
	721	9300	2500021		終點分開挑戰賽	0	0	大象城 3		X	是		41~43	0							28	721	0																					8050097	8050100																																									437
	722	9300	2500022		終點挑戰賽	0	0	大象城 4		X	是		43~46	0							29	722	0																					8050101	8050104																																									438
	723	9300	2500023		坦克隊的淪陷	0	0	彪城1		X	是		38~41	0							30	723	0																					8050105	8050108																																									439
	724	9300	2500024		彪族的地獄火	0	0	彪城2		X	是		42~45	0							31	724	0																					8050109	8050112																																									440
	725	9300	2500025		虎頭山之行	0	0	彪城3		X	是		43~46	0							32	725	0																					8050113	8050116																																									441
	726	9300	2500026		坦克大對決	0	0	彪城4		X	是		39~42	0							33	726	0																					8050117	8050120																																									442
	727	9300	2500027		逃出虎穴	0	0	彪城5		X	是		40~43	0							34	727	0																					8050121	8050124																																									443
	728	9300	2500028		坦克隊長的任務	0	0	彪城6		X	是		37~40	0							35	728	0																					8050125	8050128																																									444
	729	9300	2500029	31	沙丘魔蠍戰	0	0	駱駝城1		X	是		40~43	0							36	729	0																					8050129	8050132																																									445
	730	9300	2500030	32	沙漠城堡戰 	0	0	駱駝城2		X	是		42~45	0							37	730	0																					8050133	8050136																																									446
	731	9300	2500031	33	決戰沙漠城	0	0	駱駝城3		X	是		43~46	0							38	731	0																					8050137	8050140																																									447
	732	9300	2500032	34	情緒大作戰	0	0	貓城1		X	是		45~48	0							39	732	0																					8050141	8050144																																									448
	733	9300	2500033	35	請繼續哭作戰	0	0	貓城2		X	是		47~50	0							40	733	0																					8050145	8050148																																									449
	734	9300	2500034	36	製造歡樂作戰	0	0	貓城3		X	是		48~51	0							41	734	0																					8050149	8050152																																									450
	735	9300	2500035	37	機場追擊戰	0	0	鷹城1		X	是		50~53	0							42	735	0																					8050153	8050156																																									451
	736	9300	2500036	38	雲端戰役	0	0	鷹城2		X	是		52~55	0							43	736	0																					8050157	8050160																																									452
	737	9300	2500037	39	決戰天際線	0	0	鷹城3		X	是		53~56	0							44	737	0																					8050161	8050164																																									453
	738	9300	2500038		九層塔 (LV25)	0	0	象1		X	是		25	0							4004	738	0																					8050165	8050168																																									454
	739	9300	2500039		九層塔 (LV30)	0	0	象4		X	是		30	0							4005	739	0																					8050169	8050172																																									455
	740	9300	2500040		九層塔 (LV45)	0	0	駱駝4		X	是		45	0							4006	740	0																					8050173	8050176																																									456
	741	9300	2500041		九層塔 (LV50)	0	0	貓3		X	是		50	0							4007	741	0																					8050177	8050180																																									457
	742	9300	2500042		九層塔 (LV55)	0	0	鷹4		X	是		55	0							4008	742	0																					8050181	8050184																																									458
	743	9300	2500043		出征！兔城平原戰(Lv2)	0	0	兔子城 1		X	是		6~10	0							13	743	0																					8050037	8050040																																									417
	744	9300	2500044		出征！兔城平原戰(Lv3)	0	0	兔子城 1		X	是		11~15	0							14	744	0																					8050041	8050044																																									417
#主線任務(800~)--------------------多數刪除																																																																																						459
	827	9300	2000827	1005	找尋脫隊的林沖	12	1	象牙林	不重複：支線其他（對話、跑腿）	0	否	20	18		0	827						827	0	Mission827Start											40038	膽大的士兵	1004	神木密林	30610	2012 0 764	偵查點	1004	神木密林	8000839	8000839	8040036			8010827	8021882	8021883		8021884	8349	7011	對話	838	5844		1																				30						460
	828	9300	2000828	1005	林沖的下落	12	2	神木密林	不重複：支線其他（對話、跑腿）	0	否	20	18		0	828						828	0	Mission828Start											30610	偵查點	1004	神木密林	40164	587 -0 251	膽大的士兵	1004	神木密林	8001876	8001876	3100042			8010828	8021885	8021886		8021887	8349	7011	對話	838	5844		1																				30						461
	859	9300	2000859	1005	林沖的畫跡	12	3	神木密林	不重複：支線其他（對話、跑腿）	0	否	20	18	0	0	859	860					859	0	Mission859Start	Mission859End		20105	1							30612	廢紙垃圾山	1004	神木密林	40164	587 -0 251	膽大的士兵	1004	神木密林	8000837	8000837	6100000			8010859	8021978	8021979	8021979	8021980	8349	7011	對話(包任務)	838	5844		1																				30						462
	860	9300	2000860	1005	畫樹的方法	12	4	神木密林	不重複：支線其他（對話、跑腿）	0	否	20	20	0	0	860						860	0		Mission860End										30612	廢紙垃圾山	1004	神木密林	30612	1953 0 838	廢紙垃圾山	1004	神木密林	8000838	8000838	3100044			8010860		8021981	8021981	8250132	10777	7011	跑腿	5853	7544		1																				180						463
#新主線任務(已經套用區)																																																																																						464
	863	9300	2000863	1003	*英雄的證明*	1	1	英雄城1	不重複：其他（對話、跑腿）	0	否	1	20	0	0	863						863	0	Mission863Start	Mission863End										40002	吳用	3	英雄城1	40002	-191 0 -900	吳用	3	英雄城1	8001800	8001800	6100000			8011800	8025198	8025001		8025002	14369	2979	對話(包任務)	117052	10058		3	20107	1	10000	30001	10	8000	30007	10	8000	30022	1	3000	30023	1	3000					3600	0	0				465
	864	9300	2000864	1003	1 拜訪村長	1	2	兔城野外1	不重複：其他（對話、跑腿）	0	否	1	1	0	0	864						864	0	Mission864Start											40002	吳用	3	英雄城1	40030	6438 0 261	兔城村長	1001	兔城野外1	8001801	8001801	3200043			8011801	8025198	8025004		8025005	50	25	對話	60	35																						30	0	0				466
	865	9300	2000865	1003	2 採集蘿蔔樣本	1	3	兔城野外1	不重複：支線其他（對話、跑腿）	1	否	1	1	0	0	865						865	0	Mission865Start	Mission865End										40030	兔城村長	1001	兔城野外1	40030	6438 0 261	兔城村長	1001	兔城野外1	8001802	8001802	3000054	1001	6144 0 320	8011802	8025198	8025007		8025008	50	3	打怪	10	35		2	30001	1	5000	30007	1	5000	30022	1	5000	30023	1	5000	30027	1	5000					5	0	5				467
	866	9300	2000866	1003	3 吵鬧的蝗蟲	1	4	兔城野外1	不重複：主線	1	否	1	1	0	0	866						866	0	Mission866Start											40030	兔城村長	1001	兔城野外1	40030	6438 0 261	兔城村長	1001	兔城野外1	8001803	8001803	3300001	1001	5904 50 891	8011803	8025198	8025010		8025011	30	5	打怪	30	21		2	30001	1	5000	30007	1	5000	30022	1	5000	30023	1	5000	30027	1	5000					15	3	5				468
	867	9300	2000867	1003	4 兔族異狀	1	5	兔城野外1	不重複：其他（對話、跑腿）	0	否	1	1	0	0	867						867	0	Mission867Start											40030	兔城村長	1001	兔城野外1	40157	2900 0 755	活閃婆	1001	兔城野外1	8001804	8001804	3200160			8011804	8025198	8025013		8025014	50	25	對話	60	35																						30	0	0				469
	868	9300	2000868	1003	5 欺負人類的兔族	1	6	兔城野外1	不重複：其他（對話、跑腿）	0	否	1	1	0	0	868						868	0	Mission868Start											40157	活閃婆	1001	兔城野外1	40157	2900 0 755	活閃婆	1001	兔城野外1	8001805	8001805	8040012	1001	779 0 1547	8011805	8025198	8025016		8025017	50	25	跑腿	60	35		1	30001	1	3000	30007	1	3000	30022	1	3000	30023	1	3000	30029	1	10000					30	0	0				470
	869	9300	2000869	1003	6 學習兔族語言	1	7	兔城野外1	不重複：其他（對話、跑腿）	0	否	1	1	0	0	869	870					869	0	Mission869Start											40157	活閃婆	1001	兔城野外1	40157	2900 0 755	活閃婆	1001	兔城野外1	8001806	8001806	3200002	3	-191 0 -900	8011806	8025198	8025019		8025020	50	50	對話(包任務)	120	35		1	30001	1	3000	30007	1	3000	30022	1	3000	30023	1	3000	30029	1	9000					60	0	1				471
	870	9300	2000870	1003	6-1 翻譯耳機	1	8	兔城野外1	不重複：主線	1	否	1	2	0	0	870						870	0	Mission870Start	Mission870End										40002	吳用	3	英雄城1	40002	-191 0 -900	吳用	3	英雄城1	8001807	8001807	3300002	1001	4993 -100 -725	8011807	8025198	8025022		8025023	250	40	打怪	76	175		2	20109	1	10000	30001	3	5000	30022	1	5000	30023	1	5000	30027	1	5000					30	25	10				472
	871	9300	2000871	1003	7 反叛的原因	1	9	兔城野外1	不重複：其他（對話、跑腿）	0	否	1	2	0	0	871						871	0	Mission871Start											40157	活閃婆	1001	兔城野外1	40157	2900 0 755	活閃婆	1001	兔城野外1	8001808	8001808	8040012	1001	779 0 1547	8011808	8025198	8025025		8025026	148	61	跑腿	76	104		1	30001	1	9000	30007	1	9000	30022	1	3000	30023	1	3000	30029	1	3000					30	0	0				473
	872	9300	2000872	1003	8 救援村民	1	10	兔城野外1	不重複：其他（對話、跑腿）	0	否	1	2	0	0	872						872	0	Mission872Start											40157	活閃婆	1001	兔城野外1	40158	650 0 1745	害怕的村民	1001	兔城野外1	8001809	8001809	3200161			8011809	8025198	8025028		8025029	148	20	對話	25	104																						10	0	0				474
	873	9300	2000873	1003	9 驅趕小白兔	1	11	兔城野外1	不重複：主線	1	否	1	4	0	0	873						873	0	Mission873Start											40158	害怕的村民	1001	兔城野外1	40158	650 0 1745	害怕的村民	1001	兔城野外1	8001810	8001810	3300003	1001	895 0 1740	8011810	8025198	8025031		8025032	720	58	打怪	117	504		2	30001	3	5000	30007	3	5000	30022	1	5000	30023	1	5000	30027	1	5000					30	72	5				475
	874	9300	2000874	1003	10 解放村民	1	12	兔城野外1	不重複：其他（對話、跑腿）	0	否	1	4	0	0	874						874	0	Mission874Start											40158	害怕的村民	1001	兔城野外1	40157	2900 0 755	活閃婆	1001	兔城野外1	8001811	8001811	3200160			8011811	8025198	8025034		8025035	519	233	對話	117	363		3	30001	10	10000	30027	1	10000	20143	1	10000											30	0	0				476
	875	9300	2000875	1003	11 村長的求救	1	13	兔城野外1	不重複：主線	1	否	1	5	0	0	875						875	0	Mission875Start											40157	活閃婆	1001	兔城野外1	40157	2900 0 755	活閃婆	1001	兔城野外1	8001812	8001812	3400002	1001	2706 0 762	8011812	8025198	8025037		8025038	1706	107	副本	2335	1194		2	30001	5	10000	30001	10	10000	30007	5	10000	30007	10	10000	30013	1	10000					500	853	1				477
	876	9300	2000876	1003	12 衝突爆發	1	14	兔城野外1	重複：其他（對話、跑腿）	0	否	1	5	0	0	876						876	0	Mission876Start	Mission876End										40157	活閃婆	1001	兔城野外1	40002	-191 0 -900	吳用	3	英雄城1	8001813	8001813	3200002			8011813	8025198	8025040		8025041	752	357	對話	140	526		2	1520	1	9000	1521	1	9000	1522	1	9000	1523	1	9000	30029	1	10000					30	0	0				478
	877	9300	2000877	1003	13A-1 支援坦克隊	2	1	兔城野外1	不重複：其他（對話、跑腿）	0	否	1	5	0	0	877						877	0	Mission877Start											40002	吳用	3	英雄城1	40031	2154 0 -966	後勤坦克隊長	1001	兔城野外1	8001814	8001814	3200044			8011814	8025198	8025043		8025044	752	357	對話	140	526		1	1405	1	10000	1406	1	10000	1407	1	10000	1408	1	10000	30029	1	100					30	0	0				479
	878	9300	2000878	1003	13B-1 求助矮小兔	3	1	兔城野外1	不重複：其他（對話、跑腿）	0	否	1	5	0	0	878						878	0	Mission878Start											40002	吳用	3	英雄城1	40073	6235 0 489	矮小兔	1013	落葉林地	8001815	8001815	3200071			8011815	8025198	8025046		8025047	752	714	對話	280	526		1	1405	1	10000	1406	1	10000	1407	1	10000	1408	1	10000	30029	1	100					60	0	0				480
	879	9300	2000879	1003	13A-2 呼叫坦克支援	2	2	兔城野外2	不重複：其他（對話、跑腿）	0	否	1	5	0	0	879						879	0	Mission879Start											40031	後勤坦克隊長	1001	兔城野外1	40031	2154 0 -966	後勤坦克隊長	1001	兔城野外1	8001816	8001816	3200044			8011816	8025198			8025049	752	119	對話	47	526																						10	0	0				481
	880	9300	2000880	1003	13A-3 研究堅硬外殼	2	3	兔城野外2	不重複：主線	1	否	1	2	0	0	880						880	0	Mission880Start	Mission880End										40031	後勤坦克隊長	1001	兔城野外1	40031	2154 0 -966	後勤坦克隊長	1001	兔城野外1	8001817	8001817	3300002	1001	4993 -100 -725	8011817	8025198	8025051		8025052	500	20	打怪	76	350		2	30001	3	5000	30007	3	5000	30022	1	5000	30023	1	5000	30027	1	5000					30	25	10				482
	881	9300	2000881	1003	13A-4風車的做法	2	4	兔城野外2	不重複：其他（對話、跑腿）	0	否	1	5	0	0	881						881	0	Mission881Start											40031	後勤坦克隊長	1001	兔城野外1	40030	6438 0 261	兔城村長	1001	兔城野外1	8001818	8001818	3200043			8011818	8025198	8025054		8025055	752	357	對話	140	526																						30	0	0				483
	882	9300	2000882	1003	13A-5 村長的筆記	2	5	兔城野外2	不重複：其他（對話、跑腿）	0	否	1	5	0	0	882						882	0	Mission882Start	Mission882End		20122	1							40030	兔城村長	1001	兔城野外1	40031	2154 0 -966	後勤坦克隊長	1001	兔城野外1	8001819	8001819	3200044			8011819	8025198	8025057		8025058	752	357	對話	140	526		1	30001	3	9000	30007	3	8000	30022	1	3000	30023	1	3000	30029	1	3000					30	0	0				484
	883	9300	2000883	1003	13A-6 研究兔族坦克	2	6	兔城野外2	不重複：主線	1	否	1	5	0	0	883						883	0	Mission883Start											40031	後勤坦克隊長	1001	兔城野外1	40031	2154 0 -966	後勤坦克隊長	1001	兔城野外1	8001820	8001820	3300004	1001	2863 0 319	8011820	8025198	8025060		8025061	960	55	打怪	140	672		2	30001	3	5000	30007	3	5000	30022	1	5000	30023	1	5000	30027	1	5000					30	48	10				485
	884	9300	2000884	1003	13A-7 完成大風車	2	7	兔城野外2	不重複：其他（對話、跑腿）	0	否	1	5	0	0	884						884	0	Mission884Start											40031	後勤坦克隊長	1001	兔城野外1	40033	9564 0 -589	前線坦克隊長	1002	兔城野外2	8001821	8001821	3200046			8011821	8025198	8025063		8025064	752	119	對話	47	526		3	30001	20	10000	30013	5	10000	30027	1	10000											10	0	0				486
	885	9300	2000885	1003	13A-9 清除路上障礙	2	9	兔城野外2	不重複：其他（對話、跑腿）	0	否	1	5	0	0	885						885	0	Mission885Start											40033	前線坦克隊長	1002	兔城野外2	40032	6356 0 -1894	兔城村民	1002	兔城野外2	8001822	8001822	3200045			8011822	8025198	8025066		8025067	2256	357	對話	140	1579																						30	0	0				487
	886	9300	2000886	1003	13A-10 危險的刺小鬼	2	10	兔城野外2	不重複：支線	1	否	1	6	0	0	886						886	0	Mission886Start											40032	兔城村民	1002	兔城野外2	40032	6356 0 -1894	兔城村民	1002	兔城野外2	8001823	8001823	3300005	1002	9217 0 -1275	8011823	8025198	8025069		8025070	3840	165	打怪	216	2688		2	30001	3	5000	30007	3	5000	30022	1	5000	30023	1	5000	30027	1	5000					35	64	10				488
	887	9300	2000887	1003	13A-11 刺小鬼來源	2	11	兔城野外2	不重複：其他（對話、跑腿）	0	否	1	6	0	0	887						887	0	Mission887Start											40032	兔城村民	1002	兔城野外2	40033	9564 0 -589	前線坦克隊長	1002	兔城野外2	8001824	8001824	3200046			8011824	8025198	8025072		8025073	3252	488	對話	185	2276																						30	0	0				489
	888	9300	2000888	1003	13A-12 探查情報	2	12	兔城野外2	不重複：其他（對話、跑腿）	0	否	1	6	0	0	888						888	0	Mission888Start											40033	前線坦克隊長	1002	兔城野外2	40033	9564 0 -589	前線坦克隊長	1002	兔城野外2	8001825	8001825	3300051			8011825	8025198	8025075		8025076	3252	1950	跑腿	739	2276		1	30001	1	9000	30007	1	9000	30022	1	3000	30023	1	3000	30029	1	3000					120	0	0				490
	889	9300	2000889	1003	13A-13 捕捉鐵蘿蔔部隊	2	13	兔城野外2	不重複：主線	0	否	1	8	0	0	889						889	0	Mission889Start											40033	前線坦克隊長	1002	兔城野外2	40033	9564 0 -589	前線坦克隊長	1002	兔城野外2	8001826	8001826	3300051	1002	4658 0 -1044	8011826	8025198	8025078		8025079	3390	46	打怪	1512	2373		2	1525	1	9000	1526	1	9000	1527	1	9000	1528	1	9000	30027	1	10000					180	113	3				491
	890	9300	2000890	1003	13A-14 鐵蘿蔔餘黨	2	14	兔城野外2	不重複：主線	1	否	1	9	0	0	890						890	0	Mission890Start											40033	前線坦克隊長	1002	兔城野外2	40033	9564 0 -589	前線坦克隊長	1002	兔城野外2	8001827	8001827	3300007	1002	2239 0 1800	8011827	8025198	8025081		8025082	20300	485	打怪	775	14210		2	30001	3	5000	30007	3	5000	30022	1	5000	30023	1	5000	30027	1	5000					80	203	10				492
	891	9300	2000891	1003	13A-20 逃走的兔王	2	20	兔城野外2	不重複：其他（對話、跑腿）	0	否	1	18	0	0	891						891	0	Mission891Start	Mission891End										40033	前線坦克隊長	1002	兔城野外2	40002	-191 0 -900	吳用	3	英雄城1	8001828	8001828	3200002			8011828	8025198	8025084		8025085	55655	14023	對話	1676	38959		2	30013	10	10000	1530	1	9000	1531	1	9000	1532	1	9000	1533	1	9000					60	0	0				493
	892	9300	2000892	1003	13A-15 阻擋兔族新兵	2	15	兔城野外2	不重複：主線	1	否	1	3	0	0	892						892	0	Mission892Start											40033	前線坦克隊長	1002	兔城野外2	40033	9564 0 -589	前線坦克隊長	1002	兔城野外2	8001829	8001829	3300004	1001	2863 0 319	8011829	8025198	8025087		8025088	14400	110	打怪	154	10080		2	30001	3	5000	30007	3	5000	30022	1	5000	30023	1	5000	30027	1	5000					50	48	15				494
	893	9300	2000893	1003	13A-16 阻擋兔族援軍	2	16	兔城野外2	不重複：主線	1	否	1	9	0	0	893						893	0	Mission893Start											40033	前線坦克隊長	1002	兔城野外2	40033	9564 0 -589	前線坦克隊長	1002	兔城野外2	8001830	8001830	3300051	1002	4658 0 -1044	8011830	8025198	8025090		8025091	57900	455	打怪	581	40530		2	30001	3	5000	30007	3	5000	30022	1	5000	30023	1	5000	30027	1	5000					60	193	15				495
	894	9300	2000894	1003	13A-17 打倒兔子教官	2	17	兔城野外2	不重複：主線	1	否	1	10	0	0	894						894	0	Mission894Start											40033	前線坦克隊長	1002	兔城野外2	40033	9564 0 -589	前線坦克隊長	1002	兔城野外2	8001831	8001831	3300009	1002	2155 0 2313	8011831	8025198	8025093		8025094	21000	398	打王	663	14700		2	30013	5	10000	1415	1	9000	1416	1	9000	1417	1	9000	1418	1	9000					60	"1,050"	1				496
	895	9300	2000895	1003	13A-18 打倒兔子大軍	2	18	兔城野外3	不重複：主線	0	否	1	14	0	0	895						895	0	Mission895Start											40033	前線坦克隊長	1002	兔城野外2	40033	9564 0 -589	前線坦克隊長	1002	兔城野外2	8001832	8001832	8040026	1013	5012 -100 -590	8011832	8025198	8025096		8025097	75000	3410	打怪	4390	52500		2	30001	10	5000	30007	10	5000	30022	1	5000	30023	1	5000	20144	1	10000					240	250	30				497
	896	9300	2000896	1003	13A-19 迷霧谷之戰	2	19	兔城野外2	不重複：主線	1	否	1	15	0	0	896						896	0	Mission896Start											40033	前線坦克隊長	1002	兔城野外2	40033	9564 0 -589	前線坦克隊長	1002	兔城野外2	8001833	8001833	3400002	1002	9819 0 -645	8011833	8025198	8025099		8025100	48060	747	副本	8048	33642		2	30001	5	10000	30001	10	10000	30007	5	10000	30007	10	10000	30013	5	10000					400	"4,806"	1				498
	897	9300	2000897	1003	13A-8 密林裡的大仙	2	8	兔城野外2	不重複：主線	1	否	1	5	0	0	897						897	0	Mission897Start											40033	前線坦克隊長	1002	兔城野外2	40033	9564 0 -589	前線坦克隊長	1002	兔城野外2	8001834	8001834	3400002	1002	9819 0 -645	8011834	8025198	8025102		8025103	15400	1013	副本	2802	10780		2	30013	5	10000	1410	1	8000	1411	1	8000	1412	1	8000	1413	1	8000					600	"1,540"	1				499
	898	9300	2000898	1003	13B-2 抓蜻蜓	3	2	兔城野外3	不重複：主線	1	否	1	11	0	0	898						898	0	Mission898Start											40073	矮小兔	1013	落葉林地	40073	6235 0 489	矮小兔	1013	落葉林地	8001835	8001835	3300065	1013	5088 0 33	8011835	8025198	8025105		8025106	6660	935	打怪	673	4662		2	30001	3	5000	30007	3	5000	30022	1	5000	30023	1	5000	30027	1	5000					50	333	10				500
	899	9300	2000899	1003	13B-3 矮兔夢想	3	3	兔城野外3	不重複：其他（對話、跑腿）	0	否	1	11	0	0	899						899	0	Mission899Start											40073	矮小兔	1013	落葉林地	40075	3000 0 697	越野兔	1013	落葉林地	8001836	8001836	3200073			8011836	8025198	8025108		8025109	4591	736	對話	135	3214																						10	0	0				501
	900	9300	2000900	1003	13B-4 瑞比戰士入門測驗	3	4	兔城野外3	不重複：主線	1	否	1	12	0	0	900						900	0	Mission900Start	Mission900End										40075	越野兔	1013	落葉林地	40075	3000 0 697	越野兔	1013	落葉林地	8001837	8001837	3300066	1013	4032 0 -1012	8011837	8025198	8025111		8025112	9200	1325	打怪	597	6440		2	30001	3	5000	30007	3	5000	30022	1	5000	30023	1	5000	30027	1	5000					40	460	10				502
	901	9300	2000901	1003	13B-5 越野兔的訓示	3	5	兔城野外3	不重複：其他（對話、跑腿）	0	否	1	12	0	0	901						901	0	Mission901Start											40075	越野兔	1013	落葉林地	40073	6235 0 489	矮小兔	1013	落葉林地	8001838	8001838	3200071			8011838	8025198	8025114		8025115	5172	0	對話	149	3620		1	1410	1	10000	1411	1	10000	1412	1	10000	1413	1	10000	30029	1	100					10	0	0				503
	902	9300	2000902	1003	13B-6 藍色小蘿蔔	3	6	兔城野外3	不重複：主線	1	否	1	12	0	0	902						902	0	Mission902Start	Mission902End										40073	矮小兔	1013	落葉林地	40073	6235 0 489	矮小兔	1013	落葉林地	8001839	8001839	3100045	1013	2838 0 -1047	8011839	8025198	8025117		8025118	3740	935	打怪	746	2618		2	30001	3	5000	30007	3	5000	30022	1	5000	30023	1	5000	30027	1	5000					50	187	10				504
	903	9300	2000903	1003	13B-7 短暫的美夢	3	7	兔城野外3	不重複：其他（對話、跑腿）	0	否	1	12	0	0	903	904	906	908			903	0	Mission903Start											40073	矮小兔	1013	落葉林地	40073	6235 0 489	矮小兔	1013	落葉林地	8001840	8001840	8040031			8011840	8025198	8025120		8025121	5172	833	對話(包任務)	149	3620		1	30001	1	9000	30007	1	8000	30022	1	3000	30023	1	3000	30029	1	3000					10	0	0				505
	904	9300	2000904	1003	13B-7-1 說服三寶之忍者兔	3	8	兔城野外3	不重複：其他（對話、跑腿）	0	否	1	12	0	0	904	905					904	0	Mission904Start	Mission904End										40073	矮小兔	1013	落葉林地	40073	6235 0 489	矮小兔	1013	落葉林地	8001841	8001841	3200072	1013	5257 -99 -308	8011841	8025198	8025123		8025124	5172	2499	對話(包任務)	448	3620		1	30001	3	9000	30007	3	8000	30022	1	3000	30023	1	3000	30029	1	3000					30	0	0				506
	905	9300	2000905	1003	13B-7-1a 越野兔的照片	3	9	兔城野外4	不重複：其他（對話、跑腿）	0	否	1	13	0	0	905						905	0	Mission905Start	Mission905End		20112	1							40074	忍者兔丸	1013	落葉林地	40074	5257 -99 -308	忍者兔丸	1013	落葉林地	8001842	8001842	3200073	1013	3000 0 697	8011842	8025198	8025126		8025127	5826	8334	對話	993	4078		1	20119	1	10000																	60	0	0				507
	906	9300	2000906	1003	13B-7-2 說服三寶之越野兔	3	10	兔城野外5	不重複：其他（對話、跑腿）	0	否	1	13	0	0	906	907					906	0	Mission906Start	Mission906End										40073	矮小兔	1013	落葉林地	40073	6235 0 489	矮小兔	1013	落葉林地	8001843	8001843	3200073	1013	3000 0 697	8011843	8025198	8025129		8025130	5826	4167	對話(包任務)	496	4078		1	30001	3	9000	30007	3	8000	30022	1	3000	30023	1	3000	30029	1	3000					30	0	0				508
	907	9300	2000907	1003	13B-7-2a 吵鬧的蚊子	3	11	兔城野外6	不重複：主線	1	否	1	16	0	0	907						907	0	Mission907Start	Mission907End										40075	越野兔	1013	落葉林地	40075	3000 0 697	越野兔	1013	落葉林地	8001844	8001844	3300152	1013	2807 0 293	8011844	8025198	8025132		8025133	1284	196	打怪	358	899		2	20120	1	10000	30001	3	5000	30022	1	5000	30023	1	5000	30027	1	5000					15	642	1				509
	908	9300	2000908	1003	13B-7-3 說服三寶之遊俠兔	3	12	兔城野外7	不重複：主線	1	否	1	15	0	0	908						908	0	Mission908Start	Mission908End										40073	矮小兔	1013	落葉林地	40073	6235 0 489	矮小兔	1013	落葉林地	8001845	8001845	3300069	1013	2880 100 2125	8011845	8025198	8025135		8025136	5100	990	打王	1207	3570		3	20121	1	10000	30001	5	9000	30007	5	9000	30024	1	9000	30025	1	9000					60	"2,550"	1				510
	910	9300	2000910	1003	13B-8 神秘迴旋林之戰	3	13	兔城野外3	不重複：主線	1	否	1	15	0	0	910						910	0	Mission910Start											40073	矮小兔	1013	落葉林地	40073	6235 0 489	矮小兔	1013	落葉林地	8001846	8001846	3400002	1013	5432 0 666	8011846	8025198	8025138		8025139	3614	773	副本	8048	2530		2	30001	5	10000	30001	10	10000	30007	5	10000	30007	10	10000	30013	5	10000					400	"1,807"	1				511
	911	9300	2000911	1003	13B-9 會見兔王	3	14	兔城野外3	不重複：其他（對話、跑腿）	0	否	1	15	0	0	911						911	0	Mission911Start	Mission911End										40073	矮小兔	1013	落葉林地	40159	6650 0 -2350	跳跳	1014	兔城野外4	8001847	8001847	3200162			8011847	8025198	8025141		8025142	8523	8334	對話	1207	5966		1	1525	1	10000	1526	1	10000	1527	1	10000	1528	1	10000	30029	1	100					60	0	0				512
	912	9300	2000912	1003	13B-10 蚊蟲孳生	3	15	兔城野外4	不重複：其他（對話、跑腿）	0	否	1	15	0	0	912	913	914	915	918		912	0	Mission912Start											40159	跳跳	1013	兔城野外4	40159	6650 0 -2350	跳跳	1014	兔城野外4	8001848	8001848	3200074	1014	9508 0 -642	8011848	8025198	8025144		8025145	8523	1389	對話(包任務)	201	5966		1	30001	3	9000	30007	3	8000	30022	1	3000	30023	1	3000	30029	1	3000					10	0	0				513
	913	9300	2000913	1003	13B-10-1 捕捉登革熱病媒蚊	3	16	兔城野外4	不重複：主線	0	否	1	16	0	0	913						913	0	Mission913Start											40076	仲夏夜	1014	螢火平原	40076	9508 0 -642	仲夏夜	1014	螢火平原	8001849	8001849	3300070	1014	9159 0 -1065	8011849	8025198	8025147		8025148	2550	1955	打怪	2864	1785		2	30001	3	5000	30007	3	5000	30022	1	5000	30023	1	5000	30027	1	5000					120	425	3				514
	915	9300	2000915	1003	13B-10-2 兔族的滅蚊方法	3	17	兔城野外4	不重複：其他（對話、跑腿）	0	否	1	16	0	0	915						915	0	Mission915Start											40076	仲夏夜	1014	螢火平原	40077	5289 -0 -1444	萬兔總教練	1014	螢火平原	8001850	8001850	3200075			8011850	8025198	8025150		8025151	9398	1514	對話	239	6579																						10	0	0				515
	916	9300	2000916	1003	13B-10-3 說服子弟兵	3	18	兔城野外4	不重複：主線	1	否	1	17	0	0	916						916	0	Mission916Start											40077	萬兔總教練	1014	螢火平原	40077	5289 -0 -1444	萬兔總教練	1014	螢火平原	8001851	8001851	3300071	1014	5280 0 -540	8011851	8025198	8025153		8025154	21060	3135	打怪	1554	14742		2	30001	3	5000	30007	3	5000	30022	1	5000	30023	1	5000	30027	1	5000					60	702	15				516
	917	9300	2000917	1003	13B-10-4 兔族妙招	3	19	兔城野外4	不重複：其他（對話、跑腿）	0	否	1	17	0	0	917						917	0	Mission917Start											40077	萬兔總教練	1014	螢火平原	40076	9508 0 -642	仲夏夜	1014	螢火平原	8001852	8001852	3200074			8011852	8025198	8025156		8025157	10258	1660	對話	259	7181		1	20144	1	10000																	10	0	0				517
	918	9300	2000918	1003	13B-10-5 仲夏夜之惡夢	3	20	兔城野外4	不重複：其他（對話、跑腿）	0	否	1	17	0	0	918						918	0	Mission918Start	Mission918End										40076	仲夏夜	1014	螢火平原	40076	9508 0 -642	仲夏夜	1014	螢火平原	8001853	8001853	8040015	1014	3510 0 -2535	8011853	8025198	8025159		8025160	10258	4979	跑腿	777	7181		1	30001	1	9000	30007	1	8000	30022	1	3000	30023	1	3000	30029	1	3000					30	0	1				518
	919	9300	2000919	1003	13B-11 臭氣薰天	3	21	兔城野外4	不重複：其他（對話、跑腿）	0	否	1	17	0	0	919	920	921	922	923		919	0	Mission919Start											40159	跳跳	1013	兔城野外4	40159	6650 0 -2350	跳跳	1014	兔城野外4	8001854	8001854	3200076	1014	3227 0 -393	8011854	8025198	8025162		8025163	10258	1660	對話(包任務)	259	7181		1	1415	1	10000	1416	1	10000	1417	1	10000	1418	1	10000	30029	1	3000					10	0	0				519
	920	9300	2000920	1003	13B-11-1 調查臭氣來源	3	22	兔城野外4	不重複：其他（對話、跑腿）	0	否	1	17	0	0	920						920	0	Mission920Start											40078	嚇綠弟	1014	螢火平原	40078	3227 0 -393	嚇綠弟	1014	螢火平原	8001855	8001855	8040016			8011855	8025198	8025165		8025166	10258	4979	跑腿	777	7181		1	30001	1	9000	30007	1	8000	30022	1	3000	30023	1	3000	30029	1	3000					30	0	0				520
	921	9300	2000921	1003	13B-11-2 罪魁禍首	3	23	兔城野外4	不重複：主線	1	否	1	20	0	0	921						921	0	Mission921Start											40078	嚇綠弟	1014	螢火平原	40078	3227 0 -393	嚇綠弟	1014	螢火平原	8001856	8001856	3300074	1014	2162 0 2265	8011856	8025198	8025168		8025169	8110	1620	打王	975	5677		2	30001	5	10000	30007	5	10000	30024	1	10000	30025	1	10000	30027	1	10000					30	"4,055"	1				521
	922	9300	2000922	1003	13B-11-3 製作芳香劑	3	24	兔城野外4	不重複：其他（對話、跑腿）	0	否	1	17	0	0	922						922	0	Mission922Start			20052	1							40078	嚇綠弟	1014	螢火平原	40162	1558 0 1338	花精	1014	螢火平原	8001857	8001857	3200165			8011857	8025198	8025171		8025172	10258	7011	對話	777	7181																						30	0	0				522
	923	9300	2000923	1003	13B-11-4 趕走臭鼬	3	25	兔城野外4	不重複：主線	1	否	1	19	0	0	923						923	0		Mission923End										40162	花精	1014	螢火平原	40162	1558 0 1338	花精	1014	螢火平原	8001858	8001858	3300073	1014	2232 0 1655	8011858	8025173	8025174		8025175	34000	5100	打怪	1358	23800		2	30001	3	5000	30007	3	5000	30022	1	5000	30023	1	5000	30027	1	5000					45	850	20				523
	924	9300	2000924	1003	13B-11-5 取得香精	3	26	兔城野外4	不重複：其他（對話、跑腿）	0	否	1	19	0	0	924						924	0	Mission924Start			20117	1							40162	花精	1014	螢火平原	40078	3227 0 -393	嚇綠弟	1014	螢火平原	8001859	8001859	3200076			8011859	8025176	8025177		8025178	12097	1966	對話	302	8468																						10	0	0				524
	925	9300	2000925	1003	13B-11-6 環境芬芳	3	27	兔城野外4	不重複：其他（對話、跑腿）	0	否	1	19	0	0	925						925	0	Mission925Start	Mission925End		20054	1							40078	嚇綠弟	1014	螢火平原	40078	3227 0 -393	嚇綠弟	1014	螢火平原	8001860	8001860	8040016			8011860	8025198	8025180		8025181	12097	5898	跑腿	905	8468		3	30001	10	10000	30007	1	8000	30022	1	3000	30023	1	3000	30027	1	10000					30	0	0				525
	926	9300	2000926	1003	13B-12 迷霧的逆襲	3	28	兔城野外4	不重複：主線	1	否	1	20	0	0	926						926	0	Mission926Start	Mission926End										40078	嚇綠弟	1014	螢火平原	40078	3227 0 -393	嚇綠弟	1014	螢火平原	8001865	8001865	3400002	1014	3350 0 -68	8011865	8025198	8025195		8025196	13354	4357	副本	16907	9348		2	30001	5	10000	30001	10	10000	30007	5	10000	30007	10	10000	30013	5	10000					520	"6,677"	1				526
	927	9300	2000927	1003	13B-13 尋找跳繩	3	29	兔城野外4	不重複：其他（對話、跑腿）	0	否	1	19	0	0	927						927	0	Mission927Start											40159	跳跳	1013	兔城野外4	40077	5289 -0 -1444	萬兔總教練	1014	兔城野外4	8001861	8001861	3300071			8011861	8025198	8025183		8025184	12097	7011	對話	905	8468																						30	0	0				527
	928	9300	2000928	1003	13B-14 兔族的跳繩	3	30	兔城野外4	不重複：其他（對話、跑腿）	0	否	1	19	0	0	928						928	0	Mission928Start			20103	1							40077	萬兔總教練	1014	兔城野外4	40159	6650 0 -2350	跳跳	1014	兔城野外4	8001862	8001862	3200162			8011862	8025198	8025186		8025187	12097	2337	對話	302	8468																						10	0	0				528
	929	9300	2000929	1003	13B-15 跳繩比賽	3	31	兔城野外4	不重複：其他（對話、跑腿）	0	否	1	19	0	0	929						929	0	Mission929Start	Mission929End										40159	跳跳	1014	兔城野外4	40159	6650 0 -2350	跳跳	1014	兔城野外4	8001863	8001863	3200162			8011863	8025198	8025189		8025190	12097	14023	跑腿	1810	8468		1	30001	1	9000	30007	1	8000	30022	1	3000	30023	1	3000	30029	1	3000					60	0	0				529
	930	9300	2000930	1003	13B-16 耍賴的兔王	3	32	兔城野外4	不重複：其他（對話、跑腿）	0	否	1	19	0	0	930						930	0	Mission930Start	Mission930End										40159	跳跳	1014	兔城野外4	40002	-191 0 -900	吳用	3	英雄城1	8001864	8001864	3200002			8011864	8025198	8025192		8025193	12097	2337	對話	302	8468		2	30013	10	10000	1530	1	9000	1531	1	9000	1532	1	9000	1533	1	9000					10	0	0				530
	931	9300	2000931	1003	14 突破！兔王領域攻入戰	1	15	英雄城1	不重複：主線	1	否	1	20	0	0	931						931	0	Mission931Start											40002	吳用	3	英雄城1	40002	-191 0 -900	吳用	3	英雄城1	8001866	8001866	3400002	3	4357 0 1892	8011866	8025198	8025204		8025205	19274	4355	副本	19509	13492		2	30001	10	10000	30001	20	10000	30007	10	10000	30007	20	10000	30013	5	10000					600	"9,637"	1				531
	932	9300	2000932	1003	15 兔城攻防會戰	1	16	英雄城1	不重複：主線	1	否	1	20	0	0	932						932	0	Mission932Start											40002	吳用	3	英雄城1	40002	-191 0 -900	吳用	3	英雄城1	8001867	8001867	3400002	3	4357 0 1892	8011867	8025198	8025207		8025208	33852	7115	副本	19509	23696		2	30001	10	10000	30001	20	10000	30007	10	10000	30007	20	10000	30013	10	10000					600	"16,926"	1				532
	933	9300	2000933	1003	16 Boss戰-決勝兔王要塞	1	17	英雄城1	不重複：主線	1	否	1	20	0	0	933						933	0	Mission933Start											40002	吳用	3	英雄城1	40002	-191 0 -900	吳用	3	英雄城1	8001868	8001868	3400002	3	4357 0 1892	8011868	8025198	8025210		8025211	58854	16318	副本	19509	41198		1	30001	10	10000	30001	20	10000	30001	30	10000	30001	40	10000	30001	50	10000					600	"29,427"	1				533
	934	9300	2000934	1003	*英雄的象徵*	4	1	英雄城1	不重複：其他（對話、跑腿）	0	否	20	20	0	0	934						934	0	Mission934Start											40002	吳用	3	英雄城1	40087	3959 0 385	關勝	3	英雄城1	8001869	8001869	3200084			8011869	8025198	8025213		8025214	14369	7011	對話	975	10058																						30	0	0				534
	935	9300	2000935	1003	1 初識象城	4	2	英雄城1	不重複：其他（對話、跑腿）	0	否	20	20	0	0	935						935	0	Mission935Start											40087	關勝	3	英雄城1	40034	295 0 241	象城村長	1003	象牙林	8001870	8001870	3200028			8011870	8025198	8025216		8025217	14369	2337	對話	325	10058																						10	0	0				535
	936	9300	2000936	1003	2 冰涼的水	4	3	象牙林	不重複：主線	1	否	20	20	0	0	936						936	0	Mission936Start											40034	象城村長	1003	象牙林	40034	295 0 241	象城村長	1003	象牙林	8001871	8001871	3300012	1003	1268 150 1769	8011871	8025198	8025219		8025220	82160	16270	打怪	3902	57512		2	30002	3	5000	30008	3	5000	30022	1	5000	30023	1	5000	30027	1	5000					120	"2,054"	20				536
	937	9300	2000937	1003	3 泥巴浴	4	4	象牙林	不重複：其他（對話、跑腿）	0	否	20	20	0	0	937						937	0	Mission937Start											40034	象城村長	1003	象牙林	40034	295 0 241	象城村長	1003	象牙林	8001872	8001872	8040027	1003	1294 0 -15	8011872	8025198	8025222		8025223	14369	42068	跑腿	5853	10058		1	30002	1	9000	30008	1	8000	30022	1	3000	30023	1	3000	30029	1	3000					180	0	0				537
	938	9300	2000938	1003	4 酷熱谷的磨練	4	5	象牙林	不重複：主線	1	否	20	25	0	0	938						938	0	Mission938Start											40034	象城村長	1003	象牙林	40034	295 0 241	象城村長	1003	象牙林	8001873	8001873	8040029	1003	1755 150 2250	8011873	8025198	8025225		8025226	22562	9190	副本	460	15793		2	1539	1	9000	1540	1	9000	1541	1	9000	1542	1	9000	30027	1	10000						"11,281"	2	1			538
	939	9300	2000939	1003	5 求救訊號	4	6	象牙林	不重複：其他（對話、跑腿）	0	否	20	20	0	0	939						939	0	Mission939Start											40034	象城村長	1003	象牙林	40038	4029 -0 1109	膽小的士兵	1003	象牙林	8001874	8001874	3200032			8011874	8025198	8025228		8025229	14369	10508	對話	975	10058																						30	0	0				539
	940	9300	2000940	1003	6 象坦克阻礙	4	7	象牙林	不重複：主線	1	否	20	25	0	0	940						940	0	Mission940Start											40038	膽小的士兵	1003	象牙林	40038	4029 -0 1109	膽小的士兵	1003	象牙林	8001875	8001875	3300018	1003	6170 300 1505	8011875	8025198	8025231		8025232	82728	34203	打王	9652	57910		2	1424	1	9000	1425	1	9000	1426	1	9000	1427	1	9000	30024	1	10000					300	"82,728"	1				540
	941	9300	2000941	1003	7 臨陣畏縮	4	8	象牙林	不重複：其他（對話、跑腿）	0	否	20	20	0	0	941						941	0	Mission941Start											40038	膽小的士兵	1003	象牙林	40164	587 -0 251	膽大的士兵	1004	神木密林	8001876	8001876	3200166			8011876	8025198	8025234		8025235	14369	3503	對話	325	10058																						10	0	0				541
	942	9300	2000942	1003	8 龍砲車襲擊	4	9	神木密林	不重複：主線	1	否	20	26	0	0	942						942	0	Mission942Start											40164	膽大的士兵	1004	神木密林	40164	587 -0 251	膽大的士兵	1004	神木密林	8001877	8001877	3300015	1004	2432 100 3424	8011877	8025198	8025237		8025238	59640	31140	打怪	20717	41748		2	30002	3	5000	30008	3	5000	30022	1	5000	30023	1	5000	30027	1	5000					600	"1,988"	30				542
	943	9300	2000943	1003	9 神木密林追擊戰	4	10	神木密林	不重複：主線	1	否	20	26	0	0	943						943	0	Mission943Start											40164	膽大的士兵	1004	神木密林	40164	587 -0 251	膽大的士兵	1004	神木密林	8001878	8001878	8040029	1004	747 100 2746	8011878	8025198	8025240		8025241	15150	11200	副本	600	10605		2	30002	5	10000	30002	10	10000	30008	5	10000	30008	10	10000	30014	5	10000						"15,150"	1				543
	944	9300	2000944	1003	10 紅帽象軍	4	11	神木密林	不重複：主線	1	否	20	28	0	0	944						944	0	Mission944Start											40164	膽大的士兵	1004	神木密林	40164	587 -0 251	膽大的士兵	1004	神木密林	8001879	8001879	3300017	1004	5438 100 3359	8011879	8025198	8025243		8025244	92730	37665	打怪	20492	64911		2	30002	3	5000	30008	3	5000	30022	1	5000	30023	1	5000	30027	1	5000					600	"3,091"	30				544
	945	9300	2000945	1003	11 村民訴求	4	12	神木密林	不重複：其他（對話、跑腿）	0	否	20	28	0	0	945						945	0	Mission945Start											40164	膽大的士兵	1004	神木密林	40042	10437 100 2410	受困村民	1004	神木密林	8001880	8001880	3100018			8011880	8025198	8025246		8025247	14190	4175	對話	342	9933																						10	0	0				545
	946	9300	2000946	1003	12 風管房的坦克大戰	4	13	神木密林	不重複：主線	1	否	20	30	0	0	946						946	0	Mission946Start	Mission946End										40042	受困村民	1004	神木密林	40042	10437 100 2410	受困村民	1004	神木密林	8001881	8001881	8040029	1004	10020 100 2950	8011881	8025198	8025249		8025250	20330	14825	副本	330	14231		2	1544	1	9000	1545	1	9000	1546	1	9000	1547	1	9000	30027	1	10000						"20,330"	1				546
	947	9300	2000947	1003	13 拯救村民	4	14	神木密林	不重複：其他（對話、跑腿）	0	否	20	30	0	0	947						947	0	Mission947Start	Mission947End										40042	受困村民	1004	神木密林	40042	10437 100 2410	受困村民	1004	神木密林	8001882	8001882	3100018	1004	10437 100 2410	8011882	8025198	8025252		8025253	14896	87794	跑腿	6136	10427		1	30002	1	9000	30008	1	8000	30022	1	3000	30023	1	3000	30029	1	3000					180	0	0				547
	948	9300	2000948	1003	14 泥漿山城戰	4	15	神木密林	不重複：主線	0	否	20	25	0	0	948						948	0	Mission948Start											40042	受困村民	1004	神木密林	40042	10437 100 2410	受困村民	1004	神木密林	8001883	8001883	8040029	1004	10020 100 2950	8011883	8025198	8025255		8025256	6792	3396	副本	370	4754		2	30002	5	10000	30002	10	10000	30008	5	10000	30008	10	10000	30014	5	10000						"6,792"	0				548
	949	9300	2000949	1003	15 一切平安	4	16	神木密林	不重複：其他（對話、跑腿）	0	否	20	28	0	0	949						949	0	Mission949Start											40042	受困村民	1004	神木密林	40164	587 -0 251	膽大的士兵	1004	神木密林	8001884	8001884	3200166			8011884	8025198	8025258		8025259	14190	10508	對話	1025	9933																						30	0	0				549
	950	9300	2000950	1003	16 手下敗將	4	17	神木密林	不重複：其他（對話、跑腿）	0	否	20	28	0	0	950						950	0	Mission950Start											40164	膽大的士兵	1004	神木密林	40161	5237 0 1041	象王	1004	神木密林	8001885	8001885	3002411			8011885	8025198	8025261		8025262	14190	10508	對話	1025	9933																						30	0	0				550
	951	9300	2000951	1003	17 空調的辦法	4	18	神木密林	不重複：其他（對話、跑腿）	0	否	20	28	0	0	951						951	0	Mission951Start											40161	象王	1004	神木密林	40002	-191 0 -900	吳用	3	英雄城1	8001886	8001886	3200002			8011886	8025198	8025264		8025265	14190	21016	對話	2049	9933		2	1429	1	9000	1430	1	9000	1431	1	9000	1432	1	9000	30027	1	10000					60	0	0				551
	952	9300	2000952	1003	18 象王反悔	4	19	英雄城1	不重複：其他（對話、跑腿）	0	否	20	28	0	0	952						952	0	Mission952Start											40002	吳用	3	英雄城1	40164	587 -0 251	膽大的士兵	1004	神木密林	8001887	8001887	3002501	1004	5237 0 1041	8011887	8025198	8025267	8025268	8025269	14190	42032	跑腿	4098	9933		1	30002	1	9000	30008	1	8000	30022	1	3000	30023	1	3000	30029	1	3000					120	0	0				552
	953	9300	2000953	1003	19 幫助村民	4	20	神木密林	不重複：其他（對話、跑腿）	0	否	20	28	0	0	953						953	0	Mission953Start											40164	膽大的士兵	1004	神木密林	40165	2917 0 464	推木工	1015	曙光之城	8001888	8001888	3200036			8011888	8025198	8025271		8025272	14190	3503	對話	342	9933																						10	0	0				553
	954	9300	2000954	1003	20 潛入戰	4	21	曙光之城	不重複：主線	1	否	20	30	0	0	954						954	0	Mission954Start											40165	推木工	1015	曙光之城	40165	2917 0 464	推木工	1015	曙光之城	8001889	8001889	8040029	1015	5100 0 620	8011889	8025198	8025274		8025275	31890	20715	副本	230	22323		2	30002	5	10000	30002	10	10000	30008	5	10000	30008	10	10000	30014	5	10000						"10,630"	3				554
	955	9300	2000955	1003	21 火燒木堆	4	22	曙光之城	不重複：其他（對話、跑腿）	0	否	20	30	0	0	955						955	0	Mission955Start	Mission955End		20125	1	20124	1	20124	1	20124	1	40165	推木工	1015	曙光之城	40165	2917 0 464	推木工	1015	曙光之城	8001890	8001890	8040032			8011890	8025198	8025277		8025278	14896	146324	跑腿	10227	10427		2	30002	10	9000	30008	10	8000	30022	1	3000	30023	1	3000	30029	1	3000					300	0	0				555
	956	9300	2000956	1003	22 終結威脅	4	23	曙光之城	不重複：其他（對話、跑腿）	0	否	20	30	0	0	956						956	0	Mission956Start											40165	推木工	1015	曙光之城	40164	587 -0 251	膽大的士兵	1004	神木密林	8001891	8001891	3200166			8011891	8025198	8025280		8025281	14896	29265	對話	2045	10427																						60	0	0				556
	957	9300	2000957	1003	23 瞭解捲笛	4	24	神木密林	不重複：其他（對話、跑腿）	0	否	20	30	0	0	957						957	0	Mission957Start											40164	膽大的士兵	1004	神木密林	40043	10112 -0 694	看笛象	1004	神木密林	8001892	8001892	3200037			8011892	8025198	8025283		8025284	14896	14632	對話	1023	10427																						30	0	0				557
	958	9300	2000958	1003	24 打破捲笛	4	25	神木密林	不重複：主線	1	否	20	30	0	0	958						958	0	Mission958Start											40043	看笛象	1004	神木密林	40043	10112 -0 694	看笛象	1004	神木密林	8001893	8001893	3100010	1004	10045 0 625	8011893	8025198	8025286		8025287	1750	875	打怪	341	1225		2	30002	3	5000	30008	3	5000	30022	1	5000	30023	1	5000	30027	1	5000					10	"1,750"	1				558
	959	9300	2000959	1003	25 協助象王	4	26	神木密林	不重複：其他（對話、跑腿）	0	否	20	30	0	0	959						959	0	Mission959Start											40043	看笛象	1004	神木密林	40161	5237 0 1041	象王	1004	神木密林	8001894	8001894	3002411			8011894	8025198	8025289		8025290	14896	4877	對話	341	10427																						10	0	0				559
	960	9300	2000960	1003	26 收服象王戰	4	27	神木密林	不重複：主線	1	否	20	30	0	0	960						960	0	Mission960Start	Mission960End										40161	象王	1004	神木密林	40161	5237 0 1041	象王	1004	神木密林	8001895	8001895	8040029	1004	10020 100 2950	8011895	8025198	8025292		8025293	42520	32301	副本	80	29764		2	1549	1	9000	1550	1	9000	1551	1	9000	1552	1	9000	30027	1	10000						"42,520"	1				560
	961	9300	2000961	1003	27 急救象王	4	28	神木密林	不重複：其他（對話、跑腿）	0	否	20	30	0	0	961						961	0	Mission961Start	Mission961End		20126	1							40036	小象兵	1004	神木密林	40161	5237 0 1041	象王	1004	神木密林	8001896	8001896	3002501	1004	5237 0 1041	8011896	8025198	8025295	8025296	8025297	14896	146324	跑腿	10227	10427		2	1434	1	9000	1435	1	9000	1436	1	9000	1437	1	9000	30027	1	10000					300	0	0				561
	962	9300	2000962	1003	28 收服象王	4	29	神木密林	不重複：其他（對話、跑腿）	0	否	20	30	0	0	962						962	0	Mission962Start	Mission962End										40161	象王	1004	神木密林	40002	-191 0 -900	吳用	3	英雄城1	8001897	8001897	3200002			8011897	8025198	8025299		8025300	14896	29265	結尾	2045	10427		1	30002	10	9000	30002	20	9000	30002	30	9000	30002	40	9000	30002	50	9000					60	0	0				562
	963	9300	2000963	1003	29 助象為快樂之本	4	30	神木密林	不重複：其他（對話、跑腿）	0	否	20	30	0	0	963						963	0	Mission963Start											40161	象王	1004	神木密林	40161	5237 0 1041	象王	1004	英雄城1	8001898	8001898	3200081	1016	650 0 650	8011898	8025198	8025302		8025303	14896	4877	對話	341	10427																						10	0	0				563
	964	9300	2000964	1003	30 尋找香料	4	31	神木密林	不重複：其他（對話、跑腿）	0	否	20	30	0	0	964						964	0	Mission964Start	Mission964End										40083	和平老人	1016	螢火密林	40083	650 0 650	和平老人	1016	螢火密林	8001899	8001899	3100047			8011899	8025198	8025305		8025306	14896	292648	跑腿	20453	10427		1	30002	3	9000	30008	3	8000	30022	1	3000	30023	1	3000	30029	1	3000					600	0	1				564
	965	9300	2000965	1003	*英雄的揚名*	5	1	英雄城2	不重複：其他（對話、跑腿）	0	否	35	43	0	0	965						965	0	Mission965Start	Mission965End										40172	阮小二	2001	英雄城2	40172	6276 0 166	阮小二	2001	英雄城2	8001900	8001900	6100000			8011900	8025198	8025308		8025309	28377		對話	2227	19864																						30	0	0				565
	966	9300	2000966	1003	1 彪族動向	5	2	英雄城2	不重複：其他（對話、跑腿）	0	否	35	35	0	0	966						966	0	Mission966Start											40172	阮小二	2001	英雄城2	40049	810 -1 247	梁山砲兵	1005	青青峽谷	8001901	8001901	3200047			8011901	8025198	8025311		8025312	19708		對話	1391	13796																						30	0	0				566
	967	9300	2000967	1003	2 猛虎出現	5	3	青青峽谷	不重複：主線	1	否	35	36	0	0	967						967	0	Mission967Start											40049	梁山砲兵	1005	青青峽谷	40049	810 -1 247	梁山砲兵	1005	青青峽谷	8001902	8001902	3300025	1005	5651 48 665	8011902	8025198	8025314		8025315	119760		打怪	20375	83832		2	30002	5	5000	30008	5	5000	30022	1	5000	30023	1	5000	30027	1	5000					390	"3,992"	30				567
	968	9300	2000968	1003	3 虎族的妨礙	5	4	青青峽谷	不重複：其他（對話、跑腿）	0	否	35	36	0	0	968						968	0	Mission968Start											40049	梁山砲兵	1005	青青峽谷	40050	6907 0 358	阮小七	1005	青青峽谷	8001903	8001903	3200048			8011903	8025198	8025317		8025318	20628		對話	1567	14440																						30	0	0				568
	969	9300	2000969	1003	4 奪取情報	5	5	青青峽谷	不重複：主線	1	否	35	35	0	0	969						969	0	Mission969Start											40050	阮小七	1005	青青峽谷	40050	6907 0 358	阮小七	1005	青青峽谷	8001904	8001904	3300023	1005	2140 -100 -271	8011904	8025198	8025320		8025321	100260		打怪	20400	70182		2	20133	1	10000	30002	5	5000	30022	1	5000	30023	1	5000	30027	1	5000					440	"3,342"	30				569
	970	9300	2000970	1003	5 鐵虎阻撓	5	6	青青峽谷	不重複：主線	1	否	35	37	0	0	970						970	0	Mission970Start											40050	阮小七	1005	青青峽谷	40049	810 -1 247	梁山砲兵	1005	青青峽谷	8001905	8001905	3300022	1005	7988 0 296	8011905	8025198	8025323	8025324	8025325	125220		打怪	23961	87654		2	30002	5	5000	30008	5	5000	30022	1	5000	30023	1	5000	30027	1	5000					440	"4,174"	30				570
	971	9300	2000971	1003	6 遲到的砲車	5	7	青青峽谷	不重複：其他（對話、跑腿）	0	否	35	37	0	0	971						971	0	Mission971Start											40049	梁山砲兵	1005	青青峽谷	40052	3865 0 105	葫蘆砲車1號	1005	青青峽谷	8001906	8001906	3200050			8011906	8025198	8025327		8025328	21572		對話	1634	15100																						30	0	0				571
	972	9300	2000972	1003	7 砲車與彪仔	5	8	青青峽谷	不重複：其他（對話、跑腿）	0	否	35	37	0	0	972						972	0	Mission972Start											40052	葫蘆砲車1號	1005	青青峽谷	40051	3658 0 116	彪仔	1005	青青峽谷	8001907	8001907	3200049			8011907	8025198	8025330		8025331	21572		對話	1634	15100																						30	0	0				572
	973	9300	2000973	1003	8 彪假虎威	5	9	青青峽谷	不重複：主線	1	否	35	37	0	0	973						973	0	Mission973Start											40051	彪仔	1005	青青峽谷	40051	3658 0 116	彪仔	1005	青青峽谷	8001908	8001908	3300027	1005	9985 0 1465	8011908	8025198	8025333		8025334	107204		打王	11436	75043		2	30002	5	10000	30008	5	10000	30024	1	10000	30025	1	10000	30027	1	10000					210	"107,204"	1				573
	974	9300	2000974	1003	9 坦克隊長的任務	5	10	青青峽谷	不重複：主線	1	否	35	37	0	0	974						974	0	Mission974Start											40051	彪仔	1005	青青峽谷	40052	3865 0 105	葫蘆砲車1號	1005	青青峽谷	8001909	8001909	8040029	1005	3596 148 1758	8011909	8025198	8025336	8025337	8025338	59920		副本	49011	41944		2	1439	1	9000	1440	1	9000	1441	1	9000	1442	1	9000	30027	1	10000					900	"59,920"	1				574
	975	9300	2000975	1003	10 砲車維修	5	11	青青峽谷	不重複：其他（對話、跑腿）	0	否	35	37	0	0	975						975	0	Mission975Start	Mission975End		20134	1							40052	葫蘆砲車1號	1005	青青峽谷	40052	3865 0 105	葫蘆砲車1號	1005	青青峽谷	8001910	8001910	3200050	1005	3865 0 105	8011910	8025198	8025340		8025341	21572		跑腿	1634	15100		1	30002	3	9000	30008	3	8000	30022	1	3000	30023	1	3000	30029	1	3000					30	0	0				575
	976	9300	2000976	1003	11 彪族投靠高球	5	12	青青峽谷	不重複：其他（對話、跑腿）	0	否	35	37	0	0	976						976	0	Mission976Start											40052	葫蘆砲車1號	1005	青青峽谷	40049	810 -1 247	梁山砲兵	1005	青青峽谷	8001911	8001911	3200047			8011911	8025198	8025343		8025344	21572		對話	1634	15100																						30	0	0				576
	977	9300	2000977	1003	12 梁山的通知	5	13	青青峽谷	不重複：其他（對話、跑腿）	0	否	35	37	0	0	977						977	0	Mission977Start											40049	梁山砲兵	1005	青青峽谷	40172	6276 0 166	阮小二	2001	英雄城2	8001912	8001912	3200170			8011912	8025198	8025346		8025347	21572		對話	1634	15100																						30	0	0				577
	978	9300	2000978	1003	13 緊急任務	5	14	英雄城2	不重複：其他（對話、跑腿）	0	否	35	37	0	0	978						978	0	Mission978Start											40172	阮小二	2001	英雄城2	40169	4853 0 128	彪王	1006	雲在天草原	8001913	8001913	3200168	1006	4853 0 128	8011913	8025198	8025349		8025350	21572		跑腿	3267	15100		1	30002	3	9000	30008	3	8000	30022	1	3000	30023	1	3000	30029	1	3000					60	0	0				578
	979	9300	2000979	1003	14 彪王的請求	5	15	雲在天草原	不重複：主線	1	否	35	37	0	0	979						979	0	Mission979Start											40169	彪王	1006	雲在天草原	40169	4853 0 128	彪王	1006	雲在天草原	8001914	8001914	3300052	1006	3291 0 280	8011914	8025198	8025352		8025353	125220		打怪	9802	87654		2	30002	5	5000	30008	5	5000	30022	1	5000	30023	1	5000	30027	1	5000					180	"4,174"	30				579
	980	9300	2000980	1003	15 和善的彪族	5	16	雲在天草原	不重複：其他（對話、跑腿）	0	否	35	37	0	0	980						980	0	Mission980Start											40169	彪王	1006	雲在天草原	40055	809 -0 179	彪城村民	1006	雲在天草原	8001915	8001915	3200053			8011915	8025198	8025355		8025356	21572		對話	1634	15100																						30	0	0				580
	981	9300	2000981	1003	16 標準謊言	5	17	雲在天草原	不重複：其他（對話、跑腿）	0	否	35	37	0	0	981						981	0	Mission981Start											40055	彪城村民	1006	雲在天草原	40171	4950 0 150	樹人	1006	雲在天草原	8001916	8001916	3200169			8011916	8025198	8025358		8025359	21572		對話	1634	15100																						30	0	0				581
	982	9300	2000982	1003	17 摸魚的樹人	5	18	雲在天草原	不重複：其他（對話、跑腿）	0	否	35	37	0	0	982						982	0	Mission982Start											40171	樹人	1006	雲在天草原	40087	3644 0 1926	將軍關勝	1006	雲在天草原	8001917	8001917	3200084			8011917	8025198	8025361		8025362	21572		對話	1634	15100																						30	0	0				582
	983	9300	2000983	1003	18 遺失螃蟹的將軍	5	19	雲在天草原	不重複：主線	0	否	35	38	0	0	983						983	0	Mission983Start											40087	將軍關勝	1006	雲在天草原	40087	3644 0 1926	將軍關勝	1006	雲在天草原	8001918	8001918	3300021	1006	4834 0 1544	8011918	8025198	8025364		8025365	39250		打怪	14753	27475		2	30002	5	5000	30008	5	5000	30022	1	5000	30023	1	5000	30027	1	5000					260	"3,925"	10				583
	984	9300	2000984	1003	19 夾尻螃蟹手	5	20	雲在天草原	不重複：其他（對話、跑腿）	0	否	35	38	0	0	984						984	0	Mission984Start	Mission984End										40087	將軍關勝	1006	雲在天草原	40171	4950 0 150	樹人	1006	雲在天草原	8001919	8001919	3200084	1006	3644 0 1926	8011919	8025198	8025367	8025368	8025369	22532		跑腿	1702	15772		1	30002	3	9000	30008	3	8000	30022	1	3000	30023	1	3000	30029	1	3000					30	0	0				584
	985	9300	2000985	1003	20 彪王真面目	5	21	雲在天草原	不重複：其他（對話、跑腿）	0	否	35	38	0	0	985						985	0	Mission985Start	Mission985End		20136	1							40171	樹人	1006	雲在天草原	40171	4950 0 150	樹人	1006	雲在天草原	8001920	8001920	3200168	1006	4853 0 128	8011920	8025198	8025371		8025372	22532		跑腿	3404	15772		1	30002	3	9000	30008	3	8000	30022	1	3000	30023	1	3000	30029	1	3000					60	0	0				585
	986	9300	2000986	1003	21 戳破彪王假面	5	22	雲在天草原	不重複：其他（對話、跑腿）	0	否	35	38	0	0	986						986	0	Mission986Start	Mission986End		20137	1							40171	樹人	1006	雲在天草原	40171	4950 0 150	樹人	1006	雲在天草原	8001921	8001921	3200168	1006	4853 0 128	8011921	8025198	8025374		8025375	22532		跑腿	1702	15772		1	30002	3	9000	30008	3	8000	30022	1	3000	30023	1	3000	30029	1	3000					30	0	0				586
	987	9300	2000987	1003	22 坦克隊淪陷	5	23	雲在天草原	不重複：主線	1	否	35	38	0	0	987						987	0	Mission987Start											40171	樹人	1006	雲在天草原	40171	4950 0 150	樹人	1006	雲在天草原	8001922	8001922	8040029	1006	6302 0 1423	8011922	8025198	8025377		8025378	36252		副本	30640	25376		2	1554	1	9000	1555	1	9000	1556	1	9000	1557	1	9000	30027	1	10000					540	"36,252"	1				587
	988	9300	2000988	1003	23 坦克隊的集結	5	24	雲在天草原	不重複：其他（對話、跑腿）	0	否	35	38	0	0	988						988	0	Mission988Start											40171	樹人	1006	雲在天草原	40168	2105 0 1392	葫蘆砲車2號	1017	綠光森林	8001923	8001923	3200167			8011923	8025198	8025380		8025381	22532		對話	1702	15772																						30	0	0				588
	989	9300	2000989	1003	24 驅逐彪族尖兵	5	25	綠光森林	不重複：主線	1	否	35	39	0	0	989						989	0	Mission989Start											40168	葫蘆砲車2號	1017	綠光森林	40168	2105 0 1392	葫蘆砲車2號	1017	綠光森林	8001924	8001924	3300090	1017	1107 148 1870	8011924	8025198	8025383		8025384	136320		打怪	10040	95424		2	30002	5	5000	30008	5	5000	30022	1	5000	30023	1	5000	30027	1	5000					170	"4,544"	30				589
	990	9300	2000990	1003	25 隱密的彪族	5	26	綠光森林	不重複：其他（對話、跑腿）	0	否	35	39	0	0	990						990	0	Mission990Start											40168	葫蘆砲車2號	1017	綠光森林	40127	749 -2 480	彪城村長	1017	綠光森林	8001925	8001925	3200124			8011925	8025198	8025386		8025387	23518		對話	1772	16463																						30	0	0				590
	991	9300	2000991	1003	26 神秘獅像	5	27	綠光森林	不重複：其他（對話、跑腿）	0	否	35	39	0	0	991						991	0	Mission991Start											40127	彪城村長	1017	綠光森林	40128	1691 148 1971	金獅石像	1017	綠光森林	8001926	8001926	3200125			8011926	8025198	8025389		8025390	23518		對話	1772	16463																						30	0	0				591
	992	9300	2000992	1003	27 金獅之心	5	28	綠光森林	不重複：其他（對話、跑腿）	0	否	35	39	0	0	992						992	0	Mission992Start											40128	金獅石像	1017	綠光森林	40127	749 -2 480	彪城村長	1017	綠光森林	8001927	8001927	3200124			8011927	8025198	8025392		8025393	23518		對話	1772	16463																						30	0	0				592
	993	9300	2000993	1003	28 傾聽心聲的辦法	5	29	綠光森林	不重複：其他（對話、跑腿）	0	否	35	39	0	0	993						993	0	Mission993Start											40127	彪城村長	1017	綠光森林	40071	2333 0 1117	牙醫武松	1018	暴雨之森	8001928	8001928	3200069			8011928	8025198	8025395		8025396	23518		對話	3544	16463																						60	0	0				593
	994	9300	2000994	1003	29 彪族強盜	5	30	綠光森林	不重複：主線	1	否	35	41	0	0	994						994	0	Mission994Start											40071	牙醫武松	1018	暴雨之森	40071	2333 0 1117	牙醫武松	1018	暴雨之森	8001929	8001929	3300092	1017	6603 0 -958	8011929	8025198	8025398		8025399	45360		打怪	17927	31752		2	30002	5	5000	30008	5	5000	30022	1	5000	30023	1	5000	30027	1	5000					260	"4,536"	10				594
	995	9300	2000995	1003	30 金獅之聲	5	31	綠光森林	不重複：其他（對話、跑腿）	0	否	35	41	0	0	995						995	0	Mission995Start											40071	牙醫武松	1018	暴雨之森	40127	749 -2 480	彪城村長	1017	綠光森林	8001930	8001930	3200125	1017	1691 148 1971	8011930	8025198	8025401	8025402	8025403	26234		跑腿	8274	18364		1	30002	3	9000	30008	3	8000	30022	1	3000	30023	1	3000	30029	1	3000					120	0	0				595
	996	9300	2000996	1003	31 砲車隊出發	5	32	綠光森林	不重複：其他（對話、跑腿）	0	否	35	41	0	0	996						996	0	Mission996Start											40127	彪城村長	1017	綠光森林	40168	2105 0 1392	葫蘆砲車2號	1017	綠光森林	8001931	8001931	3200167			8011931	8025198	8025405		8025406	26234		對話	2068	18364		1	31019	3	10000																	30	0	0				596
	997	9300	2000997	1003	32 坦克大決戰	5	33	綠光森林	不重複：主線	1	否	35	39	0	0	997						997	0	Mission997Start											40168	葫蘆砲車2號	1017	綠光森林	40168	2105 0 1392	葫蘆砲車2號	1017	綠光森林	8001932	8001932	8040029	1017	3601 148 1753	8011932	8025198	8025408		8025409	37116		副本	21852	25981		2	30002	5	10000	30002	10	10000	30008	5	10000	30008	10	10000	30014	5	10000					370	"37,116"	1				597
	998	9300	2000998	1003	33 逆轉！攻入彪城	5	34	綠光森林	不重複：主線	1	否	35	42	0	0	998						998	0	Mission998Start											40168	葫蘆砲車2號	1017	綠光森林	40168	2105 0 1392	葫蘆砲車2號	1017	綠光森林	8001933	8001933	3300094	1017	7896 0 429	8011933	8025198	8025411		8025412	34080		打王	8589	23856		2	30003	5	10000	30009	5	10000	30024	1	10000	30025	1	10000	30027	1	10000					120	"34,080"	1				598
	999	9300	2000999	1003	34 逃出虎穴	5	35	綠光森林	不重複：主線	1	否	35	40	0	0	999						999	0	Mission999Start											40168	葫蘆砲車2號	1017	綠光森林	40168	2105 0 1392	葫蘆砲車2號	1017	綠光森林	8001934	8001934	8040029	1017	7913 0 749	8011934	8025198	8025414		8025415	29960		副本	22133	20972		2	30003	5	10000	30003	10	10000	30009	5	10000	30009	10	10000	30015	5	10000					360	"14,980"	2				599
	1000	9300	2001000	1003	35 虎族再現	5	36	綠光森林	不重複：其他（對話、跑腿）	0	否	35	42	0	0	1000						1000	0	Mission1000Start	Mission1000End										40168	葫蘆砲車2號	1017	綠光森林	40071	2333 0 1117	牙醫武松	1018	暴雨之森	8001935	8001935	3200069			8011935	8025198	8025417		8025418	27299		對話	3579	19109																						50	0	0				600
	1001	9300	2001001	1003	36 彪王行蹤	5	37	暴雨之森	不重複：主線	1	否	35	42	0	0	1001						1001	0	Mission1001Start											40071	牙醫武松	1018	暴雨之森	40071	2333 0 1117	牙醫武松	1018	暴雨之森	8001936	8001936	3300095	1018	1413 0 970	8011936	8025198	8025420		8025421	128310		打怪	19325	89817		2	30003	5	5000	30009	5	5000	30022	1	5000	30023	1	5000	30027	1	5000					270	"4,277"	30				601
	1002	9300	2001002	1003	37 追蹤彪王足跡	5	38	暴雨之森	不重複：其他（對話、跑腿）	0	否	35	42	0	0	1002						1002	0	Mission1002Start											40071	牙醫武松	1018	暴雨之森	40071	2333 0 1117	牙醫武松	1018	暴雨之森	8001937	8001937	3100051			8011937	8025198	8025423		8025424	27299		跑腿	4294	19109		1	30003	3	9000	30009	3	8000	30022	1	3000	30023	1	3000	30029	1	3000					60	0	0				602
	1003	9300	2001003	1003	38 彪族地獄火	5	39	暴雨之森	不重複：主線	1	否	35	42	0	0	1003						1003	0	Mission1003Start											40071	牙醫武松	1018	暴雨之森	40071	2333 0 1117	牙醫武松	1018	暴雨之森	8001938	8001938	8040029	1018	6339 0 1430	8011938	8025198	8025426		8025427	43632		副本	16462	30542		2	1448	1	9000	1449	1	9000	1450	1	9000	1451	1	9000	30015	10	10000					230	"43,632"	1				603
	1004	9300	2001004	1003	39 不服的彪王	5	40	暴雨之森	不重複：其他（對話、跑腿）	0	否	35	42	0	0	1004						1004	0	Mission1004Start											40071	牙醫武松	1018	暴雨之森	40170	2091 0 2687	彪王	1018	暴雨之森	8001939	8001939	3200168			8011939	8025198	8025429		8025430	27299		對話	2147	19109																						30	0	0				604
	1005	9300	2001005	1003	40 彪族技藝	5	41	暴雨之森	不重複：主線	1	否	35	44	0	0	1005						1005	0	Mission1005Start											40170	彪王	1018	暴雨之森	40170	2091 0 2687	彪王	1018	暴雨之森	8001940	8001940	3300097	1018	4714 0 -68	8011940	8025198	8025432		8025433	51020		打怪	9241	35714		2	30003	5	5000	30009	5	5000	30022	1	5000	30023	1	5000	30027	1	5000					120	"5,102"	10				605
	1006	9300	2001006	1003	41 套圈圈比賽	5	42	暴雨之森	不重複：其他（對話、跑腿）	0	否	35	44	0	0	1006						1006	0	Mission1006Start											40170	彪王	1018	暴雨之森	40170	2091 0 2687	彪王	1018	暴雨之森	8001941	8001941	8040030	1018	2350 0 2760	8011941	8025198	8025435		8025436	29497		跑腿	4620	20648		1	30003	3	9000	30009	3	8000	30022	1	3000	30023	1	3000	30029	1	3000					60	0	0				606
	1007	9300	2001007	1003	42 作弊的彪族	5	43	暴雨之森	不重複：其他（對話、跑腿）	0	否	35	44	0	0	1007						1007	0	Mission1007Start											40170	彪王	1018	暴雨之森	40071	2333 0 1117	牙醫武松	1018	暴雨之森	8001942	8001942	3200069			8011942	8025198	8025438		8025439	29497		對話	2310	20648																						30	0	0				607
	1008	9300	2001008	1003	43 海軍的教導	5	44	暴雨之森	不重複：其他（對話、跑腿）	0	否	35	44	0	0	1008						1008	0	Mission1008Start											40071	牙醫武松	1018	暴雨之森	40071	2333 0 1117	牙醫武松	1018	暴雨之森	8001943	8001943	3200069	1018	2333 0 1117	8011943	8025198	8025441		8025442	29497		跑腿	3850	20648		1	30003	3	9000	30009	3	8000	30022	1	3000	30023	1	3000	30029	1	3000					50	0	0				608
	1009	9300	2001009	1003	44 套圈圈神技	5	45	暴雨之森	不重複：其他（對話、跑腿）	0	否	35	44	0	0	1009						1009	0	Mission1009Start											40071	牙醫武松	1018	暴雨之森	40170	2091 0 2687	彪王	1018	暴雨之森	8001944	8001944	8040030	1018	2350 0 2760	8011944	8025198	8025444	8025445	8025446	29497		跑腿	4620	20648		1	30003	3	9000	30009	3	8000	30022	1	3000	30023	1	3000	30029	1	3000					60	0	0				609
	1010	9300	2001010	1003	45 彪王歸服	5	46	暴雨之森	不重複：其他（對話、跑腿）	0	否	35	44	0	0	1010						1010	0	Mission1010Start	Mission1010End										40170	彪王	1018	暴雨之森	40172	6276 0 166	阮小二	2001	英雄城2	8001945	8001945	3200170			8011945	8025198	8025448		8025449	29497		對話	9241	20648		1	30003	10	9000	30003	20	9000	30003	30	9000	30003	40	9000	30003	50	9000					120	0	0				610
	1011	9300	2001011	1003	46 虎頭山之行	5	47	英雄城2	不重複：主線	1	否	35	43	0	0	1011						1011	0	Mission1011Start	Mission1011End										40172	阮小二	2001	英雄城2	40172	6276 0 166	阮小二	2001	英雄城2	8001946	8001946	8040029	2001	4525 -2 2073	8011946	8025198	8025451		8025452	37390		副本	31919	26173		2	1563	1	9000	1564	1	9000	1565	1	9000	1566	1	9000	30015	10	10000					430	"37,390"	1				611
