#	Id	ClassId	NameStringId									AbilityType					Level	Fightable	ShowHPLabel	ShowOnMiniMap	3DTemplateName	Scale	ScaleAbility	HurtScale	HurtScaleDruation	HurtScaleMaintain 	PC_NPCShowType	UseBBox	Length	Width	Height	Radius	AIPresetId	RestoreHP	RestoreMP	MaxHP	MaxMP	Attack	Defence	Strength	Dexterity	Constitution	Intelligence	CriticalPower	CriticalHitRate	LuckyValue	GuardianValue	GroundHarm	WaterHarm	FireHarm	WindHarm	Unground	Unwater	Unfire	Unwind	AbsoluteDamage	AbsoluteDefence	AbsoluteDamageRate	AbsoluteDefenceRate	FightRadius	DeBufferDefenceRate	CanNotBeInterrupted	CanNotBeKickOut	SkillId1	SkillRate1	SuccessfulRate1	SkillId2	SkillRate2	SuccessfulRate2	HurtSkillKind	HurtSkillID	MoveSpeed	RunawaySpeed	GuardSpeed	RespawnTime	FaintTime	MoveSoundId	DeadSoundId	BeHitSoundId	JumpUpSoundId	JumpDownSoundId	BulletOffsetX	BulletOffsetY	BulletOffsetZ	HurtEffectTemplateName	DieEffectTemplateName	DiedEffectTemplateName	Money	MoneyRate	GroupLimit	DropItemGroupPresetId_1	GroupCount_1	GroupRate_1	DropItemGroupPresetId_2	GroupCount_2	GroupRate_2	DropItemGroupPresetId_3	GroupCount_3	GroupRate_3	DropItemGroupPresetId_4	GroupCount_4	GroupRate_4	DropItemGroupPresetId_5	GroupCount_5	GroupRate_5	Exp	ClientInitializeScript	DecStringId	InteractiveRadius	ComboSkillId1	ComboSkillId2	ComboSkillId3	ComboSkillId4	ComboSkillId5	ComboSkillId6	ComboSkillId7	PhysicsReflectionAttackAugment	ElementReflectionAttackAugment	GuardianOffset_X	GuardianOffset_Y	GuardianOffset_Z																
# 取得物理型MOB數值								← 刪了會死人！平時編輯時可以隱藏此列 →																										22	23	2	3	4	5	8	9	10	11	12	13	14	15	6	6	6	6	7	7	7	7																																																			33																															
# 取得元素型MOB數值								← 刪了會死人！平時編輯時可以隱藏此列 →																														16	17									18	18	18	18	19	19	19	19																																																																																		
# 計算物理型MOB角色類型參數								← 刪了會死人！平時編輯時可以隱藏此列 →																										2	3	2	3	4	5	8	9	10	11	12	13	14	15	6	6	6	6	7	7	7	7																																																			4																															
# 計算元素型MOB角色類型參數								← 刪了會死人！平時編輯時可以隱藏此列 →																														16	17									18	18	18	18	19	19	19	19																																																																																		
# 計算元素型MOB元素參數								← 刪了會死人！平時編輯時可以隱藏此列 →				6																																				2	3	4	5	2	3	4	5																																																																																		
# 計算MOB階級參數								← 刪了會死人！平時編輯時可以隱藏此列 →																										3	3	3																				6	7	8	9																																															4																															
# 依等級抓取怪物 GP 預算								← 刪了會死人！平時編輯時可以隱藏此列 →																																																																																4	7		10	11	12	15	16	17	20	21	22	25	26	27	30	31	32																		4	95	4	95	4	95	4	95	4	95					
# 依等級抓取指定掉寶範圍內符合資料回傳 ID								← 刪了會死人！平時編輯時可以隱藏此列 →																																																																																5			75	76	77	93			93			93			93																					"10,000"		"10,000"		"10,000"		"10,000"		"10,000"					
#								← 刪了會死人！平時編輯時可以隱藏此列 →																										10																																																												20						0																																					
# 紅字或黑字：自行填入的內容。若如生命值等素質標為紅字，則表示有特別的需求，不參照公式計算結果。																																																																																												1000		10																																											
# 藍字：經由公式計算而得到的結果。																																																																																								0.2	2000			40%																																										5 倍			
# 紫字：經由參照其他頁面或文件資料計算而得到的結果。																																																																																									8000								0						4																															300 秒			
#	編號	Class編號	名稱StringID (6字以內)	所屬區域	關卡/場景	參考關卡	是否使用	名稱	特性說明1		參照：怪物階級	屬性圖示	參照: 元素屬性	參照：怪物類型	實際等級	基本等級	顯示等級	可否被攻擊	是否顯示血條	是否顯示於雷達圖	使用3D模型名稱	放大縮小(自己)	放大縮小(自己+周圍掛載物)	受傷放大倍率	受傷放大漸變時間	受傷變大維持時間	遮擋時是否透明呈現	使用Bbox	NPC長	NPC寬	NPC高	NPC半徑	AI類型	HP回復點數	MP回復點數	生命值	技能值	攻擊力	防禦力	力量	敏捷	體質	智慧	爆發力	爆擊率	幸運值	守護值	地屬性	水屬性	火屬性	風屬性	地抗性	水抗性	火抗性	風抗性	絕對物理攻擊	絕對物理防禦	絕對攻擊倍率	絕對防禦倍率（減免比例）	攻擊時保持的距離	DeBuffer閃避比例	受擊時不被中斷技能	不被踢飛	技能1	使用機率1	成功機率1	技能2	使用機率2	成功機率2	可以造成傷害的技能類型	限定造成傷害的技能編號	移動速度	逃跑速度	戰鬥移動速度	重生時間	昏迷時間	走路音效	死亡音效	受傷音效	起跳音效	落下音效	子彈的偏移值X(左右)	子彈的偏移值Y(高)	子彈的偏移值Z(前後)	受傷特效的Template名稱	開始死亡特效的Template名稱	死亡斷氣後特效的Template名稱	掉落金錢數量	"金錢掉落機率 (1/10,000)"	掉落寶物群組上限	掉落寶物群組 ID 1 (特殊、任務)	群組內掉落物品數量	此群組物品掉落機率	掉落物品群組 ID 2 (消耗品)	群組內掉落物品數量	此群組物品掉落機率	掉落物品群組 ID 3 (裝備)	群組內掉落物品數量	此群組物品掉落機率	掉落物品群組 ID 4 (飾品、守護神)	群組內掉落物品數量	此群組物品掉落機率	掉落物品群組 ID 5 (額外物品)	群組內掉落物品數量	此群組物品掉落機率	經驗值	Client端初始化劇情Script	說明ID	互動半徑	連續攻擊技能1	連續攻擊技能2	連續攻擊技能3	連續攻擊技能4	連續攻擊技能5	連續攻擊技能6	連續攻擊技能7	物理反彈率%	元素反彈率%	守護神相對於變身角色的X座標	守護神相對於變身角色的Y座標	守護神相對於變身角色的Z座標		寶物群組名稱1	寶物群組期望值1	寶物群組名稱2	寶物群組期望值2	寶物群組名稱3	寶物群組期望值3	寶物群組名稱4	寶物群組期望值4	寶物群組名稱5	寶物群組期望值5		MOB 預算	掉落物品價值 GP 期望值總和	寶物組掉落建議調整比例	須補加產出
	1	3000	3000001	新手區	梁山基地		yes	練習木頭人	木頭人		小怪	0	無	特殊	1	1	1	1	1	1	moba0060	1		1.3	0	0.1	0	0	50	50	100	25	0	0	0	100	0	0	67	0	0	0	0	0	0	0	0	0	0	0	0	0	0	0	0	0	0	100	0	100		0	0									100	110	200	-1	3		9100050	9104010						EF0001	EF_die_01a	EF_ov_01a	0	0		1001	1	10000													0																	木樁輪	6	--	0	--	0	--	0	--	0		0	6	0.00%	
	2	3000	3000002	兔子城	副本段	4		假面蝗蟲	蝗蟲		小怪	0	無	平均	1	1	1	1	1	1	mobb0068	1		1.3	0	0.1	0	0	50	50	90	25	11	2	17	140	1000	25	67	20	20	0	0	10	0	20	0	0	0	0	0	74	74	74	74	0	0	100	0	100		0	0	3000021	1	100	3000022	3	100			100	110	200	9	3		9400050	9404010						EF0001	EF_die_01a	EF_ov_01a	1	2000	2				2101	1	10000		1	1000		1	100				2																	--	0	1級藥水、消耗品組	6	--	0	--	0	--	0		6	6	100.00%	
	3	3000	3000003	兔子城	副本段	4		戰兔	坦克兔		小怪	0	無	平均	2	2	2	1	1	1	moba0002a	1		1.3	0	0.1	0	0	100	50	90	25	11	3	18	157	1100	29	75	22	22	0	0	11	0	22	0	0	0	0	0	83	83	83	83	0	0	100	0	100		0	0	3004021	2	100	3004022	1	100			90	99	180	9	3		9500050	9504010						EF0001	EF_die_01a	EF_ov_01a	1	8000	2				2101	1	10000		1	1000		1	100				13																	--	0	1級藥水、消耗品組	6	--	0	--	0	--	0		7	6	116.70%	
	4	3000	3000004	兔子城	副本段	4		白兔隊長	白兔		新手小BOSS	0	無	戴宗	4	3	3	1	1	1	moba0001	1.5		1.3	0	0.1	0	0	60	60	120	30	12	5	46	282	1365	36	89	25	29	0	0	12	0	26	0	0	0	0	0	116	116	116	116	0	0	100	0	100		1	1	3000031	2	100	3000032	1	100			150	165	300	20	3		9400050	9404010						EF0001	EF_die_01a	EF_ov_01a	4	8000					2101	1	10000		1	1000		1	100				30																	--	0	1級藥水、消耗品組	6	--	0	--	0	--	0		20	6	333.30%	
	5	3000	3000005	兔子城	副本段	4		平原守護者1號	披風兔		新手中BOSS	0	無	孫二娘	6	4	4	1	1	1	moba0062b	2		1.3	0	0.1	0	0	100	100	150	60	12	10	86	627	1725	39	101	30	29	0	0	13	0	30	0	0	0	0	0	111	111	111	111	0	0	100	0	200		1	1	3200001	1	100	3200002	1	100			200	220	400	1800	3		9400050	9404010						EF0001	EF_die_01b	EF_ov_01a	74	8000					2301	1	10000		1	10000		1	1000				87																	--	0	1級武、防卷軸組	6	--	0	--	0	--	0		161	6	2683.30%	
	10	3000	3000010	兔子城	副本段	8		黑嘛嘛	刺蝟		副本-小怪	1	地	戴宗	5	5	5	1	1	1	moba9101	1.3		1.3	0	0.1	0	0	60	60	50	25	11	2	24	154	1470	41	102	27	31	0	0	12	0	28	0	71	0	0	0	18	18	18	2	0	0	100	0	100		0	0	4000004	2	100	4000008	1	100			100	110	200	9	3		9200050	9204010						EF0001	EF_die_01a	EF_ov_01a	6	8000	2				2101	1	10000		1	1000		1	100				62																	--	0	1級藥水、消耗品組	6	--	0	--	0	--	0		12	6	200.00%	
	11	3000	3000011	兔子城	副本段	8		小土蝸	蝸牛		副本-小怪	0	無	林沖	6	6	6	1	1	1	moba0019	2.5		1.3	0	0.1	0	0	70	70	70	40	11	4	23	255	1350	41	109	31	33	0	0	13	0	30	0	0	0	0	0	103	103	103	103	0	0	100	0	100		0	0	4000001	3	100	3008022	1	100			100	110	200	9	3		9400050	9404010						EF0001	EF_die_01a	EF_ov_01a	10	8000	2				2101	1	10000		1	1000		1	100				103																	--	0	1級藥水、消耗品組	6	--	0	--	0	--	0		16	6	266.70%	
	12	3000	3000012	兔子城	副本段	8		黃兔隊長	黃兔		新手小BOSS	1	地	孫二娘	8	7	7	1	1	1	moba0001b	1.5		1.3	0	0.1	0	0	60	60	120	30	12	8	64	471	1955	47	121	34	32	0	0	14	0	34	0	90	0	0	0	23	23	23	2	0	0	100	0	150		1	1	3000031	1	100	3000032	1	100			100	110	200	20	3		9400050	9404010						EF0001	EF_die_01a	EF_ov_01a	16	8000					2101	1	10000		1	1000		1	100				98																	--	0	1級藥水、消耗品組	6	--	0	--	0	--	0		44	6	733.30%	
	13	3000	3000013	兔子城	副本段	8		圓球嘟嘟	毒霧兔		新手中BOSS	0	無	雷橫	10	8	8	1	1	1	moba0003a	1.7		1.3	0	0.1	0	0	200	200	200	130	12	25	84	1436	1672	62	153	40	36	0	0	15	0	38	0	0	0	0	0	156	156	156	156	0	0	100	0	150		1	1	3200051	1	100	3200052	1	100			150	165	300	1800	3		9600050	9604010						EF0001	EF_die_01b	EF_ov_01a	94	8000					2301	1	10000	13005	1	10000		1	1000				426																	--	0	1級武、防卷軸組	6	10級上衣組--綠	44	--	0	--	0		289	50	578.00%	
	19	3000	3100023	兔子城	副本段	8		戰熊	推蘿蔔的熊		機關(同級可擋3下)	0	無	平均	8	5	5	1	1	1	moba9001	1		1.3	0	0	0	0	80	100	90	50	1001			1435	1700	47	121	34	34	0	0	14	-100	34	0	0	0	0	0	133	133	133	133	0	0	1000	0	100	50	0	1	4000002		100	3000092		100			90	99	180	10	3		9300050	9304010						EF0001	EF_die_01a	EF_ov_01a	0	0																	298																	--	0	--	0	--	0	--	0	--	0		88	0		
	14	3000	3000014	兔子城	副本段	5		邪惡小土蝸	蝸牛		小怪	0	無	林沖	12	12	12	1	1	1	moba0019	2.5		1.3	0	0.1	0	0	70	70	70	40	11	8	32	462	1890	70	174	44	46	0	0	16	0	42	0	0	0	0	0	164	164	164	164	0	0	100	0	100		0	0	4000001	3	100	3008022	1	100			100	110	200	9	3		9400050	9404010						EF0001	EF_die_01a	EF_ov_01a	29	8000	2				2101	1	10000	11003	1	1000	21003	1	100				302																	--	0	1級藥水、消耗品組	6	10級褲子組--灰	4	15級飾品組--綠	0	--	0		39	10	390.00%	
	15	3000	3000015	兔子城	副本段	5		邪惡刺蝟	刺蝟		小怪	1	地	戴宗	13	13	13	1	1	1	moba9101	1.3		1.3	0	0.1	0	0	60	60	50	25	11	6	39	377	2310	68	158	42	48	0	0	16	0	44	0	141	0	0	0	37	37	37	4	0	0	100	0	100		0	0	4000004	2	100	4000008	1	100			100	110	200	9	3		9200050	9204010						EF0001	EF_die_01a	EF_ov_01a	33	8000	2				2101	1	10000	11002	1	1000	21003	1	100				243																	--	0	1級藥水、消耗品組	6	10級上衣組--灰	4	15級飾品組--綠	0	--	0		44	11	400.00%	
	16	3000	3000016	兔子城	副本段	5		紅兔隊長	粉紅兔		小怪	3	火	孫二娘	16	14	14	1	1	1	moba0001a	1.5		1.3	0	0.1	0	0	60	60	120	30	12	9	48	563	2875	91	204	50	48	0	0	18	0	50	0	0	0	168	0	42	4	42	42	0	0	100	0	150		1	1	3000031	2	100	3000032	1	100			100	110	200	20	3		9400050	9404010						EF0001	EF_die_01a	EF_ov_01a	52	8000					2101	1	10000	11004	1	1000	21003	1	100				405																	--	0	1級藥水、消耗品組	6	10級武器組--灰	5	15級飾品組--綠	0	--	0		63	11	572.70%	
	17	3000	3000017	兔子城	副本段	5		跳繩兄弟兔	手榴彈		新手中BOSS	1	地	雷橫	16	15	15	1	1	1	moba0004	2.5		1.3	0	0.1	0	0	150	150	170	90	12	40	111	2473	2200	98	212	53	48	0	0	18	0	50	0	156	0	0	0	40	40	40	4	0	0	100	0	150		1	1	3200061	1	100	3200062	1	100			200	220	400	1800	3		9700050	9704010						EF0001	EF_die_01b	EF_ov_01a	240	8000					2301	1	10000	13009	1	10000	23003	1	1000				904																	--	0	1級武、防卷軸組	6	15級帽子組--綠	63	15級飾品組--綠	4	--	0		625	73	856.20%	
	18	3000	3100003	兔子城	副本段	5		砲台(木質)	間歇性發射裝置		機關(同級可擋3下)	3	火	平均	15	12	12	1	1	0	obj09c	1		1.3	0		0	1	70	50	70	50	1001			3140	2400	83	202	48	48	0	0	17	-100	48	0	0	0	158	0	40	4	40	40	0	0	1000	0		100	0	1									0	0	0	-1	3			9404010						EF0001	EF_die_01a	EF_ov_01a	0	0																	0			20														--	0	--	0	--	0	--	0	--	0		0	0		
	22	3000	3000022	兔子城	副本段	9		毀滅蝗蟲	蝗蟲		副本-小怪	0	無	林沖	8	8	8	1	1	1	mobb0068	1		1.3	0	0.1	0	0	50	50	90	25	11	5	25	287	1530	49	131	35	37	0	0	14	0	34	0	0	0	0	0	123	123	123	123	0	0	100	0	100		0	0	3000021	1	100	3000022	3	100			100	110	200	9	3		9400050	9404010						EF0001	EF_die_01a	EF_ov_01a	16	8000	2				2101	1	10000		1	1000	21001	1	100				168																	--	0	1級藥水、消耗品組	6	--	0	10級飾品組--綠	0	--	0		22	6	366.70%	
	23	3000	3000023	兔子城	副本段	9		蒙面兔	坦克兔		副本-小怪	0	無	戴宗	9	9	9	1	1	1	moba0002b	1		1.3	0	0.1	0	0	100	50	90	25	11	4	32	237	1890	49	121	35	40	0	0	14	0	36	0	0	0	0	0	157	157	157	157	0	0	100	0	100		0	0	3004021	1	100	3004022	1	100			90	99	180	9	3		9500050	9504010						EF0001	EF_die_01a	EF_ov_01a	19	8000	2				2101	1	10000		1	1000	21001	1	100				138																	--	0	1級藥水、消耗品組	6	--	0	10級飾品組--綠	0	--	0		25	6	416.70%	
	24	3000	3000024	兔子城	副本段	9		炫風白兔隊長	白兔		副本-小怪	1	地	戴宗	10	10	10	1	1	1	moba0001	1.5		1.3	0	0.1	0	0	60	60	120	30	12	5	34	311	1995	55	135	36	42	0	0	15	0	38	0	114	0	0	0	30	30	30	3	0	0	100	0	100		1	1	3000031	1	100	3000032	2	100			100	110	200	20	3		9400050	9404010						EF0001	EF_die_01a	EF_ov_01a	19	8000		9501	1	6000	2101	1	10000		1	1000	21001	1	100				222																	一千兩銀票組　	4	1級藥水、消耗品組	6	--	0	10級飾品組--綠	0	--	0		29	10	290.00%	
	25	3000	3000025	兔子城	副本段	9		兔子大仙	披風兔		小BOSS	3	火	孫二娘	12	11	11	1	1	1	moba0062	2		1.3	0	0.1	0	0	100	100	150	60	12	33	201	1894	2415	67	161	42	40	0	0	16	0	42	0	0	0	126	0	32	3	32	32	0	0	100	0	200		1	1	3200001	1	100	3200002	1	100			200	220	400	1800	3		9400050	9404010						EF0001	EF_die_01b	EF_ov_01a	739	8000		9501	1	6000	2301	1	10000	13001	1	10000	23001	1	1000				592																	一千兩銀票組　	4	1級武、防卷軸組	6	10級帽子組--綠	35	10級飾品組--綠	2	--	0		786	47	1672.30%	
	20	3000	6100000	兔子城	副本段	9		噴火台(鐵質)	間歇性發射裝置		機關(噴火台)	3	火	平均	11	8	8	0	0	0	obj09a	1		1	0	0	0	1	50	50	50	25	1001			2190	2000	63	151	40	40	0	0	15	-100	40	0	0	0	117	0	30	3	30	30	0	0	500	0		100	1	1									0	0	0	-1	0									EF0001	EF_die_01a	EF_ov_01a	0	0																	0																	--	0	--	0	--	0	--	0	--	0		0	0		
	26	3000	3000026	兔子城	副本段	6		刺刺頭	刺蝟		副本-小怪	1	地	戴宗	15	15	13	1	1	1	moba9101	1.3		1.3	0	0.1	0	0	60	60	50	25	11	8	42	490	2520	80	186	46	53	0	0	17	0	48	0	165	0	0	0	43	43	43	4	0	0	100	0	100		0	0	4000004	2	100	4000008	1	100			100	110	200	9	3		9200050	9204010						EF0001	EF_die_01a	EF_ov_01a	47	8000	2				2101	1	10000		1	1000	21003	1	100				451																	--	0	1級藥水、消耗品組	6	--	0	15級飾品組--綠	0	--	0		53	6	883.30%	
	27	3000	3000027	兔子城	副本段	6		坦克兔	坦克兔		副本-小怪	0	無	雷橫	16	16	14	1	1	1	moba0002	1		1.3	0	0.1	0	0	100	50	90	25	11	13	37	824	2200	98	212	53	48	0	0	18	0	50	0	0	0	0	0	215	215	215	215	0	0	100	0	100		0	0	3004021	2	100	3004022	1	100			90	99	180	9	3		9500050	9504010						EF0001	EF_die_01a	EF_ov_01a	57	8000	2				2101	1	10000		1	1000	21003	1	100				783																	--	0	1級藥水、消耗品組	6	--	0	15級飾品組--綠	0	--	0		63	6	1050.00%	
	28	3000	3000028	兔子城	副本段	6		炫風黃兔隊長	黃兔		副本-小怪	2	水	孫二娘	17	17	15	1	1	1	moba0001b	1.5		1.3	0	0.1	0	0	60	60	120	30	12	10	49	581	2990	97	217	52	49	0	0	18	0	52	0	0	178	0	0	4	45	45	45	0	0	100	0	150		1	1	3000031	2	100	3000032	1	100			100	110	200	20	3		9400050	9404010						EF0001	EF_die_01a	EF_ov_01a	62	8000					2101	1	10000		1	1000	21003	1	100				575																	--	0	1級藥水、消耗品組	6	--	0	15級飾品組--綠	0	--	0		68	6	1133.30%	
	29	3000	3000029	兔子城	副本段	6		毒霧兔	毒霧兔		副本-小BOSS	2	水	雷橫	21	18	16	1	1	1	moba0003b	1.7		1.3	0	0.1	0	0	200	200	200	130	12	51	220	5964	2640	153	276	64	57	0	0	20	0	60	0	0	211	0	0	5	55	55	55	0	0	160	10	150		1	1	3200051	1	100	3200052	1	100			150	165	300	1800	3		9600050	9604010						EF0001	EF_die_01b	EF_ov_01a	1901	8000					2301	1	10000	13009	1	10000	23003	1	1000				1922																	--	0	1級武、防卷軸組	6	15級帽子組--綠	63	15級飾品組--綠	4	--	0		"1,974"	73	2704.10%	
	34	3000	3000034	兔子城	副本段	10		野蠻小土蝸	蝸牛		副本-小怪	1	地	戴宗	17	17	17	1	1	1	moba0019	2.5		1.3	0	0.1	0	0	70	70	70	40	11	9	45	553	2730	93	200	50	57	0	0	18	0	52	0	185	0	0	0	48	48	48	5	0	0	100	0	100		0	0	4000004	2	100	3008022	1	100			100	110	200	9	3		9400050	9404010						EF0001	EF_die_01a	EF_ov_01a	55	8000	2				2101	1	10000	11015	1	1000	21005	1	100				530																	--	0	1級藥水、消耗品組	6	15級褲子組--灰	7	20級飾品／守護組--綠	1	--	0		68	13	523.10%	
	35	3000	3000035	兔子城	副本段	10		死亡蝗蟲	蝗蟲		副本-小怪	0	無	林沖	18	18	18	1	1	1	mobb0068	1		1.3	0	0.1	0	0	50	50	90	25	11	12	41	735	2430	106	247	56	59	0	0	19	0	54	0	0	0	0	0	233	233	233	233	0	0	100	0	100		0	0	3000021	1	100	3000022	3	100			100	110	200	9	3		9400050	9404010						EF0001	EF_die_01a	EF_ov_01a	59	8000	2				2101	1	10000	11014	1	1000	21005	1	100				787																	--	0	1級藥水、消耗品組	6	15級上衣組--灰	7	20級飾品／守護組--綠	1	--	0		73	14	521.40%	
	36	3000	3000036	兔子城	副本段	10		野蠻紅兔隊長	粉紅兔		副本-大怪-血多攻弱	2	水	孫二娘	21	19	19	1	1	1	moba0001a	1.5		1.3	0	0.1	0	0	60	60	120	30	12	39	230	3260	3450	142	265	60	57	0	0	20	0	60	0	0	228	0	0	6	57	57	57	0	0	120	0	150		1	1	3000031	1	100	3000031	3	100			100	110	200	20	3		9400050	9404010						EF0001	EF_die_01a	EF_ov_01a	179	8000		9501	1	6000	2101	1	10000	11016	1	1000	21005	1	100				777																	一千兩銀票組　	4	1級藥水、消耗品組	6	15級武器組--灰	8	20級飾品／守護組--綠	1	--	0		395	18	2194.40%	
	37	3000	3000037	兔子城	副本段	10		奪魂阿曼	手榴彈		小BOSS	0	無	雷橫	22	20	20	1	1	1	moba0004	3.5		1.3	0	0.1	0	0	150	150	250	90	12	102	229	6180	2728	174	288	66	59	0	0	21	0	62	0	0	0	0	0	293	293	293	293	0	0	100	0	150		1	1	3200061	1	100	3200062	1	100			200	220	400	1800	3		9700050	9704010						EF0001	EF_die_01b	EF_ov_01a	1910	8000		9501	1	10000	2302	1	10000	13017	1	10000	23005	1	1000				2568																	一千兩銀票組　	6	20級武、防卷軸組	85	20級帽子組--綠	99	20級飾品／守護組--綠	7	--	0		"2,107"	197	1069.50%	
	8	3000	3100023	兔子城	副本段	10		戰熊	推蘿蔔的熊		機關(同級可擋3下)	0	無	平均	20	17	17	1	1	1	moba9001	1		1.3	0	0	0	0	80	100	90	50	1001			4605	2900	128	263	58	58	0	0	20	-100	58	0	0	0	0	0	289	289	289	289	0	0	1000	0	100	50	0	1	4000002		100	3000092		100			90	99	180	10	3		9300050	9304010						EF0001	EF_die_01a	EF_ov_01a	0	0																	1868																	--	0	--	0	--	0	--	0	--	0		341	0		
	9	3000	6100000	兔子城	副本段	10		噴火台(鐵質)	間歇性發射裝置		機關(噴火台)	3	火	平均	20	17	17	0	0	0	obj09a	1		1	0	0	0	1	50	50	50	25	1001			4605	2900	128	263	58	58	0	0	20	-100	58	0	0	0	216	0	54	5	54	54	0	0	500	0		100	1	1									0	0	0	-1	0									EF0001	EF_die_01a	EF_ov_01a	0	0																	0																	--	0	--	0	--	0	--	0	--	0		0	0		
	38	3000	3000038	兔子城	副本段	7		地獄蝗蟲	蝗蟲		小怪	0	無	林沖	17	17	17	1	1	1	mobb0068	1		1.3	0	0.1	0	0	50	50	90	25	11	12	39	709	2340	101	234	54	57	0	0	18	0	52	0	0	0	0	0	221	221	221	221	0	0	100	0	100		0	0	3000021	1	100	3000022	3	100			100	110	200	9	3		9400050	9404010						EF0001	EF_die_01a	EF_ov_01a	55	8000	2				2101	1	10000	11015	1	1000	21005	1	100				557																	--	0	1級藥水、消耗品組	6	15級褲子組--灰	7	20級飾品／守護組--綠	1	--	0		68	13	523.10%	
	39	3000	3000039	兔子城	副本段	7		爆走小土蝸	蝸牛		小怪	1	地	戴宗	18	18	18	1	1	1	moba0019	2.5		1.3	0	0.1	0	0	70	70	70	40	11	9	47	573	2835	98	211	52	59	0	0	19	0	54	0	196	0	0	0	51	51	51	5	0	0	100	0	100		0	0	4000004	2	100	3008022	1	100			100	110	200	9	3		9400050	9404010						EF0001	EF_die_01a	EF_ov_01a	59	8000	2				2101	1	10000	11014	1	1000	21005	1	100				444																	--	0	1級藥水、消耗品組	6	15級上衣組--灰	7	20級飾品／守護組--綠	1	--	0		73	14	521.40%	
	40	3000	3000040	兔子城	副本段	7		野蠻白兔隊長	白兔		副本-大怪-血多攻弱	0	無	雷橫	21	19	19	1	1	1	moba0001	1.5		1.3	0	0.1	0	0	60	60	120	30	12	57	176	4771	2640	153	276	64	57	0	0	20	0	60	0	0	0	0	0	281	281	281	281	0	0	120	0	100		1	1	3000031	1	100	3000031	3	100			100	110	200	20	3		9400050	9404010						EF0001	EF_die_01a	EF_ov_01a	179	8000		9501	1	6000	2101	1	10000	11016	1	1000	21005	1	100				1153																	一千兩銀票組　	4	1級藥水、消耗品組	6	15級武器組--灰	8	20級飾品／守護組--綠	1	--	0		395	18	2194.40%	
	41	3000	3000041	兔子城	副本段	7		城堡守護者2號	披風兔		中BOSS	4	風	孫二娘	23	20	20	1	1	1	moba0062c	2		1.3	0	0.1	0	0	100	100	150	60	12	148	610	8676	3680	185	291	64	61	0	0	21	0	64	0	0	0	0	252	63	63	6	63	0	0	100	0	200		1	1	3200001	1	100	3200002	1	100			200	220	400	1800	3		9400050	9404010						EF0001	EF_die_01b	EF_ov_01a	4280	8000		9501	2	10000	2302	1	10000	13019	1	10000	23005	1	1000				3707																	一千兩銀票組　	12	20級武、防卷軸組	85	20級褲子組--綠	105	20級飾品／守護組--綠	7	--	0		"4,489"	209	2147.80%	
	21	3000	6100000	兔子城	副本段	7		噴火台(鐵質)	間歇性發射裝置		機關(噴火台)	3	火	平均	20	17	17	0	0	0	obj09a	1		1	0	0	0	1	50	50	50	25	1001			4605	2900	128	263	58	58	0	0	20	-100	58	0	0	0	216	0	54	5	54	54	0	0	500	0		100	1	1									0	0	0	-1	0									EF0001	EF_die_01a	EF_ov_01a	0	0																	0																	--	0	--	0	--	0	--	0	--	0		0	0		
	6	3000	3100003	兔子城	副本段	7		砲台(木質)	間歇性發射裝置		機關(同級可擋3下)	3	火	平均	20	17	17	1	1	0	obj09c	1		1.3	0		0	1	70	50	70	50	1001			4605	2900	128	263	58	58	0	0	20	-100	58	0	0	0	216	0	54	5	54	54	0	0	1000	0		100	0	1									0	0	0	-1	3			9404010						EF0001	EF_die_01a	EF_ov_01a	0	0																	0			20														--	0	--	0	--	0	--	0	--	0		0	0		
	7	3000	6100000	兔子城	副本段	7		上開式閘門	節奏性阻擋物件		機關(同級可擋3下)	0	無	平均	20	17	17	0	0	0	obj03	1		1	0	0	0	1	200	50	400	100	1001			4605	2900	128	263	58	58	0	0	20	-100	58	0	0	0	0	0	289	289	289	289	0	0	1000	0		50	1	1									0	0	0	-1	999999	5080010	5086010							EF0001	EF_die_01b	EF_ov_01a	0	0																	0																	--	0	--	0	--	0	--	0	--	0		0	0		
	46	3000	3000046	兔子城	副本段	11		爆走白兔	白兔		小怪	1	地	戴宗	22	22	22	1	1	1	moba0001	1.3		1.3	0	0.1	0	0	60	60	100	25	11	13	55	803	3255	155	255	60	68	0	0	21	0	62	0	250	0	0	0	65	65	65	7	0	0	100	0	100		0	0	3000031	2	100	3000032	1	100			100	110	200	9	3		9400050	9404010						EF0001	EF_die_01a	EF_ov_01a	21	3810	2				2102	1	10000	11027	1	1000	21008	1	100				642																	--	0	20級藥水、消耗品組	85	20級褲子組--灰	11	25級飾品／守護組--綠	1	--	0		105	97	108.20%	
	47	3000	3000047	兔子城	副本段	11		裝甲戰兔	坦克兔		小怪	0	無	雷橫	23	23	23	1	1	1	moba0002a	1		1.3	0	0.1	0	0	100	50	90	25	11	22	47	1270	2816	200	303	68	61	0	0	21	0	64	0	0	0	0	0	308	308	308	308	0	0	100	0	100		0	0	3004021	1	100	3004022	1	100			90	99	180	9	3		9500050	9504010						EF0001	EF_die_01a	EF_ov_01a	22	6818	2				2102	1	10000	11026	1	1000	21008	1	100				1100																	--	0	20級藥水、消耗品組	85	20級上衣組--灰	11	25級飾品／守護組--綠	1	--	0		112	97	115.50%	
	48	3000	3000048	兔子城	副本段	11		野蠻黃兔隊長	黃兔		副本-大怪-血多攻弱	4	風	孫二娘	26	24	24	1	1	1	moba0001b	1.5		1.3	0	0.1	0	0	60	60	120	30	12	53	267	4569	4025	281	326	70	67	0	0	23	0	70	0	0	0	0	299	75	75	8	75	0	0	120	0	150		1	1	3000031	2	100	3000032	1	100			100	110	200	20	3		9400050	9404010						EF0001	EF_die_01a	EF_ov_01a	188	8000		9501	1	6000	2102	1	10000	11028	1	1000	21008	1	100				1118																	一千兩銀票組　	4	20級藥水、消耗品組	85	20級武器組--灰	12	25級飾品／守護組--綠	1	--	0		580	102	568.60%	
	49	3000	3000049	兔子城	副本段	11		毒氣胖達	毒霧兔		中BOSS	0	無	林沖	28	25	25	1	1	1	moba0003	1.7		1.3	0	0.1	0	0	200	200	220	130	12	240	558	14660	3330	354	384	77	81	0	0	24	0	74	0	0	0	0	0	363	363	363	363	0	0	100	0	150		1	1	3200051	1	100	3200052	1	100			150	165	300	1800	3		9600050	9604010						EF0001	EF_die_01b	EF_ov_01a	6242	8000		9501	3	10000	2302	1	10000	13017	1	10000	23008	1	1000				6510																	一千兩銀票組　	18	20級武、防卷軸組	85	20級帽子組--綠	99	25級飾品／守護組--綠	11	--	0		"6,455"	213	3030.50%	
	50	3000	3000050	兔子城	魔王關	12		蘿蔔怪客	坦克兔		小怪	0	無	雷橫	22	22	22	1	1	1	moba0002b	1		1.3	0	0.1	0	0	100	50	90	25	11	20	46	1236	2728	174	288	66	59	0	0	21	0	62	0	0	0	0	0	293	293	293	293	0	0	100	0	100		0	0	3004021	1	100	3004022	1	100			90	99	180	9	3		9500050	9504010						EF0001	EF_die_01a	EF_ov_01a	21	3810	2				2102	1	10000	11027	1	1000	21008	1	100				1027																	--	0	20級藥水、消耗品組	85	20級褲子組--灰	11	25級飾品／守護組--綠	1	--	0		105	97	108.20%	
	51	3000	3000051	兔子城	魔王關	12		野蠻戰兔	粉紅兔		小怪	0	無	林沖	23	23	23	1	1	1	moba0001a	1		1.3	0	0.1	0	0	50	50	90	25	11	18	48	1058	2880	192	314	67	70	0	0	21	0	64	0	0	0	0	0	296	296	296	296	0	0	100	0	100		0	0	3000031	1	100	3000032	1	100			100	110	200	9	3		9400050	9404010						EF0001	EF_die_01a	EF_ov_01a	22	6818	2				2102	1	10000	11026	1	1000	21008	1	100				927																	--	0	20級藥水、消耗品組	85	20級上衣組--灰	11	25級飾品／守護組--綠	1	--	0		112	97	115.50%	
	52	3000	3000052	兔子城	魔王關	12		野蠻瑞比特	披風兔		小怪	1	地	平均	24	24	24	1	1	1	moba0062	2		1.3	0	0.1	0	0	100	100	150	60	12	18	55	1097	3300	208	303	66	66	0	0	22	0	66	0	265	0	0	0	67	67	67	7	0	0	100	0	200		1	1	3200001	1	100	3200002	1	100			200	220	400	20	3		9400050	9404010						EF0001	EF_die_01b	EF_ov_01a	24	7083	2	9501	1	6000	2102	1	10000	11028	1	1000	21008	1	100				963																	一千兩銀票組　	4	20級藥水、消耗品組	85	20級武器組--灰	12	25級飾品／守護組--綠	1	--	0		119	102	116.70%	
	53	3000	3000053	兔子城	魔王關	12		骷髏兔王跳跳	骷髏兔王跳跳		大BOSS	1	地	戴宗	30	25	25	1	1	1	mobb0001	2		1.3	0	0.1	0	0	150	150	300	90	6	406	1365	24149	4095	408	367	75	86	0	0	25	0	78	0	383	0	0	0	100	100	100	10	0	0	100	0	300	70	1	1	3200031	1	100	3200032	1	100			100	110	200	3600	3		9800050	9804010						EF0001	EF_die_01b	EF_ov_01a	13730	8000		2501	3	10000	2302	1	10000	13019	1	10000	23008	1	1000				11318																	變身糖果／彈珠組-兔王	381	20級武、防卷軸組	85	20級褲子組--綠	105	25級飾品／守護組--綠	11	--	0		"14,312"	582	2459.10%	
	54	3000	3000054	兔子城	副本段	9		蘿蔔	蘿蔔		小怪	0	無	特殊	1	1	1	1	0	0	con_002a	1		1.3	0	0.1	0	1	50	50	50	25	2001	0	0	1	0	1	67	0	0	0	0	0	0	0	0	1	1	1	1	1	1	1	1	0	0	100	0	100	100	1	1									0	0	0	9	1			9404010						EF0001	EF_die_01a	EF_ov_01a	0	0																	0																	--	0	--	0	--	0	--	0	--	0		0	0	0.00%	
	56	3000	3000056	兔子城	副本段	5		邪惡小白蝸	蝸牛		小怪	0	無	林沖	12	12	12	1	1	1	moba0019a	2.5		1.3	0	0.1	0	0	70	70	50	40	11	8	32	462	1890	70	174	44	46	0	0	16	0	42	0	0	0	0	0	164	164	164	164	0	0	100	0	100		0	0	4000001	2	100	3008022	1	100			100	110	200	9	3		9400050	9404010						EF0001	EF_die_01a	EF_ov_01a	29	8000	2				2101	1	10000	11003	1	1000	21003	1	100				302																	--	0	1級藥水、消耗品組	6	10級褲子組--灰	4	15級飾品組--綠	0	--	0		39	10	390.00%	
	58	3000	3000058	兔子城	副本段	10		野蠻小白蝸	蝸牛		小怪	1	地	戴宗	17	17	17	1	1	1	moba0019a	2.5		1.3	0	0.1	0	0	70	70	70	40	11	9	45	553	2730	93	200	50	57	0	0	18	0	52	0	185	0	0	0	48	48	48	5	0	0	100	0	100		0	0	4000004	2	100	3008022	1	100			100	110	200	9	3		9400050	9404010						EF0001	EF_die_01a	EF_ov_01a	55	8000	2				2101	1	10000	11015	1	1000	21005	1	100				408																	--	0	1級藥水、消耗品組	6	15級褲子組--灰	7	20級飾品／守護組--綠	1	--	0		68	13	523.10%	
	61	3000	6100000	兔子城	副本段	6		霧	霧		小怪	0	無	特殊	99	99	99	0	0	0	effect-fog	1		1	0	0	0	0	70	70	70	50	2001	0	0	200000	0	999	999	999	999	0	0	0	0	0	0	999	999	999	999	999	999	999	999	0	0	100	0		100	1	1									0	0	0	0	3												0	0																	0																	--	0	--	0	--	0	--	0	--	0		0	0	0.00%	
	64	3000	3200147	兔子城	副本段	9		優質蘿蔔	優質蘿蔔		小怪	0	無	特殊	1	1	1	1	0	0	con_002a	1		1.3	0	0.1	0	1	50	50	50	25	2001	0	0	1	0	1	67	0	0	0	0	0	0	0	0	1	1	1	1	1	1	1	1	0	0	100	0	100	100	1	1									0	0	0	9	1			9404010						EF0001	EF_die_01a	EF_ov_01a	0	0																	0																	--	0	--	0	--	0	--	0	--	0		0	0	0.00%	
	65	3000	3200148	兔子城	副本段	9		大蘿蔔	大蘿蔔		小怪	0	無	特殊	1	1	1	1	0	0	con_002a	1		1.3	0	0.1	0	1	50	50	50	25	2001	0	0	1	0	1	67	0	0	0	0	0	0	0	0	1	1	1	1	1	1	1	1	0	0	100	0	100	100	1	1									0	0	0	9	1			9404010						EF0001	EF_die_01a	EF_ov_01a	0	0																	0																	--	0	--	0	--	0	--	0	--	0		0	0	0.00%	
	66	3000	3000053	兔子城	魔王關	12		骷髏兔王跳跳	表演用		大BOSS	1	地	戴宗	30	25	25	0	0	0	mobb0001	2		1.3	0	0.1	0	0	150	150	300	90	1001	406	1365	24149	4095	408	367	75	86	0	0	25	0	78	0	383	0	0	0	100	100	100	10	0	0	100	0	300	70	1	1									100	110	200	-1	3		9800050	9804010						EF0001	EF_die_01b	EF_ov_01a	0	0																	0																															
	67	3000	6100000	兔子城	副本段	11、12		上開式閘門	節奏性阻擋物件		機關(同級可擋3下)	0	無	平均	25	22	22	0	0	0	obj03	1		1	0	0	0	1	200	50	400	100	1001			6450	3400	237	328	68	68	0	0	22	-100	68	0	0	0	0	0	361	361	361	361	0	0	1000	0		50	1	1									0	0	0	-1	999999	5080010	5086010							EF0001	EF_die_01b	EF_ov_01a	0	0																	0																	--	0	--	0	--	0	--	0	--	0		0	0		
	68	3000	6100000	兔子城	副本段	11		竹尖刺	節奏性阻擋物件		機關(同級可擋3下)	0	無	平均	25	22	22	0	0	0	obj03a	1		1	0	0	0	1	200	50	400	100	1001			6450	3400	237	328	68	68	0	0	22	-100	68	0	0	0	0	0	361	361	361	361	0	0	1000	0		50	1	1									0	0	0	-1	999999	5090010	5096010							EF0001	EF_die_01b	EF_ov_01a	0	0																	0																	--	0	--	0	--	0	--	0	--	0		0	0		
	69	3000	6100000	兔子城	副本段	11		噴火台(鐵質)	間歇性發射裝置		機關(噴火台)	3	火	平均	25	22	22	0	0	0	obj09a	1		1	0	0	0	1	50	50	50	25	1001			6450	3400	237	328	68	68	0	0	22	-100	68	0	0	0	286	0	72	7	72	72	0	0	500	0		100	1	1									0	0	0	-1	0									EF0001	EF_die_01a	EF_ov_01a	0	0																	0																	--	0	--	0	--	0	--	0	--	0		0	0		
	70	3000	3100003	兔子城	副本段	11、15		砲台(木質)	間歇性發射裝置		機關(同級可擋3下)	3	火	平均	25	22	22	1	1	0	obj09c	1		1.3	0		0	1	70	50	70	50	1001			6450	3400	237	328	68	68	0	0	22	-100	68	0	0	0	286	0	72	7	72	72	0	0	1000	0		100	0	1									0	0	0	-1	3			9404010						EF0001	EF_die_01a	EF_ov_01a	0	0																	0			20														--	0	--	0	--	0	--	0	--	0		0	0		
#	新手副本(一)用npc+MOB																																			0	0	0	0																	0	0		0																													0	0																	0																													0		
	101	3000	3200160	兔子城	副本段	4		活閃婆			NPC	0	無		3	3	3	0	0	1	npc0013b	1.5		1	0	0	0	0	80	80	80	60	1001			200000	0	999	999	999	999	999	999	999	999	999	999	999	999	999	999	999	999	999	999	0	0		0	100	100	1	1									350	385	400	-1	3												0	0																	0																															
	102	3000	3200062	兔子城	副本段	4		空軍隊長			NPC	0	無		3	3	3	0	0	1	npc0015b	1.5		1	0	0	0	0	75	75	105	45	1001			200000	0	999	999	999	999	999	999	999	999	999	999	999	999	999	999	999	999	999	999	0	0		0	100	100	1	1									350	385	400	-1	3												0	0																	0																															
	103	3000	3200069	兔子城	副本段	4		牙醫武松			NPC	0	無		6	6	6	0	0	1	npc0006b	1		1	0	0	0	0	80	80	90	40	1001			200000	0	999	999	999	999	999	999	999	999	999	999	999	999	999	999	999	999	999	999	0	0		0	100	100	1	1									300	330	400	-1	3												0	0																	0																															
	104	3000	3200084	兔子城	副本段	4		將軍摳男			NPC	0	無		8	8	8	0	0	1	npc0005b	1		1	0	0	0	0	80	130	110	60	1001			200000	0	999	999	999	999	999	999	999	999	999	999	999	999	999	999	999	999	999	999	0	0		0	100	100	1	1									350	385	400	-1	3												0	0																	0																															
	105	3000	3003601	兔子城	副本段	4		兔嘍嘍	白兔		副本-小怪	0	無	戴宗	1	1	1	1	1	1	moba0001	1.5		1.3	0	0.1	0	0	60	60	120	30	3	2	18	109	1050	24	62	19	22	0	0	10	0	20	0	0	0	0	0	80	80	80	80	0	0	100	0	100		1	1	3000031	2	100	3000032	1	100			150	165	300	-1	3		9400050	9404010						EF0001	EF_die_01a	EF_ov_01a	6	8000	1																2																												6	0	0.00%	
	106	3000	3003602	兔子城	副本段	4		面具忍者	頑童		副本-小怪	0	無	平均	1	1	1	1	1	1	mobb0069a	1		1.3	0	0.1	0	0	50	50	80	25	6	2	17	140	1000	25	67	20	20	0	0	10	0	20	0	0	0	0	0	74	74	74	74	0	0	100	0	450		0	0	3019138	1	100						100	350	200	-1	3		9400050	9404010						EF0001	EF_die_01a	EF_ov_01a	6	8000	1				2001	1	10000										3																												6	0	0.00%	
	107	3000	3003603	兔子城	副本段	4		藍小象	皺鼻象(小)		副本-小怪	1	地	雷橫	1	1	1	1	1	1	moba0087	0.3		1.3	0	0.1	0	0	70	60	60	40	3	2	15	168	880	27	70	21	19	0	0	10	0	20	0	37	0	0	0	10	10	10	1	0	0	100	0	150				3218011	1	100	3218012	1	100			100	110	200	-1	3		9400050	9404010						EF0001	EF_die_01a	EF_ov_01a	6	8000	1																8																												6	0	0.00%	
	108	3000	3003604	兔子城	副本段	4		象隊長	盾紅象		副本-中怪	0	無	林沖	3	2	2	1	1	1	moba0031d	0.6		1.3	0	0.1	0	0	120	120	180	70	5	5	36	340	1080	34	92	25	26	0	0	11	0	24	0	0	0	0	0	87	87	87	87	0	0	110	0	200		1		3218021	1	100	3218022	2	100			150	165	300	-1	3		9400050	9404010						EF0001	EF_die_01a	EF_ov_01a	16	8000	1				2001	1	10000										42																												16	0	0.00%	
	109	3000	3003605	兔子城	副本段	4		惡獅	角瞳獅(橘)		副本-小怪	0	無	孫二娘	2	2	2	1	1	1	moba0022a	0.8		1.3	0	0.1	0	0	120	80	80	64	107	2	21	129	1265	29	75	22	21	0	0	11	0	22	0	0	0	0	0	83	83	83	83	0	0	100	0	150		1	0	3506031	3	100	3506032	1	100			300	330	400	-1	3		9400050	9404010						EF0001	EF_die_01a	EF_ov_01a	7	8000	1																14																												7	0	0.00%	
	110	3000	3003606	兔子城	副本段	4		飛彈彪	噴火彪王(最終)		副本-中怪	3	火	雷橫	4	3	3	1	1	1	moba0111	1.5		1.3	0	0.1	0	0	120	140	220	80	5	6	39	434	1144	40	101	28	25	0	0	12	0	26	0	0	0	55	0	14	1	14	14	0	0	110	0	150	75	1	1	3231011	2	100	3231012	1	100			300	330	600	-1	3		9400050	9404010						EF0001	EF_die_01b	EF_ov_01a	20	8000	1				2001	1	10000										73																												20	0	0.00%	
	111	3000	3003607	兔子城	副本段	4		膽小射手	逃兵	2.一有仇恨名單就遠距攻擊	副本-小怪	0	無	雷橫	3	3	3	1	1	1	moba9102a	1.3		1.3	0	0.1	0	1	80	80	80	40	6	4	18	204	1056	36	88	25	23	0	0	11	0	24	0	0	0	0	0	90	90	90	90	0	0	100	0	450	20	1	1	3519041	1	100	3519042	1	100			125	350	250	-1	3		9400050	9404010						EF0001	EF_die_01a	EF_ov_01a	8	8000	1																48																												8	0	0.00%	
	112	3000	3003608	兔子城	副本段	4		洛克駝	流星駝		副本-中怪	1	地	平均	5	4	4	1	1	1	moba0115	1.5		1.3	0	0.1	0	1	180	80	160	90	5	5	46	394	1400	43	111	28	28	0	0	12	0	28	0	68	0	0	0	17	17	17	2	0	0	110	0	250	100	1	1	3507051	3	100	3507052	1	100			150	165	300	-1	3		9400050	9404010						EF0001	EF_die_01b	EF_ov_01a	25	8000	1				2001	1	10000										84																												25	0	0.00%	
	113	3000	3003609	兔子城	副本段	4		惡貓			副本-小怪	2	水	戴宗	4	4	4	1	1	1	moba0015a	1		1.3	0	0.1	0	0	50	50	80	30	107	2	23	141	1365	36	89	25	29	0	0	12	0	26	0	0	61	0	0	2	16	16	16	0	0	100	0	150		0	0	3509011	2	100	3509012	1	100			300	330	400	-1	3		9400050	9404010						EF0001	EF_die_01a	EF_ov_01a	10	8000	1				2001	1	10000										39																												10	0	0.00%	
	114	3000	3003610	兔子城	副本段	4		惡犬			副本-小怪	0	無	戴宗	4	4	4	1	1	1	moba0005b	1.5		1.3	0	0.1	0	0	60	60	70	35	107	2	23	141	1365	36	89	25	29	0	0	12	0	26	0	0	0	0	0	116	116	116	116	0	0	100	0	150		0	0	3510021	3	100	3510022	1	100			300	330	400	-1	3		9400050	9404010						EF0001	EF_die_01a	EF_ov_01a	10	8000	1				2001	1	10000										39																												10	0	0.00%	
	115	3000	3003611	兔子城	副本段	4		錘頭鴕鳥	大鴕哥		副本-小怪	0	無	雷橫	5	5	5	1	1	1	moba0040e	1		1.3	0	0.1	0	0	50	50	80	25	3	4	20	236	1232	46	115	30	27	0	0	12	0	28	0	0	0	0	0	117	117	117	117	0	0	100	0	150	10	1	1	3512021	3	100	3512022	1	100			125	137	250	-1	3		9400050	9404010						EF0001	EF_die_01a	EF_ov_01a	12	8000	1				2001	1	10000										115																												12	0	0.00%	
	116	3000	3003612	兔子城	副本段	4		輪車鷹王	老鷹王		副本-大怪-血多攻弱	4	風	平均	7	5	5	1	1	1	moba0029	1.8		1.3	0	0.1	0	0	70	70	150	35	5	500	108	1080	1600	43	111	32	32	0	0	13	0	32	0	0	0	0	82	21	21	2	21	0	0	120	0	300	80	1	1	3244041	3	100	3244042	1	100			150	165	500	-1	3		9400050	9404010						EF0001	EF_die_01a	EF_ov_01a	38	8000	1				2001	1	10000										113																												76	0	0.00%	
	117	3000	3500401	兔子城	副本段	4		叛克	終極狩獵魔王		副本-小BOSS	0	無	平均	9	6	6	1	1	1	mob_special001c	0.2		1	0	0	1	0	250	250	175	125	19	600	380	1520	99999	51	131	36	36	0	0	14	0	36	0	0	0	0	0	144	144	144	144	0	0	160	10	300	95	1	1									100	300	380	-1	3		9900050	9404010						EF0001	EF_die_01b	EF_ov_01a	95	8000	1				2001	1	10000										292																	--	0	1級藥水、消耗品組	6	--	0	--	0	--	0		101	6	1683.30%	
	118	3000	3500403	兔子城	副本段	4		[狩獵王]高球	白兔		野外狩獵王	0	無	戴宗	63	60	60	1	1	1	npc0020b	1		1.3	0	0.1	0	0	120	120	110	60	5	9968	22680	595717	7560	1531	832	138	158	0	0	41	0	144	0	0	0	0	0	1080	1080	1080	1080	0	0	750	0	400	100	1	1									300	330	600	-1	3									EF0001	EF_die_01a	EF_ov_01a	0	0																	0																												0	0	0.00%	
	119	3000	6100000	兔子城	副本段	4		柵欄	可破壞阻擋物件		機關	0	無	平均	8	5	5	0	0	0	obj02a	1		1.3	0		0	1	200	100	180	100	1001			1435	1700	47	121	34	34	0	0	14	0	34	0	0	0	0	0	133	133	133	133	0	0	100	0		50	0	1									0	0	0	-1	2		5060050	9404010						EF0001	EF_die_01a	EF_ov_01a	0	0																	0			20														--	0	--	0	--	0	--	0	--	0		0	0	0	
	120	3000	6100000	兔子城	副本段	4		透明怪(不顯示)	透明怪		小怪	0	無	平均	41	41	41	0	0	0	obj00	1		1	0	0	0	0	70	70	70	50	1001	38	83	2307	5000	719	541	100	100	0	0	30	0	100	0	0	0	0	0	595	595	595	595	0	0	100	0	150	100	1	1									300	330	600	-1	3												0	0																	0																	--	0	--	0	--	0	--	0	--	0		0	0	0.00%	
	121	3000	3000049	兔子城	副本段	11		毒氣胖達	毒霧兔		副本-中怪	0	無	林沖	3	2	2	1	1	1	moba0003	1.7		1.3	0	0.1	0	0	200	200	220	130	19	5	36	340	1080	34	92	25	26	0	0	11	0	24	0	0	0	0	0	87	87	87	87	0	0	110	0	150		1	1	3200051	1	100	3200052	1	100			150	165	300	-1	3		9600050	9604010						EF0001	EF_die_01b	EF_ov_01a	16	8000	1				2001	1	10000										42																												16	0	0.00%	
#	新手副本(二)用npc+MOB																																			0	0	0	0																	0	0		0																													0	0																	0																													0		
	205	3000	3000022	兔子城	副本段	13		毀滅蝗蟲	蝗蟲		副本-小怪	0	無	林沖	6	6	6	1	1	1	mobb0068	1		1.3	0	0.1	0	0	50	50	90	25	3	4	23	255	1350	41	109	31	33	0	0	13	0	30	0	0	0	0	0	103	103	103	103	0	0	100	0	100		0	0	3000021	1	100	3000022	3	100			100	110	200	-1	3		9400050	9404010						EF0001	EF_die_01a	EF_ov_01a	16	8000	1																103																												16	0	0.00%	
	206	3000	3003602	兔子城	副本段	13		面具忍者	頑童		副本-小怪	0	無	平均	6	6	6	1	1	1	mobb0069b	1		1.3	0	0.1	0	0	50	50	80	25	6	4	25	255	1500	39	101	30	30	0	0	13	0	30	0	0	0	0	0	111	111	111	111	0	0	100	0	450		0	0	3019138	1	100						100	350	200	-1	3		9400050	9404010						EF0001	EF_die_01a	EF_ov_01a	16	8000	1				2001	1	10000										92																												16	0	0.00%	
	207	3000	3001905	大象城	副本段	13		變色小紅龍	變色龍小兵		副本-小怪	0	無	林沖	6	6	6	1	1	1	moba0007	1		1.3	0	0.1	0	0	50	50	40	40	3	4	23	255	1350	41	109	31	33	0	0	13	0	30	0	0	0	0	0	103	103	103	103	0	0	100	0	150				3019051	3	100	3019052	1	100			100	110	200	-1	3		9400050	9404010						EF0001	EF_die_01a	EF_ov_01a	16	8000	1																103																	--	0	--	0	--	0	--	0	--	0		16	0	0.00%	
	208	3000	3001907	大象城	副本段	13		大龍砲車	變色龍砲車		副本-中怪	0	無	林沖	7	6	6	1	1	1	mobb0009	0.7		1.3	0	0.1	0	0	160	150	120	90	5	8	49	540	1440	45	120	33	35	0	0	13	0	32	0	0	0	0	0	113	113	113	113	0	0	110	0	200		1	1	3219051	3	100	3219052	2	100			100	110	200	-1	3		9400050	9404010						EF0001	EF_die_01a	EF_ov_01a	38	8000	1				2001	1	10000										124																												38	0	0.00%	
	209	3000	3003605	兔子城	副本段	13		惡獅	角瞳獅		副本-小怪	0	無	孫二娘	6	6	6	1	1	1	moba0022b	0.8		1.3	0	0.1	0	0	120	80	80	64	107	3	29	209	1725	39	101	30	29	0	0	13	0	30	0	0	0	0	0	111	111	111	111	0	0	100	0	150		1	0	3506031	3	100	3506032	1	100			300	330	400	-1	3		9400050	9404010						EF0001	EF_die_01a	EF_ov_01a	16	8000	1																76																												16	0	0.00%	
	210	3000	3003503	彪城	副本段	13		奔雷虎	奔雷虎		副本-中怪	0	無	平均	8	7	7	1	1	1	mobb0112	1.5		1.3	0	0.1	0	0	150	100	200	100	5	8	56	574	1700	47	121	34	34	0	0	14	0	34	0	0	0	0	0	133	133	133	133	0	0	110	0	150	75	1	1	3535031	1	100	3535032	3	100			300	300	300	-1	3		9400050	9404010						EF0001	EF_die_01b	EF_ov_01a	44	8000	1				2001	1	10000										143																												44	0	0.00%	
	211	3000	3005001	駱城	副本段	13		山駱駝			副本-小怪	4	風	戴宗	6	6	6	1	1	1	moba0016b	1		1.3	0	0.1	0	1	120	40	80	25	3	3	26	199	1575	37	93	29	33	0	0	13	0	30	0	0	0	0	78	21	21	2	21	0	0	100	0	150		0	0	4000001	2	100	3507052	1	100			100	110	200	-1	3		9400050	9404010						EF0001	EF_die_01a	EF_ov_01a	16	8000	1																64																	--	0	--	0	--	0	--	0	--	0		16	0	0.00%	
	212	3000	3005004	駱城	副本段	13		雙嘻蠍			副本-中怪	3	火	平均	8	7	7	1	1	1	mobb0036	1.3		1.3	0	0.1	0	1	180	100	120	25	5	8	56	574	1700	47	121	34	34	0	0	14	0	34	0	0	0	90	0	23	2	23	23	0	0	110	0	150	80	1	1	3508052	1	100	3236042	1	100			125	137	300	-1	3		9400050	9404010						EF0001	EF_die_01a	EF_ov_01a	38	8000	1				2001	1	10000										143																	--	0	1級藥水、消耗品組	6	--	0	--	0	--	0		44	6	733.30%	
	213	3000	3003609	兔子城	副本段	13		惡貓			副本-小怪	2	水	戴宗	6	6	6	1	1	1	moba0015b	1		1.3	0	0.1	0	0	50	50	80	30	107	3	26	199	1575	37	93	29	33	0	0	13	0	30	0	0	78	0	0	2	21	21	21	0	0	100	0	150		0	0	3509011	2	100	3509012	1	100			300	330	300	-1	3		9400050	9404010						EF0001	EF_die_01a	EF_ov_01a	16	8000	1																64																												16	0	0.00%	
	214	3000	3006004	貓城	副本段	13		貓王			副本-中怪	3	火	平均	8	7	7	1	1	1	mobb0015	2		1.3	0	0.1	0	0	80	80	140	50	107	8	56	574	1700	47	121	34	34	0	0	14	0	34	0	0	0	90	0	23	2	23	23	0	0	110	0	150	80	1	1	3509051	3	100	3509052	1	100			300	500	300	-1	10		9400050	9404010						EF0001	EF_die_01b	EF_ov_01a	38	8000	1				2001	1	10000										143																	--	0	1級藥水、消耗品組	6	--	0	--	0	--	0		44	6	733.30%	
	215	3000	3004001	鷹城	副本段	13		飛天蝠	飛蝠道		副本-小怪	4	風	戴宗	7	7	7	1	1	1	moba0091	1		1.3	0	0.1	0	0	50	50	80	25	3	4	28	211	1680	41	102	31	35	0	0	13	0	32	0	0	0	0	85	22	22	2	22	0	0	100	0	150		0	0	3242051	2	100	3242052	1	100			125	137	250	-1	3		9400050	9404010						EF0001	EF_die_01a	EF_ov_01a	19	8000	1																86																	--	0	--	0	--	0	--	0	--	0		19	0	0.00%	
	216	3000	3004004	鷹城	副本段	13		熱狗大亨	熱狗大亨		副本-大怪-血多攻弱	3	火	平均	10	8	8	1	1	1	moba0041	4		1.3	0	0.1	0	0	100	100	140	60	5	600	128	1596	1900	57	147	38	38	0	0	15	0	38	0	0	0	109	0	28	3	28	28	0	0	120	0	400	80	1	1	3242041	1	100	3242042	10	100			125	137	500	-1	3		9400050	9404010						EF0001	EF_die_01a	EF_ov_01a	52	8000	1				2001	1	10000										277																	--	0	1級藥水、消耗品組	6	--	0	--	0	--	0		115	6	1916.70%	
	217	3000	3500401	兔子城	副本段	13		叛克	終極狩獵魔王		副本-小BOSS	0	無	平均	13	10	10	1	1	1	mob_special001c	0.25		1	0	0	1	0	250	250	175	125	19	700	380	2415	99999	71	172	44	44	0	0	16	0	44	0	0	0	0	0	189	189	189	189	0	0	160	10	300	95	1	1									100	300	380	-1	3		9900050	9404010						EF0001	EF_die_01b	EF_ov_01a	169	8000	1				2001	1	10000										650																	--	0	1級藥水、消耗品組	6	--	0	--	0	--	0		175	6	2916.70%	
	218	3000	3500403	兔子城	副本段	13		[狩獵王]高球	白兔		野外狩獵王	0	無	戴宗	63	60	60	1	1	1	npc0020b	1		1.3	0	0.1	0	0	120	120	110	60	5	9968	22680	595717	7560	1531	832	138	158	0	0	41	0	144	0	0	0	0	0	1080	1080	1080	1080	0	0	750	0	400	100	1	1									300	330	600	-1	3									EF0001	EF_die_01a	EF_ov_01a	0	0																	0																												0	0	0.00%	
	219	3000	6100000	兔子城	副本段	13		柵欄	可破壞阻擋物件		機關	0	無	平均	13	10	10	0	0	0	obj02a	1		1.3	0		0	1	200	100	180	100	1001			2415	2200	71	172	44	44	0	0	16	0	44	0	0	0	0	0	189	189	189	189	0	0	100	0		50	0	1									0	0	0	-1	2		5060050	9404010						EF0001	EF_die_01a	EF_ov_01a	0	0																	0			20														--	0	--	0	--	0	--	0	--	0		0	0	0	
	220	3000	6100000	兔子城	副本段	13		透明怪(不顯示)	透明怪		小怪	0	無	平均	41	41	41	0	0	0	obj00	1		1	0	0	0	0	70	70	70	50	1001	38	83	2307	5000	719	541	100	100	0	0	30	0	100	0	0	0	0	0	595	595	595	595	0	0	100	0	150	100	1	1									300	330	600	-1	3												0	0																	0																	--	0	--	0	--	0	--	0	--	0		0	0	0.00%	
	221	3000	3000017	兔子城	副本段	13		跳繩兄弟兔	手榴彈		副本-中怪	1	地	林沖	7	6	6	1	1	1	moba0004	2.5		1.3	0	0.1	0	0	150	150	170	90	19	8	49	540	1440	45	120	33	35	0	0	13	0	32	0	79	0	0	0	19	19	19	2	0	0	110	0	150		1	1	3200061	1	100	3200062	1	100			200	220	400	-1	3		9700050	9704010						EF0001	EF_die_01b	EF_ov_01a	38	8000	1																124																												38	0	0.00%	
#	新手副本(三)用npc+MOB																																			0	0	0	0																	0	0		0																													0	0																	0																													0		
	305	3000	3000050	兔子城	魔王關	14		蘿蔔怪客	坦克兔		副本-小怪	0	無	雷橫	11	11	11	1	1	1	moba0002b	1		1.3	0	0.1	0	0	100	50	90	25	3	8	29	526	1760	68	157	42	38	0	0	15	0	40	0	0	0	0	0	160	160	160	160	0	0	100	0	100		0	0	3004021	1	100	3004022	1	100			90	99	180	-1	3		9500050	9504010						EF0001	EF_die_01a	EF_ov_01a	35	8000	1																409																												35	0	0.00%	
	306	3000	3003602	兔子城	副本段	4		面具忍者	頑童	2.一有仇恨名單就遠距攻擊	副本-小怪	0	無	平均	11	11	11	1	1	1	mobb0069b	1		1.3	0	0.1	0	0	50	50	80	25	6	7	33	438	2000	63	151	40	40	0	0	15	0	40	0	0	0	0	0	166	166	166	166	0	0	100	0	450		0	0	3019138	1	100						100	350	200	-1	3		9400050	9404010						EF0001	EF_die_01a	EF_ov_01a	35	8000	1				2001	1	10000										333																												35	0	0.00%	
	307	3000	3001909	大象城	副本段	19		變色小藍龍	變色龍小兵(藍)		副本-小怪	0	無	林沖	11	11	11	1	1	1	moba0007a	1		1.3	0	0.1	0	0	50	50	30	40	3	7	30	438	1800	66	163	42	44	0	0	15	0	40	0	0	0	0	0	154	154	154	154	0	0	100	0	150				3019051	3	100	3019052	1	100			100	110	200	-1	3		9400050	9404010						EF0001	EF_die_01a	EF_ov_01a	35	8000	1																348																	--	0	--	0	--	0	--	0	--	0		35	0	0.00%	
	308	3000	3002209	大象城	副本段	22		瘋狂小飛			副本-中怪	4	風	林沖	13	12	12	1	1	1	mobb0090	0.3		1.3	0	0.1	0	0	70	90	90	50	5	13	67	966	1980	74	186	46	48	0	0	16	0	44	0	0	0	0	130	31	31	3	31	0	0	110	0	300	75	1	1	3222061	1	100	3222062	1	100			500	550	1000	-1	3		9400050	9404010						EF0001	EF_die_01b	EF_ov_01a	81	8000	1				2001	1	10000										407																	--	0	1級藥水、消耗品組	6	--	0	--	0	--	0		87	6	1450.00%	
	309	3000	3003605	兔子城	副本段	4		惡獅	角瞳獅(橘)		副本-小怪	0	無	孫二娘	12	12	12	1	1	1	moba0022c	0.8		1.3	0	0.1	0	0	120	80	80	64	107	7	40	379	2415	67	161	42	40	0	0	16	0	42	0	0	0	0	0	177	177	177	177	0	0	100	0	150		1	0	3506031	3	100	3506032	1	100			300	330	400	-1	3		9400050	9404010						EF0001	EF_die_01a	EF_ov_01a	39	8000	1																308																												39	0	0.00%	
	310	3000	3003403	彪城	副本段	34		金獅庄	金獅庄		副本-中怪	3	火	平均	14	13	13	1	1	1	moba0113	1.3		1.3	0	0.1	0	0	100	150	150	70	5	13	76	1008	2300	76	183	46	46	0	0	17	0	46	0	0	0	144	0	36	4	36	36	0	0	110	0	150	75	1	1	3234023	3	100	3234021	1	100			100	110	200	-1	5		9400050	9404010				80		EF0001	EF_die_01b	EF_ov_01a	90	8000	1				2001	1	10000										436																	--	0	1級藥水、消耗品組	6	--	0	--	0	--	0		96	6	1600.00%	
	311	3000	3003607	兔子城	副本段	4		膽小射手	逃兵	2.一有仇恨名單就遠距攻擊	副本-小怪	0	無	雷橫	13	13	13	1	1	1	moba9102a	1.3		1.3	0	0.1	0	1	80	80	80	40	6	10	33	580	1936	77	179	47	42	0	0	16	0	44	0	0	0	0	0	182	182	182	182	0	0	100	0	450	20	1	1	3519041	1	100	3519042	1	100			125	350	250	-1	3		9400050	9404010						EF0001	EF_die_01a	EF_ov_01a	44	8000	1																518																												44	0	0.00%	
	312	3000	3005104	駱城	副本段	37		五行蛇			副本-中怪	0	無	林沖	15	14	14	1	1	1	moba0037	1		1.3	0	0.1	0	0	150	100	100	80	5	16	72	1256	2160	86	218	50	53	0	0	17	0	48	0	0	0	0	0	206	206	206	206	0	0	110	0	150	80	1	1	4000003	2	100	4000007	1	100			125	137	500	-1	3		9400050	9404010						EF0001	EF_die_01a	EF_ov_01a	100	8000	1				2001	1	10000										572																	--	0	1級藥水、消耗品組	6	--	0	--	0	--	0		106	6	1766.70%	
	313	3000	3300088	貓城	副本段	40		狗王			副本-大怪-血多攻弱	2	水	雷橫	16	14	14	1	1	1	moba0005b	3		1.3	0	0.1	0	0	100	100	100	60	107	37	148	3298	2200	98	212	53	48	0	0	18	0	50	0	0	156	0	0	4	40	40	40	0	0	120	0	150	80	1	1	3240051	6	100	3240052	1	100			300	330	500	-1	10		9400050	9404010						EF0001	EF_die_01a	EF_ov_01a	119	8000	1				2001	1	10000										723																	--	0	1級藥水、消耗品組	6	--	0	--	0	--	0		250	6		
	314	3000	3003610	兔子城	副本段	4		惡犬			副本-小怪	0	無	戴宗	14	14	14	1	1	1	moba0005b	1.5		1.3	0	0.1	0	0	60	60	70	35	107	6	40	393	2415	73	168	44	51	0	0	17	0	46	0	0	0	0	0	218	218	218	218	0	0	100	0	150		0	0	3510021	3	100	3510022	1	100			300	330	400	-1	3		9400050	9404010						EF0001	EF_die_01a	EF_ov_01a	48	8000	1																353																												48	0	0.00%	
	315	3000	3004102	鷹城	副本段	43		截氣臭鼬	毒氣鼬		副本-小怪	1	地	平均	15	15	15	1	1	1	moba0055	1.2		1.3	0	0.1	0	0	60	40	65	30	3	10	40	628	2400	83	202	48	48	0	0	17	0	48	0	158	0	0	0	40	40	40	4	0	0	100	0	150		0	0	3243021	3	100	3243022	1	100			100	110	200	-1	3		9400050	9404010						EF0001	EF_die_01a	EF_ov_01a	53	8000	1																599																	--	0	--	0	--	0	--	0	--	0		53	0	0.00%	
	316	3000	3004301	鷹城	副本段	44		滑翔鷹	滑翔鷹		副本-大怪-血少攻強	4	風	平均	17	15	15	1	1	1	moba0034	1.5		1.3	0	0.1	0	1	100	50	80	40	5	600	86	1418	2600	97	217	52	52	0	0	18	0	52	0	0	0	0	178	45	45	4	45	0	0	140	0	300	10	1	1	3244051	3	100	3244052	1	100			150	165	500	-1	3		9400050	9404010						EF0001	EF_die_01a	EF_ov_01a	130	8000	1				2001	1	10000										648																	--	0	1級藥水、消耗品組	6	--	0	--	0	--	0		271	6	4516.70%	
	317	3000	3500401	兔子城	副本段	4		叛克	終極狩獵魔王		副本-小BOSS	0	無	平均	19	16	16	1	1	1	mob_special001c	0.3		1	0	0	1	0	250	250	175	125	19	700	380	3835	99999	107	240	56	56	0	0	19	0	56	0	0	0	0	0	264	264	264	264	0	0	160	10	300	95	1	1									100	300	380	-1	3		9900050	9404010						EF0001	EF_die_01b	EF_ov_01a	311	8000	1				2001	1	10000										1270																	--	0	1級藥水、消耗品組	6	--	0	--	0	--	0		317	6	5283.30%	
	318	3000	3500403	兔子城	副本段	4		[狩獵王]高球	白兔		野外狩獵王	0	無	戴宗	63	60	60	1	1	1	npc0020b	1		1.3	0	0.1	0	0	120	120	110	60	5	9968	22680	595717	7560	1531	832	138	158	0	0	41	0	144	0	0	0	0	0	1080	1080	1080	1080	0	0	750	0	400	100	1	1									300	330	600	-1	3									EF0001	EF_die_01a	EF_ov_01a	0	0																	0																												0	0	0.00%	
	319	3000	6100000	兔子城	副本段	4		柵欄	可破壞阻擋物件		機關	0	無	平均	18	15	15	0	0	0	obj02a	1		1.3	0		0	1	200	100	180	100	1001			3675	2700	102	229	54	54	0	0	19	0	54	0	0	0	0	0	252	252	252	252	0	0	100	0		50	0	1									0	0	0	-1	2		5060050	9404010						EF0001	EF_die_01a	EF_ov_01a	0	0																	0			20														--	0	--	0	--	0	--	0	--	0		0	0	0	
	320	3000	6100000	兔子城	副本段	4		透明怪(不顯示)	透明怪		小怪	0	無	平均	41	41	41	0	0	0	obj00	1		1	0	0	0	0	70	70	70	50	1001	38	83	2307	5000	719	541	100	100	0	0	30	0	100	0	0	0	0	0	595	595	595	595	0	0	100	0	150	100	1	1									300	330	600	-1	3												0	0																	0																	--	0	--	0	--	0	--	0	--	0		0	0	0.00%	
	321	3000	3000052	兔子城	魔王關	14		野蠻瑞比特	披風兔		副本-小怪	1	地	平均	12	12	12	1	1	1	moba0062	2		1.3	0	0.1	0	0	100	100	150	60	19	8	35	462	2100	67	161	42	42	0	0	16	0	42	0	126	0	0	0	32	32	32	3	0	0	100	0	200		1	1	3200001	1	100	3200002	1	100			200	220	400	-1	3		9400050	9404010						EF0001	EF_die_01b	EF_ov_01a	33	8000	1				2001	1	10000										376																	--	0	1級藥水、消耗品組	6	--	0	--	0	--	0		39	6	650.00%	
#	大象城用MOB：a-b-cd（第 a 座主城第 b 關第 cd 隻怪物）																																			0	0	0	0																	0	0		0																													0	0																	0																													0		
	2105	3000	3001705	大象城	副本段	17		小青藍象	藍象(小)		副本-小怪	2	水	雷橫	21	21	21	1	1	1	moba0031a	0.5		1.3	0	0.1	0	0	100	100	100	60	3	20	44	1193	2640	153	276	64	57	0	0	20	0	60	0	0	211	0	0	5	55	55	55	0	0	100	0	150				4000001	3	100	3218001	2	100			100	110	200	9	3		9400050	9404010						EF0001	EF_die_01a	EF_ov_01a	20	2000	2				2102	1	10000	11025	1	1000	21005	1	100				1250																	--	0	20級藥水、消耗品組	85	20級帽子組--灰	10	20級飾品／守護組--綠	1	--	0		99	96	103.10%	
	2106	3000	3001706	大象城	副本段	17		小皺鼻象	皺鼻象(小)		副本-小怪	1	地	雷橫	23	23	23	1	1	1	moba0087	0.5		1.3	0	0.1	0	0	125	90	100	75	3	22	47	1270	2816	200	303	68	61	0	0	21	0	64	0	233	0	0	0	61	61	61	6	0	0	100	0	150				3218011	1	100	3218012	1	100			100	110	200	9	3		9400050	9404010						EF0001	EF_die_01a	EF_ov_01a	22	6818	2				2102	1	10000	11026	1	1000	21008	1	100				1429																	--	0	20級藥水、消耗品組	85	20級上衣組--灰	11	25級飾品／守護組--綠	1	--	0		112	97	115.50%	
	2107	3000	6100000	大象城	副本段	17		蒸汽孔(鐵管)	間歇性發射裝置		機關(噴火台)	3	火	平均	24	21	21	0	0	0	obj18	1		1	0	0	0	1	50	50	50	25	1001			5485	3300	208	303	66	66	0	0	22	-100	66	0	0	0	265	0	67	7	67	67	0	0	500	0		100	1	1									0	0	0	-1	0									EF0001	EF_die_01a	EF_ov_01a	0	0																	0																	--	0	--	0	--	0	--	0	--	0		0	0		
	2108	3000	6100000	大象城	副本段	17		熱火管滾筒	持續扣血物件		機關(噴火台)	3	火	平均	24	21	21	0	0	0	obj14	1		1	0	0	0	1	600	100	110	100	1001			5485	3300	208	303	66	66	0	0	22	-100	66	0	0	0	265	0	67	7	67	67	0	0	500	0		50	1	1									0	0	0	-1	3									EF0001	EF_die_01a	EF_ov_01a	0	0																	0																	--	0	--	0	--	0	--	0	--	0		0	0		
	2109	3000	6100000	大象城	副本段	17		鐵板	時間性作用的物體		機關(噴火台)	0	無	平均	21	18	21	0	0	0	obj17	1		1	0	0	0	1	400	500	50	250	1001			4970	3000	142	265	60	60	0	0	20	-100	60	0	0	0	0	0	292	292	292	292	0	0	500	0		100	1	1									0	0	0	2	1									Empty	Empty	Empty	0	0																	0																	--	0	--	0	--	0	--	0	--	0		0	0		
	2110	3000	6100000	大象城	副本段	17		隱形機關	有攻擊力的隱形物件		機關(噴火台)	0	無	平均	21	18	21	0	0	0	obj00	1		1	0	0	0	1	50	50	50	50	1001			4970	3000	142	265	60	60	0	0	20	-100	60	0	0	0	0	0	292	292	292	292	0	0	500	0		100	1	1									0	0	0	-1	3									EF0001	EF_die_01a	EF_ov_01a	0	0																	0																	--	0	--	0	--	0	--	0	--	0		0	0		
	2111	3000	3100026	大象城	副本段	17		香蕉發射要塞	可破壞阻擋物件		機關(噴火台)	3	怕水	平均	28	25	25	1	1	1	obj13	0.5		1.3	0		0	0	380	400	320	280	1001			7330	3700	340	356	74	74	0	0	24	-100	74	0	0	0	0	0	82	8	82	82	0	0	500	0	300	50	1	1	3217011	1	100	3217013	1	100			200	220	400	1800	10			9404010					50	EF0001	EF_die_01b	EF_ov_01a	0	0																	3185			20														--	0	--	0	--	0	--	0	--	0		"3,228"	0		
	2112	3000	3100012	大象城	副本段	17		隱藏寶箱	可破壞阻擋物件		機關	3	怕水	平均	28	25	25	1	1	0	obj11f	3		1.3	0		0	1	150	150	120	90	1001			7330	3700	340	356	74	74	0	0	24	0	74	0	0	0	0	0	82	8	82	82	0	0	100	0		50	0	1									200	220	400	-1	10		5200050	9404010						EF0001	EF_die_01a	EF_ov_01a	0	0	2				2602	2	10000	16025	1	3000	26008	1	1500				0			20														--	0	20級藥水、消耗品組	170	25級帽子組--綠	44	25級飾品／守護組--綠	16	--	0		0	229	0.00%	-229
	2201	3000	3002601	大象城	副本段	26		淘氣頑童	頑童		副本-小怪	0	無	林沖	37	37	37	1	1	1	mobb0069	1		1.3	0	0.1	0	0	50	50	80	25	9	33	69	1746	3780	514	460	96	101	0	0	28	0	92	0	0	0	0	0	493	493	493	493	0	0	100	0	150				3507021	1	100	3507022	5	100			100	110	250	9	3		9400050	9404010						EF0001	EF_die_01a	EF_ov_01a	114	8000	2				2102	1	10000	11063	1	1000	21014	1	100				2253																	--	0	20級藥水、消耗品組	85	35級褲子組--灰	29	40級飾品／守護組--綠	3	--	0		286	116	246.60%	
	2202	3000	3002602	大象城	副本段	26		小皺鼻象	皺鼻象(小)		副本-小怪	0	無	林沖	38	38	38	1	1	1	moba0087	0.5		1.3	0	0.1	0	0	125	90	100	75	9	34	70	1786	3870	532	477	98	103	0	0	29	0	94	0	0	0	0	0	510	510	510	510	0	0	100	0	150			1	3218011	1	100	3218012	1	100			100	110	350	9	3		9400050	9404010						EF0001	EF_die_01a	EF_ov_01a	123	8000	2				2102	1	10000	11062	1	1000	21014	1	100				2362																	--	0	20級藥水、消耗品組	85	35級上衣組--灰	30	40級飾品／守護組--綠	3	--	0		298	118	252.50%	
	2205	3000	3002605	大象城	副本段	26		獨火星	黑斑馬		副本-中BOSS	4	怕火	戴宗	44	40	40	1	1	1	mobb0026a	0.6		1.3	0	0.1	0	0	210	210	210	120	5	128	924	16669	5145	706	510	102	117	0	0	32	0	106	0	0	0	0	0	180	180	18	180	0	0	200	20	150		1	1	3226051	3	100	3226052	1	100			330	600	600	1800	3		9400050	9404010						EF0001	EF_die_01b	EF_ov_01a	12756	8000		9501	7	10000	2103	1	10000	11073	1	1000	21014	1	100				9337																	一千兩銀票組　	42	40級藥水、消耗品組	323	40級帽子組--灰	36	40級飾品／守護組--綠	3	--	0		"16,172"	404	4003.00%	
	2206	3000	3002606	大象城	副本段	26		毛頭星	白斑馬		副本-中BOSS	2	怕地	戴宗	44	40	40	1	1	1	mobb0026	0.6		1.3	0	0.1	0	0	210	210	210	120	5	128	924	16669	5145	706	510	102	117	0	0	32	0	106	0	0	0	0	0	18	180	180	180	0	0	200	20	150		1	1	3226051	1	100	3226062	3	100			330	600	600	1800	3		9400050	9404010						EF0001	EF_die_01b	EF_ov_01a	12353	8000		9501	7	10000	2305	1	10000	13053	1	10000	23014	1	1000				9337																	一千兩銀票組　	42	40級武、防卷軸組	323	40級帽子組--綠	362	40級飾品／守護組--綠	29	--	0		"16,172"	756	2139.20%	
	2207	3000	3002601	大象城	副本段	26		淘氣頑童	頑童		副本-中怪	0	無	林沖	38	37	37	1	1	1	mobb0069	1.2		1.3	0	0.1	0	0	50	50	96	25	9	54	140	3572	3870	532	477	98	103	0	0	29	0	94	0	0	0	0	0	510	510	510	510	0	0	110	0	150				3507021	1	100	3507022	5	100			100	110	250	9	3		9400050	9404010						EF0001	EF_die_01a	EF_ov_01a	357	8000					2102	1	10000	11063	1	1000	21014	1	100				2180																	--	0	20級藥水、消耗品組	85	35級褲子組--灰	29	40級飾品／守護組--綠	3	--	0		596	116	513.80%	
	2208	3000	3002602	大象城	副本段	26		小皺鼻象	皺鼻象(小)		副本-大怪-血多攻弱	0	無	林沖	40	38	38	1	1	1	moba0087	0.6		1.3	0	0.1	0	0	125	90	120	75	9	101	295	7880	4050	646	503	102	108	0	0	30	0	98	0	0	0	0	0	564	564	564	564	0	0	120	0	150			1	3218011	1	100	3218012	1	100			100	110	350	9	3		9400050	9404010						EF0001	EF_die_01a	EF_ov_01a	439	8000					2102	1	10000	11062	1	1000	21014	1	100				2440																	--	0	20級藥水、消耗品組	85	35級上衣組--灰	30	40級飾品／守護組--綠	3	--	0		"1,291"	118	1094.10%	
	2305	3000	3002105	大象城	副本段	21		布汀	胖胖象		副本-中BOSS	0	無	林沖	46	42	42	1	1	1	moba0089	1		1.3	0	0.1	0	0	220	250	250	150	5	180	828	17860	3870	532	477	114	121	0	0	33	0	110	0	0	0	0	0	630	630	630	630	0	0	200	20	300	75	1	1	3221011	3	100	3221012	1	100			100	110	200	3600	3		9400050	9404010						EF0001	EF_die_01b	EF_ov_01a	9315	8000		9501	8	10000	2305	1	10000	13055	1	10000	23018	1	1000				9085																	一千兩銀票組　	48	40級武、防卷軸組	323	40級褲子組--綠	376	45級飾品／守護組--綠	38	--	0		"18,737"	785	2386.90%	
	2306	3000	3002106	大象城	副本段	21		粉象糧軍長	糧食站象軍長(粉)		副本-大怪-血多攻弱	3	火	雷橫	42	40	40	1	1	1	moba0031d	1		1.3	0	0.1	0	0	200	200	280	120	5	131	299	7430	3432	459	415	108	97	0	0	31	0	102	0	0	0	571	0	149	15	149	149	0	0	120	0	250		1	1	3221013	2	100	3221014	3	100			100	110	200	1800	3		9400050	9404010						EF0001	EF_die_01b	EF_ov_01a	1680	8000		9501	4	10000	2103	1	10000	11073	1	1000	21014	1	100				2158																	一千兩銀票組　	24	40級藥水、消耗品組	323	40級帽子組--灰	36	40級飾品／守護組--綠	3	--	0		"7,514"	386	1946.60%	
	2307	3000	3002107	大象城	副本段	21		綠象糧軍長	糧食站象軍長(綠)		副本-大怪-血少攻強	4	風	雷橫	42	40	40	1	1	1	moba0031e	1		1.3	0	0.1	0	0	200	200	280	120	5	75	150	3715	3432	459	415	108	97	0	0	31	0	102	0	0	0	0	571	149	149	15	149	0	0	140	0	250		1	1	3221013	2	100	3221014	3	100			100	110	200	1800	3		9400050	9404010						EF0001	EF_die_01b	EF_ov_01a	1680	8000		9501	4	10000	2103	1	10000	11073	1	1000	21014	1	100				2158																	一千兩銀票組　	24	40級藥水、消耗品組	323	40級帽子組--灰	36	40級飾品／守護組--綠	3	--	0		"7,514"	386	1946.60%	
	2308	3000	3002108	大象城	副本段	21		黑象糧軍長	糧食站象軍長(黑)		副本-大怪-血多攻弱	1	地	雷橫	40	38	38	1	1	1	moba0031f	1		1.3	0	0.1	0	0	200	200	280	120	5	121	289	7037	3256	367	370	104	93	0	0	30	0	98	0	532	0	0	0	138	138	138	14	0	0	120	0	250		1	1	3221013	2	100	3221014	3	100			100	110	200	1800	3		9400050	9404010						EF0001	EF_die_01b	EF_ov_01a	1507	8000		9501	3	10000	2102	1	10000	11062	1	1000	21014	1	100				1855																	一千兩銀票組　	18	20級藥水、消耗品組	85	35級上衣組--灰	30	40級飾品／守護組--綠	3	--	0		"6,454"	136	4745.60%	
	2309	3000	3002109	大象城	副本段	21		藍象糧軍長	糧食站象軍長(藍)		副本-大怪-血少攻強	2	水	雷橫	40	38	38	1	1	1	moba0031g	1		1.3	0	0.1	0	0	200	200	280	120	5	69	144	3518	3256	367	370	104	93	0	0	30	0	98	0	0	532	0	0	14	138	138	138	0	0	140	0	250		1	1	3221013	2	100	3221014	3	100			100	110	200	1800	3		9400050	9404010						EF0001	EF_die_01b	EF_ov_01a	1507	8000		9501	3	10000	2102	1	10000	11062	1	1000	21014	1	100				1855																	一千兩銀票組　	18	20級藥水、消耗品組	85	35級上衣組--灰	30	40級飾品／守護組--綠	3	--	0		"6,454"	136	4745.60%	
	2401	3000	3001801	大象城	副本段	18		咕咕	小鳥		副本-小怪	0	無	林沖	28	28	28	1	1	1	moba0086	1		1.3	0	0.1	0	0	40	40	50	25	3	24	56	1466	3330	354	384	77	81	0	0	24	0	74	0	0	0	0	0	363	363	363	363	0	0	100	0	150				3224021	1	100	3224022	2	100			100	110	200	9	3		9400050	9404010						EF0001	EF_die_01a	EF_ov_01a	58	8000	2				2102	1	10000	11038	1	1000	21010	1	100				1693																	--	0	20級藥水、消耗品組	85	25級上衣組--灰	16	30級飾品／守護組--綠	2	--	0		161	103	156.30%	
	2402	3000	3001802	大象城	副本段	18		熱血頑童	頑童		副本-小怪	0	無	林沖	28	28	28	1	1	1	mobb0069	1		1.3	0	0.1	0	0	50	50	80	25	3	24	56	1466	3330	354	384	77	81	0	0	24	0	74	0	0	0	0	0	363	363	363	363	0	0	100	0	150				3507021	5	100	3507022	1	100			100	110	200	9	3		9400050	9404010						EF0001	EF_die_01a	EF_ov_01a	58	8000	2				2102	1	10000	11038	1	1000	21010	1	100				1693																	--	0	20級藥水、消耗品組	85	25級上衣組--灰	16	30級飾品／守護組--綠	2	--	0		161	103	156.30%	
	2403	3000	3001803	大象城	副本段	18		小紅象	紅象		副本-小怪	3	火	林沖	29	29	29	1	1	1	moba0031	0.4		1.3	0	0.1	0	0	100	80	80	50	3	25	57	1509	3420	395	400	79	84	0	0	24	0	76	0	0	0	329	0	79	8	79	79	0	0	100	0	150				4000001	3	100	3218001	2	100			100	110	200	9	3		9400050	9404010						EF0001	EF_die_01a	EF_ov_01a	66	8000	2				2102	1	10000	11040	1	1000	21010	1	100				1788																	--	0	20級藥水、消耗品組	85	25級武器組--灰	17	30級飾品／守護組--綠	2	--	0		170	104	163.50%	
	2404	3000	3001804	大象城	副本段	18		小梵藍象	藍象		副本-小怪	2	水	林沖	29	29	29	1	1	1	moba0031a	0.4		1.3	0	0.1	0	0	100	80	80	50	3	25	57	1509	3420	395	400	79	84	0	0	24	0	76	0	0	329	0	0	8	79	79	79	0	0	100	0	150				4000001	3	100	3218001	2	100			100	110	200	9	3		9400050	9404010						EF0001	EF_die_01a	EF_ov_01a	66	8000	2				2102	1	10000	11040	1	1000	21010	1	100				1788																	--	0	20級藥水、消耗品組	85	25級武器組--灰	17	30級飾品／守護組--綠	2	--	0		170	104	163.50%	
	2405	3000	3001805	大象城	副本段	18		小柑褐象	褐象		副本-小怪	1	地	林沖	29	29	29	1	1	1	moba0031b	0.4		1.3	0	0.1	0	0	100	80	80	50	3	25	57	1509	3420	395	400	79	84	0	0	24	0	76	0	329	0	0	0	79	79	79	8	0	0	100	0	150				4000001	3	100	3218001	2	100			100	110	200	9	3		9400050	9404010						EF0001	EF_die_01a	EF_ov_01a	66	8000	2				2102	1	10000	11040	1	1000	21010	1	100				1788																	--	0	20級藥水、消耗品組	85	25級武器組--灰	17	30級飾品／守護組--綠	2	--	0		170	104	163.50%	
	2406	3000	3001806	大象城	副本段	18		小碧綠象	綠象		副本-小怪	4	風	林沖	29	29	29	1	1	1	moba0031c	0.4		1.3	0	0.1	0	0	100	80	80	50	3	25	57	1509	3420	395	400	79	84	0	0	24	0	76	0	0	0	0	329	79	79	8	79	0	0	100	0	150				4000001	3	100	3218001	2	100			100	110	200	9	3		9400050	9404010						EF0001	EF_die_01a	EF_ov_01a	66	8000	2				2102	1	10000	11040	1	1000	21010	1	100				1788																	--	0	20級藥水、消耗品組	85	25級武器組--灰	17	30級飾品／守護組--綠	2	--	0		170	104	163.50%	
	2407	3000	3001807	大象城	副本段	18		鐵鎚鼻象	鐵鎚鼻象		副本-小怪	0	無	林沖	30	30	30	1	1	1	moba0087	0.6		1.3	0	0.1	0	0	120	120	120	70	3	26	59	1548	3510	442	431	81	86	0	0	25	0	78	0	0	0	0	0	406	406	406	406	0	0	100	0	150		1		3218011	1	100	3218012	1	100			120	132	240	1800	3		9400050	9404010						EF0001	EF_die_01a	EF_ov_01a	784	8000	2	9501	1	6000	2102	1	10000	11049	1	1000	21010	1	100				1970																	一千兩銀票組　	4	20級藥水、消耗品組	85	30級帽子組--灰	20	30級飾品／守護組--綠	2	--	0		894	110	812.70%	
	2408	3000	3001808	大象城	副本段	18		盾象隊長	盾紅象		副本-中怪	0	無	林沖	31	30	30	1	1	1	moba0031d	0.6		1.3	0	0.1	0	0	120	120	180	70	3	45	121	3334	3600	476	427	83	88	0	0	25	0	80	0	0	0	0	0	403	403	403	403	0	0	110	0	200		1		3218021	1	100	3218022	2	100			150	165	300	1800	3		9400050	9404010						EF0001	EF_die_01a	EF_ov_01a	1915	8000	2	9501	1	10000	2102	1	10000	11049	1	1000	21010	1	100				1886																	一千兩銀票組　	6	20級藥水、消耗品組	85	30級帽子組--灰	20	30級飾品／守護組--綠	2	--	0		"2,028"	113	1794.70%	
	2409	3000	3001809	大象城	副本段	18		軍帽象中隊長	軍帽綠象		副本-小BOSS	3	火	林沖	34	31	31	1	1	1	moba0031e	0.8		1.3	0	0.1	0	0	180	180	230	100	5	75	324	8930	3870	532	477	89	95	0	0	27	0	86	0	0	0	416	0	100	10	100	100	0	0	160	10	300	75	1	1	3218021	1	100	3218022	2	100			150	165	300	1800	3		9400050	9404010						EF0001	EF_die_01b	EF_ov_01a	4249	8000		9501	2	10000	2303	1	10000	13033	1	10000	23010	1	1000				3634																	一千兩銀票組　	12	20級武、防卷軸組	179	30級帽子組--綠	203	30級飾品／守護組--綠	15	--	0		"4,658"	409	1138.90%	
	2410	3000	3001810	大象城	副本段	18		獨火星	黑斑馬		副本-大怪-血少攻強	2	水	戴宗	34	32	32	1	1	1	mobb0026a	0.25		1.3	0	0.1	0	0	70	70	100	40	5	37	151	2786	4515	492	407	83	95	0	0	27	0	86	0	0	451	0	0	12	118	118	118	0	0	140	0	150		1	1	3218101	1	100	3218102	3	100			100	110	200	1800	3		9400050	9404010						EF0001	EF_die_01b	EF_ov_01a	2215	8000	2	9501	2	10000	2102	1	10000	11051	1	1000	21012	1	100				1635																	一千兩銀票組　	12	20級藥水、消耗品組	85	30級褲子組--灰	21	35級飾品／守護組--綠	2	--	0		"4,658"	120	3881.70%	
	2411	3000	3001811	大象城	副本段	18		毛頭星	白斑馬		副本-大怪-血少攻強	3	火	戴宗	34	32	32	1	1	1	mobb0026	0.25		1.3	0	0.1	0	0	70	70	100	40	5	37	151	2786	4515	492	407	83	95	0	0	27	0	86	0	0	0	451	0	118	12	118	118	0	0	140	0	150		1	1	3218101	3	100	3218111	1	100			100	110	200	1800	3		9400050	9404010						EF0001	EF_die_01b	EF_ov_01a	2215	8000	2	9501	2	10000	2102	1	10000	11051	1	1000	21012	1	100				1635																	一千兩銀票組　	12	20級藥水、消耗品組	85	30級褲子組--灰	21	35級飾品／守護組--綠	2	--	0		"4,658"	120	3881.70%	
	2412	3000	3001801	大象城	副本段	18		咕咕	小鳥（無限重生）		副本-小怪	0	無	林沖	28	28	28	1	1	1	moba0086	1		1.3	0	0.1	0	0	40	40	50	25	3	24	56	1466	3330	354	384	77	81	0	0	24	0	74	0	0	0	0	0	363	363	363	363	0	0	100	0	150				3224021	1	100	3224022	2	100			100	110	200	9	3		9400050	9404010						EF0001	EF_die_01a	EF_ov_01a	0	0																	0																	--	0	--	0	--	0	--	0	--	0		0	0	0.00%	
	2413	3000	3001802	大象城	副本段	18		熱血頑童	頑童(無限重生)		副本-小怪	0	無	林沖	28	28	28	1	1	1	mobb0069	1		1.3	0	0.1	0	0	50	50	80	25	3	24	56	1466	3330	354	384	77	81	0	0	24	0	74	0	0	0	0	0	363	363	363	363	0	0	100	0	150				3227021	2	100	3227022	1	100			100	110	200	9	3		9400050	9404010						EF0001	EF_die_01a	EF_ov_01a	0	0																	0																	--	0	--	0	--	0	--	0	--	0		0	0	0.00%	
	2501	3000	3001802	大象城	副本段	27		熱血頑童	頑童（數量多）		副本-中怪	0	無	林沖	40	39	39	1	1	1	mobb0069	1		1.3	0	0.1	0	0	50	50	80	25	3	58	148	3572	3870	532	477	102	108	0	0	30	0	98	0	0	0	0	0	564	564	564	564	0	0	110	0	150				3507021	5	100	3507022	1	100			100	110	200	9	3		9400050	9404010						EF0001	EF_die_01a	EF_ov_01a	466	8000																	2180																	--	0	--	0	--	0	--	0	--	0		645	0	0.00%	
	2502	3000	3002201	大象城	副本段	27		叛逆頑童	頑童（數量多）		副本-大怪-血少攻強	1	地	林沖	42	40	40	1	1	1	mobb0069b	1		1.3	0	0.1	0	0	50	50	80	25	3	62	153	3940	4050	646	503	106	112	0	0	31	0	102	0	593	0	0	0	143	143	143	14	0	0	140	0	400	75	1	1	3227021	2	100	3227022	1	100			100	110	200	9	3		9400050	9404010						EF0001	EF_die_01a	EF_ov_01a	549	8000																	2440																	--	0	--	0	--	0	--	0	--	0		"1,503"	0	0.00%	
	2503	3000	3001803	大象城	副本段	27		小紅象	紅象（數量多）		副本-大怪-血多攻弱	3	火	戴宗	43	41	41	1	1	1	moba0031	0.4		1.3	0	0.1	0	0	100	80	80	50	3	87	365	6268	4830	618	445	100	114	0	0	31	0	104	0	0	0	666	0	174	17	174	174	0	0	120	0	150				4000001	3	100	3218001	2	100			120	132	240	9	3		9400050	9404010						EF0001	EF_die_01a	EF_ov_01a	572	8000																	1917																	--	0	--	0	--	0	--	0	--	0		"1,559"	0	0.00%	
	2504	3000	3001808	大象城	副本段	27		盾象隊長	盾紅象		副本-大BOSS	3	火	孫二娘	47	42	42	1	1	1	moba0031d	1		1.3	0	0.1	0	0	200	200	300	116	4	221	2139	37835	5750	719	541	112	106	0	0	33	0	112	0	0	0	752	0	188	19	188	188	0	0	250	40	200		1		3218021	1	100	3218022	2	100			150	165	300	-1	6		9400050	9404010						EF0001	EF_die_01a	EF_ov_01a	5255	8000		9501	4	10000	2305	1	10000	13055	1	10000	23018	1	1000				12330																	一千兩銀票組　	24	40級武、防卷軸組	323	40級褲子組--綠	376	45級飾品／守護組--綠	38	--	0		"7,756"	761	1019.20%	
	2601	3000	3002201	大象城	副本段	22		叛逆頑童	頑童		副本-小怪	0	無	林沖	40	40	40	1	1	1	mobb0069	1		1.3	0	0.1	0	0	50	50	80	25	1	36	74	1548	3510	442	431	102	108	0	0	30	0	98	0	0	0	0	0	564	564	564	564	0	0	100	0	0				3507021	5	100	3507022	1	100			300	330	600	9	3		9400050	9404010						EF0001	EF_die_01a	EF_ov_01a	72	8000	2				2103	1	10000	11073	1	1000	21014	1	100				1970																	--	0	40級藥水、消耗品組	323	40級帽子組--灰	36	40級飾品／守護組--綠	3	--	0		323	362	89.20%	
	2603	3000	6100000	大象城	副本段	22		透明怪(不顯示)	透明怪		副本-中BOSS	0	無	平均	45	41	41	0	0	0	obj00	1		1	0	0	0	0	70	70	70	50	1001	164	900	18250	4400	549	475	108	108	0	0	32	0	108	0	0	0	0	0	701	701	701	701	0	0	200	20	150	100	1	1									200	220	400	1800	3		9400050	9404010						Empty	EF_die_01b	EF_ov_01a	0	0																	0																	--	0	--	0	--	0	--	0	--	0		0	0	0.00%	
	2605	3000	3002204	大象城	副本段	22		洪水象天王	象天王1		副本-小BOSS	2	水	林沖	44	41	41	1	1	1	moba0032f	1.3		1.3	0	0.1	0	0	280	280	320	150	1001	103	396	8930	3870	532	477	110	117	0	0	32	0	106	0	0	636	0	0	15	153	153	153	0	0	160	10	150		1	1									100	110	200	1800	3		9400050	9404010						EF0001	EF_die_01b	EF_ov_01a	4539	8000		9501	4	10000	2103	1	10000	11073	1	1000	21014	1	100				3634																	一千兩銀票組　	24	40級藥水、消耗品組	323	40級帽子組--灰	36	40級飾品／守護組--綠	3	--	0		"8,086"	386	2094.80%	
	2606	3000	3002205	大象城	副本段	22		滾石象天王	象天王2		副本-小BOSS	1	地	林沖	44	41	41	1	1	1	moba0032j	1.3		1.3	0	0.1	0	0	280	280	320	150	1001	103	396	8930	3870	532	477	110	117	0	0	32	0	106	0	636	0	0	0	153	153	153	15	0	0	160	10	150		1	1									100	110	200	1800	3		9400050	9404010						EF0001	EF_die_01b	EF_ov_01a	4539	8000		9501	4	10000	2103	1	10000	11073	1	1000	21014	1	100				3634																	一千兩銀票組　	24	40級藥水、消耗品組	323	40級帽子組--灰	36	40級飾品／守護組--綠	3	--	0		"8,086"	386	2094.80%	
	2607	3000	3002206	大象城	副本段	22		砲彈象天王	象天王3		副本-小BOSS	3	火	林沖	45	42	42	1	1	1	moba0032h	1.3		1.3	0	0.1	0	0	280	280	350	150	1001	103	405	9125	3960	571	513	112	119	0	0	32	0	108	0	0	0	677	0	163	16	163	163	0	0	160	10	150		1	1									100	110	200	1800	3		9400050	9404010						EF0001	EF_die_01b	EF_ov_01a	4750	8000		9501	4	10000	2103	1	10000	11075	1	1000	21018	1	100				3944																	一千兩銀票組　	24	40級藥水、消耗品組	323	40級褲子組--灰	38	45級飾品／守護組--綠	4	--	0		"8,383"	388	2160.60%	
	2608	3000	3002207	大象城	副本段	22		木樁象天王	象天王4		副本-小BOSS	4	風	林沖	45	42	42	1	1	1	moba0032g	1.3		1.3	0	0.1	0	0	280	280	350	150	1001	103	405	9125	3960	571	513	112	119	0	0	32	0	108	0	0	0	0	677	163	163	16	163	0	0	160	10	150		1	1									100	110	200	1800	3		9400050	9404010						EF0001	EF_die_01b	EF_ov_01a	4750	8000		9501	4	10000	2103	1	10000	11075	1	1000	21018	1	100				3944																	一千兩銀票組　	24	40級藥水、消耗品組	323	40級褲子組--灰	38	45級飾品／守護組--綠	4	--	0		"8,383"	388	2160.60%	
	2609	3000	3002208	大象城	副本段	22		西瓜象天王	象天王5		副本-小BOSS	0	無	林沖	45	42	42	1	1	1	moba0032i	1.3		1.3	0	0.1	0	0	280	280	300	150	1001	103	405	9125	3960	571	513	112	119	0	0	32	0	108	0	0	0	0	0	649	649	649	649	0	0	160	10	150		1	1									100	110	200	1800	3		9400050	9404010						EF0001	EF_die_01b	EF_ov_01a	4750	8000		9501	4	10000	2103	1	10000	11075	1	1000	21018	1	100				3944																	一千兩銀票組　	24	40級藥水、消耗品組	323	40級褲子組--灰	38	45級飾品／守護組--綠	4	--	0		"8,383"	388	2160.60%	
	2610	3000	3002209	大象城	副本段	22		瘋狂小飛			副本-中BOSS	4	風	林沖	47	43	43	1	1	1	mobb0090	0.3		1.3	0	0.1	0	0	70	90	90	50	5	180	837	20090	4140	670	523	116	123	0	0	33	0	112	0	0	0	0	723	174	174	17	174	0	0	200	20	300	75	1	1	3222061	1	100	3222062	1	100			500	550	1000	1800	3		9400050	9404010						EF0001	EF_die_01b	EF_ov_01a	10941	8000		9501	8	10000	2305	1	10000	13057	1	10000	23018	1	1000				10630																	一千兩銀票組　	48	40級武、防卷軸組	323	40級上衣組--綠	390	45級飾品／守護組--綠	38	--	0		"19,389"	799	2426.70%	
	2611	3000	6100000	大象城	副本段	22		透明怪(不顯示)	透明怪		副本-中BOSS	1	地	平均	45	41	41	0	0	0	obj00	1		1	0	0	0	0	70	70	70	50	1001	164	900	18250	4400	549	475	108	108	0	0	32	0	108	0	704	0	0	0	176	176	176	18	0	0	200	20	150	100	1	1									200	220	400	1800	3		9400050	9404010						Empty	EF_die_01b	EF_ov_01a	0	0																	0																	--	0	--	0	--	0	--	0	--	0		0	0	0.00%	
	2612	3000	6100000	大象城	副本段	22		透明怪(不顯示)	透明怪		副本-中BOSS	2	水	平均	45	41	41	0	0	0	obj00	1		1	0	0	0	0	70	70	70	50	1001	164	900	18250	4400	549	475	108	108	0	0	32	0	108	0	0	704	0	0	18	176	176	176	0	0	200	20	150	100	1	1									200	220	400	1800	3		9400050	9404010						Empty	EF_die_01b	EF_ov_01a	0	0																	0																	--	0	--	0	--	0	--	0	--	0		0	0	0.00%	
	2613	3000	6100000	大象城	副本段	22		透明怪(不顯示)	透明怪		副本-中BOSS	3	火	平均	45	41	41	0	0	0	obj00	1		1	0	0	0	0	70	70	70	50	1001	164	900	18250	4400	549	475	108	108	0	0	32	0	108	0	0	0	704	0	176	18	176	176	0	0	200	20	150	100	1	1									200	220	400	1800	3		9400050	9404010						Empty	EF_die_01b	EF_ov_01a	0	0																	0																	--	0	--	0	--	0	--	0	--	0		0	0	0.00%	
	2614	3000	6100000	大象城	副本段	22		透明怪(不顯示)	透明怪		副本-中BOSS	4	風	平均	45	41	41	0	0	0	obj00	1		1	0	0	0	0	70	70	70	50	1001	164	900	18250	4400	549	475	108	108	0	0	32	0	108	0	0	0	0	704	176	176	18	176	0	0	200	20	150	100	1	1									200	220	400	1800	3		9400050	9404010						Empty	EF_die_01b	EF_ov_01a	0	0																	0																	--	0	--	0	--	0	--	0	--	0		0	0	0.00%	
	2705	3000	3001905	大象城	副本段	19		變色小紅龍	變色龍小兵		副本-小怪	0	無	林沖	25	25	25	1	1	1	moba0007	1		1.3	0	0.1	0	0	50	50	40	40	3	22	51	1290	3060	246	354	71	75	0	0	22	0	68	0	0	0	0	0	334	334	334	334	0	0	100	0	150				3019051	3	100	3019052	1	100			100	110	200	9	3		9400050	9404010						EF0001	EF_die_01a	EF_ov_01a	26	8000	2				2102	1	10000	11037	1	1000	21008	1	100				1447																	--	0	20級藥水、消耗品組	85	25級帽子組--灰	15	25級飾品／守護組--綠	1	--	0		127	101	125.70%	
	2706	3000	3001906	大象城	副本段	19		刺砲怪龍車	變色坦克(中刺砲)		副本-大怪-血少攻強	0	無	林沖	28	26	26	1	1	1	moba0008	2		1.3	0	0.1	0	0	100	100	140	70	3	38	112	2932	3330	354	384	77	81	0	0	24	0	74	0	0	0	0	0	363	363	363	363	0	0	140	0	150		1	1	3019115	1	100	3019116	5	100			100	110	200	1800	3		9400050	9404010				80	60	EF0001	EF_die_01a	EF_ov_01a	1507	8000	2	9501	2	10000	2102	1	10000	11037	1	1000	21008	1	100				1562																	一千兩銀票組　	12	20級藥水、消耗品組	85	25級帽子組--灰	15	25級飾品／守護組--綠	1	--	0		"3,228"	113	2856.60%	
	2707	3000	3001907	大象城	副本段	19		大龍砲車	變色龍砲車		副本-小BOSS	0	無	林沖	29	26	26	1	1	1	mobb0009	0.7		1.3	0	0.1	0	0	160	150	120	90	5	63	284	7545	3420	395	400	79	84	0	0	24	0	76	0	0	0	0	0	377	377	377	377	0	0	160	10	200		1	1	3219051	3	100	3219052	2	100			100	110	200	1800	3		9400050	9404010						EF0001	EF_die_01a	EF_ov_01a	3287	8000		9501	2	10000	2102	1	10000	11037	1	1000	21008	1	100				2750																	一千兩銀票組　	12	20級藥水、消耗品組	85	25級帽子組--灰	15	25級飾品／守護組--綠	1	--	0		"3,400"	113	3008.80%	
	2708	3000	3001908	大象城	副本段	19		老蜥蜴王(表演用)	國王變色龍		副本-小BOSS	0	無	林沖	30	27	27	1	1	1	moba0088	1.5		1.3	0	0.1	0	0	150	150	120	120	1001	65	293	7740	3510	442	431	81	86	0	0	25	0	78	0	0	0	0	0	406	406	406	406	0	0	160	10	150		1	1	4000001	1	100	4000005	2	100			100	110	200	3600	3		9400050	9404010						EF0001	EF_die_01b	EF_ov_01a	0	0																	0																	--	0	--	0	--	0	--	0	--	0		0	0	0.00%	
	2709	3000	3001909	大象城	副本段	19		變色小藍龍	變色龍小兵(藍)		副本-小怪	0	無	林沖	25	25	25	1	1	1	moba0007a	1		1.3	0	0.1	0	0	50	50	30	40	3	22	51	1290	3060	246	354	71	75	0	0	22	0	68	0	0	0	0	0	334	334	334	334	0	0	100	0	150				3019051	3	100	3019052	1	100			100	110	200	9	3		9400050	9404010						EF0001	EF_die_01a	EF_ov_01a	26	8000	2				2102	1	10000	11037	1	1000	21008	1	100				1447																	--	0	20級藥水、消耗品組	85	25級帽子組--灰	15	25級飾品／守護組--綠	1	--	0		127	101	125.70%	
	2710	3000	3001910	大象城	副本段	19		變色小綠龍	變色龍小兵(綠)		副本-小怪	0	無	林沖	25	25	25	1	1	1	moba0007b	1		1.3	0	0.1	0	0	50	50	30	40	3	22	51	1290	3060	246	354	71	75	0	0	22	0	68	0	0	0	0	0	334	334	334	334	0	0	100	0	150				3019051	3	100	3019052	1	100			100	110	200	9	3		9400050	9404010						EF0001	EF_die_01a	EF_ov_01a	26	8000	2				2102	1	10000	11037	1	1000	21008	1	100				1447																	--	0	20級藥水、消耗品組	85	25級帽子組--灰	15	25級飾品／守護組--綠	1	--	0		127	101	125.70%	
	2711	3000	3001911	大象城	副本段	19		刺砲小龍車	變色坦克(小刺砲)		副本-中怪	0	無	林沖	26	25	25	1	1	1	moba0008	1		1.3	0	0.1	0	0	70	60	80	40	3	37	104	2786	3150	292	352	73	77	0	0	23	0	70	0	0	0	0	0	332	332	332	332	0	0	110	0	150			1	3019111	1	100	3019112	5	100			100	110	200	9	3		9400050	9404010				30	40	EF0001	EF_die_01a	EF_ov_01a	189	8000	2				2102	1	10000	11037	1	1000	21008	1	100				1394																	--	0	20級藥水、消耗品組	85	25級帽子組--灰	15	25級飾品／守護組--綠	1	--	0		290	101	287.10%	
	2712	3000	3001912	大象城	副本段	19		圓砲小龍車	變色坦克(小圓砲)		副本-中怪	0	無	林沖	26	25	25	1	1	1	moba0008a	1		1.3	0	0.1	0	0	70	60	80	40	3	37	104	2786	3150	292	352	73	77	0	0	23	0	70	0	0	0	0	0	332	332	332	332	0	0	110	0	150			1	3019111	1	100	3019122	5	100			100	110	200	9	3		9400050	9404010				30	40	EF0001	EF_die_01a	EF_ov_01a	189	8000	2				2102	1	10000	11037	1	1000	21008	1	100				1394																	--	0	20級藥水、消耗品組	85	25級帽子組--灰	15	25級飾品／守護組--綠	1	--	0		290	101	287.10%	
	2713	3000	3001913	大象城	副本段	19		機槍小龍車	變色坦克(小機槍砲)		副本-中怪	0	無	林沖	26	25	25	1	1	1	moba0008b	1		1.3	0	0.1	0	0	70	60	80	40	3	37	104	2786	3150	292	352	73	77	0	0	23	0	70	0	0	0	0	0	332	332	332	332	0	0	110	0	150			1	3019111	1	100	3019132	5	100			100	110	200	9	3		9400050	9404010				30	40	EF0001	EF_die_01a	EF_ov_01a	189	8000	2				2102	1	10000	11037	1	1000	21008	1	100				1394																	--	0	20級藥水、消耗品組	85	25級帽子組--灰	15	25級飾品／守護組--綠	1	--	0		290	101	287.10%	
	2714	3000	3001914	大象城	副本段	19		圓砲龍車	變色坦克(中圓砲)		副本-大怪-血多攻弱	0	無	林沖	27	25	25	1	1	1	moba0008a	2		1.3	0	0.1	0	0	100	90	120	60	5	67	216	5700	3240	328	369	75	79	0	0	23	0	72	0	0	0	0	0	348	348	348	348	0	0	120	0	150			1	3019115	1	100	3019126	5	100			100	110	200	9	3		9400050	9404010				60	60	EF0001	EF_die_01a	EF_ov_01a	205	8000	2				2102	1	10000	11037	1	1000	21008	1	100				1478																	--	0	20級藥水、消耗品組	85	25級帽子組--灰	15	25級飾品／守護組--綠	1	--	0		612	101	605.90%	
	2715	3000	3001915	大象城	副本段	19		機槍龍車	變色坦克(中機槍砲)		副本-小怪	0	無	林沖	25	25	25	1	1	1	moba0008b	2		1.3	0	0.1	0	0	100	100	140	60	5	22	51	1290	3060	246	354	71	75	0	0	22	0	68	0	0	0	0	0	334	334	334	334	0	0	100	0	150			1	3019115	1	100	3019136	5	100			100	110	200	9	3		9400050	9404010				80	60	EF0001	EF_die_01a	EF_ov_01a	26	8000	2				2102	1	10000	11037	1	1000	21008	1	100				1447																	--	0	20級藥水、消耗品組	85	25級帽子組--灰	15	25級飾品／守護組--綠	1	--	0		127	101	125.70%	
	2716	3000	3001801	大象城	副本段	18		咕咕	小鳥		副本-小怪	0	無	林沖	25	25	25	1	1	1	moba0086	1		1.3	0	0.1	0	0	40	40	50	25	3	22	51	1290	3060	246	354	71	75	0	0	22	0	68	0	0	0	0	0	334	334	334	334	0	0	100	0	150				3224021	1	100	3224022	2	100			100	110	200	9	3		9400050	9404010						EF0001	EF_die_01a	EF_ov_01a	26	8000	2				2102	1	10000	11037	1	1000	21008	1	100				1447																	--	0	20級藥水、消耗品組	85	25級帽子組--灰	15	25級飾品／守護組--綠	1	--	0		127	101	125.70%	
	2717	3000	3001917	大象城	副本段	19		尖龍砲車	變色龍砲車a		副本-中BOSS	0	無	林沖	30	26	26	1	1	1	mobb0009a	0.7		1.3	0	0.1	0	0	180	180	120	100	5	104	585	15480	3510	442	431	81	86	0	0	25	0	78	0	0	0	0	0	406	406	406	406	0	0	200	20	200		1	1	3219041	2	100	3219042	3	100			100	110	200	1800	3		9400050	9404010						EF0001	EF_die_01a	EF_ov_01a	7037	8000	2	9501	3	10000	2102	1	10000	11037	1	1000	21008	1	100				7575																	一千兩銀票組　	18	20級藥水、消耗品組	85	25級帽子組--灰	15	25級飾品／守護組--綠	1	--	0		"7,156"	119	6013.40%	
	2718	3000	3001918	大象城	副本段	19		魔龍砲車	變色龍砲車b		副本-小BOSS	0	無	林沖	29	26	26	1	1	1	mobb0009b	0.7		1.3	0	0.1	0	0	200	200	150	100	5	63	284	7545	3420	395	400	79	84	0	0	24	0	76	0	0	0	0	0	377	377	377	377	0	0	160	10	200		1	1	3219031	2	100	3219032	3	100			100	110	200	1800	3		9400050	9404010						EF0001	EF_die_01a	EF_ov_01a	3287	8000	2	9501	2	10000	2102	1	10000	11037	1	1000	21008	1	100				2750																	一千兩銀票組　	12	20級藥水、消耗品組	85	25級帽子組--灰	15	25級飾品／守護組--綠	1	--	0		"3,400"	113	3008.80%	
	2719	3000	6100000	大象城	副本段	19		蒸汽孔(鐵管)	間歇性發射裝置		機關(噴火台)	3	火	平均	28	25	25	0	0	0	obj18	1		1	0	0	0	1	50	50	50	25	1001			7330	3700	340	356	74	74	0	0	24	-100	74	0	0	0	327	0	82	8	82	82	0	0	500	0		100	1	1									0	0	0	-1	0									EF0001	EF_die_01a	EF_ov_01a	0	0																	0																	--	0	--	0	--	0	--	0	--	0		0	0		
	2720	3000	6100000	大象城	副本段	19		香蕉鎚	節奏性阻擋物件		機關(同級可擋3下)	0	無	平均	28	25	25	0	0	0	obj03b	0.5		1	0	0	0	1	200	50	400	100	1001			7330	3700	340	356	74	74	0	0	24	-100	74	0	0	0	0	0	392	392	392	392	0	0	1000	0		50	1	1									0	0	0	-1	999999									EF0001	EF_die_01b	EF_ov_01a	0	0																	0																	--	0	--	0	--	0	--	0	--	0		0	0		
	2721	3000	6100000	大象城	副本段	19		毒沼球	間歇性發射裝置		機關(噴火台)	1	地	平均	28	25	25	0	0	0	obj09f	1		1	0	0	0	1	50	50	50	25	1001			7330	3700	340	356	74	74	0	0	24	-100	74	0	327	0	0	0	82	82	82	8	0	0	500	0		100	1	1		1	1		1	1			0	0	0	-1	0									EF0001	EF_die_01a	EF_ov_01a	0	0																	0																	--	0	--	0	--	0	--	0	--	0		0	0		
	2722	3000	6100000	大象城	副本段	19		地洞蘿蔔刺	間歇性發射裝置		機關(噴火台)	0	無	平均	28	25	25	0	0	0	obj03d	1		1	0	0	0	1	50	50	50	25	1001			7330	3700	340	356	74	74	0	0	24	-100	74	0	0	0	0	0	392	392	392	392	0	0	500	0		100	1	1									0	0	0	-1	0									EF0001	EF_die_01a	EF_ov_01a	0	0																	0																	--	0	--	0	--	0	--	0	--	0		0	0		
	2723	3000	6100000	大象城	副本段	19		隱形機關	有攻擊力的隱形物件		機關(噴火台)	0	無	平均	28	25	25	0	0	0	obj00	1		1	0	0	0	1	50	50	50	50	1001			7330	3700	340	356	74	74	0	0	24	-100	74	0	0	0	0	0	392	392	392	392	0	0	500	0		100	1	1									0	0	0	-1	3									EF0001	EF_die_01a	EF_ov_01a	0	0																	0																	--	0	--	0	--	0	--	0	--	0		0	0		
	2805	3000	3002805	大象城	副本段	28		變色小紅龍	變色龍小兵		副本-小怪	0	無	林沖	41	41	41	1	1	1	moba0007	1		1.3	0	0.1	0	0	50	50	40	40	3	38	75	1786	3870	532	477	104	110	0	0	30	0	100	0	0	0	0	0	551	551	551	551	0	0	100	0	150				3019051	3	100	3019052	1	100			100	110	200	9	3		9400050	9404010						EF0001	EF_die_01a	EF_ov_01a	123	8000	2				2103	1	10000	11073	1	1000	21014	1	100				2362																	--	0	40級藥水、消耗品組	323	40級帽子組--灰	36	40級飾品／守護組--綠	3	--	0		362	362	100.00%	
	2807	3000	3002807	大象城	副本段	28		惡龍砲車	變色龍砲車		副本-小BOSS	0	無	林沖	46	43	43	1	1	1	mobb0009	0.7		1.3	0	0.1	0	0	160	150	120	90	5	113	414	10495	4320	714	558	114	121	0	0	33	0	110	0	0	0	0	0	630	630	630	630	0	0	160	10	150		1	1	4000001	1	100	4000005	2	100			100	110	200	1800	3		9400050	9404010						EF0001	EF_die_01b	EF_ov_01a	6069	8000		9501	4	10000	2103	1	10000	11074	1	1000	21018	1	100				4626																	一千兩銀票組　	24	40級藥水、消耗品組	323	40級上衣組--灰	39	45級飾品／守護組--綠	4	--	0		"9,369"	390	2402.30%	
	2809	3000	3002809	大象城	副本段	28		變色小藍龍	變色龍小兵(藍)		副本-小怪	0	無	林沖	41	41	41	1	1	1	moba0007a	1		1.3	0	0.1	0	0	50	50	30	40	3	38	75	1786	3870	532	477	104	110	0	0	30	0	100	0	0	0	0	0	551	551	551	551	0	0	100	0	150				3019051	3	100	3019052	1	100			100	110	200	9	3		9400050	9404010						EF0001	EF_die_01a	EF_ov_01a	123	8000	2				2103	1	10000	11073	1	1000	21014	1	100				2362																	--	0	40級藥水、消耗品組	323	40級帽子組--灰	36	40級飾品／守護組--綠	3	--	0		362	362	100.00%	
	2810	3000	3002810	大象城	副本段	28		變色小綠龍	變色龍小兵(綠)		副本-小怪	0	無	林沖	41	41	41	1	1	1	moba0007b	1		1.3	0	0.1	0	0	50	50	30	40	3	38	75	1786	3870	532	477	104	110	0	0	30	0	100	0	0	0	0	0	551	551	551	551	0	0	100	0	150				3019051	3	100	3019052	1	100			100	110	200	9	3		9400050	9404010						EF0001	EF_die_01a	EF_ov_01a	123	8000	2				2103	1	10000	11073	1	1000	21014	1	100				2362																	--	0	40級藥水、消耗品組	323	40級帽子組--灰	36	40級飾品／守護組--綠	3	--	0		362	362	100.00%	
	2814	3000	3002814	大象城	副本段	28		圓砲龍車	變色坦克(中圓砲)		副本-中怪	0	無	林沖	43	42	42	1	1	1	moba0008a	2		1.3	0	0.1	0	0	100	90	120	60	5	64	157	3940	4050	646	503	108	114	0	0	31	0	104	0	0	0	0	0	588	588	588	588	0	0	110	0	150		1	1	3019115	1	100	3019126	5	100			100	110	200	1800	3		9400050	9404010						EF0001	EF_die_01a	EF_ov_01a	2616	8000		9501	2	10000	2103	1	10000	11075	1	1000	21018	1	100				2440																	一千兩銀票組　	12	40級藥水、消耗品組	323	40級褲子組--灰	38	45級飾品／守護組--綠	4	--	0		"3,898"	376	1036.70%	
	2815	3000	3002815	大象城	副本段	28		機槍龍車	變色坦克(中機槍砲)		副本-中怪	0	無	林沖	43	42	42	1	1	1	moba0008b	2		1.3	0	0.1	0	0	100	100	140	60	5	64	157	3940	4050	646	503	108	114	0	0	31	0	104	0	0	0	0	0	588	588	588	588	0	0	110	0	150		1	1	3019115	1	100	3019136	5	100			100	110	200	1800	3		9400050	9404010						EF0001	EF_die_01a	EF_ov_01a	2616	8000		9501	2	10000	2103	1	10000	11075	1	1000	21018	1	100				2440																	一千兩銀票組　	12	40級藥水、消耗品組	323	40級褲子組--灰	38	45級飾品／守護組--綠	4	--	0		"3,898"	376	1036.70%	
	2816	3000	3002816	大象城	副本段	28		刺砲龍車	變色坦克(中刺砲)		副本-中怪	0	無	林沖	43	42	42	1	1	1	moba0008	2		1.3	0	0.1	0	0	100	100	140	70	5	64	157	3940	4050	646	503	108	114	0	0	31	0	104	0	0	0	0	0	588	588	588	588	0	0	110	0	150		1	1	3019115	1	100	3019116	5	100			100	110	200	1800	3		9400050	9404010						EF0001	EF_die_01a	EF_ov_01a	2616	8000		9501	2	10000	2103	1	10000	11075	1	1000	21018	1	100				2440																	一千兩銀票組　	12	40級藥水、消耗品組	323	40級褲子組--灰	38	45級飾品／守護組--綠	4	--	0		"3,898"	376	1036.70%	
	2817	3000	3002817	大象城	副本段	28		尖龍砲車	變色龍砲車a		副本-小BOSS	0	無	林沖	46	43	43	1	1	1	mobb0009a	0.7		1.3	0	0.1	0	0	180	180	120	100	5	113	414	10495	4320	714	558	114	121	0	0	33	0	110	0	0	0	0	0	630	630	630	630	0	0	160	10	150		1	1	3219041	2	100	3219042	3	100			100	110	200	1800	3		9400050	9404010						EF0001	EF_die_01b	EF_ov_01a	6069	8000		9501	4	10000	2103	1	10000	11074	1	1000	21018	1	100				4626																	一千兩銀票組　	24	40級藥水、消耗品組	323	40級上衣組--灰	39	45級飾品／守護組--綠	4	--	0		"9,369"	390	2402.30%	
	2818	3000	3002818	大象城	副本段	28		魔龍砲車	變色龍砲車b		副本-小BOSS	0	無	林沖	46	43	43	1	1	1	mobb0009b	0.7		1.3	0	0.1	0	0	200	200	150	100	5	113	414	10495	4320	714	558	114	121	0	0	33	0	110	0	0	0	0	0	630	630	630	630	0	0	160	10	150		1	1	3219031	2	100	3219032	3	100			100	110	200	1800	3		9400050	9404010						EF0001	EF_die_01b	EF_ov_01a	6069	8000		9501	4	10000	2103	1	10000	11074	1	1000	21018	1	100				4626																	一千兩銀票組　	24	40級藥水、消耗品組	323	40級上衣組--灰	39	45級飾品／守護組--綠	4	--	0		"9,369"	390	2402.30%	
	2901	3000	3002301	大象城	副本段	23		骷髏頑童	頑童		副本-小怪	0	無	林沖	31	31	31	1	1	1	mobb0069	1		1.3	0	0.1	0	0	50	50	80	25	3	28	60	1667	3600	476	427	83	88	0	0	25	0	80	0	0	0	0	0	403	403	403	403	0	0	100	0	200		0	0	3507021	5	100	3507022	1	100			100	110	200	9	3		9400050	9404010						EF0001	EF_die_01a	EF_ov_01a	96	8000	2				2102	1	10000	11049	1	1000	21010	1	100				2044																	--	0	20級藥水、消耗品組	85	30級帽子組--灰	20	30級飾品／守護組--綠	2	--	0		203	107	189.70%	
	2902	3000	3002302	大象城	副本段	23		喳喳	小鳥		副本-中怪	0	無	林沖	33	32	32	1	1	1	moba0086	1		1.3	0	0.1	0	0	40	40	50	25	3	46	126	3492	3780	514	460	87	92	0	0	26	0	84	0	0	0	0	0	434	434	434	434	0	0	110	0	150				3224021	1	100	3224022	1	100			100	110	200	9	3		9400050	9404010						EF0001	EF_die_01a	EF_ov_01a	337	8000	2				2102	1	10000	11051	1	1000	21012	1	100				2080																	--	0	20級藥水、消耗品組	85	30級褲子組--灰	21	35級飾品／守護組--綠	2	--	0		445	108	412.00%	
	2904	3000	3002304	大象城	副本段	23		爆鬥坦克象	坦克象		副本-大怪-血少攻強	0	無	林沖	35	33	33	1	1	1	moba0032	0.4		1.3	0	0.1	0	0	150	150	130	100	5	48	131	3650	3960	571	513	92	97	0	0	27	0	88	0	0	0	0	0	484	484	484	484	0	0	140	0	300		1	1	3223021	2	100	3223022	1	100			100	110	200	1800	3		9400050	9404010				60	120	EF0001	EF_die_01a	EF_ov_01a	2320	8000	2	9501	2	10000	2102	1	10000	11050	1	1000	21012	1	100				2366																	一千兩銀票組　	12	20級藥水、消耗品組	85	30級上衣組--灰	22	35級飾品／守護組--綠	2	--	0		"4,870"	121	4024.80%	
	2905	3000	3002305	大象城	副本段	23		鋸木象頭臺	鋸木臺		機關	0	無	林沖	37	34	34	0	0	1	obj15	1		1.3	0	0.1	0	0	500	500	320	300	1001	165	347	10045	4140	670	523	96	101	0	0	28	0	92	0	0	0	0	0	493	493	493	493	0	0	100	0				1									100	110	200	7	1200		9400050	9404010						EF0001	EF_die_01a	EF_ov_01a	0	0																	0																	--	0	--	0	--	0	--	0	--	0		0	0	0.00%	
	2906	3000	3002306	大象城	副本段	23		樁輪發射口(共3台)	木樁輪發射器		副本-小BOSS	0	無	林沖	37	34	34	1	1	1	obj15a	1		1.3	0	0.1	0	0	100	100	200	100	1001	83	347	10045	4140	670	523	96	101	0	0	28	0	92	0	0	0	0	0	493	493	493	493	0	0	160	10	300	100	1	1	4000001	2	100	4000005	1	100			100	110	200	1800	1200		9400050	9404010						EF0001	EF_die_01b	EF_ov_01a	5543	8000		9501	3	10000	2304	1	3300	13039	1	3300	23012	1	330				4252																	一千兩銀票組　	18	30級技能卷軸組2-5	74	30級武器組--綠	77	35級飾品／守護組--綠	7	--	0		"5,719"	176	3249.40%	
	3001	3000	3002001	大象城	副本段	20		鬼畜頑童	頑童		副本-小怪	0	無	林沖	38	38	38	1	1	1	mobb0069	1		1.3	0	0.1	0	0	50	50	80	25	3	34	70	1393	3150	292	352	98	103	0	0	29	0	94	0	0	0	0	0	510	510	510	510	0	0	100	0	200		0	0	3507021	3	100	3507022	1	100			100	110	200	9	3		9400050	9404010						EF0001	EF_die_01a	EF_ov_01a	44	8000	2				2102	1	10000	11062	1	1000	21014	1	100				1511																	--	0	20級藥水、消耗品組	85	35級上衣組--灰	30	40級飾品／守護組--綠	3	--	0		298	118	252.50%	
	3002	3000	3002002	大象城	副本段	20		嗶嗶	小鳥		副本-小怪	0	無	林沖	38	38	38	1	1	1	moba0086	1		1.3	0	0.1	0	0	40	40	50	25	3	34	70	1393	3150	292	352	98	103	0	0	29	0	94	0	0	0	0	0	510	510	510	510	0	0	100	0	150				3224021	1	100	3224022	1	100			100	110	200	9	3		9400050	9404010						EF0001	EF_die_01a	EF_ov_01a	44	8000	2				2102	1	10000	11062	1	1000	21014	1	100				1511																	--	0	20級藥水、消耗品組	85	35級上衣組--灰	30	40級飾品／守護組--綠	3	--	0		298	118	252.50%	
	3003	3000	3002003	大象城	副本段	20		獨火星	黑斑馬		副本-小BOSS	2	水	戴宗	43	40	40	1	1	1	mobb0026a	0.25		1.3	0	0.1	0	0	70	70	70	40	8	78	457	6501	4200	440	363	100	114	0	0	31	0	104	0	0	666	0	0	17	174	174	174	0	0	160	10	150		1	1	3218101	1	100	3218102	2	100			100	110	200	1800	3		9400050	9404010						EF0001	EF_die_01a	EF_ov_01a	3941	8000	2	9501	4	10000	2103	1	10000	11073	1	1000	21014	1	100				2352																	一千兩銀票組　	24	40級藥水、消耗品組	323	40級帽子組--灰	36	40級飾品／守護組--綠	3	--	0		"7,796"	386	2019.70%	
	3004	3000	3002004	大象城	副本段	20		燃燒坦克象	坦克象		副本-大怪-血多攻弱	0	無	林沖	41	39	39	1	1	1	moba0032	0.4		1.3	0	0.1	0	0	150	150	130	100	2003	106	299	6036	3420	395	400	104	110	0	0	30	0	100	0	0	0	0	0	551	551	551	551	0	0	120	0	1000		1	1	3223021	3	100	3223022	2	100			0	0	0	1800	3		9400050	9404010				60	120	EF0001	EF_die_01a	EF_ov_01a	1592	8000		9501	3	10000	2102	1	10000	11064	1	1000	21014	1	100				1650																	一千兩銀票組　	18	20級藥水、消耗品組	85	35級武器組--灰	31	40級飾品／守護組--綠	3	--	0		"7,238"	137	5283.20%	
	3005	3000	3002005	大象城	副本段	20		粉象門隊長			副本-中BOSS	0	無	林沖	43	39	39	1	1	1	moba0031d	1		1.2	0	0.1	0	0	200	200	280	120	5	160	783	16670	3600	476	427	108	114	0	0	31	0	104	0	0	0	0	0	588	588	588	588	0	0	200	20	300	75	1	1	3221013	2	100	3221014	3	100			100	110	200	1800	3		9400050	9404010						EF0001	EF_die_01b	EF_ov_01a	7986	8000		9501	7	10000	2102	1	10000	11064	1	1000	21014	1	100				7860																	一千兩銀票組　	42	20級藥水、消耗品組	85	35級武器組--灰	31	40級飾品／守護組--綠	3	--	0		"15,592"	161	9684.50%	
	3006	3000	3002006	大象城	副本段	20		綠象門隊長			副本-中BOSS	0	無	雷橫	43	39	39	1	1	1	moba0031e	1		1.2	0	0.1	0	0	200	200	280	120	5	192	766	20004	3520	495	411	110	99	0	0	31	0	104	0	0	0	0	0	611	611	611	611	0	0	200	20	300	75	1	1	3221013	2	100	3221014	3	100			100	110	200	1800	3		9400050	9404010						EF0001	EF_die_01b	EF_ov_01a	7986	8000		9501	7	10000	2102	1	10000	11064	1	1000	21014	1	100				9336																	一千兩銀票組　	42	20級藥水、消耗品組	85	35級武器組--灰	31	40級飾品／守護組--綠	3	--	0		"15,592"	161	9684.50%	
	3007	3000	3002007	大象城	副本段	20		黑象門隊長			副本-中BOSS	0	無	孫二娘	43	39	39	1	1	1	moba0031f	1		1.2	0	0.1	0	0	200	200	280	120	5	131	1001	13669	4600	458	395	104	99	0	0	31	0	104	0	0	0	0	0	635	635	635	635	0	0	200	20	300	75	1	1	3221013	2	100	3221014	3	100			100	110	200	1800	3		9400050	9404010						EF0001	EF_die_01b	EF_ov_01a	7986	8000		9501	7	10000	2102	1	10000	11064	1	1000	21014	1	100				6314																	一千兩銀票組　	42	20級藥水、消耗品組	85	35級武器組--灰	31	40級飾品／守護組--綠	3	--	0		"15,592"	161	9684.50%	
	3008	3000	3002008	大象城	副本段	20		藍象門隊長			副本-中BOSS	1	地	戴宗	43	39	39	1	1	1	moba0031g	1		1.2	0	0.1	0	0	200	200	280	120	5	125	914	13003	4200	440	363	100	114	0	0	31	0	104	0	666	0	0	0	174	174	174	17	0	0	200	20	300	75	1	1	3221013	2	100	3221014	3	100			100	110	200	1800	3		9400050	9404010						EF0001	EF_die_01b	EF_ov_01a	7835	8000		9501	7	10000	2304	1	10000	13050	1	10000	23014	1	1000				5881																	一千兩銀票組　	42	30級技能卷軸組2-5	223	35級武器組--綠	310	40級飾品／守護組--綠	29	--	0		"15,592"	604	2581.50%	
	3009	3000	3002009	大象城	副本段	20		毛頭星	白斑馬		副本-小BOSS	3	火	戴宗	43	40	40	1	1	1	mobb0026	0.25		1.3	0	0.1	0	0	70	70	70	40	8	78	457	6501	4200	440	363	100	114	0	0	31	0	104	0	0	0	666	0	174	17	174	174	0	0	160	10	150		1	1	3218101	1	100	3218111	2	100			100	110	200	1800	3		9400050	9404010						EF0001	EF_die_01a	EF_ov_01a	3941	8000		9501	4	10000	2103	1	10000	11073	1	1000	21014	1	100				2352																	一千兩銀票組　	24	40級藥水、消耗品組	323	40級帽子組--灰	36	40級飾品／守護組--綠	3	--	0		"7,796"	386	2019.70%	
	3102	3000	3002902	大象城	副本段	29		工兵象	象天王2		副本-小怪	0	無	林沖	46	46	46	1	1	1	moba0032j	0.6		1.3	0	0.1	0	0	120	120	150	70	1001	45	83	2009	4140	670	523	114	121	0	0	33	0	110	0	0	0	0	0	630	630	630	630	0	0	100	0	150		1	1									100	110	200	1800	3		9400050	9404010						EF0001	EF_die_01a	EF_ov_01a	1308	8000	2	9501	1	10000	2103	1	10000	11085	1	1000	21018	1	100				2764																	一千兩銀票組　	6	40級藥水、消耗品組	323	45級帽子組--灰	47	45級飾品／守護組--綠	4	--	0		"2,342"	380	616.30%	
	3104	3000	3002904	大象城	副本段	29		鬼畜頑童	頑童		副本-小怪	0	無	林沖	43	43	43	1	1	1	mobb0069	1		1.3	0	0.1	0	0	50	50	80	25	3	40	78	1786	3870	532	477	108	114	0	0	31	0	104	0	0	0	0	0	588	588	588	588	0	0	100	0	150				3507021	5	100	3507022	1	100			100	110	200	9	3		9400050	9404010						EF0001	EF_die_01a	EF_ov_01a	123	8000	2				2103	1	10000	11074	1	1000	21018	1	100				2362																	--	0	40級藥水、消耗品組	323	40級上衣組--灰	39	45級飾品／守護組--綠	4	--	0		390	366	106.60%	
	3205	3000	3002405	大象城	副本段	24		小水藍象	藍象(小)		副本-小怪	0	無	林沖	28	28	28	1	1	1	moba0031a	0.5		1.3	0	0.1	0	0	100	100	100	60	3	24	56	1466	3330	354	384	77	81	0	0	24	0	74	0	0	0	0	0	363	363	363	363	0	0	100	0	150				4000001	3	100	3218001	2	100			100	110	200	9	3		9400050	9404010						EF0001	EF_die_01a	EF_ov_01a	58	8000	2				2102	1	10000	11038	1	1000	21010	1	100				1693																	--	0	20級藥水、消耗品組	85	25級上衣組--灰	16	30級飾品／守護組--綠	2	--	0		161	103	156.30%	
	3206	3000	3002406	大象城	副本段	24		變色姣龍	變色龍小兵		副本-小怪	0	無	林沖	29	29	29	1	1	1	moba0007	2		1.3	0	0.1	0	0	120	60	60	60	3	25	57	1509	3420	395	400	79	84	0	0	24	0	76	0	0	0	0	0	377	377	377	377	0	0	100	0	150				3019055	2	100	3019056	1	100			100	110	200	9	3		9400050	9404010						EF0001	EF_die_01a	EF_ov_01a	66	8000	2				2102	1	10000	11040	1	1000	21010	1	100				1788																	--	0	20級藥水、消耗品組	85	25級武器組--灰	17	30級飾品／守護組--綠	2	--	0		170	104	163.50%	
	3207	3000	3002407	大象城	副本段	24		鋼盔龍車	變色龍坦克		副本-大怪-血多攻弱	0	無	林沖	32	30	30	1	1	1	mobb0009	0.7		1.3	0	0.1	0	0	160	150	120	90	3	78	245	6816	3690	495	444	85	90	0	0	26	0	82	0	0	0	0	0	419	419	419	419	0	0	120	0	150				3219051	2	100	3219052	1	100			100	110	200	9	3		9400050	9404010						EF0001	EF_die_01a	EF_ov_01a	318	8000	2				2102	1	10000	11049	1	1000	21010	1	100				1982																	--	0	20級藥水、消耗品組	85	30級帽子組--灰	20	30級飾品／守護組--綠	2	--	0		850	107	794.40%	
	3208	3000	3002408	大象城	副本段	24		卡布長象	紅象		副本-大怪-血少攻強	0	無	林沖	33	31	31	1	1	1	moba0031b	0.7		1.3	0	0.1	0	0	150	120	150	80	5	46	126	3492	3780	514	460	87	92	0	0	26	0	84	0	0	0	0	0	434	434	434	434	0	0	140	0	150		1	1	3224003	2	100	3224004	1	100			100	110	200	1800	3		9400050	9404010						EF0001	EF_die_01a	EF_ov_01a	2113	8000	2	9501	2	10000	2102	1	10000	11049	1	1000	21010	1	100				2080																	一千兩銀票組　	12	20級藥水、消耗品組	85	30級帽子組--灰	20	30級飾品／守護組--綠	2	--	0		"4,451"	119	3740.30%	
	3209	3000	3002409	大象城	副本段	24		憤怒坦克象	坦克象		副本-小BOSS	0	無	林沖	35	32	32	1	1	1	moba0032d	0.6		1	0	0	0	0	200	200	200	120	5	75	329	9125	3960	571	513	92	97	0	0	27	0	88	0	0	0	0	0	484	484	484	484	0	0	160	10	400		1	1	3224011	1	100	3224012	1	100			100	110	200	1800	3		9400050	9404010					120	EF0001	EF_die_01b	EF_ov_01a	4750	8000		9501	2	10000	2102	1	10000	11051	1	1000	21012	1	100				3944																	一千兩銀票組　	12	20級藥水、消耗品組	85	30級褲子組--灰	21	35級飾品／守護組--綠	2	--	0		"4,870"	120	4058.30%	
	3210	3000	3002410	大象城	副本段	24		坦克小象	坦克象(小)		副本-中怪	0	無	林沖	30	29	29	1	1	1	moba0032	0.4		1.3	0	0.1	0	0	150	150	130	100	3	42	117	3096	3510	442	431	81	86	0	0	25	0	78	0	0	0	0	0	406	406	406	406	0	0	110	0	150				3223021	2	100	3223021	1	100			100	110	200	9	3		9400050	9404010				60	120	EF0001	EF_die_01a	EF_ov_01a	254	8000	2				2102	1	10000	11040	1	1000	21010	1	100				1818																	--	0	20級藥水、消耗品組	85	25級武器組--灰	17	30級飾品／守護組--綠	2	--	0		358	104	344.20%	
	3211	3000	3002411	大象城	副本段	24		象王	象王		副本-中BOSS	0	無	林沖	36	32	32	1	1	1	mobb0064	0.8		1	0	0.1	0	0	300	260	200	200	6	132	675	19700	4050	646	503	94	99	0	0	28	0	90	0	0	0	0	0	475	475	475	475	0	0	200	20	150		1	1	3224001	3	100	3224002	1	100			100	110	200	1800	3		9400050	9404010						EF0001	EF_die_01b	EF_ov_01a	9822	8000		2502	3	10000	2303	1	10000	13037	1	10000	23012	1	1000				10165																	變身糖果／彈珠組-象王	729	20級武、防卷軸組	179	30級上衣組--綠	223	35級飾品／守護組--綠	21	--	0		"10,974"	"1,152"	952.60%	
	3301	3000	3002501	大象城	魔王關	25		象王	象王		副本-大BOSS	0	無	林沖	37	32	32	1	1	1	obj27	1.5		1	0	0.1	0	0	100	200	200	100	1001	198	1386	40180	4140	670	523	96	101	0	0	28	0	92	0	0	0	0	0	493	493	493	493	0	0	250	40	150	75	0	1									100	110	200	3600	5		9400050	9404010						EF0001	EF_die_01b	EF_ov_01a	22708	8000		9501	10	10000	2102	1	10000	11051	1	1000	21012	1	100				2000																	一千兩銀票組　	60	20級藥水、消耗品組	85	30級褲子組--灰	21	35級飾品／守護組--綠	2	--	0		"22,876"	168	13616.70%	
#	彪城用MOB：每關卡各跳100號																																			0	0	0	0																	0	0		0																													0	0																	0																															
	3501	3000	3003001	彪城	副本段	30	yes	鐵面蝗蟲	蝗蟲		副本-小怪	0	無	林沖	38	38	38	1	1	1	mobb0068	1		1.3	0	0.1	0	0	50	50	90	25	3	34	70	2052	4230	693	541	98	103	0	0	29	0	94	0	0	0	0	0	510	510	510	510	0	0	100	0	150		0	0	3000021	1	100	3000022	3	100			100	110	200	9	3		9400050	9404010						EF0001	EF_die_01a	EF_ov_01a	180	8000	2				2102	1	10000	11062	1	1000	21014	1	100				2885																	--	0	20級藥水、消耗品組	85	35級上衣組--灰	30	40級飾品／守護組--綠	3	--	0		298	118	252.50%	
	3502	3000	3003002	彪城	副本段	30		黑老虎	黑老虎		副本-中怪	1	地	戴宗	40	39	39	1	1	1	moba9105a	1		1.3	0	0.1	0	0	100	50	60	50	3	45	172	3334	5145	706	510	94	108	0	0	30	0	98	0	599	0	0	0	157	157	157	16	0	0	110	0	150		0	0	3505031	2	100	3505032	1	100			100	110	200	9	3		9400050	9404010						EF0001	EF_die_01a	EF_ov_01a	526	8000	2				2102	1	10000	11064	1	1000	21014	1	100				2241																	--	0	20級藥水、消耗品組	85	35級武器組--灰	31	40級飾品／守護組--綠	3	--	0		645	119	542.00%	
	3503	3000	3003003	彪城	副本段	30		戰車彪	戰車彪		副本-小BOSS	3	火	雷橫	43	40	40	1	1	1	moba0110	1		1.3	0	0.1	0	1	250	250	200	180	1001	120	383	14376	4576	827	600	110	99	0	0	31	0	104	0	0	0	592	0	154	15	154	154	0	0	160	10		75	1	1									0	0	0	1800	3		9400050	9404010			50		100	EF0001	EF_die_01a	EF_ov_01a	7410	8000		9501	4	10000	2103	1	10000	11073	1	1000	21014	1	100				6559																	一千兩銀票組　	24	40級藥水、消耗品組	323	40級帽子組--灰	36	40級飾品／守護組--綠	3	--	0		"7,796"	386	2019.70%	
	3504	3000	3003004	彪城	副本段	30		戰車彪王	戰車彪王		副本-中BOSS	3	火	雷橫	45	41	41	1	1	1	moba0110a	1.5		1.3	0	0.1	0	0	300	320	280	200	1001	197	792	29760	4752	912	662	114	103	0	0	32	0	108	0	0	0	652	0	169	17	169	169	0	0	200	20		75	1	1									0	0	0	1800	5		9400050	9404010			100		200	EF0002	EF_die_01b	EF_ov_02a	16010	8000		9501	7	10000	2305	1	10000	13053	1	10000	23014	1	1000				18126																	一千兩銀票組　	42	40級武、防卷軸組	323	40級帽子組--綠	362	40級飾品／守護組--綠	29	--	0		"16,766"	756	2217.70%	
	3601	3000	3003101	彪城	副本段	31		鬼霧頑童	面具頑童		副本-小怪	1	地	戴宗	43	43	43	1	1	1	mobb0069a	1		1.3	0	0.1	0	0	50	50	80	25	3	31	91	1869	5460	735	531	100	114	0	0	31	0	104	0	666	0	0	0	174	174	174	17	0	0	100	0	200		0	0	3507021	1	100	3507022	3	100			100	110	200	9	3		9400050	9404010						EF0001	EF_die_01a	EF_ov_01a	78	3077	2				2103	1	10000	11074	1	1000	21018	1	100				2701																	--	0	40級藥水、消耗品組	323	40級上衣組--灰	39	45級飾品／守護組--綠	4	--	0		390	366	106.60%	
	3602	3000	3003102	彪城	副本段	31		條紋虎	黃老虎		副本-中怪	0	無	林沖	44	43	43	1	1	1	moba9105	1		1.3	0	0.1	0	0	100	50	60	50	3	66	158	4874	4770	823	644	110	117	0	0	32	0	106	0	0	0	0	0	607	607	607	607	0	0	110	0	150		0	0	3505031	2	100	3505032	1	100			100	110	200	9	3		9400050	9404010						EF0001	EF_die_01a	EF_ov_01a	443	8000	2				2103	1	10000	11074	1	1000	21018	1	100				3437																	--	0	40級藥水、消耗品組	323	40級上衣組--灰	39	45級飾品／守護組--綠	4	--	0		809	366	221.00%	
	3603	3000	3003103	彪城	副本段	31		胖胖獅	角瞳獅(橘)		副本-小BOSS	0	無	孫二娘	47	44	44	1	1	1	moba0022a	1		1.3	0	0.1	0	0	150	100	100	80	5	92	535	11177	6440	847	638	112	106	0	0	33	0	112	0	0	0	0	0	702	702	702	702	0	0	160	10	150		1	0	3506031	3	100	3506032	1	100			80	88	160	1800	3		9400050	9404010						EF0001	EF_die_01a	EF_ov_01a	9303	8000		9501	4	10000	2103	1	10000	11076	1	1000	21018	1	100				5217																	一千兩銀票組　	24	40級藥水、消耗品組	323	40級武器組--灰	40	45級飾品／守護組--綠	4	--	0		"9,694"	391	2479.30%	
	3604	3000	3003104	彪城	副本段	31		噴火彪王(挨打用)	噴火彪王(逃跑)		副本-小BOSS	3	火	雷橫	48	45	45	1	1	1	moba0111	1.5		1.3	0	0.1	0	0	120	140	220	80	5	138	418	16632	5016	943	662	121	108	0	0	34	0	114	0	0	0	719	0	187	19	187	187	0	0	160	10	150	75	1	1	3231011	2	100	3231012	1	100			300	330	600	1800	0		9400050	9404010						EF0001	EF_die_01b	EF_ov_01a	0	0																	0																	--	0	--	0	--	0	--	0	--	0		0	0	0.00%	
	3605	3000	3003105	彪城	副本段	31		噴火彪王	噴火彪王(最終)		副本-中BOSS	3	火	雷橫	50	46	46	1	1	1	moba0111	1.5		1.3	0	0.1	0	0	120	140	220	80	5	230	862	34392	5192	1149	752	125	112	0	0	35	0	118	0	0	0	791	0	205	21	205	205	0	0	200	20	150	75	1	1	3231011	2	100	3231012	1	100			300	330	600	3600	5		9400050	9404010						EF0001	EF_die_01b	EF_ov_01a	20526	8000		9501	9	10000	2306	1	10000	13059	1	10000	23018	1	1000				21816																	一千兩銀票組　	54	40級技能卷軸組3-5	419	40級武器組--綠	404	45級飾品／守護組--綠	38	--	0		"21,441"	915	2343.30%	
	3606	3000	3003106	彪城	副本段	31		地獄頑童	面具頑童(無限重生)		副本-小怪	1	地	戴宗	43	43	43	1	1	1	mobb0069a	1		1.3	0	0.1	0	0	50	50	80	25	3	31	91	1869	5460	735	531	100	114	0	0	31	0	104	0	666	0	0	0	174	174	174	17	0	0	100	0	150		0	0	3507021	1	100	3507022	5	100			100	110	200	9	3		9400050	9404010						EF0001	EF_die_01a	EF_ov_01a	0	0																	0																	--	0	--	0	--	0	--	0	--	0		0	0	0.00%	
	3607	3000	3003107	彪城	副本段	31		地獄虎	黃老虎(無限重生)		副本-中怪	0	無	林沖	44	43	43	1	1	1	moba9105	1		1.3	0	0.1	0	0	100	50	60	50	3	66	158	4874	4770	823	644	110	117	0	0	32	0	106	0	0	0	0	0	607	607	607	607	0	0	110	0	150		0	0	3505031	2	100	3505032	1	100			100	110	200	9	3		9400050	9404010						EF0001	EF_die_01a	EF_ov_01a	0	0																	0																	--	0	--	0	--	0	--	0	--	0		0	0	0.00%	
	3608	3000	6100000	彪城	副本段	31		噴火台(鐵質)	間歇性發射裝置		機關(噴火台)	3	火	平均	46	43	43	0	0	0	obj09a	1		1	0	0	0	1	50	50	50	25	1001			13420	5500	821	618	110	110	0	0	33	-100	110	0	0	0	728	0	182	18	182	182	0	0	500	0		100	1	1									0	0	0	-1	0									EF0001	EF_die_01a	EF_ov_01a	0	0																	0																	--	0	--	0	--	0	--	0	--	0		0	0		
	3701	3000	3003201	彪城	副本段	32		虎小墨	黑老虎		副本-小怪	0	無	林沖	44	44	44	1	1	1	moba9105a	1		1.3	0	0.1	0	0	100	50	60	50	3	41	79	2437	4770	823	644	110	117	0	0	32	0	106	0	0	0	0	0	607	607	607	607	0	0	100	0	150		0	0	3505031	2	100	3505032	1	100			100	110	200	9	3		9400050	9404010						EF0001	EF_die_01a	EF_ov_01a	81	4568	2				2103	1	10000	11076	1	1000	21018	1	100				3723																	--	0	40級藥水、消耗品組	323	40級武器組--灰	40	45級飾品／守護組--綠	4	--	0		404	367	110.10%	
	3702	3000	3003202	彪城	副本段	32		虎小黃	黃老虎		副本-小怪	0	無	林沖	45	45	45	1	1	1	moba9105	1		1.3	0	0.1	0	0	100	50	60	50	3	41	81	2480	4860	878	688	112	119	0	0	32	0	108	0	0	0	0	0	649	649	649	649	0	0	100	0	150		0	0	3505031	2	100	3505032	1	100			100	110	200	9	3		9400050	9404010						EF0001	EF_die_01a	EF_ov_01a	84	5357	2				2103	1	10000	11085	1	1000	21018	1	100				3961																	--	0	40級藥水、消耗品組	323	45級帽子組--灰	47	45級飾品／守護組--綠	4	--	0		419	374	112.00%	
	3703	3000	3003203	彪城	副本段	32		飛輪虎1號	飛輪虎		副本-大怪-血少攻強	0	無	林沖	48	46	46	1	1	1	moba0039	1.5		1.3	0	0.1	0	0	100	150	150	70	3	74	171	5544	5130	908	711	119	125	0	0	34	0	114	0	0	0	0	0	670	670	670	670	0	0	140	0	150		1	0	3518051	2	100	3506042	1	100			100	110	200	1800	3		9400050	9404010						EF0001	EF_die_01a	EF_ov_01a	4622	8000	2	9501	5	10000	2103	1	10000	11085	1	1000	21018	1	100				4019																	一千兩銀票組　	30	40級藥水、消耗品組	323	45級帽子組--灰	47	45級飾品／守護組--綠	4	--	0		"10,028"	404	2482.20%	
	3704	3000	3003204	彪城	副本段	32		飛輪虎2號	飛輪虎a		副本-大怪-血少攻強	0	無	林沖	48	46	46	1	1	1	moba0039a	1.5		1.3	0	0.1	0	0	100	150	150	70	3	74	171	5544	5130	908	711	119	125	0	0	34	0	114	0	0	0	0	0	670	670	670	670	0	0	140	0	150		1	0	3518051	2	100	3506042	1	100			100	110	200	1800	3		9400050	9404010						EF0001	EF_die_01a	EF_ov_01a	4622	8000	2	9501	5	10000	2103	1	10000	11085	1	1000	21018	1	100				4019																	一千兩銀票組　	30	40級藥水、消耗品組	323	45級帽子組--灰	47	45級飾品／守護組--綠	4	--	0		"10,028"	404	2482.20%	
	3705	3000	3003205	彪城	副本段	32		飛輪虎3號	飛輪虎b		副本-大怪-血少攻強	0	無	林沖	48	46	46	1	1	1	moba0039b	1.5		1.3	0	0.1	0	0	100	150	150	70	3	74	171	5544	5130	908	711	119	125	0	0	34	0	114	0	0	0	0	0	670	670	670	670	0	0	140	0	150		1	0	3518051	2	100	3506042	1	100			100	110	200	1800	3		9400050	9404010						EF0001	EF_die_01a	EF_ov_01a	4622	8000	2	9501	5	10000	2103	1	10000	11085	1	1000	21018	1	100				4019																	一千兩銀票組　	30	40級藥水、消耗品組	323	45級帽子組--灰	47	45級飾品／守護組--綠	4	--	0		"10,028"	404	2482.20%	
	3706	3000	3003206	彪城	副本段	32		飛輪虎4號	飛輪虎c		副本-大怪-血少攻強	0	無	林沖	48	46	46	1	1	1	moba0039c	1.5		1.3	0	0.1	0	0	100	150	150	70	3	74	171	5544	5130	908	711	119	125	0	0	34	0	114	0	0	0	0	0	670	670	670	670	0	0	140	0	150		1	0	3518051	2	100	3506042	1	100			100	110	200	1800	3		9400050	9404010						EF0001	EF_die_01a	EF_ov_01a	4622	8000	2	9501	5	10000	2103	1	10000	11085	1	1000	21018	1	100				4019																	一千兩銀票組　	30	40級藥水、消耗品組	323	45級帽子組--灰	47	45級飾品／守護組--綠	4	--	0		"10,028"	404	2482.20%	
	3707	3000	3003207	彪城	副本段	32		飛輪虎5號	飛輪虎e		副本-大怪-血少攻強	0	無	林沖	48	46	46	1	1	1	moba0039e	1.5		1.3	0	0.1	0	0	100	150	150	70	3	74	171	5544	5130	908	711	119	125	0	0	34	0	114	0	0	0	0	0	670	670	670	670	0	0	140	0	150		1	0	3518051	2	100	3506042	1	100			100	110	200	1800	3		9400050	9404010						EF0001	EF_die_01a	EF_ov_01a	4622	8000	2	9501	5	10000	2103	1	10000	11085	1	1000	21018	1	100				4019																	一千兩銀票組　	30	40級藥水、消耗品組	323	45級帽子組--灰	47	45級飾品／守護組--綠	4	--	0		"10,028"	404	2482.20%	
	3708	3000	3003208	彪城	副本段	32		飛輪虎6號	飛輪虎f(寶)		副本-大怪-血多攻弱	0	無	林沖	48	46	46	1	1	1	moba0039f	1.5		1.3	0	0.1	0	0	100	150	150	70	3	129	342	11088	5130	908	711	119	125	0	0	34	0	114	0	0	0	0	0	670	670	670	670	0	0	120	0	150		1	0	3518051	2	100	3506042	1	100			100	110	200	1800	3		9400050	9404010						EF0001	EF_die_01a	EF_ov_01a	4634	8000	2	1002	1	10000	2103	1	10000	11085	1	1000	21018	1	100				4019																	鎮虎符	6	40級藥水、消耗品組	323	45級帽子組--灰	47	45級飾品／守護組--綠	4	--	0		"10,028"	380	2638.90%	
	3709	3000	3003209	彪城	副本段	32		黑虎哥	飛輪虎d		副本-中BOSS	0	無	林沖	51	47	47	1	1	1	moba0039d	2		1.3	0	0.1	0	0	100	180	200	80	3	208	900	31040	5400	1069	754	125	132	0	0	35	0	120	0	0	0	0	0	711	711	711	711	0	0	200	20	150	75	1	1	3518051	2	100	3518052	1	100			100	110	200	1800	5		9400050	9404010						EF0001	EF_die_01b	EF_ov_01a	22817	8000		9501	10	10000	2307	1	10000	13064	1	10000	23020	1	1000				18695																	一千兩銀票組　	60	40級技能卷軸組4-5	485	45級褲子組--綠	485	50級飾品／守護組--綠	49	--	0		"23,896"	"1,079"	2214.60%	
	3801	3000	3003301	彪城	副本段	33		彪小兵	黃老虎		副本-大怪-血少攻強	1	地	平均	41	39	39	1	1	1	moba9105	1		1.3	0	0.1	0	0	100	50	60	50	3	61	166	4614	5000	719	541	100	100	0	0	30	0	100	0	596	0	0	0	149	149	149	15	0	0	140	0	150		0	0	3505031	2	100	3505032	1	100			100	110	200	9	3		9400050	9404010						EF0001	EF_die_01a	EF_ov_01a	605	8000	2				2102	1	10000	11064	1	1000	21014	1	100				3007																	--	0	20級藥水、消耗品組	85	35級武器組--灰	31	40級飾品／守護組--綠	3	--	0		"1,448"	119	1216.80%	
	3802	3000	3003302	彪城	副本段	33		坦克彪	戰車彪		機關	0	無	平均	44	41	41	1	2	1	moba0110	0.65		1.3	0	0.1	0	0	160	200	150	120	1001	205	440	12185	5300	791	596	106	106	0	0	32	0	106	0	0	0	0	0	656	656	656	656	0	0	100	0	150		0	1									500	500	500	1800	3		9400050	9404010			50		80	push	EF_die_01a	EF_ov_01a	3669	8000	2	9501	4	10000	2103	1	10000	11073	1	1000	21014	1	100				7040																	一千兩銀票組　	24	40級藥水、消耗品組	323	40級帽子組--灰	36	40級飾品／守護組--綠	3	--	0		"8,086"	386	2094.80%	
	3803	3000	3003303	彪城	副本段	33		葫蘆砲車	葫蘆砲車		機關	0	無	平均	45	42	42	0	2	1	npc0028	0.65		1.3	0	0.1	0	0	160	200	150	120	1001	205	450	48100	5400	844	637	108	108	0	0	32	0	108	0	0	0	0	0	701	701	701	701	0	0	100	0	150		0	1									500	500	500	7	3		9400050	9404010				60	80	push	EF_die_01a	EF_ov_01a	0	0																	0																	--	0	--	0	--	0	--	0	--	0		"1,677"	0	0.00%	
	3804	3000	3003304	彪城	副本段	33		童王彪	偽裝彪		副本-中BOSS	3	火	雷橫	46	42	42	1	1	1	moba0109	2		1.3	0	0.1	0	0	150	150	120	80	3	216	810	32208	4840	887	643	117	105	0	0	33	0	110	0	0	0	674	0	175	18	175	175	0	0	200	20	300	75	0	1	3231025	2	100	3231026	1	100			300	330	600	1800	5		9400050	9404010						EF0001	EF_die_01b	EF_ov_01a	17843	8000		9501	8	10000	2305	1	10000	13064	1	10000	23018	1	1000				18558																	一千兩銀票組　	48	40級武、防卷軸組	323	45級褲子組--綠	485	45級飾品／守護組--綠	38	--	0		"18,737"	894	2095.90%	
	3901	3000	3003401	彪城	副本段	34		彪族戰士	角瞳獅(橘)(無限重生)		副本-小怪	0	無	平均	40	40	40	1	1	1	moba0022a	0.7		1.3	0	0.1	0	0	80	80	60	50	3	36	82	2137	4900	735	554	98	98	0	0	30	0	98	0	0	0	0	0	609	609	609	609	0	0	100	0	150		0	0	3506031	3	100	3506032	1	100			100	110	200	9	3		9400050	9404010						EF0001	EF_die_01a	EF_ov_01a	0	0																	0																	--	0	--	0	--	0	--	0	--	0		0	0	0.00%	
	3902	3000	3003402	彪城	副本段	34		彪族守門員	獅子火		副本-大怪-血多攻弱	3	火	平均	43	41	41	1	1	1	mobb0023	1		1.3	0	0.1	0	0	100	120	100	70	1001	112	348	9584	5200	766	577	104	104	0	0	31	0	104	0	0	0	639	0	160	16	160	160	0	0	120	0	150		1	1	3234011	2	100	3234012	1	100			200	220	400	1800	2		9400050	9404010						EF0001	EF_die_01a	EF_ov_01a	3524	8000	2	9501	4	10000	2103	1	10000	11073	1	1000	21014	1	100				3252																	一千兩銀票組　	24	40級藥水、消耗品組	323	40級帽子組--灰	36	40級飾品／守護組--綠	3	--	0		"7,796"	386	2019.70%	
	3903	3000	3003403	彪城	副本段	34		金獅庄	金獅庄		副本-小BOSS	3	火	平均	45	42	42	1	1	1	moba0113	1.3		1.3	0	0.1	0	0	100	150	150	70	3	103	450	12400	5400	844	637	108	108	0	0	32	0	108	0	0	0	704	0	176	18	176	176	0	0	160	10	150	75	1	1	3234023	3	100	3234021	1	100			100	110	200	1800	5		9400050	9404010				80		EF0001	EF_die_01b	EF_ov_01a	7928	8000		9501	4	10000	2305	1	5000	13067	1	5000	23018	1	500				5992																	一千兩銀票組　	24	40級武、防卷軸組	162	45級上衣組--綠	251	45級飾品／守護組--綠	19	--	0		"8,383"	455	1842.40%	
	3904	3000	3003404	彪城	副本段	34		宋江	宋江		機關	0	無	平均	43	40	40	0	1	1	npc0001	1		1.3	0	0.1	0	0	60	60	80	35	2001	0	0	4800	5200	766	577	104	104	0	0	31	0	104	0	0	0	0	0	635	635	635	635	0	0	100	0	150		0	0									150	165	300	7	3		9400050	9404010						EF0001	EF_die_01a	EF_ov_01a	418	8000					2103	1	10000	11073	1	1000	21014	1	100				2715																	--	0	40級藥水、消耗品組	323	40級帽子組--灰	36	40級飾品／守護組--綠	3	--	0		"1,559"	362	430.70%	
	3905	3000	3003403	彪城	副本段	34		金獅庄雕像	金獅庄		副本-中BOSS	3	火	平均	47	43	43	0	0	0	moba0113	1.3		1.3	0	0.1	0	0	100	150	150	70	1001	180	930	27260	5600	847	638	112	112	0	0	33	0	112	0	0	0	752	0	188	19	188	188	0	0	200	20	150	75	1	1									100	110	200	3600	5		9400050	9404010				80		EF0001	EF_die_01b	EF_ov_01a	0	0																	0																	--	0	--	0	--	0	--	0	--	0		0	0	0.00%	
	4001	3000	3003502	彪城	副本段	35		彪族機械士	角瞳獅(橘)		副本-小怪	1	地	平均	37	37	37	1	1	1	moba0022a	1		1.3	0	0.1	0	0	150	100	100	80	3	33	77	2009	4600	644	484	92	92	0	0	28	0	92	0	501	0	0	0	126	126	126	13	0	0	100	0	150		0	0	3506031	3	100	3506032	1	100			100	110	200	9	3		9400050	9404010						EF0001	EF_die_01a	EF_ov_01a	168	8000	2	1003	1	3000	2102	1	10000	11063	1	1000	21014	1	100				2713																	戰車零件七部分A組	2	20級藥水、消耗品組	85	35級褲子組--灰	29	40級飾品／守護組--綠	3	--	0		286	118	242.40%	
	4002	3000	3003502	彪城	副本段	35		彪族機械士	角瞳獅(紅)		副本-小怪	0	無	平均	38	38	38	1	1	1	moba0022c	1		1.3	0	0.1	0	0	150	100	100	80	3	34	78	2052	4700	666	501	94	94	0	0	29	0	94	0	0	0	0	0	551	551	551	551	0	0	100	0	150		0	0	3506031	3	100	3506032	1	100			100	110	200	9	3		9400050	9404010						EF0001	EF_die_01a	EF_ov_01a	179	8000	2	1004	1	3000	2102	1	10000	11062	1	1000	21014	1	100				2833																	戰車零件七部分B組	2	20級藥水、消耗品組	85	35級上衣組--灰	30	40級飾品／守護組--綠	3	--	0		298	119	250.40%	
	4003	3000	3003503	彪城	副本段	35		奔雷虎	奔雷虎		副本-大BOSS	0	無	平均	45	40	40	1	1	1	mobb0112	1.5		1.3	0	0.1	0	0	150	100	200	100	5	246	1800	49600	5400	844	637	108	108	0	0	32	0	108	0	0	0	0	0	701	701	701	701	0	0	250	40	150	75	1	1	3535031	1	100	3535032	3	100			300	300	400	1800	5		9400050	9404010						EF0001	EF_die_01b	EF_ov_01a	32733	8000		9501	14	10000	2305	1	10000	13053	1	10000	23014	1	1000				17976																	一千兩銀票組　	84	40級武、防卷軸組	323	40級帽子組--綠	362	40級飾品／守護組--綠	29	--	0		"33,531"	798	4201.90%	
	4004	3000	3003504	彪城	副本段	35		奔雷虎部下	飛輪虎g		副本-小怪	0	無	林沖	39	39	39	1	1	1	moba0039g	0.8		1.3	0	0.1	0	0	80	80	100	60	3	35	72	2099	4320	714	558	100	106	0	0	29	0	96	0	0	0	0	0	527	527	527	527	0	0	100	0	150		0	0	3505041	2	100	3505042	1	100			100	110	200	9	3		9400050	9404010						EF0001	EF_die_01a	EF_ov_01a	189	8000	2	1005	1	3000	2102	1	10000	11064	1	1000	21014	1	100				3007																	戰車零件七部分C組	2	20級藥水、消耗品組	85	35級武器組--灰	31	40級飾品／守護組--綠	3	--	0		310	121	256.20%	
#	駱駝城用MOB：每關卡各跳100號																																			0	0	0	0																	0	0		0																			9400050										0	0																	0																															
	4101	3000	3005001	駱城	副本段	36		山駱駝			副本-小怪	4	風	戴宗	40	40	40	1	1	1	moba0016b	1		1.3	0	0.1	0	1	120	40	80	25	3	28	86	1667	5145	706	510	94	108	0	0	30	0	98	0	0	0	0	599	157	157	16	157	0	0	100	0	150		0	0	4000001	2	100	3507052	1	100			100	110	200	3	3		9400050	9404010						EF0001	EF_die_01a	EF_ov_01a	65	2000	2				2103	1	10000	11073	1	1000	21014	1	100				2428																	--	0	40級藥水、消耗品組	323	40級帽子組--灰	36	40級飾品／守護組--綠	3	--	0		323	362	89.20%	
	4102	3000	3005002	駱城	副本段	36		沙漠小蠍			副本-中怪	0	無	平均	42	41	41	1	1	1	mobb0036b	0.7		1.3	0	0.1	0	1	100	60	80	25	3	62	170	4692	5100	744	560	102	102	0	0	31	0	102	0	0	0	0	0	616	616	616	616	0	0	110	0	150		0	0	3508011	1	100	3508012	3	100			100	110	200	3	3		9400050	9404010						EF0001	EF_die_01a	EF_ov_01a	389	8000	2				2103	1	10000	11073	1	1000	21014	1	100				3130																	--	0	40級藥水、消耗品組	323	40級帽子組--灰	36	40級飾品／守護組--綠	3	--	0		751	362	207.50%	
	4103	3000	3005003	駱城	副本段	36		蠍子兵			副本-大怪-血少攻強	0	無	林沖	44	42	42	1	1	1	mobb0036a	0.7		1.3	0	0.1	0	1	100	60	80	25	3	66	158	4874	4770	823	644	110	117	0	0	32	0	106	0	0	0	0	0	607	607	607	607	0	0	140	0	150	10	1	1	3508011	1	100	3508012	2	100			125	137	250	3	3		9400050	9404010						EF0001	EF_die_01a	EF_ov_01a	441	8000		9501	1	10000	2103	1	10000	11075	1	1000	21018	1	100				3437																	一千兩銀票組　	6	40級藥水、消耗品組	323	40級褲子組--灰	38	45級飾品／守護組--綠	4	--	0		"1,617"	370	437.00%	
	4104	3000	3005004	駱城	副本段	36		雙嘻蠍			副本-中BOSS	3	火	平均	47	43	43	1	1	1	mobb0036	1.3		1.3	0	0.1	0	1	180	100	120	25	5	180	930	27260	5600	847	638	112	112	0	0	33	0	112	0	0	0	752	0	188	19	188	188	0	0	200	20	150	80	1	1	3508052	1	100	3236042	1	100			125	137	500	3	3		9400050	9404010						EF0001	EF_die_01a	EF_ov_01a	3101	8000		9501	2	10000	2305	1	10000	13059	1	10000	23018	1	1000				15905																	一千兩銀票組　	12	40級武、防卷軸組	323	40級武器組--綠	404	45級飾品／守護組--綠	38	--	0		"3,878"	777	499.10%	
	4201	3000	3005101	駱城	副本段	37		沙漠小兵			副本-中怪	4	風	戴宗	43	42	42	1	1	1	mobb0069	1		1.3	0	0.1	0	0	50	50	80	25	3	50	183	3738	5460	735	531	100	114	0	0	31	0	104	0	0	0	0	666	174	174	17	174	0	0	110	0	200		0	0	3507021	3	100	3507022	1	100			100	110	200	3	3		9400050	9404010						EF0001	EF_die_01a	EF_ov_01a	416	8000	2				2103	1	10000	11075	1	1000	21018	1	100				2494																	--	0	40級藥水、消耗品組	323	40級褲子組--灰	38	45級飾品／守護組--綠	4	--	0		780	364	214.30%	
	4202	3000	3005102	駱城	副本段	37		沙漠捕快			副本-中怪	0	無	平均	44	43	43	1	1	1	mobb0069a	1		1.3	0	0.1	0	0	50	50	80	25	3	66	176	4874	5300	791	596	106	106	0	0	32	0	106	0	0	0	0	0	656	656	656	656	0	0	110	0	150		0	0	3507021	1	100	3507022	8	100			100	110	200	3	3		9400050	9404010						EF0001	EF_die_01a	EF_ov_01a	443	8000	2				2103	1	10000	11074	1	1000	21018	1	100				3379																	--	0	40級藥水、消耗品組	323	40級上衣組--灰	39	45級飾品／守護組--綠	4	--	0		809	366	221.00%	
	4203	3000	3005103	駱城	副本段	37		沙漠大捕頭			副本-大怪-血多攻弱	0	無	雷橫	46	44	44	1	1	1	moba9003	0.7		1.3	0	0.1	0	0	100	100	120	60	3	151	324	12883	4840	887	643	117	105	0	0	33	0	110	0	0	0	0	0	654	654	654	654	0	0	120	0	150	10	1	1	3237031	2	100	3237032	1	100			125	137	250	3	3		9400050	9404010						EF0001	EF_die_01a	EF_ov_01a	566	8000	2	9501	1	10000	2103	1	10000	11076	1	1000	21018	1	100				4454																	一千兩銀票組　	6	40級藥水、消耗品組	323	40級武器組--灰	40	45級飾品／守護組--綠	4	--	0		"1,874"	373	502.40%	
	4204	3000	3005104	駱城	副本段	37		五行蛇			副本-中BOSS	0	無	林沖	49	45	45	1	1	1	moba0037	1		1.3	0	0.1	0	0	150	100	100	80	5	188	873	28200	5220	935	732	121	128	0	0	34	0	116	0	0	0	0	0	691	691	691	691	0	0	200	20	150	80	1	1	4000003	2	100	4000007	1	100			125	137	500	3	3		9400050	9404010						EF0001	EF_die_01a	EF_ov_01a	3194	8000		9501	2	10000	2306	1	10000	13064	1	10000	23018	1	1000				17335																	一千兩銀票組　	12	40級技能卷軸組3-5	419	45級褲子組--綠	485	45級飾品／守護組--綠	38	--	0		"4,148"	954	434.80%	
	4301	3000	3005201	駱城	副本段	38		駱駝精兵			副本-大怪-血多攻弱	3	火	孫二娘	45	43	43	1	1	1	moba0016	1		1.3	0	0.1	0	1	120	40	100	25	3	94	414	8134	6210	844	637	108	103	0	0	32	0	108	0	0	0	704	0	176	18	176	176	0	0	120	0	150		0	0	4000005	2	100	3507052	1	100			100	110	200	3	3		9400050	9404010						EF0001	EF_die_01a	EF_ov_01a	472	8000	2				2103	1	10000	11074	1	1000	21018	1	100				2948																	--	0	40級藥水、消耗品組	323	40級上衣組--灰	39	45級飾品／守護組--綠	4	--	0		"1,677"	366	458.20%	
	4302	3000	3005202	駱城	副本段	38		駱駝精英			副本-大怪-血少攻強	0	無	林沖	46	44	44	1	1	1	moba0016a	1		1.3	0	0.1	0	1	120	40	100	25	3	72	166	5368	4950	854	667	114	121	0	0	33	0	110	0	0	0	0	0	630	630	630	630	0	0	140	0	150	10	1	0	4000001	1	100	3507052	1	100			100	110	200	3	3		9400050	9404010						EF0001	EF_die_01a	EF_ov_01a	566	8000	2	9501	1	10000	2103	1	10000	11076	1	1000	21018	1	100				3740																	一千兩銀票組　	6	40級藥水、消耗品組	323	40級武器組--灰	40	45級飾品／守護組--綠	4	--	0		"1,874"	373	502.40%	
	4303	3000	3005203	駱城	副本段	38		駱駝製圖員			副本-小BOSS	0	無	雷橫	48	45	45	1	1	1	mobb0016	1		1.3	0	0.1	0	1	120	40	100	25	3	138	418	16632	5016	943	684	121	108	0	0	34	0	114	0	0	0	0	0	696	696	696	696	0	0	160	10	150	10	1	1	3507031	1	100	3507032	5	100			125	137	250	3	3		9400050	9404010						EF0001	EF_die_01a	EF_ov_01a	1626	8000	2	9501	1	10000	2103	1	10000	11085	1	1000	21018	1	100				7973																	一千兩銀票組　	6	40級藥水、消耗品組	323	45級帽子組--灰	47	45級飾品／守護組--綠	4	--	0		"2,006"	380	527.90%	
	4304	3000	3005204	駱城	副本段	38		駱駝陣			副本-大BOSS	4	風	平均	51	46	46	1	1	1	mobb0017	1		1.3	0	0.1	0	1	60	330	300	50	1001	312	2000	62080	6000	1028	698	120	120	0	0	35	0	120	0	0	0	0	881	221	221	22	221	0	0	250	40	150	80	1	1									0	0	0	-1	3		9400050	9404010						EF0001	EF_die_01a	EF_ov_01a	7325	8000		2504	3	10000	2306	1	10000	13070	1	10000	23018	1	1000				22098																	變身糖果／彈珠組-駱駝王	"1,257"	40級技能卷軸組3-5	419	45級武器組--綠	519	45級飾品／守護組--綠	38	--	0		"9,558"	"2,233"	428.00%	
	4305	3000	3005204	駱城	副本段	38		駱駝陣(組員)			副本-小BOSS	4	風	平均	51	46	46	1	1	1	moba0016c	1		1.3	0	0.1	0	1	120	40	100	25	3	130	500	15520	6000	1028	698	120	120	0	0	35	0	120	0	0	0	0	881	221	221	22	221	0	0	160	10	150	10	1	0	4000001	1	100	3507052	1	100			100	110	200	-1	3		9400050	9404010						EF0001	EF_die_01a	EF_ov_01a	0	0																	0																															
	4306	3000	3005204	駱城	副本段	38		駱駝陣(組員)			副本-中BOSS	4	風	平均	51	46	46	1	1	1	mobb0016	1		1.3	0	0.1	0	1	120	40	100	25	3	208	1000	31040	6000	1028	698	120	120	0	0	35	0	120	0	0	0	0	881	221	221	22	221	0	0	200	20	150	10	1	1	3507031	1	100	3507032	5	100			125	137	250	-1	3		9400050	9404010						EF0001	EF_die_01a	EF_ov_01a	0	0																	0																															
#	貓城用MOB：每關卡各跳100號																																			0	0	0	0																	0	0		0																													0	0																	0																															
	4401	3000	3006001	貓城	副本段	39		小藍貓兵			副本-小怪	2	水	戴宗	45	45	45	1	1	1	moba0015a	1		1.3	0	0.1	0	0	50	50	80	30	3	32	95	1934	5670	810	586	104	119	0	0	32	0	108	0	0	733	0	0	19	191	191	191	0	0	100	0	150		0	0	3509011	2	100	3509012	1	100			100	110	200	3	3		9400050	9404010						EF0001	EF_die_01a	EF_ov_01a	84	5357	2				2103	1	10000	11085	1	1000	21018	1	100				2986																	--	0	40級藥水、消耗品組	323	45級帽子組--灰	47	45級飾品／守護組--綠	4	--	0		419	374	112.00%	
	4402	3000	3006003	貓城	副本段	39		小黃貓兵			副本-中怪	1	地	平均	47	46	46	1	1	1	moba0015c	1		1.3	0	0.1	0	0	50	50	80	30	3	72	186	5452	5600	847	638	112	112	0	0	33	0	112	0	752	0	0	0	188	188	188	19	0	0	110	0	150		0	0	3509011	1	100	3509012	2	100			125	137	250	3	3		9400050	9404010						EF0001	EF_die_01a	EF_ov_01a	595	8000	2				2103	1	10000	11085	1	1000	21018	1	100				3817																	--	0	40級藥水、消耗品組	323	45級帽子組--灰	47	45級飾品／守護組--綠	4	--	0		969	374	259.10%	
	4403	3000	3006002	貓城	副本段	39		小綠貓兵			副本-大怪-血少攻強	4	風	林沖	49	47	47	1	1	1	moba0015b	1		1.3	0	0.1	0	0	50	50	80	30	3	75	175	5640	5220	935	732	121	128	0	0	34	0	116	0	0	0	0	772	186	186	19	186	0	0	140	0	150		1	1	3509011	3	100	3509042	1	100			125	137	250	3	3		9400050	9404010						EF0001	EF_die_01a	EF_ov_01a	661	8000	2				2103	1	10000	11087	1	1000	21020	1	100				4160																	--	0	40級藥水、消耗品組	323	45級褲子組--灰	49	50級飾品／守護組--綠	5	--	0		"2,074"	376	551.60%	
	4404	3000	3006004	貓城	副本段	39		貓王			副本-中BOSS	3	火	平均	52	48	48	1	1	1	mobb0015	2		1.3	0	0.1	0	0	80	80	140	50	19	212	1020	31510	6100	1059	719	122	122	0	0	36	0	122	0	0	0	909	0	228	23	228	228	0	0	200	20	150	80	1	1	3509051	3	100	3509052	1	100			150	220	300	3	10		9400050	9404010						EF0001	EF_die_01b	EF_ov_01a	3886	8000		9501	2	10000	2307	1	10000	13067	1	10000	23020	1	1000				19035																	一千兩銀票組　	12	40級技能卷軸組4-5	485	45級上衣組--綠	501	50級飾品／守護組--綠	49	--	0		"4,933"	"1,047"	471.20%	
	4501	3000	3006001	貓城	副本段	40		小藍貓兵(重生)			副本-小怪	2	水	戴宗	47	47	47	1	1	1	moba0015a	1		1.3	0	0.1	0	0	50	50	80	30	3	35	98	2126	5880	813	587	108	123	0	0	33	0	112	0	0	783	0	0	20	204	204	204	0	0	100	0	150		0	0	3509011	2	100	3509012	1	100			100	110	200	3	3		9400050	9404010						EF0001	EF_die_01a	EF_ov_01a	0	0																	0																	--	0	--	0	--	0	--	0	--	0		0	0	0.00%	
	4502	3000	3006003	貓城	副本段	40		小黃貓兵(重生)			副本-小怪	1	地	平均	48	48	48	1	1	1	moba0015c	1		1.3	0	0.1	0	0	50	50	80	30	3	46	95	2772	5700	873	658	114	114	0	0	34	0	114	0	777	0	0	0	195	195	195	19	0	0	100	0	150		0	0	3509011	1	100	3509012	2	100			125	137	250	3	3		9400050	9404010						EF0001	EF_die_01a	EF_ov_01a	0	0																	0																	--	0	--	0	--	0	--	0	--	0		0	0	0.00%	
	4503	3000	3006002	貓城	副本段	40		小綠貓兵(重生)			副本-中怪	4	風	雷橫	50	49	49	1	1	1	moba0015b	1		1.3	0	0.1	0	0	50	50	80	30	3	92	172	6878	5192	1149	752	125	112	0	0	35	0	118	0	0	0	0	791	205	205	21	205	0	0	110	0	150		1	1	3509011	3	100	3509042	1	100			125	137	250	3	3		9400050	9404010						EF0001	EF_die_01a	EF_ov_01a	0	0																	0																	--	0	--	0	--	0	--	0	--	0		0	0	0.00%	
	4504	3000	3006004	貓城	副本段	40		貓王			副本-中BOSS	3	火	林沖	54	50	50	1	1	1	mobb0015	2		1.3	0	0.1	0	0	80	80	140	50	3	216	945	1000000	5670	1164	821	131	139	0	0	37	0	126	0	0	0	930	0	224	22	224	224	0	0	200	20	150	80	1	1	3509051	3	100	3509051	1	100			150	220	300	3	10		9400050	9404010						EF0001	EF_die_01b	EF_ov_01a	0	0																	0																	--	0	--	0	--	0	--	0	--	0		0	0	0.00%	
	4505	3000	3300088	貓城	副本段	40		狗王			副本-中BOSS	2	水	雷橫	56	51	51	1	1	1	moba0005b	3		1.3	0	0.1	0	0	100	100	100	60	5	288	950	42984	5720	1237	809	138	124	0	0	38	0	130	0	0	979	0	0	25	254	254	254	0	0	200	20	150	80	1	1	3240051	6	100	3240052	1	100			125	137	500	3	10		9400050	9404010						EF0001	EF_die_01a	EF_ov_01a	4824	8000		9501	3	10000	2308	1	10000	13073	1	10000	23020	1	1000				22000																	一千兩銀票組　	18	40級武、防卷軸組	536	50級帽子組--綠	597	50級飾品／守護組--綠	49	--	0		"6,024"	"1,200"		
	4506	3000	3300089	貓城	副本段	40		小狗兵			副本-大怪-血少攻強	0	無	戴宗	47	47	47	1	1	1	moba0005b	1.5		1.3	0	0.1	0	0	60	60	70	35	3	56	195	4253	5880	813	587	108	123	0	0	33	0	112	0	0	0	0	0	763	763	763	763	0	0	140	0	150		0	0	3510021	3	100	3510022	1	100			100	110	200	9	3		9400050	9404010						EF0001	EF_die_01a	EF_ov_01a	0	0																	0																	--	0	--	0	--	0	--	0	--	0		0	0		
	4601	3000	3006005	貓城	副本段	41		懶貓小兵			副本-大怪-血多攻弱	2	水	孫二娘	50	48	48	1	1	1	moba0015a	1		1.3	0	0.1	0	0	50	50	80	30	3	110	451	9400	6785	1064	723	118	112	0	0	35	0	118	0	0	854	0	0	21	214	214	214	0	0	120	0	150		0	0	3509011	2	100	3509012	1	100			100	110	200	-1	3		9400050	9404010						EF0001	EF_die_01a	EF_ov_01a	694	8000	2				2103	1	10000	11086	1	1000	21020	1	100				3549																	--	0	40級藥水、消耗品組	323	45級上衣組--灰	50	50級飾品／守護組--綠	5	--	0		"2,144"	378	567.20%	
	4602	3000	3006006	貓城	副本段	41		淚水站護衛兵			副本-中怪	2	水	林沖	50	49	49	1	1	1	moba0015c	1		1.3	0	0.1	0	0	50	50	80	30	3	77	176	5732	5310	1107	781	123	130	0	0	35	0	118	0	0	821	0	0	20	198	198	198	0	0	110	0	150	10	0	0	3509011	1	100	3509012	2	100			100	110	200	-1	3		9400050	9404010						EF0001	EF_die_01a	EF_ov_01a	692	8000	2				2103	1	10000	11088	1	1000	21020	1	100				4398																	--	0	40級藥水、消耗品組	323	45級武器組--灰	52	50級飾品／守護組--綠	5	--	0		"1,072"	380	282.10%	
	4603	3000	3006007	貓城	副本段	41		水缸守護兵			副本-大怪-血少攻強	4	風	雷橫	52	50	50	1	1	1	moba0015b	1		1.3	0	0.1	0	0	50	50	80	30	3	102	180	7562	5368	1144	748	129	116	0	0	36	0	122	0	0	0	0	842	219	219	22	219	0	0	140	0	150	10	0	0	3509011	3	100	3509042	1	100			125	137	250	-1	3		9400050	9404010						EF0001	EF_die_01a	EF_ov_01a	845	8000	2				2103	1	10000	11097	1	1000	21020	1	100				5524																	--	0	40級藥水、消耗品組	323	50級帽子組--灰	60	50級飾品／守護組--綠	5	--	0		"2,467"	388	635.80%	
	4604	3000	3006004	貓城	副本段	41		貓王			副本-大BOSS	3	火	平均	56	51	51	1	1	1	mobb0015	2		1.3	0	0.1	0	0	80	80	140	50	5	100000	2160	71640	6500	1145	778	130	130	0	0	38	0	130	0	0	0	1057	0	265	26	265	265	0	0	250	40	150	80	1	1	3509051	3	100	3509052	1	100			125	137	500	-1	10		9400050	9404010						EF0001	EF_die_01a	EF_ov_01a	8775	8000		2506	3	10000	2308	1	10000	13079	1	10000	23020	1	1000				26088																	變身糖果／彈珠組-貓王	"2,031"	40級武、防卷軸組	536	50級武器組--綠	656	50級飾品／守護組--綠	49	--	0		"12,047"	"3,272"	368.20%	
	4605	3000	3006004	貓城	副本段	41		貓王	過關表演用		副本-大BOSS	3	火	平均	56	51	51	0	0	0	mobb0015a	2		1.3	0	0.1	0	0	80	80	140	50	1001	360	2160	71640	6500	1145	778	130	130	0	0	38	0	130	0	0	0	1057	0	265	26	265	265	0	0	250	40	150	80	1	1												-1	10												0	0																	0																	--	0	--	0	--	0	--	0	--	0		0	0	0.00%	
#	鷹城用MOB：每關卡各跳100號																																			0	0	0	0																	0	0		0																													0	0																	0																															
	4701	3000	3004001	鷹城	副本段	42		飛天蝠	飛蝠道		副本-小怪	4	風	戴宗	50	50	50	1	1	1	moba0091	1		1.3	0	0.1	0	0	50	50	80	25	3	37	103	2235	6195	1021	665	113	130	0	0	35	0	118	0	0	0	0	890	232	232	23	232	0	0	100	0	150		0	0	3242051	2	100	3242052	1	100			125	137	250	3	3		9400050	9404010						EF0001	EF_die_01a	EF_ov_01a	148	8000	2				2103	1	10000	11097	1	1000	21020	1	100				3598																	--	0	40級藥水、消耗品組	323	50級帽子組--灰	60	50級飾品／守護組--綠	5	--	0		536	388	138.10%	
	4702	3000	3004002	鷹城	副本段	42		怒面頑童	任天童		副本-中怪	4	風	平均	52	51	51	1	1	1	mobb0069c	1		1.3	0	0.1	0	0	50	50	80	25	3	85	204	6302	6100	1059	719	122	122	0	0	36	0	122	0	0	0	0	909	228	228	23	228	0	0	110	0	200		0	0	3242021	2	100	3242022	1	100			100	110	200	9	3		9400050	9404010						EF0001	EF_die_01a	EF_ov_01a	845	8000	2				2103	1	10000	11097	1	1000	21020	1	100				4568																	--	0	40級藥水、消耗品組	323	50級帽子組--灰	60	50級飾品／守護組--綠	5	--	0		"1,233"	388	317.80%	
	4703	3000	3004003	鷹城	副本段	42		鎬首鴕	二鴕哥		副本-大怪-血多攻弱	0	無	林沖	54	52	52	1	1	1	moba0040d	1.2		1.3	0	0.1	0	0	50	50	80	25	3	151	378	13020	5670	1164	821	131	139	0	0	37	0	126	0	0	0	0	0	774	774	774	774	0	0	120	0	150	10	1	1	3512021	3	100	3512022	1	100			125	137	250	9	3		9400050	9404010						EF0001	EF_die_01a	EF_ov_01a	916	8000	2	9501	2	10000	2103	1	10000	11099	1	1000	21023	1	100				4945																	一千兩銀票組　	12	40級藥水、消耗品組	323	50級褲子組--灰	62	55級飾品／守護組--綠	6	--	0		"2,626"	403	651.60%	
	4704	3000	3004004	鷹城	副本段	42		熱狗大亨	熱狗大亨		副本-大BOSS	3	火	平均	58	53	53	1	1	1	moba0041	4		1.3	0	0.1	0	0	100	100	140	60	5	372	2240	73840	6700	1208	821	134	134	0	0	39	0	134	0	0	0	1122	0	281	28	281	281	0	0	250	40	400	80	1	1	3242041	1	100	3242042	10	100			125	137	500	3	3		9400050	9404010						EF0001	EF_die_01a	EF_ov_01a	11531	8000		9501	6	10000	2308	1	10000	13075	1	10000	23023	1	1000				27714																	一千兩銀票組　	36	40級武、防卷軸組	536	50級褲子組--綠	617	55級飾品／守護組--綠	62	--	0		"12,782"	"1,251"	1021.70%	
	4801	3000	3004101	鷹城	副本段	43		迅天蝠	飛蝠道		副本-小怪	4	風	戴宗	52	52	52	1	1	1	moba0091	1		1.3	0	0.1	0	0	50	50	80	25	3	41	107	2458	6405	1017	661	117	134	0	0	36	0	122	0	0	0	0	947	247	247	25	247	0	0	100	0	150		0	0	3242051	2	100	3242052	1	100			123	135	246	3	3		9400050	9404010						EF0001	EF_die_01a	EF_ov_01a	226	8000	2				2103	1	10000	11099	1	1000	21023	1	100				3802																	--	0	40級藥水、消耗品組	323	50級褲子組--灰	62	55級飾品／守護組--綠	6	--	0		617	391	157.80%	
	4802	3000	3004102	鷹城	副本段	43		截氣臭鼬	毒氣鼬		副本-大怪-血多攻弱	1	地	平均	55	53	53	1	1	1	moba0055	1.2		1.3	0	0.1	0	0	60	40	65	30	3	154	428	13204	6400	1189	809	128	128	0	0	37	0	128	0	1026	0	0	0	257	257	257	26	0	0	120	0	150		0	0	3243021	3	100	3243022	1	100			100	110	200	3	3		9400050	9404010						EF0001	EF_die_01a	EF_ov_01a	961	8000	2				2103	1	10000	11098	1	1000	21023	1	100				5122																	--	0	40級藥水、消耗品組	323	50級上衣組--灰	64	55級飾品／守護組--綠	6	--	0		"2,708"	393	689.10%	
	4803	3000	3004103	鷹城	副本段	43		錘首鴕	大鴕哥		副本-大怪-血少攻強	0	無	雷橫	56	54	54	1	1	1	moba0040e	1.2		1.3	0	0.1	0	0	70	50	70	40	3	115	190	8597	5720	1237	809	138	124	0	0	38	0	130	0	0	0	0	0	823	823	823	823	0	0	140	0	150	10	1	1	3512021	3	100	3512022	1	100			125	137	250	3	3		9400050	9404010						EF0001	EF_die_01a	EF_ov_01a	1105	8000	2	9501	2	10000	2103	1	10000	11100	1	1000	21023	1	100				6306																	一千兩銀票組　	12	40級藥水、消耗品組	323	50級武器組--灰	66	55級飾品／守護組--綠	6	--	0		"3,012"	407	740.00%	
	4804	3000	3004104	鷹城	副本段	43		閃輪酷客	閃輪酷客		副本-中BOSS	4	風	林沖	59	55	55	1	1	1	moba0029e	2		1.3	0	0.1	0	0	50	50	150	35	5	248	1017	37400	6120	1292	913	141	150	0	0	39	0	136	0	0	0	0	1112	268	268	27	268	0	0	200	20	300	80	1	1	3243041	2	100	3243042	1	100			125	137	500	3	3		9400050	9404010						EF0001	EF_die_01a	EF_ov_01a	5212	8000		9501	3	10000	2308	1	10000	13081	1	10000	23023	1	1000				24140																	一千兩銀票組　	18	40級武、防卷軸組	536	55級帽子組--綠	753	55級飾品／守護組--綠	62	--	0		"6,581"	"1,369"	480.70%	
	4901	3000	3004201	鷹城	副本段	44		衝鋒鳥	火箭鳥		副本-小怪	3	火	孫二娘	53	53	53	1	1	1	moba0030	1		1.3	0	0.1	0	0	40	40	50	20	3	44	118	2632	7130	1087	738	124	118	0	0	36	0	124	0	0	0	938	0	235	23	235	235	0	0	100	0	150		0	0	3511011	3	100	3511012	1	100			125	137	250	3	3		9400050	9404010						EF0001	EF_die_01a	EF_ov_01a	243	8000	2				2103	1	10000	11098	1	1000	21023	1	100				4190																	--	0	40級藥水、消耗品組	323	50級上衣組--灰	64	55級飾品／守護組--綠	6	--	0		636	393	161.80%	
	4902	3000	3004202	鷹城	副本段	44		鎬首兇駝	二鴕哥		副本-中怪	0	無	林沖	55	54	54	1	1	1	moba0040d	1		1.3	0	0.1	0	0	50	50	80	25	3	88	193	6602	5760	1237	874	133	141	0	0	37	0	128	0	0	0	0	0	824	824	824	824	0	0	110	0	150	10	1	0	3512021	4	100	3512022	1	100			100	110	200	3	3		9400050	9404010						EF0001	EF_die_01a	EF_ov_01a	953	8000	2	9501	1	10000	2103	1	10000	11100	1	1000	21023	1	100				5200																	一千兩銀票組　	6	40級藥水、消耗品組	323	50級武器組--灰	66	55級飾品／守護組--綠	6	--	0		"1,354"	401	337.70%	
	4903	3000	3004203	鷹城	副本段	44		錘首兇駝	大鴕哥		副本-大怪-血少攻強	0	無	雷橫	57	55	55	1	1	1	moba0040e	1		1.3	0	0.1	0	0	50	50	80	25	3	117	194	8731	5808	1270	831	140	125	0	0	38	0	132	0	0	0	0	0	845	845	845	845	0	0	140	0	150	10	1	1	3512021	3	100	3512022	1	100			125	137	250	3	3		9400050	9404010						EF0001	EF_die_01a	EF_ov_01a	1141	8000	2	9501	2	10000	2103	1	10000	11109	1	1000	21023	1	100				6500																	一千兩銀票組　	12	40級藥水、消耗品組	323	55級帽子組--灰	75	55級飾品／守護組--綠	6	--	0		"3,103"	416	745.90%	
	4904	3000	3004204	鷹城	副本段	44		老鷹王	老鷹王		副本-大BOSS	4	風	平均	61	56	56	1	1	1	moba0029	1.8		1.3	0	0.1	0	0	70	70	150	35	5	414	2340	82600	7000	1515	858	140	140	0	0	40	0	140	0	0	0	0	1261	316	316	32	316	0	0	250	40	300	80	1	1	3244041	3	100	3244042	1	100			150	165	500	3	3		9400050	9404010						EF0001	EF_die_01a	EF_ov_01a	12607	8000		2505	3	10000	2103	1	10000	11109	1	1000	21023	1	100				30378																	變身糖果／彈珠組-鷹王	"2,031"	40級藥水、消耗品組	323	55級帽子組--灰	75	55級飾品／守護組--綠	6	--	0		"15,042"	"2,435"	617.70%	
	4905	3000	3004301	鷹城	副本段	44		滑翔鷹	滑翔鷹		副本-大怪-血少攻強	4	風	平均	55	53	53	1	1	1	moba0034	1.5		1.3	0	0.1	0	1	100	50	80	40	5	88	214	6602	6400	1189	809	128	128	0	0	37	0	128	0	0	0	0	1026	257	257	26	257	0	0	140	0	300	10	1	1	3244051	3	100	3244052	1	100			150	165	500	3	3		9400050	9404010						EF0001	EF_die_01a	EF_ov_01a	955	8000		9501	2	10000	2103	1	10000	11098	1	1000	21023	1	100				5122																	一千兩銀票組　	12	40級藥水、消耗品組	323	50級上衣組--灰	64	55級飾品／守護組--綠	6	--	0		"2,708"	405	668.60%	
	4906	3000	3004401	鷹城	副本段	44		旋風斯巴達	旋風斯巴達		副本-小BOSS	0	無	平均	59	56	56	1	1	1	moba0092	0.8		1.3	0	0.1	0	0	140	140	200	80	5	155	565	18700	6800	1242	845	136	136	0	0	39	0	136	0	0	0	0	0	930	930	930	930	0	0	160	10	300	30	1	1	3244061	1	100	3244062	2	100			100	110	500	3	5		9400050	9404010						EF0001	EF_die_01b	EF_ov_01a	1904	8000		9501	2	10000	2308	1	10000	13084	1	10000	23023	1	1000				9520																	一千兩銀票組　	12	40級武、防卷軸組	536	55級褲子組--綠	776	55級飾品／守護組--綠	62	--	0		"3,290"	"1,386"	237.40%	
#	PC裝備類雜項(變身、坐騎、守護神) 10001~11000																																																																																																																																								
	10001	3000	6100000	兔子城				變身兔王	變身糖果		機關	0	無	特殊	33	30	30	1	1	1	pc_mob01	0.6		1.3	0	0.1	0	0	100	100	100	60	6			0	0	0	426	0	0	0	0	0	0	0	0	0	0	0	0	0	0	0	0	0	0	100	0	300	100	1	1									100	110	200	3600	3									EF0001	EF_die_01b	EF_ov_01a	0	0																	0				5101	5102	5103	5104						30	60	-50		--	0	--	0	--	0	--	0	--	0		0	0		
	10002	3000	6100000	大象城				變身象王	變身糖果		機關	0	無	特殊	33	30	30	1	1	1	pc_mob02	0.4		1.3	0	0.1	0	0	100	100	100	60	6			0	0	0	426	0	0	0	0	0	0	0	0	0	0	0	0	0	0	0	0	0	0	100	0	300	100	1	1									100	110	200	3600	3									EF0001	EF_die_01b	EF_ov_01a	0	0																	0				5201	5202	5203	5204						50	70	-50		--	0	--	0	--	0	--	0	--	0		0	0		
	10003	3000	6100000	彪城				變身彪王	變身糖果		機關	0	無	特殊	33	30	30	1	1	1	pc_mob03	1		1.3	0	0.1	0	0	100	100	100	60	6			0	0	0	426	0	0	0	0	0	0	0	0	0	0	0	0	0	0	0	0	0	0	100	0	300	100	1	1									100	110	200	3600	3									EF0001	EF_die_01b	EF_ov_01a	0	0																	0				5301	5302	5303	5304						30	60	-50		--	0	--	0	--	0	--	0	--	0		0	0		
	10004	3000	6100000	駱駝城				變身駝王	變身糖果		機關	0	無	特殊	33	30	30	1	1	1	pc_mob04	0.8		1.3	0	0.1	0	0	100	100	100	60	6			0	0	0	426	0	0	0	0	0	0	0	0	0	0	0	0	0	0	0	0	0	0	100	0	300	100	1	1									100	110	200	3600	3									EF0001	EF_die_01b	EF_ov_01a	0	0																	0				5401	5402	5403	5404						30	60	-50		--	0	--	0	--	0	--	0	--	0		0	0		
	10005	3000	6100000	鷹城				變身鷹王	變身糖果		機關	0	無	特殊	33	30	30	1	1	1	pc_mob05	0.8		1.3	0	0.1	0	0	100	100	100	60	6			0	0	0	426	0	0	0	0	0	0	0	0	0	0	0	0	0	0	0	0	0	0	100	0	300	100	1	1									100	110	200	3600	3									EF0001	EF_die_01b	EF_ov_01a	0	0																	0				5501	5502	5503	5504						30	60	-50		--	0	--	0	--	0	--	0	--	0		0	0		
	10006	3000	6100000	貓狗城				變身貓王	變身糖果		機關	0	無	特殊	33	30	30	1	1	1	pc_mob06	1		1.3	0	0.1	0	0	100	100	100	60	6			0	0	0	426	0	0	0	0	0	0	0	0	0	0	0	0	0	0	0	0	0	0	100	0	300	100	1	1									100	110	200	3600	3									EF0001	EF_die_01b	EF_ov_01a	0	0																	0				5601	5602	5603	5604						30	60	-50		--	0	--	0	--	0	--	0	--	0		0	0		
	10007	3000	6100000	彪城				變身蒼蠅	變身糖果		機關	0	無	特殊	33	30	30	1	1	1	moba0058	1.3		1.3	0	0.1	0	0	50	50	80	25	13			0	0	0	426	0	0	0	0	0	0	0	0	0	0	0	0	0	0	0	0	0	0	100	0	150		0	0									100	110	200	9	3		9400050	9404010						EF0001	EF_die_01a	EF_ov_01a	0	0																	0													30	60	-50		--	0	--	0	--	0	--	0	--	0		0	0		
	10011	3000	6100000	九層塔				變身-林沖	變身糖果		機關	0	無	特殊	33	30	30	1	1	1	pc_boss01f	1		1.3	0	0.1	0	0	80	80	80	40	6			0	0	0	426	0	0	0	0	0	0	0	0	0	0	0	0	0	0	0	0	0	0	100	0	300	100	1	1									100	110	200	3600	3									EF0001	EF_die_01b	EF_ov_01a	0	0																	0				6101	6102	6103	6104						30	55	-50		--	0	--	0	--	0	--	0	--	0		0	0		
	10012	3000	6100000	九層塔				變身-雷橫	變身糖果		機關	0	無	特殊	33	30	30	1	1	1	pc_boss02f	1		1.3	0	0.1	0	0	80	80	80	40	6			0	0	0	426	0	0	0	0	0	0	0	0	0	0	0	0	0	0	0	0	0	0	100	0	300	100	1	1									100	110	200	3600	3									EF0001	EF_die_01b	EF_ov_01a	0	0																	0				6201	6202	6203	6204						30	45	-50		--	0	--	0	--	0	--	0	--	0		0	0		
	10013	3000	6100000	九層塔				變身-孫二娘	變身糖果		機關	0	無	特殊	33	30	30	1	1	1	pc_boss03f	1		1.3	0	0.1	0	0	80	80	80	40	6			0	0	0	426	0	0	0	0	0	0	0	0	0	0	0	0	0	0	0	0	0	0	100	0	300	100	1	1									100	110	200	3600	3									EF0001	EF_die_01b	EF_ov_01a	0	0																	0				6301	6302	6303	6304						30	55	-50		--	0	--	0	--	0	--	0	--	0		0	0		
	10014	3000	6100000	九層塔				變身-戴宗	變身糖果		機關	0	無	特殊	33	30	30	1	1	1	pc_boss04f	1		1.3	0	0.1	0	0	80	80	80	40	6			0	0	0	426	0	0	0	0	0	0	0	0	0	0	0	0	0	0	0	0	0	0	100	0	300	100	1	1									100	110	200	3600	3									EF0001	EF_die_01b	EF_ov_01a	0	0																	0				6401	6402	6403	6404						30	50	-50		--	0	--	0	--	0	--	0	--	0		0	0		
	10015	3000	6100000	九層塔				變身-史進	變身糖果		機關	0	無	特殊	33	30	30	1	1	1	pc_boss05f	1		1.3	0	0.1	0	0	80	80	80	40	6			0	0	0	426	0	0	0	0	0	0	0	0	0	0	0	0	0	0	0	0	0	0	100	0	300	100	1	1									100	110	200	3600	3									EF0001	EF_die_01b	EF_ov_01a	0	0																	0				6501	6502	6503	6504						30	55	-50		--	0	--	0	--	0	--	0	--	0		0	0		
	10016	3000	6100000	九層塔				變身-李逵	變身糖果		機關	0	無	特殊	33	30	30	1	1	1	pc_boss06f	1		1.3	0	0.1	0	0	80	80	80	40	6			0	0	0	426	0	0	0	0	0	0	0	0	0	0	0	0	0	0	0	0	0	0	100	0	300	100	1	1									100	110	200	3600	3									EF0001	EF_die_01b	EF_ov_01a	0	0																	0				6601	6602	6603	6604						40	55	-50		--	0	--	0	--	0	--	0	--	0		0	0		
	10017	3000	6100000	九層塔				變身-顧大嫂	變身糖果		機關	0	無	特殊	33	30	30	1	1	1	pc_boss07f	1		1.3	0	0.1	0	0	80	80	80	40	6			0	0	0	426	0	0	0	0	0	0	0	0	0	0	0	0	0	0	0	0	0	0	100	0	300	100	1	1									100	110	200	3600	3									EF0001	EF_die_01b	EF_ov_01a	0	0																	0				6701	6702	6703	6704						30	55	-50		--	0	--	0	--	0	--	0	--	0		0	0		
	10018	3000	6100000	九層塔				變身-花榮	變身糖果		機關	0	無	特殊	33	30	30	1	1	1	pc_boss08f	1		1.3	0	0.1	0	0	80	80	80	40	6			0	0	0	426	0	0	0	0	0	0	0	0	0	0	0	0	0	0	0	0	0	0	100	0	300	100	1	1									100	110	200	3600	3									EF0001	EF_die_01b	EF_ov_01a	0	0																	0				6801	6802	6803	6804						30	50	-50		--	0	--	0	--	0	--	0	--	0		0	0		
	10019	3000	6100000	主線任務				變身-葫蘆砲車	變身糖果		機關	0	無	特殊	33	30	30	1	1	1	npc0028	0.65		1.3	0	0.1	0	0	160	200	150	120	6			0	0	0	426	0	0	0	0	0	0	0	0	0	0	0	0	0	0	0	0	0	0	100	0	300	100	1	1									100	110	200	3600	3									EF0001	EF_die_01b	EF_ov_01a	0	0																	0				6901	6902	6903	6904						30	50	-50		--	0	--	0	--	0	--	0	--	0		0	0		
#	坐騎、守護神) 10101~11100																																																																																																																																								
	10101	3000	6100000					普通螢火	04.白		機關	0	無	特殊	21	18	18	1	1	1	guardian201	2.5		1.3	0	0.1	0	0	50	50	50	50	13			0	0	0	265	0	0	0	0	0	0	0	0	0	0	0	0	0	0	0	0	0	0		0	300	100	1	1	3200031	1	100	3200032	1	100			170	187	340	3600	3									EF0001	EF_die_01b	EF_ov_01a	0	0																	0																	--	0	--	0	--	0	--	0	--	0		0	0		
	10102	3000	6100000					優質螢火	05.綠		機關	0	無	特殊	21	18	18	1	1	1	guardian201	2		1.3	0	0.1	0	0	50	50	50	50	13			0	0	0	265	0	0	0	0	0	0	0	0	0	0	0	0	0	0	0	0	0	0		0	300	100	1	1	3200031	1	100	3200032	1	100			170	187	340	3600	3									EF0001	EF_die_01b	EF_ov_01a	0	0																	0																	--	0	--	0	--	0	--	0	--	0		0	0		
	10103	3000	6100000					星光	07.紫		機關	0	無	特殊	36	33	33	1	1	1	guardian206	2		1.3	0	0.1	0	0	50	50	50	50	13			0	0	0	466	0	0	0	0	0	0	0	0	0	0	0	0	0	0	0	0	0	0		0	300	100	1	1	3200031	1	100	3200032	1	100			170	187	340	3600	3									EF0001	EF_die_01b	EF_ov_01a	0	0																	0																	--	0	--	0	--	0	--	0	--	0		0	0		
	10104	3000	6100000					普通燭光	04.白		機關	0	無	特殊	26	23	23	1	1	1	guardian202	2.5		1.3	0	0.1	0	0	50	50	50	50	13			0	0	0	326	0	0	0	0	0	0	0	0	0	0	0	0	0	0	0	0	0	0		0	300	100	1	1	3200031	1	100	3200032	1	100			170	187	340	3600	3									EF0001	EF_die_01b	EF_ov_01a	0	0																	0																	--	0	--	0	--	0	--	0	--	0		0	0		
	10105	3000	6100000					優質燭光	05.綠		機關	0	無	特殊	26	23	23	1	1	1	guardian202	2		1.3	0	0.1	0	0	50	50	50	50	13			0	0	0	326	0	0	0	0	0	0	0	0	0	0	0	0	0	0	0	0	0	0		0	300	100	1	1	3200031	1	100	3200032	1	100			170	187	340	3600	3									EF0001	EF_die_01b	EF_ov_01a	0	0																	0																	--	0	--	0	--	0	--	0	--	0		0	0		
	10106	3000	6100000					普通魔光	04.白		機關	0	無	特殊	31	28	28	1	1	1	guardian203	2.5		1.3	0	0.1	0	0	50	50	50	50	13			0	0	0	395	0	0	0	0	0	0	0	0	0	0	0	0	0	0	0	0	0	0		0	300	100	1	1	3200031	1	100	3200032	1	100			170	187	340	3600	3									EF0001	EF_die_01b	EF_ov_01a	0	0																	0																	--	0	--	0	--	0	--	0	--	0		0	0		
	10107	3000	6100000					布袋和尚	05.綠		機關	0	無	特殊	31	28	28	1	1	1	guardian307	2		1.3	0	0.1	0	0	50	50	50	50	13			0	0	0	395	0	0	0	0	0	0	0	0	0	0	0	0	0	0	0	0	0	0		0	300	100	1	1	3200031	1	100	3200032	1	100			170	187	340	3600	3									EF0001	EF_die_01b	EF_ov_01a	0	0																	0																	--	0	--	0	--	0	--	0	--	0		0	0		
	10108	3000	6100000					普通精神	04.白		機關	0	無	特殊	36	33	33	1	1	1	guardian204	2.5		1.3	0	0.1	0	0	50	50	50	50	13			0	0	0	466	0	0	0	0	0	0	0	0	0	0	0	0	0	0	0	0	0	0		0	300	100	1	1	3200031	1	100	3200032	1	100			170	187	340	3600	3									EF0001	EF_die_01b	EF_ov_01a	0	0																	0																	--	0	--	0	--	0	--	0	--	0		0	0		
	10109	3000	6100000					優質精神	05.綠		機關	0	無	特殊	36	33	33	1	1	1	guardian204	2		1.3	0	0.1	0	0	50	50	50	50	13			0	0	0	466	0	0	0	0	0	0	0	0	0	0	0	0	0	0	0	0	0	0		0	300	100	1	1	3200031	1	100	3200032	1	100			170	187	340	3600	3									EF0001	EF_die_01b	EF_ov_01a	0	0																	0																	--	0	--	0	--	0	--	0	--	0		0	0		
	10110	3000	6100000					普通守護	04.白		機關	0	無	特殊	41	38	38	1	1	1	guardian205	2.5		1.3	0	0.1	0	0	50	50	50	50	13			0	0	0	541	0	0	0	0	0	0	0	0	0	0	0	0	0	0	0	0	0	0		0	300	100	1	1	3200031	1	100	3200032	1	100			170	187	340	3600	3									EF0001	EF_die_01b	EF_ov_01a	0	0																	0																	--	0	--	0	--	0	--	0	--	0		0	0		
	10111	3000	6100000					福德正神	05.綠		機關	0	無	特殊	41	38	38	1	1	1	guardian26	2		1.3	0	0.1	0	0	50	50	50	50	13			0	0	0	541	0	0	0	0	0	0	0	0	0	0	0	0	0	0	0	0	0	0		0	300	100	1	1	3200031	1	100	3200032	1	100			170	187	340	3600	3									EF0001	EF_die_01b	EF_ov_01a	0	0																	0																	--	0	--	0	--	0	--	0	--	0		0	0		
	10112	3000	6100000					祝福	07.紫		機關	0	無	特殊	46	43	43	1	1	1	guardian209	2		1.3	0	0.1	0	0	50	50	50	50	13			0	0	0	618	0	0	0	0	0	0	0	0	0	0	0	0	0	0	0	0	0	0		0	300	100	1	1	3200031	1	100	3200032	1	100			170	187	340	3600	3									EF0001	EF_die_01b	EF_ov_01a	0	0																	0																	--	0	--	0	--	0	--	0	--	0		0	0		
	10113	3000	6100000					普通聖佑	04.白		機關	0	無	特殊	46	43	43	1	1	1	guardian207	2.5		1.3	0	0.1	0	0	50	50	50	50	13			0	0	0	618	0	0	0	0	0	0	0	0	0	0	0	0	0	0	0	0	0	0		0	300	100	1	1	3200031	1	100	3200032	1	100			170	187	340	3600	3									EF0001	EF_die_01b	EF_ov_01a	0	0																	0																	--	0	--	0	--	0	--	0	--	0		0	0		
	10114	3000	6100000					優質聖佑	05.綠		機關	0	無	特殊	46	43	43	1	1	1	guardian207	2		1.3	0	0.1	0	0	50	50	50	50	13			0	0	0	618	0	0	0	0	0	0	0	0	0	0	0	0	0	0	0	0	0	0		0	300	100	1	1	3200031	1	100	3200032	1	100			170	187	340	3600	3									EF0001	EF_die_01b	EF_ov_01a	0	0																	0																	--	0	--	0	--	0	--	0	--	0		0	0		
	10115	3000	6100000					普通光輝	04.白		機關	0	無	特殊	51	48	48	1	1	1	guardian208	2.5		1.3	0	0.1	0	0	50	50	50	50	13			0	0	0	698	0	0	0	0	0	0	0	0	0	0	0	0	0	0	0	0	0	0		0	300	100	1	1	3200031	1	100	3200032	1	100			170	187	340	3600	3									EF0001	EF_die_01b	EF_ov_01a	0	0																	0																	--	0	--	0	--	0	--	0	--	0		0	0		
	10116	3000	6100000					媽祖娘娘	05.綠		機關	0	無	特殊	51	48	48	1	1	1	guardian24	2		1.3	0	0.1	0	0	50	50	50	50	13			0	0	0	698	0	0	0	0	0	0	0	0	0	0	0	0	0	0	0	0	0	0		0	300	100	1	1	3200031	1	100	3200032	1	100			170	187	340	3600	3									EF0001	EF_die_01b	EF_ov_01a	0	0																	0																	--	0	--	0	--	0	--	0	--	0		0	0		
	10117	3000	6100000					普通璀璨	04.白		機關	0	無	特殊	56	53	53	1	1	1	guardian210	2.5		1.3	0	0.1	0	0	50	50	50	50	13			0	0	0	778	0	0	0	0	0	0	0	0	0	0	0	0	0	0	0	0	0	0		0	300	100	1	1	3200031	1	100	3200032	1	100			170	187	340	3600	3									EF0001	EF_die_01b	EF_ov_01a	0	0																	0																	--	0	--	0	--	0	--	0	--	0		0	0		
	10118	3000	6100000					優質璀璨	05.綠		機關	0	無	特殊	56	53	53	1	1	1	guardian210	2		1.3	0	0.1	0	0	50	50	50	50	13			0	0	0	778	0	0	0	0	0	0	0	0	0	0	0	0	0	0	0	0	0	0		0	300	100	1	1	3200031	1	100	3200032	1	100			170	187	340	3600	3									EF0001	EF_die_01b	EF_ov_01a	0	0																	0																	--	0	--	0	--	0	--	0	--	0		0	0		
	10119	3000	6100000					普通閃耀	04.白		機關	0	無	特殊	61	58	58	1	1	1	guardian211	2.5		1.3	0	0.1	0	0	50	50	50	50	13			0	0	0	858	0	0	0	0	0	0	0	0	0	0	0	0	0	0	0	0	0	0		0	300	100	1	1	3200031	1	100	3200032	1	100			170	187	340	3600	3									EF0001	EF_die_01b	EF_ov_01a	0	0																	0																	--	0	--	0	--	0	--	0	--	0		0	0		
	10120	3000	6100000					地藏王	05.綠		機關	0	無	特殊	61	58	58	1	1	1	guardian309	2		1.3	0	0.1	0	0	50	50	50	50	13			0	0	0	858	0	0	0	0	0	0	0	0	0	0	0	0	0	0	0	0	0	0		0	300	100	1	1	3200031	1	100	3200032	1	100			170	187	340	3600	3									EF0001	EF_die_01b	EF_ov_01a	0	0																	0																	--	0	--	0	--	0	--	0	--	0		0	0		
	10121	3000	6100000					希望	07.紫		機關	0	無	特殊	56	53	53	1	1	1	guardian212	2		1.3	0	0.1	0	0	50	50	50	50	13			0	0	0	778	0	0	0	0	0	0	0	0	0	0	0	0	0	0	0	0	0	0		0	300	100	1	1	3200031	1	100	3200032	1	100			170	187	340	3600	3									EF0001	EF_die_01b	EF_ov_01a	0	0																	0																	--	0	--	0	--	0	--	0	--	0		0	0		
	10122	3000	6100000					守護神	01.創角		機關	0	無	特殊	4	1	1	1	1	1	guardian00	2		1.3	0	0.1	0	0	50	50	50	50	13			0	0	0	67	0	0	0	0	0	0	0	0	0	0	0	0	0	0	0	0	0	0		0	300	100	1	1	3200031	1	100	3200032	1	100			170	187	340	3600	3									EF0001	EF_die_01b	EF_ov_01a	0	0																	0																	--	0	--	0	--	0	--	0	--	0		0	0		
	10123	3000	6100000					幸運聖靈	05.綠		機關	0	無	特殊	31	28	28	1	1	1	guardian106	2		1.3	0	0.1	0	0	50	50	50	50	13			0	0	0	395	0	0	0	0	0	0	0	0	0	0	0	0	0	0	0	0	0	0		0	300	100	1	1	3200031	1	100	3200032	1	100			170	187	340	3600	3									EF0001	EF_die_01b	EF_ov_01a	0	0																	0																	--	0	--	0	--	0	--	0	--	0		0	0		
	10124	3000	6100000					天使	05.綠		機關	0	無	特殊	51	48	48	1	1	1	guardian109	2		1.3	0	0.1	0	0	50	50	50	50	13			0	0	0	698	0	0	0	0	0	0	0	0	0	0	0	0	0	0	0	0	0	0		0	300	100	1	1	3200031	1	100	3200032	1	100			170	187	340	3600	3									EF0001	EF_die_01b	EF_ov_01a	0	0																	0																	--	0	--	0	--	0	--	0	--	0		0	0		
	10125	3000	6100000					丘比特	05.綠		機關	0	無	特殊	41	38	38	1	1	1	guardian108	2		1.3	0	0.1	0	0	50	50	50	50	13			0	0	0	541	0	0	0	0	0	0	0	0	0	0	0	0	0	0	0	0	0	0		0	300	100	1	1	3200031	1	100	3200032	1	100			170	187	340	3600	3									EF0001	EF_die_01b	EF_ov_01a	0	0																	0																	--	0	--	0	--	0	--	0	--	0		0	0		
	10126	3000	6100000					雅典娜	05.綠		機關	0	無	特殊	61	58	58	1	1	1	guardian107	2		1.3	0	0.1	0	0	50	50	50	50	13			0	0	0	858	0	0	0	0	0	0	0	0	0	0	0	0	0	0	0	0	0	0		0	300	100	1	1	3200031	1	100	3200032	1	100			170	187	340	3600	3									EF0001	EF_die_01b	EF_ov_01a	0	0																	0																	--	0	--	0	--	0	--	0	--	0		0	0		
	10127	3000	6100000					守護星光	06.藍		機關	0	無	特殊	31	28	28	1	1	1	guardian203	2		1.3	0	0.1	0	0	50	50	50	50	13			0	0	0	395	0	0	0	0	0	0	0	0	0	0	0	0	0	0	0	0	0	0		0	300	100	1	1	3200031	1	100	3200032	1	100			170	187	340	3600	3									EF0001	EF_die_01b	EF_ov_01a	0	0																	0																	--	0	--	0	--	0	--	0	--	0		0	0		
	10128	3000	6100000					閃爍星光	06.藍		機關	0	無	特殊	36	33	33	1	1	1	guardian204	2.4		1.3	0	0.1	0	0	50	50	50	50	13			0	0	0	466	0	0	0	0	0	0	0	0	0	0	0	0	0	0	0	0	0	0		0	300	100	1	1	3200031	1	100	3200032	1	100			170	187	340	3600	3									EF0001	EF_die_01b	EF_ov_01a	0	0																	0																	--	0	--	0	--	0	--	0	--	0		0	0		
	10129	3000	6100000					輝耀星光	06.藍		機關	0	無	特殊	41	38	38	1	1	1	guardian205	2.4		1.3	0	0.1	0	0	50	50	50	50	13			0	0	0	541	0	0	0	0	0	0	0	0	0	0	0	0	0	0	0	0	0	0		0	300	100	1	1	3200031	1	100	3200032	1	100			170	187	340	3600	3									EF0001	EF_die_01b	EF_ov_01a	0	0																	0																	--	0	--	0	--	0	--	0	--	0		0	0		
	10130	3000	6100000					燦爛星光	06.藍		機關	0	無	特殊	46	43	43	1	1	1	guardian207	2.4		1.3	0	0.1	0	0	50	50	50	50	13			0	0	0	618	0	0	0	0	0	0	0	0	0	0	0	0	0	0	0	0	0	0		0	300	100	1	1	3200031	1	100	3200032	1	100			170	187	340	3600	3									EF0001	EF_die_01b	EF_ov_01a	0	0																	0																	--	0	--	0	--	0	--	0	--	0		0	0		
	10131	3000	6100000					炫燦星光	06.藍		機關	0	無	特殊	51	48	48	1	1	1	guardian208	2.4		1.3	0	0.1	0	0	50	50	50	50	13			0	0	0	698	0	0	0	0	0	0	0	0	0	0	0	0	0	0	0	0	0	0		0	300	100	1	1	3200031	1	100	3200032	1	100			170	187	340	3600	3									EF0001	EF_die_01b	EF_ov_01a	0	0																	0																	--	0	--	0	--	0	--	0	--	0		0	0		
	10132	3000	6100000					天輝星光	06.藍		機關	0	無	特殊	56	53	53	1	1	1	guardian210	2.4		1.3	0	0.1	0	0	50	50	50	50	13			0	0	0	778	0	0	0	0	0	0	0	0	0	0	0	0	0	0	0	0	0	0		0	300	100	1	1	3200031	1	100	3200032	1	100			170	187	340	3600	3									EF0001	EF_die_01b	EF_ov_01a	0	0																	0																	--	0	--	0	--	0	--	0	--	0		0	0		
	10133	3000	6100000					天耀星光	06.藍		機關	0	無	特殊	61	58	58	1	1	1	guardian211	2.4		1.3	0	0.1	0	0	50	50	50	50	13			0	0	0	858	0	0	0	0	0	0	0	0	0	0	0	0	0	0	0	0	0	0		0	300	100	1	1	3200031	1	100	3200032	1	100			170	187	340	3600	3									EF0001	EF_die_01b	EF_ov_01a	0	0																	0																	--	0	--	0	--	0	--	0	--	0		0	0		
	10201	3000	6100000					仙人龜	坐騎		機關	0	無	特殊	13	10	10	1	1	1	car_005	1		1.3	0	0.1	0	0	50	50	35	50	13			0	0	0	172	0	0	0	0	0	0	0	0	0	0	0	0	0	0	0	0	0	0		0	300	100	1	1	3200031	1	100	3200032	1	100			100	110	200	3600	3									EF0001	EF_die_01b	EF_ov_01a	0	0																	0																	--	0	--	0	--	0	--	0	--	0		0	0		
	10202	3000	6100000					龜砲車一級	坐騎		機關	0	無	特殊	28	25	25	1	1	1	car_001	1		1.3	0	0.1	0	0	80	80	35	40	13			0	0	0	356	0	0	0	0	0	0	0	0	0	0	0	0	0	0	0	0	0	0		0	300	100	1	1	3200031	1	100	3200032	1	100			100	110	200	3600	3									EF0001	EF_die_01b	EF_ov_01a	0	0																	0																	--	0	--	0	--	0	--	0	--	0		0	0		
	10203	3000	6100000					龜砲車二級	坐騎		機關	0	無	特殊	38	35	35	1	1	1	car_002	1		1.3	0	0.1	0	0	80	80	35	40	13			0	0	0	501	0	0	0	0	0	0	0	0	0	0	0	0	0	0	0	0	0	0		0	300	100	1	1	3200031	1	100	3200032	1	100			100	110	200	3600	3									EF0001	EF_die_01b	EF_ov_01a	0	0																	0																	--	0	--	0	--	0	--	0	--	0		0	0		
	10204	3000	6100000					龜砲車三級	坐騎		機關	0	無	特殊	48	45	45	1	1	1	car_003	1		1.3	0	0.1	0	0	80	80	35	40	13			0	0	0	658	0	0	0	0	0	0	0	0	0	0	0	0	0	0	0	0	0	0		0	300	100	1	1	3200031	1	100	3200032	1	100			100	110	200	3600	3									EF0001	EF_die_01b	EF_ov_01a	0	0																	0																	--	0	--	0	--	0	--	0	--	0		0	0		
	10205	3000	6100000					龜砲車四級	坐騎		機關	0	無	特殊	58	55	55	1	1	1	car_004	1		1.3	0	0.1	0	0	80	80	35	40	13			0	0	0	821	0	0	0	0	0	0	0	0	0	0	0	0	0	0	0	0	0	0		0	300	100	1	1	3200031	1	100	3200032	1	100			100	110	200	3600	3									EF0001	EF_die_01b	EF_ov_01a	0	0																	0																	--	0	--	0	--	0	--	0	--	0		0	0		
	10206	3000	6100000					山寨方程式賽車	坐騎		機關	0	無	特殊	58	55	55	1	1	1	car_015	1		1.3	0	0.1	0	0	80	80	35	40	13			0	0	0	821	0	0	0	0	0	0	0	0	0	0	0	0	0	0	0	0	0	0		0	300	100	1	1	3200031	1	100	3200032	1	100			100	110	200	3600	3									EF0001	EF_die_01b	EF_ov_01a	0	0																	0																	--	0	--	0	--	0	--	0	--	0		0	0		
	10207	3000	6100000					時髦瓢蟲	坐騎		機關	0	無	特殊	28	25	25	1	1	1	car_006	1		1.3	0	0.1	0	0	80	80	35	40	13			0	0	0	356	0	0	0	0	0	0	0	0	0	0	0	0	0	0	0	0	0	0		0	300	100	1	1	3200031	1	100	3200032	1	100			100	110	200	3600	3									EF0001	EF_die_01b	EF_ov_01a	0	0																	0																	--	0	--	0	--	0	--	0	--	0		0	0		
	10208	3000	6100000					名牌甲蟲	坐騎		機關	0	無	特殊	38	35	35	1	1	1	car_007	1		1.3	0	0.1	0	0	80	80	35	40	13			0	0	0	501	0	0	0	0	0	0	0	0	0	0	0	0	0	0	0	0	0	0		0	300	100	1	1	3200031	1	100	3200032	1	100			100	110	200	3600	3									EF0001	EF_die_01b	EF_ov_01a	0	0																	0																	--	0	--	0	--	0	--	0	--	0		0	0		
	10209	3000	6100000					P40戰鷹	坐騎		機關	0	無	特殊	48	45	45	1	1	1	car_011	1		1.3	0	0.1	0	0	80	80	35	40	13			0	0	0	658	0	0	0	0	0	0	0	0	0	0	0	0	0	0	0	0	0	0		0	300	100	1	1	3200031	1	100	3200032	1	100			100	110	200	3600	3									EF0001	EF_die_01b	EF_ov_01a	0	0																	0																	--	0	--	0	--	0	--	0	--	0		0	0		
	10210	3000	6100000					F6F潑婦	坐騎		機關	0	無	特殊	58	55	55	1	1	1	car_012	1		1.3	0	0.1	0	0	80	80	35	40	13			0	0	0	821	0	0	0	0	0	0	0	0	0	0	0	0	0	0	0	0	0	0		0	300	100	1	1	3200031	1	100	3200032	1	100			100	110	200	3600	3									EF0001	EF_die_01b	EF_ov_01a	0	0																	0																	--	0	--	0	--	0	--	0	--	0		0	0		
	10211	3000	6100000					嘻皮重型機車	坐騎		機關	0	無	特殊	38	35	35	1	1	1	car_009	1		1.3	0	0.1	0	0	80	80	35	40	13			0	0	0	501	0	0	0	0	0	0	0	0	0	0	0	0	0	0	0	0	0	0		0	300	100	1	1	3200031	1	100	3200032	1	100			100	110	200	3600	3									EF0001	EF_die_01b	EF_ov_01a	0	0																	0																	--	0	--	0	--	0	--	0	--	0		0	0		
	10212	3000	6100000					木馬	坐騎		機關	0	無	特殊	48	45	45	1	1	1	car_010	1		1.3	0	0.1	0	0	80	80	35	40	13			0	0	0	658	0	0	0	0	0	0	0	0	0	0	0	0	0	0	0	0	0	0		0	300	100	1	1	3200031	1	100	3200032	1	100			100	110	200	3600	3									EF0001	EF_die_01b	EF_ov_01a	0	0																	0																	--	0	--	0	--	0	--	0	--	0		0	0		
	10213	3000	6100000					骨董名車	坐騎		機關	0	無	特殊	58	55	55	1	1	1	car_013	1		1.3	0	0.1	0	0	80	80	35	40	13			0	0	0	821	0	0	0	0	0	0	0	0	0	0	0	0	0	0	0	0	0	0		0	300	100	1	1	3200031	1	100	3200032	1	100			100	110	200	3600	3									EF0001	EF_die_01b	EF_ov_01a	0	0																	0																	--	0	--	0	--	0	--	0	--	0		0	0		
	10214	3000	6100000					擎天柱	坐騎		機關	0	無	特殊	58	55	55	1	1	1	car_014	1		1.3	0	0.1	0	0	80	80	45	40	13			0	0	0	821	0	0	0	0	0	0	0	0	0	0	0	0	0	0	0	0	0	0		0	300	100	1	1	3200031	1	100	3200032	1	100			100	110	200	3600	3									EF0001	EF_die_01b	EF_ov_01a	0	0																	0																	--	0	--	0	--	0	--	0	--	0		0	0		
	10215	3000	6100000					專務車	坐騎		機關	0	無	特殊	33	30	30	1	1	1	car_090	1		1.3	0	0.1	0	0	80	80	45	40	13			0	0	0	426	0	0	0	0	0	0	0	0	0	0	0	0	0	0	0	0	0	0		0	300	100	1	1	3200031	1	100	3200032	1	100			100	110	200	3600	3									EF0001	EF_die_01b	EF_ov_01a	0	0																	0																	--	0	--	0	--	0	--	0	--	0		0	0		
	10216	3000	6100000					疾風拉車	坐騎		機關	0	無	特殊	33	30	30	1	1	1	car_091	1		1.3	0	0.1	0	0	80	80	55	40	13			0	0	0	426	0	0	0	0	0	0	0	0	0	0	0	0	0	0	0	0	0	0		0	300	100	1	1	3200031	1	100	3200032	1	100			100	110	200	3600	3									EF0001	EF_die_01b	EF_ov_01a	0	0																	0																	--	0	--	0	--	0	--	0	--	0		0	0		
	10217	3000	6100000					豪華大轎	坐騎		機關	0	無	特殊	33	30	30	1	1	1	car_092	1		1.3	0	0.1	0	0	80	80	50	40	13			0	0	0	426	0	0	0	0	0	0	0	0	0	0	0	0	0	0	0	0	0	0		0	300	100	1	1	3200031	1	100	3200032	1	100			100	110	200	3600	3									EF0001	EF_die_01b	EF_ov_01a	0	0																	0																	--	0	--	0	--	0	--	0	--	0		0	0		
#	PC造型類雜項(變身、坐騎、守護神) 11001~																																																																																																																																								
	11101	3000	6100000					關公	守護神		機關	0	無	特殊	4	1	1	1	1	1	guardian21	2		1.3	0	0.1	0	0	50	50	50	50	13			0	0	0	67	0	0	0	0	0	0	0	0	0	0	0	0	0	0	0	0	0	0		0	300	100	1	1	3200031	1	100	3200032	1	100			170	187	340	3600	3									EF0001	EF_die_01b	EF_ov_01a	0	0																	0																	--	0	--	0	--	0	--	0	--	0		0	0		
	11102	3000	6100000					財神	守護神		機關	0	無	特殊	4	1	1	1	1	1	guardian22	2		1.3	0	0.1	0	0	50	50	50	50	13			0	0	0	0	0	0	0	0	0	0	0	0	0	0	0	0	0	0	0	0	0	0		0	300	100	1	1	3200031	1	100	3200032	1	100			170	187	340	3600	3									EF0001	EF_die_01b	EF_ov_01a	0	0																	0																	--	0	--	0	--	0	--	0	--	0		0	0		
	11103	3000	6100000					濟公	守護神		機關	0	無	特殊	4	1	1	1	1	1	guardian23	2		1.3	0	0.1	0	0	50	50	50	50	13			0	0	0	0	0	0	0	0	0	0	0	0	0	0	0	0	0	0	0	0	0	0		0	300	100	1	1	3200031	1	100	3200032	1	100			170	187	340	3600	3									EF0001	EF_die_01b	EF_ov_01a	0	0																	0																	--	0	--	0	--	0	--	0	--	0		0	0		
	11104	3000	6100000					媽祖	守護神		機關	0	無	特殊	4	1	1	1	1	1	guardian24	2		1.3	0	0.1	0	0	50	50	50	50	13			0	0	0	67	0	0	0	0	0	0	0	0	0	0	0	0	0	0	0	0	0	0		0	300	100	1	1	3200031	1	100	3200032	1	100			170	187	340	3600	3									EF0001	EF_die_01b	EF_ov_01a	0	0																	0																	--	0	--	0	--	0	--	0	--	0		0	0		
	11105	3000	6100000					彌勒佛	守護神		機關	0	無	特殊	4	1	1	1	1	1	guardian25	2		1.3	0	0.1	0	0	50	50	50	50	13			0	0	0	0	0	0	0	0	0	0	0	0	0	0	0	0	0	0	0	0	0	0		0	300	100	1	1	3200031	1	100	3200032	1	100			170	187	340	3600	3									EF0001	EF_die_01b	EF_ov_01a	0	0																	0																	--	0	--	0	--	0	--	0	--	0		0	0		
	11106	3000	6100000					土地公	守護神		機關	0	無	特殊	4	1	1	1	1	1	guardian26	2		1.3	0	0.1	0	0	50	50	50	50	13			0	0	0	0	0	0	0	0	0	0	0	0	0	0	0	0	0	0	0	0	0	0		0	300	100	1	1	3200031	1	100	3200032	1	100			170	187	340	3600	3									EF0001	EF_die_01b	EF_ov_01a	0	0																	0																	--	0	--	0	--	0	--	0	--	0		0	0		
	11107	3000	6100000					釋迦摩尼佛	守護神		機關	0	無	特殊	4	1	1	1	1	1	guardian27	2		1.3	0	0.1	0	0	50	50	50	50	13			0	0	0	0	0	0	0	0	0	0	0	0	0	0	0	0	0	0	0	0	0	0		0	300	100	1	1	3200031	1	100	3200032	1	100			170	187	340	3600	3									EF0001	EF_die_01b	EF_ov_01a	0	0																	0																	--	0	--	0	--	0	--	0	--	0		0	0		
	11108	3000	6100000					觀世音菩薩	守護神		機關	0	無	特殊	4	1	1	1	1	1	guardian28	2		1.3	0	0.1	0	0	50	50	50	50	13			0	0	0	0	0	0	0	0	0	0	0	0	0	0	0	0	0	0	0	0	0	0		0	300	100	1	1	3200031	1	100	3200032	1	100			170	187	340	3600	3									EF0001	EF_die_01b	EF_ov_01a	0	0																	0																	--	0	--	0	--	0	--	0	--	0		0	0		
	11109	3000	6100000					月下老人	守護神		機關	0	無	特殊	4	1	1	1	1	1	guardian29	2		1.3	0	0.1	0	0	50	50	50	50	13			0	0	0	0	0	0	0	0	0	0	0	0	0	0	0	0	0	0	0	0	0	0		0	300	100	1	1	3200031	1	100	3200032	1	100			170	187	340	3600	3									EF0001	EF_die_01b	EF_ov_01a	0	0																	0																	--	0	--	0	--	0	--	0	--	0		0	0		
	11110	3000	6100000					幸運飛馬	守護神		機關	0	無	特殊	4	1	1	1	1	1	guardian101	2		1.3	0	0.1	0	0	50	50	50	50	13			0	0	0	0	0	0	0	0	0	0	0	0	0	0	0	0	0	0	0	0	0	0		0	300	100	1	1	3200031	1	100	3200032	1	100			170	187	340	3600	3									EF0001	EF_die_01b	EF_ov_01a	0	0																	0																	--	0	--	0	--	0	--	0	--	0		0	0		
	11111	3000	6100000					上帝	守護神		機關	0	無	特殊	4	1	1	1	1	1	guardian102	2		1.3	0	0.1	0	0	50	50	50	50	13			0	0	0	0	0	0	0	0	0	0	0	0	0	0	0	0	0	0	0	0	0	0		0	300	100	1	1	3200031	1	100	3200032	1	100			170	187	340	3600	3									EF0001	EF_die_01b	EF_ov_01a	0	0																	0																	--	0	--	0	--	0	--	0	--	0		0	0		
	11112	3000	6100000					太陽神	守護神		機關	0	無	特殊	4	1	1	1	1	1	guardian103	2		1.3	0	0.1	0	0	50	50	50	50	13			0	0	0	0	0	0	0	0	0	0	0	0	0	0	0	0	0	0	0	0	0	0		0	300	100	1	1	3200031	1	100	3200032	1	100			170	187	340	3600	3									EF0001	EF_die_01b	EF_ov_01a	0	0																	0																	--	0	--	0	--	0	--	0	--	0		0	0		
	11113	3000	6100000					月亮女神	守護神		機關	0	無	特殊	4	1	1	1	1	1	guardian104	2		1.3	0	0.1	0	0	50	50	50	50	13			0	0	0	0	0	0	0	0	0	0	0	0	0	0	0	0	0	0	0	0	0	0		0	300	100	1	1	3200031	1	100	3200032	1	100			170	187	340	3600	3									EF0001	EF_die_01b	EF_ov_01a	0	0																	0																	--	0	--	0	--	0	--	0	--	0		0	0		
	11114	3000	6100000					海神	守護神		機關	0	無	特殊	4	1	1	1	1	1	guardian105	2		1.3	0	0.1	0	0	50	50	50	50	13			0	0	0	0	0	0	0	0	0	0	0	0	0	0	0	0	0	0	0	0	0	0		0	300	100	1	1	3200031	1	100	3200032	1	100			170	187	340	3600	3									EF0001	EF_die_01b	EF_ov_01a	0	0																	0																	--	0	--	0	--	0	--	0	--	0		0	0		
	11115	3000	6100000					幸運草神	守護神		機關	0	無	特殊	4	1	1	1	1	1	guardian106	2		1.3	0	0.1	0	0	50	50	50	50	13			0	0	0	0	0	0	0	0	0	0	0	0	0	0	0	0	0	0	0	0	0	0		0	300	100	1	1	3200031	1	100	3200032	1	100			170	187	340	3600	3									EF0001	EF_die_01b	EF_ov_01a	0	0																	0																	--	0	--	0	--	0	--	0	--	0		0	0		
	11116	3000	6100000					智慧女神	守護神		機關	0	無	特殊	4	1	1	1	1	1	guardian107	2		1.3	0	0.1	0	0	50	50	50	50	13			0	0	0	0	0	0	0	0	0	0	0	0	0	0	0	0	0	0	0	0	0	0		0	300	100	1	1	3200031	1	100	3200032	1	100			170	187	340	3600	3									EF0001	EF_die_01b	EF_ov_01a	0	0																	0																	--	0	--	0	--	0	--	0	--	0		0	0		
	11117	3000	6100000					愛神	守護神		機關	0	無	特殊	4	1	1	1	1	1	guardian108	2		1.3	0	0.1	0	0	50	50	50	50	13			0	0	0	0	0	0	0	0	0	0	0	0	0	0	0	0	0	0	0	0	0	0		0	300	100	1	1	3200031	1	100	3200032	1	100			170	187	340	3600	3									EF0001	EF_die_01b	EF_ov_01a	0	0																	0																	--	0	--	0	--	0	--	0	--	0		0	0		
	11118	3000	6100000					守護天使	守護神		機關	0	無	特殊	4	1	1	1	1	1	guardian109	2		1.3	0	0.1	0	0	50	50	50	50	13			0	0	0	0	0	0	0	0	0	0	0	0	0	0	0	0	0	0	0	0	0	0		0	300	100	1	1	3200031	1	100	3200032	1	100			170	187	340	3600	3									EF0001	EF_die_01b	EF_ov_01a	0	0																	0																	--	0	--	0	--	0	--	0	--	0		0	0		
	11119	3000	6100000					惠比須	守護神		機關	0	無	特殊	4	1	1	1	1	1	guardian301	2		1.3	0	0.1	0	0	50	50	50	50	13			0	0	0	0	0	0	0	0	0	0	0	0	0	0	0	0	0	0	0	0	0	0		0	300	100	1	1	3200031	1	100	3200032	1	100			170	187	340	3600	3									EF0001	EF_die_01b	EF_ov_01a	0	0																	0																	--	0	--	0	--	0	--	0	--	0		0	0		
	11120	3000	6100000					大黑天	守護神		機關	0	無	特殊	4	1	1	1	1	1	guardian302	2		1.3	0	0.1	0	0	50	50	50	50	13			0	0	0	0	0	0	0	0	0	0	0	0	0	0	0	0	0	0	0	0	0	0		0	300	100	1	1	3200031	1	100	3200032	1	100			170	187	340	3600	3									EF0001	EF_die_01b	EF_ov_01a	0	0																	0																	--	0	--	0	--	0	--	0	--	0		0	0		
	11121	3000	6100000					毘沙門天	守護神		機關	0	無	特殊	4	1	1	1	1	1	guardian303	2		1.3	0	0.1	0	0	50	50	50	50	13			0	0	0	0	0	0	0	0	0	0	0	0	0	0	0	0	0	0	0	0	0	0		0	300	100	1	1	3200031	1	100	3200032	1	100			170	187	340	3600	3									EF0001	EF_die_01b	EF_ov_01a	0	0																	0																	--	0	--	0	--	0	--	0	--	0		0	0		
	11122	3000	6100000					壽老人	守護神		機關	0	無	特殊	4	1	1	1	1	1	guardian304	2		1.3	0	0.1	0	0	50	50	50	50	13			0	0	0	0	0	0	0	0	0	0	0	0	0	0	0	0	0	0	0	0	0	0		0	300	100	1	1	3200031	1	100	3200032	1	100			170	187	340	3600	3									EF0001	EF_die_01b	EF_ov_01a	0	0																	0																	--	0	--	0	--	0	--	0	--	0		0	0		
	11123	3000	6100000					福祿壽	守護神		機關	0	無	特殊	4	1	1	1	1	1	guardian305	2		1.3	0	0.1	0	0	50	50	50	50	13			0	0	0	0	0	0	0	0	0	0	0	0	0	0	0	0	0	0	0	0	0	0		0	300	100	1	1	3200031	1	100	3200032	1	100			170	187	340	3600	3									EF0001	EF_die_01b	EF_ov_01a	0	0																	0																	--	0	--	0	--	0	--	0	--	0		0	0		
	11124	3000	6100000					弁才天	守護神		機關	0	無	特殊	4	1	1	1	1	1	guardian306	2		1.3	0	0.1	0	0	50	50	50	50	13			0	0	0	0	0	0	0	0	0	0	0	0	0	0	0	0	0	0	0	0	0	0		0	300	100	1	1	3200031	1	100	3200032	1	100			170	187	340	3600	3									EF0001	EF_die_01b	EF_ov_01a	0	0																	0																	--	0	--	0	--	0	--	0	--	0		0	0		
	11125	3000	6100000					布袋	守護神		機關	0	無	特殊	4	1	1	1	1	1	guardian307	2		1.3	0	0.1	0	0	50	50	50	50	13			0	0	0	0	0	0	0	0	0	0	0	0	0	0	0	0	0	0	0	0	0	0		0	300	100	1	1	3200031	1	100	3200032	1	100			170	187	340	3600	3									EF0001	EF_die_01b	EF_ov_01a	0	0																	0																	--	0	--	0	--	0	--	0	--	0		0	0		
	11126	3000	6100000					招財貓	守護神		機關	0	無	特殊	4	1	1	1	1	1	guardian308	2		1.3	0	0.1	0	0	50	50	50	50	13			0	0	0	0	0	0	0	0	0	0	0	0	0	0	0	0	0	0	0	0	0	0		0	300	100	1	1	3200031	1	100	3200032	1	100			170	187	340	3600	3									EF0001	EF_die_01b	EF_ov_01a	0	0																	0																	--	0	--	0	--	0	--	0	--	0		0	0		
	11127	3000	6100000					地藏菩薩	守護神		機關	0	無	特殊	4	1	1	1	1	1	guardian309	2		1.3	0	0.1	0	0	50	50	50	50	13			0	0	0	67	0	0	0	0	0	0	0	0	0	0	0	0	0	0	0	0	0	0		0	300	100	1	1	3200031	1	100	3200032	1	100			170	187	340	3600	3									EF0001	EF_die_01b	EF_ov_01a	0	0																	0																	--	0	--	0	--	0	--	0	--	0		0	0		
	11601	3000	6100000					火箭砲	坐騎		機關	0	無	特殊	4	1	1	1	1	1	car_016	1		1.3	0	0.1	0	0	80	80	40	40	13			0	0	0	0	0	0	0	0	0	0	0	0	0	0	0	0	0	0	0	0	0	0		0	300	100	1	1	3200031	1	100	3200032	1	100			100	110	200	3600	3									EF0001	EF_die_01b	EF_ov_01a	0	0																	0																	--	0	--	0	--	0	--	0	--	0		0	0		
	11602	3000	6100000					無敵飛碟	坐騎		機關	0	無	特殊	4	1	1	1	1	1	car_017	1		1.3	0	0.1	0	0	80	80	40	40	13			0	0	0	0	0	0	0	0	0	0	0	0	0	0	0	0	0	0	0	0	0	0		0	300	100	1	1	3200031	1	100	3200032	1	100			100	110	200	3600	3									EF0001	EF_die_01b	EF_ov_01a	0	0																	0																	--	0	--	0	--	0	--	0	--	0		0	0		
	11603	3000	6100000					MINICAR	坐騎		機關	0	無	特殊	4	1	1	1	1	1	car_018	1		1.3	0	0.1	0	0	80	80	40	40	13			0	0	0	0	0	0	0	0	0	0	0	0	0	0	0	0	0	0	0	0	0	0		0	300	100	1	1	3200031	1	100	3200032	1	100			100	110	200	3600	3									EF0001	EF_die_01b	EF_ov_01a	0	0																	0																	--	0	--	0	--	0	--	0	--	0		0	0		
	11604	3000	6100000					急速坦克	坐騎		機關	0	無	特殊	4	1	1	1	1	1	car_019	1		1.3	0	0.1	0	0	80	80	40	40	13			0	0	0	0	0	0	0	0	0	0	0	0	0	0	0	0	0	0	0	0	0	0		0	300	100	1	1	3200031	1	100	3200032	1	100			100	110	200	3600	3									EF0001	EF_die_01b	EF_ov_01a	0	0																	0																	--	0	--	0	--	0	--	0	--	0		0	0		
#	野外段Mob 20001~25000																																																																																																																																								
#	兔子城20001~20100，每張野外段用20號 (LV1001-1050)																																																																																																																																								
	20001	3000	3300001	兔子城	野外段	1001		蝗蟲	蝗蟲		小怪	0	無	平均	1	1	1	1	1	1	mobb0068	0.8		1.3	0	0.1	0	0	40	40	70	20	13	2	17	140	1000	25	67	20	20	0	0	10	0	20	0	0	0	0	0	74	74	74	74	0	0	100	0	100		0	0	3000021	1	100	3000022	3	100			100	110	200	9	3		9400050	9404010						EF0001	EF_die_01a	EF_ov_01a	1	2000	2				2601	1	10000										2																	--	0	1級藥水、消耗品組	6	--	0	--	0	--	0		6	6	100.00%	
	20002	3000	3300002	兔子城	野外段	1001		混亂蝸	蝸牛	5.速逃	小怪	0	無	雷橫	2	2	2	1	1	1	moba0019	2.5		1.3	0	0.1	0	0	70	70	70	40	105	4	16	188	968	31	78	23	21	0	0	11	0	22	0	0	0	0	0	80	80	80	80	0	0	100	0	100		0	0	4000001	2	100	3008022	1	100			100	350	200	9	3		9400050	9404010						EF0001	EF_die_01a	EF_ov_01a	1	8000	2				2601	1	10000										19																	--	0	1級藥水、消耗品組	6	--	0	--	0	--	0		7	6	116.70%	
	20003	3000	3300004	兔子城	野外段	1001		蘿蔔飛車	坦克兔	4.裝死	小怪	3	怕水	雷橫	3	3	3	1	1	1	moba0002	1		1.3	0	0.1	0	0	100	50	90	25	104	4	18	204	1056	36	88	25	23	0	0	11	0	24	0	0	0	0	0	13	1	13	13	0	0	100	0	100		1	0	3004021	5	100	9905	1	100			100	110	200	9	3		9500050	9504010						EF0001	EF_die_01a	EF_ov_01a	2	8000	2				2601	1	10000										37																	--	0	1級藥水、消耗品組	6	--	0	--	0	--	0		8	6	133.30%	
	20004	3000	3300003	兔子城	野外段	1001		小白兔	白兔		小怪	0	無	林沖	4	4	4	1	1	1	moba0001	1		1.3	0	0.1	0	0	40	40	80	20	13	3	20	181	1170	38	105	27	29	0	0	12	0	26	0	0	0	0	0	99	99	99	99	0	0	100	0	100		0	0	3000031	3	100	3000032	1	100			100	110	200	9	3		9400050	9404010						EF0001	EF_die_01a	EF_ov_01a	4	8000	2				2601	1	10000										55																	--	0	1級藥水、消耗品組	6	--	0	--	0	--	0		10	6	166.70%	
	20005	3000	3300008	兔子城	野外段	1001		忍者冰可兔	披風兔		小BOSS	4	風	林沖	6	5	5	1	1	1	moba0062b	2		1.3	0	0.1	0	0	100	100	150	60	20	20	113	1275	1350	41	109	31	33	0	0	13	0	30	0	0	0	0	72	18	18	2	18	0	0	100	0	200		1	0	3200001	1	100	3200002	1	100			150	165	300	15	3		9400050	9404010						EF0001	EF_die_01b	EF_ov_01a	54	8000	2	9501	1	6000	2701	1	10000										198																	一千兩銀票組　	4	1級武、防卷軸組	6	--	0	--	0	--	0		64	10	640.00%	
	20006	3000	3300005	兔子城	野外段	1002		刺小鬼	刺蝟		小怪	0	無	戴宗	6	6	6	1	1	1	moba9101	1.3		1.3	0	0.1	0	0	60	60	50	25	13	3	26	199	1575	37	93	29	33	0	0	13	0	30	0	0	0	0	0	121	121	121	121	0	0	100	0	100		0	0	4000004	2	100	4000008	1	100			100	110	200	9	3		9200050	9204010						EF0001	EF_die_01a	EF_ov_01a	10	8000	2				2601	1	10000										49																	--	0	1級藥水、消耗品組	6	--	0	--	0	--	0		16	6	266.70%	
	20007	3000	3300006	兔子城	野外段	1002		年輪蝸	蝸牛	4.裝死	小怪	1	怕風	戴宗	7	7	7	1	1	1	moba0019a	2.5		1.3	0	0.1	0	0	70	70	70	40	104	4	28	211	1680	41	102	31	35	0	0	13	0	32	0	0	0	0	0	22	22	22	2	0	0	100	0	100		1	0	4000001	5	100	9905	1	100			100	110	200	9	3		9400050	9404010						EF0001	EF_die_01a	EF_ov_01a	13	8000	2				2601	1	10000										66																	--	0	1級藥水、消耗品組	6	--	0	--	0	--	0		19	6	316.70%	
	20008	3000	3300051	兔子城	野外段	1002		鐵蘿蔔部隊	坦克兔		小怪	0	無	雷橫	8	8	8	1	1	1	moba0002a	1		1.3	0	0.1	0	0	100	50	90	25	13	6	25	344	1496	51	126	36	32	0	0	14	0	34	0	0	0	0	0	128	128	128	128	0	0	100	0	100		0	0	3004021	2	100	3004022	1	100			100	110	200	9	3		9500050	9504010						EF0001	EF_die_01a	EF_ov_01a	16	8000	2				2601	1	10000										149																	--	0	1級藥水、消耗品組	6	--	0	--	0	--	0		22	6	366.70%	
	20009	3000	3300007	兔子城	野外段	1002		粉紅兔	粉紅兔		小怪	0	無	林沖	9	9	9	1	1	1	moba0001a	1		1.3	0	0.1	0	0	40	40	80	20	13	5	27	304	1620	53	141	37	40	0	0	14	0	36	0	0	0	0	0	133	133	133	133	0	0	100	0	100		0	0	3000031	1	100	3000032	1	100			110	121	220	9	3		9400050	9404010						EF0001	EF_die_01a	EF_ov_01a	19	8000	2				2601	1	10000										156																	--	0	1級藥水、消耗品組	6	--	0	--	0	--	0		25	6	416.70%	
	20010	3000	3300009	兔子城	野外段	1002		忍者哈特兔	披風兔		任務小BOSS	4	風	孫二娘	11	10	10	1	1	1	moba0062c	2		1.3	0	0.1	0	0	100	100	150	60	20	29	190	1796	2300	63	151	40	38	0	0	15	0	40	0	0	0	0	117	30	30	3	30	0	0	100	70	200		1	0	3200001	1	100	3200002	1	100			150	165	300	15	3		9400050	9404010						EF0001	EF_die_01b	EF_ov_01a	58	8000	2	9501	1	4000	2601	1	10000	15001	1	1000	25001	1	100				525																	一千兩銀票組　	2	1級藥水、消耗品組	6	10級帽子組--灰	4	10級飾品組--綠	0	--	0		141	12	1175.00%	
	20011	3000	3300065	兔子城	野外段	1013		紅蜻蜓	蜻蜓	7.一碰就快逃	小怪	0	無	平均	11	11	11	1	1	1	moba9104	1		1.3	0	0.1	0	0	30	30	60	15	107	7	33	438	2000	63	151	40	40	0	0	15	0	40	0	0	0	0	0	166	166	166	166	0	0	100	0	100		0	0	4000001	1	100	4000005	1	100			100	350	200	9	3		9400050	9404010						EF0001	EF_die_01a	EF_ov_01a	25	8000	2				2601	1	10000	15001	1	1000	25001	1	100				256																	--	0	1級藥水、消耗品組	6	10級帽子組--灰	4	10級飾品組--綠	0	--	0		35	10	350.00%	
	20012	3000	3300066	兔子城	野外段	1013		瑞比白戰士	一般兔兵(白)		小怪	3	火	雷橫	12	12	12	1	1	1	moba0001	1		1.3	0	0.1	0	0	40	40	80	20	13	10	31	554	1848	72	167	45	40	0	0	16	0	42	0	0	0	117	0	30	3	30	30	0	0	100	0	100		0	0	3000031	3	100	3000032	1	100			100	110	200	9	3		9400050	9404010						EF0001	EF_die_01a	EF_ov_01a	29	8000	2				2601	1	10000	15003	1	1000	25003	1	100				354																	--	0	1級藥水、消耗品組	6	10級褲子組--灰	4	15級飾品組--綠	0	--	0		39	10	390.00%	
	20013	3000	3300067	兔子城	野外段	1013		瑞比粉紅戰士	一般兔兵(粉)		小怪	1	地	戴宗	13	13	13	1	1	1	moba0001a	1		1.3	0	0.1	0	0	40	40	80	20	13	6	39	377	2310	68	158	42	48	0	0	16	0	44	0	141	0	0	0	37	37	37	4	0	0	100	0	100		0	0	3000031	2	100	3000092	1	100			150	165	300	9	3		9400050	9404010						EF0001	EF_die_01a	EF_ov_01a	33	8000	2				2601	1	10000	15002	1	1000	25003	1	100				243																	--	0	1級藥水、消耗品組	6	10級上衣組--灰	4	15級飾品組--綠	0	--	0		44	11	400.00%	
	20014	3000	3300068	兔子城	野外段	1013		瑞比黃戰士	一般兔兵(黃)		小怪	2	水	孫二娘	14	14	14	1	1	1	moba0001b	1		1.3	0	0.1	0	0	40	40	80	20	13	7	44	413	2645	76	183	46	44	0	0	17	0	46	0	0	144	0	0	4	36	36	36	0	0	100	0	100		0	0	3000031	1	100	3000092	1	100			100	110	200	9	3		9400050	9404010						EF0001	EF_die_01a	EF_ov_01a	37	8000	2				2601	1	10000	15004	1	1000	25003	1	100				297																	--	0	1級藥水、消耗品組	6	10級武器組--灰	5	15級飾品組--綠	0	--	0		48	11	436.40%	
	20015	3000	3300069	兔子城	野外段	1013		瑞比遊俠	法師兔兵		任務小BOSS	4	風	林沖	16	15	15	1	1	1	moba0062	2		1.3	0	0.1	0	0	100	100	150	60	20	55	189	3435	2250	95	220	52	55	0	0	18	0	50	0	0	0	0	162	39	39	4	39	0	0	100	70	200		1	0	3200001	1	100	3200002	1	100			150	165	300	15	3		9400050	9404010						EF0001	EF_die_01b	EF_ov_01a	110	8000	2	9501	1	4000	2601	1	10000	15013	1	1000	25003	1	100				1275																	一千兩銀票組　	2	1級藥水、消耗品組	6	15級帽子組--灰	6	15級飾品組--綠	0	--	0		250	15	1666.70%	
	20016	3000	3300070	兔子城	野外段	1014		三斑家蚊	蚊子		小怪	4	怕火	平均	16	16	16	1	1	1	moba9103	1		1.3	0	0.1	0	0	30	30	80	15	13	11	42	687	2500	91	204	50	50	0	0	18	0	50	0	0	0	0	0	42	42	4	42	0	0	100	0	150		0	0	3504011	1	100	3504012	4	100			150	165	300	9	3		9400050	9404010						EF0001	EF_die_01a	EF_ov_01a	50	8000	2				2601	1	10000	15013	1	1000	25003	1	100				494																	--	0	1級藥水、消耗品組	6	15級帽子組--灰	6	15級飾品組--綠	0	--	0		63	13	484.60%	
	20017	3000	3300071	兔子城	野外段	1014		萬兔水	手榴彈兔兵		小怪	0	無	平均	17	17	17	1	1	1	moba0004	1		1.3	0	0.1	0	0	45	45	100	30	13	12	43	709	2600	97	217	52	52	0	0	18	0	52	0	0	0	0	0	239	239	239	239	0	0	100	0	100		0	0	3514021	1	100	3514022	2	100			100	110	200	9	3		9700050	9704010						EF0001	EF_die_01a	EF_ov_01a	55	8000	2				2601	1	10000	15015	1	1000	25005	1	100				540																	--	0	1級藥水、消耗品組	6	15級褲子組--灰	7	20級飾品／守護組--綠	1	--	0		68	13	523.10%	
	20018	3000	3300072	兔子城	野外段	1014		臭氣丸	臭鼬		小怪	1	地	林沖	18	18	18	1	1	1	moba0055d	1.3		1.3	0	0.1	0	0	80	50	90	25	13	12	41	735	2430	106	247	56	59	0	0	19	0	54	0	181	0	0	0	44	44	44	4	0	0	100	0	100		0	0	4000001	3	100	3504032	1	100			100	110	200	9	3		9400050	9404010						EF0001	EF_die_01a	EF_ov_01a	59	8000	2				2601	1	10000	15014	1	1000	25005	1	100				605																	--	0	1級藥水、消耗品組	6	15級上衣組--灰	7	20級飾品／守護組--綠	1	--	0		73	14	521.40%	
	20019	3000	3300073	兔子城	野外段	1014		薰天丸	臭鼬		小怪	1	地	林沖	19	19	19	1	1	1	moba0055c	1.3		1.3	0	0.1	0	0	50	50	90	25	14	13	42	767	2520	111	259	58	62	0	0	19	0	56	0	191	0	0	0	46	46	46	5	0	0	100	0	100		0	0	4000001	3	100	3504032	1	100			105	115	210	9	3		9400050	9404010						EF0001	EF_die_01a	EF_ov_01a	64	8000	2				2601	1	10000	15016	1	1000	25005	1	100				654																	--	0	1級藥水、消耗品組	6	15級武器組--灰	8	20級飾品／守護組--綠	1	--	0		79	15	526.70%	
	20020	3000	3300074	兔子城	野外段	1014		屁屁丸	臭鼬王		任務小BOSS	1	地	林沖	21	20	20	1	1	1	moba0055	1.5		1.3	0	0.1	0	0	60	60	80	40	15	85	225	4970	2700	148	286	62	66	0	0	20	0	60	0	219	0	0	0	53	53	53	5	0	0	100	70	200		1	0	3504032	1	100	3504052	2	100			150	165	300	15	3		9400050	9404010						EF0001	EF_die_01b	EF_ov_01a	99	8000	2	9501	1	4000	2602	1	10000	15025	1	1000	25005	1	100				2028																	一千兩銀票組　	2	20級藥水、消耗品組	85	20級帽子組--灰	10	20級飾品／守護組--綠	1	--	0		395	98	403.10%	
	20021	3000	3300136	兔子城	野外段	1014		斑馬兄弟		6.亂跑型怪	小怪	0	無	雷橫	20	20	20	1	1	1	moba0050b	0.1		1.3	0	0.1	0	0	40	40	100	60	106	5	10	10	10	0	274	61	55	0	0	20	0	58	0	0	0	0	0	0	0	0	0	0	0	100	99	100		0	1									800	800	800	300	3		9600050	9604010						EF0001	EF_die_01b	EF_ov_01a	10000	10000																	8																	--	0	--	0	--	0	--	0	--	0		85	0	0.00%	
	20022	3000	3300134	兔子城	野外段	1014		萬兔水首領	手榴彈兔兵	8.被招換的王	中BOSS	0	無	平均	20	17	17	1	1	1	moba0004	3		1.3	0	0.1	0	0	140	140	200	80	15	150	480	9210	2900	128	263	58	58	0	0	20	0	58	0	0	0	0	0	289	289	289	289	0	0	100	0	200		0	0	3514021	1	100	3514022	2	100			200	220	400	-1	10		9700050	9704010						EF0001	EF_die_01a	EF_ov_01a	682	8000	2																3735																	--	0	--	0	--	0	--	0	--	0		682	0	0.00%	
	20023	3000	3300133	兔子城	野外段	1014		熊王	熊王	3.干擾buf	小怪	0	無	平均	20	20	20	1	1	1	mobb9001	1		1.3	0	0.1	0	0	80	100	90	50	103	15	48	921	2900	128	263	58	58	0	0	20	0	58	0	0	0	0	0	289	289	289	289	0	0	100	0	100		0	0	3601003	1	100						150	330	300	300	3		9300050	9304010						EF0001	EF_die_01a	EF_ov_01a	85	8000																	747																	--	0	--	0	--	0	--	0	--	0		85	0		
	20024	3000	3300135		野外段	1013		叛逃軍人	逃兵	2.一有仇恨名單就遠距攻擊	小怪	3	怕水	平均	15	15	15	1	1	1	moba9102a	1		1.3	0	0.1	0	0	50	50	60	30	102	10	40	628	2400	67	108	48	48	0	0	17	0	48	0	0	0	0	0	40	4	40	40	0	0	100	0	450		1	1	3519041	1	100	3519042	1	100			125	350	250	9	3		9400050	9404010						EF0001	EF_die_01a	EF_ov_01a	40	8000	2				2601	1	10000	15013	1	1000	25003	1	100				367																	--	0	1級藥水、消耗品組	6	15級帽子組--灰	6	15級飾品組--綠	0	--	0		53	13	407.70%	
	20025	3000	3300152	兔子城	野外段	1014		吵鬧的蚊子	蚊子		小怪	4	怕火	平均	16	16	16	1	1	1	moba9103	1		1.3	0	0.1	0	0	30	30	80	15	13	11	42	687	2500	91	204	50	50	0	0	18	0	50	0	0	0	0	0	42	42	4	42	0	0	100	0	150		0	0	3504011	1	100	3504012	4	100			150	165	300	9	3		9400050	9404010						EF0001	EF_die_01a	EF_ov_01a	50	8000	2				2601	1	10000	15013	1	1000	25003	1	100				494																	--	0	1級藥水、消耗品組	6	15級帽子組--灰	6	15級飾品組--綠	0	--	0		63	13	484.60%	
#	象    城20101~20200，每張野外段用20號 (LV1051-1100)																																																																																																																																								
	20101	3000	3300010	大象城	野外段	1003		咕咕G	小鳥		野外小怪	4	怕火	平均	21	21	21	1	1	1	moba0086	1		1.3	0	0.1	0	0	35	35	50	20	13	34	100	1988	3000	142	265	60	60	0	0	20	0	60	0	0	0	0	0	57	57	6	57	0	0	100	0	150		0	0	3224021	1	100	3224022	1	100			100	110	200	9	3		9400050	9404010						EF0001	EF_die_01a	EF_ov_01a	101	8000	2				2602	1	10000	15025	1	1000	25005	1	100				1580																	--	0	20級藥水、消耗品組	85	20級帽子組--灰	10	20級飾品／守護組--綠	1	--	0		197	96	205.20%	
	20102	3000	3300012	大象城	野外段	1003		紅飛象	粉紅象		野外小怪	0	無	雷橫	22	22	22	1	1	1	moba0031	0.3		1.3	0	0.1	0	0	70	60	60	40	13	41	92	2472	2728	174	288	66	59	0	0	21	0	62	0	0	0	0	0	293	293	293	293	0	0	100	0	150		0	0	4000001	3	100	3218001	2	100			100	110	200	9	3		9400050	9404010						EF0001	EF_die_01a	EF_ov_01a	114	8000	2				2602	1	10000	15027	1	1000	25008	1	100				2054																	--	0	20級藥水、消耗品組	85	20級褲子組--灰	11	25級飾品／守護組--綠	1	--	0		211	97	217.50%	
	20103	3000	3300011	大象城	野外段	1003		褐飛象	褐象		野外小怪	0	無	雷橫	23	23	23	1	1	1	moba0031b	0.3		1.3	0	0.1	0	0	70	60	60	40	13	43	93	2539	2816	200	303	68	61	0	0	21	0	64	0	0	0	0	0	308	308	308	308	0	0	100	0	150		0	0	4000001	3	100	3218001	2	100			100	110	200	9	3		9400050	9404010						EF0001	EF_die_01a	EF_ov_01a	127	8000	2				2602	1	10000	15026	1	1000	25008	1	100				2198																	--	0	20級藥水、消耗品組	85	20級上衣組--灰	11	25級飾品／守護組--綠	1	--	0		224	97	230.90%	
	20104	3000	3300013	大象城	野外段	1003		大象巴巴	糧食站象軍長	5.速逃	野外小怪	0	無	雷橫	24	24	24	1	1	1	moba0031f	0.4		1.2	0	0.1	0	0	80	68	110	45	105	43	97	2633	2904	225	315	70	63	0	0	22	0	66	0	0	0	0	0	320	320	320	320	0	0	100	0	300		1	1	3218021	3	100	3218022	1	100			125	350	250	9	3		9400050	9404010						EF0001	EF_die_01a	EF_ov_01a	141	8000	2				2602	1	10000	15028	1	1000	25008	1	100				2340																	--	0	20級藥水、消耗品組	85	20級武器組--灰	12	25級飾品／守護組--綠	1	--	0		239	98	243.90%	
	20105	3000	3300018	大象城	野外段	1003		吹砲象	大象坦克		野外小BOSS -A	2	水	雷橫	26	25	25	1	1	1	moba0032	0.5		1.3	0	0.1	0	1	150	150	150	120	15	276	510	16716	3080	303	339	74	67	0	0	23	0	70	0	0	277	0	0	7	72	72	72	0	0	125	85	300	100	1	1	3218012	1	100	3503052	2	100			150	165	300	30	3		9400050	9404010						EF0001	EF_die_01b	EF_ov_01a	912	8000	2	9501	1	10000	2702	1	10000	16025	1	10000	26008	1	1000				6894																	一千兩銀票組　	6	20級武、防卷軸組	85	25級帽子組--綠	145	25級飾品／守護組--綠	11	--	0		"1,159"	247	469.20%	912
	20106	3000	3300014	大象城	野外段	1004		捲捲龍	變色龍小兵		野外小怪	0	無	平均	25	25	25	1	1	1	moba0007	0.8		1.3	0	0.1	0	0	40	40	30	28	13	44	114	2580	3400	237	328	68	68	0	0	22	0	68	0	0	0	0	0	361	361	361	361	0	0	100	0	150		0	0	3019053	3	100	3019054	1	100			100	110	200	9	3		9400050	9404010						EF0001	EF_die_01a	EF_ov_01a	152	8000	2				2602	1	10000	15037	1	1000	25008	1	100				2174																	--	0	20級藥水、消耗品組	85	25級帽子組--灰	15	25級飾品／守護組--綠	1	--	0		253	101	250.50%	
	20107	3000	3300015	大象城	野外段	1004		砲砲龍	變色坦克(中刺砲)	2.一有仇恨名單就遠距攻擊	野外小怪	3	怕水	平均	26	26	26	1	1	1	moba0008	1		1.3	0	0.1	0	0	50	50	80	35	102	46	116	2786	3500	114	184	70	70	0	0	23	0	70	0	0	0	0	0	75	8	75	75	0	0	100	0	450		0	0	3019114	1	100						125	350	250	9	3		9400050	9404010				0	60	EF0001	EF_die_01a	EF_ov_01a	189	8000	2				2602	1	10000	15037	1	1000	25008	1	100				1988																	--	0	20級藥水、消耗品組	85	25級帽子組--灰	15	25級飾品／守護組--綠	1	--	0		290	101	287.10%	
	20108	3000	3300016	大象城	野外段	1004		抽抽象	皺鼻象		野外小怪	0	無	雷橫	27	27	27	1	1	1	moba0087	0.4		1.3	0	0.1	0	0	125	90	100	75	13	58	106	3420	3168	340	356	76	68	0	0	23	0	72	0	0	0	0	0	362	362	362	362	0	0	100	0	150		0	0	3218011	3	100	3218012	1	100			100	110	200	9	3		9400050	9404010						EF0001	EF_die_01a	EF_ov_01a	204	8000	2				2602	1	10000	15039	1	1000	25010	1	100				2926																	--	0	20級藥水、消耗品組	85	25級褲子組--灰	15	30級飾品／守護組--綠	2	--	0		306	102	300.00%	
	20109	3000	3300017	大象城	野外段	1004		紅巾寶	糧食站象軍長	5.速逃	野外小怪	0	無	雷橫	28	28	28	1	1	1	moba0031d	0.4		1.3	0	0.1	0	0	110	125	130	75	105	58	109	3518	3256	367	370	78	70	0	0	24	0	74	0	0	0	0	0	377	377	377	377	0	0	100	0	300		1	1	3218021	3	100	3218022	1	100			115	350	230	9	3		9400050	9404010						EF0001	EF_die_01a	EF_ov_01a	220	8000	2				2602	1	10000	15038	1	1000	25010	1	100				3091																	--	0	20級藥水、消耗品組	85	25級上衣組--灰	16	30級飾品／守護組--綠	2	--	0		323	103	313.60%	
	20110	3000	3300019	大象城	野外段	1004		象宰相	糧食站象軍長		野外小BOSS -B	3	火	雷橫	30	29	29	1	1	1	moba0031e	1		1.3	0	0.1	0	0	200	200	280	120	15	312	572	18576	3432	459	415	83	74	0	0	25	0	78	0	0	0	341	0	88	9	88	88	0	0	125	80	150	100	1	1	3221011	1	100	3221012	4	100			150	165	300	30	3		9400050	9404010						EF0001	EF_die_01b	EF_ov_01a	1155	8000	2	9501	1	10000	2702	1	10000	16031	1	10000	26010	1	1000				8994																	一千兩銀票組　	6	20級武、防卷軸組	85	25級武器組--綠	170	30級飾品／守護組--綠	15	--	0		"1,431"	276	518.50%	
	20111	3000	3300075	大象城	野外段	1015		綠蜻蜓		7.一碰就快逃	野外小怪	4	怕火	平均	29	29	29	1	1	1	moba9104a	1		1.3	0	0.1	0	0	30	30	60	15	107	50	126	3018	3800	380	370	76	76	0	0	24	0	76	0	0	0	0	0	86	86	9	86	0	0	100	0	150		0	0	4000001	2	100	4000005	1	100			100	350	200	9	3		9400050	9404010						EF0001	EF_die_01a	EF_ov_01a	236	8000	2				2602	1	10000	15040	1	1000	25010	1	100				2690																	--	0	20級藥水、消耗品組	85	25級武器組--灰	17	30級飾品／守護組--綠	2	--	0		340	104	326.90%	
	20112	3000	3300076	大象城	野外段	1015		青青象			野外小怪	0	無	平均	30	30	30	1	1	1	moba0031c	0.3		1.3	0	0.1	0	0	70	60	60	40	13	52	130	3096	3900	425	399	78	78	0	0	25	0	78	0	0	0	0	0	439	439	439	439	0	0	100	0	150		0	0	4000001	3	100	3218001	2	100			100	110	200	9	3		9400050	9404010						EF0001	EF_die_01a	EF_ov_01a	251	8000	2				2602	1	10000	15049	1	1000	25010	1	100				2966																	--	0	20級藥水、消耗品組	85	30級帽子組--灰	20	30級飾品／守護組--綠	2	--	0		358	107	334.60%	
	20113	3000	3300077	大象城	野外段	1015		嚇綠鬼			野外小怪	3	怕水	雷橫	31	31	31	1	1	1	mobb0070	0.4		1.3	0	0.1	0	0	40	40	60	25	13	67	118	4001	3520	495	411	85	76	0	0	25	0	80	0	0	0	0	0	92	9	92	92	0	0	100	0	150		0	0	3515031	1	100	3515032	2	100			100	110	200	9	3		9400050	9404010						EF0001	EF_die_01a	EF_ov_01a	299	8000	2				2602	1	10000	15049	1	1000	25010	1	100				3735																	--	0	20級藥水、消耗品組	85	30級帽子組--灰	20	30級飾品／守護組--綠	2	--	0		406	107	379.40%	
	20114	3000	3300078	大象城	野外段	1015		西瓜大盜			野外小怪	4	風	孫二娘	32	32	32	1	1	1	moba0007b	1		1.2	0	0.1	0	0	50	50	40	35	14	46	156	2795	4715	476	411	82	78	0	0	26	0	82	0	0	0	0	400	100	100	10	100	0	0	100	0	150		1	1	3019055	3	100	3019056	1	100			120	132	240	9	3		9400050	9404010						EF0001	EF_die_01a	EF_ov_01a	317	8000	2				2602	1	10000	15051	1	1000	25012	1	100				2656																	--	0	20級藥水、消耗品組	85	30級褲子組--灰	21	35級飾品／守護組--綠	2	--	0		425	108	393.50%	
	20115	3000	3300079	大象城	野外段	1015		西瓜大嬸			野外小BOSS -C	1	地	戴宗	33	32	32	1	1	1	moba0032i	0.7		1.3	0	0.1	0	1	180	180	180	120	15	226	735	13619	4410	474	392	81	92	0	0	26	0	84	0	433	0	0	0	113	113	113	11	0	0	100	80	150	100	1	1	3515052	3	100	3222052	1	100			100	110	200	1800	3		9400050	9404010						EF0001	EF_die_01b	EF_ov_01a	8466	8000	2	9501	4	10000	2703	1	10000	16035	1	10000	26012	1	1000				6494																	一千兩銀票組　	24	20級武、防卷軸組	179	30級褲子組--綠	213	35級飾品／守護組--綠	21	--	0		"8,903"	437	2037.30%	
	20116	3000	3300080	大象城	野外段	1016		藍象勇士	藍象		野外小怪	2	水	雷橫	32	32	32	1	1	1	moba0031a	0.3		1.3	0	0.1	0	1	70	60	60	40	13	67	120	4090	3608	514	427	87	78	0	0	26	0	82	0	0	370	0	0	10	96	96	96	0	0	100	0	150		0	0	4000011	2	100	4000015	1	100			100	110	200	9	3		9400050	9404010						EF0001	EF_die_01a	EF_ov_01a	317	8000	2				2602	1	10000	15051	1	1000	25012	1	100				3924																	--	0	20級藥水、消耗品組	85	30級褲子組--灰	21	35級飾品／守護組--綠	2	--	0		425	108	393.50%	
	20117	3000	3300081	大象城	野外段	1016		茶象勇士	褐象		野外小怪	1	地	平均	33	33	33	1	1	1	moba0031b	0.4		1.3	0	0.1	0	0	80	68	85	45	13	58	140	3492	4200	494	426	84	84	0	0	26	0	84	0	416	0	0	0	104	104	104	10	0	0	100	0	150		0	0	3218011	1	100	4000011	3	100			100	110	200	9	3		9400050	9404010				60	60	EF0001	EF_die_01a	EF_ov_01a	336	8000	2				2602	1	10000	15050	1	1000	25012	1	100				3398																	--	0	20級藥水、消耗品組	85	30級上衣組--灰	22	35級飾品／守護組--綠	2	--	0		445	109	408.30%	
	20118	3000	3300082	大象城	野外段	1016		綠象勇士	綠象		野外小怪	1	怕風	雷橫	34	34	34	1	1	1	moba0031c	0.4		1.3	0	0.1	0	0	80	68	85	45	13	72	127	4286	3784	553	460	91	82	0	0	27	0	86	0	0	0	0	0	104	104	104	10	0	0	100	0	150		0	0	3218021	3	100	3218022	1	100			100	110	200	9	3		9400050	9404010						EF0001	EF_die_01a	EF_ov_01a	356	8000	2				2602	1	10000	15052	1	1000	25012	1	100				4320																	--	0	20級藥水、消耗品組	85	30級武器組--灰	23	35級飾品／守護組--綠	2	--	0		466	110	423.60%	
	20119	3000	3300083	大象城	野外段	1016		紅象勇士	紅象		野外小怪	3	火	雷橫	35	35	35	1	1	1	moba0031	0.4		1.3	0	0.1	0	0	80	68	85	45	14	72	128	4380	3872	593	494	93	84	0	0	27	0	88	0	0	0	430	0	112	11	112	112	0	0	100	0	150		1	1	3218021	3	100	3218022	2	100			120	132	240	9	3		9400050	9404010						EF0001	EF_die_01a	EF_ov_01a	372	8000	2				2602	1	10000	15061	1	1000	25012	1	100				4687																	--	0	20級藥水、消耗品組	85	35級帽子組--灰	27	35級飾品／守護組--綠	2	--	0		487	115	423.50%	
	20120	3000	3300084	大象城	野外段	1016		巨鎚酋長	象天王		任務中BOSS -D	4	風	林沖	37	36	36	1	1	1	moba0032j	0.9		1.3	0	0.1	0	0	190	160	210	90	15	330	693	20090	4140	670	523	96	101	0	0	28	0	92	0	0	0	0	482	116	116	12	116	0	0	125	85	400	100	1	1	3516051	1	100	3516052	4	100			125	137	250	30	3		9400050	9404010						EF0001	EF_die_01b	EF_ov_01a	1313	8000	2	9501	1	4000	2602	1	10000	15061	1	1000	25012	1	100				10630																	一千兩銀票組　	2	20級藥水、消耗品組	85	35級帽子組--灰	27	35級飾品／守護組--綠	2	--	0		"2,288"	117	1955.60%	
	20121	3000	3300085	大象城	野外段(任務專用)	1016		象刺客	紅象		小怪	1	怕風	雷橫	30	30	30	1	1	0	moba0031	0.5		1.3	0	0.1	0	0	110	110	110	70	16	31	57	1858	3432	459	415	83	74	0	0	25	0	78	0	0	0	0	0	88	88	88	9	0	0	100	0	150		0	0	3218022	2	100	3218012	3	100			200	220	400	-1	3		9400050	9404010						EF0001	EF_die_01a	EF_ov_01a	72	8000	2				2602	1	10000	15049	1	1000	25010	1	100				1799																	--	0	20級藥水、消耗品組	85	30級帽子組--灰	20	30級飾品／守護組--綠	2	--	0		179	107	167.30%	
	20122	3000	3300137	大象城	野外段	1015		衝撞小飛		1.衝撞	小怪	0	無	林沖	32	32	32	1	1	1	mobb0090	0.3		1.3	0	0.1	0	0	70	90	90	50	101	28	61	1704	3690	1	444	85	90	0	0	26	0	82	0	0	0	0	0	419	419	419	419	0	0	100	0	300		1	1	9290005	1	100						80	110	200	300	3		9400050	9404010						EF0001	EF_die_01b	EF_ov_01a	213	8000																	1652																	--	0	--	0	--	0	--	0	--	0		213	0	0.00%	
	20123	3000	3300136	大象城	野外段	1016		斑馬兄弟		6.亂跑型怪	小怪	0	無	雷橫	35	35	35	1	1	1	moba0050b	0.1		1.3	0	0.1	0	0	40	40	100	60	106	5	10	10	10	0	494	93	84	0	0	27	0	88	0	0	0	0	0	0	0	0	0	0	0	100	99	100		0	1									800	800	800	300	3		9600050	9604010						EF0001	EF_die_01b	EF_ov_01a	10000	10000																	11																	--	0	--	0	--	0	--	0	--	0		243	0	0.00%	
	20124	3000	3300133	大象城	野外段	1016		熊王	熊王	3.干擾buf	小怪	0	無	平均	32	32	32	1	1	1	mobb9001	1		1.3	0	0.1	0	0	80	100	90	50	103	28	68	1704	4100	476	411	82	82	0	0	26	0	82	0	0	0	0	0	452	452	452	452	0	0	100	0	100		0	0	3601003	1	100						150	330	300	300	3		9300050	9304010						EF0001	EF_die_01a	EF_ov_01a	213	8000																	1619																	--	0	--	0	--	0	--	0	--	0		213	0	0.00%	
	20125	3000	3300138	大象城	野外段	1016		綠象勇士首領	綠象	8.被招換的王	中BOSS	1	怕風	雷橫	37	34	34	1	1	1	moba0031c	1.6		1.3	0	0.1	0	0	300	300	280	90	15	396	678	24108	4048	696	503	98	87	0	0	28	0	92	0	0	0	0	0	121	121	121	12	0	0	100	0	300		0	0	3218021	3	100	3218022	1	100			200	220	400	-1	10		9400050	9404010						EF0001	EF_die_01a	EF_ov_01a	2288	8000	2																12636																	--	0	--	0	--	0	--	0	--	0		"2,288"	0	0.00%	
	20126	3000	3300139	大象城	野外段	1016		咕咕G首領	小鳥	8.被招換的王	中BOSS	1	怕火	平均	25	22	22	1	1	1	moba0086	4		1.3	0	0.1	0	0	140	140	150	80	15	220	570	12900	3400	237	328	68	68	0	0	22	0	68	0	0	0	0	0	72	72	7	72	0	0	100	0	150		0	0	3224021	3	100	3224022	1	100			100	110	200	-1	10		9400050	9404010						EF0001	EF_die_01a	EF_ov_01a	1014	8000	2																5435																	--	0	--	0	--	0	--	0	--	0		"1,014"	0	0.00%	
#	彪    城20201~20300，每張野外段用20號 (LV1101-1150)																																																																																																																																					0		0.00%	
	20201	3000	3300020	彪城	野外段	1005		蒼蠅	馬上蠅	7.一碰就快逃	野外小怪	4	怕火	戴宗	35	35	35	1	1	1	moba0058	1		1.3	0	0.1	0	0	50	50	80	25	107	47	153	2847	4620	527	437	84	97	0	0	27	0	88	0	0	0	0	0	126	126	13	126	0	0	100	0	150		0	0	3505011	2	100	3505012	1	100			100	350	200	9	3		9400050	9404010						EF0001	EF_die_01a	EF_ov_01a	372	8000	2				2602	1	10000	15061	1	1000	25012	1	100				2958																	--	0	20級藥水、消耗品組	85	35級帽子組--灰	27	35級飾品／守護組--綠	2	--	0		487	115	423.50%	
	20202	3000	3300023	彪城	野外段	1005		驚悸人	頑童	2.一有仇恨名單就遠距攻擊	野外小怪	0	無	平均	35	35	35	1	1	1	mobb0069a	1		1.3	0	0.1	0	0	50	50	80	25	102	60	146	3650	4400	191	212	88	88	0	0	27	0	88	0	0	0	0	0	523	523	523	523	0	0	100	0	450		0	0	3507022	1	100						100	350	200	9	3		9400050	9404010						EF0001	EF_die_01a	EF_ov_01a	372	8000	2				2602	1	10000	15061	1	1000	25012	1	100				3342																	--	0	20級藥水、消耗品組	85	35級帽子組--灰	27	35級飾品／守護組--綠	2	--	0		487	115	423.50%	
	20203	3000	3300025	彪城	野外段	1005		青青虎	黑老虎		野外小怪	0	無	平均	36	36	36	1	1	1	moba9105b	0.8		1.3	0	0.1	0	1	80	40	50	40	14	66	150	3940	4500	621	466	90	90	0	0	28	0	90	0	0	0	0	0	513	513	513	513	0	0	100	0	150		0	0	3505031	2	100	3505032	1	100			125	137	250	9	3		9400050	9404010						EF0001	EF_die_01a	EF_ov_01a	434	8000	2				2602	1	10000	15061	1	1000	25012	1	100				3992																	--	0	20級藥水、消耗品組	85	35級帽子組--灰	27	35級飾品／守護組--綠	2	--	0		549	115	477.40%	
	20204	3000	3300022	彪城	野外段	1005		鐵虎男	飛輪虎d		野外小怪	0	無	平均	37	37	37	1	1	1	moba0039d	0.8		1.3	0	0.1	0	0	45	75	90	45	14	66	154	4018	4600	644	484	92	92	0	0	28	0	92	0	0	0	0	0	532	532	532	532	0	0	100	0	150		1	1	3505041	2	100	3505042	1	100			125	137	250	9	3		9400050	9404010						EF0001	EF_die_01a	EF_ov_01a	456	8000	2				2602	1	10000	15063	1	1000	25014	1	100				4174																	--	0	20級藥水、消耗品組	85	35級褲子組--灰	29	40級飾品／守護組--綠	3	--	0		572	116	493.10%	
	20205	3000	3300027	彪城	野外段	1005		霹靂虎	奔雷虎		野外小BOSS -E	4	風	孫二娘	38	37	37	1	1	1	mobb0112	1		1.3	0	0.1	0	0	70	100	200	60	15	279	897	16826	5405	666	501	94	89	0	0	29	0	94	0	0	0	0	520	130	130	13	130	0	0	140	75	300	100	1	1	3505051	1	100	3505052	3	100			150	220	300	30	5		9400050	9404010						EF0001	EF_die_01b	EF_ov_01a	1839	8000	2	9501	1	10000	2704	1	10000	16044	1	10000	26014	1	1000				8934																	一千兩銀票組　	6	30級技能卷軸組2-5	223	35級褲子組--綠	286	40級飾品／守護組--綠	29	--	0		"2,383"	544	438.10%	
	20206	3000	3300024	彪城	野外段	1006		乖乖虎	黃老虎	5.速逃	野外小怪	0	無	平均	37	37	37	1	1	1	moba9105	0.8		1.3	0	0.1	0	1	80	40	50	40	105	66	154	4018	4600	644	484	92	92	0	0	28	0	92	0	0	0	0	0	532	532	532	532	0	0	100	0	150		0	0	3505031	2	100	3505032	1	100			100	350	200	9	3		9400050	9404010						EF0001	EF_die_01a	EF_ov_01a	456	8000	2				2602	1	10000	15063	1	1000	25014	1	100				4174																	--	0	20級藥水、消耗品組	85	35級褲子組--灰	29	40級飾品／守護組--綠	3	--	0		572	116	493.10%	
	20207	3000	3300052	彪城	野外段	1006		小帥虎	黑老虎		野外小怪	0	無	平均	37	37	37	1	1	1	moba9105a	0.8		1.3	0	0.1	0	1	80	40	50	40	13	66	154	4018	4600	644	484	92	92	0	0	28	0	92	0	0	0	0	0	532	532	532	532	0	0	100	0	150		0	0	3505031	2	100	3505032	1	100			100	110	200	9	3		9400050	9404010						EF0001	EF_die_01a	EF_ov_01a	456	8000	2				2602	1	10000	15063	1	1000	25014	1	100				4174																	--	0	20級藥水、消耗品組	85	35級褲子組--灰	29	40級飾品／守護組--綠	3	--	0		572	116	493.10%	
	20208	3000	3300021	彪城	野外段	1006		捲毛獅	角瞳獅(橘)	4.裝死	野外小怪	3	怕水	平均	38	38	38	1	1	1	moba0022e	0.8		1.3	0	0.1	0	0	120	80	80	64	104	68	156	4104	4700	666	501	94	94	0	0	29	0	94	0	0	0	0	0	130	13	130	130	0	0	100	0	150		1	0	3506031	5	100	9907	1	100			125	137	250	9	3		9400050	9404010						EF0001	EF_die_01a	EF_ov_01a	478	8000	2				2602	1	10000	15062	1	1000	25014	1	100				4358																	--	0	20級藥水、消耗品組	85	35級上衣組--灰	30	40級飾品／守護組--綠	3	--	0		596	118	505.10%	
	20209	3000	3300026	彪城	野外段	1006		搖擺虎(藍)	飛輪虎b		野外小怪	0	無	平均	38	38	38	1	1	1	moba0039b	0.8		1.3	0	0.1	0	0	45	75	90	45	14	68	156	4104	4700	666	501	94	94	0	0	29	0	94	0	0	0	0	0	551	551	551	551	0	0	100	0	150		1	1	3506041	2	100	3506042	1	100			125	137	250	9	3		9400050	9404010						EF0001	EF_die_01a	EF_ov_01a	478	8000	2				2602	1	10000	15062	1	1000	25014	1	100				4358																	--	0	20級藥水、消耗品組	85	35級上衣組--灰	30	40級飾品／守護組--綠	3	--	0		596	118	505.10%	
	20210	3000	3300028	彪城	野外段	1006		奶油獅	偽裝彪		野外小BOSS -E	4	風	林沖	40	39	39	1	1	1	moba0109	2		1.3	0	0.1	0	0	100	100	130	60	15	360	738	21370	4410	764	598	102	108	0	0	30	0	98	0	0	0	0	553	133	133	13	133	0	0	140	75	300	100	0	1	3231025	2	100	3231026	1	100			150	165	300	1800	5		9400050	9404010						EF0001	EF_die_01b	EF_ov_01a	12321	8000	2	9501	6	10000	2704	1	10000	16047	1	10000	26014	1	1000				12410																	一千兩銀票組　	36	30級技能卷軸組2-5	223	35級上衣組--綠	298	40級飾品／守護組--綠	29	--	0		"12,907"	586	2202.60%	
	20211	3000	3300090	彪城	野外段	1017		玩偶彪			野外小怪	4	怕火	平均	39	39	39	1	1	1	mobb0023	0.8		1.3	0	0.1	0	0	120	80	80	64	13	70	160	4198	4800	687	517	96	96	0	0	29	0	96	0	0	0	0	0	135	135	14	135	0	0	100	0	150		0	0	3517011	2	100	3517011	1	100			100	110	200	9	3		9400050	9404010						EF0001	EF_die_01a	EF_ov_01a	470	8000	2	90093	1	1000	2602	1	10000	15064	1	1000	25014	1	100				4544																	小皮球(39)	31	20級藥水、消耗品組	85	35級武器組--灰	31	40級飾品／守護組--綠	3	--	0		620	150	413.30%	
	20212	3000	3300091	彪城	野外段	1017		柑仔彪	角瞳獅(橘)		野外小怪	1	地	平均	40	40	40	1	1	1	moba0022a	0.8		1.3	0	0.1	0	0	120	80	80	64	13	72	164	4274	4900	735	554	98	98	0	0	30	0	98	0	575	0	0	0	144	144	144	14	0	0	100	0	150		0	0	3506031	3	100	3506032	1	100			100	110	200	9	3		9400050	9404010						EF0001	EF_die_01a	EF_ov_01a	252	8000	2	90093	1	1000	2603	1	10000	15073	1	1000	25014	1	100				4876																	小皮球(39)	31	40級藥水、消耗品組	323	40級帽子組--灰	36	40級飾品／守護組--綠	3	--	0		645	393	164.10%	
	20213	3000	3300092	彪城	野外段	1017		黃炎彪	角瞳獅(黃)		野外小怪	3	怕水	平均	41	41	41	1	1	1	moba0022b	0.8		1.3	0	0.1	0	0	120	80	80	64	14	76	166	4614	5000	719	541	100	100	0	0	30	0	100	0	0	0	0	0	149	15	149	149	0	0	100	0	150		0	0	3506031	3	100	3506032	1	100			125	137	250	9	3		9400050	9404010						EF0001	EF_die_01a	EF_ov_01a	331	8000	2	90093	1	1000	2603	1	10000	15073	1	1000	25014	1	100				5012																	小皮球(39)	31	40級藥水、消耗品組	323	40級帽子組--灰	36	40級飾品／守護組--綠	3	--	0		724	393	184.20%	
	20214	3000	3300093	彪城	野外段	1017		赤燄彪	角瞳獅(紅)		野外小怪	3	火	林沖	42	42	42	1	1	1	moba0022c	0.8		1.3	0	0.1	0	0	120	80	80	64	14	78	153	4692	4590	774	605	106	112	0	0	31	0	102	0	0	0	593	0	143	14	143	143	0	0	100	0	150		1	1	3506031	2	100	3506032	1	100			125	137	250	9	3		9400050	9404010						EF0001	EF_die_01a	EF_ov_01a	356	8000	2	90093	1	1000	2603	1	10000	15075	1	1000	25018	1	100				5306																	小皮球(39)	31	40級藥水、消耗品組	323	40級褲子組--灰	38	45級飾品／守護組--綠	4	--	0		751	395	190.10%	
	20215	3000	3300094	彪城	野外段	1017		黑面惡彪			任務中BOSS -E	3	火	雷橫	44	42	42	1	1	1	moba0022d	2		1.3	0	0.1	0	0	180	180	180	120	15	492	774	29244	4664	854	620	112	101	0	0	32	0	106	0	0	0	612	0	159	16	159	159	0	0	140	85	300	100	1	1	3517051	2	100	3517052	1	100			150	220	300	30	5		9400050	9404010						EF0001	EF_die_01b	EF_ov_01a	1654	8000	2	9501	2	4000	2603	1	10000	15075	1	1000	25018	1	100				17040																	一千兩銀票組　	5	40級藥水、消耗品組	323	40級褲子組--灰	38	45級飾品／守護組--綠	4	--	0		"3,234"	369	876.40%	
	20216	3000	3300095	彪城	野外段	1018		粉雷弟	飛輪虎		野外小怪	4	風	孫二娘	42	42	42	1	1	1	moba0039a	0.8		1.3	0	0.1	0	0	45	75	90	45	13	64	196	3847	5865	744	560	102	97	0	0	31	0	102	0	0	0	0	617	155	155	15	155	0	0	100	0	150		0	0	3518011	2	100	3518012	1	100			100	110	200	9	3		9400050	9404010						EF0001	EF_die_01a	EF_ov_01a	349	8000	2	90097	1	1000	2603	1	10000	15075	1	1000	25018	1	100				4277																	微弱電力(42)	38	40級藥水、消耗品組	323	40級褲子組--灰	38	45級飾品／守護組--綠	4	--	0		751	402	186.80%	
	20217	3000	3300096	彪城	野外段	1018		海雷弟	飛輪虎		野外小怪	2	水	孫二娘	43	43	43	1	1	1	moba0039c	0.8		1.3	0	0.1	0	0	45	75	90	45	13	66	200	3929	5980	766	577	104	99	0	0	31	0	104	0	0	639	0	0	16	160	160	160	0	0	100	0	150		0	0	3518021	2	100	3518012	1	100			100	110	200	9	3		9400050	9404010						EF0001	EF_die_01a	EF_ov_01a	377	8000	2	90097	1	1000	2603	1	10000	15074	1	1000	25018	1	100				4444																	微弱電力(42)	38	40級藥水、消耗品組	323	40級上衣組--灰	39	45級飾品／守護組--綠	4	--	0		780	403	193.50%	
	20218	3000	3300097	彪城	野外段	1018		紫雷弟	飛輪虎		野外小怪	3	怕水	平均	44	44	44	1	1	1	moba0039e	0.8		1.3	0	0.1	0	0	45	75	90	45	14	82	176	4874	5300	791	596	106	106	0	0	32	0	106	0	0	0	0	0	166	17	166	166	0	0	100	0	150		0	0	3518031	2	100	3518032	1	100			125	137	250	9	3		9400050	9404010						EF0001	EF_die_01a	EF_ov_01a	404	8000	2	90097	1	1000	2603	1	10000	15076	1	1000	25018	1	100				5632																	微弱電力(42)	38	40級藥水、消耗品組	323	40級武器組--灰	40	45級飾品／守護組--綠	4	--	0		809	405	199.80%	
	20219	3000	3300098	彪城	野外段	1018		草雷弟	飛輪虎		野外小怪	1	地	平均	44	44	44	1	1	1	moba0039f	0.8		1.3	0	0.1	0	0	45	75	90	45	14	82	176	4874	5300	791	596	106	106	0	0	32	0	106	0	661	0	0	0	166	166	166	17	0	0	100	0	150		1	1	3518041	2	100	3518042	1	100			125	137	250	9	3		9400050	9404010						EF0001	EF_die_01a	EF_ov_01a	404	8000	2	90097	1	1000	2603	1	10000	15076	1	1000	25018	1	100				5632																	微弱電力(42)	38	40級藥水、消耗品組	323	40級武器組--灰	40	45級飾品／守護組--綠	4	--	0		809	405	199.80%	
	20220	3000	3300099	彪城	野外段	1018		白帥帥	飛輪虎		任務中BOSS -E	4	風	林沖	47	45	45	1	1	1	moba0039	2		1.3	0	0.1	0	0	100	180	190	70	15	450	837	27260	5040	881	689	116	123	0	0	33	0	112	0	0	0	0	723	174	174	17	174	0	0	140	85	300	100	0	1	3518051	2	100	3518052	1	100			150	165	300	30	5		9400050	9404010						EF0001	EF_die_01b	EF_ov_01a	2048	8000	2	9501	2	4000	2603	1	10000	15085	1	1000	25018	1	100				16160																	一千兩銀票組　	5	40級藥水、消耗品組	323	45級帽子組--灰	47	45級飾品／守護組--綠	4	--	0		"3,878"	378	1025.90%	
	20221	3000	3300023	彪城	野外段	1005		驚悸人	頑童	2.一有仇恨名單就遠距攻擊	野外小怪	0	無	平均	35	35	35	1	1	1	mobb0069	1		1.3	0	0.1	0	0	50	50	80	25	102	60	146	3650	4400	191	212	88	88	0	0	27	0	88	0	0	0	0	0	523	523	523	523	0	0	100	0	450		0	0	3507022	1	100						100	350	200	9	3		9400050	9404010						EF0001	EF_die_01a	EF_ov_01a	372	8000	2				2602	1	10000	15061	1	1000	25012	1	100				3342																	--	0	20級藥水、消耗品組	85	35級帽子組--灰	27	35級飾品／守護組--綠	2	--	0		487	115	423.50%	
	20222	3000	3300140	彪城	野外段	1017		導彈彪	導彈彪	1.衝撞	小怪	0	無	雷橫	42	42	42	1	1	1	moba0111a	1		1.3	0	0.1	0	0	80	90	150	60	101	47	75	2815	4488	1	582	108	97	0	0	31	0	102	0	0	0	0	0	592	592	592	592	0	0	100	0	300		1	1	9290004	1	100						80	110	200	300	3		9400050	9404010						EF0001	EF_die_01b	EF_ov_01a	376	8000																	3156																	--	0	--	0	--	0	--	0	--	0		376	0	0.00%	
	20223	3000	3300136	彪城	野外段	1018		斑馬兄弟		6.亂跑型怪	小怪	0	無	雷橫	44	44	44	1	1	1	moba0050b	0.1		1.3	0	0.1	0	0	40	40	100	60	106	5	10	10	10	0	620	112	101	0	0	32	0	106	0	0	0	0	0	0	0	0	0	0	0	100	99	100		0	1									800	800	800	300	3		9600050	9604010						EF0001	EF_die_01b	EF_ov_01a	10000	10000																	12																	--	0	--	0	--	0	--	0	--	0		404	0	0.00%	
	20224	3000	3300133	彪城	野外段	1018		熊王	熊王	3.干擾buf	小怪	0	無	平均	44	44	44	1	1	1	mobb9001	1		1.3	0	0.1	0	0	80	100	90	50	103	41	88	2437	5300	791	596	106	106	0	0	32	0	106	0	0	0	0	0	656	656	656	656	0	0	100	0	100		0	0	3601003	1	100						150	330	300	300	3		9300050	9304010						EF0001	EF_die_01a	EF_ov_01a	404	8000																	2816																	--	0	--	0	--	0	--	0	--	0		404	0	0.00%	
	20225	3000	3300144	彪城	野外段	1005		鐵虎男首領	飛輪虎d	8.被招換的王	中BOSS	0	無	平均	40	37	37	1	1	1	moba0039d	2		1.3	0	0.1	0	0	120	180	240	120	15	360	820	21370	4900	735	554	98	98	0	0	30	0	98	0	0	0	0	0	609	609	609	609	0	0	100	0	300		1	1	3505041	2	100	3505042	1	100			125	137	250	-1	10		9400050	9404010						EF0001	EF_die_01a	EF_ov_01a	2581	8000	2																12190																	--	0	--	0	--	0	--	0	--	0		"2,581"	0	0.00%	
	20226	3000	3300145	彪城	野外段	1017		黃炎彪首領	角瞳獅(黃)	8.被招換的王	中BOSS	3	怕水	平均	44	41	41	1	1	1	moba0022b	2		1.3	0	0.1	0	0	300	200	200	160	15	410	880	24370	5300	791	596	106	106	0	0	32	0	106	0	0	0	0	0	166	17	166	166	0	0	100	0	300		0	0	3506031	3	100	3506032	1	100			125	137	250	-1	10		9400050	9404010						EF0001	EF_die_01a	EF_ov_01a	3234	8000	2																14080																	--	0	--	0	--	0	--	0	--	0		"3,234"	0	0.00%	
#	駱駝城20301~20400，每張野外段用20號																																																																																																																																					0		0.00%	
	20301	3000	3300020	駱駝城	野外段	1007		蒼蠅	馬上蠅	7.一碰就快逃	野外小怪	1	怕風	平均	36	36	36	1	1	1	moba0058a	1		1.3	0	0.1	0	0	50	50	80	25	107	66	150	3940	4500	621	466	90	90	0	0	28	0	90	0	0	0	0	0	121	121	121	12	0	0	100	0	150		0	0	3505011	2	100	3505012	1	100			100	350	200	9	3		9400050	9404010						EF0001	EF_die_01a	EF_ov_01a	434	8000	2				2602	1	10000	15061	1	1000	25012	1	100				3992																	--	0	20級藥水、消耗品組	85	35級帽子組--灰	27	35級飾品／守護組--綠	2	--	0		549	115	477.40%	
	20302	3000	3300064	駱駝城	野外段	1007		沙漠童子	頑童		野外小怪	0	無	平均	37	37	37	1	1	1	mobb0069b	1		1.3	0	0.1	0	0	50	50	80	25	14	66	154	4018	4600	644	484	92	92	0	0	28	0	92	0	0	0	0	0	532	532	532	532	0	0	100	0	300		0	0	3507021	5	100	3507022	1	100			100	110	200	9	3		9400050	9404010						EF0001	EF_die_01a	EF_ov_01a	456	8000	2				2602	1	10000	15063	1	1000	25014	1	100				4174																	--	0	20級藥水、消耗品組	85	35級褲子組--灰	29	40級飾品／守護組--綠	3	--	0		572	116	493.10%	
	20303	3000	3300029	駱駝城	野外段	1007		藍巴	筆駱駝		野外小怪	0	無	平均	37	37	37	1	1	1	mobb0016	0.8		1.3	0	0.1	0	1	104	40	70	40	13	66	154	4018	4600	644	484	92	92	0	0	28	0	92	0	0	0	0	0	532	532	532	532	0	0	100	0	190		0	0	3507031	1	100	3507032	5	100			125	137	250	9	3		9400050	9404010						EF0001	EF_die_01a	EF_ov_01a	456	8000	2				2602	1	10000	15063	1	1000	25014	1	100				4174																	--	0	20級藥水、消耗品組	85	35級褲子組--灰	29	40級飾品／守護組--綠	3	--	0		572	116	493.10%	
	20304	3000	3300030	駱駝城	野外段	1007		晒羅駝	駱駝兵	2.一有仇恨名單就遠距攻擊	野外小怪	1	地	平均	38	38	38	1	1	1	moba0016c	0.8		1.3	0	0.1	0	1	104	40	70	40	102	68	156	4104	4700	130	334	94	94	0	0	29	0	94	0	520	0	0	0	130	130	130	13	0	0	100	0	450		1	1	3507042	1	100						125	350	250	9	3		9400050	9404010						EF0001	EF_die_01a	EF_ov_01a	478	8000	2				2602	1	10000	15062	1	1000	25014	1	100				4024																	--	0	20級藥水、消耗品組	85	35級上衣組--灰	30	40級飾品／守護組--綠	3	--	0		596	118	505.10%	
	20305	3000	3300034	駱駝城	野外段	1007		龐克洛羅	流星駝		任務中BOSS -D	1	地	平均	40	39	39	1	1	1	moba0115	1.5		1.3	0	0.1	0	1	180	80	160	90	15	360	820	21370	4900	735	554	98	98	0	0	30	0	98	0	575	0	0	0	144	144	144	14	0	0	125	85	250	100	1	1	3507051	3	100	3507052	1	100			150	165	300	30	5		9400050	9404010						EF0001	EF_die_01b	EF_ov_01a	1492	8000	2	9501	2	4000	2602	1	10000	15064	1	1000	25014	1	100				12190																	一千兩銀票組　	5	20級藥水、消耗品組	85	35級武器組--灰	31	40級飾品／守護組--綠	3	--	0		"2,581"	124	2081.50%	
	20306	3000	3300031	駱駝城	野外段	1008		雙喜蠍	雙嘻蠍		野外小怪	0	無	平均	39	39	39	1	1	1	mobb0036	0.5		1.3	0	0.1	0	1	50	50	60	20	13	70	160	4198	4800	687	517	96	96	0	0	29	0	96	0	0	0	0	0	569	569	569	569	0	0	100	0	150		0	0	3508011	3	100	3508012	1	100			100	110	200	9	3		9400050	9404010						EF0001	EF_die_01a	EF_ov_01a	501	8000	2				2602	1	10000	15064	1	1000	25014	1	100				4544																	--	0	20級藥水、消耗品組	85	35級武器組--灰	31	40級飾品／守護組--綠	3	--	0		620	119	521.00%	
	20307	3000	3300053	駱駝城	野外段	1008		邪惡寡蠍	蠍子兵	4.裝死	野外小怪	0	無	平均	40	40	40	1	1	1	mobb0036b	0.5		1.3	0	0.1	0	1	50	50	60	20	104	72	164	4274	4900	735	554	98	98	0	0	30	0	98	0	0	0	0	0	609	609	609	609	0	0	100	0	150		1	0	3508021	5	100	9907	1	100			100	110	200	9	3		9400050	9404010						EF0001	EF_die_01a	EF_ov_01a	283	8000	2				2603	1	10000	15073	1	1000	25014	1	100				4876																	--	0	40級藥水、消耗品組	323	40級帽子組--灰	36	40級飾品／守護組--綠	3	--	0		645	362	178.20%	
	20308	3000	3300033	駱駝城	野外段	1008		筆勒	筆駱駝		野外小怪	1	地	平均	40	40	40	1	1	1	mobb0016a	0.8		1.3	0	0.1	0	1	104	40	70	40	13	72	164	4274	4900	735	554	98	98	0	0	30	0	98	0	575	0	0	0	144	144	144	14	0	0	100	0	190		0	0	3507031	1	100	3507032	5	100			125	137	250	9	3		9400050	9404010						EF0001	EF_die_01a	EF_ov_01a	283	8000	2				2603	1	10000	15073	1	1000	25014	1	100				4876																	--	0	40級藥水、消耗品組	323	40級帽子組--灰	36	40級飾品／守護組--綠	3	--	0		645	362	178.20%	
	20309	3000	3300032	駱駝城	野外段	1008		駱駝仙人	駱駝頭目	5.速逃	野外強小怪	1	地	雷橫	42	41	41	1	1	1	moba0016	0.8		1.3	0	0.1	0	1	104	40	70	40	105	140	224	8446	4488	804	582	108	97	0	0	31	0	102	0	571	0	0	0	149	149	149	15	0	0	100	0	150		1	1	4000001	2	100	3507052	1	100			125	350	250	9	3		9400050	9404010						EF0001	EF_die_01a	EF_ov_01a	389	8000	2				2603	1	10000	15073	1	1000	25014	1	100				9468																	--	0	40級藥水、消耗品組	323	40級帽子組--灰	36	40級飾品／守護組--綠	3	--	0		751	362	207.50%	
	20310	3000	3300035	駱駝城	野外段	1008		藍教頭	綠洲水蠍		任務中BOSS -D	2	水	雷橫	43	42	42	1	1	1	mobb0036a	2		1.3	0	0.1	0	1	250	180	120	140	15	480	766	28752	4576	827	600	110	99	0	0	31	0	104	0	0	592	0	0	15	154	154	154	0	0	125	85	300	100	1	1	3508051	3	100	3508052	1	100			150	165	300	30	5		9400050	9404010						EF0001	EF_die_01b	EF_ov_01a	1582	8000	2	9501	2	4000	2603	1	10000	15075	1	1000	25018	1	100				16398																	一千兩銀票組　	5	40級藥水、消耗品組	323	40級褲子組--灰	38	45級飾品／守護組--綠	4	--	0		"3,118"	369	845.00%	
	20311	3000	3300100	駱駝城	野外段	1019		沙漠頑童	頑童		野外小怪	0	無	平均	42	42	42	1	1	1	mobb0069b	1		1.3	0	0.1	0	0	50	50	80	25	14	78	170	4692	5100	744	560	102	102	0	0	31	0	102	0	0	0	0	0	616	616	616	616	0	0	100	0	400		0	0	3507021	5	100	3507022	1	100			100	110	200	9	3		9400050	9404010						EF0001	EF_die_01a	EF_ov_01a	387	8000	2				2603	1	10000	15075	1	1000	25018	1	100				5216																	--	0	40級藥水、消耗品組	323	40級褲子組--灰	38	45級飾品／守護組--綠	4	--	0		751	364	206.30%	
	20312	3000	3300101	駱駝城	野外段	1019		刺冠駱駝	駱駝頭目		野外小怪	1	地	平均	43	43	43	1	1	1	moba0016a	0.8		1.3	0	0.1	0	1	104	40	70	40	13	80	174	4792	5200	766	577	104	104	0	0	31	0	104	0	639	0	0	0	160	160	160	16	0	0	100	0	150		0	0	4000001	2	100	3507052	1	100			125	137	250	9	3		9400050	9404010						EF0001	EF_die_01a	EF_ov_01a	414	8000	2				2603	1	10000	15074	1	1000	25018	1	100				5420																	--	0	40級藥水、消耗品組	323	40級上衣組--灰	39	45級飾品／守護組--綠	4	--	0		780	366	213.10%	
	20313	3000	3300102	駱駝城	野外段	1019		無冠駱駝	駱駝兵		野外小怪	1	地	平均	43	43	43	1	1	1	moba0016c	0.8		1.3	0	0.1	0	1	104	40	70	40	13	80	174	4792	5200	766	577	104	104	0	0	31	0	104	0	639	0	0	0	160	160	160	16	0	0	100	0	300		0	0	3507041	1	100	3507042	1	100			125	137	250	9	3		9400050	9404010						EF0001	EF_die_01a	EF_ov_01a	414	8000	2				2603	1	10000	15074	1	1000	25018	1	100				5420																	--	0	40級藥水、消耗品組	323	40級上衣組--灰	39	45級飾品／守護組--綠	4	--	0		780	366	213.10%	
	20314	3000	3300103	駱駝城	野外段	1019		禁衛兵	逃兵	2.一有仇恨名單就遠距攻擊	野外強小怪	0	無	雷橫	45	44	44	1	1	1	moba9102a	1.3		1.3	0	0.1	0	1	80	80	80	40	102	148	238	5500	4752	912	662	114	103	0	0	32	0	108	0	0	0	0	0	674	674	674	674	0	0	100	0	450	20	1	1	3519041	1	100	3519042	1	100			125	350	250	9	3		9400050	9404010						EF0001	EF_die_01a	EF_ov_01a	471	8000	2				2603	1	10000	15076	1	1000	25018	1	100				6700																	--	0	40級藥水、消耗品組	323	40級武器組--灰	40	45級飾品／守護組--綠	4	--	0		838	367	228.30%	
	20315	3000	3300104	駱駝城	野外段	1019		陣地駱駝	飛彈駝		野外小怪	1	地	平均	43	43	43	1	1	1	moba0104	0.9		1.3	0	0.1	0	1	130	50	100	50	14	80	174	4792	5200	766	577	104	104	0	0	31	0	104	0	639	0	0	0	160	160	160	16	0	0	100	0	500	50	0	0	3519051	1	100	3519052	3	100			150	165	300	25	5		9400050	9404010						EF0001	EF_die_01b	EF_ov_01a	414	8000	2				2603	1	10000	15074	1	1000	25018	1	100				5420																	--	0	40級藥水、消耗品組	323	40級上衣組--灰	39	45級飾品／守護組--綠	4	--	0		780	366	213.10%	
	20316	3000	3300105	駱駝城	野外段	1019		重裝駱駝	飛彈駝		任務中BOSS -D	1	地	平均	46	45	45	1	1	1	moba0104	1.5		1.3	0	0.1	0	1	180	80	150	90	15	450	920	26840	5500	821	618	110	110	0	0	33	0	110	0	728	0	0	0	182	182	182	18	0	0	125	85	500	100	1	1	3519062	2	100	3519063	1	100			150	165	300	30	5		9400050	9404010						EF0001	EF_die_01b	EF_ov_01a	1966	8000	2	9501	2	4000	2603	1	10000	15085	1	1000	25018	1	100				15340																	一千兩銀票組　	5	40級藥水、消耗品組	323	45級帽子組--灰	47	45級飾品／守護組--綠	4	--	0		"3,747"	378	991.30%	
	20317	3000	3300106	駱駝城	野外段	1020		倒立人類	倒立人		野外小怪	0	無	平均	44	44	44	1	1	1	moba0071	1		1.3	0	0.1	0	1	70	70	70	40	13	82	176	4874	5300	791	596	106	106	0	0	32	0	106	0	0	0	0	0	656	656	656	656	0	0	100	0	200		0	0	3520011	2	100	3520012	1	100			100	110	200	9	3		9400050	9404010						EF0001	EF_die_01a	EF_ov_01a	442	8000	2				2603	1	10000	15076	1	1000	25018	1	100				5632																	--	0	40級藥水、消耗品組	323	40級武器組--灰	40	45級飾品／守護組--綠	4	--	0		809	367	220.40%	
	20318	3000	3300107	駱駝城	野外段	1020		黑紫螫針	紫蠍尾		野外小怪	1	地	平均	45	45	45	1	1	1	moba0072	1		1.3	0	0.1	0	1	100	100	70	40	14	82	180	4960	5400	844	637	108	108	0	0	32	0	108	0	704	0	0	0	176	176	176	18	0	0	100	0	500	10	0	0	3520021	1	100	3520022	2	100			125	137	250	9	3		9400050	9404010						EF0001	EF_die_01a	EF_ov_01a	464	8000	2				2603	1	10000	15085	1	1000	25018	1	100				5992																	--	0	40級藥水、消耗品組	323	45級帽子組--灰	47	45級飾品／守護組--綠	4	--	0		838	374	224.10%	
	20319	3000	3300108	駱駝城	野外段	1020		水藍螫針	藍蠍尾		野外小怪	1	地	平均	45	45	45	1	1	1	moba0073	1		1.3	0	0.1	0	1	100	100	70	40	13	82	180	4960	5400	844	637	108	108	0	0	32	0	108	0	704	0	0	0	176	176	176	18	0	0	100	0	500	10	0	0	3520031	2	100	3520032	1	100			125	137	250	9	3		9400050	9404010						EF0001	EF_die_01a	EF_ov_01a	464	8000	2				2603	1	10000	15085	1	1000	25018	1	100				5992																	--	0	40級藥水、消耗品組	323	45級帽子組--灰	47	45級飾品／守護組--綠	4	--	0		838	374	224.10%	
	20320	3000	3300109	駱駝城	野外段	1020		怪異枕頭	繡花枕頭(獅)		野外強小怪	4	風	孫二娘	47	46	46	1	1	1	moba0085	1		1.3	0	0.1	0	1	60	60	60	40	14	111	321	6706	6440	847	638	112	106	0	0	33	0	112	0	0	0	0	752	188	188	19	188	0	0	100	0	200	50	1	1	3520041	2	100	3520042	1	100			100	110	200	9	3		9400050	9404010						EF0001	EF_die_01a	EF_ov_01a	595	8000	2				2603	1	10000	15085	1	1000	25018	1	100				7825																	--	0	40級藥水、消耗品組	323	45級帽子組--灰	47	45級飾品／守護組--綠	4	--	0		969	374	259.10%	
	20321	3000	3300110	駱駝城	野外段	1020		紫尾蠍王	蠍子兵		任務中BOSS -E	1	地	平均	49	47	47	1	1	1	mobb0036b	2		1.3	0	0.1	0	1	250	180	120	140	15	470	970	28200	5800	899	678	116	116	0	0	34	0	116	0	803	0	0	0	201	201	201	20	0	0	140	85	1000	100	1	1	3520052	1	100	3520053	3	100			150	165	300	30	3		9400050	9404010						EF0001	EF_die_01a	EF_ov_01a	2212	8000	2	9501	2	4000	2603	1	10000	15087	1	1000	25020	1	100				17065																	一千兩銀票組　	5	40級藥水、消耗品組	323	45級褲子組--灰	49	50級飾品／守護組--綠	5	--	0		"4,148"	381	1088.70%	
	20322	3000	3300103	駱駝城	野外段	1019		禁衛兵	逃兵		小怪	0	無	平均	44	44	44	1	1	1	moba9102a	1.3		1.3	0	0.1	0	1	80	80	80	40	14	41	88	2437	5300	791	596	106	106	0	0	32	0	106	0	0	0	0	0	656	656	656	656	0	0	100	0	500	20	0	0	3519041	1	100	3519042	1	100			125	137	250	-1	3		9400050	9404010						EF0001	EF_die_01a	EF_ov_01a	81	4568	2				2603	1	10000	15076	1	1000	25018	1	100				2816																	--	0	40級藥水、消耗品組	323	40級武器組--灰	40	45級飾品／守護組--綠	4	--	0		404	367	110.10%	
	20323	3000	3300141	駱駝城	野外段	1020		不倒翁枕	不倒翁枕頭	1.衝撞	小怪	0	無	孫二娘	46	46	46	1	1	1	moba0085b	1		1.3	0	0.1	0	1	60	60	60	40	101	37	106	2201	6325	1	618	110	105	0	0	33	0	110	0	0	0	0	0	680	680	680	680	0	0	100	0	300		1	1	9290004	1	100						80	110	200	300	3		9400050	9404010						EF0001	EF_die_01a	EF_ov_01a	468	8000																	2516																	--	0	--	0	--	0	--	0	--	0		468	0	0.00%	
	20324	3000	3300136	駱駝城	野外段	1019		斑馬兄弟		6.亂跑型怪	小怪	0	無	雷橫	43	43	43	1	1	1	moba0050b	0.1		1.3	0	0.1	0	0	40	40	100	60	106	5	10	10	10	0	600	110	99	0	0	31	0	104	0	0	0	0	0	0	0	0	0	0	0	100	99	100		0	1									800	800	800	300	3		9600050	9604010						EF0001	EF_die_01b	EF_ov_01a	10000	10000																	11																	--	0	--	0	--	0	--	0	--	0		390	0	0.00%	
	20325	3000	3300133	駱駝城	野外段	1020		熊王	熊王	3.干擾buf	小怪	0	無	平均	46	46	46	1	1	1	mobb9001	1		1.3	0	0.1	0	0	80	100	90	50	103	45	92	2684	5500	821	618	110	110	0	0	33	0	110	0	0	0	0	0	680	680	680	680	0	0	100	0	100		0	0	3601003	1	100						150	330	300	300	3		9300050	9304010						EF0001	EF_die_01a	EF_ov_01a	468	8000																	3068																	--	0	--	0	--	0	--	0	--	0		468	0	0.00%	
	20326	3000	3300146	駱駝城	野外段	1007		藍巴首領	筆駱駝	8.被招換的王	中BOSS	0	無	平均	40	37	37	1	1	1	mobb0016	2		1.3	0	0.1	0	1	260	100	240	100	15	360	820	21370	4900	735	554	98	98	0	0	30	0	98	0	0	0	0	0	609	609	609	609	0	0	100	0	380		0	0	3507031	1	100	3507032	5	100			125	137	250	-1	10		9400050	9404010						EF0001	EF_die_01a	EF_ov_01a	2581	8000	2																12190																	--	0	--	0	--	0	--	0	--	0		"2,581"	0	0.00%	
	20327	3000	3300147	駱駝城	野外段	1019		刺冠駱駝首領	駱駝頭目	8.被招換的王	中BOSS	1	地	平均	46	43	43	1	1	1	moba0016a	2		1.3	0	0.1	0	1	260	100	200	100	15	450	920	26840	5500	821	618	110	110	0	0	33	0	110	0	728	0	0	0	182	182	182	18	0	0	100	0	300		0	0	4000001	2	100	3507052	1	100			125	137	250	-1	10		9400050	9404010						EF0001	EF_die_01a	EF_ov_01a	3747	8000	2																15340																	--	0	--	0	--	0	--	0	--	0		"3,747"	0	0.00%	
#	鷹  城20401~20500，每張野外段用20號																																																																																																																																					0		0.00%	
	20401	3000	3300038	鷹城	野外段	1011		神風鳥	火箭鳥	4.裝死	野外小怪	0	無	平均	46	46	46	1	1	1	moba0030	1		1.3	0	0.1	0	0	50	50	80	25	104	90	184	5368	5500	821	618	110	110	0	0	33	0	110	0	0	0	0	0	680	680	680	680	0	0	100	0	150		1	0	3511011	5	100	9907	1	100			125	137	250	9	3		9400050	9404010						EF0001	EF_die_01a	EF_ov_01a	563	8000	2				2603	1	10000	15085	1	1000	25018	1	100				6136																	--	0	40級藥水、消耗品組	323	45級帽子組--灰	47	45級飾品／守護組--綠	4	--	0		937	374	250.50%	
	20402	3000	3300060	鷹城	野外段	1011		重裝鷹	老鷹		野外小怪	0	無	平均	47	47	47	1	1	1	moba0029a	0.8		1.3	0	0.1	0	0	40	40	70	22	14	90	186	5452	5600	847	638	112	112	0	0	33	0	112	0	0	0	0	0	702	702	702	702	0	0	100	0	150		0	0	3511021	4	100	3511022	1	100			100	110	200	9	3		9400050	9404010						EF0001	EF_die_01a	EF_ov_01a	593	8000	2				2603	1	10000	15087	1	1000	25020	1	100				6362																	--	0	40級藥水、消耗品組	323	45級褲子組--灰	49	50級飾品／守護組--綠	5	--	0		969	376	257.70%	
	20403	3000	3300061	鷹城	野外段	1011		魔中鷹	老鷹		野外小怪	0	無	平均	47	47	47	1	1	1	moba0029b	0.8		1.3	0	0.1	0	0	40	40	70	22	14	90	186	5452	5600	847	638	112	112	0	0	33	0	112	0	0	0	0	0	702	702	702	702	0	0	100	0	150		0	0	3511021	3	100	3511022	1	100			125	137	250	9	3		9400050	9404010						EF0001	EF_die_01a	EF_ov_01a	593	8000	2				2603	1	10000	15087	1	1000	25020	1	100				6362																	--	0	40級藥水、消耗品組	323	45級褲子組--灰	49	50級飾品／守護組--綠	5	--	0		969	376	257.70%	
	20404	3000	3300054	鷹城	野外段	1011		弱雞	小鳥	5.速逃	野外小怪	4	風	平均	48	48	48	1	1	1	moba0041a	1		1.3	0	0.1	0	0	40	40	50	25	105	92	190	5544	5700	873	658	114	114	0	0	34	0	114	0	0	0	0	777	195	195	19	195	0	0	100	0	150		0	1	3224021	3	100	3224022	1	100			125	350	250	9	3		9400050	9404010						EF0001	EF_die_01a	EF_ov_01a	625	8000	2				2603	1	10000	15086	1	1000	25020	1	100				6592																	--	0	40級藥水、消耗品組	323	45級上衣組--灰	50	50級飾品／守護組--綠	5	--	0		"1,003"	378	265.30%	
	20405	3000	3300042	鷹城	野外段	1011		香腸葛格	熱狗大亨		野外中BOSS -D	3	火	平均	51	49	49	1	1	1	moba0041	3		1.3	0	0.1	0	0	100	80	120	55	15	1040	2000	62080	6000	1028	698	120	120	0	0	35	0	120	0	0	0	881	0	221	22	221	221	0	0	125	70	400	100	1	1	3511051	1	100	3511052	8	100			200	220	300	1800	5		9400050	9404010						EF0001	EF_die_01b	EF_ov_01a	22819	8000	2	9501	20	4000	2707	1	10000	16070	1	10000	26020	1	1000				36830																	一千兩銀票組　	48	40級技能卷軸組4-5	485	45級武器組--綠	519	50級飾品／守護組--綠	49	--	0		"47,792"	"1,101"	4340.80%	
	20406	3000	3300062	鷹城	野外段	1012		黑禿鷹	老鷹		野外小怪	4	風	平均	48	48	49	1	1	1	moba0029e	0.8		1.3	0	0.1	0	0	40	40	70	22	13	92	190	5544	5700	873	658	114	114	0	0	34	0	114	0	0	0	0	777	195	195	19	195	0	0	100	0	150		0	0	3511021	10	100	3512012	1	100			100	110	200	9	3		9400050	9404010						EF0001	EF_die_01a	EF_ov_01a	623	8000	2				2603	1	10000	15088	1	1000	25020	1	100				6592																	--	0	40級藥水、消耗品組	323	45級武器組--灰	52	50級飾品／守護組--綠	5	--	0		"1,003"	380	263.90%	
	20407	3000	3300063	鷹城	野外段	1012		黑鴕鳥	鴕鳥		野外小怪	3	怕水	平均	49	49	50	1	1	1	moba0040	0.8		1.3	0	0.1	0	0	40	40	70	22	14	94	194	5640	5800	899	678	116	116	0	0	34	0	116	0	0	0	0	0	201	20	201	201	0	0	100	0	150		0	0	3512021	6	100	3512022	1	100			100	110	200	9	3		9400050	9404010						EF0001	EF_die_01a	EF_ov_01a	649	8000	2				2603	1	10000	15097	1	1000	25020	1	100				6826																	--	0	40級藥水、消耗品組	323	50級帽子組--灰	60	50級飾品／守護組--綠	5	--	0		"1,037"	388	267.30%	
	20408	3000	3300039	鷹城	野外段	1012		黑閃妹	二駝哥		野外小怪	0	無	平均	49	49	50	1	1	1	moba0040a	0.8		1.3	0	0.1	0	0	40	40	64	21	14	94	194	5640	5800	899	678	116	116	0	0	34	0	116	0	0	0	0	0	746	746	746	746	0	0	100	0	150		0	0	3512021	5	100	3512022	1	100			125	137	250	9	3		9400050	9404010						EF0001	EF_die_01a	EF_ov_01a	649	8000	2				2603	1	10000	15097	1	1000	25020	1	100				6826																	--	0	40級藥水、消耗品組	323	50級帽子組--灰	60	50級飾品／守護組--綠	5	--	0		"1,037"	388	267.30%	
	20409	3000	3300040	鷹城	野外段	1012		黑閃姊	大駝哥		野外強小怪	0	無	林沖	51	50	51	1	1	1	moba0040d	1		1.3	0	0.1	0	0	50	50	80	30	14	156	270	9312	5400	1069	754	125	132	0	0	35	0	120	0	0	0	0	0	711	711	711	711	0	0	100	0	150		1	1	3512021	4	100	3512022	1	100			125	137	250	9	3		9400050	9404010						EF0001	EF_die_01a	EF_ov_01a	807	8000	2				2603	1	10000	15097	1	1000	25020	1	100				11217																	--	0	40級藥水、消耗品組	323	50級帽子組--灰	60	50級飾品／守護組--綠	5	--	0		"1,195"	388	308.00%	
	20410	3000	3300043	鷹城	野外段	1012		蘋果姐姐	雞神		野外中BOSS -D	2	水	孫二娘	53	51	52	1	1	1	moba0041a	3		1.3	0	0.1	0	0	100	80	120	55	15	886	2369	52644	7130	1087	738	124	118	0	0	36	0	124	0	0	938	0	0	23	235	235	235	0	0	125	70	400	100	1	1	3511051	1	100	3511052	8	100			200	220	400	1800	5		9400050	9404010						EF0001	EF_die_01b	EF_ov_01a	24212	8000	2	9501	21	4000	2708	1	10000	16075	1	10000	26023	1	1000				32234																	一千兩銀票組　	50	40級武、防卷軸組	536	50級褲子組--綠	617	55級飾品／守護組--綠	62	--	0		"50,905"	"1,265"	4024.10%	
	20413	3000	3300121	鷹城	野外段	1023		桃子鸚鵡		7.一碰就快逃	野外小怪	0	無	平均	52	52	52	1	1	1	moba0018c	1		1.3	0	0.1	0	1	50	50	60	25	107	106	204	6302	6100	1059	719	122	122	0	0	36	0	122	0	0	0	0	0	791	791	791	791	0	0	100	0	150		0	0	3523011	1	100	3523012	3	100			100	350	200	9	3		9400050	9404010						EF0001	EF_die_01a	EF_ov_01a	842	8000	2				2603	1	10000	15099	1	1000	25023	1	100				7614																	--	0	40級藥水、消耗品組	323	50級褲子組--灰	62	55級飾品／守護組--綠	6	--	0		"1,233"	391	315.30%	
	20414	3000	3300122	鷹城	野外段	1023		大眼蝙蝠			野外小怪	0	無	平均	53	53	53	1	1	1	moba0091	1		1.3	0	0.1	0	1	50	50	80	25	14	108	206	6420	6200	1087	738	124	124	0	0	36	0	124	0	0	0	0	0	812	812	812	812	0	0	100	0	150		0	0	4000001	2	100	4000005	1	100			125	137	250	9	3		9400050	9404010						EF0001	EF_die_01a	EF_ov_01a	880	8000	2				2603	1	10000	15098	1	1000	25023	1	100				7862																	--	0	40級藥水、消耗品組	323	50級上衣組--灰	64	55級飾品／守護組--綠	6	--	0		"1,273"	393	323.90%	
	20415	3000	3300123	鷹城	野外段	1023		風中鷹			野外小怪	0	無	平均	53	53	53	1	1	1	moba0029d	0.8		1.3	0	0.1	0	0	40	40	70	22	14	108	206	6420	6200	1087	738	124	124	0	0	36	0	124	0	0	0	0	0	812	812	812	812	0	0	100	0	150		0	0	3511021	3	100	3511022	1	100			125	137	250	9	3		9400050	9404010						EF0001	EF_die_01a	EF_ov_01a	880	8000	2				2603	1	10000	15098	1	1000	25023	1	100				7862																	--	0	40級藥水、消耗品組	323	50級上衣組--灰	64	55級飾品／守護組--綠	6	--	0		"1,273"	393	323.90%	
	20416	3000	3300124	鷹城	野外段	1023		藍莓鸚鵡			野外強小怪	0	無	平均	55	54	54	1	1	1	moba0018a	1.5		1.3	0	0.1	0	1	60	60	80	30	14	165	321	9903	6400	1189	809	128	128	0	0	37	0	128	0	0	0	0	0	890	890	890	890	0	0	100	0	150		1	1	3523041	1	100	3523042	1	100			100	110	200	9	3		9400050	9404010						EF0001	EF_die_01a	EF_ov_01a	959	8000	2				2603	1	10000	15100	1	1000	25023	1	100				12804																	--	0	40級藥水、消耗品組	323	50級武器組--灰	66	55級飾品／守護組--綠	6	--	0		"1,354"	395	342.80%	
	20417	3000	3300124	鷹城	野外段	1023		藍莓鸚鵡			野外強小怪	0	無	平均	55	54	54	1	1	1	moba0018b	1.5		1.3	0	0.1	0	1	60	60	80	30	13	165	321	9903	6400	1189	809	128	128	0	0	37	0	128	0	0	0	0	0	890	890	890	890	0	0	100	0	150		1	1	3523051	2	100	3523052	1	100			100	110	200	9	3		9400050	9404010						EF0001	EF_die_01a	EF_ov_01a	959	8000	2				2603	1	10000	15100	1	1000	25023	1	100				12804																	--	0	40級藥水、消耗品組	323	50級武器組--灰	66	55級飾品／守護組--綠	6	--	0		"1,354"	395	342.80%	
	20418	3000	3300125	鷹城	野外段	1023		鸚鵡王			任務中BOSS -D	0	無	平均	56	55	55	1	1	1	mobb0018	2		1.3	0	0.1	0	1	100	80	120	55	15	600	1080	35820	6500	1145	778	130	130	0	0	38	0	130	0	0	0	0	0	856	856	856	856	0	0	125	85	400	100	1	1	3523061	1	100	3523062	2	100			150	220	300	30	5		9400050	9404010						EF0001	EF_die_01b	EF_ov_01a	3356	8000	2	9501	3	4000	2603	1	10000	15109	1	1000	25023	1	100				21740																	一千兩銀票組　	7	40級藥水、消耗品組	323	55級帽子組--灰	75	55級飾品／守護組--綠	6	--	0		"6,024"	412	1462.10%	
	20419	3000	3300126	鷹城	野外段	1024		黑暗小子			野外小怪	0	無	平均	54	54	54	1	1	1	mobb0069	1		1.3	0	0.1	0	1	50	50	80	25	14	108	210	6510	6300	1119	760	126	126	0	0	37	0	126	0	0	0	0	0	836	836	836	836	0	0	100	0	150		0	0	3507021	5	100	3507022	1	100			100	110	200	9	3		9400050	9404010						EF0001	EF_die_01a	EF_ov_01a	918	8000	2				2603	1	10000	15100	1	1000	25023	1	100				8120																	--	0	40級藥水、消耗品組	323	50級武器組--灰	66	55級飾品／守護組--綠	6	--	0		"1,313"	395	332.40%	
	20420	3000	3300127	鷹城	野外段	1024		野戰小子		2.一有仇恨名單就遠距攻擊	野外小怪	1	地	平均	55	55	55	1	1	1	mobb0069b	1		1.3	0	0.1	0	1	50	50	80	25	102	110	214	6602	6400	190	570	128	128	0	0	37	0	128	0	1026	0	0	0	257	257	257	26	0	0	100	0	450		0	0	3507022	1	100						100	350	200	9	3		9400050	9404010						EF0001	EF_die_01a	EF_ov_01a	950	8000	2				2603	1	10000	15109	1	1000	25023	1	100				8058																	--	0	40級藥水、消耗品組	323	55級帽子組--灰	75	55級飾品／守護組--綠	6	--	0		"1,354"	404	335.10%	
	20421	3000	3300128	鷹城	野外段	1024		飛天小子			野外小怪	4	風	平均	55	55	55	1	1	1	mobb0069c	1		1.3	0	0.1	0	1	50	50	80	25	14	110	214	6602	6400	1189	809	128	128	0	0	37	0	128	0	0	0	0	1026	257	257	26	257	0	0	100	0	150		0	0	3242021	2	100	3242022	1	100			125	137	250	9	3		9400050	9404010						EF0001	EF_die_01a	EF_ov_01a	950	8000	2				2603	1	10000	15109	1	1000	25023	1	100				8536																	--	0	40級藥水、消耗品組	323	55級帽子組--灰	75	55級飾品／守護組--綠	6	--	0		"1,354"	404	335.10%	
	20422	3000	3300129	鷹城	野外段	1024		明燈怪			野外強小怪	3	火	平均	57	56	56	1	1	1	mobb0070a	0.4		1.3	0	0.1	0	1	50	50	60	30	14	183	330	10914	6600	1176	799	132	132	0	0	38	0	132	0	0	0	1089	0	273	27	273	273	0	0	100	0	150		1	1	3515031	1	100	3515032	3	100			100	110	200	9	3		9400050	9404010						EF0001	EF_die_01a	EF_ov_01a	1147	8000	2				2603	1	10000	15109	1	1000	25023	1	100				13446																	--	0	40級藥水、消耗品組	323	55級帽子組--灰	75	55級飾品／守護組--綠	6	--	0		"1,551"	404	383.90%	
	20423	3000	3300130	鷹城	野外段	1024		黑暗王			任務中BOSS -E	0	無	平均	59	57	57	1	1	1	mobb0059	1		1.3	0	0.1	0	1	100	100	150	80	15	620	1130	65000	6800	1242	845	136	136	0	0	39	0	136	0	0	0	0	0	930	930	930	930	0	0	140	85	400	100	1	1	3512071	1	100	3512072	1	100			100	110	200	30	5		9400050	9404010						EF0001	EF_die_01b	EF_ov_01a	3700	8000	2	9501	3	4000	2603	1	10000	15111	1	1000	25025	1	100				41364																	一千兩銀票組　	7	40級藥水、消耗品組	323	55級褲子組--灰	78	60級飾品／守護組--綠	8	--	0		"6,581"	416	1582.00%	
	20424	3000	3300131	鷹城	野外段	1024		明燈怪(逃命)			野外小怪	3	火	平均	56	56	56	1	1	1	mobb0070a	0.4		1.3	0	0.1	0	1	50	50	60	30	8	120	216	7164	6500	1145	778	130	130	0	0	38	0	130	0	0	0	1057	0	265	26	265	265	0	0	100	0	150		1	1	3524061	1	100	3524062	3	100			100	110	200	30	3		9400050	9404010						EF0001	EF_die_01a	EF_ov_01a	1102	8000	2				2603	1	10000	15109	1	1000	25023	1	100				8696																	--	0	40級藥水、消耗品組	323	55級帽子組--灰	75	55級飾品／守護組--綠	6	--	0		"1,506"	404	372.80%	
	20425	3000	3300142	鷹城	野外段	1012		滑翔鷹	滑翔鷹	1.衝撞	小怪	0	無	平均	51	51	51	1	1	1	moba0034	1		1.3	0	0.1	0	1	60	35	55	15	101	52	100	3104	6000	1	698	120	120	0	0	35	0	120	0	0	0	0	0	768	768	768	768	0	0	100	0	300		1	1	9290004	1	100						80	110	200	300	3		9400050	9404010						EF0001	EF_die_01a	EF_ov_01a	597	8000																	3683																	--	0	--	0	--	0	--	0	--	0		597	0	0.00%	
	20426	3000	3300136	鷹城	野外段	1024		斑馬兄弟		6.亂跑型怪	小怪	0	無	雷橫	56	56	56	1	1	1	moba0050b	0.1		1.3	0	0.1	0	0	40	40	100	60	106	5	10	10	10	0	809	138	124	0	0	38	0	130	0	0	0	0	0	0	0	0	0	0	0	100	99	100		0	1									800	800	800	300	3		9600050	9604010						EF0001	EF_die_01b	EF_ov_01a	10000	10000																	12																	--	0	--	0	--	0	--	0	--	0		753	0	0.00%	
	20427	3000	3300133	鷹城	野外段	1023		熊王	熊王	3.干擾buf	小怪	0	無	平均	54	54	54	1	1	1	mobb9001	1		1.3	0	0.1	0	0	80	100	90	50	103	54	105	3255	6300	1119	760	126	126	0	0	37	0	126	0	0	0	0	0	836	836	836	836	0	0	100	0	100		0	0	3601003	1	100						150	330	300	300	3		9300050	9304010						EF0001	EF_die_01a	EF_ov_01a	656	8000																	4060																	--	0	--	0	--	0	--	0	--	0		656	0	0.00%	
	20428	3000	3300148	鷹城	野外段	1011		重裝鷹首領	老鷹	8.被招換的王	中BOSS	0	無	平均	50	47	47	1	1	1	moba0029a	2		1.3	0	0.1	0	0	100	100	170	60	15	480	980	28660	5900	1064	723	118	118	0	0	35	0	118	0	0	0	0	0	795	795	795	795	0	0	100	0	300		0	0	3511021	4	100	3511022	1	100			100	110	200	-1	10		9400050	9404010						EF0001	EF_die_01a	EF_ov_01a	4288	8000	2																18035																	--	0	--	0	--	0	--	0	--	0		"4,288"	0	0.00%	
	20429	3000	3300149	鷹城	野外段	1023		大眼蝙蝠首領		8.被招換的王	中BOSS	0	無	平均	56	53	53	1	1	1	moba0091	2		1.3	0	0.1	0	1	100	100	160	50	15	600	1080	35820	6500	1145	778	130	130	0	0	38	0	130	0	0	0	0	0	856	856	856	856	0	0	100	0	300		0	0	4000001	2	100	4000005	1	100			125	137	250	-1	10		9400050	9404010						EF0001	EF_die_01a	EF_ov_01a	6024	8000	2																21740																	--	0	--	0	--	0	--	0	--	0		"6,024"	0	0.00%	
#	貓狗城20501~20600，每張野外段用20號																																																																																																																																					0		0.00%	
	20501	3000	3300046	貓狗城	野外段	1009		布魯喵	鞭炮貓		野外小怪	0	無	平均	45	45	45	1	1	1	moba0015a	0.8		1.3	0	0.1	0	0	40	40	64	24	13	82	180	4960	5400	844	637	108	108	0	0	32	0	108	0	0	0	0	0	701	701	701	701	0	0	100	0	150		0	0	3509011	2	100	3509012	1	100			100	110	200	9	3		9400050	9404010						EF0001	EF_die_01a	EF_ov_01a	464	8000	2				2603	1	10000	15085	1	1000	25018	1	100				5992																	--	0	40級藥水、消耗品組	323	45級帽子組--灰	47	45級飾品／守護組--綠	4	--	0		838	374	224.10%	
	20502	3000	3300056	貓狗城	野外段	1009		小企巴拉	企鵝		野外小怪	4	怕火	平均	45	45	45	1	1	1	moba0100a	0.4		1.3	0	0.1	0	0	40	40	70	20	14	82	180	4960	5400	844	637	108	108	0	0	32	0	108	0	0	0	0	0	176	176	18	176	0	0	100	0	150		0	0	3510011	3	100	3510012	1	100			100	110	200	9	3		9400050	9404010						EF0001	EF_die_01a	EF_ov_01a	464	8000	2				2603	1	10000	15085	1	1000	25018	1	100				5992																	--	0	40級藥水、消耗品組	323	45級帽子組--灰	47	45級飾品／守護組--綠	4	--	0		838	374	224.10%	
	20503	3000	3300036	貓狗城	野外段	1009		野樓喵	鞭炮貓	4.裝死	野外小怪	2	怕地	平均	46	46	46	1	1	1	moba0015c	0.8		1.3	0	0.1	0	0	40	40	64	24	104	90	184	5368	5500	821	618	110	110	0	0	33	0	110	0	0	0	0	0	18	182	182	182	0	0	100	0	150		1	0	3509011	5	100	9907	1	100			125	137	250	9	3		9400050	9404010						EF0001	EF_die_01a	EF_ov_01a	563	8000	2				2603	1	10000	15085	1	1000	25018	1	100				6136																	--	0	40級藥水、消耗品組	323	45級帽子組--灰	47	45級飾品／守護組--綠	4	--	0		937	374	250.50%	
	20504	3000	3300045	貓狗城	野外段	1009		滾音喵	鞭炮貓	5.速逃	野外小怪	0	無	平均	46	46	46	1	1	1	moba0015b	0.8		1.3	0	0.1	0	0	40	40	64	24	105	90	184	5368	5500	821	618	110	110	0	0	33	0	110	0	0	0	0	0	680	680	680	680	0	0	100	0	150		1	1	3509011	3	100	3509042	1	100			125	350	250	9	3		9400050	9404010						EF0001	EF_die_01a	EF_ov_01a	563	8000	2				2603	1	10000	15085	1	1000	25018	1	100				6136																	--	0	40級藥水、消耗品組	323	45級帽子組--灰	47	45級飾品／守護組--綠	4	--	0		937	374	250.50%	
	20505	3000	3300049	貓狗城	野外段	1009		喜洋洋	鞭炮貓		任務中BOSS -F	3	火	雷橫	51	50	47	1	1	1	mobb0015	2		1.3	0	0.1	0	0	80	80	140	50	15	624	880	37248	5280	1110	726	127	114	0	0	35	0	120	0	0	0	816	0	212	21	212	212	0	0	115	80	150	100	1	1	3509051	3	100	3509052	1	100			150	220	300	30	5		9400050	9404010						EF0001	EF_die_01b	EF_ov_01a	2606	8000	2	9501	2	4000	2603	1	10000	15087	1	1000	25020	1	100				22266																	一千兩銀票組　	5	40級藥水、消耗品組	323	45級褲子組--灰	49	50級飾品／守護組--綠	5	--	0		"4,779"	381	1254.30%	
	20506	3000	3300057	貓狗城	野外段	1010		賓古	企鵝		野外小怪	4	怕火	平均	47	47	47	1	1	1	moba0100a	0.4		1.3	0	0.1	0	0	40	40	70	20	13	90	186	5452	5600	847	638	112	112	0	0	33	0	112	0	0	0	0	0	188	188	19	188	0	0	100	0	150		0	0	3510011	3	100	3510012	1	100			100	110	200	9	3		9400050	9404010						EF0001	EF_die_01a	EF_ov_01a	593	8000	2				2603	1	10000	15087	1	1000	25020	1	100				6362																	--	0	40級藥水、消耗品組	323	45級褲子組--灰	49	50級飾品／守護組--綠	5	--	0		969	376	257.70%	
	20507	3000	3300059	貓狗城	野外段	1010		土狗	土井木狗	5.速逃	野外小怪	0	無	平均	47	47	47	1	1	1	moba0005b	1.2		1.3	0	0.1	0	0	48	48	54	24	105	90	186	5452	5600	847	638	112	112	0	0	33	0	112	0	0	0	0	0	702	702	702	702	0	0	100	0	150		0	0	3510021	3	100	3510022	1	100			100	350	200	9	3		9400050	9404010						EF0001	EF_die_01a	EF_ov_01a	593	8000	2				2603	1	10000	15087	1	1000	25020	1	100				6362																	--	0	40級藥水、消耗品組	323	45級褲子組--灰	49	50級飾品／守護組--綠	5	--	0		969	376	257.70%	
	20508	3000	3300058	貓狗城	野外段	1010		俠客	黑井木狗		野外小怪	0	無	平均	48	48	48	1	1	1	moba0005a	1.2		1.3	0	0.1	0	0	48	48	54	24	14	92	190	5544	5700	873	658	114	114	0	0	34	0	114	0	0	0	0	0	724	724	724	724	0	0	100	0	150		0	0	3510021	1	100	3510022	1	100			125	137	250	9	3		9400050	9404010						EF0001	EF_die_01a	EF_ov_01a	625	8000	2				2603	1	10000	15086	1	1000	25020	1	100				6592																	--	0	40級藥水、消耗品組	323	45級上衣組--灰	50	50級飾品／守護組--綠	5	--	0		"1,003"	378	265.30%	
	20509	3000	3300044	貓狗城	野外段	1010		古哥	井木狗		野外強小怪	0	無	平均	49	48	48	1	1	1	moba0005	1.2		1.3	0	0.1	0	0	48	48	54	24	14	141	291	8460	5800	899	678	116	116	0	0	34	0	116	0	0	0	0	0	746	746	746	746	0	0	100	0	150		1	1	3510021	2	100	3510022	3	100			125	137	250	9	3		9400050	9404010						EF0001	EF_die_01a	EF_ov_01a	659	8000	2				2603	1	10000	15086	1	1000	25020	1	100				10239																	--	0	40級藥水、消耗品組	323	45級上衣組--灰	50	50級飾品／守護組--綠	5	--	0		"1,037"	378	274.30%	
	20510	3000	3300050	貓狗城	野外段	1010		企鵝波波	企鵝王		野外中BOSS -D	2	水	孫二娘	54	52	49	1	1	1	moba0100	1		1.3	0	0.1	0	0	100	100	180	70	15	886	2415	53382	7245	1119	760	126	120	0	0	37	0	126	0	0	967	0	0	24	242	242	242	0	0	125	70	300	100	1	1	3510051	3	100	3510052	1	100			125	137	250	1800	5		9400050	9404010						EF0001	EF_die_01b	EF_ov_01a	25180	8000	2	9501	22	4000	2707	1	10000	16070	1	10000	26020	1	1000				33292																	一千兩銀票組　	53	40級技能卷軸組4-5	485	45級武器組--綠	519	50級飾品／守護組--綠	49	--	0		"52,517"	"1,105"	4752.70%	
	20511	3000	3300111	貓狗城	野外段	1021		黑拉拉	黑井木狗	4.裝死	野外小怪	1	地	平均	49	49	49	1	1	1	moba0005a	1.2		1.3	0	0.1	0	0	48	48	54	24	104	94	194	5640	5800	899	678	116	116	0	0	34	0	116	0	803	0	0	0	201	201	201	20	0	0	100	0	150		1	0	3510021	5	100	9907	1	100			100	110	200	9	3		9400050	9404010						EF0001	EF_die_01a	EF_ov_01a	657	8000	2				2603	1	10000	15088	1	1000	25020	1	100				6826																	--	0	40級藥水、消耗品組	323	45級武器組--灰	52	50級飾品／守護組--綠	5	--	0		"1,037"	380	272.90%	
	20512	3000	3300112	貓狗城	野外段	1021		草喵喵	鞭炮貓		野外小怪	4	怕火	平均	49	49	49	1	1	1	moba0015b	0.8		1.3	0	0.1	0	0	40	40	64	24	14	94	194	5640	5800	899	678	116	116	0	0	34	0	116	0	0	0	0	0	201	201	20	201	0	0	100	0	150		0	0	3509011	3	100	3509012	1	100			100	110	200	9	3		9400050	9404010						EF0001	EF_die_01a	EF_ov_01a	657	8000	2				2603	1	10000	15088	1	1000	25020	1	100				6826																	--	0	40級藥水、消耗品組	323	45級武器組--灰	52	50級飾品／守護組--綠	5	--	0		"1,037"	380	272.90%	
	20513	3000	3300113	貓狗城	野外段	1021		黑心獵人	逃兵		野外小怪	4	風	平均	51	51	50	1	1	1	moba9102	1		1.3	0	0.1	0	0	50	50	80	30	14	104	200	6208	6000	1028	698	120	120	0	0	35	0	120	0	0	0	0	881	221	221	22	221	0	0	100	0	150		0	0	3521031	2	100	3521032	1	100			125	137	250	9	3		9400050	9404010						EF0001	EF_die_01a	EF_ov_01a	807	8000	2				2603	1	10000	15097	1	1000	25020	1	100				7366																	--	0	40級藥水、消耗品組	323	50級帽子組--灰	60	50級飾品／守護組--綠	5	--	0		"1,195"	388	308.00%	
	20514	3000	3300114	貓狗城	野外段	1021		黑心射手	逃兵	2.一有仇恨名單就遠距攻擊	野外小怪	3	怕水	平均	52	52	51	1	1	1	moba9102a	1		1.3	0	0.1	0	0	50	50	80	30	102	106	204	6302	6100	310	524	122	122	0	0	36	0	122	0	0	0	0	0	228	23	228	228	0	0	100	0	450		1	1	3519041	1	100	3519042	1	100			125	350	250	9	3		9400050	9404010						EF0001	EF_die_01a	EF_ov_01a	845	8000	2				2603	1	10000	15097	1	1000	25020	1	100				7224																	--	0	40級藥水、消耗品組	323	50級帽子組--灰	60	50級飾品／守護組--綠	5	--	0		"1,233"	388	317.80%	
	20515	3000	3300115	貓狗城	野外段	1021		白熊斯農	白熊		野外中BOSS -D	2	水	雷橫	57	55	52	1	1	1	moba9003	1		1.3	0	0.1	0	0	150	150	160	80	15	1464	1936	87312	5808	1270	831	140	125	0	0	38	0	132	0	0	1008	0	0	26	262	262	262	0	0	125	70	150	100	1	1	3521051	2	100	3521052	1	100			150	220	300	1800	5		9400050	9404010						EF0001	EF_die_01b	EF_ov_01a	29761	8000	2	9501	25	4000	2708	1	10000	16077	1	10000	26023	1	1000				54168																	一千兩銀票組　	60	40級武、防卷軸組	536	50級上衣組--綠	636	55級飾品／守護組--綠	62	--	0		"62,052"	"1,294"	4795.40%	
	20516	3000	3300116	貓狗城	野外段	1022		海咪咪	鞭炮貓		野外小怪	4	怕火	平均	52	52	52	1	1	1	moba0015a	0.8		1.3	0	0.1	0	0	40	40	64	24	13	106	204	6302	6100	1059	719	122	122	0	0	36	0	122	0	0	0	0	0	228	228	23	228	0	0	100	0	150		0	0	3509011	3	100	3509012	1	100			100	110	200	9	3		9400050	9404010						EF0001	EF_die_01a	EF_ov_01a	780	8000	2	90094	1	1000	2603	1	10000	15099	1	1000	25023	1	100				7614																	鞭炮(52)	62	40級藥水、消耗品組	323	50級褲子組--灰	62	55級飾品／守護組--綠	6	--	0		"1,233"	453	272.20%	
	20517	3000	3300117	貓狗城	野外段	1022		黃金喵	鞭炮貓		野外小怪	0	無	雷橫	52	52	52	1	1	1	moba0015c	0.8		1.3	0	0.1	0	0	40	40	64	24	14	127	180	7562	5368	1144	748	129	116	0	0	36	0	122	0	0	0	0	0	761	761	761	761	0	0	100	0	150		0	0	3509011	2	100	3509012	1	100			100	110	200	9	3		9400050	9404010						EF0001	EF_die_01a	EF_ov_01a	780	8000	2	90094	1	1000	2603	1	10000	15099	1	1000	25023	1	100				9206																	鞭炮(52)	62	40級藥水、消耗品組	323	50級褲子組--灰	62	55級飾品／守護組--綠	6	--	0		"1,233"	453	272.20%	
	20518	3000	3300118	貓狗城	野外段	1022		土棕狗	土井木狗		野外小怪	0	無	戴宗	53	53	53	1	1	1	moba0005b	1.2		1.3	0	0.1	0	0	48	48	54	24	14	84	216	5008	6510	1044	679	119	136	0	0	36	0	124	0	0	0	0	0	883	883	883	883	0	0	100	0	150		0	0	3510021	1	100	3510022	1	100			125	137	250	9	3		9400050	9404010						EF0001	EF_die_01a	EF_ov_01a	815	8000	2	90095	1	1000	2603	1	10000	15098	1	1000	25023	1	100				6041																	甜死人冰淇淋(54)	66	40級藥水、消耗品組	323	50級上衣組--灰	64	55級飾品／守護組--綠	6	--	0		"1,273"	458	277.90%	
	20519	3000	3300119	貓狗城	野外段	1022		比熊犬	白井木狗		野外強小怪	2	水	林沖	55	54	54	1	1	1	moba0005	1.2		1.3	0	0.1	0	0	48	48	54	24	14	165	289	9903	5760	1237	874	133	141	0	0	37	0	128	0	0	987	0	0	24	238	238	238	0	0	100	0	150		1	1	3510021	2	100	3510022	3	100			125	137	250	9	3		9400050	9404010						EF0001	EF_die_01a	EF_ov_01a	894	8000	2	90095	1	1000	2603	1	10000	15100	1	1000	25023	1	100				12999																	甜死人冰淇淋(54)	66	40級藥水、消耗品組	323	50級武器組--灰	66	55級飾品／守護組--綠	6	--	0		"1,354"	460	294.30%	
	20520	3000	3300120	貓狗城	野外段	1022		雪女	陽春		任務中BOSS -D	4	風	孫二娘	59	58	55	1	1	1	npc0004	2		1.3	0	0.1	0	0	90	90	155	60	15	508	1300	30668	7820	1242	845	136	129	0	0	39	0	136	0	0	0	0	1156	289	289	29	289	0	0	125	85	300	100	1	1	3522051	3	100	3522052	1	100			125	137	250	30	5		9400050	9404010						EF0001	EF_die_01b	EF_ov_01a	3704	8000	2	9501	3	4000	2603	1	10000	15109	1	1000	25023	1	100				19516																	一千兩銀票組　	7	40級藥水、消耗品組	323	55級帽子組--灰	75	55級飾品／守護組--綠	6	--	0		"6,581"	412	1597.30%	
	20521	3000	3300143	兔子城	野外	1014		瘋狂刺薯	坦克兔	1.衝撞	小怪	0	無	雷橫	46	46	46	1	1	1	moba0002c	1		1.3	0	0.1	0	0	100	100	100	60	101	5	10	3221	4840	1	643	117	105	0	0	33	0	110	0	0	0	0	0	0	0	0	0	0	0	100	0	300		1	1	9290004	1	100						80	110	200	300	3		9600050	9604010						EF0001	EF_die_01b	EF_ov_01a	10000	10000																	3712																	--	0	--	0	--	0	--	0	--	0		468	0	0.00%	
	20522	3000	3300136	貓狗城	野外段	1022		斑馬兄弟		6.亂跑型怪	小怪	0	無	雷橫	54	54	54	1	1	1	moba0050b	0.1		1.3	0	0.1	0	0	40	40	100	60	106	5	10	10	10	0	790	134	120	0	0	37	0	126	0	0	0	0	0	0	0	0	0	0	0	100	99	100		0	1									800	800	800	300	3		9600050	9604010						EF0001	EF_die_01b	EF_ov_01a	10000	10000																	13																	--	0	--	0	--	0	--	0	--	0		656	0	0.00%	
	20523	3000	3300133	貓狗城	野外段	1022		熊王	熊王	3.干擾buf	小怪	0	無	平均	54	54	54	1	1	1	mobb9001	1		1.3	0	0.1	0	0	80	100	90	50	103	54	105	3255	6300	1119	760	126	126	0	0	37	0	126	0	0	0	0	0	836	836	836	836	0	0	100	0	100		0	0	3601003	1	100						150	330	300	300	3		9300050	9304010						EF0001	EF_die_01a	EF_ov_01a	656	8000																	4060																	--	0	--	0	--	0	--	0	--	0		656	0	0.00%	
	20524	3000	3300150	貓狗城	野外段	1009		野樓喵首領	鞭炮貓	8.被招換的王	中BOSS	2	怕地	平均	49	46	46	1	1	1	moba0015c	2.4		1.3	0	0.1	0	0	140	140	200	100	15	470	970	28200	5800	899	678	116	116	0	0	34	0	116	0	0	0	0	0	20	201	201	201	0	0	100	0	300		1	1	3509011	3	100	3509042	1	100			125	137	250	-1	10		9400050	9404010						EF0001	EF_die_01a	EF_ov_01a	4148	8000	2																17065																	--	0	--	0	--	0	--	0	--	0		"4,148"	0	0.00%	
	20525	3000	3300151	貓狗城	野外段	1021		黑心射手首領	逃兵	8.被招換的王	中BOSS	3	怕水	平均	54	51	51	1	1	1	moba9102	2		1.3	0	0.1	0	0	100	100	160	60	15	540	1050	32550	6300	1119	760	126	126	0	0	37	0	126	0	0	0	0	0	242	24	242	242	0	0	100	0	300		0	0	3521031	2	100	3521032	1	100			125	137	250	-1	10		9400050	9404010						EF0001	EF_die_01a	EF_ov_01a	5252	8000	2																20300																	--	0	--	0	--	0	--	0	--	0		"5,252"	0	0.00%	
#	九層塔用25001~30000																																																																																																																																					0		0.00%	
	25001	3000	3300018	兔城	九層塔	4004		吹砲象	大象坦克		九層塔中BOSS	2	水	雷橫	27	25	25	1	1	1	moba0032	0.5		1.3	0	0.1	0	1	150	150	150	120	3	288	528	17100	3168	340	356	76	68	0	0	23	0	72	0	0	290	0	0	8	75	75	75	0	0	110	0	300	100	1	1	3218012	1	100	3503052	2	100			90	99	180	1800	3		9400050	9404010						EF0001	EF_die_01b	EF_ov_01a	6121	8000	1	1006	1	500													14628																	九層塔鑰匙	0	--	0	--	0	--	0	--	0		"6,121"	0	0.00%	"6,121"
	25002	3000	3300014	兔城	九層塔	4004		捲捲龍	變色龍小兵		九層塔小怪	0	無	平均	26	25	25	1	1	1	moba0007	1.5		1.3	0	0.1	0	1	80	50	50	30	3	69	174	4179	3500	281	326	70	70	0	0	23	0	70	0	0	0	0	0	359	359	359	359	0	0	100	0	150		0	0	3019053	3	100	3019054	1	100			150	165	300	9	3		9400050	9404010						EF0001	EF_die_01a	EF_ov_01a	0	0																	3408																	--	0	--	0	--	0	--	0	--	0		0	0	0.00%	
	25003	3000	3300015	兔城	九層塔	4004		砲砲龍	變色坦克(中刺砲)		九層塔小怪	3	怕水	平均	27	26	26	1	1	1	moba0008	1.5		1.3	0	0.1	0	0	75	75	110	53	3	72	180	4275	3600	315	342	72	72	0	0	23	0	72	0	0	0	0	0	79	8	79	79	0	0	100	0	150		0	0	3019113	1	100	3019114	3	100			80	88	160	9	3		9400050	9404010				60	60	EF0001	EF_die_01a	EF_ov_01a	0	0																	3615																	--	0	--	0	--	0	--	0	--	0		0	0	0.00%	
	25004	3000	3300016	兔城	九層塔	4004		抽抽象	皺鼻象		九層塔小怪	0	無	雷橫	28	27	27	1	1	1	moba0087	0.5		1.3	0	0.1	0	0	125	90	100	75	3	86	164	5278	3256	367	370	78	70	0	0	24	0	74	0	0	0	0	0	377	377	377	377	0	0	100	0	150		0	0	3218011	3	100	3218012	1	100			120	132	240	9	3		9400050	9404010						EF0001	EF_die_01a	EF_ov_01a	0	0																	4637																	--	0	--	0	--	0	--	0	--	0		0	0	0.00%	
	25005	3000	3300017	兔城	九層塔	4004		紅巾寶	糧食站象軍長		九層塔小怪	0	無	雷橫	29	28	28	1	1	1	moba0031d	0.5		1.3	0	0.1	0	0	110	125	130	75	3	90	166	5432	3344	410	385	81	72	0	0	24	0	76	0	0	0	0	0	391	391	391	391	0	0	100	0	300		1	1	3218021	1	100	3218022	3	100			100	110	200	9	3		9400050	9404010						EF0001	EF_die_01a	EF_ov_01a	0	0																	4896																	--	0	--	0	--	0	--	0	--	0		0	0	0.00%	
	25006	3000	3300019	兔城	九層塔	4004		象宰相	糧食站象軍長		九層塔中BOSS	3	火	雷橫	31	29	29	1	1	1	moba0031e	1		1.3	0	0.1	0	0	200	200	280	120	3	336	590	20004	3520	495	411	85	76	0	0	25	0	80	0	0	0	356	0	92	9	92	92	0	0	110	0	150	100	1	1	3221011	1	100	3221012	4	100			150	165	300	1800	3		9400050	9404010						EF0001	EF_die_01b	EF_ov_01a	8112	8000	1	1006	1	500													18672																	九層塔鑰匙	0	--	0	--	0	--	0	--	0		"8,112"	0	0.00%	
	25007	3000	3300075	兔城	九層塔	4004		綠蜻蜓			九層塔小怪	4	怕火	平均	30	29	29	1	1	1	moba9104a	2		1.3	0	0.1	0	0	60	60	120	30	3	78	195	4644	3900	425	399	78	78	0	0	25	0	78	0	0	0	0	0	92	92	9	92	0	0	100	0	150		0	0	4000001	2	100	4000005	1	100			150	165	300	9	3		9400050	9404010						EF0001	EF_die_01a	EF_ov_01a	0	0																	4449																	--	0	--	0	--	0	--	0	--	0		0	0	0.00%	
	25008	3000	3300076	兔城	九層塔	4004		青青象			九層塔小怪	0	無	平均	31	30	30	1	1	1	moba0031c	0.3		1.3	0	0.1	0	0	70	60	60	40	3	84	201	5001	4000	458	395	80	80	0	0	25	0	80	0	0	0	0	0	435	435	435	435	0	0	100	0	150		0	0	4000001	3	100	3218001	2	100			150	165	300	9	3		9400050	9404010						EF0001	EF_die_01a	EF_ov_01a	0	0																	4620																	--	0	--	0	--	0	--	0	--	0		0	0	0.00%	
	25009	3000	3300077	兔城	九層塔	4004		嚇綠鬼			九層塔小怪	3	怕水	平均	31	30	30	1	1	1	mobb0070	0.4		1.3	0	0.1	0	0	40	40	60	25	3	84	201	5001	4000	458	395	80	80	0	0	25	0	80	0	0	0	0	0	96	10	96	96	0	0	100	0	150		0	1	3515031	1	100	3515032	2	100			120	132	240	9	3		9400050	9404010						EF0001	EF_die_01a	EF_ov_01a	0	0																	4620																	--	0	--	0	--	0	--	0	--	0		0	0	0.00%	
	25010	3000	3350001	兔城	九層塔	4004		九層塔	食人花		任務大BOSS	1	地	平均	33	30	30	1	1	1	mobb0010b	1		1.1	0	0.1	0	0	280	280	300	150	3	580	1000	34920	4200	400	426	84	84	0	0	26	0	84	0	416	0	0	0	104	104	104	10	0	0	300	50	300	85	1	1	8500111	4	100	8500112	1	100			90	99	180	3600	10		9400050	9404010						EF0001	EF_die_01b	EF_ov_01a	11127	10000	1	1006	1	1000													16990																	九層塔鑰匙	1	--	0	--	0	--	0	--	0		"17,805"	1	1780500.00%	
	25011	3000	3350002	兔城	九層塔	4004		[紫裝]林沖	林沖		大BOSS	4	風	林沖	35	30	30	1	1	1	pc_boss01e	1.2		1.3	0	0.1	0	0	80	80	120	50	3	600	1314	36500	3960	571	513	92	97	0	0	27	0	88	0	0	0	0	446	107	107	11	107	0	0	100	0	500	85	1	1	103	5	100	104	5	100			100	110	200	1800	3		9400050	9404010						EF0001	EF_die_01b	EF_ov_01a	18565	8000	3	5631	3	10000	5701	2	10000	19025	1	10000	29018	1	1000	19351	1	2500	19720																	九層塔通用大絕組-25級	381	變身糖果 - 林沖	254	30級帽子組--綠	203	30級飾品／守護組--綠	15	35級紫裝組--1.林沖	61		"19,479"	914	2131.20%	
	25012	3000	3350003	兔城	九層塔	4004		[紫裝]雷橫	雷橫		大BOSS	3	火	雷橫	35	30	30	1	1	1	pc_boss02e	1.2		1.3	0	0.1	0	0	80	80	120	50	3	720	1285	43800	3872	593	494	93	84	0	0	27	0	88	0	0	0	430	0	112	11	112	112	0	0	100	0	500	85	1	1	203	5	100	204	5	100			100	110	200	1800	3		9400050	9404010						EF0001	EF_die_01b	EF_ov_01a	18565	8000	3	5631	3	10000	5702	2	10000	19025	1	10000	29018	1	1000	19352	1	2500	23436																	九層塔通用大絕組-25級	381	變身糖果 - 雷橫	254	30級帽子組--綠	203	30級飾品／守護組--綠	15	35級紫裝組--2.雷橫	61		"19,479"	914	2131.20%	
	25013	3000	3350004	兔城	九層塔	4004		[紫裝]孫二娘	孫二娘		大BOSS	2	水	孫二娘	35	30	30	1	1	1	pc_boss03e	1.2		1.3	0	0.1	0	0	80	80	120	50	3	492	1679	29930	5060	549	475	88	84	0	0	27	0	88	0	0	464	0	0	12	116	116	116	0	0	100	0	500	85	1	1	303	5	100	304	5	100			100	110	200	1800	3		9400050	9404010						EF0001	EF_die_01b	EF_ov_01a	18565	8000	3	5631	3	10000	5703	2	10000	19025	1	10000	29018	1	1000	19353	1	2500	15859																	九層塔通用大絕組-25級	381	變身糖果 - 孫二娘	254	30級帽子組--綠	203	30級飾品／守護組--綠	15	35級紫裝組--3.孫二娘	61		"19,479"	914	2131.20%	
	25014	3000	3350005	兔城	九層塔	4004		[紫裝]戴宗	戴宗		大BOSS	1	地	戴宗	35	30	30	1	1	1	pc_boss04e	1.2		1.3	0	0.1	0	0	80	80	120	50	3	468	1533	28470	4620	527	437	84	97	0	0	27	0	88	0	483	0	0	0	126	126	126	13	0	0	100	0	500	85	1	1	403	5	100	404	5	100			100	110	200	1800	3		9400050	9404010						EF0001	EF_die_01b	EF_ov_01a	18333	8000	3	5631	3	10000	5704	2	10000	19025	1	10000	29018	1	1000	19354	1	2500	14789																	九層塔通用大絕組-25級	381	變身糖果 - 戴宗	486	30級帽子組--綠	203	30級飾品／守護組--綠	15	35級紫裝組--4.戴宗	61		"19,479"	"1,146"	1699.70%	
	25015	3000	3350006	兔城	九層塔	4004		[紫裝]史進	史進		大BOSS	4	風	林沖	35	30	30	1	1	1	pc_boss05e	1.2		1.3	0	0.1	0	0	80	80	120	50	3	600	1314	36500	3960	571	513	92	97	0	0	27	0	88	0	0	0	0	446	107	107	11	107	0	0	100	0	500	85	1	1	503	5	100	504	5	100			100	110	200	1800	3		9400050	9404010						EF0001	EF_die_01b	EF_ov_01a	18333	8000	3	5631	3	10000	5705	2	10000	19025	1	10000	29018	1	1000	19355	1	2500	19720																	九層塔通用大絕組-25級	381	變身糖果 - 史進	486	30級帽子組--綠	203	30級飾品／守護組--綠	15	35級紫裝組--5.史進	61		"19,479"	"1,146"	1699.70%	
	25016	3000	3350007	兔城	九層塔	4004		[紫裝]黑旋風	黑旋風		大BOSS	3	火	雷橫	35	30	30	1	1	1	pc_boss06e	1.2		1.3	0	0.1	0	0	80	80	120	50	3	720	1285	43800	3872	593	494	93	84	0	0	27	0	88	0	0	0	430	0	112	11	112	112	0	0	100	0	500	85	1	1	603	5	100	604	5	100			100	110	200	1800	3		9400050	9404010						EF0001	EF_die_01b	EF_ov_01a	18333	8000	3	5631	3	10000	5706	2	10000	19025	1	10000	29018	1	1000	19356	1	2500	23436																	九層塔通用大絕組-25級	381	變身糖果 - 李逵	486	30級帽子組--綠	203	30級飾品／守護組--綠	15	35級紫裝組--6.李逵	61		"19,479"	"1,146"	1699.70%	
	25017	3000	3350008	兔城	九層塔	4004		[紫裝]顧大嫂	顧大嫂		大BOSS	2	水	孫二娘	35	30	30	1	1	1	pc_boss07e	1.2		1.3	0	0.1	0	0	80	80	120	50	3	492	1679	29930	5060	549	475	88	84	0	0	27	0	88	0	0	464	0	0	12	116	116	116	0	0	100	0	500	85	1	1	703	5	100	704	5	100			100	110	200	1800	3		9400050	9404010						EF0001	EF_die_01b	EF_ov_01a	17981	8000	3	5631	3	10000	5707	2	10000	19025	1	10000	29018	1	1000	19357	1	2500	15859																	九層塔通用大絕組-25級	381	變身糖果 - 顧大嫂	838	30級帽子組--綠	203	30級飾品／守護組--綠	15	35級紫裝組--7.顧大嫂	61		"19,479"	"1,498"	1300.30%	
	25018	3000	3350009	兔城	九層塔	4004		[紫裝]花榮	花榮		大BOSS	1	地	戴宗	35	30	30	1	1	1	pc_boss08e	1.2		1.3	0	0.1	0	0	80	80	120	50	3	468	1533	28470	4620	527	437	84	97	0	0	27	0	88	0	483	0	0	0	126	126	126	13	0	0	100	0	500	85	1	1	803	5	100	804	5	100			100	110	200	1800	3		9400050	9404010						EF0001	EF_die_01b	EF_ov_01a	17981	8000	3	5631	3	10000	5708	2	10000	19025	1	10000	29018	1	1000	19358	1	2500	14789																	九層塔通用大絕組-25級	381	變身糖果 - 花榮	838	30級帽子組--綠	203	30級飾品／守護組--綠	15	35級紫裝組--8.花榮	61		"19,479"	"1,498"	1300.30%	
	25019	3000	6100000		九層塔	4004		傳點NPC				0	無	戴宗	35	30	30	0	0	0	BF0007	2		1	0	0	0	1	230	100	320	100	1001			6000	0	527	1000	84	97	0	0	27	0	88	0									0	0		0		100	1	1												-1	5		5010050							EF0001	EF_die_01b	EF_ov_01a	0	0																	0																	--	0	--	0	--	0	--	0	--	0		0	0	0.00%	
	25020	3000	6100000		九層塔	4004		傳點NPC				0	無	戴宗	35	30	30	0	0	0	exit	1		1	0	0	0	1	230	100	320	100	1001			6000	0	527	1000	84	97	0	0	27	0	88	0									0	0		0		100	1	1												-1	5		5010050							EF0001	EF_die_01b	EF_ov_01a	0	0																	0																	--	0	--	0	--	0	--	0	--	0		0	0	0.00%	
	25021	3000	6100000		九層塔	4004		蠟燭NPC				0	無	戴宗	35	30	30	0	0	0	se02r001_005	3		1	0	0	0	1	230	100	320	100	1001			6000	0	527	1000	84	97	0	0	27	0	88	0									0	0		0		100	1	1												-1	5		5010050							EF0001	EF_die_01b	EF_ov_01a	0	0																	0																	--	0	--	0	--	0	--	0	--	0		0	0	0.00%	
	25022	3000	3300077		九層塔30~35	4004		嚇綠鬼			九層塔小怪	3	怕水	平均	32	31	31	1	1	1	mobb0070	0.4		1.3	0	0.1	0	0	40	40	60	25	3	84	204	5112	4100	476	411	82	82	0	0	26	0	82	0	0	0	0	0	100	10	100	100	0	0	100	0	150		0	1	3515031	1	100	3515032	2	100			100	110	200	9	3		9400050	9404010						EF0001	EF_die_01a	EF_ov_01a	0	0																	4857																	--	0	--	0	--	0	--	0	--	0		0	0	0.00%	
	25023	3000	3300076		九層塔30~35	4004		青青象			九層塔小怪	0	無	平均	32	31	31	1	1	1	moba0031c	0.3		1.3	0	0.1	0	0	70	60	60	40	3	84	204	5112	4100	476	411	82	82	0	0	26	0	82	0	0	0	0	0	452	452	452	452	0	0	100	0	150		0	0	4000001	3	100	3218001	2	100			150	165	300	9	3		9400050	9404010						EF0001	EF_die_01a	EF_ov_01a	0	0																	4857																	--	0	--	0	--	0	--	0	--	0		0	0	0.00%	
	25024	3000	3300078		九層塔30~35	1015		西瓜大盜			九層塔小怪	4	風	孫二娘	33	32	32	1	1	1	moba0007b	2		1.2	0	0.1	0	0	100	100	80	70	3	71	242	4295	4830	494	426	84	80	0	0	26	0	84	0	0	0	0	416	104	104	10	104	0	0	100	0	150		1	1	3019055	3	100	3019056	1	100			150	165	300	9	3		9400050	9404010						EF0001	EF_die_01a	EF_ov_01a	0	0																	4179																	--	0	--	0	--	0	--	0	--	0		0	0	0.00%	
	25025	3000	3300079		九層塔30~35	1015		西瓜大嬸			九層塔中BOSS	1	地	戴宗	34	32	32	1	1	1	moba0032i	0.7		1.3	0	0.1	0	1	180	180	180	120	3	234	756	13931	4515	492	407	83	95	0	0	27	0	86	0	451	0	0	0	118	118	118	12	0	0	110	0	150	100	1	1	3515052	3	100	3222052	1	100			100	110	200	1800	3		9400050	9404010						EF0001	EF_die_01b	EF_ov_01a	9315	8000	1	1007	1	500													13627																	九層塔鑰匙	0	--	0	--	0	--	0	--	0		"9,315"	0	0.00%	
	25026	3000	3300080		九層塔30~35	1016		藍象勇士	藍象		九層塔小怪	2	水	雷橫	32	32	32	1	1	1	moba0031a	0.6		1.3	0	0.1	0	1	130	110	130	80	3	101	34	6134	3608	514	427	87	78	0	0	26	0	82	0	0	370	0	0	10	96	96	96	0	0	100	0	150		0	0	4000011	2	100	4000015	1	100			100	110	200	9	3		9400050	9404010						EF0001	EF_die_01a	EF_ov_01a	0	0																	5886																	--	0	--	0	--	0	--	0	--	0		0	0	0.00%	
	25027	3000	3300082		九層塔30~35	1016		綠象勇士	綠象		九層塔小怪	1	怕風	雷橫	34	34	34	1	1	1	moba0031c	0.8		1.3	0	0.1	0	0	150	130	150	90	3	108	36	6430	3784	553	460	91	82	0	0	27	0	86	0	0	0	0	0	104	104	104	10	0	0	100	0	150		0	0	3218021	3	100	3218022	1	100			100	110	200	9	3		9400050	9404010						EF0001	EF_die_01a	EF_ov_01a	0	0																	6480																	--	0	--	0	--	0	--	0	--	0		0	0	0.00%	
	25028	3000	3300083		九層塔30~35	1016		紅象勇士	紅象		九層塔小怪	3	火	雷橫	35	35	35	1	1	1	moba0031	0.8		1.3	0	0.1	0	0	150	130	150	90	3	108	36	6570	3872	593	494	93	84	0	0	27	0	88	0	0	0	430	0	112	11	112	112	0	0	100	0	150		1	1	3218021	3	100	3218022	2	100			120	132	240	9	3		9400050	9404010						EF0001	EF_die_01a	EF_ov_01a	0	0																	7031																	--	0	--	0	--	0	--	0	--	0		0	0	0.00%	
	25029	3000	3300084		九層塔30~35	1016		巨鎚酋長	象天王		九層塔中BOSS	4	風	林沖	38	36	36	1	1	1	moba0032j	0.9		1.3	0	0.1	0	0	190	160	210	90	5	340	702	20520	4230	693	541	98	103	0	0	29	0	94	0	0	0	0	500	120	120	12	120	0	0	110	0	400	100	1	1	3516051	1	100	3516052	4	100			125	137	250	30	3		9400050	9404010						EF0001	EF_die_01b	EF_ov_01a	2383	8000	1	1007	1	500													22190																	九層塔鑰匙	0	--	0	--	0	--	0	--	0		"2,383"	0	0.00%	
	25030	3000	3300107		九層塔45~50	1020		黑紫螫針	紫蠍尾		九層塔小怪	1	地	平均	46	45	45	1	1	1	moba0072	1		1.3	0	0.1	0	1	80	80	90	40	3	135	276	8052	5500	821	618	110	110	0	0	33	0	110	0	728	0	0	0	182	182	182	18	0	0	100	0	500	10	0	0	3520021	1	100	3520022	2	100			100	110	200	9	3		9400050	9404010						EF0001	EF_die_01a	EF_ov_01a	0	0																	9204																	--	0	--	0	--	0	--	0	--	0		0	0	0.00%	
	25031	3000	3300038		九層塔45~50	1011		神風鳥	火箭鳥		九層塔小怪	0	無	平均	47	46	46	1	1	1	moba0030	1		1.3	0	0.1	0	0	50	50	80	25	3	135	279	8178	5600	847	638	112	112	0	0	33	0	112	0	0	0	0	0	702	702	702	702	0	0	100	0	150		0	0	3511011	3	100	3511012	1	100			125	137	250	9	3		9400050	9404010						EF0001	EF_die_01a	EF_ov_01a	0	0																	9543																	--	0	--	0	--	0	--	0	--	0		0	0	0.00%	
	25032	3000	3300060		九層塔45~50	1011		重裝鷹	老鷹		九層塔小怪	0	無	平均	48	47	47	1	1	1	moba0029a	1		1.3	0	0.1	0	0	50	50	85	30	3	138	285	8316	5700	873	658	114	114	0	0	34	0	114	0	0	0	0	0	724	724	724	724	0	0	100	0	150		0	0	3511021	4	100	3511022	1	100			100	110	200	9	3		9400050	9404010						EF0001	EF_die_01a	EF_ov_01a	0	0																	9888																	--	0	--	0	--	0	--	0	--	0		0	0	0.00%	
	25033	3000	3300110		九層塔45~50	1020		紫尾蠍王	蠍子兵		九層塔中BOSS	1	地	平均	49	47	47	1	1	1	mobb0036b	2		1.3	0	0.1	0	1	250	180	120	140	3	470	970	28200	5800	899	678	116	116	0	0	34	0	116	0	803	0	0	0	201	201	201	20	0	0	110	0	1000	100	1	1	3520052	1	100	3520053	3	100			150	165	300	30	3		9400050	9404010						EF0001	EF_die_01a	EF_ov_01a	4148	8000	1	1008	1	500													34130																	九層塔鑰匙	0	--	0	--	0	--	0	--	0		"4,148"	0	0.00%	
	25034	3000	3300057		九層塔45~50	1010		賓古	企鵝		九層塔小怪	4	怕火	平均	48	47	47	1	1	1	moba0100a	0.4		1.3	0	0.1	0	0	40	40	70	20	3	138	46	8316	5700	873	658	114	114	0	0	34	0	114	0	0	0	0	0	195	195	19	195	0	0	100	0	150		0	0	3510011	3	100	3510012	1	100			100	110	200	9	3		9400050	9404010						EF0001	EF_die_01a	EF_ov_01a	0	0																	9888																	--	0	--	0	--	0	--	0	--	0		0	0	0.00%	
	25035	3000	3300059		九層塔45~50	1010		土狗	土井木狗		九層塔小怪	0	無	平均	48	47	47	1	1	1	moba0005b	1.5		1.3	0	0.1	0	0	60	60	70	35	3	138	46	8316	5700	873	658	114	114	0	0	34	0	114	0	0	0	0	0	724	724	724	724	0	0	100	0	150		0	0	3510021	3	100	3510022	1	100			100	110	200	9	3		9400050	9404010						EF0001	EF_die_01a	EF_ov_01a	0	0																	9888																	--	0	--	0	--	0	--	0	--	0		0	0	0.00%	
	25036	3000	3300113		九層塔45~50	1021		黑心獵人	逃兵		九層塔小怪	4	風	平均	52	51	50	1	1	1	moba9102	1		1.3	0	0.1	0	0	50	50	80	30	3	159	50	9453	6100	1059	719	122	122	0	0	36	0	122	0	0	0	0	909	228	228	23	228	0	0	100	0	150		0	0	3521031	2	100	3521032	1	100			125	137	250	9	3		9400050	9404010						EF0001	EF_die_01a	EF_ov_01a	0	0																	11421																	--	0	--	0	--	0	--	0	--	0		0	0	0.00%	
	25037	3000	3300050		九層塔45~50	1010		企鵝波波	企鵝王		九層塔中BOSS	2	水	孫二娘	54	52	49	1	1	1	moba0100	1		1.3	0	0.1	0	0	100	100	180	70	5	443	1208	26691	7245	1119	760	126	120	0	0	37	0	126	0	0	967	0	0	24	242	242	242	0	0	110	0	300	100	1	1	3510051	3	100	3510052	1	100			125	137	250	1800	5		9400050	9404010						EF0001	EF_die_01b	EF_ov_01a	26259	8000	1	1008	1	500													33292																	九層塔鑰匙	0	--	0	--	0	--	0	--	0		"26,259"	0	0.00%	
	25038	3000	3300114		九層塔50~55	1021		黑心射手	逃兵		九層塔小怪	3	怕水	平均	53	52	51	1	1	1	moba9102a	1		1.3	0	0.1	0	0	50	50	80	30	3	162	50	9630	6200	1087	738	124	124	0	0	36	0	124	0	0	0	0	0	235	23	235	235	0	0	100	0	150		1	1	3519041	1	100	3519042	1	100			80	88	160	9	3		9400050	9404010						EF0001	EF_die_01a	EF_ov_01a	0	0																	11793																	--	0	--	0	--	0	--	0	--	0		0	0	0.00%	
	25039	3000	3300039		九層塔50~55	1012		黑閃妹	二駝哥		九層塔小怪	0	無	平均	50	49	50	1	1	1	moba0040a	1		1.3	0	0.1	0	0	50	50	80	30	3	144	48	8598	5900	1064	723	118	118	0	0	35	0	118	0	0	0	0	0	795	795	795	795	0	0	100	0	150		0	0	3512021	5	100	3512022	1	100			100	110	200	9	3		9400050	9404010						EF0001	EF_die_01a	EF_ov_01a	0	0																	10821																	--	0	--	0	--	0	--	0	--	0		0	0	0.00%	
	25040	3000	3300040		九層塔50~55	1012		黑閃姊	大駝哥		九層塔小怪	0	無	林沖	51	50	51	1	1	1	moba0040d	1.5		1.3	0	0.1	0	0	70	70	120	50	3	156	75	9312	5400	1069	754	125	132	0	0	35	0	120	0	0	0	0	0	711	711	711	711	0	0	100	0	150		1	1	3512021	4	100	3512022	1	100			100	110	200	9	3		9400050	9404010						EF0001	EF_die_01a	EF_ov_01a	0	0																	11217																	--	0	--	0	--	0	--	0	--	0		0	0	0.00%	
	25041	3000	3300043		九層塔50~55	1012		蘋果姐姐	雞神		九層塔中BOSS	2	水	孫二娘	53	51	52	1	1	1	moba0041a	3		1.3	0	0.1	0	0	100	80	120	55	3	443	500	26322	7130	1087	738	124	118	0	0	36	0	124	0	0	938	0	0	23	235	235	235	0	0	110	0	400	100	1	1	3511051	1	100	3511052	8	100			200	220	400	1800	5		9400050	9404010						EF0001	EF_die_01b	EF_ov_01a	25453	8000	1	1009	1	500													32234																	九層塔鑰匙	0	--	0	--	0	--	0	--	0		"25,453"	0	0.00%	
	25042	3000	3300116		九層塔50~55	1022		海咪咪	鞭炮貓		九層塔小怪	4	怕火	平均	53	52	52	1	1	1	moba0015a	1		1.3	0	0.1	0	0	60	60	70	35	3	162	50	9630	6200	1087	738	124	124	0	0	36	0	124	0	0	0	0	0	235	235	23	235	0	0	100	0	150		0	0	3509011	3	100	3509012	1	100			100	110	200	9	3		9400050	9404010						EF0001	EF_die_01a	EF_ov_01a	0	0																	11793																	--	0	--	0	--	0	--	0	--	0		0	0	0.00%	
	25043	3000	3300118		九層塔50~55	1022		土棕狗	土井木狗		九層塔小怪	0	無	戴宗	54	53	53	1	1	1	moba0005b	1.5		1.3	0	0.1	0	0	60	60	70	35	3	126	50	7617	6615	1074	699	121	139	0	0	37	0	126	0	0	0	0	0	909	909	909	909	0	0	100	0	150		0	0	3510021	1	100	3510022	1	100			125	137	250	9	3		9400050	9404010						EF0001	EF_die_01a	EF_ov_01a	0	0																	9358																	--	0	--	0	--	0	--	0	--	0		0	0	0.00%	
	25044	3000	3300119		九層塔50~55	1022		比熊犬	白井木狗		九層塔小怪	2	水	林沖	55	54	54	1	1	1	moba0005	2		1.3	0	0.1	0	0	80	80	80	45	3	165	78	9903	5760	1237	874	133	141	0	0	37	0	128	0	0	987	0	0	24	238	238	238	0	0	100	0	150		1	1	3510021	2	100	3510022	3	100			100	110	200	9	3		9400050	9404010						EF0001	EF_die_01a	EF_ov_01a	0	0																	12999																	--	0	--	0	--	0	--	0	--	0		0	0	0.00%	
	25045	3000	3300120		九層塔50~55	1022		雪女	陽春		九層塔中BOSS	4	風	孫二娘	60	58	55	1	1	1	npc0004	2		1.3	0	0.1	0	0	90	90	155	60	5	517	280	31111	7935	1317	897	138	131	0	0	40	0	138	0	0	0	0	1225	307	307	31	307	0	0	110	0	300	100	1	1	3522051	3	100	3522052	1	100			125	137	250	30	5		9400050	9404010						EF0001	EF_die_01b	EF_ov_01a	6775	8000	1	1009	1	500													40844																	九層塔鑰匙	0	--	0	--	0	--	0	--	0		"6,775"	0	0.00%	
	25046	3000	3300127		九層塔55~60	1024		野戰小子			九層塔小怪	1	地	平均	56	55	55	1	1	1	mobb0069b	1		1.3	0	0.1	0	1	50	50	80	25	3	180	52	10746	6500	1145	778	130	130	0	0	38	0	130	0	1057	0	0	0	265	265	265	26	0	0	100	0	150		0	0	3507021	5	100	3507022	1	100			100	110	200	9	3		9400050	9404010						EF0001	EF_die_01a	EF_ov_01a	0	0																	13044																	--	0	--	0	--	0	--	0	--	0		0	0	0.00%	
	25047	3000	3300128		九層塔55~60	1024		飛天小子			九層塔小怪	4	風	平均	56	55	55	1	1	1	mobb0069c	1		1.3	0	0.1	0	1	50	50	80	25	3	180	52	10746	6500	1145	778	130	130	0	0	38	0	130	0	0	0	0	1057	265	265	26	265	0	0	100	0	150		0	0	3242021	2	100	3242022	1	100			125	137	250	9	3		9400050	9404010						EF0001	EF_die_01a	EF_ov_01a	0	0																	13044																	--	0	--	0	--	0	--	0	--	0		0	0	0.00%	
	25048	3000	3300129		九層塔55~60	1024		明燈怪			九層塔小怪	3	火	平均	57	56	56	1	1	1	mobb0070a	0.4		1.3	0	0.1	0	1	50	50	60	30	3	183	81	10914	6600	1176	799	132	132	0	0	38	0	132	0	0	0	1089	0	273	27	273	273	0	0	100	0	150		1	1	3515031	1	100	3515032	3	100			100	110	200	9	3		9400050	9404010						EF0001	EF_die_01a	EF_ov_01a	0	0																	13446																	--	0	--	0	--	0	--	0	--	0		0	0	0.00%	
	25049	3000	3300115		九層塔55~60	1021		白熊斯農	白熊		九層塔中BOSS	2	水	雷橫	60	58	58	1	1	1	moba9003	1		1.3	0	0.1	0	0	150	150	160	80	3	756	540	45528	6072	1422	933	146	131	0	0	40	0	138	0	0	1134	0	0	29	295	295	295	0	0	110	0	150	100	1	1	3521051	2	100	3521052	1	100			150	165	300	1800	5		9400050	9404010						EF0001	EF_die_01b	EF_ov_01a	33876	8000	1	1010	1	500													60204																	九層塔鑰匙	0	--	0	--	0	--	0	--	0		"33,876"	0	0.00%	
	25050	3000	3300126		九層塔55~60	1024		黑暗小子			九層塔小怪	0	無	平均	58	57	57	1	1	1	mobb0069	1		1.3	0	0.1	0	1	50	50	80	25	3	186	336	11076	6700	1208	821	134	134	0	0	39	0	134	0	0	0	0	0	903	903	903	903	0	0	100	0	150		0	0	3507021	5	100	3507022	1	100			100	110	200	9	3		9400050	9404010						EF0001	EF_die_01a	EF_ov_01a	0	0																	13857																	--	0	--	0	--	0	--	0	--	0		0	0	0.00%	
	25051	3000	3300061		九層塔55~60	1011		魔中鷹	老鷹		九層塔小怪	0	無	平均	59	58	58	1	1	1	moba0029b	1		1.3	0	0.1	0	0	50	50	85	30	3	186	46	11220	6800	1242	845	136	136	0	0	39	0	136	0	0	0	0	0	930	930	930	930	0	0	100	0	150		0	0	3511021	3	100	3511022	1	100			125	137	250	9	3		9400050	9404010						EF0001	EF_die_01a	EF_ov_01a	0	0																	14280																	--	0	--	0	--	0	--	0	--	0		0	0	0.00%	
	25052	3000	3300123		九層塔55~60	1023		風中鷹			九層塔小怪	0	無	平均	60	59	59	1	1	1	moba0029d	1		1.3	0	0.1	0	1	50	50	85	30	3	189	50	11382	6900	1317	897	138	138	0	0	40	0	138	0	0	0	0	0	987	987	987	987	0	0	100	0	150		0	0	3511021	3	100	3511022	1	100			125	137	250	9	3		9400050	9404010						EF0001	EF_die_01a	EF_ov_01a	0	0																	14943																	--	0	--	0	--	0	--	0	--	0		0	0	0.00%	
	25053	3000	3004401		九層塔55~60	44		旋風斯巴達	旋風斯巴達		九層塔中BOSS	0	無	平均	62	60	60	1	1	1	moba0092	0.8		1.3	0	0.1	0	0	140	140	200	80	5	700	580	41870	7100	1555	881	142	142	0	0	41	0	142	0	0	0	0	0	969	969	969	969	0	0	110	0	300	100	1	1	3244061	1	100	3244062	2	100			100	110	200	3	5		9400050	9404010						EF0001	EF_die_01b	EF_ov_01a	7735	8000	1	1010	1	500													52090																	九層塔鑰匙	0	--	0	--	0	--	0	--	0		"7,735"	0	0.00%	
	25054	3000	3350001		九層塔30~35	4005		九層塔	食人花		任務大BOSS	1	地	平均	38	35	35	1	1	1	mobb0010b	1		1.1	0	0.1	0	0	280	280	300	150	5	680	1000	41040	4700	666	501	94	94	0	0	29	0	94	0	520	0	0	0	130	130	130	13	0	0	300	50	300	85	1	1	8500111	4	100	8500112	1	100			90	99	180	3600	10		9400050	9404010						EF0001	EF_die_01b	EF_ov_01a	14892	10000	1	1007	1	1000													21790																	九層塔鑰匙	1	--	0	--	0	--	0	--	0		"23,830"	1	2383000.00%	
	25055	3000	3350001		九層塔45~50	4006		九層塔	食人花		任務大BOSS	1	地	平均	53	50	50	1	1	1	mobb0010b	1		1.1	0	0.1	0	0	280	280	300	150	5	1080	1000	64200	6200	1087	738	124	124	0	0	36	0	124	0	938	0	0	0	235	235	235	23	0	0	300	50	300	85	1	1	8500111	4	100	8500112	1	100			90	99	180	3600	10		9400050	9404010						EF0001	EF_die_01b	EF_ov_02a	31815	10000	1	1008	1	1000													39310																	九層塔鑰匙	1	--	0	--	0	--	0	--	0		"50,905"	1	5090500.00%	
	25056	3000	3350001		九層塔50~55	4007		九層塔	食人花		任務大BOSS	1	地	平均	58	55	55	1	1	1	mobb0010b	1		1.1	0	0.1	0	0	280	280	300	150	5	1240	1000	73840	6700	1208	821	134	134	0	0	39	0	134	0	1122	0	0	0	281	281	281	28	0	0	300	50	300	85	1	1	8500111	4	100	8500112	1	100			90	99	180	3600	10		9400050	9404010						EF0001	EF_die_01b	EF_ov_03a	39942	10000	1	1009	1	1000													46190																	九層塔鑰匙	1	--	0	--	0	--	0	--	0		"63,909"	1	6390900.00%	
	25057	3000	3350001		九層塔55~60	4008		九層塔	食人花		任務大BOSS	1	地	平均	63	60	60	1	1	1	mobb0010b	1		1.1	0	0.1	0	0	280	280	300	150	5	1420	1000	84860	7200	1595	904	144	144	0	0	41	0	144	0	1335	0	0	0	334	334	334	33	0	0	300	50	300	85	1	1	8500111	4	100	8500112	1	100			90	99	180	3600	10		9400050	9404010						EF0001	EF_die_01b	EF_ov_04a	49711	10000	1	1010	1	1000													53570																	九層塔鑰匙	1	--	0	--	0	--	0	--	0		"79,540"	1	7954000.00%	
	25058	3000	3350002		九層塔30~35	4005		[紫裝]林沖	林沖		大BOSS	4	風	林沖	40	35	35	1	1	1	pc_boss01	1.2		1.3	0	0.1	0	0	80	80	120	50	5	720	1476	42740	4410	764	598	102	108	0	0	30	0	98	0	0	0	0	553	133	133	13	133	0	0	100	0	500	85	1	1	103	5	100	104	5	100			100	110	200	1800	3		9400050	9404010						EF0001	EF_die_01b	EF_ov_01a	24349	8000	3	5632	3	10000	5701	3	10000	19033	1	10000	29022	1	1000	19351	1	2500	24820																	九層塔通用大絕組-35級	729	變身糖果 - 林沖	381	35級帽子組--綠	274	35級飾品／守護組--綠	21	35級紫裝組--1.林沖	61		"25,815"	"1,466"	1760.90%	
	25059	3000	3350003		九層塔30~35	4005		[紫裝]雷橫	雷橫		大BOSS	3	火	雷橫	40	35	35	1	1	1	pc_boss02	1.2		1.3	0	0.1	0	0	80	80	120	50	5	864	1443	51288	4312	794	576	104	93	0	0	30	0	98	0	0	0	532	0	138	14	138	138	0	0	100	0	500	85	1	1	203	5	100	204	5	100			100	110	200	1800	3		9400050	9404010						EF0001	EF_die_01b	EF_ov_01a	24349	8000	3	5632	3	10000	5702	3	10000	19033	1	10000	29022	1	1000	19352	1	2500	29520																	九層塔通用大絕組-35級	729	變身糖果 - 雷橫	381	35級帽子組--綠	274	35級飾品／守護組--綠	21	35級紫裝組--2.雷橫	61		"25,815"	"1,466"	1760.90%	
	25060	3000	3350004		九層塔30~35	4005		[紫裝]孫二娘	孫二娘		大BOSS	2	水	孫二娘	40	35	35	1	1	1	pc_boss03	1.2		1.3	0	0.1	0	0	80	80	120	50	5	590	1886	35047	5635	735	554	98	93	0	0	30	0	98	0	0	575	0	0	14	144	144	144	0	0	100	0	500	85	1	1	303	5	100	304	5	100			100	110	200	1800	3		9400050	9404010						EF0001	EF_die_01b	EF_ov_01a	24349	8000	3	5632	3	10000	5703	3	10000	19033	1	10000	29022	1	1000	19353	1	2500	19992																	九層塔通用大絕組-35級	729	變身糖果 - 孫二娘	381	35級帽子組--綠	274	35級飾品／守護組--綠	21	35級紫裝組--3.孫二娘	61		"25,815"	"1,466"	1760.90%	
	25061	3000	3350005		九層塔30~35	4005		[紫裝]戴宗	戴宗		大BOSS	1	地	戴宗	40	35	35	1	1	1	pc_boss04	1.2		1.3	0	0.1	0	0	80	80	120	50	5	562	1722	33337	5145	706	510	94	108	0	0	30	0	98	0	599	0	0	0	157	157	157	16	0	0	100	0	500	85	1	1	403	5	100	404	5	100			100	110	200	1800	3		9400050	9404010						EF0001	EF_die_01b	EF_ov_01a	24001	8000	3	5632	3	10000	5704	3	10000	19033	1	10000	29022	1	1000	19354	1	2500	18673																	九層塔通用大絕組-35級	729	變身糖果 - 戴宗	729	35級帽子組--綠	274	35級飾品／守護組--綠	21	35級紫裝組--4.戴宗	61		"25,815"	"1,814"	1423.10%	
	25062	3000	3350006		九層塔30~35	4005		[紫裝]史進	史進		大BOSS	4	風	林沖	40	35	35	1	1	1	pc_boss05	1.2		1.3	0	0.1	0	0	80	80	120	50	5	720	1476	42740	4410	764	598	102	108	0	0	30	0	98	0	0	0	0	553	133	133	13	133	0	0	100	0	500	85	1	1	503	5	100	504	5	100			100	110	200	1800	3		9400050	9404010						EF0001	EF_die_01b	EF_ov_01a	24001	8000	3	5632	3	10000	5705	3	10000	19033	1	10000	29022	1	1000	19355	1	2500	24820																	九層塔通用大絕組-35級	729	變身糖果 - 史進	729	35級帽子組--綠	274	35級飾品／守護組--綠	21	35級紫裝組--5.史進	61		"25,815"	"1,814"	1423.10%	
	25063	3000	3350007		九層塔30~35	4005		[紫裝]黑旋風	黑旋風		大BOSS	3	火	雷橫	40	35	35	1	1	1	pc_boss06	1.2		1.3	0	0.1	0	0	80	80	120	50	5	864	1443	51288	4312	794	576	104	93	0	0	30	0	98	0	0	0	532	0	138	14	138	138	0	0	100	0	500	85	1	1	603	5	100	604	5	100			100	110	200	1800	3		9400050	9404010						EF0001	EF_die_01b	EF_ov_01a	24001	8000	3	5632	3	10000	5706	3	10000	19033	1	10000	29022	1	1000	19356	1	2500	29520																	九層塔通用大絕組-35級	729	變身糖果 - 李逵	729	35級帽子組--綠	274	35級飾品／守護組--綠	21	35級紫裝組--6.李逵	61		"25,815"	"1,814"	1423.10%	
	25064	3000	3350008		九層塔30~35	4005		[紫裝]顧大嫂	顧大嫂		大BOSS	2	水	孫二娘	40	35	35	1	1	1	pc_boss07	1.2		1.3	0	0.1	0	0	80	80	120	50	5	590	1886	35047	5635	735	554	98	93	0	0	30	0	98	0	0	575	0	0	14	144	144	144	0	0	100	0	500	85	1	1	703	5	100	704	5	100			100	110	200	1800	3		9400050	9404010						EF0001	EF_die_01b	EF_ov_01a	23473	8000	3	5632	3	10000	5707	3	10000	19033	1	10000	29022	1	1000	19357	1	2500	19992																	九層塔通用大絕組-35級	729	變身糖果 - 顧大嫂	"1,257"	35級帽子組--綠	274	35級飾品／守護組--綠	21	35級紫裝組--7.顧大嫂	61		"25,815"	"2,342"	1102.30%	
	25065	3000	3350009		九層塔30~35	4005		[紫裝]花榮	花榮		大BOSS	1	地	戴宗	40	35	35	1	1	1	pc_boss08	1.2		1.3	0	0.1	0	0	80	80	120	50	5	562	1722	33337	5145	706	510	94	108	0	0	30	0	98	0	599	0	0	0	157	157	157	16	0	0	100	0	500	85	1	1	803	5	100	804	5	100			100	110	200	1800	3		9400050	9404010						EF0001	EF_die_01b	EF_ov_01a	23473	8000	3	5632	3	10000	5708	3	10000	19033	1	10000	29022	1	1000	19358	1	2500	18673																	九層塔通用大絕組-35級	729	變身糖果 - 花榮	"1,257"	35級帽子組--綠	274	35級飾品／守護組--綠	21	35級紫裝組--8.花榮	61		"25,815"	"2,342"	1102.30%	
	25066	3000	3350002		九層塔45~50	4006		[紫裝]林沖	林沖		大BOSS	4	風	林沖	55	50	50	1	1	1	pc_boss01b	1.2		1.3	0	0.1	0	0	80	80	120	50	5	1100	1926	66020	5760	1237	874	133	141	0	0	37	0	128	0	0	0	0	987	238	238	24	238	0	0	100	0	500	85	1	1	103	5	100	104	5	100			100	110	200	1800	3		9400050	9404010						EF0001	EF_die_01b	EF_ov_01a	51652	8000	3	5633	3	10000	5701	4	10000	19049	1	10000	29036	1	1000	19451	1	2500	43330																	九層塔通用大絕組-45級	"1,257"	變身糖果 - 林沖	508	50級帽子組--綠	597	50級飾品／守護組--綠	49	45級紫裝組--1.林沖	105		"54,167"	"2,515"	2153.80%	
	25067	3000	3350003		九層塔45~50	4006		[紫裝]雷橫	雷橫		大BOSS	3	火	雷橫	55	50	50	1	1	1	pc_boss02b	1.2		1.3	0	0.1	0	0	80	80	120	50	5	1320	1883	79224	5632	1284	841	136	122	0	0	37	0	128	0	0	0	950	0	247	25	247	247	0	0	100	0	500	85	1	1	203	5	100	204	5	100			100	110	200	1800	3		9400050	9404010						EF0001	EF_die_01b	EF_ov_01a	51652	8000	3	5633	3	10000	5702	4	10000	19049	1	10000	29036	1	1000	19452	1	2500	51600																	九層塔通用大絕組-45級	"1,257"	變身糖果 - 雷橫	508	50級帽子組--綠	597	50級飾品／守護組--綠	49	45級紫裝組--2.雷橫	105		"54,167"	"2,515"	2153.80%	
	25068	3000	3350004		九層塔45~50	4006		[紫裝]孫二娘	孫二娘		大BOSS	2	水	孫二娘	55	50	50	1	1	1	pc_boss03b	1.2		1.3	0	0.1	0	0	80	80	120	50	5	902	2461	54136	7360	1189	809	128	122	0	0	37	0	128	0	0	1026	0	0	26	257	257	257	0	0	100	0	500	85	1	1	303	5	100	304	5	100			100	110	200	1800	3		9400050	9404010						EF0001	EF_die_01b	EF_ov_01a	51652	8000	3	5633	3	10000	5703	4	10000	19049	1	10000	29036	1	1000	19453	1	2500	34997																	九層塔通用大絕組-45級	"1,257"	變身糖果 - 孫二娘	508	50級帽子組--綠	597	50級飾品／守護組--綠	49	45級紫裝組--3.孫二娘	105		"54,167"	"2,515"	2153.80%	
	25069	3000	3350005		九層塔45~50	4006		[紫裝]戴宗	戴宗		大BOSS	1	地	戴宗	55	50	50	1	1	1	pc_boss04b	1.2		1.3	0	0.1	0	0	80	80	120	50	5	858	2247	51496	6720	1141	744	123	141	0	0	37	0	128	0	1069	0	0	0	279	279	279	28	0	0	100	0	500	85	1	1	403	5	100	404	5	100			100	110	200	1800	3		9400050	9404010						EF0001	EF_die_01b	EF_ov_01a	51188	8000	3	5633	3	10000	5704	4	10000	19049	1	10000	29036	1	1000	19454	1	2500	32784																	九層塔通用大絕組-45級	"1,257"	變身糖果 - 戴宗	972	50級帽子組--綠	597	50級飾品／守護組--綠	49	45級紫裝組--4.戴宗	105		"54,167"	"2,979"	1818.30%	
	25070	3000	3350006		九層塔45~50	4006		[紫裝]史進	史進		大BOSS	4	風	林沖	55	50	50	1	1	1	pc_boss05b	1.2		1.3	0	0.1	0	0	80	80	120	50	5	1100	1926	66020	5760	1237	874	133	141	0	0	37	0	128	0	0	0	0	987	238	238	24	238	0	0	100	0	500	85	1	1	503	5	100	504	5	100			100	110	200	1800	3		9400050	9404010						EF0001	EF_die_01b	EF_ov_01a	51188	8000	3	5633	3	10000	5705	4	10000	19049	1	10000	29036	1	1000	19455	1	2500	43330																	九層塔通用大絕組-45級	"1,257"	變身糖果 - 史進	972	50級帽子組--綠	597	50級飾品／守護組--綠	49	45級紫裝組--5.史進	105		"54,167"	"2,979"	1818.30%	
	25071	3000	3350007		九層塔45~50	4006		[紫裝]黑旋風	黑旋風		大BOSS	3	火	雷橫	55	50	50	1	1	1	pc_boss06b	1.2		1.3	0	0.1	0	0	80	80	120	50	5	1320	1883	79224	5632	1284	841	136	122	0	0	37	0	128	0	0	0	950	0	247	25	247	247	0	0	100	0	500	85	1	1	603	5	100	604	5	100			100	110	200	1800	3		9400050	9404010						EF0001	EF_die_01b	EF_ov_01a	51188	8000	3	5633	3	10000	5706	4	10000	19049	1	10000	29036	1	1000	19456	1	2500	51600																	九層塔通用大絕組-45級	"1,257"	變身糖果 - 李逵	972	50級帽子組--綠	597	50級飾品／守護組--綠	49	45級紫裝組--6.李逵	105		"54,167"	"2,979"	1818.30%	
	25072	3000	3350008		九層塔45~50	4006		[紫裝]顧大嫂	顧大嫂		大BOSS	2	水	孫二娘	55	50	50	1	1	1	pc_boss07b	1.2		1.3	0	0.1	0	0	80	80	120	50	5	902	2461	54136	7360	1189	809	128	122	0	0	37	0	128	0	0	1026	0	0	26	257	257	257	0	0	100	0	500	85	1	1	703	5	100	704	5	100			100	110	200	1800	3		9400050	9404010						EF0001	EF_die_01b	EF_ov_01a	50484	8000	3	5633	3	10000	5707	4	10000	19049	1	10000	29036	1	1000	19457	1	2500	34997																	九層塔通用大絕組-45級	"1,257"	變身糖果 - 顧大嫂	"1,676"	50級帽子組--綠	597	50級飾品／守護組--綠	49	45級紫裝組--7.顧大嫂	105		"54,167"	"3,683"	1470.70%	
	25073	3000	3350009		九層塔45~50	4006		[紫裝]花榮	花榮		大BOSS	1	地	戴宗	55	50	50	1	1	1	pc_boss08b	1.2		1.3	0	0.1	0	0	80	80	120	50	5	858	2247	51496	6720	1141	744	123	141	0	0	37	0	128	0	1069	0	0	0	279	279	279	28	0	0	100	0	500	85	1	1	803	5	100	804	5	100			100	110	200	1800	3		9400050	9404010						EF0001	EF_die_01b	EF_ov_01a	50484	8000	3	5633	3	10000	5708	4	10000	19049	1	10000	29036	1	1000	19458	1	2500	32784																	九層塔通用大絕組-45級	"1,257"	變身糖果 - 花榮	"1,676"	50級帽子組--綠	597	50級飾品／守護組--綠	49	45級紫裝組--8.花榮	105		"54,167"	"3,683"	1470.70%	
	25074	3000	3350002		九層塔50~55	4007		[紫裝]林沖	林沖		大BOSS	4	風	林沖	60	55	55	1	1	1	pc_boss01c	1.2		1.3	0	0.1	0	0	80	80	120	50	5	1260	2070	75880	6210	1370	969	144	152	0	0	40	0	138	0	0	0	0	1178	284	284	28	284	0	0	100	0	500	85	1	1	103	5	100	104	5	100			100	110	200	1800	3		9400050	9404010						EF0001	EF_die_01b	EF_ov_01a	64102	8000	3	5634	3	10000	5701	5	10000	19057	1	10000	29041	1	1000	19551	1	2500	50530																	九層塔通用大絕組-55級	"2,031"	變身糖果 - 林沖	635	55級帽子組--綠	753	55級飾品／守護組--綠	62	55級紫裝組--1.林沖	169		"67,752"	"3,650"	1856.20%	
	25075	3000	3350003		九層塔50~55	4007		[紫裝]雷橫	雷橫		大BOSS	3	火	雷橫	60	55	55	1	1	1	pc_boss02c	1.2		1.3	0	0.1	0	0	80	80	120	50	5	1512	2024	91056	6072	1422	933	146	131	0	0	40	0	138	0	0	0	1134	0	295	29	295	295	0	0	100	0	500	85	1	1	203	5	100	204	5	100			100	110	200	1800	3		9400050	9404010						EF0001	EF_die_01b	EF_ov_01a	64102	8000	3	5634	3	10000	5702	5	10000	19057	1	10000	29041	1	1000	19552	1	2500	60204																	九層塔通用大絕組-55級	"2,031"	變身糖果 - 雷橫	635	55級帽子組--綠	753	55級飾品／守護組--綠	62	55級紫裝組--2.雷橫	169		"67,752"	"3,650"	1856.20%	
	25076	3000	3350004		九層塔50~55	4007		[紫裝]孫二娘	孫二娘		大BOSS	2	水	孫二娘	60	55	55	1	1	1	pc_boss03c	1.2		1.3	0	0.1	0	0	80	80	120	50	5	1033	2645	62222	7935	1317	897	138	131	0	0	40	0	138	0	0	1225	0	0	31	307	307	307	0	0	100	0	500	85	1	1	303	5	100	304	5	100			100	110	200	1800	3		9400050	9404010						EF0001	EF_die_01b	EF_ov_01a	64102	8000	3	5634	3	10000	5703	5	10000	19057	1	10000	29041	1	1000	19553	1	2500	40844																	九層塔通用大絕組-55級	"2,031"	變身糖果 - 孫二娘	635	55級帽子組--綠	753	55級飾品／守護組--綠	62	55級紫裝組--3.孫二娘	169		"67,752"	"3,650"	1856.20%	
	25077	3000	3350005		九層塔50~55	4007		[紫裝]戴宗	戴宗		大BOSS	1	地	戴宗	60	55	55	1	1	1	pc_boss04c	1.2		1.3	0	0.1	0	0	80	80	120	50	5	983	2415	59186	7245	1264	825	132	152	0	0	40	0	138	0	1276	0	0	0	333	333	333	33	0	0	100	0	500	85	1	1	403	5	100	404	5	100			100	110	200	1800	3		9400050	9404010						EF0001	EF_die_01b	EF_ov_01a	63522	8000	3	5634	3	10000	5704	5	10000	19057	1	10000	29041	1	1000	19554	1	2500	38290																	九層塔通用大絕組-55級	"2,031"	變身糖果 - 戴宗	"1,215"	55級帽子組--綠	753	55級飾品／守護組--綠	62	55級紫裝組--4.戴宗	169		"67,752"	"4,230"	1601.70%	
	25078	3000	3350006		九層塔50~55	4007		[紫裝]史進	史進		大BOSS	4	風	林沖	60	55	55	1	1	1	pc_boss05c	1.2		1.3	0	0.1	0	0	80	80	120	50	5	1260	2070	75880	6210	1370	969	144	152	0	0	40	0	138	0	0	0	0	1178	284	284	28	284	0	0	100	0	500	85	1	1	503	5	100	504	5	100			100	110	200	1800	3		9400050	9404010						EF0001	EF_die_01b	EF_ov_01a	63522	8000	3	5634	3	10000	5705	5	10000	19057	1	10000	29041	1	1000	19555	1	2500	50530																	九層塔通用大絕組-55級	"2,031"	變身糖果 - 史進	"1,215"	55級帽子組--綠	753	55級飾品／守護組--綠	62	55級紫裝組--5.史進	169		"67,752"	"4,230"	1601.70%	
	25079	3000	3350007		九層塔50~55	4007		[紫裝]黑旋風	黑旋風		大BOSS	3	火	雷橫	60	55	55	1	1	1	pc_boss06c	1.2		1.3	0	0.1	0	0	80	80	120	50	5	1512	2024	91056	6072	1422	933	146	131	0	0	40	0	138	0	0	0	1134	0	295	29	295	295	0	0	100	0	500	85	1	1	603	5	100	604	5	100			100	110	200	1800	3		9400050	9404010						EF0001	EF_die_01b	EF_ov_01a	63522	8000	3	5634	3	10000	5706	5	10000	19057	1	10000	29041	1	1000	19556	1	2500	60204																	九層塔通用大絕組-55級	"2,031"	變身糖果 - 李逵	"1,215"	55級帽子組--綠	753	55級飾品／守護組--綠	62	55級紫裝組--6.李逵	169		"67,752"	"4,230"	1601.70%	
	25080	3000	3350008		九層塔50~55	4007		[紫裝]顧大嫂	顧大嫂		大BOSS	2	水	孫二娘	60	55	55	1	1	1	pc_boss07c	1.2		1.3	0	0.1	0	0	80	80	120	50	5	1033	2645	62222	7935	1317	897	138	131	0	0	40	0	138	0	0	1225	0	0	31	307	307	307	0	0	100	0	500	85	1	1	703	5	100	704	5	100			100	110	200	1800	3		9400050	9404010						EF0001	EF_die_01b	EF_ov_01a	62642	8000	3	5634	3	10000	5707	5	10000	19057	1	10000	29041	1	1000	19557	1	2500	40844																	九層塔通用大絕組-55級	"2,031"	變身糖果 - 顧大嫂	"2,095"	55級帽子組--綠	753	55級飾品／守護組--綠	62	55級紫裝組--7.顧大嫂	169		"67,752"	"5,110"	1325.90%	
	25081	3000	3350009		九層塔50~55	4007		[紫裝]花榮	花榮		大BOSS	1	地	戴宗	60	55	55	1	1	1	pc_boss08c	1.2		1.3	0	0.1	0	0	80	80	120	50	5	983	2415	59186	7245	1264	825	132	152	0	0	40	0	138	0	1276	0	0	0	333	333	333	33	0	0	100	0	500	85	1	1	803	5	100	804	5	100			100	110	200	1800	3		9400050	9404010						EF0001	EF_die_01b	EF_ov_01a	62642	8000	3	5634	3	10000	5708	5	10000	19057	1	10000	29041	1	1000	19558	1	2500	38290																	九層塔通用大絕組-55級	"2,031"	變身糖果 - 花榮	"2,095"	55級帽子組--綠	753	55級飾品／守護組--綠	62	55級紫裝組--8.花榮	169		"67,752"	"5,110"	1325.90%	
	25082	3000	3350002		九層塔55~60	4008		[紫裝]林沖	林沖		大BOSS	4	風	林沖	65	60	60	1	1	1	pc_boss01d	1.2		1.3	0	0.1	0	0	80	80	120	50	5	1460	2214	87140	6660	1802	1063	154	163	0	0	42	0	148	0	0	0	0	1398	337	337	34	337	0	0	100	0	500	85	1	1	103	5	100	104	5	100			100	110	200	1800	3		9400050	9404010						EF0001	EF_die_01b	EF_ov_01a	79576	8000	3	5635	3	10000	5701	6	10000	19061	1	10000	29045	1	1000	19551	1	2500	58220																	九層塔通用大絕組-60級	"2,541"	變身糖果 - 林沖	762	60級帽子組--綠	940	60級飾品／守護組--綠	78	55級紫裝組--1.林沖	169		"84,066"	"4,490"	1872.30%	
	25083	3000	3350003		九層塔55~60	4008		[紫裝]雷橫	雷橫		大BOSS	3	火	雷橫	65	60	60	1	1	1	pc_boss02d	1.2		1.3	0	0.1	0	0	80	80	120	50	5	1752	2165	104568	6512	1872	1023	157	141	0	0	42	0	148	0	0	0	1346	0	350	35	350	350	0	0	100	0	500	85	1	1	203	5	100	204	5	100			100	110	200	1800	3		9400050	9404010						EF0001	EF_die_01b	EF_ov_01a	79576	8000	3	5635	3	10000	5702	6	10000	19061	1	10000	29045	1	1000	19552	1	2500	69384																	九層塔通用大絕組-60級	"2,541"	變身糖果 - 雷橫	762	60級帽子組--綠	940	60級飾品／守護組--綠	78	55級紫裝組--2.雷橫	169		"84,066"	"4,490"	1872.30%	
	25084	3000	3350004		九層塔55~60	4008		[紫裝]孫二娘	孫二娘		大BOSS	2	水	孫二娘	65	60	60	1	1	1	pc_boss03d	1.2		1.3	0	0.1	0	0	80	80	120	50	5	1197	2829	71455	8510	1733	984	148	141	0	0	42	0	148	0	0	1454	0	0	36	364	364	364	0	0	100	0	500	85	1	1	303	5	100	304	5	100			100	110	200	1800	3		9400050	9404010						EF0001	EF_die_01b	EF_ov_01a	79576	8000	3	5635	3	10000	5703	6	10000	19061	1	10000	29045	1	1000	19553	1	2500	47093																	九層塔通用大絕組-60級	"2,541"	變身糖果 - 孫二娘	762	60級帽子組--綠	940	60級飾品／守護組--綠	78	55級紫裝組--3.孫二娘	169		"84,066"	"4,490"	1872.30%	
	25085	3000	3350005		九層塔55~60	4008		[紫裝]戴宗	戴宗		大BOSS	1	地	戴宗	65	60	60	1	1	1	pc_boss04d	1.2		1.3	0	0.1	0	0	80	80	120	50	5	1139	2583	67969	7770	1664	905	142	163	0	0	42	0	148	0	1515	0	0	0	395	395	395	40	0	0	100	0	500	85	1	1	403	5	100	404	5	100			100	110	200	1800	3		9400050	9404010						EF0001	EF_die_01b	EF_ov_01a	78880	8000	3	5635	3	10000	5704	6	10000	19061	1	10000	29045	1	1000	19554	1	2500	44179																	九層塔通用大絕組-60級	"2,541"	變身糖果 - 戴宗	"1,458"	60級帽子組--綠	940	60級飾品／守護組--綠	78	55級紫裝組--4.戴宗	169		"84,066"	"5,186"	1621.00%	
	25086	3000	3350006		九層塔55~60	4008		[紫裝]史進	史進		大BOSS	4	風	林沖	65	60	60	1	1	1	pc_boss05d	1.2		1.3	0	0.1	0	0	80	80	120	50	5	1460	2214	87140	6660	1802	1063	154	163	0	0	42	0	148	0	0	0	0	1398	337	337	34	337	0	0	100	0	500	85	1	1	503	5	100	504	5	100			100	110	200	1800	3		9400050	9404010						EF0001	EF_die_01b	EF_ov_01a	78880	8000	3	5635	3	10000	5705	6	10000	19061	1	10000	29045	1	1000	19555	1	2500	58220																	九層塔通用大絕組-60級	"2,541"	變身糖果 - 史進	"1,458"	60級帽子組--綠	940	60級飾品／守護組--綠	78	55級紫裝組--5.史進	169		"84,066"	"5,186"	1621.00%	
	25087	3000	3350007		九層塔55~60	4008		[紫裝]黑旋風	黑旋風		大BOSS	3	火	雷橫	65	60	60	1	1	1	pc_boss06d	1.2		1.3	0	0.1	0	0	80	80	120	50	5	1752	2165	104568	6512	1872	1023	157	141	0	0	42	0	148	0	0	0	1346	0	350	35	350	350	0	0	100	0	500	85	1	1	603	5	100	604	5	100			100	110	200	1800	3		9400050	9404010						EF0001	EF_die_01b	EF_ov_01a	78880	8000	3	5635	3	10000	5706	6	10000	19061	1	10000	29045	1	1000	19556	1	2500	69384																	九層塔通用大絕組-60級	"2,541"	變身糖果 - 李逵	"1,458"	60級帽子組--綠	940	60級飾品／守護組--綠	78	55級紫裝組--6.李逵	169		"84,066"	"5,186"	1621.00%	
	25088	3000	3350008		九層塔55~60	4008		[紫裝]顧大嫂	顧大嫂		大BOSS	2	水	孫二娘	65	60	60	1	1	1	pc_boss07d	1.2		1.3	0	0.1	0	0	80	80	120	50	5	1197	2829	71455	8510	1733	984	148	141	0	0	42	0	148	0	0	1454	0	0	36	364	364	364	0	0	100	0	500	85	1	1	703	5	100	704	5	100			100	110	200	1800	3		9400050	9404010						EF0001	EF_die_01b	EF_ov_01a	77824	8000	3	5635	3	10000	5707	6	10000	19061	1	10000	29045	1	1000	19557	1	2500	47093																	九層塔通用大絕組-60級	"2,541"	變身糖果 - 顧大嫂	"2,514"	60級帽子組--綠	940	60級飾品／守護組--綠	78	55級紫裝組--7.顧大嫂	169		"84,066"	"6,242"	1346.80%	
	25089	3000	3350009		九層塔55~60	4008		[紫裝]花榮	花榮		大BOSS	1	地	戴宗	65	60	60	1	1	1	pc_boss08d	1.2		1.3	0	0.1	0	0	80	80	120	50	5	1139	2583	67969	7770	1664	905	142	163	0	0	42	0	148	0	1515	0	0	0	395	395	395	40	0	0	100	0	500	85	1	1	803	5	100	804	5	100			100	110	200	1800	3		9400050	9404010						EF0001	EF_die_01b	EF_ov_01a	77824	8000	3	5635	3	10000	5708	6	10000	19061	1	10000	29045	1	1000	19558	1	2500	44179																	九層塔通用大絕組-60級	"2,541"	變身糖果 - 花榮	"2,514"	60級帽子組--綠	940	60級飾品／守護組--綠	78	55級紫裝組--8.花榮	169		"84,066"	"6,242"	1346.80%	
	25090	3000	3300020		九層塔30~35	1007		蒼蠅	馬上蠅		九層塔小怪	1	怕風	平均	36	35	35	1	1	1	moba0058b	1		1.3	0	0.1	0	0	50	50	80	25	3	99	225	5910	4500	621	466	90	90	0	0	28	0	90	0	0	0	0	0	121	121	121	12	0	0	100	0	150		0	0	3505011	2	100	3505012	1	100			100	110	200	9	3		9400050	9404010						EF0001	EF_die_01a	EF_ov_01a	0	0																	5988																	--	0	--	0	--	0	--	0	--	0		0	0	0.00%	
	25091	3000	3300114		九層塔45~50	1021		黑心射手	逃兵		九層塔小怪	3	怕水	平均	51	50	50	1	1	1	moba9102a	1		1.3	0	0.1	0	0	50	50	80	30	3	156	300	9312	6000	1028	698	120	120	0	0	35	0	120	0	0	0	0	0	221	22	221	221	0	0	100	0	150		1	1	3519041	1	100	3519042	1	100			125	137	250	9	3		9400050	9404010						EF0001	EF_die_01a	EF_ov_01a	0	0																	11049																	--	0	--	0	--	0	--	0	--	0		0	0	0.00%	
	25092	3000	3300127		九層塔50~55	1024		野戰小子			九層塔小怪	1	地	平均	56	55	55	1	1	1	mobb0069b	1		1.3	0	0.1	0	1	50	50	80	25	3	180	52	10746	6500	1145	778	130	130	0	0	38	0	130	0	1057	0	0	0	265	265	265	26	0	0	100	0	150		0	0	3507021	5	100	3507022	1	100			100	110	200	9	3		9400050	9404010						EF0001	EF_die_01a	EF_ov_01a	0	0																	13044																	--	0	--	0	--	0	--	0	--	0		0	0	0.00%	
	25093	3000	3300124		九層塔55~60	1023		藍莓鸚鵡			九層塔小怪	0	無	平均	61	60	60	1	1	1	moba0018b	1.5		1.3	0	0.1	0	1	60	60	80	30	3	207	351	12390	7000	1515	858	140	140	0	0	40	0	140	0	0	0	0	0	944	944	944	944	0	0	100	0	150		1	1	3523051	2	100	3523052	1	100			100	110	200	9	3		9400050	9404010						EF0001	EF_die_01a	EF_ov_01a	0	0																	15189																	--	0	--	0	--	0	--	0	--	0		0	0	0.00%	
#	機關 30001~40000																																																																																																																																					0		0.00%	
#	1.有條件開啟物件(無等級區分，血量為6000，方便script操作)																																			0	0	0	0																	0	0		0																													0	0																	0																												0		0.00%	
	30101	3000	6100000					兔子城閘門(不可攻擊)	阻擋物件		機關	0	無	平均	102	99	99	0	0	0	obj01	1		1	0	0	0	1	230	100	320	100	1001			6000	0	4139	1000	218	218	0	0	60	0	218	0									0	0	100	0		100	1	1												-1	5		5010050							EF0001	EF_die_01b	EF_ov_01a	0	0																	0																	--	0	--	0	--	0	--	0	--	0		0	0	0.00%	
	30102	3000	6100000					兔子城大閘門(不可攻擊)	阻擋物件		機關	0	無	平均	102	99	99	0	0	0	obj01a	1		1	0	0	0	1	600	100	600	150	1001			6000	0	4139	1000	218	218	0	0	60	0	218	0									0	0	100	0		100	1	1												-1	5		5020050							EF0001	EF_die_01b	EF_ov_01a	0	0																	0																	--	0	--	0	--	0	--	0	--	0		0	0	0.00%	
	30103	3000	6100000					上開式閘門	阻擋物件		機關	0	無	平均	102	99	99	0	0	0	obj01b	1		1	0	0	0	1	200	50	400	100	1001			6000	0	4139	1000	218	218	0	0	60	0	218	0									0	0	100	0		100	1	1												-1	5		5030050							EF0001	EF_die_01b	EF_ov_01a	0	0																	0																	--	0	--	0	--	0	--	0	--	0		0	0	0.00%	
	30104	3000	6100000					側開式閘門	阻擋物件		機關	0	無	平均	102	99	99	0	0	0	obj01c	1		1	0	0	0	1	200	50	300	100	1001			6000	0	4139	1000	218	218	0	0	60	0	218	0									0	0	100	0		100	1	1												-1	5		5040050							EF0001	EF_die_01b	EF_ov_01a	0	0																	0																	--	0	--	0	--	0	--	0	--	0		0	0	0.00%	
	30105	3000	6100000					牢籠	阻擋物件		機關	0	無	平均	102	99	99	0	0	0	obj12	1		1	0	0	0	1	200	200	400	150	1001			6000	0	4139	1000	218	218	0	0	60	0	218	0									0	0	100	0		100	1	1												-1	5		5220050							Empty	Empty	Empty	0	0																	0																	--	0	--	0	--	0	--	0	--	0		0	0	0.00%	
	30106	3000	3100018					被綁起來的村民	碰觸物件		機關	0	無	平均	102	99	99	0	0	0	obj11e	1		1	0	0	0	1	40	40	60	20	1001			6000	0	4139	1000	218	218	0	0	60	0	218	0									0	0	100	0		100	0	1												-1	5		5190050							EF0001	EF_die_01a	EF_ov_01a	0	0																	0			20														--	0	--	0	--	0	--	0	--	0		0	0	0.00%	
	30107	3000	3100024					機關開關	開關物件		機關	0	無	平均	4	1	1	1	0	0	switch	1		1.3	0		0	1	40	60	80	50	1001			1	0	37	97	26	26	0	0	12	0	26	0									0	0	100	0		100	1	1												-1	10		5300050								EF_die_01a		0	0																	0			20														--	0	--	0	--	0	--	0	--	0		0	0	0.00%	
	30108	3000	6100000					1號側開式閘門	阻擋物件		機關	0	無	平均	102	99	99	0	0	0	obj01c01	1		1	0	0	0	1	200	50	300	100	1001			6000	0	4139	1000	218	218	0	0	60	0	218	0									0	0	100	0		100	1	1												-1	5		5040050							EF0001	EF_die_01b	EF_ov_01a	0	0																	0																	--	0	--	0	--	0	--	0	--	0		0	0	0.00%	
	30109	3000	6100000					2號側開式閘門	阻擋物件		機關	0	無	平均	102	99	99	0	0	0	obj01c02	1		1	0	0	0	1	200	50	300	100	1001			6000	0	4139	1000	218	218	0	0	60	0	218	0									0	0	100	0		100	1	1												-1	5		5040050							EF0001	EF_die_01b	EF_ov_01a	0	0																	0																	--	0	--	0	--	0	--	0	--	0		0	0	0.00%	
	30110	3000	6100000					3號側開式閘門	阻擋物件		機關	0	無	平均	102	99	99	0	0	0	obj01c03	1		1	0	0	0	1	200	50	300	100	1001			6000	0	4139	1000	218	218	0	0	60	0	218	0									0	0	100	0		100	1	1												-1	5		5040050							EF0001	EF_die_01b	EF_ov_01a	0	0																	0																	--	0	--	0	--	0	--	0	--	0		0	0	0.00%	
	30111	3000	6100000					4號側開式閘門	阻擋物件		機關	0	無	平均	102	99	99	0	0	0	obj01c04	1		1	0	0	0	1	200	50	300	100	1001			6000	0	4139	1000	218	218	0	0	60	0	218	0									0	0	100	0		100	1	1												-1	5		5040050							EF0001	EF_die_01b	EF_ov_01a	0	0																	0																	--	0	--	0	--	0	--	0	--	0		0	0	0.00%	
	30112	3000	6100000					5號側開式閘門	阻擋物件		機關	0	無	平均	102	99	99	0	0	0	obj01c05	1		1	0	0	0	1	200	50	300	100	1001			6000	0	4139	1000	218	218	0	0	60	0	218	0									0	0	100	0		100	1	1												-1	5		5040050							EF0001	EF_die_01b	EF_ov_01a	0	0																	0																	--	0	--	0	--	0	--	0	--	0		0	0	0.00%	
	30113	3000	6100000					6號側開式閘門	阻擋物件		機關	0	無	平均	102	99	99	0	0	0	obj01c06	1		1	0	0	0	1	200	50	300	100	1001			6000	0	4139	1000	218	218	0	0	60	0	218	0									0	0	100	0		100	1	1												-1	5		5040050							EF0001	EF_die_01b	EF_ov_01a	0	0																	0																	--	0	--	0	--	0	--	0	--	0		0	0	0.00%	
	30114	3000	6100000					7號側開式閘門	阻擋物件		機關	0	無	平均	102	99	99	0	0	0	obj01c07	1		1	0	0	0	1	200	50	300	100	1001			6000	0	4139	1000	218	218	0	0	60	0	218	0									0	0	100	0		100	1	1												-1	5		5040050							EF0001	EF_die_01b	EF_ov_01a	0	0																	0																	--	0	--	0	--	0	--	0	--	0		0	0	0.00%	
	30115	3000	6100000					8號側開式閘門	阻擋物件		機關	0	無	平均	102	99	99	0	0	0	obj01c08	1		1	0	0	0	1	200	50	300	100	1001			6000	0	4139	1000	218	218	0	0	60	0	218	0									0	0	100	0		100	1	1												-1	5		5040050							EF0001	EF_die_01b	EF_ov_01a	0	0																	0																	--	0	--	0	--	0	--	0	--	0		0	0	0.00%	
	30116	3000	6100000					9號側開式閘門	阻擋物件		機關	0	無	平均	102	99	99	0	0	0	obj01c09	1		1	0	0	0	1	200	50	300	100	1001			6000	0	4139	1000	218	218	0	0	60	0	218	0									0	0	100	0		100	1	1												-1	5		5040050							EF0001	EF_die_01b	EF_ov_01a	0	0																	0																	--	0	--	0	--	0	--	0	--	0		0	0	0.00%	
	30117	3000	6100000					判克大閘門	阻擋物件		機關	0	無	平均	102	99	99	0	0	0	obj01b	3		1	0	0	0	1	600	150	1200	300	1001			6000	0	4139	1000	218	218	0	0	60	0	218	0									0	0	100	0		100	1	1												10	5		5030050										0	0																	0																	--	0	--	0	--	0	--	0	--	0		0	0	0.00%	
	30118	3000	6100000					兔子城大閘門(不可攻擊不消失)	阻擋物件		機關	0	無	平均	102	99	99	0	0	0	obj01a	1		1	0	0	0	1	600	100	600	150	1001			6000	0	4139	1000	218	218	0	0	60	0	218	0									0	0	100	0		100	1	1												-1	900		5020050							EF0001	EF_die_01b	EF_ov_01a	0	0																	0																	--	0	--	0	--	0	--	0	--	0		0	0	0.00%	
	30119	3000	3100025					幫浦(彪城)	開關物件		機關	0	無	平均	46	43	43	1	0	0	switch2	0.5		1.3	0		0	1	40	60	80	40	1001			13420	5500	821	618	110	110	0	0	33	0	110	0	0	0	0	0	680	680	680	680	0	0	100	0		100	1	1												-1	5		5310050	9404010									0	0																	0			20														--	0	--	0	--	0	--	0	--	0		0	0	0.00%	
	30120	3000	6100000					電光牢籠	阻擋物件		機關	0	無	平均	102	99	99	0	0	0	obj12b	1		1	0	0	0	1	200	200	400	150	1001			6000	0	4139	1000	218	218	0	0	60	0	218	0	0	0	0	0					0	0	100	0		100	1	1												-1	900		5220050							Empty	Empty	Empty	0	0																	0																	--	0	--	0	--	0	--	0	--	0		0	0	0.00%	
	30121	3000	3100029					幫浦(貓城)	開關物件		機關	0	無	平均	58	55	55	1	1	0	switch2	0.5		1.3	0		0	1	40	60	80	40	1001			18460	6700	1208	821	134	134	0	0	39	0	134	0	0	0	0	0	903	903	903	903	0	0	100	0		100	1	1												-1	5		5310050	9404010									0	0																	0			20														--	0	--	0	--	0	--	0	--	0		0	0	0.00%	
	30122	3000	3100040					生鏽的石橋開關	開關物件		機關	0	無	平均	38	35	1	1	0	0	switch	1		1.3	0		0	1	40	60	80	50	1001			10260	4700	666	501	94	94	0	0	29	0	94	0	0	0	0	0	551	551	551	551	0	0	100	0		1	1	1												-1	900		5300050	9404010							EF_die_01a		0	0																	0			20														--	0	--	0	--	0	--	0	--	0		0	0	0.00%	
	30123	3000	3100041					九層塔機關開關	開關物件		機關	0	無	平均	4	1	99	1	0	0	switch	1		1.3	0		0	1	40	60	80	50	1001			2000	0	37	97	26	26	0	0	12	0	26	0									0	0	100	0		100	1	1												-1	10		5300050								EF_die_01a		0	0																	0			20														--	0	--	0	--	0	--	0	--	0		0	0	0.00%	
	30124	3000	3400002					兔城副本入口	阻擋物件		機關	0	無	平均	102	99	99	0	0	0	gate_01	0.8		1	0	0	0	1	600	100	220	100	1001			6000	0	4139	1000	218	218	0	0	60	0	218	0									0	0	100	0		100	1	1												-1	900		5020050							EF0001	EF_die_01b	EF_ov_01a	0	0																	0																	--	0	--	0	--	0	--	0	--	0		0	0	0.00%	
	30125	3000	3400003					象城副本入口	阻擋物件		機關	0	無	平均	102	99	99	0	0	0	gate_02	0.8		1	0	0	0	1	600	100	220	100	1001			6000	0	4139	1000	218	218	0	0	60	0	218	0									0	0	100	0		100	1	1												-1	900		5020050							EF0001	EF_die_01b	EF_ov_01a	0	0																	0																	--	0	--	0	--	0	--	0	--	0		0	0	0.00%	
	30126	3000	3400004					彪城副本入口	阻擋物件		機關	0	無	平均	102	99	99	0	0	0	gate_03	0.8		1	0	0	0	1	600	100	220	100	1001			6000	0	4139	1000	218	218	0	0	60	0	218	0									0	0	100	0		100	1	1												-1	900		5020050							EF0001	EF_die_01b	EF_ov_01a	0	0																	0																	--	0	--	0	--	0	--	0	--	0		0	0	0.00%	
	30127	3000	3400005					駱駝城副本入口	阻擋物件		機關	0	無	平均	102	99	99	0	0	0	gate_04	0.8		1	0	0	0	1	600	100	220	100	1001			6000	0	4139	1000	218	218	0	0	60	0	218	0									0	0	100	0		100	1	1												-1	900		5020050							EF0001	EF_die_01b	EF_ov_01a	0	0																	0																	--	0	--	0	--	0	--	0	--	0		0	0	0.00%	
	30128	3000	3400006					鷹城副本入口	阻擋物件		機關	0	無	平均	102	99	99	0	0	0	gate_05	0.8		1	0	0	0	1	600	100	220	100	1001			6000	0	4139	1000	218	218	0	0	60	0	218	0									0	0	100	0		100	1	1												-1	900		5020050							EF0001	EF_die_01b	EF_ov_01a	0	0																	0																	--	0	--	0	--	0	--	0	--	0		0	0	0.00%	
	30129	3000	3400007					貓城副本入口	阻擋物件		機關	0	無	平均	102	99	99	0	0	0	gate_06	0.8		1	0	0	0	1	600	100	220	100	1001			6000	0	4139	1000	218	218	0	0	60	0	218	0									0	0	100	0		100	1	1												-1	900		5020050							EF0001	EF_die_01b	EF_ov_01a	0	0																	0																	--	0	--	0	--	0	--	0	--	0		0	0	0.00%	
	30130	3000	3100051					彪腳印	阻擋物件		機關	0	無	平均	102	99	99	0	0	0	obj68	1		1	0	0	0	1	600	100	600	100	1001			6000	0	4139	1000	218	218	0	0	60	0	218	0									0	0	100	0		100	1	1												-1	900		5020050							EF0001	EF_die_01b	EF_ov_01a	0	0																	0																	--	0	--	0	--	0	--	0	--	0		0	0	0.00%	
	30131	3000	3100051					虎腳印	阻擋物件		機關	0	無	平均	102	99	99	0	0	0	obj68a	1		1	0	0	0	1	600	100	600	100	1001			6000	0	4139	1000	218	218	0	0	60	0	218	0									0	0	100	0		100	1	1												-1	900		5020050							EF0001	EF_die_01b	EF_ov_01a	0	0																	0																	--	0	--	0	--	0	--	0	--	0		0	0	0.00%	
#	2.可攻擊阻擋物件																																			0	0	0	0																	0	0		0																													0	0																	0																												0		0.00%	
	30201	3000	3100019					石塊	可破壞阻擋物件		機關	0	無	平均	8	5	5	1	1	0	obj02	1		1.3	0		0	1	250	100	220	120	1001			1435	1700	47	121	34	34	0	0	14	0	34	0	0	0	0	0	133	133	133	133	0	0	100	0		50	0	1									0	0	0	-1	2		5050050	9404010						EF0001	EF_die_01b	EF_ov_01a	0	0																	0			20														--	0	--	0	--	0	--	0	--	0		0	0	0.00%	
	30202	3000	3100019					石塊	可破壞阻擋物件		機關	0	無	平均	18	15	15	1	1	0	obj02	1		1.3	0		0	1	250	100	220	120	1001			3675	2700	102	229	54	54	0	0	19	0	54	0	0	0	0	0	252	252	252	252	0	0	100	0		50	0	1									0	0	0	-1	2		5050050	9404010						EF0001	EF_die_01b	EF_ov_01a	0	0																	0			20														--	0	--	0	--	0	--	0	--	0		0	0	0.00%	
	30203	3000	3100019					石塊	可破壞阻擋物件		機關	0	無	平均	28	25	25	1	1	0	obj02	1		1.3	0		0	1	250	100	220	120	1001			7330	3700	340	356	74	74	0	0	24	0	74	0	0	0	0	0	392	392	392	392	0	0	100	0		50	0	1									0	0	0	-1	2		5050050	9404010						EF0001	EF_die_01b	EF_ov_01a	0	0																	0			20														--	0	--	0	--	0	--	0	--	0		0	0	0.00%	
	30204	3000	3100019					石塊	可破壞阻擋物件		機關	0	無	平均	38	35	35	1	1	0	obj02	1		1.3	0		0	1	250	100	220	120	1001			10260	4700	666	501	94	94	0	0	29	0	94	0	0	0	0	0	551	551	551	551	0	0	100	0		50	0	1									0	0	0	-1	2		5050050	9404010						EF0001	EF_die_01b	EF_ov_01a	0	0																	0			20														--	0	--	0	--	0	--	0	--	0		0	0	0.00%	
	30205	3000	3100019					石塊	可破壞阻擋物件		機關	0	無	平均	48	45	45	1	1	0	obj02	1		1.3	0		0	1	250	100	220	120	1001			13860	5700	873	658	114	114	0	0	34	0	114	0	0	0	0	0	724	724	724	724	0	0	100	0		50	0	1									0	0	0	-1	2		5050050	9404010						EF0001	EF_die_01b	EF_ov_01a	0	0																	0			20														--	0	--	0	--	0	--	0	--	0		0	0	0.00%	
	30206	3000	3100019					石塊	可破壞阻擋物件		機關	0	無	平均	58	55	55	1	1	0	obj02	1		1.3	0		0	1	250	100	220	120	1001			18460	6700	1208	821	134	134	0	0	39	0	134	0	0	0	0	0	903	903	903	903	0	0	100	0		50	0	1									0	0	0	-1	2		5050050	9404010						EF0001	EF_die_01b	EF_ov_01a	0	0																	0			20														--	0	--	0	--	0	--	0	--	0		0	0	0.00%	
	30211	3000	3100020					柵欄	可破壞阻擋物件		機關	0	無	平均	8	5	5	1	1	0	obj02a	1		1.3	0		0	1	200	100	180	100	1001			1435	1700	47	121	34	34	0	0	14	0	34	0	0	0	0	0	133	133	133	133	0	0	100	0		50	0	1									0	0	0	-1	2		5060050	9404010						EF0001	EF_die_01a	EF_ov_01a	0	0																	0			20														--	0	--	0	--	0	--	0	--	0		0	0	0.00%	
	30212	3000	3100020					柵欄	可破壞阻擋物件		機關	0	無	平均	18	15	15	1	1	0	obj02a	1		1.3	0		0	1	200	100	180	100	1001			3675	2700	102	229	54	54	0	0	19	0	54	0	0	0	0	0	252	252	252	252	0	0	100	0		50	0	1									0	0	0	-1	2		5060050	9404010						EF0001	EF_die_01a	EF_ov_01a	0	0																	0			20														--	0	--	0	--	0	--	0	--	0		0	0	0.00%	
	30213	3000	3100020					柵欄	可破壞阻擋物件		機關	0	無	平均	28	25	25	1	1	0	obj02a	1		1.3	0		0	1	200	100	180	100	1001			7330	3700	340	356	74	74	0	0	24	0	74	0	0	0	0	0	392	392	392	392	0	0	100	0		50	0	1									0	0	0	-1	2		5060050	9404010						EF0001	EF_die_01a	EF_ov_01a	0	0																	0			20														--	0	--	0	--	0	--	0	--	0		0	0	0.00%	
	30214	3000	3100020					柵欄	可破壞阻擋物件		機關	0	無	平均	38	35	35	1	1	0	obj02a	1		1.3	0		0	1	200	100	180	100	1001			10260	4700	666	501	94	94	0	0	29	0	94	0	0	0	0	0	551	551	551	551	0	0	100	0		50	0	1									0	0	0	-1	2		5060050	9404010						EF0001	EF_die_01a	EF_ov_01a	0	0																	0			20														--	0	--	0	--	0	--	0	--	0		0	0	0.00%	
	30215	3000	3100020					柵欄	可破壞阻擋物件		機關	0	無	平均	48	45	45	1	1	0	obj02a	1		1.3	0		0	1	200	100	180	100	1001			13860	5700	873	658	114	114	0	0	34	0	114	0	0	0	0	0	724	724	724	724	0	0	100	0		50	0	1									0	0	0	-1	2		5060050	9404010						EF0001	EF_die_01a	EF_ov_01a	0	0																	0			20														--	0	--	0	--	0	--	0	--	0		0	0	0.00%	
	30216	3000	3100020					柵欄	可破壞阻擋物件		機關	0	無	平均	58	55	55	1	1	0	obj02a	1		1.3	0		0	1	200	100	180	100	1001			18460	6700	1208	821	134	134	0	0	39	0	134	0	0	0	0	0	903	903	903	903	0	0	100	0		50	0	1									0	0	0	-1	2		5060050	9404010						EF0001	EF_die_01a	EF_ov_01a	0	0																	0			20														--	0	--	0	--	0	--	0	--	0		0	0	0.00%	
	30217	3000	3100020					柵欄(39關用，重生)	可破壞阻擋物件		機關	0	無	平均	48	45	45	1	1	0	obj02a	1		1.3	0		0	1	200	100	180	100	1001			13860	5700	873	658	114	114	0	0	34	0	114	0	0	0	0	0	724	724	724	724	0	0	100	0		50	0	1									0	0	0	9	2		5060050	9404010						EF0001	EF_die_01a	EF_ov_01a	0	0																	0			20														--	0	--	0	--	0	--	0	--	0		0	0	0.00%	
	30221	3000	3100021					城門	可破壞阻擋物件		機關	2	怕地	平均	8	5	5	1	1	0	obj02b	0.3		1.3	0		0	1	200	50	150	60	1001			1435	1700	47	121	34	34	0	0	14	0	34	0	0	0	0	0	2	23	23	23	0	0	100	0		50	0	1									0	0	0	-1	2		5070050	5074010						EF0001	EF_die_01b	EF_ov_01a	0	0																	0			20														--	0	--	0	--	0	--	0	--	0		0	0	0.00%	
	30222	3000	3100021					城門	可破壞阻擋物件		機關	2	怕地	平均	18	15	15	1	1	0	obj02b	0.3		1.3	0		0	1	200	50	150	60	1001			3675	2700	102	229	54	54	0	0	19	0	54	0	0	0	0	0	5	47	47	47	0	0	100	0		50	0	1									0	0	0	-1	2		5070050	5074010						EF0001	EF_die_01b	EF_ov_01a	0	0																	0			20														--	0	--	0	--	0	--	0	--	0		0	0	0.00%	
	30223	3000	3100021					城門	可破壞阻擋物件		機關	2	怕地	平均	28	25	25	1	1	0	obj02b	1		1.3	0		0	1	600	100	500	200	1001			7330	3700	340	356	74	74	0	0	24	0	74	0	0	0	0	0	8	82	82	82	0	0	100	0		50	0	1									0	0	0	-1	2		5070050	5074010						EF0001	EF_die_01b	EF_ov_01a	0	0																	0			20														--	0	--	0	--	0	--	0	--	0		0	0	0.00%	
	30224	3000	3100021					城門	可破壞阻擋物件		機關	2	怕地	平均	38	35	35	1	1	0	obj02b	1		1.3	0		0	1	600	100	500	200	1001			10260	4700	666	501	94	94	0	0	29	0	94	0	0	0	0	0	13	130	130	130	0	0	100	0		50	0	1									0	0	0	-1	2		5070050	5074010						EF0001	EF_die_01b	EF_ov_01a	0	0																	0			20														--	0	--	0	--	0	--	0	--	0		0	0	0.00%	
	30225	3000	3100021					城門	可破壞阻擋物件		機關	2	怕地	平均	48	45	45	1	1	0	obj02b	1		1.3	0		0	1	600	100	500	200	1001			13860	5700	873	658	114	114	0	0	34	0	114	0	0	0	0	0	19	195	195	195	0	0	100	0		50	0	1									0	0	0	-1	2		5070050	5074010						EF0001	EF_die_01b	EF_ov_01a	0	0																	0			20														--	0	--	0	--	0	--	0	--	0		0	0	0.00%	
	30226	3000	3100021					城門	可破壞阻擋物件		機關	2	怕地	平均	58	55	55	1	1	0	obj02b	1		1.3	0		0	1	600	100	500	200	1001			18460	6700	1208	821	134	134	0	0	39	0	134	0	0	0	0	0	28	281	281	281	0	0	100	0		50	0	1									0	0	0	-1	2		5070050	5074010						EF0001	EF_die_01b	EF_ov_01a	0	0																	0			20														--	0	--	0	--	0	--	0	--	0		0	0	0.00%	
	30261	3000	3100008					受困的葫蘆砲車	可破壞阻擋物件		機關	3	怕水	平均	15	15	15	1	1	0	obj11	1		1.3	0		0	1	250	250	230	180	1001			3140	2400	83	202	48	48	0	0	17	0	48	0	0	0	0	0	40	4	40	40	0	0	100	0		50	0	1									200	220	400	-1	10		5180050	9404010						EF0001	EF_die_01b	EF_ov_01a	0	0																	0			20														--	0	--	0	--	0	--	0	--	0		0	0	0.00%	
	30262	3000	3100009					打氣筒	可破壞阻擋物件		機關	4	怕火	平均	28	25	25	1	1	0	obj11a	1		1.3	0		0	1	100	130	60	60	1001			7330	3700	340	356	74	74	0	0	24	0	74	0	0	0	0	0	82	82	8	82	0	0	100	0		50	0	1									0	0	0	-1	2									EF0001	EF_die_01a	EF_ov_01a	0	0																	0			20														--	0	--	0	--	0	--	0	--	0		0	0	0.00%	
	30263	3000	3100010					小捲笛	可破壞阻擋物件		機關	1	怕風	平均	28	25	25	1	1	0	obj11b	1		1.3	0		0	1	40	40	60	20	1001			7330	3700	340	356	74	74	0	0	24	0	74	0	0	0	0	0	82	82	82	8	0	0	100	0		50	0	1									0	0	0	-1	2									EF0001	EF_die_01a	EF_ov_01a	0	0																	0			20														--	0	--	0	--	0	--	0	--	0		0	0	0.00%	
	30264	3000	3100011					大捲笛	可破壞阻擋物件		機關	1	怕風	平均	38	35	35	1	1	0	obj11c	2		1.3	0		0	1	80	80	120	40	1001			10260	4700	666	501	94	94	0	0	29	0	94	0	0	0	0	0	130	130	130	13	0	0	100	0		50	0	1									0	0	0	-1	2									EF0001	EF_die_01a	EF_ov_01a	0	0																	0			20														--	0	--	0	--	0	--	0	--	0		0	0	0.00%	
	30265	3000	3100026					香蕉發射要塞	可破壞阻擋物件		中BOSS	3	怕水	平均	28	25	25	1	1	1	obj13	0.5		1.3	0		0	0	380	400	320	280	1001			14660	3700	340	356	74	74	0	0	24	0	74	0	0	0	0	0	82	8	82	82	0	0	100	0	300	50	1	1	3217011	1	100	3217013	1	100			200	220	400	1800	10			9404010					50	EF0001	EF_die_01b	EF_ov_01a	0	0																	6370			20														--	0	--	0	--	0	--	0	--	0		"6,455"	0	0.00%	
	30266	3000	3100012					寶箱	可破壞阻擋物件		機關	3	怕水	平均	38	35	35	1	1	0	obj11f	3		1.3	0		0	1	150	150	120	90	1001			10260	4700	666	501	94	94	0	0	29	0	94	0	0	0	0	0	130	13	130	130	0	0	100	0		50	0	1									200	220	400	-1	10		5200050	9404010						EF0001	EF_die_01a	EF_ov_01a	0	0	2																0			20														--	0	--	0	--	0	--	0	--	0		0	0	0.00%	0
	30268	3000	3100038					超級蒸籠箱	可破壞阻擋物件		野外強小怪	3	怕水	平均	42	41	41	1	1	1	obj26	1		1.3	0		0	1	230	1000	140	90	1001			7038	5100	744	560	102	102	0	0	31	0	102	0	0	0	0	0	155	15	155	155	0	0	100	0		50	0	1									200	220	400	-1	10		5200050	9404010						EF0001	EF_die_01a	EF_ov_01a	0	0																	0			20														--	0	--	0	--	0	--	0	--	0		0	0		
	30269	3000	3100037					蒸籠箱	可破壞阻擋物件		野外小怪	3	怕水	平均	39	39	39	1	1	1	obj11g	1		1.3	0		0	1	130	150	150	90	1001			4198	4800	687	517	96	96	0	0	29	0	96	0	0	0	0	0	135	14	135	135	0	0	100	0		50	0	1									200	220	400	-1	10		5200050	9404010						EF0001	EF_die_01a	EF_ov_01a	0	0																	0			20														--	0	--	0	--	0	--	0	--	0		0	0		
	30270	3000	3002501					象王1(挨打用)	可破壞阻擋物件		機關	3	怕水	平均	18	15	15	1	1	0	mobb0064	1		1.3	0		0	0	320	300	250	180	1001			3675	2700	102	229	54	54	0	0	19	0	54	0	0	0	0	0	47	5	47	47	0	0	100	0	300	50	0	1									200	220	400	-1	0		5280050	5284010					50	EF0001	EF_die_01a	EF_ov_01a	0	0																	0			20														--	0	--	0	--	0	--	0	--	0		0	0		
	30271	3000	3002501					象王2(挨打用)	可破壞阻擋物件		機關	3	怕水	平均	18	15	15	1	1	0	mobb0064	1		1.3	0		0	0	320	300	250	180	1001			3675	2700	102	229	54	54	0	0	19	0	54	0	0	0	0	0	47	5	47	47	0	0	100	0	300	50	0	1									200	220	400	-1	0		5280050	5284010					50	EF0001	EF_die_01a	EF_ov_01a	0	0																	0			20														--	0	--	0	--	0	--	0	--	0		0	0		
	30272	3000	3002501					象王3(挨打用)	可破壞阻擋物件		機關	3	怕水	平均	18	15	15	1	1	0	mobb0064	1		1.3	0		0	0	320	300	250	180	1001			3675	2700	102	229	54	54	0	0	19	0	54	0	0	0	0	0	47	5	47	47	0	0	100	0	300	50	0	1									200	220	400	-1	10		5280050	5284010					50	EF0001	EF_die_01a	EF_ov_01a	0	0																	0			20														--	0	--	0	--	0	--	0	--	0		0	0		
	30273	3000	6100000					表演升旗(代用)	可破壞阻擋物件		機關	3	怕水	平均	18	15	15	1	1	0	obj30	1		1.3	0		0	1	50	50	120	40	1001			3675	2700	102	229	54	54	0	0	19	0	54	0	0	0	0	0	47	5	47	47	0	0	100	0		50	0	1									200	220	400	-1	600									EF0001	EF_die_01a	EF_ov_01a	0	0																	0			20														--	0	--	0	--	0	--	0	--	0		0	0		
	30274	3000	6100000					表演升旗(代用)	可破壞阻擋物件		機關	3	怕水	平均	18	15	15	1	1	0	obj30a	1		1.3	0		0	1	50	50	120	40	1001			3675	2700	102	229	54	54	0	0	19	0	54	0	0	0	0	0	47	5	47	47	0	0	100	0		50	0	1									200	220	400	-1	600									EF0001	EF_die_01a	EF_ov_01a	0	0																	0			20														--	0	--	0	--	0	--	0	--	0		0	0		
	30275	3000	6100000					表演升旗(代用)	可破壞阻擋物件		機關	3	怕水	平均	18	15	15	1	1	0	obj30b	1		1.3	0		0	1	50	50	120	40	1001			3675	2700	102	229	54	54	0	0	19	0	54	0	0	0	0	0	47	5	47	47	0	0	100	0		50	0	1									200	220	400	-1	600									EF0001	EF_die_01a	EF_ov_01a	0	0																	0			20														--	0	--	0	--	0	--	0	--	0		0	0		
	30276	3000	6100000					表演升旗(代用)	可破壞阻擋物件		機關	3	怕水	平均	18	15	15	1	1	0	obj30c	1		1.3	0		0	1	50	50	120	40	1001			3675	2700	102	229	54	54	0	0	19	0	54	0	0	0	0	0	47	5	47	47	0	0	100	0		50	0	1									200	220	400	-1	600									EF0001	EF_die_01a	EF_ov_01a	0	0																	0			20														--	0	--	0	--	0	--	0	--	0		0	0		
	30277	3000	3100030					貓咪淚水缸	可破壞阻擋物件		機關	2	水	平均	53	50	50	1	1	0	obj37	1		1.3	0		0	1	80	80	80	50	1001			16050	6200	1087	738	124	124	0	0	36	0	124	0	0	938	0	0	23	235	235	235	0	0	100	0		50	0	1									200	220	400	-1	600		5320050	9404010						EF0001	EF_die_01a	EF_ov_01a	0	0																	0			20														--	0	--	0	--	0	--	0	--	0		0	0		
	30278	3000	3100033					天山雪蓮	可破壞阻擋物件		機關	2	水	平均	53	50	50	1	1	0	obj39	0.5		1.3	0		0	1	40	40	40	20	1001			4000	6200	1087	109	124	124	0	0	36	0	124	0	0	938	0	0	23	235	235	235	0	0	100	0		50	0	1									200	220	400	300	10			9404010						EF0001	EF_die_01a	EF_ov_01a	0	0																	0			20														--	0	--	0	--	0	--	0	--	0		0	0		
	30279	3000	3100031					官階用地雷	可破壞阻擋物件		機關	3	火	林沖	48	45	45	1	1	0	obj40	1		1.3	0		0	1	80	80	40	40	1001			100	5130	908	109	119	125	0	0	34	0	114	0	0	0	747	0	180	18	180	180	0	0	100	0		50	0	1									200	220	400	-1	10			9404010						EF0001	EF_die_01a	EF_ov_01a	0	0																	0			20														--	0	--	0	--	0	--	0	--	0		0	0		
	30280	3000	3100034					燈柱	可破壞阻擋物件		機關	3	火	平均	42	39	39	1	1	0	se04_obj005a	1		1.3	0		0	1	125	125	125	90	1001			101	5100	744	110	102	102	0	0	31	0	102	0	0	0	617	0	155	15	155	155	0	0	100	0		50	0	1									200	220	400	9	3			9404010						EF0001	EF_die_01a	EF_ov_01a	0	0																	0			20														--	0	--	0	--	0	--	0	--	0		0	0		
	30281	3000	3100035					變異植物	可破壞阻擋物件		機關	2	水	林沖	53	50	50	1	1	0	obj39	0.5		1.3	0		0	1	40	40	40	20	1001			100	5580	1130	109	129	136	0	0	36	0	124	0	0	902	0	0	22	217	217	217	0	0	100	0		50	0	1									200	220	400	300	3			9404010						EF0001	EF_die_01a	EF_ov_01a	0	0																	0			20														--	0	--	0	--	0	--	0	--	0		0	0		
	30282	3000	3100036					熱帶植物	可破壞阻擋物件		機關	3	火	雷橫	53	50	50	1	1	0	se04_obj002a	1.5		1.1	0		0	1	250	250	190	150	1001			100000	5456	1174	200	131	118	0	0	36	0	124	0	0	0	869	0	225	23	225	225	0	0	100	0		50	0	1									200	220	400	60	3			9404010						EF0001	EF_die_01a	EF_ov_01a	0	0																	0			20														--	0	--	0	--	0	--	0	--	0		0	0		
	30283	3000	3100039					藥草	可破壞阻擋物件		機關	2	水	林沖	20	17	17	1	1	0	obj47	1		1.3	0		0	1	40	40	50	20	1001			1000	2610	133	109	60	64	0	0	20	0	58	0	0	208	0	0	5	50	50	50	0	0	100	0		50	0	1									200	220	400	30	3			9404010						EF0001	EF_die_01a	EF_ov_01a	0	0																	0			20														--	0	--	0	--	0	--	0	--	0		0	0		
	30284	3000	3200150					巨大營養蘿蔔	可破壞阻擋物件		機關	0	無	平均	23	20	20	1	1	0	con_002a	4		1.1	0		0	1	250	250	200	150	1001			100000	3200	185	109	64	64	0	0	21	0	64	0	0	0	0	0	320	320	320	320	0	0	100	0		50	0	1									0	0	0	10	3			9404010						EF0001	EF_die_01a	EF_ov_01a	0	0																	0			20														--	0	--	0	--	0	--	0	--	0		0	0		
	30285	3000	3200151					巨大營養香蕉	可破壞阻擋物件		機關	0	無	平均	33	30	30	1	1	0	obj47-1	2		1.1	0		0	1	250	250	230	150	1001			100000	4200	494	110	84	84	0	0	26	0	84	0	0	0	0	0	469	469	469	469	0	0	100	0		50	0	1									0	0	0	10	3			9404010						EF0001	EF_die_01a	EF_ov_01a	0	0																	0			20														--	0	--	0	--	0	--	0	--	0		0	0		
	30286	3000	3200152					巨大營養鳳梨	可破壞阻擋物件		機關	0	無	平均	43	40	40	1	1	0	obj48	2		1.1	0		0	1	250	250	230	150	1001			100000	5200	766	109	104	104	0	0	31	0	104	0	0	0	0	0	635	635	635	635	0	0	100	0		50	0	1									0	0	0	10	3			9404010						EF0001	EF_die_01a	EF_ov_01a	0	0																	0			20														--	0	--	0	--	0	--	0	--	0		0	0		
	30287	3000	3200153					巨大營養葡萄	可破壞阻擋物件		機關	0	無	平均	53	50	50	1	1	0	obj49	1.5		1.1	0		0	1	250	250	150	150	1001			100000	6200	1087	200	124	124	0	0	36	0	124	0	0	0	0	0	812	812	812	812	0	0	100	0		50	0	1									0	0	0	10	3			9404010						EF0001	EF_die_01a	EF_ov_01a	0	0																	0			20														--	0	--	0	--	0	--	0	--	0		0	0		
	30288	3000	3100043					竹筍	可破壞阻擋物件		機關	0	無	平均	10	10	10	1	1	0	obj58	1		1.2	0		0	1	50	50	50	50	1001			10	1	1	147	38	38	0	0	15	0	38	0	0	0	0	0	1	1	1	1	0	0	100	0		50	0	1									0	0	0	10	3			9404010						EF0001	EF_die_01a	EF_ov_01a	0	0																	0			20														--	0	--	0	--	0	--	0	--	0		0	0		
	30289	3000	3100045					藍蘿蔔	可破壞阻擋物件		機關	0	無	平均	10	10	10	1	1	0	obj61	0.7		1.1	0	0.1	0	1	50	50	40	25	1001	0	0	1000	1	1	147	38	38	0	0	15	0	38	0	1	1	1	1	1	1	1	1	0	0	100	0		50	0	1									0	0	0	10	3			9404010						EF0001	EF_die_01a	EF_ov_01a	0	0																	0			20														--	0	--	0	--	0	--	0	--	0		0	0	0	
	30290	3000	3100046					消防栓	可破壞阻擋物件		機關	0	水	孫二娘	20	20	20	1	1	0	switch2	1		1.1	0	0.1	0	1	50	50	40	25	2001	0	0	3776	1	1	263	58	55	0	0	20	0	58	0	1	1	1	1	1	1	1	1	0	0	100	0		50	0	1									0	0	0	10	3			9404010						EF0001	EF_die_01a	EF_ov_01a	0	0																	0			20														--	0	--	0	--	0	--	0	--	0		0	0	0	
	30291	3000	3100047					泥土推	可破壞阻擋物件		機關	0	地	戴宗	30	30	30	1	1	0	obj62	1		1.1	0	0.1	0	1	50	50	40	25	1001	0	0	6037	1	1	367	75	86	0	0	25	0	78	0	1	1	1	1	1	1	1	1	0	0	100	0		50	0	1									0	0	0	30	3			9404010						EF0001	EF_die_01a	EF_ov_01a	0	0																	0			20														--	0	--	0	--	0	--	0	--	0		0	0	0	
	30292	3000	3100048	彪城	野外段	1018		套圈圈彪(紅)			機關	0	無	戴宗	40	40	40	1	0	0	obj67a	1		1	0	0	0	1	20	20	100	60	2001	9999		100000	1	1	510	94	108	0	0	30	0	98	0	1	1	1	1	1	1	1	1	0	0		99		100	0	0							2011050		0	0	0	7	3									Empty	EF_die_01a	EF_ov_01a	0	0																	0			300															0	--	0	--	0	--	0	--	0		0	0		
	30293	3000	3100049	彪城	野外段	1018		套圈圈彪(黃)			機關	0	無	戴宗	40	40	40	1	0	0	obj67b	1		1	0	0	0	1	20	20	100	60	2001	9999		100000	1	1	510	94	108	0	0	30	0	98	0	1	1	1	1	1	1	1	1	0	0		99		100	0	0							2011050		0	0	0	7	3									Empty	EF_die_01a	EF_ov_01a	0	0																	0			300														--	0	--	0	--	0	--	0	--	0		0	0		
	30294	3000	3100050	彪城	野外段	1018		套圈圈彪(橘)			機關	0	無	戴宗	40	40	40	1	0	0	obj67	1		1	0	0	0	1	20	20	100	60	2001	9999		100000	1	1	510	94	108	0	0	30	0	98	0	1	1	1	1	1	1	1	1	0	0		99		100	0	0							2011050		0	0	0	7	3									Empty	EF_die_01a	EF_ov_01a	0	0																	0			300														--	0	--	0	--	0	--	0	--	0		0	0		
#	3.不可攻擊節奏性阻擋物件(血量為6000，方便script操作)																																			0	0	0	0																	0	0		0																													0	0																	0																															
	30301	3000	6100000					上開式閘門	節奏性阻擋物件		機關	0	無	平均	8	5	5	0	0	0	obj03	1		1	0	0	0	1	200	50	400	100	1001			1435	1700	47	121	34	34	0	0	14	0	34	0	0	0	0	0	133	133	133	133	0	0	100	0		50	1	1									0	0	0	-1	999999	5080010	5086010							EF0001	EF_die_01b	EF_ov_01a	0	0																	0																	--	0	--	0	--	0	--	0	--	0		0	0		
	30302	3000	6100000					上開式閘門	節奏性阻擋物件		機關	0	無	平均	18	15	15	0	0	0	obj03	1		1	0	0	0	1	200	50	400	100	1001			3675	2700	102	229	54	54	0	0	19	0	54	0	0	0	0	0	252	252	252	252	0	0	100	0		50	1	1									0	0	0	-1	999999	5080010	5086010							EF0001	EF_die_01b	EF_ov_01a	0	0																	0																	--	0	--	0	--	0	--	0	--	0		0	0		
	30303	3000	6100000					上開式閘門	節奏性阻擋物件		機關	0	無	平均	28	25	25	0	0	0	obj03	1		1	0	0	0	1	200	50	400	100	1001			7330	3700	340	356	74	74	0	0	24	0	74	0	0	0	0	0	392	392	392	392	0	0	100	0		50	1	1									0	0	0	-1	999999	5080010	5086010							EF0001	EF_die_01b	EF_ov_01a	0	0																	0																	--	0	--	0	--	0	--	0	--	0		0	0		
	30304	3000	6100000					上開式閘門	節奏性阻擋物件		機關	0	無	平均	38	35	35	0	0	0	obj03	1		1	0	0	0	1	200	50	400	100	1001			10260	4700	666	501	94	94	0	0	29	0	94	0	0	0	0	0	551	551	551	551	0	0	100	0		50	1	1									0	0	0	-1	999999	5080010	5086010							EF0001	EF_die_01b	EF_ov_01a	0	0																	0																	--	0	--	0	--	0	--	0	--	0		0	0		
	30305	3000	6100000					上開式閘門	節奏性阻擋物件		機關	0	無	平均	48	45	45	0	0	0	obj03	1		1	0	0	0	1	200	50	400	100	1001			13860	5700	873	658	114	114	0	0	34	0	114	0	0	0	0	0	724	724	724	724	0	0	100	0		50	1	1									0	0	0	-1	999999	5080010	5086010							EF0001	EF_die_01b	EF_ov_01a	0	0																	0																	--	0	--	0	--	0	--	0	--	0		0	0		
	30306	3000	6100000					上開式閘門	節奏性阻擋物件		機關	0	無	平均	58	55	55	0	0	0	obj03	1		1	0	0	0	1	200	50	400	100	1001			18460	6700	1208	821	134	134	0	0	39	0	134	0	0	0	0	0	903	903	903	903	0	0	100	0		50	1	1									0	0	0	-1	999999	5080010	5086010							EF0001	EF_die_01b	EF_ov_01a	0	0																	0																	--	0	--	0	--	0	--	0	--	0		0	0		
	30311	3000	6100000					竹尖刺	節奏性阻擋物件		機關	0	無	平均	8	5	5	0	0	0	obj03a	1		1	0	0	0	1	200	50	400	100	1001			1435	1700	47	121	34	34	0	0	14	0	34	0	0	0	0	0	133	133	133	133	0	0	100	0		50	1	1									0	0	0	-1	999999	5090010	5096010							EF0001	EF_die_01b	EF_ov_01a	0	0																	0																	--	0	--	0	--	0	--	0	--	0		0	0		
	30312	3000	6100000					竹尖刺	節奏性阻擋物件		機關	0	無	平均	18	15	15	0	0	0	obj03a	1		1	0	0	0	1	200	50	400	100	1001			3675	2700	102	229	54	54	0	0	19	0	54	0	0	0	0	0	252	252	252	252	0	0	100	0		50	1	1									0	0	0	-1	999999	5090010	5096010							EF0001	EF_die_01b	EF_ov_01a	0	0																	0																	--	0	--	0	--	0	--	0	--	0		0	0		
	30313	3000	6100000					竹尖刺	節奏性阻擋物件		機關	0	無	平均	28	25	25	0	0	0	obj03a	1		1	0	0	0	1	200	50	400	100	1001			7330	3700	340	356	74	74	0	0	24	0	74	0	0	0	0	0	392	392	392	392	0	0	100	0		50	1	1									0	0	0	-1	999999	5090010	5096010							EF0001	EF_die_01b	EF_ov_01a	0	0																	0																	--	0	--	0	--	0	--	0	--	0		0	0		
	30314	3000	6100000					竹尖刺	節奏性阻擋物件		機關	0	無	平均	38	35	35	0	0	0	obj03a	1		1	0	0	0	1	200	50	400	100	1001			10260	4700	666	501	94	94	0	0	29	0	94	0	0	0	0	0	551	551	551	551	0	0	100	0		50	1	1									0	0	0	-1	999999	5090010	5096010							EF0001	EF_die_01b	EF_ov_01a	0	0																	0																	--	0	--	0	--	0	--	0	--	0		0	0		
	30315	3000	6100000					竹尖刺	節奏性阻擋物件		機關	0	無	平均	48	45	45	0	0	0	obj03a	1		1	0	0	0	1	200	50	400	100	1001			13860	5700	873	658	114	114	0	0	34	0	114	0	0	0	0	0	724	724	724	724	0	0	100	0		50	1	1									0	0	0	-1	999999	5090010	5096010							EF0001	EF_die_01b	EF_ov_01a	0	0																	0																	--	0	--	0	--	0	--	0	--	0		0	0		
	30316	3000	6100000					竹尖刺	節奏性阻擋物件		機關	0	無	平均	58	55	55	0	0	0	obj03a	1		1	0	0	0	1	200	50	400	100	1001			18460	6700	1208	821	134	134	0	0	39	0	134	0	0	0	0	0	903	903	903	903	0	0	100	0		50	1	1									0	0	0	-1	999999	5090010	5096010							EF0001	EF_die_01b	EF_ov_01a	0	0																	0																	--	0	--	0	--	0	--	0	--	0		0	0		
	30321	3000	6100000					香蕉鎚	節奏性阻擋物件		機關	0	無	平均	8	5	5	0	0	0	obj03b	0.5		1	0		0	1	200	50	400	100	1001			1435	1700	47	121	34	34	0	0	14	0	34	0	0	0	0	0	133	133	133	133	0	0	100	0		50	1	1									0	0	0	-1	999999									EF0001	EF_die_01b	EF_ov_01a	0	0																	0																	--	0	--	0	--	0	--	0	--	0		0	0		
	30322	3000	6100000					香蕉鎚	節奏性阻擋物件		機關	0	無	平均	18	15	15	0	0	0	obj03b	0.5		1	0	0	0	1	200	50	400	100	1001			3675	2700	102	229	54	54	0	0	19	0	54	0	0	0	0	0	252	252	252	252	0	0	100	0		50	1	1									0	0	0	-1	999999									EF0001	EF_die_01b	EF_ov_01a	0	0																	0																	--	0	--	0	--	0	--	0	--	0		0	0		
	30323	3000	6100000					香蕉鎚	節奏性阻擋物件		機關	0	無	平均	28	25	25	0	0	0	obj03b	0.5		1	0	0	0	1	200	50	400	100	1001			7330	3700	340	356	74	74	0	0	24	0	74	0	0	0	0	0	392	392	392	392	0	0	100	0		50	1	1									0	0	0	-1	999999									EF0001	EF_die_01b	EF_ov_01a	0	0																	0																	--	0	--	0	--	0	--	0	--	0		0	0		
	30324	3000	6100000					香蕉鎚	節奏性阻擋物件		機關	0	無	平均	38	35	35	0	0	0	obj03b	0.5		1	0	0	0	1	200	50	400	100	1001			10260	4700	666	501	94	94	0	0	29	0	94	0	0	0	0	0	551	551	551	551	0	0	100	0		50	1	1									0	0	0	-1	999999									EF0001	EF_die_01b	EF_ov_01a	0	0																	0																	--	0	--	0	--	0	--	0	--	0		0	0		
	30325	3000	6100000					香蕉鎚	節奏性阻擋物件		機關	0	無	平均	48	45	45	0	0	0	obj03b	0.5		1	0	0	0	1	200	50	400	100	1001			13860	5700	873	658	114	114	0	0	34	0	114	0	0	0	0	0	724	724	724	724	0	0	100	0		50	1	1									0	0	0	-1	999999									EF0001	EF_die_01b	EF_ov_01a	0	0																	0																	--	0	--	0	--	0	--	0	--	0		0	0		
	30326	3000	6100000					香蕉鎚	節奏性阻擋物件		機關	0	無	平均	58	55	55	0	0	0	obj03b	0.5		1	0	0	0	1	200	50	400	100	1001			18460	6700	1208	821	134	134	0	0	39	0	134	0	0	0	0	0	903	903	903	903	0	0	100	0		50	1	1									0	0	0	-1	999999									EF0001	EF_die_01b	EF_ov_01a	0	0																	0																	--	0	--	0	--	0	--	0	--	0		0	0		
#	4.流動物件																																			0	0	0	0																	0	0		0																													0	0																	0																															
	30401	3000	6100000					流沙	流動物件		機關	0	無	平均	102	99	99	0	0	0	obj04	1		1	0	0	0	1	200	200	50	100	1001			6000	0	4139	0	218	218	0	0	60	0	218	0									0	0	100	0		50	1	1									0	0	0	-1	3									EF0001	EF_die_01a	EF_ov_01a	0	0																	0																	--	0	--	0	--	0	--	0	--	0		0	0		
	30403	3000	3100027					風扇	阻力物件		機關	0	無	平均	102	99	99	1	1	1	obj32	3		1	0	0	0	1	120	120	150	60	1001			6000	0	4139	2378	218	218	0	0	60	0	218	0									0	0	100	0		50	1	1									0	0	0	-1	3		9500050	9404010						EF0001	EF_die_01a	EF_ov_01a	0	0																	0																	--	0	--	0	--	0	--	0	--	0		0	0		
	30404	3000	3100047	野外段	彪1	1014		泥土推	流動物件		機關	0	地	戴宗	40	40	40	0	0	0	flo_001a	1		1	0	0	0	1	200	200	50	100	1001			6000	0	706	0	94	108	0	0	30	0	98	0									0	0	100	0		50	1	1									0	0	0	-1	3									EF0001	EF_die_01a	EF_ov_01a	0	0																	0																	--	0	--	0	--	0	--	0	--	0		0	0		
#	5.持續扣血物件																																			0	0	0	0																	0	0		0																													0	0																	0																															
	30501	3000	6100000					岩漿	持續扣血物件		機關	3	火	平均	8	5	5	0	0	0	obj20	1		1	0	0	0	1	100	100	40	50	1001			1435	1700	47	121	34	34	0	0	14	0	34	0	0	0	90	0	23	2	23	23	0	0	100	0		50	1	1									0	0	0	-1	3									EF0001	EF_die_01a	EF_ov_01a	0	0																	0																	--	0	--	0	--	0	--	0	--	0		0	0		
	30502	3000	6100000					岩漿	持續扣血物件		機關	3	火	平均	18	15	15	0	0	0	obj20	1		1	0	0	0	1	100	100	40	50	1001			3675	2700	102	229	54	54	0	0	19	0	54	0	0	0	188	0	47	5	47	47	0	0	100	0		50	1	1									0	0	0	-1	3									EF0001	EF_die_01a	EF_ov_01a	0	0																	0																	--	0	--	0	--	0	--	0	--	0		0	0		
	30503	3000	6100000					岩漿	持續扣血物件		機關	3	火	平均	28	25	25	0	0	0	obj20	5		1	0	0	0	1	400	400	40	200	1001			7330	3700	340	356	74	74	0	0	24	0	74	0	0	0	327	0	82	8	82	82	0	0	100	0		50	1	1									0	0	0	-1	3									EF0001	EF_die_01a	EF_ov_01a	0	0																	0																	--	0	--	0	--	0	--	0	--	0		0	0		
	30504	3000	6100000					岩漿	持續扣血物件		機關	3	火	平均	38	35	35	0	0	0	obj20	1		1	0	0	0	1	100	100	40	50	1001			10260	4700	666	501	94	94	0	0	29	0	94	0	0	0	520	0	130	13	130	130	0	0	100	0		50	1	1									0	0	0	-1	3									EF0001	EF_die_01a	EF_ov_01a	0	0																	0																	--	0	--	0	--	0	--	0	--	0		0	0		
	30505	3000	6100000					岩漿	持續扣血物件		機關	3	火	平均	48	45	45	0	0	0	obj20	1		1	0	0	0	1	100	100	40	50	1001			13860	5700	873	658	114	114	0	0	34	0	114	0	0	0	777	0	195	19	195	195	0	0	100	0		50	1	1									0	0	0	-1	3									EF0001	EF_die_01a	EF_ov_01a	0	0																	0																	--	0	--	0	--	0	--	0	--	0		0	0		
	30506	3000	6100000					岩漿	持續扣血物件		機關	3	火	平均	58	55	55	0	0	0	obj20	1		1	0	0	0	1	100	100	40	50	1001			18460	6700	1208	821	134	134	0	0	39	0	134	0	0	0	1122	0	281	28	281	281	0	0	100	0		50	1	1									0	0	0	-1	3									EF0001	EF_die_01a	EF_ov_01a	0	0																	0																	--	0	--	0	--	0	--	0	--	0		0	0		
	30507	3000	6100000					熱火管滾筒	持續扣血物件		機關	3	火	平均	8	5	5	0	0	0	obj14	1		1	0	0	0	1	600	100	110	100	1001			1435	1700	47	121	34	34	0	0	14	0	34	0	0	0	90	0	23	2	23	23	0	0	100	0		50	1	1									0	0	0	-1	3									EF0001	EF_die_01a	EF_ov_01a	0	0																	0																	--	0	--	0	--	0	--	0	--	0		0	0		
	30508	3000	6100000					熱火管滾筒	持續扣血物件		機關	3	火	平均	18	15	15	0	0	0	obj14	1		1	0	0	0	1	600	100	110	100	1001			3675	2700	102	229	54	54	0	0	19	0	54	0	0	0	188	0	47	5	47	47	0	0	100	0		50	1	1									0	0	0	-1	3									EF0001	EF_die_01a	EF_ov_01a	0	0																	0																	--	0	--	0	--	0	--	0	--	0		0	0		
	30509	3000	6100000					熱火管滾筒	持續扣血物件		機關	3	火	平均	28	25	25	0	0	0	obj14	1		1	0	0	0	1	600	100	110	100	1001			7330	3700	340	356	74	74	0	0	24	0	74	0	0	0	327	0	82	8	82	82	0	0	100	0		50	1	1									0	0	0	-1	3									EF0001	EF_die_01a	EF_ov_01a	0	0																	0																	--	0	--	0	--	0	--	0	--	0		0	0		
	30510	3000	6100000					熱火管滾筒	持續扣血物件		機關	3	火	平均	38	35	35	0	0	0	obj14	1		1	0	0	0	1	600	100	110	100	1001			10260	4700	666	501	94	94	0	0	29	0	94	0	0	0	520	0	130	13	130	130	0	0	100	0		50	1	1									0	0	0	-1	3									EF0001	EF_die_01a	EF_ov_01a	0	0																	0																	--	0	--	0	--	0	--	0	--	0		0	0		
	30511	3000	6100000					熱火管滾筒	持續扣血物件		機關	3	火	平均	48	45	45	0	0	0	obj14	1		1	0	0	0	1	600	100	110	100	1001			13860	5700	873	658	114	114	0	0	34	0	114	0	0	0	777	0	195	19	195	195	0	0	100	0		50	1	1									0	0	0	-1	3									EF0001	EF_die_01a	EF_ov_01a	0	0																	0																	--	0	--	0	--	0	--	0	--	0		0	0		
	30512	3000	6100000					熱火管滾筒	持續扣血物件		機關	3	火	平均	58	55	55	0	0	0	obj14	1		1	0	0	0	1	600	100	110	100	1001			18460	6700	1208	821	134	134	0	0	39	0	134	0	0	0	1122	0	281	28	281	281	0	0	100	0		50	1	1									0	0	0	-1	3									EF0001	EF_die_01a	EF_ov_01a	0	0																	0																	--	0	--	0	--	0	--	0	--	0		0	0		
#	6.不可攻擊阻擋物件																																			0	0	0	0																	0	0		0																													0	0																	0																															
	30601	3000	6100000					鐵牆	不可破壞阻擋物		機關	0	無	平均	102	99	99	0	0	0	obj06	1		1	0	0	0	1	200	50	400	100	1001			6000	0	4139	1000	218	218	0	0	60	0	218	0									0	0	100	0													0	0	0	-1	0												0	0																	0																	--	0	--	0	--	0	--	0	--	0		0	0		
	30602	3000	6100000					鐵柱牆	不可破壞阻擋物		機關	0	無	平均	102	99	99	0	0	0	obj06a	1		1	0	0	0	1	200	50	140	100	1001			6000	0	4139	1000	218	218	0	0	60	0	218	0									0	0	100	0			1	1									0	0	0	-1	0												0	0																	0																	--	0	--	0	--	0	--	0	--	0		0	0		
	30603	3000	6100000					蘿蔔牆	不可破壞阻擋物		機關	0	無	平均	102	99	99	0	0	0	obj06b	1		1	0	0	0	1	300	200	300	100	1001			6000	0	4139	1000	218	218	0	0	60	0	218	0									0	0	100	0													0	0	0	-1	0												0	0																	0																	--	0	--	0	--	0	--	0	--	0		0	0		
	30604	3000	6100000		象衙塔	22		象城用牆	不可破壞阻擋物		機關	0	無	平均	102	99	99	0	0	0	se02_wal01	1		1	0	0	0	1	400	100	400	100	1001			6000	0	4139	1000	218	218	0	0	60	0	218	0									0	0	100	0													0	0	0	-1	0												0	0																	0																	--	0	--	0	--	0	--	0	--	0		0	0		
	30605	3000	6100000		象衙塔	22		象城樹牆	不可破壞阻擋物		機關	0	無	平均	102	99	99	0	0	0	se02_tre01	1.5		1	0	0	0	1	400	100	200	100	1001			6000	0	4139	1000	218	218	0	0	60	0	218	0									0	0	100	0													0	0	0	-1	0												0	0																	0																	--	0	--	0	--	0	--	0	--	0		0	0		
	30606	3000	6100000					鐵絲網圍籬	不可破壞阻擋物		機關	0	無	平均	102	99	99	0	0	0	obj06c	1		1	0	0	0	1	200	50	80	100	1001			6000	0	4139	1000	218	218	0	0	60	0	218	0									0	0	100	0			1	1									0	0	0	-1	0												0	0																	0																	--	0	--	0	--	0	--	0	--	0		0	0		
	30607	3000	6100000			29		關卡標示號碼01	不可破壞阻擋物		機關	0	無	平均	102	99	99	0	0	0	sm01_no01a	5		1	0	0	0	1	200	50	400	100	1001			6000	0	4139	1000	218	218	0	0	60	0	218	0									0	0	100	0			1	1									0	0	0	-1	0												0	0																	0																	--	0	--	0	--	0	--	0	--	0		0	0		
	30608	3000	6100000			29		關卡標示號碼02	不可破壞阻擋物		機關	0	無	平均	102	99	99	0	0	0	sm01_no02a	5		1	0	0	0	1	200	50	400	100	1001			6000	0	4139	1000	218	218	0	0	60	0	218	0									0	0	100	0			1	1									0	0	0	-1	0												0	0																	0																	--	0	--	0	--	0	--	0	--	0		0	0		
	30609	3000	6100000			29		關卡標示號碼03	不可破壞阻擋物		機關	0	無	平均	102	99	99	0	0	0	sm01_no03a	5		1	0	0	0	1	200	50	400	100	1001			6000	0	4139	1000	218	218	0	0	60	0	218	0									0	0	100	0			1	1									0	0	0	-1	0												0	0																	0																	--	0	--	0	--	0	--	0	--	0		0	0		
	30610	3000	3100042					任務偵查點	不可破壞阻擋物		機關	0	無	平均	99	99	99	0	0	0	obj59	1		1	0	0	0	1	100	100	40	100	1001			6000	0	3923	1000	216	216	0	0	59	0	216	0									0	0	100	0													0	0	0	-1	0												0	0																	0																	--	0	--	0	--	0	--	0	--	0		0	0		
	30611	3000	3200164					飛機	不可破壞阻擋物		機關	0	無	平均	102	99	99	0	0	0	car_016	1		1	0	0	0	1	80	80	60	50	1001			6000	0	4139	1000	218	218	0	0	60	0	218	0									0	0	100	0													0	0	0	-1	0												0	0																	0																	--	0	--	0	--	0	--	0	--	0		0	0		
	30612	3000	3100044					廢紙垃圾山	不可破壞阻擋物		機關	0	無	平均	99	99	99	0	0	0	obj60	1		1	0	0	0	1	100	100	60	100	1001			6000	0	3923	1000	216	216	0	0	59	0	216	0									0	0	100	0													0	0	0	-1	0												0	0																	0																	--	0	--	0	--	0	--	0	--	0		0	0		
#	7.落下物件																																			0	0	0	0																	0	0		0																													0	0																	0																															
	30711	3000	6100000					石塊	落下物件		機關	0	無	平均	8	5	5	0	0	0	obj07a	1		1	0	0	0	1	200	100	150	100	1001			1435	1700	47	121	34	34	0	0	14	0	34	0	0	0	0	0	133	133	133	133	0	0	100	0		100	1	1									0	0	0	2	0									EF0001	EF_die_01b	EF_ov_01a	0	0																	0																	--	0	--	0	--	0	--	0	--	0		0	0		
	30712	3000	6100000					石塊	落下物件		機關	0	無	平均	18	15	15	0	0	0	obj07a	1		1	0	0	0	1	200	100	150	100	1001			3675	2700	102	229	54	54	0	0	19	0	54	0	0	0	0	0	252	252	252	252	0	0	100	0		100	1	1									0	0	0	2	0									EF0001	EF_die_01b	EF_ov_01a	0	0																	0																	--	0	--	0	--	0	--	0	--	0		0	0		
	30713	3000	6100000					石塊	落下物件		機關	0	無	平均	28	25	25	0	0	0	obj07a	1		1	0	0	0	1	200	100	150	100	1001			7330	3700	340	356	74	74	0	0	24	0	74	0	0	0	0	0	392	392	392	392	0	0	100	0		100	1	1									0	0	0	2	0									EF0001	EF_die_01b	EF_ov_01a	0	0																	0																	--	0	--	0	--	0	--	0	--	0		0	0		
	30714	3000	6100000					石塊	落下物件		機關	0	無	平均	38	35	35	0	0	0	obj07a	1		1	0	0	0	1	200	100	150	100	1001			10260	4700	666	501	94	94	0	0	29	0	94	0	0	0	0	0	551	551	551	551	0	0	100	0		100	1	1									0	0	0	2	0									EF0001	EF_die_01b	EF_ov_01a	0	0																	0																	--	0	--	0	--	0	--	0	--	0		0	0		
	30715	3000	6100000					石塊	落下物件		機關	0	無	平均	48	45	45	0	0	0	obj07a	1		1	0	0	0	1	200	100	150	100	1001			13860	5700	873	658	114	114	0	0	34	0	114	0	0	0	0	0	724	724	724	724	0	0	100	0		100	1	1									0	0	0	2	0									EF0001	EF_die_01b	EF_ov_01a	0	0																	0																	--	0	--	0	--	0	--	0	--	0		0	0		
	30716	3000	6100000					石塊	落下物件		機關	0	無	平均	58	55	55	0	0	0	obj07a	1		1	0	0	0	1	200	100	150	100	1001			18460	6700	1208	821	134	134	0	0	39	0	134	0	0	0	0	0	903	903	903	903	0	0	100	0		100	1	1									0	0	0	2	0									EF0001	EF_die_01b	EF_ov_01a	0	0																	0																	--	0	--	0	--	0	--	0	--	0		0	0		
	30730	3000	3100031					可重生的地雷	地雷		機關	0	無	平均	42	39	39	0	1	0	EF_06_02	2		1	0	0	0	1	100	100	800	50	1001			10	5100	2000	517	102	102	0	0	31	0	102	0	0	0	0	0	616	616	616	616	0	0	100	0		100	1	1									0	0	0	10	0												0	0																	0																	--	0	--	0	--	0	--	0	--	0		0	0		
	30731	3000	3100031					貓1關地雷	地雷		機關(同級可擋3下)	0	無	平均	42	39	39	0	1	0	EF_06_02	2		1	0	0	0	1	100	100	800	50	1001			11730	5100	744	517	102	102	0	0	31	-100	102	0	0	0	0	0	616	616	616	616	0	0	1000	0		100	1	1									0	0	0	-1	0												0	0																	0																	--	0	--	0	--	0	--	0	--	0		0	0		
#	8.地面滾動物件																																			0	0	0	0																	0	0		0																													0	0																	0																															
	30801	3000	6100000					狼牙棒	地面滾動物件		機關	0	無	平均	8	5	5	0	0	0	obj08	1		1	0	0	0	1	100	200	100	100	1001			1435	1700	47	121	34	34	0	0	14	0	34	0	0	0	0	0	133	133	133	133	0	0	100	0		50	1	1									0	0	0	-1	3									EF0001	EF_die_01a	EF_ov_01a	0	0																	0																	--	0	--	0	--	0	--	0	--	0		0	0		
	30802	3000	6100000					狼牙棒	地面滾動物件		機關	0	無	平均	18	15	15	0	0	0	obj08	1		1	0	0	0	1	100	200	100	100	1001			3675	2700	102	229	54	54	0	0	19	0	54	0	0	0	0	0	252	252	252	252	0	0	100	0		50	1	1									0	0	0	-1	3									EF0001	EF_die_01a	EF_ov_01a	0	0																	0																	--	0	--	0	--	0	--	0	--	0		0	0		
	30803	3000	6100000					狼牙棒	地面滾動物件		機關	0	無	平均	28	25	25	0	0	0	obj08	1		1	0	0	0	1	100	200	100	100	1001			7330	3700	340	356	74	74	0	0	24	0	74	0	0	0	0	0	392	392	392	392	0	0	100	0		50	1	1									0	0	0	-1	3									EF0001	EF_die_01a	EF_ov_01a	0	0																	0																	--	0	--	0	--	0	--	0	--	0		0	0		
	30804	3000	6100000					狼牙棒	地面滾動物件		機關	0	無	平均	38	35	35	0	0	0	obj08	1		1	0	0	0	1	100	200	100	100	1001			10260	4700	666	501	94	94	0	0	29	0	94	0	0	0	0	0	551	551	551	551	0	0	100	0		50	1	1									0	0	0	-1	3									EF0001	EF_die_01a	EF_ov_01a	0	0																	0																	--	0	--	0	--	0	--	0	--	0		0	0		
	30805	3000	6100000					狼牙棒	地面滾動物件		機關	0	無	平均	48	45	45	0	0	0	obj08	1		1	0	0	0	1	100	200	100	100	1001			13860	5700	873	658	114	114	0	0	34	0	114	0	0	0	0	0	724	724	724	724	0	0	100	0		50	1	1									0	0	0	-1	3									EF0001	EF_die_01a	EF_ov_01a	0	0																	0																	--	0	--	0	--	0	--	0	--	0		0	0		
	30806	3000	6100000					狼牙棒	地面滾動物件		機關	0	無	平均	58	55	55	0	0	0	obj08	1		1	0	0	0	1	100	200	100	100	1001			18460	6700	1208	821	134	134	0	0	39	0	134	0	0	0	0	0	903	903	903	903	0	0	100	0		50	1	1									0	0	0	-1	3									EF0001	EF_die_01a	EF_ov_01a	0	0																	0																	--	0	--	0	--	0	--	0	--	0		0	0		
#	9.間歇性發射裝置																																			0	0	0	0																	0	0		0																													0	0																	0																															
	30901	3000	6100000					地洞蘿蔔刺	間歇性發射裝置		機關	0	無	平均	8	5	5	0	0	0	obj03d	1		1	0	0	0	1	50	50	50	25	1001			1435	1700	47	121	34	34	0	0	14	0	34	0	0	0	0	0	133	133	133	133	0	0	100	0		100	1	1									0	0	0	-1	0									EF0001	EF_die_01a	EF_ov_01a	0	0																	0																	--	0	--	0	--	0	--	0	--	0		0	0		
	30902	3000	6100000					地洞蘿蔔刺	間歇性發射裝置		機關	0	無	平均	18	15	15	0	0	0	obj03d	1		1	0	0	0	1	50	50	50	25	1001			3675	2700	102	229	54	54	0	0	19	0	54	0	0	0	0	0	252	252	252	252	0	0	100	0		100	1	1									0	0	0	-1	0									EF0001	EF_die_01a	EF_ov_01a	0	0																	0																	--	0	--	0	--	0	--	0	--	0		0	0		
	30903	3000	6100000					地洞蘿蔔刺	間歇性發射裝置		機關	0	無	平均	28	25	25	0	0	0	obj03d	1		1	0	0	0	1	50	50	50	25	1001			7330	3700	340	356	74	74	0	0	24	0	74	0	0	0	0	0	392	392	392	392	0	0	100	0		100	1	1									0	0	0	-1	0									EF0001	EF_die_01a	EF_ov_01a	0	0																	0																	--	0	--	0	--	0	--	0	--	0		0	0		
	30904	3000	6100000					地洞蘿蔔刺	間歇性發射裝置		機關	0	無	平均	38	35	35	0	0	0	obj03d	1		1	0	0	0	1	50	50	50	25	1001			10260	4700	666	501	94	94	0	0	29	0	94	0	0	0	0	0	551	551	551	551	0	0	100	0		100	1	1									0	0	0	-1	0									EF0001	EF_die_01a	EF_ov_01a	0	0																	0																	--	0	--	0	--	0	--	0	--	0		0	0		
	30905	3000	6100000					地洞蘿蔔刺	間歇性發射裝置		機關	0	無	平均	48	45	45	0	0	0	obj03d	1		1	0	0	0	1	50	50	50	25	1001			13860	5700	873	658	114	114	0	0	34	0	114	0	0	0	0	0	724	724	724	724	0	0	100	0		100	1	1									0	0	0	-1	0									EF0001	EF_die_01a	EF_ov_01a	0	0																	0																	--	0	--	0	--	0	--	0	--	0		0	0		
	30906	3000	6100000					地洞蘿蔔刺	間歇性發射裝置		機關	0	無	平均	58	55	55	0	0	0	obj03d	1		1	0	0	0	1	50	50	50	25	1001			18460	6700	1208	821	134	134	0	0	39	0	134	0	0	0	0	0	903	903	903	903	0	0	100	0		100	1	1									0	0	0	-1	0									EF0001	EF_die_01a	EF_ov_01a	0	0																	0																	--	0	--	0	--	0	--	0	--	0		0	0		
	30911	3000	3100003					砲台(木質)	間歇性發射裝置		機關	3	火	平均	8	5	5	1	1	0	obj09c	1		1.3	0		0	1	70	50	70	50	1001			1435	1700	47	121	34	34	0	0	14	0	34	0	0	0	90	0	23	2	23	23	0	0	100	0		100	0	1									0	0	0	-1	3			9404010						EF0001	EF_die_01a	EF_ov_01a	0	0																	0			20														--	0	--	0	--	0	--	0	--	0		0	0		
	30912	3000	3100003					砲台(木質)	間歇性發射裝置		機關	3	火	平均	18	15	15	1	1	0	obj09c	1		1.3	0		0	1	70	50	70	50	1001			3675	2700	102	229	54	54	0	0	19	0	54	0	0	0	188	0	47	5	47	47	0	0	100	0		100	0	1									0	0	0	-1	3			9404010						EF0001	EF_die_01a	EF_ov_01a	0	0																	0			20														--	0	--	0	--	0	--	0	--	0		0	0		
	30913	3000	3100003					砲台(木質)	間歇性發射裝置		機關	3	火	平均	28	25	25	1	1	0	obj09c	1		1.3	0		0	1	70	50	70	50	1001			7330	3700	340	356	74	74	0	0	24	0	74	0	0	0	327	0	82	8	82	82	0	0	100	0		100	0	1									0	0	0	-1	3			9404010						EF0001	EF_die_01a	EF_ov_01a	0	0																	0			20														--	0	--	0	--	0	--	0	--	0		0	0		
	30914	3000	3100003					砲台(木質)	間歇性發射裝置		機關	3	火	平均	38	35	35	1	1	0	obj09c	1		1.3	0		0	1	70	50	70	50	1001			10260	4700	666	501	94	94	0	0	29	0	94	0	0	0	520	0	130	13	130	130	0	0	100	0		100	0	1									0	0	0	-1	3			9404010						EF0001	EF_die_01a	EF_ov_01a	0	0																	0			20														--	0	--	0	--	0	--	0	--	0		0	0		
	30915	3000	3100003					砲台(木質)	間歇性發射裝置		機關	3	火	平均	48	45	45	1	1	0	obj09c	1		1.3	0		0	1	70	50	70	50	1001			13860	5700	873	658	114	114	0	0	34	0	114	0	0	0	777	0	195	19	195	195	0	0	100	0		100	0	1									0	0	0	-1	3			9404010						EF0001	EF_die_01a	EF_ov_01a	0	0																	0			20														--	0	--	0	--	0	--	0	--	0		0	0		
	30916	3000	3100003					砲台(木質)	間歇性發射裝置		機關	3	火	平均	58	55	55	1	1	0	obj09c	1		1.3	0		0	1	70	50	70	50	1001			18460	6700	1208	821	134	134	0	0	39	0	134	0	0	0	1122	0	281	28	281	281	0	0	100	0		100	0	1									0	0	0	-1	3			9404010						EF0001	EF_die_01a	EF_ov_01a	0	0																	0			20														--	0	--	0	--	0	--	0	--	0		0	0		
	30917	3000	3100003					特殊高射砲台	間歇性發射裝置		機關	3	火	平均	43	40	40	1	1	0	obj09	1		1.3	0		0	1	70	50	70	50	1001			11980	5200	766	577	104	104	0	0	31	0	104	0	0	0	639	0	160	16	160	160	0	0	100	0		100	0	1									0	0	0	-1	3			9404010						EF0001	EF_die_01a	EF_ov_01a	0	0																	0			20														--	0	--	0	--	0	--	0	--	0		0	0		
	30921	3000	3100003					香蕉砲台	間歇性發射裝置		機關	3	火	平均	8	5	5	1	1	0	obj16	1		1.3	0	0	0	1	70	50	80	50	1001			1435	1700	47	121	34	34	0	0	14	0	34	0	0	0	90	0	23	2	23	23	0	0	100	0		100	0	1									0	0	0	-1	3			9404010						EF0001	EF_die_01a	EF_ov_01a	0	0																	0			20														--	0	--	0	--	0	--	0	--	0		0	0		
	30922	3000	3100003					香蕉砲台	間歇性發射裝置		機關	3	火	平均	18	15	15	1	1	0	obj16	1		1.3	0	0	0	1	70	50	80	50	1001			3675	2700	102	229	54	54	0	0	19	0	54	0	0	0	188	0	47	5	47	47	0	0	100	0		100	0	1									0	0	0	-1	3			9404010						EF0001	EF_die_01a	EF_ov_01a	0	0																	0			20														--	0	--	0	--	0	--	0	--	0		0	0		
	30923	3000	3100003					香蕉砲台	間歇性發射裝置		機關	3	火	平均	28	25	25	1	1	0	obj16	1		1.3	0	0	0	1	70	50	80	50	1001			7330	3700	340	356	74	74	0	0	24	0	74	0	0	0	327	0	82	8	82	82	0	0	100	0		100	0	1									0	0	0	-1	3			9404010						EF0001	EF_die_01a	EF_ov_01a	0	0																	0			20														--	0	--	0	--	0	--	0	--	0		0	0		
	30924	3000	3100003					香蕉砲台	間歇性發射裝置		機關	3	火	平均	38	35	35	1	1	0	obj16	1		1.3	0	0	0	1	70	50	80	50	1001			10260	4700	666	501	94	94	0	0	29	0	94	0	0	0	520	0	130	13	130	130	0	0	100	0		100	0	1									0	0	0	-1	3			9404010						EF0001	EF_die_01a	EF_ov_01a	0	0																	0			20														--	0	--	0	--	0	--	0	--	0		0	0		
	30925	3000	3100003					香蕉砲台	間歇性發射裝置		機關	3	火	平均	48	45	45	1	1	0	obj16	1		1.3	0	0	0	1	70	50	80	50	1001			13860	5700	873	658	114	114	0	0	34	0	114	0	0	0	777	0	195	19	195	195	0	0	100	0		100	0	1									0	0	0	-1	3			9404010						EF0001	EF_die_01a	EF_ov_01a	0	0																	0			20														--	0	--	0	--	0	--	0	--	0		0	0		
	30926	3000	3100003					香蕉砲台	間歇性發射裝置		機關	3	火	平均	58	55	55	1	1	0	obj16	1		1.3	0	0	0	1	70	50	80	50	1001			18460	6700	1208	821	134	134	0	0	39	0	134	0	0	0	1122	0	281	28	281	281	0	0	100	0		100	0	1									0	0	0	-1	3			9404010						EF0001	EF_die_01a	EF_ov_01a	0	0																	0			20														--	0	--	0	--	0	--	0	--	0		0	0		
	30931	3000	6100000					噴火台(鐵質)	間歇性發射裝置		機關	3	火	平均	8	5	5	0	0	0	obj09a	1		1	0	0	0	1	50	50	50	25	1001			1435	1700	47	121	34	34	0	0	14	0	34	0	0	0	90	0	23	2	23	23	0	0	100	0		100	1	1									0	0	0	-1	0									EF0001	EF_die_01a	EF_ov_01a	0	0																	0																	--	0	--	0	--	0	--	0	--	0		0	0		
	30932	3000	6100000					噴火台(鐵質)	間歇性發射裝置		機關	3	火	平均	18	15	15	0	0	0	obj09a	1		1	0	0	0	1	50	50	50	25	1001			3675	2700	102	229	54	54	0	0	19	0	54	0	0	0	188	0	47	5	47	47	0	0	100	0		100	1	1									0	0	0	-1	0									EF0001	EF_die_01a	EF_ov_01a	0	0																	0																	--	0	--	0	--	0	--	0	--	0		0	0		
	30933	3000	6100000					噴火台(鐵質)	間歇性發射裝置		機關	3	火	平均	28	25	25	0	0	0	obj09a	1		1	0	0	0	1	50	50	50	25	1001			7330	3700	340	356	74	74	0	0	24	0	74	0	0	0	327	0	82	8	82	82	0	0	100	0		100	1	1									0	0	0	-1	0									EF0001	EF_die_01a	EF_ov_01a	0	0																	0																	--	0	--	0	--	0	--	0	--	0		0	0		
	30934	3000	6100000					噴火台(鐵質)	間歇性發射裝置		機關	3	火	平均	38	35	35	0	0	0	obj09a	1		1	0	0	0	1	50	50	50	25	1001			10260	4700	666	501	94	94	0	0	29	0	94	0	0	0	520	0	130	13	130	130	0	0	100	0		100	1	1									0	0	0	-1	0									EF0001	EF_die_01a	EF_ov_01a	0	0																	0																	--	0	--	0	--	0	--	0	--	0		0	0		
	30935	3000	6100000					噴火台(鐵質)	間歇性發射裝置		機關	3	火	平均	48	45	45	0	0	0	obj09a	1		1	0	0	0	1	50	50	50	25	1001			13860	5700	873	658	114	114	0	0	34	0	114	0	0	0	777	0	195	19	195	195	0	0	100	0		100	1	1									0	0	0	-1	0									EF0001	EF_die_01a	EF_ov_01a	0	0																	0																	--	0	--	0	--	0	--	0	--	0		0	0		
	30936	3000	6100000					噴火台(鐵質)	間歇性發射裝置		機關	3	火	平均	58	55	55	0	0	0	obj09a	1		1	0	0	0	1	50	50	50	25	1001			18460	6700	1208	821	134	134	0	0	39	0	134	0	0	0	1122	0	281	28	281	281	0	0	100	0		100	1	1									0	0	0	-1	0									EF0001	EF_die_01a	EF_ov_01a	0	0																	0																	--	0	--	0	--	0	--	0	--	0		0	0		
	30937	3000	6100000					胡椒罐	間歇性發射裝置		機關	3	火	平均	45	45	45	0	0	0	obj34	1		1	0	0	0	1	50	50	50	25	1001			12400	5400	844	637	108	108	0	0	32	0	108	0	0	0	704	0	176	18	176	176	0	0	100	0		100	1	1									0	0	0	-1	3			9404010						EF0001	EF_die_01a	EF_ov_01a	0	0																	0			20														--	0	--	0	--	0	--	0	--	0		0	0		
	30938	3000	6100000					大噴火台(鐵質)	間歇性發射裝置		機關	3	火	平均	58	55	55	0	0	0	obj09a	4		1	0	0	0	1	200	200	200	100	1001			18460	6700	1208	821	134	134	0	0	39	0	134	0	0	0	1122	0	281	28	281	281	0	0	100	0		100	1	1									0	0	0	-1	0									EF0001	EF_die_01a	EF_ov_01a	0	0																	0																	--	0	--	0	--	0	--	0	--	0		0	0		
	30941	3000	6100000					蒸汽孔(鐵管)	間歇性發射裝置		機關	3	火	平均	18	15	15	0	0	0	obj18	1		1	0	0	0	1	50	50	50	25	1001			3675	2700	102	229	54	54	0	0	19	0	54	0	0	0	188	0	47	5	47	47	0	0	100	0		100	1	1									0	0	0	-1	0									EF0001	EF_die_01a	EF_ov_01a	0	0																	0																	--	0	--	0	--	0	--	0	--	0		0	0		
	30942	3000	6100000					蒸汽孔(鐵管)	間歇性發射裝置		機關	3	火	平均	28	25	25	0	0	0	obj18	1		1	0	0	0	1	50	50	50	25	1001			7330	3700	340	356	74	74	0	0	24	0	74	0	0	0	327	0	82	8	82	82	0	0	100	0		100	1	1									0	0	0	-1	0									EF0001	EF_die_01a	EF_ov_01a	0	0																	0																	--	0	--	0	--	0	--	0	--	0		0	0		
	30943	3000	6100000					蒸汽孔(鐵管)	間歇性發射裝置		機關	3	火	平均	38	35	35	0	0	0	obj18	1		1	0	0	0	1	50	50	50	25	1001			10260	4700	666	501	94	94	0	0	29	0	94	0	0	0	520	0	130	13	130	130	0	0	100	0		100	1	1									0	0	0	-1	0									EF0001	EF_die_01a	EF_ov_01a	0	0																	0																	--	0	--	0	--	0	--	0	--	0		0	0		
	30944	3000	6100000					蒸汽孔(鐵管)	間歇性發射裝置		機關	3	火	平均	48	45	45	0	0	0	obj18	1		1	0	0	0	1	50	50	50	25	1001			13860	5700	873	658	114	114	0	0	34	0	114	0	0	0	777	0	195	19	195	195	0	0	100	0		100	1	1									0	0	0	-1	0									EF0001	EF_die_01a	EF_ov_01a	0	0																	0																	--	0	--	0	--	0	--	0	--	0		0	0		
	30945	3000	6100000					蒸汽孔(鐵管)	間歇性發射裝置		機關	3	火	平均	58	55	55	0	0	0	obj18	1		1	0	0	0	1	50	50	50	25	1001			18460	6700	1208	821	134	134	0	0	39	0	134	0	0	0	1122	0	281	28	281	281	0	0	100	0		100	1	1									0	0	0	-1	0									EF0001	EF_die_01a	EF_ov_01a	0	0																	0																	--	0	--	0	--	0	--	0	--	0		0	0		
	30951	3000	6100000					毒沼球	間歇性發射裝置		機關	1	地	平均	8	5	5	0	0	0	obj09f	1		1	0	0	0	1	50	50	50	25	1001			1435	1700	47	121	34	34	0	0	14	0	34	0	90	0	0	0	23	23	23	2	0	0	100	0		100	1	1		1	1		1	1			0	0	0	-1	0									EF0001	EF_die_01a	EF_ov_01a	0	0																	0																	--	0	--	0	--	0	--	0	--	0		0	0		
	30952	3000	6100000					毒沼球	間歇性發射裝置		機關	1	地	平均	18	15	15	0	0	0	obj09f	1		1	0	0	0	1	50	50	50	25	1001			3675	2700	102	229	54	54	0	0	19	0	54	0	188	0	0	0	47	47	47	5	0	0	100	0		100	1	1		1	1		1	1			0	0	0	-1	0									EF0001	EF_die_01a	EF_ov_01a	0	0																	0																	--	0	--	0	--	0	--	0	--	0		0	0		
	30953	3000	6100000					毒沼球	間歇性發射裝置		機關	1	地	平均	28	25	25	0	0	0	obj09f	1		1	0	0	0	1	50	50	50	25	1001			7330	3700	340	356	74	74	0	0	24	0	74	0	327	0	0	0	82	82	82	8	0	0	100	0		100	1	1		1	1		1	1			0	0	0	-1	0									EF0001	EF_die_01a	EF_ov_01a	0	0																	0																	--	0	--	0	--	0	--	0	--	0		0	0		
	30954	3000	6100000					毒沼球	間歇性發射裝置		機關	1	地	平均	38	35	35	0	0	0	obj09f	1		1	0	0	0	1	50	50	50	25	1001			10260	4700	666	501	94	94	0	0	29	0	94	0	520	0	0	0	130	130	130	13	0	0	100	0		100	1	1		1	1		1	1			0	0	0	-1	0									EF0001	EF_die_01a	EF_ov_01a	0	0																	0																	--	0	--	0	--	0	--	0	--	0		0	0		
	30955	3000	6100000					毒沼球	間歇性發射裝置		機關	1	地	平均	48	45	45	0	0	0	obj09f	1		1	0	0	0	1	50	50	50	25	1001			13860	5700	873	658	114	114	0	0	34	0	114	0	777	0	0	0	195	195	195	19	0	0	100	0		100	1	1		1	1		1	1			0	0	0	-1	0									EF0001	EF_die_01a	EF_ov_01a	0	0																	0																	--	0	--	0	--	0	--	0	--	0		0	0		
	30956	3000	6100000					毒沼球	間歇性發射裝置		機關	1	地	平均	58	55	55	0	0	0	obj09f	1		1	0	0	0	1	50	50	50	25	1001			18460	6700	1208	821	134	134	0	0	39	0	134	0	1122	0	0	0	281	281	281	28	0	0	100	0		100	1	1		1	1		1	1			0	0	0	-1	0									EF0001	EF_die_01a	EF_ov_01a	0	0																	0																	--	0	--	0	--	0	--	0	--	0		0	0		
	30961	3000	3100023					戰熊	推蘿蔔的熊		機關	0	無	平均	8	5	5	1	1	1	moba9001	1		1.3	0	0	0	0	80	100	90	50	1001			1435	1700	47	121	34	34	0	0	14	0	34	0	0	0	0	0	133	133	133	133	0	0	100	0	100	50	0	1	4000002		100	3000092		100			90	99	180	10	3		9300050	9304010						EF0001	EF_die_01a	EF_ov_01a	0	0																	298																	--	0	--	0	--	0	--	0	--	0		88	0		
	30962	3000	3100023					戰熊	推蘿蔔的熊		機關	0	無	平均	18	15	15	1	1	1	moba9001	1		1.3	0	0	0	0	80	100	90	50	1001			3675	2700	102	229	54	54	0	0	19	0	54	0	0	0	0	0	252	252	252	252	0	0	100	0	100	50	0	1	4000002		100	3000092		100			90	99	180	10	3		9300050	9304010						EF0001	EF_die_01a	EF_ov_01a	0	0																	1468																	--	0	--	0	--	0	--	0	--	0		294	0		
	30963	3000	3100023					戰熊	推蘿蔔的熊		機關	0	無	平均	28	25	25	1	1	1	moba9001	1		1.3	0	0	0	0	80	100	90	50	1001			1156	3700	340	328	74	74	0	0	24	0	74	0	0	0	0	0	392	392	392	392	0	0	100	0	100	50	0	1	4000002		100	3000092		100			90	99	180	10	3		9300050	9304010						EF0001	EF_die_01a	EF_ov_01a	0	0																	491																	--	0	--	0	--	0	--	0	--	0		646	0		
	30964	3000	3100023					戰熊	推蘿蔔的熊		機關	0	無	平均	38	35	35	1	1	1	moba9001	1		1.3	0	0	0	0	80	100	90	50	1001			1469	4700	666	475	94	94	0	0	29	0	94	0	0	0	0	0	551	551	551	551	0	0	100	0	100	50	0	1	4000002		100	3000092		100			90	99	180	10	3		9300050	9304010						EF0001	EF_die_01a	EF_ov_01a	0	0																	771																	--	0	--	0	--	0	--	0	--	0		"1,191"	0		
	30965	3000	3100023					戰熊	推蘿蔔的熊		機關	0	無	平均	48	45	45	1	1	1	moba9001	1		1.3	0	0	0	0	80	100	90	50	1001			1781	5700	873	658	114	114	0	0	34	0	114	0	0	0	0	0	724	724	724	724	0	0	100	0	100	50	0	1	4000002		100	3000092		100			90	99	180	10	3		9300050	9304010						EF0001	EF_die_01a	EF_ov_01a	0	0																	1059																	--	0	--	0	--	0	--	0	--	0		"2,006"	0		
	30966	3000	3100023					戰熊	推蘿蔔的熊		機關	0	無	平均	58	55	55	1	1	1	moba9001	1		1.3	0	0	0	0	80	100	90	50	1001			2094	6700	1208	821	134	134	0	0	39	0	134	0	0	0	0	0	903	903	903	903	0	0	100	0	100	50	0	1	4000002		100	3000092		100			90	99	180	10	3		9300050	9304010						EF0001	EF_die_01a	EF_ov_01a	0	0																	1310																	--	0	--	0	--	0	--	0	--	0		"3,195"	0		
	30971	3000	6100000					捲笛台	間歇性發射裝置		機關	0	無	平均	8	5	5	0	0	0	obj09b	1		1	0	0	0	1	40	40	60	20	1001			1435	1700	47	121	34	34	0	0	14	0	34	0	0	0	0	0	133	133	133	133	0	0	100	0		100	0	1									0	0	0	-1	2		5150050	5154010						EF0001	EF_die_01a	EF_ov_01a	0	0																	0																	--	0	--	0	--	0	--	0	--	0		0	0		
	30972	3000	6100000					捲笛台	間歇性發射裝置		機關	0	無	平均	18	15	15	0	0	0	obj09b	1		1	0	0	0	1	40	40	60	20	1001			3675	2700	102	229	54	54	0	0	19	0	54	0	0	0	0	0	252	252	252	252	0	0	100	0		100	0	1									0	0	0	-1	2		5150050	5154010						EF0001	EF_die_01a	EF_ov_01a	0	0																	0																	--	0	--	0	--	0	--	0	--	0		0	0		
	30973	3000	6100000					捲笛台	間歇性發射裝置		機關	0	無	平均	28	25	25	0	0	0	obj09b	1		1	0	0	0	1	40	40	60	20	1001			7330	3700	340	356	74	74	0	0	24	0	74	0	0	0	0	0	392	392	392	392	0	0	100	0		100	0	1									0	0	0	-1	2		5150050	5154010						EF0001	EF_die_01a	EF_ov_01a	0	0																	0																	--	0	--	0	--	0	--	0	--	0		0	0		
	30974	3000	6100000					捲笛台	間歇性發射裝置		機關	0	無	平均	38	35	35	0	0	0	obj09b	1		1	0	0	0	1	40	40	60	20	1001			10260	4700	666	501	94	94	0	0	29	0	94	0	0	0	0	0	551	551	551	551	0	0	100	0		100	0	1									0	0	0	-1	2		5150050	5154010						EF0001	EF_die_01a	EF_ov_01a	0	0																	0																	--	0	--	0	--	0	--	0	--	0		0	0		
	30975	3000	6100000					捲笛台	間歇性發射裝置		機關	0	無	平均	48	45	45	0	0	0	obj09b	1		1	0	0	0	1	40	40	60	20	1001			13860	5700	873	658	114	114	0	0	34	0	114	0	0	0	0	0	724	724	724	724	0	0	100	0		100	0	1									0	0	0	-1	2		5150050	5154010						EF0001	EF_die_01a	EF_ov_01a	0	0																	0																	--	0	--	0	--	0	--	0	--	0		0	0		
	30976	3000	6100000					捲笛台	間歇性發射裝置		機關	0	無	平均	58	55	55	0	0	0	obj09b	1		1	0	0	0	1	40	40	60	20	1001			18460	6700	1208	821	134	134	0	0	39	0	134	0	0	0	0	0	903	903	903	903	0	0	100	0		100	0	1									0	0	0	-1	2		5150050	5154010						EF0001	EF_die_01a	EF_ov_01a	0	0																	0																	--	0	--	0	--	0	--	0	--	0		0	0		
	30981	3000	6100000					吹針毒蠍	間歇性發射裝置		機關	0	無	平均	8	5	5	0	0	0	obj09a	1		1	0	0	0	1	50	50	50	25	1001			1435	1700	47	121	34	34	0	0	14	0	34	0	0	0	0	0	133	133	133	133	0	0	100	0		100	1	1	5001601	1	1		3	1			0	0	0	-1	0									EF0001	EF_die_01a	EF_ov_01a	0	0																	0																	--	0	--	0	--	0	--	0	--	0		0	0		
	30982	3000	6100000					吹針毒蠍	間歇性發射裝置		機關	0	無	平均	18	15	15	0	0	0	obj09a	1		1	0	0	0	1	50	50	50	25	1001			3675	2700	102	229	54	54	0	0	19	0	54	0	0	0	0	0	252	252	252	252	0	0	100	0		100	1	1	5001601	1	1		3	1			0	0	0	-1	0									EF0001	EF_die_01a	EF_ov_01a	0	0																	0																	--	0	--	0	--	0	--	0	--	0		0	0		
	30983	3000	6100000					吹針毒蠍	間歇性發射裝置		機關	0	無	平均	28	25	25	0	0	0	obj09a	1		1	0	0	0	1	50	50	50	25	1001			7330	3700	340	356	74	74	0	0	24	0	74	0	0	0	0	0	392	392	392	392	0	0	100	0		100	1	1	5001601	1	1		3	1			0	0	0	-1	0									EF0001	EF_die_01a	EF_ov_01a	0	0																	0																	--	0	--	0	--	0	--	0	--	0		0	0		
	30984	3000	6100000					吹針毒蠍	間歇性發射裝置		機關	0	無	平均	38	35	35	0	0	0	obj09a	1		1	0	0	0	1	50	50	50	25	1001			10260	4700	666	501	94	94	0	0	29	0	94	0	0	0	0	0	551	551	551	551	0	0	100	0		100	1	1	5001601	1	1		3	1			0	0	0	-1	0									EF0001	EF_die_01a	EF_ov_01a	0	0																	0																	--	0	--	0	--	0	--	0	--	0		0	0		
	30985	3000	6100000					吹針毒蠍	間歇性發射裝置		機關	0	無	平均	48	45	45	0	0	0	obj09a	1		1	0	0	0	1	50	50	50	25	1001			13860	5700	873	658	114	114	0	0	34	0	114	0	0	0	0	0	724	724	724	724	0	0	100	0		100	1	1	5001601	1	1		3	1			0	0	0	-1	0									EF0001	EF_die_01a	EF_ov_01a	0	0																	0																	--	0	--	0	--	0	--	0	--	0		0	0		
	30986	3000	6100000					吹針毒蠍	間歇性發射裝置		機關	0	無	平均	58	55	55	0	0	0	obj09a	1		1	0	0	0	1	50	50	50	25	1001			18460	6700	1208	821	134	134	0	0	39	0	134	0	0	0	0	0	903	903	903	903	0	0	100	0		100	1	1	5001601	1	1		3	1			0	0	0	-1	0									EF0001	EF_die_01a	EF_ov_01a	0	0																	0																	--	0	--	0	--	0	--	0	--	0		0	0		
	30991	3000	6100000					噴毒台	間歇性發射裝置		機關	0	無	平均	8	5	5	0	0	0	obj09a	1		1	0	0	0	1	50	50	50	25	1001			1435	1700	47	121	34	34	0	0	14	0	34	0	0	0	0	0	133	133	133	133	0	0	100	0		100	1	1	5001601	1	1		3	1			0	0	0	-1	0		5160050	5164010						EF0001	EF_die_01a	EF_ov_01a	0	0																	0																	--	0	--	0	--	0	--	0	--	0		0	0		
	30992	3000	6100000					噴毒台	間歇性發射裝置		機關	0	無	平均	18	15	15	0	0	0	obj09a	1		1	0	0	0	1	50	50	50	25	1001			3675	2700	102	229	54	54	0	0	19	0	54	0	0	0	0	0	252	252	252	252	0	0	100	0		100	1	1	5001601	1	1		3	1			0	0	0	-1	0		5160050	5164010						EF0001	EF_die_01a	EF_ov_01a	0	0																	0																	--	0	--	0	--	0	--	0	--	0		0	0		
	30993	3000	6100000					噴毒台	間歇性發射裝置		機關	0	無	平均	28	25	25	0	0	0	obj09a	1		1	0	0	0	1	50	50	50	25	1001			7330	3700	340	356	74	74	0	0	24	0	74	0	0	0	0	0	392	392	392	392	0	0	100	0		100	1	1	5001601	1	1		3	1			0	0	0	-1	0		5160050	5164010						EF0001	EF_die_01a	EF_ov_01a	0	0																	0																	--	0	--	0	--	0	--	0	--	0		0	0		
	30994	3000	6100000					噴毒台	間歇性發射裝置		機關	0	無	平均	38	35	35	0	0	0	obj09a	1		1	0	0	0	1	50	50	50	25	1001			10260	4700	666	501	94	94	0	0	29	0	94	0	0	0	0	0	551	551	551	551	0	0	100	0		100	1	1	5001601	1	1		3	1			0	0	0	-1	0		5160050	5164010						EF0001	EF_die_01a	EF_ov_01a	0	0																	0																	--	0	--	0	--	0	--	0	--	0		0	0		
	30995	3000	6100000					噴毒台	間歇性發射裝置		機關	0	無	平均	48	45	45	0	0	0	obj09a	1		1	0	0	0	1	50	50	50	25	1001			13860	5700	873	658	114	114	0	0	34	0	114	0	0	0	0	0	724	724	724	724	0	0	100	0		100	1	1	5001601	1	1		3	1			0	0	0	-1	0		5160050	5164010						EF0001	EF_die_01a	EF_ov_01a	0	0																	0																	--	0	--	0	--	0	--	0	--	0		0	0		
	30996	3000	6100000					噴毒台	間歇性發射裝置		機關	0	無	平均	58	55	55	0	0	0	obj09a	1		1	0	0	0	1	50	50	50	25	1001			18460	6700	1208	821	134	134	0	0	39	0	134	0	0	0	0	0	903	903	903	903	0	0	100	0		100	1	1	5001601	1	1		3	1			0	0	0	-1	0		5160050	5164010						EF0001	EF_die_01a	EF_ov_01a	0	0																	0																	--	0	--	0	--	0	--	0	--	0		0	0		
	31001	3000	6100000					噴毒台(可破壞)	間歇性發射裝置		機關	0	無	平均	8	5	5	1	1	0	obj09a	1		1.3	0	0	0	1	50	50	50	25	1001			1435	1700	47	121	34	34	0	0	14	0	34	0	0	0	0	0	133	133	133	133	0	0	100	0		100	1	1	5001601	1	1		3	1			0	0	0	-1	0		5160050	5164010						EF0001	EF_die_01a	EF_ov_01a	0	0																	298																	--	0	--	0	--	0	--	0	--	0		88	0		
	31002	3000	6100000					噴毒台(可破壞)	間歇性發射裝置		機關	0	無	平均	18	15	15	1	1	0	obj09a	1		1.3	0	0	0	1	50	50	50	25	1001			3675	2700	102	229	54	54	0	0	19	0	54	0	0	0	0	0	252	252	252	252	0	0	100	0		100	1	1	5001601	1	1		3	1			0	0	0	-1	0		5160050	5164010						EF0001	EF_die_01a	EF_ov_01a	0	0																	1468																	--	0	--	0	--	0	--	0	--	0		294	0		
	31003	3000	6100000					噴毒台(可破壞)	間歇性發射裝置		機關	0	無	平均	28	25	25	1	1	0	obj09a	1		1.3	0	0	0	1	50	50	50	25	1001			7330	3700	340	356	74	74	0	0	24	0	74	0	0	0	0	0	392	392	392	392	0	0	100	0		100	1	1	5001601	1	1		3	1			0	0	0	-1	0		5160050	5164010						EF0001	EF_die_01a	EF_ov_01a	0	0																	3185																	--	0	--	0	--	0	--	0	--	0		646	0		
	31004	3000	6100000					噴毒台(可破壞)	間歇性發射裝置		機關	0	無	平均	38	35	35	1	1	0	obj09a	1		1.3	0	0	0	1	50	50	50	25	1001			10260	4700	666	501	94	94	0	0	29	0	94	0	0	0	0	0	551	551	551	551	0	0	100	0		100	1	1	5001601	1	1		3	1			0	0	0	-1	0		5160050	5164010						EF0001	EF_die_01a	EF_ov_01a	0	0																	5448																	--	0	--	0	--	0	--	0	--	0		"1,191"	0		
	31005	3000	6100000					噴毒台(可破壞)	間歇性發射裝置		機關	0	無	平均	48	45	45	1	1	0	obj09a	1		1.3	0	0	0	1	50	50	50	25	1001			13860	5700	873	658	114	114	0	0	34	0	114	0	0	0	0	0	724	724	724	724	0	0	100	0		100	1	1	5001601	1	1		3	1			0	0	0	-1	0		5160050	5164010						EF0001	EF_die_01a	EF_ov_01a	0	0																	8240																	--	0	--	0	--	0	--	0	--	0		"2,006"	0		
	31006	3000	6100000					噴毒台(可破壞)	間歇性發射裝置		機關	0	無	平均	58	55	55	1	1	0	obj09a	1		1.3	0	0	0	1	50	50	50	25	1001			18460	6700	1208	821	134	134	0	0	39	0	134	0	0	0	0	0	903	903	903	903	0	0	100	0		100	1	1	5001601	1	1		3	1			0	0	0	-1	0		5160050	5164010						EF0001	EF_die_01a	EF_ov_01a	0	0																	11548																	--	0	--	0	--	0	--	0	--	0		"3,195"	0		
	31011	3000	6100000					鯨魚噴水口	間歇性發射裝置		機關	2	水	平均	8	5	5	0	0	0	obj09f	1		1	0	0	0	1	50	50	50	25	1001			1435	1700	47	121	34	34	0	0	14	0	34	0	0	90	0	0	2	23	23	23	0	0	100	0		100	1	1		1	1		1	1			0	0	0	-1	0									EF0001	EF_die_01a	EF_ov_01a	0	0																	0																	--	0	--	0	--	0	--	0	--	0		0	0		
	31012	3000	6100000					鯨魚噴水口	間歇性發射裝置		機關	2	水	平均	18	15	15	0	0	0	obj09f	1		1	0	0	0	1	50	50	50	25	1001			3675	2700	102	229	54	54	0	0	19	0	54	0	0	188	0	0	5	47	47	47	0	0	100	0		100	1	1		1	1		1	1			0	0	0	-1	0									EF0001	EF_die_01a	EF_ov_01a	0	0																	0																	--	0	--	0	--	0	--	0	--	0		0	0		
	31013	3000	6100000					鯨魚噴水口	間歇性發射裝置		機關	2	水	平均	28	25	25	0	0	0	obj09f	1		1	0	0	0	1	50	50	50	25	1001			7330	3700	340	356	74	74	0	0	24	0	74	0	0	327	0	0	8	82	82	82	0	0	100	0		100	1	1		1	1		1	1			0	0	0	-1	0									EF0001	EF_die_01a	EF_ov_01a	0	0																	0																	--	0	--	0	--	0	--	0	--	0		0	0		
	31014	3000	6100000					鯨魚噴水口	間歇性發射裝置		機關	2	水	平均	38	35	35	0	0	0	obj09f	1		1	0	0	0	1	50	50	50	25	1001			10260	4700	666	501	94	94	0	0	29	0	94	0	0	520	0	0	13	130	130	130	0	0	100	0		100	1	1		1	1		1	1			0	0	0	-1	0									EF0001	EF_die_01a	EF_ov_01a	0	0																	0																	--	0	--	0	--	0	--	0	--	0		0	0		
	31015	3000	6100000					鯨魚噴水口	間歇性發射裝置		機關	2	水	平均	48	45	45	0	0	0	obj09f	1		1	0	0	0	1	50	50	50	25	1001			13860	5700	873	658	114	114	0	0	34	0	114	0	0	777	0	0	19	195	195	195	0	0	100	0		100	1	1		1	1		1	1			0	0	0	-1	0									EF0001	EF_die_01a	EF_ov_01a	0	0																	0																	--	0	--	0	--	0	--	0	--	0		0	0		
	31016	3000	6100000					鯨魚噴水口	間歇性發射裝置		機關	2	水	平均	58	55	55	0	0	0	obj09f	1		1	0	0	0	1	50	50	50	25	1001			18460	6700	1208	821	134	134	0	0	39	0	134	0	0	1122	0	0	28	281	281	281	0	0	100	0		100	1	1		1	1		1	1			0	0	0	-1	0									EF0001	EF_die_01a	EF_ov_01a	0	0																	0																	--	0	--	0	--	0	--	0	--	0		0	0		
	31021	3000	6100000		大象城	23		被奴役的村民	間歇性發射裝置		機關	0	無	平均	8	5	5	0	0	0	npca001b	1.3		1	0	0	0	0	60	60	60	35	1001			1435	1700	47	121	34	34	0	0	14	0	34	0	0	0	0	0	133	133	133	133	0	0	100	0		100	1	1									0	0	0	0	0		5190050						50	Empty	Empty	Empty	0	0																	0																	--	0	--	0	--	0	--	0	--	0		0	0		
	31022	3000	6100000		大象城	23		被奴役的村民	間歇性發射裝置		機關	0	無	平均	18	15	15	0	0	0	npca001b	1.3		1	0	0	0	0	60	60	60	35	1001			3675	2700	102	229	54	54	0	0	19	0	54	0	0	0	0	0	252	252	252	252	0	0	100	0		100	1	1									0	0	0	0	0		5190050						50	Empty	Empty	Empty	0	0																	0																	--	0	--	0	--	0	--	0	--	0		0	0		
	31023	3000	6100000		大象城	23		被奴役的村民	間歇性發射裝置		機關	0	無	平均	28	25	25	0	0	0	npca001b	1.3		1	0	0	0	0	60	60	60	35	1001			7330	3700	340	356	74	74	0	0	24	0	74	0	0	0	0	0	392	392	392	392	0	0	100	0		100	1	1									0	0	0	0	0		5190050						50	Empty	Empty	Empty	0	0																	0																	--	0	--	0	--	0	--	0	--	0		0	0		
	31024	3000	6100000		大象城	23		被奴役的村民	間歇性發射裝置		機關	0	無	平均	38	35	35	0	0	0	npca001b	1.3		1	0	0	0	0	60	60	60	35	1001			10260	4700	666	501	94	94	0	0	29	0	94	0	0	0	0	0	551	551	551	551	0	0	100	0		100	1	1									0	0	0	0	0		5190050						50	Empty	Empty	Empty	0	0																	0																	--	0	--	0	--	0	--	0	--	0		0	0		
	31025	3000	6100000		大象城	23		被奴役的村民	間歇性發射裝置		機關	0	無	平均	48	45	45	0	0	0	npca001b	1.3		1	0	0	0	0	60	60	60	35	1001			13860	5700	873	658	114	114	0	0	34	0	114	0	0	0	0	0	724	724	724	724	0	0	100	0		100	1	1									0	0	0	0	0		5190050						50	Empty	Empty	Empty	0	0																	0																	--	0	--	0	--	0	--	0	--	0		0	0		
	31026	3000	6100000		大象城	23		被奴役的村民	間歇性發射裝置		機關	0	無	平均	58	55	55	0	0	0	npca001b	1.3		1	0	0	0	0	60	60	60	35	1001			18460	6700	1208	821	134	134	0	0	39	0	134	0	0	0	0	0	903	903	903	903	0	0	100	0		100	1	1									0	0	0	0	0		5190050						50	Empty	Empty	Empty	0	0																	0																	--	0	--	0	--	0	--	0	--	0		0	0		
#	10.擺盪式或迴旋的物體																																			0	0	0	0																	0	0		0																													0	0																	0																															
	31101	3000	6100000					斧頭	擺盪式或迴旋的物體		機關	0	無	平均	8	5	5	0	0	0	obj10	1		1	0	0	0	1	200	100	500	100	1001			1435	1700	47	121	34	34	0	0	14	0	34	0	0	0	0	0	133	133	133	133	0	0	100	0		100	1	1									0	0	0	-1	3									EF0001	EF_die_01a	EF_ov_01a	0	0																	0																	--	0	--	0	--	0	--	0	--	0		0	0		
	31102	3000	6100000					斧頭	擺盪式或迴旋的物體		機關	0	無	平均	18	15	15	0	0	0	obj10	1		1	0	0	0	1	200	100	500	100	1001			3675	2700	102	229	54	54	0	0	19	0	54	0	0	0	0	0	252	252	252	252	0	0	100	0		100	1	1									0	0	0	-1	3									EF0001	EF_die_01a	EF_ov_01a	0	0																	0																	--	0	--	0	--	0	--	0	--	0		0	0		
	31103	3000	6100000					斧頭	擺盪式或迴旋的物體		機關	0	無	平均	28	25	25	0	0	0	obj10	1		1	0	0	0	1	200	100	500	100	1001			7330	3700	340	356	74	74	0	0	24	0	74	0	0	0	0	0	392	392	392	392	0	0	100	0		100	1	1									0	0	0	-1	3									EF0001	EF_die_01a	EF_ov_01a	0	0																	0																	--	0	--	0	--	0	--	0	--	0		0	0		
	31104	3000	6100000					斧頭	擺盪式或迴旋的物體		機關	0	無	平均	38	35	35	0	0	0	obj10	1		1	0	0	0	1	200	100	500	100	1001			10260	4700	666	501	94	94	0	0	29	0	94	0	0	0	0	0	551	551	551	551	0	0	100	0		100	1	1									0	0	0	-1	3									EF0001	EF_die_01a	EF_ov_01a	0	0																	0																	--	0	--	0	--	0	--	0	--	0		0	0		
	31105	3000	6100000					斧頭	擺盪式或迴旋的物體		機關	0	無	平均	48	45	45	0	0	0	obj10	1		1	0	0	0	1	200	100	500	100	1001			13860	5700	873	658	114	114	0	0	34	0	114	0	0	0	0	0	724	724	724	724	0	0	100	0		100	1	1									0	0	0	-1	3									EF0001	EF_die_01a	EF_ov_01a	0	0																	0																	--	0	--	0	--	0	--	0	--	0		0	0		
	31106	3000	6100000					斧頭	擺盪式或迴旋的物體		機關	0	無	平均	58	55	55	0	0	0	obj10	1		1	0	0	0	1	200	100	500	100	1001			18460	6700	1208	821	134	134	0	0	39	0	134	0	0	0	0	0	903	903	903	903	0	0	100	0		100	1	1									0	0	0	-1	3									EF0001	EF_die_01a	EF_ov_01a	0	0																	0																	--	0	--	0	--	0	--	0	--	0		0	0		
#	11.時間性作用的物體																																			0	0	0	0																	0	0		0																													0	0																	0																															
	31201	3000	6100000					鐵板	時間性作用的物體		機關	0	無	平均	8	5	5	0	0	0	obj17	1		1	0	0	0	1	400	500	50	250	1001			1435	1700	47	121	34	34	0	0	14	0	34	0	0	0	0	0	133	133	133	133	0	0	100	0		100	1	1									0	0	0	2	1									Empty	Empty	Empty	0	0																	0																	--	0	--	0	--	0	--	0	--	0		0	0		
	31202	3000	6100000					鐵板	時間性作用的物體		機關	0	無	平均	18	15	15	0	0	0	obj17	1		1	0	0	0	1	400	500	50	250	1001			3675	2700	102	229	54	54	0	0	19	0	54	0	0	0	0	0	252	252	252	252	0	0	100	0		100	1	1									0	0	0	2	1									Empty	Empty	Empty	0	0																	0																	--	0	--	0	--	0	--	0	--	0		0	0		
	31203	3000	6100000					鐵板	時間性作用的物體		機關	0	無	平均	28	25	25	0	0	0	obj17	1		1	0	0	0	1	400	500	50	250	1001			7330	3700	340	356	74	74	0	0	24	0	74	0	0	0	0	0	392	392	392	392	0	0	100	0		100	1	1									0	0	0	2	1									Empty	Empty	Empty	0	0																	0																	--	0	--	0	--	0	--	0	--	0		0	0		
	31204	3000	6100000					鐵板	時間性作用的物體		機關	0	無	平均	38	35	35	0	0	0	obj17	1		1	0	0	0	1	400	500	50	250	1001			10260	4700	666	501	94	94	0	0	29	0	94	0	0	0	0	0	551	551	551	551	0	0	100	0		100	1	1									0	0	0	2	1									Empty	Empty	Empty	0	0																	0																	--	0	--	0	--	0	--	0	--	0		0	0		
	31205	3000	6100000					鐵板	時間性作用的物體		機關	0	無	平均	48	45	45	0	0	0	obj17	1		1	0	0	0	1	400	500	50	250	1001			13860	5700	873	658	114	114	0	0	34	0	114	0	0	0	0	0	724	724	724	724	0	0	100	0		100	1	1									0	0	0	2	1									Empty	Empty	Empty	0	0																	0																	--	0	--	0	--	0	--	0	--	0		0	0		
	31206	3000	6100000					鐵板	時間性作用的物體		機關	0	無	平均	58	55	55	0	0	0	obj17	1		1	0	0	0	1	400	500	50	250	1001			18460	6700	1208	821	134	134	0	0	39	0	134	0	0	0	0	0	903	903	903	903	0	0	100	0		100	1	1									0	0	0	2	1									Empty	Empty	Empty	0	0																	0																	--	0	--	0	--	0	--	0	--	0		0	0		
#	12.特殊物件																																			0	0	0	0																	0	0		0																													0	0																	0																															
	31301	3000	6100000					隱形機關	不需要攻擊的隱形物件		機關	0	無	平均	102	99	99	0	0	0	obj00	1		1	0	0	0	1	100	100	100	100	1001			6000	0	0	0	218	218	0	0	60	0	218	0									0	0	100	0		100	1	1									0	0	0	-1	3									EF0001	EF_die_01a	EF_ov_01a	0	0																	0																	--	0	--	0	--	0	--	0	--	0		0	0		
	31302	3000	6100000			6		毒沼物件			機關	0	無	平均	102	99	99	0	0	0	SE01M004_green	1		1	0	0	0	1	300	100	100	100	1001			6000	0	0	0	218	218	0	0	60	0	218	0									0	0	100	0		100	1	1									0	0	0	-1	3									EF0001	EF_die_01a	EF_ov_01a	0	0																	0																	--	0	--	0	--	0	--	0	--	0		0	0		
	31303	3000	6100000		象衙塔	22		吊橋			機關	0	無	平均	102	99	99	0	0	0	se02_doo01	1		1	0	0	0	1	400	200	200	100	1001			6000	0	0	0	218	218	0	0	60	0	218	0									0	0	100	0		100	1	1									0	0	0	-1	900		5290050							EF0001	EF_die_01a	EF_ov_01a	0	0																	0																	--	0	--	0	--	0	--	0	--	0		0	0		
	31304	3000	6100000		高原	20		浮橋			機關	0	無	平均	102	99	99	0	0	0	sm01_bri01a	1		1	0	0	0	1	800	800	800	400	1001			6000	0	0	0	218	218	0	0	60	0	218	0									0	0	100	0		100	1	1									0	0	0	-1	900									EF0001	EF_die_01a	EF_ov_01a	0	0																	0																	--	0	--	0	--	0	--	0	--	0		0	0		
	31305	3000	4000000		竹林	35		電梯門			機關	0	無	平均	102	99	99	0	0	0	sm04_door01	1		1	0	0	0	1	400	200	200	100	1001			6000	0	0	0	218	218	0	0	60	0	218	0									0	0	100	0		100	1	1									0	0	0	-1	900									EF0001	EF_die_01a	EF_ov_01a	0	0																	0																	--	0	--	0	--	0	--	0	--	0		0	0		
	31306	3000	6100000		象衙塔	22		吊橋			機關	0	無	平均	102	99	99	0	0	0	se02_doo01a	1		1	0	0	0	1	400	200	200	100	1001			6000	0	0	0	218	218	0	0	60	0	218	0									0	0	100	0		100	1	1									0	0	0	-1	900		5290050							EF0001	EF_die_01a	EF_ov_01a	0	0																	0																	--	0	--	0	--	0	--	0	--	0		0	0		
	31307	3000	3100028			42		直升機			機關	0	無	平均	102	99	99	0	0	0	obj31	1.5		1	0	0	0	1	400	200	200	100	1001			6000	0	0	0	218	218	0	0	60	0	218	0									0	0	100	0		100	1	1									0	0	0	-1	900									EF0001	EF_die_01a	EF_ov_01a	0	0																	0																	--	0	--	0	--	0	--	0	--	0		0	0		
	31308	3000	3100032					逗貓棒控制台			機關	0	無	平均	102	99	99	1	0	0	obj36	1		1	0	0	0	1	400	200	280	100	1001			1000000	0	0	0	218	218	0	0	60	0	218	0									0	0	100	0		50	1	1									0	0	0	0	0		5290050							EF0001	EF_die_01a	EF_ov_01a	0	0																	0																	--	0	--	0	--	0	--	0	--	0		0	0		
#	13.需要計算屬性數值的隱形物件																																			0	0	0	0																	0	0		0																													0	0																	0																															
	31401	3000	6100000					隱形機關	有攻擊力的隱形物件		機關	0	無	平均	8	5	5	0	0	0	obj00	1		1	0	0	0	1	50	50	50	50	1001			1435	1700	47	121	34	34	0	0	14	0	34	0	0	0	0	0	133	133	133	133	0	0	100	0		100	1	1									0	0	0	-1	3									EF0001	EF_die_01a	EF_ov_01a	0	0																	0																	--	0	--	0	--	0	--	0	--	0		0	0		
	31402	3000	6100000					隱形機關	有攻擊力的隱形物件		機關	0	無	平均	13	10	10	0	0	0	obj00	1		1	0	0	0	1	50	50	50	50	1001			2415	2200	71	172	44	44	0	0	16	0	44	0	0	0	0	0	189	189	189	189	0	0	100	0		100	1	1									0	0	0	-1	3									EF0001	EF_die_01a	EF_ov_01a	0	0																	0																	--	0	--	0	--	0	--	0	--	0		0	0		
	31403	3000	6100000					隱形機關	有攻擊力的隱形物件		機關	0	無	平均	18	15	15	0	0	0	obj00	1		1	0	0	0	1	50	50	50	50	1001			3675	2700	102	229	54	54	0	0	19	0	54	0	0	0	0	0	252	252	252	252	0	0	100	0		100	1	1									0	0	0	-1	3									EF0001	EF_die_01a	EF_ov_01a	0	0																	0																	--	0	--	0	--	0	--	0	--	0		0	0		
	31404	3000	6100000					隱形機關	有攻擊力的隱形物件		機關	0	無	平均	23	20	20	0	0	0	obj00	1		1	0	0	0	1	50	50	50	50	1001			5290	3200	185	291	64	64	0	0	21	0	64	0	0	0	0	0	320	320	320	320	0	0	100	0		100	1	1									0	0	0	-1	3									EF0001	EF_die_01a	EF_ov_01a	0	0																	0																	--	0	--	0	--	0	--	0	--	0		0	0		
	31405	3000	6100000					隱形機關	有攻擊力的隱形物件		機關	0	無	平均	28	25	25	0	0	0	obj00	1		1	0	0	0	1	50	50	50	50	1001			7330	3700	340	356	74	74	0	0	24	0	74	0	0	0	0	0	392	392	392	392	0	0	100	0		100	1	1									0	0	0	-1	3									EF0001	EF_die_01a	EF_ov_01a	0	0																	0																	--	0	--	0	--	0	--	0	--	0		0	0		
	31406	3000	6100000					隱形機關	有攻擊力的隱形物件		機關	0	無	平均	33	30	30	0	0	0	obj00	1		1	0	0	0	1	50	50	50	50	1001			8730	4200	494	426	84	84	0	0	26	0	84	0	0	0	0	0	469	469	469	469	0	0	100	0		100	1	1									0	0	0	-1	3									EF0001	EF_die_01a	EF_ov_01a	0	0																	0																	--	0	--	0	--	0	--	0	--	0		0	0		
	31407	3000	6100000					隱形機關	有攻擊力的隱形物件		機關	0	無	平均	38	35	35	0	0	0	obj00	1		1	0	0	0	1	50	50	50	50	1001			10260	4700	666	501	94	94	0	0	29	0	94	0	0	0	0	0	551	551	551	551	0	0	100	0		100	1	1									0	0	0	-1	3									EF0001	EF_die_01a	EF_ov_01a	0	0																	0																	--	0	--	0	--	0	--	0	--	0		0	0		
	31408	3000	6100000					隱形機關	有攻擊力的隱形物件		機關	0	無	平均	43	40	40	0	0	0	obj00	1		1	0	0	0	1	50	50	50	50	1001			11980	5200	766	577	104	104	0	0	31	0	104	0	0	0	0	0	635	635	635	635	0	0	100	0		100	1	1									0	0	0	-1	3									EF0001	EF_die_01a	EF_ov_01a	0	0																	0																	--	0	--	0	--	0	--	0	--	0		0	0		
	31409	3000	6100000					隱形機關	有攻擊力的隱形物件		機關	0	無	平均	48	45	45	0	0	0	obj00	1		1	0	0	0	1	50	50	50	50	1001			13860	5700	873	658	114	114	0	0	34	0	114	0	0	0	0	0	724	724	724	724	0	0	100	0		100	1	1									0	0	0	-1	3									EF0001	EF_die_01a	EF_ov_01a	0	0																	0																	--	0	--	0	--	0	--	0	--	0		0	0		
	31410	3000	6100000					隱形機關	有攻擊力的隱形物件		機關	0	無	平均	53	50	50	0	0	0	obj00	1		1	0	0	0	1	50	50	50	50	1001			16050	6200	1087	738	124	124	0	0	36	0	124	0	0	0	0	0	812	812	812	812	0	0	100	0		100	1	1									0	0	0	-1	3									EF0001	EF_die_01a	EF_ov_01a	0	0																	0																	--	0	--	0	--	0	--	0	--	0		0	0		
	31411	3000	6100000					隱形機關	有攻擊力的隱形物件		機關	0	無	平均	58	55	55	0	0	0	obj00	1		1	0	0	0	1	50	50	50	50	1001			18460	6700	1208	821	134	134	0	0	39	0	134	0	0	0	0	0	903	903	903	903	0	0	100	0		100	1	1									0	0	0	-1	3									EF0001	EF_die_01a	EF_ov_01a	0	0																	0																	--	0	--	0	--	0	--	0	--	0		0	0		
	31412	3000	6100000					隱形機關	有攻擊力的隱形物件		機關	0	無	平均	63	60	60	0	0	0	obj00	1		1	0	0	0	1	50	50	50	50	1001			21215	7200	1595	904	144	144	0	0	41	0	144	0	0	0	0	0	994	994	994	994	0	0	100	0		100	1	1									0	0	0	-1	3									EF0001	EF_die_01a	EF_ov_01a	0	0																	0																	--	0	--	0	--	0	--	0	--	0		0	0		
#	14.破壞後才造成阻擋的物件																																			0	0	0	0																	0	0		0																													0	0																	0																															
	31501	3000	6100000					阿岡式木板橋	破壞後才造成阻擋的物件		機關	0	無	平均	8	5	5	0	1	0	obj29	1		1	0	0	0	1	350	380	80	200	1001			1435	1700	47	121	34	34	0	0	14	0	34	0	0	0	0	0	133	133	133	133	0	0	100	0		100	1	1									0	0	0	-1	900		5290050							EF0001	EF_die_01a	EF_ov_01a	0	0																	0																	--	0	--	0	--	0	--	0	--	0		0	0		
	31502	3000	6100000					阿岡式木板橋	破壞後才造成阻擋的物件		機關	0	無	平均	13	10	10	0	1	0	obj29	1		1	0	0	0	1	350	380	80	200	1001			2415	2200	71	172	44	44	0	0	16	0	44	0	0	0	0	0	189	189	189	189	0	0	100	0		100	1	1									0	0	0	-1	900		5290050							EF0001	EF_die_01a	EF_ov_01a	0	0																	0																	--	0	--	0	--	0	--	0	--	0		0	0		
	31503	3000	6100000					阿岡式木板橋	破壞後才造成阻擋的物件		機關	0	無	平均	18	15	15	0	1	0	obj29	1		1	0	0	0	1	350	380	80	200	1001			3675	2700	102	229	54	54	0	0	19	0	54	0	0	0	0	0	252	252	252	252	0	0	100	0		100	1	1									0	0	0	-1	900		5290050							EF0001	EF_die_01a	EF_ov_01a	0	0																	0																	--	0	--	0	--	0	--	0	--	0		0	0		
	31504	3000	6100000					阿岡式木板橋	破壞後才造成阻擋的物件		機關	0	無	平均	23	20	20	0	1	0	obj29	1		1	0	0	0	1	350	380	80	200	1001			5290	3200	185	291	64	64	0	0	21	0	64	0	0	0	0	0	320	320	320	320	0	0	100	0		100	1	1									0	0	0	-1	900		5290050							EF0001	EF_die_01a	EF_ov_01a	0	0																	0																	--	0	--	0	--	0	--	0	--	0		0	0		
	31505	3000	6100000					阿岡式木板橋	破壞後才造成阻擋的物件		機關	0	無	平均	28	25	25	0	1	0	obj29	1		1	0	0	0	1	350	380	80	200	1001			7330	3700	340	356	74	74	0	0	24	0	74	0	0	0	0	0	392	392	392	392	0	0	100	0		100	1	1									0	0	0	-1	900		5290050							EF0001	EF_die_01a	EF_ov_01a	0	0																	0																	--	0	--	0	--	0	--	0	--	0		0	0		
	31506	3000	6100000					阿岡式木板橋	破壞後才造成阻擋的物件		機關	0	無	平均	33	30	30	0	1	0	obj29	1		1	0	0	0	1	350	380	80	200	1001			8730	4200	494	426	84	84	0	0	26	0	84	0	0	0	0	0	469	469	469	469	0	0	100	0		100	1	1									0	0	0	-1	900		5290050							EF0001	EF_die_01a	EF_ov_01a	0	0																	0																	--	0	--	0	--	0	--	0	--	0		0	0		
	31507	3000	6100000					阿岡式木板橋	破壞後才造成阻擋的物件		機關	0	無	平均	38	35	35	0	1	0	obj29	1		1	0	0	0	1	350	380	80	200	1001			10260	4700	666	501	94	94	0	0	29	0	94	0	0	0	0	0	551	551	551	551	0	0	100	0		100	1	1									0	0	0	-1	900		5290050							EF0001	EF_die_01a	EF_ov_01a	0	0																	0																	--	0	--	0	--	0	--	0	--	0		0	0		
	31508	3000	6100000					阿岡式木板橋	破壞後才造成阻擋的物件		機關	0	無	平均	43	40	40	0	1	0	obj29	1		1	0	0	0	1	350	380	80	200	1001			11980	5200	766	577	104	104	0	0	31	0	104	0	0	0	0	0	635	635	635	635	0	0	100	0		100	1	1									0	0	0	-1	900		5290050							EF0001	EF_die_01a	EF_ov_01a	0	0																	0																	--	0	--	0	--	0	--	0	--	0		0	0		
	31509	3000	6100000					阿岡式木板橋	破壞後才造成阻擋的物件		機關	0	無	平均	48	45	45	0	1	0	obj29	1		1	0	0	0	1	350	380	80	200	1001			13860	5700	873	658	114	114	0	0	34	0	114	0	0	0	0	0	724	724	724	724	0	0	100	0		100	1	1									0	0	0	-1	900		5290050							EF0001	EF_die_01a	EF_ov_01a	0	0																	0																	--	0	--	0	--	0	--	0	--	0		0	0		
	31510	3000	6100000					阿岡式木板橋	破壞後才造成阻擋的物件		機關	0	無	平均	53	50	50	0	1	0	obj29	1		1	0	0	0	1	350	380	80	200	1001			16050	6200	1087	738	124	124	0	0	36	0	124	0	0	0	0	0	812	812	812	812	0	0	100	0		100	1	1									0	0	0	-1	900		5290050							EF0001	EF_die_01a	EF_ov_01a	0	0																	0																	--	0	--	0	--	0	--	0	--	0		0	0		
	31511	3000	6100000					阿岡式木板橋	破壞後才造成阻擋的物件		機關	0	無	平均	58	55	55	0	1	0	obj29	1		1	0	0	0	1	350	380	80	200	1001			18460	6700	1208	821	134	134	0	0	39	0	134	0	0	0	0	0	903	903	903	903	0	0	100	0		100	1	1									0	0	0	-1	900		5290050							EF0001	EF_die_01a	EF_ov_01a	0	0																	0																	--	0	--	0	--	0	--	0	--	0		0	0		
	31512	3000	6100000					阿岡式木板橋	破壞後才造成阻擋的物件		機關	0	無	平均	63	60	60	0	1	0	obj29	1		1	0	0	0	1	350	380	80	200	1001			21215	7200	1595	904	144	144	0	0	41	0	144	0	0	0	0	0	994	994	994	994	0	0	100	0		100	1	1									0	0	0	-1	900		5290050							EF0001	EF_die_01a	EF_ov_01a	0	0																	0																	--	0	--	0	--	0	--	0	--	0		0	0		
	31521	3000	6100000					阿岡式損壞的木板橋	破壞後才造成阻擋的物件		機關	0	無	平均	8	5	5	0	1	0	obj29_1	1		1	0	0	0	1	350	380	80	200	1001			1435	1700	47	121	34	34	0	0	14	0	34	0	0	0	0	0	133	133	133	133	0	0	100	0		100	1	1									0	0	0	-1	900		5290050							EF0001	EF_die_01a	EF_ov_01a	0	0																	0																	--	0	--	0	--	0	--	0	--	0		0	0		
	31522	3000	6100000					阿岡式損壞的木板橋	破壞後才造成阻擋的物件		機關	0	無	平均	13	10	10	0	1	0	obj29_1	1		1	0	0	0	1	350	380	80	200	1001			2415	2200	71	172	44	44	0	0	16	0	44	0	0	0	0	0	189	189	189	189	0	0	100	0		100	1	1									0	0	0	-1	900		5290050							EF0001	EF_die_01a	EF_ov_01a	0	0																	0																	--	0	--	0	--	0	--	0	--	0		0	0		
	31523	3000	6100000					阿岡式損壞的木板橋	破壞後才造成阻擋的物件		機關	0	無	平均	18	15	15	0	1	0	obj29_1	1		1	0	0	0	1	350	380	80	200	1001			3675	2700	102	229	54	54	0	0	19	0	54	0	0	0	0	0	252	252	252	252	0	0	100	0		100	1	1									0	0	0	-1	900		5290050							EF0001	EF_die_01a	EF_ov_01a	0	0																	0																	--	0	--	0	--	0	--	0	--	0		0	0		
	31524	3000	6100000					阿岡式損壞的木板橋	破壞後才造成阻擋的物件		機關	0	無	平均	23	20	20	0	1	0	obj29_1	1		1	0	0	0	1	350	380	80	200	1001			5290	3200	185	291	64	64	0	0	21	0	64	0	0	0	0	0	320	320	320	320	0	0	100	0		100	1	1									0	0	0	-1	900		5290050							EF0001	EF_die_01a	EF_ov_01a	0	0																	0																	--	0	--	0	--	0	--	0	--	0		0	0		
	31525	3000	6100000					阿岡式損壞的木板橋	破壞後才造成阻擋的物件		機關	0	無	平均	28	25	25	0	1	0	obj29_1	1		1	0	0	0	1	350	380	80	200	1001			7330	3700	340	356	74	74	0	0	24	0	74	0	0	0	0	0	392	392	392	392	0	0	100	0		100	1	1									0	0	0	-1	900		5290050							EF0001	EF_die_01a	EF_ov_01a	0	0																	0																	--	0	--	0	--	0	--	0	--	0		0	0		
	31526	3000	6100000					阿岡式損壞的木板橋	破壞後才造成阻擋的物件		機關	0	無	平均	33	30	30	0	1	0	obj29_1	1		1	0	0	0	1	350	380	80	200	1001			8730	4200	494	426	84	84	0	0	26	0	84	0	0	0	0	0	469	469	469	469	0	0	100	0		100	1	1									0	0	0	-1	900		5290050							EF0001	EF_die_01a	EF_ov_01a	0	0																	0																	--	0	--	0	--	0	--	0	--	0		0	0		
	31527	3000	6100000					阿岡式損壞的木板橋	破壞後才造成阻擋的物件		機關	0	無	平均	38	35	35	0	1	0	obj29_1	1		1	0	0	0	1	350	380	80	200	1001			10260	4700	666	501	94	94	0	0	29	0	94	0	0	0	0	0	551	551	551	551	0	0	100	0		100	1	1									0	0	0	-1	900		5290050							EF0001	EF_die_01a	EF_ov_01a	0	0																	0																	--	0	--	0	--	0	--	0	--	0		0	0		
	31528	3000	6100000					阿岡式損壞的木板橋	破壞後才造成阻擋的物件		機關	0	無	平均	43	40	40	0	1	0	obj29_1	1		1	0	0	0	1	350	380	80	200	1001			11980	5200	766	577	104	104	0	0	31	0	104	0	0	0	0	0	635	635	635	635	0	0	100	0		100	1	1									0	0	0	-1	900		5290050							EF0001	EF_die_01a	EF_ov_01a	0	0																	0																	--	0	--	0	--	0	--	0	--	0		0	0		
	31529	3000	6100000					阿岡式損壞的木板橋	破壞後才造成阻擋的物件		機關	0	無	平均	48	45	45	0	1	0	obj29_1	1		1	0	0	0	1	350	380	80	200	1001			13860	5700	873	658	114	114	0	0	34	0	114	0	0	0	0	0	724	724	724	724	0	0	100	0		100	1	1									0	0	0	-1	900		5290050							EF0001	EF_die_01a	EF_ov_01a	0	0																	0																	--	0	--	0	--	0	--	0	--	0		0	0		
	31530	3000	6100000					阿岡式損壞的木板橋	破壞後才造成阻擋的物件		機關	0	無	平均	53	50	50	0	1	0	obj29_1	1		1	0	0	0	1	350	380	80	200	1001			16050	6200	1087	738	124	124	0	0	36	0	124	0	0	0	0	0	812	812	812	812	0	0	100	0		100	1	1									0	0	0	-1	900		5290050							EF0001	EF_die_01a	EF_ov_01a	0	0																	0																	--	0	--	0	--	0	--	0	--	0		0	0		
	31531	3000	6100000					阿岡式損壞的木板橋	破壞後才造成阻擋的物件		機關	0	無	平均	58	55	55	0	1	0	obj29_1	1		1	0	0	0	1	350	380	80	200	1001			18460	6700	1208	821	134	134	0	0	39	0	134	0	0	0	0	0	903	903	903	903	0	0	100	0		100	1	1									0	0	0	-1	900		5290050							EF0001	EF_die_01a	EF_ov_01a	0	0																	0																	--	0	--	0	--	0	--	0	--	0		0	0		
	31532	3000	6100000					阿岡式損壞的木板橋	破壞後才造成阻擋的物件		機關	0	無	平均	63	60	60	0	1	0	obj29_1	1		1	0	0	0	1	350	380	80	200	1001			21215	7200	1595	904	144	144	0	0	41	0	144	0	0	0	0	0	994	994	994	994	0	0	100	0		100	1	1									0	0	0	-1	900		5290050							EF0001	EF_die_01a	EF_ov_01a	0	0																	0																	--	0	--	0	--	0	--	0	--	0		0	0		
#	25.跳數字裝置																																			0	0	0	0																	0	0		0																													0	0																	0																															
	32601	3000	6100000					跳數字裝置1			機關	0	無	平均	4	1	0	0	0	0	obj25_1	1		1	0	0	0	1	100	70	200	100	1001			999999	0	0	0																	0	0	100	0		100	0	1									0	0	0	1	1												0	0																	0																	--	0	--	0	--	0	--	0	--	0		0	0		
	32602	3000	6100000					跳數字裝置2			機關	0	無	平均	4	1	0	0	0	0	obj25_2	1		1	0	0	0	1	100	70	200	100	1001			999999	0	0	0																	0	0	100	0		100	0	1									0	0	0	1	1												0	0																	0																	--	0	--	0	--	0	--	0	--	0		0	0		
	32603	3000	6100000					跳數字裝置3			機關	0	無	平均	4	1	0	0	0	0	obj25_3	1		1	0	0	0	1	100	70	200	100	1001			999999	0	0	0																	0	0	100	0		100	0	1									0	0	0	1	1												0	0																	0																	--	0	--	0	--	0	--	0	--	0		0	0		
	32604	3000	6100000					跳數字裝置4			機關	0	無	平均	4	1	0	0	0	0	obj25_4	1		1	0	0	0	1	100	70	200	100	1001			999999	0	0	0																	0	0	100	0		100	0	1									0	0	0	1	1												0	0																	0																	--	0	--	0	--	0	--	0	--	0		0	0		
	32605	3000	6100000					跳數字裝置5			機關	0	無	平均	4	1	0	0	0	0	obj25_5	1		1	0	0	0	1	100	70	200	100	1001			999999	0	0	0																	0	0	100	0		100	0	1									0	0	0	1	1												0	0																	0																	--	0	--	0	--	0	--	0	--	0		0	0		
	32606	3000	6100000					跳數字裝置6			機關	0	無	平均	4	1	0	0	0	0	obj25_6	1		1	0	0	0	1	100	70	200	100	1001			999999	0	0	0																	0	0	100	0		100	0	1									0	0	0	1	1												0	0																	0																	--	0	--	0	--	0	--	0	--	0		0	0		
	32607	3000	6100000					跳數字裝置7			機關	0	無	平均	4	1	0	0	0	0	obj25_7	1		1	0	0	0	1	100	70	200	100	1001			999999	0	0	0																	0	0	100	0		100	0	1									0	0	0	1	1												0	0																	0																	--	0	--	0	--	0	--	0	--	0		0	0		
	32608	3000	6100000					跳數字裝置8			機關	0	無	平均	4	1	0	0	0	0	obj25_8	1		1	0	0	0	1	100	70	200	100	1001			999999	0	0	0																	0	0	100	0		100	0	1									0	0	0	1	1												0	0																	0																	--	0	--	0	--	0	--	0	--	0		0	0		
	32609	3000	6100000					跳數字裝置9			機關	0	無	平均	4	1	0	0	0	0	obj25_9	1		1	0	0	0	1	100	70	200	100	1001			999999	0	0	0																	0	0	100	0		100	0	1									0	0	0	1	1												0	0																	0																	--	0	--	0	--	0	--	0	--	0		0	0		
	32610	3000	6100000					跳數字裝置0			機關	0	無	平均	4	1	0	0	0	0	obj25_0	1		1	0	0	0	1	100	70	200	100	1001			999999	0	0	0																	0	0	100	0		100	0	1									0	0	0	1	1												0	0																	0																	--	0	--	0	--	0	--	0	--	0		0	0		
	32611	3000	6100000					跳數字裝置外殼	受到攻擊會隨機跳一數字		機關	0	無	平均	28	25	25	1	0	0	obj25	1		1	0	0	0	1	150	80	200	100	1001			999999	3700	2000	999999	74	74	0	0	24	0	74	0	0	0	0	0	392	392	392	392	0	0	100	0		50	0	1									0	0	0	0	0			5274010									0	0																	0																	--	0	--	0	--	0	--	0	--	0		0	0		
	32612	3000	6100000					跳數字裝置_叛克			機關	0	無	平均	4	1	0	0	0	0	obj25_pank	1		1	0	0	0	1	100	70	200	100	1001			999999	0	0	0																	0	0	100	0		100	0	1									0	0	0	1	1												0	0																	0																	--	0	--	0	--	0	--	0	--	0		0	0		
	32613	3000	6100000					跳數字裝置_鐵鎚			機關	0	無	平均	4	1	0	0	0	0	obj25_hammer	1		1	0	0	0	1	100	70	200	100	1001			999999	0	0	0																	0	0	100	0		100	0	1									0	0	0	1	1												0	0																	0																	--	0	--	0	--	0	--	0	--	0		0	0		
#	26.打地鼠裝置																																			0	0	0	0																	0	0		0																													0	0																	0																															
	32621	3000	6100000					裝置外殼			機關	0	無	平均	63	60	0	0	0	0	obj51	3		1	0	0	0	1	150	150	60	60	1001			6000	7200	1595	999999	144	144	0	0	41	0	144	0									0	0	100	0		100	0	1									0	0	0	0	99999999												0	0																	0																	--	0	--	0	--	0	--	0	--	0		0	0		
	32622	3000	6100000					白斑馬頭			機關	0	無	平均	63	60	0	1	0	0	obj52	3		1.3	0	0	0	1	90	90	90	60	1001			1	0	0	0																	0	0	100	0		100	0	1									0	0	0	0	0												0	0																	0																	--	0	--	0	--	0	--	0	--	0		0	0		
	32623	3000	6100000					黑斑馬頭			機關	0	無	平均	63	60	0	1	0	0	obj53	3		1.3	0	0	0	1	90	90	90	60	1001			1	0	0	0																	0	0	100	0		100	0	1									0	0	0	0	0												0	0																	0																	--	0	--	0	--	0	--	0	--	0		0	0		
	32624	3000	6100000					熊頭			機關	0	無	平均	63	60	0	1	0	0	obj54	3		1.3	0	0	0	1	90	90	90	60	1001			1	0	0	0																	0	0	100	0		100	0	1									0	0	0	0	0												0	0																	0																	--	0	--	0	--	0	--	0	--	0		0	0		
	32625	3000	6100000					高球頭			機關	0	無	平均	63	60	0	1	0	0	obj55	3		1.3	0	0	0	1	90	90	90	60	1001			1	0	0	0																	0	0	100	0		100	0	1									0	0	0	0	0												0	0																	0																	--	0	--	0	--	0	--	0	--	0		0	0		
	32626	3000	6100000					高球頭(表演)			機關	0	無	平均	63	60	0	0	0	0	obj57	3		1.3	0	0	0	1	90	90	90	60	1001			6000	0	0	0																	0	0	100	0		100	0	1									0	0	0	0	99999999												0	0																	0																	--	0	--	0	--	0	--	0	--	0		0	0		
#	27.pk格鬥用物件																																			0	0	0	0																	0	0		0																													0	0																	0																															
	32701	3000	6100000					奪旗賽旗子(紅)	可破壞阻擋物件		野外小怪	3	怕水	平均	55	55	55	1	1	1	obj30	1		1.3	0		0	1	50	50	120	40	1001			6602	6400	1189	809	128	128	0	0	37	0	128	0	0	0	0	0	257	26	257	257	0	0	100	0		50	0	1									200	220	400	-1	3									EF0001	EF_die_01a	EF_ov_01a	0	0																	0			20														--	0	--	0	--	0	--	0	--	0		0	0		
	32702	3000	6100000					保衛戰旗子(黃)	可破壞阻擋物件		野外小怪	3	怕水	平均	55	55	55	1	1	1	obj30a	1		1.3	0		0	1	50	50	120	40	1001			6602	6400	1189	809	128	128	0	0	37	0	128	0	0	0	0	0	257	26	257	257	0	0	100	0		50	0	1									200	220	400	-1	3									EF0001	EF_die_01a	EF_ov_01a	0	0																	0			20														--	0	--	0	--	0	--	0	--	0		0	0		
	32703	3000	6100000					領地戰旗子(藍)	可破壞阻擋物件		野外小怪	3	怕水	平均	55	55	55	1	1	1	obj30b	1		1.3	0		0	1	50	50	120	40	1001			6602	6400	1189	809	128	128	0	0	37	0	128	0	0	0	0	0	257	26	257	257	0	0	100	0		50	0	1									200	220	400	-1	3									EF0001	EF_die_01a	EF_ov_01a	0	0																	0			20														--	0	--	0	--	0	--	0	--	0		0	0		
	32704	3000	6100000					旗子(綠)	可破壞阻擋物件		野外小怪	3	怕水	平均	55	55	55	1	1	1	obj30c	1		1.3	0		0	1	50	50	120	40	1001			6602	6400	1189	809	128	128	0	0	37	0	128	0	0	0	0	0	257	26	257	257	0	0	100	0		50	0	1									200	220	400	-1	3									EF0001	EF_die_01a	EF_ov_01a	0	0																	0			20														--	0	--	0	--	0	--	0	--	0		0	0		
	32705	3000	3100021					城門(小)	可破壞阻擋物件		機關	2	怕地	平均	58	55	55	1	1	1	obj01c	1		1.3	0		0	1	200	50	400	100	1001			18460	6700	1208	821	134	134	0	0	39	0	134	0	0	0	0	0	28	281	281	281	0	0	100	0		50	0	1									0	0	0	-1	2		5070050	5074010						EF0001	EF_die_01b	EF_ov_01a	0	0																	0			20														--	0	--	0	--	0	--	0	--	0		0	0		
	32706	3000	3100024					機關開關(多血)	開關物件		小怪	0	無	平均	55	55	55	1	1	1	switch	1		1.3	0		0	1	40	60	80	50	1001			3301	6400	1189	809	128	128	0	0	37	0	128	0	0	0	0	0	890	890	890	890	0	0	100	0		100	1	1												-1	10		5300050								EF_die_01a		0	0																	0			20														--	0	--	0	--	0	--	0	--	0		0	0	0	
#																																																																																																																																									
	40001	3000	3200001		梁山泊基地	1		林沖師傅			NPC	0	無			99	99	0	0	0	npc0008	1.4		1	0	0	0	0	80	80	140	35	2001			200000	0	999	999		999							999	999	999	999	999	999	999	999	0	0		0		100	1	1									0	0	0	0	0												0	0																	0			300														--	0	--	0	--	0	--	0	--	0		0	0		
	40002	3000	3200002		梁山泊基地	1、3		智多星 吳用			NPC	0	無			99	99	0	0	0	npc0002	1.6		1	0	0	0	0	50	50	110	35	2001			200000	0	999	999		999							999	999	999	999	999	999	999	999	0	0		0		100	1	1									0	0	0	0	0												0	0																	0			300														--	0	--	0	--	0	--	0	--	0		0	0		
	40003	3000	3200003		英雄城	3		兔城任務			NPC	0	無			99	99	0	0	0	npcg001	1		1	0	0	0	0	50	50	80	35	2001			200000	0	999	999		999							999	999	999	999	999	999	999	999	0	0		0		100	1	1									0	0	0	0	0												0	0																	0			300														--	0	--	0	--	0	--	0	--	0		0	0		
	40004	3000	3200004		英雄城	2001		象城任務			NPC	0	無			99	99	0	0	0	npcg002	1		1	0	0	0	0	80	80	120	50	2001			200000	0	999	999		999							999	999	999	999	999	999	999	999	0	0		0		100	1	1									0	0	0	0	0												0	0																	0			300														--	0	--	0	--	0	--	0	--	0		0	0		
	40005	3000	3200005		英雄城	3、2001、2002		<林沖>裝備商			NPC	0	無			99	99	0	0	0	npc0012a	1		1	0	0	0	0	50	50	100	35	2001			200000	0	999	999		999							999	999	999	999	999	999	999	999	0	0		0		100	1	1									0	0	0	0	0												0	0																	0			300														--	0	--	0	--	0	--	0	--	0		0	0		
	40006	3000	3200006		英雄城	3、2001、2002		<雷橫>裝備商			NPC	0	無			99	99	0	0	0	npc0012b	1		1	0	0	0	0	50	50	100	35	2001			200000	0	999	999		999							999	999	999	999	999	999	999	999	0	0		0		100	1	1									0	0	0	0	0												0	0																	0			300														--	0	--	0	--	0	--	0	--	0		0	0		
	40007	3000	3200007		英雄城	3、2001、2002		<孫二娘>裝備商			NPC	0	無			99	99	0	0	0	npc0012c	1		1	0	0	0	0	50	50	100	35	2001			200000	0	999	999		999							999	999	999	999	999	999	999	999	0	0		0		100	1	1									0	0	0	0	0												0	0																	0			300														--	0	--	0	--	0	--	0	--	0		0	0		
	40008	3000	3200008		英雄城	3、2001、2002		<戴宗>裝備商			NPC	0	無			99	99	0	0	0	npc0012	1		1	0	0	0	0	50	50	100	35	2001			200000	0	999	999		999							999	999	999	999	999	999	999	999	0	0		0		100	1	1									0	0	0	0	0												0	0																	0			300														--	0	--	0	--	0	--	0	--	0		0	0		
	40009	3000	3200009		英雄城	3、2001、2002		飾品商人			NPC	0	無			99	99	0	0	0	npc0017	1.3		1	0	0	0	0	50	50	80	35	2001			200000	0	999	999		999							999	999	999	999	999	999	999	999	0	0		0		100	1	1									0	0	0	0	0												0	0																	0			300														--	0	--	0	--	0	--	0	--	0		0	0		
	40010	3000	3200010		英雄城	3、2001、2002		雜貨商人			NPC	0	無			99	99	0	0	0	npc0010	1		1	0	0	0	0	50	50	70	35	2001			200000	0	999	999		999							999	999	999	999	999	999	999	999	0	0		0		100	1	1									80	88	160	0	0												0	0																	0			300														--	0	--	0	--	0	--	0	--	0		0	0		
	40011	3000	3200011		英雄城	3、2001、2002		<林沖>技能導師			NPC	0	無			99	99	0	0	0	npc0009a	1		1	0	0	0	0	50	50	90	35	2001			200000	0	999	999		999							999	999	999	999	999	999	999	999	0	0		0		100	1	1									0	0	0	0	0												0	0																	0			300														--	0	--	0	--	0	--	0	--	0		0	0		
	40012	3000	3200012		英雄城	3、2001、2002		<雷橫>技能導師			NPC	0	無			99	99	0	0	0	npc0009b	1		1	0	0	0	0	50	50	90	35	2001			200000	0	999	999		999							999	999	999	999	999	999	999	999	0	0		0		100	1	1									0	0	0	0	0												0	0																	0			300														--	0	--	0	--	0	--	0	--	0		0	0		
	40013	3000	3200013		英雄城	3、2001、2002		<孫二娘>技能導師			NPC	0	無			99	99	0	0	0	npc0009c	1		1	0	0	0	0	50	50	90	35	2001			200000	0	999	999		999							999	999	999	999	999	999	999	999	0	0		0		100	1	1									0	0	0	0	0												0	0																	0			300														--	0	--	0	--	0	--	0	--	0		0	0		
	40014	3000	3200014		英雄城	3、2001、2002		<戴宗>技能導師			NPC	0	無			99	99	0	0	0	npc0009	1		1	0	0	0	0	50	50	90	35	2001			200000	0	999	999		999							999	999	999	999	999	999	999	999	0	0		0		100	1	1									0	0	0	0	0												0	0																	0			300														--	0	--	0	--	0	--	0	--	0		0	0		
	40015	3000	3200015		英雄城	3、2001、2002		公會管理員			NPC	0	無			99	99	0	0	0	npc0011	1		1	0	0	0	0	80	80	90	50	2001			200000	0	999	999		999							999	999	999	999	999	999	999	999	0	0		0		100	1	1									0	0	0	0	0												0	0																	0			300														--	0	--	0	--	0	--	0	--	0		0	0		
	40016	3000	3200016		英雄城	3、2001、2002		書信傳送員			NPC	0	無			99	99	0	0	0	npc0014	1		1	0	0	0	0	50	50	70	35	2001			200000	0	999	999		999							999	999	999	999	999	999	999	999	0	0		0		100	1	1									0	0	0	0	0												0	0																	0			300														--	0	--	0	--	0	--	0	--	0		0	0		
	40017	3000	3200017		英雄城	3、2001、2002		拍賣管理員			NPC	0	無			99	99	0	0	0	npc0025	1		1	0	0	0	0	80	80	90	35	2001			200000	0	999	999		999							999	999	999	999	999	999	999	999	0	0		0		100	1	1									0	0	0	0	0												0	0																	0			300														--	0	--	0	--	0	--	0	--	0		0	0		
	40018	3000	3200018		英雄城	3、2001、2002		倉庫管理員			NPC	0	無			99	99	0	0	0	npc0026	1		1	0	0	0	0	80	80	90	35	2001			200000	0	999	999		999							999	999	999	999	999	999	999	999	0	0		0		100	1	1									0	0	0	0	0												0	0																	0			300														--	0	--	0	--	0	--	0	--	0		0	0		
	40019	3000	3200019		英雄城		no	欽差大臣			NPC	0	無			99	99	0	0	0	npca002	1.3		1	0	0	0	0	50	50	80	35	2001			200000	0	999	999		999							999	999	999	999	999	999	999	999	0	0		0		100	1	1									0	0	0	0	0												0	0																	0			300														--	0	--	0	--	0	--	0	--	0		0	0		
	40020	3000	3200020		英雄城	3、2001、2002		警衛隊長			NPC	0	無			99	99	0	0	1	npcd001a	1		1	0	0	0	0	80	80	90	35	2001			200000	0	999	999		999							999	999	999	999	999	999	999	999	0	0		0		100	1	1									70	77	140	0	0												0	0																	0			300														--	0	--	0	--	0	--	0	--	0		0	0		
	40021	3000	3200021		英雄城	4、5、6、12		及時雨 宋江			NPC	0	無			99	99	0	0	1	npc0001	1.3		1	0	0	0	0	60	60	80	35	2001			200000	0	999	999		999							999	999	999	999	999	999	999	999	0	0		0		100	1	1									250	275	500	0	0												0	0																	0			300														--	0	--	0	--	0	--	0	--	0		0	0		
	40022	3000	3001810		大象城	18		獨火星	表演用		NPC	0	無			99	99	0	0	0	mobb0026a	0.2		1	0	0	0	0	60	60	80	35	2001			200000	0	999	999		999							999	999	999	999	999	999	999	999	0	0		0		100	1	1									250	275	500	0	0												0	0																	0			300														--	0	--	0	--	0	--	0	--	0		0	0		
	40023	3000	3001811		大象城	18		毛頭星	表演用		NPC	0	無			99	99	0	0	0	mobb0026	0.2		1	0	0	0	0	60	60	80	35	2001			200000	0	999	999		999							999	999	999	999	999	999	999	999	0	0		0		100	1	1									250	275	500	0	0												0	0																	0			300														--	0	--	0	--	0	--	0	--	0		0	0		
	40024	3000	3200022		彪城	35		坦克隊長			NPC	0	無			99	99	0	0	0	npcd001a	1		1	0	0	0	0	80	80	90	35	2001			200000	0	999	999		999							999	999	999	999	999	999	999	999	0	0		0		100	1	1									350	385	400	0	0												0	0																	0			300														--	0	--	0	--	0	--	0	--	0		0	0		
	40025	3000	3200023		英雄城	3、2001、2002		守護神商人			NPC	0	無			99	99	0	0	0	npc0018	1.3		1	0	0	0	0	50	50	80	35	2001			200000	0	999	999		999							999	999	999	999	999	999	999	999	0	0		0		100	1	1									0	0	0	0	0												0	0																	0			300														--	0	--	0	--	0	--	0	--	0		0	0		
	40026	3000	3200024		新手城	2003		林沖			NPC	0	無			99	99	0	0	0	npc0029	1		1	0	0	0	0	50	50	150	35	2001			200000	0	999	999		999							999	999	999	999	999	999	999	999	0	0		0		100	1	1									0	0	0	0	0												0	0																	0																	--	0	--	0	--	0	--	0	--	0		0	0		
	40027	3000	3200025		新手城	2003		雷橫			NPC	0	無			99	99	0	0	0	npc0030	1		1	0	0	0	0	50	50	150	35	2001			200000	0	999	999		999							999	999	999	999	999	999	999	999	0	0		0		100	1	1									0	0	0	0	0												0	0																	0																	--	0	--	0	--	0	--	0	--	0		0	0		
	40028	3000	3200026		新手城	2003		孫二娘			NPC	0	無			99	99	0	0	0	npc0031	1		1	0	0	0	0	50	50	130	35	2001			200000	0	999	999		999							999	999	999	999	999	999	999	999	0	0		0		100	1	1									0	0	0	0	0												0	0																	0																	--	0	--	0	--	0	--	0	--	0		0	0		
	40029	3000	3200027		新手城	2003		戴宗			NPC	0	無			99	99	0	0	0	npc0032	1		1	0	0	0	0	50	50	140	35	2001			200000	0	999	999		999							999	999	999	999	999	999	999	999	0	0		0		100	1	1									0	0	0	0	0												0	0																	0																	--	0	--	0	--	0	--	0	--	0		0	0		
	40030	3000	3200043	兔子城	兔城野外段	3		兔城村長			NPC	0	無			99	99	0	0	0	npca002	1		1	0	0	0	0	50	50	70	25	2001			200000	0	999	999		999							999	999	999	999	999	999	999	999	0	0		0		100	1	1									350	385	400	0	0												0	0																	0			300														--	0	--	0	--	0	--	0	--	0		0	0		
	40031	3000	3200044	兔子城	兔城野外段	1001		兔城坦克隊長			NPC	0	無			99	99	0	0	0	npcd001a	1		1	0	0	0	0	80	80	90	40	2001			200000	0	999	999		999							999	999	999	999	999	999	999	999	0	0		0		100	1	1									350	385	400	0	0												0	0																	0			300														--	0	--	0	--	0	--	0	--	0		0	0		
	40032	3000	3200045	兔子城	兔城野外段	1002		兔城村民			NPC	0	無			99	99	0	0	0	npca003	1		1	0	0	0	0	50	50	70	25	2001			200000	0	999	999		999							999	999	999	999	999	999	999	999	0	0		0		100	1	1									350	385	400	0	0												0	0																	0			300														--	0	--	0	--	0	--	0	--	0		0	0		
	40033	3000	3200046	兔子城	兔城野外段	1002		兔城前線隊長			NPC	0	無			99	99	0	0	0	npcd001b	1		1	0	0	0	0	80	80	90	40	2001			200000	0	999	999		999							999	999	999	999	999	999	999	999	0	0		0		100	1	1									350	385	400	0	0												0	0																	0			300														--	0	--	0	--	0	--	0	--	0		0	0		
	40034	3000	3200028	大象城	野外段	1003		象城村長			NPC	0	無			99	99	0	0	0	npca002	1		1	0	0	0	0	50	50	70	25	2001			200000	0	999	999		999							999	999	999	999	999	999	999	999	0	0		0		100	1	1									350	385	400	0	0												0	0																	0			300														--	0	--	0	--	0	--	0	--	0		0	0		
	40035	3000	3200029	大象城	野外段	1003		象城村民			NPC	0	無			99	99	0	0	0	npcg002	1		1	0	0	0	0	100	80	130	50	2001			200000	0	999	999		999							999	999	999	999	999	999	999	999	0	0		0		100	1	1									350	385	400	0	0												0	0																	0			300														--	0	--	0	--	0	--	0	--	0		0	0		
	40036	3000	3200030	大象城	野外段	1003		小象兵			NPC	0	無			99	99	0	0	0	moba0031c	0.4		1	0	0	0	0	80	80	90	40	2001			200000	0	999	999		999							999	999	999	999	999	999	999	999	0	0		0		100	1	1									350	385	400	0	0												0	0																	0			300														--	0	--	0	--	0	--	0	--	0		0	0		
	40037	3000	3200031	大象城	野外段	1003		小象寶貝			NPC	0	無			99	99	0	0	0	moba0031b	0.2		1	0	0	0	0	50	50	50	30	2001			200000	0	999	999		999							999	999	999	999	999	999	999	999	0	0		0		100	1	1									50	55	400	0	0												0	0																	0			300														--	0	--	0	--	0	--	0	--	0		0	0		
	40038	3000	3200032	大象城	野外段	1003		膽小的士兵			NPC	0	無			99	99	0	0	0	npc0042	1		1	0	0	0	0	80	80	90	40	2001			200000	0	999	999		999							999	999	999	999	999	999	999	999	0	0		0		100	1	1									350	385	400	0	0												0	0																	0			300														--	0	--	0	--	0	--	0	--	0		0	0		
	40039	3000	3200033	大象城	野外段	1003		杜子厄			NPC	0	無			99	99	0	0	0	npcc001	3		1	0	0	0	0	80	80	90	40	2001			200000	0	999	999		999							999	999	999	999	999	999	999	999	0	0		0		100	1	1									350	385	400	0	0												0	0																	0			300														--	0	--	0	--	0	--	0	--	0		0	0		
	40040	3000	3200034	大象城	野外段	1004		詩詩			NPC	0	無			99	99	0	0	0	npcb001	1.3		1	0	0	0	0	50	50	70	30	2001			200000	0	999	999		999							999	999	999	999	999	999	999	999	0	0		0		100	1	1									350	385	400	0	0												0	0																	0			300														--	0	--	0	--	0	--	0	--	0		0	0		
	40041	3000	3200035	大象城	野外段	1004		小孩			NPC	0	無			99	99	0	0	0	npcc002	1.3		1	0	0	0	0	30	30	40	20	2001			200000	0	999	999		999							999	999	999	999	999	999	999	999	0	0		0		100	1	1									50	55	400	0	0												0	0																	0			300														--	0	--	0	--	0	--	0	--	0		0	0		
	40042	3000	3100018	大象城	野外段	1004		受困村民(女)			NPC	0	無			99	99	0	0	0	npc0041	1.3		1	0	0	0	0	50	50	70	30	2001			200000	0	999	999		999							999	999	999	999	999	999	999	999	0	0		0		100	1	1									350	385	400	0	0												0	0																	0			300														--	0	--	0	--	0	--	0	--	0		0	0		
	40043	3000	3200037	大象城	野外段	1004		看笛象			NPC	0	無			99	99	0	0	0	moba0031	0.3		1	0	0	0	0	60	60	60	40	2001			200000	0	999	999		999							999	999	999	999	999	999	999	999	0	0		0		100	1	1									350	385	400	0	0												0	0																	0			300														--	0	--	0	--	0	--	0	--	0		0	0		
	40044	3000	3200039	大象城	野外段	1004		山總			NPC	0	無			99	99	0	0	0	npca001a	1		1	0	0	0	0	50	50	70	25	2001			200000	0	999	999		999							999	999	999	999	999	999	999	999	0	0		0		100	1	1									350	385	400	0	0												0	0																	0			300														--	0	--	0	--	0	--	0	--	0		0	0		
	40045	3000	3200040	大象城	野外段	1004		大寶			NPC	0	無			99	99	0	0	0	npcc001	3		1	0	0	0	0	80	80	90	40	2001			200000	0	999	999		999							999	999	999	999	999	999	999	999	0	0		0		100	1	1									350	385	400	0	0												0	0																	0			300														--	0	--	0	--	0	--	0	--	0		0	0		
	40046	3000	3200041	大象城	野外段	1004		二寶			NPC	0	無			99	99	0	0	0	npcc001	2		1	0	0	0	0	60	60	60	30	2001			200000	0	999	999		999							999	999	999	999	999	999	999	999	0	0		0		100	1	1									350	385	400	0	0												0	0																	0			300														--	0	--	0	--	0	--	0	--	0		0	0		
	40047	3000	3200042	大象城	野外段	1004		三寶			NPC	0	無			99	99	0	0	0	npcc001	1		1	0	0	0	0	40	40	40	20	2001			200000	0	999	999		999							999	999	999	999	999	999	999	999	0	0		0		100	1	1									350	385	400	0	0												0	0																	0			300														--	0	--	0	--	0	--	0	--	0		0	0		
	40048	3000	3100011	大象城	野外段	1004		大捲笛	可破壞任務物件		機關	0	無	平均	23	20	20	1	1	0	obj11c	2		1.3	0		0	1	80	80	100	40	1001			5290	3200	185	291		64	0	0					0	0	0	0	320	320	320	320	0	0	100	0		100	0	1									0	0	0	30	2		5200050	9404010						EF0001	EF_die_01a	EF_ov_01a	0	0																	0			20														--	0	--	0	--	0	--	0	--	0		0	0		
	40049	3000	3200047	彪城	野外段	1005		失職的砲兵			NPC	0	無			99	99	0	0	0	npcd001	1		1	0	0	0	0	80	80	90	40	2001			200000	0	999	999		999							999	999	999	999	999	999	999	999	0	0		0		100	1	1									350	385	400	0	0												0	0																	0			300														--	0	--	0	--	0	--	0	--	0		0	0		
	40050	3000	3200048	彪城	野外段	1005		阮小七			NPC	0	無			99	99	0	0	0	npc0007b	1.2		1	0	0	0	0	80	80	70	40	2001			200000	0	999	999		999							999	999	999	999	999	999	999	999	0	0		0		100	1	1									350	385	400	0	0												0	0																	0			300														--	0	--	0	--	0	--	0	--	0		0	0		
	40051	3000	3200049	彪城	野外段	1005		彪仔			NPC	0	無			99	99	0	0	0	moba0022a	1		1	0	0	0	0	80	80	90	40	2001			200000	0	999	999		999							999	999	999	999	999	999	999	999	0	0		0		100	1	1									350	385	400	0	0												0	0																	0			300														--	0	--	0	--	0	--	0	--	0		0	0		
	40052	3000	3200050	彪城	野外段	1005		葫蘆砲車1號			NPC	0	無			99	99	0	0	0	npc0028	0.65		1	0	0	0	0	160	200	150	120	2001			200000	0	999	999		999							999	999	999	999	999	999	999	999	0	0		0		100	1	1									0	0	0	30	2									EF0001	EF_die_01a	EF_ov_01a	0	0																	0			20														--	0	--	0	--	0	--	0	--	0		0	0		
	40053	3000	3200051	彪城	野外段	1005		小彪仔			NPC	0	無			99	99	0	0	0	moba0022a	0.5		1	0	0	0	0	50	50	50	30	2001			200000	0	999	999		999							999	999	999	999	999	999	999	999	0	0		0		100	1	1									50	55	400	0	0												0	0																	0			300														--	0	--	0	--	0	--	0	--	0		0	0		
	40054	3000	3200052	彪城	野外段	1005		戀愛的士兵			NPC	0	無			99	99	0	0	0	npcd001b	1		1	0	0	0	0	80	80	90	40	2001			200000	0	999	999		999							999	999	999	999	999	999	999	999	0	0		0		100	1	1									350	385	400	0	0												0	0																	0			300														--	0	--	0	--	0	--	0	--	0		0	0		
	40055	3000	3200053	彪城	野外段	1005		彪城村民			NPC	0	無			99	99	0	0	0	npca001	1.2		1	0	0	0	0	50	50	90	30	2001			200000	0	999	999		999							999	999	999	999	999	999	999	999	0	0		0		100	1	1									350	385	400	0	0												0	0																	0			300														--	0	--	0	--	0	--	0	--	0		0	0		
	40056	3000	3200054	駱駝城	野外段	1007		製圖兵	衛兵3(男)		NPC	0	無			99	99	0	0	0	npcd001c	1		1	0	0	0	0	80	80	90	40	2001			200000	0	999	999		999							999	999	999	999	999	999	999	999	0	0		0		100	1	1									50	55	400	0	0												0	0																	0			300														--	0	--	0	--	0	--	0	--	0		0	0		
	40057	3000	3200055	駱駝城	野外段	1007		寫生駱駝	駱駝兵		NPC	0	無			99	99	0	0	0	moba0016b	1		1	0	0	0	0	130	50	120	80	2001			200000	0	999	999		999							999	999	999	999	999	999	999	999	0	0		0		100	1	1									350	385	400	0	0												0	0																	0			300														--	0	--	0	--	0	--	0	--	0		0	0		
	40058	3000	3200056	駱駝城	野外段	1007		口香糖巨匠	老伯		NPC	0	無			99	99	0	0	0	npc0022	1		1	0	0	0	0	50	50	70	30	2001			200000	0	999	999		999							999	999	999	999	999	999	999	999	0	0		0		100	1	1									350	385	400	0	0												0	0																	0			300														--	0	--	0	--	0	--	0	--	0		0	0		
	40059	3000	3200057	駱駝城	野外段	1008		被強迫的村民	奴俾(女)		NPC	0	無			99	99	0	0	0	npcb003	1		1	0	0	0	0	50	50	70	30	2001			200000	0	999	999		999							999	999	999	999	999	999	999	999	0	0		0		100	1	1									350	385	400	0	0												0	0																	0			300														--	0	--	0	--	0	--	0	--	0		0	0		
	40060	3000	3200058	駱駝城	野外段	1008		倒立村民	倒立村民		NPC	0	無			99	99	0	0	0	moba0071	1		1	0	0	0	0	50	50	70	30	2001			200000	0	999	999		999							999	999	999	999	999	999	999	999	0	0		0		100	1	1									350	385	400	0	0												0	0																	0			300														--	0	--	0	--	0	--	0	--	0		0	0		
	40061	3000	3200060	鷹城	野外段	1011		駱駝偵察兵			NPC	0	無			99	99	0	0	0	mobb0016a	1		1	0	0	0	0	130	50	120	80	2001			200000	0	999	999		999							999	999	999	999	999	999	999	999	0	0		0		100	1	1									50	55	400	0	0												0	0																	0			300														--	0	--	0	--	0	--	0	--	0		0	0		
	40062	3000	3200061	鷹城	野外段	1011		蝴蝶			NPC	0	無			99	99	0	0	0	npcb001	1.2		1	0	0	0	0	50	50	80	30	2001			200000	0	999	999		999							999	999	999	999	999	999	999	999	0	0		0		100	1	1									350	385	400	0	0												0	0																	0			300														--	0	--	0	--	0	--	0	--	0		0	0		
	40063	3000	3200062	鷹城	野外段	1012		空軍隊長			NPC	0	無			99	99	0	0	0	npc0015	1		1	0	0	0	0	50	50	70	30	2001			200000	0	999	999		999							999	999	999	999	999	999	999	999	0	0		0		100	1	1									350	385	400	0	0												0	0																	0			300														--	0	--	0	--	0	--	0	--	0		0	0		
	40064	3000	3200063	鷹城	野外段	1012		黑鷹部隊隊長			NPC	0	無			99	99	0	0	0	moba0029e	1		1	0	0	0	0	80	80	90	40	2001			200000	0	999	999		999							999	999	999	999	999	999	999	999	0	0		0		100	1	1									350	385	400	0	0												0	0																	0			300														--	0	--	0	--	0	--	0	--	0		0	0		
	40065	3000	3200064	鷹城	野外段	1012		史雲健			NPC	0	無			99	99	0	0	0	npca001a	1		1	0	0	0	0	50	50	70	30	2001			200000	0	999	999		999							999	999	999	999	999	999	999	999	0	0		0		100	1	1									50	55	400	0	0												0	0																	0			300														--	0	--	0	--	0	--	0	--	0		0	0		
	40066	3000	3200059	駱駝城	野外段	1008		行腳和尚	和尚		NPC	0	無			99	99	0	0	0	npcb004	1.5		1	0	0	0	0	50	50	90	30	2001			200000	0	999	999		999							999	999	999	999	999	999	999	999	0	0		0		100	1	1									350	385	400	0	0												0	0																	0			300														--	0	--	0	--	0	--	0	--	0		0	0		
	40067	3000	3200065		英雄城	2001		彪城任務			NPC	0	無			99	99	0	0	0	npcg003	1		1	0	0	0	0	50	50	80	35	2001			200000	0	999	999		999							999	999	999	999	999	999	999	999	0	0		0		100	1	1									0	0	0	0	0												0	0																	0			300														--	0	--	0	--	0	--	0	--	0		0	0		
	40068	3000	3200066		英雄城	3、2001、2002		坐騎商人			NPC	0	無			99	99	0	0	0	npca005	1		1	0	0	0	0	50	50	90	35	2001			200000	0	999	999		999							999	999	999	999	999	999	999	999	0	0		0		100	1	1									0	0	0	0	0												0	0																	0			300														--	0	--	0	--	0	--	0	--	0		0	0		
	40069	3000	3200067	貓城	野外段	1009		快樂貓			NPC	0	無			99	99	0	0	0	mobb0015	1		1	0	0	0	0	80	80	90	40	2001			200000	0	999	999		999							999	999	999	999	999	999	999	999	0	0		0		100	1	1									350	385	400	0	0												0	0																	0			300														--	0	--	0	--	0	--	0	--	0		0	0		
	40070	3000	3200068	貓城	野外段	1009		愛死寂寞人			NPC	0	無			99	99	0	0	0	npc0018	1		1	0	0	0	0	80	80	90	40	2001			200000	0	999	999		999							999	999	999	999	999	999	999	999	0	0		0		100	1	1									350	385	400	0	0												0	0																	0			300														--	0	--	0	--	0	--	0	--	0		0	0		
	40071	3000	3200069	貓城	野外段	1010		牙醫武松			NPC	0	無			99	99	0	0	0	npc0006	1		1	0	0	0	0	80	80	90	40	2001			200000	0	999	999		999							999	999	999	999	999	999	999	999	0	0		0		100	1	1									350	385	400	0	0												0	0																	0			300														--	0	--	0	--	0	--	0	--	0		0	0		
	40072	3000	3200070	貓城	野外段	1010		雪女			NPC	0	無			99	99	0	0	0	npc0004	1		1	0	0	0	0	80	80	90	40	2001			200000	0	999	999		999							999	999	999	999	999	999	999	999	0	0		0		100	1	1									350	385	400	0	0												0	0																	0			300														--	0	--	0	--	0	--	0	--	0		0	0		
	40073	3000	3200071	兔子城	落葉林地	1013		矮小兔			NPC	0	無			99	99	0	0	0	npc0037	0.7		1	0	0	0	0	40	40	55	20	2001			200000	0	999	999		999							999	999	999	999	999	999	999	999	0	0		0		100	1	1									350	385	400	0	0												0	0																	0			300														--	0	--	0	--	0	--	0	--	0		0	0		
	40074	3000	3200072	兔子城	落葉林地	1013		忍者兔丸			NPC	0	無			99	99	0	0	0	moba0062b	0.9		1	0	0	0	0	50	50	70	25	2001			200000	0	999	999		999							999	999	999	999	999	999	999	999	0	0		0		100	1	1									350	385	400	0	0												0	0																	0			300														--	0	--	0	--	0	--	0	--	0		0	0		
	40075	3000	3200073	兔子城	落葉林地	1013		越野兔			NPC	0	無			99	99	0	0	0	moba0002a	1.4		1	0	0	0	0	80	80	110	50	2001			200000	0	999	999		999							999	999	999	999	999	999	999	999	0	0		0		100	1	1									350	385	400	0	0												0	0																	0			300														--	0	--	0	--	0	--	0	--	0		0	0		
	40076	3000	3200074	兔子城	螢火平原	1014		仲夏夜			NPC	0	無			99	99	0	0	0	npcb003	1.2		1	0	0	0	0	40	40	70	20	2001			200000	0	999	999		999							999	999	999	999	999	999	999	999	0	0		0		100	1	1									350	385	400	0	0												0	0																	0			300														--	0	--	0	--	0	--	0	--	0		0	0		
	40077	3000	3200075	兔子城	螢火平原	1014		萬兔總教練			NPC	0	無			99	99	0	0	0	moba0004	1.7		1	0	0	0	0	50	50	130	25	2001			200000	0	999	999		999							999	999	999	999	999	999	999	999	0	0		0		100	1	1									350	385	400	0	0												0	0																	0			300														--	0	--	0	--	0	--	0	--	0		0	0		
	40078	3000	3200076	兔子城	螢火平原	1014		嚇綠弟			NPC	0	無			99	99	0	0	0	moba0071	1.2		1	0	0	0	0	80	80	70	50	2001			200000	0	999	999		999							999	999	999	999	999	999	999	999	0	0		0		100	1	1									350	385	400	0	0												0	0																	0			300														--	0	--	0	--	0	--	0	--	0		0	0		
	40079	3000	3200077	兔子城	螢火平原	1014		燈籠			NPC	0	無			99	99	0	0	0	mobb0070	0.3		1	0	0	0	0	30	30	50	20	2001			200000	0	999	999		999							999	999	999	999	999	999	999	999	0	0		0		100	1	1									350	385	400	0	0												0	0																	0			300														--	0	--	0	--	0	--	0	--	0		0	0		
	40080	3000	3200078	象城	署光之城	1015		胖胖			NPC	0	無			99	99	0	0	0	moba0089	0.5		1	0	0	0	0	120	120	120	70	2001			200000	0	999	999		999							999	999	999	999	999	999	999	999	0	0		0		100	1	1									350	385	400	0	0												0	0																	0			300														--	0	--	0	--	0	--	0	--	0		0	0		
	40081	3000	3200079	象城	署光之城	1015		出家人			NPC	0	無			99	99	0	0	0	npcb004	1.2		1	0	0	0	0	50	50	70	30	2001			200000	0	999	999		999							999	999	999	999	999	999	999	999	0	0		0		100	1	1									350	385	400	0	0												0	0																	0			300														--	0	--	0	--	0	--	0	--	0		0	0		
	40082	3000	3200080	象城	署光之城	1015		老奶奶			NPC	0	無			99	99	0	0	0	npcb002	1.2		1	0	0	0	0	50	50	70	30	2001			200000	0	999	999		999							999	999	999	999	999	999	999	999	0	0		0		100	1	1									350	385	400	0	0												0	0																	0			300														--	0	--	0	--	0	--	0	--	0		0	0		
	40083	3000	3200081	象城	螢火密林	1016		和平老人			NPC	0	無			99	99	0	0	0	npcc004	1.3		1	0	0	0	0	40	40	40	20	2001			200000	0	999	999		999							999	999	999	999	999	999	999	999	0	0		0		100	1	1									350	385	400	0	0												0	0																	0			300														--	0	--	0	--	0	--	0	--	0		0	0		
	40084	3000	3200082	象城	螢火密林	1016		老象酋長			NPC	0	無			99	99	0	0	0	moba0031f	0.8		1	0	0	0	0	200	200	220	90	2001			200000	0	999	999		999							999	999	999	999	999	999	999	999	0	0		0		100	1	1									350	385	400	0	0												0	0																	0			300														--	0	--	0	--	0	--	0	--	0		0	0		
	40085	3000	3200083	象城	螢火密林	1016		勇士盾象			NPC	0	無			99	99	0	0	0	moba0031d	0.7		1	0	0	0	0	150	150	200	80	2001			200000	0	999	999		999							999	999	999	999	999	999	999	999	0	0		0		100	1	1									350	385	400	0	0												0	0																	0			300														--	0	--	0	--	0	--	0	--	0		0	0		
	40086	3000	3200022	貓城	副本	1039		坦克隊長			NPC	0	無			99	99	0	0	0	npcd001aa	1		1	0	0	0	0	80	80	90	35	2001			200000	0	999	999		999							999	999	999	999	999	999	999	999	0	0		0		100	1	1									350	385	400	0	600												0	0																	0			300														--	0	--	0	--	0	--	0	--	0		0	0		
	40087	3000	3200084		英雄城	3		將軍關勝			NPC	0	無			99	99	0	0	0	npc0005	1		1	0	0	0	0	80	130	110	60	2001			200000	0	999	999		999							999	999	999	999	999	999	999	999	0	0		0		100	1	1									350	385	400	0	600												0	0																	0			300														--	0	--	0	--	0	--	0	--	0		0	0		
	40088	3000	3200085		英雄城	1014		神秘的男孩			NPC	0	無			99	99	0	0	0	npc0023	2		1	0	0	0	0	60	60	70	30	2001			200000	0	999	999		999							999	999	999	999	999	999	999	999	0	0		0		100	1	1									50	55	400	0	600												0	0																	0			300														--	0	--	0	--	0	--	0	--	0		0	0		
	40089	3000	3200086		英雄城	3	no	GASH商人			NPC	0	無			99	99	0	0	0	npc0025	1		1	0	0	0	0	60	80	80	35	2001			200000	0	999	999		999							999	999	999	999	999	999	999	999	0	0		0		100	1	1									80	88	160	0	0												0	0																	0			300														--	0	--	0	--	0	--	0	--	0		0	0		
	40090	3000	3200087	英雄城1	曙光之城	3		廟公	守護神任務		NPC	0	無			99	99	0	0	1	npc0009	1		1	0	0	0	0	50	50	90	35	2001			200000	0	999	999		999							999	999	999	999	999	999	999	999	0	0		0		100	1	1									350	385	400	0	0												0	0																	0			300														--	0	--	0	--	0	--	0	--	0		0	0		
	40091	3000	3200088	英雄城2	曙光之城	3		方丈	守護神任務		NPC	0	無			99	99	0	0	1	npcb004	1		1	0	0	0	0	50	50	70	30	2001			200000	0	999	999		999							999	999	999	999	999	999	999	999	0	0		0		100	1	1									350	385	400	0	0												0	0																	0			300														--	0	--	0	--	0	--	0	--	0		0	0		
	40092	3000	3200089	英雄城3	曙光之城	2001		住持	守護神任務		NPC	0	無			99	99	0	0	1	npc0022	1		1	0	0	0	0	50	50	70	30	2001			200000	0	999	999		999							999	999	999	999	999	999	999	999	0	0		0		100	1	1									350	385	400	0	0												0	0																	0			300														--	0	--	0	--	0	--	0	--	0		0	0		
	40093	3000	3200090	英雄城1	曙光之城	2001		修行者	守護神任務		NPC	0	無			99	99	0	0	1	npc0018	1		1	0	0	0	0	50	50	70	30	2001			200000	0	999	999		999							999	999	999	999	999	999	999	999	0	0		0		100	1	1									350	385	400	0	0												0	0																	0			300														--	0	--	0	--	0	--	0	--	0		0	0		
	40094	3000	3200091	英雄城2	曙光之城	2002		苦行者	守護神任務		NPC	0	無			99	99	0	0	1	npca003	1		1	0	0	0	0	50	50	70	30	2001			200000	0	999	999		999							999	999	999	999	999	999	999	999	0	0		0		100	1	1									350	385	400	0	0												0	0																	0			300														--	0	--	0	--	0	--	0	--	0		0	0		
	40095	3000	3200092	英雄城3	曙光之城	2002		長老	守護神任務		NPC	0	無			99	99	0	0	1	npc0008	1		1	0	0	0	0	50	50	90	35	2001			200000	0	999	999		999							999	999	999	999	999	999	999	999	0	0		0		100	1	1									350	385	400	0	0												0	0																	0			300														--	0	--	0	--	0	--	0	--	0		0	0		
	40096	3000	3200093					供桌			NPC	0	無			99	99	0	0	1	obj41	1		1	0	0	0	0	100	100	50	50	2001			200000	0	999	999		999							999	999	999	999	999	999	999	999	0	0		0		100	1	1												0	0												0	0																	0			300														--	0	--	0	--	0	--	0	--	0		0	0		
	40097	3000	3200094					天公爐			NPC	0	無			99	99	0	0	1	obj42	1		1	0	0	0	0	25	25	80	50	2001			200000	0	999	999		999							999	999	999	999	999	999	999	999	0	0		0		100	1	1												0	0												0	0																	0			300														--	0	--	0	--	0	--	0	--	0		0	0		
	40098	3000	3200095					正殿爐			NPC	0	無			99	99	0	0	1	obj42	1		1	0	0	0	0	25	25	80	50	2001			200000	0	999	999		999							999	999	999	999	999	999	999	999	0	0		0		100	1	1												0	0												0	0																	0			300														--	0	--	0	--	0	--	0	--	0		0	0		
	40099	3000	3200096					土地公爐			NPC	0	無			99	99	0	0	1	obj42	1		1	0	0	0	0	25	25	80	50	2001			200000	0	999	999		999							999	999	999	999	999	999	999	999	0	0		0		100	1	1												0	0												0	0																	0			300														--	0	--	0	--	0	--	0	--	0		0	0		
	40100	3000	3200097					天上聖母爐			NPC	0	無			99	99	0	0	1	obj42	1		1	0	0	0	0	25	25	80	50	2001			200000	0	999	999		999							999	999	999	999	999	999	999	999	0	0		0		100	1	1												0	0												0	0																	0			300														--	0	--	0	--	0	--	0	--	0		0	0		
	40101	3000	3200098					文昌爐			NPC	0	無			99	99	0	0	1	obj42	1		1	0	0	0	0	25	25	80	50	2001			200000	0	999	999		999							999	999	999	999	999	999	999	999	0	0		0		100	1	1												0	0												0	0																	0			300														--	0	--	0	--	0	--	0	--	0		0	0		
	40102	3000	3200099					註生娘娘爐			NPC	0	無			99	99	0	0	1	obj42	1		1	0	0	0	0	25	25	80	50	2001			200000	0	999	999		999							999	999	999	999	999	999	999	999	0	0		0		100	1	1												0	0												0	0																	0			300														--	0	--	0	--	0	--	0	--	0		0	0		
	40103	3000	3200100					月老爐			NPC	0	無			99	99	0	0	1	obj42	1		1	0	0	0	0	25	25	80	50	2001			200000	0	999	999		999							999	999	999	999	999	999	999	999	0	0		0		100	1	1												0	0												0	0																	0			300														--	0	--	0	--	0	--	0	--	0		0	0		
	40104	3000	3200101					龍爐			NPC	0	無			99	99	0	0	1	obj42	1		1	0	0	0	0	25	25	80	50	2001			200000	0	999	999		999							999	999	999	999	999	999	999	999	0	0		0		100	1	1												0	0												0	0																	0			300														--	0	--	0	--	0	--	0	--	0		0	0		
	40105	3000	3200102					虎爐			NPC	0	無			99	99	0	0	1	obj42	1		1	0	0	0	0	25	25	80	50	2001			200000	0	999	999		999							999	999	999	999	999	999	999	999	0	0		0		100	1	1												0	0												0	0																	0			300														--	0	--	0	--	0	--	0	--	0		0	0		
	40106	3000	3200103					門神爐			NPC	0	無			99	99	0	0	1	obj42	1		1	0	0	0	0	25	25	80	50	2001			200000	0	999	999		999							999	999	999	999	999	999	999	999	0	0		0		100	1	1												0	0												0	0																	0			300														--	0	--	0	--	0	--	0	--	0		0	0		
	40107	3000	3200104					功德箱			NPC	0	無			99	99	0	0	1	obj45	1		1	0	0	0	0	25	25	60	50	2001			200000	0	999	999		999							999	999	999	999	999	999	999	999	0	0		0		100	1	1												0	0												0	0																	0			300														--	0	--	0	--	0	--	0	--	0		0	0		
	40108	3000	3200105					祭壇			NPC	0	無			99	99	0	0	1	obj43	1		1	0	0	0	0	100	100	50	50	2001			200000	0	999	999		999							999	999	999	999	999	999	999	999	0	0		0		100	1	1												0	0												0	0																	0			300														--	0	--	0	--	0	--	0	--	0		0	0		
	40109	3000	3200106					太陽許願池			NPC	0	無			99	99	0	0	1	obj44	1		1	0	0	0	0	50	50	80	100	2001			200000	0	999	999		999							999	999	999	999	999	999	999	999	0	0		0		100	1	1												0	0												0	0																	0			300														--	0	--	0	--	0	--	0	--	0		0	0		
	40110	3000	3200107					月亮許願池			NPC	0	無			99	99	0	0	1	obj44	1		1	0	0	0	0	50	50	80	100	2001			200000	0	999	999		999							999	999	999	999	999	999	999	999	0	0		0		100	1	1												0	0												0	0																	0			300														--	0	--	0	--	0	--	0	--	0		0	0		
	40111	3000	3200108					金星許願池			NPC	0	無			99	99	0	0	1	obj44	1		1	0	0	0	0	50	50	80	100	2001			200000	0	999	999		999							999	999	999	999	999	999	999	999	0	0		0		100	1	1												0	0												0	0																	0			300														--	0	--	0	--	0	--	0	--	0		0	0		
	40112	3000	3200109					木星許願池			NPC	0	無			99	99	0	0	1	obj44	1		1	0	0	0	0	50	50	80	100	2001			200000	0	999	999		999							999	999	999	999	999	999	999	999	0	0		0		100	1	1												0	0												0	0																	0			300														--	0	--	0	--	0	--	0	--	0		0	0		
	40113	3000	3200110					水星許願池			NPC	0	無			99	99	0	0	1	obj44	1		1	0	0	0	0	50	50	80	100	2001			200000	0	999	999		999							999	999	999	999	999	999	999	999	0	0		0		100	1	1												0	0												0	0																	0			300														--	0	--	0	--	0	--	0	--	0		0	0		
	40114	3000	3200111					火星許願池			NPC	0	無			99	99	0	0	1	obj44	1		1	0	0	0	0	50	50	80	100	2001			200000	0	999	999		999							999	999	999	999	999	999	999	999	0	0		0		100	1	1												0	0												0	0																	0			300														--	0	--	0	--	0	--	0	--	0		0	0		
	40115	3000	3200112					土星許願池			NPC	0	無			99	99	0	0	1	obj44	1		1	0	0	0	0	50	50	80	100	2001			200000	0	999	999		999							999	999	999	999	999	999	999	999	0	0		0		100	1	1												0	0												0	0																	0			300														--	0	--	0	--	0	--	0	--	0		0	0		
	40116	3000	3200113					天王星許願池			NPC	0	無			99	99	0	0	1	obj44	1		1	0	0	0	0	50	50	80	100	2001			200000	0	999	999		999							999	999	999	999	999	999	999	999	0	0		0		100	1	1												0	0												0	0																	0			300														--	0	--	0	--	0	--	0	--	0		0	0		
	40117	3000	3200114					冥王星許願池			NPC	0	無			99	99	0	0	1	obj44	1		1	0	0	0	0	50	50	80	100	2001			200000	0	999	999		999							999	999	999	999	999	999	999	999	0	0		0		100	1	1												0	0												0	0																	0			300														--	0	--	0	--	0	--	0	--	0		0	0		
	40118	3000	3200115					樂捐箱			NPC	0	無			99	99	0	0	1	obj46	1		1	0	0	0	0	25	25	70	50	2001			200000	0	999	999		999							999	999	999	999	999	999	999	999	0	0		0		100	1	1												0	0												0	0																	0			300														--	0	--	0	--	0	--	0	--	0		0	0		
	40119	3000	3200116		英雄城	3、2001、2002		<史進>裝備商			NPC	0	無			99	99	0	0	0	npc0012a	1		1	0	0	0	0	50	50	100	35	2001			200000	0	999	999		999							999	999	999	999	999	999	999	999	0	0		0		100	1	1									0	0	0	0	0												0	0																	0			300														--	0	--	0	--	0	--	0	--	0		0	0		
	40120	3000	3200117		英雄城	3、2001、2002		<李逵>裝備商			NPC	0	無			99	99	0	0	0	npc0012b	1		1	0	0	0	0	50	50	100	35	2001			200000	0	999	999		999							999	999	999	999	999	999	999	999	0	0		0		100	1	1									0	0	0	0	0												0	0																	0			300														--	0	--	0	--	0	--	0	--	0		0	0		
	40121	3000	3200118		英雄城	3、2001、2002		<顧大嫂>裝備商			NPC	0	無			99	99	0	0	0	npc0012c	1		1	0	0	0	0	50	50	100	35	2001			200000	0	999	999		999							999	999	999	999	999	999	999	999	0	0		0		100	1	1									0	0	0	0	0												0	0																	0			300														--	0	--	0	--	0	--	0	--	0		0	0		
	40122	3000	3200119		英雄城	3、2001、2002		<花榮>裝備商			NPC	0	無			99	99	0	0	0	npc0012	1		1	0	0	0	0	50	50	100	35	2001			200000	0	999	999		999							999	999	999	999	999	999	999	999	0	0		0		100	1	1									0	0	0	0	0												0	0																	0			300														--	0	--	0	--	0	--	0	--	0		0	0		
	40123	3000	3200120		英雄城	3、2001、2002		<史進>技能導師			NPC	0	無			99	99	0	0	0	npc0009a	1		1	0	0	0	0	50	50	90	35	2001			200000	0	999	999		999							999	999	999	999	999	999	999	999	0	0		0		100	1	1									0	0	0	0	0												0	0																	0			300														--	0	--	0	--	0	--	0	--	0		0	0		
	40124	3000	3200121		英雄城	3、2001、2002		<李逵>技能導師			NPC	0	無			99	99	0	0	0	npc0009b	1		1	0	0	0	0	50	50	90	35	2001			200000	0	999	999		999							999	999	999	999	999	999	999	999	0	0		0		100	1	1									0	0	0	0	0												0	0																	0			300														--	0	--	0	--	0	--	0	--	0		0	0		
	40125	3000	3200122		英雄城	3、2001、2002		<顧大嫂>技能導師			NPC	0	無			99	99	0	0	0	npc0009c	1		1	0	0	0	0	50	50	90	35	2001			200000	0	999	999		999							999	999	999	999	999	999	999	999	0	0		0		100	1	1									0	0	0	0	0												0	0																	0			300														--	0	--	0	--	0	--	0	--	0		0	0		
	40126	3000	3200123		英雄城	3、2001、2002		<花榮>技能導師			NPC	0	無			99	99	0	0	0	npc0009	1		1	0	0	0	0	50	50	90	35	2001			200000	0	999	999		999							999	999	999	999	999	999	999	999	0	0		0		100	1	1									0	0	0	0	0												0	0																	0			300														--	0	--	0	--	0	--	0	--	0		0	0		
	40127	3000	3200124		彪3	1017		彪城村長			NPC	0	無			99	99	0	0	0	npcg003	1.2		1	0	0	0	0	50	50	70	35	2001			200000	0	999	999		999							999	999	999	999	999	999	999	999	0	0		0		100	1	1									0	0	0	0	0												0	0																	0			300														--	0	--	0	--	0	--	0	--	0		0	0		
	40128	3000	3200125		彪3	1017		金獅神像			NPC	0	無			99	99	0	0	0	moba0113	1		1	0	0	0	0	50	50	110	35	2001			200000	0	999	999		999							999	999	999	999	999	999	999	999	0	0		0		100	1	1									0	0	0	0	0												0	0																	0			300														--	0	--	0	--	0	--	0	--	0		0	0		
	40129	3000	3200126		彪4	1018		王老五			NPC	0	無			99	99	0	0	0	npc0011	1		1	0	0	0	0	50	50	90	35	2001			200000	0	999	999		999							999	999	999	999	999	999	999	999	0	0		0		100	1	1									0	0	0	0	0												0	0																	0			300														--	0	--	0	--	0	--	0	--	0		0	0		
	40130	3000	3200127	駱駝城	駝3	1019		禁衛隊長	逃兵		NPC	0	無			50	50	1	0	0	moba9102	1.2		1.3	0	0.1	0	1	60	60	70	30	2001	99999		290000	1421	389	158		58	0	0					296	0	0	0	125	125	125	25	0	0		0	100	100	1	1									0	0	0	7	3		9400050	9404010						EF0001	EF_die_01b	EF_ov_01a	0	0																	0			300														--	0	--	0	--	0	--	0	--	0		0	0		
	40131	3000	3200128	駱駝城	駝3	1019		駱駝領隊	駱駝		NPC	0	無			99	99	0	0	0	moba0016	1		1	0	0	0	0	80	80	90	50	2001			200000	0	999	999		999							999	999	999	999	999	999	999	999	0	0		0		100	1	1									350	385	400	0	0												0	0																	0			300														--	0	--	0	--	0	--	0	--	0		0	0		
	40132	3000	3200129	駱駝城	駝3	1019		領隊滬三娘	滬三娘		NPC	0	無			99	99	0	0	0	npc0021	1.1		1	0	0	0	0	40	40	70	20	2001			200000	0	999	999		999							999	999	999	999	999	999	999	999	0	0		0		100	1	1									350	385	400	0	0												0	0																	0			300														--	0	--	0	--	0	--	0	--	0		0	0		
	40133	3000	3200130	駱駝城	駝4	1020		倒立大師	倒立人		NPC	0	無			99	99	0	0	0	moba0071	1		1	0	0	0	0	60	60	60	30	2001			200000	0	999	999		999							999	999	999	999	999	999	999	999	0	0		0		100	1	1									350	385	400	0	0												0	0																	0			300														--	0	--	0	--	0	--	0	--	0		0	0		
	40134	3000	3200131	駱駝城	駝4	1020		蠍毒專家	老伯		NPC	0	無			99	99	0	0	0	npc0022	1		1	0	0	0	0	60	60	60	30	2001			200000	0	999	999		999							999	999	999	999	999	999	999	999	0	0		0		100	1	1									350	385	400	0	0												0	0																	0			300														--	0	--	0	--	0	--	0	--	0		0	0		
	40135	3000	3200132	駱駝城	駝4	1020		探水阮小二	阮小二		NPC	0	無			99	99	0	0	0	npc0007	1.2		1	0	0	0	0	60	60	70	30	2001			200000	0	999	999		999							999	999	999	999	999	999	999	999	0	0		0		100	1	1									350	385	400	0	0												0	0																	0			300														--	0	--	0	--	0	--	0	--	0		0	0		
	40136	3000	3200133	駱駝城	駝4	1020		探水阮小五	阮小五		NPC	0	無			99	99	0	0	0	npc0007a	1.2		1	0	0	0	0	60	60	70	30	2001			200000	0	999	999		999							999	999	999	999	999	999	999	999	0	0		0		100	1	1									350	385	400	0	0												0	0																	0			300														--	0	--	0	--	0	--	0	--	0		0	0		
	40137	3000	3200134	駱駝城	駝4	1020		探水阮小七	阮小七		NPC	0	無			99	99	0	0	0	npc0007b	1.2		1	0	0	0	0	60	60	70	30	2001			200000	0	999	999		999							999	999	999	999	999	999	999	999	0	0		0		100	1	1									350	385	400	0	0												0	0																	0			300														--	0	--	0	--	0	--	0	--	0		0	0		
	40138	3000	3200136	貓城	貓4	1022		狗王	白狗王		NPC	0	無			99	99	0	0	0	moba0005	2		1	0	0	0	0	80	80	70	50	2001			200000	0	999	999		999							999	999	999	999	999	999	999	999	0	0		0		100	1	1									350	385	400	0	0												0	0																	0			300														--	0	--	0	--	0	--	0	--	0		0	0		
	40139	3000	3200137	貓城	貓4	1022		北鼻熊	白熊		NPC	0	無			99	99	0	0	0	moba9003	0.5		1	0	0	0	0	80	80	80	50	2001			200000	0	999	999		999							999	999	999	999	999	999	999	999	0	0		0		100	1	1									350	385	400	0	0												0	0																	0			300														--	0	--	0	--	0	--	0	--	0		0	0		
	40140	3000	3200138	貓城	貓4	1022		賣鞭炮的小女孩	貓城難民		NPC	0	無			99	99	0	0	0	npcg006	1.5		1	0	0	0	0	80	80	70	50	2001			200000	0	999	999		999							999	999	999	999	999	999	999	999	0	0		0		100	1	1									350	385	400	0	0												0	0																	0			300														--	0	--	0	--	0	--	0	--	0		0	0		
	40141	3000	3200135	貓城	貓4	1022		貓王	紅貓王		NPC	0	無			99	99	0	0	0	mobb0015	1		1	0	0	0	0	80	80	70	50	2001			200000	0	999	999		999							999	999	999	999	999	999	999	999	0	0		0		100	1	1									350	385	400	0	0												0	0																	0			300														--	0	--	0	--	0	--	0	--	0		0	0		
	40142	3000	3200139	鷹城	鷹3	1023		鸚鵡訓練官			NPC	0	無			99	99	0	0	0	moba0018d	1		1	0	0	0	0	80	80	80	50	2001			200000	0	999	999		999							999	999	999	999	999	999	999	999	0	0		0		100	1	1									350	385	400	0	0												0	0																	0			300														--	0	--	0	--	0	--	0	--	0		0	0		
	40143	3000	3200140	鷹城	鷹3	1023		風中英雄			NPC	0	無			99	99	0	0	0	moba0029a	1		1	0	0	0	0	80	80	80	50	2001			200000	0	999	999		999							999	999	999	999	999	999	999	999	0	0		0		100	1	1									350	385	400	0	0												0	0																	0			300														--	0	--	0	--	0	--	0	--	0		0	0		
	40144	3000	3200141	鷹城	鷹4	1024		昏倒的士兵			NPC	0	無			99	99	0	0	0	npcd001aa	1		1	0	0	0	0	80	80	80	50	2001			200000	0	999	999		999							999	999	999	999	999	999	999	999	0	0		0		100	1	1									350	385	400	0	0												0	0																	0			300														--	0	--	0	--	0	--	0	--	0		0	0		
	40145	3000	3200142	鷹城	鷹4	1024		討逆 關勝			NPC	0	無			99	99	0	0	0	npc0005	1		1	0	0	0	0	80	80	80	50	2001			200000	0	999	999		999							999	999	999	999	999	999	999	999	0	0		0		100	1	1									350	385	400	0	0												0	0																	0			300														--	0	--	0	--	0	--	0	--	0		0	0		
	40146	3000	3200143	鷹城	鷹4	1024		討逆 滬三娘			NPC	0	無			99	99	0	0	0	npc0021	1		1	0	0	0	0	50	50	70	30	2001			200000	0	999	999		999							999	999	999	999	999	999	999	999	0	0		0		100	1	1									350	385	400	0	0												0	0																	0			300														--	0	--	0	--	0	--	0	--	0		0	0		
	40147	3000	3200144	貓城	貓3	1024		氣候調查員			NPC	0	無			99	99	0	0	0	npcd001c	1		1	0	0	0	0	80	80	80	50	2001			200000	0	999	999		999							999	999	999	999	999	999	999	999	0	0		0		100	1	1									350	385	400	0	0												0	0																	0			300														--	0	--	0	--	0	--	0	--	0		0	0		
	40148	3000	3200145	貓城	貓4	1024		卡到陰專員			NPC	0	無			99	99	0	0	0	npc0011	1		1	0	0	0	0	80	80	80	50	2001			200000	0	999	999		999							999	999	999	999	999	999	999	999	0	0		0		100	1	1									350	385	400	0	0												0	0																	0			300														--	0	--	0	--	0	--	0	--	0		0	0		
	40149	3000	3200146	英雄城		3、2001、2002		龜大郎			NPC	0	無			99	99	0	0	0	car_002	1		1	0	0	0	0	80	80	60	50	2001			200000	0	999	999		999							999	999	999	999	999	999	999	999	0	0		0		100	1	1									350	385	400	0	0												0	0																	0			300														--	0	--	0	--	0	--	0	--	0		0	0		
	40150	3000	3200149	英雄城1	英雄城1	3、2001、2002		善心人	張青		NPC	0	無			99	99	0	0	0	npc0024	1		1	0	0	0	0	80	130	90	60	2001			200000	0	999	999		999							999	999	999	999	999	999	999	999	0	0		0		100	1	1									350	385	400	0	0												0	0																	0			300														--	0	--	0	--	0	--	0	--	0		0	0		
	40151	3000	3200154	英雄城1	英雄城1	3		李小春	活動用NPC		NPC	0	無			99	99	0	0	0	npc0035	1.3		1	0	0	0	0	80	130	90	60	2001			200000	0	999	999		999							999	999	999	999	999	999	999	999	0	0		0		100	1	1									350	385	400	0	0												0	0																	0			300																												
	40152	3000	3200155	英雄城1	英雄城1	3		綠衣小矮人	活動用NPC		NPC	0	無			99	99	0	0	0	npc0036	2		1	0	0	0	0	80	130	90	60	2001			200000	0	999	999		999							999	999	999	999	999	999	999	999	0	0		0		100	1	1									350	385	400	0	0												0	0																	0			300																												
	40153	3000	3200156	英雄城		3、2001、2002		收藏家魯智深	魯智深		NPC	0	無			99	99	0	0	0	npc0019	1		1	0	0	0	0	80	80	80	60	2001			200000	0	999	999		999							999	999	999	999	999	999	999	999	0	0		0		100	1	1									350	385	400	0	0												0	0																	0			300														--	0	--	0	--	0	--	0	--	0		0	0		
	40154	3000	3200157	英雄城2		2001		駱駝城副本任務			NPC	0	無			99	99	0	0	0	npcg004	1		1	0	0	0	0	80	80	80	60	2001			200000	0	999	999		999							999	999	999	999	999	999	999	999	0	0		0		100	1	1									350	385	400	0	0												0	0																	0			300														--	0	--	0	--	0	--	0	--	0		0	0		
	40155	3000	3200158	英雄城3		2002		貓城副本任務			NPC	0	無			99	99	0	0	0	npcg006	1.3		1	0	0	0	0	80	80	80	60	2001			200000	0	999	999		999							999	999	999	999	999	999	999	999	0	0		0		100	1	1									350	385	400	0	0												0	0																	0			300														--	0	--	0	--	0	--	0	--	0		0	0		
	40156	3000	3200159	英雄城3		2002		鷹城副本任務			NPC	0	無			99	99	0	0	0	npcg005	1		1	0	0	0	0	80	80	80	60	2001			200000	0	999	999		999							999	999	999	999	999	999	999	999	0	0		0		100	1	1									350	385	400	0	0												0	0																	0			300														--	0	--	0	--	0	--	0	--	0		0	0		
	40157	3000	3200160	野外段	兔1	1001		活閃婆			NPC	0	無			99	99	0	0	0	npc0013	1.5		1	0	0	0	0	80	80	80	60	2001			200000	0	999	999		999							999	999	999	999	999	999	999	999	0	0		0		100	1	1									350	385	400	0	0												0	0																	0			300															0	--	0	--	0	--	0	--	0		0	0		
	40158	3000	3200161	野外段	兔1	1001		害怕的村民			NPC	0	無			99	99	0	0	0	npca006	1		1	0	0	0	0	80	80	60	60	2001			200000	0	999	999		999							999	999	999	999	999	999	999	999	0	0		0		100	1	1									350	385	400	0	0												0	0																	0			300															0	--	0	--	0	--	0	--	0		0	0		
	40159	3000	3200162	野外段	兔3	"1,013"		跳跳			NPC	0	無			99	99	0	0	0	npc0038	0.8		1	0	0	0	0	80	80	130	60	2001			200000	0	999	999		999							999	999	999	999	999	999	999	999	0	0		0		100	1	1									350	385	400	0	0												0	0																	0			300														--	0	--	0	--	0	--	0	--	0		0	0		
	40160	3000	3200163	英雄城1	英雄城1	3		宋江			NPC	0	無			99	99	0	0	0	npc0001	1		1	0	0	0	0	80	80	100	60	2001			200000	0	999	999		999							999	999	999	999	999	999	999	999	0	0		0		100	1	1									350	385	400	0	0												0	0																	0			300														--	0	--	0	--	0	--	0	--	0		0	0		
	40161	3000	3002411	神木密林	象王	1004		象王			NPC	0	無			99	99	0	0	0	moba0031	0.8		1	0	0	0	0	150	130	150	80	2001			200000	0	999	999		999							999	999	999	999	999	999	999	999	0	0		0		100	1	1							202		350	385	400	0	0												0	0																	0			300														--	0	--	0	--	0	--	0	--	0		0	0		
	40162	3000	3200165	野外段	兔4	1014		花精			NPC	0	無			99	99	0	0	0	npc0039	2		1	0	0	0	0	150	130	200	80	2001			200000	0	999	999		999							999	999	999	999	999	999	999	999	0	0		0		100	1	1									350	385	400	0	0												0	0																	0			300														--	0	--	0	--	0	--	0	--	0		0	0		
	40163	3000	3300003	兔子城	野外段	1001		小白兔	白兔		NPC	0	無			99	99	0	0	0	moba0001	1.5		1.3	0	0.1	0	0	40	40	80	20	2001			200000	0	999	999		999							999	999	999	999	999	999	999	999	0	0		0		100	1	1									350	385	400	0	0												0	0																	0			300														--	0	--	0	--	0	--	0	--	0		0	0		
	40164	3000	3200166	大象城	野外段	1003		膽大的士兵			NPC	0	無			99	99	0	0	0	npc0043	1		1	0	0	0	0	80	80	90	40	2001			200000	0	999	999		999							999	999	999	999	999	999	999	999	0	0		0		100	1	1									350	385	400	0	0												0	0																	0			300														--	0	--	0	--	0	--	0	--	0		0	0		
	40165	3000	3200036	大象城	野外段	1015		推木工			NPC	0	無			99	99	0	0	0	npca001b	1		1	0	0	0	0	80	80	90	40	2001			200000	0	999	999		999							999	999	999	999	999	999	999	999	0	0		0		100	1	1									350	385	400	0	0												0	0																	0			300														--	0	--	0	--	0	--	0	--	0		0	0		
	40166	3000	3100018	大象城	野外段	1004		受困村民(男)			NPC	0	無			99	99	0	0	0	npc0040	1		1	0	0	0	0	80	80	60	40	2001			200000	0	999	999		999							999	999	999	999	999	999	999	999	0	0		0		100	1	1									350	385	400	0	0												0	0																	0			300														--	0	--	0	--	0	--	0	--	0		0	0		
	40167	3000	6100000	野外段	兔1	1001		害怕的村民			NPC	0	無			99	99	0	0	0	npca006a	1		1	0	0	0	0	80	80	60	60	2001			200000	0	999	999		999							999	999	999	999	999	999	999	999	0	0		0		100	1	1									350	385	400	0	0												0	0																	0			300															0	--	0	--	0	--	0	--	0		0	0		
	40168	3000	3200167	野外段	兔1	1001		葫蘆砲車2號			NPC	0	無			99	99	0	0	0	npc0028	0.65		1	0	0	0	0	160	200	150	120	2001			200000	0	999	999		999							999	999	999	999	999	999	999	999	0	0		0		100	1	1									350	385	400	0	0												0	0																	0			300															0	--	0	--	0	--	0	--	0		0	0		
	40169	3000	3200168	野外段	彪2	1006		彪王(戴眼鏡)			NPC	0	無			99	99	1	0	0	npc0045	1		1.2	0	0	0	1	20	20	90	60	2001	99999		200000	0	999	999		0							999	999	999	999	999	999	999	999	0	0		90		100	1	1								2011048	0	0	0	7	3		9400050	9404010						EF0001	EF_die_01b	EF_ov_01a	0	0																	0			300															0	--	0	--	0	--	0	--	0		0	0		
	40170	3000	3200168	野外段	彪4	1018		彪王			NPC	0	無			99	99	0	0	0	npc0046	1		1	0	0	0	0	80	80	90	60	2001			200000	0	999	999		999							999	999	999	999	999	999	999	999	0	0		0		100	1	1									350	385	400	0	0												0	0																	0			300															0	--	0	--	0	--	0	--	0		0	0		
	40171	3000	3200169	野外段	彪3	1017		樹人			NPC	0	無			99	99	0	0	0	npc0044	1		1	0	0	0	0	80	80	90	60	2001			200000	0	999	999		999							999	999	999	999	999	999	999	999	0	0		0		100	1	1									350	385	400	0	0												0	0																	0			300															0	--	0	--	0	--	0	--	0		0	0		
	40172	3000	3200170	彪城	野外段	1005		阮小2			NPC	0	無			99	99	0	0	0	npc0007	1.2		1	0	0	0	0	80	80	70	40	2001			200000	0	999	999		999							999	999	999	999	999	999	999	999	0	0		0		100	1	1									350	385	400	0	0												0	0																	0			300														--	0	--	0	--	0	--	0	--	0		0	0		
	40173	3000	3200171	彪城	野外段	1005		阮小5			NPC	0	無			99	99	0	0	0	npc0007a	1.2		1	0	0	0	0	80	80	70	40	2001			200000	0	999	999		999							999	999	999	999	999	999	999	999	0	0		0		100	1	1									350	385	400	0	0												0	0																	0			300														--	0	--	0	--	0	--	0	--	0		0	0		
	40174	3000	3003401	彪城	野外段	1006		彪族戰士	角瞳獅(橘)(無限重生)		NPC	0	無			99	99	0	0	0	moba0022a	1		1	0	0	0	0	80	80	70	40	2001			200000	0	999	999		999							999	999	999	999	999	999	999	999	0	0		0		100	1	1									350	385	400	0	0												0	0																	0			300														--	0	--	0	--	0	--	0	--	0		0	0		
	40175	3000	6100000	野外段	兔1	1001		害怕的村民			NPC	0	無			99	99	0	0	0	npcb005	1		1	0	0	0	0	80	80	60	60	2001			200000	0	999	999		999							999	999	999	999	999	999	999	999	0	0		0		100	1	1									350	385	400	0	0												0	0																	0			300															0	--	0	--	0	--	0	--	0		0	0		
	40176	3000	3200172		城內	3		競技場說明人			NPC	0	無			99	99	0	0	0	npc0027c	1.2		1	0	0	0	0	80	80	90	60	2001			200000	0	999	999		999							999	999	999	999	999	999	999	999	0	0		0		100	1	1									350	385	400	0	0												0	0																	0			300															0	--	0	--	0	--	0	--	0		0	0		
	40177	3000	3200173		城內	3		10元商城			NPC	0	無			99	99	0	0	0	npc0019	1.2		1	0	0	0	0	80	80	70	60	2001			200000	0	999	999		999							999	999	999	999	999	999	999	999	0	0		0		100	1	1									350	385	400	0	0												0	0																	0			300															0	--	0	--	0	--	0	--	0		0	0		
	40178	3000	3200174		英雄城	3、2001、2002		遊行隊伍			NPC	0	無			99	99	0	0	1	npc0027d	1		1	0	0	0	0	120	90	85	35	2005			200000	0	999	999		999							999	999	999	999	999	999	999	999	0	0		0		100	1	1									70	77	140	0	0	7040019											0	0																	0			300														--	0	--	0	--	0	--	0	--	0		0	0		
#	25級狩獵魔王																																			0	0	0	0																	0	0		0																													0	0		彈珠												公會大絕、坐騎、消耗品			0																															
	50001	3000	3500001	野外段		3001		[狩獵王]兔子大仙	披風兔		野外狩獵王	1	地	戴宗	26	23	23	1	1	1	moba0062	4		1.1	0	0.1	0	0	200	200	300	120	17	200	200	195577	3675	270	300	67	77	0	0	23	0	70	0	311	0	0	0	82	82	82	8	0	0	750	0	300	80	1	1	8500011	400	100	8500012	100	100			120	132	320	3600	10		9400050	9404010						EF0001	EF_die_01b	EF_gift	54289	10000	5	5621	8	10000				17021	1	10000	27008	1	1000	5601	20	10000	31169																	藍色彈珠x8顆組	"1,016"	--	0	20級上衣組--綠	112	25級飾品／守護組--綠	11	公會大絕組-兔城（幹）	"2,540"		"97,215"	"3,679"	2642.40%	
	50002	3000	3500002	野外段		3001		[狩獵王]跳繩兄弟兔	手榴彈		野外狩獵王	3	火	雷橫	26	23	23	1	1	1	moba0004	5		1.1	0	0.1	0	0	300	300	340	180	17	200	200	300888	3080	303	339	74	67	0	0	23	0	70	0	0	0	277	0	72	7	72	72	0	0	750	0	300	80	1	1	8500021	400	100	8500022	100	100			120	132	380	3600	10		9700050	9704010						EF0001	EF_die_02b	EF_gift	54289	10000	5	5621	8	10000				17021	1	10000	27008	1	1000	5602	20	10000	49637																	藍色彈珠x8顆組	"1,016"	--	0	20級上衣組--綠	112	25級飾品／守護組--綠	11	公會大絕組-兔城（副）	"2,540"		"97,215"	"3,679"	2642.40%	
	50003	3000	3500003	野外段		3001		[狩獵王]平原守護者	披風兔		野外狩獵王	2	水	孫二娘	26	23	23	1	1	1	moba0062b	4		1.1	0	0.1	0	0	200	200	300	120	17	200	200	205607	4025	281	326	70	67	0	0	23	0	70	0	0	299	0	0	8	75	75	75	0	0	750	0	300	80	1	1	8500031	400	100	8500032	100	100			120	132	440	3600	10		9400050	9404010						EF0001	EF_die_03b	EF_gift	54289	10000	5	5621	8	10000				17021	1	10000	27008	1	1000	5603	20	10000	33535																	藍色彈珠x8顆組	"1,016"	--	0	20級上衣組--綠	112	25級飾品／守護組--綠	11	公會大絕組-兔城（會）	"2,540"		"97,215"	"3,679"	2642.40%	
	50004	3000	3500004	野外段		3001		[狩獵王]城堡守護者	披風兔		野外狩獵王	4	風	林沖	26	23	23	1	1	1	moba0062c	4		1.1	0	0.1	0	0	200	200	300	120	17	200	200	250740	3150	292	352	73	77	0	0	23	0	70	0	0	0	0	288	69	69	7	69	0	0	750	0	300	80	1	1	8500041	400	100	8500042	100	100			120	132	320	3600	10		9400050	9404010						EF0001	EF_die_04b	EF_gift	54289	10000	5	5621	8	10000				17021	1	10000	27008	1	1000	5601	20	10000	41832																	藍色彈珠x8顆組	"1,016"	--	0	20級上衣組--綠	112	25級飾品／守護組--綠	11	公會大絕組-兔城（幹）	"2,540"		"97,215"	"3,679"	2642.40%	
	50005	3000	3500005	野外段		3001		[狩獵王]毒氣胖達	毒霧兔		野外狩獵王	2	水	孫二娘	26	23	23	1	1	1	moba0003	2		1.1	0	0.1	0	0	200	200	235	130	17	200	200	205607	4025	281	326	70	67	0	0	23	0	70	0	0	299	0	0	8	75	75	75	0	0	750	0	300	70	1	1	8500051	100	100	8500052	400	100			100	110	380	3600	10		9600050	9604010						EF0001	EF_die_05b	EF_gift	54289	10000	5	5621	8	10000				17021	1	10000	27008	1	1000	5602	20	10000	33535																	藍色彈珠x8顆組	"1,016"	--	0	20級上衣組--綠	112	25級飾品／守護組--綠	11	公會大絕組-兔城（副）	"2,540"		"97,215"	"3,679"	2642.40%	
	50006	3000	3500006	野外段		3001		[狩獵王]鋼甲神兔	裝甲兔兵改		野外狩獵王	4	風	林沖	26	23	23	1	1	1	moba0002b	3		1.1	0	0.1	0	0	250	280	250	150	17	200	200	250740	3150	292	352	73	77	0	0	23	0	70	0	0	0	0	288	69	69	7	69	0	0	750	0	300	90	1	1	8500061	400	100	8500062	100	100			150	165	440	3600	10		9400050	9404010						EF0001	EF_die_06b	EF_gift	54289	10000	5	5621	8	10000				17021	1	10000	27008	1	1000	5603	20	10000	41832																	藍色彈珠x8顆組	"1,016"	--	0	20級上衣組--綠	112	25級飾品／守護組--綠	11	公會大絕組-兔城（會）	"2,540"		"97,215"	"3,679"	2642.40%	
	50007	3000	3500007	野外段		3002		[狩獵王]藍藍陸王	土撥鼠肥兵		野外狩獵王	1	地	戴宗	27	24	24	1	1	1	moba0038	2.5		1.1	0	0.1	0	0	150	280	300	150	17	200	200	200070	3780	302	315	69	79	0	0	23	0	72	0	326	0	0	0	85	85	85	9	0	0	750	0	300	90	1	1	8500071	400	100	8500072	100	100			110	121	320	3600	10		9400050	9404010						EF0001	EF_die_07b	EF_gift	57521	10000	5	5621	8	10000				17023	1	10000	27008	1	1000	5601	20	10000	33078																	藍色彈珠x8顆組	"1,016"	--	0	20級武器組--綠	119	25級飾品／守護組--綠	11	公會大絕組-兔城（幹）	"2,540"		"102,648"	"3,686"	2784.80%	
	50008	3000	3500008	野外段		3002		[狩獵王]熊黃爺	黃熊改		野外狩獵王	3	火	雷橫	28	25	25	1	1	1	moba9001b	2.5		1.1	0	0.1	0	0	150	280	250	150	17	200	200	316656	3256	367	370	78	70	0	0	24	0	74	0	0	0	303	0	79	8	79	79	0	0	750	0	300	80	1	1	8500081	400	100	8500082	100	100			110	121	380	3600	10		9300050	9404010						EF0001	EF_die_08b	EF_gift	60840	10000	5	5621	8	10000				17025	1	10000	27008	1	1000	5602	20	10000	55642																	藍色彈珠x8顆組	"1,016"	--	0	25級帽子組--綠	145	25級飾品／守護組--綠	11	公會大絕組-兔城（副）	"2,540"		"108,256"	"3,712"	2916.40%	
	50009	3000	3500009	野外段		3002		[狩獵王]阿尼瑪斯	青蛙		野外狩獵王	2	水	孫二娘	29	26	26	1	1	1	moba0096a	4		1.1	0	0.1	0	0	150	280	250	150	17	200	200	222728	4370	380	370	76	72	0	0	24	0	76	0	0	342	0	0	9	86	86	86	0	0	750	0	300	80	1	1	8500091	400	100	8500092	100	100			150	165	440	3600	10		9400050	9404010						EF0001	EF_die_09b	EF_gift	64035	10000	5	5621	8	10000				17025	1	10000	27008	1	1000	5603	22	10000	39704																	藍色彈珠x8顆組	"1,016"	--	0	25級帽子組--綠	145	25級飾品／守護組--綠	11	公會大絕組-兔城（會）	"2,794"		"114,042"	"3,966"	2875.50%	
	50010	3000	3500010	野外段		3002		[狩獵王]歪國草	太空草星人		野外狩獵王	4	風	林沖	30	27	27	1	1	1	moba0061	10		1.1	0	0.1	0	0	200	280	250	150	17	200	200	278640	3510	442	431	81	86	0	0	25	0	78	0	0	0	0	354	85	85	9	85	0	0	750	0	300	95	1	1	8500101	400	100	8500102	100	100			120	132	320	3600	10		9400050	9404010						EF0001	EF_die_10b	EF_gift	67454	10000	5	5621	8	10000				17027	1	10000	27010	1	1000	5601	23	10000	54540																	藍色彈珠x8顆組	"1,016"	--	0	25級褲子組--綠	153	30級飾品／守護組--綠	15	公會大絕組-兔城（幹）	"2,921"		"120,008"	"4,105"	2923.50%	
	50011	3000	3500011	野外段		3002		[狩獵王]大王花	食人花		野外狩獵王	1	地	戴宗	31	28	28	1	1	1	mobb0010	1		1.1	0	0.1	0	0	280	280	300	150	17	200	200	234047	4200	440	363	77	88	0	0	25	0	80	0	400	0	0	0	104	104	104	10	0	0	750	0	300	85	1	1	8500111	400	100	8500112	100	100			90	99	380	3600	10		9400050	9404010						EF0001	EF_die_11b	EF_gift	76758	10000	5	5621	8	10000				17029	1	10000	27010	1	1000	5602	25	10000	42345																	藍色彈珠x8顆組	"1,016"	--	0	25級上衣組--綠	161	30級飾品／守護組--綠	15	公會大絕組-兔城（副）	"3,175"		"136,050"	"4,367"	3115.40%	
	50012	3000	3500012	野外段		3002		[狩獵王]黑蠍馬王	蠍子斑馬		野外狩獵王	3	火	雷橫	23	20	28	1	1	1	mobb0074a	0.5		1.1	0	0.1	0	0	200	280	250	150	17	200	200	228528	2816	200	303	68	61	0	0	21	0	64	0	0	0	233	0	61	6	61	61	0	0	750	0	300	90	1	1	8500121	400	100	8500122	100	100			120	132	440	3600	10		9400050	9404010						EF0001	EF_die_12b	EF_gift	41158	10000	5	5621	8	10000				17029	1	10000	27010	1	1000	5603	20	10000	39571																	藍色彈珠x8顆組	"1,016"	--	0	25級上衣組--綠	161	30級飾品／守護組--綠	15	公會大絕組-兔城（會）	"2,540"		"75,282"	"3,732"	2017.20%	
	50013	3000	3500013	野外段		3002		[狩獵王]白蠍馬王	蠍子斑馬		野外狩獵王	2	水	孫二娘	23	20	28	1	1	1	mobb0074	0.5		1.1	0	0.1	0	0	200	280	250	150	17	200	200	156161	3680	185	291	64	61	0	0	21	0	64	0	0	252	0	0	6	63	63	63	0	0	750	0	300	95	1	1	8500123	400	100	8500124	100	100			120	132	440	3600	10		9400050	9404010						EF0001	EF_die_13b	EF_gift	41158	10000	5	5621	8	10000				17029	1	10000	27010	1	1000	5601	20	10000	26686																	藍色彈珠x8顆組	"1,016"	--	0	25級上衣組--綠	161	30級飾品／守護組--綠	15	公會大絕組-兔城（幹）	"2,540"		"75,282"	"3,732"	2017.20%	
#	35級狩獵魔王																																			0	0	0	0																	0	0		0																													0	0	5	彈珠												公會大絕、坐騎、消耗品			0																															
	50101	3000	3500101	野外段		3011		[狩獵王]糧食站總長			野外狩獵王	1	地	戴宗	36	33	33	1	1	1	moba0031g	1		1.1	0	0.1	0	0	180	120	280	90	17	200	200	276588	4725	596	429	86	99	0	0	28	0	90	0	502	0	0	0	131	131	131	13	0	0	750	0	300	80	1	1	8501011	400	100	8501012	100	100			120	132	320	3600	10		9400050	9404010						EF0001	EF_die_01b	EF_gift	103616	10000	5	5621	8	10000				17037	1	10000	27012	1	1000	5604	20	10000	55009																	藍色彈珠x8顆組	"1,016"	--	0	30級上衣組--綠	223	35級飾品／守護組--綠	21	公會大絕組-象城（幹）	"4,860"		"184,033"	"6,120"	3007.10%	
	50102	3000	3500102	野外段		3011		[狩獵王]總補給官			野外狩獵王	3	火	雷橫	36	33	33	1	1	1	moba0089	1		1.1	0	0.1	0	0	200	200	250	100	17	200	200	425520	3960	671	485	95	86	0	0	28	0	90	0	0	0	446	0	116	12	116	116	0	0	750	0	300	80	1	1	8501021	400	100	8501022	100	100			120	132	380	3600	10		9700050	9704010						EF0001	EF_die_02b	EF_gift	103616	10000	5	5621	8	10000				17037	1	10000	27012	1	1000	5605	20	10000	87048																	藍色彈珠x8顆組	"1,016"	--	0	30級上衣組--綠	223	35級飾品／守護組--綠	21	公會大絕組-象城（副）	"4,860"		"184,033"	"6,120"	3007.10%	
	50103	3000	3500103	野外段		3011		[狩獵王]象大海			野外狩獵王	2	水	孫二娘	36	33	33	1	1	1	moba0032f	1.5		1.1	0	0.1	0	0	300	225	390	75	17	200	200	290772	5175	621	466	90	86	0	0	28	0	90	0	0	482	0	0	12	121	121	121	0	0	750	0	300	80	1	1	8501031	400	100	8501032	100	100			120	132	440	3600	10		9400050	9404010						EF0001	EF_die_03b	EF_gift	103616	10000	5	5621	8	10000				17037	1	10000	27012	1	1000	5606	20	10000	58922																	藍色彈珠x8顆組	"1,016"	--	0	30級上衣組--綠	223	35級飾品／守護組--綠	21	公會大絕組-象城（會）	"4,860"		"184,033"	"6,120"	3007.10%	
	50104	3000	3500104	野外段		3011		[狩獵王]大象機砲車			野外狩獵王	4	風	林沖	36	33	33	1	1	1	moba0065	1		1.1	0	0.1	0	0	210	300	250	150	17	200	200	354600	4050	646	503	94	99	0	0	28	0	90	0	0	0	0	463	112	112	11	112	0	0	750	0	300	80	1	1	8501041	400	100	8501042	100	100			120	132	320	3600	10		9400050	9404010						EF0001	EF_die_04b	EF_gift	103616	10000	5	5621	8	10000				17037	1	10000	27012	1	1000	5604	20	10000	73188																	藍色彈珠x8顆組	"1,016"	--	0	30級上衣組--綠	223	35級飾品／守護組--綠	21	公會大絕組-象城（幹）	"4,860"		"184,033"	"6,120"	3007.10%	
	50105	3000	3500105	野外段		3011		[狩獵王]黃金彪王			野外狩獵王	2	水	孫二娘	36	33	33	1	1	1	mobb0022	3		1.1	0	0.1	0	0	300	180	240	150	17	200	200	290772	5175	621	466	90	86	0	0	28	0	90	0	0	482	0	0	12	121	121	121	0	0	750	0	300	70	1	1	8501051	400	100	8501052	100	100			100	110	380	3600	10		9600050	9604010						EF0001	EF_die_05b	EF_gift	103616	10000	5	5621	8	10000				17037	1	10000	27012	1	1000	5605	20	10000	58922																	藍色彈珠x8顆組	"1,016"	--	0	30級上衣組--綠	223	35級飾品／守護組--綠	21	公會大絕組-象城（副）	"4,860"		"184,033"	"6,120"	3007.10%	
	50106	3000	3500106	野外段		3011		[狩獵王]虎大鼻			野外狩獵王	4	風	林沖	36	33	33	1	1	1	moba9105b	5		1.1	0	0.1	0	0	400	200	250	200	17	200	200	354600	4050	646	503	94	99	0	0	28	0	90	0	0	0	0	463	112	112	11	112	0	0	750	0	300	90	1	1	8501061	400	100	8501062	100	100			150	165	440	3600	10		9400050	9404010						EF0001	EF_die_06b	EF_gift	103616	10000	5	5621	8	10000				17037	1	10000	27012	1	1000	5606	20	10000	73188																	藍色彈珠x8顆組	"1,016"	--	0	30級上衣組--綠	223	35級飾品／守護組--綠	21	公會大絕組-象城（會）	"4,860"		"184,033"	"6,120"	3007.10%	
	50107	3000	3500107	野外段		3012		[狩獵王]迷彩巨駝			野外狩獵王	3	火	雷橫	37	34	34	1	1	1	moba0104	2		1.1	0	0.1	0	0	240	80	240	120	17	200	200	433944	4048	696	503	98	87	0	0	28	0	92	0	0	0	464	0	121	12	121	121	0	0	750	0	300	90	1	1	8501071	400	100	8501072	100	100			110	121	320	3600	10		9400050	9404010						EF0001	EF_die_07b	EF_gift	108249	10000	5	5621	8	10000				17039	1	10000	27012	1	1000	5604	20	10000	90979																	藍色彈珠x8顆組	"1,016"	--	0	30級武器組--綠	233	35級飾品／守護組--綠	21	公會大絕組-象城（幹）	"4,860"		"191,819"	"6,130"	3129.20%	
	50108	3000	3500108	野外段		3012		[狩獵王]巨筆駝			野外狩獵王	1	地	戴宗	38	35	35	1	1	1	mobb0016	3		1.1	0	0.1	0	0	360	120	240	180	17	200	200	288101	4935	639	461	90	103	0	0	29	0	94	0	542	0	0	0	141	141	141	14	0	0	750	0	300	80	1	1	8501081	400	100	8501082	100	100			110	121	380	3600	10		9300050	9404010						EF0001	EF_die_08b	EF_gift	112049	10000	5	5622	8	10000				17041	1	10000	27012	1	1000	5605	20	10000	60063																	綠色彈珠x8顆組	"1,944"	--	0	35級帽子組--綠	274	35級飾品／守護組--綠	21	公會大絕組-象城（副）	"4,860"		"199,817"	"7,099"	2814.70%	
	50109	3000	3500109	野外段		3012		[狩獵王]噴火王			野外狩獵王	3	火	雷橫	39	36	36	1	1	1	moba0111	3		1.1	0	0.1	0	0	240	120	270	120	17	200	200	453384	4224	742	538	102	91	0	0	29	0	96	0	0	0	499	0	130	13	130	130	0	0	750	0	300	80	1	1	8501091	400	100	8501092	100	100			150	165	440	3600	10		9400050	9404010						EF0001	EF_die_09b	EF_gift	116947	10000	5	5622	8	10000				17041	1	10000	27012	1	1000	5606	20	10000	99058																	綠色彈珠x8顆組	"1,944"	--	0	35級帽子組--綠	274	35級飾品／守護組--綠	21	公會大絕組-象城（會）	"4,860"		"208,031"	"7,099"	2930.40%	
	50110	3000	3500110	野外段		3012		[狩獵王]虎大墨			野外狩獵王	4	風	林沖	40	37	37	1	1	1	moba9105a	5		1.1	0	0.1	0	0	400	200	250	200	17	200	200	384660	4410	764	598	102	108	0	0	30	0	98	0	0	0	0	553	133	133	13	133	0	0	750	0	300	95	1	1	8501101	400	100	8501102	100	100			120	132	320	3600	10		9400050	9404010						EF0001	EF_die_10b	EF_gift	121956	10000	5	5622	8	10000				17044	1	10000	27014	1	1000	5604	20	10000	89352																	綠色彈珠x8顆組	"1,944"	--	0	35級褲子組--綠	286	40級飾品／守護組--綠	29	公會大絕組-象城（幹）	"4,860"		"216,465"	"7,119"	3040.70%	
	50111	3000	3500111	野外段		3012		[狩獵王]謎樣殞石			野外狩獵王	1	地	戴宗	41	38	38	1	1	1	moba0045	2		1.1	0	0.1	0	0	200	200	240	100	17	200	200	323903	5250	690	498	96	110	0	0	30	0	100	0	621	0	0	0	162	162	162	16	0	0	750	0	300	85	1	1	8501111	400	100	8501112	100	100			90	99	380	3600	10		9400050	9404010						EF0001	EF_die_11b	EF_gift	137634	10000	5	5622	8	10000				17047	1	10000	27014	1	1000	5605	20	10000	69161																	綠色彈珠x8顆組	"1,944"	--	0	35級上衣組--綠	298	40級飾品／守護組--綠	29	公會大絕組-象城（副）	"4,860"		"242,778"	"7,131"	3404.50%	
	50112	3000	3500112	野外段		3012		[狩獵王]黑金剛			野外狩獵王	3	火	雷橫	33	30	38	1	1	1	moba0046	3		1.1	0	0.1	0	0	150	150	270	75	17	200	200	377136	3696	534	443	89	80	0	0	26	0	84	0	0	0	385	0	100	10	100	100	0	0	750	0	300	90	1	1	8501121	400	100	8501122	100	100			120	132	440	3600	10		9400050	9404010						EF0001	EF_die_12b	EF_gift	81896	10000	5	5622	8	10000				17047	1	10000	27014	1	1000	5606	20	10000	74131																	綠色彈珠x8顆組	"1,944"	--	0	35級上衣組--綠	298	40級飾品／守護組--綠	29	公會大絕組-象城（會）	"4,860"		"149,303"	"7,131"	2093.70%	
	50113	3000	3500113	野外段		3012		[狩獵王]白金剛			野外狩獵王	2	水	孫二娘	33	30	38	1	1	1	moba0046a	3		1.1	0	0.1	0	0	150	150	270	75	17	200	200	257710	4830	494	426	84	80	0	0	26	0	84	0	0	416	0	0	10	104	104	104	0	0	750	0	300	95	1	1	8501123	400	100	8501124	100	100			120	132	440	3600	10		9400050	9404010						EF0001	EF_die_13b	EF_gift	81896	10000	5	5622	8	10000				17047	1	10000	27014	1	1000	5604	20	10000	50155																	綠色彈珠x8顆組	"1,944"	--	0	35級上衣組--綠	298	40級飾品／守護組--綠	29	公會大絕組-象城（幹）	"4,860"		"149,303"	"7,131"	2093.70%	
#	45級狩獵魔王																																			0	0	0	0																	0	0		0																													0	0	5	彈珠												公會大絕、坐騎、消耗品			0																															
	50201	3000	3500201	野外段		3021		[狩獵王]雷王虎			野外狩獵王	1	地	戴宗	46	43	43	1	1	1	mobb0112	2		1.1	0	0.1	0	0	120	180	270	60	17	200	200	376834	5775	788	569	106	121	0	0	33	0	110	0	758	0	0	0	198	198	198	20	0	0	750	0	300	80	1	1	8502011	400	100	8502012	100	100			120	132	320	3600	10		9400050	9404010						EF0001	EF_die_01b	EF_gift	176622	10000	5	5622	8	10000				17057	1	10000	27018	1	1000	5607	20	10000	84774																	綠色彈珠x8顆組	"1,944"	--	0	40級上衣組--綠	390	45級飾品／守護組--綠	38	公會大絕組-彪城（幹）	"8,380"		"314,236"	"10,752"	2922.60%	
	50202	3000	3500202	野外段		3021		[狩獵王]角瞳獅王			野外狩獵王	3	火	雷橫	46	43	43	1	1	1	moba0022d	3		1.1	0	0.1	0	0	300	180	240	150	17	200	200	579744	4840	887	643	117	105	0	0	33	0	110	0	0	0	674	0	175	18	175	175	0	0	750	0	300	80	1	1	8502021	400	100	8502022	100	100			120	132	380	3600	10		9700050	9704010						EF0001	EF_die_02b	EF_gift	176622	10000	5	5622	8	10000				17057	1	10000	27018	1	1000	5608	20	10000	133618																	綠色彈珠x8顆組	"1,944"	--	0	40級上衣組--綠	390	45級飾品／守護組--綠	38	公會大絕組-彪城（副）	"8,380"		"314,236"	"10,752"	2922.60%	
	50203	3000	3500203	野外段		3021		[狩獵王]歪國巨人			野外狩獵王	2	水	孫二娘	46	43	43	1	1	1	moba0044	1		1.1	0	0.1	0	0	100	100	280	50	17	200	200	396158	6325	821	618	110	105	0	0	33	0	110	0	0	728	0	0	18	182	182	182	0	0	750	0	300	80	1	1	8502031	400	100	8502032	100	100			120	132	440	3600	10		9400050	9404010						EF0001	EF_die_03b	EF_gift	176622	10000	5	5622	8	10000				17057	1	10000	27018	1	1000	5609	20	10000	90567																	綠色彈珠x8顆組	"1,944"	--	0	40級上衣組--綠	390	45級飾品／守護組--綠	38	公會大絕組-彪城（會）	"8,380"		"314,236"	"10,752"	2922.60%	
	50204	3000	3500204	野外段		3021		[狩獵王]巨駝王			野外狩獵王	4	風	林沖	46	43	43	1	1	1	moba0016	2.5		1.1	0	0.1	0	0	300	100	225	150	17	200	200	483120	4950	854	667	114	121	0	0	33	0	110	0	0	0	0	700	169	169	17	169	0	0	750	0	300	80	1	1	8502041	400	100	8502042	100	100			120	132	320	3600	10		9400050	9404010						EF0001	EF_die_04b	EF_gift	176622	10000	5	5622	8	10000				17057	1	10000	27018	1	1000	5607	20	10000	112212																	綠色彈珠x8顆組	"1,944"	--	0	40級上衣組--綠	390	45級飾品／守護組--綠	38	公會大絕組-彪城（幹）	"8,380"		"314,236"	"10,752"	2922.60%	
	50205	3000	3500205	野外段		3021		[狩獵王]紫班豹王			野外狩獵王	2	水	孫二娘	46	43	43	1	1	1	mobb0014a	2.5		1.1	0	0.1	0	0	100	100	225	50	17	200	200	396158	6325	821	618	110	105	0	0	33	0	110	0	0	728	0	0	18	182	182	182	0	0	750	0	300	70	1	1	8502051	400	100	8502052	100	100			100	110	380	3600	10		9600050	9604010						EF0001	EF_die_05b	EF_gift	176622	10000	5	5622	8	10000				17057	1	10000	27018	1	1000	5608	20	10000	90567																	綠色彈珠x8顆組	"1,944"	--	0	40級上衣組--綠	390	45級飾品／守護組--綠	38	公會大絕組-彪城（副）	"8,380"		"314,236"	"10,752"	2922.60%	
	50206	3000	3500206	野外段		3021		[狩獵王]大童王			野外狩獵王	3	火	雷橫	46	43	43	1	1	1	moba0109	4		1.1	0	0.1	0	0	120	120	220	60	17	200	200	579744	4840	887	643	117	105	0	0	33	0	110	0	0	0	674	0	175	18	175	175	0	0	750	0	300	90	1	1	8502061	400	100	8502062	100	100			150	165	440	3600	10		9400050	9404010						EF0001	EF_die_06b	EF_gift	176622	10000	5	5622	8	10000				17057	1	10000	27018	1	1000	5609	20	10000	133618																	綠色彈珠x8顆組	"1,944"	--	0	40級上衣組--綠	390	45級飾品／守護組--綠	38	公會大絕組-彪城（會）	"8,380"		"314,236"	"10,752"	2922.60%	
	50207	3000	3500207	野外段		3022		[狩獵王]駝王山			野外狩獵王	1	地	戴宗	47	44	44	1	1	1	mobb0017	1.2		1.1	0	0.1	0	0	60	384	360	190	17	200	200	382730	5880	813	587	108	123	0	0	33	0	112	0	783	0	0	0	204	204	204	20	0	0	750	0	300	90	1	1	8502071	400	100	8502072	100	100			110	121	320	3600	10		9400050	9404010						EF0001	EF_die_07b	EF_gift	183123	10000	5	5622	8	10000				17059	1	10000	27018	1	1000	5607	20	10000	87890																	綠色彈珠x8顆組	"1,944"	--	0	40級武器組--綠	404	45級飾品／守護組--綠	38	公會大絕組-彪城（幹）	"8,380"		"325,162"	"10,766"	3020.30%	
	50208	3000	3500208	野外段		3022		[狩獵王]搖滾駝王			野外狩獵王	3	火	雷橫	48	45	45	1	1	1	moba0115	2.5		1.1	0	0.1	0	0	300	100	200	150	17	200	200	598752	5016	943	684	121	108	0	0	34	0	114	0	0	0	719	0	187	19	187	187	0	0	750	0	300	80	1	1	8502081	400	100	8502082	100	100			110	121	380	3600	10		9300050	9404010						EF0001	EF_die_08b	EF_gift	188326	10000	5	5623	8	10000				17061	1	10000	27018	1	1000	5608	20	10000	143510																	黃色彈珠x8顆組	"3,352"	--	0	45級帽子組--綠	468	45級飾品／守護組--綠	38	公會大絕組-彪城（副）	"8,380"		"336,356"	"12,238"	2748.50%	
	50209	3000	3500209	野外段		3022		[狩獵王]大井木			野外狩獵王	2	水	孫二娘	49	46	46	1	1	1	moba0005	7		1.1	0	0.1	0	0	210	245	245	122	17	200	200	416232	6670	899	678	116	110	0	0	34	0	116	0	0	803	0	0	20	201	201	201	0	0	750	0	300	80	1	1	8502091	400	100	8502092	100	100			150	165	440	3600	10		9400050	9404010						EF0001	EF_die_09b	EF_gift	195164	10000	5	5623	8	10000				17061	1	10000	27018	1	1000	5609	20	10000	100752																	黃色彈珠x8顆組	"3,352"	--	0	45級帽子組--綠	468	45級飾品／守護組--綠	38	公會大絕組-彪城（會）	"8,380"		"347,823"	"12,238"	2842.20%	
	50210	3000	3500210	野外段		3022		[狩獵王]黃金爆貓			野外狩獵王	4	風	林沖	50	47	47	1	1	1	moba0015c	3.5		1.1	0	0.1	0	0	105	105	245	50	17	200	200	515880	5310	1107	781	123	130	0	0	35	0	118	0	0	0	0	821	198	198	20	198	0	0	750	0	300	95	1	1	8502101	400	100	8502102	100	100			120	132	320	3600	10		9400050	9404010						EF0001	EF_die_10b	EF_gift	202140	10000	5	5623	8	10000				17064	1	10000	27020	1	1000	5607	20	10000	131940																	黃色彈珠x8顆組	"3,352"	--	0	45級褲子組--綠	485	50級飾品／守護組--綠	49	公會大絕組-彪城（幹）	"8,380"		"359,570"	"12,266"	2931.40%	
	50211	3000	3500211	野外段		3022		[狩獵王]合城獸一號			野外狩獵王	1	地	戴宗	51	48	48	1	1	1	moba0102	2		1.1	0	0.1	0	0	200	200	300	100	17	200	200	435802	6300	987	642	115	132	0	0	35	0	120	0	918	0	0	0	240	240	240	24	0	0	750	0	300	85	1	1	8502111	400	100	8502112	100	100			90	99	380	3600	10		9400050	9404010						EF0001	EF_die_11b	EF_gift	226676	10000	5	5623	8	10000				17067	1	10000	27020	1	1000	5608	20	10000	101846																	黃色彈珠x8顆組	"3,352"	--	0	45級上衣組--綠	501	50級飾品／守護組--綠	49	公會大絕組-彪城（副）	"8,380"		"400,744"	"12,282"	3262.90%	
	50212	3000	3500212	野外段		3022		[狩獵王]白方塊			野外狩獵王	2	水	孫二娘	43	40	48	1	1	1	moba0084	0.8		1.1	0	0.1	0	0	130	150	280	100	17	200	200	353650	5980	766	577	104	99	0	0	31	0	104	0	0	639	0	0	16	160	160	160	0	0	750	0	300	90	1	1	8502121	400	100	8502122	100	100			120	132	440	3600	10		9400050	9404010						EF0001	EF_die_12b	EF_gift	143640	10000	5	5623	8	10000				17067	1	10000	27020	1	1000	5609	20	10000	79999																	黃色彈珠x8顆組	"3,352"	--	0	45級上衣組--綠	501	50級飾品／守護組--綠	49	公會大絕組-彪城（會）	"8,380"		"261,490"	"12,282"	2129.10%	
	50213	3000	3500213	野外段		3022		[狩獵王]黑方塊			野外狩獵王	3	火	雷橫	43	40	48	1	1	1	moba0084a	0.8		1.1	0	0.1	0	0	130	150	280	100	17	200	200	517536	4576	827	600	110	99	0	0	31	0	104	0	0	0	592	0	154	15	154	154	0	0	750	0	300	95	1	1	8502123	400	100	8502124	100	100			120	132	440	3600	10		9400050	9404010						EF0001	EF_die_13b	EF_gift	143640	10000	5	5623	8	10000				17067	1	10000	27020	1	1000	5607	20	10000	118066																	黃色彈珠x8顆組	"3,352"	--	0	45級上衣組--綠	501	50級飾品／守護組--綠	49	公會大絕組-彪城（幹）	"8,380"		"261,490"	"12,282"	2129.10%	
#	55級狩獵魔王																																			0	0	0	0																	0	0		0																													0	0		彈珠									銀裝項目1			公會大絕、坐騎、消耗品			0																															
	50301	3000	3500301	野外段		3031		[狩獵王]大鬼頭			野外狩獵王	1	地	戴宗	56	53	53	1	1	1	moba0043	3		1.1	0	0.1	0	0	150	240	300	220	17	200	200	502913	6825	1099	716	125	143	0	0	38	0	130	0	1101	0	0	0	288	288	288	29	0	0	750	0	300	80	1	1	8503011	400	100	8503012	100	100			120	132	320	3600	10		9400050	9404010						EF0001	EF_die_01b	EF_gift	288753	10000	5	5623	8	10000				17077	1	10000	27023	1	1000	5607	20	10000	120351																	黃色彈珠x8顆組	"3,352"	--	0	50級上衣組--綠	636	55級飾品／守護組--綠	62	公會大絕組-彪城（幹）	"8,380"		"505,100"	"12,430"	4063.60%	
	50302	3000	3500302	野外段		3031		[狩獵王]綠眼爆貓			野外狩獵王	3	火	雷橫	56	53	53	1	1	1	mobb0015	3.5		1.1	0	0.1	0	0	105	105	245	50	17	200	200	773712	5720	1237	809	138	124	0	0	38	0	130	0	0	0	979	0	254	25	254	254	0	0	750	0	300	80	1	1	8503021	400	100	8503022	100	100			120	132	380	3600	10		9700050	9704010						EF0001	EF_die_02b	EF_gift	288753	10000	5	5623	8	10000				17077	1	10000	27023	1	1000	5607	20	10000	189173																	黃色彈珠x8顆組	"3,352"	--	0	50級上衣組--綠	636	55級飾品／守護組--綠	62	公會大絕組-彪城（幹）	"8,380"		"505,100"	"12,430"	4063.60%	
	50303	3000	3500303	野外段		3031		[狩獵王]萬頭爆彈			野外狩獵王	2	水	雷橫	56	53	53	1	1	1	moba0092	1.3		1.1	0	0.1	0	0	195	195	312	100	17	200	200	773712	5720	1237	809	138	124	0	0	38	0	130	0	0	979	0	0	25	254	254	254	0	0	750	0	300	80	1	1	8503031	400	100	8503032	100	100			120	132	440	3600	10		9400050	9404010						EF0001	EF_die_03b	EF_gift	288753	10000	5	5623	8	10000				17077	1	10000	27023	1	1000	5607	20	10000	189173																	黃色彈珠x8顆組	"3,352"	--	0	50級上衣組--綠	636	55級飾品／守護組--綠	62	公會大絕組-彪城（幹）	"8,380"		"505,100"	"12,430"	4063.60%	
	50304	3000	3500304	野外段		3031		[狩獵王]巨翔鷹			野外狩獵王	4	風	林沖	56	53	53	1	1	1	moba0034	5		1.1	0	0.1	0	0	250	100	300	125	17	200	200	644760	5850	1191	840	135	143	0	0	38	0	130	0	0	0	0	1016	245	245	24	245	0	0	750	0	300	80	1	1	8503041	400	100	8503042	100	100			120	132	320	3600	10		9400050	9404010						EF0001	EF_die_04b	EF_gift	288753	10000	5	5623	8	10000				17077	1	10000	27023	1	1000	5607	20	10000	158760																	黃色彈珠x8顆組	"3,352"	--	0	50級上衣組--綠	636	55級飾品／守護組--綠	62	公會大絕組-彪城（幹）	"8,380"		"505,100"	"12,430"	4063.60%	
	50305	3000	3500305	野外段		3031		[狩獵王]鼠王			野外狩獵王	2	水	孫二娘	56	53	53	1	1	1	moba0095	4		1.1	0	0.1	0	0	130	200	280	100	17	200	200	528703	7475	1145	778	130	124	0	0	38	0	130	0	0	1057	0	0	26	265	265	265	0	0	750	0	300	70	1	1	8503051	400	100	8503052	100	100			100	110	380	3600	10		9600050	9604010						EF0001	EF_die_05b	EF_gift	288753	10000	5	5623	8	10000				17077	1	10000	27023	1	1000	5607	20	10000	128353																	黃色彈珠x8顆組	"3,352"	--	0	50級上衣組--綠	636	55級飾品／守護組--綠	62	公會大絕組-彪城（幹）	"8,380"		"505,100"	"12,430"	4063.60%	
	50306	3000	3500306	野外段		3031		[狩獵王]炭烤龍			野外狩獵王	4	風	林沖	56	53	53	1	1	1	mobb0054	0.6		1.1	0	0.1	0	0	480	120	300	240	17	200	200	644760	5850	1191	840	135	143	0	0	38	0	130	0	0	0	0	1016	245	245	24	245	0	0	750	0	300	90	1	1	8503061	400	100	8503062	100	100			150	165	440	3600	10		9400050	9404010						EF0001	EF_die_06b	EF_gift	288753	10000	5	5623	8	10000				17077	1	10000	27023	1	1000	5607	20	10000	158760																	黃色彈珠x8顆組	"3,352"	--	0	50級上衣組--綠	636	55級飾品／守護組--綠	62	公會大絕組-彪城（幹）	"8,380"		"505,100"	"12,430"	4063.60%	
	50307	3000	3500307	野外段		3032		[狩獵王]大榔頭			野外狩獵王	1	地	戴宗	57	54	54	1	1	1	moba0040e	3		1.1	0	0.1	0	0	90	90	200	60	17	200	200	510775	6930	1129	735	127	145	0	0	38	0	132	0	1134	0	0	0	296	296	296	30	0	0	750	0	300	90	1	1	8503071	400	100	8503072	100	100			110	121	320	3600	10		9400050	9404010						EF0001	EF_die_07b	EF_gift	297810	10000	5	5623	8	10000				17079	1	10000	27023	1	1000	5607	20	10000	124057																	黃色彈珠x8顆組	"3,352"	--	0	50級武器組--綠	656	55級飾品／守護組--綠	62	公會大絕組-彪城（幹）	"8,380"		"520,322"	"12,450"	4179.30%	
	50308	3000	3500308	野外段		3032		[狩獵王]筋肉巨人			野外狩獵王	3	火	雷橫	58	55	55	1	1	1	mobb9003	0.9		1.1	0	0.1	1	0	180	270	340	135	17	200	200	797472	5896	1305	854	142	127	0	0	39	0	134	0	0	0	1039	0	270	27	270	270	0	0	750	0	300	80	1	1	8503081	400	100	8503082	100	100			110	121	380	3600	10		9300050	9404010						EF0001	EF_die_08b	EF_gift	304935	10000	5	5624	8	10000				17081	1	10000	27023	1	1000	5607	20	10000	200966																	紅色彈珠x8顆組	"5,416"	--	0	55級帽子組--綠	753	55級飾品／守護組--綠	62	公會大絕組-彪城（幹）	"8,380"		"535,894"	"14,611"	3667.70%	
	50309	3000	3500309	野外段		3032		[狩獵王]巨水雷			野外狩獵王	2	水	孫二娘	59	56	56	1	1	1	moba0117	0.9		1.1	0	0.1	0	0	180	180	315	90	17	200	200	552024	7820	1242	845	136	129	0	0	39	0	136	0	0	1156	0	0	29	289	289	289	0	0	750	0	300	80	1	1	8503091	400	100	8503092	100	100			150	165	440	3600	10		9400050	9404010						EF0001	EF_die_09b	EF_gift	314433	10000	5	5624	8	10000				17081	1	10000	27023	1	1000	5607	20	10000	140515																	紅色彈珠x8顆組	"5,416"	--	0	55級帽子組--綠	753	55級飾品／守護組--綠	62	公會大絕組-彪城（幹）	"8,380"		"551,823"	"14,611"	3776.80%	
	50310	3000	3500310	野外段		3032		[狩獵王]合成獸二號			野外狩獵王	4	風	林沖	60	57	57	1	1	1	moba0103	1.2		1.1	0	0.1	0	0	220	220	230	100	17	200	200	682920	6210	1370	969	144	152	0	0	40	0	138	0	0	0	0	1178	284	284	28	284	0	0	750	0	300	95	1	1	8503101	400	100	8503102	100	100			120	132	320	3600	10		9400050	9404010						EF0001	EF_die_10b	EF_gift	324109	10000	5	5624	8	10000				17084	1	10000	27025	1	1000	5607	20	10000	181908																	紅色彈珠x8顆組	"5,416"	--	0	55級褲子組--綠	776	60級飾品／守護組--綠	78	公會大絕組-彪城（幹）	"8,380"		"568,115"	"14,650"	3877.90%	
	50311	3000	3500311	野外段		3032		[狩獵王]大禿鷹			野外狩獵王	1	地	戴宗	61	58	58	1	1	1	moba0029e	3		1.1	0	0.1	0	0	90	90	240	60	17	200	200	579852	7350	1454	789	134	154	0	0	40	0	140	0	1314	0	0	0	343	343	343	34	0	0	750	0	300	85	1	1	8503111	400	100	8503112	100	100			90	99	380	3600	10		9400050	9404010						EF0001	EF_die_11b	EF_gift	361370	10000	5	5624	8	10000				17087	1	10000	27025	1	1000	5607	20	10000	140232																	紅色彈珠x8顆組	"5,416"	--	0	55級上衣組--綠	799	60級飾品／守護組--綠	78	公會大絕組-彪城（幹）	"8,380"		"630,643"	"14,673"	4298.00%	
	50312	3000	3500312	野外段		3032		[狩獵王]白毛頭(表演用)			野外狩獵王	2	水	孫二娘	53	50	58	1	1	1	mobb0026	0.7		1.1	0	0.1	0	0	140	140	250	100	17	200	200	473796	7130	1087	738	124	118	0	0	36	0	124	0	0	938	0	0	23	235	235	235	0	0	750	0	300	90	1	1	8503121	400	100	8503122	100	100			120	132	440	3600	10		9400050	9404010						EF0001	EF_die_12b	EF_gift	0	0	5																0																	--	0	--	0	--	0	--	0	--	0		0	0	0.00%	
	50313	3000	3500313	野外段		3032		[狩獵王]黑毛頭(表演用)			野外狩獵王	3	火	雷橫	53	50	58	1	1	1	mobb0026a	0.7		1.1	0	0.1	0	0	140	140	250	100	17	200	200	693360	5456	1174	768	131	118	0	0	36	0	124	0	0	0	869	0	225	23	225	225	0	0	750	0	300	95	1	1	8503123	400	100	8503124	100	100			120	132	440	3600	10		9400050	9404010						EF0001	EF_die_13b	EF_gift	0	0	5																0																	--	0	--	0	--	0	--	0	--	0		0	0	0.00%	
	50314	3000	3500314	野外段		3032		[狩獵王]黑白毛頭			野外狩獵王	3	火	平均	61	58	58	1	1	1	mobb0082	0.7		1.1	0	0.1	0	0	175	175	370	140	17	200	200	743400	7000	1515	858	140	140	0	0	40	0	140	0	0	0	1261	0	316	32	316	316	0	0	750	0	300	95	1	1	8503125	400	100	8503126	100	100			120	132	380	3600	10		9400050	9404010						EF0001	EF_die_13b	EF_gift	361370	10000	5	5624	8	10000				17087	1	10000	27025	1	1000	5607	20	10000	182268																	紅色彈珠x8顆組	"5,416"	--	0	55級上衣組--綠	799	60級飾品／守護組--綠	78	公會大絕組-彪城（幹）	"8,380"		"630,643"	"14,673"	4298.00%	
	50315	3000	3500401	野外段		4001		叛克	終極狩獵魔王		野外終極BOSS	0	無	平均	55	50	50	1	1	1	mob_special001c	0.5		1	0	0	1	0	500	500	350	250	23	1000	1000	95068800	99999	1189	809	128	128	0	0	37	0	128	0	0	0	0	0	890	890	890	890	0	0	800	0	600	95	1	1									100	300	380	3600	10		9900050	9404010						EF0001	EF_die_01b	EF_ov_01a	0	10000	5																0																	--	0	--	0	--	0	--	0	--	0		"5,745,309"	0	0.00%	
	50316	3000	3500402	野外段		4001		高球機器人	終極狩獵魔王		野外終極BOSS	0	無	平均	65	60	60	1	1	1	mob_special001d	0.5		1	0	0	1	0	500	500	350	250	23	1000	1000	125481600	99999	1733	984	148	148	0	0	42	0	148	0	0	0	0	0	1082	1082	1082	1082	0	0	800	0	600	95	1	1									100	300	380	3600	10		9900050	9404010						EF0001	EF_die_01b	EF_ov_01a	0	10000	5																0																	--	0	--	0	--	0	--	0	--	0		"8,916,584"	0	0.00%	
#	狩獵魔王招換的小兵																																			0	0	0	0																	0	0		0																													0	0																	0																															
	51001	3000	3500501	地穴1	野外段	3001		萬兔水(A)	手榴彈兔兵		中BOSS	0	無	平均	26	23	23	1	1	1	moba0004	1.5		1.3	0	0.1	0	0	70	70	150	40	21	230	580	13930	3500	281	326	70	70	0	0	23	0	70	0	0	0	0	0	359	359	359	359	0	0	100	0	100		0	0	3514021	1	100	3514022	2	100			100	110	200	-1	3		9700050	9704010						EF0001	EF_die_01a	EF_ov_01a	0	0																	0																	--	0	--	0	--	0	--	0	--	0		"1,159"	0	0.00%	
	51002	3000	3500502	地穴1	野外段	3001		小白兔(A)	白兔		中BOSS	0	無	林沖	26	23	23	1	1	1	moba0001	1.5		1.3	0	0.1	0	0	60	60	120	30	21	230	522	13930	3150	292	352	73	77	0	0	23	0	70	0	0	0	0	0	332	332	332	332	0	0	100	0	100		0	0	3000031	3	100	3000032	1	100			100	110	200	-1	3		9400050	9404010						EF0001	EF_die_01a	EF_ov_01a	0	0																	0																	--	0	--	0	--	0	--	0	--	0		"1,159"	0	0.00%	
	51003	3000	3500503	地穴1	野外段	3001		鐵蘿蔔部隊(A)	坦克兔		中BOSS	0	無	雷橫	26	23	23	1	1	1	moba0002a	1		1.3	0	0.1	0	0	100	50	90	25	21	276	510	16716	3080	303	339	74	67	0	0	23	0	70	0	0	0	0	0	345	345	345	345	0	0	100	0	100		0	0	3004021	2	100	3004022	1	100			100	110	200	-1	3		9500050	9504010						EF0001	EF_die_01a	EF_ov_01a	0	0																	0																	--	0	--	0	--	0	--	0	--	0		"1,159"	0	0.00%	
	51004	3000	3500504	地穴2	野外段	3002		薰天丸(A)	臭鼬		中BOSS	1	地	林沖	27	24	24	1	1	1	moba0055c	1.3		1.3	0	0.1	0	0	50	50	90	25	21	240	540	14250	3240	328	369	75	79	0	0	23	0	72	0	301	0	0	0	73	73	73	7	0	0	100	0	100		0	0	4000001	3	100	3504032	1	100			105	115	210	-1	3		9400050	9404010						EF0001	EF_die_01a	EF_ov_01a	0	0																	0																	--	0	--	0	--	0	--	0	--	0		"1,224"	0	0.00%	
	51005	3000	3500505	地穴2	野外段	3002		三斑家蚊(A)	蚊子		中BOSS	4	怕火	平均	29	26	26	1	1	1	moba9103	2		1.3	0	0.1	0	0	60	60	130	25	21	250	630	15090	3800	380	370	76	76	0	0	24	0	76	0	0	0	0	0	86	86	9	86	0	0	100	0	150		0	0	3504011	1	100	3504012	4	100			100	110	250	-1	3		9400050	9404010						EF0001	EF_die_01a	EF_ov_01a	0	0																	0																	--	0	--	0	--	0	--	0	--	0		"1,360"	0	0.00%	
	51006	3000	3500506	地穴2	野外段	3002		忍者冰可兔(A)	披風兔		中BOSS	4	風	林沖	31	28	28	1	1	1	moba0062b	2		1.3	0	0.1	0	0	100	100	150	60	21	280	603	16670	3600	476	427	83	88	0	0	25	0	80	0	0	0	0	369	89	89	9	89	0	0	100	0	200		1	0	3200001	1	100	3200002	1	100			150	165	300	-1	3		9400050	9404010						EF0001	EF_die_01b	EF_ov_01a	0	0																	0																	--	0	--	0	--	0	--	0	--	0		"1,622"	0	0.00%	
	51007	3000	3500507	地穴3	野外段	3011		小飛象(紅)(A)	粉紅象		中BOSS	0	無	雷橫	36	33	33	1	1	1	moba0031	0.4		1.3	0	0.1	0	0	100	100	100	70	21	396	660	23640	3960	671	485	95	86	0	0	28	0	90	0	0	0	0	0	493	493	493	493	0	0	100	0	150		0	0	4000001	3	100	3218001	2	100			100	110	200	-1	3		9400050	9404010						EF0001	EF_die_01a	EF_ov_01a	0	0																	0																	--	0	--	0	--	0	--	0	--	0		"2,195"	0	0.00%	
	51008	3000	3500508	地穴3	野外段	3011		小飛象(褐)(A)	褐象		中BOSS	0	無	雷橫	36	33	33	1	1	1	moba0031b	0.4		1.3	0	0.1	0	0	100	80	80	50	21	396	660	23640	3960	671	485	95	86	0	0	28	0	90	0	0	0	0	0	493	493	493	493	0	0	100	0	150		0	0	4000001	3	100	3218001	2	100			100	110	200	-1	3		9400050	9404010						EF0001	EF_die_01a	EF_ov_01a	0	0																	0																	--	0	--	0	--	0	--	0	--	0		"2,195"	0	0.00%	
	51009	3000	3500509	地穴3	野外段	3011		小帥虎(A)	黑老虎		中BOSS	0	無	平均	36	33	33	1	1	1	moba9105a	1		1.3	0	0.1	0	1	100	50	60	50	21	330	750	19700	4500	621	466	90	90	0	0	28	0	90	0	0	0	0	0	513	513	513	513	0	0	100	0	150		0	0	3505031	2	100	3505032	1	100			125	137	250	-1	3		9400050	9404010						EF0001	EF_die_01a	EF_ov_01a	0	0																	0																	--	0	--	0	--	0	--	0	--	0		"2,195"	0	0.00%	
	51010	3000	3500510	地穴4	野外段	3012		無冠駱駝(A)	駱駝兵		中BOSS	1	地	平均	37	34	34	1	1	1	moba0016c	1		1.3	0	0.1	0	1	130	50	90	50	21	330	770	20090	4600	644	484	92	92	0	0	28	0	92	0	501	0	0	0	126	126	126	13	0	0	100	0	300		0	0	3507041	1	100	3507042	1	100			125	137	250	-1	3		9400050	9404010						EF0001	EF_die_01a	EF_ov_01a	0	0																	0																	--	0	--	0	--	0	--	0	--	0		"2,288"	0	0.00%	
	51011	3000	3500511	地穴4	野外段	3012		玩偶彪(A)			中BOSS	4	怕火	平均	39	36	36	1	1	1	mobb0023	1		1.3	0	0.1	0	0	150	100	100	80	21	350	800	20990	4800	687	517	96	96	0	0	29	0	96	0	0	0	0	0	135	135	14	135	0	0	100	0	150		0	0	3517011	2	100	3517011	1	100			100	110	200	-1	3		9400050	9404010						EF0001	EF_die_01a	EF_ov_01a	0	0																	0																	--	0	--	0	--	0	--	0	--	0		"2,481"	0	0.00%	
	51012	3000	3500512	地穴4	野外段	3012		禁衛兵(A)	逃兵		中BOSS	0	無	雷橫	41	38	38	1	1	1	moba9102a	1.3		1.3	0	0.1	0	1	80	80	80	40	21	456	730	27684	4400	777	563	106	95	0	0	30	0	100	0	0	0	0	0	572	572	572	572	0	0	100	0	500	20	1	1	3519041	1	100	3519042	1	100			125	137	250	-1	3		9400050	9404010						EF0001	EF_die_01a	EF_ov_01a	0	0																	0																	--	0	--	0	--	0	--	0	--	0		"2,895"	0	0.00%	
	51013	3000	3500513	地穴5	野外段	3021		捲毛獅(A)	角瞳獅(橘)		中BOSS	3	怕水	平均	46	43	43	1	1	1	moba0022a	1		1.3	0	0.1	0	0	150	100	100	80	21	450	920	26840	5500	821	618	110	110	0	0	33	0	110	0	0	0	0	0	182	18	182	182	0	0	100	0	150		0	0	3506031	3	100	3506032	1	100			125	137	250	-1	3		9400050	9404010						EF0001	EF_die_01a	EF_ov_01a	0	0																	0																	--	0	--	0	--	0	--	0	--	0		"3,747"	0	0.00%	
	51014	3000	3500514	地穴5	野外段	3021		筆勒(A)	筆駱駝		中BOSS	1	地	平均	46	43	43	1	1	1	mobb0016a	1		1.3	0	0.1	0	1	130	50	120	80	21	450	920	26840	5500	821	618	110	110	0	0	33	0	110	0	728	0	0	0	182	182	182	18	0	0	100	0	190		0	0	3507031	1	100	3507032	5	100			125	137	250	-1	3		9400050	9404010						EF0001	EF_die_01a	EF_ov_01a	0	0																	0																	--	0	--	0	--	0	--	0	--	0		"3,747"	0	0.00%	
	51015	3000	3500515	地穴5	野外段	3021		乖乖虎(A)	黃老虎		中BOSS	0	無	平均	46	43	43	1	1	1	moba9105	1		1.3	0	0.1	0	1	100	50	60	50	21	450	920	26840	5500	821	618	110	110	0	0	33	0	110	0	0	0	0	0	680	680	680	680	0	0	100	0	150		0	0	3505031	2	100	3505032	1	100			100	110	200	-1	3		9400050	9404010						EF0001	EF_die_01a	EF_ov_01a	0	0																	0																	--	0	--	0	--	0	--	0	--	0		"3,747"	0	0.00%	
	51016	3000	3500516	地穴6	野外段	3022		陣地駱駝(A)	飛彈駝		中BOSS	1	地	平均	47	44	44	1	1	1	moba0104	0.9		1.3	0	0.1	0	1	130	50	100	50	21	450	930	27260	5600	847	638	112	112	0	0	33	0	112	0	752	0	0	0	188	188	188	19	0	0	100	0	500	50	0	0	3519051	1	100	3519052	3	100			150	165	300	-1	5		9400050	9404010						EF0001	EF_die_01b	EF_ov_01a	0	0																	0																	--	0	--	0	--	0	--	0	--	0		"3,878"	0	0.00%	
	51017	3000	3500517	地穴6	野外段	3022		古哥(A)	井木狗		中BOSS	0	無	平均	49	46	46	1	1	1	moba0005	2		1.3	0	0.1	0	0	80	80	80	45	21	470	970	28200	5800	899	678	116	116	0	0	34	0	116	0	0	0	0	0	746	746	746	746	0	0	100	0	150		1	1	3510021	2	100	3510022	3	100			125	137	250	-1	3		9400050	9404010						EF0001	EF_die_01a	EF_ov_01a	0	0																	0																	--	0	--	0	--	0	--	0	--	0		"4,148"	0	0.00%	
	51018	3000	3500518	地穴6	野外段	3022		黑心獵人(A)	逃兵		中BOSS	4	風	平均	51	48	48	1	1	1	moba9102	1		1.3	0	0.1	0	0	50	50	80	30	21	520	1000	31040	6000	1028	698	120	120	0	0	35	0	120	0	0	0	0	881	221	221	22	221	0	0	100	0	150		0	0	3521031	2	100	3521032	1	100			125	137	250	-1	3		9400050	9404010						EF0001	EF_die_01a	EF_ov_01a	0	0																	0																	--	0	--	0	--	0	--	0	--	0		"4,779"	0	0.00%	
	51019	3000	3500519	地穴7	野外段	3031		黃金喵(A)	鞭炮貓		中BOSS	0	無	雷橫	56	53	53	1	1	1	moba0015c	1		1.3	0	0.1	0	0	60	60	70	35	21	720	950	42984	5720	1237	809	138	124	0	0	38	0	130	0	0	0	0	0	823	823	823	823	0	0	100	0	150		0	0	3509011	2	100	3509012	1	100			100	110	200	-1	3		9400050	9404010						EF0001	EF_die_01a	EF_ov_01a	0	0																	0																	--	0	--	0	--	0	--	0	--	0		"6,024"	0	0.00%	
	51020	3000	3500520	地穴7	野外段	3031		魔中鷹(A)	老鷹		中BOSS	0	無	平均	56	53	53	1	1	1	moba0029b	1		1.3	0	0.1	0	0	50	50	85	30	21	600	1080	35820	6500	1145	778	130	130	0	0	38	0	130	0	0	0	0	0	856	856	856	856	0	0	100	0	150		0	0	3511021	3	100	3511022	1	100			125	137	250	-1	3		9400050	9404010						EF0001	EF_die_01a	EF_ov_01a	0	0																	0																	--	0	--	0	--	0	--	0	--	0		"6,024"	0	0.00%	
	51021	3000	3500521	地穴7	野外段	3031		大眼蝙蝠(A)			中BOSS	0	無	平均	56	53	53	1	1	1	moba0091	1		1.3	0	0.1	0	1	50	50	80	25	21	600	1080	35820	6500	1145	778	130	130	0	0	38	0	130	0	0	0	0	0	856	856	856	856	0	0	100	0	150		0	0	4000001	2	100	4000005	1	100			125	137	250	-1	3		9400050	9404010						EF0001	EF_die_01a	EF_ov_01a	0	0																	0																	--	0	--	0	--	0	--	0	--	0		"6,024"	0	0.00%	
	51022	3000	3500522	地穴8	野外段	3032		蘋果姊姊(A)	雞神		中BOSS	2	水	孫二娘	57	54	54	1	1	1	moba0041a	3		1.3	0	0.1	0	0	100	80	120	55	21	500	1265	29832	7590	1176	799	132	125	0	0	38	0	132	0	0	1089	0	0	27	273	273	273	0	0	100	0	400	100	1	1	3511051	1	100	3511052	8	100			200	220	400	-1	5		9400050	9404010						EF0001	EF_die_01b	EF_ov_01a	0	0																	0																	--	0	--	0	--	0	--	0	--	0		"6,205"	0	0.00%	
	51023	3000	3500523	地穴8	野外段	3032		賓古(A)	企鵝		中BOSS	4	怕火	平均	59	56	56	1	1	1	moba0100a	0.4		1.3	0	0.1	0	0	40	40	70	20	21	620	1130	37400	6800	1242	845	136	136	0	0	39	0	136	0	0	0	0	0	289	289	29	289	0	0	100	0	150		0	0	3510011	3	100	3510012	1	100			100	110	200	-1	3		9400050	9404010						EF0001	EF_die_01a	EF_ov_01a	0	0																	0																	--	0	--	0	--	0	--	0	--	0		"6,581"	0	0.00%	
	51024	3000	3500524	地穴8	野外段	3032		黑禿鷹(A)	老鷹		中BOSS	4	風	平均	61	58	58	1	1	1	moba0029e	1		1.3	0	0.1	0	0	50	50	85	30	21	690	1170	41300	7000	1515	858	140	140	0	0	40	0	140	0	0	0	0	1261	316	316	32	316	0	0	100	0	150		0	0	3511021	10	100	3512012	1	100			100	110	200	-1	3		9400050	9404010						EF0001	EF_die_01a	EF_ov_01a	0	0																	0																	--	0	--	0	--	0	--	0	--	0		"7,521"	0	0.00%	
#	狩獵魔王招換的小兵																																			0	0	0	0																	0	0		0																													0	0																	0																															
	52001	3000	3501501	地穴1	野外段	3001		瑞比黃戰士(A)	一般兔兵(黃)		中BOSS	2	水	孫二娘	26	23	23	1	1	1	moba0001b	1.7		1.3	0	0.1	0	0	60	60	120	40	21	189	667	11423	4025	281	326	70	67	0	0	23	0	70	0	0	299	0	0	8	75	75	75	0	0	100	0	100		0	0	3000031	1	100	3000092	1	100			100	110	200	-1	3		9400050	9404010						EF0001	EF_die_01a	EF_ov_01a	0	0																	0																															
	52002	3000	3501502	地穴1	野外段	3001		粉紅兔(A)	粉紅兔		中BOSS	0	無	林沖	26	23	23	1	1	1	moba0001a	1		1.3	0	0.1	0	0	50	50	90	25	21	230	522	13930	3150	292	352	73	77	0	0	23	0	70	0	0	0	0	0	332	332	332	332	0	0	100	0	100		0	0	3000031	1	100	3000032	1	100			100	110	200	-1	3		9400050	9404010						EF0001	EF_die_01a	EF_ov_01a	0	0																	0																															
	52003	3000	3501503	地穴1	野外段	3001		刺小鬼(A)	刺蝟		中BOSS	0	無	戴宗	26	23	23	1	1	1	moba9101	1.3		1.3	0	0.1	0	0	60	60	50	25	21	179	609	10865	3675	270	300	67	77	0	0	23	0	70	0	0	0	0	0	390	390	390	390	0	0	100	0	100		0	0	4000004	2	100	4000008	1	100			100	110	200	-1	3		9200050	9204010						EF0001	EF_die_01a	EF_ov_01a	0	0																	0																															
	52004	3000	3501504	地穴2	野外段	3002		屁屁丸(A)	臭鼬		中BOSS	1	地	林沖	28	25	25	1	1	1	moba0055c	1.3		1.3	0	0.1	0	0	50	50	90	25	21	240	558	14660	3330	354	384	77	81	0	0	24	0	74	0	314	0	0	0	76	76	76	8	0	0	100	0	100		0	0	4000001	3	100	3504032	1	100			105	115	210	-1	3		9400050	9404010						EF0001	EF_die_01a	EF_ov_01a	0	0																	0																															
	52005	3000	3501505	地穴2	野外段	3002		蝗蟲(A)	蝗蟲		中BOSS	0	無	平均	30	27	27	1	1	1	mobb0068	1		1.3	0	0.1	0	0	50	50	90	25	21	260	650	15480	3900	425	399	78	78	0	0	25	0	78	0	0	0	0	0	439	439	439	439	0	0	100	0	100		0	0	3000021	1	100	3000022	3	100			100	110	200	-1	3		9400050	9404010						EF0001	EF_die_01a	EF_ov_01a	0	0																	0																															
#	52006	3000	3501506	地穴2	野外段	3002					中BOSS																									0	0	0	0																	0	0	100	0																-1													0	0																	0																															
	52007	3000	3501507	地穴3	野外段	3011		藍象勇士(A)	藍象		中BOSS	2	水	雷橫	36	33	33	1	1	1	moba0031a	0.6		1.3	0	0.1	0	1	130	110	130	80	21	396	660	23640	3960	671	485	95	86	0	0	28	0	90	0	0	446	0	0	12	116	116	116	0	0	100	0	150		0	0	4000011	2	100	4000015	1	100			100	110	200	-1	3		9400050	9404010						EF0001	EF_die_01a	EF_ov_01a	0	0																	0																															
	52008	3000	3501508	地穴3	野外段	3011		綠象勇士(A)	綠象		中BOSS	1	怕風	雷橫	36	33	33	1	1	1	moba0031c	0.8		1.3	0	0.1	0	0	150	130	150	90	21	396	660	23640	3960	671	485	95	86	0	0	28	0	90	0	0	0	0	0	116	116	116	12	0	0	100	0	150		0	0	3218021	3	100	3218022	1	100			100	110	200	-1	3		9400050	9404010						EF0001	EF_die_01a	EF_ov_01a	0	0																	0																															
	52009	3000	3501509	地穴3	野外段	3011		黃炎彪(A)	角瞳獅(黃)		中BOSS	3	怕水	平均	36	33	33	1	1	1	moba0022b	1		1.3	0	0.1	0	0	150	100	100	80	21	330	750	19700	4500	621	466	90	90	0	0	28	0	90	0	0	0	0	0	121	12	121	121	0	0	100	0	150		0	0	3506031	3	100	3506032	1	100			125	137	250	-1	3		9400050	9404010						EF0001	EF_die_01a	EF_ov_01a	0	0																	0																															
	52010	3000	3501510	地穴4	野外段	3012		藍巴(A)	筆駱駝		中BOSS	0	無	平均	38	35	35	1	1	1	mobb0016	1		1.3	0	0.1	0	1	130	50	120	50	21	340	780	20520	4700	666	501	94	94	0	0	29	0	94	0	0	0	0	0	551	551	551	551	0	0	100	0	190		0	0	3507031	1	100	3507032	5	100			125	137	250	-1	3		9400050	9404010						EF0001	EF_die_01a	EF_ov_01a	0	0																	0																															
	52011	3000	3501511	地穴4	野外段	3012		地獄虎(A)	黑老虎		中BOSS	0	無	平均	40	37	37	1	1	1	moba9105a	1		1.3	0	0.1	0	1	100	50	60	50	21	360	820	21370	4900	735	554	98	98	0	0	30	0	98	0	0	0	0	0	609	609	609	609	0	0	100	0	150		0	0	3505031	2	100	3505032	1	100			125	137	250	-1	3		9400050	9404010						EF0001	EF_die_01a	EF_ov_01a	0	0																	0																															
#	52012	3000	3501512	地穴4	野外段	3012					中BOSS																0						21			0	0	0	0																	0	0	100	0																-1													0	0																	0																															
	52013	3000	3501513	地穴5	野外段	3021		鐵虎男(A)	飛輪虎d		中BOSS	0	無	平均	46	43	43	1	1	1	moba0039d	1		1.3	0	0.1	0	0	60	90	120	60	21	450	920	26840	5500	821	618	110	110	0	0	33	0	110	0	0	0	0	0	680	680	680	680	0	0	100	0	150		1	1	3505041	2	100	3505042	1	100			125	137	250	-1	3		9400050	9404010						EF0001	EF_die_01a	EF_ov_01a	0	0																	0																															
	52014	3000	3501514	地穴5	野外段	3021		中毒人類(A)	倒立人		中BOSS	0	無	平均	46	43	43	1	1	1	moba0071	1		1.3	0	0.1	0	1	70	70	70	40	21	450	920	26840	5500	821	618	110	110	0	0	33	0	110	0	0	0	0	0	680	680	680	680	0	0	100	0	200		0	0	3520011	2	100	3520012	1	100			100	110	200	-1	3		9400050	9404010						EF0001	EF_die_01a	EF_ov_01a	0	0																	0																															
	52015	3000	3501515	地穴5	野外段	3021		沙漠頑童(A)	頑童		中BOSS	0	無	平均	46	43	43	1	1	1	mobb0069b	1		1.3	0	0.1	0	0	50	50	80	25	21	450	920	26840	5500	821	618	110	110	0	0	33	0	110	0	0	0	0	0	680	680	680	680	0	0	100	0	400		0	0	3507021	5	100	3507022	1	100			100	110	200	-1	3		9400050	9404010						EF0001	EF_die_01a	EF_ov_01a	0	0																	0																															
	52016	3000	3501516	地穴6	野外段	3022		山駱駝(A)	筆駱駝		中BOSS	1	地	平均	48	45	45	1	1	1	mobb0016a	1		1.3	0	0.1	0	1	130	50	120	80	21	460	950	27720	5700	873	658	114	114	0	0	34	0	114	0	777	0	0	0	195	195	195	19	0	0	100	0	190		0	0	3507031	1	100	3507032	5	100			125	137	250	-1	3		9400050	9404010						EF0001	EF_die_01a	EF_ov_01a	0	0																	0																															
	52017	3000	3501517	地穴6	野外段	3022		野樓喵(A)	鞭炮貓		中BOSS	2	怕地	平均	50	47	47	1	1	1	moba0015c	1.1		1.3	0	0.1	0	0	50	50	90	30	21	480	980	28660	5900	1064	723	118	118	0	0	35	0	118	0	0	0	0	0	21	214	214	214	0	0	100	0	150		0	0	3509011	2	100	3509012	1	100			125	137	250	-1	3		9400050	9404010						EF0001	EF_die_01a	EF_ov_01a	0	0																	0																															
#	52018	3000	3501518	地穴6	野外段	3022					中BOSS																0						21			0	0	0	0																	0	0	100	0																-1													0	0																	0																															
	52019	3000	3501519	地穴7	野外段	3031		獵人(A)	逃兵		中BOSS	4	風	平均	56	53	53	1	1	1	moba9102	1		1.3	0	0.1	0	0	50	50	80	30	21	600	1080	35820	6500	1145	778	130	130	0	0	38	0	130	0	0	0	0	1057	265	265	26	265	0	0	100	0	150		0	0	3521031	2	100	3521032	1	100			125	137	250	-1	3		9400050	9404010						EF0001	EF_die_01a	EF_ov_01a	0	0																	0																															
	52020	3000	3501520	地穴7	野外段	3031		黑鴕鳥(A)	鴕鳥		中BOSS	3	怕水	平均	56	53	53	1	1	1	moba0040	1		1.3	0	0.1	0	0	50	50	80	30	21	600	1080	35820	6500	1145	778	130	130	0	0	38	0	130	0	0	0	0	0	265	26	265	265	0	0	100	0	150		0	0	3512021	6	100	3512022	1	100			100	110	200	-1	3		9400050	9404010						EF0001	EF_die_01a	EF_ov_01a	0	0																	0																															
	52021	3000	3501521	地穴7	野外段	3031		惡劣頑童(A)	逃兵		中BOSS	4	風	平均	56	53	53	1	1	1	moba9102	1		1.3	0	0.1	0	0	50	50	80	30	21	600	1080	35820	6500	1145	778	130	130	0	0	38	0	130	0	0	0	0	1057	265	265	26	265	0	0	100	0	150		0	0	3521031	2	100	3521032	1	100			125	137	250	-1	3		9400050	9404010						EF0001	EF_die_01a	EF_ov_01a	0	0																	0																															
	52022	3000	3501522	地穴8	野外段	3032		野戰小子(A)			中BOSS	1	地	平均	58	55	55	1	1	1	mobb0069b	1		1.3	0	0.1	0	1	50	50	80	25	21	620	1120	36920	6700	1208	821	134	134	0	0	39	0	134	0	1122	0	0	0	281	281	281	28	0	0	100	0	150		0	0	3507021	5	100	3507022	1	100			100	110	200	-1	3		9400050	9404010						EF0001	EF_die_01a	EF_ov_01a	0	0																	0																															
	52023	3000	3501523	地穴8	野外段	3032		藍莓鸚鵡(A)			中BOSS	0	無	平均	60	57	57	1	1	1	moba0018a	1.5		1.3	0	0.1	0	1	60	60	80	30	21	630	1150	37940	6900	1317	897	138	138	0	0	40	0	138	0	0	0	0	0	987	987	987	987	0	0	100	0	150		1	1	3523041	1	100	3523042	1	100			100	110	200	-1	3		9400050	9404010						EF0001	EF_die_01a	EF_ov_01a	0	0																	0																															
#	52024	3000	3501524	地穴8	野外段	3032					中BOSS																0						21			0	0	0	0																	0	0	100	0																-1													0	0																	0																															
#	GM活動用NPC																																			0	0	0	0																	0	0		0																													0	0																	0																															
	53001	3000	3502001	野外段				Wild Carota	裝甲兔兵改		野外狩獵王	1	地	戴宗	18	15	15	1	1	1	moba0002c	3		1.1	0	0.1	0	0	250	280	250	150	17		1000	103194	2835	98	211	52	59	0	0	19	0	54	0	196	0	0	0	51	51	51	5	0	0	750	0	300	90	1	1	8500061	400	100	8500062	100	100			150	165	440	3600	10		9400050	9404010						EF0001	EF_die_06b	EF_gift	0	10000																	0																															
	53002	3000	3502002	野外段				Albino Tigris	虎大鼻		野外狩獵王	3	火	雷橫	19	16	16	1	1	1	moba9105c	5		1.1	0	0.1	0	0	400	200	250	200	17		1000	165672	2464	116	250	59	53	0	0	19	0	56	0	0	0	184	0	48	5	48	48	0	0	750	0	300	90	1	1	8501061	400	100	8501062	100	100			150	165	440	3600	10		9400050	9404010						EF0001	EF_die_06b	EF_gift	0	10000																	0																															
	53003	3000	3502003	野外段				Vitamic Hiss	黃金爆貓		野外狩獵王	4	風	林沖	20	17	17	1	1	1	moba0015e	3.5		1.1	0	0.1	0	0	105	105	245	50	17		1000	165780	2610	133	284	60	64	0	0	20	0	58	0	0	0	0	208	50	50	5	50	0	0	750	0	300	95	1	1	8502101	400	100	8502102	100	100			120	132	320	3600	10		9400050	9404010						EF0001	EF_die_10b	EF_gift	0	10000																	0																															
	53004	3000	3502004	野外段				Big Burpy	毒氣胖達		野外狩獵王	2	水	孫二娘	28	25	25	1	1	1	moba0003e	2		1.1	0	0.1	0	0	200	200	235	130	17		1000	216382	4255	340	356	74	70	0	0	24	0	74	0	0	327	0	0	8	82	82	82	0	0	750	0	300	70	1	1	8500051	100	100	8500052	400	100			100	110	380	3600	10		9600050	9604010						EF0001	EF_die_05b	EF_gift	0	10000																	0																															
	53005	3000	3502005	野外段				Flaming Svarog	噴火王		野外狩獵王	3	火	雷橫	29	26	26	1	1	1	moba0111a	3		1.1	0	0.1	0	0	240	120	270	120	17		1000	325944	3344	410	385	81	72	0	0	24	0	76	0	0	0	317	0	82	8	82	82	0	0	750	0	300	80	1	1	8501091	400	100	8501092	100	100			150	165	440	3600	10		9400050	9404010						EF0001	EF_die_09b	EF_gift	0	10000																	0																															
	53006	3000	3502006	野外段				Feverish Canis	大井木		野外狩獵王	2	水	孫二娘	30	27	27	1	1	1	moba0005c	7		1.1	0	0.1	0	0	210	245	245	122	17		1000	228485	4485	425	399	78	74	0	0	25	0	78	0	0	368	0	0	9	92	92	92	0	0	750	0	300	80	1	1	8502091	400	100	8502092	100	100			150	165	440	3600	10		9400050	9404010						EF0001	EF_die_09b	EF_gift	0	10000																	0																															
	53007	3000	3502007	野外段				Tigric Zeus	雷王虎		野外狩獵王	1	地	戴宗	38	35	35	1	1	1	mobb0112a	2		1.1	0	0.1	0	0	120	180	270	60	17		1000	288101	4935	639	461	90	103	0	0	29	0	94	0	542	0	0	0	141	141	141	14	0	0	750	0	300	80	1	1	8502011	400	100	8502012	100	100			120	132	320	3600	10		9400050	9404010						EF0001	EF_die_01b	EF_gift	0	10000																	0																															
	53008	3000	3502008	野外段				Hydraphant	糧食站總長		野外狩獵王	4	風	林沖	39	36	36	1	1	1	moba0032l	1		1.1	0	0.1	0	0	180	120	280	90	17		1000	377820	4320	714	558	100	106	0	0	29	0	96	0	0	0	0	518	125	125	13	125	0	0	750	0	300	80	1	1	8501011	400	100	8501012	100	100			120	132	320	3600	10		9400050	9404010						EF0001	EF_die_01b	EF_gift	0	10000																	0																															
	53009	3000	3502009	野外段				Dark Anupu	黑金剛		野外狩獵王	3	火	雷橫	40	37	37	1	1	1	moba0046c	3		1.1	0	0.1	0	0	150	150	270	75	17		1000	461592	4312	794	576	104	93	0	0	30	0	98	0	0	0	532	0	138	14	138	138	0	0	750	0	300	90	1	1	8501121	400	100	8501122	100	100			120	132	440	3600	10		9400050	9404010						EF0001	EF_die_12b	EF_gift	0	10000																	0																															
	53010	3000	3502010	野外段				Hot Anupu	白金剛		野外狩獵王	2	水	孫二娘	40	37	37	1	1	1	moba0046b	3		1.1	0	0.1	0	0	150	150	270	75	17		1000	315421	5635	735	554	98	93	0	0	30	0	98	0	0	575	0	0	14	144	144	144	0	0	750	0	300	95	1	1	8501123	400	100	8501124	100	100			120	132	440	3600	10		9400050	9404010						EF0001	EF_die_13b	EF_gift	0	10000																	0																															
	53011	3000	3502011	野外段				T-Dawg	炭烤龍		野外狩獵王	4	風	林沖	48	45	45	1	1	1	mobb0054a	0.6		1.1	0	0.1	0	0	480	120	300	240	17		1000	498960	5130	908	711	119	125	0	0	34	0	114	0	0	0	0	747	180	180	18	180	0	0	750	0	300	90	1	1	8503061	400	100	8503062	100	100			150	165	440	3600	10		9400050	9404010						EF0001	EF_die_06b	EF_gift	0	10000																	0																															
	53012	3000	3502012	野外段				Subpar Medusa	大鬼頭		野外狩獵王	1	地	戴宗	49	46	46	1	1	1	moba0043a	3		1.1	0	0.1	0	0	150	240	300	220	17		1000	395928	6090	863	624	111	128	0	0	34	0	116	0	836	0	0	0	218	218	218	22	0	0	750	0	300	80	1	1	8503011	400	100	8503012	100	100			120	132	320	3600	10		9400050	9404010						EF0001	EF_die_01b	EF_gift	0	10000																	0																															
	53013	3000	3502013	野外段				Sleepy Furball	鼠王		野外狩獵王	1	地	戴宗	50	47	47	1	1	1	moba0095a	4		1.1	0	0.1	0	0	130	200	280	100	17		1000	402386	6195	1021	665	113	130	0	0	35	0	118	0	890	0	0	0	232	232	232	23	0	0	750	0	300	70	1	1	8503051	400	100	8503052	100	100			100	110	380	3600	10		9600050	9604010						EF0001	EF_die_05b	EF_gift	0	10000																	0																															
	53014	3000	3502014	野外段				A Ball of Hurt	巨水雷		野外狩獵王	2	水	孫二娘	58	55	55	1	1	1	moba0117a	0.9		1.1	0	0.1	0	0	180	180	315	90	17		1000	544939	7705	1208	821	134	127	0	0	39	0	134	0	0	1122	0	0	28	281	281	281	0	0	750	0	300	80	1	1	8503091	400	100	8503092	100	100			150	165	440	3600	10		9400050	9404010						EF0001	EF_die_09b	EF_gift	0	10000																	0																															
	53015	3000	3502015	野外段				Mechtator	筋肉巨人		野外狩獵王	3	火	雷橫	59	56	56	1	1	1	mobb9003a	0.9		1.1	0	0.1	0	0	180	270	340	135	17		1000	807840	5984	1341	879	144	129	0	0	39	0	136	0	0	0	1070	0	278	28	278	278	0	0	750	0	300	80	1	1	8503081	400	100	8503082	100	100			110	121	380	3600	10		9300050	9404010						EF0001	EF_die_08b	EF_gift	0	10000																	0																															
	53016	3000	3502016	野外段				Experiment 109	合成獸二號		野外狩獵王	4	風	林沖	60	57	57	1	1	1	moba0103a	1.2		1.1	0	0.1	0	0	220	220	230	100	17		1000	682920	6210	1370	969	144	152	0	0	40	0	138	0	0	0	0	1178	284	284	28	284	0	0	750	0	300	95	1	1	8503101	400	100	8503102	100	100			120	132	320	3600	10		9400050	9404010						EF0001	EF_die_10b	EF_gift	0	10000																	0																															
#	標示地圖名稱用(透明NPC)																																			0	0	0	0																	0	0		0																													0	0																	0																															
	60001	3000	3400009					往 英雄城(一)			機關	0	無	特殊		99	99	0	0	0	obj00	1		1	0	0	0	0	80	80	100	35	2001			200000	0	999	999		999							999	999	999	999	999	999	999	999	0	0	100	0		100	1	1									0	0	0	0	0												0	0																	0																															
	60002	3000	3400010					往 英雄城(二)			機關	0	無	特殊		99	99	0	0	0	obj00	1		1	0	0	0	0	80	80	100	35	2001			200000	0	999	999		999							999	999	999	999	999	999	999	999	0	0	100	0		100	1	1									0	0	0	0	0												0	0																	0																															
	60003	3000	3400011					往 英雄城(三)			機關	0	無	特殊		99	99	0	0	0	obj00	1		1	0	0	0	0	80	80	100	35	2001			200000	0	999	999		999							999	999	999	999	999	999	999	999	0	0	100	0		100	1	1									0	0	0	0	0												0	0																	0																															
	60004	3000	3400012					往 蘿蔔平原			機關	0	無	特殊		99	99	0	0	0	obj00	1		1	0	0	0	0	80	80	100	35	2001			200000	0	999	999		999							999	999	999	999	999	999	999	999	0	0	100	0		100	1	1									0	0	0	0	0												0	0																	0																															
	60005	3000	3400013					往 兔城原野			機關	0	無	特殊		99	99	0	0	0	obj00	1		1	0	0	0	0	80	80	100	35	2001			200000	0	999	999		999							999	999	999	999	999	999	999	999	0	0	100	0		100	1	1									0	0	0	0	0												0	0																	0																															
	60006	3000	3400014					往 象牙林			機關	0	無	特殊		99	99	0	0	0	obj00	1		1	0	0	0	0	80	80	100	35	2001			200000	0	999	999		999							999	999	999	999	999	999	999	999	0	0	100	0		100	1	1									0	0	0	0	0												0	0																	0																															
	60007	3000	3400015					往 神木密林			機關	0	無	特殊		99	99	0	0	0	obj00	1		1	0	0	0	0	80	80	100	35	2001			200000	0	999	999		999							999	999	999	999	999	999	999	999	0	0	100	0		100	1	1									0	0	0	0	0												0	0																	0																															
	60008	3000	3400016					往 青青峽谷			機關	0	無	特殊		99	99	0	0	0	obj00	1		1	0	0	0	0	80	80	100	35	2001			200000	0	999	999		999							999	999	999	999	999	999	999	999	0	0	100	0		100	1	1									0	0	0	0	0												0	0																	0																															
	60009	3000	3400017					往 雲在天草原			機關	0	無	特殊		99	99	0	0	0	obj00	1		1	0	0	0	0	80	80	100	35	2001			200000	0	999	999		999							999	999	999	999	999	999	999	999	0	0	100	0		100	1	1									0	0	0	0	0												0	0																	0																															
	60010	3000	3400018					往 風暴沙漠			機關	0	無	特殊		99	99	0	0	0	obj00	1		1	0	0	0	0	80	80	100	35	2001			200000	0	999	999		999							999	999	999	999	999	999	999	999	0	0	100	0		100	1	1									0	0	0	0	0												0	0																	0																															
	60011	3000	3400019					往 綠椰沙丘			機關	0	無	特殊		99	99	0	0	0	obj00	1		1	0	0	0	0	80	80	100	35	2001			200000	0	999	999		999							999	999	999	999	999	999	999	999	0	0	100	0		100	1	1									0	0	0	0	0												0	0																	0																															
	60012	3000	3400020					往 凜冬高原			機關	0	無	特殊		99	99	0	0	0	obj00	1		1	0	0	0	0	80	80	100	35	2001			200000	0	999	999		999							999	999	999	999	999	999	999	999	0	0	100	0		100	1	1									0	0	0	0	0												0	0																	0																															
	60013	3000	3400021					往 寂靜之域			機關	0	無	特殊		99	99	0	0	0	obj00	1		1	0	0	0	0	80	80	100	35	2001			200000	0	999	999		999							999	999	999	999	999	999	999	999	0	0	100	0		100	1	1									0	0	0	0	0												0	0																	0																															
	60014	3000	3400022					往 石板遺蹟			機關	0	無	特殊		99	99	0	0	0	obj00	1		1	0	0	0	0	80	80	100	35	2001			200000	0	999	999		999							999	999	999	999	999	999	999	999	0	0	100	0		100	1	1									0	0	0	0	0												0	0																	0																															
	60015	3000	3400023					往 聖鷹之城			機關	0	無	特殊		99	99	0	0	0	obj00	1		1	0	0	0	0	80	80	100	35	2001			200000	0	999	999		999							999	999	999	999	999	999	999	999	0	0	100	0		100	1	1									0	0	0	0	0												0	0																	0																															
	60016	3000	3400024					往 機械廣場			機關	0	無	特殊		99	99	0	0	0	obj00	1		1	0	0	0	0	80	80	100	35	2001			200000	0	999	999		999							999	999	999	999	999	999	999	999	0	0	100	0		100	1	1									0	0	0	0	0												0	0																	0																															
	60017	3000	3400025					往 梁山泊新手區			機關	0	無	特殊		99	99	0	0	0	obj00	1		1	0	0	0	0	80	80	100	35	2001			200000	0	999	999		999							999	999	999	999	999	999	999	999	0	0	100	0		100	1	1									0	0	0	0	0												0	0																	0																															
	60018	3000	3400026					往 狩獵王區域			機關	0	無	特殊		99	99	0	0	0	obj00	1		1	0	0	0	0	80	80	80	35	2001			200000	0	999	999		999							999	999	999	999	999	999	999	999	0	0	100	0		100	1	1									0	0	0	0	0												0	0																	0																															
	60019	3000	3400027					往 落葉林地			機關	0	無	特殊		99	99	0	0	0	obj00	1		1	0	0	0	0	80	80	100	35	2001			200000	0	999	999		999							999	999	999	999	999	999	999	999	0	0	100	0		100	1	1									0	0	0	0	0												0	0																	0																															
	60020	3000	3400028					往 螢火平原			機關	0	無	特殊		99	99	0	0	0	obj00	1		1	0	0	0	0	80	80	100	35	2001			200000	0	999	999		999							999	999	999	999	999	999	999	999	0	0	100	0		100	1	1									0	0	0	0	0												0	0																	0																															
	60021	3000	3400029					往 曙光之城			機關	0	無	特殊		99	99	0	0	0	obj00	1		1	0	0	0	0	80	80	100	35	2001			200000	0	999	999		999							999	999	999	999	999	999	999	999	0	0	100	0		100	1	1									0	0	0	0	0												0	0																	0																															
	60022	3000	3400030					往 螢火密林			機關	0	無	特殊		99	99	0	0	0	obj00	1		1	0	0	0	0	80	80	100	35	2001			200000	0	999	999		999							999	999	999	999	999	999	999	999	0	0	100	0		100	1	1									0	0	0	0	0												0	0																	0																															
	60023	3000	3400031					往 綠光森林			機關	0	無	特殊		99	99	0	0	0	obj00	1		1	0	0	0	0	80	80	100	35	2001			200000	0	999	999		999							999	999	999	999	999	999	999	999	0	0	100	0		100	1	1									0	0	0	0	0												0	0																	0																															
	60024	3000	3400032					往 暴雨之森			機關	0	無	特殊		99	99	0	0	0	obj00	1		1	0	0	0	0	80	80	100	35	2001			200000	0	999	999		999							999	999	999	999	999	999	999	999	0	0	100	0		100	1	1									0	0	0	0	0												0	0																	0																															
	60025	3000	3400033					往 戰火荒漠			機關	0	無	特殊		99	99	0	0	0	obj00	1		1	0	0	0	0	80	80	100	35	2001			200000	0	999	999		999							999	999	999	999	999	999	999	999	0	0	100	0		100	1	1									0	0	0	0	0												0	0																	0																															
	60026	3000	3400034					往 水蝕大漠			機關	0	無	特殊		99	99	0	0	0	obj00	1		1	0	0	0	0	80	80	100	35	2001			200000	0	999	999		999							999	999	999	999	999	999	999	999	0	0	100	0		100	1	1									0	0	0	0	0												0	0																	0																															
	60027	3000	3400035					往 落雷極地			機關	0	無	特殊		99	99	0	0	0	obj00	1		1	0	0	0	0	80	80	100	35	2001			200000	0	999	999		999							999	999	999	999	999	999	999	999	0	0	100	0		100	1	1									0	0	0	0	0												0	0																	0																															
	60028	3000	3400036					往 孤寂雪原			機關	0	無	特殊		99	99	0	0	0	obj00	1		1	0	0	0	0	80	80	100	35	2001			200000	0	999	999		999							999	999	999	999	999	999	999	999	0	0	100	0		100	1	1									0	0	0	0	0												0	0																	0																															
	60029	3000	3400037					往 風雨遺跡			機關	0	無	特殊		99	99	0	0	0	obj00	1		1	0	0	0	0	80	80	100	35	2001			200000	0	999	999		999							999	999	999	999	999	999	999	999	0	0	100	0		100	1	1									0	0	0	0	0												0	0																	0																															
	60030	3000	3400038					往 深痕之地			機關	0	無	特殊		99	99	0	0	0	obj00	1		1	0	0	0	0	80	80	100	35	2001			200000	0	999	999		999							999	999	999	999	999	999	999	999	0	0	100	0		100	1	1									0	0	0	0	0												0	0																	0																															
	60031	3000	3400039					往 兔城副本			機關	0	無	特殊		99	99	0	0	0	obj00	1		1	0	0	0	0	80	80	100	35	2001			200000	0	999	999		999							999	999	999	999	999	999	999	999	0	0	100	0		100	1	1									0	0	0	0	0												0	0																	0																															
	60032	3000	3400040					往 象城副本			機關	0	無	特殊		99	99	0	0	0	obj00	1		1	0	0	0	0	80	80	100	35	2001			200000	0	999	999		999							999	999	999	999	999	999	999	999	0	0	100	0		100	1	1									0	0	0	0	0												0	0																	0																															
	60033	3000	3400041					往 彪城副本			機關	0	無	特殊		99	99	0	0	0	obj00	1		1	0	0	0	0	80	80	100	35	2001			200000	0	999	999		999							999	999	999	999	999	999	999	999	0	0	100	0		100	1	1									0	0	0	0	0												0	0																	0																															
	60034	3000	3400042					往 駱駝城副本			機關	0	無	特殊		99	99	0	0	0	obj00	1		1	0	0	0	0	80	80	100	35	2001			200000	0	999	999		999							999	999	999	999	999	999	999	999	0	0	100	0		100	1	1									0	0	0	0	0												0	0																	0																															
	60035	3000	3400043					往 貓城副本			機關	0	無	特殊		99	99	0	0	0	obj00	1		1	0	0	0	0	80	80	100	35	2001			200000	0	999	999		999							999	999	999	999	999	999	999	999	0	0	100	0		100	1	1									0	0	0	0	0												0	0																	0																															
	60036	3000	3400044					往 鷹城副本			機關	0	無	特殊		99	99	0	0	0	obj00	1		1	0	0	0	0	80	80	100	35	2001			200000	0	999	999		999							999	999	999	999	999	999	999	999	0	0	100	0		100	1	1									0	0	0	0	0												0	0																	0																															
	60037	3000	3400045					入口			機關	0	無	特殊		99	99	0	0	0	obj00	1		1	0	0	0	0	80	80	100	35	2001			200000	0	999	999		999							999	999	999	999	999	999	999	999	0	0	100	0		100	1	1									0	0	0	0	0												0	0																	0																															
	60038	3000	3400046					出口			機關	0	無	特殊		99	99	0	0	0	obj00	1		1	0	0	0	0	80	80	100	35	2001			200000	0	999	999		999							999	999	999	999	999	999	999	999	0	0	100	0		100	1	1									0	0	0	0	0												0	0																	0																															
	60039	3000	3400047					往 機械廣場(二)			機關	0	無	特殊		99	99	0	0	0	obj00	1		1	0	0	0	0	80	80	100	35	2001			200000	0	999	999		999							999	999	999	999	999	999	999	999	0	0	100	0		100	1	1									0	0	0	0	0												0	0																	0																															
	60040	3000	3400048					往 活動廣場			機關	0	無	特殊		99	99	0	0	0	obj00	1		1	0	0	0	0	80	80	80	35	2001			200000	0	999	999		999							999	999	999	999	999	999	999	999	0	0	100	0		100	1	1									0	0	0	0	0												0	0																	0																															
	60041	3000	3400049					往 九層塔			機關	0	無	特殊		99	99	0	0	0	obj00	1		1	0	0	0	0	80	80	100	35	2001			200000	0	999	999		999							999	999	999	999	999	999	999	999	0	0	100	0		100	1	1									0	0	0	0	0												0	0																	0																															
	60042	3000	3400048					競技場裝飾物			機關	0	無	特殊		99	99	0	0	0	obj56	3.5		1	0	0	0	0	80	80	200	35	2001			200000	0	999	999		999							999	999	999	999	999	999	999	999	0	0	100	0		100	1	1									0	0	0	0	0												0	0																	0																															
	60043	3000	3400050					往 九層塔			機關	0	無	特殊		99	99	0	0	0	obj00	1		1	0	0	0	0	80	80	100	35	2001			200000	0	999	999		999							999	999	999	999	999	999	999	999	0	0	100	0		100	1	1									0	0	0	0	0												0	0																	0																															
	60044	3000	3400051					往 九層塔			機關	0	無	特殊		99	99	0	0	0	obj00	1		1	0	0	0	0	80	80	100	35	2001			200000	0	999	999		999							999	999	999	999	999	999	999	999	0	0	100	0		100	1	1									0	0	0	0	0												0	0																	0																															
	60045	3000	3400052					往 九層塔			機關	0	無	特殊		99	99	0	0	0	obj00	1		1	0	0	0	0	80	80	100	35	2001			200000	0	999	999		999							999	999	999	999	999	999	999	999	0	0	100	0		100	1	1									0	0	0	0	0												0	0																	0																															
	60046	3000	3400053					往 九層塔			機關	0	無	特殊		99	99	0	0	0	obj00	1		1	0	0	0	0	80	80	100	35	2001			200000	0	999	999		999							999	999	999	999	999	999	999	999	0	0	100	0		100	1	1									0	0	0	0	0												0	0																	0																															
	60047	3000	3400054					新手副本入口			機關	0	無	特殊		99	99	0	0	0	obj00	1		1	0	0	0	0	80	80	100	35	2001			200000	0	999	999		999							999	999	999	999	999	999	999	999	0	0	100	0		100	1	1									0	0	0	0	0												0	0																	0																															
	60048	3000	3400055					往 競技場(35~45)			機關	0	無	特殊		99	99	0	0	0	obj56	3.5		1	0	0	0	0	80	80	200	35	2001			200000	0	999	999		999							999	999	999	999	999	999	999	999	0	0	100	0		100	1	1									0	0	0	0	0												0	0																	0																															
	60049	3000	3400056					往 競技場(45~60)			機關	0	無	特殊		99	99	0	0	0	obj56	3.5		1	0	0	0	0	80	80	200	35	2001			200000	0	999	999		999							999	999	999	999	999	999	999	999	0	0	100	0		100	1	1									0	0	0	0	0												0	0																	0																															
#	標示名稱用(透明NPC)																																			0	0	0	0																	0	0		0																													0	0																	0																															
	61001	3000	3401001					完成對話			機關	0	無	特殊		99	99	0	0	0	obj00	1		1	0	0	0	0	80	80	100	35	2001			200000	0	999	999		999							999	999	999	999	999	999	999	999	0	0	100	0		100	1	1									0	0	0	0	0												0	0																	0																															
	61002	3000	3401002					完成子任務			機關	0	無	特殊		99	99	0	0	0	obj00	1		1	0	0	0	0	80	80	100	35	2001			200000	0	999	999		999							999	999	999	999	999	999	999	999	0	0	100	0		100	1	1									0	0	0	0	0												0	0																	0																															
	61003	3000	3401003					完成兔城主線任務			機關	0	無	特殊		99	99	0	0	0	obj00	1		1	0	0	0	0	80	80	100	35	2001			200000	0	999	999		999							999	999	999	999	999	999	999	999	0	0	100	0		100	1	1									0	0	0	0	0												0	0																	0																															
	61004	3000	3401004					完成彪城主線任務			機關	0	無	特殊		99	99	0	0	0	obj00	1		1	0	0	0	0	80	80	100	35	2001			200000	0	999	999		999							999	999	999	999	999	999	999	999	0	0	100	0		100	1	1									0	0	0	0	0												0	0																	0																															
#	99.測試數值用怪																																			0	0	0	0																	0	0		0																													0	0																	0																															
	99001	3000	3900001			9900		測試用怪：防 0	測試用		小怪	0	無	平均	1	1	1	1	1	0	moba0060	1		1.3	0	0.1	0	0	50	50	100	25	1	2	17	1000000	1000000	0	0	20	20	0	0	10	0	20	0	0	0	0	0	0	0	0	0	0	0	100	0	0		0	0									0	0	0	1	3		9400050	9404010						EF0001	EF_die_01a	EF_ov_01a	0	0																	0																															
	99002	3000	3900002			9900		測試用怪：防 10	測試用		小怪	0	無	平均	1	1	1	1	1	0	moba0060	1		1.3	0	0.1	0	0	50	50	100	25	1	2	17	1000000	1000000	0	10	20	20	0	0	10	0	20	0	0	0	0	0	0	0	0	0	0	0	100	0	0		0	0									0	0	0	1	3		9400050	9404010						EF0001	EF_die_01a	EF_ov_01a	0	0																	0																															
	99003	3000	3900003			9900		測試用怪：防 50	測試用		小怪	0	無	平均	1	1	1	1	1	0	moba0060	1		1.3	0	0.1	0	0	50	50	100	25	1	2	17	1000000	1000000	0	50	20	20	0	0	10	0	20	0	0	0	0	0	0	0	0	0	0	0	100	0	0		0	0									0	0	0	1	3		9400050	9404010						EF0001	EF_die_01a	EF_ov_01a	0	0																	0																															
	99004	3000	3900004			9900		測試用怪：防 100	測試用		小怪	0	無	平均	1	1	1	1	1	0	moba0060	1		1.3	0	0.1	0	0	50	50	100	25	1	2	17	1000000	1000000	0	100	20	20	0	0	10	0	20	0	0	0	0	0	0	0	0	0	0	0	100	0	0		0	0									0	0	0	1	3		9400050	9404010						EF0001	EF_die_01a	EF_ov_01a	0	0																	0																															
	99005	3000	3900005			9900		測試用怪：風防 10	測試用		小怪	4	風	平均	1	1	1	1	1	0	moba0060	1		1.3	0	0.1	0	0	50	50	100	25	1	2	17	1000000	1000000	0	99999	20	20	0	0	10	0	20	0	0	0	0	40	0	0	0	10	0	0	100	0	0		0	0									0	0	0	1	3		9400050	9404010						EF0001	EF_die_01a	EF_ov_01a	0	0																	0																															
	99006	3000	3900006			9900		測試用怪：地防 10	測試用		小怪	1	地	平均	1	1	1	1	1	0	moba0060	1		1.3	0	0.1	0	0	50	50	100	25	1	2	17	1000000	1000000	0	99999	20	20	0	0	10	0	20	0	40	0	0	0	10	0	0	0	0	0	100	0	0		0	0									0	0	0	1	3		9400050	9404010						EF0001	EF_die_01a	EF_ov_01a	0	0																	0																															
	99007	3000	3900007			9900		測試用怪：水防 10	測試用		小怪	2	水	平均	1	1	1	1	1	0	moba0060	1		1.3	0	0.1	0	0	50	50	100	25	1	2	17	1000000	1000000	0	99999	20	20	0	0	10	0	20	0	0	40	0	0	0	10	0	0	0	0	100	0	0		0	0									0	0	0	1	3		9400050	9404010						EF0001	EF_die_01a	EF_ov_01a	0	0																	0																															
	99008	3000	3900008			9900		測試用怪：火防 10	測試用		小怪	3	火	平均	1	1	1	1	1	0	moba0060	1		1.3	0	0.1	0	0	50	50	100	25	1	2	17	1000000	1000000	0	99999	20	20	0	0	10	0	20	0	0	0	40	0	0	0	10	0	0	0	100	0	0		0	0									0	0	0	1	3		9400050	9404010						EF0001	EF_die_01a	EF_ov_01a	0	0																	0																															
	99009	3000	3900009			9900		測試用怪：風防 50	測試用		小怪	4	風	平均	1	1	1	1	1	0	moba0060	1		1.3	0	0.1	0	0	50	50	100	25	1	2	17	1000000	1000000	0	99999	20	20	0	0	10	0	20	0	0	0	0	40	0	0	0	50	0	0	100	0	0		0	0									0	0	0	1	3		9400050	9404010						EF0001	EF_die_01a	EF_ov_01a	0	0																	0																															
	99010	3000	3900010			9900		測試用怪：地防 50	測試用		小怪	1	地	平均	1	1	1	1	1	0	moba0060	1		1.3	0	0.1	0	0	50	50	100	25	1	2	17	1000000	1000000	0	99999	20	20	0	0	10	0	20	0	40	0	0	0	50	0	0	0	0	0	100	0	0		0	0									0	0	0	1	3		9400050	9404010						EF0001	EF_die_01a	EF_ov_01a	0	0																	0																															
	99011	3000	3900011			9900		測試用怪：水防 50	測試用		小怪	2	水	平均	1	1	1	1	1	0	moba0060	1		1.3	0	0.1	0	0	50	50	100	25	1	2	17	1000000	1000000	0	99999	20	20	0	0	10	0	20	0	0	40	0	0	0	50	0	0	0	0	100	0	0		0	0									0	0	0	1	3		9400050	9404010						EF0001	EF_die_01a	EF_ov_01a	0	0																	0																															
	99012	3000	3900012			9900		測試用怪：火防 50	測試用		小怪	3	火	平均	1	1	1	1	1	0	moba0060	1		1.3	0	0.1	0	0	50	50	100	25	1	2	17	1000000	1000000	0	99999	20	20	0	0	10	0	20	0	0	0	40	0	0	0	50	0	0	0	100	0	0		0	0									0	0	0	1	3		9400050	9404010						EF0001	EF_die_01a	EF_ov_01a	0	0																	0																															
	99013	3000	3900013			9900		測試用怪：風防 100	測試用		小怪	4	風	平均	1	1	1	1	1	0	moba0060	1		1.3	0	0.1	0	0	50	50	100	25	1	2	17	1000000	1000000	0	99999	20	20	0	0	10	0	20	0	0	0	0	40	0	0	0	100	0	0	100	0	0		0	0									0	0	0	1	3		9400050	9404010						EF0001	EF_die_01a	EF_ov_01a	0	0																	0																															
	99014	3000	3900014			9900		測試用怪：地防 100	測試用		小怪	1	地	平均	1	1	1	1	1	0	moba0060	1		1.3	0	0.1	0	0	50	50	100	25	1	2	17	1000000	1000000	0	99999	20	20	0	0	10	0	20	0	40	0	0	0	100	0	0	0	0	0	100	0	0		0	0									0	0	0	1	3		9400050	9404010						EF0001	EF_die_01a	EF_ov_01a	0	0																	0																															
	99015	3000	3900015			9900		測試用怪：水防 100	測試用		小怪	2	水	平均	1	1	1	1	1	0	moba0060	1		1.3	0	0.1	0	0	50	50	100	25	1	2	17	1000000	1000000	0	99999	20	20	0	0	10	0	20	0	0	40	0	0	0	100	0	0	0	0	100	0	0		0	0									0	0	0	1	3		9400050	9404010						EF0001	EF_die_01a	EF_ov_01a	0	0																	0																															
	99016	3000	3900016			9900		測試用怪：火防 100	測試用		小怪	3	火	平均	1	1	1	1	1	0	moba0060	1		1.3	0	0.1	0	0	50	50	100	25	1	2	17	1000000	1000000	0	99999	20	20	0	0	10	0	20	0	0	0	40	0	0	0	100	0	0	0	100	0	0		0	0									0	0	0	1	3		9400050	9404010						EF0001	EF_die_01a	EF_ov_01a	0	0																	0																															
	99101	3000	3900001			9900		掉寶用測試用怪	測試用		小怪	0	無	平均	1	1	1	1	1	0	moba0060	1		1.3	0	0.1	0	0	50	50	100	25	1	2	17	100	0	0	0	20	20	0	0	10	0	20	0	0	0	0	0	0	0	0	0	0	0	100	0	0		0	0									0	0	0	1	3		9400050	9404010						EF0001	EF_die_01a	EF_ov_01a	0	0	2	5621	1	5000	5622	1	5000	5623	1	5000	5624	1	5000				0																															
	99102	3000	3000013	兔子城	野外4	1014		圓球嘟嘟	毒霧兔	亂跑型怪	小怪	0	無	雷橫	20	20	20	1	1	1	moba0003a	0.8		1.3	0	0.1	0	0	100	100	100	60	106	5	10	10	10	0	274	61	55	0	0	20	0	58	0	0	0	0	0	0	0	0	0	0	0	100	99	800		1	1									800	800	800	10	3		9600050	9604010						EF0001	EF_die_01b	EF_ov_01a	10000	10000																	0																	--	0	--	0	--	0	--	0	--	0		0	0	0.00%	
	99103	3000	3300007	兔子城	野外段	1002		粉紅兔	粉紅兔	丟buf的怪	小怪	0	無	林沖	20	20	20	1	1	1	moba0001a	1		1.3	0	0.1	0	0	50	50	90	25	103	15	43	921	2610	95	284	60	64	0	0	20	0	58	0	0	0	0	0	268	268	268	268	0	0	100	0	100		0	0	3601001	1	100	3601002	1	100			150	330	300	9	3		9400050	9404010						EF0001	EF_die_01a	EF_ov_01a	17	2000	2				2602	1	10000										768																	--	0	20級藥水、消耗品組	85	--	0	--	0	--	0		85	85	100.00%	
	99104	3000	3300132	兔子城	野外4	1014		瘋狂蘿蔔飛車	鐵殼坦克兔	1.衝撞	小怪	0	無	雷橫	20	20	20	1	1	1	moba0002d	1		1.3	0	0.1	0	0	100	100	100	60	101	5	10	1105	2552	0	274	61	55	0	0	20	0	58	0	0	0	0	0	0	0	0	0	0	0	100	0	300		1	1	9290004	1	100	9290004	1	100			80	110	200	10	3		9600050	9604010						EF0001	EF_die_01b	EF_ov_01a	29	10000																	909																	--	0	--	0	--	0	--	0	--	0		29	0	0.00%	
	99105	3000	3000053	兔子城	魔王關	12		骷髏兔王跳跳	骷髏兔王跳跳	被召喚的怪	大BOSS	1	地	戴宗	25	20	20	1	1	1	mobb0001	2		1.3	0	0.1	0	0	150	150	300	90	6	343	1197	20124	3570	228	302	65	75	0	0	22	0	68	0	298	0	0	0	78	78	78	8	0	0	100	0	300	70	1	1	3200031	1	100	3200032	1	100			100	110	200	3600	3		9800050	9804010						EF0001	EF_die_01b	EF_ov_01a	9381	8000		2501	3	10000	2302	1	10000	13044	1	10000	23005	1	1000				8276																	變身糖果／彈珠組-兔王	381	20級武、防卷軸組	85	35級褲子組--綠	286	20級飾品／守護組--綠	7	--	0		"10,140"	759	1336.00%	
	99106	3000	3300002	兔子城	野外段	1001		混亂蝸	蝸牛	走慢逃很快	小怪	0	無	平均	20	20	20	1	1	1	moba0019	2.5		1.3	0	0.1	0	0	70	70	70	40	105	15	48	921	2900	128	263	58	58	0	0	20	0	58	0	0	0	0	0	289	289	289	289	0	0	100	0	100		0	0	4000001	2	100	3008022	1	100			50	550	100	9	3		9400050	9404010						EF0001	EF_die_01a	EF_ov_01a	17	2000	2				2602	1	10000										747																	--	0	20級藥水、消耗品組	85	--	0	--	0	--	0		85	85	100.00%	
	99107	3000	3300004	兔子城	野外段	1001		蘿蔔飛車	坦克兔	裝死逃很快	小怪	3	怕水	雷橫	20	20	20	1	1	1	moba0002	1		1.3	0	0.1	0	0	100	50	90	25	14	18	42	1105	2552	138	274	61	55	0	0	20	0	58	0	0	0	0	0	52	5	52	52	0	0	100	0	100		1	0	3004021	3	100	9905	1	100			150	450	300	9	3		9500050	9504010						EF0001	EF_die_01a	EF_ov_01a	17	2000	2				2602	1	10000										909																	--	0	20級藥水、消耗品組	85	--	0	--	0	--	0		85	85	100.00%	
	99108	3000	3300114	貓狗城	野外段	1021		黑心射手	逃兵	一受傷就逃的遠距攻擊	野外小怪	3	怕水	平均	20	20	20	1	1	1	moba9102a	1		1.3	0	0.1	0	0	50	50	80	30	102	30	96	1842	2900	128	263	58	58	0	0	20	0	58	0	0	0	0	0	54	5	54	54	0	0	100	0	150		1	1	3519041	1	100	3519042	1	100			125	350	250	9	3		9400050	9404010						EF0001	EF_die_01a	EF_ov_01a	74	8000	2				2602	1	10000	15025	1	1000	25005	1	100				1494																	--	0	20級藥水、消耗品組	85	20級帽子組--灰	10	20級飾品／守護組--綠	1	--	0		170	96	177.10%	
	99109	3000	3002409	大象城	副本段	24		憤怒坦克象	坦克象	衝來衝去	副本-小BOSS	0	無	林沖	23	20	20	1	1	1	moba0032d	0.6		1	0	0	0	0	200	200	200	120	5	45	239	5290	2880	192	314	67	70	0	0	21	0	64	0	0	0	0	0	296	296	296	296	0	0	160	10	400		1	1	9906	1	100	9906	1	100			100	110	200	1800	3		9400050	9404010					120	EF0001	EF_die_01b	EF_ov_01a	2142	8000		9501	1	10000	2102	1	10000	11025	1	1000	21005	1	100				1854																	一千兩銀票組　	6	20級藥水、消耗品組	85	20級帽子組--灰	10	20級飾品／守護組--綠	1	--	0		"2,244"	102	2200.00%	
#	99.AI 怪範例																																			0	0	0	0																	0	0		0																													0	0																	0																															
#		3000	3300132	兔子城	野外	1014		瘋狂蘿蔔飛車	鐵殼坦克兔	1.衝撞	小怪	0	無	雷橫	20	20	20	1	1	1	moba0002d	1		1.3	0	0.1	0	0	100	100	100	60	101	5	10					61	55	0	0	20	0	58	0	0	0	0	0	0	0	0	0	0	0	100		300		1	1	9290004	1	100						80	110	200	60	3		9600050	9604010						EF0001	EF_die_01b	EF_ov_01a																																				--	0	--	0	--	0	--	0	--	0		29	0	0.00%	
#		3000	3300114	貓狗城	野外	1021		黑心射手	逃兵	2.一有仇恨名單就遠距攻擊	小怪	3	怕水	平均	20	20	20	1	1	1	moba9102a	1		1.3	0	0.1	0	0	50	50	80	30	102	15	48					58	58	0	0	20	0	58	0	0	0	0	0	54	5	54	54	0	0	100		450		1	1	3519041	1	100	3519042	1	100			125	350	250	9	3		9400050	9404010						EF0001	EF_die_01a	EF_ov_01a			2				2602	1	10000	15025	1	1000	25005	1	100																					--	0	20級藥水、消耗品組	85	20級帽子組--灰	10	20級飾品／守護組--綠	1	--	0		85	96	88.50%	
#		3000	3300007	兔子城	野外	1002		粉紅兔	粉紅兔	3.干擾buf	小怪	0	無	林沖	20	20	20	1	1	1	moba0001a	1		1.3	0	0.1	0	0	50	50	90	25	103	15	43					60	64	0	0	20	0	58	0	0	0	0	0	268	268	268	268	0	0	100		100		0	0	3601001	1	100	3601002	1	100			150	330	300	9	3		9400050	9404010						EF0001	EF_die_01a	EF_ov_01a			2				2602	1	10000																											--	0	20級藥水、消耗品組	85	--	0	--	0	--	0		85	85	100.00%	
#		3000	3300004	兔子城	野外	1001		蘿蔔飛車	坦克兔	4.裝死	小怪	3	怕水	雷橫	20	20	20	1	1	1	moba0002	1		1.3	0	0.1	0	0	100	50	90	25	104	18	42					61	55	0	0	20	0	58	0	0	0	0	0	52	5	52	52	0	0	100		100		1	0	3004021	5	100	9905	1	100			100	110	200	9	3		9500050	9504010						EF0001	EF_die_01a	EF_ov_01a			2				2602	1	10000																											--	0	20級藥水、消耗品組	85	--	0	--	0	--	0		85	85	100.00%	
#		3000	3300002	兔子城	野外	1001		混亂蝸	蝸牛	5.速逃	小怪	0	無	雷橫	20	20	20	1	1	1	moba0019	2.5		1.3	0	0.1	0	0	70	70	70	40	105	18	42					61	55	0	0	20	0	58	0	0	0	0	0	278	278	278	278	0	0	100		100		0	0	4000001	2	100	3008022	1	100			100	350	200	9	3		9400050	9404010						EF0001	EF_die_01a	EF_ov_01a			2				2602	1	10000																											--	0	20級藥水、消耗品組	85	--	0	--	0	--	0		85	85	100.00%	
#		3000	3000013	兔子城	野外	1014		圓球嘟嘟	毒霧兔	6.亂跑型怪	小怪	0	無	雷橫	20	20	20	1	1	1	moba0003a	0.8		1.3	0	0.1	0	0	100	100	100	60	106	5	10					61	55	0	0	20	0	58	0	0	0	0	0	0	0	0	0	0	0	100		100		0	1									800	800	800	10	3		9600050	9604010						EF0001	EF_die_01b	EF_ov_01a																																				--	0	--	0	--	0	--	0	--	0		85	0	0.00%	
#		3000	3300065	兔子城	野外	1013		紅蜻蜓	蜻蜓	7.一碰就快逃	小怪	0	無	平均	20	20	20	1	1	1	moba9104	2		1.3	0	0.1	0	0	60	60	120	30	107	15	48					58	58	0	0	20	0	58	0	0	0	0	0	289	289	289	289	0	0	100		100		0	0	4000001	1	100	4000005	1	100			100	350	200	9	3		9400050	9404010						EF0001	EF_die_01a	EF_ov_01a			2				2602	1	10000	15025	1	1000	25005	1	100																					--	0	20級藥水、消耗品組	85	20級帽子組--灰	10	20級飾品／守護組--綠	1	--	0		85	96	88.50%	
