#	Id	ClassId								GfxId	NameStringId	DescStringId	DisplayLV	DisplayOrder	SkillKind	SkillGroupId	CoolDownTimeBySkillGroup	CoolDownTime		HP	MP	ToCoverOverSkillId	ItemPresetId	ItemCount	GamePointCost	Hate	CanNotBeInterrupted	CanNotBeForbiddenByBUFF	CanNotBeForbiddenByVehicle	Harmful	HurtDurability	UseToSelf	UseToTeamMember	UseToPlayer	UseToEnemy	Attack_HP	Attack_MP	Restore_HP	Restore_MP	DynamicAttackValueRate	SkillGroundPower	SkillWaterPower	SkillFirePower	SkillWindPower	DamageRate	SkillCalePresetId	BufferPresetId	UseBBox	Front	Back	Left	Right	Up	Down	AttackOffset	BulletModel	BulletOffset_x	BulletOffset_y	BulletOffset_z	LiveTime	Distance		BulletCount	BulletAttackCooldown	BulletScale	Penetration	Charge	ChargeDistance	ChargeDuration	KickOut	KickOutDistance	SkillAnmTime	AttackDeltaCheckTime	AchilleanTimeByMs	FightAnm	FightEffectName	HitHurtAnm	SkillHurtEffectName	SoundId	HitSoundId	UnHitSoundId	UseSkillScript	SkillHitScript	UseSkillScriptByAllClient	SkillHitScriptByAllClient	UseSkillScriptByServer	SkillHitScriptByServer	SkillExActKind	SkillExActKindValue1	SkillExActKindValue2	SkillExActKindValue3	SkillExActKindValue4	SkillExActKindValue5
# 強度參考								130%																														2	3						500																																																
#	技能編號	程式分辨用ID，固定填 8000	備注：技能名稱	備注：使用角色	備注：技能類型	備注：Skill強度/MOB層級	備注：相關說明	備注：參考數值或什麼的	備注：使用者等級	圖示	技能名稱字串ID	技能描述String ID	顯示用技能階層	顯示用順位	技能種類	技能群組id	群組冷卻時間	冷卻 (ms)	備注：狀態持續時間參考(ms)	使用技能時需要消耗HP	使用技能時需要消耗MP	覆蓋掉的skillid	使用技能時需要消耗的物品ID	發一次技能要消耗多少需求物品	需求的GamePoint (金錢)	仇恨值	技能施展時能夠「不被中斷」	是否扺抗封印	騎乘時是否可以施展	是否為傷害性 (負面)技能	傷害耐久值	作用於自己	作用於隊友	作用於玩家	作用於敵方	攻擊威力 (-HP)	攻擊威力 (-MP)	回復HP	回復MP	攻擊值浮動值	技能的土屬威力	技能的水屬威力	技能的火屬威力	技能的風屬威力	傷害比例％	技能攻擊力另參考PC屬性的公式PresetID	技能附加Buffer的PresetID	強制使用Bbox判斷傷害範圍	傷害範圍的前長	傷害範圍的後長	傷害範圍的左寬	傷害範圍的右寬	傷害範圍的上半	傷害範圍的下半	攻擊點偏移 (x y z)	傷害範圍使用的子彈特效ID	子彈的偏移值X (左右)	子彈的偏移值Y (高度)	子彈的偏移值Z (前後)	子彈存活時間 (ms)	子彈的移動距離	子彈膠囊長度	攻擊次數／子彈數量	子彈／攻擊掃瞄間隔 (ms)	子彈縮放	有穿透性的	向前衝刺	角色向前衝撞距離	衝刺移動所需時間 (ms)	踼飛	目標被踼飛距離	動作撥放時間長度 (ms)	攻擊延後Check時間 (ms)	技能使用途中無敵的時間 (ms)	攻擊動作 (字串)	攻擊時播放特效 (字串)	專屬受擊動作 (字串)	技能擊中受傷特效 (字串)	出招音效 id	擊中音效 id	未擊中音效 id	「使用此技能」時，Client被呼叫的Script	技能「命中敵人」時，Client被呼叫的Script 子彈型的攻擊無法觸發命中的Script！	"不限主玩家 (所有玩家)使用技能時發動 Client Script 
"	不限主玩家 (所有玩家)技能擊中時發動 Client Script 子彈型的攻擊無法觸發命中的Script！	使用技能時發動 Server Script 	技能擊中時發動 Server Script 子彈型的攻擊無法觸發命中的Script！	技能的特殊功能ID：1.學習技能；2增加物品；3傳送使用	每一個特殊種類可以引發不同的值進去，會依所作用的種類填入不同的值。	每一個特殊種類可以引發不同的值進去，會依所作用的種類填入不同的值。	每一個特殊種類可以引發不同的值進去，會依所作用的種類填入不同的值。	每一個特殊種類可以引發不同的值進去，會依所作用的種類填入不同的值。	每一個特殊種類可以引發不同的值進去，會依所作用的種類填入不同的值。
# PC普通攻擊：科目0-種類00-角色0-項目00-等級00																																																																																													
# 0000000~0004999 為PC技能																																																																																													
	101	8000	林沖基本攻擊	1.林沖	連擊技能	90%	四連擊	117%	1							0												1	0	1	1				1	10	0			2	1	1	1	1	120	101		1	150	20	75	75	50									0	1			1	0	0	0	0	0	500	100		2010		4010	EF0001	12010				Camzoom_02					0					
	102	8000	林沖第二段攻擊	1.林沖	連擊技能	100%	四連擊	130%	2							0												1	0	1	1				1	10	0			3	1	1	1	1	130	102		1	150	20	75	75	50									0	1			1	0	0	0	0	0	500	100		2020		4010	EF0001	12020									0					
	103	8000	林沖第三段攻擊	1.林沖	連擊技能	110%	四連擊	143%	10							0												0	0	1	1				1	10	0			5	1	1	1	1	140	103		1	120	75	75	75	50									0	1			1	1	150	100	1	100	500	100		2030	PUSH	4012	EF0001	12030				Skill_Basic					0					
	104	8000	林沖第四段攻擊	1.林沖	連擊技能	110%	四連擊	143%	20							0												0	0	1	1				1	10	0			10	1	1	1	1	290	104		1	180	120	150	150	50									0	1			1	0	0	0	1	200	1000	400		2033		4013	EF0001	12033									0					
	201	8000	雷橫基本攻擊	2.雷橫	連擊技能	90%	四連擊	117%	1							0												1	0	1	1				1	10	0			2	1	1	1	1	100	201		1	120	20	40	40	50									0	1			1	0	0	0	0	0	433	100		2010		4010	EF0001	22010				Camzoom_02					0					
	202	8000	雷橫第二段攻擊	2.雷橫	連擊技能	100%	四連擊	130%	2							0												1	0	1	1				1	10	0			3	1	1	1	1	110	202		1	120	20	40	40	50									0	1			1	0	0	0	0	0	433	100		2020		4010	EF0001	22020									0					
	203	8000	雷橫第三段攻擊	2.雷橫	連擊技能	110%	四連擊	143%	10							0												0	0	1	1				1	10	0			5	1	1	1	1	140	203		1	120	75	50	50	50									0	1			1	1	150	200	1	150	500	100		2030	PUSH	4012	EF0001	22030				Skill_Basic					0					
	204	8000	雷橫第四段攻擊	2.雷橫	連擊技能	110%	四連擊	143%	20							0												0	0	1	1				1	10	0			10	1	1	1	1	240	204		1	120	120	120	120	50									0	1			1	0	0	0	1	200	833	400		2033		4013	EF0001	22033									0					
	301	8000	孫二娘基本攻擊	3.孫二娘	連擊技能	90%	法師遠射	117%	1							0												1	0	1	1				1	10	0			2	1	1	1	1	60	301		1	75	75	75	75	50			S03603001d			100	1500	0	0	1	800	0.4	1	0	0	0	0	0	500	0		2014		4010	EF0401	32014				Camzoom_02					0					
	302	8000	孫二娘第二段攻擊	3.孫二娘	連擊技能	100%	法師遠射	130%	2							0												1	0	1	1				1	10	0			3	1	1	1	1	70	302		1	75	75	75	75	50			S03603001			100	1500	0	0	1	800	0.55	1	0	0	0	0	0	500	0		2015		4010	EF0401	32015									0					
	303	8000	孫二娘第三段攻擊	3.孫二娘	連擊技能	110%	法師遠射	143%	10							0												0	0	1	1				1	10	0			5	1	1	1	1	110	303		1	75	75	75	75	50			S03603001c			100	1500	0	0	1	800	0.7	1	0	0	0	0	0	767	0		2034	PUSH	4012	EF0401	32034									0					
	304	8000	孫二娘第四段攻擊	3.孫二娘	連擊技能	110%	法師遠射	143%	20							0												0	0	1	1				1	10	0			10	1	1	1	1	290	304		1	75	100	75	75	50								0	0	1			1	1	100	500	1	100	1000	500		2033		4013	EF0401	32033			Skill_Basic						0					
	401	8000	戴宗基本攻擊	4.戴宗	連擊技能	90%	射擊	117%	1							0												1	0	1	1				1	10	0			2	1	1	1	1	80	401		1	300	20	75	75	50									0	2	200		1	0	0	0	0	0	667	200		2013			EF0001	42010				Camzoom_02					0					
	402	8000	戴宗第二段攻擊	4.戴宗	連擊技能	100%	射擊	130%	2							0												1	0	1	1				1	10	0			3	1	1	1	1	90	402		1	300	20	75	75	50									0	2	200		1	0	0	0	0	0	667	200		2022			EF0001	42020									0					
	403	8000	戴宗第三段攻擊	4.戴宗	連擊技能	110%	射擊	143%	10							0												0	0	1	1				1	10	0			5	1	1	1	1	140	403		1	180	50	75	75	50									0	1			1	1	150	200	1	200	500	0		2030	PUSH	4012	EF0001	42030				Skill_Basic					0					
	404	8000	戴宗第四段攻擊	4.戴宗	連擊技能	110%	射擊	143%	20							0												0	0	1	1				1	10	0			10	1	1	1	1	140	404		1	250	150	75	75	50									0	2	200		1	1	250	500	1	250	1000	200		2011		4013	EF0001	42011									0					
	501	8000	史進基本攻擊	5.史進	連擊技能	90%	四連擊	117%	1							0												1	0	1	1				1	10	0			2	1	1	1	1	120	501		1	160	20	75	75	50									0	1			1	0	0	0	0	0	500	100		2010		4010	EF0001	52010				Camzoom_02					0					
	502	8000	史進第二段攻擊	5.史進	連擊技能	100%	四連擊	130%	2							0												1	0	1	1				1	10	0			3	1	1	1	1	130	502		1	160	20	75	75	50									0	1			1	0	0	0	0	0	500	100		2020		4010	EF0001	52020									0					
	503	8000	史進第三段攻擊	5.史進	連擊技能	110%	四連擊	143%	10							0												0	0	1	1				1	10	0			5	1	1	1	1	140	503		1	120	75	75	75	50									0	1			1	1	150	200	1	150	500	100		2030	PUSH	4012	EF0001	52030				Skill_Basic					0					
	504	8000	史進第四段攻擊	5.史進	連擊技能	110%	四連擊	143%	20							0												0	0	1	1				1	10	0			10	1	1	1	1	290	504		1	180	120	150	150	50									0	1			1	0	0	0	1	200	1000	500		2032		4013	EF0001	52032									0					
	601	8000	李逵基本攻擊	6.李逵	連擊技能	90%	四連擊	117%	1							0												1	0	1	1				1	10	0			2	1	1	1	1	160	601		1	130	20	60	60	50									0	1			1	0	0	0	0	0	667	200		2010		10	EF0001	62010				Camzoom_02					0					
	602	8000	李逵第二段攻擊	6.李逵	連擊技能	100%	四連擊	130%	2							0												1	0	1	1				1	10	0			3	1	1	1	1	170	602		1	110	20	60	60	50									0	1			1	0	0	0	0	0	667	200		2020		4010	EF0001	62020									0					
	603	8000	李逵第三段攻擊	6.李逵	連擊技能	110%	四連擊	143%	10							0												0	0	1	1				1	10	0			5	1	1	1	1	140	603		1	120	100	75	75	50									0	1			1	1	150	200	1	150	500	100		2030	PUSH	4012	EF0001	62030				Skill_Basic					0					
	604	8000	李逵第四段攻擊	6.李逵	連擊技能	110%	四連擊	143%	20							0												0	0	1	1				1	10	0			10	1	1	1	1	290	604		1	120	120	120	120	50									0	1			1	0	0	0	1	200	1000	500		2032		4013	EF0001	62032									0					
	701	8000	顧大嫂基本攻擊	7.顧大嫂	連擊技能	90%	四連擊	117%	1							0												1	0	1	1				1	10	0			2	1	1	1	1	120	701		1	120	20	60	60	50									0	1			1	0	0	0	0	0	500	100		2010		4010	EF0001	72010				Camzoom_02					0					
	702	8000	顧大嫂第二段攻擊	7.顧大嫂	連擊技能	100%	四連擊	130%	2							0												1	0	1	1				1	10	0			3	1	1	1	1	130	702		1	120	20	60	60	50									0	1			1	0	0	0	0	0	500	100		2020		4010	EF0001	72020									0					
	703	8000	顧大嫂第三段攻擊	7.顧大嫂	連擊技能	110%	四連擊	143%	10							0												0	0	1	1				1	10	0			5	1	1	1	1	140	703		1	120	100	50	50	50									0	1			1	1	150	200	1	150	500	100		2030	PUSH	4012	EF0001	72030				Skill_Basic					0					
	704	8000	顧大嫂第四段攻擊	7.顧大嫂	連擊技能	110%	四連擊	143%	20							0												0	0	1	1				1	10	0			10	1	1	1	1	260	704		1	180	120	150	150	50									0	1			1	0	0	0	1	200	900	500		2032		4013	EF0001	72032									0					
	801	8000	花榮基本攻擊	8.花榮	連擊技能	95%	連射	124%	1							0												1	0	1	1				1	10	0			2	1	1	1	1	160	801		1	1	0	40	40	10	10		S08601001		30	50	600	400	100	1	150	1	1	0	0	0	0	0	650	200		2010		4010	EF0001	82010									0					
	802	8000	花榮第二段攻擊	8.花榮	連擊技能	110%	連射	143%	2							0												1	0	1	1				1	10	0			3	1	1	1	1	190	802		1	1	0	40	40	10	10		S08602001		30	50	600	400	100	1	150	1	1	0	0	0	0	0	650	200		2010		4010	EF0001	82010									0					
	803	8000	花榮第三段攻擊	8.花榮	連擊技能	120%	連射	156%	10							0												0	0	1	1				1	10	0			5	1	1	1	1	200	803		1	1	0	50	50	10	10		S08603001		30	50	600	400	100	1	150	1	1	0	0	0	0	0	650	200		2010		4012	EF0001	82010									0					
	804	8000	花榮第四段攻擊	8.花榮	連擊技能	130%	連射	169%	20							0												0	0	1	1				1	10	0			10	1	1	1	1	220	804		1	1	0	60	60	10	10		S08603201		30	50	600	400	100	1	150	1	1	0	0	0	0	0	650	200		2010		4013	EF0001	82010									0					
# 0005001~0006999 變身後連擊技能						120%																																																																																							
	5101	8000	跳跳基本攻擊	0.共用	連擊技能	108%	四連擊	140%	20							0												1	0	1	1				1	5220	0			2					140	5101		1	150	20	75	75	50									0	1			1	0	0	0	0	0	500	100		2010		10	EF0001	2010				Camzoom_02					0					
	5102	8000	跳跳第二段攻擊	0.共用	連擊技能	120%	四連擊	156%	20							0												1	0	1	1				1	5220	0			3					160	5102		1	150	20	75	75	50									0	1			1	0	0	0	0	0	500	100		2020		4010	EF0001	2020									0					
	5103	8000	跳跳第三段攻擊	0.共用	連擊技能	132%	四連擊	172%	20							0												1	0	1	1				1	5220	0			5					170	5103		1	120	20	75	75	50									0	1			1	1	150	200	1	150	500	100		2030		4012	EF0001	2030				Skill_Basic					0					
	5104	8000	跳跳第四段攻擊	0.共用	連擊技能	150%	四連擊	195%	20							0												1	0	1	1				1	5220	0			10					120	5104		1	160	160	160	160	50									0	3	100		1	0	0	0	1	200	900	50		2032		4013	EF0001	2032									0					
	5201	8000	象王基本攻擊	0.共用	連擊技能	108%	四連擊	140%	30							0												1	0	1	1				1	10881	0			2					140	5201		1	150	20	75	75	50									0	1			1	0	0	0	0	0	500	100		2010		10	EF0001	2010				Camzoom_02					0					
	5202	8000	象王第二段攻擊	0.共用	連擊技能	120%	四連擊	156%	30							0												1	0	1	1				1	10881	0			3					160	5202		1	150	20	75	75	50									0	1			1	0	0	0	0	0	500	100		2020		4010	EF0001	2020									0					
	5203	8000	象王第三段攻擊	0.共用	連擊技能	132%	四連擊	172%	30							0												1	0	1	1				1	10881	0			5					170	5203		1	120	20	75	75	50									0	1			1	1	150	200	1	150	500	100		2030		4012	EF0001	2030				Skill_Basic					0					
	5204	8000	象王第四段攻擊	0.共用	連擊技能	150%	四連擊	195%	30							0												1	0	1	1				1	10881	0			10					350	5204		1	150	150	150	150	50									0	1			1	0	0	0	1	200	900	300		2032		4013	EF0001	2032									0					
	5301	8000	彪王基本攻擊	0.共用	連擊技能	108%	四連擊	140%	40							0												1	0	1	1				1	19551	0			2					140	5301		1	180	20	75	75	50									0	1			1	0	0	0	0	0	500	100		2010		10	EF0001	2010				Camzoom_02					0					
	5302	8000	彪王第二段攻擊	0.共用	連擊技能	120%	四連擊	156%	40							0												1	0	1	1				1	19551	0			3					160	5302		1	180	20	75	75	50									0	1			1	0	0	0	0	0	500	100		2020		4010	EF0001	2020									0					
	5303	8000	彪王第三段攻擊	0.共用	連擊技能	132%	四連擊	172%	40							0												1	0	1	1				1	19551	0			5					210	5303		1	120	20	75	75	50									0	1			1	1	150	200	1	150	600	100		2030		4012	EF0001	2030				Skill_Basic					0					
	5304	8000	彪王第四段攻擊	0.共用	連擊技能	180%	四連擊	234%	40							0												1	0	1	1				1	19551	0			10					180	5304		1	270	20	80	80	50									0	2	100		1	0	0	0	1	200	900	300		2032		4013	EF0001	2032									0					
	5401	8000	駱駝王基本攻擊	0.共用	連擊技能	108%	四連擊	140%	40							0												1	0	1	1				1	19551	0			2					140	5401		1	150	20	75	75	50									0	1			1	0	0	0	0	0	500	100		2010		10	EF0001	2010				Camzoom_02					0					
	5402	8000	駱駝王第二段攻擊	0.共用	連擊技能	120%	四連擊	156%	40							0												1	0	1	1				1	19551	0			3					160	5402		1	200	20	100	100	50									0	1			1	0	0	0	0	0	500	100		2020		4010	EF0001	2020									0					
	5403	8000	駱駝王第三段攻擊	0.共用	連擊技能	132%	四連擊	172%	40							0												1	0	1	1				1	19551	0			5					170	5403		1	120	20	75	75	50									0	1			1	1	150	200	1	150	500	100		2030		4012	EF0001	2030				Skill_Basic					0					
	5404	8000	駱駝王第四段攻擊	0.共用	連擊技能	180%	四連擊	234%	40							0												1	0	1	1				1	19551	0			10					350	5404		1	250	20	75	75	50									0	1			1	0	0	0	1	200	900	400		2032		4013	EF0001	2032									0					
	5501	8000	鷹王基本攻擊	0.共用	連擊技能	108%	四連擊	140%	50							0												1	0	1	1				1	32037	0			2					140	5501		1	120	20	75	75	50									0	1			1	0	0	0	0	0	500	100		2010		10	EF0001	2010				Camzoom_02					0					
	5502	8000	鷹王第二段攻擊	0.共用	連擊技能	120%	四連擊	156%	50							0												1	0	1	1				1	32037	0			3					160	5502		1	120	20	75	75	50									0	1			1	0	0	0	0	0	500	100		2020		4010	EF0001	2020									0					
	5503	8000	鷹王第三段攻擊	0.共用	連擊技能	132%	四連擊	172%	50							0												1	0	1	1				1	32037	0			5					170	5503		1	120	20	75	75	50									0	1			1	1	150	200	1	150	500	100		2030		4012	EF0001	2030				Skill_Basic					0					
	5504	8000	鷹王第四段攻擊	0.共用	連擊技能	180%	四連擊	234%	50							0												1	0	1	1				1	32037	0			10					350	5504		1	150	40	100	100	50									0	1			1	0	0	0	1	200	900	500		2032		4013	EF0001	2032									0					
	5601	8000	跳跳基本攻擊	0.共用	連擊技能	108%	四連擊	140%	50							0												1	0	1	1				1	32037	0			2					140	5601		1	180	20	75	75	50									0	1			1	0	0	0	0	0	500	100		2010		10	EF0001	2010				Camzoom_02					0					
	5602	8000	跳跳第二段攻擊	0.共用	連擊技能	120%	四連擊	156%	50							0												1	0	1	1				1	32037	0			3					160	5602		1	180	20	75	75	50									0	1			1	0	0	0	0	0	500	100		2020		4010	EF0001	2020									0					
	5603	8000	跳跳第三段攻擊	0.共用	連擊技能	132%	四連擊	172%	50							0												1	0	1	1				1	32037	0			5					170	5603		1	120	20	75	75	50									0	1			1	1	150	200	1	150	500	100		2030		4012	EF0001	2030				Skill_Basic					0					
	5604	8000	跳跳第四段攻擊	0.共用	連擊技能	180%	四連擊	234%	50							0												1	0	1	1				1	32037	0			10					90	5604		1	200	50	80	80	50									0	3	100		1	0	0	0	1	200	800	300		2032		4013	EF0001	2032									0					
	6101	8000	變身PC-林沖基本攻擊	1.林沖	連擊技能	108%	四連擊	140%	20							0												1	0	1	1				1	5220	0			2					140	6101		1	150	20	75	75	50									0	1			1	0	0	0	0	0	500	100		2010		4010	EF0001	12010				Camzoom_02					0					
	6102	8000	變身PC-林沖第二段攻擊	1.林沖	連擊技能	120%	四連擊	156%	20							0												1	0	1	1				1	5220	0			3					160	6102		1	150	20	75	75	50									0	1			1	0	0	0	0	0	500	100		2020		4010	EF0001	12020									0					
	6103	8000	變身PC-林沖第三段攻擊	1.林沖	連擊技能	132%	四連擊	172%	20							0												1	0	1	1				1	5220	0			5					170	6103		1	120	75	75	75	50									0	1			1	1	150	100	1	100	500	100		2030	PUSH	4012	EF0001	12030				Skill_Basic					0					
	6104	8000	變身PC-林沖第四段攻擊	1.林沖	連擊技能	132%	四連擊	172%	20							0												1	0	1	1				1	5220	0			10					340	6104		1	180	120	150	150	50									0	1			1	0	0	0	1	200	1000	400		2033		4013	EF0001	12033									0					
	6201	8000	變身PC-雷橫基本攻擊	2.雷橫	連擊技能	108%	四連擊	140%	30							0												1	0	1	1				1	10881	0			2					120	6201		1	120	20	40	40	50									0	1			1	0	0	0	0	0	433	100		2010		4010	EF0001	22010				Camzoom_02					0					
	6202	8000	變身PC-雷橫第二段攻擊	2.雷橫	連擊技能	120%	四連擊	156%	30							0												1	0	1	1				1	10881	0			3					140	6202		1	120	20	40	40	50									0	1			1	0	0	0	0	0	433	100		2020		4010	EF0001	22020									0					
	6203	8000	變身PC-雷橫第三段攻擊	2.雷橫	連擊技能	132%	四連擊	172%	30							0												1	0	1	1				1	10881	0			5					170	6203		1	120	20	50	50	50									0	1			1	1	150	200	1	150	500	100		2030	PUSH	4012	EF0001	22030				Skill_Basic					0					
	6204	8000	變身PC-雷橫第四段攻擊	2.雷橫	連擊技能	132%	四連擊	172%	30							0												1	0	1	1				1	10881	0			10					290	6204		1	120	120	120	120	50									0	1			1	0	0	0	1	200	833	400		2033		4013	EF0001	22033									0					
	6301	8000	變身PC-孫二娘基本攻擊	3.孫二娘	連擊技能	108%	法師遠射	140%	40							0												1	0	1	1				1	19551	0			2					140	6301		1	75	75	75	75	50			S03603001d			100	1500	0	0	1	800	0.4	1	0	0	0	0	0	500	0		2014		4010	EF0401	32014				Camzoom_02					0					
	6302	8000	變身PC-孫二娘第二段攻擊	3.孫二娘	連擊技能	120%	法師遠射	156%	40							0												1	0	1	1				1	19551	0			3					160	6302		1	75	75	75	75	50			S03603001			100	1500	0	0	1	800	0.55	1	0	0	0	0	0	500	0		2015		4010	EF0401	32015									0					
	6303	8000	變身PC-孫二娘第三段攻擊	3.孫二娘	連擊技能	132%	法師遠射	172%	40							0												1	0	1	1				1	19551	0			5					260	6303		1	75	75	75	75	50			S03603001c			100	1500	0	0	1	800	0.7	1	0	0	0	0	0	767	0		2034	PUSH	4012	EF0401	32034			Skill_Basic						0					
	6304	8000	變身PC-孫二娘第四段攻擊	3.孫二娘	連擊技能	132%	法師遠射	172%	40							0												1	0	1	1				1	19551	0			10					340	6304		1	75	100	75	75	50								0	0	1			1	1	100	500	1	100	1000	500		2033		4013	EF0401	32033									0					
	6401	8000	變身PC-戴宗基本攻擊	4.戴宗	連擊技能	108%	射擊	140%	40							0												1	0	1	1				1	19551	0			2					90	6401		1	300	20	75	75	50									0	2	200		1	0	0	0	0	0	667	200		2013			EF0001	42010				Camzoom_02					0					
	6402	8000	變身PC-戴宗第二段攻擊	4.戴宗	連擊技能	120%	射擊	156%	40							0												1	0	1	1				1	19551	0			3					100	6402		1	300	20	75	75	50									0	2	200		1	0	0	0	0	0	667	200		2022			EF0001	42020									0					
	6403	8000	變身PC-戴宗第三段攻擊	4.戴宗	連擊技能	132%	射擊	172%	40							0												1	0	1	1				1	19551	0			5					170	6403		1	180	50	75	75	50									0	1			1	1	150	200	1	200	500	0		2030	PUSH	4012	EF0001	42030				Skill_Basic					0					
	6404	8000	變身PC-戴宗第四段攻擊	4.戴宗	連擊技能	132%	射擊	172%	40							0												1	0	1	1				1	19551	0			10					170	6404		1	250	150	75	75	50									0	2	200		1	1	250	500	1	250	1000	200		2011		4013	EF0001	42011									0					
	6501	8000	變身PC-史進基本攻擊	5.史進	連擊技能	108%	四連擊	140%	50							0												1	0	1	1				1	32037	0			2					140	6501		1	160	20	75	75	50									0	1			1	0	0	0	0	0	500	100		2010		4010	EF0001	52010				Camzoom_02					0					
	6502	8000	變身PC-史進第二段攻擊	5.史進	連擊技能	120%	四連擊	156%	50							0												1	0	1	1				1	32037	0			3					160	6502		1	160	20	75	75	50									0	1			1	0	0	0	0	0	500	100		2020		4010	EF0001	52020									0					
	6503	8000	變身PC-史進第三段攻擊	5.史進	連擊技能	132%	四連擊	172%	50							0												1	0	1	1				1	32037	0			5					170	6503		1	120	75	75	75	50									0	1			1	1	150	200	1	150	500	100		2030	PUSH	4012	EF0001	52030				Skill_Basic					0					
	6504	8000	變身PC-史進第四段攻擊	5.史進	連擊技能	132%	四連擊	172%	50							0												1	0	1	1				1	32037	0			10					340	6504		1	180	120	150	150	50									0	1			1	0	0	0	1	200	1000	500		2032		4013	EF0001	52032									0					
	6601	8000	變身PC-李逵基本攻擊	6.李逵	連擊技能	108%	四連擊	140%	50							0												1	0	1	1				1	32037	0			2					190	6601		1	130	20	60	60	50									0	1			1	0	0	0	0	0	667	200		2010		10	EF0001	62010				Camzoom_02					0					
	6602	8000	變身PC-李逵第二段攻擊	6.李逵	連擊技能	120%	四連擊	156%	50							0												1	0	1	1				1	32037	0			3					210	6602		1	110	20	60	60	50									0	1			1	0	0	0	0	0	667	200		2020		4010	EF0001	62020									0					
	6603	8000	變身PC-李逵第三段攻擊	6.李逵	連擊技能	132%	四連擊	172%	50							0												1	0	1	1				1	32037	0			5					170	6603		1	120	100	75	75	50									0	1			1	1	150	200	1	150	500	100		2030	PUSH	4012	EF0001	62030				Skill_Basic					0					
	6604	8000	變身PC-李逵第四段攻擊	6.李逵	連擊技能	132%	四連擊	172%	50							0												1	0	1	1				1	32037	0			10					340	6604		1	120	120	120	120	50									0	1			1	0	0	0	1	200	1000	500		2032		4013	EF0001	62032									0					
	6701	8000	變身PC-顧大嫂基本攻擊	7.顧大嫂	連擊技能	108%	四連擊	140%	20							0												1	0	1	1				1	5220	0			2					140	6701		1	120	20	60	60	50									0	1			1	0	0	0	0	0	500	100		2010		4010	EF0001	72010				Camzoom_02					0					
	6702	8000	變身PC-顧大嫂第二段攻擊	7.顧大嫂	連擊技能	120%	四連擊	156%	20							0												1	0	1	1				1	5220	0			3					160	6702		1	120	20	60	60	50									0	1			1	0	0	0	0	0	500	100		2020		4010	EF0001	72020									0					
	6703	8000	變身PC-顧大嫂第三段攻擊	7.顧大嫂	連擊技能	132%	四連擊	172%	20							0												1	0	1	1				1	5220	0			5					170	6703		1	120	100	50	50	50									0	1			1	1	150	200	1	150	500	100		2030	PUSH	4012	EF0001	72030				Skill_Basic					0					
	6704	8000	變身PC-顧大嫂第四段攻擊	7.顧大嫂	連擊技能	132%	四連擊	172%	20							0												1	0	1	1				1	5220	0			10					310	6704		1	180	120	150	150	50									0	1			1	0	0	0	1	200	900	500		2032		4013	EF0001	72032									0					
	6801	8000	變身PC-花榮基本攻擊	8.花榮	連擊技能	114%	連射	148%	30							0												1	0	1	1				1	10881	0			2					150	6801		1	1	0	40	40	10	10		S08601001		30	50	600	400	100	1	150	1	1	0	0	0	0	0	500	200		2010		4010	EF0001	82010									0					
	6802	8000	變身PC-花榮第二段攻擊	8.花榮	連擊技能	132%	連射	172%	30							0												1	0	1	1				1	10881	0			3					170	6802		1	1	0	40	40	10	10		S08602001		30	50	600	400	100	1	150	1	1	0	0	0	0	0	500	200		2010		4010	EF0001	82010									0					
	6803	8000	變身PC-花榮第三段攻擊	8.花榮	連擊技能	144%	連射	187%	30							0												1	0	1	1				1	10881	0			5					190	6803		1	1	0	50	50	10	10		S08603001		30	50	600	400	100	1	150	1	1	0	0	0	0	0	500	200		2010		4012	EF0001	82010			Skill_Basic						0					
	6804	8000	變身PC-花榮第四段攻擊	8.花榮	連擊技能	156%	連射	203%	30							0												1	0	1	1				1	10881	0			10					200	6804		1	1	0	60	60	10	10		S08603201		30	50	600	400	100	1	150	1	1	0	0	0	0	0	500	200		2010		4013	EF0001	82010									0					
	6901	8000	變身砲車基本攻擊	0.共用	連擊技能	90%	連射	117%	30							0												1	0	1	1				1	10881	0			2					230	6701		1	10	0	50	50	10	100		SEF20012		90	70	1500	800	80	1	150	3	1	0	0	0	1	150	1000	550		6010		4013	EF0201	12706010									0					
	6902	8000	變身砲車二段攻擊	0.共用	連擊技能	100%	連射	130%	30							0												1	0	1	1				1	10881	0			3					260	6702		1	10	0	60	60	10	100		SEF20012		90	70	1400	800	86	1	150	4	1	0	0	0	1	150	1000	550		6010		4013	EF0201	12706010									0					
	6903	8000	變身砲車三段攻擊	0.共用	連擊技能	110%	連射	143%	30							0												1	0	1	1				1	10881	0			5					290	6703		1	10	0	70	70	10	100		SEF20012		90	70	1300	800	92	1	150	5	1	0	0	0	1	150	1000	550		6010		4013	EF0201	12706010									0					
	6904	8000	變身砲車四段攻擊	0.共用	連擊技能	150%	連射	195%	30							0												1	0	1	1				1	10881	0			10					390	6704		1	10	0	80	80	10	100		SEF20012		90	70	1200	800	100	1	150	7	1	0	0	0	1	150	1000	550		6010		4013	EF0201	12706010									0					
# 通用技能																	CD/MP消耗比：	0		MP參照：	3																																																																								
	8101	8000	1.防禦專注	0.共用	強化	Rank 01	D1	DEF 提升 2 / 4 / 6 / 8 / 10 %	7	2008101	4008101	4108101	1	1		8101	0	60000	900000		178						1	0	0	0	0	1				0	0	0	0	0	0	0	0	0	0		8101	1	150	150	150	150	50									0	1			1						500	300		6210	S01900001		Empty	6210			Skill_powerful_PC99_01						0					
	8102	8000	1.防禦專注	0.共用	強化	Rank 02	D1	DEF 提升 2 / 4 / 6 / 8 / 10 %	17	2008102	4008102	4108102	2	2		8102	0	60000	900000		289	8101					1	0	0	0	0	1				0	0	0	0	0	0	0	0	0	0		8102	1	150	150	150	150	50									0	1			1						500	300		6210	S01900001		Empty	6210			Skill_powerful_PC99_01						0					
	8103	8000	1.防禦專注	0.共用	強化	Rank 03	D1	DEF 提升 2 / 4 / 6 / 8 / 10 %	27	2008103	4008103	4108103	3	3		8103	0	60000	900000		400	8102					1	0	0	0	0	1				0	0	0	0	0	0	0	0	0	0		8103	1	150	150	150	150	50									0	1			1						500	300		6210	S01900001		Empty	6210			Skill_powerful_PC99_01						0					
	8104	8000	1.防禦專注	0.共用	強化	Rank 04	D1	DEF 提升 2 / 4 / 6 / 8 / 10 %	37	2008104	4008104	4108104	4	4		8104	0	60000	900000		511	8103					1	0	0	0	0	1				0	0	0	0	0	0	0	0	0	0		8104	1	150	150	150	150	50									0	1			1						500	300		6210	S01900001		Empty	6210			Skill_powerful_PC99_01						0					
	8105	8000	1.防禦專注	0.共用	強化	Rank 05	D1	DEF 提升 2 / 4 / 6 / 8 / 10 %	47	2008105	4008105	4108105	5	5		8105	0	60000	900000		622	8104					1	0	0	0	0	1				0	0	0	0	0	0	0	0	0	0		8105	1	150	150	150	150	50									0	1			1						500	300		6210	S01900001		Empty	6210			Skill_powerful_PC99_01						0					
	8201	8000	2.攻擊專注	0.共用	強化	Rank 01	D2	ATK 提升 2 / 4 / 6 / 8 / 10 %	8	2008201	4008201	4108201	1	6		8201	0	60000	900000		189						1	0	0	0	0	1				0	0	0	0	0	0	0	0	0	0		8201	1	150	150	150	150	50									0	1			1						500	300		6210	S01900002		Empty	6210			Skill_powerful_PC99_01						0					
	8202	8000	2.攻擊專注	0.共用	強化	Rank 02	D2	ATK 提升 2 / 4 / 6 / 8 / 10 %	18	2008202	4008202	4108202	2	7		8202	0	60000	900000		300	8201					1	0	0	0	0	1				0	0	0	0	0	0	0	0	0	0		8202	1	150	150	150	150	50									0	1			1						500	300		6210	S01900002		Empty	6210			Skill_powerful_PC99_01						0					
	8203	8000	2.攻擊專注	0.共用	強化	Rank 03	D2	ATK 提升 2 / 4 / 6 / 8 / 10 %	28	2008203	4008203	4108203	3	8		8203	0	60000	900000		411	8202					1	0	0	0	0	1				0	0	0	0	0	0	0	0	0	0		8203	1	150	150	150	150	50									0	1			1						500	300		6210	S01900002		Empty	6210			Skill_powerful_PC99_01						0					
	8204	8000	2.攻擊專注	0.共用	強化	Rank 04	D2	ATK 提升 2 / 4 / 6 / 8 / 10 %	38	2008204	4008204	4108204	4	9		8204	0	60000	900000		522	8203					1	0	0	0	0	1				0	0	0	0	0	0	0	0	0	0		8204	1	150	150	150	150	50									0	1			1						500	300		6210	S01900002		Empty	6210			Skill_powerful_PC99_01						0					
	8205	8000	2.攻擊專注	0.共用	強化	Rank 05	D2	ATK 提升 2 / 4 / 6 / 8 / 10 %	48	2008205	4008205	4108205	5	10		8205	0	60000	900000		633	8204					1	0	0	0	0	1				0	0	0	0	0	0	0	0	0	0		8205	1	150	150	150	150	50									0	1			1						500	300		6210	S01900002		Empty	6210			Skill_powerful_PC99_01						0					
	8301	8000	3.集中力提升	0.共用	強化	Rank 01	D3	CRI 上升 1 / 2 / 3 / 4 / 5 %	9	2008301	4008301	4108301	1	11		8301	0	60000	900000		257						1	0	0	0	0	1				0	0	0	0	0	0	0	0	0	0		8301	1	150	150	150	150	50									0	1			1						500	300		6210	S01900003		Empty	6210			Skill_powerful_PC99_01						0					
	8302	8000	3.集中力提升	0.共用	強化	Rank 02	D3	CRI 上升 1 / 2 / 3 / 4 / 5 %	19	2008302	4008302	4108302	2	12		8302	0	60000	900000		400	8301					1	0	0	0	0	1				0	0	0	0	0	0	0	0	0	0		8302	1	150	150	150	150	50									0	1			1						500	300		6210	S01900003		Empty	6210			Skill_powerful_PC99_01						0					
	8303	8000	3.集中力提升	0.共用	強化	Rank 03	D3	CRI 上升 1 / 2 / 3 / 4 / 5 %	29	2008303	4008303	4108303	3	13		8303	0	60000	900000		543	8302					1	0	0	0	0	1				0	0	0	0	0	0	0	0	0	0		8303	1	150	150	150	150	50									0	1			1						500	300		6210	S01900003		Empty	6210			Skill_powerful_PC99_01						0					
	8304	8000	3.集中力提升	0.共用	強化	Rank 04	D3	CRI 上升 1 / 2 / 3 / 4 / 5 %	39	2008304	4008304	4108304	4	14		8304	0	60000	900000		686	8303					1	0	0	0	0	1				0	0	0	0	0	0	0	0	0	0		8304	1	150	150	150	150	50									0	1			1						500	300		6210	S01900003		Empty	6210			Skill_powerful_PC99_01						0					
	8305	8000	3.集中力提升	0.共用	強化	Rank 05	D3	CRI 上升 1 / 2 / 3 / 4 / 5 %	49	2008305	4008305	4108305	5	15		8305	0	60000	900000		829	8304					1	0	0	0	0	1				0	0	0	0	0	0	0	0	0	0		8305	1	150	150	150	150	50									0	1			1						500	300		6210	S01900003		Empty	6210			Skill_powerful_PC99_01						0					
	8401	8000	4.急救	0.共用	回復	Rank 01	E1	20%	5	2008401	4008401	4108401	1	16		8401	15000	15000			200		30089	1			0	0	0	0	0	1				0	0	60	0	3	0	0	0	0	0			1	150	150	150	150	50									0	5	2000		1						10000	0		6220	S01900004		Empty		6220		Skill_powerful_PC99_01						0					
	8402	8000	4.急救	0.共用	回復	Rank 02	E1	20%	15	2008402	4008402	4108402	2	17		8401	15000	15000			343		30089	2			0	0	0	0	0	1				0	0	80	0	4	0	0	0	0	0			1	150	150	150	150	50									0	6	1667		1						10000	0		6220	S01900004		Empty		6220		Skill_powerful_PC99_01						0					
	8403	8000	4.急救	0.共用	回復	Rank 03	E1	20%	25	2008403	4008403	4108403	3	18		8401	15000	15000			486		30089	3			0	0	0	0	0	1				0	0	100	0	5	0	0	0	0	0			1	150	150	150	150	50									0	7	1429		1						10000	0		6220	S01900004		Empty		6220		Skill_powerful_PC99_01						0					
	8404	8000	4.急救	0.共用	回復	Rank 04	E1	20%	35	2008404	4008404	4108404	4	19		8401	15000	15000			629		30089	4			0	0	0	0	0	1				0	0	110	0	6	0	0	0	0	0			1	150	150	150	150	50									0	8	1250		1						10000	0		6220	S01900004		Empty		6220		Skill_powerful_PC99_01						0					
	8405	8000	4.急救	0.共用	回復	Rank 05	E1	20%	45	2008405	4008405	4108405	5	20		8401	15000	15000			771		30089	5			0	0	0	0	0	1				0	0	120	0	6	0	0	0	0	0			1	150	150	150	150	50									0	9	1111		1						10000	0		6220	S01900004		Empty		6220		Skill_powerful_PC99_01						0					
	8501	8000	5.煙霧彈	0.共用	狀態	Rank 01	E2	使用煙霧彈降低敵人敏捷	11	2008501	4008501	4108501	1	21		8501	0	30000	30000		400		30090	1			1	0	0	1	1				1	0	0	0	0	0	0	0	0	0	0		8501	1	1	0	50	50	50			SEF20022		30	30	600	200	500	1	1500		1						500	100		6230			Empty	6230			Skill_powerful_PC99_01	SkillCamShock1					0					
	8502	8000	5.煙霧彈	0.共用	狀態	Rank 02	E2	使用煙霧彈降低敵人敏捷	21	2008502	4008502	4108502	2	22		8502	0	30000	30000		600	8501	30090	1			1	0	0	1	1				1	0	0	0	0	0	0	0	0	0	0		8502	1	1	0	50	50	50			SEF20022		30	30	600	200	500	1	1500		1						500	100		6230			Empty	6230			Skill_powerful_PC99_01	SkillCamShock1					0					
	8503	8000	5.煙霧彈	0.共用	狀態	Rank 03	E2	使用煙霧彈降低敵人敏捷	31	2008503	4008503	4108503	3	23		8503	0	30000	30000		800	8502	30090	1			1	0	0	1	1				1	0	0	0	0	0	0	0	0	0	0		8503	1	1	0	50	50	50			SEF20022		30	30	600	200	500	1	1500		1						500	100		6230			Empty	6230			Skill_powerful_PC99_01	SkillCamShock1					0					
	8504	8000	5.煙霧彈	0.共用	狀態	Rank 04	E2	使用煙霧彈降低敵人敏捷	41	2008504	4008504	4108504	4	24		8504	0	30000	30000		1000	8503	30090	1			1	0	0	1	1				1	0	0	0	0	0	0	0	0	0	0		8504	1	1	0	50	50	50			SEF20022		30	30	600	200	500	1	1500		1						500	100		6230			Empty	6230			Skill_powerful_PC99_01	SkillCamShock1					0					
	8505	8000	5.煙霧彈	0.共用	狀態	Rank 05	E2	使用煙霧彈降低敵人敏捷	51	2008505	4008505	4108505	5	25		8505	0	30000	30000		1200	8504	30090	1			1	0	0	1	1				1	0	0	0	0	0	0	0	0	0	0		8505	1	1	0	50	50	50			SEF20022		30	30	600	200	500	1	1500		1						500	100		6230			Empty	6230			Skill_powerful_PC99_01	SkillCamShock1					0					
	8601	8000	6.HP / MP 轉換	0.共用	轉換	Rank 01	F1	55%	14	2008601	4008601	4108601	1	26		8601	0	5000		1524							1	0	0	0	0	1				0	0	0	1270	0	0	0	0	0	0			1	150	150	150	150	50									0	1			1						500	300		6210	S01900005		Empty	6210			Skill_powerful_PC99_01						0					
	8602	8000	6.HP / MP 轉換	0.共用	轉換	Rank 02	F1	55%	24	2008602	4008602	4108602	2	27		8602	0	5000		2184		8601					1	0	0	0	0	1				0	0	0	1820	0	0	0	0	0	0			1	150	150	150	150	50									0	1			1						500	300		6210	S01900005		Empty	6210			Skill_powerful_PC99_01						0					
	8603	8000	6.HP / MP 轉換	0.共用	轉換	Rank 03	F1	55%	34	2008603	4008603	4108603	3	28		8603	0	5000		2844		8602					1	0	0	0	0	1				0	0	0	2370	0	0	0	0	0	0			1	150	150	150	150	50									0	1			1						500	300		6210	S01900005		Empty	6210			Skill_powerful_PC99_01						0					
	8604	8000	6.HP / MP 轉換	0.共用	轉換	Rank 04	F1	55%	44	2008604	4008604	4108604	4	29		8604	0	5000		3504		8603					1	0	0	0	0	1				0	0	0	2920	0	0	0	0	0	0			1	150	150	150	150	50									0	1			1						500	300		6210	S01900005		Empty	6210			Skill_powerful_PC99_01						0					
	8605	8000	6.HP / MP 轉換	0.共用	轉換	Rank 05	F1	55%	54	2008605	4008605	4108605	5	30		8605	0	5000		4164		8604					1	0	0	0	0	1				0	0	0	3470	0	0	0	0	0	0			1	150	150	150	150	50									0	1			1						500	300		6210	S01900005		Empty	6210			Skill_powerful_PC99_01						0					
# GM 問答獎勵技能																																																																																													
	9801	8000	殺敵100獎勵	0.共用	強化	100隻	殺敵累積至特定數量時獎勵		all	3000017			1			0		200			0						1	0	0	0	0	1				0	0	10000	10000	10								1	1000	1000	1000	1000	500	500		Empty				300	0	0	1	200		0						100	0		9999	Empty	10	Empty										0					
	9802	8000	殺敵200獎勵	0.共用	強化	200隻	殺敵累積至特定數量時獎勵		all	3000017			2			0		200			0						1	0	0	0	0	1				0	0	10000	10000	10								1	1000	1000	1000	1000	500	500		Empty				300	0	0	1	200		0						100	0		9999	Empty	10	Empty										0					
	9803	8000	殺敵300獎勵	0.共用	強化	300隻	殺敵累積至特定數量時獎勵		all	3000017			3			0		200			0						1	0	0	0	0	1				0	0	10000	10000	10								1	1000	1000	1000	1000	500	500		Empty				300	0	0	1	200		0						100	0		9999	Empty	10	Empty										0					
	9804	8000	殺敵500獎勵	0.共用	強化	500隻	殺敵累積至特定數量時獎勵		all	3000017			4			0		200			0						1	0	0	0	0	1				0	0	10000	10000	10								1	1000	1000	1000	1000	500	500		Empty				300	0	0	1	200		0						100	0		9999	Empty	10	Empty										0					
	9805	8000	殺敵750獎勵	0.共用	強化	750隻	殺敵累積至特定數量時獎勵		all	3000017			5			0		200			0						1	0	0	0	0	1				0	0	10000	10000	10								1	1000	1000	1000	1000	500	500		Empty				300	0	0	1	200		0						100	0		9999	Empty	10	Empty										0					
	9806	8000	殺敵1000獎勵	0.共用	強化	1000隻	殺敵累積至特定數量時獎勵		all	3000017			6			0		200			0						1	0	0	0	0	1				0	0	10000	10000	10								1	1000	1000	1000	1000	500	500		Empty				300	0	0	1	200		0						100	0		9999	Empty	10	Empty										0					
	9900	8000	旅人的祝福	0.共用	強化	Rank 01	玩家回應GM查詢後獎勵	GM摸摸頭	all	3000017	4009900	4109900	1			9900		200	300000		0						1	0	0	0	0	1				0	0	1500	0	10							9900	1	1000	1000	1000	1000	500	500		Empty				300	0	0	1	200		0						100	0		9999	Empty	10	Empty										0					
# 通用特殊技能																																																																																													
	9901	8000	通用衝擊	0.共用		基本				2010101	4009901	4109901		998		98	1000	1000		0	0							1	0	1	1				1	10	0			10					100	3		1	100	0	40	40	50									0	1			1	1	120	200	1	150	1000			2021		4012	EF0001	42030									0					
	9902	8000	通用擊飛	0.共用		基本				2010201	4009902	4109902		999		99	1000	1000		0	0							1	0	1	1				1	10	0			10					100	4		1	100	0	40	40	50									0	1			1	0	0		1	200	1000			2032		4013	EF0001	42040									0					
	9903	8000	感染變身	0.共用		基本				1100128	4009903	4109903		999		0	300	200										1	0	0	0	1	1	1	1	0	0								100		9903	1	300	300	300	300	300									0	1			1	0	0	0	0	0							B000001		6026010								0					
	9904	8000	經驗值加成測試	0.共用		基本				1100128				999		0	300	200										1	0	0	0	1	1			0	0								100		9904	1	2500	2500	2500	2500	300									0	1			1	0	0	0	0	0							B000001		6026010								0					
	9905	8000	防禦	0.共用		基本								999		9905	0	12000									1	1	0	0	0	1				0	0								100			1	250	100	150	150	10									0	1			1	0	0	0	0	0	10000	0	10000	5010		50	B000001									ai4	0					
	9906	8000	衝撞逃逸	0.共用		基本								999		9906	0	5000									1	0	0	0	0				1	150	0			10					100		4000001	1	200	0	150	150	150			S01601003			-100	1000	1500	150	1	70	1.5	1	1	1500	1000	1	200	1000	0	0	4013		4013	EF0001				SkillCamShock2						0					
	9907	8000	裝死	0.共用		基本								999		9905	0	12000									1	1	0	0	0	1				0	0								100			1	250	100	150	150	10									0	1			1	0	0	0	0	0	10000	0	10000	50		50	B000001									ai4_1	0					
# 010000~999999 PC正式技能--簡化六招後版本：0-00-00 = Char序-Skill序-Rank序																																																																																													
# 第一小隊																	CD/MP消耗比：	0		MP參照：	3																																																																								
	10101	8000	1.機關槍	1.林沖	射擊	Rank 01	A1	100%	1	2010101	4010101	4110101	1	101		10101	0	1500			111						1	0	0	1	1				1	400	0			10	0.3	0.3	0.3	1	300	10101		1	1	0	50	50	10			S01601001		30	30	1000	600	102	1	170		1				1	20	1500	300		6010		4013	EF0001	16010			Skill_powerful_PC99_01						0					
	10102	8000	1.機關槍	1.林沖	射擊	Rank 02	A1	100%	6	2010102	4010102	4110102	2	102		10102	0	1500			167	10101					1	0	0	1	1				1	1050	0			10	0.3	0.3	0.3	1	300	10102		1	1	0	50	50	10			S01601001		30	30	1000	600	102	1	170		1				1	20	1500	300		6010		4013	EF0001	16010			Skill_powerful_PC99_01						0					
	10103	8000	1.機關槍	1.林沖	射擊	Rank 03	A1	100%	11	2010103	4010103	4110103	3	103		10103	0	1500			222	10102					1	0	0	1	1				1	2100	0			10	0.3	0.3	0.3	1	300	10103		1	1	0	50	50	10			S01601001		30	30	1000	600	102	1	170		1				1	20	1500	300		6010		4013	EF0001	16010			Skill_powerful_PC99_01						0					
	10104	8000	1.機關槍	1.林沖	射擊	Rank 04	A1	100%	16	2010104	4010104	4110104	4	104		10104	0	1500			278	10103					1	0	0	1	1				1	3575	0			10	0.3	0.3	0.3	1	300	10104		1	1	0	50	50	10			S01601001		30	30	1000	600	102	1	170		1				1	20	1500	300		6010		4013	EF0001	16010			Skill_powerful_PC99_01						0					
	10105	8000	1.機關槍	1.林沖	射擊	Rank 05	A1	100%	21	2010105	4010105	4110105	5	105		10105	0	1500			333	10104					1	0	0	1	1				1	5610	0			10	0.3	0.3	0.3	1	300	10105		1	1	0	50	50	10			S01601001		30	30	1000	600	102	1	170		1				1	20	1500	300		6010		4013	EF0001	16010			Skill_powerful_PC99_01						0					
	10201	8000	2.爆破火箭筒	1.林沖	射擊	Rank 01	A2	100%	15	2010201	4010201	4110201	1	106		10201	0	5500			267						1	0	0	1	1				1	3264	0			10	0.3	0.3	0.3	1	300	10201		1	1	0	50	50	40			S01601002			50	1000	450	99	1	220		1				1	20	1500	300		6010		4013	EF0201	16010			Skill_powerful_PC99_01						0					
	10202	8000	2.爆破火箭筒	1.林沖	射擊	Rank 02	A2	100%	23	2010202	4010202	4110202	2	107		10202	0	5500			356	10201					1	0	0	1	1				1	6432	0			10	0.3	0.3	0.3	1	300	10202		1	1	0	50	50	40			S01601002			50	1000	450	99	1	220		1				1	20	1500	300		6010		4013	EF0201	16010			Skill_powerful_PC99_01						0					
	10203	8000	2.爆破火箭筒	1.林沖	射擊	Rank 03	A2	100%	31	2010203	4010203	4110203	3	108		10203	0	5500			444	10202					1	0	0	1	1				1	11480	0			10	0.3	0.3	0.3	1	300	10203		1	1	0	50	50	40			S01601002			50	1000	450	99	1	220		1				1	20	1500	300		6010		4013	EF0201	16010			Skill_powerful_PC99_01						0					
	10204	8000	2.爆破火箭筒	1.林沖	射擊	Rank 04	A2	100%	39	2010204	4010204	4110204	4	109		10204	0	5500			533	10203					1	0	0	1	1				1	17808	0			10	0.3	0.3	0.3	1	300	10204		1	1	0	50	50	40			S01601002			50	1000	450	99	1	220		1				1	20	1500	300		6010		4013	EF0201	16010			Skill_powerful_PC99_01						0					
	10205	8000	2.爆破火箭筒	1.林沖	射擊	Rank 05	A2	100%	47	2010205	4010205	4110205	5	110		10205	0	5500			622	10204					1	0	0	1	1				1	27272	0			10	0.3	0.3	0.3	1	300	10205		1	1	0	50	50	40			S01601002			50	1000	450	99	1	220		1				1	20	1500	300		6010		4013	EF0201	16010			Skill_powerful_PC99_01						0					
	10301	8000	3.旋風踢	1.林沖	範圍攻擊	Rank 01	B1	100%	1	2010301	4010301	4110301	1	111		10301	0	7000			143						1	0	0	1	1				1	400	0			10	0.3	0.3	0.3	1	130	10301		1	150	150	150	150	50									0	3	700		1				1	50	2000	100		6031		4013	EF0101	16031			Skill_powerful_PC99_01	SkillCamShock2					0					
	10302	8000	3.旋風踢	1.林沖	範圍攻擊	Rank 02	B1	100%	9	2010302	4010302	4110302	2	112		10302	0	7000			257	10301					1	0	0	1	1				1	1584	0			10	0.3	0.3	0.3	1	130	10302		1	150	150	150	150	50									0	3	700		1				1	50	2000	100		6031		4013	EF0101	16031			Skill_powerful_PC99_01	SkillCamShock2					0					
	10303	8000	3.旋風踢	1.林沖	範圍攻擊	Rank 03	B1	100%	17	2010303	4010303	4110303	3	113		10303	0	7000			371	10302					1	0	0	1	1				1	3900	0			10	0.3	0.3	0.3	1	130	10303		1	150	150	150	150	50									0	3	700		1				1	50	2000	100		6031		4013	EF0101	16031			Skill_powerful_PC99_01	SkillCamShock2					0					
	10304	8000	3.旋風踢	1.林沖	範圍攻擊	Rank 04	B1	100%	25	2010304	4010304	4110304	4	114		10304	0	7000			486	10303					1	0	0	1	1				1	7684	0			10	0.3	0.3	0.3	1	130	10304		1	150	150	150	150	50									0	3	700		1				1	50	2000	100		6031		4013	EF0101	16031			Skill_powerful_PC99_01	SkillCamShock2					0					
	10305	8000	3.旋風踢	1.林沖	範圍攻擊	Rank 05	B1	100%	33	2010305	4010305	4110305	5	115		10305	0	7000			600	10304					1	0	0	1	1				1	12726	0			10	0.3	0.3	0.3	1	130	10305		1	150	150	150	150	50									0	3	700		1				1	50	2000	100		6031		4013	EF0101	16031			Skill_powerful_PC99_01	SkillCamShock2					0					
	10401	8000	4.亂槍掃射	1.林沖	範圍攻擊	Rank 01	B2	100%	26	2010401	4010401	4110401	1	116		10401	0	12000			500						1	0	0	1	1				1	8190	0			10	0.3	0.3	0.3	1	130	10401		1	200	200	200	200	50									0	3	700		1						2000	100		6032			EF0001	16032			Skill_powerful_PC99_01	SkillCamShock3					0					
	10402	8000	4.亂槍掃射	1.林沖	範圍攻擊	Rank 02	B2	100%	34	2010402	4010402	4110402	2	117		10402	0	12000			614	10401					1	0	0	1	1				1	13373	0			10	0.3	0.3	0.3	1	130	10402		1	200	200	200	200	50									0	3	700		1						2000	100		6032			EF0001	16032			Skill_powerful_PC99_01	SkillCamShock3					0					
	10403	8000	4.亂槍掃射	1.林沖	範圍攻擊	Rank 03	B2	100%	42	2010403	4010403	4110403	3	118		10403	0	12000			729	10402					1	0	0	1	1				1	21267	0			10	0.3	0.3	0.3	1	130	10403		1	200	200	200	200	50									0	3	700		1						2000	100		6032			EF0001	16032			Skill_powerful_PC99_01	SkillCamShock3					0					
	10404	8000	4.亂槍掃射	1.林沖	範圍攻擊	Rank 04	B2	100%	50	2010404	4010404	4110404	4	119		10404	0	12000			843	10403					1	0	0	1	1				1	32037	0			10	0.3	0.3	0.3	1	130	10404		1	200	200	200	200	50									0	3	700		1						2000	100		6032			EF0001	16032			Skill_powerful_PC99_01	SkillCamShock3					0					
	10405	8000	4.亂槍掃射	1.林沖	範圍攻擊	Rank 05	B2	100%	58	2010405	4010405	4110405	5	120		10405	0	12000			957	10404					1	0	0	1	1				1	43952	0			10	0.3	0.3	0.3	1	130	10405		1	200	200	200	200	50									0	3	700		1						2000	100		6032			EF0001	16032			Skill_powerful_PC99_01	SkillCamShock3					0					
	10501	8000	5.暴風槍	1.林沖	特殊攻擊	Rank 01	C1	70%	13	2010501	4010501	4110501	1	121		10501	0	18000	10000		440						1	0	0	1	1				1	2574	0			10	0.3	0.3	0.3	1	110	10501	10501	1	200	0	200	200	50									0	2	800		1						1500	100		6021			EF0401	16021			Skill_powerful_PC99_01	SkillCamShock1					0					
	10502	8000	5.暴風槍	1.林沖	特殊攻擊	Rank 02	C1	70%	21	2010502	4010502	4110502	2	122		10502	0	18000	10000		600	10501					1	0	0	1	1				1	5610	0			10	0.3	0.3	0.3	1	110	10502	10502	1	200	0	200	200	50									0	2	800		1						1500	100		6021			EF0401	16021			Skill_powerful_PC99_01	SkillCamShock1					0					
	10503	8000	5.暴風槍	1.林沖	特殊攻擊	Rank 03	C1	70%	29	2010503	4010503	4110503	3	123		10503	0	18000	10000		760	10502					1	0	0	1	1				1	9804	0			10	0.3	0.3	0.3	1	110	10503	10503	1	200	0	200	200	50									0	2	800		1						1500	100		6021			EF0401	16021			Skill_powerful_PC99_01	SkillCamShock1					0					
	10504	8000	5.暴風槍	1.林沖	特殊攻擊	Rank 04	C1	70%	37	2010504	4010504	4110504	4	124		10504	0	18000	10000		920	10503					1	0	0	1	1				1	16238	0			10	0.3	0.3	0.3	1	110	10504	10504	1	200	0	200	200	50									0	2	800		1						1500	100		6021			EF0401	16021			Skill_powerful_PC99_01	SkillCamShock1					0					
	10505	8000	5.暴風槍	1.林沖	特殊攻擊	Rank 05	C1	70%	45	2010505	4010505	4110505	5	125		10505	0	18000	10000		1080	10504					1	0	0	1	1				1	25218	0			10	0.3	0.3	0.3	1	110	10505	10505	1	200	0	200	200	50									0	2	800		1						1500	100		6021			EF0401	16021			Skill_powerful_PC99_01	SkillCamShock1					0					
	10601	8000	6.螺旋飛彈	1.林沖	特殊攻擊	Rank 01	C2	80%	32	2010601	4010601	4110601	1	126		10601	0	15000	5000		820						1	0	0	1	1				1	12095	0			10	0.3	0.3	0.3	1	120	10601	10601	1	200	0	50	50	50									0	2	800		1						1500	100		6060			EF0101	16060			Skill_powerful_PC99_01	SkillCamShock1					0					
	10602	8000	6.螺旋飛彈	1.林沖	特殊攻擊	Rank 02	C2	80%	39	2010602	4010602	4110602	2	127		10602	0	15000	5000		960	10601					1	0	0	1	1				1	17808	0			10	0.3	0.3	0.3	1	120	10602	10602	1	200	0	50	50	50									0	2	800		1						1500	100		6060			EF0101	16060			Skill_powerful_PC99_01	SkillCamShock1					0					
	10603	8000	6.螺旋飛彈	1.林沖	特殊攻擊	Rank 03	C2	80%	46	2010603	4010603	4110603	3	128		10603	0	15000	5000		1100	10602					1	0	0	1	1				1	26235	0			10	0.3	0.3	0.3	1	120	10603	10603	1	200	0	50	50	50									0	2	800		1						1500	100		6060			EF0101	16060			Skill_powerful_PC99_01	SkillCamShock1					0					
	10604	8000	6.螺旋飛彈	1.林沖	特殊攻擊	Rank 04	C2	80%	53	2010604	4010604	4110604	4	129		10604	0	15000	5000		1240	10603					1	0	0	1	1				1	35526	0			10	0.3	0.3	0.3	1	120	10604	10604	1	200	0	50	50	50									0	2	800		1						1500	100		6060			EF0101	16060			Skill_powerful_PC99_01	SkillCamShock1					0					
	10605	8000	6.螺旋飛彈	1.林沖	特殊攻擊	Rank 05	C2	80%	60	2010605	4010605	4110605	5	130		10605	0	15000	5000		1380	10604					1	0	0	1	1				1	49128	0			10	0.3	0.3	0.3	1	120	10605	10605	1	200	0	50	50	50									0	2	800		1						1500	100		6060			EF0101	16060			Skill_powerful_PC99_01	SkillCamShock1					0					
	20101	8000	1.鐵頭功	2.雷橫	射擊	Rank 01	A1	100%	1	2020101	4020101	4120101	1	101		20101	0	7000			111						1	0	0	1	1				1	400	0			10	0.3	0.3	1	0.3	300	20101		1	1	0	50	50	30			S01601003				750	450	102	1	170		1				1	100	1500	1000		6010		4013	EF0001	26010			Skill_powerful_PC99_01						0					
	20102	8000	1.鐵頭功	2.雷橫	射擊	Rank 02	A1	100%	6	2020102	4020102	4120102	2	102		20102	0	7000			167	20101					1	0	0	1	1				1	1050	0			10	0.3	0.3	1	0.3	300	20102		1	1	0	50	50	30			S01601003				750	450	102	1	170		1				1	100	1500	1000		6010		4013	EF0001	26010			Skill_powerful_PC99_01						0					
	20103	8000	1.鐵頭功	2.雷橫	射擊	Rank 03	A1	100%	11	2020103	4020103	4120103	3	103		20103	0	7000			222	20102					1	0	0	1	1				1	2100	0			10	0.3	0.3	1	0.3	300	20103		1	1	0	50	50	30			S01601003				750	450	102	1	170		1				1	100	1500	1000		6010		4013	EF0001	26010			Skill_powerful_PC99_01						0					
	20104	8000	1.鐵頭功	2.雷橫	射擊	Rank 04	A1	100%	16	2020104	4020104	4120104	4	104		20104	0	7000			278	20103					1	0	0	1	1				1	3575	0			10	0.3	0.3	1	0.3	300	20104		1	1	0	50	50	30			S01601003				750	450	102	1	170		1				1	100	1500	1000		6010		4013	EF0001	26010			Skill_powerful_PC99_01						0					
	20105	8000	1.鐵頭功	2.雷橫	射擊	Rank 05	A1	100%	21	2020105	4020105	4120105	5	105		20105	0	7000			333	20104					1	0	0	1	1				1	5610	0			10	0.3	0.3	1	0.3	300	20105		1	1	0	50	50	30			S01601003				750	450	102	1	170		1				1	100	1500	1000		6010		4013	EF0001	26010			Skill_powerful_PC99_01						0					
	20201	8000	2.火眼金睛	2.雷橫	射擊	Rank 01	A2	100%	15	2020201	4020201	4120201	1	106	202	20201	0	8000			267						1	0	0	1	1				1	3264	0			10	0.3	0.3	1	0.3	130	20201		1	450	25	100	100	30			S02602003				1000	0	0	1	330		1				1	100	2000	1000		6020		4013	EF0401	26020			Skill_powerful_PC99_01						0					
	20202	8000	2.火眼金睛	2.雷橫	射擊	Rank 02	A2	100%	23	2020202	4020202	4120202	2	107	202	20202	0	8000			356	20201					1	0	0	1	1				1	6432	0			10	0.3	0.3	1	0.3	130	20202		1	450	25	100	100	30			S02602003				1000	0	0	1	330		1				1	100	2000	1000		6020		4013	EF0401	26020			Skill_powerful_PC99_01						0					
	20203	8000	2.火眼金睛	2.雷橫	射擊	Rank 03	A2	100%	31	2020203	4020203	4120203	3	108	202	20203	0	8000			444	20202					1	0	0	1	1				1	11480	0			10	0.3	0.3	1	0.3	130	20203		1	450	25	100	100	30			S02602003				1000	0	0	1	330		1				1	100	2000	1000		6020		4013	EF0401	26020			Skill_powerful_PC99_01						0					
	20204	8000	2.火眼金睛	2.雷橫	射擊	Rank 04	A2	100%	39	2020204	4020204	4120204	4	109	202	20204	0	8000			533	20203					1	0	0	1	1				1	17808	0			10	0.3	0.3	1	0.3	130	20204		1	450	25	100	100	30			S02602003				1000	0	0	1	330		1				1	100	2000	1000		6020		4013	EF0401	26020			Skill_powerful_PC99_01						0					
	20205	8000	2.火眼金睛	2.雷橫	射擊	Rank 05	A2	100%	47	2020205	4020205	4120205	5	110	202	20205	0	8000			622	20204					1	0	0	1	1				1	27272	0			10	0.3	0.3	1	0.3	130	20205		1	450	25	100	100	30			S02602003				1000	0	0	1	330		1				1	100	2000	1000		6020		4013	EF0401	26020			Skill_powerful_PC99_01						0					
	20301	8000	3.獅子吼	2.雷橫	範圍攻擊	Rank 01	B1	50%	1	2020501	4020301	4120301	1	111		20301	0	14000	2000		143						1	0	0	1	1				1	400	0			10	0.3	0.3	1	0.3	240	20301	20301	1	200	25	150	150	30			S02602001				500	0	0	1	600		1						2000	1000		6020		4013	EF0001	26020			Skill_powerful_PC99_01						0					
	20302	8000	3.獅子吼	2.雷橫	範圍攻擊	Rank 02	B1	50%	9	2020502	4020302	4120302	2	112		20302	0	14000	2000		257	20301					1	0	0	1	1				1	1584	0			10	0.3	0.3	1	0.3	240	20302	20302	1	200	25	150	150	30			S02602001				500	0	0	1	600		1						2000	1000		6020		4013	EF0001	26020			Skill_powerful_PC99_01						0					
	20303	8000	3.獅子吼	2.雷橫	範圍攻擊	Rank 03	B1	50%	17	2020503	4020303	4120303	3	113		20303	0	14000	2000		371	20302					1	0	0	1	1				1	3900	0			10	0.3	0.3	1	0.3	240	20303	20303	1	200	25	150	150	30			S02602001				500	0	0	1	600		1						2000	1000		6020		4013	EF0001	26020			Skill_powerful_PC99_01						0					
	20304	8000	3.獅子吼	2.雷橫	範圍攻擊	Rank 04	B1	50%	25	2020504	4020304	4120304	4	114		20304	0	14000	2000		486	20303					1	0	0	1	1				1	7684	0			10	0.3	0.3	1	0.3	240	20304	20304	1	200	25	150	150	30			S02602001				500	0	0	1	600		1						2000	1000		6020		4013	EF0001	26020			Skill_powerful_PC99_01						0					
	20305	8000	3.獅子吼	2.雷橫	範圍攻擊	Rank 05	B1	50%	33	2020505	4020305	4120305	5	115		20305	0	14000	2000		600	20304					1	0	0	1	1				1	12726	0			10	0.3	0.3	1	0.3	240	20305	20305	1	200	25	150	150	30			S02602001				500	0	0	1	600		1						2000	1000		6020		4013	EF0001	26020			Skill_powerful_PC99_01						0					
	20401	8000	4.閃電視線	2.雷橫	範圍攻擊	Rank 01	B2	100%	26	2020401	4020401	4120401	1	116		20401	0	18000			500						1	0	0	1	1				1	8190	0			10	0.3	0.3	1	0.3	100	20401		1	200	200	200	200	30			S02603101		-20		1400	0	0	1	350	0.9	1				1	50	2000	400		6031		4013	EF0401	26031			Skill_powerful_PC99_01						0					
	20402	8000	4.閃電視線	2.雷橫	範圍攻擊	Rank 02	B2	100%	34	2020402	4020402	4120402	2	117		20402	0	18000			614	20401					1	0	0	1	1				1	13373	0			10	0.3	0.3	1	0.3	100	20402		1	200	200	200	200	30			S02603101		-20		1400	0	0	1	350	0.9	1				1	50	2000	400		6031		4013	EF0401	26031			Skill_powerful_PC99_01						0					
	20403	8000	4.閃電視線	2.雷橫	範圍攻擊	Rank 03	B2	100%	42	2020403	4020403	4120403	3	118		20403	0	18000			729	20402					1	0	0	1	1				1	21267	0			10	0.3	0.3	1	0.3	100	20403		1	200	200	200	200	30			S02603101		-20		1400	0	0	1	350	0.9	1				1	50	2000	400		6031		4013	EF0401	26031			Skill_powerful_PC99_01						0					
	20404	8000	4.閃電視線	2.雷橫	範圍攻擊	Rank 04	B2	100%	50	2020404	4020404	4120404	4	119		20404	0	18000			843	20403					1	0	0	1	1				1	32037	0			10	0.3	0.3	1	0.3	100	20404		1	200	200	200	200	30			S02603101		-20		1400	0	0	1	350	0.9	1				1	50	2000	400		6031		4013	EF0401	26031			Skill_powerful_PC99_01						0					
	20405	8000	4.閃電視線	2.雷橫	範圍攻擊	Rank 05	B2	100%	58	2020405	4020405	4120405	5	120		20405	0	18000			957	20404					1	0	0	1	1				1	43952	0			10	0.3	0.3	1	0.3	100	20405		1	200	200	200	200	30			S02603101		-20		1400	0	0	1	350	0.9	1				1	50	2000	400		6031		4013	EF0401	26031			Skill_powerful_PC99_01						0					
	20501	8000	5.火龍捲	2.雷橫	特殊攻擊	Rank 01	C1	70%	13	2020301	4020501	4120501	1	121		20501	0	14000	8000		440						1	0	0	1	1				1	2574	0			10	0.3	0.3	1	0.3	90	20501	20501	1	180	180	180	180		50		S02603002				1200		0	1	400		1				1	50	2000	300		6030		4013	EF0201	26030			Skill_powerful_PC99_01	SkillCamShock2					0					
	20502	8000	5.火龍捲	2.雷橫	特殊攻擊	Rank 02	C1	70%	21	2020302	4020502	4120502	2	122		20502	0	14000	8000		600	20501					1	0	0	1	1				1	5610	0			10	0.3	0.3	1	0.3	90	20502	20502	1	180	180	180	180		50		S02603002				1200		0	1	400		1				1	50	2000	300		6030		4013	EF0201	26030			Skill_powerful_PC99_01	SkillCamShock2					0					
	20503	8000	5.火龍捲	2.雷橫	特殊攻擊	Rank 03	C1	70%	29	2020303	4020503	4120503	3	123		20503	0	14000	8000		760	20502					1	0	0	1	1				1	9804	0			10	0.3	0.3	1	0.3	90	20503	20503	1	180	180	180	180		50		S02603002				1200		0	1	400		1				1	50	2000	300		6030		4013	EF0201	26030			Skill_powerful_PC99_01	SkillCamShock2					0					
	20504	8000	5.火龍捲	2.雷橫	特殊攻擊	Rank 04	C1	70%	37	2020304	4020504	4120504	4	124		20504	0	14000	8000		920	20503					1	0	0	1	1				1	16238	0			10	0.3	0.3	1	0.3	90	20504	20504	1	180	180	180	180		50		S02603002				1200		0	1	400		1				1	50	2000	300		6030		4013	EF0201	26030			Skill_powerful_PC99_01	SkillCamShock2					0					
	20505	8000	5.火龍捲	2.雷橫	特殊攻擊	Rank 05	C1	70%	45	2020305	4020505	4120505	5	125		20505	0	14000	8000		1080	20504					1	0	0	1	1				1	25218	0			10	0.3	0.3	1	0.3	90	20505	20505	1	180	180	180	180		50		S02603002				1200		0	1	400		1				1	50	2000	300		6030		4013	EF0201	26030			Skill_powerful_PC99_01	SkillCamShock2					0					
	20601	8000	6.火焰狂奔	2.雷橫	特殊攻擊	Rank 01	C2	150%	32	2020601	4020601	4120601	1	126		20601	0	12000	8000		820						1	0	0	1	1				1	12095	0			10	0.3	0.3	1	0.3	110	20601	20601	1	80	80	50	50	50			S02603001		50	100	4000	0	0	1	1000	0.8	1				1	100	1500	1000		6060		4013	EF0201	26060			Skill_powerful_PC99_01						0					
	20602	8000	6.火焰狂奔	2.雷橫	特殊攻擊	Rank 02	C2	150%	39	2020602	4020602	4120602	2	127		20602	0	12000	8000		960	20601					1	0	0	1	1				1	17808	0			10	0.3	0.3	1	0.3	110	20602	20602	1	80	80	50	50	50			S02603001		50	100	4000	0	0	1	1000	0.9	1				1	100	1500	1000		6060		4013	EF0201	26060			Skill_powerful_PC99_01						0					
	20603	8000	6.火焰狂奔	2.雷橫	特殊攻擊	Rank 03	C2	150%	46	2020603	4020603	4120603	3	128		20603	0	12000	8000		1100	20602					1	0	0	1	1				1	26235	0			10	0.3	0.3	1	0.3	110	20603	20603	1	80	80	50	50	50			S02603001		50	100	4000	0	0	1	1000	1	1				1	100	1500	1000		6060		4013	EF0201	26060			Skill_powerful_PC99_01						0					
	20604	8000	6.火焰狂奔	2.雷橫	特殊攻擊	Rank 04	C2	150%	53	2020604	4020604	4120604	4	129		20604	0	12000	8000		1240	20603					1	0	0	1	1				1	35526	0			10	0.3	0.3	1	0.3	110	20604	20604	1	80	80	50	50	50			S02603001		50	100	4000	0	0	1	1000	1.1	1				1	100	1500	1000		6060		4013	EF0201	26060			Skill_powerful_PC99_01						0					
	20605	8000	6.火焰狂奔	2.雷橫	特殊攻擊	Rank 05	C2	150%	60	2020605	4020605	4120605	5	130		20605	0	12000	8000		1380	20604					1	0	0	1	1				1	49128	0			10	0.3	0.3	1	0.3	110	20605	20605	1	80	80	50	50	50			S02603001		50	100	4000	0	0	1	1000	1.2	1				1	100	1500	1000		6060		4013	EF0201	26060			Skill_powerful_PC99_01						0					
	30101	8000	1.冰晶鑽石	3.孫二娘	射擊	Rank 01	A1	100%	1	2030101	4030101	4130101	1	101		30101	0	7000			111						1	0	0	1	1				1	400	0			10	0.3	1	0.3	0.3	400	30101		1	1	0	50	50	10			S03601001		30		900	450	100	1	200		1				1	20	2000	500		6010			EF0301	36010			Skill_powerful_PC99_01						0					
	30102	8000	1.冰晶鑽石	3.孫二娘	射擊	Rank 02	A1	100%	6	2030102	4030102	4130102	2	102		30102	0	7000			167	30101					1	0	0	1	1				1	1050	0			10	0.3	1	0.3	0.3	400	30102		1	1	0	50	50	10			S03601001		30		900	450	100	1	200		1				1	20	2000	500		6010			EF0301	36010			Skill_powerful_PC99_01						0					
	30103	8000	1.冰晶鑽石	3.孫二娘	射擊	Rank 03	A1	100%	11	2030103	4030103	4130103	3	103		30103	0	7000			222	30102					1	0	0	1	1				1	2100	0			10	0.3	1	0.3	0.3	400	30103		1	1	0	50	50	10			S03601001		30		900	450	100	1	200		1				1	20	2000	500		6010			EF0301	36010			Skill_powerful_PC99_01						0					
	30104	8000	1.冰晶鑽石	3.孫二娘	射擊	Rank 04	A1	100%	16	2030104	4030104	4130104	4	104		30104	0	7000			278	30103					1	0	0	1	1				1	3575	0			10	0.3	1	0.3	0.3	400	30104		1	1	0	50	50	10			S03601001		30		900	450	100	1	200		1				1	20	2000	500		6010			EF0301	36010			Skill_powerful_PC99_01						0					
	30105	8000	1.冰晶鑽石	3.孫二娘	射擊	Rank 05	A1	100%	21	2030105	4030105	4130105	5	105		30105	0	7000			333	30104					1	0	0	1	1				1	5610	0			10	0.3	1	0.3	0.3	400	30105		1	1	0	50	50	10			S03601001		30		900	450	100	1	200		1				1	20	2000	500		6010			EF0301	36010			Skill_powerful_PC99_01						0					
	30201	8000	2.淘氣戀人	3.孫二娘	射擊	Rank 01	A2	100%	15	2030201	4030201	4130201	1	106		30201	0	12000			267						1	0	0	1	1				1	3264	0			10	0.3	1	0.3	0.3	100	30201		1	300	20	150	150	50									0	3	200		1				1	50	1500	500		6021	S03602101	4012	EF0301	36021			Skill_powerful_PC99_01	SkillCamShock3					0					
	30202	8000	2.淘氣戀人	3.孫二娘	射擊	Rank 02	A2	100%	23	2030202	4030202	4130202	2	107		30202	0	12000			356	30201					1	0	0	1	1				1	6432	0			10	0.3	1	0.3	0.3	100	30202		1	300	20	150	150	50									0	3	200		1				1	50	1500	500		6021	S03602101	4012	EF0301	36021			Skill_powerful_PC99_01	SkillCamShock3					0					
	30203	8000	2.淘氣戀人	3.孫二娘	射擊	Rank 03	A2	100%	31	2030203	4030203	4130203	3	108		30203	0	12000			444	30202					1	0	0	1	1				1	11480	0			10	0.3	1	0.3	0.3	100	30203		1	300	20	150	150	50									0	3	200		1				1	50	1500	500		6021	S03602101	4012	EF0301	36021			Skill_powerful_PC99_01	SkillCamShock3					0					
	30204	8000	2.淘氣戀人	3.孫二娘	射擊	Rank 04	A2	100%	39	2030204	4030204	4130204	4	109		30204	0	12000			533	30203					1	0	0	1	1				1	17808	0			10	0.3	1	0.3	0.3	100	30204		1	300	20	150	150	50									0	3	200		1				1	50	1500	500		6021	S03602101	4012	EF0301	36021			Skill_powerful_PC99_01	SkillCamShock3					0					
	30205	8000	2.淘氣戀人	3.孫二娘	射擊	Rank 05	A2	100%	47	2030205	4030205	4130205	5	110		30205	0	12000			622	30204					1	0	0	1	1				1	27272	0			10	0.3	1	0.3	0.3	100	30205		1	300	20	150	150	50									0	3	200		1				1	50	1500	500		6021	S03602101	4012	EF0301	36021			Skill_powerful_PC99_01	SkillCamShock3					0					
	30301	8000	3.雷雨漫步	3.孫二娘	範圍攻擊	Rank 01	B1	150%	1	2030301	4030301	4130301	1	111		30301	0	7000			143						1	0	0	1	1				1	400	0			10	0.3	1	0.3	0.3	150	30301		1	100	100	100	100	50			S03603001a			100	3000	0	0	1	1000	0.8	1						1500	500		6050			EF0401	36001			Skill_powerful_PC99_01						0					
	30302	8000	3.雷雨漫步	3.孫二娘	範圍攻擊	Rank 02	B1	150%	9	2030302	4030302	4130302	2	112		30302	0	7000			257	30301					1	0	0	1	1				1	1584	0			10	0.3	1	0.3	0.3	150	30302		1	100	100	100	100	50			S03603001a			100	3000	0	0	1	1000	0.8	1						1500	500		6050			EF0401	36001			Skill_powerful_PC99_01						0					
	30303	8000	3.雷雨漫步	3.孫二娘	範圍攻擊	Rank 03	B1	150%	17	2030303	4030303	4130303	3	113		30303	0	7000			371	30302					1	0	0	1	1				1	3900	0			10	0.3	1	0.3	0.3	150	30303		1	100	100	100	100	50			S03603001a			100	3000	0	0	1	1000	0.8	1						1500	500		6050			EF0401	36001			Skill_powerful_PC99_01						0					
	30304	8000	3.雷雨漫步	3.孫二娘	範圍攻擊	Rank 04	B1	150%	25	2030304	4030304	4130304	4	114		30304	0	7000			486	30303					1	0	0	1	1				1	7684	0			10	0.3	1	0.3	0.3	150	30304		1	100	100	100	100	50			S03603001a			100	3000	0	0	1	1000	0.8	1						1500	500		6050			EF0401	36001			Skill_powerful_PC99_01						0					
	30305	8000	3.雷雨漫步	3.孫二娘	範圍攻擊	Rank 05	B1	150%	33	2030305	4030305	4130305	5	115		30305	0	7000			600	30304					1	0	0	1	1				1	12726	0			10	0.3	1	0.3	0.3	150	30305		1	100	100	100	100	50			S03603001a			100	3000	0	0	1	1000	0.8	1						1500	500		6050			EF0401	36001			Skill_powerful_PC99_01						0					
	30401	8000	4.憤怒戀人	3.孫二娘	範圍攻擊	Rank 01	B2	110%	26	2030401	4030401	4130401	1	116		30401	0	12000			500						1	0	0	1	1				1	8190	0			10	0.3	1	0.3	0.3	150	30401		1	200	200	200	200	50									0	3	500		1						2000	500		6030	S03603101	4013	EF0301	36030			Skill_powerful_PC99_01	SkillCamShock3					0					
	30402	8000	4.憤怒戀人	3.孫二娘	範圍攻擊	Rank 02	B2	110%	34	2030402	4030402	4130402	2	117		30402	0	12000			614	30401					1	0	0	1	1				1	13373	0			10	0.3	1	0.3	0.3	150	30402		1	200	200	200	200	50									0	3	500		1						2000	500		6030	S03603101	4013	EF0301	36030			Skill_powerful_PC99_01	SkillCamShock3					0					
	30403	8000	4.憤怒戀人	3.孫二娘	範圍攻擊	Rank 03	B2	110%	42	2030403	4030403	4130403	3	118		30403	0	12000			729	30402					1	0	0	1	1				1	21267	0			10	0.3	1	0.3	0.3	150	30403		1	200	200	200	200	50									0	3	500		1						2000	500		6030	S03603101	4013	EF0301	36030			Skill_powerful_PC99_01	SkillCamShock3					0					
	30404	8000	4.憤怒戀人	3.孫二娘	範圍攻擊	Rank 04	B2	110%	50	2030404	4030404	4130404	4	119		30404	0	12000			843	30403					1	0	0	1	1				1	32037	0			10	0.3	1	0.3	0.3	150	30404		1	200	200	200	200	50									0	3	500		1						2000	500		6030	S03603101	4013	EF0301	36030			Skill_powerful_PC99_01	SkillCamShock3					0					
	30405	8000	4.憤怒戀人	3.孫二娘	範圍攻擊	Rank 05	B2	110%	58	2030405	4030405	4130405	5	120		30405	0	12000			957	30404					1	0	0	1	1				1	43952	0			10	0.3	1	0.3	0.3	150	30405		1	200	200	200	200	50									0	3	500		1						2000	500		6030	S03603101	4013	EF0301	36030			Skill_powerful_PC99_01	SkillCamShock3					0					
	30501	8000	5.冰風爆	3.孫二娘	特殊攻擊	Rank 01	C1	70%	13	2030501	4030501	4130501	1	121		30501	0	16000	12000		440						1	0	0	1	1				1	2574	0			10	0.3	1	0.3	0.3	210	30501	30501	1	170	170	170	170	50									0	1			1						1500	1000		6020			EF0301	36020			Skill_powerful_PC99_01	SkillCamShock1					0					
	30502	8000	5.冰風爆	3.孫二娘	特殊攻擊	Rank 02	C1	70%	21	2030502	4030502	4130502	2	122		30502	0	16000	12000		600	30501					1	0	0	1	1				1	5610	0			10	0.3	1	0.3	0.3	210	30502	30502	1	170	170	170	170	50									0	1			1						1500	1000		6020			EF0301	36020			Skill_powerful_PC99_01	SkillCamShock1					0					
	30503	8000	5.冰風爆	3.孫二娘	特殊攻擊	Rank 03	C1	70%	29	2030503	4030503	4130503	3	123		30503	0	16000	12000		760	30502					1	0	0	1	1				1	9804	0			10	0.3	1	0.3	0.3	210	30503	30503	1	170	170	170	170	50									0	1			1						1500	1000		6020			EF0301	36020			Skill_powerful_PC99_01	SkillCamShock1					0					
	30504	8000	5.冰風爆	3.孫二娘	特殊攻擊	Rank 04	C1	70%	37	2030504	4030504	4130504	4	124		30504	0	16000	12000		920	30503					1	0	0	1	1				1	16238	0			10	0.3	1	0.3	0.3	210	30504	30504	1	170	170	170	170	50									0	1			1						1500	1000		6020			EF0301	36020			Skill_powerful_PC99_01	SkillCamShock1					0					
	30505	8000	5.冰風爆	3.孫二娘	特殊攻擊	Rank 05	C1	70%	45	2030505	4030505	4130505	5	125		30505	0	16000	12000		1080	30504					1	0	0	1	1				1	25218	0			10	0.3	1	0.3	0.3	210	30505	30505	1	170	170	170	170	50									0	1			1						1500	1000		6020			EF0301	36020			Skill_powerful_PC99_01	SkillCamShock1					0					
	30601	8000	6.冰晶昇華	3.孫二娘	特殊攻擊	Rank 01	C2	100%	32	2030601	4030601	4130601	1	126		30601	0	30000	20000		820						1	0	0	1	1				1	12095	0			10	0.3	1	0.3	0.3	100	30601	30601	1	200	200	200	200	50									0	3	300		1						1500	100		6050	S03605001		EF0301	36050			Skill_powerful_PC99_01	SkillCamShock2					0					
	30602	8000	6.冰晶昇華	3.孫二娘	特殊攻擊	Rank 02	C2	100%	39	2030602	4030602	4130602	2	127		30602	0	30000	20000		960	30601					1	0	0	1	1				1	17808	0			10	0.3	1	0.3	0.3	100	30602	30602	1	200	200	200	200	50									0	3	300		1						1500	100		6050	S03605001		EF0301	36050			Skill_powerful_PC99_01	SkillCamShock2					0					
	30603	8000	6.冰晶昇華	3.孫二娘	特殊攻擊	Rank 03	C2	100%	46	2030603	4030603	4130603	3	128		30603	0	30000	20000		1100	30602					1	0	0	1	1				1	26235	0			10	0.3	1	0.3	0.3	100	30603	30603	1	200	200	200	200	50									0	3	300		1						1500	100		6050	S03605001		EF0301	36050			Skill_powerful_PC99_01	SkillCamShock2					0					
	30604	8000	6.冰晶昇華	3.孫二娘	特殊攻擊	Rank 04	C2	100%	53	2030604	4030604	4130604	4	129		30604	0	30000	20000		1240	30603					1	0	0	1	1				1	35526	0			10	0.3	1	0.3	0.3	100	30604	30604	1	200	200	200	200	50									0	3	300		1						1500	100		6050	S03605001		EF0301	36050			Skill_powerful_PC99_01	SkillCamShock2					0					
	30605	8000	6.冰晶昇華	3.孫二娘	特殊攻擊	Rank 05	C2	100%	60	2030605	4030605	4130605	5	130		30605	0	30000	20000		1380	30604					1	0	0	1	1				1	49128	0			10	0.3	1	0.3	0.3	100	30605	30605	1	200	200	200	200	50									0	3	300		1						1500	100		6050	S03605001		EF0301	36050			Skill_powerful_PC99_01	SkillCamShock2					0					
	40101	8000	1.亂射	4.戴宗	射擊	Rank 01	A1	100%	1	2040101	4040101	4140101	1	101		40101	0	7000			111						1	0	0	1	1				1	400	0			10	1	0.3	0.3	0.3	130	40101		1	300	50	100	100	50									0	3	200		1						2000	1000		6040			EF0001	46040			Skill_powerful_PC99_01	SkillCamShock1					0					
	40102	8000	1.亂射	4.戴宗	射擊	Rank 02	A1	100%	6	2040102	4040102	4140102	2	102		40102	0	7000			167	40101					1	0	0	1	1				1	1050	0			10	1	0.3	0.3	0.3	130	40102		1	300	50	100	100	50									0	3	200		1						2000	1000		6040			EF0001	46040			Skill_powerful_PC99_01	SkillCamShock1					0					
	40103	8000	1.亂射	4.戴宗	射擊	Rank 03	A1	100%	11	2040103	4040103	4140103	3	103		40103	0	7000			222	40102					1	0	0	1	1				1	2100	0			10	1	0.3	0.3	0.3	130	40103		1	300	50	100	100	50									0	3	200		1						2000	1000		6040			EF0001	46040			Skill_powerful_PC99_01	SkillCamShock1					0					
	40104	8000	1.亂射	4.戴宗	射擊	Rank 04	A1	100%	16	2040104	4040104	4140104	4	104		40104	0	7000			278	40103					1	0	0	1	1				1	3575	0			10	1	0.3	0.3	0.3	130	40104		1	300	50	100	100	50									0	3	200		1						2000	1000		6040			EF0001	46040			Skill_powerful_PC99_01	SkillCamShock1					0					
	40105	8000	1.亂射	4.戴宗	射擊	Rank 05	A1	100%	21	2040105	4040105	4140105	5	105		40105	0	7000			333	40104					1	0	0	1	1				1	5610	0			10	1	0.3	0.3	0.3	130	40105		1	300	50	100	100	50									0	3	200		1						2000	1000		6040			EF0001	46040			Skill_powerful_PC99_01	SkillCamShock1					0					
	40201	8000	2.七星劍	4.戴宗	射擊	Rank 01	A2	100%	15	2040201	4040201	4140201	1	106		40201	0	4000			267						1	0	0	1	1				1	3264	0			10	1	0.3	0.3	0.3	120	40201		1	300	50	100	100	50			S04602101			50	1080	0	0	1	500		1						1260	150		6021			EF0001	46010			Skill_powerful_PC99_01	SkillCamShock1					0					
	40202	8000	2.七星劍	4.戴宗	射擊	Rank 02	A2	100%	23	2040202	4040202	4140202	2	107		40202	0	4000			356	40201					1	0	0	1	1				1	6432	0			10	1	0.3	0.3	0.3	120	40202		1	300	50	100	100	50			S04602101			50	1080	0	0	1	500		1						1260	150		6021			EF0001	46010			Skill_powerful_PC99_01	SkillCamShock1					0					
	40203	8000	2.七星劍	4.戴宗	射擊	Rank 03	A2	100%	31	2040203	4040203	4140203	3	108		40203	0	4000			444	40202					1	0	0	1	1				1	11480	0			10	1	0.3	0.3	0.3	120	40203		1	300	50	100	100	50			S04602101			50	1080	0	0	1	500		1						1260	150		6021			EF0001	46010			Skill_powerful_PC99_01	SkillCamShock1					0					
	40204	8000	2.七星劍	4.戴宗	射擊	Rank 04	A2	100%	39	2040204	4040204	4140204	4	109		40204	0	4000			533	40203					1	0	0	1	1				1	17808	0			10	1	0.3	0.3	0.3	120	40204		1	300	50	100	100	50			S04602101			50	1080	0	0	1	500		1						1260	150		6021			EF0001	46010			Skill_powerful_PC99_01	SkillCamShock1					0					
	40205	8000	2.七星劍	4.戴宗	射擊	Rank 05	A2	100%	47	2040205	4040205	4140205	5	110		40205	0	4000			622	40204					1	0	0	1	1				1	27272	0			10	1	0.3	0.3	0.3	120	40205		1	300	50	100	100	50			S04602101			50	1080	0	0	1	500		1						1260	150		6021			EF0001	46010			Skill_powerful_PC99_01	SkillCamShock1					0					
	40301	8000	3.還我精力腳	4.戴宗	射擊回復	Rank 01	C1	30%	1	2040301	4040301	4140301	1	111		40301	0	5000			200						1	0	0	0	1	1	1			0	0	300	0	10	0	0	0	0		40301		1	500	0	200	200	50	30		S04605006				1400	0	0	1	1500	1	1						1500	100		2021		10	EIB0001	42021									0					
	40302	8000	3.還我精力腳	4.戴宗	射擊回復	Rank 02	C1	30%	9	2040302	4040302	4140302	2	112		40302	0	5000			360	40301					1	0	0	0	1	1	1			0	0	540	0	10	0	0	0	0		40302		1	500	0	200	200	50	30		S04605006				1400	0	0	1	1500	1	1						1500	100		2021		10	EIB0001	42021									0					
	40303	8000	3.還我精力腳	4.戴宗	射擊回復	Rank 03	C1	30%	17	2040303	4040303	4140303	3	113		40303	0	5000			520	40302					1	0	0	0	1	1	1			0	0	780	0	10	0	0	0	0		40303		1	500	0	200	200	50	30		S04605006				1400	0	0	1	1500	1	1						1500	100		2021		10	EIB0001	42021									0					
	40304	8000	3.還我精力腳	4.戴宗	射擊回復	Rank 04	C1	30%	25	2040304	4040304	4140304	4	114		40304	0	5000			680	40303					1	0	0	0	1	1	1			0	0	1020	0	10	0	0	0	0		40304		1	500	0	200	200	50	30		S04605006				1400	0	0	1	1500	1	1						1500	100		2021		10	EIB0001	42021									0					
	40305	8000	3.還我精力腳	4.戴宗	射擊回復	Rank 05	C1	30%	33	2040305	4040305	4140305	5	115		40305	0	5000			840	40304					1	0	0	0	1	1	1			0	0	1260	0	10	0	0	0	0		40305		1	500	0	200	200	50	30		S04605006				1400	0	0	1	1500	1	1						1500	100		2021		10	EIB0001	42021									0					
	40401	8000	4.連環鏢	4.戴宗	範圍攻擊	Rank 01	B2	100%	26	2040401	4040401	4140401	1	116		40401	0	12000	4000		500						1	0	0	1	1				1	8190	0			10	1	0.3	0.3	0.3	130	40401	40401	1	200	200	200	200	50									0	3	400		1						2000	100		6031	S04603101	4013	EF0001	46031			Skill_powerful_PC99_01	SkillCamShock3					0					
	40402	8000	4.連環鏢	4.戴宗	範圍攻擊	Rank 02	B2	100%	34	2040402	4040402	4140402	2	117		40402	0	12000	4000		614	40401					1	0	0	1	1				1	13373	0			10	1	0.3	0.3	0.3	130	40402	40402	1	200	200	200	200	50									0	3	400		1						2000	100		6031	S04603101	4013	EF0001	46031			Skill_powerful_PC99_01	SkillCamShock3					0					
	40403	8000	4.連環鏢	4.戴宗	範圍攻擊	Rank 03	B2	100%	42	2040403	4040403	4140403	3	118		40403	0	12000	4000		729	40402					1	0	0	1	1				1	21267	0			10	1	0.3	0.3	0.3	130	40403	40403	1	200	200	200	200	50									0	3	400		1						2000	100		6031	S04603101	4013	EF0001	46031			Skill_powerful_PC99_01	SkillCamShock3					0					
	40404	8000	4.連環鏢	4.戴宗	範圍攻擊	Rank 04	B2	100%	50	2040404	4040404	4140404	4	119		40404	0	12000	4000		843	40403					1	0	0	1	1				1	32037	0			10	1	0.3	0.3	0.3	130	40404	40404	1	200	200	200	200	50									0	3	400		1						2000	100		6031	S04603101	4013	EF0001	46031			Skill_powerful_PC99_01	SkillCamShock3					0					
	40405	8000	4.連環鏢	4.戴宗	範圍攻擊	Rank 05	B2	100%	58	2040405	4040405	4140405	5	120		40405	0	12000	4000		957	40404					1	0	0	1	1				1	43952	0			10	1	0.3	0.3	0.3	130	40405	40405	1	200	200	200	200	50									0	3	400		1						2000	100		6031	S04603101	4013	EF0001	46031			Skill_powerful_PC99_01	SkillCamShock3					0					
	40501	8000	5.治療法陣	4.戴宗	回復物件	Rank 01	C2	80%	13	2040501	4040501	4140501	1	121		40501	0	20000	90000		440						1	0	0	0	1	1	1			0	0	180	0	10	0	0	0	0		40501	40501	1	150	150	150	150	50	20		S01605006			75	20000	0	0	1	2000	1	1						2000	800		8031	S04605010	10	EIB0001	48031									0					
	40502	8000	5.治療法陣	4.戴宗	回復物件	Rank 02	C2	80%	21	2040502	4040502	4140502	2	122		40502	0	20000	90000		600	40501					1	0	0	0	1	1	1			0	0	240	0	10	0	0	0	0		40502	40502	1	150	150	150	150	50	20		S01605006			75	20000	0	0	1	2000	1	1						2000	800		8031	S04605010	10	EIB0001	48031									0					
	40503	8000	5.治療法陣	4.戴宗	回復物件	Rank 03	C2	80%	29	2040503	4040503	4140503	3	123		40503	0	20000	90000		760	40502					1	0	0	0	1	1	1			0	0	300	0	10	0	0	0	0		40503	40503	1	150	150	150	150	50	20		S01605006			75	20000	0	0	1	2000	1	1						2000	800		8031	S04605010	10	EIB0001	48031									0					
	40504	8000	5.治療法陣	4.戴宗	回復物件	Rank 04	C2	80%	37	2040504	4040504	4140504	4	124		40504	0	20000	90000		920	40503					1	0	0	0	1	1	1			0	0	370	0	10	0	0	0	0		40504	40504	1	150	150	150	150	50	20		S01605006			75	20000	0	0	1	2000	1	1						2000	800		8031	S04605010	10	EIB0001	48031									0					
	40505	8000	5.治療法陣	4.戴宗	回復物件	Rank 05	C2	80%	45	2040505	4040505	4140505	5	125		40505	0	20000	90000		1080	40504					1	0	0	0	1	1	1			0	0	430	0	10	0	0	0	0		40505	40505	1	150	150	150	150	50	20		S01605006			75	20000	0	0	1	2000	1	1						2000	800		8031	S04605010	10	EIB0001	48031									0					
	40601	8000	6.聖光洗禮	4.戴宗	強化	Rank 01	C2		32	2040601	4040601	4140601	1	126		40601	0	5000	300000		820						1	0	0	0	0	1	1			0	0			10	0	0	0	0		40601	40601	1	180	180	180	180	50	20								0	1			1						1500	1000		6050	S04605005	10	Empty	46050			Skill_powerful_PC99_01						0					
	40602	8000	6.聖光洗禮	4.戴宗	強化	Rank 02	C2		39	2040602	4040602	4140602	2	127		40602	0	5000	300000		960	40601					1	0	0	0	0	1	1			0	0			10	0	0	0	0		40602	40602	1	180	180	180	180	50	20								0	1			1						1500	1000		6050	S04605005	10	Empty	46050			Skill_powerful_PC99_01						0					
	40603	8000	6.聖光洗禮	4.戴宗	強化	Rank 03	C2		46	2040603	4040603	4140603	3	128		40603	0	5000	300000		1100	40602					1	0	0	0	0	1	1			0	0			10	0	0	0	0		40603	40603	1	180	180	180	180	50	20								0	1			1						1500	1000		6050	S04605005	10	Empty	46050			Skill_powerful_PC99_01						0					
	40604	8000	6.聖光洗禮	4.戴宗	強化	Rank 04	C2		53	2040604	4040604	4140604	4	129		40604	0	5000	300000		1240	40603					1	0	0	0	0	1	1			0	0			10	0	0	0	0		40604	40604	1	180	180	180	180	50	20								0	1			1						1500	1000		6050	S04605005	10	Empty	46050			Skill_powerful_PC99_01						0					
	40605	8000	6.聖光洗禮	4.戴宗	強化	Rank 05	C2		60	2040605	4040605	4140605	5	130		40605	0	5000	300000		1380	40604					1	0	0	0	0	1	1			0	0			10	0	0	0	0		40605	40605	1	180	180	180	180	50	20								0	1			1						1500	1000		6050	S04605005	10	Empty	46050			Skill_powerful_PC99_01						0					
# 第二小隊																																																																																													
	50101	8000	1.亢龍有悔	5.史進	單向攻擊	Rank 01	A1	100%	1	2050101	4050101	4150101	1	101		50101	0	7000			111						1	0	0	1	1				1	400	0			10	0.3	0.3	0.3	1	180	50101		1	300	20	75	75	50									0	1			1	1	300	500	1	300	900	100		6050		4013	EF0101	56050			Skill_powerful_PC99_01	SkillCamShock2					0					
	50102	8000	1.亢龍有悔	5.史進	單向攻擊	Rank 02	A1	100%	6	2050102	4050102	4150102	2	102		50102	0	7000			167	50101					1	0	0	1	1				1	1050	0			10	0.3	0.3	0.3	1	180	50102		1	300	20	75	75	50									0	1			1	1	300	500	1	300	900	100		6050		4013	EF0101	56050			Skill_powerful_PC99_01	SkillCamShock2					0					
	50103	8000	1.亢龍有悔	5.史進	單向攻擊	Rank 03	A1	100%	11	2050103	4050103	4150103	3	103		50103	0	7000			222	50102					1	0	0	1	1				1	2100	0			10	0.3	0.3	0.3	1	180	50103		1	300	20	75	75	50									0	1			1	1	300	500	1	300	900	100		6050		4013	EF0101	56050			Skill_powerful_PC99_01	SkillCamShock2					0					
	50104	8000	1.亢龍有悔	5.史進	單向攻擊	Rank 04	A1	100%	16	2050104	4050104	4150104	4	104		50104	0	7000			278	50103					1	0	0	1	1				1	3575	0			10	0.3	0.3	0.3	1	180	50104		1	300	20	75	75	50									0	1			1	1	300	500	1	300	900	100		6050		4013	EF0101	56050			Skill_powerful_PC99_01	SkillCamShock2					0					
	50105	8000	1.亢龍有悔	5.史進	單向攻擊	Rank 05	A1	100%	21	2050105	4050105	4150105	5	105		50105	0	7000			333	50104					1	0	0	1	1				1	5610	0			10	0.3	0.3	0.3	1	180	50105		1	300	20	75	75	50									0	1			1	1	300	500	1	300	900	100		6050		4013	EF0101	56050			Skill_powerful_PC99_01	SkillCamShock2					0					
	50201	8000	2.九龍鬧海	5.史進	範圍攻擊	Rank 01	A2	100%	15	2050201	4050201	4150201	1	106		50201	0	7000			267						1	0	0	1	1				1	3264	0			10	0.3	0.3	0.3	1	100	50201		1	180	180	180	180	50									0	4	300		1						2000	200		6010		4013	EF0101	56010			Skill_powerful_PC99_01	SkillCamShock3					0					
	50202	8000	2.九龍鬧海	5.史進	範圍攻擊	Rank 02	A2	100%	23	2050202	4050202	4150202	2	107		50202	0	7000			356	50201					1	0	0	1	1				1	6432	0			10	0.3	0.3	0.3	1	100	50202		1	180	180	180	180	50									0	4	300		1						2000	200		6010		4013	EF0101	56010			Skill_powerful_PC99_01	SkillCamShock3					0					
	50203	8000	2.九龍鬧海	5.史進	範圍攻擊	Rank 03	A2	100%	31	2050203	4050203	4150203	3	108		50203	0	7000			444	50202					1	0	0	1	1				1	11480	0			10	0.3	0.3	0.3	1	100	50203		1	180	180	180	180	50									0	4	300		1						2000	200		6010		4013	EF0101	56010			Skill_powerful_PC99_01	SkillCamShock3					0					
	50204	8000	2.九龍鬧海	5.史進	範圍攻擊	Rank 04	A2	100%	39	2050204	4050204	4150204	4	109		50204	0	7000			533	50203					1	0	0	1	1				1	17808	0			10	0.3	0.3	0.3	1	100	50204		1	180	180	180	180	50									0	4	300		1						2000	200		6010		4013	EF0101	56010			Skill_powerful_PC99_01	SkillCamShock3					0					
	50205	8000	2.九龍鬧海	5.史進	範圍攻擊	Rank 05	A2	100%	47	2050205	4050205	4150205	5	110		50205	0	7000			622	50204					1	0	0	1	1				1	27272	0			10	0.3	0.3	0.3	1	100	50205		1	180	180	180	180	50									0	4	300		1						2000	200		6010		4013	EF0101	56010			Skill_powerful_PC99_01	SkillCamShock3					0					
	50301	8000	3.防禦破壞	5.史進	狀態	Rank 01	B1	70%	1	2050301	4050301	4150301	1	111		50301	0	16000	8000		143						1	0	0	1	1				1	400	0			10	0.3	0.3	0.3	1	200	50301	50301	1	200	20	100	100	10	30		S05605001		30		700	0	0	1	1000		1				1	15	1000	300		6080		4013	EF0101	56020			Skill_powerful_PC99_01	SkillCamShock1					0					
	50302	8000	3.防禦破壞	5.史進	狀態	Rank 02	B1	70%	9	2050302	4050302	4150302	2	112		50302	0	16000	8000		257	50301					1	0	0	1	1				1	1584	0			10	0.3	0.3	0.3	1	200	50302	50302	1	200	20	100	100	10	30		S05605001		30		700	0	0	1	1000		1				1	15	1000	300		6080		4013	EF0101	56020			Skill_powerful_PC99_01	SkillCamShock1					0					
	50303	8000	3.防禦破壞	5.史進	狀態	Rank 03	B1	70%	17	2050303	4050303	4150303	3	113		50303	0	16000	8000		371	50302					1	0	0	1	1				1	3900	0			10	0.3	0.3	0.3	1	200	50303	50303	1	200	20	100	100	10	30		S05605001		30		700	0	0	1	1000		1				1	15	1000	300		6080		4013	EF0101	56020			Skill_powerful_PC99_01	SkillCamShock1					0					
	50304	8000	3.防禦破壞	5.史進	狀態	Rank 04	B1	70%	25	2050304	4050304	4150304	4	114		50304	0	16000	8000		486	50303					1	0	0	1	1				1	7684	0			10	0.3	0.3	0.3	1	200	50304	50304	1	200	20	100	100	10	30		S05605001		30		700	0	0	1	1000		1				1	15	1000	300		6080		4013	EF0101	56020			Skill_powerful_PC99_01	SkillCamShock1					0					
	50305	8000	3.防禦破壞	5.史進	狀態	Rank 05	B1	70%	33	2050305	4050305	4150305	5	115		50305	0	16000	8000		600	50304					1	0	0	1	1				1	12726	0			10	0.3	0.3	0.3	1	200	50305	50305	1	200	20	100	100	10	30		S05605001		30		700	0	0	1	1000		1				1	15	1000	300		6080		4013	EF0101	56020			Skill_powerful_PC99_01	SkillCamShock1					0					
	50401	8000	4.烏雲蓋頂	5.史進	狀態	Rank 01	C1	70%	13	2050401	4050401	4150401	1	116		50401	0	12000	5000		440						1	0	0	1	1				1	2574	0			10	0.3	0.3	0.3	1	200	50401	50401	1	200	20	150	150	10	60		S05605002		60		700	0	0	1	1000		1						1000	300		6020			EF0001	56020			Skill_powerful_PC99_01	SkillCamShock1					0					
	50402	8000	4.烏雲蓋頂	5.史進	狀態	Rank 02	C1	70%	21	2050402	4050402	4150402	2	117		50402	0	12000	5000		600	50401					1	0	0	1	1				1	5610	0			10	0.3	0.3	0.3	1	200	50402	50402	1	200	20	150	150	10	60		S05605002		60		700	0	0	1	1000		1						1000	300		6020			EF0001	56020			Skill_powerful_PC99_01	SkillCamShock1					0					
	50403	8000	4.烏雲蓋頂	5.史進	狀態	Rank 03	C1	70%	29	2050403	4050403	4150403	3	118		50403	0	12000	5000		760	50402					1	0	0	1	1				1	9804	0			10	0.3	0.3	0.3	1	200	50403	50403	1	200	20	150	150	10	60		S05605002		60		700	0	0	1	1000		1						1000	300		6020			EF0001	56020			Skill_powerful_PC99_01	SkillCamShock1					0					
	50404	8000	4.烏雲蓋頂	5.史進	狀態	Rank 04	C1	70%	37	2050404	4050404	4150404	4	119		50404	0	12000	5000		920	50403					1	0	0	1	1				1	16238	0			10	0.3	0.3	0.3	1	200	50404	50404	1	200	20	150	150	10	60		S05605002		60		700	0	0	1	1000		1						1000	300		6020			EF0001	56020			Skill_powerful_PC99_01	SkillCamShock1					0					
	50405	8000	4.烏雲蓋頂	5.史進	狀態	Rank 05	C1	70%	45	2050405	4050405	4150405	5	120		50405	0	12000	5000		1080	50404					1	0	0	1	1				1	25218	0			10	0.3	0.3	0.3	1	200	50405	50405	1	200	20	150	150	10	60		S05605002		60		700	0	0	1	1000		1						1000	300		6020			EF0001	56020			Skill_powerful_PC99_01	SkillCamShock1					0					
	50501	8000	5.老樹盤根	5.史進	狀態	Rank 01	B2	70%	26	2050501	4050501	4150501	1	121		50501	0	15000	10000		500						1	0	0	1	1				1	8190	0			10	0.3	0.3	0.3	1	40	50501	50501	1	250	20	120	120	50									0	4	250		1	1	250	1100			1100	300		6090			EF0001	56060			Skill_powerful_PC99_01	SkillCamShock2					0					
	50502	8000	5.老樹盤根	5.史進	狀態	Rank 02	B2	70%	34	2050502	4050502	4150502	2	122		50502	0	15000	10000		614	50501					1	0	0	1	1				1	13373	0			10	0.3	0.3	0.3	1	40	50502	50502	1	250	20	120	120	50									0	4	250		1	1	250	1100			1100	300		6090			EF0001	56060			Skill_powerful_PC99_01	SkillCamShock2					0					
	50503	8000	5.老樹盤根	5.史進	狀態	Rank 03	B2	70%	42	2050503	4050503	4150503	3	123		50503	0	15000	10000		729	50502					1	0	0	1	1				1	21267	0			10	0.3	0.3	0.3	1	40	50503	50503	1	250	20	120	120	50									0	4	250		1	1	250	1100			1100	300		6090			EF0001	56060			Skill_powerful_PC99_01	SkillCamShock2					0					
	50504	8000	5.老樹盤根	5.史進	狀態	Rank 04	B2	70%	50	2050504	4050504	4150504	4	124		50504	0	15000	10000		843	50503					1	0	0	1	1				1	32037	0			10	0.3	0.3	0.3	1	40	50504	50504	1	250	20	120	120	50									0	4	250		1	1	250	1100			1100	300		6090			EF0001	56060			Skill_powerful_PC99_01	SkillCamShock2					0					
	50505	8000	5.老樹盤根	5.史進	狀態	Rank 05	B2	70%	58	2050505	4050505	4150505	5	125		50505	0	15000	10000		957	50504					1	0	0	1	1				1	43952	0			10	0.3	0.3	0.3	1	40	50505	50505	1	250	20	120	120	50									0	4	250		1	1	250	1100			1100	300		6090			EF0001	56060			Skill_powerful_PC99_01	SkillCamShock2					0					
	50601	8000	6.弱化攻擊	5.史進	狀態	Rank 01	C2	70%	32	2050601	4050601	4150601	1	126		50601	0	16000	8000		820						1	0	0	1	1				1	12095	0			10	0.3	0.3	0.3	1	140	50601	50601	1	200	20	150	150	50									0	1			1						1000	300		6070			EF0101	56070			Skill_powerful_PC99_01	SkillCamShock2					0					
	50602	8000	6.弱化攻擊	5.史進	狀態	Rank 02	C2	70%	39	2050602	4050602	4150602	2	127		50602	0	16000	8000		960	50601					1	0	0	1	1				1	17808	0			10	0.3	0.3	0.3	1	140	50602	50602	1	200	20	150	150	50									0	1			1						1000	300		6070			EF0101	56070			Skill_powerful_PC99_01	SkillCamShock2					0					
	50603	8000	6.弱化攻擊	5.史進	狀態	Rank 03	C2	70%	46	2050603	4050603	4150603	3	128		50603	0	16000	8000		1100	50602					1	0	0	1	1				1	26235	0			10	0.3	0.3	0.3	1	140	50603	50603	1	200	20	150	150	50									0	1			1						1000	300		6070			EF0101	56070			Skill_powerful_PC99_01	SkillCamShock2					0					
	50604	8000	6.弱化攻擊	5.史進	狀態	Rank 04	C2	70%	53	2050604	4050604	4150604	4	129		50604	0	16000	8000		1240	50603					1	0	0	1	1				1	35526	0			10	0.3	0.3	0.3	1	140	50604	50604	1	200	20	150	150	50									0	1			1						1000	300		6070			EF0101	56070			Skill_powerful_PC99_01	SkillCamShock2					0					
	50605	8000	6.弱化攻擊	5.史進	狀態	Rank 05	C2	70%	60	2050605	4050605	4150605	5	130		50605	0	16000	8000		1380	50604					1	0	0	1	1				1	49128	0			10	0.3	0.3	0.3	1	140	50605	50605	1	200	20	150	150	50									0	1			1						1000	300		6070			EF0101	56070			Skill_powerful_PC99_01	SkillCamShock2					0					
	60101	8000	1.烈火快斧	6.李逵	單向攻擊	Rank 01	A1	100%	1	2060101	4060101	4160101	1	101		60101	0	9000			111					120	1	0	0	1	1				1	400	0			10	0.3	0.3	1	0.3	70	60101		1	150	20	75	75	50									0	6	100		1						2000	300		6020			EF0201	66020			Skill_powerful_PC99_01	SkillCamShock2					0					
	60102	8000	1.烈火快斧	6.李逵	單向攻擊	Rank 02	A1	100%	6	2060102	4060102	4160102	2	102		60102	0	9000			167	60101				294	1	0	0	1	1				1	1050	0			10	0.3	0.3	1	0.3	70	60102		1	150	20	75	75	50									0	6	100		1						2000	300		6020			EF0201	66020			Skill_powerful_PC99_01	SkillCamShock2					0					
	60103	8000	1.烈火快斧	6.李逵	單向攻擊	Rank 03	A1	100%	11	2060103	4060103	4160103	3	103		60103	0	9000			222	60102				398	1	0	0	1	1				1	2100	0			10	0.3	0.3	1	0.3	70	60103		1	150	20	75	75	50									0	6	100		1						2000	300		6020			EF0201	66020			Skill_powerful_PC99_01	SkillCamShock2					0					
	60104	8000	1.烈火快斧	6.李逵	單向攻擊	Rank 04	A1	100%	16	2060104	4060104	4160104	4	104		60104	0	9000			278	60103				480	1	0	0	1	1				1	3575	0			10	0.3	0.3	1	0.3	70	60104		1	150	20	75	75	50									0	6	100		1						2000	300		6020			EF0201	66020			Skill_powerful_PC99_01	SkillCamShock2					0					
	60105	8000	1.烈火快斧	6.李逵	單向攻擊	Rank 05	A1	100%	21	2060105	4060105	4160105	5	105		60105	0	9000			333	60104				550	1	0	0	1	1				1	5610	0			10	0.3	0.3	1	0.3	70	60105		1	150	20	75	75	50									0	6	100		1						2000	300		6020			EF0201	66020			Skill_powerful_PC99_01	SkillCamShock2					0					
	60201	8000	2.野火燎原	6.李逵	單向攻擊	Rank 01	B2	100%	26	2060201	4060201	4160201	1	106		60201	0	9000			500					612	1	0	0	1	1				1	8190	0			10	0.3	0.3	1	0.3	130	60201		1	100	100	100	100	50									0	3	200		1						2000	300		6080			EF0201	66080			Skill_powerful_PC99_01	SkillCamShock3					0					
	60202	8000	2.野火燎原	6.李逵	單向攻擊	Rank 02	B2	100%	34	2060202	4060202	4160202	2	107		60202	0	9000			614	60201				700	1	0	0	1	1				1	13373	0			10	0.3	0.3	1	0.3	130	60202		1	100	100	100	100	50									0	3	200		1						2000	300		6080			EF0201	66080			Skill_powerful_PC99_01	SkillCamShock3					0					
	60203	8000	2.野火燎原	6.李逵	單向攻擊	Rank 03	B2	100%	42	2060203	4060203	4160203	3	108		60203	0	9000			729	60202				778	1	0	0	1	1				1	21267	0			10	0.3	0.3	1	0.3	130	60203		1	100	100	100	100	50									0	3	200		1						2000	300		6080			EF0201	66080			Skill_powerful_PC99_01	SkillCamShock3					0					
	60204	8000	2.野火燎原	6.李逵	單向攻擊	Rank 04	B2	100%	50	2060204	4060204	4160204	4	109		60204	0	9000			843	60203				849	1	0	0	1	1				1	32037	0			10	0.3	0.3	1	0.3	130	60204		1	100	100	100	100	50									0	3	200		1						2000	300		6080			EF0201	66080			Skill_powerful_PC99_01	SkillCamShock3					0					
	60205	8000	2.野火燎原	6.李逵	單向攻擊	Rank 05	B2	100%	58	2060205	4060205	4160205	5	110		60205	0	9000			957	60204				914	1	0	0	1	1				1	43952	0			10	0.3	0.3	1	0.3	130	60205		1	100	100	100	100	50									0	3	200		1						2000	300		6080			EF0201	66080			Skill_powerful_PC99_01	SkillCamShock3					0					
	60301	8000	3.銅牆鐵壁	6.李逵	強化	Rank 01	B1		1	2060301	4060301	4160301	1	111		60301	0	12000	15000		143					120	1	0	0	0	0	1				0	0			10	0	0	0	0		60301	60301	1	50	50	50	50	50									0	1			1						100	100		10		10	EF0001	66070			Skill_powerful_PC99_01	SkillCamShock1					0					
	60302	8000	3.銅牆鐵壁	6.李逵	強化	Rank 02	B1		9	2060302	4060302	4160302	2	112		60302	0	12000	15000		257	60301				360	1	0	0	0	0	1				0	0			10	0	0	0	0		60302	60302	1	50	50	50	50	50									0	1			1						100	100		10		10	EF0001	66070			Skill_powerful_PC99_01	SkillCamShock1					0					
	60303	8000	3.銅牆鐵壁	6.李逵	強化	Rank 03	B1		17	2060303	4060303	4160303	3	113		60303	0	12000	15000		371	60302				495	1	0	0	0	0	1				0	0			10	0	0	0	0		60303	60303	1	50	50	50	50	50									0	1			1						100	100		10		10	EF0001	66070			Skill_powerful_PC99_01	SkillCamShock1					0					
	60304	8000	3.銅牆鐵壁	6.李逵	強化	Rank 04	B1		25	2060304	4060304	4160304	4	114		60304	0	12000	15000		486	60303				600	1	0	0	0	0	1				0	0			10	0	0	0	0		60304	60304	1	50	50	50	50	50									0	1			1						100	100		10		10	EF0001	66070			Skill_powerful_PC99_01	SkillCamShock1					0					
	60305	8000	3.銅牆鐵壁	6.李逵	強化	Rank 05	B1		33	2060305	4060305	4160305	5	115		60305	0	12000	15000		600	60304				689	1	0	0	0	0	1				0	0			10	0	0	0	0		60305	60305	1	50	50	50	50	50									0	1			1						100	100		10		10	EF0001	66070			Skill_powerful_PC99_01	SkillCamShock1					0					
	60401	8000	4.身強體壯	6.李逵	強化	Rank 01	A2		15	2060401	4060401	4160401	1	116		60401	0	10000	900000		267					465	1	0	0	0	0	1				0	0			10	0	0	0	0		60401	60401	1	50	50	50	50	50									0	1			1						1500	1000		6070		10	EF0001	66070			Skill_powerful_PC99_01	SkillCamShock1					0					
	60402	8000	4.身強體壯	6.李逵	強化	Rank 02	A2		23	2060402	4060402	4160402	2	117		60402	0	10000	900000		356	60401				575	1	0	0	0	0	1				0	0			10	0	0	0	0		60402	60402	1	50	50	50	50	50									0	1			1						1500	1000		6070		10	EF0001	66070			Skill_powerful_PC99_01	SkillCamShock1					0					
	60403	8000	4.身強體壯	6.李逵	強化	Rank 03	A2		31	2060403	4060403	4160403	3	118		60403	0	10000	900000		444	60402				668	1	0	0	0	0	1				0	0			10	0	0	0	0		60403	60403	1	50	50	50	50	50									0	1			1						1500	1000		6070		10	EF0001	66070			Skill_powerful_PC99_01	SkillCamShock1					0					
	60404	8000	4.身強體壯	6.李逵	強化	Rank 04	A2		39	2060404	4060404	4160404	4	119		60404	0	10000	900000		533	60403				749	1	0	0	0	0	1				0	0			10	0	0	0	0		60404	60404	1	50	50	50	50	50									0	1			1						1500	1000		6070		10	EF0001	66070			Skill_powerful_PC99_01	SkillCamShock1					0					
	60405	8000	4.身強體壯	6.李逵	強化	Rank 05	A2		47	2060405	4060405	4160405	5	120		60405	0	10000	900000		622	60404				823	1	0	0	0	0	1				0	0			10	0	0	0	0		60405	60405	1	50	50	50	50	50									0	1			1						1500	1000		6070		10	EF0001	66070			Skill_powerful_PC99_01	SkillCamShock1					0					
	60501	8000	5.怒火中燒	6.李逵	挑釁	Rank 01	C1	70%	13	2060501	4060501	4160501	1	121		60501	0	7000			440					2163	1	0	0	1	1				1	2574	0			10	0.3	0.3	0.3	1	210	60501		1	300	300	300	300	50									0	1			1				1	-25	1500	1000		6090		4013	EF0201	66090			Skill_powerful_PC99_01	SkillCamShock2					0					
	60502	8000	5.怒火中燒	6.李逵	挑釁	Rank 02	C1	70%	21	2060502	4060502	4160502	2	122		60502	0	7000			600	60501				2750	1	0	0	1	1				1	5610	0			10	0.3	0.3	0.3	1	210	60502		1	300	300	300	300	50									0	1			1				1	-35	1500	1000		6090		4013	EF0201	66090			Skill_powerful_PC99_01	SkillCamShock2					0					
	60503	8000	5.怒火中燒	6.李逵	挑釁	Rank 03	C1	70%	29	2060503	4060503	4160503	3	123		60503	0	7000			760	60502				3231	1	0	0	1	1				1	9804	0			10	0.3	0.3	0.3	1	210	60503		1	300	300	300	300	50									0	1			1				1	-45	1500	1000		6090		4013	EF0201	66090			Skill_powerful_PC99_01	SkillCamShock2					0					
	60504	8000	5.怒火中燒	6.李逵	挑釁	Rank 04	C1	70%	37	2060504	4060504	4160504	4	124		60504	0	7000			920	60503				3650	1	0	0	1	1				1	16238	0			10	0.3	0.3	0.3	1	210	60504		1	300	300	300	300	50									0	1			1				1	-55	1500	1000		6090		4013	EF0201	66090			Skill_powerful_PC99_01	SkillCamShock2					0					
	60505	8000	5.怒火中燒	6.李逵	挑釁	Rank 05	C1	70%	45	2060505	4060505	4160505	5	125		60505	0	7000			1080	60504				4025	1	0	0	1	1				1	25218	0			10	0.3	0.3	0.3	1	210	60505		1	300	300	300	300	50									0	1			1				1	-65	1500	1000		6090		4013	EF0201	66090			Skill_powerful_PC99_01	SkillCamShock2					0					
	60601	8000	6.威震八方	6.李逵	狀態	Rank 01	C2	50%	32	2060601	4060601	4160601	1	126		60601	0	18000	5000		820					679	1	0	0	1	1				1	12095	0			10	0.3	0.3	0.3	1	150	60601	60601	1	200	200	200	200	50									0	1			1						1500	1000		6050		4012	EF0201	66050			Skill_powerful_PC99_01	SkillCamShock2					0					
	60602	8000	6.威震八方	6.李逵	狀態	Rank 02	C2	50%	39	2060602	4060602	4160602	2	127		60602	0	18000	5000		960	60601				749	1	0	0	1	1				1	17808	0			10	0.3	0.3	0.3	1	150	60602	60602	1	200	200	200	200	50									0	1			1						1500	1000		6050		4012	EF0201	66050			Skill_powerful_PC99_01	SkillCamShock2					0					
	60603	8000	6.威震八方	6.李逵	狀態	Rank 03	C2	50%	46	2060603	4060603	4160603	3	128		60603	0	18000	5000		1100	60602				814	1	0	0	1	1				1	26235	0			10	0.3	0.3	0.3	1	150	60603	60603	1	200	200	200	200	50									0	1			1						1500	1000		6050		4012	EF0201	66050			Skill_powerful_PC99_01	SkillCamShock2					0					
	60604	8000	6.威震八方	6.李逵	狀態	Rank 04	C2	50%	53	2060604	4060604	4160604	4	129		60604	0	18000	5000		1240	60603				874	1	0	0	1	1				1	35526	0			10	0.3	0.3	0.3	1	150	60604	60604	1	200	200	200	200	50									0	1			1						1500	1000		6050		4012	EF0201	66050			Skill_powerful_PC99_01	SkillCamShock2					0					
	60605	8000	6.威震八方	6.李逵	狀態	Rank 05	C2	50%	60	2060605	4060605	4160605	5	130		60605	0	18000	5000		1380	60604				930	1	0	0	1	1				1	49128	0			10	0.3	0.3	0.3	1	150	60605	60605	1	200	200	200	200	50									0	1			1						1500	1000		6050		4012	EF0201	66050			Skill_powerful_PC99_01	SkillCamShock2					0					
	70101	8000	1.捨身一擊	7.顧大嫂	單向攻擊	Rank 01	A1	100%	1	2070101	4070101	4170101	1	101		70101	0	5000			111						1	0	0	1	1				1	400	0			10	0.3	1	0.3	0.3	150	70101		0	200	20	50	50	50									0	2	300		1						1500	500		6020		4013	EF0001	76020			Skill_powerful_PC99_01	SkillCamShock3					0					
	70102	8000	1.捨身一擊	7.顧大嫂	單向攻擊	Rank 02	A1	100%	6	2070102	4070102	4170102	2	102		70102	0	5000			167	70101					1	0	0	1	1				1	1050	0			10	0.3	1	0.3	0.3	150	70102		0	200	20	50	50	50									0	2	300		1						1500	500		6020		4013	EF0001	76020			Skill_powerful_PC99_01	SkillCamShock3					0					
	70103	8000	1.捨身一擊	7.顧大嫂	單向攻擊	Rank 03	A1	100%	11	2070103	4070103	4170103	3	103		70103	0	5000			222	70102					1	0	0	1	1				1	2100	0			10	0.3	1	0.3	0.3	150	70103		0	200	20	50	50	50									0	2	300		1						1500	500		6020		4013	EF0001	76020			Skill_powerful_PC99_01	SkillCamShock3					0					
	70104	8000	1.捨身一擊	7.顧大嫂	單向攻擊	Rank 04	A1	100%	16	2070104	4070104	4170104	4	104		70104	0	5000			278	70103					1	0	0	1	1				1	3575	0			10	0.3	1	0.3	0.3	150	70104		0	200	20	50	50	50									0	2	300		1						1500	500		6020		4013	EF0001	76020			Skill_powerful_PC99_01	SkillCamShock3					0					
	70105	8000	1.捨身一擊	7.顧大嫂	單向攻擊	Rank 05	A1	100%	21	2070105	4070105	4170105	5	105		70105	0	5000			333	70104					1	0	0	1	1				1	5610	0			10	0.3	1	0.3	0.3	150	70105		0	200	20	50	50	50									0	2	300		1						1500	500		6020		4013	EF0001	76020			Skill_powerful_PC99_01	SkillCamShock3					0					
	70201	8000	2.流星趕月	7.顧大嫂	單向攻擊	Rank 01	A2	100%	15	2070201	4070201	4170201	1	106		70201	0	7000			267						1	0	0	1	1				1	3264	0			10	0.3	1	0.3	0.3	100	70201		1	150	50	75	75	50									0	3	400		1				1	50	1500	400		6060		4013	EF0001	76060			Skill_powerful_PC99_01	SkillCamShock3					0					
	70202	8000	2.流星趕月	7.顧大嫂	單向攻擊	Rank 02	A2	100%	23	2070202	4070202	4170202	2	107		70202	0	7000			356	70201					1	0	0	1	1				1	6432	0			10	0.3	1	0.3	0.3	100	70202		1	150	50	75	75	50									0	3	400		1				1	50	1500	400		6060		4013	EF0001	76060			Skill_powerful_PC99_01	SkillCamShock3					0					
	70203	8000	2.流星趕月	7.顧大嫂	單向攻擊	Rank 03	A2	100%	31	2070203	4070203	4170203	3	108		70203	0	7000			444	70202					1	0	0	1	1				1	11480	0			10	0.3	1	0.3	0.3	100	70203		1	150	50	75	75	50									0	3	400		1				1	50	1500	400		6060		4013	EF0001	76060			Skill_powerful_PC99_01	SkillCamShock3					0					
	70204	8000	2.流星趕月	7.顧大嫂	單向攻擊	Rank 04	A2	100%	39	2070204	4070204	4170204	4	109		70204	0	7000			533	70203					1	0	0	1	1				1	17808	0			10	0.3	1	0.3	0.3	100	70204		1	150	50	75	75	50									0	3	400		1				1	50	1500	400		6060		4013	EF0001	76060			Skill_powerful_PC99_01	SkillCamShock3					0					
	70205	8000	2.流星趕月	7.顧大嫂	單向攻擊	Rank 05	A2	100%	47	2070205	4070205	4170205	5	110		70205	0	7000			622	70204					1	0	0	1	1				1	27272	0			10	0.3	1	0.3	0.3	100	70205		1	150	50	75	75	50									0	3	400		1				1	50	1500	400		6060		4013	EF0001	76060			Skill_powerful_PC99_01	SkillCamShock3					0					
	70301	8000	3.震撼攻擊	7.顧大嫂	狀態	Rank 01	C1	70%	13	2070301	4070301	4170301	1	111		70301	0	15000	5000		440						1	0	0	1	1				1	2574	0			10	0.3	1	0.3	0.3	210	70301	70301	1	200	50	60	60	50									0	1			1						1500	700		6030		4013	EF0001	76030			Skill_powerful_PC99_01	SkillCamShock3					0					
	70302	8000	3.震撼攻擊	7.顧大嫂	狀態	Rank 02	C1	70%	21	2070302	4070302	4170302	2	112		70302	0	15000	5000		600	70301					1	0	0	1	1				1	5610	0			10	0.3	1	0.3	0.3	210	70302	70302	1	200	50	60	60	50									0	1			1						1500	700		6030		4013	EF0001	76030			Skill_powerful_PC99_01	SkillCamShock3					0					
	70303	8000	3.震撼攻擊	7.顧大嫂	狀態	Rank 03	C1	70%	29	2070303	4070303	4170303	3	113		70303	0	15000	5000		760	70302					1	0	0	1	1				1	9804	0			10	0.3	1	0.3	0.3	210	70303	70303	1	200	50	60	60	50									0	1			1						1500	700		6030		4013	EF0001	76030			Skill_powerful_PC99_01	SkillCamShock3					0					
	70304	8000	3.震撼攻擊	7.顧大嫂	狀態	Rank 04	C1	70%	37	2070304	4070304	4170304	4	114		70304	0	15000	5000		920	70303					1	0	0	1	1				1	16238	0			10	0.3	1	0.3	0.3	210	70304	70304	1	200	50	60	60	50									0	1			1						1500	700		6030		4013	EF0001	76030			Skill_powerful_PC99_01	SkillCamShock3					0					
	70305	8000	3.震撼攻擊	7.顧大嫂	狀態	Rank 05	C1	70%	45	2070305	4070305	4170305	5	115		70305	0	15000	5000		1080	70304					1	0	0	1	1				1	25218	0			10	0.3	1	0.3	0.3	210	70305	70305	1	200	50	60	60	50									0	1			1						1500	700		6030		4013	EF0001	76030			Skill_powerful_PC99_01	SkillCamShock3					0					
	70401	8000	4.鏡花水月	7.顧大嫂	強化	Rank 01	C2		32	2070401	4070401	4170401	1	116		70401	0	20000	10000		820						1	0	0	0	0	1				0	0			10	0	0	0	0		70401	70401	1	50	50	50	50	50									0	1			1						1500	1000		6040		10		76040			Skill_powerful_PC99_01	SkillCamShock3					0					
	70402	8000	4.鏡花水月	7.顧大嫂	強化	Rank 02	C2		39	2070402	4070402	4170402	2	117		70402	0	20000	10000		960	70401					1	0	0	0	0	1				0	0			10	0	0	0	0		70402	70402	1	50	50	50	50	50									0	1			1						1500	1000		6040		10		76040			Skill_powerful_PC99_01	SkillCamShock3					0					
	70403	8000	4.鏡花水月	7.顧大嫂	強化	Rank 03	C2		46	2070403	4070403	4170403	3	118		70403	0	20000	10000		1100	70402					1	0	0	0	0	1				0	0			10	0	0	0	0		70403	70403	1	50	50	50	50	50									0	1			1						1500	1000		6040		10		76040			Skill_powerful_PC99_01	SkillCamShock3					0					
	70404	8000	4.鏡花水月	7.顧大嫂	強化	Rank 04	C2		53	2070404	4070404	4170404	4	119		70404	0	20000	10000		1240	70403					1	0	0	0	0	1				0	0			10	0	0	0	0		70404	70404	1	50	50	50	50	50									0	1			1						1500	1000		6040		10		76040			Skill_powerful_PC99_01	SkillCamShock3					0					
	70405	8000	4.鏡花水月	7.顧大嫂	強化	Rank 05	C2		60	2070405	4070405	4170405	5	120		70405	0	20000	10000		1380	70404					1	0	0	0	0	1				0	0			10	0	0	0	0		70405	70405	1	50	50	50	50	50									0	1			1						1500	1000		6040		10		76040			Skill_powerful_PC99_01	SkillCamShock3					0					
	70501	8000	5.怒不可遏	7.顧大嫂	強化	Rank 01	B1		1	2070501	4070501	4170501	1	121		70501	0	10000	15000		143						1	0	0	0	0	1				0	0			10	0	0	0	0		70501	70501	1	50	50	50	50	50									0	1			1						100	100		10	B07601001	10		76050			Skill_powerful_PC99_01	SkillCamShock1					0					
	70502	8000	5.怒不可遏	7.顧大嫂	強化	Rank 02	B1		9	2070502	4070502	4170502	2	122		70502	0	10000	15000		257	70501					1	0	0	0	0	1				0	0			10	0	0	0	0		70502	70502	1	50	50	50	50	50									0	1			1						100	100		10	B07601001	10		76050			Skill_powerful_PC99_01	SkillCamShock1					0					
	70503	8000	5.怒不可遏	7.顧大嫂	強化	Rank 03	B1		17	2070503	4070503	4170503	3	123		70503	0	10000	15000		371	70502					1	0	0	0	0	1				0	0			10	0	0	0	0		70503	70503	1	50	50	50	50	50									0	1			1						100	100		10	B07601001	10		76050			Skill_powerful_PC99_01	SkillCamShock1					0					
	70504	8000	5.怒不可遏	7.顧大嫂	強化	Rank 04	B1		25	2070504	4070504	4170504	4	124		70504	0	10000	15000		486	70503					1	0	0	0	0	1				0	0			10	0	0	0	0		70504	70504	1	50	50	50	50	50									0	1			1						100	100		10	B07601001	10		76050			Skill_powerful_PC99_01	SkillCamShock1					0					
	70505	8000	5.怒不可遏	7.顧大嫂	強化	Rank 05	B1		33	2070505	4070505	4170505	5	125		70505	0	10000	15000		600	70504					1	0	0	0	0	1				0	0			10	0	0	0	0		70505	70505	1	50	50	50	50	50									0	1			1						100	100		10	B07601001	10		76050			Skill_powerful_PC99_01	SkillCamShock1					0					
	70601	8000	6.激發鬥志	7.顧大嫂	強化	Rank 01	B2		26	2070601	4070601	4170601	1	126		70601	0	5000	300000		500						1	0	0	0	0	1	1			0	0			10	0	0	0	0		70601	70601	1	120	120	120	120	50									0	1			1						1500	1000		6010		10		76010			Skill_powerful_PC99_01	SkillCamShock2					0					
	70602	8000	6.激發鬥志	7.顧大嫂	強化	Rank 02	B2		34	2070602	4070602	4170602	2	127		70602	0	5000	300000		614	70601					1	0	0	0	0	1	1			0	0			10	0	0	0	0		70602	70602	1	120	120	120	120	50									0	1			1						1500	1000		6010		10		76010			Skill_powerful_PC99_01	SkillCamShock2					0					
	70603	8000	6.激發鬥志	7.顧大嫂	強化	Rank 03	B2		42	2070603	4070603	4170603	3	128		70603	0	5000	300000		729	70602					1	0	0	0	0	1	1			0	0			10	0	0	0	0		70603	70603	1	120	120	120	120	50									0	1			1						1500	1000		6010		10		76010			Skill_powerful_PC99_01	SkillCamShock2					0					
	70604	8000	6.激發鬥志	7.顧大嫂	強化	Rank 04	B2		50	2070604	4070604	4170604	4	129		70604	0	5000	300000		843	70603					1	0	0	0	0	1	1			0	0			10	0	0	0	0		70604	70604	1	120	120	120	120	50									0	1			1						1500	1000		6010		10		76010			Skill_powerful_PC99_01	SkillCamShock2					0					
	70605	8000	6.激發鬥志	7.顧大嫂	強化	Rank 05	B2		58	2070605	4070605	4170605	5	130		70605	0	5000	300000		957	70604					1	0	0	0	0	1	1			0	0			10	0	0	0	0		70605	70605	1	120	120	120	120	50									0	1			1						1500	1000		6010		10		76010			Skill_powerful_PC99_01	SkillCamShock2					0					
	80101	8000	1.瞄準射擊	8.花榮	射擊	Rank 01	A1	100%	1	2080101	4080101	4180101	1	101		80101	0	6500			111						1	0	0	1	1				1	400	0			10	1	0.3	0.3	0.3	300	80101		1	1	0	30	30	10	10		S08601001a		30	50	600	600	100	1	100	1	1						1500	500		6010			EF0001	86010			Skill_powerful_PC99_01						0					
	80102	8000	1.瞄準射擊	8.花榮	射擊	Rank 02	A1	100%	6	2080102	4080102	4180102	2	102		80102	0	6500			167	80101					1	0	0	1	1				1	1050	0			10	1	0.3	0.3	0.3	300	80102		1	1	0	30	30	10	10		S08601001a		30	50	600	600	100	1	100	1	1						1500	500		6010			EF0001	86010			Skill_powerful_PC99_01						0					
	80103	8000	1.瞄準射擊	8.花榮	射擊	Rank 03	A1	100%	11	2080103	4080103	4180103	3	103		80103	0	6500			222	80102					1	0	0	1	1				1	2100	0			10	1	0.3	0.3	0.3	300	80103		1	1	0	30	30	10	10		S08601001a		30	50	600	600	100	1	100	1	1						1500	500		6010			EF0001	86010			Skill_powerful_PC99_01						0					
	80104	8000	1.瞄準射擊	8.花榮	射擊	Rank 04	A1	100%	16	2080104	4080104	4180104	4	104		80104	0	6500			278	80103					1	0	0	1	1				1	3575	0			10	1	0.3	0.3	0.3	300	80104		1	1	0	30	30	10	10		S08601001a		30	50	600	600	100	1	100	1	1						1500	500		6010			EF0001	86010			Skill_powerful_PC99_01						0					
	80105	8000	1.瞄準射擊	8.花榮	射擊	Rank 05	A1	100%	21	2080105	4080105	4180105	5	105		80105	0	6500			333	80104					1	0	0	1	1				1	5610	0			10	1	0.3	0.3	0.3	300	80105		1	1	0	30	30	10	10		S08601001a		30	50	600	600	100	1	100	1	1						1500	500		6010			EF0001	86010			Skill_powerful_PC99_01						0					
	80201	8000	2.震退射擊	8.花榮	射擊	Rank 01	A2	100%	15	2080201	4080201	4180201	1	106		80201	0	9000	3000		267						1	0	0	1	1				1	3264	0			10	1	0.3	0.3	0.3	300	80201	80201	1	1	0	50	50	10	10		S08601001b		30	50	1800	600	100	1	300	1	1				1	150	1500	500		6060		4013	EF0001	86060			Skill_powerful_PC99_01						0					
	80202	8000	2.震退射擊	8.花榮	射擊	Rank 02	A2	100%	23	2080202	4080202	4180202	2	107		80202	0	9000	3000		356	80201					1	0	0	1	1				1	6432	0			10	1	0.3	0.3	0.3	300	80202	80202	1	1	0	50	50	10	10		S08601001b		30	50	1800	600	100	1	300	1	1				1	150	1500	500		6060		4013	EF0001	86060			Skill_powerful_PC99_01						0					
	80203	8000	2.震退射擊	8.花榮	射擊	Rank 03	A2	100%	31	2080203	4080203	4180203	3	108		80203	0	9000	3000		444	80202					1	0	0	1	1				1	11480	0			10	1	0.3	0.3	0.3	300	80203	80203	1	1	0	50	50	10	10		S08601001b		30	50	1800	600	100	1	300	1	1				1	150	1500	500		6060		4013	EF0001	86060			Skill_powerful_PC99_01						0					
	80204	8000	2.震退射擊	8.花榮	射擊	Rank 04	A2	100%	39	2080204	4080204	4180204	4	109		80204	0	9000	3000		533	80203					1	0	0	1	1				1	17808	0			10	1	0.3	0.3	0.3	300	80204	80204	1	1	0	50	50	10	10		S08601001b		30	50	1800	600	100	1	300	1	1				1	150	1500	500		6060		4013	EF0001	86060			Skill_powerful_PC99_01						0					
	80205	8000	2.震退射擊	8.花榮	射擊	Rank 05	A2	100%	47	2080205	4080205	4180205	5	110		80205	0	9000	3000		622	80204					1	0	0	1	1				1	27272	0			10	1	0.3	0.3	0.3	300	80205	80205	1	1	0	50	50	10	10		S08601001b		30	50	1800	600	100	1	300	1	1				1	150	1500	500		6060		4013	EF0001	86060			Skill_powerful_PC99_01						0					
	80301	8000	3.箭雨沙暴	8.花榮	範圍攻擊	Rank 01	B1	100%	13	2080301	4080301	4180301	1	111		80301	0	12000			314						1	0	0	1	1				1	2574	0			10	1	0.3	0.3	0.3	300	80301		1	1	0	160	160	10	10		S08601001c		30	50	1200	600	100	1	200	1.5	1				1	100	1500	500		6060			EF0001	86160			Skill_powerful_PC99_01						0					
	80302	8000	3.箭雨沙暴	8.花榮	範圍攻擊	Rank 02	B1	100%	21	2080302	4080302	4180302	2	112		80302	0	12000			429	80301					1	0	0	1	1				1	5610	0			10	1	0.3	0.3	0.3	300	80302		1	1	0	160	160	10	10		S08601001c		30	50	1200	600	100	1	200	1.5	1				1	100	1500	500		6060			EF0001	86160			Skill_powerful_PC99_01						0					
	80303	8000	3.箭雨沙暴	8.花榮	範圍攻擊	Rank 03	B1	100%	29	2080303	4080303	4180303	3	113		80303	0	12000			543	80302					1	0	0	1	1				1	9804	0			10	1	0.3	0.3	0.3	300	80303		1	1	0	160	160	10	10		S08601001c		30	50	1200	600	100	1	200	1.5	1				1	100	1500	500		6060			EF0001	86160			Skill_powerful_PC99_01						0					
	80304	8000	3.箭雨沙暴	8.花榮	範圍攻擊	Rank 04	B1	100%	37	2080304	4080304	4180304	4	114		80304	0	12000			657	80303					1	0	0	1	1				1	16238	0			10	1	0.3	0.3	0.3	300	80304		1	1	0	160	160	10	10		S08601001c		30	50	1200	600	100	1	200	1.5	1				1	100	1500	500		6060			EF0001	86160			Skill_powerful_PC99_01						0					
	80305	8000	3.箭雨沙暴	8.花榮	範圍攻擊	Rank 05	B1	100%	45	2080305	4080305	4180305	5	115		80305	0	12000			771	80304					1	0	0	1	1				1	25218	0			10	1	0.3	0.3	0.3	300	80305		1	1	0	160	160	10	10		S08601001c		30	50	1200	600	100	1	200	1.5	1				1	100	1500	500		6060			EF0001	86160			Skill_powerful_PC99_01						0					
	80401	8000	4.飛砂箭陣	8.花榮	範圍攻擊	Rank 01	B2	100%	26	2080401	4080401	4180401	1	116		80401	0	12000			500						1	0	0	1	1				1	8190	0			10	1	0.3	0.3	0.3	90	80401		1	150	150	150	150	50									0	4	100		1						1700	500		6050		4013	EF0001	86050			Skill_powerful_PC99_01	SkillCamShock2					0					
	80402	8000	4.飛砂箭陣	8.花榮	範圍攻擊	Rank 02	B2	100%	34	2080402	4080402	4180402	2	117		80402	0	12000			614	80401					1	0	0	1	1				1	13373	0			10	1	0.3	0.3	0.3	90	80402		1	150	150	150	150	50									0	4	100		1						1700	500		6050		4013	EF0001	86050			Skill_powerful_PC99_01	SkillCamShock2					0					
	80403	8000	4.飛砂箭陣	8.花榮	範圍攻擊	Rank 03	B2	100%	42	2080403	4080403	4180403	3	118		80403	0	12000			729	80402					1	0	0	1	1				1	21267	0			10	1	0.3	0.3	0.3	90	80403		1	150	150	150	150	50									0	4	100		1						1700	500		6050		4013	EF0001	86050			Skill_powerful_PC99_01	SkillCamShock2					0					
	80404	8000	4.飛砂箭陣	8.花榮	範圍攻擊	Rank 04	B2	100%	50	2080404	4080404	4180404	4	119		80404	0	12000			843	80403					1	0	0	1	1				1	32037	0			10	1	0.3	0.3	0.3	90	80404		1	150	150	150	150	50									0	4	100		1						1700	500		6050		4013	EF0001	86050			Skill_powerful_PC99_01	SkillCamShock2					0					
	80405	8000	4.飛砂箭陣	8.花榮	範圍攻擊	Rank 05	B2	100%	58	2080405	4080405	4180405	5	120		80405	0	12000			957	80404					1	0	0	1	1				1	43952	0			10	1	0.3	0.3	0.3	90	80405		1	150	150	150	150	50									0	4	100		1						1700	500		6050		4013	EF0001	86050			Skill_powerful_PC99_01	SkillCamShock2					0					
	80501	8000	5.麻痺陷阱	8.花榮	陷阱	Rank 01	C1	30%	1	2080501	4080501	4180501	1	121		80501	0	15000	10000		200						1	0	0	1	1				1	120	0			10	1	0.3	0.3	0.3	10	80501	80501	1	100	100	100	100	50			S08607001				10000	0	0	1	1000		1						1500	1000		6070		10	EF0001	86070			Skill_powerful_PC99_01						0					
	80502	8000	5.麻痺陷阱	8.花榮	陷阱	Rank 02	C1	30%	9	2080502	4080502	4180502	2	122		80502	0	15000	11000		360	80501					1	0	0	1	1				1	475	0			10	1	0.3	0.3	0.3	10	80502	80502	1	100	100	100	100	50			S08607001				10000	0	0	1	1000		1						1500	1000		6070		10	EF0001	86070			Skill_powerful_PC99_01						0					
	80503	8000	5.麻痺陷阱	8.花榮	陷阱	Rank 03	C1	30%	17	2080503	4080503	4180503	3	123		80503	0	15000	12000		520	80502					1	0	0	1	1				1	1170	0			10	1	0.3	0.3	0.3	10	80503	80503	1	100	100	100	100	50			S08607001				10000	0	0	1	1000		1						1500	1000		6070		10	EF0001	86070			Skill_powerful_PC99_01						0					
	80504	8000	5.麻痺陷阱	8.花榮	陷阱	Rank 04	C1	30%	25	2080504	4080504	4180504	4	124		80504	0	15000	13000		680	80503					1	0	0	1	1				1	2305	0			10	1	0.3	0.3	0.3	10	80504	80504	1	100	100	100	100	50			S08607001				10000	0	0	1	1000		1						1500	1000		6070		10	EF0001	86070			Skill_powerful_PC99_01						0					
	80505	8000	5.麻痺陷阱	8.花榮	陷阱	Rank 05	C1	30%	33	2080505	4080505	4180505	5	125		80505	0	15000	14000		840	80504					1	0	0	1	1				1	3818	0			10	1	0.3	0.3	0.3	10	80505	80505	1	100	100	100	100	50			S08607001				10000	0	0	1	1000		1						1500	1000		6070		10	EF0001	86070			Skill_powerful_PC99_01						0					
	80601	8000	6.劇毒陷阱	8.花榮	陷阱	Rank 01	C2	30%	32	2080601	4080601	4180601	1	126		80601	0	15000	20000		820						1	0	0	1	1				1	3629	0			10	1	0.3	0.3	0.3	10	80601	80601	1	100	100	100	100	50			S08607002				10000	0	0	1	1000		1						1500	1100		6070		10	EF0001	86070			Skill_powerful_PC99_01						0					
	80602	8000	6.劇毒陷阱	8.花榮	陷阱	Rank 02	C2	30%	39	2080602	4080602	4180602	2	127		80602	0	15000	20000		960	80601					1	0	0	1	1				1	5342	0			10	1	0.3	0.3	0.3	10	80602	80602	1	100	100	100	100	50			S08607002				10000	0	0	1	1000		1						1500	1100		6070		10	EF0001	86070			Skill_powerful_PC99_01						0					
	80603	8000	6.劇毒陷阱	8.花榮	陷阱	Rank 03	C2	30%	46	2080603	4080603	4180603	3	128		80603	0	15000	20000		1100	80602					1	0	0	1	1				1	7871	0			10	1	0.3	0.3	0.3	10	80603	80603	1	100	100	100	100	50			S08607002				10000	0	0	1	1000		1						1500	1100		6070		10	EF0001	86070			Skill_powerful_PC99_01						0					
	80604	8000	6.劇毒陷阱	8.花榮	陷阱	Rank 04	C2	30%	53	2080604	4080604	4180604	4	129		80604	0	15000	20000		1240	80603					1	0	0	1	1				1	10658	0			10	1	0.3	0.3	0.3	10	80604	80604	1	100	100	100	100	50			S08607002				10000	0	0	1	1000		1						1500	1100		6070		10	EF0001	86070			Skill_powerful_PC99_01						0					
	80605	8000	6.劇毒陷阱	8.花榮	陷阱	Rank 05	C2	30%	60	2080605	4080605	4180605	5	130		80605	0	15000	20000		1380	80604					1	0	0	1	1				1	14738	0			10	1	0.3	0.3	0.3	10	80605	80605	1	100	100	100	100	50			S08607002				10000	0	0	1	1000		1						1500	1100		6070		10	EF0001	86070			Skill_powerful_PC99_01						0					
# 1000000~1999999 技能卷軸 1-角色00-項目00-等級00																																																																																													
# 通用技能卷軸																																																																																									2000				
	1008101	8000	1.「習得防禦專注 1 級」技能	0.共用	道具效果	Rank 01	使用卷軸後習得技能		7																		1	1	1	0	0	1				0	0			0								1	25	25	25	25	50									0	1									500				B000002				6026010								1	8101				
	1008102	8000	1.「習得防禦專注 2 級」技能	0.共用	道具效果	Rank 02	使用卷軸後習得技能		17																		1	1	1	0	0	1				0	0			0								1	25	25	25	25	50									0	1									500				B000002				6026010								1	8102				
	1008103	8000	1.「習得防禦專注 3 級」技能	0.共用	道具效果	Rank 03	使用卷軸後習得技能		27																		1	1	1	0	0	1				0	0			0								1	25	25	25	25	50									0	1									500				B000002				6026010								1	8103				
	1008104	8000	1.「習得防禦專注 4 級」技能	0.共用	道具效果	Rank 04	使用卷軸後習得技能		37																		1	1	1	0	0	1				0	0			0								1	25	25	25	25	50									0	1									500				B000002				6026010								1	8104				
	1008105	8000	1.「習得防禦專注 5 級」技能	0.共用	道具效果	Rank 05	使用卷軸後習得技能		47																		1	1	1	0	0	1				0	0			0								1	25	25	25	25	50									0	1									500				B000002				6026010								1	8105				
	1008201	8000	2.「習得攻擊專注 1 級」技能	0.共用	道具效果	Rank 01	使用卷軸後習得技能		8																		1	1	1	0	0	1				0	0			0								1	25	25	25	25	50									0	1									500				B000002				6026010								1	8201				
	1008202	8000	2.「習得攻擊專注 2 級」技能	0.共用	道具效果	Rank 02	使用卷軸後習得技能		18																		1	1	1	0	0	1				0	0			0								1	25	25	25	25	50									0	1									500				B000002				6026010								1	8202				
	1008203	8000	2.「習得攻擊專注 3 級」技能	0.共用	道具效果	Rank 03	使用卷軸後習得技能		28																		1	1	1	0	0	1				0	0			0								1	25	25	25	25	50									0	1									500				B000002				6026010								1	8203				
	1008204	8000	2.「習得攻擊專注 4 級」技能	0.共用	道具效果	Rank 04	使用卷軸後習得技能		38																		1	1	1	0	0	1				0	0			0								1	25	25	25	25	50									0	1									500				B000002				6026010								1	8204				
	1008205	8000	2.「習得攻擊專注 5 級」技能	0.共用	道具效果	Rank 05	使用卷軸後習得技能		48																		1	1	1	0	0	1				0	0			0								1	25	25	25	25	50									0	1									500				B000002				6026010								1	8205				
	1008301	8000	3.「習得集中力提升 1 級」技能	0.共用	道具效果	Rank 01	使用卷軸後習得技能		9																		1	1	1	0	0	1				0	0			0								1	25	25	25	25	50									0	1									500				B000002				6026010								1	8301				
	1008302	8000	3.「習得集中力提升 2 級」技能	0.共用	道具效果	Rank 02	使用卷軸後習得技能		19																		1	1	1	0	0	1				0	0			0								1	25	25	25	25	50									0	1									500				B000002				6026010								1	8302				
	1008303	8000	3.「習得集中力提升 3 級」技能	0.共用	道具效果	Rank 03	使用卷軸後習得技能		29																		1	1	1	0	0	1				0	0			0								1	25	25	25	25	50									0	1									500				B000002				6026010								1	8303				
	1008304	8000	3.「習得集中力提升 4 級」技能	0.共用	道具效果	Rank 04	使用卷軸後習得技能		39																		1	1	1	0	0	1				0	0			0								1	25	25	25	25	50									0	1									500				B000002				6026010								1	8304				
	1008305	8000	3.「習得集中力提升 5 級」技能	0.共用	道具效果	Rank 05	使用卷軸後習得技能		49																		1	1	1	0	0	1				0	0			0								1	25	25	25	25	50									0	1									500				B000002				6026010								1	8305				
	1008401	8000	4.「習得急救 1 級」技能	0.共用	道具效果	Rank 01	使用卷軸後習得技能		5																		1	1	1	0	0	1				0	0			0								1	25	25	25	25	50									0	1									500				B000002				6026010								1	8401				
	1008402	8000	4.「習得急救 2 級」技能	0.共用	道具效果	Rank 02	使用卷軸後習得技能		15																		1	1	1	0	0	1				0	0			0								1	25	25	25	25	50									0	1									500				B000002				6026010								1	8402				
	1008403	8000	4.「習得急救 3 級」技能	0.共用	道具效果	Rank 03	使用卷軸後習得技能		25																		1	1	1	0	0	1				0	0			0								1	25	25	25	25	50									0	1									500				B000002				6026010								1	8403				
	1008404	8000	4.「習得急救 4 級」技能	0.共用	道具效果	Rank 04	使用卷軸後習得技能		35																		1	1	1	0	0	1				0	0			0								1	25	25	25	25	50									0	1									500				B000002				6026010								1	8404				
	1008405	8000	4.「習得急救 5 級」技能	0.共用	道具效果	Rank 05	使用卷軸後習得技能		45																		1	1	1	0	0	1				0	0			0								1	25	25	25	25	50									0	1									500				B000002				6026010								1	8405				
	1008501	8000	5.「習得煙霧彈 1 級」技能	0.共用	道具效果	Rank 01	使用卷軸後習得技能		11																		1	1	1	0	0	1				0	0			0								1	25	25	25	25	50									0	1									500				B000002				6026010								1	8501				
	1008502	8000	5.「習得煙霧彈 2 級」技能	0.共用	道具效果	Rank 02	使用卷軸後習得技能		21																		1	1	1	0	0	1				0	0			0								1	25	25	25	25	50									0	1									500				B000002				6026010								1	8502				
	1008503	8000	5.「習得煙霧彈 3 級」技能	0.共用	道具效果	Rank 03	使用卷軸後習得技能		31																		1	1	1	0	0	1				0	0			0								1	25	25	25	25	50									0	1									500				B000002				6026010								1	8503				
	1008504	8000	5.「習得煙霧彈 4 級」技能	0.共用	道具效果	Rank 04	使用卷軸後習得技能		41																		1	1	1	0	0	1				0	0			0								1	25	25	25	25	50									0	1									500				B000002				6026010								1	8504				
	1008505	8000	5.「習得煙霧彈 5 級」技能	0.共用	道具效果	Rank 05	使用卷軸後習得技能		51																		1	1	1	0	0	1				0	0			0								1	25	25	25	25	50									0	1									500				B000002				6026010								1	8505				
	1008601	8000	6.「習得HP / MP 轉換 1 級」技能	0.共用	道具效果	Rank 01	使用卷軸後習得技能		14																		1	1	1	0	0	1				0	0			0								1	25	25	25	25	50									0	1									500				B000002				6026010								1	8601				
	1008602	8000	6.「習得HP / MP 轉換 2 級」技能	0.共用	道具效果	Rank 02	使用卷軸後習得技能		24																		1	1	1	0	0	1				0	0			0								1	25	25	25	25	50									0	1									500				B000002				6026010								1	8602				
	1008603	8000	6.「習得HP / MP 轉換 3 級」技能	0.共用	道具效果	Rank 03	使用卷軸後習得技能		34																		1	1	1	0	0	1				0	0			0								1	25	25	25	25	50									0	1									500				B000002				6026010								1	8603				
	1008604	8000	6.「習得HP / MP 轉換 4 級」技能	0.共用	道具效果	Rank 04	使用卷軸後習得技能		44																		1	1	1	0	0	1				0	0			0								1	25	25	25	25	50									0	1									500				B000002				6026010								1	8604				
	1008605	8000	6.「習得HP / MP 轉換 5 級」技能	0.共用	道具效果	Rank 05	使用卷軸後習得技能		54																		1	1	1	0	0	1				0	0			0								1	25	25	25	25	50									0	1									500				B000002				6026010								1	8605				
# 第一小隊技能卷軸																																																																																													
	1010101	8000	1.「習得機關槍 1 級」技能	1.林沖	道具效果	Rank 01	使用卷軸後習得技能		1																		1	1	1	0	0	1				0	0			0								1	25	25	25	25	50									0	1									500				B000002				6026010								1	10101				
	1010102	8000	1.「習得機關槍 2 級」技能	1.林沖	道具效果	Rank 02	使用卷軸後習得技能		6																		1	1	1	0	0	1				0	0			0								1	25	25	25	25	50									0	1									500				B000002				6026010								1	10102				
	1010103	8000	1.「習得機關槍 3 級」技能	1.林沖	道具效果	Rank 03	使用卷軸後習得技能		11																		1	1	1	0	0	1				0	0			0								1	25	25	25	25	50									0	1									500				B000002				6026010								1	10103				
	1010104	8000	1.「習得機關槍 4 級」技能	1.林沖	道具效果	Rank 04	使用卷軸後習得技能		16																		1	1	1	0	0	1				0	0			0								1	25	25	25	25	50									0	1									500				B000002				6026010								1	10104				
	1010105	8000	1.「習得機關槍 5 級」技能	1.林沖	道具效果	Rank 05	使用卷軸後習得技能		21																		1	1	1	0	0	1				0	0			0								1	25	25	25	25	50									0	1									500				B000002				6026010								1	10105				
	1010201	8000	2.「習得爆破火箭筒 1 級」技能	1.林沖	道具效果	Rank 01	使用卷軸後習得技能		15																		1	1	1	0	0	1				0	0			0								1	25	25	25	25	50									0	1									500				B000002				6026010								1	10201				
	1010202	8000	2.「習得爆破火箭筒 2 級」技能	1.林沖	道具效果	Rank 02	使用卷軸後習得技能		23																		1	1	1	0	0	1				0	0			0								1	25	25	25	25	50									0	1									500				B000002				6026010								1	10202				
	1010203	8000	2.「習得爆破火箭筒 3 級」技能	1.林沖	道具效果	Rank 03	使用卷軸後習得技能		31																		1	1	1	0	0	1				0	0			0								1	25	25	25	25	50									0	1									500				B000002				6026010								1	10203				
	1010204	8000	2.「習得爆破火箭筒 4 級」技能	1.林沖	道具效果	Rank 04	使用卷軸後習得技能		39																		1	1	1	0	0	1				0	0			0								1	25	25	25	25	50									0	1									500				B000002				6026010								1	10204				
	1010205	8000	2.「習得爆破火箭筒 5 級」技能	1.林沖	道具效果	Rank 05	使用卷軸後習得技能		47																		1	1	1	0	0	1				0	0			0								1	25	25	25	25	50									0	1									500				B000002				6026010								1	10205				
	1010301	8000	3.「習得旋風踢 1 級」技能	1.林沖	道具效果	Rank 01	使用卷軸後習得技能		1																		1	1	1	0	0	1				0	0			0								1	25	25	25	25	50									0	1									500				B000002				6026010								1	10301				
	1010302	8000	3.「習得旋風踢 2 級」技能	1.林沖	道具效果	Rank 02	使用卷軸後習得技能		9																		1	1	1	0	0	1				0	0			0								1	25	25	25	25	50									0	1									500				B000002				6026010								1	10302				
	1010303	8000	3.「習得旋風踢 3 級」技能	1.林沖	道具效果	Rank 03	使用卷軸後習得技能		17																		1	1	1	0	0	1				0	0			0								1	25	25	25	25	50									0	1									500				B000002				6026010								1	10303				
	1010304	8000	3.「習得旋風踢 4 級」技能	1.林沖	道具效果	Rank 04	使用卷軸後習得技能		25																		1	1	1	0	0	1				0	0			0								1	25	25	25	25	50									0	1									500				B000002				6026010								1	10304				
	1010305	8000	3.「習得旋風踢 5 級」技能	1.林沖	道具效果	Rank 05	使用卷軸後習得技能		33																		1	1	1	0	0	1				0	0			0								1	25	25	25	25	50									0	1									500				B000002				6026010								1	10305				
	1010401	8000	4.「習得亂槍掃射 1 級」技能	1.林沖	道具效果	Rank 01	使用卷軸後習得技能		26																		1	1	1	0	0	1				0	0			0								1	25	25	25	25	50									0	1									500				B000002				6026010								1	10401				
	1010402	8000	4.「習得亂槍掃射 2 級」技能	1.林沖	道具效果	Rank 02	使用卷軸後習得技能		34																		1	1	1	0	0	1				0	0			0								1	25	25	25	25	50									0	1									500				B000002				6026010								1	10402				
	1010403	8000	4.「習得亂槍掃射 3 級」技能	1.林沖	道具效果	Rank 03	使用卷軸後習得技能		42																		1	1	1	0	0	1				0	0			0								1	25	25	25	25	50									0	1									500				B000002				6026010								1	10403				
	1010404	8000	4.「習得亂槍掃射 4 級」技能	1.林沖	道具效果	Rank 04	使用卷軸後習得技能		50																		1	1	1	0	0	1				0	0			0								1	25	25	25	25	50									0	1									500				B000002				6026010								1	10404				
	1010405	8000	4.「習得亂槍掃射 5 級」技能	1.林沖	道具效果	Rank 05	使用卷軸後習得技能		58																		1	1	1	0	0	1				0	0			0								1	25	25	25	25	50									0	1									500				B000002				6026010								1	10405				
	1010501	8000	5.「習得暴風槍 1 級」技能	1.林沖	道具效果	Rank 01	使用卷軸後習得技能		13																		1	1	1	0	0	1				0	0			0								1	25	25	25	25	50									0	1									500				B000002				6026010								1	10501				
	1010502	8000	5.「習得暴風槍 2 級」技能	1.林沖	道具效果	Rank 02	使用卷軸後習得技能		21																		1	1	1	0	0	1				0	0			0								1	25	25	25	25	50									0	1									500				B000002				6026010								1	10502				
	1010503	8000	5.「習得暴風槍 3 級」技能	1.林沖	道具效果	Rank 03	使用卷軸後習得技能		29																		1	1	1	0	0	1				0	0			0								1	25	25	25	25	50									0	1									500				B000002				6026010								1	10503				
	1010504	8000	5.「習得暴風槍 4 級」技能	1.林沖	道具效果	Rank 04	使用卷軸後習得技能		37																		1	1	1	0	0	1				0	0			0								1	25	25	25	25	50									0	1									500				B000002				6026010								1	10504				
	1010505	8000	5.「習得暴風槍 5 級」技能	1.林沖	道具效果	Rank 05	使用卷軸後習得技能		45																		1	1	1	0	0	1				0	0			0								1	25	25	25	25	50									0	1									500				B000002				6026010								1	10505				
	1010601	8000	6.「習得螺旋飛彈 1 級」技能	1.林沖	道具效果	Rank 01	使用卷軸後習得技能		32																		1	1	1	0	0	1				0	0			0								1	25	25	25	25	50									0	1									500				B000002				6026010								1	10601				
	1010602	8000	6.「習得螺旋飛彈 2 級」技能	1.林沖	道具效果	Rank 02	使用卷軸後習得技能		39																		1	1	1	0	0	1				0	0			0								1	25	25	25	25	50									0	1									500				B000002				6026010								1	10602				
	1010603	8000	6.「習得螺旋飛彈 3 級」技能	1.林沖	道具效果	Rank 03	使用卷軸後習得技能		46																		1	1	1	0	0	1				0	0			0								1	25	25	25	25	50									0	1									500				B000002				6026010								1	10603				
	1010604	8000	6.「習得螺旋飛彈 4 級」技能	1.林沖	道具效果	Rank 04	使用卷軸後習得技能		53																		1	1	1	0	0	1				0	0			0								1	25	25	25	25	50									0	1									500				B000002				6026010								1	10604				
	1010605	8000	6.「習得螺旋飛彈 5 級」技能	1.林沖	道具效果	Rank 05	使用卷軸後習得技能		60																		1	1	1	0	0	1				0	0			0								1	25	25	25	25	50									0	1									500				B000002				6026010								1	10605				
	1020101	8000	1.「習得鐵頭功 1 級」技能	2.雷橫	道具效果	Rank 01	使用卷軸後習得技能		1																		1	1	1	0	0	1				0	0			0								1	25	25	25	25	50									0	1									500				B000002				6026010								1	20101				
	1020102	8000	1.「習得鐵頭功 2 級」技能	2.雷橫	道具效果	Rank 02	使用卷軸後習得技能		6																		1	1	1	0	0	1				0	0			0								1	25	25	25	25	50									0	1									500				B000002				6026010								1	20102				
	1020103	8000	1.「習得鐵頭功 3 級」技能	2.雷橫	道具效果	Rank 03	使用卷軸後習得技能		11																		1	1	1	0	0	1				0	0			0								1	25	25	25	25	50									0	1									500				B000002				6026010								1	20103				
	1020104	8000	1.「習得鐵頭功 4 級」技能	2.雷橫	道具效果	Rank 04	使用卷軸後習得技能		16																		1	1	1	0	0	1				0	0			0								1	25	25	25	25	50									0	1									500				B000002				6026010								1	20104				
	1020105	8000	1.「習得鐵頭功 5 級」技能	2.雷橫	道具效果	Rank 05	使用卷軸後習得技能		21																		1	1	1	0	0	1				0	0			0								1	25	25	25	25	50									0	1									500				B000002				6026010								1	20105				
	1020201	8000	2.「習得火眼金睛 1 級」技能	2.雷橫	道具效果	Rank 01	使用卷軸後習得技能		15																		1	1	1	0	0	1				0	0			0								1	25	25	25	25	50									0	1									500				B000002				6026010								1	20201				
	1020202	8000	2.「習得火眼金睛 2 級」技能	2.雷橫	道具效果	Rank 02	使用卷軸後習得技能		23																		1	1	1	0	0	1				0	0			0								1	25	25	25	25	50									0	1									500				B000002				6026010								1	20202				
	1020203	8000	2.「習得火眼金睛 3 級」技能	2.雷橫	道具效果	Rank 03	使用卷軸後習得技能		31																		1	1	1	0	0	1				0	0			0								1	25	25	25	25	50									0	1									500				B000002				6026010								1	20203				
	1020204	8000	2.「習得火眼金睛 4 級」技能	2.雷橫	道具效果	Rank 04	使用卷軸後習得技能		39																		1	1	1	0	0	1				0	0			0								1	25	25	25	25	50									0	1									500				B000002				6026010								1	20204				
	1020205	8000	2.「習得火眼金睛 5 級」技能	2.雷橫	道具效果	Rank 05	使用卷軸後習得技能		47																		1	1	1	0	0	1				0	0			0								1	25	25	25	25	50									0	1									500				B000002				6026010								1	20205				
	1020301	8000	3.「習得獅子吼 1 級」技能	2.雷橫	道具效果	Rank 01	使用卷軸後習得技能		1																		1	1	1	0	0	1				0	0			0								1	25	25	25	25	50									0	1									500				B000002				6026010								1	20301				
	1020302	8000	3.「習得獅子吼 2 級」技能	2.雷橫	道具效果	Rank 02	使用卷軸後習得技能		9																		1	1	1	0	0	1				0	0			0								1	25	25	25	25	50									0	1									500				B000002				6026010								1	20302				
	1020303	8000	3.「習得獅子吼 3 級」技能	2.雷橫	道具效果	Rank 03	使用卷軸後習得技能		17																		1	1	1	0	0	1				0	0			0								1	25	25	25	25	50									0	1									500				B000002				6026010								1	20303				
	1020304	8000	3.「習得獅子吼 4 級」技能	2.雷橫	道具效果	Rank 04	使用卷軸後習得技能		25																		1	1	1	0	0	1				0	0			0								1	25	25	25	25	50									0	1									500				B000002				6026010								1	20304				
	1020305	8000	3.「習得獅子吼 5 級」技能	2.雷橫	道具效果	Rank 05	使用卷軸後習得技能		33																		1	1	1	0	0	1				0	0			0								1	25	25	25	25	50									0	1									500				B000002				6026010								1	20305				
	1020401	8000	4.「習得閃電視線 1 級」技能	2.雷橫	道具效果	Rank 01	使用卷軸後習得技能		26																		1	1	1	0	0	1				0	0			0								1	25	25	25	25	50									0	1									500				B000002				6026010								1	20401				
	1020402	8000	4.「習得閃電視線 2 級」技能	2.雷橫	道具效果	Rank 02	使用卷軸後習得技能		34																		1	1	1	0	0	1				0	0			0								1	25	25	25	25	50									0	1									500				B000002				6026010								1	20402				
	1020403	8000	4.「習得閃電視線 3 級」技能	2.雷橫	道具效果	Rank 03	使用卷軸後習得技能		42																		1	1	1	0	0	1				0	0			0								1	25	25	25	25	50									0	1									500				B000002				6026010								1	20403				
	1020404	8000	4.「習得閃電視線 4 級」技能	2.雷橫	道具效果	Rank 04	使用卷軸後習得技能		50																		1	1	1	0	0	1				0	0			0								1	25	25	25	25	50									0	1									500				B000002				6026010								1	20404				
	1020405	8000	4.「習得閃電視線 5 級」技能	2.雷橫	道具效果	Rank 05	使用卷軸後習得技能		58																		1	1	1	0	0	1				0	0			0								1	25	25	25	25	50									0	1									500				B000002				6026010								1	20405				
	1020501	8000	5.「習得火龍捲 1 級」技能	2.雷橫	道具效果	Rank 01	使用卷軸後習得技能		13																		1	1	1	0	0	1				0	0			0								1	25	25	25	25	50									0	1									500				B000002				6026010								1	20501				
	1020502	8000	5.「習得火龍捲 2 級」技能	2.雷橫	道具效果	Rank 02	使用卷軸後習得技能		21																		1	1	1	0	0	1				0	0			0								1	25	25	25	25	50									0	1									500				B000002				6026010								1	20502				
	1020503	8000	5.「習得火龍捲 3 級」技能	2.雷橫	道具效果	Rank 03	使用卷軸後習得技能		29																		1	1	1	0	0	1				0	0			0								1	25	25	25	25	50									0	1									500				B000002				6026010								1	20503				
	1020504	8000	5.「習得火龍捲 4 級」技能	2.雷橫	道具效果	Rank 04	使用卷軸後習得技能		37																		1	1	1	0	0	1				0	0			0								1	25	25	25	25	50									0	1									500				B000002				6026010								1	20504				
	1020505	8000	5.「習得火龍捲 5 級」技能	2.雷橫	道具效果	Rank 05	使用卷軸後習得技能		45																		1	1	1	0	0	1				0	0			0								1	25	25	25	25	50									0	1									500				B000002				6026010								1	20505				
	1020601	8000	6.「習得火焰狂奔 1 級」技能	2.雷橫	道具效果	Rank 01	使用卷軸後習得技能		32																		1	1	1	0	0	1				0	0			0								1	25	25	25	25	50									0	1									500				B000002				6026010								1	20601				
	1020602	8000	6.「習得火焰狂奔 2 級」技能	2.雷橫	道具效果	Rank 02	使用卷軸後習得技能		39																		1	1	1	0	0	1				0	0			0								1	25	25	25	25	50									0	1									500				B000002				6026010								1	20602				
	1020603	8000	6.「習得火焰狂奔 3 級」技能	2.雷橫	道具效果	Rank 03	使用卷軸後習得技能		46																		1	1	1	0	0	1				0	0			0								1	25	25	25	25	50									0	1									500				B000002				6026010								1	20603				
	1020604	8000	6.「習得火焰狂奔 4 級」技能	2.雷橫	道具效果	Rank 04	使用卷軸後習得技能		53																		1	1	1	0	0	1				0	0			0								1	25	25	25	25	50									0	1									500				B000002				6026010								1	20604				
	1020605	8000	6.「習得火焰狂奔 5 級」技能	2.雷橫	道具效果	Rank 05	使用卷軸後習得技能		60																		1	1	1	0	0	1				0	0			0								1	25	25	25	25	50									0	1									500				B000002				6026010								1	20605				
	1030101	8000	1.「習得冰晶鑽石 1 級」技能	3.孫二娘	道具效果	Rank 01	使用卷軸後習得技能		1																		1	1	1	0	0	1				0	0			0								1	25	25	25	25	50									0	1									500				B000002				6026010								1	30101				
	1030102	8000	1.「習得冰晶鑽石 2 級」技能	3.孫二娘	道具效果	Rank 02	使用卷軸後習得技能		6																		1	1	1	0	0	1				0	0			0								1	25	25	25	25	50									0	1									500				B000002				6026010								1	30102				
	1030103	8000	1.「習得冰晶鑽石 3 級」技能	3.孫二娘	道具效果	Rank 03	使用卷軸後習得技能		11																		1	1	1	0	0	1				0	0			0								1	25	25	25	25	50									0	1									500				B000002				6026010								1	30103				
	1030104	8000	1.「習得冰晶鑽石 4 級」技能	3.孫二娘	道具效果	Rank 04	使用卷軸後習得技能		16																		1	1	1	0	0	1				0	0			0								1	25	25	25	25	50									0	1									500				B000002				6026010								1	30104				
	1030105	8000	1.「習得冰晶鑽石 5 級」技能	3.孫二娘	道具效果	Rank 05	使用卷軸後習得技能		21																		1	1	1	0	0	1				0	0			0								1	25	25	25	25	50									0	1									500				B000002				6026010								1	30105				
	1030201	8000	2.「習得淘氣戀人 1 級」技能	3.孫二娘	道具效果	Rank 01	使用卷軸後習得技能		15																		1	1	1	0	0	1				0	0			0								1	25	25	25	25	50									0	1									500				B000002				6026010								1	30201				
	1030202	8000	2.「習得淘氣戀人 2 級」技能	3.孫二娘	道具效果	Rank 02	使用卷軸後習得技能		23																		1	1	1	0	0	1				0	0			0								1	25	25	25	25	50									0	1									500				B000002				6026010								1	30202				
	1030203	8000	2.「習得淘氣戀人 3 級」技能	3.孫二娘	道具效果	Rank 03	使用卷軸後習得技能		31																		1	1	1	0	0	1				0	0			0								1	25	25	25	25	50									0	1									500				B000002				6026010								1	30203				
	1030204	8000	2.「習得淘氣戀人 4 級」技能	3.孫二娘	道具效果	Rank 04	使用卷軸後習得技能		39																		1	1	1	0	0	1				0	0			0								1	25	25	25	25	50									0	1									500				B000002				6026010								1	30204				
	1030205	8000	2.「習得淘氣戀人 5 級」技能	3.孫二娘	道具效果	Rank 05	使用卷軸後習得技能		47																		1	1	1	0	0	1				0	0			0								1	25	25	25	25	50									0	1									500				B000002				6026010								1	30205				
	1030301	8000	3.「習得雷雨漫步 1 級」技能	3.孫二娘	道具效果	Rank 01	使用卷軸後習得技能		1																		1	1	1	0	0	1				0	0			0								1	25	25	25	25	50									0	1									500				B000002				6026010								1	30301				
	1030302	8000	3.「習得雷雨漫步 2 級」技能	3.孫二娘	道具效果	Rank 02	使用卷軸後習得技能		9																		1	1	1	0	0	1				0	0			0								1	25	25	25	25	50									0	1									500				B000002				6026010								1	30302				
	1030303	8000	3.「習得雷雨漫步 3 級」技能	3.孫二娘	道具效果	Rank 03	使用卷軸後習得技能		17																		1	1	1	0	0	1				0	0			0								1	25	25	25	25	50									0	1									500				B000002				6026010								1	30303				
	1030304	8000	3.「習得雷雨漫步 4 級」技能	3.孫二娘	道具效果	Rank 04	使用卷軸後習得技能		25																		1	1	1	0	0	1				0	0			0								1	25	25	25	25	50									0	1									500				B000002				6026010								1	30304				
	1030305	8000	3.「習得雷雨漫步 5 級」技能	3.孫二娘	道具效果	Rank 05	使用卷軸後習得技能		33																		1	1	1	0	0	1				0	0			0								1	25	25	25	25	50									0	1									500				B000002				6026010								1	30305				
	1030401	8000	4.「習得憤怒戀人 1 級」技能	3.孫二娘	道具效果	Rank 01	使用卷軸後習得技能		26																		1	1	1	0	0	1				0	0			0								1	25	25	25	25	50									0	1									500				B000002				6026010								1	30401				
	1030402	8000	4.「習得憤怒戀人 2 級」技能	3.孫二娘	道具效果	Rank 02	使用卷軸後習得技能		34																		1	1	1	0	0	1				0	0			0								1	25	25	25	25	50									0	1									500				B000002				6026010								1	30402				
	1030403	8000	4.「習得憤怒戀人 3 級」技能	3.孫二娘	道具效果	Rank 03	使用卷軸後習得技能		42																		1	1	1	0	0	1				0	0			0								1	25	25	25	25	50									0	1									500				B000002				6026010								1	30403				
	1030404	8000	4.「習得憤怒戀人 4 級」技能	3.孫二娘	道具效果	Rank 04	使用卷軸後習得技能		50																		1	1	1	0	0	1				0	0			0								1	25	25	25	25	50									0	1									500				B000002				6026010								1	30404				
	1030405	8000	4.「習得憤怒戀人 5 級」技能	3.孫二娘	道具效果	Rank 05	使用卷軸後習得技能		58																		1	1	1	0	0	1				0	0			0								1	25	25	25	25	50									0	1									500				B000002				6026010								1	30405				
	1030501	8000	5.「習得冰風爆 1 級」技能	3.孫二娘	道具效果	Rank 01	使用卷軸後習得技能		13																		1	1	1	0	0	1				0	0			0								1	25	25	25	25	50									0	1									500				B000002				6026010								1	30501				
	1030502	8000	5.「習得冰風爆 2 級」技能	3.孫二娘	道具效果	Rank 02	使用卷軸後習得技能		21																		1	1	1	0	0	1				0	0			0								1	25	25	25	25	50									0	1									500				B000002				6026010								1	30502				
	1030503	8000	5.「習得冰風爆 3 級」技能	3.孫二娘	道具效果	Rank 03	使用卷軸後習得技能		29																		1	1	1	0	0	1				0	0			0								1	25	25	25	25	50									0	1									500				B000002				6026010								1	30503				
	1030504	8000	5.「習得冰風爆 4 級」技能	3.孫二娘	道具效果	Rank 04	使用卷軸後習得技能		37																		1	1	1	0	0	1				0	0			0								1	25	25	25	25	50									0	1									500				B000002				6026010								1	30504				
	1030505	8000	5.「習得冰風爆 5 級」技能	3.孫二娘	道具效果	Rank 05	使用卷軸後習得技能		45																		1	1	1	0	0	1				0	0			0								1	25	25	25	25	50									0	1									500				B000002				6026010								1	30505				
	1030601	8000	6.「習得冰晶昇華 1 級」技能	3.孫二娘	道具效果	Rank 01	使用卷軸後習得技能		32																		1	1	1	0	0	1				0	0			0								1	25	25	25	25	50									0	1									500				B000002				6026010								1	30601				
	1030602	8000	6.「習得冰晶昇華 2 級」技能	3.孫二娘	道具效果	Rank 02	使用卷軸後習得技能		39																		1	1	1	0	0	1				0	0			0								1	25	25	25	25	50									0	1									500				B000002				6026010								1	30602				
	1030603	8000	6.「習得冰晶昇華 3 級」技能	3.孫二娘	道具效果	Rank 03	使用卷軸後習得技能		46																		1	1	1	0	0	1				0	0			0								1	25	25	25	25	50									0	1									500				B000002				6026010								1	30603				
	1030604	8000	6.「習得冰晶昇華 4 級」技能	3.孫二娘	道具效果	Rank 04	使用卷軸後習得技能		53																		1	1	1	0	0	1				0	0			0								1	25	25	25	25	50									0	1									500				B000002				6026010								1	30604				
	1030605	8000	6.「習得冰晶昇華 5 級」技能	3.孫二娘	道具效果	Rank 05	使用卷軸後習得技能		60																		1	1	1	0	0	1				0	0			0								1	25	25	25	25	50									0	1									500				B000002				6026010								1	30605				
	1040101	8000	1.「習得亂射 1 級」技能	4.戴宗	道具效果	Rank 01	使用卷軸後習得技能		1																		1	1	1	0	0	1				0	0			0								1	25	25	25	25	50									0	1									500				B000002				6026010								1	40101				
	1040102	8000	1.「習得亂射 2 級」技能	4.戴宗	道具效果	Rank 02	使用卷軸後習得技能		6																		1	1	1	0	0	1				0	0			0								1	25	25	25	25	50									0	1									500				B000002				6026010								1	40102				
	1040103	8000	1.「習得亂射 3 級」技能	4.戴宗	道具效果	Rank 03	使用卷軸後習得技能		11																		1	1	1	0	0	1				0	0			0								1	25	25	25	25	50									0	1									500				B000002				6026010								1	40103				
	1040104	8000	1.「習得亂射 4 級」技能	4.戴宗	道具效果	Rank 04	使用卷軸後習得技能		16																		1	1	1	0	0	1				0	0			0								1	25	25	25	25	50									0	1									500				B000002				6026010								1	40104				
	1040105	8000	1.「習得亂射 5 級」技能	4.戴宗	道具效果	Rank 05	使用卷軸後習得技能		21																		1	1	1	0	0	1				0	0			0								1	25	25	25	25	50									0	1									500				B000002				6026010								1	40105				
	1040201	8000	2.「習得七星劍 1 級」技能	4.戴宗	道具效果	Rank 01	使用卷軸後習得技能		15																		1	1	1	0	0	1				0	0			0								1	25	25	25	25	50									0	1									500				B000002				6026010								1	40201				
	1040202	8000	2.「習得七星劍 2 級」技能	4.戴宗	道具效果	Rank 02	使用卷軸後習得技能		23																		1	1	1	0	0	1				0	0			0								1	25	25	25	25	50									0	1									500				B000002				6026010								1	40202				
	1040203	8000	2.「習得七星劍 3 級」技能	4.戴宗	道具效果	Rank 03	使用卷軸後習得技能		31																		1	1	1	0	0	1				0	0			0								1	25	25	25	25	50									0	1									500				B000002				6026010								1	40203				
	1040204	8000	2.「習得七星劍 4 級」技能	4.戴宗	道具效果	Rank 04	使用卷軸後習得技能		39																		1	1	1	0	0	1				0	0			0								1	25	25	25	25	50									0	1									500				B000002				6026010								1	40204				
	1040205	8000	2.「習得七星劍 5 級」技能	4.戴宗	道具效果	Rank 05	使用卷軸後習得技能		47																		1	1	1	0	0	1				0	0			0								1	25	25	25	25	50									0	1									500				B000002				6026010								1	40205				
	1040301	8000	3.「習得還我精力腳 1 級」技能	4.戴宗	道具效果	Rank 01	使用卷軸後習得技能		1																		1	1	1	0	0	1				0	0			0								1	25	25	25	25	50									0	1									500				B000002				6026010								1	40301				
	1040302	8000	3.「習得還我精力腳 2 級」技能	4.戴宗	道具效果	Rank 02	使用卷軸後習得技能		9																		1	1	1	0	0	1				0	0			0								1	25	25	25	25	50									0	1									500				B000002				6026010								1	40302				
	1040303	8000	3.「習得還我精力腳 3 級」技能	4.戴宗	道具效果	Rank 03	使用卷軸後習得技能		17																		1	1	1	0	0	1				0	0			0								1	25	25	25	25	50									0	1									500				B000002				6026010								1	40303				
	1040304	8000	3.「習得還我精力腳 4 級」技能	4.戴宗	道具效果	Rank 04	使用卷軸後習得技能		25																		1	1	1	0	0	1				0	0			0								1	25	25	25	25	50									0	1									500				B000002				6026010								1	40304				
	1040305	8000	3.「習得還我精力腳 5 級」技能	4.戴宗	道具效果	Rank 05	使用卷軸後習得技能		33																		1	1	1	0	0	1				0	0			0								1	25	25	25	25	50									0	1									500				B000002				6026010								1	40305				
	1040401	8000	4.「習得連環鏢 1 級」技能	4.戴宗	道具效果	Rank 01	使用卷軸後習得技能		26																		1	1	1	0	0	1				0	0			0								1	25	25	25	25	50									0	1									500				B000002				6026010								1	40401				
	1040402	8000	4.「習得連環鏢 2 級」技能	4.戴宗	道具效果	Rank 02	使用卷軸後習得技能		34																		1	1	1	0	0	1				0	0			0								1	25	25	25	25	50									0	1									500				B000002				6026010								1	40402				
	1040403	8000	4.「習得連環鏢 3 級」技能	4.戴宗	道具效果	Rank 03	使用卷軸後習得技能		42																		1	1	1	0	0	1				0	0			0								1	25	25	25	25	50									0	1									500				B000002				6026010								1	40403				
	1040404	8000	4.「習得連環鏢 4 級」技能	4.戴宗	道具效果	Rank 04	使用卷軸後習得技能		50																		1	1	1	0	0	1				0	0			0								1	25	25	25	25	50									0	1									500				B000002				6026010								1	40404				
	1040405	8000	4.「習得連環鏢 5 級」技能	4.戴宗	道具效果	Rank 05	使用卷軸後習得技能		58																		1	1	1	0	0	1				0	0			0								1	25	25	25	25	50									0	1									500				B000002				6026010								1	40405				
	1040501	8000	5.「習得治療法陣 1 級」技能	4.戴宗	道具效果	Rank 01	使用卷軸後習得技能		13																		1	1	1	0	0	1				0	0			0								1	25	25	25	25	50									0	1									500				B000002				6026010								1	40501				
	1040502	8000	5.「習得治療法陣 2 級」技能	4.戴宗	道具效果	Rank 02	使用卷軸後習得技能		21																		1	1	1	0	0	1				0	0			0								1	25	25	25	25	50									0	1									500				B000002				6026010								1	40502				
	1040503	8000	5.「習得治療法陣 3 級」技能	4.戴宗	道具效果	Rank 03	使用卷軸後習得技能		29																		1	1	1	0	0	1				0	0			0								1	25	25	25	25	50									0	1									500				B000002				6026010								1	40503				
	1040504	8000	5.「習得治療法陣 4 級」技能	4.戴宗	道具效果	Rank 04	使用卷軸後習得技能		37																		1	1	1	0	0	1				0	0			0								1	25	25	25	25	50									0	1									500				B000002				6026010								1	40504				
	1040505	8000	5.「習得治療法陣 5 級」技能	4.戴宗	道具效果	Rank 05	使用卷軸後習得技能		45																		1	1	1	0	0	1				0	0			0								1	25	25	25	25	50									0	1									500				B000002				6026010								1	40505				
	1040601	8000	6.「習得聖光洗禮 1 級」技能	4.戴宗	道具效果	Rank 01	使用卷軸後習得技能		32																		1	1	1	0	0	1				0	0			0								1	25	25	25	25	50									0	1									500				B000002				6026010								1	40601				
	1040602	8000	6.「習得聖光洗禮 2 級」技能	4.戴宗	道具效果	Rank 02	使用卷軸後習得技能		39																		1	1	1	0	0	1				0	0			0								1	25	25	25	25	50									0	1									500				B000002				6026010								1	40602				
	1040603	8000	6.「習得聖光洗禮 3 級」技能	4.戴宗	道具效果	Rank 03	使用卷軸後習得技能		46																		1	1	1	0	0	1				0	0			0								1	25	25	25	25	50									0	1									500				B000002				6026010								1	40603				
	1040604	8000	6.「習得聖光洗禮 4 級」技能	4.戴宗	道具效果	Rank 04	使用卷軸後習得技能		53																		1	1	1	0	0	1				0	0			0								1	25	25	25	25	50									0	1									500				B000002				6026010								1	40604				
	1040605	8000	6.「習得聖光洗禮 5 級」技能	4.戴宗	道具效果	Rank 05	使用卷軸後習得技能		60																		1	1	1	0	0	1				0	0			0								1	25	25	25	25	50									0	1									500				B000002				6026010								1	40605				
# 第二小隊技能卷軸																																																																																													
	1050101	8000	1.「習得亢龍有悔 1 級」技能	5.史進	道具效果	Rank 01	使用卷軸後習得技能		1																		1	1	1	0	0	1				0	0			0								1	25	25	25	25	50									0	1									500				B000002				6026010								1	50101				
	1050102	8000	1.「習得亢龍有悔 2 級」技能	5.史進	道具效果	Rank 02	使用卷軸後習得技能		6																		1	1	1	0	0	1				0	0			0								1	25	25	25	25	50									0	1									500				B000002				6026010								1	50102				
	1050103	8000	1.「習得亢龍有悔 3 級」技能	5.史進	道具效果	Rank 03	使用卷軸後習得技能		11																		1	1	1	0	0	1				0	0			0								1	25	25	25	25	50									0	1									500				B000002				6026010								1	50103				
	1050104	8000	1.「習得亢龍有悔 4 級」技能	5.史進	道具效果	Rank 04	使用卷軸後習得技能		16																		1	1	1	0	0	1				0	0			0								1	25	25	25	25	50									0	1									500				B000002				6026010								1	50104				
	1050105	8000	1.「習得亢龍有悔 5 級」技能	5.史進	道具效果	Rank 05	使用卷軸後習得技能		21																		1	1	1	0	0	1				0	0			0								1	25	25	25	25	50									0	1									500				B000002				6026010								1	50105				
	1050201	8000	2.「習得九龍鬧海 1 級」技能	5.史進	道具效果	Rank 01	使用卷軸後習得技能		15																		1	1	1	0	0	1				0	0			0								1	25	25	25	25	50									0	1									500				B000002				6026010								1	50201				
	1050202	8000	2.「習得九龍鬧海 2 級」技能	5.史進	道具效果	Rank 02	使用卷軸後習得技能		23																		1	1	1	0	0	1				0	0			0								1	25	25	25	25	50									0	1									500				B000002				6026010								1	50202				
	1050203	8000	2.「習得九龍鬧海 3 級」技能	5.史進	道具效果	Rank 03	使用卷軸後習得技能		31																		1	1	1	0	0	1				0	0			0								1	25	25	25	25	50									0	1									500				B000002				6026010								1	50203				
	1050204	8000	2.「習得九龍鬧海 4 級」技能	5.史進	道具效果	Rank 04	使用卷軸後習得技能		39																		1	1	1	0	0	1				0	0			0								1	25	25	25	25	50									0	1									500				B000002				6026010								1	50204				
	1050205	8000	2.「習得九龍鬧海 5 級」技能	5.史進	道具效果	Rank 05	使用卷軸後習得技能		47																		1	1	1	0	0	1				0	0			0								1	25	25	25	25	50									0	1									500				B000002				6026010								1	50205				
	1050301	8000	3.「習得防禦破壞 1 級」技能	5.史進	道具效果	Rank 01	使用卷軸後習得技能		1																		1	1	1	0	0	1				0	0			0								1	25	25	25	25	50									0	1									500				B000002				6026010								1	50301				
	1050302	8000	3.「習得防禦破壞 2 級」技能	5.史進	道具效果	Rank 02	使用卷軸後習得技能		9																		1	1	1	0	0	1				0	0			0								1	25	25	25	25	50									0	1									500				B000002				6026010								1	50302				
	1050303	8000	3.「習得防禦破壞 3 級」技能	5.史進	道具效果	Rank 03	使用卷軸後習得技能		17																		1	1	1	0	0	1				0	0			0								1	25	25	25	25	50									0	1									500				B000002				6026010								1	50303				
	1050304	8000	3.「習得防禦破壞 4 級」技能	5.史進	道具效果	Rank 04	使用卷軸後習得技能		25																		1	1	1	0	0	1				0	0			0								1	25	25	25	25	50									0	1									500				B000002				6026010								1	50304				
	1050305	8000	3.「習得防禦破壞 5 級」技能	5.史進	道具效果	Rank 05	使用卷軸後習得技能		33																		1	1	1	0	0	1				0	0			0								1	25	25	25	25	50									0	1									500				B000002				6026010								1	50305				
	1050401	8000	4.「習得烏雲蓋頂 1 級」技能	5.史進	道具效果	Rank 01	使用卷軸後習得技能		13																		1	1	1	0	0	1				0	0			0								1	25	25	25	25	50									0	1									500				B000002				6026010								1	50401				
	1050402	8000	4.「習得烏雲蓋頂 2 級」技能	5.史進	道具效果	Rank 02	使用卷軸後習得技能		21																		1	1	1	0	0	1				0	0			0								1	25	25	25	25	50									0	1									500				B000002				6026010								1	50402				
	1050403	8000	4.「習得烏雲蓋頂 3 級」技能	5.史進	道具效果	Rank 03	使用卷軸後習得技能		29																		1	1	1	0	0	1				0	0			0								1	25	25	25	25	50									0	1									500				B000002				6026010								1	50403				
	1050404	8000	4.「習得烏雲蓋頂 4 級」技能	5.史進	道具效果	Rank 04	使用卷軸後習得技能		37																		1	1	1	0	0	1				0	0			0								1	25	25	25	25	50									0	1									500				B000002				6026010								1	50404				
	1050405	8000	4.「習得烏雲蓋頂 5 級」技能	5.史進	道具效果	Rank 05	使用卷軸後習得技能		45																		1	1	1	0	0	1				0	0			0								1	25	25	25	25	50									0	1									500				B000002				6026010								1	50405				
	1050501	8000	5.「習得老樹盤根 1 級」技能	5.史進	道具效果	Rank 01	使用卷軸後習得技能		26																		1	1	1	0	0	1				0	0			0								1	25	25	25	25	50									0	1									500				B000002				6026010								1	50501				
	1050502	8000	5.「習得老樹盤根 2 級」技能	5.史進	道具效果	Rank 02	使用卷軸後習得技能		34																		1	1	1	0	0	1				0	0			0								1	25	25	25	25	50									0	1									500				B000002				6026010								1	50502				
	1050503	8000	5.「習得老樹盤根 3 級」技能	5.史進	道具效果	Rank 03	使用卷軸後習得技能		42																		1	1	1	0	0	1				0	0			0								1	25	25	25	25	50									0	1									500				B000002				6026010								1	50503				
	1050504	8000	5.「習得老樹盤根 4 級」技能	5.史進	道具效果	Rank 04	使用卷軸後習得技能		50																		1	1	1	0	0	1				0	0			0								1	25	25	25	25	50									0	1									500				B000002				6026010								1	50504				
	1050505	8000	5.「習得老樹盤根 5 級」技能	5.史進	道具效果	Rank 05	使用卷軸後習得技能		58																		1	1	1	0	0	1				0	0			0								1	25	25	25	25	50									0	1									500				B000002				6026010								1	50505				
	1050601	8000	6.「習得弱化攻擊 1 級」技能	5.史進	道具效果	Rank 01	使用卷軸後習得技能		32																		1	1	1	0	0	1				0	0			0								1	25	25	25	25	50									0	1									500				B000002				6026010								1	50601				
	1050602	8000	6.「習得弱化攻擊 2 級」技能	5.史進	道具效果	Rank 02	使用卷軸後習得技能		39																		1	1	1	0	0	1				0	0			0								1	25	25	25	25	50									0	1									500				B000002				6026010								1	50602				
	1050603	8000	6.「習得弱化攻擊 3 級」技能	5.史進	道具效果	Rank 03	使用卷軸後習得技能		46																		1	1	1	0	0	1				0	0			0								1	25	25	25	25	50									0	1									500				B000002				6026010								1	50603				
	1050604	8000	6.「習得弱化攻擊 4 級」技能	5.史進	道具效果	Rank 04	使用卷軸後習得技能		53																		1	1	1	0	0	1				0	0			0								1	25	25	25	25	50									0	1									500				B000002				6026010								1	50604				
	1050605	8000	6.「習得弱化攻擊 5 級」技能	5.史進	道具效果	Rank 05	使用卷軸後習得技能		60																		1	1	1	0	0	1				0	0			0								1	25	25	25	25	50									0	1									500				B000002				6026010								1	50605				
	1060101	8000	1.「習得烈火快斧 1 級」技能	6.李逵	道具效果	Rank 01	使用卷軸後習得技能		1																		1	1	1	0	0	1				0	0			0								1	25	25	25	25	50									0	1									500				B000002				6026010								1	60101				
	1060102	8000	1.「習得烈火快斧 2 級」技能	6.李逵	道具效果	Rank 02	使用卷軸後習得技能		6																		1	1	1	0	0	1				0	0			0								1	25	25	25	25	50									0	1									500				B000002				6026010								1	60102				
	1060103	8000	1.「習得烈火快斧 3 級」技能	6.李逵	道具效果	Rank 03	使用卷軸後習得技能		11																		1	1	1	0	0	1				0	0			0								1	25	25	25	25	50									0	1									500				B000002				6026010								1	60103				
	1060104	8000	1.「習得烈火快斧 4 級」技能	6.李逵	道具效果	Rank 04	使用卷軸後習得技能		16																		1	1	1	0	0	1				0	0			0								1	25	25	25	25	50									0	1									500				B000002				6026010								1	60104				
	1060105	8000	1.「習得烈火快斧 5 級」技能	6.李逵	道具效果	Rank 05	使用卷軸後習得技能		21																		1	1	1	0	0	1				0	0			0								1	25	25	25	25	50									0	1									500				B000002				6026010								1	60105				
	1060201	8000	2.「習得野火燎原 1 級」技能	6.李逵	道具效果	Rank 01	使用卷軸後習得技能		26																		1	1	1	0	0	1				0	0			0								1	25	25	25	25	50									0	1									500				B000002				6026010								1	60201				
	1060202	8000	2.「習得野火燎原 2 級」技能	6.李逵	道具效果	Rank 02	使用卷軸後習得技能		34																		1	1	1	0	0	1				0	0			0								1	25	25	25	25	50									0	1									500				B000002				6026010								1	60202				
	1060203	8000	2.「習得野火燎原 3 級」技能	6.李逵	道具效果	Rank 03	使用卷軸後習得技能		42																		1	1	1	0	0	1				0	0			0								1	25	25	25	25	50									0	1									500				B000002				6026010								1	60203				
	1060204	8000	2.「習得野火燎原 4 級」技能	6.李逵	道具效果	Rank 04	使用卷軸後習得技能		50																		1	1	1	0	0	1				0	0			0								1	25	25	25	25	50									0	1									500				B000002				6026010								1	60204				
	1060205	8000	2.「習得野火燎原 5 級」技能	6.李逵	道具效果	Rank 05	使用卷軸後習得技能		58																		1	1	1	0	0	1				0	0			0								1	25	25	25	25	50									0	1									500				B000002				6026010								1	60205				
	1060301	8000	3.「習得銅牆鐵壁 1 級」技能	6.李逵	道具效果	Rank 01	使用卷軸後習得技能		1																		1	1	1	0	0	1				0	0			0								1	25	25	25	25	50									0	1									500				B000002				6026010								1	60301				
	1060302	8000	3.「習得銅牆鐵壁 2 級」技能	6.李逵	道具效果	Rank 02	使用卷軸後習得技能		9																		1	1	1	0	0	1				0	0			0								1	25	25	25	25	50									0	1									500				B000002				6026010								1	60302				
	1060303	8000	3.「習得銅牆鐵壁 3 級」技能	6.李逵	道具效果	Rank 03	使用卷軸後習得技能		17																		1	1	1	0	0	1				0	0			0								1	25	25	25	25	50									0	1									500				B000002				6026010								1	60303				
	1060304	8000	3.「習得銅牆鐵壁 4 級」技能	6.李逵	道具效果	Rank 04	使用卷軸後習得技能		25																		1	1	1	0	0	1				0	0			0								1	25	25	25	25	50									0	1									500				B000002				6026010								1	60304				
	1060305	8000	3.「習得銅牆鐵壁 5 級」技能	6.李逵	道具效果	Rank 05	使用卷軸後習得技能		33																		1	1	1	0	0	1				0	0			0								1	25	25	25	25	50									0	1									500				B000002				6026010								1	60305				
	1060401	8000	4.「習得身強體壯 1 級」技能	6.李逵	道具效果	Rank 01	使用卷軸後習得技能		15																		1	1	1	0	0	1				0	0			0								1	25	25	25	25	50									0	1									500				B000002				6026010								1	60401				
	1060402	8000	4.「習得身強體壯 2 級」技能	6.李逵	道具效果	Rank 02	使用卷軸後習得技能		23																		1	1	1	0	0	1				0	0			0								1	25	25	25	25	50									0	1									500				B000002				6026010								1	60402				
	1060403	8000	4.「習得身強體壯 3 級」技能	6.李逵	道具效果	Rank 03	使用卷軸後習得技能		31																		1	1	1	0	0	1				0	0			0								1	25	25	25	25	50									0	1									500				B000002				6026010								1	60403				
	1060404	8000	4.「習得身強體壯 4 級」技能	6.李逵	道具效果	Rank 04	使用卷軸後習得技能		39																		1	1	1	0	0	1				0	0			0								1	25	25	25	25	50									0	1									500				B000002				6026010								1	60404				
	1060405	8000	4.「習得身強體壯 5 級」技能	6.李逵	道具效果	Rank 05	使用卷軸後習得技能		47																		1	1	1	0	0	1				0	0			0								1	25	25	25	25	50									0	1									500				B000002				6026010								1	60405				
	1060501	8000	5.「習得怒火中燒 1 級」技能	6.李逵	道具效果	Rank 01	使用卷軸後習得技能		13																		1	1	1	0	0	1				0	0			0								1	25	25	25	25	50									0	1									500				B000002				6026010								1	60501				
	1060502	8000	5.「習得怒火中燒 2 級」技能	6.李逵	道具效果	Rank 02	使用卷軸後習得技能		21																		1	1	1	0	0	1				0	0			0								1	25	25	25	25	50									0	1									500				B000002				6026010								1	60502				
	1060503	8000	5.「習得怒火中燒 3 級」技能	6.李逵	道具效果	Rank 03	使用卷軸後習得技能		29																		1	1	1	0	0	1				0	0			0								1	25	25	25	25	50									0	1									500				B000002				6026010								1	60503				
	1060504	8000	5.「習得怒火中燒 4 級」技能	6.李逵	道具效果	Rank 04	使用卷軸後習得技能		37																		1	1	1	0	0	1				0	0			0								1	25	25	25	25	50									0	1									500				B000002				6026010								1	60504				
	1060505	8000	5.「習得怒火中燒 5 級」技能	6.李逵	道具效果	Rank 05	使用卷軸後習得技能		45																		1	1	1	0	0	1				0	0			0								1	25	25	25	25	50									0	1									500				B000002				6026010								1	60505				
	1060601	8000	6.「習得威震八方 1 級」技能	6.李逵	道具效果	Rank 01	使用卷軸後習得技能		32																		1	1	1	0	0	1				0	0			0								1	25	25	25	25	50									0	1									500				B000002				6026010								1	60601				
	1060602	8000	6.「習得威震八方 2 級」技能	6.李逵	道具效果	Rank 02	使用卷軸後習得技能		39																		1	1	1	0	0	1				0	0			0								1	25	25	25	25	50									0	1									500				B000002				6026010								1	60602				
	1060603	8000	6.「習得威震八方 3 級」技能	6.李逵	道具效果	Rank 03	使用卷軸後習得技能		46																		1	1	1	0	0	1				0	0			0								1	25	25	25	25	50									0	1									500				B000002				6026010								1	60603				
	1060604	8000	6.「習得威震八方 4 級」技能	6.李逵	道具效果	Rank 04	使用卷軸後習得技能		53																		1	1	1	0	0	1				0	0			0								1	25	25	25	25	50									0	1									500				B000002				6026010								1	60604				
	1060605	8000	6.「習得威震八方 5 級」技能	6.李逵	道具效果	Rank 05	使用卷軸後習得技能		60																		1	1	1	0	0	1				0	0			0								1	25	25	25	25	50									0	1									500				B000002				6026010								1	60605				
	1070101	8000	1.「習得捨身一擊 1 級」技能	7.顧大嫂	道具效果	Rank 01	使用卷軸後習得技能		1																		1	1	1	0	0	1				0	0			0								1	25	25	25	25	50									0	1									500				B000002				6026010								1	70101				
	1070102	8000	1.「習得捨身一擊 2 級」技能	7.顧大嫂	道具效果	Rank 02	使用卷軸後習得技能		6																		1	1	1	0	0	1				0	0			0								1	25	25	25	25	50									0	1									500				B000002				6026010								1	70102				
	1070103	8000	1.「習得捨身一擊 3 級」技能	7.顧大嫂	道具效果	Rank 03	使用卷軸後習得技能		11																		1	1	1	0	0	1				0	0			0								1	25	25	25	25	50									0	1									500				B000002				6026010								1	70103				
	1070104	8000	1.「習得捨身一擊 4 級」技能	7.顧大嫂	道具效果	Rank 04	使用卷軸後習得技能		16																		1	1	1	0	0	1				0	0			0								1	25	25	25	25	50									0	1									500				B000002				6026010								1	70104				
	1070105	8000	1.「習得捨身一擊 5 級」技能	7.顧大嫂	道具效果	Rank 05	使用卷軸後習得技能		21																		1	1	1	0	0	1				0	0			0								1	25	25	25	25	50									0	1									500				B000002				6026010								1	70105				
	1070201	8000	2.「習得流星趕月 1 級」技能	7.顧大嫂	道具效果	Rank 01	使用卷軸後習得技能		15																		1	1	1	0	0	1				0	0			0								1	25	25	25	25	50									0	1									500				B000002				6026010								1	70201				
	1070202	8000	2.「習得流星趕月 2 級」技能	7.顧大嫂	道具效果	Rank 02	使用卷軸後習得技能		23																		1	1	1	0	0	1				0	0			0								1	25	25	25	25	50									0	1									500				B000002				6026010								1	70202				
	1070203	8000	2.「習得流星趕月 3 級」技能	7.顧大嫂	道具效果	Rank 03	使用卷軸後習得技能		31																		1	1	1	0	0	1				0	0			0								1	25	25	25	25	50									0	1									500				B000002				6026010								1	70203				
	1070204	8000	2.「習得流星趕月 4 級」技能	7.顧大嫂	道具效果	Rank 04	使用卷軸後習得技能		39																		1	1	1	0	0	1				0	0			0								1	25	25	25	25	50									0	1									500				B000002				6026010								1	70204				
	1070205	8000	2.「習得流星趕月 5 級」技能	7.顧大嫂	道具效果	Rank 05	使用卷軸後習得技能		47																		1	1	1	0	0	1				0	0			0								1	25	25	25	25	50									0	1									500				B000002				6026010								1	70205				
	1070301	8000	3.「習得震撼攻擊 1 級」技能	7.顧大嫂	道具效果	Rank 01	使用卷軸後習得技能		13																		1	1	1	0	0	1				0	0			0								1	25	25	25	25	50									0	1									500				B000002				6026010								1	70301				
	1070302	8000	3.「習得震撼攻擊 2 級」技能	7.顧大嫂	道具效果	Rank 02	使用卷軸後習得技能		21																		1	1	1	0	0	1				0	0			0								1	25	25	25	25	50									0	1									500				B000002				6026010								1	70302				
	1070303	8000	3.「習得震撼攻擊 3 級」技能	7.顧大嫂	道具效果	Rank 03	使用卷軸後習得技能		29																		1	1	1	0	0	1				0	0			0								1	25	25	25	25	50									0	1									500				B000002				6026010								1	70303				
	1070304	8000	3.「習得震撼攻擊 4 級」技能	7.顧大嫂	道具效果	Rank 04	使用卷軸後習得技能		37																		1	1	1	0	0	1				0	0			0								1	25	25	25	25	50									0	1									500				B000002				6026010								1	70304				
	1070305	8000	3.「習得震撼攻擊 5 級」技能	7.顧大嫂	道具效果	Rank 05	使用卷軸後習得技能		45																		1	1	1	0	0	1				0	0			0								1	25	25	25	25	50									0	1									500				B000002				6026010								1	70305				
	1070401	8000	4.「習得鏡花水月 1 級」技能	7.顧大嫂	道具效果	Rank 01	使用卷軸後習得技能		32																		1	1	1	0	0	1				0	0			0								1	25	25	25	25	50									0	1									500				B000002				6026010								1	70401				
	1070402	8000	4.「習得鏡花水月 2 級」技能	7.顧大嫂	道具效果	Rank 02	使用卷軸後習得技能		39																		1	1	1	0	0	1				0	0			0								1	25	25	25	25	50									0	1									500				B000002				6026010								1	70402				
	1070403	8000	4.「習得鏡花水月 3 級」技能	7.顧大嫂	道具效果	Rank 03	使用卷軸後習得技能		46																		1	1	1	0	0	1				0	0			0								1	25	25	25	25	50									0	1									500				B000002				6026010								1	70403				
	1070404	8000	4.「習得鏡花水月 4 級」技能	7.顧大嫂	道具效果	Rank 04	使用卷軸後習得技能		53																		1	1	1	0	0	1				0	0			0								1	25	25	25	25	50									0	1									500				B000002				6026010								1	70404				
	1070405	8000	4.「習得鏡花水月 5 級」技能	7.顧大嫂	道具效果	Rank 05	使用卷軸後習得技能		60																		1	1	1	0	0	1				0	0			0								1	25	25	25	25	50									0	1									500				B000002				6026010								1	70405				
	1070501	8000	5.「習得怒不可遏 1 級」技能	7.顧大嫂	道具效果	Rank 01	使用卷軸後習得技能		1																		1	1	1	0	0	1				0	0			0								1	25	25	25	25	50									0	1									500				B000002				6026010								1	70501				
	1070502	8000	5.「習得怒不可遏 2 級」技能	7.顧大嫂	道具效果	Rank 02	使用卷軸後習得技能		9																		1	1	1	0	0	1				0	0			0								1	25	25	25	25	50									0	1									500				B000002				6026010								1	70502				
	1070503	8000	5.「習得怒不可遏 3 級」技能	7.顧大嫂	道具效果	Rank 03	使用卷軸後習得技能		17																		1	1	1	0	0	1				0	0			0								1	25	25	25	25	50									0	1									500				B000002				6026010								1	70503				
	1070504	8000	5.「習得怒不可遏 4 級」技能	7.顧大嫂	道具效果	Rank 04	使用卷軸後習得技能		25																		1	1	1	0	0	1				0	0			0								1	25	25	25	25	50									0	1									500				B000002				6026010								1	70504				
	1070505	8000	5.「習得怒不可遏 5 級」技能	7.顧大嫂	道具效果	Rank 05	使用卷軸後習得技能		33																		1	1	1	0	0	1				0	0			0								1	25	25	25	25	50									0	1									500				B000002				6026010								1	70505				
	1070601	8000	6.「習得激發鬥志 1 級」技能	7.顧大嫂	道具效果	Rank 01	使用卷軸後習得技能		26																		1	1	1	0	0	1				0	0			0								1	25	25	25	25	50									0	1									500				B000002				6026010								1	70601				
	1070602	8000	6.「習得激發鬥志 2 級」技能	7.顧大嫂	道具效果	Rank 02	使用卷軸後習得技能		34																		1	1	1	0	0	1				0	0			0								1	25	25	25	25	50									0	1									500				B000002				6026010								1	70602				
	1070603	8000	6.「習得激發鬥志 3 級」技能	7.顧大嫂	道具效果	Rank 03	使用卷軸後習得技能		42																		1	1	1	0	0	1				0	0			0								1	25	25	25	25	50									0	1									500				B000002				6026010								1	70603				
	1070604	8000	6.「習得激發鬥志 4 級」技能	7.顧大嫂	道具效果	Rank 04	使用卷軸後習得技能		50																		1	1	1	0	0	1				0	0			0								1	25	25	25	25	50									0	1									500				B000002				6026010								1	70604				
	1070605	8000	6.「習得激發鬥志 5 級」技能	7.顧大嫂	道具效果	Rank 05	使用卷軸後習得技能		58																		1	1	1	0	0	1				0	0			0								1	25	25	25	25	50									0	1									500				B000002				6026010								1	70605				
	1080101	8000	1.「習得瞄準射擊 1 級」技能	8.花榮	道具效果	Rank 01	使用卷軸後習得技能		1																		1	1	1	0	0	1				0	0			0								1	25	25	25	25	50									0	1									500				B000002				6026010								1	80101				
	1080102	8000	1.「習得瞄準射擊 2 級」技能	8.花榮	道具效果	Rank 02	使用卷軸後習得技能		6																		1	1	1	0	0	1				0	0			0								1	25	25	25	25	50									0	1									500				B000002				6026010								1	80102				
	1080103	8000	1.「習得瞄準射擊 3 級」技能	8.花榮	道具效果	Rank 03	使用卷軸後習得技能		11																		1	1	1	0	0	1				0	0			0								1	25	25	25	25	50									0	1									500				B000002				6026010								1	80103				
	1080104	8000	1.「習得瞄準射擊 4 級」技能	8.花榮	道具效果	Rank 04	使用卷軸後習得技能		16																		1	1	1	0	0	1				0	0			0								1	25	25	25	25	50									0	1									500				B000002				6026010								1	80104				
	1080105	8000	1.「習得瞄準射擊 5 級」技能	8.花榮	道具效果	Rank 05	使用卷軸後習得技能		21																		1	1	1	0	0	1				0	0			0								1	25	25	25	25	50									0	1									500				B000002				6026010								1	80105				
	1080201	8000	2.「習得震退射擊 1 級」技能	8.花榮	道具效果	Rank 01	使用卷軸後習得技能		15																		1	1	1	0	0	1				0	0			0								1	25	25	25	25	50									0	1									500				B000002				6026010								1	80201				
	1080202	8000	2.「習得震退射擊 2 級」技能	8.花榮	道具效果	Rank 02	使用卷軸後習得技能		23																		1	1	1	0	0	1				0	0			0								1	25	25	25	25	50									0	1									500				B000002				6026010								1	80202				
	1080203	8000	2.「習得震退射擊 3 級」技能	8.花榮	道具效果	Rank 03	使用卷軸後習得技能		31																		1	1	1	0	0	1				0	0			0								1	25	25	25	25	50									0	1									500				B000002				6026010								1	80203				
	1080204	8000	2.「習得震退射擊 4 級」技能	8.花榮	道具效果	Rank 04	使用卷軸後習得技能		39																		1	1	1	0	0	1				0	0			0								1	25	25	25	25	50									0	1									500				B000002				6026010								1	80204				
	1080205	8000	2.「習得震退射擊 5 級」技能	8.花榮	道具效果	Rank 05	使用卷軸後習得技能		47																		1	1	1	0	0	1				0	0			0								1	25	25	25	25	50									0	1									500				B000002				6026010								1	80205				
	1080301	8000	3.「習得箭雨沙暴 1 級」技能	8.花榮	道具效果	Rank 01	使用卷軸後習得技能		13																		1	1	1	0	0	1				0	0			0								1	25	25	25	25	50									0	1									500				B000002				6026010								1	80301				
	1080302	8000	3.「習得箭雨沙暴 2 級」技能	8.花榮	道具效果	Rank 02	使用卷軸後習得技能		21																		1	1	1	0	0	1				0	0			0								1	25	25	25	25	50									0	1									500				B000002				6026010								1	80302				
	1080303	8000	3.「習得箭雨沙暴 3 級」技能	8.花榮	道具效果	Rank 03	使用卷軸後習得技能		29																		1	1	1	0	0	1				0	0			0								1	25	25	25	25	50									0	1									500				B000002				6026010								1	80303				
	1080304	8000	3.「習得箭雨沙暴 4 級」技能	8.花榮	道具效果	Rank 04	使用卷軸後習得技能		37																		1	1	1	0	0	1				0	0			0								1	25	25	25	25	50									0	1									500				B000002				6026010								1	80304				
	1080305	8000	3.「習得箭雨沙暴 5 級」技能	8.花榮	道具效果	Rank 05	使用卷軸後習得技能		45																		1	1	1	0	0	1				0	0			0								1	25	25	25	25	50									0	1									500				B000002				6026010								1	80305				
	1080401	8000	4.「習得飛砂箭陣 1 級」技能	8.花榮	道具效果	Rank 01	使用卷軸後習得技能		26																		1	1	1	0	0	1				0	0			0								1	25	25	25	25	50									0	1									500				B000002				6026010								1	80401				
	1080402	8000	4.「習得飛砂箭陣 2 級」技能	8.花榮	道具效果	Rank 02	使用卷軸後習得技能		34																		1	1	1	0	0	1				0	0			0								1	25	25	25	25	50									0	1									500				B000002				6026010								1	80402				
	1080403	8000	4.「習得飛砂箭陣 3 級」技能	8.花榮	道具效果	Rank 03	使用卷軸後習得技能		42																		1	1	1	0	0	1				0	0			0								1	25	25	25	25	50									0	1									500				B000002				6026010								1	80403				
	1080404	8000	4.「習得飛砂箭陣 4 級」技能	8.花榮	道具效果	Rank 04	使用卷軸後習得技能		50																		1	1	1	0	0	1				0	0			0								1	25	25	25	25	50									0	1									500				B000002				6026010								1	80404				
	1080405	8000	4.「習得飛砂箭陣 5 級」技能	8.花榮	道具效果	Rank 05	使用卷軸後習得技能		58																		1	1	1	0	0	1				0	0			0								1	25	25	25	25	50									0	1									500				B000002				6026010								1	80405				
	1080501	8000	5.「習得麻痺陷阱 1 級」技能	8.花榮	道具效果	Rank 01	使用卷軸後習得技能		1																		1	1	1	0	0	1				0	0			0								1	25	25	25	25	50									0	1									500				B000002				6026010								1	80501				
	1080502	8000	5.「習得麻痺陷阱 2 級」技能	8.花榮	道具效果	Rank 02	使用卷軸後習得技能		9																		1	1	1	0	0	1				0	0			0								1	25	25	25	25	50									0	1									500				B000002				6026010								1	80502				
	1080503	8000	5.「習得麻痺陷阱 3 級」技能	8.花榮	道具效果	Rank 03	使用卷軸後習得技能		17																		1	1	1	0	0	1				0	0			0								1	25	25	25	25	50									0	1									500				B000002				6026010								1	80503				
	1080504	8000	5.「習得麻痺陷阱 4 級」技能	8.花榮	道具效果	Rank 04	使用卷軸後習得技能		25																		1	1	1	0	0	1				0	0			0								1	25	25	25	25	50									0	1									500				B000002				6026010								1	80504				
	1080505	8000	5.「習得麻痺陷阱 5 級」技能	8.花榮	道具效果	Rank 05	使用卷軸後習得技能		33																		1	1	1	0	0	1				0	0			0								1	25	25	25	25	50									0	1									500				B000002				6026010								1	80505				
	1080601	8000	6.「習得劇毒陷阱 1 級」技能	8.花榮	道具效果	Rank 01	使用卷軸後習得技能		32																		1	1	1	0	0	1				0	0			0								1	25	25	25	25	50									0	1									500				B000002				6026010								1	80601				
	1080602	8000	6.「習得劇毒陷阱 2 級」技能	8.花榮	道具效果	Rank 02	使用卷軸後習得技能		39																		1	1	1	0	0	1				0	0			0								1	25	25	25	25	50									0	1									500				B000002				6026010								1	80602				
	1080603	8000	6.「習得劇毒陷阱 3 級」技能	8.花榮	道具效果	Rank 03	使用卷軸後習得技能		46																		1	1	1	0	0	1				0	0			0								1	25	25	25	25	50									0	1									500				B000002				6026010								1	80603				
	1080604	8000	6.「習得劇毒陷阱 4 級」技能	8.花榮	道具效果	Rank 04	使用卷軸後習得技能		53																		1	1	1	0	0	1				0	0			0								1	25	25	25	25	50									0	1									500				B000002				6026010								1	80604				
	1080605	8000	6.「習得劇毒陷阱 5 級」技能	8.花榮	道具效果	Rank 05	使用卷軸後習得技能		60																		1	1	1	0	0	1				0	0			0								1	25	25	25	25	50									0	1									500				B000002				6026010								1	80605				
# 2000000~2999999開頭為道具技能																																																																																													
# 200-0001~200-9999 為 PC 藥水道具技能																																																																																													
	2000101	8000	生命藥水LV1	0.共用	道具效果	Rank 01		40%	1							2000101	7000	0									1	1	1	0	0	1				0	0	400	0	100						2000101		1	50	50	50	50	50									0	1													EIB0001	10		6016010									0					
	2000102	8000	生命藥水LV2	0.共用	道具效果	Rank 02		40%	20							2000101	7000	0									1	1	1	0	0	1				0	0	1160	0	100						2000102		1	50	50	50	50	50									0	1													EIB0001	10		6016010									0					
	2000103	8000	生命藥水LV3	0.共用	道具效果	Rank 03		40%	40							2000101	7000	0									1	1	1	0	0	1				0	0	1960	0	100						2000103		1	50	50	50	50	50									0	1													EIB0001	10		6016010									0					
	2000104	8000	生命藥水LV4	0.共用	道具效果	Rank 04		40%	60							2000101	7000	0									1	1	1	0	0	1				0	0	2760	0	100						2000104		1	50	50	50	50	50									0	1													EIB0001	10		6016010									0					
	2000105	8000	生命藥水LV5	0.共用	道具效果	Rank 05		40%	80							2000101	7000	0									1	1	1	0	0	1				0	0	3560	0	100						2000105		1	50	50	50	50	50									0	1													EIB0001	10		6016010									0					
	2000106	8000	生命藥水LV6	0.共用	道具效果	Rank 06		40%	100																		1	1	1	0	0					0	0	4360	0	100						2000106		1														0	1														10		6016010									0					
	2000107	8000	生命藥水LV7	0.共用	道具效果	Rank 07																					1	1	1	0	0					0	0	0	0	100						2000107		1														0	1														10		6016010									0					
	2000108	8000	生命藥水LV8	0.共用	道具效果	Rank 08																					1	1	1	0	0					0	0	0	0	100						2000108		1														0	1														10		6016010									0					
	2000109	8000	生命藥水LV9	0.共用	道具效果	Rank 09																					1	1	1	0	0					0	0	0	0	100						2000109		1														0	1														10		6016010									0					
	2000110	8000	生命藥水LV10	0.共用	道具效果	Rank 10																					1	1	1	0	0					0	0	0	0	100						2000110		1														0	1														10		6016010									0					
	2000111	8000	技能藥水LV1	0.共用	道具效果	Rank 01	-800	55%	1							2000111	7000	0									1	1	1	0	0	1				0	0	0	550	100						2000111		1	50	50	50	50	50									0	1													EIB0002	10		6016010									0					
	2000112	8000	技能藥水LV2	0.共用	道具效果	Rank 02	-1200	55%	20							2000111	7000	0									1	1	1	0	0	1				0	0	0	1600	100						2000112		1	50	50	50	50	50									0	1													EIB0002	10		6016010									0					
	2000113	8000	技能藥水LV3	0.共用	道具效果	Rank 03	-2000	55%	40							2000111	7000	0									1	1	1	0	0	1				0	0	0	2700	100						2000113		1	50	50	50	50	50									0	1													EIB0002	10		6016010									0					
	2000114	8000	技能藥水LV4	0.共用	道具效果	Rank 04	-2800	55%	60							2000111	7000	0									1	1	1	0	0	1				0	0	0	3800	100						2000114		1	50	50	50	50	50									0	1													EIB0002	10		6016010									0					
	2000115	8000	技能藥水LV5	0.共用	道具效果	Rank 05	-3600	55%	80							2000111	7000	0									1	1	1	0	0	1				0	0	0	4900	100						2000115		1	50	50	50	50	50									0	1													EIB0002	10		6016010									0					
	2000116	8000	技能藥水LV6	0.共用	道具效果	Rank 06		55%	100																		1	1	1	0	0					0	0	0	6000	100						2000116		1														0	1														10		6016010									0					
	2000117	8000	技能藥水LV7	0.共用	道具效果	Rank 07																					1	1	1	0	0					0	0	0	0	100						2000117		1														0	1														10		6016010									0					
	2000118	8000	技能藥水LV8	0.共用	道具效果	Rank 08																					1	1	1	0	0					0	0	0	0	100						2000118		1														0	1														10		6016010									0					
	2000119	8000	技能藥水LV9	0.共用	道具效果	Rank 09																					1	1	1	0	0					0	0	0	0	100						2000119		1														0	1														10		6016010									0					
	2000120	8000	技能藥水LV10	0.共用	道具效果	Rank 10																					1	1	1	0	0					0	0	0	0	100						2000120		1														0	1														10		6016010									0					
	2000121	8000	生命技能藥水LV1	0.共用	道具效果	Rank 01	30%	41%	1							2000121	7000	0									1	1	1	0	0	1				0	0	300	410	100						2000121		1	50	50	50	50	50									0	1													EIB0003	10		6016010									0					
	2000122	8000	生命技能藥水LV2	0.共用	道具效果	Rank 02	30%	41%	20							2000121	7000	0									1	1	1	0	0	1				0	0	870	1200	100						2000122		1	50	50	50	50	50									0	1													EIB0003	10		6016010									0					
	2000123	8000	生命技能藥水LV3	0.共用	道具效果	Rank 03	30%	41%	40							2000121	7000	0									1	1	1	0	0	1				0	0	1470	2020	100						2000123		1	50	50	50	50	50									0	1													EIB0003	10		6016010									0					
	2000124	8000	生命技能藥水LV4	0.共用	道具效果	Rank 04	30%	41%	60							2000121	7000	0									1	1	1	0	0	1				0	0	2070	2850	100						2000124		1	50	50	50	50	50									0	1													EIB0003	10		6016010									0					
	2000125	8000	生命技能藥水LV5	0.共用	道具效果	Rank 05	30%	41%	80							2000121	7000	0									1	1	1	0	0	1				0	0	2670	3670	100						2000125		1	50	50	50	50	50									0	1													EIB0003	10		6016010									0					
	2000126	8000	生命技能藥水LV6	0.共用	道具效果	Rank 06	30%	41%	100																		1	1	1	0	0					0	0	3270	4500	100						2000126		1														0	1														10		6016010									0					
	2000127	8000	生命技能藥水LV7	0.共用	道具效果	Rank 07																					1	1	1	0	0					0	0	0	0	100						2000127		1														0	1														10		6016010									0					
	2000128	8000	生命技能藥水LV8	0.共用	道具效果	Rank 08																					1	1	1	0	0					0	0	0	0	100						2000128		1														0	1														10		6016010									0					
	2000129	8000	生命技能藥水LV9	0.共用	道具效果	Rank 09																					1	1	1	0	0					0	0	0	0	100						2000129		1														0	1														10		6016010									0					
	2000130	8000	生命技能藥水LV10	0.共用	道具效果	Rank 10																					1	1	1	0	0					0	0	0	0	100						2000130		1														0	1														10		6016010									0					
	2000131	8000	神聖藥水	0.共用	道具效果	Rank 01	GASH 道具		1							1003	0	7000									1	1	1	0	0	1				0	0	12000	12000	100						2000131		1	50	50	50	50	50									0	1													EIB0002	10		6016010									0					
	2000132	8000	新手藥水	0.共用	道具效果	Rank 01			1							1001	0	7000									1	1	1	0	0	1				0	0	3000	3000	100						2000131		1	50	50	50	50	50									0	1													EIB0003	10		6016010									0					
	2000133	8000	風之藥劑--解除遲緩	0.共用	道具效果	Rank 01			1							1004	0	7000	1								1	1	1	0	0	1				0	0	0	0	100							130048	1	300	300	300	300	300									0	1													EIB0003	10		6016010									0					
	2000134	8000	火之藥劑--解除凍結	0.共用	道具效果	Rank 01			1							1004	0	7000	1								1	1	1	0	0	1				0	0	0	0	100							130049	1	300	300	300	300	300									0	1													EIB0003	10		6016010									0					
	2000135	8000	土之藥劑--解除中毒	0.共用	道具效果	Rank 01			1							1004	0	7000	1								1	1	1	0	0	1				0	0	0	0	100							130050	1	300	300	300	300	300									0	1													EIB0003	10		6016010									0					
	2000136	8000	解除攻擊力	0.共用	道具效果	Rank 01			1							1004	0	7000								50	1	1	1	1	0				1	0	0	0	0	100							130051	1	300	300	300	300	300									0	1									1500	1500			S01605005	10		6016010									0					
	2000137	8000	解除防禦力	0.共用	道具效果	Rank 01			1							1004	0	7000								50	1	1	1	1	0				1	0	0	0	0	100							130052	1	300	300	300	300	300									0	1									1500	1500			S01605005	10		6016010									0					
	2000138	8000	解除淨化	0.共用	道具效果	Rank 01			1							1004	0	7000								50	1	1	1	1	0				1	0	0	0	0	100							130053	1	300	300	300	300	300									0	1									1500	1500			S01605005	10		6016010									0					
	2000139	8000	激發鬥志藥水Lv1	0.共用	道具效果	Rank 01		40%	1								0	1000									1	1	1	0	0	1				0	0	0	0	100							921001	1	50	50	50	50	50									0	1													EIB0001			6016010									0					
	2000140	8000	激發鬥志藥水Lv2	0.共用	道具效果	Rank 02		40%	1								0	1000									1	1	1	0	0	1				0	0	0	0	100							921002	1	50	50	50	50	50									0	1													EIB0001			6016010									0					
	2000141	8000	激發鬥志藥水Lv3	0.共用	道具效果	Rank 03		40%	1								0	1000									1	1	1	0	0	1				0	0	0	0	100							921003	1	50	50	50	50	50									0	1													EIB0001			6016010									0					
	2000142	8000	聖光洗禮藥水Lv1	0.共用	道具效果	Rank 01		40%	1								0	1000									1	1	1	0	0	1				0	0	0	0	100							921004	1	50	50	50	50	50									0	1													EIB0002			6016010									0					
	2000143	8000	聖光洗禮藥水Lv2	0.共用	道具效果	Rank 02		40%	1								0	1000									1	1	1	0	0	1				0	0	0	0	100							921005	1	50	50	50	50	50									0	1													EIB0002			6016010									0					
	2000144	8000	聖光洗禮藥水Lv3	0.共用	道具效果	Rank 03		40%	1								0	1000									1	1	1	0	0	1				0	0	0	0	100							921006	1	50	50	50	50	50									0	1													EIB0002			6016010									0					
	2000145	8000	靈魂淨化藥水Lv1	0.共用	道具效果	Rank 01			1								0	1000									1	1	1	0	0	1				0	0	0	0	100							921007	1	50	50	50	50	50									0	1													EIB0001			6016010									0					
	2000146	8000	靈魂淨化藥水Lv2	0.共用	道具效果	Rank 02			1								0	1000									1	1	1	0	0	1				0	0	0	0	100							921008	1	50	50	50	50	50									0	1													EIB0001			6016010									0					
	2000147	8000	靈魂淨化藥水Lv3	0.共用	道具效果	Rank 03			1								0	1000									1	1	1	0	0	1				0	0	0	0	100							921009	1	50	50	50	50	50									0	1													EIB0001			6016010									0					
	2000148	8000	魔力淨化藥水Lv1	0.共用	道具效果	Rank 01			1								0	1000									1	1	1	0	0	1				0	0	0	0	100							921010	1	50	50	50	50	50									0	1													EIB0002			6016010									0					
	2000149	8000	魔力淨化藥水Lv2	0.共用	道具效果	Rank 02		55%	1								0	1000									1	1	1	0	0	1				0	0	0	0	100							921011	1	50	50	50	50	50									0	1													EIB0002			6016010									0					
	2000150	8000	魔力淨化藥水Lv3	0.共用	道具效果	Rank 03		55%	1								0	1000									1	1	1	0	0	1				0	0	0	0	100							921012	1	50	50	50	50	50									0	1													EIB0002			6016010									0					
	2000151	8000	疾速風藥水Lv1	0.共用	道具效果	Rank 01		55%	1								0	1000									1	1	1	0	0	1				0	0	0	0	100							921013	1	50	50	50	50	50									0	1													EIB0003			6016010									0					
	2000152	8000	疾速風藥水Lv2	0.共用	道具效果	Rank 02		55%	1								0	1000									1	1	1	0	0	1				0	0	0	0	100							921014	1	50	50	50	50	50									0	1													EIB0003			6016010									0					
	2000153	8000	疾速風藥水Lv3	0.共用	道具效果	Rank 03		55%	1								0	1000									1	1	1	0	0	1				0	0	0	0	100							921015	1	50	50	50	50	50									0	1													EIB0003			6016010									0					
	2000154	8000	身強體壯藥水Lv1	0.共用	道具效果	Rank 01		55%	1								0	1000									1	1	1	0	0	1				0	0	0	0	100							921016	1	50	50	50	50	50									0	1													EIB0001			6016010									0					
	2000155	8000	身強體壯藥水Lv2	0.共用	道具效果	Rank 02			1								0	1000									1	1	1	0	0	1				0	0	0	0	100							921017	1	50	50	50	50	50									0	1													EIB0001			6016010									0					
	2000156	8000	身強體壯藥水Lv3	0.共用	道具效果	Rank 03			1								0	1000									1	1	1	0	0	1				0	0	0	0	100							921018	1	50	50	50	50	50									0	1													EIB0001			6016010									0					
	2000157	8000	體能充沛藥水Lv1	0.共用	道具效果	Rank 01			1								0	1000									1	1	1	0	0	1				0	0	0	0	100							921019	1	50	50	50	50	50									0	1													EIB0002			6016010									0					
	2000158	8000	體能充沛藥水Lv2	0.共用	道具效果	Rank 02			1								0	1000									1	1	1	0	0	1				0	0	0	0	100							921020	1	50	50	50	50	50									0	1													EIB0002			6016010									0					
	2000159	8000	體能充沛藥水Lv3	0.共用	道具效果	Rank 03	28%	44%	1								0	1000									1	1	1	0	0	1				0	0	0	0	100							921021	1	50	50	50	50	50									0	1													EIB0002			6016010									0					
	2000160	8000	鏡花水月藥水Lv1	0.共用	道具效果	Rank 01	28%	44%	1								0	1000									1	1	1	0	0	1				0	0	0	0	100							921022	1	50	50	50	50	50									0	1													EIB0003			6016010									0					
	2000161	8000	鏡花水月藥水Lv2	0.共用	道具效果	Rank 02	28%	44%	1								0	1000									1	1	1	0	0	1				0	0	0	0	100							921023	1	50	50	50	50	50									0	1													EIB0003			6016010									0					
	2000162	8000	鏡花水月藥水Lv3	0.共用	道具效果	Rank 03	28%	44%	1								0	1000									1	1	1	0	0	1				0	0	0	0	100							921024	1	50	50	50	50	50									0	1													EIB0003			6016010									0					
	2000163	8000	祝福的攻擊藥水Lv1	0.共用	道具效果	Rank 01		40%	1							2000163	60000	60000									1	1	1	0	0	1				0	0	0	0	100							921025	1	50	50	50	50	50									0	1													EIB0001			6016010									0					
	2000164	8000	祝福的攻擊藥水Lv2	0.共用	道具效果	Rank 02		40%	1							2000163	60000	60000									1	1	1	0	0	1				0	0	0	0	100							921026	1	50	50	50	50	50									0	1													EIB0001			6016010									0					
	2000165	8000	祝福的攻擊藥水Lv3	0.共用	道具效果	Rank 03		40%	1							2000163	60000	60000									1	1	1	0	0	1				0	0	0	0	100							921027	1	50	50	50	50	50									0	1													EIB0001			6016010									0					
	2000166	8000	祝福的防禦藥水Lv1	0.共用	道具效果	Rank 01		40%	1							2000166	60000	60000									1	1	1	0	0	1				0	0	0	0	100							921028	1	50	50	50	50	50									0	1													EIB0002			6016010									0					
	2000167	8000	祝福的防禦藥水Lv2	0.共用	道具效果	Rank 02		40%	1							2000166	60000	60000									1	1	1	0	0	1				0	0	0	0	100							921029	1	50	50	50	50	50									0	1													EIB0002			6016010									0					
	2000168	8000	祝福的防禦藥水Lv3	0.共用	道具效果	Rank 03		40%	1							2000166	60000	60000									1	1	1	0	0	1				0	0	0	0	100							921030	1	50	50	50	50	50									0	1													EIB0002			6016010									0					
	2000169	8000	祝福的加速藥水Lv1	0.共用	道具效果	Rank 01		55%	1							2000169	60000	60000									1	1	1	0	0	1				0	0	0	0	100							921031	1	50	50	50	50	50									0	1													EIB0003			6016010									0					
	2000170	8000	祝福的加速藥水Lv2	0.共用	道具效果	Rank 02		55%	1							2000169	60000	60000									1	1	1	0	0	1				0	0	0	0	100							921032	1	50	50	50	50	50									0	1													EIB0003			6016010									0					
	2000171	8000	祝福的加速藥水Lv3	0.共用	道具效果	Rank 03		55%	1							2000169	60000	60000									1	1	1	0	0	1				0	0	0	0	100							921033	1	50	50	50	50	50									0	1													EIB0003			6016010									0					
	2000172	8000	英雄的證明	0.共用	道具效果	Rank 01	任務給予特殊道具		1							1003	0	3600000									1	1	1	0	0	1				0	0	12000	12000	100								1	50	50	50	50	50									0	1													EIB0002	10		6016010									0					
# 201-0001~201-0100 為傳送卷軸道具功能																																																																																													
	2010001	8000	鄰近城鎮傳送卷軸	0.共用	道具效果												0	30000	10000								1	1	1	0	0	1				0	0	0	0	0							130054	1														0	1														10		6036010							Skill_TeleportNearByCity		0	0				
	2010002	8000	英雄城 1 傳送卷軸	0.共用	道具效果												0	30000									1	1	1	0	0					0	0	0	0	0								1														0	1														10		6036010									3	3	3248	0	-117	
	2010003	8000	英雄城 2 傳送卷軸	0.共用	道具效果												0	30000									1	1	1	0	0					0	0	0	0	0								1														0	1														10		6036010									3	2001	3374	-1	122	
	2010004	8000	英雄城 3 傳送卷軸	0.共用	道具效果												0	30000									1	1	1	0	0					0	0	0	0	0								1														0	1														10		6036010									3	2002	0	0	0	
	2010005	8000	鄰近城鎮傳送卷軸	0.共用	道具效果												0	30000									1	1	1	0	0					0	0	0	0	0								1														0	1														10		6036010									3	0				
	2010006	8000	鄰近城鎮傳送卷軸	0.共用	道具效果												0	30000									1	1	1	0	0					0	0	0	0	0								1														0	1														10		6036010									3	0				
	2010007	8000	指定人物傳送卷軸	0.共用	道具效果												0	30000									1	1	1	0	0					0	0	0	0	0								1														0	1														10		6036010							Skill_TeleportToSomeone		0	0				
# 201-0101~201-1000 為PC變身糖果道具功能																																																																																													
	2010101	8000	變身-兔王	0.共用	道具效果		使用道具後變身		20								0	200									1	1	1	0	0	1				0	0			0							90001	1	25	25	25	25	50									0	1													B000001				6026010								0					
	2010102	8000	變身-象王	0.共用	道具效果		使用道具後變身		20								0	200									1	1	1	0	0	1				0	0			0							90002	1	25	25	25	25	50									0	1													B000001				6026010								0					
	2010103	8000	變身-彪王	0.共用	道具效果		使用道具後變身		20								0	200									1	1	1	0	0	1				0	0			0							90003	1	25	25	25	25	50									0	1													B000001				6026010								0					
	2010104	8000	變身-駱駝王	0.共用	道具效果		使用道具後變身		20								0	200									1	1	1	0	0	1				0	0			0							90004	1	25	25	25	25	50									0	1													B000001				6026010								0					
	2010105	8000	變身-鷹王	0.共用	道具效果		使用道具後變身		20								0	200									1	1	1	0	0	1				0	0			0							90005	1	25	25	25	25	50									0	1													B000001				6026010								0					
	2010106	8000	變身-貓王	0.共用	道具效果		使用道具後變身		20								0	200									1	1	1	0	0	1				0	0			0							90006	1	25	25	25	25	50									0	1													B000001				6026010								0					
	2010111	8000	變身-林沖	0.共用	道具效果		使用道具後變身		25								0	200									1	1	1	0	0	1				0	0			0							90011	1	25	25	25	25	50									0	1													B000001				6026010								0					
	2010112	8000	變身-雷橫	0.共用	道具效果		使用道具後變身		25								0	200									1	1	1	0	0	1				0	0			0							90012	1	25	25	25	25	50									0	1													B000001				6026010								0					
	2010113	8000	變身-孫二娘	0.共用	道具效果		使用道具後變身		25								0	200									1	1	1	0	0	1				0	0			0							90013	1	25	25	25	25	50									0	1													B000001				6026010								0					
	2010114	8000	變身-戴宗	0.共用	道具效果		使用道具後變身		25								0	200									1	1	1	0	0	1				0	0			0							90014	1	25	25	25	25	50									0	1													B000001				6026010								0					
	2010115	8000	變身-史進	0.共用	道具效果		使用道具後變身		25								0	200									1	1	1	0	0	1				0	0			0							90015	1	25	25	25	25	50									0	1													B000001				6026010								0					
	2010116	8000	變身-李逵	0.共用	道具效果		使用道具後變身		25								0	200									1	1	1	0	0	1				0	0			0							90016	1	25	25	25	25	50									0	1													B000001				6026010								0					
	2010117	8000	變身-顧大嫂	0.共用	道具效果		使用道具後變身		25								0	200									1	1	1	0	0	1				0	0			0							90017	1	25	25	25	25	50									0	1													B000001				6026010								0					
	2010118	8000	變身-花榮	0.共用	道具效果		使用道具後變身		25								0	200									1	1	1	0	0	1				0	0			0							90018	1	25	25	25	25	50									0	1													B000001				6026010								0					
	2010119	8000	變身-葫蘆砲車	0.共用	道具效果		使用道具後變身		25								0	200									1	1	1	0	0	1				0	0			0							90019	1	25	25	25	25	50									0	1													B000001				6026010								0					
# 201-0201~201-0300 為活動用道具功能																																																																																													
	2010201	8000	煙火A型	0.共用	道具效果												0	700									1	1	1	0	0	1				0	0			0								1	25	25	25	25	50									0	1									700			10	SW001	10		7040001									0					
	2010202	8000	煙火B型	0.共用	道具效果												0	700									1	1	1	0	0	1				0	0			0								1	25	25	25	25	50									0	1									700			10	SW002	10		7040001									0					
	2010203	8000	煙火C型	0.共用	道具效果												0	700									1	1	1	0	0	1				0	0			0								1	25	25	25	25	50									0	1									700			10	SW003	10		7040002									0					
	2010204	8000	煙火D型	0.共用	道具效果												0	700									1	1	1	0	0	1				0	0			0								1	25	25	25	25	50									0	1									700			10	SW004	10		7040002									0					
	2010205	8000	煙火E型	0.共用	道具效果												0	700									1	1	1	0	0	1				0	0			0								1	25	25	25	25	50									0	1									700			10	SW005	10		7040001									0					
	2010206	8000	煙火F型	0.共用	道具效果												0	700									1	1	1	0	0	1				0	0			0								1	25	25	25	25	50									0	1									700			10	SW006	10		7040003									0					
	2010207	8000	煙火G型	0.共用	道具效果												0	700									1	1	1	0	0	1				0	0			0								1	25	25	25	25	50									0	1									700			10	SW007	10		7040001									0					
	2010208	8000	煙火H型	0.共用	道具效果												0	700									1	1	1	0	0	1				0	0			0								1	25	25	25	25	50									0	1									700			10	SW008	10		7040001									0					
	2010209	8000	煙火I型	0.共用	道具效果												0	700									1	1	1	0	0	1				0	0			0					0			1	25	25	25	25	50									0	1									700			10	SW009	10		7040003									0					
	2010210	8000	阮氏煙火	0.共用	道具效果												0	700									1	1	1	0	0	1				0	0			0					0			1	25	25	25	25	50									0	1									700			10	SW011	10		7040001									0					
	2010211	8000	大便煙火	0.共用	道具效果												0	700									1	1	1	0	0	1				0	0			0					0			1	25	25	25	25	50									0	1									700			10	SW010	10		7036010									0					
# 201-1001~201-9999 任務技能																																								0																																																					
	2011001	8000	強化防禦	32關奔雷虎												1001	1000	1000	1200000								1	1	0	0	0	1				0	0			0					0		900006	1	800	800	800	800	100									0	1			1						2000			6010	S04605005		EF0211										0					
	2011002	8000	鎮虎符		道具效果											1001	1000	120000	100								1	1	1	1	0				1	0	0			0					0		900007	1	800	800	800	800	100									0	1			1						2000			6010	S04605005		EF0211										0					
	2011003	8000	星光寶盒磁石		開寶箱											1001	10	10									1	1	1	0	0	1				0	0			0					0			1	50	50	50	50	50									0	1			1						700			10	EIB0003			6016010							Mission_godboxaaa		0					
	2011004	8000	祝福寶盒磁石		開寶箱											1001	10	10									1	1	1	0	0	1				0	0			0					0			1	50	50	50	50	50									0	1			1						700			10	EIB0003			6016010							Mission_godboxbbb		0					
	2011005	8000	希望寶盒磁石		開寶箱											1001	10	10									1	1	1	0	0	1				0	0			0					0			1	1	1	1	1	1									0	1			1						700			10	EIB0003			6016010							Mission_godboxccc		0					
	2011006	8000	底盤半成品													1001	10	10									1	1	1	0	0	1				0	0			0					0			1	10	10	10	10	10									0	1			1						700			10	EIB0003			6016010							Mission570_step1		0					
	2011007	8000	承載輪													1001	10	10									1	1	1	0	0	1				0	0			0					0			1	10	10	10	10	10									0	1			1						700			10	EIB0003			6016010							Mission570_step3		0					
	2011008	8000	傳動系統													1001	10	10									1	1	1	0	0	1				0	0			0					0			1	10	10	10	10	10									0	1			1						700			10	EIB0003			6016010							Mission570_step2		0					
	2011009	8000	履帶半成品													1001	10	10									1	1	1	0	0	1				0	0			0					0			1	10	10	10	10	10									0	1			1						700			10	EIB0003			6016010							Mission570_step4		0					
	2011010	8000	禮物盒		開寶箱											1001	10	10									1	1	1	0	0	1				0	0			0					0			1	10	10	10	10	10									0	1			1						700			10	EIB0003			6016010							Missionevent_patrickday		0					
	2011011	8000	藍色的天空之盒	0.共用	開寶箱				1							1001	10	10									1	1	1	0	0	1				0	0			0					0			1	10	10	10	10	10									0	1			1						700			10	EIB0003			6016010							Mission171_OpenBox		0					
	2011012	8000	藍色的海洋之盒	0.共用	開寶箱				1							1001	10	10									1	1	1	0	0	1				0	0			0					0			1	10	10	10	10	10									0	1			1						700			10	EIB0003			6016010							Mission172_OpenBox		0					
	2011013	8000	藍色的大地之盒	0.共用	開寶箱				1							1001	10	10									1	1	1	0	0	1				0	0			0					0			1	10	10	10	10	10									0	1			1						700			10	EIB0003			6016010							Mission173_OpenBox		0					
	2011014	8000	藍色的生命之盒	0.共用	開寶箱				1							1001	10	10									1	1	1	0	0	1				0	0			0					0			1	10	10	10	10	10									0	1			1						700			10	EIB0003			6016010							Mission174_OpenBox		0					
	2011015	8000	綠色的天空之盒	0.共用	開寶箱				1							1001	10	10									1	1	1	0	0	1				0	0			0					0			1	10	10	10	10	10									0	1			1						700			10	EIB0003			6016010							Mission175_OpenBox		0					
	2011016	8000	綠色的海洋之盒	0.共用	開寶箱				1							1001	10	10									1	1	1	0	0	1				0	0			0					0			1	10	10	10	10	10									0	1			1						700			10	EIB0003			6016010							Mission176_OpenBox		0					
	2011017	8000	綠色的大地之盒	0.共用	開寶箱				1							1001	10	10									1	1	1	0	0	1				0	0			0					0			1	10	10	10	10	10									0	1			1						700			10	EIB0003			6016010							Mission177_OpenBox		0					
	2011018	8000	綠色的生命之盒	0.共用	開寶箱				1							1001	10	10									1	1	1	0	0	1				0	0			0					0			1	10	10	10	10	10									0	1			1						700			10	EIB0003			6016010							Mission178_OpenBox		0					
	2011019	8000	黃色的天空之盒	0.共用	開寶箱				1							1001	10	10									1	1	1	0	0	1				0	0			0					0			1	10	10	10	10	10									0	1			1						700			10	EIB0003			6016010							Mission179_OpenBox		0					
	2011020	8000	黃色的海洋之盒	0.共用	開寶箱				1							1001	10	10									1	1	1	0	0	1				0	0			0					0			1	10	10	10	10	10									0	1			1						700			10	EIB0003			6016010							Mission180_OpenBox		0					
	2011021	8000	黃色的大地之盒	0.共用	開寶箱				1							1001	10	10									1	1	1	0	0	1				0	0			0					0			1	10	10	10	10	10									0	1			1						700			10	EIB0003			6016010							Mission181_OpenBox		0					
	2011022	8000	黃色的生命之盒	0.共用	開寶箱				1							1001	10	10									1	1	1	0	0	1				0	0			0					0			1	10	10	10	10	10									0	1			1						700			10	EIB0003			6016010							Mission182_OpenBox		0					
	2011023	8000	紅色的天空之盒	0.共用	開寶箱				1							1001	10	10									1	1	1	0	0	1				0	0			0					0			1	10	10	10	10	10									0	1			1						700			10	EIB0003			6016010							Mission183_OpenBox		0					
	2011024	8000	紅色的海洋之盒	0.共用	開寶箱				1							1001	10	10									1	1	1	0	0	1				0	0			0					0			1	10	10	10	10	10									0	1			1						700			10	EIB0003			6016010							Mission184_OpenBox		0					
	2011025	8000	紅色的大地之盒	0.共用	開寶箱				1							1001	10	10									1	1	1	0	0	1				0	0			0					0			1	10	10	10	10	10									0	1			1						700			10	EIB0003			6016010							Mission185_OpenBox		0					
	2011026	8000	紅色的生命之盒	0.共用	開寶箱				1							1001	10	10									1	1	1	0	0	1				0	0			0					0			1	10	10	10	10	10									0	1			1						700			10	EIB0003			6016010							Mission186_OpenBox		0					
	2011027	8000	鐮刀	0.共用	使用得旗標				1							1001	10	20									1	1	1	0	0	1				0	0			0					0			1	10	10	10	10	10									0	1			1						700			10	PUSH			2010							Mission816_UseItem		0					
	2011028	8000	跳繩	0.共用	使用得旗標				1							1001	10	2500			200						1	1	1	0	0	1				0	0			0					0			1	10	10	10	10	10									0	1			1													7040006							Mission929_UseItem		0					
	2011029	8000	鏟子	0.共用	使用得旗標				1							1001	10	20									1	1	1	0	0	1				0	0			0					0			1	10	10	10	10	10									0	1			1						700			10	PUSH			2010							Mission860_UseItem		0					
	2011030	8000	相機	0.共用	使用得旗標				1							1001	10	1000									1	1	1	0	0	1				0	0			0					0			1	10	10	10	10	10									0	1			1						1000			10	FLASH			7040004							Mission905_UseItem		0					
	2011031	8000	芳香劑	0.共用	使用得旗標				1							1001	10	500									1	1	1	0	0	1				0	0			0					0			1	10	10	10	10	10									0	1			1						700			10	PUSH			7040005							Mission925_UseItem		0					
	2011032	8000	消防栓	0.共用	使用得旗標				1							1001	10	500									1	1	1	0	0	1				0	0			0					0			1	10	10	10	10	10									0	1			1																				Mission947_UseItem		0					
	2011033	8000	火柴	0.共用	使用得旗標				1							1001	10	500									1	1	1	0	0	1				0	0			0					0			1	10	10	10	10	10									0	1			1						200			10	EF0001										Mission955_MatchGirl		0					
	2011034	8000	煤油	0.共用	使用得旗標				1							1001	10	500									1	1	1	0	0	1				0	0			0					0			1	10	10	10	10	10									0	1			1						200			10	SEF20022										Mission955_OIL		0					
	2011035	8000	電擊器	0.共用	使用得旗標				1							1001	10	2500									1	1	1	0	0	1				0	0			0					0			1	10	10	10	10	10									0	1			1						200			10	BF0401A			7040011							Mission961_UseItem		0					
	2011036	8000	越野兔正面照	0.共用	表演效果				1							1001	10	5000									1	1	1	0	0	1				0	0			0					0			1	10	10	10	10	10									0	1			1						100			10											Mission905_UseItem_1		0					
	2011037	8000	越野兔左面照	0.共用	表演效果				1							1001	10	5000									1	1	1	0	0	1				0	0			0					0			1	10	10	10	10	10									0	1			1						100			10											Mission905_UseItem_3		0					
	2011038	8000	越野兔右面照	0.共用	表演效果				1							1001	10	5000									1	1	1	0	0	1				0	0			0					0			1	10	10	10	10	10									0	1			1						100			10											Mission905_UseItem_2		0					
	2011039	8000	發臭的包子	0.共用	使用得旗標				1							1001	10	5000									1	1	1	0	0	1				0	0			0					0			1	10	10	10	10	10									0	1			1						100			10											Mission964_Alchemy_Item_1		0					
	2011040	8000	吃過的竹筍	0.共用	使用得旗標				1							1001	10	5000									1	1	1	0	0	1				0	0			0					0			1	10	10	10	10	10									0	1			1						100			10											Mission964_Alchemy_Item_2		0					
	2011041	8000	斷掉的樹枝	0.共用	使用得旗標				1							1001	10	5000									1	1	1	0	0	1				0	0			0					0			1	10	10	10	10	10									0	1			1						100			10											Mission964_Alchemy_Item_3		0					
	2011042	8000	營養的蟲子	0.共用	使用得旗標				1							1001	10	5000									1	1	1	0	0	1				0	0			0					0			1	10	10	10	10	10									0	1			1						100			10											Mission964_Alchemy_Item_4		0					
	2011043	8000	融化的糖果	0.共用	使用得旗標				1							1001	10	5000									1	1	1	0	0	1				0	0			0					0			1	10	10	10	10	10									0	1			1						100			10											Mission964_Alchemy_Item_5		0					
	2011044	8000	阮家手環	0.共用	使用得旗標				1							1001	10	3000									1	1	1	0	0	1				0	0			0					0			1	25	25	25	25	50									0	1			1						700			10											Mission1008_UseItem		0					
	2011045	8000	鎚子	0.共用	使用得旗標				1							1001	10	3000									1	1	1	0	0	1				0	0			0					0			1	10	10	10	10	10									0	1			1						100			10				9010006							Mission975_UseItem		0					
	2011046	8000	螃蟹	0.共用	使用得旗標				1							1001	10	5000									1	1	1	0	0	1				0	0			0					0			1	10	10	10	10	10									0	1			1						100			10											Mission984_UseItem		0					
	2011047	8000	鏡子	0.共用	使用得旗標				1							1001	10	3000									1	1	1	0	0	1				0	0			0					0			1	10	10	10	10	10									0	1			1						100			10											Mission985_UseItem		0					
	2011048	8000	豆莢	0.共用	射擊				1							2011048	10	1500									1	1	0	1	0				1	1	0			10					1			1	10	10	5	5	40	40		sef20026		40	40	1500	400	27	1			0						100			10		4010		7040018									0					
	2011049	8000	聽診器	0.共用	使用得旗標				1							1001	10	4000									1	1	1	0	0	1				0	0			0					0			1	10	10	10	10	10									0	1			1						100			10											Mission995_UseItem		0					
	2011050	8000	普通圈圈	0.共用	射擊				1						2011050	2011050	10	2000			100						1	1	0	1	0				1	1	0			10					1			1	10	10	5	5	80			sef20025			40	1333	300	23	1			0						100			10		4010		7040014									0					
	2011051	8000	神奇圈圈	0.共用	射擊				1						2011050	2011050	10	2000			100						1	1	0	1	0				1	1	0			10					1			1	50	50	50	50	80			sef20025B			40	1333	300	23	1		2	0						100			10		4012		7040015									0					
	2011052	8000	新手禮包	0.共用	開寶箱				1							1001	10	10									1	1	1	0	0	1				0	0			0					0			1	10	10	10	10	10									0	1			1						700			10	EIB0003			6016010							Mission317_OpenBox1		0					
	2011053	8000	新手禮包	0.共用	開寶箱				1							1001	10	10									1	1	1	0	0	1				0	0			0					0			1	10	10	10	10	10									0	1			1						700			10	EIB0003			6016010							Gift10_OpenBox		0					
	2011054	8000	新手禮包	0.共用	開寶箱				1							1001	10	10									1	1	1	0	0	1				0	0			0					0			1	10	10	10	10	10									0	1			1						700			10	EIB0003			6016010							Gift15_OpenBox		0					
	2011055	8000	新手禮包	0.共用	開寶箱				1							1001	10	10									1	1	1	0	0	1				0	0			0					0			1	10	10	10	10	10									0	1			1						700			10	EIB0003			6016010							Mission317_OpenBox2		0					
	2011056	8000	新手禮包	0.共用	開寶箱				1							1001	10	10									1	1	1	0	0	1				0	0			0					0			1	10	10	10	10	10									0	1			1						700			10	EIB0003			6016010							Mission317_OpenBox3		0					
	2011057	8000	新手禮包	0.共用	開寶箱				1							1001	10	10									1	1	1	0	0	1				0	0			0					0			1	10	10	10	10	10									0	1			1						700			10	EIB0003			6016010							Mission317_OpenBox4		0					
# 202-0001~2019999 為公會大絕招技能																																								0																																																					
	2020100	8000	兔城公會大絕招--通用級	0.共用	道具效果	Rank 01	公會大絕招	× 5	25	1100241						2020100	900000	900000		0	0					2500	1	1	1	1	12				1	968	0			2	1	1	1	1	450	2020101		1	350	350	400	400	300	10		mfa0001a				2000	0	0	1	300	0.6	1				1	100	3000	800		6050	S01605004	4013	EF0401	8016010					Summon_AK_01				0					
	2020101	8000	兔城公會大絕招--幹部級	0.共用	道具效果	Rank 01	公會大絕招	× 10	25	1100241						2020101	1800000	1800000		0	0					2500	1	1	1	1	12				1	1935	0			1	1	1	1	1	900	2020101		1	350	350	400	400	300	10		mfa0001a				2000	0	0	1	300	1	1				1	100	3000	800		6050	S01605004	4013	EF0401	8016010					Summon_AK_01				0					
	2020102	8000	兔城公會大絕招--副會長級	0.共用	道具效果	Rank 02	公會大絕招	× 15	25	1100242						2020102	1800000	1800000		0	0					2500	1	1	1	1	12				1	2903	0			1	1	1	1	1	1350	2020102		1	350	350	400	400	300	10		mfa0001a				2000	0	0	1	300	1	1				1	100	3000	800		6050	S01605004	4013	EF0401	8016010					Summon_AK_01				0					
	2020103	8000	兔城公會大絕招--會長級	0.共用	道具效果	Rank 03	公會大絕招	× 20	25	1100243						2020103	1800000	1800000		0	0					2500	1	1	1	1	12				1	3870	0			0	1	1	1	1	1800	2020103		1	350	350	400	400	300	10		mfa0001a				2000	0	0	1	300	1	1				1	100	3000	800		6050	S01605004	4013	EF0401	8016010					Summon_AK_01				0					
	2020200	8000	象城公會大絕招--通用級	0.共用	道具效果	Rank 01	公會大絕招	× 5	35	1100245						2020200	900000	900000		0	0					2500	1	1	1	1	12				1	1027	0			1	1	10	1	1	450	2020201	920201	1	350	350	400	400	300	10		mfa0002a				2000	0	0	1	300	0.6	1				1	100	3000	800		6050	S01605004	4013	EF0301	8026010					Summon_AK_02				0					
	2020201	8000	象城公會大絕招--幹部級	0.共用	道具效果	Rank 01	公會大絕招	× 10	35	1100245						2020201	1800000	1800000		0	0					2500	1	1	1	1	12				1	2053	0			1	1	10	1	1	900	2020201	920201	1	350	350	400	400	300	10		mfa0002a				2000	0	0	1	300	1	1				1	100	3000	800		6050	S01605004	4013	EF0301	8026010					Summon_AK_02				0					
	2020202	8000	象城公會大絕招--副會長級	0.共用	道具效果	Rank 02	公會大絕招	× 15	35	1100246						2020202	1800000	1800000		0	0					2500	1	1	1	1	12				1	3080	0			0	1	10	1	1	1350	2020202	920202	1	350	350	400	400	300	10		mfa0002a				2000	0	0	1	300	1	1				1	100	3000	800		6050	S01605004	4013	EF0301	8026010					Summon_AK_02				0					
	2020203	8000	象城公會大絕招--會長級	0.共用	道具效果	Rank 03	公會大絕招	× 20	35	1100247						2020203	1800000	1800000		0	0					2500	1	1	1	1	12				1	4106	0			0	1	10	1	1	1800	2020203	920203	1	350	350	400	400	300	10		mfa0002a				2000	0	0	1	300	1	1				1	100	3000	800		6050	S01605004	4013	EF0301	8026010					Summon_AK_02				0					
	2020300	8000	彪城公會大絕招--通用級	0.共用	道具效果	Rank 01	公會大絕招	× 5	45	1100249						2020300	900000	900000		0	0					2500	1	1	1	1	12				1	1395	0			1	1	1	10	1	450	2020301	920301	1	350	350	400	400	300	10		mfa0003a				2000	0	0	1	300	0.6	1				1	100	3000	800		6050	S01605004	4013	EF0201	8036010					Summon_AK_03				0					
	2020301	8000	彪城公會大絕招--幹部級	0.共用	道具效果	Rank 01	公會大絕招	× 10	45	1100249						2020301	1800000	1800000		0	0					2500	1	1	1	1	12				1	2790	0			1	1	1	10	1	900	2020301	920301	1	350	350	400	400	300	10		mfa0003a				2000	0	0	1	300	1	1				1	100	3000	800		6050	S01605004	4013	EF0201	8036010					Summon_AK_03				0					
	2020302	8000	彪城公會大絕招--副會長級	0.共用	道具效果	Rank 02	公會大絕招	× 15	45	1100250						2020302	1800000	1800000		0	0					2500	1	1	1	1	12				1	4185	0			0	1	1	10	1	1350	2020302	920302	1	350	350	400	400	300	10		mfa0003a				2000	0	0	1	300	1	1				1	100	3000	800		6050	S01605004	4013	EF0201	8036010					Summon_AK_03				0					
	2020303	8000	彪城公會大絕招--會長級	0.共用	道具效果	Rank 03	公會大絕招	× 20	45	1100251						2020303	1800000	1800000		0	0					2500	1	1	1	1	12				1	5580	0			0	1	1	10	1	1800	2020303	920303	1	350	350	400	400	300	10		mfa0003a				2000	0	0	1	300	1	1				1	100	3000	800		6050	S01605004	4013	EF0201	8036010					Summon_AK_03				0					
	2020400	8000	鷹城公會大絕招--通用級	0.共用	道具效果	Rank 01	公會大絕招	× 5	55	1100253						2020400	900000	900000		0	0					2500	1	1	1	1	12				1	1857	0			1	1	1	1	10	450	2020401	920401	1	350	350	400	400	300	10		mfa0004a				2000	0	0	1	300	0.6	1				1	100	3000	800		6050	S01605004	4013	EF0001	8046010					Summon_AK_04				0					
	2020401	8000	鷹城公會大絕招--幹部級	0.共用	道具效果	Rank 01	公會大絕招	× 10	55	1100253						2020401	1800000	1800000		0	0					2500	1	1	1	1	12				1	3714	0			0	1	1	1	10	900	2020401	920401	1	350	350	400	400	300	10		mfa0004a				2000	0	0	1	300	1	1				1	100	3000	800		6050	S01605004	4013	EF0001	8046010					Summon_AK_04				0					
	2020402	8000	鷹城公會大絕招--副會長級	0.共用	道具效果	Rank 02	公會大絕招	× 15	55	1100254						2020402	1800000	1800000		0	0					2500	1	1	1	1	12				1	5570	0			0	1	1	1	10	1350	2020402	920402	1	350	350	400	400	300	10		mfa0004a				2000	0	0	1	300	1	1				1	100	3000	800		6050	S01605004	4013	EF0001	8046010					Summon_AK_04				0					
	2020403	8000	鷹城公會大絕招--會長級	0.共用	道具效果	Rank 03	公會大絕招	× 20	55	1100255						2020403	1800000	1800000		0	0					2500	1	1	1	1	12				1	7427	0			0	1	1	1	10	1800	2020403	920403	1	350	350	400	400	300	10		mfa0004a				2000	0	0	1	300	1	1				1	100	3000	800		6050	S01605004	4013	EF0001	8046010					Summon_AK_04				0					
#	2020500	8000	駱駝城公會大絕招--通用級	0.共用	道具效果	Rank 01	公會大絕招	× 5	45	1100257						2020500	900000	900000		0	0					2500	1	1	1	1	12				1	1395	0			1	10	1	1	1	450	2020501	920501	1	350	350	400	400	300	10		mfa0005a				2000	0	0	1	300	0.6	1				1	100	3000	800		6050	S01605004	4013	EF0001	8046010					Summon_AK_05				0					
#	2020501	8000	駱駝城公會大絕招--幹部級	0.共用	道具效果	Rank 01	公會大絕招	× 10	45	1100257						2020501	1800000	1800000		0	0					2500	1	1	1	1	12				1	2790	0			1	10	1	1	1	900	2020501	920501	1	350	350	400	400	300	10		mfa0005a				2000	0	0	1	300	1	1				1	100	3000	800		6050	S01605004	4013	EF0001	8046010					Summon_AK_05				0					
#	2020502	8000	駱駝城公會大絕招--副會長級	0.共用	道具效果	Rank 02	公會大絕招	× 15	45	1100258						2020502	1800000	1800000		0	0					2500	1	1	1	1	12				1	4185	0			0	10	1	1	1	1350	2020502	920502	1	350	350	400	400	300	10		mfa0005a				2000	0	0	1	300	1	1				1	100	3000	800		6050	S01605004	4013	EF0001	8046010					Summon_AK_05				0					
#	2020503	8000	駱駝城公會大絕招--會長級	0.共用	道具效果	Rank 03	公會大絕招	× 20	45	1100259						2020503	1800000	1800000		0	0					2500	1	1	1	1	12				1	5580	0			0	10	1	1	1	1800	2020503	920503	1	350	350	400	400	300	10		mfa0005a				2000	0	0	1	300	1	1				1	100	3000	800		6050	S01605004	4013	EF0001	8046010					Summon_AK_05				0					
	2020600	8000	貓城公會大絕招--通用級	0.共用	道具效果	Rank 01	公會大絕招	× 5	55	1100261						2020600	900000	900000		0	0					2500	1	1	1	1	12				1	1857	0			1	1	1	10	1	450	2020601	920301	1	350	350	400	400	300	10		mfa0005a				2000	0	0	1	300	0.6	1				1	100	3000	800		6050	S01605004	4013	EF0001	8046010					Summon_AK_05				0					
	2020601	8000	貓城公會大絕招--幹部級	0.共用	道具效果	Rank 01	公會大絕招	× 10	55	1100261						2020601	1800000	1800000		0	0					2500	1	1	1	1	12				1	3714	0			0	1	1	10	1	900	2020601	920301	1	350	350	400	400	300	10		mfa0005a				2000	0	0	1	300	1	1				1	100	3000	800		6050	S01605004	4013	EF0001	8046010					Summon_AK_05				0					
	2020602	8000	貓城公會大絕招--副會長級	0.共用	道具效果	Rank 02	公會大絕招	× 15	55	1100262						2020602	1800000	1800000		0	0					2500	1	1	1	1	12				1	5570	0			0	1	1	10	1	1350	2020602	920302	1	350	350	400	400	300	10		mfa0005a				2000	0	0	1	300	1	1				1	100	3000	800		6050	S01605004	4013	EF0001	8046010					Summon_AK_05				0					
	2020603	8000	貓城公會大絕招--會長級	0.共用	道具效果	Rank 03	公會大絕招	× 20	55	1100263						2020603	1800000	1800000		0	0					2500	1	1	1	1	12				1	7427	0			0	1	1	10	1	1800	2020603	920303	1	350	350	400	400	300	10		mfa0005a				2000	0	0	1	300	1	1				1	100	3000	800		6050	S01605004	4013	EF0001	8046010					Summon_AK_05				0					
	2020604	8000	兔城公會大絕招--任務表演用	0.共用	道具效果	Rank 01	公會大絕招	× 10	25	1100241						2020604	200	200		0	0					2500	1	1	1	0	12				1	1451	0			1	1	1	1	1	900	2020101		1	350	350	400	400	300	10		mfa0001a				2000	0	0	1	300	1	1				1	100	3000	800		6050	S01605004	4013	EF0401	8016010					Summon_AK_01				0					
# 203-0001~203-9999 為商城道具或其他功能																																								0																																																					
	2030041	8000	隨身修裝器																								1	1	1											0																																														Item_ForceOpenFixEquipment		0					
	2030042	8000	異次元倉庫																								1	1	1											0																																														Item_ForceOpenWarehouse		0					
	2030043	8000	世界伺服器大聲公																								1	1	1											0																																														Item_ForceOpenMultiBroadcast		0					
	2030044	8000	經驗加倍券															200	1800000								1	1	1	0	0	1				0	0			0							130055	1	10	10	10	10	10										1			1										S01605005		Empty										0					
	2030045	8000	掉寶加倍券															200	1800000								1	1	1	0	0	1				0	0			0							130056	1	10	10	10	10	10										1			1										S01605005		Empty										0					
	2030046	8000	經驗加倍汽水															200	1800000								1	1	1	0	0	1				0	0			0							130057	1	10	10	10	10	10										1			1										S01605005		Empty										0					
	2030047	8000	掉寶加倍汽水															200	1800000								1	1	1	0	0	1				0	0			0							130058	1	10	10	10	10	10										1			1										S01605005		Empty										0					
	2030054	8000	背包擴充券																								1	1	1											0																																														Item_IncreaseBackpack		0					
	2030055	8000	倉庫擴充券																								1	1	1											0																																														Item_IncreaseWarehouse		0					
# 3000000~4999999為NPC技能																																																																																													
# NPC小兵通用技能																																																																																													
	3000021	8000	蝗蟲通用-騎士踢	蝗蟲	近戰	MOB	mobb0068									1	2000	2000									1	0	0	1	2				1	1	0			10	1	1	1	1	80	3000021		1	120		25	25	50									0	2	150		1						1367	550		6010			EF0001	10106010									0					
	3000022	8000	蝗蟲通用-頭錘	蝗蟲	近戰	MOB	mobb0068									0	2000	2000									1	1	0	1	2				1	4	0			10	1	1	1	1	93	3000022		1	150		25	25	50									0	1			1						1367	700		6020			EF0001	10106020									0					
	3000031	8000	兔兵通用-兔耳甩	兔兵	近戰	MOB	moba0001									0	2000	2000									1	1	0	1	2				1	4	0			10	1	1	1	1	100	4000001		1	150		25	25	50									0	1			1						1333	600		6020			EF0001	9406020									0					
	3000032	8000	腳踢3下	兔兵	近戰	MOB	moba0001									1	2000	2000									1	0	0	1	2				1	1	0			10	1	1	1	1	85	3000032		1	150		25	25	50									0	3	275		1						1700	650		6010			EF0001	9406010									0					
	3000092	8000	腳踢3下	兔兵	近戰	MOB	moba0001									1	2000	2000									1	0	0	1	2				1	1	0			10	1	1	1	1	85	3000092		1	150		25	25	50									0	3	275		1						1700	650		6010			EF0001	9406010									0					
	3004021	8000	坦克兔通用-蘿蔔尖刺	坦克兔	近戰	MOB	moba0001									0	2000	2000									1	1	0	1	2				1	1	0			10	1	1	1	1	85	3000032		1	150		25	25	50									0	2	300		1						1167	500		6010			EF0001	9506010									0					
	3004022	8000	坦克兔通用-蘿蔔突進	坦克兔	近戰	MOB	moba0001									1	2000	2000									1	0	0	1	2				1	1	0			10	1	1	1	1	85	3000092		1	100		50	50	50									0	5	200		1	1	180	1200	1	80	1333	200		6020		4013	EF0001	9506020						SkillCamShock1			0					
	3008022	8000	蝸牛通用-大甩眼	蝸牛	前方	MOB	moba0019									1	2000	2000									1	0	0	1	2				1	1	0			10	1	1	1	1	80	3008022		0	150		25	25	50									0	1			1				1	100	1833	1000		6020		4012	EF0001	10306020									0					
	3019051	8000	吐舌	變色龍(x1)	前方	MOB	moba0007									0	1500	1500									1	1	0	1	2				1	8	0			10	1	1	1	1	100	3019051		0	120		25	25	50									0	1			1						800	500		6010			EF0001	10906010									0					
	3019052	8000	連環吐舌	變色龍(x1)	前方	MOB	moba0007									1	1500	2000									1	0	0	1	2				1	8	0			10	1	1	1	1	77	3019052		0	120		25	25	50									0	5	200		1				1	30	2000	500		6020		4012	EF0001	10906020						SkillCamShock1			0					
	3019053	8000	吐舌	變色龍(x1.5)	前方	MOB	moba0007									0	1500	1500									1	1	0	1	2				1	8	0			10	1	1	1	1	100	3019051		0	160		25	25	50									0	1			1						800	500		6010			EF0001	10906010									0					
	3019054	8000	連環吐舌	變色龍(x1.5)	前方	MOB	moba0007									1	1500	2000									1	0	0	1	2				1	8	0			10	1	1	1	1	77	3019052		0	160		25	25	50									0	5	200		1				1	60	2000	500		6020		4012	EF0001	10906020						SkillCamShock1			0					
	3019055	8000	吐舌	變色龍(x2)	前方	MOB	moba0007									0	1500	1500									1	1	0	1	2				1	8	0			10	1	1	1	1	100	3019051		0	220		25	25	50									0	1			1						800	500		6010			EF0001	10906010									0					
	3019056	8000	連環吐舌	變色龍(x2)	前方	MOB	moba0007									1	1500	2000									1	0	0	1	2				1	8	0			10	1	1	1	1	77	3019052		0	220		25	25	50									0	5	200		1				1	90	2000	500		6020		4012	EF0001	10906020						SkillCamShock1			0					
	3019111	8000	砲車吐舌	變色龍砲(x1)	近戰	MOB	moba0008		28							0	1500	1500									1	1	0	1	2				1	21	0			10	1	1	1	1	100	3019111		0	150	40	50	50	50									0	1			1						1500	700		6010			EF0001	11006020									0					
	3019112	8000	砲車射擊	變色龍刺砲(x1)	射擊	MOB	moba0008		28							1	1500	2000									1	0	0	1	2				1	21	0			10	1	1	1	1	100	3019112		1	1	0	50	50	50	60		SEF20012		60	30	1800	600	100	1	300	1.5	0				1	150	1333	650		6020		4013	EF0001	11006020									0					
	3019113	8000	砲車吐舌	變色龍砲(x1.5)	近戰	MOB	moba0008		28							0	1500	1500									1	1	0	1	2				1	21	0			10	1	1	1	1	100	3019111		0	200	40	50	50	50									0	1			1						1500	700		6010			EF0001	11006020									0					
	3019114	8000	砲車射擊	變色龍刺砲(x1.5)	射擊	MOB	moba0008		28							1	1500	2000									1	0	0	1	2				1	21	0			10	1	1	1	1	100	3019112		1	1	0	50	50	50	85		SEF20012		85	40	1800	600	100	1	300	2	0				1	150	1333	650		6020		4013	EF0001	11006020									0					
	3019115	8000	砲車吐舌	變色龍砲(x2)	近戰	MOB	moba0008		28							0	1500	1500									1	1	0	1	2				1	21	0			10	1	1	1	1	100	3019111		0	250	40	50	50	50									0	1			1						1500	700		6010			EF0001	11006020									0					
	3019116	8000	砲車射擊	變色龍刺砲(x2)	射擊	MOB	moba0008		28							1	1500	2000									1	0	0	1	2				1	21	0			10	1	1	1	1	100	3019112		1	1	0	50	50	50	115		SEF20012		115	50	1800	600	100	1	300	3	0				1	150	1333	650		6020		4013	EF0001	11006020									0					
	3019122	8000	砲車射擊	變色龍圓砲(x1)	射擊	MOB	moba0008a		28							1	1500	2000									1	0	0	1	2				1	21	0			10	1	1	1	1	100	3019112		1	1	0	50	50	50	60		SEF20017		60	30	900	800	89	1		0.8	1						1333	650		6020			EF0001	11006020									0					
	3019124	8000	砲車射擊	變色龍圓砲(x1.5)	射擊	MOB	moba0008a		28							1	1500	2000									1	0	0	1	2				1	21	0			10	1	1	1	1	100	3019112		1	1	0	50	50	50	85		SEF20017		85	40	900	800	89	1		1	1						1333	650		6020			EF0001	11006020									0					
	3019126	8000	砲車射擊	變色龍圓砲(x2)	射擊	MOB	moba0008a		28							1	1500	2000									1	0	0	1	2				1	21	0			10	1	1	1	1	100	3019112		1	1	0	50	50	50	110		SEF20017		110	50	900	800	89	1		1.2	1						1333	650		6020			EF0001	11006020									0					
	3019132	8000	砲車射擊	變色龍機砲(x1)	射擊	MOB	moba0008b		28							1	1500	2000									1	0	0	1	2				1	4	0			10	1	1	1	1	85	3019132		1	1	0	50	50	50	60		S08601001		60	30	1000	800	80	3	100	0.5	0						1333	650		6020			EF0001	11006020									0					
	3019134	8000	砲車射擊	變色龍機砲(x1.5)	射擊	MOB	moba0008b		28							1	1500	2000									1	0	0	1	2				1	4	0			10	1	1	1	1	85	3019132		1	1	0	50	50	50	100		S08601001		100	40	1000	800	80	3	100	1	0						1333	650		6020			EF0001	11006020									0					
	3019136	8000	砲車射擊	變色龍機砲(x2)	射擊	MOB	moba0008b		28							1	1500	2000									1	0	0	1	2				1	4	0			10	1	1	1	1	85	3019132		1	1	0	50	50	50	110		S08601001		110	50	1000	800	80	3	100	1.5	0						1333	650		6020			EF0001	11006020									0					
	3019137	8000	新手副本npc表演攻擊	通用	進戰	npc										1	1500	2000									1	0	0	1	2					4	0			10	1	1	1	1	100			1	1	0	50	50	50	110									1			0						2000			6010													0					
	3019138	8000	新手副本龜派氣功		射擊	MOB	mobb0069b		38							1	2300	2000									1	0	0	1	2				1	23	0			10	0	0	0	0	100	3507022		0	60	30	30	30	30	30		S08601001a	-10	30	30	1000	500	50	1		0.8	0				1	50	1333	750		6020		4013	EF0001	10206020						SkillCamShock2			0					
	3019139	8000	新手副本肥肥大範圍技	毒氣兔兵	範圍	MOB	moba0003									1	3000	3000									1	1	0	1	0				1	100	0			10	1	1	1	1	100	4000001		1	3000	3000	3000	3000	3000									0	1	500		1											10											0					
# Boss級：32-LvD序-Boss序-Skill序（EX.3217011：32-17關-01王-第1招）																																				0																																																									
	3200001	8000	召喚蘿蔔刺	披風兔	範圍攻擊	BOSS										1	3000	3000									1	0	0	1	2				1	8	0			10	1	1	1	1	100	3200001		1	200	0	150	150	100			S4A001A				1000	0	0	1	2500		1				1	50	2000	1600		6010		4013	EF0001	10406010				SkillCamShock1					0					
	3200002	8000	滿天丟蘿蔔	披風兔	範圍攻擊	BOSS										1	4000	4000									1	0	0	1	2				1	1	0			10	1	1	1	1	88	3200002		1	300	300	300	300	300			SEF20019				2000		0	1	600		1						2000	500		6020			EF0001	10406020				SkillCamShock1					0					
	3200003	8000	一般攻擊	披風兔	範圍攻擊	BOSS										1	5000	5000									1	1	0	1	2				1	8	0			10	1	1	1	1	100	3000003		1	200	0	50	50	100									0	1			1						2000	100		6010			EF0001	10406010									0					
	3200031	8000	一般攻擊	兔王跳跳#mob20003跳跳	前方	BOSS	mobb0001									1	3000	3000	5000								1	1	0	1	2				1	8	0			10	1	1	1	1	100	4000001	900002	1	300	50	75	75	100									0	3	500		1						1500	400		6010				9806010									0					
	3200032	8000	一般攻擊	兔王跳跳#mob20003跳跳	範圍	BOSS	mobb0001									1	6000	6000									1	1	0	1	2				1	8	0			10	1	1	1	1	100	4000001		1	180	180	180	180	800									0	3	500		1				1	200	1600	400		6020		4013		9806020									0					
	3200051	8000	一般攻擊	毒氣兔兵	範圍	MOB	moba0003									1	3000	3000									1	1	0	1	2				1	8	0			10	1	1	1	1	100	4000001		1	200	200	200	200	300									0	5	500		1				1	100	3000	900		6010		4013		9606010									0					
	3200052	8000	一般攻擊	毒氣兔兵	射擊	MOB	moba0003									1	5000	5000	6000								1	1	0	1	2				1	8	0			10	1	1	1	1	100	4000001	900001	1	100	0	150	150	100			SEF00011				1000	400	200	1	500	1	1						2667	1500		6020				9606020									0					
	3200061	8000	一般攻擊	手榴彈兔兵#mob20006	前方	MOB	moba0004									1	3000	3000	5000								1	1	0	1	2				1	8	0			10	1	1	1	1	100	4000001	900002	0	150		30	30	250									0	1			1						2000	100		6020				9706020									0					
	3200062	8000	一般攻擊	手榴彈兔兵#mob20006	前方	MOB	moba0004									1	6000	6000									1	1	0	1	2				1	8	0			10	1	1	1	1	100	4000001		0	250		30	30	250									0	2	100		1				1	100	2000	100		6010		4013		9706010									0					
	3200063	8000	機器人boss測試用1	叛克將軍	全場景受傷	BOSS	moba0004									1	4000	4000									1	1	0	1	2				1	8	0			10	1	1	1	1	100	4000001		1	200	200	300	300	200							1000		0	1	200		1				1	100	2000	1300		6010		4013		9906010									0					
	3200064	8000	機器人boss測試用1	叛克將軍	全場景受傷	BOSS	moba0004									1	4000	4000									1	1	0	1	2				1	8	0			10	1	1	1	1	100	4000001		1	200	200	50	250	100							1000		0	1	200		1				1	100	2000	1300		6020		4013		9906020									0					
	3200065	8000	機器人boss測試用1	叛克將軍	全場景受傷	BOSS	moba0004									1	4000	4000									1	1	0	1	2				1	8	0			10	1	1	1	1	100	4000001		1	200	200	250	250	100			Empty				1000	0	0	1	200		1				1	100	2000	1300		6030				9906030									0					
	3200066	8000	boss	鐵頭肯特		BOSS										1	2000	2000									1	1	0	1	2				1	8	0			10	1	1	1	1	100	4000001		1	300		100	100	50									0	1	100		1				1	100	2000	500		6010		4013		11406010									0					
	3200067	8000	boss	鐵頭肯特		BOSS										1	2000	2000									1	1	0	1	2				1	8	0			10	1	1	1	1	100	4000001		1	300		100	100	50									0	1	200		1						2000	500		6020				11406020									0					
	3200068	8000	boss	木巨人		MOB										1	4000	4000									1		0	1	2				1	8	0			10	1	1	1	1	100	4000001		1	200	200	200	200	300			S02603101				2000	0	0	1	500		1				1	20	2000	100		6030		4013	EF0202										0					
	3217011	8000	落下炸彈	香蕉砲塔	範圍	BOSS	obj13		20							1	0										1	0	0	1	2				1	26	0			10	1	1	1	1	100	3217011		1	150	150	150	150	500			SEF20008a				2000	0	0	1	600	0.6	1						3000	1000		6010		4013	EF0201	5236010						SkillCamShock3			0					
#	3217012	8000	32-17關-01王-第2招	香蕉砲塔	連打	BOSS	obj13		20							1	0										1	0	0	1	2					26	0			10	1	1	1	1	100			1	50	0	50	50	50			SEF20004				1500	1000	100	2	150		1				1	10	1500	500		6020			EF0201	5236020									0					
	3217013	8000	衝擊砲	香蕉砲塔	射擊	BOSS	obj13		20							1	0										1	0	0	1	2				1	26	0			10	1	1	1	1	100	3217013		1	100	0	50	50	100			S01601003				3000	1000	100	1	300	1.2	1				1	50	1500	500		6010		4013	EF0201	5236010					SkillCamShock				0					
	3217041	8000	直升象通用-射擊	直升象	射擊	MOB	moba0065		27							0	3000	3000									1	1	0	1	2				1	20	0			10	1	1	1	1	100	3217041		1	1	0	150	150	50	160		SEF20018		160	100	1000	800	80	1		1.2							1133	400		6010			EF0201	10706020									0					
	3217042	8000	直升象通用-連續射擊	直升象	前方	MOB	moba0065		27							1	3000	6000									1	0	0	1	2				1	1	0			10	1	1	1	1	72	3217042		1	600	1	150	150	150									0	4	200						1	50	1600	400		6020	S04602101		EF0001	10806010						SkillCamShock			0					
	3218001	8000	小型象共用噴水攻擊	青藍象（x0.5）	前方	MOB			23							1	2000	2000									1	0	0	1	2				1	29	0			10	1	1	1	1	100	3218001		1	200	0	50	50	150									0	1							1	100	1500	1000		6020		4012	EF0301	10706020									0					
	3218011	8000	伸縮鼻象噴擠攻擊	皺鼻象（x0.5）	近戰	BOSS			25							1	1500	1500									1	0	0	1	2				1	19	0			10	1	1	1	1	100	3218011		1	200	0	40	40	100									0	1							1	150	1000	400		6010		4013	EF0001	10806010									0					
	3218012	8000	伸縮鼻象鐵鎚攻擊	皺鼻象（x0.5）	近戰	BOSS			25							1	1500	1500									1	0	0	1	2				1	32	0			10	1	1	1	1	100	3218012		1	300	0	40	40	100									0	1							1	100	1300	900		6020		4013	EF0001	10806020					SkillCamShock				0					
	3218021	8000	盾象衝撞	林沖型MOB	近戰	MOB			25							1	1500	1500									1	0	0	1	2				1	32	0			10	1	1	1	1	100	3218021		0	200		40	40	100									0	1							1	200	1000	500		6010		4013	EF0001	11306010									0					
	3218022	8000	盾象抽打	林沖型MOB	近戰	MOB			25							1	1500	1500									1	0	0	1	2				1	32	0			10	1	1	1	1	100	3218022		0	200		40	40	100									0	1									1000	500		6020			EF0001	11306020									0					
	3218101	8000	斑馬燈籠打	斑馬(x0.2)	近戰	BOSS	mobb0026		28							0	1500	1500									1	1	0	1	2				1	21	0			10	1	1	1	1	100	3226051		0	150	30	30	30	100									0	1			1				1	100	933	350		6010		4012	EF0001	12106010						SkillCamShock			0					
	3218102	8000	黑斑馬燈籠集氣	斑馬(x0.2)	射擊	BOSS	mobb0026a		28							1	1500	2200									1	0	0	1	2				1	21	0			10	1	1	1	1	100	3226052		1	1	0	50	50	40	40		S03601001		40	80	3200	800	25	1		1	1				1	50	2167	1500		6020	S03605001	4013	EF0301	10506020						SkillCamShock2			0					
	3218103	8000	斑馬大施法	斑馬(x0.2)	範圍射擊	BOSS	mobb0026		28							1	1500	2000									1	0	0	1	2				1	21	0			10	1	1	1	1	100	3226053		0	150	150	150	150	300			SEF20010b				1500	0	0	3	500	0.3	1				1	50	1333	700		6030	S01605005	4013	EF0401	10506030					SkillCamShock2	SkillCamShock2			0					
	3218111	8000	白斑馬燈籠集氣	斑馬(x0.2)	射擊	BOSS	mobb0026		28							1	1500	2200									1	0	0	1	2				1	21	0			10	1	1	1	1	100	3226062		1	1	0	50	50	40	40		SEF20012		40	80	3200	800	25	1		2	1				1	50	2167	1500		6020	S02605001	4013	EF0201	10506020						SkillCamShock2			0					
	3218031	8000	伸縮鼻象噴擠攻擊	皺鼻象（x1.0）	近戰	BOSS	中型怪，約PC 2倍大		25							1	1500	1500									1	0	0	1	2				1	19	0			10	1	1	1	1	100	3218011		1	300	0	75	75	100									0	1							1	250	1000	400		6010		4013	EF0001	10806010									0					
	3218032	8000	伸縮鼻象鐵鎚攻擊	皺鼻象（x1.0）	近戰	BOSS	中型怪，約PC 2倍大		25							1	1500	1500									1	0	0	1	2				1	32	0			10	1	1	1	1	100	3218012		1	550	0	100	100	100									0	1							1	100	1300	900		6020		4013	EF0001	10806020					SkillCamShock				0					
	3218041	8000	中型象共用甩鼻攻擊	青藍象（x1.0）	近戰	MOB	中型怪，約PC 2倍大		all							0	1500	1500									0	1	0	1	2				1	8	0			10	1	1	1	1	100	4000001		1	200	0	100	100	50									0	1									1000	500		6010			EF0001	72020									0					
	3218042	8000	中型象共用噴水攻擊	青藍象（x1.0）	前方	MOB	中型怪，約PC 2倍大		23							1	2000	2000									1	0	0	1	2				1	29	0			10	1	1	1	1	100	3218001		0	400	0	100	100	150									0	1							1	150	1500	1000		6020		4013	EF0301	10706020									0					
	3219011	8000	變色龍砲車射擊	1.林沖	射擊	MOB			28							1	1500	1500									1	0	0	1	2				1	35	0			10	1	1	1	1	100	3219011		1	30	0	50	50	50			S01601001				2500	800	99	1	310	1	1						1333	700		6020		4013	EF0001	11006020									0					
	3219021	8000	變色龍機槍車射擊	1.林沖	射擊	MOB			28							1	1500	1500									1	0	0	1	2				1	35	0			10	1	1	1	1	100	3219011		1	30	0	50	50	50			S01601002				2500	800	99	1	310	0.6	1						1333	700		6020		4013	EF0001	11006020									0					
	3219031	8000	魔龍砲車光線重砲	變色龍砲車b	範圍	BOSS			29							1	1500	1500									1	0	0	1	2				1	35	0			10	1	1	1	1	100	4000001		0	300	75	150	150	100									0	1							1	200	1600	1000		6010		4013	EF0001	11806010				SkillCamShock1					0					
	3219032	8000	魔龍砲車連射	變色龍砲車b	範圍	BOSS			29							1	1500	1500									1	0	0	1	2				1	35	0			10	1	1	1	1	96	4000005		0	250	300	150	150	100									0	3	100						1	50	1800	800		6020			EF0001	11806020				SkillCamShock2					0					
	3219041	8000	尖龍砲車回旋	變色龍砲車a	範圍	BOSS			29							1	3000	3000									1	0	0	1	2				1	35	0			10	1	1	1	1	100	4000001		1	250	250	250	250	200	10								0	3	100						1	50	2000	800		6010		4013	EF0001	11706010				SkillCamShock1					0					
	3219042	8000	尖龍砲車前擊	變色龍砲車a	範圍	BOSS			29							1	3000	3000									1	0	0	1	2				1	35	0			10	1	1	1	1	96	4000005		0	300	75	75	75	200	10								0	1							1	200	2500	800		6020		4013	EF0001	11706020				SkillCamShock2					0					
	3219051	8000	大魔龍砲車舌鞭	變色龍砲車	範圍	BOSS			29							1	1500	1000									1	0	0	1	2				1	35	0			10	1	1	1	1	100	4000001		1	250	25	50	50	200	10								0	1							1	150	1000	500		6010		4013	EF0001	11406010				SkillCamShock1					0					
	3219052	8000	大魔龍砲車敲擊	變色龍砲車	範圍	BOSS			29							1	2800	2800									1	0	0	1	2				1	35	0			10	1	1	1	1	96	4000005		0	250	25	125	125	200	10								0	1							1	50	2800	1000		6020		4013	EF0001	11406020				SkillCamShock1					0					
	3220011	8000	大香蕉飛標	坦克象(1倍)	射擊	BOSS	moba0032		31							1	1500	1500									1	0	0	1	2				1	38	0			10	1	1	1	1	86	3220011		1	90	0	30	30	30	160		SEF20004		160	200	2500	800	99	1	310	3	1						1000	500		6010			EF0001	11606010									0					
	3220012	8000	影之香蕉飛標	坦克象(1倍)	射擊	BOSS	moba0032		31							1	2500	2500									1	0	0	1	2				1	38	0			10	1	1	1	1	92	3220012		1	80	0	30	30	30	160		SEF20004		160	200	1200	800	100	1	150	2	1				1	50	1600	1000		6020		4013	EF0001	11606020					SkillCamShock				0					
	3221011	8000	布汀冰箱冷氣攻擊	胖胖象	近戰	MOB	moba0089		26							1	6000	6000									1	0	0	1	2				1	32	0			10	1	1	1	1	90	3221011		1	300	50	100	100	50	100		SEF20020		80	180	1500		0	1	1000	1.5	1				1	0	2000	700		6010			EF0301	11906010									0					
	3221012	8000	布汀範圍攻擊	胖胖象	近戰	MOB	moba0089		26							1	6000	6000									1	0	0	1	2				1	32	0			10	1	1	1	1	96	3221012		1	500	500	500	500	200									0	3	400						1	50	2000			6020		4013	EF0201	11906020					SkillCamShock3				0					
	3221013	8000	象糧軍長衝撞	大象糧軍長	近戰	MOB	moba0031d		26							0	3000	3000									1	0	0	1	2				1	32	0			10	1	1	1	1	100	4000001		0	200	75	75	75	100									0	1	200						1	200	1000	500		6010		4013	EF0001	11306010					SkillCamShock				0					
	3221014	8000	象糧軍長抽打	大象糧軍長	近戰	MOB	moba0031d		26							0	6000	6000									1	0	0	1	2				1	32	0			10	1	1	1	1	100	4000002		0	250	75	75	75	100									0	1	200								1000	500		6020			EF0001	11306020									0					
	3221021	8000	燈籠火	燈籠	近戰	MOB	mobb0070		27							1	1500	2000	5000								1	0	0	1	2				1	8	0			10	1	1	1	1	100	3515031	900009	10	250	10	120	120	180									0	1			1				0	0	1467	1000		6010			EF0001	11206010									0					
	3221022	8000	燈籠舔舔	燈籠	近戰	MOB	mobb0070		27							0	1500	1500									1	1	0	1	2				1	15	0			10	1	1	1	1	84	3515032		1	200	0	20	20	80									0	2	400		1				0	0	1100	400		6020			EF0001	11206020									0					
#	3222001	8000	象天王共用普攻	林沖型MOB	前方	BOSS			25							0	1000	5000									1	0	0	1	2				1	32	0			10	1	1	1	1	100	3222001		1	150	25	25	25	50									0	1									1000	500		6020			EF0001										0					
#	3222011	8000	噴水柱	象天王-水柱	範圍	BOSS	moba0032f		33							1	2000	2000									1	0	0	1	2				1	40	0			10	1	1	1	1	100	3222011		1	600	600	600	600	600			SEF20009a				2000	0	0	1	600								1500	800		6010			EF0301						SkillCamShock1				0					
	3222012	8000	追蹤水彈攻擊	隱形追蹤怪	範圍	BOSS	obj00		33							1	2000	5000									1	0	0	1	2				1	40	0			10	1	1	1	1	100	3222012		1	200	200	200	200	600			SEF20009a				2000	0	0	1	600		1						2000	1000		9999			EF0301						SkillCamShock2				0					
#	3222021	8000	大鎚攻擊	象天王-大鎚	範圍	BOSS	moba0032j		33							1	2000	2000									1	0	0	1	2				1	40	0			10	1	1	1	1	100	3222021		0	1000	350	350	350	600									0	1							1	50	2000	1600		6010		4013	EF0001						SkillCamShock1				0					
	3222022	8000	追蹤石塊攻擊	隱形追蹤怪	範圍	BOSS	obj00		33							1	2000	5000									1	0	0	1	2				1	40	0			10	1	1	1	1	100	3222022		1	200	200	200	200	600			SEF20006a				2000	0	0	1	600	0.5	1						2000	1000		9999			EF0001						SkillCamShock2				0					
#	3222031	8000	噴砲彈	象天王-砲彈	範圍	BOSS	moba0032h		33							1	2000	2000									1	0	0	1	2				1	40	0			10	1	1	1	1	100	3222031		1	600	600	600	600	600			SEF20008a				2000	0	0	1	600								3000	1800		6010			EF0201						SkillCamShock1				0					
	3222032	8000	追蹤砲彈攻擊	隱形追蹤怪	範圍	BOSS	obj00		33							1	2000	5000									1	0	0	1	2				1	40	0			10	1	1	1	1	100	3222032		1	200	200	200	200	600			SEF20008a				2000	0	0	1	600	0.5	1						3000	1800		9999			EF0201						SkillCamShock2				0					
#	3222041	8000	扔木樁	象天王-木樁	範圍	BOSS	moba0032g		33							1	2000	2000									1	0	0	1	2				1	40	0			10	1	1	1	1	100	3222041		1	600	600	600	600	600			SEF20007a				2000	0	0	1	600								3000	1800		6010			EF0001						SkillCamShock1				0					
	3222042	8000	追蹤木樁攻擊	隱形追蹤怪	範圍	BOSS	obj00		33							1	2000	5000									1	0	0	1	2				1	40	0			10	1	1	1	1	100	3222042		1	200	200	200	200	600			SEF20007a				2000	0	0	1	600	0.5	1						2000	1000		9999			EF0001						SkillCamShock2				0					
#	3222051	8000	噴大便 = =	象天王-大便	範圍	BOSS	moba0032i		33							1	2000	2000									1	0	0	1	2				1	40	0			10	1	1	1	1	100	3222051		1	600	600	600	600	600			SEF20006a				2000	0	0	1	600								3000	2000		6010			EF0001						SkillCamShock1				0					
	3222052	8000	追蹤西瓜攻擊	隱形追蹤怪	範圍	BOSS	obj00		33							1	2000	5000									1	0	0	1	2				1	40	0			10	1	1	1	1	100	3222052		1	200	200	200	200	600			SEF20010a				2000	0	0	1	600	0.5	1						2000	1000		9999			EF0001						SkillCamShock2				0					
	3222061	8000	俯衝攻擊	小飛象	衝擊	BOSS	mobb0090		34							0	2000	5000									1	0	0	1	2				1	41	0			10	1	1	1	1	100	3222061		0	250	30	30	30										0	1							1	350	3000	800		6010		4013	EF0001	12006010						SkillCamShock2			0					
	3222062	8000	回旋攻擊	小飛象	範圍	BOSS	mobb0090		34							1	2000	5000									1	0	0	1	2				1	41	0			10	1	1	1	1	94	3222062		1	200	200	200	200	100									0	3	300						1	150	2000	500		6020		4013	EF0001	12006020						SkillCamShock			0					
	3223001	8000	村民推木樁(中)	被奴役的村民	射擊	BOSS	npca001b		23							1	0										1	0	0	1	2				1	29	0			10	1	1	1	1	82	3223001		1	25	0	75	75	25			SEF20003				5000	700	99	1	710						1	50	1000			6010		4013	EF0001										0					
	3223002	8000	村民推木樁(慢)	被奴役的村民	射擊	BOSS	npca001b		23							1	0										1	0	0	1	2				1	29	0			10	1	1	1	1	82	3223001		1	25	0	75	75	25			SEF20003				6000	700	100	1	860						1	50	1000			6010		4013	EF0001										0					
	3223003	8000	村民推木樁(快)	被奴役的村民	射擊	BOSS	npca001b		23							1	0										1	0	0	1	2				1	29	0			10	1	1	1	1	82	3223001		1	25	0	75	75	25			SEF20003				4000	700	100	1	570						1	50	1000			6010		4013	EF0001										0					
	3223004	8000	村民推木樁(中)(短距)	被奴役的村民	射擊	BOSS	npca001b		23							1	0										1	0	0	1	2				1	29	0			10	1	1	1	1	82	3223001		1	25	0	75	75	25			SEF20003				2500	500	100	1	500						1	50	1000			6010		4013	EF0001										0					
	3223005	8000	村民推木樁(慢)(短距)	被奴役的村民	射擊	BOSS	npca001b		23							1	0										1	0	0	1	2				1	29	0			10	1	1	1	1	82	3223001		1	25	0	75	75	25			SEF20003				3000	500	100	1	600						1	50	1000			6010		4013	EF0001										0					
	3223006	8000	村民推木樁(快)(短距)	被奴役的村民	射擊	BOSS	npca001b		23							1	0										1	0	0	1	2				1	29	0			10	1	1	1	1	82	3223001		1	25	0	75	75	25			SEF20003				2000	500	100	1	400						1	50	1000			6010		4013	EF0001										0					
	3223011	8000	木樁輪機(中)	木樁1號機	射擊	BOSS	obj15a		23							1	0										1	0	0	1	2				1	29	0			10	1	1	1	1	85	3223011		1	50	0	50	50	100			SEF20005			50	4000	900	99	1	440						1	50	4000	600		6010		4013	EF0001	5246010					SkillCamShock				0					
	3223012	8000	木樁輪機(慢)	木樁2號機	射擊	BOSS	obj15a		23							1	0										1	0	0	1	2				1	29	0			10	1	1	1	1	85	3223011		1	50	0	50	50	100			SEF20005			50	6000	900	101	1	670						1	50	4000	600		6010		4013	EF0001	5246010					SkillCamShock				0					
	3223013	8000	木樁輪機(快)	木樁3號機	射擊	BOSS	obj15a		23							1	0										1	0	0	1	2				1	29	0			10	1	1	1	1	85	3223011		1	50	0	50	50	100			SEF20005			50	3000	900	99	1	330						1	50	4000	600		6010		4013	EF0001	5246010					SkillCamShock				0					
	3223021	8000	香蕉飛標	爆鬥坦克象(x0.4)	射擊	BOSS	moba0032		23							1	1500	1500									1	0	0	1	2				1	29	0			10	1	1	1	1	100	3223021		1	60	0	30	30	30	60		SEF20004		60	90	2500	400	16	1		1.5							1000	500		6010			EF0001	11106010									0					
	3223022	8000	影之香蕉飛標	爆鬥坦克象(x0.4)	射擊	BOSS	moba0032		23							1	2500	2500									1	0	0	1	2				1	29	0			10	1	1	1	1	100	3223022		1	60	0	30	30	30	60		SEF20004		60	90	1200	400	100	2	300	1.2					1	50	1600	1000		6020		4013	EF0001	11106020					SkillCamShock				0					
	3224001	8000	象王大甩鼻1	象王	近戰	MOB	mobb0064		39							0	2000	2000									1	0	0	1	2				1	47	0			10	1	1	1	1	100	4000001		0	400	30	30	30	100									0	3	100		1						1100	300		6010			EF0001	12106010					SkillCamShock				0					
	3224002	8000	象王大甩鼻2	象王	近戰	MOB	mobb0064		39							0	2000	2000									1	0	0	1	2				1	47	0			10	1	1	1	1	100	4000002		0	500	30	30	30	100									0	3	100		1				1	50	1100	300		6020		4013	EF0001	12106020					SkillCamShock				0					
	3224003	8000	卡布象攻擊1	卡布象	近戰	MOB			35							0	1500	1500									1	0	0	1	2				1	42	0			10	1	1	1	1	100	4000001		1	250	75	75	75	100									0	1									1000	500		6010			EF0001	10706010									0					
	3224004	8000	卡布象攻擊2	卡布象	近戰	MOB			35							0	2000	2000									1	0	0	1	2				1	42	0			10	1	1	1	1	96	4000005		0	250	75	75	75	100									0	1							1	50	1500	1000		6020		4013	EF0001	10706020									0					
	3224011	8000	憤怒坦克象擊打	大象糧軍長	近戰	MOB	moba0031d		35							1	2000	2000									1	0	0	1	2				1	42	0			10	1	1	1	1	100	4000001		0	300	75	75	75	100									0	1							1	50	1600	1000		6010		4013	EF0001	11306010					SkillCamShock				0					
	3224012	8000	憤怒坦克象衝擊	大象糧軍長	近戰	MOB	moba0031d		35							1	2000	2000									1	0	0	1	2				1	42	0			10	1	1	1	1	100	4000002		1	75	0	30	30	50			S01601003				1500	600	100	1	250		1				1	200	1600	800		6020		4013	EF0001	11306020					SkillCamShock2				0					
	3224021	8000	小雞叫啄兩下	咕咕	近戰	MOB			all							0	1500	1500									0	1	0	1	2				1	8	0			10	1	1	1	1	86	3224021		0	150	50	75	75	50									0	2	100								1000	400		6010			EF0001	10606010									0					
	3224022	8000	小雞叫頭鎚	咕咕	近戰	MOB			all							0	1500	1500									0	1	0	1	2				1	8	0			10	1	1	1	1	100	3224022		0	150	50	75	75	50									0	1									1000	300		6020			EF0001	10606020									0					
	3225011	8000	象王放屁	象王	範圍攻擊	BOSS			41							0	3000	3000									1	0	0	1	2				1	49	0			10	1	1	1	1	100	4000001		1	200	25	150	150	200									0	1	2500		1				1	350	2000	100		6020	S02602001	4013	EF0001	7036010					SkillCamShock2				0					
	3225012	8000	捲笛象回血	象王	特殊攻擊	BOSS			41							0	3000	3000	600000								1	0	0	0	0	1				0	0	1000	0	0	1	1	1	1	100		900004	1	150	150	150	150	100									0	1									1500	500		6050	S04605010	10	EF0001										0					
	3226051	8000	斑馬燈籠打	斑馬(x0.6)	近戰	BOSS	mobb0026		38							0	1500	1500									1	1	0	1	2				1	29	0			10	1	1	1	1	100	3226051		0	350	30	30	30	100									0	1			1				1	100	933	350		6010		4012	EF0001	10506010						SkillCamShock			0					
	3226052	8000	黑斑馬燈籠集氣	斑馬(x0.6)	射擊	BOSS	mobb0026a		38							1	1500	2200									1	0	0	1	2				1	29	0			10	1	1	1	1	100	3226052		1	1	0	100	100	80			SEF00013		20	80	1500	800	53	1			1				1	50	2167	1500		6020	S03605001	4013	EF0301	10506020						SkillCamShock2			0					
	3226053	8000	斑馬大施法	斑馬(x0.6)	範圍射擊	BOSS	mobb0026		38							1	1500	2000									1	0	0	1	2				1	29	0			10	1	1	1	1	100	3226053		0	250	250	250	250	300			SEF20010b				1500	0	0	3	500	0.5	1				1	50	1333	700		6030	S01605005	4013	EF0401	10506030					SkillCamShock2	SkillCamShock2			0					
	3226062	8000	白斑馬燈籠集氣	斑馬(x0.6)	射擊	BOSS	mobb0026		38							1	1500	2200									1	0	0	1	2				1	29	0			10	1	1	1	1	100	3226062		1	1	0	100	100	80			S01601003		20	80	1500	800	53	1			1				1	50	2167	1500		6020	S02605001	4013	EF0201	10506020						SkillCamShock2			0					
	3227021	8000	大香蕉飛鏢	頑童	射擊	MOB	mobb0069b		27							1	1500	1500									1	0	0	1	2				1	38	0			10	1	1	1	1	86	3220011		1	30	0	30	30	30	30		SEF20004		35	10	2000	400	20	1		0.8	2						2000	400		6010			EF0001	10206010									0					
	3227022	8000	影之香蕉飛鏢	頑童	射擊	MOB	mobb0069b		27							1	2500	2500									1	0	0	1	2				1	38	0			10	1	1	1	1	92	3220012		1	30	0	30	30	30	30		S08601001b		30	10	800	400	50	1		0.6	2						1333	750		6020		4013	EF0001	10206020									0					
	3229011	8000	大鎚攻擊	象工兵	範圍	BOSS	moba0032j		31							1	3000	3000									1	0	0	1	2				1	38	0			10	1	1	1	1	100	3229011		0	400	350	350	350	600									0	1							1	150	3000	1600		6010		4013	EF0001	11106010									0					
	3230011	8000	坦克彪砲擊	坦克彪	範圍攻擊	MOB	被佔葫蘆砲車；戰車彪王		38							0	1000	1000									1	0	0	1	2				1	30	0			10	1	1	1	1	84	3230011		1	200	0	100	100	200			S01601003	50		100	2000	1000	125	1	250	2	1				1	50	1000	500		6010		4013	EF0001	12706010					SkillCamShock2_tank				0					
	3230012	8000	坦克彪王砲擊	坦克彪王	範圍攻擊	BOSS	被佔葫蘆砲車；戰車彪王		41							0	1000	1000									1	0	0	1	2				1	35	0			10	1	1	1	1	84	3230011		1	200	0	200	200	200			S01601003	100		200	2000	1000	125	1	250	3	1				1	50	1000	500		6010		4013	EF0001	12706010					SkillCamShock2_tank				0					
	3231011	8000	彪光普照	噴火彪王	範圍攻擊	BOSS			41							0	5000	5000									1	0	0	1	2				1	17	0			10	1	1	1	1	100	3231011		1	300	300	300	300	300									0	1	200		1				1	150	1500	700		6010		4013	EF0001	12806010						SkillCamShock2			0					
	3231012	8000	阿彪吼	噴火彪王	範圍攻擊	BOSS			41							0	5000	5000									1	0	0	1	2				1	17	0			10	1	1	1	1	80	3231012		1	200	0	150	150	200			S01601003				1000	500	100	1	200		1				1	150	1500	300		6020		4013	EF0001	12806020					SkillCamShock2				0					
	3231013	8000	狂暴	噴火彪王	特殊攻擊	BOSS			41							0	3000	3000	600000								1	0	0	0	0	1				0	0			0	1	1	1	1	100		900005	1	150	150	150	150	100									0	1									1500	500		6010	S04605005	10	EF0201	12806010					SkillCamShock2				0					
	3231023	8000	葫蘆砲車水柱	水柱砲	機關	npc	表演用		42								0										1	0	0	0	0					1	1			10	1	1	1	1	100			1	100	0	50	50	200	60		S03601001		60	80	1000	2500	625	1	250	1.5	1				1	50	1000	500		6010		4013	EF0101						SkillCamShock2_tank				0					
	3231024	8000	坦克彪砲擊	坦克彪	範圍攻擊	MOB	被佔葫蘆砲車；戰車彪王		44							0	1000	1000									1	0	0	1	2				1	45	0			10	1	1	1	1	81	3505031		1	100	0	50	50	200	60		S01601003	50		80	1000	2500	625	1	250	0.5	1				1	50	1000	500		6010		4013	EF_06_01	12706010					SkillCamShock2_tank				0					
	3231025	8000	彪光普照2	偽裝彪	範圍攻擊	BOSS			41							0	5000	5000									1	0	0	1	2				1	17	0			10	1	1	1	1	120	3231025		1	300	300	300	300	300									0	1	200		1				1	150	1500	700		6010		4013	EF0001	12906010						SkillCamShock2			0					
	3231026	8000	阿彪吼2	偽裝彪	範圍攻擊	BOSS			41							1	5000	5000									1	0	0	1	2				1	17	0			10	1	1	1	1	140	3231026		1	200	0	150	150	200			S01601003				1000	500	100	1	200		1				1	150	1500	300		6020		4013	EF0001	12906020					SkillCamShock2				0					
	3234011	8000	迴旋	彪族守門員	近戰	MOB			43							0	3000	3000									1	0	0	1	2				1	15	0			10	1	1	1	1	92	3234011		1	150	50	75	75	50									0	2	500		1				1	50	1000	200		6010			EF0001	12406010									0					
	3234012	8000	噴火	彪族守門員	近戰	MOB			43							1	6000	6000	5000								1	0	0	1	2				1	15	0			10	1	1	1	1	80	3234012	900008	1	300	50	75	75	50									0	3	300		1				1	150	1300	300		6020			EF0001	12406020									0					
	3234021	8000	迴旋	金獅庄	近戰	MOB	moba0113		45							1	3000	3000									1	0	0	1	2				1	15	0			10	1	1	1	1	80	3234021		1	250	250	250	250	300									0	3	250		1				1	50	1267	100		6010		4013	EF0001	13106010						SkillCamShock2			0					
	3234022	8000	轉身拍球	金獅庄	射擊	MOB	moba0113		45							1	6000	6000									1	0	0	1	2				1	15	0			10	1	1	1	1	80	3234022		1	25	0	25	25	30	80		SEF20014		80		1200	800	100	1	150	3	1				1	50	1000	500		6020		4013	EF0001	13106020					SkillCamShock1				0					
	3234023	8000	拍球	金獅庄	射擊	MOB	moba0113		45							1	3000	3000									1	0	0	1	2				1	15	0			10	1	1	1	1	80	3234023		1	25	0	25	25	30	80		SEF20014		80		1200	800	100	1	150	3	1				1	50	1000	500		6030		4013	EF0001	13106030					SkillCamShock1				0					
	3234024	8000	蓋印章攻擊	金獅庄	近戰	MOB	moba0113		45							1	6000	6000									1	0	0	1	2				1	15	0			10	1	1	1	1	80	3234024		1	200	200	200	200	300									0	1			1				1	150	1133			6040		4013	EF0001	13106040					SkillCamShock2				0					
	3535031	8000	雷霆	奔雷虎	近戰	BOSS			45							1	3000	3000	6000								1	0	0	1	2				1	23	0			10	1	1	1	1	100	3505051	900010	1	400	10	200	200	200									0	1			1				0		1267	900		6010		4012	EF0401	13006010									0					
	3535032	8000	多段斬	奔雷虎	近戰	BOSS			45							0	6000	6000									1	1	0	1	2				1	15	0			10	1	1	1	1	93	3505052		1	400	10	100	100	300									0	3	200		1				0		1200	600		6020		4010	EF0001	13006020						SkillCamShock2			0					
	3236042	8000	前後甩尾打	雙囍蠍	範圍	MOB	mobb0036		39							1	4000	4000									1	0	0	1	2				1	29	0			10	1	1	1	1	100	3508013		1	300	200	100	100	80									0	2	600		1				1	100	2167	800		6011		4013	EF0001	13906011						SkillCamShock2			0					
	3237031	8000	左右勾拳	沙漠大捕頭	範圍	MOB	moba9003		45							0	3000	3000									1	1	0	1	2				1	34	0			10	1	1	1	1	88	3237031		0	180	50	50	50	80									0	2	200		1				0		1333	700		6010			EF0001	19106010									0					
	3237032	8000	擊地拳	沙漠大捕頭	範圍射擊	MOB	moba9003		45							1	6000	6000									1	0	0	1	2				1	34	0			10	1	1	1	1	100	3237032		1	150	150	150	150	80			EF_06_01	-40		100	2000	0	0	1	2000		1				1	100	1000	550		6020		4013	EF0001	19106020						SkillCamShock2			0					
	3238011	8000	炫風陣1	駝王陣	範圍攻擊	BOSS			46							1	0	0									1	0	0	1	2				1	15	50			10	1	1	1	1	180	10305		1	300	300	300	300	75									0	3	700		1				1	50	2000	500		6010		4013	EF0101	14106010					SkillCamShock1				0					
	3238012	8000	炫風陣2	駝王陣	範圍攻擊	BOSS			46							1	0	0									1	0	0	1	2				1	23	100			10	1	1	1	1	180	10305		1	300	300	300	300	75									0	3	700		1				1	50	2000	500		6030		4013	EF0101	14106030					SkillCamShock2				0					
	3238013	8000	風雷電擊	駝王陣	範圍攻擊	BOSS			46							1	0	0									1	0	0	1	2				1	19	0			10	1	1	1	1	100	4		1	1000	0	250	250	100									0	1			1				1	100	2000	1000		6020		4013	EF0001	14106020					SkillCamShock1				0					
	3240051	8000	咬殺	狗王	近戰	MOB	moba0005		56							0	3000	3000									1	1	0	1	2				1	42	0			10	1	1	1	1	100	3240051		1	250	10	80	80	80									0	1			1				0		1000	450		6010			EF0001	16506010									0					
	3240052	8000	寒冰撲殺	狗王	近戰	MOB	moba0005		56							1	3000	6000	5000								1	0	0	1	2				1	42	0			10	1	1	1	1	100	3240052	900020	1	300	10	50	50	80									0	1			1				1	100	1333	600		6020	S01605007	4013	EF0001	16506020				SkillCamShock1		SkillCamShock1			0					
	3242021	8000	鋼盔頭錘	怒面頑童	範圍射擊	MOB	mobb0069c		51							1	3000	3000									1	0	0	1	2				1	38	0			10	1	1	1	1	100	3242021		1	150	150	150	150	80			EF_06_01				2000	0	0	1	2000	1.5	1	1	200	650	1		1667	650		6010		4013	EF0001	18306010						SkillCamShock2			0					
	3242022	8000	超人連擊	怒面頑童	近戰	MOB	mobb0069c		51							0	6000	6000									1	1	0	1	2				1	38	0			10	1	1	1	1	100	3242021		0	180	50	50	50	80									0	2	600		1				0	100	2167	600		6020			EF0401	18306020									0					
	3242041	8000	熱狗啄	香腸葛格	近戰	BOSS	moba0041		56							0	3000	3000									1	1	0	1	2				1	42	0			10	1	1	1	1	250	3511051		0	200	10	10	0	50									0	1			1				0		1000	600		6010		4012	EF0001	15906010									0					
	3242042	8000	熱狗屁彈	香腸葛格	射擊	BOSS	moba0041		56							1	6000	6000									1		0	1	2				1	42	0			10	1	1	1	1	130	3511052		1	60	60	60	60	60	40		SEF20012		40	45	1200	600	50	1		5.5	0				1	200	1167	1000		6020		4013	EF0201	15906020						SkillCamShock2			0					
	3242051	8000	蝙蝠衝擊	飛天蝠	近戰	MOB	moba0091		50							0	3000	3000									0	1	0	1	2				1	8	0			10	1	1	1	1	100	3242051		1	150	10	30	30	50									0	1									1000	400		6010			EF0001	14306010									0					
	3242052	8000	蝙蝠橫劈	飛天蝠	近戰	MOB	moba0091		50							0	6000	6000									0	1	0	1	2				1	8	0			10	1	1	1	1	86	3242052		1	150	10	75	75	50									0	2	100								1000	500		6020			EF0001	14306020									0					
	3243021	8000	雙截棍二擊	截氣臭鼬	近戰	MOB	moba0055		53							1	3000	3000									1	0	0	1	2				1	8	0			10	1	1	1	1	85	3243021		1	200	10	100	100	150									0	2	100		1				0	0	1333	200		6010			EF0101	15706020									0					
	3243022	8000	暈眩屁	截氣臭鼬	射擊	MOB	moba0055		53							1	6000	6000	2000								1	0	0	1	2				1	8	0			10	1	1	1	1	71	3504032	900018	1	20	20	20	20	20	20		SEF00011b		20	20	4000	500	13	1		0.5	0				0	0	1333	300		6040			EF0101	15706020									0					
	3243041	8000	酷客橫劈	閃輪酷客	近戰	BOSS	moba0029e		58							0	3000	3000									1	1	0	1	2				1	44	0			10	1	1	1	1	100	3243041		1	250	20	150	150	80									0	2	100		1				0		1167	500		6010		4012	EF0401	14606010									0					
	3243042	8000	酷客轉旋風	閃輪酷客	範圍射擊	BOSS	moba0029e		58							1	6000	6000									1		0	1	2				1	44	0			10	1	1	1	1	75	3243042		1	200	200	200	200	200			S01603101				3000	0	0	1	1000	0.6	1				1	-50	1167	500		6020		4013	EF0401	14606020					SkillCamShock2				0					
	3244041	8000	鷹王橫劈	鷹王	近戰	BOSS	moba0029		61							0	4500	4500									1	1	0	1	2				1	46	0			10	1	1	1	1	100	3244041		1	200	20	150	150	100									0	2	100		1				1	100	1167	500		6010		4013	EF0401	14606010									0					
	3244042	8000	鷹王神風	鷹王	範圍射擊	BOSS	moba0029		61							1	6000	6000	2000								1		0	1	2				1	8	0			10	1	1	1	1	100	3244042	900016	1	300	300	300	300	200			S01603101				5000	0	0	1	1000	0.8	1				0		1167	500		6020		10	Empty	14606020					SkillCamShock2				0					
	3244051	8000	翔鷹橫劈	滑翔鷹	近戰	BOSS	moba0034		56							0	5000	5000									1	1	0	1	2				1	42	0			10	1	1	1	1	100	3244051		1	250	20	150	150	80									0	2	100		1				0		1167	500		6010		4012	EF0401	14506010									0					
	3244052	8000	翔鷹大迴轉	滑翔鷹	範圍	BOSS	moba0034		56							1	5000	5000									1		0	1	2				1	42	0			10	1	1	1	1	100	3244052		1	200	200	200	200	200							3000	0	0	3	200		1				1	10	2167	700		6020		4013	EF0401	14506020						SkillCamShock2			0					
	3244061	8000	斯巴達三連	旋風斯巴達	近戰	BOSS	moba0092		59							0	3000	3000									1	1	0	1	2				1	44	0			10	1	1	1	1	100	3244061		1	300	20	150	150	80									0	3	150		1				0		1000	300		6010		4012	EF0001	16006010						SkillCamShock2			0					
	3244062	8000	這就是斯巴達	旋風斯巴達	範圍	BOSS	moba0092		59							1	6000	6000									1		0	1	2				1	44	0			10	1	1	1	1	100	3244062		1	250	250	250	250	250								0	0	2	500		1	1	300	1000	1	10	1000	450		6020		4013	EF0001	16006020					SkillCamShock1	SkillCamShock2			0					
# 野外段：35-LvD序-怪物序-Skill序（EX.3517011：35-17關-01隻怪-第1招）																																																																																													
	3504011	8000	蚊子4連打	蚊子	近戰	MOB	moba9103		16							1	1500	2000									1	0	0	1	2				1	4	0			10	1	1	1	1	90	3504011		1	200	0	50	50	150									0	4	240		1				0	0	1500	400		6010			EF0001	12206010									0					
	3504012	8000	蚊子叮	蚊子	近戰	MOB	moba9103		16							0	1500	1500									1	1	0	1	2				1	4	0			10	1	1	1	1	100	3504012		1	200	0	20	20	150									0	1			1				0	0	1500	900		6020		4012	EF0001	12206020									0					
	3504032	8000	臭屁	臭氣丸、薰天丸	近戰	MOB	moba0055c		18							1	1500	2000	6000								1	0	0	1	2				1	4	0			10	1	1	1	1	71	3504032	900001	1	200	10	100	100	150									0	1			1				0	0	1333	1000		6020			EF0101	15706020									0					
	3504052	8000	爆炸雙截棍	屁屁丸	近戰	MOB	moba0055		20							1	1500	2000									1	0	0	1	2				1	4	0			10	1	1	1	1	100	3504052		1	250	0	20	90	150									0	1			1				1	50	833	500		6030		4013	EF0201	15706030									0					
	3503052	8000	香蕉砲彈	吹砲象	射擊	BOSS	moba0032		26							1	1500	2000									1	0	0	1	2				1	32	0			10	1	1	1	1	86	3503052		1	50	0	30	30	30	70		SEF20004		70	100	3000	500	83	1	500	1.5	1						1000	500		6010		4010	EF0001	11106010									0					
	3505011	8000	蒼蠅橫擊	蒼蠅	近戰	MOB	moba0058		35							0	1500	1500									1	1	0	1	2				1	26	0			10	1	1	1	1	100	3505011		0	150				50									0	1									1000	400		6010			EF0001	12206010									0					
	3505012	8000	蒼蠅俯衝	蒼蠅	近戰	MOB	moba0058		35							1	1500	1500									1		0	1	2				1	26	0			10	1	1	1	1	100	3505012		0	150				50									0	1							1	150	1000	700		6020		4013	EF0001	12206020									0					
	3505031	8000	小老虎撕咬	小帥虎	近戰	MOB	moba9105		36							0	1500	1500									1	1	0	1	2				1	27	0			10	1	1	1	1	81	3505031		0	150		50	50	50									0	2	200								1000	550		6010			EF0001	12306010									0					
	3505032	8000	小老虎撞擊	小帥虎	近戰	MOB	moba9105		36							1	1500	1500									1		0	1	2				1	27	0			10	1	1	1	1	100	3505032		1	230		75	75	50									0	1							1	150	1000	500		6020		4013	EF0001	12306020									0					
	3505041	8000	扯鈴橫斬擊	飛輪虎	近戰	MOB	moba0039a		35							0	1500	1500									1	1	0	1	2				1	26	0			10	1	1	1	1	100	3505041		0	180													0	1									1133	500		6010			EF0001	12506010									0					
	3505042	8000	飛輪虎尾巴打	飛輪虎	近戰	MOB	moba0039a		35							1	1500	1500									1		0	1	2				1	26	0			10	1	1	1	1	95	3505042		1	250	10	60	60	100	10								0	2	500						1	100	1000	400		6020		4012	EF0001	12506020									0					
	3505051	8000	雷霆	霹靂虎	近戰	BOSS	mobb0112		45							1	1500	2000	6000								1	0	0	1	2				1	23	0			10	1	1	1	1	100	3505051	900010	1	300	10	150	150	150									0	1			1				0		1267	900		6010		4012	EF0401	13006010									0					
	3505052	8000	多段斬	霹靂虎	近戰	BOSS	mobb0112		45							0	1500	1500									1	1	0	1	2				1	8	0			10	1	1	1	1	93	3505052		1	200	10	50	50	150									0	3	200		1				0		1200	600		6020		4010	EF0001	13006020						SkillCamShock2			0					
	3505053	8000	往上拋扯鈴	霹靂虎	恢復系	BOSS	mobb0112		45							1	3000	3000									1	0	0	1	2	1			0	0	0	5000	0	0	1	1	1	1	100	3505053		1	200	200	200	200	150									0	1			1				0		2667	2400		6030		10	EF0001	13006030									0					
	3506031	8000	角瞳獅撲打	捲毛獅	近戰	MOB	moba0022		38							0	1500	1500									1	1	0	1	2				1	29	0			10	1	1	1	1	85	3506031		0	180	50	75	75	50									0	2	200								1000	500		6010			EF0001	12606010									0					
	3506032	8000	角瞳獅迴旋撞	捲毛獅	範圍	MOB	moba0022		38							1	1500	1500									1		0	1	2				1	29	0			10	1	1	1	1	100	3506032		1	150	150	150	150	50									0	1							1	200	1000	400		6020		4013	EF0001	12606020									0					
	3506041	8000	扯鈴風刃擊	飛輪虎(x1.3)	近戰	MOB	moba0039b		38							0	1500	1500									1	1	0	1	2				1	26	0			10	1	1	1	1	100	3506041		0	220													0	1									1133	500		6010			EF0101	12506010									0					
	3506042	8000	飛輪虎尾巴打	飛輪虎(x1.3)	近戰	MOB	moba0039b		38							1	1500	1500									1		0	1	2				1	26	0			10	1	1	1	1	95	3506042		1	250	10	75	75	100	10								0	2	500						1	110	1000	400		6020		4012	EF0001	12506020									0					
	3507021	8000	氣勁	沙漠童子	近戰	MOB	mobb0069b		38							0	1500	1500									1	1	0	1	2				1	15	0			10	1	1	1	1	100	3507021		1	150	10	60	60	50									0	1			1				0		867	300		6010			EF0001	10206010									0					
	3507022	8000	龜派氣功	沙漠童子	射擊	MOB	mobb0069b		38							1	2300	2000									1	0	0	1	2				1	23	0			10	1	1	1	1	100	3507022		0	60	30	30	30	30	30		S08601001a	-10	30	30	1000	500	50	1		0.8	0				1	50	1333	750		6020		4013	EF0001	10206020						SkillCamShock2			0					
	3507031	8000	口水	有筆駱駝	近戰	MOB	mobb0016		40							1	1500	2000	2000								1	0	0	1	2				1	15	0			10	1	1	1	1	75	3507031	900011	0	200	10	10	10	50									0	1			1				0		1167	900		6010			EF0101	13506010									0					
	3507032	8000	揮毫	有筆駱駝	範圍	MOB	mobb0016		40							0	1500	1500									1	1	0	1	2				1	15	0			10	1	1	1	1	100	3507032		0	240	250	250	250	80									0	1			1				0	0	1167	550		6020			EF0001	13506020									0					
	3507041	8000	尾巴打	晒駱駝	近戰	MOB	moba0016c		42							0	1500	1500									1	0	0	1	2				1	32	0			10	1	1	1	1	100	3507041		0	280	10	10	10	50									0	1			1				0		1000	500		6010			EF0101	13606010									0					
	3507042	8000	駱駝波	晒駱駝	射擊	MOB	moba0016c		42							1	1500	2000									1	1	0	1	2				1	32	0			10	1	1	1	1	95	3507042		0	40	20	50	50	40	40		SEF20022		40	50	1000	700	140	1	200	0.5	1				1	80	1000	300		6020			EF0001	13606020									0					
	3507051	8000	尾巴鞭	龐克駱駝	近戰	BOSS	moba0115		40							0	1500	1500									1	1	0	1	2				1	30	0			10	1	1	1	1	110	3507051		0	250	50	0	0	0									0	1			1				0		1000	600		6010			EF0001	13606010									0					
	3507052	8000	龐克頭突刺	龐克駱駝	近戰	BOSS	moba0115		40							0	1500	1500	10000								1	1	0	1	2				1	30	0			10	1	1	1	1	140	3507052	900034	1	150	50	75	75	80									0	1			1				1	300	1067	550		6020		4013	EF0001	13606020									0					
	3508011	8000	鉗子四連夾	雙囍蠍	近戰	MOB	mobb0036		39							0	2500	2500									1	1	0	1	2				1	15	0			10	1	1	1	1	80	3508011		1	150	10	75	75	50									0	4	250		1				0		2333	700		6010			EF0001	13906010									0					
	3508012	8000	毒針	雙囍蠍	近戰	MOB	mobb0036		39							1	2500	2500	6000								1	0	0	1	2				1	29	0			10	1	1	1	1	110	3508012	900001	0	200	0	0	0	0									0	1			1				0		2000	1200		6020		4012	EF0101	13906020									0					
	3508013	8000	前後甩尾打	雙囍蠍	範圍	MOB	mobb0036		39							1	2500	2500									1	0	0	1	2				1	29	0			10	1	1	1	1	100	3508013		1	150	150	75	75	80									0	2	600		1				1	100	2167	800		6011		4013	EF0001	13906011						SkillCamShock2			0					
	3508021	8000	鉗子四連夾	邪惡寡蠍	近戰	MOB	mobb0036b		41							0	2500	2500									1	1	0	1	2				1	15	0			10	1	1	1	1	80	3508011		1	150	10	75	75	50									0	4	250		1				0		2333	700		6010			EF0001	13906010									0					
	3508022	8000	毒針	邪惡寡蠍	近戰	MOB	mobb0036b		41							1	2500	2500	6000								1	0	0	1	2				1	31	0			10	1	1	1	1	110	3508012	900001	0	200	0	0	0	0									0	1			1				0		2000	1200		6020		4012	EF0101	13906020									0					
	3508023	8000	蠍子衝擊波	邪惡寡蠍	射擊	MOB	mobb0036b		41							1	2500	2500									1	0	0	1	2				1	31	0			10	1	1	1	1	80	3508023		0	10	10	150	150	30			SEF20014			60	1000	500	50	1		6	1				1	80	1500	800		6011		4013	EF0001	18906011						SkillCamShock2			0					
	3508042	8000	仙人掌頭錘	駱駝仙人	範圍	MOB	moba0016		47							1	1500	2000									1	0	0	1	2				1	35	0			10	1	1	1	1	90	3508042		1	150	40	150	150	50			S02602001			100	1000	0	0	1	1000		1				1	80	1067	500		6020		4013	EF0001	13506020						SkillCamShock2			0					
	3508051	8000	鉗子四連夾	藍教頭	近戰	BOSS	mobb0036a		48							0	2500	2500									1	1	0	1	2				1	19	0			10	1	1	1	1	80	3508011		1	300	20	140	140	100									0	4	250		1				0		2333	700		6010			EF0001	13906010									0					
	3508052	8000	毒針	藍教頭	近戰	BOSS	mobb0036a		48							1	2500	2500	15000								1	0	0	1	2				1	36	0			10	1	1	1	1	110	3508012	900012	0	400	0	0	0	0									0	1			1				1	150	2000	1200		6020		4013	EF0101	13906020						SkillCamShock2			0					
	3509011	8000	貓頭錘	布魯貓	近戰	MOB	moba0015a		46							0	1500	1500									1	1	0	1	2				1	35	0			10	1	1	1	1	100	3509011		0	150	10	50	50	80									0	1			1				0		1000	500		6010			EF0001	16406010									0					
	3509012	8000	貓火之尾	布魯貓	近戰	MOB	moba0015a		46							1	1500	2000									1	0	0	1	2				1	35	0			10	1	1	1	1	100	3509012		0	150	50	70	70	60									0	1			1				0		1000	400		6020		4012	EF0201	16406020									0					
	3509042	8000	貓火爆之尾	滾音貓	前方	MOB	moba0015b		52							1	1500	2000	5000								1	0	0	1	2				1	39	0			10	1	1	1	1	100	3509042	900008	0	180	50	90	90	60									0	1			1				1	80	1000	400		6020		4013	EF0201	16406020				SkillCamShock2					0					
	3509051	8000	貓頭錘	喜洋洋	近戰	BOSS	moba0015		53							0	3000	3000									1	1	0	1	2				1	40	0			10	1	1	1	1	120	3509051		0	200	10	80	80	120									0	1			1				0		1000	500		6010			EF0001	16406010									0					
	3509052	8000	貓爆炎之尾	喜洋洋	範圍	BOSS	moba0015		53							1	6000	6000	8000								1	0	0	1	2				1	40	0			10	1	1	1	1	78	3509052	900013	0	250	250	250	250	80			S02603001			100	1500	0	0	1	1000	2.3	1				1	100	1000	400		6020		4013	EF0201	16406020				SkillCamShock2					0					
	3510011	8000	企鵝啄	賓古	近戰	MOB	moba0100a		49							0	1500	1500									1	1	0	1	2				1	37	0			10	1	1	1	1	100	3510011		0	150	10	50	50	80									0	1			1				0		1000	550		6010			EF0301	13706010									0					
	3510012	8000	企鵝大迴旋	賓古	範圍	MOB	moba0100a		49							1	1600	2000									1	0	0	1	2				1	37	0			10	1	1	1	1	100	3510012		0	150	150	150	150	80									0	1			1				0		1667	550		6020		4012	EF0301	13706020									0					
	3510021	8000	咬殺	井目狗類	近戰	MOB	moba0005		53							0	1500	1500									1	1	0	1	2				1	40	0			10	1	1	1	1	100	3510021		0	150	10	50	50	80									0	1			1				0		1000	450		6010			EF0001	16506010									0					
	3510022	8000	撲咬	井目狗類	近戰	MOB	moba0005		53							0	2000	2000									1	1	0	1	2				1	40	0			10	1	1	1	1	100	3510022		0	160	10	50	50	80									0	1			1				1	80	1333	600		6020		4013	EF0001	16506020				SkillCamShock1					0					
	3510051	8000	企鵝寒氣啄	企鵝波波	近戰	BOSS	moba0100		58							0	1500	4000	2000								1	1	0	1	2				1	44	0			10	1	1	1	1	100	3510051	900014	0	250	10	50	50	80									0	1			1				0		1000	550		6010			EF0301	13706010									0					
	3510052	8000	企鵝雪暴迴旋	企鵝波波	範圍	BOSS	moba0100		58							1	1600	3000	7000								1	0	0	1	2				1	44	0			10	1	1	1	1	100	3510052	900015	0	250	250	250	250	80									0	1			1				1	80	1667	550		6020	S01605007	4013	EF0301	13706020				SkillCamShock2					0					
	3511011	8000	啄木鳥啄	神風鳥	近戰	MOB	moba0030		46							0	1500	1500									1	1	0	1	2				1	35	0			10	1	1	1	1	100	3511011		1	150	10	50	50	50									0	1			1				0		833	400		6010			EF0001	14406010									0					
	3511012	8000	啄木鳥擲輪	神風鳥	近戰	MOB	moba0030		46							0	1500	1500									1	0	0	1	2				1	35	0			10	1	1	1	1	100	3511012		1	150	10	50	50	50									0	1			1				1	100	1333	500		6020		4013	EF0001	14406020									0					
	3511021	8000	老鷹橫劈	重裝鷹	近戰	MOB	moba0029a		48							0	1500	1500									1	1	0	1	2				1	36	0			10	1	1	1	1	100	3511021		1	150	10	75	75	50									0	1			1				0		1167	500		6010		4012	EF0001	14606010									0					
	3511022	8000	老鷹兩段打	重裝鷹	近戰	MOB	moba0029a		48							1	1500	1500									1		0	1	2				1	36	0			10	1	1	1	1	90	3511022		0	150	150	150	150	60									0	2			1				0		1167	500		6020			EF0001	14606020									0					
	3511051	8000	熱狗啄	香腸葛格	近戰	BOSS	moba0041		54							0	1500	1500									1	1	0	1	2				1	41	0			10	1	1	1	1	250	3511051		0	150	10	10	0	50									0	1			1				0		1000	600		6010		4012	EF0001	15906010									0					
	3511052	8000	熱狗屁彈	香腸葛格	射擊	BOSS	moba0041		54							1	1500	1500									1		0	1	2				1	41	0			10	1	1	1	1	130	3511052		1	50	50	50	50	50	50		SEF20012		35	40	2000	600	60	1	200	5	0				1	200	1167	1000		6020		4013	EF0201	15906020						SkillCamShock2			0					
	3512012	8000	老鷹轉旋風	黑禿鷹	近戰	MOB	moba0029e		49							1	1500	6000									1		0	1	2				1	37	0			10	1	1	1	1	90	3511022		1	130	130	130	130	150			S01603101				3000	0	0	1	1000	0.4	1				1	10	1167	500		6020		4013	EF0401	14606020									0					
	3512021	8000	鴕鳥啄兩下	黑鴕鳥	近戰	MOB	moba0040		51							0	1500	1500									1	1	0	1	2				1	38	0			10	1	1	1	1	93	3512021		0	150	10	10	0	50									0	2	200		1				0		867	400		6010			EF0001	15806010									0					
	3512022	8000	鴕鳥啄好多下	黑鴕鳥	近戰	MOB	moba0040		51							1	1500	2000									1	0	0	1	2				1	8	0			10	1	1	1	1	70	3512022		0	200	10	10	0	60									0	5	120		1				1	40	1500	500		6020			EF0001	15806020									0					
	3512061	8000	燈籠火	燈籠(0.3)	近戰	MOB	mobb0070a		55							1	1500	2000	8000								1	0	0	1	2				1	19	0			10	1	1	1	1	80	3512061	900019	1	100	10	70	70	100									0	1			1				0	0	1467	1000		6010			EF0001	11206010									0					
	3512062	8000	燈籠舔舔	燈籠(0.3)	近戰	MOB	mobb0070a		55							0	1500	1500									1	1	0	1	2				1	41	0			10	1	1	1	1	95	3512062		1	100	0	20	20	80									0	2	400		1				0	0	1100	400		6020			EF0001	11206020									0					
	3512071	8000	閻王四拳	黑暗王	近戰	MOB	mobb0059		59							1	2000	2000									1	0	0	1	2				1	19	0			10	1	1	1	1	95	3512071		1	120	0	70	70	100									0	4	300		1	1	120	1000	1	150	1500	200		6010		4012	EF0001	13306010						SkillCamShock1			0					
	3512072	8000	閻王蠟燭戳	黑暗王	近戰	MOB	mobb0059		59							0	2000	2500									1	1	0	1	2				1	41	0			10	1	1	1	1	95	3512072		1	300	0	50	50	100									0	3	300		1				0	0	2200	600		6020			EF0001	13306020									0					
	3514021	8000	兔踢3下	萬兔水	近戰	MOB	moba0004		17							1	2000	2000									1	1	0	1	2				1	8	0			10	1	1	1	1	90	3514021		0	180		30	30	80									0	3	120		1				1	100	1167	500		6010				9706010									0					
	3514022	8000	兔耳打	萬兔水	近戰	MOB	moba0004		17							1	2000	2000									1	1	0	1	2				1	13	0			10	1	1	1	1	100	3514022		0	180		30	30	80									0	1			1						1000	500		6020				9706020									0					
	3515031	8000	燈籠火	燈籠(0.4)	近戰	MOB	mobb0070		32							1	1500	2000	5000								1	0	0	1	2				1	8	0			10	1	1	1	1	100	3515031	900009	1	150	10	80	80	100									0	1			1				1	200	1467	1000		6010		4013	EF0001	11206010									0					
	3515032	8000	燈籠舔舔	燈籠(0.4)	近戰	MOB	mobb0070		32							0	1500	1500									1	1	0	1	2				1	15	0			10	1	1	1	1	84	3515032		1	150	0	20	20	80									0	2	400		1				0	0	1100	400		6020			EF0001	11206020									0					
	3515052	8000	象鼻打	西瓜大嬸	近戰	BOSS	moba0032i		34							0	1500	1500									1	1	0	1	2				1	32	0			10	1	1	1	1	100	3222001		1	150	25	25	25	50									0	1									1000	550		6020			EF0001	18406020									0					
	3516051	8000	超大鎚打	巨鎚酋長	範圍	BOSS	moba0032j		37							1	3000	5000	2000								1	0	0	1	2				1	150	0			10	1	1	1	1	250	3516051	900011	0	500	50	200	200	100									0	1			1				1	300	3000	1700		6010		4013	EF0001	18806010					SkillCamShock2	SkillCamShock2			0					
	3516052	8000	鎚打	巨鎚酋長	範圍	BOSS	moba0032j		37							0	1500	1500									1	1	0	1	2				1	23	0			10	1	1	1	1	100	3516052		1	300	10	100	100	180									0	1			1				1	50	1000	540		6020		4013	EF0001	18806020						SkillCamShock2			0					
	3517011	8000	咬環獅咬人	玩偶彪	近戰	MOB	moba0023		39							0	1500	1500									1	1	0	1	2				1	29	0			10	1	1	1	1	85	3517011		0	180	0			0									0	2	200								1000	300		6010			EF0001	12406010									0					
	3517012	8000	咬環獅吐火	玩偶彪	前方	MOB	moba0023		39							1	1500	1500	5000								1		0	1	2				1	29	0			10	1	1	1	1	100	3517012	900009	0	290													0	1									1333	400		6020		4013	EF0201	12406020									0					
	3517021	8000	角瞳獅撲打	捲毛獅	近戰	MOB	moba0022		40							0	1500	1500									1	1	0	1	2				1	30	0			10	1	1	1	1	85	3517021		0	180	50	75	75	50									0	2	200								1000	500		6010			EF0001	12606010									0					
	3517022	8000	角瞳獅迴旋撞	捲毛獅	範圍	MOB	moba0022		40							1	1500	1500									1		0	1	2				1	30	0			10	1	1	1	1	100	3517022		1	150	150	150	150	50									0	1							1	200	1000	400		6020		4013	EF0001	12606020									0					
	3517051	8000	角瞳獅撲打	捲毛獅	近戰	MOB	moba0022		41							0	1500	1500									1	1	0	1	2				1	62	0			10	1	1	1	1	85	3506031		0	300	50	50	50										0	2	200								1000	500		6010			EF0001	12606010									0					
	3517052	8000	角瞳獅迴旋撞	捲毛獅	範圍	MOB	moba0022		41							1	1500	1500									1		0	1	2				1	62	0			10	1	1	1	1	100	3506032		1	250	250	250	250	100	50								0	1							1	200	1000	400		6020		4013	EF0001	12606020									0					
	3518011	8000	扯鈴雷電擊	粉雷弟	近戰	MOB	moba0039a		42							0	1500	1500									1	1	0	1	2				1	4	0			10	1	1	1	1	100	3518011		0	200													0	1									1133	500		6010			EF0401	12516010									0					
	3518012	8000	飛輪虎尾巴打	粉雷弟	近戰	MOB	moba0039a		42							1	1500	1500									1		0	1	2				1	32	0			10	1	1	1	1	95	3518012		1	220	10	60	60	100	10								0	2	500						1	100	1000	400		6020		4012	EF0001	12506020									0					
	3518021	8000	扯鈴冰晶擊	海雷弟	近戰	MOB	moba0039c		43							0	1500	1500									1	1	0	1	2				1	4	0			10	1	1	1	1	100	3518021		0	200													0	1									1133	500		6010			EF0301	12526010									0					
	3518022	8000	飛輪虎尾巴打	海雷弟	近戰	MOB	moba0039c		43							1	1500	1500									1		0	1	2				1	32	0			10	1	1	1	1	95	3518022		1	220	10	60	60	100	10								0	2	500						1	100	1000	400		6020		4012	EF0001	12506020									0					
	3518031	8000	扯鈴火炎擊	紫雷弟	近戰	MOB	moba0039e		44							0	1500	1500									1	1	0	1	2				1	4	0			10	1	1	1	1	100	3518031		0	190													0	1									1133	500		6010			EF0201	12536010									0					
	3518032	8000	飛輪虎尾巴打	紫雷弟	近戰	MOB	moba0039e		44							1	1500	1500									1		0	1	2				1	33	0			10	1	1	1	1	95	3518032		1	220	10	60	60	100	10								0	2	500						1	100	1000	400		6020		4012	EF0001	12506020									0					
	3518041	8000	扯鈴捲斬擊	草雷弟	近戰	MOB	moba0039f		44							0	1500	1500									1	1	0	1	2				1	33	0			10	1	1	1	1	100	3518041		0	200													0	1									1133	500		6010			EF0001	12506010									0					
	3518042	8000	飛輪虎尾巴打	草雷弟	近戰	MOB	moba0039f		44							1	1500	1500									1		0	1	2				1	33	0			10	1	1	1	1	95	3518042		1	220	10	60	60	100	10								0	2	500						1	100	1000	400		6020		4012	EF0001	12506020									0					
	3518051	8000	扯鈴橫斬擊	白帥帥(x2)	近戰	MOB	moba0039		46							0	1500	1500									1	1	0	1	2				1	69	0			10	1	1	1	1	100	3518051		0	320													0	1									1133	500		6010			EF0001	12506010									0					
	3518052	8000	飛輪虎尾巴打	白帥帥(x2)	近戰	MOB	moba0039		46							1	1500	1500									1		0	1	2				1	69	0			10	1	1	1	1	95	3518052		1	380	10	60	60	150	10								0	2	500						1	150	1000	400		6020		4012	EF0001	12506020									0					
	3519001	8000	刀砍	禁衛隊長	近戰	MOB	moba9102		50							1	600	600									1	0	0	1	2				1	38	0			10	1	1	1	1	100	3519001		0	150			50										0	1			1						567	300		6010			EF0001	17606010						SkillCamShock2			0					
	3519002	8000	迴旋	禁衛隊長	範圍	MOB	moba9102		50							1	1500	1500									1	0	0	1	2				1	38	0			10	1	1	1	1	100	3519002		1	200	200	200	200	80	80									2	100		1				1	200	833	400		6020		4012	EF0001	17606020						SkillCamShock2			0					
	3519041	8000	射箭	禁衛兵	射擊	MOB	moba9102a		44							1	1500	1500									1	0	0	1	2				1	33	0			10	1	1	1	1	100	3519041		1	30	30	30	30	30	30		S08601001		20	40	1000	500	50	1		1	2						1000	500		6010			EF0001	17706010									0					
	3519042	8000	還是射箭	禁衛兵	射擊	MOB	moba9102a		44							1	2000	1500									1	0	0	1	2				1	33	0			10	1	1	1	1	80	3519042		1	30	30	30	30	30	30		S08601001		20	40	700	500		2	150	0.5	0						1000	500		6020			EF0001	17706020									0					
	3519051	8000	駱駝咬	陣地駱駝	近戰	MOB	moba0104		43							1	1500	1500									1	0	0	1	2				1	32	0			10	1	1	1	1	100	3519051		0	200													0	1			1						1333	500		6010			EF0001	16906010									0					
	3519052	8000	爽管砲	陣地駱駝	射擊	MOB	moba0104		43							1	1500	1500									1	0	0	1	2				1	32	0			10	1	1	1	1	100	3519052		1	1		50	50	20	20		SEF20018		30	-10	800	600		1		0.5	1						1167	850		6020			EF0201	16906020									0					
	3519061	8000	駱駝咬	重裝駱駝	近戰	BOSS	moba0104		45							1	1500	1500									1	0	0	1	2				1	68	0			10	1	1	1	1	100	3519061		0	300													0	1			1						1333	500		6010			EF0001	16906010									0					
	3519062	8000	加農砲	重裝駱駝	射擊	BOSS	moba0104		45							1	1500	1500									1	0	0	1	2				1	68	0			10	1	1	1	1	110	3519062		1	1		80	80	20	20		SEF20018		70	-10	800	600		1		0.8	1						1167	850		6020			EF0201	16906020									0					
	3519063	8000	迫擊砲	重裝駱駝	射擊	BOSS	moba0104		45							1	1500	1500									1	0	0	1	2				1	68	0			10	1	1	1	1	110	3519062		1	200	200	200	200	300	100		EF_06_01			250	2000	0		1	3000	2.5	1				1	300	1333	1000		6030	S02602001	4013	EF0201	16906030						SkillCamShock2			0					
	3520011	8000	攻城腿	倒立人類	近戰	MOB	moba0071		44							1	1500	1500									1	0	0	1	2				1	33	0			10	1	1	1	1	100	3520011		1	180	10	50	50	50									0	1			1				1	80	1000	500		6010		4012	EF0001	17806010						SkillCamShock2			0					
	3520012	8000	人類大迴轉	倒立人類	範圍	MOB	moba0071		44							1	1500	1500									1	0	0	1	2				1	33	0			10	1	1	1	1	90	3520012		0	120	120	120	120	80										2	400		1						1333	400		6020			EF0001	17806020									0					
	3520021	8000	綠色磁針	黑紫螫針	近戰	MOB	moba0072		45							1	2000	1500	7000								1	0	0	1	2				1	34	0			10	1	1	1	1	95	3520021	900030	1	500		25	25	50										1			1				1	40	1500	900		6010		4012	EF0101	17906010									0					
	3520022	8000	紫蠍尾打	黑紫螫針	近戰	MOB	moba0072		45							1	1500	1500									1	0	0	1	2				1	34	0			10	1	1	1	1	100	3520022		0	150														1			1						1167	600		6020			EF0001	17906020									0					
	3520031	8000	毒液噴射	水藍螫針	射擊	MOB	moba0073		45							1	2000	1500	7000								1	0	0	1	2				1	34	0			10	1	1	1	1	90	3520031	900031	1	40	40	40	40	40	40		SEF00011b		20	30	2500	600		1			2						1200	700		6010			EF0101	18006010									0					
	3520032	8000	藍蠍尾打	水藍螫針	近戰	MOB	moba0073		45							1	1500	1500									1	0	0	1	2				1	34	0			10	1	1	1	1	95	3520032		0	150														1			1				1	150	1167	700		6020			EF0001	18006020									0					
	3520041	8000	枕頭炸彈	怪異枕頭	近戰	MOB	moba0085		46							1	1500	1500									1	0	0	1	2				1	35	0			10	1	1	1	1	100	3520041		0	150														1			1				1	10	1667	600		6010		4013	EF0001	18106010						SkillCamShock2			0					
	3520042	8000	枕頭旋風	怪異枕頭	範圍	MOB	moba0085		46							1	1500	1500									1	0	0	1	2				1	35	0			10	1	1	1	1	80	3520042		0	200	200	200	200	80										3	300		1				1	100	1667	600		6020		4012	EF0401	18106020									0					
	3520052	8000	毒針	紫尾蠍王	近戰	BOSS	mobb0036b		47							1	2500	2500	10000								1	0	0	1	2				1	35	0			10	1	1	1	1	130	3520052	900032	1	450		100	100	100	10									1			1				1	160	2000	1200		6020		4012	EF0101	13906020									0					
	3520053	8000	蠍子衝擊波	紫尾蠍王	射擊	BOSS	mobb0036b		47							1	2500	2500									1	0	0	1	2				1	71	0			10	1	1	1	1	110	3520053		1	1		250	250	30			SEF20014			120	1000	800	80	1		8	1				1	120	1500	600		6011		4013	EF0001	18906011					SkillCamShock2				0					
	3521031	8000	刀砍	黑心獵人	近戰	MOB	moba9102		50							1	1500	1500									1	0	0	1	2				1	38	0			10	1	1	1	1	100	3519001		0	150			50										0	1			1						567	300		6010			EF0001	17606010									0					
	3521032	8000	迴旋	黑心獵人	範圍	MOB	moba9102		50							1	1500	1500									1	0	0	1	2				1	38	0			10	1	1	1	1	100	3519002		1	150	150	150	150	80	80									2	100		1				1	200	833	400		6020		4012	EF0001	17606020									0					
	3521051	8000	左右勾拳	白熊斯農	範圍	MOB	moba9003		55							0	1500	1500									1	1	0	1	2				1	41	0			10	1	1	1	1	88	3237031		0	200	50	50	50	80									0	2	200		1				0		1333	700		6010			EF0001	9306010									0					
	3521052	8000	擊地拳	白熊斯農	範圍射擊	MOB	moba9003		55							1	1500	2000									1	0	0	1	2				1	41	0			10	1	1	1	1	100	3237032		1	180	180	180	180	180			EF_06_01	-50		110	2000	0	0	1	2000		1				1	100	1000	550		6020		4013	EF0001	9306020						SkillCamShock2			0					
	3522051	8000	陽春琵琶音	雪女	近戰	BOSS	npc0004		60							0	2000	3000									1	1	0	1	2				1	23	0			10	1	1	1	1	100	3510051		1	350	10	100	100	100	100								0	2	200		1						867	500		6010			EF0301	18206010									0					
	3522052	8000	陽春地獄音	雪女	範圍	BOSS	npc0004		60							1	2500	3500	10000								1	0	0	1	2				1	45	0			10	1	1	1	1	100	3510052	900033	0	300	0	0	0	0									0	1			1						2000	500		6020	S01605007		EF0301	18206020				SkillCamShock2					0					
	3522053	8000	擾人的蒼蠅	雪女	範圍	BOSS	npc0004		60							1	2500	3000	15000								1	0	0	1	0				1	0	0			0	1	1	1	1			900035	0	300	0	0	0	0									0	1			1						2000	300		6020	S01605007		B000001	18206020				SkillCamShock2					0					
	3523011	8000	鸚鵡土龍閃	桃子鸚鵡	近戰	MOB	moba0018c		52							0	2000	1500									1	1	0	1	2				1	78	0			10	1	1	1	1	100	3523011		0	150			50										0	1			1						1167	800		6010			EF0001	14806010									0					
	3523012	8000	鸚鵡起飛	桃子鸚鵡	近戰	MOB	moba0018c		52							1	2000	1500									1	0	0	1	2				1	39	0			10	1	1	1	1	100	3523012		1	200	10	30	30	80	10									1			1				1	150	1333	600		6020		4012	EF0001	14806020									0					
	3523041	8000	鸚鵡土龍閃	藍莓鸚鵡(x1.5)	近戰	MOB	moba0018a		56							0	2000	1500									1	1	0	1	2				1	42	0			10	1	1	1	1	100	3523041		0	200			50										0	1			1						1167	800		6010			EF0001	14806010									0					
	3523042	8000	鸚鵡起飛	藍莓鸚鵡(x1.5)	近戰	MOB	moba0018a		56							1	2000	1500									1	0	0	1	2				1	42	0			10	1	1	1	1	100	3523042		1	280	10	40	40	80	10									1			1						1333	600		6020		4012	EF0001	14806020									0					
	3523051	8000	鸚鵡土龍閃	藍莓鸚鵡(x1.5)	近戰	MOB	moba0018b		56							0	2000	1500									1	1	0	1	2				1	42	0			10	1	1	1	1	100	3523051		0	200			50										0	1			1						1167	800		6010			EF0001	14806010									0					
	3523052	8000	鸚鵡起飛	藍莓鸚鵡(x1.5)	近戰	MOB	moba0018b		56							1	2000	1500									1	0	0	1	2				1	42	0			10	1	1	1	1	100	3523052		1	280	10	40	40	80	10									1			1				1	150	1333	600		6020		4012	EF0001	14806020									0					
	3523061	8000	鸚鵡土龍閃	鸚鵡王(x2)	近戰	BOSS	moba0018		57							0	2000	1500									1	1	0	1	2				1	43	0			10	1	1	1	1	200	3523061		0	220			50										0	1			1				1	100	1167	800		6010		4013	EF0001	14806010						SkillCamShock2			0					
	3523062	8000	鸚鵡起飛	鸚鵡王(x2)	近戰	BOSS	moba0018		57							1	2000	1500									1	0	0	1	2				1	43	0			10	1	1	1	1	130	3523062		1	300	10	40	40	80	10									1			1				1	150	1333	600		6020		4012	EF0001	14806020									0					
	3524061	8000	燈籠火	燈籠(0.4)	近戰	MOB	mobb0070		56							1	1500	2000	8000								1	0	0	1	2				1	8	0			10	1	1	1	1	140	3524061	900019	1	150	10	80	80	100									0	1			1				1	200	1467	1000		6010		4013	EF0001	11206010									0					
	3524062	8000	燈籠舔舔	燈籠(0.4)	近戰	MOB	mobb0070		56							0	1500	1500									1	1	0	1	2				1	15	0			10	1	1	1	1	110	3524062		1	150	0	20	20	80									0	2	400		1				0	0	1100	400		6020			EF0001	11206020									0					
# 2.一有仇恨名單就遠距攻擊																																				75%					75%	75%	75%	75%																																																	
	3600001	8000	暈眩屁	截氣臭鼬	射擊	MOB	moba0055		53							1	2000	2000									1	0	0	1	2				1	8	0			10	1	1	1	1	71	3504032		1	20	20	20	20	20	20		SEF00011b		0	0	1000	500	50	1		1	0				0	0	1333	300		6040			EF0101	15706020									0					
# 3.干擾buf																																				75%					75%	75%	75%	75%																																																	
	3601001	8000	黑斑馬降攻buff	兔兵	近戰	MOB	moba0001									1	10000	10000	20000								1	0	0	1	2				1	0	0			0	1	1	1	1	100	4000001	910003	1	150		25	25	50									0	1			1						2000	1500		6020	S01605008	4010	EF0401									ai3	0					
	3601002	8000	白斑馬降防buff	兔兵	近戰	MOB	moba0001									1	10000	10000	5000								1	0	0	1	2				1	0	0			0	1	1	1	1	100	4000001	910004	1	150		25	25	50									0	1	275		1						2000	1500		6020	S01605008	4010	EF0401									ai3	0					
	3601003	8000	戰熊擊暈buff	兔兵	近戰	MOB	moba0001									1	10000	10000	20000								1	0	0	1	2				1	0	0			0	1	1	1	1	100	4000001	910005	1	150		25	25	50									0	1			1				1	20	1000	500		6030		4013	EF0401	9406020								ai3	0					
# 普攻：40-LvD序-Mob序-Skill序（EX.4018011：40-18關-01類怪-1招）																	0																							0																																																					
	4000001	8000	林沖型MOB普攻1射程150	林沖型MOB	近戰	物理型MOB	小型怪，約PC 1倍大		all							0	1500	1500									0	1	0	1	2				1	10	0			10	1	1	1	1	100	4000001		0	150	50	75	75	50									0	1									1000	500		6010			EF0001	2020									0					
	4000002	8000	雷橫型MOB普攻1射程150	雷橫型MOB	近戰	物理型MOB	小型怪，約PC 1倍大		all							0	1500	1500									0	1	0	1	2				1	10	0			10	1	1	1	1	100	4000002		0	150	50	75	75	50									0	1									1000	500		6010			EF0001	2020									0					
	4000003	8000	孫二娘型MOB普攻1射程150	孫二娘型MOB	近戰	物理型MOB	小型怪，約PC 1倍大		all							0	1500	1500									0	1	0	1	2				1	10	0			10	1	1	1	1	100	4000003		0	150	50	75	75	50									0	1									1000	500		6010			EF0001	2020									0					
	4000004	8000	戴宗型MOB普攻1射程150	戴宗型MOB	近戰	物理型MOB	小型怪，約PC 1倍大		all							0	1500	1500									0	1	0	1	2				1	10	0			10	1	1	1	1	100	4000004		0	150	50	75	75	50									0	1									1000	500		6010			EF0001	2020									0					
	4000005	8000	林沖型MOB普攻2射程150	林沖型MOB	近戰	元素型MOB	小型怪，約PC 1倍大		all							0	1500	1500									0	1	0	1	2				1	10	0			10	1	1	1	1	96	4000005		0	150	50	75	75	50									0	1									1000	500		6020			EF0001	2020									0					
	4000006	8000	雷橫型MOB普攻2射程150	雷橫型MOB	近戰	元素型MOB	小型怪，約PC 1倍大		all							0	1500	1500									0	1	0	1	2				1	10	0			10	1	1	1	1	96	4000006		0	150	50	75	75	50									0	1									1000	500		6020			EF0001	2020									0					
	4000007	8000	孫二娘型MOB普攻2射程150	孫二娘型MOB	近戰	元素型MOB	小型怪，約PC 1倍大		all							0	1500	1500									0	1	0	1	2				1	10	0			10	1	1	1	1	96	4000007		0	150	50	75	75	50									0	1									1000	500		6020			EF0001	2020									0					
	4000008	8000	戴宗型MOB普攻2射程150	戴宗型MOB	近戰	元素型MOB	小型怪，約PC 1倍大		all							0	1500	1500									0	1	0	1	2				1	10	0			10	1	1	1	1	96	4000008		0	150	50	75	75	50									0	1									1000	500		6020			EF0001	2020									0					
	4000011	8000	林沖型MOB普攻1射程300	林沖型MOB	近戰	物理型MOB	中型怪，約PC 1.5倍大		all							0	1500	1500									0	1	0	1	2				1	10	0			10	1	1	1	1	100	4000001		0	300	75	150	150	100									0	1									1000	500		6010			EF0001	2020									0					
	4000012	8000	雷橫型MOB普攻1射程300	雷橫型MOB	近戰	物理型MOB	中型怪，約PC 1.5倍大		all							0	1500	1500									0	1	0	1	2				1	10	0			10	1	1	1	1	100	4000002		0	300	75	150	150	100									0	1									1000	500		6010			EF0001	2020									0					
	4000013	8000	孫二娘型MOB普攻1射程300	孫二娘型MOB	近戰	物理型MOB	中型怪，約PC 1.5倍大		all							0	1500	1500									0	1	0	1	2				1	10	0			10	1	1	1	1	100	4000003		0	300	75	150	150	100									0	1									1000	500		6010			EF0001	2020									0					
	4000014	8000	戴宗型MOB普攻1射程300	戴宗型MOB	近戰	物理型MOB	中型怪，約PC 1.5倍大		all							0	1500	1500									0	1	0	1	2				1	10	0			10	1	1	1	1	100	4000004		0	300	75	150	150	100									0	1									1000	500		6010			EF0001	2020									0					
	4000015	8000	林沖型MOB普攻2射程300	林沖型MOB	近戰	元素型MOB	中型怪，約PC 1.5倍大		all							0	1500	1500									0	1	0	1	2				1	10	0			10	1	1	1	1	96	4000005		0	300	75	150	150	100									0	1									1000	500		6020			EF0001	2020									0					
	4000016	8000	雷橫型MOB普攻2射程300	雷橫型MOB	近戰	元素型MOB	中型怪，約PC 1.5倍大		all							0	1500	1500									0	1	0	1	2				1	10	0			10	1	1	1	1	96	4000006		0	300	75	150	150	100									0	1									1000	500		6020			EF0001	2020									0					
	4000017	8000	孫二娘型MOB普攻2射程300	孫二娘型MOB	近戰	元素型MOB	中型怪，約PC 1.5倍大		all							0	1500	1500									0	1	0	1	2				1	10	0			10	1	1	1	1	96	4000007		0	300	75	150	150	100									0	1									1000	500		6020			EF0001	2020									0					
	4000018	8000	戴宗型MOB普攻2射程300	戴宗型MOB	近戰	元素型MOB	中型怪，約PC 1.5倍大		all							0	1500	1500									0	1	0	1	2				1	10	0			10	1	1	1	1	96	4000008		0	300	75	150	150	100									0	1									1000	500		6020			EF0001	2020									0					
	4000021	8000	林沖型MOB普攻1射程450	林沖型MOB	近戰	物理型MOB	大型怪，約PC 2倍大		all							0	1500	1500									0	1	0	1	2				1	10	0			10	1	1	1	1	100	4000001		0	450	75	225	225	100									0	1									1000	500		6010			EF0001	2020									0					
	4000022	8000	雷橫型MOB普攻1射程450	雷橫型MOB	近戰	物理型MOB	大型怪，約PC 2倍大		all							0	1500	1500									0	1	0	1	2				1	10	0			10	1	1	1	1	100	4000002		0	450	75	225	225	100									0	1									1000	500		6010			EF0001	2020									0					
	4000023	8000	孫二娘型MOB普攻1射程450	孫二娘型MOB	近戰	物理型MOB	大型怪，約PC 2倍大		all							0	1500	1500									0	1	0	1	2				1	10	0			10	1	1	1	1	100	4000003		0	450	75	225	225	100									0	1									1000	500		6010			EF0001	2020									0					
	4000024	8000	戴宗型MOB普攻1射程450	戴宗型MOB	近戰	物理型MOB	大型怪，約PC 2倍大		all							0	1500	1500									0	1	0	1	2				1	10	0			10	1	1	1	1	100	4000004		0	450	75	225	225	100									0	1									1000	500		6010			EF0001	2020									0					
	4000025	8000	林沖型MOB普攻2射程450	林沖型MOB	近戰	元素型MOB	大型怪，約PC 2倍大		all							0	1500	1500									0	1	0	1	2				1	10	0			10	1	1	1	1	96	4000005		0	450	75	225	225	100									0	1									1000	500		6020			EF0001	2020									0					
	4000026	8000	雷橫型MOB普攻2射程450	雷橫型MOB	近戰	元素型MOB	大型怪，約PC 2倍大		all							0	1500	1500									0	1	0	1	2				1	10	0			10	1	1	1	1	96	4000006		0	450	75	225	225	100									0	1									1000	500		6020			EF0001	2020									0					
	4000027	8000	孫二娘型MOB普攻2射程450	孫二娘型MOB	近戰	元素型MOB	大型怪，約PC 2倍大		all							0	1500	1500									0	1	0	1	2				1	10	0			10	1	1	1	1	96	4000007		0	450	75	225	225	100									0	1									1000	500		6020			EF0001	2020									0					
	4000028	8000	戴宗型MOB普攻2射程450	戴宗型MOB	近戰	元素型MOB	大型怪，約PC 2倍大		all							0	1500	1500									0	1	0	1	2				1	10	0			10	1	1	1	1	96	4000008		0	450	75	225	225	100									0	1									1000	500		6020			EF0001	2020									0					
	4000029	8000	孫二娘型MOB普攻1射程150	五行蛇技能1	近戰	物理型MOB	小型怪，約PC 1倍大		all							1	4000	4000									0	1	0	1	2				1	15	0			10	1	1	1	1	100	4000003		1	200	50	75	75	50									0	1							1	100	1000	500		6010		4011	EF0001	15506010									0					
	4000030	8000	孫二娘型MOB普攻2射程150	五行蛇技能2	近戰	元素型MOB	小型怪，約PC 1倍大		all							1	4000	4000									0	1	0	1	2				1	10	0			10	1	1	1	1	96	4000007		1	200	50	75	75	50									0	1				1	300	500	1	100	1000	500		6020		4012	EF0001	15506020									0					
	4000031	8000	孫二娘型MOB普攻1射程150	五行蛇技能3	近戰	物理型MOB	小型怪，約PC 1倍大		all							1	4000	4000									0	1	0	1	2				1	500	0			3	1	1	1	1	100	4000003		1	200	50	75	75	50									0	1							1	300	1000	500		6030		4013	EF0001	15506030									0					
	4000032	8000	孫二娘型MOB普攻2射程150	五行蛇技能4	近戰	元素型MOB	小型怪，約PC 1倍大		all							1	4000	4000	20000								0	1	0	1	2				1	10	0			10	1	1	1	1	96	4000007	80601	1	200	50	75	75	50									0	1									1000	500		6040		4012	EF0001	15506040									0					
	4000033	8000	孫二娘型MOB普攻1射程150	五行蛇技能5	近戰	物理型MOB	小型怪，約PC 1倍大		all							1	4000	4000									0	1	0	1	2				1	20	0			10	1	1	1	1	100	4000003		1	200	50	75	75	50									0	1							1	150	1000	500		6050		4013	EF0001	15506050									0					
	4019011	8000	19關要用的													0	0										1	0	0	1	2					0	0			0	1	1	1	1	100	4019011		1														0	1															EF0202															
# 5000000~6999999為機關技能																	0																		1					0																																																					
	5001601	8000	射砲彈		機關												1000	1000									1	1	0	1	2				1	15	0			10	1	1	1	1	100	5000001		1	40		15	15	25			SEF20002		35	40	3000	1000	167	1	500						1	100		200		6020				5146020									0					
	5001602	8000	毒沼球		機關																						1	1	0	1	2				1	150	0			10	1	1	1	1	77	5000005		1	15	15	15	15	300							1000		0	5	250		1				1	100		100		6010													0					
	5001603	8000	蘿蔔滾球	戰熊	機關		長距離900																				1	1	0	1	2				1	15	0			10	1	1	1	1	100	5000001		1	21	-20	50	50	25			SEF20000				4000	900	23	1							1	100		600		6020		4013											0					
	5001604	8000	噴火台火燄	噴火台	機關																						1	1	0	1	2				1	8	0			10	1	1	1	1	77	5000005		1	200	-40	20	20	25							1000		0	5	250		1				1	100		100		6020			EF0201	5166020									0					
	5001605	8000	地洞蘿蔔刺		機關																						1	1	0	1	2				1	150	0			10	1	1	1	1	82	5000003		1	25	25	25	25	50		 					1000		0	3	250		1				1	100		100		6010				5116010									0					
	5001606	8000	爆炸點		機關																						1	1	0	1	2				1	225	0			7	1	1	1	1	100	5000001		1	25	25	25	25	50									0	1	100		1				1	100				6020		4013	20046010										0					
	5001607	8000	蘿蔔滾球	戰熊	機關		中距離600																				1	1	0	1	2				1	15	0			10	1	1	1	1	100	5000001		1	21	-20	50	50	25			SEF20000				3000	600	20	1							1	100		600		6020													0					
	5001801	8000	LvD18泥漿減速(中)	泥漿	機關												500	500	1000								1	1	0	0	0				1	0	0			0	1	1	1	1			5001801	1	150	150	150	150	10									0	1			1											10	Empty										0					
	5001802	8000	LvD18泥漿減速(小)	泥漿	機關												500	500	1000								1	1	0	0	0				1	0	0			0	1	1	1	1			5001801	1	80	80	80	80	10									0	1			1											10	Empty										0					
	5001803	8000	LvD18泥漿減速(大)	泥漿	機關												500	500	1000								1	1	0	0	0				1	0	0			0	1	1	1	1			5001801	1	250	250	250	250	10									0	1			1											10	Empty										0					
	5001804	8000	爆炸地雷	地雷	機關												500	500									1	1	0	1	0				1	1	0			10	1	1	1	1	100	5001804		1	150	150	150	150	100									0	1			1					100				6010		4013	Empty										0					
	5001901	8000	泥漿減速(D19)	泥漿	機關												500	500	1000								1	1	0	0	0				1	0	0			0	1	1	1	1			5001801	1	540	540	300	300	10									0	1			1											10	Empty										0					
	5001902	8000	地洞蘿蔔刺	地洞蘿蔔刺	機關	威力依NPC強度																					1	1	0	1	2				1	8	0			10	1	1	1	1	100	5000001		1	25	25	25	25	50									0	3	250		1				1	100	667	100		6010				5116010									0					
	5001903	8000	鐵板陣（熱）	鐵板陣	機關	威力依NPC強度													1000								1	1	0	1	2				1	19	0			10	1	1	1	1	100	5000001	5002005	1	500	500	300	300	50									0	1			1											10	EF0201										0					
	5002001	8000	泥漿減速1	泥漿	機關												500	500	1000								1	1	0	0	0				1	0	0			0	1	1	1	1			5001801	1	100	100	100	100	10									0	1			1											10	Empty										0					
	5002002	8000	泥漿減速2	泥漿	機關												500	500	1000								1	1	0	0	0				1	0	0			0	1	1	1	1			5001801	1	150	150	250	250	10									0	1			1											10	Empty										0					
	5002003	8000	泥漿減速(很大)	泥漿	機關												500	500	1000								1	1	0	0	0				1	0	0			0	1	1	1	1			5001801	1	400	400	400	400	10									0	1			1											10	Empty										0					
	5002004	8000	鐵板陣(快)	鐵板陣	機關														6000								1	1	0	1	2				1	19	0			10	1	1	1	1	90	5002004	5002004	1	250	250	200	200	50									0	3	500								1000			6010				5256010									0					
#	5002005	8000	鐵板陣(中)	鐵板陣	機關														6000								1	1	0	1	2				1	150	0			10	1	1	1	1			5002004	1	250	250	200	200	50									0	7	500								11000	4000		6020				5256010									0					
#	5002006	8000	鐵板陣(慢)	鐵板陣	機關														6000								1	1	0	1	2				1	150	0			10	1	1	1	1			5002004	1	250	250	200	200	50									0	11	500								17000	6000		6030				5256010									0					
	5002007	8000	水柱砲蒸氣	水柱砲	機關																						1	1	0	1	2				1	150	0			10	1	1	1	1				1	300	25	25	25	25									0	2	250		1				1	50		100		6010		4013	EF0201	5266010									0					
	5002008	8000	噴火台火燄(放大版)		機關																						1	1	0	1	2				1	150	0			10	1	1	1	1	76	5000015		1	1000	25	125	125	125							1000		0	5	250		1				1	100		100		6020		4013	EF0201	5166020									0					
	5100009	8000	上開式閘門	Obj03	機關																						1	1	0	1	2				1	150	0			10	1	1	1	1	100	5000001		1	100	100	25	25	50									0	1			1				1	100		200		6010		4013		5086010					SkillCamShock1	SkillCamShock3			0					
	5002010	8000	機關攻擊物件	數字機	機關																						1	1	0	1	2				1	150	0			10	1	1	1	1	100	5000001		1	200	100	50	50	100									0	1			1				1	0	1333	366		6010		4013		5276010									0					
	5002011	8000	無敵60秒	無敵光束	機關												500	500	60000								1	1	0	0	0				1	0	0			0	1	1	1	1			5002006	1	100	100	100	100	100									0	1			1										EF_word001	10			6026010								0					
	5100030	8000	巨鎚	Obj03b	機關																						1	1	0	1	2				1	150	0			10	1	1	1	1	100	5000001		1	100	100	25	25	50									0	1			1				1	100		200		6010		4013		5106010									0					
	5100070	8000	落下物件	範例sample07	機關																						1	1	0	1	2				1	150	0			10	1	1	1	1	100	5000001		1	100	100	50	50	400									0	1			1				1	100		200		6010		4013											0					
	5100080	8000	滾動物件	範例sample08	機關																						1	1	0	1	2				1	150	0			10	1	1	1	1	100	5000001		1	40	40	90	90	80			obj08a				2000	500	125	1	500		1				1	100						4013											0					
	5100090	8000	間歇性發射裝置	範例sample09	機關																						1	1	0	1	2				1	150	0			10	1	1	1	1	100	5000001		1	250		25	25	100									0	1			1				1	100				6010													0					
	5100100	8000	擺盪式物件	範例sample10	機關																						1	1	0	1	2				1	150	0			10	1	1	1	1	100	5000001		1		200	25	25	200									0	1			1				1	100						4013											0					
	5100101	8000	擺盪式物件	範例sample10	機關																						1	1	0	1	2				1	150	0			10	1	1	1	1	100	5000001		1	200		25	25	200									0	1			1				1	100						4013											0					
	5100102	8000	熱火管滾筒	熱火管滾筒	機關																						1	1	0	1	2				1	19	0			10	1	1	1	1	90	5100102		1	250	250	25	25	100									0	1			1				1	100				6010													0					
#	5100103	8000	鐵板陣(橫向)	鐵板陣(橫向)	機關																						1	1	0	1	2				1	19	0			10	1	1	1	1				1	250	250	200	200	50									0	2	500		1				1	100		1000		6010													0					
#	5100104	8000	鐵板陣(縱向)	鐵板陣(縱向)	機關																						1	1	0	1	2				1	19	0			10	1	1	1	1				1	200	200	250	250	50									0	2	500		1				1	100		1000		6010													0					
	5100105	8000	彈出籠外	電子牢籠	機關																						1	1	0	0	0				1	1	0			10	1	1	1	1				1	100	100	100	100	400									0	1			1				1	150	300	300				4013																
	5100106	8000	風扇減速	風扇	機關												500	500	1000								1	1	0	1	2				1	0	0			0	1	1	1	1			5001801	1	800	0	150	150	100									0	1			1											10	Empty	5330010									0					
	5100107	8000	胡椒粉	胡椒罐砲台	機關												500	500	10								1	1	0	1	0				1	1	0			10	1	1	1	1	100	5001805	5002007	1	100	100	100	100	200			EF_06_03			200	2000	10	13	1	2500	1.5	1							600		6020			Empty	5346010									0					
	5100108	8000	無傷害技能6030		機關												500	500	1								1	1	0	1	0				1	0	0			0	1	1	1	1				1	1	1	1	1	1						200	2000	10	13	1	2500	1.5	1							600		6030			Empty										0					
	5100109	8000	爆炸點2		機關																						1	1	0	1	2				1	1500	0			5	1	1	1	1	100	5000001		1	200	200	200	200	100									0	1	100		1				1	100		1000				4013	20046010										0					
	5100110	8000	高球地鼠機攻擊	地鼠機	機關				60																		1	1	0	1	1				1	1500	0			10	1	1	1	1	100	5000001		1	100	100	100	100	50			S03603001a			100	3000	0	0	1	1000	0.8	1				1	50		50				4013	EF0401	36001									0					
	5100111	8000	泥巴浴	0.共用		基本								999		0	0	3000									1	1	0	0	0	1				0	0								100		5002008															0	1			1	0	0	0	0	0	3000	0															0					
# 8000001~8999999為推王技能																																																																																													
# 25級推王技能																																																																																													
	8500011	8000	召喚蘿蔔刺	[狩獵王]兔子大仙	前方	終極BOSS	moba0062		23							1	4000	4000									1	1	0	1	2				1	669	0			2	1	1	1	1	100	4000001		0	300							S4A001A			100	1000	0	0	1	2000	1.2	1						2000	1500		6010		4012	EF0001	10416010									0					
	8500012	8000	滿天丟蘿蔔	[狩獵王]兔子大仙	範圍攻擊	終極BOSS	moba0062		23							1	4000	4000									1	1	0	1	2				1	165	0			2	1	1	1	1	100	4000001	50501	1	300	300	300	300	300	300		SEF20019			100	2000	0	0	1	1000		1				1	50	2500	2500	0	6020	S01605001	4013	EF0001	10416020									0					
	8500021	8000	3連踢	[狩獵王]跳繩兄弟兔	前方	終極BOSS	moba0004		23							1	4000	4000									1	1	0	1	2				1	165	0			2	1	1	1	1	100	4000001		1	400	10	200	200	200	200								0	2	300		1						1167	500	0	6010			EF0301	9706010						SkillCamShock1			0					
	8500022	8000	跳繩耳朵打	[狩獵王]跳繩兄弟兔	突進	終極BOSS	moba0004		23							1	4000	4000									1	1	0	1	2				1	669	0			2	1	1	1	1	100	4000001	50403	1	400		200	200	200	200								0	1			1	1	300	600	1	50	1000	500	0	6020	S01605001	4013	EF0301	9706020						SkillCamShock2			0					
	8500031	8000	召喚蘿蔔刺	[狩獵王]平原守護者	前方	終極BOSS	moba0062b		23							1	4000	4000									1	1	0	1	2				1	669	0			2	1	1	1	1	100	4000001		0	300	0	0	0				S4A001A			100	1000	0	0	1	2000	1.2	1						2000	1500	0	6010		4013	EF0001	10416010									0					
	8500032	8000	滿天丟蘿蔔	[狩獵王]平原守護者	範圍攻擊	終極BOSS	moba0062b		23							1	4000	4000									1	1	0	1	2				1	165	0			2	1	1	1	1	100	4000001	30503	1	300	300	300	300	300	300		SEF20019				2000	0	0	1	1000		1				1	50	2500	2500	0	6020	S01605001	4013	EF0001	10416020									0					
	8500041	8000	召喚蘿蔔刺	[狩獵王]城堡守護者	前方	終極BOSS	moba0062c		23							1	4000	4000									1	1	0	1	2				1	669	0			2	1	1	1	1	100	4000001		0	300	0	0	0				S4A001A			100	1000	0	0	1	2000	1.2	1						2000	1500	0	6010		4012	EF0001	10416010									0					
	8500042	8000	滿天丟蘿蔔	[狩獵王]城堡守護者	範圍攻擊	終極BOSS	moba0062c		23							1	4000	4000									1	1	0	1	2				1	165	0			2	1	1	1	1	100	4000001	40401	1	300	300	300	300	300	300		SEF20019				2000	0	0	1	1000		1				1	50	2500	2500	0	6020	S01605001	4013	EF0001	10416020									0					
	8500051	8000	肥體大迴旋	[狩獵王]毒氣胖達	範圍攻擊	終極BOSS	moba0003		23							1	4000	4000									1	1	0	1	2				1	165	0			2	1	1	1	1	100	4000001	80601	1	300	300	300	300	300	300								0	2	1000		1				1	-30	2000	500	0	6010	S01605001	4013	EF0001	9606010						SkillCamShock1			0					
	8500052	8000	毒霧吐息	[狩獵王]毒氣胖達	前方	終極BOSS	moba0003		23							1	4000	4000									1	1	0	1	2				1	669	0			2	1	1	1	1	100	4000001		0	300													0	1			1						2667	1200	0	6020		4010	EF0001	9606020						SkillCamShock2			0					
	8500061	8000	蘿蔔尖刺	[狩獵王]鋼甲神兔	前方	終極BOSS	moba0002b		23							1	4000	4000									1	1	0	1	2				1	165	0			2	1	1	1	1	100	4000001		0	300													0	2	300		1						1167	500	0	6010		4013	EF0001	9506010						SkillCamShock1			0					
	8500062	8000	爆裂衝突	[狩獵王]鋼甲神兔	突進射擊	終極BOSS	moba0002b		23							1	4000	4000									1	1	0	1	2				1	669	0			2	1	1	1	1	100	4000001	40401	1	200		200	200	200	200		S01601003				1000	300	90	1	500	1.5	1	1	500	1200	1	50	1333	500	0	6020	S01605001	4013	EF0201	9516020					SkillCamShock3				0					
	8500071	8000	火炎翻滾	[狩獵王]藍藍陸王	前方	終極BOSS	moba0038		24							1	4000	4000									1	1	0	1	8				1	669	0			2	1	1	1	1	100	4000001		0	300													0	1			1						1667	700	0	6010		4010	EF0201	16206010						SkillCamShock1			0					
	8500072	8000	土撥一發功	[狩獵王]藍藍陸王	前方	終極BOSS	moba0038		24							1	4000	4000									1	1	0	1	8				1	669	0			2	1	1	1	1	100	4000001	50501	0	300													0	1			1				1	50	1667	1300	0	6020	S01605001	4013	EF0001	16206020						SkillCamShock2			0					
	8500081	8000	熊暴	[狩獵王]熊黃爺	前方	終極BOSS	moba9001b		25							1	4000	4000									1	1	0	1	2				1	669	0			2	1	1	1	1	100	4000001		0	300													0	1			1						1333	800	0	6010		4013	EF0001	9306010						SkillCamShock2			0					
	8500082	8000	一擊屠殺	[狩獵王]熊黃爺	前方	終極BOSS	moba9001b		25							1	4000	4000									1	1	0	1	2				1	669	0			2	1	1	1	1	100	4000001	20503	0	300													0	1			1				1	50	1500	700	0	6020	B01605002	4013	EF0001	9306020						SkillCamShock3			0					
	8500091	8000	啪搭	[狩獵王]阿尼瑪斯	前方	終極BOSS	moba0096a		26							1	4000	4000									1	1	0	1	2				1	669	0			2	1	1	1	1	100	4000001		0	300													0	1			1						1067	700	0	6010		4012	EF0401	15606010						SkillCamShock1			0					
	8500092	8000	啪搭搭	[狩獵王]阿尼瑪斯	前方	終極BOSS	moba0096a		26							1	4000	4000									1	1	0	1	2				1	669	200			2	1	1	1	1	100	4000001	30503	0	300													0	1			1				1	50	1200	700	0	6020		4013	EF0001	15606020						SkillCamShock2			0					
	8500101	8000	外星踢	[狩獵王]歪國草	前方	終極BOSS	moba0061		27							1	4000	4000									1	1	0	1	2				1	669	0			2	1	1	1	1	100	4000001		0	300													0	1			1				1	50	2167	700	0	6010		4013	EF0401	16606010						SkillCamShock1			0					
	8500102	8000	外星槍	[狩獵王]歪國草	前方	終極BOSS	moba0061		27							1	4000	4000									1	1	0	1	2				1	669	200			2	1	1	1	1	100	4000001	50403	0	300													0	1			1						1333	700	0	6020	B000001	4012	EF0101	16606020						SkillCamShock2			0					
	8500111	8000	大王花咬1下	[狩獵王]大王花	前方	終極BOSS	mobb0010		28							1	4000	4000									1	1	0	1	2				1	669	0			2	1	1	1	1	100	4000001		0	300													0	1			1						1300	700	0	6010		4013	EF0101	16706010						SkillCamShock1			0					
	8500112	8000	大王花咬3下	[狩獵王]大王花	範圍攻擊	終極BOSS	mobb0010		28							1	4000	4000									1	1	0	1	2				1	165	0			2	1	1	1	1	100	4000001	80601	1	300	300	300	300	300	300								0	2	300		1				1	50	1500	700	0	6020	S01605001	4013	EF0101	16706020						SkillCamShock2			0					
	8500121	8000		[狩獵王]黑蠍馬王	前方	終極BOSS	mobb0074a		28							1	4000	4000									1	1	0	1	2				1	0	200			2	1	1	1	1	100	4000001		0	300													0	1			1						1133	450	0	6010		4012	EF0001	16806010						SkillCamShock1			0					
	8500122	8000		[狩獵王]黑蠍馬王	範圍攻擊	終極BOSS	mobb0074a		28							1	4000	4000									1	1	0	1	2				1	165	0			2	1	1	1	1	100	4000001	20503	1	300	300	300	300	300	300		S01601003			100	600	0	0	1	300	1.5	1				1	50	1667	900	0	6020	S01605001	4013	EF0201	16816020									0					
	8500123	8000		[狩獵王]白蠍馬王	前方	終極BOSS	mobb0074		28							1	4000	4000									1	1	0	1	2				1	700	0			2	1	1	1	1	100	4000001		0	300													0	1			1						1133	450	0	6010		4012	EF0001	16806010						SkillCamShock1			0					
	8500124	8000		[狩獵王]白蠍馬王	範圍攻擊	終極BOSS	mobb0074		28							1	4000	4000									1	1	0	1	2				1	165	0			2	1	1	1	1	100	4000001	30503	1	300	300	300	300	300	300		SEF00013			100	600	0	0	1	300	1.5	1				1	50	1667	900	0	6020	S01605001	4013	EF0401	16826020									0					
# 35級推王技能																																								2																																																					
	8501011	8000		[狩獵王]糧食站總長	前方	終極BOSS	moba0031g		33							1	4000	4000									1	1	0	1	2				1	911	0			2	1	1	1	1	100	4000001		0	300														1			1						2000	500		6010		4012	EF0001	19016010									0					
	8501012	8000		[狩獵王]糧食站總長	範圍攻擊	終極BOSS	moba0031g		33							1	4000	4000									1	1	0	1	2				1	263	0			2	1	1	1	1	100	4000001	50502	1	300	300	300	300	300	300		SEF20006a			0	2000	0	0	1	1000	1	1				1	50	2000	1000	0	6020	S01605001	4013	EF0001	19016020									0					
	8501021	8000		[狩獵王]總補給官	前方	終極BOSS	moba0089		33							1	4000	4000									1	1	0	1	2				1	263	0			2	1	1	1	1	100	4000001		0	300													0	2	300		1						2000	500	0	6010		4012	EF0301	11906010						SkillCamShock1			0					
	8501022	8000		[狩獵王]總補給官	範圍攻擊	終極BOSS	moba0089		33							1	4000	4000									1	1	0	1	2				1	911	0			2	1	1	1	1	100	4000001	50404	1	300	300	300	300	300	300								0	1			1	1	300	600	1	50	2000	500	0	6020		4013	EF0301	11906020						SkillCamShock2			0					
	8501031	8000		[狩獵王]象大海	前方	終極BOSS	moba0032f		33							1	4000	4000									1	1	0	1	2				1	911	0			2	1	1	1	1	100	4000001		0	300												0	0	1			1						2000	500	0	6020		4013	EF0001	18406020									0					
	8501032	8000		[狩獵王]象大海	範圍攻擊	終極BOSS	moba0032f		33							1	4000	4000									1	1	0	1	2				1	263	0			2	1	1	1	1	100	4000001	30602	1	300	300	300	300	300	300		SEF20009a				2000	0	0	1	1000	2	1				1	50	2000	1800	0	6010	S01605001	4013	EF0001	18406010									0					
	8501041	8000		[狩獵王]大象機砲車	前方	終極BOSS	moba0065		33							1	4000	4000									1	1	0	1	2				1	911	0			2	1	1	1	1	100	4000001		0	300	0	0	0				S02602001			100	1000	0	0	1	2000	1	1						2000	500	0	6010		4012	EF0001	13206010									0					
	8501042	8000		[狩獵王]大象機砲車	範圍攻擊	終極BOSS	moba0065		33							1	4000	4000									1	1	0	1	2				1	263	0			2	1	1	1	1	100	4000001	40402	1	300	300	300	300	300	300		SEF20010b				2000	0	0	1	1000	1	1				1	50	2000	1000	0	6020	S01605001	4013	EF0001	13206020									0					
	8501051	8000		[狩獵王]黃金彪王	前方	終極BOSS	mobb0022		33							1	4000	4000									1	1	0	1	2				1	911	0			2	1	1	1	1	100	4000001		0	400													0	1			1						2000	500	0	6010		4010	EF0001	12606010						SkillCamShock2			0					
	8501052	8000		[狩獵王]黃金彪王	範圍攻擊	終極BOSS	mobb0022		33							1	4000	4000									1	1	0	1	2				1	911	0			2	1	1	1	1	100	4000001	80602	1	300	300	300	300	300	300								0	1			1				1	50	2000	500	0	6020	S01605001	4013	EF0001	12606020						SkillCamShock1			0					
	8501061	8000		[狩獵王]虎大鼻	前方	終極BOSS	moba9105b		33							1	4000	4000									1	1	0	1	2				1	263	0			2	1	1	1	1	100	4000001		0	400	0	0	0									0	0	2	300	1	1						2000	500	0	6010		4012	EF0001	12306010									0					
	8501062	8000		[狩獵王]虎大鼻	範圍攻擊	終極BOSS	moba9105b		33							1	4000	4000									1	1	0	1	2				1	263	0			2	1	1	1	1	100	4000001	40402	1	300	300	300	300	300	300		SEF20006a				2000	0	0	1	1000	1	1				1	50	2000	1000	0	11	S01605001	4013	EF0001	12300011									0					
	8501071	8000		[狩獵王]迷彩巨駝	前方	終極BOSS	moba0104		34							1	4000	4000									1	1	0	1	8				1	911	0			2	1	1	1	1	100	4000001		1	300	100	100	100	100	100		SEF20018	0	100	80	700	500	0	1	3000	1	1						2000	500	0	6020		4010	EF0201	16906020						SkillCamShock1			0					
	8501072	8000		[狩獵王]迷彩巨駝	範圍攻擊	終極BOSS	moba0104		34							1	4000	4000									1	1	0	1	8				1	911	0			2	1	1	1	1	100	4000001	20504	0	300	300	300	300	300	300		mfa0003a				2000		0	1	3000		1				1	50	2000	1000	0	6010	S01605001	4013	EF0001	16906010						SkillCamShock2			0					
	8501081	8000		[狩獵王]巨筆駝	前方	終極BOSS	mobb0016		35							1	4000	4000									1	1	0	1	2				1	911	0			2	1	1	1	1	100	4000001		0	400													0	1			1						2000	500	0	6010		4013	EF0001	13806010						SkillCamShock2			0					
	8501082	8000		[狩獵王]巨筆駝	範圍攻擊	終極BOSS	mobb0016		35							1	4000	4000									1	1	0	1	2				1	911	0			2	1	1	1	1	100	4000001	50502	1	300	300	300	300	300	300								0	1			1				1	50	2000	1000	0	6020	S01605001	4013	EF0001	13806020						SkillCamShock3			0					
	8501091	8000		[狩獵王]噴火王	前方	終極BOSS	moba0111		36							1	4000	4000									1	1	0	1	2				1	911	0			2	1	1	1	1	100	4000001		1	600	0	100	100	100	100								0	1			1						2000	500	0	6020		4012	EF0401	12806020						SkillCamShock1			0					
	8501092	8000		[狩獵王]噴火王	範圍攻擊	終極BOSS	moba0111		36							1	4000	4000									1	1	0	1	2				1	911	630			2	1	1	1	1	100	4000001	20504	1	300	300	100	100	300	300								0	1			1				1	50	2000	1000	0	6010	S01605001	4013	EF0001	12806010						SkillCamShock2			0					
	8501101	8000		[狩獵王]虎大墨	前方	終極BOSS	moba9105a		37							1	4000	4000									1	1	0	1	2				1	263	0			2	1	1	1	1	100	4000001		0	400													0	2	300	1	1						2000	500	0	6010		4012	EF0001	12306010						SkillCamShock1			0					
	8501102	8000		[狩獵王]虎大墨	範圍攻擊	終極BOSS	moba9105a		37							1	4000	4000									1	1	0	1	2				1	911	630			2	1	1	1	1	100	4000001	50404	1	300	300	300	300	300	300		SEF20006a				2000	0	0	1	3000	1	1				1	50	2000	1000	0	11	S01605001	4013	EF0001	12300011						SkillCamShock2			0					
	8501111	8000		[狩獵王]謎樣殞石	前方	終極BOSS	moba0045		38							1	4000	4000									1	1	0	1	2				1	911	0			2	1	1	1	1	100	4000001		0	400													0	1			1						2000	500	0	6020		4013	EF0101	17006020						SkillCamShock1			0					
	8501112	8000		[狩獵王]謎樣殞石	範圍攻擊	終極BOSS	moba0045		38							1	4000	4000									1	1	0	1	2				1	263	0			2	1	1	1	1	100	4000001	80602	1	400	400	400	400	400	400								0	2	300		1	1	50		1	50	2000	500	0	6010	S01605001	4013	EF0101	17006010						SkillCamShock2			0					
	8501121	8000		[狩獵王]黑金剛	前方	終極BOSS	moba0046		38							1	4000	4000									1	1	0	1	2				1	0	630			2	1	1	1	1	100	4000001		0	300													0	1			1						2000	500	0	6010		4012	EF0001	15106010						SkillCamShock1			0					
	8501122	8000		[狩獵王]黑金剛	範圍攻擊	終極BOSS	moba0046		38							1	4000	4000									1	1	0	1	2				1	911	0			2	1	1	1	1	100	4000001	20504	1	300	300	300	300	300	300		mfa0003a				2000	0	0	1	2000	1	1				1	50	2000	1000	0	6020	S01605001	4013	EF0201	15126020									0					
	8501123	8000		[狩獵王]白金剛	前方	終極BOSS	moba0046a		38							1	4000	4000									1	1	0	1	2				1	911	0			2	1	1	1	1	100	4000001		0	300													0	1			1						2000	500	0	6010		4012	EF0001	15106010						SkillCamShock1			0					
	8501124	8000		[狩獵王]白金剛	範圍攻擊	終極BOSS	moba0046a		38							1	4000	4000									1	1	0	1	2				1	911	0			2	1	1	1	1	100	4000001	30602	1	300	300	300	300	300	300		mfa0002a				2000	0	0	1	2000	1	1				1	50	2000	1000	0	6020	S01605001	4013	EF0401	15116020									0					
# 45級推王技能																																								2																																																					
	8502011	8000		[狩獵王]雷王虎	前方	終極BOSS	mobb0112		43							1	4000	4000									1	1	0	1	2				1	1176	0			2	1	1	1	1	100	4000001		0	300														1		1	1						2000	500	0	6020		4012	EF0001	13006020									0					
	8502012	8000		[狩獵王]雷王虎	範圍攻擊	終極BOSS	mobb0112		43							1	4000	4000									1	1	0	1	2				1	375	0			2	1	1	1	1	100	4000001	50504	1	300	300	300	300	300	300		SEF20010b			0	2000	0	0	1	800	1	1				1	50	2000	1000	0	6030	S01605001	4013	EF0001	13006030									0					
	8502021	8000		[狩獵王]角瞳獅王	前方	終極BOSS	moba0022d		43							1	4000	4000									1	1	0	1	2				1	375	0			2	1	1	1	1	100	4000001		0	400													0	2	300		1						2000	500	0	6010		4012	EF0301	12606010						SkillCamShock1			0					
	8502022	8000		[狩獵王]角瞳獅王	範圍攻擊	終極BOSS	moba0022d		43							1	4000	4000									1	1	0	1	2				1	1176	0			2	1	1	1	1	100	4000001	50405	1	300	300	300	300	300	300								0	1			1				1	50	2000	500	0	6020	S01605001	4013	EF0301	12606020						SkillCamShock2			0					
	8502031	8000		[狩獵王]歪國巨人	前方	終極BOSS	moba0044		43							1	4000	4000									1	1	0	1	2				1	375	0			2	1	1	1	1	100	4000001		0	300												0	0	2	800		1						2000	500	0	6020		4013	EF0001	17106020									0					
	8502032	8000		[狩獵王]歪國巨人	範圍攻擊	終極BOSS	moba0044		43							1	4000	4000									1	1	0	1	2				1	375	0			2	1	1	1	1	100	4000001	30603	1	300	300	300	300	300	300		SEF20009a				2000	0	0	1	1000	2	1				1	50	2000	1800	0	6010	S01605001	4013	EF0001	17106010									0					
	8502041	8000		[狩獵王]巨駝王	前方	終極BOSS	moba0016		43							1	4000	4000									1	1	0	1	2				1	1176	0			2	1	1	1	1	100	4000001		0	400	0	0	0				S02602001			100	1000	0	0	1	3000	1	1						2000	500	0	6010		4012	EF0001	13516010									0					
	8502042	8000		[狩獵王]巨駝王	範圍攻擊	終極BOSS	moba0016		43							1	4000	4000									1	1	0	1	2				1	375	0			2	1	1	1	1	100	4000001	40404	1	300	300	300	300	300	300		SEF20006a				2000	0	0	1	1000	1	1				1	50	2000	500	0	6020	S01605001	4013	EF0001	13516020									0					
	8502051	8000		[狩獵王]紫斑豹王	前方	終極BOSS	mobb0014a		43							1	4000	4000									1	1	0	1	2				1	1176	0			2	1	1	1	1	100	4000001		0	400													0	1			1						2000	1000	0	6020		4010	EF0001	15006020						SkillCamShock1			0					
	8502052	8000		[狩獵王]紫斑豹王	範圍攻擊	終極BOSS	mobb0014a		43							1	4000	4000									1	1	0	1	2				1	375	0			2	1	1	1	1	100	4000001	80603	1	300	300	300	300	300	300		SEF20009a				2000	0	0	1	1000	2	1				1	50	2000	1800	0	8030	S01605001	4013	EF0001	15008030						SkillCamShock2			0					
	8502061	8000		[狩獵王]大童王	前方	終極BOSS	moba0109		43							1	4000	4000									1	1	0	1	2				1	1176	0			2	1	1	1	1	100	4000001		0	400	0	0	0									0	0	1		1	1						2000	500	0	6020		4012	EF0001	12906010						SkillCamShock1			0					
	8502062	8000		[狩獵王]大童王	範圍攻擊	終極BOSS	moba0109		43							1	4000	4000									1	1	0	1	2				1	375	0			2	1	1	1	1	100	4000001	20505	1	300	300	300	300	300	300		SEF20006a				2000	0	0	1	1000	1	1				1	50	2000	1300	0	12	S01605001	4013	EF0001	12900012									0					
	8502071	8000		[狩獵王]駝王山	前方	終極BOSS	mobb0017		44							1	4000	4000									1	1	0	1	8				1	1176	0			2	1	1	1	1	100	4000001		0	400													0	1			1						2000	1300	0	6020		4010	EF0201	14106020						SkillCamShock1			0					
	8502072	8000		[狩獵王]駝王山	範圍攻擊	終極BOSS	mobb0017		44							1	4000	4000									1	1	0	1	8				1	375	0			2	1	1	1	1	100	4000001	40404	0	300	300	300	300	300	300								0	2	750		1				1	50	2000	500	0	6030	S01605001	4013	EF0001	14106030						SkillCamShock2			0					
	8502081	8000		[狩獵王]搖滾駝王	前方	終極BOSS	moba0115		45							1	4000	4000									1	1	0	1	2				1	1176	0			2	1	1	1	1	100	4000001		0	400													0	1			1						2000	500	0	6020		4013	EF0001	13506020						SkillCamShock2			0					
	8502082	8000		[狩獵王]搖滾駝王	範圍攻擊	終極BOSS	moba0115		45							1	4000	4000									1	1	0	1	2				1	375	0			2	1	1	1	1	100	4000001	20505	1	300	300	300	300	300	300		mfa0003a				2000	0	0	1	1000	1	1				1	50	2000	1500	0	12	S01605001	4013	EF0001	13500012						SkillCamShock3			0					
	8502091	8000		[狩獵王]大井木	前方	終極BOSS	moba0005		46							1	4000	4000									1	1	0	1	2				1	1176	0			2	1	1	1	1	100	4000001		0	400													0	1			1						2000	500	0	6020		4012	EF0401	16506020						SkillCamShock1			0					
	8502092	8000		[狩獵王]大井木	範圍攻擊	終極BOSS	moba0005		46							1	4000	4000									1	1	0	1	2				1	375	480			2	1	1	1	1	100	4000001	50504	1	300	300	300	300	300	300		SEF20008a				2000		0	1	1000	1	1				1	50	2000	1500	0	12	S01605001	4013	EF0001	16500012						SkillCamShock2			0					
	8502101	8000		[狩獵王]黃金爆貓	前方	終極BOSS	moba0015c		47							1	4000	4000									1	1	0	1	2				1	1176	0			2	1	1	1	1	100	4000001		0	400													0	1		1	1						2000	500	0	6020		4012	EF0001	16406020						SkillCamShock1			0					
	8502102	8000		[狩獵王]黃金爆貓	範圍攻擊	終極BOSS	moba0015c		47							1	4000	4000									1	1	0	1	2				1	375	480			2	1	1	1	1	100	4000001	50405	1	300	300	300	300	300	300		SEF20006a				2000	0	0	1	1000	1	1				1	50	2000	1500	0	12	S01605001	4013	EF0001	16400012						SkillCamShock2			0					
	8502111	8000		[狩獵王]合城獸一號	前方	終極BOSS	moba0102		48							1	4000	4000									1	1	0	1	2				1	1176	0			2	1	1	1	1	100	4000001		0	400													0	1			1						2000	500	0	6010		4013	EF0101	17206010						SkillCamShock1			0					
	8502112	8000		[狩獵王]合城獸一號	範圍攻擊	終極BOSS	moba0102		48							1	4000	4000									1	1	0	1	2				1	375	0			2	1	1	1	1	100	4000001	80603	1	400	400	400	400	400	400								0	2	300		1				1	50	2000	500	0	6020	S01605001	4013	EF0101	17206020						SkillCamShock2			0					
	8502121	8000		[狩獵王]白方塊	前方	終極BOSS	moba0084		48							1	4000	4000									1	1	0	1	2				1	0	480			2	1	1	1	1	100	4000001		0	300													0	1			1						2000	300	0	6010		4012	EF0001	10506010						SkillCamShock1			0					
	8502122	8000		[狩獵王]白方塊	範圍攻擊	終極BOSS	moba0084		48							1	4000	4000									1	1	0	1	2				1	1176	0			2	1	1	1	1	100	4000001	30603	1	250	250	250	250	250	250		mfa0002a				2000	0	0	1	2000	0.7	1				1	50	2000	1500	0	6020	S01605001	4013	EF0201	10516020									0					
	8502123	8000		[狩獵王]黑方塊	前方	終極BOSS	moba0084a		48							1	4000	4000									1	1	0	1	2				1	1176	0			2	1	1	1	1	100	4000001		0	300													0	1			1						2000	300	0	6010		4012	EF0001	10506010						SkillCamShock1			0					
	8502124	8000		[狩獵王]黑方塊	範圍攻擊	終極BOSS	moba0084a		48							1	4000	4000									1	1	0	1	2				1	1176	0			2	1	1	1	1	100	4000001	20505	1	250	250	250	250	250	250		mfa0003a				2000	0	0	1	2000	0.7	1				1	50	2000	1500	0	6020	S01605001	4013	EF0401	10526020									0					
# 55級推王技能																																								2																																																					
	8503011	8000		[狩獵王]大鬼頭	前方	終極BOSS	moba0043		53							1	4000	4000									1	1	0	1	2				1	1436	0			2	1	1	1	1	100	4000001		0	300														1		1	1						2000	500	0	6020		4012	EF0001	14206020									0					
	8503012	8000		[狩獵王]大鬼頭	範圍攻擊	終極BOSS	moba0043		53							1	4000	4000									1	1	0	1	2				1	491	0			2	1	1	1	1	100	4000001	50505	1	300	300	300	300	300	300		SEF20006a			0	2000	0	0	1	1000	1	1				1	50	2000	1500	0	8040	S01605001	4013	EF0001	14208040									0					
	8503021	8000		[狩獵王]綠眼爆貓	前方	終極BOSS	mobb0015		53							1	4000	4000									1	1	0	1	2				1	1436	0			2	1	1	1	1	100	4000001		0	400													0	1		1	1						2000	500	0	6020		4012	EF0001	16406020						SkillCamShock1			0					
	8503022	8000		[狩獵王]綠眼爆貓	突進	終極BOSS	mobb0015		53							1	4000	4000									1	1	0	1	2				1	491	0			2	1	1	1	1	100	4000001	10605	1	300	300	300	300	300	300		SEF20008a				2000	0	0	1	1000	1	1				1	50	2000	1500	0	12	S01605001	4013	EF0001	16400012						SkillCamShock2			0					
	8503031	8000		[狩獵王]萬頭爆彈	前方	終極BOSS	moba0092		53							1	4000	4000									1	1	0	1	2				1	491	0			2	1	1	1	1	100	4000001		0	300												0	0	2	300		1						2000	500	0	6010		4013	EF0001	16006010									0					
	8503032	8000		[狩獵王]萬頭爆彈	範圍攻擊	終極BOSS	moba0092		53							1	4000	4000									1	1	0	1	2				1	491	0			2	1	1	1	1	100	4000001	30605	1	300	300	300	300	300	300		SEF20009a				2000	0	0	1	1000	2	1				1	50	2000	1500	0	12	S01605001	4013	EF0001	16000012									0					
	8503041	8000		[狩獵王]巨翔鷹	前方	終極BOSS	moba0034		53							1	4000	4000									1	1	0	1	2				1	1436	0			2	1	1	1	1	100	4000001		0	300	0	0	0				S02602001			100	1000	0	0	1	3000	1	1						2000	500	0	6010		4012	EF0001	14506010									0					
	8503042	8000		[狩獵王]巨翔鷹	範圍攻擊	終極BOSS	moba0034		53							1	4000	4000									1	1	0	1	2				1	491	0			2	1	1	1	1	100	4000001	40405	1	300	300	300	300	300	300		SEF20010b				2000	0	0	1	1000	1	1				1	50	2000	500	0	6020	S01605001	4013	EF0001	14516020									0					
	8503051	8000		[狩獵王]鼠王	前方	終極BOSS	moba0095		53							1	4000	4000									1	1	0	1	2				1	1436	0			2	1	1	1	1	100	4000001		0	400													0	1			1						2000	500	0	6010		4010	EF0001	16106010						SkillCamShock1			0					
	8503052	8000		[狩獵王]鼠王	範圍攻擊	終極BOSS	moba0095		53							1	4000	4000									1	1	0	1	2				1	491	0			2	1	1	1	1	100	4000001	80605	1	400	400	400	400	400	400								0	2	450		1				1	50	2000	500	0	6020	S01605001	4013	EF0001	16106020						SkillCamShock2			0					
	8503061	8000		[狩獵王]炭烤龍	前方	終極BOSS	mobb0054		53							1	4000	4000									1	1	0	1	2				1	1436	0			2	1	1	1	1	100	4000001		0	400	0	0	0									0	0	1		1	1						2000	500	0	6010		4012	EF0001	15406010						SkillCamShock1			0					
	8503062	8000		[狩獵王]炭烤龍	範圍攻擊	終極BOSS	mobb0054		53							1	4000	4000									1	1	0	1	2				1	491	0			2	1	1	1	1	100	4000001	50405	1	300	300	300	300	300	300		SEF20006a				2000	0	0	1	1000	1	1				1	50	2000	1500	0	11	S01605001	4013	EF0001	15400011									0					
	8503071	8000		[狩獵王]大榔頭	前方	終極BOSS	moba0040e		54							1	4000	4000									1	1	0	1	8				1	491	0			2	1	1	1	1	100	4000001		1	300	100	100	100	100	100								0	2	200	1	1						2000	500	0	6010		4010	EF0201	16306010						SkillCamShock1			0					
	8503072	8000		[狩獵王]大榔頭	範圍攻擊	終極BOSS	moba0040e		54							1	4000	4000									1	1	0	1	8				1	1436	0			2	1	1	1	1	100	4000001	40405	1	300	300	300	300	300	300		mfa0003a				2000		0	1	3000		1				1	50	2000	1500	0	11	S01605001	4013	EF0001	16300011						SkillCamShock2			0					
	8503081	8000		[狩獵王]筋肉巨人	前方	終極BOSS	mobb9003		55							1	4000	4000									1	1	0	1	2				1	1436	0			2	1	1	1	1	100	4000001		0	400													0	1		1	1						2000	1500	0	6020		4013	EF0001	17306010						SkillCamShock2			0					
	8503082	8000		[狩獵王]筋肉巨人	範圍攻擊	終極BOSS	mobb9003		55							1	4000	4000									1	1	0	1	2				1	491	0			2	1	1	1	1	100	4000001	20605	1	300	300	300	300	300	300		SEF20008a				2000	0	0	1	1000	1	1				1	50	2500	2200	0	12	S01605001	4013	EF0001	17300012						SkillCamShock3			0					
	8503091	8000		[狩獵王]巨水雷	前方	終極BOSS	moba0117		56							1	4000	4000									1	1	0	1	2				1	1436	0			2	1	1	1	1	100	4000001		1	400	50	100	100	100	100								0	1			1						2000	1500	0	6010		4012	EF0401	17506010						SkillCamShock1			0					
	8503092	8000		[狩獵王]巨水雷	範圍攻擊	終極BOSS	moba0117		56							1	4000	4000									1	1	0	1	2				1	491	100			2	1	1	1	1	100	4000001	30605	1	300	300	300	300	300	300		SEF20009a				2000		0	1	1000	1.5	1				1	50	2500	2000	0	12	S01605001	4013	EF0001	17500012						SkillCamShock2			0					
	8503101	8000		[狩獵王]合成獸二號	前方	終極BOSS	moba0103		57							1	4000	4000									1	1	0	1	2				1	1436	0			2	1	1	1	1	100	4000001		0	400													0	1		1	1						2000	700	0	6010		4012	EF0001	17406010						SkillCamShock1			0					
	8503102	8000		[狩獵王]合成獸二號	範圍攻擊	終極BOSS	moba0103		57							1	4000	4000									1	1	0	1	2				1	491	650			2	1	1	1	1	100	4000001	10605	1	300	300	300	300	300	300		SEF20010b				2000	0	0	1	1000	1	1				1	50	2000	700	0	6020	S01605001	4013	EF0001	17406020						SkillCamShock2			0					
	8503111	8000		[狩獵王]大禿鷹	前方	終極BOSS	moba0029e		58							1	4000	4000									1	1	0	1	2				1	1436	0			2	1	1	1	1	100	4000001		0	400													0	1			1						2000	500	0	6010		4013	EF0101	14606010						SkillCamShock1			0					
	8503112	8000		[狩獵王]大禿鷹	範圍攻擊	終極BOSS	moba0029e		58							1	4000	4000									1	1	0	1	2				1	491	0			2	1	1	1	1	100	4000001	80605	1	300	300	300	300	300	300								0	2	300		1				1	50	2000	500	0	6020	S01605001	4013	EF0101	14606020						SkillCamShock2			0					
	8503121	8000		[狩獵王]白毛頭	前方	終極BOSS	mobb0026		58							1	4000	4000									1	1	0	1	2				1	0	650			2	1	1	1	1	100	4000001		0	300													0	1			1						2000	300	0	6010		4012	EF0001	10506010						SkillCamShock1			0					
	8503122	8000		[狩獵王]白毛頭	範圍攻擊	終極BOSS	mobb0026		58							1	4000	4000									1	1	0	1	2				1	1436	0			2	1	1	1	1	100	4000001	30605	1	300	300	300	300	300	300		mfa0002a				2000	0	0	1	2000	0.7	1				1	50	2000	1500	0	6020	S01605001	4013	EF0201	10516020									0					
	8503123	8000		[狩獵王]黑毛頭	前方	終極BOSS	mobb0026a		58							1	4000	4000									1	1	0	1	2				1	1436	0			2	1	1	1	1	100	4000001		0	300													0	1			1						2000	300	0	6010		4012	EF0001	10506010						SkillCamShock1			0					
	8503124	8000		[狩獵王]黑毛頭	範圍攻擊	終極BOSS	mobb0026a		58							1	4000	4000									1	1	0	1	2				1	1436	0			2	1	1	1	1	100	4000001	20605	1	300	300	300	300	300	300		mfa0003a				2000	0	0	1	2000	0.7	1				1	50	2000	1500	0	6020	S01605001	4013	EF0401	10526020									0					
	8503125	8000		[狩獵王]黑白毛頭	前方	終極BOSS	mobb0082		58							1	4000	4000									1	1	0	1	2				1	1436	0			2	1	1	1	1	100	4000001		0	400													0	1			1						2000	300	0	6010		4012	EF0001	15206010						SkillCamShock1			0					
	8503126	8000		[狩獵王]黑白毛頭	範圍攻擊	終極BOSS	mobb0082		58							1	4000	4000									1	1	0	1	2				1	491	0			2	1	1	1	1	100	4000001	20605	1	300	300	300	300	300	300		SEF20006a				2000	0	0	1	1000	1	1				1	50	2000	1500	0	6020	S01605001	4013	EF0001	15216020									0					
# 4100000~4199999為狩獵魔王用技能																	0																		1																																																										
	8504000	8000	觸發第1階段	[狩獵王]叛克	自身											1											1	0	0	0		1				0	0			0	1	1	1	1				0	500	0												0	1			1																				pank_1		0					
	8504001	8000	叛克攻擊1_1	[狩獵王]叛克	前方	終極BOSS			58							4	10000	10000									1	1	0	1					1	935	0			2	1	1	1	1	100	4000001		1	500	0	300	300	50	50								0	1			1				1	300	1500	1070		6010		4013	EF0001	9906010						SkillCamShock1			0					
	8504002	8000	叛克攻擊2_1	[狩獵王]叛克	範圍	終極BOSS			58							4	10000	10000									1	1	0	1					1	1125	0			1	1	1	1	1	100	4000001		1	500	400	400	400	50	50								0	1			1				1	200	2500	1060		6020		4013	EF0001	9906020						SkillCamShock3			0					
	8504003	8000	叛克攻擊3_1	[狩獵王]叛克	前方	終極BOSS			58							4	10000	10000									1	1	0	1					1	1200	0			1	1	1	1	1	100	4000001	20605	1	500	0	250	250	50	50								0	1			1				1	200	4000	2350		6030		4013	EF0001	9906030						SkillCamShock2			0					
	8504004	8000	叛克攻擊4_1	[狩獵王]叛克	前方	終極BOSS			58							4	10000	10000									1	1	0	1					1	1275	0			1	1	1	1	1	100	4000001		1	500	0	400	400	200	200								0	1			1				1	400	4400	2400		6040		4013	EF0001	9906030						SkillCamShock3			0					
	8504005	8000	叛克靈魂淨化	[狩獵王]叛克	治療	0.4	C1		55	2040505	4040505	4140505	1	23		5	10000	10000	30								1	0	0	0		1				0	0	25000	0	0	1	1	1	1	100	4000001	900101	0	500													0	1			1						2000	2000		11	S04605010big2	10	EIB0003									bigboss_AI6	0					
	8504006	8000	叛克聖光洗禮	[狩獵王]叛克	強化	終極BOSS			58		4040604	4140604	1	24		5	10000	10000	30								1	0	0	0		1				0	0			0	1	1	1	1	100	4000001	900102	0	500													0	1			1						10000	1000	10000	8030	S01605003big2	10	EIB0002									bigboss_AI7	0					
	8504007	8000	叛克激發鬥志	[狩獵王]叛克	強化	Rank 04	B2		55	2070604	4070604	4170604	1	801		5	10000	10000	30								1	0	0	0		1				0	0			0	1	1	1	1	100	4000001	900103	0	500													0	1			1						2000	2000		11	S01605003big2	10	EIB0001									bigboss_AI8	0					
	8504008	8000	叛克狂暴	[狩獵王]叛克	強化											100	10000	10000	10								1	0	0	0		1				0	0			0	1	1	1	1			900104	0	500													0	1			1						2000	2000		11	S02605005big2	10	EIB0001									bigboss_AI3	0					
	8504009	8000	叛克狂暴2	[狩獵王]叛克	強化											100	10000	10000	120								1	0	0	0		1				0	0			0	1	1	1	1			900105	0	500													0	1			1						2000	2000		11	S02605005big2	10	EIB0001									bigboss_AI3_1	0					
	8504010	8000	觸發第2階段	[狩獵王]叛克	自身											2											1	0	0	0		1				0	0			0	1	1	1	1				0	500	0												0	1			1																				pank_2		0					
	8504011	8000	叛克攻擊1_2	[狩獵王]叛克	前方	終極BOSS			58							6	7000	7000									1	1	0	1					1	935	0			2	1	1	1	1	100	4000001		1	500	0	300	300	50	50								0	1			1				1	300	1500	1070		6010		4013	EF0001	9906010						SkillCamShock1			0					
	8504012	8000	叛克攻擊2_2	[狩獵王]叛克	範圍	終極BOSS			58							6	7000	7000									1	1	0	1					1	1125	0			1	1	1	1	1	100	4000001		1	500	400	400	400	50	50								0	1			1				1	200	2500	1060		6020		4013	EF0001	9906020						SkillCamShock3			0					
	8504013	8000	叛克攻擊3_2	[狩獵王]叛克	前方	終極BOSS			58							6	7000	7000									1	1	0	1					1	1200	0			1	1	1	1	1	100	4000001	20605	1	500	0	250	250	50	50								0	1			1				1	200	4000	2350		6030		4013	EF0001	9906030						SkillCamShock2			0					
	8504014	8000	叛克攻擊4_2	[狩獵王]叛克	前方	終極BOSS			58							6	7000	7000									1	1	0	1					1	1275	0			1	1	1	1	1	100	4000001		1	500	0	400	400	200	200								0	1			1				1	400	4400	2400		6040		4013	EF0001	9906030						SkillCamShock3			0					
	8504015	8000	觸發第3階段	[狩獵王]叛克	自身											3											1	0	0	0		1				0	0			0	1	1	1	1				0	500	0												0	1			1																				pank_3		0					
	8504016	8000	叛克攻擊1_3	[狩獵王]叛克	前方	終極BOSS			58							7	4000	4000									1	1	0	1					1	935	0			2	1	1	1	1	100	4000001		1	500	0	300	300	50	50								0	1			1				1	300	1500	1070		6010		4013	EF0001	9906010						SkillCamShock1			0					
	8504017	8000	叛克攻擊2_3	[狩獵王]叛克	範圍	終極BOSS			58							7	4000	4000									1	1	0	1					1	1125	0			1	1	1	1	1	100	4000001		1	500	400	400	400	50	50								0	1			1				1	200	2500	1060		6020		4013	EF0001	9906020						SkillCamShock3			0					
	8504018	8000	叛克攻擊3_3	[狩獵王]叛克	前方	終極BOSS			58							7	4000	4000									1	1	0	1					1	1200	0			1	1	1	1	1	100	4000001	20605	1	500	0	250	250	50	50								0	1			1				1	200	4000	2350		6030		4013	EF0001	9906030						SkillCamShock2			0					
	8504019	8000	叛克攻擊4_3	[狩獵王]叛克	前方	終極BOSS			58							7	4000	4000									1	1	0	1					1	1275	0			1	1	1	1	1	100	4000001		1	500	0	400	400	200	200								0	1			1				1	400	4400	2400		6040		4013	EF0001	9906030						SkillCamShock3			0					
	8504020	8000	補血機制	[狩獵王]叛克	回復	Rank 05	C1						5	24		99	100	100									1	1	0	0		1				0				0	1	1	1	1				1	500	50	50	50	50	30							0	0	1			1						2000	2000		11	S04605010big	10	EIB0003									bigboss_AI4	0					
	8504021	8000	叛克衝刺前待機	[狩獵王]叛克	前方	終極BOSS			58							4	4000	4000									1	1	0	1		1				0	0			0	1	1	1	1	100	4000001		1	500	0	150	150	50	50									1									1000	0		6060											pank_skill		0					
	8504022	8000	叛克衝刺攻擊	[狩獵王]叛克	前方	終極BOSS			58							5	4000	4000									1	1	0	1					1	1275	0			1	1	1	1	1	100	4000001		1	500	0	150	150	50	50		S01601003				1000	1000	150	1	300	3	1	1	1000	1000	1	600	4000	0		6061		4013	EF0001	9906010						SkillCamShock3			0					
# 8600001~8999999為推王共用技能																																																																																													
	8600001	8000	爆走(改變仇恨)	[狩獵王]	自身																						1	0	0	0	0	1				0	0			0	0	0	0	0				0	600	0												0	1			1																				bigboss_AI2		0					
	8600002	8000	傳走消失	[狩獵王]黑白毛頭	純表演												5000	5000									1	0	0	0	0	1				0	0			0	0	0	0	0				1	100	100	100	100	100	100		EF0154				2000		0	1	2000	1.5	1						2000	2000	2000	6030												lv3312_big_hur1	0					
	8600003	8000	傳送到此	[狩獵王]黑白毛頭	純表演												5000	5000									1	0	0	0	0	1				0	0			0	0	0	0	0				1	100	100	100	100	100	100		EF0155				2000		0	1	2000	1.5	1						2000	500		11													0					
	8600004	8000	狂暴1	[狩獵王]	自身											100	10000	10000	10								1	0	0	0	0	1				0	0			0	0	0	0	0			900021	0	600													0	1			1						2000	2000		11	S02605005big		EIB0001									bigboss_AI3	0					
	8600005	8000	靈魂淨化Lv1	[狩獵王]	治療	40%	C1		25	2040502	4040502	4140502	2	23		5	5000	5000	30								1	0	0	0	0	1				0	0	10000	0	0	0	0	0	0	100	4000001	900038	0	600													0	1			1						2000	2000		11	S04605010big	10	EIB0003									bigboss_AI6	0					
	8600006	8000	靈魂淨化Lv2	[狩獵王]	治療	40%	C1		35	2040503	4040503	4140503	3	23		5	5000	5000	30								1	0	0	0	0	1				0	0	15000	0	0	0	0	0	0	100	4000001	900039	0	600													0	1			1						2000	2000		11	S04605010big	10	EIB0003									bigboss_AI6	0					
	8600007	8000	靈魂淨化Lv3	[狩獵王]	治療	40%	C1		45	2040504	4040504	4140504	4	23		5	5000	5000	30								1	0	0	0	0	1				0	0	20000	0	0	0	0	0	0	100	4000001	900040	0	600													0	1			1						2000	2000		11	S04605010big	10	EIB0003									bigboss_AI6	0					
	8600008	8000	靈魂淨化Lv4	[狩獵王]	治療	40%	C1		55	2040505	4040505	4140505	5	23		5	5000	5000	30								1	0	0	0	0	1				0	0	25000	0	0	0	0	0	0	100	4000001	900041	0	600													0	1			1						2000	2000		11	S04605010big	10	EIB0003									bigboss_AI6	0					
	8600009	8000	聖光洗禮Lv1	[狩獵王]	強化	Rank 01	C2		25	2040601	4040601	4140601	1	24		6	5000	5000	30								1	0	0	0	0	1				0	0			0	0	0	0	0	100	4000001	900042	0	600													0	1			1						2000	2000		11	S01605003big	10	EIB0002									bigboss_AI7	0					
	8600010	8000	聖光洗禮Lv2	[狩獵王]	強化	Rank 02	C2		35	2040602	4040602	4140602	2	24		6	5000	5000	30								1	0	0	0	0	1				0	0			0	0	0	0	0	100	4000001	900043	0	600													0	1			1						2000	2000		11	S01605003big	10	EIB0002									bigboss_AI7	0					
	8600011	8000	聖光洗禮Lv3	[狩獵王]	強化	Rank 03	C2		45	2040603	4040603	4140603	3	24		6	5000	5000	30								1	0	0	0	0	1				0	0			0	0	0	0	0	100	4000001	900044	0	600													0	1			1						2000	2000		11	S01605003big	10	EIB0002									bigboss_AI7	0					
	8600012	8000	聖光洗禮Lv4	[狩獵王]	強化	Rank 04	C2		55	2040604	4040604	4140604	4	24		6	5000	5000	30								1	0	0	0	0	1				0	0			0	0	0	0	0	100	4000001	900045	0	600													0	1			1						2000	2000		11	S01605003big	10	EIB0002									bigboss_AI7	0					
	8600013	8000	激發鬥志Lv1	[狩獵王]	強化	Rank 01	B2		25	2070601	4070601	4170601	1	801		7	5000	5000	30								1	0	0	0	0	1				0	0			0	0	0	0	0	100	4000001	900046	0	600													0	1			1						2000	2000		11	S01605003big	10	EIB0001									bigboss_AI8	0					
	8600014	8000	激發鬥志Lv2	[狩獵王]	強化	Rank 02	B2		35	2070602	4070602	4170602	2	801		7	5000	5000	30								1	0	0	0	0	1				0	0			0	0	0	0	0	100	4000001	900047	0	600													0	1			1						2000	2000		11	S01605003big	10	EIB0001									bigboss_AI8	0					
	8600015	8000	激發鬥志Lv3	[狩獵王]	強化	Rank 03	B2		45	2070603	4070603	4170603	3	801		7	5000	5000	30								1	0	0	0	0	1				0	0			0	0	0	0	0	100	4000001	900048	0	600													0	1			1						2000	2000		11	S01605003big	10	EIB0001									bigboss_AI8	0					
	8600016	8000	激發鬥志Lv4	[狩獵王]	強化	Rank 04	B2		55	2070604	4070604	4170604	4	801		7	5000	5000	30								1	0	0	0	0	1				0	0			0	0	0	0	0	100	4000001	900049	0	600													0	1			1						2000	2000		11	S01605003big	10	EIB0001									bigboss_AI8	0					
	8600017	8000	補血機制	[狩獵王]	回復	Rank 05	C1						5	24		99	100	100									1	1	0	0	0	1								0	0	0	0	0				1	50	50	50	50	50	30							0	0	1			1						2000	2000		6010	S04605010big	10	EIB0003									bigboss_AI4	0					
	8600018	8000	震退玩家	[狩獵王]	回復	Rank 05	C1						6	25		98	100	100									1	1	0	1	0			1	1	1				10	0	0	0	0				1	600	600	600	600	600	600							0	0	1	200		1				1	250	100	100		6020	S02605005big	4013	EIB0003									bigboss_AI5	0					
	8600019	8000	狂暴2	[狩獵王]	自身											100	10000	10000	10								1	0	0	0	0	1				0	0			0	0	0	0	0			900022	0	600													0	1			1						2000	2000		11	S02605005big		EIB0001									bigboss_AI3_1	0					
	8600020	8000	隱藏	[狩獵王]	純表演												5000	5000									1	0	0	0	0	1				0	0			0	0	0	0	0	100	4000001		1	100	100	100	100	100	100		EF0154				2000	0	0	1	2000	1.5	1						2000		2000	11													0					
	8600021	8000	現身	[狩獵王]	純表演												5000	5000									1	0	0	0	0	1				0	0			0	0	0	0	0	100	4000001		1	100	100	100	100	100	100		EF0154				2000	0	0	1	2000	1.5	1						2000		2000	11													0					
# 9000000~9999999為備用技能																																																																																													
	9290001	8000	殺很大	共用	道具效果													100									1	1	1	1	0				1	9999999	0				1	1	1	1	100	1		1	1000	1000	1000	1000	1000									0	1			1							100						22010									0					
	9290002	8000	跑很大	共用	道具效果													100	999999999								1	1	1	0	0	1				0	0										9290002	1	50	50	50	50	50									0	1			1												Empty										0					
	9290003	8000	血很多	共用	道具效果													100	999999999								1	1	1	0	0	1				0	0	66666666	66666666								9290003	1	50	50	50	50	50									0	1			1												Empty										0					
	9290004	8000	來回衝刺(瘋狂飛車)	坦克兔	來回衝刺													5000									1	1	0	1	0				1	1	0			2	1	1	1	1		4000001		1	100		100	100	150			Empty				800	800	90	1	100	1	1	1	800	800	1	200	1333	0	0	6020		4013	EF0201	9516020					SkillCamShock3				0					
	9290005	8000	來回衝刺(衝撞小飛)	坦克兔	來回衝刺													5000									1	1	0	1	0				1	1	0			2	1	1	1	1		4000001		1	100		100	100	150			Empty				800	800	90	1	100	1	1	1	800	800	1	200	1333	0	0	12		4013	EF0201	9516020					SkillCamShock3				0					
